idx,kind,gamma_focal_prime,Delta,feasible,inner_status,gravity_value
1,F,0.9609650007465946,0.0010029938006052336,true,0,NaN
2,F,0.9863167932461783,0.25566177891715525,true,0,NaN
3,F,0.9994039058890268,4.476736580906442,false,0,NaN
4,F,0.9928603495676026,0.5516117921707543,true,0,NaN
5,F,0.9984176720246364,1.9156368419990917,false,0,NaN
6,F,0.9935760229137438,0.6033156353463991,true,0,NaN
7,F,0.9999678801145687,NaN,false,-300,NaN
8,F,0.9967719515141563,1.0370201560912258,false,0,NaN
9,F,0.9966251480373152,0.9422578856086388,true,0,NaN
10,F,0.9999891557545789,NaN,false,-300,NaN
11,F,0.998307151895947,1.9749777534050412,false,0,NaN
12,F,0.9974661499666311,1.2409857116879957,false,0,NaN
13,F,0.9970456490019731,1.0783515179905703,false,0,NaN
14,F,0.9972019048034418,1.1755754898492217,false,0,NaN
15,F,0.9971719184675164,1.216870944227743,false,0,NaN
16,F,0.9969194299961109,1.0527802309213037,false,0,NaN
17,F,0.9967747829714677,0.980515854513962,true,0,NaN
18,F,0.9999901133001029,NaN,false,-300,NaN
19,F,0.9983824481357854,1.8690008007009336,false,0,NaN
20,F,0.9975786155536265,1.2911371049196907,false,0,NaN
21,F,0.9971766992625472,1.127517236939594,false,0,NaN
22,F,0.9996217341072027,6.699480041168879,false,0,NaN
23,F,0.9994237973981573,7.182135662393916,false,0,NaN
24,F,0.9981982585393352,1.747374700101493,false,0,NaN
25,F,0.9981717171502204,1.7625579929484512,false,0,NaN
26,F,0.9974865207554015,1.2628853036810428,false,0,NaN
27,F,0.9974767478080959,1.277704410485962,false,0,NaN
28,F,0.9971306518634346,1.1153791512518056,false,0,NaN
29,F,0.9971259841782504,1.1392690608937517,false,0,NaN
30,F,0.9969527174174512,1.0278592141826572,false,0,NaN
31,F,0.9969510788427686,1.061973015522708,false,0,NaN
32,F,0.9968637501944594,1.020135885988977,false,0,NaN
33,F,0.9968623789249523,1.0290769404531206,false,0,NaN
34,F,0.9968192665829636,0.9965256171346754,true,0,NaN
35,F,0.9909498778535001,0.4212348207899488,true,0,NaN
36,F,0.9938845722182319,0.6000613330744079,true,0,NaN
37,F,0.9953519194005978,0.768438832185262,true,0,NaN
38,F,0.9960855929917807,0.8783187082912686,true,0,NaN
39,F,0.9971263563016619,1.1154345600906108,false,0,NaN
40,F,0.9971224902043904,1.134849231581795,false,0,NaN
41,F,0.9969728114423128,1.0278738383807364,false,0,NaN
42,F,0.996971792174006,1.0570963285516408,false,0,NaN
43,F,0.9968960390126381,1.0204443844717435,false,0,NaN
44,F,0.9968952613311621,1.0430093970687833,false,0,NaN
45,F,0.9968576527978009,1.0163642569241254,false,0,NaN
46,F,0.9968570077895132,1.0037929123851004,false,0,NaN
47,F,0.9968384596903822,1.006804039823617,false,0,NaN
48,F,0.9968381255112172,1.00946755962564,false,0,NaN
49,F,0.996828863136673,0.9965254591360764,true,0,NaN
50,F,0.9999904575001928,NaN,false,-300,NaN
51,F,0.9984096603184328,1.911870959246646,false,0,NaN
52,F,0.9976192617275529,1.3153723719438382,false,0,NaN
53,F,0.9972240624321129,1.141570043704875,false,0,NaN
54,F,0.9968958464729747,1.0201850595019608,false,0,NaN
55,F,0.9968950817095432,1.0432894254894967,false,0,NaN
56,F,0.9968623548046999,1.0201420653410649,false,0,NaN
57,F,0.9968615914309519,1.0032817976751467,false,0,NaN
58,F,0.9968456089705624,1.006806970267903,false,0,NaN
59,F,0.9968452766349652,1.0094644004249917,false,0,NaN
60,F,0.9968372360534937,1.0012755825754447,false,0,NaN
61,F,0.9968370825122046,1.0111238202280708,false,0,NaN
62,F,0.9968330495949593,0.9992430223252438,true,0,NaN
63,F,0.9971108341076476,1.0644387547692409,false,0,NaN
64,F,0.9970324755823415,1.0498155525099064,false,0,NaN
65,F,0.9969719418513034,1.0327224465920744,false,0,NaN
66,F,0.9969024957231314,1.024893510564613,false,0,NaN
67,F,0.9968677726590454,1.015644649369512,false,0,NaN
68,F,0.9968623071580784,1.0198485514495759,false,0,NaN
69,F,0.9968615933081018,1.0053552156049217,false,0,NaN
70,F,0.9968476783765189,1.0158965558872128,false,0,NaN
71,F,0.9968471014379465,1.0065055039461075,false,0,NaN
72,F,0.996840363985739,1.0067340665245392,false,0,NaN
73,F,0.9968401044689027,1.0120046002614442,false,0,NaN
74,F,0.9968367067903492,1.0011895780112756,false,0,NaN
75,F,0.9968366393546274,1.0047227379053123,false,0,NaN
76,F,0.9968348781926543,1.001206614335237,false,0,NaN
77,F,0.9968348101667326,1.0047220931284473,false,0,NaN
78,F,0.9968339638938069,1.000345132995108,false,0,NaN
79,F,0.9968339257127112,1.0056347937330337,false,0,NaN
80,F,0.9968335067443831,0.99924258129754,true,0,NaN
81,F,0.9972533663782628,1.0931400428455058,false,0,NaN
82,F,0.997328882790435,1.1517764938854451,false,0,NaN
83,F,0.9970434365613229,1.0467047702923453,false,0,NaN
84,F,0.996938471652853,1.0181248208185383,false,0,NaN
85,F,0.996885989198618,1.012864871927259,false,0,NaN
86,F,0.996836678977067,1.001071976628669,false,0,NaN
87,F,0.9968365936579436,1.0088205216460726,false,0,NaN
88,F,0.9968351041684057,1.0011434660663294,false,0,NaN
89,F,0.9968350155107425,1.0044299380050257,false,0,NaN
90,F,0.9968343054563944,1.001178162153211,false,0,NaN
91,F,0.9968342151804983,1.0044263303976058,false,0,NaN
92,F,0.9968339061003888,1.0000336931687268,false,0,NaN
93,F,0.9968338692027655,1.0004598009551735,false,0,NaN
94,F,0.9968337064223859,0.9992906615276489,true,0,NaN
95,F,0.9970176086651518,1.0313502029159893,false,0,NaN
96,F,0.9969901933821711,1.0237741090643555,false,0,NaN
97,F,0.9969256575437688,1.0164308824357844,false,0,NaN
98,F,0.9968796819830773,1.0127632834078408,false,0,NaN
99,F,0.9968566942027316,1.008084067099859,false,0,NaN
100,F,0.9968343396939428,0.9994030250653015,true,0,NaN
101,F,0.9971761168486567,1.076443082139617,false,0,NaN
102,F,0.9971178089416469,1.0736846441074892,false,0,NaN
103,F,0.9970052282712997,1.0209494797083871,false,0,NaN
104,F,0.9969197839826213,1.0163163007812426,false,0,NaN
105,F,0.996877061838282,1.0128024604916508,false,0,NaN
106,F,0.9968354999432967,0.9994065400623402,true,0,NaN
107,F,0.9969920281496276,1.0227300742368346,false,0,NaN
108,F,0.9969994907011357,1.0318555435690242,false,0,NaN
109,F,0.9969137640464621,1.0143353492260574,false,0,NaN
110,F,0.9968746319948795,1.0083778914291313,false,0,NaN
111,F,0.996855065969088,1.0082000649785303,false,0,NaN
112,F,0.9968359885789686,0.9994095069717447,true,0,NaN
113,F,0.9975457357217663,1.268301308151398,false,0,NaN
114,F,0.9971621033457947,1.1465313203676233,false,0,NaN
115,F,0.9971908621503675,1.087050612647298,false,0,NaN
116,F,0.997013425364668,1.0305309512217409,false,0,NaN
117,F,0.9969247069718183,1.012296602019853,false,0,NaN
118,F,0.9968803477753935,1.0081444792946999,false,0,NaN
119,F,0.996858168177181,1.0081270880050304,false,0,NaN
120,F,0.9968470783780748,1.0041234979846538,false,0,NaN
121,F,0.9968415334785217,0.9994141852736487,true,0,NaN
122,F,0.999990115872175,NaN,false,-300,NaN
123,F,0.9984158246753484,1.7475032723134196,false,0,NaN
124,F,0.997628679076935,1.2950446345990076,false,0,NaN
125,F,0.9972351062777284,1.1035858734688058,false,0,NaN
126,F,0.9968913485058648,1.0126892321361352,false,0,NaN
127,F,0.9968907136819413,1.0113204830529565,false,0,NaN
128,F,0.9968664404865321,1.0081126707485302,false,0,NaN
129,F,0.996866024472551,1.0140443216155095,false,0,NaN
130,F,0.9968539864759018,1.0081133564902889,false,0,NaN
131,F,0.9968535704321806,1.0140412811258666,false,0,NaN
132,F,0.9968477594686588,1.004117226155453,false,0,NaN
133,F,0.9968475344801003,1.0144123606151985,false,0,NaN
134,F,0.9968446459611817,1.0041173135303934,false,0,NaN
135,F,0.996844420969207,1.014411641515717,false,0,NaN
136,F,0.9968430891997317,0.9994123551391442,true,0,NaN
137,F,0.9968540713250126,1.0155615245620728,false,0,NaN
138,F,0.9968534613732145,1.0063347194437173,false,0,NaN
139,F,0.9968485802429582,1.0116246383304293,false,0,NaN
140,F,0.9968481189773245,1.0110554831431167,false,0,NaN
141,F,0.99684583470192,1.0060587756563646,false,0,NaN
142,F,0.9968455836447416,1.0127640273753156,false,0,NaN
143,F,0.9968444619313789,1.0059775393918537,false,0,NaN
144,F,0.9968442139422872,1.0128847159153185,false,0,NaN
145,F,0.9968437755460641,1.0013718039478001,false,0,NaN
146,F,0.9968437015038681,1.0135864827631733,false,0,NaN
147,F,0.9968434323533185,0.9996039244189211,true,0,NaN
148,F,0.9968458455437289,1.0000406072398038,false,0,NaN
149,F,0.9968481882918734,1.006303364214047,false,0,NaN
150,F,0.9968469814812888,1.0060118116427914,false,0,NaN
151,F,0.9968463578151615,1.0060729712491048,false,0,NaN
152,F,0.9968459916179462,1.006117628777564,false,0,NaN
153,F,0.9968459185815778,1.0064247038156933,false,0,NaN
154,F,0.9968458820627458,1.0019048894039164,false,0,NaN
155,F,0.9968458638032489,1.0001344343194674,false,0,NaN
156,F,0.9968458501086098,1.00003038831905,false,0,NaN
157,F,0.9999901429899949,NaN,false,-300,NaN
158,F,0.9984179965493024,1.8026420563459244,false,0,NaN
159,F,0.9976319233289561,1.3060775008073056,false,0,NaN
160,F,0.9999390987240497,NaN,false,-300,NaN
161,F,0.9987916558417937,3.2761093818732347,false,0,NaN
162,F,0.9987665047851193,2.8339160112045754,false,0,NaN
163,F,0.9982179330594763,1.814541155402912,false,0,NaN
164,F,0.9982082720943357,1.9125249933137078,false,0,NaN
165,F,0.9979310689858836,1.5957560311941106,false,0,NaN
166,F,0.9979244424478123,1.6699927545075162,false,0,NaN
167,F,0.9977876315837803,1.639879765866484,false,0,NaN
168,F,0.9977811098571924,1.5887552744785494,false,0,NaN
169,F,0.9977159021486012,1.54423084231725,false,0,NaN
170,F,0.9977105158598686,1.4844925091081622,false,0,NaN
171,F,0.9976800159345997,1.4321187962261344,false,0,NaN
172,F,0.9976757889169448,1.3994856378567577,false,0,NaN
173,F,0.9976529481382828,1.4159709939873322,false,0,NaN
174,F,0.9976489660743844,1.3842988739369475,false,0,NaN
175,F,0.9976361808664838,1.3428312180858228,false,0,NaN
176,F,0.9976324490206361,1.3279873071532156,false,0,NaN
177,F,0.997632003480697,1.3052326390010867,false,0,NaN
178,F,0.9969811665636908,1.0733537919591523,false,0,NaN
179,F,0.9966429407531947,0.9806669790991335,true,0,NaN
180,F,0.9978591328803516,1.4263392408173012,false,0,NaN
181,F,0.9962324739600327,0.912026466165192,true,0,NaN
182,F,0.9972510368167732,1.1465002528287611,false,0,NaN
183,F,0.9969469887849839,1.0776511980466603,false,0,NaN
184,F,0.9967949647690894,1.01813346103479,false,0,NaN
185,F,0.9975688746661089,1.252201537580254,false,0,NaN
186,F,0.9975589324905296,1.3562472453714203,false,0,NaN
187,F,0.9971086197028741,1.1318088046505856,false,0,NaN
188,F,0.9971030736801535,1.1137721279502493,false,0,NaN
189,F,0.9968757800814622,1.037444142807812,false,0,NaN
190,F,0.9968736965104701,1.061157089791402,false,0,NaN
191,F,0.9967593602707406,1.0181604541586733,false,0,NaN
192,F,0.9967579842587093,1.031066243457068,false,0,NaN
193,F,0.9967011503653489,0.9977744946927336,true,0,NaN
194,F,0.9999835057518267,NaN,false,-300,NaN
195,F,0.9983423280585878,1.840200757465134,false,0,NaN
196,F,0.9975217392119684,1.252267861646787,false,0,NaN
197,F,0.9971114447886587,1.1233948429119485,false,0,NaN
198,F,0.9965756159634014,0.9545394673252098,true,0,NaN
199,F,0.9955786090721205,0.7515340369555421,true,0,NaN
200,F,0.9999415506547723,NaN,false,-300,NaN
201,F,0.9977600798634464,1.4319218569531187,false,0,NaN
202,F,0.9966693444677834,0.9849500718166809,true,0,NaN
203,F,0.9999760401388312,NaN,false,-300,NaN
204,F,0.9983226923033073,1.8298852165814927,false,0,NaN
205,F,0.9974960183855454,1.2321748658081826,false,0,NaN
206,F,0.9970826814266645,1.1103303035295184,false,0,NaN
207,F,0.9989832070205658,2.753170410446798,false,0,NaN
208,F,0.998920332270986,2.391851082343879,false,0,NaN
209,F,0.9982720084907574,1.8007486801007844,false,0,NaN
210,F,0.9982429345922917,1.868553792639722,false,0,NaN
211,F,0.9975913407790149,1.2805103424994388,false,0,NaN
212,F,0.9975807549646069,1.3418019784470359,false,0,NaN
213,F,0.9971303426233992,1.1282470932104403,false,0,NaN
214,F,0.997125210284095,1.1364217912446353,false,0,NaN
215,F,0.9968998435455914,1.0488943165713798,false,0,NaN
216,F,0.9968975533131151,1.0529134619794687,false,0,NaN
217,F,0.9967845940066874,1.0111266920949755,false,0,NaN
218,F,0.9967836564630453,1.0199362030361017,false,0,NaN
219,F,0.9967269692372354,0.9883610832537254,true,0,NaN
220,F,0.9999894899329759,NaN,false,-300,NaN
221,F,0.9983582295851056,1.8230992960136756,false,0,NaN
222,F,0.9975425994111705,1.2609301045290024,false,0,NaN
223,F,0.9971347843242029,1.121246302629308,false,0,NaN
224,F,0.9971234001853014,1.1262050905273868,false,0,NaN
225,F,0.9971185910142611,1.1260619575566755,false,0,NaN
226,F,0.9969251847112683,1.0549773541625838,false,0,NaN
227,F,0.9969228605681144,1.081869881564673,false,0,NaN
228,F,0.9968260769742519,1.0305287423760436,false,0,NaN
229,F,0.9968246058117566,1.0234115678586053,false,0,NaN
230,F,0.9967765231057436,1.002824016910334,false,0,NaN
231,F,0.996776018514205,1.015018530190214,false,0,NaN
232,F,0.9967517461714895,0.9883610477109125,true,0,NaN
233,F,0.9999899428800783,NaN,false,-300,NaN
234,F,0.998370844525784,1.8318057545579642,false,0,NaN
235,F,0.9975612953486367,1.2735888172847871,false,0,NaN
236,F,0.9971565207600631,1.127845519068195,false,0,NaN
237,F,0.996923883565366,1.050003048570654,false,0,NaN
238,F,0.9969217639901339,1.0682068235724338,false,0,NaN
239,F,0.9968378148668353,1.0305259233805426,false,0,NaN
240,F,0.9968363650158176,1.031038931352249,false,0,NaN
241,F,0.9967947805175699,1.0108734921632596,false,0,NaN
242,F,0.9967940064193559,1.0233045114108674,false,0,NaN
243,F,0.9967732633429371,0.9996527003327305,true,0,NaN
244,F,0.9999900032818579,NaN,false,-300,NaN
245,F,0.9983816333123976,1.8438226558944886,false,0,NaN
246,F,0.9975774483276674,1.2746320025645799,false,0,NaN
247,F,0.9971753558353023,1.1411055338372322,false,0,NaN
248,F,0.9969228680394709,1.0540979119687561,false,0,NaN
249,F,0.996920985177341,1.0582781033858255,false,0,NaN
250,F,0.9968480656912041,1.0301035802530212,false,0,NaN
251,F,0.9968470126177214,1.0357907915328306,false,0,NaN
252,F,0.9968106645170706,1.0303256547327477,false,0,NaN
253,F,0.9968096037636538,1.0255650127150244,false,0,NaN
254,F,0.9967919639300039,1.010773750969768,false,0,NaN
255,F,0.9967915793341052,1.018476101903274,false,0,NaN
256,F,0.9967826136364705,1.010825524188037,false,0,NaN
257,F,0.9967822272501144,1.0184719087873966,false,0,NaN
258,F,0.9967779384897039,1.0027988624451907,false,0,NaN
259,F,0.9967778296869401,1.0075734366886384,false,0,NaN
260,F,0.9967756009163204,1.0028117197848785,false,0,NaN
261,F,0.9967754916689153,1.007572929582279,false,0,NaN
262,F,0.996773847736283,0.9999781531614447,true,0,NaN
263,F,0.9483812475899353,NaN,false,-300,NaN
264,F,0.9725775476631091,NaN,false,-300,NaN
265,F,0.9846756976996961,NaN,false,-300,NaN
266,F,0.9907247727179895,0.5260048882580455,true,0,NaN
267,F,0.9967779526183522,1.000718865262155,false,0,NaN
268,F,0.9977473382847291,1.5680948879542735,false,0,NaN
269,F,0.9955111762768698,NaN,false,-300,NaN
270,F,0.9972626454515406,1.1924789240808917,false,0,NaN
271,F,0.9970202990349464,1.1063009245566993,false,0,NaN
272,F,0.9968991258266493,1.0536352164827494,false,0,NaN
273,F,0.9967800523872304,0.9999791549834199,true,0,NaN
274,F,0.9968368987187369,1.0275707599740322,false,0,NaN
275,F,0.9968348391682307,1.026131621740928,false,0,NaN
276,F,0.9968084755139516,1.0275676317628948,false,0,NaN
277,F,0.9968064161969399,1.0261290960513603,false,0,NaN
278,F,0.9967942639115543,1.007992088623011,false,0,NaN
279,F,0.9967936657430212,1.020992089168209,false,0,NaN
280,F,0.9967871581103465,1.0079911010921667,false,0,NaN
281,F,0.9967865600155242,1.0209924425629209,false,0,NaN
282,F,0.9967836052097241,1.007990831791041,false,0,NaN
283,F,0.9967830071350029,1.020991729653682,false,0,NaN
284,F,0.996781828759376,1.007984310172238,false,0,NaN
285,F,0.9967809405341282,1.0000164649016372,false,0,NaN
286,F,0.9971687031098265,1.1382999228612531,false,0,NaN
287,F,0.9967627258505726,1.1552968271490363,false,0,NaN
288,F,0.9963376202813368,0.9404169233675638,true,0,NaN
289,F,0.9999816881014066,NaN,false,-300,NaN
290,F,0.9981596983746417,1.6457007619625736,false,0,NaN
291,F,0.9981596005657938,1.7007830191030502,false,0,NaN
292,F,0.997248688556852,1.2047248487148097,false,0,NaN
293,F,0.9972486519019141,1.205336046198647,false,0,NaN
294,F,0.9967931834809024,1.0650658759263396,false,0,NaN
295,F,0.9967931661941662,1.0603930121214296,false,0,NaN
296,F,0.9965654306088171,0.9733095075243797,true,0,NaN
297,F,0.9970455439279755,1.1284090990640834,false,0,NaN
298,F,0.9968054872683962,1.067750086445913,false,0,NaN
299,F,0.9966854589386067,1.0199525016983795,false,0,NaN
300,F,0.9966254447737118,1.0013522456025437,false,0,NaN
301,F,0.9965921606986079,1.0042948716841957,false,0,NaN
302,F,0.9965897951214873,1.0207089656224664,false,0,NaN
303,F,0.9965772720096734,1.0024937306118535,false,0,NaN
304,F,0.9965696169095182,1.0014377215103942,false,0,NaN
305,F,0.9965652175178921,1.000832115210852,false,0,NaN
306,F,0.9965636821939469,1.0021719400855258,false,0,NaN
307,F,0.9965645565203609,0.9954423837364516,true,0,NaN
308,F,0.9997232968074505,13.571553897509347,false,0,NaN
309,F,0.9981439266639057,1.776248442383452,false,0,NaN
310,F,0.9973542415921334,1.2177795688445552,false,0,NaN
311,F,0.9969593990562471,1.139215247258868,false,0,NaN
312,F,0.9966072678133141,1.0152877021595728,false,0,NaN
313,F,0.9966065156428706,1.0071482783550851,false,0,NaN
314,F,0.9965867791859969,1.0121390033341973,false,0,NaN
315,F,0.9965861459362222,1.0075910886763162,false,0,NaN
316,F,0.9965761831773818,0.9955369490801269,true,0,NaN
317,F,0.9965878244259375,0.9976380165581697,true,0,NaN
318,F,0.9866702370363978,NaN,false,-300,NaN
319,F,0.9916290307311677,NaN,false,-300,NaN
320,F,0.9941084275785526,NaN,false,-300,NaN
321,F,0.9953481260022451,1.0418959447276548,false,0,NaN
322,F,0.9965882491663101,0.9957077289300587,true,0,NaN
323,F,0.9747992037400538,0.18372350123667247,true,0,NaN
324,F,0.9965878249738508,0.9955983777268852,true,0,NaN
325,F,0.9969274292129119,NaN,false,-300,NaN
326,F,0.9967576270933813,NaN,false,-300,NaN
327,F,0.996672726033616,NaN,false,-300,NaN
328,F,0.9966302755037334,NaN,false,-300,NaN
329,F,0.9966404120435876,0.9854915110354168,true,0,NaN
330,F,0.9997869307084437,NaN,false,-300,NaN
331,F,0.9966426465172165,0.9978236985705984,true,0,NaN
332,F,0.9966415292804021,0.9929876327368784,true,0,NaN
333,F,0.9966409706619948,0.9942241577977878,true,0,NaN
334,F,0.9977593639241767,1.4065467477509,false,0,NaN
335,F,0.9977437667653498,1.4708607544966483,false,0,NaN
336,F,0.9971998879838821,1.2262163308981477,false,0,NaN
337,F,0.9971909713097231,1.1825028374903828,false,0,NaN
338,F,0.9969201500137348,1.1017631514576447,false,0,NaN
339,F,0.9969158431432704,1.085186866246502,false,0,NaN
340,F,0.9967802810286612,1.0550984660412184,false,0,NaN
341,F,0.9967777028581919,1.079521066019417,false,0,NaN
342,F,0.9967103465361243,1.0341612614436768,false,0,NaN
343,F,0.996708544032225,1.0428276214501644,false,0,NaN
344,F,0.996675379289856,1.0103372873756276,false,0,NaN
345,F,0.9966744591210581,1.028804607963075,false,0,NaN
346,F,0.9966578956667218,1.002997352821998,false,0,NaN
347,F,0.9966572473786666,1.0150082493737338,false,0,NaN
348,F,0.9966447829493711,0.988906883344514,true,0,NaN
349,F,0.9966446564630257,0.9994720330058582,true,0,NaN
350,F,0.9966409584068106,0.9854914196854803,true,0,NaN
351,F,0.9976446736521335,NaN,false,-300,NaN
352,F,0.9966409609928801,0.9854748165339977,true,0,NaN
353,F,0.9989670255789249,NaN,false,-300,NaN
354,F,0.9978039932859025,2.4727521387911082,false,0,NaN
355,F,0.9972224771393914,1.1826365356298023,false,0,NaN
356,F,0.9969317190661358,1.1264493027848663,false,0,NaN
357,F,0.9966486088365232,0.9955988670996063,true,0,NaN
358,F,0.9966482340332306,0.999864972700693,true,0,NaN
359,F,0.9966447849146823,0.9906586963701826,true,0,NaN
360,F,0.9966445930024052,0.9976374395133583,true,0,NaN
361,F,0.996642872953762,0.9854745026853613,true,0,NaN
362,F,0.9999888858052289,NaN,false,-300,NaN
363,F,0.996645976857791,0.9955392647386481,true,0,NaN
364,F,0.9966444249057764,0.9955449791907383,true,0,NaN
365,F,0.9966436489297692,0.9855031342121688,true,0,NaN
366,F,0.9999888883741959,NaN,false,-300,NaN
367,F,0.9983162686519825,1.754135742005409,false,0,NaN
368,F,0.9974799587908758,1.2624176366654747,false,0,NaN
369,F,0.9970618038603225,1.1050841869707722,false,0,NaN
370,F,0.9966457950902338,0.9948700560096246,true,0,NaN
371,F,0.9966455941018231,0.9880693008287252,true,0,NaN
372,F,0.9966450624904035,0.9948839725210148,true,0,NaN
373,F,0.9966448615105656,0.9880850993295778,true,0,NaN
374,F,0.9966446783110536,0.9950360815299635,true,0,NaN
375,F,0.9966444742515369,0.9882898882215239,true,0,NaN
376,F,0.9966444120513722,0.9950473385503843,true,0,NaN
377,F,0.9966440302587639,0.9884577965772816,true,0,NaN
378,F,0.9966438388577443,0.9855654220962479,true,0,NaN
379,F,0.996643836619155,0.985391852949216,true,0,NaN
380,F,0.999541757987168,6.7275781567846655,false,0,NaN
381,F,0.9951844473729136,NaN,false,-300,NaN
382,F,0.9966439454215796,0.9853853362335323,true,0,NaN
383,F,0.999945957180312,31.854136287973176,false,-100,NaN
384,F,0.9982949513009458,1.7777280108878415,false,0,NaN
385,F,0.9974694483612627,1.2791507735863266,false,0,NaN
386,F,0.9970566968914212,1.0803618607351115,false,0,NaN
387,F,0.9966451400660622,0.9936293207533374,true,0,NaN
388,F,0.9966445714858215,0.999072039795466,true,0,NaN
389,F,0.9966450046153386,0.9936373570499334,true,0,NaN
390,F,0.9966446894707526,0.9887114692307744,true,0,NaN
391,F,0.9966443174461529,0.985544020980521,true,0,NaN
392,F,0.9966443065132806,0.9944202199918792,true,0,NaN
393,F,0.9966441314338531,0.9854039819762047,true,0,NaN
394,F,0.9996496403272672,6.056163687911456,false,0,NaN
395,F,0.9961902816480379,NaN,false,-300,NaN
396,F,0.9966441582947788,0.9854023516735863,true,0,NaN
397,F,0.9999013417255053,20.39187571499783,false,0,NaN
398,F,0.9954574604261098,NaN,false,-300,NaN
399,F,0.998272750010142,1.7193516648833294,false,0,NaN
400,F,0.9974584541524605,1.2856955965666121,false,0,NaN
401,F,0.9970513062236196,1.0904897486970901,false,0,NaN
402,F,0.9966444336134821,0.9868815746768681,true,0,NaN
403,F,0.99664439414972,0.9856987414352184,true,0,NaN
404,F,0.9966444015045736,0.986883455932596,true,0,NaN
405,F,0.9966443620401878,0.9857006039622839,true,0,NaN
406,F,0.996644325566127,0.9858288783346314,true,0,NaN
407,F,0.9966443138593757,0.9853871823068882,true,0,NaN
408,F,0.9996071553218482,7.316911058050135,false,0,NaN
409,F,0.9952718565495959,NaN,false,-300,NaN
410,F,0.9966444291008221,0.9853797175788704,true,0,NaN
411,F,0.9999254553801131,18.316284423084653,false,0,NaN
412,F,0.9953952016046735,NaN,false,-300,NaN
413,F,0.9982849422404676,1.7346544487524391,false,0,NaN
414,F,0.9974646856706448,1.3139944376870356,false,0,NaN
415,F,0.9970545573857335,1.0965281602391646,false,0,NaN
416,F,0.9966478461041726,0.9954967542351024,true,0,NaN
417,F,0.9966474720930173,0.9997720322440464,true,0,NaN
418,F,0.9966461375366998,0.9854294169692696,true,0,NaN
419,F,0.9999888966130447,NaN,false,-300,NaN
420,F,0.9966469880014615,0.9852272107684447,true,0,NaN
421,F,0.9995661167448248,5.2947348783619494,false,0,NaN
422,F,0.9959982502817322,NaN,false,-300,NaN
423,F,0.9981065523731432,1.6505134890349298,false,0,NaN
424,F,0.9973767701873023,1.2795616381269146,false,0,NaN
425,F,0.9970118790943818,1.0901573814943242,false,0,NaN
426,F,0.9966606297675928,0.9887896126702509,true,0,NaN
427,F,0.9966605867723326,0.9899654200238066,true,0,NaN
428,F,0.9966589750404754,0.9887698985417259,true,0,NaN
429,F,0.9966589332791731,0.9899092520823148,true,0,NaN
430,F,0.9966529815209684,0.9869681932815018,true,0,NaN
431,F,0.9966529609980102,0.9875251535144866,true,0,NaN
432,F,0.9966499847612149,0.9860700823390476,true,0,NaN
433,F,0.9966499748251283,0.9863390199966795,true,0,NaN
434,F,0.9966484863813382,0.9856217216482424,true,0,NaN
435,F,0.996648481730502,0.9857474268074843,true,0,NaN
436,F,0.9966477371913999,0.9853984895235646,true,0,NaN
437,F,0.9966477351720177,0.9854522554418692,true,0,NaN
438,F,0.9966473625964306,0.9852922585012656,true,0,NaN
439,F,0.9999889006687602,NaN,false,-300,NaN
440,F,0.9966474154005449,0.9852906204888953,true,0,NaN
441,F,0.999988900843575,NaN,false,-300,NaN
442,F,0.9983181581220599,1.7916334766445907,false,0,NaN
443,F,0.9974827867613024,1.314892174134161,false,0,NaN
444,F,0.9970651010809236,1.1039640955264813,false,0,NaN
445,F,0.9966475204191848,0.9852222555227684,true,0,NaN
446,F,0.9999889011912525,NaN,false,-300,NaN
447,F,0.9966479320774199,0.9851991628876537,true,0,NaN
448,F,0.9998030252225845,9.373213563646326,false,0,NaN
449,F,0.993715538876661,NaN,false,-300,NaN
450,F,0.9982254786500022,1.6970337407941463,false,0,NaN
451,F,0.997436705363711,1.315287874469155,false,0,NaN
452,F,0.9970423187205655,1.0909863926097427,false,0,NaN
453,F,0.9966502127684688,0.9952482938552967,true,0,NaN
454,F,0.9966496062954139,1.0027845932572095,false,0,NaN
455,F,0.9966498075713294,0.9951952029389299,true,0,NaN
456,F,0.9966492057077323,1.0029056992150553,false,0,NaN
457,F,0.9966495899138033,0.9952081626248135,true,0,NaN
458,F,0.9966489880342301,1.0029182956122757,false,0,NaN
459,F,0.9966492355864086,0.9951560078555145,true,0,NaN
460,F,0.9966485838315847,0.986912796924702,true,0,NaN
461,F,0.9966484808689902,1.0004677994089528,false,0,NaN
462,F,0.9966482579541728,0.9852873122337145,true,0,NaN
463,F,0.9966482526541088,0.9877968717791941,true,0,NaN
464,F,0.9966480950154667,0.9852104310750244,true,0,NaN
465,F,0.9999889030935263,NaN,false,-300,NaN
466,F,0.996648124136835,0.9852089866908629,true,0,NaN
467,F,0.9997636386022307,7.958815071132979,false,0,NaN
468,F,0.9958962697315751,NaN,false,-300,NaN
469,F,0.9982058813695328,1.6747800727408817,false,0,NaN
470,F,0.997427002753184,1.3004662786722552,false,0,NaN
471,F,0.9970375634450095,1.094038669155101,false,0,NaN
472,F,0.996648294320575,0.9857022711482528,true,0,NaN
473,F,0.9966482593766293,0.985082453724683,true,0,NaN
474,F,0.9999889036376648,NaN,false,-300,NaN
475,F,0.9966487540428562,0.9850602752630108,true,0,NaN
476,F,0.99998890527532,NaN,false,-300,NaN
477,F,0.9983188296590881,2.0672432524170126,false,0,NaN
478,F,0.9974837918509722,1.3304082645625512,false,0,NaN
479,F,0.9970662729469142,1.1205148271172343,false,0,NaN
480,F,0.9966587317862492,1.0025800275566061,false,0,NaN
481,F,0.996658083601123,1.0146727463638217,false,0,NaN
482,F,0.9966537429139702,1.0025783336502911,false,0,NaN
483,F,0.9966530948237026,1.0146707763351808,false,0,NaN
484,F,0.9966512484778308,0.9937593613052904,true,0,NaN
485,F,0.9966509266496303,1.0009143476804592,false,0,NaN
486,F,0.996650001259761,0.98812894277114,true,0,NaN
487,F,0.9966498877293378,0.9994004533907663,true,0,NaN
488,F,0.996649377650726,0.9850746404030949,true,0,NaN
489,F,0.9940326397269472,0.5899183322805714,true,0,NaN
490,F,0.9966493304677875,0.9850552728859558,true,0,NaN
491,F,0.9943159846648211,0.7612758727182902,true,0,NaN
492,F,0.9954826575663043,0.7747862796624979,true,0,NaN
493,F,0.9960659940170459,0.8756892749370915,true,0,NaN
494,F,0.9963576622424166,0.9516791272577908,true,0,NaN
495,F,0.9966580000013553,1.002184903878708,false,0,NaN
496,F,0.996656369138205,1.015316784149277,false,0,NaN
497,F,0.9966536645277964,1.0023626981382079,false,0,NaN
498,F,0.9966514967833305,0.9994771730868925,true,0,NaN
499,F,0.9966504128957244,0.988072337474312,true,0,NaN
500,F,0.9966501245051517,0.9989022230327291,true,0,NaN
501,F,0.9966498709211712,0.9851011353831326,true,0,NaN
502,F,0.9999889089728873,NaN,false,-300,NaN
503,F,0.9966508142977764,0.9951819884504427,true,0,NaN
504,F,0.9966503426094737,0.9896806328326789,true,0,NaN
505,F,0.9966501067653225,0.9852364311550363,true,0,NaN
506,F,0.9966508110498092,0.9951146721534767,true,0,NaN
507,F,0.9966507926491136,0.9865421719942694,true,0,NaN
508,F,0.9966503385569012,0.9948548988841284,true,0,NaN
509,F,0.9966503206327583,0.9864981615608139,true,0,NaN
510,F,0.9966501010894933,0.9881434877124878,true,0,NaN
511,F,0.9966500954220997,0.9854295205433826,true,0,NaN
512,F,0.9966499797973699,0.9855638415979605,true,0,NaN
513,F,0.9966499788412072,0.9850749460681986,true,0,NaN
514,F,0.9966501778200136,0.9854562096395834,true,0,NaN
515,F,0.9966501733913216,0.9855859710809307,true,0,NaN
516,F,0.9966500775873153,0.9852488824083627,true,0,NaN
517,F,0.996650075365917,0.9853134741700529,true,0,NaN
518,F,0.996650027196779,0.9851471185014569,true,0,NaN
519,F,0.9966500014253474,0.9850988132550732,true,0,NaN
520,F,0.9966499870830997,0.9850749405151483,true,0,NaN
521,F,0.9999889093574561,NaN,false,-300,NaN
522,F,0.9966499873567994,0.9850748586558924,true,0,NaN
523,F,0.9999889093583623,NaN,false,-300,NaN
524,F,0.9983194483575808,NaN,false,-300,NaN
525,F,0.9974847178571902,1.4449842855895456,false,0,NaN
526,F,0.9970673526069948,1.163154204258429,false,0,NaN
527,F,0.996649984666949,0.985071146929372,true,0,NaN
528,F,0.9936488626607483,NaN,false,-300,NaN
529,F,0.9966499844944962,0.985070983220973,true,0,NaN
530,F,0.994282626798867,NaN,false,-300,NaN
531,F,0.9954663056466816,NaN,false,-300,NaN
532,F,0.9960581450705889,NaN,false,-300,NaN
533,F,0.9963540647825425,1.0727162099307583,false,0,NaN
534,F,0.9966499862168892,0.9850536390048288,true,0,NaN
535,F,0.9999889093545884,NaN,false,-300,NaN
536,F,0.9966501068995361,0.9850536295442371,true,0,NaN
537,F,0.9979710644428311,1.5676740404532186,false,0,NaN
538,F,0.9955220005385295,0.8536030305093583,true,0,NaN
539,F,0.9973105856711837,1.192160061279211,false,0,NaN
540,F,0.9969803462853599,1.0828722313896386,false,0,NaN
541,F,0.996815226592448,1.0253893854983889,false,0,NaN
542,F,0.99665021903681,0.9850387714447103,true,0,NaN
543,F,0.9966521598826615,1.0017174328311025,false,0,NaN
544,F,0.9966511894518905,1.0021003434075502,false,0,NaN
545,F,0.9966507042364956,0.9967680455956781,true,0,NaN
546,F,0.9966504616287793,0.9884219809730312,true,0,NaN
547,F,0.9966503403248835,0.9851231582553518,true,0,NaN
548,F,0.9966503369429465,0.9850165354622474,true,0,NaN
549,F,0.9942737342795399,0.6181878050232089,true,0,NaN
550,F,0.9966503328122858,0.9850153436662746,true,0,NaN
551,F,0.9943256807149408,0.6173652962162551,true,0,NaN
552,F,0.9954880067636133,0.7541856650713847,true,0,NaN
553,F,0.9960691697879495,0.8571398954463756,true,0,NaN
554,F,0.9963597513001177,0.9222686680696264,true,0,NaN
555,F,0.9966505167582823,0.9850483847395338,true,0,NaN
556,F,0.9967802168765547,0.9923640801207598,true,0,NaN
557,F,0.9977688170917967,1.314760527850252,false,0,NaN
558,F,0.9964150820490448,0.9031226444235833,true,0,NaN
559,F,0.9967424704629739,0.9749089451253967,true,0,NaN
560,F,0.9967404057443394,0.9740635997186943,true,0,NaN
561,F,0.9968152059082572,NaN,false,-300,NaN
562,F,0.9967427913024208,0.976645753325635,true,0,NaN
563,F,0.9981442374234891,NaN,false,-300,NaN
564,F,0.997443514362955,2.150850484327604,false,0,NaN
565,F,0.997093152832688,1.141772242167077,false,0,NaN
566,F,0.9969179720675544,1.0455809099197386,false,0,NaN
567,F,0.996830759326694,0.9725029398757569,true,0,NaN
568,F,0.9999902653688941,NaN,false,-300,NaN
569,F,0.9984180151726537,1.7381704577462864,false,0,NaN
570,F,0.99839187202191,2.012802029211846,false,0,NaN
571,F,0.9976284940156156,1.256490417956539,false,0,NaN
572,F,0.997618796784553,1.397031683643231,false,0,NaN
573,F,0.9972327961887694,1.1280425676061006,false,0,NaN
574,F,0.9972274850630277,1.2064411214937252,false,0,NaN
575,F,0.997033042737517,1.022212987069487,false,0,NaN
576,F,0.9970313450144966,1.0833140125781349,false,0,NaN
577,F,0.9969320629355621,1.0080566250657994,false,0,NaN
578,F,0.9969308488397566,1.0476601774964065,false,0,NaN
579,F,0.9968815381436564,0.9862802333757001,true,0,NaN
580,F,0.9969816037744869,1.0120035166986268,false,0,NaN
581,F,0.9969807781392911,1.0426544063437309,false,0,NaN
582,F,0.9969315744749464,1.0067562546603914,false,0,NaN
583,F,0.9969309174221073,1.0442179167228571,false,0,NaN
584,F,0.9969065598216077,0.9907065677719729,true,0,NaN
585,F,0.9969064177077523,0.998955227302963,true,0,NaN
586,F,0.9968940524878015,0.9862811887108769,true,0,NaN
587,F,0.9969812417152116,1.011891232023669,false,0,NaN
588,F,0.9969804257172719,1.0427260824616305,false,0,NaN
589,F,0.9969376422193937,1.006732998141532,false,0,NaN
590,F,0.9969369907637489,1.0442031853313618,false,0,NaN
591,F,0.9969158424637699,1.0035397354042839,false,0,NaN
592,F,0.9969152928283581,1.0424691752431325,false,0,NaN
593,F,0.996904942570528,0.9907298839974882,true,0,NaN
594,F,0.9969048007770882,0.9989173339666603,true,0,NaN
595,F,0.9968994925930466,0.986277275347337,true,0,NaN
596,F,0.9969556790583284,1.0001572051255345,false,0,NaN
597,F,0.9969557475120867,1.0001699884567847,false,0,NaN
598,F,0.9969555579567072,0.9999992756211317,true,0,NaN
599,F,0.9969567454222098,0.9999992440995327,true,0,NaN
600,F,0.9969597207663323,1.0046033322392636,false,0,NaN
601,F,0.996958233094271,1.0000013521466984,false,0,NaN
602,F,0.9969632591577579,1.004526247368838,false,0,NaN
603,F,0.9969883511313715,1.0424252609080045,false,0,NaN
604,F,0.9968878100615647,1.0298225490655284,false,0,NaN
605,F,0.9969057034751293,1.0544918707674027,false,0,NaN
606,F,0.9969575032292214,1.0913128782082027,false,0,NaN
607,F,0.9972671566467184,1.212703310844606,false,0,NaN
608,F,0.9983777157075272,1.987583975645898,false,0,NaN
609,F,0.9982868391963532,1.8569145265621319,false,0,NaN
610,F,0.9987762331125428,2.2538082320324224,false,0,NaN
611,F,0.9989063096573252,3.068652155490126,false,0,NaN
612,F,0.998531536154448,2.076253896595109,false,0,NaN
613,F,0.9984091876754005,1.942733280050725,false,0,NaN
614,F,0.9998869697085714,26.32671379449455,false,-100,NaN
615,F,0.999148078691986,3.4406079997739685,false,0,NaN
616,F,0.9987786331836933,2.351983468843436,false,0,NaN
617,F,0.9985939104295469,2.155654808162767,false,0,NaN
618,F,0.999992045938377,NaN,false,-300,NaN
619,F,0.9991989619835578,3.9786486274928934,false,0,NaN
620,F,0.9991926220584972,3.974242312269728,false,0,NaN
621,F,0.9988017741023745,2.5526365782946865,false,0,NaN
622,F,0.9987984693726002,2.4314597603709993,false,0,NaN
623,F,0.9986018696370756,2.0905494591365734,false,0,NaN
624,F,0.9984991341614126,1.8649960865994235,false,0,NaN
625,F,0.9988066411647296,2.94801223934437,false,0,NaN
626,F,0.998652887663071,2.186806559936924,false,0,NaN
627,F,0.9985760109122418,2.1296083794052096,false,0,NaN
628,F,0.9985375725368272,2.0329403932519536,false,0,NaN
629,F,0.9985884277106465,2.2352054870271187,false,0,NaN
630,F,0.9985329639821356,2.235674342848827,false,0,NaN
631,F,0.9985120187436576,2.044016346119611,false,0,NaN
632,F,0.9985054356402189,1.9939106549111236,false,0,NaN
633,F,0.9985022602899771,1.9960627933230628,false,0,NaN
634,F,0.9985007021908799,1.9333261388750071,false,0,NaN
635,F,0.9984999299591445,1.93425826953913,false,0,NaN
636,F,0.9977043281329337,1.3550793671254309,false,0,NaN
637,F,0.9964478486630868,0.9414590047074707,true,0,NaN
638,F,0.9976256072498902,1.3350896873481601,false,0,NaN
639,F,0.9960637058495071,0.8765087178987236,true,0,NaN
640,F,0.995411747405302,0.7623046979353199,true,0,NaN
641,F,0.9971604615762009,1.122272624044664,false,0,NaN
642,F,0.9993766767245218,5.095824660890828,false,0,NaN
643,F,0.9962861044907515,0.951881886723402,true,0,NaN
644,F,0.9964258771944897,0.9731167709529268,true,0,NaN
645,F,0.9967216571938616,1.0279766326572277,false,0,NaN
646,F,0.9965737671941757,1.0091787578018707,false,0,NaN
647,F,0.9964998221943326,0.976876944836232,true,0,NaN
648,F,0.9970348552450266,1.110484013067024,false,0,NaN
649,F,0.9967673387196796,1.0395775224713226,false,0,NaN
650,F,0.9966335804570061,1.018943780678712,false,0,NaN
651,F,0.9965667013256694,1.011834586420275,false,0,NaN
652,F,0.9965280179639252,1.006995362538645,false,0,NaN
653,F,0.996526618561969,0.9880519548235012,true,0,NaN
654,F,0.9968777527314547,1.0606671032739787,false,0,NaN
655,F,0.9967548137357888,1.0291482324375125,false,0,NaN
656,F,0.9967021856467119,1.0168992733626314,false,0,NaN
657,F,0.9966144021043404,0.9972360722111282,true,0,NaN
658,F,0.9965705103331547,0.9938868404249134,true,0,NaN
659,F,0.9980340367284709,1.5146515429176026,false,0,NaN
660,F,0.9980196482877917,1.482551043124693,false,0,NaN
661,F,0.9973057338265154,1.1773767904333103,false,0,NaN
662,F,0.997300553009985,1.1751467512962603,false,0,NaN
663,F,0.9969176126898354,1.0715367668889066,false,0,NaN
664,F,0.9969153253604938,1.0655852920498505,false,0,NaN
665,F,0.9967221156259022,1.015030443976372,false,0,NaN
666,F,0.9967213764658294,1.0211334996074677,false,0,NaN
667,F,0.9966243670939355,0.9964158280229803,true,0,NaN
668,F,0.9971757740956088,1.133313806074116,false,0,NaN
669,F,0.9970288980869938,1.0801887697270218,false,0,NaN
670,F,0.9969000705947721,1.0568168100848778,false,0,NaN
671,F,0.9967622188443538,1.0330733117018451,false,0,NaN
672,F,0.9966932929691447,1.0092937173882168,false,0,NaN
673,F,0.9972874849972205,1.1655535621040758,false,0,NaN
674,F,0.9972807787288966,1.1593763287967163,false,0,NaN
675,F,0.9969563508303335,1.0754131036075822,false,0,NaN
676,F,0.9969532179446332,1.066028534160555,false,0,NaN
677,F,0.9967903589621345,1.0371790318949143,false,0,NaN
678,F,0.9967887423689259,1.029781254483773,false,0,NaN
679,F,0.9967073630280351,1.0090353600721809,false,0,NaN
680,F,0.9967068625608067,1.0190732192963816,false,0,NaN
681,F,0.9966658650609853,1.0090518618016227,false,0,NaN
682,F,0.9966653639392596,0.9962595895447396,true,0,NaN
683,F,0.9968562066401926,1.0450469070133968,false,0,NaN
684,F,0.9968432026261415,1.0399855716994828,false,0,NaN
685,F,0.9967607852897261,1.0296443494757872,false,0,NaN
686,F,0.9967130746144929,1.020023629153157,false,0,NaN
687,F,0.9966892192768763,1.0098507024622025,false,0,NaN
688,F,0.9969539733673006,1.0697482595960124,false,0,NaN
689,F,0.9969511143755453,1.065760722810825,false,0,NaN
690,F,0.9968099366610509,1.0375581991371723,false,0,NaN
691,F,0.9968083295525039,1.0240488239776777,false,0,NaN
692,F,0.9967376503001553,1.023679719533753,false,0,NaN
693,F,0.9967365832635781,1.0241053258020887,false,0,NaN
694,F,0.9967015071197075,1.019052717211489,false,0,NaN
695,F,0.9967006201398821,1.0133943507814513,false,0,NaN
696,F,0.9966834355294836,1.0082552496190633,false,0,NaN
697,F,0.9966829687261264,1.0111462436511967,false,0,NaN
698,F,0.9966743997343716,1.0047237171677608,false,0,NaN
699,F,0.9966740703583101,1.0102418978705057,false,0,NaN
700,F,0.9966698818368156,0.9962700941318907,true,0,NaN
701,F,0.996797321767711,1.0339391935114357,false,0,NaN
702,F,0.9967427165881756,1.0118632972859545,false,0,NaN
703,F,0.9967336018022632,1.0235589017233502,false,0,NaN
704,F,0.9967017418195394,1.0084401777390843,false,0,NaN
705,F,0.9966858118281775,1.0015684796088296,false,0,NaN
706,F,0.996701168129399,1.0174993529737524,false,0,NaN
707,F,0.9966988315258228,1.0096422425423377,false,0,NaN
708,F,0.996685524404134,1.013458164743716,false,0,NaN
709,F,0.9966836323747923,1.0078565475570276,false,0,NaN
710,F,0.9966777025403262,1.0010098909111511,false,0,NaN
711,F,0.9966771799558577,1.0070267622406255,false,0,NaN
712,F,0.9966737916060714,0.9994765513791872,true,0,NaN
713,F,0.9967234251019743,1.0144061360714511,false,0,NaN
714,F,0.9967265213727493,1.008145832166312,false,0,NaN
715,F,0.9966986083540229,1.0056146051974282,false,0,NaN
716,F,0.9966861999800471,1.0076485742244055,false,0,NaN
717,F,0.9966799957930592,1.004062990418763,false,0,NaN
718,F,0.9967011203090006,1.0172748318500018,false,0,NaN
719,F,0.9966989982108665,1.0133034039776112,false,0,NaN
720,F,0.9966874559575359,1.013286455918805,false,0,NaN
721,F,0.9966858093955132,1.0101531871952452,false,0,NaN
722,F,0.9966806237818037,1.0090034754788964,false,0,NaN
723,F,0.9966794878817413,1.0107671895075925,false,0,NaN
724,F,0.9966772076939375,1.0005746625490683,false,0,NaN
725,F,0.9966770767655785,1.0078481568835356,false,0,NaN
726,F,0.9966754996500045,0.999446310229576,true,0,NaN
727,F,0.9968630493006801,1.0360409520727634,false,0,NaN
728,F,0.9967692744753424,1.0193404854020702,false,0,NaN
729,F,0.9967223870626734,1.0139628106350695,false,0,NaN
730,F,0.9966989433563389,1.0069209824617031,false,0,NaN
731,F,0.9966847011413221,1.001349861528977,false,0,NaN
732,F,0.9966844980045737,1.0049925800523831,false,0,NaN
733,F,0.9966812276833332,1.0013302542806888,false,0,NaN
734,F,0.9966810265340426,1.0049816071929976,false,0,NaN
735,F,0.9966784918358021,0.9965081560646315,true,0,NaN
736,F,0.9966925426481387,0.9999392781708305,true,0,NaN
737,F,0.9967739612172225,1.0312030393285556,false,0,NaN
738,F,0.9967084332236003,1.0127736984891431,false,0,NaN
739,F,0.9967332519326806,1.0223528701067275,false,0,NaN
740,F,0.9967128972904097,1.0176478978991048,false,0,NaN
741,F,0.9967027199692742,1.011343346178648,false,0,NaN
742,F,0.9967738984982247,1.0311869781087923,false,0,NaN
743,F,0.9967727147591209,1.022986261354285,false,0,NaN
744,F,0.9967453977483108,1.0312504145982222,false,0,NaN
745,F,0.9967442110414642,1.016681354756802,false,0,NaN
746,F,0.9967311375249739,1.027619648219226,false,0,NaN
747,F,0.9967300882096175,1.015682722675407,false,0,NaN
748,F,0.9967239875966074,1.0229302886836709,false,0,NaN
749,F,0.9967231159531889,1.01226243557563,false,0,NaN
750,F,0.9967203720074777,1.0229317854167548,false,0,NaN
751,F,0.9967195002359683,1.0122569217925108,false,0,NaN
752,F,0.9967184738190414,1.0229315695248125,false,0,NaN
753,F,0.9967176020182662,1.0122615078175419,false,0,NaN
754,F,0.9967171313033469,1.0229290983246981,false,0,NaN
755,F,0.9967162595697872,1.0122899421192675,false,0,NaN
756,F,0.9966988252381225,1.0131698987724633,false,0,NaN
757,F,0.9966983235541618,1.0137362091357487,false,0,NaN
758,F,0.9966933279718866,0.9999401086484099,true,0,NaN
759,F,0.9969222643301932,1.0763799499609703,false,0,NaN
760,F,0.9968077961510399,1.0363766638727543,false,0,NaN
761,F,0.9967505620614633,1.0312657193703951,false,0,NaN
762,F,0.9967219450166749,1.0166629971881191,false,0,NaN
763,F,0.9966941127563748,1.0029246871649558,false,0,NaN
764,F,0.9966939896851481,1.014506366863337,false,0,NaN
765,F,0.996693720346902,1.0000440591999569,false,0,NaN
766,F,0.9967525758012895,1.0227142952919712,false,0,NaN
767,F,0.9966902086912245,1.001000883862083,false,0,NaN
768,F,0.9967350382113699,1.01375674231911,false,0,NaN
769,F,0.9968165330455785,1.0250045862235526,false,0,NaN
770,F,0.9967618972864623,1.0253370288995425,false,0,NaN
771,F,0.9967892151660204,1.0243171615381201,false,0,NaN
772,F,0.9967977704479302,1.0256190447706346,false,0,NaN
773,F,0.9967185787216684,1.0102512251475269,false,0,NaN
774,F,0.9966896868051709,1.008820861062965,false,0,NaN
775,F,0.9988359872577608,2.5427199624624373,false,0,NaN
776,F,0.9977628370314658,1.3761980186934983,false,0,NaN
777,F,0.9972262619183183,1.154941603611617,false,0,NaN
778,F,0.9969579743617446,1.0731765358281888,false,0,NaN
779,F,0.9967055830405332,1.0078451488014437,false,0,NaN
780,F,0.9966766412287354,1.0000711425896724,false,0,NaN
781,F,0.9967065161138381,1.0000490909024968,false,0,NaN
782,F,0.9967293748370888,1.0066879404981832,false,0,NaN
783,F,0.9967242778518698,1.0041829157811213,false,0,NaN
784,F,0.9967179454754634,1.0067753067099747,false,0,NaN
785,F,0.9967122307946508,1.0068252946670349,false,0,NaN
786,F,0.9967093734542444,1.0000426830926719,false,0,NaN
787,F,0.996767559975527,1.0110551580704248,false,0,NaN
788,F,0.9967670812811344,1.0087088503783326,false,0,NaN
789,F,0.9967361505218035,0.9998571352515137,true,0,NaN
790,F,0.996751010377117,1.005511709891199,false,0,NaN
791,F,0.9967420922523498,1.004038224136829,false,0,NaN
792,F,0.9967435804494603,1.0054418329459782,false,0,NaN
793,F,0.9967398654856319,1.0054068122158601,false,0,NaN
794,F,0.9967380080037177,0.9998748683705505,true,0,NaN
795,F,0.9967646646467648,1.0094744855607307,false,0,NaN
796,F,0.9967445615918693,1.0000487621905858,false,0,NaN
797,F,0.9968468343516472,1.0173356783608773,false,0,NaN
798,F,0.9969932603859805,1.0664791562040792,false,0,NaN
799,F,0.9969500652672861,1.0319283266412773,false,0,NaN
800,F,0.9999847503263364,NaN,false,-300,NaN
801,F,0.9984674077968113,2.1828944209213637,false,0,NaN
802,F,0.9977087365320487,1.450017144861699,false,0,NaN
803,F,0.9973294008996674,1.265621687772559,false,0,NaN
804,F,0.9971753718423184,1.1150053373990074,false,0,NaN
805,F,0.9971669916102764,1.1668633041206657,false,0,NaN
806,F,0.9970609159844416,1.0825735828880902,false,0,NaN
807,F,0.9970032304574675,1.0520119084837343,false,0,NaN
808,F,0.9969734027980776,1.052025821413827,false,0,NaN
809,F,0.9969557405514345,1.036823075687421,false,0,NaN
810,F,0.9969528925233765,1.035278338767472,false,0,NaN
811,F,0.9969514763086065,1.0380611301907645,false,0,NaN
812,F,0.9969504175969338,1.0299652161406843,false,0,NaN
813,F,0.9999847520879847,NaN,false,-300,NaN
814,F,0.9984675848424592,1.990870544020124,false,0,NaN
815,F,0.9977090012196965,1.4776616518082921,false,0,NaN
816,F,0.9973297094083152,1.326810664050047,false,0,NaN
817,F,0.9969491662274406,1.0322463078528321,false,0,NaN
818,F,0.9969497919631762,1.0355446847167942,false,0,NaN
819,F,0.9969501048331386,1.0345062349370184,false,0,NaN
820,F,0.9969502612686425,1.0366144793103982,false,0,NaN
821,F,0.9969503394865238,1.028923067012304,false,0,NaN
822,F,0.9999847516974326,NaN,false,-300,NaN
823,F,0.9984675455919783,1.978653545979529,false,0,NaN
824,F,0.997708942539251,1.5258565528706178,false,0,NaN
825,F,0.9973296410128873,1.3264014644417133,false,0,NaN
826,F,0.996949781548215,1.0400228307212136,false,0,NaN
827,F,0.9969500605701265,1.0442558912466402,false,0,NaN
828,F,0.9969502000810831,1.0410600447339442,false,0,NaN
829,F,0.9969502698365634,1.0393292703359447,false,0,NaN
830,F,0.99683694311759,1.0143381832161331,false,0,NaN
831,F,0.9967856404008848,1.0003004634030517,false,0,NaN
832,F,0.9978975552794902,1.5096741302323224,false,0,NaN
833,F,0.9960105810710037,0.9308875967557046,true,0,NaN
834,F,0.9964981067360017,1.084986414134504,false,0,NaN
835,F,0.9961875194108158,0.9993058131490038,true,0,NaN
836,F,0.9972578617823543,1.4320236517262845,false,0,NaN
837,F,0.9977895763523535,1.6185155107937175,false,0,NaN
838,F,0.996722690596585,1.159251741867482,false,0,NaN
839,F,0.9964551050037005,1.047610564749131,false,0,NaN
840,F,0.9963213122072582,1.0278476917190278,false,0,NaN
841,F,0.9972517016520258,1.4317397631331785,false,0,NaN
842,F,0.9972249289855258,1.348582549185355,false,0,NaN
843,F,0.9968908859158203,1.2376145933570486,false,0,NaN
844,F,0.9968761375955189,1.260141314764478,false,0,NaN
845,F,0.9965392026633181,1.0878649248177146,false,0,NaN
846,F,0.9965337219666303,1.1232963350367946,false,0,NaN
847,F,0.9963633610370669,1.0313305871135479,false,0,NaN
848,F,0.9963613791058026,1.0512498200097633,false,0,NaN
849,F,0.9962754402239414,1.0148081926114612,false,0,NaN
850,F,0.9962744808213689,1.0117421827605715,false,0,NaN
851,F,0.9962314798173786,1.0081585720085782,false,0,NaN
852,F,0.996230931942799,1.005781598829422,false,0,NaN
853,F,0.9962094996140972,1.0060060204446277,false,0,NaN
854,F,0.9962090849554215,1.0013946140167902,false,0,NaN
855,F,0.9961930144616362,0.9993058253594427,true,0,NaN
856,F,0.9999856427305982,NaN,false,-300,NaN
857,F,0.9980893285961172,1.8985960104576842,false,0,NaN
858,F,0.9971411715288767,1.3026900283116072,false,0,NaN
859,F,0.9966670929952565,1.1341634399051395,false,0,NaN
860,F,0.996231360714362,1.0081579506369502,false,0,NaN
861,F,0.99623081424516,1.0057787204289284,false,0,NaN
862,F,0.9962121875876225,1.0081634765461907,false,0,NaN
863,F,0.9962116407898092,1.005812604511495,false,0,NaN
864,F,0.9962026010242527,1.0059460441049268,false,0,NaN
865,F,0.9962021911152338,1.0014521553653117,false,0,NaN
866,F,0.9961978077425678,0.9993057714826689,true,0,NaN
867,F,0.9962313426428521,1.0081579150717423,false,0,NaN
868,F,0.9962307973941437,1.0057766034584665,false,0,NaN
869,F,0.9962145751924338,1.008162746738257,false,0,NaN
870,F,0.9962140296544482,1.0058109453760702,false,0,NaN
871,F,0.9962061914672248,1.0059451989503296,false,0,NaN
872,F,0.9962057825191796,1.0014514894591127,false,0,NaN
873,F,0.9962019996046202,1.005939602131458,false,0,NaN
874,F,0.9962015910033809,1.001456964604106,false,0,NaN
875,F,0.9961999036733179,0.9993057474333258,true,0,NaN
876,F,0.9999857402372763,NaN,false,-300,NaN
877,F,0.9980928219552971,1.9034645841444782,false,0,NaN
878,F,0.9971463628143075,1.3036792851074095,false,0,NaN
879,F,0.9966731332438127,1.1345315211353242,false,0,NaN
880,F,0.9962145815048274,1.0081628386256547,false,0,NaN
881,F,0.9962140364946023,1.005810057179426,false,0,NaN
882,F,0.9962072425890173,1.005944992128472,false,0,NaN
883,F,0.9962068340512233,1.0014510965983934,false,0,NaN
884,F,0.9962035731311122,1.0059458241790504,false,0,NaN
885,F,0.9962031645421185,1.0014500874919807,false,0,NaN
886,F,0.9962017384021596,1.0057847916378193,false,0,NaN
887,F,0.9962013397221033,1.0016115074668326,false,0,NaN
888,F,0.9962008210376834,0.999308570282917,true,0,NaN
889,F,0.9952112436930433,0.8771893924945757,true,0,NaN
890,F,0.9957060323653633,1.003061300202441,false,0,NaN
891,F,0.9959534267015233,0.9954471867938376,true,0,NaN
892,F,0.9960771238696033,0.9690959844794508,true,0,NaN
893,F,0.9962072250167977,1.005712638922228,false,0,NaN
894,F,0.9962066832487044,1.0003979511374372,false,0,NaN
895,F,0.9962129901251368,1.0058835561796642,false,0,NaN
896,F,0.9988813991479994,3.6788684915782928,false,0,NaN
897,F,0.9954169170628283,3.503851115142688,false,0,NaN
898,F,0.997547194636568,1.6044178066849906,false,0,NaN
899,F,0.9999877359731828,NaN,false,-300,NaN
900,F,0.9987674653048755,2.6870455724827407,false,0,NaN
901,F,0.9981573299707217,2.031797421445914,false,0,NaN
902,F,0.9978522623036449,1.8526353050555011,false,0,NaN
903,F,0.9999877359731828,NaN,false,-300,NaN
904,F,0.9987472627486385,2.5763754493252096,false,0,NaN
905,F,0.9981135197073024,1.8465748473246406,false,0,NaN
906,F,0.9999355901378575,22.593845530187366,false,0,NaN
907,F,0.9990245549225799,3.574846061714483,false,0,NaN
908,F,0.9985690373149412,2.3281392144679454,false,0,NaN
909,F,0.9983412785111219,2.012876763357388,false,0,NaN
910,F,0.9984057517692829,2.3289561628388924,false,0,NaN
911,F,0.998235852650586,2.185228566366824,false,0,NaN
912,F,0.9981504641482997,2.0603705808256176,false,0,NaN
913,F,0.9981315348195928,1.869204581438128,false,0,NaN
914,F,0.9981247667377485,1.8838280550460067,false,0,NaN
915,F,0.9981206206380892,1.859139385371204,false,0,NaN
916,F,0.9981175222658876,1.848758193871936,false,0,NaN
917,F,0.9957770065437278,1.0729607151478786,false,0,NaN
918,F,0.9944668893585683,0.8729040056073047,true,0,NaN
919,F,0.9919582870444343,0.7129199001120587,true,0,NaN
920,F,0.9951506626469784,0.964722124695919,true,0,NaN
921,F,0.9969166761730581,1.4088571672969514,false,0,NaN
922,F,0.9948951846597456,0.9536365489587587,true,0,NaN
923,F,0.9999744759232987,NaN,false,-300,NaN
924,F,0.9974348302915221,1.7832175240203365,false,0,NaN
925,F,0.9961650074756339,1.2434663594358537,false,0,NaN
926,F,0.9955300960676897,1.0966696103990006,false,0,NaN
927,F,0.9999744759232987,NaN,false,-300,NaN
928,F,0.9974348302915221,1.7945075304203133,false,0,NaN
929,F,0.9971819780433167,2.2397444213529756,false,0,NaN
930,F,0.9961650074756339,1.2247853784175964,false,0,NaN
931,F,0.9960834728707386,1.3678773209075854,false,0,NaN
932,F,0.9955300960676897,1.0893844603689797,false,0,NaN
933,F,0.9954892765936046,1.1502914313362957,false,0,NaN
934,F,0.9952126403637177,1.0266100042822253,false,0,NaN
935,F,0.9951906971722919,1.0499638244199299,false,0,NaN
936,F,0.9950539125117316,0.9663036566032932,true,0,NaN
937,F,0.9960628343946366,1.1888061179388107,false,0,NaN
938,F,0.9951470482373296,1.1197943027371244,false,0,NaN
939,F,0.9955583734531841,1.105909829554054,false,0,NaN
940,F,0.9953061429824578,1.0583213959081883,false,0,NaN
941,F,0.9951800277470947,1.0166462765790407,false,0,NaN
942,F,0.9953484915343005,1.0570993315623192,false,0,NaN
943,F,0.9953203017939977,1.0916904519954667,false,0,NaN
944,F,0.9951985743512992,1.036843988489362,false,0,NaN
945,F,0.9951226851427224,1.0127567876279282,false,0,NaN
946,F,0.9950826475458387,1.002657292605456,false,0,NaN
947,F,0.995062510822765,0.9949033065602824,true,0,NaN
948,F,0.9972845830234213,1.7517215000013253,false,0,NaN
949,F,0.9961735469230931,1.2602049377957343,false,0,NaN
950,F,0.995618028872929,1.1013592022249616,false,0,NaN
951,F,0.9953402698478471,1.0608193465524682,false,0,NaN
952,F,0.9951970921192985,1.0390169098611644,false,0,NaN
953,F,0.9951864294216751,1.0445300144275347,false,0,NaN
954,F,0.9951298014710318,1.015731095644846,false,0,NaN
955,F,0.9951247671870465,1.033787728818272,false,0,NaN
956,F,0.9950961561468984,1.0055964630726006,false,0,NaN
957,F,0.9950935715044497,1.0273046502178187,false,0,NaN
958,F,0.9950793334848317,1.0056102598873886,false,0,NaN
959,F,0.9950767455064805,1.027335070781167,false,0,NaN
960,F,0.9950709221537983,1.0022294615150575,false,0,NaN
961,F,0.9950691513482334,1.0080445299287029,false,0,NaN
962,F,0.9950667164882816,1.0001719552297674,false,0,NaN
963,F,0.9950654430026263,1.0002104946689476,false,0,NaN
964,F,0.9950646136555233,0.9949033131678229,true,0,NaN
965,F,0.9999767314273934,NaN,false,-300,NaN
966,F,0.9975206725414584,1.8329639701424423,false,0,NaN
967,F,0.9962926430984909,1.3042987843022715,false,0,NaN
968,F,0.9956786283770072,1.1122878511857108,false,0,NaN
969,F,0.9950793273451782,1.0056101410660863,false,0,NaN
970,F,0.9950767407940616,1.0273322781985628,false,0,NaN
971,F,0.9950719704996197,1.0022287038736217,false,0,NaN
972,F,0.9950702008356554,1.0080423725164307,false,0,NaN
973,F,0.9950682920768403,1.0022311747625277,false,0,NaN
974,F,0.9950664528654507,0.9977350035997858,true,0,NaN
975,F,0.9950655332597559,0.9949034090518896,true,0,NaN
976,F,0.9954521628986698,1.0775249951469783,false,0,NaN
977,F,0.9948649160349793,0.9831706247954609,true,0,NaN
978,F,0.9952588480792128,1.0554817936890726,false,0,NaN
979,F,0.9951621906694843,1.0264399939850004,false,0,NaN
980,F,0.9951138619646201,1.0191339876759065,false,0,NaN
981,F,0.9950719673758138,1.0022203800158902,false,0,NaN
982,F,0.9950701645096144,1.0079655147675868,false,0,NaN
983,F,0.9950687503049824,1.0022266465117031,false,0,NaN
984,F,0.9950671417695642,1.0022228665816022,false,0,NaN
985,F,0.9950663375018501,0.996216938779652,true,0,NaN
986,F,0.9954983666838486,1.0766388494286427,false,0,NaN
987,F,0.9949934074623479,0.99807762390504,true,0,NaN
988,F,0.9952823520928493,1.0526811990480323,false,0,NaN
989,F,0.9951743447973498,1.0214728571655642,false,0,NaN
990,F,0.9951203411495999,1.0133095284639981,false,0,NaN
991,F,0.9950720520422619,0.9963383367555892,true,0,NaN
992,F,0.9954488410033836,1.069287500507433,false,0,NaN
993,F,0.9949941021071321,0.9985381063095451,true,0,NaN
994,F,0.996162888210255,1.2541624765739523,false,0,NaN
995,F,0.9957058221076479,1.2293307439675365,false,0,NaN
996,F,0.9955784951586936,1.1140554537945693,false,0,NaN
997,F,0.9952862986329128,1.0349926090753927,false,0,NaN
998,F,0.9951402003700225,1.01596285085104,false,0,NaN
999,F,0.996162888210255,1.2541624765739483,false,0,NaN
1000,F,0.9961628133122913,1.2343521434922315,false,0,NaN
1001,F,0.9955786751218618,1.1141218637226835,false,0,NaN
1002,F,0.9955786412584791,1.1135181190320516,false,0,NaN
1003,F,0.9952865683789143,1.0350518830167847,false,0,NaN
1004,F,0.9952865576863675,1.0360731970056716,false,0,NaN
1005,F,0.9951405146099361,1.0129122729336113,false,0,NaN
1006,F,0.9951405104021338,1.0131978252904679,false,0,NaN
1007,F,0.9950674869304196,1.0098573918850853,false,0,NaN
1008,F,0.9950674836148532,1.0100427361039537,false,0,NaN
1009,F,0.9950309715004547,1.0065429702710207,false,0,NaN
1010,F,0.9950309691549848,1.0066256206845448,false,0,NaN
1011,F,0.9950127106038466,1.0015226054553015,false,0,NaN
1012,F,0.995012709729569,1.001458297121225,false,0,NaN
1013,F,0.9949989925475996,0.9985744598941149,true,0,NaN
1014,F,0.9963521934458879,1.2931412659113377,false,0,NaN
1015,F,0.9958257132143832,1.1859021125393472,false,0,NaN
1016,F,0.9950126611573842,1.0015326641716535,false,0,NaN
1017,F,0.9950058268524918,0.9985804725753821,true,0,NaN
1018,F,0.9976524030702408,1.8663433084610217,false,0,NaN
1019,F,0.9968055405814807,1.6951053203984565,false,0,NaN
1020,F,0.9963291149613663,1.2871837563531066,false,0,NaN
1021,F,0.9956674709069291,1.1286011077127691,false,0,NaN
1022,F,0.9953366488797104,1.0349874236586751,false,0,NaN
1023,F,0.9950413792018278,1.0135950102625557,false,0,NaN
1024,F,0.995041361273473,1.0066267618237101,false,0,NaN
1025,F,0.9950236030051111,1.0076897427118134,false,0,NaN
1026,F,0.9950235921108844,1.0014871755632406,false,0,NaN
1027,F,0.9950147149065106,1.0016407014955688,false,0,NaN
1028,F,0.99501471121767,1.0013572407808669,false,0,NaN
1029,F,0.9950102708567261,1.0015050289167529,false,0,NaN
1030,F,0.9950102673294935,1.0014553499550978,false,0,NaN
1031,F,0.9950080488308655,1.0014886495289197,false,0,NaN
1032,F,0.9950080453231432,1.00150732130479,false,0,NaN
1033,F,0.9950069378159982,1.00148905170645,false,0,NaN
1034,F,0.995006934307797,1.0006145868566383,false,0,NaN
1035,F,0.9950063823046909,1.0001351530570237,false,0,NaN
1036,F,0.9950063804092018,0.9985302083639103,true,0,NaN
1037,F,0.9950101829923212,0.9985916338184403,true,0,NaN
1038,F,0.9950245260754683,1.0030141472276553,false,0,NaN
1039,F,0.9950102078500539,0.9985941657452245,true,0,NaN
1040,F,0.9950235313996684,1.0030132963990637,false,0,NaN
1041,F,0.9950168696248611,0.9993281824963076,true,0,NaN
1042,F,0.9956991565434063,1.0909282426991058,false,0,NaN
1043,F,0.9952897724185461,1.002527351144982,false,0,NaN
1044,F,0.9953580130841337,1.0388308972559728,false,0,NaN
1045,F,0.9951874413544974,1.0135103782673913,false,0,NaN
1046,F,0.9951021554896793,1.008836959175704,false,0,NaN
1047,F,0.9956909715001512,1.0906227502903083,false,0,NaN
1048,F,0.9956411135829646,1.1053196367094482,false,0,NaN
1049,F,0.995353865401734,1.0325504711227464,false,0,NaN
1050,F,0.9953357533528964,1.0593190100780825,false,0,NaN
1051,F,0.9951853123512455,1.0134437135615708,false,0,NaN
1052,F,0.9951776111397287,1.0279832098850554,false,0,NaN
1053,F,0.9951010358234413,1.0081090443702956,false,0,NaN
1054,F,0.9950962193423154,1.019103640082554,false,0,NaN
1055,F,0.9950588975544196,0.999539289574259,true,0,NaN
1056,F,0.9958871403154693,1.1144170996074987,false,0,NaN
1057,F,0.9951837582464094,0.9780821583259056,true,0,NaN
1058,F,0.9999776034184382,NaN,false,-300,NaN
1059,F,0.9975806808324238,1.69011256951348,false,0,NaN
1060,F,0.9963822195394166,1.1298387361323257,false,0,NaN
1061,F,0.995782988892913,1.0380098077361821,false,0,NaN
1062,F,0.9999776034184382,NaN,false,-300,NaN
1063,F,0.9975806859442766,1.6887983668898512,false,0,NaN
1064,F,0.9974422392662372,1.8901752410692862,false,0,NaN
1065,F,0.9963822262262615,1.129543145597755,false,0,NaN
1066,F,0.9963530475170824,1.226742944834582,false,0,NaN
1067,F,0.995782996367219,1.0378772435425145,false,0,NaN
1068,F,0.9957715366641924,1.0660700660746403,false,0,NaN
1069,F,0.9954833814376278,0.9924817567498222,true,0,NaN
1070,F,0.9999803605920236,NaN,false,-300,NaN
1071,F,0.9977318710148257,1.7449709866318597,false,0,NaN
1072,F,0.9966076262262268,1.2038152783343616,false,0,NaN
1073,F,0.9960455038319272,1.0718251742356641,false,0,NaN
1074,F,0.9974847339567758,1.5939351122486443,false,0,NaN
1075,F,0.9973945702076384,1.7197133932060216,false,0,NaN
1076,F,0.9964840618167132,1.1726702308530785,false,0,NaN
1077,F,0.9964570944962378,1.264725217186627,false,0,NaN
1078,F,0.9959837257466367,1.0703717414087273,false,0,NaN
1079,F,0.995972076148093,1.0505547113314089,false,0,NaN
1080,F,0.9957335577115082,1.027677927737425,false,0,NaN
1081,F,0.9957282962865848,1.052308250230935,false,0,NaN
1082,F,0.9956084736937634,1.0011366087136722,false,0,NaN
1083,F,0.9956071869750881,1.0190314051498515,false,0,NaN
1084,F,0.9955459316845299,1.0027117790258901,false,0,NaN
1085,F,0.9955444012786,1.0225596230068505,false,0,NaN
1086,F,0.9955146606791909,1.0021634660860657,false,0,NaN
1087,F,0.9955132091892158,1.01834358301993,false,0,NaN
1088,F,0.9954912074201311,1.0020945101726415,false,0,NaN
1089,F,0.9954897636792557,1.0185048526103537,false,0,NaN
1090,F,0.9954843668339957,0.9924825140597887,true,0,NaN
1091,F,0.9999803692566885,NaN,false,-300,NaN
1092,F,0.997732368045342,1.7594188170345912,false,0,NaN
1093,F,0.9966083674396689,1.220574808838656,false,0,NaN
1094,F,0.9960463671368323,1.0762427916571005,false,0,NaN
1095,F,0.9954915517724443,1.0058348778007942,false,0,NaN
1096,F,0.9954894669459036,1.018140778475176,false,0,NaN
1097,F,0.9954882220793662,1.0058271571262134,false,0,NaN
1098,F,0.9954864699120827,0.9982373937688974,true,0,NaN
1099,F,0.9961057459347002,1.116773513875382,false,0,NaN
1100,F,0.9954840558515929,0.9902000025016233,true,0,NaN
1101,F,0.9957961079233915,1.052854805952259,false,0,NaN
1102,F,0.9956412889177371,1.0237636142922257,false,0,NaN
1103,F,0.9955638794149099,1.0096852281434878,false,0,NaN
1104,F,0.9955016043047634,0.9991210978763313,true,0,NaN
1105,F,0.9955409561730818,1.0006646775928467,false,0,NaN
1106,F,0.9959753097506654,1.0220797643478723,false,0,NaN
1107,F,0.9962373433039085,1.0628708734118193,false,0,NaN
1108,F,0.9960009803974945,1.004822450976313,false,0,NaN
1109,F,0.9959968962705292,1.0047207945751682,false,0,NaN
1110,F,0.9959761378490941,1.0001693556498354,false,0,NaN
1111,F,0.995978971123676,0.9999415047622684,true,0,NaN
1112,F,0.9960309369738174,1.0162855618155584,false,0,NaN
1113,F,0.9959536059266717,1.0002401066618885,false,0,NaN
1114,F,0.9960049540487467,1.013362566806959,false,0,NaN
1115,F,0.9959919625862114,0.9990188046967328,true,0,NaN
1116,F,0.9960842661102194,1.0162511013108133,false,0,NaN
1117,F,0.996182094718755,1.0525827489385566,false,0,NaN
1118,F,0.9960381143482153,1.0148739821781412,false,0,NaN
1119,F,0.9960150384672134,1.0144943751987012,false,0,NaN
1120,F,0.9960035005267124,1.0150448710724627,false,0,NaN
1121,F,0.9960393143867718,1.0148723225437892,false,0,NaN
1122,F,0.9960383828804082,1.0174638543069983,false,0,NaN
1123,F,0.9960156402818137,1.014495696430468,false,0,NaN
1124,F,0.9960147172860693,1.0119407728007483,false,0,NaN
1125,F,0.9960038032293345,1.0150424071332123,false,0,NaN
1126,F,0.9960028399752261,1.011881871889591,false,0,NaN
1127,F,0.9959978847030947,1.0088211534911857,false,0,NaN
1128,F,0.9959972946389325,1.0181585764399443,false,0,NaN
1129,F,0.9959949254399743,0.9989856754869858,true,0,NaN
1130,F,0.9961180329884671,1.0201531756672229,false,0,NaN
1131,F,0.9961130530922162,1.0077744914128348,false,0,NaN
1132,F,0.9960564792142207,1.0143227657575111,false,0,NaN
1133,F,0.9960257023270975,1.014300409652347,false,0,NaN
1134,F,0.9960103138835359,1.014279399515123,false,0,NaN
1135,F,0.9960195897788153,1.0143497226489,false,0,NaN
1136,F,0.996018673709765,1.0118927768109358,false,0,NaN
1137,F,0.9960072593408046,1.0150483806243393,false,0,NaN
1138,F,0.9960062945722695,1.0117329824680215,false,0,NaN
1139,F,0.9960010941217989,1.0149785919996486,false,0,NaN
1140,F,0.9960001303452728,1.0117850297607953,false,0,NaN
1141,F,0.9959980115122954,1.0088450610104265,false,0,NaN
1142,F,0.9959974169830016,1.018057224797804,false,0,NaN
1143,F,0.9959964702075425,1.0054261262588218,false,0,NaN
1144,F,0.9959960815956148,1.0215992138126764,false,0,NaN
1145,F,0.9959956995551634,0.9989936587601026,true,0,NaN
1146,F,0.9960176884921186,1.018758055677806,false,0,NaN
1147,F,0.9959342938286011,1.0006063460002137,false,0,NaN
1148,F,0.9960066940236411,1.0177573528558528,false,0,NaN
1149,F,0.9960011967894022,1.00993255832485,false,0,NaN
1150,F,0.9959984481722828,1.0098431405561776,false,0,NaN
1151,F,0.9959966982021223,1.00016161947174,false,0,NaN
1152,F,0.9960088676512435,1.0089608289801284,false,0,NaN
1153,F,0.9959685431142701,1.000055454380019,false,0,NaN
1154,F,0.9959754827713697,1.0017041759744618,false,0,NaN
1155,F,0.9959696654349895,1.0016469115444306,false,0,NaN
1156,F,0.9959624951439371,1.0000374891302537,false,0,NaN
1157,F,0.9959637023485391,0.9984439166718041,true,0,NaN
1158,F,0.9960137160490466,1.0184423228933381,false,0,NaN
1159,F,0.9959887091987929,1.0010659899926106,false,0,NaN
1160,F,0.9959762057736661,0.9987956562738884,true,0,NaN
1161,F,0.9959900943778415,0.9989436342738615,true,0,NaN
1162,F,0.9959946962497148,0.9997850059620108,true,0,NaN
1163,F,0.9999799734812486,NaN,false,-300,NaN
1164,F,0.9979873362900671,1.8248727022636753,false,0,NaN
1165,F,0.9978852529065991,2.075578438299484,false,0,NaN
1166,F,0.9969910173177516,1.2564214470370316,false,0,NaN
1167,F,0.9969592651580467,1.2210531379660314,false,0,NaN
1168,F,0.9964928578315577,1.1027282289762184,false,0,NaN
1169,F,0.9964801212550595,1.073740698800719,false,0,NaN
1170,F,0.9962437780883883,1.0427115453796063,false,0,NaN
1171,F,0.9962384670330496,1.0225379231682477,false,0,NaN
1172,F,0.9961192382166585,1.0263170518620859,false,0,NaN
1173,F,0.9961159555582934,1.0190344175813688,false,0,NaN
1174,F,0.9960569682805036,1.0087598362166796,false,0,NaN
1175,F,0.996055857876057,1.0235869379299363,false,0,NaN
1176,F,0.9960102658263572,1.0007161566904115,false,0,NaN
1177,F,0.9968590639415974,1.2973083622887032,false,0,NaN
1178,F,0.9952518837408465,1.8817460774002124,false,0,NaN
1179,F,0.9964346648839773,1.1300508663072342,false,0,NaN
1180,F,0.9962224653551672,1.0570821281864955,false,0,NaN
1181,F,0.9961163655907622,1.0261001825792555,false,0,NaN
1182,F,0.996010152925848,1.0095001380998538,false,0,NaN
1183,F,0.9960095662516185,1.0134340520624385,false,0,NaN
1184,F,0.9960101416947288,1.0095006491578056,false,0,NaN
1185,F,0.9960095550158605,1.0131856259566396,false,0,NaN
1186,F,0.9960101360420932,1.009500905053374,false,0,NaN
1187,F,0.9960101331370325,1.009501036232997,false,0,NaN
1188,F,0.9960101314721665,1.0095011113107948,false,0,NaN
1189,F,0.9960101776555278,0.9999919054479317,true,0,NaN
1190,F,0.9960101640628444,1.0000659937363503,false,0,NaN
1191,F,0.9960101983969241,0.9999881293672201,true,0,NaN
1192,F,0.9960125660302122,1.001682184627343,false,0,NaN
1193,F,0.9960113822135681,1.0001200930776095,false,0,NaN
1194,F,0.9960419770584303,1.0192519096864694,false,0,NaN
1195,F,0.9960266796359992,1.001061879827506,false,0,NaN
1196,F,0.9960678267197822,1.0067525855004364,false,0,NaN
1197,F,0.9960296132964319,1.0026604906452268,false,0,NaN
1198,F,0.9960472531778907,1.0050793431157534,false,0,NaN
1199,F,0.996036966406945,1.0066816114334727,false,0,NaN
1200,F,0.9960318230214721,1.0011924971783825,false,0,NaN
1201,F,0.9960480045352675,1.003094148695819,false,0,NaN
1202,F,0.996031808175547,1.0022026550352934,false,0,NaN
1203,F,0.9960399137783698,1.0031809939152994,false,0,NaN
1204,F,0.996035868399921,1.0060877430767992,false,0,NaN
1205,F,0.9960338457106965,1.0061828712724414,false,0,NaN
1206,F,0.9960337526517441,1.0064337760272144,false,0,NaN
1207,F,0.9960337412335174,1.0071994274006544,false,0,NaN
1208,F,0.996032721748085,1.0064834683379296,false,0,NaN
1209,F,0.9960327102323685,1.0072538587262136,false,0,NaN
1210,F,0.9960322062956423,1.0065627612086252,false,0,NaN
1211,F,0.9960321946351017,1.0021487129289732,false,0,NaN
1212,F,0.9960319485681945,1.0065952723957925,false,0,NaN
1213,F,0.9960319368478332,1.0022037711845602,false,0,NaN
1214,F,0.9960318197020179,1.0024094911345873,false,0,NaN
1215,F,0.9960318153668559,1.0017230243457924,false,0,NaN
1216,F,0.9960317552640231,1.0015360354655218,false,0,NaN
1217,F,0.9960317524695891,1.0016255475540055,false,0,NaN
1218,F,0.9960317230352063,1.0014710638968487,false,0,NaN
1219,F,0.9960317203551177,1.001620157363669,false,0,NaN
1220,F,0.9960316987942472,1.0014556852378438,false,0,NaN
1221,F,0.996031696141066,1.0016200566340507,false,0,NaN
1222,F,0.9960317213575739,1.0013880523072056,false,0,NaN
1223,F,0.9960318191030358,1.0011093957335326,false,0,NaN
1224,F,0.996047299851445,1.002891520529917,false,0,NaN
1225,F,0.996031927337288,1.000747759873298,false,0,NaN
1226,F,0.9961753128008318,1.0249990208281812,false,0,NaN
1227,F,0.99610362006906,1.0250831138076717,false,0,NaN
1228,F,0.9960677737031739,1.0169082314356972,false,0,NaN
1229,F,0.996049850520231,1.0006520371627785,false,0,NaN
1230,F,0.9999852057716215,NaN,false,-300,NaN
1231,F,0.9980175281459263,1.8392566720843984,false,0,NaN
1232,F,0.9970336893330786,1.247124367764425,false,0,NaN
1233,F,0.9965417699266548,1.0974857377650094,false,0,NaN
1234,F,0.996298338827698,1.068756711254921,false,0,NaN
1235,F,0.9962889907913608,1.0546795569034741,false,0,NaN
1236,F,0.9961740442707787,1.0239726775274227,false,0,NaN
1237,F,0.9961707849724718,1.0359614323950719,false,0,NaN
1238,F,0.9961118966745582,1.0245636765032222,false,0,NaN
1239,F,0.9961085570258326,1.0122378917420742,false,0,NaN
1240,F,0.9960808222408979,1.0164102269844018,false,0,NaN
1241,F,0.9960785911171746,1.0196284766661745,false,0,NaN
1242,F,0.9960652837527401,1.0164501455814545,false,0,NaN
1243,F,0.9960630472018935,1.0114641342283026,false,0,NaN
1244,F,0.9960575119641837,1.0031807808249438,false,0,NaN
1245,F,0.9960570794865538,1.0056589317663116,false,0,NaN
1246,F,0.9960536209663196,1.0001883346380316,false,0,NaN
1247,F,0.9960804067229986,1.0240645627535054,false,0,NaN
1248,F,0.9960803955582349,1.012376129101873,false,0,NaN
1249,F,0.9960669947782539,1.0200846461253394,false,0,NaN
1250,F,0.9960669854599595,1.0082042289851907,false,0,NaN
1251,F,0.996060288439945,1.0200396712659332,false,0,NaN
1252,F,0.9960602791425166,1.0094808823856676,false,0,NaN
1253,F,0.9960569345385679,1.0120622396800254,false,0,NaN
1254,F,0.9960569289422432,1.0096002794764716,false,0,NaN
1255,F,0.99605525612063,1.002897437252015,false,0,NaN
1256,F,0.9960552547762854,0.9995789524181896,true,0,NaN
1257,F,0.9995979002792713,11.70432690305942,false,0,NaN
1258,F,0.994195323114211,NaN,false,-300,NaN
1259,F,0.9978265775277784,1.8566344832193606,false,0,NaN
1260,F,0.9969409161520318,1.3018582876271478,false,0,NaN
1261,F,0.9964980854641586,1.1158182461863178,false,0,NaN
1262,F,0.9960552787750828,0.9995788220829788,true,0,NaN
1263,F,0.9960742403120979,1.0310065883408512,false,0,NaN
1264,F,0.9960704079864036,1.002620939461903,false,0,NaN
1265,F,0.9960647613521367,1.0224348823534455,false,0,NaN
1266,F,0.9960619742632204,1.0146338947955174,false,0,NaN
1267,F,0.9960600218210414,1.02247286769051,false,0,NaN
1268,F,0.9960576519532546,1.0210908986126417,false,0,NaN
1269,F,0.9960564668148058,1.0103549447651905,false,0,NaN
1270,F,0.9960558738358513,1.0000470147513643,false,0,NaN
1271,F,0.9960558167241941,1.0218798040272752,false,0,NaN
1272,F,0.9960555765042465,0.9996560913932241,true,0,NaN
1273,F,0.9960555670618578,1.002660427320917,false,0,NaN
1274,F,0.996055353192242,0.9995807795068106,true,0,NaN
1275,F,0.9960558478415147,0.9997489549911932,true,0,NaN
1276,F,0.9985155441646663,3.007273023971965,false,0,NaN
1277,F,0.9960378506490521,1.0170380191198247,false,0,NaN
1278,F,0.9972856960030905,1.5143227969322588,false,0,NaN
1279,F,0.9966707719223026,1.189107823343273,false,0,NaN
1280,F,0.9963633098819087,1.090245179509275,false,0,NaN
1281,F,0.9960562885692638,1.000355120283888,false,0,NaN
1282,F,0.9960560500386056,0.9995915921140087,true,0,NaN
1283,F,0.9997413760246279,35.93017212964638,false,0,NaN
1284,F,0.9978987130316167,1.9729651282752179,false,0,NaN
1285,F,0.9969773815351112,1.3146220664670243,false,0,NaN
1286,F,0.9965167157868584,1.134396294290282,false,0,NaN
1287,F,0.9960578076264606,1.0001143082931336,false,0,NaN
1288,F,0.9960576481620267,1.0119333574334959,false,0,NaN
1289,F,0.9960569268165518,0.9997257236619707,true,0,NaN
1290,F,0.9995240938305562,10.76403777936026,false,0,NaN
1291,F,0.997790510323554,1.9262119336517614,false,0,NaN
1292,F,0.9969237185700529,1.2571257347045497,false,0,NaN
1293,F,0.9964903226933023,1.1108721927976377,false,0,NaN
1294,F,0.9960579713800572,0.999595881573486,true,0,NaN
1295,F,0.9960672977478632,1.0250937790182855,false,0,NaN
1296,F,0.9960642009364552,1.0080305880525176,false,0,NaN
1297,F,0.9960626335208641,1.0323187743370537,false,0,NaN
1298,F,0.9960603014004321,1.027769186922631,false,0,NaN
1299,F,0.9960591353263506,1.020854117841872,false,0,NaN
1300,F,0.9960585522615761,1.0216909336156292,false,0,NaN
1301,F,0.9960582606736982,1.0221332739408415,false,0,NaN
1302,F,0.9960581147685929,1.01354487623919,false,0,NaN
1303,F,0.9960580045439661,0.9996677091783237,true,0,NaN
1304,F,0.996057974112475,0.9995893064128462,true,0,NaN
1305,F,0.9960580150834301,0.9995844315168972,true,0,NaN
1306,F,0.9983332375763743,2.2361457947132752,false,0,NaN
1307,F,0.9951509922688856,NaN,false,-300,NaN
1308,F,0.9971956263299022,1.4191170180124093,false,0,NaN
1309,F,0.9966268207066661,1.1812812780665718,false,0,NaN
1310,F,0.9963424178950481,1.0942994315771766,false,0,NaN
1311,F,0.9962002164892391,1.0466766436304369,false,0,NaN
1312,F,0.9961291157863346,1.0222268482221013,false,0,NaN
1313,F,0.9960935654348824,1.0147658046301,false,0,NaN
1314,F,0.9960757902591562,1.015314031335802,false,0,NaN
1315,F,0.9960669026712932,1.0077308906279434,false,0,NaN
1316,F,0.9960624588773616,1.0078046478243472,false,0,NaN
1317,F,0.9960602369803958,0.9995225992071811,true,0,NaN
1318,F,0.9999851185191088,NaN,false,-300,NaN
1319,F,0.9980226777497523,1.9447640710138947,false,0,NaN
1320,F,0.9970414573650741,1.337622321542775,false,0,NaN
1321,F,0.9965508471727349,1.1488372440580132,false,0,NaN
1322,F,0.9960727143802082,1.0391876364877348,false,0,NaN
1323,F,0.9960682576798621,0.9998229020231287,true,0,NaN
1324,F,0.9999851790498497,NaN,false,-300,NaN
1325,F,0.9980267183648559,2.026250678701836,false,0,NaN
1326,F,0.997047488022359,1.3389726535849151,false,0,NaN
1327,F,0.9965578728511105,1.1492444552590708,false,0,NaN
1328,F,0.9961103014969106,1.0074328636645449,false,0,NaN
1329,F,0.9961098045554414,1.020992433594234,false,0,NaN
1330,F,0.9960922344605773,1.0066707942440614,false,0,NaN
1331,F,0.9960917932961715,1.0074632625829048,false,0,NaN
1332,F,0.9960832007536518,1.0068385864897615,false,0,NaN
1333,F,0.9960827551049984,0.9991588652718799,true,0,NaN
1334,F,0.9883593637377629,NaN,false,-300,NaN
1335,F,0.9922210594213807,NaN,false,-300,NaN
1336,F,0.9941519072631896,NaN,false,-300,NaN
1337,F,0.995117331184094,4.7045670506656965,false,0,NaN
1338,F,0.9970962137521578,1.3497238589742233,false,0,NaN
1339,F,0.9970755788916889,1.4968544328259474,false,0,NaN
1340,F,0.9970962783445793,1.3505857694259644,false,0,NaN
1341,F,0.9970756201071128,1.4969991340095061,false,0,NaN
1342,F,0.9970827110044841,1.3514216653458366,false,0,NaN
1343,F,0.9970620252643589,1.4649855536410694,false,0,NaN
1344,F,0.9965827330547413,1.1727156879117397,false,0,NaN
1345,F,0.9965725413679503,1.1967264865376028,false,0,NaN
1346,F,0.9963327440798698,1.0683618572551472,false,0,NaN
1347,F,0.996328680292997,1.0884359449064802,false,0,NaN
1348,F,0.9962077495924342,1.0220039073255467,false,0,NaN
1349,F,0.9962064080566351,1.0427562917972857,false,0,NaN
1350,F,0.9961452523487163,1.015227994091823,false,0,NaN
1351,F,0.9961443087246311,1.0124495489936147,false,0,NaN
1352,F,0.9960983794159279,0.9991587760640478,true,0,NaN
1353,F,0.9999854052715166,NaN,false,-300,NaN
1354,F,0.9980418923437223,1.9377914534191303,false,0,NaN
1355,F,0.9970701358798251,1.3370043828835703,false,0,NaN
1356,F,0.9965842576478765,1.1728122095378355,false,0,NaN
1357,F,0.9962073519494868,1.0220048177873866,false,0,NaN
1358,F,0.996206020407805,1.0427462052697603,false,0,NaN
1359,F,0.9961528656827074,1.022178682783983,false,0,NaN
1360,F,0.9961515240075988,1.0197201038040515,false,0,NaN
1361,F,0.9961256225493177,1.0074876411136864,false,0,NaN
1362,F,0.9961251371159479,1.0134521029568782,false,0,NaN
1363,F,0.9961120009826228,1.007555297384247,false,0,NaN
1364,F,0.9961115116060231,1.0066546918953416,false,0,NaN
1365,F,0.9961051901992753,0.9992416558464016,true,0,NaN
1366,F,0.9999854561810156,NaN,false,-300,NaN
1367,F,0.9980453231901455,2.1189920580669357,false,0,NaN
1368,F,0.9970752566947104,1.3045195209262694,false,0,NaN
1369,F,0.9965902234469929,1.1583153509505122,false,0,NaN
1370,F,0.9961527219247397,1.0215736886061522,false,0,NaN
1371,F,0.996151324958875,1.0194723327898658,false,0,NaN
1372,F,0.9961289534477719,1.0073733434407308,false,0,NaN
1373,F,0.9961284414908259,1.013176516992822,false,0,NaN
1374,F,0.9961170691777124,1.0074479815609045,false,0,NaN
1375,F,0.9961165525690879,1.0131806413215823,false,0,NaN
1376,F,0.9961111269795296,1.0074585516239822,false,0,NaN
1377,F,0.9961106097121455,1.0063770272614465,false,0,NaN
1378,F,0.9961081557541209,1.0074638200583008,false,0,NaN
1379,F,0.9961076381583912,1.006358067348489,false,0,NaN
1380,F,0.9961066698886877,1.0074641044655681,false,0,NaN
1381,F,0.9961059264497596,1.0010043854510142,false,0,NaN
1382,F,0.9961058114257415,1.0055322215575806,false,0,NaN
1383,F,0.9961053652555918,0.999178724117082,true,0,NaN
1384,F,0.9999854574883607,NaN,false,-300,NaN
1385,F,0.9980454113719762,1.8450863454738888,false,0,NaN
1386,F,0.9970753883137841,1.3467049365548294,false,0,NaN
1387,F,0.9965903767846879,1.1510925339145561,false,0,NaN
1388,F,0.9961057112328268,0.9991588118746533,true,0,NaN
1389,F,0.9989808540750996,4.023998175458941,false,0,NaN
1390,F,0.9975432826539632,1.5607111565964171,false,0,NaN
1391,F,0.9968244969433949,1.222111792569191,false,0,NaN
1392,F,0.9964651040881108,1.1152208303110691,false,0,NaN
1393,F,0.9961079525087895,0.9991600450230042,true,0,NaN
1394,F,0.9961259146155754,0.9991668343781586,true,0,NaN
1395,F,0.9961772116075741,1.0411943169972129,false,0,NaN
1396,F,0.9961747865372177,1.0294023077459946,false,0,NaN
1397,F,0.9961515628875985,1.0415646228600448,false,0,NaN
1398,F,0.9961491164592069,1.0174945453294537,false,0,NaN
1399,F,0.9961387385275717,1.0442253468714817,false,0,NaN
1400,F,0.9961361386017354,1.0085637054973577,false,0,NaN
1401,F,0.9961323263474804,1.0220703270312193,false,0,NaN
1402,F,0.9961310045705137,1.0275394486464942,false,0,NaN
1403,F,0.9961291202572787,1.020574492051114,false,0,NaN
1404,F,0.9961278847773475,1.0069258525404026,false,0,NaN
1405,F,0.9961275172118662,1.0074601573974924,false,0,NaN
1406,F,0.9961270383127035,1.0133607224446899,false,0,NaN
1407,F,0.9961267156885363,1.0074642075161782,false,0,NaN
1408,F,0.9961261145416737,1.0074671857938826,false,0,NaN
1409,F,0.9961259391620093,0.9991600509452726,true,0,NaN
1410,F,0.996138154800794,1.0082382892930655,false,0,NaN
1411,F,0.9961320469814017,1.0078530435547794,false,0,NaN
1412,F,0.9961289930717055,1.007660453977964,false,0,NaN
1413,F,0.9961274661168574,1.0033958846775408,false,0,NaN
1414,F,0.9961260010071737,0.9991592987908476,true,0,NaN
1415,F,0.9961591873311776,1.008161536100455,false,0,NaN
1416,F,0.996148025976859,1.0000383573322251,false,0,NaN
1417,F,0.996248844759308,1.0126119992674476,false,0,NaN
1418,F,0.996368559110169,1.0844707046097843,false,0,NaN
1419,F,0.9963087019347385,1.0579598640620196,false,0,NaN
1420,F,0.9962787733470232,1.0477244111433026,false,0,NaN
1421,F,0.9962638090531656,1.041666111198718,false,0,NaN
1422,F,0.996390399359026,1.0919329540942226,false,0,NaN
1423,F,0.9963845045268073,1.1194705866015722,false,0,NaN
1424,F,0.9963181158573505,1.073457286792813,false,0,NaN
1425,F,0.9963134057023405,1.130801228436797,false,0,NaN
1426,F,0.9962814824774507,1.0511049632358989,false,0,NaN
1427,F,0.996262046412651,1.0511037003194788,false,0,NaN
1428,F,0.9962469002590671,1.0529106509180106,false,0,NaN
1429,F,0.9962479018912392,1.0438707559102371,false,0,NaN
1430,F,0.9962483735875702,1.029461871072554,false,0,NaN
1431,F,0.9962487273599243,1.0201478380950846,false,0,NaN
1432,F,0.9962488305445977,1.0125027785400151,false,0,NaN
1433,F,0.9961926297770988,1.0085292559149293,false,0,NaN
1434,F,0.9961564758476266,1.000090118660359,false,0,NaN
1435,F,0.9973542226485235,1.4493104984165779,false,0,NaN
1436,F,0.9954740006780578,0.9447649866739185,true,0,NaN
1437,F,0.995678702668975,0.9850610019330764,true,0,NaN
1438,F,0.999981562638282,NaN,false,-300,NaN
1439,F,0.9978301326536284,1.9566935091582405,false,0,NaN
1440,F,0.9967544176613017,1.36835110055187,false,0,NaN
1441,F,0.9962165601651384,1.1375227063713869,false,0,NaN
1442,F,0.9978887314187855,1.987759582862706,false,0,NaN
1443,F,0.9978041481178203,2.626587150006258,false,0,NaN
1444,F,0.9967837170438802,1.3669012631075455,false,0,NaN
1445,F,0.9967515065755648,1.4353671539020447,false,0,NaN
1446,F,0.9962312098564275,1.1365688063103143,false,0,NaN
1447,F,0.9962184292483882,1.1868481555274233,false,0,NaN
1448,F,0.9959549562627013,1.0229597244324768,false,0,NaN
1449,F,0.9959517592317312,1.0666750851794873,false,0,NaN
1450,F,0.9958168294658382,1.0173693302481144,false,0,NaN
1451,F,0.9958141040549097,1.0231351531637296,false,0,NaN
1452,F,0.9957477660674066,1.0035718101087208,false,0,NaN
1453,F,0.9957462045672756,0.9980637932511018,true,0,NaN
1454,F,0.9958844097226203,1.0239191505194076,false,0,NaN
1455,F,0.9958823852153615,1.053984390492569,false,0,NaN
1456,F,0.9958153071449479,1.00386685804086,false,0,NaN
1457,F,0.9958148527562285,0.9981603672419369,true,0,NaN
1458,F,0.9998357873540393,NaN,false,-300,NaN
1459,F,0.9978253200551339,1.96037773639476,false,0,NaN
1460,F,0.9968200864056812,1.3856129940600135,false,0,NaN
1461,F,0.9963174695809549,1.184058180070469,false,0,NaN
1462,F,0.9962914697163285,1.1645349470025137,false,0,NaN
1463,F,0.9962784504147861,1.1892759160860356,false,0,NaN
1464,F,0.9960531574526057,1.0904663779572366,false,0,NaN
1465,F,0.996045930871475,1.1577120637001896,false,0,NaN
1466,F,0.9959340013147167,1.0757508737617387,false,0,NaN
1467,F,0.9959279255969115,1.0894506995220685,false,0,NaN
1468,F,0.9958744232337171,1.0386040420200247,false,0,NaN
1469,F,0.9958712526781796,1.0587348318517324,false,0,NaN
1470,F,0.9958446341691073,1.017551859878679,false,0,NaN
1471,F,0.9958431100529129,1.0535544541139554,false,0,NaN
1472,F,0.9958297395885818,1.0031196229559645,false,0,NaN
1473,F,0.9958293441821127,1.0123280176407397,false,0,NaN
1474,F,0.9958222922018751,0.9980638061489584,true,0,NaN
1475,F,0.999982817295361,NaN,false,-300,NaN
1476,F,0.9979025547486181,2.1313253616854206,false,0,NaN
1477,F,0.9968624234752466,1.3743706101315825,false,0,NaN
1478,F,0.9963423578385608,1.2166744172355073,false,0,NaN
1479,F,0.9958743318042521,1.0386019016259382,false,0,NaN
1480,F,0.995871170834664,1.0587123194530625,false,0,NaN
1481,F,0.9958483120013277,1.017550016501501,false,0,NaN
1482,F,0.995846792556701,1.0535421207469273,false,0,NaN
1483,F,0.9958353020998656,1.0031192859348037,false,0,NaN
1484,F,0.9958349078943524,1.0268356802954215,false,0,NaN
1485,F,0.9958287971491344,1.003118439893175,false,0,NaN
1486,F,0.9958284030095839,1.0123267610474889,false,0,NaN
1487,F,0.9958255446737688,0.9980637631465611,true,0,NaN
1488,F,0.9959135223366959,NaN,false,-300,NaN
1489,F,0.9958695335052323,NaN,false,-300,NaN
1490,F,0.9958475390895006,NaN,false,-300,NaN
1491,F,0.9958365418816347,NaN,false,-300,NaN
1492,F,0.9958482943600416,1.0175499586018608,false,0,NaN
1493,F,0.9958467770748206,1.053539785919242,false,0,NaN
1494,F,0.9958369195168479,1.004553678026936,false,0,NaN
1495,F,0.9958364141814556,1.0316205313129054,false,0,NaN
1496,F,0.995831232095251,1.0031194222270765,false,0,NaN
1497,F,0.9958308384382202,1.0123257284355094,false,0,NaN
1498,F,0.9958283883844526,1.0028751173056607,false,0,NaN
1499,F,0.9958280137505038,1.0125765666884823,false,0,NaN
1500,F,0.9958269665290534,0.9980637600661337,true,0,NaN
1501,F,0.9999828557244014,NaN,false,-300,NaN
1502,F,0.9979049111267274,2.0451143594325663,false,0,NaN
1503,F,0.9968659388278904,1.4045174962546745,false,0,NaN
1504,F,0.9963464526784719,1.1986779793985085,false,0,NaN
1505,F,0.9958369162540347,1.0045266803966708,false,0,NaN
1506,F,0.9958364132836124,1.0316486729582384,false,0,NaN
1507,F,0.995831941391503,1.0031193497586588,false,0,NaN
1508,F,0.9958315479451827,1.0142609785408498,false,0,NaN
1509,F,0.9958294539602371,1.0031194723059529,false,0,NaN
1510,F,0.9958290605043764,1.0123244176975397,false,0,NaN
1511,F,0.9958282102446041,1.0008002444857955,false,0,NaN
1512,F,0.9958279972803427,1.0079255519819417,false,0,NaN
1513,F,0.9958275883867876,0.9980657136553186,true,0,NaN
1514,F,0.9964449434867407,1.2331419175964617,false,0,NaN
1515,F,0.9961362659367642,1.1665913070922982,false,0,NaN
1516,F,0.9959819271617759,1.0580326135522238,false,0,NaN
1517,F,0.9959047577742818,1.0434275825213586,false,0,NaN
1518,F,0.9958319306551139,1.0030022481919398,false,0,NaN
1519,F,0.995831428593724,1.02611942316604,false,0,NaN
1520,F,0.9958297594212431,1.0030597751065373,false,0,NaN
1521,F,0.9958292515115397,1.026111540304587,false,0,NaN
1522,F,0.9958286738039569,1.0030865646289124,false,0,NaN
1523,F,0.9958281309946124,1.000144891904593,false,0,NaN
1524,F,0.9958278595885374,0.9981378200156349,true,0,NaN
1525,F,0.9963810867407512,1.1869241515384679,false,0,NaN
1526,F,0.9955208633833466,1.0042445635869226,false,0,NaN
1527,F,0.9961044731646442,1.0725532067747352,false,0,NaN
1528,F,0.9959661663765909,1.0372412872806862,false,0,NaN
1529,F,0.9958970129825641,1.0331882971755546,false,0,NaN
1530,F,0.9958280422696327,0.9980982119683144,true,0,NaN
1531,F,0.9963926342540176,1.1997800638035012,false,0,NaN
1532,F,0.995359051579038,0.972221088981625,true,0,NaN
1533,F,0.9961103382618252,1.0857148903599483,false,0,NaN
1534,F,0.9959691902657289,1.0407189756326893,false,0,NaN
1535,F,0.9958986162676808,1.0331440209915186,false,0,NaN
1536,F,0.9958284778739479,0.9981023368462469,true,0,NaN
1537,F,0.9963936087908077,1.1997858188114365,false,0,NaN
1538,F,0.995342861739045,0.9765914164671742,true,0,NaN
1539,F,0.9961110433323779,1.0857155935197333,false,0,NaN
1540,F,0.9959697606031629,1.0407208560781749,false,0,NaN
1541,F,0.9958991192385553,1.0331460144680518,false,0,NaN
1542,F,0.9958315218458138,1.0056618245237354,false,0,NaN
1543,F,0.9958315208571832,1.0048567444171326,false,0,NaN
1544,F,0.9958309533037956,1.005660406288598,false,0,NaN
1545,F,0.9958309523150954,1.004854390698856,false,0,NaN
1546,F,0.9958302244707739,1.005455527968632,false,0,NaN
1547,F,0.9958302235085799,0.9976590698083201,true,0,NaN
1548,F,0.99584346836899,1.0049938881386185,false,0,NaN
1549,F,0.9958178977528217,1.0021653926724001,false,0,NaN
1550,F,0.9958368459387849,0.9990807733641806,true,0,NaN
1551,F,0.9959369097056245,1.0296745867310242,false,0,NaN
1552,F,0.9957800485444259,0.9997210659014175,true,0,NaN
1553,F,0.9958868778222048,1.0059103683157942,false,0,NaN
1554,F,0.9958618618804947,1.0049518868447125,false,0,NaN
1555,F,0.9958493539096398,0.9992608244638389,true,0,NaN
1556,F,0.9958764048524393,1.0067121700082158,false,0,NaN
1557,F,0.9958409300059866,1.000074515376407,false,0,NaN
1558,F,0.9958628793810396,1.0019964688136322,false,0,NaN
1559,F,0.9958561166453397,1.000427973977331,false,0,NaN
1560,F,0.9958527352774897,0.9997437644350505,true,0,NaN
1561,F,0.9958614577818552,1.0066082793066329,false,0,NaN
1562,F,0.9958265010318532,1.000067641254753,false,0,NaN
1563,F,0.9958309362270801,1.0004224374246196,false,0,NaN
1564,F,0.9958363164052241,0.9998261364501102,true,0,NaN
1565,F,0.9959333657647932,1.0286281725671405,false,0,NaN
1566,F,0.9957835594429894,0.9989442966336718,true,0,NaN
1567,F,0.9958848410850086,1.0093267460923303,false,0,NaN
1568,F,0.9958605787451164,1.0001122612939617,false,0,NaN
1569,F,0.9960362008825208,1.088901125892906,false,0,NaN
1570,F,0.9958447978175297,1.1750034591716765,false,0,NaN
1571,F,0.9959483898138186,1.032774086507712,false,0,NaN
1572,F,0.9959044842794674,1.026530792108105,false,0,NaN
1573,F,0.9958825315122919,1.0078241474908385,false,0,NaN
1574,F,0.9959541003051654,1.0337640139461406,false,0,NaN
1575,F,0.995951540359322,1.101170819527094,false,0,NaN
1576,F,0.995907304279503,1.0266959944745202,false,0,NaN
1577,F,0.9959052767379162,1.0655443883039024,false,0,NaN
1578,F,0.9958839062656115,1.0121310950017401,false,0,NaN
1579,F,0.9958829796379284,1.049118364964494,false,0,NaN
1580,F,0.9958722072565452,1.0048422373062222,false,0,NaN
1581,F,0.9958718315707066,1.035544545650583,false,0,NaN
1582,F,0.9958663577477709,1.004859776355096,false,0,NaN
1583,F,0.9958659804302998,1.0281458369358183,false,0,NaN
1584,F,0.9958634329849014,1.0049624757848712,false,0,NaN
1585,F,0.9958630477439008,1.0280954889029572,false,0,NaN
1586,F,0.9958619705865017,1.0049159216663464,false,0,NaN
1587,F,0.9958615887921569,1.0281694350983366,false,0,NaN
1588,F,0.9958608736689069,1.004916117053587,false,0,NaN
1589,F,0.9958604918026865,1.0281610784228894,false,0,NaN
1590,F,0.995860552483884,1.0049228763600293,false,0,NaN
1591,F,0.9958605632151963,1.0000731947742871,false,0,NaN
1592,F,0.9959398186818471,1.0285273606760286,false,0,NaN
1593,F,0.9959349918932199,1.083165163545686,false,0,NaN
1594,F,0.9959001909485218,1.0155544590942287,false,0,NaN
1595,F,0.9958803770818591,1.0003770565368542,false,0,NaN
1596,F,0.9960368057817282,1.0887209781911256,false,0,NaN
1597,F,0.9955937521159859,0.9979651814275347,true,0,NaN
1598,F,0.9956202991260132,1.0113684202345663,false,0,NaN
1599,F,0.995579444171809,1.0028959423413035,false,0,NaN
1600,F,0.9956070256209996,0.9994376605601271,true,0,NaN
1601,F,0.9958394036739724,1.048452793871443,false,0,NaN
1602,F,0.9956735562246406,1.025300325392701,false,0,NaN
1603,F,0.9957232146474859,1.0201473208758178,false,0,NaN
1604,F,0.9956651201342428,1.0088517694496433,false,0,NaN
1605,F,0.9956360728776211,1.0037822669240142,false,0,NaN
1606,F,0.9957802083888482,1.0330787299249582,false,0,NaN
1607,F,0.9957801957607351,1.0327492851130264,false,0,NaN
1608,F,0.9956936175900214,1.0141607997429394,false,0,NaN
1609,F,0.9956936119888433,1.0140200242837865,false,0,NaN
1610,F,0.9956503221906046,1.006214181873142,false,0,NaN
1611,F,0.9956503195256351,1.0061483697395717,false,0,NaN
1612,F,0.9956286744908891,1.0025873870024142,false,0,NaN
1613,F,0.9956286731617605,1.002554832120763,false,0,NaN
1614,F,0.9956178506410174,1.0008598755089446,false,0,NaN
1615,F,0.9956178499470267,1.000842933075675,false,0,NaN
1616,F,0.9956124387160535,1.0000622349341768,false,0,NaN
1617,F,0.9956124383143958,1.0000518007645818,false,0,NaN
1618,F,0.9956097327535155,0.999649432075906,true,0,NaN
1619,F,0.9956146922129911,0.9999498426922774,true,0,NaN
1620,F,0.995628080686427,1.004730346519179,false,0,NaN
1621,F,0.9956025238950729,0.9981277085403029,true,0,NaN
1622,F,0.9956213864497091,1.0002431015993474,false,0,NaN
1623,F,0.9956200685118635,0.9999772315061269,true,0,NaN
1624,F,0.999680362015821,28.43617039290685,false,0,NaN
1625,F,0.9976502128397424,2.5402590331043466,false,0,NaN
1626,F,0.9975214264754386,2.05206455569566,false,0,NaN
1627,F,0.9966351382516718,1.3311605906780697,false,0,NaN
1628,F,0.9966074471206149,1.3952765136133474,false,0,NaN
1629,F,0.9961276009575737,1.2020031420452297,false,0,NaN
1630,F,0.9961107089491829,1.227584579905175,false,0,NaN
1631,F,0.995873832310399,1.1541432101913283,false,0,NaN
1632,F,0.9958609419703623,1.1034883190986928,false,0,NaN
1633,F,0.9957469479865607,1.0521455572111682,false,0,NaN
1634,F,0.9957425858822382,1.043706179217934,false,0,NaN
1635,F,0.9956835058241394,1.0470801182271647,false,0,NaN
1636,F,0.9956795672516962,1.0398187346519048,false,0,NaN
1637,F,0.9956359241988089,1.022484078142096,false,0,NaN
1638,F,0.9956340421523869,1.0490480354887333,false,0,NaN
1639,F,0.9956220461884349,1.0072653851666775,false,0,NaN
1640,F,0.9956201868867556,1.0019325573069122,false,0,NaN
1641,F,0.9956200707941155,0.9999751980792781,true,0,NaN
1642,F,0.9956200781507502,0.9999748335499797,true,0,NaN
1643,F,0.9956201359646216,0.9999769756010501,true,0,NaN
1644,F,0.9956202738160421,1.0000019992087141,false,0,NaN
1645,F,0.9956204736926608,1.0000067312417393,false,0,NaN
1646,F,0.9956207429459769,0.9999993096077407,true,0,NaN
1647,F,0.9956218671727272,0.9999990517326086,true,0,NaN
1648,F,0.9956249842543107,0.9999987469574392,true,0,NaN
1649,F,0.9956328090706343,1.0144497854187327,false,0,NaN
1650,F,0.9956288966624726,0.9999985311090258,true,0,NaN
1651,F,0.9956484828234654,1.033118376368118,false,0,NaN
1652,F,0.995638689742969,1.0144488024291995,false,0,NaN
1653,F,0.9956337932027208,1.0144495992978944,false,0,NaN
1654,F,0.9956313449325966,1.01442634828209,false,0,NaN
1655,F,0.9956367681567436,1.0144828467696367,false,0,NaN
1656,F,0.9956340349660651,1.0549491013925656,false,0,NaN
1657,F,0.9956328337037789,1.0144974657960593,false,0,NaN
1658,F,0.9956308650140979,1.0070451413703516,false,0,NaN
1659,F,0.9956298808017321,1.000013919561715,false,0,NaN
1660,F,0.9956490365181604,1.0223178424181283,false,0,NaN
1661,F,0.9956312992506542,1.0074708735997215,false,0,NaN
1662,F,0.9956305900261931,1.0070138906502941,false,0,NaN
1663,F,0.9956302354139627,1.0000176896663517,false,0,NaN
1664,F,0.9956304486866026,1.002650513292895,false,0,NaN
1665,F,0.9956303420502827,1.000111243439656,false,0,NaN
1666,F,0.9956302887321227,1.0000241520730924,false,0,NaN
1667,F,0.9956302620730426,1.0000172570034978,false,0,NaN
1668,F,0.9956306815335552,0.9999141169919016,true,0,NaN
1669,F,0.9956325641824675,0.9999590347135462,true,0,NaN
1670,F,0.9956604187292771,1.000107782090969,false,0,NaN
1671,F,0.9957616709937258,1.0203863439273944,false,0,NaN
1672,F,0.9956506438375742,0.999032516003209,true,0,NaN
1673,F,0.9956583838877885,0.9998577684421119,true,0,NaN
1674,F,0.9958728818399295,1.0791158111553343,false,0,NaN
1675,F,0.995765632863859,1.0221364231498369,false,0,NaN
1676,F,0.9957120083758237,1.0094591033169882,false,0,NaN
1677,F,0.9956851961318062,1.0064965778770718,false,0,NaN
1678,F,0.9958728818399295,1.0791158111553316,false,0,NaN
1679,F,0.995871703664424,1.0703962316351978,false,0,NaN
1680,F,0.9957656975300816,1.0221443890304438,false,0,NaN
1681,F,0.9957653665697815,1.017185079544543,false,0,NaN
1682,F,0.995712105374926,1.0094708076539123,false,0,NaN
1683,F,0.995711962671608,1.0051755299980187,false,0,NaN
1684,F,0.995685309296885,1.0064443737870397,false,0,NaN
1685,F,0.9956852114501036,1.0013394843852368,false,0,NaN
1686,F,0.9956719112569382,0.9998207106905859,true,0,NaN
1687,F,0.9957143928600721,1.004645483971442,false,0,NaN
1688,F,0.995711263899361,1.0027412077740752,false,0,NaN
1689,F,0.9956761120562806,0.9999294751054973,true,0,NaN
1690,F,0.9959447856744743,1.3115475384016249,false,0,NaN
1691,F,0.9948634934704809,NaN,false,-300,NaN
1692,F,0.9958104488653774,1.0653406878242646,false,0,NaN
1693,F,0.995743280460829,1.0134996391831326,false,0,NaN
1694,F,0.9957096962585548,1.0023333935743524,false,0,NaN
1695,F,0.9957263132167923,1.0064788750336273,false,0,NaN
1696,F,0.9957263126250945,1.005941722652722,false,0,NaN
1697,F,0.9957012129068601,1.0006226282679587,false,0,NaN
1698,F,0.9957016997678215,1.0003939298000701,false,0,NaN
1699,F,0.9957010257398307,1.0000418428055844,false,0,NaN
1700,F,0.9957028814428851,1.0005709714619824,false,0,NaN
1701,F,0.9956998085327192,0.999989370110311,true,0,NaN
1702,F,0.9957053620433168,1.0006983553654811,false,0,NaN
1703,F,0.995701608723477,0.9999900745591419,true,0,NaN
1704,F,0.9999814707446567,NaN,false,-300,NaN
1705,F,0.9978415548373829,1.8809052887806645,false,0,NaN
1706,F,0.9977943683108648,1.6453963835593721,false,0,NaN
1707,F,0.9967715932145476,1.2781044843233074,false,0,NaN
1708,F,0.9967566959205066,1.2243729162879844,false,0,NaN
1709,F,0.996236612402171,1.1239909960416319,false,0,NaN
1710,F,0.9962299702501507,1.0911608561952115,false,0,NaN
1711,F,0.9959691219940647,1.0583605425343339,false,0,NaN
1712,F,0.9959659953598659,1.053234906949438,false,0,NaN
1713,F,0.9958353767861756,1.031249537669688,false,0,NaN
1714,F,0.9958337023622796,1.0330792614612436,false,0,NaN
1715,F,0.9957685041745593,1.0188595349138607,false,0,NaN
1716,F,0.9957674934254235,1.01504549338866,false,0,NaN
1717,F,0.9957183496621439,1.0028339655252378,false,0,NaN
1718,F,0.9957181973281459,1.0040632481041947,false,0,NaN
1719,F,0.9957037207076574,1.0002878197425646,false,0,NaN
1720,F,0.9957037047588342,1.0003934717741987,false,0,NaN
1721,F,0.9957017512967354,0.9999758508731762,true,0,NaN
1722,F,0.9957027741126953,1.0000988104138013,false,0,NaN
1723,F,0.9957027694175846,1.0000929484846082,false,0,NaN
1724,F,0.9957022627985139,1.0000164919859222,false,0,NaN
1725,F,0.9957022612466659,1.000009521023969,false,0,NaN
1726,F,0.9957020070790975,0.9999827731817159,true,0,NaN
1727,F,0.9957025131516597,1.000171781846031,false,0,NaN
1728,F,0.9957024898993149,1.0008766246168714,false,0,NaN
1729,F,0.9957022596345757,1.0000138732934911,false,0,NaN
1730,F,0.9957022551222192,1.000018008424997,false,0,NaN
1731,F,0.995702132829737,0.9999881921132696,true,0,NaN
1732,F,0.9957022043569901,0.9999999913486086,true,0,NaN
1733,F,0.9957090563047167,1.0071091320053398,false,0,NaN
1734,F,0.9956710759069053,0.9999677099830382,true,0,NaN
1735,F,0.9957056303308535,1.0069807371692052,false,0,NaN
1736,F,0.9957039173439217,1.0069206055018414,false,0,NaN
1737,F,0.9957030608504559,1.006863103609785,false,0,NaN
1738,F,0.9957025860920856,1.00000619085997,false,0,NaN
1739,F,0.9957032720163909,1.0068661475279126,false,0,NaN
1740,F,0.9956666814684777,0.9999776196467932,true,0,NaN
1741,F,0.9999813201822754,NaN,false,-300,NaN
1742,F,0.9978240047585539,2.0166748739444618,false,0,NaN
1743,F,0.9977282553025005,2.0692561221184675,false,0,NaN
1744,F,0.9967453451274173,1.3153731965337534,false,0,NaN
1745,F,0.996715642130974,1.428651177818077,false,0,NaN
1746,F,0.9962060153114578,1.199463641437282,false,0,NaN
1747,F,0.9961872283244801,1.2472586137517077,false,0,NaN
1748,F,0.9959363504026957,1.0855639064430938,false,0,NaN
1749,F,0.9959282901464378,1.1017549762415495,false,0,NaN
1750,F,0.99580151794675,1.0430231835082902,false,0,NaN
1751,F,0.9957974640464292,1.0534455284134916,false,0,NaN
1752,F,0.9957341017156477,1.0358873577869407,false,0,NaN
1753,F,0.9957307198456964,1.0305756455239017,false,0,NaN
1754,F,0.9956835395204154,1.0142204822978527,false,0,NaN
1755,F,0.9956821981709175,1.0418635839762258,false,0,NaN
1756,F,0.9956687919870979,0.9999627496083736,true,0,NaN
1757,F,0.9956699203936827,1.0029057135782313,false,0,NaN
1758,F,0.9956687961230558,0.9999628915959314,true,0,NaN
1759,F,0.9956691994242869,1.0000273294147268,false,0,NaN
1760,F,0.9956689977736713,0.9999871219974705,true,0,NaN
1761,F,0.9956688969483636,0.9999734524054226,true,0,NaN
1762,F,0.9956700236580299,1.0000597461621061,false,0,NaN
1763,F,0.9956694603031967,1.0000330803469577,false,0,NaN
1764,F,0.9956691786257802,1.0000008267805973,true,0,NaN
1765,F,0.9956690377870718,0.9999773747787941,true,0,NaN
1766,F,0.9966892119280535,1.233845015176278,false,0,NaN
1767,F,0.9966876568619,1.2229436414940476,false,0,NaN
1768,F,0.9961791248479092,1.1116575093277477,false,0,NaN
1769,F,0.9961783822422027,1.09265247139705,false,0,NaN
1770,F,0.9959240813078369,1.0834427303532925,false,0,NaN
1771,F,0.9959235263104441,1.0707445754287312,false,0,NaN
1772,F,0.9957965595378004,1.0496624118275473,false,0,NaN
1773,F,0.995796229155621,1.0442769668721879,false,0,NaN
1774,F,0.9957327986527816,1.0196540651064678,false,0,NaN
1775,F,0.9957326678048722,1.0232921369106451,false,0,NaN
1776,F,0.9957009182102711,1.0090281116689335,false,0,NaN
1777,F,0.9957008580174324,1.0106534147439425,false,0,NaN
1778,F,0.9956849779890133,1.0038213742517401,false,0,NaN
1779,F,0.9956849524172939,1.0018879934545768,false,0,NaN
1780,F,0.9956730228230534,1.0013294825592283,false,0,NaN
1781,F,0.9956730138206503,0.9948839887515265,true,0,NaN
1782,F,0.9998418139379045,20.747619985403578,false,0,NaN
1783,F,0.9956730513709962,0.9948794259579236,true,0,NaN
1784,F,0.9957033197517786,1.0003237762514725,false,0,NaN
1785,F,0.9957034431059599,1.0003388129466642,false,0,NaN
1786,F,0.9957032163653078,1.0084268150670908,false,0,NaN
1787,F,0.995703334745015,1.0065276079913068,false,0,NaN
1788,F,0.9957033890019333,1.0002702239425747,false,0,NaN
1789,F,0.9957865365499865,1.0353281856014875,false,0,NaN
1790,F,0.9956383772201697,1.0065411729780616,false,0,NaN
1791,F,0.9957033890070791,1.0002702239010879,false,0,NaN
1792,F,0.9957482473361613,1.0193586115771476,false,0,NaN
1793,F,0.99567074436925,1.0066305673575855,false,0,NaN
1794,F,0.9957258181716202,1.0131891981540164,false,0,NaN
1795,F,0.9957146035893496,1.010136862687053,false,0,NaN
1796,F,0.9957089962982144,1.0086194204720769,false,0,NaN
1797,F,0.9957033878899176,1.0022614084591202,false,0,NaN
1798,F,0.9957033342019145,1.0010948195728802,false,0,NaN
1799,F,0.9957033878871147,1.0022613957922755,false,0,NaN
1800,F,0.9957033341994129,1.0010948140701976,false,0,NaN
1801,F,0.9957033878856922,1.0022613893636199,false,0,NaN
1802,F,0.9957033878849325,1.0022613859307463,false,0,NaN
1803,F,0.995703387003749,1.0007219649653178,false,0,NaN
1804,F,0.9957033913503419,1.0002732554580644,false,0,NaN
1805,F,0.9957033947879658,1.000254844456058,false,0,NaN
1806,F,0.9957071101054514,1.0148931993409358,false,0,NaN
1807,F,0.9956329801727662,1.0084324015435524,false,0,NaN
1808,F,0.9957033947895857,1.0002548443441257,false,0,NaN
1809,F,0.9963158167804425,1.3547271304230575,false,0,NaN
1810,F,0.9999814784439267,NaN,false,-300,NaN
1811,F,0.9960096057850141,1.1349354823205897,false,0,NaN
1812,F,0.9958565002872999,1.0734409195244123,false,0,NaN
1813,F,0.9957799475384428,1.0529343062822867,false,0,NaN
1814,F,0.995703373158528,1.0005572470162591,false,0,NaN
1815,F,0.9957033849781787,1.0002596234045726,false,0,NaN
1816,F,0.9957033909316055,1.000247118208903,false,0,NaN
1817,F,0.9957076198503911,1.0109814870670488,false,0,NaN
1818,F,0.9956493204343217,0.9999667149320991,true,0,NaN
1819,F,0.9956522921663915,1.0002683679913682,false,0,NaN
1820,F,0.9956508572929432,0.9999997138067483,true,0,NaN
1821,F,0.9999812519683391,NaN,false,-300,NaN
1822,F,0.9978165084017061,NaN,false,-300,NaN
1823,F,0.9967340658536958,4.066293090454623,false,0,NaN
1824,F,0.9967232343981335,4.126848544805977,false,0,NaN
1825,F,0.9961928438789822,1.2630450126225794,false,0,NaN
1826,F,0.9961919146859135,1.207697937150749,false,0,NaN
1827,F,0.9959222314901925,1.112059061617105,false,0,NaN
1828,F,0.9959218356436126,1.105481617802818,false,0,NaN
1829,F,0.9957869224928049,1.0355678911366804,false,0,NaN
1830,F,0.9957867968455179,1.0346556599291419,false,0,NaN
1831,F,0.9957192623871091,1.0173205304575013,false,0,NaN
1832,F,0.995719201197248,1.0133352663291089,false,0,NaN
1833,F,0.9956684779649746,1.0068387305771034,false,0,NaN
1834,F,0.9956684538012813,1.0011631884740368,false,0,NaN
1835,F,0.9956534012322886,1.0000699747622628,false,0,NaN
1836,F,0.995653400978715,1.0000336442312765,false,0,NaN
1837,F,0.9956510601863431,1.0000034997054383,false,0,NaN
1838,F,0.9956510601675876,0.999999925356398,true,0,NaN
1839,F,0.9956764872742699,1.0096437524670554,false,0,NaN
1840,F,0.9956498182263246,1.0088551941804933,false,0,NaN
1841,F,0.9956510602026016,0.9999999251838182,true,0,NaN
1842,F,0.9957056431945815,1.0191102760619315,false,0,NaN
1843,F,0.9956783516985915,1.009840737276936,false,0,NaN
1844,F,0.9956647059505966,1.0082854988756174,false,0,NaN
1845,F,0.9956578830765991,1.0075015236652916,false,0,NaN
1846,F,0.9956510889330539,1.000001421193602,false,0,NaN
1847,F,0.9956510889055769,0.9999983450025753,true,0,NaN
1848,F,0.9956516848158516,0.9999963003765137,true,0,NaN
1849,F,0.9956956768029488,1.0054852036967556,false,0,NaN
1850,F,0.9956736808094002,1.0026167405216324,false,0,NaN
1851,F,0.9956626828126259,1.0012765474857952,false,0,NaN
1852,F,0.9956571838142387,1.0006194823113392,false,0,NaN
1853,F,0.9956521324880311,1.0000468480578388,false,0,NaN
1854,F,0.9956521318215648,1.0000418465210807,false,0,NaN
1855,F,0.9956519492186103,1.0000146316647358,false,0,NaN
1856,F,0.9956519489768486,1.0000083456944615,false,0,NaN
1857,F,0.995651857582895,1.0000051004692483,false,0,NaN
1858,F,0.9956518574668304,1.0000010598953573,false,0,NaN
1859,F,0.995651811763027,1.0000010521690503,false,0,NaN
1860,F,0.9956518117003603,0.9999985851538489,true,0,NaN
1861,F,0.9956534266396414,1.000564732916089,false,0,NaN
1862,F,0.995652432118291,1.0002345074285603,false,0,NaN
1863,F,0.9956518119564448,0.9999985732177719,true,0,NaN
1864,F,0.9956527554563659,1.0003286297304619,false,0,NaN
1865,F,0.995651776228076,1.0003157433691117,false,0,NaN
1866,F,0.9956522837064053,1.0001458417070324,false,0,NaN
1867,F,0.995652047831425,1.000056116988456,false,0,NaN
1868,F,0.9956519298939349,1.000016145751899,false,0,NaN
1869,F,0.9956652090185478,1.004226042876856,false,0,NaN
1870,F,0.9956649593232919,1.0027544205237842,false,0,NaN
1871,F,0.9956652106651993,1.0042265607637682,false,0,NaN
1872,F,0.9956649609401007,1.0027552871039829,false,0,NaN
1873,F,0.9956652116001248,1.00422685480665,false,0,NaN
1874,F,0.9956649618580823,1.0027557791256236,false,0,NaN
1875,F,0.9956610546692286,1.002899032888016,false,0,NaN
1876,F,0.9956608833547124,1.001991992529509,false,0,NaN
1877,F,0.9956564333128376,1.001428089297994,false,0,NaN
1878,F,0.9956563488790242,1.0024038429722506,false,0,NaN
1879,F,0.9956541226346368,1.0006947107735296,false,0,NaN
1880,F,0.9956540815175368,1.0011684871076265,false,0,NaN
1881,F,0.9956529672955359,1.0003286063253185,false,0,NaN
1882,F,0.9956529478022508,1.000552804230378,false,0,NaN
1883,F,0.9956521007912101,1.00005757938177,false,0,NaN
1884,F,0.9956520973060246,1.0000946662952983,false,0,NaN
1885,F,0.9956518480607819,1.0000002866820095,true,0,NaN
1886,F,0.9956518479595668,0.9999994725389654,true,0,NaN
1887,F,0.9956519984979829,0.9999999915599888,true,0,NaN
1888,F,0.9956520532500612,0.9999986432360382,true,0,NaN
1889,F,0.995652179498128,0.9999982349474313,true,0,NaN
1890,F,0.9956525092366445,0.9999981797321313,true,0,NaN
1891,F,0.9956533536014501,0.9999998634237414,true,0,NaN
1892,F,0.9956554673466594,1.0000016824293074,false,0,NaN
1893,F,0.9956606684266023,0.9999983464916147,true,0,NaN
1894,F,0.9956737290170032,1.00002293909417,false,0,NaN
1895,F,0.9956776796162521,0.9999981308764566,true,0,NaN
1896,F,0.9956878901028976,0.9999980296512165,true,0,NaN
1897,F,0.9957134269914748,1.0096160183874416,false,0,NaN
1898,F,0.9956872726614231,1.0057736736391374,false,0,NaN
1899,F,0.9957006585471861,0.9999979097442163,true,0,NaN
1900,F,0.9957645483367055,1.0249303885875827,false,0,NaN
1901,F,0.995694203602005,1.0377699749028455,false,0,NaN
1902,F,0.9957326034419458,1.0155529712331357,false,0,NaN
1903,F,0.995716630994566,1.009617067026465,false,0,NaN
1904,F,0.9957086447708761,1.0095814494764244,false,0,NaN
1905,F,0.9957552977016242,1.0157361491213144,false,0,NaN
1906,F,0.9957379047981157,1.0324904728306348,false,0,NaN
1907,F,0.9957505570901667,1.015837027589444,false,0,NaN
1908,F,0.9957330526332034,1.025460829939962,false,0,NaN
1909,F,0.9957476557698454,1.0158987936588115,false,0,NaN
1910,F,0.9957300830107287,1.0254615932249354,false,0,NaN
1911,F,0.9957276109556211,1.009825160938176,false,0,NaN
1912,F,0.9957167504226201,1.0153303811387229,false,0,NaN
1913,F,0.9957141347514036,1.0097109882007267,false,0,NaN
1914,F,0.9957034003957801,1.006111301274116,false,0,NaN
1915,F,0.9957073966492949,1.0096204395361608,false,0,NaN
1916,F,0.9957040275982405,0.9999138379560217,true,0,NaN
1917,F,0.9958694382417349,1.0815484894765004,false,0,NaN
1918,F,0.9956130156159668,1.0131809912452974,false,0,NaN
1919,F,0.9957050655072783,0.9999355088610946,true,0,NaN
1920,F,0.9957086225348996,1.0007099311491339,false,0,NaN
1921,F,0.9957048744975101,0.9999867403169393,true,0,NaN
1922,F,0.9957068440210889,1.0003113135312107,false,0,NaN
1923,F,0.9957059547641837,1.0001129063426477,false,0,NaN
1924,F,0.9957055101357309,1.000014114835225,false,0,NaN
1925,F,0.995707780289174,1.0005767964947916,false,0,NaN
1926,F,0.9957077206623977,1.0007656478662201,false,0,NaN
1927,F,0.9957077748479932,1.000575986740882,false,0,NaN
1928,F,0.9957077152595336,1.00076477353962,false,0,NaN
1929,F,0.995707772105217,1.0005755786426493,false,0,NaN
1930,F,0.9957077125360644,1.0007643337467267,false,0,NaN
1931,F,0.9957077706860044,1.0005753674987057,false,0,NaN
1932,F,0.9957077111268399,1.0007641064346169,false,0,NaN
1933,F,0.9957077698331394,1.000575240620229,false,0,NaN
1934,F,0.9957077102799767,1.0007639699172657,false,0,NaN
1935,F,0.9957067032523665,1.0003141952345374,false,0,NaN
1936,F,0.9957066679985929,1.0004247551093974,false,0,NaN
1937,F,0.9957058843798224,1.000114218885102,false,0,NaN
1938,F,0.995705867742829,1.0001658731945808,false,0,NaN
1939,F,0.9957052702254143,0.999966501750836,true,0,NaN
1940,F,0.9957056770528809,0.9999855790900957,true,0,NaN
1941,F,0.9957073139312189,1.001098769688895,false,0,NaN
1942,F,0.9957014015189954,1.0000515586234786,false,0,NaN
1943,F,0.9957064954920499,0.9999840082255724,true,0,NaN
1944,F,0.9957076162103395,1.0000878472051076,false,0,NaN
1945,F,0.995707134151895,0.9999981167003786,true,0,NaN
1946,F,0.9957072699228192,0.9999570194087953,true,0,NaN
1947,F,0.9957093709044895,0.999362419089979,true,0,NaN
1948,F,0.995719890438713,0.9986671345036986,true,0,NaN
1949,F,0.9957616411790258,1.000279328428392,false,0,NaN
1950,F,0.9957634617923958,1.0044790080559047,false,0,NaN
1951,F,0.9957401343901081,1.0000082286691332,false,0,NaN
1952,F,0.9957526597240708,1.007607139159374,false,0,NaN
1953,F,0.9957129145507707,1.0002321394736038,false,0,NaN
1954,F,0.9957463970570894,1.0014277368855888,false,0,NaN
1955,F,0.9957432657235988,0.9997801841374934,true,0,NaN
1956,F,0.9957447114685174,1.0001336677909949,false,0,NaN
1957,F,0.9957440020325061,0.9999986925404115,true,0,NaN
1958,F,0.9964213393745507,NaN,false,-300,NaN
1959,F,0.9960826802692149,NaN,false,-300,NaN
1960,F,0.9959133507165202,NaN,false,-300,NaN
1961,F,0.9958286859401193,NaN,false,-300,NaN
1962,F,0.9957863535518118,1.2697211982548637,false,0,NaN
1963,F,0.9957504121874283,1.2751605453098331,false,0,NaN
1964,F,0.9957651873574439,1.0589923619455757,false,0,NaN
1965,F,0.9957573262671622,1.0732824846099511,false,0,NaN
1966,F,0.9957546042598315,1.0182962884654723,false,0,NaN
1967,F,0.9957521660481563,1.0624382096705598,false,0,NaN
1968,F,0.9957466669336237,1.0047572485438048,false,0,NaN
1969,F,0.9957460328412078,1.0402662579654773,false,0,NaN
1970,F,0.995744351849159,0.9999518039680765,true,0,NaN
1971,F,0.9957450038652895,1.0000053850313506,false,0,NaN
1972,F,0.9957454949804343,1.0001422760015348,false,0,NaN
1973,F,0.9957447372579937,0.9999982124899702,true,0,NaN
1974,F,0.9957447513585632,0.9999983085940439,true,0,NaN
1975,F,0.9957451818236518,1.0000391420179204,false,0,NaN
1976,F,0.9957449665911076,1.0000049729516207,false,0,NaN
1977,F,0.9957448589748353,0.9999997592233524,true,0,NaN
1978,F,0.9957459986432132,1.0043546015980538,false,0,NaN
1979,F,0.9957230831683552,0.9995792535300173,true,0,NaN
1980,F,0.9957454288090243,0.9998933924353551,true,0,NaN
1981,F,0.9957478126136864,1.0002660535542733,false,0,NaN
1982,F,0.9957464047825161,0.9999981971341282,true,0,NaN
1983,F,0.9957464673963549,0.9999920699707966,true,0,NaN
1984,F,0.9957490973877653,1.000291985007095,false,0,NaN
1985,F,0.9957475485270102,0.9999921319343046,true,0,NaN
1986,F,0.9957637309866673,1.0028068047446395,false,0,NaN
1987,F,0.9957490344142897,1.00000743029196,false,0,NaN
1988,F,0.9957494080555066,0.9998927643244299,true,0,NaN
1989,F,0.9957576202345821,1.0029025254210358,false,0,NaN
1990,F,0.9957422708194404,0.9999443886667144,true,0,NaN
1991,F,0.9957535141450444,1.0027836021371979,false,0,NaN
1992,F,0.9957514611002755,1.001062540204122,false,0,NaN
1993,F,0.995750434577891,0.9996713918667445,true,0,NaN
1994,F,0.9957570100906595,1.0027228675119262,false,0,NaN
1995,F,0.9957426959502308,0.9999808412969515,true,0,NaN
1996,F,0.9957537223342753,1.002776931787889,false,0,NaN
1997,F,0.9957520784560832,1.0042049038934293,false,0,NaN
1998,F,0.995751256516987,1.0003939139961644,false,0,NaN
1999,F,0.9957520770005865,1.004200534607084,false,0,NaN
2000,F,0.995751862682561,1.000196930191479,false,0,NaN
2001,F,0.9957512613823994,1.0003464619436666,false,0,NaN
2002,F,0.9957512308105894,1.0000375679308187,false,0,NaN
2003,F,0.9957508535733058,0.9997105189359605,true,0,NaN
2004,F,0.9957526643525244,1.0000304737357706,false,0,NaN
2005,F,0.995752490346591,0.999997330635709,true,0,NaN
2006,F,0.9957525870845904,0.9999814805091505,true,0,NaN
2007,F,0.9957541264672859,1.0003338497859617,false,0,NaN
2008,F,0.9957556232343417,0.9989864016709142,true,0,NaN
2009,F,0.9957668115480915,1.0029075968581318,false,0,NaN
2010,F,0.9957528735106117,1.0002188434937325,false,0,NaN
2011,F,0.9957612173912167,1.0020445462423204,false,0,NaN
2012,F,0.9957584203127792,0.9993152344900755,true,0,NaN
2013,F,0.9957570217735605,0.9991360006632876,true,0,NaN
2014,F,0.9957668127761367,1.0029076045271443,false,0,NaN
2015,F,0.9957665869999901,1.0242391933209052,false,0,NaN
2016,F,0.9957612256099242,1.0020445532380329,false,0,NaN
2017,F,0.9957610276253528,1.0237196843656613,false,0,NaN
2018,F,0.9957584320268178,0.9993152379932093,true,0,NaN
2019,F,0.9957702328609974,1.0211634490787818,false,0,NaN
2020,F,0.9956638784020952,1.002534493790562,false,0,NaN
2021,F,0.9957643324439076,0.9992244226121855,true,0,NaN
2022,F,0.9957732069685755,1.0041923498323904,false,0,NaN
2023,F,0.9957515466692073,1.0000335157883833,false,0,NaN
2024,F,0.9957687697062415,1.0007642195715651,false,0,NaN
2025,F,0.9957665510750746,1.000051991643816,false,0,NaN
2026,F,0.9957654417594911,0.9997081745396506,true,0,NaN
2027,F,0.9957731722103993,1.0041844935619584,false,0,NaN
2028,F,0.9957731612921837,1.0049933733386693,false,0,NaN
2029,F,0.9957690504210217,1.000810499454548,false,0,NaN
2030,F,0.9957690472906954,1.0010336021093142,false,0,NaN
2031,F,0.9957669895262081,1.0001405574506919,false,0,NaN
2032,F,0.9957669876403759,1.0002553978821025,false,0,NaN
2033,F,0.9957659590785519,0.9997974412923982,true,0,NaN
2034,F,0.9957673292041459,1.0002093320531318,false,0,NaN
2035,F,0.9957662304977632,0.9999383836770848,true,0,NaN
2036,F,0.995766685509834,1.0000766726354615,false,0,NaN
2037,F,0.9957663008881584,1.0000005971379222,true,0,NaN
2038,F,0.9957664580037987,0.9999764452488812,true,0,NaN
2039,F,0.9957666779300617,1.000058264622747,false,0,NaN
2040,F,0.9957663640080947,0.9999981281422556,true,0,NaN
2041,F,0.9957665679669302,1.0000473744445055,false,0,NaN
2042,F,0.9957665129853644,1.000042384168097,false,0,NaN
2043,F,0.9957664854945816,1.0000347716626568,false,0,NaN
2044,F,0.9957666779300617,1.0000582646227443,false,0,NaN
2045,F,0.9957666309523331,1.0076914503861982,false,0,NaN
2046,F,0.9957665707689429,1.0000475287933832,false,0,NaN
2047,F,0.9957665237319945,1.0076755795708239,false,0,NaN
2048,F,0.9957665171883836,1.0000425233482177,false,0,NaN
2049,F,0.995766469838949,1.0076960305514537,false,0,NaN
2050,F,0.9957664903981038,1.0000348726513086,false,0,NaN
2051,F,0.9957664469099748,1.0068670659793173,false,0,NaN
2052,F,0.9957664770029641,0.9999821187634554,true,0,NaN
2053,F,0.9957667394814356,1.000014069880339,false,0,NaN
2054,F,0.9957666561028002,0.9999980773241035,true,0,NaN
2055,F,0.9957666833366656,0.9999981258169577,true,0,NaN
2056,F,0.995766776570226,1.0000071812376112,false,0,NaN
2057,F,0.9957668351817706,1.0000978577463353,false,0,NaN
2058,F,0.9957667299534458,1.0000000704683336,true,0,NaN
2059,F,0.9957667066450557,0.9999985757675333,true,0,NaN
2060,F,0.9957668601814991,0.9999994690639736,true,0,NaN
2061,F,0.9957669200373586,1.000002214640144,false,0,NaN
2062,F,0.9957669772451354,1.0000106305197916,false,0,NaN
2063,F,0.9957668901094289,0.9999997181659835,true,0,NaN
2064,F,0.9959677863488051,NaN,false,-300,NaN
2065,F,0.995867338229117,NaN,false,-300,NaN
2066,F,0.9958171141692729,1.2043249360698587,false,0,NaN
2067,F,0.9957920021393509,1.0514337075023041,false,0,NaN
2068,F,0.9957669989613119,1.0000001465192752,true,0,NaN
2069,F,0.995769561624878,0.9999496961622664,true,0,NaN
2070,F,0.9957736967533339,1.00081451227179,false,0,NaN
2071,F,0.9957694812091609,1.0000708120802648,false,0,NaN
2072,F,0.995771629189106,0.9998648223663563,true,0,NaN
2073,F,0.995772905260739,1.0000814925896222,false,0,NaN
2074,F,0.9957724727833009,0.9999984319463514,true,0,NaN
2075,F,0.9957725120653921,0.9999987965721379,true,0,NaN
2076,F,0.9957729024485557,1.000039620983597,false,0,NaN
2077,F,0.9957726860730808,0.9999979375559759,true,0,NaN
2078,F,0.9957741943158521,1.0002405918237487,false,0,NaN
2079,F,0.9957729324299422,0.9999982116662951,true,0,NaN
2080,F,0.9957730904757724,1.0000020706775616,false,0,NaN
2081,F,0.9957730696967166,0.9999980788833908,true,0,NaN
2082,F,0.9957747174285108,1.0077643155116787,false,0,NaN
2083,F,0.9957718913618722,1.030865004321519,false,0,NaN
2084,F,0.9957739067610727,1.0074799530439722,false,0,NaN
2085,F,0.9957711841714878,1.031485488831938,false,0,NaN
2086,F,0.9957735014125264,1.0074850678086404,false,0,NaN
2087,F,0.9957732987085891,1.001317490551316,false,0,NaN
2088,F,0.9957728185860439,1.021642850643314,false,0,NaN
2089,F,0.9957731972972161,1.0000871056345713,false,0,NaN
2090,F,0.995773164901148,1.0080159349445976,false,0,NaN
2091,F,0.995773146472108,1.000015311395347,false,0,NaN
2092,F,0.9957731402013453,1.000155425616468,false,0,NaN
2093,F,0.9957731208156694,1.0000041440827352,false,0,NaN
2094,F,0.9957731186085954,1.0000099955836248,false,0,NaN
2095,F,0.9957730998003064,1.0000000606866875,true,0,NaN
2096,F,0.9957730990791452,0.9999994589601016,true,0,NaN
2097,F,0.9957730551504563,0.9999921614138382,true,0,NaN
2098,F,0.9957730990789498,0.9999994589185709,true,0,NaN
2099,F,0.9957730608342301,0.999995849042348,true,0,NaN
2100,F,0.99577307995659,0.9999964945921775,true,0,NaN
2101,F,0.9957730895177699,0.999997593973919,true,0,NaN
2102,F,0.9957731105893481,1.000005658343943,false,0,NaN
2103,F,0.9957730785559986,1.0000022236422867,false,0,NaN
2104,F,0.995773100053559,0.9999996283130117,true,0,NaN
2105,F,0.9957730947856644,0.9999982399203079,true,0,NaN
2106,F,0.9957730958049912,0.9999979443520017,true,0,NaN
2107,F,0.9957731192208961,0.999999115082585,true,0,NaN
2108,F,0.9957731306638004,0.9999986994165022,true,0,NaN
2109,F,0.999981779057281,NaN,false,-300,NaN
2110,F,0.9978774549210985,2.334691819715038,false,0,NaN
2111,F,0.9971602576485008,3.0957487348017128,false,0,NaN
2112,F,0.9968252928315033,1.4335260172862414,false,0,NaN
2113,F,0.9965923369518,1.5541670349688692,false,0,NaN
2114,F,0.9962992117867052,1.243885842154693,false,0,NaN
2115,F,0.9961681590443681,1.2605670853640802,false,0,NaN
2116,F,0.9960361712643051,1.133244200583082,false,0,NaN
2117,F,0.9959645718018,1.2194007507286875,false,0,NaN
2118,F,0.9959046510031029,1.0690137642158155,false,0,NaN
2119,F,0.9958675657619419,1.1236030797479615,false,0,NaN
2120,F,0.9958388908724977,1.0617301741621556,false,0,NaN
2121,F,0.9958057194680394,1.0725897361516878,false,0,NaN
2122,F,0.9957895707745141,1.0409079239674406,false,0,NaN
2123,F,0.9957751857456308,1.023516058126014,false,0,NaN
2124,F,0.9957732591739112,1.0001469888180479,false,0,NaN
2125,F,0.9957731794906097,1.023568838921322,false,0,NaN
2126,F,0.9957731346857569,0.9999987282281778,true,0,NaN
2127,F,0.9957731426372445,0.9999987753268992,true,0,NaN
2128,F,0.9957731227467198,0.9999943677965738,true,0,NaN
2129,F,0.9957731489415202,0.9999981275743414,true,0,NaN
2130,F,0.9957734784784538,1.0004973652483191,false,0,NaN
2131,F,0.995770878949544,0.9999849661240022,true,0,NaN
2132,F,0.995773313709987,1.000001849154353,false,0,NaN
2133,F,0.9957732313257536,0.9999989115221681,true,0,NaN
2134,F,0.9957746821083228,1.0093667209175887,false,0,NaN
2135,F,0.9957739567170382,1.0093552835192838,false,0,NaN
2136,F,0.9957735940213959,1.0091120465066346,false,0,NaN
2137,F,0.9957734126735747,1.00003481510903,false,0,NaN
2138,F,0.9957738060910225,1.009353829033257,false,0,NaN
2139,F,0.9957735195088161,1.0033770646237747,false,0,NaN
2140,F,0.9957702503957944,1.012335632782136,false,0,NaN
2141,F,0.9957733762176237,1.0000071453758221,false,0,NaN
2142,F,0.995773367452146,1.000037279646857,false,0,NaN
2143,F,0.9957733045718493,0.9999985134101846,true,0,NaN
2144,F,0.9957740968132293,1.009338933188501,false,0,NaN
2145,F,0.9957734355815057,1.0001323413360743,false,0,NaN
2146,F,0.9957733700766774,1.0000043454788687,false,0,NaN
2147,F,0.9957733373242634,0.9999992377178335,true,0,NaN
2148,F,0.9957734382191689,1.0000261313254515,false,0,NaN
2149,F,0.9957732921867598,0.9999980727208586,true,0,NaN
2150,F,0.9957733877717162,0.9999944141155709,true,0,NaN
2151,F,0.995773446220028,0.9999985620354229,true,0,NaN
2152,F,0.9957734612592106,0.9999986140847807,true,0,NaN
2153,F,0.9957738276360959,0.9999725562286274,true,0,NaN
2154,F,0.9957742540624777,1.0009403025872805,false,0,NaN
2155,F,0.9957693408750724,0.999801926873463,true,0,NaN
2156,F,0.9957740408492868,1.0000032504276493,false,0,NaN
2157,F,0.9957739342426913,0.9999648753009832,true,0,NaN
2158,F,0.9957742309829463,1.0000267250484458,false,0,NaN
2159,F,0.9957740816370005,0.9999980692601614,true,0,NaN
2160,F,0.9957740875197975,0.9999981005043009,true,0,NaN
2161,F,0.9957776614223285,1.0089151102421283,false,0,NaN
2162,F,0.9957313313767487,0.9999446948123037,true,0,NaN
2163,F,0.995775874471063,1.0088096424715056,false,0,NaN
2164,F,0.9957749809954303,1.0005191271137504,false,0,NaN
2165,F,0.9957745342576139,0.9999144906195641,true,0,NaN
2166,F,0.9957756998327598,0.9998324587736623,true,0,NaN
2167,F,0.9957774881442172,0.9998382952424664,true,0,NaN
