idx,kind,gamma_focal_prime,Delta,feasible,inner_status,gravity_value
1,F,0.9609650007465946,0.0010029938006052336,true,0,NaN
2,F,0.8533077873854227,NaN,false,-300,NaN
3,F,0.9071363940660087,1.296995291703988,false,0,NaN
4,F,0.9340506974063016,0.20164056677800116,true,0,NaN
5,F,0.9065168997022529,1.5696348606599806,false,0,NaN
6,F,0.9244757383829236,0.48702196096451644,true,0,NaN
7,F,0.9212003695930081,0.5912619857575779,true,0,NaN
8,F,0.9090248470095846,1.186846813271428,false,0,NaN
9,F,0.9118790589961908,0.9972146083657043,true,0,NaN
10,F,0.9114569874035723,1.0032447667393174,false,0,NaN
11,F,0.9115178600087915,0.9995817888691576,true,0,NaN
12,F,0.9110769483308121,1.00514501230028,false,0,NaN
13,F,0.9107319926938687,1.0042950697547441,false,0,NaN
14,F,0.9112974041698018,1.0025962265144333,false,0,NaN
15,F,0.9114076320892966,1.001938950688046,false,0,NaN
16,F,0.9114627460490441,1.001274767216024,false,0,NaN
17,F,0.9110777092649753,1.0050915567120082,false,0,NaN
18,F,0.9111399614952497,0.999985753433268,true,0,NaN
19,F,0.8733138305326851,NaN,false,-300,NaN
20,F,0.8922271930372913,2.0536140381045866,false,0,NaN
21,F,0.9049551816573532,1.3007310379849377,false,0,NaN
22,F,0.9016838742913538,1.22205415953826,false,0,NaN
23,F,0.9043669629691761,1.0087837619079936,false,0,NaN
24,F,0.9064122149219035,1.090549930613917,false,0,NaN
25,F,0.9075067868226182,1.000177432181034,false,0,NaN
26,F,0.8530404963158028,NaN,false,-300,NaN
27,F,0.8802736415692105,NaN,false,-300,NaN
28,F,0.8938902141959144,4.173717357287318,false,0,NaN
29,F,0.9006985005092663,1.346541873379312,false,0,NaN
30,F,0.9057683726200174,1.0433903319999258,false,0,NaN
31,F,0.8956205689104104,1.272764640458667,false,0,NaN
32,F,0.8888027138092929,NaN,false,-300,NaN
33,F,0.8922116413598516,NaN,false,-300,NaN
34,F,0.893916105135131,3.1310342314896404,false,0,NaN
35,F,0.8947683370227707,1.4501252182485698,false,0,NaN
36,F,0.891565642435803,NaN,false,-300,NaN
37,F,0.8962289440711126,NaN,false,-300,NaN
38,F,0.8985767597789246,2.304925654394368,false,0,NaN
39,F,0.8997851069803056,1.219346237616714,false,0,NaN
40,F,0.8961722349440242,1.523331389847728,false,0,NaN
41,F,0.9035649479943455,1.9609183881491372,false,0,NaN
42,F,0.8979786709621649,1.2573863176902793,false,0,NaN
43,F,0.8997905531980998,1.5084673341265402,false,0,NaN
44,F,0.8988846120801323,1.3223590153951659,false,0,NaN
45,F,0.8984316415211486,1.277889546974086,false,0,NaN
46,F,0.8982051562416568,1.263882309030765,false,0,NaN
47,F,0.9011371497976636,1.219890748362153,false,0,NaN
48,F,0.9052695613982769,1.1385597441113489,false,0,NaN
49,F,0.9099832088138373,1.0478439696262978,false,0,NaN
50,F,0.8530528784257589,NaN,false,-300,NaN
51,F,0.8816982469484411,NaN,false,-300,NaN
52,F,0.8960335685495662,1.5274396260734697,false,0,NaN
53,F,0.8996163089784128,NaN,false,-300,NaN
54,F,0.903228807345725,1.134483280944594,false,0,NaN
55,F,0.8862971367134187,2.8349045571160123,false,0,NaN
56,F,0.9101468969115633,1.2831163311627372,false,0,NaN
57,F,0.8947629720295718,1.4644278480197128,false,0,NaN
58,F,0.8989958896876484,1.2323152929440746,false,0,NaN
59,F,0.9011123485166866,1.1690585192100924,false,0,NaN
60,F,0.9014862165156,1.0562033922815899,false,0,NaN
61,F,0.9020011543216633,1.0176519208789245,false,0,NaN
62,F,0.9022779421093772,1.0038172557500566,false,0,NaN
63,F,0.9020527386139467,0.9904757359133602,true,0,NaN
64,F,0.8976837365565885,0.9890814256850927,true,0,NaN
65,F,0.8945325015571973,1.168648618853887,false,0,NaN
66,F,0.897587309820734,0.9521764888561535,true,0,NaN
67,F,0.8949235337245613,1.0730653906949827,false,0,NaN
68,F,0.886967147550923,NaN,false,-300,NaN
69,F,0.8962554217726476,1.0083150629965252,false,0,NaN
70,F,0.8969213657966908,0.9769095822409317,true,0,NaN
71,F,0.8529875692106732,NaN,false,-300,NaN
72,F,0.874954467503682,NaN,false,-300,NaN
73,F,0.8859379166501864,20.427973508708554,false,0,NaN
74,F,0.8914296412234386,1.5701526190785648,false,0,NaN
75,F,0.8921061217427476,1.429542380271728,false,0,NaN
76,F,0.8953984628607031,NaN,false,-300,NaN
77,F,0.8945629158906862,1.1404955310242058,false,0,NaN
78,F,0.8958277871505479,1.1605040379226532,false,0,NaN
79,F,0.8957918147693281,1.0397359943576552,false,0,NaN
80,F,0.8963435598807857,1.0100099579764352,false,0,NaN
81,F,0.8964072714200289,1.0022904783941151,false,0,NaN
82,F,0.896691282572571,0.9796731377328882,true,0,NaN
83,F,0.8963640642199663,1.0925197651803824,false,0,NaN
84,F,0.8967676075482731,0.9933425774609618,true,0,NaN
85,F,0.8961634037153919,1.003295085826673,false,0,NaN
86,F,0.89627334964606,1.0008023292152082,false,0,NaN
87,F,0.8958596249206976,1.009847350584561,false,0,NaN
88,F,0.8960748271677131,1.003549040146625,false,0,NaN
89,F,0.8960664872833788,1.0027246259034923,false,0,NaN
90,F,0.8957643864631534,1.0131330322925323,false,0,NaN
91,F,0.8959616164350857,1.0104181194372857,false,0,NaN
92,F,0.8959154368732661,1.0083673580457095,false,0,NaN
93,F,0.8959909620783224,1.0073831910007178,false,0,NaN
94,F,0.8960287246808506,1.005549770713108,false,0,NaN
95,F,0.8958332551376414,1.0113855182189104,false,0,NaN
96,F,0.8960364534360652,1.0031912907806062,false,0,NaN
97,F,0.8959660744191302,1.0061813181218657,false,0,NaN
98,F,0.8960765432579526,1.0015332071966359,false,0,NaN
99,F,0.8952822829685801,1.3090586547526928,false,0,NaN
100,F,0.8956794131132664,1.1010906856316764,false,0,NaN
101,F,0.8958779781856095,1.039498121029529,false,0,NaN
102,F,0.8959772607217811,1.0161849144276573,false,0,NaN
103,F,0.8956317486527079,1.1248614996141284,false,0,NaN
104,F,0.8984863725878741,1.0428146104116565,false,0,NaN
105,F,0.895864435697932,1.0466537883958127,false,0,NaN
106,F,0.8969311479270877,1.0111355309513645,false,0,NaN
107,F,0.8959807799357178,1.0189522122000148,false,0,NaN
108,F,0.8964142185100636,1.0019336706179673,false,0,NaN
109,F,0.8960389534850354,1.0080027700219767,false,0,NaN
110,F,0.8962220866391046,1.0009996724331955,false,0,NaN
111,F,0.8957373991197447,1.0123939400171025,false,0,NaN
112,F,0.8958153370748329,1.0087359297731406,false,0,NaN
113,F,0.8959797428794246,1.0058140416949155,false,0,NaN
114,F,0.8961009147592647,1.0036517432446328,false,0,NaN
115,F,0.8961615006991847,1.0031037650499257,false,0,NaN
116,F,0.8960843938498018,1.0033080738580713,false,0,NaN
117,F,0.8961663087372954,0.999798437583675,true,0,NaN
118,F,0.8960952469170236,1.0023184183044684,false,0,NaN
119,F,0.8961057407350967,1.0028200105789782,false,0,NaN
120,F,0.8961307778271596,1.0024020493525596,false,0,NaN
121,F,0.8961485432822275,1.0015473094579357,false,0,NaN
122,F,0.8961574260097614,1.0005641358988129,false,0,NaN
123,F,0.8960421772536978,1.0046944477898292,false,0,NaN
124,F,0.8961655447960135,0.9997159748940361,true,0,NaN
125,F,0.8961400776258795,1.0000002932363747,true,0,NaN
126,F,0.8960978060375313,1.0017132288707102,false,0,NaN
127,F,0.8960301157225576,1.004367893543045,false,0,NaN
128,F,0.8957970319322835,1.0227390499338835,false,0,NaN
129,F,0.8957418946401733,1.0360273122797568,false,0,NaN
130,F,0.8951170271178629,1.0837735023762627,false,0,NaN
131,F,0.8976236051648331,1.0128966407422801,false,0,NaN
132,F,0.8980594506222485,1.001520195472803,false,0,NaN
133,F,0.8980420711988443,1.0044906652639123,false,0,NaN
134,F,0.8981800272134803,1.0018665713027193,false,0,NaN
135,F,0.8981859397308872,1.0026707287762577,false,0,NaN
136,F,0.8981829834721838,1.0026898245457996,false,0,NaN
137,F,0.898181505342832,1.002007265156308,false,0,NaN
138,F,0.8981807662781562,1.0016348181335384,false,0,NaN
139,F,0.8981084733121749,1.006447627592724,false,0,NaN
140,F,0.8983139073530523,1.0018554246262001,false,0,NaN
141,F,0.8983740967256635,0.999999365518853,true,0,NaN
142,F,0.8983321721551418,1.0009408479184834,false,0,NaN
143,F,0.89836415522265,0.9997400655283588,true,0,NaN
144,F,0.8983539505855788,0.9999956883637666,true,0,NaN
145,F,0.8983536888881762,0.9999997774388649,true,0,NaN
146,F,0.8983534423183274,0.9999997427610855,true,0,NaN
147,F,0.8983528234190884,0.9999997527852411,true,0,NaN
148,F,0.8983512843722908,0.9999998132841458,true,0,NaN
149,F,0.8983474863625047,1.0000001707212955,true,0,NaN
150,F,0.8983382796946132,1.0017685991592407,false,0,NaN
151,F,0.8983428830285589,1.001174626822998,false,0,NaN
152,F,0.8983451846955318,1.0006369526313952,false,0,NaN
153,F,0.8983463355290183,1.0002188922263706,false,0,NaN
154,F,0.8983394064810394,1.001768827643363,false,0,NaN
155,F,0.8983434540624841,1.0011745250883817,false,0,NaN
156,F,0.8983454778550611,1.0006366642998796,false,0,NaN
157,F,0.8983464897550588,1.0000066121166304,false,0,NaN
158,F,0.8983289710312468,1.0001641822424123,false,0,NaN
159,F,0.8983125821134907,1.0018505922714778,false,0,NaN
160,F,0.8982583599526772,1.003631415689497,false,0,NaN
161,F,0.8982885753283203,1.0044455591128383,false,0,NaN
162,F,0.8982734676404988,1.004203282755647,false,0,NaN
163,F,0.8982659137965879,1.0040404842706012,false,0,NaN
164,F,0.8982621368746326,1.0034558494641146,false,0,NaN
165,F,0.8983594264450027,1.0021301147108268,false,0,NaN
166,F,0.8978138262143386,1.015992473561211,false,0,NaN
167,F,0.8967083286074664,1.1610332064461462,false,0,NaN
168,F,0.9023114715683856,1.0468957472304943,false,0,NaN
169,F,0.8977209495054767,1.0220871710185386,false,0,NaN
170,F,0.8977673878599076,1.020335464191453,false,0,NaN
171,F,0.8977906070371231,1.0181260941049266,false,0,NaN
172,F,0.8982694664174352,1.0069520841184891,false,0,NaN
173,F,0.8984831810682751,1.0034979167491576,false,0,NaN
174,F,0.8914462087974097,NaN,false,-300,NaN
175,F,0.8949646949328424,2.177892103639839,false,0,NaN
176,F,0.8967239380005587,1.2929027409324498,false,0,NaN
177,F,0.8976035595344168,1.1006111833034504,false,0,NaN
178,F,0.8982960116022732,1.0223588927214537,false,0,NaN
179,F,0.8991057636442186,1.0052011538941197,false,0,NaN
180,F,0.8984553971980084,1.01380557821148,false,0,NaN
181,F,0.89895538499103,1.0010963316182293,false,0,NaN
182,F,0.8986346572965612,1.0342955147894848,false,0,NaN
183,F,0.8999150772744015,1.0174816520241379,false,0,NaN
184,F,0.8988092088182471,1.0158951144339459,false,0,NaN
185,F,0.8994026564788501,1.007488329532097,false,0,NaN
186,F,0.8989021648622991,1.004274266734333,false,0,NaN
187,F,0.8989523351138714,1.0017623381507346,false,0,NaN
188,F,0.89897704554973,1.0000767759591522,false,0,NaN
189,F,0.8989754206932594,1.000003283794949,false,0,NaN
190,F,0.8989668248092805,1.0016486114620469,false,0,NaN
191,F,0.8990268486430895,1.00063486572348,false,0,NaN
192,F,0.8989711227512699,1.001098425066351,false,0,NaN
193,F,0.8989732717222647,1.0010993497850251,false,0,NaN
194,F,0.8989743462077621,1.0005196507194505,false,0,NaN
195,F,0.8989668180270434,1.001648613561197,false,0,NaN
196,F,0.8990314437782733,1.0004459568796815,false,0,NaN
197,F,0.8989613853356216,1.002102598886165,false,0,NaN
198,F,0.899043804758059,1.0000080110142866,false,0,NaN
199,F,0.8989654256436314,1.0016565066816552,false,0,NaN
200,F,0.8990303607982715,1.000450638043013,false,0,NaN
201,F,0.8989704794146491,1.0010985559268404,false,0,NaN
202,F,0.8989730193176629,1.0010970931762473,false,0,NaN
203,F,0.8989742894298776,1.0005168784195915,false,0,NaN
204,F,0.8989749248077568,1.0005161750466323,false,0,NaN
205,F,0.8989754036271033,0.9999998385900563,true,0,NaN
206,F,0.8823916713244944,NaN,false,-300,NaN
207,F,0.8989749301879844,0.9999998399388657,true,0,NaN
208,F,0.8904501569402292,NaN,false,-300,NaN
209,F,0.8947125435641068,NaN,false,-300,NaN
210,F,0.8968437368760456,1.5969473770164297,false,0,NaN
211,F,0.897909333532015,1.198466897275237,false,0,NaN
212,F,0.8989731010273124,1.0010972064880421,false,0,NaN
213,F,0.8989739428595874,1.0008638249346569,false,0,NaN
214,F,0.8989744381561814,1.0005146513416636,false,0,NaN
215,F,0.8989746858048394,1.000281625468058,false,0,NaN
216,F,0.8989748096298904,1.0000053154794148,false,0,NaN
217,F,0.8989750300210508,1.0000021728236228,false,0,NaN
218,F,0.8989748715438598,1.0000001970879815,true,0,NaN
219,F,0.8904818355560384,NaN,false,-300,NaN
220,F,0.8989748169624715,1.000000197125281,true,0,NaN
221,F,0.8983840543417116,1.075784873179376,false,0,NaN
222,F,0.9016495859672944,0.9735992351147592,true,0,NaN
223,F,0.8949978142815693,NaN,false,-300,NaN
224,F,0.8983237001244319,1.6830334690059288,false,0,NaN
225,F,0.8999866430458632,1.2298511223588986,false,0,NaN
226,F,0.9008181145065788,1.0642062953208313,false,0,NaN
227,F,0.9001045945117834,1.1995057213236093,false,0,NaN
228,F,0.9091147203096337,1.7660968031022461,false,0,NaN
229,F,0.9008727371674826,1.0561301127478315,false,0,NaN
230,F,0.9041327955568635,1.0501846015675107,false,0,NaN
231,F,0.9012568111180914,1.0138961300998137,false,0,NaN
232,F,0.9028472348396943,0.9945617667543587,true,0,NaN
233,F,0.9014488533392275,0.9905468887927115,true,0,NaN
234,F,0.896902431712617,NaN,false,-300,NaN
235,F,0.8991752005786228,1.6266491325403005,false,0,NaN
236,F,0.9003115852826884,1.138849613648302,false,0,NaN
237,F,0.9008797781768478,1.0403606222919333,false,0,NaN
238,F,0.9028477817007755,1.0489115248796623,false,0,NaN
239,F,0.9011638757081899,1.0083423729516612,false,0,NaN
240,F,0.901866879314085,1.0076741367864883,false,0,NaN
241,F,0.9013059266424578,0.994569958102896,true,0,NaN
242,F,0.9008441372590892,1.0200598785357724,false,0,NaN
243,F,0.9012730710983133,1.0223224186181328,false,0,NaN
244,F,0.9013018445554711,0.9946178558698444,true,0,NaN
245,F,0.9005594475817364,1.0500332194399788,false,0,NaN
246,F,0.9022409522480848,1.0002646004562075,false,0,NaN
247,F,0.9009306460686038,1.026037618477611,false,0,NaN
248,F,0.9011162453120375,1.0138526597242339,false,0,NaN
249,F,0.9012090449337543,1.0060798189040427,false,0,NaN
250,F,0.9012797093694044,0.9959555371506025,true,0,NaN
251,F,0.8992920864950877,1.1470208692373223,false,0,NaN
252,F,0.9050042672721887,1.4752555673268737,false,0,NaN
253,F,0.9002649743948478,1.0549931923733964,false,0,NaN
254,F,0.9024973226458818,1.0818706007699292,false,0,NaN
255,F,0.9007524098634486,1.0303523992931527,false,0,NaN
256,F,0.9020530426366975,1.025352086025491,false,0,NaN
257,F,0.9009981467418591,1.0176788768747584,false,0,NaN
258,F,0.9018195688834433,1.011924364225781,false,0,NaN
259,F,0.901125373163906,1.0079940019478122,false,0,NaN
260,F,0.9015805848275564,1.0045239280081546,false,0,NaN
261,F,0.9011990267203173,1.0030172292351127,false,0,NaN
262,F,0.9014660533635704,0.999621144080333,true,0,NaN
263,F,0.9012393680448608,0.9991403461816801,true,0,NaN
264,F,0.9011865100153489,1.0020222320524295,false,0,NaN
265,F,0.901261451459997,1.0010050808630382,false,0,NaN
266,F,0.9012386523922479,0.9991519284961468,true,0,NaN
267,F,0.9011737977562541,1.0034320750839725,false,0,NaN
268,F,0.9012993232552333,1.0010624906963508,false,0,NaN
269,F,0.901206225074251,1.0015997788108553,false,0,NaN
270,F,0.9012224387332495,1.0003911214471926,false,0,NaN
271,F,0.9012305455627486,0.9996445236185927,true,0,NaN
272,F,0.9011701965912934,1.0053653686980006,false,0,NaN
273,F,0.9014292278282164,1.002795529350236,false,0,NaN
274,F,0.901170290233523,1.0053223334502033,false,0,NaN
275,F,0.9014280101606356,1.0028204037203867,false,0,NaN
276,F,0.9011703409601006,1.0053027410088664,false,0,NaN
277,F,0.9014275061918903,1.002852938642549,false,0,NaN
278,F,0.901182005921895,1.0033338611543152,false,0,NaN
279,F,0.9013569819792902,1.002850293819821,false,0,NaN
280,F,0.9012103291890569,1.0026021013864137,false,0,NaN
281,F,0.9012244908226378,1.0011750393960834,false,0,NaN
282,F,0.9012315716394284,1.0001831561369074,false,0,NaN
283,F,0.9012368822520214,0.9991521398797085,true,0,NaN
284,F,0.9011857715597157,1.0020153968188679,false,0,NaN
285,F,0.9012746277947628,1.001434879702308,false,0,NaN
286,F,0.9012368444085328,0.9991527645197975,true,0,NaN
287,F,0.9011741305197143,1.0034286604307816,false,0,NaN
288,F,0.9013220263570275,1.0007713508380691,false,0,NaN
289,F,0.9012054874641235,1.0015989812264086,false,0,NaN
290,F,0.9012211659363282,1.0004234949235877,false,0,NaN
291,F,0.9012290051724304,1.0002847383064517,false,0,NaN
292,F,0.901212321893579,1.0025916419018923,false,0,NaN
293,F,0.9012245876143986,1.0011719810938426,false,0,NaN
294,F,0.9012307204752271,1.0011744260099005,false,0,NaN
295,F,0.9012337869064788,1.0001793888233224,false,0,NaN
296,F,0.9012353201237794,0.9996877866251626,true,0,NaN
297,F,0.9012128304566669,1.0014838111734872,false,0,NaN
298,F,0.9012779621943604,1.0006951444219696,false,0,NaN
299,F,0.9012353055534036,0.9996879879439192,true,0,NaN
300,F,0.9012074839970324,1.00164022781977,false,0,NaN
301,F,0.9012725236432698,1.000058103265381,false,0,NaN
302,F,0.901221394775218,1.0010092548845304,false,0,NaN
303,F,0.9012283501643108,0.9997678878814016,true,0,NaN
304,F,0.9012134106704588,1.0010007845301112,false,0,NaN
305,F,0.9012585447538749,0.999761851750074,true,0,NaN
306,F,0.8530092551054591,NaN,false,-300,NaN
307,F,0.8771338999296671,NaN,false,-300,NaN
308,F,0.889196222341771,1.371871970743512,false,0,NaN
309,F,0.8892003129753369,1.3723910956709104,false,0,NaN
310,F,0.8952273835478229,1.146004032517829,false,0,NaN
311,F,0.8952289911987382,1.1440750632546133,false,0,NaN
312,F,0.8982429641508489,1.0653136613159981,false,0,NaN
313,F,0.8982436847666527,1.0638282063921098,false,0,NaN
314,F,0.8997507544523619,1.0297542570315155,false,0,NaN
315,F,0.8997510841610517,1.0298844907014253,false,0,NaN
316,F,0.9005046496031184,1.013867891643003,false,0,NaN
317,F,0.9005048046718396,1.0132978070674847,false,0,NaN
318,F,0.9010700709661857,1.0034873974616445,false,0,NaN
319,F,0.9010701119213804,1.0035008589874426,false,0,NaN
320,F,0.9012349855304138,1.0001111474899627,false,0,NaN
321,F,0.9012349893702472,1.0001104237584721,false,0,NaN
322,F,0.9012570723024086,0.9997644316521458,true,0,NaN
323,F,0.9012297682745297,1.0002183053420173,false,0,NaN
324,F,0.9012570657973521,0.9997644875178593,true,0,NaN
325,F,0.9012364529730175,1.000080750941755,false,0,NaN
326,F,0.9012364580390839,1.0000808969210193,false,0,NaN
327,F,0.901246759385185,0.9998813932738498,true,0,NaN
328,F,0.9012406429986569,0.9999994510288711,true,0,NaN
329,F,0.853009165596683,NaN,false,-300,NaN
330,F,0.8771249043429126,NaN,false,-300,NaN
331,F,0.8891827737160273,1.3557975222237921,false,0,NaN
332,F,0.8899150814913728,1.3112240345540938,false,0,NaN
333,F,0.8952117084025847,1.1386681650997919,false,0,NaN
334,F,0.8954971180362492,1.1085947343352627,false,0,NaN
335,F,0.8982261757458634,1.061074079879272,false,0,NaN
336,F,0.8983518803403301,1.0523426682227324,false,0,NaN
337,F,0.8997334094175028,1.0239528736273251,false,0,NaN
338,F,0.8997827107180497,1.0239776867025256,false,0,NaN
339,F,0.9004870262533226,1.0095551086916874,false,0,NaN
340,F,0.9005066939083812,1.0091241613146205,false,0,NaN
341,F,0.9010522388801877,1.0017984353196339,false,0,NaN
342,F,0.9010559416608438,1.0007299438281034,false,0,NaN
343,F,0.9012170925630267,1.0004228101133172,false,0,NaN
344,F,0.9012179640160517,0.9989049690419678,true,0,NaN
345,F,0.9011623295012496,1.000019983486317,false,0,NaN
346,F,0.9011622068260697,1.0000219380555528,false,0,NaN
347,F,0.9011632249360719,1.0000001023332892,true,0,NaN
348,F,0.9011631861493017,0.9999999087789184,true,0,NaN
349,F,0.9011631021176527,0.9999998688025299,true,0,NaN
350,F,0.9011628937480114,1.0003414428202675,false,0,NaN
351,F,0.901162997932832,1.0000112205774467,false,0,NaN
352,F,0.9011630500252423,1.0000008312357207,true,0,NaN
353,F,0.9011630760714475,1.0000000181015198,true,0,NaN
354,F,0.9011629506069594,1.0000003722186586,true,0,NaN
355,F,0.9011629769953078,0.999999807583153,true,0,NaN
356,F,0.9011629132590926,0.9999998054772564,true,0,NaN
357,F,0.9011628934073357,0.9999997983611398,true,0,NaN
358,F,0.9011628443609587,0.9999998052077471,true,0,NaN
359,F,0.9011627263084219,0.9999998219705784,true,0,NaN
360,F,0.901162439537569,0.9999998241115888,true,0,NaN
361,F,0.90116242952524,0.9999997965668156,true,0,NaN
362,F,0.9011624013808772,0.9999997964880926,true,0,NaN
363,F,0.9011623311809146,0.9999997974254007,true,0,NaN
364,F,0.9011621566668667,0.9999998024601324,true,0,NaN
365,F,0.9011617258100325,0.999999833070603,true,0,NaN
366,F,0.9011606800740917,1.0000000027074585,true,0,NaN
367,F,0.9011603710871154,0.999999815638346,true,0,NaN
368,F,0.9011595905445141,0.9999999087699983,true,0,NaN
369,F,0.9011577329791081,1.000000383517705,true,0,NaN
370,F,0.9011572029955549,0.9999998501529895,true,0,NaN
371,F,0.9011558529189135,1.000000091488443,true,0,NaN
372,F,0.9011527138422254,0.9999992533848899,true,0,NaN
373,F,0.901142425311914,0.9997442660572371,true,0,NaN
374,F,0.9011296945985885,0.9999988365666386,true,0,NaN
375,F,0.901056455243104,1.0033702017597808,false,0,NaN
376,F,0.9012216623221017,1.0000060222279656,false,0,NaN
377,F,0.9010930749208462,1.00117619687085,false,0,NaN
378,F,0.9011113847597174,1.0005058095458472,false,0,NaN
379,F,0.901120539679153,0.9999860909410406,true,0,NaN
380,F,0.9009863150040044,1.0075273519799826,false,0,NaN
381,F,0.9013515960762257,0.9996715579853104,true,0,NaN
382,F,0.9010534273415787,1.0037263622068613,false,0,NaN
383,F,0.9010869835103658,1.002484035605898,false,0,NaN
384,F,0.9011037615947594,1.001079348341029,false,0,NaN
385,F,0.9010914203330395,1.0024550500192555,false,0,NaN
386,F,0.9012078419135651,1.0000282735852477,false,0,NaN
387,F,0.9011056314782518,1.0010729000069873,false,0,NaN
388,F,0.9011568707189117,0.9999980387116596,true,0,NaN
389,F,0.9011127370543888,1.0004872586589133,false,0,NaN
390,F,0.9011363626674411,0.9999893758741776,true,0,NaN
391,F,0.9011162898495184,1.0004803742014,false,0,NaN
392,F,0.9011396077499559,0.9999897518243538,true,0,NaN
393,F,0.901118066261206,1.000478607250037,false,0,NaN
394,F,0.9011413093955575,0.9999878104406479,true,0,NaN
395,F,0.9011189544952973,1.0004762526188264,false,0,NaN
396,F,0.9011420907932214,0.9999871246341963,true,0,NaN
397,F,0.9011193986688537,1.0000432492487457,false,0,NaN
398,F,0.9011220949617138,1.0002299331766782,false,0,NaN
399,F,0.9011197321960511,0.9999865438786795,true,0,NaN
400,F,0.9002410573555718,1.193118567978513,false,0,NaN
401,F,0.9065384979207303,0.9610129653175915,true,0,NaN
402,F,0.9011147280617783,1.0009569998450878,false,0,NaN
403,F,0.9011172301289148,1.0004799809337295,false,0,NaN
404,F,0.9011184811624829,1.0004781170791381,false,0,NaN
405,F,0.9011146996514601,1.0009943727614303,false,0,NaN
406,F,0.9011607931337736,1.0009216406213999,false,0,NaN
407,F,0.9011172016390359,1.000482599080834,false,0,NaN
408,F,0.9011398991579758,1.0014343772687864,false,0,NaN
409,F,0.9011184526350419,1.0004785949355774,false,0,NaN
410,F,0.9011409679887338,1.0014379643101012,false,0,NaN
411,F,0.9011190781374813,1.0004777671041034,false,0,NaN
412,F,0.9011415560936441,1.0014388050909782,false,0,NaN
413,F,0.9011193908975743,1.000122398452858,false,0,NaN
414,F,0.901125621991401,1.0017839706140965,false,0,NaN
415,F,0.901119547295372,0.9999872436912144,true,0,NaN
416,F,0.9010696343710255,1.0016309164111101,false,0,NaN
417,F,0.9011496935259483,0.9999973182044604,true,0,NaN
418,F,0.9011194823960968,0.9999874265996805,true,0,NaN
419,F,0.9010720867207436,1.000352927692492,false,0,NaN
420,F,0.9010893895831839,0.9999977544054701,true,0,NaN
421,F,0.9010597101635414,1.0005979171695782,false,0,NaN
422,F,0.9010886211136884,1.0000061677613084,false,0,NaN
423,F,0.9010745498733627,1.0001795305978995,false,0,NaN
424,F,0.9010819697282733,0.9999747863458399,true,0,NaN
425,F,0.9010662833099701,1.0003816863076416,false,0,NaN
426,F,0.90108479818392,0.9999999675615181,true,0,NaN
427,F,0.9010741265191217,1.0001874873007377,false,0,NaN
428,F,0.9010780481236974,1.0001202931311857,false,0,NaN
429,F,0.9010800089259854,0.9999803961761893,true,0,NaN
430,F,0.9010718578531401,1.0000482772333743,false,0,NaN
431,F,0.901074217017206,0.9999996514370878,true,0,NaN
432,F,0.9010708518016984,0.9998346622716663,true,0,NaN
433,F,0.9010339354895309,0.9979182310603594,true,0,NaN
434,F,0.8530081320591374,NaN,false,-300,NaN
435,F,0.877020385034595,NaN,false,-300,NaN
436,F,0.8890265559191654,NaN,false,-300,NaN
437,F,0.8950296415325297,NaN,false,-300,NaN
438,F,0.8980311846813703,1.3410281132792758,false,0,NaN
439,F,0.9029353764372213,1.4116528006954474,false,0,NaN
440,F,0.8995319569401083,1.0768272471025293,false,0,NaN
441,F,0.9006598293926465,1.042769462058941,false,0,NaN
442,F,0.9002823444381183,1.0198450054469983,false,0,NaN
443,F,0.9005957501053955,1.0083428060349844,false,0,NaN
444,F,0.9008451446426139,0.9999844148748234,true,0,NaN
445,F,0.9004929657680649,1.0060416973903838,false,0,NaN
446,F,0.9008426214703176,1.0000349849644392,false,0,NaN
447,F,0.9008438830564657,1.0000068574300174,false,0,NaN
448,F,0.9008445138495398,0.9999932014583727,true,0,NaN
449,F,0.9005522643434888,1.0061482275405644,false,0,NaN
450,F,0.9005803748834231,1.0055234518583418,false,0,NaN
451,F,0.9006987044930513,1.00300928965728,false,0,NaN
452,F,0.9007124996662631,1.002714322289968,false,0,NaN
453,F,0.9007719245678326,1.0015266565396803,false,0,NaN
454,F,0.900778958079112,1.0013008900057547,false,0,NaN
455,F,0.9008085346052233,1.0007507656013486,false,0,NaN
456,F,0.9008120296064295,1.0006759144125525,false,0,NaN
457,F,0.9008268396239185,1.0003644905292186,false,0,NaN
458,F,0.900828572988062,1.0003264200395516,false,0,NaN
459,F,0.9008359921332663,1.0001715217411729,false,0,NaN
460,F,0.9008368454484663,1.000152790768758,false,0,NaN
461,F,0.90084056838794,1.0000750773967833,false,0,NaN
462,F,0.9008409818613181,1.0000660057604251,false,0,NaN
463,F,0.9008440005789454,1.0000028335870876,false,0,NaN
464,F,0.900844084578894,1.0000009216749186,true,0,NaN
465,F,0.9008450016346553,0.9999850608160812,true,0,NaN
466,F,0.9006817931487517,1.0114262646616836,false,0,NaN
467,F,0.9011086455644083,1.0030118994453254,false,0,NaN
468,F,0.9008449976381452,0.9999850611791486,true,0,NaN
469,F,0.9008440403228777,0.9999863901398138,true,0,NaN
470,F,0.9007514017512139,1.005705264465998,false,0,NaN
471,F,0.9007727640734932,1.0160168321056102,false,0,NaN
472,F,0.9008440085630997,0.9999863949331044,true,0,NaN
473,F,0.9007700040508076,1.003137410166338,false,0,NaN
474,F,0.9008631813283106,1.0011631690665486,false,0,NaN
475,F,0.9008070063069537,1.0010261363988926,false,0,NaN
476,F,0.9008255074350267,0.9998746694076495,true,0,NaN
477,F,0.9007720314371165,1.0036061878442324,false,0,NaN
478,F,0.9008928912479912,1.0010463108177954,false,0,NaN
479,F,0.9007987694360715,1.0010817498561375,false,0,NaN
480,F,0.9008121384355491,1.0009464716837406,false,0,NaN
481,F,0.9008188229352879,1.000728542841376,false,0,NaN
482,F,0.9007986903391114,1.0010824114131256,false,0,NaN
483,F,0.9008140828951251,1.0016810424538998,false,0,NaN
484,F,0.9008120374010699,1.0009472653905682,false,0,NaN
485,F,0.9008260327369707,1.0006298163333351,false,0,NaN
486,F,0.90081871093205,1.0007293873225729,false,0,NaN
487,F,0.9008299877522067,1.0004733223077693,false,0,NaN
488,F,0.9008220476975419,0.9998965640907025,true,0,NaN
489,F,0.9007960762246974,1.0002266440086387,false,0,NaN
490,F,0.9008067352932373,1.000000134144682,true,0,NaN
491,F,0.900784186998728,1.0003901099181132,false,0,NaN
492,F,0.9008024754968971,1.0000011780232203,false,0,NaN
493,F,0.9007989450203622,0.9999649902629509,true,0,NaN
494,F,0.9007924451404167,0.9999960278921741,true,0,NaN
495,F,0.9007808289694517,1.0014799521894922,false,0,NaN
496,F,0.9008505135819771,0.9999906637475723,true,0,NaN
497,F,0.9007866370549342,1.0009505737312727,false,0,NaN
498,F,0.9007895410976754,1.0004838290642555,false,0,NaN
499,F,0.9007909931190461,1.0003746264309492,false,0,NaN
500,F,0.9007808289694517,1.0014799521894922,false,0,NaN
501,F,0.900846300610041,1.0003713218644736,false,0,NaN
502,F,0.9007866311855415,1.000960204205001,false,0,NaN
503,F,0.9008291962044948,1.0003125306420724,false,0,NaN
504,F,0.9007895322935864,1.0004840450312036,false,0,NaN
505,F,0.9008110770597388,1.0004047329626982,false,0,NaN
506,F,0.900790982847609,1.0004067440090787,false,0,NaN
507,F,0.9008091292052799,1.0004679572894082,false,0,NaN
508,F,0.9007917081246202,0.999972686853561,true,0,NaN
509,F,0.9007864863181789,1.0008709214862934,false,0,NaN
510,F,0.9008274092901045,1.0000007945239269,true,0,NaN
511,F,0.9007895172795067,1.000479885351434,false,0,NaN
512,F,0.9007906127020634,1.0004777228883448,false,0,NaN
513,F,0.9007911604133418,1.000055417874944,false,0,NaN
514,F,0.9007895123496936,1.000479872171297,false,0,NaN
515,F,0.9008114381240125,1.000392363260183,false,0,NaN
516,F,0.900790605990562,1.0004777263139264,false,0,NaN
517,F,0.9008126877010904,1.0003821907138186,false,0,NaN
518,F,0.9007911528109963,1.0000588571255673,false,0,NaN
519,F,0.9007948377952297,1.0004196187052588,false,0,NaN
520,F,0.9007914262212133,1.000038845238322,false,0,NaN
521,F,0.9007942889982413,0.9999882912567284,true,0,NaN
522,F,0.900791562926322,0.9999774693447754,true,0,NaN
523,F,0.9007862142995957,1.0006763855320833,false,0,NaN
524,F,0.9008179902480172,0.9999998343058594,true,0,NaN
525,F,0.9007905815235894,1.0004173448589255,false,0,NaN
526,F,0.9007910722249557,0.9999937270431776,true,0,NaN
527,F,0.9007847537503244,1.0000949839218978,false,0,NaN
528,F,0.9007892279676649,0.9999997755219276,true,0,NaN
529,F,0.9007843011144188,1.000222979561706,false,0,NaN
530,F,0.9007849248807335,1.0002685410288883,false,0,NaN
531,F,0.9007867645410418,1.0000900986160464,false,0,NaN
532,F,0.9007879962543534,1.0000711127749937,false,0,NaN
533,F,0.9007886121110091,1.000058706314757,false,0,NaN
534,F,0.9007843011144188,1.0002229795617057,false,0,NaN
535,F,0.9007936363751664,1.0003218833254428,false,0,NaN
536,F,0.9007867610119432,1.0000889839555613,false,0,NaN
537,F,0.9007904920071373,1.0000412622150432,false,0,NaN
538,F,0.9007879909607058,1.000070865435962,false,0,NaN
539,F,0.900790964250306,1.0000066882047947,false,0,NaN
540,F,0.9007886059350878,1.000058316050052,false,0,NaN
541,F,0.9007910543937141,0.9999776475295858,true,0,NaN
542,F,0.9007889134222802,0.9999999717028087,true,0,NaN
543,F,0.9007821556124845,1.000127437432519,false,0,NaN
544,F,0.900788149104493,0.999999761819097,true,0,NaN
545,F,0.9007855860791201,1.000019255767336,false,0,NaN
546,F,0.9007865003339471,0.999999777510107,true,0,NaN
547,F,0.9007836191327994,1.000007334390419,false,0,NaN
548,F,0.9007794444460349,0.9998562836584974,true,0,NaN
549,F,0.9007530780984705,0.9961583573956718,true,0,NaN
550,F,0.900489356639549,1.0008992958151695,false,0,NaN
551,F,0.9004713654933464,1.0006603317785334,false,0,NaN
552,F,0.9006212173690098,0.9979880062863308,true,0,NaN
553,F,0.9005190479052911,1.0000398921988307,false,0,NaN
554,F,0.9005098523852821,1.000053504010888,false,0,NaN
555,F,0.9005067981033024,0.9999985021554012,true,0,NaN
556,F,0.9004882430612277,0.9990244553780081,true,0,NaN
557,F,0.9004188736781541,0.9964197541849777,true,0,NaN
558,F,0.9002387054354997,1.0003256945868149,false,0,NaN
559,F,0.900255409254218,0.9999474380908833,true,0,NaN
560,F,0.9002512517063306,1.000004425839233,false,0,NaN
561,F,0.900251477195348,0.9999993745016039,true,0,NaN
562,F,0.9002458585071436,0.9997061577435469,true,0,NaN
563,F,0.8975496648997269,NaN,false,-300,NaN
564,F,0.8988976279443707,NaN,false,-300,NaN
565,F,0.8995716094747072,NaN,false,-300,NaN
566,F,0.8999086002559044,1.426538771503437,false,0,NaN
567,F,0.9016025510543302,1.2563372204525791,false,0,NaN
568,F,0.9000770956785611,1.0905743956458855,false,0,NaN
569,F,0.9004377199289085,1.0642447440004956,false,0,NaN
570,F,0.9001613434540058,1.0262962789941006,false,0,NaN
571,F,0.9002668702316241,1.0192351204099879,false,0,NaN
572,F,0.9002034674699616,1.0078904042606758,false,0,NaN
573,F,0.900235947794879,1.006119996763884,false,0,NaN
574,F,0.9002350613796415,1.0009553958629742,false,0,NaN
575,F,0.9002400191423459,1.000388928582198,false,0,NaN
576,F,0.9002442855911864,0.9997186514793684,true,0,NaN
577,F,0.9002313463735866,1.0000010156188157,false,0,NaN
578,F,0.9002300131553203,1.0009138559052966,false,0,NaN
579,F,0.9002701462909822,1.0000005412298574,true,0,NaN
580,F,0.900257412012011,0.9997792480966181,true,0,NaN
581,F,0.900166239271613,1.006314269413385,false,0,NaN
582,F,0.9004283530722923,1.0019317536201786,false,0,NaN
583,F,0.9002117705793556,1.002123095653183,false,0,NaN
584,F,0.9003057797381792,1.0003250594580868,false,0,NaN
585,F,0.9002345362649149,1.0003420539988201,false,0,NaN
586,F,0.9002571093805394,1.000215111173231,false,0,NaN
587,F,0.9002459191710711,0.9996753185178558,true,0,NaN
588,F,0.9002110949618664,1.0000991999259548,false,0,NaN
589,F,0.9002456651708757,0.9996776492720417,true,0,NaN
590,F,0.8996240629785747,1.0137394160487625,false,0,NaN
591,F,0.8996241936231362,1.0133717141251757,false,0,NaN
592,F,0.8999348590934522,1.0064390358948636,false,0,NaN
593,F,0.8999349219119019,1.0064601240514999,false,0,NaN
594,F,0.9000902613992221,1.0028404569766243,false,0,NaN
595,F,0.9000902907841232,1.0028493681281216,false,0,NaN
596,F,0.9001679632850489,1.0010540712922746,false,0,NaN
597,F,0.9001679760730615,1.0010570904913711,false,0,NaN
598,F,0.9002068142279623,1.0001661890324982,false,0,NaN
599,F,0.90020681876687,1.0001654403323514,false,0,NaN
600,F,0.900226239699419,0.9997574874759062,true,0,NaN
601,F,0.9000905099509736,1.0028636841726137,false,0,NaN
602,F,0.9000909556434662,1.0024917094414856,false,0,NaN
603,F,0.9001583748251962,1.0012863672574523,false,0,NaN
604,F,0.9001585941964426,1.0013012356117974,false,0,NaN
605,F,0.9001923072623076,1.0005003725126422,false,0,NaN
606,F,0.9001924138551335,1.0005074756911572,false,0,NaN
607,F,0.9002092734808633,1.0001085198466073,false,0,NaN
608,F,0.9002093238487271,1.0001113803604111,false,0,NaN
609,F,0.9002177565901411,0.9999137970114875,true,0,NaN
610,F,0.9002136135420037,1.0000016921365724,false,0,NaN
611,F,0.9002136210113011,0.9999997501152912,true,0,NaN
612,F,0.9002132439765669,1.0000000679325098,true,0,NaN
613,F,0.9002122652880953,1.0000018644859223,false,0,NaN
614,F,0.9002116912363224,1.0000036987824905,false,0,NaN
615,F,0.9002127546323311,1.0000004537300227,true,0,NaN
616,F,0.900212999304449,1.000000129402823,true,0,NaN
617,F,0.9002100998853387,1.0000134286225895,false,0,NaN
618,F,0.9002095324373582,1.0000141435730814,false,0,NaN
619,F,0.9002115495948938,1.000003283231098,false,0,NaN
620,F,0.9002122744496714,1.0000009037847148,true,0,NaN
621,F,0.9002126368770602,1.0000003114888116,true,0,NaN
622,F,0.900207613111121,1.0004993398849875,false,0,NaN
623,F,0.9002101249940906,1.0000107597713315,false,0,NaN
624,F,0.9002113809355754,1.0000025767263743,false,0,NaN
625,F,0.9002120089063178,1.0000008341285775,true,0,NaN
626,F,0.9002095207985841,1.0000194243875407,false,0,NaN
627,F,0.9002103487741884,1.0000065786508443,false,0,NaN
628,F,0.9002110806483067,1.0000036653897604,false,0,NaN
629,F,0.9002112446639898,0.9999999149670258,true,0,NaN
630,F,0.9001957870226663,1.0055466511177402,false,0,NaN
631,F,0.9004368515902591,1.002240702752267,false,0,NaN
632,F,0.9002109520770604,1.0004261492635447,false,0,NaN
633,F,0.900211098370525,1.0000004798305582,true,0,NaN
634,F,0.9002111715172575,0.9999999325491268,true,0,NaN
635,F,0.900205173025313,1.0022466031630815,false,0,NaN
636,F,0.9003035132788829,0.999850502528689,true,0,NaN
637,F,0.9002674411537015,0.9993211395078004,true,0,NaN
638,F,0.9002340953684804,0.9999273037173825,true,0,NaN
639,F,0.9002291672405536,0.9999034531614885,true,0,NaN
640,F,0.9001994211848666,0.9988673478085677,true,0,NaN
641,F,0.9001230127248295,1.0021593328205871,false,0,NaN
642,F,0.9002164824507817,1.0000179371723974,false,0,NaN
643,F,0.9001612169548481,1.0010457400630544,false,0,NaN
644,F,0.9001803190698574,1.0006656392755031,false,0,NaN
645,F,0.900189870127362,0.9990857833425861,true,0,NaN
646,F,0.9001224757002881,1.0021714169567946,false,0,NaN
647,F,0.9001224936344846,1.0021748567356827,false,0,NaN
648,F,0.9001497936010027,1.0011743588692743,false,0,NaN
649,F,0.9001498079635945,1.000963746629754,false,0,NaN
650,F,0.9001634525626064,1.0008895080374816,false,0,NaN
651,F,0.9001634668996362,1.0008787221788822,false,0,NaN
652,F,0.9001702820659014,0.9992662610125777,true,0,NaN
653,F,0.8950287922710296,NaN,false,-300,NaN
654,F,0.8975992377630794,NaN,false,-300,NaN
655,F,0.898884460510337,NaN,false,-300,NaN
656,F,0.8995270718864316,1.642394435391355,false,0,NaN
657,F,0.8998069364824722,1.6019957819285433,false,0,NaN
658,F,0.8998483775794103,1.1337317627128498,false,0,NaN
659,F,0.8999068917290919,1.1258482093537396,false,0,NaN
660,F,0.9000090304357623,1.0395534518673104,false,0,NaN
661,F,0.9000265618334968,1.0358850399163724,false,0,NaN
662,F,0.9000893568836639,1.0140221277084158,false,0,NaN
663,F,0.9000957780490565,1.011056347747758,false,0,NaN
664,F,0.9001496018576699,1.0022604903904924,false,0,NaN
665,F,0.9001509048259214,1.002303483907415,false,0,NaN
666,F,0.9001671747357988,0.9992842298140248,true,0,NaN
667,F,0.9001333357521936,1.000010453452196,false,0,NaN
668,F,0.9001670735283936,0.9992863600216442,true,0,NaN
669,F,0.9001312864618765,1.0008770973780576,false,0,NaN
670,F,0.900149179995135,0.9996489444502779,true,0,NaN
671,F,0.9001581267617643,0.9994659490307541,true,0,NaN
672,F,0.900162600145079,0.9993756630142802,true,0,NaN
673,F,0.9001287853393645,1.0008832037800854,false,0,NaN
674,F,0.9001456927422218,1.0005499661781267,false,0,NaN
675,F,0.9001541464436503,0.9995337304926758,true,0,NaN
676,F,0.9001583732943647,0.9994540972459324,true,0,NaN
677,F,0.8993807875327234,NaN,false,-300,NaN
678,F,0.8997692235818254,1.496370644355855,false,0,NaN
679,F,0.899963487066179,1.1029407308906338,false,0,NaN
680,F,0.9018060009269614,1.0312355027020026,false,0,NaN
681,F,0.9000607099146084,1.033828674024481,false,0,NaN
682,F,0.9006727416362234,1.0049813380044128,false,0,NaN
683,F,0.9001094704795279,1.010750501893059,false,0,NaN
684,F,0.9003106151136276,1.00179327108736,false,0,NaN
685,F,0.9001339245531815,1.0042186493433376,false,0,NaN
686,F,0.9002187753957471,1.001185684809084,false,0,NaN
687,F,0.9001461521850113,1.002853938489133,false,0,NaN
688,F,0.900206705740248,1.0005080438549814,false,0,NaN
689,F,0.9001553270797428,1.0003349439644615,false,0,NaN
690,F,0.9001710321847932,1.0001563405228087,false,0,NaN
691,F,0.900158020640403,0.9994535972540926,true,0,NaN
692,F,0.9001573453854704,0.999455324313193,true,0,NaN
693,F,0.9001535988472414,1.0022611996747743,false,0,NaN
694,F,0.9002743825094304,0.9988217288639225,true,0,NaN
695,F,0.9001554671186512,1.0003316077887034,false,0,NaN
696,F,0.9001931881447788,0.9999513774922795,true,0,NaN
697,F,0.900156401260495,1.0003095486167484,false,0,NaN
698,F,0.9001568683436953,1.0003077532077227,false,0,NaN
699,F,0.9001571019098579,0.9995183782390288,true,0,NaN
700,F,0.9001480168790186,0.9996639414214948,true,0,NaN
701,F,0.9001240150429827,1.000266228188729,false,0,NaN
702,F,0.9001407630074258,0.9984765294186821,true,0,NaN
703,F,0.9000804165899047,0.9998465084589963,true,0,NaN
704,F,0.9000736777162698,0.9999996538495945,true,0,NaN
705,F,0.9000736648499813,0.9999997774862244,true,0,NaN
706,F,0.9000736515443581,0.9999997725702223,true,0,NaN
707,F,0.9000736174984414,0.9999997726055281,true,0,NaN
708,F,0.9000735324274483,0.999999772784888,true,0,NaN
709,F,0.9000733197563989,0.999999773906332,true,0,NaN
710,F,0.9000728872530007,0.9999997809268093,true,0,NaN
711,F,0.9000728669790825,0.9999997729682479,true,0,NaN
712,F,0.9000728157949512,0.9999997774686304,true,0,NaN
713,F,0.9000726932120602,0.9999999585419796,true,0,NaN
714,F,0.900072543105839,1.000001438117532,false,0,NaN
715,F,0.9000724635155313,1.0000023639740705,false,0,NaN
716,F,0.9000726181589496,1.000000115710344,true,0,NaN
717,F,0.9000726556855049,0.9999999620841907,true,0,NaN
718,F,0.9000726252400627,0.9999998066941795,true,0,NaN
719,F,0.9000725377953497,0.99999977313109,true,0,NaN
720,F,0.9000723174782892,0.9999997743448535,true,0,NaN
721,F,0.900071764196794,0.9999997828845272,true,0,NaN
722,F,0.9000703892096752,0.9999998351664598,true,0,NaN
723,F,0.900067000356479,0.9999121227558393,true,0,NaN
724,F,0.9000548815812052,1.0008916455941992,false,0,NaN
725,F,0.900085823971103,1.0026776727894298,false,0,NaN
726,F,0.9000609409688421,1.000432525200735,false,0,NaN
727,F,0.9000639706626605,0.9999341238219337,true,0,NaN
728,F,0.9000412821495174,1.0041044251743847,false,0,NaN
729,F,0.9002008576017577,1.0013275612966173,false,0,NaN
730,F,0.900052626406089,1.0024186266688329,false,0,NaN
731,F,0.9000582985343748,1.0009630114831232,false,0,NaN
732,F,0.9000611345985177,1.0004183144687107,false,0,NaN
733,F,0.8999147080947455,1.017605949781599,false,0,NaN
734,F,0.9006704112930746,1.0005892704877726,false,0,NaN
735,F,0.8998515089536804,1.0212291669573053,false,0,NaN
736,F,0.900763147005515,1.0028252940868079,false,0,NaN
737,F,0.899819268643139,1.024636475348613,false,0,NaN
738,F,0.9008772448599295,1.002269956930204,false,0,NaN
739,F,0.8998015781466103,1.0262356813665363,false,0,NaN
740,F,0.9009282662212575,1.001811935655678,false,0,NaN
741,F,0.8998500736649842,1.0212218109033964,false,0,NaN
742,F,0.9007620897991441,1.0032264522133438,false,0,NaN
743,F,0.8999568914023166,1.0139096160116317,false,0,NaN
744,F,0.9005556395998955,1.000888677181401,false,0,NaN
745,F,0.9000104200896617,1.0090251451983692,false,0,NaN
746,F,0.9003999068647651,1.001263375891397,false,0,NaN
747,F,0.900050587030997,1.0034990806403667,false,0,NaN
748,F,0.9002033242988368,0.9999419946676492,true,0,NaN
749,F,0.9001273821484146,1.001820004911604,false,0,NaN
750,F,0.9001412370301487,1.0005409750400718,false,0,NaN
751,F,0.9001653532236257,1.0008757495980602,false,0,NaN
752,F,0.9001722419315926,1.0007955649461724,false,0,NaN
753,F,0.9001843387612312,1.0004049572816756,false,0,NaN
754,F,0.9001877542336896,1.0003649704107593,false,0,NaN
755,F,0.900193831530034,1.000169894619082,false,0,NaN
756,F,0.9001955128450772,1.0001501537364255,false,0,NaN
757,F,0.9001985779144354,1.000052446619806,false,0,NaN
758,F,0.9001993927655467,1.0000428654235687,false,0,NaN
759,F,0.9002009511066361,0.9999937448750456,true,0,NaN
760,F,0.9001986160795509,1.0000079466610639,false,0,NaN
761,F,0.9001970170372763,1.0012882109787662,false,0,NaN
762,F,0.9002009501090042,0.9999937475342358,true,0,NaN
763,F,0.9001986289280447,1.0014633063420293,false,0,NaN
764,F,0.9002311664066243,1.0041562828976285,false,0,NaN
765,F,0.9001997895185245,1.0014606262178716,false,0,NaN
766,F,0.9002003698137644,1.0008391587979557,false,0,NaN
767,F,0.9002006599613843,1.000003635815932,false,0,NaN
768,F,0.9001910838909837,1.0031524224010155,false,0,NaN
769,F,0.9001960169967166,1.002756836278336,false,0,NaN
770,F,0.9001984835526523,1.0014568782664786,false,0,NaN
771,F,0.9001997168308289,1.001457395532015,false,0,NaN
772,F,0.9002003334699172,1.0006166737053972,false,0,NaN
773,F,0.9002006417894614,0.9999954184064371,true,0,NaN
774,F,0.9002000728193588,1.0000042400724702,false,0,NaN
775,F,0.9002000352405496,1.0000007456206557,true,0,NaN
776,F,0.9002006417574921,0.9999954186499386,true,0,NaN
777,F,0.9001999003419494,1.0000000208670559,true,0,NaN
778,F,0.9001993914810189,0.9999997902125919,true,0,NaN
779,F,0.9001980994467822,1.0005415698057207,false,0,NaN
780,F,0.9002208153582321,1.0007533964880877,false,0,NaN
781,F,0.9001987454639006,0.999999813645492,true,0,NaN
782,F,0.900195968158815,1.0012936805619577,false,0,NaN
783,F,0.9002507678852447,0.9999994168772766,true,0,NaN
784,F,0.9002423367334709,1.0005189605272677,false,0,NaN
785,F,0.9002565577049711,0.9999970434192398,true,0,NaN
786,F,0.9002465523093578,1.0000002312614427,true,0,NaN
787,F,0.9002486600973013,0.99999966516481,true,0,NaN
788,F,0.9002297228921509,1.0015777455295911,false,0,NaN
789,F,0.9002817583547253,1.0032574817205098,false,0,NaN
790,F,0.9002391914947261,1.00051498728847,false,0,NaN
791,F,0.9002439257960136,1.0005168787327845,false,0,NaN
792,F,0.9002462929466575,0.9999998325452746,true,0,NaN
793,F,0.900201787453824,1.0045788290604356,false,0,NaN
794,F,0.9003623790862091,1.0044580082102081,false,0,NaN
795,F,0.9002240402002407,1.0026620711463625,false,0,NaN
796,F,0.9002351665734492,1.0005073761832282,false,0,NaN
797,F,0.9002407297600533,1.0005174958828211,false,0,NaN
798,F,0.9002354829299566,1.0005074591334329,false,0,NaN
799,F,0.9002574048155157,1.0006429605789342,false,0,NaN
800,F,0.9002408310176161,1.0005179093222971,false,0,NaN
801,F,0.9002632038863594,1.0006660701963719,false,0,NaN
802,F,0.9002435050617461,1.00051771607611,false,0,NaN
803,F,0.90026586943704,1.0006715748660144,false,0,NaN
804,F,0.9002448420844116,0.9999902198791626,true,0,NaN
805,F,0.9002296604848093,1.0015862550620869,false,0,NaN
806,F,0.900286064016294,1.0032542393438435,false,0,NaN
807,F,0.9002437250254539,1.0005182067210037,false,0,NaN
808,F,0.9002442835549327,1.0005230950756947,false,0,NaN
809,F,0.9002445628196721,0.999990473021513,true,0,NaN
810,F,0.9002327813282119,1.001053527819464,false,0,NaN
811,F,0.9002686176542425,0.9998063200028267,true,0,NaN
812,F,0.900238672073942,1.000509748450499,false,0,NaN
813,F,0.9002416174468071,1.0004712949276264,false,0,NaN
814,F,0.9002430901332397,1.0000028099358476,false,0,NaN
815,F,0.9002440496314825,0.999991969073629,true,0,NaN
816,F,0.9002403254108782,0.9999897508973498,true,0,NaN
817,F,0.9002317836326835,1.0005370924907324,false,0,NaN
818,F,0.9002476674008499,0.9998768465329636,true,0,NaN
819,F,0.9002360545217809,0.999994712161739,true,0,NaN
820,F,0.9002164644865859,1.0008739038207415,false,0,NaN
821,F,0.9002365850770848,1.0009969080301413,false,0,NaN
822,F,0.9002262595041833,1.0004086529032352,false,0,NaN
823,F,0.9002311570129822,1.0005324220580907,false,0,NaN
824,F,0.9002336057673815,1.0005233878873465,false,0,NaN
825,F,0.9002164644865859,1.0008739038207415,false,0,NaN
826,F,0.9002548162102816,1.0011811251177472,false,0,NaN
827,F,0.9002262515201127,1.0004082216961385,false,0,NaN
828,F,0.9002442828598559,1.0005632494351961,false,0,NaN
829,F,0.9002311450368762,1.000532505933379,false,0,NaN
830,F,0.9002546848642468,1.0006625645154756,false,0,NaN
831,F,0.9002335917952583,1.0005301179419186,false,0,NaN
832,F,0.900257054642721,1.0006730108594828,false,0,NaN
833,F,0.9002348151744501,0.9999951770886484,true,0,NaN
834,F,0.9002284040771089,1.0005481861912109,false,0,NaN
835,F,0.9002466295242683,1.001245283383874,false,0,NaN
836,F,0.9002319951311304,1.0005345009754292,false,0,NaN
837,F,0.9002334051527903,1.0005327512262707,false,0,NaN
838,F,0.9002341101636202,0.9999957486668792,true,0,NaN
839,F,0.9002187863692838,1.000944118706514,false,0,NaN
840,F,0.9002460467999887,1.0010372247754737,false,0,NaN
841,F,0.900226448266452,1.0004174343675376,false,0,NaN
842,F,0.9002302792150361,1.0005328549073438,false,0,NaN
843,F,0.9002321946893281,1.00053245210316,false,0,NaN
844,F,0.9002307045089902,1.0005329264397536,false,0,NaN
845,F,0.9002539474629778,1.0000119146678712,false,0,NaN
846,F,0.9002323984994558,1.000532608407838,false,0,NaN
847,F,0.9002556469832595,1.0000114787199612,false,0,NaN
848,F,0.900233245494689,1.0005324885094768,false,0,NaN
849,F,0.9002564984387791,1.0000112624207707,false,0,NaN
850,F,0.9002336689923064,1.0000119086557009,false,0,NaN
851,F,0.900234364546763,0.9999952231637467,true,0,NaN
852,F,0.9002338807411167,0.99999601011973,true,0,NaN
853,F,0.900196940465425,1.0018667988432177,false,0,NaN
854,F,0.9002445661434716,0.9996648409075533,true,0,NaN
855,F,0.900230294739278,1.0005325077809304,false,0,NaN
856,F,0.9002320877401973,1.0005324249464496,false,0,NaN
857,F,0.900232984240657,1.000532411123951,false,0,NaN
858,F,0.9002302800125371,1.0005326556921628,false,0,NaN
859,F,0.9002538466839969,1.0010421550616202,false,0,NaN
860,F,0.9002320722218047,1.000532588894696,false,0,NaN
861,F,0.9002556439980375,1.001045144917045,false,0,NaN
862,F,0.9002329683264424,1.0005325835346572,false,0,NaN
863,F,0.9002565438872151,1.0010467096213016,false,0,NaN
864,F,0.9002334163787693,1.0005325878675588,false,0,NaN
865,F,0.9002569941399929,1.001047509101764,false,0,NaN
866,F,0.9002336404049488,1.000146328399426,false,0,NaN
867,F,0.9002402450981116,1.0004464685235175,false,0,NaN
868,F,0.9002337524180707,0.9999962103511242,true,0,NaN
869,F,0.9000927517142131,1.0015581862268896,false,0,NaN
870,F,0.8997090214478881,1.1100333783298433,false,0,NaN
871,F,0.9002308324588804,1.0004127383700476,false,0,NaN
872,F,0.9002322924384755,1.0005327581372534,false,0,NaN
873,F,0.9002330224282731,1.00053263281361,false,0,NaN
874,F,0.9002308162629572,1.0004130472889918,false,0,NaN
875,F,0.9002488264933984,1.0000199487529982,false,0,NaN
876,F,0.9002322760713259,1.0005330700895243,false,0,NaN
877,F,0.900255474698335,1.0000268592231862,false,0,NaN
878,F,0.9002330059755393,1.0005329157647516,false,0,NaN
879,F,0.9002561987532538,1.0000268046141625,false,0,NaN
880,F,0.9002333709277041,1.000527571992733,false,0,NaN
881,F,0.9002563331854816,0.9995014527621919,true,0,NaN
882,F,0.9002335534039025,1.0000015603102554,false,0,NaN
883,F,0.9002337843961756,0.9999960210493177,true,0,NaN
884,F,0.9002336446422339,0.9999965384201149,true,0,NaN
885,F,0.9002245484427768,0.9994497467602081,true,0,NaN
886,F,0.9001800191617715,0.9989259306943706,true,0,NaN
887,F,0.9001268188730972,0.9992032736867645,true,0,NaN
888,F,0.900089878532056,1.0000131294669914,false,0,NaN
889,F,0.9000868768935438,0.9999777238847393,true,0,NaN
890,F,0.9000809406599903,1.0000543872959802,false,0,NaN
891,F,0.9000818019281194,1.0000294904225484,false,0,NaN
892,F,0.9000839087767671,1.0000094559197095,false,0,NaN
893,F,0.9000853928351554,0.9999905620709381,true,0,NaN
894,F,0.9000861348643496,0.9999827793629839,true,0,NaN
895,F,0.900080926627366,1.0000547356866154,false,0,NaN
896,F,0.9000813797934455,1.0000457296144865,false,0,NaN
897,F,0.9000828948619852,1.0000346168950558,false,0,NaN
898,F,0.9000832733661721,1.0000295893415059,false,0,NaN
899,F,0.9000838789793029,1.0000273634661145,false,0,NaN
900,F,0.900084243336488,1.0000228104740985,false,0,NaN
901,F,0.9000843710379781,1.0000243007347729,false,0,NaN
902,F,0.9000847329815015,1.0000198398373286,false,0,NaN
903,F,0.9000846170673482,1.0000229104457319,false,0,NaN
904,F,0.9000849789696702,1.0000184701995078,false,0,NaN
905,F,0.9000847400820986,1.0000222505793226,false,0,NaN
906,F,0.9000851022553036,1.000017815085382,false,0,NaN
907,F,0.9000848015896041,1.0000219294661588,false,0,NaN
908,F,0.9000851639711313,1.0000174950285825,false,0,NaN
909,F,0.9000848477211463,1.0000216924859564,false,0,NaN
910,F,0.9000852102908062,1.0000172582782334,false,0,NaN
911,F,0.900084861185645,1.0000216239418096,false,0,NaN
912,F,0.900085223815369,1.0000171897114676,false,0,NaN
913,F,0.9000857072706175,1.0000004867398562,true,0,NaN
914,F,0.9000858953458057,0.9999981451894958,true,0,NaN
915,F,0.9000809604556438,1.0000429468474612,false,0,NaN
916,F,0.9000808210537306,0.9996345522772005,true,0,NaN
917,F,0.9000574893432349,1.0013605100331406,false,0,NaN
918,F,0.9000094765462242,1.0067431720086295,false,0,NaN
919,F,0.9000691551984827,1.000378249959178,false,0,NaN
920,F,0.9000749881261066,0.9997616027517294,true,0,NaN
921,F,0.900064027391681,1.0000066472188318,false,0,NaN
922,F,0.900064228838952,0.9999990451656539,true,0,NaN
923,F,0.9000638349148493,0.9999022484451813,true,0,NaN
924,F,0.9000586156877795,0.999860022520965,true,0,NaN
925,F,0.8530032554601287,NaN,false,-300,NaN
926,F,0.8765309039506085,NaN,false,-300,NaN
927,F,0.8882947346682465,1.6019569737763661,false,0,NaN
928,F,0.900093614967305,NaN,false,-300,NaN
929,F,0.8941766500676602,1.1998856406627696,false,0,NaN
930,F,0.8980964146694297,1.1892805046032744,false,0,NaN
931,F,0.8971176078485565,1.086134177706562,false,0,NaN
932,F,0.898808263186032,1.0620323083748413,false,0,NaN
933,F,0.8985880869013837,1.0433877054463392,false,0,NaN
934,F,0.8994410689945259,1.0280986783081578,false,0,NaN
935,F,0.8993233267525557,1.021248931196933,false,0,NaN
936,F,0.8997424704988387,1.015985443405723,false,0,NaN
937,F,0.8998747589142717,1.006090529552966,false,0,NaN
938,F,0.8999968538796126,1.0036652322217503,false,0,NaN
939,F,0.9000356165675948,1.0024130875364226,false,0,NaN
940,F,0.9000571782427679,0.9998879279719791,true,0,NaN
941,F,0.9000521648559792,1.0000000115308134,true,0,NaN
942,F,0.9000521455273619,0.9999995262702557,true,0,NaN
943,F,0.9000518512916905,0.9995792354693133,true,0,NaN
944,F,0.8552088726242729,NaN,false,-300,NaN
945,F,0.8776303619579817,NaN,false,-300,NaN
946,F,0.8888411066248361,1.3867131018531575,false,0,NaN
947,F,0.8925789380131678,1.4713491614594114,false,0,NaN
948,F,0.8944464789582633,1.1357782569422408,false,0,NaN
949,F,0.8957614994570887,1.1000014996956706,false,0,NaN
950,F,0.8972491651249769,1.0622097082420277,false,0,NaN
951,F,0.8978538710494546,1.035468969561312,false,0,NaN
952,F,0.8986505082083337,1.0293254749019451,false,0,NaN
953,F,0.8989377122859761,1.0186244464342975,false,0,NaN
954,F,0.8993511797500121,1.0137999454613957,false,0,NaN
955,F,0.8994884826818793,1.008933196338791,false,0,NaN
956,F,0.8998766834062709,1.005161127371453,false,0,NaN
957,F,0.8999305773497082,1.0041917238505333,false,0,NaN
958,F,0.900029955306013,1.0000864805365675,false,0,NaN
959,F,0.9000348528276879,0.9999920812640297,true,0,NaN
960,F,0.9000342972519659,1.0000016329235366,false,0,NaN
961,F,0.9000343257814187,1.0000005334717308,true,0,NaN
962,F,0.9000348521242979,0.999992091242618,true,0,NaN
963,F,0.9000344157574395,1.0000005152522862,true,0,NaN
964,F,0.9000344005646845,1.000000561615725,true,0,NaN
965,F,0.9000346339408687,0.9999961689328207,true,0,NaN
966,F,0.9000347430325834,0.9999940942455723,true,0,NaN
967,F,0.9000347975784406,0.9999930837633032,true,0,NaN
968,F,0.9000347524492339,0.9999926731384966,true,0,NaN
969,F,0.9000344457299563,0.9999995696901928,true,0,NaN
970,F,0.9000344285980051,0.9999997837965585,true,0,NaN
971,F,0.9000344122943724,0.9999997893894121,true,0,NaN
972,F,0.9000343800996433,0.9999998081462553,true,0,NaN
973,F,0.9000343154527204,0.9999998216567269,true,0,NaN
974,F,0.9000341706796978,0.999999831415753,true,0,NaN
975,F,0.9000341257993196,0.9999997754194119,true,0,NaN
976,F,0.900034009433061,0.9999997822391541,true,0,NaN
977,F,0.9000337228703785,0.9999997954206145,true,0,NaN
978,F,0.9000330128372439,0.99999980876282,true,0,NaN
979,F,0.900031239940763,1.000559248109047,false,0,NaN
980,F,0.9000540790076258,1.0019452669773903,false,0,NaN
981,F,0.9000321263890034,0.9999999476886772,true,0,NaN
982,F,0.900030609772126,1.0024965454867982,false,0,NaN
983,F,0.9001395950951705,1.00000574005719,false,0,NaN
984,F,0.9000313680805647,1.0005555738464584,false,0,NaN
985,F,0.9000317472347841,1.0005570297103037,false,0,NaN
986,F,0.9000319368118938,1.0001911502372707,false,0,NaN
987,F,0.9000316800790957,1.0005569744118934,false,0,NaN
988,F,0.9000548217894283,1.0019400344128981,false,0,NaN
989,F,0.900031712144303,1.0005570526543495,false,0,NaN
990,F,0.9000548568996161,1.0019401569516428,false,0,NaN
991,F,0.9000317281769086,1.000557015108524,false,0,NaN
992,F,0.9000548712696309,1.0019402959657728,false,0,NaN
993,F,0.9000317361932153,1.0005569529446854,false,0,NaN
994,F,0.9000548766519955,1.001940409381774,false,0,NaN
995,F,0.9000317402013764,1.0005569047453347,false,0,NaN
996,F,0.9000548786320535,1.001940483399768,false,0,NaN
997,F,0.9000317422054728,1.0005568751794056,false,0,NaN
998,F,0.9000548793950062,1.0019405259350889,false,0,NaN
999,F,0.9000317432075523,1.000556858843787,false,0,NaN
1000,F,0.9000548797120098,1.0019405487724447,false,0,NaN
1001,F,0.9000317439593319,1.0005568458599825,false,0,NaN
1002,F,0.9000548799195669,1.0019405666418353,false,0,NaN
1003,F,0.9000317441809971,1.0005568419079347,false,0,NaN
1004,F,0.9000320686434669,1.0000004761927461,true,0,NaN
1005,F,0.9000320905998117,0.9999999823423056,true,0,NaN
1006,F,0.9000318926045273,1.0000000970540717,true,0,NaN
1007,F,0.9000317409190094,1.0000003518551108,true,0,NaN
1008,F,0.9000320905996176,0.9999999823420994,true,0,NaN
1009,F,0.9000316734986873,1.0000008408596797,true,0,NaN
1010,F,0.9000313930862195,1.0000016195894694,false,0,NaN
1011,F,0.9000318820491524,1.0000001457779366,true,0,NaN
1012,F,0.9000319863243851,0.9999999971585649,true,0,NaN
1013,F,0.8530031223133117,NaN,false,-300,NaN
1014,F,0.8765175519222453,NaN,false,-300,NaN
1015,F,0.8882747670545995,3.0895218210778816,false,0,NaN
1016,F,0.975274109601534,NaN,false,-300,NaN
1017,F,0.8941533746207835,1.4342541148740076,false,0,NaN
1018,F,0.9122339815362351,1.1146570415738921,false,0,NaN
1019,F,0.8970926784038895,1.1502073998914704,false,0,NaN
1020,F,0.9033467146785304,1.0167507783448266,false,0,NaN
1021,F,0.8985623302954704,1.0558270295514125,false,0,NaN
1022,F,0.9008867449337506,1.0013179207020544,false,0,NaN
1023,F,0.8992971562413166,1.029290940674283,false,0,NaN
1024,F,0.9005167141321583,1.0004259893525975,false,0,NaN
1025,F,0.8998482757010917,1.0108063334231354,false,0,NaN
1026,F,0.9002982083792752,1.0006884763786832,false,0,NaN
1027,F,0.9000090188808947,1.0026217475482329,false,0,NaN
1028,F,0.9001181780950328,1.000194052885132,false,0,NaN
1029,F,0.9000305470561839,1.000039301698231,false,0,NaN
1030,F,0.900032183540221,1.0000026940424447,false,0,NaN
1031,F,0.9000319397514165,1.0000006742483358,true,0,NaN
1032,F,0.9000319679427301,1.0000000340116368,true,0,NaN
1033,F,0.9000319855966824,0.9999999974192791,true,0,NaN
1034,F,0.9000319856075375,0.9999999971589983,true,0,NaN
1035,F,0.9000319708049551,0.9999997628615708,true,0,NaN
1036,F,0.8992574187591719,1.1134185246602137,false,0,NaN
1037,F,0.9042742263232838,1.0184295041329445,false,0,NaN
1038,F,0.8996446947820635,1.0501408290589285,false,0,NaN
1039,F,0.8998383327935093,1.0261727223826524,false,0,NaN
1040,F,0.8999351517992322,1.0169103951374316,false,0,NaN
1041,F,0.8992574187591719,1.1134185246602137,false,0,NaN
1042,F,0.9040318343744342,1.0184812753686463,false,0,NaN
1043,F,0.8996446857051178,1.0500934259926868,false,0,NaN
1044,F,0.9017534017637134,1.0025371922900306,false,0,NaN
1045,F,0.8998383191782107,1.02616768411027,false,0,NaN
1046,F,0.9009398700046681,1.001633449329278,false,0,NaN
1047,F,0.8999351359149971,1.0169093223999544,false,0,NaN
1048,F,0.90064695171266,1.0015350398261542,false,0,NaN
1049,F,0.8999835442838702,1.010864101535518,false,0,NaN
1050,F,0.9004408836973641,1.0014234549891976,false,0,NaN
1051,F,0.9000077484692666,1.0067562673483499,false,0,NaN
1052,F,0.9002921666866237,1.0016412327197346,false,0,NaN
1053,F,0.9000198505638843,1.0042277707171636,false,0,NaN
1054,F,0.9001978305344712,1.0008190956523781,false,0,NaN
1055,F,0.9000289271482851,1.0019552093755157,false,0,NaN
1056,F,0.9000315746242893,1.0000088172998072,false,0,NaN
1057,F,0.900031955774896,1.0000001151854565,true,0,NaN
1058,F,0.900031931798903,0.9999999749382051,true,0,NaN
1059,F,0.8992573618054837,1.113416962539048,false,0,NaN
1060,F,0.9042741337674322,1.0184297348666502,false,0,NaN
1061,F,0.9000319308032068,0.9999999749382174,true,0,NaN
1062,F,0.8999866742657681,1.010009616227668,false,0,NaN
1063,F,0.9004291220350502,1.000131777469464,false,0,NaN
1064,F,0.9000093025344874,1.0045508442664477,false,0,NaN
1065,F,0.900020616668847,1.0031933867527871,false,0,NaN
1066,F,0.900026273736027,1.0023817934898864,false,0,NaN
1067,F,0.9000318765865984,1.0000005912260361,true,0,NaN
1068,F,0.9000319028396356,1.000000000408149,true,0,NaN
1069,F,0.9000318766539608,1.0000005912255618,true,0,NaN
1070,F,0.9000319029069651,1.0000000004083964,true,0,NaN
1071,F,0.9000318921348021,1.0000002407230588,true,0,NaN
1072,F,0.9000319034568787,0.9999999810121727,true,0,NaN
1073,F,0.8999867687671753,1.0100089272413957,false,0,NaN
1074,F,0.9004291846311527,1.0001317509901173,false,0,NaN
1075,F,0.9000319033072296,0.9999999810114981,true,0,NaN
1076,F,0.8999867693258901,1.0100089192432882,false,0,NaN
1077,F,0.9004291848425606,1.000131750865188,false,0,NaN
1078,F,0.9000093363165598,1.0045504379282608,false,0,NaN
1079,F,0.9000206198118947,1.0031931836004362,false,0,NaN
1080,F,0.9000262615595621,1.002381669298029,false,0,NaN
1081,F,0.900031873725903,1.000000304316347,true,0,NaN
1082,F,0.9000318869366268,1.0000000003978018,true,0,NaN
1083,F,0.9000318738756513,1.0000003043122152,true,0,NaN
1084,F,0.9000318870861782,1.0000000003979372,true,0,NaN
1085,F,0.9000318739508172,1.0000003043101673,true,0,NaN
1086,F,0.9000318871612463,1.0000000003980087,true,0,NaN
1087,F,0.9000318739890043,1.0000003043091328,true,0,NaN
1088,F,0.900031887199384,1.0000000003980434,true,0,NaN
1089,F,0.9000318740095101,1.0000003043085803,true,0,NaN
1090,F,0.9000318872198635,1.0000000003980616,true,0,NaN
1091,F,0.9000318777880294,1.0000002352835546,true,0,NaN
1092,F,0.9000318881779252,0.9999999950038702,true,0,NaN
1093,F,0.9000318724062359,1.0000000116143912,true,0,NaN
1094,F,0.9000318731168527,0.9999999950474132,true,0,NaN
1095,F,0.8999738224502596,1.011533881282216,false,0,NaN
1096,F,0.9004838534889904,1.0000572898048083,false,0,NaN
1097,F,0.9000318731110197,0.9999999950473913,true,0,NaN
1098,F,0.8999738225893749,1.0115338798286173,false,0,NaN
1099,F,0.9004838535650578,1.00005728957747,false,0,NaN
1100,F,0.9000028478501972,1.007841558661939,false,0,NaN
1101,F,0.9000173604806085,1.0045585682505467,false,0,NaN
1102,F,0.9000246167958141,1.0031965220520835,false,0,NaN
1103,F,0.90003184481207,1.0000000096328439,true,0,NaN
1104,F,0.9000318454388988,0.9999999950211627,true,0,NaN
1105,F,0.9000314160993189,1.0000290707052606,false,0,NaN
1106,F,0.9000326615972442,1.0000337423976917,false,0,NaN
1107,F,0.9000316298224552,1.000013153801508,false,0,NaN
1108,F,0.9000321934977722,1.0000028370906866,false,0,NaN
1109,F,0.9000317376310487,1.0000011994523295,false,0,NaN
1110,F,0.9000317892252687,1.0000000421428248,true,0,NaN
1111,F,0.9000317915353455,1.0000001875965392,true,0,NaN
1112,F,0.9000317997853219,0.9999999968630735,true,0,NaN
1113,F,0.900031681720568,1.00000449890503,false,0,NaN
1114,F,0.9000318685730025,1.0000010596561053,false,0,NaN
1115,F,0.9000317325397857,1.0000010192715338,false,0,NaN
1116,F,0.900031774973755,1.0000001116702248,true,0,NaN
1117,F,0.9000317606314588,1.0000005552532252,true,0,NaN
1118,F,0.9000317838068447,1.0000000367407698,true,0,NaN
1119,F,0.9000317798915829,1.0000002026741805,true,0,NaN
1120,F,0.9000317884335527,1.0000000064925505,true,0,NaN
1121,F,0.9000317898384523,1.0000000534776385,true,0,NaN
1122,F,0.9000317921881793,0.9999999983803308,true,0,NaN
1123,F,0.9000317859722214,1.0000000109356426,true,0,NaN
1124,F,0.9000317865121713,0.9999999984292879,true,0,NaN
1125,F,0.9000317945725695,0.9999997692694718,true,0,NaN
1126,F,0.9000317899303236,0.9999997749603847,true,0,NaN
1127,F,0.9000317803244241,0.9999997821523225,true,0,NaN
1128,F,0.9000317593687149,0.999999775201594,true,0,NaN
1129,F,0.900031716170613,0.9999998455464958,true,0,NaN
1130,F,0.9000316290663795,0.9999997750292096,true,0,NaN
1131,F,0.8962776622089357,NaN,false,-300,NaN
1132,F,0.8981546456891483,3.421872997760016,false,0,NaN
1133,F,0.8990931374292546,1.2930198979730654,false,0,NaN
1134,F,0.9118647342505926,1.1339630995735928,false,0,NaN
1135,F,0.8995623832993077,1.07665199866389,false,0,NaN
1136,F,0.9029033528824466,1.0128979565853597,false,0,NaN
1137,F,0.8997970062343342,1.0232787445370572,false,0,NaN
1138,F,0.9008116452214516,1.0013045590270933,false,0,NaN
1139,F,0.8999143177018476,1.0105520381337485,false,0,NaN
1140,F,0.9003742495237949,1.00079916750719,false,0,NaN
1141,F,0.8999729734356042,1.0050662927004264,false,0,NaN
1142,F,0.9001938031519688,0.9996886832035099,true,0,NaN
1143,F,0.9000169652359217,1.0012970453079837,false,0,NaN
1144,F,0.900073508257078,1.000004498702475,false,0,NaN
1145,F,0.900029796177681,1.0011114456456185,false,0,NaN
1146,F,0.9000315146073813,1.0000367632850873,false,0,NaN
1147,F,0.9000331268832149,1.0000922910677188,false,0,NaN
1148,F,0.9000316255893119,0.9999997736538925,true,0,NaN
1149,F,0.9000316163267696,0.9999997734681332,true,0,NaN
1150,F,0.9000315937428949,0.9999997823678654,true,0,NaN
1151,F,0.90003154907389,1.0000007393072827,true,0,NaN
1152,F,0.9000315514359548,1.0000350720686155,false,0,NaN
1153,F,0.9000315714083924,0.9999998559882263,true,0,NaN
1154,F,0.9000315327000327,0.9999998255172949,true,0,NaN
1155,F,0.9000314343304052,1.0000002916592299,true,0,NaN
1156,F,0.9000313286759486,1.0000009188863577,true,0,NaN
1157,F,0.900031483515219,0.999999984120129,true,0,NaN
1158,F,0.9000242884151539,0.9996862793335874,true,0,NaN
1159,F,0.8999996802416621,0.999075038036927,true,0,NaN
1160,F,0.8999302076828166,0.9960058081479467,true,0,NaN
1161,F,0.8997342501665825,0.9999916870482137,true,0,NaN
1162,F,0.8997257018862161,0.9995345953288683,true,0,NaN
1163,F,0.8996632377294733,0.9952675793056711,true,0,NaN
1164,F,0.8984506816475392,1.189337882076839,false,0,NaN
1165,F,0.8990569596885063,1.0078317591889951,false,0,NaN
1166,F,0.8993600987089898,0.9843083745373524,true,0,NaN
1167,F,0.8985150374922415,1.00641996301714,false,0,NaN
1168,F,0.8988080982184926,0.9992520352928868,true,0,NaN
1169,F,0.8987730669693854,0.9993536089469477,true,0,NaN
1170,F,0.8987403300020791,0.9967894491727045,true,0,NaN
1171,F,0.8934440114492798,NaN,false,-300,NaN
1172,F,0.8960921255752334,NaN,false,-300,NaN
1173,F,0.8974161826383849,NaN,false,-300,NaN
1174,F,0.89807821117031,1.6936311307532046,false,0,NaN
1175,F,0.8984092254369711,1.1437114319413824,false,0,NaN
1176,F,0.9039461437270464,1.0743522400887282,false,0,NaN
1177,F,0.898574732571699,1.0380273938863556,false,0,NaN
1178,F,0.9001286652936618,1.0124651334695518,false,0,NaN
1179,F,0.8986574861418574,1.0081084809030414,false,0,NaN
1180,F,0.8990839262559476,1.0048502147794633,false,0,NaN
1181,F,0.898719551339038,0.9984127262127316,true,0,NaN
1182,F,0.8883756025117913,1.3838405032701577,false,0,NaN
1183,F,0.8882000297358338,1.4050093017324676,false,0,NaN
1184,F,0.89870737503562,0.9986179690936751,true,0,NaN
1185,F,0.8986491310925346,0.9999900537796174,true,0,NaN
1186,F,0.895314073850366,NaN,false,-300,NaN
1187,F,0.8969816024714503,NaN,false,-300,NaN
1188,F,0.8978153667819925,2.1552944645650554,false,0,NaN
1189,F,0.8982322489372636,1.17041921801089,false,0,NaN
1190,F,0.8978873940008435,1.7741364990245205,false,0,NaN
1191,F,0.9246318838736672,NaN,false,-300,NaN
1192,F,0.898268167463282,1.1393776355579197,false,0,NaN
1193,F,0.9030838159320796,1.5927536276515746,false,0,NaN
1194,F,0.8984585541945197,1.0341177470546283,false,0,NaN
1195,F,0.8996377050823972,1.0455531450724416,false,0,NaN
1196,F,0.8985537475601755,1.0076455824849404,false,0,NaN
1197,F,0.8988183014173933,1.0047792137517333,false,0,NaN
1198,F,0.8986013442430772,1.0012527441764456,false,0,NaN
1199,F,0.8986450076263647,1.000767897633018,false,0,NaN
1200,F,0.898625142584676,1.0010714853156022,false,0,NaN
1201,F,0.898662523046697,1.0000609416163209,false,0,NaN
1202,F,0.8986370417557709,1.0000227311692749,false,0,NaN
1203,F,0.89863818119381,1.0002781749564578,false,0,NaN
1204,F,0.8986459661361609,0.999999228008618,true,0,NaN
1205,F,0.8977914355962173,1.1366078857848332,false,0,NaN
1206,F,0.898218700866189,1.0462193379170253,false,0,NaN
1207,F,0.8998541298111686,1.0522485212556416,false,0,NaN
1208,F,0.898432333501175,1.020909721918703,false,0,NaN
1209,F,0.8991722198204014,1.0146133906525716,false,0,NaN
1210,F,0.8985391498186679,1.0103763535863477,false,0,NaN
1211,F,0.8989063287710577,1.005874107807658,false,0,NaN
1212,F,0.8985925579774144,1.0047388214692856,false,0,NaN
1213,F,0.8987602613504347,1.0044145709936771,false,0,NaN
1214,F,0.8986192620567877,1.0017968958216252,false,0,NaN
1215,F,0.898682869823638,1.0016965149573982,false,0,NaN
1216,F,0.8986326140964742,1.000584942593734,false,0,NaN
1217,F,0.898653338724518,1.000014752586962,false,0,NaN
1218,F,0.8986426281262392,1.000000754216931,true,0,NaN
1219,F,0.8986426821288207,0.9999992345013946,true,0,NaN
1220,F,0.8986047346367853,1.0043532333965868,false,0,NaN
1221,F,0.8987488271024076,1.0044105866166986,false,0,NaN
1222,F,0.8986426623796623,0.9999992349788677,true,0,NaN
1223,F,0.8986119223546617,1.0034152875680473,false,0,NaN
1224,F,0.8987424869038084,1.0011169170078131,false,0,NaN
1225,F,0.898627292367162,1.0017312689820266,false,0,NaN
1226,F,0.8986349773734121,1.000568887012825,false,0,NaN
1227,F,0.8986388198765372,1.000562426343678,false,0,NaN
1228,F,0.898629642056062,1.000585979574996,false,0,NaN
1229,F,0.8986505719430985,1.0011513097712086,false,0,NaN
1230,F,0.8986361523363258,1.0005670891625447,false,0,NaN
1231,F,0.8986564083872065,1.0000077481100287,false,0,NaN
1232,F,0.8986394074764581,1.0005619878010286,false,0,NaN
1233,F,0.8986410350465253,1.0000000717391924,true,0,NaN
1234,F,0.8986410651313631,0.9999992392947826,true,0,NaN
1235,F,0.8985297772685794,1.0215453060614488,false,0,NaN
1236,F,0.8993427173937362,1.035018458599727,false,0,NaN
1237,F,0.898641026904741,0.9999992512683941,true,0,NaN
1238,F,0.8985969827576967,1.0033934023920945,false,0,NaN
1239,F,0.8987337057248038,0.9999156713608721,true,0,NaN
1240,F,0.8986190048312188,1.001438159171515,false,0,NaN
1241,F,0.89863001586798,1.0008739881482405,false,0,NaN
1242,F,0.8986355213863605,1.0007102193017086,false,0,NaN
1243,F,0.8986395804478735,1.0005585280013636,false,0,NaN
1244,F,0.8986599204815396,0.9999995305949843,true,0,NaN
1245,F,0.8986395950135241,1.0005585090133013,false,0,NaN
1246,F,0.8986396046913009,1.0005584965954932,false,0,NaN
1247,F,0.89864026597597,1.000558094043553,false,0,NaN
1248,F,0.8986406464403556,1.0000306086521455,false,0,NaN
1249,F,0.8986417868607525,1.0002403168164624,false,0,NaN
1250,F,0.8986408366725482,1.0000004722094349,true,0,NaN
1251,F,0.8986408810763186,0.9999993954232668,true,0,NaN
1252,F,0.8986145556640598,1.0011612564648382,false,0,NaN
1253,F,0.8986615495041116,1.0000161902166922,false,0,NaN
1254,F,0.8986408798940536,0.9999993954406824,true,0,NaN
1255,F,0.8986265100250436,1.000130226358798,false,0,NaN
1256,F,0.8986318256149234,0.9997539753630375,true,0,NaN
1257,F,0.8986202579795235,1.0002509557413417,false,0,NaN
1258,F,0.8986305209240519,0.9996961804901697,true,0,NaN
1259,F,0.8788496812459237,NaN,false,-300,NaN
1260,F,0.8887400901518403,NaN,false,-300,NaN
1261,F,0.8936852946048396,2.8231024359451906,false,0,NaN
1262,F,0.8961578968314213,1.3572169547678603,false,0,NaN
1263,F,0.9096625768029764,1.452878227528755,false,0,NaN
1264,F,0.8973941979448762,1.1174192504360294,false,0,NaN
1265,F,0.9018409666147605,1.069936971164945,false,0,NaN
1266,F,0.8980123485019318,1.0530947577169663,false,0,NaN
1267,F,0.9000293797522594,1.0179297145682051,false,0,NaN
1268,F,0.8983214237811158,1.028597438910249,false,0,NaN
1269,F,0.8994131147268586,1.0056869145976524,false,0,NaN
1270,F,0.8985532302450973,1.0085443472817435,false,0,NaN
1271,F,0.898887453209384,1.004261915126979,false,0,NaN
1272,F,0.8986208405112248,1.0009189678660442,false,0,NaN
1273,F,0.8986670290204918,1.001223077618986,false,0,NaN
1274,F,0.898629896291639,1.0000005438246702,true,0,NaN
1275,F,0.8986304982708058,0.9996961926070036,true,0,NaN
1276,F,0.8986303467617823,0.999701829617766,true,0,NaN
1277,F,0.8986267952849761,0.9997913996283266,true,0,NaN
1278,F,0.8986181741963171,0.9999990106487673,true,0,NaN
1279,F,0.8986173568272059,0.9997876954979915,true,0,NaN
1280,F,0.8985509703446639,1.0044312172745957,false,0,NaN
1281,F,0.8986806867202863,1.0051141079804184,false,0,NaN
1282,F,0.8985841635859348,1.0014974921574478,false,0,NaN
1283,F,0.8986007602065704,1.0007007849148815,false,0,NaN
1284,F,0.8986090585168881,1.0002779185009731,false,0,NaN
1285,F,0.8985509703446639,1.0044312172745957,false,0,NaN
1286,F,0.8987165658162253,1.0019800792121476,false,0,NaN
1287,F,0.8985840987785535,1.0014977559311662,false,0,NaN
1288,F,0.8986440441844997,1.001609686008325,false,0,NaN
1289,F,0.8986006629955037,1.0007010401913599,false,0,NaN
1290,F,0.8986328142513516,1.0006688678637747,false,0,NaN
1291,F,0.8986089451039893,1.000278075433533,false,0,NaN
1292,F,0.8986262800035971,1.0004168802504054,false,0,NaN
1293,F,0.8986130861582533,1.0002835897673148,false,0,NaN
1294,F,0.8986311195934972,0.9998029198534198,true,0,NaN
1295,F,0.8986151566854278,1.0003533360571937,false,0,NaN
1296,F,0.898636042014631,0.9997957825849991,true,0,NaN
1297,F,0.8986161919490998,1.0001002261038299,false,0,NaN
1298,F,0.8986277445528924,1.000040088776835,false,0,NaN
1299,F,0.8986169683974474,0.9997894189158205,true,0,NaN
1300,F,0.898608104006967,1.0002127312479407,false,0,NaN
1301,F,0.8986168984096372,0.9999969683484993,true,0,NaN
1302,F,0.8986081056443365,1.0000124428232502,false,0,NaN
1303,F,0.8986086256200296,0.9999997807565352,true,0,NaN
1304,F,0.8529960055097899,NaN,false,-300,NaN
1305,F,0.8758023155787689,NaN,false,-300,NaN
1306,F,0.8872054706132583,1.4287381765610836,false,0,NaN
1307,F,0.887646301848849,1.3978703996597504,false,0,NaN
1308,F,0.892907048130503,1.1656753027641138,false,0,NaN
1309,F,0.8930773966532386,1.1487519407503997,false,0,NaN
1310,F,0.8957578368891254,1.072453280502466,false,0,NaN
1311,F,0.8958323340090568,1.0695553862615033,false,0,NaN
1312,F,0.8971832312684366,1.0345614538781653,false,0,NaN
1313,F,0.8972187678010664,1.0315304000037961,false,0,NaN
1314,F,0.8978959284580922,1.0169522302826268,false,0,NaN
1315,F,0.8979133590888869,1.01549770481222,false,0,NaN
1316,F,0.898430451350334,1.004085448369627,false,0,NaN
1317,F,0.8984346522842608,1.0030763715953641,false,0,NaN
1318,F,0.8985863538605717,1.000548429117518,false,0,NaN
1319,F,0.8985869180115921,1.000556565322445,false,0,NaN
1320,F,0.89860723366106,1.000020776625289,false,0,NaN
1321,F,0.8986072552768474,1.000019809611828,false,0,NaN
1322,F,0.8986085821485075,0.9999997921983221,true,0,NaN
1323,F,0.8985893114942209,1.000469450033271,false,0,NaN
1324,F,0.8986086064452028,0.9999985279802182,true,0,NaN
1325,F,0.8986085821248406,0.9999997921967939,true,0,NaN
1326,F,0.8985893130356402,1.0004694116101174,false,0,NaN
1327,F,0.898608606409463,0.9999985280740596,true,0,NaN
1328,F,0.8985989475802404,1.000227071834195,false,0,NaN
1329,F,0.8986037648525405,1.0001059638425442,false,0,NaN
1330,F,0.8986061734886905,1.0000456621001312,false,0,NaN
1331,F,0.8986079743184902,1.0000055902530607,false,0,NaN
1332,F,0.8986079811849876,1.0000039426264389,false,0,NaN
1333,F,0.8986082782216654,1.0000014732432232,false,0,NaN
1334,F,0.8986082802124878,1.0000005332168238,true,0,NaN
1335,F,0.898608430173253,1.0000002467384508,true,0,NaN
1336,F,0.8986084307115557,0.9999999017997099,true,0,NaN
1337,F,0.8986078649287139,1.0000027860461973,false,0,NaN
1338,F,0.8986079891458374,0.9999997561391712,true,0,NaN
1339,F,0.8986069753871327,0.9999227305541589,true,0,NaN
1340,F,0.898600155319316,0.9999319421825454,true,0,NaN
1341,F,0.898580689566046,1.0004250148549965,false,0,NaN
1342,F,0.8985751820364262,1.001774861685123,false,0,NaN
1343,F,0.8985904224426811,0.9999991546214138,true,0,NaN
1344,F,0.8985952888809985,0.9998934988211897,true,0,NaN
1345,F,0.8810719826312986,2.431235791717268,false,0,NaN
1346,F,0.8977583622004506,NaN,false,-300,NaN
1347,F,0.8898336283076266,1.3549356234756824,false,0,NaN
1348,F,0.8939726575786315,1.3497034192633923,false,0,NaN
1349,F,0.8942144511474857,1.1455827221072337,false,0,NaN
1350,F,0.8959128748483046,1.1253439128414147,false,0,NaN
1351,F,0.8964048625708053,1.0666138525157365,false,0,NaN
1352,F,0.897182678715695,1.0586729607930518,false,0,NaN
1353,F,0.8975000682892456,1.0293437176146718,false,0,NaN
1354,F,0.8978433946412352,1.0272041300728771,false,0,NaN
1355,F,0.8980476711620266,1.014655689242978,false,0,NaN
1356,F,0.8982197666232005,1.012697609562706,false,0,NaN
1357,F,0.8983214726255385,1.0073460202576965,false,0,NaN
1358,F,0.8984083530326413,1.0065786745796952,false,0,NaN
1359,F,0.8985268239130241,1.001329798116348,false,0,NaN
1360,F,0.8985435680805387,1.002413325327641,false,0,NaN
1361,F,0.8985867200006463,1.0000943869257866,false,0,NaN
1362,F,0.8985890619248458,1.0000446846049067,false,0,NaN
1363,F,0.8985947526157401,0.9999030620880112,true,0,NaN
1364,F,0.898590135455752,1.0000014462442044,false,0,NaN
1365,F,0.8985900667715508,0.999999855849264,true,0,NaN
1366,F,0.898594752122568,0.9999030723905278,true,0,NaN
1367,F,0.8985900017646947,1.000001192563212,false,0,NaN
1368,F,0.8985899408170162,0.9999990741046625,true,0,NaN
1369,F,0.8985837848739959,1.0013899276571148,false,0,NaN
1370,F,0.8986331034592624,1.0014632128608703,false,0,NaN
1371,F,0.898586862845506,1.0005996691724237,false,0,NaN
1372,F,0.8985884018312611,1.0005952270426572,false,0,NaN
1373,F,0.8985891713241386,1.0005951123129626,false,0,NaN
1374,F,0.8985837848739959,1.0013899276571148,false,0,NaN
1375,F,0.8986360962963816,1.0007834314021793,false,0,NaN
1376,F,0.8985868616195608,1.0005996707841291,false,0,NaN
1377,F,0.8986094488826889,1.0005547080729424,false,0,NaN
1378,F,0.8985883999923432,1.0005952284608155,false,0,NaN
1379,F,0.8986108266593603,1.0005541215208815,false,0,NaN
1380,F,0.8985891691787344,1.0005951138034332,false,0,NaN
1381,F,0.8986115948152636,1.0005537038389585,false,0,NaN
1382,F,0.8985895537719301,1.0000026199106458,false,0,NaN
1383,F,0.8985896855582627,1.00000057736942,true,0,NaN
1384,F,0.8985897460685278,0.9999996731996029,true,0,NaN
1385,F,0.8985847208722937,1.0003958704627267,false,0,NaN
1386,F,0.8985933502831939,1.0045947706957334,false,0,NaN
1387,F,0.8985872334704108,1.0005956953283766,false,0,NaN
1388,F,0.8985884897694693,1.0005943299590419,false,0,NaN
1389,F,0.8985891179189985,1.0005947684198797,false,0,NaN
1390,F,0.898586638917274,1.0005884022978233,false,0,NaN
1391,F,0.898608803401923,1.0005521595617481,false,0,NaN
1392,F,0.8985881916162297,1.0005943828430832,false,0,NaN
1393,F,0.8986105822921199,1.0005531218089003,false,0,NaN
1394,F,0.8985889679657076,1.0005946001164912,false,0,NaN
1395,F,0.8986113673297282,1.0005528582663044,false,0,NaN
1396,F,0.8985893561404467,1.0005498430129858,false,0,NaN
1397,F,0.8986100705875721,1.0005980253559599,false,0,NaN
1398,F,0.8985895502278161,1.0000018096994376,false,0,NaN
1399,F,0.8985896305433033,1.000000288640443,true,0,NaN
1400,F,0.8985896472715009,0.9999996878679596,true,0,NaN
1401,F,0.8985879168758798,1.0005964105232943,false,0,NaN
1402,F,0.8986118217830379,1.0000056470576937,false,0,NaN
1403,F,0.8985893618218938,1.0005897910963417,false,0,NaN
1404,F,0.8985895045466973,1.0000285311980373,false,0,NaN
1405,F,0.8985895759090992,1.0000008211160643,true,0,NaN
1406,F,0.8985893609095504,1.0005899717900426,false,0,NaN
1407,F,0.8986119393972886,1.0005543580557226,false,0,NaN
1408,F,0.8985895035442372,1.0000294990677496,false,0,NaN
1409,F,0.8985906436353917,1.0003055904495783,false,0,NaN
1410,F,0.8985895748615805,1.000000869045151,true,0,NaN
1411,F,0.8985896199350012,0.9999998582173172,true,0,NaN
1412,F,0.8985891874822715,1.0000031370903395,false,0,NaN
1413,F,0.8985889350021176,1.0000314284367495,false,0,NaN
1414,F,0.8985896144684374,0.999999857646372,true,0,NaN
1415,F,0.8985888839128597,1.0000154954369536,false,0,NaN
1416,F,0.89858849929166,1.0005508771574465,false,0,NaN
1417,F,0.8985892491906485,1.0000045262979236,false,0,NaN
1418,F,0.898589431829543,1.0000008973550198,true,0,NaN
1419,F,0.8985895231489902,1.0000000990825104,true,0,NaN
1420,F,0.8985895591044012,1.0000001210471,true,0,NaN
1421,F,0.8985895667282736,0.9999999035115202,true,0,NaN
1422,F,0.8973879750504428,1.1259061917080992,false,0,NaN
1423,F,0.9021894350917928,1.0456437862805137,false,0,NaN
1424,F,0.8979887669957559,1.0482578348787985,false,0,NaN
1425,F,0.8998290923079948,1.008372019633593,false,0,NaN
1426,F,0.8982891629685075,1.0248650329863267,false,0,NaN
1427,F,0.8992373993696147,1.0036305107177717,false,0,NaN
1428,F,0.8984393609550735,1.0140961109025126,false,0,NaN
1429,F,0.8989769224819192,1.0009046395446026,false,0,NaN
1430,F,0.8985144599487367,1.0109481881487423,false,0,NaN
1431,F,0.8989319748477931,0.9992747069235113,true,0,NaN
1432,F,0.898552009446329,1.0065539052956358,false,0,NaN
1433,F,0.8988019475401932,1.0014621739257819,false,0,NaN
1434,F,0.8985707841966463,1.0035073375769603,false,0,NaN
1435,F,0.8987045408560959,1.0007536459092707,false,0,NaN
1436,F,0.8985848652700325,1.0006057899359146,false,0,NaN
1437,F,0.8986079708630731,1.0000496791004172,false,0,NaN
1438,F,0.8985889723598157,1.0005136773699304,false,0,NaN
1439,F,0.8985895244107565,1.0000002661571146,true,0,NaN
1440,F,0.8985895382403145,0.9999999234015586,true,0,NaN
1441,F,0.8985893000356354,1.0001256818877482,false,0,NaN
1442,F,0.898589419137975,1.0000047233499927,false,0,NaN
1443,F,0.898589607768481,1.0000013898255278,false,0,NaN
1444,F,0.8985894786891447,1.0000004871894042,true,0,NaN
1445,F,0.89858950084513,0.9999999499564189,true,0,NaN
1446,F,0.8985878719631675,1.000554468030062,false,0,NaN
1447,F,0.898607569443269,1.000005395751896,false,0,NaN
1448,F,0.8985895008404391,0.9999999499557402,true,0,NaN
1449,F,0.898589159547449,1.000174074799362,false,0,NaN
1450,F,0.8985959745826013,1.0003799662480237,false,0,NaN
1451,F,0.898589330193944,1.000001610868688,false,0,NaN
1452,F,0.8985894155171916,1.0000000981960657,true,0,NaN
1453,F,0.8985894581788153,0.9999999659353277,true,0,NaN
1454,F,0.8985858842971499,1.0009185840508217,false,0,NaN
1455,F,0.8986235643292143,0.9999913587151915,true,0,NaN
1456,F,0.8985876712379827,1.000570831961725,false,0,NaN
1457,F,0.898588564708399,1.0005540084781646,false,0,NaN
1458,F,0.8985890114436071,1.000552664443172,false,0,NaN
1459,F,0.8985888567642011,1.000552163230437,false,0,NaN
1460,F,0.8986090952873589,1.0000740952005465,false,0,NaN
1461,F,0.898589143326225,1.0003548236580844,false,0,NaN
1462,F,0.8986021489675388,0.9997117092776424,true,0,NaN
1463,F,0.8985892866072368,1.0000042423184496,false,0,NaN
1464,F,0.898589443698173,1.0000001252320911,true,0,NaN
1465,F,0.8985893582477428,1.0000004285170558,true,0,NaN
1466,F,0.8985893753850969,0.9999999940185955,true,0,NaN
1467,F,0.8985887392207031,1.0000082672476975,false,0,NaN
1468,F,0.8985890880460177,0.9999997534759293,true,0,NaN
1469,F,0.8985885075298061,1.0000074303946718,false,0,NaN
1470,F,0.8985888220468201,0.9999997569515774,true,0,NaN
1471,F,0.8985223726561425,1.0296125536735432,false,0,NaN
1472,F,0.8994109572401489,1.0053300583787148,false,0,NaN
1473,F,0.8985555619057056,1.0099640005190114,false,0,NaN
1474,F,0.8988545567560995,1.0003477535375476,false,0,NaN
1475,F,0.8985721568015511,1.003474837948169,false,0,NaN
1476,F,0.8986764328041283,0.9990569247510706,true,0,NaN
1477,F,0.898580454791679,1.0013475705622916,false,0,NaN
1478,F,0.8986208983582751,0.99907001108664,true,0,NaN
1479,F,0.8985846048717739,1.0000919336599854,false,0,NaN
1480,F,0.8985873708230808,1.0000321487962491,false,0,NaN
1481,F,0.8985866820868621,1.0000233115591393,false,0,NaN
1482,F,0.8985873889101588,1.0000067358954847,false,0,NaN
1483,F,0.8985877250848083,1.0000058085192303,false,0,NaN
1484,F,0.8985879066983069,1.0000009043909581,true,0,NaN
1485,F,0.8985885208693484,1.0000002614138204,true,0,NaN
1486,F,0.8985885360320973,0.9999997990126812,true,0,NaN
1487,F,0.8985864581857499,1.0001475279466723,false,0,NaN
1488,F,0.8985916919906067,1.000029461152756,false,0,NaN
1489,F,0.8985874829616098,1.0001320397368365,false,0,NaN
1490,F,0.8985921680434394,1.00002093283265,false,0,NaN
1491,F,0.8985879960749658,1.0000163136968494,false,0,NaN
1492,F,0.8985885811643716,1.0000012125962197,false,0,NaN
1493,F,0.8985882541007278,1.0000004498026862,true,0,NaN
1494,F,0.8985882771571988,0.9999998643737654,true,0,NaN
1495,F,0.8985774405020435,1.0007043878993018,false,0,NaN
1496,F,0.89859837406858,1.000183824578042,false,0,NaN
1497,F,0.8985828561070415,1.0003927864555304,false,0,NaN
1498,F,0.8985945310337744,1.0002869636163916,false,0,NaN
1499,F,0.8985855639394883,1.0000645974419906,false,0,NaN
1500,F,0.8985874873585676,1.0000363958514407,false,0,NaN
1501,F,0.8985869179156134,1.0000302616481973,false,0,NaN
1502,F,0.8985878211123751,1.000008205340376,false,0,NaN
1503,F,0.8985875950235256,1.000014386653553,false,0,NaN
1504,F,0.8985880265252415,1.0000036693357832,false,0,NaN
1505,F,0.8985879338175528,1.0000065650951717,false,0,NaN
1506,F,0.8985881329166493,1.0000015996989948,false,0,NaN
1507,F,0.8985881036977093,1.0000027058031686,false,0,NaN
1508,F,0.8985881881253391,1.000000580837964,true,0,NaN
1509,F,0.8985882333906499,1.00000019240816,true,0,NaN
1510,F,0.8985882431375632,0.9999999148141678,true,0,NaN
1511,F,0.8985880831414993,1.0000022609411943,false,0,NaN
1512,F,0.8985881724537959,1.0000000565919553,true,0,NaN
1513,F,0.8985881630861687,1.0000008356154393,true,0,NaN
1514,F,0.8985881981392052,0.9999999612896321,true,0,NaN
1515,F,0.8985881946494592,0.9999997714343923,true,0,NaN
1516,F,0.8985860023934205,1.0000299487331248,false,0,NaN
1517,F,0.8985872446419421,0.999999736868237,true,0,NaN
1518,F,0.8985849873533531,1.00057378736293,false,0,NaN
1519,F,0.8986048823736043,1.0010032738016612,false,0,NaN
1520,F,0.8985861159976476,1.0000137335110268,false,0,NaN
1521,F,0.8985866803197948,1.0000046028921985,false,0,NaN
1522,F,0.8985869624808684,1.0000111504175517,false,0,NaN
1523,F,0.8985849873533531,1.00057378736293,false,0,NaN
1524,F,0.8986068366882745,1.0015695151458344,false,0,NaN
1525,F,0.8985861152198177,1.0000139071066996,false,0,NaN
1526,F,0.8985866542620872,1.0000215814052529,false,0,NaN
1527,F,0.89858667915305,1.0000046141327814,false,0,NaN
1528,F,0.898586864637057,0.9999999359458391,true,0,NaN
1529,F,0.8983260606719351,1.0212757702207564,false,0,NaN
1530,F,0.8991667009881272,1.0026928575908018,false,0,NaN
1531,F,0.8984564626544961,1.0122174740345677,false,0,NaN
1532,F,0.8989391960199324,1.001143490163007,false,0,NaN
1533,F,0.8985216636457765,1.0083341103561312,false,0,NaN
1534,F,0.898850959452509,1.0020092133417418,false,0,NaN
1535,F,0.8985542641414167,1.005327055998145,false,0,NaN
1536,F,0.898764746692996,1.001472997231175,false,0,NaN
1537,F,0.8985705643892369,1.0037402367677117,false,0,NaN
1538,F,0.8987183493186043,1.0010565369545004,false,0,NaN
1539,F,0.8985787145131469,1.0017007411557324,false,0,NaN
1540,F,0.8986459158934054,1.001485822854474,false,0,NaN
1541,F,0.898582789575102,1.0015757961309804,false,0,NaN
1542,F,0.8985858458715682,1.0005610407741377,false,0,NaN
1543,F,0.8985867372913708,1.00000088065603,true,0,NaN
1544,F,0.8985867746182961,0.9999999558240755,true,0,NaN
1545,F,0.8985627639583108,1.0044357768000194,false,0,NaN
1546,F,0.8987429384866572,0.9999410546657572,true,0,NaN
1547,F,0.8985867745400359,0.9999999558233967,true,0,NaN
1548,F,0.89856276404739,1.0044357747220283,false,0,NaN
1549,F,0.8987429384996022,0.9999410545386599,true,0,NaN
1550,F,0.8985747692937129,1.0027727468276393,false,0,NaN
1551,F,0.8985807719168745,1.002011502473941,false,0,NaN
1552,F,0.8985837732284552,1.0009312541172497,false,0,NaN
1553,F,0.8985867733569295,0.9999999559576692,true,0,NaN
1554,F,0.8985842580619139,1.0013459022221964,false,0,NaN
1555,F,0.8986374123700062,1.0001539320115092,false,0,NaN
1556,F,0.898586773237994,0.9999999559482128,true,0,NaN
1557,F,0.8985686767688944,1.0028617933952573,false,0,NaN
1558,F,0.8986855946236287,1.000486700328627,false,0,NaN
1559,F,0.8985777250034442,1.0020330077418613,false,0,NaN
1560,F,0.898582249120719,1.0009659566471758,false,0,NaN
1561,F,0.8985845111793566,1.0008019639361856,false,0,NaN
1562,F,0.8985866765209012,1.0000055647424029,false,0,NaN
1563,F,0.8985868961009192,1.0000032064125957,false,0,NaN
1564,F,0.8985866773725157,1.0000055656376676,false,0,NaN
1565,F,0.8985868969872087,1.0000032077172576,false,0,NaN
1566,F,0.8985866777990665,1.0000055660865461,false,0,NaN
1567,F,0.8985868974311454,1.0000032083713999,false,0,NaN
1568,F,0.8985866780138521,1.0000055663126888,false,0,NaN
1569,F,0.8985868976546899,1.0000032087009483,false,0,NaN
1570,F,0.8985866781244667,1.000005566429188,false,0,NaN
1571,F,0.8985868977698168,1.0000032088707163,false,0,NaN
1572,F,0.8985866781887266,1.0000055664968739,false,0,NaN
1573,F,0.8985868978366984,1.0000032089693474,false,0,NaN
1574,F,0.8985867115617395,1.000001199251163,false,0,NaN
1575,F,0.8985867602359395,1.000000116300376,true,0,NaN
1576,F,0.8985867578189328,0.9999999940526304,true,0,NaN
1577,F,0.89858675931069,0.9999999563585164,true,0,NaN
1578,F,0.8985687057603292,1.0027967857523774,false,0,NaN
1579,F,0.8986829679470582,1.0005031331928298,false,0,NaN
1580,F,0.8985867592642517,0.9999999563579984,true,0,NaN
1581,F,0.8985687057420074,1.0027967843824528,false,0,NaN
1582,F,0.8986829678728513,1.000503133750788,false,0,NaN
1583,F,0.8985777325031296,1.0020326258137893,false,0,NaN
1584,F,0.8985822458836906,1.000966038870784,false,0,NaN
1585,F,0.8985845025739712,1.0008019811107354,false,0,NaN
1586,F,0.8985867303169798,1.000000315494366,true,0,NaN
1587,F,0.8985867446365876,0.9999999704176459,true,0,NaN
1588,F,0.898568720789303,1.0028374576085448,false,0,NaN
1589,F,0.8986846437487687,1.0004884681608588,false,0,NaN
1590,F,0.8985867445189547,0.9999999704162447,true,0,NaN
1591,F,0.8985687207596615,1.0028374352896658,false,0,NaN
1592,F,0.8986846428068297,1.0004884746653273,false,0,NaN
1593,F,0.8985777326393082,1.0020375175891658,false,0,NaN
1594,F,0.8985822385791314,1.0009669912673913,false,0,NaN
1595,F,0.8985844915490431,1.0008021925681834,false,0,NaN
1596,F,0.8985867435817487,0.9999999708021211,true,0,NaN
1597,F,0.8985834436400326,1.002084631946307,false,0,NaN
1598,F,0.8985850887353792,1.0015665049413898,false,0,NaN
1599,F,0.8985859112942923,1.0005101958937708,false,0,NaN
1600,F,0.8985863225962313,1.0000029947835607,false,0,NaN
1601,F,0.8985864417585262,0.9999996372393023,true,0,NaN
1602,F,0.8985845384673186,1.0003400110372498,false,0,NaN
1603,F,0.8985853625902787,1.00002617522154,false,0,NaN
1604,F,0.8985858763436287,1.000014178500798,false,0,NaN
1605,F,0.8985858454457752,1.0000130812072816,false,0,NaN
1606,F,0.8985861057098573,1.0000079848359507,false,0,NaN
1607,F,0.8985861277569404,1.0000063135595227,false,0,NaN
1608,F,0.8985862570049686,1.000003754150139,false,0,NaN
1609,F,0.8985862847577333,1.0000021194866529,false,0,NaN
1610,F,0.8985863328119855,1.000001013712003,false,0,NaN
1611,F,0.8985863632581298,1.0000004334239454,true,0,NaN
1612,F,0.8985863786716047,0.9999999601041426,true,0,NaN
1613,F,0.8985837971477754,1.0014850753678708,false,0,NaN
1614,F,0.8986416344331263,1.000351730851424,false,0,NaN
1615,F,0.89858637866908,0.999999960103931,true,0,NaN
1616,F,0.8985739196585163,1.0033647217978525,false,0,NaN
1617,F,0.8986807881645427,1.0011479819022786,false,0,NaN
1618,F,0.8985801491637981,1.0023355452162908,false,0,NaN
1619,F,0.8985832639164391,1.0019681186614873,false,0,NaN
1620,F,0.8985848212927595,1.0009805807469097,false,0,NaN
1621,F,0.8985863655653602,1.0000000299297511,true,0,NaN
1622,F,0.8985863682641728,0.9999999618196165,true,0,NaN
1623,F,0.8985844671065049,1.000981049399088,false,0,NaN
1624,F,0.898622573446424,1.000989553854114,false,0,NaN
1625,F,0.8985863682376636,0.9999999618167881,true,0,NaN
1626,F,0.8985791412996857,1.0028152134327613,false,0,NaN
1627,F,0.8986816939940441,1.0002968700147945,false,0,NaN
1628,F,0.8985827547686747,1.0019689675092638,false,0,NaN
1629,F,0.8985845615031691,1.0009808038073327,false,0,NaN
1630,F,0.8985854648704164,1.0009802845996252,false,0,NaN
1631,F,0.8985863294615535,1.0000000382099916,true,0,NaN
1632,F,0.8985863325012559,0.9999999622638283,true,0,NaN
1633,F,0.8985847951835438,1.0009802011545512,false,0,NaN
1634,F,0.8986233904963368,1.0009884205665927,false,0,NaN
1635,F,0.8985863322021331,0.9999999622253403,true,0,NaN
1636,F,0.8985679130190926,1.002132904979444,false,0,NaN
1637,F,0.8986541990493808,1.0000091249090932,false,0,NaN
1638,F,0.8985771226106128,1.0018498626197296,false,0,NaN
1639,F,0.898581727406373,1.0007704807565059,false,0,NaN
1640,F,0.8985840298042531,1.0005714523733829,false,0,NaN
1641,F,0.8985862759476066,1.0000008755106613,true,0,NaN
1642,F,0.8985863125655064,1.0000000165449117,true,0,NaN
1643,F,0.8985862795148482,1.0000008678706829,true,0,NaN
1644,F,0.8985863158250134,1.0000000156786302,true,0,NaN
1645,F,0.8985862812985369,1.0000008640852778,true,0,NaN
1646,F,0.8985863174562205,1.0000000152525572,true,0,NaN
1647,F,0.8985862821905171,1.0000008622009027,true,0,NaN
1648,F,0.8985863182722936,1.0000000150412272,true,0,NaN
1649,F,0.8985862826367793,1.000000861260285,true,0,NaN
1650,F,0.8985863186806651,1.0000000149359327,true,0,NaN
1651,F,0.8985862828604575,1.0000008607893616,true,0,NaN
1652,F,0.8985863188853731,1.0000000148832617,true,0,NaN
1653,F,0.8985862829734149,1.000000860551682,true,0,NaN
1654,F,0.898586318988756,1.0000000148566937,true,0,NaN
1655,F,0.8985862830705205,1.0000008603474266,true,0,NaN
1656,F,0.8985863190776334,1.0000000148338677,true,0,NaN
1657,F,0.8985863254851069,0.999999970161047,true,0,NaN
1658,F,0.8985862824603787,1.0000005257600053,true,0,NaN
1659,F,0.8985863048212832,0.9999999890427588,true,0,NaN
1660,F,0.8985862397292362,1.0000012990640479,false,0,NaN
1661,F,0.8985862893480339,1.0000001322641503,true,0,NaN
1662,F,0.8985862633477043,1.000000811068501,true,0,NaN
1663,F,0.898586294483022,1.0000000774635796,true,0,NaN
1664,F,0.8985862840844938,1.0000002365069105,true,0,NaN
1665,F,0.8985862934575275,1.0000000065484245,true,0,NaN
1666,F,0.8985862944528885,1.0000000574819703,true,0,NaN
1667,F,0.8985862970451146,0.9999999918454477,true,0,NaN
1668,F,0.8985861272033219,1.0008284262004319,false,0,NaN
1669,F,0.898619902748,1.0007429011151876,false,0,NaN
1670,F,0.8985862970451043,0.9999999918454319,true,0,NaN
1671,F,0.8985811312330397,1.0024766954943243,false,0,NaN
1672,F,0.8985660374176953,1.0162998822278497,false,0,NaN
1673,F,0.898583714139072,1.002553610229104,false,0,NaN
1674,F,0.8985850055920882,1.0015686876035312,false,0,NaN
1675,F,0.8985856513185962,1.0015706005307905,false,0,NaN
1676,F,0.8985862903466015,1.0000000544443737,true,0,NaN
1677,F,0.89858629286709,0.999999992788457,true,0,NaN
1678,F,0.8985860815174569,1.001064862760114,false,0,NaN
1679,F,0.8986291110120608,1.0004969669860957,false,0,NaN
1680,F,0.8985862928670445,0.9999999927884052,true,0,NaN
1681,F,0.8985862706232103,1.0000059224354443,false,0,NaN
1682,F,0.8985864868369627,1.000362183811015,false,0,NaN
1683,F,0.8985862817451274,1.0000004453988693,true,0,NaN
1684,F,0.8985862873060859,1.0000000315150777,true,0,NaN
1685,F,0.8985862900865652,0.9999999838719779,true,0,NaN
1686,F,0.898586277814796,0.9999998387719325,true,0,NaN
1687,F,0.8985563740200485,1.0008374388831747,false,0,NaN
1688,F,0.8985898881522808,1.0000681038912589,false,0,NaN
1689,F,0.8985713259174223,1.000446372186493,false,0,NaN
1690,F,0.8985788018661092,1.0003218546444428,false,0,NaN
1691,F,0.8985825398404526,1.0002129885412736,false,0,NaN
1692,F,0.8985563740200485,1.0008374388831751,false,0,NaN
1693,F,0.8985905650753981,0.9994893724585815,true,0,NaN
1694,F,0.8985713249432719,1.000436280662368,false,0,NaN
1695,F,0.8985891405411164,0.999653509544689,true,0,NaN
1696,F,0.8985788004048836,1.0003205990916406,false,0,NaN
1697,F,0.8985918934569594,0.9999910745073397,true,0,NaN
1698,F,0.8985825381356894,1.0002128450231043,false,0,NaN
1699,F,0.8985912326513729,1.0000016998813313,false,0,NaN
1700,F,0.8985844070010924,1.0001204764131253,false,0,NaN
1701,F,0.8985893311741564,1.000001361417483,false,0,NaN
1702,F,0.8985853414337942,0.9999420233596231,true,0,NaN
1703,F,0.8985786364815835,1.0001052997563287,false,0,NaN
1704,F,0.8985828582849741,1.0000022717686983,false,0,NaN
1705,F,0.8985845477771306,0.9999385028036291,true,0,NaN
1706,F,0.8888082350106588,1.3357117598546127,false,0,NaN
1707,F,0.8889497775228731,1.357665056754067,false,0,NaN
1708,F,0.8936963913938947,1.1391253638164776,false,0,NaN
1709,F,0.8937550644941527,1.1389420834269397,false,0,NaN
1710,F,0.8961404695855126,1.0640523170340126,false,0,NaN
1711,F,0.8961674962475329,1.0633630650067094,false,0,NaN
1712,F,0.8973625086813216,1.0302152137851033,false,0,NaN
1713,F,0.8973752715849892,1.0303936361515358,false,0,NaN
1714,F,0.897973528229226,1.014728412756319,false,0,NaN
1715,F,0.8979797627966497,1.0143178247203772,false,0,NaN
1716,F,0.8982790380031783,1.007176546147,false,0,NaN
1717,F,0.898282089142055,1.0070075707732553,false,0,NaN
1718,F,0.8984317928901545,1.0034187860109274,false,0,NaN
1719,F,0.8984332599755105,1.0033723525084786,false,0,NaN
1720,F,0.8985463590553866,1.000759714861332,false,0,NaN
1721,F,0.8985467052307154,1.0007484889993417,false,0,NaN
1722,F,0.8985797741869126,0.999951324203407,true,0,NaN
1723,F,0.8985754995458541,1.0001657449891272,false,0,NaN
1724,F,0.8985805098566938,1.0000434575729413,false,0,NaN
1725,F,0.8985797731986639,0.9999513354010077,true,0,NaN
1726,F,0.8985670763732206,1.0008120114937584,false,0,NaN
1727,F,0.8985915708245774,1.0002137376291491,false,0,NaN
1728,F,0.8985734247859423,1.0002983304493633,false,0,NaN
1729,F,0.898576598992303,1.0001310400199988,false,0,NaN
1730,F,0.8985781860954835,1.000118795865881,false,0,NaN
1731,F,0.8985797409145231,0.9999514930007086,true,0,NaN
1732,F,0.8985633566735062,1.0009972813102712,false,0,NaN
1733,F,0.8986038507859135,1.0000094486582702,false,0,NaN
1734,F,0.8985796878894784,0.9999504527041129,true,0,NaN
1735,F,0.8985304076578312,1.001797424234766,false,0,NaN
1736,F,0.8985928867027965,1.0001829052107496,false,0,NaN
1737,F,0.8985550284024942,1.0018549285075642,false,0,NaN
1738,F,0.8986194526938796,1.0001576423679421,false,0,NaN
1739,F,0.8985673387801866,1.0019123148067925,false,0,NaN
1740,F,0.8986337043265104,1.0001469304482073,false,0,NaN
1741,F,0.8985734939797543,1.001271770265463,false,0,NaN
1742,F,0.8986181912915285,1.000025841693219,false,0,NaN
1743,F,0.8985765716009817,1.0012136395056987,false,0,NaN
1744,F,0.8985781104544852,1.0007156890873892,false,0,NaN
1745,F,0.8985788799670372,1.0005496538259975,false,0,NaN
1746,F,0.8985794577039883,0.9999542139395255,true,0,NaN
1747,F,0.8985759103033378,1.0000136769935037,false,0,NaN
1748,F,0.8985764300533965,1.0000010235691081,false,0,NaN
1749,F,0.8985794570760841,0.9999542220038351,true,0,NaN
1750,F,0.8985753935136205,1.0001026109200233,false,0,NaN
1751,F,0.898580937355861,0.9999752141054467,true,0,NaN
1752,F,0.8985774187401209,1.0000277920194471,false,0,NaN
1753,F,0.8985801673319429,0.9999645684107858,true,0,NaN
1754,F,0.8985784315236212,0.9999905924303205,true,0,NaN
1755,F,0.8985768183491053,1.0000056358017093,false,0,NaN
1756,F,0.8985770365590408,1.0000003297616102,true,0,NaN
1757,F,0.8985784312380827,0.9999905940873678,true,0,NaN
1758,F,0.8985738075349619,1.0016538753802129,false,0,NaN
1759,F,0.8986370330109956,1.000116657000146,false,0,NaN
1760,F,0.8985761193865223,1.0000369669897209,false,0,NaN
1761,F,0.8985772753123025,0.9999956831279038,true,0,NaN
1762,F,0.8985778532751926,0.999992428087512,true,0,NaN
1763,F,0.89857838930364,0.999990598559367,true,0,NaN
1764,F,0.8985585736264309,1.0048272964099603,false,0,NaN
1765,F,0.8987567439462988,1.0000437378455238,false,0,NaN
1766,F,0.8985783821545812,0.9999906019053489,true,0,NaN
1767,F,0.8985600644249858,1.0043281205987753,false,0,NaN
1768,F,0.8987377611462366,1.0000369714436999,false,0,NaN
1769,F,0.8985692232897835,1.0026398320787813,false,0,NaN
1770,F,0.8985738027221823,1.0021217064922707,false,0,NaN
1771,F,0.8985760924383818,1.0021182420400305,false,0,NaN
1772,F,0.8985698266458897,1.003645798814039,false,0,NaN
1773,F,0.8985741044226727,1.0021150076646568,false,0,NaN
1774,F,0.8985762433110643,1.0021152245068368,false,0,NaN
1775,F,0.8985773127552601,1.0010049733366446,false,0,NaN
1776,F,0.898577847477358,1.000498414494309,false,0,NaN
1777,F,0.8985781148384072,0.9999922905272184,true,0,NaN
1778,F,0.8985747519067783,1.000041695673281,false,0,NaN
1779,F,0.8985764724252047,0.9999998430959348,true,0,NaN
1780,F,0.8985758119876904,1.0000101839689641,false,0,NaN
1781,F,0.898576240118495,0.9999997476899969,true,0,NaN
1782,F,0.8918385415032346,NaN,false,-300,NaN
1783,F,0.8952073898524797,1.826245764035231,false,0,NaN
1784,F,0.9283743080676352,2.2372570593765846,false,0,NaN
1785,F,0.8968918140271074,1.2171224352681296,false,0,NaN
1786,F,0.9056074874211074,1.1098169949928565,false,0,NaN
1787,F,0.8977340261144315,1.0816083605412101,false,0,NaN
1788,F,0.9010099344208474,1.0174631781008836,false,0,NaN
1789,F,0.898155132158114,1.0397833070572253,false,0,NaN
1790,F,0.8997521117909808,1.0050569033291838,false,0,NaN
1791,F,0.8983656851799963,1.0249861694227418,false,0,NaN
1792,F,0.8993686825799294,1.0007048114769126,false,0,NaN
1793,F,0.8984709616910195,1.0135585628094872,false,0,NaN
1794,F,0.8990152355552998,1.0018866285225367,false,0,NaN
1795,F,0.8985499190748607,1.005381567538328,false,0,NaN
1796,F,0.8987659544629015,1.000261125906668,false,0,NaN
1797,F,0.8985729483177453,1.0026048719819174,false,0,NaN
1798,F,0.8985760326955067,1.0010421001640932,false,0,NaN
1799,F,0.8985762334414453,0.9999997574601932,true,0,NaN
1800,F,0.8985761919359775,1.0000009282440492,true,0,NaN
1801,F,0.8985762391685854,0.9999998435887049,true,0,NaN
1802,F,0.8985762126887114,0.9999999177978904,true,0,NaN
1803,F,0.8985761778716509,1.00000116373338,false,0,NaN
1804,F,0.8985762284128976,0.9999999523987095,true,0,NaN
1805,F,0.8985761952801812,1.0000003360358236,true,0,NaN
1806,F,0.8985762122459605,0.9999999267008935,true,0,NaN
1807,F,0.8985762039844463,1.0000000419532515,true,0,NaN
1808,F,0.8985762090207958,0.9999999195019982,true,0,NaN
1809,F,0.8985762081804796,0.9999998228214934,true,0,NaN
1810,F,0.8985761151461517,1.000000370500795,true,0,NaN
1811,F,0.8985761403527821,0.9999997565532732,true,0,NaN
1812,F,0.8882799268715823,1.8340455164093437,false,0,NaN
1813,F,0.9188224994759684,0.7031299375881418,true,0,NaN
1814,F,0.8934280336130194,1.153322978037948,false,0,NaN
1815,F,0.8990426963217922,0.9519471903576614,true,0,NaN
1816,F,0.896002086983738,1.0331392854412247,false,0,NaN
1817,F,0.8972156492571691,0.9948561648353117,true,0,NaN
1818,F,0.8950549251896173,1.0845002808725779,false,0,NaN
1819,F,0.8968448849323304,1.0247924229285414,false,0,NaN
1820,F,0.8968132600916435,1.0095964339481822,false,0,NaN
1821,F,0.8970144546744063,1.001072574601861,false,0,NaN
1822,F,0.8971150519657878,0.999690659458706,true,0,NaN
1823,F,0.8968125892153472,1.0095983817036505,false,0,NaN
1824,F,0.8970926646795796,1.0013228120558428,false,0,NaN
1825,F,0.8970137267797458,1.001073747470013,false,0,NaN
1826,F,0.8971303349360469,0.996931455440557,true,0,NaN
1827,F,0.8933578338230879,1.2000469033089942,false,0,NaN
1828,F,0.8980554258305238,1.036062614215862,false,0,NaN
1829,F,0.8964416811940721,1.02811484831255,false,0,NaN
1830,F,0.8967860080650595,1.013724839577094,false,0,NaN
1831,F,0.8969581715005532,1.0047464222540523,false,0,NaN
1832,F,0.8964314870715591,1.028207883896038,false,0,NaN
1833,F,0.8971378292495984,1.009306381439766,false,0,NaN
1834,F,0.8967747054971666,1.0137269317791344,false,0,NaN
1835,F,0.8971544892193614,1.0043853625089363,false,0,NaN
1836,F,0.8969463193401092,1.0047803389111845,false,0,NaN
1837,F,0.8971235944440524,1.0005879124723702,false,0,NaN
1838,F,0.8970321355240445,1.0012495705947482,false,0,NaN
1839,F,0.897129828445737,0.9985457881889386,true,0,NaN
1840,F,0.896563145405885,1.0212409049046216,false,0,NaN
1841,F,0.8970489542233184,1.0079240495087674,false,0,NaN
1842,F,0.896846486925811,1.0097520108654507,false,0,NaN
1843,F,0.8970863659148604,1.0042018266901378,false,0,NaN
1844,F,0.896988157685774,1.0037750167335624,false,0,NaN
1845,F,0.89710009387677,1.0015320554718854,false,0,NaN
1846,F,0.8970589930657554,1.000911693250932,false,0,NaN
1847,F,0.8971096373128858,0.9992065777705542,true,0,NaN
1848,F,0.8956798237969317,1.066916554712732,false,0,NaN
1849,F,0.8973023464706241,1.0155640154454224,false,0,NaN
1850,F,0.8971054514494948,0.9992090080924017,true,0,NaN
1851,F,0.8937785616174105,1.163658283742763,false,0,NaN
1852,F,0.8976704090505109,1.0247792724342712,false,0,NaN
1853,F,0.8954420065334527,1.076156152990692,false,0,NaN
1854,F,0.8962737289914737,1.0338129942463519,false,0,NaN
1855,F,0.8966895902204843,1.0201275741773197,false,0,NaN
1856,F,0.8970823522176731,1.001390056686176,false,0,NaN
1857,F,0.8971364790872357,1.0004149496367256,false,0,NaN
1858,F,0.8970919151127129,1.0003065454470905,false,0,NaN
1859,F,0.8971191548310997,1.0002928890471146,false,0,NaN
1860,F,0.8970967134702184,0.9996730593272953,true,0,NaN
1861,F,0.8968262897373257,1.0107223238590943,false,0,NaN
1862,F,0.8970359236587613,1.0048801024722165,false,0,NaN
1863,F,0.8969613965984868,1.0044115743620228,false,0,NaN
1864,F,0.8970512988244536,1.0025207063394062,false,0,NaN
1865,F,0.8970289593537224,1.0030961702449661,false,0,NaN
1866,F,0.8970939048687133,1.0003136754810542,false,0,NaN
1867,F,0.8970627594032057,1.001330154232483,false,0,NaN
1868,F,0.897094198899155,1.0007110629986442,false,0,NaN
1869,F,0.8970796969532912,1.0005822569996867,false,0,NaN
1870,F,0.897096946850456,1.0003701062571253,false,0,NaN
1871,F,0.8970882042013756,1.0004443589837249,false,0,NaN
1872,F,0.8971028378068675,0.9998525436141905,true,0,NaN
1873,F,0.8970924588357969,0.9997303034494585,true,0,NaN
1874,F,0.8968588386391859,1.0127218624965137,false,0,NaN
1875,F,0.8971728931276147,1.003050688486629,false,0,NaN
1876,F,0.8970921959867001,0.9997306067953783,true,0,NaN
1877,F,0.8959976332803364,1.0533569001694842,false,0,NaN
1878,F,0.8973030497450543,1.0100653815663174,false,0,NaN
1879,F,0.8965449146335183,1.025091567638657,false,0,NaN
1880,F,0.8968185553101091,1.0132764163946308,false,0,NaN
1881,F,0.8969553756484047,1.0075618370631512,false,0,NaN
1882,F,0.897088047029249,1.000375584898568,false,0,NaN
1883,F,0.8971041091957569,0.999863926348514,true,0,NaN
1884,F,0.8970892766656872,1.0003753681184915,false,0,NaN
1885,F,0.8971053409435862,0.9997308509412842,true,0,NaN
1886,F,0.8970898940968768,1.0003752718325825,false,0,NaN
1887,F,0.8971059597481554,0.9997306343463152,true,0,NaN
1888,F,0.8970902082414561,1.000375225319954,false,0,NaN
1889,F,0.8971062746532424,0.9997305248895129,true,0,NaN
1890,F,0.8970903782172353,1.0003751888967019,false,0,NaN
1891,F,0.8970907790132623,1.0003301187762899,false,0,NaN
1892,F,0.8970914875177283,0.9997306351573143,true,0,NaN
1893,F,0.8970865783223038,1.0003729169412097,false,0,NaN
1894,F,0.8971026944873689,1.000322732792153,false,0,NaN
1895,F,0.897089032920016,1.0003740397759104,false,0,NaN
1896,F,0.8970902602188722,1.0003746545998422,false,0,NaN
1897,F,0.8970908738683002,1.0000948232659164,false,0,NaN
1898,F,0.8970911806930142,0.9997341571442986,true,0,NaN
1899,F,0.8970895585418484,0.9997616371100521,true,0,NaN
1900,F,0.8970788453621115,1.000071746333661,false,0,NaN
1901,F,0.897089550466262,0.9997618159905431,true,0,NaN
1902,F,0.8970809630156285,1.000008692111358,false,0,NaN
1903,F,0.8970852567409453,0.9998830572008408,true,0,NaN
1904,F,0.8970874036036036,0.9998217499025435,true,0,NaN
1905,F,0.8970884770349329,0.9997916074466745,true,0,NaN
1906,F,0.8970803509646577,1.0000212381570934,false,0,NaN
1907,F,0.8970809738937521,1.0000177392367828,false,0,NaN
1908,F,0.897080357046073,1.0000210561646885,false,0,NaN
1909,F,0.8970809799780975,1.0000175704861238,false,0,NaN
1910,F,0.8970803603651055,1.000020956839502,false,0,NaN
1911,F,0.8970809832987295,1.000017478391292,false,0,NaN
1912,F,0.8970822056693851,0.9999662607389715,true,0,NaN
1913,F,0.8970771059172212,1.0001534280105866,false,0,NaN
1914,F,0.8970419000436718,1.0025760590973194,false,0,NaN
1915,F,0.8970821989420559,0.999966307466008,true,0,NaN
1916,F,0.8970822023057206,0.9999662835032551,true,0,NaN
1917,F,0.8970822039875528,0.9999662719670777,true,0,NaN
1918,F,0.8970818629212136,1.0000229874817668,false,0,NaN
1919,F,0.8970834107889812,1.0005443600370125,false,0,NaN
1920,F,0.897081866086933,1.0000263676782726,false,0,NaN
1921,F,0.8970835068648899,1.0005429285140488,false,0,NaN
1922,F,0.8970818676708688,1.0000281284009078,false,0,NaN
1923,F,0.8970835568327156,1.0005417642706644,false,0,NaN
1924,F,0.8970818684650022,1.0000290290793372,false,0,NaN
1925,F,0.8970835823740211,1.0005410956818925,false,0,NaN
1926,F,0.897081868866506,1.000029489064373,false,0,NaN
1927,F,0.8970835954133639,1.0005407387143261,false,0,NaN
1928,F,0.8970818690771122,1.0000297315937108,false,0,NaN
1929,F,0.8970836022871239,1.0005405466932473,false,0,NaN
1930,F,0.8970818692237235,1.0000299009364633,false,0,NaN
1931,F,0.897082118301145,0.9999668513183863,true,0,NaN
1932,F,0.8970787663509612,1.0000893285321943,false,0,NaN
1933,F,0.8970745226888361,1.0003060978840657,false,0,NaN
1934,F,0.8970821181778361,0.9999668525081022,true,0,NaN
1935,F,0.8955341547526933,1.4293577458515883,false,0,NaN
1936,F,0.9049394537740517,0.8224593311562169,true,0,NaN
1937,F,0.8963081364652646,1.0708264861458296,false,0,NaN
1938,F,0.8966951273215504,1.0180209274405143,false,0,NaN
1939,F,0.8968886227496933,1.006566450464122,false,0,NaN
1940,F,0.8970819016478898,0.9999680450746689,true,0,NaN
1941,F,0.8970511837807505,1.0007431839999088,false,0,NaN
1942,F,0.8970518636902909,1.000374355954472,false,0,NaN
1943,F,0.8970818853666869,0.9999680611388292,true,0,NaN
1944,F,0.8970697719025423,1.0010845297077273,false,0,NaN
1945,F,0.8970911960275593,1.0002035327968295,false,0,NaN
1946,F,0.8970758286346145,0.9999853933626064,true,0,NaN
1947,F,0.8970788570006507,0.9999763667473687,true,0,NaN
1948,F,0.8970803711836688,0.9999721237639991,true,0,NaN
1949,F,0.8970817289933645,0.9999702064476421,true,0,NaN
1950,F,0.8969636909111427,1.0038987348879673,false,0,NaN
1951,F,0.897080894531402,0.9999704539934422,true,0,NaN
1952,F,0.8970813117623833,0.9999703207340482,true,0,NaN
1953,F,0.8970399882512446,1.0013603532882014,false,0,NaN
1954,F,0.8970508983996162,1.0015104133891433,false,0,NaN
1955,F,0.8970606500068139,1.0011617667226547,false,0,NaN
1956,F,0.8970709808845986,1.0005748375291195,false,0,NaN
1957,F,0.897076146323491,0.9999748266048515,true,0,NaN
1958,F,0.8901720965688829,1.3015292523250914,false,0,NaN
1959,F,0.8944802048447612,1.105426167494438,false,0,NaN
1960,F,0.8936238186465902,1.1239629918675216,false,0,NaN
1961,F,0.8953951554113262,1.0530359095096464,false,0,NaN
1962,F,0.8953496799378261,1.0585800541075172,false,0,NaN
1963,F,0.89618693399235,1.0249341101113412,false,0,NaN
1964,F,0.8962126110882089,1.0266554475697156,false,0,NaN
1965,F,0.8965937794418043,1.0136612756564147,false,0,NaN
1966,F,0.8966440776729355,1.0131516059972012,false,0,NaN
1967,F,0.8968323255894012,1.0074204335813297,false,0,NaN
1968,F,0.8968598129844103,1.0067366326586993,false,0,NaN
1969,F,0.8969564144272435,1.001833937541183,false,0,NaN
1970,F,0.8969676846787015,1.004710190010237,false,0,NaN
1971,F,0.8970353356781101,1.0007048062601946,false,0,NaN
1972,F,0.8970486167497741,1.0008826983044439,false,0,NaN
1973,F,0.8970615869112062,1.0006404946900098,false,0,NaN
1974,F,0.8970725187546975,1.0001070405801005,false,0,NaN
1975,F,0.8970744076081594,1.0000680257747623,false,0,NaN
1976,F,0.8970759196004414,0.999980050991452,true,0,NaN
1977,F,0.8964518361153074,1.0456923883583606,false,0,NaN
1978,F,0.8976591668213066,1.024787096670574,false,0,NaN
1979,F,0.8970758874339065,0.9999800520319355,true,0,NaN
1980,F,0.8960706281669848,1.1208667165511272,false,0,NaN
1981,F,0.8989973028029977,1.0752166885093117,false,0,NaN
1982,F,0.8965732578004457,1.0379284609718287,false,0,NaN
1983,F,0.8968245726171761,1.0164058714254067,false,0,NaN
1984,F,0.8969502300255413,1.007806362453727,false,0,NaN
1985,F,0.8970756824641777,0.9999809489946081,true,0,NaN
1986,F,0.8959106538869334,1.154226448025517,false,0,NaN
1987,F,0.9001049785290405,1.1113314646894956,false,0,NaN
1988,F,0.8970748647030264,0.9999809723433846,true,0,NaN
1989,F,0.8959951938077106,1.1441157637747164,false,0,NaN
1990,F,0.8999516686697437,1.0964465039175626,false,0,NaN
1991,F,0.8965350292553685,1.0440070913576769,false,0,NaN
1992,F,0.8968049469791974,1.0171538469818215,false,0,NaN
1993,F,0.8969399058411119,1.008312850112041,false,0,NaN
1994,F,0.897073219044434,1.000580856237519,false,0,NaN
1995,F,0.8970890805152808,1.0001824126041643,false,0,NaN
1996,F,0.8970739772180621,1.0000981566358302,false,0,NaN
1997,F,0.8970770756778556,1.0000042349266955,false,0,NaN
1998,F,0.8970743563322792,0.999983325778462,true,0,NaN
1999,F,0.8962712900261798,1.0300586884055236,false,0,NaN
2000,F,0.897232993193067,0.9990872500803545,true,0,NaN
2001,F,0.897072315061908,1.0005768066494825,false,0,NaN
2002,F,0.8970733356970936,0.9999836225044793,true,0,NaN
2003,F,0.8970738460146864,0.9999833413941873,true,0,NaN
2004,F,0.8962900120098636,1.0282838703097565,false,0,NaN
2005,F,0.8971966323057987,0.9998562010849926,true,0,NaN
2006,F,0.8966819290122751,1.0114812429542834,false,0,NaN
2007,F,0.8968778875134807,1.0058164891414891,false,0,NaN
2008,F,0.8969758667640836,1.002393519287614,false,0,NaN
2009,F,0.897072735784901,1.000565090741257,false,0,NaN
2010,F,0.8970880914545125,1.0011092175428602,false,0,NaN
2011,F,0.8970732338559355,0.9999869537232805,true,0,NaN
2012,F,0.8970614868517194,1.0004964749472571,false,0,NaN
2013,F,0.8970771514003802,0.999999651085914,true,0,NaN
2014,F,0.8970731779713687,0.9999870125551327,true,0,NaN
2015,F,0.897019885046727,1.001785327332624,false,0,NaN
2016,F,0.8970424527001236,1.0008960006234524,false,0,NaN
2017,F,0.8970455511699327,1.0002987286950895,false,0,NaN
2018,F,0.8970494630096079,1.0002387754130488,false,0,NaN
2019,F,0.8970583953423761,1.0006242538811096,false,0,NaN
2020,F,0.8970663923043781,1.0000465295245333,false,0,NaN
2021,F,0.8970648398200974,1.0003213425421265,false,0,NaN
2022,F,0.8970690354483917,1.0002454758490704,false,0,NaN
2023,F,0.8970681039103444,1.0001648997068227,false,0,NaN
2024,F,0.8970703362862057,1.0001324271914684,false,0,NaN
2025,F,0.8970697928198895,1.0000936330440338,false,0,NaN
2026,F,0.8970711308470338,1.0000741687733152,false,0,NaN
2027,F,0.8970707820864048,1.0000553443536542,false,0,NaN
2028,F,0.89707163961622,1.000042849719274,false,0,NaN
2029,F,0.8970720899166392,1.0000244414636816,false,0,NaN
2030,F,0.8970725596359559,1.0000175996111405,false,0,NaN
2031,F,0.8970730390989234,0.9999895338763679,true,0,NaN
2032,F,0.8970620305107704,1.0006053921928106,false,0,NaN
2033,F,0.8970744253594979,0.9995089294336418,true,0,NaN
2034,F,0.8970730387632538,0.9999895341941296,true,0,NaN
2035,F,0.8969604964267798,1.000377027714433,false,0,NaN
2036,F,0.8969724576891661,1.0000057270662144,false,0,NaN
2037,F,0.8970167675950168,0.9999846942576378,true,0,NaN
2038,F,0.8936172928515772,1.3254058509401012,false,0,NaN
2039,F,0.9095916922360425,0.9158834048491538,true,0,NaN
2040,F,0.895317030223297,1.0782422145921362,false,0,NaN
2041,F,0.8961668989091569,1.0172326033239933,false,0,NaN
2042,F,0.8965918332520869,1.0073168736871372,false,0,NaN
2043,F,0.8945493239040997,1.1694371268446835,false,0,NaN
2044,F,0.8948149007404724,1.1426282318147385,false,0,NaN
2045,F,0.8957813730111357,1.0396266990246223,false,0,NaN
2046,F,0.8958434979250947,1.0341777451008465,false,0,NaN
2047,F,0.8963973975779803,1.013254658549923,false,0,NaN
2048,F,0.896418192154245,1.0124694130734777,false,0,NaN
2049,F,0.8967054098880558,1.004156718990288,false,0,NaN
2050,F,0.896711946818122,1.0040869394449679,false,0,NaN
2051,F,0.8968594160964,1.0010348274061125,false,0,NaN
2052,F,0.896861060958603,1.001062081837772,false,0,NaN
2053,F,0.8969364193071853,1.0001304178626897,false,0,NaN
2054,F,0.8969366471686918,1.0001347791235884,false,0,NaN
2055,F,0.8969749211258068,1.0002016045117175,false,0,NaN
2056,F,0.896975260833395,1.000208550444572,false,0,NaN
2057,F,0.8970037989826133,1.0001064510510318,false,0,NaN
2058,F,0.8970039897526791,1.0001105405395618,false,0,NaN
2059,F,0.897012237253515,1.000085258433216,false,0,NaN
2060,F,0.8970123948662511,1.000088671259187,false,0,NaN
2061,F,0.897015562949063,1.0000126624358352,false,0,NaN
2062,F,0.897015606785462,1.0000132231266599,false,0,NaN
2063,F,0.8970167299498307,0.9999847558139944,true,0,NaN
2064,F,0.8962240005344744,1.0156237046122867,false,0,NaN
2065,F,0.8967794431724984,1.003344158066686,false,0,NaN
2066,F,0.8970167215701638,0.9999847559151218,true,0,NaN
2067,F,0.8965818335839586,1.0073454626260967,false,0,NaN
2068,F,0.8968350783547453,0.9999009163015153,true,0,NaN
2069,F,0.8968182266685816,1.000535510484849,false,0,NaN
2070,F,0.8968365805969007,0.999997889798381,true,0,NaN
2071,F,0.8968266525116635,0.999963891582103,true,0,NaN
2072,F,0.8968137080369002,1.0006949893107668,false,0,NaN
2073,F,0.896837614113519,0.9999836253301352,true,0,NaN
2074,F,0.8968201802742818,1.0004413632126323,false,0,NaN
2075,F,0.8968234163929727,1.0003998403326206,false,0,NaN
2076,F,0.8968250344523181,0.9999762161740633,true,0,NaN
2077,F,0.8968190889069784,1.0004278355171543,false,0,NaN
2078,F,0.896833711483038,1.000000181276407,true,0,NaN
2079,F,0.8968220616796483,1.000400021681396,false,0,NaN
2080,F,0.8968235480659832,1.0003902913536988,false,0,NaN
2081,F,0.8968242912591506,1.0000443873321503,false,0,NaN
2082,F,0.8968235075630652,1.0003905355590168,false,0,NaN
2083,F,0.8968267094610493,0.99992690601887,true,0,NaN
2084,F,0.89682425482207,1.0000544492562335,false,0,NaN
2085,F,0.8968248450946814,0.9999664062852783,true,0,NaN
2086,F,0.8968208189730532,1.0003921392026827,false,0,NaN
2087,F,0.8968342008495285,1.000000998437761,true,0,NaN
2088,F,0.8968243433124574,1.0003740116433837,false,0,NaN
2089,F,0.8968245942035694,1.0001334570557892,false,0,NaN
2090,F,0.8968247196491255,0.9999735000357801,true,0,NaN
2091,F,0.8968210960478543,1.0000277597261484,false,0,NaN
2092,F,0.896822053347917,0.9999996023734615,true,0,NaN
2093,F,0.8968076377400258,1.0002686800436025,false,0,NaN
2094,F,0.8968167447523845,0.9999992477951216,true,0,NaN
2095,F,0.8966316692834314,1.119776344861444,false,0,NaN
2096,F,0.896724207017908,1.0285849968699114,false,0,NaN
2097,F,0.8967704758851462,1.0076389985977796,false,0,NaN
2098,F,0.8967936103187654,1.001605263198662,false,0,NaN
2099,F,0.8966316692834314,1.1197763448614433,false,0,NaN
2100,F,0.8972378559175882,1.0998570485786172,false,0,NaN
2101,F,0.8967239098445872,1.028595264049689,false,0,NaN
2102,F,0.8968686325834089,1.0222378175956388,false,0,NaN
2103,F,0.8967700301253378,1.0075490148053377,false,0,NaN
2104,F,0.8968082388464937,1.004950002198739,false,0,NaN
2105,F,0.8967930902660589,1.0015456898753425,false,0,NaN
2106,F,0.8968009165506435,1.001450076657922,false,0,NaN
2107,F,0.8968046203371107,1.000248530878382,false,0,NaN
2108,F,0.8968058818449348,1.0002363345734233,false,0,NaN
2109,F,0.8968103853740192,1.000050454591491,false,0,NaN
2110,F,0.8968106444768628,1.000047194913778,false,0,NaN
2111,F,0.8968132678952389,1.0000331175491854,false,0,NaN
2112,F,0.8968134392824431,1.0000313240401997,false,0,NaN
2113,F,0.8968154298055111,1.000022024501165,false,0,NaN
2114,F,0.8968155450710917,1.0000207682863465,false,0,NaN
2115,F,0.8968160605630054,1.0000141074867228,false,0,NaN
2116,F,0.8968161357666352,1.0000131654908284,false,0,NaN
2117,F,0.8968162315216137,1.0000106627021836,false,0,NaN
2118,F,0.89681628929212,1.0000097905002645,false,0,NaN
2119,F,0.8968167287139229,0.9999992708555778,true,0,NaN
2120,F,0.8967925742656123,1.0016241463218643,false,0,NaN
2121,F,0.8968461932960757,1.0000455031871474,false,0,NaN
2122,F,0.896816728606903,0.9999992708578164,true,0,NaN
2123,F,0.896811371145221,1.0000128143714564,false,0,NaN
2124,F,0.8968118107129579,0.9999997915626425,true,0,NaN
