
=======================================
           Academic License
       (NOT FOR COMMERCIAL USE)
         Artelys Knitro 13.0.1
=======================================

WARNING:  Option 'mip_integral_gap_abs' deprecated, please use 'mip_opt_gap_abs'.
WARNING:  Option 'mip_integral_gap_rel' deprecated, please use 'mip_opt_gap_rel'.
WARNING:  Option 'mip_integral_gap_abs' deprecated, please use 'mip_opt_gap_abs'.
WARNING:  Option 'mip_integral_gap_rel' deprecated, please use 'mip_opt_gap_rel'.
Knitro presolve eliminated 0 variables and 0 constraints.

bar_conic_enable:        0
hessopt:                 3
honorbnds:               1
maxit:                   1000000
maxtime_real:            90
numthreads:              1
outlev:                  3
restarts:                0
WARNING: Option ms_maxsolves was set, but option ms_enable='no'.
WARNING: Option ms_startptrange was set, but option ms_enable='no'.

Problem Characteristics                                 (   Presolved)
-----------------------
Objective goal:  Minimize
Objective type:  general
Number of variables:                                 16 (          16)
    bounded below only:                               0 (           0)
    bounded above only:                               0 (           0)
    bounded below and above:                         16 (          16)
    fixed:                                            0 (           0)
    free:                                             0 (           0)
Number of constraints:                                1 (           1)
    linear equalities:                                0 (           0)
    quadratic equalities:                             0 (           0)
    gen. nonlinear equalities:                        0 (           0)
    linear one-sided inequalities:                    0 (           0)
    quadratic one-sided inequalities:                 0 (           0)
    gen. nonlinear one-sided inequalities:            1 (           1)
    linear two-sided inequalities:                    0 (           0)
    quadratic two-sided inequalities:                 0 (           0)
    gen. nonlinear two-sided inequalities:            0 (           0)
Number of nonzeros in Jacobian:                      16 (          16)
Number of nonzeros in Hessian:                        0 (         136)

Knitro using the Interior-Point/Barrier Direct algorithm.

  Iter      Objective      FeasError   OptError    ||Step||    CGits 
--------  --------------  ----------  ----------  ----------  -------
       0    8.926360e-01   1.036e-01
WARNING:  Option 'mip_integral_gap_abs' deprecated, please use 'mip_opt_gap_abs'.
WARNING:  Option 'mip_integral_gap_rel' deprecated, please use 'mip_opt_gap_rel'.
WARNING:  Option 'mip_integral_gap_abs' deprecated, please use 'mip_opt_gap_abs'.
WARNING:  Option 'mip_integral_gap_rel' deprecated, please use 'mip_opt_gap_rel'.
       1    8.962836e-01   0.000e+00   1.804e-02   1.332e-02        0
WARNING:  Option 'mip_integral_gap_abs' deprecated, please use 'mip_opt_gap_abs'.
WARNING:  Option 'mip_integral_gap_rel' deprecated, please use 'mip_opt_gap_rel'.
WARNING:  Option 'mip_integral_gap_abs' deprecated, please use 'mip_opt_gap_abs'.
WARNING:  Option 'mip_integral_gap_rel' deprecated, please use 'mip_opt_gap_rel'.
       2    8.948410e-01   0.000e+00   3.021e-03   5.035e-03        0
WARNING:  Option 'mip_integral_gap_abs' deprecated, please use 'mip_opt_gap_abs'.
WARNING:  Option 'mip_integral_gap_rel' deprecated, please use 'mip_opt_gap_rel'.
WARNING:  Option 'mip_integral_gap_abs' deprecated, please use 'mip_opt_gap_abs'.
WARNING:  Option 'mip_integral_gap_rel' deprecated, please use 'mip_opt_gap_rel'.
       3    8.947280e-01   1.158e-03   2.400e-03   5.624e-03        0
WARNING:  Option 'mip_integral_gap_abs' deprecated, please use 'mip_opt_gap_abs'.
WARNING:  Option 'mip_integral_gap_rel' deprecated, please use 'mip_opt_gap_rel'.
WARNING:  Option 'mip_integral_gap_abs' deprecated, please use 'mip_opt_gap_abs'.
WARNING:  Option 'mip_integral_gap_rel' deprecated, please use 'mip_opt_gap_rel'.
WARNING:  Option 'mip_integral_gap_abs' deprecated, please use 'mip_opt_gap_abs'.
WARNING:  Option 'mip_integral_gap_rel' deprecated, please use 'mip_opt_gap_rel'.
WARNING:  Option 'mip_integral_gap_abs' deprecated, please use 'mip_opt_gap_abs'.
WARNING:  Option 'mip_integral_gap_rel' deprecated, please use 'mip_opt_gap_rel'.
WARNING:  Option 'mip_integral_gap_abs' deprecated, please use 'mip_opt_gap_abs'.
WARNING:  Option 'mip_integral_gap_rel' deprecated, please use 'mip_opt_gap_rel'.
WARNING:  Option 'mip_integral_gap_abs' deprecated, please use 'mip_opt_gap_abs'.
WARNING:  Option 'mip_integral_gap_rel' deprecated, please use 'mip_opt_gap_rel'.
       4    8.941141e-01   4.249e-01   3.942e-02   1.217e-01        5
WARNING:  Option 'mip_integral_gap_abs' deprecated, please use 'mip_opt_gap_abs'.
WARNING:  Option 'mip_integral_gap_rel' deprecated, please use 'mip_opt_gap_rel'.
WARNING:  Option 'mip_integral_gap_abs' deprecated, please use 'mip_opt_gap_abs'.
WARNING:  Option 'mip_integral_gap_rel' deprecated, please use 'mip_opt_gap_rel'.
       5    8.818048e-01   1.823e+00   2.156e-02   1.102e-01        0
WARNING:  Option 'mip_integral_gap_abs' deprecated, please use 'mip_opt_gap_abs'.
WARNING:  Option 'mip_integral_gap_rel' deprecated, please use 'mip_opt_gap_rel'.
WARNING:  Option 'mip_integral_gap_abs' deprecated, please use 'mip_opt_gap_abs'.
WARNING:  Option 'mip_integral_gap_rel' deprecated, please use 'mip_opt_gap_rel'.
       6    8.840479e-01   1.222e+00   1.784e-02   9.773e-02        0
WARNING:  Option 'mip_integral_gap_abs' deprecated, please use 'mip_opt_gap_abs'.
WARNING:  Option 'mip_integral_gap_rel' deprecated, please use 'mip_opt_gap_rel'.
WARNING:  Option 'mip_integral_gap_abs' deprecated, please use 'mip_opt_gap_abs'.
WARNING:  Option 'mip_integral_gap_rel' deprecated, please use 'mip_opt_gap_rel'.
       7    8.839251e-01   1.063e+00   1.431e-02   1.334e-01        0
WARNING:  Option 'mip_integral_gap_abs' deprecated, please use 'mip_opt_gap_abs'.
WARNING:  Option 'mip_integral_gap_rel' deprecated, please use 'mip_opt_gap_rel'.
WARNING:  Option 'mip_integral_gap_abs' deprecated, please use 'mip_opt_gap_abs'.
WARNING:  Option 'mip_integral_gap_rel' deprecated, please use 'mip_opt_gap_rel'.
       8    8.866086e-01   6.007e-01   2.583e-02   1.530e-01        0
WARNING:  Option 'mip_integral_gap_abs' deprecated, please use 'mip_opt_gap_abs'.
WARNING:  Option 'mip_integral_gap_rel' deprecated, please use 'mip_opt_gap_rel'.
WARNING:  Option 'mip_integral_gap_abs' deprecated, please use 'mip_opt_gap_abs'.
WARNING:  Option 'mip_integral_gap_rel' deprecated, please use 'mip_opt_gap_rel'.
       9    8.880190e-01   4.065e-01   2.036e-02   1.010e-01        0
WARNING:  Option 'mip_integral_gap_abs' deprecated, please use 'mip_opt_gap_abs'.
WARNING:  Option 'mip_integral_gap_rel' deprecated, please use 'mip_opt_gap_rel'.
WARNING:  Option 'mip_integral_gap_abs' deprecated, please use 'mip_opt_gap_abs'.
WARNING:  Option 'mip_integral_gap_rel' deprecated, please use 'mip_opt_gap_rel'.
      10    8.910947e-01   1.696e-01   6.485e-02   1.061e-01        0
WARNING:  Option 'mip_integral_gap_abs' deprecated, please use 'mip_opt_gap_abs'.
WARNING:  Option 'mip_integral_gap_rel' deprecated, please use 'mip_opt_gap_rel'.
WARNING:  Option 'mip_integral_gap_abs' deprecated, please use 'mip_opt_gap_abs'.
WARNING:  Option 'mip_integral_gap_rel' deprecated, please use 'mip_opt_gap_rel'.
WARNING:  Option 'mip_integral_gap_abs' deprecated, please use 'mip_opt_gap_abs'.
WARNING:  Option 'mip_integral_gap_rel' deprecated, please use 'mip_opt_gap_rel'.
      11    8.935381e-01   1.452e-01   2.973e-01   5.683e-02        0
WARNING:  Option 'mip_integral_gap_abs' deprecated, please use 'mip_opt_gap_abs'.
WARNING:  Option 'mip_integral_gap_rel' deprecated, please use 'mip_opt_gap_rel'.
WARNING:  Option 'mip_integral_gap_abs' deprecated, please use 'mip_opt_gap_abs'.
WARNING:  Option 'mip_integral_gap_rel' deprecated, please use 'mip_opt_gap_rel'.
      12    8.926135e-01   1.027e-01   8.239e-01   1.071e-01        0
WARNING:  Option 'mip_integral_gap_abs' deprecated, please use 'mip_opt_gap_abs'.
WARNING:  Option 'mip_integral_gap_rel' deprecated, please use 'mip_opt_gap_rel'.
WARNING:  Option 'mip_integral_gap_abs' deprecated, please use 'mip_opt_gap_abs'.
WARNING:  Option 'mip_integral_gap_rel' deprecated, please use 'mip_opt_gap_rel'.
      13    8.953081e-01   3.427e-02   1.164e-01   3.247e-02        0
WARNING:  Option 'mip_integral_gap_abs' deprecated, please use 'mip_opt_gap_abs'.
WARNING:  Option 'mip_integral_gap_rel' deprecated, please use 'mip_opt_gap_rel'.
WARNING:  Option 'mip_integral_gap_abs' deprecated, please use 'mip_opt_gap_abs'.
WARNING:  Option 'mip_integral_gap_rel' deprecated, please use 'mip_opt_gap_rel'.
      14    8.945975e-01   2.160e-02   3.169e-02   8.825e-02        0
WARNING:  Option 'mip_integral_gap_abs' deprecated, please use 'mip_opt_gap_abs'.
WARNING:  Option 'mip_integral_gap_rel' deprecated, please use 'mip_opt_gap_rel'.
WARNING:  Option 'mip_integral_gap_abs' deprecated, please use 'mip_opt_gap_abs'.
WARNING:  Option 'mip_integral_gap_rel' deprecated, please use 'mip_opt_gap_rel'.
WARNING:  Option 'mip_integral_gap_abs' deprecated, please use 'mip_opt_gap_abs'.
WARNING:  Option 'mip_integral_gap_rel' deprecated, please use 'mip_opt_gap_rel'.
      15    8.950097e-01   1.760e-02   3.245e-02   4.458e-02        0
WARNING:  Option 'mip_integral_gap_abs' deprecated, please use 'mip_opt_gap_abs'.
WARNING:  Option 'mip_integral_gap_rel' deprecated, please use 'mip_opt_gap_rel'.
WARNING:  Option 'mip_integral_gap_abs' deprecated, please use 'mip_opt_gap_abs'.
WARNING:  Option 'mip_integral_gap_rel' deprecated, please use 'mip_opt_gap_rel'.
      16    8.945823e-01   1.505e-02   3.168e-02   6.982e-02        0
WARNING:  Option 'mip_integral_gap_abs' deprecated, please use 'mip_opt_gap_abs'.
WARNING:  Option 'mip_integral_gap_rel' deprecated, please use 'mip_opt_gap_rel'.
WARNING:  Option 'mip_integral_gap_abs' deprecated, please use 'mip_opt_gap_abs'.
WARNING:  Option 'mip_integral_gap_rel' deprecated, please use 'mip_opt_gap_rel'.
      17    8.949204e-01   4.821e-03   3.212e-02   3.463e-02        0
WARNING:  Option 'mip_integral_gap_abs' deprecated, please use 'mip_opt_gap_abs'.
WARNING:  Option 'mip_integral_gap_rel' deprecated, please use 'mip_opt_gap_rel'.
WARNING:  Option 'mip_integral_gap_abs' deprecated, please use 'mip_opt_gap_abs'.
WARNING:  Option 'mip_integral_gap_rel' deprecated, please use 'mip_opt_gap_rel'.
      18    8.948892e-01   2.586e-03   3.197e-02   1.555e-02        0
WARNING:  Option 'mip_integral_gap_abs' deprecated, please use 'mip_opt_gap_abs'.
WARNING:  Option 'mip_integral_gap_rel' deprecated, please use 'mip_opt_gap_rel'.
WARNING:  Option 'mip_integral_gap_abs' deprecated, please use 'mip_opt_gap_abs'.
WARNING:  Option 'mip_integral_gap_rel' deprecated, please use 'mip_opt_gap_rel'.
      19    8.947916e-01   0.000e+00   3.184e-02   1.763e-02        0
WARNING:  Option 'mip_integral_gap_abs' deprecated, please use 'mip_opt_gap_abs'.
WARNING:  Option 'mip_integral_gap_rel' deprecated, please use 'mip_opt_gap_rel'.
WARNING:  Option 'mip_integral_gap_abs' deprecated, please use 'mip_opt_gap_abs'.
WARNING:  Option 'mip_integral_gap_rel' deprecated, please use 'mip_opt_gap_rel'.
WARNING:  Option 'mip_integral_gap_abs' deprecated, please use 'mip_opt_gap_abs'.
WARNING:  Option 'mip_integral_gap_rel' deprecated, please use 'mip_opt_gap_rel'.
WARNING:  Option 'mip_integral_gap_abs' deprecated, please use 'mip_opt_gap_abs'.
WARNING:  Option 'mip_integral_gap_rel' deprecated, please use 'mip_opt_gap_rel'.
WARNING:  Option 'mip_integral_gap_abs' deprecated, please use 'mip_opt_gap_abs'.
WARNING:  Option 'mip_integral_gap_rel' deprecated, please use 'mip_opt_gap_rel'.
      20    8.947727e-01   0.000e+00   3.182e-02   3.405e-03        0
WARNING:  Option 'mip_integral_gap_abs' deprecated, please use 'mip_opt_gap_abs'.
WARNING:  Option 'mip_integral_gap_rel' deprecated, please use 'mip_opt_gap_rel'.
WARNING:  Option 'mip_integral_gap_abs' deprecated, please use 'mip_opt_gap_abs'.
WARNING:  Option 'mip_integral_gap_rel' deprecated, please use 'mip_opt_gap_rel'.
WARNING:  Option 'mip_integral_gap_abs' deprecated, please use 'mip_opt_gap_abs'.
WARNING:  Option 'mip_integral_gap_rel' deprecated, please use 'mip_opt_gap_rel'.
      21    8.947134e-01   0.000e+00   1.451e-02   1.310e-02        0
WARNING:  Option 'mip_integral_gap_abs' deprecated, please use 'mip_opt_gap_abs'.
WARNING:  Option 'mip_integral_gap_rel' deprecated, please use 'mip_opt_gap_rel'.
WARNING:  Option 'mip_integral_gap_abs' deprecated, please use 'mip_opt_gap_abs'.
WARNING:  Option 'mip_integral_gap_rel' deprecated, please use 'mip_opt_gap_rel'.
WARNING:  Option 'mip_integral_gap_abs' deprecated, please use 'mip_opt_gap_abs'.
WARNING:  Option 'mip_integral_gap_rel' deprecated, please use 'mip_opt_gap_rel'.
WARNING:  Option 'mip_integral_gap_abs' deprecated, please use 'mip_opt_gap_abs'.
WARNING:  Option 'mip_integral_gap_rel' deprecated, please use 'mip_opt_gap_rel'.
WARNING:  Option 'mip_integral_gap_abs' deprecated, please use 'mip_opt_gap_abs'.
WARNING:  Option 'mip_integral_gap_rel' deprecated, please use 'mip_opt_gap_rel'.
WARNING:  Option 'mip_integral_gap_abs' deprecated, please use 'mip_opt_gap_abs'.
WARNING:  Option 'mip_integral_gap_rel' deprecated, please use 'mip_opt_gap_rel'.
      22    8.947049e-01   0.000e+00   1.517e-02   1.318e-03        0
WARNING:  Option 'mip_integral_gap_abs' deprecated, please use 'mip_opt_gap_abs'.
WARNING:  Option 'mip_integral_gap_rel' deprecated, please use 'mip_opt_gap_rel'.
WARNING:  Option 'mip_integral_gap_abs' deprecated, please use 'mip_opt_gap_abs'.
WARNING:  Option 'mip_integral_gap_rel' deprecated, please use 'mip_opt_gap_rel'.
WARNING:  Option 'mip_integral_gap_abs' deprecated, please use 'mip_opt_gap_abs'.
WARNING:  Option 'mip_integral_gap_rel' deprecated, please use 'mip_opt_gap_rel'.
WARNING:  Option 'mip_integral_gap_abs' deprecated, please use 'mip_opt_gap_abs'.
WARNING:  Option 'mip_integral_gap_rel' deprecated, please use 'mip_opt_gap_rel'.
WARNING:  Option 'mip_integral_gap_abs' deprecated, please use 'mip_opt_gap_abs'.
WARNING:  Option 'mip_integral_gap_rel' deprecated, please use 'mip_opt_gap_rel'.
WARNING:  Option 'mip_integral_gap_abs' deprecated, please use 'mip_opt_gap_abs'.
WARNING:  Option 'mip_integral_gap_rel' deprecated, please use 'mip_opt_gap_rel'.
WARNING:  Option 'mip_integral_gap_abs' deprecated, please use 'mip_opt_gap_abs'.
WARNING:  Option 'mip_integral_gap_rel' deprecated, please use 'mip_opt_gap_rel'.
WARNING:  Option 'mip_integral_gap_abs' deprecated, please use 'mip_opt_gap_abs'.
WARNING:  Option 'mip_integral_gap_rel' deprecated, please use 'mip_opt_gap_rel'.
WARNING:  Option 'mip_integral_gap_abs' deprecated, please use 'mip_opt_gap_abs'.
WARNING:  Option 'mip_integral_gap_rel' deprecated, please use 'mip_opt_gap_rel'.
      23    8.945916e-01   1.356e-05   1.785e-03   3.054e-02        8
WARNING:  Option 'mip_integral_gap_abs' deprecated, please use 'mip_opt_gap_abs'.
WARNING:  Option 'mip_integral_gap_rel' deprecated, please use 'mip_opt_gap_rel'.
WARNING:  Option 'mip_integral_gap_abs' deprecated, please use 'mip_opt_gap_abs'.
WARNING:  Option 'mip_integral_gap_rel' deprecated, please use 'mip_opt_gap_rel'.
      24    8.945457e-01   0.000e+00   2.330e-03   1.661e-02        0
WARNING:  Option 'mip_integral_gap_abs' deprecated, please use 'mip_opt_gap_abs'.
WARNING:  Option 'mip_integral_gap_rel' deprecated, please use 'mip_opt_gap_rel'.
WARNING:  Option 'mip_integral_gap_abs' deprecated, please use 'mip_opt_gap_abs'.
WARNING:  Option 'mip_integral_gap_rel' deprecated, please use 'mip_opt_gap_rel'.
      25    8.944858e-01   8.865e-04   4.275e-03   2.684e-02        0
WARNING:  Option 'mip_integral_gap_abs' deprecated, please use 'mip_opt_gap_abs'.
WARNING:  Option 'mip_integral_gap_rel' deprecated, please use 'mip_opt_gap_rel'.
WARNING:  Option 'mip_integral_gap_abs' deprecated, please use 'mip_opt_gap_abs'.
WARNING:  Option 'mip_integral_gap_rel' deprecated, please use 'mip_opt_gap_rel'.
WARNING:  Option 'mip_integral_gap_abs' deprecated, please use 'mip_opt_gap_abs'.
WARNING:  Option 'mip_integral_gap_rel' deprecated, please use 'mip_opt_gap_rel'.
WARNING:  Option 'mip_integral_gap_abs' deprecated, please use 'mip_opt_gap_abs'.
WARNING:  Option 'mip_integral_gap_rel' deprecated, please use 'mip_opt_gap_rel'.
WARNING:  Option 'mip_integral_gap_abs' deprecated, please use 'mip_opt_gap_abs'.
WARNING:  Option 'mip_integral_gap_rel' deprecated, please use 'mip_opt_gap_rel'.
WARNING:  Option 'mip_integral_gap_abs' deprecated, please use 'mip_opt_gap_abs'.
WARNING:  Option 'mip_integral_gap_rel' deprecated, please use 'mip_opt_gap_rel'.
WARNING:  Option 'mip_integral_gap_abs' deprecated, please use 'mip_opt_gap_abs'.
WARNING:  Option 'mip_integral_gap_rel' deprecated, please use 'mip_opt_gap_rel'.
WARNING:  Option 'mip_integral_gap_abs' deprecated, please use 'mip_opt_gap_abs'.
WARNING:  Option 'mip_integral_gap_rel' deprecated, please use 'mip_opt_gap_rel'.
WARNING:  Option 'mip_integral_gap_abs' deprecated, please use 'mip_opt_gap_abs'.
WARNING:  Option 'mip_integral_gap_rel' deprecated, please use 'mip_opt_gap_rel'.
WARNING:  Option 'mip_integral_gap_abs' deprecated, please use 'mip_opt_gap_abs'.
WARNING:  Option 'mip_integral_gap_rel' deprecated, please use 'mip_opt_gap_rel'.
WARNING:  Option 'mip_integral_gap_abs' deprecated, please use 'mip_opt_gap_abs'.
WARNING:  Option 'mip_integral_gap_rel' deprecated, please use 'mip_opt_gap_rel'.
      26    8.944311e-01   1.533e-05   3.106e-03   1.491e-01        1
WARNING:  Option 'mip_integral_gap_abs' deprecated, please use 'mip_opt_gap_abs'.
WARNING:  Option 'mip_integral_gap_rel' deprecated, please use 'mip_opt_gap_rel'.
WARNING:  Option 'mip_integral_gap_abs' deprecated, please use 'mip_opt_gap_abs'.
WARNING:  Option 'mip_integral_gap_rel' deprecated, please use 'mip_opt_gap_rel'.
      27    8.943998e-01   2.636e-04   2.942e-03   6.109e-03        0
WARNING:  Option 'mip_integral_gap_abs' deprecated, please use 'mip_opt_gap_abs'.
WARNING:  Option 'mip_integral_gap_rel' deprecated, please use 'mip_opt_gap_rel'.
WARNING:  Option 'mip_integral_gap_abs' deprecated, please use 'mip_opt_gap_abs'.
WARNING:  Option 'mip_integral_gap_rel' deprecated, please use 'mip_opt_gap_rel'.
      28    8.943764e-01   1.902e-04   2.999e-03   6.913e-03        0
WARNING:  Option 'mip_integral_gap_abs' deprecated, please use 'mip_opt_gap_abs'.
WARNING:  Option 'mip_integral_gap_rel' deprecated, please use 'mip_opt_gap_rel'.
WARNING:  Option 'mip_integral_gap_abs' deprecated, please use 'mip_opt_gap_abs'.
WARNING:  Option 'mip_integral_gap_rel' deprecated, please use 'mip_opt_gap_rel'.
      29    8.943635e-01   2.121e-04   1.615e-03   4.408e-03        0
WARNING:  Option 'mip_integral_gap_abs' deprecated, please use 'mip_opt_gap_abs'.
WARNING:  Option 'mip_integral_gap_rel' deprecated, please use 'mip_opt_gap_rel'.
WARNING:  Option 'mip_integral_gap_abs' deprecated, please use 'mip_opt_gap_abs'.
WARNING:  Option 'mip_integral_gap_rel' deprecated, please use 'mip_opt_gap_rel'.
      30    8.943518e-01   0.000e+00   1.442e-03   5.130e-03        0
WARNING:  Option 'mip_integral_gap_abs' deprecated, please use 'mip_opt_gap_abs'.
WARNING:  Option 'mip_integral_gap_rel' deprecated, please use 'mip_opt_gap_rel'.
WARNING:  Option 'mip_integral_gap_abs' deprecated, please use 'mip_opt_gap_abs'.
WARNING:  Option 'mip_integral_gap_rel' deprecated, please use 'mip_opt_gap_rel'.
      31    8.943123e-01   5.281e-04   1.230e-03   1.027e-02        0
WARNING:  Option 'mip_integral_gap_abs' deprecated, please use 'mip_opt_gap_abs'.
WARNING:  Option 'mip_integral_gap_rel' deprecated, please use 'mip_opt_gap_rel'.
WARNING:  Option 'mip_integral_gap_abs' deprecated, please use 'mip_opt_gap_abs'.
WARNING:  Option 'mip_integral_gap_rel' deprecated, please use 'mip_opt_gap_rel'.
      32    8.943020e-01   1.183e-03   5.874e-04   1.302e-02        0
WARNING:  Option 'mip_integral_gap_abs' deprecated, please use 'mip_opt_gap_abs'.
WARNING:  Option 'mip_integral_gap_rel' deprecated, please use 'mip_opt_gap_rel'.
WARNING:  Option 'mip_integral_gap_abs' deprecated, please use 'mip_opt_gap_abs'.
WARNING:  Option 'mip_integral_gap_rel' deprecated, please use 'mip_opt_gap_rel'.
      33    8.943143e-01   0.000e+00   2.403e-03   1.879e-02        0
WARNING:  Option 'mip_integral_gap_abs' deprecated, please use 'mip_opt_gap_abs'.
WARNING:  Option 'mip_integral_gap_rel' deprecated, please use 'mip_opt_gap_rel'.
WARNING:  Option 'mip_integral_gap_abs' deprecated, please use 'mip_opt_gap_abs'.
WARNING:  Option 'mip_integral_gap_rel' deprecated, please use 'mip_opt_gap_rel'.
WARNING:  Option 'mip_integral_gap_abs' deprecated, please use 'mip_opt_gap_abs'.
WARNING:  Option 'mip_integral_gap_rel' deprecated, please use 'mip_opt_gap_rel'.
WARNING:  Option 'mip_integral_gap_abs' deprecated, please use 'mip_opt_gap_abs'.
WARNING:  Option 'mip_integral_gap_rel' deprecated, please use 'mip_opt_gap_rel'.
      34    8.942702e-01   1.127e-04   2.280e-03   1.910e-02        0
WARNING:  Option 'mip_integral_gap_abs' deprecated, please use 'mip_opt_gap_abs'.
WARNING:  Option 'mip_integral_gap_rel' deprecated, please use 'mip_opt_gap_rel'.
WARNING:  Option 'mip_integral_gap_abs' deprecated, please use 'mip_opt_gap_abs'.
WARNING:  Option 'mip_integral_gap_rel' deprecated, please use 'mip_opt_gap_rel'.
      35    8.942250e-01   0.000e+00   2.573e-03   3.276e-02        0
WARNING:  Option 'mip_integral_gap_abs' deprecated, please use 'mip_opt_gap_abs'.
WARNING:  Option 'mip_integral_gap_rel' deprecated, please use 'mip_opt_gap_rel'.
WARNING:  Option 'mip_integral_gap_abs' deprecated, please use 'mip_opt_gap_abs'.
WARNING:  Option 'mip_integral_gap_rel' deprecated, please use 'mip_opt_gap_rel'.
WARNING:  Option 'mip_integral_gap_abs' deprecated, please use 'mip_opt_gap_abs'.
WARNING:  Option 'mip_integral_gap_rel' deprecated, please use 'mip_opt_gap_rel'.
WARNING:  Option 'mip_integral_gap_abs' deprecated, please use 'mip_opt_gap_abs'.
WARNING:  Option 'mip_integral_gap_rel' deprecated, please use 'mip_opt_gap_rel'.
WARNING:  Option 'mip_integral_gap_abs' deprecated, please use 'mip_opt_gap_abs'.
WARNING:  Option 'mip_integral_gap_rel' deprecated, please use 'mip_opt_gap_rel'.
WARNING:  Option 'mip_integral_gap_abs' deprecated, please use 'mip_opt_gap_abs'.
WARNING:  Option 'mip_integral_gap_rel' deprecated, please use 'mip_opt_gap_rel'.
WARNING:  Option 'mip_integral_gap_abs' deprecated, please use 'mip_opt_gap_abs'.
WARNING:  Option 'mip_integral_gap_rel' deprecated, please use 'mip_opt_gap_rel'.
WARNING:  Option 'mip_integral_gap_abs' deprecated, please use 'mip_opt_gap_abs'.
WARNING:  Option 'mip_integral_gap_rel' deprecated, please use 'mip_opt_gap_rel'.
WARNING:  Option 'mip_integral_gap_abs' deprecated, please use 'mip_opt_gap_abs'.
WARNING:  Option 'mip_integral_gap_rel' deprecated, please use 'mip_opt_gap_rel'.
WARNING:  Option 'mip_integral_gap_abs' deprecated, please use 'mip_opt_gap_abs'.
WARNING:  Option 'mip_integral_gap_rel' deprecated, please use 'mip_opt_gap_rel'.
WARNING:  Option 'mip_integral_gap_abs' deprecated, please use 'mip_opt_gap_abs'.
WARNING:  Option 'mip_integral_gap_rel' deprecated, please use 'mip_opt_gap_rel'.
WARNING:  Option 'mip_integral_gap_abs' deprecated, please use 'mip_opt_gap_abs'.
WARNING:  Option 'mip_integral_gap_rel' deprecated, please use 'mip_opt_gap_rel'.
      36    8.941897e-01   0.000e+00   3.809e-03   7.572e-03       16
WARNING:  Option 'mip_integral_gap_abs' deprecated, please use 'mip_opt_gap_abs'.
WARNING:  Option 'mip_integral_gap_rel' deprecated, please use 'mip_opt_gap_rel'.
WARNING:  Option 'mip_integral_gap_abs' deprecated, please use 'mip_opt_gap_abs'.
WARNING:  Option 'mip_integral_gap_rel' deprecated, please use 'mip_opt_gap_rel'.
      37    8.941277e-01   3.196e-04   1.713e-03   5.993e-03        0
WARNING:  Option 'mip_integral_gap_abs' deprecated, please use 'mip_opt_gap_abs'.
WARNING:  Option 'mip_integral_gap_rel' deprecated, please use 'mip_opt_gap_rel'.
WARNING:  Option 'mip_integral_gap_abs' deprecated, please use 'mip_opt_gap_abs'.
WARNING:  Option 'mip_integral_gap_rel' deprecated, please use 'mip_opt_gap_rel'.
      38    8.941304e-01   2.343e-04   1.675e-03   1.540e-03        0
WARNING:  Option 'mip_integral_gap_abs' deprecated, please use 'mip_opt_gap_abs'.
WARNING:  Option 'mip_integral_gap_rel' deprecated, please use 'mip_opt_gap_rel'.
WARNING:  Option 'mip_integral_gap_abs' deprecated, please use 'mip_opt_gap_abs'.
WARNING:  Option 'mip_integral_gap_rel' deprecated, please use 'mip_opt_gap_rel'.
WARNING:  Option 'mip_integral_gap_abs' deprecated, please use 'mip_opt_gap_abs'.
WARNING:  Option 'mip_integral_gap_rel' deprecated, please use 'mip_opt_gap_rel'.
WARNING:  Option 'mip_integral_gap_abs' deprecated, please use 'mip_opt_gap_abs'.
WARNING:  Option 'mip_integral_gap_rel' deprecated, please use 'mip_opt_gap_rel'.
WARNING:  Option 'mip_integral_gap_abs' deprecated, please use 'mip_opt_gap_abs'.
WARNING:  Option 'mip_integral_gap_rel' deprecated, please use 'mip_opt_gap_rel'.
WARNING:  Option 'mip_integral_gap_abs' deprecated, please use 'mip_opt_gap_abs'.
WARNING:  Option 'mip_integral_gap_rel' deprecated, please use 'mip_opt_gap_rel'.
WARNING:  Option 'mip_integral_gap_abs' deprecated, please use 'mip_opt_gap_abs'.
WARNING:  Option 'mip_integral_gap_rel' deprecated, please use 'mip_opt_gap_rel'.
WARNING:  Option 'mip_integral_gap_abs' deprecated, please use 'mip_opt_gap_abs'.
WARNING:  Option 'mip_integral_gap_rel' deprecated, please use 'mip_opt_gap_rel'.
      39    8.941575e-01   4.365e-05   1.652e-03   4.729e-03        1
WARNING:  Option 'mip_integral_gap_abs' deprecated, please use 'mip_opt_gap_abs'.
WARNING:  Option 'mip_integral_gap_rel' deprecated, please use 'mip_opt_gap_rel'.
WARNING:  Option 'mip_integral_gap_abs' deprecated, please use 'mip_opt_gap_abs'.
WARNING:  Option 'mip_integral_gap_rel' deprecated, please use 'mip_opt_gap_rel'.
      40    8.941561e-01   3.697e-06   9.323e-04   1.027e-03        0
WARNING:  Option 'mip_integral_gap_abs' deprecated, please use 'mip_opt_gap_abs'.
WARNING:  Option 'mip_integral_gap_rel' deprecated, please use 'mip_opt_gap_rel'.
WARNING:  Option 'mip_integral_gap_abs' deprecated, please use 'mip_opt_gap_abs'.
WARNING:  Option 'mip_integral_gap_rel' deprecated, please use 'mip_opt_gap_rel'.
WARNING:  Option 'mip_integral_gap_abs' deprecated, please use 'mip_opt_gap_abs'.
WARNING:  Option 'mip_integral_gap_rel' deprecated, please use 'mip_opt_gap_rel'.
WARNING:  Option 'mip_integral_gap_abs' deprecated, please use 'mip_opt_gap_abs'.
WARNING:  Option 'mip_integral_gap_rel' deprecated, please use 'mip_opt_gap_rel'.
WARNING:  Option 'mip_integral_gap_abs' deprecated, please use 'mip_opt_gap_abs'.
WARNING:  Option 'mip_integral_gap_rel' deprecated, please use 'mip_opt_gap_rel'.
WARNING:  Option 'mip_integral_gap_abs' deprecated, please use 'mip_opt_gap_abs'.
WARNING:  Option 'mip_integral_gap_rel' deprecated, please use 'mip_opt_gap_rel'.
WARNING:  Option 'mip_integral_gap_abs' deprecated, please use 'mip_opt_gap_abs'.
WARNING:  Option 'mip_integral_gap_rel' deprecated, please use 'mip_opt_gap_rel'.
      41    8.936711e-01   7.006e-02   1.938e-02   1.886e-01        8
WARNING:  Option 'mip_integral_gap_abs' deprecated, please use 'mip_opt_gap_abs'.
WARNING:  Option 'mip_integral_gap_rel' deprecated, please use 'mip_opt_gap_rel'.
WARNING:  Option 'mip_integral_gap_abs' deprecated, please use 'mip_opt_gap_abs'.
WARNING:  Option 'mip_integral_gap_rel' deprecated, please use 'mip_opt_gap_rel'.
      42    8.955978e-01   1.379e-02   2.331e-02   2.938e-02        0
WARNING:  Option 'mip_integral_gap_abs' deprecated, please use 'mip_opt_gap_abs'.
WARNING:  Option 'mip_integral_gap_rel' deprecated, please use 'mip_opt_gap_rel'.
WARNING:  Option 'mip_integral_gap_abs' deprecated, please use 'mip_opt_gap_abs'.
WARNING:  Option 'mip_integral_gap_rel' deprecated, please use 'mip_opt_gap_rel'.
      43    8.929522e-01   8.180e-02   1.836e-02   5.285e-02        0
WARNING:  Option 'mip_integral_gap_abs' deprecated, please use 'mip_opt_gap_abs'.
WARNING:  Option 'mip_integral_gap_rel' deprecated, please use 'mip_opt_gap_rel'.
WARNING:  Option 'mip_integral_gap_abs' deprecated, please use 'mip_opt_gap_abs'.
WARNING:  Option 'mip_integral_gap_rel' deprecated, please use 'mip_opt_gap_rel'.
      44    8.942037e-01   5.047e-03   7.847e-03   3.321e-02        0
WARNING:  Option 'mip_integral_gap_abs' deprecated, please use 'mip_opt_gap_abs'.
WARNING:  Option 'mip_integral_gap_rel' deprecated, please use 'mip_opt_gap_rel'.
WARNING:  Option 'mip_integral_gap_abs' deprecated, please use 'mip_opt_gap_abs'.
WARNING:  Option 'mip_integral_gap_rel' deprecated, please use 'mip_opt_gap_rel'.
      45    8.937916e-01   1.107e-02   5.912e-03   5.895e-02        0
WARNING:  Option 'mip_integral_gap_abs' deprecated, please use 'mip_opt_gap_abs'.
WARNING:  Option 'mip_integral_gap_rel' deprecated, please use 'mip_opt_gap_rel'.
WARNING:  Option 'mip_integral_gap_abs' deprecated, please use 'mip_opt_gap_abs'.
WARNING:  Option 'mip_integral_gap_rel' deprecated, please use 'mip_opt_gap_rel'.
      46    8.936911e-01   8.605e-03   1.579e-03   9.885e-02        0
WARNING:  Option 'mip_integral_gap_abs' deprecated, please use 'mip_opt_gap_abs'.
WARNING:  Option 'mip_integral_gap_rel' deprecated, please use 'mip_opt_gap_rel'.
WARNING:  Option 'mip_integral_gap_abs' deprecated, please use 'mip_opt_gap_abs'.
WARNING:  Option 'mip_integral_gap_rel' deprecated, please use 'mip_opt_gap_rel'.
      47    8.938487e-01   2.007e-03   3.607e-03   3.299e-02        0
WARNING:  Option 'mip_integral_gap_abs' deprecated, please use 'mip_opt_gap_abs'.
WARNING:  Option 'mip_integral_gap_rel' deprecated, please use 'mip_opt_gap_rel'.
WARNING:  Option 'mip_integral_gap_abs' deprecated, please use 'mip_opt_gap_abs'.
WARNING:  Option 'mip_integral_gap_rel' deprecated, please use 'mip_opt_gap_rel'.
      48    8.938710e-01   0.000e+00   4.718e-03   3.374e-02        0
WARNING:  Option 'mip_integral_gap_abs' deprecated, please use 'mip_opt_gap_abs'.
WARNING:  Option 'mip_integral_gap_rel' deprecated, please use 'mip_opt_gap_rel'.
WARNING:  Option 'mip_integral_gap_abs' deprecated, please use 'mip_opt_gap_abs'.
WARNING:  Option 'mip_integral_gap_rel' deprecated, please use 'mip_opt_gap_rel'.
      49    8.938583e-01   0.000e+00   4.111e-03   2.485e-03        0
WARNING:  Option 'mip_integral_gap_abs' deprecated, please use 'mip_opt_gap_abs'.
WARNING:  Option 'mip_integral_gap_rel' deprecated, please use 'mip_opt_gap_rel'.
WARNING:  Option 'mip_integral_gap_abs' deprecated, please use 'mip_opt_gap_abs'.
WARNING:  Option 'mip_integral_gap_rel' deprecated, please use 'mip_opt_gap_rel'.
WARNING:  Option 'mip_integral_gap_abs' deprecated, please use 'mip_opt_gap_abs'.
WARNING:  Option 'mip_integral_gap_rel' deprecated, please use 'mip_opt_gap_rel'.
WARNING:  Option 'mip_integral_gap_abs' deprecated, please use 'mip_opt_gap_abs'.
WARNING:  Option 'mip_integral_gap_rel' deprecated, please use 'mip_opt_gap_rel'.
WARNING:  Option 'mip_integral_gap_abs' deprecated, please use 'mip_opt_gap_abs'.
WARNING:  Option 'mip_integral_gap_rel' deprecated, please use 'mip_opt_gap_rel'.
      50    8.938326e-01   4.921e-04   1.416e-03   4.867e-03        0
WARNING:  Option 'mip_integral_gap_abs' deprecated, please use 'mip_opt_gap_abs'.
WARNING:  Option 'mip_integral_gap_rel' deprecated, please use 'mip_opt_gap_rel'.
WARNING:  Option 'mip_integral_gap_abs' deprecated, please use 'mip_opt_gap_abs'.
WARNING:  Option 'mip_integral_gap_rel' deprecated, please use 'mip_opt_gap_rel'.
WARNING:  Option 'mip_integral_gap_abs' deprecated, please use 'mip_opt_gap_abs'.
WARNING:  Option 'mip_integral_gap_rel' deprecated, please use 'mip_opt_gap_rel'.
      51    8.938523e-01   0.000e+00   1.580e-03   1.776e-02        0
WARNING:  Option 'mip_integral_gap_abs' deprecated, please use 'mip_opt_gap_abs'.
WARNING:  Option 'mip_integral_gap_rel' deprecated, please use 'mip_opt_gap_rel'.
WARNING:  Option 'mip_integral_gap_abs' deprecated, please use 'mip_opt_gap_abs'.
WARNING:  Option 'mip_integral_gap_rel' deprecated, please use 'mip_opt_gap_rel'.
WARNING:  Option 'mip_integral_gap_abs' deprecated, please use 'mip_opt_gap_abs'.
WARNING:  Option 'mip_integral_gap_rel' deprecated, please use 'mip_opt_gap_rel'.
      52    8.938393e-01   0.000e+00   2.668e-03   1.506e-02        0
WARNING:  Option 'mip_integral_gap_abs' deprecated, please use 'mip_opt_gap_abs'.
WARNING:  Option 'mip_integral_gap_rel' deprecated, please use 'mip_opt_gap_rel'.
WARNING:  Option 'mip_integral_gap_abs' deprecated, please use 'mip_opt_gap_abs'.
WARNING:  Option 'mip_integral_gap_rel' deprecated, please use 'mip_opt_gap_rel'.
      53    8.936318e-01   0.000e+00   2.271e-03   1.748e-01        0
WARNING:  Option 'mip_integral_gap_abs' deprecated, please use 'mip_opt_gap_abs'.
WARNING:  Option 'mip_integral_gap_rel' deprecated, please use 'mip_opt_gap_rel'.
WARNING:  Option 'mip_integral_gap_abs' deprecated, please use 'mip_opt_gap_abs'.
WARNING:  Option 'mip_integral_gap_rel' deprecated, please use 'mip_opt_gap_rel'.
      54    8.933442e-01   0.000e+00   3.861e-03   2.862e-02        0
WARNING:  Option 'mip_integral_gap_abs' deprecated, please use 'mip_opt_gap_abs'.
WARNING:  Option 'mip_integral_gap_rel' deprecated, please use 'mip_opt_gap_rel'.
WARNING:  Option 'mip_integral_gap_abs' deprecated, please use 'mip_opt_gap_abs'.
WARNING:  Option 'mip_integral_gap_rel' deprecated, please use 'mip_opt_gap_rel'.
      55    8.933051e-01   4.953e-04   3.906e-03   4.457e-03        0
WARNING:  Option 'mip_integral_gap_abs' deprecated, please use 'mip_opt_gap_abs'.
WARNING:  Option 'mip_integral_gap_rel' deprecated, please use 'mip_opt_gap_rel'.
WARNING:  Option 'mip_integral_gap_abs' deprecated, please use 'mip_opt_gap_abs'.
WARNING:  Option 'mip_integral_gap_rel' deprecated, please use 'mip_opt_gap_rel'.
WARNING:  Option 'mip_integral_gap_abs' deprecated, please use 'mip_opt_gap_abs'.
WARNING:  Option 'mip_integral_gap_rel' deprecated, please use 'mip_opt_gap_rel'.
WARNING:  Option 'mip_integral_gap_abs' deprecated, please use 'mip_opt_gap_abs'.
WARNING:  Option 'mip_integral_gap_rel' deprecated, please use 'mip_opt_gap_rel'.
WARNING:  Option 'mip_integral_gap_abs' deprecated, please use 'mip_opt_gap_abs'.
WARNING:  Option 'mip_integral_gap_rel' deprecated, please use 'mip_opt_gap_rel'.
      56    8.932967e-01   8.017e-04   3.531e-03   2.598e-03        0
WARNING:  Option 'mip_integral_gap_abs' deprecated, please use 'mip_opt_gap_abs'.
WARNING:  Option 'mip_integral_gap_rel' deprecated, please use 'mip_opt_gap_rel'.
WARNING:  Option 'mip_integral_gap_abs' deprecated, please use 'mip_opt_gap_abs'.
WARNING:  Option 'mip_integral_gap_rel' deprecated, please use 'mip_opt_gap_rel'.
WARNING:  Option 'mip_integral_gap_abs' deprecated, please use 'mip_opt_gap_abs'.
WARNING:  Option 'mip_integral_gap_rel' deprecated, please use 'mip_opt_gap_rel'.
      57    8.938210e-01   0.000e+00   6.861e-03   1.601e-01        0
WARNING:  Option 'mip_integral_gap_abs' deprecated, please use 'mip_opt_gap_abs'.
WARNING:  Option 'mip_integral_gap_rel' deprecated, please use 'mip_opt_gap_rel'.
WARNING:  Option 'mip_integral_gap_abs' deprecated, please use 'mip_opt_gap_abs'.
WARNING:  Option 'mip_integral_gap_rel' deprecated, please use 'mip_opt_gap_rel'.
      58    8.933366e-01   0.000e+00   4.650e-03   2.942e-02        0
WARNING:  Option 'mip_integral_gap_abs' deprecated, please use 'mip_opt_gap_abs'.
WARNING:  Option 'mip_integral_gap_rel' deprecated, please use 'mip_opt_gap_rel'.
WARNING:  Option 'mip_integral_gap_abs' deprecated, please use 'mip_opt_gap_abs'.
WARNING:  Option 'mip_integral_gap_rel' deprecated, please use 'mip_opt_gap_rel'.
WARNING:  Option 'mip_integral_gap_abs' deprecated, please use 'mip_opt_gap_abs'.
WARNING:  Option 'mip_integral_gap_rel' deprecated, please use 'mip_opt_gap_rel'.
      59    8.933326e-01   0.000e+00   4.337e-03   2.332e-02        0
WARNING:  Option 'mip_integral_gap_abs' deprecated, please use 'mip_opt_gap_abs'.
WARNING:  Option 'mip_integral_gap_rel' deprecated, please use 'mip_opt_gap_rel'.
WARNING:  Option 'mip_integral_gap_abs' deprecated, please use 'mip_opt_gap_abs'.
WARNING:  Option 'mip_integral_gap_rel' deprecated, please use 'mip_opt_gap_rel'.
WARNING:  Option 'mip_integral_gap_abs' deprecated, please use 'mip_opt_gap_abs'.
WARNING:  Option 'mip_integral_gap_rel' deprecated, please use 'mip_opt_gap_rel'.
      60    8.932724e-01   1.268e-04   1.354e-03   4.066e-02        0
WARNING:  Option 'mip_integral_gap_abs' deprecated, please use 'mip_opt_gap_abs'.
WARNING:  Option 'mip_integral_gap_rel' deprecated, please use 'mip_opt_gap_rel'.
WARNING:  Option 'mip_integral_gap_abs' deprecated, please use 'mip_opt_gap_abs'.
WARNING:  Option 'mip_integral_gap_rel' deprecated, please use 'mip_opt_gap_rel'.
      61    8.932740e-01   0.000e+00   1.286e-03   1.086e-03        0
WARNING:  Option 'mip_integral_gap_abs' deprecated, please use 'mip_opt_gap_abs'.
WARNING:  Option 'mip_integral_gap_rel' deprecated, please use 'mip_opt_gap_rel'.
WARNING:  Option 'mip_integral_gap_abs' deprecated, please use 'mip_opt_gap_abs'.
WARNING:  Option 'mip_integral_gap_rel' deprecated, please use 'mip_opt_gap_rel'.
WARNING:  Option 'mip_integral_gap_abs' deprecated, please use 'mip_opt_gap_abs'.
WARNING:  Option 'mip_integral_gap_rel' deprecated, please use 'mip_opt_gap_rel'.
WARNING:  Option 'mip_integral_gap_abs' deprecated, please use 'mip_opt_gap_abs'.
WARNING:  Option 'mip_integral_gap_rel' deprecated, please use 'mip_opt_gap_rel'.
WARNING:  Option 'mip_integral_gap_abs' deprecated, please use 'mip_opt_gap_abs'.
WARNING:  Option 'mip_integral_gap_rel' deprecated, please use 'mip_opt_gap_rel'.
WARNING:  Option 'mip_integral_gap_abs' deprecated, please use 'mip_opt_gap_abs'.
WARNING:  Option 'mip_integral_gap_rel' deprecated, please use 'mip_opt_gap_rel'.
WARNING:  Option 'mip_integral_gap_abs' deprecated, please use 'mip_opt_gap_abs'.
WARNING:  Option 'mip_integral_gap_rel' deprecated, please use 'mip_opt_gap_rel'.
WARNING:  Option 'mip_integral_gap_abs' deprecated, please use 'mip_opt_gap_abs'.
WARNING:  Option 'mip_integral_gap_rel' deprecated, please use 'mip_opt_gap_rel'.
WARNING:  Option 'mip_integral_gap_abs' deprecated, please use 'mip_opt_gap_abs'.
WARNING:  Option 'mip_integral_gap_rel' deprecated, please use 'mip_opt_gap_rel'.
      62    8.932706e-01   7.100e-05   1.286e-03   1.291e-03        1
WARNING:  Option 'mip_integral_gap_abs' deprecated, please use 'mip_opt_gap_abs'.
WARNING:  Option 'mip_integral_gap_rel' deprecated, please use 'mip_opt_gap_rel'.
WARNING:  Option 'mip_integral_gap_abs' deprecated, please use 'mip_opt_gap_abs'.
WARNING:  Option 'mip_integral_gap_rel' deprecated, please use 'mip_opt_gap_rel'.
      63    8.932697e-01   0.000e+00   9.833e-04   1.563e-03        0
WARNING:  Option 'mip_integral_gap_abs' deprecated, please use 'mip_opt_gap_abs'.
WARNING:  Option 'mip_integral_gap_rel' deprecated, please use 'mip_opt_gap_rel'.
WARNING:  Option 'mip_integral_gap_abs' deprecated, please use 'mip_opt_gap_abs'.
WARNING:  Option 'mip_integral_gap_rel' deprecated, please use 'mip_opt_gap_rel'.
WARNING:  Option 'mip_integral_gap_abs' deprecated, please use 'mip_opt_gap_abs'.
WARNING:  Option 'mip_integral_gap_rel' deprecated, please use 'mip_opt_gap_rel'.
WARNING:  Option 'mip_integral_gap_abs' deprecated, please use 'mip_opt_gap_abs'.
WARNING:  Option 'mip_integral_gap_rel' deprecated, please use 'mip_opt_gap_rel'.
      64    8.931897e-01   6.778e-04   2.049e-03   4.382e-02        0
WARNING:  Option 'mip_integral_gap_abs' deprecated, please use 'mip_opt_gap_abs'.
WARNING:  Option 'mip_integral_gap_rel' deprecated, please use 'mip_opt_gap_rel'.
WARNING:  Option 'mip_integral_gap_abs' deprecated, please use 'mip_opt_gap_abs'.
WARNING:  Option 'mip_integral_gap_rel' deprecated, please use 'mip_opt_gap_rel'.
      65    8.931483e-01   1.782e-03   3.937e-03   3.963e-02        0
WARNING:  Option 'mip_integral_gap_abs' deprecated, please use 'mip_opt_gap_abs'.
WARNING:  Option 'mip_integral_gap_rel' deprecated, please use 'mip_opt_gap_rel'.
WARNING:  Option 'mip_integral_gap_abs' deprecated, please use 'mip_opt_gap_abs'.
WARNING:  Option 'mip_integral_gap_rel' deprecated, please use 'mip_opt_gap_rel'.
      66    8.931860e-01   1.561e-05   2.881e-03   4.579e-03        0
WARNING:  Option 'mip_integral_gap_abs' deprecated, please use 'mip_opt_gap_abs'.
WARNING:  Option 'mip_integral_gap_rel' deprecated, please use 'mip_opt_gap_rel'.
WARNING:  Option 'mip_integral_gap_abs' deprecated, please use 'mip_opt_gap_abs'.
WARNING:  Option 'mip_integral_gap_rel' deprecated, please use 'mip_opt_gap_rel'.
      67    8.931746e-01   0.000e+00   1.101e-03   3.392e-03        0
WARNING:  Option 'mip_integral_gap_abs' deprecated, please use 'mip_opt_gap_abs'.
WARNING:  Option 'mip_integral_gap_rel' deprecated, please use 'mip_opt_gap_rel'.
WARNING:  Option 'mip_integral_gap_abs' deprecated, please use 'mip_opt_gap_abs'.
WARNING:  Option 'mip_integral_gap_rel' deprecated, please use 'mip_opt_gap_rel'.
      68    8.931476e-01   5.049e-04   1.284e-03   2.024e-02        0
WARNING:  Option 'mip_integral_gap_abs' deprecated, please use 'mip_opt_gap_abs'.
WARNING:  Option 'mip_integral_gap_rel' deprecated, please use 'mip_opt_gap_rel'.
WARNING:  Option 'mip_integral_gap_abs' deprecated, please use 'mip_opt_gap_abs'.
WARNING:  Option 'mip_integral_gap_rel' deprecated, please use 'mip_opt_gap_rel'.
      69    8.930040e-01   7.524e-03   1.284e-02   1.827e-01        0
WARNING:  Option 'mip_integral_gap_abs' deprecated, please use 'mip_opt_gap_abs'.
WARNING:  Option 'mip_integral_gap_rel' deprecated, please use 'mip_opt_gap_rel'.
WARNING:  Option 'mip_integral_gap_abs' deprecated, please use 'mip_opt_gap_abs'.
WARNING:  Option 'mip_integral_gap_rel' deprecated, please use 'mip_opt_gap_rel'.
WARNING:  Option 'mip_integral_gap_abs' deprecated, please use 'mip_opt_gap_abs'.
WARNING:  Option 'mip_integral_gap_rel' deprecated, please use 'mip_opt_gap_rel'.
WARNING:  Option 'mip_integral_gap_abs' deprecated, please use 'mip_opt_gap_abs'.
WARNING:  Option 'mip_integral_gap_rel' deprecated, please use 'mip_opt_gap_rel'.
WARNING:  Option 'mip_integral_gap_abs' deprecated, please use 'mip_opt_gap_abs'.
WARNING:  Option 'mip_integral_gap_rel' deprecated, please use 'mip_opt_gap_rel'.
WARNING:  Option 'mip_integral_gap_abs' deprecated, please use 'mip_opt_gap_abs'.
WARNING:  Option 'mip_integral_gap_rel' deprecated, please use 'mip_opt_gap_rel'.
WARNING:  Option 'mip_integral_gap_abs' deprecated, please use 'mip_opt_gap_abs'.
WARNING:  Option 'mip_integral_gap_rel' deprecated, please use 'mip_opt_gap_rel'.
      70    9.009614e-01   0.000e+00   4.411e-02   6.862e-02        5
WARNING:  Option 'mip_integral_gap_abs' deprecated, please use 'mip_opt_gap_abs'.
WARNING:  Option 'mip_integral_gap_rel' deprecated, please use 'mip_opt_gap_rel'.
WARNING:  Option 'mip_integral_gap_abs' deprecated, please use 'mip_opt_gap_abs'.
WARNING:  Option 'mip_integral_gap_rel' deprecated, please use 'mip_opt_gap_rel'.
WARNING:  Option 'mip_integral_gap_abs' deprecated, please use 'mip_opt_gap_abs'.
WARNING:  Option 'mip_integral_gap_rel' deprecated, please use 'mip_opt_gap_rel'.
WARNING:  Option 'mip_integral_gap_abs' deprecated, please use 'mip_opt_gap_abs'.
WARNING:  Option 'mip_integral_gap_rel' deprecated, please use 'mip_opt_gap_rel'.
WARNING:  Option 'mip_integral_gap_abs' deprecated, please use 'mip_opt_gap_abs'.
WARNING:  Option 'mip_integral_gap_rel' deprecated, please use 'mip_opt_gap_rel'.
      71    8.953548e-01   0.000e+00   3.863e-02   4.707e-02        0
WARNING:  Option 'mip_integral_gap_abs' deprecated, please use 'mip_opt_gap_abs'.
WARNING:  Option 'mip_integral_gap_rel' deprecated, please use 'mip_opt_gap_rel'.
WARNING:  Option 'mip_integral_gap_abs' deprecated, please use 'mip_opt_gap_abs'.
WARNING:  Option 'mip_integral_gap_rel' deprecated, please use 'mip_opt_gap_rel'.
WARNING:  Option 'mip_integral_gap_abs' deprecated, please use 'mip_opt_gap_abs'.
WARNING:  Option 'mip_integral_gap_rel' deprecated, please use 'mip_opt_gap_rel'.
WARNING:  Option 'mip_integral_gap_abs' deprecated, please use 'mip_opt_gap_abs'.
WARNING:  Option 'mip_integral_gap_rel' deprecated, please use 'mip_opt_gap_rel'.
      72    8.939604e-01   0.000e+00   3.228e-02   1.248e-02        0
WARNING:  Option 'mip_integral_gap_abs' deprecated, please use 'mip_opt_gap_abs'.
WARNING:  Option 'mip_integral_gap_rel' deprecated, please use 'mip_opt_gap_rel'.
WARNING:  Option 'mip_integral_gap_abs' deprecated, please use 'mip_opt_gap_abs'.
WARNING:  Option 'mip_integral_gap_rel' deprecated, please use 'mip_opt_gap_rel'.
      73    8.912602e-01   9.155e-02   1.604e-02   5.755e-02        0
WARNING:  Option 'mip_integral_gap_abs' deprecated, please use 'mip_opt_gap_abs'.
WARNING:  Option 'mip_integral_gap_rel' deprecated, please use 'mip_opt_gap_rel'.
WARNING:  Option 'mip_integral_gap_abs' deprecated, please use 'mip_opt_gap_abs'.
WARNING:  Option 'mip_integral_gap_rel' deprecated, please use 'mip_opt_gap_rel'.
      74    8.928850e-01   1.035e-02   1.073e-03   7.682e-02        0
WARNING:  Option 'mip_integral_gap_abs' deprecated, please use 'mip_opt_gap_abs'.
WARNING:  Option 'mip_integral_gap_rel' deprecated, please use 'mip_opt_gap_rel'.
WARNING:  Option 'mip_integral_gap_abs' deprecated, please use 'mip_opt_gap_abs'.
WARNING:  Option 'mip_integral_gap_rel' deprecated, please use 'mip_opt_gap_rel'.
      75    8.931110e-01   2.603e-03   1.010e-03   4.553e-02        0
WARNING:  Option 'mip_integral_gap_abs' deprecated, please use 'mip_opt_gap_abs'.
WARNING:  Option 'mip_integral_gap_rel' deprecated, please use 'mip_opt_gap_rel'.
WARNING:  Option 'mip_integral_gap_abs' deprecated, please use 'mip_opt_gap_abs'.
WARNING:  Option 'mip_integral_gap_rel' deprecated, please use 'mip_opt_gap_rel'.
      76    8.931714e-01   0.000e+00   9.013e-04   4.674e-03        0
WARNING:  Option 'mip_integral_gap_abs' deprecated, please use 'mip_opt_gap_abs'.
WARNING:  Option 'mip_integral_gap_rel' deprecated, please use 'mip_opt_gap_rel'.
WARNING:  Option 'mip_integral_gap_abs' deprecated, please use 'mip_opt_gap_abs'.
WARNING:  Option 'mip_integral_gap_rel' deprecated, please use 'mip_opt_gap_rel'.
WARNING:  Option 'mip_integral_gap_abs' deprecated, please use 'mip_opt_gap_abs'.
WARNING:  Option 'mip_integral_gap_rel' deprecated, please use 'mip_opt_gap_rel'.
WARNING:  Option 'mip_integral_gap_abs' deprecated, please use 'mip_opt_gap_abs'.
WARNING:  Option 'mip_integral_gap_rel' deprecated, please use 'mip_opt_gap_rel'.
WARNING:  Option 'mip_integral_gap_abs' deprecated, please use 'mip_opt_gap_abs'.
WARNING:  Option 'mip_integral_gap_rel' deprecated, please use 'mip_opt_gap_rel'.
WARNING:  Option 'mip_integral_gap_abs' deprecated, please use 'mip_opt_gap_abs'.
WARNING:  Option 'mip_integral_gap_rel' deprecated, please use 'mip_opt_gap_rel'.
      77    8.931675e-01   0.000e+00   9.745e-04   1.978e-04        0
WARNING:  Option 'mip_integral_gap_abs' deprecated, please use 'mip_opt_gap_abs'.
WARNING:  Option 'mip_integral_gap_rel' deprecated, please use 'mip_opt_gap_rel'.
WARNING:  Option 'mip_integral_gap_abs' deprecated, please use 'mip_opt_gap_abs'.
WARNING:  Option 'mip_integral_gap_rel' deprecated, please use 'mip_opt_gap_rel'.
WARNING:  Option 'mip_integral_gap_abs' deprecated, please use 'mip_opt_gap_abs'.
WARNING:  Option 'mip_integral_gap_rel' deprecated, please use 'mip_opt_gap_rel'.
WARNING:  Option 'mip_integral_gap_abs' deprecated, please use 'mip_opt_gap_abs'.
WARNING:  Option 'mip_integral_gap_rel' deprecated, please use 'mip_opt_gap_rel'.
WARNING:  Option 'mip_integral_gap_abs' deprecated, please use 'mip_opt_gap_abs'.
WARNING:  Option 'mip_integral_gap_rel' deprecated, please use 'mip_opt_gap_rel'.
WARNING:  Option 'mip_integral_gap_abs' deprecated, please use 'mip_opt_gap_abs'.
WARNING:  Option 'mip_integral_gap_rel' deprecated, please use 'mip_opt_gap_rel'.
WARNING:  Option 'mip_integral_gap_abs' deprecated, please use 'mip_opt_gap_abs'.
WARNING:  Option 'mip_integral_gap_rel' deprecated, please use 'mip_opt_gap_rel'.
WARNING:  Option 'mip_integral_gap_abs' deprecated, please use 'mip_opt_gap_abs'.
WARNING:  Option 'mip_integral_gap_rel' deprecated, please use 'mip_opt_gap_rel'.
      78    8.931096e-01   0.000e+00   2.753e-03   3.069e-02        4
WARNING:  Option 'mip_integral_gap_abs' deprecated, please use 'mip_opt_gap_abs'.
WARNING:  Option 'mip_integral_gap_rel' deprecated, please use 'mip_opt_gap_rel'.
WARNING:  Option 'mip_integral_gap_abs' deprecated, please use 'mip_opt_gap_abs'.
WARNING:  Option 'mip_integral_gap_rel' deprecated, please use 'mip_opt_gap_rel'.
WARNING:  Option 'mip_integral_gap_abs' deprecated, please use 'mip_opt_gap_abs'.
WARNING:  Option 'mip_integral_gap_rel' deprecated, please use 'mip_opt_gap_rel'.
WARNING:  Option 'mip_integral_gap_abs' deprecated, please use 'mip_opt_gap_abs'.
WARNING:  Option 'mip_integral_gap_rel' deprecated, please use 'mip_opt_gap_rel'.
WARNING:  Option 'mip_integral_gap_abs' deprecated, please use 'mip_opt_gap_abs'.
WARNING:  Option 'mip_integral_gap_rel' deprecated, please use 'mip_opt_gap_rel'.
WARNING:  Option 'mip_integral_gap_abs' deprecated, please use 'mip_opt_gap_abs'.
WARNING:  Option 'mip_integral_gap_rel' deprecated, please use 'mip_opt_gap_rel'.
WARNING:  Option 'mip_integral_gap_abs' deprecated, please use 'mip_opt_gap_abs'.
WARNING:  Option 'mip_integral_gap_rel' deprecated, please use 'mip_opt_gap_rel'.
WARNING:  Option 'mip_integral_gap_abs' deprecated, please use 'mip_opt_gap_abs'.
WARNING:  Option 'mip_integral_gap_rel' deprecated, please use 'mip_opt_gap_rel'.
      79    8.930985e-01   0.000e+00   1.370e-03   3.665e-03        1
WARNING:  Option 'mip_integral_gap_abs' deprecated, please use 'mip_opt_gap_abs'.
WARNING:  Option 'mip_integral_gap_rel' deprecated, please use 'mip_opt_gap_rel'.
WARNING:  Option 'mip_integral_gap_abs' deprecated, please use 'mip_opt_gap_abs'.
WARNING:  Option 'mip_integral_gap_rel' deprecated, please use 'mip_opt_gap_rel'.
      80    8.930923e-01   3.264e-05   1.366e-03   6.089e-05        0
WARNING:  Option 'mip_integral_gap_abs' deprecated, please use 'mip_opt_gap_abs'.
WARNING:  Option 'mip_integral_gap_rel' deprecated, please use 'mip_opt_gap_rel'.
WARNING:  Option 'mip_integral_gap_abs' deprecated, please use 'mip_opt_gap_abs'.
WARNING:  Option 'mip_integral_gap_rel' deprecated, please use 'mip_opt_gap_rel'.
WARNING:  Option 'mip_integral_gap_abs' deprecated, please use 'mip_opt_gap_abs'.
WARNING:  Option 'mip_integral_gap_rel' deprecated, please use 'mip_opt_gap_rel'.
WARNING:  Option 'mip_integral_gap_abs' deprecated, please use 'mip_opt_gap_abs'.
WARNING:  Option 'mip_integral_gap_rel' deprecated, please use 'mip_opt_gap_rel'.
WARNING:  Option 'mip_integral_gap_abs' deprecated, please use 'mip_opt_gap_abs'.
WARNING:  Option 'mip_integral_gap_rel' deprecated, please use 'mip_opt_gap_rel'.
WARNING:  Option 'mip_integral_gap_abs' deprecated, please use 'mip_opt_gap_abs'.
WARNING:  Option 'mip_integral_gap_rel' deprecated, please use 'mip_opt_gap_rel'.
WARNING:  Option 'mip_integral_gap_abs' deprecated, please use 'mip_opt_gap_abs'.
WARNING:  Option 'mip_integral_gap_rel' deprecated, please use 'mip_opt_gap_rel'.
      81    8.930948e-01   1.764e-06   1.342e-03   1.425e-04        1
WARNING:  Option 'mip_integral_gap_abs' deprecated, please use 'mip_opt_gap_abs'.
WARNING:  Option 'mip_integral_gap_rel' deprecated, please use 'mip_opt_gap_rel'.
WARNING:  Option 'mip_integral_gap_abs' deprecated, please use 'mip_opt_gap_abs'.
WARNING:  Option 'mip_integral_gap_rel' deprecated, please use 'mip_opt_gap_rel'.
      82    8.930940e-01   1.982e-04   1.305e-03   3.475e-04        0
WARNING:  Option 'mip_integral_gap_abs' deprecated, please use 'mip_opt_gap_abs'.
WARNING:  Option 'mip_integral_gap_rel' deprecated, please use 'mip_opt_gap_rel'.
WARNING:  Option 'mip_integral_gap_abs' deprecated, please use 'mip_opt_gap_abs'.
WARNING:  Option 'mip_integral_gap_rel' deprecated, please use 'mip_opt_gap_rel'.
WARNING:  Option 'mip_integral_gap_abs' deprecated, please use 'mip_opt_gap_abs'.
WARNING:  Option 'mip_integral_gap_rel' deprecated, please use 'mip_opt_gap_rel'.
WARNING:  Option 'mip_integral_gap_abs' deprecated, please use 'mip_opt_gap_abs'.
WARNING:  Option 'mip_integral_gap_rel' deprecated, please use 'mip_opt_gap_rel'.
WARNING:  Option 'mip_integral_gap_abs' deprecated, please use 'mip_opt_gap_abs'.
WARNING:  Option 'mip_integral_gap_rel' deprecated, please use 'mip_opt_gap_rel'.
WARNING:  Option 'mip_integral_gap_abs' deprecated, please use 'mip_opt_gap_abs'.
WARNING:  Option 'mip_integral_gap_rel' deprecated, please use 'mip_opt_gap_rel'.
WARNING:  Option 'mip_integral_gap_abs' deprecated, please use 'mip_opt_gap_abs'.
WARNING:  Option 'mip_integral_gap_rel' deprecated, please use 'mip_opt_gap_rel'.
      83    8.931055e-01   7.681e-06   1.238e-03   9.199e-04        1
WARNING:  Option 'mip_integral_gap_abs' deprecated, please use 'mip_opt_gap_abs'.
WARNING:  Option 'mip_integral_gap_rel' deprecated, please use 'mip_opt_gap_rel'.
WARNING:  Option 'mip_integral_gap_abs' deprecated, please use 'mip_opt_gap_abs'.
WARNING:  Option 'mip_integral_gap_rel' deprecated, please use 'mip_opt_gap_rel'.
      84    8.931013e-01   2.022e-04   1.029e-03   2.073e-03        0
WARNING:  Option 'mip_integral_gap_abs' deprecated, please use 'mip_opt_gap_abs'.
WARNING:  Option 'mip_integral_gap_rel' deprecated, please use 'mip_opt_gap_rel'.
WARNING:  Option 'mip_integral_gap_abs' deprecated, please use 'mip_opt_gap_abs'.
WARNING:  Option 'mip_integral_gap_rel' deprecated, please use 'mip_opt_gap_rel'.
      85    8.930983e-01   7.970e-04   8.421e-04   3.959e-03        0
WARNING:  Option 'mip_integral_gap_abs' deprecated, please use 'mip_opt_gap_abs'.
WARNING:  Option 'mip_integral_gap_rel' deprecated, please use 'mip_opt_gap_rel'.
WARNING:  Option 'mip_integral_gap_abs' deprecated, please use 'mip_opt_gap_abs'.
WARNING:  Option 'mip_integral_gap_rel' deprecated, please use 'mip_opt_gap_rel'.
WARNING:  Option 'mip_integral_gap_abs' deprecated, please use 'mip_opt_gap_abs'.
WARNING:  Option 'mip_integral_gap_rel' deprecated, please use 'mip_opt_gap_rel'.
      86    8.928690e-01   1.587e-01   3.548e-02   1.181e-01        2
WARNING:  Option 'mip_integral_gap_abs' deprecated, please use 'mip_opt_gap_abs'.
WARNING:  Option 'mip_integral_gap_rel' deprecated, please use 'mip_opt_gap_rel'.
WARNING:  Option 'mip_integral_gap_abs' deprecated, please use 'mip_opt_gap_abs'.
WARNING:  Option 'mip_integral_gap_rel' deprecated, please use 'mip_opt_gap_rel'.
WARNING:  Option 'mip_integral_gap_abs' deprecated, please use 'mip_opt_gap_abs'.
WARNING:  Option 'mip_integral_gap_rel' deprecated, please use 'mip_opt_gap_rel'.
      87    8.832076e-01   1.224e+00   1.976e-02   4.193e-01        0
WARNING:  Option 'mip_integral_gap_abs' deprecated, please use 'mip_opt_gap_abs'.
WARNING:  Option 'mip_integral_gap_rel' deprecated, please use 'mip_opt_gap_rel'.
WARNING:  Option 'mip_integral_gap_abs' deprecated, please use 'mip_opt_gap_abs'.
WARNING:  Option 'mip_integral_gap_rel' deprecated, please use 'mip_opt_gap_rel'.
      88    8.866514e-01   4.867e-01   7.295e-03   5.468e-02        0
WARNING:  Option 'mip_integral_gap_abs' deprecated, please use 'mip_opt_gap_abs'.
WARNING:  Option 'mip_integral_gap_rel' deprecated, please use 'mip_opt_gap_rel'.
WARNING:  Option 'mip_integral_gap_abs' deprecated, please use 'mip_opt_gap_abs'.
WARNING:  Option 'mip_integral_gap_rel' deprecated, please use 'mip_opt_gap_rel'.
      89    8.908772e-01   2.133e-01   1.962e-02   6.108e-02        0
WARNING:  Option 'mip_integral_gap_abs' deprecated, please use 'mip_opt_gap_abs'.
WARNING:  Option 'mip_integral_gap_rel' deprecated, please use 'mip_opt_gap_rel'.
WARNING:  Option 'mip_integral_gap_abs' deprecated, please use 'mip_opt_gap_abs'.
WARNING:  Option 'mip_integral_gap_rel' deprecated, please use 'mip_opt_gap_rel'.
WARNING:  Option 'mip_integral_gap_abs' deprecated, please use 'mip_opt_gap_abs'.
WARNING:  Option 'mip_integral_gap_rel' deprecated, please use 'mip_opt_gap_rel'.
WARNING:  Option 'mip_integral_gap_abs' deprecated, please use 'mip_opt_gap_abs'.
WARNING:  Option 'mip_integral_gap_rel' deprecated, please use 'mip_opt_gap_rel'.
      90    8.904117e-01   5.086e-01   1.844e-02   7.704e-01        0
WARNING:  Option 'mip_integral_gap_abs' deprecated, please use 'mip_opt_gap_abs'.
WARNING:  Option 'mip_integral_gap_rel' deprecated, please use 'mip_opt_gap_rel'.
WARNING:  Option 'mip_integral_gap_abs' deprecated, please use 'mip_opt_gap_abs'.
WARNING:  Option 'mip_integral_gap_rel' deprecated, please use 'mip_opt_gap_rel'.
      91    8.885604e-01   2.553e-01   7.707e-03   7.143e-01        0
WARNING:  Option 'mip_integral_gap_abs' deprecated, please use 'mip_opt_gap_abs'.
WARNING:  Option 'mip_integral_gap_rel' deprecated, please use 'mip_opt_gap_rel'.
WARNING:  Option 'mip_integral_gap_abs' deprecated, please use 'mip_opt_gap_abs'.
WARNING:  Option 'mip_integral_gap_rel' deprecated, please use 'mip_opt_gap_rel'.
WARNING:  Option 'mip_integral_gap_abs' deprecated, please use 'mip_opt_gap_abs'.
WARNING:  Option 'mip_integral_gap_rel' deprecated, please use 'mip_opt_gap_rel'.
      92    8.920446e-01   2.329e-01   2.569e-02   2.080e-01        0
WARNING:  Option 'mip_integral_gap_abs' deprecated, please use 'mip_opt_gap_abs'.
WARNING:  Option 'mip_integral_gap_rel' deprecated, please use 'mip_opt_gap_rel'.
WARNING:  Option 'mip_integral_gap_abs' deprecated, please use 'mip_opt_gap_abs'.
WARNING:  Option 'mip_integral_gap_rel' deprecated, please use 'mip_opt_gap_rel'.
      93    8.831125e-01   8.163e-01   6.291e-02   6.770e-01        0
WARNING:  Option 'mip_integral_gap_abs' deprecated, please use 'mip_opt_gap_abs'.
WARNING:  Option 'mip_integral_gap_rel' deprecated, please use 'mip_opt_gap_rel'.
WARNING:  Option 'mip_integral_gap_abs' deprecated, please use 'mip_opt_gap_abs'.
WARNING:  Option 'mip_integral_gap_rel' deprecated, please use 'mip_opt_gap_rel'.
      94    8.871617e-01   3.196e-01   4.151e-03   3.281e-01        0
WARNING:  Option 'mip_integral_gap_abs' deprecated, please use 'mip_opt_gap_abs'.
WARNING:  Option 'mip_integral_gap_rel' deprecated, please use 'mip_opt_gap_rel'.
WARNING:  Option 'mip_integral_gap_abs' deprecated, please use 'mip_opt_gap_abs'.
WARNING:  Option 'mip_integral_gap_rel' deprecated, please use 'mip_opt_gap_rel'.
      95    8.916473e-01   7.359e-02   1.415e-02   8.206e-02        0
WARNING:  Option 'mip_integral_gap_abs' deprecated, please use 'mip_opt_gap_abs'.
WARNING:  Option 'mip_integral_gap_rel' deprecated, please use 'mip_opt_gap_rel'.
WARNING:  Option 'mip_integral_gap_abs' deprecated, please use 'mip_opt_gap_abs'.
WARNING:  Option 'mip_integral_gap_rel' deprecated, please use 'mip_opt_gap_rel'.
WARNING:  Option 'mip_integral_gap_abs' deprecated, please use 'mip_opt_gap_abs'.
WARNING:  Option 'mip_integral_gap_rel' deprecated, please use 'mip_opt_gap_rel'.
      96    8.917222e-01   7.219e-02   5.158e-03   2.188e-01        0
WARNING:  Option 'mip_integral_gap_abs' deprecated, please use 'mip_opt_gap_abs'.
WARNING:  Option 'mip_integral_gap_rel' deprecated, please use 'mip_opt_gap_rel'.
WARNING:  Option 'mip_integral_gap_abs' deprecated, please use 'mip_opt_gap_abs'.
WARNING:  Option 'mip_integral_gap_rel' deprecated, please use 'mip_opt_gap_rel'.
      97    8.927152e-01   1.817e-02   4.598e-03   1.422e-01        0
WARNING:  Option 'mip_integral_gap_abs' deprecated, please use 'mip_opt_gap_abs'.
WARNING:  Option 'mip_integral_gap_rel' deprecated, please use 'mip_opt_gap_rel'.
WARNING:  Option 'mip_integral_gap_abs' deprecated, please use 'mip_opt_gap_abs'.
WARNING:  Option 'mip_integral_gap_rel' deprecated, please use 'mip_opt_gap_rel'.
      98    8.930871e-01   3.089e-04   5.471e-03   3.169e-02        0
WARNING:  Option 'mip_integral_gap_abs' deprecated, please use 'mip_opt_gap_abs'.
WARNING:  Option 'mip_integral_gap_rel' deprecated, please use 'mip_opt_gap_rel'.
WARNING:  Option 'mip_integral_gap_abs' deprecated, please use 'mip_opt_gap_abs'.
WARNING:  Option 'mip_integral_gap_rel' deprecated, please use 'mip_opt_gap_rel'.
WARNING:  Option 'mip_integral_gap_abs' deprecated, please use 'mip_opt_gap_abs'.
WARNING:  Option 'mip_integral_gap_rel' deprecated, please use 'mip_opt_gap_rel'.
WARNING:  Option 'mip_integral_gap_abs' deprecated, please use 'mip_opt_gap_abs'.
WARNING:  Option 'mip_integral_gap_rel' deprecated, please use 'mip_opt_gap_rel'.
      99    8.930432e-01   2.551e-03   9.783e-04   6.617e-02        0
WARNING:  Option 'mip_integral_gap_abs' deprecated, please use 'mip_opt_gap_abs'.
WARNING:  Option 'mip_integral_gap_rel' deprecated, please use 'mip_opt_gap_rel'.
WARNING:  Option 'mip_integral_gap_abs' deprecated, please use 'mip_opt_gap_abs'.
WARNING:  Option 'mip_integral_gap_rel' deprecated, please use 'mip_opt_gap_rel'.
     100    8.930789e-01   3.056e-04   7.935e-04   2.008e-02        0
WARNING:  Option 'mip_integral_gap_abs' deprecated, please use 'mip_opt_gap_abs'.
WARNING:  Option 'mip_integral_gap_rel' deprecated, please use 'mip_opt_gap_rel'.
WARNING:  Option 'mip_integral_gap_abs' deprecated, please use 'mip_opt_gap_abs'.
WARNING:  Option 'mip_integral_gap_rel' deprecated, please use 'mip_opt_gap_rel'.
     101    8.930562e-01   1.140e-03   8.780e-04   3.359e-02        0
WARNING:  Option 'mip_integral_gap_abs' deprecated, please use 'mip_opt_gap_abs'.
WARNING:  Option 'mip_integral_gap_rel' deprecated, please use 'mip_opt_gap_rel'.
WARNING:  Option 'mip_integral_gap_abs' deprecated, please use 'mip_opt_gap_abs'.
WARNING:  Option 'mip_integral_gap_rel' deprecated, please use 'mip_opt_gap_rel'.
     102    8.930810e-01   0.000e+00   9.838e-04   4.186e-03        0
WARNING:  Option 'mip_integral_gap_abs' deprecated, please use 'mip_opt_gap_abs'.
WARNING:  Option 'mip_integral_gap_rel' deprecated, please use 'mip_opt_gap_rel'.
WARNING:  Option 'mip_integral_gap_abs' deprecated, please use 'mip_opt_gap_abs'.
WARNING:  Option 'mip_integral_gap_rel' deprecated, please use 'mip_opt_gap_rel'.
     103    8.930752e-01   0.000e+00   8.873e-04   1.831e-03        0
WARNING:  Option 'mip_integral_gap_abs' deprecated, please use 'mip_opt_gap_abs'.
WARNING:  Option 'mip_integral_gap_rel' deprecated, please use 'mip_opt_gap_rel'.
WARNING:  Option 'mip_integral_gap_abs' deprecated, please use 'mip_opt_gap_abs'.
WARNING:  Option 'mip_integral_gap_rel' deprecated, please use 'mip_opt_gap_rel'.
WARNING:  Option 'mip_integral_gap_abs' deprecated, please use 'mip_opt_gap_abs'.
WARNING:  Option 'mip_integral_gap_rel' deprecated, please use 'mip_opt_gap_rel'.
WARNING:  Option 'mip_integral_gap_abs' deprecated, please use 'mip_opt_gap_abs'.
WARNING:  Option 'mip_integral_gap_rel' deprecated, please use 'mip_opt_gap_rel'.
WARNING:  Option 'mip_integral_gap_abs' deprecated, please use 'mip_opt_gap_abs'.
WARNING:  Option 'mip_integral_gap_rel' deprecated, please use 'mip_opt_gap_rel'.
WARNING:  Option 'mip_integral_gap_abs' deprecated, please use 'mip_opt_gap_abs'.
WARNING:  Option 'mip_integral_gap_rel' deprecated, please use 'mip_opt_gap_rel'.
WARNING:  Option 'mip_integral_gap_abs' deprecated, please use 'mip_opt_gap_abs'.
WARNING:  Option 'mip_integral_gap_rel' deprecated, please use 'mip_opt_gap_rel'.
WARNING:  Option 'mip_integral_gap_abs' deprecated, please use 'mip_opt_gap_abs'.
WARNING:  Option 'mip_integral_gap_rel' deprecated, please use 'mip_opt_gap_rel'.
WARNING:  Option 'mip_integral_gap_abs' deprecated, please use 'mip_opt_gap_abs'.
WARNING:  Option 'mip_integral_gap_rel' deprecated, please use 'mip_opt_gap_rel'.
WARNING:  Option 'mip_integral_gap_abs' deprecated, please use 'mip_opt_gap_abs'.
WARNING:  Option 'mip_integral_gap_rel' deprecated, please use 'mip_opt_gap_rel'.
WARNING:  Option 'mip_integral_gap_abs' deprecated, please use 'mip_opt_gap_abs'.
WARNING:  Option 'mip_integral_gap_rel' deprecated, please use 'mip_opt_gap_rel'.
WARNING:  Option 'mip_integral_gap_abs' deprecated, please use 'mip_opt_gap_abs'.
WARNING:  Option 'mip_integral_gap_rel' deprecated, please use 'mip_opt_gap_rel'.
WARNING:  Option 'mip_integral_gap_abs' deprecated, please use 'mip_opt_gap_abs'.
WARNING:  Option 'mip_integral_gap_rel' deprecated, please use 'mip_opt_gap_rel'.
     104    8.930222e-01   1.806e-04   2.799e-03   3.070e-02       20
WARNING:  Option 'mip_integral_gap_abs' deprecated, please use 'mip_opt_gap_abs'.
WARNING:  Option 'mip_integral_gap_rel' deprecated, please use 'mip_opt_gap_rel'.
WARNING:  Option 'mip_integral_gap_abs' deprecated, please use 'mip_opt_gap_abs'.
WARNING:  Option 'mip_integral_gap_rel' deprecated, please use 'mip_opt_gap_rel'.
     105    8.929799e-01   1.466e-03   8.408e-04   2.252e-02        0
WARNING:  Option 'mip_integral_gap_abs' deprecated, please use 'mip_opt_gap_abs'.
WARNING:  Option 'mip_integral_gap_rel' deprecated, please use 'mip_opt_gap_rel'.
WARNING:  Option 'mip_integral_gap_abs' deprecated, please use 'mip_opt_gap_abs'.
WARNING:  Option 'mip_integral_gap_rel' deprecated, please use 'mip_opt_gap_rel'.
     106    8.930117e-01   1.623e-05   6.617e-04   1.826e-03        0
WARNING:  Option 'mip_integral_gap_abs' deprecated, please use 'mip_opt_gap_abs'.
WARNING:  Option 'mip_integral_gap_rel' deprecated, please use 'mip_opt_gap_rel'.
WARNING:  Option 'mip_integral_gap_abs' deprecated, please use 'mip_opt_gap_abs'.
WARNING:  Option 'mip_integral_gap_rel' deprecated, please use 'mip_opt_gap_rel'.
     107    8.929844e-01   2.818e-03   2.605e-03   2.812e-02        0
WARNING:  Option 'mip_integral_gap_abs' deprecated, please use 'mip_opt_gap_abs'.
WARNING:  Option 'mip_integral_gap_rel' deprecated, please use 'mip_opt_gap_rel'.
WARNING:  Option 'mip_integral_gap_abs' deprecated, please use 'mip_opt_gap_abs'.
WARNING:  Option 'mip_integral_gap_rel' deprecated, please use 'mip_opt_gap_rel'.
     108    8.930440e-01   4.864e-05   1.873e-03   7.484e-03        0
WARNING:  Option 'mip_integral_gap_abs' deprecated, please use 'mip_opt_gap_abs'.
WARNING:  Option 'mip_integral_gap_rel' deprecated, please use 'mip_opt_gap_rel'.
WARNING:  Option 'mip_integral_gap_abs' deprecated, please use 'mip_opt_gap_abs'.
WARNING:  Option 'mip_integral_gap_rel' deprecated, please use 'mip_opt_gap_rel'.
     109    8.930047e-01   2.171e-03   2.463e-03   5.395e-02        0
WARNING:  Option 'mip_integral_gap_abs' deprecated, please use 'mip_opt_gap_abs'.
WARNING:  Option 'mip_integral_gap_rel' deprecated, please use 'mip_opt_gap_rel'.
WARNING:  Option 'mip_integral_gap_abs' deprecated, please use 'mip_opt_gap_abs'.
WARNING:  Option 'mip_integral_gap_rel' deprecated, please use 'mip_opt_gap_rel'.
     110    8.930318e-01   1.636e-04   9.726e-04   2.058e-02        0
WARNING:  Option 'mip_integral_gap_abs' deprecated, please use 'mip_opt_gap_abs'.
WARNING:  Option 'mip_integral_gap_rel' deprecated, please use 'mip_opt_gap_rel'.
WARNING:  Option 'mip_integral_gap_abs' deprecated, please use 'mip_opt_gap_abs'.
WARNING:  Option 'mip_integral_gap_rel' deprecated, please use 'mip_opt_gap_rel'.
     111    8.930132e-01   6.947e-04   6.553e-04   2.552e-02        0
WARNING:  Option 'mip_integral_gap_abs' deprecated, please use 'mip_opt_gap_abs'.
WARNING:  Option 'mip_integral_gap_rel' deprecated, please use 'mip_opt_gap_rel'.
WARNING:  Option 'mip_integral_gap_abs' deprecated, please use 'mip_opt_gap_abs'.
WARNING:  Option 'mip_integral_gap_rel' deprecated, please use 'mip_opt_gap_rel'.
     112    8.930292e-01   8.954e-05   6.460e-04   1.108e-03        0
WARNING:  Option 'mip_integral_gap_abs' deprecated, please use 'mip_opt_gap_abs'.
WARNING:  Option 'mip_integral_gap_rel' deprecated, please use 'mip_opt_gap_rel'.
WARNING:  Option 'mip_integral_gap_abs' deprecated, please use 'mip_opt_gap_abs'.
WARNING:  Option 'mip_integral_gap_rel' deprecated, please use 'mip_opt_gap_rel'.
     113    8.930046e-01   0.000e+00   2.842e-03   6.716e-02        0
WARNING:  Option 'mip_integral_gap_abs' deprecated, please use 'mip_opt_gap_abs'.
WARNING:  Option 'mip_integral_gap_rel' deprecated, please use 'mip_opt_gap_rel'.
WARNING:  Option 'mip_integral_gap_abs' deprecated, please use 'mip_opt_gap_abs'.
WARNING:  Option 'mip_integral_gap_rel' deprecated, please use 'mip_opt_gap_rel'.
WARNING:  Option 'mip_integral_gap_abs' deprecated, please use 'mip_opt_gap_abs'.
WARNING:  Option 'mip_integral_gap_rel' deprecated, please use 'mip_opt_gap_rel'.
     114    8.929917e-01   0.000e+00   7.622e-04   4.738e-02        0
WARNING:  Option 'mip_integral_gap_abs' deprecated, please use 'mip_opt_gap_abs'.
WARNING:  Option 'mip_integral_gap_rel' deprecated, please use 'mip_opt_gap_rel'.
WARNING:  Option 'mip_integral_gap_abs' deprecated, please use 'mip_opt_gap_abs'.
WARNING:  Option 'mip_integral_gap_rel' deprecated, please use 'mip_opt_gap_rel'.
WARNING:  Option 'mip_integral_gap_abs' deprecated, please use 'mip_opt_gap_abs'.
WARNING:  Option 'mip_integral_gap_rel' deprecated, please use 'mip_opt_gap_rel'.
WARNING:  Option 'mip_integral_gap_abs' deprecated, please use 'mip_opt_gap_abs'.
WARNING:  Option 'mip_integral_gap_rel' deprecated, please use 'mip_opt_gap_rel'.
WARNING:  Option 'mip_integral_gap_abs' deprecated, please use 'mip_opt_gap_abs'.
WARNING:  Option 'mip_integral_gap_rel' deprecated, please use 'mip_opt_gap_rel'.
WARNING:  Option 'mip_integral_gap_abs' deprecated, please use 'mip_opt_gap_abs'.
WARNING:  Option 'mip_integral_gap_rel' deprecated, please use 'mip_opt_gap_rel'.
WARNING:  Option 'mip_integral_gap_abs' deprecated, please use 'mip_opt_gap_abs'.
WARNING:  Option 'mip_integral_gap_rel' deprecated, please use 'mip_opt_gap_rel'.
WARNING:  Option 'mip_integral_gap_abs' deprecated, please use 'mip_opt_gap_abs'.
WARNING:  Option 'mip_integral_gap_rel' deprecated, please use 'mip_opt_gap_rel'.
WARNING:  Option 'mip_integral_gap_abs' deprecated, please use 'mip_opt_gap_abs'.
WARNING:  Option 'mip_integral_gap_rel' deprecated, please use 'mip_opt_gap_rel'.
WARNING:  Option 'mip_integral_gap_abs' deprecated, please use 'mip_opt_gap_abs'.
WARNING:  Option 'mip_integral_gap_rel' deprecated, please use 'mip_opt_gap_rel'.
WARNING:  Option 'mip_integral_gap_abs' deprecated, please use 'mip_opt_gap_abs'.
WARNING:  Option 'mip_integral_gap_rel' deprecated, please use 'mip_opt_gap_rel'.
WARNING:  Option 'mip_integral_gap_abs' deprecated, please use 'mip_opt_gap_abs'.
WARNING:  Option 'mip_integral_gap_rel' deprecated, please use 'mip_opt_gap_rel'.
WARNING:  Option 'mip_integral_gap_abs' deprecated, please use 'mip_opt_gap_abs'.
WARNING:  Option 'mip_integral_gap_rel' deprecated, please use 'mip_opt_gap_rel'.
WARNING:  Option 'mip_integral_gap_abs' deprecated, please use 'mip_opt_gap_abs'.
WARNING:  Option 'mip_integral_gap_rel' deprecated, please use 'mip_opt_gap_rel'.
WARNING:  Option 'mip_integral_gap_abs' deprecated, please use 'mip_opt_gap_abs'.
WARNING:  Option 'mip_integral_gap_rel' deprecated, please use 'mip_opt_gap_rel'.
WARNING:  Option 'mip_integral_gap_abs' deprecated, please use 'mip_opt_gap_abs'.
WARNING:  Option 'mip_integral_gap_rel' deprecated, please use 'mip_opt_gap_rel'.
WARNING:  Option 'mip_integral_gap_abs' deprecated, please use 'mip_opt_gap_abs'.
WARNING:  Option 'mip_integral_gap_rel' deprecated, please use 'mip_opt_gap_rel'.
WARNING:  Option 'mip_integral_gap_abs' deprecated, please use 'mip_opt_gap_abs'.
WARNING:  Option 'mip_integral_gap_rel' deprecated, please use 'mip_opt_gap_rel'.
WARNING:  Option 'mip_integral_gap_abs' deprecated, please use 'mip_opt_gap_abs'.
WARNING:  Option 'mip_integral_gap_rel' deprecated, please use 'mip_opt_gap_rel'.
WARNING:  Option 'mip_integral_gap_abs' deprecated, please use 'mip_opt_gap_abs'.
WARNING:  Option 'mip_integral_gap_rel' deprecated, please use 'mip_opt_gap_rel'.
WARNING:  Option 'mip_integral_gap_abs' deprecated, please use 'mip_opt_gap_abs'.
WARNING:  Option 'mip_integral_gap_rel' deprecated, please use 'mip_opt_gap_rel'.
WARNING:  Option 'mip_integral_gap_abs' deprecated, please use 'mip_opt_gap_abs'.
WARNING:  Option 'mip_integral_gap_rel' deprecated, please use 'mip_opt_gap_rel'.
WARNING:  Option 'mip_integral_gap_abs' deprecated, please use 'mip_opt_gap_abs'.
WARNING:  Option 'mip_integral_gap_rel' deprecated, please use 'mip_opt_gap_rel'.
     115    8.929912e-01   0.000e+00   6.645e-04   4.996e-04        1
WARNING:  Option 'mip_integral_gap_abs' deprecated, please use 'mip_opt_gap_abs'.
WARNING:  Option 'mip_integral_gap_rel' deprecated, please use 'mip_opt_gap_rel'.
WARNING:  Option 'mip_integral_gap_abs' deprecated, please use 'mip_opt_gap_abs'.
WARNING:  Option 'mip_integral_gap_rel' deprecated, please use 'mip_opt_gap_rel'.
WARNING:  Option 'mip_integral_gap_abs' deprecated, please use 'mip_opt_gap_abs'.
WARNING:  Option 'mip_integral_gap_rel' deprecated, please use 'mip_opt_gap_rel'.
WARNING:  Option 'mip_integral_gap_abs' deprecated, please use 'mip_opt_gap_abs'.
WARNING:  Option 'mip_integral_gap_rel' deprecated, please use 'mip_opt_gap_rel'.
WARNING:  Option 'mip_integral_gap_abs' deprecated, please use 'mip_opt_gap_abs'.
WARNING:  Option 'mip_integral_gap_rel' deprecated, please use 'mip_opt_gap_rel'.
WARNING:  Option 'mip_integral_gap_abs' deprecated, please use 'mip_opt_gap_abs'.
WARNING:  Option 'mip_integral_gap_rel' deprecated, please use 'mip_opt_gap_rel'.
     116    8.929902e-01   0.000e+00   5.099e-04   8.743e-04        3
WARNING:  Option 'mip_integral_gap_abs' deprecated, please use 'mip_opt_gap_abs'.
WARNING:  Option 'mip_integral_gap_rel' deprecated, please use 'mip_opt_gap_rel'.
WARNING:  Option 'mip_integral_gap_abs' deprecated, please use 'mip_opt_gap_abs'.
WARNING:  Option 'mip_integral_gap_rel' deprecated, please use 'mip_opt_gap_rel'.
WARNING:  Option 'mip_integral_gap_abs' deprecated, please use 'mip_opt_gap_abs'.
WARNING:  Option 'mip_integral_gap_rel' deprecated, please use 'mip_opt_gap_rel'.
WARNING:  Option 'mip_integral_gap_abs' deprecated, please use 'mip_opt_gap_abs'.
WARNING:  Option 'mip_integral_gap_rel' deprecated, please use 'mip_opt_gap_rel'.
WARNING:  Option 'mip_integral_gap_abs' deprecated, please use 'mip_opt_gap_abs'.
WARNING:  Option 'mip_integral_gap_rel' deprecated, please use 'mip_opt_gap_rel'.
WARNING:  Option 'mip_integral_gap_abs' deprecated, please use 'mip_opt_gap_abs'.
WARNING:  Option 'mip_integral_gap_rel' deprecated, please use 'mip_opt_gap_rel'.
WARNING:  Option 'mip_integral_gap_abs' deprecated, please use 'mip_opt_gap_abs'.
WARNING:  Option 'mip_integral_gap_rel' deprecated, please use 'mip_opt_gap_rel'.
WARNING:  Option 'mip_integral_gap_abs' deprecated, please use 'mip_opt_gap_abs'.
WARNING:  Option 'mip_integral_gap_rel' deprecated, please use 'mip_opt_gap_rel'.
WARNING:  Option 'mip_integral_gap_abs' deprecated, please use 'mip_opt_gap_abs'.
WARNING:  Option 'mip_integral_gap_rel' deprecated, please use 'mip_opt_gap_rel'.
WARNING:  Option 'mip_integral_gap_abs' deprecated, please use 'mip_opt_gap_abs'.
WARNING:  Option 'mip_integral_gap_rel' deprecated, please use 'mip_opt_gap_rel'.
WARNING:  Option 'mip_integral_gap_abs' deprecated, please use 'mip_opt_gap_abs'.
WARNING:  Option 'mip_integral_gap_rel' deprecated, please use 'mip_opt_gap_rel'.
WARNING:  Option 'mip_integral_gap_abs' deprecated, please use 'mip_opt_gap_abs'.
WARNING:  Option 'mip_integral_gap_rel' deprecated, please use 'mip_opt_gap_rel'.
WARNING:  Option 'mip_integral_gap_abs' deprecated, please use 'mip_opt_gap_abs'.
WARNING:  Option 'mip_integral_gap_rel' deprecated, please use 'mip_opt_gap_rel'.
WARNING:  Option 'mip_integral_gap_abs' deprecated, please use 'mip_opt_gap_abs'.
WARNING:  Option 'mip_integral_gap_rel' deprecated, please use 'mip_opt_gap_rel'.
WARNING:  Option 'mip_integral_gap_abs' deprecated, please use 'mip_opt_gap_abs'.
WARNING:  Option 'mip_integral_gap_rel' deprecated, please use 'mip_opt_gap_rel'.
WARNING:  Option 'mip_integral_gap_abs' deprecated, please use 'mip_opt_gap_abs'.
WARNING:  Option 'mip_integral_gap_rel' deprecated, please use 'mip_opt_gap_rel'.
WARNING:  Option 'mip_integral_gap_abs' deprecated, please use 'mip_opt_gap_abs'.
WARNING:  Option 'mip_integral_gap_rel' deprecated, please use 'mip_opt_gap_rel'.
WARNING:  Option 'mip_integral_gap_abs' deprecated, please use 'mip_opt_gap_abs'.
WARNING:  Option 'mip_integral_gap_rel' deprecated, please use 'mip_opt_gap_rel'.
WARNING:  Option 'mip_integral_gap_abs' deprecated, please use 'mip_opt_gap_abs'.
WARNING:  Option 'mip_integral_gap_rel' deprecated, please use 'mip_opt_gap_rel'.
     117    8.929902e-01   0.000e+00   5.072e-04   2.391e-05        1
WARNING:  Option 'mip_integral_gap_abs' deprecated, please use 'mip_opt_gap_abs'.
WARNING:  Option 'mip_integral_gap_rel' deprecated, please use 'mip_opt_gap_rel'.
WARNING:  Option 'mip_integral_gap_abs' deprecated, please use 'mip_opt_gap_abs'.
WARNING:  Option 'mip_integral_gap_rel' deprecated, please use 'mip_opt_gap_rel'.
WARNING:  Option 'mip_integral_gap_abs' deprecated, please use 'mip_opt_gap_abs'.
WARNING:  Option 'mip_integral_gap_rel' deprecated, please use 'mip_opt_gap_rel'.
WARNING:  Option 'mip_integral_gap_abs' deprecated, please use 'mip_opt_gap_abs'.
WARNING:  Option 'mip_integral_gap_rel' deprecated, please use 'mip_opt_gap_rel'.
WARNING:  Option 'mip_integral_gap_abs' deprecated, please use 'mip_opt_gap_abs'.
WARNING:  Option 'mip_integral_gap_rel' deprecated, please use 'mip_opt_gap_rel'.
WARNING:  Option 'mip_integral_gap_abs' deprecated, please use 'mip_opt_gap_abs'.
WARNING:  Option 'mip_integral_gap_rel' deprecated, please use 'mip_opt_gap_rel'.
WARNING:  Option 'mip_integral_gap_abs' deprecated, please use 'mip_opt_gap_abs'.
WARNING:  Option 'mip_integral_gap_rel' deprecated, please use 'mip_opt_gap_rel'.
WARNING:  Option 'mip_integral_gap_abs' deprecated, please use 'mip_opt_gap_abs'.
WARNING:  Option 'mip_integral_gap_rel' deprecated, please use 'mip_opt_gap_rel'.
WARNING:  Option 'mip_integral_gap_abs' deprecated, please use 'mip_opt_gap_abs'.
WARNING:  Option 'mip_integral_gap_rel' deprecated, please use 'mip_opt_gap_rel'.
     118    8.929902e-01   0.000e+00   5.027e-04   4.183e-05        1
WARNING:  Option 'mip_integral_gap_abs' deprecated, please use 'mip_opt_gap_abs'.
WARNING:  Option 'mip_integral_gap_rel' deprecated, please use 'mip_opt_gap_rel'.
WARNING:  Option 'mip_integral_gap_abs' deprecated, please use 'mip_opt_gap_abs'.
WARNING:  Option 'mip_integral_gap_rel' deprecated, please use 'mip_opt_gap_rel'.
WARNING:  Option 'mip_integral_gap_abs' deprecated, please use 'mip_opt_gap_abs'.
WARNING:  Option 'mip_integral_gap_rel' deprecated, please use 'mip_opt_gap_rel'.
WARNING:  Option 'mip_integral_gap_abs' deprecated, please use 'mip_opt_gap_abs'.
WARNING:  Option 'mip_integral_gap_rel' deprecated, please use 'mip_opt_gap_rel'.
WARNING:  Option 'mip_integral_gap_abs' deprecated, please use 'mip_opt_gap_abs'.
WARNING:  Option 'mip_integral_gap_rel' deprecated, please use 'mip_opt_gap_rel'.
WARNING:  Option 'mip_integral_gap_abs' deprecated, please use 'mip_opt_gap_abs'.
WARNING:  Option 'mip_integral_gap_rel' deprecated, please use 'mip_opt_gap_rel'.
WARNING:  Option 'mip_integral_gap_abs' deprecated, please use 'mip_opt_gap_abs'.
WARNING:  Option 'mip_integral_gap_rel' deprecated, please use 'mip_opt_gap_rel'.
     119    8.929902e-01   0.000e+00   5.018e-04   9.151e-06        6
WARNING:  Option 'mip_integral_gap_abs' deprecated, please use 'mip_opt_gap_abs'.
WARNING:  Option 'mip_integral_gap_rel' deprecated, please use 'mip_opt_gap_rel'.
WARNING:  Option 'mip_integral_gap_abs' deprecated, please use 'mip_opt_gap_abs'.
WARNING:  Option 'mip_integral_gap_rel' deprecated, please use 'mip_opt_gap_rel'.
WARNING:  Option 'mip_integral_gap_abs' deprecated, please use 'mip_opt_gap_abs'.
WARNING:  Option 'mip_integral_gap_rel' deprecated, please use 'mip_opt_gap_rel'.
WARNING:  Option 'mip_integral_gap_abs' deprecated, please use 'mip_opt_gap_abs'.
WARNING:  Option 'mip_integral_gap_rel' deprecated, please use 'mip_opt_gap_rel'.
     120    8.929902e-01   0.000e+00   5.053e-04   4.576e-06        3
WARNING:  Option 'mip_integral_gap_abs' deprecated, please use 'mip_opt_gap_abs'.
WARNING:  Option 'mip_integral_gap_rel' deprecated, please use 'mip_opt_gap_rel'.
WARNING:  Option 'mip_integral_gap_abs' deprecated, please use 'mip_opt_gap_abs'.
WARNING:  Option 'mip_integral_gap_rel' deprecated, please use 'mip_opt_gap_rel'.
WARNING:  Option 'mip_integral_gap_abs' deprecated, please use 'mip_opt_gap_abs'.
WARNING:  Option 'mip_integral_gap_rel' deprecated, please use 'mip_opt_gap_rel'.
WARNING:  Option 'mip_integral_gap_abs' deprecated, please use 'mip_opt_gap_abs'.
WARNING:  Option 'mip_integral_gap_rel' deprecated, please use 'mip_opt_gap_rel'.
WARNING:  Option 'mip_integral_gap_abs' deprecated, please use 'mip_opt_gap_abs'.
WARNING:  Option 'mip_integral_gap_rel' deprecated, please use 'mip_opt_gap_rel'.
WARNING:  Option 'mip_integral_gap_abs' deprecated, please use 'mip_opt_gap_abs'.
WARNING:  Option 'mip_integral_gap_rel' deprecated, please use 'mip_opt_gap_rel'.
     121    8.929881e-01   0.000e+00   5.053e-04   2.458e-06        0
WARNING:  Option 'mip_integral_gap_abs' deprecated, please use 'mip_opt_gap_abs'.
WARNING:  Option 'mip_integral_gap_rel' deprecated, please use 'mip_opt_gap_rel'.
WARNING:  Option 'mip_integral_gap_abs' deprecated, please use 'mip_opt_gap_abs'.
WARNING:  Option 'mip_integral_gap_rel' deprecated, please use 'mip_opt_gap_rel'.
WARNING:  Option 'mip_integral_gap_abs' deprecated, please use 'mip_opt_gap_abs'.
WARNING:  Option 'mip_integral_gap_rel' deprecated, please use 'mip_opt_gap_rel'.
WARNING:  Option 'mip_integral_gap_abs' deprecated, please use 'mip_opt_gap_abs'.
WARNING:  Option 'mip_integral_gap_rel' deprecated, please use 'mip_opt_gap_rel'.
WARNING:  Option 'mip_integral_gap_abs' deprecated, please use 'mip_opt_gap_abs'.
WARNING:  Option 'mip_integral_gap_rel' deprecated, please use 'mip_opt_gap_rel'.
WARNING:  Option 'mip_integral_gap_abs' deprecated, please use 'mip_opt_gap_abs'.
WARNING:  Option 'mip_integral_gap_rel' deprecated, please use 'mip_opt_gap_rel'.
WARNING:  Option 'mip_integral_gap_abs' deprecated, please use 'mip_opt_gap_abs'.
WARNING:  Option 'mip_integral_gap_rel' deprecated, please use 'mip_opt_gap_rel'.
WARNING:  Option 'mip_integral_gap_abs' deprecated, please use 'mip_opt_gap_abs'.
WARNING:  Option 'mip_integral_gap_rel' deprecated, please use 'mip_opt_gap_rel'.
WARNING:  Option 'mip_integral_gap_abs' deprecated, please use 'mip_opt_gap_abs'.
WARNING:  Option 'mip_integral_gap_rel' deprecated, please use 'mip_opt_gap_rel'.
WARNING:  Option 'mip_integral_gap_abs' deprecated, please use 'mip_opt_gap_abs'.
WARNING:  Option 'mip_integral_gap_rel' deprecated, please use 'mip_opt_gap_rel'.
WARNING:  Option 'mip_integral_gap_abs' deprecated, please use 'mip_opt_gap_abs'.
WARNING:  Option 'mip_integral_gap_rel' deprecated, please use 'mip_opt_gap_rel'.
WARNING:  Option 'mip_integral_gap_abs' deprecated, please use 'mip_opt_gap_abs'.
WARNING:  Option 'mip_integral_gap_rel' deprecated, please use 'mip_opt_gap_rel'.
     122    8.929808e-01   1.774e-04   2.615e-03   7.683e-03        6
WARNING:  Option 'mip_integral_gap_abs' deprecated, please use 'mip_opt_gap_abs'.
WARNING:  Option 'mip_integral_gap_rel' deprecated, please use 'mip_opt_gap_rel'.
WARNING:  Option 'mip_integral_gap_abs' deprecated, please use 'mip_opt_gap_abs'.
WARNING:  Option 'mip_integral_gap_rel' deprecated, please use 'mip_opt_gap_rel'.
     123    8.929560e-01   1.632e-03   3.829e-03   7.661e-03        2
WARNING:  Option 'mip_integral_gap_abs' deprecated, please use 'mip_opt_gap_abs'.
WARNING:  Option 'mip_integral_gap_rel' deprecated, please use 'mip_opt_gap_rel'.
WARNING:  Option 'mip_integral_gap_abs' deprecated, please use 'mip_opt_gap_abs'.
WARNING:  Option 'mip_integral_gap_rel' deprecated, please use 'mip_opt_gap_rel'.
     124    8.929607e-01   4.101e-04   5.151e-04   4.293e-03        0
WARNING:  Option 'mip_integral_gap_abs' deprecated, please use 'mip_opt_gap_abs'.
WARNING:  Option 'mip_integral_gap_rel' deprecated, please use 'mip_opt_gap_rel'.
WARNING:  Option 'mip_integral_gap_abs' deprecated, please use 'mip_opt_gap_abs'.
WARNING:  Option 'mip_integral_gap_rel' deprecated, please use 'mip_opt_gap_rel'.
WARNING:  Option 'mip_integral_gap_abs' deprecated, please use 'mip_opt_gap_abs'.
WARNING:  Option 'mip_integral_gap_rel' deprecated, please use 'mip_opt_gap_rel'.
WARNING:  Option 'mip_integral_gap_abs' deprecated, please use 'mip_opt_gap_abs'.
WARNING:  Option 'mip_integral_gap_rel' deprecated, please use 'mip_opt_gap_rel'.
WARNING:  Option 'mip_integral_gap_abs' deprecated, please use 'mip_opt_gap_abs'.
WARNING:  Option 'mip_integral_gap_rel' deprecated, please use 'mip_opt_gap_rel'.
WARNING:  Option 'mip_integral_gap_abs' deprecated, please use 'mip_opt_gap_abs'.
WARNING:  Option 'mip_integral_gap_rel' deprecated, please use 'mip_opt_gap_rel'.
WARNING:  Option 'mip_integral_gap_abs' deprecated, please use 'mip_opt_gap_abs'.
WARNING:  Option 'mip_integral_gap_rel' deprecated, please use 'mip_opt_gap_rel'.
     125    8.929954e-01   3.909e-06   2.035e-03   1.123e-02        1
WARNING:  Option 'mip_integral_gap_abs' deprecated, please use 'mip_opt_gap_abs'.
WARNING:  Option 'mip_integral_gap_rel' deprecated, please use 'mip_opt_gap_rel'.
WARNING:  Option 'mip_integral_gap_abs' deprecated, please use 'mip_opt_gap_abs'.
WARNING:  Option 'mip_integral_gap_rel' deprecated, please use 'mip_opt_gap_rel'.
     126    8.929886e-01   3.331e-03   2.819e-03   6.423e-02        0
WARNING:  Option 'mip_integral_gap_abs' deprecated, please use 'mip_opt_gap_abs'.
WARNING:  Option 'mip_integral_gap_rel' deprecated, please use 'mip_opt_gap_rel'.
WARNING:  Option 'mip_integral_gap_abs' deprecated, please use 'mip_opt_gap_abs'.
WARNING:  Option 'mip_integral_gap_rel' deprecated, please use 'mip_opt_gap_rel'.
     127    8.928749e-01   4.531e-03   3.524e-04   6.555e-02        0
WARNING:  Option 'mip_integral_gap_abs' deprecated, please use 'mip_opt_gap_abs'.
WARNING:  Option 'mip_integral_gap_rel' deprecated, please use 'mip_opt_gap_rel'.
WARNING:  Option 'mip_integral_gap_abs' deprecated, please use 'mip_opt_gap_abs'.
WARNING:  Option 'mip_integral_gap_rel' deprecated, please use 'mip_opt_gap_rel'.
     128    8.929807e-01   0.000e+00   3.678e-04   5.867e-04        0
WARNING:  Option 'mip_integral_gap_abs' deprecated, please use 'mip_opt_gap_abs'.
WARNING:  Option 'mip_integral_gap_rel' deprecated, please use 'mip_opt_gap_rel'.
WARNING:  Option 'mip_integral_gap_abs' deprecated, please use 'mip_opt_gap_abs'.
WARNING:  Option 'mip_integral_gap_rel' deprecated, please use 'mip_opt_gap_rel'.
WARNING:  Option 'mip_integral_gap_abs' deprecated, please use 'mip_opt_gap_abs'.
WARNING:  Option 'mip_integral_gap_rel' deprecated, please use 'mip_opt_gap_rel'.
WARNING:  Option 'mip_integral_gap_abs' deprecated, please use 'mip_opt_gap_abs'.
WARNING:  Option 'mip_integral_gap_rel' deprecated, please use 'mip_opt_gap_rel'.
WARNING:  Option 'mip_integral_gap_abs' deprecated, please use 'mip_opt_gap_abs'.
WARNING:  Option 'mip_integral_gap_rel' deprecated, please use 'mip_opt_gap_rel'.
     129    8.929759e-01   0.000e+00   3.077e-04   1.253e-02        0
WARNING:  Option 'mip_integral_gap_abs' deprecated, please use 'mip_opt_gap_abs'.
WARNING:  Option 'mip_integral_gap_rel' deprecated, please use 'mip_opt_gap_rel'.
WARNING:  Option 'mip_integral_gap_abs' deprecated, please use 'mip_opt_gap_abs'.
WARNING:  Option 'mip_integral_gap_rel' deprecated, please use 'mip_opt_gap_rel'.
     130    8.929552e-01   0.000e+00   2.254e-04   5.260e-03        0
WARNING:  Option 'mip_integral_gap_abs' deprecated, please use 'mip_opt_gap_abs'.
WARNING:  Option 'mip_integral_gap_rel' deprecated, please use 'mip_opt_gap_rel'.
WARNING:  Option 'mip_integral_gap_abs' deprecated, please use 'mip_opt_gap_abs'.
WARNING:  Option 'mip_integral_gap_rel' deprecated, please use 'mip_opt_gap_rel'.
     131    8.929460e-01   4.914e-05   2.207e-04   4.057e-04        0
WARNING:  Option 'mip_integral_gap_abs' deprecated, please use 'mip_opt_gap_abs'.
WARNING:  Option 'mip_integral_gap_rel' deprecated, please use 'mip_opt_gap_rel'.
WARNING:  Option 'mip_integral_gap_abs' deprecated, please use 'mip_opt_gap_abs'.
WARNING:  Option 'mip_integral_gap_rel' deprecated, please use 'mip_opt_gap_rel'.
     132    8.929470e-01   4.050e-06   2.464e-04   4.754e-04        0
WARNING:  Option 'mip_integral_gap_abs' deprecated, please use 'mip_opt_gap_abs'.
WARNING:  Option 'mip_integral_gap_rel' deprecated, please use 'mip_opt_gap_rel'.
WARNING:  Option 'mip_integral_gap_abs' deprecated, please use 'mip_opt_gap_abs'.
WARNING:  Option 'mip_integral_gap_rel' deprecated, please use 'mip_opt_gap_rel'.
     133    8.929350e-01   3.314e-03   1.586e-03   3.369e-02        0
WARNING:  Option 'mip_integral_gap_abs' deprecated, please use 'mip_opt_gap_abs'.
WARNING:  Option 'mip_integral_gap_rel' deprecated, please use 'mip_opt_gap_rel'.
WARNING:  Option 'mip_integral_gap_abs' deprecated, please use 'mip_opt_gap_abs'.
WARNING:  Option 'mip_integral_gap_rel' deprecated, please use 'mip_opt_gap_rel'.
     134    8.929835e-01   0.000e+00   4.599e-04   2.236e-02        0
WARNING:  Option 'mip_integral_gap_abs' deprecated, please use 'mip_opt_gap_abs'.
WARNING:  Option 'mip_integral_gap_rel' deprecated, please use 'mip_opt_gap_rel'.
WARNING:  Option 'mip_integral_gap_abs' deprecated, please use 'mip_opt_gap_abs'.
WARNING:  Option 'mip_integral_gap_rel' deprecated, please use 'mip_opt_gap_rel'.
     135    8.929680e-01   0.000e+00   3.356e-04   6.994e-04        0
WARNING:  Option 'mip_integral_gap_abs' deprecated, please use 'mip_opt_gap_abs'.
WARNING:  Option 'mip_integral_gap_rel' deprecated, please use 'mip_opt_gap_rel'.
WARNING:  Option 'mip_integral_gap_abs' deprecated, please use 'mip_opt_gap_abs'.
WARNING:  Option 'mip_integral_gap_rel' deprecated, please use 'mip_opt_gap_rel'.
WARNING:  Option 'mip_integral_gap_abs' deprecated, please use 'mip_opt_gap_abs'.
WARNING:  Option 'mip_integral_gap_rel' deprecated, please use 'mip_opt_gap_rel'.
WARNING:  Option 'mip_integral_gap_abs' deprecated, please use 'mip_opt_gap_abs'.
WARNING:  Option 'mip_integral_gap_rel' deprecated, please use 'mip_opt_gap_rel'.
WARNING:  Option 'mip_integral_gap_abs' deprecated, please use 'mip_opt_gap_abs'.
WARNING:  Option 'mip_integral_gap_rel' deprecated, please use 'mip_opt_gap_rel'.
WARNING:  Option 'mip_integral_gap_abs' deprecated, please use 'mip_opt_gap_abs'.
WARNING:  Option 'mip_integral_gap_rel' deprecated, please use 'mip_opt_gap_rel'.
WARNING:  Option 'mip_integral_gap_abs' deprecated, please use 'mip_opt_gap_abs'.
WARNING:  Option 'mip_integral_gap_rel' deprecated, please use 'mip_opt_gap_rel'.
WARNING:  Option 'mip_integral_gap_abs' deprecated, please use 'mip_opt_gap_abs'.
WARNING:  Option 'mip_integral_gap_rel' deprecated, please use 'mip_opt_gap_rel'.
WARNING:  Option 'mip_integral_gap_abs' deprecated, please use 'mip_opt_gap_abs'.
WARNING:  Option 'mip_integral_gap_rel' deprecated, please use 'mip_opt_gap_rel'.
WARNING:  Option 'mip_integral_gap_abs' deprecated, please use 'mip_opt_gap_abs'.
WARNING:  Option 'mip_integral_gap_rel' deprecated, please use 'mip_opt_gap_rel'.
WARNING:  Option 'mip_integral_gap_abs' deprecated, please use 'mip_opt_gap_abs'.
WARNING:  Option 'mip_integral_gap_rel' deprecated, please use 'mip_opt_gap_rel'.
WARNING:  Option 'mip_integral_gap_abs' deprecated, please use 'mip_opt_gap_abs'.
WARNING:  Option 'mip_integral_gap_rel' deprecated, please use 'mip_opt_gap_rel'.
WARNING:  Option 'mip_integral_gap_abs' deprecated, please use 'mip_opt_gap_abs'.
WARNING:  Option 'mip_integral_gap_rel' deprecated, please use 'mip_opt_gap_rel'.
WARNING:  Option 'mip_integral_gap_abs' deprecated, please use 'mip_opt_gap_abs'.
WARNING:  Option 'mip_integral_gap_rel' deprecated, please use 'mip_opt_gap_rel'.
WARNING:  Option 'mip_integral_gap_abs' deprecated, please use 'mip_opt_gap_abs'.
WARNING:  Option 'mip_integral_gap_rel' deprecated, please use 'mip_opt_gap_rel'.
WARNING:  Option 'mip_integral_gap_abs' deprecated, please use 'mip_opt_gap_abs'.
WARNING:  Option 'mip_integral_gap_rel' deprecated, please use 'mip_opt_gap_rel'.
WARNING:  Option 'mip_integral_gap_abs' deprecated, please use 'mip_opt_gap_abs'.
WARNING:  Option 'mip_integral_gap_rel' deprecated, please use 'mip_opt_gap_rel'.
     136    8.929638e-01   0.000e+00   1.408e-03   1.591e-02        1
WARNING:  Option 'mip_integral_gap_abs' deprecated, please use 'mip_opt_gap_abs'.
WARNING:  Option 'mip_integral_gap_rel' deprecated, please use 'mip_opt_gap_rel'.
WARNING:  Option 'mip_integral_gap_abs' deprecated, please use 'mip_opt_gap_abs'.
WARNING:  Option 'mip_integral_gap_rel' deprecated, please use 'mip_opt_gap_rel'.
WARNING:  Option 'mip_integral_gap_abs' deprecated, please use 'mip_opt_gap_abs'.
WARNING:  Option 'mip_integral_gap_rel' deprecated, please use 'mip_opt_gap_rel'.
WARNING:  Option 'mip_integral_gap_abs' deprecated, please use 'mip_opt_gap_abs'.
WARNING:  Option 'mip_integral_gap_rel' deprecated, please use 'mip_opt_gap_rel'.
     137    8.929576e-01   0.000e+00   6.575e-04   4.901e-03        0
WARNING:  Option 'mip_integral_gap_abs' deprecated, please use 'mip_opt_gap_abs'.
WARNING:  Option 'mip_integral_gap_rel' deprecated, please use 'mip_opt_gap_rel'.
WARNING:  Option 'mip_integral_gap_abs' deprecated, please use 'mip_opt_gap_abs'.
WARNING:  Option 'mip_integral_gap_rel' deprecated, please use 'mip_opt_gap_rel'.
     138    8.929563e-01   1.109e-04   2.388e-04   3.461e-04        0
WARNING:  Option 'mip_integral_gap_abs' deprecated, please use 'mip_opt_gap_abs'.
WARNING:  Option 'mip_integral_gap_rel' deprecated, please use 'mip_opt_gap_rel'.
WARNING:  Option 'mip_integral_gap_abs' deprecated, please use 'mip_opt_gap_abs'.
WARNING:  Option 'mip_integral_gap_rel' deprecated, please use 'mip_opt_gap_rel'.
WARNING:  Option 'mip_integral_gap_abs' deprecated, please use 'mip_opt_gap_abs'.
WARNING:  Option 'mip_integral_gap_rel' deprecated, please use 'mip_opt_gap_rel'.
WARNING:  Option 'mip_integral_gap_abs' deprecated, please use 'mip_opt_gap_abs'.
WARNING:  Option 'mip_integral_gap_rel' deprecated, please use 'mip_opt_gap_rel'.
WARNING:  Option 'mip_integral_gap_abs' deprecated, please use 'mip_opt_gap_abs'.
WARNING:  Option 'mip_integral_gap_rel' deprecated, please use 'mip_opt_gap_rel'.
WARNING:  Option 'mip_integral_gap_abs' deprecated, please use 'mip_opt_gap_abs'.
WARNING:  Option 'mip_integral_gap_rel' deprecated, please use 'mip_opt_gap_rel'.
WARNING:  Option 'mip_integral_gap_abs' deprecated, please use 'mip_opt_gap_abs'.
WARNING:  Option 'mip_integral_gap_rel' deprecated, please use 'mip_opt_gap_rel'.
WARNING:  Option 'mip_integral_gap_abs' deprecated, please use 'mip_opt_gap_abs'.
WARNING:  Option 'mip_integral_gap_rel' deprecated, please use 'mip_opt_gap_rel'.
WARNING:  Option 'mip_integral_gap_abs' deprecated, please use 'mip_opt_gap_abs'.
WARNING:  Option 'mip_integral_gap_rel' deprecated, please use 'mip_opt_gap_rel'.
WARNING:  Option 'mip_integral_gap_abs' deprecated, please use 'mip_opt_gap_abs'.
WARNING:  Option 'mip_integral_gap_rel' deprecated, please use 'mip_opt_gap_rel'.
WARNING:  Option 'mip_integral_gap_abs' deprecated, please use 'mip_opt_gap_abs'.
WARNING:  Option 'mip_integral_gap_rel' deprecated, please use 'mip_opt_gap_rel'.
     139    8.931726e-01   0.000e+00   1.242e-02   3.079e-02       14
WARNING:  Option 'mip_integral_gap_abs' deprecated, please use 'mip_opt_gap_abs'.
WARNING:  Option 'mip_integral_gap_rel' deprecated, please use 'mip_opt_gap_rel'.
WARNING:  Option 'mip_integral_gap_abs' deprecated, please use 'mip_opt_gap_abs'.
WARNING:  Option 'mip_integral_gap_rel' deprecated, please use 'mip_opt_gap_rel'.
     140    8.932240e-01   0.000e+00   5.516e-03   4.484e-02        0
WARNING:  Option 'mip_integral_gap_abs' deprecated, please use 'mip_opt_gap_abs'.
WARNING:  Option 'mip_integral_gap_rel' deprecated, please use 'mip_opt_gap_rel'.
WARNING:  Option 'mip_integral_gap_abs' deprecated, please use 'mip_opt_gap_abs'.
WARNING:  Option 'mip_integral_gap_rel' deprecated, please use 'mip_opt_gap_rel'.
     141    8.932975e-01   0.000e+00   3.012e-03   4.294e-02        0
WARNING:  Option 'mip_integral_gap_abs' deprecated, please use 'mip_opt_gap_abs'.
WARNING:  Option 'mip_integral_gap_rel' deprecated, please use 'mip_opt_gap_rel'.
WARNING:  Option 'mip_integral_gap_abs' deprecated, please use 'mip_opt_gap_abs'.
WARNING:  Option 'mip_integral_gap_rel' deprecated, please use 'mip_opt_gap_rel'.
     142    8.933472e-01   0.000e+00   4.421e-04   2.938e-02        0
WARNING:  Option 'mip_integral_gap_abs' deprecated, please use 'mip_opt_gap_abs'.
WARNING:  Option 'mip_integral_gap_rel' deprecated, please use 'mip_opt_gap_rel'.
WARNING:  Option 'mip_integral_gap_abs' deprecated, please use 'mip_opt_gap_abs'.
WARNING:  Option 'mip_integral_gap_rel' deprecated, please use 'mip_opt_gap_rel'.
     143    8.933585e-01   0.000e+00   4.046e-04   7.301e-04        0
WARNING:  Option 'mip_integral_gap_abs' deprecated, please use 'mip_opt_gap_abs'.
WARNING:  Option 'mip_integral_gap_rel' deprecated, please use 'mip_opt_gap_rel'.
WARNING:  Option 'mip_integral_gap_abs' deprecated, please use 'mip_opt_gap_abs'.
WARNING:  Option 'mip_integral_gap_rel' deprecated, please use 'mip_opt_gap_rel'.
WARNING:  Option 'mip_integral_gap_abs' deprecated, please use 'mip_opt_gap_abs'.
WARNING:  Option 'mip_integral_gap_rel' deprecated, please use 'mip_opt_gap_rel'.
WARNING:  Option 'mip_integral_gap_abs' deprecated, please use 'mip_opt_gap_abs'.
WARNING:  Option 'mip_integral_gap_rel' deprecated, please use 'mip_opt_gap_rel'.
WARNING:  Option 'mip_integral_gap_abs' deprecated, please use 'mip_opt_gap_abs'.
WARNING:  Option 'mip_integral_gap_rel' deprecated, please use 'mip_opt_gap_rel'.
WARNING:  Option 'mip_integral_gap_abs' deprecated, please use 'mip_opt_gap_abs'.
WARNING:  Option 'mip_integral_gap_rel' deprecated, please use 'mip_opt_gap_rel'.
WARNING:  Option 'mip_integral_gap_abs' deprecated, please use 'mip_opt_gap_abs'.
WARNING:  Option 'mip_integral_gap_rel' deprecated, please use 'mip_opt_gap_rel'.
WARNING:  Option 'mip_integral_gap_abs' deprecated, please use 'mip_opt_gap_abs'.
WARNING:  Option 'mip_integral_gap_rel' deprecated, please use 'mip_opt_gap_rel'.
WARNING:  Option 'mip_integral_gap_abs' deprecated, please use 'mip_opt_gap_abs'.
WARNING:  Option 'mip_integral_gap_rel' deprecated, please use 'mip_opt_gap_rel'.
WARNING:  Option 'mip_integral_gap_abs' deprecated, please use 'mip_opt_gap_abs'.
WARNING:  Option 'mip_integral_gap_rel' deprecated, please use 'mip_opt_gap_rel'.
WARNING:  Option 'mip_integral_gap_abs' deprecated, please use 'mip_opt_gap_abs'.
WARNING:  Option 'mip_integral_gap_rel' deprecated, please use 'mip_opt_gap_rel'.
WARNING:  Option 'mip_integral_gap_abs' deprecated, please use 'mip_opt_gap_abs'.
WARNING:  Option 'mip_integral_gap_rel' deprecated, please use 'mip_opt_gap_rel'.
WARNING:  Option 'mip_integral_gap_abs' deprecated, please use 'mip_opt_gap_abs'.
WARNING:  Option 'mip_integral_gap_rel' deprecated, please use 'mip_opt_gap_rel'.
WARNING:  Option 'mip_integral_gap_abs' deprecated, please use 'mip_opt_gap_abs'.
WARNING:  Option 'mip_integral_gap_rel' deprecated, please use 'mip_opt_gap_rel'.
WARNING:  Option 'mip_integral_gap_abs' deprecated, please use 'mip_opt_gap_abs'.
WARNING:  Option 'mip_integral_gap_rel' deprecated, please use 'mip_opt_gap_rel'.
WARNING:  Option 'mip_integral_gap_abs' deprecated, please use 'mip_opt_gap_abs'.
WARNING:  Option 'mip_integral_gap_rel' deprecated, please use 'mip_opt_gap_rel'.
WARNING:  Option 'mip_integral_gap_abs' deprecated, please use 'mip_opt_gap_abs'.
WARNING:  Option 'mip_integral_gap_rel' deprecated, please use 'mip_opt_gap_rel'.
WARNING:  Option 'mip_integral_gap_abs' deprecated, please use 'mip_opt_gap_abs'.
WARNING:  Option 'mip_integral_gap_rel' deprecated, please use 'mip_opt_gap_rel'.
WARNING:  Option 'mip_integral_gap_abs' deprecated, please use 'mip_opt_gap_abs'.
WARNING:  Option 'mip_integral_gap_rel' deprecated, please use 'mip_opt_gap_rel'.
WARNING:  Option 'mip_integral_gap_abs' deprecated, please use 'mip_opt_gap_abs'.
WARNING:  Option 'mip_integral_gap_rel' deprecated, please use 'mip_opt_gap_rel'.
WARNING:  Option 'mip_integral_gap_abs' deprecated, please use 'mip_opt_gap_abs'.
WARNING:  Option 'mip_integral_gap_rel' deprecated, please use 'mip_opt_gap_rel'.
WARNING:  Option 'mip_integral_gap_abs' deprecated, please use 'mip_opt_gap_abs'.
WARNING:  Option 'mip_integral_gap_rel' deprecated, please use 'mip_opt_gap_rel'.
WARNING:  Option 'mip_integral_gap_abs' deprecated, please use 'mip_opt_gap_abs'.
WARNING:  Option 'mip_integral_gap_rel' deprecated, please use 'mip_opt_gap_rel'.
WARNING:  Option 'mip_integral_gap_abs' deprecated, please use 'mip_opt_gap_abs'.
WARNING:  Option 'mip_integral_gap_rel' deprecated, please use 'mip_opt_gap_rel'.
WARNING:  Option 'mip_integral_gap_abs' deprecated, please use 'mip_opt_gap_abs'.
WARNING:  Option 'mip_integral_gap_rel' deprecated, please use 'mip_opt_gap_rel'.
WARNING:  Option 'mip_integral_gap_abs' deprecated, please use 'mip_opt_gap_abs'.
WARNING:  Option 'mip_integral_gap_rel' deprecated, please use 'mip_opt_gap_rel'.
WARNING:  Option 'mip_integral_gap_abs' deprecated, please use 'mip_opt_gap_abs'.
WARNING:  Option 'mip_integral_gap_rel' deprecated, please use 'mip_opt_gap_rel'.
WARNING:  Option 'mip_integral_gap_abs' deprecated, please use 'mip_opt_gap_abs'.
WARNING:  Option 'mip_integral_gap_rel' deprecated, please use 'mip_opt_gap_rel'.
WARNING:  Option 'mip_integral_gap_abs' deprecated, please use 'mip_opt_gap_abs'.
WARNING:  Option 'mip_integral_gap_rel' deprecated, please use 'mip_opt_gap_rel'.
WARNING:  Option 'mip_integral_gap_abs' deprecated, please use 'mip_opt_gap_abs'.
WARNING:  Option 'mip_integral_gap_rel' deprecated, please use 'mip_opt_gap_rel'.
WARNING:  Option 'mip_integral_gap_abs' deprecated, please use 'mip_opt_gap_abs'.
WARNING:  Option 'mip_integral_gap_rel' deprecated, please use 'mip_opt_gap_rel'.
WARNING:  Option 'mip_integral_gap_abs' deprecated, please use 'mip_opt_gap_abs'.
WARNING:  Option 'mip_integral_gap_rel' deprecated, please use 'mip_opt_gap_rel'.
     144    8.933585e-01   0.000e+00   4.046e-04   0.000e+00        1
WARNING:  Option 'mip_integral_gap_abs' deprecated, please use 'mip_opt_gap_abs'.
WARNING:  Option 'mip_integral_gap_rel' deprecated, please use 'mip_opt_gap_rel'.
WARNING:  Option 'mip_integral_gap_abs' deprecated, please use 'mip_opt_gap_abs'.
WARNING:  Option 'mip_integral_gap_rel' deprecated, please use 'mip_opt_gap_rel'.
WARNING:  Option 'mip_integral_gap_abs' deprecated, please use 'mip_opt_gap_abs'.
WARNING:  Option 'mip_integral_gap_rel' deprecated, please use 'mip_opt_gap_rel'.
WARNING:  Option 'mip_integral_gap_abs' deprecated, please use 'mip_opt_gap_abs'.
WARNING:  Option 'mip_integral_gap_rel' deprecated, please use 'mip_opt_gap_rel'.
WARNING:  Option 'mip_integral_gap_abs' deprecated, please use 'mip_opt_gap_abs'.
WARNING:  Option 'mip_integral_gap_rel' deprecated, please use 'mip_opt_gap_rel'.
WARNING:  Option 'mip_integral_gap_abs' deprecated, please use 'mip_opt_gap_abs'.
WARNING:  Option 'mip_integral_gap_rel' deprecated, please use 'mip_opt_gap_rel'.
WARNING:  Option 'mip_integral_gap_abs' deprecated, please use 'mip_opt_gap_abs'.
WARNING:  Option 'mip_integral_gap_rel' deprecated, please use 'mip_opt_gap_rel'.
WARNING:  Option 'mip_integral_gap_abs' deprecated, please use 'mip_opt_gap_abs'.
WARNING:  Option 'mip_integral_gap_rel' deprecated, please use 'mip_opt_gap_rel'.
     145    8.933119e-01   0.000e+00   1.098e-02   5.143e-02       12
WARNING:  Option 'mip_integral_gap_abs' deprecated, please use 'mip_opt_gap_abs'.
WARNING:  Option 'mip_integral_gap_rel' deprecated, please use 'mip_opt_gap_rel'.
WARNING:  Option 'mip_integral_gap_abs' deprecated, please use 'mip_opt_gap_abs'.
WARNING:  Option 'mip_integral_gap_rel' deprecated, please use 'mip_opt_gap_rel'.
WARNING:  Option 'mip_integral_gap_abs' deprecated, please use 'mip_opt_gap_abs'.
WARNING:  Option 'mip_integral_gap_rel' deprecated, please use 'mip_opt_gap_rel'.
WARNING:  Option 'mip_integral_gap_abs' deprecated, please use 'mip_opt_gap_abs'.
WARNING:  Option 'mip_integral_gap_rel' deprecated, please use 'mip_opt_gap_rel'.
WARNING:  Option 'mip_integral_gap_abs' deprecated, please use 'mip_opt_gap_abs'.
WARNING:  Option 'mip_integral_gap_rel' deprecated, please use 'mip_opt_gap_rel'.
     146    8.932002e-01   0.000e+00   8.925e-03   1.085e-02        0
WARNING:  Option 'mip_integral_gap_abs' deprecated, please use 'mip_opt_gap_abs'.
WARNING:  Option 'mip_integral_gap_rel' deprecated, please use 'mip_opt_gap_rel'.
WARNING:  Option 'mip_integral_gap_abs' deprecated, please use 'mip_opt_gap_abs'.
WARNING:  Option 'mip_integral_gap_rel' deprecated, please use 'mip_opt_gap_rel'.
WARNING:  Option 'mip_integral_gap_abs' deprecated, please use 'mip_opt_gap_abs'.
WARNING:  Option 'mip_integral_gap_rel' deprecated, please use 'mip_opt_gap_rel'.
     147    8.929607e-01   2.190e-04   1.449e-03   3.325e-02        0
WARNING:  Option 'mip_integral_gap_abs' deprecated, please use 'mip_opt_gap_abs'.
WARNING:  Option 'mip_integral_gap_rel' deprecated, please use 'mip_opt_gap_rel'.
WARNING:  Option 'mip_integral_gap_abs' deprecated, please use 'mip_opt_gap_abs'.
WARNING:  Option 'mip_integral_gap_rel' deprecated, please use 'mip_opt_gap_rel'.
WARNING:  Option 'mip_integral_gap_abs' deprecated, please use 'mip_opt_gap_abs'.
WARNING:  Option 'mip_integral_gap_rel' deprecated, please use 'mip_opt_gap_rel'.
     148    8.929653e-01   0.000e+00   8.243e-04   1.624e-02        0
WARNING:  Option 'mip_integral_gap_abs' deprecated, please use 'mip_opt_gap_abs'.
WARNING:  Option 'mip_integral_gap_rel' deprecated, please use 'mip_opt_gap_rel'.
WARNING:  Option 'mip_integral_gap_abs' deprecated, please use 'mip_opt_gap_abs'.
WARNING:  Option 'mip_integral_gap_rel' deprecated, please use 'mip_opt_gap_rel'.
     149    8.929566e-01   0.000e+00   2.784e-04   6.940e-03        0
WARNING:  Option 'mip_integral_gap_abs' deprecated, please use 'mip_opt_gap_abs'.
WARNING:  Option 'mip_integral_gap_rel' deprecated, please use 'mip_opt_gap_rel'.
WARNING:  Option 'mip_integral_gap_abs' deprecated, please use 'mip_opt_gap_abs'.
WARNING:  Option 'mip_integral_gap_rel' deprecated, please use 'mip_opt_gap_rel'.
WARNING:  Option 'mip_integral_gap_abs' deprecated, please use 'mip_opt_gap_abs'.
WARNING:  Option 'mip_integral_gap_rel' deprecated, please use 'mip_opt_gap_rel'.
WARNING:  Option 'mip_integral_gap_abs' deprecated, please use 'mip_opt_gap_abs'.
WARNING:  Option 'mip_integral_gap_rel' deprecated, please use 'mip_opt_gap_rel'.
WARNING:  Option 'mip_integral_gap_abs' deprecated, please use 'mip_opt_gap_abs'.
WARNING:  Option 'mip_integral_gap_rel' deprecated, please use 'mip_opt_gap_rel'.
WARNING:  Option 'mip_integral_gap_abs' deprecated, please use 'mip_opt_gap_abs'.
WARNING:  Option 'mip_integral_gap_rel' deprecated, please use 'mip_opt_gap_rel'.
WARNING:  Option 'mip_integral_gap_abs' deprecated, please use 'mip_opt_gap_abs'.
WARNING:  Option 'mip_integral_gap_rel' deprecated, please use 'mip_opt_gap_rel'.
WARNING:  Option 'mip_integral_gap_abs' deprecated, please use 'mip_opt_gap_abs'.
WARNING:  Option 'mip_integral_gap_rel' deprecated, please use 'mip_opt_gap_rel'.
WARNING:  Option 'mip_integral_gap_abs' deprecated, please use 'mip_opt_gap_abs'.
WARNING:  Option 'mip_integral_gap_rel' deprecated, please use 'mip_opt_gap_rel'.
WARNING:  Option 'mip_integral_gap_abs' deprecated, please use 'mip_opt_gap_abs'.
WARNING:  Option 'mip_integral_gap_rel' deprecated, please use 'mip_opt_gap_rel'.
WARNING:  Option 'mip_integral_gap_abs' deprecated, please use 'mip_opt_gap_abs'.
WARNING:  Option 'mip_integral_gap_rel' deprecated, please use 'mip_opt_gap_rel'.
WARNING:  Option 'mip_integral_gap_abs' deprecated, please use 'mip_opt_gap_abs'.
WARNING:  Option 'mip_integral_gap_rel' deprecated, please use 'mip_opt_gap_rel'.
WARNING:  Option 'mip_integral_gap_abs' deprecated, please use 'mip_opt_gap_abs'.
WARNING:  Option 'mip_integral_gap_rel' deprecated, please use 'mip_opt_gap_rel'.
WARNING:  Option 'mip_integral_gap_abs' deprecated, please use 'mip_opt_gap_abs'.
WARNING:  Option 'mip_integral_gap_rel' deprecated, please use 'mip_opt_gap_rel'.
WARNING:  Option 'mip_integral_gap_abs' deprecated, please use 'mip_opt_gap_abs'.
WARNING:  Option 'mip_integral_gap_rel' deprecated, please use 'mip_opt_gap_rel'.
WARNING:  Option 'mip_integral_gap_abs' deprecated, please use 'mip_opt_gap_abs'.
WARNING:  Option 'mip_integral_gap_rel' deprecated, please use 'mip_opt_gap_rel'.
WARNING:  Option 'mip_integral_gap_abs' deprecated, please use 'mip_opt_gap_abs'.
WARNING:  Option 'mip_integral_gap_rel' deprecated, please use 'mip_opt_gap_rel'.
     150    8.929563e-01   0.000e+00   3.213e-04   4.229e-04        1
WARNING:  Option 'mip_integral_gap_abs' deprecated, please use 'mip_opt_gap_abs'.
WARNING:  Option 'mip_integral_gap_rel' deprecated, please use 'mip_opt_gap_rel'.
WARNING:  Option 'mip_integral_gap_abs' deprecated, please use 'mip_opt_gap_abs'.
WARNING:  Option 'mip_integral_gap_rel' deprecated, please use 'mip_opt_gap_rel'.
WARNING:  Option 'mip_integral_gap_abs' deprecated, please use 'mip_opt_gap_abs'.
WARNING:  Option 'mip_integral_gap_rel' deprecated, please use 'mip_opt_gap_rel'.
WARNING:  Option 'mip_integral_gap_abs' deprecated, please use 'mip_opt_gap_abs'.
WARNING:  Option 'mip_integral_gap_rel' deprecated, please use 'mip_opt_gap_rel'.
WARNING:  Option 'mip_integral_gap_abs' deprecated, please use 'mip_opt_gap_abs'.
WARNING:  Option 'mip_integral_gap_rel' deprecated, please use 'mip_opt_gap_rel'.
WARNING:  Option 'mip_integral_gap_abs' deprecated, please use 'mip_opt_gap_abs'.
WARNING:  Option 'mip_integral_gap_rel' deprecated, please use 'mip_opt_gap_rel'.
WARNING:  Option 'mip_integral_gap_abs' deprecated, please use 'mip_opt_gap_abs'.
WARNING:  Option 'mip_integral_gap_rel' deprecated, please use 'mip_opt_gap_rel'.
WARNING:  Option 'mip_integral_gap_abs' deprecated, please use 'mip_opt_gap_abs'.
WARNING:  Option 'mip_integral_gap_rel' deprecated, please use 'mip_opt_gap_rel'.
WARNING:  Option 'mip_integral_gap_abs' deprecated, please use 'mip_opt_gap_abs'.
WARNING:  Option 'mip_integral_gap_rel' deprecated, please use 'mip_opt_gap_rel'.
WARNING:  Option 'mip_integral_gap_abs' deprecated, please use 'mip_opt_gap_abs'.
WARNING:  Option 'mip_integral_gap_rel' deprecated, please use 'mip_opt_gap_rel'.
WARNING:  Option 'mip_integral_gap_abs' deprecated, please use 'mip_opt_gap_abs'.
WARNING:  Option 'mip_integral_gap_rel' deprecated, please use 'mip_opt_gap_rel'.
WARNING:  Option 'mip_integral_gap_abs' deprecated, please use 'mip_opt_gap_abs'.
WARNING:  Option 'mip_integral_gap_rel' deprecated, please use 'mip_opt_gap_rel'.
WARNING:  Option 'mip_integral_gap_abs' deprecated, please use 'mip_opt_gap_abs'.
WARNING:  Option 'mip_integral_gap_rel' deprecated, please use 'mip_opt_gap_rel'.
WARNING:  Option 'mip_integral_gap_abs' deprecated, please use 'mip_opt_gap_abs'.
WARNING:  Option 'mip_integral_gap_rel' deprecated, please use 'mip_opt_gap_rel'.
WARNING:  Option 'mip_integral_gap_abs' deprecated, please use 'mip_opt_gap_abs'.
WARNING:  Option 'mip_integral_gap_rel' deprecated, please use 'mip_opt_gap_rel'.
WARNING:  Option 'mip_integral_gap_abs' deprecated, please use 'mip_opt_gap_abs'.
WARNING:  Option 'mip_integral_gap_rel' deprecated, please use 'mip_opt_gap_rel'.
WARNING:  Option 'mip_integral_gap_abs' deprecated, please use 'mip_opt_gap_abs'.
WARNING:  Option 'mip_integral_gap_rel' deprecated, please use 'mip_opt_gap_rel'.
WARNING:  Option 'mip_integral_gap_abs' deprecated, please use 'mip_opt_gap_abs'.
WARNING:  Option 'mip_integral_gap_rel' deprecated, please use 'mip_opt_gap_rel'.
WARNING:  Option 'mip_integral_gap_abs' deprecated, please use 'mip_opt_gap_abs'.
WARNING:  Option 'mip_integral_gap_rel' deprecated, please use 'mip_opt_gap_rel'.
WARNING:  Option 'mip_integral_gap_abs' deprecated, please use 'mip_opt_gap_abs'.
WARNING:  Option 'mip_integral_gap_rel' deprecated, please use 'mip_opt_gap_rel'.
WARNING:  Option 'mip_integral_gap_abs' deprecated, please use 'mip_opt_gap_abs'.
WARNING:  Option 'mip_integral_gap_rel' deprecated, please use 'mip_opt_gap_rel'.
WARNING:  Option 'mip_integral_gap_abs' deprecated, please use 'mip_opt_gap_abs'.
WARNING:  Option 'mip_integral_gap_rel' deprecated, please use 'mip_opt_gap_rel'.
WARNING:  Option 'mip_integral_gap_abs' deprecated, please use 'mip_opt_gap_abs'.
WARNING:  Option 'mip_integral_gap_rel' deprecated, please use 'mip_opt_gap_rel'.
     151    8.929562e-01   0.000e+00   3.209e-04   1.047e-04        1
WARNING:  Option 'mip_integral_gap_abs' deprecated, please use 'mip_opt_gap_abs'.
WARNING:  Option 'mip_integral_gap_rel' deprecated, please use 'mip_opt_gap_rel'.
WARNING:  Option 'mip_integral_gap_abs' deprecated, please use 'mip_opt_gap_abs'.
WARNING:  Option 'mip_integral_gap_rel' deprecated, please use 'mip_opt_gap_rel'.
WARNING:  Option 'mip_integral_gap_abs' deprecated, please use 'mip_opt_gap_abs'.
WARNING:  Option 'mip_integral_gap_rel' deprecated, please use 'mip_opt_gap_rel'.
WARNING:  Option 'mip_integral_gap_abs' deprecated, please use 'mip_opt_gap_abs'.
WARNING:  Option 'mip_integral_gap_rel' deprecated, please use 'mip_opt_gap_rel'.
WARNING:  Option 'mip_integral_gap_abs' deprecated, please use 'mip_opt_gap_abs'.
WARNING:  Option 'mip_integral_gap_rel' deprecated, please use 'mip_opt_gap_rel'.
WARNING:  Option 'mip_integral_gap_abs' deprecated, please use 'mip_opt_gap_abs'.
WARNING:  Option 'mip_integral_gap_rel' deprecated, please use 'mip_opt_gap_rel'.
     152    8.929561e-01   0.000e+00   3.136e-04   1.833e-04        3
WARNING:  Option 'mip_integral_gap_abs' deprecated, please use 'mip_opt_gap_abs'.
WARNING:  Option 'mip_integral_gap_rel' deprecated, please use 'mip_opt_gap_rel'.
WARNING:  Option 'mip_integral_gap_abs' deprecated, please use 'mip_opt_gap_abs'.
WARNING:  Option 'mip_integral_gap_rel' deprecated, please use 'mip_opt_gap_rel'.
WARNING:  Option 'mip_integral_gap_abs' deprecated, please use 'mip_opt_gap_abs'.
WARNING:  Option 'mip_integral_gap_rel' deprecated, please use 'mip_opt_gap_rel'.
WARNING:  Option 'mip_integral_gap_abs' deprecated, please use 'mip_opt_gap_abs'.
WARNING:  Option 'mip_integral_gap_rel' deprecated, please use 'mip_opt_gap_rel'.
WARNING:  Option 'mip_integral_gap_abs' deprecated, please use 'mip_opt_gap_abs'.
WARNING:  Option 'mip_integral_gap_rel' deprecated, please use 'mip_opt_gap_rel'.
WARNING:  Option 'mip_integral_gap_abs' deprecated, please use 'mip_opt_gap_abs'.
WARNING:  Option 'mip_integral_gap_rel' deprecated, please use 'mip_opt_gap_rel'.
WARNING:  Option 'mip_integral_gap_abs' deprecated, please use 'mip_opt_gap_abs'.
WARNING:  Option 'mip_integral_gap_rel' deprecated, please use 'mip_opt_gap_rel'.
WARNING:  Option 'mip_integral_gap_abs' deprecated, please use 'mip_opt_gap_abs'.
WARNING:  Option 'mip_integral_gap_rel' deprecated, please use 'mip_opt_gap_rel'.
WARNING:  Option 'mip_integral_gap_abs' deprecated, please use 'mip_opt_gap_abs'.
WARNING:  Option 'mip_integral_gap_rel' deprecated, please use 'mip_opt_gap_rel'.
WARNING:  Option 'mip_integral_gap_abs' deprecated, please use 'mip_opt_gap_abs'.
WARNING:  Option 'mip_integral_gap_rel' deprecated, please use 'mip_opt_gap_rel'.
WARNING:  Option 'mip_integral_gap_abs' deprecated, please use 'mip_opt_gap_abs'.
WARNING:  Option 'mip_integral_gap_rel' deprecated, please use 'mip_opt_gap_rel'.
WARNING:  Option 'mip_integral_gap_abs' deprecated, please use 'mip_opt_gap_abs'.
WARNING:  Option 'mip_integral_gap_rel' deprecated, please use 'mip_opt_gap_rel'.
WARNING:  Option 'mip_integral_gap_abs' deprecated, please use 'mip_opt_gap_abs'.
WARNING:  Option 'mip_integral_gap_rel' deprecated, please use 'mip_opt_gap_rel'.
WARNING:  Option 'mip_integral_gap_abs' deprecated, please use 'mip_opt_gap_abs'.
WARNING:  Option 'mip_integral_gap_rel' deprecated, please use 'mip_opt_gap_rel'.
     153    8.929561e-01   0.000e+00   3.137e-04   2.004e-05        8
WARNING:  Option 'mip_integral_gap_abs' deprecated, please use 'mip_opt_gap_abs'.
WARNING:  Option 'mip_integral_gap_rel' deprecated, please use 'mip_opt_gap_rel'.
WARNING:  Option 'mip_integral_gap_abs' deprecated, please use 'mip_opt_gap_abs'.
WARNING:  Option 'mip_integral_gap_rel' deprecated, please use 'mip_opt_gap_rel'.
WARNING:  Option 'mip_integral_gap_abs' deprecated, please use 'mip_opt_gap_abs'.
WARNING:  Option 'mip_integral_gap_rel' deprecated, please use 'mip_opt_gap_rel'.
WARNING:  Option 'mip_integral_gap_abs' deprecated, please use 'mip_opt_gap_abs'.
WARNING:  Option 'mip_integral_gap_rel' deprecated, please use 'mip_opt_gap_rel'.
     154    8.929561e-01   0.000e+00   3.137e-04   2.031e-09        0
WARNING:  Option 'mip_integral_gap_abs' deprecated, please use 'mip_opt_gap_abs'.
WARNING:  Option 'mip_integral_gap_rel' deprecated, please use 'mip_opt_gap_rel'.
WARNING:  Option 'mip_integral_gap_abs' deprecated, please use 'mip_opt_gap_abs'.
WARNING:  Option 'mip_integral_gap_rel' deprecated, please use 'mip_opt_gap_rel'.
WARNING:  Option 'mip_integral_gap_abs' deprecated, please use 'mip_opt_gap_abs'.
WARNING:  Option 'mip_integral_gap_rel' deprecated, please use 'mip_opt_gap_rel'.
WARNING:  Option 'mip_integral_gap_abs' deprecated, please use 'mip_opt_gap_abs'.
WARNING:  Option 'mip_integral_gap_rel' deprecated, please use 'mip_opt_gap_rel'.
WARNING:  Option 'mip_integral_gap_abs' deprecated, please use 'mip_opt_gap_abs'.
WARNING:  Option 'mip_integral_gap_rel' deprecated, please use 'mip_opt_gap_rel'.
WARNING:  Option 'mip_integral_gap_abs' deprecated, please use 'mip_opt_gap_abs'.
WARNING:  Option 'mip_integral_gap_rel' deprecated, please use 'mip_opt_gap_rel'.
WARNING:  Option 'mip_integral_gap_abs' deprecated, please use 'mip_opt_gap_abs'.
WARNING:  Option 'mip_integral_gap_rel' deprecated, please use 'mip_opt_gap_rel'.
WARNING:  Option 'mip_integral_gap_abs' deprecated, please use 'mip_opt_gap_abs'.
WARNING:  Option 'mip_integral_gap_rel' deprecated, please use 'mip_opt_gap_rel'.
     155    8.929561e-01   0.000e+00   3.138e-04   1.002e-05        4
WARNING:  Option 'mip_integral_gap_abs' deprecated, please use 'mip_opt_gap_abs'.
WARNING:  Option 'mip_integral_gap_rel' deprecated, please use 'mip_opt_gap_rel'.
WARNING:  Option 'mip_integral_gap_abs' deprecated, please use 'mip_opt_gap_abs'.
WARNING:  Option 'mip_integral_gap_rel' deprecated, please use 'mip_opt_gap_rel'.
WARNING:  Option 'mip_integral_gap_abs' deprecated, please use 'mip_opt_gap_abs'.
WARNING:  Option 'mip_integral_gap_rel' deprecated, please use 'mip_opt_gap_rel'.
WARNING:  Option 'mip_integral_gap_abs' deprecated, please use 'mip_opt_gap_abs'.
WARNING:  Option 'mip_integral_gap_rel' deprecated, please use 'mip_opt_gap_rel'.
WARNING:  Option 'mip_integral_gap_abs' deprecated, please use 'mip_opt_gap_abs'.
WARNING:  Option 'mip_integral_gap_rel' deprecated, please use 'mip_opt_gap_rel'.
WARNING:  Option 'mip_integral_gap_abs' deprecated, please use 'mip_opt_gap_abs'.
WARNING:  Option 'mip_integral_gap_rel' deprecated, please use 'mip_opt_gap_rel'.
WARNING:  Option 'mip_integral_gap_abs' deprecated, please use 'mip_opt_gap_abs'.
WARNING:  Option 'mip_integral_gap_rel' deprecated, please use 'mip_opt_gap_rel'.
WARNING:  Option 'mip_integral_gap_abs' deprecated, please use 'mip_opt_gap_abs'.
WARNING:  Option 'mip_integral_gap_rel' deprecated, please use 'mip_opt_gap_rel'.
WARNING:  Option 'mip_integral_gap_abs' deprecated, please use 'mip_opt_gap_abs'.
WARNING:  Option 'mip_integral_gap_rel' deprecated, please use 'mip_opt_gap_rel'.
WARNING:  Option 'mip_integral_gap_abs' deprecated, please use 'mip_opt_gap_abs'.
WARNING:  Option 'mip_integral_gap_rel' deprecated, please use 'mip_opt_gap_rel'.
WARNING:  Option 'mip_integral_gap_abs' deprecated, please use 'mip_opt_gap_abs'.
WARNING:  Option 'mip_integral_gap_rel' deprecated, please use 'mip_opt_gap_rel'.
WARNING:  Option 'mip_integral_gap_abs' deprecated, please use 'mip_opt_gap_abs'.
WARNING:  Option 'mip_integral_gap_rel' deprecated, please use 'mip_opt_gap_rel'.
     156    8.929561e-01   0.000e+00   3.138e-04   6.264e-07        6
WARNING:  Option 'mip_integral_gap_abs' deprecated, please use 'mip_opt_gap_abs'.
WARNING:  Option 'mip_integral_gap_rel' deprecated, please use 'mip_opt_gap_rel'.
WARNING:  Option 'mip_integral_gap_abs' deprecated, please use 'mip_opt_gap_abs'.
WARNING:  Option 'mip_integral_gap_rel' deprecated, please use 'mip_opt_gap_rel'.
WARNING:  Option 'mip_integral_gap_abs' deprecated, please use 'mip_opt_gap_abs'.
WARNING:  Option 'mip_integral_gap_rel' deprecated, please use 'mip_opt_gap_rel'.
WARNING:  Option 'mip_integral_gap_abs' deprecated, please use 'mip_opt_gap_abs'.
WARNING:  Option 'mip_integral_gap_rel' deprecated, please use 'mip_opt_gap_rel'.
     157    8.929561e-01   0.000e+00   3.138e-04   3.668e-11        0
WARNING:  Option 'mip_integral_gap_abs' deprecated, please use 'mip_opt_gap_abs'.
WARNING:  Option 'mip_integral_gap_rel' deprecated, please use 'mip_opt_gap_rel'.
WARNING:  Option 'mip_integral_gap_abs' deprecated, please use 'mip_opt_gap_abs'.
WARNING:  Option 'mip_integral_gap_rel' deprecated, please use 'mip_opt_gap_rel'.
WARNING:  Option 'mip_integral_gap_abs' deprecated, please use 'mip_opt_gap_abs'.
WARNING:  Option 'mip_integral_gap_rel' deprecated, please use 'mip_opt_gap_rel'.
WARNING:  Option 'mip_integral_gap_abs' deprecated, please use 'mip_opt_gap_abs'.
WARNING:  Option 'mip_integral_gap_rel' deprecated, please use 'mip_opt_gap_rel'.
WARNING:  Option 'mip_integral_gap_abs' deprecated, please use 'mip_opt_gap_abs'.
WARNING:  Option 'mip_integral_gap_rel' deprecated, please use 'mip_opt_gap_rel'.
WARNING:  Option 'mip_integral_gap_abs' deprecated, please use 'mip_opt_gap_abs'.
WARNING:  Option 'mip_integral_gap_rel' deprecated, please use 'mip_opt_gap_rel'.
WARNING:  Option 'mip_integral_gap_abs' deprecated, please use 'mip_opt_gap_abs'.
WARNING:  Option 'mip_integral_gap_rel' deprecated, please use 'mip_opt_gap_rel'.
WARNING:  Option 'mip_integral_gap_abs' deprecated, please use 'mip_opt_gap_abs'.
WARNING:  Option 'mip_integral_gap_rel' deprecated, please use 'mip_opt_gap_rel'.
WARNING:  Option 'mip_integral_gap_abs' deprecated, please use 'mip_opt_gap_abs'.
WARNING:  Option 'mip_integral_gap_rel' deprecated, please use 'mip_opt_gap_rel'.
WARNING:  Option 'mip_integral_gap_abs' deprecated, please use 'mip_opt_gap_abs'.
WARNING:  Option 'mip_integral_gap_rel' deprecated, please use 'mip_opt_gap_rel'.
WARNING:  Option 'mip_integral_gap_abs' deprecated, please use 'mip_opt_gap_abs'.
WARNING:  Option 'mip_integral_gap_rel' deprecated, please use 'mip_opt_gap_rel'.
WARNING:  Option 'mip_integral_gap_abs' deprecated, please use 'mip_opt_gap_abs'.
WARNING:  Option 'mip_integral_gap_rel' deprecated, please use 'mip_opt_gap_rel'.
WARNING:  Option 'mip_integral_gap_abs' deprecated, please use 'mip_opt_gap_abs'.
WARNING:  Option 'mip_integral_gap_rel' deprecated, please use 'mip_opt_gap_rel'.
WARNING:  Option 'mip_integral_gap_abs' deprecated, please use 'mip_opt_gap_abs'.
WARNING:  Option 'mip_integral_gap_rel' deprecated, please use 'mip_opt_gap_rel'.
WARNING:  Option 'mip_integral_gap_abs' deprecated, please use 'mip_opt_gap_abs'.
WARNING:  Option 'mip_integral_gap_rel' deprecated, please use 'mip_opt_gap_rel'.
WARNING:  Option 'mip_integral_gap_abs' deprecated, please use 'mip_opt_gap_abs'.
WARNING:  Option 'mip_integral_gap_rel' deprecated, please use 'mip_opt_gap_rel'.
WARNING:  Option 'mip_integral_gap_abs' deprecated, please use 'mip_opt_gap_abs'.
WARNING:  Option 'mip_integral_gap_rel' deprecated, please use 'mip_opt_gap_rel'.
WARNING:  Option 'mip_integral_gap_abs' deprecated, please use 'mip_opt_gap_abs'.
WARNING:  Option 'mip_integral_gap_rel' deprecated, please use 'mip_opt_gap_rel'.
WARNING:  Option 'mip_integral_gap_abs' deprecated, please use 'mip_opt_gap_abs'.
WARNING:  Option 'mip_integral_gap_rel' deprecated, please use 'mip_opt_gap_rel'.
WARNING:  Option 'mip_integral_gap_abs' deprecated, please use 'mip_opt_gap_abs'.
WARNING:  Option 'mip_integral_gap_rel' deprecated, please use 'mip_opt_gap_rel'.
WARNING:  Option 'mip_integral_gap_abs' deprecated, please use 'mip_opt_gap_abs'.
WARNING:  Option 'mip_integral_gap_rel' deprecated, please use 'mip_opt_gap_rel'.
WARNING:  Option 'mip_integral_gap_abs' deprecated, please use 'mip_opt_gap_abs'.
WARNING:  Option 'mip_integral_gap_rel' deprecated, please use 'mip_opt_gap_rel'.
     158    8.929561e-01   0.000e+00   3.138e-04   1.195e-12       11
WARNING:  Option 'mip_integral_gap_abs' deprecated, please use 'mip_opt_gap_abs'.
WARNING:  Option 'mip_integral_gap_rel' deprecated, please use 'mip_opt_gap_rel'.
WARNING:  Option 'mip_integral_gap_abs' deprecated, please use 'mip_opt_gap_abs'.
WARNING:  Option 'mip_integral_gap_rel' deprecated, please use 'mip_opt_gap_rel'.
WARNING:  Option 'mip_integral_gap_abs' deprecated, please use 'mip_opt_gap_abs'.
WARNING:  Option 'mip_integral_gap_rel' deprecated, please use 'mip_opt_gap_rel'.
WARNING:  Option 'mip_integral_gap_abs' deprecated, please use 'mip_opt_gap_abs'.
WARNING:  Option 'mip_integral_gap_rel' deprecated, please use 'mip_opt_gap_rel'.
WARNING:  Option 'mip_integral_gap_abs' deprecated, please use 'mip_opt_gap_abs'.
WARNING:  Option 'mip_integral_gap_rel' deprecated, please use 'mip_opt_gap_rel'.
WARNING:  Option 'mip_integral_gap_abs' deprecated, please use 'mip_opt_gap_abs'.
WARNING:  Option 'mip_integral_gap_rel' deprecated, please use 'mip_opt_gap_rel'.
     159    8.929561e-01   0.000e+00   3.138e-04   2.091e-12        3
WARNING:  Option 'mip_integral_gap_abs' deprecated, please use 'mip_opt_gap_abs'.
WARNING:  Option 'mip_integral_gap_rel' deprecated, please use 'mip_opt_gap_rel'.
WARNING:  Option 'mip_integral_gap_abs' deprecated, please use 'mip_opt_gap_abs'.
WARNING:  Option 'mip_integral_gap_rel' deprecated, please use 'mip_opt_gap_rel'.
WARNING:  Option 'mip_integral_gap_abs' deprecated, please use 'mip_opt_gap_abs'.
WARNING:  Option 'mip_integral_gap_rel' deprecated, please use 'mip_opt_gap_rel'.
WARNING:  Option 'mip_integral_gap_abs' deprecated, please use 'mip_opt_gap_abs'.
WARNING:  Option 'mip_integral_gap_rel' deprecated, please use 'mip_opt_gap_rel'.
     160    8.929561e-01   0.000e+00   3.138e-04   8.570e-16        0
WARNING:  Option 'mip_integral_gap_abs' deprecated, please use 'mip_opt_gap_abs'.
WARNING:  Option 'mip_integral_gap_rel' deprecated, please use 'mip_opt_gap_rel'.
WARNING:  Option 'mip_integral_gap_abs' deprecated, please use 'mip_opt_gap_abs'.
WARNING:  Option 'mip_integral_gap_rel' deprecated, please use 'mip_opt_gap_rel'.
WARNING:  Option 'mip_integral_gap_abs' deprecated, please use 'mip_opt_gap_abs'.
WARNING:  Option 'mip_integral_gap_rel' deprecated, please use 'mip_opt_gap_rel'.
WARNING:  Option 'mip_integral_gap_abs' deprecated, please use 'mip_opt_gap_abs'.
WARNING:  Option 'mip_integral_gap_rel' deprecated, please use 'mip_opt_gap_rel'.
WARNING:  Option 'mip_integral_gap_abs' deprecated, please use 'mip_opt_gap_abs'.
WARNING:  Option 'mip_integral_gap_rel' deprecated, please use 'mip_opt_gap_rel'.
WARNING:  Option 'mip_integral_gap_abs' deprecated, please use 'mip_opt_gap_abs'.
WARNING:  Option 'mip_integral_gap_rel' deprecated, please use 'mip_opt_gap_rel'.
WARNING:  Option 'mip_integral_gap_abs' deprecated, please use 'mip_opt_gap_abs'.
WARNING:  Option 'mip_integral_gap_rel' deprecated, please use 'mip_opt_gap_rel'.
WARNING:  Option 'mip_integral_gap_abs' deprecated, please use 'mip_opt_gap_abs'.
WARNING:  Option 'mip_integral_gap_rel' deprecated, please use 'mip_opt_gap_rel'.
WARNING:  Option 'mip_integral_gap_abs' deprecated, please use 'mip_opt_gap_abs'.
WARNING:  Option 'mip_integral_gap_rel' deprecated, please use 'mip_opt_gap_rel'.
WARNING:  Option 'mip_integral_gap_abs' deprecated, please use 'mip_opt_gap_abs'.
WARNING:  Option 'mip_integral_gap_rel' deprecated, please use 'mip_opt_gap_rel'.
     161    8.929561e-01   0.000e+00   3.138e-04   1.829e-12        5
WARNING:  Option 'mip_integral_gap_abs' deprecated, please use 'mip_opt_gap_abs'.
WARNING:  Option 'mip_integral_gap_rel' deprecated, please use 'mip_opt_gap_rel'.
WARNING:  Option 'mip_integral_gap_abs' deprecated, please use 'mip_opt_gap_abs'.
WARNING:  Option 'mip_integral_gap_rel' deprecated, please use 'mip_opt_gap_rel'.
WARNING:  Option 'mip_integral_gap_abs' deprecated, please use 'mip_opt_gap_abs'.
WARNING:  Option 'mip_integral_gap_rel' deprecated, please use 'mip_opt_gap_rel'.
WARNING:  Option 'mip_integral_gap_abs' deprecated, please use 'mip_opt_gap_abs'.
WARNING:  Option 'mip_integral_gap_rel' deprecated, please use 'mip_opt_gap_rel'.
WARNING:  Option 'mip_integral_gap_abs' deprecated, please use 'mip_opt_gap_abs'.
WARNING:  Option 'mip_integral_gap_rel' deprecated, please use 'mip_opt_gap_rel'.
WARNING:  Option 'mip_integral_gap_abs' deprecated, please use 'mip_opt_gap_abs'.
WARNING:  Option 'mip_integral_gap_rel' deprecated, please use 'mip_opt_gap_rel'.
WARNING:  Option 'mip_integral_gap_abs' deprecated, please use 'mip_opt_gap_abs'.
WARNING:  Option 'mip_integral_gap_rel' deprecated, please use 'mip_opt_gap_rel'.
WARNING:  Option 'mip_integral_gap_abs' deprecated, please use 'mip_opt_gap_abs'.
WARNING:  Option 'mip_integral_gap_rel' deprecated, please use 'mip_opt_gap_rel'.
WARNING:  Option 'mip_integral_gap_abs' deprecated, please use 'mip_opt_gap_abs'.
WARNING:  Option 'mip_integral_gap_rel' deprecated, please use 'mip_opt_gap_rel'.
WARNING:  Option 'mip_integral_gap_abs' deprecated, please use 'mip_opt_gap_abs'.
WARNING:  Option 'mip_integral_gap_rel' deprecated, please use 'mip_opt_gap_rel'.
WARNING:  Option 'mip_integral_gap_abs' deprecated, please use 'mip_opt_gap_abs'.
WARNING:  Option 'mip_integral_gap_rel' deprecated, please use 'mip_opt_gap_rel'.
WARNING:  Option 'mip_integral_gap_abs' deprecated, please use 'mip_opt_gap_abs'.
WARNING:  Option 'mip_integral_gap_rel' deprecated, please use 'mip_opt_gap_rel'.
WARNING:  Option 'mip_integral_gap_abs' deprecated, please use 'mip_opt_gap_abs'.
WARNING:  Option 'mip_integral_gap_rel' deprecated, please use 'mip_opt_gap_rel'.
WARNING:  Option 'mip_integral_gap_abs' deprecated, please use 'mip_opt_gap_abs'.
WARNING:  Option 'mip_integral_gap_rel' deprecated, please use 'mip_opt_gap_rel'.
WARNING:  Option 'mip_integral_gap_abs' deprecated, please use 'mip_opt_gap_abs'.
WARNING:  Option 'mip_integral_gap_rel' deprecated, please use 'mip_opt_gap_rel'.
WARNING:  Option 'mip_integral_gap_abs' deprecated, please use 'mip_opt_gap_abs'.
WARNING:  Option 'mip_integral_gap_rel' deprecated, please use 'mip_opt_gap_rel'.
WARNING:  Option 'mip_integral_gap_abs' deprecated, please use 'mip_opt_gap_abs'.
WARNING:  Option 'mip_integral_gap_rel' deprecated, please use 'mip_opt_gap_rel'.
WARNING:  Option 'mip_integral_gap_abs' deprecated, please use 'mip_opt_gap_abs'.
WARNING:  Option 'mip_integral_gap_rel' deprecated, please use 'mip_opt_gap_rel'.
     162    8.929561e-01   0.000e+00   3.138e-04   0.000e+00        9
WARNING:  Option 'mip_integral_gap_abs' deprecated, please use 'mip_opt_gap_abs'.
WARNING:  Option 'mip_integral_gap_rel' deprecated, please use 'mip_opt_gap_rel'.
WARNING:  Option 'mip_integral_gap_abs' deprecated, please use 'mip_opt_gap_abs'.
WARNING:  Option 'mip_integral_gap_rel' deprecated, please use 'mip_opt_gap_rel'.
WARNING:  Option 'mip_integral_gap_abs' deprecated, please use 'mip_opt_gap_abs'.
WARNING:  Option 'mip_integral_gap_rel' deprecated, please use 'mip_opt_gap_rel'.
WARNING:  Option 'mip_integral_gap_abs' deprecated, please use 'mip_opt_gap_abs'.
WARNING:  Option 'mip_integral_gap_rel' deprecated, please use 'mip_opt_gap_rel'.
WARNING:  Option 'mip_integral_gap_abs' deprecated, please use 'mip_opt_gap_abs'.
WARNING:  Option 'mip_integral_gap_rel' deprecated, please use 'mip_opt_gap_rel'.
WARNING:  Option 'mip_integral_gap_abs' deprecated, please use 'mip_opt_gap_abs'.
WARNING:  Option 'mip_integral_gap_rel' deprecated, please use 'mip_opt_gap_rel'.
WARNING:  Option 'mip_integral_gap_abs' deprecated, please use 'mip_opt_gap_abs'.
WARNING:  Option 'mip_integral_gap_rel' deprecated, please use 'mip_opt_gap_rel'.
WARNING:  Option 'mip_integral_gap_abs' deprecated, please use 'mip_opt_gap_abs'.
WARNING:  Option 'mip_integral_gap_rel' deprecated, please use 'mip_opt_gap_rel'.
WARNING:  Option 'mip_integral_gap_abs' deprecated, please use 'mip_opt_gap_abs'.
WARNING:  Option 'mip_integral_gap_rel' deprecated, please use 'mip_opt_gap_rel'.
WARNING:  Option 'mip_integral_gap_abs' deprecated, please use 'mip_opt_gap_abs'.
WARNING:  Option 'mip_integral_gap_rel' deprecated, please use 'mip_opt_gap_rel'.
WARNING:  Option 'mip_integral_gap_abs' deprecated, please use 'mip_opt_gap_abs'.
WARNING:  Option 'mip_integral_gap_rel' deprecated, please use 'mip_opt_gap_rel'.
WARNING:  Option 'mip_integral_gap_abs' deprecated, please use 'mip_opt_gap_abs'.
WARNING:  Option 'mip_integral_gap_rel' deprecated, please use 'mip_opt_gap_rel'.
WARNING:  Option 'mip_integral_gap_abs' deprecated, please use 'mip_opt_gap_abs'.
WARNING:  Option 'mip_integral_gap_rel' deprecated, please use 'mip_opt_gap_rel'.
WARNING:  Option 'mip_integral_gap_abs' deprecated, please use 'mip_opt_gap_abs'.
WARNING:  Option 'mip_integral_gap_rel' deprecated, please use 'mip_opt_gap_rel'.
WARNING:  Option 'mip_integral_gap_abs' deprecated, please use 'mip_opt_gap_abs'.
WARNING:  Option 'mip_integral_gap_rel' deprecated, please use 'mip_opt_gap_rel'.
     163    8.929561e-01   0.000e+00   3.138e-04   1.465e-08        1

EXIT: Time limit reached. Current point is feasible.

Final Statistics
----------------
Final objective value               =   8.92956082729395e-01
Final feasibility error (abs / rel) =   0.00e+00 / 0.00e+00
Final optimality error  (abs / rel) =   3.14e-04 / 3.14e-04
# of iterations                     =        163 
# of CG iterations                  =        178 
# of function evaluations           =        574
# of gradient evaluations           =        163
Total program time (secs)           =      90.10860 (  1953.949 CPU time)
Time spent in evaluations (secs)    =      89.62913

===============================================================================

