idx,kind,gamma_focal_prime,Delta,feasible,inner_status,gravity_value
1,F,0.9609650007465946,0.0010029941762691214,true,0,-6.992571199895687e-18
2,G+,0.9709650007465946,0.03207193229632861,true,0,-6.992571199895687e-18
3,G-,0.9509650007465946,0.024374253441225062,true,0,-6.992571199895687e-18
4,G+,0.9609650007465946,0.0013265059957249415,true,0,-4.39440693035531e-18
5,G-,0.9609650007465946,0.0020000616932650526,true,0,-6.10202535201998e-18
6,G+,0.9609650007465946,0.0011525829706142215,true,0,-6.965998958219366e-18
7,G-,0.9609650007465946,0.001173459482672628,true,0,-5.4667506415792544e-18
8,G+,0.9609650007465946,0.0015227530518565834,true,0,-4.689174395999807e-18
9,G-,0.9609650007465946,0.002078733352478511,true,0,-6.323524467726979e-18
10,G+,0.9609650007465946,0.000979792429483933,true,0,-5.1088792213643125e-18
11,G-,0.9609650007465946,0.0010562166040006596,true,0,-5.188923834879844e-18
12,G+,0.9609650007465946,0.0011660556389156598,true,0,-6.7923572040322344e-18
13,G-,0.9609650007465946,0.0008946614335546499,true,0,-5.409999434113216e-18
14,G+,0.9609650007465946,0.0010702700489887693,true,0,-6.083390627180385e-18
15,G-,0.9609650007465946,0.0011101255110521472,true,0,-6.325642050095115e-18
16,G+,0.9609650007465946,0.001090238802953586,true,0,-7.960415638295915e-18
17,G-,0.9609650007465946,0.0009622411978362941,true,0,-6.635656108790189e-18
18,G+,0.9609650007465946,0.0010749335243080715,true,0,-7.041384890524999e-18
19,G-,0.9609650007465946,0.0009421915513053454,true,0,-6.7559347873002995e-18
20,G+,0.9609650007465946,0.001670980186316868,true,0,-4.6887508795261795e-18
21,G-,0.9609650007465946,0.0016182171402580284,true,0,-5.8932317305217946e-18
22,G+,0.9609650007465946,0.0011721264855404612,true,0,-7.962109704190423e-18
23,G-,0.9609650007465946,0.0010435636299544926,true,0,-7.218414776501147e-18
24,G+,0.9609650007465946,0.0018705946411003262,true,0,-5.193158999616115e-18
25,G-,0.9609650007465946,0.0016727510087268407,true,0,-5.570088661144279e-18
26,G+,0.9609650007465946,0.001025807417278245,true,0,-6.43194468497553e-18
27,G-,0.9609650007465946,0.0010024350729592611,true,0,-5.5683945952497704e-18
28,G+,0.9609650007465946,0.0009952467365300433,true,0,-4.0200183676689094e-18
29,G-,0.9609650007465946,0.0009951219649436773,true,0,-3.9590319954666e-18
30,G+,0.9609650007465946,0.0009629505049907558,true,0,-6.5755167695351335e-18
31,G-,0.9609650007465946,0.0010306100881371835,true,0,-7.116770822830631e-18
32,G+,0.9609650007465946,0.0010337473074853454,true,0,-7.22921444657864e-18
33,G-,0.9609650007465946,0.0009446879596790265,true,0,-5.275109437262969e-18
34,G+,0.9709650007465946,0.03207193229632858,true,0,-6.992571199895687e-18
35,G-,0.9509650007465946,0.024374253441225024,true,0,-6.992571199895687e-18
36,G+,0.9609650007465946,0.0013265059957248968,true,0,-4.39440693035531e-18
37,G-,0.9609650007465946,0.0020000616932651055,true,0,-6.10202535201998e-18
38,G+,0.9609650007465946,0.001152582970614213,true,0,-6.965998958219366e-18
39,G-,0.9609650007465946,0.0011734594826726483,true,0,-5.4667506415792544e-18
40,G+,0.9609650007465946,0.0015227530518566225,true,0,-4.689174395999807e-18
41,G-,0.9609650007465946,0.002078733352478611,true,0,-6.323524467726979e-18
42,G+,0.9609650007465946,0.000979792429483945,true,0,-5.1088792213643125e-18
43,G-,0.9609650007465946,0.0010562166040006713,true,0,-5.188923834879844e-18
44,G+,0.9609650007465946,0.0011660556389156776,true,0,-6.7923572040322344e-18
45,G-,0.9609650007465946,0.000894661433554641,true,0,-5.409999434113216e-18
46,G+,0.9609650007465946,0.0010702700489887867,true,0,-6.083390627180385e-18
47,G-,0.9609650007465946,0.0011101255110521455,true,0,-6.325642050095115e-18
48,G+,0.9609650007465946,0.0010902388029535935,true,0,-7.960415638295915e-18
49,G-,0.9609650007465946,0.0009622411978362879,true,0,-6.635656108790189e-18
50,G+,0.9609650007465946,0.0010749335243080648,true,0,-7.041384890524999e-18
51,G-,0.9609650007465946,0.0009421915513053382,true,0,-6.7559347873002995e-18
52,G+,0.9609650007465946,0.0016709801863168637,true,0,-4.6887508795261795e-18
53,G-,0.9609650007465946,0.001618217140258027,true,0,-5.8932317305217946e-18
54,G+,0.9609650007465946,0.0011721264855404376,true,0,-7.962109704190423e-18
55,G-,0.9609650007465946,0.0010435636299544794,true,0,-7.218414776501147e-18
56,G+,0.9609650007465946,0.0018705946411002267,true,0,-5.193158999616115e-18
57,G-,0.9609650007465946,0.0016727510087268358,true,0,-5.570088661144279e-18
58,G+,0.9609650007465946,0.0010258074172782411,true,0,-6.43194468497553e-18
59,G-,0.9609650007465946,0.0010024350729592624,true,0,-5.5683945952497704e-18
60,G+,0.9609650007465946,0.0009952467365300414,true,0,-4.0200183676689094e-18
61,G-,0.9609650007465946,0.000995121964943678,true,0,-3.9590319954666e-18
62,G+,0.9609650007465946,0.000962950504990748,true,0,-6.5755167695351335e-18
63,G-,0.9609650007465946,0.0010306100881372028,true,0,-7.116770822830631e-18
64,G+,0.9609650007465946,0.0010337473074853599,true,0,-7.22921444657864e-18
65,G-,0.9609650007465946,0.0009446879596790293,true,0,-5.275109437262969e-18
66,G+,0.9709650003112262,0.03207192948720001,true,0,-5.8667078808537974e-18
67,G-,0.9509650003112262,0.02437425538419643,true,0,-5.8667078808537974e-18
68,G+,0.9609650003112262,0.0013265064187587918,true,0,-7.658871909073384e-18
69,G-,0.9609650003112262,0.002000060694542703,true,0,-4.568048684542442e-18
70,G+,0.9609650003112262,0.0011525829849258866,true,0,-5.825892611215078e-18
71,G-,0.9609650003112262,0.0011734589455594342,true,0,-5.000035487642135e-18
72,G+,0.9609650003112262,0.0015227535616933136,true,0,-6.2371271071070405e-18
73,G-,0.9609650003112262,0.002078732308499241,true,0,-5.496820311206782e-18
74,G+,0.9609650003112262,0.0009797922168162103,true,0,-8.883258034329475e-18
75,G-,0.9609650003112262,0.00105621627150735,true,0,-5.8025992051655845e-18
76,G+,0.9609650003112262,0.0011660553333424084,true,0,-5.7378011847006305e-18
77,G-,0.9609650003112262,0.0008946612052885138,true,0,-4.5926126400128164e-18
78,G+,0.9609650003112262,0.0010702698026060962,true,0,-6.261267546103788e-18
79,G-,0.9609650003112262,0.0011101252287854103,true,0,-7.874018277675976e-18
80,G+,0.9609650003112262,0.00109023851757321,true,0,-6.22230403053009e-18
81,G-,0.9609650003112262,0.0009622409547492177,true,0,-7.174369063243924e-18
82,G+,0.9609650003112262,0.001074933249100282,true,0,-5.792011293324906e-18
83,G-,0.9609650003112262,0.0009421912944938637,true,0,-5.733566019964359e-18
84,G+,0.9609650003112262,0.0016709792472160408,true,0,-6.259996996682907e-18
85,G-,0.9609650003112262,0.0016182175523390611,true,0,-5.353248226647178e-18
86,G+,0.9609650003112262,0.0011721259831692246,true,0,-5.929230630780102e-18
87,G-,0.9609650003112262,0.0010435636269819758,true,0,-7.467442462993912e-18
88,G+,0.9609650003112262,0.001870593697975409,true,0,-6.763558083825588e-18
89,G-,0.9609650003112262,0.0016727515033431752,true,0,-5.446421850845151e-18
90,G+,0.9609650003112262,0.0010258070750050912,true,0,-6.033203925055568e-18
91,G-,0.9609650003112262,0.0010024348634063499,true,0,-6.545235341670792e-18
92,G+,0.9609650003112262,0.0009952464642504477,true,0,-7.053243351786559e-18
93,G-,0.9609650003112262,0.0009951217039179316,true,0,-5.383741412748333e-18
94,G+,0.9609650003112262,0.0009629502258850716,true,0,-6.2087515033740215e-18
95,G-,0.9609650003112262,0.0010306098312060682,true,0,-5.834362940687621e-18
96,G+,0.9609650003112262,0.0010337470360101619,true,0,-5.519690200782648e-18
97,G-,0.9609650003112262,0.0009446876967583571,true,0,-5.8106460181645e-18
98,G+,0.9709649963100555,0.032071906349511584,true,0,-3.4404304674227998e-18
99,G-,0.9509649963100555,0.02437427380794447,true,0,-3.4404304674227998e-18
100,G+,0.9609649963100555,0.001326501506235429,true,0,-6.813533027713592e-18
101,G-,0.9609649963100555,0.002000064208475606,true,0,-7.560616087191885e-18
102,G+,0.9609649963100555,0.0011525804833569598,true,0,-5.332072402965821e-18
103,G-,0.9609649963100555,0.0011734597122440686,true,0,-2.346281263894412e-18
104,G+,0.9609649963100555,0.001522747701153577,true,0,-3.841294415798252e-19
105,G-,0.9609649963100555,0.00207873655125033,true,0,-6.146071065277203e-18
106,G+,0.9609649963100555,0.0009797909083059087,true,0,-1.7067713887174152e-18
107,G-,0.9609649963100555,0.0010562158863389448,true,0,-4.097098365869051e-18
108,G+,0.9609649963100555,0.0011660543559902919,true,0,-4.9339669177562995e-18
109,G-,0.9609649963100555,0.0008946604194925193,true,0,-2.2124500582282325e-18
110,G+,0.9609649963100555,0.0010702691753527224,true,0,-4.106415728288848e-18
111,G-,0.9609649963100555,0.0011101240817447248,true,0,-6.523847759752621e-18
112,G+,0.9609649963100555,0.0010902374187934196,true,0,-3.3610267347050637e-18
113,G-,0.9609649963100555,0.000962240373697065,true,0,-3.698145847712275e-18
114,G+,0.9609649963100555,0.0010749323328501008,true,0,-3.761673318756348e-18
115,G-,0.9609649963100555,0.000942190499396159,true,0,-6.635656108790189e-18
116,G+,0.9609649963100555,0.0016709830505467211,true,0,2.6977999370049466e-19
117,G-,0.9609649963100555,0.0016182120424735689,true,0,-5.919489751886678e-18
118,G+,0.9609649963100555,0.0011721267125780253,true,0,-3.8014838672773e-18
119,G-,0.9609649963100555,0.0010435609951244668,true,0,-4.2825985813177425e-18
120,G+,0.9609649963100555,0.0018705978855098955,true,0,-5.496396794733155e-18
121,G-,0.9609649963100555,0.001672745087795481,true,0,-7.542828395299545e-18
122,G+,0.9609649963100555,0.0010258067091310637,true,0,-4.224365066194009e-18
123,G-,0.9609649963100555,0.0010024336118772468,true,0,-6.5700110553779806e-18
124,G+,0.9609649963100555,0.0009952455262007406,true,0,-4.627340990850243e-18
125,G-,0.9609649963100555,0.0009951209067003521,true,0,-4.825123184034122e-18
126,G+,0.9609649963100555,0.0009629492362759048,true,0,-3.7633673846508564e-18
127,G-,0.9609649963100555,0.0010306090679675084,true,0,-6.425591937871122e-18
128,G+,0.9609649963100555,0.0010337461262341287,true,0,-5.391152951036808e-18
129,G-,0.9609649963100555,0.0009446868572739169,true,0,-2.77382114402102e-18
130,G+,0.9709650007066493,0.032071932851603945,true,0,-6.301346189192706e-18
131,G-,0.9509650007066492,0.02437425299932128,true,0,-6.301346189192706e-18
132,G+,0.9609650007066493,0.0013265057119307678,true,0,-3.9861370497787374e-18
133,G-,0.9609650007066493,0.002000062122301671,true,0,-4.7959005473538485e-18
134,G+,0.9609650007066493,0.0011525829121248818,true,0,-6.949905332221534e-18
135,G-,0.9609650007066493,0.0011734596631798827,true,0,-7.66988333738769e-18
136,G+,0.9609650007066493,0.001522752729694345,true,0,-7.320058730171664e-18
137,G-,0.9609650007066493,0.002078733798083565,true,0,-6.360370400932541e-18
138,G+,0.9609650007066493,0.0009797924696699446,true,0,-5.93558337788451e-18
139,G-,0.9609650007066493,0.0010562166919915541,true,0,-6.6005042414791354e-18
140,G+,0.9609650007066493,0.0011660557033569272,true,0,-7.211638512923113e-18
141,G-,0.9609650007066493,0.0008946614923325864,true,0,-8.019707944603716e-18
142,G+,0.9609650007066493,0.0010702700583755784,true,0,-8.067141789649956e-18
143,G-,0.9609650007066493,0.0011101256226389651,true,0,-7.738493006115288e-18
144,G+,0.9609650007066493,0.0010902388594391554,true,0,-7.564004218980902e-18
145,G-,0.9609650007066493,0.0009622412627494391,true,0,-6.088472824863911e-18
146,G+,0.9609650007066493,0.0010749335799211449,true,0,-8.6075488099982e-18
147,G-,0.9609650007066493,0.0009421916185522361,true,0,-7.582638943820497e-18
148,G+,0.9609650007066493,0.0016709805925717773,true,0,-6.3862049058237974e-18
149,G-,0.9609650007066493,0.0016182168547169689,true,0,-6.644973471209986e-18
150,G+,0.9609650007066493,0.0011721266747539332,true,0,-7.125241152303174e-18
151,G-,0.9609650007066493,0.0010435635476098918,true,0,-5.942783157936171e-18
152,G+,0.9609650007066493,0.001870595039398801,true,0,-6.568740505957099e-18
153,G-,0.9609650007066493,0.00167275068655079,true,0,-6.032568650345127e-18
154,G+,0.9609650007066493,0.0010258075225863408,true,0,-5.275532953736596e-18
155,G-,0.9609650007066493,0.0010024351020817693,true,0,-9.285810442512081e-18
156,G+,0.9609650007066493,0.0009952468068548425,true,0,-4.8492636230308694e-18
157,G-,0.9609650007066493,0.0009951220186643305,true,0,-5.146995703990756e-18
158,G+,0.9609650007066493,0.0009629505805848625,true,0,-4.710350219681164e-18
159,G-,0.9609650007066493,0.0010306101388436542,true,0,-7.371727739954176e-18
160,G+,0.9609650007066493,0.0010337473774641175,true,0,-3.8127070538284194e-18
161,G-,0.9609650007066493,0.0009446880130530917,true,0,-8.262171125755259e-18
162,G+,0.9709650001590251,0.03207194060175816,true,0,-7.774714909096861e-18
163,G-,0.9509650001590251,0.024374245018952728,true,0,-7.774714909096861e-18
164,G+,0.9609650001590251,0.0013265071113219146,true,0,-7.231967303657216e-18
165,G-,0.9609650001590251,0.002000060555448748,true,0,-6.2875255674686714e-18
166,G+,0.9609650001590251,0.0011525837830881306,true,0,-6.0257923867670926e-18
167,G-,0.9609650001590251,0.001173458804340003,true,0,-5.989369970035158e-18
168,G+,0.9609650001590251,0.0015227546977637759,true,0,-9.213177367285025e-18
169,G-,0.9609650001590251,0.002078731716643059,true,0,-7.540287296457782e-18
170,G+,0.9609650001590251,0.0009797927335279438,true,0,-7.476759825413709e-18
171,G-,0.9609650001590251,0.0010562163770169478,true,0,-6.6919837997826e-18
172,G+,0.9609650001590251,0.001166055582631801,true,0,-5.677661845445575e-18
173,G-,0.9609650001590251,0.0008946615969527168,true,0,-5.987675904140649e-18
174,G+,0.9609650001590251,0.001070269187915679,true,0,-8.102717173434637e-18
175,G-,0.9609650001590251,0.0011101264814768704,true,0,-5.041540102057596e-18
176,G+,0.9609650001590251,0.0010902388157959563,true,0,-8.453388813597917e-18
177,G-,0.9609650001590251,0.0009622412403626,true,0,-8.931115395849343e-18
178,G+,0.9609650001590251,0.001074933455529284,true,0,-7.802867510106615e-18
179,G-,0.9609650001590251,0.0009421916986452144,true,0,-8.659217819780712e-18
180,G+,0.9609650001590251,0.0016709788199127374,true,0,-8.928150780533953e-18
181,G-,0.9609650001590251,0.0016182185743251535,true,0,-7.690212128121793e-18
182,G+,0.9609650001590251,0.0011721261734521024,true,0,-8.453388813597917e-18
183,G-,0.9609650001590251,0.0010435640410840937,true,0,-8.64312419378288e-18
184,G+,0.9609650001590251,0.0018705928436340592,true,0,-8.339886398665841e-18
185,G-,0.9609650001590251,0.001672752949576047,true,0,-9.762054717105811e-18
186,G+,0.9609650001590251,0.0010258073991484492,true,0,-7.387821365952008e-18
187,G-,0.9609650001590251,0.0010024351821969265,true,0,-1.0611205246728247e-17
188,G+,0.9609650001590251,0.0009952469385976922,true,0,-6.69791303041338e-18
189,G-,0.9609650001590251,0.0009951218702864576,true,0,-6.567893473009845e-18
190,G+,0.9609650001590251,0.0009629507940166749,true,0,-7.908746628513402e-18
191,G-,0.9609650001590251,0.0010306099402253239,true,0,-9.575707468709865e-18
192,G+,0.9609650001590251,0.0010337474902741743,true,0,-7.822772784367091e-18
193,G-,0.9609650001590251,0.0009446878754863197,true,0,-7.107029943937207e-18
194,G+,0.9709650006046642,0.03207193301379854,true,0,-5.922148105195857e-18
195,G-,0.9509650006046642,0.024374252887245696,true,0,-5.922148105195857e-18
196,G+,0.9609650006046642,0.0013265050601226874,true,0,-4.698491758419604e-18
197,G-,0.9609650006046642,0.0020000632782916617,true,0,-5.6530978899752005e-18
198,G+,0.9609650006046642,0.0011525827214635687,true,0,-5.928383597832848e-18
199,G-,0.9609650006046642,0.0011734602937074825,true,0,-7.308200268910103e-18
200,G+,0.9609650006046642,0.0015227519746693586,true,0,-3.998842543987552e-18
201,G-,0.9609650006046642,0.0020787350151945947,true,0,-4.920414390600231e-18
202,G+,0.9609650006046642,0.0009797925788453193,true,0,-1.7055008392965337e-18
203,G-,0.9609650006046642,0.0010562170530252618,true,0,-6.8546141256554255e-18
204,G+,0.9609650006046642,0.001166056006141044,true,0,-5.2270403175062874e-18
205,G-,0.9609650006046642,0.000894661635194741,true,0,-7.36071631163987e-18
206,G+,0.9609650006046642,0.0010702704249297478,true,0,-4.145379243862546e-18
207,G-,0.9609650006046642,0.0011101257048135706,true,0,-2.3818566476790926e-18
208,G+,0.9609650006046642,0.0010902391307739338,true,0,-5.22958141634805e-18
209,G-,0.9609650006046642,0.0009622414620148605,true,0,-5.2837915249723255e-18
210,G+,0.9609650006046642,0.0010749338410606527,true,0,-6.264655677892805e-18
211,G-,0.9609650006046642,0.0009421918178410057,true,0,-6.994798078426012e-18
212,G+,0.9609650006046642,0.0016709817091994125,true,0,-3.618101234196744e-18
213,G-,0.9609650006046642,0.0016182161874359962,true,0,-4.96657768622559e-18
214,G+,0.9609650006046642,0.0011721271736226636,true,0,-5.082197683525802e-18
215,G-,0.9609650006046642,0.0010435634729079432,true,0,-4.785736151986797e-18
216,G+,0.9609650006046642,0.001870596146915935,true,0,-6.173176119589341e-18
217,G-,0.9609650006046642,0.0016727499336454139,true,0,-5.978358541720852e-18
218,G+,0.9609650006046642,0.0010258078145346696,true,0,-4.206153857828042e-18
219,G-,0.9609650006046642,0.0010024352935322327,true,0,-3.738591670943668e-18
220,G+,0.9609650006046642,0.000995246993209026,true,0,-5.195276581984251e-18
221,G-,0.9609650006046642,0.0009951222920827447,true,0,-6.492507540704212e-18
222,G+,0.9609650006046642,0.0009629507871202308,true,0,-6.710195008148567e-18
223,G-,0.9609650006046642,0.0010306103915995273,true,0,-6.337500511356675e-18
224,G+,0.9609650006046642,0.0010337475722018547,true,0,-4.497109675209894e-18
225,G-,0.9609650006046642,0.0009446882776072161,true,0,-3.011625643962665e-18
226,G+,0.9709650001779695,0.03207193223546807,true,0,-4.477852514730812e-18
227,G-,0.9509650001779695,0.02437425195295824,true,0,-4.477852514730812e-18
228,G+,0.9609650001779695,0.0013265075603165362,true,0,-2.7816561987831223e-18
229,G-,0.9609650001779695,0.002000060474763087,true,0,-5.7208605257555445e-18
230,G+,0.9609650001779695,0.0011525834888703006,true,0,-5.8843378845756245e-18
231,G-,0.9609650001779695,0.001173459445025087,true,0,-6.2832904027324e-18
232,G+,0.9609650001779695,0.0015227550714413138,true,0,-5.464633059211119e-18
233,G-,0.9609650001779695,0.0020787317943249204,true,0,-5.2952264697602586e-18
234,G+,0.9609650001779695,0.0009797926188954966,true,0,-6.751276106090401e-18
235,G-,0.9609650001779695,0.0010562169054954555,true,0,-5.206288010298557e-18
236,G+,0.9609650001779695,0.0011660561048496615,true,0,-5.8843378845756245e-18
237,G-,0.9609650001779695,0.0008946614347798307,true,0,-5.844527336054672e-18
238,G+,0.9609650001779695,0.0010702708584925708,true,0,-2.447925217564928e-18
239,G-,0.9609650001779695,0.001110125214374314,true,0,-4.9907181252223376e-18
240,G+,0.9609650001779695,0.0010902392847251217,true,0,-4.518073740654438e-18
241,G-,0.9609650001779695,0.0009622412799488813,true,0,-5.609052176717977e-18
242,G+,0.9609650001779695,0.0010749339081497194,true,0,-3.404225415015033e-18
243,G-,0.9609650001779695,0.0009421916842280524,true,0,-5.209252625613947e-18
244,G+,0.9609650001779695,0.0016709789069730809,true,0,-5.606511077876214e-18
245,G-,0.9609650001779695,0.0016182189048180402,true,0,-5.1541954840424176e-18
246,G+,0.9609650001779695,0.0011721260373265742,true,0,-3.9302328752599536e-18
247,G-,0.9609650001779695,0.0010435646506915073,true,0,-5.1736772418292665e-18
248,G+,0.9609650001779695,0.001870593068623703,true,0,-6.393404685875459e-18
249,G-,0.9609650001779695,0.00167275326864511,true,0,-3.914986282209376e-18
250,G+,0.9609650001779695,0.0010258073413074238,true,0,-4.972083400382743e-18
251,G-,0.9609650001779695,0.0010024356321927505,true,0,-5.44811591673966e-18
252,G+,0.9609650001779695,0.0009952468060033727,true,0,-4.2148359455373985e-18
253,G-,0.9609650001779695,0.000995122417889435,true,0,-4.4829218733433845e-18
254,G+,0.9609650001779695,0.0009629506751107123,true,0,-3.198396408832238e-18
255,G-,0.9609650001779695,0.0010306104368728558,true,0,-5.206711526772184e-18
256,G+,0.9609650001779695,0.0010337474053250587,true,0,-6.1380242522782874e-18
257,G-,0.9609650001779695,0.0009446883833006809,true,0,-5.1582188905418755e-18
258,G+,0.9709650006762599,0.03207193229031882,true,0,-5.84963786063521e-18
259,G-,0.9509650006762599,0.02437425365482182,true,0,-5.84963786063521e-18
260,G+,0.9609650006762599,0.001326504348385191,true,0,-4.407959457511379e-18
261,G-,0.9609650006762599,0.0020000641472128363,true,0,-6.928729508540177e-18
262,G+,0.9609650006762599,0.0011525824265441744,true,0,-4.336808689942018e-18
263,G-,0.9609650006762599,0.0011734606703597927,true,0,-6.632267977001172e-18
264,G+,0.9609650006762599,0.0015227510447871511,true,0,-3.601584091725285e-18
265,G-,0.9609650006762599,0.0020787360577923897,true,0,-6.127436340437609e-18
266,G+,0.9609650006762599,0.00097979251651981,true,0,-6.480225562969025e-18
267,G-,0.9609650006762599,0.0010562172137929596,true,0,-6.870707751653257e-18
268,G+,0.9609650006762599,0.0011660560478580775,true,0,-4.509603411181895e-18
269,G-,0.9609650006762599,0.0008946616822176609,true,0,-6.589069296691202e-18
270,G+,0.9609650006762599,0.0010702705488166552,true,0,-4.8721335126067356e-18
271,G-,0.9609650006762599,0.0011101256635420536,true,0,-4.082698805765728e-18
272,G+,0.9609650006762599,0.001090239145978968,true,0,-2.851112900457975e-18
273,G-,0.9609650006762599,0.0009622415343256838,true,0,-5.609052176717977e-18
274,G+,0.9609650006762599,0.0010749338923597691,true,0,-6.0876257919166565e-18
275,G-,0.9609650006762599,0.0009421918553636143,true,0,-3.834518152220218e-18
276,G+,0.9609650006762599,0.0016709826401146738,true,0,-4.260575724689131e-18
277,G-,0.9609650006762599,0.0016182153496456103,true,0,-5.618793055611401e-18
278,G+,0.9609650006762599,0.0011721275105743708,true,0,-2.5563454348134784e-18
279,G-,0.9609650006762599,0.0010435631929949893,true,0,-4.731526043362522e-18
280,G+,0.9609650006762599,0.00187059719517048,true,0,-6.708500942254059e-18
281,G-,0.9609650006762599,0.0016727488873546222,true,0,-4.525697037179727e-18
282,G+,0.9609650006762599,0.001025807934638656,true,0,-3.76950837351845e-18
283,G-,0.9609650006762599,0.00100243527742235,true,0,-4.717338241496012e-18
284,G+,0.9609650006762599,0.0009952469975032555,true,0,-5.151654385200655e-18
285,G-,0.9609650006762599,0.0009951223730440644,true,0,-6.942705552169873e-18
286,G+,0.9609650006762599,0.0009629507927127657,true,0,-6.401027982400748e-18
287,G-,0.9609650006762599,0.0010306104676179359,true,0,-3.939550237679751e-18
288,G+,0.9609650006762599,0.0010337475822399542,true,0,-4.355443414781612e-18
289,G-,0.9609650006762599,0.0009446883541676292,true,0,-9.682857136537534e-18
290,G+,0.9709650007353793,0.032071931461031676,true,0,-5.70292767012805e-18
291,G-,0.9509650007353793,0.024374253693072348,true,0,-5.70292767012805e-18
292,G+,0.9609650007353793,0.0013265062566200196,true,0,-3.842141448745506e-18
293,G-,0.9609650007353793,0.002000061257718578,true,0,-4.958530873226674e-18
294,G+,0.9609650007353793,0.0011525829604445402,true,0,-4.523155938337964e-18
295,G-,0.9609650007353793,0.0011734593297560115,true,0,-6.965151925272112e-18
296,G+,0.9609650007353793,0.0015227532830405935,true,0,-6.507330617281162e-18
297,G-,0.9609650007353793,0.002078732968910657,true,0,-4.693409560736078e-18
298,G+,0.9609650007353793,0.000979792299903021,true,0,-6.492931057177839e-18
299,G-,0.9609650007353793,0.0010562165640526284,true,0,-5.7632121731182595e-18
300,G+,0.9609650007353793,0.001166055545962163,true,0,-5.1821475713018095e-18
301,G-,0.9609650007353793,0.0008946613616108878,true,0,-7.261613456811117e-18
302,G+,0.9609650007353793,0.0010702701029789725,true,0,-2.8358663074073975e-18
303,G-,0.9609650007353793,0.001110125296625692,true,0,-4.706115054944893e-18
304,G+,0.9609650007353793,0.0010902387128327155,true,0,-7.975662231346492e-18
305,G-,0.9609650007353793,0.0009622411272364967,true,0,-4.048817487875556e-18
306,G+,0.9609650007353793,0.0010749334610989443,true,0,-4.4206649517201935e-18
307,G-,0.9609650007353793,0.0009421914505413938,true,0,-6.050356342237467e-18
308,G+,0.9609650007353793,0.0016709798583597938,true,0,-5.8534211820008425e-18
309,G-,0.9609650007353793,0.0016182173110868936,true,0,-5.2948029532866314e-18
310,G+,0.9609650007353793,0.001172126278619113,true,0,-8.178950138687524e-18
311,G-,0.9609650007353793,0.0010435636853705482,true,0,-4.548566926755593e-18
312,G+,0.9609650007353793,0.0018705943751583189,true,0,-5.312590645178972e-18
313,G-,0.9609650007353793,0.00167275116001575,true,0,-7.915522892091437e-18
314,G+,0.9609650007353793,0.0010258072545927881,true,0,-7.175004337954365e-18
315,G-,0.9609650007353793,0.0010024350580273822,true,0,-8.075188602648872e-18
316,G+,0.9609650007353793,0.0009952465750171563,true,0,-5.403223170535182e-18
317,G-,0.9609650007353793,0.0009951219613764913,true,0,-6.725865117672772e-18
318,G+,0.9609650007353793,0.0009629503672686043,true,0,-4.3190209980496774e-18
319,G-,0.9609650007353793,0.0010306100560385431,true,0,-5.719166459861036e-18
320,G+,0.9609650007353793,0.0010337471556992413,true,0,-7.680259490991555e-18
321,G-,0.9609650007353793,0.0009446879482478449,true,0,-9.024077261810502e-18
322,G+,0.9709650007985366,0.032071932293841504,true,0,-4.813394994025516e-18
323,G-,0.9509650007985366,0.024374253484425096,true,0,-4.813394994025516e-18
324,G+,0.9609650007985366,0.0013265041104352448,true,0,-3.877716832530187e-18
325,G-,0.9609650007985366,0.002000064259260506,true,0,-6.961763793483094e-18
326,G+,0.9609650007985366,0.0011525822963513366,true,0,-6.302772160519249e-18
327,G-,0.9609650007985366,0.001173460641295239,true,0,-7.72917564369549e-18
328,G+,0.9609650007985366,0.0015227506552434249,true,0,-3.6651115627693576e-18
329,G-,0.9609650007985366,0.0020787363041685743,true,0,-6.542482484592216e-18
330,G+,0.9609650007985366,0.0009797923950832876,true,0,-4.876368677343007e-18
331,G-,0.9609650007985366,0.0010562171696293055,true,0,-7.06044313183822e-18
332,G+,0.9609650007985366,0.0011660559044089618,true,0,-6.306160292308266e-18
333,G-,0.9609650007985366,0.000894661668159843,true,0,-7.874018277675976e-18
334,G+,0.9609650007985366,0.0010702704012229315,true,0,-6.511989298491061e-18
335,G-,0.9609650007985366,0.001110125646614961,true,0,-7.79609124652858e-18
336,G+,0.9609650007985366,0.0010902389997326507,true,0,-7.15573433840433e-18
337,G-,0.9609650007985366,0.0009622415019988652,true,0,-8.40087277086815e-18
338,G+,0.9609650007985366,0.0010749337889562468,true,0,-5.155042516989672e-18
339,G-,0.9609650007985366,0.0009421917896376688,true,0,-7.612285096974397e-18
340,G+,0.9609650007985366,0.001670982846808531,true,0,-7.181568843295585e-18
341,G-,0.9609650007985366,0.0016182149895843574,true,0,-5.961417882775766e-18
342,G+,0.9609650007985366,0.0011721275402254007,true,0,-7.157428404298838e-18
343,G-,0.9609650007985366,0.0010435629845322169,true,0,-8.834553639862353e-18
344,G+,0.9609650007985366,0.0018705975183204398,true,0,-5.244828009398628e-18
345,G-,0.9609650007985366,0.001672748378595117,true,0,-4.545178794966576e-18
346,G+,0.9609650007985366,0.001025807873502822,true,0,-6.997762693741402e-18
347,G-,0.9609650007985366,0.0010024351724418044,true,0,-7.767503884558748e-18
348,G+,0.9609650007985366,0.0009952468887666841,true,0,-5.9635354651439015e-18
349,G-,0.9609650007985366,0.000995122312375104,true,0,-8.513528152852973e-18
350,G+,0.9609650007985366,0.0009629506931841562,true,0,-4.739996372835065e-18
351,G-,0.9609650007985366,0.0010306103968740468,true,0,-7.361563344587124e-18
352,G+,0.9609650007985366,0.001033747475836844,true,0,-8.168362226846845e-18
353,G-,0.9609650007985366,0.0009446882922828071,true,0,-7.477606858360963e-18
354,G+,0.9709650008451481,0.03207193265722006,true,0,-4.847236364908215e-18
355,G-,0.9509650008451481,0.024374252760116715,true,0,-4.847236364908215e-18
356,G+,0.9609650008451481,0.001326506167726636,true,0,-8.541480240112365e-18
357,G-,0.9609650008451481,0.002000061316080451,true,0,-5.783540963852363e-18
358,G+,0.9609650008451481,0.0011525829956854602,true,0,-7.388668398899262e-18
359,G-,0.9609650008451481,0.0011734592568617033,true,0,-6.100331286125471e-18
360,G+,0.9609650008451481,0.0015227531740762195,true,0,-4.6010829694853594e-18
361,G-,0.9609650008451481,0.0020787330342058228,true,0,-4.4774161591862316e-18
362,G+,0.9609650008451481,0.0009797923295323597,true,0,-4.7899713167230684e-18
363,G-,0.9609650008451481,0.0010562164877853852,true,0,-5.473103388683662e-18
364,G+,0.9609650008451481,0.0011660554751197773,true,0,-7.129476317039446e-18
365,G-,0.9609650008451481,0.0008946613946408364,true,0,-5.6590271206059806e-18
366,G+,0.9609650008451481,0.0010702698579606502,true,0,-2.8985467455042158e-18
367,G-,0.9609650008451481,0.0011101254968960968,true,0,-6.4120394107150536e-18
368,G+,0.9609650008451481,0.0010902386506736203,true,0,-6.725441601199145e-18
369,G-,0.9609650008451481,0.0009622411285622826,true,0,-7.350551916272818e-18
370,G+,0.9609650008451481,0.0010749333981283755,true,0,-6.498436771334992e-18
371,G-,0.9609650008451481,0.0009421914638153013,true,0,-3.953949797783074e-18
372,G+,0.9609650008451481,0.001670979886438404,true,0,-4.46725176381918e-18
373,G-,0.9609650008451481,0.0016182172430453607,true,0,-4.620564727272208e-18
374,G+,0.9609650008451481,0.0011721263264697923,true,0,-6.723747535304636e-18
375,G-,0.9609650008451481,0.0010435635837531452,true,0,-7.49454751730605e-18
376,G+,0.9609650008451481,0.0018705944091296502,true,0,-4.9703893344882344e-18
377,G-,0.9609650008451481,0.0016727510631767964,true,0,-3.526198159419652e-18
378,G+,0.9609650008451481,0.0010258072808509559,true,0,-7.237896534287996e-18
379,G-,0.9609650008451481,0.001002434989733334,true,0,-5.232757789900254e-18
380,G+,0.9609650008451481,0.0009952466109570766,true,0,-4.876368677343007e-18
381,G-,0.9609650008451481,0.0009951218786295253,true,0,-5.834362940687621e-18
382,G+,0.9609650008451481,0.0009629503952998513,true,0,-6.605162922689034e-18
383,G-,0.9609650008451481,0.0010306099865518299,true,0,-4.371537040779444e-18
384,G+,0.9609650008451481,0.0010337471833445787,true,0,-4.754819449412015e-18
385,G-,0.9609650008451481,0.0009446878724502966,true,0,-3.7722612305970266e-18
386,G+,0.9709650009548701,0.03207193365661658,true,0,-5.284605964256947e-18
387,G-,0.9509650009548701,0.02437425253645485,true,0,-5.284605964256947e-18
388,G+,0.9609650009548701,0.0013265037768798486,true,0,-8.158621347953421e-18
389,G-,0.9609650009548701,0.0020000647592336076,true,0,-7.743575203798814e-18
390,G+,0.9609650009548701,0.0011525822962946061,true,0,-6.196893042112461e-18
391,G-,0.9609650009548701,0.0011734607729363567,true,0,-3.0925172904254505e-18
392,G+,0.9609650009548701,0.0015227502703089495,true,0,-7.022750165685404e-18
393,G-,0.9609650009548701,0.0020787368264622258,true,0,-7.942627946403574e-18
394,G+,0.9609650009548701,0.0009797925184574367,true,0,-3.9891016650941274e-18
395,G-,0.9609650009548701,0.0010562171777715212,true,0,-6.4429561132898355e-18
396,G+,0.9609650009548701,0.0011660559424605166,true,0,-6.108801615598014e-18
397,G-,0.9609650009548701,0.0008946617640510371,true,0,-2.65121312490596e-18
398,G+,0.9609650009548701,0.0010702701969072328,true,0,-6.627185779317646e-18
399,G-,0.9609650009548701,0.0011101259780510791,true,0,-6.813533027713592e-18
400,G+,0.9609650009548701,0.0010902390422006787,true,0,-7.774068389899969e-18
401,G-,0.9609650009548701,0.0009622415763066007,true,0,-4.78234802019778e-18
402,G+,0.9609650009548701,0.001074933806043636,true,0,-8.057824427230159e-18
403,G-,0.9609650009548701,0.0009421918989977227,true,0,-5.047469332688376e-18
404,G+,0.9609650009548701,0.0016709832448730173,true,0,-6.738147095407959e-18
405,G-,0.9609650009548701,0.001618214732121839,true,0,-4.726867362152623e-18
406,G+,0.9609650009548701,0.0011721277945266496,true,0,-7.335305323222241e-18
407,G-,0.9609650009548701,0.001043562842352403,true,0,-4.928037687125519e-18
408,G+,0.9609650009548701,0.0018705979115283635,true,0,-4.039500125455758e-18
409,G-,0.9609650009548701,0.00167274806306229,true,0,-4.429982314139991e-18
410,G+,0.9609650009548701,0.001025808041672505,true,0,-8.694793203565393e-18
411,G-,0.9609650009548701,0.0010024351507563745,true,0,-7.712023226513591e-18
412,G+,0.9609650009548701,0.0009952470498500441,true,0,-4.260575724689131e-18
413,G-,0.9609650009548701,0.0009951222810769707,true,0,-6.514106880859197e-18
414,G+,0.9609650009548701,0.0009629508374965904,true,0,-4.658681209898652e-18
415,G-,0.9609650009548701,0.0010306103902796052,true,0,-4.752701867043879e-18
416,G+,0.9609650009548701,0.0010337476250671508,true,0,-9.278398904223606e-18
417,G-,0.9609650009548701,0.0009446882694921694,true,0,-9.760572409448116e-18
418,G+,0.9709650008463284,0.0320719323858752,true,0,-3.884127247209545e-18
419,G-,0.9509650008463284,0.024374253264711425,true,0,-3.884127247209545e-18
420,G+,0.9609650008463284,0.001326506203832318,true,0,-7.355634113956344e-18
421,G-,0.9609650008463284,0.002000061482955726,true,0,-7.007503572634827e-18
422,G+,0.9609650008463284,0.0011525830759074205,true,0,-4.927190654178265e-18
423,G-,0.9609650008463284,0.0011734593832059923,true,0,-8.155233216164404e-18
424,G+,0.9609650008463284,0.0015227532986643256,true,0,-5.497667344154036e-18
425,G-,0.9609650008463284,0.002078733118688226,true,0,-6.4065336965579006e-18
426,G+,0.9609650008463284,0.0009797924966057946,true,0,-6.807603797082812e-18
427,G-,0.9609650008463284,0.0010562165370353092,true,0,-5.010623399482814e-18
428,G+,0.9609650008463284,0.0011660556429539057,true,0,-4.850110655978124e-18
429,G-,0.9609650008463284,0.0008946614342373418,true,0,-7.702917622330607e-18
430,G+,0.9609650008463284,0.0010702699637046337,true,0,-3.732027165602447e-18
431,G-,0.9609650008463284,0.0011101256042538891,true,0,-2.159934015498466e-18
432,G+,0.9609650008463284,0.0010902388219999168,true,0,-6.1240482086485915e-18
433,G-,0.9609650008463284,0.0009622411855635746,true,0,-7.907899595566148e-18
434,G+,0.9609650008463284,0.0010749335095644713,true,0,-4.1216623213394254e-18
435,G-,0.9609650008463284,0.000942191572471014,true,0,-5.373577017381281e-18
436,G+,0.9609650008463284,0.0016709799102060188,true,0,-6.13463612048927e-18
437,G-,0.9609650008463284,0.0016182174371434147,true,0,-6.912212366068718e-18
438,G+,0.9609650008463284,0.0011721264253607487,true,0,-5.685285141970864e-18
439,G-,0.9609650008463284,0.0010435637099323854,true,0,-7.90451146377713e-18
440,G+,0.9609650008463284,0.0018705943476831925,true,0,-6.3298772148313864e-18
441,G-,0.9609650008463284,0.001672751343479033,true,0,-6.3806991916666445e-18
442,G+,0.9609650008463284,0.0010258074196133403,true,0,-6.4304623773178346e-18
443,G-,0.9609650008463284,0.0010024350769898206,true,0,-5.670673823630727e-18
444,G+,0.9609650008463284,0.0009952467882798448,true,0,-6.948211266327026e-18
445,G-,0.9609650008463284,0.0009951219213119786,true,0,-6.46159083812943e-18
446,G+,0.9609650008463284,0.0009629505475076278,true,0,-4.590918574118308e-18
447,G-,0.9609650008463284,0.0010306100570005793,true,0,-5.371882951486773e-18
448,G+,0.9609650008463284,0.0010337473534800514,true,0,-8.480705626146869e-18
449,G-,0.9609650008463284,0.0009446879192373706,true,0,-6.25724413960433e-18
450,G+,0.9709650010399368,0.03207193229728244,true,0,-4.204424791853865e-18
451,G-,0.9509650010399368,0.02437425442075243,true,0,-4.204424791853865e-18
452,G+,0.9609650010399368,0.001326502872164992,true,0,-2.2209203877007755e-18
453,G-,0.9609650010399368,0.002000066557637934,true,0,-4.831475931138529e-18
454,G+,0.9609650010399368,0.0011525821493366417,true,0,-4.091169135238271e-18
455,G-,0.9609650010399368,0.0011734617131367174,true,0,-5.689520306707135e-18
456,G+,0.9609650010399368,0.0015227493276003797,true,0,-4.865357249028701e-18
457,G-,0.9609650010399368,0.0020787386164753214,true,0,-4.737031757519675e-18
458,G+,0.9609650010399368,0.0009797929647668833,true,0,-5.144031088675366e-18
459,G-,0.9609650010399368,0.001056217575345869,true,0,-5.170289110040249e-18
460,G+,0.9609650010399368,0.0011660565315007737,true,0,-4.147920342704309e-18
461,G-,0.9609650010399368,0.0008946619789865393,true,0,-6.092707989600182e-18
462,G+,0.9609650010399368,0.001070270646282643,true,0,-4.450311104874094e-18
463,G-,0.9609650010399368,0.0011101263430621162,true,0,-6.0224042549780754e-18
464,G+,0.9609650010399368,0.0010902396086542102,true,0,-6.5221536938581126e-18
465,G-,0.9609650010399368,0.0009622418755536806,true,0,-8.228078049628273e-18
466,G+,0.9609650010399368,0.0010749342303588605,true,0,-6.272278974418094e-18
467,G-,0.9609650010399368,0.0009421923175022606,true,0,-8.158621347953421e-18
468,G+,0.9609650010399368,0.0016709846743589772,true,0,-4.153426056861462e-18
469,G-,0.9609650010399368,0.0016182141514011485,true,0,-4.594730222380952e-18
470,G+,0.9609650010399368,0.0011721286129643032,true,0,-5.936006894358137e-18
471,G-,0.9609650010399368,0.0010435628344052058,true,0,-7.496241583200558e-18
472,G+,0.9609650010399368,0.0018705992316191203,true,0,-7.930769485142014e-18
473,G-,0.9609650010399368,0.0016727474554480285,true,0,-6.044427111606687e-18
474,G+,0.9609650010399368,0.001025808660183752,true,0,-3.525986401182839e-18
475,G-,0.9609650010399368,0.001002435420286188,true,0,-6.7500055566695194e-18
476,G+,0.9609650010399368,0.0009952476242244288,true,0,-3.9077865021577146e-18
477,G-,0.9609650010399368,0.0009951225469837569,true,0,-5.402799654061555e-18
478,G+,0.9609650010399368,0.0009629513522818078,true,0,-5.5853352541948564e-18
479,G-,0.9609650010399368,0.001030610721898839,true,0,-3.9666552919918885e-18
480,G+,0.9609650010399368,0.0010337481860591693,true,0,-4.405418358669616e-18
481,G-,0.9609650010399368,0.0009446885395820268,true,0,-7.335305323222241e-18
482,G+,0.9709650007473603,0.03207193049934066,true,0,-7.079812565980073e-18
483,G-,0.9509650007473602,0.02437425485688431,true,0,-7.079812565980073e-18
484,G+,0.9609650007473602,0.001326506457686879,true,0,-6.751699622564028e-18
485,G-,0.9609650007473602,0.002000061126306405,true,0,-6.498436771334992e-18
486,G+,0.9609650007473602,0.0011525830889981311,true,0,-5.801328655744703e-18
487,G-,0.9609650007473602,0.0011734592951131361,true,0,-5.499784926522172e-18
488,G+,0.9609650007473602,0.0015227536328990619,true,0,-5.6450510769762846e-18
489,G-,0.9609650007473602,0.0020787327088843985,true,0,-6.521306660910858e-18
490,G+,0.9609650007473602,0.0009797924604057443,true,0,-6.745770391933248e-18
491,G-,0.9609650007473602,0.0010562165012211564,true,0,-5.634886681609233e-18
492,G+,0.9609650007473602,0.001166055654852235,true,0,-5.53874844209587e-18
493,G-,0.9609650007473602,0.0008946613455861725,true,0,-5.674273713656558e-18
494,G+,0.9609650007473602,0.00107027013659851,true,0,-9.01920682236379e-18
495,G-,0.9609650007473602,0.0011101253625036053,true,0,-7.721552347170202e-18
496,G+,0.9609650007473602,0.0010902388342780285,true,0,-6.384934356402916e-18
497,G-,0.9609650007473602,0.0009622411213197916,true,0,-6.4289800696601396e-18
498,G+,0.9609650007473602,0.0010749335087356655,true,0,-5.797940523955686e-18
499,G-,0.9609650007473602,0.0009421915094038787,true,0,-5.979205574668106e-18
500,G+,0.9609650007473602,0.001670979554052712,true,0,-4.925920104757384e-18
501,G-,0.9609650007473602,0.0016182177202320725,true,0,-6.091860956652928e-18
502,G+,0.9609650007473602,0.001172126238456544,true,0,-6.3866284222974246e-18
503,G-,0.9609650007473602,0.0010435638487110012,true,0,-7.159122470193346e-18
504,G+,0.9609650007473602,0.0018705939602827759,true,0,-8.40849606739344e-18
505,G-,0.9609650007473602,0.0016727517087463395,true,0,-3.928538809365445e-18
506,G+,0.9609650007473602,0.0010258073281130648,true,0,-6.985480716006215e-18
507,G-,0.9609650007473602,0.0010024350911141337,true,0,-5.393694049878571e-18
508,G+,0.9609650007473602,0.0009952467276270474,true,0,-6.021133705557194e-18
509,G-,0.9609650007473602,0.0009951219143051924,true,0,-5.20289987850954e-18
510,G+,0.9609650007473602,0.0009629504764687825,true,0,-5.69629657028517e-18
511,G-,0.9609650007473602,0.0010306100549121533,true,0,-6.28921963336318e-18
512,G+,0.9609650007473602,0.0010337472967769476,true,0,-7.862159816414416e-18
513,G-,0.9609650007473602,0.0009446879087218034,true,0,-6.417121608398579e-18
514,G+,0.9709650007263462,0.032071926440603735,true,0,-5.483402232404202e-18
515,G-,0.9509650007263462,0.02437425904003848,true,0,-5.483402232404202e-18
516,G+,0.9609650007263462,0.001326504369839489,true,0,-6.229080294108125e-18
517,G-,0.9609650007263462,0.002000064294716006,true,0,-5.2100996585612014e-18
518,G+,0.9609650007263462,0.0011525823747515634,true,0,-6.71273610699033e-18
519,G-,0.9609650007263462,0.0011734608806090818,true,0,-5.4726798722100345e-18
520,G+,0.9609650007263462,0.0015227511930094358,true,0,-3.718898154920006e-18
521,G-,0.9609650007263462,0.0020787361158930966,true,0,-8.524116064693651e-18
522,G+,0.9609650007263462,0.0009797927137614457,true,0,-4.701032857261367e-18
523,G-,0.9609650007263462,0.0010562172019141338,true,0,-3.967502324939143e-18
524,G+,0.9609650007263462,0.0011660563200901833,true,0,-7.119311921672394e-18
525,G-,0.9609650007263462,0.0008946615709068723,true,0,-5.595499649561908e-18
526,G+,0.9609650007263462,0.0010702709704583483,true,0,-7.420008617947671e-18
527,G-,0.9609650007263462,0.0011101254248558957,true,0,-4.058981883242607e-18
528,G+,0.9609650007263462,0.0010902394223709052,true,0,-5.39898800579891e-18
529,G-,0.9609650007263462,0.0009622415036102187,true,0,-7.401373893108076e-18
530,G+,0.9609650007263462,0.001074934027204902,true,0,-6.063061836446282e-18
531,G-,0.9609650007263462,0.0009421919304683076,true,0,-5.9012785435207105e-18
532,G+,0.9609650007263462,0.001670982501950619,true,0,-2.848148285142585e-18
533,G-,0.9609650007263462,0.0016182157061470815,true,0,-8.43517760523195e-18
534,G+,0.9609650007263462,0.0011721275274242811,true,0,-5.253298338871171e-18
535,G-,0.9609650007263462,0.0010435634118512469,true,0,-7.255684226180337e-18
536,G+,0.9609650007263462,0.001870596956030746,true,0,-6.213833701057547e-18
537,G-,0.9609650007263462,0.0016727493747080414,true,0,-5.677661845445575e-18
538,G+,0.9609650007263462,0.0010258080704942587,true,0,-4.923167247678807e-18
539,G-,0.9609650007263462,0.0010024353518064228,true,0,-4.107262761236102e-18
540,G+,0.9609650007263462,0.000995247215067104,true,0,-4.030182763035961e-18
541,G-,0.9609650007263462,0.0009951223553602644,true,0,-4.330879459311238e-18
542,G+,0.9609650007263462,0.0009629509197156953,true,0,-6.587375230796694e-18
543,G-,0.9609650007263462,0.001030610535011613,true,0,-6.316324687675318e-18
544,G+,0.9609650007263462,0.0010337477899958723,true,0,-4.917661533521654e-18
545,G-,0.9609650007263462,0.0009446883381982491,true,0,-4.405418358669616e-18
546,G+,0.9709650007589214,0.032071928749582285,true,0,-5.566424003038044e-18
547,G-,0.9509650007589214,0.02437425604133827,true,0,-5.566424003038044e-18
548,G+,0.9609650007589214,0.0013265070758721363,true,0,-5.1541954840424176e-18
549,G-,0.9609650007589214,0.0020000601218331257,true,0,-6.8685901692851214e-18
550,G+,0.9609650007589214,0.001152583212400788,true,0,-3.2754764070323794e-18
551,G-,0.9609650007589214,0.0011734588446998926,true,0,-5.382894379801079e-18
552,G+,0.9609650007589214,0.0015227543746995878,true,0,-2.97816784254612e-18
553,G-,0.9609650007589214,0.002078731630710142,true,0,-2.997649600332969e-18
554,G+,0.9609650007589214,0.0009797923536277054,true,0,-7.476336308940082e-18
555,G-,0.9609650007589214,0.0010562162633256573,true,0,-4.744231537571336e-18
556,G+,0.9609650007589214,0.0011660554826504344,true,0,-3.626995080142914e-18
557,G-,0.9609650007589214,0.0008946611848881759,true,0,-4.9619190050156914e-18
558,G+,0.9609650007589214,0.00107027006382125,true,0,-6.4120394107150536e-18
559,G-,0.9609650007589214,0.0011101251091633461,true,0,-9.651093401015498e-18
560,G+,0.9609650007589214,0.0010902386831621817,true,0,-5.339695699491109e-18
561,G-,0.9609650007589214,0.000962240947840836,true,0,-6.112189747387031e-18
562,G+,0.9609650007589214,0.0010749333499436942,true,0,-4.077616608082202e-18
563,G-,0.9609650007589214,0.0009421913385009196,true,0,-5.537901409148616e-18
564,G+,0.9609650007589214,0.001670978577569112,true,0,-6.486154793599805e-18
565,G-,0.9609650007589214,0.0016182183705219172,true,0,-2.9968025673857146e-18
566,G+,0.9609650007589214,0.0011721257754551122,true,0,-5.692061405548898e-18
567,G-,0.9609650007589214,0.0010435640171031749,true,0,-6.5526468799592674e-18
568,G+,0.9609650007589214,0.001870592964151863,true,0,-3.107763883476028e-18
569,G-,0.9609650007589214,0.0016727524777360634,true,0,-5.594652616614654e-18
570,G+,0.9609650007589214,0.0010258070649954985,true,0,-2.2105442340969103e-18
571,G-,0.9609650007589214,0.00100243500041366,true,0,-3.6761229910836635e-18
572,G+,0.9609650007589214,0.0009952465524057227,true,0,-7.116347306357004e-18
573,G-,0.9609650007589214,0.0009951217578777062,true,0,-4.689174395999807e-18
574,G+,0.9609650007589214,0.0009629502911164334,true,0,-3.86839947011039e-18
575,G-,0.9609650007589214,0.001030609904733503,true,0,-5.3261431723350405e-18
576,G+,0.9609650007589214,0.0010337471220517877,true,0,-2.062101710090594e-18
577,G-,0.9609650007589214,0.0009446877516978979,true,0,-6.958375661694077e-18
578,G+,0.970965000795993,0.032071930410305045,true,0,-6.823984701938031e-18
579,G-,0.950965000795993,0.024374255084079626,true,0,-6.823984701938031e-18
580,G+,0.960965000795993,0.0013265053545884838,true,0,-9.399524615680971e-18
581,G-,0.960965000795993,0.0020000624473847746,true,0,-7.907899595566148e-18
582,G+,0.960965000795993,0.0011525826988909077,true,0,-8.001920252711375e-18
583,G-,0.960965000795993,0.001173459808339066,true,0,-8.370379584766996e-18
584,G+,0.960965000795993,0.0015227522803554772,true,0,-8.854035397649201e-18
585,G-,0.960965000795993,0.002078734203358788,true,0,-1.0138560862160348e-17
586,G+,0.960965000795993,0.000979792392013671,true,0,-6.38281677403478e-18
587,G-,0.960965000795993,0.00105621671097874,true,0,-9.290680881958793e-18
588,G+,0.960965000795993,0.0011660556962120937,true,0,-8.659217819780712e-18
589,G-,0.960965000795993,0.0008946614343985844,true,0,-8.45592991243968e-18
590,G+,0.960965000795993,0.0010702701882885734,true,0,-6.652596767735275e-18
591,G-,0.960965000795993,0.0011101254286414192,true,0,-5.9834407394043776e-18
592,G+,0.960965000795993,0.0010902388394090478,true,0,-1.115034171765561e-17
593,G-,0.960965000795993,0.0009622412339584045,true,0,-8.129822227746775e-18
594,G+,0.960965000795993,0.0010749335641003317,true,0,-1.0097479764218514e-17
595,G-,0.960965000795993,0.0009421915786042847,true,0,-1.0485420854060984e-17
596,G+,0.960965000795993,0.001670980931088721,true,0,-8.590184634579487e-18
597,G-,0.960965000795993,0.0016182164634416859,true,0,-9.932731855977553e-18
598,G+,0.960965000795993,0.0011721267501909362,true,0,-1.1353629624996642e-17
599,G-,0.960965000795993,0.0010435634072585489,true,0,-7.604661800449108e-18
600,G+,0.960965000795993,0.0018705954342835803,true,0,-6.065602935288045e-18
601,G-,0.960965000795993,0.001672750207760628,true,0,-5.499784926522172e-18
602,G+,0.960965000795993,0.0010258075223674055,true,0,-7.196815436346163e-18
603,G-,0.960965000795993,0.0010024350492252923,true,0,-9.075534513356201e-18
604,G+,0.960965000795993,0.0009952467599885113,true,0,-7.779150587583494e-18
605,G-,0.960965000795993,0.0009951220041744223,true,0,-8.512257603432091e-18
606,G+,0.960965000795993,0.0009629505151698863,true,0,-1.0470174261010406e-17
607,G-,0.960965000795993,0.0010306101372358485,true,0,-1.0751389199498834e-17
608,G+,0.960965000795993,0.0010337473340729165,true,0,-6.1708467789843915e-18
609,G-,0.960965000795993,0.0009446879946174166,true,0,-8.054436295441142e-18
610,G+,0.9709650011463575,0.03207191929849177,true,0,-5.5408173242054416e-18
611,G-,0.9509650011463575,0.02437426329325211,true,0,-5.5408173242054416e-18
612,G+,0.9609650011463575,0.001326505881662718,true,0,-4.8890741715518216e-18
613,G-,0.9609650011463575,0.0020000605924529293,true,0,-2.8053731213062427e-18
614,G+,0.9609650011463575,0.001152582411853647,true,0,-6.188422712639918e-18
615,G-,0.9609650011463575,0.0011734588273650112,true,0,-6.9084007178060736e-18
616,G+,0.9609650011463575,0.0015227528776337494,true,0,-6.561964242379065e-18
617,G-,0.9609650011463575,0.0020787323655393724,true,0,-5.4133875659022335e-18
618,G+,0.9609650011463575,0.000979791813629778,true,0,-7.055360934154695e-18
619,G-,0.9609650011463575,0.0010562159819616625,true,0,-7.03079697868432e-18
620,G+,0.9609650011463575,0.001166055038918905,true,0,-6.68308995383643e-18
621,G-,0.9609650011463575,0.0008946608115641974,true,0,-7.170980931454907e-18
622,G+,0.9609650011463575,0.0010702700291744178,true,0,-6.207057437479513e-18
623,G-,0.9609650011463575,0.001110124322508496,true,0,-5.7123901962830015e-18
624,G+,0.9609650011463575,0.0010902382133699468,true,0,-9.402065714522734e-18
625,G-,0.9609650011463575,0.0009622406242097816,true,0,-5.031375706690544e-18
626,G+,0.9609650011463575,0.0010749329405408173,true,0,-6.432368201449157e-18
627,G-,0.9609650011463575,0.0009421909440364359,true,0,-8.235701346153562e-18
628,G+,0.9609650011463575,0.0016709791916771353,true,0,-6.415427542504071e-18
629,G-,0.9609650011463575,0.0016182169708837796,true,0,-5.786082062694126e-18
630,G+,0.9609650011463575,0.0011721256640540932,true,0,-9.832358451727918e-18
631,G-,0.9609650011463575,0.0010435632965904737,true,0,-5.622604703874046e-18
632,G+,0.9609650011463575,0.0018705937889949538,true,0,-4.45539330255762e-18
633,G-,0.9609650011463575,0.0016727507763338186,true,0,-5.271933063710765e-18
634,G+,0.9609650011463575,0.0010258067384677143,true,0,-6.320136335937962e-18
635,G-,0.9609650011463575,0.00100243452462164,true,0,-9.718644278559029e-18
636,G+,0.9609650011463575,0.0009952460846874,true,0,-5.243557459977746e-18
637,G-,0.9609650011463575,0.0009951214038572476,true,0,-7.171404447928534e-18
638,G+,0.9609650011463575,0.0009629497677943854,true,0,-6.495895672493229e-18
639,G-,0.9609650011463575,0.0010306095876485431,true,0,-8.50505782338043e-18
640,G+,0.9609650011463575,0.0010337466657049813,true,0,-6.31823051180664e-18
641,G-,0.9609650011463575,0.0009446873834559632,true,0,-4.756725273543337e-18
642,G+,0.970965001190323,0.0320719264087023,true,0,-3.0343759994776685e-18
643,G-,0.950965001190323,0.02437425688280405,true,0,-3.0343759994776685e-18
644,G+,0.960965001190323,0.0013265082517642246,true,0,-3.2195722325135956e-18
645,G-,0.960965001190323,0.0020000575834050595,true,0,-3.826894855694929e-18
646,G+,0.960965001190323,0.0011525834108015822,true,0,-6.495895672493229e-18
647,G-,0.960965001190323,0.001173457414233596,true,0,-2.3022355506371883e-18
648,G+,0.960965001190323,0.0015227557219671965,true,0,-2.1057239068741906e-18
649,G-,0.960965001190323,0.002078729003039988,true,0,-4.3249502286804575e-18
650,G+,0.960965001190323,0.0009797918707073494,true,0,-6.8601198398125784e-18
651,G-,0.960965001190323,0.0010562154369944913,true,0,-5.2812504261305626e-18
652,G+,0.960965001190323,0.0011660546562559729,true,0,-6.046121177501196e-18
653,G-,0.960965001190323,0.0008946607627991149,true,0,-2.388632911257127e-18
654,G+,0.960965001190323,0.0010702692742163408,true,0,-2.944286524655948e-18
655,G-,0.960965001190323,0.0011101246446717779,true,0,-3.1255515753683683e-18
656,G+,0.960965001190323,0.0010902379175920238,true,0,-4.472333961502706e-18
657,G-,0.960965001190323,0.0009622404135060268,true,0,-2.969697513073577e-18
658,G+,0.960965001190323,0.0010749326487938195,true,0,-2.721516859528067e-18
659,G-,0.960965001190323,0.0009421907591734491,true,0,-3.973431555569923e-18
660,G+,0.960965001190323,0.0016709762423015473,true,0,-1.4573201857510237e-18
661,G-,0.960965001190323,0.0016182194481676568,true,0,-4.325797261627712e-18
662,G+,0.960965001190323,0.0011721245683138535,true,0,-4.033570894824978e-18
663,G-,0.960965001190323,0.0010435640102605523,true,0,-2.969697513073577e-18
664,G+,0.960965001190323,0.0018705906788592287,true,0,-6.1723290866420866e-18
665,G-,0.960965001190323,0.001672753694831188,true,0,-7.448807738154317e-18
666,G+,0.960965001190323,0.0010258062456766726,true,0,-2.4735479642193706e-18
667,G-,0.960965001190323,0.0010024344865088807,true,0,-3.595231344620878e-18
668,G+,0.960965001190323,0.0009952459053339476,true,0,-6.863507971601596e-18
669,G-,0.960965001190323,0.0009951211236662902,true,0,-5.643780527555403e-18
670,G+,0.960965001190323,0.0009629496333768592,true,0,-2.411502800832993e-18
671,G-,0.960965001190323,0.0010306092765044069,true,0,-3.658335299191323e-18
672,G+,0.960965001190323,0.0010337464711681337,true,0,-2.7645037816012227e-18
673,G-,0.960965001190323,0.000944687122190092,true,0,-3.888304744370866e-18
674,G+,0.9709650012115976,0.03207193182132915,true,0,-5.521737828227886e-18
675,G-,0.9509650012115975,0.02437425315193042,true,0,-5.521737828227886e-18
676,G+,0.9609650012115976,0.0013265064251654572,true,0,-5.902972609415219e-18
677,G-,0.9609650012115976,0.002000060495967644,true,0,-7.306506203015595e-18
678,G+,0.9609650012115976,0.0011525830458352382,true,0,-3.6142895859340995e-18
679,G-,0.9609650012115976,0.0011734586956707038,true,0,-4.918720324705722e-18
680,G+,0.9609650012115976,0.0015227535365551035,true,0,-6.167670405432188e-18
681,G-,0.9609650012115976,0.002078732124435588,true,0,-6.023674804398957e-18
682,G+,0.9609650012115976,0.000979792158744132,true,0,-6.708924458727686e-18
683,G-,0.9609650012115976,0.0010562161137467202,true,0,-5.820386897057925e-18
684,G+,0.9609650012115976,0.0011660551230193124,true,0,-3.6168306847758624e-18
685,G-,0.9609650012115976,0.0008946612295828558,true,0,-5.13894889099184e-18
686,G+,0.9609650012115976,0.0010702694432291762,true,0,-6.1071075497035054e-18
687,G-,0.9609650012115976,0.001110125386800853,true,0,-8.055283328388396e-18
688,G+,0.9609650012115976,0.0010902383223783912,true,0,-4.0708403445041674e-18
689,G-,0.9609650012115976,0.0009622409103784337,true,0,-2.5224641169233064e-18
690,G+,0.9609650012115976,0.0010749330871599049,true,0,-4.7425374716768276e-18
691,G-,0.9609650012115976,0.0009421912405749511,true,0,-4.474875060344469e-18
692,G+,0.9609650012115976,0.001670979090560152,true,0,-6.145224032329949e-18
693,G-,0.9609650012115976,0.0016182175064886413,true,0,-6.021980738504448e-18
694,G+,0.9609650012115976,0.0011721259046758089,true,0,-3.776072878859671e-18
695,G-,0.9609650012115976,0.0010435634888764668,true,0,-2.673235981534572e-18
696,G+,0.9609650012115976,0.0018705935834358782,true,0,-7.369186641112413e-18
697,G-,0.9609650012115976,0.0016727514050133363,true,0,-6.439144465027191e-18
698,G+,0.9609650012115976,0.001025806993776209,true,0,-7.998320362685545e-18
699,G-,0.9609650012115976,0.00100243472805092,true,0,-5.25266306416073e-18
700,G+,0.9609650012115976,0.0009952463919850592,true,0,-5.258804053028324e-18
701,G-,0.9609650012115976,0.000995121562699985,true,0,-3.643935739088e-18
702,G+,0.9609650012115976,0.0009629501515405729,true,0,-4.428288248245482e-18
703,G-,0.9609650012115976,0.0010306096953757904,true,0,-4.264810889425402e-18
704,G+,0.9609650012115976,0.0010337469563389612,true,0,-8.804483970234825e-18
705,G-,0.9609650012115976,0.0009446875635785337,true,0,-5.54764228804204e-18
706,G+,0.9709650021474632,0.03207193433598638,true,0,-5.04371205862631e-18
707,G-,0.9509650021474632,0.024374251083150156,true,0,-5.04371205862631e-18
708,G+,0.9609650021474632,0.0013265033751728222,true,0,-5.47776206989356e-18
709,G-,0.9609650021474632,0.0020000639337826036,true,0,-6.1240482086485915e-18
710,G+,0.9609650021474632,0.0011525821176355767,true,0,-7.757127730954883e-18
711,G-,0.9609650021474632,0.0011734597581041359,true,0,-5.037304937321324e-18
712,G+,0.9609650021474632,0.0015227498320516649,true,0,-6.535282704540554e-18
713,G-,0.9609650021474632,0.002078735987540564,true,0,-8.611783974734472e-18
714,G+,0.9609650021474632,0.000979792004690806,true,0,-6.2625380955246696e-18
715,G-,0.9609650021474632,0.0010562164158930884,true,0,-4.793782964985713e-18
716,G+,0.9609650021474632,0.0011660549950822717,true,0,-8.416966396865982e-18
717,G-,0.9609650021474632,0.0008946615098017051,true,0,-5.343930864227381e-18
718,G+,0.9609650021474632,0.0010702689453271365,true,0,-5.62938096745208e-18
719,G-,0.9609650021474632,0.0011101259871863806,true,0,-5.659874153553235e-18
720,G+,0.9609650021474632,0.0010902381272204602,true,0,-7.386127300057499e-18
721,G-,0.9609650021474632,0.0009622411638026044,true,0,-4.9737774662772516e-18
722,G+,0.9609650021474632,0.0010749330187641612,true,0,-9.076805062777082e-18
723,G-,0.9609650021474632,0.0009421914140198425,true,0,-4.2546464940583506e-18
724,G+,0.9609650021474632,0.001670982597828625,true,0,-6.535282704540554e-18
725,G-,0.9609650021474632,0.001618214118159321,true,0,-8.898504627380052e-18
726,G+,0.9609650021474632,0.0011721272571914346,true,0,-7.38443323416299e-18
727,G-,0.9609650021474632,0.0010435620925989255,true,0,-4.54009659728305e-18
728,G+,0.9609650021474632,0.001870597329191394,true,0,-8.349203761085638e-18
729,G-,0.9609650021474632,0.0016727473462468557,true,0,-7.093053900307511e-18
730,G+,0.9609650021474632,0.0010258074942695189,true,0,-4.087357486975626e-18
731,G-,0.9609650021474632,0.0010024344204950298,true,0,-5.793493600982601e-18
732,G+,0.9609650021474632,0.0009952465051675308,true,0,-7.351398949220073e-18
733,G-,0.9609650021474632,0.000995121554995631,true,0,-6.464131936971193e-18
734,G+,0.9609650021474632,0.0009629502646335045,true,0,-8.660911885675221e-18
735,G-,0.9609650021474632,0.00103060969647016,true,0,-3.837906284009235e-18
736,G+,0.9609650021474632,0.0010337470633051875,true,0,-2.8468777357217034e-18
737,G-,0.9609650021474632,0.0009446875602493681,true,0,-4.622894067877158e-18
738,G+,0.9709650010314341,0.0320719340144384,true,0,-3.901257495304793e-18
739,G-,0.9509650010314341,0.024374251822804154,true,0,-3.901257495304793e-18
740,G+,0.9609650010314341,0.0013265061144263034,true,0,-5.008505817114678e-18
741,G-,0.9609650010314341,0.002000061423955555,true,0,-7.734257841379016e-18
742,G+,0.9609650010314341,0.0011525830624480183,true,0,-6.506907100807535e-18
743,G-,0.9609650010314341,0.0011734592601621843,true,0,-5.6192165720850284e-18
744,G+,0.9609650010314341,0.0015227532021485676,true,0,-5.0296816407960354e-18
745,G-,0.9609650010314341,0.002078733047676719,true,0,-4.7959005473538485e-18
746,G+,0.9609650010314341,0.0009797924014407881,true,0,-5.671732614814795e-18
747,G-,0.9609650010314341,0.0010562164827571168,true,0,-6.1130367803342855e-18
748,G+,0.9609650010314341,0.0011660554999640186,true,0,-7.176910162085687e-18
749,G-,0.9609650010314341,0.0008946614404202096,true,0,-6.684784019730938e-18
750,G+,0.9609650010314341,0.0010702697797421857,true,0,-5.160124714673198e-18
751,G-,0.9609650010314341,0.0011101256402106373,true,0,-5.934312828463628e-18
752,G+,0.9609650010314341,0.0010902386765582316,true,0,-5.803869754586466e-18
753,G-,0.9609650010314341,0.0009622411599590791,true,0,-3.691369584134241e-18
754,G+,0.9609650010314341,0.0010749334155375231,true,0,-4.793359448512086e-18
755,G-,0.9609650010314341,0.0009421915099230688,true,0,-5.079656584684039e-18
756,G+,0.9609650010314341,0.0016709799359102444,true,0,-5.315131744020735e-18
757,G-,0.9609650010314341,0.0016182172437109517,true,0,-4.861545600766057e-18
758,G+,0.9609650010314341,0.0011721263824855956,true,0,-6.156235460644255e-18
759,G-,0.9609650010314341,0.0010435635851495787,true,0,-3.98274891798972e-18
760,G+,0.9609650010314341,0.0018705943800218,true,0,-4.9509075767013855e-18
761,G-,0.9609650010314341,0.0016727511296000903,true,0,-6.205363371585004e-18
762,G+,0.9609650010314341,0.0010258073457956422,true,0,-6.843390939104306e-18
763,G-,0.9609650010314341,0.0010024349927241398,true,0,-5.983652497641191e-18
764,G+,0.9609650010314341,0.0009952466886886165,true,0,-5.7547418436457165e-18
765,G-,0.9609650010314341,0.0009951218659487858,true,0,-5.38712954453735e-18
766,G+,0.9609650010314341,0.0009629504621535048,true,0,-4.707809120839401e-18
767,G-,0.9609650010314341,0.0010306099879711407,true,0,-5.1821475713018095e-18
768,G+,0.9609650010314341,0.0010337472544859913,true,0,-3.339003878076452e-18
769,G-,0.9609650010314341,0.0009446878660881903,true,0,-5.9800526076153604e-18
770,G+,0.9709650010428693,0.032071934699691655,true,0,-3.3019202378813253e-18
771,G-,0.9509650010428693,0.024374251566248468,true,0,-3.3019202378813253e-18
772,G+,0.9609650010428693,0.001326505398058992,true,0,-3.74049749507499e-18
773,G-,0.9609650010428693,0.002000062577089798,true,0,-5.4472688837924055e-18
774,G+,0.9609650010428693,0.0011525828745346843,true,0,-4.662916374634923e-18
775,G-,0.9609650010428693,0.001173459817971998,true,0,-4.363913744254155e-18
776,G+,0.9609650010428693,0.0015227523635977587,true,0,-3.837906284009235e-18
777,G-,0.9609650010428693,0.002078734272239259,true,0,-5.327837238229549e-18
778,G+,0.9609650010428693,0.0009797925096440155,true,0,-7.994720472659714e-18
779,G-,0.9609650010428693,0.0010562167699801745,true,0,-5.1711361429875036e-18
780,G+,0.9609650010428693,0.0011660557317098826,true,0,-4.125897486075697e-18
781,G-,0.9609650010428693,0.0008946615858807242,true,0,-4.261422757636385e-18
782,G+,0.9609650010428693,0.0010702699980677261,true,0,-4.904320764602399e-18
783,G-,0.9609650010428693,0.0011101257954264344,true,0,-5.354942292541687e-18
784,G+,0.9609650010428693,0.0010902388799002335,true,0,-6.442532596816208e-18
785,G-,0.9609650010428693,0.0009622413411065541,true,0,-4.141991112073529e-18
786,G+,0.9609650010428693,0.0010749336173991797,true,0,-4.1953541877505496e-18
787,G-,0.9609650010428693,0.0009421916906925855,true,0,-4.791665382617577e-18
788,G+,0.9609650010428693,0.0016709810453153175,true,0,-3.8141893614861144e-18
789,G-,0.9609650010428693,0.001618216508601088,true,0,-4.305891987367236e-18
790,G+,0.9609650010428693,0.0011721268854758772,true,0,-6.298536995782977e-18
791,G-,0.9609650010428693,0.001043563427325244,true,0,-3.996301445145789e-18
792,G+,0.9609650010428693,0.0018705954999406423,true,0,-4.328338360469475e-18
793,G-,0.9609650010428693,0.0016727502793113882,true,0,-5.3117436122317174e-18
794,G+,0.9609650010428693,0.001025807635122291,true,0,-5.019517245428984e-18
795,G-,0.9609650010428693,0.0010024351102871545,true,0,-2.2257908271474877e-18
796,G+,0.9609650010428693,0.0009952468768884282,true,0,-6.370111279825966e-18
797,G-,0.9609650010428693,0.0009951220597124886,true,0,-1.8240854519121358e-18
798,G+,0.9609650010428693,0.0009629506530518383,true,0,-4.645975715689837e-18
799,G-,0.9609650010428693,0.0010306101799562898,true,0,-4.478263192133486e-18
800,G+,0.9609650010428693,0.0010337474446090215,true,0,-5.312590645178972e-18
801,G-,0.9609650010428693,0.000944688057814803,true,0,-2.0777718196147987e-18
802,G+,0.9709650012841075,0.03207193646931601,true,0,-5.321721715861947e-18
803,G-,0.9509650012841074,0.024374249827836494,true,0,-5.321721715861947e-18
804,G+,0.9609650012841074,0.001326506280482136,true,0,-9.553684612081254e-18
805,G-,0.9609650012841074,0.0020000614237181222,true,0,-7.1599695031406e-18
806,G+,0.9609650012841074,0.0011525832228197503,true,0,-6.814380060660846e-18
807,G-,0.9609650012841074,0.0011734592888400731,true,0,-4.6324231885337686e-18
808,G+,0.9609650012841074,0.0015227534639355974,true,0,-6.306160292308266e-18
809,G-,0.9609650012841074,0.0020787329493224386,true,0,-8.85276484822832e-18
810,G+,0.9609650012841074,0.0009797925197942805,true,0,-7.81387893842092e-18
811,G-,0.9609650012841074,0.0010562165515844008,true,0,-6.842755664393865e-18
812,G+,0.9609650012841074,0.0011660555976008235,true,0,-6.726288634146399e-18
813,G-,0.9609650012841074,0.0008946615336599752,true,0,-4.4121946222476505e-18
814,G+,0.9609650012841074,0.0010702697911779543,true,0,-5.905513708256982e-18
815,G-,0.9609650012841074,0.0011101258172445077,true,0,-7.902817397882622e-18
816,G+,0.9609650012841074,0.00109023877719703,true,0,-6.906706651911565e-18
817,G-,0.9609650012841074,0.0009622412381421501,true,0,-8.758320674609466e-18
818,G+,0.9609650012841074,0.001074933505180759,true,0,-7.16166356903511e-18
819,G-,0.9609650012841074,0.0009421916043049153,true,0,-9.171672752869564e-18
820,G+,0.9609650012841074,0.0016709798912521987,true,0,-6.4514264427623785e-18
821,G-,0.9609650012841074,0.0016182174614123466,true,0,-8.125587063010503e-18
822,G+,0.9609650012841074,0.0011721264333598882,true,0,-6.461167321655803e-18
823,G-,0.9609650012841074,0.0010435637186898537,true,0,-8.614325073576234e-18
824,G+,0.9609650012841074,0.0018705942576547094,true,0,-8.200125962368882e-18
825,G-,0.9609650012841074,0.001672751432172604,true,0,-6.568740505957099e-18
826,G+,0.9609650012841074,0.0010258074319243519,true,0,-8.676158478725798e-18
827,G-,0.9609650012841074,0.0010024350915938097,true,0,-5.414658115323115e-18
828,G+,0.9609650012841074,0.000995246797781409,true,0,-3.505445852211922e-18
829,G-,0.9609650012841074,0.0009951219442278331,true,0,-6.7754165450871484e-18
830,G+,0.9609650012841074,0.0009629505794379471,true,0,-7.475912792466455e-18
831,G-,0.9609650012841074,0.0010306100615481552,true,0,-8.960761549003243e-18
832,G+,0.9609650012841074,0.0010337473602128713,true,0,-7.797150037712648e-18
833,G-,0.9609650012841074,0.0009446879484742047,true,0,-4.540520113756677e-18
834,G+,0.9709650009929809,0.03207193408512041,true,0,-6.973033769860992e-18
835,G-,0.9509650009929809,0.02437425186053929,true,0,-6.973033769860992e-18
836,G+,0.9609650009929809,0.0013265064164593597,true,0,-3.393213986700727e-18
837,G-,0.9609650009929809,0.0020000612457395338,true,0,-7.07526620841517e-18
838,G+,0.9609650009929809,0.0011525831790156892,true,0,-3.9243036446291735e-18
839,G-,0.9609650009929809,0.0011734592957877879,true,0,-3.2924170659774654e-18
840,G+,0.9609650009929809,0.0015227536137420276,true,0,-5.567547562302516e-18
841,G-,0.9609650009929809,0.002078732781405161,true,0,-3.5973489269890135e-18
842,G+,0.9609650009929809,0.0009797924879446649,true,0,-5.333766468860329e-18
843,G-,0.9609650009929809,0.001056216555824224,true,0,-5.96226491572302e-18
844,G+,0.9609650009929809,0.0011660556386260486,true,0,-3.920915512840156e-18
845,G-,0.9609650009929809,0.0008946614543272102,true,0,-3.463517721322834e-18
846,G+,0.9609650009929809,0.001070269993718051,true,0,-5.011046915956441e-18
847,G-,0.9609650009929809,0.001110125586333451,true,0,-5.3346135018075835e-18
848,G+,0.9609650009929809,0.0010902388153155034,true,0,-2.1921212674941293e-18
849,G-,0.9609650009929809,0.0009622411939378075,true,0,-6.689866217414464e-18
850,G+,0.9609650009929809,0.0010749335272918826,true,0,-2.8434896039326862e-18
851,G-,0.9609650009929809,0.0009421915613607399,true,0,-4.562966486858916e-18
852,G+,0.9609650009929809,0.0016709797156461554,true,0,-4.552378575018237e-18
853,G-,0.9609650009929809,0.0016182176154625181,true,0,-3.0929408068990777e-18
854,G+,0.9609650009929809,0.001172126329241121,true,0,-3.1577388273640317e-18
855,G-,0.9609650009929809,0.0010435638139962673,true,0,-6.691560283308973e-18
856,G+,0.9609650009929809,0.0018705940907402902,true,0,-5.058480761002682e-18
857,G-,0.9609650009929809,0.0016727516113959815,true,0,-1.8550021544869177e-18
858,G+,0.9609650009929809,0.0010258073776655077,true,0,-2.9375102610779136e-18
859,G-,0.9609650009929809,0.0010024351164162654,true,0,-6.628244570501714e-18
860,G+,0.9609650009929809,0.0009952467557773198,true,0,-7.925687287458488e-18
861,G-,0.9609650009929809,0.0009951219615527925,true,0,-6.382393257561153e-18
862,G+,0.9609650009929809,0.0009629505295511771,true,0,-3.5744790374131474e-18
863,G-,0.9609650009929809,0.0010306100815510278,true,0,-4.667151539371195e-18
864,G+,0.9609650009929809,0.001033747323429195,true,0,-6.80633324766193e-18
865,G-,0.9609650009929809,0.0009446879603755882,true,0,-6.3358064454621665e-18
866,G+,0.970965001298566,0.03207193655688708,true,0,-7.455088047178402e-18
867,G-,0.950965001298566,0.024374250171700428,true,0,-7.455088047178402e-18
868,G+,0.960965001298566,0.0013265056402674768,true,0,-8.65074749030817e-18
869,G-,0.960965001298566,0.0020000626589825625,true,0,-8.846412101123913e-18
870,G+,0.960965001298566,0.001152583050256185,true,0,-8.06968288849172e-18
871,G-,0.960965001298566,0.001173460002761799,true,0,-7.128629284092192e-18
872,G+,0.960965001298566,0.0015227527859704851,true,0,-9.056899788516606e-18
873,G-,0.960965001298566,0.0020787341805357422,true,0,-6.326489083042369e-18
874,G+,0.960965001298566,0.0009797926922881786,true,0,-7.847336739837465e-18
875,G-,0.960965001298566,0.0010562169592715869,true,0,-7.785926851161529e-18
876,G+,0.960965001298566,0.001166055993765936,true,0,-8.278052993516277e-18
877,G-,0.960965001298566,0.0008946616882525058,true,0,-7.532663999932493e-18
878,G+,0.960965001298566,0.0010702703047204575,true,0,-6.859272806865324e-18
879,G-,0.960965001298566,0.0011101258578962892,true,0,-8.116269700590706e-18
880,G+,0.960965001298566,0.0010902391351924586,true,0,-8.1349044254303e-18
881,G-,0.960965001298566,0.0009622414644564288,true,0,-9.05478220614847e-18
882,G+,0.960965001298566,0.0010749338389218568,true,0,-8.034954537654293e-18
883,G-,0.960965001298566,0.0009421918408293456,true,0,-7.873171244728722e-18
884,G+,0.960965001298566,0.0016709810420841278,true,0,-9.629070544386886e-18
885,G-,0.960965001298566,0.001618216855617458,true,0,-6.745770391933248e-18
886,G+,0.960965001298566,0.0011721269650088516,true,0,-8.128128161852266e-18
887,G-,0.960965001298566,0.0010435637223166665,true,0,-8.170479809214981e-18
888,G+,0.960965001298566,0.0018705953511753656,true,0,-6.814380060660846e-18
889,G-,0.960965001298566,0.0016727507949893317,true,0,-8.410190133287948e-18
890,G+,0.960965001298566,0.0010258077829161298,true,0,-6.477684464127262e-18
891,G-,0.960965001298566,0.0010024353311697488,true,0,-5.905513708256982e-18
892,G+,0.960965001298566,0.000995247051375914,true,0,-6.758052369668435e-18
893,G-,0.960965001298566,0.000995122257793315,true,0,-6.481496112389906e-18
894,G+,0.960965001298566,0.0009629508324908327,true,0,-8.24501870857336e-18
895,G-,0.960965001298566,0.0010306103726668407,true,0,-8.120504865326977e-18
896,G+,0.960965001298566,0.0010337476197558324,true,0,-7.361139828113497e-18
897,G-,0.960965001298566,0.0009446882565964456,true,0,-6.790663138137726e-18
898,G+,0.9709650009449697,0.03207193354135819,true,0,-4.664860865824811e-18
899,G-,0.9509650009449697,0.02437425240440404,true,0,-4.664860865824811e-18
900,G+,0.9609650009449697,0.001326506347105724,true,0,-5.099985375418142e-18
901,G-,0.9609650009449697,0.0020000614377497783,true,0,-5.5124904207309866e-18
902,G+,0.9609650009449697,0.0011525831417006156,true,0,-5.197394164352387e-18
903,G-,0.9609650009449697,0.0011734594550970765,true,0,-4.5112974770764036e-18
904,G+,0.9609650009449697,0.0015227535769715879,true,0,-7.763056961585663e-18
905,G-,0.9609650009449697,0.0020787329393070378,true,0,-4.349514184150832e-18
906,G+,0.9609650009449697,0.000979792519861983,true,0,-4.643011100374447e-18
907,G-,0.9609650009449697,0.0010562166573609294,true,0,-6.878331048178546e-18
908,G+,0.9609650009449697,0.0011660557527924313,true,0,-5.572629759986042e-18
909,G-,0.9609650009449697,0.0008946614639894969,true,0,-4.6010829694853594e-18
910,G+,0.9609650009449697,0.0010702702010200796,true,0,-3.5829493668856904e-18
911,G-,0.9609650009449697,0.0011101255068085465,true,0,-5.175371307723775e-18
912,G+,0.9609650009449697,0.0010902389185335642,true,0,-5.204170427930421e-18
913,G-,0.9609650009449697,0.0009622412325753878,true,0,-3.848917712323541e-18
914,G+,0.9609650009449697,0.0010749336202560491,true,0,-4.351208250045341e-18
915,G-,0.9609650009449697,0.0009421916020298993,true,0,-3.980207819147957e-18
916,G+,0.9609650009449697,0.0016709798861871121,true,0,-3.998842543987552e-18
917,G-,0.9609650009449697,0.0016182175661593196,true,0,-4.579907145804002e-18
918,G+,0.9609650009449697,0.0011721263987130004,true,0,-5.995299200665938e-18
919,G-,0.9609650009449697,0.001043563873984438,true,0,-4.345279019414561e-18
920,G+,0.9609650009449697,0.001870594223988292,true,0,-4.7789598884087625e-18
921,G-,0.9609650009449697,0.0016727515946795227,true,0,-4.40626539161687e-18
922,G+,0.9609650009449697,0.0010258074360810809,true,0,-3.904610128605511e-18
923,G-,0.9609650009449697,0.0010024351918828734,true,0,-7.920393331538149e-18
924,G+,0.9609650009449697,0.0009952467993251206,true,0,-5.672156131288422e-18
925,G-,0.9609650009449697,0.0009951220496948626,true,0,-6.150306230013475e-18
926,G+,0.9609650009449697,0.0009629505714650348,true,0,-3.8311300204312004e-18
927,G-,0.9609650009449697,0.0010306101684248985,true,0,-3.560926510257079e-18
928,G+,0.9609650009449697,0.001033747370382823,true,0,-2.5826034561783617e-18
929,G-,0.9609650009449697,0.0009446880456063273,true,0,-6.605162922689034e-18
930,G+,0.9709650008285192,0.03207193282844188,true,0,-5.236248318409611e-18
931,G-,0.9509650008285192,0.024374253295320645,true,0,-5.236248318409611e-18
932,G+,0.9609650008285192,0.0013265054324010112,true,0,-6.534012155119673e-18
933,G-,0.9609650008285192,0.00200006273194349,true,0,-4.459628467293891e-18
934,G+,0.9609650008285192,0.0011525828253683668,true,0,-4.450311104874094e-18
935,G-,0.9609650008285192,0.0011734600706870917,true,0,-8.472870571384766e-18
936,G+,0.9609650008285192,0.0015227525033483789,true,0,-7.841831025680313e-18
937,G-,0.9609650008285192,0.002078734334983416,true,0,-5.691214372601644e-18
938,G+,0.9609650008285192,0.0009797925587995138,true,0,-5.1143849355214654e-18
939,G-,0.9609650008285192,0.0010562169479084963,true,0,-4.8776392267638885e-18
940,G+,0.9609650008285192,0.0011660559606729906,true,0,-4.4858864886587746e-18
941,G-,0.9609650008285192,0.0008946615626744125,true,0,-8.121351898274232e-18
942,G+,0.9609650008285192,0.0010702704762812353,true,0,-5.820810413531552e-18
943,G-,0.9609650008285192,0.0011101255353452983,true,0,-3.640547607298983e-18
944,G+,0.9609650008285192,0.0010902390891214674,true,0,-3.776072878859671e-18
945,G-,0.9609650008285192,0.0009622413853010223,true,0,-7.865547948203433e-18
946,G+,0.9609650008285192,0.0010749337989475784,true,0,-5.3684948196977555e-18
947,G-,0.9609650008285192,0.0009421917405243434,true,0,-3.8988926562115445e-18
948,G+,0.9609650008285192,0.0016709811593193136,true,0,-8.643971226730135e-18
949,G-,0.9609650008285192,0.001618216598994363,true,0,-5.753894810698462e-18
950,G+,0.9609650008285192,0.0011721269180558775,true,0,-3.3457801416544863e-18
951,G-,0.9609650008285192,0.0010435636274558967,true,0,-8.458471011281443e-18
952,G+,0.9609650008285192,0.0018705955267968293,true,0,-6.509448199649298e-18
953,G-,0.9609650008285192,0.0016727504766903777,true,0,-4.9509075767013855e-18
954,G+,0.9609650008285192,0.0010258077001945231,true,0,-5.831186567135417e-18
955,G-,0.9609650008285192,0.001002435270187246,true,0,-6.381546224613899e-18
956,G+,0.9609650008285192,0.0009952469331005944,true,0,-6.422627322555732e-18
957,G-,0.9609650008285192,0.000995122229897317,true,0,-6.398486883558985e-18
958,G+,0.9609650008285192,0.0009629507038968505,true,0,-5.307508447495446e-18
959,G-,0.9609650008285192,0.0010306103476811891,true,0,-4.2800574824759796e-18
960,G+,0.9609650008285192,0.0010337475093690387,true,0,-5.315343502257548e-18
961,G-,0.9609650008285192,0.0009446882205931978,true,0,-5.1427605392544845e-18
962,G+,0.9709650006727798,0.032071931434567824,true,0,-4.936974463260805e-18
963,G-,0.9509650006727798,0.024374254049045033,true,0,-4.936974463260805e-18
964,G+,0.9609650006727798,0.0013265066072904108,true,0,-6.893154124755496e-18
965,G-,0.9609650006727798,0.0020000609543428115,true,0,-4.79420648145934e-18
966,G+,0.9609650006727798,0.0011525831273785805,true,0,-1.5128008437961804e-18
967,G-,0.9609650006727798,0.0011734592830393723,true,0,-7.328529059644207e-18
968,G+,0.9609650006727798,0.00152275393073946,true,0,-4.7565135153065236e-18
969,G-,0.9609650006727798,0.0020787323899319147,true,0,-3.5494915654691456e-18
970,G+,0.9609650006727798,0.0009797924189004898,true,0,-6.366299631563321e-18
971,G-,0.9609650006727798,0.00105621657080462,true,0,-5.0749979034741405e-18
972,G+,0.9609650006727798,0.0011660556920298714,true,0,-1.2375151359385328e-18
973,G-,0.9609650006727798,0.0008946613346883379,true,0,-7.326834993749698e-18
974,G+,0.9609650006727798,0.0010702703085461642,true,0,-5.8106460181645e-18
975,G-,0.9609650006727798,0.0011101252167265573,true,0,-8.358521123505436e-18
976,G+,0.9609650006727798,0.0010902388575662174,true,0,-5.905513708256982e-18
977,G-,0.9609650006727798,0.00096224112517758,true,0,-3.350862339338012e-18
978,G+,0.9609650006727798,0.0010749335600247364,true,0,-2.876523888875604e-18
979,G-,0.9609650006727798,0.0009421914829942949,true,0,-3.2847937694521767e-18
980,G+,0.9609650006727798,0.0016709794333263457,true,0,-3.827741888642183e-18
981,G-,0.9609650006727798,0.0016182178281490905,true,0,-3.628689146037423e-18
982,G+,0.9609650006727798,0.0011721261369662054,true,0,-5.321060974651515e-18
983,G-,0.9609650006727798,0.0010435639713777672,true,0,-2.329340604949326e-18
984,G+,0.9609650006727798,0.0018705937356734384,true,0,-2.021867645096015e-18
985,G-,0.9609650006727798,0.0016727519454728802,true,0,-2.392021043046144e-18
986,G+,0.9609650006727798,0.001025807274978173,true,0,-3.910115842762664e-18
987,G-,0.9609650006727798,0.0010024351581915793,true,0,-5.9366421690685775e-18
988,G+,0.9609650006727798,0.0009952466672136424,true,0,-5.728060305807206e-18
989,G-,0.9609650006727798,0.0009951219992952397,true,0,-4.405841875143243e-18
990,G+,0.9609650006727798,0.0009629504347598074,true,0,-3.1916201452542037e-18
991,G-,0.9609650006727798,0.0010306101165010774,true,0,-3.4931638744767346e-18
992,G+,0.9609650006727798,0.001033747243404163,true,0,-2.4451723604863515e-18
993,G-,0.9609650006727798,0.0009446879910124856,true,0,-5.496185036496341e-18
994,G+,0.9709650005468362,0.03207193105346,true,0,-7.105052656732398e-18
995,G-,0.9509650005468362,0.024374254409952986,true,0,-7.105052656732398e-18
996,G+,0.9609650005468362,0.0013265060635039292,true,0,-7.237049501340742e-18
997,G-,0.9609650005468362,0.0020000614835467864,true,0,-4.393559897408056e-18
998,G+,0.9609650005468362,0.0011525829286121896,true,0,-5.1990882302468955e-18
999,G-,0.9609650005468362,0.0011734594030386458,true,0,-7.60889696518538e-18
1000,G+,0.9609650005468362,0.0015227531750397667,true,0,-8.234007280259054e-18
1001,G-,0.9609650005468362,0.0020787330970254026,true,0,-7.620331909973313e-18
1002,G+,0.9609650005468362,0.0009797923524470036,true,0,-4.133944299074613e-18
1003,G-,0.9609650005468362,0.0010562165593732793,true,0,-4.549413959702847e-18
1004,G+,0.9609650005468362,0.001166055594396189,true,0,-4.714585384417436e-18
1005,G-,0.9609650005468362,0.0008946613543430616,true,0,-6.953293464010551e-18
1006,G+,0.9609650005468362,0.0010702701079932876,true,0,-5.78692909564138e-18
1007,G-,0.9609650005468362,0.001110125331535905,true,0,-6.5187655620690954e-18
1008,G+,0.9609650005468362,0.001090238754478604,true,0,-4.573977915173222e-18
1009,G-,0.9609650005468362,0.0009622411338478193,true,0,-5.202476362035913e-18
1010,G+,0.9609650005468362,0.0010749334830123364,true,0,-5.407458335271453e-18
1011,G-,0.9609650005468362,0.0009421914743469374,true,0,-8.699028368301664e-18
1012,G+,0.9609650005468362,0.0016709800013573945,true,0,-8.234854313206308e-18
1013,G-,0.9609650005468362,0.00161821719594176,true,0,-7.312011917172748e-18
1014,G+,0.9609650005468362,0.0011721263515910856,true,0,-4.4265941823509736e-18
1015,G-,0.9609650005468362,0.0010435636493692885,true,0,-4.907708896391416e-18
1016,G+,0.9609650005468362,0.0018705944280277837,true,0,-6.313783588833555e-18
1017,G-,0.9609650005468362,0.0016727511132370058,true,0,-5.651403824080692e-18
1018,G+,0.9609650005468362,0.0010258073230760513,true,0,-6.7798634680602335e-18
1019,G-,0.9609650005468362,0.0010024350412468036,true,0,-6.849320169735086e-18
1020,G+,0.9609650005468362,0.0009952466473469015,true,0,-5.945747773251561e-18
1021,G-,0.9609650005468362,0.0009951219338793728,true,0,-9.643046588016582e-18
1022,G+,0.9609650005468362,0.000962950414059455,true,0,-5.61752250619052e-18
1023,G-,0.9609650005468362,0.001030610054844107,true,0,-8.488964197382598e-18
1024,G+,0.9609650005468362,0.0010337472217784205,true,0,-8.238665961468952e-18
1025,G-,0.9609650005468362,0.0009446879260106073,true,0,-3.927691776418191e-18
1026,G+,0.9709650002961052,0.032071930197429654,true,0,-8.625725362404558e-18
1027,G-,0.9509650002961052,0.024374255345883035,true,0,-8.625725362404558e-18
1028,G+,0.9609650002961052,0.0013265050377026992,true,0,-6.71866533762111e-18
1029,G-,0.9609650002961052,0.0020000627299073246,true,0,-8.480493867910055e-18
1030,G+,0.9609650002961052,0.0011525825528317054,true,0,-6.8236974230806435e-18
1031,G-,0.9609650002961052,0.001173459914506765,true,0,-5.942783157936171e-18
1032,G+,0.9609650002961052,0.0015227519502133092,true,0,-6.250679634263109e-18
1033,G-,0.9609650002961052,0.002078734476747658,true,0,-9.388513187366665e-18
1034,G+,0.9609650002961052,0.0009797923088144624,true,0,-3.2394775067740716e-18
1035,G-,0.9609650002961052,0.0010562167614786536,true,0,-7.019785550370014e-18
1036,G+,0.9609650002961052,0.0011660556741811814,true,0,-6.96684599116662e-18
1037,G-,0.9609650002961052,0.0008946614154947089,true,0,-5.904666675309728e-18
1038,G+,0.9609650002961052,0.0010702702086274212,true,0,-7.726634544853728e-18
1039,G-,0.9609650002961052,0.0011101253648120191,true,0,-8.378849914239539e-18
1040,G+,0.9609650002961052,0.0010902387984911862,true,0,-7.90451146377713e-18
1041,G-,0.9609650002961052,0.0009622412341490517,true,0,-9.759513618264049e-18
1042,G+,0.9609650002961052,0.0010749335569730234,true,0,-7.741034104957051e-18
1043,G-,0.9609650002961052,0.0009421915446133486,true,0,-6.5077541337547895e-18
1044,G+,0.9609650002961052,0.0016709812650724121,true,0,-5.387553061010977e-18
1045,G-,0.9609650002961052,0.0016182160696388025,true,0,-8.87055254012066e-18
1046,G+,0.9609650002961052,0.0011721268290125248,true,0,-7.465748397099403e-18
1047,G-,0.9609650002961052,0.0010435632670399595,true,0,-9.46644021851406e-18
1048,G+,0.9609650002961052,0.001870595752394785,true,0,-4.967001202699217e-18
1049,G-,0.9609650002961052,0.0016727497913563163,true,0,-6.102872384967234e-18
1050,G+,0.9609650002961052,0.00102580751805595,true,0,-8.066082998465889e-18
1051,G-,0.9609650002961052,0.0010024350173664404,true,0,-5.5374778926749885e-18
1052,G+,0.9609650002961052,0.0009952467003557495,true,0,-9.450346592516229e-18
1053,G-,0.9609650002961052,0.0009951220226426208,true,0,-7.009621155002962e-18
1054,G+,0.9609650002961052,0.0009629504669407614,true,0,-7.347163784483801e-18
1055,G-,0.9609650002961052,0.001030610142295889,true,0,-9.856922407198293e-18
1056,G+,0.9609650002961052,0.0010337472787907917,true,0,-8.064812449045007e-18
1057,G-,0.9609650002961052,0.0009446880108227286,true,0,-4.806276700957714e-18
1058,G+,0.9709650002352792,0.03207193003625141,true,0,-5.315299159237484e-18
1059,G-,0.9509650002352792,0.024374255096043906,true,0,-5.315299159237484e-18
1060,G+,0.9609650002352792,0.0013265060741459958,true,0,-6.6542908336297835e-18
1061,G-,0.9609650002352792,0.002000061126836049,true,0,-7.15573433840433e-18
1062,G+,0.9609650002352792,0.001152582860648133,true,0,-8.412731232129711e-18
1063,G-,0.9609650002352792,0.0011734591367885837,true,0,-5.155889549936926e-18
1064,G+,0.9609650002352792,0.001522753168891519,true,0,-6.2540677660521266e-18
1065,G-,0.9609650002352792,0.0020787327608417588,true,0,-7.572898064927072e-18
1066,G+,0.9609650002352792,0.0009797921920404557,true,0,-4.982671312223422e-18
1067,G-,0.9609650002352792,0.0010562163721380127,true,0,-6.441262047395327e-18
1068,G+,0.9609650002352792,0.0011660553675674299,true,0,-8.328027937404281e-18
1069,G-,0.9609650002352792,0.0008946612418969689,true,0,-5.2524513059239164e-18
1070,G+,0.9609650002352792,0.0010702698687369892,true,0,-8.177256072793015e-18
1071,G-,0.9609650002352792,0.0011101252286399377,true,0,-7.091359834413002e-18
1072,G+,0.9609650002352792,0.0010902385332436473,true,0,-6.291760732204943e-18
1073,G-,0.9609650002352792,0.0009622410038169845,true,0,-8.138292557219318e-18
1074,G+,0.9609650002352792,0.0010749332921563104,true,0,-9.140332533821155e-18
1075,G-,0.9609650002352792,0.0009421913188954502,true,0,-5.494702728838646e-18
1076,G+,0.9609650002352792,0.0016709797129522968,true,0,-4.8073354921417816e-18
1077,G-,0.9609650002352792,0.001618217142535848,true,0,-7.079501373151442e-18
1078,G+,0.9609650002352792,0.0011721261514033767,true,0,-6.5187655620690954e-18
1079,G-,0.9609650002352792,0.0010435635060398558,true,0,-8.141680689008335e-18
1080,G+,0.9609650002352792,0.0018705941744499679,true,0,-2.738457518473153e-18
1081,G-,0.9609650002352792,0.0016727510348934767,true,0,-6.731370831829925e-18
1082,G+,0.9609650002352792,0.0010258071410709354,true,0,-8.550585844295348e-18
1083,G-,0.9609650002352792,0.0010024348716315933,true,0,-7.86004223404628e-18
1084,G+,0.9609650002352792,0.0009952464704449228,true,0,-4.9847888945915575e-18
1085,G-,0.9609650002352792,0.0009951217645979805,true,0,-7.165475217297754e-18
1086,G+,0.9609650002352792,0.0009629502366220555,true,0,-5.22365218571727e-18
1087,G-,0.9609650002352792,0.0010306098853076293,true,0,-4.6603752757931605e-18
1088,G+,0.9609650002352792,0.0010337470444567725,true,0,-7.672424436229452e-18
1089,G-,0.9609650002352792,0.0009446877574722964,true,0,-7.860889266993534e-18
1090,G+,0.9709650004828954,0.032071931793438424,true,0,-3.606135717770318e-18
1091,G-,0.9509650004828953,0.024374253792816273,true,0,-3.606135717770318e-18
1092,G+,0.9609650004828953,0.0013265058698481165,true,0,-5.401529104640673e-18
1093,G-,0.9609650004828953,0.00200006160901071,true,0,-3.169597288625592e-18
1094,G+,0.9609650004828953,0.0011525828860068882,true,0,-1.8888834723770898e-18
1095,G-,0.9609650004828953,0.0011734593564291448,true,0,-6.4035690812425106e-18
1096,G+,0.9609650004828953,0.0015227528957713168,true,0,-4.44946407192684e-18
1097,G-,0.9609650004828953,0.002078733290551199,true,0,-5.678085361919202e-18
1098,G+,0.9609650004828953,0.0009797923185281001,true,0,-5.485808882892476e-18
1099,G-,0.9609650004828953,0.0010562164968181357,true,0,-7.753316082692238e-18
1100,G+,0.9609650004828953,0.0011660554879674735,true,0,-2.1480755542369057e-18
1101,G-,0.9609650004828953,0.0008946613707578093,true,0,-6.667843360785852e-18
1102,G+,0.9609650004828953,0.001070269869835987,true,0,-6.466249519339329e-18
1103,G-,0.9609650004828953,0.001110125472672329,true,0,-4.54009659728305e-18
1104,G+,0.9609650004828953,0.0010902386516199725,true,0,-5.4836913005243404e-18
1105,G-,0.9609650004828953,0.0009622411242010096,true,0,-2.4868887331386258e-18
1106,G+,0.9609650004828953,0.0010749333990972654,true,0,-2.5334755452376123e-18
1107,G-,0.9609650004828953,0.0009421914564989676,true,0,-4.12843858491746e-18
1108,G+,0.9609650004828953,0.0016709801490423079,true,0,-4.448193522505958e-18
1109,G-,0.9609650004828953,0.0016182169589454593,true,0,-5.656909538237845e-18
1110,G+,0.9609650004828953,0.0011721264136416681,true,0,-5.043234167952104e-18
1111,G-,0.9609650004828953,0.0010435634765311504,true,0,-2.341199066210886e-18
1112,G+,0.9609650004828953,0.001870594629306871,true,0,-7.964650803032186e-18
1113,G-,0.9609650004828953,0.001672750789071726,true,0,-6.669537426680361e-18
1114,G+,0.9609650004828953,0.001025807320772236,true,0,-4.068087487425591e-18
1115,G-,0.9609650004828953,0.0010024349499540503,true,0,-4.7789598884087625e-18
1116,G+,0.9609650004828953,0.000995246626461444,true,0,-4.03484144424586e-18
1117,G-,0.9609650004828953,0.0009951218554022352,true,0,-5.855538764368978e-18
1118,G+,0.9609650004828953,0.0009629503950997824,true,0,-2.535169611132121e-18
1119,G-,0.9609650004828953,0.0010306099783356944,true,0,-4.335114624047509e-18
1120,G+,0.9609650004828953,0.0010337471966969099,true,0,-7.717105424197117e-18
1121,G-,0.9609650004828953,0.0009446878511999143,true,0,-5.510796354836478e-18
1122,G+,0.9709649984238142,0.03207190382975119,true,0,-7.299555307393084e-18
1123,G-,0.9509649984238142,0.024374266846294533,true,0,-7.299555307393084e-18
1124,G+,0.9609649984238142,0.0013265041940017394,true,0,-9.254681981700486e-18
1125,G-,0.9609649984238142,0.002000059868322108,true,0,-6.881295663493936e-18
1126,G+,0.9609649984238142,0.0011525812219613627,true,0,-6.063061836446282e-18
1127,G-,0.9609649984238142,0.0011734576199191977,true,0,-7.545369494141307e-18
1128,G+,0.9609649984238142,0.0015227513862474677,true,0,-4.466404730871926e-18
1129,G-,0.9609649984238142,0.0020787313975848504,true,0,-8.281864641778922e-18
1130,G+,0.9609649984238142,0.0009797903881453517,true,0,-7.36368092695526e-18
1131,G-,0.9609649984238142,0.00105621488480197,true,0,-7.99387343971246e-18
1132,G+,0.9609649984238142,0.0011660535493590923,true,0,-5.4921616299968834e-18
1133,G-,0.9609649984238142,0.0008946598236039071,true,0,-7.32344686196068e-18
1134,G+,0.9609649984238142,0.00107026826129583,true,0,-6.872825334021393e-18
1135,G-,0.9609649984238142,0.0011101236509033245,true,0,-5.1143849355214654e-18
1136,G+,0.9609649984238142,0.0010902367628261738,true,0,-6.312089522939046e-18
1137,G-,0.9609649984238142,0.00096223965377405,true,0,-4.514685608865421e-18
1138,G+,0.9609649984238142,0.0010749315095211626,true,0,-8.191655632896339e-18
1139,G-,0.9609649984238142,0.0009421899275217602,true,0,-6.303619193466503e-18
1140,G+,0.9609649984238142,0.0016709785720631365,true,0,-3.873058151320288e-18
1141,G-,0.9609649984238142,0.001618215197536995,true,0,-8.117963766485214e-18
1142,G+,0.9609649984238142,0.0011721246201397894,true,0,-6.606856988583543e-18
1143,G-,0.9609649984238142,0.0010435618082941414,true,0,-5.102526474259905e-18
1144,G+,0.9609649984238142,0.0018705927906661742,true,0,-9.083581326355117e-18
1145,G-,0.9609649984238142,0.0016727491751036827,true,0,-5.95040645446146e-18
1146,G+,0.9609649984238142,0.0010258054345105632,true,0,-4.4869452798428425e-18
1147,G-,0.9609649984238142,0.001002433440799708,true,0,-3.511798599316329e-18
1148,G+,0.9609649984238142,0.0009952446854927918,true,0,-7.36368092695526e-18
1149,G-,0.9609649984238142,0.0009951203783872791,true,0,-7.993026406765205e-18
1150,G+,0.9609649984238142,0.0009629485943152184,true,0,-8.714274961352242e-18
1151,G-,0.9609649984238142,0.0010306083512046998,true,0,-6.406957213031528e-18
1152,G+,0.9609649984238142,0.00103374530910158,true,0,-4.636870111506854e-18
1153,G-,0.9609649984238142,0.0009446862799372312,true,0,-3.3606032182314366e-18
1154,F,0.9561100410972472,0.2161961360884435,true,0,-3.733721231496956e-18
1155,G+,0.9661100410972472,0.21446965200809592,true,0,-3.733721231496956e-18
1156,G-,0.9461100410972472,0.28788284635854017,true,0,-3.733721231496956e-18
1157,G+,0.9561100410972472,0.2292731639797508,true,0,-3.774378812965162e-18
1158,G-,0.9561100410972472,0.2040234086212394,true,0,-3.916680348103885e-18
1159,G+,0.9561100410972472,0.2213551526944067,true,0,-2.439454888092385e-18
1160,G-,0.9561100410972472,0.21209982330212387,true,0,-7.31158840069912e-18
1161,G+,0.9561100410972472,0.23295713132537957,true,0,-4.404571325722362e-18
1162,G-,0.9561100410972472,0.2025675630116303,true,0,-4.641740550953566e-18
1163,G+,0.9561100410972472,0.2199811102978243,true,0,-4.790818349670323e-18
1164,G-,0.9561100410972472,0.21290453675929608,true,0,-2.1412992906588713e-18
1165,G+,0.9561100410972472,0.21425676472421898,true,0,-2.5478751053409354e-18
1166,G-,0.9561100410972472,0.218160309924363,true,0,-7.745269269693322e-18
1167,G+,0.9561100410972472,0.21787506403164553,true,0,-3.550762114890027e-18
1168,G-,0.9561100410972472,0.21462242809768242,true,0,-6.579751934271405e-18
1169,G+,0.9561100410972472,0.21484564213924776,true,0,-4.946672411965114e-18
1170,G-,0.9561100410972472,0.2175303115254526,true,0,-7.135405547670226e-18
1171,G+,0.9561100410972472,0.2146803504224687,true,0,-4.6349642873755315e-18
1172,G-,0.9561100410972472,0.2176447399722685,true,0,-6.281596336837891e-18
1173,G+,0.9561100410972472,0.20572963296258767,true,0,-4.675621868843738e-18
1174,G-,0.9561100410972472,0.2273287600228257,true,0,-4.777265822514254e-18
1175,G+,0.9561100410972472,0.21205063088798223,true,0,-5.136407792150077e-18
1176,G-,0.9561100410972472,0.22053142962275,true,0,-7.135405547670226e-18
1177,G+,0.9561100410972472,0.2035562198193669,true,0,-6.6542908336297835e-18
1178,G-,0.9561100410972472,0.23058736780029043,true,0,-6.4035690812425106e-18
1179,G+,0.9561100410972472,0.21405977320430852,true,0,-2.439454888092385e-18
1180,G-,0.9561100410972472,0.2181886544164434,true,0,-5.563312397566245e-18
1181,G+,0.9561100410972472,0.21542304567970005,true,0,-6.606856988583543e-18
1182,G-,0.9561100410972472,0.2170242951195753,true,0,-3.686287386450715e-18
1183,G+,0.9561100410972472,0.21483395270669675,true,0,-4.526544070126981e-18
1184,G-,0.9561100410972472,0.2175122701671268,true,0,-3.679511122872681e-18
1185,G+,0.9561100410972472,0.21532399162429997,true,0,-4.4181238528784306e-18
1186,G-,0.9561100410972472,0.2169603038856051,true,0,-2.947674656444965e-18
1187,G+,0.9661100411524424,0.2144695848533065,true,0,-1.2739375526704677e-18
1188,G-,0.9461100411524423,0.28788277340829255,true,0,-1.2739375526704677e-18
1189,G+,0.9561100411524424,0.22927308707668434,true,0,-9.012430558785756e-19
1190,G-,0.9561100411524424,0.20402334626107474,true,0,-3.4287893704854078e-18
1191,G+,0.9561100411524424,0.22135507996141357,true,0,-2.9815559743351372e-18
1192,G-,0.9561100411524424,0.21209975670025347,true,0,-1.6195269951502222e-18
1193,G+,0.9561100411524424,0.23295705025005836,true,0,-2.846030702774449e-19
1194,G-,0.9561100411524424,0.2025675035985021,true,0,1.8295911660692887e-19
1195,G+,0.9561100411524424,0.21998103969501726,true,0,8.470329472543003e-19
1196,G-,0.9561100411524424,0.21290446847931188,true,0,-7.860465750519907e-19
1197,G+,0.9561100411524424,0.21425669532707742,true,0,-2.4936649967166602e-18
1198,G-,0.9561100411524424,0.2181602402470895,true,0,-1.2671612890924333e-18
1199,G+,0.9561100411524424,0.21787499473549915,true,0,-2.4936649967166602e-18
1200,G-,0.9561100411524424,0.21462235840420973,true,0,6.098637220230962e-20
1201,G+,0.9561100411524424,0.21484557267636076,true,0,-1.7279472123987727e-18
1202,G-,0.9561100411524424,0.21753024192355389,true,0,-2.0938654456126304e-18
1203,G+,0.9561100411524424,0.21468028103496825,true,0,-2.9544509200229996e-18
1204,G-,0.9561100411524424,0.21764467033919238,true,0,-3.4626706883755798e-18
1205,G+,0.9561100411524424,0.205729570653164,true,0,-3.672734859294646e-18
1206,G-,0.9561100411524424,0.22732868293053607,true,0,-3.8285889215894375e-18
1207,G+,0.9561100411524424,0.2120505642167176,true,0,-1.2671612890924333e-18
1208,G-,0.9561100411524424,0.22053135715762334,true,0,-2.0396553369883552e-18
1209,G+,0.9561100411524424,0.20355616044113015,true,0,5.285485590866834e-19
1210,G-,0.9561100411524424,0.23058728731315867,true,0,-3.367802998283098e-18
1211,G+,0.9561100411524424,0.21405970470004665,true,0,-2.222614453595284e-18
1212,G-,0.9561100411524424,0.21818858394798465,true,0,9.825582188149884e-19
1213,G+,0.9561100411524424,0.21542297612960914,true,0,6.776263578034403e-21
1214,G-,0.9561100411524424,0.217024225653833,true,0,-2.710505431213761e-19
1215,G+,0.9561100411524424,0.21483388329566636,true,0,-2.791820594150174e-18
1216,G-,0.9561100411524424,0.21751220056753315,true,0,-3.300040362502754e-18
1217,G+,0.9561100411524424,0.2153239220868824,true,0,-4.0657581468206416e-19
1218,G-,0.9561100411524424,0.21696023441296924,true,0,-2.9205696021328276e-18
1219,G+,0.9661100409812797,0.2144696294069863,true,0,-6.383240290508407e-18
1220,G-,0.9461100409812797,0.2878828221554398,true,0,-6.383240290508407e-18
1221,G+,0.9561100409812797,0.229273138307964,true,0,-3.3881317890172014e-18
1222,G-,0.9561100409812797,0.20402338772766831,true,0,-4.9873299934333204e-18
1223,G+,0.9561100409812797,0.22135512840491486,true,0,-4.323256162785949e-18
1224,G-,0.9561100409812797,0.21209980100090528,true,0,-6.844026213814747e-18
1225,G+,0.9561100409812797,0.23295710431919217,true,0,-7.677506633912978e-18
1226,G-,0.9561100409812797,0.20256754304927563,true,0,-3.1170812458958252e-18
1227,G+,0.9561100409812797,0.2199810867004281,true,0,-2.5004412602946946e-18
1228,G-,0.9561100409812797,0.21290451391110476,true,0,-5.685285141970864e-18
1229,G+,0.9561100409812797,0.21425674152802562,true,0,-4.160625836913123e-18
1230,G-,0.9561100409812797,0.2181602866217396,true,0,-7.277707082808949e-18
1231,G+,0.9561100409812797,0.21787504082653036,true,0,-6.254491282525754e-18
1232,G-,0.9561100409812797,0.2146224048255325,true,0,-2.72405795836983e-18
1233,G+,0.9561100409812797,0.2148456189188946,true,0,-5.265156800132731e-18
1234,G-,0.9561100409812797,0.2175302882462366,true,0,-6.877907531704919e-18
1235,G+,0.9561100409812797,0.21468032721844388,true,0,-6.281596336837891e-18
1236,G-,0.9561100409812797,0.2176447166965487,true,0,-5.6785088783928295e-18
1237,G+,0.9561100409812797,0.2057296120558181,true,0,-7.32514092785519e-18
1238,G-,0.9561100409812797,0.22732873431631154,true,0,-6.667843360785852e-18
1239,G+,0.9561100409812797,0.21205060857632127,true,0,-5.7801528320633455e-18
1240,G-,0.9561100409812797,0.22053140541123806,true,0,-6.905012586017056e-18
1241,G+,0.9561100409812797,0.2035561998476661,true,0,-3.8014838672773e-18
1242,G-,0.9561100409812797,0.23058734100936598,true,0,-4.363913744254155e-18
1243,G+,0.9561100409812797,0.21405975030015012,true,0,-3.950561665994057e-18
1244,G-,0.9561100409812797,0.21818863085068851,true,0,-3.8624702394796095e-18
1245,G+,0.9561100409812797,0.21542302243939854,true,0,-3.5914196963582334e-18
1246,G-,0.9561100409812797,0.2170242718747244,true,0,-5.739495250595139e-18
1247,G+,0.9561100409812797,0.21483392950754543,true,0,-6.52554182564713e-18
1248,G-,0.9561100409812797,0.21751224688388723,true,0,-6.383240290508407e-18
1249,G+,0.9561100409812797,0.21532396838693835,true,0,-6.5526468799592674e-18
1250,G-,0.9561100409812797,0.21696028064058032,true,0,-5.434563389583591e-18
1251,G+,0.9661100411471912,0.21446964710029937,true,0,-5.339695699491109e-18
1252,G-,0.9461100411471912,0.2878828345199888,true,0,-5.339695699491109e-18
1253,G+,0.9561100411471912,0.22927315545669183,true,0,-1.748276003132876e-18
1254,G-,0.9561100411471912,0.20402340093434346,true,0,-4.81792340398246e-18
1255,G+,0.9561100411471912,0.22135514447460017,true,0,-5.075421419947768e-18
1256,G-,0.9561100411471912,0.21209981530897626,true,0,-6.071532165918825e-18
1257,G+,0.9561100411471912,0.2329571228110971,true,0,-5.0889739471038364e-18
1258,G-,0.9561100411471912,0.20256755528073997,true,0,-1.3688052427629493e-18
1259,G+,0.9561100411471912,0.21998110216840094,true,0,-3.415236843329339e-18
1260,G-,0.9561100411471912,0.21290452869331214,true,0,-6.349358972618235e-18
1261,G+,0.9561100411471912,0.21425675671597286,true,0,-5.183841637196318e-18
1262,G-,0.9561100411471912,0.21816030175923523,true,0,-6.0173220572945496e-18
1263,G+,0.9561100411471912,0.21787505576894597,true,0,-2.0396553369883552e-18
1264,G-,0.9561100411471912,0.2146224201571839,true,0,-3.4423418976414766e-18
1265,G+,0.9561100411471912,0.2148456341202124,true,0,-3.869246503057644e-18
1266,G-,0.9561100411471912,0.21753030335625811,true,0,-6.139294801699169e-18
1267,G+,0.9561100411471912,0.21468034234670721,true,0,-3.611748487092337e-18
1268,G-,0.9561100411471912,0.21764473188151354,true,0,-4.1470733097570545e-18
1269,G+,0.9561100411471912,0.20572962508603826,true,0,-5.061868892791699e-18
1270,G-,0.9561100411471912,0.22732875167995806,true,0,-1.8295911660692887e-18
1271,G+,0.9561100411471912,0.21205062292102092,true,0,-5.0889739471038364e-18
1272,G-,0.9561100411471912,0.22053142139523016,true,0,-3.3949080525952358e-18
1273,G+,0.9561100411471912,0.2035562119350155,true,0,-3.3542504711270293e-18
1274,G-,0.9561100411471912,0.23058735945535616,true,0,-3.076423664427619e-18
1275,G+,0.9561100411471912,0.21405976518856382,true,0,-3.449118161219511e-18
1276,G-,0.9561100411471912,0.21818864624260553,true,0,-3.781155076543197e-18
1277,G+,0.9561100411471912,0.2154230376492597,true,0,-3.2526065174565133e-18
1278,G-,0.9561100411471912,0.21702428694871265,true,0,-4.099639464710814e-18
1279,G+,0.9561100411471912,0.21483394468442327,true,0,-4.0454293560865384e-18
1280,G-,0.9561100411471912,0.2175122619954968,true,0,-4.30970363562988e-18
1281,G+,0.9561100411471912,0.21532398358699498,true,0,-2.7985968577282083e-18
1282,G-,0.9561100411471912,0.2169602957292645,true,0,-3.957337929572091e-18
1283,G+,0.9661100409153512,0.2144696619028049,true,0,-1.5111067779016718e-18
1284,G-,0.9461100409153512,0.28788284859499325,true,0,-1.5111067779016718e-18
1285,G+,0.9561100409153512,0.2292731715736084,true,0,-5.04831636563563e-18
1286,G-,0.9561100409153512,0.20402341363323914,true,0,-2.6698478497455547e-18
1287,G+,0.9561100409153512,0.2213551596396519,true,0,-1.7618285302889447e-18
1288,G-,0.9561100409153512,0.21209982897891194,true,0,-3.1916201452542037e-18
1289,G+,0.9561100409153512,0.23295714007882096,true,0,-1.3688052427629493e-18
1290,G-,0.9561100409153512,0.2025675671368593,true,0,-4.47911022508074e-18
1291,G+,0.9561100409153512,0.21998111679883708,true,0,-1.2671612890924333e-18
1292,G-,0.9561100409153512,0.21290454278181953,true,0,-7.318364664277155e-19
1293,G+,0.9561100409153512,0.21425677112262398,true,0,-2.656295322589486e-18
1294,G-,0.9561100409153512,0.21816031614133063,true,0,-3.1374100366299285e-18
1295,G+,0.9561100409153512,0.21787507004992424,true,0,-4.743384504624082e-18
1296,G-,0.9561100409153512,0.21462243463044944,true,0,-3.3542504711270293e-18
1297,G+,0.9561100409153512,0.21484564853692723,true,0,-3.4558944247975454e-18
1298,G-,0.9561100409153512,0.2175303177187637,true,0,-1.2265037076242269e-18
1299,G+,0.9561100409153512,0.21468035671789176,true,0,-2.846030702774449e-18
1300,G-,0.9561100409153512,0.2176447462902751,true,0,-4.763713295358185e-18
1301,G+,0.9561100409153512,0.2057296376720924,true,0,-1.748276003132876e-18
1302,G-,0.9561100409153512,0.22732876794383106,true,0,-3.9641141931501256e-18
1303,G+,0.9561100409153512,0.21205063659626222,true,0,-4.133520782600986e-18
1304,G-,0.9561100409153512,0.22053143651128992,true,0,-1.6059744679941534e-18
1305,G+,0.9561100409153512,0.20355622371624899,true,0,-5.515878552520004e-18
1306,G-,0.9561100409153512,0.23058737664327617,true,0,-3.855693975901575e-18
1307,G+,0.9561100409153512,0.2140597793372025,true,0,-3.496552006265752e-18
1308,G-,0.9561100409153512,0.21818866084701716,true,0,-1.917682592583736e-18
1309,G+,0.9561100409153512,0.21542305206613474,true,0,-2.541098841762901e-18
1310,G-,0.9561100409153512,0.21702430129184586,true,0,-9.486769009248164e-19
1311,G+,0.9561100409153512,0.21483395907437552,true,0,-2.358139725155972e-18
1312,G-,0.9561100409153512,0.2175122763679717,true,0,-9.41900637346782e-19
1313,G+,0.9561100409153512,0.21532399799890017,true,0,-2.846030702774449e-18
1314,G-,0.9561100409153512,0.21696031007960342,true,0,-2.0261028098322864e-18
1315,G+,0.9661100407605735,0.21446966049408783,true,0,-3.2526065174565133e-18
1316,G-,0.9461100407605735,0.2878828579438836,true,0,-3.2526065174565133e-18
1317,G+,0.9561100407605735,0.22927317474199901,true,0,-3.2390539903004445e-18
1318,G-,0.9561100407605735,0.20402341758160422,true,0,-2.4530074152484538e-18
1319,G+,0.9561100407605735,0.22135516291804289,true,0,-3.90990408452585e-18
1320,G-,0.9561100407605735,0.21209983281926068,true,0,-5.3939058081153846e-18
1321,G+,0.9561100407605735,0.23295714259225384,true,0,-4.14029704617902e-18
1322,G-,0.9561100407605735,0.20256757161404346,true,0,-3.7269449679189215e-18
1323,G+,0.9561100407605735,0.21998112023673144,true,0,-5.8817967857338616e-18
1324,G-,0.9561100407605735,0.2129045464998452,true,0,-6.322253918306098e-18
1325,G+,0.9561100407605735,0.21425677454780948,true,0,-4.343584953520052e-18
1326,G-,0.9561100407605735,0.2181603198003362,true,0,-5.719166459861036e-18
1327,G+,0.9561100407605735,0.21787507395059186,true,0,-3.3949080525952358e-18
1328,G-,0.9561100407605735,0.214622437887859,true,0,-4.30970363562988e-18
1329,G+,0.9561100407605735,0.21484565197024227,true,0,-4.221612209115433e-18
1330,G-,0.9561100407605735,0.21753032140107575,true,0,-7.03376159399971e-18
1331,G+,0.9561100407605735,0.21468036027184098,true,0,-2.7172816947917955e-18
1332,G-,0.9561100407605735,0.2176447498163387,true,0,-6.071532165918825e-18
1333,G+,0.9561100407605735,0.2057296419815387,true,0,-3.8963515573697816e-18
1334,G-,0.9561100407605735,0.22732877075184568,true,0,-3.889575293791747e-18
1335,G+,0.9561100407605735,0.21205064036662094,true,0,-4.2487172634275705e-18
1336,G-,0.9561100407605735,0.22053143985564977,true,0,-6.762711050878334e-18
1337,G+,0.9561100407605735,0.2035562284908521,true,0,-8.55842089905745e-18
1338,G-,0.9561100407605735,0.23058737893386178,true,0,-5.0550926292136644e-18
1339,G+,0.9561100407605735,0.2140597829072079,true,0,-4.506215279392878e-18
1340,G-,0.9561100407605735,0.21818866441188717,true,0,-4.0115480381963664e-18
1341,G+,0.9561100407605735,0.21542305549374743,true,0,-6.1257422745431e-18
1342,G-,0.9561100407605735,0.2170243050126859,true,0,-4.9398961483870796e-18
1343,G+,0.9561100407605735,0.2148339625217618,true,0,-2.7714918034160707e-18
1344,G-,0.9561100407605735,0.21751228005732465,true,0,-6.5052130349130266e-18
1345,G+,0.9561100407605735,0.21532400144349198,true,0,-4.6688456052657035e-18
1346,G-,0.9561100407605735,0.21696031377164296,true,0,-3.821812658011403e-18
1347,G+,0.9661100407652902,0.21446965707344126,true,0,-6.301925127571995e-19
1348,G-,0.9461100407652902,0.28788285704823274,true,0,-6.301925127571995e-19
1349,G+,0.9561100407652902,0.2292731718650327,true,0,-2.622414004699314e-18
1350,G-,0.9561100407652902,0.20402341590268153,true,0,-3.2187251995663413e-18
1351,G+,0.9561100407652902,0.22135516032451047,true,0,-2.825701912040346e-18
1352,G-,0.9561100407652902,0.2120998308675083,true,0,-3.584643432780199e-18
1353,G+,0.9561100407652902,0.2329571391552168,true,0,-3.604972223514302e-18
1354,G-,0.9561100407652902,0.20256757037122847,true,0,-1.3688052427629493e-18
1355,G+,0.9561100407652902,0.2199811178307642,true,0,-2.574980159653073e-18
1356,G-,0.9561100407652902,0.21290454440468756,true,0,-3.266159044612582e-18
1357,G+,0.9561100407652902,0.21425677221747277,true,0,-2.9883322379131716e-18
1358,G-,0.9561100407652902,0.21816031757145996,true,0,-3.4762232155316486e-18
1359,G+,0.9561100407652902,0.21787507187116498,true,0,-5.827586677109586e-19
1360,G-,0.9561100407652902,0.21462243546267548,true,0,-2.337810934421869e-18
1361,G+,0.9561100407652902,0.2148456496408268,true,0,-2.927345865710862e-18
1362,G-,0.9561100407652902,0.21753031919466542,true,0,-2.425902360936316e-18
1363,G+,0.9561100407652902,0.2146803580193974,true,0,-1.6059744679941534e-18
1364,G-,0.9561100407652902,0.2176447475084453,true,0,-1.145188544687814e-18
1365,G+,0.9561100407652902,0.20572964051676393,true,0,-4.2825985813177425e-18
1366,G-,0.9561100407652902,0.22732876766330604,true,0,-1.5856456772600502e-18
1367,G+,0.9561100407652902,0.21205063835750196,true,0,-2.8731357570865868e-18
1368,G-,0.9561100407652902,0.2205314373242071,true,0,-1.7211709488207383e-18
1369,G+,0.9561100407652902,0.20355622742594326,true,0,-9.690056916589196e-19
1370,G-,0.9561100407652902,0.23058737539627897,true,0,3.8624702394796095e-19
1371,G+,0.9561100407652902,0.21405978068704695,true,0,-3.3203691532368573e-19
1372,G-,0.9561100407652902,0.21818866211520452,true,0,-2.2293907171733185e-18
1373,G+,0.9561100407652902,0.21542305313417665,true,0,5.149960319306146e-19
1374,G-,0.9561100407652902,0.2170243028582854,true,0,-1.7753810574450135e-18
1375,G+,0.9561100407652902,0.21483396020241957,true,0,-1.4704491964334654e-18
1376,G-,0.9561100407652902,0.2175122778580556,true,0,-1.009663273127126e-18
1377,G+,0.9561100407652902,0.21532399909724578,true,0,1.2874900798265365e-19
1378,G-,0.9561100407652902,0.21696031159993306,true,0,-2.3649159887340065e-18
1379,G+,0.966110041137499,0.21446965404801654,true,0,-3.821812658011403e-18
1380,G-,0.946110041137499,0.28788284993685986,true,0,-3.821812658011403e-18
1381,G+,0.956110041137499,0.229273166323073,true,0,-2.2090619264392153e-18
1382,G-,0.956110041137499,0.20402341156329257,true,0,-2.4326786245143506e-18
1383,G+,0.956110041137499,0.2213551551014728,true,0,-5.481997234629832e-18
1384,G-,0.956110041137499,0.21209982622449064,true,0,-5.068645156369733e-18
1385,G+,0.956110041137499,0.23295713314648533,true,0,-3.1374100366299285e-18
1386,G-,0.956110041137499,0.202567566397945,true,0,-3.672734859294646e-18
1387,G+,0.956110041137499,0.21998111279155985,true,0,-4.174178364069192e-18
1388,G-,0.956110041137499,0.21290453962424497,true,0,-4.6688456052657035e-18
1389,G+,0.956110041137499,0.21425676726247672,true,0,-5.834362940687621e-18
1390,G-,0.956110041137499,0.21816031265212465,true,0,-4.4181238528784306e-18
1391,G+,0.956110041137499,0.21787506700296091,true,0,-5.04831636563563e-18
1392,G-,0.956110041137499,0.21462243049533083,true,0,-5.1228552649940085e-18
1393,G+,0.956110041137499,0.21484564468528738,true,0,-5.034763838479561e-18
1394,G-,0.956110041137499,0.2175303142941275,true,0,-2.2090619264392153e-18
1395,G+,0.956110041137499,0.21468035310937295,true,0,-2.690176640479658e-18
1396,G-,0.956110041137499,0.2176447425420346,true,0,-3.9302328752599536e-18
1397,G+,0.956110041137499,0.20572963630159372,true,0,-3.164515090942066e-18
1398,G-,0.956110041137499,0.2273287620017177,true,0,-3.266159044612582e-18
1399,G+,0.956110041137499,0.2120506336846276,true,0,-5.0076587841674236e-18
1400,G-,0.956110041137499,0.2205314321380907,true,0,-2.290377089375628e-18
1401,G+,0.956110041137499,0.20355622354359676,true,0,-4.330032426363983e-18
1402,G-,0.956110041137499,0.23058736936066995,true,0,-5.4616684438957286e-18
1403,G+,0.956110041137499,0.21405977581663424,true,0,-4.641740550953566e-18
1404,G-,0.956110041137499,0.2181886571472413,true,0,-6.139294801699169e-18
1405,G+,0.956110041137499,0.21542304814486166,true,0,-3.767602549387128e-18
1406,G-,0.956110041137499,0.2170242980050031,true,0,-4.099639464710814e-18
1407,G+,0.956110041137499,0.21483395526022667,true,0,-2.2836008257975937e-18
1408,G-,0.956110041137499,0.21751227295719572,true,0,-3.74049749507499e-18
1409,G+,0.956110041137499,0.21532399411709474,true,0,-5.210946691508456e-18
1410,G-,0.956110041137499,0.21696030673837052,true,0,-6.261267546103788e-18
1411,G+,0.9661100337868925,0.21446941647840367,true,0,-4.8043708768263915e-18
1412,G-,0.9461100337868925,0.2878823778504328,true,0,-4.8043708768263915e-18
1413,G+,0.9561100337868925,0.2292727956477881,true,0,-2.622414004699314e-18
1414,G-,0.9561100337868925,0.20402308804763164,true,0,-3.028989819381378e-18
1415,G+,0.9561100337868925,0.2213547996792129,true,0,-4.994106257011355e-18
1416,G-,0.9561100337868925,0.212099487761479,true,0,-2.7985968577282083e-18
1417,G+,0.9561100337868925,0.23295675796424326,true,0,-1.8431436932253575e-18
1418,G-,0.9561100337868925,0.20256724467880016,true,0,-4.0793106739767104e-18
1419,G+,0.9561100337868925,0.21998076224491292,true,0,-2.846030702774449e-18
1420,G-,0.9561100337868925,0.21290419726903587,true,0,-3.3203691532368573e-18
1421,G+,0.9561100337868925,0.21425642382176147,true,0,-5.4277871260055566e-18
1422,G-,0.9561100337868925,0.21815996354643288,true,0,-3.3406979439709605e-18
1423,G+,0.9561100337868925,0.2178747172667654,true,0,-2.6359665318553827e-18
1424,G-,0.9561100337868925,0.21462208745203157,true,0,-3.7947076036992655e-18
1425,G+,0.9561100337868925,0.21484530074000105,true,0,-1.111307226797642e-18
1426,G-,0.9561100337868925,0.21752996549468206,true,0,-3.889575293791747e-18
1427,G+,0.9561100337868925,0.21468000813192922,true,0,-2.55465136891897e-18
1428,G-,0.9561100337868925,0.21764439527608861,true,0,-1.6059744679941534e-18
1429,G+,0.9561100337868925,0.20572930808818143,true,0,-2.9815559743351372e-18
1430,G-,0.9561100337868925,0.22732839591500884,true,0,-4.811147140404426e-18
1431,G+,0.9561100337868925,0.21205029451172863,true,0,-4.0115480381963664e-18
1432,G-,0.9561100337868925,0.22053107813607584,true,0,-3.537209587733958e-18
1433,G+,0.9561100337868925,0.2035558986908472,true,0,-2.053207864144424e-18
1434,G-,0.9561100337868925,0.23058699908749022,true,0,-6.118966010965066e-18
1435,G+,0.9561100337868925,0.2140594326051417,true,0,-4.126744519022951e-18
1436,G-,0.9561100337868925,0.21818830783192472,true,0,-1.7414997395548415e-18
1437,G+,0.9561100337868925,0.2154227025506977,true,0,-3.713392440762853e-18
1438,G-,0.9561100337868925,0.21702395065846805,true,0,-4.133520782600986e-18
1439,G+,0.9561100337868925,0.21483361102074539,true,0,-5.969888212248309e-18
1440,G-,0.9561100337868925,0.21751192452197413,true,0,-5.671732614814795e-18
1441,G+,0.9561100337868925,0.21532364854482952,true,0,-4.4520051707686026e-18
1442,G-,0.9561100337868925,0.21695995965804707,true,0,-4.1809546276472265e-18
1443,F,0.9351596919513212,NaN,false,-300,NaN
1444,G+,0.9661100409812797,0.21446962940698636,true,0,-6.383240290508407e-18
1445,G-,0.9461100409812797,0.2878828221554396,true,0,-6.383240290508407e-18
1446,G+,0.9561100409812797,0.22927313830796336,true,0,-3.3881317890172014e-18
1447,G-,0.9561100409812797,0.20402338772766881,true,0,-4.9873299934333204e-18
1448,G+,0.9561100409812797,0.22135512840491575,true,0,-4.323256162785949e-18
1449,G-,0.9561100409812797,0.21209980100090514,true,0,-6.844026213814747e-18
1450,G+,0.9561100409812797,0.23295710431919123,true,0,-7.677506633912978e-18
1451,G-,0.9561100409812797,0.2025675430492744,true,0,-3.1170812458958252e-18
1452,G+,0.9561100409812797,0.2199810867004281,true,0,-2.5004412602946946e-18
1453,G-,0.9561100409812797,0.2129045139111048,true,0,-5.685285141970864e-18
1454,G+,0.9561100409812797,0.2142567415280269,true,0,-4.160625836913123e-18
1455,G-,0.9561100409812797,0.21816028662173928,true,0,-7.277707082808949e-18
1456,G+,0.9561100409812797,0.21787504082652992,true,0,-6.254491282525754e-18
1457,G-,0.9561100409812797,0.21462240482553227,true,0,-2.72405795836983e-18
1458,G+,0.9561100409812797,0.2148456189188941,true,0,-5.265156800132731e-18
1459,G-,0.9561100409812797,0.21753028824623666,true,0,-6.877907531704919e-18
1460,G+,0.9561100409812797,0.21468032721844377,true,0,-6.281596336837891e-18
1461,G-,0.9561100409812797,0.2176447166965479,true,0,-5.6785088783928295e-18
1462,G+,0.9561100409812797,0.20572961205581802,true,0,-7.32514092785519e-18
1463,G-,0.9561100409812797,0.22732873431631173,true,0,-6.667843360785852e-18
1464,G+,0.9561100409812797,0.21205060857632152,true,0,-5.7801528320633455e-18
1465,G-,0.9561100409812797,0.22053140541123809,true,0,-6.905012586017056e-18
1466,G+,0.9561100409812797,0.2035561998476663,true,0,-3.8014838672773e-18
1467,G-,0.9561100409812797,0.2305873410093658,true,0,-4.363913744254155e-18
1468,G+,0.9561100409812797,0.21405975030014962,true,0,-3.950561665994057e-18
1469,G-,0.9561100409812797,0.21818863085068793,true,0,-3.8624702394796095e-18
1470,G+,0.9561100409812797,0.21542302243939834,true,0,-3.5914196963582334e-18
1471,G-,0.9561100409812797,0.21702427187472415,true,0,-5.739495250595139e-18
1472,G+,0.9561100409812797,0.21483392950754637,true,0,-6.52554182564713e-18
1473,G-,0.9561100409812797,0.21751224688388748,true,0,-6.383240290508407e-18
1474,G+,0.9561100409812797,0.21532396838693843,true,0,-6.5526468799592674e-18
1475,G-,0.9561100409812797,0.21696028064058123,true,0,-5.434563389583591e-18
1476,G+,0.9661100411471912,0.21446964710030736,true,0,-1.734723475976807e-18
1477,G-,0.9461100411471912,0.28788283452,true,0,-1.734723475976807e-18
1478,G+,0.9561100411471912,0.22927315545670443,true,0,-4.512991542970912e-18
1479,G-,0.9561100411471912,0.2040234009343526,true,0,-3.916680348103885e-18
1480,G+,0.9561100411471912,0.22135514447460927,true,0,-1.4365678785432934e-18
1481,G-,0.9561100411471912,0.2120998153089839,true,0,-2.520770051028798e-18
1482,G+,0.9561100411471912,0.23295712281110864,true,0,-3.3542504711270293e-18
1483,G-,0.9561100411471912,0.20256755528074757,true,0,-3.1509625637859973e-18
1484,G+,0.9561100411471912,0.21998110216840974,true,0,-8.605854744103691e-19
1485,G-,0.9561100411471912,0.21290452869332016,true,0,-2.473336205982557e-18
1486,G+,0.9561100411471912,0.21425675671598218,true,0,-1.6805133673525319e-18
1487,G-,0.9561100411471912,0.21816030175924386,true,0,-2.520770051028798e-18
1488,G+,0.9561100411471912,0.21787505576895375,true,0,-2.2293907171733185e-18
1489,G-,0.9561100411471912,0.2146224201571911,true,0,-2.1074179727686992e-18
1490,G+,0.9561100411471912,0.21484563412022084,true,0,-1.2400562347802957e-18
1491,G-,0.9561100411471912,0.21753030335626544,true,0,-2.744386749103933e-18
1492,G+,0.9561100411471912,0.2146803423467143,true,0,-4.9060148304969076e-18
1493,G-,0.9561100411471912,0.21764473188152164,true,0,-4.4994390158148434e-18
1494,G+,0.9561100411471912,0.2057296250860454,true,0,-2.7850443305721395e-18
1495,G-,0.9561100411471912,0.2273287516799663,true,0,-3.3406979439709605e-18
1496,G+,0.9561100411471912,0.2120506229210297,true,0,-1.971892701208011e-18
1497,G-,0.9561100411471912,0.22053142139523896,true,0,-4.018324301774401e-18
1498,G+,0.9561100411471912,0.20355621193502388,true,0,-3.0493186101154812e-18
1499,G-,0.9561100411471912,0.23058735945536427,true,0,-3.645629804982509e-18
1500,G+,0.9561100411471912,0.21405976518857095,true,0,-4.1470733097570545e-18
1501,G-,0.9561100411471912,0.21818864624261322,true,0,-4.512991542970912e-18
1502,G+,0.9561100411471912,0.21542303764926782,true,0,-8.063753657860939e-19
1503,G-,0.9561100411471912,0.21702428694872122,true,0,-3.530433324155924e-18
1504,G+,0.9561100411471912,0.21483394468443107,true,0,-4.607859233063394e-18
1505,G-,0.9561100411471912,0.21751226199550439,true,0,-4.607859233063394e-18
1506,G+,0.9561100411471912,0.21532398358700305,true,0,-3.3068166260807885e-18
1507,G-,0.9561100411471912,0.21696029572927314,true,0,-4.363913744254155e-18
1508,G+,0.9661100413604499,0.21446924629579675,true,0,-4.1809546276472265e-18
1509,G-,0.9461100413604498,0.287882240409397,true,0,-4.1809546276472265e-18
1510,G+,0.9561100413604499,0.2292726261796083,true,0,-3.842141448745506e-18
1511,G-,0.9561100413604499,0.20402295172508775,true,0,-3.706616177184818e-18
1512,G+,0.9561100413604499,0.2213546398506958,true,0,-4.397795062144327e-18
1513,G-,0.9561100413604499,0.21209934106306805,true,0,-3.3068166260807885e-18
1514,G+,0.9561100413604499,0.23295657709386283,true,0,-4.546872860861084e-18
1515,G-,0.9561100413604499,0.20256711663700677,true,0,-6.329030181884132e-18
1516,G+,0.9561100413604499,0.21998060840060488,true,0,-4.228388472693467e-18
1517,G-,0.9561100413604499,0.212904045838001,true,0,-5.834362940687621e-18
1518,G+,0.9561100413604499,0.21425627092438937,true,0,-3.9641141931501256e-18
1519,G-,0.9561100413604499,0.21815981078650928,true,0,-3.3610267347050637e-18
1520,G+,0.9561100413604499,0.21787456366101765,true,0,-5.400682071693419e-18
1521,G-,0.9561100413604499,0.21462193504486266,true,0,-4.228388472693467e-18
1522,G+,0.9561100413604499,0.21484514776819758,true,0,-3.598195959936268e-18
1523,G-,0.9561100413604499,0.21752981257669038,true,0,-4.784042086092288e-18
1524,G+,0.9561100413604499,0.2146798548108673,true,0,-6.051203375184722e-18
1525,G-,0.9561100413604499,0.21764424305601174,true,0,-3.3068166260807885e-18
1526,G+,0.9561100413604499,0.20572917108312644,true,0,-4.682398132421772e-18
1527,G-,0.9561100413604499,0.22732822637402572,true,0,-5.922454367202068e-18
1528,G+,0.9561100413604499,0.21205014915976647,true,0,-3.543985851311993e-18
1529,G-,0.9561100413604499,0.22053091757683468,true,0,-4.54009659728305e-18
1530,G+,0.9561100413604499,0.2035557694188046,true,0,-5.549759870410176e-18
1531,G-,0.9561100413604499,0.23058682055597882,true,0,-3.5101045334218206e-18
1532,G+,0.9561100413604499,0.21405928283582007,true,0,-3.6930636500287495e-18
1533,G-,0.9561100413604499,0.2181881517996639,true,0,-5.6107462426124854e-18
1534,G+,0.9561100413604499,0.21542255073948732,true,0,-4.933119884809045e-18
1535,G-,0.9561100413604499,0.21702379658534007,true,0,-6.051203375184722e-18
1536,G+,0.9561100413604499,0.21483345850204588,true,0,-5.942783157936171e-18
1537,G-,0.9561100413604499,0.21751177111994213,true,0,-6.884683795282953e-18
1538,G+,0.9561100413604499,0.21532349654658803,true,0,-3.611748487092337e-18
1539,G-,0.9561100413604499,0.21695980571888565,true,0,-5.149960319306146e-18
1540,F,0.9568643393995722,NaN,false,-300,NaN
1541,G+,0.9661100409812797,0.21446962940698636,true,0,-6.383240290508407e-18
1542,G-,0.9461100409812797,0.2878828221554396,true,0,-6.383240290508407e-18
1543,G+,0.9561100409812797,0.22927313830796336,true,0,-3.3881317890172014e-18
1544,G-,0.9561100409812797,0.20402338772766881,true,0,-4.9873299934333204e-18
1545,G+,0.9561100409812797,0.22135512840491575,true,0,-4.323256162785949e-18
1546,G-,0.9561100409812797,0.21209980100090514,true,0,-6.844026213814747e-18
1547,G+,0.9561100409812797,0.23295710431919123,true,0,-7.677506633912978e-18
1548,G-,0.9561100409812797,0.2025675430492744,true,0,-3.1170812458958252e-18
1549,G+,0.9561100409812797,0.2199810867004281,true,0,-2.5004412602946946e-18
1550,G-,0.9561100409812797,0.2129045139111048,true,0,-5.685285141970864e-18
1551,G+,0.9561100409812797,0.2142567415280269,true,0,-4.160625836913123e-18
1552,G-,0.9561100409812797,0.21816028662173928,true,0,-7.277707082808949e-18
1553,G+,0.9561100409812797,0.21787504082652992,true,0,-6.254491282525754e-18
1554,G-,0.9561100409812797,0.21462240482553227,true,0,-2.72405795836983e-18
1555,G+,0.9561100409812797,0.2148456189188941,true,0,-5.265156800132731e-18
1556,G-,0.9561100409812797,0.21753028824623666,true,0,-6.877907531704919e-18
1557,G+,0.9561100409812797,0.21468032721844377,true,0,-6.281596336837891e-18
1558,G-,0.9561100409812797,0.2176447166965479,true,0,-5.6785088783928295e-18
1559,G+,0.9561100409812797,0.20572961205581802,true,0,-7.32514092785519e-18
1560,G-,0.9561100409812797,0.22732873431631173,true,0,-6.667843360785852e-18
1561,G+,0.9561100409812797,0.21205060857632152,true,0,-5.7801528320633455e-18
1562,G-,0.9561100409812797,0.22053140541123809,true,0,-6.905012586017056e-18
1563,G+,0.9561100409812797,0.2035561998476663,true,0,-3.8014838672773e-18
1564,G-,0.9561100409812797,0.2305873410093658,true,0,-4.363913744254155e-18
1565,G+,0.9561100409812797,0.21405975030014962,true,0,-3.950561665994057e-18
1566,G-,0.9561100409812797,0.21818863085068793,true,0,-3.8624702394796095e-18
1567,G+,0.9561100409812797,0.21542302243939834,true,0,-3.5914196963582334e-18
1568,G-,0.9561100409812797,0.21702427187472415,true,0,-5.739495250595139e-18
1569,G+,0.9561100409812797,0.21483392950754637,true,0,-6.52554182564713e-18
1570,G-,0.9561100409812797,0.21751224688388748,true,0,-6.383240290508407e-18
1571,G+,0.9561100409812797,0.21532396838693843,true,0,-6.5526468799592674e-18
1572,G-,0.9561100409812797,0.21696028064058123,true,0,-5.434563389583591e-18
1573,G+,0.9661100411471912,0.21446964710030736,true,0,-1.734723475976807e-18
1574,G-,0.9461100411471912,0.28788283452,true,0,-1.734723475976807e-18
1575,G+,0.9561100411471912,0.22927315545670443,true,0,-4.512991542970912e-18
1576,G-,0.9561100411471912,0.2040234009343526,true,0,-3.916680348103885e-18
1577,G+,0.9561100411471912,0.22135514447460927,true,0,-1.4365678785432934e-18
1578,G-,0.9561100411471912,0.2120998153089839,true,0,-2.520770051028798e-18
1579,G+,0.9561100411471912,0.23295712281110864,true,0,-3.3542504711270293e-18
1580,G-,0.9561100411471912,0.20256755528074757,true,0,-3.1509625637859973e-18
1581,G+,0.9561100411471912,0.21998110216840974,true,0,-8.605854744103691e-19
1582,G-,0.9561100411471912,0.21290452869332016,true,0,-2.473336205982557e-18
1583,G+,0.9561100411471912,0.21425675671598218,true,0,-1.6805133673525319e-18
1584,G-,0.9561100411471912,0.21816030175924386,true,0,-2.520770051028798e-18
1585,G+,0.9561100411471912,0.21787505576895375,true,0,-2.2293907171733185e-18
1586,G-,0.9561100411471912,0.2146224201571911,true,0,-2.1074179727686992e-18
1587,G+,0.9561100411471912,0.21484563412022084,true,0,-1.2400562347802957e-18
1588,G-,0.9561100411471912,0.21753030335626544,true,0,-2.744386749103933e-18
1589,G+,0.9561100411471912,0.2146803423467143,true,0,-4.9060148304969076e-18
1590,G-,0.9561100411471912,0.21764473188152164,true,0,-4.4994390158148434e-18
1591,G+,0.9561100411471912,0.2057296250860454,true,0,-2.7850443305721395e-18
1592,G-,0.9561100411471912,0.2273287516799663,true,0,-3.3406979439709605e-18
1593,G+,0.9561100411471912,0.2120506229210297,true,0,-1.971892701208011e-18
1594,G-,0.9561100411471912,0.22053142139523896,true,0,-4.018324301774401e-18
1595,G+,0.9561100411471912,0.20355621193502388,true,0,-3.0493186101154812e-18
1596,G-,0.9561100411471912,0.23058735945536427,true,0,-3.645629804982509e-18
1597,G+,0.9561100411471912,0.21405976518857095,true,0,-4.1470733097570545e-18
1598,G-,0.9561100411471912,0.21818864624261322,true,0,-4.512991542970912e-18
1599,G+,0.9561100411471912,0.21542303764926782,true,0,-8.063753657860939e-19
1600,G-,0.9561100411471912,0.21702428694872122,true,0,-3.530433324155924e-18
1601,G+,0.9561100411471912,0.21483394468443107,true,0,-4.607859233063394e-18
1602,G-,0.9561100411471912,0.21751226199550439,true,0,-4.607859233063394e-18
1603,G+,0.9561100411471912,0.21532398358700305,true,0,-3.3068166260807885e-18
1604,G-,0.9561100411471912,0.21696029572927314,true,0,-4.363913744254155e-18
1605,G+,0.9661100404425793,0.21446933649070626,true,0,-3.5914196963582334e-18
1606,G-,0.9461100404425793,0.2878824579774436,true,0,-3.5914196963582334e-18
1607,G+,0.9561100404425793,0.22927278281563035,true,0,-5.068645156369733e-18
1608,G-,0.9561100404425793,0.20402309299418248,true,0,-4.391018798566293e-18
1609,G+,0.9561100404425793,0.2213547909135703,true,0,-3.8963515573697816e-18
1610,G-,0.9561100404425793,0.2120994879604153,true,0,-8.538092108323347e-19
1611,G+,0.9561100404425793,0.23295673356855912,true,0,-4.424900116456465e-18
1612,G-,0.9561100404425793,0.20256725871467307,true,0,-2.358139725155972e-18
1613,G+,0.9561100404425793,0.21998075780244464,true,0,-3.266159044612582e-18
1614,G-,0.9561100404425793,0.21290419407396757,true,0,-2.8392544391964147e-18
1615,G+,0.9561100404425793,0.21425641809922613,true,0,-3.679511122872681e-18
1616,G-,0.9561100404425793,0.21815996084451905,true,0,-1.0706496453294356e-18
1617,G+,0.9561100404425793,0.21787471551219212,true,0,-5.251604272976662e-18
1618,G-,0.9561100404425793,0.21462208097465427,true,0,-2.290377089375628e-18
1619,G+,0.9561100404425793,0.2148452951413405,true,0,-4.126744519022951e-18
1620,G-,0.9561100404425793,0.21752996270944777,true,0,-3.3271454168148917e-18
1621,G+,0.9561100404425793,0.21468000322651654,true,0,-1.8634724839594607e-18
1622,G-,0.9561100404425793,0.2176443917472009,true,0,-1.1248597539537109e-18
1623,G+,0.9561100404425793,0.20572931583768864,true,0,-4.587530442329291e-18
1624,G-,0.9561100404425793,0.22732837969849204,true,0,-2.4936649967166602e-18
1625,G+,0.9561100404425793,0.21205029557589966,true,0,-3.855693975901575e-18
1626,G-,0.9561100404425793,0.2205310687814861,true,0,-3.3542504711270293e-18
1627,G+,0.9561100404425793,0.20355591431676484,true,0,-5.319366908757006e-18
1628,G-,0.9561100404425793,0.23058697391844038,true,0,-2.7376104855258987e-18
1629,G+,0.9561100404425793,0.21405943014849171,true,0,-4.221612209115433e-18
1630,G-,0.9561100404425793,0.21818830201775402,true,0,-3.550762114890027e-18
1631,G+,0.9561100404425793,0.21542269832223135,true,0,-3.5101045334218206e-18
1632,G-,0.9561100404425793,0.21702394674875583,true,0,-3.0018847650692404e-18
1633,G+,0.9561100404425793,0.21483360593471598,true,0,-1.5382118322138094e-18
1634,G-,0.9561100404425793,0.2175119212974691,true,0,-4.241940999849536e-18
1635,G+,0.9561100404425793,0.21532364425546335,true,0,-3.842141448745506e-18
1636,G-,0.9561100404425793,0.21695995561540238,true,0,-2.4530074152484538e-18
1637,F,0.9542338640268982,NaN,false,-300,NaN
1638,G+,0.9661100409812797,0.21446962940698636,true,0,-6.383240290508407e-18
1639,G-,0.9461100409812797,0.2878828221554396,true,0,-6.383240290508407e-18
1640,G+,0.9561100409812797,0.22927313830796336,true,0,-3.3881317890172014e-18
1641,G-,0.9561100409812797,0.20402338772766881,true,0,-4.9873299934333204e-18
1642,G+,0.9561100409812797,0.22135512840491575,true,0,-4.323256162785949e-18
1643,G-,0.9561100409812797,0.21209980100090514,true,0,-6.844026213814747e-18
1644,G+,0.9561100409812797,0.23295710431919123,true,0,-7.677506633912978e-18
1645,G-,0.9561100409812797,0.2025675430492744,true,0,-3.1170812458958252e-18
1646,G+,0.9561100409812797,0.2199810867004281,true,0,-2.5004412602946946e-18
1647,G-,0.9561100409812797,0.2129045139111048,true,0,-5.685285141970864e-18
1648,G+,0.9561100409812797,0.2142567415280269,true,0,-4.160625836913123e-18
1649,G-,0.9561100409812797,0.21816028662173928,true,0,-7.277707082808949e-18
1650,G+,0.9561100409812797,0.21787504082652992,true,0,-6.254491282525754e-18
1651,G-,0.9561100409812797,0.21462240482553227,true,0,-2.72405795836983e-18
1652,G+,0.9561100409812797,0.2148456189188941,true,0,-5.265156800132731e-18
1653,G-,0.9561100409812797,0.21753028824623666,true,0,-6.877907531704919e-18
1654,G+,0.9561100409812797,0.21468032721844377,true,0,-6.281596336837891e-18
1655,G-,0.9561100409812797,0.2176447166965479,true,0,-5.6785088783928295e-18
1656,G+,0.9561100409812797,0.20572961205581802,true,0,-7.32514092785519e-18
1657,G-,0.9561100409812797,0.22732873431631173,true,0,-6.667843360785852e-18
1658,G+,0.9561100409812797,0.21205060857632152,true,0,-5.7801528320633455e-18
1659,G-,0.9561100409812797,0.22053140541123809,true,0,-6.905012586017056e-18
1660,G+,0.9561100409812797,0.2035561998476663,true,0,-3.8014838672773e-18
1661,G-,0.9561100409812797,0.2305873410093658,true,0,-4.363913744254155e-18
1662,G+,0.9561100409812797,0.21405975030014962,true,0,-3.950561665994057e-18
1663,G-,0.9561100409812797,0.21818863085068793,true,0,-3.8624702394796095e-18
1664,G+,0.9561100409812797,0.21542302243939834,true,0,-3.5914196963582334e-18
1665,G-,0.9561100409812797,0.21702427187472415,true,0,-5.739495250595139e-18
1666,G+,0.9561100409812797,0.21483392950754637,true,0,-6.52554182564713e-18
1667,G-,0.9561100409812797,0.21751224688388748,true,0,-6.383240290508407e-18
1668,G+,0.9561100409812797,0.21532396838693843,true,0,-6.5526468799592674e-18
1669,G-,0.9561100409812797,0.21696028064058123,true,0,-5.434563389583591e-18
1670,G+,0.9661100403577254,0.21446942996974597,true,0,-6.837249950236712e-18
1671,G-,0.9461100403577254,0.28788260754641337,true,0,-6.837249950236712e-18
1672,G+,0.9561100403577254,0.22927291115001674,true,0,-7.501323780884084e-18
1673,G-,0.9561100403577254,0.20402320307914001,true,0,-6.254491282525754e-18
1674,G+,0.9561100403577254,0.22135491350751177,true,0,-7.108300493358088e-18
1675,G-,0.9561100403577254,0.21209960387183358,true,0,-7.840136959785804e-18
1676,G+,0.9561100403577254,0.23295686517883726,true,0,-8.05020113070487e-18
1677,G-,0.9561100403577254,0.2025673667981071,true,0,-6.220609964635582e-18
1678,G+,0.9561100403577254,0.219980877983982,true,0,-7.914675859144182e-18
1679,G-,0.9561100403577254,0.21290431190252615,true,0,-6.383240290508407e-18
1680,G+,0.9561100403577254,0.21425653636546074,true,0,-7.677506633912978e-18
1681,G-,0.9561100403577254,0.2181600805561122,true,0,-8.273817828780006e-18
1682,G+,0.9561100403577254,0.2178748357127436,true,0,-3.367802998283098e-18
1683,G-,0.9561100403577254,0.2146221989220652,true,0,-6.69494841509799e-18
1684,G+,0.9561100403577254,0.214845413549165,true,0,-5.041540102057596e-18
1685,G-,0.9561100403577254,0.21753008239298405,true,0,-7.846913223363838e-18
1686,G+,0.9561100403577254,0.21468012201968276,true,0,-7.054090384733813e-18
1687,G-,0.9561100403577254,0.21764451083258038,true,0,-6.105413483808997e-18
1688,G+,0.9561100403577254,0.2057294273807761,true,0,-7.589415207398531e-18
1689,G-,0.9561100403577254,0.22732850676588268,true,0,-6.46455545344482e-18
1690,G+,0.9561100403577254,0.2120504113167243,true,0,-5.1228552649940085e-18
1691,G-,0.9561100403577254,0.22053119123810305,true,0,-7.684282897491013e-18
1692,G+,0.9561100403577254,0.20355602357670702,true,0,-8.531315844745313e-18
1693,G-,0.9561100403577254,0.23058710371713792,true,0,-5.414234598849488e-18
1694,G+,0.9561100403577254,0.21405954773971683,true,0,-4.506215279392878e-18
1695,G-,0.9561100403577254,0.21818842245378461,true,0,-3.950561665994057e-18
1696,G+,0.9561100403577254,0.21542281686571196,true,0,-7.643625316022806e-18
1697,G-,0.9561100403577254,0.21702406635876403,true,0,-6.708500942254059e-18
1698,G+,0.9561100403577254,0.2148337243137775,true,0,-6.701724678676024e-18
1699,G-,0.9561100403577254,0.21751204100938826,true,0,-5.9969932665604464e-18
1700,G+,0.9561100403577254,0.21532376284314647,true,0,-5.210946691508456e-18
1701,G-,0.9561100403577254,0.2169600751167171,true,0,-5.346471963069144e-18
1702,F,0.9539906857932798,NaN,false,-300,NaN
1703,G+,0.9661100409812797,0.21446962940698636,true,0,-6.383240290508407e-18
1704,G-,0.9461100409812797,0.2878828221554396,true,0,-6.383240290508407e-18
1705,G+,0.9561100409812797,0.22927313830796336,true,0,-3.3881317890172014e-18
1706,G-,0.9561100409812797,0.20402338772766881,true,0,-4.9873299934333204e-18
1707,G+,0.9561100409812797,0.22135512840491575,true,0,-4.323256162785949e-18
1708,G-,0.9561100409812797,0.21209980100090514,true,0,-6.844026213814747e-18
1709,G+,0.9561100409812797,0.23295710431919123,true,0,-7.677506633912978e-18
1710,G-,0.9561100409812797,0.2025675430492744,true,0,-3.1170812458958252e-18
1711,G+,0.9561100409812797,0.2199810867004281,true,0,-2.5004412602946946e-18
1712,G-,0.9561100409812797,0.2129045139111048,true,0,-5.685285141970864e-18
1713,G+,0.9561100409812797,0.2142567415280269,true,0,-4.160625836913123e-18
1714,G-,0.9561100409812797,0.21816028662173928,true,0,-7.277707082808949e-18
1715,G+,0.9561100409812797,0.21787504082652992,true,0,-6.254491282525754e-18
1716,G-,0.9561100409812797,0.21462240482553227,true,0,-2.72405795836983e-18
1717,G+,0.9561100409812797,0.2148456189188941,true,0,-5.265156800132731e-18
1718,G-,0.9561100409812797,0.21753028824623666,true,0,-6.877907531704919e-18
1719,G+,0.9561100409812797,0.21468032721844377,true,0,-6.281596336837891e-18
1720,G-,0.9561100409812797,0.2176447166965479,true,0,-5.6785088783928295e-18
1721,G+,0.9561100409812797,0.20572961205581802,true,0,-7.32514092785519e-18
1722,G-,0.9561100409812797,0.22732873431631173,true,0,-6.667843360785852e-18
1723,G+,0.9561100409812797,0.21205060857632152,true,0,-5.7801528320633455e-18
1724,G-,0.9561100409812797,0.22053140541123809,true,0,-6.905012586017056e-18
1725,G+,0.9561100409812797,0.2035561998476663,true,0,-3.8014838672773e-18
1726,G-,0.9561100409812797,0.2305873410093658,true,0,-4.363913744254155e-18
1727,G+,0.9561100409812797,0.21405975030014962,true,0,-3.950561665994057e-18
1728,G-,0.9561100409812797,0.21818863085068793,true,0,-3.8624702394796095e-18
1729,G+,0.9561100409812797,0.21542302243939834,true,0,-3.5914196963582334e-18
1730,G-,0.9561100409812797,0.21702427187472415,true,0,-5.739495250595139e-18
1731,G+,0.9561100409812797,0.21483392950754637,true,0,-6.52554182564713e-18
1732,G-,0.9561100409812797,0.21751224688388748,true,0,-6.383240290508407e-18
1733,G+,0.9561100409812797,0.21532396838693843,true,0,-6.5526468799592674e-18
1734,G-,0.9561100409812797,0.21696028064058123,true,0,-5.434563389583591e-18
1735,G+,0.9661100407696913,0.21446951025835584,true,0,-4.81792340398246e-18
1736,G-,0.9461100407696913,0.28788269352596835,true,0,-4.81792340398246e-18
1737,G+,0.9561100407696913,0.2292730023469604,true,0,-5.095750210681871e-18
1738,G-,0.9561100407696913,0.20402327730185355,true,0,-4.018324301774401e-18
1739,G+,0.9561100407696913,0.221354999793962,true,0,-5.658180087658726e-18
1740,G-,0.9561100407696913,0.2120996830950977,true,0,-4.377466271410224e-18
1741,G+,0.9561100407696913,0.23295696111613956,true,0,-6.105413483808997e-18
1742,G-,0.9561100407696913,0.20256743771275745,true,0,-3.0086610286472748e-18
1743,G+,0.9561100407696913,0.21998096181182147,true,0,-4.0793106739767104e-18
1744,G-,0.9561100407696913,0.21290439306887007,true,0,-6.254491282525754e-18
1745,G+,0.9561100407696913,0.21425661876805469,true,0,-5.38712954453735e-18
1746,G-,0.9561100407696913,0.21816016333679322,true,0,-4.811147140404426e-18
1747,G+,0.9561100407696913,0.21787491814703158,true,0,-5.0889739471038364e-18
1748,G-,0.9561100407696913,0.21462228159449015,true,0,-4.892462303340839e-18
1749,G+,0.9561100407696913,0.21484549603759157,true,0,-4.777265822514254e-18
1750,G-,0.9561100407696913,0.21753016509051232,true,0,-5.041540102057596e-18
1751,G+,0.9561100407696913,0.21468020445009892,true,0,-2.541098841762901e-18
1752,G-,0.9561100407696913,0.21764459351768953,true,0,-4.160625836913123e-18
1753,G+,0.9561100407696913,0.20572950165037912,true,0,-5.942783157936171e-18
1754,G-,0.9561100407696913,0.22732859808619593,true,0,-2.168404344971009e-18
1755,G+,0.9561100407696913,0.2120504905770909,true,0,-4.5333203337050154e-18
1756,G-,0.9561100407696913,0.22053127724753938,true,0,-5.095750210681871e-18
1757,G+,0.9561100407696913,0.20355609452454643,true,0,-4.994106257011355e-18
1758,G-,0.9561100407696913,0.23058719888972773,true,0,-3.198396408832238e-18
1759,G+,0.9561100407696913,0.2140596291048833,true,0,-6.3358064454621665e-18
1760,G-,0.9561100407696913,0.21818850616922092,true,0,-5.664956351236761e-18
1761,G+,0.9561100407696913,0.2154228994250024,true,0,-5.3261431723350405e-18
1762,G-,0.9561100407696913,0.217024148934213,true,0,-6.037650848028653e-18
1763,G+,0.9561100407696913,0.2148338067268804,true,0,-2.4868887331386258e-18
1764,G-,0.9561100407696913,0.21751212372121057,true,0,-4.811147140404426e-18
1765,G+,0.9561100407696913,0.2153238453919855,true,0,-5.305814381600937e-18
1766,G-,0.9561100407696913,0.21696015769277915,true,0,-3.9979955110402976e-18
1767,F,0.9551713164454384,0.6195067376340686,true,0,-1.212951180468158e-18
1768,G+,0.9651713164454384,0.6144212762259144,true,0,-1.212951180468158e-18
1769,G-,0.9451713164454384,0.6959787707489479,true,0,-1.212951180468158e-18
1770,G+,0.9551713164454384,0.5208843224782866,true,0,-1.9566461081574338e-18
1771,G-,0.9551713164454384,0.7841097694045391,true,0,-1.5924219408380846e-18
1772,G+,0.9551713164454384,0.581808968109474,true,0,-7.284483346386983e-19
1773,G-,0.9551713164454384,0.6638682191906765,true,0,-1.102836897325099e-18
1774,G+,0.9551713164454384,0.5311324238555981,true,0,-1.5551524911588954e-18
1775,G-,0.9551713164454384,0.7554160394019351,true,0,-1.480613591800517e-18
1776,G+,0.9551713164454384,0.6110582156587309,true,0,1.378969638130001e-18
1777,G-,0.9551713164454384,0.6291916169338481,true,0,1.1011428314305904e-19
1778,G+,0.9551713164454384,0.6181554947899175,true,0,-8.368685518872487e-19
1779,G-,0.9551713164454384,0.6204672093936088,true,0,-1.5771753477875072e-18
1780,G+,0.9551713164454384,0.6211691477385552,true,0,1.7957098481791167e-19
1781,G-,0.9551713164454384,0.6176273535394499,true,0,-1.1011428314305904e-18
1782,G+,0.9551713164454384,0.618101960398447,true,0,-8.267041565201971e-19
1783,G-,0.9551713164454384,0.6206735667012923,true,0,-2.14299335655338e-18
1784,G+,0.9551713164454384,0.6180982885196871,true,0,-1.7719929256559963e-18
1785,G-,0.9551713164454384,0.6206642637889455,true,0,-2.0227146780432692e-18
1786,G+,0.9551713164454384,0.7756233809445239,true,0,-8.639736061993863e-19
1787,G-,0.9551713164454384,0.5282080061691136,true,0,-1.3721933745519665e-18
1788,G+,0.9551713164454384,0.6620971149774293,true,0,-1.3010426069826053e-18
1789,G-,0.9551713164454384,0.5788605695086535,true,0,-2.075230720773036e-18
1790,G+,0.9551713164454384,0.7669519529390885,true,0,-7.809643773684649e-19
1791,G-,0.9551713164454384,0.5245068323623874,true,0,-3.733721231496956e-18
1792,G+,0.9551713164454384,0.6304644406512486,true,0,-1.0537089863843496e-18
1793,G-,0.9551713164454384,0.607717267834992,true,0,-3.339003878076452e-18
1794,G+,0.9551713164454384,0.6184248254208309,true,0,7.962109704190423e-19
1795,G-,0.9551713164454384,0.6204123032714922,true,0,-1.0672615135404184e-19
1796,G+,0.9551713164454384,0.6183644497615413,true,0,-1.1350241493207625e-18
1797,G-,0.9551713164454384,0.6205034669584344,true,0,-1.548376227580861e-18
1798,G+,0.9551713164454384,0.6184391831978968,true,0,-1.8397555614363403e-18
1799,G-,0.9551713164454384,0.620365363309743,true,0,-3.271241242296108e-18
1800,G+,0.9651713164486229,0.6144210054031249,true,0,-6.593304461427474e-18
1801,G-,0.9451713164486228,0.695978499622386,true,0,-6.593304461427474e-18
1802,G+,0.9551713164486229,0.5208841425149633,true,0,-7.31158840069912e-18
1803,G-,0.9551713164486229,0.7841092785812138,true,0,-7.084583570834968e-18
1804,G+,0.9551713164486229,0.5818087352876403,true,0,-7.328529059644207e-18
1805,G-,0.9551713164486229,0.6638679002307459,true,0,-5.29056778855036e-18
1806,G+,0.9551713164486229,0.5311322337354902,true,0,-4.579060112856748e-18
1807,G-,0.9551713164486229,0.755415597909407,true,0,-5.370188885592264e-18
1808,G+,0.9551713164486229,0.6110579549803004,true,0,-8.121351898274232e-18
1809,G-,0.9551713164486229,0.6291913374673244,true,0,-5.9072077741514906e-18
1810,G+,0.9551713164486229,0.6181552249857544,true,0,-7.39629169542455e-18
1811,G-,0.9551713164486229,0.6204669396708034,true,0,-5.141489989833603e-18
1812,G+,0.9551713164486229,0.6211688780385854,true,0,-7.994296956186087e-18
1813,G-,0.9551713164486229,0.6176270831794035,true,0,-5.085585815314819e-18
1814,G+,0.9551713164486229,0.6181016906256012,true,0,-5.136407792150077e-18
1815,G-,0.9551713164486229,0.6206732968614795,true,0,-7.403067959002585e-18
1816,G+,0.9551713164486229,0.6180980181453195,true,0,-4.4689458297136886e-18
1817,G-,0.9551713164486229,0.6206639940600103,true,0,-5.658180087658726e-18
1818,G+,0.9551713164486229,0.7756229004903603,true,0,-5.446421850845151e-18
1819,G-,0.9551713164486229,0.5282078202431242,true,0,-6.142682933488186e-18
1820,G+,0.9551713164486229,0.6620967994685888,true,0,-4.87890977618477e-18
1821,G-,0.9551713164486229,0.5788603391217773,true,0,-8.02648420818175e-18
1822,G+,0.9551713164486229,0.7669514982131708,true,0,-7.477606858360963e-18
1823,G-,0.9551713164486229,0.5245066451121185,true,0,-5.4955497617859006e-18
1824,G+,0.9551713164486229,0.6304641599769704,true,0,-4.712891318522927e-18
1825,G-,0.9551713164486229,0.6077170087577586,true,0,-6.889765992966479e-18
1826,G+,0.9551713164486229,0.6184245556863817,true,0,-6.291760732204943e-18
1827,G-,0.9551713164486229,0.62041203339248,true,0,-6.342582709040201e-18
1828,G+,0.9551713164486229,0.6183641799730677,true,0,-4.441840775401551e-18
1829,G-,0.9551713164486229,0.6205031971431378,true,0,-6.010545793716515e-18
1830,G+,0.9551713164486229,0.6184389134564334,true,0,-6.583140066060422e-18
1831,G-,0.9551713164486229,0.6203650934398167,true,0,-7.093053900307511e-18
1832,G+,0.9651713162962864,0.6144212344876009,true,0,-2.2971533529536625e-18
1833,G-,0.9451713162962864,0.6959787308451795,true,0,-2.2971533529536625e-18
1834,G+,0.9551713162962864,0.5208842956225348,true,0,-3.815036394433369e-18
1835,G-,0.9551713162962864,0.7841096945133155,true,0,-6.759322919089317e-18
1836,G+,0.9551713162962864,0.5818089330922709,true,0,-3.764214417598111e-18
1837,G-,0.9551713162962864,0.6638681708489469,true,0,-3.882799030213713e-18
1838,G+,0.9551713162962864,0.5311323954215429,true,0,-5.338001633596601e-18
1839,G-,0.9551713162962864,0.755415972144733,true,0,-2.9036289431877416e-18
1840,G+,0.9551713162962864,0.6110581763247691,true,0,-1.90074193363865e-18
1841,G-,0.9551713162962864,0.6291915747120557,true,0,-4.0793106739767104e-18
1842,G+,0.9551713162962864,0.6181554540402235,true,0,-4.089475069343762e-18
1843,G-,0.9551713162962864,0.6204671686881161,true,0,-4.424900116456465e-18
1844,G+,0.9551713162962864,0.6211691070295652,true,0,-3.806566064960826e-18
1845,G-,0.9551713162962864,0.617627312708919,true,0,-3.9607260613611084e-18
1846,G+,0.9551713162962864,0.6181019196537854,true,0,-3.943785402416022e-18
1847,G-,0.9551713162962864,0.6206735259735287,true,0,-2.0074680849926918e-18
1848,G+,0.9551713162962864,0.6180982476929522,true,0,-5.7293308552280875e-18
1849,G-,0.9551713162962864,0.6206642230705804,true,0,-4.6010829694853594e-18
1850,G+,0.9551713162962864,0.7756233076681913,true,0,-5.514184486625495e-18
1851,G-,0.9551713162962864,0.5282079783751571,true,0,-2.9036289431877416e-18
1852,G+,0.9551713162962864,0.6620970671860467,true,0,-3.645629804982509e-18
1853,G-,0.9551713162962864,0.5788605348613337,true,0,-1.8990478677441414e-18
1854,G+,0.9551713162962864,0.7669518836730267,true,0,-4.4689458297136886e-18
1855,G-,0.9551713162962864,0.5245068043464469,true,0,-4.072534410398676e-18
1856,G+,0.9551713162962864,0.6304643982385725,true,0,-6.054591506973739e-18
1857,G-,0.9551713162962864,0.6077172287522421,true,0,-4.262269790583639e-18
1858,G+,0.9551713162962864,0.6184247846898793,true,0,-6.10202535201998e-18
1859,G-,0.9551713162962864,0.620412262530813,true,0,-3.2780175058741423e-18
1860,G+,0.9551713162962864,0.6183644090223157,true,0,-5.580253056511331e-18
1861,G-,0.9551713162962864,0.6205034262270468,true,0,-4.438452643612534e-18
1862,G+,0.9551713162962864,0.6184391424692666,true,0,-1.9617283058409596e-18
1863,G-,0.9551713162962864,0.6203653225679385,true,0,-3.9641141931501256e-18
1864,G+,0.9651713138468112,0.6144202773207981,true,0,-4.2148359455373985e-18
1865,G-,0.9451713138468112,0.6959778035418213,true,0,-4.2148359455373985e-18
1866,G+,0.9551713138468112,0.520883674043178,true,0,-5.066951090475225e-18
1867,G-,0.9551713138468112,0.7841079721822637,true,0,-3.7947076036992655e-18
1868,G+,0.9551713138468112,0.5818081244480787,true,0,-4.62479989200848e-18
1869,G-,0.9551713138468112,0.663867056958782,true,0,-4.714585384417436e-18
1870,G+,0.9551713138468112,0.5311317377319617,true,0,-5.085585815314819e-18
1871,G-,0.9551713138468112,0.7554144246772889,true,0,-4.4689458297136886e-18
1872,G+,0.9551713138468112,0.6110572688394511,true,0,-4.672233737054721e-18
1873,G-,0.9551713138468112,0.6291906009512376,true,0,-4.4096535234058876e-18
1874,G+,0.9551713138468112,0.6181545141488114,true,0,-4.2995392402628285e-18
1875,G-,0.9551713138468112,0.6204662296050865,true,0,-4.280904515423234e-18
1876,G+,0.9551713138468112,0.6211681679118057,true,0,-2.5512632371299526e-18
1877,G-,0.9551713138468112,0.6176263709323992,true,0,-3.3576386029160465e-18
1878,G+,0.9551713138468112,0.6181009798765987,true,0,-2.6359665318553827e-18
1879,G-,0.9551713138468112,0.6206725864071088,true,0,-5.14487812162262e-18
1880,G+,0.9551713138468112,0.6180973059646125,true,0,-9.774760211314626e-19
1881,G-,0.9551713138468112,0.6206632837694582,true,0,-2.5173819192397806e-18
1882,G+,0.9551713138468112,0.7756216222612893,true,0,-5.044928233846613e-18
1883,G-,0.9551713138468112,0.5282073354056455,true,0,-4.699338791366858e-18
1884,G+,0.9551713138468112,0.6620959657969278,true,0,-2.5682038960750386e-18
1885,G-,0.9551713138468112,0.5788597347343858,true,0,-5.808951952269992e-18
1886,G+,0.9551713138468112,0.7669502899390803,true,0,-3.254300583351022e-18
1887,G-,0.9551713138468112,0.5245061564024878,true,0,-3.4254012386963906e-18
1888,G+,0.9551713138468112,0.6304634201310894,true,0,-2.0464316005663896e-18
1889,G-,0.9551713138468112,0.6077163269991309,true,0,-2.532628512290358e-18
1890,G+,0.9551713138468112,0.618423845176445,true,0,2.236166980751353e-19
1891,G-,0.9551713138468112,0.6204113227128516,true,0,-4.938202082492571e-18
1892,G+,0.9551713138468112,0.6183634693189319,true,0,-4.8806038420792786e-18
1893,G-,0.9551713138468112,0.62050248662546,true,0,-2.6664597179565375e-18
1894,G+,0.9551713138468112,0.6184382029870853,true,0,-3.933621007048971e-18
1895,G-,0.9551713138468112,0.6203643827405586,true,0,-3.440647831746968e-18
1896,F,0.9477597580155415,0.1955211835564593,true,0,-5.648015692291675e-18
1897,G+,0.9577597580155415,0.15183957286212355,true,0,-5.648015692291675e-18
1898,G-,0.9377597580155415,0.3180623780050033,true,0,-5.648015692291675e-18
1899,G+,0.9477597580155415,0.2015493847210875,true,0,-4.671386704107466e-18
1900,G-,0.9477597580155415,0.18950687177967426,true,0,-3.588031564569216e-18
1901,G+,0.9477597580155415,0.19797063450705574,true,0,-2.791820594150174e-18
1902,G-,0.9477597580155415,0.19260455393018816,true,0,-2.9900263038076802e-18
1903,G+,0.9477597580155415,0.20133107533502317,true,0,-3.1848438816761693e-18
1904,G-,0.9477597580155415,0.19008178919657168,true,0,-6.511989298491061e-18
1905,G+,0.9477597580155415,0.1965386079020023,true,0,-3.787931340121231e-18
1906,G-,0.9477597580155415,0.19256453664032475,true,0,-6.154541394749746e-18
1907,G+,0.9477597580155415,0.19331390952950284,true,0,-3.1577388273640317e-18
1908,G-,0.9477597580155415,0.19723691946182448,true,0,-3.139104102524437e-18
1909,G+,0.9477597580155415,0.19717180774264167,true,0,-3.4423418976414766e-18
1910,G-,0.9477597580155415,0.19370297894696986,true,0,-6.146071065277203e-18
1911,G+,0.9477597580155415,0.19374663259065514,true,0,-4.28598671310676e-18
1912,G-,0.9477597580155415,0.19684166912520656,true,0,-5.168595044145741e-18
1913,G+,0.9477597580155415,0.19385285747575132,true,0,-4.145379243862546e-18
1914,G-,0.9477597580155415,0.19661856432684222,true,0,-4.072534410398676e-18
1915,G+,0.9477597580155415,0.1919868907959429,true,0,-2.3445871979999033e-18
1916,G-,0.9477597580155415,0.20059955005260677,true,0,-5.685285141970864e-18
1917,G+,0.9477597580155415,0.19400614106411057,true,0,-4.0962513329217964e-18
1918,G-,0.9477597580155415,0.19689341686620696,true,0,-5.06017482689719e-18
1919,G+,0.9477597580155415,0.19315909088348976,true,0,-5.609899209665231e-18
1920,G-,0.9477597580155415,0.1999853086001811,true,0,-5.0076587841674236e-18
1921,G+,0.9477597580155415,0.19444175447478831,true,0,-2.9544509200229996e-18
1922,G-,0.9477597580155415,0.1963516324222683,true,0,-2.9764737766516114e-18
1923,G+,0.9477597580155415,0.19464194580391547,true,0,-3.2593827810345477e-18
1924,G-,0.9477597580155415,0.19633517219649435,true,0,-3.9861370497787374e-18
1925,G+,0.9477597580155415,0.193891144671319,true,0,-4.336808689942018e-18
1926,G-,0.9477597580155415,0.1967125401396195,true,0,-3.9776667203061944e-18
1927,G+,0.9477597580155415,0.19458140454438655,true,0,-4.269046054161674e-18
1928,G-,0.9477597580155415,0.19620994151216142,true,0,-3.708310243079327e-18
1929,G+,0.9577597589059801,0.15183951092248116,true,0,-3.432177502274425e-18
1930,G-,0.9377597589059801,0.3180622873608641,true,0,-3.432177502274425e-18
1931,G+,0.9477597589059801,0.2015492976958545,true,0,-4.23092957153523e-18
1932,G-,0.9477597589059801,0.18950681131309255,true,0,-8.68039364346207e-18
1933,G+,0.9477597589059801,0.1979705555400941,true,0,-3.4762232155316486e-18
1934,G-,0.9477597589059801,0.1926044853693043,true,0,-4.094557267027288e-18
1935,G+,0.9477597589059801,0.20133098447765888,true,0,-2.676624113323589e-18
1936,G-,0.9477597589059801,0.19008173129689007,true,0,-5.759824041329242e-18
1937,G+,0.9477597589059801,0.19653853227445323,true,0,-5.2583805365546965e-18
1938,G-,0.9477597589059801,0.19256446462991167,true,0,-3.830282987483946e-18
1939,G+,0.9477597589059801,0.19331383577424985,true,0,-3.367802998283098e-18
1940,G-,0.9477597589059801,0.19723684500367933,true,0,-4.202977484275838e-18
1941,G+,0.9477597589059801,0.19717173352828035,true,0,-5.686132174918118e-18
1942,G-,0.9477597589059801,0.19370290498949594,true,0,-3.686287386450715e-18
1943,G+,0.9477597589059801,0.19374655869789767,true,0,-2.5038293920837118e-18
1944,G-,0.9477597589059801,0.1968415948327442,true,0,-4.470639895608197e-18
1945,G+,0.9477597589059801,0.1938527835728937,true,0,-6.877907531704919e-18
1946,G-,0.9477597589059801,0.19661849000865017,true,0,-5.149960319306146e-18
1947,G+,0.9477597589059801,0.19198682879498163,true,0,-3.78962540601574e-18
1948,G-,0.9477597589059801,0.20059946263277684,true,0,-6.559423143537302e-18
1949,G+,0.9477597589059801,0.1940060722225886,true,0,-1.921070724372753e-18
1950,G-,0.9477597589059801,0.19689333788499114,true,0,-4.565507585700679e-18
1951,G+,0.9477597589059801,0.19315903221391853,true,0,-6.2400917224224306e-18
1952,G-,0.9477597589059801,0.19998521779611436,true,0,-3.40168431617327e-18
1953,G+,0.9477597589059801,0.1944416819769867,true,0,-5.319366908757006e-18
1954,G-,0.9477597589059801,0.1963515566956906,true,0,-5.151654385200655e-18
1955,G+,0.9477597589059801,0.19464187189719978,true,0,-6.5187655620690954e-18
1956,G-,0.9477597589059801,0.19633509803238589,true,0,-4.047123421981047e-18
1957,G+,0.9477597589059801,0.19389107072475106,true,0,-6.2680438096818225e-18
1958,G-,0.9477597589059801,0.19671246601805997,true,0,-4.4181238528784306e-18
1959,G+,0.9477597589059801,0.19458133051365653,true,0,-4.858580985450667e-18
1960,G-,0.9477597589059801,0.1962098673364629,true,0,-4.690868461894315e-18
1961,G+,0.9577597582827161,0.1518396349734996,true,0,-3.767602549387128e-18
1962,G-,0.9377597582827161,0.3180624394966652,true,0,-3.767602549387128e-18
1963,G+,0.9477597582827161,0.20154946135381874,true,0,-2.289530056428374e-18
1964,G-,0.9477597582827161,0.18950691731388525,true,0,-3.71678057255187e-18
1965,G+,0.9477597582827161,0.19797070177433784,true,0,-2.2666601668525077e-18
1966,G-,0.9477597582827161,0.19260460879957617,true,0,-1.624609192833748e-18
1967,G+,0.9477597582827161,0.20133115696019988,true,0,-3.677817056978172e-18
1968,G-,0.9477597582827161,0.1900818312604316,true,0,-3.2356658585114273e-18
1969,G+,0.9477597582827161,0.1965386713106625,true,0,-2.3140940118987485e-18
1970,G-,0.9477597582827161,0.19256459568789314,true,0,-4.5587313221226444e-18
1971,G+,0.9477597582827161,0.19331397081997986,true,0,-2.8494188345634663e-18
1972,G-,0.9477597582827161,0.1972369811359932,true,0,-2.4242082950418076e-18
1973,G+,0.9477597582827161,0.19717186884997104,true,0,-9.114074512456272e-19
1974,G-,0.9477597582827161,0.19370304064925983,true,0,-1.0672615135404184e-18
1975,G+,0.9477597582827161,0.19374669407929007,true,0,-1.6601845766184287e-18
1976,G-,0.9477597582827161,0.19684173057801202,true,0,-1.187540192050529e-18
1977,G+,0.9477597582827161,0.19385291875334903,true,0,-8.978549240895584e-19
1978,G-,0.9477597582827161,0.19661862596794344,true,0,-2.1108061045577164e-18
1979,G+,0.9477597582827161,0.19198693761530336,true,0,-3.203478606515764e-18
1980,G-,0.9477597582827161,0.2005996276257811,true,0,-3.0323779511703952e-18
1981,G+,0.9477597582827161,0.19400619625618307,true,0,-1.8770250111155296e-18
1982,G-,0.9477597582827161,0.19689348420114927,true,0,-2.0142443485707262e-18
1983,G+,0.9477597582827161,0.1931591333282055,true,0,-2.916334437396556e-18
1984,G-,0.9477597582827161,0.1999853906006749,true,0,-2.507217523872729e-18
1985,G+,0.9477597582827161,0.19444181407862374,true,0,-4.841640326505581e-18
1986,G-,0.9477597582827161,0.19635169580562392,true,0,-1.0960606337470646e-18
1987,G+,0.9477597582827161,0.19464200720448777,true,0,-3.398296184384253e-18
1988,G-,0.9477597582827161,0.1963352335656091,true,0,-4.057287817348099e-18
1989,G+,0.9477597582827161,0.19389120616165106,true,0,-6.403569081242511e-19
1990,G-,0.9477597582827161,0.19671260144344388,true,0,-1.8804131429045468e-18
1991,G+,0.9477597582827161,0.19458146605276594,true,0,-3.9607260613611084e-18
1992,G-,0.9477597582827161,0.19621000294030588,true,0,-2.2886830234811195e-18
1993,G+,0.9577597581723217,0.15183957163504358,true,0,-5.595499649561908e-18
1994,G-,0.9377597581723217,0.31806237223216893,true,0,-5.595499649561908e-18
1995,G+,0.9477597581723217,0.20154938146009407,true,0,-6.340041610198438e-18
1996,G-,0.9477597581723217,0.1895068686158075,true,0,-5.854691731421724e-18
1997,G+,0.9477597581723217,0.19797063128413386,true,0,-4.6349642873755315e-18
1998,G-,0.9477597581723217,0.19260455072171453,true,0,-5.756435909540225e-18
1999,G+,0.9477597581723217,0.20133107211509613,true,0,-3.186537947570678e-18
2000,G-,0.9477597581723217,0.19008178599298195,true,0,-4.899238566918873e-18
2001,G+,0.9477597581723217,0.1965386046915805,true,0,-5.143184055728112e-18
2002,G-,0.9477597581723217,0.19256453344008997,true,0,-4.665457473476686e-18
2003,G+,0.9477597581723217,0.19331390633976547,true,0,-5.0550926292136644e-18
2004,G-,0.9477597581723217,0.19723691622112066,true,0,-5.648015692291675e-18
2005,G+,0.9477597581723217,0.19717180446347976,true,0,-7.917216957985945e-18
2006,G-,0.9477597581723217,0.19370297578313983,true,0,-4.834864062927546e-18
2007,G+,0.9477597581723217,0.19374662940353976,true,0,-5.736107118806122e-18
2008,G-,0.9477597581723217,0.19684166588318533,true,0,-6.308701391150029e-18
2009,G+,0.9477597581723217,0.19385285426551205,true,0,-4.9483664778596226e-18
2010,G-,0.9477597581723217,0.19661856110060572,true,0,-6.095249088441945e-18
2011,G+,0.9477597581723217,0.19198688757676757,true,0,-3.0239076216978522e-18
2012,G-,0.9477597581723217,0.20059954683864364,true,0,-4.14029704617902e-18
2013,G+,0.9477597581723217,0.19400613785553938,true,0,-6.400180949453493e-18
2014,G-,0.9477597581723217,0.1968934136489622,true,0,-6.715277205832093e-18
2015,G+,0.9477597581723217,0.19315908762427178,true,0,-4.486733521606029e-18
2016,G-,0.9477597581723217,0.1999853054248399,true,0,-6.881295663493936e-18
2017,G+,0.9477597581723217,0.1944417512626954,true,0,-5.692061405548898e-18
2018,G-,0.9477597581723217,0.1963516292047437,true,0,-3.669346727505629e-18
2019,G+,0.9477597581723217,0.19464194260064796,true,0,-4.2487172634275705e-18
2020,G-,0.9477597581723217,0.19633516896606762,true,0,-5.5599242657772274e-18
2021,G+,0.9477597581723217,0.1938911414783681,true,0,-4.8806038420792786e-18
2022,G-,0.9477597581723217,0.1967125369026352,true,0,-6.27143194147084e-18
2023,G+,0.9477597581723217,0.19458140133722118,true,0,-6.451002926288751e-18
2024,G-,0.9477597581723217,0.19620993828628663,true,0,-4.3334205581530005e-18
2025,G+,0.9577597579208931,0.1518395716495493,true,0,-3.9861370497787374e-18
2026,G-,0.9377597579208931,0.31806237617366273,true,0,-3.9861370497787374e-18
2027,G+,0.9477597579208931,0.20154938307571846,true,0,-6.1663998560113065e-18
2028,G-,0.9477597579208931,0.1895068704285518,true,0,-7.104912361569071e-18
2029,G+,0.9477597579208931,0.19797063295081097,true,0,-5.8309748088986035e-18
2030,G-,0.9477597579208931,0.19260455248889172,true,0,-5.231275482242559e-18
2031,G+,0.9477597579208931,0.2013310736797082,true,0,-6.605162922689034e-18
2032,G-,0.9477597579208931,0.190081787844898,true,0,-5.553148002199193e-18
2033,G+,0.9477597579208931,0.19653860638410853,true,0,-6.1494591970662205e-18
2034,G-,0.9477597579208931,0.19256453516491367,true,0,-6.078308429496859e-18
2035,G+,0.9477597579208931,0.19331390804360488,true,0,-6.630573911106663e-18
2036,G-,0.9477597579208931,0.19723691794437653,true,0,-5.651403824080692e-18
2037,G+,0.9477597579208931,0.19717180623354116,true,0,-5.710696130388493e-18
2038,G-,0.9477597579208931,0.1937029774521159,true,0,-4.238552868060519e-18
2039,G+,0.9477597579208931,0.19374663110342272,true,0,-5.38712954453735e-18
2040,G-,0.9477597579208931,0.1968416676093855,true,0,-4.373231106673953e-18
2041,G+,0.9477597579208931,0.1938528559824558,true,0,-7.091359834413002e-18
2042,G-,0.9477597579208931,0.19661856281755724,true,0,-5.014435047745458e-18
2043,G+,0.9477597579208931,0.19198688940472175,true,0,-5.588723385983874e-18
2044,G-,0.9477597579208931,0.20059954842378014,true,0,-4.4011831939333446e-18
2045,G+,0.9477597579208931,0.19400613960804397,true,0,-5.4955497617859006e-18
2046,G-,0.9477597579208931,0.1968934153216446,true,0,-4.3867836338300215e-18
2047,G+,0.9477597579208931,0.19315908949748448,true,0,-6.5357062210141814e-18
2048,G-,0.9477597579208931,0.1999853069664678,true,0,-7.901123331988114e-18
2049,G+,0.9477597579208931,0.194441752989025,true,0,-8.080694316806025e-18
2050,G-,0.9477597579208931,0.19635163090369315,true,0,-4.377466271410224e-18
2051,G+,0.9477597579208931,0.19464194430834345,true,0,-4.997494388800372e-18
2052,G-,0.9477597579208931,0.19633517068829154,true,0,-4.70950318673391e-18
2053,G+,0.9477597579208931,0.19389114317901468,true,0,-3.3373098121819433e-18
2054,G-,0.9477597579208931,0.19671253862962298,true,0,-5.014435047745458e-18
2055,G+,0.9477597579208931,0.19458140304731952,true,0,-3.2695471764015993e-18
2056,G-,0.9477597579208931,0.1962099400045803,true,0,-3.482999479109683e-18
2057,G+,0.9577597574016801,0.15183958017872373,true,0,-5.8106460181645e-19
2058,G-,0.93775975740168,0.3180623834467151,true,0,-5.8106460181645e-19
2059,G+,0.9477597574016801,0.20154939346154088,true,0,-3.954796830730328e-18
2060,G-,0.9477597574016801,0.18950687547774317,true,0,-1.2874900798265365e-18
2061,G+,0.9477597574016801,0.1979706417209983,true,0,-1.328147661294743e-18
2062,G-,0.9477597574016801,0.192604559148662,true,0,-3.059483005482533e-18
2063,G+,0.9477597574016801,0.2013310850589999,true,0,-2.320870275476783e-18
2064,G-,0.9477597574016801,0.19008179217803411,true,0,-5.404070203482436e-18
2065,G+,0.9477597574016801,0.1965386144902957,true,0,-6.844026213814747e-19
2066,G-,0.9477597574016801,0.1925645425640457,true,0,-1.2502206301473473e-18
2067,G+,0.9477597574016801,0.19331391585393431,true,0,-1.7076184216646695e-18
2068,G-,0.9477597574016801,0.19723692571381474,true,0,-2.7884324623611567e-18
2069,G+,0.9477597574016801,0.19717181394537459,true,0,-2.780809165835868e-18
2070,G-,0.9477597574016801,0.19370298529195418,true,0,-3.330533548603909e-18
2071,G+,0.9477597574016801,0.19374663894487754,true,0,-1.4670610646444482e-18
2072,G-,0.9477597574016801,0.19684167534328895,true,0,-2.744386749103933e-18
2073,G+,0.9477597574016801,0.19385286377027272,true,0,-3.525351126472398e-18
2074,G-,0.9477597574016801,0.1966185706088908,true,0,-1.785545452812065e-18
2075,G+,0.9477597574016801,0.19198689458983897,true,0,-2.171792476760026e-18
2076,G-,0.9477597574016801,0.20059955904615326,true,0,-5.011046915956441e-18
2077,G+,0.9477597574016801,0.19400614625962312,true,0,-1.9278469879507876e-18
2078,G-,0.9477597574016801,0.1968934241664261,true,0,-3.0831999280056532e-18
2079,G+,0.9477597574016801,0.1931590937950884,true,0,-1.9388584162650935e-18
2080,G-,0.9477597574016801,0.19998531849037476,true,0,-1.6771252355635147e-18
2081,G+,0.9477597574016801,0.1944417604409104,true,0,-2.7376104855258987e-18
2082,G-,0.9477597574016801,0.19635163903035702,true,0,-2.8561950981415007e-18
2083,G+,0.9477597574016801,0.19464195208722934,true,0,-1.362028979184915e-18
2084,G-,0.9477597574016801,0.1963351784457007,true,0,-2.9171814703438104e-18
2085,G+,0.9477597574016801,0.19389115099941082,true,0,-3.8370592510619805e-18
2086,G-,0.9477597574016801,0.19671254635697377,true,0,-2.0972535774016476e-18
2087,G+,0.9477597574016801,0.19458141084696892,true,0,-2.168404344971009e-18
2088,G-,0.9477597574016801,0.19620994777316875,true,0,-2.8561950981415007e-18
2089,G+,0.9577597579766258,0.15183957281741017,true,0,-3.499940138054769e-18
2090,G-,0.9377597579766258,0.3180623779762462,true,0,-3.499940138054769e-18
2091,G+,0.9477597579766258,0.20154938445880352,true,0,-2.9154874044493018e-18
2092,G-,0.9477597579766258,0.18950687193533744,true,0,-5.87163239036681e-18
2093,G+,0.9477597579766258,0.19797063436098805,true,0,-6.240938755369685e-18
2094,G-,0.9477597579766258,0.1926045539753759,true,0,-3.4982460721602604e-18
2095,G+,0.9477597579766258,0.20133107496826638,true,0,-4.845028458294598e-18
2096,G-,0.9477597579766258,0.19008178943499587,true,0,-5.624298769768554e-18
2097,G+,0.9477597579766258,0.19653860779301302,true,0,-3.3576386029160465e-18
2098,G-,0.9477597579766258,0.19256453663507597,true,0,-5.429481191900065e-18
2099,G+,0.9477597579766258,0.19331390946656027,true,0,-6.728829732988162e-18
2100,G-,0.9477597579766258,0.19723691941136814,true,0,-3.715086506657361e-18
2101,G+,0.9477597579766258,0.1971718077086572,true,0,-4.7366082410460475e-18
2102,G-,0.9477597579766258,0.19370297887402793,true,0,-1.2197274440461925e-18
2103,G+,0.9477597579766258,0.19374663251941326,true,0,-4.3334205581530005e-18
2104,G-,0.9477597579766258,0.19684166908303388,true,0,-5.5404425079903785e-18
2105,G+,0.9477597579766258,0.19385285742479888,true,0,-3.6507120026660345e-18
2106,G-,0.9477597579766258,0.19661856426881552,true,0,-3.9302328752599536e-18
2107,G+,0.9477597579766258,0.19198689098090546,true,0,-4.6010829694853594e-18
2108,G-,0.9477597579766258,0.20059954973469615,true,0,-5.705613932704967e-18
2109,G+,0.9477597579766258,0.19400614110018286,true,0,-4.170790232280175e-18
2110,G-,0.9477597579766258,0.19689341672313954,true,0,-5.29649701918114e-18
2111,G+,0.9477597579766258,0.19315909115866575,true,0,-4.856886919556158e-18
2112,G-,0.9477597579766258,0.19998530819162463,true,0,-5.421010862427522e-18
2113,G+,0.9477597579766258,0.19444175443344774,true,0,-3.855693975901575e-18
2114,G-,0.9477597579766258,0.19635163234892214,true,0,-3.8370592510619805e-18
2115,G+,0.9477597579766258,0.1946419457230023,true,0,-1.3247595295057257e-18
2116,G-,0.9477597579766258,0.1963351721664012,true,0,-5.808951952269992e-18
2117,G+,0.9477597579766258,0.19389114460246087,true,0,-3.691369584134241e-18
2118,G-,0.9477597579766258,0.1967125400975232,true,0,-3.889575293791747e-18
2119,G+,0.9477597579766258,0.19458140446618416,true,0,-2.4970531285056774e-18
2120,G-,0.9477597579766258,0.19620994147744555,true,0,-2.3174821436877657e-18
2121,G+,0.9577597579315009,0.1518395804586223,true,0,-1.026603932072212e-18
2122,G-,0.9377597579315009,0.318062385801708,true,0,-1.026603932072212e-18
2123,G+,0.9477597579315009,0.20154939330883115,true,0,-1.1604351377383915e-18
2124,G-,0.9477597579315009,0.18950687827059357,true,0,-1.4602848010664138e-18
2125,G+,0.9477597579315009,0.19797064242407492,true,0,-1.2197274440461925e-18
2126,G-,0.9477597579315009,0.19260456111153693,true,0,-2.583450489125616e-18
2127,G+,0.9477597579315009,0.20133108409326256,true,0,-2.8053731213062427e-18
2128,G-,0.9477597579315009,0.19008179561293603,true,0,-4.1131919918668824e-18
2129,G+,0.9477597579315009,0.19653861549868454,true,0,-4.404571325722362e-19
2130,G-,0.9477597579315009,0.19256454412431717,true,0,2.303929616531697e-19
2131,G+,0.9477597579315009,0.1933139170495371,true,0,-7.860465750519907e-19
2132,G-,0.9477597579315009,0.19723692708946908,true,0,-2.529240380501341e-18
2133,G+,0.9477597579315009,0.19717181536598097,true,0,-2.3310346708438345e-18
2134,G-,0.9477597579315009,0.1937029864791987,true,0,-6.437450399132683e-19
2135,G+,0.9477597579315009,0.1937466401010361,true,0,-1.4941661189565858e-18
2136,G-,0.9477597579315009,0.19684167675959904,true,0,-2.267507199799762e-18
2137,G+,0.9477597579315009,0.193852865045257,true,0,-1.3671111768684407e-18
2138,G-,0.9477597579315009,0.19661857191699256,true,0,-1.768604793866979e-18
2139,G+,0.9477597579315009,0.19198689757174167,true,0,-3.3068166260807885e-18
2140,G-,0.9477597579315009,0.20059955852086087,true,0,-4.302927372051846e-18
2141,G+,0.9477597579315009,0.19400614825280185,true,0,-1.1689054672109345e-18
2142,G-,0.9477597579315009,0.1968934247984127,true,0,-2.4301375256725877e-18
2143,G+,0.9477597579315009,0.1931590975058521,true,0,-1.4619788669609224e-18
2144,G-,0.9477597579315009,0.19998531722617438,true,0,-2.3784685158900754e-18
2145,G+,0.9477597579315009,0.19444176188307716,true,0,-2.371692252312041e-18
2146,G-,0.9477597579315009,0.1963516401594901,true,0,-2.176874674443552e-18
2147,G+,0.9477597579315009,0.19464195326843947,true,0,-3.4558944247975454e-19
2148,G-,0.9477597579315009,0.19633517986644486,true,0,-1.0316861297557378e-18
2149,G+,0.9477597579315009,0.19389115219367897,true,0,-1.3129010682441655e-18
2150,G-,0.9477597579315009,0.19671254775427557,true,0,-1.6737371037744975e-18
2151,G+,0.9477597579315009,0.19458141203309332,true,0,-3.0357660829594124e-18
2152,G-,0.9477597579315009,0.19620994917023074,true,0,-1.2146452463626667e-18
2153,G+,0.9577597580046454,0.15183957250989105,true,0,-4.751854834096625e-18
2154,G-,0.9377597580046454,0.31806237635459894,true,0,-4.751854834096625e-18
2155,G+,0.9477597580046454,0.20154938309833886,true,0,-3.3542504711270293e-18
2156,G-,0.9477597580046454,0.1895068714982423,true,0,-2.4631718106155054e-18
2157,G+,0.9477597580046454,0.19797063326051742,true,0,-6.06475590234079e-19
2158,G-,0.9477597580046454,0.19260455328787604,true,0,-1.5924219408380846e-18
2159,G+,0.9477597580046454,0.20133107337982975,true,0,-1.2586909596198903e-18
2160,G-,0.9477597580046454,0.19008178917794732,true,0,-5.437951521372608e-18
2161,G+,0.9477597580046454,0.1965386067757589,true,0,-1.819426770702237e-18
2162,G-,0.9477597580046454,0.19256453584019054,true,0,-4.363913744254155e-18
2163,G+,0.9477597580046454,0.19331390854827402,true,0,-7.691059161069047e-19
2164,G-,0.9477597580046454,0.1972369185140447,true,0,-1.8092623753351855e-18
2165,G+,0.9477597580046454,0.19717180682985716,true,0,-2.2751304963250507e-18
2166,G-,0.9477597580046454,0.19370297794709093,true,0,-1.7245590806097555e-18
2167,G+,0.9477597580046454,0.19374663158396246,true,0,-1.179069862577986e-18
2168,G-,0.9477597580046454,0.19684166820328466,true,0,-1.0596382170151297e-18
2169,G+,0.9477597580046454,0.19385285652754336,true,0,-1.2976544751935881e-18
2170,G-,0.9477597580046454,0.1966185633571746,true,0,-2.1074179727686992e-18
2171,G+,0.9477597580046454,0.19198689059789514,true,0,-1.692371828614092e-18
2172,G-,0.9477597580046454,0.200599548262014,true,0,-6.061367770551773e-18
2173,G+,0.9477597580046454,0.19400614039967942,true,0,-1.1248597539537109e-18
2174,G-,0.9477597580046454,0.19689341562409832,true,0,-8.834553639862353e-19
2175,G+,0.9477597580046454,0.19315909097274125,true,0,-2.219226321806267e-18
2176,G-,0.9477597580046454,0.19998530651994217,true,0,-3.503328269843786e-18
2177,G+,0.9477597580046454,0.19444175356134613,true,0,-2.625802136488331e-18
2178,G-,0.9477597580046454,0.19635163140326,true,0,-8.859964628279982e-19
2179,G+,0.9477597580046454,0.1946419447669056,true,0,-2.2666601668525077e-18
2180,G-,0.9477597580046454,0.19633517131185524,true,0,-4.4994390158148434e-18
2181,G+,0.9477597580046454,0.19389114367301785,true,0,-1.8939656700606156e-18
2182,G-,0.9477597580046454,0.1967125392169689,true,0,-2.1751806085490433e-18
2183,G+,0.9477597580046454,0.19458140351452288,true,0,-2.0430434687773724e-18
2184,G-,0.9477597580046454,0.19620994061425515,true,0,8.470329472543003e-21
2185,G+,0.9577597580705898,0.15183957375852533,true,0,-5.034763838479561e-18
2186,G-,0.9377597580705898,0.3180623776997176,true,0,-5.034763838479561e-18
2187,G+,0.9477597580705898,0.20154938531771988,true,0,-6.99818621021503e-18
2188,G-,0.9477597580705898,0.18950687190035542,true,0,-7.189615656294501e-18
2189,G+,0.9477597580705898,0.19797063495904044,true,0,-4.790818349670323e-18
2190,G-,0.9477597580705898,0.192604554194051,true,0,-5.4786091028408146e-18
2191,G+,0.9477597580705898,0.2013310760051426,true,0,-6.393404685875459e-18
2192,G-,0.9477597580705898,0.1900817892675448,true,0,-4.814535272193443e-18
2193,G+,0.9477597580705898,0.19653860829105288,true,0,-6.901624454228039e-18
2194,G-,0.9477597580705898,0.19256453697467033,true,0,-5.13301966036106e-18
2195,G+,0.9477597580705898,0.19331390989386862,true,0,-4.2487172634275705e-18
2196,G-,0.9477597580705898,0.19723691982586794,true,0,-5.315978776967989e-18
2197,G+,0.9477597580705898,0.19717180808832274,true,0,-3.871787601899407e-18
2198,G-,0.9477597580705898,0.1937029793249601,true,0,-4.760325163569168e-18
2199,G+,0.9477597580705898,0.19374663295684752,true,0,-4.536708465494033e-18
2200,G-,0.9477597580705898,0.19684166948730378,true,0,-6.614480285108831e-18
2201,G+,0.9477597580705898,0.19385285783799674,true,0,-6.838944016131221e-18
2202,G-,0.9477597580705898,0.1966185646914185,true,0,-6.034262716239636e-18
2203,G+,0.9477597580705898,0.19198689093775226,true,0,-6.786427973401454e-18
2204,G-,0.9477597580705898,0.2005995506627271,true,0,-4.489274620447792e-18
2205,G+,0.9477597580705898,0.19400614133349936,true,0,-5.539595475043124e-18
2206,G-,0.9477597580705898,0.19689341731982118,true,0,-7.102371262727308e-18
2207,G+,0.9477597580705898,0.19315909095960032,true,0,-4.629882089692006e-18
2208,G-,0.9477597580705898,0.19998530927638763,true,0,-4.977165598066269e-18
2209,G+,0.9477597580705898,0.19444175480766368,true,0,-4.330032426363983e-18
2210,G-,0.9477597580705898,0.1963516328180437,true,0,-4.475722093291723e-18
2211,G+,0.9477597580705898,0.19464194616310218,true,0,-4.092863201132779e-18
2212,G-,0.9477597580705898,0.19633517256176486,true,0,-5.756435909540225e-18
2213,G+,0.9477597580705898,0.19389114503784907,true,0,-6.838944016131221e-18
2214,G-,0.9477597580705898,0.19671254049893724,true,0,-6.711889074043076e-18
2215,G+,0.9477597580705898,0.19458140490545828,true,0,-4.980553729855286e-18
2216,G-,0.9477597580705898,0.19620994187841584,true,0,-3.9471735342050396e-18
2217,G+,0.9577597582155034,0.1518395715963307,true,0,-3.53551552183945e-18
2218,G-,0.9377597582155034,0.3180623719250264,true,0,-3.53551552183945e-18
2219,G+,0.9477597582155034,0.2015493812008995,true,0,-2.6122496093322622e-18
2220,G-,0.9477597582155034,0.1895068685829233,true,0,-1.0299920638612292e-18
2221,G+,0.9477597582155034,0.19797063108236476,true,0,-1.2332799712022613e-18
2222,G-,0.9477597582155034,0.19260455063188003,true,0,-5.929230630780102e-19
2223,G+,0.9477597582155034,0.20133107176964926,true,0,-4.623105826113971e-18
2224,G-,0.9477597582155034,0.19008178603204262,true,0,-1.1045309632196076e-18
2225,G+,0.9477597582155034,0.19653860450788285,true,0,4.54009659728305e-19
2226,G-,0.9477597582155034,0.19256453332309964,true,0,-4.150461441546072e-18
2227,G+,0.9477597582155034,0.19331390618356165,true,0,-1.3688052427629493e-18
2228,G-,0.9477597582155034,0.19723691607639993,true,0,-5.929230630780102e-19
2229,G+,0.9477597582155034,0.19717180432186326,true,0,-3.66172343098034e-18
2230,G-,0.9477597582155034,0.193702975626637,true,0,-4.8890741715518216e-18
2231,G+,0.9477597582155034,0.1937466292398717,true,0,-3.0391542147484296e-18
2232,G-,0.9477597582155034,0.19684166574592088,true,0,-2.8528069663524835e-18
2233,G+,0.9477597582155034,0.19385285411672487,true,0,-4.216530011431907e-18
2234,G-,0.9477597582155034,0.19661856095008445,true,0,-3.750661890442042e-18
2235,G+,0.9477597582155034,0.19198688757005658,true,0,-4.828087799349512e-18
2236,G-,0.9477597582155034,0.2005995465387741,true,0,-4.37069000783219e-18
2237,G+,0.9477597582155034,0.1940061377647465,true,0,-2.673235981534572e-18
2238,G-,0.9477597582155034,0.19689341344345973,true,0,-2.392021043046144e-18
2239,G+,0.9477597582155034,0.1931590876918987,true,0,-5.55653613398821e-19
2240,G-,0.9477597582155034,0.19998530504986226,true,0,-3.9810548520952116e-18
2241,G+,0.9477597582155034,0.1944417511219781,true,0,-2.8053731213062427e-18
2242,G-,0.9477597582155034,0.19635162904325248,true,0,-2.625802136488331e-18
2243,G+,0.9477597582155034,0.19464194243446312,true,0,3.049318610115481e-19
2244,G-,0.9477597582155034,0.19633516883247526,true,0,-3.4592825565865626e-18
2245,G+,0.9477597582155034,0.19389114132029167,true,0,-3.918374413998393e-18
2246,G-,0.9477597582155034,0.19671253676108497,true,0,3.015437292225309e-19
2247,G+,0.9477597582155034,0.19458140117315287,true,0,-2.4801124695605914e-18
2248,G-,0.9477597582155034,0.19620993814941826,true,0,-3.249218385667496e-18
2249,G+,0.9577597580009833,0.151839570955155,true,0,-4.253799461111096e-18
2250,G-,0.9377597580009833,0.3180623757195251,true,0,-4.253799461111096e-18
2251,G+,0.9477597580009833,0.20154938231230252,true,0,-1.2569968937253817e-18
2252,G-,0.9477597580009833,0.1895068700863426,true,0,-2.358139725155972e-18
2253,G+,0.9477597580009833,0.19797063231257717,true,0,-2.8053731213062427e-18
2254,G-,0.9477597580009833,0.1926045520201266,true,0,-3.9132922163148676e-18
2255,G+,0.9477597580009833,0.20133107282101184,true,0,-1.4111568901256644e-18
2256,G-,0.9477597580009833,0.19008178757424396,true,0,-2.7308342219478643e-18
2257,G+,0.9477597580009833,0.196538605799044,true,0,-5.319366908757006e-18
2258,G-,0.9477597580009833,0.19256453463560919,true,0,-2.171792476760026e-18
2259,G+,0.9477597580009833,0.19331390747943944,true,0,-2.6969529040576923e-18
2260,G-,0.9477597580009833,0.19723691738816707,true,0,-4.387630666777276e-18
2261,G+,0.9477597580009833,0.19717180567980758,true,0,-3.4982460721602604e-18
2262,G-,0.9477597580009833,0.19370297688758287,true,0,-4.9398961483870796e-18
2263,G+,0.9477597580009833,0.19374663053567587,true,0,-3.432177502274425e-18
2264,G-,0.9477597580009833,0.19684166705707756,true,0,-3.0416953135901925e-18
2265,G+,0.9477597580009833,0.19385285542062242,true,0,-4.445228907190568e-18
2266,G-,0.9477597580009833,0.19661856225845567,true,0,-3.5067164016328034e-18
2267,G+,0.9477597580009833,0.1919868890557884,true,0,-2.129440829397311e-18
2268,G-,0.9477597580009833,0.20059954763720733,true,0,-3.23227772672241e-18
2269,G+,0.9477597580009833,0.19400613914329135,true,0,-3.852305844112558e-18
2270,G-,0.9477597580009833,0.19689341467303073,true,0,-2.9739326778098485e-18
2271,G+,0.9477597580009833,0.19315908923367525,true,0,-2.710505431213761e-18
2272,G-,0.9477597580009833,0.19998530609337478,true,0,-2.6122496093322622e-18
2273,G+,0.9477597580009833,0.19444175245792708,true,0,-4.269046054161674e-18
2274,G-,0.9477597580009833,0.1963516303143116,true,0,-2.476724337771574e-18
2275,G+,0.9477597580009833,0.19464194375002472,true,0,-6.227386228213616e-18
2276,G-,0.9477597580009833,0.19633517012997703,true,0,-2.2802126940085765e-18
2277,G+,0.9477597580009833,0.1938911426156358,true,0,-4.555343190333627e-18
2278,G-,0.9477597580009833,0.19671253807516437,true,0,-3.737109363285973e-18
2279,G+,0.9477597580009833,0.19458140248740013,true,0,-3.97089045672816e-18
2280,G-,0.9477597580009833,0.19620993944512222,true,0,-3.4931638744767346e-18
2281,G+,0.95775975791106,0.1518395720698769,true,0,-4.243635065744045e-18
2282,G-,0.93775975791106,0.31806237829196277,true,0,-4.243635065744045e-18
2283,G+,0.94775975791106,0.20154938442859788,true,0,-6.492507540704212e-18
2284,G-,0.94775975791106,0.1895068714455305,true,0,-5.397293939904402e-18
2285,G+,0.94775975791106,0.19797063419904168,true,0,-2.8358663074073975e-18
2286,G-,0.94775975791106,0.1926045536066362,true,0,-3.482999479109683e-18
2287,G+,0.94775975791106,0.2013310750659637,true,0,-3.6507120026660345e-18
2288,G-,0.94775975791106,0.1900817888415245,true,0,-3.601584091725285e-18
2289,G+,0.94775975791106,0.19653860759876696,true,0,-2.8833001524536384e-18
2290,G-,0.94775975791106,0.19256453631580833,true,0,-4.492662752236809e-18
2291,G+,0.94775975791106,0.1933139092236651,true,0,-2.8900764160316728e-18
2292,G-,0.94775975791106,0.19723691913651242,true,0,-3.8624702394796095e-18
2293,G+,0.94775975791106,0.19717180742891469,true,0,-5.318519875809752e-18
2294,G-,0.94775975791106,0.19370297862929678,true,0,-3.0899761915836876e-18
2295,G+,0.94775975791106,0.1937466322848579,true,0,-2.9070170749767588e-18
2296,G-,0.94775975791106,0.1968416687995441,true,0,-2.476724337771574e-18
2297,G+,0.94775975791106,0.1938528571630294,true,0,-4.6264939579029885e-18
2298,G-,0.94775975791106,0.19661856400850483,true,0,-2.4801124695605914e-18
2299,G+,0.94775975791106,0.1919868904308903,true,0,-4.084392871660236e-18
2300,G-,0.94775975791106,0.20059954978847452,true,0,-4.184342759436244e-18
2301,G+,0.94775975791106,0.19400614073174394,true,0,-2.9341221292888964e-18
2302,G-,0.94775975791106,0.19689341656406728,true,0,-2.3954091748351614e-18
2303,G+,0.94775975791106,0.19315909049544505,true,0,-2.795208725939191e-18
2304,G-,0.94775975791106,0.19998530836015843,true,0,-5.2583805365546965e-18
2305,G+,0.94775975791106,0.19444175416353798,true,0,-3.3915199208062186e-18
2306,G-,0.94775975791106,0.1963516321009638,true,0,-5.0550926292136644e-18
2307,G+,0.94775975791106,0.19464194550370917,true,0,-2.8697476252975695e-18
2308,G-,0.94775975791106,0.1963351718641406,true,0,-3.449118161219511e-18
2309,G+,0.94775975791106,0.19389114436443497,true,0,-4.287680779001268e-18
2310,G-,0.94775975791106,0.19671253981428063,true,0,-2.913793338554793e-18
2311,G+,0.94775975791106,0.1945814042433657,true,0,-3.093364323372705e-18
2312,G-,0.94775975791106,0.19620994118087365,true,0,-4.960224939121183e-18
2313,G+,0.9577597580347964,0.15183957331362513,true,0,9.0801931945661e-19
2314,G-,0.9377597580347964,0.31806237839281515,true,0,9.0801931945661e-19
2315,G+,0.9477597580347964,0.20154938524899058,true,0,-1.9786689647860456e-18
2316,G-,0.9477597580347964,0.18950687209746958,true,0,-5.261768668343714e-18
2317,G+,0.9477597580347964,0.19797063497023132,true,0,3.7608262858090935e-19
2318,G-,0.9477597580347964,0.19260455431221096,true,0,-4.997494388800372e-19
2319,G+,0.9477597580347964,0.20133107588945917,true,0,-2.5258522487123236e-18
2320,G-,0.9477597580347964,0.19008178949769042,true,0,-5.38712954453735e-19
2321,G+,0.9477597580347964,0.196538608337873,true,0,-1.5415999640028266e-18
2322,G-,0.9477597580347964,0.19256453705121304,true,0,-2.0515137982499154e-18
2323,G+,0.9477597580347964,0.19331390995236813,true,0,3.2187251995663413e-19
2324,G-,0.9477597580347964,0.19723691988924152,true,0,-3.3711911300721153e-19
2325,G+,0.9477597580347964,0.19717180816586072,true,0,7.27601301691444e-19
2326,G-,0.9477597580347964,0.1937029793730627,true,0,-1.6229151269392394e-18
2327,G+,0.9477597580347964,0.19374663301395334,true,0,-1.4433441421213278e-18
2328,G-,0.9477597580347964,0.19684166955202964,true,0,-2.7198227936335584e-18
2329,G+,0.9477597580347964,0.19385285789939988,true,0,-3.920068479892902e-18
2330,G-,0.9477597580347964,0.19661856475321168,true,0,-2.507217523872729e-18
2331,G+,0.9477597580347964,0.1919868911267842,true,0,-3.542291785417484e-18
2332,G-,0.9477597580347964,0.20059955058245968,true,0,-1.8634724839594607e-19
2333,G+,0.9477597580347964,0.1940061414486348,true,0,-1.145188544687814e-18
2334,G-,0.9477597580347964,0.19689341732911417,true,0,-3.031530918223141e-18
2335,G+,0.9477597580347964,0.19315909119083619,true,0,-3.2424421220894617e-18
2336,G-,0.9477597580347964,0.19998530915386312,true,0,-3.144186300207963e-18
2337,G+,0.9477597580347964,0.19444175488706147,true,0,-1.5348237004247922e-18
2338,G-,0.9477597580347964,0.19635163286024956,true,0,1.0452386569118066e-18
2339,G+,0.9477597580347964,0.19464194622678424,true,0,-9.181837148236616e-19
2340,G-,0.9477597580347964,0.1963351726225701,true,0,-2.0650663254059842e-18
2341,G+,0.9477597580347964,0.19389114509574318,true,0,1.3213713977167085e-19
2342,G-,0.9477597580347964,0.19671254056436932,true,0,-1.6398557858843255e-18
2343,G+,0.9477597580347964,0.194581404968347,true,0,-1.4941661189565858e-18
2344,G-,0.9477597580347964,0.19620994193826713,true,0,1.3162892000331827e-18
2345,G+,0.957759758266549,0.15183957439187104,true,0,-1.40438062654763e-18
2346,G-,0.937759758266549,0.3180623784563801,true,0,-1.40438062654763e-18
2347,G+,0.947759758266549,0.20154938609163126,true,0,-3.274629374085125e-18
2348,G-,0.947759758266549,0.18950687261150337,true,0,-5.946171289725188e-18
2349,G+,0.947759758266549,0.19797063569723397,true,0,-5.498937893574918e-18
2350,G-,0.947759758266549,0.192604554938215,true,0,-4.37069000783219e-18
2351,G+,0.947759758266549,0.20133107669895053,true,0,-2.8324781756183803e-18
2352,G-,0.947759758266549,0.19008179005614684,true,0,-3.2729353081906165e-18
2353,G+,0.947759758266549,0.1965386090081812,true,0,-4.882297907973787e-18
2354,G-,0.947759758266549,0.1925645377307224,true,0,-3.672734859294646e-18
2355,G+,0.947759758266549,0.19331391061643285,true,0,-4.848416590083615e-18
2356,G-,0.947759758266549,0.1972369205810338,true,0,-4.628188023797497e-18
2357,G+,0.947759758266549,0.1971718088440505,true,0,-3.1433392672607086e-18
2358,G-,0.947759758266549,0.19370298004944794,true,0,-2.757939276260002e-18
2359,G+,0.947759758266549,0.19374663366931194,true,0,-3.1848438816761693e-18
2360,G-,0.947759758266549,0.19684167025229798,true,0,-5.35748339138345e-18
2361,G+,0.947759758266549,0.19385285857365156,true,0,-2.2751304963250507e-18
2362,G-,0.947759758266549,0.1966185654345941,true,0,-4.424900116456465e-18
2363,G+,0.947759758266549,0.19198689170801844,true,0,-2.710505431213761e-18
2364,G-,0.947759758266549,0.2005995513814297,true,0,-3.3406979439709605e-18
2365,G+,0.947759758266549,0.1940061420830259,true,0,-3.876022766635678e-18
2366,G-,0.947759758266549,0.19689341804758925,true,0,-5.8589268961579954e-18
2367,G+,0.947759758266549,0.19315909179825827,true,0,-2.8976997125569615e-18
2368,G-,0.947759758266549,0.19998530992680133,true,0,-7.521652571618187e-19
2369,G+,0.947759758266549,0.19444175554232976,true,0,-5.607358110823468e-18
2370,G-,0.947759758266549,0.1963516335590546,true,0,-3.706616177184818e-18
2371,G+,0.947759758266549,0.19464194688222408,true,0,-5.031375706690544e-18
2372,G-,0.947759758266549,0.19633517332061873,true,0,-3.74049749507499e-18
2373,G+,0.947759758266549,0.19389114576462288,true,0,-2.044737534671881e-18
2374,G-,0.947759758266549,0.19671254125015314,true,0,-1.4162390878091902e-18
2375,G+,0.947759758266549,0.19458140562925258,true,0,-4.8213115357714775e-18
2376,G-,0.947759758266549,0.19620994263259287,true,0,-3.6253010142484055e-18
2377,G+,0.9577597588338663,0.1518395701696174,true,0,-8.402566836762659e-19
2378,G-,0.9377597588338663,0.31806237227654216,true,0,-8.402566836762659e-19
2379,G+,0.9477597588338663,0.2015493799191542,true,0,-1.2730905197232134e-18
2380,G-,0.9477597588338663,0.18950686904641897,true,0,-2.608861477543245e-19
2381,G+,0.9477597588338663,0.19797063026421946,true,0,6.2002811739014785e-19
2382,G-,0.9477597588338663,0.19260455062647994,true,0,-3.101834652845248e-18
2383,G+,0.9477597588338663,0.20133106987492794,true,0,-1.726253146504264e-18
2384,G-,0.9477597588338663,0.19008178700217127,true,0,-1.4568966692773966e-19
2385,G+,0.9477597588338663,0.19653860385757693,true,0,-6.335806445462167e-19
2386,G-,0.9477597588338663,0.19256453309135263,true,0,-5.336307567702092e-19
2387,G+,0.9477597588338663,0.1933139056849337,true,0,-3.215337067777324e-18
2388,G-,0.9477597588338663,0.19723691568207416,true,0,-3.427095304590899e-18
2389,G+,0.9477597588338663,0.19717180397714762,true,0,-6.403569081242511e-19
2390,G-,0.9477597588338663,0.1937029751008699,true,0,-3.54737398310101e-18
2391,G+,0.9477597588338663,0.19374662869139453,true,0,-1.5924219408380846e-18
2392,G-,0.9477597588338663,0.1968416654015908,true,0,-1.6618786425129373e-18
2393,G+,0.9477597588338663,0.1938528536714932,true,0,-1.2502206301473473e-18
2394,G-,0.9477597588338663,0.19661856051136467,true,0,-1.8634724839594607e-19
2395,G+,0.9477597588338663,0.19198688817666978,true,0,-1.9701986353135026e-18
2396,G-,0.9477597588338663,0.20059954498737173,true,0,-3.4389537658524594e-18
2397,G+,0.9477597588338663,0.1940061377562293,true,0,-1.1858461261560205e-18
2398,G-,0.9477597588338663,0.19689341258383194,true,0,-1.6347735882007997e-18
2399,G+,0.9477597588338663,0.1931590888298408,true,0,-1.6559494118821572e-18
2400,G-,0.9477597588338663,0.199985302964787,true,0,-3.943785402416022e-18
2401,G+,0.9477597588338663,0.19444175077960119,true,0,-2.2666601668525077e-18
2402,G-,0.9477597588338663,0.19635162848335957,true,0,-1.3806637040245096e-18
2403,G+,0.9477597588338663,0.1946419419189605,true,0,-9.994988777600744e-19
2404,G-,0.9477597588338663,0.19633516846899712,true,0,-4.314785833313406e-18
2405,G+,0.9477597588338663,0.19389114082466413,true,0,-1.1146953585866592e-18
2406,G-,0.9477597588338663,0.1967125363754354,true,0,5.759824041329242e-20
2407,G+,0.9477597588338663,0.19458140066877694,true,0,-2.3344228026328517e-18
2408,G-,0.9477597588338663,0.19620993776402346,true,0,-4.997494388800372e-19
2409,G+,0.9577597582825257,0.15183956621418546,true,0,-4.555343190333627e-18
2410,G-,0.9377597582825257,0.3180623715339629,true,0,-4.555343190333627e-18
2411,G+,0.9477597582825257,0.20154937655486496,true,0,-3.2534535504037676e-18
2412,G-,0.9477597582825257,0.1895068671664074,true,0,-5.356636358436195e-18
2413,G+,0.9477597582825257,0.19797062738212062,true,0,-4.218224077326416e-18
2414,G-,0.9477597582825257,0.19260454827289505,true,0,-4.743384504624082e-18
2415,G+,0.9477597582825257,0.2013310664554524,true,0,-4.0318768289304696e-18
2416,G-,0.9477597582825257,0.19008178511494733,true,0,-4.919567357652976e-18
2417,G+,0.9477597582825257,0.1965386011962027,true,0,-4.1165801236559e-18
2418,G-,0.9477597582825257,0.19256453051396163,true,0,-4.6688456052657035e-18
2419,G+,0.9477597582825257,0.19331390308644367,true,0,-4.462169566135654e-18
2420,G-,0.9477597582825257,0.19723691301768811,true,0,-4.2148359455373985e-18
2421,G+,0.9477597582825257,0.19717180136402812,true,0,-5.047469332688376e-18
2422,G-,0.9477597582825257,0.19370297245959886,true,0,-2.3852447794681098e-18
2423,G+,0.9477597582825257,0.19374662610627344,true,0,-5.061868892791699e-18
2424,G-,0.9477597582825257,0.19684166272468068,true,0,-3.737109363285973e-18
2425,G+,0.9477597582825257,0.19385285105282882,true,0,-2.9459805905504566e-18
2426,G-,0.9477597582825257,0.19661855786967777,true,0,-2.8189256484623115e-18
2427,G+,0.9477597582825257,0.19198688611855724,true,0,-4.397795062144327e-18
2428,G-,0.9477597582825257,0.2005995416938574,true,0,-4.662069341687669e-18
2429,G+,0.9477597582825257,0.19400613537494513,true,0,-5.0212113113234924e-18
2430,G-,0.9477597582825257,0.19689340971822286,true,0,-4.292762976684794e-18
2431,G+,0.9477597582825257,0.19315908682640087,true,0,-3.31105179081706e-18
2432,G-,0.9477597582825257,0.1999852996154856,true,0,-6.1663998560113065e-18
2433,G+,0.9477597582825257,0.19444174824653768,true,0,-2.4835006013496086e-18
2434,G-,0.9477597582825257,0.19635162575627255,true,0,-2.927345865710862e-18
2435,G+,0.9477597582825257,0.19464193934113674,true,0,-2.9510627882339824e-18
2436,G-,0.9477597582825257,0.19633516579425517,true,0,-3.2187251995663413e-18
2437,G+,0.9477597582825257,0.19389113821180035,true,0,-2.986638172018663e-18
2438,G-,0.9477597582825257,0.1967125337320909,true,0,-2.4123498337802474e-18
2439,G+,0.9477597582825257,0.194581398076722,true,0,-2.8900764160316728e-18
2440,G-,0.9477597582825257,0.1962099350954063,true,0,-4.445228907190568e-18
2441,G+,0.957759757995084,0.15183956750181618,true,0,-4.125050453128443e-18
2442,G-,0.9377597579950839,0.3180623746408757,true,0,-4.125050453128443e-18
2443,G+,0.9477597579950839,0.20154937900199738,true,0,-1.683901499141549e-18
2444,G-,0.9477597579950839,0.1895068687248892,true,0,-4.655293078109635e-18
2445,G+,0.9477597579950839,0.19797062958038386,true,0,-4.086086937554745e-18
2446,G-,0.9477597579950839,0.19260455008354319,true,0,-3.798095735488283e-18
2447,G+,0.9477597579950839,0.2013310691422392,true,0,-1.0655674476459098e-18
2448,G-,0.9477597579950839,0.19008178648256077,true,0,-4.336808689942018e-19
2449,G+,0.9477597579950839,0.19653860330384584,true,0,-6.35613523619627e-18
2450,G-,0.9477597579950839,0.19256453243019234,true,0,-2.9239577339218448e-18
2451,G+,0.9477597579950839,0.19331390511251725,true,0,-4.099639464710814e-18
2452,G-,0.9477597579950839,0.1972369150307416,true,0,-3.418624975118356e-18
2453,G+,0.9477597579950839,0.19717180337509374,true,0,-6.047815243395704e-19
2454,G-,0.9477597579950839,0.1937029744842201,true,0,-2.388632911257127e-18
2455,G+,0.9477597579950839,0.19374662815028743,true,0,-2.205673794650198e-18
2456,G-,0.9477597579950839,0.19684166471895387,true,0,-1.0020399766018373e-18
2457,G+,0.9477597579950839,0.19385285306800434,true,0,-6.2426328212641935e-18
2458,G-,0.9477597579950839,0.1966185598926802,true,0,-5.465056575684746e-18
2459,G+,0.9477597579950839,0.19198688765270508,true,0,-1.3637230450794235e-18
2460,G-,0.9477597579950839,0.20059954422846102,true,0,-9.486769009248164e-19
2461,G+,0.9477597579950839,0.1940061371882372,true,0,-2.4360667563033678e-18
2462,G-,0.9477597579950839,0.19689341192887205,true,0,-9.342773408214933e-19
2463,G+,0.9477597579950839,0.19315908815413377,true,0,-5.022058344270747e-18
2464,G-,0.9477597579950839,0.19998530235877401,true,0,-7.623296525288703e-19
2465,G+,0.9477597579950839,0.19444175021705748,true,0,-1.6872896309305663e-18
2466,G-,0.9477597579950839,0.19635162782759497,true,0,-6.169787987800324e-18
2467,G+,0.9477597579950839,0.1946419413845804,true,0,-5.231275482242559e-18
2468,G-,0.9477597579950839,0.19633516778504853,true,0,-2.3954091748351614e-18
2469,G+,0.9477597579950839,0.19389114024098392,true,0,-6.323947984200606e-18
2470,G-,0.9477597579950839,0.1967125357363781,true,0,-5.099138342470888e-18
2471,G+,0.9477597579950839,0.1945814001184494,true,0,-1.2536087619363645e-18
2472,G-,0.9477597579950839,0.19620993709257023,true,0,-1.4399560103323106e-18
2473,G+,0.9577597578761143,0.15183956895462483,true,0,-3.139104102524437e-18
2474,G-,0.9377597578761143,0.3180623773399946,true,0,-3.139104102524437e-18
2475,G+,0.9477597578761143,0.20154938137278938,true,0,-3.4762232155316486e-18
2476,G-,0.9477597578761143,0.18950687027511384,true,0,-4.319868030996932e-18
2477,G+,0.9477597578761143,0.1979706317097267,true,0,-2.9917203697021888e-18
2478,G-,0.9477597578761143,0.19260455187590753,true,0,-2.55465136891897e-18
2479,G+,0.9477597578761143,0.20133107167471523,true,0,-1.8143445730187113e-18
2480,G-,0.9477597578761143,0.1900817879128281,true,0,-1.277325684459485e-18
2481,G+,0.9477597578761143,0.1965386053391554,true,0,-5.058480761002682e-18
2482,G-,0.9477597578761143,0.19256453432542678,true,0,-5.3939058081153846e-18
2483,G+,0.9477597578761143,0.19331390708269083,true,0,-3.2085608041992897e-18
2484,G-,0.9477597578761143,0.1972369170060149,true,0,-2.188733135705112e-18
2485,G+,0.9477597578761143,0.19717180534521428,true,0,-1.6381617199898169e-18
2486,G-,0.9477597578761143,0.19370297645706872,true,0,-4.628188023797497e-18
2487,G+,0.9477597578761143,0.19374663012946788,true,0,-3.482999479109683e-18
2488,G-,0.9477597578761143,0.19684166668439923,true,0,-1.7237120476625012e-18
2489,G+,0.9477597578761143,0.1938528550355577,true,0,-2.829090043829363e-18
2490,G-,0.9477597578761143,0.19661856187009732,true,0,-3.923456611681919e-18
2491,G+,0.9477597578761143,0.19198688921689633,true,0,-2.600391148070702e-18
2492,G-,0.9477597578761143,0.2005995466432939,true,0,-5.546371738621159e-18
2493,G+,0.9477597578761143,0.19400613898609465,true,0,-3.686287386450715e-18
2494,G-,0.9477597578761143,0.1968934140631981,true,0,-1.1680584342636802e-18
2495,G+,0.9477597578761143,0.19315908957801692,true,0,-4.38847769972453e-18
2496,G-,0.9477597578761143,0.19998530491587743,true,0,-1.5924219408380846e-18
2497,G+,0.9477597578761143,0.1944417521433064,true,0,-2.1921212674941293e-18
2498,G-,0.9477597578761143,0.19635162984775617,true,0,-5.373577017381281e-18
2499,G+,0.9477597578761143,0.19464194336538015,true,0,-6.291760732204943e-18
2500,G-,0.9477597578761143,0.196335169745051,true,0,-3.469446951953614e-18
2501,G+,0.9477597578761143,0.19389114221618978,true,0,-2.354751593366955e-18
2502,G-,0.9477597578761143,0.19671253770177405,true,0,-3.5575383784680614e-18
2503,G+,0.9477597578761143,0.19458140210069547,true,0,-3.791319471910248e-18
2504,G-,0.9477597578761143,0.1962099390553608,true,0,-5.129631528572043e-18
2505,G+,0.9577597577403067,0.15183956956995956,true,0,-4.6773159347382465e-18
2506,G-,0.9377597577403067,0.318062380395815,true,0,-4.6773159347382465e-18
2507,G+,0.9477597577403067,0.20154938325051402,true,0,-1.801639078809897e-18
2508,G-,0.9477597577403067,0.18950687174064362,true,0,-3.689675518239732e-18
2509,G+,0.9477597577403067,0.19797063346448374,true,0,-3.3373098121819433e-18
2510,G-,0.9477597577403067,0.19260455346472746,true,0,-1.841449627330849e-18
2511,G+,0.9477597577403067,0.20133107362749295,true,0,-4.084392871660236e-18
2512,G-,0.9477597577403067,0.1900817893238522,true,0,-2.1785687403380605e-18
2513,G+,0.9477597577403067,0.19653860705030654,true,0,-2.8833001524536384e-18
2514,G-,0.9477597577403067,0.1925645359583622,true,0,-4.789124283775814e-18
2515,G+,0.9477597577403067,0.19331390875504295,true,0,-2.9171814703438104e-18
2516,G-,0.9477597577403067,0.1972369186883238,true,0,-1.5161889755851976e-18
2517,G+,0.9477597577403067,0.1971718070388791,true,0,-1.0477797557535695e-18
2518,G-,0.9477597577403067,0.19370297812025136,true,0,-5.417622730638505e-18
2519,G+,0.9477597577403067,0.19374663180533586,true,0,-2.744386749103933e-18
2520,G-,0.9477597577403067,0.19684166836236228,true,0,-1.7974039140736253e-18
2521,G+,0.9477597577403067,0.19385285670966765,true,0,-5.30242624981192e-18
2522,G-,0.9477597577403067,0.19661856355205215,true,0,-1.81603863891322e-18
2523,G+,0.9477597577403067,0.19198689068922822,true,0,-4.653599012215126e-18
2524,G-,0.9477597577403067,0.20059954854153378,true,0,-2.829090043829363e-18
2525,G+,0.9477597577403067,0.19400614057517587,true,0,-2.6495190590114515e-18
2526,G-,0.9477597577403067,0.19689341581970585,true,0,-2.041349402882864e-18
2527,G+,0.9477597577403067,0.1931590909855844,true,0,-2.496206095558423e-18
2528,G-,0.9477597577403067,0.1999853068808,true,0,-4.6349642873755315e-18
2529,G+,0.9477597577403067,0.19444175380195425,true,0,-2.8900764160316728e-18
2530,G-,0.9477597577403067,0.1963516315432468,true,0,-2.532628512290358e-18
2531,G+,0.9477597577403067,0.19464194505163032,true,0,-3.696451781817767e-18
2532,G-,0.9477597577403067,0.19633517141179688,true,0,-4.314785833313406e-18
2533,G+,0.9477597577403067,0.19389114389294443,true,0,-4.841640326505581e-18
2534,G-,0.9477597577403067,0.19671253937698396,true,0,-1.4196272195982074e-18
2535,G+,0.9477597577403067,0.19458140378820948,true,0,-5.776764700274328e-18
2536,G-,0.9477597577403067,0.19620994072261488,true,0,-2.39710324072967e-18
2537,G+,0.9577597574504487,0.1518395702492718,true,0,-1.170599533105443e-18
2538,G-,0.9377597574504487,0.31806238689109956,true,0,-1.170599533105443e-18
2539,G+,0.9477597574504487,0.20154938675416187,true,0,-2.7969027918336997e-18
2540,G-,0.9477597574504487,0.18950687467381863,true,0,-7.792703114739563e-19
2541,G+,0.9477597574504487,0.19797063679592858,true,0,-1.5382118322138094e-18
2542,G-,0.9477597574504487,0.19260455657043338,true,0,-2.2937652211646453e-18
2543,G+,0.9477597574504487,0.20133107722759006,true,0,-2.1921212674941293e-18
2544,G-,0.9477597574504487,0.1900817921885665,true,0,-2.104029840979682e-18
2545,G+,0.9477597574504487,0.19653861032645847,true,0,-1.5720931501039814e-18
2546,G-,0.9477597574504487,0.1925645391149992,true,0,-2.8833001524536384e-18
2547,G+,0.9477597574504487,0.1933139119690655,true,0,-1.5382118322138094e-18
2548,G-,0.9477597574504487,0.19723692192571496,true,0,-2.5106056556617462e-18
2549,G+,0.9477597574504487,0.1971718103104211,true,0,-4.617176595483191e-18
2550,G-,0.9477597574504487,0.1937029813076674,true,0,-5.04831636563563e-19
2551,G+,0.9477597574504487,0.1937466350229386,true,0,-4.089475069343762e-18
2552,G-,0.9477597574504487,0.19684167159447197,true,0,-2.3987973066241786e-18
2553,G+,0.9477597574504487,0.1938528599300443,true,0,-4.060675949137116e-18
2554,G-,0.9477597574504487,0.19661856678718126,true,0,-8.300922883092143e-19
2555,G+,0.9477597574504487,0.19198689363063687,true,0,-2.707117299424744e-18
2556,G-,0.9477597574504487,0.20059955207224905,true,0,-3.161126959153049e-18
2557,G+,0.9477597574504487,0.19400614367798938,true,0,-4.3334205581530005e-18
2558,G-,0.9477597574504487,0.1968934191524856,true,0,-2.656295322589486e-18
2559,G+,0.9477597574504487,0.19315909384428429,true,0,-2.5148408203980177e-18
2560,G-,0.9477597574504487,0.19998531049813809,true,0,-1.832979297858306e-18
2561,G+,0.9477597574504487,0.19444175700826194,true,0,-1.5924219408380846e-18
2562,G-,0.9477597574504487,0.19635163478627488,true,0,-3.662570463927595e-18
2563,G+,0.9477597574504487,0.19464194829670214,true,0,-3.130633773051894e-18
2564,G-,0.9477597574504487,0.1963351746167169,true,0,-1.7313353441877899e-18
2565,G+,0.9477597574504487,0.19389114711569802,true,0,-3.830282987483946e-18
2566,G-,0.9477597574504487,0.19671254260155702,true,0,-6.403569081242511e-19
2567,G+,0.9477597574504487,0.1945814070356916,true,0,-1.4026865606531214e-18
2568,G-,0.9477597574504487,0.1962099439271034,true,0,-3.432177502274425e-18
2569,G+,0.9577597571862504,0.15183957348081148,true,0,-4.585836376434782e-18
2570,G-,0.9377597571862504,0.31806239560744676,true,0,-4.585836376434782e-18
2571,G+,0.9477597571862504,0.20154939327792273,true,0,-3.703228045395801e-18
2572,G-,0.9477597571862504,0.18950687933822769,true,0,-6.118966010965066e-18
2573,G+,0.9477597571862504,0.19797064276069573,true,0,-3.6253010142484055e-18
2574,G-,0.9477597571862504,0.19260456179279567,true,0,-4.907708896391416e-18
2575,G+,0.9477597571862504,0.201331084058792,true,0,-4.548566926755593e-18
2576,G-,0.9477597571862504,0.19008179663703442,true,0,-5.502326025363935e-18
2577,G+,0.9477597571862504,0.19653861607599077,true,0,-7.575862680242462e-18
2578,G-,0.9477597571862504,0.19256454456277144,true,0,-4.1555436392295975e-18
2579,G+,0.9477597571862504,0.19331391756841698,true,0,-2.757939276260002e-18
2580,G-,0.9477597571862504,0.19723692756244462,true,0,-4.543484729072067e-18
2581,G+,0.9477597571862504,0.19717181595419941,true,0,-4.2775163836342167e-19
2582,G-,0.9477597571862504,0.19370298690022328,true,0,-4.784042086092288e-18
2583,G+,0.9477597571862504,0.19374664063460892,true,0,-5.5260429478870554e-18
2584,G-,0.9477597571862504,0.19684167721632037,true,0,-3.793860570752011e-18
2585,G+,0.9477597571862504,0.19385286553410064,true,0,-3.815036394433369e-18
2586,G-,0.9477597571862504,0.19661857242089645,true,0,-4.0149361699853836e-18
2587,G+,0.9477597571862504,0.19198689835396596,true,0,-3.830282987483946e-18
2588,G-,0.9477597571862504,0.20059955866491022,true,0,-4.133520782600986e-18
2589,G+,0.9477597571862504,0.19400614891192136,true,0,-1.6635727084074459e-18
2590,G-,0.9477597571862504,0.19689342512104646,true,0,-3.387284756069947e-18
2591,G+,0.9477597571862504,0.19315909830012334,true,0,-1.0359212944920093e-18
2592,G-,0.9477597571862504,0.19998531736422798,true,0,-4.0284886971414524e-18
2593,G+,0.9477597571862504,0.1944417625288441,true,0,-1.212951180468158e-18
2594,G-,0.9477597571862504,0.19635164050084275,true,0,-5.749659645962191e-18
2595,G+,0.9477597571862504,0.19464195393142858,true,0,-5.488773498207866e-18
2596,G-,0.9477597571862504,0.19633518020846874,true,0,-2.5698979619695472e-18
2597,G+,0.9477597571862504,0.1938911527322132,true,0,-4.153849573335089e-18
2598,G-,0.9477597571862504,0.19671254821001594,true,0,-4.665457473476686e-18
2599,G+,0.9477597571862504,0.19458141267696927,true,0,-1.4568966692773966e-18
2600,G-,0.9477597571862504,0.19620994952124093,true,0,-4.407959457511379e-18
2601,G+,0.9577597575606378,0.15183957630378794,true,0,-6.205363371585004e-18
2602,G-,0.9377597575606378,0.3180623909197099,true,0,-6.205363371585004e-18
2603,G+,0.9477597575606378,0.20154939336536534,true,0,-6.257879414314771e-18
2604,G-,0.9477597575606378,0.1895068782392532,true,0,-7.440337408681774e-18
2605,G+,0.9477597575606378,0.1979706424951835,true,0,-4.174178364069192e-18
2606,G-,0.9477597575606378,0.19260456104445045,true,0,-6.147765131171712e-18
2607,G+,0.9477597575606378,0.20133108434543218,true,0,-7.564004218980902e-18
2608,G-,0.9477597575606378,0.19008179539810122,true,0,-7.447113672259809e-18
2609,G+,0.9477597575606378,0.196538615645983,true,0,-5.6446275605026575e-18
2610,G-,0.9477597575606378,0.19256454400651007,true,0,-4.799288679142866e-18
2611,G+,0.9477597575606378,0.19331391708379345,true,0,-4.756937031780151e-18
2612,G-,0.9477597575606378,0.1972369270670585,true,0,-6.581446000165914e-18
2613,G+,0.9477597575606378,0.19717181537739392,true,0,-2.955297952970254e-18
2614,G-,0.9477597575606378,0.193702986476906,true,0,-4.8043708768263915e-18
2615,G+,0.9477597575606378,0.19374664015937787,true,0,-3.8116482626443515e-18
2616,G-,0.9477597575606378,0.19684167671237573,true,0,-5.6166754732432655e-18
2617,G+,0.9477597575606378,0.1938528650380006,true,0,-6.5187655620690954e-18
2618,G-,0.9477597575606378,0.19661857192831717,true,0,-5.7970934910084315e-18
2619,G+,0.9477597575606378,0.19198689731272592,true,0,-6.615327318056086e-18
2620,G-,0.9477597575606378,0.2005995587865624,true,0,-6.010545793716515e-18
2621,G+,0.9477597575606378,0.19400614818807446,true,0,-3.418624975118356e-18
2622,G-,0.9477597575606378,0.19689342485805128,true,0,-5.6166754732432655e-18
2623,G+,0.9477597575606378,0.19315909708249776,true,0,-3.6989928806595296e-18
2624,G-,0.9477597575606378,0.19998531766048733,true,0,-3.2898759671357025e-18
2625,G+,0.9477597575606378,0.1944417619491321,true,0,-7.48099499014998e-18
2626,G-,0.9477597575606378,0.19635164010490097,true,0,-5.863162060894267e-18
2627,G+,0.9477597575606378,0.19464195341666707,true,0,-5.102526474259905e-18
2628,G-,0.9477597575606378,0.1963351797329907,true,0,-3.674428925189155e-18
2629,G+,0.9477597575606378,0.1938911522492986,true,0,-6.396792817664476e-18
2630,G-,0.9477597575606378,0.1967125477075982,true,0,-5.688673273759881e-18
2631,G+,0.9477597575606378,0.19458141216483113,true,0,-3.537209587733958e-18
2632,G-,0.9477597575606378,0.19620994905088818,true,0,-4.819617469876969e-18
2633,G+,0.9577597579186096,0.15183957492670427,true,0,-3.945479468310531e-18
2634,G-,0.9377597579186095,0.31806238213955446,true,0,-3.945479468310531e-18
2635,G+,0.9477597579186096,0.20154938829302588,true,0,-1.6813604002997862e-18
2636,G-,0.9477597579186096,0.189506874100678,true,0,-3.71678057255187e-18
2637,G+,0.9477597579186096,0.19797063770646245,true,0,-4.529932201915998e-18
2638,G-,0.9477597579186096,0.19260455662188067,true,0,-3.9302328752599536e-18
2639,G+,0.9477597579186096,0.20133107912542866,true,0,-2.363221922839498e-18
2640,G-,0.9477597579186096,0.1900817913621245,true,0,-1.7313353441877899e-18
2641,G+,0.9477597579186096,0.19653861095489833,true,0,-3.384743657228184e-18
2642,G-,0.9477597579186096,0.19256453949110142,true,0,-1.1993986533120893e-18
2643,G+,0.9477597579186096,0.19331391248427837,true,0,-4.204671550170347e-18
2644,G-,0.9477597579186096,0.1972369224321626,true,0,-3.577867169202165e-18
2645,G+,0.9477597579186096,0.19717181070162682,true,0,-1.102836897325099e-18
2646,G-,0.9477597579186096,0.19370298190918828,true,0,-2.710505431213761e-18
2647,G+,0.9477597579186096,0.193746635554861,true,0,-3.665958595716612e-18
2648,G-,0.9477597579186096,0.19684167208484174,true,0,-3.520268928788872e-18
2649,G+,0.9477597579186096,0.1938528604289403,true,0,-2.783350264677631e-18
2650,G-,0.9477597579186096,0.19661856729775914,true,0,-1.6127507315721878e-18
2651,G+,0.9477597579186096,0.19198689314847317,true,0,-1.238362168885787e-18
2652,G-,0.9477597579186096,0.20059955367992788,true,0,-4.70950318673391e-19
2653,G+,0.9477597579186096,0.19400614376716052,true,0,-3.733721231496956e-18
2654,G-,0.9477597579186096,0.19689342006747024,true,0,-3.628689146037423e-18
2655,G+,0.9477597579186096,0.19315909304546627,true,0,-3.609207388250574e-18
2656,G-,0.9477597579186096,0.1999853124213257,true,0,-3.808260130855334e-18
2657,G+,0.9477597579186096,0.19444175736992458,true,0,-2.388632911257127e-18
2658,G-,0.9477597579186096,0.19635163545229872,true,0,-2.0464316005663896e-18
2659,G+,0.9477597579186096,0.194641948778348,true,0,-1.5551524911588954e-18
2660,G-,0.9477597579186096,0.19633517513993332,true,0,5.759824041329242e-19
2661,G+,0.9477597579186096,0.19389114763757076,true,0,-2.647824993116943e-18
2662,G-,0.9477597579186096,0.19671254309120934,true,0,-1.5178830414797062e-18
2663,G+,0.9477597579186096,0.19458140752222572,true,0,-3.3237572850258745e-18
2664,G-,0.9477597579186096,0.19620994445849504,true,0,-2.520770051028798e-18
2665,G+,0.9577597580054761,0.1518395735792111,true,0,-4.8975445010243646e-18
2666,G-,0.9377597580054761,0.3180623789082167,true,0,-4.8975445010243646e-18
2667,G+,0.9477597580054761,0.20154938578136838,true,0,-4.7476196693603534e-18
2668,G-,0.9477597580054761,0.18950687229888463,true,0,-6.63396204289568e-18
2669,G+,0.9477597580054761,0.1979706354097986,true,0,-6.783039841612437e-18
2670,G-,0.9477597580054761,0.1926045546052354,true,0,-5.722554591650053e-18
2671,G+,0.9477597580054761,0.2013310765029803,true,0,-6.257879414314771e-18
2672,G-,0.9477597580054761,0.19008178963684788,true,0,-5.858079863210741e-18
2673,G+,0.9477597580054761,0.19653860874216905,true,0,-8.28059409235804e-18
2674,G-,0.9477597580054761,0.19256453738751766,true,0,-5.675120746603812e-18
2675,G+,0.9477597580054761,0.19331391032650372,true,0,-6.674619624363887e-18
2676,G-,0.9477597580054761,0.1972369202583237,true,0,-5.681897010181847e-18
2677,G+,0.9477597580054761,0.1971718085252905,true,0,-7.368339608165159e-18
2678,G-,0.9477597580054761,0.1937029797536972,true,0,-6.711889074043076e-18
2679,G+,0.9477597580054761,0.19374663339298592,true,0,-5.919066235413051e-18
2680,G-,0.9477597580054761,0.19684166991607696,true,0,-5.082197683525802e-18
2681,G+,0.9477597580054761,0.19385285826830106,true,0,-6.500130837229501e-18
2682,G-,0.9477597580054761,0.1966185651260057,true,0,-6.2511031507367365e-18
2683,G+,0.9477597580054761,0.19198689131804325,true,0,-6.867743136337867e-18
2684,G-,0.9477597580054761,0.20059955114768296,true,0,-7.11846488872514e-18
2685,G+,0.9477597580054761,0.19400614174613845,true,0,-5.5938055836673994e-18
2686,G-,0.9477597580054761,0.1968934177692689,true,0,-4.5672016515951874e-18
2687,G+,0.9477597580054761,0.19315909131152978,true,0,-5.564159430513499e-18
2688,G-,0.9477597580054761,0.19998530979046544,true,0,-6.6034688567945254e-18
2689,G+,0.9477597580054761,0.19444175524276397,true,0,-4.153849573335089e-18
2690,G-,0.9477597580054761,0.19635163324814453,true,0,-3.012049160436292e-18
2691,G+,0.9477597580054761,0.19464194660968853,true,0,-6.993104012531504e-18
2692,G-,0.9477597580054761,0.19633517298064837,true,0,-4.8213115357714775e-18
2693,G+,0.9477597580054761,0.1938911454738789,true,0,-7.028679396316184e-18
2694,G-,0.9477597580054761,0.19671254092746093,true,0,-6.196893042112461e-18
2695,G+,0.9477597580054761,0.19458140535067545,true,0,-5.739495250595139e-18
2696,G-,0.9477597580054761,0.19620994229865177,true,0,-4.5028271476038606e-18
2697,G+,0.9577597580278451,0.15183957278503127,true,0,-1.8888834723770898e-18
2698,G-,0.9377597580278451,0.31806237752499467,true,0,-1.8888834723770898e-18
2699,G+,0.9477597580278451,0.20154938461050223,true,0,-4.164861001649395e-18
2700,G-,0.9477597580278451,0.1895068713840973,true,0,-7.257378292074845e-18
2701,G+,0.9477597580278451,0.1979706343210459,true,0,-6.8914600588609876e-18
2702,G-,0.9477597580278451,0.19260455360735024,true,0,-3.798095735488283e-18
2703,G+,0.9477597580278451,0.2013310753098721,true,0,-3.355944537021538e-18
2704,G-,0.9477597580278451,0.1900817887338845,true,0,-4.54009659728305e-18
2705,G+,0.9477597580278451,0.1965386076873493,true,0,-2.6969529040576923e-18
2706,G-,0.9477597580278451,0.1925645363581961,true,0,-3.804871999066317e-18
2707,G+,0.9477597580278451,0.19331390928657355,true,0,-6.417121608398579e-18
2708,G-,0.9477597580278451,0.1972369192061356,true,0,-3.3102047578698057e-18
2709,G+,0.9477597580278451,0.19717180746830917,true,0,-4.3867836338300215e-18
2710,G-,0.9477597580278451,0.19370297871713366,true,0,-3.418624975118356e-18
2711,G+,0.9477597580278451,0.19374663235314427,true,0,-3.0188254240143264e-18
2712,G-,0.9477597580278451,0.1968416688642538,true,0,-1.0155925037579061e-18
2713,G+,0.9477597580278451,0.19385285722363824,true,0,-3.965808259044634e-18
2714,G-,0.9477597580278451,0.19661856407737766,true,0,-2.9849441061241544e-18
2715,G+,0.9477597580278451,0.19198689037647249,true,0,-4.047123421981047e-18
2716,G-,0.9477597580278451,0.20059954998499482,true,0,-4.1470733097570545e-18
2717,G+,0.9477597580278451,0.19400614074784014,true,0,-3.3440860757599777e-18
2718,G-,0.9477597580278451,0.19689341667931923,true,0,-5.353248226647178e-18
2719,G+,0.9477597580278451,0.19315909038941895,true,0,-3.4499651941667653e-18
2720,G-,0.9477597580278451,0.19998530860772262,true,0,-5.925842498991085e-18
2721,G+,0.9477597580278451,0.19444175421376617,true,0,-3.367802998283098e-18
2722,G-,0.9477597580278451,0.19635163218511076,true,0,-1.3721933745519665e-18
2723,G+,0.9477597580278451,0.1946419455712157,true,0,-2.9002408113987244e-18
2724,G-,0.9477597580278451,0.19633517192812683,true,0,-4.726443845678996e-18
2725,G+,0.9477597580278451,0.19389114443349506,true,0,-3.774378812965162e-18
2726,G-,0.9477597580278451,0.19671253987712867,true,0,-2.8358663074073975e-18
2727,G+,0.9477597580278451,0.19458140431000906,true,0,-3.9776667203061944e-18
2728,G-,0.9477597580278451,0.1962099412470552,true,0,-2.6325784000663655e-18
2729,G+,0.9577597580708668,0.15183957055769423,true,0,-3.186537947570678e-18
2730,G-,0.9377597580708668,0.3180623739256403,true,0,-3.186537947570678e-18
2731,G+,0.9477597580708668,0.20154938159571198,true,0,-3.63207727782644e-18
2732,G-,0.9477597580708668,0.18950686879415912,true,0,-3.9607260613611084e-18
2733,G+,0.9477597580708668,0.1979706314570742,true,0,-3.770990681176145e-18
2734,G-,0.9477597580708668,0.19260455086171405,true,0,-4.241940999849536e-18
2735,G+,0.9477597580708668,0.20133107231393518,true,0,-4.287680779001268e-18
2736,G-,0.9477597580708668,0.19008178611401422,true,0,-2.0972535774016476e-18
2737,G+,0.9477597580708668,0.19653860488932667,true,0,-3.398296184384253e-18
2738,G-,0.9477597580708668,0.1925645335632418,true,0,-4.387630666777276e-19
2739,G+,0.9477597580708668,0.19331390650031777,true,0,-4.638352419164549e-18
2740,G-,0.9477597580708668,0.19723691637739985,true,0,-4.0793106739767104e-18
2741,G+,0.9477597580708668,0.19717180461411585,true,0,-1.4136979889674273e-18
2742,G-,0.9477597580708668,0.19370297594851313,true,0,-5.251604272976662e-19
2743,G+,0.9477597580708668,0.19374662957203542,true,0,-3.2187251995663413e-18
2744,G-,0.9477597580708668,0.19684166603159942,true,0,-1.56785798536771e-18
2745,G+,0.9477597580708668,0.19385285441715236,true,0,-2.944286524655948e-18
2746,G-,0.9477597580708668,0.19661856126355107,true,0,-1.9109063290057016e-18
2747,G+,0.9477597580708668,0.19198688769212366,true,0,-3.528739258261415e-18
2748,G-,0.9477597580708668,0.20059954703179625,true,0,-2.002385887309166e-18
2749,G+,0.9477597580708668,0.19400613800627,true,0,2.371692252312041e-19
2750,G-,0.9477597580708668,0.1968934138113327,true,0,-2.1641691802347374e-18
2751,G+,0.9477597580708668,0.1931590876889112,true,0,-1.7381116077658243e-18
2752,G-,0.9477597580708668,0.19998530566989559,true,0,-1.8431436932253575e-18
2753,G+,0.9477597580708668,0.1944417514425877,true,0,-1.196010521523072e-18
2754,G-,0.9477597580708668,0.19635162934168698,true,0,-3.291570033030211e-18
2755,G+,0.9477597580708668,0.19464194280096717,true,0,-4.1978952865923125e-18
2756,G-,0.9477597580708668,0.1963351690843785,true,0,-1.4687551305389568e-18
2757,G+,0.9477597580708668,0.19389114165120613,true,0,-2.9984966332802232e-18
2758,G-,0.9477597580708668,0.19671253704654282,true,0,-1.6805133673525319e-18
2759,G+,0.9477597580708668,0.1945814015324439,true,0,-1.548376227580861e-18
2760,G-,0.9477597580708668,0.19620993840856954,true,0,-3.521962994683381e-18
2761,G+,0.9577597580842051,0.1518395682616605,true,0,-1.892271604166107e-18
2762,G-,0.9377597580842051,0.318062371163332,true,0,-1.892271604166107e-18
2763,G+,0.9477597580842051,0.20154937859393257,true,0,-1.376428539288238e-18
2764,G-,0.9477597580842051,0.18950686685041906,true,0,2.744386749103933e-19
2765,G+,0.9477597580842051,0.19797062877838828,true,0,-2.1650162131819917e-18
2766,G-,0.9477597580842051,0.19260454859539583,true,0,-3.3881317890172014e-20
2767,G+,0.9477597580842051,0.20133106915816545,true,0,2.0481256664608982e-18
2768,G-,0.9477597580842051,0.1900817842745236,true,0,-1.480613591800517e-18
2769,G+,0.9477597580842051,0.19653860234287307,true,0,4.845028458294598e-19
2770,G-,0.9477597580842051,0.19256453115788108,true,0,-3.496552006265752e-18
2771,G+,0.9477597580842051,0.19331390402399826,true,0,-2.1650162131819917e-18
2772,G-,0.9477597580842051,0.19723691388184797,true,0,3.3203691532368573e-19
2773,G+,0.9477597580842051,0.1971718021302179,true,0,7.741881137904305e-19
2774,G-,0.9477597580842051,0.19370297346378687,true,0,1.5415999640028266e-18
2775,G+,0.9477597580842051,0.19374662709031115,true,0,-2.588532686809142e-18
2776,G-,0.9477597580842051,0.1968416635424618,true,0,-1.3891340334970526e-19
2777,G+,0.9477597580842051,0.19385285193797464,true,0,-2.952756854128491e-18
2778,G-,0.9477597580842051,0.19661855877132173,true,0,6.572975670693371e-19
2779,G+,0.9477597580842051,0.19198688569332376,true,0,-1.1773757966834775e-18
2780,G-,0.9477597580842051,0.20059954400940036,true,0,-9.114074512456272e-19
2781,G+,0.9477597580842051,0.19400613573086184,true,0,-2.574980159653073e-18
2782,G-,0.9477597580842051,0.19689341112991265,true,0,-2.202285662861181e-19
2783,G+,0.9477597580842051,0.19315908582508867,true,0,1.0469327228063152e-18
2784,G-,0.9477597580842051,0.19998530251066526,true,0,-1.8770250111155296e-18
2785,G+,0.9477597580842051,0.19444174902137903,true,0,-1.1485766764768313e-18
2786,G-,0.9477597580842051,0.19635162679049084,true,0,6.030874584450618e-19
2787,G+,0.9477597580842051,0.1946419403224989,true,0,-3.228889594933393e-18
2788,G-,0.9477597580842051,0.19633516659726502,true,0,-2.4665599424045226e-18
2789,G+,0.9477597580842051,0.19389113916915057,true,0,-2.600391148070702e-18
2790,G-,0.9477597580842051,0.1967125345625747,true,0,9.283481101907132e-19
2791,G+,0.9477597580842051,0.19458139904939392,true,0,-2.2463313761184045e-18
2792,G-,0.9477597580842051,0.19620993592045718,true,0,-3.638853541404474e-18
2793,G+,0.9577597580283329,0.15183957176731808,true,0,-1.0333801956502464e-18
2794,G-,0.9377597580283329,0.31806237659503456,true,0,-1.0333801956502464e-18
2795,G+,0.9477597580283329,0.20154938327063052,true,0,-2.9434394917086937e-18
2796,G-,0.9477597580283329,0.1895068707903148,true,0,-5.5768649247223134e-18
2797,G+,0.9477597580283329,0.1979706332006218,true,0,-1.782157321023048e-18
2798,G-,0.9477597580283329,0.19260455279705965,true,0,-4.638352419164549e-18
2799,G+,0.9477597580283329,0.2013310738278556,true,0,-2.447925217564928e-18
2800,G-,0.9477597580283329,0.19008178824369787,true,0,-8.538092108323347e-19
2801,G+,0.9477597580283329,0.1965386066539057,true,0,-3.781155076543197e-18
2802,G-,0.9477597580283329,0.19256453544800178,true,0,-4.738302306940556e-18
2803,G+,0.9477597580283329,0.19331390830965814,true,0,-2.270048298641525e-18
2804,G-,0.9477597580283329,0.19723691823132541,true,0,-5.490467564102375e-18
2805,G+,0.9477597580283329,0.19717180651363478,true,0,-2.3928680759933985e-18
2806,G-,0.9477597580283329,0.19370297772620532,true,0,-4.038653092508504e-18
2807,G+,0.9477597580283329,0.19374663136934622,true,0,-3.682899254661698e-18
2808,G-,0.9477597580283329,0.19684166789671723,true,0,-4.200436385434075e-18
2809,G+,0.9477597580283329,0.19385285625320287,true,0,-4.912791094074942e-18
2810,G-,0.9477597580283329,0.196618563098774,true,0,-3.5270451923669066e-18
2811,G+,0.9477597580283329,0.19198688977611006,true,0,-2.3395050003163775e-18
2812,G-,0.9477597580283329,0.20059954859972182,true,0,-1.328147661294743e-18
2813,G+,0.9477597580283329,0.1940061399282857,true,0,-3.520268928788872e-18
2814,G-,0.9477597580283329,0.19689341555809425,true,0,-3.914986282209376e-18
2815,G+,0.9477597580283329,0.19315908991360078,true,0,-4.004771774618332e-18
2816,G-,0.9477597580283329,0.19998530709661036,true,0,-1.9278469879507876e-18
2817,G+,0.9477597580283329,0.19444175327862917,true,0,-1.8770250111155296e-18
2818,G-,0.9477597580283329,0.1963516311679637,true,0,-1.641549851778834e-18
2819,G+,0.9477597580283329,0.19464194458518977,true,0,-2.7376104855258987e-18
2820,G-,0.9477597580283329,0.19633517096754705,true,0,-4.4265941823509736e-18
2821,G+,0.9477597580283329,0.1938911434499817,true,0,-4.4520051707686026e-18
2822,G-,0.9477597580283329,0.1967125389131981,true,0,-3.9471735342050396e-18
2823,G+,0.9477597580283329,0.19458140332314963,true,0,-9.961107459710572e-19
2824,G-,0.9477597580283329,0.1962099402833116,true,0,-1.370499308657458e-18
2825,G+,0.9577597580264017,0.15183957256731134,true,0,-4.29784517436832e-18
2826,G-,0.9377597580264017,0.3180623776070552,true,0,-4.29784517436832e-18
2827,G+,0.9477597580264017,0.20154938429454963,true,0,-7.143028844195515e-18
2828,G-,0.9477597580264017,0.18950687153289827,true,0,-6.657678965418801e-18
2829,G+,0.9477597580264017,0.19797063413735785,true,0,-5.058480761002682e-18
2830,G-,0.9477597580264017,0.1926045536278041,true,0,-7.752045533271357e-18
2831,G+,0.9477597580264017,0.20133107488585597,true,0,-3.0815058621111446e-18
2832,G-,0.9477597580264017,0.19008178896498065,true,0,-3.3711911300721153e-18
2833,G+,0.9477597580264017,0.19653860755330002,true,0,-3.9946073792512804e-18
2834,G-,0.9477597580264017,0.19256453631596698,true,0,-5.0212113113234924e-18
2835,G+,0.9477597580264017,0.19331390919179867,true,0,-5.058480761002682e-18
2836,G-,0.9477597580264017,0.1972369191235958,true,0,-7.209944447028604e-18
2837,G+,0.9477597580264017,0.19717180740524676,true,0,-7.187921590399993e-18
2838,G-,0.9477597580264017,0.1937029786091535,true,0,-5.8106460181645e-18
2839,G+,0.9477597580264017,0.193746632252254,true,0,-5.7801528320633455e-18
2840,G-,0.9477597580264017,0.1968416687878919,true,0,-5.146572187517129e-18
2841,G+,0.9477597580264017,0.19385285713866632,true,0,-5.141489989833603e-18
2842,G-,0.9477597580264017,0.1966185639882549,true,0,-4.038653092508504e-18
2843,G+,0.9477597580264017,0.19198689054245352,true,0,-3.542291785417484e-18
2844,G-,0.9477597580264017,0.20059954962065918,true,0,-3.737109363285973e-18
2845,G+,0.9477597580264017,0.19400614076115028,true,0,-5.861467994999758e-18
2846,G-,0.9477597580264017,0.19689341649569003,true,0,-5.6615682194477435e-18
2847,G+,0.9477597580264017,0.19315909065021244,true,0,-5.776764700274328e-18
2848,G-,0.9477597580264017,0.19998530814782114,true,0,-7.128629284092192e-18
2849,G+,0.9477597580264017,0.19444175414707915,true,0,-5.7632121731182595e-18
2850,G-,0.9477597580264017,0.19635163207407202,true,0,-4.065758146820642e-18
2851,G+,0.9477597580264017,0.19464194546608898,true,0,-3.4254012386963906e-18
2852,G-,0.9477597580264017,0.19633517185962437,true,0,-3.8963515573697816e-18
2853,G+,0.9477597580264017,0.1938911443332702,true,0,-5.19400603256337e-18
2854,G-,0.9477597580264017,0.1967125398028614,true,0,-3.943785402416022e-18
2855,G+,0.9477597580264017,0.19458140420591802,true,0,-1.1553529400548657e-18
2856,G-,0.9477597580264017,0.19620994117498936,true,0,-2.9680034471790684e-18
2857,G+,0.9577597581002716,0.1518395725342458,true,0,-6.098637220230962e-20
2858,G-,0.9377597581002716,0.31806237715449137,true,0,-6.098637220230962e-20
2859,G+,0.9477597581002716,0.20154938390752092,true,0,-3.4389537658524594e-19
2860,G-,0.9477597581002716,0.18950687148358009,true,0,5.082197683525802e-19
2861,G+,0.9477597581002716,0.19797063386922226,true,0,-1.8634724839594607e-18
2862,G-,0.9477597581002716,0.1926045534684685,true,0,-7.623296525288703e-19
2863,G+,0.9477597581002716,0.20133107447969847,true,0,-2.1650162131819917e-18
2864,G-,0.9477597581002716,0.1900817889270055,true,0,-2.5783682914420902e-18
2865,G+,0.9477597581002716,0.19653860731629907,true,0,1.0842021724855044e-19
2866,G-,0.9477597581002716,0.19256453612540936,true,0,-2.8561950981415007e-18
2867,G+,0.9477597581002716,0.19331390896973474,true,0,-1.429791614965259e-18
2868,G-,0.9477597581002716,0.19723691891532408,true,0,-7.623296525288703e-19
2869,G+,0.9477597581002716,0.1971718071904996,true,0,-3.398296184384253e-18
2870,G-,0.9477597581002716,0.19370297839553371,true,0,-2.307317748320714e-18
2871,G+,0.9477597581002716,0.19374663203042694,true,0,-1.6534083130403943e-18
2872,G-,0.9477597581002716,0.19684166858008506,true,0,-1.7702988597614877e-19
2873,G+,0.9477597581002716,0.19385285692355414,true,0,-1.8516140226979005e-18
2874,G-,0.9477597581002716,0.19661856377436557,true,0,1.3925221652860698e-18
2875,G+,0.9477597581002716,0.1919868904937402,true,0,1.0469327228063152e-18
2876,G-,0.9477597581002716,0.20059954921454046,true,0,-2.4699480741935398e-18
2877,G+,0.9477597581002716,0.19400614060672758,true,0,-1.8973538018496328e-18
2878,G-,0.9477597581002716,0.19689341622385123,true,0,3.9217625457874106e-19
2879,G+,0.9477597581002716,0.19315909062120334,true,0,9.402065714522734e-19
2880,G-,0.9477597581002716,0.1999853077222739,true,0,-3.049318610115481e-20
2881,G+,0.9477597581002716,0.19444175394704236,true,0,-2.3683041205230237e-18
2882,G-,0.9477597581002716,0.1963516318445598,true,0,7.691059161069047e-19
2883,G+,0.9477597581002716,0.19464194524550568,true,0,-4.828087799349512e-18
2884,G-,0.9477597581002716,0.19633517165310235,true,0,-3.1424922343134543e-18
2885,G+,0.9477597581002716,0.19389114411437924,true,0,-1.40438062654763e-18
2886,G-,0.9477597581002716,0.196712539594298,true,0,-1.887189406482581e-18
2887,G+,0.9477597581002716,0.19458140398474486,true,0,-1.650020181251377e-18
2888,G-,0.9477597581002716,0.19620994096732625,true,0,2.405573570202213e-19
2889,G+,0.9577597584982247,0.15183957563580266,true,0,-3.8370592510619805e-18
2890,G-,0.9377597584982247,0.31806237847259766,true,0,-3.8370592510619805e-18
2891,G+,0.9477597584982247,0.20154938603666456,true,0,-3.3483212404962492e-18
2892,G-,0.9477597584982247,0.18950687389866566,true,0,-2.5648157642860214e-18
2893,G+,0.9477597584982247,0.19797063617938487,true,0,-1.954952042262925e-18
2894,G-,0.9477597584982247,0.19260455575127114,true,0,-2.222614453595284e-18
2895,G+,0.9477597584982247,0.2013310767539405,true,0,-6.3358064454621665e-18
2896,G-,0.9477597584982247,0.19008179123121277,true,0,-3.9946073792512804e-18
2897,G+,0.9477597584982247,0.19653860960216474,true,0,-3.1543506955750145e-18
2898,G-,0.9477597584982247,0.19256453844603097,true,0,-7.792703114739563e-19
2899,G+,0.9477597584982247,0.1933139112286147,true,0,-2.171792476760026e-18
2900,G-,0.9477597584982247,0.19723692127566117,true,0,-2.2768245622195593e-18
2901,G+,0.9477597584982247,0.19717180949118332,true,0,-5.033916805532307e-18
2902,G-,0.9477597584982247,0.19370298071869826,true,0,-1.938011383317839e-18
2903,G+,0.9477597584982247,0.1937466343004997,true,0,-5.373577017381281e-18
2904,G-,0.9477597584982247,0.19684167093178545,true,0,-4.699338791366858e-18
2905,G+,0.9477597584982247,0.1938528592227338,true,0,-3.3796614595446584e-18
2906,G-,0.9477597584982247,0.19661856610030745,true,0,-3.076423664427619e-18
2907,G+,0.9477597584982247,0.19198689298278154,true,0,-5.4955497617859006e-18
2908,G-,0.9477597584982247,0.20059955128098894,true,0,-3.384743657228184e-18
2909,G+,0.9477597584982247,0.19400614293279464,true,0,-4.81792340398246e-18
2910,G-,0.9477597584982247,0.19689341851671438,true,0,-3.9946073792512804e-18
2911,G+,0.9477597584982247,0.19315909299990508,true,0,-4.381701436146496e-18
2912,G-,0.9477597584982247,0.19998530990351782,true,0,-3.672734859294646e-18
2913,G+,0.9477597584982247,0.1944417562449018,true,0,-1.751664134921893e-18
2914,G-,0.9477597584982247,0.19635163417131948,true,0,-2.168404344971009e-18
2915,G+,0.9477597584982247,0.1946419475198014,true,0,-3.2221133313553585e-18
2916,G-,0.9477597584982247,0.196335174006425,true,0,-2.2293907171733185e-18
2917,G+,0.9477597584982247,0.19389114640128943,true,0,-3.5016342039492776e-18
2918,G-,0.9477597584982247,0.19671254193387253,true,0,-7.074419175467916e-18
2919,G+,0.9477597584982247,0.19458140626168166,true,0,-9.656175598699024e-19
2920,G-,0.9477597584982247,0.19620994331679564,true,0,-1.1248597539537109e-18
2921,G+,0.9577597586587926,0.15183958226981925,true,0,-2.757939276260002e-18
2922,G-,0.9377597586587926,0.318062385339973,true,0,-2.757939276260002e-18
2923,G+,0.9477597586587926,0.20154939384222043,true,0,-5.101679441312651e-18
2924,G-,0.9477597586587926,0.1895068793902051,true,0,-5.187229768985335e-18
2925,G+,0.9477597586587926,0.19797064333238834,true,0,-4.79420648145934e-18
2926,G-,0.9477597586587926,0.1926045619185743,true,0,-1.9024359995331586e-18
2927,G+,0.9477597586587926,0.20133108501458294,true,0,-2.5986970821761934e-18
2928,G-,0.9477597586587926,0.19008179640342251,true,0,-4.421511984667448e-18
2929,G+,0.9477597586587926,0.1965386164389675,true,0,-5.654791955869709e-18
2930,G-,0.9477597586587926,0.1925645449563983,true,0,-2.8578891640360093e-18
2931,G+,0.9477597586587926,0.1933139178826085,true,0,-4.577366046962239e-18
2932,G-,0.9477597586587926,0.19723692801955411,true,0,-1.7533582008164017e-18
2933,G+,0.9477597586587926,0.19717181617257093,true,0,-4.0767695751349475e-18
2934,G-,0.9477597586587926,0.19370298742854752,true,0,-4.340196821731035e-18
2935,G+,0.9477597586587926,0.1937466409748984,true,0,-3.672734859294646e-18
2936,G-,0.9477597586587926,0.19684167765436839,true,0,-6.860966872759833e-20
2937,G+,0.9477597586587926,0.19385286590009107,true,0,-2.5173819192397806e-18
2938,G-,0.9477597586587926,0.19661857282184084,true,0,-5.465056575684746e-18
2939,G+,0.9477597586587926,0.19198689862217289,true,0,-3.0188254240143264e-18
2940,G-,0.9477597586587926,0.20059955911998611,true,0,-4.136908914390003e-18
2941,G+,0.9477597586587926,0.19400614914514153,true,0,-3.699839913606784e-18
2942,G-,0.9477597586587926,0.19689342566656656,true,0,-2.583450489125616e-19
2943,G+,0.9477597586587926,0.193159098249521,true,0,-4.197048253645058e-18
2944,G-,0.9477597586587926,0.19998531813908038,true,0,-3.0018847650692404e-18
2945,G+,0.9477597586587926,0.19444176279023803,true,0,-3.628689146037423e-18
2946,G-,0.9477597586587926,0.19635164102801578,true,0,-2.986638172018663e-18
2947,G+,0.9477597586587926,0.19464195419246827,true,0,4.980553729855286e-19
2948,G-,0.9477597586587926,0.19633518072116543,true,0,-2.39710324072967e-18
2949,G+,0.9477597586587926,0.19389115308473315,true,0,-2.0006918214146574e-18
2950,G-,0.9477597586587926,0.19671254863833962,true,0,-1.196010521523072e-18
2951,G+,0.9477597586587926,0.194581412945036,true,0,-4.726443845678996e-18
2952,G-,0.9477597586587926,0.1962099500331813,true,0,-3.339003878076452e-18
2953,G+,0.9577597584245301,0.15183958416842966,true,0,-2.8917704819261814e-18
2954,G-,0.9377597584245301,0.3180623891396562,true,0,-2.8917704819261814e-18
2955,G+,0.9477597584245301,0.20154939743747485,true,0,-5.7911642603776514e-18
2956,G-,0.9477597584245301,0.18950688121719422,true,0,-6.390016554086442e-18
2957,G+,0.9477597584245301,0.19797064634704659,true,0,-5.197394164352387e-18
2958,G-,0.9477597584245301,0.19260456430221176,true,0,-4.936508016598062e-18
2959,G+,0.9477597584245301,0.20133108879305658,true,0,-3.5185748628943636e-18
2960,G-,0.9477597584245301,0.19008179810930745,true,0,-2.9002408113987244e-18
2961,G+,0.9477597584245301,0.1965386192640212,true,0,-6.871131268126884e-18
2962,G-,0.9477597584245301,0.19256454753555108,true,0,-3.113693114106808e-18
2963,G+,0.9477597584245301,0.19331392060748587,true,0,-5.305814381600937e-18
2964,G-,0.9477597584245301,0.19723693072302761,true,0,-4.936508016598062e-18
2965,G+,0.9477597584245301,0.197171818885851,true,0,-4.074228476293185e-18
2966,G-,0.9477597584245301,0.19370299013615203,true,0,-5.858079863210741e-18
2967,G+,0.9477597584245301,0.19374664370416672,true,0,-5.498937893574918e-18
2968,G-,0.9477597584245301,0.1968416803506923,true,0,-5.840292171318401e-18
2969,G+,0.9477597584245301,0.19385286860841858,true,0,-5.251604272976662e-18
2970,G-,0.9477597584245301,0.19661857553809953,true,0,-6.5221536938581126e-18
2971,G+,0.9477597584245301,0.19198690048787792,true,0,-4.12843858491746e-18
2972,G-,0.9477597584245301,0.20059956278759494,true,0,-3.333921680392926e-18
2973,G+,0.9477597584245301,0.19400615152296216,true,0,-4.56381351980617e-18
2974,G-,0.9477597584245301,0.19689342869334364,true,0,-5.528584046728818e-18
2975,G+,0.9477597584245301,0.19315909994714492,true,0,-5.522654816098038e-18
2976,G-,0.9477597584245301,0.19998532197578092,true,0,-6.007157661927498e-18
2977,G+,0.9477597584245301,0.19444176541236508,true,0,-3.815036394433369e-18
2978,G-,0.9477597584245301,0.19635164383252107,true,0,-5.668344483025778e-18
2979,G+,0.9477597584245301,0.1946419569180855,true,0,-4.9060148304969076e-18
2980,G-,0.9477597584245301,0.19633518341026335,true,0,-2.0565959959334412e-18
2981,G+,0.9477597584245301,0.19389115580632527,true,0,-5.238051745820593e-18
2982,G-,0.9477597584245301,0.19671255133251575,true,0,-2.4699480741935398e-18
2983,G+,0.9477597584245301,0.19458141567571385,true,0,-4.099639464710814e-18
2984,G-,0.9477597584245301,0.19620995272633182,true,0,-2.9036289431877416e-18
2985,G+,0.9577597581911269,0.15183958268324776,true,0,-3.6337713437209485e-18
2986,G-,0.9377597581911269,0.3180623890354942,true,0,-3.6337713437209485e-18
2987,G+,0.9477597581911269,0.20154939667878569,true,0,-5.340542732438364e-18
2988,G-,0.9477597581911269,0.189506880259532,true,0,-6.278208205048874e-18
2989,G+,0.9477597581911269,0.19797064547817683,true,0,-4.909402962285925e-18
2990,G-,0.9477597581911269,0.19260456342965457,true,0,-6.261267546103788e-18
2991,G+,0.9477597581911269,0.20133108796454383,true,0,-3.4084605797513046e-18
2992,G-,0.9477597581911269,0.19008179720568794,true,0,-5.271933063710765e-18
2993,G+,0.9477597581911269,0.19653861840234,true,0,-3.737109363285973e-18
2994,G-,0.9477597581911269,0.19256454664771364,true,0,-6.376464026930373e-18
2995,G+,0.9477597581911269,0.19331391975548018,true,0,-5.0720332881587504e-18
2996,G-,0.9477597581911269,0.19723692982102736,true,0,-6.003769530138481e-18
2997,G+,0.9477597581911269,0.1971718180184991,true,0,-3.719321671393633e-18
2998,G-,0.9477597581911269,0.1937029892479622,true,0,-5.705613932704967e-18
2999,G+,0.9477597581911269,0.19374664284649373,true,0,-3.028989819381378e-18
3000,G-,0.9477597581911269,0.19684167945286402,true,0,-4.22500034090445e-18
3001,G+,0.9477597581911269,0.19385286773654462,true,0,-3.637159475509966e-18
3002,G-,0.9477597581911269,0.19661857465340096,true,0,-4.187730891225261e-18
3003,G+,0.9477597581911269,0.19198689949528494,true,0,-3.8014838672773e-18
3004,G-,0.9477597581911269,0.200599562061377,true,0,-5.597193715456417e-18
3005,G+,0.9477597581911269,0.1940061506274661,true,0,-2.961227183601034e-18
3006,G-,0.9477597581911269,0.19689342783384803,true,0,-4.1978952865923125e-18
3007,G+,0.9477597581911269,0.19315909900718406,true,0,-5.493008662944138e-18
3008,G-,0.9477597581911269,0.19998532119487214,true,0,-3.4558944247975454e-18
3009,G+,0.9477597581911269,0.19444176453894474,true,0,-7.294647741754035e-18
3010,G-,0.9477597581911269,0.19635164294902746,true,0,-6.4374503991326826e-18
3011,G+,0.9477597581911269,0.19464195605938217,true,0,-3.1407981684189457e-18
3012,G-,0.9477597581911269,0.1963351825104956,true,0,-3.9776667203061944e-18
3013,G+,0.9477597581911269,0.19389115493988635,true,0,-3.881104964319204e-18
3014,G-,0.9477597581911269,0.19671255044080493,true,0,-4.296151108473811e-18
3015,G+,0.9477597581911269,0.19458141481601732,true,0,-2.6325784000663655e-18
3016,G-,0.9477597581911269,0.19620995182837064,true,0,-2.507217523872729e-18
3017,G+,0.9577597590832687,0.15183953064733768,true,0,-1.0655674476459098e-18
3018,G-,0.9377597590832687,0.31806223373184217,true,0,-1.0655674476459098e-18
3019,G+,0.9477597590832687,0.20154929401960997,true,0,-2.825701912040346e-18
3020,G-,0.9477597590832687,0.1895067880327337,true,0,-1.4568966692773966e-19
3021,G+,0.9477597590832687,0.19797054594336877,true,0,-2.1243586317137853e-18
3022,G-,0.9477597590832687,0.19260446795548913,true,0,-7.453889935837843e-20
3023,G+,0.9477597590832687,0.2013309849402812,true,0,-3.169597288625592e-18
3024,G-,0.9477597590832687,0.1900817050682077,true,0,-2.673235981534572e-18
3025,G+,0.9477597590832687,0.1965385199358658,true,0,-6.403569081242511e-19
3026,G-,0.9477597590832687,0.19256445051224347,true,0,-2.5478751053409354e-18
3027,G+,0.9477597590832687,0.19331382294311344,true,0,-1.799097979968134e-18
3028,G-,0.9477597590832687,0.19723683143077386,true,0,-7.453889935837843e-20
3029,G+,0.9477597590832687,0.19717171921476218,true,0,-8.114575634696197e-19
3030,G-,0.9477597590832687,0.1937028926507011,true,0,-2.876523888875604e-18
3031,G+,0.9477597590832687,0.19374654588283535,true,0,-3.604972223514302e-18
3032,G-,0.9477597590832687,0.19684158124259055,true,0,1.2985015081408424e-18
3033,G+,0.9477597590832687,0.1938527705215676,true,0,1.5890338090490674e-18
3034,G-,0.9477597590832687,0.1966184766303376,true,0,-2.459783678826488e-18
3035,G+,0.9477597590832687,0.19198680582909194,true,0,-2.2209203877007755e-18
3036,G-,0.9477597590832687,0.20059946001525508,true,0,-1.765216662077962e-18
3037,G+,0.9477597590832687,0.19400605466184317,true,0,-3.3203691532368573e-18
3038,G-,0.9477597590832687,0.19689332875040477,true,0,1.1087661279558791e-18
3039,G+,0.9477597590832687,0.19315900542810083,true,0,-1.7719929256559963e-18
3040,G-,0.9477597590832687,0.19998521906044528,true,0,-4.3842425349882586e-18
3041,G+,0.9477597590832687,0.1944416673653556,true,0,-1.6364676540953083e-18
3042,G-,0.9477597590832687,0.1963515448621657,true,0,-6.098637220230962e-20
3043,G+,0.9477597590832687,0.19464185849582746,true,0,-5.04831636563563e-19
3044,G-,0.9477597590832687,0.19633508478222336,true,0,9.774760211314626e-19
3045,G+,0.9477597590832687,0.19389105788950356,true,0,1.277325684459485e-18
3046,G-,0.9477597590832687,0.19671245233161003,true,0,-2.256495771485456e-18
3047,G+,0.9477597590832687,0.19458131721931865,true,0,-2.476724337771574e-18
3048,G-,0.9477597590832687,0.19620985412535363,true,0,-2.0803129184565616e-18
3049,F,0.9509286277252348,0.5094258381622108,true,0,-3.0899761915836876e-18
3050,G+,0.9609286277252348,0.5588137731180798,true,0,-3.0899761915836876e-18
3051,G-,0.9409286277252348,0.5171630608279075,true,0,-3.0899761915836876e-18
3052,G+,0.9509286277252348,0.4525215374033686,true,0,-5.366800753803247e-18
3053,G-,0.9509286277252348,0.5842527299872229,true,0,-6.044427111606687e-18
3054,G+,0.9509286277252348,0.48941961797183264,true,0,-6.5865281978494394e-18
3055,G-,0.9509286277252348,0.5322856425438337,true,0,-6.7220534694101275e-18
3056,G+,0.9509286277252348,0.4623090445541442,true,0,-6.884683795282953e-18
3057,G-,0.9509286277252348,0.5667963280507018,true,0,-3.848917712323541e-18
3058,G+,0.9509286277252348,0.5009646670831824,true,0,-3.63207727782644e-18
3059,G-,0.9509286277252348,NaN,false,-300,NaN
3060,G0,0.9509286277252348,0.5094258381622084,true,0,-3.0899761915836876e-18
3061,G+,0.9509286277252348,0.5103056026473698,true,0,-6.207057437479513e-18
3062,G-,0.9509286277252348,0.5089083068667012,true,0,-6.532318089225164e-18
3063,G+,0.9509286277252348,0.5108723494118734,true,0,-6.0173220572945496e-18
3064,G-,0.9509286277252348,0.5098341757524202,true,0,-4.553649124439119e-18
3065,G+,0.9509286277252348,0.5091074842697035,true,0,-5.204170427930421e-18
3066,G-,0.9509286277252348,0.5096699625339406,true,0,-6.8575787409708155e-18
3067,G+,0.9509286277252348,0.5098543268031541,true,0,-4.174178364069192e-18
3068,G-,0.9509286277252348,0.5090346775559719,true,0,-5.3939058081153846e-18
3069,G+,0.9509286277252348,0.5768628749701512,true,0,-6.3696877633523385e-18
3070,G-,0.9509286277252348,0.4436401959671377,true,0,-3.469446951953614e-18
3071,G+,0.9509286277252348,0.5288245130248623,true,0,-5.041540102057596e-18
3072,G-,0.9509286277252348,0.4883682059831079,true,0,-5.827586677109586e-18
3073,G+,0.9509286277252348,0.5501706267843498,true,0,-4.9873299934333204e-18
3074,G-,0.9509286277252348,0.4583006037347349,true,0,-5.583641188300348e-18
3075,G+,0.9509286277252348,NaN,false,-300,NaN
3076,G-,0.9509286277252348,0.5039271004170207,true,0,-2.4665599424045226e-18
3077,G0,0.9509286277252348,0.5094258381622114,true,0,-3.0899761915836876e-18
3078,G+,0.9509286277252348,0.5062401706840031,true,0,-4.2825985813177425e-18
3079,G-,0.9509286277252348,0.5120203539524614,true,0,-3.1712913545201005e-18
3080,G+,0.9509286277252348,0.5091321661644171,true,0,-3.876022766635678e-18
3081,G-,0.9509286277252348,0.5098055574809153,true,0,-4.87890977618477e-18
3082,G+,0.9509286277252348,0.5092582997147387,true,0,-5.773376568485311e-18
3083,G-,0.9509286277252348,0.508883315521846,true,0,-2.9544509200229996e-18
3084,G+,0.9609286277107254,0.5588132695898482,true,0,-3.469446951953614e-18
3085,G-,0.9409286277107254,0.517162561302853,true,0,-3.469446951953614e-18
3086,G+,0.9509286277107254,0.4525211395660373,true,0,-4.174178364069192e-18
3087,G-,0.9509286277107254,0.5842520695934151,true,0,-5.041540102057596e-18
3088,G+,0.9509286277107254,0.4894191551533659,true,0,-4.1470733097570545e-18
3089,G-,0.9509286277107254,0.5322850991110937,true,0,-4.7704895589362195e-18
3090,G+,0.9509286277107254,0.4623086280650479,true,0,-5.908901840045999e-18
3091,G-,0.9509286277107254,0.566795708886549,true,0,-5.4752209710517974e-18
3092,G+,0.9509286277107254,0.5009641788287925,true,0,-5.8817967857338616e-18
3093,G-,0.9509286277107254,NaN,false,-300,NaN
3094,G0,0.9509286277107254,0.5094253381534004,true,0,-3.469446951953614e-18
3095,G+,0.9509286277107254,0.5103051026714448,true,0,-4.255493527005605e-18
3096,G-,0.9509286277107254,0.5089078068784304,true,0,-5.339695699491109e-18
3097,G+,0.9509286277107254,0.510871849642426,true,0,-3.0357660829594124e-18
3098,G-,0.9509286277107254,0.5098336754595908,true,0,-4.228388472693467e-18
3099,G+,0.9509286277107254,0.5091069843301814,true,0,-7.318364664277155e-18
3100,G-,0.9509286277107254,0.5096694624730009,true,0,-4.580754178751256e-18
3101,G+,0.9509286277107254,0.5098538262661979,true,0,-5.1228552649940085e-18
3102,G-,0.9509286277107254,0.5090341775997672,true,0,-5.936006894358137e-18
3103,G+,0.9509286277107254,0.5768622308047938,true,0,-6.2341624917916505e-18
3104,G-,0.9509286277107254,0.44363981373921824,true,0,-5.637851296924623e-18
3105,G+,0.9509286277107254,0.5288239722929599,true,0,-3.63207727782644e-18
3106,G-,0.9509286277107254,0.48836774777209685,true,0,-5.231275482242559e-18
3107,G+,0.9509286277107254,0.5501700498389016,true,0,-5.583641188300348e-18
3108,G-,0.9509286277107254,0.4583001948879042,true,0,-3.2255014631443757e-18
3109,G+,0.9509286277107254,NaN,false,-300,NaN
3110,G-,0.9509286277107254,0.5039266120342443,true,0,-5.4752209710517974e-18
3111,G0,0.9509286277107254,0.5094253381533971,true,0,-3.469446951953614e-18
3112,G+,0.9509286277107254,0.506239672772137,true,0,-5.990217002982412e-18
3113,G-,0.9509286277107254,0.5120198540891479,true,0,-5.095750210681871e-18
3114,G+,0.9509286277107254,0.5091316661724792,true,0,-5.285485590866834e-18
3115,G-,0.9509286277107254,0.5098050573990222,true,0,-5.773376568485311e-18
3116,G+,0.9509286277107254,0.5092578003958323,true,0,-6.884683795282953e-18
3117,G-,0.9509286277107254,0.5088828171280735,true,0,-5.6107462426124854e-18
3118,G+,0.9609286277034198,0.5588137136649594,true,0,-3.957337929572091e-18
3119,G-,0.9409286277034198,0.5171630019684386,true,0,-3.957337929572091e-18
3120,G+,0.9509286277034198,0.45252149046765117,true,0,-1.9786689647860456e-18
3121,G-,0.9509286277034198,0.584252652063894,true,0,-4.336808689942018e-18
3122,G+,0.9509286277034198,0.4894195633769424,true,0,-1.3552527156068805e-18
3123,G-,0.9509286277034198,0.5322855784163434,true,0,-1.3552527156068805e-18
3124,G+,0.9509286277034198,0.4623089954258179,true,0,-2.927345865710862e-18
3125,G-,0.9509286277034198,0.5667962549850434,true,0,-3.5236570605778894e-19
3126,G+,0.9509286277034198,0.5009646095078154,true,0,-6.261267546103788e-18
3127,G-,0.9509286277034198,NaN,false,-300,NaN
3128,G0,0.9509286277034198,0.5094257791708532,true,0,-3.957337929572091e-18
3129,G+,0.9509286277034198,0.5103055436511974,true,0,-1.5720931501039814e-18
3130,G-,0.9509286277034198,0.5089082478839269,true,0,-1.9244588561617704e-18
3131,G+,0.9509286277034198,0.5108722904339323,true,0,-4.824699667560495e-18
3132,G-,0.9509286277034198,0.509834116741513,true,0,-1.6534083130403943e-18
3133,G+,0.9509286277034198,0.509107425281426,true,0,-4.797594613248357e-18
3134,G-,0.9509286277034198,0.5096699035415081,true,0,-1.8973538018496328e-19
3135,G+,0.9509286277034198,0.5098542677449721,true,0,-3.1170812458958252e-18
3136,G-,0.9509286277034198,0.5090346185751703,true,0,-1.3552527156068805e-19
3137,G+,0.9509286277034198,0.5768627989633145,true,0,1.3552527156068805e-19
3138,G-,0.9509286277034198,0.4436401508648184,true,0,-7.589415207398531e-19
3139,G+,0.9509286277034198,0.5288244492230884,true,0,-6.776263578034403e-19
3140,G-,0.9509286277034198,0.488368151919467,true,0,-5.963111948670274e-19
3141,G+,0.9509286277034198,0.5501705586984025,true,0,-5.095750210681871e-18
3142,G-,0.9509286277034198,0.45830055549972637,true,0,-5.312590645178972e-18
3143,G+,0.9509286277034198,NaN,false,-300,NaN
3144,G-,0.9509286277034198,0.5039270428217072,true,0,-1.1384122811097797e-18
3145,G0,0.9509286277034198,0.5094257791708579,true,0,-3.957337929572091e-18
3146,G+,0.9509286277034198,0.5062401119429456,true,0,-3.0899761915836876e-18
3147,G-,0.9509286277034198,0.5120202949775889,true,0,-3.5236570605778894e-19
3148,G+,0.9509286277034198,0.5091321071769473,true,0,-3.6591823321385775e-18
3149,G-,0.9509286277034198,0.5098054984795574,true,0,-1.2197274440461925e-18
3150,G+,0.9509286277034198,0.5092582408076397,true,0,-2.358139725155972e-18
3151,G-,0.9509286277034198,0.5088832567201487,true,0,-1.6805133673525319e-18
3152,G+,0.9609286268183144,0.5588108374877105,true,0,-1.951563910473908e-18
3153,G-,0.9409286268183144,0.5171601534861264,true,0,-1.951563910473908e-18
3154,G+,0.9509286268183144,0.4525192195228034,true,0,2.710505431213761e-20
3155,G-,0.9509286268183144,0.5842488819190337,true,0,-2.4665599424045226e-18
3156,G+,0.9509286268183144,0.4894169217906439,true,0,1.9786689647860456e-18
3157,G-,0.9509286268183144,0.5322824757916601,true,0,-1.4094628242311558e-18
3158,G+,0.9509286268183144,0.46230661832648173,true,0,-1.8973538018496328e-18
3159,G-,0.9509286268183144,0.5667927199277845,true,0,4.87890977618477e-19
3160,G+,0.9509286268183144,0.5009618235415031,true,0,-4.336808689942018e-19
3161,G-,0.9509286268183144,NaN,false,-300,NaN
3162,G0,0.9509286268183144,0.5094229249412681,true,0,-1.951563910473908e-18
3163,G+,0.9509286268183144,0.5103026892624626,true,0,2.087089182034596e-18
3164,G-,0.9509286268183144,0.5089053940173737,true,0,-9.75781955236954e-19
3165,G+,0.9509286268183144,0.5108694369790465,true,0,-1.951563910473908e-18
3166,G-,0.9509286268183144,0.509831261447725,true,0,-3.0086610286472748e-18
3167,G+,0.9509286268183144,0.5091045712439807,true,0,-1.734723475976807e-18
3168,G-,0.9509286268183144,0.5096670492166772,true,0,-7.860465750519907e-19
3169,G+,0.9509286268183144,0.509851410320293,true,0,1.4365678785432934e-18
3170,G-,0.9509286268183144,0.5090317648193183,true,0,-2.1412992906588713e-18
3171,G+,0.9509286268183144,0.5768591215293812,true,0,-2.168404344971009e-18
3172,G-,0.9509286268183144,0.44363796869605093,true,0,1.6263032587282567e-19
3173,G+,0.9509286268183144,0.5288213622980766,true,0,-1.0842021724855044e-18
3174,G-,0.9509286268183144,0.4883655361414959,true,0,-2.981555974335137e-19
3175,G+,0.9509286268183144,0.550167264588078,true,0,-1.0028870095490916e-18
3176,G-,0.9509286268183144,0.4582982216937875,true,0,-1.4094628242311558e-18
3177,G+,0.9509286268183144,NaN,false,-300,NaN
3178,G-,0.9509286268183144,0.5039242559307484,true,0,5.421010862427522e-20
3179,G0,0.9509286268183144,0.5094229249412673,true,0,-1.951563910473908e-18
3180,G+,0.9509286268183144,0.506237269799331,true,0,4.87890977618477e-19
3181,G-,0.9509286268183144,0.5120174415509107,true,0,1.0842021724855044e-19
3182,G+,0.9509286268183144,0.5091292531192715,true,0,8.673617379884035e-19
3183,G-,0.9509286268183144,0.5098026437775902,true,0,-2.6291902682773483e-18
3184,G+,0.9509286268183144,0.5092553906303907,true,0,-1.3010426069826053e-18
3185,G-,0.9509286268183144,0.5088804116744396,true,0,1.2468324983583301e-18
3186,F,0.9483036943483626,NaN,false,-300,NaN
3187,G+,0.9609286277034198,0.5588137136649552,true,0,-3.957337929572091e-18
3188,G-,0.9409286277034198,0.5171630019684412,true,0,-3.957337929572091e-18
3189,G+,0.9509286277034198,0.45252149046765117,true,0,-1.9786689647860456e-18
3190,G-,0.9509286277034198,0.5842526520638948,true,0,-4.336808689942018e-18
3191,G+,0.9509286277034198,0.4894195633769452,true,0,-1.3552527156068805e-18
3192,G-,0.9509286277034198,0.5322855784163416,true,0,-1.3552527156068805e-18
3193,G+,0.9509286277034198,0.46230899542581616,true,0,-2.927345865710862e-18
3194,G-,0.9509286277034198,0.566796254985044,true,0,-3.5236570605778894e-19
3195,G+,0.9509286277034198,0.5009646095078153,true,0,-6.261267546103788e-18
3196,G-,0.9509286277034198,NaN,false,-300,NaN
3197,G0,0.9509286277034198,0.5094257791708532,true,0,-3.957337929572091e-18
3198,G+,0.9509286277034198,0.5103055436511974,true,0,-1.5720931501039814e-18
3199,G-,0.9509286277034198,0.5089082478839269,true,0,-1.9244588561617704e-18
3200,G+,0.9509286277034198,0.5108722904339323,true,0,-4.824699667560495e-18
3201,G-,0.9509286277034198,0.509834116741513,true,0,-1.6534083130403943e-18
3202,G+,0.9509286277034198,0.509107425281426,true,0,-4.797594613248357e-18
3203,G-,0.9509286277034198,0.5096699035415081,true,0,-1.8973538018496328e-19
3204,G+,0.9509286277034198,0.5098542677449721,true,0,-3.1170812458958252e-18
3205,G-,0.9509286277034198,0.5090346185751703,true,0,-1.3552527156068805e-19
3206,G+,0.9509286277034198,0.5768627989633145,true,0,1.3552527156068805e-19
3207,G-,0.9509286277034198,0.4436401508648184,true,0,-7.589415207398531e-19
3208,G+,0.9509286277034198,0.5288244492230884,true,0,-6.776263578034403e-19
3209,G-,0.9509286277034198,0.488368151919467,true,0,-5.963111948670274e-19
3210,G+,0.9509286277034198,0.5501705586984025,true,0,-5.095750210681871e-18
3211,G-,0.9509286277034198,0.45830055549972637,true,0,-5.312590645178972e-18
3212,G+,0.9509286277034198,NaN,false,-300,NaN
3213,G-,0.9509286277034198,0.5039270428217072,true,0,-1.1384122811097797e-18
3214,G0,0.9509286277034198,0.5094257791708579,true,0,-3.957337929572091e-18
3215,G+,0.9509286277034198,0.5062401119429456,true,0,-3.0899761915836876e-18
3216,G-,0.9509286277034198,0.5120202949775889,true,0,-3.5236570605778894e-19
3217,G+,0.9509286277034198,0.5091321071769473,true,0,-3.6591823321385775e-18
3218,G-,0.9509286277034198,0.5098054984795574,true,0,-1.2197274440461925e-18
3219,G+,0.9509286277034198,0.5092582408076397,true,0,-2.358139725155972e-18
3220,G-,0.9509286277034198,0.5088832567201487,true,0,-1.6805133673525319e-18
3221,G+,0.9609286272653967,0.5588120559256738,true,0,-5.7462715141731735e-18
3222,G-,0.9409286272653967,0.5171613597575219,true,0,-5.7462715141731735e-18
3223,G+,0.9509286272653967,0.4525201814291062,true,0,-5.583641188300348e-18
3224,G-,0.9509286272653967,0.5842504788837158,true,0,-7.020209066843641e-18
3225,G+,0.9509286272653967,0.4894180406639847,true,0,-6.965998958219366e-18
3226,G-,0.9509286272653967,0.5322837900257309,true,0,-4.2825985813177425e-18
3227,G+,0.9509286272653967,0.4623076251684261,true,0,-3.2255014631443757e-18
3228,G-,0.9509286272653967,0.5667942173398907,true,0,-7.182839392716467e-18
3229,G+,0.9509286272653967,0.5009630034966829,true,0,-6.532318089225164e-18
3230,G-,0.9509286272653967,NaN,false,-300,NaN
3231,G0,0.9509286272653967,0.509424133915675,true,0,-5.7462715141731735e-18
3232,G+,0.9509286272653967,0.5103038983354892,true,0,-7.182839392716467e-18
3233,G-,0.9509286272653967,0.5089066028158993,true,0,-4.4994390158148434e-18
3234,G+,0.9509286272653967,0.5108706456785549,true,0,-5.583641188300348e-18
3235,G-,0.9509286272653967,0.5098324708227825,true,0,-5.664956351236761e-18
3236,G+,0.9509286272653967,0.5091057801552985,true,0,-4.716279450311944e-18
3237,G-,0.9509286272653967,0.5096682582132224,true,0,-4.824699667560495e-18
3238,G+,0.9509286272653967,0.5098526206642672,true,0,-5.583641188300348e-18
3239,G-,0.9509286272653967,0.5090329735774597,true,0,-6.911788849595091e-18
3240,G+,0.9509286272653967,0.576860679217746,true,0,-4.1470733097570545e-18
3241,G-,0.9509286272653967,0.44363889302874804,true,0,-7.616520261710669e-18
3242,G+,0.9509286272653967,0.5288226698567814,true,0,-4.716279450311944e-18
3243,G-,0.9509286272653967,0.4883666441274666,true,0,-4.716279450311944e-18
3244,G+,0.9509286272653967,0.5501686599465537,true,0,-5.014435047745458e-18
3245,G-,0.9509286272653967,0.45829921022766323,true,0,-7.209944447028604e-18
3246,G+,0.9509286272653967,NaN,false,-300,NaN
3247,G-,0.9509286272653967,0.5039254362948486,true,0,-6.938893903907228e-18
3248,G0,0.9509286272653967,0.5094241339156732,true,0,-5.7462715141731735e-18
3249,G+,0.9509286272653967,0.5062384736440215,true,0,-5.990217002982412e-18
3250,G-,0.9509286272653967,0.5120186501877227,true,0,-4.553649124439119e-18
3251,G+,0.9509286272653967,0.5091304620140562,true,0,-5.908901840045999e-18
3252,G-,0.9509286272653967,0.5098038529570519,true,0,-7.237049501340742e-18
3253,G+,0.9509286272653967,0.5092565978780769,true,0,-4.119968255444917e-18
3254,G-,0.9509286272653967,0.5088816167619838,true,0,-5.854691731421724e-18
3255,F,0.9495977014038585,NaN,false,-300,NaN
3256,G+,0.9609286277034198,0.5588137136649552,true,0,-3.957337929572091e-18
3257,G-,0.9409286277034198,0.5171630019684412,true,0,-3.957337929572091e-18
3258,G+,0.9509286277034198,0.45252149046765117,true,0,-1.9786689647860456e-18
3259,G-,0.9509286277034198,0.5842526520638948,true,0,-4.336808689942018e-18
3260,G+,0.9509286277034198,0.4894195633769452,true,0,-1.3552527156068805e-18
3261,G-,0.9509286277034198,0.5322855784163416,true,0,-1.3552527156068805e-18
3262,G+,0.9509286277034198,0.46230899542581616,true,0,-2.927345865710862e-18
3263,G-,0.9509286277034198,0.566796254985044,true,0,-3.5236570605778894e-19
3264,G+,0.9509286277034198,0.5009646095078153,true,0,-6.261267546103788e-18
3265,G-,0.9509286277034198,NaN,false,-300,NaN
3266,G0,0.9509286277034198,0.5094257791708532,true,0,-3.957337929572091e-18
3267,G+,0.9509286277034198,0.5103055436511974,true,0,-1.5720931501039814e-18
3268,G-,0.9509286277034198,0.5089082478839269,true,0,-1.9244588561617704e-18
3269,G+,0.9509286277034198,0.5108722904339323,true,0,-4.824699667560495e-18
3270,G-,0.9509286277034198,0.509834116741513,true,0,-1.6534083130403943e-18
3271,G+,0.9509286277034198,0.509107425281426,true,0,-4.797594613248357e-18
3272,G-,0.9509286277034198,0.5096699035415081,true,0,-1.8973538018496328e-19
3273,G+,0.9509286277034198,0.5098542677449721,true,0,-3.1170812458958252e-18
3274,G-,0.9509286277034198,0.5090346185751703,true,0,-1.3552527156068805e-19
3275,G+,0.9509286277034198,0.5768627989633145,true,0,1.3552527156068805e-19
3276,G-,0.9509286277034198,0.4436401508648184,true,0,-7.589415207398531e-19
3277,G+,0.9509286277034198,0.5288244492230884,true,0,-6.776263578034403e-19
3278,G-,0.9509286277034198,0.488368151919467,true,0,-5.963111948670274e-19
3279,G+,0.9509286277034198,0.5501705586984025,true,0,-5.095750210681871e-18
3280,G-,0.9509286277034198,0.45830055549972637,true,0,-5.312590645178972e-18
3281,G+,0.9509286277034198,NaN,false,-300,NaN
3282,G-,0.9509286277034198,0.5039270428217072,true,0,-1.1384122811097797e-18
3283,G0,0.9509286277034198,0.5094257791708579,true,0,-3.957337929572091e-18
3284,G+,0.9509286277034198,0.5062401119429456,true,0,-3.0899761915836876e-18
3285,G-,0.9509286277034198,0.5120202949775889,true,0,-3.5236570605778894e-19
3286,G+,0.9509286277034198,0.5091321071769473,true,0,-3.6591823321385775e-18
3287,G-,0.9509286277034198,0.5098054984795574,true,0,-1.2197274440461925e-18
3288,G+,0.9509286277034198,0.5092582408076397,true,0,-2.358139725155972e-18
3289,G-,0.9509286277034198,0.5088832567201487,true,0,-1.6805133673525319e-18
3290,G+,0.9609286274898234,0.5588126675601693,true,0,-7.074419175467916e-18
3291,G-,0.9409286274898234,0.5171619652846382,true,0,-7.074419175467916e-18
3292,G+,0.9509286274898234,0.4525206642889577,true,0,-5.664956351236761e-18
3293,G-,0.9509286274898234,0.5842512805327018,true,0,-2.0057740190981832e-18
3294,G+,0.9509286274898234,0.489418602318688,true,0,-6.911788849595091e-18
3295,G-,0.9509286274898234,0.5322844497483492,true,0,-5.312590645178972e-18
3296,G+,0.9509286274898234,0.46230813058521625,true,0,-4.689174395999807e-18
3297,G-,0.9509286274898234,0.5667949690150285,true,0,-7.101524229780054e-18
3298,G+,0.9509286274898234,0.5009635958134765,true,0,-5.8817967857338616e-18
3299,G-,0.9509286274898234,NaN,false,-300,NaN
3300,G0,0.9509286274898234,0.5094247407996424,true,0,-7.074419175467916e-18
3301,G+,0.9509286274898234,0.5103045052689645,true,0,-6.80336863234654e-18
3302,G-,0.9509286274898234,0.5089072096115775,true,0,-5.55653613398821e-18
3303,G+,0.9509286274898234,0.5108712524245136,true,0,-5.231275482242559e-18
3304,G-,0.9509286274898234,0.509833077907869,true,0,-5.44811591673966e-18
3305,G+,0.9509286274898234,0.5091063870075985,true,0,-2.3310346708438345e-18
3306,G-,0.9509286274898234,0.5096688651083067,true,0,-2.439454888092385e-18
3307,G+,0.9509286274898234,0.509853228235738,true,0,-3.957337929572091e-18
3308,G-,0.9509286274898234,0.509033580352867,true,0,-6.152847328855238e-18
3309,G+,0.9509286274898234,0.576861461150616,true,0,-4.30970363562988e-18
3310,G-,0.9509286274898234,0.4436393570272827,true,0,-6.478107980600889e-18
3311,G+,0.9509286274898234,0.5288233262284933,true,0,-2.5478751053409354e-18
3312,G-,0.9509286274898234,0.488367200316885,true,0,-2.0599841277224584e-18
3313,G+,0.9509286274898234,0.5501693603923636,true,0,-4.174178364069192e-18
3314,G-,0.9509286274898234,0.4582997064541119,true,0,-2.574980159653073e-18
3315,G+,0.9509286274898234,NaN,false,-300,NaN
3316,G-,0.9509286274898234,0.5039260288169009,true,0,-5.204170427930421e-18
3317,G0,0.9509286274898234,0.509424740799643,true,0,-7.074419175467916e-18
3318,G+,0.9509286274898234,0.5062390779529684,true,0,-5.014435047745458e-18
3319,G-,0.9509286274898234,0.5120192569022122,true,0,-4.933119884809045e-18
3320,G+,0.9509286274898234,0.5091310688580584,true,0,-3.848917712323541e-18
3321,G-,0.9509286274898234,0.5098044599439501,true,0,-6.152847328855238e-18
3322,G+,0.9509286274898234,0.5092572038952558,true,0,-4.716279450311944e-18
3323,G-,0.9509286274898234,0.5088822216948174,true,0,-5.204170427930421e-18
3324,F,0.9502472680133626,NaN,false,-300,NaN
3325,G+,0.9609286277034198,0.5588137136649552,true,0,-3.957337929572091e-18
3326,G-,0.9409286277034198,0.5171630019684412,true,0,-3.957337929572091e-18
3327,G+,0.9509286277034198,0.45252149046765117,true,0,-1.9786689647860456e-18
3328,G-,0.9509286277034198,0.5842526520638948,true,0,-4.336808689942018e-18
3329,G+,0.9509286277034198,0.4894195633769452,true,0,-1.3552527156068805e-18
3330,G-,0.9509286277034198,0.5322855784163416,true,0,-1.3552527156068805e-18
3331,G+,0.9509286277034198,0.46230899542581616,true,0,-2.927345865710862e-18
3332,G-,0.9509286277034198,0.566796254985044,true,0,-3.5236570605778894e-19
3333,G+,0.9509286277034198,0.5009646095078153,true,0,-6.261267546103788e-18
3334,G-,0.9509286277034198,NaN,false,-300,NaN
3335,G0,0.9509286277034198,0.5094257791708532,true,0,-3.957337929572091e-18
3336,G+,0.9509286277034198,0.5103055436511974,true,0,-1.5720931501039814e-18
3337,G-,0.9509286277034198,0.5089082478839269,true,0,-1.9244588561617704e-18
3338,G+,0.9509286277034198,0.5108722904339323,true,0,-4.824699667560495e-18
3339,G-,0.9509286277034198,0.509834116741513,true,0,-1.6534083130403943e-18
3340,G+,0.9509286277034198,0.509107425281426,true,0,-4.797594613248357e-18
3341,G-,0.9509286277034198,0.5096699035415081,true,0,-1.8973538018496328e-19
3342,G+,0.9509286277034198,0.5098542677449721,true,0,-3.1170812458958252e-18
3343,G-,0.9509286277034198,0.5090346185751703,true,0,-1.3552527156068805e-19
3344,G+,0.9509286277034198,0.5768627989633145,true,0,1.3552527156068805e-19
3345,G-,0.9509286277034198,0.4436401508648184,true,0,-7.589415207398531e-19
3346,G+,0.9509286277034198,0.5288244492230884,true,0,-6.776263578034403e-19
3347,G-,0.9509286277034198,0.488368151919467,true,0,-5.963111948670274e-19
3348,G+,0.9509286277034198,0.5501705586984025,true,0,-5.095750210681871e-18
3349,G-,0.9509286277034198,0.45830055549972637,true,0,-5.312590645178972e-18
3350,G+,0.9509286277034198,NaN,false,-300,NaN
3351,G-,0.9509286277034198,0.5039270428217072,true,0,-1.1384122811097797e-18
3352,G0,0.9509286277034198,0.5094257791708579,true,0,-3.957337929572091e-18
3353,G+,0.9509286277034198,0.5062401119429456,true,0,-3.0899761915836876e-18
3354,G-,0.9509286277034198,0.5120202949775889,true,0,-3.5236570605778894e-19
3355,G+,0.9509286277034198,0.5091321071769473,true,0,-3.6591823321385775e-18
3356,G-,0.9509286277034198,0.5098054984795574,true,0,-1.2197274440461925e-18
3357,G+,0.9509286277034198,0.5092582408076397,true,0,-2.358139725155972e-18
3358,G-,0.9509286277034198,0.5088832567201487,true,0,-1.6805133673525319e-18
3359,G+,0.9609286276038719,0.5588129783790374,true,0,-5.4752209710517974e-18
3360,G-,0.9409286276038719,0.5171622729998717,true,0,-5.4752209710517974e-18
3361,G+,0.9509286276038719,0.4525209096673846,true,0,-3.469446951953614e-18
3362,G-,0.9509286276038719,0.5842516879128269,true,0,-6.179952383167375e-18
3363,G+,0.9509286276038719,0.4894188877389273,true,0,-8.61940727125976e-18
3364,G-,0.9509286276038719,0.532284785004555,true,0,-8.51098705401121e-18
3365,G+,0.9509286276038719,0.4623083874265776,true,0,-7.995991022080595e-18
3366,G-,0.9509286276038719,0.5667953509995176,true,0,-7.047314121155779e-18
3367,G+,0.9509286276038719,0.5009638968155138,true,0,-4.092863201132779e-18
3368,G-,0.9509286276038719,NaN,false,-300,NaN
3369,G0,0.9509286276038719,0.5094250492043989,true,0,-5.4752209710517974e-18
3370,G+,0.9509286276038719,0.5103048136988781,true,0,-8.836247705756861e-18
3371,G-,0.9509286276038719,0.5089075179714698,true,0,-8.294146619514109e-18
3372,G+,0.9509286276038719,0.5108715607591422,true,0,-7.562310153086393e-18
3373,G-,0.9509286276038719,0.5098333864148346,true,0,-4.553649124439119e-18
3374,G+,0.9509286276038719,0.5091066953962626,true,0,-5.4752209710517974e-18
3375,G-,0.9509286276038719,0.5096691735187098,true,0,-6.152847328855238e-18
3376,G+,0.9509286276038719,0.5098535369898649,true,0,-6.342582709040201e-18
3377,G-,0.9509286276038719,0.509033888702452,true,0,-7.724940478959219e-18
3378,G+,0.9509286276038719,0.5768618585114402,true,0,-7.616520261710669e-18
3379,G-,0.9509286276038719,0.4436395928208032,true,0,-7.128629284092192e-18
3380,G+,0.9509286276038719,0.5288236597818399,true,0,-5.041540102057596e-18
3381,G-,0.9509286276038719,0.4883674829597838,true,0,-5.339695699491109e-18
3382,G+,0.9509286276038719,0.5501697163432209,true,0,-7.535205098774256e-18
3383,G-,0.9509286276038719,0.4582999586251565,true,0,-5.664956351236761e-18
3384,G+,0.9509286276038719,NaN,false,-300,NaN
3385,G-,0.9509286276038719,0.5039263299232494,true,0,-8.456776945386935e-18
3386,G0,0.9509286276038719,0.5094250492044006,true,0,-5.4752209710517974e-18
3387,G+,0.9509286276038719,0.5062393850491531,true,0,-4.9873299934333204e-18
3388,G-,0.9509286276038719,0.512019565220844,true,0,-6.559423143537302e-18
3389,G+,0.9509286276038719,0.5091313772425041,true,0,-6.396792817664476e-18
3390,G-,0.9509286276038719,0.5098047684010173,true,0,-7.83336069620777e-18
3391,G+,0.9509286276038719,0.5092575118595328,true,0,-6.8575787409708155e-18
3392,G-,0.9509286276038719,0.5088825291080517,true,0,-9.107298248878237e-18
3393,F,0.9505773625596362,NaN,false,-300,NaN
3394,G+,0.9609286277034198,0.5588137136649552,true,0,-3.957337929572091e-18
3395,G-,0.9409286277034198,0.5171630019684412,true,0,-3.957337929572091e-18
3396,G+,0.9509286277034198,0.45252149046765117,true,0,-1.9786689647860456e-18
3397,G-,0.9509286277034198,0.5842526520638948,true,0,-4.336808689942018e-18
3398,G+,0.9509286277034198,0.4894195633769452,true,0,-1.3552527156068805e-18
3399,G-,0.9509286277034198,0.5322855784163416,true,0,-1.3552527156068805e-18
3400,G+,0.9509286277034198,0.46230899542581616,true,0,-2.927345865710862e-18
3401,G-,0.9509286277034198,0.566796254985044,true,0,-3.5236570605778894e-19
3402,G+,0.9509286277034198,0.5009646095078153,true,0,-6.261267546103788e-18
3403,G-,0.9509286277034198,NaN,false,-300,NaN
3404,G0,0.9509286277034198,0.5094257791708532,true,0,-3.957337929572091e-18
3405,G+,0.9509286277034198,0.5103055436511974,true,0,-1.5720931501039814e-18
3406,G-,0.9509286277034198,0.5089082478839269,true,0,-1.9244588561617704e-18
3407,G+,0.9509286277034198,0.5108722904339323,true,0,-4.824699667560495e-18
3408,G-,0.9509286277034198,0.509834116741513,true,0,-1.6534083130403943e-18
3409,G+,0.9509286277034198,0.509107425281426,true,0,-4.797594613248357e-18
3410,G-,0.9509286277034198,0.5096699035415081,true,0,-1.8973538018496328e-19
3411,G+,0.9509286277034198,0.5098542677449721,true,0,-3.1170812458958252e-18
3412,G-,0.9509286277034198,0.5090346185751703,true,0,-1.3552527156068805e-19
3413,G+,0.9509286277034198,0.5768627989633145,true,0,1.3552527156068805e-19
3414,G-,0.9509286277034198,0.4436401508648184,true,0,-7.589415207398531e-19
3415,G+,0.9509286277034198,0.5288244492230884,true,0,-6.776263578034403e-19
3416,G-,0.9509286277034198,0.488368151919467,true,0,-5.963111948670274e-19
3417,G+,0.9509286277034198,0.5501705586984025,true,0,-5.095750210681871e-18
3418,G-,0.9509286277034198,0.45830055549972637,true,0,-5.312590645178972e-18
3419,G+,0.9509286277034198,NaN,false,-300,NaN
3420,G-,0.9509286277034198,0.5039270428217072,true,0,-1.1384122811097797e-18
3421,G0,0.9509286277034198,0.5094257791708579,true,0,-3.957337929572091e-18
3422,G+,0.9509286277034198,0.5062401119429456,true,0,-3.0899761915836876e-18
3423,G-,0.9509286277034198,0.5120202949775889,true,0,-3.5236570605778894e-19
3424,G+,0.9509286277034198,0.5091321071769473,true,0,-3.6591823321385775e-18
3425,G-,0.9509286277034198,0.5098054984795574,true,0,-1.2197274440461925e-18
3426,G+,0.9509286277034198,0.5092582408076397,true,0,-2.358139725155972e-18
3427,G-,0.9509286277034198,0.5088832567201487,true,0,-1.6805133673525319e-18
3428,G+,0.9609286276651987,0.5588131455147342,true,0,-5.8817967857338616e-18
3429,G-,0.9409286276651987,0.5171624384666627,true,0,-5.8817967857338616e-18
3430,G+,0.9509286276651987,0.45252104161397694,true,0,-5.692061405548898e-18
3431,G-,0.9509286276651987,0.5842519069721619,true,0,-6.044427111606687e-18
3432,G+,0.9509286276651987,0.4894190412170841,true,0,-3.957337929572091e-18
3433,G-,0.9509286276651987,0.5322849652808797,true,0,-6.7220534694101275e-18
3434,G+,0.9509286276651987,0.4623085255371025,true,0,-6.776263578034403e-18
3435,G-,0.9509286276651987,0.5667955564029418,true,0,-5.177065373618284e-18
3436,G+,0.9509286276651987,0.5009640586724322,true,0,-8.294146619514109e-18
3437,G-,0.9509286276651987,NaN,false,-300,NaN
3438,G0,0.9509286276651987,0.5094252150419635,true,0,-5.8817967857338616e-18
3439,G+,0.9509286276651987,0.5103049795499728,true,0,-3.415236843329339e-18
3440,G-,0.9509286276651987,0.5089076837849107,true,0,-6.613633252161577e-18
3441,G+,0.9509286276651987,0.510871726558993,true,0,-8.212831456577696e-18
3442,G-,0.9509286276651987,0.5098335523073576,true,0,-4.4994390158148434e-18
3443,G+,0.9509286276651987,0.5091068612251715,true,0,-4.9060148304969076e-18
3444,G-,0.9509286276651987,0.509669339359312,true,0,-4.472333961502706e-18
3445,G+,0.9509286276651987,0.5098537030152981,true,0,-5.312590645178972e-18
3446,G-,0.9509286276651987,0.5090340545103538,true,0,-6.613633252161577e-18
3447,G+,0.9509286276651987,0.5768620721831288,true,0,-6.667843360785852e-18
3448,G-,0.9509286276651987,0.4436397196133334,true,0,-5.502326025363935e-18
3449,G+,0.9509286276651987,0.5288238391424955,true,0,-4.689174395999807e-18
3450,G-,0.9509286276651987,0.48836763494449414,true,0,-4.092863201132779e-18
3451,G+,0.9509286276651987,0.5501699077476143,true,0,-6.342582709040201e-18
3452,G-,0.9509286276651987,0.458300094224314,true,0,-3.3068166260807885e-18
3453,G+,0.9509286276651987,NaN,false,-300,NaN
3454,G-,0.9509286276651987,0.5039264918362514,true,0,-8.131516293641283e-18
3455,G0,0.9509286276651987,0.5094252150419647,true,0,-5.8817967857338616e-18
3456,G+,0.9509286276651987,0.5062395501830664,true,0,-5.908901840045999e-18
3457,G-,0.9509286276651987,0.5120197310120973,true,0,-7.020209066843641e-18
3458,G+,0.9509286276651987,0.5091315430691519,true,0,-4.824699667560495e-18
3459,G-,0.9509286276651987,0.5098049342667066,true,0,-6.5052130349130266e-18
3460,G+,0.9509286276651987,0.5092576774602329,true,0,-1.81603863891322e-18
3461,G-,0.9509286276651987,0.5088826944124463,true,0,-3.604972223514302e-18
3462,F,0.9507548631386807,0.5118395781416647,true,0,-3.713392440762853e-18
3463,G+,0.9607548631386807,0.5540073772816181,true,0,-3.713392440762853e-18
3464,G-,0.9407548631386807,0.5270487034501905,true,0,-3.713392440762853e-18
3465,G+,0.9507548631386807,0.577240379305014,true,0,-3.876022766635678e-18
3466,G-,0.9507548631386807,0.45980665592912895,true,0,-3.876022766635678e-18
3467,G+,0.9507548631386807,0.5373178201669613,true,0,-5.231275482242559e-18
3468,G-,0.9507548631386807,0.49081688800500967,true,0,-5.041540102057596e-18
3469,G+,0.9507548631386807,0.5978795523243078,true,0,-3.74049749507499e-18
3470,G-,0.9507548631386807,0.4489902446945324,true,0,-6.640738306473715e-18
3471,G+,0.9507548631386807,0.5151642485637776,true,0,-6.749158523722265e-18
3472,G-,0.9507548631386807,0.5087638886553467,true,0,-5.583641188300348e-18
3473,G+,0.9507548631386807,0.5115040343834145,true,0,-5.014435047745458e-18
3474,G-,0.9507548631386807,0.512169021527226,true,0,-4.933119884809045e-18
3475,G+,0.9507548631386807,0.5106529880936339,true,0,-4.228388472693467e-18
3476,G-,0.9507548631386807,0.5128218582593305,true,0,-5.312590645178972e-18
3477,G+,0.9507548631386807,0.5116272953434544,true,0,-3.496552006265752e-18
3478,G-,0.9507548631386807,0.5121335419269315,true,0,-4.662069341687669e-18
3479,G+,0.9507548631386807,0.5122803759054809,true,0,-3.550762114890027e-18
3480,G-,0.9507548631386807,0.5115203079625659,true,0,-6.532318089225164e-18
3481,G+,0.9507548631386807,0.4651530114287305,true,0,-4.391018798566293e-18
3482,G-,0.9507548631386807,0.5703298497244229,true,0,-6.0173220572945496e-18
3483,G+,0.9507548631386807,0.48993929499109506,true,0,-4.1470733097570545e-18
3484,G-,0.9507548631386807,0.5348149070459711,true,0,-4.689174395999807e-18
3485,G+,0.9507548631386807,0.44284223955708646,true,0,-2.7647155398380363e-18
3486,G-,0.9507548631386807,0.6099310786957975,true,0,-5.014435047745458e-18
3487,G+,0.9507548631386807,0.5061193787875787,true,0,-5.3939058081153846e-18
3488,G-,0.9507548631386807,0.5171403153218602,true,0,-5.231275482242559e-18
3489,G+,0.9507548631386807,0.5104990455315169,true,0,-5.664956351236761e-18
3490,G-,0.9507548631386807,0.5132089695076236,true,0,-6.261267546103788e-18
3491,G+,0.9507548631386807,0.511673392641896,true,0,-3.4423418976414766e-18
3492,G-,0.9507548631386807,0.5121453271161739,true,0,-5.719166459861036e-18
3493,G+,0.9507548631386807,0.5111297391580173,true,0,-4.743384504624082e-18
3494,G-,0.9507548631386807,0.5127597392596871,true,0,-4.6349642873755315e-18
3495,G+,0.9607548631304156,0.5540067891884033,true,0,-5.637851296924623e-18
3496,G-,0.9407548631304156,0.5270481177910814,true,0,-5.637851296924623e-18
3497,G+,0.9507548631304156,0.5772396182737065,true,0,-6.830473686658678e-18
3498,G-,0.9507548631304156,0.4598061873010064,true,0,-5.637851296924623e-18
3499,G+,0.9507548631304156,0.5373171693880004,true,0,-5.7462715141731735e-18
3500,G-,0.9507548631304156,0.49081635336033047,true,0,-4.6349642873755315e-18
3501,G+,0.9507548631304156,0.5978787209185966,true,0,-4.526544070126981e-18
3502,G-,0.9507548631304156,0.44898979938349515,true,0,-6.749158523722265e-18
3503,G+,0.9507548631304156,0.5151636501992756,true,0,-6.69494841509799e-18
3504,G-,0.9507548631304156,0.5087633162993332,true,0,-5.339695699491109e-18
3505,G+,0.9507548631304156,0.5115034497589155,true,0,-5.421010862427522e-18
3506,G-,0.9507548631304156,0.5121684362772556,true,0,-4.743384504624082e-18
3507,G+,0.9507548631304156,0.5106524034974087,true,0,-5.44811591673966e-18
3508,G-,0.9507548631304156,0.5128212732026212,true,0,-2.3310346708438345e-18
3509,G+,0.9507548631304156,0.5116267102518007,true,0,-4.30970363562988e-18
3510,G-,0.9507548631304156,0.5121329571000741,true,0,-4.743384504624082e-18
3511,G+,0.9507548631304156,0.5122797907728279,true,0,-4.20128341838133e-18
3512,G-,0.9507548631304156,0.5115197229908672,true,0,-1.4365678785432934e-18
3513,G+,0.9507548631304156,0.4651525314693695,true,0,-4.20128341838133e-18
3514,G-,0.9507548631304156,0.5703291058961467,true,0,-6.7220534694101275e-18
3515,G+,0.9507548631304156,0.48993875897595013,true,0,-3.3881317890172014e-18
3516,G-,0.9507548631304156,0.5348142640789886,true,0,-4.6349642873755315e-18
3517,G+,0.9507548631304156,0.44284180505328863,true,0,-3.7947076036992655e-18
3518,G-,0.9507548631304156,0.6099302070381003,true,0,-5.44811591673966e-18
3519,G+,0.9507548631304156,0.5061188074321193,true,0,-4.716279450311944e-18
3520,G-,0.9507548631304156,0.5171397163384079,true,0,-1.7618285302889447e-18
3521,G+,0.9507548631304156,0.5104984607185106,true,0,-5.908901840045999e-18
3522,G-,0.9507548631304156,0.5132083842977938,true,0,-4.0115480381963664e-18
3523,G+,0.9507548631304156,0.5116728076971672,true,0,-5.041540102057596e-18
3524,G-,0.9507548631304156,0.512144742028307,true,0,-5.5294310796760726e-18
3525,G+,0.9507548631304156,0.51112915441119,true,0,-5.312590645178972e-18
3526,G-,0.9507548631304156,0.5127591539951081,true,0,-2.2497195079074217e-18
3527,G+,0.9607548631236715,0.5540073181543191,true,0,-5.4752209710517974e-18
3528,G-,0.9407548631236715,0.5270486447784799,true,0,-5.4752209710517974e-18
3529,G+,0.9507548631236715,0.5772403028453931,true,0,-5.1228552649940085e-18
3530,G-,0.9507548631236715,0.45980660892389735,true,0,-4.662069341687669e-18
3531,G+,0.9507548631236715,0.5373177548180852,true,0,-4.824699667560495e-18
3532,G-,0.9507548631236715,0.49081683435552875,true,0,-5.773376568485311e-18
3533,G+,0.9507548631236715,0.5978794687796862,true,0,-3.957337929572091e-18
3534,G-,0.9507548631236715,0.44899020002976187,true,0,-7.752045533271357e-18
3535,G+,0.9507548631236715,0.5151641885040843,true,0,-3.9302328752599536e-18
3536,G-,0.9507548631236715,0.5087638311961501,true,0,-6.044427111606687e-18
3537,G+,0.9507548631236715,0.511503975694983,true,0,-4.851804721872632e-18
3538,G-,0.9507548631236715,0.512168962782116,true,0,-5.44811591673966e-18
3539,G+,0.9507548631236715,0.5106529294087604,true,0,-6.532318089225164e-18
3540,G-,0.9507548631236715,0.5128217995336174,true,0,-7.968885967768458e-18
3541,G+,0.9507548631236715,0.5116272366085817,true,0,-3.4423418976414766e-18
3542,G-,0.9507548631236715,0.5121334832247955,true,0,-5.583641188300348e-18
3543,G+,0.9507548631236715,0.5122803171679816,true,0,-5.5294310796760726e-18
3544,G-,0.9507548631236715,0.5115202492443442,true,0,-4.363913744254155e-18
3545,G+,0.9507548631236715,0.4651529632873932,true,0,-3.6591823321385775e-18
3546,G-,0.9507548631236715,0.570329774992041,true,0,-7.453889935837843e-18
3547,G+,0.9507548631236715,0.489939241205398,true,0,-3.2255014631443757e-18
3548,G-,0.9507548631236715,0.5348148424788631,true,0,-5.4752209710517974e-18
3549,G+,0.9507548631236715,0.44284219598174046,true,0,-7.83336069620777e-18
3550,G-,0.9507548631236715,0.6099309910948348,true,0,-4.797594613248357e-18
3551,G+,0.9507548631236715,0.5061193214303165,true,0,-3.6591823321385775e-18
3552,G-,0.9507548631236715,0.5171402551973207,true,0,-3.2526065174565133e-18
3553,G+,0.9507548631236715,0.5104989868269987,true,0,-4.607859233063394e-18
3554,G-,0.9507548631236715,0.5132089107642649,true,0,-4.228388472693467e-18
3555,G+,0.9507548631236715,0.5116733339241657,true,0,-5.664956351236761e-18
3556,G-,0.9507548631236715,0.5121452683851467,true,0,-4.87890977618477e-18
3557,G+,0.9507548631236715,0.5111296804600988,true,0,-5.908901840045999e-18
3558,G-,0.9507548631236715,0.5127596805107562,true,0,-6.261267546103788e-18
3559,G+,0.960754862831544,0.5540056118194896,true,0,-3.279711571768651e-18
3560,G-,0.940754862831544,0.5270469494938337,true,0,-3.279711571768651e-18
3561,G+,0.950754862831544,0.5772380957774402,true,0,-3.5236570605778894e-19
3562,G-,0.950754862831544,0.4598052513111448,true,0,-7.453889935837843e-18
3563,G+,0.950754862831544,0.5373158681326837,true,0,-3.984442983884229e-18
3564,G-,0.950754862831544,0.4908152850676106,true,0,-2.1141942363467336e-18
3565,G+,0.950754862831544,0.5978770573438936,true,0,-2.3852447794681098e-18
3566,G-,0.950754862831544,0.44898890999800806,true,0,-1.9244588561617704e-18
3567,G+,0.950754862831544,0.5151624542642619,true,0,-1.4094628242311558e-18
3568,G-,0.950754862831544,0.508762172146188,true,0,-3.903127820947816e-18
3569,G+,0.950754862831544,0.5115022811287757,true,0,-4.092863201132779e-18
3570,G-,0.950754862831544,0.5121672665185876,true,0,-2.222614453595284e-18
3571,G+,0.950754862831544,0.5106512349382595,true,0,-4.9873299934333204e-18
3572,G-,0.950754862831544,0.5128201038302137,true,0,-5.204170427930421e-18
3573,G+,0.950754862831544,0.5116255406968987,true,0,-2.6834003769016235e-18
3574,G-,0.950754862831544,0.5121317881970957,true,0,-4.797594613248357e-18
3575,G+,0.950754862831544,0.5122786211656745,true,0,-5.4752209710517974e-18
3576,G-,0.950754862831544,0.5115185537676411,true,0,-1.463672932855431e-18
3577,G+,0.950754862831544,0.4651515728569294,true,0,-2.2768245622195593e-18
3578,G-,0.950754862831544,0.5703276177935788,true,0,-2.032879073410321e-18
3579,G+,0.950754862831544,0.4899376879709749,true,0,-2.8189256484623115e-18
3580,G-,0.950754862831544,0.5348129783908068,true,0,-4.526544070126981e-18
3581,G+,0.950754862831544,0.44284093736063634,true,0,-4.336808689942018e-18
3582,G-,0.950754862831544,0.6099284626921246,true,0,-5.149960319306146e-18
3583,G+,0.950754862831544,0.506117665308777,true,0,-2.2768245622195593e-18
3584,G-,0.950754862831544,0.5171385191119423,true,0,-4.4994390158148434e-18
3585,G+,0.950754862831544,0.510497291768126,true,0,-5.908901840045999e-18
3586,G-,0.950754862831544,0.5132072145740162,true,0,-4.607859233063394e-18
3587,G+,0.950754862831544,0.5116716384836438,true,0,-5.231275482242559e-18
3588,G-,0.950754862831544,0.512143572550043,true,0,-1.9786689647860456e-18
3589,G+,0.950754862831544,0.5111279855922753,true,0,-1.734723475976807e-18
3590,G-,0.950754862831544,0.5127579841602852,true,0,-4.391018798566293e-18
3591,F,0.9498537305686904,NaN,false,-300,NaN
3592,G+,0.9607548631236715,0.5540073181543196,true,0,-5.4752209710517974e-18
3593,G-,0.9407548631236715,0.5270486447784785,true,0,-5.4752209710517974e-18
3594,G+,0.9507548631236715,0.5772403028453894,true,0,-5.1228552649940085e-18
3595,G-,0.9507548631236715,0.459806608923896,true,0,-4.662069341687669e-18
3596,G+,0.9507548631236715,0.537317754818082,true,0,-4.824699667560495e-18
3597,G-,0.9507548631236715,0.4908168343555278,true,0,-5.773376568485311e-18
3598,G+,0.9507548631236715,0.597879468779688,true,0,-3.957337929572091e-18
3599,G-,0.9507548631236715,0.44899020002976225,true,0,-7.752045533271357e-18
3600,G+,0.9507548631236715,0.5151641885040898,true,0,-3.9302328752599536e-18
3601,G-,0.9507548631236715,0.5087638311961471,true,0,-6.044427111606687e-18
3602,G+,0.9507548631236715,0.51150397569498,true,0,-4.851804721872632e-18
3603,G-,0.9507548631236715,0.5121689627821148,true,0,-5.44811591673966e-18
3604,G+,0.9507548631236715,0.5106529294087614,true,0,-6.532318089225164e-18
3605,G-,0.9507548631236715,0.5128217995336177,true,0,-7.968885967768458e-18
3606,G+,0.9507548631236715,0.5116272366085808,true,0,-3.4423418976414766e-18
3607,G-,0.9507548631236715,0.5121334832247948,true,0,-5.583641188300348e-18
3608,G+,0.9507548631236715,0.5122803171679792,true,0,-5.5294310796760726e-18
3609,G-,0.9507548631236715,0.5115202492443433,true,0,-4.363913744254155e-18
3610,G+,0.9507548631236715,0.4651529632873927,true,0,-3.6591823321385775e-18
3611,G-,0.9507548631236715,0.5703297749920408,true,0,-7.453889935837843e-18
3612,G+,0.9507548631236715,0.4899392412054028,true,0,-3.2255014631443757e-18
3613,G-,0.9507548631236715,0.5348148424788672,true,0,-5.4752209710517974e-18
3614,G+,0.9507548631236715,0.44284219598174007,true,0,-7.83336069620777e-18
3615,G-,0.9507548631236715,0.6099309910948298,true,0,-4.797594613248357e-18
3616,G+,0.9507548631236715,0.5061193214303165,true,0,-3.6591823321385775e-18
3617,G-,0.9507548631236715,0.5171402551973234,true,0,-3.2526065174565133e-18
3618,G+,0.9507548631236715,0.5104989868270011,true,0,-4.607859233063394e-18
3619,G-,0.9507548631236715,0.513208910764266,true,0,-4.228388472693467e-18
3620,G+,0.9507548631236715,0.5116733339241648,true,0,-5.664956351236761e-18
3621,G-,0.9507548631236715,0.5121452683851471,true,0,-4.87890977618477e-18
3622,G+,0.9507548631236715,0.5111296804601018,true,0,-5.908901840045999e-18
3623,G-,0.9507548631236715,0.5127596805107527,true,0,-6.261267546103788e-18
3624,G+,0.9607548629826388,0.554006207038727,true,0,-1.9244588561617704e-18
3625,G-,0.9407548629826388,0.5270475401269017,true,0,-1.9244588561617704e-18
3626,G+,0.9507548629826388,0.5772388654757067,true,0,-1.8973538018496328e-18
3627,G-,0.9507548629826388,0.459805724501227,true,0,-2.656295322589486e-18
3628,G+,0.9507548629826388,0.5373165259826629,true,0,-1.3823577699190182e-18
3629,G-,0.9507548629826388,0.49081582514339345,true,0,-3.63207727782644e-18
3630,G+,0.9507548629826388,0.5978778983642743,true,0,-2.3852447794681098e-18
3631,G-,0.9507548629826388,0.4489893596272435,true,0,-3.144186300207963e-18
3632,G+,0.9507548629826388,0.5151630588695921,true,0,-2.710505431213761e-19
3633,G-,0.9507548629826388,0.5087627505732037,true,0,-1.4907779871675686e-18
3634,G+,0.9507548629826388,0.5115028719301293,true,0,-1.2739375526704677e-18
3635,G-,0.9507548629826388,0.5121678578904718,true,0,-3.415236843329339e-18
3636,G+,0.9507548629826388,0.5106518257037214,true,0,-7.047314121155779e-19
3637,G-,0.9507548629826388,0.5128206950068214,true,0,-4.662069341687669e-18
3638,G+,0.9507548629826388,0.5116261319657678,true,0,-2.2768245622195593e-18
3639,G-,0.9507548629826388,0.5121323791363819,true,0,-1.7618285302889447e-18
3640,G+,0.9507548629826388,0.5122792124609579,true,0,-2.087089182034596e-18
3641,G-,0.9507548629826388,0.5115191448688315,true,0,-1.6805133673525319e-18
3642,G+,0.9507548629826388,0.46515205748386146,true,0,-2.0599841277224584e-18
3643,G-,0.9507548629826388,0.5703283701041082,true,0,-3.415236843329339e-18
3644,G+,0.9507548629826388,0.4899382294179451,true,0,-2.3852447794681098e-18
3645,G-,0.9507548629826388,0.5348136283708261,true,0,-1.870248747537495e-18
3646,G+,0.9507548629826388,0.4428413760230621,true,0,-1.2197274440461925e-18
3647,G-,0.9507548629826388,0.6099293445463845,true,0,-0.0
3648,G+,0.9507548629826388,0.5061182427096205,true,0,-3.1712913545201005e-18
3649,G-,0.9507548629826388,0.5171391243701675,true,0,-5.421010862427522e-19
3650,G+,0.9507548629826388,0.5104978827313792,true,0,-2.2768245622195593e-18
3651,G-,0.9507548629826388,0.5132078059282593,true,0,-2.4123498337802474e-18
3652,G+,0.9507548629826388,0.5116722295799275,true,0,-2.791820594150174e-18
3653,G-,0.9507548629826388,0.5121441637801671,true,0,-1.951563910473908e-18
3654,G+,0.9507548629826388,0.5111285764890631,true,0,-3.06287113727155e-18
3655,G-,0.9507548629826388,0.51275857557067,true,0,-2.222614453595284e-18
3656,F,0.950297039398088,NaN,false,-300,NaN
3657,G+,0.9607548631236715,0.5540073181543196,true,0,-5.4752209710517974e-18
3658,G-,0.9407548631236715,0.5270486447784785,true,0,-5.4752209710517974e-18
3659,G+,0.9507548631236715,0.5772403028453894,true,0,-5.1228552649940085e-18
3660,G-,0.9507548631236715,0.459806608923896,true,0,-4.662069341687669e-18
3661,G+,0.9507548631236715,0.537317754818082,true,0,-4.824699667560495e-18
3662,G-,0.9507548631236715,0.4908168343555278,true,0,-5.773376568485311e-18
3663,G+,0.9507548631236715,0.597879468779688,true,0,-3.957337929572091e-18
3664,G-,0.9507548631236715,0.44899020002976225,true,0,-7.752045533271357e-18
3665,G+,0.9507548631236715,0.5151641885040898,true,0,-3.9302328752599536e-18
3666,G-,0.9507548631236715,0.5087638311961471,true,0,-6.044427111606687e-18
3667,G+,0.9507548631236715,0.51150397569498,true,0,-4.851804721872632e-18
3668,G-,0.9507548631236715,0.5121689627821148,true,0,-5.44811591673966e-18
3669,G+,0.9507548631236715,0.5106529294087614,true,0,-6.532318089225164e-18
3670,G-,0.9507548631236715,0.5128217995336177,true,0,-7.968885967768458e-18
3671,G+,0.9507548631236715,0.5116272366085808,true,0,-3.4423418976414766e-18
3672,G-,0.9507548631236715,0.5121334832247948,true,0,-5.583641188300348e-18
3673,G+,0.9507548631236715,0.5122803171679792,true,0,-5.5294310796760726e-18
3674,G-,0.9507548631236715,0.5115202492443433,true,0,-4.363913744254155e-18
3675,G+,0.9507548631236715,0.4651529632873927,true,0,-3.6591823321385775e-18
3676,G-,0.9507548631236715,0.5703297749920408,true,0,-7.453889935837843e-18
3677,G+,0.9507548631236715,0.4899392412054028,true,0,-3.2255014631443757e-18
3678,G-,0.9507548631236715,0.5348148424788672,true,0,-5.4752209710517974e-18
3679,G+,0.9507548631236715,0.44284219598174007,true,0,-7.83336069620777e-18
3680,G-,0.9507548631236715,0.6099309910948298,true,0,-4.797594613248357e-18
3681,G+,0.9507548631236715,0.5061193214303165,true,0,-3.6591823321385775e-18
3682,G-,0.9507548631236715,0.5171402551973234,true,0,-3.2526065174565133e-18
3683,G+,0.9507548631236715,0.5104989868270011,true,0,-4.607859233063394e-18
3684,G-,0.9507548631236715,0.513208910764266,true,0,-4.228388472693467e-18
3685,G+,0.9507548631236715,0.5116733339241648,true,0,-5.664956351236761e-18
3686,G-,0.9507548631236715,0.5121452683851471,true,0,-4.87890977618477e-18
3687,G+,0.9507548631236715,0.5111296804601018,true,0,-5.908901840045999e-18
3688,G-,0.9507548631236715,0.5127596805107527,true,0,-6.261267546103788e-18
3689,G+,0.9607548630599427,0.5540065115688106,true,0,-1.870248747537495e-18
3690,G-,0.9407548630599427,0.527047842310569,true,0,-1.870248747537495e-18
3691,G+,0.9507548630599427,0.5772392592740933,true,0,-3.1712913545201005e-18
3692,G-,0.9507548630599427,0.45980596659784595,true,0,-1.9786689647860456e-18
3693,G+,0.9507548630599427,0.537316862556365,true,0,-2.791820594150174e-18
3694,G-,0.9507548630599427,0.49081610146056626,true,0,-1.0028870095490916e-18
3695,G+,0.9507548630599427,0.5978783286530666,true,0,-5.963111948670274e-19
3696,G-,0.9507548630599427,0.44898958966949587,true,0,-2.1955093992831465e-18
3697,G+,0.9507548630599427,0.5151633682018517,true,0,-4.0115480381963664e-18
3698,G-,0.9507548630599427,0.5087630465119221,true,0,-1.5178830414797062e-18
3699,G+,0.9507548630599427,0.5115031741998985,true,0,-2.574980159653073e-18
3700,G-,0.9507548630599427,0.5121681604521401,true,0,-1.0028870095490916e-18
3701,G+,0.9507548630599427,0.5106521279551292,true,0,-5.664956351236761e-18
3702,G-,0.9507548630599427,0.5128209974685822,true,0,-1.6534083130403943e-18
3703,G+,0.9507548630599427,0.51162643447473,true,0,-4.363913744254155e-18
3704,G-,0.9507548630599427,0.5121326814767233,true,0,-2.520770051028798e-18
3705,G+,0.9507548630599427,0.5122795149834363,true,0,-8.673617379884035e-19
3706,G-,0.9507548630599427,0.5115194472920046,true,0,-2.0599841277224584e-18
3707,G+,0.9507548630599427,0.4651523054318831,true,0,-1.734723475976807e-18
3708,G-,0.9507548630599427,0.5703287550064648,true,0,-3.1170812458958252e-18
3709,G+,0.9507548630599427,0.48993850643665754,true,0,-4.9060148304969076e-18
3710,G-,0.9507548630599427,0.5348139609180395,true,0,-3.1170812458958252e-18
3711,G+,0.9507548630599427,0.44284160045438997,true,0,-3.957337929572091e-18
3712,G-,0.9507548630599427,0.6099297957269204,true,0,-3.0899761915836876e-18
3713,G+,0.9507548630599427,0.5061185381233257,true,0,-4.30970363562988e-18
3714,G-,0.9507548630599427,0.5171394340364663,true,0,-2.439454888092385e-18
3715,G+,0.9507548630599427,0.5104981850839814,true,0,-3.848917712323541e-18
3716,G-,0.9507548630599427,0.5132081084809015,true,0,-4.851804721872632e-18
3717,G+,0.9507548630599427,0.5116725320005883,true,0,-4.4181238528784306e-18
3718,G-,0.9507548630599427,0.5121444662693048,true,0,-2.4936649967166602e-18
3719,G+,0.9507548630599427,0.5111288788076596,true,0,-3.0899761915836876e-18
3720,G-,0.9507548630599427,0.5127588781520341,true,0,-8.673617379884035e-19
3721,F,0.9505238476122739,1.8407962661390715,false,0,-2.6291902682773483e-18
3722,G+,0.9607548631236715,0.5540073181543211,true,0,-5.4752209710517974e-18
3723,G-,0.9407548631236715,0.5270486447784812,true,0,-5.4752209710517974e-18
3724,G+,0.9507548631236715,0.5772403028453876,true,0,-5.1228552649940085e-18
3725,G-,0.9507548631236715,0.459806608923898,true,0,-4.662069341687669e-18
3726,G+,0.9507548631236715,0.5373177548180853,true,0,-4.824699667560495e-18
3727,G-,0.9507548631236715,0.490816834355532,true,0,-5.773376568485311e-18
3728,G+,0.9507548631236715,0.5978794687796846,true,0,-3.957337929572091e-18
3729,G-,0.9507548631236715,0.44899020002976225,true,0,-7.752045533271357e-18
3730,G+,0.9507548631236715,0.5151641885040861,true,0,-3.9302328752599536e-18
3731,G-,0.9507548631236715,0.5087638311961459,true,0,-6.044427111606687e-18
3732,G+,0.9507548631236715,0.5115039756949817,true,0,-4.851804721872632e-18
3733,G-,0.9507548631236715,0.5121689627821155,true,0,-5.44811591673966e-18
3734,G+,0.9507548631236715,0.5106529294087618,true,0,-6.532318089225164e-18
3735,G-,0.9507548631236715,0.5128217995336173,true,0,-7.968885967768458e-18
3736,G+,0.9507548631236715,0.5116272366085832,true,0,-3.4423418976414766e-18
3737,G-,0.9507548631236715,0.5121334832247958,true,0,-5.583641188300348e-18
3738,G+,0.9507548631236715,0.5122803171679784,true,0,-5.5294310796760726e-18
3739,G-,0.9507548631236715,0.5115202492443456,true,0,-4.363913744254155e-18
3740,G+,0.9507548631236715,0.46515296328739186,true,0,-3.6591823321385775e-18
3741,G-,0.9507548631236715,0.5703297749920417,true,0,-7.453889935837843e-18
3742,G+,0.9507548631236715,0.4899392412054041,true,0,-3.2255014631443757e-18
3743,G-,0.9507548631236715,0.5348148424788634,true,0,-5.4752209710517974e-18
3744,G+,0.9507548631236715,0.4428421959817394,true,0,-7.83336069620777e-18
3745,G-,0.9507548631236715,0.6099309910948363,true,0,-4.797594613248357e-18
3746,G+,0.9507548631236715,0.5061193214303146,true,0,-3.6591823321385775e-18
3747,G-,0.9507548631236715,0.5171402551973232,true,0,-3.2526065174565133e-18
3748,G+,0.9507548631236715,0.510498986827002,true,0,-4.607859233063394e-18
3749,G-,0.9507548631236715,0.5132089107642681,true,0,-4.228388472693467e-18
3750,G+,0.9507548631236715,0.5116733339241682,true,0,-5.664956351236761e-18
3751,G-,0.9507548631236715,0.5121452683851455,true,0,-4.87890977618477e-18
3752,G+,0.9507548631236715,0.5111296804600954,true,0,-5.908901840045999e-18
3753,G-,0.9507548631236715,0.5127596805107564,true,0,-6.261267546103788e-18
3754,G+,0.9607548631030565,0.5540066814101748,true,0,-4.1470733097570545e-18
3755,G-,0.9407548631030564,0.5270480108432921,true,0,-4.1470733097570545e-18
3756,G+,0.9507548631030565,0.5772394789019004,true,0,-3.496552006265752e-18
3757,G-,0.9507548631030565,0.45980610161903684,true,0,-2.0057740190981832e-18
3758,G+,0.9507548631030565,0.5373170502689792,true,0,-3.2255014631443757e-18
3759,G-,0.9507548631030565,0.49081625556712105,true,0,-2.168404344971009e-18
3760,G+,0.9507548631030565,0.597878568632207,true,0,-2.0599841277224584e-18
3761,G-,0.9507548631030565,0.4489897179677702,true,0,-3.577867169202165e-18
3762,G+,0.9507548631030565,0.5151635407214725,true,0,-1.1384122811097797e-18
3763,G-,0.9507548631030565,0.5087632115617345,true,0,-3.767602549387128e-18
3764,G+,0.9507548631030565,0.5115033427806476,true,0,-2.6834003769016235e-18
3765,G-,0.9507548631030565,0.512168329195686,true,0,-2.0599841277224584e-18
3766,G+,0.9507548631030565,0.5106522965256423,true,0,-2.927345865710862e-18
3767,G-,0.9507548631030565,0.5128211661564069,true,0,-3.6591823321385775e-18
3768,G+,0.9507548631030565,0.5116266031888792,true,0,-4.2825985813177425e-18
3769,G-,0.9507548631030565,0.5121328500968308,true,0,-3.3881317890172014e-18
3770,G+,0.9507548631030565,0.5122796837051226,true,0,-1.3010426069826053e-18
3771,G-,0.9507548631030565,0.5115196159583111,true,0,-2.8731357570865868e-18
3772,G+,0.9507548631030565,0.4651524437164937,true,0,-1.9786689647860456e-18
3773,G-,0.9507548631030565,0.5703289696727976,true,0,-2.6291902682773483e-18
3774,G+,0.9507548631030565,0.4899386609344638,true,0,-3.713392440762853e-18
3775,G-,0.9507548631030565,0.5348141463850172,true,0,-2.358139725155972e-18
3776,G+,0.9507548631030565,0.44284172562335633,true,0,-2.927345865710862e-18
3777,G-,0.9507548631030565,0.6099300473577426,true,0,-5.421010862427522e-19
3778,G+,0.9507548631030565,0.5061187028803303,true,0,-4.0115480381963664e-18
3779,G-,0.9507548631030565,0.5171396067423824,true,0,-3.4423418976414766e-18
3780,G+,0.9507548631030565,0.5104983537109261,true,0,-1.870248747537495e-18
3781,G-,0.9507548631030565,0.5132082772194135,true,0,-3.686287386450715e-18
3782,G+,0.9507548631030565,0.5116727006654904,true,0,-8.131516293641283e-19
3783,G-,0.9507548631030565,0.5121446349724007,true,0,-3.198396408832238e-18
3784,G+,0.9507548631030565,0.5111290474156398,true,0,-5.1228552649940085e-18
3785,G-,0.9507548631030565,0.5127590469065614,true,0,-4.065758146820642e-18
3786,F,0.9506503421221257,0.42300285655173114,true,0,-1.6263032587282567e-19
3787,G+,0.9606503421221257,0.4688780445902063,true,0,-1.6263032587282567e-19
3788,G-,0.9406503421221257,0.43394402777195673,true,0,-1.6263032587282567e-19
3789,G+,0.9506503421221257,0.3822823633868506,true,0,-4.228388472693467e-18
3790,G-,0.9506503421221257,0.4723458910068807,true,0,-1.7618285302889447e-18
3791,G+,0.9506503421221257,0.4080806316643727,true,0,-3.469446951953614e-18
3792,G-,0.9506503421221257,0.43873176318457385,true,0,-2.222614453595284e-18
3793,G+,0.9506503421221257,0.3882904367024297,true,0,-3.333921680392926e-18
3794,G-,0.9506503421221257,0.46240517986069357,true,0,-1.0570971181733668e-18
3795,G+,0.9506503421221257,0.4164322372374744,true,0,-4.228388472693467e-18
3796,G-,0.9506503421221257,0.4296028910472294,true,0,-2.439454888092385e-19
3797,G+,0.9506503421221257,0.42356942447687895,true,0,-4.0115480381963664e-18
3798,G-,0.9506503421221257,0.4228461454510386,true,0,-2.1141942363467336e-18
3799,G+,0.9506503421221257,0.4235248142347571,true,0,-4.1470733097570545e-18
3800,G-,0.9506503421221257,0.42337947782508467,true,0,-7.860465750519907e-19
3801,G+,0.9506503421221257,0.42262368639138354,true,0,-4.1470733097570545e-18
3802,G-,0.9506503421221257,0.4234261168067454,true,0,-2.358139725155972e-18
3803,G+,0.9506503421221257,0.4233064321507482,true,0,-3.496552006265752e-18
3804,G-,0.9506503421221257,0.42299224410538644,true,0,-3.1712913545201005e-18
3805,G+,0.9506503421221257,0.47930118688771983,true,0,-3.4423418976414766e-18
3806,G-,0.9506503421221257,0.3643028220318405,true,0,-1.1655173354219173e-18
3807,G+,0.9506503421221257,0.4390933837589198,true,0,-4.255493527005605e-18
3808,G-,0.9506503421221257,0.40897361285997264,true,0,-1.8973538018496328e-18
3809,G+,0.9506503421221257,0.435579454933851,true,0,-4.0115480381963664e-18
3810,G-,0.9506503421221257,0.3955717070178964,true,0,-8.673617379884035e-19
3811,G+,0.9506503421221257,0.4272825746759631,true,0,-2.3852447794681098e-18
3812,G-,0.9506503421221257,0.41920317765273063,true,0,-2.7376104855258987e-18
3813,G+,0.9506503421221257,0.4214637710883406,true,0,-5.502326025363935e-18
3814,G-,0.9506503421221257,0.42561551700869493,true,0,-1.3552527156068805e-19
3815,G+,0.9506503421221257,0.4228151707833832,true,0,-3.821812658011403e-18
3816,G-,0.9506503421221257,0.4233835259701131,true,0,-2.6020852139652106e-18
3817,G+,0.9506503421221257,0.4235804017522818,true,0,-1.463672932855431e-18
3818,G-,0.9506503421221257,0.4240605471359407,true,0,-2.9002408113987244e-18
3819,G+,0.9606503420930614,0.46887748679084035,true,0,-1.9786689647860456e-18
3820,G-,0.9406503420930614,0.433943473167519,true,0,-1.9786689647860456e-18
3821,G+,0.9506503420930614,0.3822819002027664,true,0,-1.8973538018496328e-18
3822,G-,0.9506503420930614,0.4723452109223615,true,0,-3.333921680392926e-18
3823,G+,0.9506503420930614,0.40808011033402997,true,0,-1.9786689647860456e-18
3824,G-,0.9506503420930614,0.4387311721774156,true,0,-4.038653092508504e-18
3825,G+,0.9506503420930614,0.3882899577890484,true,0,-6.044427111606687e-18
3826,G-,0.9506503420930614,0.4624045285225189,true,0,-3.957337929572091e-18
3827,G+,0.9506503420930614,0.41643169286789744,true,0,-5.014435047745458e-18
3828,G-,0.9506503420930614,0.42960232628562267,true,0,-4.336808689942018e-18
3829,G+,0.9506503420930614,0.42356887016004285,true,0,-1.870248747537495e-18
3830,G-,0.9506503420930614,0.422845590950554,true,0,-4.1470733097570545e-18
3831,G+,0.9506503420930614,0.42352425972550145,true,0,-2.222614453595284e-18
3832,G-,0.9506503420930614,0.42337892346595857,true,0,-4.851804721872632e-18
3833,G+,0.9506503420930614,0.4226231319957874,true,0,-3.3881317890172014e-18
3834,G-,0.9506503420930614,0.42342556233132117,true,0,-3.7947076036992655e-18
3835,G+,0.9506503420930614,0.423305877623651,true,0,-5.204170427930421e-18
3836,G-,0.9506503420930614,0.42299168969862566,true,0,-1.1655173354219173e-18
3837,G+,0.9506503420930614,0.47930048712099105,true,0,-5.149960319306146e-18
3838,G-,0.9506503420930614,0.3643024011961683,true,0,-3.4423418976414766e-18
3839,G+,0.9506503420930614,0.4390927888390302,true,0,-3.577867169202165e-18
3840,G-,0.9506503420930614,0.4089730928517161,true,0,-4.20128341838133e-18
3841,G+,0.9506503420930614,0.4355788773162259,true,0,-1.5449880957918438e-18
3842,G-,0.9506503420930614,0.39557121315396115,true,0,-5.55653613398821e-18
3843,G+,0.9506503420930614,0.42728201089463574,true,0,-4.526544070126981e-18
3844,G-,0.9506503420930614,0.41920263256754864,true,0,-4.255493527005605e-18
3845,G+,0.9506503420930614,0.42146321687637645,true,0,-5.339695699491109e-18
3846,G-,0.9506503420930614,0.4256149611824622,true,0,-4.9873299934333204e-18
3847,G+,0.9506503420930614,0.4228146163477375,true,0,-5.041540102057596e-18
3848,G-,0.9506503420930614,0.423382971514203,true,0,-1.4094628242311558e-18
3849,G+,0.9506503420930614,0.4235798468339055,true,0,-3.496552006265752e-18
3850,G-,0.9506503420930614,0.42405999250442916,true,0,-5.6107462426124854e-18
3851,G+,0.9606503420969823,0.4688780031631911,true,0,-3.198396408832238e-18
3852,G-,0.9406503420969823,0.43394398682920865,true,0,-3.198396408832238e-18
3853,G+,0.9506503420969823,0.3822823290560623,true,0,-7.047314121155779e-19
3854,G-,0.9506503420969823,0.47234584064480917,true,0,-4.0115480381963664e-18
3855,G+,0.9506503420969823,0.408080593054875,true,0,-4.0115480381963664e-18
3856,G-,0.9506503420969823,0.4387317193942351,true,0,-4.174178364069192e-18
3857,G+,0.9506503420969823,0.3882904012294654,true,0,4.0657581468206416e-19
3858,G-,0.9506503420969823,0.4624051316056894,true,0,-1.3823577699190182e-18
3859,G+,0.9506503420969823,0.4164321969383378,true,0,-1.6805133673525319e-18
3860,G-,0.9506503420969823,0.42960284918557184,true,0,-1.0028870095490916e-18
3861,G+,0.9506503420969823,0.4235693834121366,true,0,-3.848917712323541e-18
3862,G-,0.9506503420969823,0.4228461043788385,true,0,-3.74049749507499e-18
3863,G+,0.9506503420969823,0.4235247731386487,true,0,-1.1926223897340549e-18
3864,G-,0.9506503420969823,0.4233794367780432,true,0,-1.2739375526704677e-18
3865,G+,0.9506503420969823,0.4226236453240515,true,0,-1.1384122811097797e-18
3866,G-,0.9506503420969823,0.4234260757342734,true,0,-1.870248747537495e-18
3867,G+,0.9506503420969823,0.4233063910687364,true,0,-8.402566836762659e-19
3868,G-,0.9506503420969823,0.4229922030410661,true,0,2.981555974335137e-19
3869,G+,0.9506503420969823,0.47930113505380323,true,0,-2.981555974335137e-19
3870,G-,0.9506503420969823,0.3643027908230751,true,0,-1.81603863891322e-18
3871,G+,0.9506503420969823,0.4390933396873147,true,0,-2.1141942363467336e-18
3872,G-,0.9506503420969823,0.4089735743390945,true,0,-2.4123498337802474e-18
3873,G+,0.9506503420969823,0.43557941209669454,true,0,-2.5478751053409354e-18
3874,G-,0.9506503420969823,0.3955716704532455,true,0,-2.5478751053409354e-18
3875,G+,0.9506503420969823,0.4272825329039698,true,0,-2.846030702774449e-18
3876,G-,0.9506503420969823,0.4192031372798821,true,0,-8.131516293641283e-19
3877,G+,0.9506503420969823,0.421463730045476,true,0,-2.8731357570865868e-18
3878,G-,0.9506503420969823,0.42561547582560144,true,0,-1.870248747537495e-18
3879,G+,0.9506503420969823,0.4228151297212402,true,0,-8.402566836762659e-19
3880,G-,0.9506503420969823,0.42338348489218647,true,0,1.8973538018496328e-19
3881,G+,0.9506503420969823,0.42358036066114224,true,0,-4.255493527005605e-18
3882,G-,0.9506503420969823,0.4240605060415677,true,0,-1.7889335846010823e-18
3883,G+,0.9606503419236055,0.4688772075914282,true,0,-1.2468324983583301e-18
3884,G-,0.9406503419236055,0.43394319723186187,true,0,-1.2468324983583301e-18
3885,G+,0.9506503419236055,0.382281668828616,true,0,-3.848917712323541e-18
3886,G-,0.9506503419236055,0.47234487150478116,true,0,-4.662069341687669e-18
3887,G+,0.9506503419236055,0.40807985012336867,true,0,-4.336808689942018e-18
3888,G-,0.9506503419236055,0.438730877050288,true,0,-3.279711571768651e-18
3889,G+,0.9506503419236055,0.3882897187171841,true,0,-4.0115480381963664e-18
3890,G-,0.9506503419236055,0.462404203305673,true,0,-1.81603863891322e-18
3891,G+,0.9506503419236055,0.41643142126986704,true,0,-2.710505431213761e-20
3892,G-,0.9506503419236055,0.4296020441569341,true,0,-3.333921680392926e-18
3893,G+,0.9506503419236055,0.4235685934021856,true,0,-4.4181238528784306e-18
3894,G-,0.9506503419236055,0.4228453141424173,true,0,-2.710505431213761e-18
3895,G+,0.9506503419236055,0.4235239827562531,true,0,-2.1955093992831465e-18
3896,G-,0.9506503419236055,0.4233786468274074,true,0,-4.662069341687669e-18
3897,G+,0.9506503419236055,0.4226228552204592,true,0,-2.168404344971009e-18
3898,G-,0.9506503419236055,0.42342528552137476,true,0,-1.9244588561617704e-18
3899,G+,0.9506503419236055,0.42330560074939694,true,0,-3.2255014631443757e-18
3900,G-,0.9506503419236055,0.4229914129436299,true,0,-5.312590645178972e-18
3901,G+,0.9506503419236055,0.4793001377839989,true,0,-3.3610267347050637e-18
3902,G-,0.9506503419236055,0.3643021908630497,true,0,-1.6534083130403943e-18
3903,G+,0.9506503419236055,0.43909249181635257,true,0,-2.0599841277224584e-18
3904,G-,0.9506503419236055,0.4089728332383539,true,0,-1.6534083130403943e-18
3905,G+,0.9506503419236055,0.43557858861313076,true,0,-4.363913744254155e-18
3906,G-,0.9506503419236055,0.3955709667246179,true,0,-1.3552527156068805e-18
3907,G+,0.9506503419236055,0.42728172937027015,true,0,-3.6591823321385775e-18
3908,G-,0.9506503419236055,0.41920236047273196,true,0,-4.20128341838133e-18
3909,G+,0.9506503419236055,0.4214629402659742,true,0,-2.032879073410321e-18
3910,G-,0.9506503419236055,0.4256146836269664,true,0,-4.9873299934333204e-18
3911,G+,0.9506503419236055,0.422814339607403,true,0,-2.6834003769016235e-18
3912,G-,0.9506503419236055,0.42338269466750644,true,0,-4.4994390158148434e-18
3913,G+,0.9506503419236055,0.42357956989816625,true,0,-2.9815559743351372e-18
3914,G-,0.9506503419236055,0.4240597155468858,true,0,-4.30970363562988e-18
3915,F,0.9500719945791656,NaN,false,-300,NaN
3916,G+,0.960650342102327,0.46887766461467933,true,0,-4.119968255444917e-18
3917,G-,0.940650342102327,0.43394364997282886,true,0,-4.119968255444917e-18
3918,G+,0.950650342102327,0.3822820478637127,true,0,-5.55653613398821e-18
3919,G-,0.950650342102327,0.47234542773011273,true,0,-4.4181238528784306e-18
3920,G+,0.950650342102327,0.40808027653171974,true,0,-5.177065373618284e-18
3921,G-,0.950650342102327,0.4387313605877408,true,0,-5.014435047745458e-18
3922,G+,0.950650342102327,0.3882901104644163,true,0,-6.478107980600889e-18
3923,G-,0.950650342102327,0.46240473616607664,true,0,-3.6591823321385775e-18
3924,G+,0.950650342102327,0.4164318664103825,true,0,-3.1712913545201005e-18
3925,G-,0.950650342102327,0.4296025063289921,true,0,-3.4423418976414766e-18
3926,G+,0.950650342102327,0.42356904687366925,true,0,-4.9873299934333204e-18
3927,G-,0.950650342102327,0.422845767722726,true,0,-4.797594613248357e-18
3928,G+,0.950650342102327,0.42352443650046845,true,0,-3.63207727782644e-18
3929,G-,0.950650342102327,0.4233791001930648,true,0,-5.5294310796760726e-18
3930,G+,0.950650342102327,0.422623308734521,true,0,-4.797594613248357e-18
3931,G-,0.950650342102327,0.4234257390955052,true,0,-6.315477654728063e-18
3932,G+,0.950650342102327,0.42330605440430524,true,0,-6.0986372202309624e-18
3933,G-,0.950650342102327,0.42299186644091585,true,0,-4.689174395999807e-18
3934,G+,0.950650342102327,0.47930071020333215,true,0,-5.854691731421724e-18
3935,G-,0.950650342102327,0.3643025353566369,true,0,-2.927345865710862e-18
3936,G+,0.950650342102327,0.4390929784967124,true,0,-5.014435047745458e-18
3937,G-,0.950650342102327,0.4089732586279321,true,0,-6.1257422745431e-18
3938,G+,0.950650342102327,0.4355790614580306,true,0,-3.7947076036992655e-18
3939,G-,0.950650342102327,0.39557137059549574,true,0,-6.342582709040201e-18
3940,G+,0.950650342102327,0.42728219062549444,true,0,-5.231275482242559e-18
3941,G-,0.950650342102327,0.4192028063381649,true,0,-5.3939058081153846e-18
3942,G+,0.950650342102327,0.421463393556571,true,0,-2.9002408113987244e-18
3943,G-,0.950650342102327,0.42561513837727816,true,0,-5.421010862427522e-18
3944,G+,0.950650342102327,0.42281479309923853,true,0,-5.44811591673966e-18
3945,G-,0.950650342102327,0.42338314827216206,true,0,-4.336808689942018e-18
3946,G+,0.950650342102327,0.4235800237392997,true,0,-5.2583805365546965e-18
3947,G-,0.950650342102327,0.42406016931836876,true,0,-5.719166459861036e-18
3948,G+,0.9606503421028775,0.46887799329775126,true,0,-2.9544509200229996e-18
3949,G-,0.9406503421028775,0.4339439769183905,true,0,-2.9544509200229996e-18
3950,G+,0.9506503421028775,0.38228232084476627,true,0,-3.9302328752599536e-18
3951,G-,0.9506503421028775,0.47234582853294876,true,0,-3.6591823321385775e-18
3952,G+,0.9506503421028775,0.40808058379207873,true,0,-3.686287386450715e-18
3953,G-,0.9506503421028775,0.43873170888744867,true,0,-4.038653092508504e-18
3954,G+,0.9506503421028775,0.3882903927273432,true,0,-3.2526065174565133e-18
3955,G-,0.9506503421028775,0.4624051200170683,true,0,-2.6291902682773483e-18
3956,G+,0.9506503421028775,0.41643218725608777,true,0,-3.144186300207963e-18
3957,G-,0.9506503421028775,0.42960283915482256,true,0,-3.0899761915836876e-18
3958,G+,0.9506503421028775,0.4235693735583397,true,0,-3.713392440762853e-18
3959,G-,0.9506503421028775,0.42284609452476335,true,0,-4.363913744254155e-18
3960,G+,0.9506503421028775,0.42352476328709615,true,0,-5.9631119486702744e-18
3961,G-,0.9506503421028775,0.423379426922019,true,0,-3.984442983884229e-18
3962,G+,0.9506503421028775,0.42262363546856696,true,0,-2.9002408113987244e-18
3963,G-,0.9506503421028775,0.4234260658818361,true,0,-5.502326025363935e-18
3964,G+,0.9506503421028775,0.423306381214014,true,0,-6.179952383167375e-18
3965,G-,0.9506503421028775,0.42299219318697107,true,0,-2.4123498337802474e-18
3966,G+,0.9506503421028775,0.4793011226024252,true,0,-2.9815559743351372e-18
3967,G-,0.9506503421028775,0.36430278336658556,true,0,-2.4123498337802474e-18
3968,G+,0.9506503421028775,0.4390933291106108,true,0,-2.8189256484623115e-18
3969,G-,0.9506503421028775,0.4089735651006686,true,0,-5.177065373618284e-18
3970,G+,0.9506503421028775,0.43557940184420996,true,0,-6.315477654728063e-18
3971,G-,0.9506503421028775,0.39557166167613533,true,0,-5.773376568485311e-18
3972,G+,0.9506503421028775,0.42728252288305474,true,0,-4.9873299934333204e-18
3973,G-,0.9506503421028775,0.41920312759392503,true,0,-2.6291902682773483e-18
3974,G+,0.9506503421028775,0.42146372018981876,true,0,-4.2825985813177425e-18
3975,G-,0.9506503421028775,0.4256154659520828,true,0,-5.6107462426124854e-18
3976,G+,0.9506503421028775,0.42281511986352416,true,0,-5.8817967857338616e-18
3977,G-,0.9506503421028775,0.4233834750409693,true,0,-1.951563910473908e-18
3978,G+,0.9506503421028775,0.4235803507909484,true,0,-4.7704895589362195e-18
3979,G-,0.9506503421028775,0.42406049618916075,true,0,-3.333921680392926e-18
3980,G+,0.9606503420665388,0.46887756924703033,true,0,-8.185726402265558e-18
3981,G-,0.9406503420665387,0.4339435554212019,true,0,-8.185726402265558e-18
3982,G+,0.9506503420665388,0.38228196876553094,true,0,-8.158621347953421e-18
3983,G-,0.9506503420665388,0.47234531157285187,true,0,-5.068645156369733e-18
3984,G+,0.9506503420665388,0.40808018752313474,true,0,-6.423897871976614e-18
3985,G-,0.9506503420665388,0.43873125963354,true,0,-6.8575787409708155e-18
3986,G+,0.9506503420665388,0.38829002870187823,true,0,-4.662069341687669e-18
3987,G-,0.9506503420665388,0.4624046248993353,true,0,-7.562310153086393e-18
3988,G+,0.9506503420665388,0.4164317734803918,true,0,-2.6291902682773483e-18
3989,G-,0.9506503420665388,0.4296024098458603,true,0,-7.128629284092192e-18
3990,G+,0.9506503420665388,0.423568952201238,true,0,-6.749158523722265e-18
3991,G-,0.9506503420665388,0.4228456730359087,true,0,-7.508100044462118e-18
3992,G+,0.9506503420665388,0.4235243417738893,true,0,-6.884683795282953e-18
3993,G-,0.9506503420665388,0.423379005549405,true,0,-8.646512325571898e-18
3994,G+,0.9506503420665388,0.4226232140541413,true,0,-8.809142651444724e-18
3995,G-,0.9506503420665388,0.42342564441122466,true,0,-6.749158523722265e-18
3996,G+,0.9506503420665388,0.4233059596980492,true,0,-7.399679827213568e-18
3997,G-,0.9506503420665388,0.42299177176871994,true,0,-7.020209066843641e-18
3998,G+,0.9506503420665388,0.47930059067824365,true,0,-4.9873299934333204e-18
3999,G-,0.9506503420665388,0.3643024634666149,true,0,-7.724940478959219e-18
4000,G+,0.9506503420665388,0.4390928768895647,true,0,-8.700722434196173e-18
4001,G-,0.9506503420665388,0.40897316982943877,true,0,-6.80336863234654e-18
4002,G+,0.9506503420665388,0.435578962748911,true,0,-9.703609443745265e-18
4003,G-,0.9506503420665388,0.3955712862919078,true,0,-7.697835424647081e-18
4004,G+,0.9506503420665388,0.42728209432735875,true,0,-4.87890977618477e-18
4005,G-,0.9506503420665388,0.41920271326423564,true,0,-5.6107462426124854e-18
4006,G+,0.9506503420665388,0.42146329892134987,true,0,-4.743384504624082e-18
4007,G-,0.9506503420665388,0.42561504344812906,true,0,-8.104411239329146e-18
4008,G+,0.9506503420665388,0.4228146984243554,true,0,-7.453889935837843e-18
4009,G-,0.9506503420665388,0.4233830535800177,true,0,-6.478107980600889e-18
4010,G+,0.9506503420665388,0.42357992898730623,true,0,-7.670730370334944e-18
4011,G-,0.9506503420665388,0.42406007459343176,true,0,-7.15573433840433e-18
4012,F,0.9504884009961162,0.7080118526038267,true,0,-3.469446951953614e-18
4013,G+,0.9604884009961162,0.7507573980779243,true,0,-3.469446951953614e-18
4014,G-,0.9404884009961162,0.7235995177341219,true,0,-3.469446951953614e-18
4015,G+,0.9504884009961162,0.8519115199856714,true,0,-3.0357660829594124e-18
4016,G-,0.9504884009961162,0.6134878419459513,true,0,-5.9631119486702744e-18
4017,G+,0.9504884009961162,0.7619654004419607,true,0,-3.821812658011403e-18
4018,G-,0.9504884009961162,0.6565632374720272,true,0,-4.4994390158148434e-18
4019,G+,0.9504884009961162,0.9645652355641863,true,0,-9.215718466126788e-19
4020,G-,0.9504884009961162,0.5809365256938352,true,0,-9.75781955236954e-19
4021,G+,0.9504884009961162,0.7178600820997284,true,0,-8.944667923005412e-19
4022,G-,0.9504884009961162,0.6989084797666577,true,0,-2.927345865710862e-18
4023,G+,0.9504884009961162,0.7074269817776782,true,0,-3.496552006265752e-18
4024,G-,0.9504884009961162,0.7085868026527513,true,0,-4.4994390158148434e-18
4025,G+,0.9504884009961162,0.7069178638076183,true,0,-3.415236843329339e-18
4026,G-,0.9504884009961162,0.7096024597673545,true,0,-4.092863201132779e-18
4027,G+,0.9504884009961162,0.7073116653382028,true,0,-2.087089182034596e-18
4028,G-,0.9504884009961162,0.7085414980890297,true,0,-3.957337929572091e-18
4029,G+,0.9504884009961162,0.70801947096994,true,0,-2.7647155398380363e-18
4030,G-,0.9504884009961162,0.7082104114822009,true,0,-1.328147661294743e-18
4031,G+,0.9504884009961162,0.6134331617504367,true,0,-1.0299920638612292e-18
4032,G-,0.9504884009961162,0.8558243611104965,true,0,-1.6805133673525319e-18
4033,G+,0.9504884009961162,0.6649109076260964,true,0,-1.8431436932253575e-18
4034,G-,0.9504884009961162,0.7591745371086185,true,0,-4.4994390158148434e-18
4035,G+,0.9504884009961162,0.5777769638889345,true,0,-4.607859233063394e-18
4036,G-,0.9504884009961162,0.9686518492209408,true,0,-2.4123498337802474e-18
4037,G+,0.9504884009961162,0.6964360740302783,true,0,-5.312590645178972e-18
4038,G-,0.9504884009961162,0.7202985708994316,true,0,-3.577867169202165e-18
4039,G+,0.9504884009961162,0.7063972569885578,true,0,-2.9002408113987244e-18
4040,G-,0.9504884009961162,0.7096467184813892,true,0,-4.9873299934333204e-18
4041,G+,0.9504884009961162,0.7076883033262688,true,0,-2.8731357570865868e-18
4042,G-,0.9504884009961162,0.7082899015426044,true,0,-8.944667923005412e-19
4043,G+,0.9504884009961162,0.7070644671402035,true,0,-5.366800753803247e-18
4044,G-,0.9504884009961162,0.7090686458584738,true,0,-3.5236570605778894e-18
4045,G+,0.9604884009961162,0.750757398077922,true,0,-3.469446951953614e-18
4046,G-,0.9404884009961162,0.7235995177341219,true,0,-3.469446951953614e-18
4047,G+,0.9504884009961162,0.8519115199856626,true,0,-3.0357660829594124e-18
4048,G-,0.9504884009961162,0.6134878419459499,true,0,-5.9631119486702744e-18
4049,G+,0.9504884009961162,0.7619654004419689,true,0,-3.821812658011403e-18
4050,G-,0.9504884009961162,0.6565632374720327,true,0,-4.4994390158148434e-18
4051,G+,0.9504884009961162,0.9645652355641733,true,0,-9.215718466126788e-19
4052,G-,0.9504884009961162,0.5809365256938379,true,0,-9.75781955236954e-19
4053,G+,0.9504884009961162,0.7178600820997345,true,0,-8.944667923005412e-19
4054,G-,0.9504884009961162,0.6989084797666537,true,0,-2.927345865710862e-18
4055,G+,0.9504884009961162,0.7074269817776784,true,0,-3.496552006265752e-18
4056,G-,0.9504884009961162,0.7085868026527454,true,0,-4.4994390158148434e-18
4057,G+,0.9504884009961162,0.7069178638076075,true,0,-3.415236843329339e-18
4058,G-,0.9504884009961162,0.7096024597673624,true,0,-4.092863201132779e-18
4059,G+,0.9504884009961162,0.7073116653382054,true,0,-2.087089182034596e-18
4060,G-,0.9504884009961162,0.7085414980890292,true,0,-3.957337929572091e-18
4061,G+,0.9504884009961162,0.7080194709699389,true,0,-2.7647155398380363e-18
4062,G-,0.9504884009961162,0.708210411482203,true,0,-1.328147661294743e-18
4063,G+,0.9504884009961162,0.6134331617504357,true,0,-1.0299920638612292e-18
4064,G-,0.9504884009961162,0.8558243611104859,true,0,-1.6805133673525319e-18
4065,G+,0.9504884009961162,0.6649109076260931,true,0,-1.8431436932253575e-18
4066,G-,0.9504884009961162,0.7591745371086255,true,0,-4.4994390158148434e-18
4067,G+,0.9504884009961162,0.577776963888935,true,0,-4.607859233063394e-18
4068,G-,0.9504884009961162,0.9686518492209221,true,0,-2.4123498337802474e-18
4069,G+,0.9504884009961162,0.696436074030278,true,0,-5.312590645178972e-18
4070,G-,0.9504884009961162,0.7202985708994298,true,0,-3.577867169202165e-18
4071,G+,0.9504884009961162,0.7063972569885598,true,0,-2.9002408113987244e-18
4072,G-,0.9504884009961162,0.7096467184813801,true,0,-4.9873299934333204e-18
4073,G+,0.9504884009961162,0.7076883033262698,true,0,-2.8731357570865868e-18
4074,G-,0.9504884009961162,0.7082899015425985,true,0,-8.944667923005412e-19
4075,G+,0.9504884009961162,0.7070644671402022,true,0,-5.366800753803247e-18
4076,G-,0.9504884009961162,0.7090686458584711,true,0,-3.5236570605778894e-18
4077,G+,0.9604884015235573,0.7507573995191236,true,0,-6.396792817664476e-18
4078,G-,0.9404884015235573,0.7235995128657233,true,0,-6.396792817664476e-18
4079,G+,0.9504884015235573,0.8519115170166849,true,0,-5.421010862427522e-18
4080,G-,0.9504884015235573,0.6134878411063882,true,0,-5.502326025363935e-18
4081,G+,0.9504884015235573,0.7619653984812893,true,0,-6.7220534694101275e-18
4082,G-,0.9504884015235573,0.6565632363880569,true,0,-6.938893903907228e-18
4083,G+,0.9504884015235573,0.9645652308838596,true,0,-6.830473686658678e-18
4084,G-,0.9504884015235573,0.5809365251033524,true,0,-4.662069341687669e-18
4085,G+,0.9504884015235573,0.7178600805096151,true,0,-4.580754178751256e-18
4086,G-,0.9504884015235573,0.6989084784080857,true,0,-6.0173220572945496e-18
4087,G+,0.9504884015235573,0.7074269803150567,true,0,-6.1257422745431e-18
4088,G-,0.9504884015235573,0.7085868011687176,true,0,-6.667843360785852e-18
4089,G+,0.9504884015235573,0.706917862260859,true,0,-5.7462715141731735e-18
4090,G-,0.9504884015235573,0.7096024583663297,true,0,-6.749158523722265e-18
4091,G+,0.9504884015235573,0.707311663878876,true,0,-4.445228907190568e-18
4092,G-,0.9504884015235573,0.7085414966128326,true,0,-6.993104012531504e-18
4093,G+,0.9504884015235573,0.7080194695090172,true,0,-5.095750210681871e-18
4094,G-,0.9504884015235573,0.7082104100012262,true,0,-4.4994390158148434e-18
4095,G+,0.9504884015235573,0.6134331609613655,true,0,-6.830473686658678e-18
4096,G-,0.9504884015235573,0.8558243580720978,true,0,-5.692061405548898e-18
4097,G+,0.9504884015235573,0.6649109064959571,true,0,-4.092863201132779e-18
4098,G-,0.9504884015235573,0.759174535165279,true,0,-6.884683795282953e-18
4099,G+,0.9504884015235573,0.5777769633024348,true,0,-7.535205098774256e-18
4100,G-,0.9504884015235573,0.9686518446441437,true,0,-3.496552006265752e-18
4101,G+,0.9504884015235573,0.6964360726424736,true,0,-5.800481622797449e-18
4102,G-,0.9504884015235573,0.7202985693388779,true,0,-6.884683795282953e-18
4103,G+,0.9504884015235573,0.7063972555055198,true,0,-6.911788849595091e-18
4104,G-,0.9504884015235573,0.7096467170234714,true,0,-6.071532165918825e-18
4105,G+,0.9504884015235573,0.7076883018611815,true,0,-4.933119884809045e-18
4106,G-,0.9504884015235573,0.7082899000653138,true,0,-4.9873299934333204e-18
4107,G+,0.9504884015235573,0.7070644656502242,true,0,-4.607859233063394e-18
4108,G-,0.9504884015235573,0.7090686444041369,true,0,-5.421010862427522e-18
4109,G+,0.960488400995965,0.7507573957384317,true,0,-9.595189226496714e-18
4110,G-,0.940488400995965,0.7235995154078048,true,0,-9.595189226496714e-18
4111,G+,0.950488400995965,0.8519115160556576,true,0,-9.75781955236954e-18
4112,G-,0.950488400995965,0.6134878403325192,true,0,-9.947554932554503e-18
4113,G+,0.950488400995965,0.7619653975742577,true,0,-7.291259609965017e-18
4114,G-,0.950488400995965,0.6565632355755049,true,0,-7.15573433840433e-18
4115,G+,0.950488400995965,0.9645652298155222,true,0,-7.914675859144182e-18
4116,G-,0.950488400995965,0.5809365243292015,true,0,-9.324138683375338e-18
4117,G+,0.950488400995965,0.7178600796582979,true,0,-8.077306185017008e-18
4118,G-,0.950488400995965,0.6989084775384043,true,0,-9.215718466126788e-18
4119,G+,0.950488400995965,0.7074269794458621,true,0,-7.074419175467916e-18
4120,G-,0.950488400995965,0.7085868003246093,true,0,-7.37257477290143e-18
4121,G+,0.950488400995965,0.7069178614759835,true,0,-6.667843360785852e-18
4122,G-,0.950488400995965,0.7096024574385564,true,0,-8.429671891074797e-18
4123,G+,0.950488400995965,0.7073116630070364,true,0,-1.0923336887791457e-17
4124,G-,0.950488400995965,0.7085414957600894,true,0,-7.426784881525705e-18
4125,G+,0.950488400995965,0.7080194686403205,true,0,-1.0354130747236567e-17
4126,G-,0.950488400995965,0.708210409152216,true,0,-8.836247705756861e-18
4127,G+,0.950488400995965,0.6134331601648793,true,0,-8.782037597132586e-18
4128,G-,0.950488400995965,0.855824357097067,true,0,-9.64939933512099e-18
4129,G+,0.950488400995965,0.6649109056642301,true,0,-1.0652286344670081e-17
4130,G-,0.950488400995965,0.7591745342675836,true,0,-7.318364664277155e-18
4131,G+,0.950488400995965,0.5777769625398906,true,0,-8.023096076392733e-18
4132,G-,0.950488400995965,0.9686518435647891,true,0,-7.37257477290143e-18
4133,G+,0.950488400995965,0.6964360718006697,true,0,-9.540979117872439e-18
4134,G-,0.950488400995965,0.7202985684588646,true,0,-6.396792817664476e-18
4135,G+,0.950488400995965,0.7063972546568476,true,0,-9.920449878242366e-18
4136,G-,0.950488400995965,0.7096467161526687,true,0,-1.089623183347932e-17
4137,G+,0.950488400995965,0.7076883009951034,true,0,-1.0354130747236567e-17
4138,G-,0.950488400995965,0.7082898992135758,true,0,-8.61940727125976e-18
4139,G+,0.950488400995965,0.7070644648085311,true,0,-8.890457814381136e-18
4140,G-,0.950488400995965,0.7090686435295955,true,0,-7.15573433840433e-18
4141,G+,0.9604884079636903,0.7507573623486401,true,0,-5.5294310796760726e-18
4142,G-,0.9404884079636903,0.7235993989204601,true,0,-5.5294310796760726e-18
4143,G+,0.9504884079636903,0.8519113887272616,true,0,-5.2583805365546965e-18
4144,G-,0.9504884079636903,0.613487793072792,true,0,-2.032879073410321e-18
4145,G+,0.9504884079636903,0.7619653073831018,true,0,-6.0173220572945496e-18
4146,G-,0.9504884079636903,0.6565631787396919,true,0,-4.336808689942018e-18
4147,G+,0.9504884079636903,0.9645650391047547,true,0,-5.149960319306146e-18
4148,G-,0.9504884079636903,0.580936485937448,true,0,-3.63207727782644e-18
4149,G+,0.9504884079636903,0.7178600039195878,true,0,-7.291259609965017e-18
4150,G-,0.9504884079636903,0.69890840963816,true,0,-6.5052130349130266e-18
4151,G+,0.9504884079636903,0.7074269078487692,true,0,-5.637851296924623e-18
4152,G-,0.9504884079636903,0.7085867285271541,true,0,-4.228388472693467e-18
4153,G+,0.9504884079636903,0.7069177887712147,true,0,-3.74049749507499e-18
4154,G-,0.9504884079636903,0.7096023867231083,true,0,-3.821812658011403e-18
4155,G+,0.9504884079636903,0.7073115914681225,true,0,-2.656295322589486e-18
4156,G-,0.9504884079636903,0.7085414240480976,true,0,-6.0173220572945496e-18
4157,G+,0.9504884079636903,0.7080193971153114,true,0,-3.74049749507499e-18
4158,G-,0.9504884079636903,0.7082103373540044,true,0,-4.038653092508504e-18
4159,G+,0.9504884079636903,0.6134331141972842,true,0,-5.2583805365546965e-18
4160,G-,0.9504884079636903,0.8558242269816458,true,0,-3.5236570605778894e-18
4161,G+,0.9504884079636903,0.6649108467537947,true,0,-3.848917712323541e-18
4162,G-,0.9504884079636903,0.7591744449030117,true,0,-7.101524229780054e-18
4163,G+,0.9504884079636903,0.5777769245501394,true,0,-4.119968255444917e-18
4164,G-,0.9504884079636903,0.9686516562950985,true,0,-3.3881317890172014e-18
4165,G+,0.9504884079636903,0.6964360034833201,true,0,-3.3068166260807885e-18
4166,G-,0.9504884079636903,0.7202984931301233,true,0,-3.144186300207963e-18
4167,G+,0.9504884079636903,0.7063971827922703,true,0,-3.984442983884229e-18
4168,G-,0.9504884079636903,0.7096466446874133,true,0,-5.095750210681871e-18
4169,G+,0.9504884079636903,0.7076882293798384,true,0,-3.957337929572091e-18
4170,G-,0.9504884079636903,0.7082898274854608,true,0,-4.30970363562988e-18
4171,G+,0.9504884079636903,0.7070643928533064,true,0,-4.7704895589362195e-18
4172,G-,0.9504884079636903,0.7090685721076629,true,0,-3.2526065174565133e-18
4173,F,0.9710809225178735,0.6906848075139012,true,0,-5.963111948670274e-19
4174,G+,0.9810809225178735,0.8971174640033293,true,0,-5.963111948670274e-19
4175,G-,0.9610809225178735,0.5844607690626973,true,0,-5.963111948670274e-19
4176,G+,0.9710809225178735,0.7596122705101211,true,0,-8.131516293641283e-19
4177,G-,0.9710809225178735,0.6366478693951875,true,0,-3.0086610286472748e-18
4178,G+,0.9710809225178735,0.7159343021946121,true,0,-1.1655173354219173e-18
4179,G-,0.9710809225178735,0.6674526671240674,true,0,-1.0842021724855044e-18
4180,G+,0.9710809225178735,0.7941116551397192,true,0,9.215718466126788e-19
4181,G-,0.9710809225178735,0.6203907368001262,true,0,-8.131516293641283e-20
4182,G+,0.9710809225178735,0.6935717808557483,true,0,-1.5720931501039814e-18
4183,G-,0.9710809225178735,0.6882914134069145,true,0,-2.710505431213761e-18
4184,G+,0.9710809225178735,0.6900984087329416,true,0,-5.692061405548898e-19
4185,G-,0.9710809225178735,0.6905128813495138,true,0,-4.87890977618477e-19
4186,G+,0.9710809225178735,0.6855545172143932,true,0,-2.0599841277224584e-18
4187,G-,0.9710809225178735,0.6958568386555046,true,0,-9.486769009248164e-19
4188,G+,0.9710809225178735,0.6897421716175671,true,0,-1.2739375526704677e-18
4189,G-,0.9710809225178735,0.6910258386182543,true,0,-2.168404344971009e-18
4190,G+,0.9710809225178735,0.6907583653057244,true,0,-1.5720931501039814e-18
4191,G-,0.9710809225178735,0.6897929509734999,true,0,-2.846030702774449e-18
4192,G+,0.9710809225178735,0.638581210479061,true,0,3.7947076036992655e-19
4193,G-,0.9710809225178735,0.7557380515028707,true,0,-6.2341624917916505e-19
4194,G+,0.9710809225178735,0.6670679925422871,true,0,-1.7076184216646695e-18
4195,G-,0.9710809225178735,0.7150192295679182,true,0,-2.1141942363467336e-18
4196,G+,0.9710809225178735,0.6193113502328566,true,0,-3.198396408832238e-18
4197,G-,0.9710809225178735,0.7947248797140207,true,0,-2.087089182034596e-18
4198,G+,0.9710809225178735,0.6844633235303142,true,0,-1.111307226797642e-18
4199,G-,0.9710809225178735,0.6969403266793117,true,0,-3.198396408832238e-18
4200,G+,0.9710809225178735,0.6883676533141242,true,0,-1.7889335846010823e-18
4201,G-,0.9710809225178735,0.6931040716016956,true,0,-2.168404344971009e-18
4202,G+,0.9710809225178735,0.6905685557112606,true,0,-1.8431436932253575e-18
4203,G-,0.9710809225178735,0.6908215672920551,true,0,-2.6834003769016235e-18
4204,G+,0.9710809225178735,0.6889444504877648,true,0,-1.0028870095490916e-18
4205,G-,0.9710809225178735,0.6925662742258162,true,0,-4.228388472693467e-18
4206,G+,0.9810809225135707,0.8971173864378353,true,0,-1.0028870095490916e-18
4207,G-,0.9610809225135707,0.5844606952019381,true,0,-1.0028870095490916e-18
4208,G+,0.9710809225135707,0.7596121728158183,true,0,-7.589415207398531e-19
4209,G-,0.9710809225135707,0.6366478085854992,true,0,-2.520770051028798e-18
4210,G+,0.9710809225135707,0.7159342188978746,true,0,-2.3310346708438345e-18
4211,G-,0.9710809225135707,0.6674525989580499,true,0,-3.3068166260807885e-18
4212,G+,0.9710809225135707,0.7941115405829051,true,0,-2.1955093992831465e-18
4213,G-,0.9710809225135707,0.6203906811356581,true,0,-1.5449880957918438e-18
4214,G+,0.9710809225135707,0.6935717038616959,true,0,-3.550762114890027e-18
4215,G-,0.9710809225135707,0.6882913400573539,true,0,-2.168404344971009e-18
4216,G+,0.9710809225135707,0.6900983336003566,true,0,-2.1141942363467336e-18
4217,G-,0.9710809225135707,0.6905128062565435,true,0,-2.8731357570865868e-18
4218,G+,0.9710809225135707,0.6855544422415196,true,0,-1.8431436932253575e-18
4219,G-,0.9710809225135707,0.6958567634520977,true,0,5.421010862427522e-20
4220,G+,0.9710809225135707,0.6897420965624401,true,0,-4.336808689942018e-19
4221,G-,0.9710809225135707,0.6910257634397414,true,0,-2.656295322589486e-18
4222,G+,0.9710809225135707,0.6907582902271718,true,0,-2.927345865710862e-18
4223,G-,0.9710809225135707,0.689792875884564,true,0,-2.520770051028798e-18
4224,G+,0.9710809225135707,0.6385811497453469,true,0,-2.7376104855258987e-18
4225,G-,0.9710809225135707,0.7557379539971053,true,0,-1.2197274440461925e-18
4226,G+,0.9710809225135707,0.6670679240298101,true,0,-3.2526065174565133e-19
4227,G-,0.9710809225135707,0.7150191465401177,true,0,-3.198396408832238e-18
4228,G+,0.9710809225135707,0.6193112950631083,true,0,-3.144186300207963e-18
4229,G-,0.9710809225135707,0.7947247655125058,true,0,-2.3310346708438345e-18
4230,G+,0.9710809225135707,0.684463250230585,true,0,-3.198396408832238e-18
4231,G-,0.9710809225135707,0.6969402497033501,true,0,-1.8431436932253575e-18
4232,G+,0.9710809225135707,0.6883675782638318,true,0,-2.574980159653073e-18
4233,G-,0.9710809225135707,0.6931039964596625,true,0,-4.607859233063394e-18
4234,G+,0.9710809225135707,0.6905684806120622,true,0,-2.7647155398380363e-18
4235,G-,0.9710809225135707,0.6908214921990709,true,0,-2.6291902682773483e-18
4236,G+,0.9710809225135707,0.6889443754377221,true,0,-3.0899761915836876e-18
4237,G-,0.9710809225135707,0.6925661990824835,true,0,-3.0086610286472748e-18
4238,G+,0.9810809226431428,0.8971174621728163,true,0,-4.20128341838133e-18
4239,G-,0.9610809226431428,0.5844607647476753,true,0,-4.20128341838133e-18
4240,G+,0.9710809226431428,0.7596122654052372,true,0,-7.318364664277155e-18
4241,G-,0.9710809226431428,0.6366478669019744,true,0,-6.1257422745431e-18
4242,G+,0.9710809226431428,0.7159342981092809,true,0,-4.255493527005605e-18
4243,G-,0.9710809226431428,0.6674526641138088,true,0,-4.119968255444917e-18
4244,G+,0.9710809226431428,0.7941116488278885,true,0,-2.9815559743351372e-18
4245,G-,0.9710809226431428,0.6203907346795399,true,0,-4.689174395999807e-18
4246,G+,0.9710809226431428,0.6935717772108936,true,0,-3.821812658011403e-18
4247,G-,0.9710809226431428,0.6882914100375883,true,0,-3.957337929572091e-18
4248,G+,0.9710809226431428,0.690098405231385,true,0,-4.526544070126981e-18
4249,G-,0.9710809226431428,0.6905128778388385,true,0,-4.445228907190568e-18
4250,G+,0.9710809226431428,0.6855545136884135,true,0,-5.800481622797449e-18
4251,G-,0.9710809226431428,0.6958568351814058,true,0,-5.44811591673966e-18
4252,G+,0.9710809226431428,0.6897421681180019,true,0,-5.2583805365546965e-18
4253,G-,0.9710809226431428,0.6910258351073534,true,0,-5.908901840045999e-18
4254,G+,0.9710809226431428,0.6907583618088959,true,0,-4.228388472693467e-18
4255,G-,0.9710809226431428,0.6897929474686445,true,0,-5.149960319306146e-18
4256,G+,0.9710809226431428,0.6385812079972705,true,0,-2.7647155398380363e-18
4257,G-,0.9710809226431428,0.7557380463992703,true,0,-4.2825985813177425e-18
4258,G+,0.9710809226431428,0.6670679895076621,true,0,-5.9631119486702744e-18
4259,G-,0.9710809226431428,0.7150192254975991,true,0,-6.1257422745431e-18
4260,G+,0.9710809226431428,0.6193113481496925,true,0,-5.800481622797449e-18
4261,G-,0.9710809226431428,0.7947248734201545,true,0,-5.9631119486702744e-18
4262,G+,0.9710809226431428,0.6844633201525934,true,0,-3.496552006265752e-18
4263,G-,0.9710809226431428,0.6969403230456017,true,0,-2.520770051028798e-18
4264,G+,0.9710809226431428,0.6883676498100413,true,0,-6.69494841509799e-18
4265,G-,0.9710809226431428,0.6931040681012826,true,0,-5.2583805365546965e-18
4266,G+,0.9710809226431428,0.6905685522094708,true,0,-3.7947076036992655e-18
4267,G-,0.9710809226431428,0.690821563789151,true,0,-5.177065373618284e-18
4268,G+,0.9710809226431428,0.688944446983246,true,0,-3.876022766635678e-18
4269,G-,0.9710809226431428,0.6925662707258449,true,0,-2.520770051028798e-18
4270,G+,0.981080922511583,0.897117452227073,true,0,-4.363913744254155e-18
4271,G-,0.961080922511583,0.5844607580208466,true,0,-4.363913744254155e-18
4272,G+,0.971080922511583,0.7596122558160897,true,0,-7.26415455565288e-18
4273,G-,0.971080922511583,0.6366478602816577,true,0,-5.44811591673966e-18
4274,G+,0.971080922511583,0.7159342896777127,true,0,-3.3610267347050637e-18
4275,G-,0.971080922511583,0.6674526569013584,true,0,-5.421010862427522e-18
4276,G+,0.971080922511583,0.7941116378711492,true,0,-5.149960319306146e-18
4277,G-,0.971080922511583,0.6203907284737968,true,0,-2.1955093992831465e-18
4278,G+,0.971080922511583,0.6935717692948598,true,0,-3.144186300207963e-18
4279,G-,0.971080922511583,0.6882914023994804,true,0,-6.1257422745431e-18
4280,G+,0.971080922511583,0.6900983974516759,true,0,-3.713392440762853e-18
4281,G-,0.971080922511583,0.6905128700797135,true,0,-5.149960319306146e-18
4282,G+,0.971080922511583,0.6855545059591321,true,0,-4.2825985813177425e-18
4283,G-,0.971080922511583,0.6958568273659285,true,0,-4.743384504624082e-18
4284,G+,0.971080922511583,0.689742160346673,true,0,-4.065758146820642e-18
4285,G-,0.971080922511583,0.6910258273355652,true,0,-2.7647155398380363e-18
4286,G+,0.971080922511583,0.6907583540345401,true,0,-5.4752209710517974e-18
4287,G-,0.971080922511583,0.6897929397002239,true,0,-2.5478751053409354e-18
4288,G+,0.971080922511583,0.6385812013845639,true,0,-4.228388472693467e-18
4289,G-,0.971080922511583,0.7557380368248681,true,0,-3.1712913545201005e-18
4290,G+,0.971080922511583,0.667067982267906,true,0,-4.662069341687669e-18
4291,G-,0.971080922511583,0.7150192170891988,true,0,-2.8731357570865868e-18
4292,G+,0.971080922511583,0.6193113419856175,true,0,-4.824699667560495e-18
4293,G-,0.971080922511583,0.7947248624965093,true,0,-6.1257422745431e-18
4294,G+,0.971080922511583,0.6844633125282072,true,0,-5.8817967857338616e-18
4295,G-,0.971080922511583,0.6969403151222673,true,0,-4.662069341687669e-18
4296,G+,0.971080922511583,0.6883676420446831,true,0,-5.014435047745458e-18
4297,G-,0.971080922511583,0.6931040603251502,true,0,-5.095750210681871e-18
4298,G+,0.971080922511583,0.690568544435609,true,0,-5.4752209710517974e-18
4299,G-,0.971080922511583,0.6908215560218754,true,0,-3.144186300207963e-18
4300,G+,0.971080922511583,0.6889444392182423,true,0,-4.119968255444917e-18
4301,G-,0.971080922511583,0.6925662629491234,true,0,-4.0115480381963664e-18
4302,G+,0.9810809321426942,0.8971173233604235,true,0,-3.686287386450715e-18
4303,G-,0.9610809321426942,0.5844604375274717,true,0,-3.686287386450715e-18
4304,G+,0.9710809321426942,0.759611878287743,true,0,-3.198396408832238e-18
4305,G-,0.9710809321426942,0.6366476778348491,true,0,-2.656295322589486e-18
4306,G+,0.9710809321426942,0.7159339883071665,true,0,-5.637851296924623e-18
4307,G-,0.9710809321426942,0.6674524358375152,true,0,-2.5478751053409354e-18
4308,G+,0.9710809321426942,0.7941111701837217,true,0,-2.8189256484623115e-18
4309,G-,0.9710809321426942,0.6203905738695712,true,0,-3.577867169202165e-18
4310,G+,0.9710809321426942,0.6935715008115664,true,0,-3.333921680392926e-18
4311,G-,0.9710809321426942,0.6882911545318531,true,0,-3.415236843329339e-18
4312,G+,0.9710809321426942,0.6900981396987037,true,0,-5.041540102057596e-18
4313,G-,0.9710809321426942,0.6905126116143097,true,0,-2.2768245622195593e-18
4314,G+,0.9710809321426942,0.6855542463039085,true,0,-4.119968255444917e-18
4315,G-,0.9710809321426942,0.6958565717307832,true,0,4.336808689942018e-19
4316,G+,0.9710809321426942,0.6897419027361946,true,0,-6.5865281978494394e-18
4317,G-,0.9710809321426942,0.691025568866069,true,0,-4.9873299934333204e-18
4318,G+,0.9710809321426942,0.6907580966350273,true,0,-3.848917712323541e-18
4319,G-,0.9710809321426942,0.6897926816856519,true,0,-4.580754178751256e-18
4320,G+,0.9710809321426942,0.6385810197956592,true,0,-3.3068166260807885e-18
4321,G-,0.9710809321426942,0.7557376593781996,true,0,-3.686287386450715e-18
4322,G+,0.9710809321426942,0.6670677593835191,true,0,-6.69494841509799e-18
4323,G-,0.9710809321426942,0.7150189168339229,true,0,-4.065758146820642e-18
4324,G+,0.9710809321426942,0.6193111901773407,true,0,-2.927345865710862e-18
4325,G-,0.9710809321426942,0.7947243961371875,true,0,-5.231275482242559e-18
4326,G+,0.9710809321426942,0.6844630640106845,true,0,-1.8973538018496328e-18
4327,G-,0.9710809321426942,0.6969400474913866,true,0,-5.312590645178972e-18
4328,G+,0.9710809321426942,0.6883673840858547,true,0,-4.1470733097570545e-18
4329,G-,0.9710809321426942,0.6931038026550298,true,0,-3.7947076036992655e-18
4330,G+,0.9710809321426942,0.6905682866591858,true,0,-3.848917712323541e-18
4331,G-,0.9710809321426942,0.690821298154251,true,0,-4.255493527005605e-18
4332,G+,0.9710809321426942,0.6889441812256605,true,0,-7.589415207398531e-19
4333,G-,0.9710809321426942,0.6925660053134474,true,0,-3.7947076036992655e-18
4334,G+,0.9810809321426942,0.8971165608126326,true,0,-2.6291902682773483e-18
4335,G-,0.9610809321426942,0.5844597141499299,true,0,-2.6291902682773483e-18
4336,G+,0.9710809321426942,0.7596109177046763,true,0,-6.1257422745431e-18
4337,G-,0.9710809321426942,0.6366470842324423,true,0,-4.960224939121183e-18
4338,G+,0.9710809321426942,0.7159331708971486,true,0,-1.111307226797642e-18
4339,G-,0.9710809321426942,0.6674517693011599,true,0,-2.3852447794681098e-18
4340,G+,0.9710809321426942,0.794110040289423,true,0,-2.222614453595284e-18
4341,G-,0.9710809321426942,0.6203900320485188,true,0,-1.111307226797642e-18
4342,G+,0.9710809321426942,0.6935707462476327,true,0,-2.656295322589486e-18
4343,G-,0.9710809321426942,0.6882904364171423,true,0,-2.3852447794681098e-18
4344,G+,0.9710809321426942,0.6900974035632738,true,0,-1.5449880957918438e-18
4345,G-,0.9710809321426942,0.6905118761862813,true,0,-2.2768245622195593e-18
4346,G+,0.9710809321426942,0.6855535117607517,true,0,-3.74049749507499e-18
4347,G-,0.9710809321426942,0.6958558351501005,true,0,-1.4365678785432934e-18
4348,G+,0.9710809321426942,0.6897411672732682,true,0,-4.336808689942018e-19
4349,G-,0.9710809321426942,0.6910248326091672,true,0,-3.577867169202165e-18
4350,G+,0.9710809321426942,0.6907573611625163,true,0,-1.6805133673525319e-18
4351,G-,0.9710809321426942,0.6897919460528518,true,0,-1.463672932855431e-18
4352,G+,0.9710809321426942,0.6385804274530227,true,0,-1.8973538018496328e-18
4353,G-,0.9710809321426942,0.7557366998290789,true,0,-5.963111948670274e-19
4354,G+,0.9710809321426942,0.667067089448232,true,0,-8.131516293641283e-19
4355,G-,0.9710809321426942,0.7150181019259817,true,0,-3.3610267347050637e-18
4356,G+,0.9710809321426942,0.6193106535585982,true,0,-2.0057740190981832e-18
4357,G-,0.9710809321426942,0.7947232695809114,true,0,-2.222614453595284e-18
4358,G+,0.9710809321426942,0.684462346211194,true,0,-4.4994390158148434e-18
4359,G-,0.9710809321426942,0.6969392932104082,true,0,-4.553649124439119e-18
4360,G+,0.9710809321426942,0.688366648702069,true,0,-2.9815559743351372e-18
4361,G-,0.9710809321426942,0.6931030668263283,true,0,-2.2768245622195593e-18
4362,G+,0.9710809321426942,0.6905675508836355,true,0,-1.734723475976807e-18
4363,G-,0.9710809321426942,0.6908205627266726,true,0,-1.81603863891322e-18
4364,G+,0.9710809321426942,0.6889434458351631,true,0,-3.74049749507499e-18
4365,G-,0.9710809321426942,0.6925652694771314,true,0,-3.848917712323541e-18
4366,G+,0.9810809321383914,0.8971164832475195,true,0,-1.4365678785432934e-18
4367,G-,0.9610809321383914,0.5844596402895372,true,0,-1.4365678785432934e-18
4368,G+,0.9710809321383914,0.7596108200109706,true,0,-5.908901840045999e-18
4369,G-,0.9710809321383914,0.6366470234230094,true,0,-2.710505431213761e-18
4370,G+,0.9710809321383914,0.7159330876008614,true,0,-1.9244588561617704e-18
4371,G-,0.9710809321383914,0.6674517011354593,true,0,-3.3610267347050637e-18
4372,G+,0.9710809321383914,0.7941099257334087,true,0,-4.2825985813177425e-18
4373,G-,0.9710809321383914,0.6203899763842576,true,0,-4.336808689942018e-18
4374,G+,0.9710809321383914,0.6935706692539771,true,0,-3.144186300207963e-18
4375,G-,0.9710809321383914,0.6882903630679353,true,0,-2.2768245622195593e-18
4376,G+,0.9710809321383914,0.6900973284310703,true,0,-2.032879073410321e-18
4377,G-,0.9710809321383914,0.6905118010936819,true,0,-3.144186300207963e-18
4378,G+,0.9710809321383914,0.6855534367882514,true,0,-2.5478751053409354e-18
4379,G-,0.9710809321383914,0.6958557599470693,true,0,-1.3823577699190182e-18
4380,G+,0.9710809321383914,0.6897410922185112,true,0,-2.168404344971009e-18
4381,G-,0.9710809321383914,0.6910247574310326,true,0,-3.577867169202165e-18
4382,G+,0.9710809321383914,0.6907572860843414,true,0,-2.0599841277224584e-18
4383,G-,0.9710809321383914,0.6897918709642865,true,0,-3.604972223514302e-18
4384,G+,0.9710809321383914,0.638580366719548,true,0,-4.065758146820642e-18
4385,G-,0.9710809321383914,0.7557366023239142,true,0,-3.9302328752599536e-18
4386,G+,0.9710809321383914,0.6670670209360681,true,0,-2.4123498337802474e-18
4387,G-,0.9710809321383914,0.7150180188986309,true,0,-3.957337929572091e-18
4388,G+,0.9710809321383914,0.6193105983890653,true,0,-5.963111948670274e-19
4389,G-,0.9710809321383914,0.7947231553801674,true,0,-1.8973538018496328e-18
4390,G+,0.9710809321383914,0.6844622729118282,true,0,-4.1470733097570545e-18
4391,G-,0.9710809321383914,0.6969392162348481,true,0,-4.0657581468206416e-19
4392,G+,0.9710809321383914,0.6883665736521528,true,0,-3.7947076036992655e-18
4393,G-,0.9710809321383914,0.6931029916846684,true,0,-1.7889335846010823e-18
4394,G+,0.9710809321383914,0.6905674757848055,true,0,-1.4094628242311558e-18
4395,G-,0.9710809321383914,0.690820487634062,true,0,-3.63207727782644e-18
4396,G+,0.9710809321383914,0.6889433707854915,true,0,-5.041540102057596e-18
4397,G-,0.9710809321383914,0.6925651943341707,true,0,-9.75781955236954e-19
4398,F,0.9998554046125894,NaN,false,-300,NaN
4399,G+,0.9810809226431428,0.8971174621728171,true,0,-4.20128341838133e-18
4400,G-,0.9610809226431428,0.5844607647476765,true,0,-4.20128341838133e-18
4401,G+,0.9710809226431428,0.7596122654052357,true,0,-7.318364664277155e-18
4402,G-,0.9710809226431428,0.6366478669019724,true,0,-6.1257422745431e-18
4403,G+,0.9710809226431428,0.7159342981092784,true,0,-4.255493527005605e-18
4404,G-,0.9710809226431428,0.6674526641138063,true,0,-4.119968255444917e-18
4405,G+,0.9710809226431428,0.7941116488278808,true,0,-2.9815559743351372e-18
4406,G-,0.9710809226431428,0.6203907346795422,true,0,-4.689174395999807e-18
4407,G+,0.9710809226431428,0.6935717772109014,true,0,-3.821812658011403e-18
4408,G-,0.9710809226431428,0.6882914100375855,true,0,-3.957337929572091e-18
4409,G+,0.9710809226431428,0.6900984052313834,true,0,-4.526544070126981e-18
4410,G-,0.9710809226431428,0.69051287783884,true,0,-4.445228907190568e-18
4411,G+,0.9710809226431428,0.6855545136884138,true,0,-5.800481622797449e-18
4412,G-,0.9710809226431428,0.6958568351814051,true,0,-5.44811591673966e-18
4413,G+,0.9710809226431428,0.6897421681180058,true,0,-5.2583805365546965e-18
4414,G-,0.9710809226431428,0.6910258351073475,true,0,-5.908901840045999e-18
4415,G+,0.9710809226431428,0.6907583618089002,true,0,-4.228388472693467e-18
4416,G-,0.9710809226431428,0.6897929474686431,true,0,-5.149960319306146e-18
4417,G+,0.9710809226431428,0.6385812079972697,true,0,-2.7647155398380363e-18
4418,G-,0.9710809226431428,0.7557380463992684,true,0,-4.2825985813177425e-18
4419,G+,0.9710809226431428,0.6670679895076628,true,0,-5.9631119486702744e-18
4420,G-,0.9710809226431428,0.7150192254975952,true,0,-6.1257422745431e-18
4421,G+,0.9710809226431428,0.6193113481496937,true,0,-5.800481622797449e-18
4422,G-,0.9710809226431428,0.794724873420156,true,0,-5.9631119486702744e-18
4423,G+,0.9710809226431428,0.6844633201525953,true,0,-3.496552006265752e-18
4424,G-,0.9710809226431428,0.6969403230456038,true,0,-2.520770051028798e-18
4425,G+,0.9710809226431428,0.688367649810043,true,0,-6.69494841509799e-18
4426,G-,0.9710809226431428,0.6931040681012836,true,0,-5.2583805365546965e-18
4427,G+,0.9710809226431428,0.6905685522094733,true,0,-3.7947076036992655e-18
4428,G-,0.9710809226431428,0.6908215637891519,true,0,-5.177065373618284e-18
4429,G+,0.9710809226431428,0.6889444469832473,true,0,-3.876022766635678e-18
4430,G-,0.9710809226431428,0.6925662707258438,true,0,-2.520770051028798e-18
4431,G+,0.981080922511583,0.8971174522270595,true,0,-4.20128341838133e-18
4432,G-,0.961080922511583,0.5844607580208254,true,0,-4.20128341838133e-18
4433,G+,0.971080922511583,0.7596122558160665,true,0,-3.2526065174565133e-18
4434,G-,0.971080922511583,0.6366478602816428,true,0,-1.6805133673525319e-18
4435,G+,0.971080922511583,0.7159342896776877,true,0,-4.038653092508504e-18
4436,G-,0.971080922511583,0.6674526569013444,true,0,-1.3010426069826053e-18
4437,G+,0.971080922511583,0.7941116378711222,true,0,-1.8973538018496328e-18
4438,G-,0.971080922511583,0.6203907284737952,true,0,-3.1170812458958252e-18
4439,G+,0.971080922511583,0.6935717692948444,true,0,6.2341624917916505e-19
4440,G-,0.971080922511583,0.6882914023994687,true,0,-2.6020852139652106e-18
4441,G+,0.971080922511583,0.6900983974516514,true,0,-3.821812658011403e-18
4442,G-,0.971080922511583,0.690512870079701,true,0,-1.4094628242311558e-18
4443,G+,0.971080922511583,0.6855545059591135,true,0,-5.421010862427522e-18
4444,G-,0.971080922511583,0.6958568273659146,true,0,-1.1926223897340549e-18
4445,G+,0.971080922511583,0.6897421603466516,true,0,-4.933119884809045e-18
4446,G-,0.971080922511583,0.6910258273355474,true,0,-3.3610267347050637e-18
4447,G+,0.971080922511583,0.6907583540345187,true,0,-2.3852447794681098e-18
4448,G-,0.971080922511583,0.68979293970021,true,0,-2.9002408113987244e-18
4449,G+,0.971080922511583,0.6385812013845563,true,0,-1.1926223897340549e-18
4450,G-,0.971080922511583,0.7557380368248425,true,0,-2.4123498337802474e-18
4451,G+,0.971080922511583,0.6670679822678917,true,0,-4.119968255444917e-18
4452,G-,0.971080922511583,0.7150192170891856,true,0,-2.5478751053409354e-18
4453,G+,0.971080922511583,0.619311341985605,true,0,-2.8731357570865868e-18
4454,G-,0.971080922511583,0.7947248624964965,true,0,-2.9815559743351372e-18
4455,G+,0.971080922511583,0.6844633125281956,true,0,-1.3552527156068805e-18
4456,G-,0.971080922511583,0.6969403151222491,true,0,-2.3310346708438345e-18
4457,G+,0.971080922511583,0.6883676420446625,true,0,-3.0357660829594124e-18
4458,G-,0.971080922511583,0.6931040603251322,true,0,-1.0842021724855044e-18
4459,G+,0.971080922511583,0.6905685444355951,true,0,-2.1141942363467336e-18
4460,G-,0.971080922511583,0.6908215560218546,true,0,-2.9002408113987244e-18
4461,G+,0.971080922511583,0.6889444392182271,true,0,-1.5720931501039814e-18
4462,G-,0.971080922511583,0.6925662629491081,true,0,-3.6591823321385775e-18
4463,G+,0.9810809321426942,0.8971173233604269,true,0,-3.686287386450715e-18
4464,G-,0.9610809321426942,0.5844604375274702,true,0,-3.686287386450715e-18
4465,G+,0.9710809321426942,0.7596118782877397,true,0,-3.198396408832238e-18
4466,G-,0.9710809321426942,0.6366476778348475,true,0,-2.656295322589486e-18
4467,G+,0.9710809321426942,0.7159339883071678,true,0,-5.637851296924623e-18
4468,G-,0.9710809321426942,0.6674524358375156,true,0,-2.5478751053409354e-18
4469,G+,0.9710809321426942,0.7941111701837107,true,0,-2.8189256484623115e-18
4470,G-,0.9710809321426942,0.620390573869571,true,0,-3.577867169202165e-18
4471,G+,0.9710809321426942,0.6935715008115665,true,0,-3.333921680392926e-18
4472,G-,0.9710809321426942,0.6882911545318526,true,0,-3.415236843329339e-18
4473,G+,0.9710809321426942,0.6900981396987024,true,0,-5.041540102057596e-18
4474,G-,0.9710809321426942,0.6905126116143068,true,0,-2.2768245622195593e-18
4475,G+,0.9710809321426942,0.6855542463039092,true,0,-4.119968255444917e-18
4476,G-,0.9710809321426942,0.6958565717307789,true,0,4.336808689942018e-19
4477,G+,0.9710809321426942,0.6897419027361946,true,0,-6.5865281978494394e-18
4478,G-,0.9710809321426942,0.6910255688660712,true,0,-4.9873299934333204e-18
4479,G+,0.9710809321426942,0.6907580966350267,true,0,-3.848917712323541e-18
4480,G-,0.9710809321426942,0.689792681685654,true,0,-4.580754178751256e-18
4481,G+,0.9710809321426942,0.638581019795661,true,0,-3.3068166260807885e-18
4482,G-,0.9710809321426942,0.7557376593781983,true,0,-3.686287386450715e-18
4483,G+,0.9710809321426942,0.6670677593835206,true,0,-6.69494841509799e-18
4484,G-,0.9710809321426942,0.7150189168339236,true,0,-4.065758146820642e-18
4485,G+,0.9710809321426942,0.61931119017734,true,0,-2.927345865710862e-18
4486,G-,0.9710809321426942,0.7947243961371864,true,0,-5.231275482242559e-18
4487,G+,0.9710809321426942,0.6844630640106854,true,0,-1.8973538018496328e-18
4488,G-,0.9710809321426942,0.6969400474913883,true,0,-5.312590645178972e-18
4489,G+,0.9710809321426942,0.6883673840858576,true,0,-4.1470733097570545e-18
4490,G-,0.9710809321426942,0.6931038026550271,true,0,-3.7947076036992655e-18
4491,G+,0.9710809321426942,0.6905682866591901,true,0,-3.848917712323541e-18
4492,G-,0.9710809321426942,0.6908212981542514,true,0,-4.255493527005605e-18
4493,G+,0.9710809321426942,0.6889441812256539,true,0,-7.589415207398531e-19
4494,G-,0.9710809321426942,0.692566005313446,true,0,-3.7947076036992655e-18
4495,G+,0.9810809321426942,0.8971172406617848,true,0,-7.074419175467916e-18
4496,G-,0.9610809321426942,0.5844603590768651,true,0,-7.074419175467916e-18
4497,G+,0.9710809321426942,0.7596117741120596,true,0,-4.716279450311944e-18
4498,G-,0.9710809321426942,0.6366476134584304,true,0,-6.451002926288751e-18
4499,G+,0.9710809321426942,0.7159338996586933,true,0,-5.773376568485311e-18
4500,G-,0.9710809321426942,0.6674523635513709,true,0,-5.149960319306146e-18
4501,G+,0.9710809321426942,0.7941110476461449,true,0,-7.291259609965017e-18
4502,G-,0.9710809321426942,0.6203905151088772,true,0,-4.960224939121183e-18
4503,G+,0.9710809321426942,0.693571418978786,true,0,-4.851804721872632e-18
4504,G-,0.9710809321426942,0.6882910766520154,true,0,-2.710505431213761e-18
4505,G+,0.9710809321426942,0.6900980598644981,true,0,-5.5294310796760726e-18
4506,G-,0.9710809321426942,0.6905125318568303,true,0,-4.7704895589362195e-18
4507,G+,0.9710809321426942,0.6855541666423901,true,0,-3.415236843329339e-18
4508,G-,0.9710809321426942,0.695856491848297,true,0,-5.4752209710517974e-18
4509,G+,0.9710809321426942,0.6897418229749304,true,0,-7.209944447028604e-18
4510,G-,0.9710809321426942,0.6910254890186964,true,0,-6.776263578034403e-18
4511,G+,0.9710809321426942,0.6907580168727243,true,0,-5.9631119486702744e-18
4512,G-,0.9710809321426942,0.689792601905965,true,0,-5.55653613398821e-18
4513,G+,0.9710809321426942,0.6385809555558795,true,0,-6.152847328855238e-18
4514,G-,0.9710809321426942,0.7557375553146618,true,0,-4.228388472693467e-18
4515,G+,0.9710809321426942,0.6670676867287597,true,0,-7.318364664277155e-18
4516,G-,0.9710809321426942,0.7150188284568002,true,0,-7.26415455565288e-18
4517,G+,0.9710809321426942,0.6193111319808255,true,0,-5.4752209710517974e-18
4518,G-,0.9710809321426942,0.7947242739616197,true,0,-7.101524229780054e-18
4519,G+,0.9710809321426942,0.6844629861650269,true,0,-5.664956351236761e-18
4520,G-,0.9710809321426942,0.6969399656892921,true,0,-3.0899761915836876e-18
4521,G+,0.9710809321426942,0.6883673043331788,true,0,-4.526544070126981e-18
4522,G-,0.9710809321426942,0.6931037228540946,true,0,-5.692061405548898e-18
4523,G+,0.9710809321426942,0.69056820686401,true,0,-5.204170427930421e-18
4524,G-,0.9710809321426942,0.6908212183968153,true,0,-5.312590645178972e-18
4525,G+,0.9710809321426942,0.6889441014722439,true,0,-4.445228907190568e-18
4526,G-,0.9710809321426942,0.6925659255116875,true,0,-3.848917712323541e-18
4527,G+,0.9810809321383914,0.8971171630964584,true,0,-4.4181238528784306e-18
4528,G-,0.9610809321383914,0.5844602852162706,true,0,-4.4181238528784306e-18
4529,G+,0.9710809321383914,0.7596116764180351,true,0,-5.2583805365546965e-18
4530,G-,0.9710809321383914,0.6366475526488677,true,0,-5.5294310796760726e-18
4531,G+,0.9710809321383914,0.7159338163621491,true,0,-3.9302328752599536e-18
4532,G-,0.9710809321383914,0.6674522953854977,true,0,-3.63207727782644e-18
4533,G+,0.9710809321383914,0.7941109330896574,true,0,-2.4123498337802474e-18
4534,G-,0.9710809321383914,0.6203904594444851,true,0,-1.734723475976807e-18
4535,G+,0.9710809321383914,0.6935713419849103,true,0,-6.532318089225164e-18
4536,G-,0.9710809321383914,0.6882910033026088,true,0,-4.391018798566293e-18
4537,G+,0.9710809321383914,0.6900979847320872,true,0,-4.2825985813177425e-18
4538,G-,0.9710809321383914,0.6905124567640235,true,0,-3.63207727782644e-18
4539,G+,0.9710809321383914,0.6855540916696788,true,0,-3.3610267347050637e-18
4540,G-,0.9710809321383914,0.6958564166450573,true,0,-5.041540102057596e-18
4541,G+,0.9710809321383914,0.6897417479199687,true,0,-3.4423418976414766e-18
4542,G-,0.9710809321383914,0.6910254138403477,true,0,-1.3552527156068805e-18
4543,G+,0.9710809321383914,0.6907579417943401,true,0,-3.469446951953614e-18
4544,G-,0.9710809321383914,0.6897925268171917,true,0,-5.312590645178972e-18
4545,G+,0.9710809321383914,0.6385808948222601,true,0,-3.0357660829594124e-18
4546,G-,0.9710809321383914,0.7557374578091475,true,0,-2.1412992906588713e-18
4547,G+,0.9710809321383914,0.6670676182164248,true,0,-4.30970363562988e-18
4548,G-,0.9710809321383914,0.7150187454291947,true,0,-2.168404344971009e-18
4549,G+,0.9710809321383914,0.6193110768111774,true,0,-1.0842021724855044e-18
4550,G-,0.9710809321383914,0.794724159760434,true,0,-4.960224939121183e-18
4551,G+,0.9710809321383914,0.6844629128654618,true,0,-2.6834003769016235e-18
4552,G-,0.9710809321383914,0.6969398887135034,true,0,-1.0028870095490916e-18
4553,G+,0.9710809321383914,0.6883672292830527,true,0,-4.662069341687669e-18
4554,G-,0.9710809321383914,0.6931036477122288,true,0,-4.607859233063394e-18
4555,G+,0.9710809321383914,0.6905681317649836,true,0,-3.848917712323541e-18
4556,G-,0.9710809321383914,0.6908211433040005,true,0,-5.800481622797449e-18
4557,G+,0.9710809321383914,0.688944026422367,true,0,-3.0086610286472748e-18
4558,G-,0.9710809321383914,0.6925658503685245,true,0,-3.333921680392926e-18
4559,F,0.9998554046125894,NaN,false,-300,NaN
4560,G+,0.9810809226431428,0.8971174621728171,true,0,-4.20128341838133e-18
4561,G-,0.9610809226431428,0.5844607647476765,true,0,-4.20128341838133e-18
4562,G+,0.9710809226431428,0.7596122654052357,true,0,-7.318364664277155e-18
4563,G-,0.9710809226431428,0.6366478669019724,true,0,-6.1257422745431e-18
4564,G+,0.9710809226431428,0.7159342981092784,true,0,-4.255493527005605e-18
4565,G-,0.9710809226431428,0.6674526641138063,true,0,-4.119968255444917e-18
4566,G+,0.9710809226431428,0.7941116488278808,true,0,-2.9815559743351372e-18
4567,G-,0.9710809226431428,0.6203907346795422,true,0,-4.689174395999807e-18
4568,G+,0.9710809226431428,0.6935717772109014,true,0,-3.821812658011403e-18
4569,G-,0.9710809226431428,0.6882914100375855,true,0,-3.957337929572091e-18
4570,G+,0.9710809226431428,0.6900984052313834,true,0,-4.526544070126981e-18
4571,G-,0.9710809226431428,0.69051287783884,true,0,-4.445228907190568e-18
4572,G+,0.9710809226431428,0.6855545136884138,true,0,-5.800481622797449e-18
4573,G-,0.9710809226431428,0.6958568351814051,true,0,-5.44811591673966e-18
4574,G+,0.9710809226431428,0.6897421681180058,true,0,-5.2583805365546965e-18
4575,G-,0.9710809226431428,0.6910258351073475,true,0,-5.908901840045999e-18
4576,G+,0.9710809226431428,0.6907583618089002,true,0,-4.228388472693467e-18
4577,G-,0.9710809226431428,0.6897929474686431,true,0,-5.149960319306146e-18
4578,G+,0.9710809226431428,0.6385812079972697,true,0,-2.7647155398380363e-18
4579,G-,0.9710809226431428,0.7557380463992684,true,0,-4.2825985813177425e-18
4580,G+,0.9710809226431428,0.6670679895076628,true,0,-5.9631119486702744e-18
4581,G-,0.9710809226431428,0.7150192254975952,true,0,-6.1257422745431e-18
4582,G+,0.9710809226431428,0.6193113481496937,true,0,-5.800481622797449e-18
4583,G-,0.9710809226431428,0.794724873420156,true,0,-5.9631119486702744e-18
4584,G+,0.9710809226431428,0.6844633201525953,true,0,-3.496552006265752e-18
4585,G-,0.9710809226431428,0.6969403230456038,true,0,-2.520770051028798e-18
4586,G+,0.9710809226431428,0.688367649810043,true,0,-6.69494841509799e-18
4587,G-,0.9710809226431428,0.6931040681012836,true,0,-5.2583805365546965e-18
4588,G+,0.9710809226431428,0.6905685522094733,true,0,-3.7947076036992655e-18
4589,G-,0.9710809226431428,0.6908215637891519,true,0,-5.177065373618284e-18
4590,G+,0.9710809226431428,0.6889444469832473,true,0,-3.876022766635678e-18
4591,G-,0.9710809226431428,0.6925662707258438,true,0,-2.520770051028798e-18
4592,G+,0.9810809283143831,0.8971173016732816,true,0,-2.3310346708438345e-18
4593,G-,0.9610809283143831,0.5844604953879383,true,0,-2.3310346708438345e-18
4594,G+,0.9710809283143831,0.7596119364260776,true,0,-2.7647155398380363e-18
4595,G-,0.9710809283143831,0.6366476931333924,true,0,-1.8973538018496328e-19
4596,G+,0.9710809283143831,0.7159340297200636,true,0,2.710505431213761e-19
4597,G-,0.9710809283143831,0.6674524595632276,true,0,-1.8973538018496328e-18
4598,G+,0.9710809283143831,0.7941112483032611,true,0,-2.2768245622195593e-18
4599,G-,0.9710809283143831,0.6203905829385121,true,0,-1.951563910473908e-18
4600,G+,0.9710809283143831,0.6935715350809871,true,0,-2.4665599424045226e-18
4601,G-,0.9710809283143831,0.6882911840351236,true,0,-6.1257422745431e-18
4602,G+,0.9710809283143831,0.6900981714552684,true,0,-2.168404344971009e-19
4603,G-,0.9710809283143831,0.6905126436889781,true,0,-2.6020852139652106e-18
4604,G+,0.9710809283143831,0.6855542789656209,true,0,-2.222614453595284e-18
4605,G-,0.9710809283143831,0.6958566025783927,true,0,-3.469446951953614e-18
4606,G+,0.9710809283143831,0.6897419345094717,true,0,-1.6263032587282567e-18
4607,G-,0.9710809283143831,0.6910256008619462,true,0,-3.2526065174565133e-18
4608,G+,0.9710809283143831,0.6907581283011817,true,0,-1.5720931501039814e-18
4609,G-,0.9710809283143831,0.6897927135866253,true,0,-1.328147661294743e-18
4610,G+,0.9710809283143831,0.6385810348217603,true,0,-1.463672932855431e-18
4611,G-,0.9710809283143831,0.7557377176662569,true,0,-1.6263032587282567e-18
4612,G+,0.9710809283143831,0.667067783506614,true,0,-1.8431436932253575e-18
4613,G-,0.9710809283143831,0.7150189580574751,true,0,-2.8189256484623115e-18
4614,G+,0.9710809283143831,0.6193111985987394,true,0,-9.75781955236954e-19
4615,G-,0.9710809283143831,0.7947244740640773,true,0,-2.4665599424045226e-18
4616,G+,0.9710809283143831,0.6844630938198817,true,0,-8.673617379884035e-19
4617,G-,0.9710809283143831,0.6969400814387023,true,0,3.2526065174565133e-19
4618,G+,0.9710809283143831,0.6883674160018047,true,0,-1.7618285302889447e-18
4619,G-,0.9710809283143831,0.6931038343673488,true,0,-3.3610267347050637e-18
4620,G+,0.9710809283143831,0.6905683184562171,true,0,-1.8431436932253575e-18
4621,G-,0.9710809283143831,0.6908213299915584,true,0,-1.328147661294743e-18
4622,G+,0.9710809283143831,0.6889442131552892,true,0,-2.0057740190981832e-18
4623,G-,0.9710809283143831,0.6925660370108376,true,0,-6.776263578034403e-19
4624,F,0.9884179892627145,0.8380573354578829,true,0,-4.174178364069192e-18
4625,G+,0.9984179892627145,3.4217037165066078,false,0,-4.174178364069192e-18
4626,G-,0.9784179892627145,0.48582546956446254,true,0,-4.174178364069192e-18
4627,G+,0.9884179892627145,0.8432600612884121,true,0,-3.415236843329339e-18
4628,G-,0.9884179892627145,0.8322917405071161,true,0,-2.1412992906588713e-18
4629,G+,0.9884179892627145,0.839980661993056,true,0,-2.439454888092385e-18
4630,G-,0.9884179892627145,0.8359109003256067,true,0,-5.637851296924623e-18
4631,G+,0.9884179892627145,0.8469286397615938,true,0,-3.3881317890172014e-18
4632,G-,0.9884179892627145,0.8310963518223159,true,0,-3.144186300207963e-18
4633,G+,0.9884179892627145,0.8348918917350894,true,0,-3.415236843329339e-18
4634,G-,0.9884179892627145,0.8418134856724035,true,0,-2.1412992906588713e-18
4635,G+,0.9884179892627145,0.8427782221450023,true,0,-2.1141942363467336e-18
4636,G-,0.9884179892627145,0.8393846444779355,true,0,-5.637851296924623e-18
4637,G+,0.9884179892627145,0.8290472549999164,true,0,-3.957337929572091e-18
4638,G-,0.9884179892627145,0.854152885634497,true,0,-5.44811591673966e-18
4639,G+,0.9884179892627145,0.8400003118464335,true,0,-4.228388472693467e-18
4640,G-,0.9884179892627145,0.8381811026336563,true,0,-7.589415207398531e-19
4641,G+,0.9884179892627145,0.8393579650761378,true,0,-2.3852447794681098e-18
4642,G-,0.9884179892627145,0.8362645345458343,true,0,-5.231275482242559e-18
4643,G+,0.9884179892627145,0.833060904573406,true,0,-2.846030702774449e-18
4644,G-,0.9884179892627145,0.843746871755928,true,0,-3.3610267347050637e-18
4645,G+,0.9884179892627145,0.8370445002608718,true,0,-4.391018798566293e-18
4646,G-,0.9884179892627145,0.8402005927623238,true,0,-9.75781955236954e-19
4647,G+,0.9884179892627145,0.8317016603935222,true,0,-5.4752209710517974e-18
4648,G-,0.9884179892627145,0.8449306764778836,true,0,-4.255493527005605e-18
4649,G+,0.9884179892627145,0.8373860806406502,true,0,-6.776263578034403e-18
4650,G-,0.9884179892627145,0.8380090458643452,true,0,-2.6291902682773483e-18
4651,G+,0.9884179892627145,0.8352511236048563,true,0,-3.0899761915836876e-18
4652,G-,0.9884179892627145,0.8406102351492184,true,0,-2.5478751053409354e-18
4653,G+,0.9884179892627145,0.8379084016260838,true,0,-2.4123498337802474e-18
4654,G-,0.9884179892627145,0.8381444828492979,true,0,-5.339695699491109e-18
4655,G+,0.9884179892627145,0.835714249443825,true,0,-5.908901840045999e-18
4656,G-,0.9884179892627145,0.8399972018303219,true,0,-2.846030702774449e-18
4657,G+,0.998417988487023,3.4216995249469937,false,0,-5.204170427930421e-18
4658,G-,0.978417988487023,0.4858253451699778,true,0,-5.204170427930421e-18
4659,G+,0.988417988487023,0.8432598387364288,true,0,-4.174178364069192e-18
4660,G-,0.988417988487023,0.8322915490443772,true,0,-6.044427111606687e-18
4661,G+,0.988417988487023,0.8399804469085196,true,0,-3.1712913545201005e-18
4662,G-,0.988417988487023,0.8359106989859851,true,0,-4.0115480381963664e-18
4663,G+,0.988417988487023,0.8469284128507493,true,0,-2.6020852139652106e-18
4664,G-,0.988417988487023,0.8310961628891584,true,0,-2.927345865710862e-18
4665,G+,0.988417988487023,0.8348916819558121,true,0,-5.719166459861036e-18
4666,G-,0.988417988487023,0.8418132788116018,true,0,-3.198396408832238e-18
4667,G+,0.988417988487023,0.8427780130255382,true,0,-3.06287113727155e-18
4668,G-,0.988417988487023,0.8393844343223895,true,0,-3.577867169202165e-18
4669,G+,0.988417988487023,0.8290470497904258,true,0,-3.686287386450715e-18
4670,G-,0.988417988487023,0.8541526709122922,true,0,-2.087089182034596e-18
4671,G+,0.988417988487023,0.8400001025406062,true,0,-3.903127820947816e-18
4672,G-,0.988417988487023,0.8381808952582692,true,0,-3.144186300207963e-18
4673,G+,0.988417988487023,0.8393577569708739,true,0,-4.797594613248357e-18
4674,G-,0.988417988487023,0.8362643268290857,true,0,-2.2768245622195593e-18
4675,G+,0.988417988487023,0.8330607124443474,true,0,-2.0057740190981832e-18
4676,G-,0.988417988487023,0.843746648286261,true,0,-1.8431436932253575e-18
4677,G+,0.988417988487023,0.8370442972697298,true,0,-4.336808689942018e-18
4678,G-,0.988417988487023,0.8402003800786979,true,0,-4.065758146820642e-18
4679,G+,0.988417988487023,0.8317014718049499,true,0,-3.144186300207963e-18
4680,G-,0.988417988487023,0.8449304489858683,true,0,-1.6534083130403943e-18
4681,G+,0.988417988487023,0.8373858740233735,true,0,-1.6534083130403943e-18
4682,G-,0.988417988487023,0.83800883664997,true,0,-2.0599841277224584e-18
4683,G+,0.988417988487023,0.835250915344326,true,0,-2.2497195079074217e-18
4684,G-,0.988417988487023,0.8406100269246793,true,0,-1.734723475976807e-18
4685,G+,0.988417988487023,0.8379081931410386,true,0,-4.797594613248357e-18
4686,G-,0.988417988487023,0.8381442748555312,true,0,-5.068645156369733e-18
4687,G+,0.988417988487023,0.8357140412428068,true,0,-1.6534083130403943e-18
4688,G-,0.988417988487023,0.8399969935717466,true,0,-2.0599841277224584e-18
4689,G+,0.9984179892375722,3.4217035449993873,false,0,-2.710505431213761e-18
4690,G-,0.9784179892375722,0.48582546917156383,true,0,-2.710505431213761e-18
4691,G+,0.9884179892375722,0.8432600579381642,true,0,-4.662069341687669e-18
4692,G-,0.9884179892375722,0.8322917358965856,true,0,-2.1412992906588713e-18
4693,G+,0.9884179892375722,0.8399806583313361,true,0,-6.69494841509799e-18
4694,G-,0.9884179892375722,0.8359108961299077,true,0,-5.637851296924623e-18
4695,G+,0.9884179892375722,0.8469286365864952,true,0,-4.851804721872632e-18
4696,G-,0.9884179892375722,0.831096347087433,true,0,-6.993104012531504e-18
4697,G+,0.9884179892375722,0.8348918878806639,true,0,-5.421010862427522e-19
4698,G-,0.9884179892375722,0.8418134816641085,true,0,-4.228388472693467e-18
4699,G+,0.9884179892375722,0.8427782181223543,true,0,-6.69494841509799e-18
4700,G-,0.9884179892375722,0.8393846405462385,true,0,-5.366800753803247e-18
4701,G+,0.9884179892375722,0.8290472511753018,true,0,-4.553649124439119e-18
4702,G-,0.9884179892375722,0.8541528815248827,true,0,-4.228388472693467e-18
4703,G+,0.9884179892375722,0.8400003078961221,true,0,-4.526544070126981e-18
4704,G-,0.9884179892375722,0.8381810986852605,true,0,-5.041540102057596e-18
4705,G+,0.9884179892375722,0.8393579611384588,true,0,-4.553649124439119e-18
4706,G-,0.9884179892375722,0.836264530624334,true,0,-6.7220534694101275e-18
4707,G+,0.9884179892375722,0.833060899978591,true,0,-4.960224939121183e-18
4708,G-,0.9884179892375722,0.8437468684538081,true,0,-7.101524229780054e-18
4709,G+,0.9884179892375722,0.8370444960505056,true,0,-4.4181238528784306e-18
4710,G-,0.9884179892375722,0.8402005890767346,true,0,-5.421010862427522e-18
4711,G+,0.9884179892375722,0.8317016556464778,true,0,-2.5478751053409354e-18
4712,G-,0.9884179892375722,0.8449306733820537,true,0,-4.038653092508504e-18
4713,G+,0.9884179892375722,0.8373860766453098,true,0,-4.391018798566293e-18
4714,G-,0.9884179892375722,0.8380090420224986,true,0,-3.713392440762853e-18
4715,G+,0.9884179892375722,0.8352511196794556,true,0,-1.1384122811097797e-18
4716,G-,0.9884179892375722,0.8406102312160524,true,0,-4.607859233063394e-18
4717,G+,0.9884179892375722,0.8379083976906784,true,0,-4.607859233063394e-18
4718,G-,0.9884179892375722,0.8381444789231354,true,0,-6.342582709040201e-18
4719,G+,0.9884179892375722,0.8357142455174573,true,0,-5.637851296924623e-18
4720,G-,0.9884179892375722,0.8399971978985507,true,0,-4.824699667560495e-18
4721,G+,0.9984179892545123,3.421703330577111,false,0,-3.198396408832238e-18
4722,G-,0.9784179892545123,0.4858254611824438,true,0,-3.198396408832238e-18
4723,G+,0.9884179892545123,0.8432600445997331,true,0,-2.168404344971009e-19
4724,G-,0.9884179892545123,0.8322917248638149,true,0,-1.7618285302889447e-18
4725,G+,0.9884179892545123,0.8399806455465056,true,0,-3.5236570605778894e-18
4726,G-,0.9884179892545123,0.8359108843646466,true,0,-1.5720931501039814e-18
4727,G+,0.9884179892545123,0.8469286229271475,true,0,-2.927345865710862e-18
4728,G-,0.9884179892545123,0.8310963362471058,true,0,-6.2341624917916505e-19
4729,G+,0.9884179892545123,0.8348918754872268,true,0,-1.1384122811097797e-18
4730,G-,0.9884179892545123,0.8418134694943664,true,0,-4.20128341838133e-18
4731,G+,0.9884179892545123,0.8427782058236781,true,0,-3.5236570605778894e-18
4732,G-,0.9884179892545123,0.8393846281401921,true,0,-1.5720931501039814e-18
4733,G+,0.9884179892545123,0.8290472390794802,true,0,-2.9815559743351372e-18
4734,G-,0.9884179892545123,0.854152868872145,true,0,-2.358139725155972e-18
4735,G+,0.9884179892545123,0.8400002955654171,true,0,8.131516293641283e-20
4736,G-,0.9884179892545123,0.8381810864603734,true,0,-5.963111948670274e-19
4737,G+,0.9884179892545123,0.8393579488771931,true,0,-2.4936649967166602e-18
4738,G-,0.9884179892545123,0.8362645183746316,true,0,-2.8731357570865868e-18
4739,G+,0.9884179892545123,0.8330608888966812,true,0,-3.144186300207963e-18
4740,G-,0.9884179892545123,0.8437468550466933,true,0,-9.75781955236954e-19
4741,G+,0.9884179892545123,0.8370444841695837,true,0,-3.144186300207963e-18
4742,G-,0.9884179892545123,0.8402005764628027,true,0,-7.047314121155779e-19
4743,G+,0.9884179892545123,0.8317016448222219,true,0,2.710505431213761e-19
4744,G-,0.9884179892545123,0.8449306596738887,true,0,-2.6834003769016235e-18
4745,G+,0.9884179892545123,0.8373860644863561,true,0,-2.168404344971009e-19
4746,G-,0.9884179892545123,0.8380090296637318,true,0,-4.391018798566293e-18
4747,G+,0.9884179892545123,0.8352511074000797,true,0,-1.734723475976807e-18
4748,G-,0.9884179892545123,0.8406102189410956,true,0,-3.713392440762853e-18
4749,G+,0.9884179892545123,0.8379083853973912,true,0,-2.168404344971009e-18
4750,G-,0.9884179892545123,0.8381444666628606,true,0,-2.6291902682773483e-18
4751,G+,0.9884179892545123,0.835714233242288,true,0,2.168404344971009e-19
4752,G-,0.9884179892545123,0.8399971856211292,true,0,-3.686287386450715e-18
4753,G+,0.9984179874555069,3.4216889992368698,false,0,-4.6349642873755315e-18
4754,G-,0.9784179874555069,0.48582524177119923,true,0,-4.6349642873755315e-18
4755,G+,0.9884179874555069,0.8432595363705049,true,0,-6.2341624917916505e-18
4756,G-,0.9884179874555069,0.8322912103745028,true,0,-6.5052130349130266e-18
4757,G+,0.9884179874555069,0.8399801353987344,true,0,-7.182839392716467e-18
4758,G-,0.9884179874555069,0.8359103725453818,true,0,-5.4752209710517974e-18
4759,G+,0.9884179874555069,0.8469281155251033,true,0,-5.8817967857338616e-18
4760,G-,0.9884179874555069,0.831095820266474,true,0,-5.827586677109586e-18
4761,G+,0.9884179874555069,0.8348913653055843,true,0,-4.662069341687669e-18
4762,G-,0.9884179874555069,0.8418129571177265,true,0,-7.453889935837843e-18
4763,G+,0.9884179874555069,0.8427776892771794,true,0,-6.8575787409708155e-18
4764,G-,0.9884179874555069,0.8393841138180981,true,0,-5.2583805365546965e-18
4765,G+,0.9884179874555069,0.829046737722734,true,0,-3.74049749507499e-18
4766,G-,0.9884179874555069,0.8541523392322425,true,0,-6.749158523722265e-18
4767,G+,0.9884179874555069,0.8399997819366671,true,0,-5.55653613398821e-18
4768,G-,0.9884179874555069,0.8381805758655351,true,0,-5.800481622797449e-18
4769,G+,0.9884179874555069,0.839357437709465,true,0,-4.2825985813177425e-18
4770,G-,0.9884179874555069,0.8362640084690391,true,0,-6.0173220572945496e-18
4771,G+,0.9884179874555069,0.8330603740116529,true,0,-5.44811591673966e-18
4772,G-,0.9884179874555069,0.843746347511505,true,0,-6.423897871976614e-18
4773,G+,0.9884179874555069,0.8370439688997998,true,0,-5.231275482242559e-18
4774,G-,0.9884179874555069,0.8402000692266491,true,0,-6.288372600415926e-18
4775,G+,0.9884179874555069,0.831701128766586,true,0,-7.15573433840433e-18
4776,G-,0.9884179874555069,0.8449301549609155,true,0,-4.797594613248357e-18
4777,G+,0.9884179874555069,0.83738555306733,true,0,-7.670730370334944e-18
4778,G-,0.9884179874555069,0.8380085209720451,true,0,-5.014435047745458e-18
4779,G+,0.9884179874555069,0.8352505964826522,true,0,-6.0173220572945496e-18
4780,G-,0.9884179874555069,0.8406097077357612,true,0,-7.779150587583494e-18
4781,G+,0.9884179874555069,0.8379078736505015,true,0,-4.391018798566293e-18
4782,G-,0.9884179874555069,0.8381439561591666,true,0,-5.5294310796760726e-18
4783,G+,0.9884179874555069,0.8357137223789912,true,0,-7.887570804832045e-18
4784,G-,0.9884179874555069,0.839996674423971,true,0,-4.065758146820642e-18
4785,F,0.9829659285513825,0.5502593425183527,true,0,-2.168404344971009e-18
4786,G+,0.9929659285513825,1.0395467511969114,false,0,-2.168404344971009e-18
4787,G-,0.9729659285513825,0.40774944691234766,true,0,-2.168404344971009e-18
4788,G+,0.9829659285513825,0.5711810333132181,true,0,-3.7947076036992655e-18
4789,G-,0.9829659285513825,0.5337629478555928,true,0,-1.3010426069826053e-18
4790,G+,0.9829659285513825,0.5561256234769998,true,0,-1.5178830414797062e-18
4791,G-,0.9829659285513825,0.5447458773018797,true,0,-2.8189256484623115e-18
4792,G+,0.9829659285513825,0.5792020351908407,true,0,-9.75781955236954e-19
4793,G-,0.9829659285513825,0.5279662650045966,true,0,-3.469446951953614e-18
4794,G+,0.9829659285513825,0.5493751811315671,true,0,-4.445228907190568e-18
4795,G-,0.9829659285513825,0.551085117138217,true,0,-2.3852447794681098e-18
4796,G+,0.9829659285513825,0.5520244961278212,true,0,-1.734723475976807e-18
4797,G-,0.9829659285513825,0.5498735602342829,true,0,-2.8189256484623115e-18
4798,G+,0.9829659285513825,0.5531317807314381,true,0,-3.469446951953614e-18
4799,G-,0.9829659285513825,0.5482103047257323,true,0,-1.3010426069826053e-18
4800,G+,0.9829659285513825,0.5504564066395916,true,0,-1.5178830414797062e-18
4801,G-,0.9829659285513825,0.5491291625809718,true,0,-1.0842021724855044e-18
4802,G+,0.9829659285513825,0.5511838939109681,true,0,-1.3010426069826053e-18
4803,G-,0.9829659285513825,0.548859973421446,true,0,-2.710505431213761e-18
4804,G+,0.9829659285513825,0.5326607498748895,true,0,-5.7462715141731735e-18
4805,G-,0.9829659285513825,0.5694015241362278,true,0,-3.2526065174565133e-18
4806,G+,0.9829659285513825,0.5417643893298023,true,0,-1.1926223897340549e-18
4807,G-,0.9829659285513825,0.5593134558838367,true,0,-9.75781955236954e-19
4808,G+,0.9829659285513825,0.5258240184378276,true,0,-2.168404344971009e-18
4809,G-,0.9829659285513825,0.5800575113425968,true,0,-2.2768245622195593e-18
4810,G+,0.9829659285513825,0.5480894364610205,true,0,4.336808689942018e-19
4811,G-,0.9829659285513825,0.5532428629711168,true,0,-1.951563910473908e-18
4812,G+,0.9829659285513825,0.5478866815670659,true,0,-4.0115480381963664e-18
4813,G-,0.9829659285513825,0.5526269026856953,true,0,-3.144186300207963e-18
4814,G+,0.9829659285513825,0.5493783554263201,true,0,-1.4094628242311558e-18
4815,G-,0.9829659285513825,0.551260198551932,true,0,-2.710505431213761e-18
4816,G+,0.9829659285513825,0.5484869601424676,true,0,-5.421010862427522e-19
4817,G-,0.9829659285513825,0.5520670463033395,true,0,-6.7220534694101275e-18
4818,G+,0.9929659283796864,1.039546289652518,false,0,-4.7704895589362195e-18
4819,G-,0.9729659283796864,0.40774906356490664,true,0,-4.7704895589362195e-18
4820,G+,0.9829659283796864,0.5711805886132084,true,0,-5.095750210681871e-18
4821,G-,0.9829659283796864,0.5337625928437959,true,0,-3.3610267347050637e-18
4822,G+,0.9829659283796864,0.5561252111961162,true,0,-4.336808689942018e-18
4823,G-,0.9829659283796864,0.5447454997136629,true,0,-4.0115480381963664e-18
4824,G+,0.9829659283796864,0.5792015651110937,true,0,-2.3852447794681098e-18
4825,G-,0.9829659283796864,0.5279659270069105,true,0,-6.5052130349130266e-18
4826,G+,0.9829659283796864,0.5493747812991886,true,0,-3.3610267347050637e-18
4827,G-,0.9829659283796864,0.5510847269817005,true,0,-3.577867169202165e-18
4828,G+,0.9829659283796864,0.5520241018860008,true,0,-4.336808689942018e-18
4829,G-,0.9829659283796864,0.5498731646848216,true,0,-3.7947076036992655e-18
4830,G+,0.9829659283796864,0.553131385199637,true,0,-5.421010862427522e-18
4831,G-,0.9829659283796864,0.5482099097700228,true,0,-2.168404344971009e-18
4832,G+,0.9829659283796864,0.5504560113208827,true,0,-5.204170427930421e-18
4833,G-,0.9829659283796864,0.5491287686985831,true,0,-2.6020852139652106e-18
4834,G+,0.9829659283796864,0.5511834988000288,true,0,-4.445228907190568e-18
4835,G-,0.9829659283796864,0.5488595787241806,true,0,-4.662069341687669e-18
4836,G+,0.9829659283796864,0.5326603966743528,true,0,-2.6020852139652106e-18
4837,G-,0.9829659283796864,0.5694010824832493,true,0,-3.577867169202165e-18
4838,G+,0.9829659283796864,0.541764012050645,true,0,-5.854691731421724e-18
4839,G-,0.9829659283796864,0.5593130423347622,true,0,-7.26415455565288e-18
4840,G+,0.9829659283796864,0.5258236834599485,true,0,-4.9873299934333204e-18
4841,G-,0.9829659283796864,0.5800570405492858,true,0,-3.7947076036992655e-18
4842,G+,0.9829659283796864,0.5480890447832817,true,0,-5.312590645178972e-18
4843,G-,0.9829659283796864,0.5532424629063456,true,0,-4.0115480381963664e-18
4844,G+,0.9829659283796864,0.5478862868022172,true,0,-5.637851296924623e-18
4845,G-,0.9829659283796864,0.5526265076529514,true,0,-5.9631119486702744e-18
4846,G+,0.9829659283796864,0.5493779605917748,true,0,-4.662069341687669e-18
4847,G-,0.9829659283796864,0.5512598036051245,true,0,-5.204170427930421e-18
4848,G+,0.9829659283796864,0.5484865653925466,true,0,-4.87890977618477e-18
4849,G-,0.9829659283796864,0.5520666512610948,true,0,-3.686287386450715e-18
4850,G+,0.9929659285207618,1.039546750411504,false,0,-2.710505431213761e-18
4851,G-,0.9729659285207618,0.40774944672823643,true,0,-2.710505431213761e-18
4852,G+,0.9829659285207618,0.5711810332186182,true,0,-5.312590645178972e-18
4853,G-,0.9829659285207618,0.5337629474838429,true,0,-3.3610267347050637e-18
4854,G+,0.9829659285207618,0.5561256232944545,true,0,-4.553649124439119e-18
4855,G-,0.9829659285207618,0.5447458769847588,true,0,-4.9873299934333204e-18
4856,G+,0.9829659285207618,0.5792020351765339,true,0,-5.7462715141731735e-18
4857,G-,0.9829659285207618,0.5279662645787689,true,0,-5.854691731421724e-18
4858,G+,0.9829659285207618,0.549375180912742,true,0,-6.179952383167375e-18
4859,G-,0.9829659285207618,0.5510851168627213,true,0,-4.119968255444917e-18
4860,G+,0.9829659285207618,0.5520244958713451,true,0,-4.9873299934333204e-18
4861,G-,0.9829659285207618,0.5498735599978242,true,0,-5.204170427930421e-18
4862,G+,0.9829659285207618,0.5531317804430939,true,0,-6.5052130349130266e-18
4863,G-,0.9829659285207618,0.5482103045195061,true,0,-4.87890977618477e-18
4864,G+,0.9829659285207618,0.5504564063896685,true,0,-4.87890977618477e-18
4865,G-,0.9829659285207618,0.5491291623354249,true,0,-2.8189256484623115e-18
4866,G+,0.9829659285207618,0.5511838936542365,true,0,-6.830473686658678e-18
4867,G-,0.9829659285207618,0.5488599731822211,true,0,-5.312590645178972e-18
4868,G+,0.9829659285207618,0.5326607494946198,true,0,-6.071532165918825e-18
4869,G-,0.9829659285207618,0.5694015240377766,true,0,-5.854691731421724e-18
4870,G+,0.9829659285207618,0.5417643890366133,true,0,-4.87890977618477e-18
4871,G-,0.9829659285207618,0.5593134556864198,true,0,-2.0599841277224584e-18
4872,G+,0.9829659285207618,0.525824017997374,true,0,-4.9873299934333204e-18
4873,G-,0.9829659285207618,0.5800575113387471,true,0,-8.239936510889834e-18
4874,G+,0.9829659285207618,0.548089436213886,true,0,-4.553649124439119e-18
4875,G-,0.9829659285207618,0.553242862731675,true,0,-6.071532165918825e-18
4876,G+,0.9829659285207618,0.5478866813328707,true,0,-7.37257477290143e-18
4877,G-,0.9829659285207618,0.5526269024240709,true,0,-6.5052130349130266e-18
4878,G+,0.9829659285207618,0.549378355190496,true,0,-7.48099499014998e-18
4879,G-,0.9829659285207618,0.5512601982959419,true,0,-5.9631119486702744e-18
4880,G+,0.9829659285207618,0.5484869599081077,true,0,-5.637851296924623e-18
4881,G-,0.9829659285207618,0.5520670460430224,true,0,-5.421010862427522e-18
4882,G+,0.9929659285520024,1.0395467493590786,false,0,-5.095750210681871e-18
4883,G-,0.9729659285520024,0.40774944358149473,true,0,-5.095750210681871e-18
4884,G+,0.9829659285520024,0.5711810299778609,true,0,-4.553649124439119e-18
4885,G-,0.9829659285520024,0.5337629450177653,true,0,-3.7947076036992655e-18
4886,G+,0.9829659285520024,0.5561256203331403,true,0,-2.3852447794681098e-18
4887,G-,0.9829659285520024,0.5447458743210993,true,0,-3.144186300207963e-18
4888,G+,0.9829659285520024,0.5792020317164753,true,0,-2.927345865710862e-18
4889,G-,0.9829659285520024,0.5279662622596211,true,0,-2.8189256484623115e-18
4890,G+,0.9829659285520024,0.5493751780575218,true,0,-5.5294310796760726e-18
4891,G-,0.9829659285520024,0.5510851140923018,true,0,-8.348356728138384e-18
4892,G+,0.9829659285520024,0.5520244930698265,true,0,-3.469446951953614e-18
4893,G-,0.9829659285520024,0.54987355718173,true,0,-3.686287386450715e-18
4894,G+,0.9829659285520024,0.5531317776135967,true,0,-1.951563910473908e-18
4895,G-,0.9829659285520024,0.5482103017210214,true,0,-4.662069341687669e-18
4896,G+,0.9829659285520024,0.5504564035723968,true,0,-3.686287386450715e-18
4897,G-,0.9829659285520024,0.5491291595305389,true,0,-3.3610267347050637e-18
4898,G+,0.9829659285520024,0.5511838908410802,true,0,-1.734723475976807e-18
4899,G-,0.9829659285520024,0.5488599703687139,true,0,-2.4936649967166602e-18
4900,G+,0.9829659285520024,0.5326607470441279,true,0,-3.144186300207963e-18
4901,G-,0.9829659285520024,0.5694015208200385,true,0,-3.577867169202165e-18
4902,G+,0.9829659285520024,0.5417643863775284,true,0,-4.7704895589362195e-18
4903,G-,0.9829659285520024,0.5593134527123638,true,0,-3.903127820947816e-18
4904,G+,0.9829659285520024,0.5258240157036038,true,0,-4.7704895589362195e-18
4905,G-,0.9829659285520024,0.5800575078709371,true,0,-3.3610267347050637e-18
4906,G+,0.9829659285520024,0.5480894334300009,true,0,-3.0357660829594124e-18
4907,G-,0.9829659285520024,0.5532428598755382,true,0,-3.7947076036992655e-18
4908,G+,0.9829659285520024,0.5478866785213762,true,0,-3.7947076036992655e-18
4909,G-,0.9829659285520024,0.5526268996113067,true,0,-4.553649124439119e-18
4910,G+,0.9829659285520024,0.5493783523797274,true,0,-1.734723475976807e-18
4911,G-,0.9829659285520024,0.5512601954831179,true,0,-2.6020852139652106e-18
4912,G+,0.9829659285520024,0.5484869570968406,true,0,-2.8189256484623115e-18
4913,G-,0.9829659285520024,0.5520670432301767,true,0,-4.228388472693467e-18
4914,G+,0.9929659260781418,1.0395461053089556,false,0,-2.4936649967166602e-18
4915,G-,0.9729659260781418,0.4077488243126422,true,0,-2.4936649967166602e-18
4916,G+,0.9829659260781418,0.571180355907201,true,0,-3.686287386450715e-18
4917,G-,0.9829659260781418,0.5337623725598928,true,0,-3.144186300207963e-18
4918,G+,0.9829659260781418,0.5561249847045924,true,0,-5.095750210681871e-18
4919,G-,0.9829659260781418,0.5447452739466476,true,0,-3.469446951953614e-18
4920,G+,0.9829659260781418,0.5792013291537187,true,0,-3.3610267347050637e-18
4921,G-,0.9829659260781418,0.5279657088611668,true,0,-2.2768245622195593e-18
4922,G+,0.9829659260781418,0.5493745567505256,true,0,-1.4094628242311558e-18
4923,G-,0.9829659260781418,0.5510844999975922,true,0,-1.8431436932253575e-18
4924,G+,0.9829659260781418,0.5520238755406346,true,0,-4.445228907190568e-18
4925,G-,0.9829659260781418,0.5498729402395204,true,0,-3.577867169202165e-18
4926,G+,0.9829659260781418,0.5531311523700848,true,0,-4.553649124439119e-18
4927,G-,0.9829659260781418,0.5482096908722859,true,0,-1.1926223897340549e-18
4928,G+,0.9829659260781418,0.5504557848552971,true,0,-3.2526065174565133e-18
4929,G-,0.9829659260781418,0.5491285437010324,true,0,-3.0357660829594124e-18
4930,G+,0.9829659260781418,0.5511832716315751,true,0,-4.445228907190568e-18
4931,G-,0.9829659260781418,0.5488593540547564,true,0,-1.4094628242311558e-18
4932,G+,0.9829659260781418,0.5326601762151673,true,0,-5.421010862427522e-19
4933,G-,0.9829659260781418,0.5694008507777316,true,0,-2.3852447794681098e-18
4934,G+,0.9829659260781418,0.5417637900426475,true,0,-3.577867169202165e-18
4935,G-,0.9829659260781418,0.5593128128385799,true,0,-3.3610267347050637e-18
4936,G+,0.9829659260781418,0.5258234649211323,true,0,-1.734723475976807e-18
4937,G-,0.9829659260781418,0.5800568055742077,true,0,-4.445228907190568e-18
4938,G+,0.9829659260781418,0.5480888209766817,true,0,-2.0599841277224584e-18
4939,G-,0.9829659260781418,0.5532422353241677,true,0,-1.6263032587282567e-18
4940,G+,0.9829659260781418,0.5478860629940567,true,0,-3.469446951953614e-18
4941,G-,0.9829659260781418,0.5526262798057298,true,0,-5.312590645178972e-18
4942,G+,0.9829659260781418,0.5493777365979109,true,0,-5.095750210681871e-18
4943,G-,0.9829659260781418,0.5512595765655163,true,0,-5.204170427930421e-18
4944,G+,0.9829659260781418,0.548486341576135,true,0,-2.168404344971009e-18
4945,G-,0.9829659260781418,0.5520664235965893,true,0,-2.6020852139652106e-18
4946,F,0.975810907988381,NaN,false,-300,NaN
4947,G+,0.9929659285207618,1.039546750411502,false,0,-2.710505431213761e-18
4948,G-,0.9729659285207618,0.4077494467282358,true,0,-2.710505431213761e-18
4949,G+,0.9829659285207618,0.5711810332186188,true,0,-5.312590645178972e-18
4950,G-,0.9829659285207618,0.5337629474838428,true,0,-3.3610267347050637e-18
4951,G+,0.9829659285207618,0.5561256232944553,true,0,-4.553649124439119e-18
4952,G-,0.9829659285207618,0.5447458769847593,true,0,-4.9873299934333204e-18
4953,G+,0.9829659285207618,0.5792020351765356,true,0,-5.7462715141731735e-18
4954,G-,0.9829659285207618,0.527966264578769,true,0,-5.854691731421724e-18
4955,G+,0.9829659285207618,0.5493751809127423,true,0,-6.179952383167375e-18
4956,G-,0.9829659285207618,0.5510851168627231,true,0,-4.119968255444917e-18
4957,G+,0.9829659285207618,0.5520244958713456,true,0,-4.9873299934333204e-18
4958,G-,0.9829659285207618,0.5498735599978244,true,0,-5.204170427930421e-18
4959,G+,0.9829659285207618,0.5531317804430935,true,0,-6.5052130349130266e-18
4960,G-,0.9829659285207618,0.5482103045195066,true,0,-4.87890977618477e-18
4961,G+,0.9829659285207618,0.5504564063896701,true,0,-4.87890977618477e-18
4962,G-,0.9829659285207618,0.5491291623354267,true,0,-2.8189256484623115e-18
4963,G+,0.9829659285207618,0.5511838936542375,true,0,-6.830473686658678e-18
4964,G-,0.9829659285207618,0.5488599731822204,true,0,-5.312590645178972e-18
4965,G+,0.9829659285207618,0.5326607494946192,true,0,-6.071532165918825e-18
4966,G-,0.9829659285207618,0.5694015240377769,true,0,-5.854691731421724e-18
4967,G+,0.9829659285207618,0.5417643890366146,true,0,-4.87890977618477e-18
4968,G-,0.9829659285207618,0.5593134556864191,true,0,-2.0599841277224584e-18
4969,G+,0.9829659285207618,0.5258240179973742,true,0,-4.9873299934333204e-18
4970,G-,0.9829659285207618,0.5800575113387457,true,0,-8.239936510889834e-18
4971,G+,0.9829659285207618,0.5480894362138854,true,0,-4.553649124439119e-18
4972,G-,0.9829659285207618,0.5532428627316743,true,0,-6.071532165918825e-18
4973,G+,0.9829659285207618,0.5478866813328704,true,0,-7.37257477290143e-18
4974,G-,0.9829659285207618,0.5526269024240715,true,0,-6.5052130349130266e-18
4975,G+,0.9829659285207618,0.5493783551904952,true,0,-7.48099499014998e-18
4976,G-,0.9829659285207618,0.5512601982959396,true,0,-5.9631119486702744e-18
4977,G+,0.9829659285207618,0.5484869599081077,true,0,-5.637851296924623e-18
4978,G-,0.9829659285207618,0.5520670460430199,true,0,-5.421010862427522e-18
4979,G+,0.9929659265512015,1.0395462427525803,false,0,-3.903127820947816e-18
4980,G-,0.9729659265512015,0.4077490525708466,true,0,-3.903127820947816e-18
4981,G+,0.9829659265512015,0.5711805829643245,true,0,-2.3852447794681098e-18
4982,G-,0.9829659265512015,0.5337625706453174,true,0,-3.0357660829594124e-18
4983,G+,0.9829659265512015,0.5561252002956713,true,0,-5.204170427930421e-18
4984,G-,0.9829659265512015,0.5447454807770641,true,0,-2.710505431213761e-18
4985,G+,0.9829659265512015,0.5792015642570718,true,0,-2.6020852139652106e-18
4986,G-,0.9829659265512015,0.527965901579296,true,0,-4.9873299934333204e-18
4987,G+,0.9829659265512015,0.5493747682322956,true,0,-4.662069341687669e-18
4988,G-,0.9829659265512015,0.5510847105308558,true,0,-2.2768245622195593e-18
4989,G+,0.9829659265512015,0.5520240865707614,true,0,-5.637851296924623e-18
4990,G-,0.9829659265512015,0.5498731505650231,true,0,-3.144186300207963e-18
4991,G+,0.9829659265512015,0.5531313679815704,true,0,-6.505213034913027e-19
4992,G-,0.9829659265512015,0.548209897455409,true,0,-1.951563910473908e-18
4993,G+,0.9829659265512015,0.5504559963970301,true,0,-4.119968255444917e-18
4994,G-,0.9829659265512015,0.5491287540360078,true,0,-1.4094628242311558e-18
4995,G+,0.9829659265512015,0.551183483469699,true,0,-4.228388472693467e-18
4996,G-,0.9829659265512015,0.5488595644390111,true,0,-3.7947076036992655e-18
4997,G+,0.9829659265512015,0.5326603739667418,true,0,-2.3852447794681098e-18
4998,G-,0.9829659265512015,0.5694010766041298,true,0,-3.577867169202165e-18
4999,G+,0.9829659265512015,0.541763994543322,true,0,-3.903127820947816e-18
5000,G-,0.9829659265512015,0.5593130305462636,true,0,-3.7947076036992655e-18
5001,G+,0.9829659265512015,0.5258236571586817,true,0,-2.927345865710862e-18
5002,G-,0.9829659265512015,0.5800570403192488,true,0,-3.3610267347050637e-18
5003,G+,0.9829659265512015,0.5480890300259669,true,0,-4.0115480381963664e-18
5004,G-,0.9829659265512015,0.553242448608348,true,0,-2.6020852139652106e-18
5005,G+,0.9829659265512015,0.5478862728175331,true,0,-3.903127820947816e-18
5006,G-,0.9829659265512015,0.5526264920304454,true,0,-1.5178830414797062e-18
5007,G+,0.9829659265512015,0.5493779465098144,true,0,-1.5178830414797062e-18
5008,G-,0.9829659265512015,0.5512597883188893,true,0,3.2526065174565133e-19
5009,G+,0.9829659265512015,0.5484865513981111,true,0,-4.228388472693467e-18
5010,G-,0.9829659265512015,0.5520666357164982,true,0,-2.2768245622195593e-18
5011,F,0.9771794571922189,NaN,false,-300,NaN
5012,G+,0.9929659284131725,1.039546379668038,false,0,-1.8431436932253575e-18
5013,G-,0.9729659284131725,0.407749138329584,true,0,-1.8431436932253575e-18
5014,G+,0.9829659284131725,0.5711806753435454,true,0,-6.505213034913027e-19
5015,G-,0.9829659284131725,0.5337626620821428,true,0,-2.0599841277224584e-18
5016,G+,0.9829659284131725,0.5561252916037169,true,0,2.168404344971009e-19
5017,G-,0.9829659284131725,0.5447455733551139,true,0,-2.3852447794681098e-18
5018,G+,0.9829659284131725,0.5792016567912678,true,0,6.505213034913027e-19
5019,G-,0.9829659284131725,0.5279659929269771,true,0,-1.0842021724855044e-18
5020,G+,0.9829659284131725,0.5493748592789436,true,0,-1.8431436932253575e-18
5021,G-,0.9829659284131725,0.5510848030743617,true,0,2.168404344971009e-19
5022,G+,0.9829659284131725,0.5520241787754222,true,0,2.168404344971009e-19
5023,G-,0.9829659284131725,0.5498732418292747,true,0,-2.8189256484623115e-18
5024,G+,0.9829659284131725,0.5531314623406447,true,0,-1.734723475976807e-18
5025,G-,0.9829659284131725,0.5482099867986745,true,0,-9.75781955236954e-19
5026,G+,0.9829659284131725,0.5504560884203304,true,0,1.0842021724855044e-19
5027,G-,0.9829659284131725,0.5491288455179039,true,0,5.421010862427522e-19
5028,G+,0.9829659284131725,0.5511835758589547,true,0,-1.8431436932253575e-18
5029,G-,0.9829659284131725,0.5488596557024271,true,0,-3.3610267347050637e-18
5030,G+,0.9829659284131725,0.5326604655594485,true,0,6.505213034913027e-19
5031,G-,0.9829659284131725,0.5694011686193222,true,0,-9.75781955236954e-19
5032,G+,0.9829659284131725,0.54176408563182,true,0,4.336808689942018e-19
5033,G-,0.9829659284131725,0.5593131229896966,true,0,9.75781955236954e-19
5034,G+,0.9829659284131725,0.5258237487910576,true,0,-3.2526065174565133e-19
5035,G-,0.9829659284131725,0.5800571323686241,true,0,-3.903127820947816e-18
5036,G+,0.9829659284131725,0.5480891211726271,true,0,-2.168404344971009e-19
5037,G-,0.9829659284131725,0.5532425409314223,true,0,-1.5178830414797062e-18
5038,G+,0.9829659284131725,0.5478863637936463,true,0,-2.3852447794681098e-18
5039,G-,0.9829659284131725,0.5526265846966263,true,0,-1.5178830414797062e-18
5040,G+,0.9829659284131725,0.5493780375967943,true,0,-1.6263032587282567e-18
5041,G-,0.9829659284131725,0.5512598806320417,true,0,-2.710505431213761e-18
5042,G+,0.9829659284131725,0.5484866423810631,true,0,-1.0842021724855044e-18
5043,G-,0.9829659284131725,0.552066728306625,true,0,-2.4936649967166602e-18
5044,G+,0.9929659285254225,1.0395467482433327,false,0,-3.903127820947816e-18
5045,G-,0.9729659285254225,0.4077494447960235,true,0,-3.903127820947816e-18
5046,G+,0.9829659285254225,0.5711810309654344,true,0,-3.686287386450715e-18
5047,G-,0.9829659285254225,0.5337629457427892,true,0,-5.204170427930421e-18
5048,G+,0.9829659285254225,0.5561256212240715,true,0,-2.927345865710862e-18
5049,G-,0.9829659285254225,0.5447458751174673,true,0,-3.3610267347050637e-18
5050,G+,0.9829659285254225,0.5792020327777776,true,0,-1.734723475976807e-18
5051,G-,0.9829659285254225,0.5279662629354921,true,0,-2.2768245622195593e-18
5052,G+,0.9829659285254225,0.5493751789126663,true,0,-4.9873299934333204e-18
5053,G-,0.9829659285254225,0.5510851149235726,true,0,-6.071532165918825e-18
5054,G+,0.9829659285254225,0.5520244939071803,true,0,-1.6263032587282567e-18
5055,G-,0.9829659285254225,0.5498735580237236,true,0,-3.0357660829594124e-18
5056,G+,0.9829659285254225,0.5531317784779111,true,0,-5.5294310796760726e-18
5057,G-,0.9829659285254225,0.5482103025430297,true,0,-5.5294310796760726e-18
5058,G+,0.9829659285254225,0.5504564044182928,true,0,-2.927345865710862e-18
5059,G-,0.9829659285254225,0.5491291603716304,true,0,-2.710505431213761e-18
5060,G+,0.9829659285254225,0.5511838916858453,true,0,-3.0357660829594124e-18
5061,G-,0.9829659285254225,0.5488599712125913,true,0,-3.577867169202165e-18
5062,G+,0.9829659285254225,0.5326607477650319,true,0,-2.3852447794681098e-18
5063,G-,0.9829659285254225,0.5694015218001409,true,0,-2.0599841277224584e-18
5064,G+,0.9829659285254225,0.54176438716672,true,0,-2.6020852139652106e-18
5065,G-,0.9829659285254225,0.5593134536120168,true,0,-2.710505431213761e-18
5066,G+,0.9829659285254225,0.5258240163730193,true,0,-3.469446951953614e-18
5067,G-,0.9829659285254225,0.5800575089333344,true,0,-3.469446951953614e-18
5068,G+,0.9829659285254225,0.5480894342612722,true,0,-2.2768245622195593e-18
5069,G-,0.9829659285254225,0.5532428607345559,true,0,-2.3852447794681098e-18
5070,G+,0.9829659285254225,0.5478866793616721,true,0,-3.903127820947816e-18
5071,G-,0.9829659285254225,0.5526269004572707,true,0,-4.445228907190568e-18
5072,G+,0.9829659285254225,0.5493783532194105,true,0,-2.8189256484623115e-18
5073,G-,0.9829659285254225,0.5512601963283474,true,0,-4.119968255444917e-18
5074,G+,0.9829659285254225,0.5484869579370443,true,0,-2.3852447794681098e-18
5075,G-,0.9829659285254225,0.5520670440758981,true,0,-2.8189256484623115e-18
5076,G+,0.9929659278532063,1.0395463159583116,false,0,-2.6020852139652106e-18
5077,G-,0.9729659278532062,0.40774909267980286,true,0,-2.6020852139652106e-18
5078,G+,0.9829659278532062,0.5711806247010555,true,0,-1.8431436932253575e-18
5079,G-,0.9829659278532062,0.5337626165082882,true,0,-1.951563910473908e-18
5080,G+,0.9829659278532062,0.556125243007375,true,0,-2.927345865710862e-18
5081,G-,0.9829659278532062,0.5447455262366472,true,0,-4.87890977618477e-18
5082,G+,0.9829659278532062,0.5792016047407552,true,0,-1.734723475976807e-18
5083,G-,0.9829659278532062,0.5279659482957422,true,0,-4.336808689942018e-18
5084,G+,0.9829659278532062,0.5493748114165504,true,0,-4.9873299934333204e-18
5085,G-,0.9829659278532062,0.5510847553037965,true,0,-0.0
5086,G+,0.9829659278532062,0.5520241308755023,true,0,-2.710505431213761e-18
5087,G-,0.9829659278532062,0.5498731941468215,true,0,-4.445228907190568e-18
5088,G+,0.9829659278532062,0.5531314137313841,true,0,-4.336808689942018e-18
5089,G-,0.9829659278532062,0.548209939717099,true,0,-2.3852447794681098e-18
5090,G+,0.9829659278532062,0.5504560405062437,true,0,-4.87890977618477e-18
5091,G-,0.9829659278532062,0.549128797861707,true,0,-2.0599841277224584e-18
5092,G+,0.9829659278532062,0.5511835278623813,true,0,-9.75781955236954e-19
5093,G-,0.9829659278532062,0.5488596080567051,true,0,-2.3852447794681098e-18
5094,G+,0.9829659278532062,0.5326604200491127,true,0,-1.1926223897340549e-18
5095,G-,0.9829659278532062,0.5694011182290959,true,0,-4.553649124439119e-18
5096,G+,0.9829659278532062,0.5417640389735,true,0,-4.445228907190568e-18
5097,G-,0.9829659278532062,0.5593130739858634,true,0,-1.4094628242311558e-18
5098,G+,0.9829659278532062,0.5258237042525005,true,0,-4.228388472693467e-18
5099,G-,0.9829659278532062,0.5800570804000265,true,0,-4.0115480381963664e-18
5100,G+,0.9829659278532062,0.5480890737233867,true,0,-3.144186300207963e-18
5101,G-,0.9829659278532062,0.5532424926880896,true,0,-1.5178830414797062e-18
5102,G+,0.9829659278532062,0.5478863162226258,true,0,-4.553649124439119e-18
5103,G-,0.9829659278532062,0.552626536628827,true,0,-1.6263032587282567e-18
5104,G+,0.9829659278532062,0.5493779899930809,true,0,-5.854691731421724e-18
5105,G-,0.9829659278532062,0.551259832668629,true,0,-2.710505431213761e-18
5106,G+,0.9829659278532062,0.5484865948094079,true,0,-4.87890977618477e-18
5107,G-,0.9829659278532062,0.5520666802600291,true,0,-1.0842021724855044e-18
5108,F,0.980946122746497,NaN,false,-300,NaN
5109,G+,0.9929659284822776,1.039546565432389,false,0,-4.662069341687669e-18
5110,G-,0.9729659284822776,0.4077492926208865,true,0,-4.662069341687669e-18
5111,G+,0.9829659284822776,0.5711808543282884,true,0,-8.131516293641283e-18
5112,G-,0.9829659284822776,0.5337628049687956,true,0,-6.5052130349130266e-18
5113,G+,0.9829659284822776,0.556125457540271,true,0,-7.589415207398531e-18
5114,G-,0.9829659284822776,0.54474572532842,true,0,-6.396792817664476e-18
5115,G+,0.9829659284822776,0.5792018459909517,true,0,-7.047314121155779e-18
5116,G-,0.9829659284822776,0.5279661289657183,true,0,-8.782037597132586e-18
5117,G+,0.9829659284822776,0.5493750202051721,true,0,-4.9873299934333204e-18
5118,G-,0.9829659284822776,0.5510849601062082,true,0,-6.396792817664476e-18
5119,G+,0.9829659284822776,0.55202433745154,true,0,-7.914675859144182e-18
5120,G-,0.9829659284822776,0.5498734010316964,true,0,-5.9631119486702744e-18
5121,G+,0.9829659284822776,0.5531316215359586,true,0,-5.637851296924623e-18
5122,G-,0.9829659284822776,0.5482101457621225,true,0,-7.047314121155779e-18
5123,G+,0.9829659284822776,0.550456247529879,true,0,-7.37257477290143e-18
5124,G-,0.9829659284822776,0.5491290040493553,true,0,-7.697835424647081e-18
5125,G+,0.9829659284822776,0.5511837348848807,true,0,-6.7220534694101275e-18
5126,G-,0.9829659284822776,0.5488598145618542,true,0,-1.0191500421363742e-17
5127,G+,0.9829659284822776,0.5326606077170978,true,0,-7.914675859144182e-18
5128,G-,0.9829659284822776,0.5694013463776847,true,0,-8.782037597132586e-18
5129,G+,0.9829659284822776,0.5417642374807334,true,0,-7.37257477290143e-18
5130,G-,0.9829659284822776,0.5593132894366818,true,0,-7.48099499014998e-18
5131,G+,0.9829659284822776,0.5258238836143748,true,0,-7.37257477290143e-18
5132,G-,0.9829659284822776,0.5800573218555124,true,0,-7.806255641895632e-18
5133,G+,0.9829659284822776,0.5480892788167411,true,0,-6.179952383167375e-18
5134,G-,0.9829659284822776,0.5532427019511857,true,0,-5.854691731421724e-18
5135,G+,0.9829659284822776,0.5478865226802752,true,0,-6.938893903907228e-18
5136,G-,0.9829659284822776,0.5526267436910778,true,0,-5.204170427930421e-18
5137,G+,0.9829659284822776,0.5493781965114746,true,0,-6.179952383167375e-18
5138,G-,0.9829659284822776,0.5512600395919057,true,0,-1.0191500421363742e-17
5139,G+,0.9829659284822776,0.5484868012616833,true,0,-5.637851296924623e-18
5140,G-,0.9829659284822776,0.552066887304899,true,0,-5.637851296924623e-18
5141,G+,0.9929659285350408,1.0395467437688786,false,0,-3.686287386450715e-18
5142,G-,0.9729659285350408,0.40774944080853,true,0,-3.686287386450715e-18
5143,G+,0.9829659285350408,0.5711810263155457,true,0,-1.3010426069826053e-18
5144,G-,0.9829659285350408,0.5337629421497793,true,0,5.421010862427522e-19
5145,G+,0.9829659285350408,0.556125616951438,true,0,-2.710505431213761e-18
5146,G-,0.9829659285350408,0.544745871263952,true,0,-2.2768245622195593e-18
5147,G+,0.9829659285350408,0.5792020278274678,true,0,-1.5178830414797062e-18
5148,G-,0.9829659285350408,0.5279662595442629,true,0,2.6020852139652106e-18
5149,G+,0.9829659285350408,0.5493751747851219,true,0,-0.0
5150,G-,0.9829659285350408,0.5510851109217629,true,0,5.421010862427522e-19
5151,G+,0.9829659285350408,0.5520244898537484,true,0,-2.168404344971009e-18
5152,G-,0.9829659285350408,0.5498735539497829,true,0,-2.6020852139652106e-18
5153,G+,0.9829659285350408,0.5531317744223746,true,0,-5.421010862427522e-19
5154,G-,0.9829659285350408,0.5482102984641914,true,0,-2.4936649967166602e-18
5155,G+,0.9829659285350408,0.5504564003499802,true,0,-9.75781955236954e-19
5156,G-,0.9829659285350408,0.5491291563189592,true,0,-1.3010426069826053e-18
5157,G+,0.9829659285350408,0.5511838876236874,true,0,-1.734723475976807e-18
5158,G-,0.9829659285350408,0.5488599671478794,true,0,-1.734723475976807e-18
5159,G+,0.9829659285350408,0.532660744195698,true,0,-1.8431436932253575e-18
5160,G-,0.9829659285350408,0.5694015171823413,true,0,2.168404344971009e-18
5161,G+,0.9829659285350408,0.5417643833078336,true,0,-7.589415207398531e-19
5162,G-,0.9829659285350408,0.5593134493310862,true,0,-9.75781955236954e-19
5163,G+,0.9829659285350408,0.5258240130208494,true,0,-2.6020852139652106e-18
5164,G-,0.9829659285350408,0.5800575039692974,true,0,-4.336808689942018e-18
5165,G+,0.9829659285350408,0.5480894302316779,true,0,-2.168404344971009e-19
5166,G-,0.9829659285350408,0.5532428566131125,true,0,-1.4094628242311558e-18
5167,G+,0.9829659285350408,0.5478866752937241,true,0,-1.8431436932253575e-18
5168,G-,0.9829659285350408,0.5526268963983955,true,0,-8.673617379884035e-19
5169,G+,0.9829659285350408,0.5493783491516948,true,0,-1.1926223897340549e-18
5170,G-,0.9829659285350408,0.5512601922678391,true,0,-2.168404344971009e-18
5171,G+,0.9829659285350408,0.5484869538693701,true,0,1.0842021724855044e-19
5172,G-,0.9829659285350408,0.5520670400163586,true,0,-1.6263032587282567e-18
5173,G+,0.9929659283672307,1.0395465131384916,false,0,-7.047314121155779e-18
5174,G-,0.9729659283672307,0.4077492496495371,true,0,-7.047314121155779e-18
5175,G+,0.9829659283672307,0.5711808050641216,true,0,-7.047314121155779e-18
5176,G-,0.9829659283672307,0.5337627647994359,true,0,-5.421010862427522e-18
5177,G+,0.9829659283672307,0.5561254115998123,true,0,-6.5052130349130266e-18
5178,G-,0.9829659283672307,0.5447456828209415,true,0,-6.830473686658678e-18
5179,G+,0.9829659283672307,0.5792017941522593,true,0,-7.047314121155779e-18
5180,G-,0.9829659283672307,0.527966090524559,true,0,-4.662069341687669e-18
5181,G+,0.9829659283672307,0.5493749755257071,true,0,-6.288372600415926e-18
5182,G-,0.9829659283672307,0.551084916341889,true,0,-6.830473686658678e-18
5183,G+,0.9829659283672307,0.5520242932815811,true,0,-6.288372600415926e-18
5184,G-,0.9829659283672307,0.5498733567883323,true,0,-6.613633252161577e-18
5185,G+,0.9829659283672307,0.553131577119678,true,0,-7.15573433840433e-18
5186,G-,0.9829659283672307,0.5482101016803812,true,0,-4.9873299934333204e-18
5187,G+,0.9829659283672307,0.5504562032505291,true,0,-4.336808689942018e-18
5188,G-,0.9829659283672307,0.5491289599643043,true,0,-5.421010862427522e-18
5189,G+,0.9829659283672307,0.5511836906219467,true,0,-8.348356728138384e-18
5190,G-,0.9829659283672307,0.5488597703954539,true,0,-7.589415207398531e-18
5191,G+,0.9829659283672307,0.5326605677351254,true,0,-6.830473686658678e-18
5192,G-,0.9829659283672307,0.569401297421776,true,0,-5.421010862427522e-18
5193,G+,0.9829659283672307,0.5417641950856189,true,0,-4.336808689942018e-18
5194,G-,0.9829659283672307,0.5593132433048255,true,0,-5.637851296924623e-18
5195,G+,0.9829659283672307,0.5258238454784542,true,0,-6.396792817664476e-18
5196,G-,0.9829659283672307,0.5800572699469076,true,0,-8.131516293641283e-18
5197,G+,0.9829659283672307,0.5480892349616812,true,0,-6.7220534694101275e-18
5198,G-,0.9829659283672307,0.5532426571903426,true,0,-6.071532165918825e-18
5199,G+,0.9829659283672307,0.5478864785154591,true,0,-6.179952383167375e-18
5200,G-,0.9829659283672307,0.552626699428011,true,0,-6.830473686658678e-18
5201,G+,0.9829659283672307,0.5493781523376386,true,0,-8.131516293641283e-18
5202,G-,0.9829659283672307,0.5512599953514006,true,0,-7.48099499014998e-18
5203,G+,0.9829659283672307,0.5484867570986074,true,0,-5.7462715141731735e-18
5204,G-,0.9829659283672307,0.5520668430440807,true,0,-7.697835424647081e-18
5205,F,0.9824331822874702,0.5006289526969845,true,0,-5.421010862427522e-18
5206,G+,0.9924331822874702,0.9572630391625303,true,0,-5.421010862427522e-18
5207,G-,0.9724331822874702,0.3618385333844203,true,0,-5.421010862427522e-18
5208,G+,0.9824331822874702,0.4834014139908743,true,0,-5.7462715141731735e-18
5209,G-,0.9824331822874702,0.5208893231157768,true,0,-7.26415455565288e-18
5210,G+,0.9824331822874702,0.4928699407843264,true,0,-5.637851296924623e-18
5211,G-,0.9824331822874702,0.5089322529497571,true,0,-3.7947076036992655e-18
5212,G+,0.9824331822874702,0.48473429494734765,true,0,-4.7704895589362195e-18
5213,G-,0.9824331822874702,0.5180553516303609,true,0,-4.662069341687669e-18
5214,G+,0.9824331822874702,0.49646758688072684,true,0,-5.637851296924623e-18
5215,G-,0.9824331822874702,0.5058131746735599,true,0,-7.48099499014998e-18
5216,G+,0.9824331822874702,0.500124982460934,true,0,-5.637851296924623e-18
5217,G-,0.9824331822874702,0.4981208427592265,true,0,-3.7947076036992655e-18
5218,G+,0.9824331822874702,0.5035478465394765,true,0,-5.637851296924623e-18
5219,G-,0.9824331822874702,0.4963619857662484,true,0,-2.2768245622195593e-18
5220,G+,0.9824331822874702,0.5012017573759752,true,0,-8.023096076392733e-18
5221,G-,0.9824331822874702,0.5023890302570432,true,0,-7.047314121155779e-18
5222,G+,0.9824331822874702,0.5019958662146725,true,0,-6.613633252161577e-18
5223,G-,0.9824331822874702,0.49963553836445845,true,0,-6.938893903907228e-18
5224,G+,0.9824331822874702,0.5214175671757206,true,0,-4.445228907190568e-18
5225,G-,0.9824331822874702,0.48552269491852473,true,0,-4.662069341687669e-18
5226,G+,0.9824331822874702,0.5053070005716817,true,0,-7.697835424647081e-18
5227,G-,0.9824331822874702,0.49631408026061746,true,0,-6.613633252161577e-18
5228,G+,0.9824331822874702,0.5208729938721297,true,0,-4.228388472693467e-18
5229,G-,0.9824331822874702,0.4853307574399821,true,0,-4.553649124439119e-18
5230,G+,0.9824331822874702,0.5009256851427591,true,0,-6.938893903907228e-18
5231,G-,0.9824331822874702,0.49996083586560947,true,0,-7.047314121155779e-18
5232,G+,0.9824331822874702,0.49838452583009885,true,0,-5.5294310796760726e-18
5233,G-,0.9824331822874702,0.5028750328380618,true,0,-4.228388472693467e-18
5234,G+,0.9824331822874702,0.4997013771234692,true,0,-6.071532165918825e-18
5235,G-,0.9824331822874702,0.5015381888368203,true,0,-7.047314121155779e-18
5236,G+,0.9824331822874702,0.4989040096862359,true,0,-6.071532165918825e-18
5237,G-,0.9824331822874702,0.5022940450547958,true,0,-4.119968255444917e-18
5238,G+,0.9924331822038783,0.9572628932471632,true,0,-4.9873299934333204e-18
5239,G-,0.9724331822038783,0.36183841069003303,true,0,-4.9873299934333204e-18
5240,G+,0.9824331822038783,0.4834013016473662,true,0,-3.686287386450715e-18
5241,G-,0.9824331822038783,0.5208891800676241,true,0,-2.927345865710862e-18
5242,G+,0.9824331822038783,0.49286981919826306,true,0,-4.0115480381963664e-18
5243,G-,0.9824331822038783,0.5089321208876179,true,0,-2.927345865710862e-18
5244,G+,0.9824331822038783,0.48473418066144924,true,0,-5.204170427930421e-18
5245,G-,0.9824331822038783,0.5180552114244054,true,0,-5.312590645178972e-18
5246,G+,0.9824331822038783,0.4964674616588911,true,0,6.505213034913027e-19
5247,G-,0.9824331822038783,0.5058130465045876,true,0,-3.2526065174565133e-18
5248,G+,0.9824331822038783,0.5001248559058638,true,0,-3.7947076036992655e-18
5249,G-,0.9824331822038783,0.4981207162474187,true,0,-3.144186300207963e-18
5250,G+,0.9824331822038783,0.5035477194884153,true,0,-4.553649124439119e-18
5251,G-,0.9824331822038783,0.49636185937654526,true,0,-3.903127820947816e-18
5252,G+,0.9824331822038783,0.5012016307216716,true,0,-5.095750210681871e-18
5253,G-,0.9824331822038783,0.5023889036232917,true,0,-3.0357660829594124e-18
5254,G+,0.9824331822038783,0.501995739316652,true,0,-1.8431436932253575e-18
5255,G-,0.9824331822038783,0.4996354119047744,true,0,-5.421010862427522e-18
5256,G+,0.9824331822038783,0.5214174229707128,true,0,-5.312590645178972e-18
5257,G-,0.9824331822038783,0.4855225804130458,true,0,-5.5294310796760726e-18
5258,G+,0.9824331822038783,0.5053068689387338,true,0,-4.87890977618477e-18
5259,G-,0.9824331822038783,0.49631395829429636,true,0,-3.469446951953614e-18
5260,G+,0.9824331822038783,0.5208728509604357,true,0,-3.3610267347050637e-18
5261,G-,0.9824331822038783,0.48533064235781115,true,0,-2.4936649967166602e-18
5262,G+,0.9824331822038783,0.5009255572469855,true,0,-1.8431436932253575e-18
5263,G-,0.9824331822038783,0.49996071032311945,true,0,-2.6020852139652106e-18
5264,G+,0.9824331822038783,0.4983843992863902,true,0,-2.168404344971009e-18
5265,G-,0.9824331822038783,0.5028749060555996,true,0,-5.9631119486702744e-18
5266,G+,0.9824331822038783,0.49970125054248754,true,0,-2.0599841277224584e-18
5267,G-,0.9824331822038783,0.5015380621023232,true,0,-5.312590645178972e-18
5268,G+,0.9824331822038783,0.4989038831490491,true,0,-2.3852447794681098e-18
5269,G-,0.9824331822038783,0.5022939182594912,true,0,-3.686287386450715e-18
5270,G+,0.9924331822731726,0.9572630333250615,true,0,-1.951563910473908e-18
5271,G-,0.9724331822731725,0.361838527809909,true,0,-1.951563910473908e-18
5272,G+,0.9824331822731726,0.48340140896994727,true,0,-2.3852447794681098e-18
5273,G-,0.9824331822731726,0.5208893168435431,true,0,-2.168404344971009e-18
5274,G+,0.9824331822731726,0.49286993539526786,true,0,-3.7947076036992655e-18
5275,G-,0.9824331822731726,0.508932247117602,true,0,-2.4936649967166602e-18
5276,G+,0.9824331822731726,0.4847342898490208,true,0,-5.095750210681871e-18
5277,G-,0.9824331822731726,0.518055345472717,true,0,-5.5294310796760726e-18
5278,G+,0.9824331822731726,0.49646758134159413,true,0,-3.577867169202165e-18
5279,G-,0.9824331822731726,0.5058131690016952,true,0,-1.1926223897340549e-18
5280,G+,0.9824331822731726,0.5001249768510457,true,0,-3.3610267347050637e-18
5281,G-,0.9824331822731726,0.4981208371641126,true,0,-2.168404344971009e-18
5282,G+,0.9824331822731726,0.503547840893506,true,0,-1.6263032587282567e-18
5283,G-,0.9824331822731726,0.4963619801925128,true,0,-2.6020852139652106e-18
5284,G+,0.9824331822731726,0.5012017517692897,true,0,-3.469446951953614e-18
5285,G-,0.9824331822731726,0.5023890246583045,true,0,-4.445228907190568e-18
5286,G+,0.9824331822731726,0.5019958605981099,true,0,-1.8431436932253575e-18
5287,G-,0.9824331822731726,0.4996355327720173,true,0,-4.228388472693467e-18
5288,G+,0.9824331822731726,0.5214175608609609,true,0,-4.7704895589362195e-18
5289,G-,0.9824331822731726,0.48552268980793495,true,0,-4.87890977618477e-18
5290,G+,0.9824331822731726,0.5053069947695796,true,0,-0.0
5291,G-,0.9824331822731726,0.4963140748450998,true,0,-4.0115480381963664e-18
5292,G+,0.9824331822731726,0.5208729875996722,true,0,-2.0599841277224584e-18
5293,G-,0.9824331822731726,0.48533075231430967,true,0,-3.7947076036992655e-18
5294,G+,0.9824331822731726,0.500925679492925,true,0,-3.3610267347050637e-18
5295,G-,0.9824331822731726,0.4999608303041176,true,0,-3.903127820947816e-18
5296,G+,0.9824331822731726,0.49838452023700086,true,0,-1.734723475976807e-18
5297,G-,0.9824331822731726,0.502875027223669,true,0,-2.168404344971009e-18
5298,G+,0.9824331822731726,0.4997013715271608,true,0,-2.168404344971009e-18
5299,G-,0.9824331822731726,0.5015381832262633,true,0,-4.0115480381963664e-18
5300,G+,0.9824331822731726,0.4989040040929426,true,0,-1.5178830414797062e-18
5301,G-,0.9824331822731726,0.5022940394400731,true,0,-2.8189256484623115e-18
5302,G+,0.9924331820936931,0.9572628482606893,true,0,-5.204170427930421e-18
5303,G-,0.9724331820936931,0.3618383677300834,true,0,-5.204170427930421e-18
5304,G+,0.9824331820936931,0.48340126295361396,true,0,-4.119968255444917e-18
5305,G-,0.9824331820936931,0.5208891317306577,true,0,-5.312590645178972e-18
5306,G+,0.9824331820936931,0.4928697776674887,true,0,-2.927345865710862e-18
5307,G-,0.9824331820936931,0.5089320759421315,true,0,-4.336808689942018e-18
5308,G+,0.9824331820936931,0.4847341413712165,true,0,-4.9873299934333204e-18
5309,G-,0.9824331820936931,0.5180551639705603,true,0,-3.686287386450715e-18
5310,G+,0.9824331820936931,0.49646741897158014,true,0,-4.9873299934333204e-18
5311,G-,0.9824331820936931,0.5058130027943718,true,0,-6.179952383167375e-18
5312,G+,0.9824331820936931,0.5001248126732657,true,0,-2.927345865710862e-18
5313,G-,0.9824331820936931,0.498120673128678,true,0,-4.228388472693467e-18
5314,G+,0.9824331820936931,0.5035476759777677,true,0,-4.0115480381963664e-18
5315,G-,0.9824331820936931,0.49636181642256766,true,0,-5.095750210681871e-18
5316,G+,0.9824331820936931,0.5012015875137571,true,0,-4.0115480381963664e-18
5317,G-,0.9824331820936931,0.5023888604766243,true,0,-5.095750210681871e-18
5318,G+,0.9824331820936931,0.5019956960326214,true,0,-5.421010862427522e-18
5319,G-,0.9824331820936931,0.4996353688066413,true,0,-4.336808689942018e-18
5320,G+,0.9824331820936931,0.5214173743060314,true,0,-5.095750210681871e-18
5321,G-,0.9824331820936931,0.4855225410282938,true,0,-4.336808689942018e-18
5322,G+,0.9824331820936931,0.505306824224838,true,0,-3.7947076036992655e-18
5323,G-,0.9824331820936931,0.496313916559627,true,0,-5.421010862427522e-18
5324,G+,0.9824331820936931,0.5208728026217416,true,0,-2.4936649967166602e-18
5325,G-,0.9824331820936931,0.4853306028568327,true,0,-3.3610267347050637e-18
5326,G+,0.9824331820936931,0.5009255137065493,true,0,-4.87890977618477e-18
5327,G-,0.9824331820936931,0.49996066746349604,true,0,-3.686287386450715e-18
5328,G+,0.9824331820936931,0.49838435618320015,true,0,-3.7947076036992655e-18
5329,G-,0.9824331820936931,0.5028748627882935,true,0,-6.396792817664476e-18
5330,G+,0.9824331820936931,0.4997012074145464,true,0,-1.3010426069826053e-18
5331,G-,0.9824331820936931,0.5015380188645785,true,0,-4.445228907190568e-18
5332,G+,0.9824331820936931,0.4989038400443424,true,0,-4.553649124439119e-18
5333,G-,0.9824331820936931,0.5022938749896511,true,0,-3.469446951953614e-18
5334,F,0.9818759970937758,0.47886068492410977,true,0,-1.734723475976807e-18
5335,G+,0.9918759970937758,0.8899632290487808,true,0,-1.734723475976807e-18
5336,G-,0.9718759970937758,0.34758390923747545,true,0,-1.734723475976807e-18
5337,G+,0.9818759970937758,0.5005527503517255,true,0,-4.662069341687669e-18
5338,G-,0.9818759970937758,0.4606215368300595,true,0,-3.577867169202165e-18
5339,G+,0.9818759970937758,0.48508128989069765,true,0,-9.75781955236954e-19
5340,G-,0.9818759970937758,0.47422130387609884,true,0,-1.3010426069826053e-18
5341,G+,0.9818759970937758,0.5029051728198131,true,0,-1.5178830414797062e-18
5342,G-,0.9818759970937758,0.4600906432140896,true,0,-4.228388472693467e-18
5343,G+,0.9818759970937758,0.4784448375682895,true,0,1.1926223897340549e-18
5344,G-,0.9818759970937758,0.47961815951837594,true,0,7.589415207398531e-19
5345,G+,0.9818759970937758,0.4780927355367323,true,0,-7.589415207398531e-19
5346,G-,0.9818759970937758,0.47794151982307426,true,0,-1.5178830414797062e-18
5347,G+,0.9818759970937758,0.48194396945855006,true,0,-4.7704895589362195e-18
5348,G-,0.9818759970937758,0.473647816619627,true,0,-1.1926223897340549e-18
5349,G+,0.9818759970937758,0.47770172610484446,true,0,-2.710505431213761e-18
5350,G-,0.9818759970937758,0.47954625470304746,true,0,-1.5178830414797062e-18
5351,G+,0.9818759970937758,0.4789375718016998,true,0,-2.710505431213761e-18
5352,G-,0.9818759970937758,0.4786797295947921,true,0,-3.903127820947816e-18
5353,G+,0.9818759970937758,0.46244455775886545,true,0,-4.445228907190568e-18
5354,G-,0.9818759970937758,0.4969006525583692,true,0,-3.903127820947816e-18
5355,G+,0.9818759970937758,0.4707281899303379,true,0,-3.2526065174565133e-18
5356,G-,0.9818759970937758,0.48690861321137274,true,0,-1.8431436932253575e-18
5357,G+,0.9818759970937758,0.4538709643592479,true,0,-3.2526065174565133e-18
5358,G-,0.9818759970937758,0.505528834905167,true,0,-3.469446951953614e-18
5359,G+,0.9818759970937758,0.4762667414595701,true,0,-2.2768245622195593e-18
5360,G-,0.9818759970937758,0.4791307582806468,true,0,-3.0357660829594124e-18
5361,G+,0.9818759970937758,0.47694073641474866,true,0,-8.673617379884035e-19
5362,G-,0.9818759970937758,0.480948704743015,true,0,-1.0842021724855044e-18
5363,G+,0.9818759970937758,0.47813883179505184,true,0,-3.3610267347050637e-18
5364,G-,0.9818759970937758,0.4796189617794358,true,0,-3.7947076036992655e-18
5365,G+,0.9818759970937758,0.47763632889629987,true,0,-2.168404344971009e-18
5366,G-,0.9818759970937758,0.48027920216730785,true,0,-3.686287386450715e-18
5367,G+,0.991875997023775,0.8899630714064014,true,0,-4.9873299934333204e-18
5368,G-,0.971875997023775,0.3475837665724413,true,0,-4.9873299934333204e-18
5369,G+,0.981875997023775,0.5005525845943739,true,0,-3.2526065174565133e-18
5370,G-,0.981875997023775,0.460621408152651,true,0,-3.577867169202165e-18
5371,G+,0.981875997023775,0.4850811373783542,true,0,-5.854691731421724e-18
5372,G-,0.981875997023775,0.4742211638255643,true,0,-3.144186300207963e-18
5373,G+,0.981875997023775,0.5029050034482943,true,0,-2.8189256484623115e-18
5374,G-,0.981875997023775,0.4600905162265637,true,0,-5.204170427930421e-18
5375,G+,0.981875997023775,0.4784446903796281,true,0,-9.75781955236954e-19
5376,G-,0.981875997023775,0.4796180156766938,true,0,-5.204170427930421e-18
5377,G+,0.981875997023775,0.478092590054791,true,0,-5.7462715141731735e-18
5378,G-,0.981875997023775,0.47794137427334893,true,0,-2.6020852139652106e-18
5379,G+,0.981875997023775,0.48194382353019055,true,0,-3.577867169202165e-18
5380,G-,0.981875997023775,0.4736476710686505,true,0,-3.7947076036992655e-18
5381,G+,0.981875997023775,0.4777015805774171,true,0,-2.4936649967166602e-18
5382,G-,0.981875997023775,0.4795461092382792,true,0,-3.903127820947816e-18
5383,G+,0.981875997023775,0.4789374263161934,true,0,-2.710505431213761e-18
5384,G-,0.981875997023775,0.47867958397833826,true,0,-1.6263032587282567e-18
5385,G+,0.981875997023775,0.4624444273211503,true,0,-1.8431436932253575e-18
5386,G-,0.981875997023775,0.49690049044910534,true,0,-4.662069341687669e-18
5387,G+,0.981875997023775,0.4707280508558362,true,0,-2.710505431213761e-18
5388,G-,0.981875997023775,0.48690846119757203,true,0,-3.903127820947816e-18
5389,G+,0.981875997023775,0.4538708406747736,true,0,-3.903127820947816e-18
5390,G-,0.981875997023775,0.5055286636254983,true,0,-2.8189256484623115e-18
5391,G+,0.981875997023775,0.47626659794023646,true,0,-6.396792817664476e-18
5392,G-,0.981875997023775,0.47913061130339785,true,0,-2.6020852139652106e-18
5393,G+,0.981875997023775,0.47694059103610437,true,0,-2.4936649967166602e-18
5394,G-,0.981875997023775,0.4809485592651272,true,0,-5.204170427930421e-18
5395,G+,0.981875997023775,0.47813868638350104,true,0,-2.6020852139652106e-18
5396,G-,0.981875997023775,0.4796188163471446,true,0,-1.734723475976807e-18
5397,G+,0.981875997023775,0.4776361835188105,true,0,-5.7462715141731735e-18
5398,G-,0.981875997023775,0.4802790566876826,true,0,-6.288372600415926e-18
5399,G+,0.9918759970840739,0.8899632245130746,true,0,-4.87890977618477e-18
5400,G-,0.9718759970840739,0.3475839038154287,true,0,-4.87890977618477e-18
5401,G+,0.9818759970840739,0.5005527443881913,true,0,-2.168404344971009e-19
5402,G-,0.9818759970840739,0.46062153217066243,true,0,-5.7462715141731735e-18
5403,G+,0.9818759970840739,0.4850812844030539,true,0,-1.951563910473908e-18
5404,G-,0.9818759970840739,0.47422129881105507,true,0,-6.396792817664476e-18
5405,G+,0.9818759970840739,0.5029051667246663,true,0,-4.662069341687669e-18
5406,G-,0.9818759970840739,0.46009063861329086,true,0,-4.228388472693467e-18
5407,G+,0.9818759970840739,0.4784448322625328,true,0,-3.686287386450715e-18
5408,G-,0.9818759970840739,0.47961815432091465,true,0,-6.505213034913027e-19
5409,G+,0.9818759970840739,0.47809273027878435,true,0,-1.8431436932253575e-18
5410,G-,0.9818759970840739,0.4779415145745226,true,0,-5.421010862427522e-18
5411,G+,0.9818759970840739,0.481943964173062,true,0,-5.637851296924623e-18
5412,G-,0.9818759970840739,0.47364781138031253,true,0,-5.5294310796760726e-18
5413,G+,0.9818759970840739,0.47770172084030943,true,0,-2.927345865710862e-18
5414,G-,0.9818759970840739,0.4795462494622056,true,0,-4.553649124439119e-18
5415,G+,0.9818759970840739,0.4789375665452776,true,0,-4.9873299934333204e-18
5416,G-,0.9818759970840739,0.478679724344501,true,0,-3.2526065174565133e-18
5417,G+,0.9818759970840739,0.4624445530376021,true,0,-5.312590645178972e-18
5418,G-,0.9818759970840739,0.4969006467220279,true,0,-5.095750210681871e-18
5419,G+,0.9818759970840739,0.470728184910528,true,0,-2.8189256484623115e-18
5420,G-,0.9818759970840739,0.48690860772573197,true,0,-4.336808689942018e-18
5421,G+,0.9818759970840739,0.45387095988287784,true,0,-4.662069341687669e-18
5422,G-,0.9818759970840739,0.5055288287432662,true,0,-3.686287386450715e-18
5423,G+,0.9818759970840739,0.47626673628103466,true,0,-3.3610267347050637e-18
5424,G-,0.9818759970840739,0.47913075297984237,true,0,-1.6263032587282567e-18
5425,G+,0.9818759970840739,0.4769407311725189,true,0,-2.3852447794681098e-18
5426,G-,0.9818759970840739,0.4809486994882785,true,0,-2.3852447794681098e-18
5427,G+,0.9818759970840739,0.4781388265506054,true,0,-5.204170427930421e-18
5428,G-,0.9818759970840739,0.47961895652740116,true,0,-3.577867169202165e-18
5429,G+,0.9818759970840739,0.47763632365324477,true,0,-2.927345865710862e-18
5430,G-,0.9818759970840739,0.4802791969133445,true,0,-1.3010426069826053e-18
5431,G+,0.9918759969464307,0.8899630352474797,true,0,-3.903127820947816e-18
5432,G-,0.9718759969464307,0.3475837233475765,true,0,-3.903127820947816e-18
5433,G+,0.9818759969464307,0.5005525370527433,true,0,-2.3852447794681098e-18
5434,G-,0.9818759969464307,0.46062137100767775,true,0,-3.144186300207963e-18
5435,G+,0.9818759969464307,0.4850810936305421,true,0,-1.0842021724855044e-18
5436,G-,0.9818759969464307,0.47422112344675654,true,0,-4.445228907190568e-18
5437,G+,0.9818759969464307,0.5029049548574518,true,0,-3.3610267347050637e-18
5438,G-,0.9818759969464307,0.46009047954875154,true,0,-2.3852447794681098e-18
5439,G+,0.9818759969464307,0.4784446480818307,true,0,-3.903127820947816e-18
5440,G-,0.9818759969464307,0.47961797424222496,true,0,-1.4094628242311558e-18
5441,G+,0.9818759969464307,0.4780925481381318,true,0,-1.1926223897340549e-18
5442,G-,0.9818759969464307,0.47794133243160714,true,0,-4.119968255444917e-18
5443,G+,0.9818759969464307,0.48194378139399024,true,0,-0.0
5444,G-,0.9818759969464307,0.4736476293005414,true,0,-3.3610267347050637e-18
5445,G+,0.9818759969464307,0.4777015386082423,true,0,-3.144186300207963e-18
5446,G-,0.9818759969464307,0.4795460674580024,true,0,-1.951563910473908e-18
5447,G+,0.9818759969464307,0.47893738441169786,true,0,-4.228388472693467e-18
5448,G-,0.9818759969464307,0.4786795421227359,true,0,-8.673617379884035e-19
5449,G+,0.9818759969464307,0.46244438968297635,true,0,-3.686287386450715e-18
5450,G-,0.9818759969464307,0.4969004439214576,true,0,-1.1926223897340549e-18
5451,G+,0.9818759969464307,0.4707280108376392,true,0,-3.0357660829594124e-18
5452,G-,0.9818759969464307,0.48690841746573793,true,0,-2.2768245622195593e-18
5453,G+,0.9818759969464307,0.4538708049889104,true,0,-1.5178830414797062e-18
5454,G-,0.9818759969464307,0.5055286145024648,true,0,-2.2768245622195593e-18
5455,G+,0.9818759969464307,0.47626655665666057,true,0,-5.5294310796760726e-18
5456,G-,0.9818759969464307,0.47913056904508733,true,0,-9.75781955236954e-19
5457,G+,0.9818759969464307,0.4769405492447484,true,0,-3.2526065174565133e-18
5458,G-,0.9818759969464307,0.4809485173740746,true,0,-9.75781955236954e-19
5459,G+,0.9818759969464307,0.4781386445744785,true,0,-3.903127820947816e-18
5460,G-,0.9818759969464307,0.4796187744776349,true,0,-6.505213034913027e-19
5461,G+,0.9818759969464307,0.4776361417208767,true,0,-5.312590645178972e-18
5462,G-,0.9818759969464307,0.480279014802796,true,0,-1.0842021724855044e-18
5463,F,0.9814479084436663,0.43628003073589927,true,0,-8.51098705401121e-18
5464,G+,0.9914479084436663,0.832109112692415,true,0,-8.51098705401121e-18
5465,G-,0.9714479084436662,0.30573075766305646,true,0,-8.51098705401121e-18
5466,G+,0.9814479084436663,0.4188272982082302,true,0,-4.228388472693467e-18
5467,G-,0.9814479084436663,0.45573096394253226,true,0,-5.692061405548898e-18
5468,G+,0.9814479084436663,0.42919382738269984,true,0,-7.697835424647081e-18
5469,G-,0.9814479084436663,0.4436041097502493,true,0,-7.209944447028604e-18
5470,G+,0.9814479084436663,0.42142121434343055,true,0,-5.421010862427522e-18
5471,G-,0.9814479084436663,0.4532238416968292,true,0,-8.890457814381136e-18
5472,G+,0.9814479084436663,0.4317281870295327,true,0,-5.800481622797449e-18
5473,G-,0.9814479084436663,0.4408900553778489,true,0,-5.9631119486702744e-18
5474,G+,0.9814479084436663,0.4365680772611301,true,0,-6.884683795282953e-18
5475,G-,0.9814479084436663,0.4352056137635473,true,0,-6.667843360785852e-18
5476,G+,0.9814479084436663,0.43843569641365554,true,0,-6.884683795282953e-18
5477,G-,0.9814479084436663,0.43226678663334483,true,0,-5.366800753803247e-18
5478,G+,0.9814479084436663,0.4367066081179172,true,0,-6.342582709040201e-18
5479,G-,0.9814479084436663,0.4359685044372166,true,0,-5.637851296924623e-18
5480,G+,0.9814479084436663,0.4349141498903201,true,0,-3.848917712323541e-18
5481,G-,0.9814479084436663,0.4367147637446344,true,0,-5.854691731421724e-18
5482,G+,0.9814479084436663,0.45775585468591373,true,0,-5.7462715141731735e-18
5483,G-,0.9814479084436663,0.42160415150269376,true,0,-8.294146619514109e-18
5484,G+,0.9814479084436663,0.4414430355171731,true,0,-6.451002926288751e-18
5485,G-,0.9814479084436663,0.4316492493045396,true,0,-5.366800753803247e-18
5486,G+,0.9814479084436663,0.45593378833157494,true,0,-8.185726402265558e-18
5487,G-,0.9814479084436663,0.42337568416986654,true,0,-6.776263578034403e-18
5488,G+,0.9814479084436663,0.43735797948334715,true,0,-6.830473686658678e-18
5489,G-,0.9814479084436663,0.4359326622734337,true,0,-3.74049749507499e-18
5490,G+,0.9814479084436663,0.43425816342558277,true,0,-6.5052130349130266e-18
5491,G-,0.9814479084436663,0.43821892023713854,true,0,-7.914675859144182e-18
5492,G+,0.9814479084436663,0.43567649124732655,true,0,-3.903127820947816e-18
5493,G-,0.9814479084436663,0.43700489356996725,true,0,-6.071532165918825e-18
5494,G+,0.9814479084436663,0.43501913397028513,true,0,-5.312590645178972e-18
5495,G-,0.9814479084436663,0.43743935235796777,true,0,-6.396792817664476e-18
5496,G+,0.991447908360351,0.8321089764140887,true,0,-4.933119884809045e-18
5497,G-,0.971447908360351,0.3057306424834838,true,0,-4.933119884809045e-18
5498,G+,0.981447908360351,0.4188271932236177,true,0,-1.1384122811097797e-18
5499,G-,0.981447908360351,0.45573082988640706,true,0,-6.451002926288751e-18
5500,G+,0.981447908360351,0.4291937135175351,true,0,-4.0115480381963664e-18
5501,G-,0.981447908360351,0.4436039861740119,true,0,-6.776263578034403e-18
5502,G+,0.981447908360351,0.4214211074835972,true,0,-5.312590645178972e-18
5503,G-,0.981447908360351,0.4532237098909982,true,0,-6.1257422745431e-18
5504,G+,0.981447908360351,0.4317280695736357,true,0,-6.342582709040201e-18
5505,G-,0.981447908360351,0.44088993550500194,true,0,-3.144186300207963e-18
5506,G+,0.981447908360351,0.4365679584812666,true,0,-3.74049749507499e-18
5507,G-,0.981447908360351,0.4352054951782442,true,0,-6.451002926288751e-18
5508,G+,0.981447908360351,0.43843557749606016,true,0,-6.667843360785852e-18
5509,G-,0.981447908360351,0.4322666686364551,true,0,-6.776263578034403e-18
5510,G+,0.981447908360351,0.43670648938664797,true,0,-5.7462715141731735e-18
5511,G-,0.981447908360351,0.43596838574236907,true,0,-5.041540102057596e-18
5512,G+,0.981447908360351,0.43491403161318476,true,0,-5.041540102057596e-18
5513,G-,0.981447908360351,0.4367146451223847,true,0,-4.607859233063394e-18
5514,G+,0.981447908360351,0.4577557185963316,true,0,-5.583641188300348e-18
5515,G-,0.981447908360351,0.421604044365978,true,0,-7.047314121155779e-18
5516,G+,0.981447908360351,0.4414429119234023,true,0,-6.1257422745431e-18
5517,G-,0.981447908360351,0.43164913520347126,true,0,-4.445228907190568e-18
5518,G+,0.981447908360351,0.45593365451928675,true,0,-4.445228907190568e-18
5519,G-,0.981447908360351,0.42337557530672576,true,0,-7.26415455565288e-18
5520,G+,0.981447908360351,0.43735785945661554,true,0,-3.848917712323541e-18
5521,G-,0.981447908360351,0.43593254466415976,true,0,-4.662069341687669e-18
5522,G+,0.981447908360351,0.43425804481518,true,0,-7.643625316022806e-18
5523,G-,0.981447908360351,0.4382188014711048,true,0,-7.589415207398531e-18
5524,G+,0.981447908360351,0.4356763726020869,true,0,-5.041540102057596e-18
5525,G-,0.981447908360351,0.4370047748409543,true,0,-4.553649124439119e-18
5526,G+,0.981447908360351,0.43501901538059157,true,0,-3.903127820947816e-18
5527,G-,0.981447908360351,0.4374392335845606,true,0,-5.908901840045999e-18
5528,G+,0.9914479084359225,0.8321091076891975,true,0,-1.5720931501039814e-18
5529,G-,0.9714479084359224,0.30573075267141586,true,0,-1.5720931501039814e-18
5530,G+,0.9814479084359224,0.4188272938058428,true,0,-8.673617379884035e-19
5531,G-,0.9814479084359224,0.45573095836035443,true,0,-1.951563910473908e-18
5532,G+,0.9814479084359224,0.42919382262565253,true,0,-5.421010862427522e-20
5533,G-,0.9814479084359224,0.4436041045880191,true,0,5.421010862427522e-20
5534,G+,0.9814479084359224,0.4214212098642197,true,0,-1.0299920638612292e-18
5535,G-,0.9814479084359224,0.4532238362063819,true,0,-2.439454888092385e-18
5536,G+,0.9814479084359224,0.4317281821250876,true,0,-1.8431436932253575e-18
5537,G-,0.9814479084359224,0.44089005036595824,true,0,-1.7889335846010823e-18
5538,G+,0.9814479084359224,0.43656807229266137,true,0,-2.710505431213761e-19
5539,G-,0.9814479084359224,0.43520560881235265,true,0,-1.6263032587282567e-19
5540,G+,0.9814479084359224,0.43843569142935057,true,0,-2.0057740190981832e-18
5541,G-,0.9814479084359224,0.43226678171261185,true,0,-1.6263032587282567e-18
5542,G+,0.9814479084359224,0.43670660315633963,true,0,-4.87890977618477e-19
5543,G-,0.9814479084359224,0.4359684994803509,true,0,-2.0057740190981832e-18
5544,G+,0.9814479084359224,0.43491414493695496,true,0,-1.3010426069826053e-18
5545,G-,0.9814479084359224,0.4367147587953099,true,0,-2.1141942363467336e-18
5546,G+,0.9814479084359224,0.45775584901887234,true,0,-7.047314121155779e-19
5547,G-,0.9814479084359224,0.4216041470141299,true,0,-2.4936649967166602e-18
5548,G+,0.9814479084359224,0.4414430303629672,true,0,-2.8189256484623115e-18
5549,G-,0.9814479084359224,0.4316492445279276,true,0,-1.2468324983583301e-18
5550,G+,0.9814479084359224,0.45593378275859414,true,0,-1.1926223897340549e-18
5551,G-,0.9814479084359224,0.42337567960867384,true,0,-1.8431436932253575e-18
5552,G+,0.9814479084359224,0.43735797447274083,true,0,5.963111948670274e-19
5553,G-,0.9814479084359224,0.4359326573559124,true,0,-1.1926223897340549e-18
5554,G+,0.9814479084359224,0.4342581584739583,true,0,-9.75781955236954e-19
5555,G-,0.9814479084359224,0.43821891527136586,true,0,-1.1926223897340549e-18
5556,G+,0.9814479084359224,0.43567648629408895,true,0,-1.4094628242311558e-18
5557,G-,0.9814479084359224,0.4370048886063112,true,0,-1.7889335846010823e-18
5558,G+,0.9814479084359224,0.43501912902004053,true,0,7.589415207398531e-19
5559,G-,0.9814479084359224,0.43743934739111473,true,0,-9.215718466126788e-19
5560,G+,0.9914479082908708,0.8321089315233092,true,0,-3.7947076036992655e-18
5561,G-,0.9714479082908708,0.30573059769659133,true,0,-3.7947076036992655e-18
5562,G+,0.9814479082908708,0.41882715372372753,true,0,-6.993104012531504e-18
5563,G-,0.9814479082908708,0.4557307798010016,true,0,-6.0173220572945496e-18
5564,G+,0.9814479082908708,0.42919367083549237,true,0,-3.469446951953614e-18
5565,G-,0.9814479082908708,0.44360393985653085,true,0,-3.469446951953614e-18
5566,G+,0.9814479082908708,0.4214210672944023,true,0,-9.215718466126788e-19
5567,G-,0.9814479082908708,0.4532236606286091,true,0,-1.7889335846010823e-18
5568,G+,0.9814479082908708,0.43172802556909334,true,0,-1.5178830414797062e-18
5569,G-,0.9814479082908708,0.4408898905364252,true,0,-5.041540102057596e-18
5570,G+,0.9814479082908708,0.4365679139022826,true,0,-2.8189256484623115e-18
5571,G-,0.9814479082908708,0.43520545075424755,true,0,-3.903127820947816e-18
5572,G+,0.9814479082908708,0.4384355327749865,true,0,-3.686287386450715e-18
5573,G-,0.9814479082908708,0.43226662448578607,true,0,-1.4094628242311558e-18
5574,G+,0.9814479082908708,0.4367064448694922,true,0,-4.7704895589362195e-18
5575,G-,0.9814479082908708,0.43596834126750394,true,0,-2.656295322589486e-18
5576,G+,0.9814479082908708,0.4349139871697194,true,0,-4.7704895589362195e-18
5577,G-,0.9814479082908708,0.43671460071516877,true,0,-3.686287386450715e-18
5578,G+,0.9814479082908708,0.45775566774948356,true,0,-4.7704895589362195e-18
5579,G-,0.9814479082908708,0.4216040040928991,true,0,-1.734723475976807e-18
5580,G+,0.9814479082908708,0.4414428656779089,true,0,-4.2825985813177425e-18
5581,G-,0.9814479082908708,0.4316490923458865,true,0,-2.927345865710862e-18
5582,G+,0.9814479082908708,0.4559336045164061,true,0,-3.848917712323541e-18
5583,G-,0.9814479082908708,0.4233755343819652,true,0,-4.9873299934333204e-18
5584,G+,0.9814479082908708,0.4373578144995504,true,0,-4.7704895589362195e-18
5585,G-,0.9814479082908708,0.43593250054230137,true,0,-4.391018798566293e-18
5586,G+,0.9814479082908708,0.43425800038733214,true,0,-1.3552527156068805e-18
5587,G-,0.9814479082908708,0.4382187569163112,true,0,-4.824699667560495e-18
5588,G+,0.9814479082908708,0.4356763281597573,true,0,-4.87890977618477e-18
5589,G-,0.9814479082908708,0.43700473030515014,true,0,-3.415236843329339e-18
5590,G+,0.9814479082908708,0.43501897096511977,true,0,-5.204170427930421e-18
5591,G-,0.9814479082908708,0.4374391890200737,true,0,-5.2583805365546965e-18
5592,F,0.9810061136339179,0.42999719991605606,true,0,4.336808689942018e-19
5593,G+,0.9910061136339179,0.7988643724820149,true,0,4.336808689942018e-19
5594,G-,0.9710061136339179,0.3040572253405499,true,0,4.336808689942018e-19
5595,G+,0.9810061136339179,0.45113057681366436,true,0,9.215718466126788e-19
5596,G-,0.9810061136339179,0.4110463080966227,true,0,-1.3010426069826053e-18
5597,G+,0.9810061136339179,0.4367568297264413,true,0,-1.463672932855431e-18
5598,G-,0.9810061136339179,0.4237239711373594,true,0,-2.5478751053409354e-18
5599,G+,0.9810061136339179,0.45151717182347134,true,0,-1.6263032587282567e-18
5600,G-,0.9810061136339179,0.41056151967481613,true,0,6.505213034913027e-19
5601,G+,0.9810061136339179,0.4295533217122262,true,0,-4.174178364069192e-18
5602,G-,0.9810061136339179,0.4298225528201372,true,0,-2.222614453595284e-18
5603,G+,0.9810061136339179,0.42978530319354363,true,0,-1.1926223897340549e-18
5604,G-,0.9810061136339179,0.4286901857040473,true,0,-2.0057740190981832e-18
5605,G+,0.9810061136339179,0.42927529335848946,true,0,-2.8731357570865868e-18
5606,G-,0.9810061136339179,0.4276059046716446,true,0,9.75781955236954e-19
5607,G+,0.9810061136339179,0.42918309049368164,true,0,1.0842021724855044e-19
5608,G-,0.9810061136339179,0.4292186322995212,true,0,-2.0599841277224584e-18
5609,G+,0.9810061136339179,0.4297029507195683,true,0,-3.2526065174565133e-19
5610,G-,0.9810061136339179,0.43015271209588707,true,0,-3.7947076036992655e-19
5611,G+,0.9810061136339179,0.4125923054523769,true,0,-2.1141942363467336e-18
5612,G-,0.9810061136339179,0.44786658022706033,true,0,2.710505431213761e-19
5613,G+,0.9810061136339179,0.4223189308669297,true,0,2.168404344971009e-19
5614,G-,0.9810061136339179,0.4378713215923149,true,0,-2.0599841277224584e-18
5615,G+,0.9810061136339179,0.40695304279158606,true,0,1.6805133673525319e-18
5616,G-,0.9810061136339179,0.45610389593100625,true,0,-2.168404344971009e-19
5617,G+,0.9810061136339179,0.4276983375956071,true,0,1.0842021724855044e-19
5618,G-,0.9810061136339179,0.4318350319455736,true,0,5.421010862427522e-20
5619,G+,0.9810061136339179,0.42840235636540175,true,0,-1.8973538018496328e-18
5620,G-,0.9810061136339179,0.43166822142123795,true,0,6.505213034913027e-19
5621,G+,0.9810061136339179,0.42938957378588394,true,0,-2.168404344971009e-19
5622,G-,0.9810061136339179,0.4305408537005483,true,0,-5.963111948670274e-19
5623,G+,0.9810061136339179,0.4288861874122162,true,0,-7.589415207398531e-19
5624,G-,0.9810061136339179,0.43117458714570334,true,0,5.421010862427522e-20
5625,G+,0.9910061136339179,0.7988643724820155,true,0,4.336808689942018e-19
5626,G-,0.9710061136339179,0.30405722534054913,true,0,4.336808689942018e-19
5627,G+,0.9810061136339179,0.45113057681366414,true,0,9.215718466126788e-19
5628,G-,0.9810061136339179,0.41104630809662246,true,0,-1.3010426069826053e-18
5629,G+,0.9810061136339179,0.43675682972643937,true,0,-1.463672932855431e-18
5630,G-,0.9810061136339179,0.42372397113735855,true,0,-2.5478751053409354e-18
5631,G+,0.9810061136339179,0.45151717182347156,true,0,-1.6263032587282567e-18
5632,G-,0.9810061136339179,0.4105615196748161,true,0,6.505213034913027e-19
5633,G+,0.9810061136339179,0.42955332171222566,true,0,-4.174178364069192e-18
5634,G-,0.9810061136339179,0.42982255282013576,true,0,-2.222614453595284e-18
5635,G+,0.9810061136339179,0.42978530319354374,true,0,-1.1926223897340549e-18
5636,G-,0.9810061136339179,0.4286901857040476,true,0,-2.0057740190981832e-18
5637,G+,0.9810061136339179,0.42927529335849096,true,0,-2.8731357570865868e-18
5638,G-,0.9810061136339179,0.4276059046716452,true,0,9.75781955236954e-19
5639,G+,0.9810061136339179,0.42918309049368053,true,0,1.0842021724855044e-19
5640,G-,0.9810061136339179,0.4292186322995223,true,0,-2.0599841277224584e-18
5641,G+,0.9810061136339179,0.42970295071956777,true,0,-3.2526065174565133e-19
5642,G-,0.9810061136339179,0.4301527120958873,true,0,-3.7947076036992655e-19
5643,G+,0.9810061136339179,0.4125923054523769,true,0,-2.1141942363467336e-18
5644,G-,0.9810061136339179,0.44786658022705994,true,0,2.710505431213761e-19
5645,G+,0.9810061136339179,0.4223189308669306,true,0,2.168404344971009e-19
5646,G-,0.9810061136339179,0.4378713215923166,true,0,-2.0599841277224584e-18
5647,G+,0.9810061136339179,0.40695304279158523,true,0,1.6805133673525319e-18
5648,G-,0.9810061136339179,0.4561038959310076,true,0,-2.168404344971009e-19
5649,G+,0.9810061136339179,0.42769833759560805,true,0,1.0842021724855044e-19
5650,G-,0.9810061136339179,0.4318350319455742,true,0,5.421010862427522e-20
5651,G+,0.9810061136339179,0.42840235636540136,true,0,-1.8973538018496328e-18
5652,G-,0.9810061136339179,0.4316682214212384,true,0,6.505213034913027e-19
5653,G+,0.9810061136339179,0.4293895737858848,true,0,-2.168404344971009e-19
5654,G-,0.9810061136339179,0.4305408537005482,true,0,-5.963111948670274e-19
5655,G+,0.9810061136339179,0.42888618741221624,true,0,-7.589415207398531e-19
5656,G-,0.9810061136339179,0.4311745871457043,true,0,5.421010862427522e-20
5657,G+,0.9910061137315181,0.7988643758469132,true,0,-1.3010426069826053e-18
5658,G-,0.9710061137315181,0.3040572230211068,true,0,-1.3010426069826053e-18
5659,G+,0.9810061137315181,0.45113057524715394,true,0,-1.2468324983583301e-18
5660,G-,0.9810061137315181,0.41104630728075653,true,0,-1.6263032587282567e-18
5661,G+,0.9810061137315181,0.4367568284069646,true,0,-2.168404344971009e-19
5662,G-,0.9810061137315181,0.4237239700981419,true,0,-1.734723475976807e-18
5663,G+,0.9810061137315181,0.45151717020304954,true,0,-4.228388472693467e-18
5664,G-,0.9810061137315181,0.41056151888010173,true,0,-1.6805133673525319e-18
5665,G+,0.9810061137315181,0.42955332049985273,true,0,-4.0115480381963664e-18
5666,G-,0.9810061137315181,0.4298225516978748,true,0,-2.2768245622195593e-18
5667,G+,0.9810061137315181,0.4297853020220269,true,0,-4.336808689942018e-19
5668,G-,0.9810061137315181,0.4286901845171755,true,0,-1.951563910473908e-18
5669,G+,0.9810061137315181,0.4292752921511467,true,0,-3.0899761915836876e-18
5670,G-,0.9810061137315181,0.4276059034931096,true,0,-3.63207727782644e-18
5671,G+,0.9810061137315181,0.4291830893065657,true,0,-6.505213034913027e-19
5672,G-,0.9810061137315181,0.429218631116623,true,0,-2.9815559743351372e-18
5673,G+,0.9810061137315181,0.42970294953649596,true,0,-2.439454888092385e-18
5674,G-,0.9810061137315181,0.43015271092277696,true,0,-4.119968255444917e-18
5675,G+,0.9810061137315181,0.4125923045843987,true,0,-3.2526065174565133e-18
5676,G-,0.9810061137315181,0.4478665787101133,true,0,-1.3010426069826053e-18
5677,G+,0.9810061137315181,0.42231892982195657,true,0,-1.0842021724855044e-19
5678,G-,0.9810061137315181,0.43787132028070697,true,0,-3.3068166260807885e-18
5679,G+,0.9810061137315181,0.4069530420558108,true,0,-3.0899761915836876e-18
5680,G-,0.9810061137315181,0.4561038942265471,true,0,-6.505213034913027e-19
5681,G+,0.9810061137315181,0.42769833646079647,true,0,-2.0599841277224584e-18
5682,G-,0.9810061137315181,0.43183503073161833,true,0,-2.3310346708438345e-18
5683,G+,0.9810061137315181,0.4284023551891646,true,0,-4.716279450311944e-18
5684,G-,0.9810061137315181,0.4316682202476369,true,0,-4.065758146820642e-18
5685,G+,0.9810061137315181,0.42938957261192434,true,0,-2.222614453595284e-18
5686,G-,0.9810061137315181,0.43054085252466795,true,0,-4.174178364069192e-18
5687,G+,0.9810061137315181,0.42888618623588404,true,0,-1.0299920638612292e-18
5688,G-,0.9810061137315181,0.4311745859719943,true,0,-1.3010426069826053e-18
5689,G+,0.9910061136327527,0.7988643718410996,true,0,-4.2825985813177425e-18
5690,G-,0.9710061136327527,0.3040572247895867,true,0,-4.2825985813177425e-18
5691,G+,0.9810061136327527,0.45113057617849867,true,0,-4.065758146820642e-18
5692,G-,0.9810061136327527,0.41104630758898497,true,0,-4.2825985813177425e-18
5693,G+,0.9810061136327527,0.43675682913446434,true,0,-5.4752209710517974e-18
5694,G-,0.9810061136327527,0.4237239705909934,true,0,-7.589415207398531e-18
5695,G+,0.9810061136327527,0.4515171711812143,true,0,-4.336808689942018e-18
5696,G-,0.9810061136327527,0.4105615191698132,true,0,-3.0899761915836876e-18
5697,G+,0.9810061136327527,0.42955332113932077,true,0,-3.3610267347050637e-18
5698,G-,0.9810061136327527,0.4298225522588399,true,0,-4.119968255444917e-18
5699,G+,0.9810061136327527,0.4297853026256326,true,0,-5.908901840045999e-18
5700,G-,0.9810061136327527,0.4286901851363353,true,0,-7.535205098774256e-18
5701,G+,0.9810061136327527,0.42927529278869164,true,0,-1.1384122811097797e-18
5702,G-,0.9810061136327527,0.42760590410496807,true,0,-6.071532165918825e-18
5703,G+,0.9810061136327527,0.42918308992473037,true,0,-5.637851296924623e-18
5704,G-,0.9810061136327527,0.4292186317315325,true,0,-5.421010862427522e-18
5705,G+,0.9810061136327527,0.42970295015030974,true,0,-2.8731357570865868e-18
5706,G-,0.9810061136327527,0.4301527115277171,true,0,-6.613633252161577e-18
5707,G+,0.9810061136327527,0.4125923049358573,true,0,-4.336808689942018e-18
5708,G-,0.9810061136327527,0.4478665796015194,true,0,-3.686287386450715e-18
5709,G+,0.9810061136327527,0.42231893032065027,true,0,-4.933119884809045e-18
5710,G-,0.9810061136327527,0.4378713210007393,true,0,-5.5294310796760726e-18
5711,G+,0.9810061136327527,0.4069530422953539,true,0,-6.2341624917916505e-18
5712,G-,0.9810061136327527,0.45610389527537926,true,0,-7.914675859144182e-18
5713,G+,0.9810061136327527,0.4276983370339861,true,0,-4.0115480381963664e-18
5714,G-,0.9810061136327527,0.4318350313703778,true,0,-3.74049749507499e-18
5715,G+,0.9810061136327527,0.4284023557981642,true,0,-7.101524229780054e-18
5716,G-,0.9810061136327527,0.43166822085173273,true,0,-5.854691731421724e-18
5717,G+,0.9810061136327527,0.42938957321811855,true,0,-6.559423143537302e-18
5718,G-,0.9810061136327527,0.4305408531315088,true,0,-6.7220534694101275e-18
5719,G+,0.9810061136327527,0.4288861868449313,true,0,-5.692061405548898e-18
5720,G-,0.9810061136327527,0.4311745865762627,true,0,-2.8731357570865868e-18
5721,G+,0.9910061176170513,0.7988642982453147,true,0,-4.065758146820642e-18
5722,G-,0.9710061176170512,0.3040569269023911,true,0,-4.065758146820642e-18
5723,G+,0.9810061176170513,0.4511302826162176,true,0,-2.168404344971009e-18
5724,G-,0.9810061176170513,0.4110460926000974,true,0,-3.0357660829594124e-18
5725,G+,0.9810061176170513,0.43675656185873013,true,0,-7.589415207398531e-19
5726,G-,0.9810061176170513,0.42372373194718094,true,0,-9.75781955236954e-19
5727,G+,0.9810061176170513,0.45151687270162766,true,0,-1.5178830414797062e-18
5728,G-,0.9810061176170513,0.41056130605757435,true,0,-4.553649124439119e-18
5729,G+,0.9810061176170513,0.42955306538173876,true,0,-2.3852447794681098e-18
5730,G-,0.9810061176170513,0.4298223046347841,true,0,-2.168404344971009e-18
5731,G+,0.9810061176170513,0.42978505046093013,true,0,-1.734723475976807e-18
5732,G-,0.9810061176170513,0.42868993235046565,true,0,-8.673617379884035e-19
5733,G+,0.9810061176170513,0.4292750383482686,true,0,-4.336808689942018e-19
5734,G-,0.9810061176170513,0.4276056520574532,true,0,-3.848917712323541e-18
5735,G+,0.9810061176170513,0.42918283669260965,true,0,-2.7647155398380363e-18
5736,G-,0.9810061176170513,0.4292183790266838,true,0,-4.716279450311944e-18
5737,G+,0.9810061176170513,0.4297026969922794,true,0,-2.0599841277224584e-18
5738,G-,0.9810061176170513,0.43015245920020534,true,0,-3.686287386450715e-18
5739,G+,0.9810061176170513,0.41259208448122203,true,0,-4.336808689942018e-19
5740,G-,0.9810061176170513,0.4478662916495344,true,0,-3.3068166260807885e-18
5741,G+,0.9810061176170513,0.42231869144778994,true,0,-1.951563910473908e-18
5742,G-,0.9810061176170513,0.43787105422007544,true,0,-1.0842021724855044e-19
5743,G+,0.9810061176170513,0.40695283491624473,true,0,-2.7647155398380363e-18
5744,G-,0.9810061176170513,0.4561035883166557,true,0,-6.505213034913027e-19
5745,G+,0.9810061176170513,0.4276980887299175,true,0,-2.7647155398380363e-18
5746,G-,0.9810061176170513,0.43183477473717324,true,0,-5.421010862427522e-20
5747,G+,0.9810061176170513,0.42840210365748227,true,0,-3.2526065174565133e-18
5748,G-,0.9810061176170513,0.43166796803384,true,0,-4.174178364069192e-18
5749,G+,0.9810061176170513,0.4293893209945364,true,0,-2.8731357570865868e-18
5750,G-,0.9810061176170513,0.43054060037432584,true,0,-4.87890977618477e-19
5751,G+,0.9810061176170513,0.4288859346831549,true,0,-3.2526065174565133e-18
5752,G-,0.9810061176170513,0.4311743337758312,true,0,-5.963111948670274e-19
5753,F,0.9926367368519973,NaN,false,-300,NaN
5754,G+,0.9910061137315181,0.798864375846914,true,0,-1.3010426069826053e-18
5755,G-,0.9710061137315181,0.3040572230211071,true,0,-1.3010426069826053e-18
5756,G+,0.9810061137315181,0.4511305752471545,true,0,-1.2468324983583301e-18
5757,G-,0.9810061137315181,0.4110463072807574,true,0,-1.6263032587282567e-18
5758,G+,0.9810061137315181,0.43675682840696595,true,0,-2.168404344971009e-19
5759,G-,0.9810061137315181,0.423723970098141,true,0,-1.734723475976807e-18
5760,G+,0.9810061137315181,0.45151717020304954,true,0,-4.228388472693467e-18
5761,G-,0.9810061137315181,0.4105615188801019,true,0,-1.6805133673525319e-18
5762,G+,0.9810061137315181,0.4295533204998524,true,0,-4.0115480381963664e-18
5763,G-,0.9810061137315181,0.42982255169787387,true,0,-2.2768245622195593e-18
5764,G+,0.9810061137315181,0.4297853020220268,true,0,-4.336808689942018e-19
5765,G-,0.9810061137315181,0.4286901845171748,true,0,-1.951563910473908e-18
5766,G+,0.9810061137315181,0.4292752921511455,true,0,-3.0899761915836876e-18
5767,G-,0.9810061137315181,0.4276059034931095,true,0,-3.63207727782644e-18
5768,G+,0.9810061137315181,0.4291830893065651,true,0,-6.505213034913027e-19
5769,G-,0.9810061137315181,0.4292186311166231,true,0,-2.9815559743351372e-18
5770,G+,0.9810061137315181,0.42970294953649724,true,0,-2.439454888092385e-18
5771,G-,0.9810061137315181,0.43015271092277735,true,0,-4.119968255444917e-18
5772,G+,0.9810061137315181,0.4125923045843985,true,0,-3.2526065174565133e-18
5773,G-,0.9810061137315181,0.4478665787101153,true,0,-1.3010426069826053e-18
5774,G+,0.9810061137315181,0.4223189298219571,true,0,-1.0842021724855044e-19
5775,G-,0.9810061137315181,0.43787132028070586,true,0,-3.3068166260807885e-18
5776,G+,0.9810061137315181,0.4069530420558112,true,0,-3.0899761915836876e-18
5777,G-,0.9810061137315181,0.4561038942265455,true,0,-6.505213034913027e-19
5778,G+,0.9810061137315181,0.4276983364607976,true,0,-2.0599841277224584e-18
5779,G-,0.9810061137315181,0.43183503073161966,true,0,-2.3310346708438345e-18
5780,G+,0.9810061137315181,0.4284023551891635,true,0,-4.716279450311944e-18
5781,G-,0.9810061137315181,0.43166822024763574,true,0,-4.065758146820642e-18
5782,G+,0.9810061137315181,0.42938957261192473,true,0,-2.222614453595284e-18
5783,G-,0.9810061137315181,0.43054085252466795,true,0,-4.174178364069192e-18
5784,G+,0.9810061137315181,0.4288861862358838,true,0,-1.0299920638612292e-18
5785,G-,0.9810061137315181,0.4311745859719944,true,0,-1.3010426069826053e-18
5786,G+,0.991006117937185,0.7988645208430825,true,0,-3.144186300207963e-18
5787,G-,0.9710061179371849,0.3040571230748339,true,0,-3.144186300207963e-18
5788,G+,0.981006117937185,0.45113050774536445,true,0,-1.5178830414797062e-18
5789,G-,0.981006117937185,0.4110462721246802,true,0,-2.1141942363467336e-18
5790,G+,0.981006117937185,0.43675677155003967,true,0,-4.933119884809045e-18
5791,G-,0.981006117937185,0.4237239253176458,true,0,-9.215718466126788e-19
5792,G+,0.981006117937185,0.45151710037804205,true,0,-3.848917712323541e-18
5793,G-,0.981006117937185,0.4105614846353425,true,0,-4.824699667560495e-18
5794,G+,0.981006117937185,0.42955326825809204,true,0,-3.5236570605778894e-18
5795,G-,0.981006117937185,0.4298225033390558,true,0,-4.0115480381963664e-18
5796,G+,0.981006117937185,0.4297852515407822,true,0,-5.583641188300348e-18
5797,G-,0.981006117937185,0.4286901333742156,true,0,-1.3010426069826053e-18
5798,G+,0.981006117937185,0.4292752401260595,true,0,-2.168404344971009e-18
5799,G-,0.981006117937185,0.4276058527094153,true,0,-3.469446951953614e-18
5800,G+,0.981006117937185,0.42918303815310527,true,0,-4.553649124439119e-18
5801,G-,0.981006117937185,0.4292185801449141,true,0,-3.686287386450715e-18
5802,G+,0.981006117937185,0.42970289855730437,true,0,-2.6020852139652106e-18
5803,G-,0.981006117937185,0.43015266037283956,true,0,-1.3010426069826053e-18
5804,G+,0.981006117937185,0.4125922671827375,true,0,-3.7947076036992655e-18
5805,G-,0.981006117937185,0.44786651334396294,true,0,-4.0115480381963664e-18
5806,G+,0.981006117937185,0.4223188847935182,true,0,-4.607859233063394e-18
5807,G-,0.981006117937185,0.43787126376280805,true,0,-3.3068166260807885e-18
5808,G+,0.981006117937185,0.40695301035100806,true,0,-1.8973538018496328e-18
5809,G-,0.981006117937185,0.45610382078040945,true,0,-4.336808689942018e-19
5810,G+,0.981006117937185,0.42769828756118805,true,0,-2.9815559743351372e-18
5811,G-,0.981006117937185,0.43183497842164376,true,0,-1.5720931501039814e-18
5812,G+,0.981006117937185,0.4284023045044507,true,0,-3.0899761915836876e-18
5813,G-,0.981006117937185,0.4316681696765538,true,0,-1.7889335846010823e-18
5814,G+,0.981006117937185,0.4293895220253601,true,0,-2.6020852139652106e-18
5815,G-,0.981006117937185,0.4305408018553622,true,0,-1.1384122811097797e-18
5816,G+,0.981006117937185,0.4288861355471064,true,0,-1.7889335846010823e-18
5817,G-,0.981006117937185,0.4311745353963012,true,0,-1.0299920638612292e-18
5818,F,0.9935715170663789,0.8986353001808651,true,0,-3.415236843329339e-18
5819,G+,1.0035715170663788,NaN,false,-300,NaN
5820,G-,0.9835715170663789,0.3839186906400191,true,0,-3.415236843329339e-18
5821,G0,0.9935715170663789,0.8986353001808651,true,0,-3.415236843329339e-18
5822,G+,0.9935715170663789,0.8911532672480919,true,0,-4.336808689942018e-18
5823,G-,0.9935715170663789,0.9084447667252284,true,0,-1.7889335846010823e-18
5824,G+,0.9935715170663789,0.8950480820646972,true,0,-3.5236570605778894e-18
5825,G-,0.9935715170663789,0.9025351022370005,true,0,-2.2768245622195593e-18
5826,G+,0.9935715170663789,0.8916846621058373,true,0,-2.0599841277224584e-18
5827,G-,0.9935715170663789,0.9064046129821935,true,0,-2.8189256484623115e-18
5828,G+,0.9935715170663789,0.8951149492797892,true,0,-3.7947076036992655e-18
5829,G-,0.9935715170663789,0.9022793767119776,true,0,-5.149960319306146e-18
5830,G+,0.9935715170663789,0.8971057292804671,true,0,-3.686287386450715e-18
5831,G-,0.9935715170663789,0.8954582073096926,true,0,-2.6020852139652106e-18
5832,G+,0.9935715170663789,0.9127403072957089,true,0,-2.656295322589486e-18
5833,G-,0.9935715170663789,0.9005059346391044,true,0,-1.8431436932253575e-18
5834,G+,0.9935715170663789,0.8955995552281081,true,0,-4.391018798566293e-18
5835,G-,0.9935715170663789,0.9090436292044274,true,0,-4.065758146820642e-18
5836,G+,0.9935715170663789,0.902782562331415,true,0,-4.933119884809045e-18
5837,G-,0.9935715170663789,0.9076205640671234,true,0,-3.415236843329339e-18
5838,G+,0.9935715170663789,0.9087360798838898,true,0,-1.8973538018496328e-18
5839,G-,0.9935715170663789,0.8914434994726921,true,0,-2.656295322589486e-18
5840,G+,0.9935715170663789,0.9013981591580028,true,0,-4.336808689942018e-18
5841,G-,0.9935715170663789,0.8965844848982872,true,0,-3.577867169202165e-18
5842,G+,0.9935715170663789,0.907793980745309,true,0,-3.2526065174565133e-19
5843,G-,0.9935715170663789,0.8931495444152653,true,0,-2.0599841277224584e-18
5844,G+,0.9935715170663789,0.8987119769233972,true,0,-4.391018798566293e-18
5845,G-,0.9935715170663789,0.8992376248558166,true,0,-4.716279450311944e-18
5846,G+,0.9935715170663789,0.8966521208100504,true,0,-1.5178830414797062e-18
5847,G-,0.9935715170663789,0.9007363416994529,true,0,-4.065758146820642e-18
5848,G+,0.9935715170663789,0.8981527065725582,true,0,-5.312590645178972e-18
5849,G-,0.9935715170663789,0.8991676774359261,true,0,-4.174178364069192e-18
5850,G+,0.9935715170663789,0.8970496927103535,true,0,-5.421010862427522e-19
5851,G-,0.9935715170663789,0.9003088300480697,true,0,-6.505213034913027e-19
