year,spec,beta_ln_tau,se,n
2016,all,-8.9009638,4.4676757,400
2016,excl_row,-8.9935312,4.551187,361
