year,tariff,estimator,sample,beta,se,n
2016,standard,OLS,all,-2.7552738,1.3818915,380
2016,standard,OLS,excl_row,-2.7544103,1.406619,342
2016,standard,2SLS,fra,3.6688123,24.409124,19
2016,goods_adj,OLS,all,-2.0258155,1.1467681,380
2016,goods_adj,OLS,excl_row,-2.0453334,1.1812781,342
2016,goods_adj,2SLS,fra,-.58188969,3.1185439,19
