target,scramble,seed,W,m,family,param,h,cplus,cminus,cmin,secant,leverage
0.1,tuning,29,20000,1,A_fixed_raw,1.0e-5,1.0e-5,0,0,0,0.0,0.3819730496717949
0.1,tuning,29,20000,1,A_fixed_raw,0.0001,0.0001,0,1,0,-0.0034012390964788253,0.3819730496717949
0.1,tuning,29,20000,1,A_fixed_raw,0.001,0.001,9,10,9,-0.2656536774536117,0.3819730496717949
0.1,tuning,29,20000,1,C_fixed_crossing,10,0.0010224650467285852,10,10,10,-0.2795095954856488,0.3819730496717949
0.1,tuning,29,20000,1,C_fixed_crossing,25,0.002450006823774582,25,27,25,-0.30413417575999074,0.3819730496717949
0.1,tuning,29,20000,1,C_fixed_crossing,50,0.005224967671570102,50,54,50,-0.2795147359661802,0.3819730496717949
0.1,tuning,29,20000,1,C_fixed_crossing,100,0.010436046598802108,101,112,101,-0.29252698006266786,0.3819730496717949
0.1,tuning,29,20000,1,D_growing_crossing,10,0.00046229465522959826,5,6,5,-0.36304331051700406,0.3819730496717949
0.1,tuning,29,20000,1,D_growing_crossing,25,0.0013002179187759618,13,14,13,-0.30828438119666063,0.3819730496717949
0.1,tuning,29,20000,1,D_growing_crossing,50,0.002450006823774582,25,27,25,-0.30413417575999074,0.3819730496717949
0.1,tuning,29,20000,2,A_fixed_raw,1.0e-5,1.0e-5,0,0,0,0.0,0.07251655396717029
0.1,tuning,29,20000,2,A_fixed_raw,0.0001,0.0001,1,1,1,0.01000323425717764,0.07251655396717029
0.1,tuning,29,20000,2,A_fixed_raw,0.001,0.001,8,9,8,0.006962803440681287,0.07251655396717029
0.1,tuning,29,20000,2,C_fixed_crossing,10,0.0013002179187759618,10,10,10,0.006386299415245945,0.07251655396717029
0.1,tuning,29,20000,2,C_fixed_crossing,25,0.0030041505016429643,25,26,25,-0.045240744869016934,0.07251655396717029
0.1,tuning,29,20000,2,C_fixed_crossing,50,0.005538406937184876,50,51,50,-0.03961178851006235,0.07251655396717029
0.1,tuning,29,20000,2,C_fixed_crossing,100,0.011062091961656407,100,105,100,-0.04456907123421211,0.07251655396717029
0.1,tuning,29,20000,2,D_growing_crossing,10,0.000579376979310525,5,5,5,0.009682579189152368,0.07251655396717029
0.1,tuning,29,20000,2,D_growing_crossing,25,0.0016059543493958499,13,14,13,-0.019541842187185493,0.07251655396717029
0.1,tuning,29,20000,2,D_growing_crossing,50,0.0030041505016429643,25,26,25,-0.045240744869016934,0.07251655396717029
0.1,tuning,29,20000,3,A_fixed_raw,1.0e-5,1.0e-5,0,0,0,0.045763749222799126,0.2982316007191014
0.1,tuning,29,20000,3,A_fixed_raw,0.0001,0.0001,0,1,0,-0.5443959846556518,0.2982316007191014
0.1,tuning,29,20000,3,A_fixed_raw,0.001,0.001,6,8,6,-0.027840181713617573,0.2982316007191014
0.1,tuning,29,20000,3,C_fixed_crossing,10,0.0014397707390125497,10,11,10,-0.007576535647434115,0.2982316007191014
0.1,tuning,29,20000,3,C_fixed_crossing,25,0.003424912729297257,26,25,25,-0.021442039620655055,0.2982316007191014
0.1,tuning,29,20000,3,C_fixed_crossing,50,0.007094392232156065,52,50,50,-0.051422438769437674,0.2982316007191014
0.1,tuning,29,20000,3,C_fixed_crossing,100,0.014377815674266069,100,101,100,-0.06019265723582234,0.2982316007191014
0.1,tuning,29,20000,3,D_growing_crossing,10,0.0005465878583649445,5,5,5,-0.05414896419724959,0.2982316007191014
0.1,tuning,29,20000,3,D_growing_crossing,25,0.001677680038122544,13,13,13,-0.02518535984647206,0.2982316007191014
0.1,tuning,29,20000,3,D_growing_crossing,50,0.003424912729297257,26,25,25,-0.021442039620655055,0.2982316007191014
0.1,tuning,29,20000,4,A_fixed_raw,1.0e-5,1.0e-5,0,0,0,0.0,1.5901957092207055
0.1,tuning,29,20000,4,A_fixed_raw,0.0001,0.0001,7,5,5,1.1793882615185325,1.5901957092207055
0.1,tuning,29,20000,4,A_fixed_raw,0.001,0.001,56,52,52,1.2037368812565854,1.5901957092207055
0.1,tuning,29,20000,4,C_fixed_crossing,10,0.0001767861209252649,11,10,10,1.1278018560755065,1.5901957092207055
0.1,tuning,29,20000,4,C_fixed_crossing,25,0.0004900271325081146,27,25,25,1.2500954674744496,1.5901957092207055
0.1,tuning,29,20000,4,C_fixed_crossing,50,0.000964599906626352,55,50,50,1.21025527890189,1.5901957092207055
0.1,tuning,29,20000,4,C_fixed_crossing,100,0.0019549017312612067,103,100,100,1.1463735479633848,1.5901957092207055
0.1,tuning,29,20000,4,D_growing_crossing,10,7.377841875327252e-5,5,5,5,1.1161943002483061,1.5901957092207055
0.1,tuning,29,20000,4,D_growing_crossing,25,0.00024533964095570324,15,13,13,1.136729532549439,1.5901957092207055
0.1,tuning,29,20000,4,D_growing_crossing,50,0.0004900271325081146,27,25,25,1.2500954674744496,1.5901957092207055
0.1,tuning,29,20000,5,A_fixed_raw,1.0e-5,1.0e-5,1,0,0,-2.273011332347419,0.751197942485476
0.1,tuning,29,20000,5,A_fixed_raw,0.0001,0.0001,3,2,2,-0.7280702881632545,0.751197942485476
0.1,tuning,29,20000,5,A_fixed_raw,0.001,0.001,34,36,34,-1.3617597242702104,0.751197942485476
0.1,tuning,29,20000,5,C_fixed_crossing,10,0.00029432974009474533,10,11,10,-1.385267181515295,0.751197942485476
0.1,tuning,29,20000,5,C_fixed_crossing,25,0.0007421497893038315,25,25,25,-1.2838422959840077,0.751197942485476
0.1,tuning,29,20000,5,C_fixed_crossing,50,0.001471571314798542,50,51,50,-1.3295859444822582,0.751197942485476
0.1,tuning,29,20000,5,C_fixed_crossing,100,0.0030929458282575664,100,110,100,-1.3064399791285846,0.751197942485476
0.1,tuning,29,20000,5,D_growing_crossing,10,0.00014629149836497854,5,5,5,-1.1145874643006313,0.751197942485476
0.1,tuning,29,20000,5,D_growing_crossing,25,0.0003582827361744967,13,13,13,-1.4062015566637278,0.751197942485476
0.1,tuning,29,20000,5,D_growing_crossing,50,0.0007421497893038315,25,25,25,-1.2838422959840077,0.751197942485476
0.1,tuning,29,20000,6,A_fixed_raw,1.0e-5,1.0e-5,1,0,0,-0.027376887059421536,1.1372293674543315
0.1,tuning,29,20000,6,A_fixed_raw,0.0001,0.0001,5,4,4,-0.4908953444933417,1.1372293674543315
0.1,tuning,29,20000,6,A_fixed_raw,0.001,0.001,45,43,43,-0.8578069817177999,1.1372293674543315
0.1,tuning,29,20000,6,C_fixed_crossing,10,0.00019434022703931545,10,10,10,-0.8822551350737691,1.1372293674543315
0.1,tuning,29,20000,6,C_fixed_crossing,25,0.0005668566744133438,25,25,25,-0.8268116054253885,1.1372293674543315
0.1,tuning,29,20000,6,C_fixed_crossing,50,0.001107739637194357,51,51,51,-0.9170049800578601,1.1372293674543315
0.1,tuning,29,20000,6,C_fixed_crossing,100,0.0023624031315717816,101,100,100,-0.8506747365373291,1.1372293674543315
0.1,tuning,29,20000,6,D_growing_crossing,10,0.0001023879627680692,5,5,5,-0.4820380032913473,1.1372293674543315
0.1,tuning,29,20000,6,D_growing_crossing,25,0.0002756577678854182,13,13,13,-0.7568960590309594,1.1372293674543315
0.1,tuning,29,20000,6,D_growing_crossing,50,0.0005668566744133438,25,25,25,-0.8268116054253885,1.1372293674543315
0.1,tuning,29,20000,7,A_fixed_raw,1.0e-5,1.0e-5,0,0,0,0.2733240301533435,0.9924333042822502
0.1,tuning,29,20000,7,A_fixed_raw,0.0001,0.0001,1,3,1,-0.18029703834195054,0.9924333042822502
0.1,tuning,29,20000,7,A_fixed_raw,0.001,0.001,30,32,30,-0.8788275731301184,0.9924333042822502
0.1,tuning,29,20000,7,C_fixed_crossing,10,0.0003505402658028929,10,11,10,-0.7594160910780798,0.9924333042822502
0.1,tuning,29,20000,7,C_fixed_crossing,25,0.0008218049722079714,25,26,25,-0.8609501115669392,0.9924333042822502
0.1,tuning,29,20000,7,C_fixed_crossing,50,0.001752609164372387,51,55,51,-0.8416672284102263,0.9924333042822502
0.1,tuning,29,20000,7,C_fixed_crossing,100,0.003500559631861151,100,108,100,-0.8306129544020836,0.9924333042822502
0.1,tuning,29,20000,7,D_growing_crossing,10,0.00015620070866180982,5,5,5,-0.732332346065754,0.9924333042822502
0.1,tuning,29,20000,7,D_growing_crossing,25,0.00042982562543862905,13,13,13,-0.7807295980084525,0.9924333042822502
0.1,tuning,29,20000,7,D_growing_crossing,50,0.0008218049722079714,25,26,25,-0.8609501115669392,0.9924333042822502
0.1,tuning,29,20000,8,A_fixed_raw,1.0e-5,1.0e-5,0,0,0,0.0,0.36414053330894147
0.1,tuning,29,20000,8,A_fixed_raw,0.0001,0.0001,2,1,1,0.0112998108508372,0.36414053330894147
0.1,tuning,29,20000,8,A_fixed_raw,0.001,0.001,22,23,22,-0.20697857724935598,0.36414053330894147
0.1,tuning,29,20000,8,C_fixed_crossing,10,0.0004556103262919857,10,10,10,-0.30160048121294414,0.36414053330894147
0.1,tuning,29,20000,8,C_fixed_crossing,25,0.001115835958737614,25,25,25,-0.24005138296689368,0.36414053330894147
0.1,tuning,29,20000,8,C_fixed_crossing,50,0.002196480950145765,50,50,50,-0.2680827946366873,0.36414053330894147
0.1,tuning,29,20000,8,C_fixed_crossing,100,0.004583062545607201,100,102,100,-0.25208034170951504,0.36414053330894147
0.1,tuning,29,20000,8,D_growing_crossing,10,0.00029432974009474533,5,5,5,-0.06695903695402244,0.36414053330894147
0.1,tuning,29,20000,8,D_growing_crossing,25,0.0005921738233079657,14,13,13,-0.2665754924372756,0.36414053330894147
0.1,tuning,29,20000,8,D_growing_crossing,50,0.001115835958737614,25,25,25,-0.24005138296689368,0.36414053330894147
0.1,tuning,29,20000,9,A_fixed_raw,1.0e-5,1.0e-5,0,1,0,-0.046939472506807293,1.4440302098093005
0.1,tuning,29,20000,9,A_fixed_raw,0.0001,0.0001,8,8,8,0.7903562357918642,1.4440302098093005
0.1,tuning,29,20000,9,A_fixed_raw,0.001,0.001,72,72,72,1.0105044595486583,1.4440302098093005
0.1,tuning,29,20000,9,C_fixed_crossing,10,0.00013502987406913432,11,10,10,1.191045627440814,1.4440302098093005
0.1,tuning,29,20000,9,C_fixed_crossing,25,0.0003165634100620773,25,25,25,1.1442581515067634,1.4440302098093005
0.1,tuning,29,20000,9,C_fixed_crossing,50,0.0006850185671084854,50,50,50,1.0981996946976607,1.4440302098093005
0.1,tuning,29,20000,9,C_fixed_crossing,100,0.001398436386547415,100,101,100,1.0345174370338142,1.4440302098093005
0.1,tuning,29,20000,9,D_growing_crossing,10,7.595912800426474e-5,6,5,5,0.5750836070137715,1.4440302098093005
0.1,tuning,29,20000,9,D_growing_crossing,25,0.0001631769987491219,13,13,13,1.1958570834042517,1.4440302098093005
0.1,tuning,29,20000,9,D_growing_crossing,50,0.0003165634100620773,25,25,25,1.1442581515067634,1.4440302098093005
0.1,tuning,29,20000,10,A_fixed_raw,1.0e-5,1.0e-5,1,0,0,-0.04572292990751014,0.08745637221810908
0.1,tuning,29,20000,10,A_fixed_raw,0.0001,0.0001,1,1,1,-0.012776960762045375,0.08745637221810908
0.1,tuning,29,20000,10,A_fixed_raw,0.001,0.001,7,8,7,-0.011489191582697567,0.08745637221810908
0.1,tuning,29,20000,10,C_fixed_crossing,10,0.001253726664446502,10,13,10,-0.0462361892933197,0.08745637221810908
0.1,tuning,29,20000,10,C_fixed_crossing,25,0.003138322910622115,25,28,25,-0.07330601362745096,0.08745637221810908
0.1,tuning,29,20000,10,C_fixed_crossing,50,0.006500747738376182,50,56,50,-0.06919227044347834,0.08745637221810908
0.1,tuning,29,20000,10,C_fixed_crossing,100,0.012338919119458593,100,114,100,-0.07682993493567918,0.08745637221810908
0.1,tuning,29,20000,10,D_growing_crossing,10,0.0006509741526432391,5,5,5,-0.012798988277530676,0.08745637221810908
0.1,tuning,29,20000,10,D_growing_crossing,25,0.0015150673565124152,13,14,13,-0.06411837759067458,0.08745637221810908
0.1,tuning,29,20000,10,D_growing_crossing,50,0.003138322910622115,25,28,25,-0.07330601362745096,0.08745637221810908
0.1,tuning,29,20000,11,A_fixed_raw,1.0e-5,1.0e-5,0,0,0,0.3025921343130511,0.760287900075816
0.1,tuning,29,20000,11,A_fixed_raw,0.0001,0.0001,1,3,1,-0.026695994371009335,0.760287900075816
0.1,tuning,29,20000,11,A_fixed_raw,0.001,0.001,26,27,26,-0.6506119909795299,0.760287900075816
0.1,tuning,29,20000,11,C_fixed_crossing,10,0.0003825513985243734,10,10,10,-0.5796019358337712,0.760287900075816
0.1,tuning,29,20000,11,C_fixed_crossing,25,0.0009437549552975531,25,26,25,-0.6751817535805883,0.760287900075816
0.1,tuning,29,20000,11,C_fixed_crossing,50,0.001998080133887847,50,52,50,-0.6232218575863394,0.760287900075816
0.1,tuning,29,20000,11,C_fixed_crossing,100,0.003990849072397855,100,104,100,-0.6302309795704202,0.760287900075816
0.1,tuning,29,20000,11,D_growing_crossing,10,0.00017807822714890903,5,5,5,-0.5003972293258873,0.760287900075816
0.1,tuning,29,20000,11,D_growing_crossing,25,0.0005045111336449678,13,14,13,-0.5862619637539573,0.760287900075816
0.1,tuning,29,20000,11,D_growing_crossing,50,0.0009437549552975531,25,26,25,-0.6751817535805883,0.760287900075816
0.1,tuning,29,20000,12,A_fixed_raw,1.0e-5,1.0e-5,1,0,0,-0.007616181577768665,0.8440821262399694
0.1,tuning,29,20000,12,A_fixed_raw,0.0001,0.0001,2,2,2,-0.03459104773922972,0.8440821262399694
0.1,tuning,29,20000,12,A_fixed_raw,0.001,0.001,37,37,37,-0.6205858190483845,0.8440821262399694
0.1,tuning,29,20000,12,C_fixed_crossing,10,0.0002756577678854182,12,10,10,-0.7355424169360535,0.8440821262399694
0.1,tuning,29,20000,12,C_fixed_crossing,25,0.0006276975891876818,26,25,25,-0.6343366919246006,0.8440821262399694
0.1,tuning,29,20000,12,C_fixed_crossing,50,0.0012628899857377968,50,50,50,-0.666294933641995,0.8440821262399694
0.1,tuning,29,20000,12,C_fixed_crossing,100,0.0026932820285225163,100,106,100,-0.6309632986966242,0.8440821262399694
0.1,tuning,29,20000,12,D_growing_crossing,10,0.0001755033900111121,7,5,5,-0.4790673126017521,0.8440821262399694
0.1,tuning,29,20000,12,D_growing_crossing,25,0.0003505402658028929,13,13,13,-0.5789095607020098,0.8440821262399694
0.1,tuning,29,20000,12,D_growing_crossing,50,0.0006276975891876818,26,25,25,-0.6343366919246006,0.8440821262399694
0.1,tuning,29,20000,13,A_fixed_raw,1.0e-5,1.0e-5,0,0,0,0.0,0.3071677326761748
0.1,tuning,29,20000,13,A_fixed_raw,0.0001,0.0001,0,0,0,0.0,0.3071677326761748
0.1,tuning,29,20000,13,A_fixed_raw,0.001,0.001,8,7,7,0.09988948088938271,0.3071677326761748
0.1,tuning,29,20000,13,C_fixed_crossing,10,0.001272120280524566,10,10,10,0.13103174090092065,0.3071677326761748
0.1,tuning,29,20000,13,C_fixed_crossing,25,0.003326586970841997,25,25,25,0.14812430185937664,0.3071677326761748
0.1,tuning,29,20000,13,C_fixed_crossing,50,0.007465412231260253,54,50,50,0.14438243275107318,0.3071677326761748
0.1,tuning,29,20000,13,C_fixed_crossing,100,0.014695382078831356,103,100,100,0.14296862179042466,0.3071677326761748
0.1,tuning,29,20000,13,D_growing_crossing,10,0.000575173115577216,5,5,5,0.21252564726462536,0.3071677326761748
0.1,tuning,29,20000,13,D_growing_crossing,25,0.0018850012689889083,13,13,13,0.12650174512461684,0.3071677326761748
0.1,tuning,29,20000,13,D_growing_crossing,50,0.003326586970841997,25,25,25,0.14812430185937664,0.3071677326761748
0.1,tuning,29,20000,14,A_fixed_raw,1.0e-5,1.0e-5,0,1,0,0.0036118761530257166,1.2972022936396106
0.1,tuning,29,20000,14,A_fixed_raw,0.0001,0.0001,5,6,5,0.8476326300607684,1.2972022936396106
0.1,tuning,29,20000,14,A_fixed_raw,0.001,0.001,58,60,58,1.00484782381198,1.2972022936396106
0.1,tuning,29,20000,14,C_fixed_crossing,10,0.0001767861209252649,10,12,10,1.155028230915985,1.2972022936396106
0.1,tuning,29,20000,14,C_fixed_crossing,25,0.000442530217561186,25,27,25,0.9087512256245678,1.2972022936396106
0.1,tuning,29,20000,14,C_fixed_crossing,50,0.0008838841237191396,50,54,50,0.9837599321175919,1.2972022936396106
0.1,tuning,29,20000,14,C_fixed_crossing,100,0.0017654187514431876,100,103,100,0.982296959270801,1.2972022936396106
0.1,tuning,29,20000,14,D_growing_crossing,10,8.723091959580458e-5,5,5,5,0.5484551405611985,1.2972022936396106
0.1,tuning,29,20000,14,D_growing_crossing,25,0.00021677168761633316,13,14,13,0.9468970669392885,1.2972022936396106
0.1,tuning,29,20000,14,D_growing_crossing,50,0.000442530217561186,25,27,25,0.9087512256245678,1.2972022936396106
0.1,tuning,29,80000,1,A_fixed_raw,1.0e-5,1.0e-5,0,0,0,0.0,0.3819730496717949
0.1,tuning,29,80000,1,A_fixed_raw,0.0001,0.0001,3,2,2,-0.051028131854494174,0.3819730496717949
0.1,tuning,29,80000,1,A_fixed_raw,0.001,0.001,39,41,39,-0.28185564693388593,0.3819730496717949
0.1,tuning,29,80000,1,C_fixed_crossing,10,0.0002838055359549112,10,12,10,-0.23563821399461352,0.3819730496717949
0.1,tuning,29,80000,1,C_fixed_crossing,25,0.0005878771077867834,25,25,25,-0.318506975555944,0.3819730496717949
0.1,tuning,29,80000,1,C_fixed_crossing,50,0.0012355990020817833,50,51,50,-0.2995297401066117,0.3819730496717949
0.1,tuning,29,80000,1,C_fixed_crossing,100,0.002450006823774582,100,102,100,-0.29459159223679326,0.3819730496717949
0.1,tuning,29,80000,1,D_growing_crossing,10,0.0002838055359549112,10,12,10,-0.23563821399461352,0.3819730496717949
0.1,tuning,29,80000,1,D_growing_crossing,25,0.0005878771077867834,25,25,25,-0.318506975555944,0.3819730496717949
0.1,tuning,29,80000,1,D_growing_crossing,50,0.0012355990020817833,50,51,50,-0.2995297401066117,0.3819730496717949
0.1,tuning,29,80000,2,A_fixed_raw,1.0e-5,1.0e-5,1,1,1,0.013824528407452295,0.07251655396717029
0.1,tuning,29,80000,2,A_fixed_raw,0.0001,0.0001,3,3,3,0.00284322326085662,0.07251655396717029
0.1,tuning,29,80000,2,A_fixed_raw,0.001,0.001,35,35,35,-0.02300418893831646,0.07251655396717029
0.1,tuning,29,80000,2,C_fixed_crossing,10,0.00029648095698320655,10,10,10,-0.013605468008993225,0.07251655396717029
0.1,tuning,29,80000,2,C_fixed_crossing,25,0.000753037982626973,25,25,25,-0.003920201985964854,0.07251655396717029
0.1,tuning,29,80000,2,C_fixed_crossing,50,0.0014189530611409989,50,52,50,-0.035442351411790474,0.07251655396717029
0.1,tuning,29,80000,2,C_fixed_crossing,100,0.002752769221129182,101,103,101,-0.055382958655439324,0.07251655396717029
0.1,tuning,29,80000,2,D_growing_crossing,10,0.00029648095698320655,10,10,10,-0.013605468008993225,0.07251655396717029
0.1,tuning,29,80000,2,D_growing_crossing,25,0.000753037982626973,25,25,25,-0.003920201985964854,0.07251655396717029
0.1,tuning,29,80000,2,D_growing_crossing,50,0.0014189530611409989,50,52,50,-0.035442351411790474,0.07251655396717029
0.1,tuning,29,80000,3,A_fixed_raw,1.0e-5,1.0e-5,0,0,0,0.04625188811530067,0.2982316007191014
0.1,tuning,29,80000,3,A_fixed_raw,0.0001,0.0001,1,3,1,-0.34982721392441685,0.2982316007191014
0.1,tuning,29,80000,3,A_fixed_raw,0.001,0.001,25,28,25,-0.02548687384053283,0.2982316007191014
0.1,tuning,29,80000,3,C_fixed_crossing,10,0.00036887269581919123,10,10,10,-0.07975422197795817,0.2982316007191014
0.1,tuning,29,80000,3,C_fixed_crossing,25,0.0009233604622291324,25,26,25,-0.021778106602904496,0.2982316007191014
0.1,tuning,29,80000,3,C_fixed_crossing,50,0.0018044119961856003,50,52,50,-0.059557926405316146,0.2982316007191014
0.1,tuning,29,80000,3,C_fixed_crossing,100,0.0036569028371450114,101,103,101,-0.06588641155166274,0.2982316007191014
0.1,tuning,29,80000,3,D_growing_crossing,10,0.00036887269581919123,10,10,10,-0.07975422197795817,0.2982316007191014
0.1,tuning,29,80000,3,D_growing_crossing,25,0.0009233604622291324,25,26,25,-0.021778106602904496,0.2982316007191014
0.1,tuning,29,80000,3,D_growing_crossing,50,0.0018044119961856003,50,52,50,-0.059557926405316146,0.2982316007191014
0.1,tuning,29,80000,4,A_fixed_raw,1.0e-5,1.0e-5,2,1,1,0.5049397138669198,1.5901957092207055
0.1,tuning,29,80000,4,A_fixed_raw,0.0001,0.0001,23,19,19,1.1072194919856808,1.5901957092207055
0.1,tuning,29,80000,4,A_fixed_raw,0.001,0.001,213,210,210,1.2309610099498005,1.5901957092207055
0.1,tuning,29,80000,4,C_fixed_crossing,10,6.194775589193603e-5,15,10,10,0.897046697329205,1.5901957092207055
0.1,tuning,29,80000,4,C_fixed_crossing,25,0.00012373084539778453,31,25,25,1.2601725337832963,1.5901957092207055
0.1,tuning,29,80000,4,C_fixed_crossing,50,0.00024355949701525175,54,50,50,1.1918976888692496,1.5901957092207055
0.1,tuning,29,80000,4,C_fixed_crossing,100,0.0004829418190505914,104,100,100,1.2585820713751341,1.5901957092207055
0.1,tuning,29,80000,4,D_growing_crossing,10,6.194775589193603e-5,15,10,10,0.897046697329205,1.5901957092207055
0.1,tuning,29,80000,4,D_growing_crossing,25,0.00012373084539778453,31,25,25,1.2601725337832963,1.5901957092207055
0.1,tuning,29,80000,4,D_growing_crossing,50,0.00024355949701525175,54,50,50,1.1918976888692496,1.5901957092207055
0.1,tuning,29,80000,5,A_fixed_raw,1.0e-5,1.0e-5,2,2,2,-1.7651014116992767,0.751197942485476
0.1,tuning,29,80000,5,A_fixed_raw,0.0001,0.0001,12,10,10,-1.0115021617466273,0.751197942485476
0.1,tuning,29,80000,5,A_fixed_raw,0.001,0.001,142,139,139,-1.3787899824533392,0.751197942485476
0.1,tuning,29,80000,5,C_fixed_crossing,10,9.801058032327285e-5,12,10,10,-1.0320336420928666,0.751197942485476
0.1,tuning,29,80000,5,C_fixed_crossing,25,0.0001717107713329538,25,25,25,-1.3874534953070903,0.751197942485476
0.1,tuning,29,80000,5,C_fixed_crossing,50,0.00036887269581919123,54,50,50,-1.359513271395471,0.751197942485476
0.1,tuning,29,80000,5,C_fixed_crossing,100,0.0007475740633170672,102,101,101,-1.32540091761318,0.751197942485476
0.1,tuning,29,80000,5,D_growing_crossing,10,9.801058032327285e-5,12,10,10,-1.0320336420928666,0.751197942485476
0.1,tuning,29,80000,5,D_growing_crossing,25,0.0001717107713329538,25,25,25,-1.3874534953070903,0.751197942485476
0.1,tuning,29,80000,5,D_growing_crossing,50,0.00036887269581919123,54,50,50,-1.359513271395471,0.751197942485476
0.1,tuning,29,80000,6,A_fixed_raw,1.0e-5,1.0e-5,2,0,0,-0.5088507350294036,1.1372293674543315
0.1,tuning,29,80000,6,A_fixed_raw,0.0001,0.0001,17,17,17,-0.8211905755471649,1.1372293674543315
0.1,tuning,29,80000,6,A_fixed_raw,0.001,0.001,169,169,169,-0.8387912399165989,1.1372293674543315
0.1,tuning,29,80000,6,C_fixed_crossing,10,7.114036002423051e-5,10,12,10,-0.5132929992685934,1.1372293674543315
0.1,tuning,29,80000,6,C_fixed_crossing,25,0.0001452300313988595,25,26,25,-0.9059756352718776,1.1372293674543315
0.1,tuning,29,80000,6,C_fixed_crossing,50,0.00030524420749144035,50,53,50,-0.8070472822320518,1.1372293674543315
0.1,tuning,29,80000,6,C_fixed_crossing,100,0.0005836115685242321,100,101,100,-0.8698772636315586,1.1372293674543315
0.1,tuning,29,80000,6,D_growing_crossing,10,7.114036002423051e-5,10,12,10,-0.5132929992685934,1.1372293674543315
0.1,tuning,29,80000,6,D_growing_crossing,25,0.0001452300313988595,25,26,25,-0.9059756352718776,1.1372293674543315
0.1,tuning,29,80000,6,D_growing_crossing,50,0.00030524420749144035,50,53,50,-0.8070472822320518,1.1372293674543315
0.1,tuning,29,80000,7,A_fixed_raw,1.0e-5,1.0e-5,1,1,1,-0.5246387945502529,0.9924333042822502
0.1,tuning,29,80000,7,A_fixed_raw,0.0001,0.0001,9,13,9,-0.6558353180133314,0.9924333042822502
0.1,tuning,29,80000,7,A_fixed_raw,0.001,0.001,118,121,118,-0.863795054182527,0.9924333042822502
0.1,tuning,29,80000,7,C_fixed_crossing,10,0.00010696084938195432,11,13,11,-0.6735543218187812,0.9924333042822502
0.1,tuning,29,80000,7,C_fixed_crossing,25,0.0002015468384785948,25,26,25,-0.9243818934438609,0.9924333042822502
0.1,tuning,29,80000,7,C_fixed_crossing,50,0.0004174857692247069,50,50,50,-0.8350926058964329,0.9924333042822502
0.1,tuning,29,80000,7,C_fixed_crossing,100,0.0008585087101771192,100,100,100,-0.8207388117684786,0.9924333042822502
0.1,tuning,29,80000,7,D_growing_crossing,10,0.00010696084938195432,11,13,11,-0.6735543218187812,0.9924333042822502
0.1,tuning,29,80000,7,D_growing_crossing,25,0.0002015468384785948,25,26,25,-0.9243818934438609,0.9924333042822502
0.1,tuning,29,80000,7,D_growing_crossing,50,0.0004174857692247069,50,50,50,-0.8350926058964329,0.9924333042822502
0.1,tuning,29,80000,8,A_fixed_raw,1.0e-5,1.0e-5,0,0,0,0.0,0.36414053330894147
0.1,tuning,29,80000,8,A_fixed_raw,0.0001,0.0001,8,6,6,-0.04670639714918212,0.36414053330894147
0.1,tuning,29,80000,8,A_fixed_raw,0.001,0.001,85,88,85,-0.2405309388805732,0.36414053330894147
0.1,tuning,29,80000,8,C_fixed_crossing,10,0.0001340501195901282,10,10,10,-0.04054103544857468,0.36414053330894147
0.1,tuning,29,80000,8,C_fixed_crossing,25,0.0003008306745507225,25,25,25,-0.2379200519121592,0.36414053330894147
0.1,tuning,29,80000,8,C_fixed_crossing,50,0.0005627436559458406,51,50,50,-0.31241833661199614,0.36414053330894147
0.1,tuning,29,80000,8,C_fixed_crossing,100,0.001157213888089168,100,102,100,-0.2610938195717409,0.36414053330894147
0.1,tuning,29,80000,8,D_growing_crossing,10,0.0001340501195901282,10,10,10,-0.04054103544857468,0.36414053330894147
0.1,tuning,29,80000,8,D_growing_crossing,25,0.0003008306745507225,25,25,25,-0.2379200519121592,0.36414053330894147
0.1,tuning,29,80000,8,D_growing_crossing,50,0.0005627436559458406,51,50,50,-0.31241833661199614,0.36414053330894147
0.1,tuning,29,80000,9,A_fixed_raw,1.0e-5,1.0e-5,1,5,1,0.44804690699437594,1.4440302098093005
0.1,tuning,29,80000,9,A_fixed_raw,0.0001,0.0001,29,30,29,0.9731494024502879,1.4440302098093005
0.1,tuning,29,80000,9,A_fixed_raw,0.001,0.001,281,280,280,1.0303991324524808,1.4440302098093005
0.1,tuning,29,80000,9,C_fixed_crossing,10,4.731591842828971e-5,10,10,10,0.4119115747339551,1.4440302098093005
0.1,tuning,29,80000,9,C_fixed_crossing,25,8.851069778883683e-5,25,28,25,0.9769503385026528,1.4440302098093005
0.1,tuning,29,80000,9,C_fixed_crossing,50,0.0001680001109374076,50,52,50,1.1191857107154137,1.4440302098093005
0.1,tuning,29,80000,9,C_fixed_crossing,100,0.00036353915711813314,100,104,100,1.0535643182157057,1.4440302098093005
0.1,tuning,29,80000,9,D_growing_crossing,10,4.731591842828971e-5,10,10,10,0.4119115747339551,1.4440302098093005
0.1,tuning,29,80000,9,D_growing_crossing,25,8.851069778883683e-5,25,28,25,0.9769503385026528,1.4440302098093005
0.1,tuning,29,80000,9,D_growing_crossing,50,0.0001680001109374076,50,52,50,1.1191857107154137,1.4440302098093005
0.1,tuning,29,80000,10,A_fixed_raw,1.0e-5,1.0e-5,1,0,0,-0.004413734059488528,0.08745637221810908
0.1,tuning,29,80000,10,A_fixed_raw,0.0001,0.0001,4,3,3,-0.05454975452873212,0.08745637221810908
0.1,tuning,29,80000,10,A_fixed_raw,0.001,0.001,32,32,32,-0.03943745755798089,0.08745637221810908
0.1,tuning,29,80000,10,C_fixed_crossing,10,0.00033800616946810244,11,10,10,-0.018499154318334,0.08745637221810908
0.1,tuning,29,80000,10,C_fixed_crossing,25,0.0007866704255177681,25,25,25,-0.03049910745250306,0.08745637221810908
0.1,tuning,29,80000,10,C_fixed_crossing,50,0.0014823268336392496,50,50,50,-0.06466767941423823,0.08745637221810908
0.1,tuning,29,80000,10,C_fixed_crossing,100,0.002939230973286228,100,100,100,-0.07011322789995035,0.08745637221810908
0.1,tuning,29,80000,10,D_growing_crossing,10,0.00033800616946810244,11,10,10,-0.018499154318334,0.08745637221810908
0.1,tuning,29,80000,10,D_growing_crossing,25,0.0007866704255177681,25,25,25,-0.03049910745250306,0.08745637221810908
0.1,tuning,29,80000,10,D_growing_crossing,50,0.0014823268336392496,50,50,50,-0.06466767941423823,0.08745637221810908
0.1,tuning,29,80000,11,A_fixed_raw,1.0e-5,1.0e-5,1,0,0,-0.006496024305968628,0.760287900075816
0.1,tuning,29,80000,11,A_fixed_raw,0.0001,0.0001,8,10,8,-0.38736880807251073,0.760287900075816
0.1,tuning,29,80000,11,A_fixed_raw,0.001,0.001,104,106,104,-0.6660888126496373,0.760287900075816
0.1,tuning,29,80000,11,C_fixed_crossing,10,0.0001228330748058663,10,13,10,-0.45135752829895653,0.760287900075816
0.1,tuning,29,80000,11,C_fixed_crossing,25,0.00023829618957962675,25,28,25,-0.7157645545618733,0.760287900075816
0.1,tuning,29,80000,11,C_fixed_crossing,50,0.0005045111336449678,51,52,51,-0.6273580023036008,0.760287900075816
0.1,tuning,29,80000,11,C_fixed_crossing,100,0.000964599906626352,100,102,100,-0.6637907414128922,0.760287900075816
0.1,tuning,29,80000,11,D_growing_crossing,10,0.0001228330748058663,10,13,10,-0.45135752829895653,0.760287900075816
0.1,tuning,29,80000,11,D_growing_crossing,25,0.00023829618957962675,25,28,25,-0.7157645545618733,0.760287900075816
0.1,tuning,29,80000,11,D_growing_crossing,50,0.0005045111336449678,51,52,51,-0.6273580023036008,0.760287900075816
0.1,tuning,29,80000,12,A_fixed_raw,1.0e-5,1.0e-5,3,0,0,-0.0015794835134252947,0.8440821262399694
0.1,tuning,29,80000,12,A_fixed_raw,0.0001,0.0001,12,13,12,-0.36239799193864275,0.8440821262399694
0.1,tuning,29,80000,12,A_fixed_raw,0.001,0.001,152,151,151,-0.6277910413302473,0.8440821262399694
0.1,tuning,29,80000,12,C_fixed_crossing,10,8.28956712923322e-5,11,10,10,-0.3283973396103336,0.8440821262399694
0.1,tuning,29,80000,12,C_fixed_crossing,25,0.0001755033900111121,28,25,25,-0.5824821138915226,0.8440821262399694
0.1,tuning,29,80000,12,C_fixed_crossing,50,0.0003404766115645409,53,50,50,-0.6082910613319726,0.8440821262399694
0.1,tuning,29,80000,12,C_fixed_crossing,100,0.0006462507916376377,101,100,100,-0.6267559493623265,0.8440821262399694
0.1,tuning,29,80000,12,D_growing_crossing,10,8.28956712923322e-5,11,10,10,-0.3283973396103336,0.8440821262399694
0.1,tuning,29,80000,12,D_growing_crossing,25,0.0001755033900111121,28,25,25,-0.5824821138915226,0.8440821262399694
0.1,tuning,29,80000,12,D_growing_crossing,50,0.0003404766115645409,53,50,50,-0.6082910613319726,0.8440821262399694
0.1,tuning,29,80000,13,A_fixed_raw,1.0e-5,1.0e-5,0,0,0,0.0,0.3071677326761748
0.1,tuning,29,80000,13,A_fixed_raw,0.0001,0.0001,1,1,1,0.023234605841734868,0.3071677326761748
0.1,tuning,29,80000,13,A_fixed_raw,0.001,0.001,28,29,28,0.11450462286081292,0.3071677326761748
0.1,tuning,29,80000,13,C_fixed_crossing,10,0.00043931929134400586,10,10,10,0.18157417775004164,0.3071677326761748
0.1,tuning,29,80000,13,C_fixed_crossing,25,0.0009100095722984232,25,25,25,0.1401244970914766,0.3071677326761748
0.1,tuning,29,80000,13,C_fixed_crossing,50,0.0019126564115584032,50,51,50,0.1369385063355597,0.3071677326761748
0.1,tuning,29,80000,13,C_fixed_crossing,100,0.003737673763142853,100,102,100,0.14228320409441694,0.3071677326761748
0.1,tuning,29,80000,13,D_growing_crossing,10,0.00043931929134400586,10,10,10,0.18157417775004164,0.3071677326761748
0.1,tuning,29,80000,13,D_growing_crossing,25,0.0009100095722984232,25,25,25,0.1401244970914766,0.3071677326761748
0.1,tuning,29,80000,13,D_growing_crossing,50,0.0019126564115584032,50,51,50,0.1369385063355597,0.3071677326761748
0.1,tuning,29,80000,14,A_fixed_raw,1.0e-5,1.0e-5,2,2,2,0.5114197630266826,1.2972022936396106
0.1,tuning,29,80000,14,A_fixed_raw,0.0001,0.0001,23,22,22,0.9136063710271647,1.2972022936396106
0.1,tuning,29,80000,14,A_fixed_raw,0.001,0.001,227,227,227,1.0254166290693465,1.2972022936396106
0.1,tuning,29,80000,14,C_fixed_crossing,10,5.394300027073001e-5,12,10,10,0.5084695443415891,1.2972022936396106
0.1,tuning,29,80000,14,C_fixed_crossing,25,0.00011337729675295551,27,25,25,0.9053827910954036,1.2972022936396106
0.1,tuning,29,80000,14,C_fixed_crossing,50,0.00022317892746405847,50,50,50,0.9315401151839426,1.2972022936396106
0.1,tuning,29,80000,14,C_fixed_crossing,100,0.0004556103262919857,100,100,100,0.9117360593020729,1.2972022936396106
0.1,tuning,29,80000,14,D_growing_crossing,10,5.394300027073001e-5,12,10,10,0.5084695443415891,1.2972022936396106
0.1,tuning,29,80000,14,D_growing_crossing,25,0.00011337729675295551,27,25,25,0.9053827910954036,1.2972022936396106
0.1,tuning,29,80000,14,D_growing_crossing,50,0.00022317892746405847,50,50,50,0.9315401151839426,1.2972022936396106
0.1,tuning,29,80000,1,B_power_scaled_anchor25,0.3333333333333333,0.0005878771077867834,25,25,25,-0.318506975555944,0.3819730496717949
0.1,tuning,29,80000,1,B_power_scaled_anchor25,0.5,0.0005878771077867834,25,25,25,-0.318506975555944,0.3819730496717949
0.1,tuning,29,80000,1,B_power_scaled_anchor25,0.6666666666666666,0.0005878771077867834,25,25,25,-0.318506975555944,0.3819730496717949
0.1,tuning,29,80000,1,B_power_scaled_anchor100,0.3333333333333333,0.002450006823774582,100,102,100,-0.29459159223679326,0.3819730496717949
0.1,tuning,29,80000,1,B_power_scaled_anchor100,0.5,0.002450006823774582,100,102,100,-0.29459159223679326,0.3819730496717949
0.1,tuning,29,80000,1,B_power_scaled_anchor100,0.6666666666666666,0.002450006823774582,100,102,100,-0.29459159223679326,0.3819730496717949
0.1,tuning,29,80000,2,B_power_scaled_anchor25,0.3333333333333333,0.000753037982626973,25,25,25,-0.003920201985964854,0.07251655396717029
0.1,tuning,29,80000,2,B_power_scaled_anchor25,0.5,0.000753037982626973,25,25,25,-0.003920201985964854,0.07251655396717029
0.1,tuning,29,80000,2,B_power_scaled_anchor25,0.6666666666666666,0.000753037982626973,25,25,25,-0.003920201985964854,0.07251655396717029
0.1,tuning,29,80000,2,B_power_scaled_anchor100,0.3333333333333333,0.002752769221129182,101,103,101,-0.055382958655439324,0.07251655396717029
0.1,tuning,29,80000,2,B_power_scaled_anchor100,0.5,0.002752769221129182,101,103,101,-0.055382958655439324,0.07251655396717029
0.1,tuning,29,80000,2,B_power_scaled_anchor100,0.6666666666666666,0.002752769221129182,101,103,101,-0.055382958655439324,0.07251655396717029
0.1,tuning,29,80000,3,B_power_scaled_anchor25,0.3333333333333333,0.0009233604622291324,25,26,25,-0.021778106602904496,0.2982316007191014
0.1,tuning,29,80000,3,B_power_scaled_anchor25,0.5,0.0009233604622291324,25,26,25,-0.021778106602904496,0.2982316007191014
0.1,tuning,29,80000,3,B_power_scaled_anchor25,0.6666666666666666,0.0009233604622291324,25,26,25,-0.021778106602904496,0.2982316007191014
0.1,tuning,29,80000,3,B_power_scaled_anchor100,0.3333333333333333,0.0036569028371450114,101,103,101,-0.06588641155166274,0.2982316007191014
0.1,tuning,29,80000,3,B_power_scaled_anchor100,0.5,0.0036569028371450114,101,103,101,-0.06588641155166274,0.2982316007191014
0.1,tuning,29,80000,3,B_power_scaled_anchor100,0.6666666666666666,0.0036569028371450114,101,103,101,-0.06588641155166274,0.2982316007191014
0.1,tuning,29,80000,4,B_power_scaled_anchor25,0.3333333333333333,0.00012373084539778453,31,25,25,1.2601725337832963,1.5901957092207055
0.1,tuning,29,80000,4,B_power_scaled_anchor25,0.5,0.00012373084539778453,31,25,25,1.2601725337832963,1.5901957092207055
0.1,tuning,29,80000,4,B_power_scaled_anchor25,0.6666666666666666,0.00012373084539778453,31,25,25,1.2601725337832963,1.5901957092207055
0.1,tuning,29,80000,4,B_power_scaled_anchor100,0.3333333333333333,0.0004829418190505914,104,100,100,1.2585820713751341,1.5901957092207055
0.1,tuning,29,80000,4,B_power_scaled_anchor100,0.5,0.0004829418190505914,104,100,100,1.2585820713751341,1.5901957092207055
0.1,tuning,29,80000,4,B_power_scaled_anchor100,0.6666666666666666,0.0004829418190505914,104,100,100,1.2585820713751341,1.5901957092207055
0.1,tuning,29,80000,5,B_power_scaled_anchor25,0.3333333333333333,0.0001717107713329538,25,25,25,-1.3874534953070903,0.751197942485476
0.1,tuning,29,80000,5,B_power_scaled_anchor25,0.5,0.0001717107713329538,25,25,25,-1.3874534953070903,0.751197942485476
0.1,tuning,29,80000,5,B_power_scaled_anchor25,0.6666666666666666,0.0001717107713329538,25,25,25,-1.3874534953070903,0.751197942485476
0.1,tuning,29,80000,5,B_power_scaled_anchor100,0.3333333333333333,0.0007475740633170672,102,101,101,-1.32540091761318,0.751197942485476
0.1,tuning,29,80000,5,B_power_scaled_anchor100,0.5,0.0007475740633170672,102,101,101,-1.32540091761318,0.751197942485476
0.1,tuning,29,80000,5,B_power_scaled_anchor100,0.6666666666666666,0.0007475740633170672,102,101,101,-1.32540091761318,0.751197942485476
0.1,tuning,29,80000,6,B_power_scaled_anchor25,0.3333333333333333,0.0001452300313988595,25,26,25,-0.9059756352718776,1.1372293674543315
0.1,tuning,29,80000,6,B_power_scaled_anchor25,0.5,0.0001452300313988595,25,26,25,-0.9059756352718776,1.1372293674543315
0.1,tuning,29,80000,6,B_power_scaled_anchor25,0.6666666666666666,0.0001452300313988595,25,26,25,-0.9059756352718776,1.1372293674543315
0.1,tuning,29,80000,6,B_power_scaled_anchor100,0.3333333333333333,0.0005836115685242321,100,101,100,-0.8698772636315586,1.1372293674543315
0.1,tuning,29,80000,6,B_power_scaled_anchor100,0.5,0.0005836115685242321,100,101,100,-0.8698772636315586,1.1372293674543315
0.1,tuning,29,80000,6,B_power_scaled_anchor100,0.6666666666666666,0.0005836115685242321,100,101,100,-0.8698772636315586,1.1372293674543315
0.1,tuning,29,80000,7,B_power_scaled_anchor25,0.3333333333333333,0.0002015468384785948,25,26,25,-0.9243818934438609,0.9924333042822502
0.1,tuning,29,80000,7,B_power_scaled_anchor25,0.5,0.0002015468384785948,25,26,25,-0.9243818934438609,0.9924333042822502
0.1,tuning,29,80000,7,B_power_scaled_anchor25,0.6666666666666666,0.0002015468384785948,25,26,25,-0.9243818934438609,0.9924333042822502
0.1,tuning,29,80000,7,B_power_scaled_anchor100,0.3333333333333333,0.0008585087101771192,100,100,100,-0.8207388117684786,0.9924333042822502
0.1,tuning,29,80000,7,B_power_scaled_anchor100,0.5,0.0008585087101771192,100,100,100,-0.8207388117684786,0.9924333042822502
0.1,tuning,29,80000,7,B_power_scaled_anchor100,0.6666666666666666,0.0008585087101771192,100,100,100,-0.8207388117684786,0.9924333042822502
0.1,tuning,29,80000,8,B_power_scaled_anchor25,0.3333333333333333,0.0003008306745507225,25,25,25,-0.2379200519121592,0.36414053330894147
0.1,tuning,29,80000,8,B_power_scaled_anchor25,0.5,0.0003008306745507225,25,25,25,-0.2379200519121592,0.36414053330894147
0.1,tuning,29,80000,8,B_power_scaled_anchor25,0.6666666666666666,0.0003008306745507225,25,25,25,-0.2379200519121592,0.36414053330894147
0.1,tuning,29,80000,8,B_power_scaled_anchor100,0.3333333333333333,0.001157213888089168,100,102,100,-0.2610938195717409,0.36414053330894147
0.1,tuning,29,80000,8,B_power_scaled_anchor100,0.5,0.001157213888089168,100,102,100,-0.2610938195717409,0.36414053330894147
0.1,tuning,29,80000,8,B_power_scaled_anchor100,0.6666666666666666,0.001157213888089168,100,102,100,-0.2610938195717409,0.36414053330894147
0.1,tuning,29,80000,9,B_power_scaled_anchor25,0.3333333333333333,8.851069778883683e-5,25,28,25,0.9769503385026528,1.4440302098093005
0.1,tuning,29,80000,9,B_power_scaled_anchor25,0.5,8.851069778883683e-5,25,28,25,0.9769503385026528,1.4440302098093005
0.1,tuning,29,80000,9,B_power_scaled_anchor25,0.6666666666666666,8.851069778883683e-5,25,28,25,0.9769503385026528,1.4440302098093005
0.1,tuning,29,80000,9,B_power_scaled_anchor100,0.3333333333333333,0.00036353915711813314,100,104,100,1.0535643182157057,1.4440302098093005
0.1,tuning,29,80000,9,B_power_scaled_anchor100,0.5,0.00036353915711813314,100,104,100,1.0535643182157057,1.4440302098093005
0.1,tuning,29,80000,9,B_power_scaled_anchor100,0.6666666666666666,0.00036353915711813314,100,104,100,1.0535643182157057,1.4440302098093005
0.1,tuning,29,80000,10,B_power_scaled_anchor25,0.3333333333333333,0.0007866704255177681,25,25,25,-0.03049910745250306,0.08745637221810908
0.1,tuning,29,80000,10,B_power_scaled_anchor25,0.5,0.0007866704255177681,25,25,25,-0.03049910745250306,0.08745637221810908
0.1,tuning,29,80000,10,B_power_scaled_anchor25,0.6666666666666666,0.0007866704255177681,25,25,25,-0.03049910745250306,0.08745637221810908
0.1,tuning,29,80000,10,B_power_scaled_anchor100,0.3333333333333333,0.002939230973286228,100,100,100,-0.07011322789995035,0.08745637221810908
0.1,tuning,29,80000,10,B_power_scaled_anchor100,0.5,0.002939230973286228,100,100,100,-0.07011322789995035,0.08745637221810908
0.1,tuning,29,80000,10,B_power_scaled_anchor100,0.6666666666666666,0.002939230973286228,100,100,100,-0.07011322789995035,0.08745637221810908
0.1,tuning,29,80000,11,B_power_scaled_anchor25,0.3333333333333333,0.00023829618957962675,25,28,25,-0.7157645545618733,0.760287900075816
0.1,tuning,29,80000,11,B_power_scaled_anchor25,0.5,0.00023829618957962675,25,28,25,-0.7157645545618733,0.760287900075816
0.1,tuning,29,80000,11,B_power_scaled_anchor25,0.6666666666666666,0.00023829618957962675,25,28,25,-0.7157645545618733,0.760287900075816
0.1,tuning,29,80000,11,B_power_scaled_anchor100,0.3333333333333333,0.000964599906626352,100,102,100,-0.6637907414128922,0.760287900075816
0.1,tuning,29,80000,11,B_power_scaled_anchor100,0.5,0.000964599906626352,100,102,100,-0.6637907414128922,0.760287900075816
0.1,tuning,29,80000,11,B_power_scaled_anchor100,0.6666666666666666,0.000964599906626352,100,102,100,-0.6637907414128922,0.760287900075816
0.1,tuning,29,80000,12,B_power_scaled_anchor25,0.3333333333333333,0.0001755033900111121,28,25,25,-0.5824821138915226,0.8440821262399694
0.1,tuning,29,80000,12,B_power_scaled_anchor25,0.5,0.0001755033900111121,28,25,25,-0.5824821138915226,0.8440821262399694
0.1,tuning,29,80000,12,B_power_scaled_anchor25,0.6666666666666666,0.0001755033900111121,28,25,25,-0.5824821138915226,0.8440821262399694
0.1,tuning,29,80000,12,B_power_scaled_anchor100,0.3333333333333333,0.0006462507916376377,101,100,100,-0.6267559493623265,0.8440821262399694
0.1,tuning,29,80000,12,B_power_scaled_anchor100,0.5,0.0006462507916376377,101,100,100,-0.6267559493623265,0.8440821262399694
0.1,tuning,29,80000,12,B_power_scaled_anchor100,0.6666666666666666,0.0006462507916376377,101,100,100,-0.6267559493623265,0.8440821262399694
0.1,tuning,29,80000,13,B_power_scaled_anchor25,0.3333333333333333,0.0009100095722984232,25,25,25,0.1401244970914766,0.3071677326761748
0.1,tuning,29,80000,13,B_power_scaled_anchor25,0.5,0.0009100095722984232,25,25,25,0.1401244970914766,0.3071677326761748
0.1,tuning,29,80000,13,B_power_scaled_anchor25,0.6666666666666666,0.0009100095722984232,25,25,25,0.1401244970914766,0.3071677326761748
0.1,tuning,29,80000,13,B_power_scaled_anchor100,0.3333333333333333,0.003737673763142853,100,102,100,0.14228320409441694,0.3071677326761748
0.1,tuning,29,80000,13,B_power_scaled_anchor100,0.5,0.003737673763142853,100,102,100,0.14228320409441694,0.3071677326761748
0.1,tuning,29,80000,13,B_power_scaled_anchor100,0.6666666666666666,0.003737673763142853,100,102,100,0.14228320409441694,0.3071677326761748
0.1,tuning,29,80000,14,B_power_scaled_anchor25,0.3333333333333333,0.00011337729675295551,27,25,25,0.9053827910954036,1.2972022936396106
0.1,tuning,29,80000,14,B_power_scaled_anchor25,0.5,0.00011337729675295551,27,25,25,0.9053827910954036,1.2972022936396106
0.1,tuning,29,80000,14,B_power_scaled_anchor25,0.6666666666666666,0.00011337729675295551,27,25,25,0.9053827910954036,1.2972022936396106
0.1,tuning,29,80000,14,B_power_scaled_anchor100,0.3333333333333333,0.0004556103262919857,100,100,100,0.9117360593020729,1.2972022936396106
0.1,tuning,29,80000,14,B_power_scaled_anchor100,0.5,0.0004556103262919857,100,100,100,0.9117360593020729,1.2972022936396106
0.1,tuning,29,80000,14,B_power_scaled_anchor100,0.6666666666666666,0.0004556103262919857,100,100,100,0.9117360593020729,1.2972022936396106
0.1,tuning,29,320000,1,A_fixed_raw,1.0e-5,1.0e-5,2,2,2,-0.2677803734515982,0.3819730496717949
0.1,tuning,29,320000,1,A_fixed_raw,0.0001,0.0001,18,15,15,-0.27844621596197217,0.3819730496717949
0.1,tuning,29,320000,1,A_fixed_raw,0.001,0.001,167,161,161,-0.29419200616986885,0.3819730496717949
0.1,tuning,29,320000,1,C_fixed_crossing,10,5.5537423161657564e-5,11,10,10,-0.32152561886249575,0.3819730496717949
0.1,tuning,29,320000,1,C_fixed_crossing,25,0.00016081761881177477,28,25,25,-0.2981561561545835,0.3819730496717949
0.1,tuning,29,320000,1,C_fixed_crossing,50,0.00032120776037715594,54,50,50,-0.2997739898125566,0.3819730496717949
0.1,tuning,29,320000,1,C_fixed_crossing,100,0.0006322853473064239,102,100,100,-0.2833036155940612,0.3819730496717949
0.1,tuning,29,320000,1,D_growing_crossing,10,0.00012554611959733733,23,20,20,-0.30123750244287956,0.3819730496717949
0.1,tuning,29,320000,1,D_growing_crossing,25,0.00032120776037715594,54,50,50,-0.2997739898125566,0.3819730496717949
0.1,tuning,29,320000,1,D_growing_crossing,50,0.0006322853473064239,102,100,100,-0.2833036155940612,0.3819730496717949
0.1,tuning,29,320000,2,A_fixed_raw,1.0e-5,1.0e-5,2,2,2,0.003832282614163462,0.07251655396717029
0.1,tuning,29,320000,2,A_fixed_raw,0.0001,0.0001,15,13,13,-0.052251483869600324,0.07251655396717029
0.1,tuning,29,320000,2,A_fixed_raw,0.001,0.001,150,143,143,-0.05451771744053452,0.07251655396717029
0.1,tuning,29,320000,2,C_fixed_crossing,10,8.472660868106569e-5,14,10,10,-0.04427602370960068,0.07251655396717029
0.1,tuning,29,320000,2,C_fixed_crossing,25,0.0001806908401170518,28,25,25,-0.055766936416227986,0.07251655396717029
0.1,tuning,29,320000,2,C_fixed_crossing,50,0.00034296510979339105,52,50,50,-0.05303557182810025,0.07251655396717029
0.1,tuning,29,320000,2,C_fixed_crossing,100,0.00070526603719036,106,100,100,-0.05743595445015964,0.07251655396717029
0.1,tuning,29,320000,2,D_growing_crossing,10,0.00014003711240540635,21,20,20,-0.062452881209631016,0.07251655396717029
0.1,tuning,29,320000,2,D_growing_crossing,25,0.00034296510979339105,52,50,50,-0.05303557182810025,0.07251655396717029
0.1,tuning,29,320000,2,D_growing_crossing,50,0.00070526603719036,106,100,100,-0.05743595445015964,0.07251655396717029
0.1,tuning,29,320000,3,A_fixed_raw,1.0e-5,1.0e-5,2,1,1,-0.04899166182181779,0.2982316007191014
0.1,tuning,29,320000,3,A_fixed_raw,0.0001,0.0001,12,13,12,-0.08677806163558122,0.2982316007191014
0.1,tuning,29,320000,3,A_fixed_raw,0.001,0.001,111,113,111,-0.046218702321999816,0.2982316007191014
0.1,tuning,29,320000,3,C_fixed_crossing,10,8.350154471853436e-5,10,11,10,-0.0690999486970975,0.2982316007191014
0.1,tuning,29,320000,3,C_fixed_crossing,25,0.00022317892746405847,25,27,25,-0.05878299647071786,0.2982316007191014
0.1,tuning,29,320000,3,C_fixed_crossing,50,0.00046567350532288184,50,54,50,-0.05593997792168197,0.2982316007191014
0.1,tuning,29,320000,3,C_fixed_crossing,100,0.0008968517231889677,100,101,100,-0.05244676109609401,0.2982316007191014
0.1,tuning,29,320000,3,D_growing_crossing,10,0.00018334178313053807,20,24,20,-0.06255434548624893,0.2982316007191014
0.1,tuning,29,320000,3,D_growing_crossing,25,0.00046567350532288184,50,54,50,-0.05593997792168197,0.2982316007191014
0.1,tuning,29,320000,3,D_growing_crossing,50,0.0008968517231889677,100,101,100,-0.05244676109609401,0.2982316007191014
0.1,tuning,29,320000,4,A_fixed_raw,1.0e-5,1.0e-5,10,8,8,1.2728011527865513,1.5901957092207055
0.1,tuning,29,320000,4,A_fixed_raw,0.0001,0.0001,82,83,82,1.175951976493117,1.5901957092207055
0.1,tuning,29,320000,4,A_fixed_raw,0.001,0.001,828,836,828,1.2086050486899147,1.5901957092207055
0.1,tuning,29,320000,4,C_fixed_crossing,10,1.1688994567039128e-5,11,10,10,1.219413754741793,1.5901957092207055
0.1,tuning,29,320000,4,C_fixed_crossing,25,2.9906107635834993e-5,25,27,25,1.26338879526388,1.5901957092207055
0.1,tuning,29,320000,4,C_fixed_crossing,50,5.8441899544890316e-5,50,50,50,1.26353193524071,1.5901957092207055
0.1,tuning,29,320000,4,C_fixed_crossing,100,0.00012105702858267773,101,100,100,1.1830573934201345,1.5901957092207055
0.1,tuning,29,320000,4,D_growing_crossing,10,2.438964617127589e-5,20,23,20,1.2416050180314762,1.5901957092207055
0.1,tuning,29,320000,4,D_growing_crossing,25,5.8441899544890316e-5,50,50,50,1.26353193524071,1.5901957092207055
0.1,tuning,29,320000,4,D_growing_crossing,50,0.00012105702858267773,101,100,100,1.1830573934201345,1.5901957092207055
0.1,tuning,29,320000,5,A_fixed_raw,1.0e-5,1.0e-5,7,5,5,-1.4276250552398837,0.751197942485476
0.1,tuning,29,320000,5,A_fixed_raw,0.0001,0.0001,58,54,54,-1.3582483122854399,0.751197942485476
0.1,tuning,29,320000,5,A_fixed_raw,0.001,0.001,548,544,544,-1.3296751178282078,0.751197942485476
0.1,tuning,29,320000,5,C_fixed_crossing,10,1.8359543658790717e-5,12,10,10,-1.4894232131128193,0.751197942485476
0.1,tuning,29,320000,5,C_fixed_crossing,25,4.9429158345901235e-5,28,25,25,-1.3103162446682977,0.751197942485476
0.1,tuning,29,320000,5,C_fixed_crossing,50,9.313959874887653e-5,54,51,51,-1.3802479385956785,0.751197942485476
0.1,tuning,29,320000,5,C_fixed_crossing,100,0.00018739129887023167,105,100,100,-1.3379755171093608,0.751197942485476
0.1,tuning,29,320000,5,D_growing_crossing,10,3.83080658593738e-5,22,20,20,-1.3678814030513011,0.751197942485476
0.1,tuning,29,320000,5,D_growing_crossing,25,9.313959874887653e-5,54,51,51,-1.3802479385956785,0.751197942485476
0.1,tuning,29,320000,5,D_growing_crossing,50,0.00018739129887023167,105,100,100,-1.3379755171093608,0.751197942485476
0.1,tuning,29,320000,6,A_fixed_raw,1.0e-5,1.0e-5,6,8,6,-0.9086480869884005,1.1372293674543315
0.1,tuning,29,320000,6,A_fixed_raw,0.0001,0.0001,70,68,68,-0.903326418674813,1.1372293674543315
0.1,tuning,29,320000,6,A_fixed_raw,0.001,0.001,687,680,680,-0.8619624658075739,1.1372293674543315
0.1,tuning,29,320000,6,C_fixed_crossing,10,1.48643127089444e-5,10,11,10,-0.9598522302571328,1.1372293674543315
0.1,tuning,29,320000,6,C_fixed_crossing,25,3.5359083519112245e-5,26,25,25,-0.8926445782473056,1.1372293674543315
0.1,tuning,29,320000,6,C_fixed_crossing,50,7.377841875327252e-5,51,50,50,-0.8884678981675593,1.1372293674543315
0.1,tuning,29,320000,6,C_fixed_crossing,100,0.00014736072345184788,101,100,100,-0.8576138262731532,1.1372293674543315
0.1,tuning,29,320000,6,D_growing_crossing,10,2.7805667388959112e-5,20,20,20,-0.9485304574273681,1.1372293674543315
0.1,tuning,29,320000,6,D_growing_crossing,25,7.377841875327252e-5,51,50,50,-0.8884678981675593,1.1372293674543315
0.1,tuning,29,320000,6,D_growing_crossing,50,0.00014736072345184788,101,100,100,-0.8576138262731532,1.1372293674543315
0.1,tuning,29,320000,7,A_fixed_raw,1.0e-5,1.0e-5,6,4,4,-0.7259524415346995,0.9924333042822502
0.1,tuning,29,320000,7,A_fixed_raw,0.0001,0.0001,49,46,46,-0.8740731626188936,0.9924333042822502
0.1,tuning,29,320000,7,A_fixed_raw,0.001,0.001,473,467,467,-0.8491879301462043,0.9924333042822502
0.1,tuning,29,320000,7,C_fixed_crossing,10,1.974642367414008e-5,10,10,10,-0.8134512124979975,0.9924333042822502
0.1,tuning,29,320000,7,C_fixed_crossing,25,5.394300027073001e-5,29,25,25,-0.9204062774392953,0.9924333042822502
0.1,tuning,29,320000,7,C_fixed_crossing,50,0.00010774261199119845,53,50,50,-0.8792810393502248,0.9924333042822502
0.1,tuning,29,320000,7,C_fixed_crossing,100,0.00021995197827432051,105,100,100,-0.8464043502998772,0.9924333042822502
0.1,tuning,29,320000,7,D_growing_crossing,10,4.399270898241756e-5,24,21,21,-0.9333678480905875,0.9924333042822502
0.1,tuning,29,320000,7,D_growing_crossing,25,0.00010774261199119845,53,50,50,-0.8792810393502248,0.9924333042822502
0.1,tuning,29,320000,7,D_growing_crossing,50,0.00021995197827432051,105,100,100,-0.8464043502998772,0.9924333042822502
0.1,tuning,29,320000,8,A_fixed_raw,1.0e-5,1.0e-5,3,4,3,-0.26603054447196794,0.36414053330894147
0.1,tuning,29,320000,8,A_fixed_raw,0.0001,0.0001,36,34,34,-0.2767882242896147,0.36414053330894147
0.1,tuning,29,320000,8,A_fixed_raw,0.001,0.001,350,348,348,-0.27854410759781817,0.36414053330894147
0.1,tuning,29,320000,8,C_fixed_crossing,10,2.76039140558253e-5,11,10,10,-0.3273954442869937,0.36414053330894147
0.1,tuning,29,320000,8,C_fixed_crossing,25,6.909799269722478e-5,26,25,25,-0.30691031048658546,0.36414053330894147
0.1,tuning,29,320000,8,C_fixed_crossing,50,0.0001452300313988595,53,50,50,-0.29008983141890077,0.36414053330894147
0.1,tuning,29,320000,8,C_fixed_crossing,100,0.00029648095698320655,104,101,101,-0.2828926856391326,0.36414053330894147
0.1,tuning,29,320000,8,D_growing_crossing,10,5.759688678976135e-5,21,20,20,-0.2843247335514173,0.36414053330894147
0.1,tuning,29,320000,8,D_growing_crossing,25,0.0001452300313988595,53,50,50,-0.29008983141890077,0.36414053330894147
0.1,tuning,29,320000,8,D_growing_crossing,50,0.00029648095698320655,104,101,101,-0.2828926856391326,0.36414053330894147
0.1,tuning,29,320000,9,A_fixed_raw,1.0e-5,1.0e-5,11,12,11,1.2410162294911042,1.4440302098093005
0.1,tuning,29,320000,9,A_fixed_raw,0.0001,0.0001,109,113,109,1.067703898507688,1.4440302098093005
0.1,tuning,29,320000,9,A_fixed_raw,0.001,0.001,1116,1130,1116,1.0569125454734027,1.4440302098093005
0.1,tuning,29,320000,9,C_fixed_crossing,10,8.671779480270869e-6,10,10,10,1.1802192972225771,1.4440302098093005
0.1,tuning,29,320000,9,C_fixed_crossing,25,2.2025628195672076e-5,25,25,25,1.1607720422417764,1.4440302098093005
0.1,tuning,29,320000,9,C_fixed_crossing,50,4.4638132759548304e-5,50,54,50,1.0982784422702847,1.4440302098093005
0.1,tuning,29,320000,9,C_fixed_crossing,100,9.179289117155112e-5,100,105,100,1.069839813866866,1.4440302098093005
0.1,tuning,29,320000,9,D_growing_crossing,10,1.7832459847369494e-5,20,21,20,1.1597669198439886,1.4440302098093005
0.1,tuning,29,320000,9,D_growing_crossing,25,4.4638132759548304e-5,50,54,50,1.0982784422702847,1.4440302098093005
0.1,tuning,29,320000,9,D_growing_crossing,50,9.179289117155112e-5,100,105,100,1.069839813866866,1.4440302098093005
0.1,tuning,29,320000,10,A_fixed_raw,1.0e-5,1.0e-5,3,1,1,-0.0037747258326004114,0.08745637221810908
0.1,tuning,29,320000,10,A_fixed_raw,0.0001,0.0001,14,13,13,-0.06992017242662962,0.08745637221810908
0.1,tuning,29,320000,10,A_fixed_raw,0.001,0.001,136,134,134,-0.07084459094134493,0.08745637221810908
0.1,tuning,29,320000,10,C_fixed_crossing,10,6.614385305008037e-5,10,10,10,-0.06259828717846823,0.08745637221810908
0.1,tuning,29,320000,10,C_fixed_crossing,25,0.00017937977720493343,26,25,25,-0.07387406686522192,0.08745637221810908
0.1,tuning,29,320000,10,C_fixed_crossing,50,0.00036353915711813314,51,50,50,-0.07532097139377061,0.08745637221810908
0.1,tuning,29,320000,10,C_fixed_crossing,100,0.0007421497893038315,101,100,100,-0.0726274678198024,0.08745637221810908
0.1,tuning,29,320000,10,D_growing_crossing,10,0.0001420916183478184,21,20,20,-0.0768248714119081,0.08745637221810908
0.1,tuning,29,320000,10,D_growing_crossing,25,0.00036353915711813314,51,50,50,-0.07532097139377061,0.08745637221810908
0.1,tuning,29,320000,10,D_growing_crossing,50,0.0007421497893038315,101,100,100,-0.0726274678198024,0.08745637221810908
0.1,tuning,29,320000,11,A_fixed_raw,1.0e-5,1.0e-5,5,4,4,-0.604750575091545,0.760287900075816
0.1,tuning,29,320000,11,A_fixed_raw,0.0001,0.0001,43,41,41,-0.6668419891414645,0.760287900075816
0.1,tuning,29,320000,11,A_fixed_raw,0.001,0.001,414,410,410,-0.6385782649791296,0.760287900075816
0.1,tuning,29,320000,11,C_fixed_crossing,10,2.2676651787351946e-5,11,10,10,-0.6759168440702248,0.760287900075816
0.1,tuning,29,320000,11,C_fixed_crossing,25,6.240052379311417e-5,28,25,25,-0.6468394031980015,0.760287900075816
0.1,tuning,29,320000,11,C_fixed_crossing,50,0.0001228330748058663,52,50,50,-0.6568143241401954,0.760287900075816
0.1,tuning,29,320000,11,C_fixed_crossing,100,0.00024533964095570324,102,100,100,-0.6320004729512239,0.760287900075816
0.1,tuning,29,320000,11,D_growing_crossing,10,5.239435163813839e-5,24,20,20,-0.6357189407025498,0.760287900075816
0.1,tuning,29,320000,11,D_growing_crossing,25,0.0001228330748058663,52,50,50,-0.6568143241401954,0.760287900075816
0.1,tuning,29,320000,11,D_growing_crossing,50,0.00024533964095570324,102,100,100,-0.6320004729512239,0.760287900075816
0.1,tuning,29,320000,12,A_fixed_raw,1.0e-5,1.0e-5,8,5,5,-0.5466874737000693,0.8440821262399694
0.1,tuning,29,320000,12,A_fixed_raw,0.0001,0.0001,63,58,58,-0.6548403742767661,0.8440821262399694
0.1,tuning,29,320000,12,A_fixed_raw,0.001,0.001,617,615,615,-0.6402628645340164,0.8440821262399694
0.1,tuning,29,320000,12,C_fixed_crossing,10,1.610401100754734e-5,12,10,10,-0.6532370583143702,0.8440821262399694
0.1,tuning,29,320000,12,C_fixed_crossing,25,4.272972308493885e-5,30,25,25,-0.6511378161993843,0.8440821262399694
0.1,tuning,29,320000,12,C_fixed_crossing,50,8.534586418490326e-5,56,50,50,-0.6693956124466087,0.8440821262399694
0.1,tuning,29,320000,12,C_fixed_crossing,100,0.0001680001109374076,107,100,100,-0.642854871369322,0.8440821262399694
0.1,tuning,29,320000,12,D_growing_crossing,10,3.409476611431042e-5,24,20,20,-0.7330741709519737,0.8440821262399694
0.1,tuning,29,320000,12,D_growing_crossing,25,8.534586418490326e-5,56,50,50,-0.6693956124466087,0.8440821262399694
0.1,tuning,29,320000,12,D_growing_crossing,50,0.0001680001109374076,107,100,100,-0.642854871369322,0.8440821262399694
0.1,tuning,29,320000,13,A_fixed_raw,1.0e-5,1.0e-5,1,2,1,0.14083922072680166,0.3071677326761748
0.1,tuning,29,320000,13,A_fixed_raw,0.0001,0.0001,12,13,12,0.1693388323897177,0.3071677326761748
0.1,tuning,29,320000,13,A_fixed_raw,0.001,0.001,108,114,108,0.15092939432714142,0.3071677326761748
0.1,tuning,29,320000,13,C_fixed_crossing,10,8.110430036062618e-5,10,11,10,0.18257504281062656,0.3071677326761748
0.1,tuning,29,320000,13,C_fixed_crossing,25,0.0002248101125347713,25,29,25,0.15365285070211196,0.3071677326761748
0.1,tuning,29,320000,13,C_fixed_crossing,50,0.0004589403215148984,50,55,50,0.14486658346586312,0.3071677326761748
0.1,tuning,29,320000,13,C_fixed_crossing,100,0.0009233604622291324,100,103,100,0.1490357681474289,0.3071677326761748
0.1,tuning,29,320000,13,D_growing_crossing,10,0.00016678112986155937,20,23,20,0.15461121768342878,0.3071677326761748
0.1,tuning,29,320000,13,D_growing_crossing,25,0.0004589403215148984,50,55,50,0.14486658346586312,0.3071677326761748
0.1,tuning,29,320000,13,D_growing_crossing,50,0.0009233604622291324,100,103,100,0.1490357681474289,0.3071677326761748
0.1,tuning,29,320000,14,A_fixed_raw,1.0e-5,1.0e-5,10,9,9,1.0530747002843177,1.2972022936396106
0.1,tuning,29,320000,14,A_fixed_raw,0.0001,0.0001,91,92,91,1.0019434137250454,1.2972022936396106
0.1,tuning,29,320000,14,A_fixed_raw,0.001,0.001,901,908,901,0.9861447706817974,1.2972022936396106
0.1,tuning,29,320000,14,C_fixed_crossing,10,1.1774427872262214e-5,13,10,10,1.08280525085054,1.2972022936396106
0.1,tuning,29,320000,14,C_fixed_crossing,25,2.4928346375723116e-5,25,25,25,1.0593272319399882,1.2972022936396106
0.1,tuning,29,320000,14,C_fixed_crossing,50,5.394300027073001e-5,50,51,50,1.061033601452241,1.2972022936396106
0.1,tuning,29,320000,14,C_fixed_crossing,100,0.00011012234996278464,100,101,100,1.0030678094773235,1.2972022936396106
0.1,tuning,29,320000,14,D_growing_crossing,10,2.1083968692027628e-5,21,20,20,1.0751597819056908,1.2972022936396106
0.1,tuning,29,320000,14,D_growing_crossing,25,5.394300027073001e-5,50,51,50,1.061033601452241,1.2972022936396106
0.1,tuning,29,320000,14,D_growing_crossing,50,0.00011012234996278464,100,101,100,1.0030678094773235,1.2972022936396106
0.1,tuning,29,320000,1,B_power_scaled_anchor25,0.3333333333333333,0.0003703393714259428,62,58,58,-0.2918267376725645,0.3819730496717949
0.1,tuning,29,320000,1,B_power_scaled_anchor25,0.5,0.0002939385538933917,50,46,46,-0.29962205976101536,0.3819730496717949
0.1,tuning,29,320000,1,B_power_scaled_anchor25,0.6666666666666666,0.00023329918483219067,39,36,36,-0.29830058502431006,0.3819730496717949
0.1,tuning,29,320000,1,B_power_scaled_anchor100,0.3333333333333333,0.0015434075848298377,255,251,251,-0.29331467530499183,0.3819730496717949
0.1,tuning,29,320000,1,B_power_scaled_anchor100,0.5,0.001225003411887291,201,197,197,-0.2882956945000441,0.3819730496717949
0.1,tuning,29,320000,1,B_power_scaled_anchor100,0.6666666666666666,0.0009722858523472598,162,156,156,-0.29474033148319445,0.3819730496717949
0.1,tuning,29,320000,2,B_power_scaled_anchor25,0.3333333333333333,0.00047438420284104653,72,68,68,-0.05291838696714459,0.07251655396717029
0.1,tuning,29,320000,2,B_power_scaled_anchor25,0.5,0.0003765189913134865,59,53,53,-0.057445822557291214,0.07251655396717029
0.1,tuning,29,320000,2,B_power_scaled_anchor25,0.6666666666666666,0.0002988433214485169,44,43,43,-0.05724427079501569,0.07251655396717029
0.1,tuning,29,320000,2,B_power_scaled_anchor100,0.3333333333333333,0.0017341359436016859,255,251,251,-0.0536874368584113,0.07251655396717029
0.1,tuning,29,320000,2,B_power_scaled_anchor100,0.5,0.001376384610564591,203,202,202,-0.05560711617448751,0.07251655396717029
0.1,tuning,29,320000,2,B_power_scaled_anchor100,0.6666666666666666,0.0010924371893615364,162,157,157,-0.0560285965453627,0.07251655396717029
0.1,tuning,29,320000,3,B_power_scaled_anchor25,0.3333333333333333,0.0005816806415015719,62,66,62,-0.04616591547480127,0.2982316007191014
0.1,tuning,29,320000,3,B_power_scaled_anchor25,0.5,0.0004616802311145662,49,54,49,-0.04884375322616057,0.2982316007191014
0.1,tuning,29,320000,3,B_power_scaled_anchor25,0.6666666666666666,0.00036643584227209194,39,45,39,-0.048354623152748716,0.2982316007191014
0.1,tuning,29,320000,3,B_power_scaled_anchor100,0.3333333333333333,0.0023037044309696417,254,261,254,-0.057676247967957534,0.2982316007191014
0.1,tuning,29,320000,3,B_power_scaled_anchor100,0.5,0.0018284514185725057,203,206,203,-0.05442138157475166,0.2982316007191014
0.1,tuning,29,320000,3,B_power_scaled_anchor100,0.6666666666666666,0.001451242852657371,158,163,158,-0.049743916016127904,0.2982316007191014
0.1,tuning,29,320000,4,B_power_scaled_anchor25,0.3333333333333333,7.794554831897846e-5,66,66,66,1.2341898883751254,1.5901957092207055
0.1,tuning,29,320000,4,B_power_scaled_anchor25,0.5,6.186542269889226e-5,53,54,53,1.2577135970558377,1.5901957092207055
0.1,tuning,29,320000,4,B_power_scaled_anchor25,0.6666666666666666,4.9102618536339455e-5,41,42,41,1.30365310313388,1.5901957092207055
0.1,tuning,29,320000,4,B_power_scaled_anchor100,0.3333333333333333,0.0003042342818481805,253,255,253,1.2037302246489967,1.5901957092207055
0.1,tuning,29,320000,4,B_power_scaled_anchor100,0.5,0.0002414709095252957,203,204,203,1.2262362771019446,1.5901957092207055
0.1,tuning,29,320000,4,B_power_scaled_anchor100,0.6666666666666666,0.0001916555879000862,162,161,161,1.2071268322633548,1.5901957092207055
0.1,tuning,29,320000,5,B_power_scaled_anchor25,0.3333333333333333,0.00010817100764803682,62,59,59,-1.361093655040737,0.751197942485476
0.1,tuning,29,320000,5,B_power_scaled_anchor25,0.5,8.58553856664769e-5,49,46,46,-1.354443924595988,0.751197942485476
0.1,tuning,29,320000,5,B_power_scaled_anchor25,0.6666666666666666,6.814346476205046e-5,40,37,37,-1.3924578759562993,0.751197942485476
0.1,tuning,29,320000,5,B_power_scaled_anchor100,0.3333333333333333,0.00047094214936430783,261,256,256,-1.3394401534110627,0.751197942485476
0.1,tuning,29,320000,5,B_power_scaled_anchor100,0.5,0.0003737870316585336,206,204,204,-1.3264145766290798,0.751197942485476
0.1,tuning,29,320000,5,B_power_scaled_anchor100,0.6666666666666666,0.0002966749636334135,165,159,159,-1.3410157447655326,0.751197942485476
0.1,tuning,29,320000,6,B_power_scaled_anchor25,0.3333333333333333,9.148918681815822e-5,65,62,62,-0.8920246970291608,1.1372293674543315
0.1,tuning,29,320000,6,B_power_scaled_anchor25,0.5,7.261501569942975e-5,49,49,49,-0.882658187266722,1.1372293674543315
0.1,tuning,29,320000,6,B_power_scaled_anchor25,0.6666666666666666,5.7634576154981056e-5,41,39,39,-0.8997004343328138,1.1372293674543315
0.1,tuning,29,320000,6,B_power_scaled_anchor100,0.3333333333333333,0.0003676522500729221,254,250,250,-0.861667373860197,1.1372293674543315
0.1,tuning,29,320000,6,B_power_scaled_anchor100,0.5,0.00029180578426211604,199,201,199,-0.8684423161981453,1.1372293674543315
0.1,tuning,29,320000,6,B_power_scaled_anchor100,0.6666666666666666,0.00023160640445404426,160,158,158,-0.8509903679677775,1.1372293674543315
0.1,tuning,29,320000,7,B_power_scaled_anchor25,0.3333333333333333,0.0001269665521694718,62,58,58,-0.8740310083144246,0.9924333042822502
0.1,tuning,29,320000,7,B_power_scaled_anchor25,0.5,0.0001007734192392974,49,47,47,-0.8879873529572042,0.9924333042822502
0.1,tuning,29,320000,7,B_power_scaled_anchor25,0.6666666666666666,7.998391585544655e-5,40,37,37,-0.8948927957949102,0.9924333042822502
0.1,tuning,29,320000,7,B_power_scaled_anchor100,0.3333333333333333,0.0005408265977351247,256,254,254,-0.8495506254840878,0.9924333042822502
0.1,tuning,29,320000,7,B_power_scaled_anchor100,0.5,0.0004292543550885596,204,199,199,-0.8454247158207019,0.9924333042822502
0.1,tuning,29,320000,7,B_power_scaled_anchor100,0.6666666666666666,0.0003406994074147553,163,159,159,-0.8575834747425923,0.9924333042822502
0.1,tuning,29,320000,8,B_power_scaled_anchor25,0.3333333333333333,0.0001895114496602646,69,64,64,-0.29233459493949865,0.36414053330894147
0.1,tuning,29,320000,8,B_power_scaled_anchor25,0.5,0.00015041533727536125,56,52,52,-0.3105638939745423,0.36414053330894147
0.1,tuning,29,320000,8,B_power_scaled_anchor25,0.6666666666666666,0.00011938473231153,44,40,40,-0.283747491467459,0.36414053330894147
0.1,tuning,29,320000,8,B_power_scaled_anchor100,0.3333333333333333,0.0007289990684171164,254,252,252,-0.2702648970956242,0.36414053330894147
0.1,tuning,29,320000,8,B_power_scaled_anchor100,0.5,0.000578606944044584,203,197,197,-0.27364605234575157,0.36414053330894147
0.1,tuning,29,320000,8,B_power_scaled_anchor100,0.6666666666666666,0.0004592406358262389,160,156,156,-0.2734753045573457,0.36414053330894147
0.1,tuning,29,320000,9,B_power_scaled_anchor25,0.3333333333333333,5.575824564251957e-5,62,64,62,1.1128819964544068,1.4440302098093005
0.1,tuning,29,320000,9,B_power_scaled_anchor25,0.5,4.425534889441842e-5,49,53,49,1.1093024909016544,1.4440302098093005
0.1,tuning,29,320000,9,B_power_scaled_anchor25,0.6666666666666666,3.512549369510975e-5,37,42,37,1.1066292418173098,1.4440302098093005
0.1,tuning,29,320000,9,B_power_scaled_anchor100,0.3333333333333333,0.00022901531825708779,255,259,255,1.068261483827752,1.4440302098093005
0.1,tuning,29,320000,9,B_power_scaled_anchor100,0.5,0.00018176957855906657,202,204,202,1.0472306817394903,1.4440302098093005
0.1,tuning,29,320000,9,B_power_scaled_anchor100,0.6666666666666666,0.0001442706101102393,160,164,160,1.051265146447492,1.4440302098093005
0.1,tuning,29,320000,10,B_power_scaled_anchor25,0.3333333333333333,0.0004955713142197965,70,65,65,-0.0715825746261615,0.08745637221810908
0.1,tuning,29,320000,10,B_power_scaled_anchor25,0.5,0.00039333521275888405,53,53,53,-0.06979826751858768,0.08745637221810908
0.1,tuning,29,320000,10,B_power_scaled_anchor25,0.6666666666666666,0.0003121903652547941,43,43,43,-0.0752428006096651,0.08745637221810908
0.1,tuning,29,320000,10,B_power_scaled_anchor100,0.3333333333333333,0.001851599486873157,250,249,249,-0.06879491411195024,0.08745637221810908
0.1,tuning,29,320000,10,B_power_scaled_anchor100,0.5,0.001469615486643114,199,198,198,-0.0692077432705149,0.08745637221810908
0.1,tuning,29,320000,10,B_power_scaled_anchor100,0.6666666666666666,0.0011664345847430184,160,158,158,-0.07268034042964287,0.08745637221810908
0.1,tuning,29,320000,11,B_power_scaled_anchor25,0.3333333333333333,0.00015011719268055552,65,60,60,-0.6565474081448599,0.760287900075816
0.1,tuning,29,320000,11,B_power_scaled_anchor25,0.5,0.00011914809478981337,50,48,48,-0.6339779968031183,0.760287900075816
0.1,tuning,29,320000,11,B_power_scaled_anchor25,0.6666666666666666,9.456790550467826e-5,41,38,38,-0.6468463500918743,0.760287900075816
0.1,tuning,29,320000,11,B_power_scaled_anchor100,0.3333333333333333,0.0006076598635425851,253,249,249,-0.6427712585127923,0.760287900075816
0.1,tuning,29,320000,11,B_power_scaled_anchor100,0.5,0.000482299953313176,202,198,198,-0.6531598343835895,0.760287900075816
0.1,tuning,29,320000,11,B_power_scaled_anchor100,0.6666666666666666,0.0003828017266267746,158,158,158,-0.628731400205754,0.760287900075816
0.1,tuning,29,320000,12,B_power_scaled_anchor25,0.3333333333333333,0.00011056020770145487,71,65,65,-0.668069485553956,0.8440821262399694
0.1,tuning,29,320000,12,B_power_scaled_anchor25,0.5,8.775169500555604e-5,56,52,52,-0.6767916265890521,0.8440821262399694
0.1,tuning,29,320000,12,B_power_scaled_anchor25,0.6666666666666666,6.964856648190614e-5,45,40,40,-0.6737614609005467,0.8440821262399694
0.1,tuning,29,320000,12,B_power_scaled_anchor100,0.3333333333333333,0.0004071124879477427,254,248,248,-0.6485225411729263,0.8440821262399694
0.1,tuning,29,320000,12,B_power_scaled_anchor100,0.5,0.00032312539581881886,199,197,197,-0.6290599782783945,0.8440821262399694
0.1,tuning,29,320000,12,B_power_scaled_anchor100,0.6666666666666666,0.000256464796620217,158,152,152,-0.6325106609275543,0.8440821262399694
0.1,tuning,29,320000,13,B_power_scaled_anchor25,0.3333333333333333,0.000573270107872307,61,65,61,0.14070447674006895,0.3071677326761748
0.1,tuning,29,320000,13,B_power_scaled_anchor25,0.5,0.0004550047861492116,48,54,48,0.14659602301409472,0.3071677326761748
0.1,tuning,29,320000,13,B_power_scaled_anchor25,0.6666666666666666,0.0003611375380919121,40,44,40,0.15252670225581294,0.3071677326761748
0.1,tuning,29,320000,13,B_power_scaled_anchor100,0.3333333333333333,0.0023545869259117324,254,263,254,0.15093556912649544,0.3071677326761748
0.1,tuning,29,320000,13,B_power_scaled_anchor100,0.5,0.0018688368815714266,205,211,205,0.15107414383984627,0.3071677326761748
0.1,tuning,29,320000,13,B_power_scaled_anchor100,0.6666666666666666,0.0014832968158817262,162,168,162,0.14860048706141019,0.3071677326761748
0.1,tuning,29,320000,14,B_power_scaled_anchor25,0.3333333333333333,7.142322137961315e-5,64,64,64,1.035948153003948,1.2972022936396106
0.1,tuning,29,320000,14,B_power_scaled_anchor25,0.5,5.6688648376477755e-5,54,53,53,1.0496554995652108,1.2972022936396106
0.1,tuning,29,320000,14,B_power_scaled_anchor25,0.6666666666666666,4.499381003373808e-5,41,41,41,1.0448401912961502,1.2972022936396106
0.1,tuning,29,320000,14,B_power_scaled_anchor100,0.3333333333333333,0.0002870165203223722,261,262,261,1.0074058754752977,1.2972022936396106
0.1,tuning,29,320000,14,B_power_scaled_anchor100,0.5,0.00022780516314599284,208,207,207,0.9849890436133102,1.2972022936396106
0.1,tuning,29,320000,14,B_power_scaled_anchor100,0.6666666666666666,0.0001808090778108682,164,163,163,0.976294593765484,1.2972022936396106
0.1,tuning,29,1280000,1,A_fixed_raw,1.0e-5,1.0e-5,7,5,5,-0.2174469183664762,0.3819730496717949
0.1,tuning,29,1280000,1,A_fixed_raw,0.0001,0.0001,66,61,61,-0.256447214185343,0.3819730496717949
0.1,tuning,29,1280000,1,A_fixed_raw,0.001,0.001,654,654,654,-0.28907561432790774,0.3819730496717949
0.1,tuning,29,1280000,1,C_fixed_crossing,10,1.6459704319425027e-5,12,10,10,-0.21459844294792718,0.3819730496717949
0.1,tuning,29,1280000,1,C_fixed_crossing,25,4.150299622706299e-5,28,25,25,-0.2525871588795982,0.3819730496717949
0.1,tuning,29,1280000,1,C_fixed_crossing,50,8.28956712923322e-5,55,50,50,-0.2552968898558431,0.3819730496717949
0.1,tuning,29,1280000,1,C_fixed_crossing,100,0.00015965075271329006,104,100,100,-0.2707165537487148,0.3819730496717949
0.1,tuning,29,1280000,1,D_growing_crossing,10,6.5187477573993e-5,44,40,40,-0.26139087491230156,0.3819730496717949
0.1,tuning,29,1280000,1,D_growing_crossing,25,0.00015965075271329006,104,100,100,-0.2707165537487148,0.3819730496717949
0.1,tuning,29,1280000,1,D_growing_crossing,50,0.00030972249205048273,204,200,200,-0.28878762381083306,0.3819730496717949
0.1,tuning,29,1280000,2,A_fixed_raw,1.0e-5,1.0e-5,7,7,7,-0.03562883239202619,0.07251655396717029
0.1,tuning,29,1280000,2,A_fixed_raw,0.0001,0.0001,61,58,58,-0.04471073291045791,0.07251655396717029
0.1,tuning,29,1280000,2,A_fixed_raw,0.001,0.001,581,583,581,-0.05284463542043483,0.07251655396717029
0.1,tuning,29,1280000,2,C_fixed_crossing,10,1.598716296171024e-5,11,10,10,-0.05756722896215041,0.07251655396717029
0.1,tuning,29,1280000,2,C_fixed_crossing,25,4.496438692955098e-5,27,26,26,-0.048898481187679685,0.07251655396717029
0.1,tuning,29,1280000,2,C_fixed_crossing,50,8.659798644104171e-5,52,50,50,-0.04134687572534204,0.07251655396717029
0.1,tuning,29,1280000,2,C_fixed_crossing,100,0.0001717107713329538,103,100,100,-0.05132438892423168,0.07251655396717029
0.1,tuning,29,1280000,2,D_growing_crossing,10,7.166031544526975e-5,43,40,40,-0.04460665907093285,0.07251655396717029
0.1,tuning,29,1280000,2,D_growing_crossing,25,0.0001717107713329538,103,100,100,-0.05132438892423168,0.07251655396717029
0.1,tuning,29,1280000,2,D_growing_crossing,50,0.0003479968034923487,204,200,200,-0.051100528832568895,0.07251655396717029
0.1,tuning,29,1280000,3,A_fixed_raw,1.0e-5,1.0e-5,5,4,4,-0.12657639080759786,0.2982316007191014
0.1,tuning,29,1280000,3,A_fixed_raw,0.0001,0.0001,43,44,43,-0.09382375756046557,0.2982316007191014
0.1,tuning,29,1280000,3,A_fixed_raw,0.001,0.001,445,447,445,-0.05341500825613299,0.2982316007191014
0.1,tuning,29,1280000,3,C_fixed_crossing,10,2.2512113744858148e-5,10,10,10,-0.13298550522620653,0.2982316007191014
0.1,tuning,29,1280000,3,C_fixed_crossing,25,5.886904360873602e-5,25,27,25,-0.08984802423992014,0.2982316007191014
0.1,tuning,29,1280000,3,C_fixed_crossing,50,0.00011672845179340822,51,52,51,-0.0974503493698382,0.2982316007191014
0.1,tuning,29,1280000,3,C_fixed_crossing,100,0.00022977554961958285,101,101,101,-0.07467761856330003,0.2982316007191014
0.1,tuning,29,1280000,3,D_growing_crossing,10,9.112685710400692e-5,40,41,40,-0.1014173210022969,0.2982316007191014
0.1,tuning,29,1280000,3,D_growing_crossing,25,0.00022977554961958285,101,101,101,-0.07467761856330003,0.2982316007191014
0.1,tuning,29,1280000,3,D_growing_crossing,50,0.00044902264621855695,200,202,200,-0.05507312217147325,0.2982316007191014
0.1,tuning,29,1280000,4,A_fixed_raw,1.0e-5,1.0e-5,31,33,31,1.049208445821903,1.5901957092207055
0.1,tuning,29,1280000,4,A_fixed_raw,0.0001,0.0001,332,333,332,1.2260145020867586,1.5901957092207055
0.1,tuning,29,1280000,4,A_fixed_raw,0.001,0.001,3316,3345,3316,1.212887936028431,1.5901957092207055
0.1,tuning,29,1280000,4,C_fixed_crossing,10,3.0386846862238475e-6,10,10,10,0.9332787049486626,1.5901957092207055
0.1,tuning,29,1280000,4,C_fixed_crossing,25,7.831248935962435e-6,25,27,25,1.1143714479912166,1.5901957092207055
0.1,tuning,29,1280000,4,C_fixed_crossing,50,1.5756004208723542e-5,51,54,51,1.1173764988114827,1.5901957092207055
0.1,tuning,29,1280000,4,C_fixed_crossing,100,3.124178456097416e-5,100,105,100,1.13052218616285,1.5901957092207055
0.1,tuning,29,1280000,4,D_growing_crossing,10,1.2390202709015413e-5,40,43,40,1.083753093067056,1.5901957092207055
0.1,tuning,29,1280000,4,D_growing_crossing,25,3.124178456097416e-5,100,105,100,1.13052218616285,1.5901957092207055
0.1,tuning,29,1280000,4,D_growing_crossing,50,6.060906826857519e-5,201,200,200,1.1759285446406762,1.5901957092207055
0.1,tuning,29,1280000,5,A_fixed_raw,1.0e-5,1.0e-5,23,21,21,-1.21552325866095,0.751197942485476
0.1,tuning,29,1280000,5,A_fixed_raw,0.0001,0.0001,220,212,212,-1.31673404669852,0.751197942485476
0.1,tuning,29,1280000,5,A_fixed_raw,0.001,0.001,2195,2189,2189,-1.3404882045413082,0.751197942485476
0.1,tuning,29,1280000,5,C_fixed_crossing,10,4.878185750431799e-6,12,10,10,-1.2541278100764193,0.751197942485476
0.1,tuning,29,1280000,5,C_fixed_crossing,25,1.1353415430510484e-5,26,26,26,-1.2840095752030471,0.751197942485476
0.1,tuning,29,1280000,5,C_fixed_crossing,50,2.334691804095086e-5,53,50,50,-1.2723112808825219,0.751197942485476
0.1,tuning,29,1280000,5,C_fixed_crossing,100,4.836099693217333e-5,111,100,100,-1.2806100895145816,0.751197942485476
0.1,tuning,29,1280000,5,D_growing_crossing,10,1.876505548348444e-5,43,40,40,-1.306746591009776,0.751197942485476
0.1,tuning,29,1280000,5,D_growing_crossing,25,4.836099693217333e-5,111,100,100,-1.2806100895145816,0.751197942485476
0.1,tuning,29,1280000,5,D_growing_crossing,50,9.450606407950591e-5,208,200,200,-1.3078578771825802,0.751197942485476
0.1,tuning,29,1280000,6,A_fixed_raw,1.0e-5,1.0e-5,31,26,26,-0.770645100645062,1.1372293674543315
0.1,tuning,29,1280000,6,A_fixed_raw,0.0001,0.0001,278,273,273,-0.8600971880003833,1.1372293674543315
0.1,tuning,29,1280000,6,A_fixed_raw,0.001,0.001,2739,2734,2734,-0.8631856712477889,1.1372293674543315
0.1,tuning,29,1280000,6,C_fixed_crossing,10,2.9087721003969527e-6,10,10,10,-0.7491522017523083,1.1372293674543315
0.1,tuning,29,1280000,6,C_fixed_crossing,25,9.059081495388814e-6,29,25,25,-0.7896109378637065,1.1372293674543315
0.1,tuning,29,1280000,6,C_fixed_crossing,50,1.862889933814634e-5,50,50,50,-0.7691895296463491,1.1372293674543315
0.1,tuning,29,1280000,6,C_fixed_crossing,100,3.8870089365846475e-5,106,100,100,-0.785254446545984,1.1372293674543315
0.1,tuning,29,1280000,6,D_growing_crossing,10,1.598716296171024e-5,46,41,41,-0.7868776202840002,1.1372293674543315
0.1,tuning,29,1280000,6,D_growing_crossing,25,3.8870089365846475e-5,106,100,100,-0.785254446545984,1.1372293674543315
0.1,tuning,29,1280000,6,D_growing_crossing,50,7.377841875327252e-5,201,200,200,-0.8293447113016144,1.1372293674543315
0.1,tuning,29,1280000,7,A_fixed_raw,1.0e-5,1.0e-5,19,17,17,-0.6730598578932878,0.9924333042822502
0.1,tuning,29,1280000,7,A_fixed_raw,0.0001,0.0001,185,188,185,-0.8431536949839169,0.9924333042822502
0.1,tuning,29,1280000,7,A_fixed_raw,0.001,0.001,1884,1886,1884,-0.8630261763639054,0.9924333042822502
0.1,tuning,29,1280000,7,C_fixed_crossing,10,5.208614852657787e-6,10,10,10,-0.6869060220270496,0.9924333042822502
0.1,tuning,29,1280000,7,C_fixed_crossing,25,1.3720047273051182e-5,25,25,25,-0.7260053112619036,0.9924333042822502
0.1,tuning,29,1280000,7,C_fixed_crossing,50,2.7403624611576486e-5,50,50,50,-0.7637763656280999,0.9924333042822502
0.1,tuning,29,1280000,7,C_fixed_crossing,100,5.4337262478685297e-5,101,100,100,-0.8167445796972994,0.9924333042822502
0.1,tuning,29,1280000,7,D_growing_crossing,10,2.154965557264874e-5,41,40,40,-0.7924107247189482,0.9924333042822502
0.1,tuning,29,1280000,7,D_growing_crossing,25,5.4337262478685297e-5,101,100,100,-0.8167445796972994,0.9924333042822502
0.1,tuning,29,1280000,7,D_growing_crossing,50,0.00010696084938195432,200,200,200,-0.8496966677560472,0.9924333042822502
0.1,tuning,29,1280000,8,A_fixed_raw,1.0e-5,1.0e-5,12,15,12,-0.2165487510495667,0.36414053330894147
0.1,tuning,29,1280000,8,A_fixed_raw,0.0001,0.0001,136,137,136,-0.24439479301870126,0.36414053330894147
0.1,tuning,29,1280000,8,A_fixed_raw,0.001,0.001,1382,1392,1382,-0.2722424958986336,0.36414053330894147
0.1,tuning,29,1280000,8,C_fixed_crossing,10,7.718016729428913e-6,10,12,10,-0.24209687149206752,0.36414053330894147
0.1,tuning,29,1280000,8,C_fixed_crossing,25,1.9460909684985566e-5,25,28,25,-0.22592683795391344,0.36414053330894147
0.1,tuning,29,1280000,8,C_fixed_crossing,50,3.640421137411001e-5,50,50,50,-0.23855265167136086,0.36414053330894147
0.1,tuning,29,1280000,8,C_fixed_crossing,100,7.324309472423212e-5,100,101,100,-0.24467429100639024,0.36414053330894147
0.1,tuning,29,1280000,8,D_growing_crossing,10,2.8627534774161456e-5,40,40,40,-0.24852506272656505,0.36414053330894147
0.1,tuning,29,1280000,8,D_growing_crossing,25,7.324309472423212e-5,100,101,100,-0.24467429100639024,0.36414053330894147
0.1,tuning,29,1280000,8,D_growing_crossing,50,0.00014629149836497854,200,202,200,-0.2570400861611539,0.36414053330894147
0.1,tuning,29,1280000,9,A_fixed_raw,1.0e-5,1.0e-5,44,47,44,0.9559316342215572,1.4440302098093005
0.1,tuning,29,1280000,9,A_fixed_raw,0.0001,0.0001,451,454,451,1.0782711629716417,1.4440302098093005
0.1,tuning,29,1280000,9,A_fixed_raw,0.001,0.001,4475,4510,4475,1.0585124801534145,1.4440302098093005
0.1,tuning,29,1280000,9,C_fixed_crossing,10,2.254325926655303e-6,10,10,10,0.9300468575074738,1.4440302098093005
0.1,tuning,29,1280000,9,C_fixed_crossing,25,5.895048896280862e-6,25,28,25,0.8186456576530962,1.4440302098093005
0.1,tuning,29,1280000,9,C_fixed_crossing,50,1.1353415430510484e-5,50,55,50,0.9857399027463855,1.4440302098093005
0.1,tuning,29,1280000,9,C_fixed_crossing,100,2.2512113744858148e-5,100,103,100,0.9465400851560165,1.4440302098093005
0.1,tuning,29,1280000,9,D_growing_crossing,10,9.259171690195226e-6,40,43,40,0.9075532827888244,1.4440302098093005
0.1,tuning,29,1280000,9,D_growing_crossing,25,2.2512113744858148e-5,100,103,100,0.9465400851560165,1.4440302098093005
0.1,tuning,29,1280000,9,D_growing_crossing,50,4.5624066342792786e-5,201,201,201,0.9721278356759369,1.4440302098093005
0.1,tuning,29,1280000,10,A_fixed_raw,1.0e-5,1.0e-5,8,5,5,-0.03423364212037927,0.08745637221810908
0.1,tuning,29,1280000,10,A_fixed_raw,0.0001,0.0001,56,54,54,-0.05899465832827355,0.08745637221810908
0.1,tuning,29,1280000,10,A_fixed_raw,0.001,0.001,537,538,537,-0.06306190141738832,0.08745637221810908
0.1,tuning,29,1280000,10,C_fixed_crossing,10,2.154965557264874e-5,14,10,10,-0.055595140853623874,0.08745637221810908
0.1,tuning,29,1280000,10,C_fixed_crossing,25,5.12621125592225e-5,30,25,25,-0.048980758075890474,0.08745637221810908
0.1,tuning,29,1280000,10,C_fixed_crossing,50,9.313959874887653e-5,50,50,50,-0.05066700259723125,0.08745637221810908
0.1,tuning,29,1280000,10,C_fixed_crossing,100,0.0001860316185353387,105,100,100,-0.061782702937593345,0.08745637221810908
0.1,tuning,29,1280000,10,D_growing_crossing,10,7.431765539437754e-5,41,40,40,-0.05471926097414093,0.08745637221810908
0.1,tuning,29,1280000,10,D_growing_crossing,25,0.0001860316185353387,105,100,100,-0.061782702937593345,0.08745637221810908
0.1,tuning,29,1280000,10,D_growing_crossing,50,0.0003742844836841116,205,200,200,-0.05848756244996248,0.08745637221810908
0.1,tuning,29,1280000,11,A_fixed_raw,1.0e-5,1.0e-5,16,15,15,-0.512764943316063,0.760287900075816
0.1,tuning,29,1280000,11,A_fixed_raw,0.0001,0.0001,165,163,163,-0.6265322833869102,0.760287900075816
0.1,tuning,29,1280000,11,A_fixed_raw,0.001,0.001,1654,1652,1652,-0.6439285204883834,0.760287900075816
0.1,tuning,29,1280000,11,C_fixed_crossing,10,6.386701771862722e-6,10,10,10,-0.4933509214868463,0.760287900075816
0.1,tuning,29,1280000,11,C_fixed_crossing,25,1.610401100754734e-5,26,25,25,-0.5641311348810246,0.760287900075816
0.1,tuning,29,1280000,11,C_fixed_crossing,50,3.1470126605347925e-5,53,50,50,-0.5921284815994404,0.760287900075816
0.1,tuning,29,1280000,11,C_fixed_crossing,100,6.285660091460845e-5,103,100,100,-0.5895911644840047,0.760287900075816
0.1,tuning,29,1280000,11,D_growing_crossing,10,2.511054434086114e-5,42,40,40,-0.5772915110122326,0.760287900075816
0.1,tuning,29,1280000,11,D_growing_crossing,25,6.285660091460845e-5,103,100,100,-0.5895911644840047,0.760287900075816
0.1,tuning,29,1280000,11,D_growing_crossing,50,0.0001228330748058663,200,201,200,-0.6203309592319374,0.760287900075816
0.1,tuning,29,1280000,12,A_fixed_raw,1.0e-5,1.0e-5,25,23,23,-0.47859428512000973,0.8440821262399694
0.1,tuning,29,1280000,12,A_fixed_raw,0.0001,0.0001,245,243,243,-0.6131042698869632,0.8440821262399694
0.1,tuning,29,1280000,12,A_fixed_raw,0.001,0.001,2460,2466,2460,-0.6403430595929016,0.8440821262399694
0.1,tuning,29,1280000,12,C_fixed_crossing,10,3.949492416278877e-6,10,10,10,-0.5523024525881232,0.8440821262399694
0.1,tuning,29,1280000,12,C_fixed_crossing,25,1.0403384429212183e-5,28,25,25,-0.5739586522242018,0.8440821262399694
0.1,tuning,29,1280000,12,C_fixed_crossing,50,2.0930986895194565e-5,53,50,50,-0.5746877310730457,0.8440821262399694
0.1,tuning,29,1280000,12,C_fixed_crossing,100,4.211189304671144e-5,105,100,100,-0.56158837003848,0.8440821262399694
0.1,tuning,29,1280000,12,D_growing_crossing,10,1.694621284162583e-5,43,40,40,-0.5677013861978626,0.8440821262399694
0.1,tuning,29,1280000,12,D_growing_crossing,25,4.211189304671144e-5,105,100,100,-0.56158837003848,0.8440821262399694
0.1,tuning,29,1280000,12,D_growing_crossing,50,8.28956712923322e-5,204,200,200,-0.6137074177995642,0.8440821262399694
0.1,tuning,29,1280000,13,A_fixed_raw,1.0e-5,1.0e-5,3,5,3,0.1190638127313015,0.3071677326761748
0.1,tuning,29,1280000,13,A_fixed_raw,0.0001,0.0001,42,42,42,0.12897440202976063,0.3071677326761748
0.1,tuning,29,1280000,13,A_fixed_raw,0.001,0.001,441,446,441,0.14573011336575098,0.3071677326761748
0.1,tuning,29,1280000,13,C_fixed_crossing,10,2.4928346375723116e-5,11,10,10,0.09335953787889069,0.3071677326761748
0.1,tuning,29,1280000,13,C_fixed_crossing,25,5.717897328581937e-5,25,25,25,0.12071826468841457,0.3071677326761748
0.1,tuning,29,1280000,13,C_fixed_crossing,50,0.00012017865876424538,51,50,50,0.13106400837088225,0.3071677326761748
0.1,tuning,29,1280000,13,C_fixed_crossing,100,0.00023656715175980926,100,100,100,0.14345524090193332,0.3071677326761748
0.1,tuning,29,1280000,13,D_growing_crossing,10,9.382034367716201e-5,40,40,40,0.13579769280069684,0.3071677326761748
0.1,tuning,29,1280000,13,D_growing_crossing,25,0.00023656715175980926,100,100,100,0.14345524090193332,0.3071677326761748
0.1,tuning,29,1280000,13,D_growing_crossing,50,0.00046229465522959826,202,203,202,0.15388149714545085,0.3071677326761748
0.1,tuning,29,1280000,14,A_fixed_raw,1.0e-5,1.0e-5,33,39,33,0.8733554857302815,1.2972022936396106
0.1,tuning,29,1280000,14,A_fixed_raw,0.0001,0.0001,357,362,357,0.9858996885107191,1.2972022936396106
0.1,tuning,29,1280000,14,A_fixed_raw,0.001,0.001,3603,3641,3603,0.989627047983499,1.2972022936396106
0.1,tuning,29,1280000,14,C_fixed_crossing,10,3.4642837822129765e-6,10,11,10,0.7342492430547722,1.2972022936396106
0.1,tuning,29,1280000,14,C_fixed_crossing,25,7.718016729428913e-6,25,28,25,0.8483371906898781,1.2972022936396106
0.1,tuning,29,1280000,14,C_fixed_crossing,50,1.4023085382711124e-5,50,52,50,0.8976348214766843,1.2972022936396106
0.1,tuning,29,1280000,14,C_fixed_crossing,100,2.80088953103469e-5,100,102,100,0.8774401836787642,1.2972022936396106
0.1,tuning,29,1280000,14,D_growing_crossing,10,1.1189256138499617e-5,40,43,40,0.8866491207994147,1.2972022936396106
0.1,tuning,29,1280000,14,D_growing_crossing,25,2.80088953103469e-5,100,102,100,0.8774401836787642,1.2972022936396106
0.1,tuning,29,1280000,14,D_growing_crossing,50,5.6352221210203094e-5,200,204,200,0.9293682623012733,1.2972022936396106
0.1,tuning,29,1280000,1,B_power_scaled_anchor25,0.3333333333333333,0.00023329918483219067,151,150,150,-0.2793798385033042,0.3819730496717949
0.1,tuning,29,1280000,1,B_power_scaled_anchor25,0.5,0.00014696927694669585,95,92,92,-0.2726009963556334,0.3819730496717949
0.1,tuning,29,1280000,1,B_power_scaled_anchor25,0.6666666666666666,9.25848428564857e-5,61,56,56,-0.25458580910127965,0.3819730496717949
0.1,tuning,29,1280000,1,B_power_scaled_anchor100,0.3333333333333333,0.0009722858523472598,636,635,635,-0.28801565917383476,0.3819730496717949
0.1,tuning,29,1280000,1,B_power_scaled_anchor100,0.5,0.0006125017059436456,405,401,401,-0.29244980816666705,0.3819730496717949
0.1,tuning,29,1280000,1,B_power_scaled_anchor100,0.6666666666666666,0.0003858518962074594,255,250,250,-0.29293229940144516,0.3819730496717949
0.1,tuning,29,1280000,2,B_power_scaled_anchor25,0.3333333333333333,0.0002988433214485169,174,172,172,-0.050385697580527036,0.07251655396717029
0.1,tuning,29,1280000,2,B_power_scaled_anchor25,0.5,0.00018825949565674324,109,107,107,-0.04685590851839828,0.07251655396717029
0.1,tuning,29,1280000,2,B_power_scaled_anchor25,0.6666666666666666,0.00011859605071026163,70,69,69,-0.048022489834048825,0.07251655396717029
0.1,tuning,29,1280000,2,B_power_scaled_anchor100,0.3333333333333333,0.0010924371893615364,634,638,634,-0.05387989094614651,0.07251655396717029
0.1,tuning,29,1280000,2,B_power_scaled_anchor100,0.5,0.0006881923052822956,401,399,399,-0.05183804584239623,0.07251655396717029
0.1,tuning,29,1280000,2,B_power_scaled_anchor100,0.6666666666666666,0.00043353398590042147,252,249,249,-0.04936162138000922,0.07251655396717029
0.1,tuning,29,1280000,3,B_power_scaled_anchor25,0.3333333333333333,0.00036643584227209194,164,164,164,-0.05126207472373961,0.2982316007191014
0.1,tuning,29,1280000,3,B_power_scaled_anchor25,0.5,0.0002308401155572831,101,101,101,-0.07413289472550601,0.2982316007191014
0.1,tuning,29,1280000,3,B_power_scaled_anchor25,0.6666666666666666,0.00014542016037539298,62,64,62,-0.0920023913022024,0.2982316007191014
0.1,tuning,29,1280000,3,B_power_scaled_anchor100,0.3333333333333333,0.001451242852657371,647,651,647,-0.05045893214628989,0.2982316007191014
0.1,tuning,29,1280000,3,B_power_scaled_anchor100,0.5,0.0009142257092862528,408,409,408,-0.05244300234887826,0.2982316007191014
0.1,tuning,29,1280000,3,B_power_scaled_anchor100,0.6666666666666666,0.0005759261077424104,260,258,258,-0.04711442561828183,0.2982316007191014
0.1,tuning,29,1280000,4,B_power_scaled_anchor25,0.3333333333333333,4.9102618536339455e-5,161,161,161,1.1803207914149607,1.5901957092207055
0.1,tuning,29,1280000,4,B_power_scaled_anchor25,0.5,3.093271134944613e-5,99,102,99,1.1019701648606717,1.5901957092207055
0.1,tuning,29,1280000,4,B_power_scaled_anchor25,0.6666666666666666,1.9486387079744616e-5,63,64,63,1.069444407468701,1.5901957092207055
0.1,tuning,29,1280000,4,B_power_scaled_anchor100,0.3333333333333333,0.0001916555879000862,636,639,636,1.2007078939551943,1.5901957092207055
0.1,tuning,29,1280000,4,B_power_scaled_anchor100,0.5,0.00012073545476264786,403,405,403,1.2287458877761712,1.5901957092207055
0.1,tuning,29,1280000,4,B_power_scaled_anchor100,0.6666666666666666,7.605857046204512e-5,251,255,251,1.203907305255915,1.5901957092207055
0.1,tuning,29,1280000,5,B_power_scaled_anchor25,0.3333333333333333,6.814346476205046e-5,153,142,142,-1.2953581203736289,0.751197942485476
0.1,tuning,29,1280000,5,B_power_scaled_anchor25,0.5,4.292769283323845e-5,96,89,89,-1.2481095765732828,0.751197942485476
0.1,tuning,29,1280000,5,B_power_scaled_anchor25,0.6666666666666666,2.7042751912009204e-5,61,57,57,-1.2856218575324168,0.751197942485476
0.1,tuning,29,1280000,5,B_power_scaled_anchor100,0.3333333333333333,0.0002966749636334135,653,649,649,-1.3454529364671448,0.751197942485476
0.1,tuning,29,1280000,5,B_power_scaled_anchor100,0.5,0.0001868935158292668,412,406,406,-1.3341746268200558,0.751197942485476
0.1,tuning,29,1280000,5,B_power_scaled_anchor100,0.6666666666666666,0.00011773553734107696,258,253,253,-1.3208812951121693,0.751197942485476
0.1,tuning,29,1280000,6,B_power_scaled_anchor25,0.3333333333333333,5.7634576154981056e-5,158,151,151,-0.7980331861158806,1.1372293674543315
0.1,tuning,29,1280000,6,B_power_scaled_anchor25,0.5,3.6307507849714874e-5,98,92,92,-0.7604592528287812,1.1372293674543315
0.1,tuning,29,1280000,6,B_power_scaled_anchor25,0.6666666666666666,2.2872296704539556e-5,61,62,61,-0.7715578737384943,1.1372293674543315
0.1,tuning,29,1280000,6,B_power_scaled_anchor100,0.3333333333333333,0.00023160640445404426,638,636,636,-0.8686223614599394,1.1372293674543315
0.1,tuning,29,1280000,6,B_power_scaled_anchor100,0.5,0.00014590289213105802,405,402,402,-0.8836867331838592,1.1372293674543315
0.1,tuning,29,1280000,6,B_power_scaled_anchor100,0.6666666666666666,9.191306251823053e-5,249,251,249,-0.8487248397900682,1.1372293674543315
0.1,tuning,29,1280000,7,B_power_scaled_anchor25,0.3333333333333333,7.998391585544655e-5,149,149,149,-0.8412327841655649,0.9924333042822502
0.1,tuning,29,1280000,7,B_power_scaled_anchor25,0.5,5.03867096196487e-5,94,93,93,-0.8122599523736389,0.9924333042822502
0.1,tuning,29,1280000,7,B_power_scaled_anchor25,0.6666666666666666,3.174163804236795e-5,59,57,57,-0.7672692087256151,0.9924333042822502
0.1,tuning,29,1280000,7,B_power_scaled_anchor100,0.3333333333333333,0.0003406994074147553,639,639,639,-0.8490314476472325,0.9924333042822502
0.1,tuning,29,1280000,7,B_power_scaled_anchor100,0.5,0.0002146271775442798,408,408,408,-0.8771319530280327,0.9924333042822502
0.1,tuning,29,1280000,7,B_power_scaled_anchor100,0.6666666666666666,0.00013520664943378119,255,255,255,-0.8645108038438384,0.9924333042822502
0.1,tuning,29,1280000,8,B_power_scaled_anchor25,0.3333333333333333,0.00011938473231153,163,162,162,-0.24494340937888553,0.36414053330894147
0.1,tuning,29,1280000,8,B_power_scaled_anchor25,0.5,7.520766863768062e-5,103,104,103,-0.24748185148094778,0.36414053330894147
0.1,tuning,29,1280000,8,B_power_scaled_anchor25,0.6666666666666666,4.737786241506615e-5,64,66,64,-0.24381603795712967,0.36414053330894147
0.1,tuning,29,1280000,8,B_power_scaled_anchor100,0.3333333333333333,0.0004592406358262389,636,643,636,-0.28248748138460983,0.36414053330894147
0.1,tuning,29,1280000,8,B_power_scaled_anchor100,0.5,0.000289303472022292,396,402,396,-0.26970605157398153,0.36414053330894147
0.1,tuning,29,1280000,8,B_power_scaled_anchor100,0.6666666666666666,0.0001822497671042791,250,252,250,-0.2582436991649415,0.36414053330894147
0.1,tuning,29,1280000,9,B_power_scaled_anchor25,0.3333333333333333,3.512549369510975e-5,155,156,155,0.9701233704224449,1.4440302098093005
0.1,tuning,29,1280000,9,B_power_scaled_anchor25,0.5,2.212767444720921e-5,99,101,99,0.9204032806987111,1.4440302098093005
0.1,tuning,29,1280000,9,B_power_scaled_anchor25,0.6666666666666666,1.3939561410629892e-5,63,67,63,0.9657475976952338,1.4440302098093005
0.1,tuning,29,1280000,9,B_power_scaled_anchor100,0.3333333333333333,0.0001442706101102393,649,655,649,1.081641717326547,1.4440302098093005
0.1,tuning,29,1280000,9,B_power_scaled_anchor100,0.5,9.088478927953328e-5,409,412,409,1.057701205054303,1.4440302098093005
0.1,tuning,29,1280000,9,B_power_scaled_anchor100,0.6666666666666666,5.7253829564271947e-5,251,254,251,1.017177811697772,1.4440302098093005
0.1,tuning,29,1280000,10,B_power_scaled_anchor25,0.3333333333333333,0.0003121903652547941,169,165,165,-0.05926703849699714,0.08745637221810908
0.1,tuning,29,1280000,10,B_power_scaled_anchor25,0.5,0.00019666760637944203,109,104,104,-0.05841530215698004,0.08745637221810908
0.1,tuning,29,1280000,10,B_power_scaled_anchor25,0.6666666666666666,0.00012389282855494914,69,65,65,-0.061593113613951395,0.08745637221810908
0.1,tuning,29,1280000,10,B_power_scaled_anchor100,0.3333333333333333,0.0011664345847430184,628,630,628,-0.06517493425773084,0.08745637221810908
0.1,tuning,29,1280000,10,B_power_scaled_anchor100,0.5,0.000734807743321557,396,391,391,-0.061150463926323034,0.08745637221810908
0.1,tuning,29,1280000,10,B_power_scaled_anchor100,0.6666666666666666,0.00046289987171828926,251,246,246,-0.0582333155626897,0.08745637221810908
0.1,tuning,29,1280000,11,B_power_scaled_anchor25,0.3333333333333333,9.456790550467826e-5,154,153,153,-0.607387454372764,0.760287900075816
0.1,tuning,29,1280000,11,B_power_scaled_anchor25,0.5,5.957404739490669e-5,97,94,94,-0.5922742730680561,0.760287900075816
0.1,tuning,29,1280000,11,B_power_scaled_anchor25,0.6666666666666666,3.752929817013888e-5,62,59,59,-0.5659856711702158,0.760287900075816
0.1,tuning,29,1280000,11,B_power_scaled_anchor100,0.3333333333333333,0.0003828017266267746,634,631,631,-0.6421187452130505,0.760287900075816
0.1,tuning,29,1280000,11,B_power_scaled_anchor100,0.5,0.000241149976656588,401,400,400,-0.6566630352539423,0.760287900075816
0.1,tuning,29,1280000,11,B_power_scaled_anchor100,0.6666666666666666,0.00015191496588564627,251,249,249,-0.6363390949301123,0.760287900075816
0.1,tuning,29,1280000,12,B_power_scaled_anchor25,0.3333333333333333,6.964856648190614e-5,172,168,168,-0.6014139259835761,0.8440821262399694
0.1,tuning,29,1280000,12,B_power_scaled_anchor25,0.5,4.387584750277802e-5,109,105,105,-0.5736923721345767,0.8440821262399694
0.1,tuning,29,1280000,12,B_power_scaled_anchor25,0.6666666666666666,2.7640051925363717e-5,69,66,66,-0.5657570893163556,0.8440821262399694
0.1,tuning,29,1280000,12,B_power_scaled_anchor100,0.3333333333333333,0.000256464796620217,635,633,633,-0.6520927887551392,0.8440821262399694
0.1,tuning,29,1280000,12,B_power_scaled_anchor100,0.5,0.00016156269790940943,402,396,396,-0.6434040905301425,0.8440821262399694
0.1,tuning,29,1280000,12,B_power_scaled_anchor100,0.6666666666666666,0.00010177812198693568,250,248,248,-0.6143331947772186,0.8440821262399694
0.1,tuning,29,1280000,13,B_power_scaled_anchor25,0.3333333333333333,0.0003611375380919121,156,157,156,0.15203720819945662,0.3071677326761748
0.1,tuning,29,1280000,13,B_power_scaled_anchor25,0.5,0.0002275023930746058,96,97,96,0.14463671370517284,0.3071677326761748
0.1,tuning,29,1280000,13,B_power_scaled_anchor25,0.6666666666666666,0.00014331752696807674,59,60,59,0.13508503676993938,0.3071677326761748
0.1,tuning,29,1280000,13,B_power_scaled_anchor100,0.3333333333333333,0.0014832968158817262,656,660,656,0.15069625880328422,0.3071677326761748
0.1,tuning,29,1280000,13,B_power_scaled_anchor100,0.5,0.0009344184407857133,413,414,413,0.14779019610277977,0.3071677326761748
0.1,tuning,29,1280000,13,B_power_scaled_anchor100,0.6666666666666666,0.0005886467314779331,261,263,261,0.15616987210666353,0.3071677326761748
0.1,tuning,29,1280000,14,B_power_scaled_anchor25,0.3333333333333333,4.499381003373808e-5,158,162,158,0.9144337919500425,1.2972022936396106
0.1,tuning,29,1280000,14,B_power_scaled_anchor25,0.5,2.8344324188238878e-5,101,103,101,0.8670777257484711,1.2972022936396106
0.1,tuning,29,1280000,14,B_power_scaled_anchor25,0.6666666666666666,1.7855805344903288e-5,62,65,62,0.8743087461351314,1.2972022936396106
0.1,tuning,29,1280000,14,B_power_scaled_anchor100,0.3333333333333333,0.0001808090778108682,652,658,652,0.9951726438150351,1.2972022936396106
0.1,tuning,29,1280000,14,B_power_scaled_anchor100,0.5,0.00011390258157299642,408,416,408,0.9937694115276057,1.2972022936396106
0.1,tuning,29,1280000,14,B_power_scaled_anchor100,0.6666666666666666,7.175413008059304e-5,256,257,256,0.9599656040004034,1.2972022936396106
0.1,held_out_1,141,20000,1,A_fixed_raw,1.0e-5,1.0e-5,0,0,0,0.0,0.3819730496717949
0.1,held_out_1,141,20000,1,A_fixed_raw,0.0001,0.0001,0,2,0,-0.36328102531527073,0.3819730496717949
0.1,held_out_1,141,20000,1,A_fixed_raw,0.001,0.001,13,9,9,-0.2995906849131841,0.3819730496717949
0.1,held_out_1,141,20000,1,C_fixed_crossing,10,0.0011656718103460826,14,10,10,-0.2876003298487975,0.3819730496717949
0.1,held_out_1,141,20000,1,C_fixed_crossing,25,0.002615960642805709,28,25,25,-0.27759105879763724,0.3819730496717949
0.1,held_out_1,141,20000,1,C_fixed_crossing,50,0.0047877528705126725,50,50,50,-0.2850404719483888,0.3819730496717949
0.1,held_out_1,141,20000,1,C_fixed_crossing,100,0.009632672258917927,100,100,100,-0.29524187176227124,0.3819730496717949
0.1,held_out_1,141,20000,1,D_growing_crossing,10,0.0005008504841308905,6,5,5,-0.275477212238018,0.3819730496717949
0.1,held_out_1,141,20000,1,D_growing_crossing,25,0.0013289361565786677,15,13,13,-0.2679118631786109,0.3819730496717949
0.1,held_out_1,141,20000,1,D_growing_crossing,50,0.002615960642805709,28,25,25,-0.27759105879763724,0.3819730496717949
0.1,held_out_1,141,20000,2,A_fixed_raw,1.0e-5,1.0e-5,0,0,0,0.0,0.07251655396717029
0.1,held_out_1,141,20000,2,A_fixed_raw,0.0001,0.0001,0,1,0,-0.01033852451426398,0.07251655396717029
0.1,held_out_1,141,20000,2,A_fixed_raw,0.001,0.001,7,11,7,-0.08876915462462803,0.07251655396717029
0.1,held_out_1,141,20000,2,C_fixed_crossing,10,0.0012177334479996176,10,12,10,-0.09464651080219316,0.07251655396717029
0.1,held_out_1,141,20000,2,C_fixed_crossing,25,0.0027728888449110776,25,25,25,-0.06197390585651687,0.07251655396717029
0.1,held_out_1,141,20000,2,C_fixed_crossing,50,0.005743784626595654,51,50,50,-0.06330427577079485,0.07251655396717029
0.1,held_out_1,141,20000,2,C_fixed_crossing,100,0.010981827248226687,100,105,100,-0.0637755783043147,0.07251655396717029
0.1,held_out_1,141,20000,2,D_growing_crossing,10,0.0006052533143938181,5,7,5,-0.13803593512840082,0.07251655396717029
0.1,held_out_1,141,20000,2,D_growing_crossing,25,0.0015261407821317108,13,14,13,-0.09127825158322592,0.07251655396717029
0.1,held_out_1,141,20000,2,D_growing_crossing,50,0.0027728888449110776,25,25,25,-0.06197390585651687,0.07251655396717029
0.1,held_out_1,141,20000,3,A_fixed_raw,1.0e-5,1.0e-5,0,0,0,0.054261985537457084,0.2982316007191014
0.1,held_out_1,141,20000,3,A_fixed_raw,0.0001,0.0001,1,1,1,-0.5072666019075717,0.2982316007191014
0.1,held_out_1,141,20000,3,A_fixed_raw,0.001,0.001,7,8,7,-0.22979891958629234,0.2982316007191014
0.1,held_out_1,141,20000,3,C_fixed_crossing,10,0.0015598490346244364,10,12,10,-0.12622917521135874,0.2982316007191014
0.1,held_out_1,141,20000,3,C_fixed_crossing,25,0.0035519168788215555,25,26,25,-0.1300975549039713,0.2982316007191014
0.1,held_out_1,141,20000,3,C_fixed_crossing,50,0.007251087844673487,50,53,50,-0.09199154923157386,0.2982316007191014
0.1,held_out_1,141,20000,3,C_fixed_crossing,100,0.014695382078831356,100,106,100,-0.0869842928439264,0.2982316007191014
0.1,held_out_1,141,20000,3,D_growing_crossing,10,0.0007809624747534206,5,6,5,-0.19689586972084466,0.2982316007191014
0.1,held_out_1,141,20000,3,D_growing_crossing,25,0.0018850012689889083,13,14,13,-0.12316145378671248,0.2982316007191014
0.1,held_out_1,141,20000,3,D_growing_crossing,50,0.0035519168788215555,25,26,25,-0.1300975549039713,0.2982316007191014
0.1,held_out_1,141,20000,4,A_fixed_raw,1.0e-5,1.0e-5,0,1,0,-0.00015155184954207535,1.5901957092207055
0.1,held_out_1,141,20000,4,A_fixed_raw,0.0001,0.0001,3,7,3,1.2150409884568307,1.5901957092207055
0.1,held_out_1,141,20000,4,A_fixed_raw,0.001,0.001,50,54,50,1.1801506493812897,1.5901957092207055
0.1,held_out_1,141,20000,4,C_fixed_crossing,10,0.00024003786470669554,10,16,10,1.2454702801191138,1.5901957092207055
0.1,held_out_1,141,20000,4,C_fixed_crossing,25,0.0004900271325081146,25,27,25,1.1565110769636617,1.5901957092207055
0.1,held_out_1,141,20000,4,C_fixed_crossing,50,0.0009859052655995942,50,54,50,1.1970223616399513,1.5901957092207055
0.1,held_out_1,141,20000,4,C_fixed_crossing,100,0.0019126564115584032,100,101,100,1.207604043121551,1.5901957092207055
0.1,held_out_1,141,20000,4,D_growing_crossing,10,0.0001283190880864945,5,8,5,1.0726131178968052,1.5901957092207055
0.1,held_out_1,141,20000,4,D_growing_crossing,25,0.0002921941320809596,13,18,13,1.149792187935855,1.5901957092207055
0.1,held_out_1,141,20000,4,D_growing_crossing,50,0.0004900271325081146,25,27,25,1.1565110769636617,1.5901957092207055
0.1,held_out_1,141,20000,5,A_fixed_raw,1.0e-5,1.0e-5,0,0,0,0.0,0.751197942485476
0.1,held_out_1,141,20000,5,A_fixed_raw,0.0001,0.0001,3,4,3,-1.6753658327019194,0.751197942485476
0.1,held_out_1,141,20000,5,A_fixed_raw,0.001,0.001,32,34,32,-1.3179622384630816,0.751197942485476
0.1,held_out_1,141,20000,5,C_fixed_crossing,10,0.0002776725138146598,10,10,10,-1.4165680013056672,0.751197942485476
0.1,held_out_1,141,20000,5,C_fixed_crossing,25,0.000753037982626973,25,27,25,-1.3538297447195096,0.751197942485476
0.1,held_out_1,141,20000,5,C_fixed_crossing,50,0.0015040742778416984,50,51,50,-1.3264633901447398,0.751197942485476
0.1,held_out_1,141,20000,5,C_fixed_crossing,100,0.0029607134211923967,100,103,100,-1.3511185571400897,0.751197942485476
0.1,held_out_1,141,20000,5,D_growing_crossing,10,0.00011844099280299315,5,5,5,-1.8356368680599005,0.751197942485476
0.1,held_out_1,141,20000,5,D_growing_crossing,25,0.00038534741577001485,13,13,13,-1.2799191309056375,0.751197942485476
0.1,held_out_1,141,20000,5,D_growing_crossing,50,0.000753037982626973,25,27,25,-1.3538297447195096,0.751197942485476
0.1,held_out_1,141,20000,6,A_fixed_raw,1.0e-5,1.0e-5,0,0,0,0.0,1.1372293674543315
0.1,held_out_1,141,20000,6,A_fixed_raw,0.0001,0.0001,6,3,3,-1.2310822460798176,1.1372293674543315
0.1,held_out_1,141,20000,6,A_fixed_raw,0.001,0.001,47,43,43,-0.8714215755854654,1.1372293674543315
0.1,held_out_1,141,20000,6,C_fixed_crossing,10,0.0002525912794932055,13,10,10,-0.7215821755297755,1.1372293674543315
0.1,held_out_1,141,20000,6,C_fixed_crossing,25,0.0006186216954648934,28,25,25,-0.8230149865274429,1.1372293674543315
0.1,held_out_1,141,20000,6,C_fixed_crossing,50,0.0011322065591349336,54,50,50,-0.879086922973333,1.1372293674543315
0.1,held_out_1,141,20000,6,C_fixed_crossing,100,0.0023282450909454426,102,100,100,-0.8644294436674329,1.1372293674543315
0.1,held_out_1,141,20000,6,D_growing_crossing,10,0.00016081761881177477,9,5,5,-0.775997437114515,1.1372293674543315
0.1,held_out_1,141,20000,6,D_growing_crossing,25,0.0003454717961245209,18,13,13,-0.8825090002558922,1.1372293674543315
0.1,held_out_1,141,20000,6,D_growing_crossing,50,0.0006186216954648934,28,25,25,-0.8230149865274429,1.1372293674543315
0.1,held_out_1,141,20000,7,A_fixed_raw,1.0e-5,1.0e-5,0,0,0,0.31136334686515665,0.9924333042822502
0.1,held_out_1,141,20000,7,A_fixed_raw,0.0001,0.0001,4,2,2,-1.0552493041418587,0.9924333042822502
0.1,held_out_1,141,20000,7,A_fixed_raw,0.001,0.001,31,28,28,-0.8040975720471008,0.9924333042822502
0.1,held_out_1,141,20000,7,C_fixed_crossing,10,0.00036090137699772634,12,10,10,-0.8162749336406009,0.9924333042822502
0.1,held_out_1,141,20000,7,C_fixed_crossing,25,0.000864783436053035,27,25,25,-0.823591487592632,0.9924333042822502
0.1,held_out_1,141,20000,7,C_fixed_crossing,50,0.001677680038122544,52,50,50,-0.8662894639560066,0.9924333042822502
0.1,held_out_1,141,20000,7,C_fixed_crossing,100,0.003350900552168528,100,101,100,-0.854289588178889,0.9924333042822502
0.1,held_out_1,141,20000,7,D_growing_crossing,10,0.00020450376304106274,7,5,5,-0.7718646300823324,0.9924333042822502
0.1,held_out_1,141,20000,7,D_growing_crossing,25,0.0004690770509816965,15,13,13,-0.7968298212922555,0.9924333042822502
0.1,held_out_1,141,20000,7,D_growing_crossing,50,0.000864783436053035,27,25,25,-0.823591487592632,0.9924333042822502
0.1,held_out_1,141,20000,8,A_fixed_raw,1.0e-5,1.0e-5,0,1,0,0.031432482393289884,0.36414053330894147
0.1,held_out_1,141,20000,8,A_fixed_raw,0.0001,0.0001,2,3,2,-0.35023287522757685,0.36414053330894147
0.1,held_out_1,141,20000,8,A_fixed_raw,0.001,0.001,22,19,19,-0.24737518614294934,0.36414053330894147
0.1,held_out_1,141,20000,8,C_fixed_crossing,10,0.0005270437844295831,12,11,11,-0.24693270689430302,0.36414053330894147
0.1,held_out_1,141,20000,8,C_fixed_crossing,25,0.0012266336996634068,27,25,25,-0.25814695551769534,0.36414053330894147
0.1,held_out_1,141,20000,8,C_fixed_crossing,50,0.0023113517288520305,50,50,50,-0.24764908936619895,0.36414053330894147
0.1,held_out_1,141,20000,8,C_fixed_crossing,100,0.004650301358752225,100,102,100,-0.2648007734477307,0.36414053330894147
0.1,held_out_1,141,20000,8,D_growing_crossing,10,0.00020599845382109126,5,5,5,-0.35368557549471275,0.36414053330894147
0.1,held_out_1,141,20000,8,D_growing_crossing,25,0.0006415617025598827,13,13,13,-0.2328839015213342,0.36414053330894147
0.1,held_out_1,141,20000,8,D_growing_crossing,50,0.0012266336996634068,27,25,25,-0.25814695551769534,0.36414053330894147
0.1,held_out_1,141,20000,9,A_fixed_raw,1.0e-5,1.0e-5,0,0,0,0.0,1.4440302098093005
0.1,held_out_1,141,20000,9,A_fixed_raw,0.0001,0.0001,6,7,6,1.1947884282642596,1.4440302098093005
0.1,held_out_1,141,20000,9,A_fixed_raw,0.001,0.001,70,73,70,1.081319262087481,1.4440302098093005
0.1,held_out_1,141,20000,9,C_fixed_crossing,10,0.00016199301337923723,10,10,10,0.9553266597344428,1.4440302098093005
0.1,held_out_1,141,20000,9,C_fixed_crossing,25,0.0003505402658028929,26,25,25,0.9884805180584123,1.4440302098093005
0.1,held_out_1,141,20000,9,C_fixed_crossing,50,0.0007104207327694531,50,51,50,1.0485674204015945,1.4440302098093005
0.1,held_out_1,141,20000,9,C_fixed_crossing,100,0.0014502938316782077,101,103,101,1.0762693256973557,1.4440302098093005
0.1,held_out_1,141,20000,9,D_growing_crossing,10,9.246379319343093e-5,5,7,5,1.2954051079001245,1.4440302098093005
0.1,held_out_1,141,20000,9,D_growing_crossing,25,0.00019014054534120028,13,13,13,0.9083880030388948,1.4440302098093005
0.1,held_out_1,141,20000,9,D_growing_crossing,50,0.0003505402658028929,26,25,25,0.9884805180584123,1.4440302098093005
0.1,held_out_1,141,20000,10,A_fixed_raw,1.0e-5,1.0e-5,0,0,0,0.0,0.08745637221810908
0.1,held_out_1,141,20000,10,A_fixed_raw,0.0001,0.0001,1,1,1,0.013644350620595214,0.08745637221810908
0.1,held_out_1,141,20000,10,A_fixed_raw,0.001,0.001,8,10,8,-0.0928118836084138,0.08745637221810908
0.1,held_out_1,141,20000,10,C_fixed_crossing,10,0.0011404817061535584,10,11,10,-0.0987736358640112,0.08745637221810908
0.1,held_out_1,141,20000,10,C_fixed_crossing,25,0.0033753918382242913,26,29,26,-0.05174288453113629,0.08745637221810908
0.1,held_out_1,141,20000,10,C_fixed_crossing,50,0.006406753278928741,50,53,50,-0.05393429716913581,0.08745637221810908
0.1,held_out_1,141,20000,10,C_fixed_crossing,100,0.012249389958917466,100,111,100,-0.05768644565107774,0.08745637221810908
0.1,held_out_1,141,20000,10,D_growing_crossing,10,0.0006052533143938181,5,8,5,-0.11757427364943343,0.08745637221810908
0.1,held_out_1,141,20000,10,D_growing_crossing,25,0.0016414254640761165,13,14,13,-0.06610132815780612,0.08745637221810908
0.1,held_out_1,141,20000,10,D_growing_crossing,50,0.0033753918382242913,26,29,26,-0.05174288453113629,0.08745637221810908
0.1,held_out_1,141,20000,11,A_fixed_raw,1.0e-5,1.0e-5,0,0,0,0.3446772626113092,0.760287900075816
0.1,held_out_1,141,20000,11,A_fixed_raw,0.0001,0.0001,3,2,2,-0.8007433200004493,0.760287900075816
0.1,held_out_1,141,20000,11,A_fixed_raw,0.001,0.001,26,26,26,-0.600860162804015,0.760287900075816
0.1,held_out_1,141,20000,11,C_fixed_crossing,10,0.0003797756687183721,10,10,10,-0.5847822318996986,0.760287900075816
0.1,held_out_1,141,20000,11,C_fixed_crossing,25,0.0009716500389339971,25,25,25,-0.602513121244228,0.760287900075816
0.1,held_out_1,141,20000,11,C_fixed_crossing,50,0.0018987784923279918,50,50,50,-0.6121779313426404,0.760287900075816
0.1,held_out_1,141,20000,11,C_fixed_crossing,100,0.003904607041786775,100,103,100,-0.6014814372035908,0.760287900075816
0.1,held_out_1,141,20000,11,D_growing_crossing,10,0.0002525912794932055,7,5,5,-0.5523500393409844,0.760287900075816
0.1,held_out_1,141,20000,11,D_growing_crossing,25,0.0005878771077867834,15,14,14,-0.6119065400695951,0.760287900075816
0.1,held_out_1,141,20000,11,D_growing_crossing,50,0.0009716500389339971,25,25,25,-0.602513121244228,0.760287900075816
0.1,held_out_1,141,20000,12,A_fixed_raw,1.0e-5,1.0e-5,0,1,0,-0.02932715263762042,0.8440821262399694
0.1,held_out_1,141,20000,12,A_fixed_raw,0.0001,0.0001,6,3,3,-1.0209790621294734,0.8440821262399694
0.1,held_out_1,141,20000,12,A_fixed_raw,0.001,0.001,41,39,39,-0.6246230078063297,0.8440821262399694
0.1,held_out_1,141,20000,12,C_fixed_crossing,10,0.0002756577678854182,12,10,10,-0.5918079983596477,0.8440821262399694
0.1,held_out_1,141,20000,12,C_fixed_crossing,25,0.0006653523812840374,26,25,25,-0.6400740986473771,0.8440821262399694
0.1,held_out_1,141,20000,12,C_fixed_crossing,50,0.0013192936151729454,52,50,50,-0.6389011752511174,0.8440821262399694
0.1,held_out_1,141,20000,12,C_fixed_crossing,100,0.0025781364083557615,102,100,100,-0.6594429382568997,0.8440821262399694
0.1,held_out_1,141,20000,12,D_growing_crossing,10,0.00013502987406913432,8,5,5,-0.9225500390610795,0.8440821262399694
0.1,held_out_1,141,20000,12,D_growing_crossing,25,0.00034296510979339105,15,13,13,-0.60513799456933,0.8440821262399694
0.1,held_out_1,141,20000,12,D_growing_crossing,50,0.0006653523812840374,26,25,25,-0.6400740986473771,0.8440821262399694
0.1,held_out_1,141,20000,13,A_fixed_raw,1.0e-5,1.0e-5,0,0,0,0.0,0.3071677326761748
0.1,held_out_1,141,20000,13,A_fixed_raw,0.0001,0.0001,1,0,0,0.36255096474507864,0.3071677326761748
0.1,held_out_1,141,20000,13,A_fixed_raw,0.001,0.001,6,7,6,0.12398835494714655,0.3071677326761748
0.1,held_out_1,141,20000,13,C_fixed_crossing,10,0.0015150673565124152,10,11,10,0.14120489040931405,0.3071677326761748
0.1,held_out_1,141,20000,13,C_fixed_crossing,25,0.003904607041786775,25,30,25,0.15268699432877367,0.3071677326761748
0.1,held_out_1,141,20000,13,C_fixed_crossing,50,0.007198475148094594,51,52,51,0.16075803559199744,0.3071677326761748
0.1,held_out_1,141,20000,13,C_fixed_crossing,100,0.014588754812000986,100,103,100,0.15468156452732695,0.3071677326761748
0.1,held_out_1,141,20000,13,D_growing_crossing,10,0.0009437549552975531,5,7,5,0.15417892288322071,0.3071677326761748
0.1,held_out_1,141,20000,13,D_growing_crossing,25,0.0018308848011802548,13,14,13,0.13522144037879594,0.3071677326761748
0.1,held_out_1,141,20000,13,D_growing_crossing,50,0.003904607041786775,25,30,25,0.15268699432877367,0.3071677326761748
0.1,held_out_1,141,20000,14,A_fixed_raw,1.0e-5,1.0e-5,1,0,0,0.043656621562249136,1.2972022936396106
0.1,held_out_1,141,20000,14,A_fixed_raw,0.0001,0.0001,4,8,4,1.2498050753941004,1.2972022936396106
0.1,held_out_1,141,20000,14,A_fixed_raw,0.001,0.001,54,61,54,1.0157847851640782,1.2972022936396106
0.1,held_out_1,141,20000,14,C_fixed_crossing,10,0.00017937977720493343,10,11,10,0.9220129258470209,1.2972022936396106
0.1,held_out_1,141,20000,14,C_fixed_crossing,25,0.0004589403215148984,25,31,25,1.0282880526869098,1.2972022936396106
0.1,held_out_1,141,20000,14,C_fixed_crossing,50,0.0009100095722984232,50,57,50,1.003328008978334,1.2972022936396106
0.1,held_out_1,141,20000,14,C_fixed_crossing,100,0.0018577459927550067,101,110,101,1.0244257669061052,1.2972022936396106
0.1,held_out_1,141,20000,14,D_growing_crossing,10,0.00010313630275780623,5,8,5,1.218408076543055,1.2972022936396106
0.1,held_out_1,141,20000,14,D_growing_crossing,25,0.00023145494852347203,13,15,13,0.9058073045728923,1.2972022936396106
0.1,held_out_1,141,20000,14,D_growing_crossing,50,0.0004589403215148984,25,31,25,1.0282880526869098,1.2972022936396106
0.1,held_out_1,141,20000,1,B_power_scaled_anchor25,0.3333333333333333,0.0009331967393287625,12,9,9,-0.2800377624979782,0.3819730496717949
0.1,held_out_1,141,20000,1,B_power_scaled_anchor25,0.5,0.0011757542155735668,14,10,10,-0.2851340804994987,0.3819730496717949
0.1,held_out_1,141,20000,1,B_power_scaled_anchor25,0.6666666666666666,0.0014813574857037712,17,15,15,-0.27997231909063475,0.3819730496717949
0.1,held_out_1,141,20000,1,B_power_scaled_anchor100,0.3333333333333333,0.0038891434093890386,41,40,40,-0.28431611354513503,0.3819730496717949
0.1,held_out_1,141,20000,1,B_power_scaled_anchor100,0.5,0.004900013647549164,51,51,51,-0.28305722290440405,0.3819730496717949
0.1,held_out_1,141,20000,1,B_power_scaled_anchor100,0.6666666666666666,0.006173630339319351,65,62,62,-0.2841937878689661,0.3819730496717949
0.1,held_out_1,141,20000,2,B_power_scaled_anchor25,0.3333333333333333,0.0011953732857940675,9,12,9,-0.09597256005968058,0.07251655396717029
0.1,held_out_1,141,20000,2,B_power_scaled_anchor25,0.5,0.001506075965253946,12,14,12,-0.09212469422181278,0.07251655396717029
0.1,held_out_1,141,20000,2,B_power_scaled_anchor25,0.6666666666666666,0.0018975368113641861,16,18,16,-0.07595638029130433,0.07251655396717029
0.1,held_out_1,141,20000,2,B_power_scaled_anchor100,0.3333333333333333,0.0043697487574461446,39,40,39,-0.06325199102543473,0.07251655396717029
0.1,held_out_1,141,20000,2,B_power_scaled_anchor100,0.5,0.005505538442258364,50,48,48,-0.06565053285158481,0.07251655396717029
0.1,held_out_1,141,20000,2,B_power_scaled_anchor100,0.6666666666666666,0.0069365437744067435,62,62,62,-0.06016165946869108,0.07251655396717029
0.1,held_out_1,141,20000,3,B_power_scaled_anchor25,0.3333333333333333,0.0014657433690883675,8,12,8,-0.16305891431837372,0.2982316007191014
0.1,held_out_1,141,20000,3,B_power_scaled_anchor25,0.5,0.0018467209244582648,12,14,12,-0.13933942299019328,0.2982316007191014
0.1,held_out_1,141,20000,3,B_power_scaled_anchor25,0.6666666666666666,0.0023267225660062877,14,18,14,-0.12443731123020162,0.2982316007191014
0.1,held_out_1,141,20000,3,B_power_scaled_anchor100,0.3333333333333333,0.0058049714106294835,39,44,39,-0.09517806911890495,0.2982316007191014
0.1,held_out_1,141,20000,3,B_power_scaled_anchor100,0.5,0.007313805674290023,50,53,50,-0.09073731651547802,0.2982316007191014
0.1,held_out_1,141,20000,3,B_power_scaled_anchor100,0.6666666666666666,0.009214817723878567,64,66,64,-0.10497721972464526,0.2982316007191014
0.1,held_out_1,141,20000,4,B_power_scaled_anchor25,0.3333333333333333,0.0001964104741453578,9,12,9,1.146765646420773,1.5901957092207055
0.1,held_out_1,141,20000,4,B_power_scaled_anchor25,0.5,0.00024746169079556906,10,16,10,1.208106295703024,1.5901957092207055
0.1,held_out_1,141,20000,4,B_power_scaled_anchor25,0.6666666666666666,0.00031178219327591386,14,18,14,1.0775473477682198,1.5901957092207055
0.1,held_out_1,141,20000,4,B_power_scaled_anchor100,0.3333333333333333,0.0007666223516003447,39,43,39,1.1714570166816276,1.5901957092207055
0.1,held_out_1,141,20000,4,B_power_scaled_anchor100,0.5,0.0009658836381011828,47,54,47,1.142613638561523,1.5901957092207055
0.1,held_out_1,141,20000,4,B_power_scaled_anchor100,0.6666666666666666,0.001216937127392722,63,66,63,1.2613043932181645,1.5901957092207055
0.1,held_out_1,141,20000,5,B_power_scaled_anchor25,0.3333333333333333,0.0002725738590482018,9,10,9,-1.4008343158630434,0.751197942485476
0.1,held_out_1,141,20000,5,B_power_scaled_anchor25,0.5,0.0003434215426659076,11,11,11,-1.2611731230760865,0.751197942485476
0.1,held_out_1,141,20000,5,B_power_scaled_anchor25,0.6666666666666666,0.00043268403059214727,15,16,15,-1.3539834756668452,0.751197942485476
0.1,held_out_1,141,20000,5,B_power_scaled_anchor100,0.3333333333333333,0.0011866998545336537,40,40,40,-1.3228954553303387,0.751197942485476
0.1,held_out_1,141,20000,5,B_power_scaled_anchor100,0.5,0.0014951481266341343,49,51,49,-1.3103179793894306,0.751197942485476
0.1,held_out_1,141,20000,5,B_power_scaled_anchor100,0.6666666666666666,0.0018837685974572313,64,65,64,-1.3525064088665182,0.751197942485476
0.1,held_out_1,141,20000,6,B_power_scaled_anchor25,0.3333333333333333,0.0002305383046199242,11,9,9,-0.7877911026007125,1.1372293674543315
0.1,held_out_1,141,20000,6,B_power_scaled_anchor25,0.5,0.000290460062797719,14,11,11,-0.7921972516260689,1.1372293674543315
0.1,held_out_1,141,20000,6,B_power_scaled_anchor25,0.6666666666666666,0.0003659567472726329,18,13,13,-0.8331092996280386,1.1372293674543315
0.1,held_out_1,141,20000,6,B_power_scaled_anchor100,0.3333333333333333,0.0009264256178161768,42,40,40,-0.8640531772222168,1.1372293674543315
0.1,held_out_1,141,20000,6,B_power_scaled_anchor100,0.5,0.0011672231370484642,54,52,52,-0.8709100424334125,1.1372293674543315
0.1,held_out_1,141,20000,6,B_power_scaled_anchor100,0.6666666666666666,0.0014706090002916884,68,64,64,-0.8995658990966625,1.1372293674543315
0.1,held_out_1,141,20000,7,B_power_scaled_anchor25,0.3333333333333333,0.0003199356634217862,10,9,9,-0.7724686458796473,0.9924333042822502
0.1,held_out_1,141,20000,7,B_power_scaled_anchor25,0.5,0.0004030936769571896,14,10,10,-0.8242710771008754,0.9924333042822502
0.1,held_out_1,141,20000,7,B_power_scaled_anchor25,0.6666666666666666,0.0005078662086778872,16,13,13,-0.7369285232804595,0.9924333042822502
0.1,held_out_1,141,20000,7,B_power_scaled_anchor100,0.3333333333333333,0.001362797629659021,43,40,40,-0.8483038885206142,0.9924333042822502
0.1,held_out_1,141,20000,7,B_power_scaled_anchor100,0.5,0.0017170174203542383,53,50,50,-0.8517680584425046,0.9924333042822502
0.1,held_out_1,141,20000,7,B_power_scaled_anchor100,0.6666666666666666,0.002163306390940499,65,64,64,-0.8377019166717828,0.9924333042822502
0.1,held_out_1,141,20000,8,B_power_scaled_anchor25,0.3333333333333333,0.0004775389292461199,11,9,9,-0.24132057822868297,0.36414053330894147
0.1,held_out_1,141,20000,8,B_power_scaled_anchor25,0.5,0.000601661349101445,12,11,11,-0.21630830788013786,0.36414053330894147
0.1,held_out_1,141,20000,8,B_power_scaled_anchor25,0.6666666666666666,0.0007580457986410584,16,14,14,-0.2209565771015321,0.36414053330894147
0.1,held_out_1,141,20000,8,B_power_scaled_anchor100,0.3333333333333333,0.0018369625433049554,41,38,38,-0.25741214409513036,0.36414053330894147
0.1,held_out_1,141,20000,8,B_power_scaled_anchor100,0.5,0.002314427776178336,50,50,50,-0.24731994523517545,0.36414053330894147
0.1,held_out_1,141,20000,8,B_power_scaled_anchor100,0.6666666666666666,0.0029159962736684656,64,65,64,-0.25472672413472525,0.36414053330894147
0.1,held_out_1,141,20000,9,B_power_scaled_anchor25,0.3333333333333333,0.00014050197478043897,9,10,9,0.9568679051038655,1.4440302098093005
0.1,held_out_1,141,20000,9,B_power_scaled_anchor25,0.5,0.00017702139557767367,12,11,11,0.8686916265324665,1.4440302098093005
0.1,held_out_1,141,20000,9,B_power_scaled_anchor25,0.6666666666666666,0.00022303298257007827,15,16,15,0.9864879153883043,1.4440302098093005
0.1,held_out_1,141,20000,9,B_power_scaled_anchor100,0.3333333333333333,0.0005770824404409571,42,42,42,0.9858405149198524,1.4440302098093005
0.1,held_out_1,141,20000,9,B_power_scaled_anchor100,0.5,0.0007270783142362663,51,54,51,1.023353256025954,1.4440302098093005
0.1,held_out_1,141,20000,9,B_power_scaled_anchor100,0.6666666666666666,0.0009160612730283511,63,65,63,1.0424792916578474,1.4440302098093005
0.1,held_out_1,141,20000,10,B_power_scaled_anchor25,0.3333333333333333,0.001248761461019176,10,11,10,-0.09020900169455817,0.08745637221810908
0.1,held_out_1,141,20000,10,B_power_scaled_anchor25,0.5,0.0015733408510355362,12,13,12,-0.0697997382734243,0.08745637221810908
0.1,held_out_1,141,20000,10,B_power_scaled_anchor25,0.6666666666666666,0.001982285256879186,15,16,15,-0.05369473362224806,0.08745637221810908
0.1,held_out_1,141,20000,10,B_power_scaled_anchor100,0.3333333333333333,0.004665738338972073,38,39,38,-0.05676691694574236,0.08745637221810908
0.1,held_out_1,141,20000,10,B_power_scaled_anchor100,0.5,0.005878461946572456,45,50,45,-0.053315491163064284,0.08745637221810908
0.1,held_out_1,141,20000,10,B_power_scaled_anchor100,0.6666666666666666,0.007406397947492628,60,63,60,-0.060339844518883176,0.08745637221810908
0.1,held_out_1,141,20000,11,B_power_scaled_anchor25,0.3333333333333333,0.00037827162201871297,10,9,9,-0.5268038971209305,0.760287900075816
0.1,held_out_1,141,20000,11,B_power_scaled_anchor25,0.5,0.0004765923791592535,13,11,11,-0.5858464875738304,0.760287900075816
0.1,held_out_1,141,20000,11,B_power_scaled_anchor25,0.6666666666666666,0.0006004687707222221,15,14,14,-0.5918467108264884,0.760287900075816
0.1,held_out_1,141,20000,11,B_power_scaled_anchor100,0.3333333333333333,0.0015312069065070981,40,39,39,-0.5853247871611418,0.760287900075816
0.1,held_out_1,141,20000,11,B_power_scaled_anchor100,0.5,0.001929199813252704,51,50,50,-0.6036719507104721,0.760287900075816
0.1,held_out_1,141,20000,11,B_power_scaled_anchor100,0.6666666666666666,0.0024306394541703403,63,63,63,-0.599093271726509,0.760287900075816
0.1,held_out_1,141,20000,12,B_power_scaled_anchor25,0.3333333333333333,0.0002785942659276245,12,10,10,-0.5855700988725254,0.8440821262399694
0.1,held_out_1,141,20000,12,B_power_scaled_anchor25,0.5,0.0003510067800222242,15,13,13,-0.5912741022680024,0.8440821262399694
0.1,held_out_1,141,20000,12,B_power_scaled_anchor25,0.6666666666666666,0.0004422408308058195,20,15,15,-0.6943250739300765,0.8440821262399694
0.1,held_out_1,141,20000,12,B_power_scaled_anchor100,0.3333333333333333,0.0010258591864808677,42,39,39,-0.643643458210996,0.8440821262399694
0.1,held_out_1,141,20000,12,B_power_scaled_anchor100,0.5,0.0012925015832752755,51,49,49,-0.6365135014310312,0.8440821262399694
0.1,held_out_1,141,20000,12,B_power_scaled_anchor100,0.6666666666666666,0.0016284499517909708,65,63,63,-0.6453289083473337,0.8440821262399694
0.1,held_out_1,141,20000,13,B_power_scaled_anchor25,0.3333333333333333,0.0014445501523676482,8,11,8,0.12247831163454567,0.3071677326761748
0.1,held_out_1,141,20000,13,B_power_scaled_anchor25,0.5,0.0018200191445968464,12,14,12,0.12334508246978962,0.3071677326761748
0.1,held_out_1,141,20000,13,B_power_scaled_anchor25,0.6666666666666666,0.002293080431489228,13,18,13,0.13585622615391246,0.3071677326761748
0.1,held_out_1,141,20000,13,B_power_scaled_anchor100,0.3333333333333333,0.005933187263526904,40,44,40,0.14884459779623882,0.3071677326761748
0.1,held_out_1,141,20000,13,B_power_scaled_anchor100,0.5,0.007475347526285706,52,55,52,0.15147294957653953,0.3071677326761748
0.1,held_out_1,141,20000,13,B_power_scaled_anchor100,0.6666666666666666,0.00941834770364693,64,66,64,0.14954722294694156,0.3071677326761748
0.1,held_out_1,141,20000,14,B_power_scaled_anchor25,0.3333333333333333,0.00017997524013495228,10,11,10,0.9189623700154051,1.2972022936396106
0.1,held_out_1,141,20000,14,B_power_scaled_anchor25,0.5,0.00022675459350591102,12,15,12,0.9235865475202637,1.2972022936396106
0.1,held_out_1,141,20000,14,B_power_scaled_anchor25,0.6666666666666666,0.0002856928855184526,14,19,14,0.9493327934236149,1.2972022936396106
0.1,held_out_1,141,20000,14,B_power_scaled_anchor100,0.3333333333333333,0.0007232363112434727,39,46,39,0.9892626000256002,1.2972022936396106
0.1,held_out_1,141,20000,14,B_power_scaled_anchor100,0.5,0.0009112206525839714,50,57,50,1.0019945111387425,1.2972022936396106
0.1,held_out_1,141,20000,14,B_power_scaled_anchor100,0.6666666666666666,0.0011480660812894887,61,70,61,1.0022045769454089,1.2972022936396106
0.1,held_out_1,141,80000,1,A_fixed_raw,1.0e-5,1.0e-5,1,0,0,-1.1269876564232173,0.3819730496717949
0.1,held_out_1,141,80000,1,A_fixed_raw,0.0001,0.0001,4,6,4,-0.40626206635703543,0.3819730496717949
0.1,held_out_1,141,80000,1,A_fixed_raw,0.001,0.001,42,41,41,-0.29871936342995564,0.3819730496717949
0.1,held_out_1,141,80000,1,C_fixed_crossing,10,0.00021208726327958646,10,10,10,-0.39937397011384806,0.3819730496717949
0.1,held_out_1,141,80000,1,C_fixed_crossing,25,0.0006096770302959283,25,25,25,-0.27822102041909624,0.3819730496717949
0.1,held_out_1,141,80000,1,C_fixed_crossing,50,0.0012355990020817833,50,50,50,-0.27896370141794247,0.3819730496717949
0.1,held_out_1,141,80000,1,C_fixed_crossing,100,0.0025041207361944694,103,100,100,-0.28640590818278056,0.3819730496717949
0.1,held_out_1,141,80000,1,D_growing_crossing,10,0.00021208726327958646,10,10,10,-0.39937397011384806,0.3819730496717949
0.1,held_out_1,141,80000,1,D_growing_crossing,25,0.0006096770302959283,25,25,25,-0.27822102041909624,0.3819730496717949
0.1,held_out_1,141,80000,1,D_growing_crossing,50,0.0012355990020817833,50,50,50,-0.27896370141794247,0.3819730496717949
0.1,held_out_1,141,80000,2,A_fixed_raw,1.0e-5,1.0e-5,0,0,0,0.0,0.07251655396717029
0.1,held_out_1,141,80000,2,A_fixed_raw,0.0001,0.0001,3,5,3,-0.1739072235434208,0.07251655396717029
0.1,held_out_1,141,80000,2,A_fixed_raw,0.001,0.001,35,40,35,-0.08297923231652404,0.07251655396717029
0.1,held_out_1,141,80000,2,C_fixed_crossing,10,0.00027970198525369036,10,13,10,-0.1297604739715165,0.07251655396717029
0.1,held_out_1,141,80000,2,C_fixed_crossing,25,0.0007104207327694531,25,27,25,-0.0751332277695492,0.07251655396717029
0.1,held_out_1,141,80000,2,C_fixed_crossing,50,0.0013782163630185538,51,52,51,-0.0731006940437457,0.07251655396717029
0.1,held_out_1,141,80000,2,C_fixed_crossing,100,0.0027728888449110776,100,104,100,-0.056506105266446276,0.07251655396717029
0.1,held_out_1,141,80000,2,D_growing_crossing,10,0.00027970198525369036,10,13,10,-0.1297604739715165,0.07251655396717029
0.1,held_out_1,141,80000,2,D_growing_crossing,25,0.0007104207327694531,25,27,25,-0.0751332277695492,0.07251655396717029
0.1,held_out_1,141,80000,2,D_growing_crossing,50,0.0013782163630185538,51,52,51,-0.0731006940437457,0.07251655396717029
0.1,held_out_1,141,80000,3,A_fixed_raw,1.0e-5,1.0e-5,1,1,1,-1.1292807610287225,0.2982316007191014
0.1,held_out_1,141,80000,3,A_fixed_raw,0.0001,0.0001,4,4,4,-0.15742895696745085,0.2982316007191014
0.1,held_out_1,141,80000,3,A_fixed_raw,0.001,0.001,29,29,29,-0.09316578371581369,0.2982316007191014
0.1,held_out_1,141,80000,3,C_fixed_crossing,10,0.000335553652491759,11,10,10,-0.10527895217213451,0.2982316007191014
0.1,held_out_1,141,80000,3,C_fixed_crossing,25,0.0009100095722984232,25,26,25,-0.11206843873797802,0.2982316007191014
0.1,held_out_1,141,80000,3,C_fixed_crossing,50,0.0018308848011802548,50,53,50,-0.09279820009259626,0.2982316007191014
0.1,held_out_1,141,80000,3,C_fixed_crossing,100,0.0036040275958246766,100,102,100,-0.0889230972079654,0.2982316007191014
0.1,held_out_1,141,80000,3,D_growing_crossing,10,0.000335553652491759,11,10,10,-0.10527895217213451,0.2982316007191014
0.1,held_out_1,141,80000,3,D_growing_crossing,25,0.0009100095722984232,25,26,25,-0.11206843873797802,0.2982316007191014
0.1,held_out_1,141,80000,3,D_growing_crossing,50,0.0018308848011802548,50,53,50,-0.09279820009259626,0.2982316007191014
0.1,held_out_1,141,80000,4,A_fixed_raw,1.0e-5,1.0e-5,1,4,1,1.7151914081671435,1.5901957092207055
0.1,held_out_1,141,80000,4,A_fixed_raw,0.0001,0.0001,18,22,18,1.1696208516681628,1.5901957092207055
0.1,held_out_1,141,80000,4,A_fixed_raw,0.001,0.001,205,210,205,1.2051713810987408,1.5901957092207055
0.1,held_out_1,141,80000,4,C_fixed_crossing,10,4.399270898241756e-5,10,10,10,1.707317393745251,1.5901957092207055
0.1,held_out_1,141,80000,4,C_fixed_crossing,25,0.00012738802596293545,25,27,25,1.1832981479396547,1.5901957092207055
0.1,held_out_1,141,80000,4,C_fixed_crossing,50,0.00024003786470669554,50,52,50,1.2554753910256924,1.5901957092207055
0.1,held_out_1,141,80000,4,C_fixed_crossing,100,0.0004864715765156419,100,102,100,1.1817750353987333,1.5901957092207055
0.1,held_out_1,141,80000,4,D_growing_crossing,10,4.399270898241756e-5,10,10,10,1.707317393745251,1.5901957092207055
0.1,held_out_1,141,80000,4,D_growing_crossing,25,0.00012738802596293545,25,27,25,1.1832981479396547,1.5901957092207055
0.1,held_out_1,141,80000,4,D_growing_crossing,50,0.00024003786470669554,50,52,50,1.2554753910256924,1.5901957092207055
0.1,held_out_1,141,80000,5,A_fixed_raw,1.0e-5,1.0e-5,2,2,2,-2.556454006637232,0.751197942485476
0.1,held_out_1,141,80000,5,A_fixed_raw,0.0001,0.0001,12,17,12,-1.6146141020081244,0.751197942485476
0.1,held_out_1,141,80000,5,A_fixed_raw,0.001,0.001,133,139,133,-1.327643801035755,0.751197942485476
0.1,held_out_1,141,80000,5,C_fixed_crossing,10,8.596964574478157e-5,10,14,10,-1.5674372219316095,0.751197942485476
0.1,held_out_1,141,80000,5,C_fixed_crossing,25,0.00019014054534120028,25,26,25,-1.3810897359800554,0.751197942485476
0.1,held_out_1,141,80000,5,C_fixed_crossing,50,0.00036887269581919123,50,52,50,-1.3460006571995835,0.751197942485476
0.1,held_out_1,141,80000,5,C_fixed_crossing,100,0.0007421497893038315,100,104,100,-1.3475350608769412,0.751197942485476
0.1,held_out_1,141,80000,5,D_growing_crossing,10,8.596964574478157e-5,10,14,10,-1.5674372219316095,0.751197942485476
0.1,held_out_1,141,80000,5,D_growing_crossing,25,0.00019014054534120028,25,26,25,-1.3810897359800554,0.751197942485476
0.1,held_out_1,141,80000,5,D_growing_crossing,50,0.00036887269581919123,50,52,50,-1.3460006571995835,0.751197942485476
0.1,held_out_1,141,80000,6,A_fixed_raw,1.0e-5,1.0e-5,2,2,2,-1.7070639089934723,1.1372293674543315
0.1,held_out_1,141,80000,6,A_fixed_raw,0.0001,0.0001,18,18,18,-1.0444767382866704,1.1372293674543315
0.1,held_out_1,141,80000,6,A_fixed_raw,0.001,0.001,173,172,172,-0.8753822729942947,1.1372293674543315
0.1,held_out_1,141,80000,6,C_fixed_crossing,10,5.8441899544890316e-5,10,11,10,-1.1238384082847475,1.1372293674543315
0.1,held_out_1,141,80000,6,C_fixed_crossing,25,0.00015061551654288062,25,25,25,-0.8131883610726182,1.1372293674543315
0.1,held_out_1,141,80000,6,C_fixed_crossing,50,0.00029432974009474533,51,50,50,-0.8906268143371894,1.1372293674543315
0.1,held_out_1,141,80000,6,C_fixed_crossing,100,0.0005836115685242321,101,100,100,-0.8761457520650852,1.1372293674543315
0.1,held_out_1,141,80000,6,D_growing_crossing,10,5.8441899544890316e-5,10,11,10,-1.1238384082847475,1.1372293674543315
0.1,held_out_1,141,80000,6,D_growing_crossing,25,0.00015061551654288062,25,25,25,-0.8131883610726182,1.1372293674543315
0.1,held_out_1,141,80000,6,D_growing_crossing,50,0.00029432974009474533,51,50,50,-0.8906268143371894,1.1372293674543315
0.1,held_out_1,141,80000,7,A_fixed_raw,1.0e-5,1.0e-5,2,2,2,-2.1241107014458027,0.9924333042822502
0.1,held_out_1,141,80000,7,A_fixed_raw,0.0001,0.0001,10,13,10,-0.9290267487740284,0.9924333042822502
0.1,held_out_1,141,80000,7,A_fixed_raw,0.001,0.001,116,119,116,-0.8114310676088782,0.9924333042822502
0.1,held_out_1,141,80000,7,C_fixed_crossing,10,8.723091959580458e-5,10,11,10,-1.0195890301997261,0.9924333042822502
0.1,held_out_1,141,80000,7,C_fixed_crossing,25,0.00021677168761633316,25,26,25,-0.8184854666667254,0.9924333042822502
0.1,held_out_1,141,80000,7,C_fixed_crossing,50,0.00042982562543862905,50,51,50,-0.8140070422185208,0.9924333042822502
0.1,held_out_1,141,80000,7,C_fixed_crossing,100,0.0008460955132047697,100,102,100,-0.8379660256303281,0.9924333042822502
0.1,held_out_1,141,80000,7,D_growing_crossing,10,8.723091959580458e-5,10,11,10,-1.0195890301997261,0.9924333042822502
0.1,held_out_1,141,80000,7,D_growing_crossing,25,0.00021677168761633316,25,26,25,-0.8184854666667254,0.9924333042822502
0.1,held_out_1,141,80000,7,D_growing_crossing,50,0.00042982562543862905,50,51,50,-0.8140070422185208,0.9924333042822502
0.1,held_out_1,141,80000,8,A_fixed_raw,1.0e-5,1.0e-5,2,2,2,-1.1203000712251,0.36414053330894147
0.1,held_out_1,141,80000,8,A_fixed_raw,0.0001,0.0001,9,11,9,-0.40266871095817613,0.36414053330894147
0.1,held_out_1,141,80000,8,A_fixed_raw,0.001,0.001,85,89,85,-0.28555536718844615,0.36414053330894147
0.1,held_out_1,141,80000,8,C_fixed_crossing,10,0.00011012234996278464,10,11,10,-0.4550207746893214,0.36414053330894147
0.1,held_out_1,141,80000,8,C_fixed_crossing,25,0.00027970198525369036,25,26,25,-0.3355662858301003,0.36414053330894147
0.1,held_out_1,141,80000,8,C_fixed_crossing,50,0.0005921738233079657,50,52,50,-0.2744044352163746,0.36414053330894147
0.1,held_out_1,141,80000,8,C_fixed_crossing,100,0.001174191550430834,100,103,100,-0.26646136689660466,0.36414053330894147
0.1,held_out_1,141,80000,8,D_growing_crossing,10,0.00011012234996278464,10,11,10,-0.4550207746893214,0.36414053330894147
0.1,held_out_1,141,80000,8,D_growing_crossing,25,0.00027970198525369036,25,26,25,-0.3355662858301003,0.36414053330894147
0.1,held_out_1,141,80000,8,D_growing_crossing,50,0.0005921738233079657,50,52,50,-0.2744044352163746,0.36414053330894147
0.1,held_out_1,141,80000,9,A_fixed_raw,1.0e-5,1.0e-5,2,2,2,1.6783392563432529,1.4440302098093005
0.1,held_out_1,141,80000,9,A_fixed_raw,0.0001,0.0001,27,28,27,1.1137607831113172,1.4440302098093005
0.1,held_out_1,141,80000,9,A_fixed_raw,0.001,0.001,281,284,281,1.0474038547559559,1.4440302098093005
0.1,held_out_1,141,80000,9,C_fixed_crossing,10,3.8870089365846475e-5,10,12,10,1.2525630368925946,1.4440302098093005
0.1,held_out_1,141,80000,9,C_fixed_crossing,25,9.246379319343093e-5,25,27,25,1.1419357492164561,1.4440302098093005
0.1,held_out_1,141,80000,9,C_fixed_crossing,50,0.00018334178313053807,50,52,50,0.9860321365567456,1.4440302098093005
0.1,held_out_1,141,80000,9,C_fixed_crossing,100,0.00036090137699772634,101,101,101,0.9761215084396264,1.4440302098093005
0.1,held_out_1,141,80000,9,D_growing_crossing,10,3.8870089365846475e-5,10,12,10,1.2525630368925946,1.4440302098093005
0.1,held_out_1,141,80000,9,D_growing_crossing,25,9.246379319343093e-5,25,27,25,1.1419357492164561,1.4440302098093005
0.1,held_out_1,141,80000,9,D_growing_crossing,50,0.00018334178313053807,50,52,50,0.9860321365567456,1.4440302098093005
0.1,held_out_1,141,80000,10,A_fixed_raw,1.0e-5,1.0e-5,0,0,0,0.0,0.08745637221810908
0.1,held_out_1,141,80000,10,A_fixed_raw,0.0001,0.0001,5,3,3,-0.1666534572200562,0.08745637221810908
0.1,held_out_1,141,80000,10,A_fixed_raw,0.001,0.001,33,37,33,-0.08676938357077973,0.08745637221810908
0.1,held_out_1,141,80000,10,C_fixed_crossing,10,0.0002562970848744097,10,10,10,-0.1559352873077817,0.08745637221810908
0.1,held_out_1,141,80000,10,C_fixed_crossing,25,0.000736764872927537,25,26,25,-0.08581353434280643,0.08745637221810908
0.1,held_out_1,141,80000,10,C_fixed_crossing,50,0.001471571314798542,50,50,50,-0.06753490203429138,0.08745637221810908
0.1,held_out_1,141,80000,10,C_fixed_crossing,100,0.0030041505016429643,100,102,100,-0.06008006149421219,0.08745637221810908
0.1,held_out_1,141,80000,10,D_growing_crossing,10,0.0002562970848744097,10,10,10,-0.1559352873077817,0.08745637221810908
0.1,held_out_1,141,80000,10,D_growing_crossing,25,0.000736764872927537,25,26,25,-0.08581353434280643,0.08745637221810908
0.1,held_out_1,141,80000,10,D_growing_crossing,50,0.001471571314798542,50,50,50,-0.06753490203429138,0.08745637221810908
0.1,held_out_1,141,80000,11,A_fixed_raw,1.0e-5,1.0e-5,1,2,1,-1.6949536430832521,0.760287900075816
0.1,held_out_1,141,80000,11,A_fixed_raw,0.0001,0.0001,10,13,10,-0.8767447727305033,0.760287900075816
0.1,held_out_1,141,80000,11,A_fixed_raw,0.001,0.001,102,103,102,-0.6208433539284797,0.760287900075816
0.1,held_out_1,141,80000,11,C_fixed_crossing,10,9.246379319343093e-5,10,11,10,-0.8954126494787416,0.760287900075816
0.1,held_out_1,141,80000,11,C_fixed_crossing,25,0.0002525912794932055,25,27,25,-0.6415867563746053,0.760287900075816
0.1,held_out_1,141,80000,11,C_fixed_crossing,50,0.0004900271325081146,50,52,50,-0.6703852994757199,0.760287900075816
0.1,held_out_1,141,80000,11,C_fixed_crossing,100,0.0009931111159397533,100,103,100,-0.6181324186581152,0.760287900075816
0.1,held_out_1,141,80000,11,D_growing_crossing,10,9.246379319343093e-5,10,11,10,-0.8954126494787416,0.760287900075816
0.1,held_out_1,141,80000,11,D_growing_crossing,25,0.0002525912794932055,25,27,25,-0.6415867563746053,0.760287900075816
0.1,held_out_1,141,80000,11,D_growing_crossing,50,0.0004900271325081146,50,52,50,-0.6703852994757199,0.760287900075816
0.1,held_out_1,141,80000,12,A_fixed_raw,1.0e-5,1.0e-5,1,3,1,-1.7129911964876285,0.8440821262399694
0.1,held_out_1,141,80000,12,A_fixed_raw,0.0001,0.0001,17,16,16,-0.8615612179310728,0.8440821262399694
0.1,held_out_1,141,80000,12,A_fixed_raw,0.001,0.001,157,155,155,-0.6648216840970389,0.8440821262399694
0.1,held_out_1,141,80000,12,C_fixed_crossing,10,6.5187477573993e-5,10,11,10,-0.7887456000226104,0.8440821262399694
0.1,held_out_1,141,80000,12,C_fixed_crossing,25,0.00015965075271329006,25,25,25,-0.7023530386043879,0.8440821262399694
0.1,held_out_1,141,80000,12,C_fixed_crossing,50,0.00032830235637785544,52,50,50,-0.6808942015992553,0.8440821262399694
0.1,held_out_1,141,80000,12,C_fixed_crossing,100,0.0006557320360656451,101,100,100,-0.657844042917882,0.8440821262399694
0.1,held_out_1,141,80000,12,D_growing_crossing,10,6.5187477573993e-5,10,11,10,-0.7887456000226104,0.8440821262399694
0.1,held_out_1,141,80000,12,D_growing_crossing,25,0.00015965075271329006,25,25,25,-0.7023530386043879,0.8440821262399694
0.1,held_out_1,141,80000,12,D_growing_crossing,50,0.00032830235637785544,52,50,50,-0.6808942015992553,0.8440821262399694
0.1,held_out_1,141,80000,13,A_fixed_raw,1.0e-5,1.0e-5,0,1,0,1.1269876564232173,0.3071677326761748
0.1,held_out_1,141,80000,13,A_fixed_raw,0.0001,0.0001,4,3,3,0.3254414405431255,0.3071677326761748
0.1,held_out_1,141,80000,13,A_fixed_raw,0.001,0.001,29,26,26,0.16158326734685285,0.3071677326761748
0.1,held_out_1,141,80000,13,C_fixed_crossing,10,0.00032830235637785544,11,10,10,0.19883764563376388,0.3071677326761748
0.1,held_out_1,141,80000,13,C_fixed_crossing,25,0.0009506527346308664,27,25,25,0.15979417530027246,0.3071677326761748
0.1,held_out_1,141,80000,13,C_fixed_crossing,50,0.0017913194805669452,50,50,50,0.15261334762266537,0.3071677326761748
0.1,held_out_1,141,80000,13,C_fixed_crossing,100,0.0036303689537456347,101,100,100,0.15508178652910803,0.3071677326761748
0.1,held_out_1,141,80000,13,D_growing_crossing,10,0.00032830235637785544,11,10,10,0.19883764563376388,0.3071677326761748
0.1,held_out_1,141,80000,13,D_growing_crossing,25,0.0009506527346308664,27,25,25,0.15979417530027246,0.3071677326761748
0.1,held_out_1,141,80000,13,D_growing_crossing,50,0.0017913194805669452,50,50,50,0.15261334762266537,0.3071677326761748
0.1,held_out_1,141,80000,14,A_fixed_raw,1.0e-5,1.0e-5,3,3,3,1.712837451382093,1.2972022936396106
0.1,held_out_1,141,80000,14,A_fixed_raw,0.0001,0.0001,23,23,23,1.0472513218959256,1.2972022936396106
0.1,held_out_1,141,80000,14,A_fixed_raw,0.001,0.001,224,228,224,0.9841198405953211,1.2972022936396106
0.1,held_out_1,141,80000,14,C_fixed_crossing,10,3.83080658593738e-5,10,10,10,1.3280323666300138,1.2972022936396106
0.1,held_out_1,141,80000,14,C_fixed_crossing,25,0.00010774261199119845,25,25,25,1.0858436756034864,1.2972022936396106
0.1,held_out_1,141,80000,14,C_fixed_crossing,50,0.00022317892746405847,50,51,50,1.0148057913428459,1.2972022936396106
0.1,held_out_1,141,80000,14,C_fixed_crossing,100,0.0004361316630774809,100,100,100,1.015152154758851,1.2972022936396106
0.1,held_out_1,141,80000,14,D_growing_crossing,10,3.83080658593738e-5,10,10,10,1.3280323666300138,1.2972022936396106
0.1,held_out_1,141,80000,14,D_growing_crossing,25,0.00010774261199119845,25,25,25,1.0858436756034864,1.2972022936396106
0.1,held_out_1,141,80000,14,D_growing_crossing,50,0.00022317892746405847,50,51,50,1.0148057913428459,1.2972022936396106
0.1,held_out_1,141,80000,1,B_power_scaled_anchor25,0.3333333333333333,0.0005878771077867834,25,23,23,-0.2799180455651217,0.3819730496717949
0.1,held_out_1,141,80000,1,B_power_scaled_anchor25,0.5,0.0005878771077867834,25,23,23,-0.2799180455651217,0.3819730496717949
0.1,held_out_1,141,80000,1,B_power_scaled_anchor25,0.6666666666666666,0.0005878771077867834,25,23,23,-0.2799180455651217,0.3819730496717949
0.1,held_out_1,141,80000,1,B_power_scaled_anchor100,0.3333333333333333,0.002450006823774582,102,99,99,-0.29081387396134395,0.3819730496717949
0.1,held_out_1,141,80000,1,B_power_scaled_anchor100,0.5,0.002450006823774582,102,99,99,-0.29081387396134395,0.3819730496717949
0.1,held_out_1,141,80000,1,B_power_scaled_anchor100,0.6666666666666666,0.002450006823774582,102,99,99,-0.29081387396134395,0.3819730496717949
0.1,held_out_1,141,80000,2,B_power_scaled_anchor25,0.3333333333333333,0.000753037982626973,27,28,27,-0.07108418062994763,0.07251655396717029
0.1,held_out_1,141,80000,2,B_power_scaled_anchor25,0.5,0.000753037982626973,27,28,27,-0.07108418062994763,0.07251655396717029
0.1,held_out_1,141,80000,2,B_power_scaled_anchor25,0.6666666666666666,0.000753037982626973,27,28,27,-0.07108418062994763,0.07251655396717029
0.1,held_out_1,141,80000,2,B_power_scaled_anchor100,0.3333333333333333,0.002752769221129182,98,103,98,-0.054858821141834976,0.07251655396717029
0.1,held_out_1,141,80000,2,B_power_scaled_anchor100,0.5,0.002752769221129182,98,103,98,-0.054858821141834976,0.07251655396717029
0.1,held_out_1,141,80000,2,B_power_scaled_anchor100,0.6666666666666666,0.002752769221129182,98,103,98,-0.054858821141834976,0.07251655396717029
0.1,held_out_1,141,80000,3,B_power_scaled_anchor25,0.3333333333333333,0.0009233604622291324,25,27,25,-0.10347361876998057,0.2982316007191014
0.1,held_out_1,141,80000,3,B_power_scaled_anchor25,0.5,0.0009233604622291324,25,27,25,-0.10347361876998057,0.2982316007191014
0.1,held_out_1,141,80000,3,B_power_scaled_anchor25,0.6666666666666666,0.0009233604622291324,25,27,25,-0.10347361876998057,0.2982316007191014
0.1,held_out_1,141,80000,3,B_power_scaled_anchor100,0.3333333333333333,0.0036569028371450114,101,104,101,-0.08134567417959683,0.2982316007191014
0.1,held_out_1,141,80000,3,B_power_scaled_anchor100,0.5,0.0036569028371450114,101,104,101,-0.08134567417959683,0.2982316007191014
0.1,held_out_1,141,80000,3,B_power_scaled_anchor100,0.6666666666666666,0.0036569028371450114,101,104,101,-0.08134567417959683,0.2982316007191014
0.1,held_out_1,141,80000,4,B_power_scaled_anchor25,0.3333333333333333,0.00012373084539778453,23,26,23,1.1360191598935363,1.5901957092207055
0.1,held_out_1,141,80000,4,B_power_scaled_anchor25,0.5,0.00012373084539778453,23,26,23,1.1360191598935363,1.5901957092207055
0.1,held_out_1,141,80000,4,B_power_scaled_anchor25,0.6666666666666666,0.00012373084539778453,23,26,23,1.1360191598935363,1.5901957092207055
0.1,held_out_1,141,80000,4,B_power_scaled_anchor100,0.3333333333333333,0.0004829418190505914,98,102,98,1.1902115311457735,1.5901957092207055
0.1,held_out_1,141,80000,4,B_power_scaled_anchor100,0.5,0.0004829418190505914,98,102,98,1.1902115311457735,1.5901957092207055
0.1,held_out_1,141,80000,4,B_power_scaled_anchor100,0.6666666666666666,0.0004829418190505914,98,102,98,1.1902115311457735,1.5901957092207055
0.1,held_out_1,141,80000,5,B_power_scaled_anchor25,0.3333333333333333,0.0001717107713329538,23,24,23,-1.3967824353631586,0.751197942485476
0.1,held_out_1,141,80000,5,B_power_scaled_anchor25,0.5,0.0001717107713329538,23,24,23,-1.3967824353631586,0.751197942485476
0.1,held_out_1,141,80000,5,B_power_scaled_anchor25,0.6666666666666666,0.0001717107713329538,23,24,23,-1.3967824353631586,0.751197942485476
0.1,held_out_1,141,80000,5,B_power_scaled_anchor100,0.3333333333333333,0.0007475740633170672,101,105,101,-1.349906278343007,0.751197942485476
0.1,held_out_1,141,80000,5,B_power_scaled_anchor100,0.5,0.0007475740633170672,101,105,101,-1.349906278343007,0.751197942485476
0.1,held_out_1,141,80000,5,B_power_scaled_anchor100,0.6666666666666666,0.0007475740633170672,101,105,101,-1.349906278343007,0.751197942485476
0.1,held_out_1,141,80000,6,B_power_scaled_anchor25,0.3333333333333333,0.0001452300313988595,23,25,23,-0.8428235566379986,1.1372293674543315
0.1,held_out_1,141,80000,6,B_power_scaled_anchor25,0.5,0.0001452300313988595,23,25,23,-0.8428235566379986,1.1372293674543315
0.1,held_out_1,141,80000,6,B_power_scaled_anchor25,0.6666666666666666,0.0001452300313988595,23,25,23,-0.8428235566379986,1.1372293674543315
0.1,held_out_1,141,80000,6,B_power_scaled_anchor100,0.3333333333333333,0.0005836115685242321,101,100,100,-0.8761457520650852,1.1372293674543315
0.1,held_out_1,141,80000,6,B_power_scaled_anchor100,0.5,0.0005836115685242321,101,100,100,-0.8761457520650852,1.1372293674543315
0.1,held_out_1,141,80000,6,B_power_scaled_anchor100,0.6666666666666666,0.0005836115685242321,101,100,100,-0.8761457520650852,1.1372293674543315
0.1,held_out_1,141,80000,7,B_power_scaled_anchor25,0.3333333333333333,0.0002015468384785948,21,24,21,-0.7476656684219971,0.9924333042822502
0.1,held_out_1,141,80000,7,B_power_scaled_anchor25,0.5,0.0002015468384785948,21,24,21,-0.7476656684219971,0.9924333042822502
0.1,held_out_1,141,80000,7,B_power_scaled_anchor25,0.6666666666666666,0.0002015468384785948,21,24,21,-0.7476656684219971,0.9924333042822502
0.1,held_out_1,141,80000,7,B_power_scaled_anchor100,0.3333333333333333,0.0008585087101771192,101,102,101,-0.8250168292201555,0.9924333042822502
0.1,held_out_1,141,80000,7,B_power_scaled_anchor100,0.5,0.0008585087101771192,101,102,101,-0.8250168292201555,0.9924333042822502
0.1,held_out_1,141,80000,7,B_power_scaled_anchor100,0.6666666666666666,0.0008585087101771192,101,102,101,-0.8250168292201555,0.9924333042822502
0.1,held_out_1,141,80000,8,B_power_scaled_anchor25,0.3333333333333333,0.0003008306745507225,26,28,26,-0.31177372881441434,0.36414053330894147
0.1,held_out_1,141,80000,8,B_power_scaled_anchor25,0.5,0.0003008306745507225,26,28,26,-0.31177372881441434,0.36414053330894147
0.1,held_out_1,141,80000,8,B_power_scaled_anchor25,0.6666666666666666,0.0003008306745507225,26,28,26,-0.31177372881441434,0.36414053330894147
0.1,held_out_1,141,80000,8,B_power_scaled_anchor100,0.3333333333333333,0.001157213888089168,98,100,98,-0.27052227762801495,0.36414053330894147
0.1,held_out_1,141,80000,8,B_power_scaled_anchor100,0.5,0.001157213888089168,98,100,98,-0.27052227762801495,0.36414053330894147
0.1,held_out_1,141,80000,8,B_power_scaled_anchor100,0.6666666666666666,0.001157213888089168,98,100,98,-0.27052227762801495,0.36414053330894147
0.1,held_out_1,141,80000,9,B_power_scaled_anchor25,0.3333333333333333,8.851069778883683e-5,23,25,23,1.1285488970264084,1.4440302098093005
0.1,held_out_1,141,80000,9,B_power_scaled_anchor25,0.5,8.851069778883683e-5,23,25,23,1.1285488970264084,1.4440302098093005
0.1,held_out_1,141,80000,9,B_power_scaled_anchor25,0.6666666666666666,8.851069778883683e-5,23,25,23,1.1285488970264084,1.4440302098093005
0.1,held_out_1,141,80000,9,B_power_scaled_anchor100,0.3333333333333333,0.00036353915711813314,103,102,102,1.0202591010146893,1.4440302098093005
0.1,held_out_1,141,80000,9,B_power_scaled_anchor100,0.5,0.00036353915711813314,103,102,102,1.0202591010146893,1.4440302098093005
0.1,held_out_1,141,80000,9,B_power_scaled_anchor100,0.6666666666666666,0.00036353915711813314,103,102,102,1.0202591010146893,1.4440302098093005
0.1,held_out_1,141,80000,10,B_power_scaled_anchor25,0.3333333333333333,0.0007866704255177681,27,28,27,-0.08010006100350359,0.08745637221810908
0.1,held_out_1,141,80000,10,B_power_scaled_anchor25,0.5,0.0007866704255177681,27,28,27,-0.08010006100350359,0.08745637221810908
0.1,held_out_1,141,80000,10,B_power_scaled_anchor25,0.6666666666666666,0.0007866704255177681,27,28,27,-0.08010006100350359,0.08745637221810908
0.1,held_out_1,141,80000,10,B_power_scaled_anchor100,0.3333333333333333,0.002939230973286228,98,99,98,-0.06149867402835653,0.08745637221810908
0.1,held_out_1,141,80000,10,B_power_scaled_anchor100,0.5,0.002939230973286228,98,99,98,-0.06149867402835653,0.08745637221810908
0.1,held_out_1,141,80000,10,B_power_scaled_anchor100,0.6666666666666666,0.002939230973286228,98,99,98,-0.06149867402835653,0.08745637221810908
0.1,held_out_1,141,80000,11,B_power_scaled_anchor25,0.3333333333333333,0.00023829618957962675,23,25,23,-0.6352503203482195,0.760287900075816
0.1,held_out_1,141,80000,11,B_power_scaled_anchor25,0.5,0.00023829618957962675,23,25,23,-0.6352503203482195,0.760287900075816
0.1,held_out_1,141,80000,11,B_power_scaled_anchor25,0.6666666666666666,0.00023829618957962675,23,25,23,-0.6352503203482195,0.760287900075816
0.1,held_out_1,141,80000,11,B_power_scaled_anchor100,0.3333333333333333,0.000964599906626352,97,100,97,-0.6072501308173115,0.760287900075816
0.1,held_out_1,141,80000,11,B_power_scaled_anchor100,0.5,0.000964599906626352,97,100,97,-0.6072501308173115,0.760287900075816
0.1,held_out_1,141,80000,11,B_power_scaled_anchor100,0.6666666666666666,0.000964599906626352,97,100,97,-0.6072501308173115,0.760287900075816
0.1,held_out_1,141,80000,12,B_power_scaled_anchor25,0.3333333333333333,0.0001755033900111121,28,27,27,-0.6760210012588295,0.8440821262399694
0.1,held_out_1,141,80000,12,B_power_scaled_anchor25,0.5,0.0001755033900111121,28,27,27,-0.6760210012588295,0.8440821262399694
0.1,held_out_1,141,80000,12,B_power_scaled_anchor25,0.6666666666666666,0.0001755033900111121,28,27,27,-0.6760210012588295,0.8440821262399694
0.1,held_out_1,141,80000,12,B_power_scaled_anchor100,0.3333333333333333,0.0006462507916376377,99,98,98,-0.6455761823396374,0.8440821262399694
0.1,held_out_1,141,80000,12,B_power_scaled_anchor100,0.5,0.0006462507916376377,99,98,98,-0.6455761823396374,0.8440821262399694
0.1,held_out_1,141,80000,12,B_power_scaled_anchor100,0.6666666666666666,0.0006462507916376377,99,98,98,-0.6455761823396374,0.8440821262399694
0.1,held_out_1,141,80000,13,B_power_scaled_anchor25,0.3333333333333333,0.0009100095722984232,25,24,24,0.16731386402787185,0.3071677326761748
0.1,held_out_1,141,80000,13,B_power_scaled_anchor25,0.5,0.0009100095722984232,25,24,24,0.16731386402787185,0.3071677326761748
0.1,held_out_1,141,80000,13,B_power_scaled_anchor25,0.6666666666666666,0.0009100095722984232,25,24,24,0.16731386402787185,0.3071677326761748
0.1,held_out_1,141,80000,13,B_power_scaled_anchor100,0.3333333333333333,0.003737673763142853,102,102,102,0.15082549272783877,0.3071677326761748
0.1,held_out_1,141,80000,13,B_power_scaled_anchor100,0.5,0.003737673763142853,102,102,102,0.15082549272783877,0.3071677326761748
0.1,held_out_1,141,80000,13,B_power_scaled_anchor100,0.6666666666666666,0.003737673763142853,102,102,102,0.15082549272783877,0.3071677326761748
0.1,held_out_1,141,80000,14,B_power_scaled_anchor25,0.3333333333333333,0.00011337729675295551,25,26,25,1.0321172518535764,1.2972022936396106
0.1,held_out_1,141,80000,14,B_power_scaled_anchor25,0.5,0.00011337729675295551,25,26,25,1.0321172518535764,1.2972022936396106
0.1,held_out_1,141,80000,14,B_power_scaled_anchor25,0.6666666666666666,0.00011337729675295551,25,26,25,1.0321172518535764,1.2972022936396106
0.1,held_out_1,141,80000,14,B_power_scaled_anchor100,0.3333333333333333,0.0004556103262919857,103,105,103,0.9928942614284316,1.2972022936396106
0.1,held_out_1,141,80000,14,B_power_scaled_anchor100,0.5,0.0004556103262919857,103,105,103,0.9928942614284316,1.2972022936396106
0.1,held_out_1,141,80000,14,B_power_scaled_anchor100,0.6666666666666666,0.0004556103262919857,103,105,103,0.9928942614284316,1.2972022936396106
0.1,held_out_1,141,320000,1,A_fixed_raw,1.0e-5,1.0e-5,3,3,3,-0.41996858321582947,0.3819730496717949
0.1,held_out_1,141,320000,1,A_fixed_raw,0.0001,0.0001,14,16,14,-0.284351188759302,0.3819730496717949
0.1,held_out_1,141,320000,1,A_fixed_raw,0.001,0.001,166,165,165,-0.28744741750239694,0.3819730496717949
0.1,held_out_1,141,320000,1,C_fixed_crossing,10,6.960302072735584e-5,10,12,10,-0.2802224584621713,0.3819730496717949
0.1,held_out_1,141,320000,1,C_fixed_crossing,25,0.0001495226752145598,26,25,25,-0.3008819455458662,0.3819730496717949
0.1,held_out_1,141,320000,1,C_fixed_crossing,50,0.00029648095698320655,50,50,50,-0.307829251918814,0.3819730496717949
0.1,held_out_1,141,320000,1,C_fixed_crossing,100,0.000600861696244141,100,100,100,-0.29508503555929544,0.3819730496717949
0.1,held_out_1,141,320000,1,D_growing_crossing,10,0.00013115330382301005,20,20,20,-0.2921435787962645,0.3819730496717949
0.1,held_out_1,141,320000,1,D_growing_crossing,25,0.00029648095698320655,50,50,50,-0.307829251918814,0.3819730496717949
0.1,held_out_1,141,320000,1,D_growing_crossing,50,0.000600861696244141,100,100,100,-0.29508503555929544,0.3819730496717949
0.1,held_out_1,141,320000,2,A_fixed_raw,1.0e-5,1.0e-5,0,0,0,0.0,0.07251655396717029
0.1,held_out_1,141,320000,2,A_fixed_raw,0.0001,0.0001,8,19,8,-0.05408243958601733,0.07251655396717029
0.1,held_out_1,141,320000,2,A_fixed_raw,0.001,0.001,137,153,137,-0.052581583342758975,0.07251655396717029
0.1,held_out_1,141,320000,2,C_fixed_crossing,10,0.00011255464980110811,10,20,10,-0.04781342405808429,0.07251655396717029
0.1,held_out_1,141,320000,2,C_fixed_crossing,25,0.00024355949701525175,26,42,26,-0.057467167914256406,0.07251655396717029
0.1,held_out_1,141,320000,2,C_fixed_crossing,50,0.0003996370414275126,51,64,51,-0.05820447031270452,0.07251655396717029
0.1,held_out_1,141,320000,2,C_fixed_crossing,100,0.0007208434242404263,100,108,100,-0.0528593726411107,0.07251655396717029
0.1,held_out_1,141,320000,2,D_growing_crossing,10,0.0001420916183478184,20,23,20,-0.052663276120603855,0.07251655396717029
0.1,held_out_1,141,320000,2,D_growing_crossing,25,0.0003996370414275126,51,64,51,-0.05820447031270452,0.07251655396717029
0.1,held_out_1,141,320000,2,D_growing_crossing,50,0.0007208434242404263,100,108,100,-0.0528593726411107,0.07251655396717029
0.1,held_out_1,141,320000,3,A_fixed_raw,1.0e-5,1.0e-5,2,1,1,-0.0810398334924467,0.2982316007191014
0.1,held_out_1,141,320000,3,A_fixed_raw,0.0001,0.0001,12,11,11,-0.11308082804306618,0.2982316007191014
0.1,held_out_1,141,320000,3,A_fixed_raw,0.001,0.001,113,110,110,-0.07380830627663065,0.2982316007191014
0.1,held_out_1,141,320000,3,C_fixed_crossing,10,9.659344311254373e-5,12,10,10,-0.06393781882007428,0.2982316007191014
0.1,held_out_1,141,320000,3,C_fixed_crossing,25,0.00023485065955302753,26,25,25,-0.0851983842417061,0.2982316007191014
0.1,held_out_1,141,320000,3,C_fixed_crossing,50,0.00044902264621855695,52,50,50,-0.07774832828713876,0.2982316007191014
0.1,held_out_1,141,320000,3,C_fixed_crossing,100,0.0008968517231889677,102,100,100,-0.08030115433566326,0.2982316007191014
0.1,held_out_1,141,320000,3,D_growing_crossing,10,0.00017937977720493343,20,20,20,-0.10476919605599046,0.2982316007191014
0.1,held_out_1,141,320000,3,D_growing_crossing,25,0.00044902264621855695,52,50,50,-0.07774832828713876,0.2982316007191014
0.1,held_out_1,141,320000,3,D_growing_crossing,50,0.0008968517231889677,102,100,100,-0.08030115433566326,0.2982316007191014
0.1,held_out_1,141,320000,4,A_fixed_raw,1.0e-5,1.0e-5,10,5,5,1.099064820292428,1.5901957092207055
0.1,held_out_1,141,320000,4,A_fixed_raw,0.0001,0.0001,84,81,81,1.2217226178377893,1.5901957092207055
0.1,held_out_1,141,320000,4,A_fixed_raw,0.001,0.001,829,837,829,1.2071008909317475,1.5901957092207055
0.1,held_out_1,141,320000,4,C_fixed_crossing,10,1.3423557800399434e-5,13,10,10,1.3596444809968833,1.5901957092207055
0.1,held_out_1,141,320000,4,C_fixed_crossing,25,3.124178456097416e-5,25,25,25,1.2284626717157798,1.5901957092207055
0.1,held_out_1,141,320000,4,C_fixed_crossing,50,5.929930961168192e-5,51,50,50,1.2462647969660878,1.5901957092207055
0.1,held_out_1,141,320000,4,C_fixed_crossing,100,0.00012194181828918227,103,100,100,1.2336519335377258,1.5901957092207055
0.1,held_out_1,141,320000,4,D_growing_crossing,10,2.6041704805425035e-5,20,21,20,1.1888644605370466,1.5901957092207055
0.1,held_out_1,141,320000,4,D_growing_crossing,25,5.929930961168192e-5,51,50,50,1.2462647969660878,1.5901957092207055
0.1,held_out_1,141,320000,4,D_growing_crossing,50,0.00012194181828918227,103,100,100,1.2336519335377258,1.5901957092207055
0.1,held_out_1,141,320000,5,A_fixed_raw,1.0e-5,1.0e-5,5,7,5,-1.432106189522275,0.751197942485476
0.1,held_out_1,141,320000,5,A_fixed_raw,0.0001,0.0001,55,55,55,-1.3708178856047109,0.751197942485476
0.1,held_out_1,141,320000,5,A_fixed_raw,0.001,0.001,546,548,546,-1.3324120516605003,0.751197942485476
0.1,held_out_1,141,320000,5,C_fixed_crossing,10,2.1083968692027628e-5,10,14,10,-1.391295802445122,0.751197942485476
0.1,held_out_1,141,320000,5,C_fixed_crossing,25,4.836099693217333e-5,25,27,25,-1.3377938169202868,0.751197942485476
0.1,held_out_1,141,320000,5,C_fixed_crossing,50,9.246379319343093e-5,50,50,50,-1.3371288784439703,0.751197942485476
0.1,held_out_1,141,320000,5,C_fixed_crossing,100,0.00018334178313053807,100,102,100,-1.3638688941628931,0.751197942485476
0.1,held_out_1,141,320000,5,D_growing_crossing,10,3.858805441307701e-5,20,21,20,-1.3931210415886723,0.751197942485476
0.1,held_out_1,141,320000,5,D_growing_crossing,25,9.246379319343093e-5,50,50,50,-1.3371288784439703,0.751197942485476
0.1,held_out_1,141,320000,5,D_growing_crossing,50,0.00018334178313053807,100,102,100,-1.3638688941628931,0.751197942485476
0.1,held_out_1,141,320000,6,A_fixed_raw,1.0e-5,1.0e-5,5,4,4,-0.7858575803217082,1.1372293674543315
0.1,held_out_1,141,320000,6,A_fixed_raw,0.0001,0.0001,69,66,66,-0.9147493326481376,1.1372293674543315
0.1,held_out_1,141,320000,6,A_fixed_raw,0.001,0.001,690,685,685,-0.8580352633128785,1.1372293674543315
0.1,held_out_1,141,320000,6,C_fixed_crossing,10,2.334691804095086e-5,22,10,10,-0.8379884524071369,1.1372293674543315
0.1,held_out_1,141,320000,6,C_fixed_crossing,25,3.775416866356779e-5,28,25,25,-0.8212392904047041,1.1372293674543315
0.1,held_out_1,141,320000,6,C_fixed_crossing,50,7.48608332443079e-5,56,50,50,-0.8701103750213365,1.1372293674543315
0.1,held_out_1,141,320000,6,C_fixed_crossing,100,0.00015282521987395884,105,101,101,-0.8700544967604312,1.1372293674543315
0.1,held_out_1,141,320000,6,D_growing_crossing,10,2.9047533725152756e-5,24,20,20,-0.9295605160616368,1.1372293674543315
0.1,held_out_1,141,320000,6,D_growing_crossing,25,7.48608332443079e-5,56,50,50,-0.8701103750213365,1.1372293674543315
0.1,held_out_1,141,320000,6,D_growing_crossing,50,0.00015282521987395884,105,101,101,-0.8700544967604312,1.1372293674543315
0.1,held_out_1,141,320000,7,A_fixed_raw,1.0e-5,1.0e-5,3,7,3,-0.9837948834849618,0.9924333042822502
0.1,held_out_1,141,320000,7,A_fixed_raw,0.0001,0.0001,46,49,46,-0.8734683557586054,0.9924333042822502
0.1,held_out_1,141,320000,7,A_fixed_raw,0.001,0.001,469,473,469,-0.8381630132836271,0.9924333042822502
0.1,held_out_1,141,320000,7,C_fixed_crossing,10,2.529407396667172e-5,10,13,10,-0.8578267457145011,0.9924333042822502
0.1,held_out_1,141,320000,7,C_fixed_crossing,25,5.394300027073001e-5,25,26,25,-0.8946357106390159,0.9924333042822502
0.1,held_out_1,141,320000,7,C_fixed_crossing,50,0.00010696084938195432,50,54,50,-0.885498582631664,0.9924333042822502
0.1,held_out_1,141,320000,7,C_fixed_crossing,100,0.00021363738085332433,101,103,101,-0.860123234587825,0.9924333042822502
0.1,held_out_1,141,320000,7,D_growing_crossing,10,4.431424583595357e-5,20,20,20,-0.8549131285925176,0.9924333042822502
0.1,held_out_1,141,320000,7,D_growing_crossing,25,0.00010696084938195432,50,54,50,-0.885498582631664,0.9924333042822502
0.1,held_out_1,141,320000,7,D_growing_crossing,50,0.00021363738085332433,101,103,101,-0.860123234587825,0.9924333042822502
0.1,held_out_1,141,320000,8,A_fixed_raw,1.0e-5,1.0e-5,3,3,3,-0.4187761684988633,0.36414053330894147
0.1,held_out_1,141,320000,8,A_fixed_raw,0.0001,0.0001,34,37,34,-0.2837609410834968,0.36414053330894147
0.1,held_out_1,141,320000,8,A_fixed_raw,0.001,0.001,347,349,347,-0.2741963704320158,0.36414053330894147
0.1,held_out_1,141,320000,8,C_fixed_crossing,10,2.76039140558253e-5,10,12,10,-0.2835439761228436,0.36414053330894147
0.1,held_out_1,141,320000,8,C_fixed_crossing,25,6.909799269722478e-5,25,26,25,-0.28163833194662835,0.36414053330894147
0.1,held_out_1,141,320000,8,C_fixed_crossing,50,0.00014417626626184708,50,51,50,-0.27539187098623213,0.36414053330894147
0.1,held_out_1,141,320000,8,C_fixed_crossing,100,0.000285879832836322,100,100,100,-0.29041856273089833,0.36414053330894147
0.1,held_out_1,141,320000,8,D_growing_crossing,10,6.285660091460845e-5,20,24,20,-0.28936295523026884,0.36414053330894147
0.1,held_out_1,141,320000,8,D_growing_crossing,25,0.00014417626626184708,50,51,50,-0.27539187098623213,0.36414053330894147
0.1,held_out_1,141,320000,8,D_growing_crossing,50,0.000285879832836322,100,100,100,-0.29041856273089833,0.36414053330894147
0.1,held_out_1,141,320000,9,A_fixed_raw,1.0e-5,1.0e-5,12,10,10,1.0616995947149155,1.4440302098093005
0.1,held_out_1,141,320000,9,A_fixed_raw,0.0001,0.0001,114,111,111,1.086165612634027,1.4440302098093005
0.1,held_out_1,141,320000,9,A_fixed_raw,0.001,0.001,1121,1126,1121,1.0549038326409659,1.4440302098093005
0.1,held_out_1,141,320000,9,C_fixed_crossing,10,9.672708019398979e-6,12,10,10,1.0976239462471493,1.4440302098093005
0.1,held_out_1,141,320000,9,C_fixed_crossing,25,2.2512113744858148e-5,26,25,25,1.1584794652246504,1.4440302098093005
0.1,held_out_1,141,320000,9,C_fixed_crossing,50,4.496438692955098e-5,50,50,50,1.047567554344579,1.4440302098093005
0.1,held_out_1,141,320000,9,C_fixed_crossing,100,8.915761069621596e-5,101,101,101,1.0989770707164341,1.4440302098093005
0.1,held_out_1,141,320000,9,D_growing_crossing,10,1.7447101363465795e-5,20,21,20,1.0789425164687725,1.4440302098093005
0.1,held_out_1,141,320000,9,D_growing_crossing,25,4.496438692955098e-5,50,50,50,1.047567554344579,1.4440302098093005
0.1,held_out_1,141,320000,9,D_growing_crossing,50,8.915761069621596e-5,101,101,101,1.0989770707164341,1.4440302098093005
0.1,held_out_1,141,320000,10,A_fixed_raw,1.0e-5,1.0e-5,0,0,0,0.0,0.08745637221810908
0.1,held_out_1,141,320000,10,A_fixed_raw,0.0001,0.0001,18,11,11,-0.08051078725153371,0.08745637221810908
0.1,held_out_1,141,320000,10,A_fixed_raw,0.001,0.001,137,138,137,-0.06811061217457809,0.08745637221810908
0.1,held_out_1,141,320000,10,C_fixed_crossing,10,9.519679632098577e-5,18,10,10,-0.06129728487761972,0.08745637221810908
0.1,held_out_1,141,320000,10,C_fixed_crossing,25,0.00020450376304106274,26,26,26,-0.07290478004007463,0.08745637221810908
0.1,held_out_1,141,320000,10,C_fixed_crossing,50,0.0003881638687334921,52,50,50,-0.07113994187626199,0.08745637221810908
0.1,held_out_1,141,320000,10,C_fixed_crossing,100,0.0007809624747534206,111,102,102,-0.06782991459468478,0.08745637221810908
0.1,held_out_1,141,320000,10,D_growing_crossing,10,0.0001340501195901282,20,20,20,-0.06075484131545111,0.08745637221810908
0.1,held_out_1,141,320000,10,D_growing_crossing,25,0.0003881638687334921,52,50,50,-0.07113994187626199,0.08745637221810908
0.1,held_out_1,141,320000,10,D_growing_crossing,50,0.0007809624747534206,111,102,102,-0.06782991459468478,0.08745637221810908
0.1,held_out_1,141,320000,11,A_fixed_raw,1.0e-5,1.0e-5,3,5,3,-0.6697349915645023,0.760287900075816
0.1,held_out_1,141,320000,11,A_fixed_raw,0.0001,0.0001,41,41,41,-0.6367043263488803,0.760287900075816
0.1,held_out_1,141,320000,11,A_fixed_raw,0.001,0.001,415,413,413,-0.6329332020058587,0.760287900075816
0.1,held_out_1,141,320000,11,C_fixed_crossing,10,2.76039140558253e-5,10,14,10,-0.7283896343122767,0.760287900075816
0.1,held_out_1,141,320000,11,C_fixed_crossing,25,6.5187477573993e-5,27,26,26,-0.6499000336911569,0.760287900075816
0.1,held_out_1,141,320000,11,C_fixed_crossing,50,0.00011930666225223702,50,50,50,-0.6490309539069493,0.760287900075816
0.1,held_out_1,141,320000,11,C_fixed_crossing,100,0.00024179226950541205,100,100,100,-0.6580252359292561,0.760287900075816
0.1,held_out_1,141,320000,11,D_growing_crossing,10,4.7661744177271865e-5,20,20,20,-0.6690132140916218,0.760287900075816
0.1,held_out_1,141,320000,11,D_growing_crossing,25,0.00011930666225223702,50,50,50,-0.6490309539069493,0.760287900075816
0.1,held_out_1,141,320000,11,D_growing_crossing,50,0.00024179226950541205,100,100,100,-0.6580252359292561,0.760287900075816
0.1,held_out_1,141,320000,12,A_fixed_raw,1.0e-5,1.0e-5,8,5,5,-0.5663038426674538,0.8440821262399694
0.1,held_out_1,141,320000,12,A_fixed_raw,0.0001,0.0001,62,61,61,-0.640241875419223,0.8440821262399694
0.1,held_out_1,141,320000,12,A_fixed_raw,0.001,0.001,618,617,617,-0.6336647868128986,0.8440821262399694
0.1,held_out_1,141,320000,12,C_fixed_crossing,10,1.598716296171024e-5,10,10,10,-0.5666001005454181,0.8440821262399694
0.1,held_out_1,141,320000,12,C_fixed_crossing,25,4.180633610150673e-5,27,25,25,-0.6465024805355231,0.8440821262399694
0.1,held_out_1,141,320000,12,C_fixed_crossing,50,8.472660868106569e-5,54,50,50,-0.6378668184504283,0.8440821262399694
0.1,held_out_1,141,320000,12,C_fixed_crossing,100,0.0001655709935111996,104,101,101,-0.6546399545837683,0.8440821262399694
0.1,held_out_1,141,320000,12,D_growing_crossing,10,3.2637115951016386e-5,20,20,20,-0.6766173223979268,0.8440821262399694
0.1,held_out_1,141,320000,12,D_growing_crossing,25,8.472660868106569e-5,54,50,50,-0.6378668184504283,0.8440821262399694
0.1,held_out_1,141,320000,12,D_growing_crossing,50,0.0001655709935111996,104,101,101,-0.6546399545837683,0.8440821262399694
0.1,held_out_1,141,320000,13,A_fixed_raw,1.0e-5,1.0e-5,2,1,1,0.3338757878043608,0.3071677326761748
0.1,held_out_1,141,320000,13,A_fixed_raw,0.0001,0.0001,11,11,11,0.16307211625286866,0.3071677326761748
0.1,held_out_1,141,320000,13,A_fixed_raw,0.001,0.001,110,111,110,0.14895174625105534,0.3071677326761748
0.1,held_out_1,141,320000,13,C_fixed_crossing,10,9.382034367716201e-5,10,10,10,0.19583500611256824,0.3071677326761748
0.1,held_out_1,141,320000,13,C_fixed_crossing,25,0.00023485065955302753,25,25,25,0.15763357755010327,0.3071677326761748
0.1,held_out_1,141,320000,13,C_fixed_crossing,50,0.0004556103262919857,50,51,50,0.15885257222739296,0.3071677326761748
0.1,held_out_1,141,320000,13,C_fixed_crossing,100,0.0009166607111196634,100,101,100,0.15291821144096202,0.3071677326761748
0.1,held_out_1,141,320000,13,D_growing_crossing,10,0.0001860316185353387,20,22,20,0.15958467013280406,0.3071677326761748
0.1,held_out_1,141,320000,13,D_growing_crossing,25,0.0004556103262919857,50,51,50,0.15885257222739296,0.3071677326761748
0.1,held_out_1,141,320000,13,D_growing_crossing,50,0.0009166607111196634,100,101,100,0.15291821144096202,0.3071677326761748
0.1,held_out_1,141,320000,14,A_fixed_raw,1.0e-5,1.0e-5,15,7,7,0.9064577391498795,1.2972022936396106
0.1,held_out_1,141,320000,14,A_fixed_raw,0.0001,0.0001,96,92,92,1.0299693725650954,1.2972022936396106
0.1,held_out_1,141,320000,14,A_fixed_raw,0.001,0.001,903,911,903,0.9867957979486988,1.2972022936396106
0.1,held_out_1,141,320000,14,C_fixed_crossing,10,1.4125578246986106e-5,18,10,10,1.033235876197757,1.2972022936396106
0.1,held_out_1,141,320000,14,C_fixed_crossing,25,2.9689113854956208e-5,26,25,25,0.9604960881166241,1.2972022936396106
0.1,held_out_1,141,320000,14,C_fixed_crossing,50,6.016929887299596e-5,53,51,51,1.0151720441514676,1.2972022936396106
0.1,held_out_1,141,320000,14,C_fixed_crossing,100,0.0001142059563218612,106,100,100,1.006438268575787,1.2972022936396106
0.1,held_out_1,141,320000,14,D_growing_crossing,10,2.7805667388959112e-5,23,20,20,0.9701189834529249,1.2972022936396106
0.1,held_out_1,141,320000,14,D_growing_crossing,25,6.016929887299596e-5,53,51,51,1.0151720441514676,1.2972022936396106
0.1,held_out_1,141,320000,14,D_growing_crossing,50,0.0001142059563218612,106,100,100,1.006438268575787,1.2972022936396106
0.1,held_out_1,141,320000,1,B_power_scaled_anchor25,0.3333333333333333,0.0003703393714259428,59,61,59,-0.29497910403794264,0.3819730496717949
0.1,held_out_1,141,320000,1,B_power_scaled_anchor25,0.5,0.0002939385538933917,50,48,48,-0.3027947911084427,0.3819730496717949
0.1,held_out_1,141,320000,1,B_power_scaled_anchor25,0.6666666666666666,0.00023329918483219067,37,38,37,-0.2939070827662857,0.3819730496717949
0.1,held_out_1,141,320000,1,B_power_scaled_anchor100,0.3333333333333333,0.0015434075848298377,253,252,252,-0.28138707832058774,0.3819730496717949
0.1,held_out_1,141,320000,1,B_power_scaled_anchor100,0.5,0.001225003411887291,201,203,201,-0.28883375300001585,0.3819730496717949
0.1,held_out_1,141,320000,1,B_power_scaled_anchor100,0.6666666666666666,0.0009722858523472598,162,162,162,-0.2898784298371137,0.3819730496717949
0.1,held_out_1,141,320000,2,B_power_scaled_anchor25,0.3333333333333333,0.00047438420284104653,66,70,66,-0.054422542293014846,0.07251655396717029
0.1,held_out_1,141,320000,2,B_power_scaled_anchor25,0.5,0.0003765189913134865,47,64,47,-0.05601902517334916,0.07251655396717029
0.1,held_out_1,141,320000,2,B_power_scaled_anchor25,0.6666666666666666,0.0002988433214485169,43,46,43,-0.0585134277856816,0.07251655396717029
0.1,held_out_1,141,320000,2,B_power_scaled_anchor100,0.3333333333333333,0.0017341359436016859,249,264,249,-0.055284024284260706,0.07251655396717029
0.1,held_out_1,141,320000,2,B_power_scaled_anchor100,0.5,0.001376384610564591,202,203,202,-0.05554253909303338,0.07251655396717029
0.1,held_out_1,141,320000,2,B_power_scaled_anchor100,0.6666666666666666,0.0010924371893615364,157,163,157,-0.0533861231207461,0.07251655396717029
0.1,held_out_1,141,320000,3,B_power_scaled_anchor25,0.3333333333333333,0.0005816806415015719,67,63,63,-0.08689880371058638,0.2982316007191014
0.1,held_out_1,141,320000,3,B_power_scaled_anchor25,0.5,0.0004616802311145662,53,50,50,-0.08253349197961782,0.2982316007191014
0.1,held_out_1,141,320000,3,B_power_scaled_anchor25,0.6666666666666666,0.00036643584227209194,43,41,41,-0.08740063921650934,0.2982316007191014
0.1,held_out_1,141,320000,3,B_power_scaled_anchor100,0.3333333333333333,0.0023037044309696417,258,257,257,-0.07419204799284881,0.2982316007191014
0.1,held_out_1,141,320000,3,B_power_scaled_anchor100,0.5,0.0018284514185725057,204,204,204,-0.07442402601698433,0.2982316007191014
0.1,held_out_1,141,320000,3,B_power_scaled_anchor100,0.6666666666666666,0.001451242852657371,162,161,161,-0.07681129524493431,0.2982316007191014
0.1,held_out_1,141,320000,4,B_power_scaled_anchor25,0.3333333333333333,7.794554831897846e-5,67,63,63,1.2672445131178502,1.5901957092207055
0.1,held_out_1,141,320000,4,B_power_scaled_anchor25,0.5,6.186542269889226e-5,54,51,51,1.2682384741222303,1.5901957092207055
0.1,held_out_1,141,320000,4,B_power_scaled_anchor25,0.6666666666666666,4.9102618536339455e-5,40,40,40,1.2427920083562765,1.5901957092207055
0.1,held_out_1,141,320000,4,B_power_scaled_anchor100,0.3333333333333333,0.0003042342818481805,254,256,254,1.2036748283890866,1.5901957092207055
0.1,held_out_1,141,320000,4,B_power_scaled_anchor100,0.5,0.0002414709095252957,201,204,201,1.1979166358084639,1.5901957092207055
0.1,held_out_1,141,320000,4,B_power_scaled_anchor100,0.6666666666666666,0.0001916555879000862,162,160,160,1.2208671358312324,1.5901957092207055
0.1,held_out_1,141,320000,5,B_power_scaled_anchor25,0.3333333333333333,0.00010817100764803682,59,60,59,-1.3710731938899874,0.751197942485476
0.1,held_out_1,141,320000,5,B_power_scaled_anchor25,0.5,8.58553856664769e-5,46,46,46,-1.3439900642771738,0.751197942485476
0.1,held_out_1,141,320000,5,B_power_scaled_anchor25,0.6666666666666666,6.814346476205046e-5,38,36,36,-1.355638779634448,0.751197942485476
0.1,held_out_1,141,320000,5,B_power_scaled_anchor100,0.3333333333333333,0.00047094214936430783,257,259,257,-1.324732312589219,0.751197942485476
0.1,held_out_1,141,320000,5,B_power_scaled_anchor100,0.5,0.0003737870316585336,203,205,203,-1.3311010325883965,0.751197942485476
0.1,held_out_1,141,320000,5,B_power_scaled_anchor100,0.6666666666666666,0.0002966749636334135,162,164,162,-1.3434606153017992,0.751197942485476
0.1,held_out_1,141,320000,6,B_power_scaled_anchor25,0.3333333333333333,9.148918681815822e-5,64,63,63,-0.9116494224733561,1.1372293674543315
0.1,held_out_1,141,320000,6,B_power_scaled_anchor25,0.5,7.261501569942975e-5,55,45,45,-0.8791780542233048,1.1372293674543315
0.1,held_out_1,141,320000,6,B_power_scaled_anchor25,0.6666666666666666,5.7634576154981056e-5,38,34,34,-0.8485302591861379,1.1372293674543315
0.1,held_out_1,141,320000,6,B_power_scaled_anchor100,0.3333333333333333,0.0003676522500729221,250,250,250,-0.852848733757272,1.1372293674543315
0.1,held_out_1,141,320000,6,B_power_scaled_anchor100,0.5,0.00029180578426211604,200,193,193,-0.8590887431009484,1.1372293674543315
0.1,held_out_1,141,320000,6,B_power_scaled_anchor100,0.6666666666666666,0.00023160640445404426,157,158,157,-0.8686692476459241,1.1372293674543315
0.1,held_out_1,141,320000,7,B_power_scaled_anchor25,0.3333333333333333,0.0001269665521694718,59,63,59,-0.8742256132615795,0.9924333042822502
0.1,held_out_1,141,320000,7,B_power_scaled_anchor25,0.5,0.0001007734192392974,47,49,47,-0.8777759364100199,0.9924333042822502
0.1,held_out_1,141,320000,7,B_power_scaled_anchor25,0.6666666666666666,7.998391585544655e-5,36,39,36,-0.8685301878172461,0.9924333042822502
0.1,held_out_1,141,320000,7,B_power_scaled_anchor100,0.3333333333333333,0.0005408265977351247,253,257,253,-0.8290774802232432,0.9924333042822502
0.1,held_out_1,141,320000,7,B_power_scaled_anchor100,0.5,0.0004292543550885596,201,203,201,-0.8259635974278823,0.9924333042822502
0.1,held_out_1,141,320000,7,B_power_scaled_anchor100,0.6666666666666666,0.0003406994074147553,158,162,158,-0.8256093256209311,0.9924333042822502
0.1,held_out_1,141,320000,8,B_power_scaled_anchor25,0.3333333333333333,0.0001895114496602646,67,67,67,-0.27095864744726583,0.36414053330894147
0.1,held_out_1,141,320000,8,B_power_scaled_anchor25,0.5,0.00015041533727536125,54,53,53,-0.27315227185069846,0.36414053330894147
0.1,held_out_1,141,320000,8,B_power_scaled_anchor25,0.6666666666666666,0.00011938473231153,42,41,41,-0.25827785394753744,0.36414053330894147
0.1,held_out_1,141,320000,8,B_power_scaled_anchor100,0.3333333333333333,0.0007289990684171164,252,255,252,-0.27469112066779294,0.36414053330894147
0.1,held_out_1,141,320000,8,B_power_scaled_anchor100,0.5,0.000578606944044584,199,203,199,-0.2823269513120728,0.36414053330894147
0.1,held_out_1,141,320000,8,B_power_scaled_anchor100,0.6666666666666666,0.0004592406358262389,158,161,158,-0.2755779403167397,0.36414053330894147
0.1,held_out_1,141,320000,9,B_power_scaled_anchor25,0.3333333333333333,5.575824564251957e-5,62,62,62,1.0796098002081809,1.4440302098093005
0.1,held_out_1,141,320000,9,B_power_scaled_anchor25,0.5,4.425534889441842e-5,49,49,49,1.031210497357647,1.4440302098093005
0.1,held_out_1,141,320000,9,B_power_scaled_anchor25,0.6666666666666666,3.512549369510975e-5,39,38,38,1.0533321832484228,1.4440302098093005
0.1,held_out_1,141,320000,9,B_power_scaled_anchor100,0.3333333333333333,0.00022901531825708779,257,257,257,1.0556217239168046,1.4440302098093005
0.1,held_out_1,141,320000,9,B_power_scaled_anchor100,0.5,0.00018176957855906657,206,202,202,1.0613965398337912,1.4440302098093005
0.1,held_out_1,141,320000,9,B_power_scaled_anchor100,0.6666666666666666,0.0001442706101102393,165,163,163,1.097918352970933,1.4440302098093005
0.1,held_out_1,141,320000,10,B_power_scaled_anchor25,0.3333333333333333,0.0004955713142197965,69,68,68,-0.06436405044992177,0.08745637221810908
0.1,held_out_1,141,320000,10,B_power_scaled_anchor25,0.5,0.00039333521275888405,53,50,50,-0.07020945181976442,0.08745637221810908
0.1,held_out_1,141,320000,10,B_power_scaled_anchor25,0.6666666666666666,0.0003121903652547941,44,46,44,-0.07245132979409162,0.08745637221810908
0.1,held_out_1,141,320000,10,B_power_scaled_anchor100,0.3333333333333333,0.001851599486873157,251,253,251,-0.06920234498740924,0.08745637221810908
0.1,held_out_1,141,320000,10,B_power_scaled_anchor100,0.5,0.001469615486643114,202,200,200,-0.07077629988101489,0.08745637221810908
0.1,held_out_1,141,320000,10,B_power_scaled_anchor100,0.6666666666666666,0.0011664345847430184,160,162,160,-0.07216809399989539,0.08745637221810908
0.1,held_out_1,141,320000,11,B_power_scaled_anchor25,0.3333333333333333,0.00015011719268055552,63,63,63,-0.6700656750150777,0.760287900075816
0.1,held_out_1,141,320000,11,B_power_scaled_anchor25,0.5,0.00011914809478981337,50,50,50,-0.6503038203820848,0.760287900075816
0.1,held_out_1,141,320000,11,B_power_scaled_anchor25,0.6666666666666666,9.456790550467826e-5,38,39,38,-0.6299325954355783,0.760287900075816
0.1,held_out_1,141,320000,11,B_power_scaled_anchor100,0.3333333333333333,0.0006076598635425851,251,252,251,-0.6384640180030793,0.760287900075816
0.1,held_out_1,141,320000,11,B_power_scaled_anchor100,0.5,0.000482299953313176,200,200,200,-0.6329637103152957,0.760287900075816
0.1,held_out_1,141,320000,11,B_power_scaled_anchor100,0.6666666666666666,0.0003828017266267746,158,159,158,-0.6415100882594802,0.760287900075816
0.1,held_out_1,141,320000,12,B_power_scaled_anchor25,0.3333333333333333,0.00011056020770145487,72,67,67,-0.6579726068680928,0.8440821262399694
0.1,held_out_1,141,320000,12,B_power_scaled_anchor25,0.5,8.775169500555604e-5,56,52,52,-0.6539007676958217,0.8440821262399694
0.1,held_out_1,141,320000,12,B_power_scaled_anchor25,0.6666666666666666,6.964856648190614e-5,44,42,42,-0.648386146318445,0.8440821262399694
0.1,held_out_1,141,320000,12,B_power_scaled_anchor100,0.3333333333333333,0.0004071124879477427,251,248,248,-0.6326437553490785,0.8440821262399694
0.1,held_out_1,141,320000,12,B_power_scaled_anchor100,0.5,0.00032312539581881886,200,200,200,-0.6418129171996327,0.8440821262399694
0.1,held_out_1,141,320000,12,B_power_scaled_anchor100,0.6666666666666666,0.000256464796620217,160,156,156,-0.6556488401165081,0.8440821262399694
0.1,held_out_1,141,320000,13,B_power_scaled_anchor25,0.3333333333333333,0.000573270107872307,63,63,63,0.1541199191396188,0.3071677326761748
0.1,held_out_1,141,320000,13,B_power_scaled_anchor25,0.5,0.0004550047861492116,50,51,50,0.15906398013384754,0.3071677326761748
0.1,held_out_1,141,320000,13,B_power_scaled_anchor25,0.6666666666666666,0.0003611375380919121,38,42,38,0.17327488859633072,0.3071677326761748
0.1,held_out_1,141,320000,13,B_power_scaled_anchor100,0.3333333333333333,0.0023545869259117324,257,263,257,0.14950921811885254,0.3071677326761748
0.1,held_out_1,141,320000,13,B_power_scaled_anchor100,0.5,0.0018688368815714266,205,207,205,0.145266006196008,0.3071677326761748
0.1,held_out_1,141,320000,13,B_power_scaled_anchor100,0.6666666666666666,0.0014832968158817262,163,163,163,0.14729492928419902,0.3071677326761748
0.1,held_out_1,141,320000,14,B_power_scaled_anchor25,0.3333333333333333,7.142322137961315e-5,72,67,67,1.0176405560830781,1.2972022936396106
0.1,held_out_1,141,320000,14,B_power_scaled_anchor25,0.5,5.6688648376477755e-5,50,45,45,1.0108497352878318,1.2972022936396106
0.1,held_out_1,141,320000,14,B_power_scaled_anchor25,0.6666666666666666,4.499381003373808e-5,44,39,39,1.002916925718873,1.2972022936396106
0.1,held_out_1,141,320000,14,B_power_scaled_anchor100,0.3333333333333333,0.0002870165203223722,261,261,261,0.9847890073289837,1.2972022936396106
0.1,held_out_1,141,320000,14,B_power_scaled_anchor100,0.5,0.00022780516314599284,211,207,207,0.9887443105128035,1.2972022936396106
0.1,held_out_1,141,320000,14,B_power_scaled_anchor100,0.6666666666666666,0.0001808090778108682,167,161,161,0.9905464224153531,1.2972022936396106
0.1,held_out_1,141,1280000,1,A_fixed_raw,1.0e-5,1.0e-5,9,7,7,-0.31744229151559056,0.3819730496717949
0.1,held_out_1,141,1280000,1,A_fixed_raw,0.0001,0.0001,64,66,64,-0.29829964932122366,0.3819730496717949
0.1,held_out_1,141,1280000,1,A_fixed_raw,0.001,0.001,655,656,655,-0.28868025484563714,0.3819730496717949
0.1,held_out_1,141,1280000,1,C_fixed_crossing,10,1.3229466272764614e-5,10,10,10,-0.33216825641766756,0.3819730496717949
0.1,held_out_1,141,1280000,1,C_fixed_crossing,25,3.69383031395872e-5,25,26,25,-0.3110595072942163,0.3819730496717949
0.1,held_out_1,141,1280000,1,C_fixed_crossing,50,7.540798110883424e-5,50,50,50,-0.31601998026853767,0.3819730496717949
0.1,held_out_1,141,1280000,1,C_fixed_crossing,100,0.00015061551654288062,100,101,100,-0.29916232051700914,0.3819730496717949
0.1,held_out_1,141,1280000,1,D_growing_crossing,10,6.060906826857519e-5,40,40,40,-0.2968676421777378,0.3819730496717949
0.1,held_out_1,141,1280000,1,D_growing_crossing,25,0.00015061551654288062,100,101,100,-0.29916232051700914,0.3819730496717949
0.1,held_out_1,141,1280000,1,D_growing_crossing,50,0.00030524420749144035,201,201,201,-0.2917088301418233,0.3819730496717949
0.1,held_out_1,141,1280000,2,A_fixed_raw,1.0e-5,1.0e-5,4,6,4,-0.0010033787550822737,0.07251655396717029
0.1,held_out_1,141,1280000,2,A_fixed_raw,0.0001,0.0001,52,60,52,-0.061434793790227094,0.07251655396717029
0.1,held_out_1,141,1280000,2,A_fixed_raw,0.001,0.001,574,594,574,-0.058564725613045876,0.07251655396717029
0.1,held_out_1,141,1280000,2,C_fixed_crossing,10,1.7447101363465795e-5,10,12,10,-0.0397664817485762,0.07251655396717029
0.1,held_out_1,141,1280000,2,C_fixed_crossing,25,3.915418567454055e-5,25,27,25,-0.06797617950405381,0.07251655396717029
0.1,held_out_1,141,1280000,2,C_fixed_crossing,50,9.382034367716201e-5,50,59,50,-0.0654482363547872,0.07251655396717029
0.1,held_out_1,141,1280000,2,C_fixed_crossing,100,0.0001729657825020706,100,104,100,-0.057387958928281815,0.07251655396717029
0.1,held_out_1,141,1280000,2,D_growing_crossing,10,7.877587844822958e-5,40,52,40,-0.062082282822514406,0.07251655396717029
0.1,held_out_1,141,1280000,2,D_growing_crossing,25,0.0001729657825020706,100,104,100,-0.057387958928281815,0.07251655396717029
0.1,held_out_1,141,1280000,2,D_growing_crossing,50,0.00034296510979339105,200,205,200,-0.06122659595322034,0.07251655396717029
0.1,held_out_1,141,1280000,3,A_fixed_raw,1.0e-5,1.0e-5,6,5,5,-0.03889032241868873,0.2982316007191014
0.1,held_out_1,141,1280000,3,A_fixed_raw,0.0001,0.0001,45,45,45,-0.04626710284227897,0.2982316007191014
0.1,held_out_1,141,1280000,3,A_fixed_raw,0.001,0.001,447,447,447,-0.05853304061794601,0.2982316007191014
0.1,held_out_1,141,1280000,3,C_fixed_crossing,10,2.154965557264874e-5,11,10,10,-0.06294731600855487,0.2982316007191014
0.1,held_out_1,141,1280000,3,C_fixed_crossing,25,5.759688678976135e-5,28,25,25,-0.08017988445572262,0.2982316007191014
0.1,held_out_1,141,1280000,3,C_fixed_crossing,50,0.00011012234996278464,51,50,50,-0.05351394501161063,0.2982316007191014
0.1,held_out_1,141,1280000,3,C_fixed_crossing,100,0.00022317892746405847,102,100,100,-0.05141432843662376,0.2982316007191014
0.1,held_out_1,141,1280000,3,D_growing_crossing,10,8.472660868106569e-5,40,40,40,-0.05168549937306437,0.2982316007191014
0.1,held_out_1,141,1280000,3,D_growing_crossing,25,0.00022317892746405847,102,100,100,-0.05141432843662376,0.2982316007191014
0.1,held_out_1,141,1280000,3,D_growing_crossing,50,0.0004457646120106412,200,200,200,-0.06024830452065893,0.2982316007191014
0.1,held_out_1,141,1280000,4,A_fixed_raw,1.0e-5,1.0e-5,35,29,29,1.210499512498131,1.5901957092207055
0.1,held_out_1,141,1280000,4,A_fixed_raw,0.0001,0.0001,334,329,329,1.218045977395693,1.5901957092207055
0.1,held_out_1,141,1280000,4,A_fixed_raw,0.001,0.001,3315,3342,3315,1.2069451908794728,1.5901957092207055
0.1,held_out_1,141,1280000,4,C_fixed_crossing,10,3.6190068229503536e-6,14,10,10,1.3338957805920455,1.5901957092207055
0.1,held_out_1,141,1280000,4,C_fixed_crossing,25,8.361706915138246e-6,30,25,25,1.2508439368149062,1.5901957092207055
0.1,held_out_1,141,1280000,4,C_fixed_crossing,50,1.5415517817826125e-5,55,50,50,1.3048734120570433,1.5901957092207055
0.1,held_out_1,141,1280000,4,C_fixed_crossing,100,3.0124687395371484e-5,101,100,100,1.2740731050857257,1.5901957092207055
0.1,held_out_1,141,1280000,4,D_growing_crossing,10,1.3038181118943634e-5,49,41,41,1.2888471150947496,1.5901957092207055
0.1,held_out_1,141,1280000,4,D_growing_crossing,25,3.0124687395371484e-5,101,100,100,1.2740731050857257,1.5901957092207055
0.1,held_out_1,141,1280000,4,D_growing_crossing,50,6.016929887299596e-5,205,200,200,1.2403799785304728,1.5901957092207055
0.1,held_out_1,141,1280000,5,A_fixed_raw,1.0e-5,1.0e-5,20,23,20,-1.2998750246774604,0.751197942485476
0.1,held_out_1,141,1280000,5,A_fixed_raw,0.0001,0.0001,218,224,218,-1.3487671988378358,0.751197942485476
0.1,held_out_1,141,1280000,5,A_fixed_raw,0.001,0.001,2177,2191,2177,-1.3368644363531204,0.751197942485476
0.1,held_out_1,141,1280000,5,C_fixed_crossing,10,4.5355688573639195e-6,11,10,10,-1.5001870945925548,0.751197942485476
0.1,held_out_1,141,1280000,5,C_fixed_crossing,25,1.2480761051201667e-5,25,29,25,-1.3472890604015215,0.751197942485476
0.1,held_out_1,141,1280000,5,C_fixed_crossing,50,2.3689444254382606e-5,51,53,51,-1.3489671205197125,0.751197942485476
0.1,held_out_1,141,1280000,5,C_fixed_crossing,100,4.731591842828971e-5,100,107,100,-1.3347234367829734,0.751197942485476
0.1,held_out_1,141,1280000,5,D_growing_crossing,10,1.8902206775963373e-5,40,43,40,-1.3633599452853802,0.751197942485476
0.1,held_out_1,141,1280000,5,D_growing_crossing,25,4.731591842828971e-5,100,107,100,-1.3347234367829734,0.751197942485476
0.1,held_out_1,141,1280000,5,D_growing_crossing,50,9.246379319343093e-5,200,207,200,-1.338203093608074,0.751197942485476
0.1,held_out_1,141,1280000,6,A_fixed_raw,1.0e-5,1.0e-5,25,22,22,-0.886935177327186,1.1372293674543315
0.1,held_out_1,141,1280000,6,A_fixed_raw,0.0001,0.0001,273,270,270,-0.8784114319564801,1.1372293674543315
0.1,held_out_1,141,1280000,6,A_fixed_raw,0.001,0.001,2743,2742,2742,-0.86129984159658,1.1372293674543315
0.1,held_out_1,141,1280000,6,C_fixed_crossing,10,4.217015487380435e-6,10,10,10,-0.9098163061035539,1.1372293674543315
0.1,held_out_1,141,1280000,6,C_fixed_crossing,25,1.0633166578555537e-5,26,25,25,-0.8895279697278483,1.1372293674543315
0.1,held_out_1,141,1280000,6,C_fixed_crossing,50,1.8226329840321195e-5,50,50,50,-0.919489014771468,1.1372293674543315
0.1,held_out_1,141,1280000,6,C_fixed_crossing,100,3.4847825726056256e-5,100,100,100,-0.8911174563460701,1.1372293674543315
0.1,held_out_1,141,1280000,6,D_growing_crossing,10,1.4972953991760593e-5,40,40,40,-0.9294285893798334,1.1372293674543315
0.1,held_out_1,141,1280000,6,D_growing_crossing,25,3.4847825726056256e-5,100,100,100,-0.8911174563460701,1.1372293674543315
0.1,held_out_1,141,1280000,6,D_growing_crossing,50,7.324309472423212e-5,204,201,201,-0.8901431577497024,1.1372293674543315
0.1,held_out_1,141,1280000,7,A_fixed_raw,1.0e-5,1.0e-5,18,21,18,-0.9282116432751674,0.9924333042822502
0.1,held_out_1,141,1280000,7,A_fixed_raw,0.0001,0.0001,188,191,188,-0.8834111700625064,0.9924333042822502
0.1,held_out_1,141,1280000,7,A_fixed_raw,0.001,0.001,1881,1884,1881,-0.8595398010900202,0.9924333042822502
0.1,held_out_1,141,1280000,7,C_fixed_crossing,10,5.809812250171508e-6,10,14,10,-0.9383361047260933,0.9924333042822502
0.1,held_out_1,141,1280000,7,C_fixed_crossing,25,1.3720047273051182e-5,25,28,25,-0.885238220492023,0.9924333042822502
0.1,held_out_1,141,1280000,7,C_fixed_crossing,50,2.6423766648562695e-5,50,51,50,-0.9058684408804046,0.9924333042822502
0.1,held_out_1,141,1280000,7,C_fixed_crossing,100,5.277729497939794e-5,100,100,100,-0.8882836628011657,0.9924333042822502
0.1,held_out_1,141,1280000,7,D_growing_crossing,10,2.154965557264874e-5,40,43,40,-0.9132807208592104,0.9924333042822502
0.1,held_out_1,141,1280000,7,D_growing_crossing,25,5.277729497939794e-5,100,100,100,-0.8882836628011657,0.9924333042822502
0.1,held_out_1,141,1280000,7,D_growing_crossing,50,0.00010618475911316972,200,201,200,-0.8684673558574302,0.9924333042822502
0.1,held_out_1,141,1280000,8,A_fixed_raw,1.0e-5,1.0e-5,14,12,12,-0.3164839973299194,0.36414053330894147
0.1,held_out_1,141,1280000,8,A_fixed_raw,0.0001,0.0001,139,142,139,-0.2914381138361538,0.36414053330894147
0.1,held_out_1,141,1280000,8,A_fixed_raw,0.001,0.001,1387,1395,1387,-0.27503973619880107,0.36414053330894147
0.1,held_out_1,141,1280000,8,C_fixed_crossing,10,7.388049123602277e-6,10,10,10,-0.3542843583296189,0.36414053330894147
0.1,held_out_1,141,1280000,8,C_fixed_crossing,25,1.8094082599330994e-5,25,28,25,-0.33409400784577215,0.36414053330894147
0.1,held_out_1,141,1280000,8,C_fixed_crossing,50,3.667028490882616e-5,51,53,51,-0.28403935426883,0.36414053330894147
0.1,held_out_1,141,1280000,8,C_fixed_crossing,100,7.011173994012857e-5,100,100,100,-0.3040501571287716,0.36414053330894147
0.1,held_out_1,141,1280000,8,D_growing_crossing,10,2.80088953103469e-5,40,41,40,-0.3046800682660553,0.36414053330894147
0.1,held_out_1,141,1280000,8,D_growing_crossing,25,7.011173994012857e-5,100,100,100,-0.3040501571287716,0.36414053330894147
0.1,held_out_1,141,1280000,8,D_growing_crossing,50,0.00014417626626184708,200,202,200,-0.2825724787184645,0.36414053330894147
0.1,held_out_1,141,1280000,9,A_fixed_raw,1.0e-5,1.0e-5,44,42,42,1.1155137823008754,1.4440302098093005
0.1,held_out_1,141,1280000,9,A_fixed_raw,0.0001,0.0001,448,449,448,1.0734527530518316,1.4440302098093005
0.1,held_out_1,141,1280000,9,A_fixed_raw,0.001,0.001,4479,4510,4479,1.0603326077208708,1.4440302098093005
0.1,held_out_1,141,1280000,9,C_fixed_crossing,10,2.080786302616217e-6,10,11,10,1.4896638125146124,1.4440302098093005
0.1,held_out_1,141,1280000,9,C_fixed_crossing,25,6.069292094771761e-6,27,25,25,1.157255790718012,1.4440302098093005
0.1,held_out_1,141,1280000,9,C_fixed_crossing,50,1.1774427872262214e-5,54,50,50,1.149297080529615,1.4440302098093005
0.1,held_out_1,141,1280000,9,C_fixed_crossing,100,2.2512113744858148e-5,102,101,101,1.1383160642845631,1.4440302098093005
0.1,held_out_1,141,1280000,9,D_growing_crossing,10,9.259171690195226e-6,43,40,40,1.093100606702371,1.4440302098093005
0.1,held_out_1,141,1280000,9,D_growing_crossing,25,2.2512113744858148e-5,102,101,101,1.1383160642845631,1.4440302098093005
0.1,held_out_1,141,1280000,9,D_growing_crossing,50,4.496438692955098e-5,205,201,201,1.0895942899193514,1.4440302098093005
0.1,held_out_1,141,1280000,10,A_fixed_raw,1.0e-5,1.0e-5,3,3,3,0.0003379034704820149,0.08745637221810908
0.1,held_out_1,141,1280000,10,A_fixed_raw,0.0001,0.0001,57,53,53,-0.07171922658519292,0.08745637221810908
0.1,held_out_1,141,1280000,10,A_fixed_raw,0.001,0.001,543,549,543,-0.06814515273143029,0.08745637221810908
0.1,held_out_1,141,1280000,10,C_fixed_crossing,10,2.4747470408947606e-5,10,10,10,-0.06346235813870564,0.08745637221810908
0.1,held_out_1,141,1280000,10,C_fixed_crossing,25,5.3163037202560415e-5,28,25,25,-0.06501539869550561,0.08745637221810908
0.1,held_out_1,141,1280000,10,C_fixed_crossing,50,9.519679632098577e-5,53,50,50,-0.0631005921003831,0.08745637221810908
0.1,held_out_1,141,1280000,10,C_fixed_crossing,100,0.000191530257275127,100,101,100,-0.06920106101512138,0.08745637221810908
0.1,held_out_1,141,1280000,10,D_growing_crossing,10,7.595912800426474e-5,43,40,40,-0.07923713193970772,0.08745637221810908
0.1,held_out_1,141,1280000,10,D_growing_crossing,25,0.000191530257275127,100,101,100,-0.06920106101512138,0.08745637221810908
0.1,held_out_1,141,1280000,10,D_growing_crossing,50,0.0003742844836841116,200,200,200,-0.07091675522770902,0.08745637221810908
0.1,held_out_1,141,1280000,11,A_fixed_raw,1.0e-5,1.0e-5,16,17,16,-0.6461543643865308,0.760287900075816
0.1,held_out_1,141,1280000,11,A_fixed_raw,0.0001,0.0001,165,169,165,-0.6621036603496333,0.760287900075816
0.1,held_out_1,141,1280000,11,A_fixed_raw,0.001,0.001,1648,1653,1648,-0.6391484737601552,0.760287900075816
0.1,held_out_1,141,1280000,11,C_fixed_crossing,10,6.203346064613852e-6,10,10,10,-0.6048699025724802,0.760287900075816
0.1,held_out_1,141,1280000,11,C_fixed_crossing,25,1.6221713080196364e-5,25,28,25,-0.6556140859931001,0.760287900075816
0.1,held_out_1,141,1280000,11,C_fixed_crossing,50,3.124178456097416e-5,50,55,50,-0.6631559890125608,0.760287900075816
0.1,held_out_1,141,1280000,11,C_fixed_crossing,100,6.149827319991763e-5,100,104,100,-0.6706665872365708,0.760287900075816
0.1,held_out_1,141,1280000,11,D_growing_crossing,10,2.4928346375723116e-5,40,42,40,-0.6475621531098604,0.760287900075816
0.1,held_out_1,141,1280000,11,D_growing_crossing,25,6.149827319991763e-5,100,104,100,-0.6706665872365708,0.760287900075816
0.1,held_out_1,141,1280000,11,D_growing_crossing,50,0.00012105702858267773,200,203,200,-0.6561377437904695,0.760287900075816
0.1,held_out_1,141,1280000,12,A_fixed_raw,1.0e-5,1.0e-5,27,24,24,-0.669570891679433,0.8440821262399694
0.1,held_out_1,141,1280000,12,A_fixed_raw,0.0001,0.0001,247,249,247,-0.663752105975815,0.8440821262399694
0.1,held_out_1,141,1280000,12,A_fixed_raw,0.001,0.001,2464,2470,2464,-0.6415532767544141,0.8440821262399694
0.1,held_out_1,141,1280000,12,C_fixed_crossing,10,4.247837092198334e-6,11,10,10,-0.748949589302696,0.8440821262399694
0.1,held_out_1,141,1280000,12,C_fixed_crossing,25,1.0104713851198995e-5,27,25,25,-0.7175074872158181,0.8440821262399694
0.1,held_out_1,141,1280000,12,C_fixed_crossing,50,2.047866941092275e-5,50,52,50,-0.6825986156093504,0.8440821262399694
0.1,held_out_1,141,1280000,12,C_fixed_crossing,100,4.090290346038283e-5,102,101,101,-0.6647598718806911,0.8440821262399694
0.1,held_out_1,141,1280000,12,D_growing_crossing,10,1.6340275421625596e-5,41,40,40,-0.641397147321823,0.8440821262399694
0.1,held_out_1,141,1280000,12,D_growing_crossing,25,4.090290346038283e-5,102,101,101,-0.6647598718806911,0.8440821262399694
0.1,held_out_1,141,1280000,12,D_growing_crossing,50,8.110430036062618e-5,200,201,200,-0.6648892665344509,0.8440821262399694
0.1,held_out_1,141,1280000,13,A_fixed_raw,1.0e-5,1.0e-5,6,4,4,0.2422153967250595,0.3071677326761748
0.1,held_out_1,141,1280000,13,A_fixed_raw,0.0001,0.0001,46,44,44,0.16478797203685336,0.3071677326761748
0.1,held_out_1,141,1280000,13,A_fixed_raw,0.001,0.001,442,437,437,0.1505328564085015,0.3071677326761748
0.1,held_out_1,141,1280000,13,C_fixed_crossing,10,2.0930986895194565e-5,10,10,10,0.19469427854708934,0.3071677326761748
0.1,held_out_1,141,1280000,13,C_fixed_crossing,25,5.676409209328364e-5,26,25,25,0.16367909847187395,0.3071677326761748
0.1,held_out_1,141,1280000,13,C_fixed_crossing,50,0.0001142059563218612,52,50,50,0.15822279210183923,0.3071677326761748
0.1,held_out_1,141,1280000,13,C_fixed_crossing,100,0.00022810833615694856,104,102,102,0.16252605968143458,0.3071677326761748
0.1,held_out_1,141,1280000,13,D_growing_crossing,10,9.179289117155112e-5,43,40,40,0.17380666850074203,0.3071677326761748
0.1,held_out_1,141,1280000,13,D_growing_crossing,25,0.00022810833615694856,104,102,102,0.16252605968143458,0.3071677326761748
0.1,held_out_1,141,1280000,13,D_growing_crossing,50,0.000452304492964781,200,201,200,0.15136832650651708,0.3071677326761748
0.1,held_out_1,141,1280000,14,A_fixed_raw,1.0e-5,1.0e-5,40,35,35,1.0124654135405808,1.2972022936396106
0.1,held_out_1,141,1280000,14,A_fixed_raw,0.0001,0.0001,364,366,364,0.9947446193533938,1.2972022936396106
0.1,held_out_1,141,1280000,14,A_fixed_raw,0.001,0.001,3604,3634,3604,0.9824938910477643,1.2972022936396106
0.1,held_out_1,141,1280000,14,C_fixed_crossing,10,2.0959944927027026e-6,10,10,10,1.2507467682061368,1.2972022936396106
0.1,held_out_1,141,1280000,14,C_fixed_crossing,25,6.527766448491687e-6,27,25,25,1.0216314488954132,1.2972022936396106
0.1,held_out_1,141,1280000,14,C_fixed_crossing,50,1.5415517817826125e-5,64,50,50,1.0459108185414252,1.2972022936396106
0.1,held_out_1,141,1280000,14,C_fixed_crossing,100,2.80088953103469e-5,101,101,101,1.0229239581949163,1.2972022936396106
0.1,held_out_1,141,1280000,14,D_growing_crossing,10,1.1108068742791696e-5,44,40,40,1.0334194637316516,1.2972022936396106
0.1,held_out_1,141,1280000,14,D_growing_crossing,25,2.80088953103469e-5,101,101,101,1.0229239581949163,1.2972022936396106
0.1,held_out_1,141,1280000,14,D_growing_crossing,50,5.6352221210203094e-5,207,202,202,1.0291611898544768,1.2972022936396106
0.1,held_out_1,141,1280000,1,B_power_scaled_anchor25,0.3333333333333333,0.00023329918483219067,153,154,153,-0.30087525230777734,0.3819730496717949
0.1,held_out_1,141,1280000,1,B_power_scaled_anchor25,0.5,0.00014696927694669585,98,97,97,-0.29956780340517675,0.3819730496717949
0.1,held_out_1,141,1280000,1,B_power_scaled_anchor25,0.6666666666666666,9.25848428564857e-5,59,62,59,-0.3021886332621356,0.3819730496717949
0.1,held_out_1,141,1280000,1,B_power_scaled_anchor100,0.3333333333333333,0.0009722858523472598,640,640,640,-0.29036857640061425,0.3819730496717949
0.1,held_out_1,141,1280000,1,B_power_scaled_anchor100,0.5,0.0006125017059436456,399,402,399,-0.2920866684871471,0.3819730496717949
0.1,held_out_1,141,1280000,1,B_power_scaled_anchor100,0.6666666666666666,0.0003858518962074594,251,251,251,-0.2915866071191692,0.3819730496717949
0.1,held_out_1,141,1280000,2,B_power_scaled_anchor25,0.3333333333333333,0.0002988433214485169,172,177,172,-0.061100311840946095,0.07251655396717029
0.1,held_out_1,141,1280000,2,B_power_scaled_anchor25,0.5,0.00018825949565674324,110,113,110,-0.05641524220827668,0.07251655396717029
0.1,held_out_1,141,1280000,2,B_power_scaled_anchor25,0.6666666666666666,0.00011859605071026163,65,68,65,-0.06179785900211922,0.07251655396717029
0.1,held_out_1,141,1280000,2,B_power_scaled_anchor100,0.3333333333333333,0.0010924371893615364,633,645,633,-0.05811035938072005,0.07251655396717029
0.1,held_out_1,141,1280000,2,B_power_scaled_anchor100,0.5,0.0006881923052822956,395,408,395,-0.05759039363616321,0.07251655396717029
0.1,held_out_1,141,1280000,2,B_power_scaled_anchor100,0.6666666666666666,0.00043353398590042147,249,255,249,-0.05960064631844109,0.07251655396717029
0.1,held_out_1,141,1280000,3,B_power_scaled_anchor25,0.3333333333333333,0.00036643584227209194,165,164,164,-0.06203304081992164,0.2982316007191014
0.1,held_out_1,141,1280000,3,B_power_scaled_anchor25,0.5,0.0002308401155572831,107,102,102,-0.0600110292879621,0.2982316007191014
0.1,held_out_1,141,1280000,3,B_power_scaled_anchor25,0.6666666666666666,0.00014542016037539298,67,64,64,-0.062157096925389774,0.2982316007191014
0.1,held_out_1,141,1280000,3,B_power_scaled_anchor100,0.3333333333333333,0.001451242852657371,643,648,643,-0.05865075069426341,0.2982316007191014
0.1,held_out_1,141,1280000,3,B_power_scaled_anchor100,0.5,0.0009142257092862528,408,408,408,-0.06160344480698883,0.2982316007191014
0.1,held_out_1,141,1280000,3,B_power_scaled_anchor100,0.6666666666666666,0.0005759261077424104,255,256,255,-0.06049962776810783,0.2982316007191014
0.1,held_out_1,141,1280000,4,B_power_scaled_anchor25,0.3333333333333333,4.9102618536339455e-5,166,163,163,1.2627345727100152,1.5901957092207055
0.1,held_out_1,141,1280000,4,B_power_scaled_anchor25,0.5,3.093271134944613e-5,103,101,101,1.240834351935221,1.5901957092207055
0.1,held_out_1,141,1280000,4,B_power_scaled_anchor25,0.6666666666666666,1.9486387079744616e-5,68,65,65,1.2897152616976935,1.5901957092207055
0.1,held_out_1,141,1280000,4,B_power_scaled_anchor100,0.3333333333333333,0.0001916555879000862,642,638,638,1.213140300522892,1.5901957092207055
0.1,held_out_1,141,1280000,4,B_power_scaled_anchor100,0.5,0.00012073545476264786,404,397,397,1.2071947531085712,1.5901957092207055
0.1,held_out_1,141,1280000,4,B_power_scaled_anchor100,0.6666666666666666,7.605857046204512e-5,255,251,251,1.2094428545300868,1.5901957092207055
0.1,held_out_1,141,1280000,5,B_power_scaled_anchor25,0.3333333333333333,6.814346476205046e-5,146,152,146,-1.3357011299169876,0.751197942485476
0.1,held_out_1,141,1280000,5,B_power_scaled_anchor25,0.5,4.292769283323845e-5,90,97,90,-1.3471960106452896,0.751197942485476
0.1,held_out_1,141,1280000,5,B_power_scaled_anchor25,0.6666666666666666,2.7042751912009204e-5,54,63,54,-1.329510244870107,0.751197942485476
0.1,held_out_1,141,1280000,5,B_power_scaled_anchor100,0.3333333333333333,0.0002966749636334135,647,652,647,-1.3404785565475634,0.751197942485476
0.1,held_out_1,141,1280000,5,B_power_scaled_anchor100,0.5,0.0001868935158292668,405,410,405,-1.3433602194464338,0.751197942485476
0.1,held_out_1,141,1280000,5,B_power_scaled_anchor100,0.6666666666666666,0.00011773553734107696,256,264,256,-1.361680653828424,0.751197942485476
0.1,held_out_1,141,1280000,6,B_power_scaled_anchor25,0.3333333333333333,5.7634576154981056e-5,156,156,156,-0.8979248852344817,1.1372293674543315
0.1,held_out_1,141,1280000,6,B_power_scaled_anchor25,0.5,3.6307507849714874e-5,106,102,102,-0.8979515385851232,1.1372293674543315
0.1,held_out_1,141,1280000,6,B_power_scaled_anchor25,0.6666666666666666,2.2872296704539556e-5,66,62,62,-0.9331499656365106,1.1372293674543315
0.1,held_out_1,141,1280000,6,B_power_scaled_anchor100,0.3333333333333333,0.00023160640445404426,633,634,633,-0.8657195930256156,1.1372293674543315
0.1,held_out_1,141,1280000,6,B_power_scaled_anchor100,0.5,0.00014590289213105802,396,395,395,-0.8667293071156318,1.1372293674543315
0.1,held_out_1,141,1280000,6,B_power_scaled_anchor100,0.6666666666666666,9.191306251823053e-5,254,253,253,-0.8800412909789077,1.1372293674543315
0.1,held_out_1,141,1280000,7,B_power_scaled_anchor25,0.3333333333333333,7.998391585544655e-5,150,154,150,-0.8939551555858217,0.9924333042822502
0.1,held_out_1,141,1280000,7,B_power_scaled_anchor25,0.5,5.03867096196487e-5,94,97,94,-0.8844165530148644,0.9924333042822502
0.1,held_out_1,141,1280000,7,B_power_scaled_anchor25,0.6666666666666666,3.174163804236795e-5,58,63,58,-0.9165487529812913,0.9924333042822502
0.1,held_out_1,141,1280000,7,B_power_scaled_anchor100,0.3333333333333333,0.0003406994074147553,641,646,641,-0.8615409098094097,0.9924333042822502
0.1,held_out_1,141,1280000,7,B_power_scaled_anchor100,0.5,0.0002146271775442798,403,405,403,-0.8606229994468224,0.9924333042822502
0.1,held_out_1,141,1280000,7,B_power_scaled_anchor100,0.6666666666666666,0.00013520664943378119,256,254,254,-0.8650184749548607,0.9924333042822502
0.1,held_out_1,141,1280000,8,B_power_scaled_anchor25,0.3333333333333333,0.00011938473231153,167,168,167,-0.28896575544522485,0.36414053330894147
0.1,held_out_1,141,1280000,8,B_power_scaled_anchor25,0.5,7.520766863768062e-5,104,107,104,-0.29931683619239535,0.36414053330894147
0.1,held_out_1,141,1280000,8,B_power_scaled_anchor25,0.6666666666666666,4.737786241506615e-5,64,67,64,-0.2933484735184157,0.36414053330894147
0.1,held_out_1,141,1280000,8,B_power_scaled_anchor100,0.3333333333333333,0.0004592406358262389,636,639,636,-0.2776730737948196,0.36414053330894147
0.1,held_out_1,141,1280000,8,B_power_scaled_anchor100,0.5,0.000289303472022292,402,402,402,-0.28022505201734105,0.36414053330894147
0.1,held_out_1,141,1280000,8,B_power_scaled_anchor100,0.6666666666666666,0.0001822497671042791,254,256,254,-0.29049061939920573,0.36414053330894147
0.1,held_out_1,141,1280000,9,B_power_scaled_anchor25,0.3333333333333333,3.512549369510975e-5,160,157,157,1.106838118097692,1.4440302098093005
0.1,held_out_1,141,1280000,9,B_power_scaled_anchor25,0.5,2.212767444720921e-5,101,97,97,1.143011316112811,1.4440302098093005
0.1,held_out_1,141,1280000,9,B_power_scaled_anchor25,0.6666666666666666,1.3939561410629892e-5,63,59,59,1.1231111723738822,1.4440302098093005
0.1,held_out_1,141,1280000,9,B_power_scaled_anchor100,0.3333333333333333,0.0001442706101102393,651,648,648,1.0644552839521533,1.4440302098093005
0.1,held_out_1,141,1280000,9,B_power_scaled_anchor100,0.5,9.088478927953328e-5,405,407,405,1.0597839439439234,1.4440302098093005
0.1,held_out_1,141,1280000,9,B_power_scaled_anchor100,0.6666666666666666,5.7253829564271947e-5,259,261,259,1.0986138945205157,1.4440302098093005
0.1,held_out_1,141,1280000,10,B_power_scaled_anchor25,0.3333333333333333,0.0003121903652547941,173,173,173,-0.07173735633506356,0.08745637221810908
0.1,held_out_1,141,1280000,10,B_power_scaled_anchor25,0.5,0.00019666760637944203,103,104,103,-0.07032542875622656,0.08745637221810908
0.1,held_out_1,141,1280000,10,B_power_scaled_anchor25,0.6666666666666666,0.00012389282855494914,71,68,68,-0.07110332454338213,0.08745637221810908
0.1,held_out_1,141,1280000,10,B_power_scaled_anchor100,0.3333333333333333,0.0011664345847430184,635,638,635,-0.06775110695631051,0.08745637221810908
0.1,held_out_1,141,1280000,10,B_power_scaled_anchor100,0.5,0.000734807743321557,395,398,395,-0.06784369714847262,0.08745637221810908
0.1,held_out_1,141,1280000,10,B_power_scaled_anchor100,0.6666666666666666,0.00046289987171828926,255,253,253,-0.06998488076803618,0.08745637221810908
0.1,held_out_1,141,1280000,11,B_power_scaled_anchor25,0.3333333333333333,9.456790550467826e-5,156,159,156,-0.6646119485359113,0.760287900075816
0.1,held_out_1,141,1280000,11,B_power_scaled_anchor25,0.5,5.957404739490669e-5,98,99,98,-0.6670315357209625,0.760287900075816
0.1,held_out_1,141,1280000,11,B_power_scaled_anchor25,0.6666666666666666,3.752929817013888e-5,62,64,62,-0.6814403833435084,0.760287900075816
0.1,held_out_1,141,1280000,11,B_power_scaled_anchor100,0.3333333333333333,0.0003828017266267746,630,634,630,-0.6387792488123234,0.760287900075816
0.1,held_out_1,141,1280000,11,B_power_scaled_anchor100,0.5,0.000241149976656588,396,397,396,-0.6403086841226768,0.760287900075816
0.1,held_out_1,141,1280000,11,B_power_scaled_anchor100,0.6666666666666666,0.00015191496588564627,253,251,251,-0.6511328952441304,0.760287900075816
0.1,held_out_1,141,1280000,12,B_power_scaled_anchor25,0.3333333333333333,6.964856648190614e-5,174,173,173,-0.6790597845403498,0.8440821262399694
0.1,held_out_1,141,1280000,12,B_power_scaled_anchor25,0.5,4.387584750277802e-5,110,109,109,-0.6680897172148273,0.8440821262399694
0.1,held_out_1,141,1280000,12,B_power_scaled_anchor25,0.6666666666666666,2.7640051925363717e-5,67,69,67,-0.6645683268841205,0.8440821262399694
0.1,held_out_1,141,1280000,12,B_power_scaled_anchor100,0.3333333333333333,0.000256464796620217,632,631,631,-0.6460927969772893,0.8440821262399694
0.1,held_out_1,141,1280000,12,B_power_scaled_anchor100,0.5,0.00016156269790940943,402,397,397,-0.6513380026115914,0.8440821262399694
0.1,held_out_1,141,1280000,12,B_power_scaled_anchor100,0.6666666666666666,0.00010177812198693568,251,252,251,-0.6588216891581535,0.8440821262399694
0.1,held_out_1,141,1280000,13,B_power_scaled_anchor25,0.3333333333333333,0.0003611375380919121,161,162,161,0.15794709987240668,0.3071677326761748
0.1,held_out_1,141,1280000,13,B_power_scaled_anchor25,0.5,0.0002275023930746058,104,101,101,0.1604784945628033,0.3071677326761748
0.1,held_out_1,141,1280000,13,B_power_scaled_anchor25,0.6666666666666666,0.00014331752696807674,66,66,66,0.16265440614558466,0.3071677326761748
0.1,held_out_1,141,1280000,13,B_power_scaled_anchor100,0.3333333333333333,0.0014832968158817262,650,652,650,0.14712261059054058,0.3071677326761748
0.1,held_out_1,141,1280000,13,B_power_scaled_anchor100,0.5,0.0009344184407857133,409,410,409,0.15020644349595907,0.3071677326761748
0.1,held_out_1,141,1280000,13,B_power_scaled_anchor100,0.6666666666666666,0.0005886467314779331,262,257,257,0.15106408911061664,0.3071677326761748
0.1,held_out_1,141,1280000,14,B_power_scaled_anchor25,0.3333333333333333,4.499381003373808e-5,169,160,160,1.0208913162097404,1.2972022936396106
0.1,held_out_1,141,1280000,14,B_power_scaled_anchor25,0.5,2.8344324188238878e-5,102,102,102,1.030268745969314,1.2972022936396106
0.1,held_out_1,141,1280000,14,B_power_scaled_anchor25,0.6666666666666666,1.7855805344903288e-5,70,59,59,1.0067891582540542,1.2972022936396106
0.1,held_out_1,141,1280000,14,B_power_scaled_anchor100,0.3333333333333333,0.0001808090778108682,657,651,651,0.9885896669896469,1.2972022936396106
0.1,held_out_1,141,1280000,14,B_power_scaled_anchor100,0.5,0.00011390258157299642,418,407,407,0.986897598388966,1.2972022936396106
0.1,held_out_1,141,1280000,14,B_power_scaled_anchor100,0.6666666666666666,7.175413008059304e-5,264,261,261,1.0109371954032114,1.2972022936396106
0.1,held_out_2,271,20000,1,A_fixed_raw,1.0e-5,1.0e-5,0,0,0,0.0,0.3819730496717949
0.1,held_out_2,271,20000,1,A_fixed_raw,0.0001,0.0001,0,1,0,-0.00041213519805238796,0.3819730496717949
0.1,held_out_2,271,20000,1,A_fixed_raw,0.001,0.001,12,10,10,-0.3166570966442392,0.3819730496717949
0.1,held_out_2,271,20000,1,C_fixed_crossing,10,0.0009787516997201479,12,10,10,-0.3235315930841093,0.3819730496717949
0.1,held_out_2,271,20000,1,C_fixed_crossing,25,0.002450006823774582,25,26,25,-0.31001473059818535,0.3819730496717949
0.1,held_out_2,271,20000,1,C_fixed_crossing,50,0.005001585145520934,50,51,50,-0.2809839431545145,0.3819730496717949
0.1,held_out_2,271,20000,1,C_fixed_crossing,100,0.009917390444286554,102,100,100,-0.27990648051099154,0.3819730496717949
0.1,held_out_2,271,20000,1,D_growing_crossing,10,0.0005668566744133438,7,5,5,-0.28662551098434796,0.3819730496717949
0.1,held_out_2,271,20000,1,D_growing_crossing,25,0.001253726664446502,14,13,13,-0.2994469837357022,0.3819730496717949
0.1,held_out_2,271,20000,1,D_growing_crossing,50,0.002450006823774582,25,26,25,-0.31001473059818535,0.3819730496717949
0.1,held_out_2,271,20000,2,A_fixed_raw,1.0e-5,1.0e-5,0,0,0,0.0,0.07251655396717029
0.1,held_out_2,271,20000,2,A_fixed_raw,0.0001,0.0001,1,0,0,-0.001593020734283468,0.07251655396717029
0.1,held_out_2,271,20000,2,A_fixed_raw,0.001,0.001,10,7,7,-0.043420716926777236,0.07251655396717029
0.1,held_out_2,271,20000,2,C_fixed_crossing,10,0.0011914182946592233,11,10,10,-0.054816517297639464,0.07251655396717029
0.1,held_out_2,271,20000,2,C_fixed_crossing,25,0.002982352881450516,26,25,25,-0.062263221037419436,0.07251655396717029
0.1,held_out_2,271,20000,2,C_fixed_crossing,50,0.0058280525713181415,50,54,50,-0.06305119544760122,0.07251655396717029
0.1,held_out_2,271,20000,2,C_fixed_crossing,100,0.011811394530815011,100,114,100,-0.06762352735678609,0.07251655396717029
0.1,held_out_2,271,20000,2,D_growing_crossing,10,0.000736764872927537,6,5,5,-0.007735937476893266,0.07251655396717029
0.1,held_out_2,271,20000,2,D_growing_crossing,25,0.0014931609631353635,14,13,13,-0.06178208830832213,0.07251655396717029
0.1,held_out_2,271,20000,2,D_growing_crossing,50,0.002982352881450516,26,25,25,-0.062263221037419436,0.07251655396717029
0.1,held_out_2,271,20000,3,A_fixed_raw,1.0e-5,1.0e-5,0,0,0,0.0167188092627113,0.2982316007191014
0.1,held_out_2,271,20000,3,A_fixed_raw,0.0001,0.0001,1,0,0,-0.3232795682510392,0.2982316007191014
0.1,held_out_2,271,20000,3,A_fixed_raw,0.001,0.001,7,7,7,0.0481893309904613,0.2982316007191014
0.1,held_out_2,271,20000,3,C_fixed_crossing,10,0.0014931609631353635,10,10,10,0.07143662832544712,0.2982316007191014
0.1,held_out_2,271,20000,3,C_fixed_crossing,25,0.0034751601489542206,25,25,25,0.05882972859459606,0.2982316007191014
0.1,held_out_2,271,20000,3,C_fixed_crossing,50,0.007357469665963156,50,52,50,0.032525505004502374,0.2982316007191014
0.1,held_out_2,271,20000,3,C_fixed_crossing,100,0.015129741559390857,100,110,100,0.0460135937555921,0.2982316007191014
0.1,held_out_2,271,20000,3,D_growing_crossing,10,0.0007261119728677686,5,5,5,0.05323450312707517,0.2982316007191014
0.1,held_out_2,271,20000,3,D_growing_crossing,25,0.0018176002032580046,13,13,13,0.050647563759133034,0.2982316007191014
0.1,held_out_2,271,20000,3,D_growing_crossing,50,0.0034751601489542206,25,25,25,0.05882972859459606,0.2982316007191014
0.1,held_out_2,271,20000,4,A_fixed_raw,1.0e-5,1.0e-5,1,0,0,0.020941561504339568,1.5901957092207055
0.1,held_out_2,271,20000,4,A_fixed_raw,0.0001,0.0001,4,3,3,0.8166411263415413,1.5901957092207055
0.1,held_out_2,271,20000,4,A_fixed_raw,0.001,0.001,53,51,51,1.179154370795521,1.5901957092207055
0.1,held_out_2,271,20000,4,C_fixed_crossing,10,0.00021995197827432051,12,10,10,1.1826690508818762,1.5901957092207055
0.1,held_out_2,271,20000,4,C_fixed_crossing,25,0.0004864715765156419,28,25,25,1.3553514013430752,1.5901957092207055
0.1,held_out_2,271,20000,4,C_fixed_crossing,50,0.0009787516997201479,51,50,50,1.165767843983768,1.5901957092207055
0.1,held_out_2,271,20000,4,C_fixed_crossing,100,0.0019407172869637967,100,101,100,1.184908428029067,1.5901957092207055
0.1,held_out_2,271,20000,4,D_growing_crossing,10,0.00013020167709786588,6,5,5,1.0911628257739245,1.5901957092207055
0.1,held_out_2,271,20000,4,D_growing_crossing,25,0.0002638725986009514,15,13,13,1.215145833186753,1.5901957092207055
0.1,held_out_2,271,20000,4,D_growing_crossing,50,0.0004864715765156419,28,25,25,1.3553514013430752,1.5901957092207055
0.1,held_out_2,271,20000,5,A_fixed_raw,1.0e-5,1.0e-5,0,1,0,-0.31375660161439556,0.751197942485476
0.1,held_out_2,271,20000,5,A_fixed_raw,0.0001,0.0001,4,3,3,-1.2780282872765918,0.751197942485476
0.1,held_out_2,271,20000,5,A_fixed_raw,0.001,0.001,36,34,34,-1.4248193452566018,0.751197942485476
0.1,held_out_2,271,20000,5,C_fixed_crossing,10,0.00026580120829676327,10,10,10,-1.4071107501893365,0.751197942485476
0.1,held_out_2,271,20000,5,C_fixed_crossing,25,0.0007104207327694531,25,26,25,-1.4295802252874827,0.751197942485476
0.1,held_out_2,271,20000,5,C_fixed_crossing,50,0.0013782163630185538,50,50,50,-1.433719770355694,0.751197942485476
0.1,held_out_2,271,20000,5,C_fixed_crossing,100,0.0029179043984762995,100,100,100,-1.3191555867808382,0.751197942485476
0.1,held_out_2,271,20000,5,D_growing_crossing,10,0.00013502987406913432,5,5,5,-1.3802817319491225,0.751197942485476
0.1,held_out_2,271,20000,5,D_growing_crossing,25,0.0003881638687334921,13,14,13,-1.3618205808433126,0.751197942485476
0.1,held_out_2,271,20000,5,D_growing_crossing,50,0.0007104207327694531,25,26,25,-1.4295802252874827,0.751197942485476
0.1,held_out_2,271,20000,6,A_fixed_raw,1.0e-5,1.0e-5,1,0,0,-0.016506390137366322,1.1372293674543315
0.1,held_out_2,271,20000,6,A_fixed_raw,0.0001,0.0001,6,4,4,-0.8144941944981249,1.1372293674543315
0.1,held_out_2,271,20000,6,A_fixed_raw,0.001,0.001,41,41,41,-0.831073800679434,1.1372293674543315
0.1,held_out_2,271,20000,6,C_fixed_crossing,10,0.00022317892746405847,10,10,10,-0.9043973950949616,1.1372293674543315
0.1,held_out_2,271,20000,6,C_fixed_crossing,25,0.0005878771077867834,25,25,25,-0.9488842461192205,1.1372293674543315
0.1,held_out_2,271,20000,6,C_fixed_crossing,50,0.0012001262123703847,50,50,50,-0.8484558302493854,1.1372293674543315
0.1,held_out_2,271,20000,6,C_fixed_crossing,100,0.0024322299786450397,104,100,100,-0.8469325881303966,1.1372293674543315
0.1,held_out_2,271,20000,6,D_growing_crossing,10,0.00010313630275780623,6,5,5,-0.791573481070645,1.1372293674543315
0.1,held_out_2,271,20000,6,D_growing_crossing,25,0.0002900740196864309,13,13,13,-0.8927948697889468,1.1372293674543315
0.1,held_out_2,271,20000,6,D_growing_crossing,50,0.0005878771077867834,25,25,25,-0.9488842461192205,1.1372293674543315
0.1,held_out_2,271,20000,7,A_fixed_raw,1.0e-5,1.0e-5,0,0,0,0.11629071357197039,0.9924333042822502
0.1,held_out_2,271,20000,7,A_fixed_raw,0.0001,0.0001,2,3,2,-0.8258144929691735,0.9924333042822502
0.1,held_out_2,271,20000,7,A_fixed_raw,0.001,0.001,30,30,30,-1.0612353086076054,0.9924333042822502
0.1,held_out_2,271,20000,7,C_fixed_crossing,10,0.0003582827361744967,11,10,10,-1.0582168618546486,0.9924333042822502
0.1,held_out_2,271,20000,7,C_fixed_crossing,25,0.000839956383812522,25,26,25,-1.1077686470078656,0.9924333042822502
0.1,held_out_2,271,20000,7,C_fixed_crossing,50,0.0017022935391336925,50,50,50,-1.0189512534282763,0.9924333042822502
0.1,held_out_2,271,20000,7,C_fixed_crossing,100,0.0034751601489542206,102,100,100,-1.0090129067855775,0.9924333042822502
0.1,held_out_2,271,20000,7,D_growing_crossing,10,0.00018201148541346297,5,5,5,-0.7702449856021434,0.9924333042822502
0.1,held_out_2,271,20000,7,D_growing_crossing,25,0.00043931929134400586,13,13,13,-1.0241333158831651,0.9924333042822502
0.1,held_out_2,271,20000,7,D_growing_crossing,50,0.000839956383812522,25,26,25,-1.1077686470078656,0.9924333042822502
0.1,held_out_2,271,20000,8,A_fixed_raw,1.0e-5,1.0e-5,0,0,0,0.0,0.36414053330894147
0.1,held_out_2,271,20000,8,A_fixed_raw,0.0001,0.0001,2,2,2,0.007432741679358479,0.36414053330894147
0.1,held_out_2,271,20000,8,A_fixed_raw,0.001,0.001,21,22,21,-0.2871054138840687,0.36414053330894147
0.1,held_out_2,271,20000,8,C_fixed_crossing,10,0.0005426219070812366,10,12,10,-0.25229096261712025,0.36414053330894147
0.1,held_out_2,271,20000,8,C_fixed_crossing,25,0.0011488173351201344,25,25,25,-0.2686342625677571,0.36414053330894147
0.1,held_out_2,271,20000,8,C_fixed_crossing,50,0.0023452619243735104,50,52,50,-0.28934437765107357,0.36414053330894147
0.1,held_out_2,271,20000,8,C_fixed_crossing,100,0.004753013725922657,101,104,101,-0.2680502724212735,0.36414053330894147
0.1,held_out_2,271,20000,8,D_growing_crossing,10,0.00021835604302394634,5,5,5,-0.15120914275943895,0.36414053330894147
0.1,held_out_2,271,20000,8,D_growing_crossing,25,0.0006653523812840374,13,16,13,-0.2370290711815207,0.36414053330894147
0.1,held_out_2,271,20000,8,D_growing_crossing,50,0.0011488173351201344,25,25,25,-0.2686342625677571,0.36414053330894147
0.1,held_out_2,271,20000,9,A_fixed_raw,1.0e-5,1.0e-5,0,1,0,-0.021836763753474427,1.4440302098093005
0.1,held_out_2,271,20000,9,A_fixed_raw,0.0001,0.0001,6,7,6,0.7759413558514061,1.4440302098093005
0.1,held_out_2,271,20000,9,A_fixed_raw,0.001,0.001,67,70,67,1.0048388462360058,1.4440302098093005
0.1,held_out_2,271,20000,9,C_fixed_crossing,10,0.0001420916183478184,10,11,10,0.9568423938798658,1.4440302098093005
0.1,held_out_2,271,20000,9,C_fixed_crossing,25,0.00036619621642229225,26,26,26,1.157370474688995,1.4440302098093005
0.1,held_out_2,271,20000,9,C_fixed_crossing,50,0.0007156131033323282,50,53,50,1.0927786729492228,1.4440302098093005
0.1,held_out_2,271,20000,9,C_fixed_crossing,100,0.0014502938316782077,101,102,101,1.0411099299489563,1.4440302098093005
0.1,held_out_2,271,20000,9,D_growing_crossing,10,6.711425965738036e-5,5,5,5,0.801143116400064,1.4440302098093005
0.1,held_out_2,271,20000,9,D_growing_crossing,25,0.00019576063388770183,14,13,13,0.9947829471299106,1.4440302098093005
0.1,held_out_2,271,20000,9,D_growing_crossing,50,0.00036619621642229225,26,26,26,1.157370474688995,1.4440302098093005
0.1,held_out_2,271,20000,10,A_fixed_raw,1.0e-5,1.0e-5,1,0,0,0.106376097930988,0.08745637221810908
0.1,held_out_2,271,20000,10,A_fixed_raw,0.0001,0.0001,1,1,1,0.019910688553170797,0.08745637221810908
0.1,held_out_2,271,20000,10,A_fixed_raw,0.001,0.001,9,9,9,-0.04244824653074075,0.08745637221810908
0.1,held_out_2,271,20000,10,C_fixed_crossing,10,0.0011656718103460826,11,11,11,-0.055463356698459094,0.08745637221810908
0.1,held_out_2,271,20000,10,C_fixed_crossing,25,0.0030929458282575664,25,30,25,-0.05107284234987671,0.08745637221810908
0.1,held_out_2,271,20000,10,C_fixed_crossing,50,0.006268303690288438,50,59,50,-0.05653743147753503,0.08745637221810908
0.1,held_out_2,271,20000,10,C_fixed_crossing,100,0.012890004193775357,100,116,100,-0.05188288864170868,0.08745637221810908
0.1,held_out_2,271,20000,10,D_growing_crossing,10,0.0005546069326215605,5,5,5,0.015685315535763123,0.08745637221810908
0.1,held_out_2,271,20000,10,D_growing_crossing,25,0.0015150673565124152,13,14,13,-0.03922142931955175,0.08745637221810908
0.1,held_out_2,271,20000,10,D_growing_crossing,50,0.0030929458282575664,25,30,25,-0.05107284234987671,0.08745637221810908
0.1,held_out_2,271,20000,11,A_fixed_raw,1.0e-5,1.0e-5,0,0,0,0.1287747840750253,0.760287900075816
0.1,held_out_2,271,20000,11,A_fixed_raw,0.0001,0.0001,2,1,1,-0.3358623925400067,0.760287900075816
0.1,held_out_2,271,20000,11,A_fixed_raw,0.001,0.001,25,26,25,-0.6438508802339149,0.760287900075816
0.1,held_out_2,271,20000,11,C_fixed_crossing,10,0.00038534741577001485,10,10,10,-0.6605928908921846,0.760287900075816
0.1,held_out_2,271,20000,11,C_fixed_crossing,25,0.000964599906626352,25,25,25,-0.6662465184914715,0.760287900075816
0.1,held_out_2,271,20000,11,C_fixed_crossing,50,0.0020126838355971435,50,50,50,-0.5775246409855038,0.760287900075816
0.1,held_out_2,271,20000,11,C_fixed_crossing,100,0.003961892130234693,100,101,100,-0.5992323994530492,0.760287900075816
0.1,held_out_2,271,20000,11,D_growing_crossing,10,0.00019014054534120028,5,5,5,-0.506748520779784,0.760287900075816
0.1,held_out_2,271,20000,11,D_growing_crossing,25,0.0004900271325081146,13,13,13,-0.6576276067971236,0.760287900075816
0.1,held_out_2,271,20000,11,D_growing_crossing,50,0.000964599906626352,25,25,25,-0.6662465184914715,0.760287900075816
0.1,held_out_2,271,20000,12,A_fixed_raw,1.0e-5,1.0e-5,1,0,0,-0.03062769066419779,0.8440821262399694
0.1,held_out_2,271,20000,12,A_fixed_raw,0.0001,0.0001,4,3,3,-0.5820157855643965,0.8440821262399694
0.1,held_out_2,271,20000,12,A_fixed_raw,0.001,0.001,40,39,39,-0.7156938392431228,0.8440821262399694
0.1,held_out_2,271,20000,12,C_fixed_crossing,10,0.0002562970848744097,10,10,10,-0.6543993999922499,0.8440821262399694
0.1,held_out_2,271,20000,12,C_fixed_crossing,25,0.0006462507916376377,25,25,25,-0.6939011251205821,0.8440821262399694
0.1,held_out_2,271,20000,12,C_fixed_crossing,50,0.0012907837521636718,50,50,50,-0.660928064810602,0.8440821262399694
0.1,held_out_2,271,20000,12,C_fixed_crossing,100,0.002615960642805709,100,100,100,-0.6307792858363845,0.8440821262399694
0.1,held_out_2,271,20000,12,D_growing_crossing,10,0.00014736072345184788,7,5,5,-0.5725332079375062,0.8440821262399694
0.1,held_out_2,271,20000,12,D_growing_crossing,25,0.0003454717961245209,13,14,13,-0.7030341370406001,0.8440821262399694
0.1,held_out_2,271,20000,12,D_growing_crossing,50,0.0006462507916376377,25,25,25,-0.6939011251205821,0.8440821262399694
0.1,held_out_2,271,20000,13,A_fixed_raw,1.0e-5,1.0e-5,0,1,0,-2.0116640501506575,0.3071677326761748
0.1,held_out_2,271,20000,13,A_fixed_raw,0.0001,0.0001,0,1,0,-0.20116640501506577,0.3071677326761748
0.1,held_out_2,271,20000,13,A_fixed_raw,0.001,0.001,6,8,6,0.14529866000056318,0.3071677326761748
0.1,held_out_2,271,20000,13,C_fixed_crossing,10,0.0015943018097060453,10,12,10,0.18164692695470155,0.3071677326761748
0.1,held_out_2,271,20000,13,C_fixed_crossing,25,0.0038762758575631214,25,29,25,0.15562942939674781,0.3071677326761748
0.1,held_out_2,271,20000,13,C_fixed_crossing,50,0.007855835702181426,51,55,51,0.14501523832244081,0.3071677326761748
0.1,held_out_2,271,20000,13,C_fixed_crossing,100,0.015576939641719256,100,111,100,0.15265797800317732,0.3071677326761748
0.1,held_out_2,271,20000,13,D_growing_crossing,10,0.0008278114353491616,5,6,5,0.17388282068425548,0.3071677326761748
0.1,held_out_2,271,20000,13,D_growing_crossing,25,0.0020422122286738297,13,16,13,0.1690799958358288,0.3071677326761748
0.1,held_out_2,271,20000,13,D_growing_crossing,50,0.0038762758575631214,25,29,25,0.15562942939674781,0.3071677326761748
0.1,held_out_2,271,20000,14,A_fixed_raw,1.0e-5,1.0e-5,0,0,0,0.0,1.2972022936396106
0.1,held_out_2,271,20000,14,A_fixed_raw,0.0001,0.0001,4,6,4,0.8103972419379324,1.2972022936396106
0.1,held_out_2,271,20000,14,A_fixed_raw,0.001,0.001,58,56,56,0.9953886132402153,1.2972022936396106
0.1,held_out_2,271,20000,14,C_fixed_crossing,10,0.00019576063388770183,10,11,10,1.0275890440025504,1.2972022936396106
0.1,held_out_2,271,20000,14,C_fixed_crossing,25,0.0004361316630774809,25,26,25,1.0533859015368447,1.2972022936396106
0.1,held_out_2,271,20000,14,C_fixed_crossing,50,0.0008838841237191396,51,50,50,0.9810722572217292,1.2972022936396106
0.1,held_out_2,271,20000,14,C_fixed_crossing,100,0.0018176002032580046,103,100,100,0.9399370040109446,1.2972022936396106
0.1,held_out_2,271,20000,14,D_growing_crossing,10,0.00011173797183976203,5,6,5,0.7258232663621398,1.2972022936396106
0.1,held_out_2,271,20000,14,D_growing_crossing,25,0.00024893905643631883,13,14,13,0.95001149525309,1.2972022936396106
0.1,held_out_2,271,20000,14,D_growing_crossing,50,0.0004361316630774809,25,26,25,1.0533859015368447,1.2972022936396106
0.1,held_out_2,271,20000,1,B_power_scaled_anchor25,0.3333333333333333,0.0009331967393287625,11,9,9,-0.31479952145273554,0.3819730496717949
0.1,held_out_2,271,20000,1,B_power_scaled_anchor25,0.5,0.0011757542155735668,13,12,12,-0.30105386458147526,0.3819730496717949
0.1,held_out_2,271,20000,1,B_power_scaled_anchor25,0.6666666666666666,0.0014813574857037712,16,16,16,-0.3087160692444882,0.3819730496717949
0.1,held_out_2,271,20000,1,B_power_scaled_anchor100,0.3333333333333333,0.0038891434093890386,40,38,38,-0.278854751215099,0.3819730496717949
0.1,held_out_2,271,20000,1,B_power_scaled_anchor100,0.5,0.004900013647549164,50,49,49,-0.28239528313943424,0.3819730496717949
0.1,held_out_2,271,20000,1,B_power_scaled_anchor100,0.6666666666666666,0.006173630339319351,62,62,62,-0.27548696271625184,0.3819730496717949
0.1,held_out_2,271,20000,2,B_power_scaled_anchor25,0.3333333333333333,0.0011953732857940675,11,10,10,-0.054635152327774696,0.07251655396717029
0.1,held_out_2,271,20000,2,B_power_scaled_anchor25,0.5,0.001506075965253946,14,13,13,-0.06125229046292733,0.07251655396717029
0.1,held_out_2,271,20000,2,B_power_scaled_anchor25,0.6666666666666666,0.0018975368113641861,18,15,15,-0.050130679632033,0.07251655396717029
0.1,held_out_2,271,20000,2,B_power_scaled_anchor100,0.3333333333333333,0.0043697487574461446,36,40,36,-0.06202466011700042,0.07251655396717029
0.1,held_out_2,271,20000,2,B_power_scaled_anchor100,0.5,0.005505538442258364,47,51,47,-0.06619779050849897,0.07251655396717029
0.1,held_out_2,271,20000,2,B_power_scaled_anchor100,0.6666666666666666,0.0069365437744067435,60,67,60,-0.06818101218711851,0.07251655396717029
0.1,held_out_2,271,20000,3,B_power_scaled_anchor25,0.3333333333333333,0.0014657433690883675,9,10,9,0.04706450160664741,0.2982316007191014
0.1,held_out_2,271,20000,3,B_power_scaled_anchor25,0.5,0.0018467209244582648,14,13,13,0.03157632932165811,0.2982316007191014
0.1,held_out_2,271,20000,3,B_power_scaled_anchor25,0.6666666666666666,0.0023267225660062877,16,17,16,0.05069555106429424,0.2982316007191014
0.1,held_out_2,271,20000,3,B_power_scaled_anchor100,0.3333333333333333,0.0058049714106294835,40,41,40,0.04181758396045444,0.2982316007191014
0.1,held_out_2,271,20000,3,B_power_scaled_anchor100,0.5,0.007313805674290023,49,52,49,0.03733863567252456,0.2982316007191014
0.1,held_out_2,271,20000,3,B_power_scaled_anchor100,0.6666666666666666,0.009214817723878567,62,64,62,0.04489285658662781,0.2982316007191014
0.1,held_out_2,271,20000,4,B_power_scaled_anchor25,0.3333333333333333,0.0001964104741453578,11,8,8,1.2117123498243543,1.5901957092207055
0.1,held_out_2,271,20000,4,B_power_scaled_anchor25,0.5,0.00024746169079556906,14,12,12,1.294182147225374,1.5901957092207055
0.1,held_out_2,271,20000,4,B_power_scaled_anchor25,0.6666666666666666,0.00031178219327591386,18,16,16,1.3382667061509825,1.5901957092207055
0.1,held_out_2,271,20000,4,B_power_scaled_anchor100,0.3333333333333333,0.0007666223516003447,39,38,38,1.2307549044139894,1.5901957092207055
0.1,held_out_2,271,20000,4,B_power_scaled_anchor100,0.5,0.0009658836381011828,50,48,48,1.1375995946608999,1.5901957092207055
0.1,held_out_2,271,20000,4,B_power_scaled_anchor100,0.6666666666666666,0.001216937127392722,65,62,62,1.2022097044212718,1.5901957092207055
0.1,held_out_2,271,20000,5,B_power_scaled_anchor25,0.3333333333333333,0.0002725738590482018,10,10,10,-1.3721482276902814,0.751197942485476
0.1,held_out_2,271,20000,5,B_power_scaled_anchor25,0.5,0.0003434215426659076,11,13,11,-1.3384620212149696,0.751197942485476
0.1,held_out_2,271,20000,5,B_power_scaled_anchor25,0.6666666666666666,0.00043268403059214727,15,16,15,-1.356776617980228,0.751197942485476
0.1,held_out_2,271,20000,5,B_power_scaled_anchor100,0.3333333333333333,0.0011866998545336537,43,42,42,-1.4079944364712913,0.751197942485476
0.1,held_out_2,271,20000,5,B_power_scaled_anchor100,0.5,0.0014951481266341343,52,53,52,-1.3773214528762712,0.751197942485476
0.1,held_out_2,271,20000,5,B_power_scaled_anchor100,0.6666666666666666,0.0018837685974572313,64,65,64,-1.3522567350491965,0.751197942485476
0.1,held_out_2,271,20000,6,B_power_scaled_anchor25,0.3333333333333333,0.0002305383046199242,10,11,10,-0.8762544893436305,1.1372293674543315
0.1,held_out_2,271,20000,6,B_power_scaled_anchor25,0.5,0.000290460062797719,13,13,13,-0.891608278744534,1.1372293674543315
0.1,held_out_2,271,20000,6,B_power_scaled_anchor25,0.6666666666666666,0.0003659567472726329,16,15,15,-0.8712476169571769,1.1372293674543315
0.1,held_out_2,271,20000,6,B_power_scaled_anchor100,0.3333333333333333,0.0009264256178161768,39,40,39,-0.896580489173124,1.1372293674543315
0.1,held_out_2,271,20000,6,B_power_scaled_anchor100,0.5,0.0011672231370484642,49,48,48,-0.871940575886518,1.1372293674543315
0.1,held_out_2,271,20000,6,B_power_scaled_anchor100,0.6666666666666666,0.0014706090002916884,60,61,60,-0.8268608023565861,1.1372293674543315
0.1,held_out_2,271,20000,7,B_power_scaled_anchor25,0.3333333333333333,0.0003199356634217862,9,9,9,-0.9777545333943346,0.9924333042822502
0.1,held_out_2,271,20000,7,B_power_scaled_anchor25,0.5,0.0004030936769571896,12,12,12,-1.0636121967126608,0.9924333042822502
0.1,held_out_2,271,20000,7,B_power_scaled_anchor25,0.6666666666666666,0.0005078662086778872,15,15,15,-1.0834505312094627,0.9924333042822502
0.1,held_out_2,271,20000,7,B_power_scaled_anchor100,0.3333333333333333,0.001362797629659021,40,40,40,-1.0286608284666696,0.9924333042822502
0.1,held_out_2,271,20000,7,B_power_scaled_anchor100,0.5,0.0017170174203542383,50,50,50,-1.0092162843177517,0.9924333042822502
0.1,held_out_2,271,20000,7,B_power_scaled_anchor100,0.6666666666666666,0.002163306390940499,64,64,64,-1.0223505075650163,0.9924333042822502
0.1,held_out_2,271,20000,8,B_power_scaled_anchor25,0.3333333333333333,0.0004775389292461199,8,11,8,-0.20753879149286436,0.36414053330894147
0.1,held_out_2,271,20000,8,B_power_scaled_anchor25,0.5,0.000601661349101445,11,15,11,-0.26276204594345326,0.36414053330894147
0.1,held_out_2,271,20000,8,B_power_scaled_anchor25,0.6666666666666666,0.0007580457986410584,15,19,15,-0.2575215105261812,0.36414053330894147
0.1,held_out_2,271,20000,8,B_power_scaled_anchor100,0.3333333333333333,0.0018369625433049554,38,42,38,-0.29523721042983625,0.36414053330894147
0.1,held_out_2,271,20000,8,B_power_scaled_anchor100,0.5,0.002314427776178336,49,51,49,-0.2933807826036175,0.36414053330894147
0.1,held_out_2,271,20000,8,B_power_scaled_anchor100,0.6666666666666666,0.0029159962736684656,61,65,61,-0.27679966626168767,0.36414053330894147
0.1,held_out_2,271,20000,9,B_power_scaled_anchor25,0.3333333333333333,0.00014050197478043897,9,11,9,0.9702460503705846,1.4440302098093005
0.1,held_out_2,271,20000,9,B_power_scaled_anchor25,0.5,0.00017702139557767367,13,12,12,1.1034288285458913,1.4440302098093005
0.1,held_out_2,271,20000,9,B_power_scaled_anchor25,0.6666666666666666,0.00022303298257007827,15,15,15,1.0262009320196437,1.4440302098093005
0.1,held_out_2,271,20000,9,B_power_scaled_anchor100,0.3333333333333333,0.0005770824404409571,40,42,40,1.1735894156250333,1.4440302098093005
0.1,held_out_2,271,20000,9,B_power_scaled_anchor100,0.5,0.0007270783142362663,51,53,51,1.1066778713635197,1.4440302098093005
0.1,held_out_2,271,20000,9,B_power_scaled_anchor100,0.6666666666666666,0.0009160612730283511,64,65,64,1.0748622410546809,1.4440302098093005
0.1,held_out_2,271,20000,10,B_power_scaled_anchor25,0.3333333333333333,0.001248761461019176,11,13,11,-0.04986478501997743,0.08745637221810908
0.1,held_out_2,271,20000,10,B_power_scaled_anchor25,0.5,0.0015733408510355362,13,15,13,-0.03706715186429235,0.08745637221810908
0.1,held_out_2,271,20000,10,B_power_scaled_anchor25,0.6666666666666666,0.001982285256879186,16,18,16,-0.03747861113747208,0.08745637221810908
0.1,held_out_2,271,20000,10,B_power_scaled_anchor100,0.3333333333333333,0.004665738338972073,38,44,38,-0.05485485418976626,0.08745637221810908
0.1,held_out_2,271,20000,10,B_power_scaled_anchor100,0.5,0.005878461946572456,47,55,47,-0.057465276299604184,0.08745637221810908
0.1,held_out_2,271,20000,10,B_power_scaled_anchor100,0.6666666666666666,0.007406397947492628,60,69,60,-0.062239378888848514,0.08745637221810908
0.1,held_out_2,271,20000,11,B_power_scaled_anchor25,0.3333333333333333,0.00037827162201871297,9,10,9,-0.5830700615459046,0.760287900075816
0.1,held_out_2,271,20000,11,B_power_scaled_anchor25,0.5,0.0004765923791592535,12,13,12,-0.6678121643736439,0.760287900075816
0.1,held_out_2,271,20000,11,B_power_scaled_anchor25,0.6666666666666666,0.0006004687707222221,15,16,15,-0.6417535591880127,0.760287900075816
0.1,held_out_2,271,20000,11,B_power_scaled_anchor100,0.3333333333333333,0.0015312069065070981,39,39,39,-0.60363603947588,0.760287900075816
0.1,held_out_2,271,20000,11,B_power_scaled_anchor100,0.5,0.001929199813252704,49,48,48,-0.5991233963163507,0.760287900075816
0.1,held_out_2,271,20000,11,B_power_scaled_anchor100,0.6666666666666666,0.0024306394541703403,62,62,62,-0.6122911576516862,0.760287900075816
0.1,held_out_2,271,20000,12,B_power_scaled_anchor25,0.3333333333333333,0.0002785942659276245,10,11,10,-0.6048412062840894,0.8440821262399694
0.1,held_out_2,271,20000,12,B_power_scaled_anchor25,0.5,0.0003510067800222242,13,15,13,-0.6934610145732435,0.8440821262399694
0.1,held_out_2,271,20000,12,B_power_scaled_anchor25,0.6666666666666666,0.0004422408308058195,17,17,17,-0.736397086343989,0.8440821262399694
0.1,held_out_2,271,20000,12,B_power_scaled_anchor100,0.3333333333333333,0.0010258591864808677,40,40,40,-0.6981748492486186,0.8440821262399694
0.1,held_out_2,271,20000,12,B_power_scaled_anchor100,0.5,0.0012925015832752755,50,50,50,-0.6600496420628428,0.8440821262399694
0.1,held_out_2,271,20000,12,B_power_scaled_anchor100,0.6666666666666666,0.0016284499517909708,63,61,61,-0.6421221142041132,0.8440821262399694
0.1,held_out_2,271,20000,13,B_power_scaled_anchor25,0.3333333333333333,0.0014445501523676482,9,11,9,0.16006609254926127,0.3071677326761748
0.1,held_out_2,271,20000,13,B_power_scaled_anchor25,0.5,0.0018200191445968464,11,13,11,0.16061191724640825,0.3071677326761748
0.1,held_out_2,271,20000,13,B_power_scaled_anchor25,0.6666666666666666,0.002293080431489228,13,17,13,0.16778553221122136,0.3071677326761748
0.1,held_out_2,271,20000,13,B_power_scaled_anchor100,0.3333333333333333,0.005933187263526904,39,41,39,0.14968726527334164,0.3071677326761748
0.1,held_out_2,271,20000,13,B_power_scaled_anchor100,0.5,0.007475347526285706,48,53,48,0.14478640605895288,0.3071677326761748
0.1,held_out_2,271,20000,13,B_power_scaled_anchor100,0.6666666666666666,0.00941834770364693,59,66,59,0.14508853571295352,0.3071677326761748
0.1,held_out_2,271,20000,14,B_power_scaled_anchor25,0.3333333333333333,0.00017997524013495228,9,11,9,0.9066160112777328,1.2972022936396106
0.1,held_out_2,271,20000,14,B_power_scaled_anchor25,0.5,0.00022675459350591102,11,13,11,1.0418061966157188,1.2972022936396106
0.1,held_out_2,271,20000,14,B_power_scaled_anchor25,0.6666666666666666,0.0002856928855184526,15,16,15,1.032219632338381,1.2972022936396106
0.1,held_out_2,271,20000,14,B_power_scaled_anchor100,0.3333333333333333,0.0007232363112434727,43,41,41,1.0548722822904482,1.2972022936396106
0.1,held_out_2,271,20000,14,B_power_scaled_anchor100,0.5,0.0009112206525839714,53,51,51,0.9899843083936948,1.2972022936396106
0.1,held_out_2,271,20000,14,B_power_scaled_anchor100,0.6666666666666666,0.0011480660812894887,67,64,64,0.9490472211484209,1.2972022936396106
0.1,held_out_2,271,80000,1,A_fixed_raw,1.0e-5,1.0e-5,0,0,0,0.0,0.3819730496717949
0.1,held_out_2,271,80000,1,A_fixed_raw,0.0001,0.0001,3,4,3,-0.11541453302968407,0.3819730496717949
0.1,held_out_2,271,80000,1,A_fixed_raw,0.001,0.001,43,39,39,-0.285346998844839,0.3819730496717949
0.1,held_out_2,271,80000,1,C_fixed_crossing,10,0.00026195798257876737,12,10,10,-0.26579690661816946,0.3819730496717949
0.1,held_out_2,271,80000,1,C_fixed_crossing,25,0.0005878771077867834,26,25,25,-0.30991102065057413,0.3819730496717949
0.1,held_out_2,271,80000,1,C_fixed_crossing,50,0.001253726664446502,53,50,50,-0.28926096285568853,0.3819730496717949
0.1,held_out_2,271,80000,1,C_fixed_crossing,100,0.0024679135974986794,102,100,100,-0.28677407215857537,0.3819730496717949
0.1,held_out_2,271,80000,1,D_growing_crossing,10,0.00026195798257876737,12,10,10,-0.26579690661816946,0.3819730496717949
0.1,held_out_2,271,80000,1,D_growing_crossing,25,0.0005878771077867834,26,25,25,-0.30991102065057413,0.3819730496717949
0.1,held_out_2,271,80000,1,D_growing_crossing,50,0.001253726664446502,53,50,50,-0.28926096285568853,0.3819730496717949
0.1,held_out_2,271,80000,2,A_fixed_raw,1.0e-5,1.0e-5,0,0,0,0.0,0.07251655396717029
0.1,held_out_2,271,80000,2,A_fixed_raw,0.0001,0.0001,4,4,4,-0.06073491444318069,0.07251655396717029
0.1,held_out_2,271,80000,2,A_fixed_raw,0.001,0.001,39,34,34,-0.04374296037808201,0.07251655396717029
0.1,held_out_2,271,80000,2,C_fixed_crossing,10,0.0002776725138146598,11,10,10,-0.04474423117090459,0.07251655396717029
0.1,held_out_2,271,80000,2,C_fixed_crossing,25,0.000736764872927537,28,25,25,-0.032266531541540126,0.07251655396717029
0.1,held_out_2,271,80000,2,C_fixed_crossing,50,0.0014189530611409989,54,50,50,-0.05603477542975979,0.07251655396717029
0.1,held_out_2,271,80000,2,C_fixed_crossing,100,0.0027728888449110776,103,100,100,-0.05890116625943459,0.07251655396717029
0.1,held_out_2,271,80000,2,D_growing_crossing,10,0.0002776725138146598,11,10,10,-0.04474423117090459,0.07251655396717029
0.1,held_out_2,271,80000,2,D_growing_crossing,25,0.000736764872927537,28,25,25,-0.032266531541540126,0.07251655396717029
0.1,held_out_2,271,80000,2,D_growing_crossing,50,0.0014189530611409989,54,50,50,-0.05603477542975979,0.07251655396717029
0.1,held_out_2,271,80000,3,A_fixed_raw,1.0e-5,1.0e-5,0,1,0,-1.1468013404750121,0.2982316007191014
0.1,held_out_2,271,80000,3,A_fixed_raw,0.0001,0.0001,2,2,2,-0.09127011030049537,0.2982316007191014
0.1,held_out_2,271,80000,3,A_fixed_raw,0.001,0.001,27,28,27,-0.0399265809352678,0.2982316007191014
0.1,held_out_2,271,80000,3,C_fixed_crossing,10,0.00042361076694146573,11,14,11,-0.04142418632756943,0.2982316007191014
0.1,held_out_2,271,80000,3,C_fixed_crossing,25,0.000864783436053035,25,25,25,-0.04969162977310586,0.2982316007191014
0.1,held_out_2,271,80000,3,C_fixed_crossing,50,0.0018044119961856003,50,50,50,-0.009235196471852752,0.2982316007191014
0.1,held_out_2,271,80000,3,C_fixed_crossing,100,0.0036040275958246766,100,103,100,-0.020234021338281512,0.2982316007191014
0.1,held_out_2,271,80000,3,D_growing_crossing,10,0.00042361076694146573,11,14,11,-0.04142418632756943,0.2982316007191014
0.1,held_out_2,271,80000,3,D_growing_crossing,25,0.000864783436053035,25,25,25,-0.04969162977310586,0.2982316007191014
0.1,held_out_2,271,80000,3,D_growing_crossing,50,0.0018044119961856003,50,50,50,-0.009235196471852752,0.2982316007191014
0.1,held_out_2,271,80000,4,A_fixed_raw,1.0e-5,1.0e-5,2,2,2,0.5865636379366601,1.5901957092207055
0.1,held_out_2,271,80000,4,A_fixed_raw,0.0001,0.0001,18,21,18,1.1513137149373602,1.5901957092207055
0.1,held_out_2,271,80000,4,A_fixed_raw,0.001,0.001,209,211,209,1.2286565521471073,1.5901957092207055
0.1,held_out_2,271,80000,4,C_fixed_crossing,10,5.12621125592225e-5,10,11,10,1.080739816304938,1.5901957092207055
0.1,held_out_2,271,80000,4,C_fixed_crossing,25,0.0001283190880864945,25,26,25,1.2136511861819732,1.5901957092207055
0.1,held_out_2,271,80000,4,C_fixed_crossing,50,0.00024179226950541205,50,51,50,1.2099411406267802,1.5901957092207055
0.1,held_out_2,271,80000,4,C_fixed_crossing,100,0.0004759589523015483,100,102,100,1.2500511175443652,1.5901957092207055
0.1,held_out_2,271,80000,4,D_growing_crossing,10,5.12621125592225e-5,10,11,10,1.080739816304938,1.5901957092207055
0.1,held_out_2,271,80000,4,D_growing_crossing,25,0.0001283190880864945,25,26,25,1.2136511861819732,1.5901957092207055
0.1,held_out_2,271,80000,4,D_growing_crossing,50,0.00024179226950541205,50,51,50,1.2099411406267802,1.5901957092207055
0.1,held_out_2,271,80000,5,A_fixed_raw,1.0e-5,1.0e-5,1,3,1,-1.2246674039199934,0.751197942485476
0.1,held_out_2,271,80000,5,A_fixed_raw,0.0001,0.0001,16,11,11,-1.146258864209229,0.751197942485476
0.1,held_out_2,271,80000,5,A_fixed_raw,0.001,0.001,139,134,134,-1.3346043380021364,0.751197942485476
0.1,held_out_2,271,80000,5,C_fixed_crossing,10,8.350154471853436e-5,14,10,10,-1.2463070838504182,0.751197942485476
0.1,held_out_2,271,80000,5,C_fixed_crossing,25,0.00020301991749062924,29,26,26,-1.3008361548339176,0.751197942485476
0.1,held_out_2,271,80000,5,C_fixed_crossing,50,0.00037156873724770274,51,50,50,-1.275015964684661,0.751197942485476
0.1,held_out_2,271,80000,5,C_fixed_crossing,100,0.000736764872927537,101,102,101,-1.3279032044976025,0.751197942485476
0.1,held_out_2,271,80000,5,D_growing_crossing,10,8.350154471853436e-5,14,10,10,-1.2463070838504182,0.751197942485476
0.1,held_out_2,271,80000,5,D_growing_crossing,25,0.00020301991749062924,29,26,26,-1.3008361548339176,0.751197942485476
0.1,held_out_2,271,80000,5,D_growing_crossing,50,0.00037156873724770274,51,50,50,-1.275015964684661,0.751197942485476
0.1,held_out_2,271,80000,6,A_fixed_raw,1.0e-5,1.0e-5,1,2,1,-0.5714349701833876,1.1372293674543315
0.1,held_out_2,271,80000,6,A_fixed_raw,0.0001,0.0001,18,16,16,-0.8372458842617614,1.1372293674543315
0.1,held_out_2,271,80000,6,A_fixed_raw,0.001,0.001,172,169,169,-0.846642977694323,1.1372293674543315
0.1,held_out_2,271,80000,6,C_fixed_crossing,10,5.801785476786997e-5,12,10,10,-0.6893832401404915,1.1372293674543315
0.1,held_out_2,271,80000,6,C_fixed_crossing,25,0.0001484377633625393,25,25,25,-0.7971888114154856,1.1372293674543315
0.1,held_out_2,271,80000,6,C_fixed_crossing,50,0.00029648095698320655,51,50,50,-0.8343553084461011,1.1372293674543315
0.1,held_out_2,271,80000,6,C_fixed_crossing,100,0.0005965019429509032,104,100,100,-0.864021208525904,1.1372293674543315
0.1,held_out_2,271,80000,6,D_growing_crossing,10,5.801785476786997e-5,12,10,10,-0.6893832401404915,1.1372293674543315
0.1,held_out_2,271,80000,6,D_growing_crossing,25,0.0001484377633625393,25,25,25,-0.7971888114154856,1.1372293674543315
0.1,held_out_2,271,80000,6,D_growing_crossing,50,0.00029648095698320655,51,50,50,-0.8343553084461011,1.1372293674543315
0.1,held_out_2,271,80000,7,A_fixed_raw,1.0e-5,1.0e-5,1,1,1,-0.6738531599916053,0.9924333042822502
0.1,held_out_2,271,80000,7,A_fixed_raw,0.0001,0.0001,13,10,10,-0.7827131525387637,0.9924333042822502
0.1,held_out_2,271,80000,7,A_fixed_raw,0.001,0.001,120,118,118,-0.9197271644483251,0.9924333042822502
0.1,held_out_2,271,80000,7,C_fixed_crossing,10,9.112685710400692e-5,11,10,10,-0.7706073002347722,0.9924333042822502
0.1,held_out_2,271,80000,7,C_fixed_crossing,25,0.00021677168761633316,28,25,25,-0.9128382707085998,0.9924333042822502
0.1,held_out_2,271,80000,7,C_fixed_crossing,50,0.00043931929134400586,53,50,50,-0.9003125686196977,0.9924333042822502
0.1,held_out_2,271,80000,7,C_fixed_crossing,100,0.0008460955132047697,101,100,100,-0.9058735163070961,0.9924333042822502
0.1,held_out_2,271,80000,7,D_growing_crossing,10,9.112685710400692e-5,11,10,10,-0.7706073002347722,0.9924333042822502
0.1,held_out_2,271,80000,7,D_growing_crossing,25,0.00021677168761633316,28,25,25,-0.9128382707085998,0.9924333042822502
0.1,held_out_2,271,80000,7,D_growing_crossing,50,0.00043931929134400586,53,50,50,-0.9003125686196977,0.9924333042822502
0.1,held_out_2,271,80000,8,A_fixed_raw,1.0e-5,1.0e-5,0,1,0,0.0006550866793464394,0.36414053330894147
0.1,held_out_2,271,80000,8,A_fixed_raw,0.0001,0.0001,8,8,8,-0.11144027280800273,0.36414053330894147
0.1,held_out_2,271,80000,8,A_fixed_raw,0.001,0.001,86,86,86,-0.26137011302806296,0.36414053330894147
0.1,held_out_2,271,80000,8,C_fixed_crossing,10,0.00012738802596293545,10,11,10,-0.08639246284158464,0.36414053330894147
0.1,held_out_2,271,80000,8,C_fixed_crossing,25,0.000285879832836322,26,25,25,-0.2594730357280334,0.36414053330894147
0.1,held_out_2,271,80000,8,C_fixed_crossing,50,0.0005709997543852909,50,50,50,-0.26800553613379563,0.36414053330894147
0.1,held_out_2,271,80000,8,C_fixed_crossing,100,0.0011656718103460826,102,100,100,-0.267349370262548,0.36414053330894147
0.1,held_out_2,271,80000,8,D_growing_crossing,10,0.00012738802596293545,10,11,10,-0.08639246284158464,0.36414053330894147
0.1,held_out_2,271,80000,8,D_growing_crossing,25,0.000285879832836322,26,25,25,-0.2594730357280334,0.36414053330894147
0.1,held_out_2,271,80000,8,D_growing_crossing,50,0.0005709997543852909,50,50,50,-0.26800553613379563,0.36414053330894147
0.1,held_out_2,271,80000,9,A_fixed_raw,1.0e-5,1.0e-5,2,3,2,0.5360324909060854,1.4440302098093005
0.1,held_out_2,271,80000,9,A_fixed_raw,0.0001,0.0001,26,28,26,0.9620890053071984,1.4440302098093005
0.1,held_out_2,271,80000,9,A_fixed_raw,0.001,0.001,277,281,277,1.0530660454272922,1.4440302098093005
0.1,held_out_2,271,80000,9,C_fixed_crossing,10,3.9440358405335285e-5,11,10,10,0.7262069333738768,1.4440302098093005
0.1,held_out_2,271,80000,9,C_fixed_crossing,25,9.179289117155112e-5,25,28,25,1.0487413915197348,1.4440302098093005
0.1,held_out_2,271,80000,9,C_fixed_crossing,50,0.00018468180381653483,54,51,51,1.0487324281494084,1.4440302098093005
0.1,held_out_2,271,80000,9,C_fixed_crossing,100,0.000355683095776863,100,100,100,1.0887643244071028,1.4440302098093005
0.1,held_out_2,271,80000,9,D_growing_crossing,10,3.9440358405335285e-5,11,10,10,0.7262069333738768,1.4440302098093005
0.1,held_out_2,271,80000,9,D_growing_crossing,25,9.179289117155112e-5,25,28,25,1.0487413915197348,1.4440302098093005
0.1,held_out_2,271,80000,9,D_growing_crossing,50,0.00018468180381653483,54,51,51,1.0487324281494084,1.4440302098093005
0.1,held_out_2,271,80000,10,A_fixed_raw,1.0e-5,1.0e-5,1,0,0,-0.0006881609559972189,0.08745637221810908
0.1,held_out_2,271,80000,10,A_fixed_raw,0.0001,0.0001,2,4,2,-0.058028705297863414,0.08745637221810908
0.1,held_out_2,271,80000,10,A_fixed_raw,0.001,0.001,33,32,32,-0.05521860994966987,0.08745637221810908
0.1,held_out_2,271,80000,10,C_fixed_crossing,10,0.00030524420749144035,10,10,10,-0.03785507234794027,0.08745637221810908
0.1,held_out_2,271,80000,10,C_fixed_crossing,25,0.0008099224754179632,27,25,25,-0.05027025974879436,0.08745637221810908
0.1,held_out_2,271,80000,10,C_fixed_crossing,50,0.0015261407821317108,52,50,50,-0.06566818702875943,0.08745637221810908
0.1,held_out_2,271,80000,10,C_fixed_crossing,100,0.0030041505016429643,100,103,100,-0.06399811673030567,0.08745637221810908
0.1,held_out_2,271,80000,10,D_growing_crossing,10,0.00030524420749144035,10,10,10,-0.03785507234794027,0.08745637221810908
0.1,held_out_2,271,80000,10,D_growing_crossing,25,0.0008099224754179632,27,25,25,-0.05027025974879436,0.08745637221810908
0.1,held_out_2,271,80000,10,D_growing_crossing,50,0.0015261407821317108,52,50,50,-0.06566818702875943,0.08745637221810908
0.1,held_out_2,271,80000,11,A_fixed_raw,1.0e-5,1.0e-5,1,1,1,-0.5962193742367616,0.760287900075816
0.1,held_out_2,271,80000,11,A_fixed_raw,0.0001,0.0001,11,8,8,-0.46522726941097825,0.760287900075816
0.1,held_out_2,271,80000,11,A_fixed_raw,0.001,0.001,106,102,102,-0.6518119104503491,0.760287900075816
0.1,held_out_2,271,80000,11,C_fixed_crossing,10,0.00010696084938195432,11,10,10,-0.5552122330411956,0.760287900075816
0.1,held_out_2,271,80000,11,C_fixed_crossing,25,0.00025075851886043884,27,25,25,-0.6352478043058335,0.760287900075816
0.1,held_out_2,271,80000,11,C_fixed_crossing,50,0.0004900271325081146,52,50,50,-0.6424153785492578,0.760287900075816
0.1,held_out_2,271,80000,11,C_fixed_crossing,100,0.0009859052655995942,104,100,100,-0.6466188597174161,0.760287900075816
0.1,held_out_2,271,80000,11,D_growing_crossing,10,0.00010696084938195432,11,10,10,-0.5552122330411956,0.760287900075816
0.1,held_out_2,271,80000,11,D_growing_crossing,25,0.00025075851886043884,27,25,25,-0.6352478043058335,0.760287900075816
0.1,held_out_2,271,80000,11,D_growing_crossing,50,0.0004900271325081146,52,50,50,-0.6424153785492578,0.760287900075816
0.1,held_out_2,271,80000,12,A_fixed_raw,1.0e-5,1.0e-5,1,3,1,-0.5905767253101823,0.8440821262399694
0.1,held_out_2,271,80000,12,A_fixed_raw,0.0001,0.0001,16,15,15,-0.5590432913196719,0.8440821262399694
0.1,held_out_2,271,80000,12,A_fixed_raw,0.001,0.001,154,154,154,-0.6374572962100783,0.8440821262399694
0.1,held_out_2,271,80000,12,C_fixed_crossing,10,7.218407115126363e-5,12,10,10,-0.4282828067373665,0.8440821262399694
0.1,held_out_2,271,80000,12,C_fixed_crossing,25,0.0001729657825020706,28,25,25,-0.5869168484158104,0.8440821262399694
0.1,held_out_2,271,80000,12,C_fixed_crossing,50,0.00032830235637785544,50,52,50,-0.6211478760277676,0.8440821262399694
0.1,held_out_2,271,80000,12,C_fixed_crossing,100,0.0006557320360656451,101,101,101,-0.6464579805944393,0.8440821262399694
0.1,held_out_2,271,80000,12,D_growing_crossing,10,7.218407115126363e-5,12,10,10,-0.4282828067373665,0.8440821262399694
0.1,held_out_2,271,80000,12,D_growing_crossing,25,0.0001729657825020706,28,25,25,-0.5869168484158104,0.8440821262399694
0.1,held_out_2,271,80000,12,D_growing_crossing,50,0.00032830235637785544,50,52,50,-0.6211478760277676,0.8440821262399694
0.1,held_out_2,271,80000,13,A_fixed_raw,1.0e-5,1.0e-5,0,1,0,-0.5125169389955109,0.3071677326761748
0.1,held_out_2,271,80000,13,A_fixed_raw,0.0001,0.0001,1,2,1,0.06337562931141294,0.3071677326761748
0.1,held_out_2,271,80000,13,A_fixed_raw,0.001,0.001,25,30,25,0.12245608189744711,0.3071677326761748
0.1,held_out_2,271,80000,13,C_fixed_crossing,10,0.0005008504841308905,10,18,10,0.14017398651295696,0.3071677326761748
0.1,held_out_2,271,80000,13,C_fixed_crossing,25,0.0009931111159397533,25,29,25,0.126361573841978,0.3071677326761748
0.1,held_out_2,271,80000,13,C_fixed_crossing,50,0.0019549017312612067,50,60,50,0.1449894493814648,0.3071677326761748
0.1,held_out_2,271,80000,13,C_fixed_crossing,100,0.0038202286967496143,101,111,101,0.14547706578450276,0.3071677326761748
0.1,held_out_2,271,80000,13,D_growing_crossing,10,0.0005008504841308905,10,18,10,0.14017398651295696,0.3071677326761748
0.1,held_out_2,271,80000,13,D_growing_crossing,25,0.0009931111159397533,25,29,25,0.126361573841978,0.3071677326761748
0.1,held_out_2,271,80000,13,D_growing_crossing,50,0.0019549017312612067,50,60,50,0.1449894493814648,0.3071677326761748
0.1,held_out_2,271,80000,14,A_fixed_raw,1.0e-5,1.0e-5,1,2,1,0.5754038282949903,1.2972022936396106
0.1,held_out_2,271,80000,14,A_fixed_raw,0.0001,0.0001,21,25,21,0.9943991386717616,1.2972022936396106
0.1,held_out_2,271,80000,14,A_fixed_raw,0.001,0.001,225,230,225,0.9923349929927133,1.2972022936396106
0.1,held_out_2,271,80000,14,C_fixed_crossing,10,5.201418687055663e-5,10,15,10,0.7748261861139386,1.2972022936396106
0.1,held_out_2,271,80000,14,C_fixed_crossing,25,0.00011758160450839066,25,30,25,0.9687180492866913,1.2972022936396106
0.1,held_out_2,271,80000,14,C_fixed_crossing,50,0.00021677168761633316,50,50,50,0.9436283479398233,1.2972022936396106
0.1,held_out_2,271,80000,14,C_fixed_crossing,100,0.000442530217561186,100,102,100,0.9650575376515037,1.2972022936396106
0.1,held_out_2,271,80000,14,D_growing_crossing,10,5.201418687055663e-5,10,15,10,0.7748261861139386,1.2972022936396106
0.1,held_out_2,271,80000,14,D_growing_crossing,25,0.00011758160450839066,25,30,25,0.9687180492866913,1.2972022936396106
0.1,held_out_2,271,80000,14,D_growing_crossing,50,0.00021677168761633316,50,50,50,0.9436283479398233,1.2972022936396106
0.1,held_out_2,271,80000,1,B_power_scaled_anchor25,0.3333333333333333,0.0005878771077867834,26,25,25,-0.30991102065057413,0.3819730496717949
0.1,held_out_2,271,80000,1,B_power_scaled_anchor25,0.5,0.0005878771077867834,26,25,25,-0.30991102065057413,0.3819730496717949
0.1,held_out_2,271,80000,1,B_power_scaled_anchor25,0.6666666666666666,0.0005878771077867834,26,25,25,-0.30991102065057413,0.3819730496717949
0.1,held_out_2,271,80000,1,B_power_scaled_anchor100,0.3333333333333333,0.002450006823774582,102,99,99,-0.288862337266704,0.3819730496717949
0.1,held_out_2,271,80000,1,B_power_scaled_anchor100,0.5,0.002450006823774582,102,99,99,-0.288862337266704,0.3819730496717949
0.1,held_out_2,271,80000,1,B_power_scaled_anchor100,0.6666666666666666,0.002450006823774582,102,99,99,-0.288862337266704,0.3819730496717949
0.1,held_out_2,271,80000,2,B_power_scaled_anchor25,0.3333333333333333,0.000753037982626973,28,26,26,-0.03161817773317357,0.07251655396717029
0.1,held_out_2,271,80000,2,B_power_scaled_anchor25,0.5,0.000753037982626973,28,26,26,-0.03161817773317357,0.07251655396717029
0.1,held_out_2,271,80000,2,B_power_scaled_anchor25,0.6666666666666666,0.000753037982626973,28,26,26,-0.03161817773317357,0.07251655396717029
0.1,held_out_2,271,80000,2,B_power_scaled_anchor100,0.3333333333333333,0.002752769221129182,103,99,99,-0.05931640913878785,0.07251655396717029
0.1,held_out_2,271,80000,2,B_power_scaled_anchor100,0.5,0.002752769221129182,103,99,99,-0.05931640913878785,0.07251655396717029
0.1,held_out_2,271,80000,2,B_power_scaled_anchor100,0.6666666666666666,0.002752769221129182,103,99,99,-0.05931640913878785,0.07251655396717029
0.1,held_out_2,271,80000,3,B_power_scaled_anchor25,0.3333333333333333,0.0009233604622291324,25,26,25,-0.03469880318199691,0.2982316007191014
0.1,held_out_2,271,80000,3,B_power_scaled_anchor25,0.5,0.0009233604622291324,25,26,25,-0.03469880318199691,0.2982316007191014
0.1,held_out_2,271,80000,3,B_power_scaled_anchor25,0.6666666666666666,0.0009233604622291324,25,26,25,-0.03469880318199691,0.2982316007191014
0.1,held_out_2,271,80000,3,B_power_scaled_anchor100,0.3333333333333333,0.0036569028371450114,100,104,100,-0.018042951498784796,0.2982316007191014
0.1,held_out_2,271,80000,3,B_power_scaled_anchor100,0.5,0.0036569028371450114,100,104,100,-0.018042951498784796,0.2982316007191014
0.1,held_out_2,271,80000,3,B_power_scaled_anchor100,0.6666666666666666,0.0036569028371450114,100,104,100,-0.018042951498784796,0.2982316007191014
0.1,held_out_2,271,80000,4,B_power_scaled_anchor25,0.3333333333333333,0.00012373084539778453,24,26,24,1.2582138171901318,1.5901957092207055
0.1,held_out_2,271,80000,4,B_power_scaled_anchor25,0.5,0.00012373084539778453,24,26,24,1.2582138171901318,1.5901957092207055
0.1,held_out_2,271,80000,4,B_power_scaled_anchor25,0.6666666666666666,0.00012373084539778453,24,26,24,1.2582138171901318,1.5901957092207055
0.1,held_out_2,271,80000,4,B_power_scaled_anchor100,0.3333333333333333,0.0004829418190505914,102,102,102,1.2536664155436212,1.5901957092207055
0.1,held_out_2,271,80000,4,B_power_scaled_anchor100,0.5,0.0004829418190505914,102,102,102,1.2536664155436212,1.5901957092207055
0.1,held_out_2,271,80000,4,B_power_scaled_anchor100,0.6666666666666666,0.0004829418190505914,102,102,102,1.2536664155436212,1.5901957092207055
0.1,held_out_2,271,80000,5,B_power_scaled_anchor25,0.3333333333333333,0.0001717107713329538,25,24,24,-1.3393889600337423,0.751197942485476
0.1,held_out_2,271,80000,5,B_power_scaled_anchor25,0.5,0.0001717107713329538,25,24,24,-1.3393889600337423,0.751197942485476
0.1,held_out_2,271,80000,5,B_power_scaled_anchor25,0.6666666666666666,0.0001717107713329538,25,24,24,-1.3393889600337423,0.751197942485476
0.1,held_out_2,271,80000,5,B_power_scaled_anchor100,0.3333333333333333,0.0007475740633170672,102,104,102,-1.3245829240643354,0.751197942485476
0.1,held_out_2,271,80000,5,B_power_scaled_anchor100,0.5,0.0007475740633170672,102,104,102,-1.3245829240643354,0.751197942485476
0.1,held_out_2,271,80000,5,B_power_scaled_anchor100,0.6666666666666666,0.0007475740633170672,102,104,102,-1.3245829240643354,0.751197942485476
0.1,held_out_2,271,80000,6,B_power_scaled_anchor25,0.3333333333333333,0.0001452300313988595,25,24,24,-0.8148475037476952,1.1372293674543315
0.1,held_out_2,271,80000,6,B_power_scaled_anchor25,0.5,0.0001452300313988595,25,24,24,-0.8148475037476952,1.1372293674543315
0.1,held_out_2,271,80000,6,B_power_scaled_anchor25,0.6666666666666666,0.0001452300313988595,25,24,24,-0.8148475037476952,1.1372293674543315
0.1,held_out_2,271,80000,6,B_power_scaled_anchor100,0.3333333333333333,0.0005836115685242321,101,98,98,-0.8759108018051471,1.1372293674543315
0.1,held_out_2,271,80000,6,B_power_scaled_anchor100,0.5,0.0005836115685242321,101,98,98,-0.8759108018051471,1.1372293674543315
0.1,held_out_2,271,80000,6,B_power_scaled_anchor100,0.6666666666666666,0.0005836115685242321,101,98,98,-0.8759108018051471,1.1372293674543315
0.1,held_out_2,271,80000,7,B_power_scaled_anchor25,0.3333333333333333,0.0002015468384785948,27,22,22,-0.915942206748191,0.9924333042822502
0.1,held_out_2,271,80000,7,B_power_scaled_anchor25,0.5,0.0002015468384785948,27,22,22,-0.915942206748191,0.9924333042822502
0.1,held_out_2,271,80000,7,B_power_scaled_anchor25,0.6666666666666666,0.0002015468384785948,27,22,22,-0.915942206748191,0.9924333042822502
0.1,held_out_2,271,80000,7,B_power_scaled_anchor100,0.3333333333333333,0.0008585087101771192,101,100,100,-0.8898276219656607,0.9924333042822502
0.1,held_out_2,271,80000,7,B_power_scaled_anchor100,0.5,0.0008585087101771192,101,100,100,-0.8898276219656607,0.9924333042822502
0.1,held_out_2,271,80000,7,B_power_scaled_anchor100,0.6666666666666666,0.0008585087101771192,101,100,100,-0.8898276219656607,0.9924333042822502
0.1,held_out_2,271,80000,8,B_power_scaled_anchor25,0.3333333333333333,0.0003008306745507225,27,25,25,-0.24655420249010365,0.36414053330894147
0.1,held_out_2,271,80000,8,B_power_scaled_anchor25,0.5,0.0003008306745507225,27,25,25,-0.24655420249010365,0.36414053330894147
0.1,held_out_2,271,80000,8,B_power_scaled_anchor25,0.6666666666666666,0.0003008306745507225,27,25,25,-0.24655420249010365,0.36414053330894147
0.1,held_out_2,271,80000,8,B_power_scaled_anchor100,0.3333333333333333,0.001157213888089168,102,99,99,-0.26932868899169377,0.36414053330894147
0.1,held_out_2,271,80000,8,B_power_scaled_anchor100,0.5,0.001157213888089168,102,99,99,-0.26932868899169377,0.36414053330894147
0.1,held_out_2,271,80000,8,B_power_scaled_anchor100,0.6666666666666666,0.001157213888089168,102,99,99,-0.26932868899169377,0.36414053330894147
0.1,held_out_2,271,80000,9,B_power_scaled_anchor25,0.3333333333333333,8.851069778883683e-5,24,28,24,1.0883855909036915,1.4440302098093005
0.1,held_out_2,271,80000,9,B_power_scaled_anchor25,0.5,8.851069778883683e-5,24,28,24,1.0883855909036915,1.4440302098093005
0.1,held_out_2,271,80000,9,B_power_scaled_anchor25,0.6666666666666666,8.851069778883683e-5,24,28,24,1.0883855909036915,1.4440302098093005
0.1,held_out_2,271,80000,9,B_power_scaled_anchor100,0.3333333333333333,0.00036353915711813314,101,103,101,1.0641847170469398,1.4440302098093005
0.1,held_out_2,271,80000,9,B_power_scaled_anchor100,0.5,0.00036353915711813314,101,103,101,1.0641847170469398,1.4440302098093005
0.1,held_out_2,271,80000,9,B_power_scaled_anchor100,0.6666666666666666,0.00036353915711813314,101,103,101,1.0641847170469398,1.4440302098093005
0.1,held_out_2,271,80000,10,B_power_scaled_anchor25,0.3333333333333333,0.0007866704255177681,27,24,24,-0.051750816302056454,0.08745637221810908
0.1,held_out_2,271,80000,10,B_power_scaled_anchor25,0.5,0.0007866704255177681,27,24,24,-0.051750816302056454,0.08745637221810908
0.1,held_out_2,271,80000,10,B_power_scaled_anchor25,0.6666666666666666,0.0007866704255177681,27,24,24,-0.051750816302056454,0.08745637221810908
0.1,held_out_2,271,80000,10,B_power_scaled_anchor100,0.3333333333333333,0.002939230973286228,98,102,98,-0.06540541169653792,0.08745637221810908
0.1,held_out_2,271,80000,10,B_power_scaled_anchor100,0.5,0.002939230973286228,98,102,98,-0.06540541169653792,0.08745637221810908
0.1,held_out_2,271,80000,10,B_power_scaled_anchor100,0.6666666666666666,0.002939230973286228,98,102,98,-0.06540541169653792,0.08745637221810908
0.1,held_out_2,271,80000,11,B_power_scaled_anchor25,0.3333333333333333,0.00023829618957962675,26,24,24,-0.6597463289152709,0.760287900075816
0.1,held_out_2,271,80000,11,B_power_scaled_anchor25,0.5,0.00023829618957962675,26,24,24,-0.6597463289152709,0.760287900075816
0.1,held_out_2,271,80000,11,B_power_scaled_anchor25,0.6666666666666666,0.00023829618957962675,26,24,24,-0.6597463289152709,0.760287900075816
0.1,held_out_2,271,80000,11,B_power_scaled_anchor100,0.3333333333333333,0.000964599906626352,102,98,98,-0.6483151147446686,0.760287900075816
0.1,held_out_2,271,80000,11,B_power_scaled_anchor100,0.5,0.000964599906626352,102,98,98,-0.6483151147446686,0.760287900075816
0.1,held_out_2,271,80000,11,B_power_scaled_anchor100,0.6666666666666666,0.000964599906626352,102,98,98,-0.6483151147446686,0.760287900075816
0.1,held_out_2,271,80000,12,B_power_scaled_anchor25,0.3333333333333333,0.0001755033900111121,29,25,25,-0.6107694580808067,0.8440821262399694
0.1,held_out_2,271,80000,12,B_power_scaled_anchor25,0.5,0.0001755033900111121,29,25,25,-0.6107694580808067,0.8440821262399694
0.1,held_out_2,271,80000,12,B_power_scaled_anchor25,0.6666666666666666,0.0001755033900111121,29,25,25,-0.6107694580808067,0.8440821262399694
0.1,held_out_2,271,80000,12,B_power_scaled_anchor100,0.3333333333333333,0.0006462507916376377,99,99,99,-0.6469357589197429,0.8440821262399694
0.1,held_out_2,271,80000,12,B_power_scaled_anchor100,0.5,0.0006462507916376377,99,99,99,-0.6469357589197429,0.8440821262399694
0.1,held_out_2,271,80000,12,B_power_scaled_anchor100,0.6666666666666666,0.0006462507916376377,99,99,99,-0.6469357589197429,0.8440821262399694
0.1,held_out_2,271,80000,13,B_power_scaled_anchor25,0.3333333333333333,0.0009100095722984232,23,27,23,0.14377398692946494,0.3071677326761748
0.1,held_out_2,271,80000,13,B_power_scaled_anchor25,0.5,0.0009100095722984232,23,27,23,0.14377398692946494,0.3071677326761748
0.1,held_out_2,271,80000,13,B_power_scaled_anchor25,0.6666666666666666,0.0009100095722984232,23,27,23,0.14377398692946494,0.3071677326761748
0.1,held_out_2,271,80000,13,B_power_scaled_anchor100,0.3333333333333333,0.003737673763142853,97,110,97,0.14788720628674204,0.3071677326761748
0.1,held_out_2,271,80000,13,B_power_scaled_anchor100,0.5,0.003737673763142853,97,110,97,0.14788720628674204,0.3071677326761748
0.1,held_out_2,271,80000,13,B_power_scaled_anchor100,0.6666666666666666,0.003737673763142853,97,110,97,0.14788720628674204,0.3071677326761748
0.1,held_out_2,271,80000,14,B_power_scaled_anchor25,0.3333333333333333,0.00011337729675295551,23,28,23,0.9268693350942113,1.2972022936396106
0.1,held_out_2,271,80000,14,B_power_scaled_anchor25,0.5,0.00011337729675295551,23,28,23,0.9268693350942113,1.2972022936396106
0.1,held_out_2,271,80000,14,B_power_scaled_anchor25,0.6666666666666666,0.00011337729675295551,23,28,23,0.9268693350942113,1.2972022936396106
0.1,held_out_2,271,80000,14,B_power_scaled_anchor100,0.3333333333333333,0.0004556103262919857,101,103,101,0.9372937550594084,1.2972022936396106
0.1,held_out_2,271,80000,14,B_power_scaled_anchor100,0.5,0.0004556103262919857,101,103,101,0.9372937550594084,1.2972022936396106
0.1,held_out_2,271,80000,14,B_power_scaled_anchor100,0.6666666666666666,0.0004556103262919857,101,103,101,0.9372937550594084,1.2972022936396106
0.1,held_out_2,271,320000,1,A_fixed_raw,1.0e-5,1.0e-5,1,4,1,-0.3417236972232118,0.3819730496717949
0.1,held_out_2,271,320000,1,A_fixed_raw,0.0001,0.0001,18,15,15,-0.2925128864074422,0.3819730496717949
0.1,held_out_2,271,320000,1,A_fixed_raw,0.001,0.001,164,163,163,-0.289599969626457,0.3819730496717949
0.1,held_out_2,271,320000,1,C_fixed_crossing,10,5.759688678976135e-5,11,10,10,-0.3047892812325278,0.3819730496717949
0.1,held_out_2,271,320000,1,C_fixed_crossing,25,0.0001484377633625393,25,25,25,-0.2851850295789353,0.3819730496717949
0.1,held_out_2,271,320000,1,C_fixed_crossing,50,0.00030747519676914355,50,50,50,-0.27765910636378865,0.3819730496717949
0.1,held_out_2,271,320000,1,C_fixed_crossing,100,0.0006322853473064239,104,100,100,-0.27360365711720136,0.3819730496717949
0.1,held_out_2,271,320000,1,D_growing_crossing,10,0.00012738802596293545,20,20,20,-0.2670527196505876,0.3819730496717949
0.1,held_out_2,271,320000,1,D_growing_crossing,25,0.00030747519676914355,50,50,50,-0.27765910636378865,0.3819730496717949
0.1,held_out_2,271,320000,1,D_growing_crossing,50,0.0006322853473064239,104,100,100,-0.27360365711720136,0.3819730496717949
0.1,held_out_2,271,320000,2,A_fixed_raw,1.0e-5,1.0e-5,1,1,1,-0.002690513825620577,0.07251655396717029
0.1,held_out_2,271,320000,2,A_fixed_raw,0.0001,0.0001,18,13,13,-0.0658452360208922,0.07251655396717029
0.1,held_out_2,271,320000,2,A_fixed_raw,0.001,0.001,151,143,143,-0.05499757000509281,0.07251655396717029
0.1,held_out_2,271,320000,2,C_fixed_crossing,10,9.046565566972513e-5,18,10,10,-0.056448964838554085,0.07251655396717029
0.1,held_out_2,271,320000,2,C_fixed_crossing,25,0.0001755033900111121,27,25,25,-0.052679952565123964,0.07251655396717029
0.1,held_out_2,271,320000,2,C_fixed_crossing,50,0.000353102317940873,55,50,50,-0.05994657357875775,0.07251655396717029
0.1,held_out_2,271,320000,2,C_fixed_crossing,100,0.00070526603719036,107,100,100,-0.05107011706806495,0.07251655396717029
0.1,held_out_2,271,320000,2,D_growing_crossing,10,0.00013115330382301005,21,20,20,-0.06888879655367958,0.07251655396717029
0.1,held_out_2,271,320000,2,D_growing_crossing,25,0.000353102317940873,55,50,50,-0.05994657357875775,0.07251655396717029
0.1,held_out_2,271,320000,2,D_growing_crossing,50,0.00070526603719036,107,100,100,-0.05107011706806495,0.07251655396717029
0.1,held_out_2,271,320000,3,A_fixed_raw,1.0e-5,1.0e-5,1,2,1,0.042943395316130666,0.2982316007191014
0.1,held_out_2,271,320000,3,A_fixed_raw,0.0001,0.0001,12,13,12,-0.042705448869140294,0.2982316007191014
0.1,held_out_2,271,320000,3,A_fixed_raw,0.001,0.001,111,114,111,-0.05593829578622728,0.2982316007191014
0.1,held_out_2,271,320000,3,C_fixed_crossing,10,8.723091959580458e-5,10,12,10,-0.07151855241891993,0.2982316007191014
0.1,held_out_2,271,320000,3,C_fixed_crossing,25,0.00022317892746405847,25,27,25,-0.05614851433880966,0.2982316007191014
0.1,held_out_2,271,320000,3,C_fixed_crossing,50,0.00044902264621855695,50,50,50,-0.05621765410584334,0.2982316007191014
0.1,held_out_2,271,320000,3,C_fixed_crossing,100,0.0009100095722984232,100,102,100,-0.059532507988594274,0.2982316007191014
0.1,held_out_2,271,320000,3,D_growing_crossing,10,0.0001860316185353387,20,22,20,-0.052494813646328006,0.2982316007191014
0.1,held_out_2,271,320000,3,D_growing_crossing,25,0.00044902264621855695,50,50,50,-0.05621765410584334,0.2982316007191014
0.1,held_out_2,271,320000,3,D_growing_crossing,50,0.0009100095722984232,100,102,100,-0.059532507988594274,0.2982316007191014
0.1,held_out_2,271,320000,4,A_fixed_raw,1.0e-5,1.0e-5,7,10,7,1.1595188661908673,1.5901957092207055
0.1,held_out_2,271,320000,4,A_fixed_raw,0.0001,0.0001,82,82,82,1.1713624679048766,1.5901957092207055
0.1,held_out_2,271,320000,4,A_fixed_raw,0.001,0.001,828,837,828,1.199091115348834,1.5901957092207055
0.1,held_out_2,271,320000,4,C_fixed_crossing,10,1.1688994567039128e-5,10,11,10,1.1867700666669607,1.5901957092207055
0.1,held_out_2,271,320000,4,C_fixed_crossing,25,3.124178456097416e-5,25,27,25,1.090276053924067,1.5901957092207055
0.1,held_out_2,271,320000,4,C_fixed_crossing,50,5.973272037156529e-5,50,50,50,1.1785314547832553,1.5901957092207055
0.1,held_out_2,271,320000,4,C_fixed_crossing,100,0.0001228330748058663,102,101,101,1.1575698827073346,1.5901957092207055
0.1,held_out_2,271,320000,4,D_growing_crossing,10,2.681143377956735e-5,20,23,20,1.1275909717646613,1.5901957092207055
0.1,held_out_2,271,320000,4,D_growing_crossing,25,5.973272037156529e-5,50,50,50,1.1785314547832553,1.5901957092207055
0.1,held_out_2,271,320000,4,D_growing_crossing,50,0.0001228330748058663,102,101,101,1.1575698827073346,1.5901957092207055
0.1,held_out_2,271,320000,5,A_fixed_raw,1.0e-5,1.0e-5,7,6,6,-1.4180540093118585,0.751197942485476
0.1,held_out_2,271,320000,5,A_fixed_raw,0.0001,0.0001,54,55,54,-1.2734053889019992,0.751197942485476
0.1,held_out_2,271,320000,5,A_fixed_raw,0.001,0.001,546,548,546,-1.3346331707039942,0.751197942485476
0.1,held_out_2,271,320000,5,C_fixed_crossing,10,1.6823253918289557e-5,10,10,10,-1.3385669586504745,0.751197942485476
0.1,held_out_2,271,320000,5,C_fixed_crossing,25,4.496438692955098e-5,26,25,25,-1.3434379355892916,0.751197942485476
0.1,held_out_2,271,320000,5,C_fixed_crossing,50,9.179289117155112e-5,50,51,50,-1.2920157936418943,0.751197942485476
0.1,held_out_2,271,320000,5,C_fixed_crossing,100,0.00018201148541346297,100,101,100,-1.336205902649451,0.751197942485476
0.1,held_out_2,271,320000,5,D_growing_crossing,10,3.409476611431042e-5,20,20,20,-1.3757763826121345,0.751197942485476
0.1,held_out_2,271,320000,5,D_growing_crossing,25,9.179289117155112e-5,50,51,50,-1.2920157936418943,0.751197942485476
0.1,held_out_2,271,320000,5,D_growing_crossing,50,0.00018201148541346297,100,101,100,-1.336205902649451,0.751197942485476
0.1,held_out_2,271,320000,6,A_fixed_raw,1.0e-5,1.0e-5,7,8,7,-0.8631727377084174,1.1372293674543315
0.1,held_out_2,271,320000,6,A_fixed_raw,0.0001,0.0001,69,70,69,-0.8348349362254787,1.1372293674543315
0.1,held_out_2,271,320000,6,A_fixed_raw,0.001,0.001,685,681,681,-0.8603039064336917,1.1372293674543315
0.1,held_out_2,271,320000,6,C_fixed_crossing,10,1.3820325272123831e-5,10,13,10,-0.8353788001341769,1.1372293674543315
0.1,held_out_2,271,320000,6,C_fixed_crossing,25,3.8870089365846475e-5,27,25,25,-0.8085915474582189,1.1372293674543315
0.1,held_out_2,271,320000,6,C_fixed_crossing,50,7.877587844822958e-5,50,56,50,-0.8402768419112252,1.1372293674543315
0.1,held_out_2,271,320000,6,C_fixed_crossing,100,0.0001495226752145598,100,106,100,-0.8171092137553713,1.1372293674543315
0.1,held_out_2,271,320000,6,D_growing_crossing,10,3.124178456097416e-5,20,22,20,-0.8929250414439753,1.1372293674543315
0.1,held_out_2,271,320000,6,D_growing_crossing,25,7.877587844822958e-5,50,56,50,-0.8402768419112252,1.1372293674543315
0.1,held_out_2,271,320000,6,D_growing_crossing,50,0.0001495226752145598,100,106,100,-0.8171092137553713,1.1372293674543315
0.1,held_out_2,271,320000,7,A_fixed_raw,1.0e-5,1.0e-5,6,4,4,-0.9955098152242269,0.9924333042822502
0.1,held_out_2,271,320000,7,A_fixed_raw,0.0001,0.0001,48,47,47,-0.8626835062019306,0.9924333042822502
0.1,held_out_2,271,320000,7,A_fixed_raw,0.001,0.001,471,469,469,-0.8765262422388772,0.9924333042822502
0.1,held_out_2,271,320000,7,C_fixed_crossing,10,2.1865813872905368e-5,12,10,10,-0.9320257762782889,0.9924333042822502
0.1,held_out_2,271,320000,7,C_fixed_crossing,25,5.5537423161657564e-5,28,25,25,-0.8535050080945864,0.9924333042822502
0.1,held_out_2,271,320000,7,C_fixed_crossing,50,0.00010464943126534705,51,50,50,-0.8771579838976349,0.9924333042822502
0.1,held_out_2,271,320000,7,C_fixed_crossing,100,0.00021677168761633316,103,100,100,-0.8444823504286103,0.9924333042822502
0.1,held_out_2,271,320000,7,D_growing_crossing,10,4.6972601933862194e-5,24,20,20,-0.8091487775606254,0.9924333042822502
0.1,held_out_2,271,320000,7,D_growing_crossing,25,0.00010464943126534705,51,50,50,-0.8771579838976349,0.9924333042822502
0.1,held_out_2,271,320000,7,D_growing_crossing,50,0.00021677168761633316,103,100,100,-0.8444823504286103,0.9924333042822502
0.1,held_out_2,271,320000,8,A_fixed_raw,1.0e-5,1.0e-5,3,4,3,-0.33840411771401957,0.36414053330894147
0.1,held_out_2,271,320000,8,A_fixed_raw,0.0001,0.0001,34,37,34,-0.2775575741412878,0.36414053330894147
0.1,held_out_2,271,320000,8,A_fixed_raw,0.001,0.001,345,349,345,-0.27204351600163684,0.36414053330894147
0.1,held_out_2,271,320000,8,C_fixed_crossing,10,2.9047533725152756e-5,10,11,10,-0.2960389026936519,0.36414053330894147
0.1,held_out_2,271,320000,8,C_fixed_crossing,25,6.960302072735584e-5,25,26,25,-0.2885875796468397,0.36414053330894147
0.1,held_out_2,271,320000,8,C_fixed_crossing,50,0.0001452300313988595,50,53,50,-0.24132094240932594,0.36414053330894147
0.1,held_out_2,271,320000,8,C_fixed_crossing,100,0.0002900740196864309,100,103,100,-0.2705520395604898,0.36414053330894147
0.1,held_out_2,271,320000,8,D_growing_crossing,10,6.149827319991763e-5,20,24,20,-0.28246339593665554,0.36414053330894147
0.1,held_out_2,271,320000,8,D_growing_crossing,25,0.0001452300313988595,50,53,50,-0.24132094240932594,0.36414053330894147
0.1,held_out_2,271,320000,8,D_growing_crossing,50,0.0002900740196864309,100,103,100,-0.2705520395604898,0.36414053330894147
0.1,held_out_2,271,320000,9,A_fixed_raw,1.0e-5,1.0e-5,11,13,11,0.9831879330603198,1.4440302098093005
0.1,held_out_2,271,320000,9,A_fixed_raw,0.0001,0.0001,110,113,110,1.0240993621718486,1.4440302098093005
0.1,held_out_2,271,320000,9,A_fixed_raw,0.001,0.001,1116,1131,1116,1.0628473780842294,1.4440302098093005
0.1,held_out_2,271,320000,9,C_fixed_crossing,10,9.814617801482606e-6,11,13,11,1.0017587571385598,1.4440302098093005
0.1,held_out_2,271,320000,9,C_fixed_crossing,25,2.3177516657151166e-5,25,29,25,1.1125637962816723,1.4440302098093005
0.1,held_out_2,271,320000,9,C_fixed_crossing,50,4.5624066342792786e-5,50,55,50,1.0201367243539674,1.4440302098093005
0.1,held_out_2,271,320000,9,C_fixed_crossing,100,8.851069778883683e-5,100,101,100,1.0364294588737957,1.4440302098093005
0.1,held_out_2,271,320000,9,D_growing_crossing,10,1.7962794922493466e-5,20,24,20,1.0888143976098146,1.4440302098093005
0.1,held_out_2,271,320000,9,D_growing_crossing,25,4.5624066342792786e-5,50,55,50,1.0201367243539674,1.4440302098093005
0.1,held_out_2,271,320000,9,D_growing_crossing,50,8.851069778883683e-5,100,101,100,1.0364294588737957,1.4440302098093005
0.1,held_out_2,271,320000,10,A_fixed_raw,1.0e-5,1.0e-5,2,2,2,-0.11723203790572899,0.08745637221810908
0.1,held_out_2,271,320000,10,A_fixed_raw,0.0001,0.0001,11,17,11,-0.08457732314670618,0.08745637221810908
0.1,held_out_2,271,320000,10,A_fixed_raw,0.001,0.001,132,134,132,-0.06226004010306818,0.08745637221810908
0.1,held_out_2,271,320000,10,C_fixed_crossing,10,9.382034367716201e-5,10,16,10,-0.06516973052420834,0.08745637221810908
0.1,held_out_2,271,320000,10,C_fixed_crossing,25,0.0001806908401170518,26,25,25,-0.06221392443816553,0.08745637221810908
0.1,held_out_2,271,320000,10,C_fixed_crossing,50,0.00036353915711813314,53,50,50,-0.07129483599690269,0.08745637221810908
0.1,held_out_2,271,320000,10,C_fixed_crossing,100,0.000736764872927537,100,103,100,-0.06351019818087554,0.08745637221810908
0.1,held_out_2,271,320000,10,D_growing_crossing,10,0.0001573423588476005,21,20,20,-0.05398114160562756,0.08745637221810908
0.1,held_out_2,271,320000,10,D_growing_crossing,25,0.00036353915711813314,53,50,50,-0.07129483599690269,0.08745637221810908
0.1,held_out_2,271,320000,10,D_growing_crossing,50,0.000736764872927537,100,103,100,-0.06351019818087554,0.08745637221810908
0.1,held_out_2,271,320000,11,A_fixed_raw,1.0e-5,1.0e-5,5,4,4,-0.705552065492082,0.760287900075816
0.1,held_out_2,271,320000,11,A_fixed_raw,0.0001,0.0001,41,41,41,-0.5911084233597291,0.760287900075816
0.1,held_out_2,271,320000,11,A_fixed_raw,0.001,0.001,413,412,412,-0.6419050691526956,0.760287900075816
0.1,held_out_2,271,320000,11,C_fixed_crossing,10,2.351755755691362e-5,10,10,10,-0.6348788092698507,0.760287900075816
0.1,held_out_2,271,320000,11,C_fixed_crossing,25,6.060906826857519e-5,26,25,25,-0.5835670127962493,0.760287900075816
0.1,held_out_2,271,320000,11,C_fixed_crossing,50,0.00012373084539778453,50,52,50,-0.6206130803683954,0.760287900075816
0.1,held_out_2,271,320000,11,C_fixed_crossing,100,0.0002471327957312384,101,103,101,-0.6202552254382211,0.760287900075816
0.1,held_out_2,271,320000,11,D_growing_crossing,10,5.0520912507466355e-5,24,20,20,-0.6490463548930603,0.760287900075816
0.1,held_out_2,271,320000,11,D_growing_crossing,25,0.00012373084539778453,50,52,50,-0.6206130803683954,0.760287900075816
0.1,held_out_2,271,320000,11,D_growing_crossing,50,0.0002471327957312384,101,103,101,-0.6202552254382211,0.760287900075816
0.1,held_out_2,271,320000,12,A_fixed_raw,1.0e-5,1.0e-5,7,6,6,-0.868937483116533,0.8440821262399694
0.1,held_out_2,271,320000,12,A_fixed_raw,0.0001,0.0001,61,61,61,-0.5953491253460341,0.8440821262399694
0.1,held_out_2,271,320000,12,A_fixed_raw,0.001,0.001,619,617,617,-0.6449594856408821,0.8440821262399694
0.1,held_out_2,271,320000,12,C_fixed_crossing,10,1.6823253918289557e-5,13,10,10,-0.6089242461028205,0.8440821262399694
0.1,held_out_2,271,320000,12,C_fixed_crossing,25,4.001899394931907e-5,27,25,25,-0.6671620016451836,0.8440821262399694
0.1,held_out_2,271,320000,12,C_fixed_crossing,50,8.350154471853436e-5,54,51,51,-0.6279757352305406,0.8440821262399694
0.1,held_out_2,271,320000,12,C_fixed_crossing,100,0.0001631769987491219,101,100,100,-0.6289983558704095,0.8440821262399694
0.1,held_out_2,271,320000,12,D_growing_crossing,10,3.36017891153749e-5,23,20,20,-0.6773745728176775,0.8440821262399694
0.1,held_out_2,271,320000,12,D_growing_crossing,25,8.350154471853436e-5,54,51,51,-0.6279757352305406,0.8440821262399694
0.1,held_out_2,271,320000,12,D_growing_crossing,50,0.0001631769987491219,101,100,100,-0.6289983558704095,0.8440821262399694
0.1,held_out_2,271,320000,13,A_fixed_raw,1.0e-5,1.0e-5,1,2,1,0.21283538847172154,0.3071677326761748
0.1,held_out_2,271,320000,13,A_fixed_raw,0.0001,0.0001,12,14,12,0.16277656738845903,0.3071677326761748
0.1,held_out_2,271,320000,13,A_fixed_raw,0.001,0.001,110,113,110,0.14632680587323837,0.3071677326761748
0.1,held_out_2,271,320000,13,C_fixed_crossing,10,8.28956712923322e-5,10,11,10,0.14446171196996002,0.3071677326761748
0.1,held_out_2,271,320000,13,C_fixed_crossing,25,0.00021677168761633316,25,25,25,0.14774834805578935,0.3071677326761748
0.1,held_out_2,271,320000,13,C_fixed_crossing,50,0.0004759589523015483,54,51,51,0.14221996551423438,0.3071677326761748
0.1,held_out_2,271,320000,13,C_fixed_crossing,100,0.0009034066930426719,101,100,100,0.14327737139501584,0.3071677326761748
0.1,held_out_2,271,320000,13,D_growing_crossing,10,0.0001806908401170518,20,20,20,0.14141501306462012,0.3071677326761748
0.1,held_out_2,271,320000,13,D_growing_crossing,25,0.0004759589523015483,54,51,51,0.14221996551423438,0.3071677326761748
0.1,held_out_2,271,320000,13,D_growing_crossing,50,0.0009034066930426719,101,100,100,0.14327737139501584,0.3071677326761748
0.1,held_out_2,271,320000,14,A_fixed_raw,1.0e-5,1.0e-5,6,9,6,0.8779131796296523,1.2972022936396106
0.1,held_out_2,271,320000,14,A_fixed_raw,0.0001,0.0001,88,89,88,0.9484822756671007,1.2972022936396106
0.1,held_out_2,271,320000,14,A_fixed_raw,0.001,0.001,898,911,898,0.983521079404831,1.2972022936396106
0.1,held_out_2,271,320000,14,C_fixed_crossing,10,1.3820325272123831e-5,10,13,10,1.0034343212391574,1.2972022936396106
0.1,held_out_2,271,320000,14,C_fixed_crossing,25,2.456790684833269e-5,25,26,25,1.0822841897356053,1.2972022936396106
0.1,held_out_2,271,320000,14,C_fixed_crossing,50,5.394300027073001e-5,50,53,50,0.9411261212267757,1.2972022936396106
0.1,held_out_2,271,320000,14,C_fixed_crossing,100,0.00011173797183976203,101,101,101,0.9487977511019435,1.2972022936396106
0.1,held_out_2,271,320000,14,D_growing_crossing,10,2.0779115109029044e-5,20,24,20,1.0911005944859502,1.2972022936396106
0.1,held_out_2,271,320000,14,D_growing_crossing,25,5.394300027073001e-5,50,53,50,0.9411261212267757,1.2972022936396106
0.1,held_out_2,271,320000,14,D_growing_crossing,50,0.00011173797183976203,101,101,101,0.9487977511019435,1.2972022936396106
0.1,held_out_2,271,320000,1,B_power_scaled_anchor25,0.3333333333333333,0.0003703393714259428,60,60,60,-0.2866700181068922,0.3819730496717949
0.1,held_out_2,271,320000,1,B_power_scaled_anchor25,0.5,0.0002939385538933917,48,48,48,-0.2778634463480098,0.3819730496717949
0.1,held_out_2,271,320000,1,B_power_scaled_anchor25,0.6666666666666666,0.00023329918483219067,37,39,37,-0.28538363218937557,0.3819730496717949
0.1,held_out_2,271,320000,1,B_power_scaled_anchor100,0.3333333333333333,0.0015434075848298377,254,251,251,-0.29216972512299055,0.3819730496717949
0.1,held_out_2,271,320000,1,B_power_scaled_anchor100,0.5,0.001225003411887291,201,201,201,-0.291077958758451,0.3819730496717949
0.1,held_out_2,271,320000,1,B_power_scaled_anchor100,0.6666666666666666,0.0009722858523472598,160,160,160,-0.29130169449847654,0.3819730496717949
0.1,held_out_2,271,320000,2,B_power_scaled_anchor25,0.3333333333333333,0.00047438420284104653,70,68,68,-0.06156495301312906,0.07251655396717029
0.1,held_out_2,271,320000,2,B_power_scaled_anchor25,0.5,0.0003765189913134865,59,50,50,-0.06279277131948603,0.07251655396717029
0.1,held_out_2,271,320000,2,B_power_scaled_anchor25,0.6666666666666666,0.0002988433214485169,45,44,44,-0.06132734613384921,0.07251655396717029
0.1,held_out_2,271,320000,2,B_power_scaled_anchor100,0.3333333333333333,0.0017341359436016859,252,251,251,-0.05513004532722307,0.07251655396717029
0.1,held_out_2,271,320000,2,B_power_scaled_anchor100,0.5,0.001376384610564591,200,203,200,-0.05667854915336015,0.07251655396717029
0.1,held_out_2,271,320000,2,B_power_scaled_anchor100,0.6666666666666666,0.0010924371893615364,158,160,158,-0.0558310562078514,0.07251655396717029
0.1,held_out_2,271,320000,3,B_power_scaled_anchor25,0.3333333333333333,0.0005816806415015719,64,64,64,-0.06060747852440546,0.2982316007191014
0.1,held_out_2,271,320000,3,B_power_scaled_anchor25,0.5,0.0004616802311145662,51,52,51,-0.04794988732540569,0.2982316007191014
0.1,held_out_2,271,320000,3,B_power_scaled_anchor25,0.6666666666666666,0.00036643584227209194,41,42,41,-0.056400918818327005,0.2982316007191014
0.1,held_out_2,271,320000,3,B_power_scaled_anchor100,0.3333333333333333,0.0023037044309696417,256,258,256,-0.04221940602795822,0.2982316007191014
0.1,held_out_2,271,320000,3,B_power_scaled_anchor100,0.5,0.0018284514185725057,204,207,204,-0.04942277192631191,0.2982316007191014
0.1,held_out_2,271,320000,3,B_power_scaled_anchor100,0.6666666666666666,0.001451242852657371,162,163,162,-0.0506167113299165,0.2982316007191014
0.1,held_out_2,271,320000,4,B_power_scaled_anchor25,0.3333333333333333,7.794554831897846e-5,65,63,63,1.166567414697467,1.5901957092207055
0.1,held_out_2,271,320000,4,B_power_scaled_anchor25,0.5,6.186542269889226e-5,53,51,51,1.199814330479579,1.5901957092207055
0.1,held_out_2,271,320000,4,B_power_scaled_anchor25,0.6666666666666666,4.9102618536339455e-5,40,39,39,1.1568813305938221,1.5901957092207055
0.1,held_out_2,271,320000,4,B_power_scaled_anchor100,0.3333333333333333,0.0003042342818481805,252,255,252,1.198025145289117,1.5901957092207055
0.1,held_out_2,271,320000,4,B_power_scaled_anchor100,0.5,0.0002414709095252957,203,201,201,1.1958496163539276,1.5901957092207055
0.1,held_out_2,271,320000,4,B_power_scaled_anchor100,0.6666666666666666,0.0001916555879000862,160,160,160,1.1980229747500861,1.5901957092207055
0.1,held_out_2,271,320000,5,B_power_scaled_anchor25,0.3333333333333333,0.00010817100764803682,58,61,58,-1.2936682476887609,0.751197942485476
0.1,held_out_2,271,320000,5,B_power_scaled_anchor25,0.5,8.58553856664769e-5,46,49,46,-1.3077200885985198,0.751197942485476
0.1,held_out_2,271,320000,5,B_power_scaled_anchor25,0.6666666666666666,6.814346476205046e-5,36,38,36,-1.2567193743848055,0.751197942485476
0.1,held_out_2,271,320000,5,B_power_scaled_anchor100,0.3333333333333333,0.00047094214936430783,257,258,257,-1.3323783190952798,0.751197942485476
0.1,held_out_2,271,320000,5,B_power_scaled_anchor100,0.5,0.0003737870316585336,205,206,205,-1.326328243731458,0.751197942485476
0.1,held_out_2,271,320000,5,B_power_scaled_anchor100,0.6666666666666666,0.0002966749636334135,162,161,161,-1.305694531355797,0.751197942485476
0.1,held_out_2,271,320000,6,B_power_scaled_anchor25,0.3333333333333333,9.148918681815822e-5,63,65,63,-0.8623626496046523,1.1372293674543315
0.1,held_out_2,271,320000,6,B_power_scaled_anchor25,0.5,7.261501569942975e-5,46,54,46,-0.8141005150314874,1.1372293674543315
0.1,held_out_2,271,320000,6,B_power_scaled_anchor25,0.6666666666666666,5.7634576154981056e-5,40,42,40,-0.8329235492939365,1.1372293674543315
0.1,held_out_2,271,320000,6,B_power_scaled_anchor100,0.3333333333333333,0.0003676522500729221,251,254,251,-0.8628908706607321,1.1372293674543315
0.1,held_out_2,271,320000,6,B_power_scaled_anchor100,0.5,0.00029180578426211604,198,204,198,-0.8473271151564299,1.1372293674543315
0.1,held_out_2,271,320000,6,B_power_scaled_anchor100,0.6666666666666666,0.00023160640445404426,158,159,158,-0.8352253825185044,1.1372293674543315
0.1,held_out_2,271,320000,7,B_power_scaled_anchor25,0.3333333333333333,0.0001269665521694718,59,60,59,-0.8514115766287912,0.9924333042822502
0.1,held_out_2,271,320000,7,B_power_scaled_anchor25,0.5,0.0001007734192392974,48,49,48,-0.8837889003263947,0.9924333042822502
0.1,held_out_2,271,320000,7,B_power_scaled_anchor25,0.6666666666666666,7.998391585544655e-5,39,37,37,-0.8407115202248793,0.9924333042822502
0.1,held_out_2,271,320000,7,B_power_scaled_anchor100,0.3333333333333333,0.0005408265977351247,256,253,253,-0.8806861112634324,0.9924333042822502
0.1,held_out_2,271,320000,7,B_power_scaled_anchor100,0.5,0.0004292543550885596,203,202,202,-0.8800511516011983,0.9924333042822502
0.1,held_out_2,271,320000,7,B_power_scaled_anchor100,0.6666666666666666,0.0003406994074147553,162,159,159,-0.8722542879032833,0.9924333042822502
0.1,held_out_2,271,320000,8,B_power_scaled_anchor25,0.3333333333333333,0.0001895114496602646,67,68,67,-0.26572934821072547,0.36414053330894147
0.1,held_out_2,271,320000,8,B_power_scaled_anchor25,0.5,0.00015041533727536125,53,53,53,-0.2480378255079007,0.36414053330894147
0.1,held_out_2,271,320000,8,B_power_scaled_anchor25,0.6666666666666666,0.00011938473231153,43,41,41,-0.2509361435806867,0.36414053330894147
0.1,held_out_2,271,320000,8,B_power_scaled_anchor100,0.3333333333333333,0.0007289990684171164,252,255,252,-0.26878202765166614,0.36414053330894147
0.1,held_out_2,271,320000,8,B_power_scaled_anchor100,0.5,0.000578606944044584,198,201,198,-0.26243696660188115,0.36414053330894147
0.1,held_out_2,271,320000,8,B_power_scaled_anchor100,0.6666666666666666,0.0004592406358262389,154,161,154,-0.25873175906488827,0.36414053330894147
0.1,held_out_2,271,320000,9,B_power_scaled_anchor25,0.3333333333333333,5.575824564251957e-5,61,64,61,1.0063268067929385,1.4440302098093005
0.1,held_out_2,271,320000,9,B_power_scaled_anchor25,0.5,4.425534889441842e-5,48,52,48,1.0261006065893898,1.4440302098093005
0.1,held_out_2,271,320000,9,B_power_scaled_anchor25,0.6666666666666666,3.512549369510975e-5,35,42,35,0.9355367241350699,1.4440302098093005
0.1,held_out_2,271,320000,9,B_power_scaled_anchor100,0.3333333333333333,0.00022901531825708779,256,258,256,1.0425385296662932,1.4440302098093005
0.1,held_out_2,271,320000,9,B_power_scaled_anchor100,0.5,0.00018176957855906657,201,206,201,1.0331672886360255,1.4440302098093005
0.1,held_out_2,271,320000,9,B_power_scaled_anchor100,0.6666666666666666,0.0001442706101102393,161,162,161,1.0252852377433672,1.4440302098093005
0.1,held_out_2,271,320000,10,B_power_scaled_anchor25,0.3333333333333333,0.0004955713142197965,67,63,63,-0.05923184362245662,0.08745637221810908
0.1,held_out_2,271,320000,10,B_power_scaled_anchor25,0.5,0.00039333521275888405,55,55,55,-0.06926858353342409,0.08745637221810908
0.1,held_out_2,271,320000,10,B_power_scaled_anchor25,0.6666666666666666,0.0003121903652547941,43,41,41,-0.07090780745693452,0.08745637221810908
0.1,held_out_2,271,320000,10,B_power_scaled_anchor100,0.3333333333333333,0.001851599486873157,244,249,244,-0.06203457269268053,0.08745637221810908
0.1,held_out_2,271,320000,10,B_power_scaled_anchor100,0.5,0.001469615486643114,194,202,194,-0.0627268023883193,0.08745637221810908
0.1,held_out_2,271,320000,10,B_power_scaled_anchor100,0.6666666666666666,0.0011664345847430184,155,158,155,-0.06485536714391152,0.08745637221810908
0.1,held_out_2,271,320000,11,B_power_scaled_anchor25,0.3333333333333333,0.00015011719268055552,62,61,61,-0.6191270335392793,0.760287900075816
0.1,held_out_2,271,320000,11,B_power_scaled_anchor25,0.5,0.00011914809478981337,48,50,48,-0.6205740909019553,0.760287900075816
0.1,held_out_2,271,320000,11,B_power_scaled_anchor25,0.6666666666666666,9.456790550467826e-5,40,39,39,-0.6070713096627771,0.760287900075816
0.1,held_out_2,271,320000,11,B_power_scaled_anchor100,0.3333333333333333,0.0006076598635425851,250,251,250,-0.6378164770088598,0.760287900075816
0.1,held_out_2,271,320000,11,B_power_scaled_anchor100,0.5,0.000482299953313176,198,201,198,-0.6422002871710125,0.760287900075816
0.1,held_out_2,271,320000,11,B_power_scaled_anchor100,0.6666666666666666,0.0003828017266267746,158,159,158,-0.6336513965527254,0.760287900075816
0.1,held_out_2,271,320000,12,B_power_scaled_anchor25,0.3333333333333333,0.00011056020770145487,68,68,68,-0.6264415003132707,0.8440821262399694
0.1,held_out_2,271,320000,12,B_power_scaled_anchor25,0.5,8.775169500555604e-5,55,54,54,-0.623399639219318,0.8440821262399694
0.1,held_out_2,271,320000,12,B_power_scaled_anchor25,0.6666666666666666,6.964856648190614e-5,45,43,43,-0.608492602134335,0.8440821262399694
0.1,held_out_2,271,320000,12,B_power_scaled_anchor100,0.3333333333333333,0.0004071124879477427,250,251,250,-0.6403108995231956,0.8440821262399694
0.1,held_out_2,271,320000,12,B_power_scaled_anchor100,0.5,0.00032312539581881886,200,200,200,-0.6303031567018432,0.8440821262399694
0.1,held_out_2,271,320000,12,B_power_scaled_anchor100,0.6666666666666666,0.000256464796620217,158,156,156,-0.6152252986983862,0.8440821262399694
0.1,held_out_2,271,320000,13,B_power_scaled_anchor25,0.3333333333333333,0.000573270107872307,65,61,61,0.13967156815218035,0.3071677326761748
0.1,held_out_2,271,320000,13,B_power_scaled_anchor25,0.5,0.0004550047861492116,51,49,49,0.1465722769077015,0.3071677326761748
0.1,held_out_2,271,320000,13,B_power_scaled_anchor25,0.6666666666666666,0.0003611375380919121,40,38,38,0.14754180816605744,0.3071677326761748
0.1,held_out_2,271,320000,13,B_power_scaled_anchor100,0.3333333333333333,0.0023545869259117324,259,260,259,0.15025171382620064,0.3071677326761748
0.1,held_out_2,271,320000,13,B_power_scaled_anchor100,0.5,0.0018688368815714266,205,209,205,0.15278378663261916,0.3071677326761748
0.1,held_out_2,271,320000,13,B_power_scaled_anchor100,0.6666666666666666,0.0014832968158817262,164,166,164,0.1483627484478787,0.3071677326761748
0.1,held_out_2,271,320000,14,B_power_scaled_anchor25,0.3333333333333333,7.142322137961315e-5,64,62,62,0.9656518643374282,1.2972022936396106
0.1,held_out_2,271,320000,14,B_power_scaled_anchor25,0.5,5.6688648376477755e-5,54,54,54,0.921077808522639,1.2972022936396106
0.1,held_out_2,271,320000,14,B_power_scaled_anchor25,0.6666666666666666,4.499381003373808e-5,37,42,37,0.9377666777390068,1.2972022936396106
0.1,held_out_2,271,320000,14,B_power_scaled_anchor100,0.3333333333333333,0.0002870165203223722,259,262,259,0.9835548118690067,1.2972022936396106
0.1,held_out_2,271,320000,14,B_power_scaled_anchor100,0.5,0.00022780516314599284,203,208,203,0.9764471268803833,1.2972022936396106
0.1,held_out_2,271,320000,14,B_power_scaled_anchor100,0.6666666666666666,0.0001808090778108682,162,169,162,0.9400989683996298,1.2972022936396106
0.1,held_out_2,271,1280000,1,A_fixed_raw,1.0e-5,1.0e-5,6,8,6,-0.18995547579198077,0.3819730496717949
0.1,held_out_2,271,1280000,1,A_fixed_raw,0.0001,0.0001,65,63,63,-0.28413923277473274,0.3819730496717949
0.1,held_out_2,271,1280000,1,A_fixed_raw,0.001,0.001,656,652,652,-0.2888516586352641,0.3819730496717949
0.1,held_out_2,271,1280000,1,C_fixed_crossing,10,1.352166879738587e-5,10,10,10,-0.18957924795982675,0.3819730496717949
0.1,held_out_2,271,1280000,1,C_fixed_crossing,25,3.9440358405335285e-5,26,26,26,-0.256927847346888,0.3819730496717949
0.1,held_out_2,271,1280000,1,C_fixed_crossing,50,7.820429367649398e-5,52,50,50,-0.28870020482730113,0.3819730496717949
0.1,held_out_2,271,1280000,1,C_fixed_crossing,100,0.00015506734210133313,104,100,100,-0.28202889543365595,0.3819730496717949
0.1,held_out_2,271,1280000,1,D_growing_crossing,10,6.194775589193603e-5,42,40,40,-0.27765402426586705,0.3819730496717949
0.1,held_out_2,271,1280000,1,D_growing_crossing,25,0.00015506734210133313,104,100,100,-0.28202889543365595,0.3819730496717949
0.1,held_out_2,271,1280000,1,D_growing_crossing,50,0.00030747519676914355,205,200,200,-0.29206709385527,0.3819730496717949
0.1,held_out_2,271,1280000,2,A_fixed_raw,1.0e-5,1.0e-5,6,6,6,-0.0308838170239023,0.07251655396717029
0.1,held_out_2,271,1280000,2,A_fixed_raw,0.0001,0.0001,55,59,55,-0.03579331690213572,0.07251655396717029
0.1,held_out_2,271,1280000,2,A_fixed_raw,0.001,0.001,583,582,582,-0.05441207863825237,0.07251655396717029
0.1,held_out_2,271,1280000,2,C_fixed_crossing,10,1.4649389273308371e-5,10,10,10,-0.0415513334984437,0.07251655396717029
0.1,held_out_2,271,1280000,2,C_fixed_crossing,25,3.972862273452339e-5,25,25,25,-0.026341430268159306,0.07251655396717029
0.1,held_out_2,271,1280000,2,C_fixed_crossing,50,8.596964574478157e-5,50,50,50,-0.03730774383673332,0.07251655396717029
0.1,held_out_2,271,1280000,2,C_fixed_crossing,100,0.00017046486631773532,100,101,100,-0.04586966672639578,0.07251655396717029
0.1,held_out_2,271,1280000,2,D_growing_crossing,10,7.011173994012857e-5,40,41,40,-0.03700016189643076,0.07251655396717029
0.1,held_out_2,271,1280000,2,D_growing_crossing,25,0.00017046486631773532,100,101,100,-0.04586966672639578,0.07251655396717029
0.1,held_out_2,271,1280000,2,D_growing_crossing,50,0.0003404766115645409,200,201,200,-0.052969308373631674,0.07251655396717029
0.1,held_out_2,271,1280000,3,A_fixed_raw,1.0e-5,1.0e-5,3,6,3,-0.14996211739337628,0.2982316007191014
0.1,held_out_2,271,1280000,3,A_fixed_raw,0.0001,0.0001,44,45,44,-0.05950265299717317,0.2982316007191014
0.1,held_out_2,271,1280000,3,A_fixed_raw,0.001,0.001,443,448,443,-0.04920018643247981,0.2982316007191014
0.1,held_out_2,271,1280000,3,C_fixed_crossing,10,2.456790684833269e-5,10,11,10,-0.13078621998853446,0.2982316007191014
0.1,held_out_2,271,1280000,3,C_fixed_crossing,25,5.759688678976135e-5,25,27,25,-0.092554078221807,0.2982316007191014
0.1,held_out_2,271,1280000,3,C_fixed_crossing,50,0.00011337729675295551,50,52,50,-0.06443196574874234,0.2982316007191014
0.1,held_out_2,271,1280000,3,C_fixed_crossing,100,0.00023314662193038406,100,107,100,-0.04553212065050847,0.2982316007191014
0.1,held_out_2,271,1280000,3,D_growing_crossing,10,9.382034367716201e-5,40,44,40,-0.0804297711352288,0.2982316007191014
0.1,held_out_2,271,1280000,3,D_growing_crossing,25,0.00023314662193038406,100,107,100,-0.04553212065050847,0.2982316007191014
0.1,held_out_2,271,1280000,3,D_growing_crossing,50,0.0004556103262919857,200,207,200,-0.04469092785539058,0.2982316007191014
0.1,held_out_2,271,1280000,4,A_fixed_raw,1.0e-5,1.0e-5,33,33,33,1.1070184177355835,1.5901957092207055
0.1,held_out_2,271,1280000,4,A_fixed_raw,0.0001,0.0001,329,334,329,1.2042998715357938,1.5901957092207055
0.1,held_out_2,271,1280000,4,A_fixed_raw,0.001,0.001,3311,3344,3311,1.2133370386925093,1.5901957092207055
0.1,held_out_2,271,1280000,4,C_fixed_crossing,10,3.753208456685339e-6,10,13,10,0.8439776311712966,1.5901957092207055
0.1,held_out_2,271,1280000,4,C_fixed_crossing,25,8.062721462618055e-6,25,27,25,1.0303854268795363,1.5901957092207055
0.1,held_out_2,271,1280000,4,C_fixed_crossing,50,1.5303665364934992e-5,50,54,50,1.1470394910099655,1.5901957092207055
0.1,held_out_2,271,1280000,4,C_fixed_crossing,100,3.07900588872264e-5,100,103,100,1.176149740659686,1.5901957092207055
0.1,held_out_2,271,1280000,4,D_growing_crossing,10,1.1860485598140086e-5,41,40,40,1.1882998604881005,1.5901957092207055
0.1,held_out_2,271,1280000,4,D_growing_crossing,25,3.07900588872264e-5,100,103,100,1.176149740659686,1.5901957092207055
0.1,held_out_2,271,1280000,4,D_growing_crossing,50,6.060906826857519e-5,200,206,200,1.1998020068641564,1.5901957092207055
0.1,held_out_2,271,1280000,5,A_fixed_raw,1.0e-5,1.0e-5,22,22,22,-1.2121029800631067,0.751197942485476
0.1,held_out_2,271,1280000,5,A_fixed_raw,0.0001,0.0001,222,218,218,-1.3175475914604244,0.751197942485476
0.1,held_out_2,271,1280000,5,A_fixed_raw,0.001,0.001,2187,2187,2187,-1.3373682161949423,0.751197942485476
0.1,held_out_2,271,1280000,5,C_fixed_crossing,10,4.437555461933652e-6,10,10,10,-1.1181865763050431,0.751197942485476
0.1,held_out_2,271,1280000,5,C_fixed_crossing,25,1.1027470429426717e-5,25,25,25,-1.304249442902645,0.751197942485476
0.1,held_out_2,271,1280000,5,C_fixed_crossing,50,2.4036995722397514e-5,50,54,50,-1.2883264326624662,0.751197942485476
0.1,held_out_2,271,1280000,5,C_fixed_crossing,100,4.6631776487252434e-5,102,100,100,-1.2997336237653274,0.751197942485476
0.1,held_out_2,271,1280000,5,D_growing_crossing,10,1.8226329840321195e-5,40,40,40,-1.2717698755460436,0.751197942485476
0.1,held_out_2,271,1280000,5,D_growing_crossing,25,4.6631776487252434e-5,102,100,100,-1.2997336237653274,0.751197942485476
0.1,held_out_2,271,1280000,5,D_growing_crossing,50,9.246379319343093e-5,205,201,201,-1.3140889367026416,0.751197942485476
0.1,held_out_2,271,1280000,6,A_fixed_raw,1.0e-5,1.0e-5,26,26,26,-0.7702064106190897,1.1372293674543315
0.1,held_out_2,271,1280000,6,A_fixed_raw,0.0001,0.0001,278,268,268,-0.8712248730954192,1.1372293674543315
0.1,held_out_2,271,1280000,6,A_fixed_raw,0.001,0.001,2739,2731,2731,-0.8649314691516127,1.1372293674543315
0.1,held_out_2,271,1280000,6,C_fixed_crossing,10,3.3648277209018196e-6,10,10,10,-0.5634009639571795,1.1372293674543315
0.1,held_out_2,271,1280000,6,C_fixed_crossing,25,9.743404554658334e-6,25,25,25,-0.754373592543847,1.1372293674543315
0.1,held_out_2,271,1280000,6,C_fixed_crossing,50,1.8902206775963373e-5,50,51,50,-0.7951346703485385,1.1372293674543315
0.1,held_out_2,271,1280000,6,C_fixed_crossing,100,3.640421137411001e-5,103,100,100,-0.8372317255315188,1.1372293674543315
0.1,held_out_2,271,1280000,6,D_growing_crossing,10,1.5641681242778746e-5,40,42,40,-0.7674540081389873,1.1372293674543315
0.1,held_out_2,271,1280000,6,D_growing_crossing,25,3.640421137411001e-5,103,100,100,-0.8372317255315188,1.1372293674543315
0.1,held_out_2,271,1280000,6,D_growing_crossing,50,7.2711654917989e-5,201,201,201,-0.8528009019477393,1.1372293674543315
0.1,held_out_2,271,1280000,7,A_fixed_raw,1.0e-5,1.0e-5,19,17,17,-0.7685737827570204,0.9924333042822502
0.1,held_out_2,271,1280000,7,A_fixed_raw,0.0001,0.0001,192,186,186,-0.8710165056295682,0.9924333042822502
0.1,held_out_2,271,1280000,7,A_fixed_raw,0.001,0.001,1885,1879,1879,-0.8666875120503098,0.9924333042822502
0.1,held_out_2,271,1280000,7,C_fixed_crossing,10,6.025254313093876e-6,12,10,10,-0.6615464846424389,0.9924333042822502
0.1,held_out_2,271,1280000,7,C_fixed_crossing,25,1.4228820217961974e-5,27,26,26,-0.7709989088394952,0.9924333042822502
0.1,held_out_2,271,1280000,7,C_fixed_crossing,50,2.7007394979858896e-5,52,50,50,-0.8385981450376098,0.9924333042822502
0.1,held_out_2,271,1280000,7,C_fixed_crossing,100,5.5537423161657564e-5,106,101,101,-0.8490175077775559,0.9924333042822502
0.1,held_out_2,271,1280000,7,D_growing_crossing,10,2.1865813872905368e-5,42,40,40,-0.8406938385834445,0.9924333042822502
0.1,held_out_2,271,1280000,7,D_growing_crossing,25,5.5537423161657564e-5,106,101,101,-0.8490175077775559,0.9924333042822502
0.1,held_out_2,271,1280000,7,D_growing_crossing,50,0.00010774261199119845,206,201,201,-0.8701153269478685,0.9924333042822502
0.1,held_out_2,271,1280000,8,A_fixed_raw,1.0e-5,1.0e-5,13,13,13,-0.1896495340741877,0.36414053330894147
0.1,held_out_2,271,1280000,8,A_fixed_raw,0.0001,0.0001,137,139,137,-0.26892945661820267,0.36414053330894147
0.1,held_out_2,271,1280000,8,A_fixed_raw,0.001,0.001,1386,1390,1386,-0.27550109981634013,0.36414053330894147
0.1,held_out_2,271,1280000,8,C_fixed_crossing,10,7.442047391131607e-6,11,10,10,-0.1376821648492946,0.36414053330894147
0.1,held_out_2,271,1280000,8,C_fixed_crossing,25,1.989074765608239e-5,25,29,25,-0.177443434812908,0.36414053330894147
0.1,held_out_2,271,1280000,8,C_fixed_crossing,50,3.6140068425045215e-5,50,50,50,-0.22964897750252836,0.36414053330894147
0.1,held_out_2,271,1280000,8,C_fixed_crossing,100,7.218407115126363e-5,101,100,100,-0.2652268099986771,0.36414053330894147
0.1,held_out_2,271,1280000,8,D_growing_crossing,10,2.8419818106933232e-5,40,40,40,-0.22845196002950086,0.36414053330894147
0.1,held_out_2,271,1280000,8,D_growing_crossing,25,7.218407115126363e-5,101,100,100,-0.2652268099986771,0.36414053330894147
0.1,held_out_2,271,1280000,8,D_growing_crossing,50,0.00014417626626184708,201,200,200,-0.26894527432924603,0.36414053330894147
0.1,held_out_2,271,1280000,9,A_fixed_raw,1.0e-5,1.0e-5,43,46,43,0.8650196075120352,1.4440302098093005
0.1,held_out_2,271,1280000,9,A_fixed_raw,0.0001,0.0001,446,450,446,1.0588308774721333,1.4440302098093005
0.1,held_out_2,271,1280000,9,A_fixed_raw,0.001,0.001,4471,4513,4471,1.062238480743896,1.4440302098093005
0.1,held_out_2,271,1280000,9,C_fixed_crossing,10,2.496283475658606e-6,10,11,10,0.733652195433461,1.4440302098093005
0.1,held_out_2,271,1280000,9,C_fixed_crossing,25,5.684262524578183e-6,25,25,25,0.7994488419172322,1.4440302098093005
0.1,held_out_2,271,1280000,9,C_fixed_crossing,50,1.1860485598140086e-5,51,54,51,0.9792685357176942,1.4440302098093005
0.1,held_out_2,271,1280000,9,C_fixed_crossing,100,2.2348769563243e-5,100,102,100,1.0554146061772758,1.4440302098093005
0.1,held_out_2,271,1280000,9,D_growing_crossing,10,9.60252444653071e-6,40,44,40,0.8659736967002094,1.4440302098093005
0.1,held_out_2,271,1280000,9,D_growing_crossing,25,2.2348769563243e-5,100,102,100,1.0554146061772758,1.4440302098093005
0.1,held_out_2,271,1280000,9,D_growing_crossing,50,4.4638132759548304e-5,200,205,200,1.0603941766796534,1.4440302098093005
0.1,held_out_2,271,1280000,10,A_fixed_raw,1.0e-5,1.0e-5,7,6,6,-0.06005200678324551,0.08745637221810908
0.1,held_out_2,271,1280000,10,A_fixed_raw,0.0001,0.0001,55,56,55,-0.05318716148332292,0.08745637221810908
0.1,held_out_2,271,1280000,10,A_fixed_raw,0.001,0.001,545,544,544,-0.06609104049434128,0.08745637221810908
0.1,held_out_2,271,1280000,10,C_fixed_crossing,10,2.386258724884142e-5,14,10,10,-0.040453258376658245,0.08745637221810908
0.1,held_out_2,271,1280000,10,C_fixed_crossing,25,4.6631776487252434e-5,25,25,25,-0.04711757487071107,0.08745637221810908
0.1,held_out_2,271,1280000,10,C_fixed_crossing,50,9.112685710400692e-5,50,53,50,-0.051916923600286706,0.08745637221810908
0.1,held_out_2,271,1280000,10,C_fixed_crossing,100,0.00018468180381653483,100,101,100,-0.059943650086976746,0.08745637221810908
0.1,held_out_2,271,1280000,10,D_growing_crossing,10,7.651430315898393e-5,40,41,40,-0.04618798838888724,0.08745637221810908
0.1,held_out_2,271,1280000,10,D_growing_crossing,25,0.00018468180381653483,100,101,100,-0.059943650086976746,0.08745637221810908
0.1,held_out_2,271,1280000,10,D_growing_crossing,50,0.0003770200791496974,205,201,201,-0.06630389623799159,0.08745637221810908
0.1,held_out_2,271,1280000,11,A_fixed_raw,1.0e-5,1.0e-5,17,16,16,-0.5365932090578562,0.760287900075816
0.1,held_out_2,271,1280000,11,A_fixed_raw,0.0001,0.0001,167,163,163,-0.631832836827731,0.760287900075816
0.1,held_out_2,271,1280000,11,A_fixed_raw,0.001,0.001,1652,1648,1648,-0.6406388321162845,0.760287900075816
0.1,held_out_2,271,1280000,11,C_fixed_crossing,10,6.869153254100501e-6,12,10,10,-0.47912072991515475,0.760287900075816
0.1,held_out_2,271,1280000,11,C_fixed_crossing,25,1.4972953991760593e-5,25,25,25,-0.5941068276729891,0.760287900075816
0.1,held_out_2,271,1280000,11,C_fixed_crossing,50,3.0566651301967326e-5,52,50,50,-0.6333434308239279,0.760287900075816
0.1,held_out_2,271,1280000,11,C_fixed_crossing,100,6.194775589193603e-5,103,100,100,-0.6274598300888741,0.760287900075816
0.1,held_out_2,271,1280000,11,D_growing_crossing,10,2.438964617127589e-5,40,41,40,-0.6320507380125943,0.760287900075816
0.1,held_out_2,271,1280000,11,D_growing_crossing,25,6.194775589193603e-5,103,100,100,-0.6274598300888741,0.760287900075816
0.1,held_out_2,271,1280000,11,D_growing_crossing,50,0.00012194181828918227,203,200,200,-0.6357884135239629,0.760287900075816
0.1,held_out_2,271,1280000,12,A_fixed_raw,1.0e-5,1.0e-5,26,23,23,-0.5319236818186746,0.8440821262399694
0.1,held_out_2,271,1280000,12,A_fixed_raw,0.0001,0.0001,248,246,246,-0.6334111420414068,0.8440821262399694
0.1,held_out_2,271,1280000,12,A_fixed_raw,0.001,0.001,2464,2467,2464,-0.6389098863716497,0.8440821262399694
0.1,held_out_2,271,1280000,12,C_fixed_crossing,10,4.437555461933652e-6,10,10,10,-0.42793798633882113,0.8440821262399694
0.1,held_out_2,271,1280000,12,C_fixed_crossing,25,1.094745692412043e-5,30,25,25,-0.5362792393805488,0.8440821262399694
0.1,held_out_2,271,1280000,12,C_fixed_crossing,50,1.989074765608239e-5,50,50,50,-0.5736667413114935,0.8440821262399694
0.1,held_out_2,271,1280000,12,C_fixed_crossing,100,4.1201857336680714e-5,105,100,100,-0.6379220303409311,0.8440821262399694
0.1,held_out_2,271,1280000,12,D_growing_crossing,10,1.658000610713981e-5,43,40,40,-0.5212322048346928,0.8440821262399694
0.1,held_out_2,271,1280000,12,D_growing_crossing,25,4.1201857336680714e-5,105,100,100,-0.6379220303409311,0.8440821262399694
0.1,held_out_2,271,1280000,12,D_growing_crossing,50,8.28956712923322e-5,207,200,200,-0.6244515534067473,0.8440821262399694
0.1,held_out_2,271,1280000,13,A_fixed_raw,1.0e-5,1.0e-5,3,6,3,0.05226316316178647,0.3071677326761748
0.1,held_out_2,271,1280000,13,A_fixed_raw,0.0001,0.0001,41,47,41,0.15458263719840548,0.3071677326761748
0.1,held_out_2,271,1280000,13,A_fixed_raw,0.001,0.001,434,447,434,0.1502595110737387,0.3071677326761748
0.1,held_out_2,271,1280000,13,C_fixed_crossing,10,2.5665167203169576e-5,10,13,10,0.09370362021788328,0.3071677326761748
0.1,held_out_2,271,1280000,13,C_fixed_crossing,25,5.8441899544890316e-5,25,26,25,0.1303553590613477,0.3071677326761748
0.1,held_out_2,271,1280000,13,C_fixed_crossing,50,0.00012105702858267773,50,55,50,0.15288365589242786,0.3071677326761748
0.1,held_out_2,271,1280000,13,C_fixed_crossing,100,0.00023829618957962675,100,111,100,0.14694953157404356,0.3071677326761748
0.1,held_out_2,271,1280000,13,D_growing_crossing,10,9.450606407950591e-5,40,44,40,0.1426418058033319,0.3071677326761748
0.1,held_out_2,271,1280000,13,D_growing_crossing,25,0.00023829618957962675,100,111,100,0.14694953157404356,0.3071677326761748
0.1,held_out_2,271,1280000,13,D_growing_crossing,50,0.0004690770509816965,200,211,200,0.1512494512718939,0.3071677326761748
0.1,held_out_2,271,1280000,14,A_fixed_raw,1.0e-5,1.0e-5,37,35,35,0.8305626911370155,1.2972022936396106
0.1,held_out_2,271,1280000,14,A_fixed_raw,0.0001,0.0001,359,363,359,0.991619004281144,1.2972022936396106
0.1,held_out_2,271,1280000,14,A_fixed_raw,0.001,0.001,3604,3631,3604,0.9870967603688025,1.2972022936396106
0.1,held_out_2,271,1280000,14,C_fixed_crossing,10,2.9947482752127393e-6,10,10,10,0.7333989209187415,1.2972022936396106
0.1,held_out_2,271,1280000,14,C_fixed_crossing,25,7.388049123602277e-6,28,25,25,0.7942850070479197,1.2972022936396106
0.1,held_out_2,271,1280000,14,C_fixed_crossing,50,1.475645970934463e-5,58,50,50,0.9548691641663927,1.2972022936396106
0.1,held_out_2,271,1280000,14,C_fixed_crossing,100,2.76039140558253e-5,100,101,100,0.9748346751787309,1.2972022936396106
0.1,held_out_2,271,1280000,14,D_growing_crossing,10,1.1436396032497793e-5,44,40,40,0.8364373842609636,1.2972022936396106
0.1,held_out_2,271,1280000,14,D_growing_crossing,25,2.76039140558253e-5,100,101,100,0.9748346751787309,1.2972022936396106
0.1,held_out_2,271,1280000,14,D_growing_crossing,50,5.594333879426919e-5,201,202,201,0.9638762950528565,1.2972022936396106
0.1,held_out_2,271,1280000,1,B_power_scaled_anchor25,0.3333333333333333,0.00023329918483219067,153,152,152,-0.28838840684598305,0.3819730496717949
0.1,held_out_2,271,1280000,1,B_power_scaled_anchor25,0.5,0.00014696927694669585,99,96,96,-0.28506710998048757,0.3819730496717949
0.1,held_out_2,271,1280000,1,B_power_scaled_anchor25,0.6666666666666666,9.25848428564857e-5,62,58,58,-0.2875002839132984,0.3819730496717949
0.1,held_out_2,271,1280000,1,B_power_scaled_anchor100,0.3333333333333333,0.0009722858523472598,638,635,635,-0.28933248354803914,0.3819730496717949
0.1,held_out_2,271,1280000,1,B_power_scaled_anchor100,0.5,0.0006125017059436456,401,399,399,-0.29018381060176107,0.3819730496717949
0.1,held_out_2,271,1280000,1,B_power_scaled_anchor100,0.6666666666666666,0.0003858518962074594,253,248,248,-0.2896315742869181,0.3819730496717949
0.1,held_out_2,271,1280000,2,B_power_scaled_anchor25,0.3333333333333333,0.0002988433214485169,173,174,173,-0.052671441659586815,0.07251655396717029
0.1,held_out_2,271,1280000,2,B_power_scaled_anchor25,0.5,0.00018825949565674324,111,112,111,-0.046386511727766394,0.07251655396717029
0.1,held_out_2,271,1280000,2,B_power_scaled_anchor25,0.6666666666666666,0.00011859605071026163,66,67,66,-0.0452857513667557,0.07251655396717029
0.1,held_out_2,271,1280000,2,B_power_scaled_anchor100,0.3333333333333333,0.0010924371893615364,636,640,636,-0.05507242844043504,0.07251655396717029
0.1,held_out_2,271,1280000,2,B_power_scaled_anchor100,0.5,0.0006881923052822956,400,399,399,-0.05314388713527688,0.07251655396717029
0.1,held_out_2,271,1280000,2,B_power_scaled_anchor100,0.6666666666666666,0.00043353398590042147,251,250,250,-0.05541532107374965,0.07251655396717029
0.1,held_out_2,271,1280000,3,B_power_scaled_anchor25,0.3333333333333333,0.00036643584227209194,160,166,160,-0.041098251614792504,0.2982316007191014
0.1,held_out_2,271,1280000,3,B_power_scaled_anchor25,0.5,0.0002308401155572831,99,107,99,-0.047752959531477,0.2982316007191014
0.1,held_out_2,271,1280000,3,B_power_scaled_anchor25,0.6666666666666666,0.00014542016037539298,61,66,61,-0.06164594598551055,0.2982316007191014
0.1,held_out_2,271,1280000,3,B_power_scaled_anchor100,0.3333333333333333,0.001451242852657371,642,651,642,-0.051051245731219594,0.2982316007191014
0.1,held_out_2,271,1280000,3,B_power_scaled_anchor100,0.5,0.0009142257092862528,406,411,406,-0.04903655252996968,0.2982316007191014
0.1,held_out_2,271,1280000,3,B_power_scaled_anchor100,0.6666666666666666,0.0005759261077424104,253,259,253,-0.04605394094948033,0.2982316007191014
0.1,held_out_2,271,1280000,4,B_power_scaled_anchor25,0.3333333333333333,4.9102618536339455e-5,160,164,160,1.1878869817324078,1.5901957092207055
0.1,held_out_2,271,1280000,4,B_power_scaled_anchor25,0.5,3.093271134944613e-5,100,104,100,1.170727471782159,1.5901957092207055
0.1,held_out_2,271,1280000,4,B_power_scaled_anchor25,0.6666666666666666,1.9486387079744616e-5,63,68,63,1.20591615374632,1.5901957092207055
0.1,held_out_2,271,1280000,4,B_power_scaled_anchor100,0.3333333333333333,0.0001916555879000862,635,640,635,1.2057088414276824,1.5901957092207055
0.1,held_out_2,271,1280000,4,B_power_scaled_anchor100,0.5,0.00012073545476264786,398,403,398,1.1991806411239254,1.5901957092207055
0.1,held_out_2,271,1280000,4,B_power_scaled_anchor100,0.6666666666666666,7.605857046204512e-5,249,257,249,1.2205394693170546,1.5901957092207055
0.1,held_out_2,271,1280000,5,B_power_scaled_anchor25,0.3333333333333333,6.814346476205046e-5,149,145,145,-1.2867669029762876,0.751197942485476
0.1,held_out_2,271,1280000,5,B_power_scaled_anchor25,0.5,4.292769283323845e-5,93,92,92,-1.3031214899227765,0.751197942485476
0.1,held_out_2,271,1280000,5,B_power_scaled_anchor25,0.6666666666666666,2.7042751912009204e-5,60,58,58,-1.3113684196676496,0.751197942485476
0.1,held_out_2,271,1280000,5,B_power_scaled_anchor100,0.3333333333333333,0.0002966749636334135,649,648,648,-1.3364496810512034,0.751197942485476
0.1,held_out_2,271,1280000,5,B_power_scaled_anchor100,0.5,0.0001868935158292668,410,407,407,-1.3343987924330225,0.751197942485476
0.1,held_out_2,271,1280000,5,B_power_scaled_anchor100,0.6666666666666666,0.00011773553734107696,260,259,259,-1.3276876405410862,0.751197942485476
0.1,held_out_2,271,1280000,6,B_power_scaled_anchor25,0.3333333333333333,5.7634576154981056e-5,161,154,154,-0.8545137939320211,1.1372293674543315
0.1,held_out_2,271,1280000,6,B_power_scaled_anchor25,0.5,3.6307507849714874e-5,103,100,100,-0.8394616571183807,1.1372293674543315
0.1,held_out_2,271,1280000,6,B_power_scaled_anchor25,0.6666666666666666,2.2872296704539556e-5,63,63,63,-0.8212481799628872,1.1372293674543315
0.1,held_out_2,271,1280000,6,B_power_scaled_anchor100,0.3333333333333333,0.00023160640445404426,634,636,634,-0.8646688093610391,1.1372293674543315
0.1,held_out_2,271,1280000,6,B_power_scaled_anchor100,0.5,0.00014590289213105802,401,393,393,-0.8561800189532748,1.1372293674543315
0.1,held_out_2,271,1280000,6,B_power_scaled_anchor100,0.6666666666666666,9.191306251823053e-5,255,252,252,-0.8666757812031977,1.1372293674543315
0.1,held_out_2,271,1280000,7,B_power_scaled_anchor25,0.3333333333333333,7.998391585544655e-5,153,149,149,-0.8609948256528094,0.9924333042822502
0.1,held_out_2,271,1280000,7,B_power_scaled_anchor25,0.5,5.03867096196487e-5,97,90,90,-0.8418374042380048,0.9924333042822502
0.1,held_out_2,271,1280000,7,B_power_scaled_anchor25,0.6666666666666666,3.174163804236795e-5,62,58,58,-0.8752921196059182,0.9924333042822502
0.1,held_out_2,271,1280000,7,B_power_scaled_anchor100,0.3333333333333333,0.0003406994074147553,645,638,638,-0.8686448379783567,0.9924333042822502
0.1,held_out_2,271,1280000,7,B_power_scaled_anchor100,0.5,0.0002146271775442798,408,401,401,-0.8717657667231237,0.9924333042822502
0.1,held_out_2,271,1280000,7,B_power_scaled_anchor100,0.6666666666666666,0.00013520664943378119,257,252,252,-0.8685846228343087,0.9924333042822502
0.1,held_out_2,271,1280000,8,B_power_scaled_anchor25,0.3333333333333333,0.00011938473231153,167,164,164,-0.26405988925277557,0.36414053330894147
0.1,held_out_2,271,1280000,8,B_power_scaled_anchor25,0.5,7.520766863768062e-5,105,104,104,-0.26273843565386934,0.36414053330894147
0.1,held_out_2,271,1280000,8,B_power_scaled_anchor25,0.6666666666666666,4.737786241506615e-5,66,66,66,-0.2533924902993247,0.36414053330894147
0.1,held_out_2,271,1280000,8,B_power_scaled_anchor100,0.3333333333333333,0.0004592406358262389,635,637,635,-0.27353354952900116,0.36414053330894147
0.1,held_out_2,271,1280000,8,B_power_scaled_anchor100,0.5,0.000289303472022292,405,402,402,-0.2773209768069526,0.36414053330894147
0.1,held_out_2,271,1280000,8,B_power_scaled_anchor100,0.6666666666666666,0.0001822497671042791,253,254,253,-0.2738403151610124,0.36414053330894147
0.1,held_out_2,271,1280000,9,B_power_scaled_anchor25,0.3333333333333333,3.512549369510975e-5,156,158,156,1.0225638023597214,1.4440302098093005
0.1,held_out_2,271,1280000,9,B_power_scaled_anchor25,0.5,2.212767444720921e-5,98,101,98,1.0412102502498621,1.4440302098093005
0.1,held_out_2,271,1280000,9,B_power_scaled_anchor25,0.6666666666666666,1.3939561410629892e-5,60,65,60,1.002305664484442,1.4440302098093005
0.1,held_out_2,271,1280000,9,B_power_scaled_anchor100,0.3333333333333333,0.0001442706101102393,646,651,646,1.0593384579505734,1.4440302098093005
0.1,held_out_2,271,1280000,9,B_power_scaled_anchor100,0.5,9.088478927953328e-5,406,413,406,1.06539201613604,1.4440302098093005
0.1,held_out_2,271,1280000,9,B_power_scaled_anchor100,0.6666666666666666,5.7253829564271947e-5,257,259,257,1.0480790055933613,1.4440302098093005
0.1,held_out_2,271,1280000,10,B_power_scaled_anchor25,0.3333333333333333,0.0003121903652547941,174,169,169,-0.06335061963167993,0.08745637221810908
0.1,held_out_2,271,1280000,10,B_power_scaled_anchor25,0.5,0.00019666760637944203,107,105,105,-0.06109980988603249,0.08745637221810908
0.1,held_out_2,271,1280000,10,B_power_scaled_anchor25,0.6666666666666666,0.00012389282855494914,67,68,67,-0.05691217324900379,0.08745637221810908
0.1,held_out_2,271,1280000,10,B_power_scaled_anchor100,0.3333333333333333,0.0011664345847430184,634,634,634,-0.06645042199645036,0.08745637221810908
0.1,held_out_2,271,1280000,10,B_power_scaled_anchor100,0.5,0.000734807743321557,400,397,397,-0.06661444797695548,0.08745637221810908
0.1,held_out_2,271,1280000,10,B_power_scaled_anchor100,0.6666666666666666,0.00046289987171828926,253,250,250,-0.06390635990865033,0.08745637221810908
0.1,held_out_2,271,1280000,11,B_power_scaled_anchor25,0.3333333333333333,9.456790550467826e-5,159,153,153,-0.6280727260988795,0.760287900075816
0.1,held_out_2,271,1280000,11,B_power_scaled_anchor25,0.5,5.957404739490669e-5,98,96,96,-0.6235318813634143,0.760287900075816
0.1,held_out_2,271,1280000,11,B_power_scaled_anchor25,0.6666666666666666,3.752929817013888e-5,63,60,60,-0.6234344700200238,0.760287900075816
0.1,held_out_2,271,1280000,11,B_power_scaled_anchor100,0.3333333333333333,0.0003828017266267746,630,632,630,-0.6423839404357462,0.760287900075816
0.1,held_out_2,271,1280000,11,B_power_scaled_anchor100,0.5,0.000241149976656588,399,397,397,-0.638050116592999,0.760287900075816
0.1,held_out_2,271,1280000,11,B_power_scaled_anchor100,0.6666666666666666,0.00015191496588564627,253,249,249,-0.648950320629704,0.760287900075816
0.1,held_out_2,271,1280000,12,B_power_scaled_anchor25,0.3333333333333333,6.964856648190614e-5,174,169,169,-0.6199989024064577,0.8440821262399694
0.1,held_out_2,271,1280000,12,B_power_scaled_anchor25,0.5,4.387584750277802e-5,109,107,107,-0.6219187699276821,0.8440821262399694
0.1,held_out_2,271,1280000,12,B_power_scaled_anchor25,0.6666666666666666,2.7640051925363717e-5,69,66,66,-0.6222503417552352,0.8440821262399694
0.1,held_out_2,271,1280000,12,B_power_scaled_anchor100,0.3333333333333333,0.000256464796620217,634,629,629,-0.6423668932886801,0.8440821262399694
0.1,held_out_2,271,1280000,12,B_power_scaled_anchor100,0.5,0.00016156269790940943,402,395,395,-0.6424402050966359,0.8440821262399694
0.1,held_out_2,271,1280000,12,B_power_scaled_anchor100,0.6666666666666666,0.00010177812198693568,252,250,250,-0.6376450389261921,0.8440821262399694
0.1,held_out_2,271,1280000,13,B_power_scaled_anchor25,0.3333333333333333,0.0003611375380919121,153,165,153,0.15177303041459417,0.3071677326761748
0.1,held_out_2,271,1280000,13,B_power_scaled_anchor25,0.5,0.0002275023930746058,96,106,96,0.1441087635450754,0.3071677326761748
0.1,held_out_2,271,1280000,13,B_power_scaled_anchor25,0.6666666666666666,0.00014331752696807674,59,65,59,0.14414050760043304,0.3071677326761748
0.1,held_out_2,271,1280000,13,B_power_scaled_anchor100,0.3333333333333333,0.0014832968158817262,649,659,649,0.14837563709162793,0.3071677326761748
0.1,held_out_2,271,1280000,13,B_power_scaled_anchor100,0.5,0.0009344184407857133,406,415,406,0.14991498504406295,0.3071677326761748
0.1,held_out_2,271,1280000,13,B_power_scaled_anchor100,0.6666666666666666,0.0005886467314779331,254,264,254,0.1493559325992977,0.3071677326761748
0.1,held_out_2,271,1280000,14,B_power_scaled_anchor25,0.3333333333333333,4.499381003373808e-5,161,163,161,0.9593455566473871,1.2972022936396106
0.1,held_out_2,271,1280000,14,B_power_scaled_anchor25,0.5,2.8344324188238878e-5,102,103,102,0.9623182359069252,1.2972022936396106
0.1,held_out_2,271,1280000,14,B_power_scaled_anchor25,0.6666666666666666,1.7855805344903288e-5,67,62,62,0.962837049212588,1.2972022936396106
0.1,held_out_2,271,1280000,14,B_power_scaled_anchor100,0.3333333333333333,0.0001808090778108682,651,652,651,0.985687567094496,1.2972022936396106
0.1,held_out_2,271,1280000,14,B_power_scaled_anchor100,0.5,0.00011390258157299642,411,411,411,0.9839261844387507,1.2972022936396106
0.1,held_out_2,271,1280000,14,B_power_scaled_anchor100,0.6666666666666666,7.175413008059304e-5,261,259,259,0.9862121781331643,1.2972022936396106
0.5,tuning,29,20000,1,A_fixed_raw,1.0e-5,1.0e-5,0,0,0,0.0,0.3819730496717949
0.5,tuning,29,20000,1,A_fixed_raw,0.0001,0.0001,2,1,1,-0.5179769009641677,0.3819730496717949
0.5,tuning,29,20000,1,A_fixed_raw,0.001,0.001,8,8,8,-0.377264431427049,0.3819730496717949
0.5,tuning,29,20000,1,C_fixed_crossing,10,0.0012628899857377968,11,10,10,-0.3239620149185503,0.3819730496717949
0.5,tuning,29,20000,1,C_fixed_crossing,25,0.0028548486437011875,25,26,25,-0.35786357814332237,0.3819730496717949
0.5,tuning,29,20000,1,C_fixed_crossing,50,0.005956778223574458,50,52,50,-0.3981501451293422,0.3819730496717949
0.5,tuning,29,20000,1,C_fixed_crossing,100,0.011472301415909571,100,104,100,-0.3971187679120089,0.3819730496717949
0.5,tuning,29,20000,1,D_growing_crossing,10,0.000736764872927537,6,5,5,-0.35080918211699214,0.3819730496717949
0.5,tuning,29,20000,1,D_growing_crossing,25,0.0015712497635676068,14,13,13,-0.3445289310492701,0.3819730496717949
0.5,tuning,29,20000,1,D_growing_crossing,50,0.0028548486437011875,25,26,25,-0.35786357814332237,0.3819730496717949
0.5,tuning,29,20000,2,A_fixed_raw,1.0e-5,1.0e-5,0,0,0,0.0,0.07251655396717029
0.5,tuning,29,20000,2,A_fixed_raw,0.0001,0.0001,1,1,1,0.031639925509863165,0.07251655396717029
0.5,tuning,29,20000,2,A_fixed_raw,0.001,0.001,10,8,8,-0.019754303799190964,0.07251655396717029
0.5,tuning,29,20000,2,C_fixed_crossing,10,0.0013097210384561216,12,10,10,-0.007918322974803393,0.07251655396717029
0.5,tuning,29,20000,2,C_fixed_crossing,25,0.0031612604949946685,27,25,25,-0.04320742772879598,0.07251655396717029
0.5,tuning,29,20000,2,C_fixed_crossing,50,0.0056607351140030866,50,50,50,-0.03506782134128145,0.07251655396717029
0.5,tuning,29,20000,2,C_fixed_crossing,100,0.01130642314873105,100,103,100,-0.029418884246086133,0.07251655396717029
0.5,tuning,29,20000,2,D_growing_crossing,10,0.000579376979310525,7,5,5,-0.056260041419473876,0.07251655396717029
0.5,tuning,29,20000,2,D_growing_crossing,25,0.0017654187514431876,16,13,13,-0.042373296501549695,0.07251655396717029
0.5,tuning,29,20000,2,D_growing_crossing,50,0.0031612604949946685,27,25,25,-0.04320742772879598,0.07251655396717029
0.5,tuning,29,20000,3,A_fixed_raw,1.0e-5,1.0e-5,0,0,0,0.2283959611243391,0.2982316007191014
0.5,tuning,29,20000,3,A_fixed_raw,0.0001,0.0001,0,3,0,-4.46151873092826,0.2982316007191014
0.5,tuning,29,20000,3,A_fixed_raw,0.001,0.001,4,8,4,-2.0013781057900415,0.2982316007191014
0.5,tuning,29,20000,3,C_fixed_crossing,10,0.0020126838355971435,10,14,10,-1.9029650619230003,0.2982316007191014
0.5,tuning,29,20000,3,C_fixed_crossing,25,0.004616559539644604,25,28,25,-2.0522976910903816,0.2982316007191014
0.5,tuning,29,20000,3,C_fixed_crossing,50,0.008762585022883629,50,54,50,-2.4688812815370604,0.2982316007191014
0.5,tuning,29,20000,3,C_fixed_crossing,100,0.018019190402066444,100,113,100,-2.3763602319769603,0.2982316007191014
0.5,tuning,29,20000,3,D_growing_crossing,10,0.0012266336996634068,5,8,5,-1.5137501832805982,0.2982316007191014
0.5,tuning,29,20000,3,D_growing_crossing,25,0.0025224230213006685,13,15,13,-1.8570050941042897,0.2982316007191014
0.5,tuning,29,20000,3,D_growing_crossing,50,0.004616559539644604,25,28,25,-2.0522976910903816,0.2982316007191014
0.5,tuning,29,20000,4,A_fixed_raw,1.0e-5,1.0e-5,0,1,0,4.503357344604053,1.5901957092207055
0.5,tuning,29,20000,4,A_fixed_raw,0.0001,0.0001,4,6,4,1.2243777809642364,1.5901957092207055
0.5,tuning,29,20000,4,A_fixed_raw,0.001,0.001,47,47,47,1.5353142576815249,1.5901957092207055
0.5,tuning,29,20000,4,C_fixed_crossing,10,0.00018201148541346297,10,10,10,1.3580365598478343,1.5901957092207055
0.5,tuning,29,20000,4,C_fixed_crossing,25,0.0005505827962586279,25,25,25,1.513092516989161,1.5901957092207055
0.5,tuning,29,20000,4,C_fixed_crossing,50,0.001107739637194357,50,50,50,1.763715261696804,1.5901957092207055
0.5,tuning,29,20000,4,C_fixed_crossing,100,0.002196480950145765,102,103,102,1.645343471828046,1.5901957092207055
0.5,tuning,29,20000,4,D_growing_crossing,10,0.0001142059563218612,5,7,5,1.1621606091205616,1.5901957092207055
0.5,tuning,29,20000,4,D_growing_crossing,25,0.00025443743552945553,14,13,13,1.548576327860631,1.5901957092207055
0.5,tuning,29,20000,4,D_growing_crossing,50,0.0005505827962586279,25,25,25,1.513092516989161,1.5901957092207055
0.5,tuning,29,20000,5,A_fixed_raw,1.0e-5,1.0e-5,1,0,0,-3.383154635744345,0.751197942485476
0.5,tuning,29,20000,5,A_fixed_raw,0.0001,0.0001,5,1,1,-1.4566207577068613,0.751197942485476
0.5,tuning,29,20000,5,A_fixed_raw,0.001,0.001,31,31,31,-1.5613846256364305,0.751197942485476
0.5,tuning,29,20000,5,C_fixed_crossing,10,0.00033800616946810244,12,10,10,-1.5893161321069083,0.751197942485476
0.5,tuning,29,20000,5,C_fixed_crossing,25,0.0008099224754179632,27,25,25,-1.632888080690909,0.751197942485476
0.5,tuning,29,20000,5,C_fixed_crossing,50,0.0016295155518328461,50,51,50,-1.5917101241626472,0.751197942485476
0.5,tuning,29,20000,5,C_fixed_crossing,100,0.0032784877741475413,100,104,100,-1.5708066800080962,0.751197942485476
0.5,tuning,29,20000,5,D_growing_crossing,10,0.00017937977720493343,8,5,5,-2.016898499207429,0.751197942485476
0.5,tuning,29,20000,5,D_growing_crossing,25,0.00046567350532288184,15,13,13,-1.6690317693188976,0.751197942485476
0.5,tuning,29,20000,5,D_growing_crossing,50,0.0008099224754179632,27,25,25,-1.632888080690909,0.751197942485476
0.5,tuning,29,20000,6,A_fixed_raw,1.0e-5,1.0e-5,2,0,0,-4.5692423750604005,1.1372293674543315
0.5,tuning,29,20000,6,A_fixed_raw,0.0001,0.0001,7,2,2,-1.2880411876689535,1.1372293674543315
0.5,tuning,29,20000,6,A_fixed_raw,0.001,0.001,40,38,38,-1.078722178020186,1.1372293674543315
0.5,tuning,29,20000,6,C_fixed_crossing,10,0.0002471327957312384,13,10,10,-1.1004541218500623,1.1372293674543315
0.5,tuning,29,20000,6,C_fixed_crossing,25,0.0006605246942246045,27,25,25,-1.0003376018322268,1.1372293674543315
0.5,tuning,29,20000,6,C_fixed_crossing,50,0.0013289361565786677,53,50,50,-1.1514621847554252,1.1372293674543315
0.5,tuning,29,20000,6,C_fixed_crossing,100,0.002732795582016621,110,102,102,-1.229943493903956,1.1372293674543315
0.5,tuning,29,20000,6,D_growing_crossing,10,0.00018334178313053807,10,5,5,-0.792265194743158,1.1372293674543315
0.5,tuning,29,20000,6,D_growing_crossing,25,0.00032120776037715594,14,13,13,-1.142607357635257,1.1372293674543315
0.5,tuning,29,20000,6,D_growing_crossing,50,0.0006605246942246045,27,25,25,-1.0003376018322268,1.1372293674543315
0.5,tuning,29,20000,7,A_fixed_raw,1.0e-5,1.0e-5,1,0,0,-2.6990083342587345,0.9924333042822502
0.5,tuning,29,20000,7,A_fixed_raw,0.0001,0.0001,3,1,1,0.898855958219591,0.9924333042822502
0.5,tuning,29,20000,7,A_fixed_raw,0.001,0.001,26,25,25,0.2624856236600748,0.9924333042822502
0.5,tuning,29,20000,7,C_fixed_crossing,10,0.0003797756687183721,10,10,10,0.11660703342477655,0.9924333042822502
0.5,tuning,29,20000,7,C_fixed_crossing,25,0.0009931111159397533,26,25,25,0.2517698257121851,0.9924333042822502
0.5,tuning,29,20000,7,C_fixed_crossing,50,0.0019407172869637967,50,50,50,0.05737802833901034,0.9924333042822502
0.5,tuning,29,20000,7,C_fixed_crossing,100,0.003848150239736016,100,100,100,0.13859862704549766,0.9924333042822502
0.5,tuning,29,20000,7,D_growing_crossing,10,0.0002151988280300532,8,5,5,-0.12838591273930092,0.9924333042822502
0.5,tuning,29,20000,7,D_growing_crossing,25,0.0005045111336449678,15,13,13,0.14346704653798123,0.9924333042822502
0.5,tuning,29,20000,7,D_growing_crossing,50,0.0009931111159397533,26,25,25,0.2517698257121851,0.9924333042822502
0.5,tuning,29,20000,8,A_fixed_raw,1.0e-5,1.0e-5,0,0,0,0.0,0.36414053330894147
0.5,tuning,29,20000,8,A_fixed_raw,0.0001,0.0001,4,1,1,-0.49377398869426825,0.36414053330894147
0.5,tuning,29,20000,8,A_fixed_raw,0.001,0.001,22,20,20,-0.2091325735250893,0.36414053330894147
0.5,tuning,29,20000,8,C_fixed_crossing,10,0.0005921738233079657,15,10,10,-0.3430429688105042,0.36414053330894147
0.5,tuning,29,20000,8,C_fixed_crossing,25,0.0012001262123703847,27,25,25,-0.29205856878619113,0.36414053330894147
0.5,tuning,29,20000,8,C_fixed_crossing,50,0.0024322299786450397,51,50,50,-0.30140654865616884,0.36414053330894147
0.5,tuning,29,20000,8,C_fixed_crossing,100,0.004893501163541436,101,100,100,-0.3573918845810808,0.36414053330894147
0.5,tuning,29,20000,8,D_growing_crossing,10,0.00039100090677674637,9,5,5,-0.2804810947547791,0.36414053330894147
0.5,tuning,29,20000,8,D_growing_crossing,25,0.0007156131033323282,18,13,13,-0.2693593431547631,0.36414053330894147
0.5,tuning,29,20000,8,D_growing_crossing,50,0.0012001262123703847,27,25,25,-0.29205856878619113,0.36414053330894147
0.5,tuning,29,20000,9,A_fixed_raw,1.0e-5,1.0e-5,0,2,0,4.336422097730996,1.4440302098093005
0.5,tuning,29,20000,9,A_fixed_raw,0.0001,0.0001,6,9,6,1.1263135130160085,1.4440302098093005
0.5,tuning,29,20000,9,A_fixed_raw,0.001,0.001,65,68,65,1.3279909221123876,1.4440302098093005
0.5,tuning,29,20000,9,C_fixed_crossing,10,0.0001631769987491219,10,13,10,1.2861138110787562,1.4440302098093005
0.5,tuning,29,20000,9,C_fixed_crossing,25,0.00039100090677674637,25,30,25,1.229887137037435,1.4440302098093005
0.5,tuning,29,20000,9,C_fixed_crossing,50,0.0007640859183034111,50,52,50,1.1814962388041226,1.4440302098093005
0.5,tuning,29,20000,9,C_fixed_crossing,100,0.00158273381892093,100,106,100,1.3645331921679056,1.4440302098093005
0.5,tuning,29,20000,9,D_growing_crossing,10,8.786847877473801e-5,5,8,5,1.29765698395351,1.4440302098093005
0.5,tuning,29,20000,9,D_growing_crossing,25,0.00020750406909705413,13,14,13,1.1183905113112094,1.4440302098093005
0.5,tuning,29,20000,9,D_growing_crossing,50,0.00039100090677674637,25,30,25,1.229887137037435,1.4440302098093005
0.5,tuning,29,20000,10,A_fixed_raw,1.0e-5,1.0e-5,1,0,0,-0.05118715142582441,0.08745637221810908
0.5,tuning,29,20000,10,A_fixed_raw,0.0001,0.0001,1,1,1,-0.02801343092467823,0.08745637221810908
0.5,tuning,29,20000,10,A_fixed_raw,0.001,0.001,9,7,7,-0.06900714226096283,0.08745637221810908
0.5,tuning,29,20000,10,C_fixed_crossing,10,0.0011914182946592233,11,10,10,-0.1229994197674249,0.08745637221810908
0.5,tuning,29,20000,10,C_fixed_crossing,25,0.003138322910622115,25,25,25,-0.08982647216694363,0.08745637221810908
0.5,tuning,29,20000,10,C_fixed_crossing,50,0.006500747738376182,50,52,50,-0.09588616288435674,0.08745637221810908
0.5,tuning,29,20000,10,C_fixed_crossing,100,0.013079115421213126,100,115,100,-0.09505515102134675,0.08745637221810908
0.5,tuning,29,20000,10,D_growing_crossing,10,0.0006800481854506956,7,5,5,-0.09426463058374258,0.08745637221810908
0.5,tuning,29,20000,10,D_growing_crossing,25,0.0015261407821317108,14,13,13,-0.10015527027144389,0.08745637221810908
0.5,tuning,29,20000,10,D_growing_crossing,50,0.003138322910622115,25,25,25,-0.08982647216694363,0.08745637221810908
0.5,tuning,29,20000,11,A_fixed_raw,1.0e-5,1.0e-5,0,0,0,1.9868416021945332,0.760287900075816
0.5,tuning,29,20000,11,A_fixed_raw,0.0001,0.0001,3,2,2,0.8586985524453028,0.760287900075816
0.5,tuning,29,20000,11,A_fixed_raw,0.001,0.001,23,22,22,0.5394057337377856,0.760287900075816
0.5,tuning,29,20000,11,C_fixed_crossing,10,0.0004829418190505914,12,10,10,0.48441366555313636,0.760287900075816
0.5,tuning,29,20000,11,C_fixed_crossing,25,0.0011322065591349336,27,25,25,0.4787559415055642,0.760287900075816
0.5,tuning,29,20000,11,C_fixed_crossing,50,0.0022449951732959757,53,50,50,0.39467324715293534,0.760287900075816
0.5,tuning,29,20000,11,C_fixed_crossing,100,0.004387123325916025,101,100,100,0.35626475198702046,0.760287900075816
0.5,tuning,29,20000,11,D_growing_crossing,10,0.0002581703261488651,8,5,5,0.6459589565279387,0.760287900075816
0.5,tuning,29,20000,11,D_growing_crossing,25,0.0005386847320854466,14,13,13,0.4765180089374422,0.760287900075816
0.5,tuning,29,20000,11,D_growing_crossing,50,0.0011322065591349336,27,25,25,0.4787559415055642,0.760287900075816
0.5,tuning,29,20000,12,A_fixed_raw,1.0e-5,1.0e-5,1,0,0,-0.14142280592432943,0.8440821262399694
0.5,tuning,29,20000,12,A_fixed_raw,0.0001,0.0001,4,1,1,-0.5427782850558893,0.8440821262399694
0.5,tuning,29,20000,12,A_fixed_raw,0.001,0.001,34,33,33,-0.7980249333769118,0.8440821262399694
0.5,tuning,29,20000,12,C_fixed_crossing,10,0.00033311893057379785,13,10,10,-0.7921911656889372,0.8440821262399694
0.5,tuning,29,20000,12,C_fixed_crossing,25,0.000753037982626973,28,25,25,-0.7441895152483818,0.8440821262399694
0.5,tuning,29,20000,12,C_fixed_crossing,50,0.001398436386547415,51,50,50,-0.90085386428431,0.8440821262399694
0.5,tuning,29,20000,12,C_fixed_crossing,100,0.002813570322211361,100,100,100,-0.8952720637300002,0.8440821262399694
0.5,tuning,29,20000,12,D_growing_crossing,10,0.00025075851886043884,11,5,5,-0.5732161530428079,0.8440821262399694
0.5,tuning,29,20000,12,D_growing_crossing,25,0.0003996370414275126,14,13,13,-0.6640659278092682,0.8440821262399694
0.5,tuning,29,20000,12,D_growing_crossing,50,0.000753037982626973,28,25,25,-0.7441895152483818,0.8440821262399694
0.5,tuning,29,20000,13,A_fixed_raw,1.0e-5,1.0e-5,0,0,0,0.0,0.3071677326761748
0.5,tuning,29,20000,13,A_fixed_raw,0.0001,0.0001,0,2,0,0.5039841855536409,0.3071677326761748
0.5,tuning,29,20000,13,A_fixed_raw,0.001,0.001,6,7,6,0.01311161721756493,0.3071677326761748
0.5,tuning,29,20000,13,C_fixed_crossing,10,0.0019549017312612067,10,14,10,0.06555814309930157,0.3071677326761748
0.5,tuning,29,20000,13,C_fixed_crossing,25,0.004484022814166474,25,27,25,0.08367160533440939,0.3071677326761748
0.5,tuning,29,20000,13,C_fixed_crossing,50,0.008826629590319242,51,52,51,0.109573821016777,0.3071677326761748
0.5,tuning,29,20000,13,C_fixed_crossing,100,0.017888446130651,101,107,101,0.09245063762830166,0.3071677326761748
0.5,tuning,29,20000,13,D_growing_crossing,10,0.0009166607111196634,5,7,5,0.02605285161403997,0.3071677326761748
0.5,tuning,29,20000,13,D_growing_crossing,25,0.0023452619243735104,13,15,13,-0.003909480396743944,0.3071677326761748
0.5,tuning,29,20000,13,D_growing_crossing,50,0.004484022814166474,25,27,25,0.08367160533440939,0.3071677326761748
0.5,tuning,29,20000,14,A_fixed_raw,1.0e-5,1.0e-5,0,2,0,4.503357344604053,1.2972022936396106
0.5,tuning,29,20000,14,A_fixed_raw,0.0001,0.0001,3,7,3,1.2564812840604178,1.2972022936396106
0.5,tuning,29,20000,14,A_fixed_raw,0.001,0.001,50,56,50,1.3038656321193443,1.2972022936396106
0.5,tuning,29,20000,14,C_fixed_crossing,10,0.00021677168761633316,11,14,11,1.185126822430796,1.2972022936396106
0.5,tuning,29,20000,14,C_fixed_crossing,25,0.000508198538359029,25,30,25,1.0588609219594587,1.2972022936396106
0.5,tuning,29,20000,14,C_fixed_crossing,50,0.0009931111159397533,50,56,50,1.3129101177017162,1.2972022936396106
0.5,tuning,29,20000,14,C_fixed_crossing,100,0.0020126838355971435,100,107,100,1.2797802050420721,1.2972022936396106
0.5,tuning,29,20000,14,D_growing_crossing,10,0.00015171634530298841,5,11,5,0.9066238810546308,1.2972022936396106
0.5,tuning,29,20000,14,D_growing_crossing,25,0.00027365764062009697,13,17,13,0.941104749553231,1.2972022936396106
0.5,tuning,29,20000,14,D_growing_crossing,50,0.000508198538359029,25,30,25,1.0588609219594587,1.2972022936396106
0.5,tuning,29,80000,1,A_fixed_raw,1.0e-5,1.0e-5,1,0,0,-0.36277272349727324,0.3819730496717949
0.5,tuning,29,80000,1,A_fixed_raw,0.0001,0.0001,6,3,3,-0.4385584686411592,0.3819730496717949
0.5,tuning,29,80000,1,A_fixed_raw,0.001,0.001,34,34,34,-0.3581873709043726,0.3819730496717949
0.5,tuning,29,80000,1,C_fixed_crossing,10,0.0003967373410166622,19,10,10,-0.423243910503491,0.3819730496717949
0.5,tuning,29,80000,1,C_fixed_crossing,25,0.0008040458116173869,28,25,25,-0.3470488017656327,0.3819730496717949
0.5,tuning,29,80000,1,C_fixed_crossing,50,0.0015712497635676068,56,50,50,-0.31938087806182125,0.3819730496717949
0.5,tuning,29,80000,1,C_fixed_crossing,100,0.0028757143523936005,100,100,100,-0.3220024085631656,0.3819730496717949
0.5,tuning,29,80000,1,D_growing_crossing,10,0.0003967373410166622,19,10,10,-0.423243910503491,0.3819730496717949
0.5,tuning,29,80000,1,D_growing_crossing,25,0.0008040458116173869,28,25,25,-0.3470488017656327,0.3819730496717949
0.5,tuning,29,80000,1,D_growing_crossing,50,0.0015712497635676068,56,50,50,-0.31938087806182125,0.3819730496717949
0.5,tuning,29,80000,2,A_fixed_raw,1.0e-5,1.0e-5,1,1,1,0.021161431074112613,0.07251655396717029
0.5,tuning,29,80000,2,A_fixed_raw,0.0001,0.0001,4,4,4,-0.0873581067387108,0.07251655396717029
0.5,tuning,29,80000,2,A_fixed_raw,0.001,0.001,38,34,34,-0.07564590517220027,0.07251655396717029
0.5,tuning,29,80000,2,C_fixed_crossing,10,0.0002756577678854182,13,10,10,-0.1500810883971096,0.07251655396717029
0.5,tuning,29,80000,2,C_fixed_crossing,25,0.0007314190286156662,28,25,25,-0.10698773414219453,0.07251655396717029
0.5,tuning,29,80000,2,C_fixed_crossing,50,0.0014931609631353635,55,50,50,-0.06310366486218412,0.07251655396717029
0.5,tuning,29,80000,2,C_fixed_crossing,100,0.002939230973286228,107,100,100,-0.056700896324977074,0.07251655396717029
0.5,tuning,29,80000,2,D_growing_crossing,10,0.0002756577678854182,13,10,10,-0.1500810883971096,0.07251655396717029
0.5,tuning,29,80000,2,D_growing_crossing,25,0.0007314190286156662,28,25,25,-0.10698773414219453,0.07251655396717029
0.5,tuning,29,80000,2,D_growing_crossing,50,0.0014931609631353635,55,50,50,-0.06310366486218412,0.07251655396717029
0.5,tuning,29,80000,3,A_fixed_raw,1.0e-5,1.0e-5,0,0,0,0.18649680090521145,0.2982316007191014
0.5,tuning,29,80000,3,A_fixed_raw,0.0001,0.0001,2,6,2,-2.8062670763803754,0.2982316007191014
0.5,tuning,29,80000,3,A_fixed_raw,0.001,0.001,20,25,20,-1.701646209063129,0.2982316007191014
0.5,tuning,29,80000,3,C_fixed_crossing,10,0.00070526603719036,10,21,10,-1.7711383770814784,0.2982316007191014
0.5,tuning,29,80000,3,C_fixed_crossing,25,0.0012266336996634068,25,29,25,-1.940565785291154,0.2982316007191014
0.5,tuning,29,80000,3,C_fixed_crossing,50,0.0022945809422056486,50,56,50,-2.025579765684597,0.2982316007191014
0.5,tuning,29,80000,3,C_fixed_crossing,100,0.004650301358752225,100,112,100,-1.9850498884410397,0.2982316007191014
0.5,tuning,29,80000,3,D_growing_crossing,10,0.00070526603719036,10,21,10,-1.7711383770814784,0.2982316007191014
0.5,tuning,29,80000,3,D_growing_crossing,25,0.0012266336996634068,25,29,25,-1.940565785291154,0.2982316007191014
0.5,tuning,29,80000,3,D_growing_crossing,50,0.0022945809422056486,50,56,50,-2.025579765684597,0.2982316007191014
0.5,tuning,29,80000,4,A_fixed_raw,1.0e-5,1.0e-5,3,3,3,4.20768011495376,1.5901957092207055
0.5,tuning,29,80000,4,A_fixed_raw,0.0001,0.0001,17,22,17,1.6700296543326054,1.5901957092207055
0.5,tuning,29,80000,4,A_fixed_raw,0.001,0.001,185,186,185,1.5054493095850718,1.5901957092207055
0.5,tuning,29,80000,4,C_fixed_crossing,10,4.9790429484121575e-5,10,11,10,1.7011078490586329,1.5901957092207055
0.5,tuning,29,80000,4,C_fixed_crossing,25,0.0001452300313988595,25,28,25,1.3265474691908137,1.5901957092207055
0.5,tuning,29,80000,4,C_fixed_crossing,50,0.0002638725986009514,51,50,50,1.561541596287879,1.5901957092207055
0.5,tuning,29,80000,4,C_fixed_crossing,100,0.0005505827962586279,100,102,100,1.371214163284536,1.5901957092207055
0.5,tuning,29,80000,4,D_growing_crossing,10,4.9790429484121575e-5,10,11,10,1.7011078490586329,1.5901957092207055
0.5,tuning,29,80000,4,D_growing_crossing,25,0.0001452300313988595,25,28,25,1.3265474691908137,1.5901957092207055
0.5,tuning,29,80000,4,D_growing_crossing,50,0.0002638725986009514,51,50,50,1.561541596287879,1.5901957092207055
0.5,tuning,29,80000,5,A_fixed_raw,1.0e-5,1.0e-5,3,3,3,-3.638667719582655,0.751197942485476
0.5,tuning,29,80000,5,A_fixed_raw,0.0001,0.0001,15,8,8,-1.5582967703264838,0.751197942485476
0.5,tuning,29,80000,5,A_fixed_raw,0.001,0.001,127,122,122,-1.5389434194823803,0.751197942485476
0.5,tuning,29,80000,5,C_fixed_crossing,10,0.00011012234996278464,16,10,10,-1.5431222013712762,0.751197942485476
0.5,tuning,29,80000,5,C_fixed_crossing,25,0.0002638725986009514,38,25,25,-1.4944297448076773,0.751197942485476
0.5,tuning,29,80000,5,C_fixed_crossing,50,0.00042982562543862905,54,50,50,-1.4865507170517605,0.751197942485476
0.5,tuning,29,80000,5,C_fixed_crossing,100,0.000839956383812522,110,101,101,-1.577779102054564,0.751197942485476
0.5,tuning,29,80000,5,D_growing_crossing,10,0.00011012234996278464,16,10,10,-1.5431222013712762,0.751197942485476
0.5,tuning,29,80000,5,D_growing_crossing,25,0.0002638725986009514,38,25,25,-1.4944297448076773,0.751197942485476
0.5,tuning,29,80000,5,D_growing_crossing,50,0.00042982562543862905,54,50,50,-1.4865507170517605,0.751197942485476
0.5,tuning,29,80000,6,A_fixed_raw,1.0e-5,1.0e-5,3,1,1,-2.0375433501307327,1.1372293674543315
0.5,tuning,29,80000,6,A_fixed_raw,0.0001,0.0001,19,12,12,-1.2854787588806316,1.1372293674543315
0.5,tuning,29,80000,6,A_fixed_raw,0.001,0.001,153,151,151,-0.9640837364302823,1.1372293674543315
0.5,tuning,29,80000,6,C_fixed_crossing,10,6.662728966679272e-5,12,10,10,-1.275197562853427,1.1372293674543315
0.5,tuning,29,80000,6,C_fixed_crossing,25,0.00019434022703931545,33,25,25,-0.9985006344990952,1.1372293674543315
0.5,tuning,29,80000,6,C_fixed_crossing,50,0.00033311893057379785,50,50,50,-1.0464516983120584,1.1372293674543315
0.5,tuning,29,80000,6,C_fixed_crossing,100,0.0006605246942246045,100,100,100,-0.9334021869469634,1.1372293674543315
0.5,tuning,29,80000,6,D_growing_crossing,10,6.662728966679272e-5,12,10,10,-1.275197562853427,1.1372293674543315
0.5,tuning,29,80000,6,D_growing_crossing,25,0.00019434022703931545,33,25,25,-0.9985006344990952,1.1372293674543315
0.5,tuning,29,80000,6,D_growing_crossing,50,0.00033311893057379785,50,50,50,-1.0464516983120584,1.1372293674543315
0.5,tuning,29,80000,7,A_fixed_raw,1.0e-5,1.0e-5,2,2,2,-0.9942609082880248,0.9924333042822502
0.5,tuning,29,80000,7,A_fixed_raw,0.0001,0.0001,12,9,9,-0.03068735357270036,0.9924333042822502
0.5,tuning,29,80000,7,A_fixed_raw,0.001,0.001,105,98,98,0.09649854166776661,0.9924333042822502
0.5,tuning,29,80000,7,C_fixed_crossing,10,0.00011672845179340822,16,10,10,-0.27416327973079546,0.9924333042822502
0.5,tuning,29,80000,7,C_fixed_crossing,25,0.00027365764062009697,31,25,25,-0.002475329635566335,0.9924333042822502
0.5,tuning,29,80000,7,C_fixed_crossing,50,0.0005045111336449678,55,50,50,-0.028014566564870537,0.9924333042822502
0.5,tuning,29,80000,7,C_fixed_crossing,100,0.0010224650467285852,106,100,100,0.09600572521549897,0.9924333042822502
0.5,tuning,29,80000,7,D_growing_crossing,10,0.00011672845179340822,16,10,10,-0.27416327973079546,0.9924333042822502
0.5,tuning,29,80000,7,D_growing_crossing,25,0.00027365764062009697,31,25,25,-0.002475329635566335,0.9924333042822502
0.5,tuning,29,80000,7,D_growing_crossing,50,0.0005045111336449678,55,50,50,-0.028014566564870537,0.9924333042822502
0.5,tuning,29,80000,8,A_fixed_raw,1.0e-5,1.0e-5,0,0,0,0.0,0.36414053330894147
0.5,tuning,29,80000,8,A_fixed_raw,0.0001,0.0001,11,7,7,-0.4228684541476846,0.36414053330894147
0.5,tuning,29,80000,8,A_fixed_raw,0.001,0.001,82,80,80,-0.26984155143874866,0.36414053330894147
0.5,tuning,29,80000,8,C_fixed_crossing,10,0.0001340501195901282,14,10,10,-0.45245191872176627,0.36414053330894147
0.5,tuning,29,80000,8,C_fixed_crossing,25,0.00036619621642229225,32,25,25,-0.36002761743416445,0.36414053330894147
0.5,tuning,29,80000,8,C_fixed_crossing,50,0.0006702153532655141,58,50,50,-0.29298425774637643,0.36414053330894147
0.5,tuning,29,80000,8,C_fixed_crossing,100,0.0012177334479996176,101,100,100,-0.33099770135170037,0.36414053330894147
0.5,tuning,29,80000,8,D_growing_crossing,10,0.0001340501195901282,14,10,10,-0.45245191872176627,0.36414053330894147
0.5,tuning,29,80000,8,D_growing_crossing,25,0.00036619621642229225,32,25,25,-0.36002761743416445,0.36414053330894147
0.5,tuning,29,80000,8,D_growing_crossing,50,0.0006702153532655141,58,50,50,-0.29298425774637643,0.36414053330894147
0.5,tuning,29,80000,9,A_fixed_raw,1.0e-5,1.0e-5,2,7,2,4.047900419157369,1.4440302098093005
0.5,tuning,29,80000,9,A_fixed_raw,0.0001,0.0001,24,32,24,1.345303373359863,1.4440302098093005
0.5,tuning,29,80000,9,A_fixed_raw,0.001,0.001,256,262,256,1.2588355867646228,1.4440302098093005
0.5,tuning,29,80000,9,C_fixed_crossing,10,4.241968326695217e-5,10,13,10,1.889521575227076,1.4440302098093005
0.5,tuning,29,80000,9,C_fixed_crossing,25,0.0001009075328849811,25,33,25,1.5440629166802773,1.4440302098093005
0.5,tuning,29,80000,9,C_fixed_crossing,50,0.00021363738085332433,51,57,51,1.2027033088590506,1.4440302098093005
0.5,tuning,29,80000,9,C_fixed_crossing,100,0.0003996370414275126,100,109,100,1.1490714308755747,1.4440302098093005
0.5,tuning,29,80000,9,D_growing_crossing,10,4.241968326695217e-5,10,13,10,1.889521575227076,1.4440302098093005
0.5,tuning,29,80000,9,D_growing_crossing,25,0.0001009075328849811,25,33,25,1.5440629166802773,1.4440302098093005
0.5,tuning,29,80000,9,D_growing_crossing,50,0.00021363738085332433,51,57,51,1.2027033088590506,1.4440302098093005
0.5,tuning,29,80000,10,A_fixed_raw,1.0e-5,1.0e-5,1,0,0,-0.004483899995744167,0.08745637221810908
0.5,tuning,29,80000,10,A_fixed_raw,0.0001,0.0001,4,4,4,-0.09955064064925967,0.08745637221810908
0.5,tuning,29,80000,10,A_fixed_raw,0.001,0.001,35,30,30,-0.08949033985253263,0.08745637221810908
0.5,tuning,29,80000,10,C_fixed_crossing,10,0.0002776725138146598,12,10,10,-0.1635405974662433,0.08745637221810908
0.5,tuning,29,80000,10,C_fixed_crossing,25,0.0007585418369957446,27,25,25,-0.11635364015670563,0.08745637221810908
0.5,tuning,29,80000,10,C_fixed_crossing,50,0.0016059543493958499,56,50,50,-0.09592873012312987,0.08745637221810908
0.5,tuning,29,80000,10,C_fixed_crossing,100,0.0031612604949946685,104,101,101,-0.08615311686055656,0.08745637221810908
0.5,tuning,29,80000,10,D_growing_crossing,10,0.0002776725138146598,12,10,10,-0.1635405974662433,0.08745637221810908
0.5,tuning,29,80000,10,D_growing_crossing,25,0.0007585418369957446,27,25,25,-0.11635364015670563,0.08745637221810908
0.5,tuning,29,80000,10,D_growing_crossing,50,0.0016059543493958499,56,50,50,-0.09592873012312987,0.08745637221810908
0.5,tuning,29,80000,11,A_fixed_raw,1.0e-5,1.0e-5,2,1,1,0.17541479473692775,0.760287900075816
0.5,tuning,29,80000,11,A_fixed_raw,0.0001,0.0001,11,8,8,0.22393400091108573,0.760287900075816
0.5,tuning,29,80000,11,A_fixed_raw,0.001,0.001,90,90,90,0.3407469990577283,0.760287900075816
0.5,tuning,29,80000,11,C_fixed_crossing,10,0.00011758160450839066,13,10,10,0.24567502478101677,0.760287900075816
0.5,tuning,29,80000,11,C_fixed_crossing,25,0.00031887712988452947,31,25,25,0.34041907359621254,0.760287900075816
0.5,tuning,29,80000,11,C_fixed_crossing,50,0.0005586604808614669,54,50,50,0.21677568388635102,0.760287900075816
0.5,tuning,29,80000,11,C_fixed_crossing,100,0.001115835958737614,103,100,100,0.31985194558448526,0.760287900075816
0.5,tuning,29,80000,11,D_growing_crossing,10,0.00011758160450839066,13,10,10,0.24567502478101677,0.760287900075816
0.5,tuning,29,80000,11,D_growing_crossing,25,0.00031887712988452947,31,25,25,0.34041907359621254,0.760287900075816
0.5,tuning,29,80000,11,D_growing_crossing,50,0.0005586604808614669,54,50,50,0.21677568388635102,0.760287900075816
0.5,tuning,29,80000,12,A_fixed_raw,1.0e-5,1.0e-5,4,1,1,-0.9347654393421222,0.8440821262399694
0.5,tuning,29,80000,12,A_fixed_raw,0.0001,0.0001,15,11,11,-0.855629009550718,0.8440821262399694
0.5,tuning,29,80000,12,A_fixed_raw,0.001,0.001,141,138,138,-0.725599925755771,0.8440821262399694
0.5,tuning,29,80000,12,C_fixed_crossing,10,9.046565566972513e-5,15,10,10,-0.9453592472827235,0.8440821262399694
0.5,tuning,29,80000,12,C_fixed_crossing,25,0.0002248101125347713,35,25,25,-0.7688147043062016,0.8440821262399694
0.5,tuning,29,80000,12,C_fixed_crossing,50,0.0003742844836841116,53,50,50,-0.7552518627738871,0.8440821262399694
0.5,tuning,29,80000,12,C_fixed_crossing,100,0.0007475740633170672,108,101,101,-0.72358553478329,0.8440821262399694
0.5,tuning,29,80000,12,D_growing_crossing,10,9.046565566972513e-5,15,10,10,-0.9453592472827235,0.8440821262399694
0.5,tuning,29,80000,12,D_growing_crossing,25,0.0002248101125347713,35,25,25,-0.7688147043062016,0.8440821262399694
0.5,tuning,29,80000,12,D_growing_crossing,50,0.0003742844836841116,53,50,50,-0.7552518627738871,0.8440821262399694
0.5,tuning,29,80000,13,A_fixed_raw,1.0e-5,1.0e-5,0,0,0,0.0,0.3071677326761748
0.5,tuning,29,80000,13,A_fixed_raw,0.0001,0.0001,2,4,2,0.39873725284800265,0.3071677326761748
0.5,tuning,29,80000,13,A_fixed_raw,0.001,0.001,23,26,23,0.041399908284750486,0.3071677326761748
0.5,tuning,29,80000,13,C_fixed_crossing,10,0.0005965019429509032,10,19,10,0.05596803241681574,0.3071677326761748
0.5,tuning,29,80000,13,C_fixed_crossing,25,0.0011239914552172287,25,28,25,0.018727970907249085,0.3071677326761748
0.5,tuning,29,80000,13,C_fixed_crossing,50,0.0023452619243735104,50,55,50,0.03445824480559611,0.3071677326761748
0.5,tuning,29,80000,13,C_fixed_crossing,100,0.004684289792323911,100,109,100,0.06936121711717608,0.3071677326761748
0.5,tuning,29,80000,13,D_growing_crossing,10,0.0005965019429509032,10,19,10,0.05596803241681574,0.3071677326761748
0.5,tuning,29,80000,13,D_growing_crossing,25,0.0011239914552172287,25,28,25,0.018727970907249085,0.3071677326761748
0.5,tuning,29,80000,13,D_growing_crossing,50,0.0023452619243735104,50,55,50,0.03445824480559611,0.3071677326761748
0.5,tuning,29,80000,14,A_fixed_raw,1.0e-5,1.0e-5,3,3,3,2.0417366605712806,1.2972022936396106
0.5,tuning,29,80000,14,A_fixed_raw,0.0001,0.0001,18,23,18,1.2859645653176544,1.2972022936396106
0.5,tuning,29,80000,14,A_fixed_raw,0.001,0.001,202,210,202,1.2394494223716412,1.2972022936396106
0.5,tuning,29,80000,14,C_fixed_crossing,10,4.272972308493885e-5,10,11,10,1.9838259782969139,1.2972022936396106
0.5,tuning,29,80000,14,C_fixed_crossing,25,0.00013701091805035448,25,32,25,1.247550645803374,1.2972022936396106
0.5,tuning,29,80000,14,C_fixed_crossing,50,0.00024893905643631883,50,51,50,1.1230682339363058,1.2972022936396106
0.5,tuning,29,80000,14,C_fixed_crossing,100,0.0005008504841308905,100,104,100,1.0782379634909731,1.2972022936396106
0.5,tuning,29,80000,14,D_growing_crossing,10,4.272972308493885e-5,10,11,10,1.9838259782969139,1.2972022936396106
0.5,tuning,29,80000,14,D_growing_crossing,25,0.00013701091805035448,25,32,25,1.247550645803374,1.2972022936396106
0.5,tuning,29,80000,14,D_growing_crossing,50,0.00024893905643631883,50,51,50,1.1230682339363058,1.2972022936396106
0.5,tuning,29,80000,1,B_power_scaled_anchor25,0.3333333333333333,0.0008040458116173869,28,25,25,-0.3470488017656327,0.3819730496717949
0.5,tuning,29,80000,1,B_power_scaled_anchor25,0.5,0.0008040458116173869,28,25,25,-0.3470488017656327,0.3819730496717949
0.5,tuning,29,80000,1,B_power_scaled_anchor25,0.6666666666666666,0.0008040458116173869,28,25,25,-0.3470488017656327,0.3819730496717949
0.5,tuning,29,80000,1,B_power_scaled_anchor100,0.3333333333333333,0.0028757143523936005,100,100,100,-0.3220024085631656,0.3819730496717949
0.5,tuning,29,80000,1,B_power_scaled_anchor100,0.5,0.0028757143523936005,100,100,100,-0.3220024085631656,0.3819730496717949
0.5,tuning,29,80000,1,B_power_scaled_anchor100,0.6666666666666666,0.0028757143523936005,100,100,100,-0.3220024085631656,0.3819730496717949
0.5,tuning,29,80000,2,B_power_scaled_anchor25,0.3333333333333333,0.0007314190286156662,28,25,25,-0.10698773414219453,0.07251655396717029
0.5,tuning,29,80000,2,B_power_scaled_anchor25,0.5,0.0007314190286156662,28,25,25,-0.10698773414219453,0.07251655396717029
0.5,tuning,29,80000,2,B_power_scaled_anchor25,0.6666666666666666,0.0007314190286156662,28,25,25,-0.10698773414219453,0.07251655396717029
0.5,tuning,29,80000,2,B_power_scaled_anchor100,0.3333333333333333,0.002939230973286228,107,100,100,-0.056700896324977074,0.07251655396717029
0.5,tuning,29,80000,2,B_power_scaled_anchor100,0.5,0.002939230973286228,107,100,100,-0.056700896324977074,0.07251655396717029
0.5,tuning,29,80000,2,B_power_scaled_anchor100,0.6666666666666666,0.002939230973286228,107,100,100,-0.056700896324977074,0.07251655396717029
0.5,tuning,29,80000,3,B_power_scaled_anchor25,0.3333333333333333,0.0012266336996634068,25,29,25,-1.940565785291154,0.2982316007191014
0.5,tuning,29,80000,3,B_power_scaled_anchor25,0.5,0.0012266336996634068,25,29,25,-1.940565785291154,0.2982316007191014
0.5,tuning,29,80000,3,B_power_scaled_anchor25,0.6666666666666666,0.0012266336996634068,25,29,25,-1.940565785291154,0.2982316007191014
0.5,tuning,29,80000,3,B_power_scaled_anchor100,0.3333333333333333,0.004650301358752225,100,112,100,-1.9850498884410397,0.2982316007191014
0.5,tuning,29,80000,3,B_power_scaled_anchor100,0.5,0.004650301358752225,100,112,100,-1.9850498884410397,0.2982316007191014
0.5,tuning,29,80000,3,B_power_scaled_anchor100,0.6666666666666666,0.004650301358752225,100,112,100,-1.9850498884410397,0.2982316007191014
0.5,tuning,29,80000,4,B_power_scaled_anchor25,0.3333333333333333,0.0001452300313988595,25,28,25,1.3265474691908137,1.5901957092207055
0.5,tuning,29,80000,4,B_power_scaled_anchor25,0.5,0.0001452300313988595,25,28,25,1.3265474691908137,1.5901957092207055
0.5,tuning,29,80000,4,B_power_scaled_anchor25,0.6666666666666666,0.0001452300313988595,25,28,25,1.3265474691908137,1.5901957092207055
0.5,tuning,29,80000,4,B_power_scaled_anchor100,0.3333333333333333,0.0005505827962586279,100,102,100,1.371214163284536,1.5901957092207055
0.5,tuning,29,80000,4,B_power_scaled_anchor100,0.5,0.0005505827962586279,100,102,100,1.371214163284536,1.5901957092207055
0.5,tuning,29,80000,4,B_power_scaled_anchor100,0.6666666666666666,0.0005505827962586279,100,102,100,1.371214163284536,1.5901957092207055
0.5,tuning,29,80000,5,B_power_scaled_anchor25,0.3333333333333333,0.0002638725986009514,38,25,25,-1.4944297448076773,0.751197942485476
0.5,tuning,29,80000,5,B_power_scaled_anchor25,0.5,0.0002638725986009514,38,25,25,-1.4944297448076773,0.751197942485476
0.5,tuning,29,80000,5,B_power_scaled_anchor25,0.6666666666666666,0.0002638725986009514,38,25,25,-1.4944297448076773,0.751197942485476
0.5,tuning,29,80000,5,B_power_scaled_anchor100,0.3333333333333333,0.000839956383812522,110,101,101,-1.577779102054564,0.751197942485476
0.5,tuning,29,80000,5,B_power_scaled_anchor100,0.5,0.000839956383812522,110,101,101,-1.577779102054564,0.751197942485476
0.5,tuning,29,80000,5,B_power_scaled_anchor100,0.6666666666666666,0.000839956383812522,110,101,101,-1.577779102054564,0.751197942485476
0.5,tuning,29,80000,6,B_power_scaled_anchor25,0.3333333333333333,0.00019434022703931545,33,25,25,-0.9985006344990952,1.1372293674543315
0.5,tuning,29,80000,6,B_power_scaled_anchor25,0.5,0.00019434022703931545,33,25,25,-0.9985006344990952,1.1372293674543315
0.5,tuning,29,80000,6,B_power_scaled_anchor25,0.6666666666666666,0.00019434022703931545,33,25,25,-0.9985006344990952,1.1372293674543315
0.5,tuning,29,80000,6,B_power_scaled_anchor100,0.3333333333333333,0.0006605246942246045,100,100,100,-0.9334021869469634,1.1372293674543315
0.5,tuning,29,80000,6,B_power_scaled_anchor100,0.5,0.0006605246942246045,100,100,100,-0.9334021869469634,1.1372293674543315
0.5,tuning,29,80000,6,B_power_scaled_anchor100,0.6666666666666666,0.0006605246942246045,100,100,100,-0.9334021869469634,1.1372293674543315
0.5,tuning,29,80000,7,B_power_scaled_anchor25,0.3333333333333333,0.00027365764062009697,31,25,25,-0.002475329635566335,0.9924333042822502
0.5,tuning,29,80000,7,B_power_scaled_anchor25,0.5,0.00027365764062009697,31,25,25,-0.002475329635566335,0.9924333042822502
0.5,tuning,29,80000,7,B_power_scaled_anchor25,0.6666666666666666,0.00027365764062009697,31,25,25,-0.002475329635566335,0.9924333042822502
0.5,tuning,29,80000,7,B_power_scaled_anchor100,0.3333333333333333,0.0010224650467285852,106,100,100,0.09600572521549897,0.9924333042822502
0.5,tuning,29,80000,7,B_power_scaled_anchor100,0.5,0.0010224650467285852,106,100,100,0.09600572521549897,0.9924333042822502
0.5,tuning,29,80000,7,B_power_scaled_anchor100,0.6666666666666666,0.0010224650467285852,106,100,100,0.09600572521549897,0.9924333042822502
0.5,tuning,29,80000,8,B_power_scaled_anchor25,0.3333333333333333,0.00036619621642229225,32,25,25,-0.36002761743416445,0.36414053330894147
0.5,tuning,29,80000,8,B_power_scaled_anchor25,0.5,0.00036619621642229225,32,25,25,-0.36002761743416445,0.36414053330894147
0.5,tuning,29,80000,8,B_power_scaled_anchor25,0.6666666666666666,0.00036619621642229225,32,25,25,-0.36002761743416445,0.36414053330894147
0.5,tuning,29,80000,8,B_power_scaled_anchor100,0.3333333333333333,0.0012177334479996176,101,100,100,-0.33099770135170037,0.36414053330894147
0.5,tuning,29,80000,8,B_power_scaled_anchor100,0.5,0.0012177334479996176,101,100,100,-0.33099770135170037,0.36414053330894147
0.5,tuning,29,80000,8,B_power_scaled_anchor100,0.6666666666666666,0.0012177334479996176,101,100,100,-0.33099770135170037,0.36414053330894147
0.5,tuning,29,80000,9,B_power_scaled_anchor25,0.3333333333333333,0.0001009075328849811,25,33,25,1.5440629166802773,1.4440302098093005
0.5,tuning,29,80000,9,B_power_scaled_anchor25,0.5,0.0001009075328849811,25,33,25,1.5440629166802773,1.4440302098093005
0.5,tuning,29,80000,9,B_power_scaled_anchor25,0.6666666666666666,0.0001009075328849811,25,33,25,1.5440629166802773,1.4440302098093005
0.5,tuning,29,80000,9,B_power_scaled_anchor100,0.3333333333333333,0.0003996370414275126,100,109,100,1.1490714308755747,1.4440302098093005
0.5,tuning,29,80000,9,B_power_scaled_anchor100,0.5,0.0003996370414275126,100,109,100,1.1490714308755747,1.4440302098093005
0.5,tuning,29,80000,9,B_power_scaled_anchor100,0.6666666666666666,0.0003996370414275126,100,109,100,1.1490714308755747,1.4440302098093005
0.5,tuning,29,80000,10,B_power_scaled_anchor25,0.3333333333333333,0.0007585418369957446,27,25,25,-0.11635364015670563,0.08745637221810908
0.5,tuning,29,80000,10,B_power_scaled_anchor25,0.5,0.0007585418369957446,27,25,25,-0.11635364015670563,0.08745637221810908
0.5,tuning,29,80000,10,B_power_scaled_anchor25,0.6666666666666666,0.0007585418369957446,27,25,25,-0.11635364015670563,0.08745637221810908
0.5,tuning,29,80000,10,B_power_scaled_anchor100,0.3333333333333333,0.0031612604949946685,104,101,101,-0.08615311686055656,0.08745637221810908
0.5,tuning,29,80000,10,B_power_scaled_anchor100,0.5,0.0031612604949946685,104,101,101,-0.08615311686055656,0.08745637221810908
0.5,tuning,29,80000,10,B_power_scaled_anchor100,0.6666666666666666,0.0031612604949946685,104,101,101,-0.08615311686055656,0.08745637221810908
0.5,tuning,29,80000,11,B_power_scaled_anchor25,0.3333333333333333,0.00031887712988452947,31,25,25,0.34041907359621254,0.760287900075816
0.5,tuning,29,80000,11,B_power_scaled_anchor25,0.5,0.00031887712988452947,31,25,25,0.34041907359621254,0.760287900075816
0.5,tuning,29,80000,11,B_power_scaled_anchor25,0.6666666666666666,0.00031887712988452947,31,25,25,0.34041907359621254,0.760287900075816
0.5,tuning,29,80000,11,B_power_scaled_anchor100,0.3333333333333333,0.001115835958737614,103,100,100,0.31985194558448526,0.760287900075816
0.5,tuning,29,80000,11,B_power_scaled_anchor100,0.5,0.001115835958737614,103,100,100,0.31985194558448526,0.760287900075816
0.5,tuning,29,80000,11,B_power_scaled_anchor100,0.6666666666666666,0.001115835958737614,103,100,100,0.31985194558448526,0.760287900075816
0.5,tuning,29,80000,12,B_power_scaled_anchor25,0.3333333333333333,0.0002248101125347713,35,25,25,-0.7688147043062016,0.8440821262399694
0.5,tuning,29,80000,12,B_power_scaled_anchor25,0.5,0.0002248101125347713,35,25,25,-0.7688147043062016,0.8440821262399694
0.5,tuning,29,80000,12,B_power_scaled_anchor25,0.6666666666666666,0.0002248101125347713,35,25,25,-0.7688147043062016,0.8440821262399694
0.5,tuning,29,80000,12,B_power_scaled_anchor100,0.3333333333333333,0.0007475740633170672,108,101,101,-0.72358553478329,0.8440821262399694
0.5,tuning,29,80000,12,B_power_scaled_anchor100,0.5,0.0007475740633170672,108,101,101,-0.72358553478329,0.8440821262399694
0.5,tuning,29,80000,12,B_power_scaled_anchor100,0.6666666666666666,0.0007475740633170672,108,101,101,-0.72358553478329,0.8440821262399694
0.5,tuning,29,80000,13,B_power_scaled_anchor25,0.3333333333333333,0.0011239914552172287,25,28,25,0.018727970907249085,0.3071677326761748
0.5,tuning,29,80000,13,B_power_scaled_anchor25,0.5,0.0011239914552172287,25,28,25,0.018727970907249085,0.3071677326761748
0.5,tuning,29,80000,13,B_power_scaled_anchor25,0.6666666666666666,0.0011239914552172287,25,28,25,0.018727970907249085,0.3071677326761748
0.5,tuning,29,80000,13,B_power_scaled_anchor100,0.3333333333333333,0.004684289792323911,100,109,100,0.06936121711717608,0.3071677326761748
0.5,tuning,29,80000,13,B_power_scaled_anchor100,0.5,0.004684289792323911,100,109,100,0.06936121711717608,0.3071677326761748
0.5,tuning,29,80000,13,B_power_scaled_anchor100,0.6666666666666666,0.004684289792323911,100,109,100,0.06936121711717608,0.3071677326761748
0.5,tuning,29,80000,14,B_power_scaled_anchor25,0.3333333333333333,0.00013701091805035448,25,32,25,1.247550645803374,1.2972022936396106
0.5,tuning,29,80000,14,B_power_scaled_anchor25,0.5,0.00013701091805035448,25,32,25,1.247550645803374,1.2972022936396106
0.5,tuning,29,80000,14,B_power_scaled_anchor25,0.6666666666666666,0.00013701091805035448,25,32,25,1.247550645803374,1.2972022936396106
0.5,tuning,29,80000,14,B_power_scaled_anchor100,0.3333333333333333,0.0005008504841308905,100,104,100,1.0782379634909731,1.2972022936396106
0.5,tuning,29,80000,14,B_power_scaled_anchor100,0.5,0.0005008504841308905,100,104,100,1.0782379634909731,1.2972022936396106
0.5,tuning,29,80000,14,B_power_scaled_anchor100,0.6666666666666666,0.0005008504841308905,100,104,100,1.0782379634909731,1.2972022936396106
0.5,tuning,29,320000,1,A_fixed_raw,1.0e-5,1.0e-5,2,2,2,-0.515234072775983,0.3819730496717949
0.5,tuning,29,320000,1,A_fixed_raw,0.0001,0.0001,13,14,13,-0.32303754256862716,0.3819730496717949
0.5,tuning,29,320000,1,A_fixed_raw,0.001,0.001,138,138,138,-0.3580879576889906,0.3819730496717949
0.5,tuning,29,320000,1,C_fixed_crossing,10,7.707353601500269e-5,10,12,10,-0.3716980660744451,0.3819730496717949
0.5,tuning,29,320000,1,C_fixed_crossing,25,0.00018739129887023167,25,26,25,-0.3971130081771942,0.3819730496717949
0.5,tuning,29,320000,1,C_fixed_crossing,50,0.00036887269581919123,50,51,50,-0.387418457982945,0.3819730496717949
0.5,tuning,29,320000,1,C_fixed_crossing,100,0.0007261119728677686,100,101,100,-0.3897604708072654,0.3819730496717949
0.5,tuning,29,320000,1,D_growing_crossing,10,0.00014736072345184788,20,20,20,-0.38805758710160204,0.3819730496717949
0.5,tuning,29,320000,1,D_growing_crossing,25,0.00036887269581919123,50,51,50,-0.387418457982945,0.3819730496717949
0.5,tuning,29,320000,1,D_growing_crossing,50,0.0007261119728677686,100,101,100,-0.3897604708072654,0.3819730496717949
0.5,tuning,29,320000,2,A_fixed_raw,1.0e-5,1.0e-5,2,2,2,0.00568298783309995,0.07251655396717029
0.5,tuning,29,320000,2,A_fixed_raw,0.0001,0.0001,14,13,13,-0.06198391798106773,0.07251655396717029
0.5,tuning,29,320000,2,A_fixed_raw,0.001,0.001,142,139,139,-0.07008398555150008,0.07251655396717029
0.5,tuning,29,320000,2,C_fixed_crossing,10,8.472660868106569e-5,13,10,10,-0.05663426448885207,0.07251655396717029
0.5,tuning,29,320000,2,C_fixed_crossing,25,0.0001806908401170518,26,25,25,-0.06889683544906651,0.07251655396717029
0.5,tuning,29,320000,2,C_fixed_crossing,50,0.0003454717961245209,50,50,50,-0.07027457214196776,0.07251655396717029
0.5,tuning,29,320000,2,C_fixed_crossing,100,0.0007208434242404263,102,100,100,-0.06726126741737638,0.07251655396717029
0.5,tuning,29,320000,2,D_growing_crossing,10,0.00014417626626184708,20,20,20,-0.0612255575814992,0.07251655396717029
0.5,tuning,29,320000,2,D_growing_crossing,25,0.0003454717961245209,50,50,50,-0.07027457214196776,0.07251655396717029
0.5,tuning,29,320000,2,D_growing_crossing,50,0.0007208434242404263,102,100,100,-0.06726126741737638,0.07251655396717029
0.5,tuning,29,320000,3,A_fixed_raw,1.0e-5,1.0e-5,2,0,0,-2.049121543357124,0.2982316007191014
0.5,tuning,29,320000,3,A_fixed_raw,0.0001,0.0001,11,9,9,-2.3327296328917724,0.2982316007191014
0.5,tuning,29,320000,3,A_fixed_raw,0.001,0.001,93,93,93,-1.8577065880037713,0.2982316007191014
0.5,tuning,29,320000,3,C_fixed_crossing,10,0.0001009075328849811,11,10,10,-2.2742330299738436,0.2982316007191014
0.5,tuning,29,320000,3,C_fixed_crossing,25,0.0002776725138146598,26,25,25,-2.05187207274943,0.2982316007191014
0.5,tuning,29,320000,3,C_fixed_crossing,50,0.0005505827962586279,53,50,50,-1.8514630197293598,0.2982316007191014
0.5,tuning,29,320000,3,C_fixed_crossing,100,0.0010838014441013708,101,100,100,-1.9046544099375444,0.2982316007191014
0.5,tuning,29,320000,3,D_growing_crossing,10,0.0002248101125347713,21,20,20,-2.029490645906166,0.2982316007191014
0.5,tuning,29,320000,3,D_growing_crossing,25,0.0005505827962586279,53,50,50,-1.8514630197293598,0.2982316007191014
0.5,tuning,29,320000,3,D_growing_crossing,50,0.0010838014441013708,101,100,100,-1.9046544099375444,0.2982316007191014
0.5,tuning,29,320000,4,A_fixed_raw,1.0e-5,1.0e-5,9,7,7,1.8601673357071522,1.5901957092207055
0.5,tuning,29,320000,4,A_fixed_raw,0.0001,0.0001,77,70,70,1.5608145374113036,1.5901957092207055
0.5,tuning,29,320000,4,A_fixed_raw,0.001,0.001,729,732,729,1.5019346561607472,1.5901957092207055
0.5,tuning,29,320000,4,C_fixed_crossing,10,1.2390202709015413e-5,11,10,10,1.9869192313008674,1.5901957092207055
0.5,tuning,29,320000,4,C_fixed_crossing,25,3.4847825726056256e-5,27,25,25,1.642156967550277,1.5901957092207055
0.5,tuning,29,320000,4,C_fixed_crossing,50,6.859662906712338e-5,52,50,50,1.574932419312077,1.5901957092207055
0.5,tuning,29,320000,4,C_fixed_crossing,100,0.0001420916183478184,107,100,100,1.5946203776655024,1.5901957092207055
0.5,tuning,29,320000,4,D_growing_crossing,10,2.8836769614858702e-5,22,20,20,1.5190989100596053,1.5901957092207055
0.5,tuning,29,320000,4,D_growing_crossing,25,6.859662906712338e-5,52,50,50,1.574932419312077,1.5901957092207055
0.5,tuning,29,320000,4,D_growing_crossing,50,0.0001420916183478184,107,100,100,1.5946203776655024,1.5901957092207055
0.5,tuning,29,320000,5,A_fixed_raw,1.0e-5,1.0e-5,6,5,5,-1.9553085361334597,0.751197942485476
0.5,tuning,29,320000,5,A_fixed_raw,0.0001,0.0001,50,49,49,-1.5988801135419228,0.751197942485476
0.5,tuning,29,320000,5,A_fixed_raw,0.001,0.001,497,498,497,-1.5707856341237725,0.751197942485476
0.5,tuning,29,320000,5,C_fixed_crossing,10,1.917952394909596e-5,11,10,10,-2.001241635535683,0.751197942485476
0.5,tuning,29,320000,5,C_fixed_crossing,25,5.239435163813839e-5,25,26,25,-1.576699024874592,0.751197942485476
0.5,tuning,29,320000,5,C_fixed_crossing,50,0.0001001753644815736,50,50,50,-1.602011710720585,0.751197942485476
0.5,tuning,29,320000,5,C_fixed_crossing,100,0.0002015468384785948,100,101,100,-1.6307598064774809,0.751197942485476
0.5,tuning,29,320000,5,D_growing_crossing,10,4.150299622706299e-5,20,20,20,-1.5401583200826179,0.751197942485476
0.5,tuning,29,320000,5,D_growing_crossing,25,0.0001001753644815736,50,50,50,-1.602011710720585,0.751197942485476
0.5,tuning,29,320000,5,D_growing_crossing,50,0.0002015468384785948,100,101,100,-1.6307598064774809,0.751197942485476
0.5,tuning,29,320000,6,A_fixed_raw,1.0e-5,1.0e-5,5,7,5,-0.9379263008618687,1.1372293674543315
0.5,tuning,29,320000,6,A_fixed_raw,0.0001,0.0001,58,63,58,-1.0982898330680335,1.1372293674543315
0.5,tuning,29,320000,6,A_fixed_raw,0.001,0.001,611,608,608,-1.077581574856351,1.1372293674543315
0.5,tuning,29,320000,6,C_fixed_crossing,10,1.694621284162583e-5,10,12,10,-1.4246243634907227,1.1372293674543315
0.5,tuning,29,320000,6,C_fixed_crossing,25,4.031148744866878e-5,25,25,25,-1.0852252630629633,1.1372293674543315
0.5,tuning,29,320000,6,C_fixed_crossing,50,8.534586418490326e-5,50,54,50,-1.1088331179549726,1.1372293674543315
0.5,tuning,29,320000,6,C_fixed_crossing,100,0.00016678112986155937,100,106,100,-1.1602539244799537,1.1372293674543315
0.5,tuning,29,320000,6,D_growing_crossing,10,3.5359083519112245e-5,20,24,20,-1.0660147164447562,1.1372293674543315
0.5,tuning,29,320000,6,D_growing_crossing,25,8.534586418490326e-5,50,54,50,-1.1088331179549726,1.1372293674543315
0.5,tuning,29,320000,6,D_growing_crossing,50,0.00016678112986155937,100,106,100,-1.1602539244799537,1.1372293674543315
0.5,tuning,29,320000,7,A_fixed_raw,1.0e-5,1.0e-5,5,4,4,-0.04070605067463262,0.9924333042822502
0.5,tuning,29,320000,7,A_fixed_raw,0.0001,0.0001,39,41,39,-0.1964403693238692,0.9924333042822502
0.5,tuning,29,320000,7,A_fixed_raw,0.001,0.001,405,407,405,-0.13342088161966137,0.9924333042822502
0.5,tuning,29,320000,7,C_fixed_crossing,10,2.154965557264874e-5,10,10,10,-0.32788966145112747,0.9924333042822502
0.5,tuning,29,320000,7,C_fixed_crossing,25,6.060906826857519e-5,25,25,25,-0.322499720563028,0.9924333042822502
0.5,tuning,29,320000,7,C_fixed_crossing,50,0.00012646371947246928,50,53,50,-0.2751458684471875,0.9924333042822502
0.5,tuning,29,320000,7,C_fixed_crossing,100,0.00024893905643631883,100,102,100,-0.20277339386130552,0.9924333042822502
0.5,tuning,29,320000,7,D_growing_crossing,10,4.907050853143052e-5,20,20,20,-0.1102297770512054,0.9924333042822502
0.5,tuning,29,320000,7,D_growing_crossing,25,0.00012646371947246928,50,53,50,-0.2751458684471875,0.9924333042822502
0.5,tuning,29,320000,7,D_growing_crossing,50,0.00024893905643631883,100,102,100,-0.20277339386130552,0.9924333042822502
0.5,tuning,29,320000,8,A_fixed_raw,1.0e-5,1.0e-5,2,4,2,-0.41289248138565154,0.36414053330894147
0.5,tuning,29,320000,8,A_fixed_raw,0.0001,0.0001,31,33,31,-0.31807430951852345,0.36414053330894147
0.5,tuning,29,320000,8,A_fixed_raw,0.001,0.001,323,325,323,-0.33290742672542617,0.36414053330894147
0.5,tuning,29,320000,8,C_fixed_crossing,10,2.8836769614858702e-5,10,10,10,-0.31998870615128916,0.36414053330894147
0.5,tuning,29,320000,8,C_fixed_crossing,25,7.540798110883424e-5,25,26,25,-0.33637578966113274,0.36414053330894147
0.5,tuning,29,320000,8,C_fixed_crossing,50,0.0001539421990615524,50,50,50,-0.36661217701015525,0.36414053330894147
0.5,tuning,29,320000,8,C_fixed_crossing,100,0.00031426647820876783,100,102,100,-0.35236775679054966,0.36414053330894147
0.5,tuning,29,320000,8,D_growing_crossing,10,5.973272037156529e-5,20,20,20,-0.40676688992823423,0.36414053330894147
0.5,tuning,29,320000,8,D_growing_crossing,25,0.0001539421990615524,50,50,50,-0.36661217701015525,0.36414053330894147
0.5,tuning,29,320000,8,D_growing_crossing,50,0.00031426647820876783,100,102,100,-0.35236775679054966,0.36414053330894147
0.5,tuning,29,320000,9,A_fixed_raw,1.0e-5,1.0e-5,10,11,10,1.7964663696606873,1.4440302098093005
0.5,tuning,29,320000,9,A_fixed_raw,0.0001,0.0001,104,100,100,1.376865144084305,1.4440302098093005
0.5,tuning,29,320000,9,A_fixed_raw,0.001,0.001,1026,1035,1026,1.3120458454675687,1.4440302098093005
0.5,tuning,29,320000,9,C_fixed_crossing,10,9.814617801482606e-6,10,10,10,1.2803653710864082,1.4440302098093005
0.5,tuning,29,320000,9,C_fixed_crossing,25,2.6232040159112766e-5,26,25,25,1.1598303100656668,1.4440302098093005
0.5,tuning,29,320000,9,C_fixed_crossing,50,4.7661744177271865e-5,50,50,50,1.4699870744585617,1.4440302098093005
0.5,tuning,29,320000,9,C_fixed_crossing,100,9.872692660744868e-5,103,100,100,1.3772791900554051,1.4440302098093005
0.5,tuning,29,320000,9,D_growing_crossing,10,1.904036048898112e-5,20,20,20,1.2773722026232381,1.4440302098093005
0.5,tuning,29,320000,9,D_growing_crossing,25,4.7661744177271865e-5,50,50,50,1.4699870744585617,1.4440302098093005
0.5,tuning,29,320000,9,D_growing_crossing,50,9.872692660744868e-5,103,100,100,1.3772791900554051,1.4440302098093005
0.5,tuning,29,320000,10,A_fixed_raw,1.0e-5,1.0e-5,3,1,1,-0.0060967245779641735,0.08745637221810908
0.5,tuning,29,320000,10,A_fixed_raw,0.0001,0.0001,12,13,12,-0.07056901846075325,0.08745637221810908
0.5,tuning,29,320000,10,A_fixed_raw,0.001,0.001,127,130,127,-0.09491188367874437,0.08745637221810908
0.5,tuning,29,320000,10,C_fixed_crossing,10,7.011173994012857e-5,10,10,10,-0.07792778383394262,0.08745637221810908
0.5,tuning,29,320000,10,C_fixed_crossing,25,0.00019014054534120028,26,25,25,-0.10333427616898933,0.08745637221810908
0.5,tuning,29,320000,10,C_fixed_crossing,50,0.0004025579353626508,50,54,50,-0.08506372472105873,0.08745637221810908
0.5,tuning,29,320000,10,C_fixed_crossing,100,0.0007866704255177681,100,102,100,-0.0983750291769013,0.08745637221810908
0.5,tuning,29,320000,10,D_growing_crossing,10,0.00015061551654288062,20,20,20,-0.0927005485807272,0.08745637221810908
0.5,tuning,29,320000,10,D_growing_crossing,25,0.0004025579353626508,50,54,50,-0.08506372472105873,0.08745637221810908
0.5,tuning,29,320000,10,D_growing_crossing,50,0.0007866704255177681,100,102,100,-0.0983750291769013,0.08745637221810908
0.5,tuning,29,320000,11,A_fixed_raw,1.0e-5,1.0e-5,4,4,4,0.4308657638868451,0.760287900075816
0.5,tuning,29,320000,11,A_fixed_raw,0.0001,0.0001,34,37,34,0.16861467267703656,0.760287900075816
0.5,tuning,29,320000,11,A_fixed_raw,0.001,0.001,363,363,363,0.14255947545588343,0.760287900075816
0.5,tuning,29,320000,11,C_fixed_crossing,10,2.4928346375723116e-5,10,10,10,0.030446037505837728,0.760287900075816
0.5,tuning,29,320000,11,C_fixed_crossing,25,6.760478884680258e-5,25,25,25,0.16972708399224584,0.760287900075816
0.5,tuning,29,320000,11,C_fixed_crossing,50,0.00014313014707074056,50,53,50,0.16674014500667847,0.760287900075816
0.5,tuning,29,320000,11,C_fixed_crossing,100,0.0002838055359549112,100,104,100,0.11466480211262664,0.760287900075816
0.5,tuning,29,320000,11,D_growing_crossing,10,5.759688678976135e-5,20,22,20,0.22121780268553723,0.760287900075816
0.5,tuning,29,320000,11,D_growing_crossing,25,0.00014313014707074056,50,53,50,0.16674014500667847,0.760287900075816
0.5,tuning,29,320000,11,D_growing_crossing,50,0.0002838055359549112,100,104,100,0.11466480211262664,0.760287900075816
0.5,tuning,29,320000,12,A_fixed_raw,1.0e-5,1.0e-5,7,5,5,-0.6599182732353048,0.8440821262399694
0.5,tuning,29,320000,12,A_fixed_raw,0.0001,0.0001,55,54,54,-0.8493862325051338,0.8440821262399694
0.5,tuning,29,320000,12,A_fixed_raw,0.001,0.001,559,560,559,-0.7768090690636886,0.8440821262399694
0.5,tuning,29,320000,12,C_fixed_crossing,10,1.610401100754734e-5,10,10,10,-0.8222088178379172,0.8440821262399694
0.5,tuning,29,320000,12,C_fixed_crossing,25,4.529302564785045e-5,25,25,25,-0.7152742890230955,0.8440821262399694
0.5,tuning,29,320000,12,C_fixed_crossing,50,9.112685710400692e-5,50,50,50,-0.8249486103679016,0.8440821262399694
0.5,tuning,29,320000,12,C_fixed_crossing,100,0.00017937977720493343,101,101,101,-0.8574515452519594,0.8440821262399694
0.5,tuning,29,320000,12,D_growing_crossing,10,3.561751835346618e-5,22,20,20,-0.9083474017078145,0.8440821262399694
0.5,tuning,29,320000,12,D_growing_crossing,25,9.112685710400692e-5,50,50,50,-0.8249486103679016,0.8440821262399694
0.5,tuning,29,320000,12,D_growing_crossing,50,0.00017937977720493343,101,101,101,-0.8574515452519594,0.8440821262399694
0.5,tuning,29,320000,13,A_fixed_raw,1.0e-5,1.0e-5,1,1,1,0.3699127169243254,0.3071677326761748
0.5,tuning,29,320000,13,A_fixed_raw,0.0001,0.0001,11,10,10,0.16969358501789378,0.3071677326761748
0.5,tuning,29,320000,13,A_fixed_raw,0.001,0.001,91,92,91,0.09717813211121418,0.3071677326761748
0.5,tuning,29,320000,13,C_fixed_crossing,10,9.801058032327285e-5,11,10,10,0.173138026994826,0.3071677326761748
0.5,tuning,29,320000,13,C_fixed_crossing,25,0.0002697008185683966,25,25,25,0.05773638843381363,0.3071677326761748
0.5,tuning,29,320000,13,C_fixed_crossing,50,0.0005465878583649445,52,50,50,0.07627137746277525,0.3071677326761748
0.5,tuning,29,320000,13,C_fixed_crossing,100,0.001107739637194357,100,101,100,0.08028079775613417,0.3071677326761748
0.5,tuning,29,320000,13,D_growing_crossing,10,0.00021835604302394634,20,20,20,0.12995246615872383,0.3071677326761748
0.5,tuning,29,320000,13,D_growing_crossing,25,0.0005465878583649445,52,50,50,0.07627137746277525,0.3071677326761748
0.5,tuning,29,320000,13,D_growing_crossing,50,0.001107739637194357,100,101,100,0.08028079775613417,0.3071677326761748
0.5,tuning,29,320000,14,A_fixed_raw,1.0e-5,1.0e-5,10,7,7,1.3196012508931432,1.2972022936396106
0.5,tuning,29,320000,14,A_fixed_raw,0.0001,0.0001,86,80,80,1.3184514843195272,1.2972022936396106
0.5,tuning,29,320000,14,A_fixed_raw,0.001,0.001,823,822,822,1.2298651623249002,1.2972022936396106
0.5,tuning,29,320000,14,C_fixed_crossing,10,1.3820325272123831e-5,14,10,10,1.7474699695263594,1.2972022936396106
0.5,tuning,29,320000,14,C_fixed_crossing,25,3.1470126605347925e-5,27,26,26,1.3423855322845468,1.2972022936396106
0.5,tuning,29,320000,14,C_fixed_crossing,50,6.285660091460845e-5,53,50,50,1.2601224196789962,1.2972022936396106
0.5,tuning,29,320000,14,C_fixed_crossing,100,0.00012463517767544567,106,100,100,1.355332353430639,1.2972022936396106
0.5,tuning,29,320000,14,D_growing_crossing,10,2.4212678924269148e-5,24,20,20,1.3354225988639292,1.2972022936396106
0.5,tuning,29,320000,14,D_growing_crossing,25,6.285660091460845e-5,53,50,50,1.2601224196789962,1.2972022936396106
0.5,tuning,29,320000,14,D_growing_crossing,50,0.00012463517767544567,106,100,100,1.355332353430639,1.2972022936396106
0.5,tuning,29,320000,1,B_power_scaled_anchor25,0.3333333333333333,0.0005065171215682768,68,71,68,-0.3824412247614328,0.3819730496717949
0.5,tuning,29,320000,1,B_power_scaled_anchor25,0.5,0.00040202290580869344,54,57,54,-0.38204208449213695,0.3819730496717949
0.5,tuning,29,320000,1,B_power_scaled_anchor25,0.6666666666666666,0.0003190857917980162,43,44,43,-0.38188752790922237,0.3819730496717949
0.5,tuning,29,320000,1,B_power_scaled_anchor100,0.3333333333333333,0.0018115865230327504,251,253,251,-0.35573520294475947,0.3819730496717949
0.5,tuning,29,320000,1,B_power_scaled_anchor100,0.5,0.0014378571761968003,195,200,195,-0.33843731000731786,0.3819730496717949
0.5,tuning,29,320000,1,B_power_scaled_anchor100,0.6666666666666666,0.0011412279970374128,158,157,157,-0.3462469012768885,0.3819730496717949
0.5,tuning,29,320000,2,B_power_scaled_anchor25,0.3333333333333333,0.00046076511522326926,65,66,65,-0.06583285106973333,0.07251655396717029
0.5,tuning,29,320000,2,B_power_scaled_anchor25,0.5,0.0003657095143078331,53,52,52,-0.06610218481863142,0.07251655396717029
0.5,tuning,29,320000,2,B_power_scaled_anchor25,0.6666666666666666,0.00029026383386351683,42,40,40,-0.08041872763842155,0.07251655396717029
0.5,tuning,29,320000,2,B_power_scaled_anchor100,0.3333333333333333,0.001851599486873157,259,263,259,-0.07090960587520866,0.07251655396717029
0.5,tuning,29,320000,2,B_power_scaled_anchor100,0.5,0.001469615486643114,207,207,207,-0.0643056036220376,0.07251655396717029
0.5,tuning,29,320000,2,B_power_scaled_anchor100,0.6666666666666666,0.0011664345847430184,164,163,163,-0.06832924342831531,0.07251655396717029
0.5,tuning,29,320000,3,B_power_scaled_anchor25,0.3333333333333333,0.0007727308093581761,72,69,69,-1.8282366136222898,0.2982316007191014
0.5,tuning,29,320000,3,B_power_scaled_anchor25,0.5,0.0006133168498317034,59,56,56,-1.795380341309332,0.2982316007191014
0.5,tuning,29,320000,3,B_power_scaled_anchor25,0.6666666666666666,0.00048678990630633413,46,44,44,-1.848615935047446,0.2982316007191014
0.5,tuning,29,320000,3,B_power_scaled_anchor100,0.3333333333333333,0.002929506285123329,269,271,269,-1.8977671624476051,0.2982316007191014
0.5,tuning,29,320000,3,B_power_scaled_anchor100,0.5,0.0023251506793761124,215,216,215,-1.9190652160627724,0.2982316007191014
0.5,tuning,29,320000,3,B_power_scaled_anchor100,0.6666666666666666,0.0018454733172131074,173,170,170,-1.9146949221127902,0.2982316007191014
0.5,tuning,29,320000,4,B_power_scaled_anchor25,0.3333333333333333,9.148918681815822e-5,71,65,65,1.5821127894578642,1.5901957092207055
0.5,tuning,29,320000,4,B_power_scaled_anchor25,0.5,7.261501569942975e-5,55,52,52,1.547487081347486,1.5901957092207055
0.5,tuning,29,320000,4,B_power_scaled_anchor25,0.6666666666666666,5.7634576154981056e-5,44,41,41,1.590342804781953,1.5901957092207055
0.5,tuning,29,320000,4,B_power_scaled_anchor100,0.3333333333333333,0.0003468454273581128,258,250,250,1.4216742499358064,1.5901957092207055
0.5,tuning,29,320000,4,B_power_scaled_anchor100,0.5,0.00027529139812931396,203,200,200,1.436390987137142,1.5901957092207055
0.5,tuning,29,320000,4,B_power_scaled_anchor100,0.6666666666666666,0.0002184989274941347,164,159,159,1.5208531623344388,1.5901957092207055
0.5,tuning,29,320000,5,B_power_scaled_anchor25,0.3333333333333333,0.0001662293207338996,83,84,83,-1.595980820577805,0.751197942485476
0.5,tuning,29,320000,5,B_power_scaled_anchor25,0.5,0.0001319362993004757,65,67,65,-1.5519621934607872,0.751197942485476
0.5,tuning,29,320000,5,B_power_scaled_anchor25,0.6666666666666666,0.00010471791015118319,53,52,52,-1.5824066667401924,0.751197942485476
0.5,tuning,29,320000,5,B_power_scaled_anchor100,0.3333333333333333,0.0005291393644794869,264,264,264,-1.5731827104780005,0.751197942485476
0.5,tuning,29,320000,5,B_power_scaled_anchor100,0.5,0.000419978191906261,212,210,210,-1.6065584450087609,0.751197942485476
0.5,tuning,29,320000,5,B_power_scaled_anchor100,0.6666666666666666,0.00033333691181785055,166,167,166,-1.635540193175643,0.751197942485476
0.5,tuning,29,320000,6,B_power_scaled_anchor25,0.3333333333333333,0.00012242667144409116,73,79,73,-1.150222952896862,1.1372293674543315
0.5,tuning,29,320000,6,B_power_scaled_anchor25,0.5,9.717011351965772e-5,58,60,58,-1.1097584298427978,1.1372293674543315
0.5,tuning,29,320000,6,B_power_scaled_anchor25,0.6666666666666666,7.712397021048702e-5,45,50,45,-1.1689491733152444,1.1372293674543315
0.5,tuning,29,320000,6,B_power_scaled_anchor100,0.3333333333333333,0.00041610448311447685,253,255,253,-1.0078530130207222,1.1372293674543315
0.5,tuning,29,320000,6,B_power_scaled_anchor100,0.5,0.00033026234711230223,199,203,199,-1.0616086699533975,1.1372293674543315
0.5,tuning,29,320000,6,B_power_scaled_anchor100,0.6666666666666666,0.00026212939861577764,159,164,159,-1.1454282871194321,1.1372293674543315
0.5,tuning,29,320000,7,B_power_scaled_anchor25,0.3333333333333333,0.00017239351094091324,68,72,68,-0.24672943871099792,0.9924333042822502
0.5,tuning,29,320000,7,B_power_scaled_anchor25,0.5,0.00013682882031004848,54,58,54,-0.28194488327008,0.9924333042822502
0.5,tuning,29,320000,7,B_power_scaled_anchor25,0.6666666666666666,0.00010860110664986935,42,45,42,-0.17649281157294208,0.9924333042822502
0.5,tuning,29,320000,7,B_power_scaled_anchor100,0.3333333333333333,0.0006441126175775448,262,264,262,-0.08122183374885442,0.9924333042822502
0.5,tuning,29,320000,7,B_power_scaled_anchor100,0.5,0.0005112325233642926,208,209,208,-0.10487502514729245,0.9924333042822502
0.5,tuning,29,320000,7,B_power_scaled_anchor100,0.6666666666666666,0.00040576552269441763,165,166,165,-0.14543051236673862,0.9924333042822502
0.5,tuning,29,320000,8,B_power_scaled_anchor25,0.3333333333333333,0.00023068916073115233,73,74,73,-0.3625909650235528,0.36414053330894147
0.5,tuning,29,320000,8,B_power_scaled_anchor25,0.5,0.00018309810821114613,58,59,58,-0.36693655111550777,0.36414053330894147
0.5,tuning,29,320000,8,B_power_scaled_anchor25,0.6666666666666666,0.0001453250647938803,47,47,47,-0.3507803958746369,0.36414053330894147
0.5,tuning,29,320000,8,B_power_scaled_anchor100,0.3333333333333333,0.0007671240021478911,250,249,249,-0.3637588324778751,0.36414053330894147
0.5,tuning,29,320000,8,B_power_scaled_anchor100,0.5,0.0006088667239998088,195,197,195,-0.3571551246524341,0.36414053330894147
0.5,tuning,29,320000,8,B_power_scaled_anchor100,0.6666666666666666,0.00048325783909286394,156,156,156,-0.36444829913946203,0.36414053330894147
0.5,tuning,29,320000,9,B_power_scaled_anchor25,0.3333333333333333,6.356776238737342e-5,66,65,65,1.36912789220002,1.4440302098093005
0.5,tuning,29,320000,9,B_power_scaled_anchor25,0.5,5.045376644249055e-5,52,51,51,1.4023200093897679,1.4440302098093005
0.5,tuning,29,320000,9,B_power_scaled_anchor25,0.6666666666666666,4.004518096328367e-5,41,42,41,1.4948977931783152,1.4440302098093005
0.5,tuning,29,320000,9,B_power_scaled_anchor100,0.3333333333333333,0.0002517555604061163,257,257,257,1.2727182900878191,1.4440302098093005
0.5,tuning,29,320000,9,B_power_scaled_anchor100,0.5,0.0001998185207137563,208,207,207,1.382950182322173,1.4440302098093005
0.5,tuning,29,320000,9,B_power_scaled_anchor100,0.6666666666666666,0.00015859606499187313,164,160,160,1.3573306045003881,1.4440302098093005
0.5,tuning,29,320000,10,B_power_scaled_anchor25,0.3333333333333333,0.00047785141382843214,61,64,61,-0.09330134610200574,0.08745637221810908
0.5,tuning,29,320000,10,B_power_scaled_anchor25,0.5,0.0003792709184978723,48,51,48,-0.08995709317340524,0.08745637221810908
0.5,tuning,29,320000,10,B_power_scaled_anchor25,0.6666666666666666,0.0003010275275022339,38,41,38,-0.09044191683568464,0.08745637221810908
0.5,tuning,29,320000,10,B_power_scaled_anchor100,0.3333333333333333,0.0019914693209224345,254,263,254,-0.09264342928129041,0.08745637221810908
0.5,tuning,29,320000,10,B_power_scaled_anchor100,0.5,0.0015806302474973342,202,208,202,-0.09299459885224612,0.08745637221810908
0.5,tuning,29,320000,10,B_power_scaled_anchor100,0.6666666666666666,0.001254547058825012,160,165,160,-0.09071193801640955,0.08745637221810908
0.5,tuning,29,320000,11,B_power_scaled_anchor25,0.3333333333333333,0.00020088000413579011,72,75,72,0.11145253130636743,0.760287900075816
0.5,tuning,29,320000,11,B_power_scaled_anchor25,0.5,0.00015943856494226474,57,59,57,0.10969709634653796,0.760287900075816
0.5,tuning,29,320000,11,B_power_scaled_anchor25,0.6666666666666666,0.00012654647285682559,44,45,44,0.16634981328268578,0.760287900075816
0.5,tuning,29,320000,11,B_power_scaled_anchor100,0.3333333333333333,0.0007029326063215735,254,258,254,0.1702444189469021,0.760287900075816
0.5,tuning,29,320000,11,B_power_scaled_anchor100,0.5,0.000557917979368807,202,204,202,0.16328008600060104,0.760287900075816
0.5,tuning,29,320000,11,B_power_scaled_anchor100,0.6666666666666666,0.00044281979368100823,161,161,161,0.1348617987532816,0.760287900075816
0.5,tuning,29,320000,12,B_power_scaled_anchor25,0.3333333333333333,0.00014162149650589684,80,79,79,-0.8617901317396386,0.8440821262399694
0.5,tuning,29,320000,12,B_power_scaled_anchor25,0.5,0.00011240505626738565,62,61,61,-0.8165226012327994,0.8440821262399694
0.5,tuning,29,320000,12,B_power_scaled_anchor25,0.6666666666666666,8.921595228269632e-5,49,48,48,-0.8424330341194795,0.8440821262399694
0.5,tuning,29,320000,12,B_power_scaled_anchor100,0.3333333333333333,0.00047094214936430783,266,266,266,-0.7867253684297466,0.8440821262399694
0.5,tuning,29,320000,12,B_power_scaled_anchor100,0.5,0.0003737870316585336,212,209,209,-0.8393747194221995,0.8440821262399694
0.5,tuning,29,320000,12,B_power_scaled_anchor100,0.6666666666666666,0.0002966749636334135,164,167,164,-0.8354987638964514,0.8440821262399694
0.5,tuning,29,320000,13,B_power_scaled_anchor25,0.3333333333333333,0.0007080702471650785,66,62,62,0.06470148648896905,0.3071677326761748
0.5,tuning,29,320000,13,B_power_scaled_anchor25,0.5,0.0005619957276086143,53,52,52,0.06483534242039558,0.3071677326761748
0.5,tuning,29,320000,13,B_power_scaled_anchor25,0.6666666666666666,0.0004460563046037741,42,41,41,0.07084495540779828,0.3071677326761748
0.5,tuning,29,320000,13,B_power_scaled_anchor100,0.3333333333333333,0.0029509176565782895,267,269,267,0.07214361705204969,0.3071677326761748
0.5,tuning,29,320000,13,B_power_scaled_anchor100,0.5,0.0023421448961619554,209,213,209,0.07507810026217987,0.3071677326761748
0.5,tuning,29,320000,13,B_power_scaled_anchor100,0.6666666666666666,0.0018589616360147189,170,169,169,0.054304181575965414,0.3071677326761748
0.5,tuning,29,320000,14,B_power_scaled_anchor25,0.3333333333333333,8.631146985853152e-5,73,69,69,1.2514857325407065,1.2972022936396106
0.5,tuning,29,320000,14,B_power_scaled_anchor25,0.5,6.850545902517724e-5,58,55,55,1.3353433998133701,1.2972022936396106
0.5,tuning,29,320000,14,B_power_scaled_anchor25,0.6666666666666666,5.437281886106537e-5,47,43,43,1.3695540397431096,1.2972022936396106
0.5,tuning,29,320000,14,B_power_scaled_anchor100,0.3333333333333333,0.00031551603390327353,262,259,259,1.2004820288175475,1.2972022936396106
0.5,tuning,29,320000,14,B_power_scaled_anchor100,0.5,0.00025042524206544525,209,206,206,1.2756514641307517,1.2972022936396106
0.5,tuning,29,320000,14,B_power_scaled_anchor100,0.6666666666666666,0.0001987626463470394,166,160,160,1.3000364915563554,1.2972022936396106
0.5,tuning,29,1280000,1,A_fixed_raw,1.0e-5,1.0e-5,8,4,4,-0.487998389842037,0.3819730496717949
0.5,tuning,29,1280000,1,A_fixed_raw,0.0001,0.0001,60,53,53,-0.33494416786600256,0.3819730496717949
0.5,tuning,29,1280000,1,A_fixed_raw,0.001,0.001,555,556,555,-0.36255529775167106,0.3819730496717949
0.5,tuning,29,1280000,1,C_fixed_crossing,10,1.8226329840321195e-5,12,10,10,-0.4419437557979222,0.3819730496717949
0.5,tuning,29,1280000,1,C_fixed_crossing,25,4.595752657010551e-5,28,25,25,-0.41704310587176435,0.3819730496717949
0.5,tuning,29,1280000,1,C_fixed_crossing,50,9.450606407950591e-5,56,50,50,-0.3540565404208566,0.3819730496717949
0.5,tuning,29,1280000,1,C_fixed_crossing,100,0.00018334178313053807,106,100,100,-0.35617850202085377,0.3819730496717949
0.5,tuning,29,1280000,1,D_growing_crossing,10,7.595912800426474e-5,45,40,40,-0.3499598290743652,0.3819730496717949
0.5,tuning,29,1280000,1,D_growing_crossing,25,0.00018334178313053807,106,100,100,-0.35617850202085377,0.3819730496717949
0.5,tuning,29,1280000,1,D_growing_crossing,50,0.00036619621642229225,208,201,201,-0.356820640716948,0.3819730496717949
0.5,tuning,29,1280000,2,A_fixed_raw,1.0e-5,1.0e-5,7,7,7,-0.13797570466156373,0.07251655396717029
0.5,tuning,29,1280000,2,A_fixed_raw,0.0001,0.0001,60,57,57,-0.084412268053502,0.07251655396717029
0.5,tuning,29,1280000,2,A_fixed_raw,0.001,0.001,567,566,566,-0.07521853871586548,0.07251655396717029
0.5,tuning,29,1280000,2,C_fixed_crossing,10,1.7194833327913115e-5,11,10,10,-0.08132439213268797,0.07251655396717029
0.5,tuning,29,1280000,2,C_fixed_crossing,25,4.496438692955098e-5,26,25,25,-0.07575167609614214,0.07251655396717029
0.5,tuning,29,1280000,2,C_fixed_crossing,50,8.851069778883683e-5,52,50,50,-0.07491784200144314,0.07251655396717029
0.5,tuning,29,1280000,2,C_fixed_crossing,100,0.0001767861209252649,103,100,100,-0.07771431391924624,0.07251655396717029
0.5,tuning,29,1280000,2,D_growing_crossing,10,7.48608332443079e-5,44,40,40,-0.06937057839931718,0.07251655396717029
0.5,tuning,29,1280000,2,D_growing_crossing,25,0.0001767861209252649,103,100,100,-0.07771431391924624,0.07251655396717029
0.5,tuning,29,1280000,2,D_growing_crossing,50,0.00036090137699772634,205,201,201,-0.07287201282997068,0.07251655396717029
0.5,tuning,29,1280000,3,A_fixed_raw,1.0e-5,1.0e-5,5,3,3,-1.9833013919001716,0.2982316007191014
0.5,tuning,29,1280000,3,A_fixed_raw,0.0001,0.0001,37,39,37,-1.8497426793379068,0.2982316007191014
0.5,tuning,29,1280000,3,A_fixed_raw,0.001,0.001,367,371,367,-1.7511372046754292,0.2982316007191014
0.5,tuning,29,1280000,3,C_fixed_crossing,10,2.438964617127589e-5,10,10,10,-2.050520517118315,0.2982316007191014
0.5,tuning,29,1280000,3,C_fixed_crossing,25,6.285660091460845e-5,25,25,25,-1.7647443254219601,0.2982316007191014
0.5,tuning,29,1280000,3,C_fixed_crossing,50,0.00013211188586120546,50,52,50,-1.911794803603468,0.2982316007191014
0.5,tuning,29,1280000,3,C_fixed_crossing,100,0.00027167202594808367,100,103,100,-1.7747602016227366,0.2982316007191014
0.5,tuning,29,1280000,3,D_growing_crossing,10,0.00010932332036760428,40,44,40,-1.8602406090498786,0.2982316007191014
0.5,tuning,29,1280000,3,D_growing_crossing,25,0.00027167202594808367,100,103,100,-1.7747602016227366,0.2982316007191014
0.5,tuning,29,1280000,3,D_growing_crossing,50,0.0005465878583649445,200,207,200,-1.7362601298871423,0.2982316007191014
0.5,tuning,29,1280000,4,A_fixed_raw,1.0e-5,1.0e-5,29,31,29,1.6767196973438423,1.5901957092207055
0.5,tuning,29,1280000,4,A_fixed_raw,0.0001,0.0001,288,296,288,1.530789363220486,1.5901957092207055
0.5,tuning,29,1280000,4,A_fixed_raw,0.001,0.001,2907,2934,2907,1.516974835161028,1.5901957092207055
0.5,tuning,29,1280000,4,C_fixed_crossing,10,3.489603771203283e-6,10,10,10,1.4131369611035183,1.5901957092207055
0.5,tuning,29,1280000,4,C_fixed_crossing,25,8.546394023474312e-6,25,27,25,1.7306628166406397,1.5901957092207055
0.5,tuning,29,1280000,4,C_fixed_crossing,50,1.7194833327913115e-5,50,54,50,1.4543372057048645,1.5901957092207055
0.5,tuning,29,1280000,4,C_fixed_crossing,100,3.409476611431042e-5,100,104,100,1.5530593234414378,1.5901957092207055
0.5,tuning,29,1280000,4,D_growing_crossing,10,1.4023085382711124e-5,40,45,40,1.5266520664515644,1.5901957092207055
0.5,tuning,29,1280000,4,D_growing_crossing,25,3.409476611431042e-5,100,104,100,1.5530593234414378,1.5901957092207055
0.5,tuning,29,1280000,4,D_growing_crossing,50,6.960302072735584e-5,201,207,201,1.5123823974786204,1.5901957092207055
0.5,tuning,29,1280000,5,A_fixed_raw,1.0e-5,1.0e-5,22,20,20,-1.6604478968340606,0.751197942485476
0.5,tuning,29,1280000,5,A_fixed_raw,0.0001,0.0001,205,193,193,-1.6245402396819486,0.751197942485476
0.5,tuning,29,1280000,5,A_fixed_raw,0.001,0.001,1996,1991,1991,-1.5988331762275543,0.751197942485476
0.5,tuning,29,1280000,5,C_fixed_crossing,10,5.767657211417819e-6,14,10,10,-1.7064928856235886,0.751197942485476
0.5,tuning,29,1280000,5,C_fixed_crossing,25,1.1353415430510484e-5,25,25,25,-1.8000976205272123,0.751197942485476
0.5,tuning,29,1280000,5,C_fixed_crossing,50,2.456790684833269e-5,52,50,50,-1.6820585947541447,0.751197942485476
0.5,tuning,29,1280000,5,C_fixed_crossing,100,5.1636780515780674e-5,110,100,100,-1.6154992341692238,0.751197942485476
0.5,tuning,29,1280000,5,D_growing_crossing,10,2.0036126482795963e-5,44,40,40,-1.7563604794525214,0.751197942485476
0.5,tuning,29,1280000,5,D_growing_crossing,25,5.1636780515780674e-5,110,100,100,-1.6154992341692238,0.751197942485476
0.5,tuning,29,1280000,5,D_growing_crossing,50,0.00010313630275780623,212,200,200,-1.6169887775855614,0.751197942485476
0.5,tuning,29,1280000,6,A_fixed_raw,1.0e-5,1.0e-5,30,24,24,-1.2182615551359355,1.1372293674543315
0.5,tuning,29,1280000,6,A_fixed_raw,0.0001,0.0001,252,243,243,-1.0805717921594238,1.1372293674543315
0.5,tuning,29,1280000,6,A_fixed_raw,0.001,0.001,2445,2442,2442,-1.074104751402294,1.1372293674543315
0.5,tuning,29,1280000,6,C_fixed_crossing,10,3.9783587305834176e-6,13,10,10,-1.2322628634048716,1.1372293674543315
0.5,tuning,29,1280000,6,C_fixed_crossing,25,1.0104713851198995e-5,30,25,25,-1.2056606052109236,1.1372293674543315
0.5,tuning,29,1280000,6,C_fixed_crossing,50,2.0628345279476874e-5,52,50,50,-1.0536615745515392,1.1372293674543315
0.5,tuning,29,1280000,6,C_fixed_crossing,100,4.241968326695217e-5,108,100,100,-1.1062212289667137,1.1372293674543315
0.5,tuning,29,1280000,6,D_growing_crossing,10,1.670118716460613e-5,43,40,40,-1.159856211823545,1.1372293674543315
0.5,tuning,29,1280000,6,D_growing_crossing,25,4.241968326695217e-5,108,100,100,-1.1062212289667137,1.1372293674543315
0.5,tuning,29,1280000,6,D_growing_crossing,50,8.350154471853436e-5,207,200,200,-1.0716546248262186,1.1372293674543315
0.5,tuning,29,1280000,7,A_fixed_raw,1.0e-5,1.0e-5,18,16,16,-0.29447020088446685,0.9924333042822502
0.5,tuning,29,1280000,7,A_fixed_raw,0.0001,0.0001,164,162,162,-0.2471848961149714,0.9924333042822502
0.5,tuning,29,1280000,7,A_fixed_raw,0.001,0.001,1628,1624,1624,-0.25425430517347913,0.9924333042822502
0.5,tuning,29,1280000,7,C_fixed_crossing,10,5.809812250171508e-6,10,10,10,-0.23073441104753792,0.9924333042822502
0.5,tuning,29,1280000,7,C_fixed_crossing,25,1.4972953991760593e-5,26,25,25,-0.3938195205852631,0.9924333042822502
0.5,tuning,29,1280000,7,C_fixed_crossing,50,3.07900588872264e-5,53,50,50,-0.257345441588521,0.9924333042822502
0.5,tuning,29,1280000,7,C_fixed_crossing,100,6.105205188012354e-5,102,101,101,-0.2934837754100486,0.9924333042822502
0.5,tuning,29,1280000,7,D_growing_crossing,10,2.386258724884142e-5,40,40,40,-0.23191211690457297,0.9924333042822502
0.5,tuning,29,1280000,7,D_growing_crossing,25,6.105205188012354e-5,102,101,101,-0.2934837754100486,0.9924333042822502
0.5,tuning,29,1280000,7,D_growing_crossing,50,0.00012373084539778453,205,201,201,-0.27815813338588724,0.9924333042822502
0.5,tuning,29,1280000,8,A_fixed_raw,1.0e-5,1.0e-5,12,14,12,-0.46097715638848674,0.36414053330894147
0.5,tuning,29,1280000,8,A_fixed_raw,0.0001,0.0001,130,130,130,-0.3336577342422098,0.36414053330894147
0.5,tuning,29,1280000,8,A_fixed_raw,0.001,0.001,1289,1297,1289,-0.3442961197228367,0.36414053330894147
0.5,tuning,29,1280000,8,C_fixed_crossing,10,9.059081495388814e-6,10,13,10,-0.35755270316560794,0.36414053330894147
0.5,tuning,29,1280000,8,C_fixed_crossing,25,2.033007956576623e-5,25,29,25,-0.3947144689543442,0.36414053330894147
0.5,tuning,29,1280000,8,C_fixed_crossing,50,3.858805441307701e-5,50,51,50,-0.38109366970797026,0.36414053330894147
0.5,tuning,29,1280000,8,C_fixed_crossing,100,7.651430315898393e-5,100,100,100,-0.3339172227216402,0.36414053330894147
0.5,tuning,29,1280000,8,D_growing_crossing,10,3.0566651301967326e-5,40,42,40,-0.39569029405551764,0.36414053330894147
0.5,tuning,29,1280000,8,D_growing_crossing,25,7.651430315898393e-5,100,100,100,-0.3339172227216402,0.36414053330894147
0.5,tuning,29,1280000,8,D_growing_crossing,50,0.00015282521987395884,200,200,200,-0.35487098763380864,0.36414053330894147
0.5,tuning,29,1280000,9,A_fixed_raw,1.0e-5,1.0e-5,41,46,41,1.5994242083344765,1.4440302098093005
0.5,tuning,29,1280000,9,A_fixed_raw,0.0001,0.0001,412,418,412,1.332407952969461,1.4440302098093005
0.5,tuning,29,1280000,9,A_fixed_raw,0.001,0.001,4104,4138,4104,1.302151094338011,1.4440302098093005
0.5,tuning,29,1280000,9,C_fixed_crossing,10,2.496283475658606e-6,10,11,10,1.8009579828640438,1.4440302098093005
0.5,tuning,29,1280000,9,C_fixed_crossing,25,6.203346064613852e-6,25,29,25,1.4708333538686964,1.4440302098093005
0.5,tuning,29,1280000,9,C_fixed_crossing,50,1.2034492600446214e-5,50,55,50,1.5319247669913956,1.4440302098093005
0.5,tuning,29,1280000,9,C_fixed_crossing,100,2.4036995722397514e-5,101,103,101,1.2892078450683524,1.4440302098093005
0.5,tuning,29,1280000,9,D_growing_crossing,10,9.672708019398979e-6,40,42,40,1.4692983450210246,1.4440302098093005
0.5,tuning,29,1280000,9,D_growing_crossing,25,2.4036995722397514e-5,101,103,101,1.2892078450683524,1.4440302098093005
0.5,tuning,29,1280000,9,D_growing_crossing,50,4.8714461020816976e-5,200,202,200,1.276873966512711,1.4440302098093005
0.5,tuning,29,1280000,10,A_fixed_raw,1.0e-5,1.0e-5,8,5,5,-0.12686816212859053,0.08745637221810908
0.5,tuning,29,1280000,10,A_fixed_raw,0.0001,0.0001,53,53,53,-0.08873858990010586,0.08745637221810908
0.5,tuning,29,1280000,10,A_fixed_raw,0.001,0.001,518,518,518,-0.07906620850939294,0.08745637221810908
0.5,tuning,29,1280000,10,C_fixed_crossing,10,2.154965557264874e-5,13,10,10,-0.10390696951101551,0.08745637221810908
0.5,tuning,29,1280000,10,C_fixed_crossing,25,5.4337262478685297e-5,31,25,25,-0.08679828367624838,0.08745637221810908
0.5,tuning,29,1280000,10,C_fixed_crossing,50,9.450606407950591e-5,50,50,50,-0.09412598238992237,0.08745637221810908
0.5,tuning,29,1280000,10,C_fixed_crossing,100,0.00019434022703931545,105,100,100,-0.08797796139454121,0.08745637221810908
0.5,tuning,29,1280000,10,D_growing_crossing,10,7.707353601500269e-5,41,40,40,-0.07799901353739915,0.08745637221810908
0.5,tuning,29,1280000,10,D_growing_crossing,25,0.00019434022703931545,105,100,100,-0.08797796139454121,0.08745637221810908
0.5,tuning,29,1280000,10,D_growing_crossing,50,0.00039100090677674637,206,201,201,-0.07837067729347082,0.08745637221810908
0.5,tuning,29,1280000,11,A_fixed_raw,1.0e-5,1.0e-5,15,14,14,0.0045666157882928715,0.760287900075816
0.5,tuning,29,1280000,11,A_fixed_raw,0.0001,0.0001,148,145,145,0.024130820101275763,0.760287900075816
0.5,tuning,29,1280000,11,A_fixed_raw,0.001,0.001,1453,1453,1453,0.03510929061137369,0.760287900075816
0.5,tuning,29,1280000,11,C_fixed_crossing,10,7.6064217499458e-6,12,10,10,0.1071892534119248,0.760287900075816
0.5,tuning,29,1280000,11,C_fixed_crossing,25,1.7320508075688774e-5,26,25,25,0.04199947275821057,0.760287900075816
0.5,tuning,29,1280000,11,C_fixed_crossing,50,3.409476611431042e-5,53,50,50,0.01228122014976996,0.760287900075816
0.5,tuning,29,1280000,11,C_fixed_crossing,100,6.859662906712338e-5,105,100,100,0.01066303457765416,0.760287900075816
0.5,tuning,29,1280000,11,D_growing_crossing,10,2.76039140558253e-5,44,40,40,0.02527841096646775,0.760287900075816
0.5,tuning,29,1280000,11,D_growing_crossing,25,6.859662906712338e-5,105,100,100,0.01066303457765416,0.760287900075816
0.5,tuning,29,1280000,11,D_growing_crossing,50,0.00013902102623149768,205,200,200,0.040033871761100445,0.760287900075816
0.5,tuning,29,1280000,12,A_fixed_raw,1.0e-5,1.0e-5,24,23,23,-0.9260431198365725,0.8440821262399694
0.5,tuning,29,1280000,12,A_fixed_raw,0.0001,0.0001,227,224,224,-0.7966639521042596,0.8440821262399694
0.5,tuning,29,1280000,12,A_fixed_raw,0.001,0.001,2245,2250,2245,-0.799682778935773,0.8440821262399694
0.5,tuning,29,1280000,12,C_fixed_crossing,10,4.772768422644331e-6,12,10,10,-1.0266726893811629,0.8440821262399694
0.5,tuning,29,1280000,12,C_fixed_crossing,25,1.1271036922074902e-5,28,25,25,-0.9041128403240433,0.8440821262399694
0.5,tuning,29,1280000,12,C_fixed_crossing,50,2.1865813872905368e-5,51,50,50,-0.8872809904203462,0.8440821262399694
0.5,tuning,29,1280000,12,C_fixed_crossing,100,4.529302564785045e-5,106,100,100,-0.7450072553445107,0.8440821262399694
0.5,tuning,29,1280000,12,D_growing_crossing,10,1.770307046203828e-5,44,40,40,-0.9411061253591989,0.8440821262399694
0.5,tuning,29,1280000,12,D_growing_crossing,25,4.529302564785045e-5,106,100,100,-0.7450072553445107,0.8440821262399694
0.5,tuning,29,1280000,12,D_growing_crossing,50,8.980925180391648e-5,205,201,201,-0.8161699453979271,0.8440821262399694
0.5,tuning,29,1280000,13,A_fixed_raw,1.0e-5,1.0e-5,3,4,3,0.22622225729351794,0.3071677326761748
0.5,tuning,29,1280000,13,A_fixed_raw,0.0001,0.0001,36,38,36,0.10571251688545891,0.3071677326761748
0.5,tuning,29,1280000,13,A_fixed_raw,0.001,0.001,361,366,361,0.06174401076336489,0.3071677326761748
0.5,tuning,29,1280000,13,C_fixed_crossing,10,2.6041704805425035e-5,11,10,10,0.17074782279121933,0.3071677326761748
0.5,tuning,29,1280000,13,C_fixed_crossing,25,6.711425965738036e-5,25,26,25,0.1129483184244794,0.3071677326761748
0.5,tuning,29,1280000,13,C_fixed_crossing,50,0.00013902102623149768,50,52,50,0.08470519896053427,0.3071677326761748
0.5,tuning,29,1280000,13,C_fixed_crossing,100,0.0002838055359549112,100,103,100,0.07450403896563919,0.3071677326761748
0.5,tuning,29,1280000,13,D_growing_crossing,10,0.00011173797183976203,41,42,41,0.10656751336882979,0.3071677326761748
0.5,tuning,29,1280000,13,D_growing_crossing,25,0.0002838055359549112,100,103,100,0.07450403896563919,0.3071677326761748
0.5,tuning,29,1280000,13,D_growing_crossing,50,0.0005709997543852909,201,212,201,0.07543621580779411,0.3071677326761748
0.5,tuning,29,1280000,14,A_fixed_raw,1.0e-5,1.0e-5,31,36,31,1.3104664224411477,1.2972022936396106
0.5,tuning,29,1280000,14,A_fixed_raw,0.0001,0.0001,323,331,323,1.2271488709400535,1.2972022936396106
0.5,tuning,29,1280000,14,A_fixed_raw,0.001,0.001,3267,3307,3267,1.2382248128405549,1.2972022936396106
0.5,tuning,29,1280000,14,C_fixed_crossing,10,3.645457662048302e-6,10,11,10,1.3543967162315709,1.2972022936396106
0.5,tuning,29,1280000,14,C_fixed_crossing,25,7.774426686263138e-6,25,27,25,1.4833513683264234,1.2972022936396106
0.5,tuning,29,1280000,14,C_fixed_crossing,50,1.587116274600748e-5,50,57,50,1.2825593758756109,1.2972022936396106
0.5,tuning,29,1280000,14,C_fixed_crossing,100,2.9906107635834993e-5,100,101,100,1.1898242874251963,1.2972022936396106
0.5,tuning,29,1280000,14,D_growing_crossing,10,1.1774427872262214e-5,40,44,40,1.4265805595019911,1.2972022936396106
0.5,tuning,29,1280000,14,D_growing_crossing,25,2.9906107635834993e-5,100,101,100,1.1898242874251963,1.2972022936396106
0.5,tuning,29,1280000,14,D_growing_crossing,50,6.060906826857519e-5,200,204,200,1.2473723635366947,1.2972022936396106
0.5,tuning,29,1280000,1,B_power_scaled_anchor25,0.3333333333333333,0.0003190857917980162,183,173,173,-0.35897705830409865,0.3819730496717949
0.5,tuning,29,1280000,1,B_power_scaled_anchor25,0.5,0.00020101145290434672,116,111,111,-0.3672876761870022,0.3819730496717949
0.5,tuning,29,1280000,1,B_power_scaled_anchor25,0.6666666666666666,0.0001266292803920692,76,69,69,-0.3691948205484083,0.3819730496717949
0.5,tuning,29,1280000,1,B_power_scaled_anchor100,0.3333333333333333,0.0011412279970374128,638,634,634,-0.36323077163346856,0.3819730496717949
0.5,tuning,29,1280000,1,B_power_scaled_anchor100,0.5,0.0007189285880984001,401,394,394,-0.35917827594401003,0.3819730496717949
0.5,tuning,29,1280000,1,B_power_scaled_anchor100,0.6666666666666666,0.0004528966307581876,258,246,246,-0.36883715312902016,0.3819730496717949
0.5,tuning,29,1280000,2,B_power_scaled_anchor25,0.3333333333333333,0.00029026383386351683,167,161,161,-0.07381207566287534,0.07251655396717029
0.5,tuning,29,1280000,2,B_power_scaled_anchor25,0.5,0.00018285475715391656,105,103,103,-0.08446233076419925,0.07251655396717029
0.5,tuning,29,1280000,2,B_power_scaled_anchor25,0.6666666666666666,0.00011519127880581732,66,66,66,-0.08365835501284948,0.07251655396717029
0.5,tuning,29,1280000,2,B_power_scaled_anchor100,0.3333333333333333,0.0011664345847430184,659,662,659,-0.07166486429920951,0.07251655396717029
0.5,tuning,29,1280000,2,B_power_scaled_anchor100,0.5,0.000734807743321557,418,415,415,-0.07394293642600172,0.07251655396717029
0.5,tuning,29,1280000,2,B_power_scaled_anchor100,0.6666666666666666,0.00046289987171828926,263,262,262,-0.07296473338027575,0.07251655396717029
0.5,tuning,29,1280000,3,B_power_scaled_anchor25,0.3333333333333333,0.00048678990630633413,178,185,178,-1.7356408444782638,0.2982316007191014
0.5,tuning,29,1280000,3,B_power_scaled_anchor25,0.5,0.0003066584249158517,113,116,113,-1.7723836443555854,0.2982316007191014
0.5,tuning,29,1280000,3,B_power_scaled_anchor25,0.6666666666666666,0.00019318270233954402,73,75,73,-1.7936487670738739,0.2982316007191014
0.5,tuning,29,1280000,3,B_power_scaled_anchor100,0.3333333333333333,0.0018454733172131074,676,689,676,-1.728582416826933,0.2982316007191014
0.5,tuning,29,1280000,3,B_power_scaled_anchor100,0.5,0.0011625753396880562,426,431,426,-1.7377662725931844,0.2982316007191014
0.5,tuning,29,1280000,3,B_power_scaled_anchor100,0.6666666666666666,0.0007323765712808323,266,274,266,-1.7526623072548877,0.2982316007191014
0.5,tuning,29,1280000,4,B_power_scaled_anchor25,0.3333333333333333,5.7634576154981056e-5,167,171,167,1.4999966496451453,1.5901957092207055
0.5,tuning,29,1280000,4,B_power_scaled_anchor25,0.5,3.6307507849714874e-5,105,111,105,1.551669961355953,1.5901957092207055
0.5,tuning,29,1280000,4,B_power_scaled_anchor25,0.6666666666666666,2.2872296704539556e-5,65,71,65,1.4683593213886608,1.5901957092207055
0.5,tuning,29,1280000,4,B_power_scaled_anchor100,0.3333333333333333,0.0002184989274941347,635,640,635,1.5141714302373246,1.5901957092207055
0.5,tuning,29,1280000,4,B_power_scaled_anchor100,0.5,0.00013764569906465698,397,403,397,1.4953885001992009,1.5901957092207055
0.5,tuning,29,1280000,4,B_power_scaled_anchor100,0.6666666666666666,8.67113568395282e-5,251,258,251,1.4878438095697453,1.5901957092207055
0.5,tuning,29,1280000,5,B_power_scaled_anchor25,0.3333333333333333,0.00010471791015118319,215,203,203,-1.6127619594145735,0.751197942485476
0.5,tuning,29,1280000,5,B_power_scaled_anchor25,0.5,6.596814965023786e-5,140,128,128,-1.6597192627717845,0.751197942485476
0.5,tuning,29,1280000,5,B_power_scaled_anchor25,0.6666666666666666,4.15573301834749e-5,89,80,80,-1.6169166222822295,0.751197942485476
0.5,tuning,29,1280000,5,B_power_scaled_anchor100,0.3333333333333333,0.00033333691181785055,668,661,661,-1.5985444963121824,0.751197942485476
0.5,tuning,29,1280000,5,B_power_scaled_anchor100,0.5,0.0002099890959531305,430,413,413,-1.6145765377513535,0.751197942485476
0.5,tuning,29,1280000,5,B_power_scaled_anchor100,0.6666666666666666,0.00013228484111987173,266,261,261,-1.5750362772961297,0.751197942485476
0.5,tuning,29,1280000,6,B_power_scaled_anchor25,0.3333333333333333,7.712397021048702e-5,192,187,187,-1.0752083929754068,1.1372293674543315
0.5,tuning,29,1280000,6,B_power_scaled_anchor25,0.5,4.858505675982886e-5,124,120,120,-1.0952910267732143,1.1372293674543315
0.5,tuning,29,1280000,6,B_power_scaled_anchor25,0.6666666666666666,3.060666786102279e-5,81,73,73,-1.0672515348775653,1.1372293674543315
0.5,tuning,29,1280000,6,B_power_scaled_anchor100,0.3333333333333333,0.00026212939861577764,644,640,640,-1.0728305180401987,1.1372293674543315
0.5,tuning,29,1280000,6,B_power_scaled_anchor100,0.5,0.00016513117355615111,409,401,401,-1.1034317976716728,1.1372293674543315
0.5,tuning,29,1280000,6,B_power_scaled_anchor100,0.6666666666666666,0.00010402612077861921,259,250,250,-1.0591685000729911,1.1372293674543315
0.5,tuning,29,1280000,7,B_power_scaled_anchor25,0.3333333333333333,0.00010860110664986935,178,176,176,-0.24658849877016564,0.9924333042822502
0.5,tuning,29,1280000,7,B_power_scaled_anchor25,0.5,6.841441015502424e-5,114,111,111,-0.2790307076994205,0.9924333042822502
0.5,tuning,29,1280000,7,B_power_scaled_anchor25,0.6666666666666666,4.309837773522831e-5,74,70,70,-0.27966252537185904,0.9924333042822502
0.5,tuning,29,1280000,7,B_power_scaled_anchor100,0.3333333333333333,0.00040576552269441763,660,661,660,-0.26095672305622214,0.9924333042822502
0.5,tuning,29,1280000,7,B_power_scaled_anchor100,0.5,0.0002556162616821463,416,413,413,-0.250655957947763,0.9924333042822502
0.5,tuning,29,1280000,7,B_power_scaled_anchor100,0.6666666666666666,0.0001610281543943862,266,261,261,-0.2836459185214667,0.9924333042822502
0.5,tuning,29,1280000,8,B_power_scaled_anchor25,0.3333333333333333,0.0001453250647938803,190,190,190,-0.34777340886737423,0.36414053330894147
0.5,tuning,29,1280000,8,B_power_scaled_anchor25,0.5,9.154905410557306e-5,120,119,119,-0.34800765606264755,0.36414053330894147
0.5,tuning,29,1280000,8,B_power_scaled_anchor25,0.6666666666666666,5.767229018278808e-5,75,77,75,-0.3502659374458346,0.36414053330894147
0.5,tuning,29,1280000,8,B_power_scaled_anchor100,0.3333333333333333,0.00048325783909286394,628,623,623,-0.34798246973444363,0.36414053330894147
0.5,tuning,29,1280000,8,B_power_scaled_anchor100,0.5,0.0003044333619999044,395,395,395,-0.343639036600625,0.36414053330894147
0.5,tuning,29,1280000,8,B_power_scaled_anchor100,0.6666666666666666,0.00019178100053697278,250,249,249,-0.3382759219472622,0.36414053330894147
0.5,tuning,29,1280000,9,B_power_scaled_anchor25,0.3333333333333333,4.004518096328367e-5,165,167,165,1.3422408244933604,1.4440302098093005
0.5,tuning,29,1280000,9,B_power_scaled_anchor25,0.5,2.5226883221245274e-5,106,108,106,1.2628977573643219,1.4440302098093005
0.5,tuning,29,1280000,9,B_power_scaled_anchor25,0.6666666666666666,1.5891940596843354e-5,68,70,68,1.2995683097179473,1.4440302098093005
0.5,tuning,29,1280000,9,B_power_scaled_anchor100,0.3333333333333333,0.00015859606499187313,648,658,648,1.2970704188368205,1.4440302098093005
0.5,tuning,29,1280000,9,B_power_scaled_anchor100,0.5,9.990926035687816e-5,412,418,412,1.3336180732497362,1.4440302098093005
0.5,tuning,29,1280000,9,B_power_scaled_anchor100,0.6666666666666666,6.293889010152908e-5,255,263,255,1.3061804888936603,1.4440302098093005
0.5,tuning,29,1280000,10,B_power_scaled_anchor25,0.3333333333333333,0.0003010275275022339,160,152,152,-0.07866831590860282,0.08745637221810908
0.5,tuning,29,1280000,10,B_power_scaled_anchor25,0.5,0.00018963545924893614,103,97,97,-0.09023994639176616,0.08745637221810908
0.5,tuning,29,1280000,10,B_power_scaled_anchor25,0.6666666666666666,0.00011946285345710803,65,61,61,-0.09282097547971774,0.08745637221810908
0.5,tuning,29,1280000,10,B_power_scaled_anchor100,0.3333333333333333,0.001254547058825012,654,650,650,-0.07908571258100826,0.08745637221810908
0.5,tuning,29,1280000,10,B_power_scaled_anchor100,0.5,0.0007903151237486671,412,407,407,-0.07874851964312297,0.08745637221810908
0.5,tuning,29,1280000,10,B_power_scaled_anchor100,0.6666666666666666,0.0004978673302306086,261,255,255,-0.07752883343016617,0.08745637221810908
0.5,tuning,29,1280000,11,B_power_scaled_anchor25,0.3333333333333333,0.00012654647285682559,186,181,181,0.05291931194596806,0.760287900075816
0.5,tuning,29,1280000,11,B_power_scaled_anchor25,0.5,7.971928247113237e-5,119,116,116,0.022141329538566575,0.760287900075816
0.5,tuning,29,1280000,11,B_power_scaled_anchor25,0.6666666666666666,5.022000103394753e-5,76,71,71,0.08764108491611916,0.760287900075816
0.5,tuning,29,1280000,11,B_power_scaled_anchor100,0.3333333333333333,0.00044281979368100823,644,639,639,0.025835387411215528,0.760287900075816
0.5,tuning,29,1280000,11,B_power_scaled_anchor100,0.5,0.0002789589896844035,409,399,399,0.024782253892004086,0.760287900075816
0.5,tuning,29,1280000,11,B_power_scaled_anchor100,0.6666666666666666,0.00017573315158039339,259,253,253,0.03587760331439005,0.760287900075816
0.5,tuning,29,1280000,12,B_power_scaled_anchor25,0.3333333333333333,8.921595228269632e-5,204,198,198,-0.8184857724490694,0.8440821262399694
0.5,tuning,29,1280000,12,B_power_scaled_anchor25,0.5,5.620252813369283e-5,131,124,124,-0.8131298047244294,0.8440821262399694
0.5,tuning,29,1280000,12,B_power_scaled_anchor25,0.6666666666666666,3.540537412647421e-5,84,79,79,-0.79435428815694,0.8440821262399694
0.5,tuning,29,1280000,12,B_power_scaled_anchor100,0.3333333333333333,0.0002966749636334135,667,664,664,-0.7862807928295545,0.8440821262399694
0.5,tuning,29,1280000,12,B_power_scaled_anchor100,0.5,0.0001868935158292668,426,418,418,-0.8201710176171045,0.8440821262399694
0.5,tuning,29,1280000,12,B_power_scaled_anchor100,0.6666666666666666,0.00011773553734107696,269,263,263,-0.79065284659131,0.8440821262399694
0.5,tuning,29,1280000,13,B_power_scaled_anchor25,0.3333333333333333,0.0004460563046037741,157,163,157,0.0715201458995843,0.3071677326761748
0.5,tuning,29,1280000,13,B_power_scaled_anchor25,0.5,0.00028099786380430717,98,101,98,0.07729865099385383,0.3071677326761748
0.5,tuning,29,1280000,13,B_power_scaled_anchor25,0.6666666666666666,0.00017701756179126964,63,66,63,0.09245102502922609,0.3071677326761748
0.5,tuning,29,1280000,13,B_power_scaled_anchor100,0.3333333333333333,0.0018589616360147189,662,677,662,0.06433307100491818,0.3071677326761748
0.5,tuning,29,1280000,13,B_power_scaled_anchor100,0.5,0.0011710724480809777,422,426,422,0.0665920016666833,0.3071677326761748
0.5,tuning,29,1280000,13,B_power_scaled_anchor100,0.6666666666666666,0.0007377294141445724,260,270,260,0.06648131239163935,0.3071677326761748
0.5,tuning,29,1280000,14,B_power_scaled_anchor25,0.3333333333333333,5.437281886106537e-5,175,182,175,1.206339450840214,1.2972022936396106
0.5,tuning,29,1280000,14,B_power_scaled_anchor25,0.5,3.425272951258862e-5,110,113,110,1.2275042640003335,1.2972022936396106
0.5,tuning,29,1280000,14,B_power_scaled_anchor25,0.6666666666666666,2.157786746463288e-5,68,73,68,1.1934548793764468,1.2972022936396106
0.5,tuning,29,1280000,14,B_power_scaled_anchor100,0.3333333333333333,0.0001987626463470394,645,656,645,1.2145314437552062,1.2972022936396106
0.5,tuning,29,1280000,14,B_power_scaled_anchor100,0.5,0.00012521262103272262,408,420,408,1.2711685824002514,1.2972022936396106
0.5,tuning,29,1280000,14,B_power_scaled_anchor100,0.6666666666666666,7.887900847581838e-5,255,262,255,1.1987312155126617,1.2972022936396106
0.5,held_out_1,141,20000,1,A_fixed_raw,1.0e-5,1.0e-5,0,0,0,0.0,0.3819730496717949
0.5,held_out_1,141,20000,1,A_fixed_raw,0.0001,0.0001,0,2,0,-0.08240843375473261,0.3819730496717949
0.5,held_out_1,141,20000,1,A_fixed_raw,0.001,0.001,10,8,8,-0.350640130226898,0.3819730496717949
0.5,held_out_1,141,20000,1,C_fixed_crossing,10,0.0010917228045780219,10,10,10,-0.3906454654575324,0.3819730496717949
0.5,held_out_1,141,20000,1,C_fixed_crossing,25,0.002939230973286228,26,25,25,-0.3074283826239719,0.3819730496717949
0.5,held_out_1,141,20000,1,C_fixed_crossing,50,0.005619661754343638,50,50,50,-0.3525258024560839,0.3819730496717949
0.5,held_out_1,141,20000,1,C_fixed_crossing,100,0.01155615093973777,100,103,100,-0.38033657569047385,0.3819730496717949
0.5,held_out_1,141,20000,1,D_growing_crossing,10,0.0005878771077867834,5,6,5,-0.2340695568394201,0.3819730496717949
0.5,held_out_1,141,20000,1,D_growing_crossing,25,0.0014502938316782077,13,14,13,-0.35444075108769435,0.3819730496717949
0.5,held_out_1,141,20000,1,D_growing_crossing,50,0.002939230973286228,26,25,25,-0.3074283826239719,0.3819730496717949
0.5,held_out_1,141,20000,2,A_fixed_raw,1.0e-5,1.0e-5,0,0,0,0.0,0.07251655396717029
0.5,held_out_1,141,20000,2,A_fixed_raw,0.0001,0.0001,0,1,0,-0.060279639717553124,0.07251655396717029
0.5,held_out_1,141,20000,2,A_fixed_raw,0.001,0.001,6,11,6,-0.07236644309205342,0.07251655396717029
0.5,held_out_1,141,20000,2,C_fixed_crossing,10,0.0015261407821317108,10,15,10,-0.07289190124959712,0.07251655396717029
0.5,held_out_1,141,20000,2,C_fixed_crossing,25,0.002982352881450516,25,27,25,-0.1085174666788245,0.07251655396717029
0.5,held_out_1,141,20000,2,C_fixed_crossing,50,0.0059135568239751,51,53,51,-0.12737854231664444,0.07251655396717029
0.5,held_out_1,141,20000,2,C_fixed_crossing,100,0.011472301415909571,100,107,100,-0.1276156225137809,0.07251655396717029
0.5,held_out_1,141,20000,2,D_growing_crossing,10,0.0007585418369957446,5,8,5,-0.06360496912484462,0.07251655396717029
0.5,held_out_1,141,20000,2,D_growing_crossing,25,0.0018442664944602408,13,19,13,-0.07111907993427677,0.07251655396717029
0.5,held_out_1,141,20000,2,D_growing_crossing,50,0.002982352881450516,25,27,25,-0.1085174666788245,0.07251655396717029
0.5,held_out_1,141,20000,3,A_fixed_raw,1.0e-5,1.0e-5,0,0,0,0.27640843595633235,0.2982316007191014
0.5,held_out_1,141,20000,3,A_fixed_raw,0.0001,0.0001,0,1,0,-2.0100369593273326,0.2982316007191014
0.5,held_out_1,141,20000,3,A_fixed_raw,0.001,0.001,6,6,6,-3.276464553162106,0.2982316007191014
0.5,held_out_1,141,20000,3,C_fixed_crossing,10,0.0018044119961856003,11,10,10,-2.850634510691525,0.2982316007191014
0.5,held_out_1,141,20000,3,C_fixed_crossing,25,0.004261173480605378,25,25,25,-2.8875999909566383,0.2982316007191014
0.5,held_out_1,141,20000,3,C_fixed_crossing,50,0.009153942626559587,51,55,51,-2.727675390568562,0.2982316007191014
0.5,held_out_1,141,20000,3,C_fixed_crossing,100,0.01762979668106857,101,108,101,-2.7169039410171067,0.2982316007191014
0.5,held_out_1,141,20000,3,D_growing_crossing,10,0.0009506527346308664,5,5,5,-2.8685612355306493,0.2982316007191014
0.5,held_out_1,141,20000,3,D_growing_crossing,25,0.002277931841619085,13,13,13,-2.755622098328647,0.2982316007191014
0.5,held_out_1,141,20000,3,D_growing_crossing,50,0.004261173480605378,25,25,25,-2.8875999909566383,0.2982316007191014
0.5,held_out_1,141,20000,4,A_fixed_raw,1.0e-5,1.0e-5,0,1,0,-0.05290792778889219,1.5901957092207055
0.5,held_out_1,141,20000,4,A_fixed_raw,0.0001,0.0001,4,4,4,0.17141640768547628,1.5901957092207055
0.5,held_out_1,141,20000,4,A_fixed_raw,0.001,0.001,44,48,44,1.4253898232694517,1.5901957092207055
0.5,held_out_1,141,20000,4,C_fixed_crossing,10,0.00024533964095570324,10,13,10,1.4952180191101854,1.5901957092207055
0.5,held_out_1,141,20000,4,C_fixed_crossing,25,0.0005308958772886277,25,25,25,1.4589141689876626,1.5901957092207055
0.5,held_out_1,141,20000,4,C_fixed_crossing,50,0.001115835958737614,50,53,50,1.4318451997012176,1.5901957092207055
0.5,held_out_1,141,20000,4,C_fixed_crossing,100,0.0022287058588642845,100,105,100,1.4912924235834573,1.5901957092207055
0.5,held_out_1,141,20000,4,D_growing_crossing,10,0.00011844099280299315,5,5,5,0.460669977738053,1.5901957092207055
0.5,held_out_1,141,20000,4,D_growing_crossing,25,0.00029864789682953026,13,15,13,1.412053937937389,1.5901957092207055
0.5,held_out_1,141,20000,4,D_growing_crossing,50,0.0005308958772886277,25,25,25,1.4589141689876626,1.5901957092207055
0.5,held_out_1,141,20000,5,A_fixed_raw,1.0e-5,1.0e-5,0,0,0,0.0,0.751197942485476
0.5,held_out_1,141,20000,5,A_fixed_raw,0.0001,0.0001,2,4,2,-0.9797197578970129,0.751197942485476
0.5,held_out_1,141,20000,5,A_fixed_raw,0.001,0.001,28,31,28,-1.7457291969349975,0.751197942485476
0.5,held_out_1,141,20000,5,C_fixed_crossing,10,0.0003797756687183721,10,12,10,-1.1562672402594651,0.751197942485476
0.5,held_out_1,141,20000,5,C_fixed_crossing,25,0.0008774708064061661,25,28,25,-1.673728380770253,0.751197942485476
0.5,held_out_1,141,20000,5,C_fixed_crossing,50,0.001677680038122544,50,54,50,-1.6273989362063428,0.751197942485476
0.5,held_out_1,141,20000,5,C_fixed_crossing,100,0.003326586970841997,100,105,100,-1.6415529550656194,0.751197942485476
0.5,held_out_1,141,20000,5,D_growing_crossing,10,0.00021995197827432051,5,7,5,-0.8535074370880673,0.751197942485476
0.5,held_out_1,141,20000,5,D_growing_crossing,25,0.0004361316630774809,13,15,13,-1.2489520545530368,0.751197942485476
0.5,held_out_1,141,20000,5,D_growing_crossing,50,0.0008774708064061661,25,28,25,-1.673728380770253,0.751197942485476
0.5,held_out_1,141,20000,6,A_fixed_raw,1.0e-5,1.0e-5,0,0,0,0.0,1.1372293674543315
0.5,held_out_1,141,20000,6,A_fixed_raw,0.0001,0.0001,3,4,3,-0.22083471391598497,1.1372293674543315
0.5,held_out_1,141,20000,6,A_fixed_raw,0.001,0.001,41,38,38,-0.9201013775418931,1.1372293674543315
0.5,held_out_1,141,20000,6,C_fixed_crossing,10,0.0002525912794932055,10,10,10,-0.5641400109604722,1.1372293674543315
0.5,held_out_1,141,20000,6,C_fixed_crossing,25,0.0006653523812840374,26,25,25,-1.0562303638979482,1.1372293674543315
0.5,held_out_1,141,20000,6,C_fixed_crossing,50,0.0012628899857377968,51,50,50,-0.9531751190894172,1.1372293674543315
0.5,held_out_1,141,20000,6,C_fixed_crossing,100,0.0026737400186609022,106,100,100,-1.0372466851601088,1.1372293674543315
0.5,held_out_1,141,20000,6,D_growing_crossing,10,0.00011504067245324284,5,5,5,-0.1987426563575308,1.1372293674543315
0.5,held_out_1,141,20000,6,D_growing_crossing,25,0.0003454717961245209,15,13,13,-1.0890773021730693,1.1372293674543315
0.5,held_out_1,141,20000,6,D_growing_crossing,50,0.0006653523812840374,26,25,25,-1.0562303638979482,1.1372293674543315
0.5,held_out_1,141,20000,7,A_fixed_raw,1.0e-5,1.0e-5,0,0,0,2.019502199418488,0.9924333042822502
0.5,held_out_1,141,20000,7,A_fixed_raw,0.0001,0.0001,2,3,2,0.9874496711198555,0.9924333042822502
0.5,held_out_1,141,20000,7,A_fixed_raw,0.001,0.001,25,26,25,0.39533725623169813,0.9924333042822502
0.5,held_out_1,141,20000,7,C_fixed_crossing,10,0.00039385868035338536,11,10,10,0.285807507254637,0.9924333042822502
0.5,held_out_1,141,20000,7,C_fixed_crossing,25,0.0009931111159397533,25,26,25,0.384090447660877,0.9924333042822502
0.5,held_out_1,141,20000,7,C_fixed_crossing,50,0.0019835823942277522,52,51,51,0.33925099303090434,0.9924333042822502
0.5,held_out_1,141,20000,7,C_fixed_crossing,100,0.003933145294864403,102,101,101,0.3588570824648947,0.9924333042822502
0.5,held_out_1,141,20000,7,D_growing_crossing,10,0.00021835604302394634,5,6,5,0.5584817750779508,0.9924333042822502
0.5,held_out_1,141,20000,7,D_growing_crossing,25,0.000497216395685482,13,13,13,0.39636878659110863,0.9924333042822502
0.5,held_out_1,141,20000,7,D_growing_crossing,50,0.0009931111159397533,25,26,25,0.384090447660877,0.9924333042822502
0.5,held_out_1,141,20000,8,A_fixed_raw,1.0e-5,1.0e-5,0,1,0,0.007272346086439895,0.36414053330894147
0.5,held_out_1,141,20000,8,A_fixed_raw,0.0001,0.0001,2,3,2,-0.08049313536928615,0.36414053330894147
0.5,held_out_1,141,20000,8,A_fixed_raw,0.001,0.001,19,18,18,-0.2572483631652078,0.36414053330894147
0.5,held_out_1,141,20000,8,C_fixed_crossing,10,0.0005965019429509032,10,12,10,-0.22726643064983654,0.36414053330894147
0.5,held_out_1,141,20000,8,C_fixed_crossing,25,0.001253726664446502,25,26,25,-0.333068304400384,0.36414053330894147
0.5,held_out_1,141,20000,8,C_fixed_crossing,50,0.0025224230213006685,50,53,50,-0.339658035369981,0.36414053330894147
0.5,held_out_1,141,20000,8,C_fixed_crossing,100,0.005001585145520934,100,104,100,-0.32237389187748616,0.36414053330894147
0.5,held_out_1,141,20000,8,D_growing_crossing,10,0.00023829618957962675,5,5,5,-0.027777038929918094,0.36414053330894147
0.5,held_out_1,141,20000,8,D_growing_crossing,25,0.0007261119728677686,13,14,13,-0.18335655254741978,0.36414053330894147
0.5,held_out_1,141,20000,8,D_growing_crossing,50,0.001253726664446502,25,26,25,-0.333068304400384,0.36414053330894147
0.5,held_out_1,141,20000,9,A_fixed_raw,1.0e-5,1.0e-5,0,0,0,0.0,1.4440302098093005
0.5,held_out_1,141,20000,9,A_fixed_raw,0.0001,0.0001,7,4,4,0.19045738664069667,1.4440302098093005
0.5,held_out_1,141,20000,9,A_fixed_raw,0.001,0.001,64,65,64,1.1694630901218361,1.4440302098093005
0.5,held_out_1,141,20000,9,C_fixed_crossing,10,0.00019014054534120028,13,10,10,0.6873098689989803,1.4440302098093005
0.5,held_out_1,141,20000,9,C_fixed_crossing,25,0.00041445656139096643,29,25,25,1.2035479131843592,1.4440302098093005
0.5,held_out_1,141,20000,9,C_fixed_crossing,50,0.0007752959399376983,50,51,50,1.1278864880278159,1.4440302098093005
0.5,held_out_1,141,20000,9,C_fixed_crossing,100,0.0015943018097060453,100,105,100,1.304163582978605,1.4440302098093005
0.5,held_out_1,141,20000,9,D_growing_crossing,10,0.0001001753644815736,7,5,5,0.18139943430205696,1.4440302098093005
0.5,held_out_1,141,20000,9,D_growing_crossing,25,0.00020750406909705413,14,13,13,0.8072275465476545,1.4440302098093005
0.5,held_out_1,141,20000,9,D_growing_crossing,50,0.00041445656139096643,29,25,25,1.2035479131843592,1.4440302098093005
0.5,held_out_1,141,20000,10,A_fixed_raw,1.0e-5,1.0e-5,0,0,0,0.0,0.08745637221810908
0.5,held_out_1,141,20000,10,A_fixed_raw,0.0001,0.0001,1,1,1,0.08165636365353723,0.08745637221810908
0.5,held_out_1,141,20000,10,A_fixed_raw,0.001,0.001,6,10,6,0.019341960946994696,0.08745637221810908
0.5,held_out_1,141,20000,10,C_fixed_crossing,10,0.0016414254640761165,10,15,10,0.022341721749521176,0.08745637221810908
0.5,held_out_1,141,20000,10,C_fixed_crossing,25,0.0035519168788215555,25,29,25,-0.017036608615099848,0.08745637221810908
0.5,held_out_1,141,20000,10,C_fixed_crossing,50,0.006890719452105701,50,58,50,-0.04919040612183006,0.08745637221810908
0.5,held_out_1,141,20000,10,C_fixed_crossing,100,0.013079115421213126,100,113,100,-0.04023184027440733,0.08745637221810908
0.5,held_out_1,141,20000,10,D_growing_crossing,10,0.0007752959399376983,5,9,5,0.020304701151399877,0.08745637221810908
0.5,held_out_1,141,20000,10,D_growing_crossing,25,0.0021647219821155543,13,19,13,0.004699929010020697,0.08745637221810908
0.5,held_out_1,141,20000,10,D_growing_crossing,50,0.0035519168788215555,25,29,25,-0.017036608615099848,0.08745637221810908
0.5,held_out_1,141,20000,11,A_fixed_raw,1.0e-5,1.0e-5,0,0,0,2.2238884324565777,0.760287900075816
0.5,held_out_1,141,20000,11,A_fixed_raw,0.0001,0.0001,2,2,2,1.346413345428843,0.760287900075816
0.5,held_out_1,141,20000,11,A_fixed_raw,0.001,0.001,22,23,22,0.7378096052578775,0.760287900075816
0.5,held_out_1,141,20000,11,C_fixed_crossing,10,0.00046567350532288184,10,10,10,0.9151477899824493,0.760287900075816
0.5,held_out_1,141,20000,11,C_fixed_crossing,25,0.0010997020612238861,25,26,25,0.7137325349271035,0.760287900075816
0.5,held_out_1,141,20000,11,C_fixed_crossing,50,0.0022287058588642845,50,51,50,0.8202214752418603,0.760287900075816
0.5,held_out_1,141,20000,11,C_fixed_crossing,100,0.004387123325916025,100,101,100,0.7385201612893524,0.760287900075816
0.5,held_out_1,141,20000,11,D_growing_crossing,10,0.000285879832836322,5,7,5,1.0061072887391427,0.760287900075816
0.5,held_out_1,141,20000,11,D_growing_crossing,25,0.0006141330785486713,13,14,13,0.7333785586797856,0.760287900075816
0.5,held_out_1,141,20000,11,D_growing_crossing,50,0.0010997020612238861,25,26,25,0.7137325349271035,0.760287900075816
0.5,held_out_1,141,20000,12,A_fixed_raw,1.0e-5,1.0e-5,0,1,0,0.03908405042385432,0.8440821262399694
0.5,held_out_1,141,20000,12,A_fixed_raw,0.0001,0.0001,4,3,3,-0.07280299078427088,0.8440821262399694
0.5,held_out_1,141,20000,12,A_fixed_raw,0.001,0.001,37,36,36,-0.7749783272318345,0.8440821262399694
0.5,held_out_1,141,20000,12,C_fixed_crossing,10,0.00026580120829676327,10,10,10,-0.5103114237759198,0.8440821262399694
0.5,held_out_1,141,20000,12,C_fixed_crossing,25,0.0007208434242404263,25,26,25,-0.7516614166018305,0.8440821262399694
0.5,held_out_1,141,20000,12,C_fixed_crossing,50,0.0014293240001703937,51,50,50,-0.6963492891077789,0.8440821262399694
0.5,held_out_1,141,20000,12,C_fixed_crossing,100,0.0028757143523936005,102,100,100,-0.798924654085157,0.8440821262399694
0.5,held_out_1,141,20000,12,D_growing_crossing,10,0.0001158814894137093,5,5,5,-0.16401176473788068,0.8440821262399694
0.5,held_out_1,141,20000,12,D_growing_crossing,25,0.00041144933298928424,14,13,13,-0.4155051406995152,0.8440821262399694
0.5,held_out_1,141,20000,12,D_growing_crossing,50,0.0007208434242404263,25,26,25,-0.7516614166018305,0.8440821262399694
0.5,held_out_1,141,20000,13,A_fixed_raw,1.0e-5,1.0e-5,0,0,0,0.0,0.3071677326761748
0.5,held_out_1,141,20000,13,A_fixed_raw,0.0001,0.0001,0,0,0,0.0,0.3071677326761748
0.5,held_out_1,141,20000,13,A_fixed_raw,0.001,0.001,5,5,5,0.026268233843773636,0.3071677326761748
0.5,held_out_1,141,20000,13,C_fixed_crossing,10,0.0017398925215510968,11,10,10,0.06411883024894335,0.3071677326761748
0.5,held_out_1,141,20000,13,C_fixed_crossing,25,0.004323689809935332,25,25,25,0.10401921633721885,0.3071677326761748
0.5,held_out_1,141,20000,13,C_fixed_crossing,50,0.008956126426074337,50,54,50,0.07354432896398795,0.3071677326761748
0.5,held_out_1,141,20000,13,C_fixed_crossing,100,0.017888446130651,100,108,100,0.1028979615918287,0.3071677326761748
0.5,held_out_1,141,20000,13,D_growing_crossing,10,0.0010003696328807882,5,5,5,0.026258527828487133,0.3071677326761748
0.5,held_out_1,141,20000,13,D_growing_crossing,25,0.0025408590753722635,14,15,14,0.11486045918220261,0.3071677326761748
0.5,held_out_1,141,20000,13,D_growing_crossing,50,0.004323689809935332,25,25,25,0.10401921633721885,0.3071677326761748
0.5,held_out_1,141,20000,14,A_fixed_raw,1.0e-5,1.0e-5,1,0,0,0.06893082087899849,1.2972022936396106
0.5,held_out_1,141,20000,14,A_fixed_raw,0.0001,0.0001,5,5,5,0.26351995296547415,1.2972022936396106
0.5,held_out_1,141,20000,14,A_fixed_raw,0.001,0.001,49,54,49,1.0991698109354964,1.2972022936396106
0.5,held_out_1,141,20000,14,C_fixed_crossing,10,0.00018739129887023167,10,10,10,0.7944847235104103,1.2972022936396106
0.5,held_out_1,141,20000,14,C_fixed_crossing,25,0.0004864715765156419,25,28,25,1.191799213617571,1.2972022936396106
0.5,held_out_1,141,20000,14,C_fixed_crossing,50,0.0010076812013558739,50,54,50,1.092096678392282,1.2972022936396106
0.5,held_out_1,141,20000,14,C_fixed_crossing,100,0.002057138485988945,100,111,100,1.241321408298611,1.2972022936396106
0.5,held_out_1,141,20000,14,D_growing_crossing,10,9.382034367716201e-5,5,5,5,0.280877198523438,1.2972022936396106
0.5,held_out_1,141,20000,14,D_growing_crossing,25,0.0002638725986009514,13,14,13,0.7152288230220695,1.2972022936396106
0.5,held_out_1,141,20000,14,D_growing_crossing,50,0.0004864715765156419,25,28,25,1.191799213617571,1.2972022936396106
0.5,held_out_1,141,20000,1,B_power_scaled_anchor25,0.3333333333333333,0.0012763431671920645,12,12,12,-0.3337843353082876,0.3819730496717949
0.5,held_out_1,141,20000,1,B_power_scaled_anchor25,0.5,0.0016080916232347738,14,15,14,-0.3412824870991153,0.3819730496717949
0.5,held_out_1,141,20000,1,B_power_scaled_anchor25,0.6666666666666666,0.002026068486273107,19,16,16,-0.34096058783684935,0.3819730496717949
0.5,held_out_1,141,20000,1,B_power_scaled_anchor100,0.3333333333333333,0.00456491198814965,39,41,39,-0.35385960355555274,0.3819730496717949
0.5,held_out_1,141,20000,1,B_power_scaled_anchor100,0.5,0.005751428704787201,51,51,51,-0.3443900554881435,0.3819730496717949
0.5,held_out_1,141,20000,1,B_power_scaled_anchor100,0.6666666666666666,0.0072463460921310015,64,63,63,-0.34491577270109847,0.3819730496717949
0.5,held_out_1,141,20000,2,B_power_scaled_anchor25,0.3333333333333333,0.0011610553354540671,7,12,7,-0.06791388247119333,0.07251655396717029
0.5,held_out_1,141,20000,2,B_power_scaled_anchor25,0.5,0.0014628380572313325,9,15,9,-0.07487029134035957,0.07251655396717029
0.5,held_out_1,141,20000,2,B_power_scaled_anchor25,0.6666666666666666,0.001843060460893077,13,19,13,-0.07116561774434133,0.07251655396717029
0.5,held_out_1,141,20000,2,B_power_scaled_anchor100,0.3333333333333333,0.004665738338972073,39,41,39,-0.0945799179389736,0.07251655396717029
0.5,held_out_1,141,20000,2,B_power_scaled_anchor100,0.5,0.005878461946572456,49,53,49,-0.12650073168938547,0.07251655396717029
0.5,held_out_1,141,20000,2,B_power_scaled_anchor100,0.6666666666666666,0.007406397947492628,62,67,62,-0.11892842424144852,0.07251655396717029
0.5,held_out_1,141,20000,3,B_power_scaled_anchor25,0.3333333333333333,0.0019471596252253363,12,10,10,-2.5760786189950347,0.2982316007191014
0.5,held_out_1,141,20000,3,B_power_scaled_anchor25,0.5,0.0024532673993268137,13,14,13,-2.7640614393196303,0.2982316007191014
0.5,held_out_1,141,20000,3,B_power_scaled_anchor25,0.6666666666666666,0.0030909232374327043,19,18,18,-3.010150290779205,0.2982316007191014
0.5,held_out_1,141,20000,3,B_power_scaled_anchor100,0.3333333333333333,0.007381893268852429,42,44,42,-2.653910370131964,0.2982316007191014
0.5,held_out_1,141,20000,3,B_power_scaled_anchor100,0.5,0.00930060271750445,52,56,52,-2.7232335250698427,0.2982316007191014
0.5,held_out_1,141,20000,3,B_power_scaled_anchor100,0.6666666666666666,0.011718025140493317,65,71,65,-2.759847512291334,0.2982316007191014
0.5,held_out_1,141,20000,4,B_power_scaled_anchor25,0.3333333333333333,0.0002305383046199242,8,12,8,1.127729143583126,1.5901957092207055
0.5,held_out_1,141,20000,4,B_power_scaled_anchor25,0.5,0.000290460062797719,12,15,12,1.4514790390179004,1.5901957092207055
0.5,held_out_1,141,20000,4,B_power_scaled_anchor25,0.6666666666666666,0.0003659567472726329,16,17,16,1.3862782347494387,1.5901957092207055
0.5,held_out_1,141,20000,4,B_power_scaled_anchor100,0.3333333333333333,0.0008739957099765387,39,40,39,1.3364950332377887,1.5901957092207055
0.5,held_out_1,141,20000,4,B_power_scaled_anchor100,0.5,0.0011011655925172558,49,53,49,1.4509811703076083,1.5901957092207055
0.5,held_out_1,141,20000,4,B_power_scaled_anchor100,0.6666666666666666,0.0013873817094324512,63,65,63,1.4738452197991505,1.5901957092207055
0.5,held_out_1,141,20000,5,B_power_scaled_anchor25,0.3333333333333333,0.0004188716406047327,12,14,12,-1.2205777125463544,0.751197942485476
0.5,held_out_1,141,20000,5,B_power_scaled_anchor25,0.5,0.0005277451972019028,15,17,15,-1.4664021636591724,0.751197942485476
0.5,held_out_1,141,20000,5,B_power_scaled_anchor25,0.6666666666666666,0.0006649172829355983,18,22,18,-1.3432828501111471,0.751197942485476
0.5,held_out_1,141,20000,5,B_power_scaled_anchor100,0.3333333333333333,0.001333347647271402,39,42,39,-1.665306119241815,0.751197942485476
0.5,held_out_1,141,20000,5,B_power_scaled_anchor100,0.5,0.001679912767625044,50,54,50,-1.6252360015068572,0.751197942485476
0.5,held_out_1,141,20000,5,B_power_scaled_anchor100,0.6666666666666666,0.0021165574579179477,63,67,63,-1.7344974417957322,0.751197942485476
0.5,held_out_1,141,20000,6,B_power_scaled_anchor25,0.3333333333333333,0.00030849588084194804,12,11,11,-0.5843898512484559,1.1372293674543315
0.5,held_out_1,141,20000,6,B_power_scaled_anchor25,0.5,0.0003886804540786309,15,14,14,-1.1130007021157258,1.1372293674543315
0.5,held_out_1,141,20000,6,B_power_scaled_anchor25,0.6666666666666666,0.0004897066857763646,18,20,18,-1.0666730592475357,1.1372293674543315
0.5,held_out_1,141,20000,6,B_power_scaled_anchor100,0.3333333333333333,0.0010485175944631104,43,41,41,-0.977562812819522,1.1372293674543315
0.5,held_out_1,141,20000,6,B_power_scaled_anchor100,0.5,0.001321049388449209,55,51,51,-0.995845118714593,1.1372293674543315
0.5,held_out_1,141,20000,6,B_power_scaled_anchor100,0.6666666666666666,0.0016644179324579074,67,63,63,-1.0594596378695282,1.1372293674543315
0.5,held_out_1,141,20000,7,B_power_scaled_anchor25,0.3333333333333333,0.00043440442659947737,12,11,11,0.2672194765218381,0.9924333042822502
0.5,held_out_1,141,20000,7,B_power_scaled_anchor25,0.5,0.0005473152812401939,13,14,13,0.5043634771672146,0.9924333042822502
0.5,held_out_1,141,20000,7,B_power_scaled_anchor25,0.6666666666666666,0.000689574043763653,17,17,17,0.43101715441634475,0.9924333042822502
0.5,held_out_1,141,20000,7,B_power_scaled_anchor100,0.3333333333333333,0.00162306209077767,42,41,41,0.39079095622269727,0.9924333042822502
0.5,held_out_1,141,20000,7,B_power_scaled_anchor100,0.5,0.0020449300934571703,52,52,52,0.37007854509023497,0.9924333042822502
0.5,held_out_1,141,20000,7,B_power_scaled_anchor100,0.6666666666666666,0.0025764504703101794,66,65,65,0.42213349835488145,0.9924333042822502
0.5,held_out_1,141,20000,8,B_power_scaled_anchor25,0.3333333333333333,0.0005813002591755211,9,12,9,-0.09392754344376353,0.36414053330894147
0.5,held_out_1,141,20000,8,B_power_scaled_anchor25,0.5,0.0007323924328445845,13,14,13,-0.18178422132426886,0.36414053330894147
0.5,held_out_1,141,20000,8,B_power_scaled_anchor25,0.6666666666666666,0.0009227566429246093,16,17,16,-0.18426257818889386,0.36414053330894147
0.5,held_out_1,141,20000,8,B_power_scaled_anchor100,0.3333333333333333,0.0019330313563714556,38,39,38,-0.30447194168752156,0.36414053330894147
0.5,held_out_1,141,20000,8,B_power_scaled_anchor100,0.5,0.002435466895999235,48,50,48,-0.35244824366239513,0.36414053330894147
0.5,held_out_1,141,20000,8,B_power_scaled_anchor100,0.6666666666666666,0.0030684960085915645,62,62,62,-0.2875965021599977,0.36414053330894147
0.5,held_out_1,141,20000,9,B_power_scaled_anchor25,0.3333333333333333,0.00016018072385313466,10,8,8,0.8427234170403004,1.4440302098093005
0.5,held_out_1,141,20000,9,B_power_scaled_anchor25,0.5,0.0002018150657699622,14,11,11,0.6454115200408181,1.4440302098093005
0.5,held_out_1,141,20000,9,B_power_scaled_anchor25,0.6666666666666666,0.00025427104954949366,16,15,15,1.004551127137264,1.4440302098093005
0.5,held_out_1,141,20000,9,B_power_scaled_anchor100,0.3333333333333333,0.0006343842599674924,43,40,40,1.3403079397281839,1.4440302098093005
0.5,held_out_1,141,20000,9,B_power_scaled_anchor100,0.5,0.0007992740828550252,52,54,52,1.1736586413282406,1.4440302098093005
0.5,held_out_1,141,20000,9,B_power_scaled_anchor100,0.6666666666666666,0.0010070222416244652,64,65,64,1.1613081040149933,1.4440302098093005
0.5,held_out_1,141,20000,10,B_power_scaled_anchor25,0.3333333333333333,0.0012041101100089353,7,12,7,0.009462379081257544,0.08745637221810908
0.5,held_out_1,141,20000,10,B_power_scaled_anchor25,0.5,0.0015170836739914892,9,14,9,0.023086701300068367,0.08745637221810908
0.5,held_out_1,141,20000,10,B_power_scaled_anchor25,0.6666666666666666,0.0019114056553137285,11,16,11,0.01944364707348184,0.08745637221810908
0.5,held_out_1,141,20000,10,B_power_scaled_anchor100,0.3333333333333333,0.0050181882353000475,37,42,37,-0.054689234618641,0.08745637221810908
0.5,held_out_1,141,20000,10,B_power_scaled_anchor100,0.5,0.006322520989989337,45,53,45,-0.05071309805781651,0.08745637221810908
0.5,held_out_1,141,20000,10,B_power_scaled_anchor100,0.6666666666666666,0.007965877283689738,60,69,60,-0.04245668754287778,0.08745637221810908
0.5,held_out_1,141,20000,11,B_power_scaled_anchor25,0.3333333333333333,0.0005061858914273022,11,11,11,0.7936653947083963,0.760287900075816
0.5,held_out_1,141,20000,11,B_power_scaled_anchor25,0.5,0.0006377542597690589,13,16,13,0.7807476189924729,0.760287900075816
0.5,held_out_1,141,20000,11,B_power_scaled_anchor25,0.6666666666666666,0.0008035200165431605,17,19,17,0.751381063812451,0.760287900075816
0.5,held_out_1,141,20000,11,B_power_scaled_anchor100,0.3333333333333333,0.0017712791747240327,39,41,39,0.8334696980082446,0.760287900075816
0.5,held_out_1,141,20000,11,B_power_scaled_anchor100,0.5,0.002231671917475228,50,51,50,0.8220861321718429,0.760287900075816
0.5,held_out_1,141,20000,11,B_power_scaled_anchor100,0.6666666666666666,0.002811730425286294,64,65,64,0.7531698316979425,0.760287900075816
0.5,held_out_1,141,20000,12,B_power_scaled_anchor25,0.3333333333333333,0.00035686380913078523,13,12,12,-0.4825522142803841,0.8440821262399694
0.5,held_out_1,141,20000,12,B_power_scaled_anchor25,0.5,0.0004496202250695426,17,14,14,-0.7722721879342517,0.8440821262399694
0.5,held_out_1,141,20000,12,B_power_scaled_anchor25,0.6666666666666666,0.0005664859860235874,20,20,20,-0.7441575396233681,0.8440821262399694
0.5,held_out_1,141,20000,12,B_power_scaled_anchor100,0.3333333333333333,0.0011866998545336537,42,42,42,-0.7318616945704799,0.8440821262399694
0.5,held_out_1,141,20000,12,B_power_scaled_anchor100,0.5,0.0014951481266341343,52,53,52,-0.6842356312934421,0.8440821262399694
0.5,held_out_1,141,20000,12,B_power_scaled_anchor100,0.6666666666666666,0.0018837685974572313,68,67,67,-0.7574691186234829,0.8440821262399694
0.5,held_out_1,141,20000,13,B_power_scaled_anchor25,0.3333333333333333,0.001784225218415096,11,10,10,0.06252566777407056,0.3071677326761748
0.5,held_out_1,141,20000,13,B_power_scaled_anchor25,0.5,0.0022479829104344574,12,13,12,0.09539041322179731,0.3071677326761748
0.5,held_out_1,141,20000,13,B_power_scaled_anchor25,0.6666666666666666,0.002832280988660314,17,16,16,0.1467264617368788,0.3071677326761748
0.5,held_out_1,141,20000,13,B_power_scaled_anchor100,0.3333333333333333,0.007435846544058874,41,46,41,0.09900438933687744,0.3071677326761748
0.5,held_out_1,141,20000,13,B_power_scaled_anchor100,0.5,0.009368579584647822,52,55,52,0.07896704381512834,0.3071677326761748
0.5,held_out_1,141,20000,13,B_power_scaled_anchor100,0.6666666666666666,0.011803670626313158,67,68,67,0.09397587939595985,0.3071677326761748
0.5,held_out_1,141,20000,14,B_power_scaled_anchor25,0.3333333333333333,0.00021749127544426144,11,10,10,0.6858159300542253,1.2972022936396106
0.5,held_out_1,141,20000,14,B_power_scaled_anchor25,0.5,0.00027402183610070896,13,15,13,1.0104153109464655,1.2972022936396106
0.5,held_out_1,141,20000,14,B_power_scaled_anchor25,0.6666666666666666,0.0003452458794341261,17,20,17,1.2880181462242106,1.2972022936396106
0.5,held_out_1,141,20000,14,B_power_scaled_anchor100,0.3333333333333333,0.0007950505853881575,41,43,41,1.17197717274784,1.2972022936396106
0.5,held_out_1,141,20000,14,B_power_scaled_anchor100,0.5,0.001001700968261781,49,54,49,1.0973033327928692,1.2972022936396106
0.5,held_out_1,141,20000,14,B_power_scaled_anchor100,0.6666666666666666,0.0012620641356130941,63,69,63,1.207201010250734,1.2972022936396106
0.5,held_out_1,141,80000,1,A_fixed_raw,1.0e-5,1.0e-5,0,0,0,0.0,0.3819730496717949
0.5,held_out_1,141,80000,1,A_fixed_raw,0.0001,0.0001,3,5,3,-0.1738951955754242,0.3819730496717949
0.5,held_out_1,141,80000,1,A_fixed_raw,0.001,0.001,36,34,34,-0.33597736844548365,0.3819730496717949
0.5,held_out_1,141,80000,1,C_fixed_crossing,10,0.0003165634100620773,10,10,10,-0.1536678505625064,0.3819730496717949
0.5,held_out_1,141,80000,1,C_fixed_crossing,25,0.00070526603719036,25,27,25,-0.3482317566121002,0.3819730496717949
0.5,held_out_1,141,80000,1,C_fixed_crossing,50,0.0014502938316782077,52,52,52,-0.3577360815420955,0.3819730496717949
0.5,held_out_1,141,80000,1,C_fixed_crossing,100,0.0029179043984762995,100,100,100,-0.3342733032631539,0.3819730496717949
0.5,held_out_1,141,80000,1,D_growing_crossing,10,0.0003165634100620773,10,10,10,-0.1536678505625064,0.3819730496717949
0.5,held_out_1,141,80000,1,D_growing_crossing,25,0.00070526603719036,25,27,25,-0.3482317566121002,0.3819730496717949
0.5,held_out_1,141,80000,1,D_growing_crossing,50,0.0014502938316782077,52,52,52,-0.3577360815420955,0.3819730496717949
0.5,held_out_1,141,80000,2,A_fixed_raw,1.0e-5,1.0e-5,0,0,0,0.0,0.07251655396717029
0.5,held_out_1,141,80000,2,A_fixed_raw,0.0001,0.0001,2,5,2,-0.03073635693962018,0.07251655396717029
0.5,held_out_1,141,80000,2,A_fixed_raw,0.001,0.001,33,37,33,-0.02995045751824632,0.07251655396717029
0.5,held_out_1,141,80000,2,C_fixed_crossing,10,0.00027970198525369036,10,11,10,-0.05968957651542795,0.07251655396717029
0.5,held_out_1,141,80000,2,C_fixed_crossing,25,0.0007208434242404263,25,28,25,-0.0376924464477968,0.07251655396717029
0.5,held_out_1,141,80000,2,C_fixed_crossing,50,0.0014931609631353635,50,54,50,-0.02524164904108076,0.07251655396717029
0.5,held_out_1,141,80000,2,C_fixed_crossing,100,0.0029179043984762995,101,106,101,-0.06029698600771775,0.07251655396717029
0.5,held_out_1,141,80000,2,D_growing_crossing,10,0.00027970198525369036,10,11,10,-0.05968957651542795,0.07251655396717029
0.5,held_out_1,141,80000,2,D_growing_crossing,25,0.0007208434242404263,25,28,25,-0.0376924464477968,0.07251655396717029
0.5,held_out_1,141,80000,2,D_growing_crossing,50,0.0014931609631353635,50,54,50,-0.02524164904108076,0.07251655396717029
0.5,held_out_1,141,80000,3,A_fixed_raw,1.0e-5,1.0e-5,1,0,0,-18.558298456849975,0.2982316007191014
0.5,held_out_1,141,80000,3,A_fixed_raw,0.0001,0.0001,2,3,2,-3.3208663757622325,0.2982316007191014
0.5,held_out_1,141,80000,3,A_fixed_raw,0.001,0.001,24,24,24,-2.4256090303617084,0.2982316007191014
0.5,held_out_1,141,80000,3,C_fixed_crossing,10,0.0004725054727026431,11,10,10,-2.7896888080953004,0.2982316007191014
0.5,held_out_1,141,80000,3,C_fixed_crossing,25,0.0010838014441013708,25,25,25,-2.464869094058241,0.2982316007191014
0.5,held_out_1,141,80000,3,C_fixed_crossing,50,0.0021179424582449813,50,50,50,-2.456370720619744,0.2982316007191014
0.5,held_out_1,141,80000,3,C_fixed_crossing,100,0.004387123325916025,100,102,100,-2.431492519988347,0.2982316007191014
0.5,held_out_1,141,80000,3,D_growing_crossing,10,0.0004725054727026431,11,10,10,-2.7896888080953004,0.2982316007191014
0.5,held_out_1,141,80000,3,D_growing_crossing,25,0.0010838014441013708,25,25,25,-2.464869094058241,0.2982316007191014
0.5,held_out_1,141,80000,3,D_growing_crossing,50,0.0021179424582449813,50,50,50,-2.456370720619744,0.2982316007191014
0.5,held_out_1,141,80000,4,A_fixed_raw,1.0e-5,1.0e-5,1,4,1,1.442266787182733,1.5901957092207055
0.5,held_out_1,141,80000,4,A_fixed_raw,0.0001,0.0001,17,20,17,1.1674790187499173,1.5901957092207055
0.5,held_out_1,141,80000,4,A_fixed_raw,0.001,0.001,180,184,180,1.3754156895032232,1.5901957092207055
0.5,held_out_1,141,80000,4,C_fixed_crossing,10,6.016929887299596e-5,10,10,10,0.42148419583971014,1.5901957092207055
0.5,held_out_1,141,80000,4,C_fixed_crossing,25,0.0001420916183478184,25,27,25,1.3591176005768553,1.5901957092207055
0.5,held_out_1,141,80000,4,C_fixed_crossing,50,0.0002838055359549112,50,54,50,1.3810924783440781,1.5901957092207055
0.5,held_out_1,141,80000,4,C_fixed_crossing,100,0.0005546069326215605,100,101,100,1.3617263173098768,1.5901957092207055
0.5,held_out_1,141,80000,4,D_growing_crossing,10,6.016929887299596e-5,10,10,10,0.42148419583971014,1.5901957092207055
0.5,held_out_1,141,80000,4,D_growing_crossing,25,0.0001420916183478184,25,27,25,1.3591176005768553,1.5901957092207055
0.5,held_out_1,141,80000,4,D_growing_crossing,50,0.0002838055359549112,50,54,50,1.3810924783440781,1.5901957092207055
0.5,held_out_1,141,80000,5,A_fixed_raw,1.0e-5,1.0e-5,1,2,1,-1.5194209896318698,0.751197942485476
0.5,held_out_1,141,80000,5,A_fixed_raw,0.0001,0.0001,10,14,10,-1.1279538468295103,0.751197942485476
0.5,held_out_1,141,80000,5,A_fixed_raw,0.001,0.001,122,126,122,-1.553732168660782,0.751197942485476
0.5,held_out_1,141,80000,5,C_fixed_crossing,10,9.729943172949909e-5,10,14,10,-1.159260467178596,0.751197942485476
0.5,held_out_1,141,80000,5,C_fixed_crossing,25,0.00021208726327958646,25,29,25,-1.385572596653987,0.751197942485476
0.5,held_out_1,141,80000,5,C_fixed_crossing,50,0.00041445656139096643,50,54,50,-1.4207507202880498,0.751197942485476
0.5,held_out_1,141,80000,5,C_fixed_crossing,100,0.0008218049722079714,100,104,100,-1.55053290962135,0.751197942485476
0.5,held_out_1,141,80000,5,D_growing_crossing,10,9.729943172949909e-5,10,14,10,-1.159260467178596,0.751197942485476
0.5,held_out_1,141,80000,5,D_growing_crossing,25,0.00021208726327958646,25,29,25,-1.385572596653987,0.751197942485476
0.5,held_out_1,141,80000,5,D_growing_crossing,50,0.00041445656139096643,50,54,50,-1.4207507202880498,0.751197942485476
0.5,held_out_1,141,80000,6,A_fixed_raw,1.0e-5,1.0e-5,2,2,2,-1.4452880846060887,1.1372293674543315
0.5,held_out_1,141,80000,6,A_fixed_raw,0.0001,0.0001,13,15,13,-0.2646799685118717,1.1372293674543315
0.5,held_out_1,141,80000,6,A_fixed_raw,0.001,0.001,153,153,153,-0.9892817025586309,1.1372293674543315
0.5,held_out_1,141,80000,6,C_fixed_crossing,10,6.909799269722478e-5,11,10,10,-0.32968315320854547,1.1372293674543315
0.5,held_out_1,141,80000,6,C_fixed_crossing,25,0.00016081761881177477,25,26,25,-0.8969464557390906,1.1372293674543315
0.5,held_out_1,141,80000,6,C_fixed_crossing,50,0.0003307018745962125,50,50,50,-0.9578136184138484,1.1372293674543315
0.5,held_out_1,141,80000,6,C_fixed_crossing,100,0.0006653523812840374,103,100,100,-0.9854680208100137,1.1372293674543315
0.5,held_out_1,141,80000,6,D_growing_crossing,10,6.909799269722478e-5,11,10,10,-0.32968315320854547,1.1372293674543315
0.5,held_out_1,141,80000,6,D_growing_crossing,25,0.00016081761881177477,25,26,25,-0.8969464557390906,1.1372293674543315
0.5,held_out_1,141,80000,6,D_growing_crossing,50,0.0003307018745962125,50,50,50,-0.9578136184138484,1.1372293674543315
0.5,held_out_1,141,80000,7,A_fixed_raw,1.0e-5,1.0e-5,1,2,1,0.8918371098232124,0.9924333042822502
0.5,held_out_1,141,80000,7,A_fixed_raw,0.0001,0.0001,7,10,7,0.9374255592770053,0.9924333042822502
0.5,held_out_1,141,80000,7,A_fixed_raw,0.001,0.001,100,103,100,0.24024929086990943,0.9924333042822502
0.5,held_out_1,141,80000,7,C_fixed_crossing,10,0.00011758160450839066,10,13,10,0.7209205236023768,0.9924333042822502
0.5,held_out_1,141,80000,7,C_fixed_crossing,25,0.00024533964095570324,25,27,25,0.23022359294539158,0.9924333042822502
0.5,held_out_1,141,80000,7,C_fixed_crossing,50,0.000508198538359029,50,53,50,0.2649143529939699,0.9924333042822502
0.5,held_out_1,141,80000,7,C_fixed_crossing,100,0.0009931111159397533,100,102,100,0.23487139032212742,0.9924333042822502
0.5,held_out_1,141,80000,7,D_growing_crossing,10,0.00011758160450839066,10,13,10,0.7209205236023768,0.9924333042822502
0.5,held_out_1,141,80000,7,D_growing_crossing,25,0.00024533964095570324,25,27,25,0.23022359294539158,0.9924333042822502
0.5,held_out_1,141,80000,7,D_growing_crossing,50,0.000508198538359029,50,53,50,0.2649143529939699,0.9924333042822502
0.5,held_out_1,141,80000,8,A_fixed_raw,1.0e-5,1.0e-5,1,2,1,0.0027560558002459597,0.36414053330894147
0.5,held_out_1,141,80000,8,A_fixed_raw,0.0001,0.0001,8,10,8,-0.17148897590024692,0.36414053330894147
0.5,held_out_1,141,80000,8,A_fixed_raw,0.001,0.001,79,81,79,-0.2893002146727719,0.36414053330894147
0.5,held_out_1,141,80000,8,C_fixed_crossing,10,0.00011758160450839066,10,11,10,-0.1456403937316561,0.36414053330894147
0.5,held_out_1,141,80000,8,C_fixed_crossing,25,0.00032120776037715594,25,27,25,-0.14862416006206108,0.36414053330894147
0.5,held_out_1,141,80000,8,C_fixed_crossing,50,0.0006369066367385223,50,54,50,-0.33005538245643334,0.36414053330894147
0.5,held_out_1,141,80000,8,C_fixed_crossing,100,0.001253726664446502,100,104,100,-0.30987648349449015,0.36414053330894147
0.5,held_out_1,141,80000,8,D_growing_crossing,10,0.00011758160450839066,10,11,10,-0.1456403937316561,0.36414053330894147
0.5,held_out_1,141,80000,8,D_growing_crossing,25,0.00032120776037715594,25,27,25,-0.14862416006206108,0.36414053330894147
0.5,held_out_1,141,80000,8,D_growing_crossing,50,0.0006369066367385223,50,54,50,-0.33005538245643334,0.36414053330894147
0.5,held_out_1,141,80000,9,A_fixed_raw,1.0e-5,1.0e-5,2,2,2,1.3929861609252023,1.4440302098093005
0.5,held_out_1,141,80000,9,A_fixed_raw,0.0001,0.0001,25,24,24,0.49209441203179605,1.4440302098093005
0.5,held_out_1,141,80000,9,A_fixed_raw,0.001,0.001,258,260,258,1.147426569170884,1.4440302098093005
0.5,held_out_1,141,80000,9,C_fixed_crossing,10,3.8870089365846475e-5,10,11,10,0.4836284365881832,1.4440302098093005
0.5,held_out_1,141,80000,9,C_fixed_crossing,25,0.0001001753644815736,25,25,25,0.48721654649023916,1.4440302098093005
0.5,held_out_1,141,80000,9,C_fixed_crossing,50,0.00018876091692768846,50,50,50,1.2022249680222945,1.4440302098093005
0.5,held_out_1,141,80000,9,C_fixed_crossing,100,0.0003881638687334921,101,100,100,1.2491234234475097,1.4440302098093005
0.5,held_out_1,141,80000,9,D_growing_crossing,10,3.8870089365846475e-5,10,11,10,0.4836284365881832,1.4440302098093005
0.5,held_out_1,141,80000,9,D_growing_crossing,25,0.0001001753644815736,25,25,25,0.48721654649023916,1.4440302098093005
0.5,held_out_1,141,80000,9,D_growing_crossing,50,0.00018876091692768846,50,50,50,1.2022249680222945,1.4440302098093005
0.5,held_out_1,141,80000,10,A_fixed_raw,1.0e-5,1.0e-5,0,0,0,0.0,0.08745637221810908
0.5,held_out_1,141,80000,10,A_fixed_raw,0.0001,0.0001,4,3,3,-0.02655234940363016,0.08745637221810908
0.5,held_out_1,141,80000,10,A_fixed_raw,0.001,0.001,30,33,30,-0.02217167728696401,0.08745637221810908
0.5,held_out_1,141,80000,10,C_fixed_crossing,10,0.00029432974009474533,10,10,10,-0.049193081614397935,0.08745637221810908
0.5,held_out_1,141,80000,10,C_fixed_crossing,25,0.0007696705205633138,25,25,25,-0.028746622045646066,0.08745637221810908
0.5,held_out_1,141,80000,10,C_fixed_crossing,50,0.0016059543493958499,50,51,50,-0.03219128651901211,0.08745637221810908
0.5,held_out_1,141,80000,10,C_fixed_crossing,100,0.0030929458282575664,100,103,100,-0.07949515667091844,0.08745637221810908
0.5,held_out_1,141,80000,10,D_growing_crossing,10,0.00029432974009474533,10,10,10,-0.049193081614397935,0.08745637221810908
0.5,held_out_1,141,80000,10,D_growing_crossing,25,0.0007696705205633138,25,25,25,-0.028746622045646066,0.08745637221810908
0.5,held_out_1,141,80000,10,D_growing_crossing,50,0.0016059543493958499,50,51,50,-0.03219128651901211,0.08745637221810908
0.5,held_out_1,141,80000,11,A_fixed_raw,1.0e-5,1.0e-5,0,2,0,1.0796004641433488,0.760287900075816
0.5,held_out_1,141,80000,11,A_fixed_raw,0.0001,0.0001,8,10,8,0.9318039005751233,0.760287900075816
0.5,held_out_1,141,80000,11,A_fixed_raw,0.001,0.001,89,91,89,0.577553526155683,0.760287900075816
0.5,held_out_1,141,80000,11,C_fixed_crossing,10,0.00013307747404790924,10,13,10,0.9743888944130605,0.760287900075816
0.5,held_out_1,141,80000,11,C_fixed_crossing,25,0.000285879832836322,25,27,25,0.5609956839643818,0.760287900075816
0.5,held_out_1,141,80000,11,C_fixed_crossing,50,0.0005546069326215605,50,51,50,0.5124295647576118,0.760287900075816
0.5,held_out_1,141,80000,11,C_fixed_crossing,100,0.001115835958737614,100,101,100,0.5705290201339807,0.760287900075816
0.5,held_out_1,141,80000,11,D_growing_crossing,10,0.00013307747404790924,10,13,10,0.9743888944130605,0.760287900075816
0.5,held_out_1,141,80000,11,D_growing_crossing,25,0.000285879832836322,25,27,25,0.5609956839643818,0.760287900075816
0.5,held_out_1,141,80000,11,D_growing_crossing,50,0.0005546069326215605,50,51,50,0.5124295647576118,0.760287900075816
0.5,held_out_1,141,80000,12,A_fixed_raw,1.0e-5,1.0e-5,0,3,0,-0.2606768530533099,0.8440821262399694
0.5,held_out_1,141,80000,12,A_fixed_raw,0.0001,0.0001,14,13,13,-0.21734638871728773,0.8440821262399694
0.5,held_out_1,141,80000,12,A_fixed_raw,0.001,0.001,141,140,140,-0.7211498156615148,0.8440821262399694
0.5,held_out_1,141,80000,12,C_fixed_crossing,10,6.566392416966567e-5,10,11,10,-0.3324879571590932,0.8440821262399694
0.5,held_out_1,141,80000,12,C_fixed_crossing,25,0.00018201148541346297,25,27,25,-0.51782853564821,0.8440821262399694
0.5,held_out_1,141,80000,12,C_fixed_crossing,50,0.0003479968034923487,50,50,50,-0.7022941166870957,0.8440821262399694
0.5,held_out_1,141,80000,12,C_fixed_crossing,100,0.0007208434242404263,100,101,100,-0.7362498168308684,0.8440821262399694
0.5,held_out_1,141,80000,12,D_growing_crossing,10,6.566392416966567e-5,10,11,10,-0.3324879571590932,0.8440821262399694
0.5,held_out_1,141,80000,12,D_growing_crossing,25,0.00018201148541346297,25,27,25,-0.51782853564821,0.8440821262399694
0.5,held_out_1,141,80000,12,D_growing_crossing,50,0.0003479968034923487,50,50,50,-0.7022941166870957,0.8440821262399694
0.5,held_out_1,141,80000,13,A_fixed_raw,1.0e-5,1.0e-5,0,0,0,0.0,0.3071677326761748
0.5,held_out_1,141,80000,13,A_fixed_raw,0.0001,0.0001,2,2,2,-0.09517539664327668,0.3071677326761748
0.5,held_out_1,141,80000,13,A_fixed_raw,0.001,0.001,24,21,21,0.07723186147556849,0.3071677326761748
0.5,held_out_1,141,80000,13,C_fixed_crossing,10,0.0004829418190505914,13,10,10,-0.1443027442149681,0.3071677326761748
0.5,held_out_1,141,80000,13,C_fixed_crossing,25,0.0011488173351201344,26,25,25,0.07801419527707075,0.3071677326761748
0.5,held_out_1,141,80000,13,C_fixed_crossing,50,0.002277931841619085,52,50,50,0.057242558230988776,0.3071677326761748
0.5,held_out_1,141,80000,13,C_fixed_crossing,100,0.004451487484733405,101,100,100,0.05191063702173742,0.3071677326761748
0.5,held_out_1,141,80000,13,D_growing_crossing,10,0.0004829418190505914,13,10,10,-0.1443027442149681,0.3071677326761748
0.5,held_out_1,141,80000,13,D_growing_crossing,25,0.0011488173351201344,26,25,25,0.07801419527707075,0.3071677326761748
0.5,held_out_1,141,80000,13,D_growing_crossing,50,0.002277931841619085,52,50,50,0.057242558230988776,0.3071677326761748
0.5,held_out_1,141,80000,14,A_fixed_raw,1.0e-5,1.0e-5,3,3,3,1.466255276566519,1.2972022936396106
0.5,held_out_1,141,80000,14,A_fixed_raw,0.0001,0.0001,21,19,19,0.5071721239319205,1.2972022936396106
0.5,held_out_1,141,80000,14,A_fixed_raw,0.001,0.001,202,205,202,1.0880694619435083,1.2972022936396106
0.5,held_out_1,141,80000,14,C_fixed_crossing,10,4.629342401382863e-5,10,10,10,0.49594257796322466,1.2972022936396106
0.5,held_out_1,141,80000,14,C_fixed_crossing,25,0.0001228330748058663,25,25,25,0.9738405824990073,1.2972022936396106
0.5,held_out_1,141,80000,14,C_fixed_crossing,50,0.00024355949701525175,50,50,50,1.0653866257144633,1.2972022936396106
0.5,held_out_1,141,80000,14,C_fixed_crossing,100,0.0004829418190505914,100,101,100,1.1710726546330605,1.2972022936396106
0.5,held_out_1,141,80000,14,D_growing_crossing,10,4.629342401382863e-5,10,10,10,0.49594257796322466,1.2972022936396106
0.5,held_out_1,141,80000,14,D_growing_crossing,25,0.0001228330748058663,25,25,25,0.9738405824990073,1.2972022936396106
0.5,held_out_1,141,80000,14,D_growing_crossing,50,0.00024355949701525175,50,50,50,1.0653866257144633,1.2972022936396106
0.5,held_out_1,141,80000,1,B_power_scaled_anchor25,0.3333333333333333,0.0008040458116173869,29,29,29,-0.317004296583506,0.3819730496717949
0.5,held_out_1,141,80000,1,B_power_scaled_anchor25,0.5,0.0008040458116173869,29,29,29,-0.317004296583506,0.3819730496717949
0.5,held_out_1,141,80000,1,B_power_scaled_anchor25,0.6666666666666666,0.0008040458116173869,29,29,29,-0.317004296583506,0.3819730496717949
0.5,held_out_1,141,80000,1,B_power_scaled_anchor100,0.3333333333333333,0.0028757143523936005,99,98,98,-0.33406126590963464,0.3819730496717949
0.5,held_out_1,141,80000,1,B_power_scaled_anchor100,0.5,0.0028757143523936005,99,98,98,-0.33406126590963464,0.3819730496717949
0.5,held_out_1,141,80000,1,B_power_scaled_anchor100,0.6666666666666666,0.0028757143523936005,99,98,98,-0.33406126590963464,0.3819730496717949
0.5,held_out_1,141,80000,2,B_power_scaled_anchor25,0.3333333333333333,0.0007314190286156662,25,28,25,-0.03714745050706871,0.07251655396717029
0.5,held_out_1,141,80000,2,B_power_scaled_anchor25,0.5,0.0007314190286156662,25,28,25,-0.03714745050706871,0.07251655396717029
0.5,held_out_1,141,80000,2,B_power_scaled_anchor25,0.6666666666666666,0.0007314190286156662,25,28,25,-0.03714745050706871,0.07251655396717029
0.5,held_out_1,141,80000,2,B_power_scaled_anchor100,0.3333333333333333,0.002939230973286228,102,107,102,-0.05993987459783862,0.07251655396717029
0.5,held_out_1,141,80000,2,B_power_scaled_anchor100,0.5,0.002939230973286228,102,107,102,-0.05993987459783862,0.07251655396717029
0.5,held_out_1,141,80000,2,B_power_scaled_anchor100,0.6666666666666666,0.002939230973286228,102,107,102,-0.05993987459783862,0.07251655396717029
0.5,held_out_1,141,80000,3,B_power_scaled_anchor25,0.3333333333333333,0.0012266336996634068,27,28,27,-2.3348256746064036,0.2982316007191014
0.5,held_out_1,141,80000,3,B_power_scaled_anchor25,0.5,0.0012266336996634068,27,28,27,-2.3348256746064036,0.2982316007191014
0.5,held_out_1,141,80000,3,B_power_scaled_anchor25,0.6666666666666666,0.0012266336996634068,27,28,27,-2.3348256746064036,0.2982316007191014
0.5,held_out_1,141,80000,3,B_power_scaled_anchor100,0.3333333333333333,0.004650301358752225,106,108,106,-2.4050930747886787,0.2982316007191014
0.5,held_out_1,141,80000,3,B_power_scaled_anchor100,0.5,0.004650301358752225,106,108,106,-2.4050930747886787,0.2982316007191014
0.5,held_out_1,141,80000,3,B_power_scaled_anchor100,0.6666666666666666,0.004650301358752225,106,108,106,-2.4050930747886787,0.2982316007191014
0.5,held_out_1,141,80000,4,B_power_scaled_anchor25,0.3333333333333333,0.0001452300313988595,25,27,25,1.3297471434168249,1.5901957092207055
0.5,held_out_1,141,80000,4,B_power_scaled_anchor25,0.5,0.0001452300313988595,25,27,25,1.3297471434168249,1.5901957092207055
0.5,held_out_1,141,80000,4,B_power_scaled_anchor25,0.6666666666666666,0.0001452300313988595,25,27,25,1.3297471434168249,1.5901957092207055
0.5,held_out_1,141,80000,4,B_power_scaled_anchor100,0.3333333333333333,0.0005505827962586279,99,100,99,1.3533065343520454,1.5901957092207055
0.5,held_out_1,141,80000,4,B_power_scaled_anchor100,0.5,0.0005505827962586279,99,100,99,1.3533065343520454,1.5901957092207055
0.5,held_out_1,141,80000,4,B_power_scaled_anchor100,0.6666666666666666,0.0005505827962586279,99,100,99,1.3533065343520454,1.5901957092207055
0.5,held_out_1,141,80000,5,B_power_scaled_anchor25,0.3333333333333333,0.0002638725986009514,29,36,29,-1.4087995775122433,0.751197942485476
0.5,held_out_1,141,80000,5,B_power_scaled_anchor25,0.5,0.0002638725986009514,29,36,29,-1.4087995775122433,0.751197942485476
0.5,held_out_1,141,80000,5,B_power_scaled_anchor25,0.6666666666666666,0.0002638725986009514,29,36,29,-1.4087995775122433,0.751197942485476
0.5,held_out_1,141,80000,5,B_power_scaled_anchor100,0.3333333333333333,0.000839956383812522,103,108,103,-1.562820833086958,0.751197942485476
0.5,held_out_1,141,80000,5,B_power_scaled_anchor100,0.5,0.000839956383812522,103,108,103,-1.562820833086958,0.751197942485476
0.5,held_out_1,141,80000,5,B_power_scaled_anchor100,0.6666666666666666,0.000839956383812522,103,108,103,-1.562820833086958,0.751197942485476
0.5,held_out_1,141,80000,6,B_power_scaled_anchor25,0.3333333333333333,0.00019434022703931545,29,29,29,-0.892540490759529,1.1372293674543315
0.5,held_out_1,141,80000,6,B_power_scaled_anchor25,0.5,0.00019434022703931545,29,29,29,-0.892540490759529,1.1372293674543315
0.5,held_out_1,141,80000,6,B_power_scaled_anchor25,0.6666666666666666,0.00019434022703931545,29,29,29,-0.892540490759529,1.1372293674543315
0.5,held_out_1,141,80000,6,B_power_scaled_anchor100,0.3333333333333333,0.0006605246942246045,101,99,99,-0.9920147604499032,1.1372293674543315
0.5,held_out_1,141,80000,6,B_power_scaled_anchor100,0.5,0.0006605246942246045,101,99,99,-0.9920147604499032,1.1372293674543315
0.5,held_out_1,141,80000,6,B_power_scaled_anchor100,0.6666666666666666,0.0006605246942246045,101,99,99,-0.9920147604499032,1.1372293674543315
0.5,held_out_1,141,80000,7,B_power_scaled_anchor25,0.3333333333333333,0.00027365764062009697,28,31,28,0.21018931687454814,0.9924333042822502
0.5,held_out_1,141,80000,7,B_power_scaled_anchor25,0.5,0.00027365764062009697,28,31,28,0.21018931687454814,0.9924333042822502
0.5,held_out_1,141,80000,7,B_power_scaled_anchor25,0.6666666666666666,0.00027365764062009697,28,31,28,0.21018931687454814,0.9924333042822502
0.5,held_out_1,141,80000,7,B_power_scaled_anchor100,0.3333333333333333,0.0010224650467285852,104,106,104,0.20075511975294574,0.9924333042822502
0.5,held_out_1,141,80000,7,B_power_scaled_anchor100,0.5,0.0010224650467285852,104,106,104,0.20075511975294574,0.9924333042822502
0.5,held_out_1,141,80000,7,B_power_scaled_anchor100,0.6666666666666666,0.0010224650467285852,104,106,104,0.20075511975294574,0.9924333042822502
0.5,held_out_1,141,80000,8,B_power_scaled_anchor25,0.3333333333333333,0.00036619621642229225,28,31,28,-0.12985432736009225,0.36414053330894147
0.5,held_out_1,141,80000,8,B_power_scaled_anchor25,0.5,0.00036619621642229225,28,31,28,-0.12985432736009225,0.36414053330894147
0.5,held_out_1,141,80000,8,B_power_scaled_anchor25,0.6666666666666666,0.00036619621642229225,28,31,28,-0.12985432736009225,0.36414053330894147
0.5,held_out_1,141,80000,8,B_power_scaled_anchor100,0.3333333333333333,0.0012177334479996176,97,101,97,-0.319108664369161,0.36414053330894147
0.5,held_out_1,141,80000,8,B_power_scaled_anchor100,0.5,0.0012177334479996176,97,101,97,-0.319108664369161,0.36414053330894147
0.5,held_out_1,141,80000,8,B_power_scaled_anchor100,0.6666666666666666,0.0012177334479996176,97,101,97,-0.319108664369161,0.36414053330894147
0.5,held_out_1,141,80000,9,B_power_scaled_anchor25,0.3333333333333333,0.0001009075328849811,26,25,25,0.4804116036301829,1.4440302098093005
0.5,held_out_1,141,80000,9,B_power_scaled_anchor25,0.5,0.0001009075328849811,26,25,25,0.4804116036301829,1.4440302098093005
0.5,held_out_1,141,80000,9,B_power_scaled_anchor25,0.6666666666666666,0.0001009075328849811,26,25,25,0.4804116036301829,1.4440302098093005
0.5,held_out_1,141,80000,9,B_power_scaled_anchor100,0.3333333333333333,0.0003996370414275126,104,102,102,1.2102201090822065,1.4440302098093005
0.5,held_out_1,141,80000,9,B_power_scaled_anchor100,0.5,0.0003996370414275126,104,102,102,1.2102201090822065,1.4440302098093005
0.5,held_out_1,141,80000,9,B_power_scaled_anchor100,0.6666666666666666,0.0003996370414275126,104,102,102,1.2102201090822065,1.4440302098093005
0.5,held_out_1,141,80000,10,B_power_scaled_anchor25,0.3333333333333333,0.0007585418369957446,25,24,24,-0.029167618021688265,0.08745637221810908
0.5,held_out_1,141,80000,10,B_power_scaled_anchor25,0.5,0.0007585418369957446,25,24,24,-0.029167618021688265,0.08745637221810908
0.5,held_out_1,141,80000,10,B_power_scaled_anchor25,0.6666666666666666,0.0007585418369957446,25,24,24,-0.029167618021688265,0.08745637221810908
0.5,held_out_1,141,80000,10,B_power_scaled_anchor100,0.3333333333333333,0.0031612604949946685,101,105,101,-0.07777994492112286,0.08745637221810908
0.5,held_out_1,141,80000,10,B_power_scaled_anchor100,0.5,0.0031612604949946685,101,105,101,-0.07777994492112286,0.08745637221810908
0.5,held_out_1,141,80000,10,B_power_scaled_anchor100,0.6666666666666666,0.0031612604949946685,101,105,101,-0.07777994492112286,0.08745637221810908
0.5,held_out_1,141,80000,11,B_power_scaled_anchor25,0.3333333333333333,0.00031887712988452947,29,31,29,0.4875115840250679,0.760287900075816
0.5,held_out_1,141,80000,11,B_power_scaled_anchor25,0.5,0.00031887712988452947,29,31,29,0.4875115840250679,0.760287900075816
0.5,held_out_1,141,80000,11,B_power_scaled_anchor25,0.6666666666666666,0.00031887712988452947,29,31,29,0.4875115840250679,0.760287900075816
0.5,held_out_1,141,80000,11,B_power_scaled_anchor100,0.3333333333333333,0.001115835958737614,100,101,100,0.5705290201339807,0.760287900075816
0.5,held_out_1,141,80000,11,B_power_scaled_anchor100,0.5,0.001115835958737614,100,101,100,0.5705290201339807,0.760287900075816
0.5,held_out_1,141,80000,11,B_power_scaled_anchor100,0.6666666666666666,0.001115835958737614,100,101,100,0.5705290201339807,0.760287900075816
0.5,held_out_1,141,80000,12,B_power_scaled_anchor25,0.3333333333333333,0.0002248101125347713,32,33,32,-0.6320510194616866,0.8440821262399694
0.5,held_out_1,141,80000,12,B_power_scaled_anchor25,0.5,0.0002248101125347713,32,33,32,-0.6320510194616866,0.8440821262399694
0.5,held_out_1,141,80000,12,B_power_scaled_anchor25,0.6666666666666666,0.0002248101125347713,32,33,32,-0.6320510194616866,0.8440821262399694
0.5,held_out_1,141,80000,12,B_power_scaled_anchor100,0.3333333333333333,0.0007475740633170672,105,106,105,-0.7396327940277294,0.8440821262399694
0.5,held_out_1,141,80000,12,B_power_scaled_anchor100,0.5,0.0007475740633170672,105,106,105,-0.7396327940277294,0.8440821262399694
0.5,held_out_1,141,80000,12,B_power_scaled_anchor100,0.6666666666666666,0.0007475740633170672,105,106,105,-0.7396327940277294,0.8440821262399694
0.5,held_out_1,141,80000,13,B_power_scaled_anchor25,0.3333333333333333,0.0011239914552172287,26,24,24,0.06032275419239783,0.3071677326761748
0.5,held_out_1,141,80000,13,B_power_scaled_anchor25,0.5,0.0011239914552172287,26,24,24,0.06032275419239783,0.3071677326761748
0.5,held_out_1,141,80000,13,B_power_scaled_anchor25,0.6666666666666666,0.0011239914552172287,26,24,24,0.06032275419239783,0.3071677326761748
0.5,held_out_1,141,80000,13,B_power_scaled_anchor100,0.3333333333333333,0.004684289792323911,107,107,107,0.050501351524748536,0.3071677326761748
0.5,held_out_1,141,80000,13,B_power_scaled_anchor100,0.5,0.004684289792323911,107,107,107,0.050501351524748536,0.3071677326761748
0.5,held_out_1,141,80000,13,B_power_scaled_anchor100,0.6666666666666666,0.004684289792323911,107,107,107,0.050501351524748536,0.3071677326761748
0.5,held_out_1,141,80000,14,B_power_scaled_anchor25,0.3333333333333333,0.00013701091805035448,31,28,28,1.0653597863156288,1.2972022936396106
0.5,held_out_1,141,80000,14,B_power_scaled_anchor25,0.5,0.00013701091805035448,31,28,28,1.0653597863156288,1.2972022936396106
0.5,held_out_1,141,80000,14,B_power_scaled_anchor25,0.6666666666666666,0.00013701091805035448,31,28,28,1.0653597863156288,1.2972022936396106
0.5,held_out_1,141,80000,14,B_power_scaled_anchor100,0.3333333333333333,0.0005008504841308905,104,103,103,1.1732748509978999,1.2972022936396106
0.5,held_out_1,141,80000,14,B_power_scaled_anchor100,0.5,0.0005008504841308905,104,103,103,1.1732748509978999,1.2972022936396106
0.5,held_out_1,141,80000,14,B_power_scaled_anchor100,0.6666666666666666,0.0005008504841308905,104,103,103,1.1732748509978999,1.2972022936396106
0.5,held_out_1,141,320000,1,A_fixed_raw,1.0e-5,1.0e-5,3,2,2,-0.5513821241420747,0.3819730496717949
0.5,held_out_1,141,320000,1,A_fixed_raw,0.0001,0.0001,12,15,12,-0.32901194402634726,0.3819730496717949
0.5,held_out_1,141,320000,1,A_fixed_raw,0.001,0.001,141,139,139,-0.3694470423266649,0.3819730496717949
0.5,held_out_1,141,320000,1,C_fixed_crossing,10,7.062417731390552e-5,10,11,10,-0.39071482544793384,0.3819730496717949
0.5,held_out_1,141,320000,1,C_fixed_crossing,25,0.00017937977720493343,25,26,25,-0.46393143106227286,0.3819730496717949
0.5,held_out_1,141,320000,1,C_fixed_crossing,50,0.00036619621642229225,50,50,50,-0.39526233420460655,0.3819730496717949
0.5,held_out_1,141,320000,1,C_fixed_crossing,100,0.0007208434242404263,100,102,100,-0.38256859107061675,0.3819730496717949
0.5,held_out_1,141,320000,1,D_growing_crossing,10,0.00014417626626184708,20,23,20,-0.4945445396064739,0.3819730496717949
0.5,held_out_1,141,320000,1,D_growing_crossing,25,0.00036619621642229225,50,50,50,-0.39526233420460655,0.3819730496717949
0.5,held_out_1,141,320000,1,D_growing_crossing,50,0.0007208434242404263,100,102,100,-0.38256859107061675,0.3819730496717949
0.5,held_out_1,141,320000,2,A_fixed_raw,1.0e-5,1.0e-5,1,0,0,-0.5457377965978338,0.07251655396717029
0.5,held_out_1,141,320000,2,A_fixed_raw,0.0001,0.0001,9,18,9,-0.06481078469122714,0.07251655396717029
0.5,held_out_1,141,320000,2,A_fixed_raw,0.001,0.001,133,148,133,-0.0844360468153782,0.07251655396717029
0.5,held_out_1,141,320000,2,C_fixed_crossing,10,0.00010774261199119845,10,18,10,-0.059932552953712234,0.07251655396717029
0.5,held_out_1,141,320000,2,C_fixed_crossing,25,0.0001986326681556485,25,34,25,-0.05863191039325798,0.07251655396717029
0.5,held_out_1,141,320000,2,C_fixed_crossing,50,0.0003996370414275126,50,62,50,-0.06483487368837451,0.07251655396717029
0.5,held_out_1,141,320000,2,C_fixed_crossing,100,0.0007421497893038315,102,109,102,-0.09190645091708027,0.07251655396717029
0.5,held_out_1,141,320000,2,D_growing_crossing,10,0.00013701091805035448,20,21,20,-0.04578679928701538,0.07251655396717029
0.5,held_out_1,141,320000,2,D_growing_crossing,25,0.0003996370414275126,50,62,50,-0.06483487368837451,0.07251655396717029
0.5,held_out_1,141,320000,2,D_growing_crossing,50,0.0007421497893038315,102,109,102,-0.09190645091708027,0.07251655396717029
0.5,held_out_1,141,320000,3,A_fixed_raw,1.0e-5,1.0e-5,1,1,1,-3.3493032119413786,0.2982316007191014
0.5,held_out_1,141,320000,3,A_fixed_raw,0.0001,0.0001,10,10,10,-2.2412903507737503,0.2982316007191014
0.5,held_out_1,141,320000,3,A_fixed_raw,0.001,0.001,93,91,91,-1.9626851303994886,0.2982316007191014
0.5,held_out_1,141,320000,3,C_fixed_crossing,10,9.801058032327285e-5,10,10,10,-2.290374751088014,0.2982316007191014
0.5,held_out_1,141,320000,3,C_fixed_crossing,25,0.000285879832836322,28,25,25,-2.0164374369165325,0.2982316007191014
0.5,held_out_1,141,320000,3,C_fixed_crossing,50,0.0005308958772886277,51,50,50,-2.033311098241078,0.2982316007191014
0.5,held_out_1,141,320000,3,C_fixed_crossing,100,0.001107739637194357,103,100,100,-1.9591197067693569,0.2982316007191014
0.5,held_out_1,141,320000,3,D_growing_crossing,10,0.00023145494852347203,22,21,21,-1.9070669660483897,0.2982316007191014
0.5,held_out_1,141,320000,3,D_growing_crossing,25,0.0005308958772886277,51,50,50,-2.033311098241078,0.2982316007191014
0.5,held_out_1,141,320000,3,D_growing_crossing,50,0.001107739637194357,103,100,100,-1.9591197067693569,0.2982316007191014
0.5,held_out_1,141,320000,4,A_fixed_raw,1.0e-5,1.0e-5,9,6,6,1.401495476124892,1.5901957092207055
0.5,held_out_1,141,320000,4,A_fixed_raw,0.0001,0.0001,75,72,72,1.7544923923165645,1.5901957092207055
0.5,held_out_1,141,320000,4,A_fixed_raw,0.001,0.001,727,733,727,1.555642775786431,1.5901957092207055
0.5,held_out_1,141,320000,4,C_fixed_crossing,10,1.3038181118943634e-5,11,10,10,1.5893881405029244,1.5901957092207055
0.5,held_out_1,141,320000,4,C_fixed_crossing,25,3.5359083519112245e-5,28,25,25,2.0127809413681916,1.5901957092207055
0.5,held_out_1,141,320000,4,C_fixed_crossing,50,7.011173994012857e-5,52,50,50,1.811082110173877,1.5901957092207055
0.5,held_out_1,141,320000,4,C_fixed_crossing,100,0.00014003711240540635,100,100,100,1.6284601816480992,1.5901957092207055
0.5,held_out_1,141,320000,4,D_growing_crossing,10,2.8836769614858702e-5,21,20,20,1.2302423683795314,1.5901957092207055
0.5,held_out_1,141,320000,4,D_growing_crossing,25,7.011173994012857e-5,52,50,50,1.811082110173877,1.5901957092207055
0.5,held_out_1,141,320000,4,D_growing_crossing,50,0.00014003711240540635,100,100,100,1.6284601816480992,1.5901957092207055
0.5,held_out_1,141,320000,5,A_fixed_raw,1.0e-5,1.0e-5,6,6,6,-1.8161639628588853,0.751197942485476
0.5,held_out_1,141,320000,5,A_fixed_raw,0.0001,0.0001,51,51,51,-1.854058308890516,0.751197942485476
0.5,held_out_1,141,320000,5,A_fixed_raw,0.001,0.001,496,497,496,-1.6253358464116685,0.751197942485476
0.5,held_out_1,141,320000,5,C_fixed_crossing,10,1.8902206775963373e-5,10,11,10,-1.8517322729262937,0.751197942485476
0.5,held_out_1,141,320000,5,C_fixed_crossing,25,5.12621125592225e-5,25,27,25,-1.6714546569466384,0.751197942485476
0.5,held_out_1,141,320000,5,C_fixed_crossing,50,9.944850857125378e-5,51,50,50,-1.861885327009146,0.751197942485476
0.5,held_out_1,141,320000,5,C_fixed_crossing,100,0.00020301991749062924,100,102,100,-1.7205775558802592,0.751197942485476
0.5,held_out_1,141,320000,5,D_growing_crossing,10,4.272972308493885e-5,20,22,20,-1.7463106154691366,0.751197942485476
0.5,held_out_1,141,320000,5,D_growing_crossing,25,9.944850857125378e-5,51,50,50,-1.861885327009146,0.751197942485476
0.5,held_out_1,141,320000,5,D_growing_crossing,50,0.00020301991749062924,100,102,100,-1.7205775558802592,0.751197942485476
0.5,held_out_1,141,320000,6,A_fixed_raw,1.0e-5,1.0e-5,7,3,3,-1.2470104330558618,1.1372293674543315
0.5,held_out_1,141,320000,6,A_fixed_raw,0.0001,0.0001,60,59,59,-1.2754334370443376,1.1372293674543315
0.5,held_out_1,141,320000,6,A_fixed_raw,0.001,0.001,615,612,612,-1.1062078386664675,1.1372293674543315
0.5,held_out_1,141,320000,6,C_fixed_crossing,10,2.4747470408947606e-5,22,10,10,-1.1197420954522914,1.1372293674543315
0.5,held_out_1,141,320000,6,C_fixed_crossing,25,3.775416866356779e-5,26,25,25,-0.9466508517150369,1.1372293674543315
0.5,held_out_1,141,320000,6,C_fixed_crossing,50,8.05158209438099e-5,52,50,50,-1.2516051762870692,1.1372293674543315
0.5,held_out_1,141,320000,6,C_fixed_crossing,100,0.00016678112986155937,106,102,102,-1.1966169438475294,1.1372293674543315
0.5,held_out_1,141,320000,6,D_growing_crossing,10,3.193182965683594e-5,23,21,21,-1.0357988941294143,1.1372293674543315
0.5,held_out_1,141,320000,6,D_growing_crossing,25,8.05158209438099e-5,52,50,50,-1.2516051762870692,1.1372293674543315
0.5,held_out_1,141,320000,6,D_growing_crossing,50,0.00016678112986155937,106,102,102,-1.1966169438475294,1.1372293674543315
0.5,held_out_1,141,320000,7,A_fixed_raw,1.0e-5,1.0e-5,4,5,4,0.13549814188718035,0.9924333042822502
0.5,held_out_1,141,320000,7,A_fixed_raw,0.0001,0.0001,38,42,38,-0.20458995586891682,0.9924333042822502
0.5,held_out_1,141,320000,7,A_fixed_raw,0.001,0.001,404,408,404,-0.11581261510423824,0.9924333042822502
0.5,held_out_1,141,320000,7,C_fixed_crossing,10,2.720478843447654e-5,10,13,10,-0.09036193387966691,0.9924333042822502
0.5,held_out_1,141,320000,7,C_fixed_crossing,25,6.424493035267286e-5,25,27,25,-0.4593044880417457,0.9924333042822502
0.5,held_out_1,141,320000,7,C_fixed_crossing,50,0.00012646371947246928,50,55,50,-0.21560421734996274,0.9924333042822502
0.5,held_out_1,141,320000,7,C_fixed_crossing,100,0.00024893905643631883,100,103,100,-0.17268620907976062,0.9924333042822502
0.5,held_out_1,141,320000,7,D_growing_crossing,10,5.3163037202560415e-5,20,24,20,-0.4756618785005021,0.9924333042822502
0.5,held_out_1,141,320000,7,D_growing_crossing,25,0.00012646371947246928,50,55,50,-0.21560421734996274,0.9924333042822502
0.5,held_out_1,141,320000,7,D_growing_crossing,50,0.00024893905643631883,100,103,100,-0.17268620907976062,0.9924333042822502
0.5,held_out_1,141,320000,8,A_fixed_raw,1.0e-5,1.0e-5,3,2,2,-0.545227835696549,0.36414053330894147
0.5,held_out_1,141,320000,8,A_fixed_raw,0.0001,0.0001,31,36,31,-0.32689189430390453,0.36414053330894147
0.5,held_out_1,141,320000,8,A_fixed_raw,0.001,0.001,323,323,323,-0.34616683103119716,0.36414053330894147
0.5,held_out_1,141,320000,8,C_fixed_crossing,10,2.6232040159112766e-5,10,10,10,-0.2602249213977623,0.36414053330894147
0.5,held_out_1,141,320000,8,C_fixed_crossing,25,7.377841875327252e-5,25,26,25,-0.3718911213810233,0.36414053330894147
0.5,held_out_1,141,320000,8,C_fixed_crossing,50,0.0001484377633625393,50,52,50,-0.4780022397295836,0.36414053330894147
0.5,held_out_1,141,320000,8,C_fixed_crossing,100,0.00030747519676914355,100,102,100,-0.4114524225724565,0.36414053330894147
0.5,held_out_1,141,320000,8,D_growing_crossing,10,6.285660091460845e-5,20,22,20,-0.32854174638194666,0.36414053330894147
0.5,held_out_1,141,320000,8,D_growing_crossing,25,0.0001484377633625393,50,52,50,-0.4780022397295836,0.36414053330894147
0.5,held_out_1,141,320000,8,D_growing_crossing,50,0.00030747519676914355,100,102,100,-0.4114524225724565,0.36414053330894147
0.5,held_out_1,141,320000,9,A_fixed_raw,1.0e-5,1.0e-5,10,11,10,1.192818057910161,1.4440302098093005
0.5,held_out_1,141,320000,9,A_fixed_raw,0.0001,0.0001,104,102,102,1.4025942569467764,1.4440302098093005
0.5,held_out_1,141,320000,9,A_fixed_raw,0.001,0.001,1029,1031,1029,1.3557759787430068,1.4440302098093005
0.5,held_out_1,141,320000,9,C_fixed_crossing,10,9.259171690195226e-6,10,11,10,1.2882556861681986,1.4440302098093005
0.5,held_out_1,141,320000,9,C_fixed_crossing,25,2.5665167203169576e-5,29,25,25,1.2137080049102955,1.4440302098093005
0.5,held_out_1,141,320000,9,C_fixed_crossing,50,4.907050853143052e-5,51,50,50,1.7405760111536004,1.4440302098093005
0.5,held_out_1,141,320000,9,C_fixed_crossing,100,9.729943172949909e-5,101,100,100,1.417174227751987,1.4440302098093005
0.5,held_out_1,141,320000,9,D_growing_crossing,10,1.8493731119325685e-5,20,20,20,1.3516540130357872,1.4440302098093005
0.5,held_out_1,141,320000,9,D_growing_crossing,25,4.907050853143052e-5,51,50,50,1.7405760111536004,1.4440302098093005
0.5,held_out_1,141,320000,9,D_growing_crossing,50,9.729943172949909e-5,101,100,100,1.417174227751987,1.4440302098093005
0.5,held_out_1,141,320000,10,A_fixed_raw,1.0e-5,1.0e-5,1,0,0,-0.5457377965978338,0.08745637221810908
0.5,held_out_1,141,320000,10,A_fixed_raw,0.0001,0.0001,19,9,9,-0.07258871224768981,0.08745637221810908
0.5,held_out_1,141,320000,10,A_fixed_raw,0.001,0.001,131,132,131,-0.10220794638193809,0.08745637221810908
0.5,held_out_1,141,320000,10,C_fixed_crossing,10,0.0001001753644815736,19,10,10,-0.07256369075554814,0.08745637221810908
0.5,held_out_1,141,320000,10,C_fixed_crossing,25,0.00021835604302394634,29,25,25,-0.09205652862561216,0.08745637221810908
0.5,held_out_1,141,320000,10,C_fixed_crossing,50,0.0004174857692247069,57,50,50,-0.08151151737855915,0.08745637221810908
0.5,held_out_1,141,320000,10,C_fixed_crossing,100,0.0007866704255177681,107,101,101,-0.10862133236145506,0.08745637221810908
0.5,held_out_1,141,320000,10,D_growing_crossing,10,0.00013801231261115766,22,20,20,-0.09426905246782742,0.08745637221810908
0.5,held_out_1,141,320000,10,D_growing_crossing,25,0.0004174857692247069,57,50,50,-0.08151151737855915,0.08745637221810908
0.5,held_out_1,141,320000,10,D_growing_crossing,50,0.0007866704255177681,107,101,101,-0.10862133236145506,0.08745637221810908
0.5,held_out_1,141,320000,11,A_fixed_raw,1.0e-5,1.0e-5,4,4,4,0.34570402023259555,0.760287900075816
0.5,held_out_1,141,320000,11,A_fixed_raw,0.0001,0.0001,37,36,36,0.06327950676315863,0.760287900075816
0.5,held_out_1,141,320000,11,A_fixed_raw,0.001,0.001,364,363,363,0.20729059200824684,0.760287900075816
0.5,held_out_1,141,320000,11,C_fixed_crossing,10,2.511054434086114e-5,10,10,10,0.1462493938342543,0.760287900075816
0.5,held_out_1,141,320000,11,C_fixed_crossing,25,7.011173994012857e-5,25,27,25,-0.05023722738073604,0.760287900075816
0.5,held_out_1,141,320000,11,C_fixed_crossing,50,0.00013801231261115766,50,52,50,0.08683778776654459,0.760287900075816
0.5,held_out_1,141,320000,11,C_fixed_crossing,100,0.0002776725138146598,101,100,100,0.1609999650549212,0.760287900075816
0.5,held_out_1,141,320000,11,D_growing_crossing,10,5.513445278587811e-5,20,21,20,0.3029614517287193,0.760287900075816
0.5,held_out_1,141,320000,11,D_growing_crossing,25,0.00013801231261115766,50,52,50,0.08683778776654459,0.760287900075816
0.5,held_out_1,141,320000,11,D_growing_crossing,50,0.0002776725138146598,101,100,100,0.1609999650549212,0.760287900075816
0.5,held_out_1,141,320000,12,A_fixed_raw,1.0e-5,1.0e-5,9,4,4,-0.6870286782229006,0.8440821262399694
0.5,held_out_1,141,320000,12,A_fixed_raw,0.0001,0.0001,57,56,56,-0.9924553478993237,0.8440821262399694
0.5,held_out_1,141,320000,12,A_fixed_raw,0.001,0.001,563,562,562,-0.8121428074345516,0.8440821262399694
0.5,held_out_1,141,320000,12,C_fixed_crossing,10,1.7574619904730773e-5,12,10,10,-0.7105126227301439,0.8440821262399694
0.5,held_out_1,141,320000,12,C_fixed_crossing,25,4.304202894268194e-5,25,25,25,-0.7627909553652509,0.8440821262399694
0.5,held_out_1,141,320000,12,C_fixed_crossing,50,9.179289117155112e-5,54,50,50,-1.00246464330306,0.8440821262399694
0.5,held_out_1,141,320000,12,C_fixed_crossing,100,0.0001767861209252649,101,100,100,-0.8955110413011144,0.8440821262399694
0.5,held_out_1,141,320000,12,D_growing_crossing,10,3.5359083519112245e-5,23,20,20,-0.7791719607640064,0.8440821262399694
0.5,held_out_1,141,320000,12,D_growing_crossing,25,9.179289117155112e-5,54,50,50,-1.00246464330306,0.8440821262399694
0.5,held_out_1,141,320000,12,D_growing_crossing,50,0.0001767861209252649,101,100,100,-0.8955110413011144,0.8440821262399694
0.5,held_out_1,141,320000,13,A_fixed_raw,1.0e-5,1.0e-5,1,1,1,0.15515954999989479,0.3071677326761748
0.5,held_out_1,141,320000,13,A_fixed_raw,0.0001,0.0001,9,10,9,0.017975881612397604,0.3071677326761748
0.5,held_out_1,141,320000,13,A_fixed_raw,0.001,0.001,89,92,89,0.07791283549854477,0.3071677326761748
0.5,held_out_1,141,320000,13,C_fixed_crossing,10,0.00010164505260978108,10,10,10,0.028330911409548052,0.3071677326761748
0.5,held_out_1,141,320000,13,C_fixed_crossing,25,0.00027365764062009697,25,25,25,0.17129353407287806,0.3071677326761748
0.5,held_out_1,141,320000,13,C_fixed_crossing,50,0.0005505827962586279,51,53,51,0.13350241189648118,0.3071677326761748
0.5,held_out_1,141,320000,13,C_fixed_crossing,100,0.001115835958737614,101,102,101,0.07952278869748716,0.3071677326761748
0.5,held_out_1,141,320000,13,D_growing_crossing,10,0.00022155957800298488,20,20,20,0.16459773902867236,0.3071677326761748
0.5,held_out_1,141,320000,13,D_growing_crossing,25,0.0005505827962586279,51,53,51,0.13350241189648118,0.3071677326761748
0.5,held_out_1,141,320000,13,D_growing_crossing,50,0.001115835958737614,101,102,101,0.07952278869748716,0.3071677326761748
0.5,held_out_1,141,320000,14,A_fixed_raw,1.0e-5,1.0e-5,13,9,9,1.261577691252791,1.2972022936396106
0.5,held_out_1,141,320000,14,A_fixed_raw,0.0001,0.0001,88,83,83,1.3888922923760427,1.2972022936396106
0.5,held_out_1,141,320000,14,A_fixed_raw,0.001,0.001,818,826,818,1.2730123903499924,1.2972022936396106
0.5,held_out_1,141,320000,14,C_fixed_crossing,10,1.266386820976179e-5,15,10,10,1.5492617428304503,1.2972022936396106
0.5,held_out_1,141,320000,14,C_fixed_crossing,25,3.1700137571326575e-5,27,25,25,1.0436582831014674,1.2972022936396106
0.5,held_out_1,141,320000,14,C_fixed_crossing,50,6.194775589193603e-5,51,50,50,1.5905796392717313,1.2972022936396106
0.5,held_out_1,141,320000,14,C_fixed_crossing,100,0.00012463517767544567,103,100,100,1.4152881055244575,1.2972022936396106
0.5,held_out_1,141,320000,14,D_growing_crossing,10,2.8836769614858702e-5,24,20,20,1.1453640251960004,1.2972022936396106
0.5,held_out_1,141,320000,14,D_growing_crossing,25,6.194775589193603e-5,51,50,50,1.5905796392717313,1.2972022936396106
0.5,held_out_1,141,320000,14,D_growing_crossing,50,0.00012463517767544567,103,100,100,1.4152881055244575,1.2972022936396106
0.5,held_out_1,141,320000,1,B_power_scaled_anchor25,0.3333333333333333,0.0005065171215682768,68,71,68,-0.3928075286910993,0.3819730496717949
0.5,held_out_1,141,320000,1,B_power_scaled_anchor25,0.5,0.00040202290580869344,55,56,55,-0.41642435535529904,0.3819730496717949
0.5,held_out_1,141,320000,1,B_power_scaled_anchor25,0.6666666666666666,0.0003190857917980162,45,46,45,-0.42362063002203465,0.3819730496717949
0.5,held_out_1,141,320000,1,B_power_scaled_anchor100,0.3333333333333333,0.0018115865230327504,252,252,252,-0.36044982422454647,0.3819730496717949
0.5,held_out_1,141,320000,1,B_power_scaled_anchor100,0.5,0.0014378571761968003,202,200,200,-0.37695877378467413,0.3819730496717949
0.5,held_out_1,141,320000,1,B_power_scaled_anchor100,0.6666666666666666,0.0011412279970374128,159,159,159,-0.3681264147512237,0.3819730496717949
0.5,held_out_1,141,320000,2,B_power_scaled_anchor25,0.3333333333333333,0.00046076511522326926,64,66,64,-0.0580405721880845,0.07251655396717029
0.5,held_out_1,141,320000,2,B_power_scaled_anchor25,0.5,0.0003657095143078331,46,60,46,-0.0672458749690794,0.07251655396717029
0.5,held_out_1,141,320000,2,B_power_scaled_anchor25,0.6666666666666666,0.00029026383386351683,42,44,42,-0.06700723885585676,0.07251655396717029
0.5,held_out_1,141,320000,2,B_power_scaled_anchor100,0.3333333333333333,0.001851599486873157,260,269,260,-0.07343315361220154,0.07251655396717029
0.5,held_out_1,141,320000,2,B_power_scaled_anchor100,0.5,0.001469615486643114,198,215,198,-0.07871293414376068,0.07251655396717029
0.5,held_out_1,141,320000,2,B_power_scaled_anchor100,0.6666666666666666,0.0011664345847430184,157,171,157,-0.08110890836995815,0.07251655396717029
0.5,held_out_1,141,320000,3,B_power_scaled_anchor25,0.3333333333333333,0.0007727308093581761,71,70,70,-1.9633770304955227,0.2982316007191014
0.5,held_out_1,141,320000,3,B_power_scaled_anchor25,0.5,0.0006133168498317034,58,56,56,-1.9919152473413275,0.2982316007191014
0.5,held_out_1,141,320000,3,B_power_scaled_anchor25,0.6666666666666666,0.00048678990630633413,46,44,44,-2.0060242747039987,0.2982316007191014
0.5,held_out_1,141,320000,3,B_power_scaled_anchor100,0.3333333333333333,0.002929506285123329,270,270,270,-1.9701394048187066,0.2982316007191014
0.5,held_out_1,141,320000,3,B_power_scaled_anchor100,0.5,0.0023251506793761124,215,215,215,-1.996616372748879,0.2982316007191014
0.5,held_out_1,141,320000,3,B_power_scaled_anchor100,0.6666666666666666,0.0018454733172131074,171,171,171,-1.9611648484973443,0.2982316007191014
0.5,held_out_1,141,320000,4,B_power_scaled_anchor25,0.3333333333333333,9.148918681815822e-5,66,67,66,1.608033542318834,1.5901957092207055
0.5,held_out_1,141,320000,4,B_power_scaled_anchor25,0.5,7.261501569942975e-5,55,50,50,1.8243878950020336,1.5901957092207055
0.5,held_out_1,141,320000,4,B_power_scaled_anchor25,0.6666666666666666,5.7634576154981056e-5,44,40,40,1.7396541245552712,1.5901957092207055
0.5,held_out_1,141,320000,4,B_power_scaled_anchor100,0.3333333333333333,0.0003468454273581128,254,254,254,1.5598549905999526,1.5901957092207055
0.5,held_out_1,141,320000,4,B_power_scaled_anchor100,0.5,0.00027529139812931396,200,202,200,1.5403411706484011,1.5901957092207055
0.5,held_out_1,141,320000,4,B_power_scaled_anchor100,0.6666666666666666,0.0002184989274941347,160,161,160,1.556820165386937,1.5901957092207055
0.5,held_out_1,141,320000,5,B_power_scaled_anchor25,0.3333333333333333,0.0001662293207338996,83,85,83,-1.718783985130838,0.751197942485476
0.5,held_out_1,141,320000,5,B_power_scaled_anchor25,0.5,0.0001319362993004757,63,66,63,-1.642678419374682,0.751197942485476
0.5,held_out_1,141,320000,5,B_power_scaled_anchor25,0.6666666666666666,0.00010471791015118319,52,54,52,-1.841705375394673,0.751197942485476
0.5,held_out_1,141,320000,5,B_power_scaled_anchor100,0.3333333333333333,0.0005291393644794869,263,263,263,-1.6263004075322551,0.751197942485476
0.5,held_out_1,141,320000,5,B_power_scaled_anchor100,0.5,0.000419978191906261,209,211,209,-1.6277951796401802,0.751197942485476
0.5,held_out_1,141,320000,5,B_power_scaled_anchor100,0.6666666666666666,0.00033333691181785055,164,168,164,-1.6540998671447653,0.751197942485476
0.5,held_out_1,141,320000,6,B_power_scaled_anchor25,0.3333333333333333,0.00012242667144409116,79,73,73,-1.1859785914736727,1.1372293674543315
0.5,held_out_1,141,320000,6,B_power_scaled_anchor25,0.5,9.717011351965772e-5,56,58,56,-1.3119474806829698,1.1372293674543315
0.5,held_out_1,141,320000,6,B_power_scaled_anchor25,0.6666666666666666,7.712397021048702e-5,51,46,46,-1.2931667699381235,1.1372293674543315
0.5,held_out_1,141,320000,6,B_power_scaled_anchor100,0.3333333333333333,0.00041610448311447685,251,251,251,-1.0788568128618528,1.1372293674543315
0.5,held_out_1,141,320000,6,B_power_scaled_anchor100,0.5,0.00033026234711230223,202,196,196,-1.101883108926984,1.1372293674543315
0.5,held_out_1,141,320000,6,B_power_scaled_anchor100,0.6666666666666666,0.00026212939861577764,164,160,160,-1.1102564894981093,1.1372293674543315
0.5,held_out_1,141,320000,7,B_power_scaled_anchor25,0.3333333333333333,0.00017239351094091324,70,72,70,-0.22976535238726994,0.9924333042822502
0.5,held_out_1,141,320000,7,B_power_scaled_anchor25,0.5,0.00013682882031004848,55,58,55,-0.19651313393163775,0.9924333042822502
0.5,held_out_1,141,320000,7,B_power_scaled_anchor25,0.6666666666666666,0.00010860110664986935,42,47,42,-0.24642714094454318,0.9924333042822502
0.5,held_out_1,141,320000,7,B_power_scaled_anchor100,0.3333333333333333,0.0006441126175775448,258,263,258,-0.07591354654215163,0.9924333042822502
0.5,held_out_1,141,320000,7,B_power_scaled_anchor100,0.5,0.0005112325233642926,206,211,206,-0.08720622988054412,0.9924333042822502
0.5,held_out_1,141,320000,7,B_power_scaled_anchor100,0.6666666666666666,0.00040576552269441763,165,166,165,-0.11223663308378035,0.9924333042822502
0.5,held_out_1,141,320000,8,B_power_scaled_anchor25,0.3333333333333333,0.00023068916073115233,77,77,77,-0.42873339883379136,0.36414053330894147
0.5,held_out_1,141,320000,8,B_power_scaled_anchor25,0.5,0.00018309810821114613,58,60,58,-0.44647050230967106,0.36414053330894147
0.5,held_out_1,141,320000,8,B_power_scaled_anchor25,0.6666666666666666,0.0001453250647938803,46,51,46,-0.46400498768109416,0.36414053330894147
0.5,held_out_1,141,320000,8,B_power_scaled_anchor100,0.3333333333333333,0.0007671240021478911,247,248,247,-0.36339566329142936,0.36414053330894147
0.5,held_out_1,141,320000,8,B_power_scaled_anchor100,0.5,0.0006088667239998088,195,197,195,-0.3729642710690764,0.36414053330894147
0.5,held_out_1,141,320000,8,B_power_scaled_anchor100,0.6666666666666666,0.00048325783909286394,159,158,158,-0.4062292958432363,0.36414053330894147
0.5,held_out_1,141,320000,9,B_power_scaled_anchor25,0.3333333333333333,6.356776238737342e-5,66,65,65,1.5150846275634064,1.4440302098093005
0.5,held_out_1,141,320000,9,B_power_scaled_anchor25,0.5,5.045376644249055e-5,53,51,51,1.6906337606821955,1.4440302098093005
0.5,held_out_1,141,320000,9,B_power_scaled_anchor25,0.6666666666666666,4.004518096328367e-5,44,40,40,1.7126714674219967,1.4440302098093005
0.5,held_out_1,141,320000,9,B_power_scaled_anchor100,0.3333333333333333,0.0002517555604061163,259,259,259,1.313544656015342,1.4440302098093005
0.5,held_out_1,141,320000,9,B_power_scaled_anchor100,0.5,0.0001998185207137563,208,204,204,1.3418732804236981,1.4440302098093005
0.5,held_out_1,141,320000,9,B_power_scaled_anchor100,0.6666666666666666,0.00015859606499187313,163,163,163,1.4305598990456307,1.4440302098093005
0.5,held_out_1,141,320000,10,B_power_scaled_anchor25,0.3333333333333333,0.00047785141382843214,65,65,65,-0.07725724365080332,0.08745637221810908
0.5,held_out_1,141,320000,10,B_power_scaled_anchor25,0.5,0.0003792709184978723,48,47,47,-0.07807068325433587,0.08745637221810908
0.5,held_out_1,141,320000,10,B_power_scaled_anchor25,0.6666666666666666,0.0003010275275022339,43,41,41,-0.08983173739193458,0.08745637221810908
0.5,held_out_1,141,320000,10,B_power_scaled_anchor100,0.3333333333333333,0.0019914693209224345,262,261,261,-0.1018061247609716,0.08745637221810908
0.5,held_out_1,141,320000,10,B_power_scaled_anchor100,0.5,0.0015806302474973342,201,202,201,-0.09426290083415957,0.08745637221810908
0.5,held_out_1,141,320000,10,B_power_scaled_anchor100,0.6666666666666666,0.001254547058825012,160,159,159,-0.09965922813678986,0.08745637221810908
0.5,held_out_1,141,320000,11,B_power_scaled_anchor25,0.3333333333333333,0.00020088000413579011,74,74,74,0.08024557964533521,0.760287900075816
0.5,held_out_1,141,320000,11,B_power_scaled_anchor25,0.5,0.00015943856494226474,58,60,58,0.08054126540706315,0.760287900075816
0.5,held_out_1,141,320000,11,B_power_scaled_anchor25,0.6666666666666666,0.00012654647285682559,45,47,45,0.10311681074511611,0.760287900075816
0.5,held_out_1,141,320000,11,B_power_scaled_anchor100,0.3333333333333333,0.0007029326063215735,257,256,256,0.17764361625393008,0.760287900075816
0.5,held_out_1,141,320000,11,B_power_scaled_anchor100,0.5,0.000557917979368807,204,203,203,0.1989271277828299,0.760287900075816
0.5,held_out_1,141,320000,11,B_power_scaled_anchor100,0.6666666666666666,0.00044281979368100823,160,161,160,0.19595602984198313,0.760287900075816
0.5,held_out_1,141,320000,12,B_power_scaled_anchor25,0.3333333333333333,0.00014162149650589684,82,80,80,-0.9393509881269216,0.8440821262399694
0.5,held_out_1,141,320000,12,B_power_scaled_anchor25,0.5,0.00011240505626738565,64,62,62,-0.9127216516323583,0.8440821262399694
0.5,held_out_1,141,320000,12,B_power_scaled_anchor25,0.6666666666666666,8.921595228269632e-5,52,48,48,-1.031310516125638,0.8440821262399694
0.5,held_out_1,141,320000,12,B_power_scaled_anchor100,0.3333333333333333,0.00047094214936430783,266,263,263,-0.8228767654622944,0.8440821262399694
0.5,held_out_1,141,320000,12,B_power_scaled_anchor100,0.5,0.0003737870316585336,211,210,210,-0.8265699639740396,0.8440821262399694
0.5,held_out_1,141,320000,12,B_power_scaled_anchor100,0.6666666666666666,0.0002966749636334135,168,166,166,-0.8527455747378635,0.8440821262399694
0.5,held_out_1,141,320000,13,B_power_scaled_anchor25,0.3333333333333333,0.0007080702471650785,62,64,62,0.08636105667542385,0.3071677326761748
0.5,held_out_1,141,320000,13,B_power_scaled_anchor25,0.5,0.0005619957276086143,51,53,51,0.13079126341762076,0.3071677326761748
0.5,held_out_1,141,320000,13,B_power_scaled_anchor25,0.6666666666666666,0.0004460563046037741,39,42,39,0.1274677644139685,0.3071677326761748
0.5,held_out_1,141,320000,13,B_power_scaled_anchor100,0.3333333333333333,0.0029509176565782895,266,270,266,0.08184758018332206,0.3071677326761748
0.5,held_out_1,141,320000,13,B_power_scaled_anchor100,0.5,0.0023421448961619554,210,213,210,0.07312387691530492,0.3071677326761748
0.5,held_out_1,141,320000,13,B_power_scaled_anchor100,0.6666666666666666,0.0018589616360147189,166,170,166,0.08576385525920917,0.3071677326761748
0.5,held_out_1,141,320000,14,B_power_scaled_anchor25,0.3333333333333333,8.631146985853152e-5,73,66,66,1.4783102566389894,1.2972022936396106
0.5,held_out_1,141,320000,14,B_power_scaled_anchor25,0.5,6.850545902517724e-5,61,58,58,1.4574773116767306,1.2972022936396106
0.5,held_out_1,141,320000,14,B_power_scaled_anchor25,0.6666666666666666,5.437281886106537e-5,45,40,40,1.6346640606437466,1.2972022936396106
0.5,held_out_1,141,320000,14,B_power_scaled_anchor100,0.3333333333333333,0.00031551603390327353,257,254,254,1.2585202659174917,1.2972022936396106
0.5,held_out_1,141,320000,14,B_power_scaled_anchor100,0.5,0.00025042524206544525,204,199,199,1.250720152405343,1.2972022936396106
0.5,held_out_1,141,320000,14,B_power_scaled_anchor100,0.6666666666666666,0.0001987626463470394,170,164,164,1.2892701458071003,1.2972022936396106
0.5,held_out_1,141,1280000,1,A_fixed_raw,1.0e-5,1.0e-5,7,5,5,-0.38409005134187874,0.3819730496717949
0.5,held_out_1,141,1280000,1,A_fixed_raw,0.0001,0.0001,55,56,55,-0.37729593830082564,0.3819730496717949
0.5,held_out_1,141,1280000,1,A_fixed_raw,0.001,0.001,556,556,556,-0.3592294655433981,0.3819730496717949
0.5,held_out_1,141,1280000,1,C_fixed_crossing,10,1.4649389273308371e-5,10,10,10,-0.5277615643851382,0.3819730496717949
0.5,held_out_1,141,1280000,1,C_fixed_crossing,25,4.304202894268194e-5,26,26,26,-0.4601396385309201,0.3819730496717949
0.5,held_out_1,141,1280000,1,C_fixed_crossing,50,9.179289117155112e-5,50,50,50,-0.3739224442100942,0.3819730496717949
0.5,held_out_1,141,1280000,1,C_fixed_crossing,100,0.0001806908401170518,100,102,100,-0.4256872484469872,0.3819730496717949
0.5,held_out_1,141,1280000,1,D_growing_crossing,10,7.114036002423051e-5,41,40,40,-0.4204682233537471,0.3819730496717949
0.5,held_out_1,141,1280000,1,D_growing_crossing,25,0.0001806908401170518,100,102,100,-0.4256872484469872,0.3819730496717949
0.5,held_out_1,141,1280000,1,D_growing_crossing,50,0.00036353915711813314,200,202,200,-0.37013368855985435,0.3819730496717949
0.5,held_out_1,141,1280000,2,A_fixed_raw,1.0e-5,1.0e-5,5,7,5,-0.2154532057541125,0.07251655396717029
0.5,held_out_1,141,1280000,2,A_fixed_raw,0.0001,0.0001,50,58,50,-0.0921999095485071,0.07251655396717029
0.5,held_out_1,141,1280000,2,A_fixed_raw,0.001,0.001,553,571,553,-0.07610412391567678,0.07251655396717029
0.5,held_out_1,141,1280000,2,C_fixed_crossing,10,1.5192624494980326e-5,10,10,10,-0.25159936654169274,0.07251655396717029
0.5,held_out_1,141,1280000,2,C_fixed_crossing,25,4.150299622706299e-5,25,26,25,-0.0915906897809527,0.07251655396717029
0.5,held_out_1,141,1280000,2,C_fixed_crossing,50,9.729943172949909e-5,50,57,50,-0.09476705398671217,0.07251655396717029
0.5,held_out_1,141,1280000,2,C_fixed_crossing,100,0.0001755033900111121,100,102,100,-0.08766301137152706,0.07251655396717029
0.5,held_out_1,141,1280000,2,D_growing_crossing,10,8.05158209438099e-5,40,52,40,-0.09731516879464815,0.07251655396717029
0.5,held_out_1,141,1280000,2,D_growing_crossing,25,0.0001755033900111121,100,102,100,-0.08766301137152706,0.07251655396717029
0.5,held_out_1,141,1280000,2,D_growing_crossing,50,0.00036090137699772634,201,209,201,-0.07677834287180493,0.07251655396717029
0.5,held_out_1,141,1280000,3,A_fixed_raw,1.0e-5,1.0e-5,4,3,3,-2.227986661651471,0.2982316007191014
0.5,held_out_1,141,1280000,3,A_fixed_raw,0.0001,0.0001,36,36,36,-1.7844927213328532,0.2982316007191014
0.5,held_out_1,141,1280000,3,A_fixed_raw,0.001,0.001,369,368,368,-1.7418910631128437,0.2982316007191014
0.5,held_out_1,141,1280000,3,C_fixed_crossing,10,2.4036995722397514e-5,10,10,10,-2.274657979679548,0.2982316007191014
0.5,held_out_1,141,1280000,3,C_fixed_crossing,25,6.960302072735584e-5,28,25,25,-1.9636676743633616,0.2982316007191014
0.5,held_out_1,141,1280000,3,C_fixed_crossing,50,0.00014106062501789628,53,50,50,-1.8377829559702958,0.2982316007191014
0.5,held_out_1,141,1280000,3,C_fixed_crossing,100,0.00027167202594808367,101,100,100,-1.793634434053024,0.2982316007191014
0.5,held_out_1,141,1280000,3,D_growing_crossing,10,0.00010774261199119845,41,40,40,-1.7835550316556543,0.2982316007191014
0.5,held_out_1,141,1280000,3,D_growing_crossing,25,0.00027167202594808367,101,100,100,-1.793634434053024,0.2982316007191014
0.5,held_out_1,141,1280000,3,D_growing_crossing,50,0.0005465878583649445,204,201,201,-1.7598650635241158,0.2982316007191014
0.5,held_out_1,141,1280000,4,A_fixed_raw,1.0e-5,1.0e-5,32,26,26,1.7143403889752216,1.5901957092207055
0.5,held_out_1,141,1280000,4,A_fixed_raw,0.0001,0.0001,296,288,288,1.5602023051144998,1.5901957092207055
0.5,held_out_1,141,1280000,4,A_fixed_raw,0.001,0.001,2908,2929,2908,1.5194531216627394,1.5901957092207055
0.5,held_out_1,141,1280000,4,C_fixed_crossing,10,3.6721018268080174e-6,12,10,10,2.1539562747890164,1.5901957092207055
0.5,held_out_1,141,1280000,4,C_fixed_crossing,25,9.395014417402052e-6,29,25,25,1.6574582079689164,1.5901957092207055
0.5,held_out_1,141,1280000,4,C_fixed_crossing,50,1.707007045536418e-5,53,51,51,1.7567660739526942,1.5901957092207055
0.5,held_out_1,141,1280000,4,C_fixed_crossing,100,3.510252384526064e-5,106,100,100,1.6231894336443806,1.5901957092207055
0.5,held_out_1,141,1280000,4,D_growing_crossing,10,1.3720047273051182e-5,44,41,41,1.8767983589507566,1.5901957092207055
0.5,held_out_1,141,1280000,4,D_growing_crossing,25,3.510252384526064e-5,106,100,100,1.6231894336443806,1.5901957092207055
0.5,held_out_1,141,1280000,4,D_growing_crossing,50,7.011173994012857e-5,207,202,202,1.5733348263615534,1.5901957092207055
0.5,held_out_1,141,1280000,5,A_fixed_raw,1.0e-5,1.0e-5,18,21,18,-1.712232358480614,0.751197942485476
0.5,held_out_1,141,1280000,5,A_fixed_raw,0.0001,0.0001,198,204,198,-1.67102982057854,0.751197942485476
0.5,held_out_1,141,1280000,5,A_fixed_raw,0.001,0.001,1984,1998,1984,-1.5968495390469017,0.751197942485476
0.5,held_out_1,141,1280000,5,C_fixed_crossing,10,5.852275394491666e-6,10,10,10,-1.468624645226901,0.751197942485476
0.5,held_out_1,141,1280000,5,C_fixed_crossing,25,1.3620496874588506e-5,25,30,25,-1.9421561498214306,0.751197942485476
0.5,held_out_1,141,1280000,5,C_fixed_crossing,50,2.5852750493648024e-5,50,51,50,-1.688833575962706,0.751197942485476
0.5,held_out_1,141,1280000,5,C_fixed_crossing,100,5.1636780515780674e-5,101,105,101,-1.606916647497362,0.751197942485476
0.5,held_out_1,141,1280000,5,D_growing_crossing,10,2.1083968692027628e-5,41,44,41,-1.7089229751645119,0.751197942485476
0.5,held_out_1,141,1280000,5,D_growing_crossing,25,5.1636780515780674e-5,101,105,101,-1.606916647497362,0.751197942485476
0.5,held_out_1,141,1280000,5,D_growing_crossing,50,0.00010164505260978108,201,205,201,-1.6575146647633623,0.751197942485476
0.5,held_out_1,141,1280000,6,A_fixed_raw,1.0e-5,1.0e-5,24,21,21,-1.5518364746419653,1.1372293674543315
0.5,held_out_1,141,1280000,6,A_fixed_raw,0.0001,0.0001,240,240,240,-1.0980836999824328,1.1372293674543315
0.5,held_out_1,141,1280000,6,A_fixed_raw,0.001,0.001,2447,2450,2447,-1.0696683216498415,1.1372293674543315
0.5,held_out_1,141,1280000,6,C_fixed_crossing,10,4.5687187263564284e-6,10,10,10,-1.4926431812175522,1.1372293674543315
0.5,held_out_1,141,1280000,6,C_fixed_crossing,25,1.1688994567039128e-5,28,25,25,-1.3272744014131925,1.1372293674543315
0.5,held_out_1,141,1280000,6,C_fixed_crossing,50,2.1083968692027628e-5,54,50,50,-1.2161533932122168,1.1372293674543315
0.5,held_out_1,141,1280000,6,C_fixed_crossing,100,4.001899394931907e-5,102,100,100,-1.0359392101903975,1.1372293674543315
0.5,held_out_1,141,1280000,6,D_growing_crossing,10,1.7194833327913115e-5,43,40,40,-1.2275965679852794,1.1372293674543315
0.5,held_out_1,141,1280000,6,D_growing_crossing,25,4.001899394931907e-5,102,100,100,-1.0359392101903975,1.1372293674543315
0.5,held_out_1,141,1280000,6,D_growing_crossing,50,8.05158209438099e-5,201,200,200,-1.13903429627412,1.1372293674543315
0.5,held_out_1,141,1280000,7,A_fixed_raw,1.0e-5,1.0e-5,15,17,15,-0.22757801122208485,0.9924333042822502
0.5,held_out_1,141,1280000,7,A_fixed_raw,0.0001,0.0001,159,164,159,-0.31680064284167475,0.9924333042822502
0.5,held_out_1,141,1280000,7,A_fixed_raw,0.001,0.001,1624,1632,1624,-0.2546364411143698,0.9924333042822502
0.5,held_out_1,141,1280000,7,C_fixed_crossing,10,5.895048896280862e-6,10,12,10,-0.6398973750853568,0.9924333042822502
0.5,held_out_1,141,1280000,7,C_fixed_crossing,25,1.5528187785405367e-5,25,27,25,-0.37521952939434416,0.9924333042822502
0.5,held_out_1,141,1280000,7,C_fixed_crossing,50,3.1700137571326575e-5,50,53,50,-0.31807133978886476,0.9924333042822502
0.5,held_out_1,141,1280000,7,C_fixed_crossing,100,6.285660091460845e-5,100,103,100,-0.3637897712046206,0.9924333042822502
0.5,held_out_1,141,1280000,7,D_growing_crossing,10,2.529407396667172e-5,40,41,40,-0.3077769361005449,0.9924333042822502
0.5,held_out_1,141,1280000,7,D_growing_crossing,25,6.285660091460845e-5,100,103,100,-0.3637897712046206,0.9924333042822502
0.5,held_out_1,141,1280000,7,D_growing_crossing,50,0.00012554611959733733,201,206,201,-0.28887940280695334,0.9924333042822502
0.5,held_out_1,141,1280000,8,A_fixed_raw,1.0e-5,1.0e-5,12,10,10,-0.382689964492644,0.36414053330894147
0.5,held_out_1,141,1280000,8,A_fixed_raw,0.0001,0.0001,127,132,127,-0.35750290912905935,0.36414053330894147
0.5,held_out_1,141,1280000,8,A_fixed_raw,0.001,0.001,1292,1299,1292,-0.34196722724233464,0.36414053330894147
0.5,held_out_1,141,1280000,8,C_fixed_crossing,10,8.928096029944174e-6,10,10,10,-0.42877260503237635,0.36414053330894147
0.5,held_out_1,141,1280000,8,C_fixed_crossing,25,1.904036048898112e-5,25,26,25,-0.48699833162007283,0.36414053330894147
0.5,held_out_1,141,1280000,8,C_fixed_crossing,50,3.775416866356779e-5,50,50,50,-0.4103273842909502,0.36414053330894147
0.5,held_out_1,141,1280000,8,C_fixed_crossing,100,7.651430315898393e-5,100,101,100,-0.3897856149553258,0.36414053330894147
0.5,held_out_1,141,1280000,8,D_growing_crossing,10,2.9473694545135757e-5,40,40,40,-0.48762422427049895,0.36414053330894147
0.5,held_out_1,141,1280000,8,D_growing_crossing,25,7.651430315898393e-5,100,101,100,-0.3897856149553258,0.36414053330894147
0.5,held_out_1,141,1280000,8,D_growing_crossing,50,0.00015506734210133313,200,202,200,-0.36544260092795633,0.36414053330894147
0.5,held_out_1,141,1280000,9,A_fixed_raw,1.0e-5,1.0e-5,40,38,38,1.4929092029658528,1.4440302098093005
0.5,held_out_1,141,1280000,9,A_fixed_raw,0.0001,0.0001,412,408,408,1.333957718786527,1.4440302098093005
0.5,held_out_1,141,1280000,9,A_fixed_raw,0.001,0.001,4110,4134,4110,1.3089530147901984,1.4440302098093005
0.5,held_out_1,141,1280000,9,C_fixed_crossing,10,2.8876665301413455e-6,10,10,10,1.2654288021596891,1.4440302098093005
0.5,held_out_1,141,1280000,9,C_fixed_crossing,25,6.203346064613852e-6,25,25,25,1.4305679609118838,1.4440302098093005
0.5,held_out_1,141,1280000,9,C_fixed_crossing,50,1.2300301443213031e-5,51,51,51,1.6564861152195216,1.4440302098093005
0.5,held_out_1,141,1280000,9,C_fixed_crossing,100,2.456790684833269e-5,101,100,100,1.3291819306997597,1.4440302098093005
0.5,held_out_1,141,1280000,9,D_growing_crossing,10,1.017856785957331e-5,40,40,40,1.4649527355107663,1.4440302098093005
0.5,held_out_1,141,1280000,9,D_growing_crossing,25,2.456790684833269e-5,101,100,100,1.3291819306997597,1.4440302098093005
0.5,held_out_1,141,1280000,9,D_growing_crossing,50,4.907050853143052e-5,203,203,203,1.504124285570122,1.4440302098093005
0.5,held_out_1,141,1280000,10,A_fixed_raw,1.0e-5,1.0e-5,5,4,4,-0.3845654688444666,0.08745637221810908
0.5,held_out_1,141,1280000,10,A_fixed_raw,0.0001,0.0001,55,49,49,-0.09463236936291253,0.08745637221810908
0.5,held_out_1,141,1280000,10,A_fixed_raw,0.001,0.001,519,523,519,-0.08958704383293936,0.08745637221810908
0.5,held_out_1,141,1280000,10,C_fixed_crossing,10,2.8836769614858702e-5,13,10,10,-0.13408716348879915,0.08745637221810908
0.5,held_out_1,141,1280000,10,C_fixed_crossing,25,5.4337262478685297e-5,27,25,25,-0.10160713326712045,0.08745637221810908
0.5,held_out_1,141,1280000,10,C_fixed_crossing,50,0.0001001753644815736,55,50,50,-0.09447959221808228,0.08745637221810908
0.5,held_out_1,141,1280000,10,C_fixed_crossing,100,0.0001986326681556485,101,100,100,-0.10794405435349586,0.08745637221810908
0.5,held_out_1,141,1280000,10,D_growing_crossing,10,7.877587844822958e-5,43,40,40,-0.11958803505927357,0.08745637221810908
0.5,held_out_1,141,1280000,10,D_growing_crossing,25,0.0001986326681556485,101,100,100,-0.10794405435349586,0.08745637221810908
0.5,held_out_1,141,1280000,10,D_growing_crossing,50,0.00039100090677674637,201,201,201,-0.08925270504994301,0.08745637221810908
0.5,held_out_1,141,1280000,11,A_fixed_raw,1.0e-5,1.0e-5,14,15,14,-0.06755508308586844,0.760287900075816
0.5,held_out_1,141,1280000,11,A_fixed_raw,0.0001,0.0001,145,147,145,-0.038291466301909605,0.760287900075816
0.5,held_out_1,141,1280000,11,A_fixed_raw,0.001,0.001,1452,1457,1452,0.03625500736065268,0.760287900075816
0.5,held_out_1,141,1280000,11,C_fixed_crossing,10,7.496440324809927e-6,10,12,10,-0.16555349638520334,0.760287900075816
0.5,held_out_1,141,1280000,11,C_fixed_crossing,25,1.6823253918289557e-5,25,26,25,-0.15293306089091396,0.760287900075816
0.5,held_out_1,141,1280000,11,C_fixed_crossing,50,3.510252384526064e-5,50,53,50,-0.05416628676810869,0.760287900075816
0.5,held_out_1,141,1280000,11,C_fixed_crossing,100,7.011173994012857e-5,101,106,101,-0.06427901837687325,0.760287900075816
0.5,held_out_1,141,1280000,11,D_growing_crossing,10,2.76039140558253e-5,40,42,40,-0.06781783938059388,0.760287900075816
0.5,held_out_1,141,1280000,11,D_growing_crossing,25,7.011173994012857e-5,101,106,101,-0.06427901837687325,0.760287900075816
0.5,held_out_1,141,1280000,11,D_growing_crossing,50,0.00014003711240540635,202,206,202,-0.014549750726729921,0.760287900075816
0.5,held_out_1,141,1280000,12,A_fixed_raw,1.0e-5,1.0e-5,25,21,21,-0.9349200443209414,0.8440821262399694
0.5,held_out_1,141,1280000,12,A_fixed_raw,0.0001,0.0001,223,226,223,-0.8714996376157913,0.8440821262399694
0.5,held_out_1,141,1280000,12,A_fixed_raw,0.001,0.001,2243,2252,2243,-0.8026271152607178,0.8440821262399694
0.5,held_out_1,141,1280000,12,C_fixed_crossing,10,5.3236588293645155e-6,12,10,10,-0.9825127359825725,0.8440821262399694
0.5,held_out_1,141,1280000,12,C_fixed_crossing,25,1.1860485598140086e-5,28,26,26,-0.8662669761756892,0.8440821262399694
0.5,held_out_1,141,1280000,12,C_fixed_crossing,50,2.154965557264874e-5,50,50,50,-0.9864409386539471,0.8440821262399694
0.5,held_out_1,141,1280000,12,C_fixed_crossing,100,4.431424583595357e-5,100,101,100,-0.852409142525849,0.8440821262399694
0.5,held_out_1,141,1280000,12,D_growing_crossing,10,1.7832459847369494e-5,41,40,40,-0.9160754715766107,0.8440821262399694
0.5,held_out_1,141,1280000,12,D_growing_crossing,25,4.431424583595357e-5,100,101,100,-0.852409142525849,0.8440821262399694
0.5,held_out_1,141,1280000,12,D_growing_crossing,50,8.980925180391648e-5,203,200,200,-0.8841973930428612,0.8440821262399694
0.5,held_out_1,141,1280000,13,A_fixed_raw,1.0e-5,1.0e-5,4,2,2,0.12806792784869625,0.3071677326761748
0.5,held_out_1,141,1280000,13,A_fixed_raw,0.0001,0.0001,36,35,35,0.056843438746290165,0.3071677326761748
0.5,held_out_1,141,1280000,13,A_fixed_raw,0.001,0.001,361,359,359,0.06687689400353136,0.3071677326761748
0.5,held_out_1,141,1280000,13,C_fixed_crossing,10,3.311594008208269e-5,13,10,10,0.030205191861002987,0.3071677326761748
0.5,held_out_1,141,1280000,13,C_fixed_crossing,25,7.062417731390552e-5,27,25,25,0.15947943429869213,0.3071677326761748
0.5,held_out_1,141,1280000,13,C_fixed_crossing,50,0.00013601678944320016,50,50,50,0.034943244321411264,0.3071677326761748
0.5,held_out_1,141,1280000,13,C_fixed_crossing,100,0.0002776725138146598,104,101,101,0.08075148675983516,0.3071677326761748
0.5,held_out_1,141,1280000,13,D_growing_crossing,10,0.00011337729675295551,41,40,40,0.06667944098904716,0.3071677326761748
0.5,held_out_1,141,1280000,13,D_growing_crossing,25,0.0002776725138146598,104,101,101,0.08075148675983516,0.3071677326761748
0.5,held_out_1,141,1280000,13,D_growing_crossing,50,0.0005586604808614669,205,200,200,0.07643141498772082,0.3071677326761748
0.5,held_out_1,141,1280000,14,A_fixed_raw,1.0e-5,1.0e-5,36,34,34,1.5527791308894698,1.2972022936396106
0.5,held_out_1,141,1280000,14,A_fixed_raw,0.0001,0.0001,331,328,328,1.2503497476973324,1.2972022936396106
0.5,held_out_1,141,1280000,14,A_fixed_raw,0.001,0.001,3272,3296,3272,1.216950128206995,1.2972022936396106
0.5,held_out_1,141,1280000,14,C_fixed_crossing,10,2.8459136940848423e-6,10,11,10,1.347937135008996,1.2972022936396106
0.5,held_out_1,141,1280000,14,C_fixed_crossing,25,7.774426686263138e-6,29,25,25,1.3128161610744025,1.2972022936396106
0.5,held_out_1,141,1280000,14,C_fixed_crossing,50,1.670118716460613e-5,61,50,50,1.4568990901146102,1.2972022936396106
0.5,held_out_1,141,1280000,14,C_fixed_crossing,100,3.07900588872264e-5,100,100,100,1.2245070264668272,1.2972022936396106
0.5,held_out_1,141,1280000,14,D_growing_crossing,10,1.266386820976179e-5,47,40,40,1.562928449329777,1.2972022936396106
0.5,held_out_1,141,1280000,14,D_growing_crossing,25,3.07900588872264e-5,100,100,100,1.2245070264668272,1.2972022936396106
0.5,held_out_1,141,1280000,14,D_growing_crossing,50,6.149827319991763e-5,201,201,201,1.3419399549894728,1.2972022936396106
0.5,held_out_1,141,1280000,1,B_power_scaled_anchor25,0.3333333333333333,0.0003190857917980162,177,181,177,-0.37939786679741166,0.3819730496717949
0.5,held_out_1,141,1280000,1,B_power_scaled_anchor25,0.5,0.00020101145290434672,111,112,111,-0.39284686925009504,0.3819730496717949
0.5,held_out_1,141,1280000,1,B_power_scaled_anchor25,0.6666666666666666,0.0001266292803920692,71,71,71,-0.3593612346775853,0.3819730496717949
0.5,held_out_1,141,1280000,1,B_power_scaled_anchor100,0.3333333333333333,0.0011412279970374128,633,634,633,-0.35604687014753966,0.3819730496717949
0.5,held_out_1,141,1280000,1,B_power_scaled_anchor100,0.5,0.0007189285880984001,399,404,399,-0.3635992515972804,0.3819730496717949
0.5,held_out_1,141,1280000,1,B_power_scaled_anchor100,0.6666666666666666,0.0004528966307581876,249,254,249,-0.3602039838617169,0.3819730496717949
0.5,held_out_1,141,1280000,2,B_power_scaled_anchor25,0.3333333333333333,0.00029026383386351683,162,164,162,-0.07766541839617154,0.07251655396717029
0.5,held_out_1,141,1280000,2,B_power_scaled_anchor25,0.5,0.00018285475715391656,105,106,105,-0.08410821256298348,0.07251655396717029
0.5,held_out_1,141,1280000,2,B_power_scaled_anchor25,0.6666666666666666,0.00011519127880581732,61,64,61,-0.0798939961918697,0.07251655396717029
0.5,held_out_1,141,1280000,2,B_power_scaled_anchor100,0.3333333333333333,0.0011664345847430184,646,665,646,-0.07359477841845362,0.07251655396717029
0.5,held_out_1,141,1280000,2,B_power_scaled_anchor100,0.5,0.000734807743321557,409,417,409,-0.07588549336313041,0.07251655396717029
0.5,held_out_1,141,1280000,2,B_power_scaled_anchor100,0.6666666666666666,0.00046289987171828926,260,264,260,-0.0733011493518579,0.07251655396717029
0.5,held_out_1,141,1280000,3,B_power_scaled_anchor25,0.3333333333333333,0.00048678990630633413,181,178,178,-1.759039145693397,0.2982316007191014
0.5,held_out_1,141,1280000,3,B_power_scaled_anchor25,0.5,0.0003066584249158517,115,112,112,-1.780453339193224,0.2982316007191014
0.5,held_out_1,141,1280000,3,B_power_scaled_anchor25,0.6666666666666666,0.00019318270233954402,74,70,70,-1.840178926204308,0.2982316007191014
0.5,held_out_1,141,1280000,3,B_power_scaled_anchor100,0.3333333333333333,0.0018454733172131074,680,682,680,-1.7422525303936287,0.2982316007191014
0.5,held_out_1,141,1280000,3,B_power_scaled_anchor100,0.5,0.0011625753396880562,428,430,428,-1.75037914590455,0.2982316007191014
0.5,held_out_1,141,1280000,3,B_power_scaled_anchor100,0.6666666666666666,0.0007323765712808323,272,270,270,-1.751811073574371,0.2982316007191014
0.5,held_out_1,141,1280000,4,B_power_scaled_anchor25,0.3333333333333333,5.7634576154981056e-5,172,166,166,1.59832668091255,1.5901957092207055
0.5,held_out_1,141,1280000,4,B_power_scaled_anchor25,0.5,3.6307507849714874e-5,110,104,104,1.628924177121427,1.5901957092207055
0.5,held_out_1,141,1280000,4,B_power_scaled_anchor25,0.6666666666666666,2.2872296704539556e-5,68,64,64,1.5721073161313617,1.5901957092207055
0.5,held_out_1,141,1280000,4,B_power_scaled_anchor100,0.3333333333333333,0.0002184989274941347,640,638,638,1.5027560010540746,1.5901957092207055
0.5,held_out_1,141,1280000,4,B_power_scaled_anchor100,0.5,0.00013764569906465698,401,399,399,1.5080733514009095,1.5901957092207055
0.5,held_out_1,141,1280000,4,B_power_scaled_anchor100,0.6666666666666666,8.67113568395282e-5,255,252,252,1.555822370612237,1.5901957092207055
0.5,held_out_1,141,1280000,5,B_power_scaled_anchor25,0.3333333333333333,0.00010471791015118319,205,213,205,-1.6398050963301898,0.751197942485476
0.5,held_out_1,141,1280000,5,B_power_scaled_anchor25,0.5,6.596814965023786e-5,128,135,128,-1.5641464632651725,0.751197942485476
0.5,held_out_1,141,1280000,5,B_power_scaled_anchor25,0.6666666666666666,4.15573301834749e-5,78,84,78,-1.6262143895268943,0.751197942485476
0.5,held_out_1,141,1280000,5,B_power_scaled_anchor100,0.3333333333333333,0.00033333691181785055,660,670,660,-1.5875435424114686,0.751197942485476
0.5,held_out_1,141,1280000,5,B_power_scaled_anchor100,0.5,0.0002099890959531305,413,424,413,-1.6177665406380053,0.751197942485476
0.5,held_out_1,141,1280000,5,B_power_scaled_anchor100,0.6666666666666666,0.00013228484111987173,260,268,260,-1.6280691457732084,0.751197942485476
0.5,held_out_1,141,1280000,6,B_power_scaled_anchor25,0.3333333333333333,7.712397021048702e-5,191,189,189,-1.1404198299424173,1.1372293674543315
0.5,held_out_1,141,1280000,6,B_power_scaled_anchor25,0.5,4.858505675982886e-5,118,119,118,-1.1678168506767215,1.1372293674543315
0.5,held_out_1,141,1280000,6,B_power_scaled_anchor25,0.6666666666666666,3.060666786102279e-5,78,75,75,-1.1190416523068891,1.1372293674543315
0.5,held_out_1,141,1280000,6,B_power_scaled_anchor100,0.3333333333333333,0.00026212939861577764,643,642,642,-1.0603426985805193,1.1372293674543315
0.5,held_out_1,141,1280000,6,B_power_scaled_anchor100,0.5,0.00016513117355615111,403,403,403,-1.0859288893975194,1.1372293674543315
0.5,held_out_1,141,1280000,6,B_power_scaled_anchor100,0.6666666666666666,0.00010402612077861921,252,252,252,-1.1222855005552168,1.1372293674543315
0.5,held_out_1,141,1280000,7,B_power_scaled_anchor25,0.3333333333333333,0.00010860110664986935,173,178,173,-0.2988639233727905,0.9924333042822502
0.5,held_out_1,141,1280000,7,B_power_scaled_anchor25,0.5,6.841441015502424e-5,108,113,108,-0.42218746953234965,0.9924333042822502
0.5,held_out_1,141,1280000,7,B_power_scaled_anchor25,0.6666666666666666,4.309837773522831e-5,70,72,70,-0.25443460249151945,0.9924333042822502
0.5,held_out_1,141,1280000,7,B_power_scaled_anchor100,0.3333333333333333,0.00040576552269441763,659,661,659,-0.2559719269509316,0.9924333042822502
0.5,held_out_1,141,1280000,7,B_power_scaled_anchor100,0.5,0.0002556162616821463,414,420,414,-0.26741320038844413,0.9924333042822502
0.5,held_out_1,141,1280000,7,B_power_scaled_anchor100,0.6666666666666666,0.0001610281543943862,260,265,260,-0.28478806577130855,0.9924333042822502
0.5,held_out_1,141,1280000,8,B_power_scaled_anchor25,0.3333333333333333,0.0001453250647938803,187,192,187,-0.3783034209000541,0.36414053330894147
0.5,held_out_1,141,1280000,8,B_power_scaled_anchor25,0.5,9.154905410557306e-5,118,118,118,-0.3737652272980186,0.36414053330894147
0.5,held_out_1,141,1280000,8,B_power_scaled_anchor25,0.6666666666666666,5.767229018278808e-5,73,76,73,-0.39397401179676034,0.36414053330894147
0.5,held_out_1,141,1280000,8,B_power_scaled_anchor100,0.3333333333333333,0.00048325783909286394,624,629,624,-0.35072320875372953,0.36414053330894147
0.5,held_out_1,141,1280000,8,B_power_scaled_anchor100,0.5,0.0003044333619999044,389,399,389,-0.3597345758444648,0.36414053330894147
0.5,held_out_1,141,1280000,8,B_power_scaled_anchor100,0.6666666666666666,0.00019178100053697278,249,251,249,-0.4000657285151794,0.36414053330894147
0.5,held_out_1,141,1280000,9,B_power_scaled_anchor25,0.3333333333333333,4.004518096328367e-5,168,164,164,1.4076278235812671,1.4440302098093005
0.5,held_out_1,141,1280000,9,B_power_scaled_anchor25,0.5,2.5226883221245274e-5,104,100,100,1.3552783823073848,1.4440302098093005
0.5,held_out_1,141,1280000,9,B_power_scaled_anchor25,0.6666666666666666,1.5891940596843354e-5,65,65,65,1.5525877474727663,1.4440302098093005
0.5,held_out_1,141,1280000,9,B_power_scaled_anchor100,0.3333333333333333,0.00015859606499187313,655,650,650,1.3225139310191665,1.4440302098093005
0.5,held_out_1,141,1280000,9,B_power_scaled_anchor100,0.5,9.990926035687816e-5,412,407,407,1.3352326510772032,1.4440302098093005
0.5,held_out_1,141,1280000,9,B_power_scaled_anchor100,0.6666666666666666,6.293889010152908e-5,263,259,259,1.3970674766790383,1.4440302098093005
0.5,held_out_1,141,1280000,10,B_power_scaled_anchor25,0.3333333333333333,0.0003010275275022339,160,160,160,-0.0945876335228972,0.08745637221810908
0.5,held_out_1,141,1280000,10,B_power_scaled_anchor25,0.5,0.00018963545924893614,98,96,96,-0.11301173522885231,0.08745637221810908
0.5,held_out_1,141,1280000,10,B_power_scaled_anchor25,0.6666666666666666,0.00011946285345710803,65,64,64,-0.12056247472762577,0.08745637221810908
0.5,held_out_1,141,1280000,10,B_power_scaled_anchor100,0.3333333333333333,0.001254547058825012,642,651,642,-0.08660602325364673,0.08745637221810908
0.5,held_out_1,141,1280000,10,B_power_scaled_anchor100,0.5,0.0007903151237486671,411,414,411,-0.09879342435857613,0.08745637221810908
0.5,held_out_1,141,1280000,10,B_power_scaled_anchor100,0.6666666666666666,0.0004978673302306086,261,261,261,-0.08493539298717866,0.08745637221810908
0.5,held_out_1,141,1280000,11,B_power_scaled_anchor25,0.3333333333333333,0.00012654647285682559,183,186,183,-0.03056559145441857,0.760287900075816
0.5,held_out_1,141,1280000,11,B_power_scaled_anchor25,0.5,7.971928247113237e-5,114,117,114,-0.038115717514527185,0.760287900075816
0.5,held_out_1,141,1280000,11,B_power_scaled_anchor25,0.6666666666666666,5.022000103394753e-5,72,75,72,0.01811777826425098,0.760287900075816
0.5,held_out_1,141,1280000,11,B_power_scaled_anchor100,0.3333333333333333,0.00044281979368100823,643,645,643,0.03539449898087434,0.760287900075816
0.5,held_out_1,141,1280000,11,B_power_scaled_anchor100,0.5,0.0002789589896844035,404,408,404,0.031678476140902107,0.760287900075816
0.5,held_out_1,141,1280000,11,B_power_scaled_anchor100,0.6666666666666666,0.00017573315158039339,252,257,252,0.008076518587831547,0.760287900075816
0.5,held_out_1,141,1280000,12,B_power_scaled_anchor25,0.3333333333333333,8.921595228269632e-5,202,199,199,-0.8900259396582789,0.8440821262399694
0.5,held_out_1,141,1280000,12,B_power_scaled_anchor25,0.5,5.620252813369283e-5,126,127,126,-0.7914214106856752,0.8440821262399694
0.5,held_out_1,141,1280000,12,B_power_scaled_anchor25,0.6666666666666666,3.540537412647421e-5,82,78,78,-0.8499278858877962,0.8440821262399694
0.5,held_out_1,141,1280000,12,B_power_scaled_anchor100,0.3333333333333333,0.0002966749636334135,666,670,666,-0.8100091339671408,0.8440821262399694
0.5,held_out_1,141,1280000,12,B_power_scaled_anchor100,0.5,0.0001868935158292668,420,421,420,-0.8283202294226414,0.8440821262399694
0.5,held_out_1,141,1280000,12,B_power_scaled_anchor100,0.6666666666666666,0.00011773553734107696,263,265,263,-0.8485255947079039,0.8440821262399694
0.5,held_out_1,141,1280000,13,B_power_scaled_anchor25,0.3333333333333333,0.0004460563046037741,163,161,161,0.07581028030118332,0.3071677326761748
0.5,held_out_1,141,1280000,13,B_power_scaled_anchor25,0.5,0.00028099786380430717,105,101,101,0.078616442897653,0.3071677326761748
0.5,held_out_1,141,1280000,13,B_power_scaled_anchor25,0.6666666666666666,0.00017701756179126964,66,65,65,0.0893579363373765,0.3071677326761748
0.5,held_out_1,141,1280000,13,B_power_scaled_anchor100,0.3333333333333333,0.0018589616360147189,673,674,673,0.06873379461217065,0.3071677326761748
0.5,held_out_1,141,1280000,13,B_power_scaled_anchor100,0.5,0.0011710724480809777,421,423,421,0.06935473038111886,0.3071677326761748
0.5,held_out_1,141,1280000,13,B_power_scaled_anchor100,0.6666666666666666,0.0007377294141445724,268,265,265,0.06598102876991989,0.3071677326761748
0.5,held_out_1,141,1280000,14,B_power_scaled_anchor25,0.3333333333333333,5.437281886106537e-5,179,175,175,1.4142179360600131,1.2972022936396106
0.5,held_out_1,141,1280000,14,B_power_scaled_anchor25,0.5,3.425272951258862e-5,114,115,114,1.2121771248569242,1.2972022936396106
0.5,held_out_1,141,1280000,14,B_power_scaled_anchor25,0.6666666666666666,2.157786746463288e-5,71,69,69,1.3853489925837592,1.2972022936396106
0.5,held_out_1,141,1280000,14,B_power_scaled_anchor100,0.3333333333333333,0.0001987626463470394,657,654,654,1.2255603493300777,1.2972022936396106
0.5,held_out_1,141,1280000,14,B_power_scaled_anchor100,0.5,0.00012521262103272262,411,408,408,1.2446544889617497,1.2972022936396106
0.5,held_out_1,141,1280000,14,B_power_scaled_anchor100,0.6666666666666666,7.887900847581838e-5,266,253,253,1.312720276972381,1.2972022936396106
0.5,held_out_2,271,20000,1,A_fixed_raw,1.0e-5,1.0e-5,0,1,0,-8.33976336450104,0.3819730496717949
0.5,held_out_2,271,20000,1,A_fixed_raw,0.0001,0.0001,0,2,0,-0.8360056859335607,0.3819730496717949
0.5,held_out_2,271,20000,1,A_fixed_raw,0.001,0.001,9,9,9,-0.41124486967275553,0.3819730496717949
0.5,held_out_2,271,20000,1,C_fixed_crossing,10,0.0010681307343635845,10,10,10,-0.4626602035396919,0.3819730496717949
0.5,held_out_2,271,20000,1,C_fixed_crossing,25,0.0030041505016429643,25,25,25,-0.32457151662614886,0.3819730496717949
0.5,held_out_2,271,20000,1,C_fixed_crossing,50,0.006000315522629749,50,55,50,-0.38862442611262815,0.3819730496717949
0.5,held_out_2,271,20000,1,C_fixed_crossing,100,0.012072275750816082,100,108,100,-0.36944682312051247,0.3819730496717949
0.5,held_out_2,271,20000,1,D_growing_crossing,10,0.000519423246359763,5,5,5,-0.5992250557345885,0.3819730496717949
0.5,held_out_2,271,20000,1,D_growing_crossing,25,0.0018442664944602408,13,18,13,-0.3260971257510108,0.3819730496717949
0.5,held_out_2,271,20000,1,D_growing_crossing,50,0.0030041505016429643,25,25,25,-0.32457151662614886,0.3819730496717949
0.5,held_out_2,271,20000,2,A_fixed_raw,1.0e-5,1.0e-5,0,0,0,0.0,0.07251655396717029
0.5,held_out_2,271,20000,2,A_fixed_raw,0.0001,0.0001,1,1,1,-0.8366122124986441,0.07251655396717029
0.5,held_out_2,271,20000,2,A_fixed_raw,0.001,0.001,9,9,9,-0.27325838226827104,0.07251655396717029
0.5,held_out_2,271,20000,2,C_fixed_crossing,10,0.001107739637194357,10,10,10,-0.24686668129752815,0.07251655396717029
0.5,held_out_2,271,20000,2,C_fixed_crossing,25,0.003138322910622115,25,26,25,-0.11234808453631291,0.07251655396717029
0.5,held_out_2,271,20000,2,C_fixed_crossing,50,0.006000315522629749,50,56,50,-0.09838032832465747,0.07251655396717029
0.5,held_out_2,271,20000,2,C_fixed_crossing,100,0.012338919119458593,100,116,100,-0.07868937515700043,0.07251655396717029
0.5,held_out_2,271,20000,2,D_growing_crossing,10,0.0005836115685242321,5,5,5,-0.15915872621460242,0.07251655396717029
0.5,held_out_2,271,20000,2,D_growing_crossing,25,0.0015712497635676068,13,14,13,-0.17652523915383792,0.07251655396717029
0.5,held_out_2,271,20000,2,D_growing_crossing,50,0.003138322910622115,25,26,25,-0.11234808453631291,0.07251655396717029
0.5,held_out_2,271,20000,3,A_fixed_raw,1.0e-5,1.0e-5,1,0,0,8.384637015626527,0.2982316007191014
0.5,held_out_2,271,20000,3,A_fixed_raw,0.0001,0.0001,2,0,0,-1.3282711666781633,0.2982316007191014
0.5,held_out_2,271,20000,3,A_fixed_raw,0.001,0.001,7,4,4,-0.9243260336179726,0.2982316007191014
0.5,held_out_2,271,20000,3,C_fixed_crossing,10,0.0018176002032580046,11,10,10,-0.9879334944080923,0.2982316007191014
0.5,held_out_2,271,20000,3,C_fixed_crossing,25,0.004753013725922657,28,25,25,-0.9104643844991737,0.2982316007191014
0.5,held_out_2,271,20000,3,C_fixed_crossing,50,0.008826629590319242,50,50,50,-0.8388003689404336,0.2982316007191014
0.5,held_out_2,271,20000,3,C_fixed_crossing,100,0.017501877786221642,100,103,100,-0.878186953235474,0.2982316007191014
0.5,held_out_2,271,20000,3,D_growing_crossing,10,0.0010681307343635845,7,5,5,-0.8421374685016594,0.2982316007191014
0.5,held_out_2,271,20000,3,D_growing_crossing,25,0.0025781364083557615,15,13,13,-0.9873396505544393,0.2982316007191014
0.5,held_out_2,271,20000,3,D_growing_crossing,50,0.004753013725922657,28,25,25,-0.9104643844991737,0.2982316007191014
0.5,held_out_2,271,20000,4,A_fixed_raw,1.0e-5,1.0e-5,2,0,0,8.364951273132082,1.5901957092207055
0.5,held_out_2,271,20000,4,A_fixed_raw,0.0001,0.0001,6,2,2,3.115918795328909,1.5901957092207055
0.5,held_out_2,271,20000,4,A_fixed_raw,0.001,0.001,48,43,43,1.3320192817149745,1.5901957092207055
0.5,held_out_2,271,20000,4,C_fixed_crossing,10,0.0002638725986009514,15,10,10,1.8815673789822889,1.5901957092207055
0.5,held_out_2,271,20000,4,C_fixed_crossing,25,0.000575173115577216,30,25,25,1.3756885605110105,1.5901957092207055
0.5,held_out_2,271,20000,4,C_fixed_crossing,50,0.0011656718103460826,56,50,50,1.560221726856285,1.5901957092207055
0.5,held_out_2,271,20000,4,C_fixed_crossing,100,0.0023113517288520305,108,100,100,1.546687272291304,1.5901957092207055
0.5,held_out_2,271,20000,4,D_growing_crossing,10,0.0001742299663807523,10,5,5,2.0229213823617904,1.5901957092207055
0.5,held_out_2,271,20000,4,D_growing_crossing,25,0.00032120776037715594,18,13,13,1.667177101736061,1.5901957092207055
0.5,held_out_2,271,20000,4,D_growing_crossing,50,0.000575173115577216,30,25,25,1.3756885605110105,1.5901957092207055
0.5,held_out_2,271,20000,5,A_fixed_raw,1.0e-5,1.0e-5,0,2,0,-8.339763367506968,0.751197942485476
0.5,held_out_2,271,20000,5,A_fixed_raw,0.0001,0.0001,3,5,3,-3.4763240234975123,0.751197942485476
0.5,held_out_2,271,20000,5,A_fixed_raw,0.001,0.001,30,31,30,-1.6046508759436917,0.751197942485476
0.5,held_out_2,271,20000,5,C_fixed_crossing,10,0.00036619621642229225,10,13,10,-1.6405578047850409,0.751197942485476
0.5,held_out_2,271,20000,5,C_fixed_crossing,25,0.0008460955132047697,25,27,25,-1.568727484736707,0.751197942485476
0.5,held_out_2,271,20000,5,C_fixed_crossing,50,0.0016414254640761165,50,53,50,-1.5589933346306637,0.751197942485476
0.5,held_out_2,271,20000,5,C_fixed_crossing,100,0.003254699607986302,100,104,100,-1.6258815123851675,0.751197942485476
0.5,held_out_2,271,20000,5,D_growing_crossing,10,0.0001655709935111996,5,8,5,-2.671287271417337,0.751197942485476
0.5,held_out_2,271,20000,5,D_growing_crossing,25,0.00042670688164494466,13,16,13,-1.6433665013926124,0.751197942485476
0.5,held_out_2,271,20000,5,D_growing_crossing,50,0.0008460955132047697,25,27,25,-1.568727484736707,0.751197942485476
0.5,held_out_2,271,20000,6,A_fixed_raw,1.0e-5,1.0e-5,1,1,1,-8.349911040214652,1.1372293674543315
0.5,held_out_2,271,20000,6,A_fixed_raw,0.0001,0.0001,4,5,4,-2.5860397580271255,1.1372293674543315
0.5,held_out_2,271,20000,6,A_fixed_raw,0.001,0.001,35,37,35,-0.9378770961689653,1.1372293674543315
0.5,held_out_2,271,20000,6,C_fixed_crossing,10,0.0002817462898293006,10,12,10,-1.3301558292138815,1.1372293674543315
0.5,held_out_2,271,20000,6,C_fixed_crossing,25,0.0007261119728677686,25,27,25,-1.0087543969790935,1.1372293674543315
0.5,held_out_2,271,20000,6,C_fixed_crossing,50,0.0014189530611409989,50,54,50,-0.9700096006995754,1.1372293674543315
0.5,held_out_2,271,20000,6,C_fixed_crossing,100,0.0026932820285225163,101,100,100,-1.1325828434152607,1.1372293674543315
0.5,held_out_2,271,20000,6,D_growing_crossing,10,0.00010932332036760428,5,7,5,-2.857572952131483,1.1372293674543315
0.5,held_out_2,271,20000,6,D_growing_crossing,25,0.0003582827361744967,13,15,13,-1.3839922064462316,1.1372293674543315
0.5,held_out_2,271,20000,6,D_growing_crossing,50,0.0007261119728677686,25,27,25,-1.0087543969790935,1.1372293674543315
0.5,held_out_2,271,20000,7,A_fixed_raw,1.0e-5,1.0e-5,0,1,0,-7.497363274286405,0.9924333042822502
0.5,held_out_2,271,20000,7,A_fixed_raw,0.0001,0.0001,1,4,1,-2.4939655781552883,0.9924333042822502
0.5,held_out_2,271,20000,7,A_fixed_raw,0.001,0.001,23,26,23,-0.7365759133360905,0.9924333042822502
0.5,held_out_2,271,20000,7,C_fixed_crossing,10,0.0004174857692247069,10,12,10,-1.1265115949129532,0.9924333042822502
0.5,held_out_2,271,20000,7,C_fixed_crossing,25,0.0010450484874986903,25,28,25,-0.8330483162328721,0.9924333042822502
0.5,held_out_2,271,20000,7,C_fixed_crossing,50,0.002057138485988945,50,55,50,-0.9474149211399265,0.9924333042822502
0.5,held_out_2,271,20000,7,C_fixed_crossing,100,0.0040493994308969244,100,106,100,-0.9502120251917461,0.9924333042822502
0.5,held_out_2,271,20000,7,D_growing_crossing,10,0.00022155957800298488,5,7,5,-1.304253229768163,0.9924333042822502
0.5,held_out_2,271,20000,7,D_growing_crossing,25,0.000534776124581579,13,15,13,-0.9567704075869202,0.9924333042822502
0.5,held_out_2,271,20000,7,D_growing_crossing,50,0.0010450484874986903,25,28,25,-0.8330483162328721,0.9924333042822502
0.5,held_out_2,271,20000,8,A_fixed_raw,1.0e-5,1.0e-5,0,1,0,-8.33976336450104,0.36414053330894147
0.5,held_out_2,271,20000,8,A_fixed_raw,0.0001,0.0001,2,3,2,-0.8317372188176853,0.36414053330894147
0.5,held_out_2,271,20000,8,A_fixed_raw,0.001,0.001,18,21,18,-0.3685431304442377,0.36414053330894147
0.5,held_out_2,271,20000,8,C_fixed_crossing,10,0.0006231431190846208,10,15,10,-0.49492176367469076,0.36414053330894147
0.5,held_out_2,271,20000,8,C_fixed_crossing,25,0.0013192936151729454,25,29,25,-0.39280389015673695,0.36414053330894147
0.5,held_out_2,271,20000,8,C_fixed_crossing,50,0.0026350803509009287,50,56,50,-0.2929631632529836,0.36414053330894147
0.5,held_out_2,271,20000,8,C_fixed_crossing,100,0.005187056168547728,100,107,100,-0.34404262204813196,0.36414053330894147
0.5,held_out_2,271,20000,8,D_growing_crossing,10,0.00034296510979339105,5,9,5,-0.9008589549707812,0.36414053330894147
0.5,held_out_2,271,20000,8,D_growing_crossing,25,0.0007475740633170672,13,19,13,-0.4645904632034725,0.36414053330894147
0.5,held_out_2,271,20000,8,D_growing_crossing,50,0.0013192936151729454,25,29,25,-0.39280389015673695,0.36414053330894147
0.5,held_out_2,271,20000,9,A_fixed_raw,1.0e-5,1.0e-5,1,1,1,8.299705422498693,1.4440302098093005
0.5,held_out_2,271,20000,9,A_fixed_raw,0.0001,0.0001,8,6,6,3.032556096929928,1.4440302098093005
0.5,held_out_2,271,20000,9,A_fixed_raw,0.001,0.001,64,62,62,1.0567021408302013,1.4440302098093005
0.5,held_out_2,271,20000,9,C_fixed_crossing,10,0.0001573423588476005,11,10,10,1.9079321790424308,1.4440302098093005
0.5,held_out_2,271,20000,9,C_fixed_crossing,25,0.0004084639245405292,26,25,25,1.2335070129820518,1.4440302098093005
0.5,held_out_2,271,20000,9,C_fixed_crossing,50,0.0007809624747534206,50,50,50,1.1258957489246901,1.4440302098093005
0.5,held_out_2,271,20000,9,C_fixed_crossing,100,0.0015712497635676068,103,100,100,1.3939407621263293,1.4440302098093005
0.5,held_out_2,271,20000,9,D_growing_crossing,10,8.229419398370865e-5,7,5,5,3.4632629216570554,1.4440302098093005
0.5,held_out_2,271,20000,9,D_growing_crossing,25,0.00022155957800298488,15,13,13,1.610920070605962,1.4440302098093005
0.5,held_out_2,271,20000,9,D_growing_crossing,50,0.0004084639245405292,26,25,25,1.2335070129820518,1.4440302098093005
0.5,held_out_2,271,20000,10,A_fixed_raw,1.0e-5,1.0e-5,1,0,0,0.05664520319748067,0.08745637221810908
0.5,held_out_2,271,20000,10,A_fixed_raw,0.0001,0.0001,1,2,1,-0.8260750286609442,0.08745637221810908
0.5,held_out_2,271,20000,10,A_fixed_raw,0.001,0.001,8,10,8,-0.23273735542353458,0.08745637221810908
0.5,held_out_2,271,20000,10,C_fixed_crossing,10,0.0013386491740358859,10,14,10,-0.16678010632707338,0.08745637221810908
0.5,held_out_2,271,20000,10,C_fixed_crossing,25,0.003302449804848514,25,32,25,-0.08055050263744172,0.08745637221810908
0.5,held_out_2,271,20000,10,C_fixed_crossing,50,0.00664433137674185,50,59,50,-0.05757858773313046,0.08745637221810908
0.5,held_out_2,271,20000,10,C_fixed_crossing,100,0.01366325939882703,100,118,100,-0.05282976128205573,0.08745637221810908
0.5,held_out_2,271,20000,10,D_growing_crossing,10,0.0004759589523015483,5,5,5,-0.1486332084985036,0.08745637221810908
0.5,held_out_2,271,20000,10,D_growing_crossing,25,0.001689941978184332,13,17,13,-0.15694837803853257,0.08745637221810908
0.5,held_out_2,271,20000,10,D_growing_crossing,50,0.003302449804848514,25,32,25,-0.08055050263744172,0.08745637221810908
0.5,held_out_2,271,20000,11,A_fixed_raw,1.0e-5,1.0e-5,0,1,0,-7.412288870659033,0.760287900075816
0.5,held_out_2,271,20000,11,A_fixed_raw,0.0001,0.0001,1,3,1,-2.1044453464180712,0.760287900075816
0.5,held_out_2,271,20000,11,A_fixed_raw,0.001,0.001,19,23,19,-0.30949765740481694,0.760287900075816
0.5,held_out_2,271,20000,11,C_fixed_crossing,10,0.0004900271325081146,10,12,10,-0.582664841631218,0.760287900075816
0.5,held_out_2,271,20000,11,C_fixed_crossing,25,0.001174191550430834,25,29,25,-0.4621411288420503,0.760287900075816
0.5,held_out_2,271,20000,11,C_fixed_crossing,50,0.0023624031315717816,50,54,50,-0.4812022526133636,0.760287900075816
0.5,held_out_2,271,20000,11,C_fixed_crossing,100,0.004616559539644604,100,108,100,-0.5881547535194221,0.760287900075816
0.5,held_out_2,271,20000,11,D_growing_crossing,10,0.00021054839310311033,5,7,5,-1.4255234002322437,0.760287900075816
0.5,held_out_2,271,20000,11,D_growing_crossing,25,0.0006096770302959283,13,16,13,-0.6564915386770379,0.760287900075816
0.5,held_out_2,271,20000,11,D_growing_crossing,50,0.001174191550430834,25,29,25,-0.4621411288420503,0.760287900075816
0.5,held_out_2,271,20000,12,A_fixed_raw,1.0e-5,1.0e-5,1,1,1,-8.359345208372448,0.8440821262399694
0.5,held_out_2,271,20000,12,A_fixed_raw,0.0001,0.0001,3,4,3,-2.5757227656064696,0.8440821262399694
0.5,held_out_2,271,20000,12,A_fixed_raw,0.001,0.001,34,36,34,-0.7565877477356819,0.8440821262399694
0.5,held_out_2,271,20000,12,C_fixed_crossing,10,0.00032830235637785544,10,14,10,-1.0810420179607463,0.8440821262399694
0.5,held_out_2,271,20000,12,C_fixed_crossing,25,0.0007585418369957446,25,26,25,-0.7154274770036728,0.8440821262399694
0.5,held_out_2,271,20000,12,C_fixed_crossing,50,0.0014397707390125497,50,50,50,-0.7057241517188553,0.8440821262399694
0.5,held_out_2,271,20000,12,C_fixed_crossing,100,0.0028967325657731522,100,102,100,-0.8689281509612449,0.8440821262399694
0.5,held_out_2,271,20000,12,D_growing_crossing,10,0.0001283190880864945,5,5,5,-2.0191900412912913,0.8440821262399694
0.5,held_out_2,271,20000,12,D_growing_crossing,25,0.00042982562543862905,13,16,13,-0.8801613295652508,0.8440821262399694
0.5,held_out_2,271,20000,12,D_growing_crossing,50,0.0007585418369957446,25,26,25,-0.7154274770036728,0.8440821262399694
0.5,held_out_2,271,20000,13,A_fixed_raw,1.0e-5,1.0e-5,1,1,1,1.4693332003601343,0.3071677326761748
0.5,held_out_2,271,20000,13,A_fixed_raw,0.0001,0.0001,1,1,1,0.14693332003601345,0.3071677326761748
0.5,held_out_2,271,20000,13,A_fixed_raw,0.001,0.001,6,5,5,0.12531714437430397,0.3071677326761748
0.5,held_out_2,271,20000,13,C_fixed_crossing,10,0.0019549017312612067,10,11,10,0.07397197062518793,0.3071677326761748
0.5,held_out_2,271,20000,13,C_fixed_crossing,25,0.004650301358752225,26,25,25,0.04837470607808305,0.3071677326761748
0.5,held_out_2,271,20000,13,C_fixed_crossing,50,0.009288241522043234,50,51,50,0.12032239978280274,0.3071677326761748
0.5,held_out_2,271,20000,13,C_fixed_crossing,100,0.018823969717475915,101,110,101,0.10178082296533915,0.3071677326761748
0.5,held_out_2,271,20000,13,D_growing_crossing,10,0.0009034066930426719,5,5,5,0.22110158338447355,0.3071677326761748
0.5,held_out_2,271,20000,13,D_growing_crossing,25,0.0025224230213006685,13,14,13,0.10708689738402866,0.3071677326761748
0.5,held_out_2,271,20000,13,D_growing_crossing,50,0.004650301358752225,26,25,25,0.04837470607808305,0.3071677326761748
0.5,held_out_2,271,20000,14,A_fixed_raw,1.0e-5,1.0e-5,1,0,0,8.33976336450104,1.2972022936396106
0.5,held_out_2,271,20000,14,A_fixed_raw,0.0001,0.0001,6,5,5,3.135683727087668,1.2972022936396106
0.5,held_out_2,271,20000,14,A_fixed_raw,0.001,0.001,55,49,49,1.1197228687375438,1.2972022936396106
0.5,held_out_2,271,20000,14,C_fixed_crossing,10,0.00021054839310311033,11,10,10,1.6844932756702882,1.2972022936396106
0.5,held_out_2,271,20000,14,C_fixed_crossing,25,0.0005308958772886277,28,25,25,1.0947664806127853,1.2972022936396106
0.5,held_out_2,271,20000,14,C_fixed_crossing,50,0.00101504620911161,56,50,50,1.103619406787142,1.2972022936396106
0.5,held_out_2,271,20000,14,C_fixed_crossing,100,0.002057138485988945,108,100,100,1.295522346555931,1.2972022936396106
0.5,held_out_2,271,20000,14,D_growing_crossing,10,9.589257703246666e-5,6,5,5,3.269996306414843,1.2972022936396106
0.5,held_out_2,271,20000,14,D_growing_crossing,25,0.0002756577678854182,14,13,13,1.3705801682764076,1.2972022936396106
0.5,held_out_2,271,20000,14,D_growing_crossing,50,0.0005308958772886277,28,25,25,1.0947664806127853,1.2972022936396106
0.5,held_out_2,271,20000,1,B_power_scaled_anchor25,0.3333333333333333,0.0012763431671920645,10,13,10,-0.4112383050666756,0.3819730496717949
0.5,held_out_2,271,20000,1,B_power_scaled_anchor25,0.5,0.0016080916232347738,12,15,12,-0.3313546186334087,0.3819730496717949
0.5,held_out_2,271,20000,1,B_power_scaled_anchor25,0.6666666666666666,0.002026068486273107,15,19,15,-0.35938838670203027,0.3819730496717949
0.5,held_out_2,271,20000,1,B_power_scaled_anchor100,0.3333333333333333,0.00456491198814965,37,40,37,-0.321794798117707,0.3819730496717949
0.5,held_out_2,271,20000,1,B_power_scaled_anchor100,0.5,0.005751428704787201,48,53,48,-0.3925486904704186,0.3819730496717949
0.5,held_out_2,271,20000,1,B_power_scaled_anchor100,0.6666666666666666,0.0072463460921310015,59,63,59,-0.37139297306992436,0.3819730496717949
0.5,held_out_2,271,20000,2,B_power_scaled_anchor25,0.3333333333333333,0.0011610553354540671,10,10,10,-0.235530555370948,0.07251655396717029
0.5,held_out_2,271,20000,2,B_power_scaled_anchor25,0.5,0.0014628380572313325,12,13,12,-0.18887362077991998,0.07251655396717029
0.5,held_out_2,271,20000,2,B_power_scaled_anchor25,0.6666666666666666,0.001843060460893077,16,17,16,-0.18160444471938808,0.07251655396717029
0.5,held_out_2,271,20000,2,B_power_scaled_anchor100,0.3333333333333333,0.004665738338972073,36,43,36,-0.09442706490563246,0.07251655396717029
0.5,held_out_2,271,20000,2,B_power_scaled_anchor100,0.5,0.005878461946572456,48,54,48,-0.10005761343130073,0.07251655396717029
0.5,held_out_2,271,20000,2,B_power_scaled_anchor100,0.6666666666666666,0.007406397947492628,60,70,60,-0.08732826841750821,0.07251655396717029
0.5,held_out_2,271,20000,3,B_power_scaled_anchor25,0.3333333333333333,0.0019471596252253363,12,10,10,-1.0346915722648684,0.2982316007191014
0.5,held_out_2,271,20000,3,B_power_scaled_anchor25,0.5,0.0024532673993268137,14,12,12,-0.9638228952253624,0.2982316007191014
0.5,held_out_2,271,20000,3,B_power_scaled_anchor25,0.6666666666666666,0.0030909232374327043,19,16,16,-0.980585016595055,0.2982316007191014
0.5,held_out_2,271,20000,3,B_power_scaled_anchor100,0.3333333333333333,0.007381893268852429,44,41,41,-0.877683034667639,0.2982316007191014
0.5,held_out_2,271,20000,3,B_power_scaled_anchor100,0.5,0.00930060271750445,53,52,52,-0.8596550624010166,0.2982316007191014
0.5,held_out_2,271,20000,3,B_power_scaled_anchor100,0.6666666666666666,0.011718025140493317,66,67,66,-0.8556408421363529,0.2982316007191014
0.5,held_out_2,271,20000,4,B_power_scaled_anchor25,0.3333333333333333,0.0002305383046199242,13,7,7,1.6292009901768647,1.5901957092207055
0.5,held_out_2,271,20000,4,B_power_scaled_anchor25,0.5,0.000290460062797719,16,11,11,1.8139067707091054,1.5901957092207055
0.5,held_out_2,271,20000,4,B_power_scaled_anchor25,0.6666666666666666,0.0003659567472726329,18,13,13,1.4633156158254135,1.5901957092207055
0.5,held_out_2,271,20000,4,B_power_scaled_anchor100,0.3333333333333333,0.0008739957099765387,41,36,36,1.2741001895911983,1.5901957092207055
0.5,held_out_2,271,20000,4,B_power_scaled_anchor100,0.5,0.0011011655925172558,52,46,46,1.3407913665903768,1.5901957092207055
0.5,held_out_2,271,20000,4,B_power_scaled_anchor100,0.6666666666666666,0.0013873817094324512,65,61,61,1.6317374769341257,1.5901957092207055
0.5,held_out_2,271,20000,5,B_power_scaled_anchor25,0.3333333333333333,0.0004188716406047327,12,15,12,-1.584121082361845,0.751197942485476
0.5,held_out_2,271,20000,5,B_power_scaled_anchor25,0.5,0.0005277451972019028,16,18,16,-1.839555465914243,0.751197942485476
0.5,held_out_2,271,20000,5,B_power_scaled_anchor25,0.6666666666666666,0.0006649172829355983,19,22,19,-1.6574613865349397,0.751197942485476
0.5,held_out_2,271,20000,5,B_power_scaled_anchor100,0.3333333333333333,0.001333347647271402,40,43,40,-1.5598135881954895,0.751197942485476
0.5,held_out_2,271,20000,5,B_power_scaled_anchor100,0.5,0.001679912767625044,51,55,51,-1.551732603506452,0.751197942485476
0.5,held_out_2,271,20000,5,B_power_scaled_anchor100,0.6666666666666666,0.0021165574579179477,64,67,64,-1.5275398106827698,0.751197942485476
0.5,held_out_2,271,20000,6,B_power_scaled_anchor25,0.3333333333333333,0.00030849588084194804,10,13,10,-1.214944603162764,1.1372293674543315
0.5,held_out_2,271,20000,6,B_power_scaled_anchor25,0.5,0.0003886804540786309,13,16,13,-1.275785119427063,1.1372293674543315
0.5,held_out_2,271,20000,6,B_power_scaled_anchor25,0.6666666666666666,0.0004897066857763646,16,20,16,-1.0917019141098314,1.1372293674543315
0.5,held_out_2,271,20000,6,B_power_scaled_anchor100,0.3333333333333333,0.0010485175944631104,37,39,37,-0.9577533026374377,1.1372293674543315
0.5,held_out_2,271,20000,6,B_power_scaled_anchor100,0.5,0.001321049388449209,46,49,46,-0.9237645753149197,1.1372293674543315
0.5,held_out_2,271,20000,6,B_power_scaled_anchor100,0.6666666666666666,0.0016644179324579074,59,63,59,-1.0947654793248853,1.1372293674543315
0.5,held_out_2,271,20000,7,B_power_scaled_anchor25,0.3333333333333333,0.00043440442659947737,10,12,10,-1.0498507218036017,0.9924333042822502
0.5,held_out_2,271,20000,7,B_power_scaled_anchor25,0.5,0.0005473152812401939,13,15,13,-0.9155690719873038,0.9924333042822502
0.5,held_out_2,271,20000,7,B_power_scaled_anchor25,0.6666666666666666,0.000689574043763653,15,18,15,-0.7994619545080938,0.9924333042822502
0.5,held_out_2,271,20000,7,B_power_scaled_anchor100,0.3333333333333333,0.00162306209077767,39,43,39,-0.8012663138152892,0.9924333042822502
0.5,held_out_2,271,20000,7,B_power_scaled_anchor100,0.5,0.0020449300934571703,49,54,49,-0.9047084494071678,0.9924333042822502
0.5,held_out_2,271,20000,7,B_power_scaled_anchor100,0.6666666666666666,0.0025764504703101794,62,66,62,-0.9358471858980959,0.9924333042822502
0.5,held_out_2,271,20000,8,B_power_scaled_anchor25,0.3333333333333333,0.0005813002591755211,9,14,9,-0.5306675194866375,0.36414053330894147
0.5,held_out_2,271,20000,8,B_power_scaled_anchor25,0.5,0.0007323924328445845,12,19,12,-0.47422087501179017,0.36414053330894147
0.5,held_out_2,271,20000,8,B_power_scaled_anchor25,0.6666666666666666,0.0009227566429246093,17,21,17,-0.39952402184860203,0.36414053330894147
0.5,held_out_2,271,20000,8,B_power_scaled_anchor100,0.3333333333333333,0.0019330313563714556,36,42,36,-0.30592878549192665,0.36414053330894147
0.5,held_out_2,271,20000,8,B_power_scaled_anchor100,0.5,0.002435466895999235,46,51,46,-0.3007466168705677,0.36414053330894147
0.5,held_out_2,271,20000,8,B_power_scaled_anchor100,0.6666666666666666,0.0030684960085915645,56,65,56,-0.29876647886530566,0.36414053330894147
0.5,held_out_2,271,20000,9,B_power_scaled_anchor25,0.3333333333333333,0.00016018072385313466,11,10,10,1.8741240665576113,1.4440302098093005
0.5,held_out_2,271,20000,9,B_power_scaled_anchor25,0.5,0.0002018150657699622,14,11,11,1.6711856479799785,1.4440302098093005
0.5,held_out_2,271,20000,9,B_power_scaled_anchor25,0.6666666666666666,0.00025427104954949366,17,14,14,1.397736588228656,1.4440302098093005
0.5,held_out_2,271,20000,9,B_power_scaled_anchor100,0.3333333333333333,0.0006343842599674924,41,40,40,1.169838074820347,1.4440302098093005
0.5,held_out_2,271,20000,9,B_power_scaled_anchor100,0.5,0.0007992740828550252,51,52,51,1.1530763631906025,1.4440302098093005
0.5,held_out_2,271,20000,9,B_power_scaled_anchor100,0.6666666666666666,0.0010070222416244652,65,63,63,1.0487272472744038,1.4440302098093005
0.5,held_out_2,271,20000,10,B_power_scaled_anchor25,0.3333333333333333,0.0012041101100089353,9,13,9,-0.18802719063884255,0.08745637221810908
0.5,held_out_2,271,20000,10,B_power_scaled_anchor25,0.5,0.0015170836739914892,12,16,12,-0.18002040757399748,0.08745637221810908
0.5,held_out_2,271,20000,10,B_power_scaled_anchor25,0.6666666666666666,0.0019114056553137285,15,19,15,-0.13379430541911758,0.08745637221810908
0.5,held_out_2,271,20000,10,B_power_scaled_anchor100,0.3333333333333333,0.0050181882353000475,38,47,38,-0.07511129705570244,0.08745637221810908
0.5,held_out_2,271,20000,10,B_power_scaled_anchor100,0.5,0.006322520989989337,48,57,48,-0.06107568563773083,0.08745637221810908
0.5,held_out_2,271,20000,10,B_power_scaled_anchor100,0.6666666666666666,0.007965877283689738,57,70,57,-0.05110002625098072,0.08745637221810908
0.5,held_out_2,271,20000,11,B_power_scaled_anchor25,0.3333333333333333,0.0005061858914273022,11,12,11,-0.6094623584964709,0.760287900075816
0.5,held_out_2,271,20000,11,B_power_scaled_anchor25,0.5,0.0006377542597690589,13,16,13,-0.5868248332804091,0.760287900075816
0.5,held_out_2,271,20000,11,B_power_scaled_anchor25,0.6666666666666666,0.0008035200165431605,16,19,16,-0.4059872394545988,0.760287900075816
0.5,held_out_2,271,20000,11,B_power_scaled_anchor100,0.3333333333333333,0.0017712791747240327,37,41,37,-0.3619822859218953,0.760287900075816
0.5,held_out_2,271,20000,11,B_power_scaled_anchor100,0.5,0.002231671917475228,48,52,48,-0.42395757851052945,0.760287900075816
0.5,held_out_2,271,20000,11,B_power_scaled_anchor100,0.6666666666666666,0.002811730425286294,61,66,61,-0.5401693236244643,0.760287900075816
0.5,held_out_2,271,20000,12,B_power_scaled_anchor25,0.3333333333333333,0.00035686380913078523,10,15,10,-0.9962310724276566,0.8440821262399694
0.5,held_out_2,271,20000,12,B_power_scaled_anchor25,0.5,0.0004496202250695426,13,17,13,-0.8420814829288525,0.8440821262399694
0.5,held_out_2,271,20000,12,B_power_scaled_anchor25,0.6666666666666666,0.0005664859860235874,19,20,19,-0.9402923212520512,0.8440821262399694
0.5,held_out_2,271,20000,12,B_power_scaled_anchor100,0.3333333333333333,0.0011866998545336537,38,43,38,-0.6745787109801548,0.8440821262399694
0.5,held_out_2,271,20000,12,B_power_scaled_anchor100,0.5,0.0014951481266341343,50,52,50,-0.7109078110844795,0.8440821262399694
0.5,held_out_2,271,20000,12,B_power_scaled_anchor100,0.6666666666666666,0.0018837685974572313,63,67,63,-0.715830107677141,0.8440821262399694
0.5,held_out_2,271,20000,13,B_power_scaled_anchor25,0.3333333333333333,0.001784225218415096,9,10,9,0.10607561863643426,0.3071677326761748
0.5,held_out_2,271,20000,13,B_power_scaled_anchor25,0.5,0.0022479829104344574,11,11,11,0.08155848879759409,0.3071677326761748
0.5,held_out_2,271,20000,13,B_power_scaled_anchor25,0.6666666666666666,0.002832280988660314,15,15,15,0.07715962577182178,0.3071677326761748
0.5,held_out_2,271,20000,13,B_power_scaled_anchor100,0.3333333333333333,0.007435846544058874,41,41,41,0.12560568011464635,0.3071677326761748
0.5,held_out_2,271,20000,13,B_power_scaled_anchor100,0.5,0.009368579584647822,51,51,51,0.11143260170092413,0.3071677326761748
0.5,held_out_2,271,20000,13,B_power_scaled_anchor100,0.6666666666666666,0.011803670626313158,65,66,65,0.10904814276565859,0.3071677326761748
0.5,held_out_2,271,20000,14,B_power_scaled_anchor25,0.3333333333333333,0.00021749127544426144,11,10,10,1.6307199066303135,1.2972022936396106
0.5,held_out_2,271,20000,14,B_power_scaled_anchor25,0.5,0.00027402183610070896,14,12,12,1.3783055208771777,1.2972022936396106
0.5,held_out_2,271,20000,14,B_power_scaled_anchor25,0.6666666666666666,0.0003452458794341261,19,17,17,1.450182497725032,1.2972022936396106
0.5,held_out_2,271,20000,14,B_power_scaled_anchor100,0.3333333333333333,0.0007950505853881575,43,37,37,1.104280471762144,1.2972022936396106
0.5,held_out_2,271,20000,14,B_power_scaled_anchor100,0.5,0.001001700968261781,55,49,49,1.1178214898609535,1.2972022936396106
0.5,held_out_2,271,20000,14,B_power_scaled_anchor100,0.6666666666666666,0.0012620641356130941,71,61,61,1.0969251495459746,1.2972022936396106
0.5,held_out_2,271,80000,1,A_fixed_raw,1.0e-5,1.0e-5,0,1,0,-2.12470687027122,0.3819730496717949
0.5,held_out_2,271,80000,1,A_fixed_raw,0.0001,0.0001,4,5,4,-0.4626389663245356,0.3819730496717949
0.5,held_out_2,271,80000,1,A_fixed_raw,0.001,0.001,36,34,34,-0.36853067787298577,0.3819730496717949
0.5,held_out_2,271,80000,1,C_fixed_crossing,10,0.0002562970848744097,10,11,10,-0.6591087133100166,0.3819730496717949
0.5,held_out_2,271,80000,1,C_fixed_crossing,25,0.0007585418369957446,25,26,25,-0.3807164896628619,0.3819730496717949
0.5,held_out_2,271,80000,1,C_fixed_crossing,50,0.001398436386547415,50,50,50,-0.3951052758592889,0.3819730496717949
0.5,held_out_2,271,80000,1,C_fixed_crossing,100,0.002939230973286228,100,101,100,-0.34674329743570353,0.3819730496717949
0.5,held_out_2,271,80000,1,D_growing_crossing,10,0.0002562970848744097,10,11,10,-0.6591087133100166,0.3819730496717949
0.5,held_out_2,271,80000,1,D_growing_crossing,25,0.0007585418369957446,25,26,25,-0.3807164896628619,0.3819730496717949
0.5,held_out_2,271,80000,1,D_growing_crossing,50,0.001398436386547415,50,50,50,-0.3951052758592889,0.3819730496717949
0.5,held_out_2,271,80000,2,A_fixed_raw,1.0e-5,1.0e-5,0,0,0,0.0,0.07251655396717029
0.5,held_out_2,271,80000,2,A_fixed_raw,0.0001,0.0001,4,4,4,-0.22294049992876985,0.07251655396717029
0.5,held_out_2,271,80000,2,A_fixed_raw,0.001,0.001,37,37,37,-0.15529933270264085,0.07251655396717029
0.5,held_out_2,271,80000,2,C_fixed_crossing,10,0.0002525912794932055,10,10,10,-0.14396016962605349,0.07251655396717029
0.5,held_out_2,271,80000,2,C_fixed_crossing,25,0.0007104207327694531,26,25,25,-0.07929255803484805,0.07251655396717029
0.5,held_out_2,271,80000,2,C_fixed_crossing,50,0.001408657371933435,50,50,50,-0.13260675382877082,0.07251655396717029
0.5,held_out_2,271,80000,2,C_fixed_crossing,100,0.0028341343331470753,100,100,100,-0.0907130514290226,0.07251655396717029
0.5,held_out_2,271,80000,2,D_growing_crossing,10,0.0002525912794932055,10,10,10,-0.14396016962605349,0.07251655396717029
0.5,held_out_2,271,80000,2,D_growing_crossing,25,0.0007104207327694531,26,25,25,-0.07929255803484805,0.07251655396717029
0.5,held_out_2,271,80000,2,D_growing_crossing,50,0.001408657371933435,50,50,50,-0.13260675382877082,0.07251655396717029
0.5,held_out_2,271,80000,3,A_fixed_raw,1.0e-5,1.0e-5,1,1,1,-4.374877628984808,0.2982316007191014
0.5,held_out_2,271,80000,3,A_fixed_raw,0.0001,0.0001,3,3,3,-0.7977503540049224,0.2982316007191014
0.5,held_out_2,271,80000,3,A_fixed_raw,0.001,0.001,23,21,21,-1.259431076317874,0.2982316007191014
0.5,held_out_2,271,80000,3,C_fixed_crossing,10,0.0004174857692247069,11,10,10,-1.0248838148996215,0.2982316007191014
0.5,held_out_2,271,80000,3,C_fixed_crossing,25,0.0010917228045780219,25,26,25,-1.3026049457551796,0.2982316007191014
0.5,held_out_2,271,80000,3,C_fixed_crossing,50,0.0022449951732959757,50,50,50,-1.108986353391061,0.2982316007191014
0.5,held_out_2,271,80000,3,C_fixed_crossing,100,0.004292317830317338,100,101,100,-1.1158294320583453,0.2982316007191014
0.5,held_out_2,271,80000,3,D_growing_crossing,10,0.0004174857692247069,11,10,10,-1.0248838148996215,0.2982316007191014
0.5,held_out_2,271,80000,3,D_growing_crossing,25,0.0010917228045780219,25,26,25,-1.3026049457551796,0.2982316007191014
0.5,held_out_2,271,80000,3,D_growing_crossing,50,0.0022449951732959757,50,50,50,-1.108986353391061,0.2982316007191014
0.5,held_out_2,271,80000,4,A_fixed_raw,1.0e-5,1.0e-5,3,3,3,3.2862047769977027,1.5901957092207055
0.5,held_out_2,271,80000,4,A_fixed_raw,0.0001,0.0001,19,18,18,2.197121462186591,1.5901957092207055
0.5,held_out_2,271,80000,4,A_fixed_raw,0.001,0.001,183,184,183,1.4941252956287843,1.5901957092207055
0.5,held_out_2,271,80000,4,C_fixed_crossing,10,6.194775589193603e-5,13,10,10,2.7405495157883957,1.5901957092207055
0.5,held_out_2,271,80000,4,C_fixed_crossing,25,0.00015282521987395884,27,25,25,1.5508447808575596,1.5901957092207055
0.5,held_out_2,271,80000,4,C_fixed_crossing,50,0.0002756577678854182,51,50,50,1.5827509235416592,1.5901957092207055
0.5,held_out_2,271,80000,4,C_fixed_crossing,100,0.0005465878583649445,103,100,100,1.6011179611396247,1.5901957092207055
0.5,held_out_2,271,80000,4,D_growing_crossing,10,6.194775589193603e-5,13,10,10,2.7405495157883957,1.5901957092207055
0.5,held_out_2,271,80000,4,D_growing_crossing,25,0.00015282521987395884,27,25,25,1.5508447808575596,1.5901957092207055
0.5,held_out_2,271,80000,4,D_growing_crossing,50,0.0002756577678854182,51,50,50,1.5827509235416592,1.5901957092207055
0.5,held_out_2,271,80000,5,A_fixed_raw,1.0e-5,1.0e-5,1,3,1,-2.6600975905455293,0.751197942485476
0.5,held_out_2,271,80000,5,A_fixed_raw,0.0001,0.0001,14,14,14,-2.155680328607412,0.751197942485476
0.5,held_out_2,271,80000,5,A_fixed_raw,0.001,0.001,123,123,123,-1.5287553279838828,0.751197942485476
0.5,held_out_2,271,80000,5,C_fixed_crossing,10,7.935164085697104e-5,11,10,10,-1.5829395479142594,0.751197942485476
0.5,held_out_2,271,80000,5,C_fixed_crossing,25,0.0002015468384785948,26,25,25,-1.8574687636433342,0.751197942485476
0.5,held_out_2,271,80000,5,C_fixed_crossing,50,0.00041144933298928424,50,51,50,-1.5191943229137108,0.751197942485476
0.5,held_out_2,271,80000,5,C_fixed_crossing,100,0.0008158420909719421,100,101,100,-1.529943857187404,0.751197942485476
0.5,held_out_2,271,80000,5,D_growing_crossing,10,7.935164085697104e-5,11,10,10,-1.5829395479142594,0.751197942485476
0.5,held_out_2,271,80000,5,D_growing_crossing,25,0.0002015468384785948,26,25,25,-1.8574687636433342,0.751197942485476
0.5,held_out_2,271,80000,5,D_growing_crossing,50,0.00041144933298928424,50,51,50,-1.5191943229137108,0.751197942485476
0.5,held_out_2,271,80000,6,A_fixed_raw,1.0e-5,1.0e-5,1,2,1,-2.124323725211097,1.1372293674543315
0.5,held_out_2,271,80000,6,A_fixed_raw,0.0001,0.0001,14,17,14,-1.6847592842006431,1.1372293674543315
0.5,held_out_2,271,80000,6,A_fixed_raw,0.001,0.001,152,152,152,-1.057183137791351,1.1372293674543315
0.5,held_out_2,271,80000,6,C_fixed_crossing,10,5.801785476786997e-5,10,12,10,-2.0550019117230196,1.1372293674543315
0.5,held_out_2,271,80000,6,C_fixed_crossing,25,0.0001729657825020706,25,27,25,-1.2585862087729938,1.1372293674543315
0.5,held_out_2,271,80000,6,C_fixed_crossing,50,0.00033311893057379785,50,53,50,-1.0728503323672958,1.1372293674543315
0.5,held_out_2,271,80000,6,C_fixed_crossing,100,0.0006653523812840374,100,102,100,-1.0727003732675309,1.1372293674543315
0.5,held_out_2,271,80000,6,D_growing_crossing,10,5.801785476786997e-5,10,12,10,-2.0550019117230196,1.1372293674543315
0.5,held_out_2,271,80000,6,D_growing_crossing,25,0.0001729657825020706,25,27,25,-1.2585862087729938,1.1372293674543315
0.5,held_out_2,271,80000,6,D_growing_crossing,50,0.00033311893057379785,50,53,50,-1.0728503323672958,1.1372293674543315
0.5,held_out_2,271,80000,7,A_fixed_raw,1.0e-5,1.0e-5,1,1,1,-1.7413433192503545,0.9924333042822502
0.5,held_out_2,271,80000,7,A_fixed_raw,0.0001,0.0001,11,12,11,-1.3868175403775052,0.9924333042822502
0.5,held_out_2,271,80000,7,A_fixed_raw,0.001,0.001,100,102,100,-0.6668280145415983,0.9924333042822502
0.5,held_out_2,271,80000,7,C_fixed_crossing,10,9.382034367716201e-5,10,12,10,-1.4694722090930823,0.9924333042822502
0.5,held_out_2,271,80000,7,C_fixed_crossing,25,0.000260057258694425,25,26,25,-0.6801851398147039,0.9924333042822502
0.5,held_out_2,271,80000,7,C_fixed_crossing,50,0.0004864715765156419,50,51,50,-0.7700567415910062,0.9924333042822502
0.5,held_out_2,271,80000,7,C_fixed_crossing,100,0.0010003696328807882,100,102,100,-0.6662149319409689,0.9924333042822502
0.5,held_out_2,271,80000,7,D_growing_crossing,10,9.382034367716201e-5,10,12,10,-1.4694722090930823,0.9924333042822502
0.5,held_out_2,271,80000,7,D_growing_crossing,25,0.000260057258694425,25,26,25,-0.6801851398147039,0.9924333042822502
0.5,held_out_2,271,80000,7,D_growing_crossing,50,0.0004864715765156419,50,51,50,-0.7700567415910062,0.9924333042822502
0.5,held_out_2,271,80000,8,A_fixed_raw,1.0e-5,1.0e-5,0,2,0,-2.124787620255697,0.36414053330894147
0.5,held_out_2,271,80000,8,A_fixed_raw,0.0001,0.0001,9,9,9,-0.4613197018996096,0.36414053330894147
0.5,held_out_2,271,80000,8,A_fixed_raw,0.001,0.001,79,81,79,-0.3337960831606146,0.36414053330894147
0.5,held_out_2,271,80000,8,C_fixed_crossing,10,0.00011758160450839066,10,11,10,-0.3924774366828043,0.36414053330894147
0.5,held_out_2,271,80000,8,C_fixed_crossing,25,0.00032120776037715594,25,28,25,-0.5251324506081212,0.36414053330894147
0.5,held_out_2,271,80000,8,C_fixed_crossing,50,0.0006462507916376377,50,54,50,-0.36234172522238445,0.36414053330894147
0.5,held_out_2,271,80000,8,C_fixed_crossing,100,0.0012266336996634068,100,101,100,-0.37158062905342765,0.36414053330894147
0.5,held_out_2,271,80000,8,D_growing_crossing,10,0.00011758160450839066,10,11,10,-0.3924774366828043,0.36414053330894147
0.5,held_out_2,271,80000,8,D_growing_crossing,25,0.00032120776037715594,25,28,25,-0.5251324506081212,0.36414053330894147
0.5,held_out_2,271,80000,8,D_growing_crossing,50,0.0006462507916376377,50,54,50,-0.36234172522238445,0.36414053330894147
0.5,held_out_2,271,80000,9,A_fixed_raw,1.0e-5,1.0e-5,3,4,3,3.145715998922882,1.4440302098093005
0.5,held_out_2,271,80000,9,A_fixed_raw,0.0001,0.0001,27,25,25,1.8264063100911776,1.4440302098093005
0.5,held_out_2,271,80000,9,A_fixed_raw,0.001,0.001,256,254,254,1.2188191510568158,1.4440302098093005
0.5,held_out_2,271,80000,9,C_fixed_crossing,10,4.367350514721982e-5,13,10,10,1.5472654698010666,1.4440302098093005
0.5,held_out_2,271,80000,9,C_fixed_crossing,25,8.980925180391648e-5,25,25,25,2.034527110776476,1.4440302098093005
0.5,held_out_2,271,80000,9,C_fixed_crossing,50,0.00020599845382109126,53,50,50,1.3363572829402361,1.4440302098093005
0.5,held_out_2,271,80000,9,C_fixed_crossing,100,0.00038534741577001485,100,101,100,1.3850091402448352,1.4440302098093005
0.5,held_out_2,271,80000,9,D_growing_crossing,10,4.367350514721982e-5,13,10,10,1.5472654698010666,1.4440302098093005
0.5,held_out_2,271,80000,9,D_growing_crossing,25,8.980925180391648e-5,25,25,25,2.034527110776476,1.4440302098093005
0.5,held_out_2,271,80000,9,D_growing_crossing,50,0.00020599845382109126,53,50,50,1.3363572829402361,1.4440302098093005
0.5,held_out_2,271,80000,10,A_fixed_raw,1.0e-5,1.0e-5,1,0,0,0.005907812261618516,0.08745637221810908
0.5,held_out_2,271,80000,10,A_fixed_raw,0.0001,0.0001,2,4,2,-0.20806363156655738,0.08745637221810908
0.5,held_out_2,271,80000,10,A_fixed_raw,0.001,0.001,31,34,31,-0.1521761362064944,0.08745637221810908
0.5,held_out_2,271,80000,10,C_fixed_crossing,10,0.0003008306745507225,10,11,10,-0.1457923888900093,0.08745637221810908
0.5,held_out_2,271,80000,10,C_fixed_crossing,25,0.000736764872927537,25,25,25,-0.08745552092478638,0.08745637221810908
0.5,held_out_2,271,80000,10,C_fixed_crossing,50,0.0015372951419447365,50,51,50,-0.11391247747261561,0.08745637221810908
0.5,held_out_2,271,80000,10,C_fixed_crossing,100,0.003254699607986302,101,107,101,-0.07850131275756793,0.08745637221810908
0.5,held_out_2,271,80000,10,D_growing_crossing,10,0.0003008306745507225,10,11,10,-0.1457923888900093,0.08745637221810908
0.5,held_out_2,271,80000,10,D_growing_crossing,25,0.000736764872927537,25,25,25,-0.08745552092478638,0.08745637221810908
0.5,held_out_2,271,80000,10,D_growing_crossing,50,0.0015372951419447365,50,51,50,-0.11391247747261561,0.08745637221810908
0.5,held_out_2,271,80000,11,A_fixed_raw,1.0e-5,1.0e-5,1,1,1,-1.6549270176052786,0.760287900075816
0.5,held_out_2,271,80000,11,A_fixed_raw,0.0001,0.0001,9,12,9,-1.2899499689925098,0.760287900075816
0.5,held_out_2,271,80000,11,A_fixed_raw,0.001,0.001,90,91,90,-0.33947707396578264,0.760287900075816
0.5,held_out_2,271,80000,11,C_fixed_crossing,10,0.00010932332036760428,10,12,10,-1.0986178425418227,0.760287900075816
0.5,held_out_2,271,80000,11,C_fixed_crossing,25,0.0002817462898293006,25,25,25,-0.4420544528616219,0.760287900075816
0.5,held_out_2,271,80000,11,C_fixed_crossing,50,0.0005386847320854466,50,50,50,-0.4357451666125412,0.760287900075816
0.5,held_out_2,271,80000,11,C_fixed_crossing,100,0.0010917228045780219,101,100,100,-0.381784522792626,0.760287900075816
0.5,held_out_2,271,80000,11,D_growing_crossing,10,0.00010932332036760428,10,12,10,-1.0986178425418227,0.760287900075816
0.5,held_out_2,271,80000,11,D_growing_crossing,25,0.0002817462898293006,25,25,25,-0.4420544528616219,0.760287900075816
0.5,held_out_2,271,80000,11,D_growing_crossing,50,0.0005386847320854466,50,50,50,-0.4357451666125412,0.760287900075816
0.5,held_out_2,271,80000,12,A_fixed_raw,1.0e-5,1.0e-5,1,3,1,-2.139998757505479,0.8440821262399694
0.5,held_out_2,271,80000,12,A_fixed_raw,0.0001,0.0001,14,17,14,-1.6243823775827226,0.8440821262399694
0.5,held_out_2,271,80000,12,A_fixed_raw,0.001,0.001,140,143,140,-0.8505577863758829,0.8440821262399694
0.5,held_out_2,271,80000,12,C_fixed_crossing,10,6.614385305008037e-5,10,11,10,-0.8693957190445899,0.8440821262399694
0.5,held_out_2,271,80000,12,C_fixed_crossing,25,0.00016678112986155937,25,25,25,-1.1436713927105082,0.8440821262399694
0.5,held_out_2,271,80000,12,C_fixed_crossing,50,0.0003797756687183721,51,55,51,-0.8373593242970334,0.8440821262399694
0.5,held_out_2,271,80000,12,C_fixed_crossing,100,0.0007261119728677686,100,100,100,-0.7840496723836049,0.8440821262399694
0.5,held_out_2,271,80000,12,D_growing_crossing,10,6.614385305008037e-5,10,11,10,-0.8693957190445899,0.8440821262399694
0.5,held_out_2,271,80000,12,D_growing_crossing,25,0.00016678112986155937,25,25,25,-1.1436713927105082,0.8440821262399694
0.5,held_out_2,271,80000,12,D_growing_crossing,50,0.0003797756687183721,51,55,51,-0.8373593242970334,0.8440821262399694
0.5,held_out_2,271,80000,13,A_fixed_raw,1.0e-5,1.0e-5,1,1,1,0.3565751297340824,0.3071677326761748
0.5,held_out_2,271,80000,13,A_fixed_raw,0.0001,0.0001,2,3,2,0.28407292911453164,0.3071677326761748
0.5,held_out_2,271,80000,13,A_fixed_raw,0.001,0.001,21,23,21,0.05892834847578965,0.3071677326761748
0.5,held_out_2,271,80000,13,C_fixed_crossing,10,0.0005008504841308905,10,15,10,0.1884534764413417,0.3071677326761748
0.5,held_out_2,271,80000,13,C_fixed_crossing,25,0.0011914182946592233,25,27,25,0.07049205440758796,0.3071677326761748
0.5,held_out_2,271,80000,13,C_fixed_crossing,50,0.0023282450909454426,50,57,50,0.05730671568100796,0.3071677326761748
0.5,held_out_2,271,80000,13,C_fixed_crossing,100,0.004549808600229715,100,104,100,0.06946177643947761,0.3071677326761748
0.5,held_out_2,271,80000,13,D_growing_crossing,10,0.0005008504841308905,10,15,10,0.1884534764413417,0.3071677326761748
0.5,held_out_2,271,80000,13,D_growing_crossing,25,0.0011914182946592233,25,27,25,0.07049205440758796,0.3071677326761748
0.5,held_out_2,271,80000,13,D_growing_crossing,50,0.0023282450909454426,50,57,50,0.05730671568100796,0.3071677326761748
0.5,held_out_2,271,80000,14,A_fixed_raw,1.0e-5,1.0e-5,2,2,2,2.8866877515409946,1.2972022936396106
0.5,held_out_2,271,80000,14,A_fixed_raw,0.0001,0.0001,22,22,22,1.9075658500278259,1.2972022936396106
0.5,held_out_2,271,80000,14,A_fixed_raw,0.001,0.001,207,207,207,1.2246424956452173,1.2972022936396106
0.5,held_out_2,271,80000,14,C_fixed_crossing,10,4.6972601933862194e-5,10,10,10,1.2306496551411956,1.2972022936396106
0.5,held_out_2,271,80000,14,C_fixed_crossing,25,0.00011672845179340822,25,27,25,1.8284615333281748,1.2972022936396106
0.5,held_out_2,271,80000,14,C_fixed_crossing,50,0.00024533964095570324,50,51,50,1.2716327503350113,1.2972022936396106
0.5,held_out_2,271,80000,14,C_fixed_crossing,100,0.0004936086755860119,100,101,100,1.2219302214300543,1.2972022936396106
0.5,held_out_2,271,80000,14,D_growing_crossing,10,4.6972601933862194e-5,10,10,10,1.2306496551411956,1.2972022936396106
0.5,held_out_2,271,80000,14,D_growing_crossing,25,0.00011672845179340822,25,27,25,1.8284615333281748,1.2972022936396106
0.5,held_out_2,271,80000,14,D_growing_crossing,50,0.00024533964095570324,50,51,50,1.2716327503350113,1.2972022936396106
0.5,held_out_2,271,80000,1,B_power_scaled_anchor25,0.3333333333333333,0.0008040458116173869,26,27,26,-0.3591911870895605,0.3819730496717949
0.5,held_out_2,271,80000,1,B_power_scaled_anchor25,0.5,0.0008040458116173869,26,27,26,-0.3591911870895605,0.3819730496717949
0.5,held_out_2,271,80000,1,B_power_scaled_anchor25,0.6666666666666666,0.0008040458116173869,26,27,26,-0.3591911870895605,0.3819730496717949
0.5,held_out_2,271,80000,1,B_power_scaled_anchor100,0.3333333333333333,0.0028757143523936005,99,99,99,-0.3543717003578062,0.3819730496717949
0.5,held_out_2,271,80000,1,B_power_scaled_anchor100,0.5,0.0028757143523936005,99,99,99,-0.3543717003578062,0.3819730496717949
0.5,held_out_2,271,80000,1,B_power_scaled_anchor100,0.6666666666666666,0.0028757143523936005,99,99,99,-0.3543717003578062,0.3819730496717949
0.5,held_out_2,271,80000,2,B_power_scaled_anchor25,0.3333333333333333,0.0007314190286156662,27,25,25,-0.07709498491531235,0.07251655396717029
0.5,held_out_2,271,80000,2,B_power_scaled_anchor25,0.5,0.0007314190286156662,27,25,25,-0.07709498491531235,0.07251655396717029
0.5,held_out_2,271,80000,2,B_power_scaled_anchor25,0.6666666666666666,0.0007314190286156662,27,25,25,-0.07709498491531235,0.07251655396717029
0.5,held_out_2,271,80000,2,B_power_scaled_anchor100,0.3333333333333333,0.002939230973286228,102,103,102,-0.08774486821370192,0.07251655396717029
0.5,held_out_2,271,80000,2,B_power_scaled_anchor100,0.5,0.002939230973286228,102,103,102,-0.08774486821370192,0.07251655396717029
0.5,held_out_2,271,80000,2,B_power_scaled_anchor100,0.6666666666666666,0.002939230973286228,102,103,102,-0.08774486821370192,0.07251655396717029
0.5,held_out_2,271,80000,3,B_power_scaled_anchor25,0.3333333333333333,0.0012266336996634068,28,28,28,-1.2657158217927944,0.2982316007191014
0.5,held_out_2,271,80000,3,B_power_scaled_anchor25,0.5,0.0012266336996634068,28,28,28,-1.2657158217927944,0.2982316007191014
0.5,held_out_2,271,80000,3,B_power_scaled_anchor25,0.6666666666666666,0.0012266336996634068,28,28,28,-1.2657158217927944,0.2982316007191014
0.5,held_out_2,271,80000,3,B_power_scaled_anchor100,0.3333333333333333,0.004650301358752225,105,108,105,-1.1335877216083075,0.2982316007191014
0.5,held_out_2,271,80000,3,B_power_scaled_anchor100,0.5,0.004650301358752225,105,108,105,-1.1335877216083075,0.2982316007191014
0.5,held_out_2,271,80000,3,B_power_scaled_anchor100,0.6666666666666666,0.004650301358752225,105,108,105,-1.1335877216083075,0.2982316007191014
0.5,held_out_2,271,80000,4,B_power_scaled_anchor25,0.3333333333333333,0.0001452300313988595,25,24,24,1.546802781071415,1.5901957092207055
0.5,held_out_2,271,80000,4,B_power_scaled_anchor25,0.5,0.0001452300313988595,25,24,24,1.546802781071415,1.5901957092207055
0.5,held_out_2,271,80000,4,B_power_scaled_anchor25,0.6666666666666666,0.0001452300313988595,25,24,24,1.546802781071415,1.5901957092207055
0.5,held_out_2,271,80000,4,B_power_scaled_anchor100,0.3333333333333333,0.0005505827962586279,103,100,100,1.5895005134847415,1.5901957092207055
0.5,held_out_2,271,80000,4,B_power_scaled_anchor100,0.5,0.0005505827962586279,103,100,100,1.5895005134847415,1.5901957092207055
0.5,held_out_2,271,80000,4,B_power_scaled_anchor100,0.6666666666666666,0.0005505827962586279,103,100,100,1.5895005134847415,1.5901957092207055
0.5,held_out_2,271,80000,5,B_power_scaled_anchor25,0.3333333333333333,0.0002638725986009514,33,33,33,-1.613732360012718,0.751197942485476
0.5,held_out_2,271,80000,5,B_power_scaled_anchor25,0.5,0.0002638725986009514,33,33,33,-1.613732360012718,0.751197942485476
0.5,held_out_2,271,80000,5,B_power_scaled_anchor25,0.6666666666666666,0.0002638725986009514,33,33,33,-1.613732360012718,0.751197942485476
0.5,held_out_2,271,80000,5,B_power_scaled_anchor100,0.3333333333333333,0.000839956383812522,102,103,102,-1.5077967784922897,0.751197942485476
0.5,held_out_2,271,80000,5,B_power_scaled_anchor100,0.5,0.000839956383812522,102,103,102,-1.5077967784922897,0.751197942485476
0.5,held_out_2,271,80000,5,B_power_scaled_anchor100,0.6666666666666666,0.000839956383812522,102,103,102,-1.5077967784922897,0.751197942485476
0.5,held_out_2,271,80000,6,B_power_scaled_anchor25,0.3333333333333333,0.00019434022703931545,27,30,27,-1.1200316847690537,1.1372293674543315
0.5,held_out_2,271,80000,6,B_power_scaled_anchor25,0.5,0.00019434022703931545,27,30,27,-1.1200316847690537,1.1372293674543315
0.5,held_out_2,271,80000,6,B_power_scaled_anchor25,0.6666666666666666,0.00019434022703931545,27,30,27,-1.1200316847690537,1.1372293674543315
0.5,held_out_2,271,80000,6,B_power_scaled_anchor100,0.3333333333333333,0.0006605246942246045,99,101,99,-1.016876951535999,1.1372293674543315
0.5,held_out_2,271,80000,6,B_power_scaled_anchor100,0.5,0.0006605246942246045,99,101,99,-1.016876951535999,1.1372293674543315
0.5,held_out_2,271,80000,6,B_power_scaled_anchor100,0.6666666666666666,0.0006605246942246045,99,101,99,-1.016876951535999,1.1372293674543315
0.5,held_out_2,271,80000,7,B_power_scaled_anchor25,0.3333333333333333,0.00027365764062009697,26,28,26,-0.7327635643114903,0.9924333042822502
0.5,held_out_2,271,80000,7,B_power_scaled_anchor25,0.5,0.00027365764062009697,26,28,26,-0.7327635643114903,0.9924333042822502
0.5,held_out_2,271,80000,7,B_power_scaled_anchor25,0.6666666666666666,0.00027365764062009697,26,28,26,-0.7327635643114903,0.9924333042822502
0.5,held_out_2,271,80000,7,B_power_scaled_anchor100,0.3333333333333333,0.0010224650467285852,102,104,102,-0.6536660763657323,0.9924333042822502
0.5,held_out_2,271,80000,7,B_power_scaled_anchor100,0.5,0.0010224650467285852,102,104,102,-0.6536660763657323,0.9924333042822502
0.5,held_out_2,271,80000,7,B_power_scaled_anchor100,0.6666666666666666,0.0010224650467285852,102,104,102,-0.6536660763657323,0.9924333042822502
0.5,held_out_2,271,80000,8,B_power_scaled_anchor25,0.3333333333333333,0.00036619621642229225,29,33,29,-0.5167672191765208,0.36414053330894147
0.5,held_out_2,271,80000,8,B_power_scaled_anchor25,0.5,0.00036619621642229225,29,33,29,-0.5167672191765208,0.36414053330894147
0.5,held_out_2,271,80000,8,B_power_scaled_anchor25,0.6666666666666666,0.00036619621642229225,29,33,29,-0.5167672191765208,0.36414053330894147
0.5,held_out_2,271,80000,8,B_power_scaled_anchor100,0.3333333333333333,0.0012177334479996176,98,101,98,-0.3639353393633546,0.36414053330894147
0.5,held_out_2,271,80000,8,B_power_scaled_anchor100,0.5,0.0012177334479996176,98,101,98,-0.3639353393633546,0.36414053330894147
0.5,held_out_2,271,80000,8,B_power_scaled_anchor100,0.6666666666666666,0.0012177334479996176,98,101,98,-0.3639353393633546,0.36414053330894147
0.5,held_out_2,271,80000,9,B_power_scaled_anchor25,0.3333333333333333,0.0001009075328849811,27,25,25,1.8099801450631015,1.4440302098093005
0.5,held_out_2,271,80000,9,B_power_scaled_anchor25,0.5,0.0001009075328849811,27,25,25,1.8099801450631015,1.4440302098093005
0.5,held_out_2,271,80000,9,B_power_scaled_anchor25,0.6666666666666666,0.0001009075328849811,27,25,25,1.8099801450631015,1.4440302098093005
0.5,held_out_2,271,80000,9,B_power_scaled_anchor100,0.3333333333333333,0.0003996370414275126,103,101,101,1.335028056942273,1.4440302098093005
0.5,held_out_2,271,80000,9,B_power_scaled_anchor100,0.5,0.0003996370414275126,103,101,101,1.335028056942273,1.4440302098093005
0.5,held_out_2,271,80000,9,B_power_scaled_anchor100,0.6666666666666666,0.0003996370414275126,103,101,101,1.335028056942273,1.4440302098093005
0.5,held_out_2,271,80000,10,B_power_scaled_anchor25,0.3333333333333333,0.0007585418369957446,25,26,25,-0.14869525590564045,0.08745637221810908
0.5,held_out_2,271,80000,10,B_power_scaled_anchor25,0.5,0.0007585418369957446,25,26,25,-0.14869525590564045,0.08745637221810908
0.5,held_out_2,271,80000,10,B_power_scaled_anchor25,0.6666666666666666,0.0007585418369957446,25,26,25,-0.14869525590564045,0.08745637221810908
0.5,held_out_2,271,80000,10,B_power_scaled_anchor100,0.3333333333333333,0.0031612604949946685,99,103,99,-0.08141305842945921,0.08745637221810908
0.5,held_out_2,271,80000,10,B_power_scaled_anchor100,0.5,0.0031612604949946685,99,103,99,-0.08141305842945921,0.08745637221810908
0.5,held_out_2,271,80000,10,B_power_scaled_anchor100,0.6666666666666666,0.0031612604949946685,99,103,99,-0.08141305842945921,0.08745637221810908
0.5,held_out_2,271,80000,11,B_power_scaled_anchor25,0.3333333333333333,0.00031887712988452947,28,28,28,-0.3770032416619347,0.760287900075816
0.5,held_out_2,271,80000,11,B_power_scaled_anchor25,0.5,0.00031887712988452947,28,28,28,-0.3770032416619347,0.760287900075816
0.5,held_out_2,271,80000,11,B_power_scaled_anchor25,0.6666666666666666,0.00031887712988452947,28,28,28,-0.3770032416619347,0.760287900075816
0.5,held_out_2,271,80000,11,B_power_scaled_anchor100,0.3333333333333333,0.001115835958737614,102,104,102,-0.4020135625344428,0.760287900075816
0.5,held_out_2,271,80000,11,B_power_scaled_anchor100,0.5,0.001115835958737614,102,104,102,-0.4020135625344428,0.760287900075816
0.5,held_out_2,271,80000,11,B_power_scaled_anchor100,0.6666666666666666,0.001115835958737614,102,104,102,-0.4020135625344428,0.760287900075816
0.5,held_out_2,271,80000,12,B_power_scaled_anchor25,0.3333333333333333,0.0002248101125347713,31,32,31,-0.9789316051829873,0.8440821262399694
0.5,held_out_2,271,80000,12,B_power_scaled_anchor25,0.5,0.0002248101125347713,31,32,31,-0.9789316051829873,0.8440821262399694
0.5,held_out_2,271,80000,12,B_power_scaled_anchor25,0.6666666666666666,0.0002248101125347713,31,32,31,-0.9789316051829873,0.8440821262399694
0.5,held_out_2,271,80000,12,B_power_scaled_anchor100,0.3333333333333333,0.0007475740633170672,102,104,102,-0.779340040975573,0.8440821262399694
0.5,held_out_2,271,80000,12,B_power_scaled_anchor100,0.5,0.0007475740633170672,102,104,102,-0.779340040975573,0.8440821262399694
0.5,held_out_2,271,80000,12,B_power_scaled_anchor100,0.6666666666666666,0.0007475740633170672,102,104,102,-0.779340040975573,0.8440821262399694
0.5,held_out_2,271,80000,13,B_power_scaled_anchor25,0.3333333333333333,0.0011239914552172287,23,27,23,0.06923963351353708,0.3071677326761748
0.5,held_out_2,271,80000,13,B_power_scaled_anchor25,0.5,0.0011239914552172287,23,27,23,0.06923963351353708,0.3071677326761748
0.5,held_out_2,271,80000,13,B_power_scaled_anchor25,0.6666666666666666,0.0011239914552172287,23,27,23,0.06923963351353708,0.3071677326761748
0.5,held_out_2,271,80000,13,B_power_scaled_anchor100,0.3333333333333333,0.004684289792323911,102,108,102,0.06601155598707159,0.3071677326761748
0.5,held_out_2,271,80000,13,B_power_scaled_anchor100,0.5,0.004684289792323911,102,108,102,0.06601155598707159,0.3071677326761748
0.5,held_out_2,271,80000,13,B_power_scaled_anchor100,0.6666666666666666,0.004684289792323911,102,108,102,0.06601155598707159,0.3071677326761748
0.5,held_out_2,271,80000,14,B_power_scaled_anchor25,0.3333333333333333,0.00013701091805035448,28,29,28,1.6048534070400737,1.2972022936396106
0.5,held_out_2,271,80000,14,B_power_scaled_anchor25,0.5,0.00013701091805035448,28,29,28,1.6048534070400737,1.2972022936396106
0.5,held_out_2,271,80000,14,B_power_scaled_anchor25,0.6666666666666666,0.00013701091805035448,28,29,28,1.6048534070400737,1.2972022936396106
0.5,held_out_2,271,80000,14,B_power_scaled_anchor100,0.3333333333333333,0.0005008504841308905,103,104,103,1.266629441308019,1.2972022936396106
0.5,held_out_2,271,80000,14,B_power_scaled_anchor100,0.5,0.0005008504841308905,103,104,103,1.266629441308019,1.2972022936396106
0.5,held_out_2,271,80000,14,B_power_scaled_anchor100,0.6666666666666666,0.0005008504841308905,103,104,103,1.266629441308019,1.2972022936396106
0.5,held_out_2,271,320000,1,A_fixed_raw,1.0e-5,1.0e-5,0,4,0,-0.5421910726971513,0.3819730496717949
0.5,held_out_2,271,320000,1,A_fixed_raw,0.0001,0.0001,12,14,12,-0.3725024682538214,0.3819730496717949
0.5,held_out_2,271,320000,1,A_fixed_raw,0.001,0.001,140,138,138,-0.37135095355994574,0.3819730496717949
0.5,held_out_2,271,320000,1,C_fixed_crossing,10,7.763685622951966e-5,10,11,10,-0.42590237728284497,0.3819730496717949
0.5,held_out_2,271,320000,1,C_fixed_crossing,25,0.00018468180381653483,26,25,25,-0.4433667083486667,0.3819730496717949
0.5,held_out_2,271,320000,1,C_fixed_crossing,50,0.00036619621642229225,50,50,50,-0.3971050598563597,0.3819730496717949
0.5,held_out_2,271,320000,1,C_fixed_crossing,100,0.0007104207327694531,100,100,100,-0.39489279369910535,0.3819730496717949
0.5,held_out_2,271,320000,1,D_growing_crossing,10,0.0001495226752145598,20,21,20,-0.35563456024655926,0.3819730496717949
0.5,held_out_2,271,320000,1,D_growing_crossing,25,0.00036619621642229225,50,50,50,-0.3971050598563597,0.3819730496717949
0.5,held_out_2,271,320000,1,D_growing_crossing,50,0.0007104207327694531,100,100,100,-0.39489279369910535,0.3819730496717949
0.5,held_out_2,271,320000,2,A_fixed_raw,1.0e-5,1.0e-5,1,1,1,-0.01253285035196505,0.07251655396717029
0.5,held_out_2,271,320000,2,A_fixed_raw,0.0001,0.0001,16,12,12,-0.06225580935548258,0.07251655396717029
0.5,held_out_2,271,320000,2,A_fixed_raw,0.001,0.001,145,138,138,-0.09127031258901463,0.07251655396717029
0.5,held_out_2,271,320000,2,C_fixed_crossing,10,9.046565566972513e-5,16,10,10,-0.06842432873137545,0.07251655396717029
0.5,held_out_2,271,320000,2,C_fixed_crossing,25,0.00017937977720493343,25,26,25,-0.0839288130501621,0.07251655396717029
0.5,held_out_2,271,320000,2,C_fixed_crossing,50,0.0003797756687183721,55,50,50,-0.08063131059228114,0.07251655396717029
0.5,held_out_2,271,320000,2,C_fixed_crossing,100,0.0007208434242404263,104,100,100,-0.07814807684433034,0.07251655396717029
0.5,held_out_2,271,320000,2,D_growing_crossing,10,0.00013701091805035448,20,21,20,-0.09505471532720533,0.07251655396717029
0.5,held_out_2,271,320000,2,D_growing_crossing,25,0.0003797756687183721,55,50,50,-0.08063131059228114,0.07251655396717029
0.5,held_out_2,271,320000,2,D_growing_crossing,50,0.0007208434242404263,104,100,100,-0.07814807684433034,0.07251655396717029
0.5,held_out_2,271,320000,3,A_fixed_raw,1.0e-5,1.0e-5,1,1,1,-1.5385879353485563,0.2982316007191014
0.5,held_out_2,271,320000,3,A_fixed_raw,0.0001,0.0001,10,9,9,-1.7425843454743628,0.2982316007191014
0.5,held_out_2,271,320000,3,A_fixed_raw,0.001,0.001,93,95,93,-1.6310961921213174,0.2982316007191014
0.5,held_out_2,271,320000,3,C_fixed_crossing,10,0.0001142059563218612,11,10,10,-1.6762603177408963,0.2982316007191014
0.5,held_out_2,271,320000,3,C_fixed_crossing,25,0.0002879692904775036,25,26,25,-1.6266145726922543,0.2982316007191014
0.5,held_out_2,271,320000,3,C_fixed_crossing,50,0.0005546069326215605,50,52,50,-1.6012777860639074,0.2982316007191014
0.5,held_out_2,271,320000,3,C_fixed_crossing,100,0.0010681307343635845,100,100,100,-1.6179413098046052,0.2982316007191014
0.5,held_out_2,271,320000,3,D_growing_crossing,10,0.00022155957800298488,20,20,20,-1.6274767710054012,0.2982316007191014
0.5,held_out_2,271,320000,3,D_growing_crossing,25,0.0005546069326215605,50,52,50,-1.6012777860639074,0.2982316007191014
0.5,held_out_2,271,320000,3,D_growing_crossing,50,0.0010681307343635845,100,100,100,-1.6179413098046052,0.2982316007191014
0.5,held_out_2,271,320000,4,A_fixed_raw,1.0e-5,1.0e-5,7,7,7,1.4484989740520813,1.5901957092207055
0.5,held_out_2,271,320000,4,A_fixed_raw,0.0001,0.0001,72,72,72,1.5554160697980879,1.5901957092207055
0.5,held_out_2,271,320000,4,A_fixed_raw,0.001,0.001,727,732,727,1.5037405887798339,1.5901957092207055
0.5,held_out_2,271,320000,4,C_fixed_crossing,10,1.4332816770759882e-5,10,10,10,1.2958829936557184,1.5901957092207055
0.5,held_out_2,271,320000,4,C_fixed_crossing,25,3.6140068425045215e-5,25,25,25,1.466782485680888,1.5901957092207055
0.5,held_out_2,271,320000,4,C_fixed_crossing,50,7.2711654917989e-5,50,50,50,1.7546044334556996,1.5901957092207055
0.5,held_out_2,271,320000,4,C_fixed_crossing,100,0.00013902102623149768,100,100,100,1.5079959285511026,1.5901957092207055
0.5,held_out_2,271,320000,4,D_growing_crossing,10,3.0566651301967326e-5,20,22,20,1.4019127683266894,1.5901957092207055
0.5,held_out_2,271,320000,4,D_growing_crossing,25,7.2711654917989e-5,50,50,50,1.7546044334556996,1.5901957092207055
0.5,held_out_2,271,320000,4,D_growing_crossing,50,0.00013902102623149768,100,100,100,1.5079959285511026,1.5901957092207055
0.5,held_out_2,271,320000,5,A_fixed_raw,1.0e-5,1.0e-5,5,6,5,-1.391711404766238,0.751197942485476
0.5,held_out_2,271,320000,5,A_fixed_raw,0.0001,0.0001,48,49,48,-1.5794383672593226,0.751197942485476
0.5,held_out_2,271,320000,5,A_fixed_raw,0.001,0.001,496,502,496,-1.5804905569299643,0.751197942485476
0.5,held_out_2,271,320000,5,C_fixed_crossing,10,2.0036126482795963e-5,10,12,10,-1.7433173504877104,0.751197942485476
0.5,held_out_2,271,320000,5,C_fixed_crossing,25,5.239435163813839e-5,25,27,25,-1.5085203323976144,0.751197942485476
0.5,held_out_2,271,320000,5,C_fixed_crossing,50,0.0001023879627680692,50,51,50,-1.6719867634493204,0.751197942485476
0.5,held_out_2,271,320000,5,C_fixed_crossing,100,0.0002015468384785948,101,101,101,-1.648367385014099,0.751197942485476
0.5,held_out_2,271,320000,5,D_growing_crossing,10,3.9440358405335285e-5,20,21,20,-1.690543746248963,0.751197942485476
0.5,held_out_2,271,320000,5,D_growing_crossing,25,0.0001023879627680692,50,51,50,-1.6719867634493204,0.751197942485476
0.5,held_out_2,271,320000,5,D_growing_crossing,50,0.0002015468384785948,101,101,101,-1.648367385014099,0.751197942485476
0.5,held_out_2,271,320000,6,A_fixed_raw,1.0e-5,1.0e-5,5,8,5,-1.181289197693669,1.1372293674543315
0.5,held_out_2,271,320000,6,A_fixed_raw,0.0001,0.0001,61,62,61,-1.2670776325998667,1.1372293674543315
0.5,held_out_2,271,320000,6,A_fixed_raw,0.001,0.001,609,611,609,-1.0799936559478807,1.1372293674543315
0.5,held_out_2,271,320000,6,C_fixed_crossing,10,2.1393294828673438e-5,10,17,10,-1.2844554134701345,1.1372293674543315
0.5,held_out_2,271,320000,6,C_fixed_crossing,25,4.3356617402364364e-5,25,25,25,-0.9800708392017566,1.1372293674543315
0.5,held_out_2,271,320000,6,C_fixed_crossing,50,8.534586418490326e-5,50,50,50,-1.2141719030350289,1.1372293674543315
0.5,held_out_2,271,320000,6,C_fixed_crossing,100,0.00017046486631773532,100,105,100,-1.0659886700173602,1.1372293674543315
0.5,held_out_2,271,320000,6,D_growing_crossing,10,3.561751835346618e-5,20,22,20,-1.0403722221633729,1.1372293674543315
0.5,held_out_2,271,320000,6,D_growing_crossing,25,8.534586418490326e-5,50,50,50,-1.2141719030350289,1.1372293674543315
0.5,held_out_2,271,320000,6,D_growing_crossing,50,0.00017046486631773532,100,105,100,-1.0659886700173602,1.1372293674543315
0.5,held_out_2,271,320000,7,A_fixed_raw,1.0e-5,1.0e-5,4,4,4,-0.6374018415439275,0.9924333042822502
0.5,held_out_2,271,320000,7,A_fixed_raw,0.0001,0.0001,40,38,38,-0.4906071198951256,0.9924333042822502
0.5,held_out_2,271,320000,7,A_fixed_raw,0.001,0.001,407,405,405,-0.3569722088143934,0.9924333042822502
0.5,held_out_2,271,320000,7,C_fixed_crossing,10,2.438964617127589e-5,10,11,10,-0.6323397126283276,0.9924333042822502
0.5,held_out_2,271,320000,7,C_fixed_crossing,25,6.614385305008037e-5,27,25,25,-0.5934812992286723,0.9924333042822502
0.5,held_out_2,271,320000,7,C_fixed_crossing,50,0.00012463517767544567,50,50,50,-0.5012790584994207,0.9924333042822502
0.5,held_out_2,271,320000,7,C_fixed_crossing,100,0.0002471327957312384,102,100,100,-0.36750080394966417,0.9924333042822502
0.5,held_out_2,271,320000,7,D_growing_crossing,10,5.4337262478685297e-5,22,20,20,-0.37058678071397677,0.9924333042822502
0.5,held_out_2,271,320000,7,D_growing_crossing,25,0.00012463517767544567,50,50,50,-0.5012790584994207,0.9924333042822502
0.5,held_out_2,271,320000,7,D_growing_crossing,50,0.0002471327957312384,102,100,100,-0.36750080394966417,0.9924333042822502
0.5,held_out_2,271,320000,8,A_fixed_raw,1.0e-5,1.0e-5,2,4,2,-0.5313391945205304,0.36414053330894147
0.5,held_out_2,271,320000,8,A_fixed_raw,0.0001,0.0001,29,36,29,-0.3648749765861048,0.36414053330894147
0.5,held_out_2,271,320000,8,A_fixed_raw,0.001,0.001,321,326,321,-0.340513540549342,0.36414053330894147
0.5,held_out_2,271,320000,8,C_fixed_crossing,10,3.69383031395872e-5,10,14,10,-0.36333514421339996,0.36414053330894147
0.5,held_out_2,271,320000,8,C_fixed_crossing,25,8.110430036062618e-5,25,27,25,-0.3999061696634796,0.36414053330894147
0.5,held_out_2,271,320000,8,C_fixed_crossing,50,0.0001584923532026199,50,52,50,-0.32764967007302875,0.36414053330894147
0.5,held_out_2,271,320000,8,C_fixed_crossing,100,0.0003165634100620773,100,103,100,-0.39588926332334223,0.36414053330894147
0.5,held_out_2,271,320000,8,D_growing_crossing,10,6.809890324876984e-5,20,25,20,-0.3994008294623743,0.36414053330894147
0.5,held_out_2,271,320000,8,D_growing_crossing,25,0.0001584923532026199,50,52,50,-0.32764967007302875,0.36414053330894147
0.5,held_out_2,271,320000,8,D_growing_crossing,50,0.0003165634100620773,100,103,100,-0.39588926332334223,0.36414053330894147
0.5,held_out_2,271,320000,9,A_fixed_raw,1.0e-5,1.0e-5,11,11,11,1.3658694934748359,1.4440302098093005
0.5,held_out_2,271,320000,9,A_fixed_raw,0.0001,0.0001,101,104,101,1.3959595753246234,1.4440302098093005
0.5,held_out_2,271,320000,9,A_fixed_raw,0.001,0.001,1026,1038,1026,1.2801158738308116,1.4440302098093005
0.5,held_out_2,271,320000,9,C_fixed_crossing,10,9.532850114083083e-6,10,10,10,1.4358785943173789,1.4440302098093005
0.5,held_out_2,271,320000,9,C_fixed_crossing,25,2.6232040159112766e-5,25,28,25,1.3450348078047731,1.4440302098093005
0.5,held_out_2,271,320000,9,C_fixed_crossing,50,4.9790429484121575e-5,50,53,50,1.5847983734733608,1.4440302098093005
0.5,held_out_2,271,320000,9,C_fixed_crossing,100,9.801058032327285e-5,100,102,100,1.4174297938135965,1.4440302098093005
0.5,held_out_2,271,320000,9,D_growing_crossing,10,1.904036048898112e-5,20,21,20,1.3750645701110988,1.4440302098093005
0.5,held_out_2,271,320000,9,D_growing_crossing,25,4.9790429484121575e-5,50,53,50,1.5847983734733608,1.4440302098093005
0.5,held_out_2,271,320000,9,D_growing_crossing,50,9.801058032327285e-5,100,102,100,1.4174297938135965,1.4440302098093005
0.5,held_out_2,271,320000,10,A_fixed_raw,1.0e-5,1.0e-5,1,2,1,0.002170806123746871,0.08745637221810908
0.5,held_out_2,271,320000,10,A_fixed_raw,0.0001,0.0001,9,17,9,-0.11040595450789725,0.08745637221810908
0.5,held_out_2,271,320000,10,A_fixed_raw,0.001,0.001,125,126,125,-0.08698215606459114,0.08745637221810908
0.5,held_out_2,271,320000,10,C_fixed_crossing,10,0.00010696084938195432,10,17,10,-0.10275887616101839,0.08745637221810908
0.5,held_out_2,271,320000,10,C_fixed_crossing,25,0.0001860316185353387,25,26,25,-0.0699698446795457,0.08745637221810908
0.5,held_out_2,271,320000,10,C_fixed_crossing,50,0.0003996370414275126,50,55,50,-0.08628588655991978,0.08745637221810908
0.5,held_out_2,271,320000,10,C_fixed_crossing,100,0.0008158420909719421,101,105,101,-0.09359751955419271,0.08745637221810908
0.5,held_out_2,271,320000,10,D_growing_crossing,10,0.00015965075271329006,20,22,20,-0.08346127752426809,0.08745637221810908
0.5,held_out_2,271,320000,10,D_growing_crossing,25,0.0003996370414275126,50,55,50,-0.08628588655991978,0.08745637221810908
0.5,held_out_2,271,320000,10,D_growing_crossing,50,0.0008158420909719421,101,105,101,-0.09359751955419271,0.08745637221810908
0.5,held_out_2,271,320000,11,A_fixed_raw,1.0e-5,1.0e-5,3,4,3,-0.019910733808914394,0.760287900075816
0.5,held_out_2,271,320000,11,A_fixed_raw,0.0001,0.0001,35,36,35,-0.20594767712156514,0.760287900075816
0.5,held_out_2,271,320000,11,A_fixed_raw,0.001,0.001,362,365,362,-0.0797193640018623,0.760287900075816
0.5,held_out_2,271,320000,11,C_fixed_crossing,10,2.9473694545135757e-5,10,11,10,0.08788157086509235,0.760287900075816
0.5,held_out_2,271,320000,11,C_fixed_crossing,25,7.062417731390552e-5,25,25,25,-0.03446736930215501,0.760287900075816
0.5,held_out_2,271,320000,11,C_fixed_crossing,50,0.00014313014707074056,50,51,50,-0.19882930956241351,0.760287900075816
0.5,held_out_2,271,320000,11,C_fixed_crossing,100,0.0002756577678854182,100,101,100,-0.12123524620086172,0.760287900075816
0.5,held_out_2,271,320000,11,D_growing_crossing,10,5.4337262478685297e-5,20,20,20,-0.036826860960482474,0.760287900075816
0.5,held_out_2,271,320000,11,D_growing_crossing,25,0.00014313014707074056,50,51,50,-0.19882930956241351,0.760287900075816
0.5,held_out_2,271,320000,11,D_growing_crossing,50,0.0002756577678854182,100,101,100,-0.12123524620086172,0.760287900075816
0.5,held_out_2,271,320000,12,A_fixed_raw,1.0e-5,1.0e-5,5,6,5,-1.194866524628635,0.8440821262399694
0.5,held_out_2,271,320000,12,A_fixed_raw,0.0001,0.0001,55,54,54,-0.9399870799664534,0.8440821262399694
0.5,held_out_2,271,320000,12,A_fixed_raw,0.001,0.001,562,562,562,-0.7980090758376301,0.8440821262399694
0.5,held_out_2,271,320000,12,C_fixed_crossing,10,1.6221713080196364e-5,10,10,10,-0.8974129636141087,0.8440821262399694
0.5,held_out_2,271,320000,12,C_fixed_crossing,25,4.241968326695217e-5,25,25,25,-0.8829746363293245,0.8440821262399694
0.5,held_out_2,271,320000,12,C_fixed_crossing,50,8.980925180391648e-5,50,50,50,-0.9841126505024553,0.8440821262399694
0.5,held_out_2,271,320000,12,C_fixed_crossing,100,0.00017937977720493343,101,100,100,-0.8581691460550117,0.8440821262399694
0.5,held_out_2,271,320000,12,D_growing_crossing,10,3.510252384526064e-5,20,20,20,-0.9464170785353341,0.8440821262399694
0.5,held_out_2,271,320000,12,D_growing_crossing,25,8.980925180391648e-5,50,50,50,-0.9841126505024553,0.8440821262399694
0.5,held_out_2,271,320000,12,D_growing_crossing,50,0.00017937977720493343,101,100,100,-0.8581691460550117,0.8440821262399694
0.5,held_out_2,271,320000,13,A_fixed_raw,1.0e-5,1.0e-5,1,1,1,0.08535886271698877,0.3071677326761748
0.5,held_out_2,271,320000,13,A_fixed_raw,0.0001,0.0001,10,9,9,0.08082986198698627,0.3071677326761748
0.5,held_out_2,271,320000,13,A_fixed_raw,0.001,0.001,91,91,91,0.07622958421713011,0.3071677326761748
0.5,held_out_2,271,320000,13,C_fixed_crossing,10,0.00010464943126534705,10,10,10,0.07723870163903677,0.3071677326761748
0.5,held_out_2,271,320000,13,C_fixed_crossing,25,0.00030302940590370216,25,25,25,0.16623483349898782,0.3071677326761748
0.5,held_out_2,271,320000,13,C_fixed_crossing,50,0.0005586604808614669,53,50,50,0.08870047927626558,0.3071677326761748
0.5,held_out_2,271,320000,13,C_fixed_crossing,100,0.0010917228045780219,100,101,100,0.06231825187954425,0.3071677326761748
0.5,held_out_2,271,320000,13,D_growing_crossing,10,0.00022155957800298488,20,20,20,0.1558496701096649,0.3071677326761748
0.5,held_out_2,271,320000,13,D_growing_crossing,25,0.0005586604808614669,53,50,50,0.08870047927626558,0.3071677326761748
0.5,held_out_2,271,320000,13,D_growing_crossing,50,0.0010917228045780219,100,101,100,0.06231825187954425,0.3071677326761748
0.5,held_out_2,271,320000,14,A_fixed_raw,1.0e-5,1.0e-5,7,6,6,1.3673788044538113,1.2972022936396106
0.5,held_out_2,271,320000,14,A_fixed_raw,0.0001,0.0001,79,81,79,1.407336643196866,1.2972022936396106
0.5,held_out_2,271,320000,14,A_fixed_raw,0.001,0.001,818,826,818,1.2146461976809686,1.2972022936396106
0.5,held_out_2,271,320000,14,C_fixed_crossing,10,1.3820325272123831e-5,10,10,10,1.3393109492227433,1.2972022936396106
0.5,held_out_2,271,320000,14,C_fixed_crossing,25,2.8419818106933232e-5,25,25,25,1.3087833744130017,1.2972022936396106
0.5,held_out_2,271,320000,14,C_fixed_crossing,50,5.929930961168192e-5,51,51,51,1.575989938412914,1.2972022936396106
0.5,held_out_2,271,320000,14,C_fixed_crossing,100,0.00012017865876424538,100,102,100,1.2935740215365759,1.2972022936396106
0.5,held_out_2,271,320000,14,D_growing_crossing,10,2.2348769563243e-5,20,20,20,1.2400743681712052,1.2972022936396106
0.5,held_out_2,271,320000,14,D_growing_crossing,25,5.929930961168192e-5,51,51,51,1.575989938412914,1.2972022936396106
0.5,held_out_2,271,320000,14,D_growing_crossing,50,0.00012017865876424538,100,102,100,1.2935740215365759,1.2972022936396106
0.5,held_out_2,271,320000,1,B_power_scaled_anchor25,0.3333333333333333,0.0005065171215682768,70,69,69,-0.3624835933634438,0.3819730496717949
0.5,held_out_2,271,320000,1,B_power_scaled_anchor25,0.5,0.00040202290580869344,55,55,55,-0.381097806210971,0.3819730496717949
0.5,held_out_2,271,320000,1,B_power_scaled_anchor25,0.6666666666666666,0.0003190857917980162,44,42,42,-0.41235373530085306,0.3819730496717949
0.5,held_out_2,271,320000,1,B_power_scaled_anchor100,0.3333333333333333,0.0018115865230327504,250,252,250,-0.36061937157976326,0.3819730496717949
0.5,held_out_2,271,320000,1,B_power_scaled_anchor100,0.5,0.0014378571761968003,200,198,198,-0.3633488306712541,0.3819730496717949
0.5,held_out_2,271,320000,1,B_power_scaled_anchor100,0.6666666666666666,0.0011412279970374128,160,157,157,-0.36535238417981125,0.3819730496717949
0.5,held_out_2,271,320000,2,B_power_scaled_anchor25,0.3333333333333333,0.00046076511522326926,63,65,63,-0.07958656556130517,0.07251655396717029
0.5,held_out_2,271,320000,2,B_power_scaled_anchor25,0.5,0.0003657095143078331,53,49,49,-0.08347075978798053,0.07251655396717029
0.5,held_out_2,271,320000,2,B_power_scaled_anchor25,0.6666666666666666,0.00029026383386351683,41,43,41,-0.07249458292708301,0.07251655396717029
0.5,held_out_2,271,320000,2,B_power_scaled_anchor100,0.3333333333333333,0.001851599486873157,257,263,257,-0.08460118754233877,0.07251655396717029
0.5,held_out_2,271,320000,2,B_power_scaled_anchor100,0.5,0.001469615486643114,209,205,205,-0.0850872522925435,0.07251655396717029
0.5,held_out_2,271,320000,2,B_power_scaled_anchor100,0.6666666666666666,0.0011664345847430184,166,162,162,-0.08877741818817951,0.07251655396717029
0.5,held_out_2,271,320000,3,B_power_scaled_anchor25,0.3333333333333333,0.0007727308093581761,71,72,71,-1.6985646752442098,0.2982316007191014
0.5,held_out_2,271,320000,3,B_power_scaled_anchor25,0.5,0.0006133168498317034,56,58,56,-1.6230860472162816,0.2982316007191014
0.5,held_out_2,271,320000,3,B_power_scaled_anchor25,0.6666666666666666,0.00048678990630633413,44,46,44,-1.5946365939843532,0.2982316007191014
0.5,held_out_2,271,320000,3,B_power_scaled_anchor100,0.3333333333333333,0.002929506285123329,268,271,268,-1.5852974570488307,0.2982316007191014
0.5,held_out_2,271,320000,3,B_power_scaled_anchor100,0.5,0.0023251506793761124,214,216,214,-1.5677766533784363,0.2982316007191014
0.5,held_out_2,271,320000,3,B_power_scaled_anchor100,0.6666666666666666,0.0018454733172131074,170,173,170,-1.6006407749050182,0.2982316007191014
0.5,held_out_2,271,320000,4,B_power_scaled_anchor25,0.3333333333333333,9.148918681815822e-5,66,66,66,1.6070359859070589,1.5901957092207055
0.5,held_out_2,271,320000,4,B_power_scaled_anchor25,0.5,7.261501569942975e-5,50,50,50,1.7569395372864502,1.5901957092207055
0.5,held_out_2,271,320000,4,B_power_scaled_anchor25,0.6666666666666666,5.7634576154981056e-5,40,38,38,1.6787220317810772,1.5901957092207055
0.5,held_out_2,271,320000,4,B_power_scaled_anchor100,0.3333333333333333,0.0003468454273581128,253,253,253,1.524346968003492,1.5901957092207055
0.5,held_out_2,271,320000,4,B_power_scaled_anchor100,0.5,0.00027529139812931396,199,200,199,1.50956809214163,1.5901957092207055
0.5,held_out_2,271,320000,4,B_power_scaled_anchor100,0.6666666666666666,0.0002184989274941347,162,159,159,1.5280553062140332,1.5901957092207055
0.5,held_out_2,271,320000,5,B_power_scaled_anchor25,0.3333333333333333,0.0001662293207338996,83,83,83,-1.708185715472289,0.751197942485476
0.5,held_out_2,271,320000,5,B_power_scaled_anchor25,0.5,0.0001319362993004757,62,64,62,-1.5918202290559151,0.751197942485476
0.5,held_out_2,271,320000,5,B_power_scaled_anchor25,0.6666666666666666,0.00010471791015118319,51,52,51,-1.6736869254550255,0.751197942485476
0.5,held_out_2,271,320000,5,B_power_scaled_anchor100,0.3333333333333333,0.0005291393644794869,263,266,263,-1.600998094325528,0.751197942485476
0.5,held_out_2,271,320000,5,B_power_scaled_anchor100,0.5,0.000419978191906261,209,211,209,-1.6245733603796713,0.751197942485476
0.5,held_out_2,271,320000,5,B_power_scaled_anchor100,0.6666666666666666,0.00033333691181785055,166,168,166,-1.591596634281926,0.751197942485476
0.5,held_out_2,271,320000,6,B_power_scaled_anchor25,0.3333333333333333,0.00012242667144409116,70,77,70,-1.1767593760939679,1.1372293674543315
0.5,held_out_2,271,320000,6,B_power_scaled_anchor25,0.5,9.717011351965772e-5,60,59,59,-1.259930364944362,1.1372293674543315
0.5,held_out_2,271,320000,6,B_power_scaled_anchor25,0.6666666666666666,7.712397021048702e-5,42,47,42,-1.2042598318570739,1.1372293674543315
0.5,held_out_2,271,320000,6,B_power_scaled_anchor100,0.3333333333333333,0.00041610448311447685,254,254,254,-1.0767575701773282,1.1372293674543315
0.5,held_out_2,271,320000,6,B_power_scaled_anchor100,0.5,0.00033026234711230223,201,205,201,-1.0772958830520387,1.1372293674543315
0.5,held_out_2,271,320000,6,B_power_scaled_anchor100,0.6666666666666666,0.00026212939861577764,158,163,158,-1.1481994337121293,1.1372293674543315
0.5,held_out_2,271,320000,7,B_power_scaled_anchor25,0.3333333333333333,0.00017239351094091324,71,70,70,-0.4355250470321389,0.9924333042822502
0.5,held_out_2,271,320000,7,B_power_scaled_anchor25,0.5,0.00013682882031004848,55,55,55,-0.4660513850260878,0.9924333042822502
0.5,held_out_2,271,320000,7,B_power_scaled_anchor25,0.6666666666666666,0.00010860110664986935,44,42,42,-0.5168370887900237,0.9924333042822502
0.5,held_out_2,271,320000,7,B_power_scaled_anchor100,0.3333333333333333,0.0006441126175775448,263,262,262,-0.36576726241760255,0.9924333042822502
0.5,held_out_2,271,320000,7,B_power_scaled_anchor100,0.5,0.0005112325233642926,207,205,205,-0.3886523593923955,0.9924333042822502
0.5,held_out_2,271,320000,7,B_power_scaled_anchor100,0.6666666666666666,0.00040576552269441763,165,166,165,-0.3875725060311118,0.9924333042822502
0.5,held_out_2,271,320000,8,B_power_scaled_anchor25,0.3333333333333333,0.00023068916073115233,74,75,74,-0.3986797888756848,0.36414053330894147
0.5,held_out_2,271,320000,8,B_power_scaled_anchor25,0.5,0.00018309810821114613,57,62,57,-0.40968443461808374,0.36414053330894147
0.5,held_out_2,271,320000,8,B_power_scaled_anchor25,0.6666666666666666,0.0001453250647938803,46,49,46,-0.33811882347678685,0.36414053330894147
0.5,held_out_2,271,320000,8,B_power_scaled_anchor100,0.3333333333333333,0.0007671240021478911,249,253,249,-0.3670727157800853,0.36414053330894147
0.5,held_out_2,271,320000,8,B_power_scaled_anchor100,0.5,0.0006088667239998088,195,198,195,-0.3377657488949648,0.36414053330894147
0.5,held_out_2,271,320000,8,B_power_scaled_anchor100,0.6666666666666666,0.00048325783909286394,155,157,155,-0.3572232319494187,0.36414053330894147
0.5,held_out_2,271,320000,9,B_power_scaled_anchor25,0.3333333333333333,6.356776238737342e-5,63,63,63,1.4503952724619555,1.4440302098093005
0.5,held_out_2,271,320000,9,B_power_scaled_anchor25,0.5,5.045376644249055e-5,50,53,50,1.5639623604893513,1.4440302098093005
0.5,held_out_2,271,320000,9,B_power_scaled_anchor25,0.6666666666666666,4.004518096328367e-5,38,43,38,1.2480133596284935,1.4440302098093005
0.5,held_out_2,271,320000,9,B_power_scaled_anchor100,0.3333333333333333,0.0002517555604061163,258,260,258,1.3076796739520187,1.4440302098093005
0.5,held_out_2,271,320000,9,B_power_scaled_anchor100,0.5,0.0001998185207137563,206,209,206,1.4281577266710328,1.4440302098093005
0.5,held_out_2,271,320000,9,B_power_scaled_anchor100,0.6666666666666666,0.00015859606499187313,163,163,163,1.27219350662863,1.4440302098093005
0.5,held_out_2,271,320000,10,B_power_scaled_anchor25,0.3333333333333333,0.00047785141382843214,59,60,59,-0.07191393335048527,0.08745637221810908
0.5,held_out_2,271,320000,10,B_power_scaled_anchor25,0.5,0.0003792709184978723,48,50,48,-0.08031589024460464,0.08745637221810908
0.5,held_out_2,271,320000,10,B_power_scaled_anchor25,0.6666666666666666,0.0003010275275022339,35,40,35,-0.08525719536888572,0.08745637221810908
0.5,held_out_2,271,320000,10,B_power_scaled_anchor100,0.3333333333333333,0.0019914693209224345,253,260,253,-0.08119293411686856,0.08745637221810908
0.5,held_out_2,271,320000,10,B_power_scaled_anchor100,0.5,0.0015806302474973342,202,209,202,-0.08380562934079248,0.08745637221810908
0.5,held_out_2,271,320000,10,B_power_scaled_anchor100,0.6666666666666666,0.001254547058825012,159,165,159,-0.0913890836602698,0.08745637221810908
0.5,held_out_2,271,320000,11,B_power_scaled_anchor25,0.3333333333333333,0.00020088000413579011,73,74,73,-0.13384488861277594,0.760287900075816
0.5,held_out_2,271,320000,11,B_power_scaled_anchor25,0.5,0.00015943856494226474,57,57,57,-0.17581047245205123,0.760287900075816
0.5,held_out_2,271,320000,11,B_power_scaled_anchor25,0.6666666666666666,0.00012654647285682559,43,44,43,-0.1428163432019111,0.760287900075816
0.5,held_out_2,271,320000,11,B_power_scaled_anchor100,0.3333333333333333,0.0007029326063215735,255,257,255,-0.08607203985081854,0.760287900075816
0.5,held_out_2,271,320000,11,B_power_scaled_anchor100,0.5,0.000557917979368807,201,204,201,-0.08417104869907123,0.760287900075816
0.5,held_out_2,271,320000,11,B_power_scaled_anchor100,0.6666666666666666,0.00044281979368100823,161,162,161,-0.11139483182448857,0.760287900075816
0.5,held_out_2,271,320000,12,B_power_scaled_anchor25,0.3333333333333333,0.00014162149650589684,81,78,78,-0.9336620992383594,0.8440821262399694
0.5,held_out_2,271,320000,12,B_power_scaled_anchor25,0.5,0.00011240505626738565,62,60,60,-0.9169275196870474,0.8440821262399694
0.5,held_out_2,271,320000,12,B_power_scaled_anchor25,0.6666666666666666,8.921595228269632e-5,50,49,49,-0.9315650862153209,0.8440821262399694
0.5,held_out_2,271,320000,12,B_power_scaled_anchor100,0.3333333333333333,0.00047094214936430783,264,267,264,-0.821873249741043,0.8440821262399694
0.5,held_out_2,271,320000,12,B_power_scaled_anchor100,0.5,0.0003737870316585336,210,212,210,-0.8459885252184216,0.8440821262399694
0.5,held_out_2,271,320000,12,B_power_scaled_anchor100,0.6666666666666666,0.0002966749636334135,167,168,167,-0.7957903122096407,0.8440821262399694
0.5,held_out_2,271,320000,13,B_power_scaled_anchor25,0.3333333333333333,0.0007080702471650785,64,63,63,0.05599415888359983,0.3071677326761748
0.5,held_out_2,271,320000,13,B_power_scaled_anchor25,0.5,0.0005619957276086143,53,50,50,0.08817407316596394,0.3071677326761748
0.5,held_out_2,271,320000,13,B_power_scaled_anchor25,0.6666666666666666,0.0004460563046037741,41,39,39,0.08385414708779484,0.3071677326761748
0.5,held_out_2,271,320000,13,B_power_scaled_anchor100,0.3333333333333333,0.0029509176565782895,265,269,265,0.06156372081117546,0.3071677326761748
0.5,held_out_2,271,320000,13,B_power_scaled_anchor100,0.5,0.0023421448961619554,213,214,213,0.05623019495446507,0.3071677326761748
0.5,held_out_2,271,320000,13,B_power_scaled_anchor100,0.6666666666666666,0.0018589616360147189,168,169,168,0.06492252570663337,0.3071677326761748
0.5,held_out_2,271,320000,14,B_power_scaled_anchor25,0.3333333333333333,8.631146985853152e-5,70,72,70,1.4278437226751517,1.2972022936396106
0.5,held_out_2,271,320000,14,B_power_scaled_anchor25,0.5,6.850545902517724e-5,53,53,53,1.3645255070835884,1.2972022936396106
0.5,held_out_2,271,320000,14,B_power_scaled_anchor25,0.6666666666666666,5.437281886106537e-5,46,47,46,1.5020383462293208,1.2972022936396106
0.5,held_out_2,271,320000,14,B_power_scaled_anchor100,0.3333333333333333,0.00031551603390327353,261,261,261,1.2631292576379332,1.2972022936396106
0.5,held_out_2,271,320000,14,B_power_scaled_anchor100,0.5,0.00025042524206544525,208,210,208,1.280863888826886,1.2972022936396106
0.5,held_out_2,271,320000,14,B_power_scaled_anchor100,0.6666666666666666,0.0001987626463470394,162,162,162,1.2216264696706112,1.2972022936396106
0.5,held_out_2,271,1280000,1,A_fixed_raw,1.0e-5,1.0e-5,5,8,5,-0.5352563279770184,0.3819730496717949
0.5,held_out_2,271,1280000,1,A_fixed_raw,0.0001,0.0001,53,56,53,-0.30883889476418513,0.3819730496717949
0.5,held_out_2,271,1280000,1,A_fixed_raw,0.001,0.001,555,556,555,-0.3599107563396764,0.3819730496717949
0.5,held_out_2,271,1280000,1,C_fixed_crossing,10,1.7320508075688774e-5,10,12,10,-0.3756781439836067,0.3819730496717949
0.5,held_out_2,271,1280000,1,C_fixed_crossing,25,4.367350514721982e-5,25,25,25,-0.31658622919107743,0.3819730496717949
0.5,held_out_2,271,1280000,1,C_fixed_crossing,50,9.112685710400692e-5,50,52,50,-0.32841725042047876,0.3819730496717949
0.5,held_out_2,271,1280000,1,C_fixed_crossing,100,0.0001806908401170518,100,102,100,-0.368652432168961,0.3819730496717949
0.5,held_out_2,271,1280000,1,D_growing_crossing,10,7.2711654917989e-5,40,42,40,-0.32352220325433473,0.3819730496717949
0.5,held_out_2,271,1280000,1,D_growing_crossing,25,0.0001806908401170518,100,102,100,-0.368652432168961,0.3819730496717949
0.5,held_out_2,271,1280000,1,D_growing_crossing,50,0.00036619621642229225,201,206,201,-0.38255322783203494,0.3819730496717949
0.5,held_out_2,271,1280000,2,A_fixed_raw,1.0e-5,1.0e-5,5,6,5,-0.0038257971846089585,0.07251655396717029
0.5,held_out_2,271,1280000,2,A_fixed_raw,0.0001,0.0001,52,59,52,-0.06780234430764365,0.07251655396717029
0.5,held_out_2,271,1280000,2,A_fixed_raw,0.001,0.001,560,569,560,-0.072678596620801,0.07251655396717029
0.5,held_out_2,271,1280000,2,C_fixed_crossing,10,1.707007045536418e-5,10,13,10,-0.08466162458984171,0.07251655396717029
0.5,held_out_2,271,1280000,2,C_fixed_crossing,25,4.367350514721982e-5,25,28,25,-0.12581339730649221,0.07251655396717029
0.5,held_out_2,271,1280000,2,C_fixed_crossing,50,9.179289117155112e-5,50,54,50,-0.07365440601390386,0.07251655396717029
0.5,held_out_2,271,1280000,2,C_fixed_crossing,100,0.0001767861209252649,100,104,100,-0.07122102620210377,0.07251655396717029
0.5,held_out_2,271,1280000,2,D_growing_crossing,10,7.2711654917989e-5,40,42,40,-0.09211412673459693,0.07251655396717029
0.5,held_out_2,271,1280000,2,D_growing_crossing,25,0.0001767861209252649,100,104,100,-0.07122102620210377,0.07251655396717029
0.5,held_out_2,271,1280000,2,D_growing_crossing,50,0.000353102317940873,200,202,200,-0.06774957954437076,0.07251655396717029
0.5,held_out_2,271,1280000,3,A_fixed_raw,1.0e-5,1.0e-5,3,4,3,-1.8208447552625626,0.2982316007191014
0.5,held_out_2,271,1280000,3,A_fixed_raw,0.0001,0.0001,39,37,37,-1.7145866273310384,0.2982316007191014
0.5,held_out_2,271,1280000,3,A_fixed_raw,0.001,0.001,370,368,368,-1.6471805003600293,0.2982316007191014
0.5,held_out_2,271,1280000,3,C_fixed_crossing,10,2.7007394979858896e-5,11,10,10,-2.0577517725574963,0.2982316007191014
0.5,held_out_2,271,1280000,3,C_fixed_crossing,25,6.37787797419255e-5,25,25,25,-1.8916664643839822,0.2982316007191014
0.5,held_out_2,271,1280000,3,C_fixed_crossing,50,0.0001340501195901282,51,50,50,-1.7268264913762361,0.2982316007191014
0.5,held_out_2,271,1280000,3,C_fixed_crossing,100,0.00027365764062009697,103,101,101,-1.658551557119174,0.2982316007191014
0.5,held_out_2,271,1280000,3,D_growing_crossing,10,0.00010696084938195432,41,40,40,-1.7980311067023977,0.2982316007191014
0.5,held_out_2,271,1280000,3,D_growing_crossing,25,0.00027365764062009697,103,101,101,-1.658551557119174,0.2982316007191014
0.5,held_out_2,271,1280000,3,D_growing_crossing,50,0.0005426219070812366,203,201,201,-1.627895589059568,0.2982316007191014
0.5,held_out_2,271,1280000,4,A_fixed_raw,1.0e-5,1.0e-5,30,29,29,1.384591900518983,1.5901957092207055
0.5,held_out_2,271,1280000,4,A_fixed_raw,0.0001,0.0001,293,291,291,1.555464388319494,1.5901957092207055
0.5,held_out_2,271,1280000,4,A_fixed_raw,0.001,0.001,2909,2931,2909,1.5184187450615338,1.5901957092207055
0.5,held_out_2,271,1280000,4,C_fixed_crossing,10,3.753208456685339e-6,10,10,10,1.7302732513882833,1.5901957092207055
0.5,held_out_2,271,1280000,4,C_fixed_crossing,25,8.546394023474312e-6,26,25,25,1.5710742083609857,1.5901957092207055
0.5,held_out_2,271,1280000,4,C_fixed_crossing,50,1.598716296171024e-5,50,50,50,1.4344534692430653,1.5901957092207055
0.5,held_out_2,271,1280000,4,C_fixed_crossing,100,3.4594975654365845e-5,102,100,100,1.3758294693838793,1.5901957092207055
0.5,held_out_2,271,1280000,4,D_growing_crossing,10,1.3620496874588506e-5,40,40,40,1.2721990207048168,1.5901957092207055
0.5,held_out_2,271,1280000,4,D_growing_crossing,25,3.4594975654365845e-5,102,100,100,1.3758294693838793,1.5901957092207055
0.5,held_out_2,271,1280000,4,D_growing_crossing,50,6.909799269722478e-5,202,201,201,1.6329376240867381,1.5901957092207055
0.5,held_out_2,271,1280000,5,A_fixed_raw,1.0e-5,1.0e-5,20,22,20,-1.685581791402435,0.751197942485476
0.5,held_out_2,271,1280000,5,A_fixed_raw,0.0001,0.0001,199,202,199,-1.5583747128880554,0.751197942485476
0.5,held_out_2,271,1280000,5,A_fixed_raw,0.001,0.001,1988,1997,1988,-1.6154603410015733,0.751197942485476
0.5,held_out_2,271,1280000,5,C_fixed_crossing,10,4.878185750431799e-6,10,11,10,-1.964617788582728,0.751197942485476
0.5,held_out_2,271,1280000,5,C_fixed_crossing,25,1.2571981272255616e-5,25,28,25,-1.7719092708598547,0.751197942485476
0.5,held_out_2,271,1280000,5,C_fixed_crossing,50,2.529407396667172e-5,50,53,50,-1.4687489866445622,0.751197942485476
0.5,held_out_2,271,1280000,5,C_fixed_crossing,100,5.12621125592225e-5,100,102,100,-1.4061419730579994,0.751197942485476
0.5,held_out_2,271,1280000,5,D_growing_crossing,10,2.0036126482795963e-5,40,43,40,-1.5745086006548439,0.751197942485476
0.5,held_out_2,271,1280000,5,D_growing_crossing,25,5.12621125592225e-5,100,102,100,-1.4061419730579994,0.751197942485476
0.5,held_out_2,271,1280000,5,D_growing_crossing,50,0.0001009075328849811,200,206,200,-1.5671241888474832,0.751197942485476
0.5,held_out_2,271,1280000,6,A_fixed_raw,1.0e-5,1.0e-5,22,23,22,-0.9544971081049124,1.1372293674543315
0.5,held_out_2,271,1280000,6,A_fixed_raw,0.0001,0.0001,243,244,243,-1.1671400565743673,1.1372293674543315
0.5,held_out_2,271,1280000,6,A_fixed_raw,0.001,0.001,2442,2443,2442,-1.0846765248040402,1.1372293674543315
0.5,held_out_2,271,1280000,6,C_fixed_crossing,10,3.6721018268080174e-6,10,11,10,-1.7621279508684546,1.1372293674543315
0.5,held_out_2,271,1280000,6,C_fixed_crossing,25,1.094745692412043e-5,25,25,25,-1.022221406344539,1.1372293674543315
0.5,held_out_2,271,1280000,6,C_fixed_crossing,50,2.1083968692027628e-5,50,52,50,-0.9575158497381149,1.1372293674543315
0.5,held_out_2,271,1280000,6,C_fixed_crossing,100,4.001899394931907e-5,100,100,100,-0.9842302919617402,1.1372293674543315
0.5,held_out_2,271,1280000,6,D_growing_crossing,10,1.6823253918289557e-5,40,43,40,-0.9460975971189678,1.1372293674543315
0.5,held_out_2,271,1280000,6,D_growing_crossing,25,4.001899394931907e-5,100,100,100,-0.9842302919617402,1.1372293674543315
0.5,held_out_2,271,1280000,6,D_growing_crossing,50,8.169708089516016e-5,201,204,201,-1.1010917606134738,1.1372293674543315
0.5,held_out_2,271,1280000,7,A_fixed_raw,1.0e-5,1.0e-5,16,16,16,-0.35455713411070006,0.9924333042822502
0.5,held_out_2,271,1280000,7,A_fixed_raw,0.0001,0.0001,163,164,163,-0.4189063490650513,0.9924333042822502
0.5,held_out_2,271,1280000,7,A_fixed_raw,0.001,0.001,1624,1628,1624,-0.3390115452382714,0.9924333042822502
0.5,held_out_2,271,1280000,7,C_fixed_crossing,10,6.480402052576299e-6,10,11,10,-0.4995135337397141,0.9924333042822502
0.5,held_out_2,271,1280000,7,C_fixed_crossing,25,1.48643127089444e-5,25,25,25,-0.33788925921707164,0.9924333042822502
0.5,held_out_2,271,1280000,7,C_fixed_crossing,50,2.9689113854956208e-5,50,50,50,-0.2993100712366579,0.9924333042822502
0.5,held_out_2,271,1280000,7,C_fixed_crossing,100,6.105205188012354e-5,100,100,100,-0.3229618881646594,0.9924333042822502
0.5,held_out_2,271,1280000,7,D_growing_crossing,10,2.386258724884142e-5,40,40,40,-0.29289753968130505,0.9924333042822502
0.5,held_out_2,271,1280000,7,D_growing_crossing,25,6.105205188012354e-5,100,100,100,-0.3229618881646594,0.9924333042822502
0.5,held_out_2,271,1280000,7,D_growing_crossing,50,0.00012463517767544567,201,206,201,-0.4065069450342235,0.9924333042822502
0.5,held_out_2,271,1280000,8,A_fixed_raw,1.0e-5,1.0e-5,12,13,12,-0.5343423699288863,0.36414053330894147
0.5,held_out_2,271,1280000,8,A_fixed_raw,0.0001,0.0001,127,133,127,-0.30507741131419186,0.36414053330894147
0.5,held_out_2,271,1280000,8,A_fixed_raw,0.001,0.001,1289,1298,1289,-0.33890922385587663,0.36414053330894147
0.5,held_out_2,271,1280000,8,C_fixed_crossing,10,8.240804804615392e-6,10,11,10,-0.43041413005750484,0.36414053330894147
0.5,held_out_2,271,1280000,8,C_fixed_crossing,25,2.1238068612448435e-5,25,31,25,-0.3607132065670693,0.36414053330894147
0.5,held_out_2,271,1280000,8,C_fixed_crossing,50,3.775416866356779e-5,50,51,50,-0.35924969362533593,0.36414053330894147
0.5,held_out_2,271,1280000,8,C_fixed_crossing,100,7.763685622951966e-5,100,103,100,-0.3020910760433669,0.36414053330894147
0.5,held_out_2,271,1280000,8,D_growing_crossing,10,3.1700137571326575e-5,40,41,40,-0.30103460604417465,0.36414053330894147
0.5,held_out_2,271,1280000,8,D_growing_crossing,25,7.763685622951966e-5,100,103,100,-0.3020910760433669,0.36414053330894147
0.5,held_out_2,271,1280000,8,D_growing_crossing,50,0.00015620070866180982,201,205,201,-0.33064597290698117,0.36414053330894147
0.5,held_out_2,271,1280000,9,A_fixed_raw,1.0e-5,1.0e-5,42,43,42,1.3194299677526944,1.4440302098093005
0.5,held_out_2,271,1280000,9,A_fixed_raw,0.0001,0.0001,415,410,410,1.3583500704897333,1.4440302098093005
0.5,held_out_2,271,1280000,9,A_fixed_raw,0.001,0.001,4106,4135,4106,1.2999400700742791,1.4440302098093005
0.5,held_out_2,271,1280000,9,C_fixed_crossing,10,2.407025091914343e-6,10,10,10,2.1830429052591556,1.4440302098093005
0.5,held_out_2,271,1280000,9,C_fixed_crossing,25,6.433381324899984e-6,26,25,25,1.402223340501727,1.4440302098093005
0.5,held_out_2,271,1280000,9,C_fixed_crossing,50,1.2211052486156736e-5,50,50,50,1.0968417516337303,1.4440302098093005
0.5,held_out_2,271,1280000,9,C_fixed_crossing,100,2.4212678924269148e-5,102,100,100,1.1666930691679365,1.4440302098093005
0.5,held_out_2,271,1280000,9,D_growing_crossing,10,9.814617801482606e-6,40,42,40,1.324643827592301,1.4440302098093005
0.5,held_out_2,271,1280000,9,D_growing_crossing,25,2.4212678924269148e-5,102,100,100,1.1666930691679365,1.4440302098093005
0.5,held_out_2,271,1280000,9,D_growing_crossing,50,4.8714461020816976e-5,203,201,201,1.3016548742767775,1.4440302098093005
0.5,held_out_2,271,1280000,10,A_fixed_raw,1.0e-5,1.0e-5,5,6,5,0.000546659656430748,0.08745637221810908
0.5,held_out_2,271,1280000,10,A_fixed_raw,0.0001,0.0001,52,56,52,-0.09281643153946639,0.08745637221810908
0.5,held_out_2,271,1280000,10,A_fixed_raw,0.001,0.001,518,526,518,-0.08369450421966129,0.08745637221810908
0.5,held_out_2,271,1280000,10,C_fixed_crossing,10,2.2186610580049015e-5,10,10,10,-0.060928111607528423,0.08745637221810908
0.5,held_out_2,271,1280000,10,C_fixed_crossing,25,4.8010097520616165e-5,25,27,25,-0.13386365805049988,0.08745637221810908
0.5,held_out_2,271,1280000,10,C_fixed_crossing,50,9.659344311254373e-5,51,55,51,-0.09611061655625532,0.08745637221810908
0.5,held_out_2,271,1280000,10,C_fixed_crossing,100,0.00019434022703931545,100,101,100,-0.07170868031722542,0.08745637221810908
0.5,held_out_2,271,1280000,10,D_growing_crossing,10,8.28956712923322e-5,40,44,40,-0.07722856298883676,0.08745637221810908
0.5,held_out_2,271,1280000,10,D_growing_crossing,25,0.00019434022703931545,100,101,100,-0.07170868031722542,0.08745637221810908
0.5,held_out_2,271,1280000,10,D_growing_crossing,50,0.0003881638687334921,201,202,201,-0.07183608533766206,0.08745637221810908
0.5,held_out_2,271,1280000,11,A_fixed_raw,1.0e-5,1.0e-5,14,16,14,-0.14303937321269444,0.760287900075816
0.5,held_out_2,271,1280000,11,A_fixed_raw,0.0001,0.0001,144,148,144,-0.0583410040033705,0.760287900075816
0.5,held_out_2,271,1280000,11,A_fixed_raw,0.001,0.001,1451,1456,1451,-0.047310181650300764,0.760287900075816
0.5,held_out_2,271,1280000,11,C_fixed_crossing,10,5.643018453910898e-6,10,10,10,-0.5699521467472872,0.760287900075816
0.5,held_out_2,271,1280000,11,C_fixed_crossing,25,1.694621284162583e-5,25,26,25,-0.06197439579966314,0.760287900075816
0.5,held_out_2,271,1280000,11,C_fixed_crossing,50,3.33579800796681e-5,50,50,50,0.0019927613439646983,0.760287900075816
0.5,held_out_2,271,1280000,11,C_fixed_crossing,100,6.960302072735584e-5,100,100,100,0.029291038963451,0.760287900075816
0.5,held_out_2,271,1280000,11,D_growing_crossing,10,2.7007394979858896e-5,40,40,40,0.03644895139378552,0.760287900075816
0.5,held_out_2,271,1280000,11,D_growing_crossing,25,6.960302072735584e-5,100,100,100,0.029291038963451,0.760287900075816
0.5,held_out_2,271,1280000,11,D_growing_crossing,50,0.00014003711240540635,201,206,201,-0.09406702592307482,0.760287900075816
0.5,held_out_2,271,1280000,12,A_fixed_raw,1.0e-5,1.0e-5,23,23,23,-0.941487911362837,0.8440821262399694
0.5,held_out_2,271,1280000,12,A_fixed_raw,0.0001,0.0001,223,227,223,-0.8248676305913638,0.8440821262399694
0.5,held_out_2,271,1280000,12,A_fixed_raw,0.001,0.001,2243,2254,2243,-0.8039874849308792,0.8440821262399694
0.5,held_out_2,271,1280000,12,C_fixed_crossing,10,4.949754361354291e-6,10,12,10,-1.310671304805495,0.8440821262399694
0.5,held_out_2,271,1280000,12,C_fixed_crossing,25,1.094745692412043e-5,26,25,25,-0.860441096390848,0.8440821262399694
0.5,held_out_2,271,1280000,12,C_fixed_crossing,50,2.1865813872905368e-5,50,51,50,-0.7244966586410465,0.8440821262399694
0.5,held_out_2,271,1280000,12,C_fixed_crossing,100,4.399270898241756e-5,100,101,100,-0.6974703546146406,0.8440821262399694
0.5,held_out_2,271,1280000,12,D_growing_crossing,10,1.707007045536418e-5,40,40,40,-0.8114060384438136,0.8440821262399694
0.5,held_out_2,271,1280000,12,D_growing_crossing,25,4.399270898241756e-5,100,101,100,-0.6974703546146406,0.8440821262399694
0.5,held_out_2,271,1280000,12,D_growing_crossing,50,8.915761069621596e-5,200,201,200,-0.8005896713384311,0.8440821262399694
0.5,held_out_2,271,1280000,13,A_fixed_raw,1.0e-5,1.0e-5,4,4,4,0.035254071120705,0.3071677326761748
0.5,held_out_2,271,1280000,13,A_fixed_raw,0.0001,0.0001,36,38,36,0.03959480703141782,0.3071677326761748
0.5,held_out_2,271,1280000,13,A_fixed_raw,0.001,0.001,358,364,358,0.07062449970898776,0.3071677326761748
0.5,held_out_2,271,1280000,13,C_fixed_crossing,10,2.720478843447654e-5,10,11,10,0.014436103422036915,0.3071677326761748
0.5,held_out_2,271,1280000,13,C_fixed_crossing,25,7.114036002423051e-5,25,28,25,0.00015300086947436952,0.3071677326761748
0.5,held_out_2,271,1280000,13,C_fixed_crossing,50,0.00014106062501789628,50,51,50,0.04125326555371285,0.3071677326761748
0.5,held_out_2,271,1280000,13,C_fixed_crossing,100,0.00027970198525369036,100,102,100,0.0757774358622709,0.3071677326761748
0.5,held_out_2,271,1280000,13,D_growing_crossing,10,0.00011012234996278464,40,42,40,0.023351482773611168,0.3071677326761748
0.5,held_out_2,271,1280000,13,D_growing_crossing,25,0.00027970198525369036,100,102,100,0.0757774358622709,0.3071677326761748
0.5,held_out_2,271,1280000,13,D_growing_crossing,50,0.0005546069326215605,201,204,201,0.07779591287587778,0.3071677326761748
0.5,held_out_2,271,1280000,14,A_fixed_raw,1.0e-5,1.0e-5,36,31,31,1.203876082733757,1.2972022936396106
0.5,held_out_2,271,1280000,14,A_fixed_raw,0.0001,0.0001,331,326,326,1.3417049588754226,1.2972022936396106
0.5,held_out_2,271,1280000,14,A_fixed_raw,0.001,0.001,3279,3291,3279,1.2302030512436057,1.2972022936396106
0.5,held_out_2,271,1280000,14,C_fixed_crossing,10,3.2209715741728885e-6,12,10,10,2.0112732746578534,1.2972022936396106
0.5,held_out_2,271,1280000,14,C_fixed_crossing,25,8.361706915138246e-6,31,25,25,1.1442933159943953,1.2972022936396106
0.5,held_out_2,271,1280000,14,C_fixed_crossing,50,1.6459704319425027e-5,60,50,50,1.05100569285095,1.2972022936396106
0.5,held_out_2,271,1280000,14,C_fixed_crossing,100,3.07900588872264e-5,104,100,100,1.0619063718302308,1.2972022936396106
0.5,held_out_2,271,1280000,14,D_growing_crossing,10,1.2480761051201667e-5,45,40,40,1.1075978972355949,1.2972022936396106
0.5,held_out_2,271,1280000,14,D_growing_crossing,25,3.07900588872264e-5,104,100,100,1.0619063718302308,1.2972022936396106
0.5,held_out_2,271,1280000,14,D_growing_crossing,50,6.149827319991763e-5,204,201,201,1.2467820028634158,1.2972022936396106
0.5,held_out_2,271,1280000,1,B_power_scaled_anchor25,0.3333333333333333,0.0003190857917980162,175,180,175,-0.38692871495439624,0.3819730496717949
0.5,held_out_2,271,1280000,1,B_power_scaled_anchor25,0.5,0.00020101145290434672,109,115,109,-0.3689683402269827,0.3819730496717949
0.5,held_out_2,271,1280000,1,B_power_scaled_anchor25,0.6666666666666666,0.0001266292803920692,67,70,67,-0.3138433825109206,0.3819730496717949
0.5,held_out_2,271,1280000,1,B_power_scaled_anchor100,0.3333333333333333,0.0011412279970374128,633,635,633,-0.35973953934233943,0.3819730496717949
0.5,held_out_2,271,1280000,1,B_power_scaled_anchor100,0.5,0.0007189285880984001,396,402,396,-0.3522437102325024,0.3819730496717949
0.5,held_out_2,271,1280000,1,B_power_scaled_anchor100,0.6666666666666666,0.0004528966307581876,252,255,252,-0.371661548153235,0.3819730496717949
0.5,held_out_2,271,1280000,2,B_power_scaled_anchor25,0.3333333333333333,0.00029026383386351683,160,164,160,-0.062473844757304116,0.07251655396717029
0.5,held_out_2,271,1280000,2,B_power_scaled_anchor25,0.5,0.00018285475715391656,104,106,104,-0.06893288411300465,0.07251655396717029
0.5,held_out_2,271,1280000,2,B_power_scaled_anchor25,0.6666666666666666,0.00011519127880581732,61,64,61,-0.07197905325133827,0.07251655396717029
0.5,held_out_2,271,1280000,2,B_power_scaled_anchor100,0.3333333333333333,0.0011664345847430184,653,663,653,-0.07346154590623309,0.07251655396717029
0.5,held_out_2,271,1280000,2,B_power_scaled_anchor100,0.5,0.000734807743321557,409,414,409,-0.06489122793491035,0.07251655396717029
0.5,held_out_2,271,1280000,2,B_power_scaled_anchor100,0.6666666666666666,0.00046289987171828926,258,262,258,-0.0622750958995538,0.07251655396717029
0.5,held_out_2,271,1280000,3,B_power_scaled_anchor25,0.3333333333333333,0.00048678990630633413,181,181,181,-1.6257715331780365,0.2982316007191014
0.5,held_out_2,271,1280000,3,B_power_scaled_anchor25,0.5,0.0003066584249158517,114,110,110,-1.631561131235511,0.2982316007191014
0.5,held_out_2,271,1280000,3,B_power_scaled_anchor25,0.6666666666666666,0.00019318270233954402,71,71,71,-1.6609945733555176,0.2982316007191014
0.5,held_out_2,271,1280000,3,B_power_scaled_anchor100,0.3333333333333333,0.0018454733172131074,681,685,681,-1.6221022758007186,0.2982316007191014
0.5,held_out_2,271,1280000,3,B_power_scaled_anchor100,0.5,0.0011625753396880562,428,429,428,-1.6325846456824107,0.2982316007191014
0.5,held_out_2,271,1280000,3,B_power_scaled_anchor100,0.6666666666666666,0.0007323765712808323,270,268,268,-1.6465620173233813,0.2982316007191014
0.5,held_out_2,271,1280000,4,B_power_scaled_anchor25,0.3333333333333333,5.7634576154981056e-5,170,167,167,1.5187151643620658,1.5901957092207055
0.5,held_out_2,271,1280000,4,B_power_scaled_anchor25,0.5,3.6307507849714874e-5,107,106,106,1.4281612839316147,1.5901957092207055
0.5,held_out_2,271,1280000,4,B_power_scaled_anchor25,0.6666666666666666,2.2872296704539556e-5,68,66,66,1.3395851534208114,1.5901957092207055
0.5,held_out_2,271,1280000,4,B_power_scaled_anchor100,0.3333333333333333,0.0002184989274941347,637,638,637,1.489929541766376,1.5901957092207055
0.5,held_out_2,271,1280000,4,B_power_scaled_anchor100,0.5,0.00013764569906465698,399,400,399,1.4678965286077772,1.5901957092207055
0.5,held_out_2,271,1280000,4,B_power_scaled_anchor100,0.6666666666666666,8.67113568395282e-5,254,253,253,1.601101088739096,1.5901957092207055
0.5,held_out_2,271,1280000,5,B_power_scaled_anchor25,0.3333333333333333,0.00010471791015118319,209,213,209,-1.5846512741116106,0.751197942485476
0.5,held_out_2,271,1280000,5,B_power_scaled_anchor25,0.5,6.596814965023786e-5,129,132,129,-1.4782344775264478,0.751197942485476
0.5,held_out_2,271,1280000,5,B_power_scaled_anchor25,0.6666666666666666,4.15573301834749e-5,82,84,82,-1.5032699974159822,0.751197942485476
0.5,held_out_2,271,1280000,5,B_power_scaled_anchor100,0.3333333333333333,0.00033333691181785055,660,668,660,-1.5696932320293686,0.751197942485476
0.5,held_out_2,271,1280000,5,B_power_scaled_anchor100,0.5,0.0002099890959531305,417,421,417,-1.6383044156739974,0.751197942485476
0.5,held_out_2,271,1280000,5,B_power_scaled_anchor100,0.6666666666666666,0.00013228484111987173,262,267,262,-1.6356613773723214,0.751197942485476
0.5,held_out_2,271,1280000,6,B_power_scaled_anchor25,0.3333333333333333,7.712397021048702e-5,189,194,189,-1.0977368143984692,1.1372293674543315
0.5,held_out_2,271,1280000,6,B_power_scaled_anchor25,0.5,4.858505675982886e-5,118,122,118,-0.9757495830556044,1.1372293674543315
0.5,held_out_2,271,1280000,6,B_power_scaled_anchor25,0.6666666666666666,3.060666786102279e-5,76,80,76,-0.9750222058342428,1.1372293674543315
0.5,held_out_2,271,1280000,6,B_power_scaled_anchor100,0.3333333333333333,0.00026212939861577764,639,644,639,-1.056438897907449,1.1372293674543315
0.5,held_out_2,271,1280000,6,B_power_scaled_anchor100,0.5,0.00016513117355615111,403,408,403,-1.0816828615575094,1.1372293674543315
0.5,held_out_2,271,1280000,6,B_power_scaled_anchor100,0.6666666666666666,0.00010402612077861921,252,256,252,-1.158461073615805,1.1372293674543315
0.5,held_out_2,271,1280000,7,B_power_scaled_anchor25,0.3333333333333333,0.00010860110664986935,175,178,175,-0.41108676529302807,0.9924333042822502
0.5,held_out_2,271,1280000,7,B_power_scaled_anchor25,0.5,6.841441015502424e-5,112,112,112,-0.3627024364071558,0.9924333042822502
0.5,held_out_2,271,1280000,7,B_power_scaled_anchor25,0.6666666666666666,4.309837773522831e-5,70,70,70,-0.20902113492678207,0.9924333042822502
0.5,held_out_2,271,1280000,7,B_power_scaled_anchor100,0.3333333333333333,0.00040576552269441763,661,661,661,-0.337748570801998,0.9924333042822502
0.5,held_out_2,271,1280000,7,B_power_scaled_anchor100,0.5,0.0002556162616821463,414,416,414,-0.2820751897582945,0.9924333042822502
0.5,held_out_2,271,1280000,7,B_power_scaled_anchor100,0.6666666666666666,0.0001610281543943862,262,264,262,-0.3735625169269598,0.9924333042822502
0.5,held_out_2,271,1280000,8,B_power_scaled_anchor25,0.3333333333333333,0.0001453250647938803,186,190,186,-0.3127804080197813,0.36414053330894147
0.5,held_out_2,271,1280000,8,B_power_scaled_anchor25,0.5,9.154905410557306e-5,117,119,117,-0.299645663138869,0.36414053330894147
0.5,held_out_2,271,1280000,8,B_power_scaled_anchor25,0.6666666666666666,5.767229018278808e-5,73,77,73,-0.29901397827814874,0.36414053330894147
0.5,held_out_2,271,1280000,8,B_power_scaled_anchor100,0.3333333333333333,0.00048325783909286394,623,629,623,-0.3517876668403763,0.36414053330894147
0.5,held_out_2,271,1280000,8,B_power_scaled_anchor100,0.5,0.0003044333619999044,390,398,390,-0.3693123348923773,0.36414053330894147
0.5,held_out_2,271,1280000,8,B_power_scaled_anchor100,0.6666666666666666,0.00019178100053697278,247,250,247,-0.3475104050897098,0.36414053330894147
0.5,held_out_2,271,1280000,9,B_power_scaled_anchor25,0.3333333333333333,4.004518096328367e-5,168,163,163,1.2220463190348911,1.4440302098093005
0.5,held_out_2,271,1280000,9,B_power_scaled_anchor25,0.5,2.5226883221245274e-5,105,104,104,1.1444518174457374,1.4440302098093005
0.5,held_out_2,271,1280000,9,B_power_scaled_anchor25,0.6666666666666666,1.5891940596843354e-5,65,67,65,1.1136027962529604,1.4440302098093005
0.5,held_out_2,271,1280000,9,B_power_scaled_anchor100,0.3333333333333333,0.00015859606499187313,652,652,652,1.2432694325053,1.4440302098093005
0.5,held_out_2,271,1280000,9,B_power_scaled_anchor100,0.5,9.990926035687816e-5,415,410,410,1.359583751934181,1.4440302098093005
0.5,held_out_2,271,1280000,9,B_power_scaled_anchor100,0.6666666666666666,6.293889010152908e-5,262,259,259,1.2916353149121234,1.4440302098093005
0.5,held_out_2,271,1280000,10,B_power_scaled_anchor25,0.3333333333333333,0.0003010275275022339,158,160,158,-0.07498146813783378,0.08745637221810908
0.5,held_out_2,271,1280000,10,B_power_scaled_anchor25,0.5,0.00018963545924893614,99,98,98,-0.07176134530815571,0.08745637221810908
0.5,held_out_2,271,1280000,10,B_power_scaled_anchor25,0.6666666666666666,0.00011946285345710803,63,65,63,-0.07890272496282025,0.08745637221810908
0.5,held_out_2,271,1280000,10,B_power_scaled_anchor100,0.3333333333333333,0.001254547058825012,645,658,645,-0.08867305428419839,0.08745637221810908
0.5,held_out_2,271,1280000,10,B_power_scaled_anchor100,0.5,0.0007903151237486671,408,415,408,-0.08312930830393865,0.08745637221810908
0.5,held_out_2,271,1280000,10,B_power_scaled_anchor100,0.6666666666666666,0.0004978673302306086,258,259,258,-0.07006581384333439,0.08745637221810908
0.5,held_out_2,271,1280000,11,B_power_scaled_anchor25,0.3333333333333333,0.00012654647285682559,182,186,182,-0.04926929715947521,0.760287900075816
0.5,held_out_2,271,1280000,11,B_power_scaled_anchor25,0.5,7.971928247113237e-5,115,116,115,-0.02826589123232718,0.760287900075816
0.5,held_out_2,271,1280000,11,B_power_scaled_anchor25,0.6666666666666666,5.022000103394753e-5,73,74,73,0.062176584301231325,0.760287900075816
0.5,held_out_2,271,1280000,11,B_power_scaled_anchor100,0.3333333333333333,0.00044281979368100823,643,645,643,-0.038087930538435004,0.760287900075816
0.5,held_out_2,271,1280000,11,B_power_scaled_anchor100,0.5,0.0002789589896844035,401,406,401,-0.027089496381414106,0.760287900075816
0.5,held_out_2,271,1280000,11,B_power_scaled_anchor100,0.6666666666666666,0.00017573315158039339,254,258,254,-0.09435810093579772,0.760287900075816
0.5,held_out_2,271,1280000,12,B_power_scaled_anchor25,0.3333333333333333,8.921595228269632e-5,200,201,200,-0.8000661363612145,0.8440821262399694
0.5,held_out_2,271,1280000,12,B_power_scaled_anchor25,0.5,5.620252813369283e-5,125,126,125,-0.7087781452491595,0.8440821262399694
0.5,held_out_2,271,1280000,12,B_power_scaled_anchor25,0.6666666666666666,3.540537412647421e-5,81,81,81,-0.7277978983825449,0.8440821262399694
0.5,held_out_2,271,1280000,12,B_power_scaled_anchor100,0.3333333333333333,0.0002966749636334135,665,668,665,-0.7549338824819037,0.8440821262399694
0.5,held_out_2,271,1280000,12,B_power_scaled_anchor100,0.5,0.0001868935158292668,422,422,422,-0.8331680238585367,0.8440821262399694
0.5,held_out_2,271,1280000,12,B_power_scaled_anchor100,0.6666666666666666,0.00011773553734107696,265,267,265,-0.8639881662312062,0.8440821262399694
0.5,held_out_2,271,1280000,13,B_power_scaled_anchor25,0.3333333333333333,0.0004460563046037741,161,164,161,0.08739790806261218,0.3071677326761748
0.5,held_out_2,271,1280000,13,B_power_scaled_anchor25,0.5,0.00028099786380430717,100,102,100,0.07542797287196487,0.3071677326761748
0.5,held_out_2,271,1280000,13,B_power_scaled_anchor25,0.6666666666666666,0.00017701756179126964,63,64,63,0.03159250648887963,0.3071677326761748
0.5,held_out_2,271,1280000,13,B_power_scaled_anchor100,0.3333333333333333,0.0018589616360147189,667,676,667,0.07442562923332686,0.3071677326761748
0.5,held_out_2,271,1280000,13,B_power_scaled_anchor100,0.5,0.0011710724480809777,418,425,418,0.0691371245705641,0.3071677326761748
0.5,held_out_2,271,1280000,13,B_power_scaled_anchor100,0.6666666666666666,0.0007377294141445724,263,266,263,0.06385136023512412,0.3071677326761748
0.5,held_out_2,271,1280000,14,B_power_scaled_anchor25,0.3333333333333333,5.437281886106537e-5,182,175,175,1.2539189644573645,1.2972022936396106
0.5,held_out_2,271,1280000,14,B_power_scaled_anchor25,0.5,3.425272951258862e-5,114,111,111,1.1000073085246589,1.2972022936396106
0.5,held_out_2,271,1280000,14,B_power_scaled_anchor25,0.6666666666666666,2.157786746463288e-5,74,68,68,1.0902745772760913,1.2972022936396106
0.5,held_out_2,271,1280000,14,B_power_scaled_anchor100,0.3333333333333333,0.0001987626463470394,653,648,648,1.1593338150917376,1.2972022936396106
0.5,held_out_2,271,1280000,14,B_power_scaled_anchor100,0.5,0.00012521262103272262,413,412,412,1.2679228778484388,1.2972022936396106
0.5,held_out_2,271,1280000,14,B_power_scaled_anchor100,0.6666666666666666,7.887900847581838e-5,264,254,254,1.3047594047343747,1.2972022936396106
