idx,kind,gamma_focal_prime,Delta,feasible,inner_status,gravity_value
1,F,0.9609650007465946,0.0010029938006052336,true,0,NaN
2,F,0.8533077873854227,NaN,false,-300,NaN
3,F,0.9071363940660087,1.296995291703988,false,0,NaN
4,F,0.9340506974063016,0.20164056677800116,true,0,NaN
5,F,0.9065168997022529,1.5696348606599806,false,0,NaN
6,F,0.9244757383829236,0.48702196096451644,true,0,NaN
7,F,0.9212003695930081,0.5912619857575779,true,0,NaN
8,F,0.9090248470095846,1.186846813271428,false,0,NaN
9,F,0.9118790589961908,0.9972146083657043,true,0,NaN
10,F,0.9114569874035723,1.0032447667393174,false,0,NaN
11,F,0.9115178600087915,0.9995817888691576,true,0,NaN
12,F,0.9110769483308121,1.00514501230028,false,0,NaN
13,F,0.9107319926938687,1.0042950697547441,false,0,NaN
14,F,0.9112974041698018,1.0025962265144333,false,0,NaN
15,F,0.9114076320892966,1.001938950688046,false,0,NaN
16,F,0.9114627460490441,1.001274767216024,false,0,NaN
17,F,0.9110777092649753,1.0050915567120082,false,0,NaN
18,F,0.9111399614952497,0.999985753433268,true,0,NaN
19,F,0.8733138305326851,NaN,false,-300,NaN
20,F,0.8922271930372913,2.0536140381045866,false,0,NaN
21,F,0.9049551816573532,1.3007310379849377,false,0,NaN
22,F,0.9016838742913538,1.22205415953826,false,0,NaN
23,F,0.9043669629691761,1.0087837619079936,false,0,NaN
24,F,0.9064122149219035,1.090549930613917,false,0,NaN
25,F,0.9075067868226182,1.000177432181034,false,0,NaN
26,F,0.8530404963158028,NaN,false,-300,NaN
27,F,0.8802736415692105,NaN,false,-300,NaN
28,F,0.8938902141959144,4.173717357287318,false,0,NaN
29,F,0.9006985005092663,1.346541873379312,false,0,NaN
30,F,0.9057683726200174,1.0433903319999258,false,0,NaN
31,F,0.8956205689104104,1.272764640458667,false,0,NaN
32,F,0.8888027138092929,NaN,false,-300,NaN
33,F,0.8922116413598516,NaN,false,-300,NaN
34,F,0.893916105135131,3.1310342314896404,false,0,NaN
35,F,0.8947683370227707,1.4501252182485698,false,0,NaN
36,F,0.891565642435803,NaN,false,-300,NaN
37,F,0.8962289440711126,NaN,false,-300,NaN
38,F,0.8985767597789246,2.304925654394368,false,0,NaN
39,F,0.8997851069803056,1.219346237616714,false,0,NaN
40,F,0.8961722349440242,1.523331389847728,false,0,NaN
41,F,0.9035649479943455,1.9609183881491372,false,0,NaN
42,F,0.8979786709621649,1.2573863176902793,false,0,NaN
43,F,0.8997905531980998,1.5084673341265402,false,0,NaN
44,F,0.8988846120801323,1.3223590153951659,false,0,NaN
45,F,0.8984316415211486,1.277889546974086,false,0,NaN
46,F,0.8982051562416568,1.263882309030765,false,0,NaN
47,F,0.9011371497976636,1.219890748362153,false,0,NaN
48,F,0.9052695613982769,1.1385597441113489,false,0,NaN
49,F,0.9099832088138373,1.0478439696262978,false,0,NaN
50,F,0.8530528784257589,NaN,false,-300,NaN
51,F,0.8816982469484411,NaN,false,-300,NaN
52,F,0.8960335685495662,1.5274396260734697,false,0,NaN
53,F,0.8996163089784128,NaN,false,-300,NaN
54,F,0.903228807345725,1.134483280944594,false,0,NaN
55,F,0.8862971367134187,2.8349045571160123,false,0,NaN
56,F,0.9101468969115633,1.2831163311627372,false,0,NaN
57,F,0.8947629720295718,1.4644278480197128,false,0,NaN
58,F,0.8989958896876484,1.2323152929440746,false,0,NaN
59,F,0.9011123485166866,1.1690585192100924,false,0,NaN
60,F,0.9014862165156,1.0562033922815899,false,0,NaN
61,F,0.9020011543216633,1.0176519208789245,false,0,NaN
62,F,0.9022779421093772,1.0038172557500566,false,0,NaN
63,F,0.9020527386139467,0.9904757359133602,true,0,NaN
64,F,0.8976837365565885,0.9890814256850927,true,0,NaN
65,F,0.8945325015571973,1.168648618853887,false,0,NaN
66,F,0.897587309820734,0.9521764888561535,true,0,NaN
67,F,0.8949235337245613,1.0730653906949827,false,0,NaN
68,F,0.886967147550923,NaN,false,-300,NaN
69,F,0.8962554217726476,1.0083150629965252,false,0,NaN
70,F,0.8969213657966908,0.9769095822409317,true,0,NaN
71,F,0.8529875692106732,NaN,false,-300,NaN
72,F,0.874954467503682,NaN,false,-300,NaN
73,F,0.8859379166501864,20.427973508708554,false,0,NaN
74,F,0.8914296412234386,1.5701526190785648,false,0,NaN
75,F,0.8921061217427476,1.429542380271728,false,0,NaN
76,F,0.8953984628607031,NaN,false,-300,NaN
77,F,0.8945629158906862,1.1404955310242058,false,0,NaN
78,F,0.8958277871505479,1.1605040379226532,false,0,NaN
79,F,0.8957918147693281,1.0397359943576552,false,0,NaN
80,F,0.8963435598807857,1.0100099579764352,false,0,NaN
81,F,0.8964072714200289,1.0022904783941151,false,0,NaN
82,F,0.896691282572571,0.9796731377328882,true,0,NaN
83,F,0.8963640642199663,1.0925197651803824,false,0,NaN
84,F,0.8967676075482731,0.9933425774609618,true,0,NaN
85,F,0.8961634037153919,1.003295085826673,false,0,NaN
86,F,0.89627334964606,1.0008023292152082,false,0,NaN
87,F,0.8958596249206976,1.009847350584561,false,0,NaN
88,F,0.8960748271677131,1.003549040146625,false,0,NaN
89,F,0.8960664872833788,1.0027246259034923,false,0,NaN
90,F,0.8957643864631534,1.0131330322925323,false,0,NaN
91,F,0.8959616164350857,1.0104181194372857,false,0,NaN
92,F,0.8959154368732661,1.0083673580457095,false,0,NaN
93,F,0.8959909620783224,1.0073831910007178,false,0,NaN
94,F,0.8960287246808506,1.005549770713108,false,0,NaN
95,F,0.8958332551376414,1.0113855182189104,false,0,NaN
96,F,0.8960364534360652,1.0031912907806062,false,0,NaN
97,F,0.8959660744191302,1.0061813181218657,false,0,NaN
98,F,0.8960765432579526,1.0015332071966359,false,0,NaN
99,F,0.8952822829685801,1.3090586547526928,false,0,NaN
100,F,0.8956794131132664,1.1010906856316764,false,0,NaN
101,F,0.8958779781856095,1.039498121029529,false,0,NaN
102,F,0.8959772607217811,1.0161849144276573,false,0,NaN
103,F,0.8956317486527079,1.1248614996141284,false,0,NaN
104,F,0.8984863725878741,1.0428146104116565,false,0,NaN
105,F,0.895864435697932,1.0466537883958127,false,0,NaN
106,F,0.8969311479270877,1.0111355309513645,false,0,NaN
107,F,0.8959807799357178,1.0189522122000148,false,0,NaN
108,F,0.8964142185100636,1.0019336706179673,false,0,NaN
109,F,0.8960389534850354,1.0080027700219767,false,0,NaN
110,F,0.8962220866391046,1.0009996724331955,false,0,NaN
111,F,0.8957373991197447,1.0123939400171025,false,0,NaN
112,F,0.8958153370748329,1.0087359297731406,false,0,NaN
113,F,0.8959797428794246,1.0058140416949155,false,0,NaN
114,F,0.8961009147592647,1.0036517432446328,false,0,NaN
115,F,0.8961615006991847,1.0031037650499257,false,0,NaN
116,F,0.8960843938498018,1.0033080738580713,false,0,NaN
117,F,0.8961663087372954,0.999798437583675,true,0,NaN
118,F,0.8960952469170236,1.0023184183044684,false,0,NaN
119,F,0.8961057407350967,1.0028200105789782,false,0,NaN
120,F,0.8961307778271596,1.0024020493525596,false,0,NaN
121,F,0.8961485432822275,1.0015473094579357,false,0,NaN
122,F,0.8961574260097614,1.0005641358988129,false,0,NaN
123,F,0.8960421772536978,1.0046944477898292,false,0,NaN
124,F,0.8961655447960135,0.9997159748940361,true,0,NaN
125,F,0.8961400776258795,1.0000002932363747,true,0,NaN
126,F,0.8960978060375313,1.0017132288707102,false,0,NaN
127,F,0.8960301157225576,1.004367893543045,false,0,NaN
128,F,0.8957970319322835,1.0227390499338835,false,0,NaN
129,F,0.8957418946401733,1.0360273122797568,false,0,NaN
130,F,0.8951170271178629,1.0837735023762627,false,0,NaN
131,F,0.8976236051648331,1.0128966407422801,false,0,NaN
132,F,0.8980594506222485,1.001520195472803,false,0,NaN
133,F,0.8980420711988443,1.0044906652639123,false,0,NaN
134,F,0.8981800272134803,1.0018665713027193,false,0,NaN
135,F,0.8981859397308872,1.0026707287762577,false,0,NaN
136,F,0.8981829834721838,1.0026898245457996,false,0,NaN
137,F,0.898181505342832,1.002007265156308,false,0,NaN
138,F,0.8981807662781562,1.0016348181335384,false,0,NaN
139,F,0.8981084733121749,1.006447627592724,false,0,NaN
140,F,0.8983139073530523,1.0018554246262001,false,0,NaN
141,F,0.8983740967256635,0.999999365518853,true,0,NaN
142,F,0.8983321721551418,1.0009408479184834,false,0,NaN
143,F,0.89836415522265,0.9997400655283588,true,0,NaN
144,F,0.8983539505855788,0.9999956883637666,true,0,NaN
145,F,0.8983536888881762,0.9999997774388649,true,0,NaN
146,F,0.8983534423183274,0.9999997427610855,true,0,NaN
147,F,0.8983528234190884,0.9999997527852411,true,0,NaN
148,F,0.8983512843722908,0.9999998132841458,true,0,NaN
149,F,0.8983474863625047,1.0000001707212955,true,0,NaN
150,F,0.8983382796946132,1.0017685991592407,false,0,NaN
151,F,0.8983428830285589,1.001174626822998,false,0,NaN
152,F,0.8983451846955318,1.0006369526313952,false,0,NaN
153,F,0.8983463355290183,1.0002188922263706,false,0,NaN
154,F,0.8983394064810394,1.001768827643363,false,0,NaN
155,F,0.8983434540624841,1.0011745250883817,false,0,NaN
156,F,0.8983454778550611,1.0006366642998796,false,0,NaN
157,F,0.8983464897550588,1.0000066121166304,false,0,NaN
158,F,0.8983289710312468,1.0001641822424123,false,0,NaN
159,F,0.8983125821134907,1.0018505922714778,false,0,NaN
160,F,0.8982583599526772,1.003631415689497,false,0,NaN
161,F,0.8982885753283203,1.0044455591128383,false,0,NaN
162,F,0.8982734676404988,1.004203282755647,false,0,NaN
163,F,0.8982659137965879,1.0040404842706012,false,0,NaN
164,F,0.8982621368746326,1.0034558494641146,false,0,NaN
165,F,0.8983594264450027,1.0021301147108268,false,0,NaN
166,F,0.8978138262143386,1.015992473561211,false,0,NaN
167,F,0.8967083286074664,1.1610332064461462,false,0,NaN
168,F,0.9023114715683856,1.0468957472304943,false,0,NaN
169,F,0.8977209495054767,1.0220871710185386,false,0,NaN
170,F,0.8977673878599076,1.020335464191453,false,0,NaN
171,F,0.8977906070371231,1.0181260941049266,false,0,NaN
172,F,0.8982694664174352,1.0069520841184891,false,0,NaN
173,F,0.8984831810682751,1.0034979167491576,false,0,NaN
174,F,0.8914462087974097,NaN,false,-300,NaN
175,F,0.8949646949328424,2.177892103639839,false,0,NaN
176,F,0.8967239380005587,1.2929027409324498,false,0,NaN
177,F,0.8976035595344168,1.1006111833034504,false,0,NaN
178,F,0.8982960116022732,1.0223588927214537,false,0,NaN
179,F,0.8991057636442186,1.0052011538941197,false,0,NaN
180,F,0.8984553971980084,1.01380557821148,false,0,NaN
181,F,0.89895538499103,1.0010963316182293,false,0,NaN
182,F,0.8986346572965612,1.0342955147894848,false,0,NaN
183,F,0.8999150772744015,1.0174816520241379,false,0,NaN
184,F,0.8988092088182471,1.0158951144339459,false,0,NaN
185,F,0.8994026564788501,1.007488329532097,false,0,NaN
186,F,0.8989021648622991,1.004274266734333,false,0,NaN
187,F,0.8989523351138714,1.0017623381507346,false,0,NaN
188,F,0.89897704554973,1.0000767759591522,false,0,NaN
189,F,0.8989754206932594,1.000003283794949,false,0,NaN
190,F,0.8989668248092805,1.0016486114620469,false,0,NaN
191,F,0.8990268486430895,1.00063486572348,false,0,NaN
192,F,0.8989711227512699,1.001098425066351,false,0,NaN
193,F,0.8989732717222647,1.0010993497850251,false,0,NaN
194,F,0.8989743462077621,1.0005196507194505,false,0,NaN
195,F,0.8989668180270434,1.001648613561197,false,0,NaN
196,F,0.8990314437782733,1.0004459568796815,false,0,NaN
197,F,0.8989613853356216,1.002102598886165,false,0,NaN
198,F,0.899043804758059,1.0000080110142866,false,0,NaN
199,F,0.8989654256436314,1.0016565066816552,false,0,NaN
200,F,0.8990303607982715,1.000450638043013,false,0,NaN
201,F,0.8989704794146491,1.0010985559268404,false,0,NaN
202,F,0.8989730193176629,1.0010970931762473,false,0,NaN
203,F,0.8989742894298776,1.0005168784195915,false,0,NaN
204,F,0.8989749248077568,1.0005161750466323,false,0,NaN
205,F,0.8989754036271033,0.9999998385900563,true,0,NaN
206,F,0.8823916713244944,NaN,false,-300,NaN
207,F,0.8989749301879844,0.9999998399388657,true,0,NaN
208,F,0.8904501569402292,NaN,false,-300,NaN
209,F,0.8947125435641068,NaN,false,-300,NaN
210,F,0.8968437368760456,1.5969473770164297,false,0,NaN
211,F,0.897909333532015,1.198466897275237,false,0,NaN
212,F,0.8989731010273124,1.0010972064880421,false,0,NaN
213,F,0.8989739428595874,1.0008638249346569,false,0,NaN
214,F,0.8989744381561814,1.0005146513416636,false,0,NaN
215,F,0.8989746858048394,1.000281625468058,false,0,NaN
216,F,0.8989748096298904,1.0000053154794148,false,0,NaN
217,F,0.8989750300210508,1.0000021728236228,false,0,NaN
218,F,0.8989748715438598,1.0000001970879815,true,0,NaN
219,F,0.8904818355560384,NaN,false,-300,NaN
220,F,0.8989748169624715,1.000000197125281,true,0,NaN
221,F,0.8983840543417116,1.075784873179376,false,0,NaN
222,F,0.9016495859672944,0.9735992351147592,true,0,NaN
223,F,0.8949978142815693,NaN,false,-300,NaN
224,F,0.8983237001244319,1.6830334690059288,false,0,NaN
225,F,0.8999866430458632,1.2298511223588986,false,0,NaN
226,F,0.9008181145065788,1.0642062953208313,false,0,NaN
227,F,0.9001045945117834,1.1995057213236093,false,0,NaN
228,F,0.9091147203096337,1.7660968031022461,false,0,NaN
229,F,0.9008727371674826,1.0561301127478315,false,0,NaN
230,F,0.9041327955568635,1.0501846015675107,false,0,NaN
231,F,0.9012568111180914,1.0138961300998137,false,0,NaN
232,F,0.9028472348396943,0.9945617667543587,true,0,NaN
233,F,0.9014488533392275,0.9905468887927115,true,0,NaN
234,F,0.896902431712617,NaN,false,-300,NaN
235,F,0.8991752005786228,1.6266491325403005,false,0,NaN
236,F,0.9003115852826884,1.138849613648302,false,0,NaN
237,F,0.9008797781768478,1.0403606222919333,false,0,NaN
238,F,0.9028477817007755,1.0489115248796623,false,0,NaN
239,F,0.9011638757081899,1.0083423729516612,false,0,NaN
240,F,0.901866879314085,1.0076741367864883,false,0,NaN
241,F,0.9013059266424578,0.994569958102896,true,0,NaN
242,F,0.9008441372590892,1.0200598785357724,false,0,NaN
243,F,0.9012730710983133,1.0223224186181328,false,0,NaN
244,F,0.9013018445554711,0.9946178558698444,true,0,NaN
245,F,0.9005594475817364,1.0500332194399788,false,0,NaN
246,F,0.9022409522480848,1.0002646004562075,false,0,NaN
247,F,0.9009306460686038,1.026037618477611,false,0,NaN
248,F,0.9011162453120375,1.0138526597242339,false,0,NaN
249,F,0.9012090449337543,1.0060798189040427,false,0,NaN
250,F,0.9012797093694044,0.9959555371506025,true,0,NaN
251,F,0.8992920864950877,1.1470208692373223,false,0,NaN
252,F,0.9050042672721887,1.4752555673268737,false,0,NaN
253,F,0.9002649743948478,1.0549931923733964,false,0,NaN
254,F,0.9024973226458818,1.0818706007699292,false,0,NaN
255,F,0.9007524098634486,1.0303523992931527,false,0,NaN
256,F,0.9020530426366975,1.025352086025491,false,0,NaN
257,F,0.9009981467418591,1.0176788768747584,false,0,NaN
258,F,0.9018195688834433,1.011924364225781,false,0,NaN
259,F,0.901125373163906,1.0079940019478122,false,0,NaN
260,F,0.9015805848275564,1.0045239280081546,false,0,NaN
261,F,0.9011990267203173,1.0030172292351127,false,0,NaN
262,F,0.9014660533635704,0.999621144080333,true,0,NaN
263,F,0.9012393680448608,0.9991403461816801,true,0,NaN
264,F,0.9011865100153489,1.0020222320524295,false,0,NaN
265,F,0.901261451459997,1.0010050808630382,false,0,NaN
266,F,0.9012386523922479,0.9991519284961468,true,0,NaN
267,F,0.9011737977562541,1.0034320750839725,false,0,NaN
268,F,0.9012993232552333,1.0010624906963508,false,0,NaN
269,F,0.901206225074251,1.0015997788108553,false,0,NaN
270,F,0.9012224387332495,1.0003911214471926,false,0,NaN
271,F,0.9012305455627486,0.9996445236185927,true,0,NaN
272,F,0.9011701965912934,1.0053653686980006,false,0,NaN
273,F,0.9014292278282164,1.002795529350236,false,0,NaN
274,F,0.901170290233523,1.0053223334502033,false,0,NaN
275,F,0.9014280101606356,1.0028204037203867,false,0,NaN
276,F,0.9011703409601006,1.0053027410088664,false,0,NaN
277,F,0.9014275061918903,1.002852938642549,false,0,NaN
278,F,0.901182005921895,1.0033338611543152,false,0,NaN
279,F,0.9013569819792902,1.002850293819821,false,0,NaN
280,F,0.9012103291890569,1.0026021013864137,false,0,NaN
281,F,0.9012244908226378,1.0011750393960834,false,0,NaN
282,F,0.9012315716394284,1.0001831561369074,false,0,NaN
283,F,0.9012368822520214,0.9991521398797085,true,0,NaN
284,F,0.9011857715597157,1.0020153968188679,false,0,NaN
285,F,0.9012746277947628,1.001434879702308,false,0,NaN
286,F,0.9012368444085328,0.9991527645197975,true,0,NaN
287,F,0.9011741305197143,1.0034286604307816,false,0,NaN
288,F,0.9013220263570275,1.0007713508380691,false,0,NaN
289,F,0.9012054874641235,1.0015989812264086,false,0,NaN
290,F,0.9012211659363282,1.0004234949235877,false,0,NaN
291,F,0.9012290051724304,1.0002847383064517,false,0,NaN
292,F,0.901212321893579,1.0025916419018923,false,0,NaN
293,F,0.9012245876143986,1.0011719810938426,false,0,NaN
294,F,0.9012307204752271,1.0011744260099005,false,0,NaN
295,F,0.9012337869064788,1.0001793888233224,false,0,NaN
296,F,0.9012353201237794,0.9996877866251626,true,0,NaN
297,F,0.9012128304566669,1.0014838111734872,false,0,NaN
298,F,0.9012779621943604,1.0006951444219696,false,0,NaN
299,F,0.9012353055534036,0.9996879879439192,true,0,NaN
300,F,0.9012074839970324,1.00164022781977,false,0,NaN
301,F,0.9012725236432698,1.000058103265381,false,0,NaN
302,F,0.901221394775218,1.0010092548845304,false,0,NaN
303,F,0.9012283501643108,0.9997678878814016,true,0,NaN
304,F,0.9012134106704588,1.0010007845301112,false,0,NaN
305,F,0.9012585447538749,0.999761851750074,true,0,NaN
306,F,0.8530092551054591,NaN,false,-300,NaN
307,F,0.8771338999296671,NaN,false,-300,NaN
308,F,0.889196222341771,1.371871970743512,false,0,NaN
309,F,0.8892003129753369,1.3723910956709104,false,0,NaN
310,F,0.8952273835478229,1.146004032517829,false,0,NaN
311,F,0.8952289911987382,1.1440750632546133,false,0,NaN
312,F,0.8982429641508489,1.0653136613159981,false,0,NaN
313,F,0.8982436847666527,1.0638282063921098,false,0,NaN
314,F,0.8997507544523619,1.0297542570315155,false,0,NaN
315,F,0.8997510841610517,1.0298844907014253,false,0,NaN
316,F,0.9005046496031184,1.013867891643003,false,0,NaN
317,F,0.9005048046718396,1.0132978070674847,false,0,NaN
318,F,0.9010700709661857,1.0034873974616445,false,0,NaN
319,F,0.9010701119213804,1.0035008589874426,false,0,NaN
320,F,0.9012349855304138,1.0001111474899627,false,0,NaN
321,F,0.9012349893702472,1.0001104237584721,false,0,NaN
322,F,0.9012570723024086,0.9997644316521458,true,0,NaN
323,F,0.9012297682745297,1.0002183053420173,false,0,NaN
324,F,0.9012570657973521,0.9997644875178593,true,0,NaN
325,F,0.9012364529730175,1.000080750941755,false,0,NaN
326,F,0.9012364580390839,1.0000808969210193,false,0,NaN
327,F,0.901246759385185,0.9998813932738498,true,0,NaN
328,F,0.9012406429986569,0.9999994510288711,true,0,NaN
329,F,0.853009165596683,NaN,false,-300,NaN
330,F,0.8771249043429126,NaN,false,-300,NaN
331,F,0.8891827737160273,1.3557975222237921,false,0,NaN
332,F,0.8899150814913728,1.3112240345540938,false,0,NaN
333,F,0.8952117084025847,1.1386681650997919,false,0,NaN
334,F,0.8954971180362492,1.1085947343352627,false,0,NaN
335,F,0.8982261757458634,1.061074079879272,false,0,NaN
336,F,0.8983518803403301,1.0523426682227324,false,0,NaN
337,F,0.8997334094175028,1.0239528736273251,false,0,NaN
338,F,0.8997827107180497,1.0239776867025256,false,0,NaN
339,F,0.9004870262533226,1.0095551086916874,false,0,NaN
340,F,0.9005066939083812,1.0091241613146205,false,0,NaN
341,F,0.9010522388801877,1.0017984353196339,false,0,NaN
342,F,0.9010559416608438,1.0007299438281034,false,0,NaN
343,F,0.9012170925630267,1.0004228101133172,false,0,NaN
344,F,0.9012179640160517,0.9989049690419678,true,0,NaN
345,F,0.9011623295012496,1.000019983486317,false,0,NaN
346,F,0.9011622068260697,1.0000219380555528,false,0,NaN
347,F,0.9011632249360719,1.0000001023332892,true,0,NaN
348,F,0.9011631861493017,0.9999999087789184,true,0,NaN
349,F,0.9011631021176527,0.9999998688025299,true,0,NaN
350,F,0.9011628937480114,1.0003414428202675,false,0,NaN
351,F,0.901162997932832,1.0000112205774467,false,0,NaN
352,F,0.9011630500252423,1.0000008312357207,true,0,NaN
353,F,0.9011630760714475,1.0000000181015198,true,0,NaN
354,F,0.9011629506069594,1.0000003722186586,true,0,NaN
355,F,0.9011629769953078,0.999999807583153,true,0,NaN
356,F,0.9011629132590926,0.9999998054772564,true,0,NaN
357,F,0.9011628934073357,0.9999997983611398,true,0,NaN
358,F,0.9011628443609587,0.9999998052077471,true,0,NaN
359,F,0.9011627263084219,0.9999998219705784,true,0,NaN
360,F,0.901162439537569,0.9999998241115888,true,0,NaN
361,F,0.90116242952524,0.9999997965668156,true,0,NaN
362,F,0.9011624013808772,0.9999997964880926,true,0,NaN
363,F,0.9011623311809146,0.9999997974254007,true,0,NaN
364,F,0.9011621566668667,0.9999998024601324,true,0,NaN
365,F,0.9011617258100325,0.999999833070603,true,0,NaN
366,F,0.9011606800740917,1.0000000027074585,true,0,NaN
367,F,0.9011603710871154,0.999999815638346,true,0,NaN
368,F,0.9011595905445141,0.9999999087699983,true,0,NaN
369,F,0.9011577329791081,1.000000383517705,true,0,NaN
370,F,0.9011572029955549,0.9999998501529895,true,0,NaN
371,F,0.9011558529189135,1.000000091488443,true,0,NaN
372,F,0.9011527138422254,0.9999992533848899,true,0,NaN
373,F,0.901142425311914,0.9997442660572371,true,0,NaN
374,F,0.9011296945985885,0.9999988365666386,true,0,NaN
375,F,0.901056455243104,1.0033702017597808,false,0,NaN
376,F,0.9012216623221017,1.0000060222279656,false,0,NaN
377,F,0.9010930749208462,1.00117619687085,false,0,NaN
378,F,0.9011113847597174,1.0005058095458472,false,0,NaN
379,F,0.901120539679153,0.9999860909410406,true,0,NaN
380,F,0.9009863150040044,1.0075273519799826,false,0,NaN
381,F,0.9013515960762257,0.9996715579853104,true,0,NaN
382,F,0.9010534273415787,1.0037263622068613,false,0,NaN
383,F,0.9010869835103658,1.002484035605898,false,0,NaN
384,F,0.9011037615947594,1.001079348341029,false,0,NaN
385,F,0.9010914203330395,1.0024550500192555,false,0,NaN
386,F,0.9012078419135651,1.0000282735852477,false,0,NaN
387,F,0.9011056314782518,1.0010729000069873,false,0,NaN
388,F,0.9011568707189117,0.9999980387116596,true,0,NaN
389,F,0.9011127370543888,1.0004872586589133,false,0,NaN
390,F,0.9011363626674411,0.9999893758741776,true,0,NaN
391,F,0.9011162898495184,1.0004803742014,false,0,NaN
392,F,0.9011396077499559,0.9999897518243538,true,0,NaN
393,F,0.901118066261206,1.000478607250037,false,0,NaN
394,F,0.9011413093955575,0.9999878104406479,true,0,NaN
395,F,0.9011189544952973,1.0004762526188264,false,0,NaN
396,F,0.9011420907932214,0.9999871246341963,true,0,NaN
397,F,0.9011193986688537,1.0000432492487457,false,0,NaN
398,F,0.9011220949617138,1.0002299331766782,false,0,NaN
399,F,0.9011197321960511,0.9999865438786795,true,0,NaN
400,F,0.9002410573555718,1.193118567978513,false,0,NaN
401,F,0.9065384979207303,0.9610129653175915,true,0,NaN
402,F,0.9011147280617783,1.0009569998450878,false,0,NaN
403,F,0.9011172301289148,1.0004799809337295,false,0,NaN
404,F,0.9011184811624829,1.0004781170791381,false,0,NaN
405,F,0.9011146996514601,1.0009943727614303,false,0,NaN
406,F,0.9011607931337736,1.0009216406213999,false,0,NaN
407,F,0.9011172016390359,1.000482599080834,false,0,NaN
408,F,0.9011398991579758,1.0014343772687864,false,0,NaN
409,F,0.9011184526350419,1.0004785949355774,false,0,NaN
410,F,0.9011409679887338,1.0014379643101012,false,0,NaN
411,F,0.9011190781374813,1.0004777671041034,false,0,NaN
412,F,0.9011415560936441,1.0014388050909782,false,0,NaN
413,F,0.9011193908975743,1.000122398452858,false,0,NaN
414,F,0.901125621991401,1.0017839706140965,false,0,NaN
415,F,0.901119547295372,0.9999872436912144,true,0,NaN
416,F,0.9010696343710255,1.0016309164111101,false,0,NaN
417,F,0.9011496935259483,0.9999973182044604,true,0,NaN
418,F,0.9011194823960968,0.9999874265996805,true,0,NaN
419,F,0.9010720867207436,1.000352927692492,false,0,NaN
420,F,0.9010893895831839,0.9999977544054701,true,0,NaN
421,F,0.9010597101635414,1.0005979171695782,false,0,NaN
422,F,0.9010886211136884,1.0000061677613084,false,0,NaN
423,F,0.9010745498733627,1.0001795305978995,false,0,NaN
424,F,0.9010819697282733,0.9999747863458399,true,0,NaN
425,F,0.9010662833099701,1.0003816863076416,false,0,NaN
426,F,0.90108479818392,0.9999999675615181,true,0,NaN
427,F,0.9010741265191217,1.0001874873007377,false,0,NaN
428,F,0.9010780481236974,1.0001202931311857,false,0,NaN
429,F,0.9010800089259854,0.9999803961761893,true,0,NaN
430,F,0.9010718578531401,1.0000482772333743,false,0,NaN
431,F,0.901074217017206,0.9999996514370878,true,0,NaN
432,F,0.9010708518016984,0.9998346622716663,true,0,NaN
433,F,0.9010339354895309,0.9979182310603594,true,0,NaN
434,F,0.8530081320591374,NaN,false,-300,NaN
435,F,0.877020385034595,NaN,false,-300,NaN
436,F,0.8890265559191654,NaN,false,-300,NaN
437,F,0.8950296415325297,NaN,false,-300,NaN
438,F,0.8980311846813703,1.3410281132792758,false,0,NaN
439,F,0.9029353764372213,1.4116528006954474,false,0,NaN
440,F,0.8995319569401083,1.0768272471025293,false,0,NaN
441,F,0.9006598293926465,1.042769462058941,false,0,NaN
442,F,0.9002823444381183,1.0198450054469983,false,0,NaN
443,F,0.9005957501053955,1.0083428060349844,false,0,NaN
444,F,0.9008451446426139,0.9999844148748234,true,0,NaN
445,F,0.9004929657680649,1.0060416973903838,false,0,NaN
446,F,0.9008426214703176,1.0000349849644392,false,0,NaN
447,F,0.9008438830564657,1.0000068574300174,false,0,NaN
448,F,0.9008445138495398,0.9999932014583727,true,0,NaN
449,F,0.9005522643434888,1.0061482275405644,false,0,NaN
450,F,0.9005803748834231,1.0055234518583418,false,0,NaN
451,F,0.9006987044930513,1.00300928965728,false,0,NaN
452,F,0.9007124996662631,1.002714322289968,false,0,NaN
453,F,0.9007719245678326,1.0015266565396803,false,0,NaN
454,F,0.900778958079112,1.0013008900057547,false,0,NaN
455,F,0.9008085346052233,1.0007507656013486,false,0,NaN
456,F,0.9008120296064295,1.0006759144125525,false,0,NaN
457,F,0.9008268396239185,1.0003644905292186,false,0,NaN
458,F,0.900828572988062,1.0003264200395516,false,0,NaN
459,F,0.9008359921332663,1.0001715217411729,false,0,NaN
460,F,0.9008368454484663,1.000152790768758,false,0,NaN
461,F,0.90084056838794,1.0000750773967833,false,0,NaN
462,F,0.9008409818613181,1.0000660057604251,false,0,NaN
463,F,0.9008440005789454,1.0000028335870876,false,0,NaN
464,F,0.900844084578894,1.0000009216749186,true,0,NaN
465,F,0.9008450016346553,0.9999850608160812,true,0,NaN
466,F,0.9006817931487517,1.0114262646616836,false,0,NaN
467,F,0.9011086455644083,1.0030118994453254,false,0,NaN
468,F,0.9008449976381452,0.9999850611791486,true,0,NaN
469,F,0.9008440403228777,0.9999863901398138,true,0,NaN
470,F,0.9007514017512139,1.005705264465998,false,0,NaN
471,F,0.9007727640734932,1.0160168321056102,false,0,NaN
472,F,0.9008440085630997,0.9999863949331044,true,0,NaN
473,F,0.9007700040508076,1.003137410166338,false,0,NaN
474,F,0.9008631813283106,1.0011631690665486,false,0,NaN
475,F,0.9008070063069537,1.0010261363988926,false,0,NaN
476,F,0.9008255074350267,0.9998746694076495,true,0,NaN
477,F,0.9007720314371165,1.0036061878442324,false,0,NaN
478,F,0.9008928912479912,1.0010463108177954,false,0,NaN
479,F,0.9007987694360715,1.0010817498561375,false,0,NaN
480,F,0.9008121384355491,1.0009464716837406,false,0,NaN
481,F,0.9008188229352879,1.000728542841376,false,0,NaN
482,F,0.9007986903391114,1.0010824114131256,false,0,NaN
483,F,0.9008140828951251,1.0016810424538998,false,0,NaN
484,F,0.9008120374010699,1.0009472653905682,false,0,NaN
485,F,0.9008260327369707,1.0006298163333351,false,0,NaN
486,F,0.90081871093205,1.0007293873225729,false,0,NaN
487,F,0.9008299877522067,1.0004733223077693,false,0,NaN
488,F,0.9008220476975419,0.9998965640907025,true,0,NaN
489,F,0.9007960762246974,1.0002266440086387,false,0,NaN
490,F,0.9008067352932373,1.000000134144682,true,0,NaN
491,F,0.900784186998728,1.0003901099181132,false,0,NaN
492,F,0.9008024754968971,1.0000011780232203,false,0,NaN
493,F,0.9007989450203622,0.9999649902629509,true,0,NaN
494,F,0.9007924451404167,0.9999960278921741,true,0,NaN
495,F,0.9007808289694517,1.0014799521894922,false,0,NaN
496,F,0.9008505135819771,0.9999906637475723,true,0,NaN
497,F,0.9007866370549342,1.0009505737312727,false,0,NaN
498,F,0.9007895410976754,1.0004838290642555,false,0,NaN
499,F,0.9007909931190461,1.0003746264309492,false,0,NaN
500,F,0.9007808289694517,1.0014799521894922,false,0,NaN
501,F,0.900846300610041,1.0003713218644736,false,0,NaN
502,F,0.9007866311855415,1.000960204205001,false,0,NaN
503,F,0.9008291962044948,1.0003125306420724,false,0,NaN
504,F,0.9007895322935864,1.0004840450312036,false,0,NaN
505,F,0.9008110770597388,1.0004047329626982,false,0,NaN
506,F,0.900790982847609,1.0004067440090787,false,0,NaN
507,F,0.9008091292052799,1.0004679572894082,false,0,NaN
508,F,0.9007917081246202,0.999972686853561,true,0,NaN
509,F,0.9007864863181789,1.0008709214862934,false,0,NaN
510,F,0.9008274092901045,1.0000007945239269,true,0,NaN
511,F,0.9007895172795067,1.000479885351434,false,0,NaN
512,F,0.9007906127020634,1.0004777228883448,false,0,NaN
513,F,0.9007911604133418,1.000055417874944,false,0,NaN
514,F,0.9007895123496936,1.000479872171297,false,0,NaN
515,F,0.9008114381240125,1.000392363260183,false,0,NaN
516,F,0.900790605990562,1.0004777263139264,false,0,NaN
517,F,0.9008126877010904,1.0003821907138186,false,0,NaN
518,F,0.9007911528109963,1.0000588571255673,false,0,NaN
519,F,0.9007948377952297,1.0004196187052588,false,0,NaN
520,F,0.9007914262212133,1.000038845238322,false,0,NaN
521,F,0.9007942889982413,0.9999882912567284,true,0,NaN
522,F,0.900791562926322,0.9999774693447754,true,0,NaN
523,F,0.9007862142995957,1.0006763855320833,false,0,NaN
524,F,0.9008179902480172,0.9999998343058594,true,0,NaN
525,F,0.9007905815235894,1.0004173448589255,false,0,NaN
526,F,0.9007910722249557,0.9999937270431776,true,0,NaN
527,F,0.9007847537503244,1.0000949839218978,false,0,NaN
528,F,0.9007892279676649,0.9999997755219276,true,0,NaN
529,F,0.9007843011144188,1.000222979561706,false,0,NaN
530,F,0.9007849248807335,1.0002685410288883,false,0,NaN
531,F,0.9007867645410418,1.0000900986160464,false,0,NaN
532,F,0.9007879962543534,1.0000711127749937,false,0,NaN
533,F,0.9007886121110091,1.000058706314757,false,0,NaN
534,F,0.9007843011144188,1.0002229795617057,false,0,NaN
535,F,0.9007936363751664,1.0003218833254428,false,0,NaN
536,F,0.9007867610119432,1.0000889839555613,false,0,NaN
537,F,0.9007904920071373,1.0000412622150432,false,0,NaN
538,F,0.9007879909607058,1.000070865435962,false,0,NaN
539,F,0.900790964250306,1.0000066882047947,false,0,NaN
540,F,0.9007886059350878,1.000058316050052,false,0,NaN
541,F,0.9007910543937141,0.9999776475295858,true,0,NaN
542,F,0.9007889134222802,0.9999999717028087,true,0,NaN
543,F,0.9007821556124845,1.000127437432519,false,0,NaN
544,F,0.900788149104493,0.999999761819097,true,0,NaN
545,F,0.9007855860791201,1.000019255767336,false,0,NaN
546,F,0.9007865003339471,0.999999777510107,true,0,NaN
547,F,0.9007836191327994,1.000007334390419,false,0,NaN
548,F,0.9007794444460349,0.9998562836584974,true,0,NaN
549,F,0.9007530780984705,0.9961583573956718,true,0,NaN
550,F,0.900489356639549,1.0008992958151695,false,0,NaN
551,F,0.9004713654933464,1.0006603317785334,false,0,NaN
552,F,0.9006212173690098,0.9979880062863308,true,0,NaN
553,F,0.9005190479052911,1.0000398921988307,false,0,NaN
554,F,0.9005098523852821,1.000053504010888,false,0,NaN
555,F,0.9005067981033024,0.9999985021554012,true,0,NaN
556,F,0.9004882430612277,0.9990244553780081,true,0,NaN
557,F,0.9004188736781541,0.9964197541849777,true,0,NaN
558,F,0.9002387054354997,1.0003256945868149,false,0,NaN
559,F,0.900255409254218,0.9999474380908833,true,0,NaN
560,F,0.9002512517063306,1.000004425839233,false,0,NaN
561,F,0.900251477195348,0.9999993745016039,true,0,NaN
562,F,0.9002458585071436,0.9997061577435469,true,0,NaN
563,F,0.8975496648997269,NaN,false,-300,NaN
564,F,0.8988976279443707,NaN,false,-300,NaN
565,F,0.8995716094747072,NaN,false,-300,NaN
566,F,0.8999086002559044,1.426538771503437,false,0,NaN
567,F,0.9016025510543302,1.2563372204525791,false,0,NaN
568,F,0.9000770956785611,1.0905743956458855,false,0,NaN
569,F,0.9004377199289085,1.0642447440004956,false,0,NaN
570,F,0.9001613434540058,1.0262962789941006,false,0,NaN
571,F,0.9002668702316241,1.0192351204099879,false,0,NaN
572,F,0.9002034674699616,1.0078904042606758,false,0,NaN
573,F,0.900235947794879,1.006119996763884,false,0,NaN
574,F,0.9002350613796415,1.0009553958629742,false,0,NaN
575,F,0.9002400191423459,1.000388928582198,false,0,NaN
576,F,0.9002442855911864,0.9997186514793684,true,0,NaN
577,F,0.9002313463735866,1.0000010156188157,false,0,NaN
578,F,0.9002300131553203,1.0009138559052966,false,0,NaN
579,F,0.9002701462909822,1.0000005412298574,true,0,NaN
580,F,0.900257412012011,0.9997792480966181,true,0,NaN
581,F,0.900166239271613,1.006314269413385,false,0,NaN
582,F,0.9004283530722923,1.0019317536201786,false,0,NaN
583,F,0.9002117705793556,1.002123095653183,false,0,NaN
584,F,0.9003057797381792,1.0003250594580868,false,0,NaN
585,F,0.9002345362649149,1.0003420539988201,false,0,NaN
586,F,0.9002571093805394,1.000215111173231,false,0,NaN
587,F,0.9002459191710711,0.9996753185178558,true,0,NaN
588,F,0.9002110949618664,1.0000991999259548,false,0,NaN
589,F,0.9002456651708757,0.9996776492720417,true,0,NaN
590,F,0.8996240629785747,1.0137394160487625,false,0,NaN
591,F,0.8996241936231362,1.0133717141251757,false,0,NaN
592,F,0.8999348590934522,1.0064390358948636,false,0,NaN
593,F,0.8999349219119019,1.0064601240514999,false,0,NaN
594,F,0.9000902613992221,1.0028404569766243,false,0,NaN
595,F,0.9000902907841232,1.0028493681281216,false,0,NaN
596,F,0.9001679632850489,1.0010540712922746,false,0,NaN
597,F,0.9001679760730615,1.0010570904913711,false,0,NaN
598,F,0.9002068142279623,1.0001661890324982,false,0,NaN
599,F,0.90020681876687,1.0001654403323514,false,0,NaN
600,F,0.900226239699419,0.9997574874759062,true,0,NaN
601,F,0.9000905099509736,1.0028636841726137,false,0,NaN
602,F,0.9000909556434662,1.0024917094414856,false,0,NaN
603,F,0.9001583748251962,1.0012863672574523,false,0,NaN
604,F,0.9001585941964426,1.0013012356117974,false,0,NaN
605,F,0.9001923072623076,1.0005003725126422,false,0,NaN
606,F,0.9001924138551335,1.0005074756911572,false,0,NaN
607,F,0.9002092734808633,1.0001085198466073,false,0,NaN
608,F,0.9002093238487271,1.0001113803604111,false,0,NaN
609,F,0.9002177565901411,0.9999137970114875,true,0,NaN
610,F,0.9002136135420037,1.0000016921365724,false,0,NaN
611,F,0.9002136210113011,0.9999997501152912,true,0,NaN
612,F,0.9002132439765669,1.0000000679325098,true,0,NaN
613,F,0.9002122652880953,1.0000018644859223,false,0,NaN
614,F,0.9002116912363224,1.0000036987824905,false,0,NaN
615,F,0.9002127546323311,1.0000004537300227,true,0,NaN
616,F,0.900212999304449,1.000000129402823,true,0,NaN
617,F,0.9002100998853387,1.0000134286225895,false,0,NaN
618,F,0.9002095324373582,1.0000141435730814,false,0,NaN
619,F,0.9002115495948938,1.000003283231098,false,0,NaN
620,F,0.9002122744496714,1.0000009037847148,true,0,NaN
621,F,0.9002126368770602,1.0000003114888116,true,0,NaN
622,F,0.900207613111121,1.0004993398849875,false,0,NaN
623,F,0.9002101249940906,1.0000107597713315,false,0,NaN
624,F,0.9002113809355754,1.0000025767263743,false,0,NaN
625,F,0.9002120089063178,1.0000008341285775,true,0,NaN
626,F,0.9002095207985841,1.0000194243875407,false,0,NaN
627,F,0.9002103487741884,1.0000065786508443,false,0,NaN
628,F,0.9002110806483067,1.0000036653897604,false,0,NaN
629,F,0.9002112446639898,0.9999999149670258,true,0,NaN
630,F,0.9001957870226663,1.0055466511177402,false,0,NaN
631,F,0.9004368515902591,1.002240702752267,false,0,NaN
632,F,0.9002109520770604,1.0004261492635447,false,0,NaN
633,F,0.900211098370525,1.0000004798305582,true,0,NaN
634,F,0.9002111715172575,0.9999999325491268,true,0,NaN
635,F,0.900205173025313,1.0022466031630815,false,0,NaN
636,F,0.9003035132788829,0.999850502528689,true,0,NaN
637,F,0.9002674411537015,0.9993211395078004,true,0,NaN
638,F,0.9002340953684804,0.9999273037173825,true,0,NaN
639,F,0.9002291672405536,0.9999034531614885,true,0,NaN
640,F,0.9001994211848666,0.9988673478085677,true,0,NaN
641,F,0.9001230127248295,1.0021593328205871,false,0,NaN
642,F,0.9002164824507817,1.0000179371723974,false,0,NaN
643,F,0.9001612169548481,1.0010457400630544,false,0,NaN
644,F,0.9001803190698574,1.0006656392755031,false,0,NaN
645,F,0.900189870127362,0.9990857833425861,true,0,NaN
646,F,0.9001224757002881,1.0021714169567946,false,0,NaN
647,F,0.9001224936344846,1.0021748567356827,false,0,NaN
648,F,0.9001497936010027,1.0011743588692743,false,0,NaN
649,F,0.9001498079635945,1.000963746629754,false,0,NaN
650,F,0.9001634525626064,1.0008895080374816,false,0,NaN
651,F,0.9001634668996362,1.0008787221788822,false,0,NaN
652,F,0.9001702820659014,0.9992662610125777,true,0,NaN
653,F,0.8950287922710296,NaN,false,-300,NaN
654,F,0.8975992377630794,NaN,false,-300,NaN
655,F,0.898884460510337,NaN,false,-300,NaN
656,F,0.8995270718864316,1.642394435391355,false,0,NaN
657,F,0.8998069364824722,1.6019957819285433,false,0,NaN
658,F,0.8998483775794103,1.1337317627128498,false,0,NaN
659,F,0.8999068917290919,1.1258482093537396,false,0,NaN
660,F,0.9000090304357623,1.0395534518673104,false,0,NaN
661,F,0.9000265618334968,1.0358850399163724,false,0,NaN
662,F,0.9000893568836639,1.0140221277084158,false,0,NaN
663,F,0.9000957780490565,1.011056347747758,false,0,NaN
664,F,0.9001496018576699,1.0022604903904924,false,0,NaN
665,F,0.9001509048259214,1.002303483907415,false,0,NaN
666,F,0.9001671747357988,0.9992842298140248,true,0,NaN
667,F,0.9001333357521936,1.000010453452196,false,0,NaN
668,F,0.9001670735283936,0.9992863600216442,true,0,NaN
669,F,0.9001312864618765,1.0008770973780576,false,0,NaN
670,F,0.900149179995135,0.9996489444502779,true,0,NaN
671,F,0.9001581267617643,0.9994659490307541,true,0,NaN
672,F,0.900162600145079,0.9993756630142802,true,0,NaN
673,F,0.9001287853393645,1.0008832037800854,false,0,NaN
674,F,0.9001456927422218,1.0005499661781267,false,0,NaN
675,F,0.9001541464436503,0.9995337304926758,true,0,NaN
676,F,0.9001583732943647,0.9994540972459324,true,0,NaN
677,F,0.8993807875327234,NaN,false,-300,NaN
678,F,0.8997692235818254,1.496370644355855,false,0,NaN
679,F,0.899963487066179,1.1029407308906338,false,0,NaN
680,F,0.9018060009269614,1.0312355027020026,false,0,NaN
681,F,0.9000607099146084,1.033828674024481,false,0,NaN
682,F,0.9006727416362234,1.0049813380044128,false,0,NaN
683,F,0.9001094704795279,1.010750501893059,false,0,NaN
684,F,0.9003106151136276,1.00179327108736,false,0,NaN
685,F,0.9001339245531815,1.0042186493433376,false,0,NaN
686,F,0.9002187753957471,1.001185684809084,false,0,NaN
687,F,0.9001461521850113,1.002853938489133,false,0,NaN
688,F,0.900206705740248,1.0005080438549814,false,0,NaN
689,F,0.9001553270797428,1.0003349439644615,false,0,NaN
690,F,0.9001710321847932,1.0001563405228087,false,0,NaN
691,F,0.900158020640403,0.9994535972540926,true,0,NaN
692,F,0.9001573453854704,0.999455324313193,true,0,NaN
693,F,0.9001535988472414,1.0022611996747743,false,0,NaN
694,F,0.9002743825094304,0.9988217288639225,true,0,NaN
695,F,0.9001554671186512,1.0003316077887034,false,0,NaN
696,F,0.9001931881447788,0.9999513774922795,true,0,NaN
697,F,0.900156401260495,1.0003095486167484,false,0,NaN
698,F,0.9001568683436953,1.0003077532077227,false,0,NaN
699,F,0.9001571019098579,0.9995183782390288,true,0,NaN
700,F,0.9001480168790186,0.9996639414214948,true,0,NaN
701,F,0.9001240150429827,1.000266228188729,false,0,NaN
702,F,0.9001407630074258,0.9984765294186821,true,0,NaN
703,F,0.9000804165899047,0.9998465084589963,true,0,NaN
704,F,0.9000736777162698,0.9999996538495945,true,0,NaN
705,F,0.9000736648499813,0.9999997774862244,true,0,NaN
706,F,0.9000736515443581,0.9999997725702223,true,0,NaN
707,F,0.9000736174984414,0.9999997726055281,true,0,NaN
708,F,0.9000735324274483,0.999999772784888,true,0,NaN
709,F,0.9000733197563989,0.999999773906332,true,0,NaN
710,F,0.9000728872530007,0.9999997809268093,true,0,NaN
711,F,0.9000728669790825,0.9999997729682479,true,0,NaN
712,F,0.9000728157949512,0.9999997774686304,true,0,NaN
713,F,0.9000726932120602,0.9999999585419796,true,0,NaN
714,F,0.900072543105839,1.000001438117532,false,0,NaN
715,F,0.9000724635155313,1.0000023639740705,false,0,NaN
716,F,0.9000726181589496,1.000000115710344,true,0,NaN
717,F,0.9000726556855049,0.9999999620841907,true,0,NaN
718,F,0.9000726252400627,0.9999998066941795,true,0,NaN
719,F,0.9000725377953497,0.99999977313109,true,0,NaN
720,F,0.9000723174782892,0.9999997743448535,true,0,NaN
721,F,0.900071764196794,0.9999997828845272,true,0,NaN
722,F,0.9000703892096752,0.9999998351664598,true,0,NaN
723,F,0.900067000356479,0.9999121227558393,true,0,NaN
724,F,0.9000548815812052,1.0008916455941992,false,0,NaN
725,F,0.900085823971103,1.0026776727894298,false,0,NaN
726,F,0.9000609409688421,1.000432525200735,false,0,NaN
727,F,0.9000639706626605,0.9999341238219337,true,0,NaN
728,F,0.9000412821495174,1.0041044251743847,false,0,NaN
729,F,0.9002008576017577,1.0013275612966173,false,0,NaN
730,F,0.900052626406089,1.0024186266688329,false,0,NaN
731,F,0.9000582985343748,1.0009630114831232,false,0,NaN
732,F,0.9000611345985177,1.0004183144687107,false,0,NaN
733,F,0.8999147080947455,1.017605949781599,false,0,NaN
734,F,0.9006704112930746,1.0005892704877726,false,0,NaN
735,F,0.8998515089536804,1.0212291669573053,false,0,NaN
736,F,0.900763147005515,1.0028252940868079,false,0,NaN
737,F,0.899819268643139,1.024636475348613,false,0,NaN
738,F,0.9008772448599295,1.002269956930204,false,0,NaN
739,F,0.8998015781466103,1.0262356813665363,false,0,NaN
740,F,0.9009282662212575,1.001811935655678,false,0,NaN
741,F,0.8998500736649842,1.0212218109033964,false,0,NaN
742,F,0.9007620897991441,1.0032264522133438,false,0,NaN
743,F,0.8999568914023166,1.0139096160116317,false,0,NaN
744,F,0.9005556395998955,1.000888677181401,false,0,NaN
745,F,0.9000104200896617,1.0090251451983692,false,0,NaN
746,F,0.9003999068647651,1.001263375891397,false,0,NaN
747,F,0.900050587030997,1.0034990806403667,false,0,NaN
748,F,0.9002033242988368,0.9999419946676492,true,0,NaN
749,F,0.9001273821484146,1.001820004911604,false,0,NaN
750,F,0.9001412370301487,1.0005409750400718,false,0,NaN
751,F,0.9001653532236257,1.0008757495980602,false,0,NaN
752,F,0.9001722419315926,1.0007955649461724,false,0,NaN
753,F,0.9001843387612312,1.0004049572816756,false,0,NaN
754,F,0.9001877542336896,1.0003649704107593,false,0,NaN
755,F,0.900193831530034,1.000169894619082,false,0,NaN
756,F,0.9001955128450772,1.0001501537364255,false,0,NaN
757,F,0.9001985779144354,1.000052446619806,false,0,NaN
758,F,0.9001993927655467,1.0000428654235687,false,0,NaN
759,F,0.9002009511066361,0.9999937448750456,true,0,NaN
760,F,0.9001986160795509,1.0000079466610639,false,0,NaN
761,F,0.9001970170372763,1.0012882109787662,false,0,NaN
762,F,0.9002009501090042,0.9999937475342358,true,0,NaN
763,F,0.9001986289280447,1.0014633063420293,false,0,NaN
764,F,0.9002311664066243,1.0041562828976285,false,0,NaN
765,F,0.9001997895185245,1.0014606262178716,false,0,NaN
766,F,0.9002003698137644,1.0008391587979557,false,0,NaN
767,F,0.9002006599613843,1.000003635815932,false,0,NaN
768,F,0.9001910838909837,1.0031524224010155,false,0,NaN
769,F,0.9001960169967166,1.002756836278336,false,0,NaN
770,F,0.9001984835526523,1.0014568782664786,false,0,NaN
771,F,0.9001997168308289,1.001457395532015,false,0,NaN
772,F,0.9002003334699172,1.0006166737053972,false,0,NaN
773,F,0.9002006417894614,0.9999954184064371,true,0,NaN
774,F,0.9002000728193588,1.0000042400724702,false,0,NaN
775,F,0.9002000352405496,1.0000007456206557,true,0,NaN
776,F,0.9002006417574921,0.9999954186499386,true,0,NaN
777,F,0.9001999003419494,1.0000000208670559,true,0,NaN
778,F,0.9001993914810189,0.9999997902125919,true,0,NaN
779,F,0.9001980994467822,1.0005415698057207,false,0,NaN
780,F,0.9002208153582321,1.0007533964880877,false,0,NaN
781,F,0.9001987454639006,0.999999813645492,true,0,NaN
782,F,0.900195968158815,1.0012936805619577,false,0,NaN
783,F,0.9002507678852447,0.9999994168772766,true,0,NaN
784,F,0.9002423367334709,1.0005189605272677,false,0,NaN
785,F,0.9002565577049711,0.9999970434192398,true,0,NaN
786,F,0.9002465523093578,1.0000002312614427,true,0,NaN
787,F,0.9002486600973013,0.99999966516481,true,0,NaN
788,F,0.9002297228921509,1.0015777455295911,false,0,NaN
789,F,0.9002817583547253,1.0032574817205098,false,0,NaN
790,F,0.9002391914947261,1.00051498728847,false,0,NaN
791,F,0.9002439257960136,1.0005168787327845,false,0,NaN
792,F,0.9002462929466575,0.9999998325452746,true,0,NaN
793,F,0.900201787453824,1.0045788290604356,false,0,NaN
794,F,0.9003623790862091,1.0044580082102081,false,0,NaN
795,F,0.9002240402002407,1.0026620711463625,false,0,NaN
796,F,0.9002351665734492,1.0005073761832282,false,0,NaN
797,F,0.9002407297600533,1.0005174958828211,false,0,NaN
798,F,0.9002354829299566,1.0005074591334329,false,0,NaN
799,F,0.9002574048155157,1.0006429605789342,false,0,NaN
800,F,0.9002408310176161,1.0005179093222971,false,0,NaN
801,F,0.9002632038863594,1.0006660701963719,false,0,NaN
802,F,0.9002435050617461,1.00051771607611,false,0,NaN
803,F,0.90026586943704,1.0006715748660144,false,0,NaN
804,F,0.9002448420844116,0.9999902198791626,true,0,NaN
805,F,0.9002296604848093,1.0015862550620869,false,0,NaN
806,F,0.900286064016294,1.0032542393438435,false,0,NaN
807,F,0.9002437250254539,1.0005182067210037,false,0,NaN
808,F,0.9002442835549327,1.0005230950756947,false,0,NaN
809,F,0.9002445628196721,0.999990473021513,true,0,NaN
810,F,0.9002327813282119,1.001053527819464,false,0,NaN
811,F,0.9002686176542425,0.9998063200028267,true,0,NaN
812,F,0.900238672073942,1.000509748450499,false,0,NaN
813,F,0.9002416174468071,1.0004712949276264,false,0,NaN
814,F,0.9002430901332397,1.0000028099358476,false,0,NaN
815,F,0.9002440496314825,0.999991969073629,true,0,NaN
816,F,0.9002403254108782,0.9999897508973498,true,0,NaN
817,F,0.9002317836326835,1.0005370924907324,false,0,NaN
818,F,0.9002476674008499,0.9998768465329636,true,0,NaN
819,F,0.9002360545217809,0.999994712161739,true,0,NaN
820,F,0.9002164644865859,1.0008739038207415,false,0,NaN
821,F,0.9002365850770848,1.0009969080301413,false,0,NaN
822,F,0.9002262595041833,1.0004086529032352,false,0,NaN
823,F,0.9002311570129822,1.0005324220580907,false,0,NaN
824,F,0.9002336057673815,1.0005233878873465,false,0,NaN
825,F,0.9002164644865859,1.0008739038207415,false,0,NaN
826,F,0.9002548162102816,1.0011811251177472,false,0,NaN
827,F,0.9002262515201127,1.0004082216961385,false,0,NaN
828,F,0.9002442828598559,1.0005632494351961,false,0,NaN
829,F,0.9002311450368762,1.000532505933379,false,0,NaN
830,F,0.9002546848642468,1.0006625645154756,false,0,NaN
831,F,0.9002335917952583,1.0005301179419186,false,0,NaN
832,F,0.900257054642721,1.0006730108594828,false,0,NaN
833,F,0.9002348151744501,0.9999951770886484,true,0,NaN
834,F,0.9002284040771089,1.0005481861912109,false,0,NaN
835,F,0.9002466295242683,1.001245283383874,false,0,NaN
836,F,0.9002319951311304,1.0005345009754292,false,0,NaN
837,F,0.9002334051527903,1.0005327512262707,false,0,NaN
838,F,0.9002341101636202,0.9999957486668792,true,0,NaN
839,F,0.9002187863692838,1.000944118706514,false,0,NaN
840,F,0.9002460467999887,1.0010372247754737,false,0,NaN
841,F,0.900226448266452,1.0004174343675376,false,0,NaN
842,F,0.9002302792150361,1.0005328549073438,false,0,NaN
843,F,0.9002321946893281,1.00053245210316,false,0,NaN
844,F,0.9002307045089902,1.0005329264397536,false,0,NaN
845,F,0.9002539474629778,1.0000119146678712,false,0,NaN
846,F,0.9002323984994558,1.000532608407838,false,0,NaN
847,F,0.9002556469832595,1.0000114787199612,false,0,NaN
848,F,0.900233245494689,1.0005324885094768,false,0,NaN
849,F,0.9002564984387791,1.0000112624207707,false,0,NaN
850,F,0.9002336689923064,1.0000119086557009,false,0,NaN
851,F,0.900234364546763,0.9999952231637467,true,0,NaN
852,F,0.9002338807411167,0.99999601011973,true,0,NaN
853,F,0.900196940465425,1.0018667988432177,false,0,NaN
854,F,0.9002445661434716,0.9996648409075533,true,0,NaN
855,F,0.900230294739278,1.0005325077809304,false,0,NaN
856,F,0.9002320877401973,1.0005324249464496,false,0,NaN
857,F,0.900232984240657,1.000532411123951,false,0,NaN
858,F,0.9002302800125371,1.0005326556921628,false,0,NaN
859,F,0.9002538466839969,1.0010421550616202,false,0,NaN
860,F,0.9002320722218047,1.000532588894696,false,0,NaN
861,F,0.9002556439980375,1.001045144917045,false,0,NaN
862,F,0.9002329683264424,1.0005325835346572,false,0,NaN
863,F,0.9002565438872151,1.0010467096213016,false,0,NaN
864,F,0.9002334163787693,1.0005325878675588,false,0,NaN
865,F,0.9002569941399929,1.001047509101764,false,0,NaN
866,F,0.9002336404049488,1.000146328399426,false,0,NaN
867,F,0.9002402450981116,1.0004464685235175,false,0,NaN
868,F,0.9002337524180707,0.9999962103511242,true,0,NaN
869,F,0.9000927517142131,1.0015581862268896,false,0,NaN
870,F,0.8997090214478881,1.1100333783298433,false,0,NaN
871,F,0.9002308324588804,1.0004127383700476,false,0,NaN
872,F,0.9002322924384755,1.0005327581372534,false,0,NaN
873,F,0.9002330224282731,1.00053263281361,false,0,NaN
874,F,0.9002308162629572,1.0004130472889918,false,0,NaN
875,F,0.9002488264933984,1.0000199487529982,false,0,NaN
876,F,0.9002322760713259,1.0005330700895243,false,0,NaN
877,F,0.900255474698335,1.0000268592231862,false,0,NaN
878,F,0.9002330059755393,1.0005329157647516,false,0,NaN
879,F,0.9002561987532538,1.0000268046141625,false,0,NaN
880,F,0.9002333709277041,1.000527571992733,false,0,NaN
881,F,0.9002563331854816,0.9995014527621919,true,0,NaN
882,F,0.9002335534039025,1.0000015603102554,false,0,NaN
883,F,0.9002337843961756,0.9999960210493177,true,0,NaN
884,F,0.9002336446422339,0.9999965384201149,true,0,NaN
885,F,0.9002245484427768,0.9994497467602081,true,0,NaN
886,F,0.9001800191617715,0.9989259306943706,true,0,NaN
887,F,0.9001268188730972,0.9992032736867645,true,0,NaN
888,F,0.900089878532056,1.0000131294669914,false,0,NaN
889,F,0.9000868768935438,0.9999777238847393,true,0,NaN
890,F,0.9000809406599903,1.0000543872959802,false,0,NaN
891,F,0.9000818019281194,1.0000294904225484,false,0,NaN
892,F,0.9000839087767671,1.0000094559197095,false,0,NaN
893,F,0.9000853928351554,0.9999905620709381,true,0,NaN
894,F,0.9000861348643496,0.9999827793629839,true,0,NaN
895,F,0.900080926627366,1.0000547356866154,false,0,NaN
896,F,0.9000813797934455,1.0000457296144865,false,0,NaN
897,F,0.9000828948619852,1.0000346168950558,false,0,NaN
898,F,0.9000832733661721,1.0000295893415059,false,0,NaN
899,F,0.9000838789793029,1.0000273634661145,false,0,NaN
900,F,0.900084243336488,1.0000228104740985,false,0,NaN
901,F,0.9000843710379781,1.0000243007347729,false,0,NaN
902,F,0.9000847329815015,1.0000198398373286,false,0,NaN
903,F,0.9000846170673482,1.0000229104457319,false,0,NaN
904,F,0.9000849789696702,1.0000184701995078,false,0,NaN
905,F,0.9000847400820986,1.0000222505793226,false,0,NaN
906,F,0.9000851022553036,1.000017815085382,false,0,NaN
907,F,0.9000848015896041,1.0000219294661588,false,0,NaN
908,F,0.9000851639711313,1.0000174950285825,false,0,NaN
909,F,0.9000848477211463,1.0000216924859564,false,0,NaN
910,F,0.9000852102908062,1.0000172582782334,false,0,NaN
911,F,0.900084861185645,1.0000216239418096,false,0,NaN
912,F,0.900085223815369,1.0000171897114676,false,0,NaN
913,F,0.9000857072706175,1.0000004867398562,true,0,NaN
914,F,0.9000858953458057,0.9999981451894958,true,0,NaN
915,F,0.9000809604556438,1.0000429468474612,false,0,NaN
916,F,0.9000808210537306,0.9996345522772005,true,0,NaN
917,F,0.9000574893432349,1.0013605100331406,false,0,NaN
918,F,0.9000094765462242,1.0067431720086295,false,0,NaN
919,F,0.9000691551984827,1.000378249959178,false,0,NaN
920,F,0.9000749881261066,0.9997616027517294,true,0,NaN
921,F,0.900064027391681,1.0000066472188318,false,0,NaN
922,F,0.900064228838952,0.9999990451656539,true,0,NaN
923,F,0.9000638349148493,0.9999022484451813,true,0,NaN
924,F,0.9000586156877795,0.999860022520965,true,0,NaN
925,F,0.8530032554601287,NaN,false,-300,NaN
926,F,0.8765309039506085,NaN,false,-300,NaN
927,F,0.8882947346682465,1.6019569737763661,false,0,NaN
928,F,0.900093614967305,NaN,false,-300,NaN
929,F,0.8941766500676602,1.1998856406627696,false,0,NaN
930,F,0.8980964146694297,1.1892805046032744,false,0,NaN
931,F,0.8971176078485565,1.086134177706562,false,0,NaN
932,F,0.898808263186032,1.0620323083748413,false,0,NaN
933,F,0.8985880869013837,1.0433877054463392,false,0,NaN
934,F,0.8994410689945259,1.0280986783081578,false,0,NaN
935,F,0.8993233267525557,1.021248931196933,false,0,NaN
936,F,0.8997424704988387,1.015985443405723,false,0,NaN
937,F,0.8998747589142717,1.006090529552966,false,0,NaN
938,F,0.8999968538796126,1.0036652322217503,false,0,NaN
939,F,0.9000356165675948,1.0024130875364226,false,0,NaN
940,F,0.9000571782427679,0.9998879279719791,true,0,NaN
941,F,0.9000521648559792,1.0000000115308134,true,0,NaN
942,F,0.9000521455273619,0.9999995262702557,true,0,NaN
943,F,0.9000518512916905,0.9995792354693133,true,0,NaN
944,F,0.8552088726242729,NaN,false,-300,NaN
945,F,0.8776303619579817,NaN,false,-300,NaN
946,F,0.8888411066248361,1.3867131018531575,false,0,NaN
947,F,0.8925789380131678,1.4713491614594114,false,0,NaN
948,F,0.8944464789582633,1.1357782569422408,false,0,NaN
949,F,0.8957614994570887,1.1000014996956706,false,0,NaN
950,F,0.8972491651249769,1.0622097082420277,false,0,NaN
951,F,0.8978538710494546,1.035468969561312,false,0,NaN
952,F,0.8986505082083337,1.0293254749019451,false,0,NaN
953,F,0.8989377122859761,1.0186244464342975,false,0,NaN
954,F,0.8993511797500121,1.0137999454613957,false,0,NaN
955,F,0.8994884826818793,1.008933196338791,false,0,NaN
956,F,0.8998766834062709,1.005161127371453,false,0,NaN
957,F,0.8999305773497082,1.0041917238505333,false,0,NaN
958,F,0.900029955306013,1.0000864805365675,false,0,NaN
959,F,0.9000348528276879,0.9999920812640297,true,0,NaN
960,F,0.9000342972519659,1.0000016329235366,false,0,NaN
961,F,0.9000343257814187,1.0000005334717308,true,0,NaN
962,F,0.9000348521242979,0.999992091242618,true,0,NaN
963,F,0.9000344157574395,1.0000005152522862,true,0,NaN
964,F,0.9000344005646845,1.000000561615725,true,0,NaN
965,F,0.9000346339408687,0.9999961689328207,true,0,NaN
966,F,0.9000347430325834,0.9999940942455723,true,0,NaN
967,F,0.9000347975784406,0.9999930837633032,true,0,NaN
968,F,0.9000347524492339,0.9999926731384966,true,0,NaN
969,F,0.9000344457299563,0.9999995696901928,true,0,NaN
970,F,0.9000344285980051,0.9999997837965585,true,0,NaN
971,F,0.9000344122943724,0.9999997893894121,true,0,NaN
972,F,0.9000343800996433,0.9999998081462553,true,0,NaN
973,F,0.9000343154527204,0.9999998216567269,true,0,NaN
974,F,0.9000341706796978,0.999999831415753,true,0,NaN
975,F,0.9000341257993196,0.9999997754194119,true,0,NaN
976,F,0.900034009433061,0.9999997822391541,true,0,NaN
977,F,0.9000337228703785,0.9999997954206145,true,0,NaN
978,F,0.9000330128372439,0.99999980876282,true,0,NaN
979,F,0.900031239940763,1.000559248109047,false,0,NaN
980,F,0.9000540790076258,1.0019452669773903,false,0,NaN
981,F,0.9000321263890034,0.9999999476886772,true,0,NaN
982,F,0.900030609772126,1.0024965454867982,false,0,NaN
983,F,0.9001395950951705,1.00000574005719,false,0,NaN
984,F,0.9000313680805647,1.0005555738464584,false,0,NaN
985,F,0.9000317472347841,1.0005570297103037,false,0,NaN
986,F,0.9000319368118938,1.0001911502372707,false,0,NaN
987,F,0.9000316800790957,1.0005569744118934,false,0,NaN
988,F,0.9000548217894283,1.0019400344128981,false,0,NaN
989,F,0.900031712144303,1.0005570526543495,false,0,NaN
990,F,0.9000548568996161,1.0019401569516428,false,0,NaN
991,F,0.9000317281769086,1.000557015108524,false,0,NaN
992,F,0.9000548712696309,1.0019402959657728,false,0,NaN
993,F,0.9000317361932153,1.0005569529446854,false,0,NaN
994,F,0.9000548766519955,1.001940409381774,false,0,NaN
995,F,0.9000317402013764,1.0005569047453347,false,0,NaN
996,F,0.9000548786320535,1.001940483399768,false,0,NaN
997,F,0.9000317422054728,1.0005568751794056,false,0,NaN
998,F,0.9000548793950062,1.0019405259350889,false,0,NaN
999,F,0.9000317432075523,1.000556858843787,false,0,NaN
1000,F,0.9000548797120098,1.0019405487724447,false,0,NaN
1001,F,0.9000317439593319,1.0005568458599825,false,0,NaN
1002,F,0.9000548799195669,1.0019405666418353,false,0,NaN
1003,F,0.9000317441809971,1.0005568419079347,false,0,NaN
1004,F,0.9000320686434669,1.0000004761927461,true,0,NaN
1005,F,0.9000320905998117,0.9999999823423056,true,0,NaN
1006,F,0.9000318926045273,1.0000000970540717,true,0,NaN
1007,F,0.9000317409190094,1.0000003518551108,true,0,NaN
1008,F,0.9000320905996176,0.9999999823420994,true,0,NaN
1009,F,0.9000316734986873,1.0000008408596797,true,0,NaN
1010,F,0.9000313930862195,1.0000016195894694,false,0,NaN
1011,F,0.9000318820491524,1.0000001457779366,true,0,NaN
1012,F,0.9000319863243851,0.9999999971585649,true,0,NaN
1013,F,0.8530031223133117,NaN,false,-300,NaN
1014,F,0.8765175519222453,NaN,false,-300,NaN
1015,F,0.8882747670545995,3.0895218210778816,false,0,NaN
1016,F,0.975274109601534,NaN,false,-300,NaN
1017,F,0.8941533746207835,1.4342541148740076,false,0,NaN
1018,F,0.9122339815362351,1.1146570415738921,false,0,NaN
1019,F,0.8970926784038895,1.1502073998914704,false,0,NaN
1020,F,0.9033467146785304,1.0167507783448266,false,0,NaN
1021,F,0.8985623302954704,1.0558270295514125,false,0,NaN
1022,F,0.9008867449337506,1.0013179207020544,false,0,NaN
1023,F,0.8992971562413166,1.029290940674283,false,0,NaN
1024,F,0.9005167141321583,1.0004259893525975,false,0,NaN
1025,F,0.8998482757010917,1.0108063334231354,false,0,NaN
1026,F,0.9002982083792752,1.0006884763786832,false,0,NaN
1027,F,0.9000090188808947,1.0026217475482329,false,0,NaN
1028,F,0.9001181780950328,1.000194052885132,false,0,NaN
1029,F,0.9000305470561839,1.000039301698231,false,0,NaN
1030,F,0.900032183540221,1.0000026940424447,false,0,NaN
1031,F,0.9000319397514165,1.0000006742483358,true,0,NaN
1032,F,0.9000319679427301,1.0000000340116368,true,0,NaN
1033,F,0.9000319855966824,0.9999999974192791,true,0,NaN
1034,F,0.9000319856075375,0.9999999971589983,true,0,NaN
1035,F,0.9000319708049551,0.9999997628615708,true,0,NaN
1036,F,0.8992574187591719,1.1134185246602137,false,0,NaN
1037,F,0.9042742263232838,1.0184295041329445,false,0,NaN
1038,F,0.8996446947820635,1.0501408290589285,false,0,NaN
1039,F,0.8998383327935093,1.0261727223826524,false,0,NaN
1040,F,0.8999351517992322,1.0169103951374316,false,0,NaN
1041,F,0.8992574187591719,1.1134185246602137,false,0,NaN
1042,F,0.9040318343744342,1.0184812753686463,false,0,NaN
1043,F,0.8996446857051178,1.0500934259926868,false,0,NaN
1044,F,0.9017534017637134,1.0025371922900306,false,0,NaN
1045,F,0.8998383191782107,1.02616768411027,false,0,NaN
1046,F,0.9009398700046681,1.001633449329278,false,0,NaN
1047,F,0.8999351359149971,1.0169093223999544,false,0,NaN
1048,F,0.90064695171266,1.0015350398261542,false,0,NaN
1049,F,0.8999835442838702,1.010864101535518,false,0,NaN
1050,F,0.9004408836973641,1.0014234549891976,false,0,NaN
1051,F,0.9000077484692666,1.0067562673483499,false,0,NaN
1052,F,0.9002921666866237,1.0016412327197346,false,0,NaN
1053,F,0.9000198505638843,1.0042277707171636,false,0,NaN
1054,F,0.9001978305344712,1.0008190956523781,false,0,NaN
1055,F,0.9000289271482851,1.0019552093755157,false,0,NaN
1056,F,0.9000315746242893,1.0000088172998072,false,0,NaN
1057,F,0.900031955774896,1.0000001151854565,true,0,NaN
1058,F,0.900031931798903,0.9999999749382051,true,0,NaN
1059,F,0.8992573618054837,1.113416962539048,false,0,NaN
1060,F,0.9042741337674322,1.0184297348666502,false,0,NaN
1061,F,0.9000319308032068,0.9999999749382174,true,0,NaN
1062,F,0.8999866742657681,1.010009616227668,false,0,NaN
1063,F,0.9004291220350502,1.000131777469464,false,0,NaN
1064,F,0.9000093025344874,1.0045508442664477,false,0,NaN
1065,F,0.900020616668847,1.0031933867527871,false,0,NaN
1066,F,0.900026273736027,1.0023817934898864,false,0,NaN
1067,F,0.9000318765865984,1.0000005912260361,true,0,NaN
1068,F,0.9000319028396356,1.000000000408149,true,0,NaN
1069,F,0.9000318766539608,1.0000005912255618,true,0,NaN
1070,F,0.9000319029069651,1.0000000004083964,true,0,NaN
1071,F,0.9000318921348021,1.0000002407230588,true,0,NaN
1072,F,0.9000319034568787,0.9999999810121727,true,0,NaN
1073,F,0.8999867687671753,1.0100089272413957,false,0,NaN
1074,F,0.9004291846311527,1.0001317509901173,false,0,NaN
1075,F,0.9000319033072296,0.9999999810114981,true,0,NaN
1076,F,0.8999867693258901,1.0100089192432882,false,0,NaN
1077,F,0.9004291848425606,1.000131750865188,false,0,NaN
1078,F,0.9000093363165598,1.0045504379282608,false,0,NaN
1079,F,0.9000206198118947,1.0031931836004362,false,0,NaN
1080,F,0.9000262615595621,1.002381669298029,false,0,NaN
1081,F,0.900031873725903,1.000000304316347,true,0,NaN
1082,F,0.9000318869366268,1.0000000003978018,true,0,NaN
1083,F,0.9000318738756513,1.0000003043122152,true,0,NaN
1084,F,0.9000318870861782,1.0000000003979372,true,0,NaN
1085,F,0.9000318739508172,1.0000003043101673,true,0,NaN
1086,F,0.9000318871612463,1.0000000003980087,true,0,NaN
1087,F,0.9000318739890043,1.0000003043091328,true,0,NaN
1088,F,0.900031887199384,1.0000000003980434,true,0,NaN
1089,F,0.9000318740095101,1.0000003043085803,true,0,NaN
1090,F,0.9000318872198635,1.0000000003980616,true,0,NaN
1091,F,0.9000318777880294,1.0000002352835546,true,0,NaN
1092,F,0.9000318881779252,0.9999999950038702,true,0,NaN
1093,F,0.9000318724062359,1.0000000116143912,true,0,NaN
1094,F,0.9000318731168527,0.9999999950474132,true,0,NaN
1095,F,0.8999738224502596,1.011533881282216,false,0,NaN
1096,F,0.9004838534889904,1.0000572898048083,false,0,NaN
1097,F,0.9000318731110197,0.9999999950473913,true,0,NaN
1098,F,0.8999738225893749,1.0115338798286173,false,0,NaN
1099,F,0.9004838535650578,1.00005728957747,false,0,NaN
1100,F,0.9000028478501972,1.007841558661939,false,0,NaN
1101,F,0.9000173604806085,1.0045585682505467,false,0,NaN
1102,F,0.9000246167958141,1.0031965220520835,false,0,NaN
1103,F,0.90003184481207,1.0000000096328439,true,0,NaN
1104,F,0.9000318454388988,0.9999999950211627,true,0,NaN
1105,F,0.9000314160993189,1.0000290707052606,false,0,NaN
1106,F,0.9000326615972442,1.0000337423976917,false,0,NaN
1107,F,0.9000316298224552,1.000013153801508,false,0,NaN
1108,F,0.9000321934977722,1.0000028370906866,false,0,NaN
1109,F,0.9000317376310487,1.0000011994523295,false,0,NaN
1110,F,0.9000317892252687,1.0000000421428248,true,0,NaN
1111,F,0.9000317915353455,1.0000001875965392,true,0,NaN
1112,F,0.9000317997853219,0.9999999968630735,true,0,NaN
1113,F,0.900031681720568,1.00000449890503,false,0,NaN
1114,F,0.9000318685730025,1.0000010596561053,false,0,NaN
1115,F,0.9000317325397857,1.0000010192715338,false,0,NaN
1116,F,0.900031774973755,1.0000001116702248,true,0,NaN
1117,F,0.9000317606314588,1.0000005552532252,true,0,NaN
1118,F,0.9000317838068447,1.0000000367407698,true,0,NaN
1119,F,0.9000317798915829,1.0000002026741805,true,0,NaN
1120,F,0.9000317884335527,1.0000000064925505,true,0,NaN
1121,F,0.9000317898384523,1.0000000534776385,true,0,NaN
1122,F,0.9000317921881793,0.9999999983803308,true,0,NaN
1123,F,0.9000317859722214,1.0000000109356426,true,0,NaN
1124,F,0.9000317865121713,0.9999999984292879,true,0,NaN
1125,F,0.9000317945725695,0.9999997692694718,true,0,NaN
1126,F,0.9000317899303236,0.9999997749603847,true,0,NaN
1127,F,0.9000317803244241,0.9999997821523225,true,0,NaN
1128,F,0.9000317593687149,0.999999775201594,true,0,NaN
1129,F,0.900031716170613,0.9999998455464958,true,0,NaN
1130,F,0.9000316290663795,0.9999997750292096,true,0,NaN
1131,F,0.8962776622089357,NaN,false,-300,NaN
1132,F,0.8981546456891483,3.421872997760016,false,0,NaN
1133,F,0.8990931374292546,1.2930198979730654,false,0,NaN
1134,F,0.9118647342505926,1.1339630995735928,false,0,NaN
1135,F,0.8995623832993077,1.07665199866389,false,0,NaN
1136,F,0.9029033528824466,1.0128979565853597,false,0,NaN
1137,F,0.8997970062343342,1.0232787445370572,false,0,NaN
1138,F,0.9008116452214516,1.0013045590270933,false,0,NaN
1139,F,0.8999143177018476,1.0105520381337485,false,0,NaN
1140,F,0.9003742495237949,1.00079916750719,false,0,NaN
1141,F,0.8999729734356042,1.0050662927004264,false,0,NaN
1142,F,0.9001938031519688,0.9996886832035099,true,0,NaN
1143,F,0.9000169652359217,1.0012970453079837,false,0,NaN
1144,F,0.900073508257078,1.000004498702475,false,0,NaN
1145,F,0.900029796177681,1.0011114456456185,false,0,NaN
1146,F,0.9000315146073813,1.0000367632850873,false,0,NaN
1147,F,0.9000331268832149,1.0000922910677188,false,0,NaN
1148,F,0.9000316255893119,0.9999997736538925,true,0,NaN
1149,F,0.9000316163267696,0.9999997734681332,true,0,NaN
1150,F,0.9000315937428949,0.9999997823678654,true,0,NaN
1151,F,0.90003154907389,1.0000007393072827,true,0,NaN
1152,F,0.9000315514359548,1.0000350720686155,false,0,NaN
1153,F,0.9000315714083924,0.9999998559882263,true,0,NaN
1154,F,0.9000315327000327,0.9999998255172949,true,0,NaN
1155,F,0.9000314343304052,1.0000002916592299,true,0,NaN
1156,F,0.9000313286759486,1.0000009188863577,true,0,NaN
1157,F,0.900031483515219,0.999999984120129,true,0,NaN
1158,F,0.9000242884151539,0.9996862793335874,true,0,NaN
1159,F,0.8999996802416621,0.999075038036927,true,0,NaN
1160,F,0.8999302076828166,0.9960058081479467,true,0,NaN
1161,F,0.8997342501665825,0.9999916870482137,true,0,NaN
1162,F,0.8997257018862161,0.9995345953288683,true,0,NaN
1163,F,0.8996632377294733,0.9952675793056711,true,0,NaN
1164,F,0.8984506816475392,1.189337882076839,false,0,NaN
1165,F,0.8990569596885063,1.0078317591889951,false,0,NaN
1166,F,0.8993600987089898,0.9843083745373524,true,0,NaN
1167,F,0.8985150374922415,1.00641996301714,false,0,NaN
1168,F,0.8988080982184926,0.9992520352928868,true,0,NaN
1169,F,0.8987730669693854,0.9993536089469477,true,0,NaN
1170,F,0.8987403300020791,0.9967894491727045,true,0,NaN
1171,F,0.8934440114492798,NaN,false,-300,NaN
1172,F,0.8960921255752334,NaN,false,-300,NaN
1173,F,0.8974161826383849,NaN,false,-300,NaN
1174,F,0.89807821117031,1.6936311307532046,false,0,NaN
1175,F,0.8984092254369711,1.1437114319413824,false,0,NaN
1176,F,0.9039461437270464,1.0743522400887282,false,0,NaN
1177,F,0.898574732571699,1.0380273938863556,false,0,NaN
1178,F,0.9001286652936618,1.0124651334695518,false,0,NaN
1179,F,0.8986574861418574,1.0081084809030414,false,0,NaN
1180,F,0.8990839262559476,1.0048502147794633,false,0,NaN
1181,F,0.898719551339038,0.9984127262127316,true,0,NaN
1182,F,0.8883756025117913,1.3838405032701577,false,0,NaN
1183,F,0.8882000297358338,1.4050093017324676,false,0,NaN
1184,F,0.89870737503562,0.9986179690936751,true,0,NaN
1185,F,0.8986491310925346,0.9999900537796174,true,0,NaN
1186,F,0.895314073850366,NaN,false,-300,NaN
1187,F,0.8969816024714503,NaN,false,-300,NaN
1188,F,0.8978153667819925,2.1552944645650554,false,0,NaN
1189,F,0.8982322489372636,1.17041921801089,false,0,NaN
1190,F,0.8978873940008435,1.7741364990245205,false,0,NaN
1191,F,0.9246318838736672,NaN,false,-300,NaN
1192,F,0.898268167463282,1.1393776355579197,false,0,NaN
1193,F,0.9030838159320796,1.5927536276515746,false,0,NaN
1194,F,0.8984585541945197,1.0341177470546283,false,0,NaN
1195,F,0.8996377050823972,1.0455531450724416,false,0,NaN
1196,F,0.8985537475601755,1.0076455824849404,false,0,NaN
1197,F,0.8988183014173933,1.0047792137517333,false,0,NaN
1198,F,0.8986013442430772,1.0012527441764456,false,0,NaN
1199,F,0.8986450076263647,1.000767897633018,false,0,NaN
1200,F,0.898625142584676,1.0010714853156022,false,0,NaN
1201,F,0.898662523046697,1.0000609416163209,false,0,NaN
1202,F,0.8986370417557709,1.0000227311692749,false,0,NaN
1203,F,0.89863818119381,1.0002781749564578,false,0,NaN
1204,F,0.8986459661361609,0.999999228008618,true,0,NaN
1205,F,0.8977914355962173,1.1366078857848332,false,0,NaN
1206,F,0.898218700866189,1.0462193379170253,false,0,NaN
1207,F,0.8998541298111686,1.0522485212556416,false,0,NaN
1208,F,0.898432333501175,1.020909721918703,false,0,NaN
1209,F,0.8991722198204014,1.0146133906525716,false,0,NaN
1210,F,0.8985391498186679,1.0103763535863477,false,0,NaN
1211,F,0.8989063287710577,1.005874107807658,false,0,NaN
1212,F,0.8985925579774144,1.0047388214692856,false,0,NaN
1213,F,0.8987602613504347,1.0044145709936771,false,0,NaN
1214,F,0.8986192620567877,1.0017968958216252,false,0,NaN
1215,F,0.898682869823638,1.0016965149573982,false,0,NaN
1216,F,0.8986326140964742,1.000584942593734,false,0,NaN
1217,F,0.898653338724518,1.000014752586962,false,0,NaN
1218,F,0.8986426281262392,1.000000754216931,true,0,NaN
1219,F,0.8986426821288207,0.9999992345013946,true,0,NaN
1220,F,0.8986047346367853,1.0043532333965868,false,0,NaN
1221,F,0.8987488271024076,1.0044105866166986,false,0,NaN
1222,F,0.8986426623796623,0.9999992349788677,true,0,NaN
1223,F,0.8986119223546617,1.0034152875680473,false,0,NaN
1224,F,0.8987424869038084,1.0011169170078131,false,0,NaN
1225,F,0.898627292367162,1.0017312689820266,false,0,NaN
1226,F,0.8986349773734121,1.000568887012825,false,0,NaN
1227,F,0.8986388198765372,1.000562426343678,false,0,NaN
1228,F,0.898629642056062,1.000585979574996,false,0,NaN
1229,F,0.8986505719430985,1.0011513097712086,false,0,NaN
1230,F,0.8986361523363258,1.0005670891625447,false,0,NaN
1231,F,0.8986564083872065,1.0000077481100287,false,0,NaN
1232,F,0.8986394074764581,1.0005619878010286,false,0,NaN
1233,F,0.8986410350465253,1.0000000717391924,true,0,NaN
1234,F,0.8986410651313631,0.9999992392947826,true,0,NaN
1235,F,0.8985297772685794,1.0215453060614488,false,0,NaN
1236,F,0.8993427173937362,1.035018458599727,false,0,NaN
1237,F,0.898641026904741,0.9999992512683941,true,0,NaN
1238,F,0.8985969827576967,1.0033934023920945,false,0,NaN
1239,F,0.8987337057248038,0.9999156713608721,true,0,NaN
1240,F,0.8986190048312188,1.001438159171515,false,0,NaN
1241,F,0.89863001586798,1.0008739881482405,false,0,NaN
1242,F,0.8986355213863605,1.0007102193017086,false,0,NaN
1243,F,0.8986395804478735,1.0005585280013636,false,0,NaN
1244,F,0.8986599204815396,0.9999995305949843,true,0,NaN
1245,F,0.8986395950135241,1.0005585090133013,false,0,NaN
1246,F,0.8986396046913009,1.0005584965954932,false,0,NaN
1247,F,0.89864026597597,1.000558094043553,false,0,NaN
1248,F,0.8986406464403556,1.0000306086521455,false,0,NaN
1249,F,0.8986417868607525,1.0002403168164624,false,0,NaN
1250,F,0.8986408366725482,1.0000004722094349,true,0,NaN
1251,F,0.8986408810763186,0.9999993954232668,true,0,NaN
1252,F,0.8986145556640598,1.0011612564648382,false,0,NaN
1253,F,0.8986615495041116,1.0000161902166922,false,0,NaN
1254,F,0.8986408798940536,0.9999993954406824,true,0,NaN
1255,F,0.8986265100250436,1.000130226358798,false,0,NaN
1256,F,0.8986318256149234,0.9997539753630375,true,0,NaN
1257,F,0.8986202579795235,1.0002509557413417,false,0,NaN
1258,F,0.8986305209240519,0.9996961804901697,true,0,NaN
1259,F,0.8788496812459237,NaN,false,-300,NaN
1260,F,0.8887400901518403,NaN,false,-300,NaN
1261,F,0.8936852946048396,2.8231024359451906,false,0,NaN
1262,F,0.8961578968314213,1.3572169547678603,false,0,NaN
1263,F,0.9096625768029764,1.452878227528755,false,0,NaN
1264,F,0.8973941979448762,1.1174192504360294,false,0,NaN
1265,F,0.9018409666147605,1.069936971164945,false,0,NaN
1266,F,0.8980123485019318,1.0530947577169663,false,0,NaN
1267,F,0.9000293797522594,1.0179297145682051,false,0,NaN
1268,F,0.8983214237811158,1.028597438910249,false,0,NaN
1269,F,0.8994131147268586,1.0056869145976524,false,0,NaN
1270,F,0.8985532302450973,1.0085443472817435,false,0,NaN
1271,F,0.898887453209384,1.004261915126979,false,0,NaN
1272,F,0.8986208405112248,1.0009189678660442,false,0,NaN
1273,F,0.8986670290204918,1.001223077618986,false,0,NaN
1274,F,0.898629896291639,1.0000005438246702,true,0,NaN
1275,F,0.8986304982708058,0.9996961926070036,true,0,NaN
1276,F,0.8986303467617823,0.999701829617766,true,0,NaN
1277,F,0.8986267952849761,0.9997913996283266,true,0,NaN
1278,F,0.8986181741963171,0.9999990106487673,true,0,NaN
1279,F,0.8986173568272059,0.9997876954979915,true,0,NaN
1280,F,0.8985509703446639,1.0044312172745957,false,0,NaN
1281,F,0.8986806867202863,1.0051141079804184,false,0,NaN
1282,F,0.8985841635859348,1.0014974921574478,false,0,NaN
1283,F,0.8986007602065704,1.0007007849148815,false,0,NaN
1284,F,0.8986090585168881,1.0002779185009731,false,0,NaN
1285,F,0.8985509703446639,1.0044312172745957,false,0,NaN
1286,F,0.8987165658162253,1.0019800792121476,false,0,NaN
1287,F,0.8985840987785535,1.0014977559311662,false,0,NaN
1288,F,0.8986440441844997,1.001609686008325,false,0,NaN
1289,F,0.8986006629955037,1.0007010401913599,false,0,NaN
1290,F,0.8986328142513516,1.0006688678637747,false,0,NaN
1291,F,0.8986089451039893,1.000278075433533,false,0,NaN
1292,F,0.8986262800035971,1.0004168802504054,false,0,NaN
1293,F,0.8986130861582533,1.0002835897673148,false,0,NaN
1294,F,0.8986311195934972,0.9998029198534198,true,0,NaN
1295,F,0.8986151566854278,1.0003533360571937,false,0,NaN
1296,F,0.898636042014631,0.9997957825849991,true,0,NaN
1297,F,0.8986161919490998,1.0001002261038299,false,0,NaN
1298,F,0.8986277445528924,1.000040088776835,false,0,NaN
1299,F,0.8986169683974474,0.9997894189158205,true,0,NaN
1300,F,0.898608104006967,1.0002127312479407,false,0,NaN
1301,F,0.8986168984096372,0.9999969683484993,true,0,NaN
1302,F,0.8986081056443365,1.0000124428232502,false,0,NaN
1303,F,0.8986086256200296,0.9999997807565352,true,0,NaN
1304,F,0.8529960055097899,NaN,false,-300,NaN
1305,F,0.8758023155787689,NaN,false,-300,NaN
1306,F,0.8872054706132583,1.4287381765610836,false,0,NaN
1307,F,0.887646301848849,1.3978703996597504,false,0,NaN
1308,F,0.892907048130503,1.1656753027641138,false,0,NaN
1309,F,0.8930773966532386,1.1487519407503997,false,0,NaN
1310,F,0.8957578368891254,1.072453280502466,false,0,NaN
1311,F,0.8958323340090568,1.0695553862615033,false,0,NaN
1312,F,0.8971832312684366,1.0345614538781653,false,0,NaN
1313,F,0.8972187678010664,1.0315304000037961,false,0,NaN
1314,F,0.8978959284580922,1.0169522302826268,false,0,NaN
1315,F,0.8979133590888869,1.01549770481222,false,0,NaN
1316,F,0.898430451350334,1.004085448369627,false,0,NaN
1317,F,0.8984346522842608,1.0030763715953641,false,0,NaN
1318,F,0.8985863538605717,1.000548429117518,false,0,NaN
1319,F,0.8985869180115921,1.000556565322445,false,0,NaN
1320,F,0.89860723366106,1.000020776625289,false,0,NaN
1321,F,0.8986072552768474,1.000019809611828,false,0,NaN
1322,F,0.8986085821485075,0.9999997921983221,true,0,NaN
1323,F,0.8985893114942209,1.000469450033271,false,0,NaN
1324,F,0.8986086064452028,0.9999985279802182,true,0,NaN
1325,F,0.8986085821248406,0.9999997921967939,true,0,NaN
1326,F,0.8985893130356402,1.0004694116101174,false,0,NaN
1327,F,0.898608606409463,0.9999985280740596,true,0,NaN
1328,F,0.8985989475802404,1.000227071834195,false,0,NaN
1329,F,0.8986037648525405,1.0001059638425442,false,0,NaN
1330,F,0.8986061734886905,1.0000456621001312,false,0,NaN
1331,F,0.8986079743184902,1.0000055902530607,false,0,NaN
1332,F,0.8986079811849876,1.0000039426264389,false,0,NaN
1333,F,0.8986082782216654,1.0000014732432232,false,0,NaN
1334,F,0.8986082802124878,1.0000005332168238,true,0,NaN
1335,F,0.898608430173253,1.0000002467384508,true,0,NaN
1336,F,0.8986084307115557,0.9999999017997099,true,0,NaN
1337,F,0.8986078649287139,1.0000027860461973,false,0,NaN
1338,F,0.8986079891458374,0.9999997561391712,true,0,NaN
1339,F,0.8986069753871327,0.9999227305541589,true,0,NaN
1340,F,0.898600155319316,0.9999319421825454,true,0,NaN
1341,F,0.898580689566046,1.0004250148549965,false,0,NaN
1342,F,0.8985751820364262,1.001774861685123,false,0,NaN
1343,F,0.8985904224426811,0.9999991546214138,true,0,NaN
1344,F,0.8985952888809985,0.9998934988211897,true,0,NaN
1345,F,0.8810719826312986,2.431235791717268,false,0,NaN
1346,F,0.8977583622004506,NaN,false,-300,NaN
1347,F,0.8898336283076266,1.3549356234756824,false,0,NaN
1348,F,0.8939726575786315,1.3497034192633923,false,0,NaN
1349,F,0.8942144511474857,1.1455827221072337,false,0,NaN
1350,F,0.8959128748483046,1.1253439128414147,false,0,NaN
1351,F,0.8964048625708053,1.0666138525157365,false,0,NaN
1352,F,0.897182678715695,1.0586729607930518,false,0,NaN
1353,F,0.8975000682892456,1.0293437176146718,false,0,NaN
1354,F,0.8978433946412352,1.0272041300728771,false,0,NaN
1355,F,0.8980476711620266,1.014655689242978,false,0,NaN
1356,F,0.8982197666232005,1.012697609562706,false,0,NaN
1357,F,0.8983214726255385,1.0073460202576965,false,0,NaN
1358,F,0.8984083530326413,1.0065786745796952,false,0,NaN
1359,F,0.8985268239130241,1.001329798116348,false,0,NaN
1360,F,0.8985435680805387,1.002413325327641,false,0,NaN
1361,F,0.8985867200006463,1.0000943869257866,false,0,NaN
1362,F,0.8985890619248458,1.0000446846049067,false,0,NaN
1363,F,0.8985947526157401,0.9999030620880112,true,0,NaN
1364,F,0.898590135455752,1.0000014462442044,false,0,NaN
1365,F,0.8985900667715508,0.999999855849264,true,0,NaN
1366,F,0.898594752122568,0.9999030723905278,true,0,NaN
1367,F,0.8985900017646947,1.000001192563212,false,0,NaN
1368,F,0.8985899408170162,0.9999990741046625,true,0,NaN
1369,F,0.8985837848739959,1.0013899276571148,false,0,NaN
1370,F,0.8986331034592624,1.0014632128608703,false,0,NaN
1371,F,0.898586862845506,1.0005996691724237,false,0,NaN
1372,F,0.8985884018312611,1.0005952270426572,false,0,NaN
1373,F,0.8985891713241386,1.0005951123129626,false,0,NaN
1374,F,0.8985837848739959,1.0013899276571148,false,0,NaN
1375,F,0.8986360962963816,1.0007834314021793,false,0,NaN
1376,F,0.8985868616195608,1.0005996707841291,false,0,NaN
1377,F,0.8986094488826889,1.0005547080729424,false,0,NaN
1378,F,0.8985883999923432,1.0005952284608155,false,0,NaN
1379,F,0.8986108266593603,1.0005541215208815,false,0,NaN
1380,F,0.8985891691787344,1.0005951138034332,false,0,NaN
1381,F,0.8986115948152636,1.0005537038389585,false,0,NaN
1382,F,0.8985895537719301,1.0000026199106458,false,0,NaN
1383,F,0.8985896855582627,1.00000057736942,true,0,NaN
1384,F,0.8985897460685278,0.9999996731996029,true,0,NaN
1385,F,0.8985847208722937,1.0003958704627267,false,0,NaN
1386,F,0.8985933502831939,1.0045947706957334,false,0,NaN
1387,F,0.8985872334704108,1.0005956953283766,false,0,NaN
1388,F,0.8985884897694693,1.0005943299590419,false,0,NaN
1389,F,0.8985891179189985,1.0005947684198797,false,0,NaN
1390,F,0.898586638917274,1.0005884022978233,false,0,NaN
1391,F,0.898608803401923,1.0005521595617481,false,0,NaN
1392,F,0.8985881916162297,1.0005943828430832,false,0,NaN
1393,F,0.8986105822921199,1.0005531218089003,false,0,NaN
1394,F,0.8985889679657076,1.0005946001164912,false,0,NaN
1395,F,0.8986113673297282,1.0005528582663044,false,0,NaN
1396,F,0.8985893561404467,1.0005498430129858,false,0,NaN
1397,F,0.8986100705875721,1.0005980253559599,false,0,NaN
1398,F,0.8985895502278161,1.0000018096994376,false,0,NaN
1399,F,0.8985896305433033,1.000000288640443,true,0,NaN
1400,F,0.8985896472715009,0.9999996878679596,true,0,NaN
1401,F,0.8985879168758798,1.0005964105232943,false,0,NaN
1402,F,0.8986118217830379,1.0000056470576937,false,0,NaN
1403,F,0.8985893618218938,1.0005897910963417,false,0,NaN
1404,F,0.8985895045466973,1.0000285311980373,false,0,NaN
1405,F,0.8985895759090992,1.0000008211160643,true,0,NaN
1406,F,0.8985893609095504,1.0005899717900426,false,0,NaN
1407,F,0.8986119393972886,1.0005543580557226,false,0,NaN
1408,F,0.8985895035442372,1.0000294990677496,false,0,NaN
1409,F,0.8985906436353917,1.0003055904495783,false,0,NaN
1410,F,0.8985895748615805,1.000000869045151,true,0,NaN
1411,F,0.8985896199350012,0.9999998582173172,true,0,NaN
1412,F,0.8985891874822715,1.0000031370903395,false,0,NaN
1413,F,0.8985889350021176,1.0000314284367495,false,0,NaN
1414,F,0.8985896144684374,0.999999857646372,true,0,NaN
1415,F,0.8985888839128597,1.0000154954369536,false,0,NaN
1416,F,0.89858849929166,1.0005508771574465,false,0,NaN
1417,F,0.8985892491906485,1.0000045262979236,false,0,NaN
1418,F,0.898589431829543,1.0000008973550198,true,0,NaN
1419,F,0.8985895231489902,1.0000000990825104,true,0,NaN
1420,F,0.8985895591044012,1.0000001210471,true,0,NaN
1421,F,0.8985895667282736,0.9999999035115202,true,0,NaN
1422,F,0.8973879750504428,1.1259061917080992,false,0,NaN
1423,F,0.9021894350917928,1.0456437862805137,false,0,NaN
1424,F,0.8979887669957559,1.0482578348787985,false,0,NaN
1425,F,0.8998290923079948,1.008372019633593,false,0,NaN
1426,F,0.8982891629685075,1.0248650329863267,false,0,NaN
1427,F,0.8992373993696147,1.0036305107177717,false,0,NaN
1428,F,0.8984393609550735,1.0140961109025126,false,0,NaN
1429,F,0.8989769224819192,1.0009046395446026,false,0,NaN
1430,F,0.8985144599487367,1.0109481881487423,false,0,NaN
1431,F,0.8989319748477931,0.9992747069235113,true,0,NaN
1432,F,0.898552009446329,1.0065539052956358,false,0,NaN
1433,F,0.8988019475401932,1.0014621739257819,false,0,NaN
1434,F,0.8985707841966463,1.0035073375769603,false,0,NaN
1435,F,0.8987045408560959,1.0007536459092707,false,0,NaN
1436,F,0.8985848652700325,1.0006057899359146,false,0,NaN
1437,F,0.8986079708630731,1.0000496791004172,false,0,NaN
1438,F,0.8985889723598157,1.0005136773699304,false,0,NaN
1439,F,0.8985895244107565,1.0000002661571146,true,0,NaN
1440,F,0.8985895382403145,0.9999999234015586,true,0,NaN
1441,F,0.8985893000356354,1.0001256818877482,false,0,NaN
1442,F,0.898589419137975,1.0000047233499927,false,0,NaN
1443,F,0.898589607768481,1.0000013898255278,false,0,NaN
1444,F,0.8985894786891447,1.0000004871894042,true,0,NaN
1445,F,0.89858950084513,0.9999999499564189,true,0,NaN
1446,F,0.8985878719631675,1.000554468030062,false,0,NaN
1447,F,0.898607569443269,1.000005395751896,false,0,NaN
1448,F,0.8985895008404391,0.9999999499557402,true,0,NaN
1449,F,0.898589159547449,1.000174074799362,false,0,NaN
1450,F,0.8985959745826013,1.0003799662480237,false,0,NaN
1451,F,0.898589330193944,1.000001610868688,false,0,NaN
1452,F,0.8985894155171916,1.0000000981960657,true,0,NaN
1453,F,0.8985894581788153,0.9999999659353277,true,0,NaN
1454,F,0.8985858842971499,1.0009185840508217,false,0,NaN
1455,F,0.8986235643292143,0.9999913587151915,true,0,NaN
1456,F,0.8985876712379827,1.000570831961725,false,0,NaN
1457,F,0.898588564708399,1.0005540084781646,false,0,NaN
1458,F,0.8985890114436071,1.000552664443172,false,0,NaN
1459,F,0.8985888567642011,1.000552163230437,false,0,NaN
1460,F,0.8986090952873589,1.0000740952005465,false,0,NaN
1461,F,0.898589143326225,1.0003548236580844,false,0,NaN
1462,F,0.8986021489675388,0.9997117092776424,true,0,NaN
1463,F,0.8985892866072368,1.0000042423184496,false,0,NaN
1464,F,0.898589443698173,1.0000001252320911,true,0,NaN
1465,F,0.8985893582477428,1.0000004285170558,true,0,NaN
1466,F,0.8985893753850969,0.9999999940185955,true,0,NaN
1467,F,0.8985887392207031,1.0000082672476975,false,0,NaN
1468,F,0.8985890880460177,0.9999997534759293,true,0,NaN
1469,F,0.8985885075298061,1.0000074303946718,false,0,NaN
1470,F,0.8985888220468201,0.9999997569515774,true,0,NaN
1471,F,0.8985223726561425,1.0296125536735432,false,0,NaN
1472,F,0.8994109572401489,1.0053300583787148,false,0,NaN
1473,F,0.8985555619057056,1.0099640005190114,false,0,NaN
1474,F,0.8988545567560995,1.0003477535375476,false,0,NaN
1475,F,0.8985721568015511,1.003474837948169,false,0,NaN
1476,F,0.8986764328041283,0.9990569247510706,true,0,NaN
1477,F,0.898580454791679,1.0013475705622916,false,0,NaN
1478,F,0.8986208983582751,0.99907001108664,true,0,NaN
1479,F,0.8985846048717739,1.0000919336599854,false,0,NaN
1480,F,0.8985873708230808,1.0000321487962491,false,0,NaN
1481,F,0.8985866820868621,1.0000233115591393,false,0,NaN
1482,F,0.8985873889101588,1.0000067358954847,false,0,NaN
1483,F,0.8985877250848083,1.0000058085192303,false,0,NaN
1484,F,0.8985879066983069,1.0000009043909581,true,0,NaN
1485,F,0.8985885208693484,1.0000002614138204,true,0,NaN
1486,F,0.8985885360320973,0.9999997990126812,true,0,NaN
1487,F,0.8985864581857499,1.0001475279466723,false,0,NaN
1488,F,0.8985916919906067,1.000029461152756,false,0,NaN
1489,F,0.8985874829616098,1.0001320397368365,false,0,NaN
1490,F,0.8985921680434394,1.00002093283265,false,0,NaN
1491,F,0.8985879960749658,1.0000163136968494,false,0,NaN
1492,F,0.8985885811643716,1.0000012125962197,false,0,NaN
1493,F,0.8985882541007278,1.0000004498026862,true,0,NaN
1494,F,0.8985882771571988,0.9999998643737654,true,0,NaN
1495,F,0.8985774405020435,1.0007043878993018,false,0,NaN
1496,F,0.89859837406858,1.000183824578042,false,0,NaN
1497,F,0.8985828561070415,1.0003927864555304,false,0,NaN
1498,F,0.8985945310337744,1.0002869636163916,false,0,NaN
1499,F,0.8985855639394883,1.0000645974419906,false,0,NaN
1500,F,0.8985874873585676,1.0000363958514407,false,0,NaN
1501,F,0.8985869179156134,1.0000302616481973,false,0,NaN
1502,F,0.8985878211123751,1.000008205340376,false,0,NaN
1503,F,0.8985875950235256,1.000014386653553,false,0,NaN
1504,F,0.8985880265252415,1.0000036693357832,false,0,NaN
1505,F,0.8985879338175528,1.0000065650951717,false,0,NaN
1506,F,0.8985881329166493,1.0000015996989948,false,0,NaN
1507,F,0.8985881036977093,1.0000027058031686,false,0,NaN
1508,F,0.8985881881253391,1.000000580837964,true,0,NaN
1509,F,0.8985882333906499,1.00000019240816,true,0,NaN
1510,F,0.8985882431375632,0.9999999148141678,true,0,NaN
1511,F,0.8985880831414993,1.0000022609411943,false,0,NaN
1512,F,0.8985881724537959,1.0000000565919553,true,0,NaN
1513,F,0.8985881630861687,1.0000008356154393,true,0,NaN
1514,F,0.8985881981392052,0.9999999612896321,true,0,NaN
1515,F,0.8985881946494592,0.9999997714343923,true,0,NaN
1516,F,0.8985860023934205,1.0000299487331248,false,0,NaN
1517,F,0.8985872446419421,0.999999736868237,true,0,NaN
1518,F,0.8985849873533531,1.00057378736293,false,0,NaN
1519,F,0.8986048823736043,1.0010032738016612,false,0,NaN
1520,F,0.8985861159976476,1.0000137335110268,false,0,NaN
1521,F,0.8985866803197948,1.0000046028921985,false,0,NaN
1522,F,0.8985869624808684,1.0000111504175517,false,0,NaN
1523,F,0.8985849873533531,1.00057378736293,false,0,NaN
1524,F,0.8986068366882745,1.0015695151458344,false,0,NaN
1525,F,0.8985861152198177,1.0000139071066996,false,0,NaN
1526,F,0.8985866542620872,1.0000215814052529,false,0,NaN
1527,F,0.89858667915305,1.0000046141327814,false,0,NaN
1528,F,0.898586864637057,0.9999999359458391,true,0,NaN
1529,F,0.8983260606719351,1.0212757702207564,false,0,NaN
1530,F,0.8991667009881272,1.0026928575908018,false,0,NaN
1531,F,0.8984564626544961,1.0122174740345677,false,0,NaN
1532,F,0.8989391960199324,1.001143490163007,false,0,NaN
1533,F,0.8985216636457765,1.0083341103561312,false,0,NaN
1534,F,0.898850959452509,1.0020092133417418,false,0,NaN
1535,F,0.8985542641414167,1.005327055998145,false,0,NaN
1536,F,0.898764746692996,1.001472997231175,false,0,NaN
1537,F,0.8985705643892369,1.0037402367677117,false,0,NaN
1538,F,0.8987183493186043,1.0010565369545004,false,0,NaN
1539,F,0.8985787145131469,1.0017007411557324,false,0,NaN
1540,F,0.8986459158934054,1.001485822854474,false,0,NaN
1541,F,0.898582789575102,1.0015757961309804,false,0,NaN
1542,F,0.8985858458715682,1.0005610407741377,false,0,NaN
1543,F,0.8985867372913708,1.00000088065603,true,0,NaN
1544,F,0.8985867746182961,0.9999999558240755,true,0,NaN
1545,F,0.8985627639583108,1.0044357768000194,false,0,NaN
1546,F,0.8987429384866572,0.9999410546657572,true,0,NaN
1547,F,0.8985867745400359,0.9999999558233967,true,0,NaN
1548,F,0.89856276404739,1.0044357747220283,false,0,NaN
1549,F,0.8987429384996022,0.9999410545386599,true,0,NaN
1550,F,0.8985747692937129,1.0027727468276393,false,0,NaN
1551,F,0.8985807719168745,1.002011502473941,false,0,NaN
1552,F,0.8985837732284552,1.0009312541172497,false,0,NaN
1553,F,0.8985867733569295,0.9999999559576692,true,0,NaN
1554,F,0.8985842580619139,1.0013459022221964,false,0,NaN
1555,F,0.8986374123700062,1.0001539320115092,false,0,NaN
1556,F,0.898586773237994,0.9999999559482128,true,0,NaN
1557,F,0.8985686767688944,1.0028617933952573,false,0,NaN
1558,F,0.8986855946236287,1.000486700328627,false,0,NaN
1559,F,0.8985777250034442,1.0020330077418613,false,0,NaN
1560,F,0.898582249120719,1.0009659566471758,false,0,NaN
1561,F,0.8985845111793566,1.0008019639361856,false,0,NaN
1562,F,0.8985866765209012,1.0000055647424029,false,0,NaN
1563,F,0.8985868961009192,1.0000032064125957,false,0,NaN
1564,F,0.8985866773725157,1.0000055656376676,false,0,NaN
1565,F,0.8985868969872087,1.0000032077172576,false,0,NaN
1566,F,0.8985866777990665,1.0000055660865461,false,0,NaN
1567,F,0.8985868974311454,1.0000032083713999,false,0,NaN
1568,F,0.8985866780138521,1.0000055663126888,false,0,NaN
1569,F,0.8985868976546899,1.0000032087009483,false,0,NaN
1570,F,0.8985866781244667,1.000005566429188,false,0,NaN
1571,F,0.8985868977698168,1.0000032088707163,false,0,NaN
1572,F,0.8985866781887266,1.0000055664968739,false,0,NaN
1573,F,0.8985868978366984,1.0000032089693474,false,0,NaN
1574,F,0.8985867115617395,1.000001199251163,false,0,NaN
1575,F,0.8985867602359395,1.000000116300376,true,0,NaN
1576,F,0.8985867578189328,0.9999999940526304,true,0,NaN
1577,F,0.89858675931069,0.9999999563585164,true,0,NaN
1578,F,0.8985687057603292,1.0027967857523774,false,0,NaN
1579,F,0.8986829679470582,1.0005031331928298,false,0,NaN
1580,F,0.8985867592642517,0.9999999563579984,true,0,NaN
1581,F,0.8985687057420074,1.0027967843824528,false,0,NaN
1582,F,0.8986829678728513,1.000503133750788,false,0,NaN
1583,F,0.8985777325031296,1.0020326258137893,false,0,NaN
1584,F,0.8985822458836906,1.000966038870784,false,0,NaN
1585,F,0.8985845025739712,1.0008019811107354,false,0,NaN
1586,F,0.8985867303169798,1.000000315494366,true,0,NaN
1587,F,0.8985867446365876,0.9999999704176459,true,0,NaN
1588,F,0.898568720789303,1.0028374576085448,false,0,NaN
1589,F,0.8986846437487687,1.0004884681608588,false,0,NaN
1590,F,0.8985867445189547,0.9999999704162447,true,0,NaN
1591,F,0.8985687207596615,1.0028374352896658,false,0,NaN
1592,F,0.8986846428068297,1.0004884746653273,false,0,NaN
1593,F,0.8985777326393082,1.0020375175891658,false,0,NaN
1594,F,0.8985822385791314,1.0009669912673913,false,0,NaN
1595,F,0.8985844915490431,1.0008021925681834,false,0,NaN
1596,F,0.8985867435817487,0.9999999708021211,true,0,NaN
1597,F,0.8985834436400326,1.002084631946307,false,0,NaN
1598,F,0.8985850887353792,1.0015665049413898,false,0,NaN
1599,F,0.8985859112942923,1.0005101958937708,false,0,NaN
1600,F,0.8985863225962313,1.0000029947835607,false,0,NaN
1601,F,0.8985864417585262,0.9999996372393023,true,0,NaN
1602,F,0.8985845384673186,1.0003400110372498,false,0,NaN
1603,F,0.8985853625902787,1.00002617522154,false,0,NaN
1604,F,0.8985858763436287,1.000014178500798,false,0,NaN
1605,F,0.8985858454457752,1.0000130812072816,false,0,NaN
1606,F,0.8985861057098573,1.0000079848359507,false,0,NaN
1607,F,0.8985861277569404,1.0000063135595227,false,0,NaN
1608,F,0.8985862570049686,1.000003754150139,false,0,NaN
1609,F,0.8985862847577333,1.0000021194866529,false,0,NaN
1610,F,0.8985863328119855,1.000001013712003,false,0,NaN
1611,F,0.8985863632581298,1.0000004334239454,true,0,NaN
1612,F,0.8985863786716047,0.9999999601041426,true,0,NaN
1613,F,0.8985837971477754,1.0014850753678708,false,0,NaN
1614,F,0.8986416344331263,1.000351730851424,false,0,NaN
1615,F,0.89858637866908,0.999999960103931,true,0,NaN
1616,F,0.8985739196585163,1.0033647217978525,false,0,NaN
1617,F,0.8986807881645427,1.0011479819022786,false,0,NaN
1618,F,0.8985801491637981,1.0023355452162908,false,0,NaN
1619,F,0.8985832639164391,1.0019681186614873,false,0,NaN
1620,F,0.8985848212927595,1.0009805807469097,false,0,NaN
1621,F,0.8985863655653602,1.0000000299297511,true,0,NaN
1622,F,0.8985863682641728,0.9999999618196165,true,0,NaN
1623,F,0.8985844671065049,1.000981049399088,false,0,NaN
1624,F,0.898622573446424,1.000989553854114,false,0,NaN
1625,F,0.8985863682376636,0.9999999618167881,true,0,NaN
1626,F,0.8985791412996857,1.0028152134327613,false,0,NaN
1627,F,0.8986816939940441,1.0002968700147945,false,0,NaN
1628,F,0.8985827547686747,1.0019689675092638,false,0,NaN
1629,F,0.8985845615031691,1.0009808038073327,false,0,NaN
1630,F,0.8985854648704164,1.0009802845996252,false,0,NaN
1631,F,0.8985863294615535,1.0000000382099916,true,0,NaN
1632,F,0.8985863325012559,0.9999999622638283,true,0,NaN
1633,F,0.8985847951835438,1.0009802011545512,false,0,NaN
1634,F,0.8986233904963368,1.0009884205665927,false,0,NaN
1635,F,0.8985863322021331,0.9999999622253403,true,0,NaN
1636,F,0.8985679130190926,1.002132904979444,false,0,NaN
1637,F,0.8986541990493808,1.0000091249090932,false,0,NaN
1638,F,0.8985771226106128,1.0018498626197296,false,0,NaN
1639,F,0.898581727406373,1.0007704807565059,false,0,NaN
1640,F,0.8985840298042531,1.0005714523733829,false,0,NaN
1641,F,0.8985862759476066,1.0000008755106613,true,0,NaN
1642,F,0.8985863125655064,1.0000000165449117,true,0,NaN
1643,F,0.8985862795148482,1.0000008678706829,true,0,NaN
1644,F,0.8985863158250134,1.0000000156786302,true,0,NaN
1645,F,0.8985862812985369,1.0000008640852778,true,0,NaN
1646,F,0.8985863174562205,1.0000000152525572,true,0,NaN
1647,F,0.8985862821905171,1.0000008622009027,true,0,NaN
1648,F,0.8985863182722936,1.0000000150412272,true,0,NaN
1649,F,0.8985862826367793,1.000000861260285,true,0,NaN
1650,F,0.8985863186806651,1.0000000149359327,true,0,NaN
1651,F,0.8985862828604575,1.0000008607893616,true,0,NaN
1652,F,0.8985863188853731,1.0000000148832617,true,0,NaN
1653,F,0.8985862829734149,1.000000860551682,true,0,NaN
1654,F,0.898586318988756,1.0000000148566937,true,0,NaN
1655,F,0.8985862830705205,1.0000008603474266,true,0,NaN
1656,F,0.8985863190776334,1.0000000148338677,true,0,NaN
1657,F,0.8985863254851069,0.999999970161047,true,0,NaN
1658,F,0.8985862824603787,1.0000005257600053,true,0,NaN
1659,F,0.8985863048212832,0.9999999890427588,true,0,NaN
1660,F,0.8985862397292362,1.0000012990640479,false,0,NaN
1661,F,0.8985862893480339,1.0000001322641503,true,0,NaN
1662,F,0.8985862633477043,1.000000811068501,true,0,NaN
1663,F,0.898586294483022,1.0000000774635796,true,0,NaN
1664,F,0.8985862840844938,1.0000002365069105,true,0,NaN
1665,F,0.8985862934575275,1.0000000065484245,true,0,NaN
1666,F,0.8985862944528885,1.0000000574819703,true,0,NaN
1667,F,0.8985862970451146,0.9999999918454477,true,0,NaN
1668,F,0.8985861272033219,1.0008284262004319,false,0,NaN
1669,F,0.898619902748,1.0007429011151876,false,0,NaN
1670,F,0.8985862970451043,0.9999999918454319,true,0,NaN
1671,F,0.8985811312330397,1.0024766954943243,false,0,NaN
1672,F,0.8985660374176953,1.0162998822278497,false,0,NaN
1673,F,0.898583714139072,1.002553610229104,false,0,NaN
1674,F,0.8985850055920882,1.0015686876035312,false,0,NaN
1675,F,0.8985856513185962,1.0015706005307905,false,0,NaN
1676,F,0.8985862903466015,1.0000000544443737,true,0,NaN
1677,F,0.89858629286709,0.999999992788457,true,0,NaN
1678,F,0.8985860815174569,1.001064862760114,false,0,NaN
1679,F,0.8986291110120608,1.0004969669860957,false,0,NaN
1680,F,0.8985862928670445,0.9999999927884052,true,0,NaN
1681,F,0.8985862706232103,1.0000059224354443,false,0,NaN
1682,F,0.8985864868369627,1.000362183811015,false,0,NaN
1683,F,0.8985862817451274,1.0000004453988693,true,0,NaN
1684,F,0.8985862873060859,1.0000000315150777,true,0,NaN
1685,F,0.8985862900865652,0.9999999838719779,true,0,NaN
1686,F,0.898586277814796,0.9999998387719325,true,0,NaN
1687,F,0.8985563740200485,1.0008374388831747,false,0,NaN
1688,F,0.8985898881522808,1.0000681038912589,false,0,NaN
1689,F,0.8985713259174223,1.000446372186493,false,0,NaN
1690,F,0.8985788018661092,1.0003218546444428,false,0,NaN
1691,F,0.8985825398404526,1.0002129885412736,false,0,NaN
1692,F,0.8985563740200485,1.0008374388831751,false,0,NaN
1693,F,0.8985905650753981,0.9994893724585815,true,0,NaN
1694,F,0.8985713249432719,1.000436280662368,false,0,NaN
1695,F,0.8985891405411164,0.999653509544689,true,0,NaN
1696,F,0.8985788004048836,1.0003205990916406,false,0,NaN
1697,F,0.8985918934569594,0.9999910745073397,true,0,NaN
1698,F,0.8985825381356894,1.0002128450231043,false,0,NaN
1699,F,0.8985912326513729,1.0000016998813313,false,0,NaN
1700,F,0.8985844070010924,1.0001204764131253,false,0,NaN
1701,F,0.8985893311741564,1.000001361417483,false,0,NaN
1702,F,0.8985853414337942,0.9999420233596231,true,0,NaN
1703,F,0.8985786364815835,1.0001052997563287,false,0,NaN
1704,F,0.8985828582849741,1.0000022717686983,false,0,NaN
1705,F,0.8985845477771306,0.9999385028036291,true,0,NaN
1706,F,0.8888082350106588,1.3357117598546127,false,0,NaN
1707,F,0.8889497775228731,1.357665056754067,false,0,NaN
1708,F,0.8936963913938947,1.1391253638164776,false,0,NaN
1709,F,0.8937550644941527,1.1389420834269397,false,0,NaN
1710,F,0.8961404695855126,1.0640523170340126,false,0,NaN
1711,F,0.8961674962475329,1.0633630650067094,false,0,NaN
1712,F,0.8973625086813216,1.0302152137851033,false,0,NaN
1713,F,0.8973752715849892,1.0303936361515358,false,0,NaN
1714,F,0.897973528229226,1.014728412756319,false,0,NaN
1715,F,0.8979797627966497,1.0143178247203772,false,0,NaN
1716,F,0.8982790380031783,1.007176546147,false,0,NaN
1717,F,0.898282089142055,1.0070075707732553,false,0,NaN
1718,F,0.8984317928901545,1.0034187860109274,false,0,NaN
1719,F,0.8984332599755105,1.0033723525084786,false,0,NaN
1720,F,0.8985463590553866,1.000759714861332,false,0,NaN
1721,F,0.8985467052307154,1.0007484889993417,false,0,NaN
1722,F,0.8985797741869126,0.999951324203407,true,0,NaN
1723,F,0.8985754995458541,1.0001657449891272,false,0,NaN
1724,F,0.8985805098566938,1.0000434575729413,false,0,NaN
1725,F,0.8985797731986639,0.9999513354010077,true,0,NaN
1726,F,0.8985670763732206,1.0008120114937584,false,0,NaN
1727,F,0.8985915708245774,1.0002137376291491,false,0,NaN
1728,F,0.8985734247859423,1.0002983304493633,false,0,NaN
1729,F,0.898576598992303,1.0001310400199988,false,0,NaN
1730,F,0.8985781860954835,1.000118795865881,false,0,NaN
1731,F,0.8985797409145231,0.9999514930007086,true,0,NaN
1732,F,0.8985633566735062,1.0009972813102712,false,0,NaN
1733,F,0.8986038507859135,1.0000094486582702,false,0,NaN
1734,F,0.8985796878894784,0.9999504527041129,true,0,NaN
1735,F,0.8985304076578312,1.001797424234766,false,0,NaN
1736,F,0.8985928867027965,1.0001829052107496,false,0,NaN
1737,F,0.8985550284024942,1.0018549285075642,false,0,NaN
1738,F,0.8986194526938796,1.0001576423679421,false,0,NaN
1739,F,0.8985673387801866,1.0019123148067925,false,0,NaN
1740,F,0.8986337043265104,1.0001469304482073,false,0,NaN
1741,F,0.8985734939797543,1.001271770265463,false,0,NaN
1742,F,0.8986181912915285,1.000025841693219,false,0,NaN
1743,F,0.8985765716009817,1.0012136395056987,false,0,NaN
1744,F,0.8985781104544852,1.0007156890873892,false,0,NaN
1745,F,0.8985788799670372,1.0005496538259975,false,0,NaN
1746,F,0.8985794577039883,0.9999542139395255,true,0,NaN
1747,F,0.8985759103033378,1.0000136769935037,false,0,NaN
1748,F,0.8985764300533965,1.0000010235691081,false,0,NaN
1749,F,0.8985794570760841,0.9999542220038351,true,0,NaN
1750,F,0.8985753935136205,1.0001026109200233,false,0,NaN
1751,F,0.898580937355861,0.9999752141054467,true,0,NaN
1752,F,0.8985774187401209,1.0000277920194471,false,0,NaN
1753,F,0.8985801673319429,0.9999645684107858,true,0,NaN
1754,F,0.8985784315236212,0.9999905924303205,true,0,NaN
1755,F,0.8985768183491053,1.0000056358017093,false,0,NaN
1756,F,0.8985770365590408,1.0000003297616102,true,0,NaN
1757,F,0.8985784312380827,0.9999905940873678,true,0,NaN
1758,F,0.8985738075349619,1.0016538753802129,false,0,NaN
1759,F,0.8986370330109956,1.000116657000146,false,0,NaN
1760,F,0.8985761193865223,1.0000369669897209,false,0,NaN
1761,F,0.8985772753123025,0.9999956831279038,true,0,NaN
1762,F,0.8985778532751926,0.999992428087512,true,0,NaN
1763,F,0.89857838930364,0.999990598559367,true,0,NaN
1764,F,0.8985585736264309,1.0048272964099603,false,0,NaN
1765,F,0.8987567439462988,1.0000437378455238,false,0,NaN
1766,F,0.8985783821545812,0.9999906019053489,true,0,NaN
1767,F,0.8985600644249858,1.0043281205987753,false,0,NaN
1768,F,0.8987377611462366,1.0000369714436999,false,0,NaN
1769,F,0.8985692232897835,1.0026398320787813,false,0,NaN
1770,F,0.8985738027221823,1.0021217064922707,false,0,NaN
1771,F,0.8985760924383818,1.0021182420400305,false,0,NaN
1772,F,0.8985698266458897,1.003645798814039,false,0,NaN
1773,F,0.8985741044226727,1.0021150076646568,false,0,NaN
1774,F,0.8985762433110643,1.0021152245068368,false,0,NaN
1775,F,0.8985773127552601,1.0010049733366446,false,0,NaN
1776,F,0.898577847477358,1.000498414494309,false,0,NaN
1777,F,0.8985781148384072,0.9999922905272184,true,0,NaN
1778,F,0.8985747519067783,1.000041695673281,false,0,NaN
1779,F,0.8985764724252047,0.9999998430959348,true,0,NaN
1780,F,0.8985758119876904,1.0000101839689641,false,0,NaN
1781,F,0.898576240118495,0.9999997476899969,true,0,NaN
1782,F,0.8918385415032346,NaN,false,-300,NaN
1783,F,0.8952073898524797,1.826245764035231,false,0,NaN
1784,F,0.9283743080676352,2.2372570593765846,false,0,NaN
1785,F,0.8968918140271074,1.2171224352681296,false,0,NaN
1786,F,0.9056074874211074,1.1098169949928565,false,0,NaN
1787,F,0.8977340261144315,1.0816083605412101,false,0,NaN
1788,F,0.9010099344208474,1.0174631781008836,false,0,NaN
1789,F,0.898155132158114,1.0397833070572253,false,0,NaN
1790,F,0.8997521117909808,1.0050569033291838,false,0,NaN
1791,F,0.8983656851799963,1.0249861694227418,false,0,NaN
1792,F,0.8993686825799294,1.0007048114769126,false,0,NaN
1793,F,0.8984709616910195,1.0135585628094872,false,0,NaN
1794,F,0.8990152355552998,1.0018866285225367,false,0,NaN
1795,F,0.8985499190748607,1.005381567538328,false,0,NaN
1796,F,0.8987659544629015,1.000261125906668,false,0,NaN
1797,F,0.8985729483177453,1.0026048719819174,false,0,NaN
1798,F,0.8985760326955067,1.0010421001640932,false,0,NaN
1799,F,0.8985762334414453,0.9999997574601932,true,0,NaN
1800,F,0.8985761919359775,1.0000009282440492,true,0,NaN
1801,F,0.8985762391685854,0.9999998435887049,true,0,NaN
1802,F,0.8985762126887114,0.9999999177978904,true,0,NaN
1803,F,0.8985761778716509,1.00000116373338,false,0,NaN
1804,F,0.8985762284128976,0.9999999523987095,true,0,NaN
1805,F,0.8985761952801812,1.0000003360358236,true,0,NaN
1806,F,0.8985762122459605,0.9999999267008935,true,0,NaN
1807,F,0.8985762039844463,1.0000000419532515,true,0,NaN
1808,F,0.8985762090207958,0.9999999195019982,true,0,NaN
1809,F,0.8985762081804796,0.9999998228214934,true,0,NaN
1810,F,0.8985761151461517,1.000000370500795,true,0,NaN
1811,F,0.8985761403527821,0.9999997565532732,true,0,NaN
1812,F,0.8882799268715823,1.8340455164093437,false,0,NaN
1813,F,0.9188224994759684,0.7031299375881418,true,0,NaN
1814,F,0.8934280336130194,1.153322978037948,false,0,NaN
1815,F,0.8990426963217922,0.9519471903576614,true,0,NaN
1816,F,0.896002086983738,1.0331392854412247,false,0,NaN
1817,F,0.8972156492571691,0.9948561648353117,true,0,NaN
1818,F,0.8950549251896173,1.0845002808725779,false,0,NaN
1819,F,0.8968448849323304,1.0247924229285414,false,0,NaN
1820,F,0.8968132600916435,1.0095964339481822,false,0,NaN
1821,F,0.8970144546744063,1.001072574601861,false,0,NaN
1822,F,0.8971150519657878,0.999690659458706,true,0,NaN
1823,F,0.8968125892153472,1.0095983817036505,false,0,NaN
1824,F,0.8970926646795796,1.0013228120558428,false,0,NaN
1825,F,0.8970137267797458,1.001073747470013,false,0,NaN
1826,F,0.8971303349360469,0.996931455440557,true,0,NaN
1827,F,0.8933578338230879,1.2000469033089942,false,0,NaN
1828,F,0.8980554258305238,1.036062614215862,false,0,NaN
1829,F,0.8964416811940721,1.02811484831255,false,0,NaN
1830,F,0.8967860080650595,1.013724839577094,false,0,NaN
1831,F,0.8969581715005532,1.0047464222540523,false,0,NaN
1832,F,0.8964314870715591,1.028207883896038,false,0,NaN
1833,F,0.8971378292495984,1.009306381439766,false,0,NaN
1834,F,0.8967747054971666,1.0137269317791344,false,0,NaN
1835,F,0.8971544892193614,1.0043853625089363,false,0,NaN
1836,F,0.8969463193401092,1.0047803389111845,false,0,NaN
1837,F,0.8971235944440524,1.0005879124723702,false,0,NaN
1838,F,0.8970321355240445,1.0012495705947482,false,0,NaN
1839,F,0.897129828445737,0.9985457881889386,true,0,NaN
1840,F,0.896563145405885,1.0212409049046216,false,0,NaN
1841,F,0.8970489542233184,1.0079240495087674,false,0,NaN
1842,F,0.896846486925811,1.0097520108654507,false,0,NaN
1843,F,0.8970863659148604,1.0042018266901378,false,0,NaN
1844,F,0.896988157685774,1.0037750167335624,false,0,NaN
1845,F,0.89710009387677,1.0015320554718854,false,0,NaN
1846,F,0.8970589930657554,1.000911693250932,false,0,NaN
1847,F,0.8971096373128858,0.9992065777705542,true,0,NaN
1848,F,0.8956798237969317,1.066916554712732,false,0,NaN
1849,F,0.8973023464706241,1.0155640154454224,false,0,NaN
1850,F,0.8971054514494948,0.9992090080924017,true,0,NaN
1851,F,0.8937785616174105,1.163658283742763,false,0,NaN
1852,F,0.8976704090505109,1.0247792724342712,false,0,NaN
1853,F,0.8954420065334527,1.076156152990692,false,0,NaN
1854,F,0.8962737289914737,1.0338129942463519,false,0,NaN
1855,F,0.8966895902204843,1.0201275741773197,false,0,NaN
1856,F,0.8970823522176731,1.001390056686176,false,0,NaN
1857,F,0.8971364790872357,1.0004149496367256,false,0,NaN
1858,F,0.8970919151127129,1.0003065454470905,false,0,NaN
1859,F,0.8971191548310997,1.0002928890471146,false,0,NaN
1860,F,0.8970967134702184,0.9996730593272953,true,0,NaN
1861,F,0.8968262897373257,1.0107223238590943,false,0,NaN
1862,F,0.8970359236587613,1.0048801024722165,false,0,NaN
1863,F,0.8969613965984868,1.0044115743620228,false,0,NaN
1864,F,0.8970512988244536,1.0025207063394062,false,0,NaN
1865,F,0.8970289593537224,1.0030961702449661,false,0,NaN
1866,F,0.8970939048687133,1.0003136754810542,false,0,NaN
1867,F,0.8970627594032057,1.001330154232483,false,0,NaN
1868,F,0.897094198899155,1.0007110629986442,false,0,NaN
1869,F,0.8970796969532912,1.0005822569996867,false,0,NaN
1870,F,0.897096946850456,1.0003701062571253,false,0,NaN
1871,F,0.8970882042013756,1.0004443589837249,false,0,NaN
1872,F,0.8971028378068675,0.9998525436141905,true,0,NaN
1873,F,0.8970924588357969,0.9997303034494585,true,0,NaN
1874,F,0.8968588386391859,1.0127218624965137,false,0,NaN
1875,F,0.8971728931276147,1.003050688486629,false,0,NaN
1876,F,0.8970921959867001,0.9997306067953783,true,0,NaN
1877,F,0.8959976332803364,1.0533569001694842,false,0,NaN
1878,F,0.8973030497450543,1.0100653815663174,false,0,NaN
1879,F,0.8965449146335183,1.025091567638657,false,0,NaN
1880,F,0.8968185553101091,1.0132764163946308,false,0,NaN
1881,F,0.8969553756484047,1.0075618370631512,false,0,NaN
1882,F,0.897088047029249,1.000375584898568,false,0,NaN
1883,F,0.8971041091957569,0.999863926348514,true,0,NaN
1884,F,0.8970892766656872,1.0003753681184915,false,0,NaN
1885,F,0.8971053409435862,0.9997308509412842,true,0,NaN
1886,F,0.8970898940968768,1.0003752718325825,false,0,NaN
1887,F,0.8971059597481554,0.9997306343463152,true,0,NaN
1888,F,0.8970902082414561,1.000375225319954,false,0,NaN
1889,F,0.8971062746532424,0.9997305248895129,true,0,NaN
1890,F,0.8970903782172353,1.0003751888967019,false,0,NaN
1891,F,0.8970907790132623,1.0003301187762899,false,0,NaN
1892,F,0.8970914875177283,0.9997306351573143,true,0,NaN
1893,F,0.8970865783223038,1.0003729169412097,false,0,NaN
1894,F,0.8971026944873689,1.000322732792153,false,0,NaN
1895,F,0.897089032920016,1.0003740397759104,false,0,NaN
1896,F,0.8970902602188722,1.0003746545998422,false,0,NaN
1897,F,0.8970908738683002,1.0000948232659164,false,0,NaN
1898,F,0.8970911806930142,0.9997341571442986,true,0,NaN
1899,F,0.8970895585418484,0.9997616371100521,true,0,NaN
1900,F,0.8970788453621115,1.000071746333661,false,0,NaN
1901,F,0.897089550466262,0.9997618159905431,true,0,NaN
1902,F,0.8970809630156285,1.000008692111358,false,0,NaN
1903,F,0.8970852567409453,0.9998830572008408,true,0,NaN
1904,F,0.8970874036036036,0.9998217499025435,true,0,NaN
1905,F,0.8970884770349329,0.9997916074466745,true,0,NaN
1906,F,0.8970803509646577,1.0000212381570934,false,0,NaN
1907,F,0.8970809738937521,1.0000177392367828,false,0,NaN
1908,F,0.897080357046073,1.0000210561646885,false,0,NaN
1909,F,0.8970809799780975,1.0000175704861238,false,0,NaN
1910,F,0.8970803603651055,1.000020956839502,false,0,NaN
1911,F,0.8970809832987295,1.000017478391292,false,0,NaN
1912,F,0.8970822056693851,0.9999662607389715,true,0,NaN
1913,F,0.8970771059172212,1.0001534280105866,false,0,NaN
1914,F,0.8970419000436718,1.0025760590973194,false,0,NaN
1915,F,0.8970821989420559,0.999966307466008,true,0,NaN
1916,F,0.8970822023057206,0.9999662835032551,true,0,NaN
1917,F,0.8970822039875528,0.9999662719670777,true,0,NaN
1918,F,0.8970818629212136,1.0000229874817668,false,0,NaN
1919,F,0.8970834107889812,1.0005443600370125,false,0,NaN
1920,F,0.897081866086933,1.0000263676782726,false,0,NaN
1921,F,0.8970835068648899,1.0005429285140488,false,0,NaN
1922,F,0.8970818676708688,1.0000281284009078,false,0,NaN
1923,F,0.8970835568327156,1.0005417642706644,false,0,NaN
1924,F,0.8970818684650022,1.0000290290793372,false,0,NaN
1925,F,0.8970835823740211,1.0005410956818925,false,0,NaN
1926,F,0.897081868866506,1.000029489064373,false,0,NaN
1927,F,0.8970835954133639,1.0005407387143261,false,0,NaN
1928,F,0.8970818690771122,1.0000297315937108,false,0,NaN
1929,F,0.8970836022871239,1.0005405466932473,false,0,NaN
1930,F,0.8970818692237235,1.0000299009364633,false,0,NaN
1931,F,0.897082118301145,0.9999668513183863,true,0,NaN
1932,F,0.8970787663509612,1.0000893285321943,false,0,NaN
1933,F,0.8970745226888361,1.0003060978840657,false,0,NaN
1934,F,0.8970821181778361,0.9999668525081022,true,0,NaN
1935,F,0.8955341547526933,1.4293577458515883,false,0,NaN
1936,F,0.9049394537740517,0.8224593311562169,true,0,NaN
1937,F,0.8963081364652646,1.0708264861458296,false,0,NaN
1938,F,0.8966951273215504,1.0180209274405143,false,0,NaN
1939,F,0.8968886227496933,1.006566450464122,false,0,NaN
1940,F,0.8970819016478898,0.9999680450746689,true,0,NaN
1941,F,0.8970511837807505,1.0007431839999088,false,0,NaN
1942,F,0.8970518636902909,1.000374355954472,false,0,NaN
1943,F,0.8970818853666869,0.9999680611388292,true,0,NaN
1944,F,0.8970697719025423,1.0010845297077273,false,0,NaN
1945,F,0.8970911960275593,1.0002035327968295,false,0,NaN
1946,F,0.8970758286346145,0.9999853933626064,true,0,NaN
1947,F,0.8970788570006507,0.9999763667473687,true,0,NaN
1948,F,0.8970803711836688,0.9999721237639991,true,0,NaN
1949,F,0.8970817289933645,0.9999702064476421,true,0,NaN
1950,F,0.8969636909111427,1.0038987348879673,false,0,NaN
1951,F,0.897080894531402,0.9999704539934422,true,0,NaN
1952,F,0.8970813117623833,0.9999703207340482,true,0,NaN
1953,F,0.8970399882512446,1.0013603532882014,false,0,NaN
1954,F,0.8970508983996162,1.0015104133891433,false,0,NaN
1955,F,0.8970606500068139,1.0011617667226547,false,0,NaN
1956,F,0.8970709808845986,1.0005748375291195,false,0,NaN
1957,F,0.897076146323491,0.9999748266048515,true,0,NaN
1958,F,0.8901720965688829,1.3015292523250914,false,0,NaN
1959,F,0.8944802048447612,1.105426167494438,false,0,NaN
1960,F,0.8936238186465902,1.1239629918675216,false,0,NaN
1961,F,0.8953951554113262,1.0530359095096464,false,0,NaN
1962,F,0.8953496799378261,1.0585800541075172,false,0,NaN
1963,F,0.89618693399235,1.0249341101113412,false,0,NaN
1964,F,0.8962126110882089,1.0266554475697156,false,0,NaN
1965,F,0.8965937794418043,1.0136612756564147,false,0,NaN
1966,F,0.8966440776729355,1.0131516059972012,false,0,NaN
1967,F,0.8968323255894012,1.0074204335813297,false,0,NaN
1968,F,0.8968598129844103,1.0067366326586993,false,0,NaN
1969,F,0.8969564144272435,1.001833937541183,false,0,NaN
1970,F,0.8969676846787015,1.004710190010237,false,0,NaN
1971,F,0.8970353356781101,1.0007048062601946,false,0,NaN
1972,F,0.8970486167497741,1.0008826983044439,false,0,NaN
1973,F,0.8970615869112062,1.0006404946900098,false,0,NaN
1974,F,0.8970725187546975,1.0001070405801005,false,0,NaN
1975,F,0.8970744076081594,1.0000680257747623,false,0,NaN
1976,F,0.8970759196004414,0.999980050991452,true,0,NaN
1977,F,0.8964518361153074,1.0456923883583606,false,0,NaN
1978,F,0.8976591668213066,1.024787096670574,false,0,NaN
1979,F,0.8970758874339065,0.9999800520319355,true,0,NaN
1980,F,0.8960706281669848,1.1208667165511272,false,0,NaN
1981,F,0.8989973028029977,1.0752166885093117,false,0,NaN
1982,F,0.8965732578004457,1.0379284609718287,false,0,NaN
1983,F,0.8968245726171761,1.0164058714254067,false,0,NaN
1984,F,0.8969502300255413,1.007806362453727,false,0,NaN
1985,F,0.8970756824641777,0.9999809489946081,true,0,NaN
1986,F,0.8959106538869334,1.154226448025517,false,0,NaN
1987,F,0.9001049785290405,1.1113314646894956,false,0,NaN
1988,F,0.8970748647030264,0.9999809723433846,true,0,NaN
1989,F,0.8959951938077106,1.1441157637747164,false,0,NaN
1990,F,0.8999516686697437,1.0964465039175626,false,0,NaN
1991,F,0.8965350292553685,1.0440070913576769,false,0,NaN
1992,F,0.8968049469791974,1.0171538469818215,false,0,NaN
1993,F,0.8969399058411119,1.008312850112041,false,0,NaN
1994,F,0.897073219044434,1.000580856237519,false,0,NaN
1995,F,0.8970890805152808,1.0001824126041643,false,0,NaN
1996,F,0.8970739772180621,1.0000981566358302,false,0,NaN
1997,F,0.8970770756778556,1.0000042349266955,false,0,NaN
1998,F,0.8970743563322792,0.999983325778462,true,0,NaN
1999,F,0.8962712900261798,1.0300586884055236,false,0,NaN
2000,F,0.897232993193067,0.9990872500803545,true,0,NaN
2001,F,0.897072315061908,1.0005768066494825,false,0,NaN
2002,F,0.8970733356970936,0.9999836225044793,true,0,NaN
2003,F,0.8970738460146864,0.9999833413941873,true,0,NaN
2004,F,0.8962900120098636,1.0282838703097565,false,0,NaN
2005,F,0.8971966323057987,0.9998562010849926,true,0,NaN
2006,F,0.8966819290122751,1.0114812429542834,false,0,NaN
2007,F,0.8968778875134807,1.0058164891414891,false,0,NaN
2008,F,0.8969758667640836,1.002393519287614,false,0,NaN
2009,F,0.897072735784901,1.000565090741257,false,0,NaN
2010,F,0.8970880914545125,1.0011092175428602,false,0,NaN
2011,F,0.8970732338559355,0.9999869537232805,true,0,NaN
2012,F,0.8970614868517194,1.0004964749472571,false,0,NaN
2013,F,0.8970771514003802,0.999999651085914,true,0,NaN
2014,F,0.8970731779713687,0.9999870125551327,true,0,NaN
2015,F,0.897019885046727,1.001785327332624,false,0,NaN
2016,F,0.8970424527001236,1.0008960006234524,false,0,NaN
2017,F,0.8970455511699327,1.0002987286950895,false,0,NaN
2018,F,0.8970494630096079,1.0002387754130488,false,0,NaN
2019,F,0.8970583953423761,1.0006242538811096,false,0,NaN
2020,F,0.8970663923043781,1.0000465295245333,false,0,NaN
2021,F,0.8970648398200974,1.0003213425421265,false,0,NaN
2022,F,0.8970690354483917,1.0002454758490704,false,0,NaN
2023,F,0.8970681039103444,1.0001648997068227,false,0,NaN
2024,F,0.8970703362862057,1.0001324271914684,false,0,NaN
2025,F,0.8970697928198895,1.0000936330440338,false,0,NaN
2026,F,0.8970711308470338,1.0000741687733152,false,0,NaN
2027,F,0.8970707820864048,1.0000553443536542,false,0,NaN
2028,F,0.89707163961622,1.000042849719274,false,0,NaN
2029,F,0.8970720899166392,1.0000244414636816,false,0,NaN
2030,F,0.8970725596359559,1.0000175996111405,false,0,NaN
2031,F,0.8970730390989234,0.9999895338763679,true,0,NaN
2032,F,0.8970620305107704,1.0006053921928106,false,0,NaN
2033,F,0.8970744253594979,0.9995089294336418,true,0,NaN
2034,F,0.8970730387632538,0.9999895341941296,true,0,NaN
2035,F,0.8969604964267798,1.000377027714433,false,0,NaN
2036,F,0.8969724576891661,1.0000057270662144,false,0,NaN
2037,F,0.8970167675950168,0.9999846942576378,true,0,NaN
2038,F,0.8936172928515772,1.3254058509401012,false,0,NaN
2039,F,0.9095916922360425,0.9158834048491538,true,0,NaN
2040,F,0.895317030223297,1.0782422145921362,false,0,NaN
2041,F,0.8961668989091569,1.0172326033239933,false,0,NaN
2042,F,0.8965918332520869,1.0073168736871372,false,0,NaN
2043,F,0.8945493239040997,1.1694371268446835,false,0,NaN
2044,F,0.8948149007404724,1.1426282318147385,false,0,NaN
2045,F,0.8957813730111357,1.0396266990246223,false,0,NaN
2046,F,0.8958434979250947,1.0341777451008465,false,0,NaN
2047,F,0.8963973975779803,1.013254658549923,false,0,NaN
2048,F,0.896418192154245,1.0124694130734777,false,0,NaN
2049,F,0.8967054098880558,1.004156718990288,false,0,NaN
2050,F,0.896711946818122,1.0040869394449679,false,0,NaN
2051,F,0.8968594160964,1.0010348274061125,false,0,NaN
2052,F,0.896861060958603,1.001062081837772,false,0,NaN
2053,F,0.8969364193071853,1.0001304178626897,false,0,NaN
2054,F,0.8969366471686918,1.0001347791235884,false,0,NaN
2055,F,0.8969749211258068,1.0002016045117175,false,0,NaN
2056,F,0.896975260833395,1.000208550444572,false,0,NaN
2057,F,0.8970037989826133,1.0001064510510318,false,0,NaN
2058,F,0.8970039897526791,1.0001105405395618,false,0,NaN
2059,F,0.897012237253515,1.000085258433216,false,0,NaN
2060,F,0.8970123948662511,1.000088671259187,false,0,NaN
2061,F,0.897015562949063,1.0000126624358352,false,0,NaN
2062,F,0.897015606785462,1.0000132231266599,false,0,NaN
2063,F,0.8970167299498307,0.9999847558139944,true,0,NaN
2064,F,0.8962240005344744,1.0156237046122867,false,0,NaN
2065,F,0.8967794431724984,1.003344158066686,false,0,NaN
2066,F,0.8970167215701638,0.9999847559151218,true,0,NaN
2067,F,0.8965818335839586,1.0073454626260967,false,0,NaN
2068,F,0.8968350783547453,0.9999009163015153,true,0,NaN
2069,F,0.8968182266685816,1.000535510484849,false,0,NaN
2070,F,0.8968365805969007,0.999997889798381,true,0,NaN
2071,F,0.8968266525116635,0.999963891582103,true,0,NaN
2072,F,0.8968137080369002,1.0006949893107668,false,0,NaN
2073,F,0.896837614113519,0.9999836253301352,true,0,NaN
2074,F,0.8968201802742818,1.0004413632126323,false,0,NaN
2075,F,0.8968234163929727,1.0003998403326206,false,0,NaN
2076,F,0.8968250344523181,0.9999762161740633,true,0,NaN
2077,F,0.8968190889069784,1.0004278355171543,false,0,NaN
2078,F,0.896833711483038,1.000000181276407,true,0,NaN
2079,F,0.8968220616796483,1.000400021681396,false,0,NaN
2080,F,0.8968235480659832,1.0003902913536988,false,0,NaN
2081,F,0.8968242912591506,1.0000443873321503,false,0,NaN
2082,F,0.8968235075630652,1.0003905355590168,false,0,NaN
2083,F,0.8968267094610493,0.99992690601887,true,0,NaN
2084,F,0.89682425482207,1.0000544492562335,false,0,NaN
2085,F,0.8968248450946814,0.9999664062852783,true,0,NaN
2086,F,0.8968208189730532,1.0003921392026827,false,0,NaN
2087,F,0.8968342008495285,1.000000998437761,true,0,NaN
2088,F,0.8968243433124574,1.0003740116433837,false,0,NaN
2089,F,0.8968245942035694,1.0001334570557892,false,0,NaN
2090,F,0.8968247196491255,0.9999735000357801,true,0,NaN
2091,F,0.8968210960478543,1.0000277597261484,false,0,NaN
2092,F,0.896822053347917,0.9999996023734615,true,0,NaN
2093,F,0.8968076377400258,1.0002686800436025,false,0,NaN
2094,F,0.8968167447523845,0.9999992477951216,true,0,NaN
2095,F,0.8966316692834314,1.119776344861444,false,0,NaN
2096,F,0.896724207017908,1.0285849968699114,false,0,NaN
2097,F,0.8967704758851462,1.0076389985977796,false,0,NaN
2098,F,0.8967936103187654,1.001605263198662,false,0,NaN
2099,F,0.8966316692834314,1.1197763448614433,false,0,NaN
2100,F,0.8972378559175882,1.0998570485786172,false,0,NaN
2101,F,0.8967239098445872,1.028595264049689,false,0,NaN
2102,F,0.8968686325834089,1.0222378175956388,false,0,NaN
2103,F,0.8967700301253378,1.0075490148053377,false,0,NaN
2104,F,0.8968082388464937,1.004950002198739,false,0,NaN
2105,F,0.8967930902660589,1.0015456898753425,false,0,NaN
2106,F,0.8968009165506435,1.001450076657922,false,0,NaN
2107,F,0.8968046203371107,1.000248530878382,false,0,NaN
2108,F,0.8968058818449348,1.0002363345734233,false,0,NaN
2109,F,0.8968103853740192,1.000050454591491,false,0,NaN
2110,F,0.8968106444768628,1.000047194913778,false,0,NaN
2111,F,0.8968132678952389,1.0000331175491854,false,0,NaN
2112,F,0.8968134392824431,1.0000313240401997,false,0,NaN
2113,F,0.8968154298055111,1.000022024501165,false,0,NaN
2114,F,0.8968155450710917,1.0000207682863465,false,0,NaN
2115,F,0.8968160605630054,1.0000141074867228,false,0,NaN
2116,F,0.8968161357666352,1.0000131654908284,false,0,NaN
2117,F,0.8968162315216137,1.0000106627021836,false,0,NaN
2118,F,0.89681628929212,1.0000097905002645,false,0,NaN
2119,F,0.8968167287139229,0.9999992708555778,true,0,NaN
2120,F,0.8967925742656123,1.0016241463218643,false,0,NaN
2121,F,0.8968461932960757,1.0000455031871474,false,0,NaN
2122,F,0.896816728606903,0.9999992708578164,true,0,NaN
2123,F,0.896811371145221,1.0000128143714564,false,0,NaN
2124,F,0.8968118107129579,0.9999997915626425,true,0,NaN
2125,F,0.8968075259300894,0.9998905756522188,true,0,NaN
2126,F,0.8941871878482581,NaN,false,-300,NaN
2127,F,0.8954973465126295,NaN,false,-300,NaN
2128,F,0.8961524258449652,NaN,false,-300,NaN
2129,F,0.8964799655114336,2.272904344299524,false,0,NaN
2130,F,0.8966437353452685,1.1503870141567372,false,0,NaN
2131,F,0.8967256202633875,1.0353535555337168,false,0,NaN
2132,F,0.8978830763525737,1.0134725222538223,false,0,NaN
2133,F,0.8967665627248502,1.0096144811084067,false,0,NaN
2134,F,0.8970839357413443,1.0027627106096615,false,0,NaN
2135,F,0.8967972695877692,1.0010786921726509,false,0,NaN
2136,F,0.8968360478413016,1.0007709205639672,false,0,NaN
2137,F,0.8968062259299636,0.9999027169512557,true,0,NaN
2138,F,0.8968016599887472,1.000009639475718,false,0,NaN
2139,F,0.8968062143317542,0.9999029629160813,true,0,NaN
2140,F,0.8966395612902524,1.0044732665710023,false,0,NaN
2141,F,0.8966838663648005,1.0021231956458578,false,0,NaN
2142,F,0.89672287337759,1.0021353652392104,false,0,NaN
2143,F,0.8967445145552346,1.0013420867329896,false,0,NaN
2144,F,0.8967645294717107,1.0012519336312953,false,0,NaN
2145,F,0.8967776065570267,1.0005397219616823,false,0,NaN
2146,F,0.8967853576196757,1.0005781133209992,false,0,NaN
2147,F,0.8967919026097987,1.000459024515024,false,0,NaN
2148,F,0.896795771895476,1.0002389538091547,false,0,NaN
2149,F,0.8967990290324679,1.0001796259104168,false,0,NaN
2150,F,0.8968009794370804,1.0000694920009139,false,0,NaN
2151,F,0.8968025937909058,1.0000400656099728,false,0,NaN
2152,F,0.896803584015839,0.9999847811302689,true,0,NaN
2153,F,0.8968011512996205,1.0001625191520171,false,0,NaN
2154,F,0.8968061826437567,1.0000141135247942,false,0,NaN
2155,F,0.896803582664077,0.9999847895601254,true,0,NaN
2156,F,0.8968014648314984,1.0001027967837195,false,0,NaN
2157,F,0.8968046485582093,1.0000092739023039,false,0,NaN
2158,F,0.8968025237477877,0.9999965010578232,true,0,NaN
2159,F,0.8968030532059323,0.9999896078252102,true,0,NaN
2160,F,0.8968033179350047,0.9999869400125895,true,0,NaN
2161,F,0.8968035749045384,0.9999848068383531,true,0,NaN
2162,F,0.8968003694051686,1.0015144878362139,false,0,NaN
2163,F,0.8968516775339185,1.0000011620922113,false,0,NaN
2164,F,0.8968035496182829,0.9999849267216495,true,0,NaN
2165,F,0.8966675958060797,1.0181044243929902,false,0,NaN
2166,F,0.8972219722592352,1.0029674883821167,false,0,NaN
2167,F,0.8967345999576593,1.0084299924133222,false,0,NaN
2168,F,0.896992981599882,1.0025384781988607,false,0,NaN
2169,F,0.8967681249612378,1.0045521044997647,false,0,NaN
2170,F,0.8969078603922918,1.000968533012074,false,0,NaN
2171,F,0.8967849328477085,1.0030804201196015,false,0,NaN
2172,F,0.8968796412486915,1.0008661428029235,false,0,NaN
2173,F,0.8967934241430932,1.0014984601583246,false,0,NaN
2174,F,0.8968397315691459,1.001009773910169,false,0,NaN
2175,F,0.896797861060285,1.0013848319416132,false,0,NaN
2176,F,0.8968005474152392,1.0013870108468785,false,0,NaN
2177,F,0.8968027990301054,1.0009127286520336,false,0,NaN
2178,F,0.8968034557947607,0.9999857517533481,true,0,NaN
2179,F,0.8968023387798107,1.0000065399492193,false,0,NaN
2180,F,0.8967988061143849,1.0300879764382411,false,0,NaN
2181,F,0.8968034557353597,0.9999857525072818,true,0,NaN
2182,F,0.8967302032998961,0.9983464554567877,true,0,NaN
2183,F,0.8966423895677,1.0002826309724766,false,0,NaN
2184,F,0.8966520481244438,0.9999966056153997,true,0,NaN
2185,F,0.896686296433798,0.9991981553836607,true,0,NaN
2186,F,0.896708249866847,0.998665298595605,true,0,NaN
2187,F,0.8767167731429034,NaN,false,-300,NaN
2188,F,0.8867125115048752,1.4367196964841917,false,0,NaN
2189,F,0.8868962179232002,1.4420226117611687,false,0,NaN
2190,F,0.8917103806858612,1.1719182618871844,false,0,NaN
2191,F,0.8917830376011131,1.1714164278847163,false,0,NaN
2192,F,0.894209315276354,1.0771050086676583,false,0,NaN
2193,F,0.894242210456044,1.0772457031331357,false,0,NaN
2194,F,0.8954587825716006,1.0365037305964795,false,0,NaN
2195,F,0.8954746508354946,1.035639280429882,false,0,NaN
2196,F,0.8960835162192238,1.0173633360245131,false,0,NaN
2197,F,0.8960913575957419,1.0170141574542682,false,0,NaN
2198,F,0.8963958830430354,1.0078212350345797,false,0,NaN
2199,F,0.89639972275858,1.0079122896147763,false,0,NaN
2200,F,0.8966301581608942,1.000904907643468,false,0,NaN
2201,F,0.8966310973834116,1.0009034785826256,false,0,NaN
2202,F,0.8966984884036029,0.9989142600282538,true,0,NaN
2203,F,0.8966501668739608,1.0001440196933373,false,0,NaN
2204,F,0.896654372455556,1.00001923468169,false,0,NaN
2205,F,0.8966984647947586,0.9989147878587656,true,0,NaN
2206,F,0.8966231455901557,1.0008830479782922,false,0,NaN
2207,F,0.8966481554049593,1.0001469443829802,false,0,NaN
2208,F,0.896660805192457,0.9996902323447542,true,0,NaN
2209,F,0.8966796349936078,0.9993077044223299,true,0,NaN
2210,F,0.8966890498941832,0.9991451177492117,true,0,NaN
2211,F,0.8966981907859206,0.9989158446171613,true,0,NaN
2212,F,0.8963856286801508,1.0149243367868057,false,0,NaN
2213,F,0.8966719165605026,1.0109664299344887,false,0,NaN
2214,F,0.8966960529116778,0.9989232701903894,true,0,NaN
2215,F,0.8945280672471756,1.1469276353643314,false,0,NaN
2216,F,0.8990782457110174,0.9908344224231305,true,0,NaN
2217,F,0.8956120600794266,1.0585251754259775,false,0,NaN
2218,F,0.8961540564955522,1.0301520494663297,false,0,NaN
2219,F,0.896425054703615,1.015942548899979,false,0,NaN
2220,F,0.8964624796468689,1.012815223020031,false,0,NaN
2221,F,0.8968547195589766,1.003502478678844,false,0,NaN
2222,F,0.8965792669827911,1.0060478157694812,false,0,NaN
2223,F,0.8967804295420724,1.0025815557723536,false,0,NaN
2224,F,0.8966376606507537,1.0024972981155962,false,0,NaN
2225,F,0.8967385745401234,1.0000662201188484,false,0,NaN
2226,F,0.8966668574847377,1.0005942111572055,false,0,NaN
2227,F,0.8967140378123197,0.9998691718702902,true,0,NaN
2228,F,0.8959936417183728,1.036903934854277,false,0,NaN
2229,F,0.8960001357737603,1.0695785298749538,false,0,NaN
2230,F,0.8967127757888621,0.9998697081986438,true,0,NaN
2231,F,0.8963489308151914,1.0228201792093334,false,0,NaN
2232,F,0.8971228707437975,1.0006621174312407,false,0,NaN
2233,F,0.8965308533020268,1.0139663503333667,false,0,NaN
2234,F,0.8966218145454444,1.0082037521782263,false,0,NaN
2235,F,0.8966672951671533,1.0037798126229782,false,0,NaN
2236,F,0.8967113794324576,0.999870771194865,true,0,NaN
2237,F,0.8960861639472246,1.0426504279336406,false,0,NaN
2238,F,0.8974838346854773,0.9981365096047421,true,0,NaN
2239,F,0.8966967390474709,1.0013537082149568,false,0,NaN
2240,F,0.8967040592399642,1.0007976275521135,false,0,NaN
2241,F,0.896707719336211,1.0007964350967657,false,0,NaN
2242,F,0.8966965157232408,1.0013550131935902,false,0,NaN
2243,F,0.8967365316030209,0.9999579686034776,true,0,NaN
2244,F,0.8967038332821969,1.0007989000356794,false,0,NaN
2245,F,0.8967288662776093,0.999926767317889,true,0,NaN
2246,F,0.8967074920645175,1.0007976515383892,false,0,NaN
2247,F,0.896732511666959,0.9999260105563879,true,0,NaN
2248,F,0.8967093214613628,0.9998723797186472,true,0,NaN
2249,F,0.8960570191100273,1.0426530726371694,false,0,NaN
2250,F,0.897473769099606,0.9996873430644808,true,0,NaN
2251,F,0.8966959708801432,1.001354429822678,false,0,NaN
2252,F,0.896702646170753,1.0007988477018768,false,0,NaN
2253,F,0.8967059838160579,1.0007979500486737,false,0,NaN
2254,F,0.8966793576311303,1.0027329881982525,false,0,NaN
2255,F,0.8967615627089175,1.0004325070269742,false,0,NaN
2256,F,0.8966858757007862,1.0018569203405447,false,0,NaN
2257,F,0.8967429199314955,1.0007500335054946,false,0,NaN
2258,F,0.8966891589399727,1.0013647851188183,false,0,NaN
2259,F,0.8967320667722555,1.0003852367206632,false,0,NaN
2260,F,0.8966908523707684,1.0013644944514435,false,0,NaN
2261,F,0.8967337615772633,1.0003849103968254,false,0,NaN
2262,F,0.8966918463953656,1.0013643398512286,false,0,NaN
2263,F,0.8967347568692391,1.0003847188694477,false,0,NaN
2264,F,0.8966985499875822,1.0007975417168358,false,0,NaN
2265,F,0.8967251603966258,1.0004394183230554,false,0,NaN
2266,F,0.8967039357244726,1.000796853873661,false,0,NaN
2267,F,0.8967079750271403,1.0007915865868409,false,0,NaN
2268,F,0.896709153157085,0.9998723849365813,true,0,NaN
2269,F,0.8967079784788965,1.0007917737286738,false,0,NaN
2270,F,0.8967085658179907,1.0001948974441324,false,0,NaN
2271,F,0.8967088594875379,0.9998742712514473,true,0,NaN
2272,F,0.8967074578288969,0.9999246287078932,true,0,NaN
2273,F,0.8966877275509992,1.0002521624883114,false,0,NaN
2274,F,0.8966949961602405,1.0000389237572644,false,0,NaN
2275,F,0.8967074553570659,0.9999246381053871,true,0,NaN
2276,F,0.8966689466358748,1.000620277404237,false,0,NaN
2277,F,0.8966868173813509,1.0000975827474547,false,0,NaN
2278,F,0.8966882009964703,1.0002007779285134,false,0,NaN
2279,F,0.8966978281767681,0.9999853373601864,true,0,NaN
2280,F,0.8967026417669169,0.9999456340739061,true,0,NaN
2281,F,0.8967072321609042,0.9999246623381836,true,0,NaN
2282,F,0.8966109025201919,1.0045056333716589,false,0,NaN
2283,F,0.8967640625925636,1.0000620383288963,false,0,NaN
2284,F,0.8967070633768959,0.9999248111802721,true,0,NaN
2285,F,0.8967071477689,0.9999247312891386,true,0,NaN
2286,F,0.8967071899649021,0.9999246958993571,true,0,NaN
2287,F,0.8966401849628578,1.0027878450758942,false,0,NaN
2288,F,0.8967350632879527,1.0000245972053095,false,0,NaN
2289,F,0.8966736874638799,1.0012288045067024,false,0,NaN
2290,F,0.896690438714391,1.0009314616207141,false,0,NaN
2291,F,0.8966988143396465,1.0008708463530795,false,0,NaN
2292,F,0.8966984250188426,1.0008473806968574,false,0,NaN
2293,F,0.8967250493641874,1.0004904258534981,false,0,NaN
2294,F,0.8967000341205192,1.0008475022369492,false,0,NaN
2295,F,0.8967266634701623,1.000490328092464,false,0,NaN
2296,F,0.8967036120531772,1.000848193311299,false,0,NaN
2297,F,0.8967054010195061,1.0008486812800732,false,0,NaN
2298,F,0.8967062955026707,1.0004619404739836,false,0,NaN
2299,F,0.8967067427442529,1.0001723717809639,false,0,NaN
2300,F,0.8967069663650441,0.9999262670486488,true,0,NaN
2301,F,0.8966425464931359,1.002208591581835,false,0,NaN
2302,F,0.8967180855621532,1.0002901665799293,false,0,NaN
2303,F,0.8967069601950906,0.9999262740850912,true,0,NaN
2304,F,0.8966506758562456,1.0021016082353915,false,0,NaN
2305,F,0.8967225442628863,0.9999992823657986,true,0,NaN
2306,F,0.8966788180256681,1.0006737163378399,false,0,NaN
2307,F,0.8966928891103793,1.0003951372916824,false,0,NaN
2308,F,0.896699924652735,1.000341850692745,false,0,NaN
2309,F,0.8967068293748739,0.9999290984533068,true,0,NaN
2310,F,0.8966521503098185,1.0014144379925418,false,0,NaN
2311,F,0.8967005462714862,0.9999302438985342,true,0,NaN
2312,F,0.8966887650257586,1.0002121176178473,false,0,NaN
2313,F,0.8966960332209224,1.0000003757142106,true,0,NaN
2314,F,0.8966946556486224,1.0000054519190487,false,0,NaN
2315,F,0.8966976009600542,0.9999002768790348,true,0,NaN
2316,F,0.89669301852335,1.0000484754953047,false,0,NaN
2317,F,0.8966946932043697,0.9999826442373588,true,0,NaN
2318,F,0.8966827934567227,1.0003007268375341,false,0,NaN
2319,F,0.8966931142601138,0.9999999544377282,true,0,NaN
2320,F,0.8966887433305462,1.0001273245019808,false,0,NaN
2321,F,0.896691718267458,1.0000414459033515,false,0,NaN
2322,F,0.8966932057359138,1.000002609619592,false,0,NaN
2323,F,0.8966827934567227,1.0003007268375343,false,0,NaN
2324,F,0.8966828996910614,1.0002972636564902,false,0,NaN
2325,F,0.8966831885817896,1.0002879101313098,false,0,NaN
2326,F,0.8966832933011659,1.0002844852836736,false,0,NaN
2327,F,0.89668338614437,1.0002815301928845,false,0,NaN
2328,F,0.8966834901162929,1.0002781249112978,false,0,NaN
2329,F,0.8966834849257541,1.000278347366972,false,0,NaN
2330,F,0.8966835885264719,1.0002749519775465,false,0,NaN
2331,F,0.896683534316634,1.0002767577402387,false,0,NaN
2332,F,0.896683637732381,1.00027336732544,false,0,NaN
2333,F,0.8966835590124496,1.0002759633635934,false,0,NaN
2334,F,0.896683662335868,1.0002725754434483,false,0,NaN
2335,F,0.8966835713611087,1.0002755662634133,false,0,NaN
2336,F,0.8966836746383999,1.0002721795925078,false,0,NaN
2337,F,0.8966835806278718,1.0002752683180438,false,0,NaN
2338,F,0.8966836838705651,1.0002718825854195,false,0,NaN
2339,F,0.8966835833914535,1.0002751794714138,false,0,NaN
2340,F,0.8966836866238318,1.0002717940187418,false,0,NaN
2341,F,0.8966934886348027,0.9999958427264429,true,0,NaN
2342,F,0.8966923595412941,0.9999999329070404,true,0,NaN
2343,F,0.8633998160268568,NaN,false,-300,NaN
2344,F,0.8800459490180746,4.3560030510428245,false,0,NaN
2345,F,0.9103899539132577,NaN,false,-300,NaN
2346,F,0.8883690155160113,1.5939620020960086,false,0,NaN
2347,F,0.8937394479323659,1.2489407542815807,false,0,NaN
2348,F,0.8925305487696353,1.1883377093012766,false,0,NaN
2349,F,0.8942334442103372,1.108903269250588,false,0,NaN
2350,F,0.8946113154057586,1.0752972425448821,false,0,NaN
2351,F,0.8952921317971074,1.0458637773127992,false,0,NaN
2352,F,0.8956516987424425,1.0343603721747605,false,0,NaN
2353,F,0.8959623758487021,1.0221480131302805,false,0,NaN
2354,F,0.8961718904480295,1.0171085965322773,false,0,NaN
2355,F,0.8963265820125244,1.0125628253105743,false,0,NaN
2356,F,0.8965620344879341,1.0044592466121907,false,0,NaN
2357,F,0.8966023543065205,1.0035737355714174,false,0,NaN
2358,F,0.8966758291939274,1.0002031775599813,false,0,NaN
2359,F,0.8966776668730138,1.0001434573090033,false,0,NaN
2360,F,0.8966911181975142,1.0000227375463109,false,0,NaN
2361,F,0.8966913243904352,1.0000145300621388,false,0,NaN
2362,F,0.8966922978970324,1.0000001945996542,true,0,NaN
2363,F,0.896692300263181,0.9999999881275264,true,0,NaN
2364,F,0.8966919114605458,1.000004060539115,false,0,NaN
2365,F,0.8966919681828952,1.0000015903120105,false,0,NaN
2366,F,0.8966921058618634,1.0000013124455003,false,0,NaN
2367,F,0.8966921243075497,1.0000002983072214,true,0,NaN
2368,F,0.8966922030625222,1.000000406303061,true,0,NaN
2369,F,0.896692208887056,1.0000000541432088,true,0,NaN
2370,F,0.8966922516628516,1.0000001084726218,true,0,NaN
2371,F,0.8966922533390713,0.9999999997423172,true,0,NaN
2372,F,0.8965881320013322,1.0033687754336738,false,0,NaN
2373,F,0.8906409197778906,1.2271529292057404,false,0,NaN
2374,F,0.8966922533389764,0.9999999997423151,true,0,NaN
2375,F,0.8966913118966465,1.0000175775662024,false,0,NaN
2376,F,0.8966906922003363,1.0000338761826701,false,0,NaN
2377,F,0.8966917826178115,1.0000052942184472,false,0,NaN
2378,F,0.8966920179783939,1.0000004114023966,true,0,NaN
2379,F,0.8966921356586851,0.9999997023357343,true,0,NaN
2380,F,0.8966895094521712,1.0000674799273552,false,0,NaN
2381,F,0.8966879321398228,1.0002062188997771,false,0,NaN
2382,F,0.8966908225554282,1.0000305486632926,false,0,NaN
2383,F,0.8966914791070566,1.0000131911396593,false,0,NaN
2384,F,0.8966918073828709,1.0000048405711537,false,0,NaN
2385,F,0.8966895094521712,1.000067479927355,false,0,NaN
2386,F,0.896690671959816,1.0000716028310033,false,0,NaN
2387,F,0.896688918395623,1.000131856047837,false,0,NaN
2388,F,0.8966911854532813,1.0005031384026628,false,0,NaN
2389,F,0.8966886228615177,1.000252873121262,false,0,NaN
2390,F,0.8966929661184567,1.0004525027388917,false,0,NaN
2391,F,0.8966884750828008,1.0003513765917482,false,0,NaN
2392,F,0.8966945082692267,1.0004022529987897,false,0,NaN
2393,F,0.8966884011700975,1.0004044561632568,false,0,NaN
2394,F,0.8966953449904986,1.0003750237933318,false,0,NaN
2395,F,0.8966883641669267,1.0004303437594344,false,0,NaN
2396,F,0.8966957521155546,1.0003617700903826,false,0,NaN
2397,F,0.8966883455706517,1.0004429507889505,false,0,NaN
2398,F,0.8966959498059122,1.0003553310292843,false,0,NaN
2399,F,0.89668833083384,1.0004526939601175,false,0,NaN
2400,F,0.8966961022233623,1.000350364363943,false,0,NaN
2401,F,0.8966914105623693,1.000015551490836,false,0,NaN
2402,F,0.8966916824657858,1.000007801487751,false,0,NaN
2403,F,0.8966920903401654,0.9999998085717604,true,0,NaN
2404,F,0.8966903041325837,1.0000052143659413,false,0,NaN
2405,F,0.8966904933958216,0.9999997160438657,true,0,NaN
2406,F,0.8966800645430412,1.0002705101304632,false,0,NaN
2407,F,0.8966894735646044,1.0000004578055837,true,0,NaN
2408,F,0.8966852789694314,1.0001010532268364,false,0,NaN
2409,F,0.8966878861826265,1.0000340819690265,false,0,NaN
2410,F,0.8966891897892241,1.0000022819801366,false,0,NaN
2411,F,0.8966800645430412,1.0002705101304632,false,0,NaN
2412,F,0.8966838621797685,1.0006295103926344,false,0,NaN
2413,F,0.8966851715102644,1.0001040630693965,false,0,NaN
2414,F,0.8966866349327348,1.0000763622236193,false,0,NaN
2415,F,0.896687724994849,1.0000382676345319,false,0,NaN
2416,F,0.8966882657197629,1.0000222608025149,false,0,NaN
2417,F,0.8966890017390869,1.000006639805342,false,0,NaN
2418,F,0.8966890989239866,1.0000035556927651,false,0,NaN
2419,F,0.8966896401150976,1.00000454311931,false,0,NaN
2420,F,0.8966897078987967,1.0000023307739818,false,0,NaN
2421,F,0.8966899593108865,1.0000038036696601,false,0,NaN
2422,F,0.8966900167258697,1.0000018970033164,false,0,NaN
2423,F,0.8966901189243515,1.000003512627527,false,0,NaN
2424,F,0.8966901722584136,1.0000017245728612,false,0,NaN
2425,F,0.8966902387437511,1.0000033291237949,false,0,NaN
2426,F,0.8966902895048436,1.0000016145433368,false,0,NaN
2427,F,0.896690275066201,1.0000032794732887,false,0,NaN
2428,F,0.8966903251311417,1.0000015844688361,false,0,NaN
2429,F,0.8966904750729738,0.999999755271623,true,0,NaN
2430,F,0.8966819066804641,1.0002270346556321,false,0,NaN
2431,F,0.8966897946241019,1.00000052391856,true,0,NaN
2432,F,0.8966904748730976,0.9999997552706599,true,0,NaN
2433,F,0.8966763398522403,1.0003307926332032,false,0,NaN
2434,F,0.8966878934979936,1.0000001377951784,true,0,NaN
2435,F,0.8966834073626689,1.0001938881368544,false,0,NaN
2436,F,0.8966869411178833,1.0000788626633743,false,0,NaN
2437,F,0.8966887079954904,1.0000026251038727,false,0,NaN
2438,F,0.8966903948194007,1.0000005319824492,true,0,NaN
2439,F,0.896690408098577,0.9999999955049926,true,0,NaN
2440,F,0.8966763686853103,1.0003295842186155,false,0,NaN
2441,F,0.8966878800018366,1.0000001387583384,true,0,NaN
2442,F,0.8966904080947822,0.9999999955049192,true,0,NaN
2443,F,0.8966763686885432,1.0003295841180384,false,0,NaN
2444,F,0.8966878800015622,1.0000001387581978,true,0,NaN
2445,F,0.8966833883916626,1.000193656755769,false,0,NaN
2446,F,0.8966868982432225,1.0000789451798442,false,0,NaN
2447,F,0.8966886531690023,1.0000028089688782,false,0,NaN
2448,F,0.8966903769927481,1.000000173202607,true,0,NaN
2449,F,0.8966903822823122,1.0000000043824755,true,0,NaN
2450,F,0.8966903769965494,1.0000001732026642,true,0,NaN
2451,F,0.8966903822861129,1.0000000043825512,true,0,NaN
2452,F,0.8966903769984729,1.000000173202691,true,0,NaN
2453,F,0.896690382288036,1.0000000043825903,true,0,NaN
2454,F,0.8966903769994856,1.000000173202708,true,0,NaN
2455,F,0.8966903822890486,1.0000000043826105,true,0,NaN
2456,F,0.8966903770002661,1.0000001732027182,true,0,NaN
2457,F,0.896690382289829,1.0000000043826254,true,0,NaN
2458,F,0.8966903924908636,1.000000045090073,true,0,NaN
2459,F,0.896690393966874,0.9999999969453882,true,0,NaN
2460,F,0.8966763453150899,1.0003294091281076,false,0,NaN
2461,F,0.8966878503456018,1.0000001383525723,true,0,NaN
2462,F,0.8966903939665496,0.9999999969453823,true,0,NaN
2463,F,0.8966763453153651,1.000329409119538,false,0,NaN
2464,F,0.8966878503455782,1.0000001383525614,true,0,NaN
2465,F,0.8966833696409573,1.0001936130226787,false,0,NaN
2466,F,0.8966868818037534,1.0000789335657818,false,0,NaN
2467,F,0.8966886378851515,1.0000028065009317,false,0,NaN
2468,F,0.8966903424810129,1.0000003521699632,true,0,NaN
2469,F,0.8966903536017622,1.0000000111877554,true,0,NaN
2470,F,0.8966903682237812,1.000000098301393,true,0,NaN
2471,F,0.8966903713968578,0.9999999993681116,true,0,NaN
2472,F,0.8966763256458102,1.0003288142799833,false,0,NaN
2473,F,0.8966878096677596,1.0000001375787495,true,0,NaN
2474,F,0.8966903713967085,0.9999999993681081,true,0,NaN
2475,F,0.8966763256459351,1.000328814276082,false,0,NaN
2476,F,0.8966878096677484,1.0000001375787453,true,0,NaN
2477,F,0.8966833485213218,1.0001934476530825,false,0,NaN
2478,F,0.8966868599590151,1.000078886819216,false,0,NaN
2479,F,0.8966886156778618,1.00000279441167,false,0,NaN
2480,F,0.8966902880486052,1.0000002390751193,true,0,NaN
2481,F,0.8966902958233844,1.0000000017401807,true,0,NaN
2482,F,0.8966903297226568,1.0000000735892471,true,0,NaN
2483,F,0.8966903321299831,0.9999999998668934,true,0,NaN
2484,F,0.8966761178851935,1.0003275537035705,false,0,NaN
2485,F,0.8966875571692661,1.000000134625681,true,0,NaN
2486,F,0.8966903321296807,0.999999999866889,true,0,NaN
2487,F,0.8966761178854378,1.000327553695858,false,0,NaN
2488,F,0.8966875571692412,1.0000001346256746,true,0,NaN
2489,F,0.8966832250075593,1.000193158582504,false,0,NaN
2490,F,0.89668677856862,1.0000788229717028,false,0,NaN
2491,F,0.8966885553491504,1.0000027806837557,false,0,NaN
2492,F,0.8966901768931528,1.0000002829315349,true,0,NaN
2493,F,0.8966901861707374,1.0000000009944232,true,0,NaN
2494,F,0.8966743007719337,1.0003265247163842,false,0,NaN
2495,F,0.896685703813214,1.000000139802365,true,0,NaN
2496,F,0.8966901861693859,1.0000000009943983,true,0,NaN
2497,F,0.89667430077281,1.000326524685343,false,0,NaN
2498,F,0.8966857038130079,1.0000001398023228,true,0,NaN
2499,F,0.8966822434710979,1.0001929171423196,false,0,NaN
2500,F,0.8966862148202419,1.0000787773772406,false,0,NaN
2501,F,0.8966882004948139,1.0000027794833581,false,0,NaN
2502,F,0.8966901364796342,1.0000004260244375,true,0,NaN
2503,F,0.8966901501561241,1.0000000236693647,true,0,NaN
2504,F,0.8966901364809879,1.000000426024743,true,0,NaN
2505,F,0.8966901501574868,1.0000000236694158,true,0,NaN
2506,F,0.8966901364816748,1.0000004260248956,true,0,NaN
2507,F,0.8966901501581781,1.000000023669444,true,0,NaN
2508,F,0.8966901364820412,1.000000426024977,true,0,NaN
2509,F,0.8966901501585469,1.0000000236694575,true,0,NaN
2510,F,0.8966901409839286,1.0000003341500463,true,0,NaN
2511,F,0.8966901517153792,1.0000000153577735,true,0,NaN
2512,F,0.8966901636027267,1.0000000645601674,true,0,NaN
2513,F,0.896690165692462,1.000000000430057,true,0,NaN
2514,F,0.8966729289169417,1.0008541818807841,false,0,NaN
2515,F,0.8967027350192035,1.0000012814720278,false,0,NaN
2516,F,0.8966901656922786,1.0000000004300544,true,0,NaN
2517,F,0.8966729289170423,1.0008541818768,false,0,NaN
2518,F,0.8967027350191655,1.000001281472014,false,0,NaN
2519,F,0.8966815473046604,1.0007298370910673,false,0,NaN
2520,F,0.8966858564984695,1.0000787036463197,false,0,NaN
2521,F,0.896688011095374,1.000002735055993,false,0,NaN
2522,F,0.8966900886801348,1.0000002664886198,true,0,NaN
2523,F,0.8966900974275531,1.000000003339996,true,0,NaN
2524,F,0.8966901272035956,1.0000000559638356,true,0,NaN
2525,F,0.8966901290569417,0.9999999996957342,true,0,NaN
2526,F,0.8966730361800475,1.000861014467182,false,0,NaN
2527,F,0.8967030807788828,1.0000013286215088,false,0,NaN
2528,F,0.8966901290565781,0.9999999996957281,true,0,NaN
2529,F,0.8966730361802494,1.000861014459107,false,0,NaN
2530,F,0.8967030807788037,1.0000013286214884,false,0,NaN
2531,F,0.8966815826184137,1.000730658438983,false,0,NaN
2532,F,0.8966858558374959,1.0000789629949898,false,0,NaN
2533,F,0.896687992447037,1.0000027561452094,false,0,NaN
2534,F,0.8966900642709189,1.00000043514783,true,0,NaN
2535,F,0.896690078467859,1.0000000090297392,true,0,NaN
2536,F,0.8966900642713671,1.0000004351478877,true,0,NaN
2537,F,0.8966900784683087,1.0000000090297494,true,0,NaN
2538,F,0.8966900887950937,1.0000001925788933,true,0,NaN
2539,F,0.8966900950895632,1.0000000026332416,true,0,NaN
2540,F,0.8966901089311733,1.0000000539405585,true,0,NaN
2541,F,0.8966901107090492,0.9999999999209058,true,0,NaN
2542,F,0.8966900916070781,1.0000000078114195,true,0,NaN
2543,F,0.8966900918838008,0.9999999993818668,true,0,NaN
2544,F,0.8964093648898772,1.0185611090774587,false,0,NaN
2545,F,0.8942192219872839,1.2564440804530939,false,0,NaN
2546,F,0.8966900918739705,0.9999999993818552,true,0,NaN
2547,F,0.8966779169975178,1.0010402758438963,false,0,NaN
2548,F,0.896696971832239,1.001338910660616,false,0,NaN
2549,F,0.8966840044357441,1.0005447922384785,false,0,NaN
2550,F,0.8966870481548573,1.0005444847687073,false,0,NaN
2551,F,0.8966885700144139,1.000544463034433,false,0,NaN
2552,F,0.896689826950997,1.0000001585607736,true,0,NaN
2553,F,0.8966898321742466,0.9999999996722122,true,0,NaN
2554,F,0.8966579755476899,1.0022671868798279,false,0,NaN
2555,F,0.8967370769191265,1.0000067511107251,false,0,NaN
2556,F,0.8966898321577991,0.9999999996720613,true,0,NaN
2557,F,0.8966579755605889,1.0022671864751524,false,0,NaN
2558,F,0.8967370769180457,1.0000067511080202,false,0,NaN
2559,F,0.896673903859194,1.001142091621924,false,0,NaN
2560,F,0.8966818680084966,1.0006207133617366,false,0,NaN
2561,F,0.8966858500831478,1.0005458541194263,false,0,NaN
2562,F,0.8966897725428756,1.0000007074327406,true,0,NaN
2563,F,0.896689795297318,1.0000000568201235,true,0,NaN
2564,F,0.8966897725592988,1.0000007074408686,true,0,NaN
2565,F,0.8966897953139976,1.000000056821397,true,0,NaN
2566,F,0.896689772567515,1.0000007074449366,true,0,NaN
2567,F,0.896689795322342,1.0000000568220373,true,0,NaN
2568,F,0.8966897725716324,1.000000707446974,true,0,NaN
2569,F,0.8966897953265237,1.0000000568223577,true,0,NaN
2570,F,0.8966897725737099,1.0000007074480033,true,0,NaN
2571,F,0.8966897953286337,1.0000000568225187,true,0,NaN
2572,F,0.8966897725747898,1.0000007074485358,true,0,NaN
2573,F,0.8966897953297304,1.000000056822605,true,0,NaN
2574,F,0.8966897725754636,1.0000007074488706,true,0,NaN
2575,F,0.8966897953304147,1.000000056822656,true,0,NaN
2576,F,0.8966898151235552,1.0000000354523895,true,0,NaN
2577,F,0.8966898162831691,0.9999999997729475,true,0,NaN
2578,F,0.8966473920569349,1.0026668946567967,false,0,NaN
2579,F,0.8967404348259369,0.9999920554268965,true,0,NaN
2580,F,0.8966898162828235,0.9999999997729438,true,0,NaN
2581,F,0.8966473920578266,1.0026668946396424,false,0,NaN
2582,F,0.8967404348262367,0.9999920554267792,true,0,NaN
2583,F,0.896668604170325,1.001537132528289,false,0,NaN
2584,F,0.8966792102265743,1.0005772739000804,false,0,NaN
2585,F,0.8966845132546989,1.0005454685995252,false,0,NaN
2586,F,0.8966897561456182,1.0000003379015558,true,0,NaN
2587,F,0.8966897672074793,1.0000000082019604,true,0,NaN
2588,F,0.8966897862208384,1.0000000684559796,true,0,NaN
2589,F,0.8966897884783471,1.0000000000285378,true,0,NaN
2590,F,0.896649217258436,1.0026711493878102,false,0,NaN
2591,F,0.8967424236005213,0.9999919952831676,true,0,NaN
2592,F,0.8966897884780166,1.000000000028533,true,0,NaN
2593,F,0.8966492172611615,1.002671149345339,false,0,NaN
2594,F,0.8967424236017816,0.9999919952825481,true,0,NaN
2595,F,0.8966695028695891,1.001538551195703,false,0,NaN
2596,F,0.8966796456738029,1.0005775980857858,false,0,NaN
2597,F,0.8966847170759097,1.000545438324187,false,0,NaN
2598,F,0.8966897284158897,1.0000003026209263,true,0,NaN
2599,F,0.8966897383262052,1.000000004402139,true,0,NaN
2600,F,0.8966897584577481,1.0000000867549241,true,0,NaN
2601,F,0.8966897613135579,1.0000000002572353,true,0,NaN
2602,F,0.8966698303460814,1.0008863847946474,false,0,NaN
2603,F,0.8967008290935333,1.0000017375465895,false,0,NaN
2604,F,0.8966897613133955,1.0000000002572336,true,0,NaN
2605,F,0.8966698303462288,1.0008863847903582,false,0,NaN
2606,F,0.8967008290935314,1.000001737546572,false,0,NaN
2607,F,0.8966797958298122,1.0007392495165655,false,0,NaN
2608,F,0.8966847785716038,1.0006216965357275,false,0,NaN
2609,F,0.8966872699424997,1.000527563935206,false,0,NaN
2610,F,0.8966897016681291,1.0000004349775329,true,0,NaN
2611,F,0.8966897159150402,1.000000014740313,true,0,NaN
2612,F,0.8966897315053061,1.0000000835772997,true,0,NaN
2613,F,0.896689734259432,1.0000000003616112,true,0,NaN
2614,F,0.8966715870110663,1.0008851699787875,false,0,NaN
2615,F,0.8967025421445285,1.000001740578115,false,0,NaN
2616,F,0.8966897342592838,1.0000000003616094,true,0,NaN
2617,F,0.8966715870111839,1.0008851699751462,false,0,NaN
2618,F,0.8967025421445192,1.0000017405781016,false,0,NaN
2619,F,0.8966806606352339,1.000738893791042,false,0,NaN
2620,F,0.8966851974472588,1.000180283338082,false,0,NaN
2621,F,0.8966874658532713,1.0000051287408414,false,0,NaN
2622,F,0.8966896756896743,1.0000004154835065,true,0,NaN
2623,F,0.8966896893266356,1.0000000089495642,true,0,NaN
2624,F,0.8966897049907627,1.0000001168449046,true,0,NaN
2625,F,0.896689708840725,1.000000000946785,true,0,NaN
2626,F,0.8966897196413077,1.0000000310013448,true,0,NaN
2627,F,0.8966897206780006,0.9999999996041518,true,0,NaN
2628,F,0.8966717981459783,1.0008850923240629,false,0,NaN
2629,F,0.896702751116244,1.000001745191171,false,0,NaN
2630,F,0.8966897206778542,0.9999999996041465,true,0,NaN
2631,F,0.8966717981460918,1.0008850923205084,false,0,NaN
2632,F,0.8967027511162338,1.0000017451911551,false,0,NaN
2633,F,0.896680759411973,1.0007337196213155,false,0,NaN
2634,F,0.8966852400449136,1.0000989226551207,false,0,NaN
2635,F,0.8966874803613839,1.0000040642757497,false,0,NaN
2636,F,0.8966896663165062,1.0000002452944223,true,0,NaN
2637,F,0.8966896744376666,1.0000000044057469,true,0,NaN
2638,F,0.8966896935010811,1.0000000398275868,true,0,NaN
2639,F,0.8966896948371696,0.9999999995903438,true,0,NaN
2640,F,0.8966721876891942,1.0004482297295818,false,0,NaN
2641,F,0.896687868061096,1.0000007976147232,true,0,NaN
2642,F,0.8966896948368837,0.99999999959034,true,0,NaN
2643,F,0.8966721876894022,1.0004482297174662,false,0,NaN
2644,F,0.8966878680608807,1.0000007976147285,true,0,NaN
2645,F,0.8966809412631429,1.000205408099942,false,0,NaN
2646,F,0.8966853180500133,1.0000813572992917,false,0,NaN
2647,F,0.8966875064434484,1.0000033484767774,false,0,NaN
2648,F,0.8966895965488321,1.000002579069924,false,0,NaN
2649,F,0.8966896824673173,1.0000003024506312,true,0,NaN
2650,F,0.8966896456965623,1.000000360737912,true,0,NaN
2651,F,0.8966896577322021,1.0000000077269924,true,0,NaN
2652,F,0.8966896702704273,1.0000000727686826,true,0,NaN
2653,F,0.8966896727150836,0.9999999999733707,true,0,NaN
2654,F,0.8966722714909067,1.0003583324745966,false,0,NaN
2655,F,0.8966848090231081,1.0000003253258294,true,0,NaN
2656,F,0.8966896727149415,0.9999999999733676,true,0,NaN
2657,F,0.8966722714910091,1.0003583324712269,false,0,NaN
2658,F,0.8966848090230918,1.0000003253258498,true,0,NaN
2659,F,0.8966809721029753,1.000202488495368,false,0,NaN
2660,F,0.8966853224089584,1.0000810492460808,false,0,NaN
2661,F,0.89668749756195,1.0000032948380648,false,0,NaN
2662,F,0.8966896447388427,1.0000001396693181,true,0,NaN
2663,F,0.8966896494689253,1.0000000007592877,true,0,NaN
2664,F,0.8966896525167994,1.000000066673106,true,0,NaN
2665,F,0.8966896547859083,0.9999999997926979,true,0,NaN
2666,F,0.8966896152219254,1.0000004515282348,true,0,NaN
2667,F,0.8966896304823089,1.0000000064978738,true,0,NaN
2668,F,0.8966896350110856,1.0000001330906507,true,0,NaN
2669,F,0.8966896395242204,1.0000000007196699,true,0,NaN
2670,F,0.8966896449056657,1.0000000359815153,true,0,NaN
2671,F,0.8966896461413734,0.9999999995797129,true,0,NaN
2672,F,0.8966719401874373,1.0003605380772103,false,0,NaN
2673,F,0.8966845545282486,1.0000003321315343,true,0,NaN
2674,F,0.8966896461412334,0.9999999995797102,true,0,NaN
2675,F,0.8966719401875358,1.0003605380739324,false,0,NaN
2676,F,0.8966845545282326,1.0000003321315258,true,0,NaN
2677,F,0.8966807931643846,1.0002029017525826,false,0,NaN
2678,F,0.896685219652809,1.0000811591924854,false,0,NaN
2679,F,0.8966874328970211,1.0000033239736235,false,0,NaN
2680,F,0.8966896086156527,1.0000002412994191,true,0,NaN
2681,F,0.8966896168008472,1.0000000019710413,true,0,NaN
2682,F,0.8966896273820264,1.000000052698332,true,0,NaN
2683,F,0.8966896291863388,0.9999999996049576,true,0,NaN
2684,F,0.8966895874049884,1.0000003797807573,true,0,NaN
2685,F,0.8966896001923528,1.0000000080954,true,0,NaN
2686,F,0.8966896078242592,1.0000002457230044,true,0,NaN
2687,F,0.8966896161053477,1.0000000042005852,true,0,NaN
2688,F,0.8966896185092835,1.0000000685027257,true,0,NaN
2689,F,0.8966896208332121,1.0000000001728784,true,0,NaN
2690,F,0.8966896238517957,1.0000000177331563,true,0,NaN
2691,F,0.8966896244691339,0.999999999484861,true,0,NaN
2692,F,0.896687582389457,1.000030619412239,false,0,NaN
2693,F,0.8966854987893483,1.0004658627154492,false,0,NaN
2694,F,0.8966896244691258,0.9999999994848608,true,0,NaN
2695,F,0.8966616875129301,1.0024508093285731,false,0,NaN
2696,F,0.896508122295877,1.0066496610220126,false,0,NaN
2697,F,0.8966756559910279,1.0008996772304999,false,0,NaN
2698,F,0.8966826402300768,1.0008986182346384,false,0,NaN
2699,F,0.8966861323496014,1.0004138022183244,false,0,NaN
2700,F,0.8966896061676595,1.0000000104026834,true,0,NaN
2701,F,0.8966896065374368,0.9999999994937315,true,0,NaN
2702,F,0.8966853535669339,1.0004894160996414,false,0,NaN
2703,F,0.8966846968484663,1.0011337206951756,false,0,NaN
2704,F,0.8966896065372352,0.999999999493718,true,0,NaN
2705,F,0.8966891880072198,1.0000116322874646,false,0,NaN
2706,F,0.8966890421892763,1.000441125850129,false,0,NaN
2707,F,0.8966893972722274,1.000001041484324,false,0,NaN
2708,F,0.8966895019047313,1.0000001310651145,true,0,NaN
2709,F,0.8966895542209833,1.0000000065529513,true,0,NaN
2710,F,0.8966894647315528,1.0000078995892425,false,0,NaN
2711,F,0.8966897320387555,1.0000011326519553,false,0,NaN
2712,F,0.8966894754194429,1.0000061245351766,false,0,NaN
2713,F,0.8966896826660795,1.0000006987434638,true,0,NaN
2714,F,0.8966895409784892,1.0000008878494544,true,0,NaN
2715,F,0.8966895710371119,1.0000000217065876,true,0,NaN
2716,F,0.8966895737580123,1.0000001747745804,true,0,NaN
2717,F,0.8966895796890995,1.000000001017879,true,0,NaN
2718,F,0.8966895901477738,1.000000038751941,true,0,NaN
2719,F,0.8966895914764116,0.9999999996303097,true,0,NaN
2720,F,0.8966887353030529,0.9999998648262101,true,0,NaN
2721,F,0.8959333061071665,1.0351716607218289,false,0,NaN
2722,F,0.8971178039391987,1.0013197792669026,false,0,NaN
2723,F,0.8963110207051097,1.0111562591483947,false,0,NaN
2724,F,0.8964998780040813,1.0070875879240766,false,0,NaN
2725,F,0.8965943066535671,1.0049170402621632,false,0,NaN
2726,F,0.8959333061071665,1.0351716607218284,false,0,NaN
2727,F,0.8971168816790627,1.0031165326841742,false,0,NaN
2728,F,0.8963109738256492,1.0111566263704759,false,0,NaN
2729,F,0.8966864139805846,1.0006022791260654,false,0,NaN
2730,F,0.8964998076849742,1.007088064333081,false,0,NaN
2731,F,0.8967383348516046,1.0006114623243048,false,0,NaN
2732,F,0.896594224614804,1.0049175318468877,false,0,NaN
2733,F,0.8967597102730026,1.0005986808656966,false,0,NaN
2734,F,0.8966414330800534,1.0033745276212076,false,0,NaN
2735,F,0.8967549945889393,1.0005706005500254,false,0,NaN
2736,F,0.8966650373133472,1.001961067242691,false,0,NaN
2737,F,0.8967310341339023,1.0005616550608798,false,0,NaN
2738,F,0.8966768394313324,1.0003984090708755,false,0,NaN
2739,F,0.896690250973748,1.0004362024754845,false,0,NaN
2740,F,0.8966856910291887,0.9999967307437743,true,0,NaN
2741,F,0.8961374423338481,1.0224719858068059,false,0,NaN
2742,F,0.8968978141071858,1.0015969824015574,false,0,NaN
2743,F,0.896666561317672,1.0019487480899507,false,0,NaN
2744,F,0.8966761261734303,1.0003985696514357,false,0,NaN
2745,F,0.8966809086013096,1.0003979579898301,false,0,NaN
2746,F,0.8966665404524446,1.0019471741835446,false,0,NaN
2747,F,0.896724276336655,1.0003898337661525,false,0,NaN
2748,F,0.8966761049310416,1.0003981608517505,false,0,NaN
2749,F,0.8966879869220509,1.0000757692895843,false,0,NaN
2750,F,0.8966808871703676,1.0003979044746991,false,0,NaN
2751,F,0.8966927623433935,1.0000762101143479,false,0,NaN
2752,F,0.896683278290086,0.9999968867639071,true,0,NaN
2753,F,0.8940526274263405,1.2860174909913957,false,0,NaN
2754,F,0.9000458640355831,1.8628311943476417,false,0,NaN
2755,F,0.8966149281217722,1.0040837800562077,false,0,NaN
2756,F,0.8966491032059292,1.0026282395177764,false,0,NaN
2757,F,0.8966661907480076,1.0019500874271183,false,0,NaN
2758,F,0.8966149012188837,1.004077390054448,false,0,NaN
2759,F,0.8967479399916604,1.0007495642605329,false,0,NaN
2760,F,0.8966490759445929,1.002627017382386,false,0,NaN
2761,F,0.8967348278176606,1.000574209927184,false,0,NaN
2762,F,0.8966661633080154,1.0019498673817264,false,0,NaN
2763,F,0.8967298379138195,1.000627523741722,false,0,NaN
2764,F,0.8966747069908628,1.000789192677255,false,0,NaN
2765,F,0.8967005391230961,1.0005458426926255,false,0,NaN
2766,F,0.8966789788345586,1.000398192305881,false,0,NaN
2767,F,0.8966920628962345,1.0000806760321348,false,0,NaN
2768,F,0.8966811147609509,1.0003981948776874,false,0,NaN
2769,F,0.8966941989833161,1.000121662950226,false,0,NaN
2770,F,0.8966821827332357,1.000398208713272,false,0,NaN
2771,F,0.8966952674451175,1.0001497321172803,false,0,NaN
2772,F,0.8966829837760862,1.0001725307226523,false,0,NaN
2773,F,0.8966887104838019,1.0002340101897096,false,0,NaN
2774,F,0.8966832180801928,0.9999971856448943,true,0,NaN
2775,F,0.8957657294858841,1.0395980097787247,false,0,NaN
2776,F,0.8961989103013851,1.0912491629958665,false,0,NaN
2777,F,0.8966831223832268,0.9999971913561407,true,0,NaN
2778,F,0.8966605488993921,1.0007495967276236,false,0,NaN
2779,F,0.8966867623108996,1.00000107343193,false,0,NaN
2780,F,0.8966718356413094,1.0005113832166928,false,0,NaN
2781,F,0.8966774790122681,1.0004327064586995,false,0,NaN
2782,F,0.8966803006977474,1.000399770350831,false,0,NaN
2783,F,0.8966830994230996,0.9999972796376561,true,0,NaN
2784,F,0.8966760542675157,1.000399834095835,false,0,NaN
2785,F,0.8966895672166789,0.999998722054308,true,0,NaN
2786,F,0.8966795457073744,1.0003978351229916,false,0,NaN
2787,F,0.8966929915550127,0.9999986221701792,true,0,NaN
2788,F,0.8966812920408269,1.0003971797414013,false,0,NaN
2789,F,0.8966947158886146,1.000342931592304,false,0,NaN
2790,F,0.8966821664383859,1.000397364857035,false,0,NaN
2791,F,0.8966826061296292,1.000404333379385,false,0,NaN
2792,F,0.8966828312240659,1.0004328316103686,false,0,NaN
2793,F,0.8966829558772823,1.0000853375971732,false,0,NaN
2794,F,0.8966830632730288,0.999997539429361,true,0,NaN
2795,F,0.8966660088104087,1.0007512367274676,false,0,NaN
2796,F,0.8966922787592267,0.9999846477415397,true,0,NaN
2797,F,0.896683062578392,0.9999975395206439,true,0,NaN
2798,F,0.8966662658658042,1.0007506517301081,false,0,NaN
2799,F,0.8966925164559943,0.9999941621998949,true,0,NaN
2800,F,0.8966746642220982,1.0003123896694959,false,0,NaN
2801,F,0.896678863400245,1.0000393745131022,false,0,NaN
2802,F,0.8966809629893185,1.0000013622958064,false,0,NaN
2803,F,0.8966830451421441,0.9999977219809193,true,0,NaN
2804,F,0.8966825285755794,1.000321280295223,false,0,NaN
2805,F,0.8966936559927973,1.000909130743123,false,0,NaN
2806,F,0.8966827733167855,1.0000323563692286,false,0,NaN
2807,F,0.8966839644198151,1.0000427442363709,false,0,NaN
2808,F,0.8966828997161043,1.0000059627827151,false,0,NaN
2809,F,0.8966831831235629,0.9999998958686058,true,0,NaN
2810,F,0.896682965497983,1.0000006504667098,true,0,NaN
2811,F,0.8966830662108427,0.9999980253811682,true,0,NaN
2812,F,0.8966830000336196,1.0000008086023076,true,0,NaN
2813,F,0.8966831061848832,0.999998047583844,true,0,NaN
2814,F,0.89668301801193,1.000000847392189,true,0,NaN
2815,F,0.8966831254972074,0.9999980550486864,true,0,NaN
2816,F,0.8966830280743104,1.000000674615701,true,0,NaN
2817,F,0.8966831296176727,0.9999980289655367,true,0,NaN
2818,F,0.8966830396035952,0.9999979434670547,true,0,NaN
2819,F,0.8966571890211884,1.0009960820582966,false,0,NaN
2820,F,0.8966921733102242,0.9999896681773378,true,0,NaN
2821,F,0.896683039204947,0.9999979434961639,true,0,NaN
2822,F,0.8966582632979943,1.0008309408884264,false,0,NaN
2823,F,0.8966874168809599,1.0000013892888602,false,0,NaN
2824,F,0.8966706512514706,1.0005634069668854,false,0,NaN
2825,F,0.8966768452282088,1.0001144412583876,false,0,NaN
2826,F,0.8966799422165779,1.00000424670873,false,0,NaN
2827,F,0.8966830283441922,0.9999981079574083,true,0,NaN
2828,F,0.8966589491838683,1.000824147626195,false,0,NaN
2829,F,0.8966878605335845,1.0000012065089694,false,0,NaN
2830,F,0.896683022747933,0.9999981083481843,true,0,NaN
2831,F,0.8966384496559465,1.0013663359808591,false,0,NaN
2832,F,0.896686728849554,0.9999871932683764,true,0,NaN
2833,F,0.8966607362019398,1.0010681926001699,false,0,NaN
2834,F,0.8966718794749364,1.0007284590067824,false,0,NaN
2835,F,0.8966774511114347,1.0001337851947343,false,0,NaN
2836,F,0.8966830013664233,0.9999981149001579,true,0,NaN
2837,F,0.8966578547230908,1.0002484186591767,false,0,NaN
2838,F,0.896640959807484,1.0013127945650744,false,0,NaN
2839,F,0.8966829183692717,0.9999981226523136,true,0,NaN
2840,F,0.896623771776015,1.0011570962649372,false,0,NaN
2841,F,0.8966646736859075,1.00000203061379,false,0,NaN
2842,F,0.8966533450726434,1.0004035665752251,false,0,NaN
2843,F,0.8966681317209576,1.000105081044456,false,0,NaN
2844,F,0.8966755250451146,1.0000928484136364,false,0,NaN
2845,F,0.8966825355610207,0.9999981662490364,true,0,NaN
2846,F,0.8966027138659718,1.0012230938958142,false,0,NaN
2847,F,0.8966459691654719,1.0000012539508447,false,0,NaN
2848,F,0.896678943225862,1.0000169559907286,false,0,NaN
2849,F,0.8966807393934413,1.000014269791617,false,0,NaN
2850,F,0.8966816374772311,0.9999983396237216,true,0,NaN
2851,F,0.8966588490829912,1.00028235688357,false,0,NaN
2852,F,0.8966687118362121,1.00001854703146,false,0,NaN
2853,F,0.8966702432801111,1.0002281714860566,false,0,NaN
2854,F,0.8966759403786712,1.0000970957746957,false,0,NaN
2855,F,0.896678788927951,1.0000415285475655,false,0,NaN
2856,F,0.8966810961812031,1.0000135268701653,false,0,NaN
2857,F,0.8966816173179502,0.9999984325952997,true,0,NaN
2858,F,0.896680944568292,0.9999909671315904,true,0,NaN
2859,F,0.896678817130231,1.0003919925433473,false,0,NaN
2860,F,0.896690785353538,1.0003609468408354,false,0,NaN
2861,F,0.8966798808492615,1.0000487539568552,false,0,NaN
2862,F,0.8966804127087767,1.0000081069592293,false,0,NaN
2863,F,0.8966806786385343,0.9999976617094584,true,0,NaN
2864,F,0.8966631606746565,1.0003834081511873,false,0,NaN
2865,F,0.8966765334121991,0.9999993852067421,true,0,NaN
2866,F,0.8966727538325583,1.0003701100113658,false,0,NaN
2867,F,0.896685777454427,1.000013157444864,false,0,NaN
2868,F,0.8966746436223787,1.0000385482857894,false,0,NaN
2869,F,0.8966755885172889,1.000003655645618,false,0,NaN
2870,F,0.896676060964744,1.0000004356618064,true,0,NaN
2871,F,0.8966727538325583,1.000370110011366,false,0,NaN
2872,F,0.8966803511709254,0.9998298608627691,true,0,NaN
2873,F,0.896674628791234,1.0000369566270888,false,0,NaN
2874,F,0.8966753960230754,0.999993852295437,true,0,NaN
2875,F,0.8966691131078265,1.0011218473704317,false,0,NaN
2876,F,0.8967057472817618,1.0016925139099389,false,0,NaN
2877,F,0.896672254565451,1.0002076175320422,false,0,NaN
2878,F,0.8966738252942632,0.9999375988227669,true,0,NaN
2879,F,0.8966673073326797,1.0000554443670038,false,0,NaN
2880,F,0.8966692323077421,1.000000306083992,true,0,NaN
2881,F,0.8966705663134715,0.9999792507031208,true,0,NaN
2882,F,0.8966721958038674,0.9999557928328793,true,0,NaN
2883,F,0.8966730105490652,0.9999460345622774,true,0,NaN
2884,F,0.896670901542542,0.9999736006117728,true,0,NaN
2885,F,0.8966581066857627,1.0009643686680527,false,0,NaN
2886,F,0.8966835861725652,1.000221416119648,false,0,NaN
2887,F,0.8966645041141524,1.0006878422869558,false,0,NaN
2888,F,0.8966677028283472,1.0003742032175145,false,0,NaN
2889,F,0.8966693021854446,1.0000304816838326,false,0,NaN
2890,F,0.8966581066857627,1.0009643686680527,false,0,NaN
2891,F,0.8966907132382007,0.9999944512246774,true,0,NaN
2892,F,0.896664491720221,1.0007823540832559,false,0,NaN
2893,F,0.8966913888748448,1.0000996468324992,false,0,NaN
2894,F,0.8966676842374502,1.0003780983518769,false,0,NaN
2895,F,0.896681136905481,1.0004627359746778,false,0,NaN
2896,F,0.8966692804960651,1.0000411018003295,false,0,NaN
2897,F,0.8966714515022326,1.0000327800281614,false,0,NaN
2898,F,0.896670078625373,0.9999800606289702,true,0,NaN
2899,F,0.8966289795778832,1.001416159575454,false,0,NaN
2900,F,0.8966789703120512,1.000137080463173,false,0,NaN
2901,F,0.8966522904133618,1.0006631573007412,false,0,NaN
2902,F,0.8966611845193674,1.0002770441232554,false,0,NaN
2903,F,0.8966656315723702,1.0000063682315723,false,0,NaN
2904,F,0.8966520372181762,1.0006703250496511,false,0,NaN
2905,F,0.8966552491933019,1.0001683559449739,false,0,NaN
2906,F,0.8966608348280194,1.0001899416721494,false,0,NaN
2907,F,0.8966618035297959,1.0000879136194132,false,0,NaN
2908,F,0.8966652336329508,1.000014433109673,false,0,NaN
2909,F,0.8966653854764727,1.000011944761978,false,0,NaN
2910,F,0.8966674330354362,1.000002645134329,false,0,NaN
2911,F,0.8966675343931155,1.000001067543726,false,0,NaN
2912,F,0.8966685327367182,0.9999993203601125,true,0,NaN
2913,F,0.896653563311218,1.0006866690596854,false,0,NaN
2914,F,0.8966777400327806,1.0000003021632677,true,0,NaN
2915,F,0.8966636294067,1.000114038146963,false,0,NaN
2916,F,0.8966660810717091,1.0000033803285484,false,0,NaN
2917,F,0.8966673069042137,0.9999997612980774,true,0,NaN
2918,F,0.8966017751342877,1.0117011911761584,false,0,NaN
2919,F,0.8966345410192507,1.0048781769149573,false,0,NaN
2920,F,0.8966509239617322,1.001612003689352,false,0,NaN
2921,F,0.8966591154329729,1.0004644801519125,false,0,NaN
2922,F,0.8966520097038344,1.0014621569012743,false,0,NaN
2923,F,0.8967019063253284,1.000036151514238,false,0,NaN
2924,F,0.8966596553317887,1.0003948838091288,false,0,NaN
2925,F,0.8966731369572423,1.0003818203213923,false,0,NaN
2926,F,0.896663478145767,1.0001177889299648,false,0,NaN
2927,F,0.8966675053194426,1.0000494937319657,false,0,NaN
2928,F,0.8966653895527584,1.0000158598695033,false,0,NaN
2929,F,0.8966659388974546,1.0000000864335712,true,0,NaN
2930,F,0.8966663452562588,1.0000037987218557,false,0,NaN
2931,F,0.8966664830463082,0.9999997887152973,true,0,NaN
2932,F,0.8966524934069896,1.0006221330934573,false,0,NaN
2933,F,0.8966744799747702,0.9999992239081716,true,0,NaN
2934,F,0.8966660518033762,1.0000000172781052,true,0,NaN
2935,F,0.8966662674248422,0.9999998434698174,true,0,NaN
2936,F,0.896652898848482,1.000612041255897,false,0,NaN
2937,F,0.8966745041311418,0.999999608223246,true,0,NaN
2938,F,0.8966595831366622,1.0004220185820933,false,0,NaN
2939,F,0.8966629252807522,1.0000271799158762,false,0,NaN
2940,F,0.8966645963527972,1.000003903951011,false,0,NaN
2941,F,0.8966660904331571,0.9999998741810123,true,0,NaN
2942,F,0.8966522293443896,1.0002900724021657,false,0,NaN
2943,F,0.8966624664736462,0.9999935587775135,true,0,NaN
2944,F,0.8966424361630332,1.0004339011026055,false,0,NaN
2945,F,0.8966577320686152,0.9999997424630691,true,0,NaN
2946,F,0.8796111176478848,NaN,false,-300,NaN
2947,F,0.888134410178169,2.968991470516233,false,0,NaN
2948,F,0.9512608364573268,6.475472226719212,false,0,NaN
2949,F,0.8923960564440221,1.3809551192726661,false,0,NaN
2950,F,0.9046095932777874,1.1078035272308806,false,0,NaN
2951,F,0.8945268795783706,1.1248632443682476,false,0,NaN
2952,F,0.8985300392978703,1.016792165560247,false,0,NaN
2953,F,0.8955922911483889,1.0504315369211632,false,0,NaN
2954,F,0.8972091495155816,1.005794856621685,false,0,NaN
2955,F,0.8961249969390861,1.019701519996465,false,0,NaN
2956,F,0.8967566423713752,1.002920502035867,false,0,NaN
2957,F,0.8963913498458107,1.0081311529727301,false,0,NaN
2958,F,0.8966520460761747,1.0008584378167733,false,0,NaN
2959,F,0.8965911146054868,1.0025493323276833,false,0,NaN
2960,F,0.8966728561052598,1.00018247932557,false,0,NaN
2961,F,0.8966493801499842,1.000829170914115,false,0,NaN
2962,F,0.8966759727938708,1.0000857456859082,false,0,NaN
2963,F,0.8966571963344251,1.0000052256916276,false,0,NaN
2964,F,0.8966573730640988,0.9999999531568388,true,0,NaN
2965,F,0.8966540414151398,1.0009517675971105,false,0,NaN
2966,F,0.8966860702177827,0.9999944365659483,true,0,NaN
2967,F,0.8966557070024961,1.000397715804045,false,0,NaN
2968,F,0.8966690918186819,0.9999974301424847,true,0,NaN
2969,F,0.8966565397967362,1.0003938173841942,false,0,NaN
2970,F,0.8966569561949801,1.0003419530326798,false,0,NaN
2971,F,0.8966571643963499,1.000000919319633,true,0,NaN
2972,F,0.8966571969079784,0.9999999784911001,true,0,NaN
2973,F,0.8966567492026198,1.0000061871721655,false,0,NaN
2974,F,0.8966569782070075,0.9999997008520681,true,0,NaN
2975,F,0.8966568391338062,1.0000011777562898,false,0,NaN
2976,F,0.8966568907600215,0.9999997159635378,true,0,NaN
2977,F,0.8962967884294278,1.0218517010278119,false,0,NaN
2978,F,0.8968180210398995,1.0050664307047141,false,0,NaN
2979,F,0.8964768242097426,1.0090212687775926,false,0,NaN
2980,F,0.8966920141574726,1.0022413157255423,false,0,NaN
2981,F,0.8965668421026181,1.0039820128277008,false,0,NaN
2982,F,0.8966618313214041,1.0004824259373395,false,0,NaN
2983,F,0.8966118510544918,1.0026495325052405,false,0,NaN
2984,F,0.8966750567902289,1.000299210156619,false,0,NaN
2985,F,0.8966343555413009,1.0017438377922405,false,0,NaN
2986,F,0.8966759578566549,1.0003568041034958,false,0,NaN
2987,F,0.8966456078064499,1.0012470958365376,false,0,NaN
2988,F,0.8966753613993405,0.9998432720800076,true,0,NaN
2989,F,0.896651233982514,1.0006898878175756,false,0,NaN
2990,F,0.8966676965636523,0.9998114908529293,true,0,NaN
2991,F,0.896655453919057,0.9999200314167352,true,0,NaN
2992,F,0.8966091637829874,1.0013507773349897,false,0,NaN
2993,F,0.896655315000222,0.9999207050917377,true,0,NaN
2994,F,0.8966553844596395,0.9999202638415381,true,0,NaN
2995,F,0.8966554191893482,0.9999201199331039,true,0,NaN
2996,F,0.8966542185430469,0.9999411023837986,true,0,NaN
2997,F,0.896497383887129,0.9982211933498354,true,0,NaN
2998,F,0.8963106163910628,1.00526409006465,false,0,NaN
2999,F,0.8964698759086521,1.0007340542467393,false,0,NaN
3000,F,0.896493463801209,0.9987685702219229,true,0,NaN
3001,F,0.8964954238441689,0.9982398167385393,true,0,NaN
3002,F,0.896496403865649,0.9982304941368959,true,0,NaN
3003,F,0.8953525919669281,1.0652567638739745,false,0,NaN
3004,F,0.8971979910521477,1.0186517505690753,false,0,NaN
3005,F,0.8959244979162885,1.0229808529758138,false,0,NaN
3006,F,0.8962104508909687,1.0166622758257202,false,0,NaN
3007,F,0.8963534273783089,1.006129612945551,false,0,NaN
3008,F,0.8964849076492091,0.9993412520653978,true,0,NaN
3009,F,0.8957472836660798,1.044870505969674,false,0,NaN
3010,F,0.8971215640457788,1.0152018196460775,false,0,NaN
3011,F,0.8961160740526933,1.0217623266068083,false,0,NaN
3012,F,0.8967928442419373,1.0062620044967543,false,0,NaN
3013,F,0.8963004692778108,1.0098708878420406,false,0,NaN
3014,F,0.8966183016163234,1.0026290580099249,false,0,NaN
3015,F,0.8963926669539911,1.0027089152481068,false,0,NaN
3016,F,0.896494318220297,0.9998910628161521,true,0,NaN
3017,F,0.896438765919325,1.000350773050641,false,0,NaN
3018,F,0.8964692377398493,0.9993499366919976,true,0,NaN
3019,F,0.8963437114532374,1.0098782263665873,false,0,NaN
3020,F,0.8966662137222491,1.0005624344503594,false,0,NaN
3021,F,0.8964064745965433,1.0035565638819213,false,0,NaN
3022,F,0.8965353318532879,1.000438691300222,false,0,NaN
3023,F,0.8964378561681964,1.0021138810686605,false,0,NaN
3024,F,0.8965225212369164,0.99935989763169,true,0,NaN
3025,F,0.8964535469540228,1.000746319842222,false,0,NaN
3026,F,0.8964963209249293,0.9998510678780718,true,0,NaN
3027,F,0.8964613923469361,0.999844041690172,true,0,NaN
3028,F,0.8964378530080827,1.0018686417698004,false,0,NaN
3029,F,0.8964783441047022,1.0006624774594937,false,0,NaN
3030,F,0.8964613648840378,0.9998442227406383,true,0,NaN
3031,F,0.8937196057866712,1.2116868404388683,false,0,NaN
3032,F,0.8989396307448333,1.0128663035998915,false,0,NaN
3033,F,0.8950904853353545,1.0878063470810828,false,0,NaN
3034,F,0.8957759251096962,1.044760895841622,false,0,NaN
3035,F,0.896118644996867,1.0247592013872389,false,0,NaN
3036,F,0.8964300814819369,1.0021135907564194,false,0,NaN
3037,F,0.8964996155239738,0.9999769256281463,true,0,NaN
3038,F,0.8964457231830874,1.0012450356970715,false,0,NaN
3039,F,0.8964886444666947,1.0003143543771533,false,0,NaN
3040,F,0.8964535440336626,1.000745739944595,false,0,NaN
3041,F,0.8964811667622389,1.000344144988064,false,0,NaN
3042,F,0.8964574544589502,1.0007571655512253,false,0,NaN
3043,F,0.8964594096715941,0.9998442790041366,true,0,NaN
3044,F,0.8964457473580674,1.0012442546613158,false,0,NaN
3045,F,0.8964886632248005,1.0003140510238102,false,0,NaN
3046,F,0.8964525785148307,1.0007453686184808,false,0,NaN
3047,F,0.8964802011680896,1.000343981242723,false,0,NaN
3048,F,0.8964559940932124,1.000745755896351,false,0,NaN
3049,F,0.8964577018824033,1.0007570945951334,false,0,NaN
3050,F,0.8964585557769986,0.9998483575811958,true,0,NaN
3051,F,0.8964494826904597,1.0006537909263202,false,0,NaN
3052,F,0.8964579913652755,0.9999819167685883,true,0,NaN
3053,F,0.8964571483973154,1.000000135878986,true,0,NaN
3054,F,0.8964569939253753,1.0000291649926292,false,0,NaN
3055,F,0.8964579909887888,0.9999819248045929,true,0,NaN
3056,F,0.8964566751609705,1.000526465705494,false,0,NaN
3057,F,0.8964721249165299,1.000061417005668,false,0,NaN
3058,F,0.8964573330748796,0.9999967720534939,true,0,NaN
3059,F,0.8964576620318342,0.999986465483868,true,0,NaN
3060,F,0.8964578265103115,0.999984175881213,true,0,NaN
3061,F,0.8964545980190858,1.0005084631584658,false,0,NaN
3062,F,0.8964707235347333,0.9999823022083912,true,0,NaN
3063,F,0.8964545971714274,1.0005084543351828,false,0,NaN
3064,F,0.8964707226860049,0.999982293510611,true,0,NaN
3065,F,0.8964549960360405,1.0005084582730692,false,0,NaN
3066,F,0.8964711218739048,0.9999822592492555,true,0,NaN
3067,F,0.8964564935123829,1.0005085397164328,false,0,NaN
3068,F,0.8964572422505859,1.0005085874857564,false,0,NaN
3069,F,0.8964576166196873,0.9999984517571577,true,0,NaN
3070,F,0.8964523529234997,1.0001391202875856,false,0,NaN
3071,F,0.8964567229505992,1.0000109939328088,false,0,NaN
3072,F,0.8964576153500566,0.9999984521002041,true,0,NaN
3073,F,0.8964568615464186,1.0000054528661984,false,0,NaN
3074,F,0.8964568780128449,0.9999997424273951,true,0,NaN
3075,F,0.8964567201393872,1.000000456601083,true,0,NaN
3076,F,0.8964566888562764,0.9999997258985274,true,0,NaN
3077,F,0.8964564834534519,1.0000002850608005,true,0,NaN
3078,F,0.89645636211546,0.9999997244656144,true,0,NaN
3079,F,0.8964559870130734,0.9999999500996124,true,0,NaN
3080,F,0.8964558731786378,0.9999998231284832,true,0,NaN
3081,F,0.8964558386635744,0.9999997237572491,true,0,NaN
3082,F,0.8964557488198039,0.9999997198113086,true,0,NaN
3083,F,0.8964555181047374,0.9999997205268318,true,0,NaN
3084,F,0.8964549087651477,0.9999997342278159,true,0,NaN
3085,F,0.8964533803606833,0.9999997930570383,true,0,NaN
3086,F,0.8964495869276179,1.0003712887650467,false,0,NaN
3087,F,0.8964586036759804,1.000001474467033,false,0,NaN
3088,F,0.8964514836441506,1.0003712380221117,false,0,NaN
3089,F,0.896452432002417,1.0000234459955393,false,0,NaN
3090,F,0.8964529061815502,0.9999997893010663,true,0,NaN
3091,F,0.8964435144119892,1.0003699838781595,false,0,NaN
3092,F,0.8964470018859929,1.0003878757777123,false,0,NaN
3093,F,0.8964482102967697,1.0003711941213096,false,0,NaN
3094,F,0.8964505582391599,1.0003711585725956,false,0,NaN
3095,F,0.896451732210355,1.0003712239624716,false,0,NaN
3096,F,0.8964487014399539,1.000373058418623,false,0,NaN
3097,F,0.8964610698039938,1.0000026986631825,false,0,NaN
3098,F,0.8964498170610098,1.0003743894165946,false,0,NaN
3099,F,0.8964622291638917,1.0000040778649406,false,0,NaN
3100,F,0.896450374881659,1.0003753127110637,false,0,NaN
3101,F,0.8964628173954259,1.0000049821172168,false,0,NaN
3102,F,0.8964506538122297,1.0003758523072128,false,0,NaN
3103,F,0.8964631141140923,1.0000055003638857,false,0,NaN
3104,F,0.8964507933180325,1.0003761436415108,false,0,NaN
3105,F,0.8964632632274838,1.0000057779291096,false,0,NaN
3106,F,0.8964508631521756,1.0003762951192927,false,0,NaN
3107,F,0.8964633380579171,1.0000059217235848,false,0,NaN
3108,F,0.8964508982334061,1.000376372669483,false,0,NaN
3109,F,0.8964633756972529,1.0000059952129108,false,0,NaN
3110,F,0.8964509258901965,1.0003764345024775,false,0,NaN
3111,F,0.8964634053937959,1.0000060537490862,false,0,NaN
3112,F,0.8964525145176939,0.9999982197530582,true,0,NaN
3113,F,0.8964515123578148,0.9998435343464072,true,0,NaN
3114,F,0.8964431387660775,1.0003654556037433,false,0,NaN
3115,F,0.8964518467830453,0.9998877342495148,true,0,NaN
3116,F,0.8964473255619462,0.9999351598724714,true,0,NaN
3117,F,0.8964302623822972,0.9999052555927718,true,0,NaN
3118,F,0.895747048754313,1.0673903972668137,false,0,NaN
3119,F,0.8960886555683051,1.010733158995728,false,0,NaN
3120,F,0.8962594589753011,1.0039940838416406,false,0,NaN
3121,F,0.8963448606787991,0.9995421120768311,true,0,NaN
3122,F,0.8962324256058347,0.9967686367498495,true,0,NaN
3123,F,0.8911205625823856,NaN,false,-300,NaN
3124,F,0.8936764940941102,NaN,false,-300,NaN
3125,F,0.8949544598499725,1.524813371842165,false,0,NaN
3126,F,0.8955934427279035,1.1095193083179078,false,0,NaN
3127,F,0.8944473605081239,2.939614350677699,false,0,NaN
3128,F,0.953848836813715,NaN,false,-300,NaN
3129,F,0.8953398902697898,1.2231998622086189,false,0,NaN
3130,F,0.9022497341794206,1.2326466804225173,false,0,NaN
3131,F,0.8957861551506228,1.0566931424422483,false,0,NaN
3132,F,0.8976107876724135,1.0269406075006278,false,0,NaN
3133,F,0.8960092875910394,1.0172034096095661,false,0,NaN
3134,F,0.896630137774272,1.0043710611213776,false,0,NaN
3135,F,0.8961208538112478,1.0033165079016952,false,0,NaN
3136,F,0.8963190205484903,0.9993223008772688,true,0,NaN
3137,F,0.8961766369213525,0.9995864858807968,true,0,NaN
3138,F,0.8961482766309748,1.0005028169873613,false,0,NaN
3139,F,0.8961728618634291,0.9998072945748169,true,0,NaN
3140,F,0.8961586187497531,1.000451932008568,false,0,NaN
3141,F,0.8961744894297854,1.0009284932577711,false,0,NaN
3142,F,0.8961657403065911,1.0006309939813562,false,0,NaN
3143,F,0.8961693010850101,1.0002598887357608,false,0,NaN
3144,F,0.8961710814742196,0.999833565105263,true,0,NaN
3145,F,0.8961586187210978,1.0004519320110987,false,0,NaN
3146,F,0.8961733697723446,1.000018602254506,false,0,NaN
3147,F,0.8961657391673264,1.0006309936937539,false,0,NaN
3148,F,0.8961894449258863,1.000672974873109,false,0,NaN
3149,F,0.8961692993904407,1.0002598486916447,false,0,NaN
3150,F,0.8961824780393393,0.9998557379613819,true,0,NaN
3151,F,0.8961710795019978,0.9998335657120936,true,0,NaN
3152,F,0.8961607560308407,1.000714128575119,false,0,NaN
3153,F,0.8961860232473727,1.0000011989228812,false,0,NaN
3154,F,0.8961659177664193,1.000395525939324,false,0,NaN
3155,F,0.8961684986342086,1.0003625817090764,false,0,NaN
3156,F,0.8961697890681032,1.0001995565381465,false,0,NaN
3157,F,0.8961620445415859,1.0006896231625078,false,0,NaN
3158,F,0.8961852620532572,1.0006441369059904,false,0,NaN
3159,F,0.896166561001282,1.0003850721355447,false,0,NaN
3160,F,0.8961822011574452,1.0002752018535834,false,0,NaN
3161,F,0.8961688192311301,1.0002143494587443,false,0,NaN
3162,F,0.8961800684315464,0.9998703090689468,true,0,NaN
3163,F,0.8961699483460541,1.000197183299624,false,0,NaN
3164,F,0.8961812285602792,0.9998520011117085,true,0,NaN
3165,F,0.8961705129035162,1.0000067221929583,false,0,NaN
3166,F,0.8961758705228796,0.9998410792045259,true,0,NaN
3167,F,0.8961707951822472,0.9998292309604403,true,0,NaN
3168,F,0.8961621313046164,1.0011067296322045,false,0,NaN
3169,F,0.8961691365426959,1.0003727034128722,false,0,NaN
3170,F,0.8961699658624716,1.0002062372603593,false,0,NaN
3171,F,0.8961703805223593,1.0001956375120342,false,0,NaN
3172,F,0.896169134750041,1.0003727044068755,false,0,NaN
3173,F,0.8961857638186492,1.000147320993598,false,0,NaN
3174,F,0.8961699638641946,1.0002062382485033,false,0,NaN
3175,F,0.8961817045083892,0.9998465296587143,true,0,NaN
3176,F,0.8961703784212713,1.000195638414976,false,0,NaN
3177,F,0.8961820387569933,0.9998382768825271,true,0,NaN
3178,F,0.8961705856998097,1.0001903622386341,false,0,NaN
3179,F,0.8961822066539453,0.9998339509085001,true,0,NaN
3180,F,0.8961706893390788,1.0000031184633862,false,0,NaN
3181,F,0.8961762824711715,0.9998316045210415,true,0,NaN
3182,F,0.8961707411587135,0.9998670155420231,true,0,NaN
3183,F,0.8961522325886158,1.0003263383848968,false,0,NaN
3184,F,0.8961634044489503,1.0000019125110233,false,0,NaN
3185,F,0.8961699443953256,0.9998748640088567,true,0,NaN
3186,F,0.8961626651590108,1.0000235836416345,false,0,NaN
3187,F,0.8961629501101253,1.0000010270192135,false,0,NaN
3188,F,0.8961663047771682,0.9999496077585419,true,0,NaN
3189,F,0.8961628944873041,1.00000778924533,false,0,NaN
3190,F,0.896162369007922,1.0000070022983358,false,0,NaN
3191,F,0.8961645996322362,0.999976802515891,true,0,NaN
3192,F,0.8961654522047022,0.9999626896007305,true,0,NaN
3193,F,0.8961658784909352,0.999956014016734,true,0,NaN
3194,F,0.8961629571646256,1.0000065599513934,false,0,NaN
3195,F,0.8961629654202672,1.0000039004602908,false,0,NaN
3196,F,0.8961644656704444,0.9999782709757981,true,0,NaN
3197,F,0.8961619264456753,1.0000091976900596,false,0,NaN
3198,F,0.8961614112362678,1.0000082220864228,false,0,NaN
3199,F,0.8961631960580598,0.9999914150092705,true,0,NaN
3200,F,0.8961622143699602,1.0000021602199123,false,0,NaN
3201,F,0.8961618882660854,1.0000026631642531,false,0,NaN
3202,F,0.8961627052140101,0.9999962064902462,true,0,NaN
3203,F,0.89616144627603,1.0000053397365583,false,0,NaN
3204,F,0.8961611198303181,1.0000044554814091,false,0,NaN
3205,F,0.89616207574502,0.9999994842907592,true,0,NaN
3206,F,0.8961604118704843,1.0000075445964707,false,0,NaN
3207,F,0.8961590906683166,1.0006808529244218,false,0,NaN
3208,F,0.8961612438077522,1.0000017661066245,false,0,NaN
3209,F,0.8961616597763861,1.0000001248235437,true,0,NaN
3210,F,0.8961618677607031,0.9999996657201515,true,0,NaN
3211,F,0.8961570120861231,1.0000242834995576,false,0,NaN
3212,F,0.8961578862288226,0.9999998731006005,true,0,NaN
3213,F,0.8961521430368077,1.0012360455320601,false,0,NaN
3214,F,0.8961970311687687,0.9995118935750563,true,0,NaN
3215,F,0.8961550146328152,1.0000086216548887,false,0,NaN
3216,F,0.8961564504308189,1.0000028859068142,false,0,NaN
3217,F,0.8961571683298207,1.000000617823002,true,0,NaN
3218,F,0.8961557282223226,1.0000037144054545,false,0,NaN
3219,F,0.8961558557125069,0.9999998173546821,true,0,NaN
3220,F,0.8961484453499773,1.00173132828067,false,0,NaN
3221,F,0.8962118587312841,0.9999966661913863,true,0,NaN
3222,F,0.8961521505312421,1.0012762991687727,false,0,NaN
3223,F,0.8961540031218744,1.0007159938749883,false,0,NaN
3224,F,0.8961549294171907,1.000125876392949,false,0,NaN
3225,F,0.8961484452923348,1.001731329862728,false,0,NaN
3226,F,0.8962050520923758,1.0009884841346006,false,0,NaN
3227,F,0.8961521491803126,1.001276299505766,false,0,NaN
3228,F,0.8961938797254267,1.0008660784361736,false,0,NaN
3229,F,0.8961540011243015,1.0007159942838244,false,0,NaN
3230,F,0.8961774142177332,1.0013989997248474,false,0,NaN
3231,F,0.896154927096296,1.0001230896766924,false,0,NaN
3232,F,0.8961589572085843,0.9998784433061619,true,0,NaN
3233,F,0.8961553900822932,0.9999996425809956,true,0,NaN
3234,F,0.8961042323215092,1.0058143695321202,false,0,NaN
3235,F,0.8963260353043595,0.9987125588407595,true,0,NaN
3236,F,0.8961298112019012,1.0027186816980185,false,0,NaN
3237,F,0.8961426006420972,1.0022760391074557,false,0,NaN
3238,F,0.8961489953621952,1.0016306837096887,false,0,NaN
3239,F,0.8961422874642786,1.0022832562885102,false,0,NaN
3240,F,0.8962169139492644,1.0009169528507276,false,0,NaN
3241,F,0.8961488372347446,1.0016327586392635,false,0,NaN
3242,F,0.8962022062898721,1.0008945767663482,false,0,NaN
3243,F,0.8961521121199777,1.0012629424932775,false,0,NaN
3244,F,0.8961933960157316,1.0008627705794562,false,0,NaN
3245,F,0.8961537495625944,1.0009389393498282,false,0,NaN
3246,F,0.8961844453005018,1.0011708981495457,false,0,NaN
3247,F,0.8961545682839029,1.0007105615381837,false,0,NaN
3248,F,0.8961778007906267,1.0013973811564048,false,0,NaN
3249,F,0.8961549776445575,0.999999917814288,true,0,NaN
3250,F,0.8961431796608661,1.002210371190745,false,0,NaN
3251,F,0.8962233671613253,1.0000079332351508,false,0,NaN
3252,F,0.8961490786527119,1.0016095105751346,false,0,NaN
3253,F,0.8961520281486347,1.0012458793637582,false,0,NaN
3254,F,0.8961535028965961,1.0011851738931516,false,0,NaN
3255,F,0.8961548105901413,1.0007097393212778,false,0,NaN
3256,F,0.8961780023622209,1.000692744983527,false,0,NaN
3257,F,0.8961548929861087,1.0005566648101187,false,0,NaN
3258,F,0.8961730833852073,1.0005532266498514,false,0,NaN
3259,F,0.8961549341840924,0.999999994598417,true,0,NaN
3260,F,0.8961542401633241,1.000021822085083,false,0,NaN
3261,F,0.8961550297201046,0.9999996354090649,true,0,NaN
3262,F,0.8961545871737083,1.0000013218003692,false,0,NaN
3263,F,0.8961547606789003,1.0000001812434411,true,0,NaN
3264,F,0.8961548474314964,1.0000000194677017,true,0,NaN
3265,F,0.8961549317550227,0.9999999945580677,true,0,NaN
3266,F,0.8959036851811276,1.0211937179551314,false,0,NaN
3267,F,0.8955592163913803,1.0129761493665035,false,0,NaN
3268,F,0.8958836363973094,1.0089602851971535,false,0,NaN
3269,F,0.8959072482088202,1.0068750880030146,false,0,NaN
3270,F,0.8961393400154845,1.0004693047970687,false,0,NaN
3271,F,0.8961009764455247,1.005919912704229,false,0,NaN
3272,F,0.8958690227474255,1.0362735563313155,false,0,NaN
3273,F,0.8970729462113585,1.006040773643419,false,0,NaN
3274,F,0.8972738405925843,1.001521504418001,false,0,NaN
3275,F,0.8972517058632855,1.0030686848332746,false,0,NaN
3276,F,0.8945725644040005,1.2534360620777698,false,0,NaN
3277,F,0.9040557695371894,1.0982634099257518,false,0,NaN
3278,F,0.9105548787427856,0.9076384931200262,true,0,NaN
3279,F,0.8989900919013656,1.5639167639934604,false,0,NaN
3280,F,0.9047724853220755,1.1721382761952293,false,0,NaN
3281,F,0.9076636820324306,1.0296812140659177,false,0,NaN
3282,F,0.9091092803876081,0.9764744797760201,true,0,NaN
3283,F,0.9042839397127055,1.0371021690849445,false,0,NaN
3284,F,0.9057207059394354,1.0523538982586538,false,0,NaN
3285,F,0.9066966100501568,0.9964770820962072,true,0,NaN
3286,F,0.9053582513974896,1.0544429684888421,false,0,NaN
3287,F,0.9088202199862064,0.9812608556698923,true,0,NaN
3288,F,0.906489826034493,0.9905788019261161,true,0,NaN
3289,F,0.9052608414325388,1.004711531549865,false,0,NaN
3290,F,0.9056955943682827,0.9968883899697184,true,0,NaN
3291,F,0.9012317458585565,1.0350166841731048,false,0,NaN
3292,F,0.9030873347396359,1.006377295136861,false,0,NaN
3293,F,0.9034636701134197,1.0080220887477371,false,0,NaN
3294,F,0.9045796322408511,1.0018385795882805,false,0,NaN
3295,F,0.905137613304567,0.9983319714959682,true,0,NaN
3296,F,0.9029720849439618,1.0542019562766805,false,0,NaN
3297,F,0.9065123637198989,1.030549266738357,false,0,NaN
3298,F,0.9040548491242644,1.0194070735368184,false,0,NaN
3299,F,0.9045962312144157,1.008792007013214,false,0,NaN
3300,F,0.9048669222594913,1.003931978985375,false,0,NaN
3301,F,0.9047406394961984,1.0063164247888383,false,0,NaN
3302,F,0.9047414518478333,1.0063117837827924,false,0,NaN
3303,F,0.9049391597638027,1.0023500210743375,false,0,NaN
3304,F,0.9049396255710783,1.0023469009235495,false,0,NaN
3305,F,0.9050384199972975,1.0003009805754322,false,0,NaN
3306,F,0.905038706500385,1.0002989638188415,false,0,NaN
3307,F,0.905088050313432,0.9984375035881884,true,0,NaN
3308,F,0.9031342692505138,1.0583110482583942,false,0,NaN
3309,F,0.906487514386822,1.0271925980537313,false,0,NaN
3310,F,0.9050544910313271,1.0001537604081023,false,0,NaN
3311,F,0.9050712706723796,0.9986097981230919,true,0,NaN
3312,F,0.9032545091971282,1.05478493934992,false,0,NaN
3313,F,0.9065359094972042,1.0286303308482072,false,0,NaN
3314,F,0.9041628899347539,1.0195794901011945,false,0,NaN
3315,F,0.9046170803035668,1.008273838430205,false,0,NaN
3316,F,0.9048441754879731,1.0048874428144727,false,0,NaN
3317,F,0.9050341693539562,1.0000302240938492,false,0,NaN
3318,F,0.9050842115949135,0.9991623301917719,true,0,NaN
3319,F,0.9050522399557381,1.0001692150918058,false,0,NaN
3320,F,0.9051076490233215,0.9985818865471855,true,0,NaN
3321,F,0.9050612753442986,0.9986160473982509,true,0,NaN
3322,F,0.9041304691172732,1.017326338835996,false,0,NaN
3323,F,0.904808821368881,1.0304008026711642,false,0,NaN
3324,F,0.9045958859775171,1.0072570593718446,false,0,NaN
3325,F,0.9049091855249508,1.005536180818076,false,0,NaN
3326,F,0.9048285944083398,1.0036973241115088,false,0,NaN
3327,F,0.90501283903734,1.0019271414124131,false,0,NaN
3328,F,0.904944948625153,1.0007503949445906,false,0,NaN
3329,F,0.9050223549505886,1.0015288659744024,false,0,NaN
3330,F,0.9050031257363632,1.000200272297973,false,0,NaN
3331,F,0.9050605879031844,0.9995875662288528,true,0,NaN
3332,F,0.9050322142975754,1.0001690709178879,false,0,NaN
3333,F,0.9050467585893959,1.0000824427455544,false,0,NaN
3334,F,0.9050576668867631,0.9986154853629883,true,0,NaN
3335,F,0.9040996092599093,1.0168793664940527,false,0,NaN
3336,F,0.9048960487171632,1.0067738863262368,false,0,NaN
3337,F,0.9050574577578807,0.998615786390917,true,0,NaN
3338,F,0.9038647261351287,1.0219775166165235,false,0,NaN
3339,F,0.9048902121617293,1.0105898339947599,false,0,NaN
3340,F,0.9044610919465047,1.0087070358263657,false,0,NaN
3341,F,0.9047592748521927,1.0058035811517065,false,0,NaN
3342,F,0.9049083663050367,1.003390718860512,false,0,NaN
3343,F,0.9050429767185947,1.000162229443356,false,0,NaN
3344,F,0.9050502208337142,0.9991395627501274,true,0,NaN
3345,F,0.9050538428942984,0.998615893375139,true,0,NaN
3346,F,0.9043279943821899,1.0023964987376093,false,0,NaN
3347,F,0.9045322412833879,0.9998358625161259,true,0,NaN
3348,F,0.8726502786468409,NaN,false,-300,NaN
3349,F,0.8885909463743706,NaN,false,-300,NaN
3350,F,0.8965612837403961,NaN,false,-300,NaN
3351,F,0.9005464594279571,NaN,false,-300,NaN
3352,F,0.9025390612810493,1.3851805656006397,false,0,NaN
3353,F,0.9035353876919613,1.0814463579096474,false,0,NaN
3354,F,0.9040335608614872,1.0230502117690277,false,0,NaN
3355,F,0.9055110249317506,1.026424990994789,false,0,NaN
3356,F,0.904407212974362,1.0034090662252428,false,0,NaN
3357,F,0.9046346275112273,1.000990843692161,false,0,NaN
3358,F,0.9045163917323142,1.000235185531212,false,0,NaN
3359,F,0.9045418064211537,0.9998506700023678,true,0,NaN
3360,F,0.9045312286995719,0.999835942730746,true,0,NaN
3361,F,0.9045240965650928,1.0003932131555513,false,0,NaN
3362,F,0.9045276490131957,1.0003241708390704,false,0,NaN
3363,F,0.9045294300559799,0.999844842762134,true,0,NaN
3364,F,0.904519972011267,0.9999633393982282,true,0,NaN
3365,F,0.9045202551376991,0.9999611623367138,true,0,NaN
3366,F,0.9045247010336235,0.9998997773990913,true,0,NaN
3367,F,0.9045248322900743,0.9998987551035696,true,0,NaN
3368,F,0.9045270655448017,0.9998682103399625,true,0,NaN
3369,F,0.9045271213774342,0.9998675810130772,true,0,NaN
3370,F,0.9045282478003908,0.9998534644999246,true,0,NaN
3371,F,0.9045422456512786,0.9997365742472034,true,0,NaN
3372,F,0.9045282480849492,0.9998534606270278,true,0,NaN
3373,F,0.9045420503461928,0.999663408340769,true,0,NaN
3374,F,0.9045357279435513,0.9997361179721054,true,0,NaN
3375,F,0.9044544416995769,0.9991860206981199,true,0,NaN
3376,F,0.904303580962706,0.9989434449358349,true,0,NaN
3377,F,0.9037444345049815,1.0085679685666575,false,0,NaN
3378,F,0.9043543505613928,1.0000462266752939,false,0,NaN
3379,F,0.9040240077338438,1.003795424885773,false,0,NaN
3380,F,0.9041637943482749,1.0008515167072347,false,0,NaN
3381,F,0.9042336876554905,0.9997801957660645,true,0,NaN
3382,F,0.9042299025340774,0.9997472384702881,true,0,NaN
3383,F,0.9042079732507711,0.9998120725390178,true,0,NaN
3384,F,0.9041644074201592,0.9989920116899415,true,0,NaN
3385,F,0.9041040645914855,0.9993897452823507,true,0,NaN
3386,F,0.9040747620603972,0.9998763763537397,true,0,NaN
3387,F,0.9040894133259413,0.999686249849206,true,0,NaN
3388,F,0.9040763730220871,0.9995714709808095,true,0,NaN
3389,F,0.9040218199199557,0.9997939576620527,true,0,NaN
3390,F,0.9039353465535166,1.000470854568396,false,0,NaN
3391,F,0.9039884500928682,0.9997286489214876,true,0,NaN
3392,F,0.9039286824466267,0.9986116491408116,true,0,NaN
3393,F,0.9037749833875317,1.0003216731069449,false,0,NaN
3394,F,0.9037965066732205,1.0000083495985443,false,0,NaN
3395,F,0.9037108471341814,0.9965345075616485,true,0,NaN
3396,F,0.9022142126070268,0.965085317802179,true,0,NaN
3397,F,0.9002059500923739,1.0391247286027077,false,0,NaN
3398,F,0.9009309021801437,1.0204645054401016,false,0,NaN
3399,F,0.9012100813497004,0.9979952521688711,true,0,NaN
3400,F,0.9017121469783635,0.9830756778439523,true,0,NaN
3401,F,0.9019631797926952,0.9730982549139765,true,0,NaN
3402,F,0.9002058814732335,1.0391259999606175,false,0,NaN
3403,F,0.9022099915222295,1.0065141264384638,false,0,NaN
3404,F,0.9012100035409484,0.997995770372263,true,0,NaN
3405,F,0.9011406980553199,0.9975422817390279,true,0,NaN
3406,F,0.9009347680500941,1.005915975675665,false,0,NaN
3407,F,0.9012460635797281,1.0040108168089672,false,0,NaN
3408,F,0.9010377330527071,1.0005620918504892,false,0,NaN
3409,F,0.9010892155540134,0.9988455306889849,true,0,NaN
3410,F,0.9009991158345683,1.0078786725376174,false,0,NaN
3411,F,0.901414131773739,1.004995302843081,false,0,NaN
3412,F,0.9010441656942909,1.0023835122225397,false,0,NaN
3413,F,0.9010666906241521,0.9998325554584638,true,0,NaN
3414,F,0.9010779530890828,0.9998158436605514,true,0,NaN
3415,F,0.9010374100536412,1.0025155311799965,false,0,NaN
3416,F,0.9012026803853075,0.9999924889899937,true,0,NaN
3417,F,0.901063309769013,1.0008662330434221,false,0,NaN
3418,F,0.9011554068051811,0.9990734816563666,true,0,NaN
3419,F,0.9010762596266992,0.9998326274747885,true,0,NaN
3420,F,0.901121123290303,0.9989563006261734,true,0,NaN
3421,F,0.9010827345555427,0.9988955070618716,true,0,NaN
3422,F,0.9009867017917434,1.0093457887740773,false,0,NaN
3423,F,0.901495394925648,1.0028763346619272,false,0,NaN
3424,F,0.901038122920358,1.0031347708898835,false,0,NaN
3425,F,0.9010604287379503,1.0014591363058338,false,0,NaN
3426,F,0.9010715816467465,0.999341168873102,true,0,NaN
3427,F,0.9010227788112158,1.0084770052206462,false,0,NaN
3428,F,0.9014817341334472,1.0015879477482457,false,0,NaN
3429,F,0.9010471802289812,1.0036691695512072,false,0,NaN
3430,F,0.9010593809378639,1.0020868660757631,false,0,NaN
3431,F,0.9010654812923051,1.0008857368158428,false,0,NaN
3432,F,0.9010537807685528,1.0028517107470214,false,0,NaN
3433,F,0.9012277213244714,0.999468296769826,true,0,NaN
3434,F,0.9010626785716189,1.001400226784269,false,0,NaN
3435,F,0.9011651707824015,0.999396569557774,true,0,NaN
3436,F,0.9010671274731523,1.000800396955461,false,0,NaN
3437,F,0.901140328966789,0.9993523787010579,true,0,NaN
3438,F,0.9010693519239196,1.0007653671744718,false,0,NaN
3439,F,0.9011414423101499,0.9993571740880919,true,0,NaN
3440,F,0.9010704641493044,1.0002577755461919,false,0,NaN
3441,F,0.9011169586121648,0.999848366030549,true,0,NaN
3442,F,0.9010710202619991,0.9997663451436546,true,0,NaN
3443,F,0.9010925748729763,0.9993445357037495,true,0,NaN
3444,F,0.9010712983183511,0.9997646257416914,true,0,NaN
3445,F,0.9010928499183442,0.9993427961012366,true,0,NaN
3446,F,0.9010715068606476,0.9993466749159592,true,0,NaN
3447,F,0.9010717669806865,0.9993436142886911,true,0,NaN
3448,F,0.9010715676858201,0.9993412338378737,true,0,NaN
3449,F,0.9010705464986668,0.9997614280631503,true,0,NaN
3450,F,0.9010710574277612,0.9997621913421473,true,0,NaN
3451,F,0.9010713128923159,0.9997512418916645,true,0,NaN
3452,F,0.9010714406246082,0.9993555902816784,true,0,NaN
3453,F,0.9010721776405262,0.9993574216340669,true,0,NaN
3454,F,0.9010715044907845,0.999341860934043,true,0,NaN
3455,F,0.9010712286964829,0.9993468243744174,true,0,NaN
3456,F,0.9010418886839202,0.9997445423073185,true,0,NaN
3457,F,0.8732124604667169,NaN,false,-300,NaN
3458,F,0.8871271659450605,2.1127088470357043,false,0,NaN
3459,F,0.8940845186845685,1.2306367534558684,false,0,NaN
3460,F,0.899657258861097,1.4699963896059929,false,0,NaN
3461,F,0.8975631950549949,1.0797891286431147,false,0,NaN
3462,F,0.8994951255441178,1.0612926122068356,false,0,NaN
3463,F,0.8993025332415531,1.0368159617268273,false,0,NaN
3464,F,0.9001972771533323,1.0180611642429873,false,0,NaN
3465,F,0.9001722023375219,1.017252649796029,false,0,NaN
3466,F,0.9005947724191219,1.0075855557128943,false,0,NaN
3467,F,0.900607036890886,1.0083194679958625,false,0,NaN
3468,F,0.9008139985549641,1.0027037691202816,false,0,NaN
3469,F,0.9009331628435658,1.0028504813525236,false,0,NaN
3470,F,0.9010081267910454,1.000426168596762,false,0,NaN
3471,F,0.9010282833022272,1.0004080321042497,false,0,NaN
3472,F,0.9010442970781287,1.0000755420951073,false,0,NaN
3473,F,0.9010410295134463,0.9997576407604418,true,0,NaN
3474,F,0.9010413456535373,0.9997510356061001,true,0,NaN
3475,F,0.9010411326022914,1.0000911659122327,false,0,NaN
3476,F,0.9010412391279143,0.9997547052401995,true,0,NaN
3477,F,0.9010414243284002,0.9997524986502657,true,0,NaN
3478,F,0.9010412923907258,0.9997512168464454,true,0,NaN
3479,F,0.9010461592984962,1.0001387734223244,false,0,NaN
3480,F,0.9010729118270564,0.9996202616770404,true,0,NaN
3481,F,0.9010412924557648,0.9997512151647394,true,0,NaN
3482,F,0.9010461593058264,1.0001387730751516,false,0,NaN
3483,F,0.9010729118129877,0.9996202713603686,true,0,NaN
3484,F,0.9010437258807956,0.9996913360124033,true,0,NaN
3485,F,0.8948426221986905,1.187119042410006,false,0,NaN
3486,F,0.9033570806956399,0.9079598757845276,true,0,NaN
3487,F,0.897943245149839,1.0004965147974092,false,0,NaN
3488,F,0.8955924477366946,1.0860127991170048,false,0,NaN
3489,F,0.8967345844546651,1.0611766925233586,false,0,NaN
3490,F,0.897808034644029,1.0054756005751257,false,0,NaN
3491,F,0.897875639896934,1.0039874182062203,false,0,NaN
3492,F,0.8979094425233866,1.0019168878143878,false,0,NaN
3493,F,0.8978167259800062,1.0046967050210986,false,0,NaN
3494,F,0.8978738333131691,0.9997469737572966,true,0,NaN
3495,F,0.8900149843097304,1.489645808557999,false,0,NaN
3496,F,0.9006352323019053,1.4324315709576758,false,0,NaN
3497,F,0.8960662202219835,1.048303185744052,false,0,NaN
3498,F,0.8969700267675763,1.0209480443076755,false,0,NaN
3499,F,0.8974219300403726,1.0101435894015154,false,0,NaN
3500,F,0.896067416640372,1.04824846624597,false,0,NaN
3501,F,0.8966792531789777,1.0358617953365996,false,0,NaN
3502,F,0.8969714018968933,1.020853744582847,false,0,NaN
3503,F,0.8972387892671021,1.0101482501698007,false,0,NaN
3504,F,0.8974233945507039,1.0100280845138532,false,0,NaN
3505,F,0.8975545381734693,1.002325080169353,false,0,NaN
3506,F,0.8976493909287089,1.0050708764569058,false,0,NaN
3507,F,0.8977181213713705,1.002120114810617,false,0,NaN
3508,F,0.8977623892199111,1.002117091250328,false,0,NaN
3509,F,0.8977939593126342,1.0004827652187118,false,0,NaN
3510,F,0.8978188885699134,1.0004046775912727,false,0,NaN
3511,F,0.8978289275376368,0.9996224979631294,true,0,NaN
3512,F,0.8948393420756021,1.079657418275133,false,0,NaN
3513,F,0.896981881526948,1.0256157696668726,false,0,NaN
3514,F,0.897738530214957,1.0020130328171897,false,0,NaN
3515,F,0.8977837288762969,1.0012756439525006,false,0,NaN
3516,F,0.8978063282069668,1.0012358685182141,false,0,NaN
3517,F,0.897738111950685,1.0019984667381456,false,0,NaN
3518,F,0.8977690963843064,0.999809381289983,true,0,NaN
3519,F,0.8945928974808052,1.099054256149016,false,0,NaN
3520,F,0.8968330799745391,1.050694988247982,false,0,NaN
3521,F,0.897701956161202,1.0021458895433333,false,0,NaN
3522,F,0.8977355262727541,1.0001937847443862,false,0,NaN
3523,F,0.8977523113285303,0.9998078314907348,true,0,NaN
3524,F,0.8970656026290766,1.0148522814076255,false,0,NaN
3525,F,0.8970686518442088,1.009611168744106,false,0,NaN
3526,F,0.8974089569788035,1.0060941589465295,false,0,NaN
3527,F,0.8975806341536668,1.0034109722370612,false,0,NaN
3528,F,0.8976664727410986,1.0021135353084694,false,0,NaN
3529,F,0.8976479011821326,1.0023294797133289,false,0,NaN
3530,F,0.8976849081162829,1.001133639006906,false,0,NaN
3531,F,0.8976511508162552,1.0023271124354647,false,0,NaN
3532,F,0.8976880778212982,1.0011347534374622,false,0,NaN
3533,F,0.8976528279214471,1.0023261190941406,false,0,NaN
3534,F,0.8976897170175807,1.0011351903440142,false,0,NaN
3535,F,0.8976538165412667,1.0023255563757076,false,0,NaN
3536,F,0.8976906836249976,1.0011354507131927,false,0,NaN
3537,F,0.8976907268982344,1.0022659593903922,false,0,NaN
3538,F,0.8977267152393166,1.0005258020712446,false,0,NaN
3539,F,0.8977215298166928,1.0002079784042075,false,0,NaN
3540,F,0.8977274060974808,1.001271404110304,false,0,NaN
3541,F,0.8977369312833939,1.0001950781561262,false,0,NaN
3542,F,0.8977426188090031,0.9998115042277328,true,0,NaN
3543,F,0.8976757037818853,1.0025642638484789,false,0,NaN
3544,F,0.8977146862031588,0.9994260540400951,true,0,NaN
3545,F,0.8976913435818871,1.0000209367603665,false,0,NaN
3546,F,0.8976878038103632,0.9994941651530378,true,0,NaN
3547,F,0.8976420489472484,1.0007304753077484,false,0,NaN
3548,F,0.8976401124798754,1.0001643250676586,false,0,NaN
3549,F,0.8976649263788058,0.9994697689882798,true,0,NaN
3550,F,0.8975597733970312,1.0011691156908178,false,0,NaN
3551,F,0.8975232572846786,1.0019529217079417,false,0,NaN
3552,F,0.8976123498879185,1.0011069466831648,false,0,NaN
3553,F,0.8976386381333622,1.0006861832526055,false,0,NaN
3554,F,0.897651782256084,1.0000829776353866,false,0,NaN
3555,F,0.8975595227022998,1.0011696997496902,false,0,NaN
3556,F,0.897590675197602,1.0001774411023505,false,0,NaN
3557,F,0.8976062371040758,1.0011075816182968,false,0,NaN
3558,F,0.8976360638367887,0.9994807038531488,true,0,NaN
3559,F,0.8976063958940025,1.0001036746287366,false,0,NaN
3560,F,0.8975984553210605,1.000037133845528,false,0,NaN
3561,F,0.8976212298653956,0.9994488143256678,true,0,NaN
3562,F,0.8976119559850023,0.9994302680252274,true,0,NaN
3563,F,0.8975880079354096,1.0006904425844707,false,0,NaN
3564,F,0.897599981960206,1.0001045486307503,false,0,NaN
3565,F,0.8976059689726041,1.0001051347798247,false,0,NaN
3566,F,0.8976089624788032,0.9994304054534197,true,0,NaN
3567,F,0.897574427210587,1.0000712545324937,false,0,NaN
3568,F,0.8975916948446951,1.0000865019104994,false,0,NaN
3569,F,0.8976003286617491,1.000093904091022,false,0,NaN
3570,F,0.8976046455702762,1.0000992069212227,false,0,NaN
3571,F,0.8976025098468118,1.0000900903887682,false,0,NaN
3572,F,0.8976161236964494,0.9994116577204304,true,0,NaN
3573,F,0.8976057524919361,1.000096946735636,false,0,NaN
3574,F,0.8976073738950202,1.0001004166196383,false,0,NaN
3575,F,0.8976081847576763,0.9996744825913262,true,0,NaN
3576,F,0.8976085905117939,0.9994369100186413,true,0,NaN
3577,F,0.8975995009051873,0.9994480223369282,true,0,NaN
3578,F,0.897596106398484,0.9994386476377691,true,0,NaN
3579,F,0.8975886525537033,0.9994330606980807,true,0,NaN
3580,F,0.8975711273670588,0.9994414849778984,true,0,NaN
3581,F,0.8975333839335506,1.000391702987282,false,0,NaN
3582,F,0.8975296808065322,0.9994503646823072,true,0,NaN
3583,F,0.8974602029153302,1.0012509392491216,false,0,NaN
3584,F,0.8974587319912636,1.0002904191403907,false,0,NaN
3585,F,0.8974949418609312,1.0006460273092894,false,0,NaN
3586,F,0.8975123113337317,1.0004625443844724,false,0,NaN
3587,F,0.8975209960701319,0.9994469143434915,true,0,NaN
3588,F,0.8974968285493161,1.0006425648802493,false,0,NaN
3589,F,0.8975151798291994,1.0000109415991778,false,0,NaN
3590,F,0.8975089123097241,1.0004609297422564,false,0,NaN
3591,F,0.897514954189928,1.000461292096737,false,0,NaN
3592,F,0.89751797513003,1.000462263339006,false,0,NaN
3593,F,0.8975163617861989,1.0004412160052025,false,0,NaN
3594,F,0.8975366845574243,0.9998442901565209,true,0,NaN
3595,F,0.8975190197968025,1.0004393189549163,false,0,NaN
3596,F,0.8975393383032315,0.9998431615183674,true,0,NaN
3597,F,0.8975203488443535,1.0001135353962443,false,0,NaN
3598,F,0.8975341731370942,0.9995578835968332,true,0,NaN
3599,F,0.897474539113885,1.0007981087039353,false,0,NaN
3600,F,0.8974745772747718,1.0008172597824483,false,0,NaN
3601,F,0.8975043561254895,0.9999072539257726,true,0,NaN
3602,F,0.8975043668753802,0.9999126246293739,true,0,NaN
3603,F,0.8975192646312918,0.9994679967699238,true,0,NaN
3604,F,0.8975250914774734,0.9992580833230011,true,0,NaN
3605,F,0.8968126964397747,1.0075846150510226,false,0,NaN
3606,F,0.8970926758607666,0.9988602322386612,true,0,NaN
3607,F,0.8965624586169494,1.0109593659429656,false,0,NaN
3608,F,0.8968844797859482,1.0039009425274794,false,0,NaN
3609,F,0.8968275672388579,1.001499009236033,false,0,NaN
3610,F,0.8969601215498123,0.9992693465355477,true,0,NaN
3611,F,0.8968060854267663,1.0001843825987788,false,0,NaN
3612,F,0.8968314165317863,0.9993885549044316,true,0,NaN
3613,F,0.8967598950251936,0.9986753000116912,true,0,NaN
3614,F,0.8966662177688984,1.000494293493406,false,0,NaN
3615,F,0.8967020206278513,0.9994364735904675,true,0,NaN
3616,F,0.8966935644566423,0.9994511995113461,true,0,NaN
3617,F,0.896693264689763,0.9994062165215519,true,0,NaN
3618,F,0.8966854815923463,0.9994267622499313,true,0,NaN
3619,F,0.896669339381258,1.0003258349016346,false,0,NaN
3620,F,0.8966774104868022,0.9996252039051767,true,0,NaN
3621,F,0.8966814460395742,0.9995506769248175,true,0,NaN
3622,F,0.8966834638159603,0.9995729397293502,true,0,NaN
3623,F,0.896669339381258,1.0003258349016342,false,0,NaN
3624,F,0.896698309992031,0.9993738592177501,true,0,NaN
3625,F,0.8966774069545422,0.999634180186692,true,0,NaN
3626,F,0.8966845672463283,0.9998012497557202,true,0,NaN
3627,F,0.8966814407411846,0.9995507953045345,true,0,NaN
3628,F,0.896685635768879,0.9999014980347416,true,0,NaN
3629,F,0.8966834576345065,0.9995729510454405,true,0,NaN
3630,F,0.8966881016835049,0.9999135681374737,true,0,NaN
3631,F,0.8966844660811688,0.9994233378570218,true,0,NaN
3632,F,0.8958719166951614,1.087293772019295,false,0,NaN
3633,F,0.8988261902070036,1.0237928074744729,false,0,NaN
3634,F,0.8966631791378924,1.0008316517217857,false,0,NaN
3635,F,0.8966738226095307,1.0000587316892244,false,0,NaN
3636,F,0.8966791443453497,0.9995735668950713,true,0,NaN
3637,F,0.8966631802647067,1.000831424591056,false,0,NaN
3638,F,0.8967059389877287,0.9993433612801922,true,0,NaN
3639,F,0.8966738237515182,1.0000598489595203,false,0,NaN
3640,F,0.8966931563881184,0.9998883277591852,true,0,NaN
3641,F,0.8966791454949485,0.9995763543462254,true,0,NaN
3642,F,0.8966837987449092,0.9999016207140057,true,0,NaN
3643,F,0.8966818063667129,0.9996289333346731,true,0,NaN
3644,F,0.8966880555644091,0.9998047692109986,true,0,NaN
3645,F,0.8966831368026935,0.999576654824643,true,0,NaN
3646,F,0.8966877986777477,0.9999172637112637,true,0,NaN
3647,F,0.8966838020208806,0.9996474950113049,true,0,NaN
3648,F,0.896690614495779,0.9999165590813309,true,0,NaN
3649,F,0.8966841346303679,0.9994235009871313,true,0,NaN
3650,F,0.8966707598298106,1.0001883792437367,false,0,NaN
3651,F,0.896696590088584,0.9994551246279922,true,0,NaN
3652,F,0.8966840625873579,0.9994234917335375,true,0,NaN
3653,F,0.8966712827695752,0.9999273533164597,true,0,NaN
3654,F,0.8966776726784665,0.999622985621583,true,0,NaN
3655,F,0.8966808676329122,0.999652721407813,true,0,NaN
3656,F,0.896682465110135,0.999628853383074,true,0,NaN
3657,F,0.896683920826882,0.9994231246779455,true,0,NaN
3658,F,0.8966092776470447,1.0039378907334813,false,0,NaN
3659,F,0.8967449440144036,0.999103733742103,true,0,NaN
3660,F,0.8966466001527359,1.001631970121021,false,0,NaN
3661,F,0.8967129757429136,0.9993914045682726,true,0,NaN
3662,F,0.8966652614055857,1.0002993299190999,false,0,NaN
3663,F,0.8966915923934466,0.9994336163337763,true,0,NaN
3664,F,0.8966745920320188,0.9998748599763432,true,0,NaN
3665,F,0.8966881680910048,0.9994281138096646,true,0,NaN
3666,F,0.8966792573452518,0.9998614177660394,true,0,NaN
3667,F,0.8966924294773524,0.9994277662396628,true,0,NaN
3668,F,0.8966815900019013,0.9999242304393644,true,0,NaN
3669,F,0.896682756330292,0.9999210090594315,true,0,NaN
3670,F,0.8966836310770467,0.9996096738973158,true,0,NaN
3671,F,0.896683886216288,0.9994231455601152,true,0,NaN
3672,F,0.8966720891451879,1.000333046653607,false,0,NaN
3673,F,0.8967028162043048,0.9994273912171879,true,0,NaN
3674,F,0.8966838852510338,0.9994231454535172,true,0,NaN
3675,F,0.8966710803477853,0.9998922773757837,true,0,NaN
3676,F,0.8966774827994096,0.9996180057552363,true,0,NaN
3677,F,0.8966806840252217,0.9996504533148781,true,0,NaN
3678,F,0.8966822846381277,0.9996319091171983,true,0,NaN
3679,F,0.8966837621032011,0.9994320497665506,true,0,NaN
3680,F,0.8966840406090564,0.9994347649612805,true,0,NaN
3681,F,0.8966838249485471,0.9994238527782617,true,0,NaN
3682,F,0.8966711088552219,0.9998855830325247,true,0,NaN
3683,F,0.8966838230483337,0.999423852529091,true,0,NaN
3684,F,0.8966720810398578,0.9998530724421589,true,0,NaN
3685,F,0.8966779520440958,0.9996103483528331,true,0,NaN
3686,F,0.8966808875462148,0.9996490799290232,true,0,NaN
3687,F,0.8966823552972742,0.9995873971892969,true,0,NaN
3688,F,0.8966838085371421,0.9994239196075827,true,0,NaN
3689,F,0.8966825148195742,0.9994400562600244,true,0,NaN
3690,F,0.8966703060446626,0.9998500841550112,true,0,NaN
3691,F,0.8966824901636489,0.9994400162157808,true,0,NaN
3692,F,0.8966651463883335,1.000066859152167,false,0,NaN
3693,F,0.8966869638555393,0.9993543919999606,true,0,NaN
3694,F,0.8966738182759912,0.999670814618269,true,0,NaN
3695,F,0.89667815421982,0.9996790991986871,true,0,NaN
3696,F,0.8966803221917344,0.9995524732052529,true,0,NaN
3697,F,0.8966824202514716,0.9994399492338988,true,0,NaN
3698,F,0.8966547407690186,1.0011745477623353,false,0,NaN
3699,F,0.8967071850693081,0.9998061915536791,true,0,NaN
3700,F,0.8966684973950836,1.0003285408096652,false,0,NaN
3701,F,0.8966953633475842,0.9994413598226114,true,0,NaN
3702,F,0.8966754588695902,0.9998923234064033,true,0,NaN
3703,F,0.8966891361356578,0.9994130059065264,true,0,NaN
3704,F,0.8966789396068436,0.9999347260126775,true,0,NaN
3705,F,0.8966938988809482,0.9994384837678625,true,0,NaN
3706,F,0.8966806799754705,0.9999348437222756,true,0,NaN
3707,F,0.8966815501597841,0.9999336958798987,true,0,NaN
3708,F,0.8966819852519413,0.9994399608813564,true,0,NaN
3709,F,0.8966789791509867,0.9999334202665868,true,0,NaN
3710,F,0.8966939430096091,0.9994375702923495,true,0,NaN
3711,F,0.8966804824245703,0.9999341680891939,true,0,NaN
3712,F,0.8966812340613677,0.9999345533510119,true,0,NaN
3713,F,0.8966816098797774,0.9999197630576769,true,0,NaN
3714,F,0.8966817977890046,0.9994469017140218,true,0,NaN
3715,F,0.8966820087055369,0.9994484142256537,true,0,NaN
3716,F,0.8966818917436628,0.999440190965514,true,0,NaN
3717,F,0.8966823723942138,0.999423596017448,true,0,NaN
3718,F,0.8966818339138171,0.9994283973954249,true,0,NaN
3719,F,0.8966492142364314,1.0005841161626214,false,0,NaN
3720,F,0.8966884120326873,0.9994240074625631,true,0,NaN
3721,F,0.8966655240751242,1.0000976281281044,false,0,NaN
3722,F,0.8966736789944707,0.9995211307532078,true,0,NaN
3723,F,0.8964144342020072,1.0494741859769774,false,0,NaN
3724,F,0.8965440565982389,1.0134277390267572,false,0,NaN
3725,F,0.8966088677963548,1.0049266536583272,false,0,NaN
3726,F,0.8966412733954128,1.0020848444980426,false,0,NaN
3727,F,0.896561116735784,1.0102176980020194,false,0,NaN
3728,F,0.8968881932437256,1.0018258760120156,false,0,NaN
3729,F,0.8966173837780813,1.00438832921383,false,0,NaN
3730,F,0.8967662403194762,1.0000687234584225,false,0,NaN
3731,F,0.8966455172994242,1.001954328318727,false,0,NaN
3732,F,0.8967199333091943,1.0005379735805215,false,0,NaN
3733,F,0.8966595840604845,1.0003093838984374,false,0,NaN
3734,F,0.8966837198524549,1.0008584206584508,false,0,NaN
3735,F,0.896666617441792,0.9998184718245177,true,0,NaN
3736,F,0.8966757316444193,1.0000145579288848,false,0,NaN
3737,F,0.8966701341340007,0.9997907220721288,true,0,NaN
3738,F,0.8966783814808845,1.0000181913380677,false,0,NaN
3739,F,0.8966718924832147,0.9994512259068329,true,0,NaN
3740,F,0.8964632067473973,1.0060038713538775,false,0,NaN
3741,F,0.896466656277191,1.0058772108154406,false,0,NaN
3742,F,0.896567549615306,1.0024164829664368,false,0,NaN
3743,F,0.8965691106249591,1.0028317050663917,false,0,NaN
3744,F,0.8966197210492604,1.000881300285208,false,0,NaN
3745,F,0.8966204738878452,1.00083846771244,false,0,NaN
3746,F,0.8966458067662375,1.000196863356051,false,0,NaN
3747,F,0.8966461992945178,1.0001013023616214,false,0,NaN
3748,F,0.8966588496247261,0.9998134798363086,true,0,NaN
3749,F,0.896659040327209,0.9998051202613484,true,0,NaN
3750,F,0.8966653710539704,0.9996212858654316,true,0,NaN
3751,F,0.8966654605791742,0.9996178259505131,true,0,NaN
3752,F,0.8966686317685925,0.999525294397219,true,0,NaN
3753,F,0.8966680260488176,0.9997711485127565,true,0,NaN
3754,F,0.896668631556861,0.9995252557552343,true,0,NaN
3755,F,0.8966703150561982,0.9997671636862643,true,0,NaN
3756,F,0.8966694733065296,0.9998183289411856,true,0,NaN
3757,F,0.8966690524316954,0.9994590647004524,true,0,NaN
3758,F,0.8918866839396942,1.168920249793544,false,0,NaN
3759,F,0.8919243083060228,1.1666589544184158,false,0,NaN
3760,F,0.8942778681856948,1.0774789866491175,false,0,NaN
3761,F,0.8942951904425217,1.07812106705679,false,0,NaN
3762,F,0.8954734603086951,1.0373195639828747,false,0,NaN
3763,F,0.895481866229641,1.0373933822147972,false,0,NaN
3764,F,0.8960712563701952,1.0184152762774978,false,0,NaN
3765,F,0.8960754650948272,1.0184280347007717,false,0,NaN
3766,F,0.8963701544009453,1.0091889559681013,false,0,NaN
3767,F,0.8963723146655458,1.009232202529459,false,0,NaN
3768,F,0.8965196034163203,1.0047489144290298,false,0,NaN
3769,F,0.8965207778872999,1.0046543862230732,false,0,NaN
3770,F,0.8965943279240078,1.002166870187421,false,0,NaN
3771,F,0.8965949291204713,1.0024963817595818,false,0,NaN
3772,F,0.8966503713047735,0.9999741459414657,true,0,NaN
3773,F,0.896650485664922,1.0004187079175633,false,0,NaN
3774,F,0.8966667172908301,0.9994653419055394,true,0,NaN
3775,F,0.8966833126672349,0.9994571482209456,true,0,NaN
3776,F,0.8966667180686462,0.9994652799007008,true,0,NaN
3777,F,0.8966939581651739,0.9994250852375229,true,0,NaN
3778,F,0.8966803381169101,0.9991701447770758,true,0,NaN
3779,F,0.8966735280927781,0.999249176770188,true,0,NaN
3780,F,0.8966701230807121,0.999349056856514,true,0,NaN
3781,F,0.896652771982369,1.0003129508310518,false,0,NaN
3782,F,0.8966614475315406,0.9996001149863322,true,0,NaN
3783,F,0.8966657853061264,0.9994729404235527,true,0,NaN
3784,F,0.8966679851188478,0.9997997919356849,true,0,NaN
3785,F,0.896666885212487,0.9998702662170176,true,0,NaN
3786,F,0.8966663352593067,0.9999055952527753,true,0,NaN
3787,F,0.8966660602827166,0.9999140447403206,true,0,NaN
3788,F,0.8966679850894167,0.9997997918520726,true,0,NaN
3789,F,0.8966831944521747,0.9993335706318893,true,0,NaN
3790,F,0.8966668648040634,0.9998702898714035,true,0,NaN
3791,F,0.8966820654100309,0.9994040486727735,true,0,NaN
3792,F,0.8966663046613862,0.9999056158667652,true,0,NaN
3793,F,0.8966815033886569,0.9994392890768234,true,0,NaN
3794,F,0.8966660245900463,0.999922587721117,true,0,NaN
3795,F,0.8966811999367721,0.9994576089617666,true,0,NaN
3796,F,0.8966658845543737,0.9994820756223045,true,0,NaN
3797,F,0.8966664693944083,0.9994914216654401,true,0,NaN
3798,F,0.8966658145365322,0.9994691055307482,true,0,NaN
3799,F,0.8966672943304016,0.9994226063261236,true,0,NaN
3800,F,0.8950662899558611,1.0402910856046759,false,0,NaN
3801,F,0.896368653696271,0.9938491873512174,true,0,NaN
3802,F,0.8961810196317409,1.0000065557642654,false,0,NaN
3803,F,0.8961945291417432,0.9992920230441822,true,0,NaN
3804,F,0.8961898352080273,0.9993498779185417,true,0,NaN
3805,F,0.8961827723745949,0.999352210115954,true,0,NaN
3806,F,0.8961409126953012,1.0008025874271296,false,0,NaN
3807,F,0.8961739544955644,0.9999742691364155,true,0,NaN
3808,F,0.8961618656997263,1.0006151983052445,false,0,NaN
3809,F,0.8961906444712875,0.9996940265288441,true,0,NaN
3810,F,0.8961723422120916,0.9993575275197556,true,0,NaN
3811,F,0.8961715900333593,0.9993510166574114,true,0,NaN
3812,F,0.8961692314362572,0.9993522217810022,true,0,NaN
3813,F,0.8961662644199094,0.9998421588666967,true,0,NaN
3814,F,0.8961677479280833,0.9995904520760166,true,0,NaN
3815,F,0.8961684896821702,0.9993534969655739,true,0,NaN
3816,F,0.8961439375874884,1.0011604682757587,false,0,NaN
3817,F,0.8961825724581028,0.9995909237983939,true,0,NaN
3818,F,0.8961562404317436,1.0010070667021633,false,0,NaN
3819,F,0.8961915998210874,0.9994169679795942,true,0,NaN
3820,F,0.8961623918834765,1.0006336024854925,false,0,NaN
3821,F,0.896165467668556,1.0003238857925039,false,0,NaN
3822,F,0.8961670056795418,1.0003157844893287,false,0,NaN
3823,F,0.8961677749220865,0.9998961385146806,true,0,NaN
3824,F,0.8961681600187454,0.9994452092859774,true,0,NaN
3825,F,0.8961684522938124,0.9993506374877188,true,0,NaN
3826,F,0.8961681711347704,0.9993252329450031,true,0,NaN
3827,F,0.8961622436369533,0.9995055842465482,true,0,NaN
3828,F,0.8961652073858618,0.9993969478195666,true,0,NaN
3829,F,0.8961662629695872,0.9993598180481205,true,0,NaN
3830,F,0.895432496702438,1.038004101937526,false,0,NaN
3831,F,0.8965294868348562,1.0050531064842523,false,0,NaN
3832,F,0.8957993798360125,1.0089332379193678,false,0,NaN
3833,F,0.8959828214028,1.0017601347938658,false,0,NaN
3834,F,0.8960745421861935,1.0000682411975637,false,0,NaN
3835,F,0.8956106626925259,1.021449725460715,false,0,NaN
3836,F,0.8962116814016202,1.0032707844732545,false,0,NaN
3837,F,0.8958884446734708,1.0048559726385615,false,0,NaN
3838,F,0.8960382026783741,1.0002116515450277,false,0,NaN
3839,F,0.8960273356641716,1.0007378445340047,false,0,NaN
3840,F,0.896064992734527,1.0001584098880492,false,0,NaN
3841,F,0.8960967811599786,0.9997005008554161,true,0,NaN
3842,F,0.8958180260082406,1.0104143003074828,false,0,NaN
3843,F,0.8961197729101028,0.9995966683938601,true,0,NaN
3844,F,0.8959574035841096,1.0028893747484946,false,0,NaN
3845,F,0.8960270923720441,1.000922647506331,false,0,NaN
3846,F,0.8960619367660113,1.0004891422690023,false,0,NaN
3847,F,0.8960876838593946,0.9997571476413676,true,0,NaN
3848,F,0.89596002701879,1.0018889552680081,false,0,NaN
3849,F,0.8960168435646607,0.9999734802137068,true,0,NaN
3850,F,0.8960007521700339,1.0010433503905132,false,0,NaN
3851,F,0.8960317227419755,1.0000007955328218,true,0,NaN
3852,F,0.8960087978673473,1.0004465982826982,false,0,NaN
3853,F,0.8960128207160041,1.0000524430970814,false,0,NaN
3854,F,0.8960148321403324,1.000005201075068,false,0,NaN
3855,F,0.8960007529673041,1.0010433235184628,false,0,NaN
3856,F,0.8960016348032426,1.0004092864603757,false,0,NaN
3857,F,0.8960085236030141,1.000420937314783,false,0,NaN
3858,F,0.8960088906201036,1.0001670606836288,false,0,NaN
3859,F,0.8960124089208713,1.0000666299987733,false,0,NaN
3860,F,0.8960124821003116,1.000068036373363,false,0,NaN
3861,F,0.8960143515798047,1.000021398340035,false,0,NaN
3862,F,0.896014389304455,1.0000219895894924,false,0,NaN
3863,F,0.8960153229092807,0.99999999285915,true,0,NaN
3864,F,0.8960153439291884,0.9999993803239993,true,0,NaN
3865,F,0.8916222401578154,NaN,false,-300,NaN
3866,F,0.8938187892473168,NaN,false,-300,NaN
3867,F,0.894917063792076,1.218801239724821,false,0,NaN
3868,F,0.9007428944911279,1.271708623774547,false,0,NaN
3869,F,0.8954662010644725,1.0520653445282993,false,0,NaN
3870,F,0.8968525123758467,1.0223972136993227,false,0,NaN
3871,F,0.8957407697007044,1.0168053976000004,false,0,NaN
3872,F,0.8961882476684118,1.0031371443152537,false,0,NaN
3873,F,0.8958780540188878,1.0066943959323171,false,0,NaN
3874,F,0.8960563158836102,1.00065331898658,false,0,NaN
3875,F,0.8959466961781143,1.0025926996483145,false,0,NaN
3876,F,0.8960157460453019,1.000836358870194,false,0,NaN
3877,F,0.8959981777984779,1.0013084629334226,false,0,NaN
3878,F,0.8960330335061691,1.0000137516916092,false,0,NaN
3879,F,0.8960131932808363,1.0011710201780213,false,0,NaN
3880,F,0.8960152044542912,0.999999612779155,true,0,NaN
3881,F,0.8960091011235721,1.0013168665739767,false,0,NaN
3882,F,0.8960482124457154,0.9999978639091687,true,0,NaN
3883,F,0.8960121527889316,1.00071838022512,false,0,NaN
3884,F,0.8960316738020108,1.0003611048786516,false,0,NaN
3885,F,0.8960413755667026,1.0000108251176614,false,0,NaN
3886,F,0.8952592163578628,1.0896680968349197,false,0,NaN
3887,F,0.8891140526616991,1.463843647611918,false,0,NaN
3888,F,0.8881621648055313,1.3667536174764117,false,0,NaN
3889,F,0.8935552503990593,1.0897263163501407,false,0,NaN
3890,F,0.895795488714267,1.0095619023787465,false,0,NaN
3891,F,0.8959667813147805,1.002800558080368,false,0,NaN
3892,F,0.8959706758539386,1.0023190273490101,false,0,NaN
3893,F,0.8959795982108198,1.00146285148539,false,0,NaN
3894,F,0.8960171711889688,1.0003785273545756,false,0,NaN
3895,F,0.8959720011928143,1.0025079138858914,false,0,NaN
3896,F,0.8960369553417626,0.9999358664864533,true,0,NaN
3897,F,0.8956991298837479,1.0191438549043177,false,0,NaN
3898,F,0.8961711849142029,1.0107142878137092,false,0,NaN
3899,F,0.8958655267900218,1.0053658691106382,false,0,NaN
3900,F,0.8959989745804439,1.0017126073395226,false,0,NaN
3901,F,0.8959508471739193,1.0022448185834891,false,0,NaN
3902,F,0.8960075920288634,1.000525326236783,false,0,NaN
3903,F,0.8960139374698091,0.9998823092896552,true,0,NaN
3904,F,0.8960052768056846,1.0007574304259463,false,0,NaN
3905,F,0.8960229773862411,1.0000267033047954,false,0,NaN
3906,F,0.8960096071377469,1.0002909567107467,false,0,NaN
3907,F,0.8960117723037779,1.0000135884479893,false,0,NaN
3908,F,0.8960128548867935,0.9998969519936938,true,0,NaN
3909,F,0.8959955374130076,1.0007584773110296,false,0,NaN
3910,F,0.8912321942930529,1.2868124274389672,false,0,NaN
3911,F,0.8991258532219464,1.1135247637255903,false,0,NaN
3912,F,0.904595571017089,0.906918276824795,true,0,NaN
3913,F,0.8986208300089352,1.1168937871088853,false,0,NaN
3914,F,0.9059158374615809,0.870274436270345,true,0,NaN
3915,F,0.9016082005130122,0.9967110803403733,true,0,NaN
3916,F,0.9012801967384856,1.010333708969729,false,0,NaN
3917,F,0.901766062992331,1.0147380397893846,false,0,NaN
3918,F,0.9015231298654083,1.0124119039787278,false,0,NaN
3919,F,0.9014016633019469,1.0096548889730574,false,0,NaN
3920,F,0.9019129406393324,0.9995997398086784,true,0,NaN
3921,F,0.9043235649602746,0.9630054184042854,true,0,NaN
3922,F,0.9029751897067605,0.981798181086039,true,0,NaN
3923,F,0.9025019374453628,0.9829936564638748,true,0,NaN
3924,F,0.9020742536414221,0.9734403940064663,true,0,NaN
3925,F,0.901278742395674,0.984858202676654,true,0,NaN
3926,F,0.9010729956091883,0.9921545344596718,true,0,NaN
3927,F,0.9011758690024311,0.9877797572979019,true,0,NaN
3928,F,0.9012273056990525,0.985789698140929,true,0,NaN
3929,F,0.9011428856900222,0.9848971230081331,true,0,NaN
3930,F,0.9010639772951408,0.9868154720033991,true,0,NaN
3931,F,0.9011034314925814,0.9853751961021252,true,0,NaN
3932,F,0.9010641658491577,0.9859228067559177,true,0,NaN
3933,F,0.9007340169625004,1.0187546427432412,false,0,NaN
3934,F,0.9025181071793105,0.9901812032689644,true,0,NaN
3935,F,0.9009015925551516,1.0021644981577376,false,0,NaN
3936,F,0.9017868430214663,0.987857464765401,true,0,NaN
3937,F,0.9009853922421295,0.9918978386629373,true,0,NaN
3938,F,0.9013144083713668,0.9881969881352346,true,0,NaN
3939,F,0.9010272209561825,0.9879809375447001,true,0,NaN
3940,F,0.9009755178663077,0.9932770617829605,true,0,NaN
3941,F,0.9012628552245805,0.9891913617995858,true,0,NaN
3942,F,0.9010013490495683,0.9905914473543188,true,0,NaN
3943,F,0.901142981165453,0.9876682272897381,true,0,NaN
3944,F,0.9010142648752623,0.9879806481099573,true,0,NaN
3945,F,0.8990089933282679,1.210562299199838,false,0,NaN
3946,F,0.9009460959531295,0.99687772638307,true,0,NaN
3947,F,0.9009801804141958,0.9935562767782758,true,0,NaN
3948,F,0.900997222644729,0.9911993862540853,true,0,NaN
3949,F,0.9009461042834287,0.9968774867958334,true,0,NaN
3950,F,0.9014324972346566,0.9898087167717512,true,0,NaN
3951,F,0.9009801888911578,0.9935560386248777,true,0,NaN
3952,F,0.9012845481569941,0.989535542840711,true,0,NaN
3953,F,0.900997231195154,0.9911991302908614,true,0,NaN
3954,F,0.901172794283675,0.9886670223971987,true,0,NaN
3955,F,0.9010057523474152,0.9899221087443186,true,0,NaN
3956,F,0.9011115684615048,0.9886890010960262,true,0,NaN
3957,F,0.901010012924072,0.9894687795025553,true,0,NaN
3958,F,0.901012143213453,0.9883980745958676,true,0,NaN
3959,F,0.9010349198351308,0.9885668641731705,true,0,NaN
3960,F,0.9010132083602485,0.9879793982678493,true,0,NaN
3961,F,0.9010010307486729,0.9896347159844643,true,0,NaN
3962,F,0.9010908919608,0.9882868752537891,true,0,NaN
3963,F,0.9010071195143443,0.98950847976556,true,0,NaN
3964,F,0.9010101638977221,0.9890226398265974,true,0,NaN
3965,F,0.9010116860904952,0.9879858265550249,true,0,NaN
3966,F,0.9010039136936603,0.9881216692253048,true,0,NaN
3967,F,0.9011133165089973,0.9862581125524827,true,0,NaN
3968,F,0.9005266355881756,1.040433520394408,false,0,NaN
3969,F,0.9031175519235018,1.0373222841296847,false,0,NaN
3970,F,0.9008199760485864,1.0076088163266754,false,0,NaN
3971,F,0.9009666462787919,0.9925651882566782,true,0,NaN
3972,F,0.9010399813938945,0.9874874447551435,true,0,NaN
3973,F,0.9005266355881756,1.0404335203944077,false,0,NaN
3974,F,0.9036343400228081,0.9932383121651026,true,0,NaN
3975,F,0.9008199698592809,1.007608941893477,false,0,NaN
3976,F,0.9020600705984895,0.9898112483968898,true,0,NaN
3977,F,0.900966636994852,0.9925652732620941,true,0,NaN
3978,F,0.901347786135763,0.9876121097992738,true,0,NaN
3979,F,0.9010399705626742,0.9874874989342901,true,0,NaN
3980,F,0.9011253102376232,0.98685600929426,true,0,NaN
3981,F,0.9010766373466587,0.9855815543210565,true,0,NaN
3982,F,0.8962344189488071,1.0879269371902731,false,0,NaN
3983,F,0.8962362729431393,1.087629145059053,false,0,NaN
3984,F,0.898655012647308,1.0330944093834065,false,0,NaN
3985,F,0.898655873365458,1.0329604457414179,false,0,NaN
3986,F,0.8998654686533787,1.0086819790892554,false,0,NaN
3987,F,0.8998658871323341,1.0089191334782148,false,0,NaN
3988,F,0.9004709354178428,0.9972549779565754,true,0,NaN
3989,F,0.9004711468886379,0.9972427911903253,true,0,NaN
3990,F,0.9007737349847275,0.9908709138489972,true,0,NaN
3991,F,0.9007738308076637,0.9908651623973223,true,0,NaN
3992,F,0.9009251671921968,0.9881449540951429,true,0,NaN
3993,F,0.9009252136316969,0.988142078524127,true,0,NaN
3994,F,0.9010008925419528,0.9867916435936649,true,0,NaN
3995,F,0.901047804518174,0.9858012174523882,true,0,NaN
3996,F,0.9008065679397428,1.0051211168204697,false,0,NaN
3997,F,0.9018346781018751,0.9850376751291624,true,0,NaN
3998,F,0.9009271862289584,0.9950853811487564,true,0,NaN
3999,F,0.9009874953735661,0.9904201214042271,true,0,NaN
4000,F,0.9010176499458701,0.9877399356126163,true,0,NaN
4001,F,0.9008065679397428,1.00512111682047,false,0,NaN
4002,F,0.901842886424829,0.9898901072564422,true,0,NaN
4003,F,0.900928187106542,0.9950664107390726,true,0,NaN
4004,F,0.9014260205472693,0.9887057857071415,true,0,NaN
4005,F,0.9009889968039305,0.9903918228947571,true,0,NaN
4006,F,0.9012366446329219,0.9867464489864328,true,0,NaN
4007,F,0.9010194018806061,0.9877073333196571,true,0,NaN
4008,F,0.9011232008815668,0.986558367810567,true,0,NaN
4009,F,0.9010346048749368,0.9874008744697325,true,0,NaN
4010,F,0.9011224341924025,0.9866316807011863,true,0,NaN
4011,F,0.9010422072843273,0.9873923612533626,true,0,NaN
4012,F,0.9011298695822592,0.9867372978238276,true,0,NaN
4013,F,0.9010460103153907,0.9867210058819273,true,0,NaN
4014,F,0.901097551496193,0.9858832490727447,true,0,NaN
4015,F,0.9010488755535518,0.9857649020063084,true,0,NaN
4016,F,0.9010355892918592,0.988272760610503,true,0,NaN
4017,F,0.9011711310066804,0.9860143069449947,true,0,NaN
4018,F,0.9010422169749656,0.9872554684583821,true,0,NaN
4019,F,0.9010455352927716,0.9872175150277769,true,0,NaN
4020,F,0.9010472012719614,0.986252046416943,true,0,NaN
4021,F,0.9010480370956119,0.9862359552878286,true,0,NaN
4022,F,0.901048456044548,0.9857673835954902,true,0,NaN
4023,F,0.901046745083327,0.985796663870677,true,0,NaN
4024,F,0.9010459885024686,0.9858061020272701,true,0,NaN
4025,F,0.9010459294039951,0.985803154524176,true,0,NaN
4026,F,0.9010458922441216,0.9858036418071549,true,0,NaN
4027,F,0.9010458160322418,0.9858045654373186,true,0,NaN
4028,F,0.9010456489991839,0.9858064430208053,true,0,NaN
4029,F,0.9010453561465315,0.9858089576236658,true,0,NaN
4030,F,0.9010448956823655,0.9858123873165854,true,0,NaN
4031,F,0.9010438524282474,0.9858164027618244,true,0,NaN
4032,F,0.9010422694136437,0.9858158380899155,true,0,NaN
4033,F,0.9010394455240792,0.9857007882852572,true,0,NaN
4034,F,0.9010299733824636,0.9858939681705154,true,0,NaN
4035,F,0.9010347094532714,0.9857304705241554,true,0,NaN
4036,F,0.9007140589476693,0.9964297452868424,true,0,NaN
4037,F,0.9008743842004703,0.9906161085195893,true,0,NaN
4038,F,0.9009545468268708,0.9884680971006244,true,0,NaN
4039,F,0.9009946281400711,0.9875137231831255,true,0,NaN
4040,F,0.9010312111757135,0.985598273375865,true,0,NaN
4041,F,0.9000150818779235,1.0033316454171457,false,0,NaN
4042,F,0.9001494990961935,0.9994499836507065,true,0,NaN
4043,F,0.9005231428058652,0.9951400312664177,true,0,NaN
4044,F,0.9005954666028518,0.9933966065068264,true,0,NaN
4045,F,0.900777173279603,0.9907207113563399,true,0,NaN
4046,F,0.9008159990285807,0.989706918986796,true,0,NaN
4047,F,0.9009041885360058,0.9881930274344437,true,0,NaN
4048,F,0.9009238555141308,0.9880726557840593,true,0,NaN
4049,F,0.900967696203275,0.9870310785238009,true,0,NaN
4050,F,0.9009785558650053,0.986862419910771,true,0,NaN
4051,F,0.9009994501150456,0.9864532373948532,true,0,NaN
4052,F,0.9010059298605697,0.9863517174332797,true,0,NaN
4053,F,0.9010153272272062,0.9861650884710013,true,0,NaN
4054,F,0.9010196228615333,0.9860975026793957,true,0,NaN
4055,F,0.9010272361555637,0.9856840487145392,true,0,NaN
4056,F,0.9010278862804857,0.985875204177198,true,0,NaN
4057,F,0.9010307139798653,0.9856026018574707,true,0,NaN
4058,F,0.9010266164113157,0.985675140129995,true,0,NaN
4059,F,0.901024554534403,0.9857106947452947,true,0,NaN
4060,F,0.9009000550390905,0.9870455585443498,true,0,NaN
4061,F,0.9009403419991642,0.9863156058867592,true,0,NaN
4062,F,0.8968630455622025,1.1094818596608398,false,0,NaN
4063,F,0.8984508282261001,1.08322871669721,false,0,NaN
4064,F,0.8989017440603636,1.0385948006311496,false,0,NaN
4065,F,0.8995757377532347,1.0250578843118534,false,0,NaN
4066,F,0.8999210936051317,1.0101269740057388,false,0,NaN
4067,F,0.9002280996593469,1.0029397560871158,false,0,NaN
4068,F,0.9004307689688925,0.9983894475775512,true,0,NaN
4069,F,0.9005864560650977,0.9945996202241005,true,0,NaN
4070,F,0.9006856078335383,0.9926326706122532,true,0,NaN
4071,F,0.9007670787934455,0.9905616189160886,true,0,NaN
4072,F,0.9008130296314881,0.9899652216215195,true,0,NaN
4073,F,0.9008601112318322,0.9888745810307926,true,0,NaN
4074,F,0.9008767452624857,0.9889022058246217,true,0,NaN
4075,F,0.9009101212311573,0.9880180456698111,true,0,NaN
4076,F,0.9009244787077155,0.9876039948002698,true,0,NaN
4077,F,0.9009411189392709,0.98693316993293,true,0,NaN
4078,F,0.9009383988399363,0.9863487566638633,true,0,NaN
4079,F,0.9009700305603633,0.9857707260918497,true,0,NaN
4080,F,0.9009844402150216,0.9854639331211958,true,0,NaN
4081,F,0.9009594389168855,0.9859179768384075,true,0,NaN
4082,F,0.9009719395659535,0.9856890316098654,true,0,NaN
4083,F,0.9009768644336077,0.9855977941437373,true,0,NaN
4084,F,0.9009697732972268,0.9857204441243312,true,0,NaN
4085,F,0.9009717255623589,0.9856847068207857,true,0,NaN
4086,F,0.9009592951116062,0.9875297953254377,true,0,NaN
4087,F,0.9010580403666575,0.9857578744812698,true,0,NaN
4088,F,0.9009655099563325,0.9874201255821833,true,0,NaN
4089,F,0.9010583806676593,0.9845669280672525,true,0,NaN
4090,F,0.9009686174356932,0.9874486549842051,true,0,NaN
4091,F,0.9010630105020705,0.9842419101966554,true,0,NaN
4092,F,0.9009701712893868,0.9868378472345596,true,0,NaN
4093,F,0.9009709484444068,0.9862214436065243,true,0,NaN
4094,F,0.9009713374794392,0.9857401963928035,true,0,NaN
4095,F,0.9009743320580345,0.9856318951321836,true,0,NaN
4096,F,0.900960705243847,0.98613158795768,true,0,NaN
4097,F,0.9009638643451371,0.98610376134746,true,0,NaN
4098,F,0.9009674965079337,0.985908546991558,true,0,NaN
4099,F,0.9009692454973985,0.9859873964106439,true,0,NaN
4100,F,0.9009708938993779,0.9856941853462665,true,0,NaN
4101,F,0.9009712877709584,0.9857111955753229,true,0,NaN
4102,F,0.9009725961299377,0.9856604000054331,true,0,NaN
4103,F,0.900975364190975,0.9856336569103342,true,0,NaN
4104,F,0.9009726272381664,0.9856597777038711,true,0,NaN
4105,F,0.9009829827717876,0.9857119948126112,true,0,NaN
4106,F,0.900977805004977,0.9856366415109007,true,0,NaN
4107,F,0.9009752161215717,0.9856378996233318,true,0,NaN
4108,F,0.900973921679869,0.985640865971691,true,0,NaN
4109,F,0.9009726771198716,0.9856585343858385,true,0,NaN
4110,F,0.9009978217370842,0.9863736825218199,true,0,NaN
4111,F,0.900972976664413,0.9856498689419602,true,0,NaN
4112,F,0.9009994584861304,0.9863860207644207,true,0,NaN
4113,F,0.9009862175752718,0.9864584114036358,true,0,NaN
4114,F,0.9009795971198423,0.9860724890361423,true,0,NaN
4115,F,0.9009762868921277,0.9860653008743978,true,0,NaN
4116,F,0.9009735042476711,0.9856579333124067,true,0,NaN
4117,F,0.9009748317524237,0.9858821406414238,true,0,NaN
4118,F,0.9009731781227924,0.9856479296485855,true,0,NaN
4119,F,0.9009735309104648,0.9856479673326387,true,0,NaN
4120,F,0.9009730150087187,0.9856493516404087,true,0,NaN
4121,F,0.90098170217943,0.9857330604704725,true,0,NaN
4122,F,0.9009731904972885,0.9856450506299946,true,0,NaN
4123,F,0.9009860642987128,0.9853958824013033,true,0,NaN
4124,F,0.9007003078947378,0.9908308215221501,true,0,NaN
4125,F,0.9009446928474352,0.9882046628019884,true,0,NaN
4126,F,0.9008429502647279,0.9882362819485953,true,0,NaN
4127,F,0.9009706699892609,0.9865956420758549,true,0,NaN
4128,F,0.9009142721293458,0.9874501348744631,true,0,NaN
4129,F,0.9010066401941931,0.986131564459664,true,0,NaN
4130,F,0.9009499344210138,0.9861633026878553,true,0,NaN
4131,F,0.9009844417330001,0.9859627423243259,true,0,NaN
4132,F,0.9009677682864727,0.9860081555071684,true,0,NaN
4133,F,0.9009952986302029,0.9864613483512834,true,0,NaN
4134,F,0.9009766906657224,0.9859918871340343,true,0,NaN
4135,F,0.9010034889127215,0.9863743078868418,true,0,NaN
4136,F,0.9009811628069644,0.9859226075163003,true,0,NaN
4137,F,0.9010048458012743,0.9864650981456188,true,0,NaN
4138,F,0.9009845892998468,0.9854461977492449,true,0,NaN
4139,F,0.9009868518267772,0.9857552289175094,true,0,NaN
4140,F,0.9009857840102622,0.9853991770840435,true,0,NaN
4141,F,0.9009852329735825,0.9854110645034748,true,0,NaN
4142,F,0.900985777305699,0.9854017016835279,true,0,NaN
4143,F,0.9009855032126698,0.9854048121183717,true,0,NaN
4144,F,0.9009857612494336,0.9854003469076819,true,0,NaN
4145,F,0.9009856394211042,0.9854016601547878,true,0,NaN
4146,F,0.9009905299102897,0.9853174218342331,true,0,NaN
4147,F,0.9009856448224413,0.9854015319467423,true,0,NaN
4148,F,0.9009903529715212,0.9859773949821565,true,0,NaN
4149,F,0.9009879988969812,0.9852453743895607,true,0,NaN
4150,F,0.9012702545005578,0.9814056549775341,true,0,NaN
4151,F,0.9011291266987694,0.9824707523095755,true,0,NaN
4152,F,0.9010585627978753,0.9835167856034593,true,0,NaN
4153,F,0.9009874915480528,0.9848098795148756,true,0,NaN
4154,F,0.9009661542321226,0.9839020315848288,true,0,NaN
4155,F,0.9008661451609907,0.985702942697873,true,0,NaN
4156,F,0.9008572109835407,0.9855609705323677,true,0,NaN
4157,F,0.9008519598409988,0.9856300560063778,true,0,NaN
4158,F,0.9008531287165967,0.9854351850633318,true,0,NaN
4159,F,0.9008583465281627,0.984788525642363,true,0,NaN
4160,F,0.9008371286990512,0.9851740888654585,true,0,NaN
4161,F,0.9008351390574344,0.9852072131386358,true,0,NaN
4162,F,0.9008285717204194,0.9864059701066324,true,0,NaN
4163,F,0.9008898721855859,0.9857248057244615,true,0,NaN
4164,F,0.9008318240481281,0.9858756359122366,true,0,NaN
4165,F,0.9008660044104212,0.9859820719850846,true,0,NaN
4166,F,0.9008334505308319,0.985228007589122,true,0,NaN
4167,F,0.9008346990986285,0.986045575989089,true,0,NaN
4168,F,0.9008337593641358,0.9852465572213239,true,0,NaN
4169,F,0.9008336049474839,0.9852228404462576,true,0,NaN
4170,F,0.9008329496232822,0.9852250485595763,true,0,NaN
4171,F,0.9008295089546317,0.9852675315179413,true,0,NaN
4172,F,0.9014624641170629,1.1061591963773272,false,0,NaN
4173,F,0.9008298881657195,0.9852512184643558,true,0,NaN
4174,F,0.900881538609112,0.9890735671401261,true,0,NaN
4175,F,0.9008557133874158,0.9872855114647474,true,0,NaN
4176,F,0.9008428007765676,0.9861121152585312,true,0,NaN
4177,F,0.9008363444711436,0.9855097637658943,true,0,NaN
4178,F,0.9008252920277154,0.9853375595768784,true,0,NaN
4179,F,0.9008253440914815,0.9853383765143341,true,0,NaN
4180,F,0.9008247850047219,0.985333715664017,true,0,NaN
4181,F,0.9008199965990368,0.9854542952148245,true,0,NaN
4182,F,0.9008223989720718,0.985236437043689,true,0,NaN
4183,F,0.9007782545615962,0.9869077244223347,true,0,NaN
4184,F,0.900800326766834,0.9861631504809855,true,0,NaN
4185,F,0.900811362869453,0.9859084335119871,true,0,NaN
4186,F,0.9008168809207624,0.985504224414912,true,0,NaN
4187,F,0.9008184624390488,0.9852791283000255,true,0,NaN
4188,F,0.9008050137442836,0.9857156172360543,true,0,NaN
4189,F,0.9008283116540873,0.9855415936469066,true,0,NaN
4190,F,0.9008118271379953,0.9853643481437614,true,0,NaN
4191,F,0.9007235811525693,0.9886753976007309,true,0,NaN
4192,F,0.9008076990087868,0.9858805812239857,true,0,NaN
4193,F,0.900809763073391,0.9854026825499052,true,0,NaN
4194,F,0.9008107951056932,0.9853740956353237,true,0,NaN
4195,F,0.9007635391992066,0.9864764930084232,true,0,NaN
4196,F,0.9007871671524499,0.9859359283727444,true,0,NaN
4197,F,0.9007989811290715,0.9862025039540525,true,0,NaN
4198,F,0.9008048881173824,0.9859012792844929,true,0,NaN
4199,F,0.9008092630400076,0.9853958165564619,true,0,NaN
4200,F,0.9007965829661018,0.9861932872174167,true,0,NaN
4201,F,0.9008076178056896,0.9854164821053845,true,0,NaN
4202,F,0.9007955486979338,0.9857083491607687,true,0,NaN
4203,F,0.9008015832518117,0.9855060905769495,true,0,NaN
4204,F,0.9007966178721486,0.9856877795760116,true,0,NaN
4205,F,0.90080112629067,0.9856015356250465,true,0,NaN
4206,F,0.9004384341110169,0.9916046313949415,true,0,NaN
4207,F,0.9004696642589546,0.9911793699257904,true,0,NaN
4208,F,0.9006197554250712,0.9885646107170689,true,0,NaN
4209,F,0.9006351704274557,0.9884094414550085,true,0,NaN
4210,F,0.9007104161131928,0.9872488334663706,true,0,NaN
4211,F,0.9007189856280823,0.9866207220564523,true,0,NaN
4212,F,0.9006414132589486,0.9881057772997908,true,0,NaN
4213,F,0.9006836982007523,0.9870645056741824,true,0,NaN
4214,F,0.9006596634593078,0.9911569399040985,true,0,NaN
4215,F,0.9008689456300814,0.9888377283942831,true,0,NaN
4216,F,0.9006716788830866,0.9893879634073408,true,0,NaN
4217,F,0.9007904955414191,0.9876903036720754,true,0,NaN
4218,F,0.9006776866350896,0.9891057496637408,true,0,NaN
4219,F,0.9006806905913226,0.9876909534177095,true,0,NaN
4220,F,0.9006821927299398,0.9875388078734418,true,0,NaN
4221,F,0.90068294412055,0.9870645101975607,true,0,NaN
4222,F,0.9006776269110557,0.9893881495928087,true,0,NaN
4223,F,0.9006802855151604,0.9880159188990204,true,0,NaN
4224,F,0.9006816148199656,0.9875386201952474,true,0,NaN
4225,F,0.9006822794778739,0.9875386816715285,true,0,NaN
4226,F,0.9006826118178404,0.9870644911826069,true,0,NaN
4227,F,0.9006924093195898,0.9868802392934427,true,0,NaN
4228,F,0.9007202402456516,0.9863576679046692,true,0,NaN
4229,F,0.9007541388307565,0.9857225026881874,true,0,NaN
4230,F,0.9007767947108175,0.9852985049875713,true,0,NaN
4231,F,0.9007845400338764,0.9851528107655352,true,0,NaN
4232,F,0.9007851548071913,0.9851408659580138,true,0,NaN
4233,F,0.9007855096788433,0.985133231666098,true,0,NaN
4234,F,0.9007852567382373,0.9851350767325029,true,0,NaN
4235,F,0.9007853966030414,0.9851322640869375,true,0,NaN
4236,F,0.90078542690602,0.985131282281054,true,0,NaN
4237,F,0.9007854314948047,0.9851299709158503,true,0,NaN
4238,F,0.9007852600209173,0.9851303341501941,true,0,NaN
4239,F,0.9007848882706907,0.9851300524219898,true,0,NaN
4240,F,0.9007839117577238,0.9854464767336912,true,0,NaN
4241,F,0.9007844000142072,0.9851116561507053,true,0,NaN
4242,F,0.9007754658705601,0.9851520128816197,true,0,NaN
4243,F,0.9007575041420736,0.9854693458709961,true,0,NaN
4244,F,0.9007575680585036,0.985468087078925,true,0,NaN
4245,F,0.90075772694585,0.9854649778741598,true,0,NaN
4246,F,0.9007577765227643,0.9854640102750791,true,0,NaN
4247,F,0.9007578995671914,0.9854616162387978,true,0,NaN
4248,F,0.9007582014731044,0.9854557781934616,true,0,NaN
4249,F,0.9007582953680734,0.9854539675096993,true,0,NaN
4250,F,0.9007585269601386,0.9854495156863575,true,0,NaN
4251,F,0.9007585990197292,0.9854481326833532,true,0,NaN
4252,F,0.900758777271386,0.9854447180171616,true,0,NaN
4253,F,0.9007588327921331,0.9854436554919909,true,0,NaN
4254,F,0.900758970427894,0.985441024623913,true,0,NaN
4255,F,0.9007590133333839,0.9854402050421894,true,0,NaN
4256,F,0.9007591198874407,0.9854381712599352,true,0,NaN
4257,F,0.9007593819205723,0.9854331785270014,true,0,NaN
4258,F,0.9007594633914885,0.9854316275654613,true,0,NaN
4259,F,0.9007596646397503,0.9854278004445186,true,0,NaN
4260,F,0.9007597272363693,0.9854266106908773,true,0,NaN
4261,F,0.9007598853842315,0.9854236089374273,true,0,NaN
4262,F,0.9007602629862437,0.9854164467828314,true,0,NaN
4263,F,0.9007611501486218,0.9853996584145652,true,0,NaN
4264,F,0.9007630682955687,0.9853634618111584,true,0,NaN
4265,F,0.9007665625318072,0.9852976479678613,true,0,NaN
4266,F,0.9007711943988809,0.9852103397748934,true,0,NaN
4267,F,0.9007748310414708,0.9851411055256172,true,0,NaN
4268,F,0.9007733283031968,0.985636656676441,true,0,NaN
4269,F,0.9007740796723338,0.9853736833009177,true,0,NaN
4270,F,0.9007744553569023,0.9851477059041487,true,0,NaN
4271,F,0.9007754997774196,0.9851251532810891,true,0,NaN
4272,F,0.9007755615655656,0.9852620997585152,true,0,NaN
4273,F,0.9007755306714926,0.9851227641489195,true,0,NaN
4274,F,0.9007738889267713,0.9851356425362168,true,0,NaN
4275,F,0.9007731552769414,0.9848395205502052,true,0,NaN
4276,F,0.9007570180857541,0.9850733108432446,true,0,NaN
4277,F,0.9007466996534432,0.9851503009359988,true,0,NaN
4278,F,0.9006906919325495,0.9843566297813694,true,0,NaN
4279,F,0.9006497320035718,0.9841502250260675,true,0,NaN
4280,F,0.899276302246555,1.0118946535240878,false,0,NaN
4281,F,0.9005391437716805,0.9863798830794338,true,0,NaN
4282,F,0.8999630171250633,0.9975430323732487,true,0,NaN
4283,F,0.9003063745643176,0.9904620987821368,true,0,NaN
4284,F,0.9004780532839447,0.9870661658891765,true,0,NaN
4285,F,0.9005996078581101,0.9844494308386982,true,0,NaN
4286,F,0.9005868841895186,0.9839396711791889,true,0,NaN
4287,F,0.9005630551303302,0.9841112544544333,true,0,NaN
4288,F,0.9005281800742113,0.9839463800352016,true,0,NaN
4289,F,0.8998540968869013,0.9971791890110548,true,0,NaN
4290,F,0.9001476033533954,0.9965178709758519,true,0,NaN
4291,F,0.900182986012301,0.9901664806719689,true,0,NaN
4292,F,0.9003209532443535,0.9900493788035148,true,0,NaN
4293,F,0.9003487829800411,0.9872490395253832,true,0,NaN
4294,F,0.9004220382146311,0.9885067798139585,true,0,NaN
4295,F,0.9004333963630973,0.9855297999926613,true,0,NaN
4296,F,0.900396280929492,0.9858449060683355,true,0,NaN
4297,F,0.900429643632914,1.558948502414922,false,0,NaN
4298,F,0.9003964048937756,0.9857768257336093,true,0,NaN
4299,F,0.9019325392646398,0.9736588042049076,true,0,NaN
4300,F,0.9011644720792077,0.9752394236598183,true,0,NaN
4301,F,0.9007804384864916,0.9785645708749913,true,0,NaN
4302,F,0.9005884216901336,0.9819174317720579,true,0,NaN
4303,F,0.9003732093095913,0.9861645591137327,true,0,NaN
4304,F,0.9004360838491823,0.9851401840581974,true,0,NaN
4305,F,0.9003761798402821,0.9860706731602876,true,0,NaN
4306,F,0.9004474941910758,0.9839014683938231,true,0,NaN
4307,F,0.9002877176069243,0.9861520254494764,true,0,NaN
4308,F,0.9003784644565519,0.9847846067786674,true,0,NaN
4309,F,0.9003330910317381,0.9853168017258517,true,0,NaN
4310,F,0.900388869810978,0.9844434789210467,true,0,NaN
4311,F,0.900360980421358,0.9850018012281477,true,0,NaN
4312,F,0.9003470357265481,0.9850987615626343,true,0,NaN
4313,F,0.9003400633791431,0.9852396320124485,true,0,NaN
4314,F,0.900388869810978,0.9844434789210467,true,0,NaN
4315,F,0.9004007351464359,0.9848018200069454,true,0,NaN
4316,F,0.9003609800018384,0.9850018015714845,true,0,NaN
4317,F,0.900372628573717,0.985365639156143,true,0,NaN
4318,F,0.9003470350972687,0.9850987617496432,true,0,NaN
4319,F,0.9003500150901462,0.9850599805474208,true,0,NaN
4320,F,0.9003400626449837,0.9852396321245142,true,0,NaN
4321,F,0.90034304904039,0.985199574867269,true,0,NaN
4322,F,0.9003365764188409,0.9852464571764326,true,0,NaN
4323,F,0.9002774153261874,0.988899685076573,true,0,NaN
4324,F,0.9004499451818561,0.9867184918188238,true,0,NaN
4325,F,0.900306961587801,0.9858062669078884,true,0,NaN
4326,F,0.9003336587361007,0.9851115314374609,true,0,NaN
4327,F,0.8998890718404136,1.0033660395008495,false,0,NaN
4328,F,0.9004511115194092,1.0110778404029106,false,0,NaN
4329,F,0.9001113652882571,0.9906468107378449,true,0,NaN
4330,F,0.900281810807369,0.9900613768342579,true,0,NaN
4331,F,0.900222512012179,0.987511267684345,true,0,NaN
4332,F,0.9002964093388375,0.985785448806539,true,0,NaN
4333,F,0.9003808941646778,0.9840832441389123,true,0,NaN
4334,F,0.9003474670367242,0.9847008852381625,true,0,NaN
4335,F,0.9003778034148361,0.9840881586958199,true,0,NaN
4336,F,0.9003770112991455,0.9837659026746668,true,0,NaN
4337,F,0.9003594191523165,0.9840725595393105,true,0,NaN
4338,F,0.9003576468339883,0.9838168879860403,true,0,NaN
4339,F,0.900219131408484,0.9866362634212421,true,0,NaN
4340,F,0.9002883891212361,0.9852078193885884,true,0,NaN
4341,F,0.9003230179776123,0.9843922801718457,true,0,NaN
4342,F,0.9003421240077643,0.9839760380188776,true,0,NaN
4343,F,0.9003214761437187,0.9831272171841543,true,0,NaN
4344,F,0.9000865768738463,0.983044767993029,true,0,NaN
4345,F,0.8999811549275043,0.9859311713985949,true,0,NaN
4346,F,0.9000996332041308,0.9845058491624077,true,0,NaN
4347,F,0.9000403940658175,0.9850402603060933,true,0,NaN
4348,F,0.9000107744966609,0.9856108620997911,true,0,NaN
4349,F,0.8999959647120827,0.985796545412681,true,0,NaN
4350,F,0.9000996332041308,0.9845058491624079,true,0,NaN
4351,F,0.9001560808085017,0.9832786815300784,true,0,NaN
4352,F,0.9000403933662721,0.985040262903932,true,0,NaN
4353,F,0.9000604411702999,0.9846021296632359,true,0,NaN
4354,F,0.9000107734473426,0.9856108637481935,true,0,NaN
4355,F,0.9000265376767016,0.985265834947498,true,0,NaN
4356,F,0.8999959634878777,0.9857965463195497,true,0,NaN
4357,F,0.9000050165759981,0.9855983114469784,true,0,NaN
4358,F,0.8999885585081447,0.9859610681553738,true,0,NaN
4359,F,0.8999975439283566,0.9857642383607349,true,0,NaN
4360,F,0.8999848560182774,0.9858474099569302,true,0,NaN
4361,F,0.9001028630779763,0.9835488574830569,true,0,NaN
4362,F,0.9001170228741703,0.983286563043901,true,0,NaN
4363,F,0.9001099429760733,0.983487762551823,true,0,NaN
4364,F,0.9001064030270248,0.983567015125118,true,0,NaN
4365,F,0.9001046330525005,0.9835070314295422,true,0,NaN
4366,F,0.9001138372923915,0.9833469593286754,true,0,NaN
4367,F,0.900109235172446,0.9834611395674536,true,0,NaN
4368,F,0.9001069341124732,0.9835358713008423,true,0,NaN
4369,F,0.9001057835824869,0.9835734350890454,true,0,NaN
4370,F,0.9001071156860954,0.9835300265996466,true,0,NaN
4371,F,0.9001118935448036,0.9834225295992641,true,0,NaN
4372,F,0.9001058738553327,0.9835702934940556,true,0,NaN
4373,F,0.9001105796981133,0.9834641471377337,true,0,NaN
4374,F,0.9001052529399225,0.9835912945836546,true,0,NaN
4375,F,0.9001099615682813,0.9834849441333385,true,0,NaN
4376,F,0.9001049424821594,0.9834978323599802,true,0,NaN
4377,F,0.9001132632132359,0.9831487909455843,true,0,NaN
4378,F,0.9001158997624682,0.9832082545125046,true,0,NaN
4379,F,0.9001145814878521,0.9832287578462082,true,0,NaN
4380,F,0.900113922350544,0.9832545596849095,true,0,NaN
4381,F,0.90011359278189,0.9832639131050491,true,0,NaN
4382,F,0.9001158997624682,0.9832082545125044,true,0,NaN
4383,F,0.9001222699291308,0.9830682798358219,true,0,NaN
4384,F,0.9001145810632564,0.9832287592671725,true,0,NaN
4385,F,0.900120052195172,0.9831079282462992,true,0,NaN
4386,F,0.90011392171365,0.9832545607836638,true,0,NaN
4387,F,0.9001196509027038,0.9831277218547545,true,0,NaN
4388,F,0.900113592038846,0.9832639139144733,true,0,NaN
4389,F,0.9001192888191867,0.9831376899996909,true,0,NaN
4390,F,0.9001134272014425,0.9832678991165406,true,0,NaN
4391,F,0.9001190763164494,0.9831426809055315,true,0,NaN
4392,F,0.9001133447827376,0.9832708502902743,true,0,NaN
4393,F,0.9001190136855982,0.983145135578619,true,0,NaN
4394,F,0.9001133035733789,0.983148023363019,true,0,NaN
4395,F,0.9001133258968376,0.9831475327333864,true,0,NaN
4396,F,0.9001132726663165,0.983148476636069,true,0,NaN
4397,F,0.900111607041082,0.9831373102863414,true,0,NaN
4398,F,0.9001020827728882,0.9864414483854219,true,0,NaN
4399,F,0.9001104820674155,0.9837420333666848,true,0,NaN
4400,F,0.9001110445542487,0.9831411351335094,true,0,NaN
4401,F,0.9001119990291914,0.983934246808377,true,0,NaN
4402,F,0.90011152179172,0.9838114523519873,true,0,NaN
4403,F,0.9001112831729844,0.9833784957506724,true,0,NaN
4404,F,0.9001111638636166,0.9832681524417775,true,0,NaN
4405,F,0.9001107685090878,0.9832694543262087,true,0,NaN
4406,F,0.9001135336173224,0.9832137131714968,true,0,NaN
