
=======================================
           Academic License
       (NOT FOR COMMERCIAL USE)
         Artelys Knitro 13.0.1
=======================================

WARNING:  Option 'mip_integral_gap_abs' deprecated, please use 'mip_opt_gap_abs'.
WARNING:  Option 'mip_integral_gap_rel' deprecated, please use 'mip_opt_gap_rel'.
WARNING:  Option 'mip_integral_gap_abs' deprecated, please use 'mip_opt_gap_abs'.
WARNING:  Option 'mip_integral_gap_rel' deprecated, please use 'mip_opt_gap_rel'.
Knitro presolve eliminated 0 variables and 0 constraints.

bar_conic_enable:        0
hessopt:                 3
honorbnds:               1
maxit:                   1000000
maxtime_real:            120
numthreads:              1
outlev:                  3
restarts:                0
WARNING: Option ms_maxsolves was set, but option ms_enable='no'.
WARNING: Option ms_startptrange was set, but option ms_enable='no'.

Problem Characteristics                                 (   Presolved)
-----------------------
Objective goal:  Minimize
Objective type:  general
Number of variables:                                 16 (          16)
    bounded below only:                               0 (           0)
    bounded above only:                               0 (           0)
    bounded below and above:                         16 (          16)
    fixed:                                            0 (           0)
    free:                                             0 (           0)
Number of constraints:                                1 (           1)
    linear equalities:                                0 (           0)
    quadratic equalities:                             0 (           0)
    gen. nonlinear equalities:                        0 (           0)
    linear one-sided inequalities:                    0 (           0)
    quadratic one-sided inequalities:                 0 (           0)
    gen. nonlinear one-sided inequalities:            1 (           1)
    linear two-sided inequalities:                    0 (           0)
    quadratic two-sided inequalities:                 0 (           0)
    gen. nonlinear two-sided inequalities:            0 (           0)
Number of nonzeros in Jacobian:                      16 (          16)
Number of nonzeros in Hessian:                        0 (         136)

Knitro using the Interior-Point/Barrier Direct algorithm.

  Iter      Objective      FeasError   OptError    ||Step||    CGits 
--------  --------------  ----------  ----------  ----------  -------
       0    9.609650e-01   0.000e+00
WARNING:  Option 'mip_integral_gap_abs' deprecated, please use 'mip_opt_gap_abs'.
WARNING:  Option 'mip_integral_gap_rel' deprecated, please use 'mip_opt_gap_rel'.
WARNING:  Option 'mip_integral_gap_abs' deprecated, please use 'mip_opt_gap_abs'.
WARNING:  Option 'mip_integral_gap_rel' deprecated, please use 'mip_opt_gap_rel'.
WARNING:  Option 'mip_integral_gap_abs' deprecated, please use 'mip_opt_gap_abs'.
WARNING:  Option 'mip_integral_gap_rel' deprecated, please use 'mip_opt_gap_rel'.
WARNING:  Option 'mip_integral_gap_abs' deprecated, please use 'mip_opt_gap_abs'.
WARNING:  Option 'mip_integral_gap_rel' deprecated, please use 'mip_opt_gap_rel'.
       1    9.340507e-01   0.000e+00   3.234e-01   2.699e-02        0
WARNING:  Option 'mip_integral_gap_abs' deprecated, please use 'mip_opt_gap_abs'.
WARNING:  Option 'mip_integral_gap_rel' deprecated, please use 'mip_opt_gap_rel'.
WARNING:  Option 'mip_integral_gap_abs' deprecated, please use 'mip_opt_gap_abs'.
WARNING:  Option 'mip_integral_gap_rel' deprecated, please use 'mip_opt_gap_rel'.
WARNING:  Option 'mip_integral_gap_abs' deprecated, please use 'mip_opt_gap_abs'.
WARNING:  Option 'mip_integral_gap_rel' deprecated, please use 'mip_opt_gap_rel'.
       2    9.244757e-01   0.000e+00   2.160e-01   1.177e-01        0
WARNING:  Option 'mip_integral_gap_abs' deprecated, please use 'mip_opt_gap_abs'.
WARNING:  Option 'mip_integral_gap_rel' deprecated, please use 'mip_opt_gap_rel'.
WARNING:  Option 'mip_integral_gap_abs' deprecated, please use 'mip_opt_gap_abs'.
WARNING:  Option 'mip_integral_gap_rel' deprecated, please use 'mip_opt_gap_rel'.
       3    9.212004e-01   0.000e+00   3.892e-02   2.160e-02        0
WARNING:  Option 'mip_integral_gap_abs' deprecated, please use 'mip_opt_gap_abs'.
WARNING:  Option 'mip_integral_gap_rel' deprecated, please use 'mip_opt_gap_rel'.
WARNING:  Option 'mip_integral_gap_abs' deprecated, please use 'mip_opt_gap_abs'.
WARNING:  Option 'mip_integral_gap_rel' deprecated, please use 'mip_opt_gap_rel'.
WARNING:  Option 'mip_integral_gap_abs' deprecated, please use 'mip_opt_gap_abs'.
WARNING:  Option 'mip_integral_gap_rel' deprecated, please use 'mip_opt_gap_rel'.
       4    9.118791e-01   0.000e+00   1.947e-02   6.755e-02        0
WARNING:  Option 'mip_integral_gap_abs' deprecated, please use 'mip_opt_gap_abs'.
WARNING:  Option 'mip_integral_gap_rel' deprecated, please use 'mip_opt_gap_rel'.
WARNING:  Option 'mip_integral_gap_abs' deprecated, please use 'mip_opt_gap_abs'.
WARNING:  Option 'mip_integral_gap_rel' deprecated, please use 'mip_opt_gap_rel'.
WARNING:  Option 'mip_integral_gap_abs' deprecated, please use 'mip_opt_gap_abs'.
WARNING:  Option 'mip_integral_gap_rel' deprecated, please use 'mip_opt_gap_rel'.
       5    9.115179e-01   0.000e+00   1.898e-02   1.869e-02        0
WARNING:  Option 'mip_integral_gap_abs' deprecated, please use 'mip_opt_gap_abs'.
WARNING:  Option 'mip_integral_gap_rel' deprecated, please use 'mip_opt_gap_rel'.
WARNING:  Option 'mip_integral_gap_abs' deprecated, please use 'mip_opt_gap_abs'.
WARNING:  Option 'mip_integral_gap_rel' deprecated, please use 'mip_opt_gap_rel'.
WARNING:  Option 'mip_integral_gap_abs' deprecated, please use 'mip_opt_gap_abs'.
WARNING:  Option 'mip_integral_gap_rel' deprecated, please use 'mip_opt_gap_rel'.
WARNING:  Option 'mip_integral_gap_abs' deprecated, please use 'mip_opt_gap_abs'.
WARNING:  Option 'mip_integral_gap_rel' deprecated, please use 'mip_opt_gap_rel'.
WARNING:  Option 'mip_integral_gap_abs' deprecated, please use 'mip_opt_gap_abs'.
WARNING:  Option 'mip_integral_gap_rel' deprecated, please use 'mip_opt_gap_rel'.
WARNING:  Option 'mip_integral_gap_abs' deprecated, please use 'mip_opt_gap_abs'.
WARNING:  Option 'mip_integral_gap_rel' deprecated, please use 'mip_opt_gap_rel'.
WARNING:  Option 'mip_integral_gap_abs' deprecated, please use 'mip_opt_gap_abs'.
WARNING:  Option 'mip_integral_gap_rel' deprecated, please use 'mip_opt_gap_rel'.
WARNING:  Option 'mip_integral_gap_abs' deprecated, please use 'mip_opt_gap_abs'.
WARNING:  Option 'mip_integral_gap_rel' deprecated, please use 'mip_opt_gap_rel'.
       6    9.111400e-01   0.000e+00   1.870e-02   2.102e-02        1
WARNING:  Option 'mip_integral_gap_abs' deprecated, please use 'mip_opt_gap_abs'.
WARNING:  Option 'mip_integral_gap_rel' deprecated, please use 'mip_opt_gap_rel'.
WARNING:  Option 'mip_integral_gap_abs' deprecated, please use 'mip_opt_gap_abs'.
WARNING:  Option 'mip_integral_gap_rel' deprecated, please use 'mip_opt_gap_rel'.
WARNING:  Option 'mip_integral_gap_abs' deprecated, please use 'mip_opt_gap_abs'.
WARNING:  Option 'mip_integral_gap_rel' deprecated, please use 'mip_opt_gap_rel'.
WARNING:  Option 'mip_integral_gap_abs' deprecated, please use 'mip_opt_gap_abs'.
WARNING:  Option 'mip_integral_gap_rel' deprecated, please use 'mip_opt_gap_rel'.
WARNING:  Option 'mip_integral_gap_abs' deprecated, please use 'mip_opt_gap_abs'.
WARNING:  Option 'mip_integral_gap_rel' deprecated, please use 'mip_opt_gap_rel'.
WARNING:  Option 'mip_integral_gap_abs' deprecated, please use 'mip_opt_gap_abs'.
WARNING:  Option 'mip_integral_gap_rel' deprecated, please use 'mip_opt_gap_rel'.
WARNING:  Option 'mip_integral_gap_abs' deprecated, please use 'mip_opt_gap_abs'.
WARNING:  Option 'mip_integral_gap_rel' deprecated, please use 'mip_opt_gap_rel'.
WARNING:  Option 'mip_integral_gap_abs' deprecated, please use 'mip_opt_gap_abs'.
WARNING:  Option 'mip_integral_gap_rel' deprecated, please use 'mip_opt_gap_rel'.
       7    9.075068e-01   1.774e-04   1.261e-02   2.015e-01        4
WARNING:  Option 'mip_integral_gap_abs' deprecated, please use 'mip_opt_gap_abs'.
WARNING:  Option 'mip_integral_gap_rel' deprecated, please use 'mip_opt_gap_rel'.
WARNING:  Option 'mip_integral_gap_abs' deprecated, please use 'mip_opt_gap_abs'.
WARNING:  Option 'mip_integral_gap_rel' deprecated, please use 'mip_opt_gap_rel'.
WARNING:  Option 'mip_integral_gap_abs' deprecated, please use 'mip_opt_gap_abs'.
WARNING:  Option 'mip_integral_gap_rel' deprecated, please use 'mip_opt_gap_rel'.
WARNING:  Option 'mip_integral_gap_abs' deprecated, please use 'mip_opt_gap_abs'.
WARNING:  Option 'mip_integral_gap_rel' deprecated, please use 'mip_opt_gap_rel'.
WARNING:  Option 'mip_integral_gap_abs' deprecated, please use 'mip_opt_gap_abs'.
WARNING:  Option 'mip_integral_gap_rel' deprecated, please use 'mip_opt_gap_rel'.
WARNING:  Option 'mip_integral_gap_abs' deprecated, please use 'mip_opt_gap_abs'.
WARNING:  Option 'mip_integral_gap_rel' deprecated, please use 'mip_opt_gap_rel'.
       8    9.057684e-01   4.339e-02   9.866e-03   1.336e-01        1
WARNING:  Option 'mip_integral_gap_abs' deprecated, please use 'mip_opt_gap_abs'.
WARNING:  Option 'mip_integral_gap_rel' deprecated, please use 'mip_opt_gap_rel'.
WARNING:  Option 'mip_integral_gap_abs' deprecated, please use 'mip_opt_gap_abs'.
WARNING:  Option 'mip_integral_gap_rel' deprecated, please use 'mip_opt_gap_rel'.
       9    8.956206e-01   2.728e-01   7.429e-03   6.968e-01        0
WARNING:  Option 'mip_integral_gap_abs' deprecated, please use 'mip_opt_gap_abs'.
WARNING:  Option 'mip_integral_gap_rel' deprecated, please use 'mip_opt_gap_rel'.
WARNING:  Option 'mip_integral_gap_abs' deprecated, please use 'mip_opt_gap_abs'.
WARNING:  Option 'mip_integral_gap_rel' deprecated, please use 'mip_opt_gap_rel'.
WARNING:  Option 'mip_integral_gap_abs' deprecated, please use 'mip_opt_gap_abs'.
WARNING:  Option 'mip_integral_gap_rel' deprecated, please use 'mip_opt_gap_rel'.
WARNING:  Option 'mip_integral_gap_abs' deprecated, please use 'mip_opt_gap_abs'.
WARNING:  Option 'mip_integral_gap_rel' deprecated, please use 'mip_opt_gap_rel'.
WARNING:  Option 'mip_integral_gap_abs' deprecated, please use 'mip_opt_gap_abs'.
WARNING:  Option 'mip_integral_gap_rel' deprecated, please use 'mip_opt_gap_rel'.
WARNING:  Option 'mip_integral_gap_abs' deprecated, please use 'mip_opt_gap_abs'.
WARNING:  Option 'mip_integral_gap_rel' deprecated, please use 'mip_opt_gap_rel'.
WARNING:  Option 'mip_integral_gap_abs' deprecated, please use 'mip_opt_gap_abs'.
WARNING:  Option 'mip_integral_gap_rel' deprecated, please use 'mip_opt_gap_rel'.
WARNING:  Option 'mip_integral_gap_abs' deprecated, please use 'mip_opt_gap_abs'.
WARNING:  Option 'mip_integral_gap_rel' deprecated, please use 'mip_opt_gap_rel'.
WARNING:  Option 'mip_integral_gap_abs' deprecated, please use 'mip_opt_gap_abs'.
WARNING:  Option 'mip_integral_gap_rel' deprecated, please use 'mip_opt_gap_rel'.
      10    8.997851e-01   2.193e-01   5.164e-02   3.241e-01        1
WARNING:  Option 'mip_integral_gap_abs' deprecated, please use 'mip_opt_gap_abs'.
WARNING:  Option 'mip_integral_gap_rel' deprecated, please use 'mip_opt_gap_rel'.
WARNING:  Option 'mip_integral_gap_abs' deprecated, please use 'mip_opt_gap_abs'.
WARNING:  Option 'mip_integral_gap_rel' deprecated, please use 'mip_opt_gap_rel'.
WARNING:  Option 'mip_integral_gap_abs' deprecated, please use 'mip_opt_gap_abs'.
WARNING:  Option 'mip_integral_gap_rel' deprecated, please use 'mip_opt_gap_rel'.
WARNING:  Option 'mip_integral_gap_abs' deprecated, please use 'mip_opt_gap_abs'.
WARNING:  Option 'mip_integral_gap_rel' deprecated, please use 'mip_opt_gap_rel'.
      11    8.979787e-01   2.574e-01   2.235e-02   3.278e-01        0
WARNING:  Option 'mip_integral_gap_abs' deprecated, please use 'mip_opt_gap_abs'.
WARNING:  Option 'mip_integral_gap_rel' deprecated, please use 'mip_opt_gap_rel'.
WARNING:  Option 'mip_integral_gap_abs' deprecated, please use 'mip_opt_gap_abs'.
WARNING:  Option 'mip_integral_gap_rel' deprecated, please use 'mip_opt_gap_rel'.
WARNING:  Option 'mip_integral_gap_abs' deprecated, please use 'mip_opt_gap_abs'.
WARNING:  Option 'mip_integral_gap_rel' deprecated, please use 'mip_opt_gap_rel'.
WARNING:  Option 'mip_integral_gap_abs' deprecated, please use 'mip_opt_gap_abs'.
WARNING:  Option 'mip_integral_gap_rel' deprecated, please use 'mip_opt_gap_rel'.
WARNING:  Option 'mip_integral_gap_abs' deprecated, please use 'mip_opt_gap_abs'.
WARNING:  Option 'mip_integral_gap_rel' deprecated, please use 'mip_opt_gap_rel'.
      12    8.982052e-01   2.639e-01   2.295e-02   4.231e-02        0
WARNING:  Option 'mip_integral_gap_abs' deprecated, please use 'mip_opt_gap_abs'.
WARNING:  Option 'mip_integral_gap_rel' deprecated, please use 'mip_opt_gap_rel'.
WARNING:  Option 'mip_integral_gap_abs' deprecated, please use 'mip_opt_gap_abs'.
WARNING:  Option 'mip_integral_gap_rel' deprecated, please use 'mip_opt_gap_rel'.
      13    9.011371e-01   2.199e-01   1.011e-01   1.778e-01        0
WARNING:  Option 'mip_integral_gap_abs' deprecated, please use 'mip_opt_gap_abs'.
WARNING:  Option 'mip_integral_gap_rel' deprecated, please use 'mip_opt_gap_rel'.
WARNING:  Option 'mip_integral_gap_abs' deprecated, please use 'mip_opt_gap_abs'.
WARNING:  Option 'mip_integral_gap_rel' deprecated, please use 'mip_opt_gap_rel'.
      14    9.052696e-01   1.386e-01   3.927e-02   7.661e-02        0
WARNING:  Option 'mip_integral_gap_abs' deprecated, please use 'mip_opt_gap_abs'.
WARNING:  Option 'mip_integral_gap_rel' deprecated, please use 'mip_opt_gap_rel'.
WARNING:  Option 'mip_integral_gap_abs' deprecated, please use 'mip_opt_gap_abs'.
WARNING:  Option 'mip_integral_gap_rel' deprecated, please use 'mip_opt_gap_rel'.
      15    9.099832e-01   4.784e-02   4.567e-02   6.444e-02        0
WARNING:  Option 'mip_integral_gap_abs' deprecated, please use 'mip_opt_gap_abs'.
WARNING:  Option 'mip_integral_gap_rel' deprecated, please use 'mip_opt_gap_rel'.
WARNING:  Option 'mip_integral_gap_abs' deprecated, please use 'mip_opt_gap_abs'.
WARNING:  Option 'mip_integral_gap_rel' deprecated, please use 'mip_opt_gap_rel'.
WARNING:  Option 'mip_integral_gap_abs' deprecated, please use 'mip_opt_gap_abs'.
WARNING:  Option 'mip_integral_gap_rel' deprecated, please use 'mip_opt_gap_rel'.
WARNING:  Option 'mip_integral_gap_abs' deprecated, please use 'mip_opt_gap_abs'.
WARNING:  Option 'mip_integral_gap_rel' deprecated, please use 'mip_opt_gap_rel'.
WARNING:  Option 'mip_integral_gap_abs' deprecated, please use 'mip_opt_gap_abs'.
WARNING:  Option 'mip_integral_gap_rel' deprecated, please use 'mip_opt_gap_rel'.
WARNING:  Option 'mip_integral_gap_abs' deprecated, please use 'mip_opt_gap_abs'.
WARNING:  Option 'mip_integral_gap_rel' deprecated, please use 'mip_opt_gap_rel'.
      16    9.032288e-01   1.345e-01   4.739e-02   7.135e-02        8
WARNING:  Option 'mip_integral_gap_abs' deprecated, please use 'mip_opt_gap_abs'.
WARNING:  Option 'mip_integral_gap_rel' deprecated, please use 'mip_opt_gap_rel'.
WARNING:  Option 'mip_integral_gap_abs' deprecated, please use 'mip_opt_gap_abs'.
WARNING:  Option 'mip_integral_gap_rel' deprecated, please use 'mip_opt_gap_rel'.
WARNING:  Option 'mip_integral_gap_abs' deprecated, please use 'mip_opt_gap_abs'.
WARNING:  Option 'mip_integral_gap_rel' deprecated, please use 'mip_opt_gap_rel'.
WARNING:  Option 'mip_integral_gap_abs' deprecated, please use 'mip_opt_gap_abs'.
WARNING:  Option 'mip_integral_gap_rel' deprecated, please use 'mip_opt_gap_rel'.
WARNING:  Option 'mip_integral_gap_abs' deprecated, please use 'mip_opt_gap_abs'.
WARNING:  Option 'mip_integral_gap_rel' deprecated, please use 'mip_opt_gap_rel'.
WARNING:  Option 'mip_integral_gap_abs' deprecated, please use 'mip_opt_gap_abs'.
WARNING:  Option 'mip_integral_gap_rel' deprecated, please use 'mip_opt_gap_rel'.
      17    9.011123e-01   1.691e-01   4.327e-02   1.006e-01        0
WARNING:  Option 'mip_integral_gap_abs' deprecated, please use 'mip_opt_gap_abs'.
WARNING:  Option 'mip_integral_gap_rel' deprecated, please use 'mip_opt_gap_rel'.
WARNING:  Option 'mip_integral_gap_abs' deprecated, please use 'mip_opt_gap_abs'.
WARNING:  Option 'mip_integral_gap_rel' deprecated, please use 'mip_opt_gap_rel'.
      18    9.014862e-01   5.620e-02   2.829e-02   1.325e-01        0
WARNING:  Option 'mip_integral_gap_abs' deprecated, please use 'mip_opt_gap_abs'.
WARNING:  Option 'mip_integral_gap_rel' deprecated, please use 'mip_opt_gap_rel'.
WARNING:  Option 'mip_integral_gap_abs' deprecated, please use 'mip_opt_gap_abs'.
WARNING:  Option 'mip_integral_gap_rel' deprecated, please use 'mip_opt_gap_rel'.
      19    9.020012e-01   1.765e-02   2.328e-02   5.102e-02        0
WARNING:  Option 'mip_integral_gap_abs' deprecated, please use 'mip_opt_gap_abs'.
WARNING:  Option 'mip_integral_gap_rel' deprecated, please use 'mip_opt_gap_rel'.
WARNING:  Option 'mip_integral_gap_abs' deprecated, please use 'mip_opt_gap_abs'.
WARNING:  Option 'mip_integral_gap_rel' deprecated, please use 'mip_opt_gap_rel'.
      20    9.022779e-01   3.817e-03   2.393e-02   1.902e-02        0
WARNING:  Option 'mip_integral_gap_abs' deprecated, please use 'mip_opt_gap_abs'.
WARNING:  Option 'mip_integral_gap_rel' deprecated, please use 'mip_opt_gap_rel'.
WARNING:  Option 'mip_integral_gap_abs' deprecated, please use 'mip_opt_gap_abs'.
WARNING:  Option 'mip_integral_gap_rel' deprecated, please use 'mip_opt_gap_rel'.
      21    9.020527e-01   0.000e+00   2.348e-02   2.778e-02        0
WARNING:  Option 'mip_integral_gap_abs' deprecated, please use 'mip_opt_gap_abs'.
WARNING:  Option 'mip_integral_gap_rel' deprecated, please use 'mip_opt_gap_rel'.
WARNING:  Option 'mip_integral_gap_abs' deprecated, please use 'mip_opt_gap_abs'.
WARNING:  Option 'mip_integral_gap_rel' deprecated, please use 'mip_opt_gap_rel'.
      22    8.976837e-01   0.000e+00   2.730e-02   5.831e-01        0
WARNING:  Option 'mip_integral_gap_abs' deprecated, please use 'mip_opt_gap_abs'.
WARNING:  Option 'mip_integral_gap_rel' deprecated, please use 'mip_opt_gap_rel'.
WARNING:  Option 'mip_integral_gap_abs' deprecated, please use 'mip_opt_gap_abs'.
WARNING:  Option 'mip_integral_gap_rel' deprecated, please use 'mip_opt_gap_rel'.
WARNING:  Option 'mip_integral_gap_abs' deprecated, please use 'mip_opt_gap_abs'.
WARNING:  Option 'mip_integral_gap_rel' deprecated, please use 'mip_opt_gap_rel'.
      23    8.975873e-01   0.000e+00   2.742e-02   1.410e-01        0
WARNING:  Option 'mip_integral_gap_abs' deprecated, please use 'mip_opt_gap_abs'.
WARNING:  Option 'mip_integral_gap_rel' deprecated, please use 'mip_opt_gap_rel'.
WARNING:  Option 'mip_integral_gap_abs' deprecated, please use 'mip_opt_gap_abs'.
WARNING:  Option 'mip_integral_gap_rel' deprecated, please use 'mip_opt_gap_rel'.
WARNING:  Option 'mip_integral_gap_abs' deprecated, please use 'mip_opt_gap_abs'.
WARNING:  Option 'mip_integral_gap_rel' deprecated, please use 'mip_opt_gap_rel'.
WARNING:  Option 'mip_integral_gap_abs' deprecated, please use 'mip_opt_gap_abs'.
WARNING:  Option 'mip_integral_gap_rel' deprecated, please use 'mip_opt_gap_rel'.
WARNING:  Option 'mip_integral_gap_abs' deprecated, please use 'mip_opt_gap_abs'.
WARNING:  Option 'mip_integral_gap_rel' deprecated, please use 'mip_opt_gap_rel'.
      24    8.969214e-01   0.000e+00   2.684e-02   2.399e-02        0
WARNING:  Option 'mip_integral_gap_abs' deprecated, please use 'mip_opt_gap_abs'.
WARNING:  Option 'mip_integral_gap_rel' deprecated, please use 'mip_opt_gap_rel'.
WARNING:  Option 'mip_integral_gap_abs' deprecated, please use 'mip_opt_gap_abs'.
WARNING:  Option 'mip_integral_gap_rel' deprecated, please use 'mip_opt_gap_rel'.
WARNING:  Option 'mip_integral_gap_abs' deprecated, please use 'mip_opt_gap_abs'.
WARNING:  Option 'mip_integral_gap_rel' deprecated, please use 'mip_opt_gap_rel'.
WARNING:  Option 'mip_integral_gap_abs' deprecated, please use 'mip_opt_gap_abs'.
WARNING:  Option 'mip_integral_gap_rel' deprecated, please use 'mip_opt_gap_rel'.
WARNING:  Option 'mip_integral_gap_abs' deprecated, please use 'mip_opt_gap_abs'.
WARNING:  Option 'mip_integral_gap_rel' deprecated, please use 'mip_opt_gap_rel'.
WARNING:  Option 'mip_integral_gap_abs' deprecated, please use 'mip_opt_gap_abs'.
WARNING:  Option 'mip_integral_gap_rel' deprecated, please use 'mip_opt_gap_rel'.
WARNING:  Option 'mip_integral_gap_abs' deprecated, please use 'mip_opt_gap_abs'.
WARNING:  Option 'mip_integral_gap_rel' deprecated, please use 'mip_opt_gap_rel'.
WARNING:  Option 'mip_integral_gap_abs' deprecated, please use 'mip_opt_gap_abs'.
WARNING:  Option 'mip_integral_gap_rel' deprecated, please use 'mip_opt_gap_rel'.
WARNING:  Option 'mip_integral_gap_abs' deprecated, please use 'mip_opt_gap_abs'.
WARNING:  Option 'mip_integral_gap_rel' deprecated, please use 'mip_opt_gap_rel'.
WARNING:  Option 'mip_integral_gap_abs' deprecated, please use 'mip_opt_gap_abs'.
WARNING:  Option 'mip_integral_gap_rel' deprecated, please use 'mip_opt_gap_rel'.
WARNING:  Option 'mip_integral_gap_abs' deprecated, please use 'mip_opt_gap_abs'.
WARNING:  Option 'mip_integral_gap_rel' deprecated, please use 'mip_opt_gap_rel'.
WARNING:  Option 'mip_integral_gap_abs' deprecated, please use 'mip_opt_gap_abs'.
WARNING:  Option 'mip_integral_gap_rel' deprecated, please use 'mip_opt_gap_rel'.
WARNING:  Option 'mip_integral_gap_abs' deprecated, please use 'mip_opt_gap_abs'.
WARNING:  Option 'mip_integral_gap_rel' deprecated, please use 'mip_opt_gap_rel'.
      25    8.966913e-01   0.000e+00   2.690e-02   3.976e-02        1
WARNING:  Option 'mip_integral_gap_abs' deprecated, please use 'mip_opt_gap_abs'.
WARNING:  Option 'mip_integral_gap_rel' deprecated, please use 'mip_opt_gap_rel'.
WARNING:  Option 'mip_integral_gap_abs' deprecated, please use 'mip_opt_gap_abs'.
WARNING:  Option 'mip_integral_gap_rel' deprecated, please use 'mip_opt_gap_rel'.
WARNING:  Option 'mip_integral_gap_abs' deprecated, please use 'mip_opt_gap_abs'.
WARNING:  Option 'mip_integral_gap_rel' deprecated, please use 'mip_opt_gap_rel'.
      26    8.967676e-01   0.000e+00   2.704e-02   2.662e-02        4
WARNING:  Option 'mip_integral_gap_abs' deprecated, please use 'mip_opt_gap_abs'.
WARNING:  Option 'mip_integral_gap_rel' deprecated, please use 'mip_opt_gap_rel'.
WARNING:  Option 'mip_integral_gap_abs' deprecated, please use 'mip_opt_gap_abs'.
WARNING:  Option 'mip_integral_gap_rel' deprecated, please use 'mip_opt_gap_rel'.
WARNING:  Option 'mip_integral_gap_abs' deprecated, please use 'mip_opt_gap_abs'.
WARNING:  Option 'mip_integral_gap_rel' deprecated, please use 'mip_opt_gap_rel'.
      27    8.962733e-01   8.023e-04   1.435e-02   6.935e-03        0
WARNING:  Option 'mip_integral_gap_abs' deprecated, please use 'mip_opt_gap_abs'.
WARNING:  Option 'mip_integral_gap_rel' deprecated, please use 'mip_opt_gap_rel'.
WARNING:  Option 'mip_integral_gap_abs' deprecated, please use 'mip_opt_gap_abs'.
WARNING:  Option 'mip_integral_gap_rel' deprecated, please use 'mip_opt_gap_rel'.
WARNING:  Option 'mip_integral_gap_abs' deprecated, please use 'mip_opt_gap_abs'.
WARNING:  Option 'mip_integral_gap_rel' deprecated, please use 'mip_opt_gap_rel'.
WARNING:  Option 'mip_integral_gap_abs' deprecated, please use 'mip_opt_gap_abs'.
WARNING:  Option 'mip_integral_gap_rel' deprecated, please use 'mip_opt_gap_rel'.
      28    8.960665e-01   2.725e-03   1.200e-02   5.757e-03        0
WARNING:  Option 'mip_integral_gap_abs' deprecated, please use 'mip_opt_gap_abs'.
WARNING:  Option 'mip_integral_gap_rel' deprecated, please use 'mip_opt_gap_rel'.
WARNING:  Option 'mip_integral_gap_abs' deprecated, please use 'mip_opt_gap_abs'.
WARNING:  Option 'mip_integral_gap_rel' deprecated, please use 'mip_opt_gap_rel'.
WARNING:  Option 'mip_integral_gap_abs' deprecated, please use 'mip_opt_gap_abs'.
WARNING:  Option 'mip_integral_gap_rel' deprecated, please use 'mip_opt_gap_rel'.
WARNING:  Option 'mip_integral_gap_abs' deprecated, please use 'mip_opt_gap_abs'.
WARNING:  Option 'mip_integral_gap_rel' deprecated, please use 'mip_opt_gap_rel'.
WARNING:  Option 'mip_integral_gap_abs' deprecated, please use 'mip_opt_gap_abs'.
WARNING:  Option 'mip_integral_gap_rel' deprecated, please use 'mip_opt_gap_rel'.
WARNING:  Option 'mip_integral_gap_abs' deprecated, please use 'mip_opt_gap_abs'.
WARNING:  Option 'mip_integral_gap_rel' deprecated, please use 'mip_opt_gap_rel'.
WARNING:  Option 'mip_integral_gap_abs' deprecated, please use 'mip_opt_gap_abs'.
WARNING:  Option 'mip_integral_gap_rel' deprecated, please use 'mip_opt_gap_rel'.
WARNING:  Option 'mip_integral_gap_abs' deprecated, please use 'mip_opt_gap_abs'.
WARNING:  Option 'mip_integral_gap_rel' deprecated, please use 'mip_opt_gap_rel'.
WARNING:  Option 'mip_integral_gap_abs' deprecated, please use 'mip_opt_gap_abs'.
WARNING:  Option 'mip_integral_gap_rel' deprecated, please use 'mip_opt_gap_rel'.
WARNING:  Option 'mip_integral_gap_abs' deprecated, please use 'mip_opt_gap_abs'.
WARNING:  Option 'mip_integral_gap_rel' deprecated, please use 'mip_opt_gap_rel'.
      29    8.960765e-01   1.533e-03   5.227e-03   1.006e-02        1
WARNING:  Option 'mip_integral_gap_abs' deprecated, please use 'mip_opt_gap_abs'.
WARNING:  Option 'mip_integral_gap_rel' deprecated, please use 'mip_opt_gap_rel'.
WARNING:  Option 'mip_integral_gap_abs' deprecated, please use 'mip_opt_gap_abs'.
WARNING:  Option 'mip_integral_gap_rel' deprecated, please use 'mip_opt_gap_rel'.
WARNING:  Option 'mip_integral_gap_abs' deprecated, please use 'mip_opt_gap_abs'.
WARNING:  Option 'mip_integral_gap_rel' deprecated, please use 'mip_opt_gap_rel'.
WARNING:  Option 'mip_integral_gap_abs' deprecated, please use 'mip_opt_gap_abs'.
WARNING:  Option 'mip_integral_gap_rel' deprecated, please use 'mip_opt_gap_rel'.
WARNING:  Option 'mip_integral_gap_abs' deprecated, please use 'mip_opt_gap_abs'.
WARNING:  Option 'mip_integral_gap_rel' deprecated, please use 'mip_opt_gap_rel'.
WARNING:  Option 'mip_integral_gap_abs' deprecated, please use 'mip_opt_gap_abs'.
WARNING:  Option 'mip_integral_gap_rel' deprecated, please use 'mip_opt_gap_rel'.
WARNING:  Option 'mip_integral_gap_abs' deprecated, please use 'mip_opt_gap_abs'.
WARNING:  Option 'mip_integral_gap_rel' deprecated, please use 'mip_opt_gap_rel'.
WARNING:  Option 'mip_integral_gap_abs' deprecated, please use 'mip_opt_gap_abs'.
WARNING:  Option 'mip_integral_gap_rel' deprecated, please use 'mip_opt_gap_rel'.
WARNING:  Option 'mip_integral_gap_abs' deprecated, please use 'mip_opt_gap_abs'.
WARNING:  Option 'mip_integral_gap_rel' deprecated, please use 'mip_opt_gap_rel'.
WARNING:  Option 'mip_integral_gap_abs' deprecated, please use 'mip_opt_gap_abs'.
WARNING:  Option 'mip_integral_gap_rel' deprecated, please use 'mip_opt_gap_rel'.
WARNING:  Option 'mip_integral_gap_abs' deprecated, please use 'mip_opt_gap_abs'.
WARNING:  Option 'mip_integral_gap_rel' deprecated, please use 'mip_opt_gap_rel'.
WARNING:  Option 'mip_integral_gap_abs' deprecated, please use 'mip_opt_gap_abs'.
WARNING:  Option 'mip_integral_gap_rel' deprecated, please use 'mip_opt_gap_rel'.
WARNING:  Option 'mip_integral_gap_abs' deprecated, please use 'mip_opt_gap_abs'.
WARNING:  Option 'mip_integral_gap_rel' deprecated, please use 'mip_opt_gap_rel'.
      30    8.962221e-01   9.997e-04   5.917e-03   1.722e-02        1
WARNING:  Option 'mip_integral_gap_abs' deprecated, please use 'mip_opt_gap_abs'.
WARNING:  Option 'mip_integral_gap_rel' deprecated, please use 'mip_opt_gap_rel'.
WARNING:  Option 'mip_integral_gap_abs' deprecated, please use 'mip_opt_gap_abs'.
WARNING:  Option 'mip_integral_gap_rel' deprecated, please use 'mip_opt_gap_rel'.
WARNING:  Option 'mip_integral_gap_abs' deprecated, please use 'mip_opt_gap_abs'.
WARNING:  Option 'mip_integral_gap_rel' deprecated, please use 'mip_opt_gap_rel'.
WARNING:  Option 'mip_integral_gap_abs' deprecated, please use 'mip_opt_gap_abs'.
WARNING:  Option 'mip_integral_gap_rel' deprecated, please use 'mip_opt_gap_rel'.
WARNING:  Option 'mip_integral_gap_abs' deprecated, please use 'mip_opt_gap_abs'.
WARNING:  Option 'mip_integral_gap_rel' deprecated, please use 'mip_opt_gap_rel'.
WARNING:  Option 'mip_integral_gap_abs' deprecated, please use 'mip_opt_gap_abs'.
WARNING:  Option 'mip_integral_gap_rel' deprecated, please use 'mip_opt_gap_rel'.
WARNING:  Option 'mip_integral_gap_abs' deprecated, please use 'mip_opt_gap_abs'.
WARNING:  Option 'mip_integral_gap_rel' deprecated, please use 'mip_opt_gap_rel'.
WARNING:  Option 'mip_integral_gap_abs' deprecated, please use 'mip_opt_gap_abs'.
WARNING:  Option 'mip_integral_gap_rel' deprecated, please use 'mip_opt_gap_rel'.
      31    8.961663e-01   0.000e+00   6.097e-03   1.483e-02        1
WARNING:  Option 'mip_integral_gap_abs' deprecated, please use 'mip_opt_gap_abs'.
WARNING:  Option 'mip_integral_gap_rel' deprecated, please use 'mip_opt_gap_rel'.
WARNING:  Option 'mip_integral_gap_abs' deprecated, please use 'mip_opt_gap_abs'.
WARNING:  Option 'mip_integral_gap_rel' deprecated, please use 'mip_opt_gap_rel'.
WARNING:  Option 'mip_integral_gap_abs' deprecated, please use 'mip_opt_gap_abs'.
WARNING:  Option 'mip_integral_gap_rel' deprecated, please use 'mip_opt_gap_rel'.
WARNING:  Option 'mip_integral_gap_abs' deprecated, please use 'mip_opt_gap_abs'.
WARNING:  Option 'mip_integral_gap_rel' deprecated, please use 'mip_opt_gap_rel'.
WARNING:  Option 'mip_integral_gap_abs' deprecated, please use 'mip_opt_gap_abs'.
WARNING:  Option 'mip_integral_gap_rel' deprecated, please use 'mip_opt_gap_rel'.
WARNING:  Option 'mip_integral_gap_abs' deprecated, please use 'mip_opt_gap_abs'.
WARNING:  Option 'mip_integral_gap_rel' deprecated, please use 'mip_opt_gap_rel'.
WARNING:  Option 'mip_integral_gap_abs' deprecated, please use 'mip_opt_gap_abs'.
WARNING:  Option 'mip_integral_gap_rel' deprecated, please use 'mip_opt_gap_rel'.
WARNING:  Option 'mip_integral_gap_abs' deprecated, please use 'mip_opt_gap_abs'.
WARNING:  Option 'mip_integral_gap_rel' deprecated, please use 'mip_opt_gap_rel'.
      32    8.961655e-01   0.000e+00   6.350e-03   1.097e-02        1
WARNING:  Option 'mip_integral_gap_abs' deprecated, please use 'mip_opt_gap_abs'.
WARNING:  Option 'mip_integral_gap_rel' deprecated, please use 'mip_opt_gap_rel'.
WARNING:  Option 'mip_integral_gap_abs' deprecated, please use 'mip_opt_gap_abs'.
WARNING:  Option 'mip_integral_gap_rel' deprecated, please use 'mip_opt_gap_rel'.
      33    8.961401e-01   2.932e-07   4.739e-03   1.495e-03        0
WARNING:  Option 'mip_integral_gap_abs' deprecated, please use 'mip_opt_gap_abs'.
WARNING:  Option 'mip_integral_gap_rel' deprecated, please use 'mip_opt_gap_rel'.
WARNING:  Option 'mip_integral_gap_abs' deprecated, please use 'mip_opt_gap_abs'.
WARNING:  Option 'mip_integral_gap_rel' deprecated, please use 'mip_opt_gap_rel'.
      34    8.960978e-01   1.713e-03   2.115e-02   3.493e-03        0
WARNING:  Option 'mip_integral_gap_abs' deprecated, please use 'mip_opt_gap_abs'.
WARNING:  Option 'mip_integral_gap_rel' deprecated, please use 'mip_opt_gap_rel'.
WARNING:  Option 'mip_integral_gap_abs' deprecated, please use 'mip_opt_gap_abs'.
WARNING:  Option 'mip_integral_gap_rel' deprecated, please use 'mip_opt_gap_rel'.
      35    8.960301e-01   4.368e-03   3.990e-03   8.288e-03        0
WARNING:  Option 'mip_integral_gap_abs' deprecated, please use 'mip_opt_gap_abs'.
WARNING:  Option 'mip_integral_gap_rel' deprecated, please use 'mip_opt_gap_rel'.
WARNING:  Option 'mip_integral_gap_abs' deprecated, please use 'mip_opt_gap_abs'.
WARNING:  Option 'mip_integral_gap_rel' deprecated, please use 'mip_opt_gap_rel'.
      36    8.957970e-01   2.274e-02   7.858e-03   3.045e-02        0
WARNING:  Option 'mip_integral_gap_abs' deprecated, please use 'mip_opt_gap_abs'.
WARNING:  Option 'mip_integral_gap_rel' deprecated, please use 'mip_opt_gap_rel'.
WARNING:  Option 'mip_integral_gap_abs' deprecated, please use 'mip_opt_gap_abs'.
WARNING:  Option 'mip_integral_gap_rel' deprecated, please use 'mip_opt_gap_rel'.
      37    8.957419e-01   3.603e-02   7.423e-03   5.444e-02        0
WARNING:  Option 'mip_integral_gap_abs' deprecated, please use 'mip_opt_gap_abs'.
WARNING:  Option 'mip_integral_gap_rel' deprecated, please use 'mip_opt_gap_rel'.
WARNING:  Option 'mip_integral_gap_abs' deprecated, please use 'mip_opt_gap_abs'.
WARNING:  Option 'mip_integral_gap_rel' deprecated, please use 'mip_opt_gap_rel'.
      38    8.951170e-01   8.377e-02   3.524e-02   1.389e-01        0
WARNING:  Option 'mip_integral_gap_abs' deprecated, please use 'mip_opt_gap_abs'.
WARNING:  Option 'mip_integral_gap_rel' deprecated, please use 'mip_opt_gap_rel'.
WARNING:  Option 'mip_integral_gap_abs' deprecated, please use 'mip_opt_gap_abs'.
WARNING:  Option 'mip_integral_gap_rel' deprecated, please use 'mip_opt_gap_rel'.
      39    8.976236e-01   1.290e-02   1.647e-02   1.461e-02        0
WARNING:  Option 'mip_integral_gap_abs' deprecated, please use 'mip_opt_gap_abs'.
WARNING:  Option 'mip_integral_gap_rel' deprecated, please use 'mip_opt_gap_rel'.
WARNING:  Option 'mip_integral_gap_abs' deprecated, please use 'mip_opt_gap_abs'.
WARNING:  Option 'mip_integral_gap_rel' deprecated, please use 'mip_opt_gap_rel'.
      40    8.980595e-01   1.520e-03   1.279e-02   2.596e-03        0
WARNING:  Option 'mip_integral_gap_abs' deprecated, please use 'mip_opt_gap_abs'.
WARNING:  Option 'mip_integral_gap_rel' deprecated, please use 'mip_opt_gap_rel'.
WARNING:  Option 'mip_integral_gap_abs' deprecated, please use 'mip_opt_gap_abs'.
WARNING:  Option 'mip_integral_gap_rel' deprecated, please use 'mip_opt_gap_rel'.
      41    8.980421e-01   4.491e-03   1.229e-02   4.585e-03        0
WARNING:  Option 'mip_integral_gap_abs' deprecated, please use 'mip_opt_gap_abs'.
WARNING:  Option 'mip_integral_gap_rel' deprecated, please use 'mip_opt_gap_rel'.
WARNING:  Option 'mip_integral_gap_abs' deprecated, please use 'mip_opt_gap_abs'.
WARNING:  Option 'mip_integral_gap_rel' deprecated, please use 'mip_opt_gap_rel'.
      42    8.981800e-01   1.867e-03   1.277e-02   1.872e-03        0
WARNING:  Option 'mip_integral_gap_abs' deprecated, please use 'mip_opt_gap_abs'.
WARNING:  Option 'mip_integral_gap_rel' deprecated, please use 'mip_opt_gap_rel'.
WARNING:  Option 'mip_integral_gap_abs' deprecated, please use 'mip_opt_gap_abs'.
WARNING:  Option 'mip_integral_gap_rel' deprecated, please use 'mip_opt_gap_rel'.
WARNING:  Option 'mip_integral_gap_abs' deprecated, please use 'mip_opt_gap_abs'.
WARNING:  Option 'mip_integral_gap_rel' deprecated, please use 'mip_opt_gap_rel'.
WARNING:  Option 'mip_integral_gap_abs' deprecated, please use 'mip_opt_gap_abs'.
WARNING:  Option 'mip_integral_gap_rel' deprecated, please use 'mip_opt_gap_rel'.
WARNING:  Option 'mip_integral_gap_abs' deprecated, please use 'mip_opt_gap_abs'.
WARNING:  Option 'mip_integral_gap_rel' deprecated, please use 'mip_opt_gap_rel'.
      43    8.981808e-01   1.635e-03   1.251e-02   5.054e-04        0
WARNING:  Option 'mip_integral_gap_abs' deprecated, please use 'mip_opt_gap_abs'.
WARNING:  Option 'mip_integral_gap_rel' deprecated, please use 'mip_opt_gap_rel'.
WARNING:  Option 'mip_integral_gap_abs' deprecated, please use 'mip_opt_gap_abs'.
WARNING:  Option 'mip_integral_gap_rel' deprecated, please use 'mip_opt_gap_rel'.
      44    8.981085e-01   6.448e-03   1.039e-02   8.761e-03        0
WARNING:  Option 'mip_integral_gap_abs' deprecated, please use 'mip_opt_gap_abs'.
WARNING:  Option 'mip_integral_gap_rel' deprecated, please use 'mip_opt_gap_rel'.
WARNING:  Option 'mip_integral_gap_abs' deprecated, please use 'mip_opt_gap_abs'.
WARNING:  Option 'mip_integral_gap_rel' deprecated, please use 'mip_opt_gap_rel'.
      45    8.983139e-01   1.855e-03   9.740e-03   2.891e-03        0
WARNING:  Option 'mip_integral_gap_abs' deprecated, please use 'mip_opt_gap_abs'.
WARNING:  Option 'mip_integral_gap_rel' deprecated, please use 'mip_opt_gap_rel'.
WARNING:  Option 'mip_integral_gap_abs' deprecated, please use 'mip_opt_gap_abs'.
WARNING:  Option 'mip_integral_gap_rel' deprecated, please use 'mip_opt_gap_rel'.
      46    8.983741e-01   0.000e+00   4.276e-02   8.703e-04        0
WARNING:  Option 'mip_integral_gap_abs' deprecated, please use 'mip_opt_gap_abs'.
WARNING:  Option 'mip_integral_gap_rel' deprecated, please use 'mip_opt_gap_rel'.
WARNING:  Option 'mip_integral_gap_abs' deprecated, please use 'mip_opt_gap_abs'.
WARNING:  Option 'mip_integral_gap_rel' deprecated, please use 'mip_opt_gap_rel'.
      47    8.983322e-01   9.408e-04   9.115e-03   1.452e-03        0
WARNING:  Option 'mip_integral_gap_abs' deprecated, please use 'mip_opt_gap_abs'.
WARNING:  Option 'mip_integral_gap_rel' deprecated, please use 'mip_opt_gap_rel'.
WARNING:  Option 'mip_integral_gap_abs' deprecated, please use 'mip_opt_gap_abs'.
WARNING:  Option 'mip_integral_gap_rel' deprecated, please use 'mip_opt_gap_rel'.
      48    8.983642e-01   0.000e+00   9.045e-03   4.359e-04        0
WARNING:  Option 'mip_integral_gap_abs' deprecated, please use 'mip_opt_gap_abs'.
WARNING:  Option 'mip_integral_gap_rel' deprecated, please use 'mip_opt_gap_rel'.
WARNING:  Option 'mip_integral_gap_abs' deprecated, please use 'mip_opt_gap_abs'.
WARNING:  Option 'mip_integral_gap_rel' deprecated, please use 'mip_opt_gap_rel'.
      49    8.983540e-01   0.000e+00   8.919e-03   2.938e-05        0
WARNING:  Option 'mip_integral_gap_abs' deprecated, please use 'mip_opt_gap_abs'.
WARNING:  Option 'mip_integral_gap_rel' deprecated, please use 'mip_opt_gap_rel'.
WARNING:  Option 'mip_integral_gap_abs' deprecated, please use 'mip_opt_gap_abs'.
WARNING:  Option 'mip_integral_gap_rel' deprecated, please use 'mip_opt_gap_rel'.
      50    8.983537e-01   0.000e+00   8.915e-03   8.339e-06        0
WARNING:  Option 'mip_integral_gap_abs' deprecated, please use 'mip_opt_gap_abs'.
WARNING:  Option 'mip_integral_gap_rel' deprecated, please use 'mip_opt_gap_rel'.
WARNING:  Option 'mip_integral_gap_abs' deprecated, please use 'mip_opt_gap_abs'.
WARNING:  Option 'mip_integral_gap_rel' deprecated, please use 'mip_opt_gap_rel'.
      51    8.983534e-01   0.000e+00   8.907e-03   1.977e-05        0
WARNING:  Option 'mip_integral_gap_abs' deprecated, please use 'mip_opt_gap_abs'.
WARNING:  Option 'mip_integral_gap_rel' deprecated, please use 'mip_opt_gap_rel'.
WARNING:  Option 'mip_integral_gap_abs' deprecated, please use 'mip_opt_gap_abs'.
WARNING:  Option 'mip_integral_gap_rel' deprecated, please use 'mip_opt_gap_rel'.
      52    8.983528e-01   0.000e+00   8.886e-03   4.937e-05        0
WARNING:  Option 'mip_integral_gap_abs' deprecated, please use 'mip_opt_gap_abs'.
WARNING:  Option 'mip_integral_gap_rel' deprecated, please use 'mip_opt_gap_rel'.
WARNING:  Option 'mip_integral_gap_abs' deprecated, please use 'mip_opt_gap_abs'.
WARNING:  Option 'mip_integral_gap_rel' deprecated, please use 'mip_opt_gap_rel'.
      53    8.983513e-01   0.000e+00   8.834e-03   1.230e-04        0
WARNING:  Option 'mip_integral_gap_abs' deprecated, please use 'mip_opt_gap_abs'.
WARNING:  Option 'mip_integral_gap_rel' deprecated, please use 'mip_opt_gap_rel'.
WARNING:  Option 'mip_integral_gap_abs' deprecated, please use 'mip_opt_gap_abs'.
WARNING:  Option 'mip_integral_gap_rel' deprecated, please use 'mip_opt_gap_rel'.
      54    8.983475e-01   1.707e-07   8.706e-03   3.048e-04        0
WARNING:  Option 'mip_integral_gap_abs' deprecated, please use 'mip_opt_gap_abs'.
WARNING:  Option 'mip_integral_gap_rel' deprecated, please use 'mip_opt_gap_rel'.
WARNING:  Option 'mip_integral_gap_abs' deprecated, please use 'mip_opt_gap_abs'.
WARNING:  Option 'mip_integral_gap_rel' deprecated, please use 'mip_opt_gap_rel'.
WARNING:  Option 'mip_integral_gap_abs' deprecated, please use 'mip_opt_gap_abs'.
WARNING:  Option 'mip_integral_gap_rel' deprecated, please use 'mip_opt_gap_rel'.
WARNING:  Option 'mip_integral_gap_abs' deprecated, please use 'mip_opt_gap_abs'.
WARNING:  Option 'mip_integral_gap_rel' deprecated, please use 'mip_opt_gap_rel'.
WARNING:  Option 'mip_integral_gap_abs' deprecated, please use 'mip_opt_gap_abs'.
WARNING:  Option 'mip_integral_gap_rel' deprecated, please use 'mip_opt_gap_rel'.
WARNING:  Option 'mip_integral_gap_abs' deprecated, please use 'mip_opt_gap_abs'.
WARNING:  Option 'mip_integral_gap_rel' deprecated, please use 'mip_opt_gap_rel'.
WARNING:  Option 'mip_integral_gap_abs' deprecated, please use 'mip_opt_gap_abs'.
WARNING:  Option 'mip_integral_gap_rel' deprecated, please use 'mip_opt_gap_rel'.
WARNING:  Option 'mip_integral_gap_abs' deprecated, please use 'mip_opt_gap_abs'.
WARNING:  Option 'mip_integral_gap_rel' deprecated, please use 'mip_opt_gap_rel'.
WARNING:  Option 'mip_integral_gap_abs' deprecated, please use 'mip_opt_gap_abs'.
WARNING:  Option 'mip_integral_gap_rel' deprecated, please use 'mip_opt_gap_rel'.
      55    8.983465e-01   6.612e-06   3.415e-02   8.196e-05        1
WARNING:  Option 'mip_integral_gap_abs' deprecated, please use 'mip_opt_gap_abs'.
WARNING:  Option 'mip_integral_gap_rel' deprecated, please use 'mip_opt_gap_rel'.
WARNING:  Option 'mip_integral_gap_abs' deprecated, please use 'mip_opt_gap_abs'.
WARNING:  Option 'mip_integral_gap_rel' deprecated, please use 'mip_opt_gap_rel'.
      56    8.983290e-01   1.642e-04   8.564e-03   1.678e-03        0
WARNING:  Option 'mip_integral_gap_abs' deprecated, please use 'mip_opt_gap_abs'.
WARNING:  Option 'mip_integral_gap_rel' deprecated, please use 'mip_opt_gap_rel'.
WARNING:  Option 'mip_integral_gap_abs' deprecated, please use 'mip_opt_gap_abs'.
WARNING:  Option 'mip_integral_gap_rel' deprecated, please use 'mip_opt_gap_rel'.
      57    8.983126e-01   1.851e-03   4.878e-02   2.875e-03        0
WARNING:  Option 'mip_integral_gap_abs' deprecated, please use 'mip_opt_gap_abs'.
WARNING:  Option 'mip_integral_gap_rel' deprecated, please use 'mip_opt_gap_rel'.
WARNING:  Option 'mip_integral_gap_abs' deprecated, please use 'mip_opt_gap_abs'.
WARNING:  Option 'mip_integral_gap_rel' deprecated, please use 'mip_opt_gap_rel'.
      58    8.982584e-01   3.631e-03   5.711e-03   7.530e-03        0
WARNING:  Option 'mip_integral_gap_abs' deprecated, please use 'mip_opt_gap_abs'.
WARNING:  Option 'mip_integral_gap_rel' deprecated, please use 'mip_opt_gap_rel'.
WARNING:  Option 'mip_integral_gap_abs' deprecated, please use 'mip_opt_gap_abs'.
WARNING:  Option 'mip_integral_gap_rel' deprecated, please use 'mip_opt_gap_rel'.
WARNING:  Option 'mip_integral_gap_abs' deprecated, please use 'mip_opt_gap_abs'.
WARNING:  Option 'mip_integral_gap_rel' deprecated, please use 'mip_opt_gap_rel'.
WARNING:  Option 'mip_integral_gap_abs' deprecated, please use 'mip_opt_gap_abs'.
WARNING:  Option 'mip_integral_gap_rel' deprecated, please use 'mip_opt_gap_rel'.
WARNING:  Option 'mip_integral_gap_abs' deprecated, please use 'mip_opt_gap_abs'.
WARNING:  Option 'mip_integral_gap_rel' deprecated, please use 'mip_opt_gap_rel'.
      59    8.982621e-01   3.456e-03   5.612e-03   1.999e-03        0
WARNING:  Option 'mip_integral_gap_abs' deprecated, please use 'mip_opt_gap_abs'.
WARNING:  Option 'mip_integral_gap_rel' deprecated, please use 'mip_opt_gap_rel'.
WARNING:  Option 'mip_integral_gap_abs' deprecated, please use 'mip_opt_gap_abs'.
WARNING:  Option 'mip_integral_gap_rel' deprecated, please use 'mip_opt_gap_rel'.
      60    8.983594e-01   2.130e-03   2.765e-01   4.954e-03        0
WARNING:  Option 'mip_integral_gap_abs' deprecated, please use 'mip_opt_gap_abs'.
WARNING:  Option 'mip_integral_gap_rel' deprecated, please use 'mip_opt_gap_rel'.
WARNING:  Option 'mip_integral_gap_abs' deprecated, please use 'mip_opt_gap_abs'.
WARNING:  Option 'mip_integral_gap_rel' deprecated, please use 'mip_opt_gap_rel'.
      61    8.978138e-01   1.599e-02   7.872e-03   1.848e-03        2
WARNING:  Option 'mip_integral_gap_abs' deprecated, please use 'mip_opt_gap_abs'.
WARNING:  Option 'mip_integral_gap_rel' deprecated, please use 'mip_opt_gap_rel'.
WARNING:  Option 'mip_integral_gap_abs' deprecated, please use 'mip_opt_gap_abs'.
WARNING:  Option 'mip_integral_gap_rel' deprecated, please use 'mip_opt_gap_rel'.
WARNING:  Option 'mip_integral_gap_abs' deprecated, please use 'mip_opt_gap_abs'.
WARNING:  Option 'mip_integral_gap_rel' deprecated, please use 'mip_opt_gap_rel'.
WARNING:  Option 'mip_integral_gap_abs' deprecated, please use 'mip_opt_gap_abs'.
WARNING:  Option 'mip_integral_gap_rel' deprecated, please use 'mip_opt_gap_rel'.
WARNING:  Option 'mip_integral_gap_abs' deprecated, please use 'mip_opt_gap_abs'.
WARNING:  Option 'mip_integral_gap_rel' deprecated, please use 'mip_opt_gap_rel'.
WARNING:  Option 'mip_integral_gap_abs' deprecated, please use 'mip_opt_gap_abs'.
WARNING:  Option 'mip_integral_gap_rel' deprecated, please use 'mip_opt_gap_rel'.
WARNING:  Option 'mip_integral_gap_abs' deprecated, please use 'mip_opt_gap_abs'.
WARNING:  Option 'mip_integral_gap_rel' deprecated, please use 'mip_opt_gap_rel'.
      62    8.982695e-01   6.952e-03   6.638e-03   2.302e-02        1
WARNING:  Option 'mip_integral_gap_abs' deprecated, please use 'mip_opt_gap_abs'.
WARNING:  Option 'mip_integral_gap_rel' deprecated, please use 'mip_opt_gap_rel'.
WARNING:  Option 'mip_integral_gap_abs' deprecated, please use 'mip_opt_gap_abs'.
WARNING:  Option 'mip_integral_gap_rel' deprecated, please use 'mip_opt_gap_rel'.
      63    8.984832e-01   3.498e-03   6.127e-03   7.230e-03        0
WARNING:  Option 'mip_integral_gap_abs' deprecated, please use 'mip_opt_gap_abs'.
WARNING:  Option 'mip_integral_gap_rel' deprecated, please use 'mip_opt_gap_rel'.
WARNING:  Option 'mip_integral_gap_abs' deprecated, please use 'mip_opt_gap_abs'.
WARNING:  Option 'mip_integral_gap_rel' deprecated, please use 'mip_opt_gap_rel'.
WARNING:  Option 'mip_integral_gap_abs' deprecated, please use 'mip_opt_gap_abs'.
WARNING:  Option 'mip_integral_gap_rel' deprecated, please use 'mip_opt_gap_rel'.
WARNING:  Option 'mip_integral_gap_abs' deprecated, please use 'mip_opt_gap_abs'.
WARNING:  Option 'mip_integral_gap_rel' deprecated, please use 'mip_opt_gap_rel'.
WARNING:  Option 'mip_integral_gap_abs' deprecated, please use 'mip_opt_gap_abs'.
WARNING:  Option 'mip_integral_gap_rel' deprecated, please use 'mip_opt_gap_rel'.
WARNING:  Option 'mip_integral_gap_abs' deprecated, please use 'mip_opt_gap_abs'.
WARNING:  Option 'mip_integral_gap_rel' deprecated, please use 'mip_opt_gap_rel'.
WARNING:  Option 'mip_integral_gap_abs' deprecated, please use 'mip_opt_gap_abs'.
WARNING:  Option 'mip_integral_gap_rel' deprecated, please use 'mip_opt_gap_rel'.
WARNING:  Option 'mip_integral_gap_abs' deprecated, please use 'mip_opt_gap_abs'.
WARNING:  Option 'mip_integral_gap_rel' deprecated, please use 'mip_opt_gap_rel'.
WARNING:  Option 'mip_integral_gap_abs' deprecated, please use 'mip_opt_gap_abs'.
WARNING:  Option 'mip_integral_gap_rel' deprecated, please use 'mip_opt_gap_rel'.
      64    8.989554e-01   1.096e-03   7.373e-03   3.370e-02        1
WARNING:  Option 'mip_integral_gap_abs' deprecated, please use 'mip_opt_gap_abs'.
WARNING:  Option 'mip_integral_gap_rel' deprecated, please use 'mip_opt_gap_rel'.
WARNING:  Option 'mip_integral_gap_abs' deprecated, please use 'mip_opt_gap_abs'.
WARNING:  Option 'mip_integral_gap_rel' deprecated, please use 'mip_opt_gap_rel'.
WARNING:  Option 'mip_integral_gap_abs' deprecated, please use 'mip_opt_gap_abs'.
WARNING:  Option 'mip_integral_gap_rel' deprecated, please use 'mip_opt_gap_rel'.
WARNING:  Option 'mip_integral_gap_abs' deprecated, please use 'mip_opt_gap_abs'.
WARNING:  Option 'mip_integral_gap_rel' deprecated, please use 'mip_opt_gap_rel'.
WARNING:  Option 'mip_integral_gap_abs' deprecated, please use 'mip_opt_gap_abs'.
WARNING:  Option 'mip_integral_gap_rel' deprecated, please use 'mip_opt_gap_rel'.
WARNING:  Option 'mip_integral_gap_abs' deprecated, please use 'mip_opt_gap_abs'.
WARNING:  Option 'mip_integral_gap_rel' deprecated, please use 'mip_opt_gap_rel'.
WARNING:  Option 'mip_integral_gap_abs' deprecated, please use 'mip_opt_gap_abs'.
WARNING:  Option 'mip_integral_gap_rel' deprecated, please use 'mip_opt_gap_rel'.
WARNING:  Option 'mip_integral_gap_abs' deprecated, please use 'mip_opt_gap_abs'.
WARNING:  Option 'mip_integral_gap_rel' deprecated, please use 'mip_opt_gap_rel'.
      65    8.989770e-01   7.678e-05   5.243e-03   2.029e-03       15
WARNING:  Option 'mip_integral_gap_abs' deprecated, please use 'mip_opt_gap_abs'.
WARNING:  Option 'mip_integral_gap_rel' deprecated, please use 'mip_opt_gap_rel'.
WARNING:  Option 'mip_integral_gap_abs' deprecated, please use 'mip_opt_gap_abs'.
WARNING:  Option 'mip_integral_gap_rel' deprecated, please use 'mip_opt_gap_rel'.
      66    8.989754e-01   3.284e-06   5.030e-03   5.856e-04        0
WARNING:  Option 'mip_integral_gap_abs' deprecated, please use 'mip_opt_gap_abs'.
WARNING:  Option 'mip_integral_gap_rel' deprecated, please use 'mip_opt_gap_rel'.
WARNING:  Option 'mip_integral_gap_abs' deprecated, please use 'mip_opt_gap_abs'.
WARNING:  Option 'mip_integral_gap_rel' deprecated, please use 'mip_opt_gap_rel'.
WARNING:  Option 'mip_integral_gap_abs' deprecated, please use 'mip_opt_gap_abs'.
WARNING:  Option 'mip_integral_gap_rel' deprecated, please use 'mip_opt_gap_rel'.
WARNING:  Option 'mip_integral_gap_abs' deprecated, please use 'mip_opt_gap_abs'.
WARNING:  Option 'mip_integral_gap_rel' deprecated, please use 'mip_opt_gap_rel'.
WARNING:  Option 'mip_integral_gap_abs' deprecated, please use 'mip_opt_gap_abs'.
WARNING:  Option 'mip_integral_gap_rel' deprecated, please use 'mip_opt_gap_rel'.
WARNING:  Option 'mip_integral_gap_abs' deprecated, please use 'mip_opt_gap_abs'.
WARNING:  Option 'mip_integral_gap_rel' deprecated, please use 'mip_opt_gap_rel'.
WARNING:  Option 'mip_integral_gap_abs' deprecated, please use 'mip_opt_gap_abs'.
WARNING:  Option 'mip_integral_gap_rel' deprecated, please use 'mip_opt_gap_rel'.
WARNING:  Option 'mip_integral_gap_abs' deprecated, please use 'mip_opt_gap_abs'.
WARNING:  Option 'mip_integral_gap_rel' deprecated, please use 'mip_opt_gap_rel'.
WARNING:  Option 'mip_integral_gap_abs' deprecated, please use 'mip_opt_gap_abs'.
WARNING:  Option 'mip_integral_gap_rel' deprecated, please use 'mip_opt_gap_rel'.
WARNING:  Option 'mip_integral_gap_abs' deprecated, please use 'mip_opt_gap_abs'.
WARNING:  Option 'mip_integral_gap_rel' deprecated, please use 'mip_opt_gap_rel'.
WARNING:  Option 'mip_integral_gap_abs' deprecated, please use 'mip_opt_gap_abs'.
WARNING:  Option 'mip_integral_gap_rel' deprecated, please use 'mip_opt_gap_rel'.
WARNING:  Option 'mip_integral_gap_abs' deprecated, please use 'mip_opt_gap_abs'.
WARNING:  Option 'mip_integral_gap_rel' deprecated, please use 'mip_opt_gap_rel'.
WARNING:  Option 'mip_integral_gap_abs' deprecated, please use 'mip_opt_gap_abs'.
WARNING:  Option 'mip_integral_gap_rel' deprecated, please use 'mip_opt_gap_rel'.
WARNING:  Option 'mip_integral_gap_abs' deprecated, please use 'mip_opt_gap_abs'.
WARNING:  Option 'mip_integral_gap_rel' deprecated, please use 'mip_opt_gap_rel'.
WARNING:  Option 'mip_integral_gap_abs' deprecated, please use 'mip_opt_gap_abs'.
WARNING:  Option 'mip_integral_gap_rel' deprecated, please use 'mip_opt_gap_rel'.
WARNING:  Option 'mip_integral_gap_abs' deprecated, please use 'mip_opt_gap_abs'.
WARNING:  Option 'mip_integral_gap_rel' deprecated, please use 'mip_opt_gap_rel'.
WARNING:  Option 'mip_integral_gap_abs' deprecated, please use 'mip_opt_gap_abs'.
WARNING:  Option 'mip_integral_gap_rel' deprecated, please use 'mip_opt_gap_rel'.
      67    8.989754e-01   0.000e+00   3.791e-03   1.602e-05        1
WARNING:  Option 'mip_integral_gap_abs' deprecated, please use 'mip_opt_gap_abs'.
WARNING:  Option 'mip_integral_gap_rel' deprecated, please use 'mip_opt_gap_rel'.
WARNING:  Option 'mip_integral_gap_abs' deprecated, please use 'mip_opt_gap_abs'.
WARNING:  Option 'mip_integral_gap_rel' deprecated, please use 'mip_opt_gap_rel'.
WARNING:  Option 'mip_integral_gap_abs' deprecated, please use 'mip_opt_gap_abs'.
WARNING:  Option 'mip_integral_gap_rel' deprecated, please use 'mip_opt_gap_rel'.
      68    8.989749e-01   0.000e+00   3.791e-03   1.079e-04        0
WARNING:  Option 'mip_integral_gap_abs' deprecated, please use 'mip_opt_gap_abs'.
WARNING:  Option 'mip_integral_gap_rel' deprecated, please use 'mip_opt_gap_rel'.
WARNING:  Option 'mip_integral_gap_abs' deprecated, please use 'mip_opt_gap_abs'.
WARNING:  Option 'mip_integral_gap_rel' deprecated, please use 'mip_opt_gap_rel'.
WARNING:  Option 'mip_integral_gap_abs' deprecated, please use 'mip_opt_gap_abs'.
WARNING:  Option 'mip_integral_gap_rel' deprecated, please use 'mip_opt_gap_rel'.
WARNING:  Option 'mip_integral_gap_abs' deprecated, please use 'mip_opt_gap_abs'.
WARNING:  Option 'mip_integral_gap_rel' deprecated, please use 'mip_opt_gap_rel'.
WARNING:  Option 'mip_integral_gap_abs' deprecated, please use 'mip_opt_gap_abs'.
WARNING:  Option 'mip_integral_gap_rel' deprecated, please use 'mip_opt_gap_rel'.
WARNING:  Option 'mip_integral_gap_abs' deprecated, please use 'mip_opt_gap_abs'.
WARNING:  Option 'mip_integral_gap_rel' deprecated, please use 'mip_opt_gap_rel'.
WARNING:  Option 'mip_integral_gap_abs' deprecated, please use 'mip_opt_gap_abs'.
WARNING:  Option 'mip_integral_gap_rel' deprecated, please use 'mip_opt_gap_rel'.
WARNING:  Option 'mip_integral_gap_abs' deprecated, please use 'mip_opt_gap_abs'.
WARNING:  Option 'mip_integral_gap_rel' deprecated, please use 'mip_opt_gap_rel'.
WARNING:  Option 'mip_integral_gap_abs' deprecated, please use 'mip_opt_gap_abs'.
WARNING:  Option 'mip_integral_gap_rel' deprecated, please use 'mip_opt_gap_rel'.
WARNING:  Option 'mip_integral_gap_abs' deprecated, please use 'mip_opt_gap_abs'.
WARNING:  Option 'mip_integral_gap_rel' deprecated, please use 'mip_opt_gap_rel'.
WARNING:  Option 'mip_integral_gap_abs' deprecated, please use 'mip_opt_gap_abs'.
WARNING:  Option 'mip_integral_gap_rel' deprecated, please use 'mip_opt_gap_rel'.
WARNING:  Option 'mip_integral_gap_abs' deprecated, please use 'mip_opt_gap_abs'.
WARNING:  Option 'mip_integral_gap_rel' deprecated, please use 'mip_opt_gap_rel'.
      69    8.989749e-01   1.971e-07   6.643e-03   6.875e-06        1
WARNING:  Option 'mip_integral_gap_abs' deprecated, please use 'mip_opt_gap_abs'.
WARNING:  Option 'mip_integral_gap_rel' deprecated, please use 'mip_opt_gap_rel'.
WARNING:  Option 'mip_integral_gap_abs' deprecated, please use 'mip_opt_gap_abs'.
WARNING:  Option 'mip_integral_gap_rel' deprecated, please use 'mip_opt_gap_rel'.
WARNING:  Option 'mip_integral_gap_abs' deprecated, please use 'mip_opt_gap_abs'.
WARNING:  Option 'mip_integral_gap_rel' deprecated, please use 'mip_opt_gap_rel'.
      70    8.989748e-01   1.971e-07   6.641e-03   1.367e-05        0
WARNING:  Option 'mip_integral_gap_abs' deprecated, please use 'mip_opt_gap_abs'.
WARNING:  Option 'mip_integral_gap_rel' deprecated, please use 'mip_opt_gap_rel'.
WARNING:  Option 'mip_integral_gap_abs' deprecated, please use 'mip_opt_gap_abs'.
WARNING:  Option 'mip_integral_gap_rel' deprecated, please use 'mip_opt_gap_rel'.
WARNING:  Option 'mip_integral_gap_abs' deprecated, please use 'mip_opt_gap_abs'.
WARNING:  Option 'mip_integral_gap_rel' deprecated, please use 'mip_opt_gap_rel'.
      71    9.016496e-01   0.000e+00   1.181e-02   8.724e-02        0
WARNING:  Option 'mip_integral_gap_abs' deprecated, please use 'mip_opt_gap_abs'.
WARNING:  Option 'mip_integral_gap_rel' deprecated, please use 'mip_opt_gap_rel'.
WARNING:  Option 'mip_integral_gap_abs' deprecated, please use 'mip_opt_gap_abs'.
WARNING:  Option 'mip_integral_gap_rel' deprecated, please use 'mip_opt_gap_rel'.
WARNING:  Option 'mip_integral_gap_abs' deprecated, please use 'mip_opt_gap_abs'.
WARNING:  Option 'mip_integral_gap_rel' deprecated, please use 'mip_opt_gap_rel'.
WARNING:  Option 'mip_integral_gap_abs' deprecated, please use 'mip_opt_gap_abs'.
WARNING:  Option 'mip_integral_gap_rel' deprecated, please use 'mip_opt_gap_rel'.
WARNING:  Option 'mip_integral_gap_abs' deprecated, please use 'mip_opt_gap_abs'.
WARNING:  Option 'mip_integral_gap_rel' deprecated, please use 'mip_opt_gap_rel'.
WARNING:  Option 'mip_integral_gap_abs' deprecated, please use 'mip_opt_gap_abs'.
WARNING:  Option 'mip_integral_gap_rel' deprecated, please use 'mip_opt_gap_rel'.
WARNING:  Option 'mip_integral_gap_abs' deprecated, please use 'mip_opt_gap_abs'.
WARNING:  Option 'mip_integral_gap_rel' deprecated, please use 'mip_opt_gap_rel'.
WARNING:  Option 'mip_integral_gap_abs' deprecated, please use 'mip_opt_gap_abs'.
WARNING:  Option 'mip_integral_gap_rel' deprecated, please use 'mip_opt_gap_rel'.
WARNING:  Option 'mip_integral_gap_abs' deprecated, please use 'mip_opt_gap_abs'.
WARNING:  Option 'mip_integral_gap_rel' deprecated, please use 'mip_opt_gap_rel'.
WARNING:  Option 'mip_integral_gap_abs' deprecated, please use 'mip_opt_gap_abs'.
WARNING:  Option 'mip_integral_gap_rel' deprecated, please use 'mip_opt_gap_rel'.
WARNING:  Option 'mip_integral_gap_abs' deprecated, please use 'mip_opt_gap_abs'.
WARNING:  Option 'mip_integral_gap_rel' deprecated, please use 'mip_opt_gap_rel'.
WARNING:  Option 'mip_integral_gap_abs' deprecated, please use 'mip_opt_gap_abs'.
WARNING:  Option 'mip_integral_gap_rel' deprecated, please use 'mip_opt_gap_rel'.
      72    9.014489e-01   0.000e+00   1.272e-02   2.881e-02        1
WARNING:  Option 'mip_integral_gap_abs' deprecated, please use 'mip_opt_gap_abs'.
WARNING:  Option 'mip_integral_gap_rel' deprecated, please use 'mip_opt_gap_rel'.
WARNING:  Option 'mip_integral_gap_abs' deprecated, please use 'mip_opt_gap_abs'.
WARNING:  Option 'mip_integral_gap_rel' deprecated, please use 'mip_opt_gap_rel'.
WARNING:  Option 'mip_integral_gap_abs' deprecated, please use 'mip_opt_gap_abs'.
WARNING:  Option 'mip_integral_gap_rel' deprecated, please use 'mip_opt_gap_rel'.
WARNING:  Option 'mip_integral_gap_abs' deprecated, please use 'mip_opt_gap_abs'.
WARNING:  Option 'mip_integral_gap_rel' deprecated, please use 'mip_opt_gap_rel'.
WARNING:  Option 'mip_integral_gap_abs' deprecated, please use 'mip_opt_gap_abs'.
WARNING:  Option 'mip_integral_gap_rel' deprecated, please use 'mip_opt_gap_rel'.
WARNING:  Option 'mip_integral_gap_abs' deprecated, please use 'mip_opt_gap_abs'.
WARNING:  Option 'mip_integral_gap_rel' deprecated, please use 'mip_opt_gap_rel'.
WARNING:  Option 'mip_integral_gap_abs' deprecated, please use 'mip_opt_gap_abs'.
WARNING:  Option 'mip_integral_gap_rel' deprecated, please use 'mip_opt_gap_rel'.
WARNING:  Option 'mip_integral_gap_abs' deprecated, please use 'mip_opt_gap_abs'.
WARNING:  Option 'mip_integral_gap_rel' deprecated, please use 'mip_opt_gap_rel'.
WARNING:  Option 'mip_integral_gap_abs' deprecated, please use 'mip_opt_gap_abs'.
WARNING:  Option 'mip_integral_gap_rel' deprecated, please use 'mip_opt_gap_rel'.
      73    9.013059e-01   0.000e+00   1.227e-02   8.036e-03       12
WARNING:  Option 'mip_integral_gap_abs' deprecated, please use 'mip_opt_gap_abs'.
WARNING:  Option 'mip_integral_gap_rel' deprecated, please use 'mip_opt_gap_rel'.
WARNING:  Option 'mip_integral_gap_abs' deprecated, please use 'mip_opt_gap_abs'.
WARNING:  Option 'mip_integral_gap_rel' deprecated, please use 'mip_opt_gap_rel'.
WARNING:  Option 'mip_integral_gap_abs' deprecated, please use 'mip_opt_gap_abs'.
WARNING:  Option 'mip_integral_gap_rel' deprecated, please use 'mip_opt_gap_rel'.
WARNING:  Option 'mip_integral_gap_abs' deprecated, please use 'mip_opt_gap_abs'.
WARNING:  Option 'mip_integral_gap_rel' deprecated, please use 'mip_opt_gap_rel'.
      74    9.013018e-01   0.000e+00   1.215e-02   1.689e-04        0
WARNING:  Option 'mip_integral_gap_abs' deprecated, please use 'mip_opt_gap_abs'.
WARNING:  Option 'mip_integral_gap_rel' deprecated, please use 'mip_opt_gap_rel'.
WARNING:  Option 'mip_integral_gap_abs' deprecated, please use 'mip_opt_gap_abs'.
WARNING:  Option 'mip_integral_gap_rel' deprecated, please use 'mip_opt_gap_rel'.
WARNING:  Option 'mip_integral_gap_abs' deprecated, please use 'mip_opt_gap_abs'.
WARNING:  Option 'mip_integral_gap_rel' deprecated, please use 'mip_opt_gap_rel'.
WARNING:  Option 'mip_integral_gap_abs' deprecated, please use 'mip_opt_gap_abs'.
WARNING:  Option 'mip_integral_gap_rel' deprecated, please use 'mip_opt_gap_rel'.
WARNING:  Option 'mip_integral_gap_abs' deprecated, please use 'mip_opt_gap_abs'.
WARNING:  Option 'mip_integral_gap_rel' deprecated, please use 'mip_opt_gap_rel'.
WARNING:  Option 'mip_integral_gap_abs' deprecated, please use 'mip_opt_gap_abs'.
WARNING:  Option 'mip_integral_gap_rel' deprecated, please use 'mip_opt_gap_rel'.
WARNING:  Option 'mip_integral_gap_abs' deprecated, please use 'mip_opt_gap_abs'.
WARNING:  Option 'mip_integral_gap_rel' deprecated, please use 'mip_opt_gap_rel'.
      75    9.012797e-01   0.000e+00   1.215e-02   1.193e-03        1
WARNING:  Option 'mip_integral_gap_abs' deprecated, please use 'mip_opt_gap_abs'.
WARNING:  Option 'mip_integral_gap_rel' deprecated, please use 'mip_opt_gap_rel'.
WARNING:  Option 'mip_integral_gap_abs' deprecated, please use 'mip_opt_gap_abs'.
WARNING:  Option 'mip_integral_gap_rel' deprecated, please use 'mip_opt_gap_rel'.
WARNING:  Option 'mip_integral_gap_abs' deprecated, please use 'mip_opt_gap_abs'.
WARNING:  Option 'mip_integral_gap_rel' deprecated, please use 'mip_opt_gap_rel'.
WARNING:  Option 'mip_integral_gap_abs' deprecated, please use 'mip_opt_gap_abs'.
WARNING:  Option 'mip_integral_gap_rel' deprecated, please use 'mip_opt_gap_rel'.
WARNING:  Option 'mip_integral_gap_abs' deprecated, please use 'mip_opt_gap_abs'.
WARNING:  Option 'mip_integral_gap_rel' deprecated, please use 'mip_opt_gap_rel'.
WARNING:  Option 'mip_integral_gap_abs' deprecated, please use 'mip_opt_gap_abs'.
WARNING:  Option 'mip_integral_gap_rel' deprecated, please use 'mip_opt_gap_rel'.
WARNING:  Option 'mip_integral_gap_abs' deprecated, please use 'mip_opt_gap_abs'.
WARNING:  Option 'mip_integral_gap_rel' deprecated, please use 'mip_opt_gap_rel'.
WARNING:  Option 'mip_integral_gap_abs' deprecated, please use 'mip_opt_gap_abs'.
WARNING:  Option 'mip_integral_gap_rel' deprecated, please use 'mip_opt_gap_rel'.
WARNING:  Option 'mip_integral_gap_abs' deprecated, please use 'mip_opt_gap_abs'.
WARNING:  Option 'mip_integral_gap_rel' deprecated, please use 'mip_opt_gap_rel'.
WARNING:  Option 'mip_integral_gap_abs' deprecated, please use 'mip_opt_gap_abs'.
WARNING:  Option 'mip_integral_gap_rel' deprecated, please use 'mip_opt_gap_rel'.
WARNING:  Option 'mip_integral_gap_abs' deprecated, please use 'mip_opt_gap_abs'.
WARNING:  Option 'mip_integral_gap_rel' deprecated, please use 'mip_opt_gap_rel'.
WARNING:  Option 'mip_integral_gap_abs' deprecated, please use 'mip_opt_gap_abs'.
WARNING:  Option 'mip_integral_gap_rel' deprecated, please use 'mip_opt_gap_rel'.
WARNING:  Option 'mip_integral_gap_abs' deprecated, please use 'mip_opt_gap_abs'.
WARNING:  Option 'mip_integral_gap_rel' deprecated, please use 'mip_opt_gap_rel'.
WARNING:  Option 'mip_integral_gap_abs' deprecated, please use 'mip_opt_gap_abs'.
WARNING:  Option 'mip_integral_gap_rel' deprecated, please use 'mip_opt_gap_rel'.
      76    9.012394e-01   0.000e+00   1.046e-02   1.660e-03       17
WARNING:  Option 'mip_integral_gap_abs' deprecated, please use 'mip_opt_gap_abs'.
WARNING:  Option 'mip_integral_gap_rel' deprecated, please use 'mip_opt_gap_rel'.
WARNING:  Option 'mip_integral_gap_abs' deprecated, please use 'mip_opt_gap_abs'.
WARNING:  Option 'mip_integral_gap_rel' deprecated, please use 'mip_opt_gap_rel'.
WARNING:  Option 'mip_integral_gap_abs' deprecated, please use 'mip_opt_gap_abs'.
WARNING:  Option 'mip_integral_gap_rel' deprecated, please use 'mip_opt_gap_rel'.
WARNING:  Option 'mip_integral_gap_abs' deprecated, please use 'mip_opt_gap_abs'.
WARNING:  Option 'mip_integral_gap_rel' deprecated, please use 'mip_opt_gap_rel'.
      77    9.012387e-01   0.000e+00   1.045e-02   8.113e-06        0
WARNING:  Option 'mip_integral_gap_abs' deprecated, please use 'mip_opt_gap_abs'.
WARNING:  Option 'mip_integral_gap_rel' deprecated, please use 'mip_opt_gap_rel'.
WARNING:  Option 'mip_integral_gap_abs' deprecated, please use 'mip_opt_gap_abs'.
WARNING:  Option 'mip_integral_gap_rel' deprecated, please use 'mip_opt_gap_rel'.
WARNING:  Option 'mip_integral_gap_abs' deprecated, please use 'mip_opt_gap_abs'.
WARNING:  Option 'mip_integral_gap_rel' deprecated, please use 'mip_opt_gap_rel'.
WARNING:  Option 'mip_integral_gap_abs' deprecated, please use 'mip_opt_gap_abs'.
WARNING:  Option 'mip_integral_gap_rel' deprecated, please use 'mip_opt_gap_rel'.
WARNING:  Option 'mip_integral_gap_abs' deprecated, please use 'mip_opt_gap_abs'.
WARNING:  Option 'mip_integral_gap_rel' deprecated, please use 'mip_opt_gap_rel'.
WARNING:  Option 'mip_integral_gap_abs' deprecated, please use 'mip_opt_gap_abs'.
WARNING:  Option 'mip_integral_gap_rel' deprecated, please use 'mip_opt_gap_rel'.
WARNING:  Option 'mip_integral_gap_abs' deprecated, please use 'mip_opt_gap_abs'.
WARNING:  Option 'mip_integral_gap_rel' deprecated, please use 'mip_opt_gap_rel'.
WARNING:  Option 'mip_integral_gap_abs' deprecated, please use 'mip_opt_gap_abs'.
WARNING:  Option 'mip_integral_gap_rel' deprecated, please use 'mip_opt_gap_rel'.
WARNING:  Option 'mip_integral_gap_abs' deprecated, please use 'mip_opt_gap_abs'.
WARNING:  Option 'mip_integral_gap_rel' deprecated, please use 'mip_opt_gap_rel'.
WARNING:  Option 'mip_integral_gap_abs' deprecated, please use 'mip_opt_gap_abs'.
WARNING:  Option 'mip_integral_gap_rel' deprecated, please use 'mip_opt_gap_rel'.
WARNING:  Option 'mip_integral_gap_abs' deprecated, please use 'mip_opt_gap_abs'.
WARNING:  Option 'mip_integral_gap_rel' deprecated, please use 'mip_opt_gap_rel'.
WARNING:  Option 'mip_integral_gap_abs' deprecated, please use 'mip_opt_gap_abs'.
WARNING:  Option 'mip_integral_gap_rel' deprecated, please use 'mip_opt_gap_rel'.
WARNING:  Option 'mip_integral_gap_abs' deprecated, please use 'mip_opt_gap_abs'.
WARNING:  Option 'mip_integral_gap_rel' deprecated, please use 'mip_opt_gap_rel'.
WARNING:  Option 'mip_integral_gap_abs' deprecated, please use 'mip_opt_gap_abs'.
WARNING:  Option 'mip_integral_gap_rel' deprecated, please use 'mip_opt_gap_rel'.
WARNING:  Option 'mip_integral_gap_abs' deprecated, please use 'mip_opt_gap_abs'.
WARNING:  Option 'mip_integral_gap_rel' deprecated, please use 'mip_opt_gap_rel'.
WARNING:  Option 'mip_integral_gap_abs' deprecated, please use 'mip_opt_gap_abs'.
WARNING:  Option 'mip_integral_gap_rel' deprecated, please use 'mip_opt_gap_rel'.
WARNING:  Option 'mip_integral_gap_abs' deprecated, please use 'mip_opt_gap_abs'.
WARNING:  Option 'mip_integral_gap_rel' deprecated, please use 'mip_opt_gap_rel'.
WARNING:  Option 'mip_integral_gap_abs' deprecated, please use 'mip_opt_gap_abs'.
WARNING:  Option 'mip_integral_gap_rel' deprecated, please use 'mip_opt_gap_rel'.
      78    9.012369e-01   0.000e+00   1.040e-02   9.556e-05        1
WARNING:  Option 'mip_integral_gap_abs' deprecated, please use 'mip_opt_gap_abs'.
WARNING:  Option 'mip_integral_gap_rel' deprecated, please use 'mip_opt_gap_rel'.
WARNING:  Option 'mip_integral_gap_abs' deprecated, please use 'mip_opt_gap_abs'.
WARNING:  Option 'mip_integral_gap_rel' deprecated, please use 'mip_opt_gap_rel'.
WARNING:  Option 'mip_integral_gap_abs' deprecated, please use 'mip_opt_gap_abs'.
WARNING:  Option 'mip_integral_gap_rel' deprecated, please use 'mip_opt_gap_rel'.
WARNING:  Option 'mip_integral_gap_abs' deprecated, please use 'mip_opt_gap_abs'.
WARNING:  Option 'mip_integral_gap_rel' deprecated, please use 'mip_opt_gap_rel'.
      79    9.012368e-01   0.000e+00   1.040e-02   3.925e-07        0
WARNING:  Option 'mip_integral_gap_abs' deprecated, please use 'mip_opt_gap_abs'.
WARNING:  Option 'mip_integral_gap_rel' deprecated, please use 'mip_opt_gap_rel'.
WARNING:  Option 'mip_integral_gap_abs' deprecated, please use 'mip_opt_gap_abs'.
WARNING:  Option 'mip_integral_gap_rel' deprecated, please use 'mip_opt_gap_rel'.
WARNING:  Option 'mip_integral_gap_abs' deprecated, please use 'mip_opt_gap_abs'.
WARNING:  Option 'mip_integral_gap_rel' deprecated, please use 'mip_opt_gap_rel'.
WARNING:  Option 'mip_integral_gap_abs' deprecated, please use 'mip_opt_gap_abs'.
WARNING:  Option 'mip_integral_gap_rel' deprecated, please use 'mip_opt_gap_rel'.
WARNING:  Option 'mip_integral_gap_abs' deprecated, please use 'mip_opt_gap_abs'.
WARNING:  Option 'mip_integral_gap_rel' deprecated, please use 'mip_opt_gap_rel'.
WARNING:  Option 'mip_integral_gap_abs' deprecated, please use 'mip_opt_gap_abs'.
WARNING:  Option 'mip_integral_gap_rel' deprecated, please use 'mip_opt_gap_rel'.
WARNING:  Option 'mip_integral_gap_abs' deprecated, please use 'mip_opt_gap_abs'.
WARNING:  Option 'mip_integral_gap_rel' deprecated, please use 'mip_opt_gap_rel'.
WARNING:  Option 'mip_integral_gap_abs' deprecated, please use 'mip_opt_gap_abs'.
WARNING:  Option 'mip_integral_gap_rel' deprecated, please use 'mip_opt_gap_rel'.
WARNING:  Option 'mip_integral_gap_abs' deprecated, please use 'mip_opt_gap_abs'.
WARNING:  Option 'mip_integral_gap_rel' deprecated, please use 'mip_opt_gap_rel'.
WARNING:  Option 'mip_integral_gap_abs' deprecated, please use 'mip_opt_gap_abs'.
WARNING:  Option 'mip_integral_gap_rel' deprecated, please use 'mip_opt_gap_rel'.
WARNING:  Option 'mip_integral_gap_abs' deprecated, please use 'mip_opt_gap_abs'.
WARNING:  Option 'mip_integral_gap_rel' deprecated, please use 'mip_opt_gap_rel'.
      80    9.012353e-01   0.000e+00   1.031e-02   8.385e-05        1
WARNING:  Option 'mip_integral_gap_abs' deprecated, please use 'mip_opt_gap_abs'.
WARNING:  Option 'mip_integral_gap_rel' deprecated, please use 'mip_opt_gap_rel'.
WARNING:  Option 'mip_integral_gap_abs' deprecated, please use 'mip_opt_gap_abs'.
WARNING:  Option 'mip_integral_gap_rel' deprecated, please use 'mip_opt_gap_rel'.
WARNING:  Option 'mip_integral_gap_abs' deprecated, please use 'mip_opt_gap_abs'.
WARNING:  Option 'mip_integral_gap_rel' deprecated, please use 'mip_opt_gap_rel'.
WARNING:  Option 'mip_integral_gap_abs' deprecated, please use 'mip_opt_gap_abs'.
WARNING:  Option 'mip_integral_gap_rel' deprecated, please use 'mip_opt_gap_rel'.
      81    9.012353e-01   0.000e+00   1.028e-02   2.607e-07        0
WARNING:  Option 'mip_integral_gap_abs' deprecated, please use 'mip_opt_gap_abs'.
WARNING:  Option 'mip_integral_gap_rel' deprecated, please use 'mip_opt_gap_rel'.
WARNING:  Option 'mip_integral_gap_abs' deprecated, please use 'mip_opt_gap_abs'.
WARNING:  Option 'mip_integral_gap_rel' deprecated, please use 'mip_opt_gap_rel'.
WARNING:  Option 'mip_integral_gap_abs' deprecated, please use 'mip_opt_gap_abs'.
WARNING:  Option 'mip_integral_gap_rel' deprecated, please use 'mip_opt_gap_rel'.
WARNING:  Option 'mip_integral_gap_abs' deprecated, please use 'mip_opt_gap_abs'.
WARNING:  Option 'mip_integral_gap_rel' deprecated, please use 'mip_opt_gap_rel'.
WARNING:  Option 'mip_integral_gap_abs' deprecated, please use 'mip_opt_gap_abs'.
WARNING:  Option 'mip_integral_gap_rel' deprecated, please use 'mip_opt_gap_rel'.
      82    9.012284e-01   0.000e+00   1.100e-02   2.335e-04        0
WARNING:  Option 'mip_integral_gap_abs' deprecated, please use 'mip_opt_gap_abs'.
WARNING:  Option 'mip_integral_gap_rel' deprecated, please use 'mip_opt_gap_rel'.
WARNING:  Option 'mip_integral_gap_abs' deprecated, please use 'mip_opt_gap_abs'.
WARNING:  Option 'mip_integral_gap_rel' deprecated, please use 'mip_opt_gap_rel'.
WARNING:  Option 'mip_integral_gap_abs' deprecated, please use 'mip_opt_gap_abs'.
WARNING:  Option 'mip_integral_gap_rel' deprecated, please use 'mip_opt_gap_rel'.
      83    9.012585e-01   0.000e+00   1.780e+00   4.990e-04        0
WARNING:  Option 'mip_integral_gap_abs' deprecated, please use 'mip_opt_gap_abs'.
WARNING:  Option 'mip_integral_gap_rel' deprecated, please use 'mip_opt_gap_rel'.
WARNING:  Option 'mip_integral_gap_abs' deprecated, please use 'mip_opt_gap_abs'.
WARNING:  Option 'mip_integral_gap_rel' deprecated, please use 'mip_opt_gap_rel'.
WARNING:  Option 'mip_integral_gap_abs' deprecated, please use 'mip_opt_gap_abs'.
WARNING:  Option 'mip_integral_gap_rel' deprecated, please use 'mip_opt_gap_rel'.
WARNING:  Option 'mip_integral_gap_abs' deprecated, please use 'mip_opt_gap_abs'.
WARNING:  Option 'mip_integral_gap_rel' deprecated, please use 'mip_opt_gap_rel'.
WARNING:  Option 'mip_integral_gap_abs' deprecated, please use 'mip_opt_gap_abs'.
WARNING:  Option 'mip_integral_gap_rel' deprecated, please use 'mip_opt_gap_rel'.
WARNING:  Option 'mip_integral_gap_abs' deprecated, please use 'mip_opt_gap_abs'.
WARNING:  Option 'mip_integral_gap_rel' deprecated, please use 'mip_opt_gap_rel'.
WARNING:  Option 'mip_integral_gap_abs' deprecated, please use 'mip_opt_gap_abs'.
WARNING:  Option 'mip_integral_gap_rel' deprecated, please use 'mip_opt_gap_rel'.
WARNING:  Option 'mip_integral_gap_abs' deprecated, please use 'mip_opt_gap_abs'.
WARNING:  Option 'mip_integral_gap_rel' deprecated, please use 'mip_opt_gap_rel'.
WARNING:  Option 'mip_integral_gap_abs' deprecated, please use 'mip_opt_gap_abs'.
WARNING:  Option 'mip_integral_gap_rel' deprecated, please use 'mip_opt_gap_rel'.
WARNING:  Option 'mip_integral_gap_abs' deprecated, please use 'mip_opt_gap_abs'.
WARNING:  Option 'mip_integral_gap_rel' deprecated, please use 'mip_opt_gap_rel'.
WARNING:  Option 'mip_integral_gap_abs' deprecated, please use 'mip_opt_gap_abs'.
WARNING:  Option 'mip_integral_gap_rel' deprecated, please use 'mip_opt_gap_rel'.
WARNING:  Option 'mip_integral_gap_abs' deprecated, please use 'mip_opt_gap_abs'.
WARNING:  Option 'mip_integral_gap_rel' deprecated, please use 'mip_opt_gap_rel'.
WARNING:  Option 'mip_integral_gap_abs' deprecated, please use 'mip_opt_gap_abs'.
WARNING:  Option 'mip_integral_gap_rel' deprecated, please use 'mip_opt_gap_rel'.
WARNING:  Option 'mip_integral_gap_abs' deprecated, please use 'mip_opt_gap_abs'.
WARNING:  Option 'mip_integral_gap_rel' deprecated, please use 'mip_opt_gap_rel'.
WARNING:  Option 'mip_integral_gap_abs' deprecated, please use 'mip_opt_gap_abs'.
WARNING:  Option 'mip_integral_gap_rel' deprecated, please use 'mip_opt_gap_rel'.
WARNING:  Option 'mip_integral_gap_abs' deprecated, please use 'mip_opt_gap_abs'.
WARNING:  Option 'mip_integral_gap_rel' deprecated, please use 'mip_opt_gap_rel'.
WARNING:  Option 'mip_integral_gap_abs' deprecated, please use 'mip_opt_gap_abs'.
WARNING:  Option 'mip_integral_gap_rel' deprecated, please use 'mip_opt_gap_rel'.
WARNING:  Option 'mip_integral_gap_abs' deprecated, please use 'mip_opt_gap_abs'.
WARNING:  Option 'mip_integral_gap_rel' deprecated, please use 'mip_opt_gap_rel'.
      84    9.012571e-01   0.000e+00   4.623e-02   1.554e-06       10
WARNING:  Option 'mip_integral_gap_abs' deprecated, please use 'mip_opt_gap_abs'.
WARNING:  Option 'mip_integral_gap_rel' deprecated, please use 'mip_opt_gap_rel'.
WARNING:  Option 'mip_integral_gap_abs' deprecated, please use 'mip_opt_gap_abs'.
WARNING:  Option 'mip_integral_gap_rel' deprecated, please use 'mip_opt_gap_rel'.
WARNING:  Option 'mip_integral_gap_abs' deprecated, please use 'mip_opt_gap_abs'.
WARNING:  Option 'mip_integral_gap_rel' deprecated, please use 'mip_opt_gap_rel'.
      85    9.012571e-01   0.000e+00   4.623e-02   6.684e-09        0
WARNING:  Option 'mip_integral_gap_abs' deprecated, please use 'mip_opt_gap_abs'.
WARNING:  Option 'mip_integral_gap_rel' deprecated, please use 'mip_opt_gap_rel'.
WARNING:  Option 'mip_integral_gap_abs' deprecated, please use 'mip_opt_gap_abs'.
WARNING:  Option 'mip_integral_gap_rel' deprecated, please use 'mip_opt_gap_rel'.
WARNING:  Option 'mip_integral_gap_abs' deprecated, please use 'mip_opt_gap_abs'.
WARNING:  Option 'mip_integral_gap_rel' deprecated, please use 'mip_opt_gap_rel'.
WARNING:  Option 'mip_integral_gap_abs' deprecated, please use 'mip_opt_gap_abs'.
WARNING:  Option 'mip_integral_gap_rel' deprecated, please use 'mip_opt_gap_rel'.
      86    9.012468e-01   0.000e+00   4.622e-02   1.113e-05        1
WARNING:  Option 'mip_integral_gap_abs' deprecated, please use 'mip_opt_gap_abs'.
WARNING:  Option 'mip_integral_gap_rel' deprecated, please use 'mip_opt_gap_rel'.
WARNING:  Option 'mip_integral_gap_abs' deprecated, please use 'mip_opt_gap_abs'.
WARNING:  Option 'mip_integral_gap_rel' deprecated, please use 'mip_opt_gap_rel'.
      87    9.012406e-01   0.000e+00   4.622e-02   8.859e-06        0
WARNING:  Option 'mip_integral_gap_abs' deprecated, please use 'mip_opt_gap_abs'.
WARNING:  Option 'mip_integral_gap_rel' deprecated, please use 'mip_opt_gap_rel'.
WARNING:  Option 'mip_integral_gap_abs' deprecated, please use 'mip_opt_gap_abs'.
WARNING:  Option 'mip_integral_gap_rel' deprecated, please use 'mip_opt_gap_rel'.
WARNING:  Option 'mip_integral_gap_abs' deprecated, please use 'mip_opt_gap_abs'.
WARNING:  Option 'mip_integral_gap_rel' deprecated, please use 'mip_opt_gap_rel'.
WARNING:  Option 'mip_integral_gap_abs' deprecated, please use 'mip_opt_gap_abs'.
WARNING:  Option 'mip_integral_gap_rel' deprecated, please use 'mip_opt_gap_rel'.
WARNING:  Option 'mip_integral_gap_abs' deprecated, please use 'mip_opt_gap_abs'.
WARNING:  Option 'mip_integral_gap_rel' deprecated, please use 'mip_opt_gap_rel'.
WARNING:  Option 'mip_integral_gap_abs' deprecated, please use 'mip_opt_gap_abs'.
WARNING:  Option 'mip_integral_gap_rel' deprecated, please use 'mip_opt_gap_rel'.
WARNING:  Option 'mip_integral_gap_abs' deprecated, please use 'mip_opt_gap_abs'.
WARNING:  Option 'mip_integral_gap_rel' deprecated, please use 'mip_opt_gap_rel'.
WARNING:  Option 'mip_integral_gap_abs' deprecated, please use 'mip_opt_gap_abs'.
WARNING:  Option 'mip_integral_gap_rel' deprecated, please use 'mip_opt_gap_rel'.
WARNING:  Option 'mip_integral_gap_abs' deprecated, please use 'mip_opt_gap_abs'.
WARNING:  Option 'mip_integral_gap_rel' deprecated, please use 'mip_opt_gap_rel'.
WARNING:  Option 'mip_integral_gap_abs' deprecated, please use 'mip_opt_gap_abs'.
WARNING:  Option 'mip_integral_gap_rel' deprecated, please use 'mip_opt_gap_rel'.
WARNING:  Option 'mip_integral_gap_abs' deprecated, please use 'mip_opt_gap_abs'.
WARNING:  Option 'mip_integral_gap_rel' deprecated, please use 'mip_opt_gap_rel'.
WARNING:  Option 'mip_integral_gap_abs' deprecated, please use 'mip_opt_gap_abs'.
WARNING:  Option 'mip_integral_gap_rel' deprecated, please use 'mip_opt_gap_rel'.
WARNING:  Option 'mip_integral_gap_abs' deprecated, please use 'mip_opt_gap_abs'.
WARNING:  Option 'mip_integral_gap_rel' deprecated, please use 'mip_opt_gap_rel'.
WARNING:  Option 'mip_integral_gap_abs' deprecated, please use 'mip_opt_gap_abs'.
WARNING:  Option 'mip_integral_gap_rel' deprecated, please use 'mip_opt_gap_rel'.
WARNING:  Option 'mip_integral_gap_abs' deprecated, please use 'mip_opt_gap_abs'.
WARNING:  Option 'mip_integral_gap_rel' deprecated, please use 'mip_opt_gap_rel'.
WARNING:  Option 'mip_integral_gap_abs' deprecated, please use 'mip_opt_gap_abs'.
WARNING:  Option 'mip_integral_gap_rel' deprecated, please use 'mip_opt_gap_rel'.
WARNING:  Option 'mip_integral_gap_abs' deprecated, please use 'mip_opt_gap_abs'.
WARNING:  Option 'mip_integral_gap_rel' deprecated, please use 'mip_opt_gap_rel'.
      88    9.012180e-01   0.000e+00   4.578e-02   2.072e-04        9
WARNING:  Option 'mip_integral_gap_abs' deprecated, please use 'mip_opt_gap_abs'.
WARNING:  Option 'mip_integral_gap_rel' deprecated, please use 'mip_opt_gap_rel'.
WARNING:  Option 'mip_integral_gap_abs' deprecated, please use 'mip_opt_gap_abs'.
WARNING:  Option 'mip_integral_gap_rel' deprecated, please use 'mip_opt_gap_rel'.
      89    9.011623e-01   1.998e-05   4.007e-02   5.597e-05        0
WARNING:  Option 'mip_integral_gap_abs' deprecated, please use 'mip_opt_gap_abs'.
WARNING:  Option 'mip_integral_gap_rel' deprecated, please use 'mip_opt_gap_rel'.
WARNING:  Option 'mip_integral_gap_abs' deprecated, please use 'mip_opt_gap_abs'.
WARNING:  Option 'mip_integral_gap_rel' deprecated, please use 'mip_opt_gap_rel'.
      90    9.011622e-01   2.194e-05   3.033e-02   5.454e-07        0
WARNING:  Option 'mip_integral_gap_abs' deprecated, please use 'mip_opt_gap_abs'.
WARNING:  Option 'mip_integral_gap_rel' deprecated, please use 'mip_opt_gap_rel'.
WARNING:  Option 'mip_integral_gap_abs' deprecated, please use 'mip_opt_gap_abs'.
WARNING:  Option 'mip_integral_gap_rel' deprecated, please use 'mip_opt_gap_rel'.
      91    9.011632e-01   1.023e-07   1.533e-02   2.046e-06        0
WARNING:  Option 'mip_integral_gap_abs' deprecated, please use 'mip_opt_gap_abs'.
WARNING:  Option 'mip_integral_gap_rel' deprecated, please use 'mip_opt_gap_rel'.
WARNING:  Option 'mip_integral_gap_abs' deprecated, please use 'mip_opt_gap_abs'.
WARNING:  Option 'mip_integral_gap_rel' deprecated, please use 'mip_opt_gap_rel'.
      92    9.011632e-01   0.000e+00   8.312e-03   3.188e-06        0
WARNING:  Option 'mip_integral_gap_abs' deprecated, please use 'mip_opt_gap_abs'.
WARNING:  Option 'mip_integral_gap_rel' deprecated, please use 'mip_opt_gap_rel'.
WARNING:  Option 'mip_integral_gap_abs' deprecated, please use 'mip_opt_gap_abs'.
WARNING:  Option 'mip_integral_gap_rel' deprecated, please use 'mip_opt_gap_rel'.
      93    9.011631e-01   0.000e+00   5.639e-03   7.333e-06        0
WARNING:  Option 'mip_integral_gap_abs' deprecated, please use 'mip_opt_gap_abs'.
WARNING:  Option 'mip_integral_gap_rel' deprecated, please use 'mip_opt_gap_rel'.
WARNING:  Option 'mip_integral_gap_abs' deprecated, please use 'mip_opt_gap_abs'.
WARNING:  Option 'mip_integral_gap_rel' deprecated, please use 'mip_opt_gap_rel'.
WARNING:  Option 'mip_integral_gap_abs' deprecated, please use 'mip_opt_gap_abs'.
WARNING:  Option 'mip_integral_gap_rel' deprecated, please use 'mip_opt_gap_rel'.
WARNING:  Option 'mip_integral_gap_abs' deprecated, please use 'mip_opt_gap_abs'.
WARNING:  Option 'mip_integral_gap_rel' deprecated, please use 'mip_opt_gap_rel'.
WARNING:  Option 'mip_integral_gap_abs' deprecated, please use 'mip_opt_gap_abs'.
WARNING:  Option 'mip_integral_gap_rel' deprecated, please use 'mip_opt_gap_rel'.
WARNING:  Option 'mip_integral_gap_abs' deprecated, please use 'mip_opt_gap_abs'.
WARNING:  Option 'mip_integral_gap_rel' deprecated, please use 'mip_opt_gap_rel'.
WARNING:  Option 'mip_integral_gap_abs' deprecated, please use 'mip_opt_gap_abs'.
WARNING:  Option 'mip_integral_gap_rel' deprecated, please use 'mip_opt_gap_rel'.
      94    9.011630e-01   0.000e+00   6.595e-03   1.353e-05        1
WARNING:  Option 'mip_integral_gap_abs' deprecated, please use 'mip_opt_gap_abs'.
WARNING:  Option 'mip_integral_gap_rel' deprecated, please use 'mip_opt_gap_rel'.
WARNING:  Option 'mip_integral_gap_abs' deprecated, please use 'mip_opt_gap_abs'.
WARNING:  Option 'mip_integral_gap_rel' deprecated, please use 'mip_opt_gap_rel'.
      95    9.011629e-01   0.000e+00   5.782e-03   5.727e-06        0
WARNING:  Option 'mip_integral_gap_abs' deprecated, please use 'mip_opt_gap_abs'.
WARNING:  Option 'mip_integral_gap_rel' deprecated, please use 'mip_opt_gap_rel'.
WARNING:  Option 'mip_integral_gap_abs' deprecated, please use 'mip_opt_gap_abs'.
WARNING:  Option 'mip_integral_gap_rel' deprecated, please use 'mip_opt_gap_rel'.
      96    9.011629e-01   0.000e+00   5.778e-03   1.825e-06        0
WARNING:  Option 'mip_integral_gap_abs' deprecated, please use 'mip_opt_gap_abs'.
WARNING:  Option 'mip_integral_gap_rel' deprecated, please use 'mip_opt_gap_rel'.
WARNING:  Option 'mip_integral_gap_abs' deprecated, please use 'mip_opt_gap_abs'.
WARNING:  Option 'mip_integral_gap_rel' deprecated, please use 'mip_opt_gap_rel'.
      97    9.011628e-01   0.000e+00   5.768e-03   4.475e-06        0
WARNING:  Option 'mip_integral_gap_abs' deprecated, please use 'mip_opt_gap_abs'.
WARNING:  Option 'mip_integral_gap_rel' deprecated, please use 'mip_opt_gap_rel'.
WARNING:  Option 'mip_integral_gap_abs' deprecated, please use 'mip_opt_gap_abs'.
WARNING:  Option 'mip_integral_gap_rel' deprecated, please use 'mip_opt_gap_rel'.
      98    9.011627e-01   0.000e+00   5.742e-03   1.101e-05        0
WARNING:  Option 'mip_integral_gap_abs' deprecated, please use 'mip_opt_gap_abs'.
WARNING:  Option 'mip_integral_gap_rel' deprecated, please use 'mip_opt_gap_rel'.
WARNING:  Option 'mip_integral_gap_abs' deprecated, please use 'mip_opt_gap_abs'.
WARNING:  Option 'mip_integral_gap_rel' deprecated, please use 'mip_opt_gap_rel'.
      99    9.011624e-01   0.000e+00   5.676e-03   2.714e-05        0
WARNING:  Option 'mip_integral_gap_abs' deprecated, please use 'mip_opt_gap_abs'.
WARNING:  Option 'mip_integral_gap_rel' deprecated, please use 'mip_opt_gap_rel'.
WARNING:  Option 'mip_integral_gap_abs' deprecated, please use 'mip_opt_gap_abs'.
WARNING:  Option 'mip_integral_gap_rel' deprecated, please use 'mip_opt_gap_rel'.
     100    9.011624e-01   0.000e+00   5.674e-03   1.075e-06        0
WARNING:  Option 'mip_integral_gap_abs' deprecated, please use 'mip_opt_gap_abs'.
WARNING:  Option 'mip_integral_gap_rel' deprecated, please use 'mip_opt_gap_rel'.
WARNING:  Option 'mip_integral_gap_abs' deprecated, please use 'mip_opt_gap_abs'.
WARNING:  Option 'mip_integral_gap_rel' deprecated, please use 'mip_opt_gap_rel'.
     101    9.011624e-01   0.000e+00   5.668e-03   2.664e-06        0
WARNING:  Option 'mip_integral_gap_abs' deprecated, please use 'mip_opt_gap_abs'.
WARNING:  Option 'mip_integral_gap_rel' deprecated, please use 'mip_opt_gap_rel'.
WARNING:  Option 'mip_integral_gap_abs' deprecated, please use 'mip_opt_gap_abs'.
WARNING:  Option 'mip_integral_gap_rel' deprecated, please use 'mip_opt_gap_rel'.
     102    9.011623e-01   0.000e+00   5.653e-03   6.651e-06        0
WARNING:  Option 'mip_integral_gap_abs' deprecated, please use 'mip_opt_gap_abs'.
WARNING:  Option 'mip_integral_gap_rel' deprecated, please use 'mip_opt_gap_rel'.
WARNING:  Option 'mip_integral_gap_abs' deprecated, please use 'mip_opt_gap_abs'.
WARNING:  Option 'mip_integral_gap_rel' deprecated, please use 'mip_opt_gap_rel'.
     103    9.011622e-01   0.000e+00   5.615e-03   1.657e-05        0
WARNING:  Option 'mip_integral_gap_abs' deprecated, please use 'mip_opt_gap_abs'.
WARNING:  Option 'mip_integral_gap_rel' deprecated, please use 'mip_opt_gap_rel'.
WARNING:  Option 'mip_integral_gap_abs' deprecated, please use 'mip_opt_gap_abs'.
WARNING:  Option 'mip_integral_gap_rel' deprecated, please use 'mip_opt_gap_rel'.
     104    9.011617e-01   0.000e+00   5.523e-03   4.106e-05        0
WARNING:  Option 'mip_integral_gap_abs' deprecated, please use 'mip_opt_gap_abs'.
WARNING:  Option 'mip_integral_gap_rel' deprecated, please use 'mip_opt_gap_rel'.
WARNING:  Option 'mip_integral_gap_abs' deprecated, please use 'mip_opt_gap_abs'.
WARNING:  Option 'mip_integral_gap_rel' deprecated, please use 'mip_opt_gap_rel'.
     105    9.011607e-01   2.707e-09   5.305e-03   1.006e-04        0
WARNING:  Option 'mip_integral_gap_abs' deprecated, please use 'mip_opt_gap_abs'.
WARNING:  Option 'mip_integral_gap_rel' deprecated, please use 'mip_opt_gap_rel'.
WARNING:  Option 'mip_integral_gap_abs' deprecated, please use 'mip_opt_gap_abs'.
WARNING:  Option 'mip_integral_gap_rel' deprecated, please use 'mip_opt_gap_rel'.
     106    9.011604e-01   0.000e+00   5.239e-03   3.126e-05        0
WARNING:  Option 'mip_integral_gap_abs' deprecated, please use 'mip_opt_gap_abs'.
WARNING:  Option 'mip_integral_gap_rel' deprecated, please use 'mip_opt_gap_rel'.
WARNING:  Option 'mip_integral_gap_abs' deprecated, please use 'mip_opt_gap_abs'.
WARNING:  Option 'mip_integral_gap_rel' deprecated, please use 'mip_opt_gap_rel'.
     107    9.011596e-01   0.000e+00   5.080e-03   7.704e-05        0
WARNING:  Option 'mip_integral_gap_abs' deprecated, please use 'mip_opt_gap_abs'.
WARNING:  Option 'mip_integral_gap_rel' deprecated, please use 'mip_opt_gap_rel'.
WARNING:  Option 'mip_integral_gap_abs' deprecated, please use 'mip_opt_gap_abs'.
WARNING:  Option 'mip_integral_gap_rel' deprecated, please use 'mip_opt_gap_rel'.
     108    9.011577e-01   3.835e-07   4.723e-03   1.865e-04        0
WARNING:  Option 'mip_integral_gap_abs' deprecated, please use 'mip_opt_gap_abs'.
WARNING:  Option 'mip_integral_gap_rel' deprecated, please use 'mip_opt_gap_rel'.
WARNING:  Option 'mip_integral_gap_abs' deprecated, please use 'mip_opt_gap_abs'.
WARNING:  Option 'mip_integral_gap_rel' deprecated, please use 'mip_opt_gap_rel'.
     109    9.011572e-01   0.000e+00   4.616e-03   5.772e-05        0
WARNING:  Option 'mip_integral_gap_abs' deprecated, please use 'mip_opt_gap_abs'.
WARNING:  Option 'mip_integral_gap_rel' deprecated, please use 'mip_opt_gap_rel'.
WARNING:  Option 'mip_integral_gap_abs' deprecated, please use 'mip_opt_gap_abs'.
WARNING:  Option 'mip_integral_gap_rel' deprecated, please use 'mip_opt_gap_rel'.
     110    9.011559e-01   9.149e-08   4.369e-03   1.411e-04        0
WARNING:  Option 'mip_integral_gap_abs' deprecated, please use 'mip_opt_gap_abs'.
WARNING:  Option 'mip_integral_gap_rel' deprecated, please use 'mip_opt_gap_rel'.
WARNING:  Option 'mip_integral_gap_abs' deprecated, please use 'mip_opt_gap_abs'.
WARNING:  Option 'mip_integral_gap_rel' deprecated, please use 'mip_opt_gap_rel'.
     111    9.011527e-01   0.000e+00   3.559e-02   3.369e-04        0
WARNING:  Option 'mip_integral_gap_abs' deprecated, please use 'mip_opt_gap_abs'.
WARNING:  Option 'mip_integral_gap_rel' deprecated, please use 'mip_opt_gap_rel'.
WARNING:  Option 'mip_integral_gap_abs' deprecated, please use 'mip_opt_gap_abs'.
WARNING:  Option 'mip_integral_gap_rel' deprecated, please use 'mip_opt_gap_rel'.
     112    9.011424e-01   0.000e+00   3.863e-03   1.879e-04        0
WARNING:  Option 'mip_integral_gap_abs' deprecated, please use 'mip_opt_gap_abs'.
WARNING:  Option 'mip_integral_gap_rel' deprecated, please use 'mip_opt_gap_rel'.
WARNING:  Option 'mip_integral_gap_abs' deprecated, please use 'mip_opt_gap_abs'.
WARNING:  Option 'mip_integral_gap_rel' deprecated, please use 'mip_opt_gap_rel'.
     113    9.011297e-01   0.000e+00   3.829e-03   3.310e-05        0
WARNING:  Option 'mip_integral_gap_abs' deprecated, please use 'mip_opt_gap_abs'.
WARNING:  Option 'mip_integral_gap_rel' deprecated, please use 'mip_opt_gap_rel'.
WARNING:  Option 'mip_integral_gap_abs' deprecated, please use 'mip_opt_gap_abs'.
WARNING:  Option 'mip_integral_gap_rel' deprecated, please use 'mip_opt_gap_rel'.
WARNING:  Option 'mip_integral_gap_abs' deprecated, please use 'mip_opt_gap_abs'.
WARNING:  Option 'mip_integral_gap_rel' deprecated, please use 'mip_opt_gap_rel'.
WARNING:  Option 'mip_integral_gap_abs' deprecated, please use 'mip_opt_gap_abs'.
WARNING:  Option 'mip_integral_gap_rel' deprecated, please use 'mip_opt_gap_rel'.
WARNING:  Option 'mip_integral_gap_abs' deprecated, please use 'mip_opt_gap_abs'.
WARNING:  Option 'mip_integral_gap_rel' deprecated, please use 'mip_opt_gap_rel'.
WARNING:  Option 'mip_integral_gap_abs' deprecated, please use 'mip_opt_gap_abs'.
WARNING:  Option 'mip_integral_gap_rel' deprecated, please use 'mip_opt_gap_rel'.
     114    9.011205e-01   0.000e+00   3.861e-03   1.265e-03        0
WARNING:  Option 'mip_integral_gap_abs' deprecated, please use 'mip_opt_gap_abs'.
WARNING:  Option 'mip_integral_gap_rel' deprecated, please use 'mip_opt_gap_rel'.
WARNING:  Option 'mip_integral_gap_abs' deprecated, please use 'mip_opt_gap_abs'.
WARNING:  Option 'mip_integral_gap_rel' deprecated, please use 'mip_opt_gap_rel'.
WARNING:  Option 'mip_integral_gap_abs' deprecated, please use 'mip_opt_gap_abs'.
WARNING:  Option 'mip_integral_gap_rel' deprecated, please use 'mip_opt_gap_rel'.
WARNING:  Option 'mip_integral_gap_abs' deprecated, please use 'mip_opt_gap_abs'.
WARNING:  Option 'mip_integral_gap_rel' deprecated, please use 'mip_opt_gap_rel'.
WARNING:  Option 'mip_integral_gap_abs' deprecated, please use 'mip_opt_gap_abs'.
WARNING:  Option 'mip_integral_gap_rel' deprecated, please use 'mip_opt_gap_rel'.
WARNING:  Option 'mip_integral_gap_abs' deprecated, please use 'mip_opt_gap_abs'.
WARNING:  Option 'mip_integral_gap_rel' deprecated, please use 'mip_opt_gap_rel'.
WARNING:  Option 'mip_integral_gap_abs' deprecated, please use 'mip_opt_gap_abs'.
WARNING:  Option 'mip_integral_gap_rel' deprecated, please use 'mip_opt_gap_rel'.
WARNING:  Option 'mip_integral_gap_abs' deprecated, please use 'mip_opt_gap_abs'.
WARNING:  Option 'mip_integral_gap_rel' deprecated, please use 'mip_opt_gap_rel'.
WARNING:  Option 'mip_integral_gap_abs' deprecated, please use 'mip_opt_gap_abs'.
WARNING:  Option 'mip_integral_gap_rel' deprecated, please use 'mip_opt_gap_rel'.
WARNING:  Option 'mip_integral_gap_abs' deprecated, please use 'mip_opt_gap_abs'.
WARNING:  Option 'mip_integral_gap_rel' deprecated, please use 'mip_opt_gap_rel'.
WARNING:  Option 'mip_integral_gap_abs' deprecated, please use 'mip_opt_gap_abs'.
WARNING:  Option 'mip_integral_gap_rel' deprecated, please use 'mip_opt_gap_rel'.
WARNING:  Option 'mip_integral_gap_abs' deprecated, please use 'mip_opt_gap_abs'.
WARNING:  Option 'mip_integral_gap_rel' deprecated, please use 'mip_opt_gap_rel'.
WARNING:  Option 'mip_integral_gap_abs' deprecated, please use 'mip_opt_gap_abs'.
WARNING:  Option 'mip_integral_gap_rel' deprecated, please use 'mip_opt_gap_rel'.
WARNING:  Option 'mip_integral_gap_abs' deprecated, please use 'mip_opt_gap_abs'.
WARNING:  Option 'mip_integral_gap_rel' deprecated, please use 'mip_opt_gap_rel'.
WARNING:  Option 'mip_integral_gap_abs' deprecated, please use 'mip_opt_gap_abs'.
WARNING:  Option 'mip_integral_gap_rel' deprecated, please use 'mip_opt_gap_rel'.
WARNING:  Option 'mip_integral_gap_abs' deprecated, please use 'mip_opt_gap_abs'.
WARNING:  Option 'mip_integral_gap_rel' deprecated, please use 'mip_opt_gap_rel'.
WARNING:  Option 'mip_integral_gap_abs' deprecated, please use 'mip_opt_gap_abs'.
WARNING:  Option 'mip_integral_gap_rel' deprecated, please use 'mip_opt_gap_rel'.
WARNING:  Option 'mip_integral_gap_abs' deprecated, please use 'mip_opt_gap_abs'.
WARNING:  Option 'mip_integral_gap_rel' deprecated, please use 'mip_opt_gap_rel'.
WARNING:  Option 'mip_integral_gap_abs' deprecated, please use 'mip_opt_gap_abs'.
WARNING:  Option 'mip_integral_gap_rel' deprecated, please use 'mip_opt_gap_rel'.
WARNING:  Option 'mip_integral_gap_abs' deprecated, please use 'mip_opt_gap_abs'.
WARNING:  Option 'mip_integral_gap_rel' deprecated, please use 'mip_opt_gap_rel'.
WARNING:  Option 'mip_integral_gap_abs' deprecated, please use 'mip_opt_gap_abs'.
WARNING:  Option 'mip_integral_gap_rel' deprecated, please use 'mip_opt_gap_rel'.
     115    9.011197e-01   0.000e+00   9.083e-03   9.662e-05        1
WARNING:  Option 'mip_integral_gap_abs' deprecated, please use 'mip_opt_gap_abs'.
WARNING:  Option 'mip_integral_gap_rel' deprecated, please use 'mip_opt_gap_rel'.
WARNING:  Option 'mip_integral_gap_abs' deprecated, please use 'mip_opt_gap_abs'.
WARNING:  Option 'mip_integral_gap_rel' deprecated, please use 'mip_opt_gap_rel'.
WARNING:  Option 'mip_integral_gap_abs' deprecated, please use 'mip_opt_gap_abs'.
WARNING:  Option 'mip_integral_gap_rel' deprecated, please use 'mip_opt_gap_rel'.
WARNING:  Option 'mip_integral_gap_abs' deprecated, please use 'mip_opt_gap_abs'.
WARNING:  Option 'mip_integral_gap_rel' deprecated, please use 'mip_opt_gap_rel'.
WARNING:  Option 'mip_integral_gap_abs' deprecated, please use 'mip_opt_gap_abs'.
WARNING:  Option 'mip_integral_gap_rel' deprecated, please use 'mip_opt_gap_rel'.
WARNING:  Option 'mip_integral_gap_abs' deprecated, please use 'mip_opt_gap_abs'.
WARNING:  Option 'mip_integral_gap_rel' deprecated, please use 'mip_opt_gap_rel'.
WARNING:  Option 'mip_integral_gap_abs' deprecated, please use 'mip_opt_gap_abs'.
WARNING:  Option 'mip_integral_gap_rel' deprecated, please use 'mip_opt_gap_rel'.
WARNING:  Option 'mip_integral_gap_abs' deprecated, please use 'mip_opt_gap_abs'.
WARNING:  Option 'mip_integral_gap_rel' deprecated, please use 'mip_opt_gap_rel'.
WARNING:  Option 'mip_integral_gap_abs' deprecated, please use 'mip_opt_gap_abs'.
WARNING:  Option 'mip_integral_gap_rel' deprecated, please use 'mip_opt_gap_rel'.
WARNING:  Option 'mip_integral_gap_abs' deprecated, please use 'mip_opt_gap_abs'.
WARNING:  Option 'mip_integral_gap_rel' deprecated, please use 'mip_opt_gap_rel'.
WARNING:  Option 'mip_integral_gap_abs' deprecated, please use 'mip_opt_gap_abs'.
WARNING:  Option 'mip_integral_gap_rel' deprecated, please use 'mip_opt_gap_rel'.
WARNING:  Option 'mip_integral_gap_abs' deprecated, please use 'mip_opt_gap_abs'.
WARNING:  Option 'mip_integral_gap_rel' deprecated, please use 'mip_opt_gap_rel'.
WARNING:  Option 'mip_integral_gap_abs' deprecated, please use 'mip_opt_gap_abs'.
WARNING:  Option 'mip_integral_gap_rel' deprecated, please use 'mip_opt_gap_rel'.
WARNING:  Option 'mip_integral_gap_abs' deprecated, please use 'mip_opt_gap_abs'.
WARNING:  Option 'mip_integral_gap_rel' deprecated, please use 'mip_opt_gap_rel'.
WARNING:  Option 'mip_integral_gap_abs' deprecated, please use 'mip_opt_gap_abs'.
WARNING:  Option 'mip_integral_gap_rel' deprecated, please use 'mip_opt_gap_rel'.
WARNING:  Option 'mip_integral_gap_abs' deprecated, please use 'mip_opt_gap_abs'.
WARNING:  Option 'mip_integral_gap_rel' deprecated, please use 'mip_opt_gap_rel'.
WARNING:  Option 'mip_integral_gap_abs' deprecated, please use 'mip_opt_gap_abs'.
WARNING:  Option 'mip_integral_gap_rel' deprecated, please use 'mip_opt_gap_rel'.
     116    9.011195e-01   0.000e+00   1.160e-02   3.453e-05        1
WARNING:  Option 'mip_integral_gap_abs' deprecated, please use 'mip_opt_gap_abs'.
WARNING:  Option 'mip_integral_gap_rel' deprecated, please use 'mip_opt_gap_rel'.
WARNING:  Option 'mip_integral_gap_abs' deprecated, please use 'mip_opt_gap_abs'.
WARNING:  Option 'mip_integral_gap_rel' deprecated, please use 'mip_opt_gap_rel'.
WARNING:  Option 'mip_integral_gap_abs' deprecated, please use 'mip_opt_gap_abs'.
WARNING:  Option 'mip_integral_gap_rel' deprecated, please use 'mip_opt_gap_rel'.
WARNING:  Option 'mip_integral_gap_abs' deprecated, please use 'mip_opt_gap_abs'.
WARNING:  Option 'mip_integral_gap_rel' deprecated, please use 'mip_opt_gap_rel'.
     117    9.011195e-01   0.000e+00   1.085e-02   1.070e-05        0
WARNING:  Option 'mip_integral_gap_abs' deprecated, please use 'mip_opt_gap_abs'.
WARNING:  Option 'mip_integral_gap_rel' deprecated, please use 'mip_opt_gap_rel'.
WARNING:  Option 'mip_integral_gap_abs' deprecated, please use 'mip_opt_gap_abs'.
WARNING:  Option 'mip_integral_gap_rel' deprecated, please use 'mip_opt_gap_rel'.
WARNING:  Option 'mip_integral_gap_abs' deprecated, please use 'mip_opt_gap_abs'.
WARNING:  Option 'mip_integral_gap_rel' deprecated, please use 'mip_opt_gap_rel'.
     118    9.010894e-01   0.000e+00   3.779e-03   8.526e-03        0
WARNING:  Option 'mip_integral_gap_abs' deprecated, please use 'mip_opt_gap_abs'.
WARNING:  Option 'mip_integral_gap_rel' deprecated, please use 'mip_opt_gap_rel'.
WARNING:  Option 'mip_integral_gap_abs' deprecated, please use 'mip_opt_gap_abs'.
WARNING:  Option 'mip_integral_gap_rel' deprecated, please use 'mip_opt_gap_rel'.
WARNING:  Option 'mip_integral_gap_abs' deprecated, please use 'mip_opt_gap_abs'.
WARNING:  Option 'mip_integral_gap_rel' deprecated, please use 'mip_opt_gap_rel'.
WARNING:  Option 'mip_integral_gap_abs' deprecated, please use 'mip_opt_gap_abs'.
WARNING:  Option 'mip_integral_gap_rel' deprecated, please use 'mip_opt_gap_rel'.
WARNING:  Option 'mip_integral_gap_abs' deprecated, please use 'mip_opt_gap_abs'.
WARNING:  Option 'mip_integral_gap_rel' deprecated, please use 'mip_opt_gap_rel'.
     119    9.010820e-01   0.000e+00   8.355e-03   2.335e-03        0
WARNING:  Option 'mip_integral_gap_abs' deprecated, please use 'mip_opt_gap_abs'.
WARNING:  Option 'mip_integral_gap_rel' deprecated, please use 'mip_opt_gap_rel'.
WARNING:  Option 'mip_integral_gap_abs' deprecated, please use 'mip_opt_gap_abs'.
WARNING:  Option 'mip_integral_gap_rel' deprecated, please use 'mip_opt_gap_rel'.
WARNING:  Option 'mip_integral_gap_abs' deprecated, please use 'mip_opt_gap_abs'.
WARNING:  Option 'mip_integral_gap_rel' deprecated, please use 'mip_opt_gap_rel'.
WARNING:  Option 'mip_integral_gap_abs' deprecated, please use 'mip_opt_gap_abs'.
WARNING:  Option 'mip_integral_gap_rel' deprecated, please use 'mip_opt_gap_rel'.
WARNING:  Option 'mip_integral_gap_abs' deprecated, please use 'mip_opt_gap_abs'.
WARNING:  Option 'mip_integral_gap_rel' deprecated, please use 'mip_opt_gap_rel'.
WARNING:  Option 'mip_integral_gap_abs' deprecated, please use 'mip_opt_gap_abs'.
WARNING:  Option 'mip_integral_gap_rel' deprecated, please use 'mip_opt_gap_rel'.
     120    9.010800e-01   0.000e+00   6.005e-03   8.509e-04        0
WARNING:  Option 'mip_integral_gap_abs' deprecated, please use 'mip_opt_gap_abs'.
WARNING:  Option 'mip_integral_gap_rel' deprecated, please use 'mip_opt_gap_rel'.
WARNING:  Option 'mip_integral_gap_abs' deprecated, please use 'mip_opt_gap_abs'.
WARNING:  Option 'mip_integral_gap_rel' deprecated, please use 'mip_opt_gap_rel'.
WARNING:  Option 'mip_integral_gap_abs' deprecated, please use 'mip_opt_gap_abs'.
WARNING:  Option 'mip_integral_gap_rel' deprecated, please use 'mip_opt_gap_rel'.
     121    9.010742e-01   0.000e+00   7.724e-03   2.971e-03        0
WARNING:  Option 'mip_integral_gap_abs' deprecated, please use 'mip_opt_gap_abs'.
WARNING:  Option 'mip_integral_gap_rel' deprecated, please use 'mip_opt_gap_rel'.
WARNING:  Option 'mip_integral_gap_abs' deprecated, please use 'mip_opt_gap_abs'.
WARNING:  Option 'mip_integral_gap_rel' deprecated, please use 'mip_opt_gap_rel'.
     122    9.010709e-01   0.000e+00   3.313e-03   1.669e-03        0
WARNING:  Option 'mip_integral_gap_abs' deprecated, please use 'mip_opt_gap_abs'.
WARNING:  Option 'mip_integral_gap_rel' deprecated, please use 'mip_opt_gap_rel'.
WARNING:  Option 'mip_integral_gap_abs' deprecated, please use 'mip_opt_gap_abs'.
WARNING:  Option 'mip_integral_gap_rel' deprecated, please use 'mip_opt_gap_rel'.
     123    9.010339e-01   0.000e+00   4.479e-02   1.766e-02        0
WARNING:  Option 'mip_integral_gap_abs' deprecated, please use 'mip_opt_gap_abs'.
WARNING:  Option 'mip_integral_gap_rel' deprecated, please use 'mip_opt_gap_rel'.
WARNING:  Option 'mip_integral_gap_abs' deprecated, please use 'mip_opt_gap_abs'.
WARNING:  Option 'mip_integral_gap_rel' deprecated, please use 'mip_opt_gap_rel'.
WARNING:  Option 'mip_integral_gap_abs' deprecated, please use 'mip_opt_gap_abs'.
WARNING:  Option 'mip_integral_gap_rel' deprecated, please use 'mip_opt_gap_rel'.
WARNING:  Option 'mip_integral_gap_abs' deprecated, please use 'mip_opt_gap_abs'.
WARNING:  Option 'mip_integral_gap_rel' deprecated, please use 'mip_opt_gap_rel'.
WARNING:  Option 'mip_integral_gap_abs' deprecated, please use 'mip_opt_gap_abs'.
WARNING:  Option 'mip_integral_gap_rel' deprecated, please use 'mip_opt_gap_rel'.
WARNING:  Option 'mip_integral_gap_abs' deprecated, please use 'mip_opt_gap_abs'.
WARNING:  Option 'mip_integral_gap_rel' deprecated, please use 'mip_opt_gap_rel'.
WARNING:  Option 'mip_integral_gap_abs' deprecated, please use 'mip_opt_gap_abs'.
WARNING:  Option 'mip_integral_gap_rel' deprecated, please use 'mip_opt_gap_rel'.
WARNING:  Option 'mip_integral_gap_abs' deprecated, please use 'mip_opt_gap_abs'.
WARNING:  Option 'mip_integral_gap_rel' deprecated, please use 'mip_opt_gap_rel'.
WARNING:  Option 'mip_integral_gap_abs' deprecated, please use 'mip_opt_gap_abs'.
WARNING:  Option 'mip_integral_gap_rel' deprecated, please use 'mip_opt_gap_rel'.
WARNING:  Option 'mip_integral_gap_abs' deprecated, please use 'mip_opt_gap_abs'.
WARNING:  Option 'mip_integral_gap_rel' deprecated, please use 'mip_opt_gap_rel'.
WARNING:  Option 'mip_integral_gap_abs' deprecated, please use 'mip_opt_gap_abs'.
WARNING:  Option 'mip_integral_gap_rel' deprecated, please use 'mip_opt_gap_rel'.
WARNING:  Option 'mip_integral_gap_abs' deprecated, please use 'mip_opt_gap_abs'.
WARNING:  Option 'mip_integral_gap_rel' deprecated, please use 'mip_opt_gap_rel'.
     124    9.008451e-01   0.000e+00   4.145e-02   5.558e-03       32
WARNING:  Option 'mip_integral_gap_abs' deprecated, please use 'mip_opt_gap_abs'.
WARNING:  Option 'mip_integral_gap_rel' deprecated, please use 'mip_opt_gap_rel'.
WARNING:  Option 'mip_integral_gap_abs' deprecated, please use 'mip_opt_gap_abs'.
WARNING:  Option 'mip_integral_gap_rel' deprecated, please use 'mip_opt_gap_rel'.
WARNING:  Option 'mip_integral_gap_abs' deprecated, please use 'mip_opt_gap_abs'.
WARNING:  Option 'mip_integral_gap_rel' deprecated, please use 'mip_opt_gap_rel'.
WARNING:  Option 'mip_integral_gap_abs' deprecated, please use 'mip_opt_gap_abs'.
WARNING:  Option 'mip_integral_gap_rel' deprecated, please use 'mip_opt_gap_rel'.
WARNING:  Option 'mip_integral_gap_abs' deprecated, please use 'mip_opt_gap_abs'.
WARNING:  Option 'mip_integral_gap_rel' deprecated, please use 'mip_opt_gap_rel'.
WARNING:  Option 'mip_integral_gap_abs' deprecated, please use 'mip_opt_gap_abs'.
WARNING:  Option 'mip_integral_gap_rel' deprecated, please use 'mip_opt_gap_rel'.
WARNING:  Option 'mip_integral_gap_abs' deprecated, please use 'mip_opt_gap_abs'.
WARNING:  Option 'mip_integral_gap_rel' deprecated, please use 'mip_opt_gap_rel'.
WARNING:  Option 'mip_integral_gap_abs' deprecated, please use 'mip_opt_gap_abs'.
WARNING:  Option 'mip_integral_gap_rel' deprecated, please use 'mip_opt_gap_rel'.
WARNING:  Option 'mip_integral_gap_abs' deprecated, please use 'mip_opt_gap_abs'.
WARNING:  Option 'mip_integral_gap_rel' deprecated, please use 'mip_opt_gap_rel'.
WARNING:  Option 'mip_integral_gap_abs' deprecated, please use 'mip_opt_gap_abs'.
WARNING:  Option 'mip_integral_gap_rel' deprecated, please use 'mip_opt_gap_rel'.
WARNING:  Option 'mip_integral_gap_abs' deprecated, please use 'mip_opt_gap_abs'.
WARNING:  Option 'mip_integral_gap_rel' deprecated, please use 'mip_opt_gap_rel'.
WARNING:  Option 'mip_integral_gap_abs' deprecated, please use 'mip_opt_gap_abs'.
WARNING:  Option 'mip_integral_gap_rel' deprecated, please use 'mip_opt_gap_rel'.
WARNING:  Option 'mip_integral_gap_abs' deprecated, please use 'mip_opt_gap_abs'.
WARNING:  Option 'mip_integral_gap_rel' deprecated, please use 'mip_opt_gap_rel'.
WARNING:  Option 'mip_integral_gap_abs' deprecated, please use 'mip_opt_gap_abs'.
WARNING:  Option 'mip_integral_gap_rel' deprecated, please use 'mip_opt_gap_rel'.
WARNING:  Option 'mip_integral_gap_abs' deprecated, please use 'mip_opt_gap_abs'.
WARNING:  Option 'mip_integral_gap_rel' deprecated, please use 'mip_opt_gap_rel'.
WARNING:  Option 'mip_integral_gap_abs' deprecated, please use 'mip_opt_gap_abs'.
WARNING:  Option 'mip_integral_gap_rel' deprecated, please use 'mip_opt_gap_rel'.
WARNING:  Option 'mip_integral_gap_abs' deprecated, please use 'mip_opt_gap_abs'.
WARNING:  Option 'mip_integral_gap_rel' deprecated, please use 'mip_opt_gap_rel'.
WARNING:  Option 'mip_integral_gap_abs' deprecated, please use 'mip_opt_gap_abs'.
WARNING:  Option 'mip_integral_gap_rel' deprecated, please use 'mip_opt_gap_rel'.
WARNING:  Option 'mip_integral_gap_abs' deprecated, please use 'mip_opt_gap_abs'.
WARNING:  Option 'mip_integral_gap_rel' deprecated, please use 'mip_opt_gap_rel'.
WARNING:  Option 'mip_integral_gap_abs' deprecated, please use 'mip_opt_gap_abs'.
WARNING:  Option 'mip_integral_gap_rel' deprecated, please use 'mip_opt_gap_rel'.
WARNING:  Option 'mip_integral_gap_abs' deprecated, please use 'mip_opt_gap_abs'.
WARNING:  Option 'mip_integral_gap_rel' deprecated, please use 'mip_opt_gap_rel'.
WARNING:  Option 'mip_integral_gap_abs' deprecated, please use 'mip_opt_gap_abs'.
WARNING:  Option 'mip_integral_gap_rel' deprecated, please use 'mip_opt_gap_rel'.
     125    9.008450e-01   0.000e+00   4.145e-02   1.074e-06        1
WARNING:  Option 'mip_integral_gap_abs' deprecated, please use 'mip_opt_gap_abs'.
WARNING:  Option 'mip_integral_gap_rel' deprecated, please use 'mip_opt_gap_rel'.
WARNING:  Option 'mip_integral_gap_abs' deprecated, please use 'mip_opt_gap_abs'.
WARNING:  Option 'mip_integral_gap_rel' deprecated, please use 'mip_opt_gap_rel'.
WARNING:  Option 'mip_integral_gap_abs' deprecated, please use 'mip_opt_gap_abs'.
WARNING:  Option 'mip_integral_gap_rel' deprecated, please use 'mip_opt_gap_rel'.
WARNING:  Option 'mip_integral_gap_abs' deprecated, please use 'mip_opt_gap_abs'.
WARNING:  Option 'mip_integral_gap_rel' deprecated, please use 'mip_opt_gap_rel'.
     126    9.008450e-01   0.000e+00   4.145e-02   2.708e-07        0
WARNING:  Option 'mip_integral_gap_abs' deprecated, please use 'mip_opt_gap_abs'.
WARNING:  Option 'mip_integral_gap_rel' deprecated, please use 'mip_opt_gap_rel'.
WARNING:  Option 'mip_integral_gap_abs' deprecated, please use 'mip_opt_gap_abs'.
WARNING:  Option 'mip_integral_gap_rel' deprecated, please use 'mip_opt_gap_rel'.
     127    9.008440e-01   0.000e+00   1.731e-02   4.274e-05        3
WARNING:  Option 'mip_integral_gap_abs' deprecated, please use 'mip_opt_gap_abs'.
WARNING:  Option 'mip_integral_gap_rel' deprecated, please use 'mip_opt_gap_rel'.
WARNING:  Option 'mip_integral_gap_abs' deprecated, please use 'mip_opt_gap_abs'.
WARNING:  Option 'mip_integral_gap_rel' deprecated, please use 'mip_opt_gap_rel'.
WARNING:  Option 'mip_integral_gap_abs' deprecated, please use 'mip_opt_gap_abs'.
WARNING:  Option 'mip_integral_gap_rel' deprecated, please use 'mip_opt_gap_rel'.
WARNING:  Option 'mip_integral_gap_abs' deprecated, please use 'mip_opt_gap_abs'.
WARNING:  Option 'mip_integral_gap_rel' deprecated, please use 'mip_opt_gap_rel'.
     128    9.008440e-01   0.000e+00   1.731e-02   2.324e-06        0
WARNING:  Option 'mip_integral_gap_abs' deprecated, please use 'mip_opt_gap_abs'.
WARNING:  Option 'mip_integral_gap_rel' deprecated, please use 'mip_opt_gap_rel'.
WARNING:  Option 'mip_integral_gap_abs' deprecated, please use 'mip_opt_gap_abs'.
WARNING:  Option 'mip_integral_gap_rel' deprecated, please use 'mip_opt_gap_rel'.
WARNING:  Option 'mip_integral_gap_abs' deprecated, please use 'mip_opt_gap_abs'.
WARNING:  Option 'mip_integral_gap_rel' deprecated, please use 'mip_opt_gap_rel'.
WARNING:  Option 'mip_integral_gap_abs' deprecated, please use 'mip_opt_gap_abs'.
WARNING:  Option 'mip_integral_gap_rel' deprecated, please use 'mip_opt_gap_rel'.
WARNING:  Option 'mip_integral_gap_abs' deprecated, please use 'mip_opt_gap_abs'.
WARNING:  Option 'mip_integral_gap_rel' deprecated, please use 'mip_opt_gap_rel'.
     129    9.008255e-01   0.000e+00   3.063e-02   1.339e-03        0
WARNING:  Option 'mip_integral_gap_abs' deprecated, please use 'mip_opt_gap_abs'.
WARNING:  Option 'mip_integral_gap_rel' deprecated, please use 'mip_opt_gap_rel'.
WARNING:  Option 'mip_integral_gap_abs' deprecated, please use 'mip_opt_gap_abs'.
WARNING:  Option 'mip_integral_gap_rel' deprecated, please use 'mip_opt_gap_rel'.
WARNING:  Option 'mip_integral_gap_abs' deprecated, please use 'mip_opt_gap_abs'.
WARNING:  Option 'mip_integral_gap_rel' deprecated, please use 'mip_opt_gap_rel'.
WARNING:  Option 'mip_integral_gap_abs' deprecated, please use 'mip_opt_gap_abs'.
WARNING:  Option 'mip_integral_gap_rel' deprecated, please use 'mip_opt_gap_rel'.
WARNING:  Option 'mip_integral_gap_abs' deprecated, please use 'mip_opt_gap_abs'.
WARNING:  Option 'mip_integral_gap_rel' deprecated, please use 'mip_opt_gap_rel'.
WARNING:  Option 'mip_integral_gap_abs' deprecated, please use 'mip_opt_gap_abs'.
WARNING:  Option 'mip_integral_gap_rel' deprecated, please use 'mip_opt_gap_rel'.
WARNING:  Option 'mip_integral_gap_abs' deprecated, please use 'mip_opt_gap_abs'.
WARNING:  Option 'mip_integral_gap_rel' deprecated, please use 'mip_opt_gap_rel'.
WARNING:  Option 'mip_integral_gap_abs' deprecated, please use 'mip_opt_gap_abs'.
WARNING:  Option 'mip_integral_gap_rel' deprecated, please use 'mip_opt_gap_rel'.
WARNING:  Option 'mip_integral_gap_abs' deprecated, please use 'mip_opt_gap_abs'.
WARNING:  Option 'mip_integral_gap_rel' deprecated, please use 'mip_opt_gap_rel'.
WARNING:  Option 'mip_integral_gap_abs' deprecated, please use 'mip_opt_gap_abs'.
WARNING:  Option 'mip_integral_gap_rel' deprecated, please use 'mip_opt_gap_rel'.
WARNING:  Option 'mip_integral_gap_abs' deprecated, please use 'mip_opt_gap_abs'.
WARNING:  Option 'mip_integral_gap_rel' deprecated, please use 'mip_opt_gap_rel'.
WARNING:  Option 'mip_integral_gap_abs' deprecated, please use 'mip_opt_gap_abs'.
WARNING:  Option 'mip_integral_gap_rel' deprecated, please use 'mip_opt_gap_rel'.
WARNING:  Option 'mip_integral_gap_abs' deprecated, please use 'mip_opt_gap_abs'.
WARNING:  Option 'mip_integral_gap_rel' deprecated, please use 'mip_opt_gap_rel'.
     130    9.008220e-01   0.000e+00   7.897e-02   2.707e-04        1
WARNING:  Option 'mip_integral_gap_abs' deprecated, please use 'mip_opt_gap_abs'.
WARNING:  Option 'mip_integral_gap_rel' deprecated, please use 'mip_opt_gap_rel'.
WARNING:  Option 'mip_integral_gap_abs' deprecated, please use 'mip_opt_gap_abs'.
WARNING:  Option 'mip_integral_gap_rel' deprecated, please use 'mip_opt_gap_rel'.
WARNING:  Option 'mip_integral_gap_abs' deprecated, please use 'mip_opt_gap_abs'.
WARNING:  Option 'mip_integral_gap_rel' deprecated, please use 'mip_opt_gap_rel'.
     131    9.008067e-01   1.341e-07   7.178e-03   5.667e-03        0
WARNING:  Option 'mip_integral_gap_abs' deprecated, please use 'mip_opt_gap_abs'.
WARNING:  Option 'mip_integral_gap_rel' deprecated, please use 'mip_opt_gap_rel'.
WARNING:  Option 'mip_integral_gap_abs' deprecated, please use 'mip_opt_gap_abs'.
WARNING:  Option 'mip_integral_gap_rel' deprecated, please use 'mip_opt_gap_rel'.
WARNING:  Option 'mip_integral_gap_abs' deprecated, please use 'mip_opt_gap_abs'.
WARNING:  Option 'mip_integral_gap_rel' deprecated, please use 'mip_opt_gap_rel'.
     132    9.008025e-01   1.178e-06   8.040e-03   1.193e-02        0
WARNING:  Option 'mip_integral_gap_abs' deprecated, please use 'mip_opt_gap_abs'.
WARNING:  Option 'mip_integral_gap_rel' deprecated, please use 'mip_opt_gap_rel'.
WARNING:  Option 'mip_integral_gap_abs' deprecated, please use 'mip_opt_gap_abs'.
WARNING:  Option 'mip_integral_gap_rel' deprecated, please use 'mip_opt_gap_rel'.
     133    9.007989e-01   0.000e+00   7.820e-03   3.889e-03        0
WARNING:  Option 'mip_integral_gap_abs' deprecated, please use 'mip_opt_gap_abs'.
WARNING:  Option 'mip_integral_gap_rel' deprecated, please use 'mip_opt_gap_rel'.
WARNING:  Option 'mip_integral_gap_abs' deprecated, please use 'mip_opt_gap_abs'.
WARNING:  Option 'mip_integral_gap_rel' deprecated, please use 'mip_opt_gap_rel'.
     134    9.007924e-01   0.000e+00   7.477e-03   5.742e-03        0
WARNING:  Option 'mip_integral_gap_abs' deprecated, please use 'mip_opt_gap_abs'.
WARNING:  Option 'mip_integral_gap_rel' deprecated, please use 'mip_opt_gap_rel'.
WARNING:  Option 'mip_integral_gap_abs' deprecated, please use 'mip_opt_gap_abs'.
WARNING:  Option 'mip_integral_gap_rel' deprecated, please use 'mip_opt_gap_rel'.
WARNING:  Option 'mip_integral_gap_abs' deprecated, please use 'mip_opt_gap_abs'.
WARNING:  Option 'mip_integral_gap_rel' deprecated, please use 'mip_opt_gap_rel'.
WARNING:  Option 'mip_integral_gap_abs' deprecated, please use 'mip_opt_gap_abs'.
WARNING:  Option 'mip_integral_gap_rel' deprecated, please use 'mip_opt_gap_rel'.
WARNING:  Option 'mip_integral_gap_abs' deprecated, please use 'mip_opt_gap_abs'.
WARNING:  Option 'mip_integral_gap_rel' deprecated, please use 'mip_opt_gap_rel'.
WARNING:  Option 'mip_integral_gap_abs' deprecated, please use 'mip_opt_gap_abs'.
WARNING:  Option 'mip_integral_gap_rel' deprecated, please use 'mip_opt_gap_rel'.
WARNING:  Option 'mip_integral_gap_abs' deprecated, please use 'mip_opt_gap_abs'.
WARNING:  Option 'mip_integral_gap_rel' deprecated, please use 'mip_opt_gap_rel'.
WARNING:  Option 'mip_integral_gap_abs' deprecated, please use 'mip_opt_gap_abs'.
WARNING:  Option 'mip_integral_gap_rel' deprecated, please use 'mip_opt_gap_rel'.
WARNING:  Option 'mip_integral_gap_abs' deprecated, please use 'mip_opt_gap_abs'.
WARNING:  Option 'mip_integral_gap_rel' deprecated, please use 'mip_opt_gap_rel'.
WARNING:  Option 'mip_integral_gap_abs' deprecated, please use 'mip_opt_gap_abs'.
WARNING:  Option 'mip_integral_gap_rel' deprecated, please use 'mip_opt_gap_rel'.
WARNING:  Option 'mip_integral_gap_abs' deprecated, please use 'mip_opt_gap_abs'.
WARNING:  Option 'mip_integral_gap_rel' deprecated, please use 'mip_opt_gap_rel'.
WARNING:  Option 'mip_integral_gap_abs' deprecated, please use 'mip_opt_gap_abs'.
WARNING:  Option 'mip_integral_gap_rel' deprecated, please use 'mip_opt_gap_rel'.
WARNING:  Option 'mip_integral_gap_abs' deprecated, please use 'mip_opt_gap_abs'.
WARNING:  Option 'mip_integral_gap_rel' deprecated, please use 'mip_opt_gap_rel'.
WARNING:  Option 'mip_integral_gap_abs' deprecated, please use 'mip_opt_gap_abs'.
WARNING:  Option 'mip_integral_gap_rel' deprecated, please use 'mip_opt_gap_rel'.
WARNING:  Option 'mip_integral_gap_abs' deprecated, please use 'mip_opt_gap_abs'.
WARNING:  Option 'mip_integral_gap_rel' deprecated, please use 'mip_opt_gap_rel'.
     135    9.007917e-01   0.000e+00   6.719e-03   1.116e-03        1
WARNING:  Option 'mip_integral_gap_abs' deprecated, please use 'mip_opt_gap_abs'.
WARNING:  Option 'mip_integral_gap_rel' deprecated, please use 'mip_opt_gap_rel'.
WARNING:  Option 'mip_integral_gap_abs' deprecated, please use 'mip_opt_gap_abs'.
WARNING:  Option 'mip_integral_gap_rel' deprecated, please use 'mip_opt_gap_rel'.
WARNING:  Option 'mip_integral_gap_abs' deprecated, please use 'mip_opt_gap_abs'.
WARNING:  Option 'mip_integral_gap_rel' deprecated, please use 'mip_opt_gap_rel'.
WARNING:  Option 'mip_integral_gap_abs' deprecated, please use 'mip_opt_gap_abs'.
WARNING:  Option 'mip_integral_gap_rel' deprecated, please use 'mip_opt_gap_rel'.
WARNING:  Option 'mip_integral_gap_abs' deprecated, please use 'mip_opt_gap_abs'.
WARNING:  Option 'mip_integral_gap_rel' deprecated, please use 'mip_opt_gap_rel'.
WARNING:  Option 'mip_integral_gap_abs' deprecated, please use 'mip_opt_gap_abs'.
WARNING:  Option 'mip_integral_gap_rel' deprecated, please use 'mip_opt_gap_rel'.
WARNING:  Option 'mip_integral_gap_abs' deprecated, please use 'mip_opt_gap_abs'.
WARNING:  Option 'mip_integral_gap_rel' deprecated, please use 'mip_opt_gap_rel'.
WARNING:  Option 'mip_integral_gap_abs' deprecated, please use 'mip_opt_gap_abs'.
WARNING:  Option 'mip_integral_gap_rel' deprecated, please use 'mip_opt_gap_rel'.
WARNING:  Option 'mip_integral_gap_abs' deprecated, please use 'mip_opt_gap_abs'.
WARNING:  Option 'mip_integral_gap_rel' deprecated, please use 'mip_opt_gap_rel'.
WARNING:  Option 'mip_integral_gap_abs' deprecated, please use 'mip_opt_gap_abs'.
WARNING:  Option 'mip_integral_gap_rel' deprecated, please use 'mip_opt_gap_rel'.
WARNING:  Option 'mip_integral_gap_abs' deprecated, please use 'mip_opt_gap_abs'.
WARNING:  Option 'mip_integral_gap_rel' deprecated, please use 'mip_opt_gap_rel'.
WARNING:  Option 'mip_integral_gap_abs' deprecated, please use 'mip_opt_gap_abs'.
WARNING:  Option 'mip_integral_gap_rel' deprecated, please use 'mip_opt_gap_rel'.
WARNING:  Option 'mip_integral_gap_abs' deprecated, please use 'mip_opt_gap_abs'.
WARNING:  Option 'mip_integral_gap_rel' deprecated, please use 'mip_opt_gap_rel'.
WARNING:  Option 'mip_integral_gap_abs' deprecated, please use 'mip_opt_gap_abs'.
WARNING:  Option 'mip_integral_gap_rel' deprecated, please use 'mip_opt_gap_rel'.
WARNING:  Option 'mip_integral_gap_abs' deprecated, please use 'mip_opt_gap_abs'.
WARNING:  Option 'mip_integral_gap_rel' deprecated, please use 'mip_opt_gap_rel'.
     136    9.007916e-01   0.000e+00   4.394e-02   1.558e-04        1
WARNING:  Option 'mip_integral_gap_abs' deprecated, please use 'mip_opt_gap_abs'.
WARNING:  Option 'mip_integral_gap_rel' deprecated, please use 'mip_opt_gap_rel'.
WARNING:  Option 'mip_integral_gap_abs' deprecated, please use 'mip_opt_gap_abs'.
WARNING:  Option 'mip_integral_gap_rel' deprecated, please use 'mip_opt_gap_rel'.
WARNING:  Option 'mip_integral_gap_abs' deprecated, please use 'mip_opt_gap_abs'.
WARNING:  Option 'mip_integral_gap_rel' deprecated, please use 'mip_opt_gap_rel'.
WARNING:  Option 'mip_integral_gap_abs' deprecated, please use 'mip_opt_gap_abs'.
WARNING:  Option 'mip_integral_gap_rel' deprecated, please use 'mip_opt_gap_rel'.
WARNING:  Option 'mip_integral_gap_abs' deprecated, please use 'mip_opt_gap_abs'.
WARNING:  Option 'mip_integral_gap_rel' deprecated, please use 'mip_opt_gap_rel'.
     137    9.007911e-01   0.000e+00   1.390e-01   4.791e-04        0
WARNING:  Option 'mip_integral_gap_abs' deprecated, please use 'mip_opt_gap_abs'.
WARNING:  Option 'mip_integral_gap_rel' deprecated, please use 'mip_opt_gap_rel'.
WARNING:  Option 'mip_integral_gap_abs' deprecated, please use 'mip_opt_gap_abs'.
WARNING:  Option 'mip_integral_gap_rel' deprecated, please use 'mip_opt_gap_rel'.
WARNING:  Option 'mip_integral_gap_abs' deprecated, please use 'mip_opt_gap_abs'.
WARNING:  Option 'mip_integral_gap_rel' deprecated, please use 'mip_opt_gap_rel'.
     138    9.007892e-01   0.000e+00   7.588e-03   1.122e-03        0
WARNING:  Option 'mip_integral_gap_abs' deprecated, please use 'mip_opt_gap_abs'.
WARNING:  Option 'mip_integral_gap_rel' deprecated, please use 'mip_opt_gap_rel'.
WARNING:  Option 'mip_integral_gap_abs' deprecated, please use 'mip_opt_gap_abs'.
WARNING:  Option 'mip_integral_gap_rel' deprecated, please use 'mip_opt_gap_rel'.
WARNING:  Option 'mip_integral_gap_abs' deprecated, please use 'mip_opt_gap_abs'.
WARNING:  Option 'mip_integral_gap_rel' deprecated, please use 'mip_opt_gap_rel'.
WARNING:  Option 'mip_integral_gap_abs' deprecated, please use 'mip_opt_gap_abs'.
WARNING:  Option 'mip_integral_gap_rel' deprecated, please use 'mip_opt_gap_rel'.
WARNING:  Option 'mip_integral_gap_abs' deprecated, please use 'mip_opt_gap_abs'.
WARNING:  Option 'mip_integral_gap_rel' deprecated, please use 'mip_opt_gap_rel'.
WARNING:  Option 'mip_integral_gap_abs' deprecated, please use 'mip_opt_gap_abs'.
WARNING:  Option 'mip_integral_gap_rel' deprecated, please use 'mip_opt_gap_rel'.
WARNING:  Option 'mip_integral_gap_abs' deprecated, please use 'mip_opt_gap_abs'.
WARNING:  Option 'mip_integral_gap_rel' deprecated, please use 'mip_opt_gap_rel'.
WARNING:  Option 'mip_integral_gap_abs' deprecated, please use 'mip_opt_gap_abs'.
WARNING:  Option 'mip_integral_gap_rel' deprecated, please use 'mip_opt_gap_rel'.
WARNING:  Option 'mip_integral_gap_abs' deprecated, please use 'mip_opt_gap_abs'.
WARNING:  Option 'mip_integral_gap_rel' deprecated, please use 'mip_opt_gap_rel'.
WARNING:  Option 'mip_integral_gap_abs' deprecated, please use 'mip_opt_gap_abs'.
WARNING:  Option 'mip_integral_gap_rel' deprecated, please use 'mip_opt_gap_rel'.
WARNING:  Option 'mip_integral_gap_abs' deprecated, please use 'mip_opt_gap_abs'.
WARNING:  Option 'mip_integral_gap_rel' deprecated, please use 'mip_opt_gap_rel'.
WARNING:  Option 'mip_integral_gap_abs' deprecated, please use 'mip_opt_gap_abs'.
WARNING:  Option 'mip_integral_gap_rel' deprecated, please use 'mip_opt_gap_rel'.
WARNING:  Option 'mip_integral_gap_abs' deprecated, please use 'mip_opt_gap_abs'.
WARNING:  Option 'mip_integral_gap_rel' deprecated, please use 'mip_opt_gap_rel'.
WARNING:  Option 'mip_integral_gap_abs' deprecated, please use 'mip_opt_gap_abs'.
WARNING:  Option 'mip_integral_gap_rel' deprecated, please use 'mip_opt_gap_rel'.
WARNING:  Option 'mip_integral_gap_abs' deprecated, please use 'mip_opt_gap_abs'.
WARNING:  Option 'mip_integral_gap_rel' deprecated, please use 'mip_opt_gap_rel'.
     139    9.007889e-01   0.000e+00   9.866e-03   1.962e-04        1
WARNING:  Option 'mip_integral_gap_abs' deprecated, please use 'mip_opt_gap_abs'.
WARNING:  Option 'mip_integral_gap_rel' deprecated, please use 'mip_opt_gap_rel'.
WARNING:  Option 'mip_integral_gap_abs' deprecated, please use 'mip_opt_gap_abs'.
WARNING:  Option 'mip_integral_gap_rel' deprecated, please use 'mip_opt_gap_rel'.
WARNING:  Option 'mip_integral_gap_abs' deprecated, please use 'mip_opt_gap_abs'.
WARNING:  Option 'mip_integral_gap_rel' deprecated, please use 'mip_opt_gap_rel'.
     140    9.007881e-01   0.000e+00   5.060e-01   6.050e-03        0
WARNING:  Option 'mip_integral_gap_abs' deprecated, please use 'mip_opt_gap_abs'.
WARNING:  Option 'mip_integral_gap_rel' deprecated, please use 'mip_opt_gap_rel'.
WARNING:  Option 'mip_integral_gap_abs' deprecated, please use 'mip_opt_gap_abs'.
WARNING:  Option 'mip_integral_gap_rel' deprecated, please use 'mip_opt_gap_rel'.
WARNING:  Option 'mip_integral_gap_abs' deprecated, please use 'mip_opt_gap_abs'.
WARNING:  Option 'mip_integral_gap_rel' deprecated, please use 'mip_opt_gap_rel'.
     141    9.007865e-01   0.000e+00   1.311e-01   1.953e-04        0
WARNING:  Option 'mip_integral_gap_abs' deprecated, please use 'mip_opt_gap_abs'.
WARNING:  Option 'mip_integral_gap_rel' deprecated, please use 'mip_opt_gap_rel'.
WARNING:  Option 'mip_integral_gap_abs' deprecated, please use 'mip_opt_gap_abs'.
WARNING:  Option 'mip_integral_gap_rel' deprecated, please use 'mip_opt_gap_rel'.
WARNING:  Option 'mip_integral_gap_abs' deprecated, please use 'mip_opt_gap_abs'.
WARNING:  Option 'mip_integral_gap_rel' deprecated, please use 'mip_opt_gap_rel'.
     142    9.007794e-01   0.000e+00   6.614e-02   6.521e-03        0
WARNING:  Option 'mip_integral_gap_abs' deprecated, please use 'mip_opt_gap_abs'.
WARNING:  Option 'mip_integral_gap_rel' deprecated, please use 'mip_opt_gap_rel'.
WARNING:  Option 'mip_integral_gap_abs' deprecated, please use 'mip_opt_gap_abs'.
WARNING:  Option 'mip_integral_gap_rel' deprecated, please use 'mip_opt_gap_rel'.
     143    9.007531e-01   0.000e+00   2.455e-01   2.368e-02        0
WARNING:  Option 'mip_integral_gap_abs' deprecated, please use 'mip_opt_gap_abs'.
WARNING:  Option 'mip_integral_gap_rel' deprecated, please use 'mip_opt_gap_rel'.
WARNING:  Option 'mip_integral_gap_abs' deprecated, please use 'mip_opt_gap_abs'.
WARNING:  Option 'mip_integral_gap_rel' deprecated, please use 'mip_opt_gap_rel'.
WARNING:  Option 'mip_integral_gap_abs' deprecated, please use 'mip_opt_gap_abs'.
WARNING:  Option 'mip_integral_gap_rel' deprecated, please use 'mip_opt_gap_rel'.
WARNING:  Option 'mip_integral_gap_abs' deprecated, please use 'mip_opt_gap_abs'.
WARNING:  Option 'mip_integral_gap_rel' deprecated, please use 'mip_opt_gap_rel'.
     144    9.006212e-01   0.000e+00   8.307e-03   3.968e-03        0
WARNING:  Option 'mip_integral_gap_abs' deprecated, please use 'mip_opt_gap_abs'.
WARNING:  Option 'mip_integral_gap_rel' deprecated, please use 'mip_opt_gap_rel'.
WARNING:  Option 'mip_integral_gap_abs' deprecated, please use 'mip_opt_gap_abs'.
WARNING:  Option 'mip_integral_gap_rel' deprecated, please use 'mip_opt_gap_rel'.
     145    9.005190e-01   3.989e-05   1.528e-02   4.362e-03        0
WARNING:  Option 'mip_integral_gap_abs' deprecated, please use 'mip_opt_gap_abs'.
WARNING:  Option 'mip_integral_gap_rel' deprecated, please use 'mip_opt_gap_rel'.
WARNING:  Option 'mip_integral_gap_abs' deprecated, please use 'mip_opt_gap_abs'.
WARNING:  Option 'mip_integral_gap_rel' deprecated, please use 'mip_opt_gap_rel'.
     146    9.005099e-01   5.350e-05   8.906e-03   9.268e-03        0
WARNING:  Option 'mip_integral_gap_abs' deprecated, please use 'mip_opt_gap_abs'.
WARNING:  Option 'mip_integral_gap_rel' deprecated, please use 'mip_opt_gap_rel'.
WARNING:  Option 'mip_integral_gap_abs' deprecated, please use 'mip_opt_gap_abs'.
WARNING:  Option 'mip_integral_gap_rel' deprecated, please use 'mip_opt_gap_rel'.
     147    9.005068e-01   0.000e+00   8.863e-03   8.988e-03        0
WARNING:  Option 'mip_integral_gap_abs' deprecated, please use 'mip_opt_gap_abs'.
WARNING:  Option 'mip_integral_gap_rel' deprecated, please use 'mip_opt_gap_rel'.
WARNING:  Option 'mip_integral_gap_abs' deprecated, please use 'mip_opt_gap_abs'.
WARNING:  Option 'mip_integral_gap_rel' deprecated, please use 'mip_opt_gap_rel'.
     148    9.004882e-01   0.000e+00   8.229e-03   3.612e-02        0
WARNING:  Option 'mip_integral_gap_abs' deprecated, please use 'mip_opt_gap_abs'.
WARNING:  Option 'mip_integral_gap_rel' deprecated, please use 'mip_opt_gap_rel'.
WARNING:  Option 'mip_integral_gap_abs' deprecated, please use 'mip_opt_gap_abs'.
WARNING:  Option 'mip_integral_gap_rel' deprecated, please use 'mip_opt_gap_rel'.
     149    9.004189e-01   0.000e+00   1.350e+00   4.744e-02        0
WARNING:  Option 'mip_integral_gap_abs' deprecated, please use 'mip_opt_gap_abs'.
WARNING:  Option 'mip_integral_gap_rel' deprecated, please use 'mip_opt_gap_rel'.
WARNING:  Option 'mip_integral_gap_abs' deprecated, please use 'mip_opt_gap_abs'.
WARNING:  Option 'mip_integral_gap_rel' deprecated, please use 'mip_opt_gap_rel'.
WARNING:  Option 'mip_integral_gap_abs' deprecated, please use 'mip_opt_gap_abs'.
WARNING:  Option 'mip_integral_gap_rel' deprecated, please use 'mip_opt_gap_rel'.
     150    9.002554e-01   0.000e+00   8.761e-03   3.245e-03        0
WARNING:  Option 'mip_integral_gap_abs' deprecated, please use 'mip_opt_gap_abs'.
WARNING:  Option 'mip_integral_gap_rel' deprecated, please use 'mip_opt_gap_rel'.
WARNING:  Option 'mip_integral_gap_abs' deprecated, please use 'mip_opt_gap_abs'.
WARNING:  Option 'mip_integral_gap_rel' deprecated, please use 'mip_opt_gap_rel'.
WARNING:  Option 'mip_integral_gap_abs' deprecated, please use 'mip_opt_gap_abs'.
WARNING:  Option 'mip_integral_gap_rel' deprecated, please use 'mip_opt_gap_rel'.
     151    9.002515e-01   0.000e+00   1.515e-02   2.126e-03        0
WARNING:  Option 'mip_integral_gap_abs' deprecated, please use 'mip_opt_gap_abs'.
WARNING:  Option 'mip_integral_gap_rel' deprecated, please use 'mip_opt_gap_rel'.
WARNING:  Option 'mip_integral_gap_abs' deprecated, please use 'mip_opt_gap_abs'.
WARNING:  Option 'mip_integral_gap_rel' deprecated, please use 'mip_opt_gap_rel'.
     152    9.002459e-01   0.000e+00   9.218e-02   1.414e-02        0
WARNING:  Option 'mip_integral_gap_abs' deprecated, please use 'mip_opt_gap_abs'.
WARNING:  Option 'mip_integral_gap_rel' deprecated, please use 'mip_opt_gap_rel'.
WARNING:  Option 'mip_integral_gap_abs' deprecated, please use 'mip_opt_gap_abs'.
WARNING:  Option 'mip_integral_gap_rel' deprecated, please use 'mip_opt_gap_rel'.
WARNING:  Option 'mip_integral_gap_abs' deprecated, please use 'mip_opt_gap_abs'.
WARNING:  Option 'mip_integral_gap_rel' deprecated, please use 'mip_opt_gap_rel'.
WARNING:  Option 'mip_integral_gap_abs' deprecated, please use 'mip_opt_gap_abs'.
WARNING:  Option 'mip_integral_gap_rel' deprecated, please use 'mip_opt_gap_rel'.
WARNING:  Option 'mip_integral_gap_abs' deprecated, please use 'mip_opt_gap_abs'.
WARNING:  Option 'mip_integral_gap_rel' deprecated, please use 'mip_opt_gap_rel'.
WARNING:  Option 'mip_integral_gap_abs' deprecated, please use 'mip_opt_gap_abs'.
WARNING:  Option 'mip_integral_gap_rel' deprecated, please use 'mip_opt_gap_rel'.
WARNING:  Option 'mip_integral_gap_abs' deprecated, please use 'mip_opt_gap_abs'.
WARNING:  Option 'mip_integral_gap_rel' deprecated, please use 'mip_opt_gap_rel'.
WARNING:  Option 'mip_integral_gap_abs' deprecated, please use 'mip_opt_gap_abs'.
WARNING:  Option 'mip_integral_gap_rel' deprecated, please use 'mip_opt_gap_rel'.
WARNING:  Option 'mip_integral_gap_abs' deprecated, please use 'mip_opt_gap_abs'.
WARNING:  Option 'mip_integral_gap_rel' deprecated, please use 'mip_opt_gap_rel'.
WARNING:  Option 'mip_integral_gap_abs' deprecated, please use 'mip_opt_gap_abs'.
WARNING:  Option 'mip_integral_gap_rel' deprecated, please use 'mip_opt_gap_rel'.
WARNING:  Option 'mip_integral_gap_abs' deprecated, please use 'mip_opt_gap_abs'.
WARNING:  Option 'mip_integral_gap_rel' deprecated, please use 'mip_opt_gap_rel'.
WARNING:  Option 'mip_integral_gap_abs' deprecated, please use 'mip_opt_gap_abs'.
WARNING:  Option 'mip_integral_gap_rel' deprecated, please use 'mip_opt_gap_rel'.
WARNING:  Option 'mip_integral_gap_abs' deprecated, please use 'mip_opt_gap_abs'.
WARNING:  Option 'mip_integral_gap_rel' deprecated, please use 'mip_opt_gap_rel'.
WARNING:  Option 'mip_integral_gap_abs' deprecated, please use 'mip_opt_gap_abs'.
WARNING:  Option 'mip_integral_gap_rel' deprecated, please use 'mip_opt_gap_rel'.
WARNING:  Option 'mip_integral_gap_abs' deprecated, please use 'mip_opt_gap_abs'.
WARNING:  Option 'mip_integral_gap_rel' deprecated, please use 'mip_opt_gap_rel'.
     153    9.002443e-01   0.000e+00   9.436e-03   5.983e-04       81
WARNING:  Option 'mip_integral_gap_abs' deprecated, please use 'mip_opt_gap_abs'.
WARNING:  Option 'mip_integral_gap_rel' deprecated, please use 'mip_opt_gap_rel'.
WARNING:  Option 'mip_integral_gap_abs' deprecated, please use 'mip_opt_gap_abs'.
WARNING:  Option 'mip_integral_gap_rel' deprecated, please use 'mip_opt_gap_rel'.
     154    9.002313e-01   1.016e-06   7.151e-03   2.252e-03        0
WARNING:  Option 'mip_integral_gap_abs' deprecated, please use 'mip_opt_gap_abs'.
WARNING:  Option 'mip_integral_gap_rel' deprecated, please use 'mip_opt_gap_rel'.
WARNING:  Option 'mip_integral_gap_abs' deprecated, please use 'mip_opt_gap_abs'.
WARNING:  Option 'mip_integral_gap_rel' deprecated, please use 'mip_opt_gap_rel'.
WARNING:  Option 'mip_integral_gap_abs' deprecated, please use 'mip_opt_gap_abs'.
WARNING:  Option 'mip_integral_gap_rel' deprecated, please use 'mip_opt_gap_rel'.
     155    9.002701e-01   5.412e-07   7.449e-03   6.442e-03        0
WARNING:  Option 'mip_integral_gap_abs' deprecated, please use 'mip_opt_gap_abs'.
WARNING:  Option 'mip_integral_gap_rel' deprecated, please use 'mip_opt_gap_rel'.
WARNING:  Option 'mip_integral_gap_abs' deprecated, please use 'mip_opt_gap_abs'.
WARNING:  Option 'mip_integral_gap_rel' deprecated, please use 'mip_opt_gap_rel'.
     156    9.002574e-01   0.000e+00   8.533e-03   4.359e-03        0
WARNING:  Option 'mip_integral_gap_abs' deprecated, please use 'mip_opt_gap_abs'.
WARNING:  Option 'mip_integral_gap_rel' deprecated, please use 'mip_opt_gap_rel'.
WARNING:  Option 'mip_integral_gap_abs' deprecated, please use 'mip_opt_gap_abs'.
WARNING:  Option 'mip_integral_gap_rel' deprecated, please use 'mip_opt_gap_rel'.
WARNING:  Option 'mip_integral_gap_abs' deprecated, please use 'mip_opt_gap_abs'.
WARNING:  Option 'mip_integral_gap_rel' deprecated, please use 'mip_opt_gap_rel'.
WARNING:  Option 'mip_integral_gap_abs' deprecated, please use 'mip_opt_gap_abs'.
WARNING:  Option 'mip_integral_gap_rel' deprecated, please use 'mip_opt_gap_rel'.
WARNING:  Option 'mip_integral_gap_abs' deprecated, please use 'mip_opt_gap_abs'.
WARNING:  Option 'mip_integral_gap_rel' deprecated, please use 'mip_opt_gap_rel'.
WARNING:  Option 'mip_integral_gap_abs' deprecated, please use 'mip_opt_gap_abs'.
WARNING:  Option 'mip_integral_gap_rel' deprecated, please use 'mip_opt_gap_rel'.
WARNING:  Option 'mip_integral_gap_abs' deprecated, please use 'mip_opt_gap_abs'.
WARNING:  Option 'mip_integral_gap_rel' deprecated, please use 'mip_opt_gap_rel'.
WARNING:  Option 'mip_integral_gap_abs' deprecated, please use 'mip_opt_gap_abs'.
WARNING:  Option 'mip_integral_gap_rel' deprecated, please use 'mip_opt_gap_rel'.
     157    9.002459e-01   0.000e+00   4.532e-02   7.137e-03       36
WARNING:  Option 'mip_integral_gap_abs' deprecated, please use 'mip_opt_gap_abs'.
WARNING:  Option 'mip_integral_gap_rel' deprecated, please use 'mip_opt_gap_rel'.
WARNING:  Option 'mip_integral_gap_abs' deprecated, please use 'mip_opt_gap_abs'.
WARNING:  Option 'mip_integral_gap_rel' deprecated, please use 'mip_opt_gap_rel'.
WARNING:  Option 'mip_integral_gap_abs' deprecated, please use 'mip_opt_gap_abs'.
WARNING:  Option 'mip_integral_gap_rel' deprecated, please use 'mip_opt_gap_rel'.
     158    9.002457e-01   0.000e+00   4.529e-02   9.060e-07        0
WARNING:  Option 'mip_integral_gap_abs' deprecated, please use 'mip_opt_gap_abs'.
WARNING:  Option 'mip_integral_gap_rel' deprecated, please use 'mip_opt_gap_rel'.
WARNING:  Option 'mip_integral_gap_abs' deprecated, please use 'mip_opt_gap_abs'.
WARNING:  Option 'mip_integral_gap_rel' deprecated, please use 'mip_opt_gap_rel'.
WARNING:  Option 'mip_integral_gap_abs' deprecated, please use 'mip_opt_gap_abs'.
WARNING:  Option 'mip_integral_gap_rel' deprecated, please use 'mip_opt_gap_rel'.
WARNING:  Option 'mip_integral_gap_abs' deprecated, please use 'mip_opt_gap_abs'.
WARNING:  Option 'mip_integral_gap_rel' deprecated, please use 'mip_opt_gap_rel'.
WARNING:  Option 'mip_integral_gap_abs' deprecated, please use 'mip_opt_gap_abs'.
WARNING:  Option 'mip_integral_gap_rel' deprecated, please use 'mip_opt_gap_rel'.
WARNING:  Option 'mip_integral_gap_abs' deprecated, please use 'mip_opt_gap_abs'.
WARNING:  Option 'mip_integral_gap_rel' deprecated, please use 'mip_opt_gap_rel'.
WARNING:  Option 'mip_integral_gap_abs' deprecated, please use 'mip_opt_gap_abs'.
WARNING:  Option 'mip_integral_gap_rel' deprecated, please use 'mip_opt_gap_rel'.
WARNING:  Option 'mip_integral_gap_abs' deprecated, please use 'mip_opt_gap_abs'.
WARNING:  Option 'mip_integral_gap_rel' deprecated, please use 'mip_opt_gap_rel'.
WARNING:  Option 'mip_integral_gap_abs' deprecated, please use 'mip_opt_gap_abs'.
WARNING:  Option 'mip_integral_gap_rel' deprecated, please use 'mip_opt_gap_rel'.
WARNING:  Option 'mip_integral_gap_abs' deprecated, please use 'mip_opt_gap_abs'.
WARNING:  Option 'mip_integral_gap_rel' deprecated, please use 'mip_opt_gap_rel'.
WARNING:  Option 'mip_integral_gap_abs' deprecated, please use 'mip_opt_gap_abs'.
WARNING:  Option 'mip_integral_gap_rel' deprecated, please use 'mip_opt_gap_rel'.
WARNING:  Option 'mip_integral_gap_abs' deprecated, please use 'mip_opt_gap_abs'.
WARNING:  Option 'mip_integral_gap_rel' deprecated, please use 'mip_opt_gap_rel'.
     159    9.002262e-01   0.000e+00   4.516e-02   2.048e-05        8
WARNING:  Option 'mip_integral_gap_abs' deprecated, please use 'mip_opt_gap_abs'.
WARNING:  Option 'mip_integral_gap_rel' deprecated, please use 'mip_opt_gap_rel'.
WARNING:  Option 'mip_integral_gap_abs' deprecated, please use 'mip_opt_gap_abs'.
WARNING:  Option 'mip_integral_gap_rel' deprecated, please use 'mip_opt_gap_rel'.
WARNING:  Option 'mip_integral_gap_abs' deprecated, please use 'mip_opt_gap_abs'.
WARNING:  Option 'mip_integral_gap_rel' deprecated, please use 'mip_opt_gap_rel'.
WARNING:  Option 'mip_integral_gap_abs' deprecated, please use 'mip_opt_gap_abs'.
WARNING:  Option 'mip_integral_gap_rel' deprecated, please use 'mip_opt_gap_rel'.
WARNING:  Option 'mip_integral_gap_abs' deprecated, please use 'mip_opt_gap_abs'.
WARNING:  Option 'mip_integral_gap_rel' deprecated, please use 'mip_opt_gap_rel'.
WARNING:  Option 'mip_integral_gap_abs' deprecated, please use 'mip_opt_gap_abs'.
WARNING:  Option 'mip_integral_gap_rel' deprecated, please use 'mip_opt_gap_rel'.
WARNING:  Option 'mip_integral_gap_abs' deprecated, please use 'mip_opt_gap_abs'.
WARNING:  Option 'mip_integral_gap_rel' deprecated, please use 'mip_opt_gap_rel'.
WARNING:  Option 'mip_integral_gap_abs' deprecated, please use 'mip_opt_gap_abs'.
WARNING:  Option 'mip_integral_gap_rel' deprecated, please use 'mip_opt_gap_rel'.
WARNING:  Option 'mip_integral_gap_abs' deprecated, please use 'mip_opt_gap_abs'.
WARNING:  Option 'mip_integral_gap_rel' deprecated, please use 'mip_opt_gap_rel'.
WARNING:  Option 'mip_integral_gap_abs' deprecated, please use 'mip_opt_gap_abs'.
WARNING:  Option 'mip_integral_gap_rel' deprecated, please use 'mip_opt_gap_rel'.
     160    9.002178e-01   0.000e+00   4.515e-02   1.402e-05        1
WARNING:  Option 'mip_integral_gap_abs' deprecated, please use 'mip_opt_gap_abs'.
WARNING:  Option 'mip_integral_gap_rel' deprecated, please use 'mip_opt_gap_rel'.
WARNING:  Option 'mip_integral_gap_abs' deprecated, please use 'mip_opt_gap_abs'.
WARNING:  Option 'mip_integral_gap_rel' deprecated, please use 'mip_opt_gap_rel'.
WARNING:  Option 'mip_integral_gap_abs' deprecated, please use 'mip_opt_gap_abs'.
WARNING:  Option 'mip_integral_gap_rel' deprecated, please use 'mip_opt_gap_rel'.
     161    9.002136e-01   0.000e+00   6.106e-03   7.803e-05        0
WARNING:  Option 'mip_integral_gap_abs' deprecated, please use 'mip_opt_gap_abs'.
WARNING:  Option 'mip_integral_gap_rel' deprecated, please use 'mip_opt_gap_rel'.
WARNING:  Option 'mip_integral_gap_abs' deprecated, please use 'mip_opt_gap_abs'.
WARNING:  Option 'mip_integral_gap_rel' deprecated, please use 'mip_opt_gap_rel'.
     162    9.002132e-01   6.793e-08   5.657e-03   9.586e-05        0
WARNING:  Option 'mip_integral_gap_abs' deprecated, please use 'mip_opt_gap_abs'.
WARNING:  Option 'mip_integral_gap_rel' deprecated, please use 'mip_opt_gap_rel'.
WARNING:  Option 'mip_integral_gap_abs' deprecated, please use 'mip_opt_gap_abs'.
WARNING:  Option 'mip_integral_gap_rel' deprecated, please use 'mip_opt_gap_rel'.
WARNING:  Option 'mip_integral_gap_abs' deprecated, please use 'mip_opt_gap_abs'.
WARNING:  Option 'mip_integral_gap_rel' deprecated, please use 'mip_opt_gap_rel'.
WARNING:  Option 'mip_integral_gap_abs' deprecated, please use 'mip_opt_gap_abs'.
WARNING:  Option 'mip_integral_gap_rel' deprecated, please use 'mip_opt_gap_rel'.
WARNING:  Option 'mip_integral_gap_abs' deprecated, please use 'mip_opt_gap_abs'.
WARNING:  Option 'mip_integral_gap_rel' deprecated, please use 'mip_opt_gap_rel'.
     163    9.002130e-01   1.294e-07   5.165e-03   5.635e-05        0
WARNING:  Option 'mip_integral_gap_abs' deprecated, please use 'mip_opt_gap_abs'.
WARNING:  Option 'mip_integral_gap_rel' deprecated, please use 'mip_opt_gap_rel'.
WARNING:  Option 'mip_integral_gap_abs' deprecated, please use 'mip_opt_gap_abs'.
WARNING:  Option 'mip_integral_gap_rel' deprecated, please use 'mip_opt_gap_rel'.
WARNING:  Option 'mip_integral_gap_abs' deprecated, please use 'mip_opt_gap_abs'.
WARNING:  Option 'mip_integral_gap_rel' deprecated, please use 'mip_opt_gap_rel'.
WARNING:  Option 'mip_integral_gap_abs' deprecated, please use 'mip_opt_gap_abs'.
WARNING:  Option 'mip_integral_gap_rel' deprecated, please use 'mip_opt_gap_rel'.
WARNING:  Option 'mip_integral_gap_abs' deprecated, please use 'mip_opt_gap_abs'.
WARNING:  Option 'mip_integral_gap_rel' deprecated, please use 'mip_opt_gap_rel'.
WARNING:  Option 'mip_integral_gap_abs' deprecated, please use 'mip_opt_gap_abs'.
WARNING:  Option 'mip_integral_gap_rel' deprecated, please use 'mip_opt_gap_rel'.
     164    9.002126e-01   3.115e-07   3.733e-03   5.895e-05        0
WARNING:  Option 'mip_integral_gap_abs' deprecated, please use 'mip_opt_gap_abs'.
WARNING:  Option 'mip_integral_gap_rel' deprecated, please use 'mip_opt_gap_rel'.
WARNING:  Option 'mip_integral_gap_abs' deprecated, please use 'mip_opt_gap_abs'.
WARNING:  Option 'mip_integral_gap_rel' deprecated, please use 'mip_opt_gap_rel'.
WARNING:  Option 'mip_integral_gap_abs' deprecated, please use 'mip_opt_gap_abs'.
WARNING:  Option 'mip_integral_gap_rel' deprecated, please use 'mip_opt_gap_rel'.
WARNING:  Option 'mip_integral_gap_abs' deprecated, please use 'mip_opt_gap_abs'.
WARNING:  Option 'mip_integral_gap_rel' deprecated, please use 'mip_opt_gap_rel'.
WARNING:  Option 'mip_integral_gap_abs' deprecated, please use 'mip_opt_gap_abs'.
WARNING:  Option 'mip_integral_gap_rel' deprecated, please use 'mip_opt_gap_rel'.
WARNING:  Option 'mip_integral_gap_abs' deprecated, please use 'mip_opt_gap_abs'.
WARNING:  Option 'mip_integral_gap_rel' deprecated, please use 'mip_opt_gap_rel'.
WARNING:  Option 'mip_integral_gap_abs' deprecated, please use 'mip_opt_gap_abs'.
WARNING:  Option 'mip_integral_gap_rel' deprecated, please use 'mip_opt_gap_rel'.
WARNING:  Option 'mip_integral_gap_abs' deprecated, please use 'mip_opt_gap_abs'.
WARNING:  Option 'mip_integral_gap_rel' deprecated, please use 'mip_opt_gap_rel'.
WARNING:  Option 'mip_integral_gap_abs' deprecated, please use 'mip_opt_gap_abs'.
WARNING:  Option 'mip_integral_gap_rel' deprecated, please use 'mip_opt_gap_rel'.
     165    9.002112e-01   0.000e+00   2.610e-02   3.066e-04        1
WARNING:  Option 'mip_integral_gap_abs' deprecated, please use 'mip_opt_gap_abs'.
WARNING:  Option 'mip_integral_gap_rel' deprecated, please use 'mip_opt_gap_rel'.
WARNING:  Option 'mip_integral_gap_abs' deprecated, please use 'mip_opt_gap_abs'.
WARNING:  Option 'mip_integral_gap_rel' deprecated, please use 'mip_opt_gap_rel'.
WARNING:  Option 'mip_integral_gap_abs' deprecated, please use 'mip_opt_gap_abs'.
WARNING:  Option 'mip_integral_gap_rel' deprecated, please use 'mip_opt_gap_rel'.
WARNING:  Option 'mip_integral_gap_abs' deprecated, please use 'mip_opt_gap_abs'.
WARNING:  Option 'mip_integral_gap_rel' deprecated, please use 'mip_opt_gap_rel'.
WARNING:  Option 'mip_integral_gap_abs' deprecated, please use 'mip_opt_gap_abs'.
WARNING:  Option 'mip_integral_gap_rel' deprecated, please use 'mip_opt_gap_rel'.
WARNING:  Option 'mip_integral_gap_abs' deprecated, please use 'mip_opt_gap_abs'.
WARNING:  Option 'mip_integral_gap_rel' deprecated, please use 'mip_opt_gap_rel'.
     166    9.002112e-01   0.000e+00   2.698e-02   1.715e-04        0
WARNING:  Option 'mip_integral_gap_abs' deprecated, please use 'mip_opt_gap_abs'.
WARNING:  Option 'mip_integral_gap_rel' deprecated, please use 'mip_opt_gap_rel'.
WARNING:  Option 'mip_integral_gap_abs' deprecated, please use 'mip_opt_gap_abs'.
WARNING:  Option 'mip_integral_gap_rel' deprecated, please use 'mip_opt_gap_rel'.
WARNING:  Option 'mip_integral_gap_abs' deprecated, please use 'mip_opt_gap_abs'.
WARNING:  Option 'mip_integral_gap_rel' deprecated, please use 'mip_opt_gap_rel'.
     167    9.003035e-01   0.000e+00   2.260e+00   8.591e-03        0
WARNING:  Option 'mip_integral_gap_abs' deprecated, please use 'mip_opt_gap_abs'.
WARNING:  Option 'mip_integral_gap_rel' deprecated, please use 'mip_opt_gap_rel'.
WARNING:  Option 'mip_integral_gap_abs' deprecated, please use 'mip_opt_gap_abs'.
WARNING:  Option 'mip_integral_gap_rel' deprecated, please use 'mip_opt_gap_rel'.
     168    9.002674e-01   0.000e+00   5.781e-02   2.905e-03        0
WARNING:  Option 'mip_integral_gap_abs' deprecated, please use 'mip_opt_gap_abs'.
WARNING:  Option 'mip_integral_gap_rel' deprecated, please use 'mip_opt_gap_rel'.
WARNING:  Option 'mip_integral_gap_abs' deprecated, please use 'mip_opt_gap_abs'.
WARNING:  Option 'mip_integral_gap_rel' deprecated, please use 'mip_opt_gap_rel'.
     169    9.002341e-01   0.000e+00   5.784e-02   2.398e-03        0
WARNING:  Option 'mip_integral_gap_abs' deprecated, please use 'mip_opt_gap_abs'.
WARNING:  Option 'mip_integral_gap_rel' deprecated, please use 'mip_opt_gap_rel'.
WARNING:  Option 'mip_integral_gap_abs' deprecated, please use 'mip_opt_gap_abs'.
WARNING:  Option 'mip_integral_gap_rel' deprecated, please use 'mip_opt_gap_rel'.
     170    9.002292e-01   0.000e+00   9.723e-02   2.196e-03        0
WARNING:  Option 'mip_integral_gap_abs' deprecated, please use 'mip_opt_gap_abs'.
WARNING:  Option 'mip_integral_gap_rel' deprecated, please use 'mip_opt_gap_rel'.
WARNING:  Option 'mip_integral_gap_abs' deprecated, please use 'mip_opt_gap_abs'.
WARNING:  Option 'mip_integral_gap_rel' deprecated, please use 'mip_opt_gap_rel'.
     171    9.001994e-01   0.000e+00   2.005e+00   2.500e-02        0
WARNING:  Option 'mip_integral_gap_abs' deprecated, please use 'mip_opt_gap_abs'.
WARNING:  Option 'mip_integral_gap_rel' deprecated, please use 'mip_opt_gap_rel'.
WARNING:  Option 'mip_integral_gap_abs' deprecated, please use 'mip_opt_gap_abs'.
WARNING:  Option 'mip_integral_gap_rel' deprecated, please use 'mip_opt_gap_rel'.
WARNING:  Option 'mip_integral_gap_abs' deprecated, please use 'mip_opt_gap_abs'.
WARNING:  Option 'mip_integral_gap_rel' deprecated, please use 'mip_opt_gap_rel'.
WARNING:  Option 'mip_integral_gap_abs' deprecated, please use 'mip_opt_gap_abs'.
WARNING:  Option 'mip_integral_gap_rel' deprecated, please use 'mip_opt_gap_rel'.
WARNING:  Option 'mip_integral_gap_abs' deprecated, please use 'mip_opt_gap_abs'.
WARNING:  Option 'mip_integral_gap_rel' deprecated, please use 'mip_opt_gap_rel'.
WARNING:  Option 'mip_integral_gap_abs' deprecated, please use 'mip_opt_gap_abs'.
WARNING:  Option 'mip_integral_gap_rel' deprecated, please use 'mip_opt_gap_rel'.
WARNING:  Option 'mip_integral_gap_abs' deprecated, please use 'mip_opt_gap_abs'.
WARNING:  Option 'mip_integral_gap_rel' deprecated, please use 'mip_opt_gap_rel'.
WARNING:  Option 'mip_integral_gap_abs' deprecated, please use 'mip_opt_gap_abs'.
WARNING:  Option 'mip_integral_gap_rel' deprecated, please use 'mip_opt_gap_rel'.
WARNING:  Option 'mip_integral_gap_abs' deprecated, please use 'mip_opt_gap_abs'.
WARNING:  Option 'mip_integral_gap_rel' deprecated, please use 'mip_opt_gap_rel'.
WARNING:  Option 'mip_integral_gap_abs' deprecated, please use 'mip_opt_gap_abs'.
WARNING:  Option 'mip_integral_gap_rel' deprecated, please use 'mip_opt_gap_rel'.
WARNING:  Option 'mip_integral_gap_abs' deprecated, please use 'mip_opt_gap_abs'.
WARNING:  Option 'mip_integral_gap_rel' deprecated, please use 'mip_opt_gap_rel'.
WARNING:  Option 'mip_integral_gap_abs' deprecated, please use 'mip_opt_gap_abs'.
WARNING:  Option 'mip_integral_gap_rel' deprecated, please use 'mip_opt_gap_rel'.
WARNING:  Option 'mip_integral_gap_abs' deprecated, please use 'mip_opt_gap_abs'.
WARNING:  Option 'mip_integral_gap_rel' deprecated, please use 'mip_opt_gap_rel'.
     172    9.001703e-01   0.000e+00   4.511e-02   1.126e-03        1
WARNING:  Option 'mip_integral_gap_abs' deprecated, please use 'mip_opt_gap_abs'.
WARNING:  Option 'mip_integral_gap_rel' deprecated, please use 'mip_opt_gap_rel'.
WARNING:  Option 'mip_integral_gap_abs' deprecated, please use 'mip_opt_gap_abs'.
WARNING:  Option 'mip_integral_gap_rel' deprecated, please use 'mip_opt_gap_rel'.
WARNING:  Option 'mip_integral_gap_abs' deprecated, please use 'mip_opt_gap_abs'.
WARNING:  Option 'mip_integral_gap_rel' deprecated, please use 'mip_opt_gap_rel'.
WARNING:  Option 'mip_integral_gap_abs' deprecated, please use 'mip_opt_gap_abs'.
WARNING:  Option 'mip_integral_gap_rel' deprecated, please use 'mip_opt_gap_rel'.
WARNING:  Option 'mip_integral_gap_abs' deprecated, please use 'mip_opt_gap_abs'.
WARNING:  Option 'mip_integral_gap_rel' deprecated, please use 'mip_opt_gap_rel'.
WARNING:  Option 'mip_integral_gap_abs' deprecated, please use 'mip_opt_gap_abs'.
WARNING:  Option 'mip_integral_gap_rel' deprecated, please use 'mip_opt_gap_rel'.
WARNING:  Option 'mip_integral_gap_abs' deprecated, please use 'mip_opt_gap_abs'.
WARNING:  Option 'mip_integral_gap_rel' deprecated, please use 'mip_opt_gap_rel'.
WARNING:  Option 'mip_integral_gap_abs' deprecated, please use 'mip_opt_gap_abs'.
WARNING:  Option 'mip_integral_gap_rel' deprecated, please use 'mip_opt_gap_rel'.
WARNING:  Option 'mip_integral_gap_abs' deprecated, please use 'mip_opt_gap_abs'.
WARNING:  Option 'mip_integral_gap_rel' deprecated, please use 'mip_opt_gap_rel'.
WARNING:  Option 'mip_integral_gap_abs' deprecated, please use 'mip_opt_gap_abs'.
WARNING:  Option 'mip_integral_gap_rel' deprecated, please use 'mip_opt_gap_rel'.
WARNING:  Option 'mip_integral_gap_abs' deprecated, please use 'mip_opt_gap_abs'.
WARNING:  Option 'mip_integral_gap_rel' deprecated, please use 'mip_opt_gap_rel'.
WARNING:  Option 'mip_integral_gap_abs' deprecated, please use 'mip_opt_gap_abs'.
WARNING:  Option 'mip_integral_gap_rel' deprecated, please use 'mip_opt_gap_rel'.
WARNING:  Option 'mip_integral_gap_abs' deprecated, please use 'mip_opt_gap_abs'.
WARNING:  Option 'mip_integral_gap_rel' deprecated, please use 'mip_opt_gap_rel'.
WARNING:  Option 'mip_integral_gap_abs' deprecated, please use 'mip_opt_gap_abs'.
WARNING:  Option 'mip_integral_gap_rel' deprecated, please use 'mip_opt_gap_rel'.
WARNING:  Option 'mip_integral_gap_abs' deprecated, please use 'mip_opt_gap_abs'.
WARNING:  Option 'mip_integral_gap_rel' deprecated, please use 'mip_opt_gap_rel'.
     173    9.001672e-01   0.000e+00   4.047e-02   4.123e-04       54
WARNING:  Option 'mip_integral_gap_abs' deprecated, please use 'mip_opt_gap_abs'.
WARNING:  Option 'mip_integral_gap_rel' deprecated, please use 'mip_opt_gap_rel'.
WARNING:  Option 'mip_integral_gap_abs' deprecated, please use 'mip_opt_gap_abs'.
WARNING:  Option 'mip_integral_gap_rel' deprecated, please use 'mip_opt_gap_rel'.
WARNING:  Option 'mip_integral_gap_abs' deprecated, please use 'mip_opt_gap_abs'.
WARNING:  Option 'mip_integral_gap_rel' deprecated, please use 'mip_opt_gap_rel'.
     174    9.001671e-01   0.000e+00   4.035e-02   1.761e-06        0
WARNING:  Option 'mip_integral_gap_abs' deprecated, please use 'mip_opt_gap_abs'.
WARNING:  Option 'mip_integral_gap_rel' deprecated, please use 'mip_opt_gap_rel'.
WARNING:  Option 'mip_integral_gap_abs' deprecated, please use 'mip_opt_gap_abs'.
WARNING:  Option 'mip_integral_gap_rel' deprecated, please use 'mip_opt_gap_rel'.
WARNING:  Option 'mip_integral_gap_abs' deprecated, please use 'mip_opt_gap_abs'.
WARNING:  Option 'mip_integral_gap_rel' deprecated, please use 'mip_opt_gap_rel'.
WARNING:  Option 'mip_integral_gap_abs' deprecated, please use 'mip_opt_gap_abs'.
WARNING:  Option 'mip_integral_gap_rel' deprecated, please use 'mip_opt_gap_rel'.
WARNING:  Option 'mip_integral_gap_abs' deprecated, please use 'mip_opt_gap_abs'.
WARNING:  Option 'mip_integral_gap_rel' deprecated, please use 'mip_opt_gap_rel'.
     175    9.001626e-01   0.000e+00   3.533e-02   1.616e-04        0
WARNING:  Option 'mip_integral_gap_abs' deprecated, please use 'mip_opt_gap_abs'.
WARNING:  Option 'mip_integral_gap_rel' deprecated, please use 'mip_opt_gap_rel'.
WARNING:  Option 'mip_integral_gap_abs' deprecated, please use 'mip_opt_gap_abs'.
WARNING:  Option 'mip_integral_gap_rel' deprecated, please use 'mip_opt_gap_rel'.
WARNING:  Option 'mip_integral_gap_abs' deprecated, please use 'mip_opt_gap_abs'.
WARNING:  Option 'mip_integral_gap_rel' deprecated, please use 'mip_opt_gap_rel'.
WARNING:  Option 'mip_integral_gap_abs' deprecated, please use 'mip_opt_gap_abs'.
WARNING:  Option 'mip_integral_gap_rel' deprecated, please use 'mip_opt_gap_rel'.
WARNING:  Option 'mip_integral_gap_abs' deprecated, please use 'mip_opt_gap_abs'.
WARNING:  Option 'mip_integral_gap_rel' deprecated, please use 'mip_opt_gap_rel'.
     176    9.001584e-01   0.000e+00   3.092e-02   2.962e-04        0
WARNING:  Option 'mip_integral_gap_abs' deprecated, please use 'mip_opt_gap_abs'.
WARNING:  Option 'mip_integral_gap_rel' deprecated, please use 'mip_opt_gap_rel'.
WARNING:  Option 'mip_integral_gap_abs' deprecated, please use 'mip_opt_gap_abs'.
WARNING:  Option 'mip_integral_gap_rel' deprecated, please use 'mip_opt_gap_rel'.
WARNING:  Option 'mip_integral_gap_abs' deprecated, please use 'mip_opt_gap_abs'.
WARNING:  Option 'mip_integral_gap_rel' deprecated, please use 'mip_opt_gap_rel'.
WARNING:  Option 'mip_integral_gap_abs' deprecated, please use 'mip_opt_gap_abs'.
WARNING:  Option 'mip_integral_gap_rel' deprecated, please use 'mip_opt_gap_rel'.
WARNING:  Option 'mip_integral_gap_abs' deprecated, please use 'mip_opt_gap_abs'.
WARNING:  Option 'mip_integral_gap_rel' deprecated, please use 'mip_opt_gap_rel'.
WARNING:  Option 'mip_integral_gap_abs' deprecated, please use 'mip_opt_gap_abs'.
WARNING:  Option 'mip_integral_gap_rel' deprecated, please use 'mip_opt_gap_rel'.
WARNING:  Option 'mip_integral_gap_abs' deprecated, please use 'mip_opt_gap_abs'.
WARNING:  Option 'mip_integral_gap_rel' deprecated, please use 'mip_opt_gap_rel'.
WARNING:  Option 'mip_integral_gap_abs' deprecated, please use 'mip_opt_gap_abs'.
WARNING:  Option 'mip_integral_gap_rel' deprecated, please use 'mip_opt_gap_rel'.
WARNING:  Option 'mip_integral_gap_abs' deprecated, please use 'mip_opt_gap_abs'.
WARNING:  Option 'mip_integral_gap_rel' deprecated, please use 'mip_opt_gap_rel'.
WARNING:  Option 'mip_integral_gap_abs' deprecated, please use 'mip_opt_gap_abs'.
WARNING:  Option 'mip_integral_gap_rel' deprecated, please use 'mip_opt_gap_rel'.
WARNING:  Option 'mip_integral_gap_abs' deprecated, please use 'mip_opt_gap_abs'.
WARNING:  Option 'mip_integral_gap_rel' deprecated, please use 'mip_opt_gap_rel'.
WARNING:  Option 'mip_integral_gap_abs' deprecated, please use 'mip_opt_gap_abs'.
WARNING:  Option 'mip_integral_gap_rel' deprecated, please use 'mip_opt_gap_rel'.
WARNING:  Option 'mip_integral_gap_abs' deprecated, please use 'mip_opt_gap_abs'.
WARNING:  Option 'mip_integral_gap_rel' deprecated, please use 'mip_opt_gap_rel'.
WARNING:  Option 'mip_integral_gap_abs' deprecated, please use 'mip_opt_gap_abs'.
WARNING:  Option 'mip_integral_gap_rel' deprecated, please use 'mip_opt_gap_rel'.
WARNING:  Option 'mip_integral_gap_abs' deprecated, please use 'mip_opt_gap_abs'.
WARNING:  Option 'mip_integral_gap_rel' deprecated, please use 'mip_opt_gap_rel'.
WARNING:  Option 'mip_integral_gap_abs' deprecated, please use 'mip_opt_gap_abs'.
WARNING:  Option 'mip_integral_gap_rel' deprecated, please use 'mip_opt_gap_rel'.
     177    9.001580e-01   0.000e+00   1.416e-02   1.193e-04       78
WARNING:  Option 'mip_integral_gap_abs' deprecated, please use 'mip_opt_gap_abs'.
WARNING:  Option 'mip_integral_gap_rel' deprecated, please use 'mip_opt_gap_rel'.
WARNING:  Option 'mip_integral_gap_abs' deprecated, please use 'mip_opt_gap_abs'.
WARNING:  Option 'mip_integral_gap_rel' deprecated, please use 'mip_opt_gap_rel'.
     178    9.001573e-01   0.000e+00   5.325e-03   2.386e-04        7
WARNING:  Option 'mip_integral_gap_abs' deprecated, please use 'mip_opt_gap_abs'.
WARNING:  Option 'mip_integral_gap_rel' deprecated, please use 'mip_opt_gap_rel'.
WARNING:  Option 'mip_integral_gap_abs' deprecated, please use 'mip_opt_gap_abs'.
WARNING:  Option 'mip_integral_gap_rel' deprecated, please use 'mip_opt_gap_rel'.
WARNING:  Option 'mip_integral_gap_abs' deprecated, please use 'mip_opt_gap_abs'.
WARNING:  Option 'mip_integral_gap_rel' deprecated, please use 'mip_opt_gap_rel'.
WARNING:  Option 'mip_integral_gap_abs' deprecated, please use 'mip_opt_gap_abs'.
WARNING:  Option 'mip_integral_gap_rel' deprecated, please use 'mip_opt_gap_rel'.
WARNING:  Option 'mip_integral_gap_abs' deprecated, please use 'mip_opt_gap_abs'.
WARNING:  Option 'mip_integral_gap_rel' deprecated, please use 'mip_opt_gap_rel'.
WARNING:  Option 'mip_integral_gap_abs' deprecated, please use 'mip_opt_gap_abs'.
WARNING:  Option 'mip_integral_gap_rel' deprecated, please use 'mip_opt_gap_rel'.
WARNING:  Option 'mip_integral_gap_abs' deprecated, please use 'mip_opt_gap_abs'.
WARNING:  Option 'mip_integral_gap_rel' deprecated, please use 'mip_opt_gap_rel'.
WARNING:  Option 'mip_integral_gap_abs' deprecated, please use 'mip_opt_gap_abs'.
WARNING:  Option 'mip_integral_gap_rel' deprecated, please use 'mip_opt_gap_rel'.
     179    9.001571e-01   0.000e+00   4.518e-02   1.044e-04       30
WARNING:  Option 'mip_integral_gap_abs' deprecated, please use 'mip_opt_gap_abs'.
WARNING:  Option 'mip_integral_gap_rel' deprecated, please use 'mip_opt_gap_rel'.
WARNING:  Option 'mip_integral_gap_abs' deprecated, please use 'mip_opt_gap_abs'.
WARNING:  Option 'mip_integral_gap_rel' deprecated, please use 'mip_opt_gap_rel'.
     180    9.001480e-01   0.000e+00   4.517e-02   1.211e-05        1
WARNING:  Option 'mip_integral_gap_abs' deprecated, please use 'mip_opt_gap_abs'.
WARNING:  Option 'mip_integral_gap_rel' deprecated, please use 'mip_opt_gap_rel'.
WARNING:  Option 'mip_integral_gap_abs' deprecated, please use 'mip_opt_gap_abs'.
WARNING:  Option 'mip_integral_gap_rel' deprecated, please use 'mip_opt_gap_rel'.
WARNING:  Option 'mip_integral_gap_abs' deprecated, please use 'mip_opt_gap_abs'.
WARNING:  Option 'mip_integral_gap_rel' deprecated, please use 'mip_opt_gap_rel'.
     181    9.001408e-01   0.000e+00   8.875e-03   1.531e-03        2
WARNING:  Option 'mip_integral_gap_abs' deprecated, please use 'mip_opt_gap_abs'.
WARNING:  Option 'mip_integral_gap_rel' deprecated, please use 'mip_opt_gap_rel'.
WARNING:  Option 'mip_integral_gap_abs' deprecated, please use 'mip_opt_gap_abs'.
WARNING:  Option 'mip_integral_gap_rel' deprecated, please use 'mip_opt_gap_rel'.
     182    9.000804e-01   0.000e+00   8.037e-03   6.045e-05        0
WARNING:  Option 'mip_integral_gap_abs' deprecated, please use 'mip_opt_gap_abs'.
WARNING:  Option 'mip_integral_gap_rel' deprecated, please use 'mip_opt_gap_rel'.
WARNING:  Option 'mip_integral_gap_abs' deprecated, please use 'mip_opt_gap_abs'.
WARNING:  Option 'mip_integral_gap_rel' deprecated, please use 'mip_opt_gap_rel'.
     183    9.000737e-01   0.000e+00   8.045e-03   6.937e-06        0
WARNING:  Option 'mip_integral_gap_abs' deprecated, please use 'mip_opt_gap_abs'.
WARNING:  Option 'mip_integral_gap_rel' deprecated, please use 'mip_opt_gap_rel'.
WARNING:  Option 'mip_integral_gap_abs' deprecated, please use 'mip_opt_gap_abs'.
WARNING:  Option 'mip_integral_gap_rel' deprecated, please use 'mip_opt_gap_rel'.
     184    9.000737e-01   0.000e+00   8.044e-03   6.117e-07        0
WARNING:  Option 'mip_integral_gap_abs' deprecated, please use 'mip_opt_gap_abs'.
WARNING:  Option 'mip_integral_gap_rel' deprecated, please use 'mip_opt_gap_rel'.
WARNING:  Option 'mip_integral_gap_abs' deprecated, please use 'mip_opt_gap_abs'.
WARNING:  Option 'mip_integral_gap_rel' deprecated, please use 'mip_opt_gap_rel'.
     185    9.000737e-01   0.000e+00   8.044e-03   1.108e-06        0
WARNING:  Option 'mip_integral_gap_abs' deprecated, please use 'mip_opt_gap_abs'.
WARNING:  Option 'mip_integral_gap_rel' deprecated, please use 'mip_opt_gap_rel'.
WARNING:  Option 'mip_integral_gap_abs' deprecated, please use 'mip_opt_gap_abs'.
WARNING:  Option 'mip_integral_gap_rel' deprecated, please use 'mip_opt_gap_rel'.
     186    9.000736e-01   0.000e+00   8.043e-03   2.783e-06        0
WARNING:  Option 'mip_integral_gap_abs' deprecated, please use 'mip_opt_gap_abs'.
WARNING:  Option 'mip_integral_gap_rel' deprecated, please use 'mip_opt_gap_rel'.
WARNING:  Option 'mip_integral_gap_abs' deprecated, please use 'mip_opt_gap_abs'.
WARNING:  Option 'mip_integral_gap_rel' deprecated, please use 'mip_opt_gap_rel'.
     187    9.000735e-01   0.000e+00   8.040e-03   6.953e-06        0
WARNING:  Option 'mip_integral_gap_abs' deprecated, please use 'mip_opt_gap_abs'.
WARNING:  Option 'mip_integral_gap_rel' deprecated, please use 'mip_opt_gap_rel'.
WARNING:  Option 'mip_integral_gap_abs' deprecated, please use 'mip_opt_gap_abs'.
WARNING:  Option 'mip_integral_gap_rel' deprecated, please use 'mip_opt_gap_rel'.
     188    9.000733e-01   0.000e+00   8.032e-03   1.738e-05        0
WARNING:  Option 'mip_integral_gap_abs' deprecated, please use 'mip_opt_gap_abs'.
WARNING:  Option 'mip_integral_gap_rel' deprecated, please use 'mip_opt_gap_rel'.
WARNING:  Option 'mip_integral_gap_abs' deprecated, please use 'mip_opt_gap_abs'.
WARNING:  Option 'mip_integral_gap_rel' deprecated, please use 'mip_opt_gap_rel'.
     189    9.000729e-01   0.000e+00   7.992e-03   3.533e-05        1
WARNING:  Option 'mip_integral_gap_abs' deprecated, please use 'mip_opt_gap_abs'.
WARNING:  Option 'mip_integral_gap_rel' deprecated, please use 'mip_opt_gap_rel'.
WARNING:  Option 'mip_integral_gap_abs' deprecated, please use 'mip_opt_gap_abs'.
WARNING:  Option 'mip_integral_gap_rel' deprecated, please use 'mip_opt_gap_rel'.
     190    9.000729e-01   0.000e+00   7.975e-03   1.692e-06        0
WARNING:  Option 'mip_integral_gap_abs' deprecated, please use 'mip_opt_gap_abs'.
WARNING:  Option 'mip_integral_gap_rel' deprecated, please use 'mip_opt_gap_rel'.
WARNING:  Option 'mip_integral_gap_abs' deprecated, please use 'mip_opt_gap_abs'.
WARNING:  Option 'mip_integral_gap_rel' deprecated, please use 'mip_opt_gap_rel'.
     191    9.000728e-01   0.000e+00   7.882e-03   4.205e-06        0
WARNING:  Option 'mip_integral_gap_abs' deprecated, please use 'mip_opt_gap_abs'.
WARNING:  Option 'mip_integral_gap_rel' deprecated, please use 'mip_opt_gap_rel'.
WARNING:  Option 'mip_integral_gap_abs' deprecated, please use 'mip_opt_gap_abs'.
WARNING:  Option 'mip_integral_gap_rel' deprecated, please use 'mip_opt_gap_rel'.
     192    9.000727e-01   0.000e+00   7.260e-03   1.019e-05        0
WARNING:  Option 'mip_integral_gap_abs' deprecated, please use 'mip_opt_gap_abs'.
WARNING:  Option 'mip_integral_gap_rel' deprecated, please use 'mip_opt_gap_rel'.
WARNING:  Option 'mip_integral_gap_abs' deprecated, please use 'mip_opt_gap_abs'.
WARNING:  Option 'mip_integral_gap_rel' deprecated, please use 'mip_opt_gap_rel'.
WARNING:  Option 'mip_integral_gap_abs' deprecated, please use 'mip_opt_gap_abs'.
WARNING:  Option 'mip_integral_gap_rel' deprecated, please use 'mip_opt_gap_rel'.
WARNING:  Option 'mip_integral_gap_abs' deprecated, please use 'mip_opt_gap_abs'.
WARNING:  Option 'mip_integral_gap_rel' deprecated, please use 'mip_opt_gap_rel'.
WARNING:  Option 'mip_integral_gap_abs' deprecated, please use 'mip_opt_gap_abs'.
WARNING:  Option 'mip_integral_gap_rel' deprecated, please use 'mip_opt_gap_rel'.
     193    9.000727e-01   0.000e+00   5.194e-03   4.551e-06        0
WARNING:  Option 'mip_integral_gap_abs' deprecated, please use 'mip_opt_gap_abs'.
WARNING:  Option 'mip_integral_gap_rel' deprecated, please use 'mip_opt_gap_rel'.
WARNING:  Option 'mip_integral_gap_abs' deprecated, please use 'mip_opt_gap_abs'.
WARNING:  Option 'mip_integral_gap_rel' deprecated, please use 'mip_opt_gap_rel'.
     194    9.000726e-01   0.000e+00   3.547e-03   4.995e-06        0
WARNING:  Option 'mip_integral_gap_abs' deprecated, please use 'mip_opt_gap_abs'.
WARNING:  Option 'mip_integral_gap_rel' deprecated, please use 'mip_opt_gap_rel'.
WARNING:  Option 'mip_integral_gap_abs' deprecated, please use 'mip_opt_gap_abs'.
WARNING:  Option 'mip_integral_gap_rel' deprecated, please use 'mip_opt_gap_rel'.
     195    9.000725e-01   0.000e+00   3.494e-03   1.235e-05        0
WARNING:  Option 'mip_integral_gap_abs' deprecated, please use 'mip_opt_gap_abs'.
WARNING:  Option 'mip_integral_gap_rel' deprecated, please use 'mip_opt_gap_rel'.
WARNING:  Option 'mip_integral_gap_abs' deprecated, please use 'mip_opt_gap_abs'.
WARNING:  Option 'mip_integral_gap_rel' deprecated, please use 'mip_opt_gap_rel'.
     196    9.000723e-01   0.000e+00   3.602e-03   3.049e-05        0
WARNING:  Option 'mip_integral_gap_abs' deprecated, please use 'mip_opt_gap_abs'.
WARNING:  Option 'mip_integral_gap_rel' deprecated, please use 'mip_opt_gap_rel'.
WARNING:  Option 'mip_integral_gap_abs' deprecated, please use 'mip_opt_gap_abs'.
WARNING:  Option 'mip_integral_gap_rel' deprecated, please use 'mip_opt_gap_rel'.
     197    9.000718e-01   0.000e+00   3.559e-03   7.648e-05        0
WARNING:  Option 'mip_integral_gap_abs' deprecated, please use 'mip_opt_gap_abs'.
WARNING:  Option 'mip_integral_gap_rel' deprecated, please use 'mip_opt_gap_rel'.
WARNING:  Option 'mip_integral_gap_abs' deprecated, please use 'mip_opt_gap_abs'.
WARNING:  Option 'mip_integral_gap_rel' deprecated, please use 'mip_opt_gap_rel'.
     198    9.000704e-01   0.000e+00   3.405e-03   1.904e-04        0
WARNING:  Option 'mip_integral_gap_abs' deprecated, please use 'mip_opt_gap_abs'.
WARNING:  Option 'mip_integral_gap_rel' deprecated, please use 'mip_opt_gap_rel'.
WARNING:  Option 'mip_integral_gap_abs' deprecated, please use 'mip_opt_gap_abs'.
WARNING:  Option 'mip_integral_gap_rel' deprecated, please use 'mip_opt_gap_rel'.
     199    9.000670e-01   0.000e+00   3.311e-03   4.715e-04        0
WARNING:  Option 'mip_integral_gap_abs' deprecated, please use 'mip_opt_gap_abs'.
WARNING:  Option 'mip_integral_gap_rel' deprecated, please use 'mip_opt_gap_rel'.
WARNING:  Option 'mip_integral_gap_abs' deprecated, please use 'mip_opt_gap_abs'.
WARNING:  Option 'mip_integral_gap_rel' deprecated, please use 'mip_opt_gap_rel'.
WARNING:  Option 'mip_integral_gap_abs' deprecated, please use 'mip_opt_gap_abs'.
WARNING:  Option 'mip_integral_gap_rel' deprecated, please use 'mip_opt_gap_rel'.
WARNING:  Option 'mip_integral_gap_abs' deprecated, please use 'mip_opt_gap_abs'.
WARNING:  Option 'mip_integral_gap_rel' deprecated, please use 'mip_opt_gap_rel'.
WARNING:  Option 'mip_integral_gap_abs' deprecated, please use 'mip_opt_gap_abs'.
WARNING:  Option 'mip_integral_gap_rel' deprecated, please use 'mip_opt_gap_rel'.
     200    9.000640e-01   0.000e+00   3.274e-03   2.898e-04        0
WARNING:  Option 'mip_integral_gap_abs' deprecated, please use 'mip_opt_gap_abs'.
WARNING:  Option 'mip_integral_gap_rel' deprecated, please use 'mip_opt_gap_rel'.
WARNING:  Option 'mip_integral_gap_abs' deprecated, please use 'mip_opt_gap_abs'.
WARNING:  Option 'mip_integral_gap_rel' deprecated, please use 'mip_opt_gap_rel'.
WARNING:  Option 'mip_integral_gap_abs' deprecated, please use 'mip_opt_gap_abs'.
WARNING:  Option 'mip_integral_gap_rel' deprecated, please use 'mip_opt_gap_rel'.
WARNING:  Option 'mip_integral_gap_abs' deprecated, please use 'mip_opt_gap_abs'.
WARNING:  Option 'mip_integral_gap_rel' deprecated, please use 'mip_opt_gap_rel'.
WARNING:  Option 'mip_integral_gap_abs' deprecated, please use 'mip_opt_gap_abs'.
WARNING:  Option 'mip_integral_gap_rel' deprecated, please use 'mip_opt_gap_rel'.
WARNING:  Option 'mip_integral_gap_abs' deprecated, please use 'mip_opt_gap_abs'.
WARNING:  Option 'mip_integral_gap_rel' deprecated, please use 'mip_opt_gap_rel'.
WARNING:  Option 'mip_integral_gap_abs' deprecated, please use 'mip_opt_gap_abs'.
WARNING:  Option 'mip_integral_gap_rel' deprecated, please use 'mip_opt_gap_rel'.
WARNING:  Option 'mip_integral_gap_abs' deprecated, please use 'mip_opt_gap_abs'.
WARNING:  Option 'mip_integral_gap_rel' deprecated, please use 'mip_opt_gap_rel'.
WARNING:  Option 'mip_integral_gap_abs' deprecated, please use 'mip_opt_gap_abs'.
WARNING:  Option 'mip_integral_gap_rel' deprecated, please use 'mip_opt_gap_rel'.
WARNING:  Option 'mip_integral_gap_abs' deprecated, please use 'mip_opt_gap_abs'.
WARNING:  Option 'mip_integral_gap_rel' deprecated, please use 'mip_opt_gap_rel'.
WARNING:  Option 'mip_integral_gap_abs' deprecated, please use 'mip_opt_gap_abs'.
WARNING:  Option 'mip_integral_gap_rel' deprecated, please use 'mip_opt_gap_rel'.
WARNING:  Option 'mip_integral_gap_abs' deprecated, please use 'mip_opt_gap_abs'.
WARNING:  Option 'mip_integral_gap_rel' deprecated, please use 'mip_opt_gap_rel'.
WARNING:  Option 'mip_integral_gap_abs' deprecated, please use 'mip_opt_gap_abs'.
WARNING:  Option 'mip_integral_gap_rel' deprecated, please use 'mip_opt_gap_rel'.
WARNING:  Option 'mip_integral_gap_abs' deprecated, please use 'mip_opt_gap_abs'.
WARNING:  Option 'mip_integral_gap_rel' deprecated, please use 'mip_opt_gap_rel'.
WARNING:  Option 'mip_integral_gap_abs' deprecated, please use 'mip_opt_gap_abs'.
WARNING:  Option 'mip_integral_gap_rel' deprecated, please use 'mip_opt_gap_rel'.
WARNING:  Option 'mip_integral_gap_abs' deprecated, please use 'mip_opt_gap_abs'.
WARNING:  Option 'mip_integral_gap_rel' deprecated, please use 'mip_opt_gap_rel'.
WARNING:  Option 'mip_integral_gap_abs' deprecated, please use 'mip_opt_gap_abs'.
WARNING:  Option 'mip_integral_gap_rel' deprecated, please use 'mip_opt_gap_rel'.
WARNING:  Option 'mip_integral_gap_abs' deprecated, please use 'mip_opt_gap_abs'.
WARNING:  Option 'mip_integral_gap_rel' deprecated, please use 'mip_opt_gap_rel'.
WARNING:  Option 'mip_integral_gap_abs' deprecated, please use 'mip_opt_gap_abs'.
WARNING:  Option 'mip_integral_gap_rel' deprecated, please use 'mip_opt_gap_rel'.
WARNING:  Option 'mip_integral_gap_abs' deprecated, please use 'mip_opt_gap_abs'.
WARNING:  Option 'mip_integral_gap_rel' deprecated, please use 'mip_opt_gap_rel'.
WARNING:  Option 'mip_integral_gap_abs' deprecated, please use 'mip_opt_gap_abs'.
WARNING:  Option 'mip_integral_gap_rel' deprecated, please use 'mip_opt_gap_rel'.
WARNING:  Option 'mip_integral_gap_abs' deprecated, please use 'mip_opt_gap_abs'.
WARNING:  Option 'mip_integral_gap_rel' deprecated, please use 'mip_opt_gap_rel'.
     201    9.002033e-01   0.000e+00   6.062e-02   2.464e-03        1
WARNING:  Option 'mip_integral_gap_abs' deprecated, please use 'mip_opt_gap_abs'.
WARNING:  Option 'mip_integral_gap_rel' deprecated, please use 'mip_opt_gap_rel'.
WARNING:  Option 'mip_integral_gap_abs' deprecated, please use 'mip_opt_gap_abs'.
WARNING:  Option 'mip_integral_gap_rel' deprecated, please use 'mip_opt_gap_rel'.
WARNING:  Option 'mip_integral_gap_abs' deprecated, please use 'mip_opt_gap_abs'.
WARNING:  Option 'mip_integral_gap_rel' deprecated, please use 'mip_opt_gap_rel'.
WARNING:  Option 'mip_integral_gap_abs' deprecated, please use 'mip_opt_gap_abs'.
WARNING:  Option 'mip_integral_gap_rel' deprecated, please use 'mip_opt_gap_rel'.
WARNING:  Option 'mip_integral_gap_abs' deprecated, please use 'mip_opt_gap_abs'.
WARNING:  Option 'mip_integral_gap_rel' deprecated, please use 'mip_opt_gap_rel'.
WARNING:  Option 'mip_integral_gap_abs' deprecated, please use 'mip_opt_gap_abs'.
WARNING:  Option 'mip_integral_gap_rel' deprecated, please use 'mip_opt_gap_rel'.
WARNING:  Option 'mip_integral_gap_abs' deprecated, please use 'mip_opt_gap_abs'.
WARNING:  Option 'mip_integral_gap_rel' deprecated, please use 'mip_opt_gap_rel'.
WARNING:  Option 'mip_integral_gap_abs' deprecated, please use 'mip_opt_gap_abs'.
WARNING:  Option 'mip_integral_gap_rel' deprecated, please use 'mip_opt_gap_rel'.
WARNING:  Option 'mip_integral_gap_abs' deprecated, please use 'mip_opt_gap_abs'.
WARNING:  Option 'mip_integral_gap_rel' deprecated, please use 'mip_opt_gap_rel'.
WARNING:  Option 'mip_integral_gap_abs' deprecated, please use 'mip_opt_gap_abs'.
WARNING:  Option 'mip_integral_gap_rel' deprecated, please use 'mip_opt_gap_rel'.
WARNING:  Option 'mip_integral_gap_abs' deprecated, please use 'mip_opt_gap_abs'.
WARNING:  Option 'mip_integral_gap_rel' deprecated, please use 'mip_opt_gap_rel'.
WARNING:  Option 'mip_integral_gap_abs' deprecated, please use 'mip_opt_gap_abs'.
WARNING:  Option 'mip_integral_gap_rel' deprecated, please use 'mip_opt_gap_rel'.
     202    9.002010e-01   0.000e+00   8.920e-03   2.448e-05        6
WARNING:  Option 'mip_integral_gap_abs' deprecated, please use 'mip_opt_gap_abs'.
WARNING:  Option 'mip_integral_gap_rel' deprecated, please use 'mip_opt_gap_rel'.
WARNING:  Option 'mip_integral_gap_abs' deprecated, please use 'mip_opt_gap_abs'.
WARNING:  Option 'mip_integral_gap_rel' deprecated, please use 'mip_opt_gap_rel'.
WARNING:  Option 'mip_integral_gap_abs' deprecated, please use 'mip_opt_gap_abs'.
WARNING:  Option 'mip_integral_gap_rel' deprecated, please use 'mip_opt_gap_rel'.
WARNING:  Option 'mip_integral_gap_abs' deprecated, please use 'mip_opt_gap_abs'.
WARNING:  Option 'mip_integral_gap_rel' deprecated, please use 'mip_opt_gap_rel'.
     203    9.002010e-01   0.000e+00   8.920e-03   1.195e-07        0
WARNING:  Option 'mip_integral_gap_abs' deprecated, please use 'mip_opt_gap_abs'.
WARNING:  Option 'mip_integral_gap_rel' deprecated, please use 'mip_opt_gap_rel'.
WARNING:  Option 'mip_integral_gap_abs' deprecated, please use 'mip_opt_gap_abs'.
WARNING:  Option 'mip_integral_gap_rel' deprecated, please use 'mip_opt_gap_rel'.
WARNING:  Option 'mip_integral_gap_abs' deprecated, please use 'mip_opt_gap_abs'.
WARNING:  Option 'mip_integral_gap_rel' deprecated, please use 'mip_opt_gap_rel'.
WARNING:  Option 'mip_integral_gap_abs' deprecated, please use 'mip_opt_gap_abs'.
WARNING:  Option 'mip_integral_gap_rel' deprecated, please use 'mip_opt_gap_rel'.
WARNING:  Option 'mip_integral_gap_abs' deprecated, please use 'mip_opt_gap_abs'.
WARNING:  Option 'mip_integral_gap_rel' deprecated, please use 'mip_opt_gap_rel'.
WARNING:  Option 'mip_integral_gap_abs' deprecated, please use 'mip_opt_gap_abs'.
WARNING:  Option 'mip_integral_gap_rel' deprecated, please use 'mip_opt_gap_rel'.
WARNING:  Option 'mip_integral_gap_abs' deprecated, please use 'mip_opt_gap_abs'.
WARNING:  Option 'mip_integral_gap_rel' deprecated, please use 'mip_opt_gap_rel'.
WARNING:  Option 'mip_integral_gap_abs' deprecated, please use 'mip_opt_gap_abs'.
WARNING:  Option 'mip_integral_gap_rel' deprecated, please use 'mip_opt_gap_rel'.
WARNING:  Option 'mip_integral_gap_abs' deprecated, please use 'mip_opt_gap_abs'.
WARNING:  Option 'mip_integral_gap_rel' deprecated, please use 'mip_opt_gap_rel'.
WARNING:  Option 'mip_integral_gap_abs' deprecated, please use 'mip_opt_gap_abs'.
WARNING:  Option 'mip_integral_gap_rel' deprecated, please use 'mip_opt_gap_rel'.
WARNING:  Option 'mip_integral_gap_abs' deprecated, please use 'mip_opt_gap_abs'.
WARNING:  Option 'mip_integral_gap_rel' deprecated, please use 'mip_opt_gap_rel'.
WARNING:  Option 'mip_integral_gap_abs' deprecated, please use 'mip_opt_gap_abs'.
WARNING:  Option 'mip_integral_gap_rel' deprecated, please use 'mip_opt_gap_rel'.
     204    9.002006e-01   0.000e+00   1.290e-02   2.517e-05        1
WARNING:  Option 'mip_integral_gap_abs' deprecated, please use 'mip_opt_gap_abs'.
WARNING:  Option 'mip_integral_gap_rel' deprecated, please use 'mip_opt_gap_rel'.
WARNING:  Option 'mip_integral_gap_abs' deprecated, please use 'mip_opt_gap_abs'.
WARNING:  Option 'mip_integral_gap_rel' deprecated, please use 'mip_opt_gap_rel'.
WARNING:  Option 'mip_integral_gap_abs' deprecated, please use 'mip_opt_gap_abs'.
WARNING:  Option 'mip_integral_gap_rel' deprecated, please use 'mip_opt_gap_rel'.
WARNING:  Option 'mip_integral_gap_abs' deprecated, please use 'mip_opt_gap_abs'.
WARNING:  Option 'mip_integral_gap_rel' deprecated, please use 'mip_opt_gap_rel'.
     205    9.002006e-01   0.000e+00   1.290e-02   1.716e-09        0
WARNING:  Option 'mip_integral_gap_abs' deprecated, please use 'mip_opt_gap_abs'.
WARNING:  Option 'mip_integral_gap_rel' deprecated, please use 'mip_opt_gap_rel'.
WARNING:  Option 'mip_integral_gap_abs' deprecated, please use 'mip_opt_gap_abs'.
WARNING:  Option 'mip_integral_gap_rel' deprecated, please use 'mip_opt_gap_rel'.
WARNING:  Option 'mip_integral_gap_abs' deprecated, please use 'mip_opt_gap_abs'.
WARNING:  Option 'mip_integral_gap_rel' deprecated, please use 'mip_opt_gap_rel'.
     206    9.001994e-01   0.000e+00   5.049e-03   1.432e-04        0
WARNING:  Option 'mip_integral_gap_abs' deprecated, please use 'mip_opt_gap_abs'.
WARNING:  Option 'mip_integral_gap_rel' deprecated, please use 'mip_opt_gap_rel'.
WARNING:  Option 'mip_integral_gap_abs' deprecated, please use 'mip_opt_gap_abs'.
WARNING:  Option 'mip_integral_gap_rel' deprecated, please use 'mip_opt_gap_rel'.
WARNING:  Option 'mip_integral_gap_abs' deprecated, please use 'mip_opt_gap_abs'.
WARNING:  Option 'mip_integral_gap_rel' deprecated, please use 'mip_opt_gap_rel'.
WARNING:  Option 'mip_integral_gap_abs' deprecated, please use 'mip_opt_gap_abs'.
WARNING:  Option 'mip_integral_gap_rel' deprecated, please use 'mip_opt_gap_rel'.
     207    9.001987e-01   0.000e+00   4.204e-03   8.902e-05        0
WARNING:  Option 'mip_integral_gap_abs' deprecated, please use 'mip_opt_gap_abs'.
WARNING:  Option 'mip_integral_gap_rel' deprecated, please use 'mip_opt_gap_rel'.
WARNING:  Option 'mip_integral_gap_abs' deprecated, please use 'mip_opt_gap_abs'.
WARNING:  Option 'mip_integral_gap_rel' deprecated, please use 'mip_opt_gap_rel'.
WARNING:  Option 'mip_integral_gap_abs' deprecated, please use 'mip_opt_gap_abs'.
WARNING:  Option 'mip_integral_gap_rel' deprecated, please use 'mip_opt_gap_rel'.
     208    9.002508e-01   0.000e+00   3.838e-03   7.601e-04        0
WARNING:  Option 'mip_integral_gap_abs' deprecated, please use 'mip_opt_gap_abs'.
WARNING:  Option 'mip_integral_gap_rel' deprecated, please use 'mip_opt_gap_rel'.
WARNING:  Option 'mip_integral_gap_abs' deprecated, please use 'mip_opt_gap_abs'.
WARNING:  Option 'mip_integral_gap_rel' deprecated, please use 'mip_opt_gap_rel'.
WARNING:  Option 'mip_integral_gap_abs' deprecated, please use 'mip_opt_gap_abs'.
WARNING:  Option 'mip_integral_gap_rel' deprecated, please use 'mip_opt_gap_rel'.
WARNING:  Option 'mip_integral_gap_abs' deprecated, please use 'mip_opt_gap_abs'.
WARNING:  Option 'mip_integral_gap_rel' deprecated, please use 'mip_opt_gap_rel'.
WARNING:  Option 'mip_integral_gap_abs' deprecated, please use 'mip_opt_gap_abs'.
WARNING:  Option 'mip_integral_gap_rel' deprecated, please use 'mip_opt_gap_rel'.
     209    9.002487e-01   0.000e+00   4.311e-03   2.914e-04        0
WARNING:  Option 'mip_integral_gap_abs' deprecated, please use 'mip_opt_gap_abs'.
WARNING:  Option 'mip_integral_gap_rel' deprecated, please use 'mip_opt_gap_rel'.
WARNING:  Option 'mip_integral_gap_abs' deprecated, please use 'mip_opt_gap_abs'.
WARNING:  Option 'mip_integral_gap_rel' deprecated, please use 'mip_opt_gap_rel'.
WARNING:  Option 'mip_integral_gap_abs' deprecated, please use 'mip_opt_gap_abs'.
WARNING:  Option 'mip_integral_gap_rel' deprecated, please use 'mip_opt_gap_rel'.
WARNING:  Option 'mip_integral_gap_abs' deprecated, please use 'mip_opt_gap_abs'.
WARNING:  Option 'mip_integral_gap_rel' deprecated, please use 'mip_opt_gap_rel'.
WARNING:  Option 'mip_integral_gap_abs' deprecated, please use 'mip_opt_gap_abs'.
WARNING:  Option 'mip_integral_gap_rel' deprecated, please use 'mip_opt_gap_rel'.
WARNING:  Option 'mip_integral_gap_abs' deprecated, please use 'mip_opt_gap_abs'.
WARNING:  Option 'mip_integral_gap_rel' deprecated, please use 'mip_opt_gap_rel'.
     210    9.002463e-01   0.000e+00   4.512e-03   3.300e-04        0
WARNING:  Option 'mip_integral_gap_abs' deprecated, please use 'mip_opt_gap_abs'.
WARNING:  Option 'mip_integral_gap_rel' deprecated, please use 'mip_opt_gap_rel'.
WARNING:  Option 'mip_integral_gap_abs' deprecated, please use 'mip_opt_gap_abs'.
WARNING:  Option 'mip_integral_gap_rel' deprecated, please use 'mip_opt_gap_rel'.
WARNING:  Option 'mip_integral_gap_abs' deprecated, please use 'mip_opt_gap_abs'.
WARNING:  Option 'mip_integral_gap_rel' deprecated, please use 'mip_opt_gap_rel'.
WARNING:  Option 'mip_integral_gap_abs' deprecated, please use 'mip_opt_gap_abs'.
WARNING:  Option 'mip_integral_gap_rel' deprecated, please use 'mip_opt_gap_rel'.
WARNING:  Option 'mip_integral_gap_abs' deprecated, please use 'mip_opt_gap_abs'.
WARNING:  Option 'mip_integral_gap_rel' deprecated, please use 'mip_opt_gap_rel'.
WARNING:  Option 'mip_integral_gap_abs' deprecated, please use 'mip_opt_gap_abs'.
WARNING:  Option 'mip_integral_gap_rel' deprecated, please use 'mip_opt_gap_rel'.
WARNING:  Option 'mip_integral_gap_abs' deprecated, please use 'mip_opt_gap_abs'.
WARNING:  Option 'mip_integral_gap_rel' deprecated, please use 'mip_opt_gap_rel'.
WARNING:  Option 'mip_integral_gap_abs' deprecated, please use 'mip_opt_gap_abs'.
WARNING:  Option 'mip_integral_gap_rel' deprecated, please use 'mip_opt_gap_rel'.
WARNING:  Option 'mip_integral_gap_abs' deprecated, please use 'mip_opt_gap_abs'.
WARNING:  Option 'mip_integral_gap_rel' deprecated, please use 'mip_opt_gap_rel'.
WARNING:  Option 'mip_integral_gap_abs' deprecated, please use 'mip_opt_gap_abs'.
WARNING:  Option 'mip_integral_gap_rel' deprecated, please use 'mip_opt_gap_rel'.
WARNING:  Option 'mip_integral_gap_abs' deprecated, please use 'mip_opt_gap_abs'.
WARNING:  Option 'mip_integral_gap_rel' deprecated, please use 'mip_opt_gap_rel'.
WARNING:  Option 'mip_integral_gap_abs' deprecated, please use 'mip_opt_gap_abs'.
WARNING:  Option 'mip_integral_gap_rel' deprecated, please use 'mip_opt_gap_rel'.
WARNING:  Option 'mip_integral_gap_abs' deprecated, please use 'mip_opt_gap_abs'.
WARNING:  Option 'mip_integral_gap_rel' deprecated, please use 'mip_opt_gap_rel'.
     211    9.002448e-01   0.000e+00   1.473e-02   2.087e-04        1
WARNING:  Option 'mip_integral_gap_abs' deprecated, please use 'mip_opt_gap_abs'.
WARNING:  Option 'mip_integral_gap_rel' deprecated, please use 'mip_opt_gap_rel'.
WARNING:  Option 'mip_integral_gap_abs' deprecated, please use 'mip_opt_gap_abs'.
WARNING:  Option 'mip_integral_gap_rel' deprecated, please use 'mip_opt_gap_rel'.
WARNING:  Option 'mip_integral_gap_abs' deprecated, please use 'mip_opt_gap_abs'.
WARNING:  Option 'mip_integral_gap_rel' deprecated, please use 'mip_opt_gap_rel'.
WARNING:  Option 'mip_integral_gap_abs' deprecated, please use 'mip_opt_gap_abs'.
WARNING:  Option 'mip_integral_gap_rel' deprecated, please use 'mip_opt_gap_rel'.
WARNING:  Option 'mip_integral_gap_abs' deprecated, please use 'mip_opt_gap_abs'.
WARNING:  Option 'mip_integral_gap_rel' deprecated, please use 'mip_opt_gap_rel'.
WARNING:  Option 'mip_integral_gap_abs' deprecated, please use 'mip_opt_gap_abs'.
WARNING:  Option 'mip_integral_gap_rel' deprecated, please use 'mip_opt_gap_rel'.
     212    9.002446e-01   0.000e+00   1.428e-02   3.796e-05        0
WARNING:  Option 'mip_integral_gap_abs' deprecated, please use 'mip_opt_gap_abs'.
WARNING:  Option 'mip_integral_gap_rel' deprecated, please use 'mip_opt_gap_rel'.
WARNING:  Option 'mip_integral_gap_abs' deprecated, please use 'mip_opt_gap_abs'.
WARNING:  Option 'mip_integral_gap_rel' deprecated, please use 'mip_opt_gap_rel'.
WARNING:  Option 'mip_integral_gap_abs' deprecated, please use 'mip_opt_gap_abs'.
WARNING:  Option 'mip_integral_gap_rel' deprecated, please use 'mip_opt_gap_rel'.
WARNING:  Option 'mip_integral_gap_abs' deprecated, please use 'mip_opt_gap_abs'.
WARNING:  Option 'mip_integral_gap_rel' deprecated, please use 'mip_opt_gap_rel'.
WARNING:  Option 'mip_integral_gap_abs' deprecated, please use 'mip_opt_gap_abs'.
WARNING:  Option 'mip_integral_gap_rel' deprecated, please use 'mip_opt_gap_rel'.
WARNING:  Option 'mip_integral_gap_abs' deprecated, please use 'mip_opt_gap_abs'.
WARNING:  Option 'mip_integral_gap_rel' deprecated, please use 'mip_opt_gap_rel'.
WARNING:  Option 'mip_integral_gap_abs' deprecated, please use 'mip_opt_gap_abs'.
WARNING:  Option 'mip_integral_gap_rel' deprecated, please use 'mip_opt_gap_rel'.
     213    9.002440e-01   0.000e+00   3.462e-03   1.069e-04        1
WARNING:  Option 'mip_integral_gap_abs' deprecated, please use 'mip_opt_gap_abs'.
WARNING:  Option 'mip_integral_gap_rel' deprecated, please use 'mip_opt_gap_rel'.
WARNING:  Option 'mip_integral_gap_abs' deprecated, please use 'mip_opt_gap_abs'.
WARNING:  Option 'mip_integral_gap_rel' deprecated, please use 'mip_opt_gap_rel'.
     214    9.002403e-01   0.000e+00   2.235e-03   8.891e-04        0
WARNING:  Option 'mip_integral_gap_abs' deprecated, please use 'mip_opt_gap_abs'.
WARNING:  Option 'mip_integral_gap_rel' deprecated, please use 'mip_opt_gap_rel'.
WARNING:  Option 'mip_integral_gap_abs' deprecated, please use 'mip_opt_gap_abs'.
WARNING:  Option 'mip_integral_gap_rel' deprecated, please use 'mip_opt_gap_rel'.
WARNING:  Option 'mip_integral_gap_abs' deprecated, please use 'mip_opt_gap_abs'.
WARNING:  Option 'mip_integral_gap_rel' deprecated, please use 'mip_opt_gap_rel'.
WARNING:  Option 'mip_integral_gap_abs' deprecated, please use 'mip_opt_gap_abs'.
WARNING:  Option 'mip_integral_gap_rel' deprecated, please use 'mip_opt_gap_rel'.
     215    9.002361e-01   0.000e+00   2.922e-03   1.085e-03        0
WARNING:  Option 'mip_integral_gap_abs' deprecated, please use 'mip_opt_gap_abs'.
WARNING:  Option 'mip_integral_gap_rel' deprecated, please use 'mip_opt_gap_rel'.
WARNING:  Option 'mip_integral_gap_abs' deprecated, please use 'mip_opt_gap_abs'.
WARNING:  Option 'mip_integral_gap_rel' deprecated, please use 'mip_opt_gap_rel'.
WARNING:  Option 'mip_integral_gap_abs' deprecated, please use 'mip_opt_gap_abs'.
WARNING:  Option 'mip_integral_gap_rel' deprecated, please use 'mip_opt_gap_rel'.
WARNING:  Option 'mip_integral_gap_abs' deprecated, please use 'mip_opt_gap_abs'.
WARNING:  Option 'mip_integral_gap_rel' deprecated, please use 'mip_opt_gap_rel'.
WARNING:  Option 'mip_integral_gap_abs' deprecated, please use 'mip_opt_gap_abs'.
WARNING:  Option 'mip_integral_gap_rel' deprecated, please use 'mip_opt_gap_rel'.
WARNING:  Option 'mip_integral_gap_abs' deprecated, please use 'mip_opt_gap_abs'.
WARNING:  Option 'mip_integral_gap_rel' deprecated, please use 'mip_opt_gap_rel'.
WARNING:  Option 'mip_integral_gap_abs' deprecated, please use 'mip_opt_gap_abs'.
WARNING:  Option 'mip_integral_gap_rel' deprecated, please use 'mip_opt_gap_rel'.
WARNING:  Option 'mip_integral_gap_abs' deprecated, please use 'mip_opt_gap_abs'.
WARNING:  Option 'mip_integral_gap_rel' deprecated, please use 'mip_opt_gap_rel'.
WARNING:  Option 'mip_integral_gap_abs' deprecated, please use 'mip_opt_gap_abs'.
WARNING:  Option 'mip_integral_gap_rel' deprecated, please use 'mip_opt_gap_rel'.
WARNING:  Option 'mip_integral_gap_abs' deprecated, please use 'mip_opt_gap_abs'.
WARNING:  Option 'mip_integral_gap_rel' deprecated, please use 'mip_opt_gap_rel'.
WARNING:  Option 'mip_integral_gap_abs' deprecated, please use 'mip_opt_gap_abs'.
WARNING:  Option 'mip_integral_gap_rel' deprecated, please use 'mip_opt_gap_rel'.
WARNING:  Option 'mip_integral_gap_abs' deprecated, please use 'mip_opt_gap_abs'.
WARNING:  Option 'mip_integral_gap_rel' deprecated, please use 'mip_opt_gap_rel'.
WARNING:  Option 'mip_integral_gap_abs' deprecated, please use 'mip_opt_gap_abs'.
WARNING:  Option 'mip_integral_gap_rel' deprecated, please use 'mip_opt_gap_rel'.
WARNING:  Option 'mip_integral_gap_abs' deprecated, please use 'mip_opt_gap_abs'.
WARNING:  Option 'mip_integral_gap_rel' deprecated, please use 'mip_opt_gap_rel'.
WARNING:  Option 'mip_integral_gap_abs' deprecated, please use 'mip_opt_gap_abs'.
WARNING:  Option 'mip_integral_gap_rel' deprecated, please use 'mip_opt_gap_rel'.
     216    9.002348e-01   0.000e+00   2.619e-03   3.305e-04        1
WARNING:  Option 'mip_integral_gap_abs' deprecated, please use 'mip_opt_gap_abs'.
WARNING:  Option 'mip_integral_gap_rel' deprecated, please use 'mip_opt_gap_rel'.
WARNING:  Option 'mip_integral_gap_abs' deprecated, please use 'mip_opt_gap_abs'.
WARNING:  Option 'mip_integral_gap_rel' deprecated, please use 'mip_opt_gap_rel'.
WARNING:  Option 'mip_integral_gap_abs' deprecated, please use 'mip_opt_gap_abs'.
WARNING:  Option 'mip_integral_gap_rel' deprecated, please use 'mip_opt_gap_rel'.
WARNING:  Option 'mip_integral_gap_abs' deprecated, please use 'mip_opt_gap_abs'.
WARNING:  Option 'mip_integral_gap_rel' deprecated, please use 'mip_opt_gap_rel'.
WARNING:  Option 'mip_integral_gap_abs' deprecated, please use 'mip_opt_gap_abs'.
WARNING:  Option 'mip_integral_gap_rel' deprecated, please use 'mip_opt_gap_rel'.
WARNING:  Option 'mip_integral_gap_abs' deprecated, please use 'mip_opt_gap_abs'.
WARNING:  Option 'mip_integral_gap_rel' deprecated, please use 'mip_opt_gap_rel'.
     217    9.002341e-01   0.000e+00   4.806e-03   1.851e-04        0
WARNING:  Option 'mip_integral_gap_abs' deprecated, please use 'mip_opt_gap_abs'.
WARNING:  Option 'mip_integral_gap_rel' deprecated, please use 'mip_opt_gap_rel'.
WARNING:  Option 'mip_integral_gap_abs' deprecated, please use 'mip_opt_gap_abs'.
WARNING:  Option 'mip_integral_gap_rel' deprecated, please use 'mip_opt_gap_rel'.
WARNING:  Option 'mip_integral_gap_abs' deprecated, please use 'mip_opt_gap_abs'.
WARNING:  Option 'mip_integral_gap_rel' deprecated, please use 'mip_opt_gap_rel'.
WARNING:  Option 'mip_integral_gap_abs' deprecated, please use 'mip_opt_gap_abs'.
WARNING:  Option 'mip_integral_gap_rel' deprecated, please use 'mip_opt_gap_rel'.
WARNING:  Option 'mip_integral_gap_abs' deprecated, please use 'mip_opt_gap_abs'.
WARNING:  Option 'mip_integral_gap_rel' deprecated, please use 'mip_opt_gap_rel'.
WARNING:  Option 'mip_integral_gap_abs' deprecated, please use 'mip_opt_gap_abs'.
WARNING:  Option 'mip_integral_gap_rel' deprecated, please use 'mip_opt_gap_rel'.
WARNING:  Option 'mip_integral_gap_abs' deprecated, please use 'mip_opt_gap_abs'.
WARNING:  Option 'mip_integral_gap_rel' deprecated, please use 'mip_opt_gap_rel'.
WARNING:  Option 'mip_integral_gap_abs' deprecated, please use 'mip_opt_gap_abs'.
WARNING:  Option 'mip_integral_gap_rel' deprecated, please use 'mip_opt_gap_rel'.
WARNING:  Option 'mip_integral_gap_abs' deprecated, please use 'mip_opt_gap_abs'.
WARNING:  Option 'mip_integral_gap_rel' deprecated, please use 'mip_opt_gap_rel'.
WARNING:  Option 'mip_integral_gap_abs' deprecated, please use 'mip_opt_gap_abs'.
WARNING:  Option 'mip_integral_gap_rel' deprecated, please use 'mip_opt_gap_rel'.
WARNING:  Option 'mip_integral_gap_abs' deprecated, please use 'mip_opt_gap_abs'.
WARNING:  Option 'mip_integral_gap_rel' deprecated, please use 'mip_opt_gap_rel'.
WARNING:  Option 'mip_integral_gap_abs' deprecated, please use 'mip_opt_gap_abs'.
WARNING:  Option 'mip_integral_gap_rel' deprecated, please use 'mip_opt_gap_rel'.
WARNING:  Option 'mip_integral_gap_abs' deprecated, please use 'mip_opt_gap_abs'.
WARNING:  Option 'mip_integral_gap_rel' deprecated, please use 'mip_opt_gap_rel'.
WARNING:  Option 'mip_integral_gap_abs' deprecated, please use 'mip_opt_gap_abs'.
WARNING:  Option 'mip_integral_gap_rel' deprecated, please use 'mip_opt_gap_rel'.
WARNING:  Option 'mip_integral_gap_abs' deprecated, please use 'mip_opt_gap_abs'.
WARNING:  Option 'mip_integral_gap_rel' deprecated, please use 'mip_opt_gap_rel'.
     218    9.002339e-01   0.000e+00   3.482e-03   5.829e-05        1
WARNING:  Option 'mip_integral_gap_abs' deprecated, please use 'mip_opt_gap_abs'.
WARNING:  Option 'mip_integral_gap_rel' deprecated, please use 'mip_opt_gap_rel'.
WARNING:  Option 'mip_integral_gap_abs' deprecated, please use 'mip_opt_gap_abs'.
WARNING:  Option 'mip_integral_gap_rel' deprecated, please use 'mip_opt_gap_rel'.
WARNING:  Option 'mip_integral_gap_abs' deprecated, please use 'mip_opt_gap_abs'.
WARNING:  Option 'mip_integral_gap_rel' deprecated, please use 'mip_opt_gap_rel'.
WARNING:  Option 'mip_integral_gap_abs' deprecated, please use 'mip_opt_gap_abs'.
WARNING:  Option 'mip_integral_gap_rel' deprecated, please use 'mip_opt_gap_rel'.
WARNING:  Option 'mip_integral_gap_abs' deprecated, please use 'mip_opt_gap_abs'.
WARNING:  Option 'mip_integral_gap_rel' deprecated, please use 'mip_opt_gap_rel'.
WARNING:  Option 'mip_integral_gap_abs' deprecated, please use 'mip_opt_gap_abs'.
WARNING:  Option 'mip_integral_gap_rel' deprecated, please use 'mip_opt_gap_rel'.
WARNING:  Option 'mip_integral_gap_abs' deprecated, please use 'mip_opt_gap_abs'.
WARNING:  Option 'mip_integral_gap_rel' deprecated, please use 'mip_opt_gap_rel'.
WARNING:  Option 'mip_integral_gap_abs' deprecated, please use 'mip_opt_gap_abs'.
WARNING:  Option 'mip_integral_gap_rel' deprecated, please use 'mip_opt_gap_rel'.
WARNING:  Option 'mip_integral_gap_abs' deprecated, please use 'mip_opt_gap_abs'.
WARNING:  Option 'mip_integral_gap_rel' deprecated, please use 'mip_opt_gap_rel'.
WARNING:  Option 'mip_integral_gap_abs' deprecated, please use 'mip_opt_gap_abs'.
WARNING:  Option 'mip_integral_gap_rel' deprecated, please use 'mip_opt_gap_rel'.
WARNING:  Option 'mip_integral_gap_abs' deprecated, please use 'mip_opt_gap_abs'.
WARNING:  Option 'mip_integral_gap_rel' deprecated, please use 'mip_opt_gap_rel'.
WARNING:  Option 'mip_integral_gap_abs' deprecated, please use 'mip_opt_gap_abs'.
WARNING:  Option 'mip_integral_gap_rel' deprecated, please use 'mip_opt_gap_rel'.
WARNING:  Option 'mip_integral_gap_abs' deprecated, please use 'mip_opt_gap_abs'.
WARNING:  Option 'mip_integral_gap_rel' deprecated, please use 'mip_opt_gap_rel'.
WARNING:  Option 'mip_integral_gap_abs' deprecated, please use 'mip_opt_gap_abs'.
WARNING:  Option 'mip_integral_gap_rel' deprecated, please use 'mip_opt_gap_rel'.
WARNING:  Option 'mip_integral_gap_abs' deprecated, please use 'mip_opt_gap_abs'.
WARNING:  Option 'mip_integral_gap_rel' deprecated, please use 'mip_opt_gap_rel'.
WARNING:  Option 'mip_integral_gap_abs' deprecated, please use 'mip_opt_gap_abs'.
WARNING:  Option 'mip_integral_gap_rel' deprecated, please use 'mip_opt_gap_rel'.
WARNING:  Option 'mip_integral_gap_abs' deprecated, please use 'mip_opt_gap_abs'.
WARNING:  Option 'mip_integral_gap_rel' deprecated, please use 'mip_opt_gap_rel'.
     219    9.002338e-01   0.000e+00   3.619e-03   3.338e-05        1
WARNING:  Option 'mip_integral_gap_abs' deprecated, please use 'mip_opt_gap_abs'.
WARNING:  Option 'mip_integral_gap_rel' deprecated, please use 'mip_opt_gap_rel'.
WARNING:  Option 'mip_integral_gap_abs' deprecated, please use 'mip_opt_gap_abs'.
WARNING:  Option 'mip_integral_gap_rel' deprecated, please use 'mip_opt_gap_rel'.
WARNING:  Option 'mip_integral_gap_abs' deprecated, please use 'mip_opt_gap_abs'.
WARNING:  Option 'mip_integral_gap_rel' deprecated, please use 'mip_opt_gap_rel'.
WARNING:  Option 'mip_integral_gap_abs' deprecated, please use 'mip_opt_gap_abs'.
WARNING:  Option 'mip_integral_gap_rel' deprecated, please use 'mip_opt_gap_rel'.
WARNING:  Option 'mip_integral_gap_abs' deprecated, please use 'mip_opt_gap_abs'.
WARNING:  Option 'mip_integral_gap_rel' deprecated, please use 'mip_opt_gap_rel'.
WARNING:  Option 'mip_integral_gap_abs' deprecated, please use 'mip_opt_gap_abs'.
WARNING:  Option 'mip_integral_gap_rel' deprecated, please use 'mip_opt_gap_rel'.
WARNING:  Option 'mip_integral_gap_abs' deprecated, please use 'mip_opt_gap_abs'.
WARNING:  Option 'mip_integral_gap_rel' deprecated, please use 'mip_opt_gap_rel'.
WARNING:  Option 'mip_integral_gap_abs' deprecated, please use 'mip_opt_gap_abs'.
WARNING:  Option 'mip_integral_gap_rel' deprecated, please use 'mip_opt_gap_rel'.
WARNING:  Option 'mip_integral_gap_abs' deprecated, please use 'mip_opt_gap_abs'.
WARNING:  Option 'mip_integral_gap_rel' deprecated, please use 'mip_opt_gap_rel'.
WARNING:  Option 'mip_integral_gap_abs' deprecated, please use 'mip_opt_gap_abs'.
WARNING:  Option 'mip_integral_gap_rel' deprecated, please use 'mip_opt_gap_rel'.
WARNING:  Option 'mip_integral_gap_abs' deprecated, please use 'mip_opt_gap_abs'.
WARNING:  Option 'mip_integral_gap_rel' deprecated, please use 'mip_opt_gap_rel'.
WARNING:  Option 'mip_integral_gap_abs' deprecated, please use 'mip_opt_gap_abs'.
WARNING:  Option 'mip_integral_gap_rel' deprecated, please use 'mip_opt_gap_rel'.
WARNING:  Option 'mip_integral_gap_abs' deprecated, please use 'mip_opt_gap_abs'.
WARNING:  Option 'mip_integral_gap_rel' deprecated, please use 'mip_opt_gap_rel'.
WARNING:  Option 'mip_integral_gap_abs' deprecated, please use 'mip_opt_gap_abs'.
WARNING:  Option 'mip_integral_gap_rel' deprecated, please use 'mip_opt_gap_rel'.
WARNING:  Option 'mip_integral_gap_abs' deprecated, please use 'mip_opt_gap_abs'.
WARNING:  Option 'mip_integral_gap_rel' deprecated, please use 'mip_opt_gap_rel'.
WARNING:  Option 'mip_integral_gap_abs' deprecated, please use 'mip_opt_gap_abs'.
WARNING:  Option 'mip_integral_gap_rel' deprecated, please use 'mip_opt_gap_rel'.
WARNING:  Option 'mip_integral_gap_abs' deprecated, please use 'mip_opt_gap_abs'.
WARNING:  Option 'mip_integral_gap_rel' deprecated, please use 'mip_opt_gap_rel'.
     220    9.002336e-01   0.000e+00   3.482e-03   3.948e-05        1
WARNING:  Option 'mip_integral_gap_abs' deprecated, please use 'mip_opt_gap_abs'.
WARNING:  Option 'mip_integral_gap_rel' deprecated, please use 'mip_opt_gap_rel'.
WARNING:  Option 'mip_integral_gap_abs' deprecated, please use 'mip_opt_gap_abs'.
WARNING:  Option 'mip_integral_gap_rel' deprecated, please use 'mip_opt_gap_rel'.
     221    9.002245e-01   0.000e+00   5.427e-03   4.901e-03        0
WARNING:  Option 'mip_integral_gap_abs' deprecated, please use 'mip_opt_gap_abs'.
WARNING:  Option 'mip_integral_gap_rel' deprecated, please use 'mip_opt_gap_rel'.
WARNING:  Option 'mip_integral_gap_abs' deprecated, please use 'mip_opt_gap_abs'.
WARNING:  Option 'mip_integral_gap_rel' deprecated, please use 'mip_opt_gap_rel'.
     222    9.001800e-01   0.000e+00   7.289e-03   1.050e-02        0
WARNING:  Option 'mip_integral_gap_abs' deprecated, please use 'mip_opt_gap_abs'.
WARNING:  Option 'mip_integral_gap_rel' deprecated, please use 'mip_opt_gap_rel'.
WARNING:  Option 'mip_integral_gap_abs' deprecated, please use 'mip_opt_gap_abs'.
WARNING:  Option 'mip_integral_gap_rel' deprecated, please use 'mip_opt_gap_rel'.
     223    9.001268e-01   0.000e+00   2.833e-03   3.004e-03        0
WARNING:  Option 'mip_integral_gap_abs' deprecated, please use 'mip_opt_gap_abs'.
WARNING:  Option 'mip_integral_gap_rel' deprecated, please use 'mip_opt_gap_rel'.
WARNING:  Option 'mip_integral_gap_abs' deprecated, please use 'mip_opt_gap_abs'.
WARNING:  Option 'mip_integral_gap_rel' deprecated, please use 'mip_opt_gap_rel'.
WARNING:  Option 'mip_integral_gap_abs' deprecated, please use 'mip_opt_gap_abs'.
WARNING:  Option 'mip_integral_gap_rel' deprecated, please use 'mip_opt_gap_rel'.
     224    9.000869e-01   0.000e+00   5.674e-02   1.633e-03        0
WARNING:  Option 'mip_integral_gap_abs' deprecated, please use 'mip_opt_gap_abs'.
WARNING:  Option 'mip_integral_gap_rel' deprecated, please use 'mip_opt_gap_rel'.
WARNING:  Option 'mip_integral_gap_abs' deprecated, please use 'mip_opt_gap_abs'.
WARNING:  Option 'mip_integral_gap_rel' deprecated, please use 'mip_opt_gap_rel'.
WARNING:  Option 'mip_integral_gap_abs' deprecated, please use 'mip_opt_gap_abs'.
WARNING:  Option 'mip_integral_gap_rel' deprecated, please use 'mip_opt_gap_rel'.
WARNING:  Option 'mip_integral_gap_abs' deprecated, please use 'mip_opt_gap_abs'.
WARNING:  Option 'mip_integral_gap_rel' deprecated, please use 'mip_opt_gap_rel'.
WARNING:  Option 'mip_integral_gap_abs' deprecated, please use 'mip_opt_gap_abs'.
WARNING:  Option 'mip_integral_gap_rel' deprecated, please use 'mip_opt_gap_rel'.
WARNING:  Option 'mip_integral_gap_abs' deprecated, please use 'mip_opt_gap_abs'.
WARNING:  Option 'mip_integral_gap_rel' deprecated, please use 'mip_opt_gap_rel'.
WARNING:  Option 'mip_integral_gap_abs' deprecated, please use 'mip_opt_gap_abs'.
WARNING:  Option 'mip_integral_gap_rel' deprecated, please use 'mip_opt_gap_rel'.
WARNING:  Option 'mip_integral_gap_abs' deprecated, please use 'mip_opt_gap_abs'.
WARNING:  Option 'mip_integral_gap_rel' deprecated, please use 'mip_opt_gap_rel'.
WARNING:  Option 'mip_integral_gap_abs' deprecated, please use 'mip_opt_gap_abs'.
WARNING:  Option 'mip_integral_gap_rel' deprecated, please use 'mip_opt_gap_rel'.
WARNING:  Option 'mip_integral_gap_abs' deprecated, please use 'mip_opt_gap_abs'.
WARNING:  Option 'mip_integral_gap_rel' deprecated, please use 'mip_opt_gap_rel'.
WARNING:  Option 'mip_integral_gap_abs' deprecated, please use 'mip_opt_gap_abs'.
WARNING:  Option 'mip_integral_gap_rel' deprecated, please use 'mip_opt_gap_rel'.
WARNING:  Option 'mip_integral_gap_abs' deprecated, please use 'mip_opt_gap_abs'.
WARNING:  Option 'mip_integral_gap_rel' deprecated, please use 'mip_opt_gap_rel'.
WARNING:  Option 'mip_integral_gap_abs' deprecated, please use 'mip_opt_gap_abs'.
WARNING:  Option 'mip_integral_gap_rel' deprecated, please use 'mip_opt_gap_rel'.
WARNING:  Option 'mip_integral_gap_abs' deprecated, please use 'mip_opt_gap_abs'.
WARNING:  Option 'mip_integral_gap_rel' deprecated, please use 'mip_opt_gap_rel'.
WARNING:  Option 'mip_integral_gap_abs' deprecated, please use 'mip_opt_gap_abs'.
WARNING:  Option 'mip_integral_gap_rel' deprecated, please use 'mip_opt_gap_rel'.
WARNING:  Option 'mip_integral_gap_abs' deprecated, please use 'mip_opt_gap_abs'.
WARNING:  Option 'mip_integral_gap_rel' deprecated, please use 'mip_opt_gap_rel'.
WARNING:  Option 'mip_integral_gap_abs' deprecated, please use 'mip_opt_gap_abs'.
WARNING:  Option 'mip_integral_gap_rel' deprecated, please use 'mip_opt_gap_rel'.
WARNING:  Option 'mip_integral_gap_abs' deprecated, please use 'mip_opt_gap_abs'.
WARNING:  Option 'mip_integral_gap_rel' deprecated, please use 'mip_opt_gap_rel'.
WARNING:  Option 'mip_integral_gap_abs' deprecated, please use 'mip_opt_gap_abs'.
WARNING:  Option 'mip_integral_gap_rel' deprecated, please use 'mip_opt_gap_rel'.
WARNING:  Option 'mip_integral_gap_abs' deprecated, please use 'mip_opt_gap_abs'.
WARNING:  Option 'mip_integral_gap_rel' deprecated, please use 'mip_opt_gap_rel'.
WARNING:  Option 'mip_integral_gap_abs' deprecated, please use 'mip_opt_gap_abs'.
WARNING:  Option 'mip_integral_gap_rel' deprecated, please use 'mip_opt_gap_rel'.
WARNING:  Option 'mip_integral_gap_abs' deprecated, please use 'mip_opt_gap_abs'.
WARNING:  Option 'mip_integral_gap_rel' deprecated, please use 'mip_opt_gap_rel'.
WARNING:  Option 'mip_integral_gap_abs' deprecated, please use 'mip_opt_gap_abs'.
WARNING:  Option 'mip_integral_gap_rel' deprecated, please use 'mip_opt_gap_rel'.
WARNING:  Option 'mip_integral_gap_abs' deprecated, please use 'mip_opt_gap_abs'.
WARNING:  Option 'mip_integral_gap_rel' deprecated, please use 'mip_opt_gap_rel'.
WARNING:  Option 'mip_integral_gap_abs' deprecated, please use 'mip_opt_gap_abs'.
WARNING:  Option 'mip_integral_gap_rel' deprecated, please use 'mip_opt_gap_rel'.
WARNING:  Option 'mip_integral_gap_abs' deprecated, please use 'mip_opt_gap_abs'.
WARNING:  Option 'mip_integral_gap_rel' deprecated, please use 'mip_opt_gap_rel'.
     225    9.000859e-01   0.000e+00   9.061e-03   2.196e-05        1
WARNING:  Option 'mip_integral_gap_abs' deprecated, please use 'mip_opt_gap_abs'.
WARNING:  Option 'mip_integral_gap_rel' deprecated, please use 'mip_opt_gap_rel'.
WARNING:  Option 'mip_integral_gap_abs' deprecated, please use 'mip_opt_gap_abs'.
WARNING:  Option 'mip_integral_gap_rel' deprecated, please use 'mip_opt_gap_rel'.
WARNING:  Option 'mip_integral_gap_abs' deprecated, please use 'mip_opt_gap_abs'.
WARNING:  Option 'mip_integral_gap_rel' deprecated, please use 'mip_opt_gap_rel'.
     226    9.000808e-01   0.000e+00   7.653e-03   1.594e-03        0
WARNING:  Option 'mip_integral_gap_abs' deprecated, please use 'mip_opt_gap_abs'.
WARNING:  Option 'mip_integral_gap_rel' deprecated, please use 'mip_opt_gap_rel'.
WARNING:  Option 'mip_integral_gap_abs' deprecated, please use 'mip_opt_gap_abs'.
WARNING:  Option 'mip_integral_gap_rel' deprecated, please use 'mip_opt_gap_rel'.
WARNING:  Option 'mip_integral_gap_abs' deprecated, please use 'mip_opt_gap_abs'.
WARNING:  Option 'mip_integral_gap_rel' deprecated, please use 'mip_opt_gap_rel'.
WARNING:  Option 'mip_integral_gap_abs' deprecated, please use 'mip_opt_gap_abs'.
WARNING:  Option 'mip_integral_gap_rel' deprecated, please use 'mip_opt_gap_rel'.
WARNING:  Option 'mip_integral_gap_abs' deprecated, please use 'mip_opt_gap_abs'.
WARNING:  Option 'mip_integral_gap_rel' deprecated, please use 'mip_opt_gap_rel'.
     227    9.000750e-01   0.000e+00   2.575e-02   3.341e-04        0
WARNING:  Option 'mip_integral_gap_abs' deprecated, please use 'mip_opt_gap_abs'.
WARNING:  Option 'mip_integral_gap_rel' deprecated, please use 'mip_opt_gap_rel'.
WARNING:  Option 'mip_integral_gap_abs' deprecated, please use 'mip_opt_gap_abs'.
WARNING:  Option 'mip_integral_gap_rel' deprecated, please use 'mip_opt_gap_rel'.
WARNING:  Option 'mip_integral_gap_abs' deprecated, please use 'mip_opt_gap_abs'.
WARNING:  Option 'mip_integral_gap_rel' deprecated, please use 'mip_opt_gap_rel'.
     228    9.000642e-01   0.000e+00   8.587e-03   1.511e-04        0
WARNING:  Option 'mip_integral_gap_abs' deprecated, please use 'mip_opt_gap_abs'.
WARNING:  Option 'mip_integral_gap_rel' deprecated, please use 'mip_opt_gap_rel'.
WARNING:  Option 'mip_integral_gap_abs' deprecated, please use 'mip_opt_gap_abs'.
WARNING:  Option 'mip_integral_gap_rel' deprecated, please use 'mip_opt_gap_rel'.
     229    9.000638e-01   0.000e+00   2.247e-02   1.825e-04        0
WARNING:  Option 'mip_integral_gap_abs' deprecated, please use 'mip_opt_gap_abs'.
WARNING:  Option 'mip_integral_gap_rel' deprecated, please use 'mip_opt_gap_rel'.
WARNING:  Option 'mip_integral_gap_abs' deprecated, please use 'mip_opt_gap_abs'.
WARNING:  Option 'mip_integral_gap_rel' deprecated, please use 'mip_opt_gap_rel'.
     230    9.000586e-01   0.000e+00   3.033e-02   4.342e-04        0
WARNING:  Option 'mip_integral_gap_abs' deprecated, please use 'mip_opt_gap_abs'.
WARNING:  Option 'mip_integral_gap_rel' deprecated, please use 'mip_opt_gap_rel'.
WARNING:  Option 'mip_integral_gap_abs' deprecated, please use 'mip_opt_gap_abs'.
WARNING:  Option 'mip_integral_gap_rel' deprecated, please use 'mip_opt_gap_rel'.
WARNING:  Option 'mip_integral_gap_abs' deprecated, please use 'mip_opt_gap_abs'.
WARNING:  Option 'mip_integral_gap_rel' deprecated, please use 'mip_opt_gap_rel'.
WARNING:  Option 'mip_integral_gap_abs' deprecated, please use 'mip_opt_gap_abs'.
WARNING:  Option 'mip_integral_gap_rel' deprecated, please use 'mip_opt_gap_rel'.
WARNING:  Option 'mip_integral_gap_abs' deprecated, please use 'mip_opt_gap_abs'.
WARNING:  Option 'mip_integral_gap_rel' deprecated, please use 'mip_opt_gap_rel'.
WARNING:  Option 'mip_integral_gap_abs' deprecated, please use 'mip_opt_gap_abs'.
WARNING:  Option 'mip_integral_gap_rel' deprecated, please use 'mip_opt_gap_rel'.
WARNING:  Option 'mip_integral_gap_abs' deprecated, please use 'mip_opt_gap_abs'.
WARNING:  Option 'mip_integral_gap_rel' deprecated, please use 'mip_opt_gap_rel'.
WARNING:  Option 'mip_integral_gap_abs' deprecated, please use 'mip_opt_gap_abs'.
WARNING:  Option 'mip_integral_gap_rel' deprecated, please use 'mip_opt_gap_rel'.
WARNING:  Option 'mip_integral_gap_abs' deprecated, please use 'mip_opt_gap_abs'.
WARNING:  Option 'mip_integral_gap_rel' deprecated, please use 'mip_opt_gap_rel'.
WARNING:  Option 'mip_integral_gap_abs' deprecated, please use 'mip_opt_gap_abs'.
WARNING:  Option 'mip_integral_gap_rel' deprecated, please use 'mip_opt_gap_rel'.
WARNING:  Option 'mip_integral_gap_abs' deprecated, please use 'mip_opt_gap_abs'.
WARNING:  Option 'mip_integral_gap_rel' deprecated, please use 'mip_opt_gap_rel'.
WARNING:  Option 'mip_integral_gap_abs' deprecated, please use 'mip_opt_gap_abs'.
WARNING:  Option 'mip_integral_gap_rel' deprecated, please use 'mip_opt_gap_rel'.
WARNING:  Option 'mip_integral_gap_abs' deprecated, please use 'mip_opt_gap_abs'.
WARNING:  Option 'mip_integral_gap_rel' deprecated, please use 'mip_opt_gap_rel'.
WARNING:  Option 'mip_integral_gap_abs' deprecated, please use 'mip_opt_gap_abs'.
WARNING:  Option 'mip_integral_gap_rel' deprecated, please use 'mip_opt_gap_rel'.
WARNING:  Option 'mip_integral_gap_abs' deprecated, please use 'mip_opt_gap_abs'.
WARNING:  Option 'mip_integral_gap_rel' deprecated, please use 'mip_opt_gap_rel'.
WARNING:  Option 'mip_integral_gap_abs' deprecated, please use 'mip_opt_gap_abs'.
WARNING:  Option 'mip_integral_gap_rel' deprecated, please use 'mip_opt_gap_rel'.
WARNING:  Option 'mip_integral_gap_abs' deprecated, please use 'mip_opt_gap_abs'.
WARNING:  Option 'mip_integral_gap_rel' deprecated, please use 'mip_opt_gap_rel'.
     231    9.000572e-01   0.000e+00   1.042e-02   2.968e-05       18
WARNING:  Option 'mip_integral_gap_abs' deprecated, please use 'mip_opt_gap_abs'.
WARNING:  Option 'mip_integral_gap_rel' deprecated, please use 'mip_opt_gap_rel'.
WARNING:  Option 'mip_integral_gap_abs' deprecated, please use 'mip_opt_gap_abs'.
WARNING:  Option 'mip_integral_gap_rel' deprecated, please use 'mip_opt_gap_rel'.
WARNING:  Option 'mip_integral_gap_abs' deprecated, please use 'mip_opt_gap_abs'.
WARNING:  Option 'mip_integral_gap_rel' deprecated, please use 'mip_opt_gap_rel'.
     232    9.000521e-01   0.000e+00   2.067e-03   5.756e-05        0
WARNING:  Option 'mip_integral_gap_abs' deprecated, please use 'mip_opt_gap_abs'.
WARNING:  Option 'mip_integral_gap_rel' deprecated, please use 'mip_opt_gap_rel'.
WARNING:  Option 'mip_integral_gap_abs' deprecated, please use 'mip_opt_gap_abs'.
WARNING:  Option 'mip_integral_gap_rel' deprecated, please use 'mip_opt_gap_rel'.
     233    9.000519e-01   0.000e+00   4.540e-02   1.604e-04        0
WARNING:  Option 'mip_integral_gap_abs' deprecated, please use 'mip_opt_gap_abs'.
WARNING:  Option 'mip_integral_gap_rel' deprecated, please use 'mip_opt_gap_rel'.
WARNING:  Option 'mip_integral_gap_abs' deprecated, please use 'mip_opt_gap_abs'.
WARNING:  Option 'mip_integral_gap_rel' deprecated, please use 'mip_opt_gap_rel'.
WARNING:  Option 'mip_integral_gap_abs' deprecated, please use 'mip_opt_gap_abs'.
WARNING:  Option 'mip_integral_gap_rel' deprecated, please use 'mip_opt_gap_rel'.
WARNING:  Option 'mip_integral_gap_abs' deprecated, please use 'mip_opt_gap_abs'.
WARNING:  Option 'mip_integral_gap_rel' deprecated, please use 'mip_opt_gap_rel'.
WARNING:  Option 'mip_integral_gap_abs' deprecated, please use 'mip_opt_gap_abs'.
WARNING:  Option 'mip_integral_gap_rel' deprecated, please use 'mip_opt_gap_rel'.
WARNING:  Option 'mip_integral_gap_abs' deprecated, please use 'mip_opt_gap_abs'.
WARNING:  Option 'mip_integral_gap_rel' deprecated, please use 'mip_opt_gap_rel'.
WARNING:  Option 'mip_integral_gap_abs' deprecated, please use 'mip_opt_gap_abs'.
WARNING:  Option 'mip_integral_gap_rel' deprecated, please use 'mip_opt_gap_rel'.
WARNING:  Option 'mip_integral_gap_abs' deprecated, please use 'mip_opt_gap_abs'.
WARNING:  Option 'mip_integral_gap_rel' deprecated, please use 'mip_opt_gap_rel'.
WARNING:  Option 'mip_integral_gap_abs' deprecated, please use 'mip_opt_gap_abs'.
WARNING:  Option 'mip_integral_gap_rel' deprecated, please use 'mip_opt_gap_rel'.
WARNING:  Option 'mip_integral_gap_abs' deprecated, please use 'mip_opt_gap_abs'.
WARNING:  Option 'mip_integral_gap_rel' deprecated, please use 'mip_opt_gap_rel'.
WARNING:  Option 'mip_integral_gap_abs' deprecated, please use 'mip_opt_gap_abs'.
WARNING:  Option 'mip_integral_gap_rel' deprecated, please use 'mip_opt_gap_rel'.
WARNING:  Option 'mip_integral_gap_abs' deprecated, please use 'mip_opt_gap_abs'.
WARNING:  Option 'mip_integral_gap_rel' deprecated, please use 'mip_opt_gap_rel'.
WARNING:  Option 'mip_integral_gap_abs' deprecated, please use 'mip_opt_gap_abs'.
WARNING:  Option 'mip_integral_gap_rel' deprecated, please use 'mip_opt_gap_rel'.
WARNING:  Option 'mip_integral_gap_abs' deprecated, please use 'mip_opt_gap_abs'.
WARNING:  Option 'mip_integral_gap_rel' deprecated, please use 'mip_opt_gap_rel'.
WARNING:  Option 'mip_integral_gap_abs' deprecated, please use 'mip_opt_gap_abs'.
WARNING:  Option 'mip_integral_gap_rel' deprecated, please use 'mip_opt_gap_rel'.
WARNING:  Option 'mip_integral_gap_abs' deprecated, please use 'mip_opt_gap_abs'.
WARNING:  Option 'mip_integral_gap_rel' deprecated, please use 'mip_opt_gap_rel'.
WARNING:  Option 'mip_integral_gap_abs' deprecated, please use 'mip_opt_gap_abs'.
WARNING:  Option 'mip_integral_gap_rel' deprecated, please use 'mip_opt_gap_rel'.
     234    9.000349e-01   0.000e+00   1.756e-02   4.808e-04        9
WARNING:  Option 'mip_integral_gap_abs' deprecated, please use 'mip_opt_gap_abs'.
WARNING:  Option 'mip_integral_gap_rel' deprecated, please use 'mip_opt_gap_rel'.
WARNING:  Option 'mip_integral_gap_abs' deprecated, please use 'mip_opt_gap_abs'.
WARNING:  Option 'mip_integral_gap_rel' deprecated, please use 'mip_opt_gap_rel'.
WARNING:  Option 'mip_integral_gap_abs' deprecated, please use 'mip_opt_gap_abs'.
WARNING:  Option 'mip_integral_gap_rel' deprecated, please use 'mip_opt_gap_rel'.
WARNING:  Option 'mip_integral_gap_abs' deprecated, please use 'mip_opt_gap_abs'.
WARNING:  Option 'mip_integral_gap_rel' deprecated, please use 'mip_opt_gap_rel'.
     235    9.000349e-01   0.000e+00   1.754e-02   1.322e-08        0
WARNING:  Option 'mip_integral_gap_abs' deprecated, please use 'mip_opt_gap_abs'.
WARNING:  Option 'mip_integral_gap_rel' deprecated, please use 'mip_opt_gap_rel'.
WARNING:  Option 'mip_integral_gap_abs' deprecated, please use 'mip_opt_gap_abs'.
WARNING:  Option 'mip_integral_gap_rel' deprecated, please use 'mip_opt_gap_rel'.
WARNING:  Option 'mip_integral_gap_abs' deprecated, please use 'mip_opt_gap_abs'.
WARNING:  Option 'mip_integral_gap_rel' deprecated, please use 'mip_opt_gap_rel'.
WARNING:  Option 'mip_integral_gap_abs' deprecated, please use 'mip_opt_gap_abs'.
WARNING:  Option 'mip_integral_gap_rel' deprecated, please use 'mip_opt_gap_rel'.
WARNING:  Option 'mip_integral_gap_abs' deprecated, please use 'mip_opt_gap_abs'.
WARNING:  Option 'mip_integral_gap_rel' deprecated, please use 'mip_opt_gap_rel'.
WARNING:  Option 'mip_integral_gap_abs' deprecated, please use 'mip_opt_gap_abs'.
WARNING:  Option 'mip_integral_gap_rel' deprecated, please use 'mip_opt_gap_rel'.
WARNING:  Option 'mip_integral_gap_abs' deprecated, please use 'mip_opt_gap_abs'.
WARNING:  Option 'mip_integral_gap_rel' deprecated, please use 'mip_opt_gap_rel'.
     236    9.000348e-01   0.000e+00   1.754e-02   2.854e-06        1
WARNING:  Option 'mip_integral_gap_abs' deprecated, please use 'mip_opt_gap_abs'.
WARNING:  Option 'mip_integral_gap_rel' deprecated, please use 'mip_opt_gap_rel'.
WARNING:  Option 'mip_integral_gap_abs' deprecated, please use 'mip_opt_gap_abs'.
WARNING:  Option 'mip_integral_gap_rel' deprecated, please use 'mip_opt_gap_rel'.
     237    9.000344e-01   0.000e+00   1.100e-02   3.608e-07        0
WARNING:  Option 'mip_integral_gap_abs' deprecated, please use 'mip_opt_gap_abs'.
WARNING:  Option 'mip_integral_gap_rel' deprecated, please use 'mip_opt_gap_rel'.
WARNING:  Option 'mip_integral_gap_abs' deprecated, please use 'mip_opt_gap_abs'.
WARNING:  Option 'mip_integral_gap_rel' deprecated, please use 'mip_opt_gap_rel'.
     238    9.000344e-01   0.000e+00   1.003e-02   4.217e-07        0
WARNING:  Option 'mip_integral_gap_abs' deprecated, please use 'mip_opt_gap_abs'.
WARNING:  Option 'mip_integral_gap_rel' deprecated, please use 'mip_opt_gap_rel'.
WARNING:  Option 'mip_integral_gap_abs' deprecated, please use 'mip_opt_gap_abs'.
WARNING:  Option 'mip_integral_gap_rel' deprecated, please use 'mip_opt_gap_rel'.
     239    9.000344e-01   0.000e+00   9.790e-03   9.482e-07        0
WARNING:  Option 'mip_integral_gap_abs' deprecated, please use 'mip_opt_gap_abs'.
WARNING:  Option 'mip_integral_gap_rel' deprecated, please use 'mip_opt_gap_rel'.
WARNING:  Option 'mip_integral_gap_abs' deprecated, please use 'mip_opt_gap_abs'.
WARNING:  Option 'mip_integral_gap_rel' deprecated, please use 'mip_opt_gap_rel'.
     240    9.000344e-01   0.000e+00   9.789e-03   2.072e-06        0
WARNING:  Option 'mip_integral_gap_abs' deprecated, please use 'mip_opt_gap_abs'.
WARNING:  Option 'mip_integral_gap_rel' deprecated, please use 'mip_opt_gap_rel'.
WARNING:  Option 'mip_integral_gap_abs' deprecated, please use 'mip_opt_gap_abs'.
WARNING:  Option 'mip_integral_gap_rel' deprecated, please use 'mip_opt_gap_rel'.
     241    9.000343e-01   0.000e+00   9.786e-03   4.687e-06        0
WARNING:  Option 'mip_integral_gap_abs' deprecated, please use 'mip_opt_gap_abs'.
WARNING:  Option 'mip_integral_gap_rel' deprecated, please use 'mip_opt_gap_rel'.
WARNING:  Option 'mip_integral_gap_abs' deprecated, please use 'mip_opt_gap_abs'.
WARNING:  Option 'mip_integral_gap_rel' deprecated, please use 'mip_opt_gap_rel'.
     242    9.000342e-01   0.000e+00   9.780e-03   1.124e-05        0
WARNING:  Option 'mip_integral_gap_abs' deprecated, please use 'mip_opt_gap_abs'.
WARNING:  Option 'mip_integral_gap_rel' deprecated, please use 'mip_opt_gap_rel'.
WARNING:  Option 'mip_integral_gap_abs' deprecated, please use 'mip_opt_gap_abs'.
WARNING:  Option 'mip_integral_gap_rel' deprecated, please use 'mip_opt_gap_rel'.
     243    9.000341e-01   0.000e+00   9.778e-03   3.707e-06        0
WARNING:  Option 'mip_integral_gap_abs' deprecated, please use 'mip_opt_gap_abs'.
WARNING:  Option 'mip_integral_gap_rel' deprecated, please use 'mip_opt_gap_rel'.
WARNING:  Option 'mip_integral_gap_abs' deprecated, please use 'mip_opt_gap_abs'.
WARNING:  Option 'mip_integral_gap_rel' deprecated, please use 'mip_opt_gap_rel'.
     244    9.000340e-01   0.000e+00   9.773e-03   9.130e-06        0
WARNING:  Option 'mip_integral_gap_abs' deprecated, please use 'mip_opt_gap_abs'.
WARNING:  Option 'mip_integral_gap_rel' deprecated, please use 'mip_opt_gap_rel'.
WARNING:  Option 'mip_integral_gap_abs' deprecated, please use 'mip_opt_gap_abs'.
WARNING:  Option 'mip_integral_gap_rel' deprecated, please use 'mip_opt_gap_rel'.
     245    9.000337e-01   0.000e+00   9.761e-03   2.262e-05        0
WARNING:  Option 'mip_integral_gap_abs' deprecated, please use 'mip_opt_gap_abs'.
WARNING:  Option 'mip_integral_gap_rel' deprecated, please use 'mip_opt_gap_rel'.
WARNING:  Option 'mip_integral_gap_abs' deprecated, please use 'mip_opt_gap_abs'.
WARNING:  Option 'mip_integral_gap_rel' deprecated, please use 'mip_opt_gap_rel'.
     246    9.000330e-01   0.000e+00   9.731e-03   5.632e-05        0
WARNING:  Option 'mip_integral_gap_abs' deprecated, please use 'mip_opt_gap_abs'.
WARNING:  Option 'mip_integral_gap_rel' deprecated, please use 'mip_opt_gap_rel'.
WARNING:  Option 'mip_integral_gap_abs' deprecated, please use 'mip_opt_gap_abs'.
WARNING:  Option 'mip_integral_gap_rel' deprecated, please use 'mip_opt_gap_rel'.
WARNING:  Option 'mip_integral_gap_abs' deprecated, please use 'mip_opt_gap_abs'.
WARNING:  Option 'mip_integral_gap_rel' deprecated, please use 'mip_opt_gap_rel'.
WARNING:  Option 'mip_integral_gap_abs' deprecated, please use 'mip_opt_gap_abs'.
WARNING:  Option 'mip_integral_gap_rel' deprecated, please use 'mip_opt_gap_rel'.
     247    9.000321e-01   0.000e+00   7.838e-03   7.053e-05        0
WARNING:  Option 'mip_integral_gap_abs' deprecated, please use 'mip_opt_gap_abs'.
WARNING:  Option 'mip_integral_gap_rel' deprecated, please use 'mip_opt_gap_rel'.
WARNING:  Option 'mip_integral_gap_abs' deprecated, please use 'mip_opt_gap_abs'.
WARNING:  Option 'mip_integral_gap_rel' deprecated, please use 'mip_opt_gap_rel'.
WARNING:  Option 'mip_integral_gap_abs' deprecated, please use 'mip_opt_gap_abs'.
WARNING:  Option 'mip_integral_gap_rel' deprecated, please use 'mip_opt_gap_rel'.
WARNING:  Option 'mip_integral_gap_abs' deprecated, please use 'mip_opt_gap_abs'.
WARNING:  Option 'mip_integral_gap_rel' deprecated, please use 'mip_opt_gap_rel'.
WARNING:  Option 'mip_integral_gap_abs' deprecated, please use 'mip_opt_gap_abs'.
WARNING:  Option 'mip_integral_gap_rel' deprecated, please use 'mip_opt_gap_rel'.
WARNING:  Option 'mip_integral_gap_abs' deprecated, please use 'mip_opt_gap_abs'.
WARNING:  Option 'mip_integral_gap_rel' deprecated, please use 'mip_opt_gap_rel'.
WARNING:  Option 'mip_integral_gap_abs' deprecated, please use 'mip_opt_gap_abs'.
WARNING:  Option 'mip_integral_gap_rel' deprecated, please use 'mip_opt_gap_rel'.
WARNING:  Option 'mip_integral_gap_abs' deprecated, please use 'mip_opt_gap_abs'.
WARNING:  Option 'mip_integral_gap_rel' deprecated, please use 'mip_opt_gap_rel'.
WARNING:  Option 'mip_integral_gap_abs' deprecated, please use 'mip_opt_gap_abs'.
WARNING:  Option 'mip_integral_gap_rel' deprecated, please use 'mip_opt_gap_rel'.
WARNING:  Option 'mip_integral_gap_abs' deprecated, please use 'mip_opt_gap_abs'.
WARNING:  Option 'mip_integral_gap_rel' deprecated, please use 'mip_opt_gap_rel'.
WARNING:  Option 'mip_integral_gap_abs' deprecated, please use 'mip_opt_gap_abs'.
WARNING:  Option 'mip_integral_gap_rel' deprecated, please use 'mip_opt_gap_rel'.
WARNING:  Option 'mip_integral_gap_abs' deprecated, please use 'mip_opt_gap_abs'.
WARNING:  Option 'mip_integral_gap_rel' deprecated, please use 'mip_opt_gap_rel'.
WARNING:  Option 'mip_integral_gap_abs' deprecated, please use 'mip_opt_gap_abs'.
WARNING:  Option 'mip_integral_gap_rel' deprecated, please use 'mip_opt_gap_rel'.
WARNING:  Option 'mip_integral_gap_abs' deprecated, please use 'mip_opt_gap_abs'.
WARNING:  Option 'mip_integral_gap_rel' deprecated, please use 'mip_opt_gap_rel'.
WARNING:  Option 'mip_integral_gap_abs' deprecated, please use 'mip_opt_gap_abs'.
WARNING:  Option 'mip_integral_gap_rel' deprecated, please use 'mip_opt_gap_rel'.
WARNING:  Option 'mip_integral_gap_abs' deprecated, please use 'mip_opt_gap_abs'.
WARNING:  Option 'mip_integral_gap_rel' deprecated, please use 'mip_opt_gap_rel'.
WARNING:  Option 'mip_integral_gap_abs' deprecated, please use 'mip_opt_gap_abs'.
WARNING:  Option 'mip_integral_gap_rel' deprecated, please use 'mip_opt_gap_rel'.
WARNING:  Option 'mip_integral_gap_abs' deprecated, please use 'mip_opt_gap_abs'.
WARNING:  Option 'mip_integral_gap_rel' deprecated, please use 'mip_opt_gap_rel'.
WARNING:  Option 'mip_integral_gap_abs' deprecated, please use 'mip_opt_gap_abs'.
WARNING:  Option 'mip_integral_gap_rel' deprecated, please use 'mip_opt_gap_rel'.
WARNING:  Option 'mip_integral_gap_abs' deprecated, please use 'mip_opt_gap_abs'.
WARNING:  Option 'mip_integral_gap_rel' deprecated, please use 'mip_opt_gap_rel'.
WARNING:  Option 'mip_integral_gap_abs' deprecated, please use 'mip_opt_gap_abs'.
WARNING:  Option 'mip_integral_gap_rel' deprecated, please use 'mip_opt_gap_rel'.
WARNING:  Option 'mip_integral_gap_abs' deprecated, please use 'mip_opt_gap_abs'.
WARNING:  Option 'mip_integral_gap_rel' deprecated, please use 'mip_opt_gap_rel'.
WARNING:  Option 'mip_integral_gap_abs' deprecated, please use 'mip_opt_gap_abs'.
WARNING:  Option 'mip_integral_gap_rel' deprecated, please use 'mip_opt_gap_rel'.
WARNING:  Option 'mip_integral_gap_abs' deprecated, please use 'mip_opt_gap_abs'.
WARNING:  Option 'mip_integral_gap_rel' deprecated, please use 'mip_opt_gap_rel'.
WARNING:  Option 'mip_integral_gap_abs' deprecated, please use 'mip_opt_gap_abs'.
WARNING:  Option 'mip_integral_gap_rel' deprecated, please use 'mip_opt_gap_rel'.
     248    9.000321e-01   0.000e+00   1.026e-02   5.635e-06        1
WARNING:  Option 'mip_integral_gap_abs' deprecated, please use 'mip_opt_gap_abs'.
WARNING:  Option 'mip_integral_gap_rel' deprecated, please use 'mip_opt_gap_rel'.
WARNING:  Option 'mip_integral_gap_abs' deprecated, please use 'mip_opt_gap_abs'.
WARNING:  Option 'mip_integral_gap_rel' deprecated, please use 'mip_opt_gap_rel'.
WARNING:  Option 'mip_integral_gap_abs' deprecated, please use 'mip_opt_gap_abs'.
WARNING:  Option 'mip_integral_gap_rel' deprecated, please use 'mip_opt_gap_rel'.
WARNING:  Option 'mip_integral_gap_abs' deprecated, please use 'mip_opt_gap_abs'.
WARNING:  Option 'mip_integral_gap_rel' deprecated, please use 'mip_opt_gap_rel'.
     249    9.000321e-01   0.000e+00   9.608e-03   1.062e-10        0
WARNING:  Option 'mip_integral_gap_abs' deprecated, please use 'mip_opt_gap_abs'.
WARNING:  Option 'mip_integral_gap_rel' deprecated, please use 'mip_opt_gap_rel'.
WARNING:  Option 'mip_integral_gap_abs' deprecated, please use 'mip_opt_gap_abs'.
WARNING:  Option 'mip_integral_gap_rel' deprecated, please use 'mip_opt_gap_rel'.
WARNING:  Option 'mip_integral_gap_abs' deprecated, please use 'mip_opt_gap_abs'.
WARNING:  Option 'mip_integral_gap_rel' deprecated, please use 'mip_opt_gap_rel'.
WARNING:  Option 'mip_integral_gap_abs' deprecated, please use 'mip_opt_gap_abs'.
WARNING:  Option 'mip_integral_gap_rel' deprecated, please use 'mip_opt_gap_rel'.
WARNING:  Option 'mip_integral_gap_abs' deprecated, please use 'mip_opt_gap_abs'.
WARNING:  Option 'mip_integral_gap_rel' deprecated, please use 'mip_opt_gap_rel'.
     250    9.000320e-01   0.000e+00   8.200e-03   6.016e-05        0
WARNING:  Option 'mip_integral_gap_abs' deprecated, please use 'mip_opt_gap_abs'.
WARNING:  Option 'mip_integral_gap_rel' deprecated, please use 'mip_opt_gap_rel'.
WARNING:  Option 'mip_integral_gap_abs' deprecated, please use 'mip_opt_gap_abs'.
WARNING:  Option 'mip_integral_gap_rel' deprecated, please use 'mip_opt_gap_rel'.
WARNING:  Option 'mip_integral_gap_abs' deprecated, please use 'mip_opt_gap_abs'.
WARNING:  Option 'mip_integral_gap_rel' deprecated, please use 'mip_opt_gap_rel'.
WARNING:  Option 'mip_integral_gap_abs' deprecated, please use 'mip_opt_gap_abs'.
WARNING:  Option 'mip_integral_gap_rel' deprecated, please use 'mip_opt_gap_rel'.
WARNING:  Option 'mip_integral_gap_abs' deprecated, please use 'mip_opt_gap_abs'.
WARNING:  Option 'mip_integral_gap_rel' deprecated, please use 'mip_opt_gap_rel'.
WARNING:  Option 'mip_integral_gap_abs' deprecated, please use 'mip_opt_gap_abs'.
WARNING:  Option 'mip_integral_gap_rel' deprecated, please use 'mip_opt_gap_rel'.
WARNING:  Option 'mip_integral_gap_abs' deprecated, please use 'mip_opt_gap_abs'.
WARNING:  Option 'mip_integral_gap_rel' deprecated, please use 'mip_opt_gap_rel'.
WARNING:  Option 'mip_integral_gap_abs' deprecated, please use 'mip_opt_gap_abs'.
WARNING:  Option 'mip_integral_gap_rel' deprecated, please use 'mip_opt_gap_rel'.
WARNING:  Option 'mip_integral_gap_abs' deprecated, please use 'mip_opt_gap_abs'.
WARNING:  Option 'mip_integral_gap_rel' deprecated, please use 'mip_opt_gap_rel'.
WARNING:  Option 'mip_integral_gap_abs' deprecated, please use 'mip_opt_gap_abs'.
WARNING:  Option 'mip_integral_gap_rel' deprecated, please use 'mip_opt_gap_rel'.
WARNING:  Option 'mip_integral_gap_abs' deprecated, please use 'mip_opt_gap_abs'.
WARNING:  Option 'mip_integral_gap_rel' deprecated, please use 'mip_opt_gap_rel'.
WARNING:  Option 'mip_integral_gap_abs' deprecated, please use 'mip_opt_gap_abs'.
WARNING:  Option 'mip_integral_gap_rel' deprecated, please use 'mip_opt_gap_rel'.
WARNING:  Option 'mip_integral_gap_abs' deprecated, please use 'mip_opt_gap_abs'.
WARNING:  Option 'mip_integral_gap_rel' deprecated, please use 'mip_opt_gap_rel'.
WARNING:  Option 'mip_integral_gap_abs' deprecated, please use 'mip_opt_gap_abs'.
WARNING:  Option 'mip_integral_gap_rel' deprecated, please use 'mip_opt_gap_rel'.
WARNING:  Option 'mip_integral_gap_abs' deprecated, please use 'mip_opt_gap_abs'.
WARNING:  Option 'mip_integral_gap_rel' deprecated, please use 'mip_opt_gap_rel'.
WARNING:  Option 'mip_integral_gap_abs' deprecated, please use 'mip_opt_gap_abs'.
WARNING:  Option 'mip_integral_gap_rel' deprecated, please use 'mip_opt_gap_rel'.
WARNING:  Option 'mip_integral_gap_abs' deprecated, please use 'mip_opt_gap_abs'.
WARNING:  Option 'mip_integral_gap_rel' deprecated, please use 'mip_opt_gap_rel'.
WARNING:  Option 'mip_integral_gap_abs' deprecated, please use 'mip_opt_gap_abs'.
WARNING:  Option 'mip_integral_gap_rel' deprecated, please use 'mip_opt_gap_rel'.
WARNING:  Option 'mip_integral_gap_abs' deprecated, please use 'mip_opt_gap_abs'.
WARNING:  Option 'mip_integral_gap_rel' deprecated, please use 'mip_opt_gap_rel'.
WARNING:  Option 'mip_integral_gap_abs' deprecated, please use 'mip_opt_gap_abs'.
WARNING:  Option 'mip_integral_gap_rel' deprecated, please use 'mip_opt_gap_rel'.
WARNING:  Option 'mip_integral_gap_abs' deprecated, please use 'mip_opt_gap_abs'.
WARNING:  Option 'mip_integral_gap_rel' deprecated, please use 'mip_opt_gap_rel'.
WARNING:  Option 'mip_integral_gap_abs' deprecated, please use 'mip_opt_gap_abs'.
WARNING:  Option 'mip_integral_gap_rel' deprecated, please use 'mip_opt_gap_rel'.
WARNING:  Option 'mip_integral_gap_abs' deprecated, please use 'mip_opt_gap_abs'.
WARNING:  Option 'mip_integral_gap_rel' deprecated, please use 'mip_opt_gap_rel'.
     251    9.000320e-01   0.000e+00   7.647e-03   7.085e-08       22
WARNING:  Option 'mip_integral_gap_abs' deprecated, please use 'mip_opt_gap_abs'.
WARNING:  Option 'mip_integral_gap_rel' deprecated, please use 'mip_opt_gap_rel'.
WARNING:  Option 'mip_integral_gap_abs' deprecated, please use 'mip_opt_gap_abs'.
WARNING:  Option 'mip_integral_gap_rel' deprecated, please use 'mip_opt_gap_rel'.
     252    9.000320e-01   0.000e+00   6.857e-03   3.500e-06        0
WARNING:  Option 'mip_integral_gap_abs' deprecated, please use 'mip_opt_gap_abs'.
WARNING:  Option 'mip_integral_gap_rel' deprecated, please use 'mip_opt_gap_rel'.
WARNING:  Option 'mip_integral_gap_abs' deprecated, please use 'mip_opt_gap_abs'.
WARNING:  Option 'mip_integral_gap_rel' deprecated, please use 'mip_opt_gap_rel'.
WARNING:  Option 'mip_integral_gap_abs' deprecated, please use 'mip_opt_gap_abs'.
WARNING:  Option 'mip_integral_gap_rel' deprecated, please use 'mip_opt_gap_rel'.
WARNING:  Option 'mip_integral_gap_abs' deprecated, please use 'mip_opt_gap_abs'.
WARNING:  Option 'mip_integral_gap_rel' deprecated, please use 'mip_opt_gap_rel'.
WARNING:  Option 'mip_integral_gap_abs' deprecated, please use 'mip_opt_gap_abs'.
WARNING:  Option 'mip_integral_gap_rel' deprecated, please use 'mip_opt_gap_rel'.
WARNING:  Option 'mip_integral_gap_abs' deprecated, please use 'mip_opt_gap_abs'.
WARNING:  Option 'mip_integral_gap_rel' deprecated, please use 'mip_opt_gap_rel'.
WARNING:  Option 'mip_integral_gap_abs' deprecated, please use 'mip_opt_gap_abs'.
WARNING:  Option 'mip_integral_gap_rel' deprecated, please use 'mip_opt_gap_rel'.
WARNING:  Option 'mip_integral_gap_abs' deprecated, please use 'mip_opt_gap_abs'.
WARNING:  Option 'mip_integral_gap_rel' deprecated, please use 'mip_opt_gap_rel'.
WARNING:  Option 'mip_integral_gap_abs' deprecated, please use 'mip_opt_gap_abs'.
WARNING:  Option 'mip_integral_gap_rel' deprecated, please use 'mip_opt_gap_rel'.
WARNING:  Option 'mip_integral_gap_abs' deprecated, please use 'mip_opt_gap_abs'.
WARNING:  Option 'mip_integral_gap_rel' deprecated, please use 'mip_opt_gap_rel'.
WARNING:  Option 'mip_integral_gap_abs' deprecated, please use 'mip_opt_gap_abs'.
WARNING:  Option 'mip_integral_gap_rel' deprecated, please use 'mip_opt_gap_rel'.
WARNING:  Option 'mip_integral_gap_abs' deprecated, please use 'mip_opt_gap_abs'.
WARNING:  Option 'mip_integral_gap_rel' deprecated, please use 'mip_opt_gap_rel'.
WARNING:  Option 'mip_integral_gap_abs' deprecated, please use 'mip_opt_gap_abs'.
WARNING:  Option 'mip_integral_gap_rel' deprecated, please use 'mip_opt_gap_rel'.
WARNING:  Option 'mip_integral_gap_abs' deprecated, please use 'mip_opt_gap_abs'.
WARNING:  Option 'mip_integral_gap_rel' deprecated, please use 'mip_opt_gap_rel'.
WARNING:  Option 'mip_integral_gap_abs' deprecated, please use 'mip_opt_gap_abs'.
WARNING:  Option 'mip_integral_gap_rel' deprecated, please use 'mip_opt_gap_rel'.
WARNING:  Option 'mip_integral_gap_abs' deprecated, please use 'mip_opt_gap_abs'.
WARNING:  Option 'mip_integral_gap_rel' deprecated, please use 'mip_opt_gap_rel'.
WARNING:  Option 'mip_integral_gap_abs' deprecated, please use 'mip_opt_gap_abs'.
WARNING:  Option 'mip_integral_gap_rel' deprecated, please use 'mip_opt_gap_rel'.
WARNING:  Option 'mip_integral_gap_abs' deprecated, please use 'mip_opt_gap_abs'.
WARNING:  Option 'mip_integral_gap_rel' deprecated, please use 'mip_opt_gap_rel'.
WARNING:  Option 'mip_integral_gap_abs' deprecated, please use 'mip_opt_gap_abs'.
WARNING:  Option 'mip_integral_gap_rel' deprecated, please use 'mip_opt_gap_rel'.
WARNING:  Option 'mip_integral_gap_abs' deprecated, please use 'mip_opt_gap_abs'.
WARNING:  Option 'mip_integral_gap_rel' deprecated, please use 'mip_opt_gap_rel'.
WARNING:  Option 'mip_integral_gap_abs' deprecated, please use 'mip_opt_gap_abs'.
WARNING:  Option 'mip_integral_gap_rel' deprecated, please use 'mip_opt_gap_rel'.
WARNING:  Option 'mip_integral_gap_abs' deprecated, please use 'mip_opt_gap_abs'.
WARNING:  Option 'mip_integral_gap_rel' deprecated, please use 'mip_opt_gap_rel'.
WARNING:  Option 'mip_integral_gap_abs' deprecated, please use 'mip_opt_gap_abs'.
WARNING:  Option 'mip_integral_gap_rel' deprecated, please use 'mip_opt_gap_rel'.
WARNING:  Option 'mip_integral_gap_abs' deprecated, please use 'mip_opt_gap_abs'.
WARNING:  Option 'mip_integral_gap_rel' deprecated, please use 'mip_opt_gap_rel'.
     253    9.000319e-01   0.000e+00   5.306e-03   4.892e-06        1
WARNING:  Option 'mip_integral_gap_abs' deprecated, please use 'mip_opt_gap_abs'.
WARNING:  Option 'mip_integral_gap_rel' deprecated, please use 'mip_opt_gap_rel'.
WARNING:  Option 'mip_integral_gap_abs' deprecated, please use 'mip_opt_gap_abs'.
WARNING:  Option 'mip_integral_gap_rel' deprecated, please use 'mip_opt_gap_rel'.
WARNING:  Option 'mip_integral_gap_abs' deprecated, please use 'mip_opt_gap_abs'.
WARNING:  Option 'mip_integral_gap_rel' deprecated, please use 'mip_opt_gap_rel'.
WARNING:  Option 'mip_integral_gap_abs' deprecated, please use 'mip_opt_gap_abs'.
WARNING:  Option 'mip_integral_gap_rel' deprecated, please use 'mip_opt_gap_rel'.
     254    9.000319e-01   0.000e+00   5.306e-03   2.027e-07        0
WARNING:  Option 'mip_integral_gap_abs' deprecated, please use 'mip_opt_gap_abs'.
WARNING:  Option 'mip_integral_gap_rel' deprecated, please use 'mip_opt_gap_rel'.
WARNING:  Option 'mip_integral_gap_abs' deprecated, please use 'mip_opt_gap_abs'.
WARNING:  Option 'mip_integral_gap_rel' deprecated, please use 'mip_opt_gap_rel'.
WARNING:  Option 'mip_integral_gap_abs' deprecated, please use 'mip_opt_gap_abs'.
WARNING:  Option 'mip_integral_gap_rel' deprecated, please use 'mip_opt_gap_rel'.
WARNING:  Option 'mip_integral_gap_abs' deprecated, please use 'mip_opt_gap_abs'.
WARNING:  Option 'mip_integral_gap_rel' deprecated, please use 'mip_opt_gap_rel'.
WARNING:  Option 'mip_integral_gap_abs' deprecated, please use 'mip_opt_gap_abs'.
WARNING:  Option 'mip_integral_gap_rel' deprecated, please use 'mip_opt_gap_rel'.
WARNING:  Option 'mip_integral_gap_abs' deprecated, please use 'mip_opt_gap_abs'.
WARNING:  Option 'mip_integral_gap_rel' deprecated, please use 'mip_opt_gap_rel'.
WARNING:  Option 'mip_integral_gap_abs' deprecated, please use 'mip_opt_gap_abs'.
WARNING:  Option 'mip_integral_gap_rel' deprecated, please use 'mip_opt_gap_rel'.
WARNING:  Option 'mip_integral_gap_abs' deprecated, please use 'mip_opt_gap_abs'.
WARNING:  Option 'mip_integral_gap_rel' deprecated, please use 'mip_opt_gap_rel'.
WARNING:  Option 'mip_integral_gap_abs' deprecated, please use 'mip_opt_gap_abs'.
WARNING:  Option 'mip_integral_gap_rel' deprecated, please use 'mip_opt_gap_rel'.
WARNING:  Option 'mip_integral_gap_abs' deprecated, please use 'mip_opt_gap_abs'.
WARNING:  Option 'mip_integral_gap_rel' deprecated, please use 'mip_opt_gap_rel'.
WARNING:  Option 'mip_integral_gap_abs' deprecated, please use 'mip_opt_gap_abs'.
WARNING:  Option 'mip_integral_gap_rel' deprecated, please use 'mip_opt_gap_rel'.
WARNING:  Option 'mip_integral_gap_abs' deprecated, please use 'mip_opt_gap_abs'.
WARNING:  Option 'mip_integral_gap_rel' deprecated, please use 'mip_opt_gap_rel'.
     255    9.000319e-01   0.000e+00   9.248e-03   5.019e-06        1
WARNING:  Option 'mip_integral_gap_abs' deprecated, please use 'mip_opt_gap_abs'.
WARNING:  Option 'mip_integral_gap_rel' deprecated, please use 'mip_opt_gap_rel'.
WARNING:  Option 'mip_integral_gap_abs' deprecated, please use 'mip_opt_gap_abs'.
WARNING:  Option 'mip_integral_gap_rel' deprecated, please use 'mip_opt_gap_rel'.
WARNING:  Option 'mip_integral_gap_abs' deprecated, please use 'mip_opt_gap_abs'.
WARNING:  Option 'mip_integral_gap_rel' deprecated, please use 'mip_opt_gap_rel'.
WARNING:  Option 'mip_integral_gap_abs' deprecated, please use 'mip_opt_gap_abs'.
WARNING:  Option 'mip_integral_gap_rel' deprecated, please use 'mip_opt_gap_rel'.
     256    9.000319e-01   0.000e+00   9.248e-03   2.256e-08        0
WARNING:  Option 'mip_integral_gap_abs' deprecated, please use 'mip_opt_gap_abs'.
WARNING:  Option 'mip_integral_gap_rel' deprecated, please use 'mip_opt_gap_rel'.
WARNING:  Option 'mip_integral_gap_abs' deprecated, please use 'mip_opt_gap_abs'.
WARNING:  Option 'mip_integral_gap_rel' deprecated, please use 'mip_opt_gap_rel'.
WARNING:  Option 'mip_integral_gap_abs' deprecated, please use 'mip_opt_gap_abs'.
WARNING:  Option 'mip_integral_gap_rel' deprecated, please use 'mip_opt_gap_rel'.
WARNING:  Option 'mip_integral_gap_abs' deprecated, please use 'mip_opt_gap_abs'.
WARNING:  Option 'mip_integral_gap_rel' deprecated, please use 'mip_opt_gap_rel'.
WARNING:  Option 'mip_integral_gap_abs' deprecated, please use 'mip_opt_gap_abs'.
WARNING:  Option 'mip_integral_gap_rel' deprecated, please use 'mip_opt_gap_rel'.
WARNING:  Option 'mip_integral_gap_abs' deprecated, please use 'mip_opt_gap_abs'.
WARNING:  Option 'mip_integral_gap_rel' deprecated, please use 'mip_opt_gap_rel'.
WARNING:  Option 'mip_integral_gap_abs' deprecated, please use 'mip_opt_gap_abs'.
WARNING:  Option 'mip_integral_gap_rel' deprecated, please use 'mip_opt_gap_rel'.
WARNING:  Option 'mip_integral_gap_abs' deprecated, please use 'mip_opt_gap_abs'.
WARNING:  Option 'mip_integral_gap_rel' deprecated, please use 'mip_opt_gap_rel'.
WARNING:  Option 'mip_integral_gap_abs' deprecated, please use 'mip_opt_gap_abs'.
WARNING:  Option 'mip_integral_gap_rel' deprecated, please use 'mip_opt_gap_rel'.
WARNING:  Option 'mip_integral_gap_abs' deprecated, please use 'mip_opt_gap_abs'.
WARNING:  Option 'mip_integral_gap_rel' deprecated, please use 'mip_opt_gap_rel'.
WARNING:  Option 'mip_integral_gap_abs' deprecated, please use 'mip_opt_gap_abs'.
WARNING:  Option 'mip_integral_gap_rel' deprecated, please use 'mip_opt_gap_rel'.
WARNING:  Option 'mip_integral_gap_abs' deprecated, please use 'mip_opt_gap_abs'.
WARNING:  Option 'mip_integral_gap_rel' deprecated, please use 'mip_opt_gap_rel'.
WARNING:  Option 'mip_integral_gap_abs' deprecated, please use 'mip_opt_gap_abs'.
WARNING:  Option 'mip_integral_gap_rel' deprecated, please use 'mip_opt_gap_rel'.
WARNING:  Option 'mip_integral_gap_abs' deprecated, please use 'mip_opt_gap_abs'.
WARNING:  Option 'mip_integral_gap_rel' deprecated, please use 'mip_opt_gap_rel'.
WARNING:  Option 'mip_integral_gap_abs' deprecated, please use 'mip_opt_gap_abs'.
WARNING:  Option 'mip_integral_gap_rel' deprecated, please use 'mip_opt_gap_rel'.
WARNING:  Option 'mip_integral_gap_abs' deprecated, please use 'mip_opt_gap_abs'.
WARNING:  Option 'mip_integral_gap_rel' deprecated, please use 'mip_opt_gap_rel'.
WARNING:  Option 'mip_integral_gap_abs' deprecated, please use 'mip_opt_gap_abs'.
WARNING:  Option 'mip_integral_gap_rel' deprecated, please use 'mip_opt_gap_rel'.
WARNING:  Option 'mip_integral_gap_abs' deprecated, please use 'mip_opt_gap_abs'.
WARNING:  Option 'mip_integral_gap_rel' deprecated, please use 'mip_opt_gap_rel'.
     257    9.000319e-01   0.000e+00   4.384e-03   2.197e-06        1
WARNING:  Option 'mip_integral_gap_abs' deprecated, please use 'mip_opt_gap_abs'.
WARNING:  Option 'mip_integral_gap_rel' deprecated, please use 'mip_opt_gap_rel'.
WARNING:  Option 'mip_integral_gap_abs' deprecated, please use 'mip_opt_gap_abs'.
WARNING:  Option 'mip_integral_gap_rel' deprecated, please use 'mip_opt_gap_rel'.
WARNING:  Option 'mip_integral_gap_abs' deprecated, please use 'mip_opt_gap_abs'.
WARNING:  Option 'mip_integral_gap_rel' deprecated, please use 'mip_opt_gap_rel'.
     258    9.000319e-01   0.000e+00   3.909e-03   2.185e-06        1
WARNING:  Option 'mip_integral_gap_abs' deprecated, please use 'mip_opt_gap_abs'.
WARNING:  Option 'mip_integral_gap_rel' deprecated, please use 'mip_opt_gap_rel'.
WARNING:  Option 'mip_integral_gap_abs' deprecated, please use 'mip_opt_gap_abs'.
WARNING:  Option 'mip_integral_gap_rel' deprecated, please use 'mip_opt_gap_rel'.
WARNING:  Option 'mip_integral_gap_abs' deprecated, please use 'mip_opt_gap_abs'.
WARNING:  Option 'mip_integral_gap_rel' deprecated, please use 'mip_opt_gap_rel'.
WARNING:  Option 'mip_integral_gap_abs' deprecated, please use 'mip_opt_gap_abs'.
WARNING:  Option 'mip_integral_gap_rel' deprecated, please use 'mip_opt_gap_rel'.
     259    9.000319e-01   0.000e+00   3.909e-03   9.153e-10        0
WARNING:  Option 'mip_integral_gap_abs' deprecated, please use 'mip_opt_gap_abs'.
WARNING:  Option 'mip_integral_gap_rel' deprecated, please use 'mip_opt_gap_rel'.
WARNING:  Option 'mip_integral_gap_abs' deprecated, please use 'mip_opt_gap_abs'.
WARNING:  Option 'mip_integral_gap_rel' deprecated, please use 'mip_opt_gap_rel'.
WARNING:  Option 'mip_integral_gap_abs' deprecated, please use 'mip_opt_gap_abs'.
WARNING:  Option 'mip_integral_gap_rel' deprecated, please use 'mip_opt_gap_rel'.
WARNING:  Option 'mip_integral_gap_abs' deprecated, please use 'mip_opt_gap_abs'.
WARNING:  Option 'mip_integral_gap_rel' deprecated, please use 'mip_opt_gap_rel'.
WARNING:  Option 'mip_integral_gap_abs' deprecated, please use 'mip_opt_gap_abs'.
WARNING:  Option 'mip_integral_gap_rel' deprecated, please use 'mip_opt_gap_rel'.
WARNING:  Option 'mip_integral_gap_abs' deprecated, please use 'mip_opt_gap_abs'.
WARNING:  Option 'mip_integral_gap_rel' deprecated, please use 'mip_opt_gap_rel'.
WARNING:  Option 'mip_integral_gap_abs' deprecated, please use 'mip_opt_gap_abs'.
WARNING:  Option 'mip_integral_gap_rel' deprecated, please use 'mip_opt_gap_rel'.
WARNING:  Option 'mip_integral_gap_abs' deprecated, please use 'mip_opt_gap_abs'.
WARNING:  Option 'mip_integral_gap_rel' deprecated, please use 'mip_opt_gap_rel'.
     260    9.000318e-01   0.000e+00   4.198e-03   4.035e-06        1
WARNING:  Option 'mip_integral_gap_abs' deprecated, please use 'mip_opt_gap_abs'.
WARNING:  Option 'mip_integral_gap_rel' deprecated, please use 'mip_opt_gap_rel'.
WARNING:  Option 'mip_integral_gap_abs' deprecated, please use 'mip_opt_gap_abs'.
WARNING:  Option 'mip_integral_gap_rel' deprecated, please use 'mip_opt_gap_rel'.
WARNING:  Option 'mip_integral_gap_abs' deprecated, please use 'mip_opt_gap_abs'.
WARNING:  Option 'mip_integral_gap_rel' deprecated, please use 'mip_opt_gap_rel'.
WARNING:  Option 'mip_integral_gap_abs' deprecated, please use 'mip_opt_gap_abs'.
WARNING:  Option 'mip_integral_gap_rel' deprecated, please use 'mip_opt_gap_rel'.
WARNING:  Option 'mip_integral_gap_abs' deprecated, please use 'mip_opt_gap_abs'.
WARNING:  Option 'mip_integral_gap_rel' deprecated, please use 'mip_opt_gap_rel'.
WARNING:  Option 'mip_integral_gap_abs' deprecated, please use 'mip_opt_gap_abs'.
WARNING:  Option 'mip_integral_gap_rel' deprecated, please use 'mip_opt_gap_rel'.
WARNING:  Option 'mip_integral_gap_abs' deprecated, please use 'mip_opt_gap_abs'.
WARNING:  Option 'mip_integral_gap_rel' deprecated, please use 'mip_opt_gap_rel'.
WARNING:  Option 'mip_integral_gap_abs' deprecated, please use 'mip_opt_gap_abs'.
WARNING:  Option 'mip_integral_gap_rel' deprecated, please use 'mip_opt_gap_rel'.
WARNING:  Option 'mip_integral_gap_abs' deprecated, please use 'mip_opt_gap_abs'.
WARNING:  Option 'mip_integral_gap_rel' deprecated, please use 'mip_opt_gap_rel'.
     261    9.000318e-01   0.000e+00   8.145e-03   7.674e-06        5
WARNING:  Option 'mip_integral_gap_abs' deprecated, please use 'mip_opt_gap_abs'.
WARNING:  Option 'mip_integral_gap_rel' deprecated, please use 'mip_opt_gap_rel'.
WARNING:  Option 'mip_integral_gap_abs' deprecated, please use 'mip_opt_gap_abs'.
WARNING:  Option 'mip_integral_gap_rel' deprecated, please use 'mip_opt_gap_rel'.
WARNING:  Option 'mip_integral_gap_abs' deprecated, please use 'mip_opt_gap_abs'.
WARNING:  Option 'mip_integral_gap_rel' deprecated, please use 'mip_opt_gap_rel'.
WARNING:  Option 'mip_integral_gap_abs' deprecated, please use 'mip_opt_gap_abs'.
WARNING:  Option 'mip_integral_gap_rel' deprecated, please use 'mip_opt_gap_rel'.
WARNING:  Option 'mip_integral_gap_abs' deprecated, please use 'mip_opt_gap_abs'.
WARNING:  Option 'mip_integral_gap_rel' deprecated, please use 'mip_opt_gap_rel'.
WARNING:  Option 'mip_integral_gap_abs' deprecated, please use 'mip_opt_gap_abs'.
WARNING:  Option 'mip_integral_gap_rel' deprecated, please use 'mip_opt_gap_rel'.
WARNING:  Option 'mip_integral_gap_abs' deprecated, please use 'mip_opt_gap_abs'.
WARNING:  Option 'mip_integral_gap_rel' deprecated, please use 'mip_opt_gap_rel'.
WARNING:  Option 'mip_integral_gap_abs' deprecated, please use 'mip_opt_gap_abs'.
WARNING:  Option 'mip_integral_gap_rel' deprecated, please use 'mip_opt_gap_rel'.
WARNING:  Option 'mip_integral_gap_abs' deprecated, please use 'mip_opt_gap_abs'.
WARNING:  Option 'mip_integral_gap_rel' deprecated, please use 'mip_opt_gap_rel'.
WARNING:  Option 'mip_integral_gap_abs' deprecated, please use 'mip_opt_gap_abs'.
WARNING:  Option 'mip_integral_gap_rel' deprecated, please use 'mip_opt_gap_rel'.
WARNING:  Option 'mip_integral_gap_abs' deprecated, please use 'mip_opt_gap_abs'.
WARNING:  Option 'mip_integral_gap_rel' deprecated, please use 'mip_opt_gap_rel'.
     262    9.000318e-01   0.000e+00   3.910e-03   9.530e-07        8
WARNING:  Option 'mip_integral_gap_abs' deprecated, please use 'mip_opt_gap_abs'.
WARNING:  Option 'mip_integral_gap_rel' deprecated, please use 'mip_opt_gap_rel'.
WARNING:  Option 'mip_integral_gap_abs' deprecated, please use 'mip_opt_gap_abs'.
WARNING:  Option 'mip_integral_gap_rel' deprecated, please use 'mip_opt_gap_rel'.
WARNING:  Option 'mip_integral_gap_abs' deprecated, please use 'mip_opt_gap_abs'.
WARNING:  Option 'mip_integral_gap_rel' deprecated, please use 'mip_opt_gap_rel'.
     263    9.000318e-01   0.000e+00   2.854e-03   9.586e-07        1
WARNING:  Option 'mip_integral_gap_abs' deprecated, please use 'mip_opt_gap_abs'.
WARNING:  Option 'mip_integral_gap_rel' deprecated, please use 'mip_opt_gap_rel'.
WARNING:  Option 'mip_integral_gap_abs' deprecated, please use 'mip_opt_gap_abs'.
WARNING:  Option 'mip_integral_gap_rel' deprecated, please use 'mip_opt_gap_rel'.
     264    9.000318e-01   0.000e+00   2.898e-03   3.596e-07        0
WARNING:  Option 'mip_integral_gap_abs' deprecated, please use 'mip_opt_gap_abs'.
WARNING:  Option 'mip_integral_gap_rel' deprecated, please use 'mip_opt_gap_rel'.
WARNING:  Option 'mip_integral_gap_abs' deprecated, please use 'mip_opt_gap_abs'.
WARNING:  Option 'mip_integral_gap_rel' deprecated, please use 'mip_opt_gap_rel'.
     265    9.000318e-01   0.000e+00   2.600e-03   8.020e-07        0
WARNING:  Option 'mip_integral_gap_abs' deprecated, please use 'mip_opt_gap_abs'.
WARNING:  Option 'mip_integral_gap_rel' deprecated, please use 'mip_opt_gap_rel'.
WARNING:  Option 'mip_integral_gap_abs' deprecated, please use 'mip_opt_gap_abs'.
WARNING:  Option 'mip_integral_gap_rel' deprecated, please use 'mip_opt_gap_rel'.
     266    9.000318e-01   0.000e+00   2.362e-03   1.843e-06        0
WARNING:  Option 'mip_integral_gap_abs' deprecated, please use 'mip_opt_gap_abs'.
WARNING:  Option 'mip_integral_gap_rel' deprecated, please use 'mip_opt_gap_rel'.
WARNING:  Option 'mip_integral_gap_abs' deprecated, please use 'mip_opt_gap_abs'.
WARNING:  Option 'mip_integral_gap_rel' deprecated, please use 'mip_opt_gap_rel'.
     267    9.000318e-01   0.000e+00   2.905e-03   5.703e-06        0
WARNING:  Option 'mip_integral_gap_abs' deprecated, please use 'mip_opt_gap_abs'.
WARNING:  Option 'mip_integral_gap_rel' deprecated, please use 'mip_opt_gap_rel'.
WARNING:  Option 'mip_integral_gap_abs' deprecated, please use 'mip_opt_gap_abs'.
WARNING:  Option 'mip_integral_gap_rel' deprecated, please use 'mip_opt_gap_rel'.
     268    9.000317e-01   0.000e+00   2.139e-03   9.480e-06        0
WARNING:  Option 'mip_integral_gap_abs' deprecated, please use 'mip_opt_gap_abs'.
WARNING:  Option 'mip_integral_gap_rel' deprecated, please use 'mip_opt_gap_rel'.
WARNING:  Option 'mip_integral_gap_abs' deprecated, please use 'mip_opt_gap_abs'.
WARNING:  Option 'mip_integral_gap_rel' deprecated, please use 'mip_opt_gap_rel'.
     269    9.000316e-01   0.000e+00   2.131e-03   2.288e-05        0
WARNING:  Option 'mip_integral_gap_abs' deprecated, please use 'mip_opt_gap_abs'.
WARNING:  Option 'mip_integral_gap_rel' deprecated, please use 'mip_opt_gap_rel'.
WARNING:  Option 'mip_integral_gap_abs' deprecated, please use 'mip_opt_gap_abs'.
WARNING:  Option 'mip_integral_gap_rel' deprecated, please use 'mip_opt_gap_rel'.
WARNING:  Option 'mip_integral_gap_abs' deprecated, please use 'mip_opt_gap_abs'.
WARNING:  Option 'mip_integral_gap_rel' deprecated, please use 'mip_opt_gap_rel'.
WARNING:  Option 'mip_integral_gap_abs' deprecated, please use 'mip_opt_gap_abs'.
WARNING:  Option 'mip_integral_gap_rel' deprecated, please use 'mip_opt_gap_rel'.
WARNING:  Option 'mip_integral_gap_abs' deprecated, please use 'mip_opt_gap_abs'.
WARNING:  Option 'mip_integral_gap_rel' deprecated, please use 'mip_opt_gap_rel'.
WARNING:  Option 'mip_integral_gap_abs' deprecated, please use 'mip_opt_gap_abs'.
WARNING:  Option 'mip_integral_gap_rel' deprecated, please use 'mip_opt_gap_rel'.
WARNING:  Option 'mip_integral_gap_abs' deprecated, please use 'mip_opt_gap_abs'.
WARNING:  Option 'mip_integral_gap_rel' deprecated, please use 'mip_opt_gap_rel'.
WARNING:  Option 'mip_integral_gap_abs' deprecated, please use 'mip_opt_gap_abs'.
WARNING:  Option 'mip_integral_gap_rel' deprecated, please use 'mip_opt_gap_rel'.
WARNING:  Option 'mip_integral_gap_abs' deprecated, please use 'mip_opt_gap_abs'.
WARNING:  Option 'mip_integral_gap_rel' deprecated, please use 'mip_opt_gap_rel'.
WARNING:  Option 'mip_integral_gap_abs' deprecated, please use 'mip_opt_gap_abs'.
WARNING:  Option 'mip_integral_gap_rel' deprecated, please use 'mip_opt_gap_rel'.
WARNING:  Option 'mip_integral_gap_abs' deprecated, please use 'mip_opt_gap_abs'.
WARNING:  Option 'mip_integral_gap_rel' deprecated, please use 'mip_opt_gap_rel'.
WARNING:  Option 'mip_integral_gap_abs' deprecated, please use 'mip_opt_gap_abs'.
WARNING:  Option 'mip_integral_gap_rel' deprecated, please use 'mip_opt_gap_rel'.
WARNING:  Option 'mip_integral_gap_abs' deprecated, please use 'mip_opt_gap_abs'.
WARNING:  Option 'mip_integral_gap_rel' deprecated, please use 'mip_opt_gap_rel'.
WARNING:  Option 'mip_integral_gap_abs' deprecated, please use 'mip_opt_gap_abs'.
WARNING:  Option 'mip_integral_gap_rel' deprecated, please use 'mip_opt_gap_rel'.
WARNING:  Option 'mip_integral_gap_abs' deprecated, please use 'mip_opt_gap_abs'.
WARNING:  Option 'mip_integral_gap_rel' deprecated, please use 'mip_opt_gap_rel'.
WARNING:  Option 'mip_integral_gap_abs' deprecated, please use 'mip_opt_gap_abs'.
WARNING:  Option 'mip_integral_gap_rel' deprecated, please use 'mip_opt_gap_rel'.
WARNING:  Option 'mip_integral_gap_abs' deprecated, please use 'mip_opt_gap_abs'.
WARNING:  Option 'mip_integral_gap_rel' deprecated, please use 'mip_opt_gap_rel'.
WARNING:  Option 'mip_integral_gap_abs' deprecated, please use 'mip_opt_gap_abs'.
WARNING:  Option 'mip_integral_gap_rel' deprecated, please use 'mip_opt_gap_rel'.
WARNING:  Option 'mip_integral_gap_abs' deprecated, please use 'mip_opt_gap_abs'.
WARNING:  Option 'mip_integral_gap_rel' deprecated, please use 'mip_opt_gap_rel'.
     270    9.000316e-01   0.000e+00   2.128e-03   8.808e-07       11
WARNING:  Option 'mip_integral_gap_abs' deprecated, please use 'mip_opt_gap_abs'.
WARNING:  Option 'mip_integral_gap_rel' deprecated, please use 'mip_opt_gap_rel'.
WARNING:  Option 'mip_integral_gap_abs' deprecated, please use 'mip_opt_gap_abs'.
WARNING:  Option 'mip_integral_gap_rel' deprecated, please use 'mip_opt_gap_rel'.
     271    9.000316e-01   0.000e+00   2.112e-03   2.307e-06        0
WARNING:  Option 'mip_integral_gap_abs' deprecated, please use 'mip_opt_gap_abs'.
WARNING:  Option 'mip_integral_gap_rel' deprecated, please use 'mip_opt_gap_rel'.
WARNING:  Option 'mip_integral_gap_abs' deprecated, please use 'mip_opt_gap_abs'.
WARNING:  Option 'mip_integral_gap_rel' deprecated, please use 'mip_opt_gap_rel'.
     272    9.000316e-01   0.000e+00   1.892e-03   5.640e-06        0
WARNING:  Option 'mip_integral_gap_abs' deprecated, please use 'mip_opt_gap_abs'.
WARNING:  Option 'mip_integral_gap_rel' deprecated, please use 'mip_opt_gap_rel'.
WARNING:  Option 'mip_integral_gap_abs' deprecated, please use 'mip_opt_gap_abs'.
WARNING:  Option 'mip_integral_gap_rel' deprecated, please use 'mip_opt_gap_rel'.
WARNING:  Option 'mip_integral_gap_abs' deprecated, please use 'mip_opt_gap_abs'.
WARNING:  Option 'mip_integral_gap_rel' deprecated, please use 'mip_opt_gap_rel'.
WARNING:  Option 'mip_integral_gap_abs' deprecated, please use 'mip_opt_gap_abs'.
WARNING:  Option 'mip_integral_gap_rel' deprecated, please use 'mip_opt_gap_rel'.
     273    9.000316e-01   0.000e+00   1.290e-03   5.971e-06        0
WARNING:  Option 'mip_integral_gap_abs' deprecated, please use 'mip_opt_gap_abs'.
WARNING:  Option 'mip_integral_gap_rel' deprecated, please use 'mip_opt_gap_rel'.
WARNING:  Option 'mip_integral_gap_abs' deprecated, please use 'mip_opt_gap_abs'.
WARNING:  Option 'mip_integral_gap_rel' deprecated, please use 'mip_opt_gap_rel'.
     274    9.000315e-01   0.000e+00   1.275e-03   2.219e-05        0
WARNING:  Option 'mip_integral_gap_abs' deprecated, please use 'mip_opt_gap_abs'.
WARNING:  Option 'mip_integral_gap_rel' deprecated, please use 'mip_opt_gap_rel'.
WARNING:  Option 'mip_integral_gap_abs' deprecated, please use 'mip_opt_gap_abs'.
WARNING:  Option 'mip_integral_gap_rel' deprecated, please use 'mip_opt_gap_rel'.
WARNING:  Option 'mip_integral_gap_abs' deprecated, please use 'mip_opt_gap_abs'.
WARNING:  Option 'mip_integral_gap_rel' deprecated, please use 'mip_opt_gap_rel'.
WARNING:  Option 'mip_integral_gap_abs' deprecated, please use 'mip_opt_gap_abs'.
WARNING:  Option 'mip_integral_gap_rel' deprecated, please use 'mip_opt_gap_rel'.
     275    9.000315e-01   0.000e+00   2.302e-03   2.671e-05        0
WARNING:  Option 'mip_integral_gap_abs' deprecated, please use 'mip_opt_gap_abs'.
WARNING:  Option 'mip_integral_gap_rel' deprecated, please use 'mip_opt_gap_rel'.
WARNING:  Option 'mip_integral_gap_abs' deprecated, please use 'mip_opt_gap_abs'.
WARNING:  Option 'mip_integral_gap_rel' deprecated, please use 'mip_opt_gap_rel'.
     276    9.000243e-01   0.000e+00   3.496e-03   7.465e-03        0
WARNING:  Option 'mip_integral_gap_abs' deprecated, please use 'mip_opt_gap_abs'.
WARNING:  Option 'mip_integral_gap_rel' deprecated, please use 'mip_opt_gap_rel'.
WARNING:  Option 'mip_integral_gap_abs' deprecated, please use 'mip_opt_gap_abs'.
WARNING:  Option 'mip_integral_gap_rel' deprecated, please use 'mip_opt_gap_rel'.
     277    8.999997e-01   0.000e+00   2.340e-03   1.438e-02        0
WARNING:  Option 'mip_integral_gap_abs' deprecated, please use 'mip_opt_gap_abs'.
WARNING:  Option 'mip_integral_gap_rel' deprecated, please use 'mip_opt_gap_rel'.
WARNING:  Option 'mip_integral_gap_abs' deprecated, please use 'mip_opt_gap_abs'.
WARNING:  Option 'mip_integral_gap_rel' deprecated, please use 'mip_opt_gap_rel'.
     278    8.999302e-01   0.000e+00   3.702e-02   2.576e-02        0
WARNING:  Option 'mip_integral_gap_abs' deprecated, please use 'mip_opt_gap_abs'.
WARNING:  Option 'mip_integral_gap_rel' deprecated, please use 'mip_opt_gap_rel'.
WARNING:  Option 'mip_integral_gap_abs' deprecated, please use 'mip_opt_gap_abs'.
WARNING:  Option 'mip_integral_gap_rel' deprecated, please use 'mip_opt_gap_rel'.
WARNING:  Option 'mip_integral_gap_abs' deprecated, please use 'mip_opt_gap_abs'.
WARNING:  Option 'mip_integral_gap_rel' deprecated, please use 'mip_opt_gap_rel'.
     279    8.997257e-01   0.000e+00   8.113e-03   5.574e-03        0
WARNING:  Option 'mip_integral_gap_abs' deprecated, please use 'mip_opt_gap_abs'.
WARNING:  Option 'mip_integral_gap_rel' deprecated, please use 'mip_opt_gap_rel'.
WARNING:  Option 'mip_integral_gap_abs' deprecated, please use 'mip_opt_gap_abs'.
WARNING:  Option 'mip_integral_gap_rel' deprecated, please use 'mip_opt_gap_rel'.
     280    8.996632e-01   0.000e+00   8.672e-03   3.944e-02        0
WARNING:  Option 'mip_integral_gap_abs' deprecated, please use 'mip_opt_gap_abs'.
WARNING:  Option 'mip_integral_gap_rel' deprecated, please use 'mip_opt_gap_rel'.
WARNING:  Option 'mip_integral_gap_abs' deprecated, please use 'mip_opt_gap_abs'.
WARNING:  Option 'mip_integral_gap_rel' deprecated, please use 'mip_opt_gap_rel'.
WARNING:  Option 'mip_integral_gap_abs' deprecated, please use 'mip_opt_gap_abs'.
WARNING:  Option 'mip_integral_gap_rel' deprecated, please use 'mip_opt_gap_rel'.
WARNING:  Option 'mip_integral_gap_abs' deprecated, please use 'mip_opt_gap_abs'.
WARNING:  Option 'mip_integral_gap_rel' deprecated, please use 'mip_opt_gap_rel'.
     281    8.993601e-01   0.000e+00   1.993e-02   2.222e-01        0
WARNING:  Option 'mip_integral_gap_abs' deprecated, please use 'mip_opt_gap_abs'.
WARNING:  Option 'mip_integral_gap_rel' deprecated, please use 'mip_opt_gap_rel'.
WARNING:  Option 'mip_integral_gap_abs' deprecated, please use 'mip_opt_gap_abs'.
WARNING:  Option 'mip_integral_gap_rel' deprecated, please use 'mip_opt_gap_rel'.
WARNING:  Option 'mip_integral_gap_abs' deprecated, please use 'mip_opt_gap_abs'.
WARNING:  Option 'mip_integral_gap_rel' deprecated, please use 'mip_opt_gap_rel'.
     282    8.988081e-01   0.000e+00   9.622e-03   6.755e-02        0
WARNING:  Option 'mip_integral_gap_abs' deprecated, please use 'mip_opt_gap_abs'.
WARNING:  Option 'mip_integral_gap_rel' deprecated, please use 'mip_opt_gap_rel'.
WARNING:  Option 'mip_integral_gap_abs' deprecated, please use 'mip_opt_gap_abs'.
WARNING:  Option 'mip_integral_gap_rel' deprecated, please use 'mip_opt_gap_rel'.
     283    8.987731e-01   0.000e+00   9.314e-03   1.563e-02        0
WARNING:  Option 'mip_integral_gap_abs' deprecated, please use 'mip_opt_gap_abs'.
WARNING:  Option 'mip_integral_gap_rel' deprecated, please use 'mip_opt_gap_rel'.
WARNING:  Option 'mip_integral_gap_abs' deprecated, please use 'mip_opt_gap_abs'.
WARNING:  Option 'mip_integral_gap_rel' deprecated, please use 'mip_opt_gap_rel'.
     284    8.987403e-01   0.000e+00   1.050e-02   1.763e-02        0
WARNING:  Option 'mip_integral_gap_abs' deprecated, please use 'mip_opt_gap_abs'.
WARNING:  Option 'mip_integral_gap_rel' deprecated, please use 'mip_opt_gap_rel'.
WARNING:  Option 'mip_integral_gap_abs' deprecated, please use 'mip_opt_gap_abs'.
WARNING:  Option 'mip_integral_gap_rel' deprecated, please use 'mip_opt_gap_rel'.
WARNING:  Option 'mip_integral_gap_abs' deprecated, please use 'mip_opt_gap_abs'.
WARNING:  Option 'mip_integral_gap_rel' deprecated, please use 'mip_opt_gap_rel'.
WARNING:  Option 'mip_integral_gap_abs' deprecated, please use 'mip_opt_gap_abs'.
WARNING:  Option 'mip_integral_gap_rel' deprecated, please use 'mip_opt_gap_rel'.
WARNING:  Option 'mip_integral_gap_abs' deprecated, please use 'mip_opt_gap_abs'.
WARNING:  Option 'mip_integral_gap_rel' deprecated, please use 'mip_opt_gap_rel'.
WARNING:  Option 'mip_integral_gap_abs' deprecated, please use 'mip_opt_gap_abs'.
WARNING:  Option 'mip_integral_gap_rel' deprecated, please use 'mip_opt_gap_rel'.
WARNING:  Option 'mip_integral_gap_abs' deprecated, please use 'mip_opt_gap_abs'.
WARNING:  Option 'mip_integral_gap_rel' deprecated, please use 'mip_opt_gap_rel'.
WARNING:  Option 'mip_integral_gap_abs' deprecated, please use 'mip_opt_gap_abs'.
WARNING:  Option 'mip_integral_gap_rel' deprecated, please use 'mip_opt_gap_rel'.
WARNING:  Option 'mip_integral_gap_abs' deprecated, please use 'mip_opt_gap_abs'.
WARNING:  Option 'mip_integral_gap_rel' deprecated, please use 'mip_opt_gap_rel'.
WARNING:  Option 'mip_integral_gap_abs' deprecated, please use 'mip_opt_gap_abs'.
WARNING:  Option 'mip_integral_gap_rel' deprecated, please use 'mip_opt_gap_rel'.
WARNING:  Option 'mip_integral_gap_abs' deprecated, please use 'mip_opt_gap_abs'.
WARNING:  Option 'mip_integral_gap_rel' deprecated, please use 'mip_opt_gap_rel'.
WARNING:  Option 'mip_integral_gap_abs' deprecated, please use 'mip_opt_gap_abs'.
WARNING:  Option 'mip_integral_gap_rel' deprecated, please use 'mip_opt_gap_rel'.
     285    8.987196e-01   0.000e+00   4.386e-02   7.627e-03       32
WARNING:  Option 'mip_integral_gap_abs' deprecated, please use 'mip_opt_gap_abs'.
WARNING:  Option 'mip_integral_gap_rel' deprecated, please use 'mip_opt_gap_rel'.
WARNING:  Option 'mip_integral_gap_abs' deprecated, please use 'mip_opt_gap_abs'.
WARNING:  Option 'mip_integral_gap_rel' deprecated, please use 'mip_opt_gap_rel'.
WARNING:  Option 'mip_integral_gap_abs' deprecated, please use 'mip_opt_gap_abs'.
WARNING:  Option 'mip_integral_gap_rel' deprecated, please use 'mip_opt_gap_rel'.
WARNING:  Option 'mip_integral_gap_abs' deprecated, please use 'mip_opt_gap_abs'.
WARNING:  Option 'mip_integral_gap_rel' deprecated, please use 'mip_opt_gap_rel'.
     286    8.987074e-01   0.000e+00   4.385e-02   1.519e-04        0
WARNING:  Option 'mip_integral_gap_abs' deprecated, please use 'mip_opt_gap_abs'.
WARNING:  Option 'mip_integral_gap_rel' deprecated, please use 'mip_opt_gap_rel'.
WARNING:  Option 'mip_integral_gap_abs' deprecated, please use 'mip_opt_gap_abs'.
WARNING:  Option 'mip_integral_gap_rel' deprecated, please use 'mip_opt_gap_rel'.
     287    8.986491e-01   0.000e+00   3.405e-02   8.031e-04        0
WARNING:  Option 'mip_integral_gap_abs' deprecated, please use 'mip_opt_gap_abs'.
WARNING:  Option 'mip_integral_gap_rel' deprecated, please use 'mip_opt_gap_rel'.
WARNING:  Option 'mip_integral_gap_abs' deprecated, please use 'mip_opt_gap_abs'.
WARNING:  Option 'mip_integral_gap_rel' deprecated, please use 'mip_opt_gap_rel'.
WARNING:  Option 'mip_integral_gap_abs' deprecated, please use 'mip_opt_gap_abs'.
WARNING:  Option 'mip_integral_gap_rel' deprecated, please use 'mip_opt_gap_rel'.
WARNING:  Option 'mip_integral_gap_abs' deprecated, please use 'mip_opt_gap_abs'.
WARNING:  Option 'mip_integral_gap_rel' deprecated, please use 'mip_opt_gap_rel'.
WARNING:  Option 'mip_integral_gap_abs' deprecated, please use 'mip_opt_gap_abs'.
WARNING:  Option 'mip_integral_gap_rel' deprecated, please use 'mip_opt_gap_rel'.
WARNING:  Option 'mip_integral_gap_abs' deprecated, please use 'mip_opt_gap_abs'.
WARNING:  Option 'mip_integral_gap_rel' deprecated, please use 'mip_opt_gap_rel'.
WARNING:  Option 'mip_integral_gap_abs' deprecated, please use 'mip_opt_gap_abs'.
WARNING:  Option 'mip_integral_gap_rel' deprecated, please use 'mip_opt_gap_rel'.
WARNING:  Option 'mip_integral_gap_abs' deprecated, please use 'mip_opt_gap_abs'.
WARNING:  Option 'mip_integral_gap_rel' deprecated, please use 'mip_opt_gap_rel'.
WARNING:  Option 'mip_integral_gap_abs' deprecated, please use 'mip_opt_gap_abs'.
WARNING:  Option 'mip_integral_gap_rel' deprecated, please use 'mip_opt_gap_rel'.
WARNING:  Option 'mip_integral_gap_abs' deprecated, please use 'mip_opt_gap_abs'.
WARNING:  Option 'mip_integral_gap_rel' deprecated, please use 'mip_opt_gap_rel'.
WARNING:  Option 'mip_integral_gap_abs' deprecated, please use 'mip_opt_gap_abs'.
WARNING:  Option 'mip_integral_gap_rel' deprecated, please use 'mip_opt_gap_rel'.
WARNING:  Option 'mip_integral_gap_abs' deprecated, please use 'mip_opt_gap_abs'.
WARNING:  Option 'mip_integral_gap_rel' deprecated, please use 'mip_opt_gap_rel'.
WARNING:  Option 'mip_integral_gap_abs' deprecated, please use 'mip_opt_gap_abs'.
WARNING:  Option 'mip_integral_gap_rel' deprecated, please use 'mip_opt_gap_rel'.
WARNING:  Option 'mip_integral_gap_abs' deprecated, please use 'mip_opt_gap_abs'.
WARNING:  Option 'mip_integral_gap_rel' deprecated, please use 'mip_opt_gap_rel'.
WARNING:  Option 'mip_integral_gap_abs' deprecated, please use 'mip_opt_gap_abs'.
WARNING:  Option 'mip_integral_gap_rel' deprecated, please use 'mip_opt_gap_rel'.
WARNING:  Option 'mip_integral_gap_abs' deprecated, please use 'mip_opt_gap_abs'.
WARNING:  Option 'mip_integral_gap_rel' deprecated, please use 'mip_opt_gap_rel'.
WARNING:  Option 'mip_integral_gap_abs' deprecated, please use 'mip_opt_gap_abs'.
WARNING:  Option 'mip_integral_gap_rel' deprecated, please use 'mip_opt_gap_rel'.
WARNING:  Option 'mip_integral_gap_abs' deprecated, please use 'mip_opt_gap_abs'.
WARNING:  Option 'mip_integral_gap_rel' deprecated, please use 'mip_opt_gap_rel'.
WARNING:  Option 'mip_integral_gap_abs' deprecated, please use 'mip_opt_gap_abs'.
WARNING:  Option 'mip_integral_gap_rel' deprecated, please use 'mip_opt_gap_rel'.
WARNING:  Option 'mip_integral_gap_abs' deprecated, please use 'mip_opt_gap_abs'.
WARNING:  Option 'mip_integral_gap_rel' deprecated, please use 'mip_opt_gap_rel'.
     288    8.986460e-01   0.000e+00   3.405e-02   1.168e-03        1
WARNING:  Option 'mip_integral_gap_abs' deprecated, please use 'mip_opt_gap_abs'.
WARNING:  Option 'mip_integral_gap_rel' deprecated, please use 'mip_opt_gap_rel'.
WARNING:  Option 'mip_integral_gap_abs' deprecated, please use 'mip_opt_gap_abs'.
WARNING:  Option 'mip_integral_gap_rel' deprecated, please use 'mip_opt_gap_rel'.
WARNING:  Option 'mip_integral_gap_abs' deprecated, please use 'mip_opt_gap_abs'.
WARNING:  Option 'mip_integral_gap_rel' deprecated, please use 'mip_opt_gap_rel'.
WARNING:  Option 'mip_integral_gap_abs' deprecated, please use 'mip_opt_gap_abs'.
WARNING:  Option 'mip_integral_gap_rel' deprecated, please use 'mip_opt_gap_rel'.
WARNING:  Option 'mip_integral_gap_abs' deprecated, please use 'mip_opt_gap_abs'.
WARNING:  Option 'mip_integral_gap_rel' deprecated, please use 'mip_opt_gap_rel'.
WARNING:  Option 'mip_integral_gap_abs' deprecated, please use 'mip_opt_gap_abs'.
WARNING:  Option 'mip_integral_gap_rel' deprecated, please use 'mip_opt_gap_rel'.
WARNING:  Option 'mip_integral_gap_abs' deprecated, please use 'mip_opt_gap_abs'.
WARNING:  Option 'mip_integral_gap_rel' deprecated, please use 'mip_opt_gap_rel'.
WARNING:  Option 'mip_integral_gap_abs' deprecated, please use 'mip_opt_gap_abs'.
WARNING:  Option 'mip_integral_gap_rel' deprecated, please use 'mip_opt_gap_rel'.
WARNING:  Option 'mip_integral_gap_abs' deprecated, please use 'mip_opt_gap_abs'.
WARNING:  Option 'mip_integral_gap_rel' deprecated, please use 'mip_opt_gap_rel'.
WARNING:  Option 'mip_integral_gap_abs' deprecated, please use 'mip_opt_gap_abs'.
WARNING:  Option 'mip_integral_gap_rel' deprecated, please use 'mip_opt_gap_rel'.
WARNING:  Option 'mip_integral_gap_abs' deprecated, please use 'mip_opt_gap_abs'.
WARNING:  Option 'mip_integral_gap_rel' deprecated, please use 'mip_opt_gap_rel'.
WARNING:  Option 'mip_integral_gap_abs' deprecated, please use 'mip_opt_gap_abs'.
WARNING:  Option 'mip_integral_gap_rel' deprecated, please use 'mip_opt_gap_rel'.
WARNING:  Option 'mip_integral_gap_abs' deprecated, please use 'mip_opt_gap_abs'.
WARNING:  Option 'mip_integral_gap_rel' deprecated, please use 'mip_opt_gap_rel'.
WARNING:  Option 'mip_integral_gap_abs' deprecated, please use 'mip_opt_gap_abs'.
WARNING:  Option 'mip_integral_gap_rel' deprecated, please use 'mip_opt_gap_rel'.
WARNING:  Option 'mip_integral_gap_abs' deprecated, please use 'mip_opt_gap_abs'.
WARNING:  Option 'mip_integral_gap_rel' deprecated, please use 'mip_opt_gap_rel'.
WARNING:  Option 'mip_integral_gap_abs' deprecated, please use 'mip_opt_gap_abs'.
WARNING:  Option 'mip_integral_gap_rel' deprecated, please use 'mip_opt_gap_rel'.
     289    8.986427e-01   0.000e+00   8.336e-03   1.944e-04        8
WARNING:  Option 'mip_integral_gap_abs' deprecated, please use 'mip_opt_gap_abs'.
WARNING:  Option 'mip_integral_gap_rel' deprecated, please use 'mip_opt_gap_rel'.
WARNING:  Option 'mip_integral_gap_abs' deprecated, please use 'mip_opt_gap_abs'.
WARNING:  Option 'mip_integral_gap_rel' deprecated, please use 'mip_opt_gap_rel'.
WARNING:  Option 'mip_integral_gap_abs' deprecated, please use 'mip_opt_gap_abs'.
WARNING:  Option 'mip_integral_gap_rel' deprecated, please use 'mip_opt_gap_rel'.
WARNING:  Option 'mip_integral_gap_abs' deprecated, please use 'mip_opt_gap_abs'.
WARNING:  Option 'mip_integral_gap_rel' deprecated, please use 'mip_opt_gap_rel'.
     290    8.986427e-01   0.000e+00   8.329e-03   1.271e-06        0
WARNING:  Option 'mip_integral_gap_abs' deprecated, please use 'mip_opt_gap_abs'.
WARNING:  Option 'mip_integral_gap_rel' deprecated, please use 'mip_opt_gap_rel'.
WARNING:  Option 'mip_integral_gap_abs' deprecated, please use 'mip_opt_gap_abs'.
WARNING:  Option 'mip_integral_gap_rel' deprecated, please use 'mip_opt_gap_rel'.
WARNING:  Option 'mip_integral_gap_abs' deprecated, please use 'mip_opt_gap_abs'.
WARNING:  Option 'mip_integral_gap_rel' deprecated, please use 'mip_opt_gap_rel'.
WARNING:  Option 'mip_integral_gap_abs' deprecated, please use 'mip_opt_gap_abs'.
WARNING:  Option 'mip_integral_gap_rel' deprecated, please use 'mip_opt_gap_rel'.
WARNING:  Option 'mip_integral_gap_abs' deprecated, please use 'mip_opt_gap_abs'.
WARNING:  Option 'mip_integral_gap_rel' deprecated, please use 'mip_opt_gap_rel'.
WARNING:  Option 'mip_integral_gap_abs' deprecated, please use 'mip_opt_gap_abs'.
WARNING:  Option 'mip_integral_gap_rel' deprecated, please use 'mip_opt_gap_rel'.
WARNING:  Option 'mip_integral_gap_abs' deprecated, please use 'mip_opt_gap_abs'.
WARNING:  Option 'mip_integral_gap_rel' deprecated, please use 'mip_opt_gap_rel'.
WARNING:  Option 'mip_integral_gap_abs' deprecated, please use 'mip_opt_gap_abs'.
WARNING:  Option 'mip_integral_gap_rel' deprecated, please use 'mip_opt_gap_rel'.
WARNING:  Option 'mip_integral_gap_abs' deprecated, please use 'mip_opt_gap_abs'.
WARNING:  Option 'mip_integral_gap_rel' deprecated, please use 'mip_opt_gap_rel'.
WARNING:  Option 'mip_integral_gap_abs' deprecated, please use 'mip_opt_gap_abs'.
WARNING:  Option 'mip_integral_gap_rel' deprecated, please use 'mip_opt_gap_rel'.
WARNING:  Option 'mip_integral_gap_abs' deprecated, please use 'mip_opt_gap_abs'.
WARNING:  Option 'mip_integral_gap_rel' deprecated, please use 'mip_opt_gap_rel'.
WARNING:  Option 'mip_integral_gap_abs' deprecated, please use 'mip_opt_gap_abs'.
WARNING:  Option 'mip_integral_gap_rel' deprecated, please use 'mip_opt_gap_rel'.
WARNING:  Option 'mip_integral_gap_abs' deprecated, please use 'mip_opt_gap_abs'.
WARNING:  Option 'mip_integral_gap_rel' deprecated, please use 'mip_opt_gap_rel'.
     291    8.986411e-01   0.000e+00   7.030e-03   9.762e-05        1
WARNING:  Option 'mip_integral_gap_abs' deprecated, please use 'mip_opt_gap_abs'.
WARNING:  Option 'mip_integral_gap_rel' deprecated, please use 'mip_opt_gap_rel'.
WARNING:  Option 'mip_integral_gap_abs' deprecated, please use 'mip_opt_gap_abs'.
WARNING:  Option 'mip_integral_gap_rel' deprecated, please use 'mip_opt_gap_rel'.
WARNING:  Option 'mip_integral_gap_abs' deprecated, please use 'mip_opt_gap_abs'.
WARNING:  Option 'mip_integral_gap_rel' deprecated, please use 'mip_opt_gap_rel'.
WARNING:  Option 'mip_integral_gap_abs' deprecated, please use 'mip_opt_gap_abs'.
WARNING:  Option 'mip_integral_gap_rel' deprecated, please use 'mip_opt_gap_rel'.
     292    8.986410e-01   0.000e+00   7.439e-03   2.294e-05        0
WARNING:  Option 'mip_integral_gap_abs' deprecated, please use 'mip_opt_gap_abs'.
WARNING:  Option 'mip_integral_gap_rel' deprecated, please use 'mip_opt_gap_rel'.
WARNING:  Option 'mip_integral_gap_abs' deprecated, please use 'mip_opt_gap_abs'.
WARNING:  Option 'mip_integral_gap_rel' deprecated, please use 'mip_opt_gap_rel'.
WARNING:  Option 'mip_integral_gap_abs' deprecated, please use 'mip_opt_gap_abs'.
WARNING:  Option 'mip_integral_gap_rel' deprecated, please use 'mip_opt_gap_rel'.
WARNING:  Option 'mip_integral_gap_abs' deprecated, please use 'mip_opt_gap_abs'.
WARNING:  Option 'mip_integral_gap_rel' deprecated, please use 'mip_opt_gap_rel'.
WARNING:  Option 'mip_integral_gap_abs' deprecated, please use 'mip_opt_gap_abs'.
WARNING:  Option 'mip_integral_gap_rel' deprecated, please use 'mip_opt_gap_rel'.
WARNING:  Option 'mip_integral_gap_abs' deprecated, please use 'mip_opt_gap_abs'.
WARNING:  Option 'mip_integral_gap_rel' deprecated, please use 'mip_opt_gap_rel'.
WARNING:  Option 'mip_integral_gap_abs' deprecated, please use 'mip_opt_gap_abs'.
WARNING:  Option 'mip_integral_gap_rel' deprecated, please use 'mip_opt_gap_rel'.
WARNING:  Option 'mip_integral_gap_abs' deprecated, please use 'mip_opt_gap_abs'.
WARNING:  Option 'mip_integral_gap_rel' deprecated, please use 'mip_opt_gap_rel'.
WARNING:  Option 'mip_integral_gap_abs' deprecated, please use 'mip_opt_gap_abs'.
WARNING:  Option 'mip_integral_gap_rel' deprecated, please use 'mip_opt_gap_rel'.
WARNING:  Option 'mip_integral_gap_abs' deprecated, please use 'mip_opt_gap_abs'.
WARNING:  Option 'mip_integral_gap_rel' deprecated, please use 'mip_opt_gap_rel'.
WARNING:  Option 'mip_integral_gap_abs' deprecated, please use 'mip_opt_gap_abs'.
WARNING:  Option 'mip_integral_gap_rel' deprecated, please use 'mip_opt_gap_rel'.
WARNING:  Option 'mip_integral_gap_abs' deprecated, please use 'mip_opt_gap_abs'.
WARNING:  Option 'mip_integral_gap_rel' deprecated, please use 'mip_opt_gap_rel'.
WARNING:  Option 'mip_integral_gap_abs' deprecated, please use 'mip_opt_gap_abs'.
WARNING:  Option 'mip_integral_gap_rel' deprecated, please use 'mip_opt_gap_rel'.
WARNING:  Option 'mip_integral_gap_abs' deprecated, please use 'mip_opt_gap_abs'.
WARNING:  Option 'mip_integral_gap_rel' deprecated, please use 'mip_opt_gap_rel'.
WARNING:  Option 'mip_integral_gap_abs' deprecated, please use 'mip_opt_gap_abs'.
WARNING:  Option 'mip_integral_gap_rel' deprecated, please use 'mip_opt_gap_rel'.
     293    8.986409e-01   0.000e+00   1.296e-02   1.267e-05        1
WARNING:  Option 'mip_integral_gap_abs' deprecated, please use 'mip_opt_gap_abs'.
WARNING:  Option 'mip_integral_gap_rel' deprecated, please use 'mip_opt_gap_rel'.
WARNING:  Option 'mip_integral_gap_abs' deprecated, please use 'mip_opt_gap_abs'.
WARNING:  Option 'mip_integral_gap_rel' deprecated, please use 'mip_opt_gap_rel'.
WARNING:  Option 'mip_integral_gap_abs' deprecated, please use 'mip_opt_gap_abs'.
WARNING:  Option 'mip_integral_gap_rel' deprecated, please use 'mip_opt_gap_rel'.
WARNING:  Option 'mip_integral_gap_abs' deprecated, please use 'mip_opt_gap_abs'.
WARNING:  Option 'mip_integral_gap_rel' deprecated, please use 'mip_opt_gap_rel'.
     294    8.986409e-01   0.000e+00   1.296e-02   3.308e-07        0
WARNING:  Option 'mip_integral_gap_abs' deprecated, please use 'mip_opt_gap_abs'.
WARNING:  Option 'mip_integral_gap_rel' deprecated, please use 'mip_opt_gap_rel'.
WARNING:  Option 'mip_integral_gap_abs' deprecated, please use 'mip_opt_gap_abs'.
WARNING:  Option 'mip_integral_gap_rel' deprecated, please use 'mip_opt_gap_rel'.
WARNING:  Option 'mip_integral_gap_abs' deprecated, please use 'mip_opt_gap_abs'.
WARNING:  Option 'mip_integral_gap_rel' deprecated, please use 'mip_opt_gap_rel'.
     295    8.986318e-01   0.000e+00   6.004e-02   7.225e-03        0
WARNING:  Option 'mip_integral_gap_abs' deprecated, please use 'mip_opt_gap_abs'.
WARNING:  Option 'mip_integral_gap_rel' deprecated, please use 'mip_opt_gap_rel'.
WARNING:  Option 'mip_integral_gap_abs' deprecated, please use 'mip_opt_gap_abs'.
WARNING:  Option 'mip_integral_gap_rel' deprecated, please use 'mip_opt_gap_rel'.
WARNING:  Option 'mip_integral_gap_abs' deprecated, please use 'mip_opt_gap_abs'.
WARNING:  Option 'mip_integral_gap_rel' deprecated, please use 'mip_opt_gap_rel'.
     296    8.986305e-01   0.000e+00   9.827e-03   7.409e-04        0
WARNING:  Option 'mip_integral_gap_abs' deprecated, please use 'mip_opt_gap_abs'.
WARNING:  Option 'mip_integral_gap_rel' deprecated, please use 'mip_opt_gap_rel'.
WARNING:  Option 'mip_integral_gap_abs' deprecated, please use 'mip_opt_gap_abs'.
WARNING:  Option 'mip_integral_gap_rel' deprecated, please use 'mip_opt_gap_rel'.
WARNING:  Option 'mip_integral_gap_abs' deprecated, please use 'mip_opt_gap_abs'.
WARNING:  Option 'mip_integral_gap_rel' deprecated, please use 'mip_opt_gap_rel'.
WARNING:  Option 'mip_integral_gap_abs' deprecated, please use 'mip_opt_gap_abs'.
WARNING:  Option 'mip_integral_gap_rel' deprecated, please use 'mip_opt_gap_rel'.
WARNING:  Option 'mip_integral_gap_abs' deprecated, please use 'mip_opt_gap_abs'.
WARNING:  Option 'mip_integral_gap_rel' deprecated, please use 'mip_opt_gap_rel'.
WARNING:  Option 'mip_integral_gap_abs' deprecated, please use 'mip_opt_gap_abs'.
WARNING:  Option 'mip_integral_gap_rel' deprecated, please use 'mip_opt_gap_rel'.
WARNING:  Option 'mip_integral_gap_abs' deprecated, please use 'mip_opt_gap_abs'.
WARNING:  Option 'mip_integral_gap_rel' deprecated, please use 'mip_opt_gap_rel'.
WARNING:  Option 'mip_integral_gap_abs' deprecated, please use 'mip_opt_gap_abs'.
WARNING:  Option 'mip_integral_gap_rel' deprecated, please use 'mip_opt_gap_rel'.
WARNING:  Option 'mip_integral_gap_abs' deprecated, please use 'mip_opt_gap_abs'.
WARNING:  Option 'mip_integral_gap_rel' deprecated, please use 'mip_opt_gap_rel'.
WARNING:  Option 'mip_integral_gap_abs' deprecated, please use 'mip_opt_gap_abs'.
WARNING:  Option 'mip_integral_gap_rel' deprecated, please use 'mip_opt_gap_rel'.
WARNING:  Option 'mip_integral_gap_abs' deprecated, please use 'mip_opt_gap_abs'.
WARNING:  Option 'mip_integral_gap_rel' deprecated, please use 'mip_opt_gap_rel'.
WARNING:  Option 'mip_integral_gap_abs' deprecated, please use 'mip_opt_gap_abs'.
WARNING:  Option 'mip_integral_gap_rel' deprecated, please use 'mip_opt_gap_rel'.
WARNING:  Option 'mip_integral_gap_abs' deprecated, please use 'mip_opt_gap_abs'.
WARNING:  Option 'mip_integral_gap_rel' deprecated, please use 'mip_opt_gap_rel'.
WARNING:  Option 'mip_integral_gap_abs' deprecated, please use 'mip_opt_gap_abs'.
WARNING:  Option 'mip_integral_gap_rel' deprecated, please use 'mip_opt_gap_rel'.
WARNING:  Option 'mip_integral_gap_abs' deprecated, please use 'mip_opt_gap_abs'.
WARNING:  Option 'mip_integral_gap_rel' deprecated, please use 'mip_opt_gap_rel'.
WARNING:  Option 'mip_integral_gap_abs' deprecated, please use 'mip_opt_gap_abs'.
WARNING:  Option 'mip_integral_gap_rel' deprecated, please use 'mip_opt_gap_rel'.
WARNING:  Option 'mip_integral_gap_abs' deprecated, please use 'mip_opt_gap_abs'.
WARNING:  Option 'mip_integral_gap_rel' deprecated, please use 'mip_opt_gap_rel'.
WARNING:  Option 'mip_integral_gap_abs' deprecated, please use 'mip_opt_gap_abs'.
WARNING:  Option 'mip_integral_gap_rel' deprecated, please use 'mip_opt_gap_rel'.
     297    8.986305e-01   0.000e+00   8.721e-03   1.790e-06       21
WARNING:  Option 'mip_integral_gap_abs' deprecated, please use 'mip_opt_gap_abs'.
WARNING:  Option 'mip_integral_gap_rel' deprecated, please use 'mip_opt_gap_rel'.
WARNING:  Option 'mip_integral_gap_abs' deprecated, please use 'mip_opt_gap_abs'.
WARNING:  Option 'mip_integral_gap_rel' deprecated, please use 'mip_opt_gap_rel'.
     298    8.986303e-01   0.000e+00   3.670e-02   1.258e-05        1
WARNING:  Option 'mip_integral_gap_abs' deprecated, please use 'mip_opt_gap_abs'.
WARNING:  Option 'mip_integral_gap_rel' deprecated, please use 'mip_opt_gap_rel'.
WARNING:  Option 'mip_integral_gap_abs' deprecated, please use 'mip_opt_gap_abs'.
WARNING:  Option 'mip_integral_gap_rel' deprecated, please use 'mip_opt_gap_rel'.
     299    8.986268e-01   0.000e+00   9.542e-03   3.711e-05        1
WARNING:  Option 'mip_integral_gap_abs' deprecated, please use 'mip_opt_gap_abs'.
WARNING:  Option 'mip_integral_gap_rel' deprecated, please use 'mip_opt_gap_rel'.
WARNING:  Option 'mip_integral_gap_abs' deprecated, please use 'mip_opt_gap_abs'.
WARNING:  Option 'mip_integral_gap_rel' deprecated, please use 'mip_opt_gap_rel'.
     300    8.986182e-01   0.000e+00   9.550e-03   1.187e-05        0
WARNING:  Option 'mip_integral_gap_abs' deprecated, please use 'mip_opt_gap_abs'.
WARNING:  Option 'mip_integral_gap_rel' deprecated, please use 'mip_opt_gap_rel'.
WARNING:  Option 'mip_integral_gap_abs' deprecated, please use 'mip_opt_gap_abs'.
WARNING:  Option 'mip_integral_gap_rel' deprecated, please use 'mip_opt_gap_rel'.
     301    8.986174e-01   0.000e+00   9.548e-03   2.599e-03        0
WARNING:  Option 'mip_integral_gap_abs' deprecated, please use 'mip_opt_gap_abs'.
WARNING:  Option 'mip_integral_gap_rel' deprecated, please use 'mip_opt_gap_rel'.
WARNING:  Option 'mip_integral_gap_abs' deprecated, please use 'mip_opt_gap_abs'.
WARNING:  Option 'mip_integral_gap_rel' deprecated, please use 'mip_opt_gap_rel'.
WARNING:  Option 'mip_integral_gap_abs' deprecated, please use 'mip_opt_gap_abs'.
WARNING:  Option 'mip_integral_gap_rel' deprecated, please use 'mip_opt_gap_rel'.
WARNING:  Option 'mip_integral_gap_abs' deprecated, please use 'mip_opt_gap_abs'.
WARNING:  Option 'mip_integral_gap_rel' deprecated, please use 'mip_opt_gap_rel'.
WARNING:  Option 'mip_integral_gap_abs' deprecated, please use 'mip_opt_gap_abs'.
WARNING:  Option 'mip_integral_gap_rel' deprecated, please use 'mip_opt_gap_rel'.
WARNING:  Option 'mip_integral_gap_abs' deprecated, please use 'mip_opt_gap_abs'.
WARNING:  Option 'mip_integral_gap_rel' deprecated, please use 'mip_opt_gap_rel'.
WARNING:  Option 'mip_integral_gap_abs' deprecated, please use 'mip_opt_gap_abs'.
WARNING:  Option 'mip_integral_gap_rel' deprecated, please use 'mip_opt_gap_rel'.
WARNING:  Option 'mip_integral_gap_abs' deprecated, please use 'mip_opt_gap_abs'.
WARNING:  Option 'mip_integral_gap_rel' deprecated, please use 'mip_opt_gap_rel'.
WARNING:  Option 'mip_integral_gap_abs' deprecated, please use 'mip_opt_gap_abs'.
WARNING:  Option 'mip_integral_gap_rel' deprecated, please use 'mip_opt_gap_rel'.
WARNING:  Option 'mip_integral_gap_abs' deprecated, please use 'mip_opt_gap_abs'.
WARNING:  Option 'mip_integral_gap_rel' deprecated, please use 'mip_opt_gap_rel'.
WARNING:  Option 'mip_integral_gap_abs' deprecated, please use 'mip_opt_gap_abs'.
WARNING:  Option 'mip_integral_gap_rel' deprecated, please use 'mip_opt_gap_rel'.
WARNING:  Option 'mip_integral_gap_abs' deprecated, please use 'mip_opt_gap_abs'.
WARNING:  Option 'mip_integral_gap_rel' deprecated, please use 'mip_opt_gap_rel'.
WARNING:  Option 'mip_integral_gap_abs' deprecated, please use 'mip_opt_gap_abs'.
WARNING:  Option 'mip_integral_gap_rel' deprecated, please use 'mip_opt_gap_rel'.
WARNING:  Option 'mip_integral_gap_abs' deprecated, please use 'mip_opt_gap_abs'.
WARNING:  Option 'mip_integral_gap_rel' deprecated, please use 'mip_opt_gap_rel'.
WARNING:  Option 'mip_integral_gap_abs' deprecated, please use 'mip_opt_gap_abs'.
WARNING:  Option 'mip_integral_gap_rel' deprecated, please use 'mip_opt_gap_rel'.
WARNING:  Option 'mip_integral_gap_abs' deprecated, please use 'mip_opt_gap_abs'.
WARNING:  Option 'mip_integral_gap_rel' deprecated, please use 'mip_opt_gap_rel'.
WARNING:  Option 'mip_integral_gap_abs' deprecated, please use 'mip_opt_gap_abs'.
WARNING:  Option 'mip_integral_gap_rel' deprecated, please use 'mip_opt_gap_rel'.
WARNING:  Option 'mip_integral_gap_abs' deprecated, please use 'mip_opt_gap_abs'.
WARNING:  Option 'mip_integral_gap_rel' deprecated, please use 'mip_opt_gap_rel'.
WARNING:  Option 'mip_integral_gap_abs' deprecated, please use 'mip_opt_gap_abs'.
WARNING:  Option 'mip_integral_gap_rel' deprecated, please use 'mip_opt_gap_rel'.
WARNING:  Option 'mip_integral_gap_abs' deprecated, please use 'mip_opt_gap_abs'.
WARNING:  Option 'mip_integral_gap_rel' deprecated, please use 'mip_opt_gap_rel'.
WARNING:  Option 'mip_integral_gap_abs' deprecated, please use 'mip_opt_gap_abs'.
WARNING:  Option 'mip_integral_gap_rel' deprecated, please use 'mip_opt_gap_rel'.
     302    8.986170e-01   0.000e+00   6.042e-03   2.850e-04        1
WARNING:  Option 'mip_integral_gap_abs' deprecated, please use 'mip_opt_gap_abs'.
WARNING:  Option 'mip_integral_gap_rel' deprecated, please use 'mip_opt_gap_rel'.
WARNING:  Option 'mip_integral_gap_abs' deprecated, please use 'mip_opt_gap_abs'.
WARNING:  Option 'mip_integral_gap_rel' deprecated, please use 'mip_opt_gap_rel'.
WARNING:  Option 'mip_integral_gap_abs' deprecated, please use 'mip_opt_gap_abs'.
WARNING:  Option 'mip_integral_gap_rel' deprecated, please use 'mip_opt_gap_rel'.
     303    8.986169e-01   0.000e+00   5.081e-01   5.144e-04        0
WARNING:  Option 'mip_integral_gap_abs' deprecated, please use 'mip_opt_gap_abs'.
WARNING:  Option 'mip_integral_gap_rel' deprecated, please use 'mip_opt_gap_rel'.
WARNING:  Option 'mip_integral_gap_abs' deprecated, please use 'mip_opt_gap_abs'.
WARNING:  Option 'mip_integral_gap_rel' deprecated, please use 'mip_opt_gap_rel'.
WARNING:  Option 'mip_integral_gap_abs' deprecated, please use 'mip_opt_gap_abs'.
WARNING:  Option 'mip_integral_gap_rel' deprecated, please use 'mip_opt_gap_rel'.
     304    8.986086e-01   0.000e+00   1.389e-01   1.407e-03        0
WARNING:  Option 'mip_integral_gap_abs' deprecated, please use 'mip_opt_gap_abs'.
WARNING:  Option 'mip_integral_gap_rel' deprecated, please use 'mip_opt_gap_rel'.
WARNING:  Option 'mip_integral_gap_abs' deprecated, please use 'mip_opt_gap_abs'.
WARNING:  Option 'mip_integral_gap_rel' deprecated, please use 'mip_opt_gap_rel'.
WARNING:  Option 'mip_integral_gap_abs' deprecated, please use 'mip_opt_gap_abs'.
WARNING:  Option 'mip_integral_gap_rel' deprecated, please use 'mip_opt_gap_rel'.
WARNING:  Option 'mip_integral_gap_abs' deprecated, please use 'mip_opt_gap_abs'.
WARNING:  Option 'mip_integral_gap_rel' deprecated, please use 'mip_opt_gap_rel'.
WARNING:  Option 'mip_integral_gap_abs' deprecated, please use 'mip_opt_gap_abs'.
WARNING:  Option 'mip_integral_gap_rel' deprecated, please use 'mip_opt_gap_rel'.
WARNING:  Option 'mip_integral_gap_abs' deprecated, please use 'mip_opt_gap_abs'.
WARNING:  Option 'mip_integral_gap_rel' deprecated, please use 'mip_opt_gap_rel'.
WARNING:  Option 'mip_integral_gap_abs' deprecated, please use 'mip_opt_gap_abs'.
WARNING:  Option 'mip_integral_gap_rel' deprecated, please use 'mip_opt_gap_rel'.
WARNING:  Option 'mip_integral_gap_abs' deprecated, please use 'mip_opt_gap_abs'.
WARNING:  Option 'mip_integral_gap_rel' deprecated, please use 'mip_opt_gap_rel'.
WARNING:  Option 'mip_integral_gap_abs' deprecated, please use 'mip_opt_gap_abs'.
WARNING:  Option 'mip_integral_gap_rel' deprecated, please use 'mip_opt_gap_rel'.
WARNING:  Option 'mip_integral_gap_abs' deprecated, please use 'mip_opt_gap_abs'.
WARNING:  Option 'mip_integral_gap_rel' deprecated, please use 'mip_opt_gap_rel'.
WARNING:  Option 'mip_integral_gap_abs' deprecated, please use 'mip_opt_gap_abs'.
WARNING:  Option 'mip_integral_gap_rel' deprecated, please use 'mip_opt_gap_rel'.
WARNING:  Option 'mip_integral_gap_abs' deprecated, please use 'mip_opt_gap_abs'.
WARNING:  Option 'mip_integral_gap_rel' deprecated, please use 'mip_opt_gap_rel'.
WARNING:  Option 'mip_integral_gap_abs' deprecated, please use 'mip_opt_gap_abs'.
WARNING:  Option 'mip_integral_gap_rel' deprecated, please use 'mip_opt_gap_rel'.
WARNING:  Option 'mip_integral_gap_abs' deprecated, please use 'mip_opt_gap_abs'.
WARNING:  Option 'mip_integral_gap_rel' deprecated, please use 'mip_opt_gap_rel'.
WARNING:  Option 'mip_integral_gap_abs' deprecated, please use 'mip_opt_gap_abs'.
WARNING:  Option 'mip_integral_gap_rel' deprecated, please use 'mip_opt_gap_rel'.
WARNING:  Option 'mip_integral_gap_abs' deprecated, please use 'mip_opt_gap_abs'.
WARNING:  Option 'mip_integral_gap_rel' deprecated, please use 'mip_opt_gap_rel'.
WARNING:  Option 'mip_integral_gap_abs' deprecated, please use 'mip_opt_gap_abs'.
WARNING:  Option 'mip_integral_gap_rel' deprecated, please use 'mip_opt_gap_rel'.
WARNING:  Option 'mip_integral_gap_abs' deprecated, please use 'mip_opt_gap_abs'.
WARNING:  Option 'mip_integral_gap_rel' deprecated, please use 'mip_opt_gap_rel'.
WARNING:  Option 'mip_integral_gap_abs' deprecated, please use 'mip_opt_gap_abs'.
WARNING:  Option 'mip_integral_gap_rel' deprecated, please use 'mip_opt_gap_rel'.
WARNING:  Option 'mip_integral_gap_abs' deprecated, please use 'mip_opt_gap_abs'.
WARNING:  Option 'mip_integral_gap_rel' deprecated, please use 'mip_opt_gap_rel'.
     305    8.986086e-01   0.000e+00   4.257e-02   1.738e-07       11
WARNING:  Option 'mip_integral_gap_abs' deprecated, please use 'mip_opt_gap_abs'.
WARNING:  Option 'mip_integral_gap_rel' deprecated, please use 'mip_opt_gap_rel'.
WARNING:  Option 'mip_integral_gap_abs' deprecated, please use 'mip_opt_gap_abs'.
WARNING:  Option 'mip_integral_gap_rel' deprecated, please use 'mip_opt_gap_rel'.
WARNING:  Option 'mip_integral_gap_abs' deprecated, please use 'mip_opt_gap_abs'.
WARNING:  Option 'mip_integral_gap_rel' deprecated, please use 'mip_opt_gap_rel'.
WARNING:  Option 'mip_integral_gap_abs' deprecated, please use 'mip_opt_gap_abs'.
WARNING:  Option 'mip_integral_gap_rel' deprecated, please use 'mip_opt_gap_rel'.
     306    8.986086e-01   0.000e+00   4.257e-02   4.690e-10        0
WARNING:  Option 'mip_integral_gap_abs' deprecated, please use 'mip_opt_gap_abs'.
WARNING:  Option 'mip_integral_gap_rel' deprecated, please use 'mip_opt_gap_rel'.
WARNING:  Option 'mip_integral_gap_abs' deprecated, please use 'mip_opt_gap_abs'.
WARNING:  Option 'mip_integral_gap_rel' deprecated, please use 'mip_opt_gap_rel'.
WARNING:  Option 'mip_integral_gap_abs' deprecated, please use 'mip_opt_gap_abs'.
WARNING:  Option 'mip_integral_gap_rel' deprecated, please use 'mip_opt_gap_rel'.
WARNING:  Option 'mip_integral_gap_abs' deprecated, please use 'mip_opt_gap_abs'.
WARNING:  Option 'mip_integral_gap_rel' deprecated, please use 'mip_opt_gap_rel'.
WARNING:  Option 'mip_integral_gap_abs' deprecated, please use 'mip_opt_gap_abs'.
WARNING:  Option 'mip_integral_gap_rel' deprecated, please use 'mip_opt_gap_rel'.
WARNING:  Option 'mip_integral_gap_abs' deprecated, please use 'mip_opt_gap_abs'.
WARNING:  Option 'mip_integral_gap_rel' deprecated, please use 'mip_opt_gap_rel'.
WARNING:  Option 'mip_integral_gap_abs' deprecated, please use 'mip_opt_gap_abs'.
WARNING:  Option 'mip_integral_gap_rel' deprecated, please use 'mip_opt_gap_rel'.
WARNING:  Option 'mip_integral_gap_abs' deprecated, please use 'mip_opt_gap_abs'.
WARNING:  Option 'mip_integral_gap_rel' deprecated, please use 'mip_opt_gap_rel'.
WARNING:  Option 'mip_integral_gap_abs' deprecated, please use 'mip_opt_gap_abs'.
WARNING:  Option 'mip_integral_gap_rel' deprecated, please use 'mip_opt_gap_rel'.
WARNING:  Option 'mip_integral_gap_abs' deprecated, please use 'mip_opt_gap_abs'.
WARNING:  Option 'mip_integral_gap_rel' deprecated, please use 'mip_opt_gap_rel'.
WARNING:  Option 'mip_integral_gap_abs' deprecated, please use 'mip_opt_gap_abs'.
WARNING:  Option 'mip_integral_gap_rel' deprecated, please use 'mip_opt_gap_rel'.
WARNING:  Option 'mip_integral_gap_abs' deprecated, please use 'mip_opt_gap_abs'.
WARNING:  Option 'mip_integral_gap_rel' deprecated, please use 'mip_opt_gap_rel'.
     307    8.986084e-01   0.000e+00   4.257e-02   7.069e-07        1
WARNING:  Option 'mip_integral_gap_abs' deprecated, please use 'mip_opt_gap_abs'.
WARNING:  Option 'mip_integral_gap_rel' deprecated, please use 'mip_opt_gap_rel'.
WARNING:  Option 'mip_integral_gap_abs' deprecated, please use 'mip_opt_gap_abs'.
WARNING:  Option 'mip_integral_gap_rel' deprecated, please use 'mip_opt_gap_rel'.
WARNING:  Option 'mip_integral_gap_abs' deprecated, please use 'mip_opt_gap_abs'.
WARNING:  Option 'mip_integral_gap_rel' deprecated, please use 'mip_opt_gap_rel'.
     308    8.986080e-01   0.000e+00   4.257e-02   3.645e-04        0
WARNING:  Option 'mip_integral_gap_abs' deprecated, please use 'mip_opt_gap_abs'.
WARNING:  Option 'mip_integral_gap_rel' deprecated, please use 'mip_opt_gap_rel'.
WARNING:  Option 'mip_integral_gap_abs' deprecated, please use 'mip_opt_gap_abs'.
WARNING:  Option 'mip_integral_gap_rel' deprecated, please use 'mip_opt_gap_rel'.
     309    8.986070e-01   0.000e+00   1.106e-02   1.170e-03        0
WARNING:  Option 'mip_integral_gap_abs' deprecated, please use 'mip_opt_gap_abs'.
WARNING:  Option 'mip_integral_gap_rel' deprecated, please use 'mip_opt_gap_rel'.
WARNING:  Option 'mip_integral_gap_abs' deprecated, please use 'mip_opt_gap_abs'.
WARNING:  Option 'mip_integral_gap_rel' deprecated, please use 'mip_opt_gap_rel'.
     310    8.986002e-01   0.000e+00   9.825e-03   4.597e-03        0
WARNING:  Option 'mip_integral_gap_abs' deprecated, please use 'mip_opt_gap_abs'.
WARNING:  Option 'mip_integral_gap_rel' deprecated, please use 'mip_opt_gap_rel'.
WARNING:  Option 'mip_integral_gap_abs' deprecated, please use 'mip_opt_gap_abs'.
WARNING:  Option 'mip_integral_gap_rel' deprecated, please use 'mip_opt_gap_rel'.
WARNING:  Option 'mip_integral_gap_abs' deprecated, please use 'mip_opt_gap_abs'.
WARNING:  Option 'mip_integral_gap_rel' deprecated, please use 'mip_opt_gap_rel'.
WARNING:  Option 'mip_integral_gap_abs' deprecated, please use 'mip_opt_gap_abs'.
WARNING:  Option 'mip_integral_gap_rel' deprecated, please use 'mip_opt_gap_rel'.
WARNING:  Option 'mip_integral_gap_abs' deprecated, please use 'mip_opt_gap_abs'.
WARNING:  Option 'mip_integral_gap_rel' deprecated, please use 'mip_opt_gap_rel'.
     311    8.985953e-01   0.000e+00   4.241e-02   1.217e-03        0
WARNING:  Option 'mip_integral_gap_abs' deprecated, please use 'mip_opt_gap_abs'.
WARNING:  Option 'mip_integral_gap_rel' deprecated, please use 'mip_opt_gap_rel'.
WARNING:  Option 'mip_integral_gap_abs' deprecated, please use 'mip_opt_gap_abs'.
WARNING:  Option 'mip_integral_gap_rel' deprecated, please use 'mip_opt_gap_rel'.
WARNING:  Option 'mip_integral_gap_abs' deprecated, please use 'mip_opt_gap_abs'.
WARNING:  Option 'mip_integral_gap_rel' deprecated, please use 'mip_opt_gap_rel'.
WARNING:  Option 'mip_integral_gap_abs' deprecated, please use 'mip_opt_gap_abs'.
WARNING:  Option 'mip_integral_gap_rel' deprecated, please use 'mip_opt_gap_rel'.
WARNING:  Option 'mip_integral_gap_abs' deprecated, please use 'mip_opt_gap_abs'.
WARNING:  Option 'mip_integral_gap_rel' deprecated, please use 'mip_opt_gap_rel'.
WARNING:  Option 'mip_integral_gap_abs' deprecated, please use 'mip_opt_gap_abs'.
WARNING:  Option 'mip_integral_gap_rel' deprecated, please use 'mip_opt_gap_rel'.
WARNING:  Option 'mip_integral_gap_abs' deprecated, please use 'mip_opt_gap_abs'.
WARNING:  Option 'mip_integral_gap_rel' deprecated, please use 'mip_opt_gap_rel'.
WARNING:  Option 'mip_integral_gap_abs' deprecated, please use 'mip_opt_gap_abs'.
WARNING:  Option 'mip_integral_gap_rel' deprecated, please use 'mip_opt_gap_rel'.
WARNING:  Option 'mip_integral_gap_abs' deprecated, please use 'mip_opt_gap_abs'.
WARNING:  Option 'mip_integral_gap_rel' deprecated, please use 'mip_opt_gap_rel'.
WARNING:  Option 'mip_integral_gap_abs' deprecated, please use 'mip_opt_gap_abs'.
WARNING:  Option 'mip_integral_gap_rel' deprecated, please use 'mip_opt_gap_rel'.
WARNING:  Option 'mip_integral_gap_abs' deprecated, please use 'mip_opt_gap_abs'.
WARNING:  Option 'mip_integral_gap_rel' deprecated, please use 'mip_opt_gap_rel'.
WARNING:  Option 'mip_integral_gap_abs' deprecated, please use 'mip_opt_gap_abs'.
WARNING:  Option 'mip_integral_gap_rel' deprecated, please use 'mip_opt_gap_rel'.
WARNING:  Option 'mip_integral_gap_abs' deprecated, please use 'mip_opt_gap_abs'.
WARNING:  Option 'mip_integral_gap_rel' deprecated, please use 'mip_opt_gap_rel'.
WARNING:  Option 'mip_integral_gap_abs' deprecated, please use 'mip_opt_gap_abs'.
WARNING:  Option 'mip_integral_gap_rel' deprecated, please use 'mip_opt_gap_rel'.
WARNING:  Option 'mip_integral_gap_abs' deprecated, please use 'mip_opt_gap_abs'.
WARNING:  Option 'mip_integral_gap_rel' deprecated, please use 'mip_opt_gap_rel'.
WARNING:  Option 'mip_integral_gap_abs' deprecated, please use 'mip_opt_gap_abs'.
WARNING:  Option 'mip_integral_gap_rel' deprecated, please use 'mip_opt_gap_rel'.
WARNING:  Option 'mip_integral_gap_abs' deprecated, please use 'mip_opt_gap_abs'.
WARNING:  Option 'mip_integral_gap_rel' deprecated, please use 'mip_opt_gap_rel'.
WARNING:  Option 'mip_integral_gap_abs' deprecated, please use 'mip_opt_gap_abs'.
WARNING:  Option 'mip_integral_gap_rel' deprecated, please use 'mip_opt_gap_rel'.
WARNING:  Option 'mip_integral_gap_abs' deprecated, please use 'mip_opt_gap_abs'.
WARNING:  Option 'mip_integral_gap_rel' deprecated, please use 'mip_opt_gap_rel'.
WARNING:  Option 'mip_integral_gap_abs' deprecated, please use 'mip_opt_gap_abs'.
WARNING:  Option 'mip_integral_gap_rel' deprecated, please use 'mip_opt_gap_rel'.
     312    8.985948e-01   0.000e+00   8.763e-03   7.977e-06       19
WARNING:  Option 'mip_integral_gap_abs' deprecated, please use 'mip_opt_gap_abs'.
WARNING:  Option 'mip_integral_gap_rel' deprecated, please use 'mip_opt_gap_rel'.
WARNING:  Option 'mip_integral_gap_abs' deprecated, please use 'mip_opt_gap_abs'.
WARNING:  Option 'mip_integral_gap_rel' deprecated, please use 'mip_opt_gap_rel'.
WARNING:  Option 'mip_integral_gap_abs' deprecated, please use 'mip_opt_gap_abs'.
WARNING:  Option 'mip_integral_gap_rel' deprecated, please use 'mip_opt_gap_rel'.
WARNING:  Option 'mip_integral_gap_abs' deprecated, please use 'mip_opt_gap_abs'.
WARNING:  Option 'mip_integral_gap_rel' deprecated, please use 'mip_opt_gap_rel'.
     313    8.985948e-01   0.000e+00   8.763e-03   1.247e-08        0
WARNING:  Option 'mip_integral_gap_abs' deprecated, please use 'mip_opt_gap_abs'.
WARNING:  Option 'mip_integral_gap_rel' deprecated, please use 'mip_opt_gap_rel'.
WARNING:  Option 'mip_integral_gap_abs' deprecated, please use 'mip_opt_gap_abs'.
WARNING:  Option 'mip_integral_gap_rel' deprecated, please use 'mip_opt_gap_rel'.
WARNING:  Option 'mip_integral_gap_abs' deprecated, please use 'mip_opt_gap_abs'.
WARNING:  Option 'mip_integral_gap_rel' deprecated, please use 'mip_opt_gap_rel'.
     314    8.985899e-01   0.000e+00   8.742e-03   2.564e-04        0
WARNING:  Option 'mip_integral_gap_abs' deprecated, please use 'mip_opt_gap_abs'.
WARNING:  Option 'mip_integral_gap_rel' deprecated, please use 'mip_opt_gap_rel'.
WARNING:  Option 'mip_integral_gap_abs' deprecated, please use 'mip_opt_gap_abs'.
WARNING:  Option 'mip_integral_gap_rel' deprecated, please use 'mip_opt_gap_rel'.
WARNING:  Option 'mip_integral_gap_abs' deprecated, please use 'mip_opt_gap_abs'.
WARNING:  Option 'mip_integral_gap_rel' deprecated, please use 'mip_opt_gap_rel'.
WARNING:  Option 'mip_integral_gap_abs' deprecated, please use 'mip_opt_gap_abs'.
WARNING:  Option 'mip_integral_gap_rel' deprecated, please use 'mip_opt_gap_rel'.
WARNING:  Option 'mip_integral_gap_abs' deprecated, please use 'mip_opt_gap_abs'.
WARNING:  Option 'mip_integral_gap_rel' deprecated, please use 'mip_opt_gap_rel'.
WARNING:  Option 'mip_integral_gap_abs' deprecated, please use 'mip_opt_gap_abs'.
WARNING:  Option 'mip_integral_gap_rel' deprecated, please use 'mip_opt_gap_rel'.
WARNING:  Option 'mip_integral_gap_abs' deprecated, please use 'mip_opt_gap_abs'.
WARNING:  Option 'mip_integral_gap_rel' deprecated, please use 'mip_opt_gap_rel'.
WARNING:  Option 'mip_integral_gap_abs' deprecated, please use 'mip_opt_gap_abs'.
WARNING:  Option 'mip_integral_gap_rel' deprecated, please use 'mip_opt_gap_rel'.
WARNING:  Option 'mip_integral_gap_abs' deprecated, please use 'mip_opt_gap_abs'.
WARNING:  Option 'mip_integral_gap_rel' deprecated, please use 'mip_opt_gap_rel'.
WARNING:  Option 'mip_integral_gap_abs' deprecated, please use 'mip_opt_gap_abs'.
WARNING:  Option 'mip_integral_gap_rel' deprecated, please use 'mip_opt_gap_rel'.
WARNING:  Option 'mip_integral_gap_abs' deprecated, please use 'mip_opt_gap_abs'.
WARNING:  Option 'mip_integral_gap_rel' deprecated, please use 'mip_opt_gap_rel'.
WARNING:  Option 'mip_integral_gap_abs' deprecated, please use 'mip_opt_gap_abs'.
WARNING:  Option 'mip_integral_gap_rel' deprecated, please use 'mip_opt_gap_rel'.
WARNING:  Option 'mip_integral_gap_abs' deprecated, please use 'mip_opt_gap_abs'.
WARNING:  Option 'mip_integral_gap_rel' deprecated, please use 'mip_opt_gap_rel'.
WARNING:  Option 'mip_integral_gap_abs' deprecated, please use 'mip_opt_gap_abs'.
WARNING:  Option 'mip_integral_gap_rel' deprecated, please use 'mip_opt_gap_rel'.
WARNING:  Option 'mip_integral_gap_abs' deprecated, please use 'mip_opt_gap_abs'.
WARNING:  Option 'mip_integral_gap_rel' deprecated, please use 'mip_opt_gap_rel'.
WARNING:  Option 'mip_integral_gap_abs' deprecated, please use 'mip_opt_gap_abs'.
WARNING:  Option 'mip_integral_gap_rel' deprecated, please use 'mip_opt_gap_rel'.
WARNING:  Option 'mip_integral_gap_abs' deprecated, please use 'mip_opt_gap_abs'.
WARNING:  Option 'mip_integral_gap_rel' deprecated, please use 'mip_opt_gap_rel'.
     315    8.985897e-01   0.000e+00   8.702e-03   7.307e-05        1
WARNING:  Option 'mip_integral_gap_abs' deprecated, please use 'mip_opt_gap_abs'.
WARNING:  Option 'mip_integral_gap_rel' deprecated, please use 'mip_opt_gap_rel'.
WARNING:  Option 'mip_integral_gap_abs' deprecated, please use 'mip_opt_gap_abs'.
WARNING:  Option 'mip_integral_gap_rel' deprecated, please use 'mip_opt_gap_rel'.
WARNING:  Option 'mip_integral_gap_abs' deprecated, please use 'mip_opt_gap_abs'.
WARNING:  Option 'mip_integral_gap_rel' deprecated, please use 'mip_opt_gap_rel'.
WARNING:  Option 'mip_integral_gap_abs' deprecated, please use 'mip_opt_gap_abs'.
WARNING:  Option 'mip_integral_gap_rel' deprecated, please use 'mip_opt_gap_rel'.
WARNING:  Option 'mip_integral_gap_abs' deprecated, please use 'mip_opt_gap_abs'.
WARNING:  Option 'mip_integral_gap_rel' deprecated, please use 'mip_opt_gap_rel'.
WARNING:  Option 'mip_integral_gap_abs' deprecated, please use 'mip_opt_gap_abs'.
WARNING:  Option 'mip_integral_gap_rel' deprecated, please use 'mip_opt_gap_rel'.
WARNING:  Option 'mip_integral_gap_abs' deprecated, please use 'mip_opt_gap_abs'.
WARNING:  Option 'mip_integral_gap_rel' deprecated, please use 'mip_opt_gap_rel'.
WARNING:  Option 'mip_integral_gap_abs' deprecated, please use 'mip_opt_gap_abs'.
WARNING:  Option 'mip_integral_gap_rel' deprecated, please use 'mip_opt_gap_rel'.
WARNING:  Option 'mip_integral_gap_abs' deprecated, please use 'mip_opt_gap_abs'.
WARNING:  Option 'mip_integral_gap_rel' deprecated, please use 'mip_opt_gap_rel'.
WARNING:  Option 'mip_integral_gap_abs' deprecated, please use 'mip_opt_gap_abs'.
WARNING:  Option 'mip_integral_gap_rel' deprecated, please use 'mip_opt_gap_rel'.
WARNING:  Option 'mip_integral_gap_abs' deprecated, please use 'mip_opt_gap_abs'.
WARNING:  Option 'mip_integral_gap_rel' deprecated, please use 'mip_opt_gap_rel'.
WARNING:  Option 'mip_integral_gap_abs' deprecated, please use 'mip_opt_gap_abs'.
WARNING:  Option 'mip_integral_gap_rel' deprecated, please use 'mip_opt_gap_rel'.
WARNING:  Option 'mip_integral_gap_abs' deprecated, please use 'mip_opt_gap_abs'.
WARNING:  Option 'mip_integral_gap_rel' deprecated, please use 'mip_opt_gap_rel'.
WARNING:  Option 'mip_integral_gap_abs' deprecated, please use 'mip_opt_gap_abs'.
WARNING:  Option 'mip_integral_gap_rel' deprecated, please use 'mip_opt_gap_rel'.
WARNING:  Option 'mip_integral_gap_abs' deprecated, please use 'mip_opt_gap_abs'.
WARNING:  Option 'mip_integral_gap_rel' deprecated, please use 'mip_opt_gap_rel'.
WARNING:  Option 'mip_integral_gap_abs' deprecated, please use 'mip_opt_gap_abs'.
WARNING:  Option 'mip_integral_gap_rel' deprecated, please use 'mip_opt_gap_rel'.
WARNING:  Option 'mip_integral_gap_abs' deprecated, please use 'mip_opt_gap_abs'.
WARNING:  Option 'mip_integral_gap_rel' deprecated, please use 'mip_opt_gap_rel'.
     316    8.985896e-01   0.000e+00   7.749e-03   6.715e-05        1
WARNING:  Option 'mip_integral_gap_abs' deprecated, please use 'mip_opt_gap_abs'.
WARNING:  Option 'mip_integral_gap_rel' deprecated, please use 'mip_opt_gap_rel'.
WARNING:  Option 'mip_integral_gap_abs' deprecated, please use 'mip_opt_gap_abs'.
WARNING:  Option 'mip_integral_gap_rel' deprecated, please use 'mip_opt_gap_rel'.
WARNING:  Option 'mip_integral_gap_abs' deprecated, please use 'mip_opt_gap_abs'.
WARNING:  Option 'mip_integral_gap_rel' deprecated, please use 'mip_opt_gap_rel'.
WARNING:  Option 'mip_integral_gap_abs' deprecated, please use 'mip_opt_gap_abs'.
WARNING:  Option 'mip_integral_gap_rel' deprecated, please use 'mip_opt_gap_rel'.
WARNING:  Option 'mip_integral_gap_abs' deprecated, please use 'mip_opt_gap_abs'.
WARNING:  Option 'mip_integral_gap_rel' deprecated, please use 'mip_opt_gap_rel'.
WARNING:  Option 'mip_integral_gap_abs' deprecated, please use 'mip_opt_gap_abs'.
WARNING:  Option 'mip_integral_gap_rel' deprecated, please use 'mip_opt_gap_rel'.
WARNING:  Option 'mip_integral_gap_abs' deprecated, please use 'mip_opt_gap_abs'.
WARNING:  Option 'mip_integral_gap_rel' deprecated, please use 'mip_opt_gap_rel'.
WARNING:  Option 'mip_integral_gap_abs' deprecated, please use 'mip_opt_gap_abs'.
WARNING:  Option 'mip_integral_gap_rel' deprecated, please use 'mip_opt_gap_rel'.
WARNING:  Option 'mip_integral_gap_abs' deprecated, please use 'mip_opt_gap_abs'.
WARNING:  Option 'mip_integral_gap_rel' deprecated, please use 'mip_opt_gap_rel'.
WARNING:  Option 'mip_integral_gap_abs' deprecated, please use 'mip_opt_gap_abs'.
WARNING:  Option 'mip_integral_gap_rel' deprecated, please use 'mip_opt_gap_rel'.
WARNING:  Option 'mip_integral_gap_abs' deprecated, please use 'mip_opt_gap_abs'.
WARNING:  Option 'mip_integral_gap_rel' deprecated, please use 'mip_opt_gap_rel'.
WARNING:  Option 'mip_integral_gap_abs' deprecated, please use 'mip_opt_gap_abs'.
WARNING:  Option 'mip_integral_gap_rel' deprecated, please use 'mip_opt_gap_rel'.
     317    8.985896e-01   0.000e+00   1.934e-02   2.316e-05        1
WARNING:  Option 'mip_integral_gap_abs' deprecated, please use 'mip_opt_gap_abs'.
WARNING:  Option 'mip_integral_gap_rel' deprecated, please use 'mip_opt_gap_rel'.
WARNING:  Option 'mip_integral_gap_abs' deprecated, please use 'mip_opt_gap_abs'.
WARNING:  Option 'mip_integral_gap_rel' deprecated, please use 'mip_opt_gap_rel'.
WARNING:  Option 'mip_integral_gap_abs' deprecated, please use 'mip_opt_gap_abs'.
WARNING:  Option 'mip_integral_gap_rel' deprecated, please use 'mip_opt_gap_rel'.
WARNING:  Option 'mip_integral_gap_abs' deprecated, please use 'mip_opt_gap_abs'.
WARNING:  Option 'mip_integral_gap_rel' deprecated, please use 'mip_opt_gap_rel'.
     318    8.985896e-01   0.000e+00   1.879e-02   8.634e-06        0
WARNING:  Option 'mip_integral_gap_abs' deprecated, please use 'mip_opt_gap_abs'.
WARNING:  Option 'mip_integral_gap_rel' deprecated, please use 'mip_opt_gap_rel'.
WARNING:  Option 'mip_integral_gap_abs' deprecated, please use 'mip_opt_gap_abs'.
WARNING:  Option 'mip_integral_gap_rel' deprecated, please use 'mip_opt_gap_rel'.
WARNING:  Option 'mip_integral_gap_abs' deprecated, please use 'mip_opt_gap_abs'.
WARNING:  Option 'mip_integral_gap_rel' deprecated, please use 'mip_opt_gap_rel'.
WARNING:  Option 'mip_integral_gap_abs' deprecated, please use 'mip_opt_gap_abs'.
WARNING:  Option 'mip_integral_gap_rel' deprecated, please use 'mip_opt_gap_rel'.
WARNING:  Option 'mip_integral_gap_abs' deprecated, please use 'mip_opt_gap_abs'.
WARNING:  Option 'mip_integral_gap_rel' deprecated, please use 'mip_opt_gap_rel'.
WARNING:  Option 'mip_integral_gap_abs' deprecated, please use 'mip_opt_gap_abs'.
WARNING:  Option 'mip_integral_gap_rel' deprecated, please use 'mip_opt_gap_rel'.
WARNING:  Option 'mip_integral_gap_abs' deprecated, please use 'mip_opt_gap_abs'.
WARNING:  Option 'mip_integral_gap_rel' deprecated, please use 'mip_opt_gap_rel'.
WARNING:  Option 'mip_integral_gap_abs' deprecated, please use 'mip_opt_gap_abs'.
WARNING:  Option 'mip_integral_gap_rel' deprecated, please use 'mip_opt_gap_rel'.
     319    8.985896e-01   0.000e+00   7.157e-03   4.482e-05        1
WARNING:  Option 'mip_integral_gap_abs' deprecated, please use 'mip_opt_gap_abs'.
WARNING:  Option 'mip_integral_gap_rel' deprecated, please use 'mip_opt_gap_rel'.
WARNING:  Option 'mip_integral_gap_abs' deprecated, please use 'mip_opt_gap_abs'.
WARNING:  Option 'mip_integral_gap_rel' deprecated, please use 'mip_opt_gap_rel'.
WARNING:  Option 'mip_integral_gap_abs' deprecated, please use 'mip_opt_gap_abs'.
WARNING:  Option 'mip_integral_gap_rel' deprecated, please use 'mip_opt_gap_rel'.
WARNING:  Option 'mip_integral_gap_abs' deprecated, please use 'mip_opt_gap_abs'.
WARNING:  Option 'mip_integral_gap_rel' deprecated, please use 'mip_opt_gap_rel'.
WARNING:  Option 'mip_integral_gap_abs' deprecated, please use 'mip_opt_gap_abs'.
WARNING:  Option 'mip_integral_gap_rel' deprecated, please use 'mip_opt_gap_rel'.
WARNING:  Option 'mip_integral_gap_abs' deprecated, please use 'mip_opt_gap_abs'.
WARNING:  Option 'mip_integral_gap_rel' deprecated, please use 'mip_opt_gap_rel'.
WARNING:  Option 'mip_integral_gap_abs' deprecated, please use 'mip_opt_gap_abs'.
WARNING:  Option 'mip_integral_gap_rel' deprecated, please use 'mip_opt_gap_rel'.
WARNING:  Option 'mip_integral_gap_abs' deprecated, please use 'mip_opt_gap_abs'.
WARNING:  Option 'mip_integral_gap_rel' deprecated, please use 'mip_opt_gap_rel'.
WARNING:  Option 'mip_integral_gap_abs' deprecated, please use 'mip_opt_gap_abs'.
WARNING:  Option 'mip_integral_gap_rel' deprecated, please use 'mip_opt_gap_rel'.
WARNING:  Option 'mip_integral_gap_abs' deprecated, please use 'mip_opt_gap_abs'.
WARNING:  Option 'mip_integral_gap_rel' deprecated, please use 'mip_opt_gap_rel'.
WARNING:  Option 'mip_integral_gap_abs' deprecated, please use 'mip_opt_gap_abs'.
WARNING:  Option 'mip_integral_gap_rel' deprecated, please use 'mip_opt_gap_rel'.
WARNING:  Option 'mip_integral_gap_abs' deprecated, please use 'mip_opt_gap_abs'.
WARNING:  Option 'mip_integral_gap_rel' deprecated, please use 'mip_opt_gap_rel'.
WARNING:  Option 'mip_integral_gap_abs' deprecated, please use 'mip_opt_gap_abs'.
WARNING:  Option 'mip_integral_gap_rel' deprecated, please use 'mip_opt_gap_rel'.
WARNING:  Option 'mip_integral_gap_abs' deprecated, please use 'mip_opt_gap_abs'.
WARNING:  Option 'mip_integral_gap_rel' deprecated, please use 'mip_opt_gap_rel'.
WARNING:  Option 'mip_integral_gap_abs' deprecated, please use 'mip_opt_gap_abs'.
WARNING:  Option 'mip_integral_gap_rel' deprecated, please use 'mip_opt_gap_rel'.
WARNING:  Option 'mip_integral_gap_abs' deprecated, please use 'mip_opt_gap_abs'.
WARNING:  Option 'mip_integral_gap_rel' deprecated, please use 'mip_opt_gap_rel'.
WARNING:  Option 'mip_integral_gap_abs' deprecated, please use 'mip_opt_gap_abs'.
WARNING:  Option 'mip_integral_gap_rel' deprecated, please use 'mip_opt_gap_rel'.
WARNING:  Option 'mip_integral_gap_abs' deprecated, please use 'mip_opt_gap_abs'.
WARNING:  Option 'mip_integral_gap_rel' deprecated, please use 'mip_opt_gap_rel'.
WARNING:  Option 'mip_integral_gap_abs' deprecated, please use 'mip_opt_gap_abs'.
WARNING:  Option 'mip_integral_gap_rel' deprecated, please use 'mip_opt_gap_rel'.
WARNING:  Option 'mip_integral_gap_abs' deprecated, please use 'mip_opt_gap_abs'.
WARNING:  Option 'mip_integral_gap_rel' deprecated, please use 'mip_opt_gap_rel'.
     320    8.985895e-01   0.000e+00   5.799e-03   3.743e-06       20
WARNING:  Option 'mip_integral_gap_abs' deprecated, please use 'mip_opt_gap_abs'.
WARNING:  Option 'mip_integral_gap_rel' deprecated, please use 'mip_opt_gap_rel'.
WARNING:  Option 'mip_integral_gap_abs' deprecated, please use 'mip_opt_gap_abs'.
WARNING:  Option 'mip_integral_gap_rel' deprecated, please use 'mip_opt_gap_rel'.
WARNING:  Option 'mip_integral_gap_abs' deprecated, please use 'mip_opt_gap_abs'.
WARNING:  Option 'mip_integral_gap_rel' deprecated, please use 'mip_opt_gap_rel'.
WARNING:  Option 'mip_integral_gap_abs' deprecated, please use 'mip_opt_gap_abs'.
WARNING:  Option 'mip_integral_gap_rel' deprecated, please use 'mip_opt_gap_rel'.
WARNING:  Option 'mip_integral_gap_abs' deprecated, please use 'mip_opt_gap_abs'.
WARNING:  Option 'mip_integral_gap_rel' deprecated, please use 'mip_opt_gap_rel'.
WARNING:  Option 'mip_integral_gap_abs' deprecated, please use 'mip_opt_gap_abs'.
WARNING:  Option 'mip_integral_gap_rel' deprecated, please use 'mip_opt_gap_rel'.
     321    8.985895e-01   0.000e+00   1.256e-02   6.625e-06        3
WARNING:  Option 'mip_integral_gap_abs' deprecated, please use 'mip_opt_gap_abs'.
WARNING:  Option 'mip_integral_gap_rel' deprecated, please use 'mip_opt_gap_rel'.
WARNING:  Option 'mip_integral_gap_abs' deprecated, please use 'mip_opt_gap_abs'.
WARNING:  Option 'mip_integral_gap_rel' deprecated, please use 'mip_opt_gap_rel'.
WARNING:  Option 'mip_integral_gap_abs' deprecated, please use 'mip_opt_gap_abs'.
WARNING:  Option 'mip_integral_gap_rel' deprecated, please use 'mip_opt_gap_rel'.
WARNING:  Option 'mip_integral_gap_abs' deprecated, please use 'mip_opt_gap_abs'.
WARNING:  Option 'mip_integral_gap_rel' deprecated, please use 'mip_opt_gap_rel'.
     322    8.985895e-01   0.000e+00   1.256e-02   5.413e-10        0
WARNING:  Option 'mip_integral_gap_abs' deprecated, please use 'mip_opt_gap_abs'.
WARNING:  Option 'mip_integral_gap_rel' deprecated, please use 'mip_opt_gap_rel'.
WARNING:  Option 'mip_integral_gap_abs' deprecated, please use 'mip_opt_gap_abs'.
WARNING:  Option 'mip_integral_gap_rel' deprecated, please use 'mip_opt_gap_rel'.
WARNING:  Option 'mip_integral_gap_abs' deprecated, please use 'mip_opt_gap_abs'.
WARNING:  Option 'mip_integral_gap_rel' deprecated, please use 'mip_opt_gap_rel'.
WARNING:  Option 'mip_integral_gap_abs' deprecated, please use 'mip_opt_gap_abs'.
WARNING:  Option 'mip_integral_gap_rel' deprecated, please use 'mip_opt_gap_rel'.
WARNING:  Option 'mip_integral_gap_abs' deprecated, please use 'mip_opt_gap_abs'.
WARNING:  Option 'mip_integral_gap_rel' deprecated, please use 'mip_opt_gap_rel'.
WARNING:  Option 'mip_integral_gap_abs' deprecated, please use 'mip_opt_gap_abs'.
WARNING:  Option 'mip_integral_gap_rel' deprecated, please use 'mip_opt_gap_rel'.
     323    8.985895e-01   0.000e+00   9.070e-03   4.438e-06        0
WARNING:  Option 'mip_integral_gap_abs' deprecated, please use 'mip_opt_gap_abs'.
WARNING:  Option 'mip_integral_gap_rel' deprecated, please use 'mip_opt_gap_rel'.
WARNING:  Option 'mip_integral_gap_abs' deprecated, please use 'mip_opt_gap_abs'.
WARNING:  Option 'mip_integral_gap_rel' deprecated, please use 'mip_opt_gap_rel'.
WARNING:  Option 'mip_integral_gap_abs' deprecated, please use 'mip_opt_gap_abs'.
WARNING:  Option 'mip_integral_gap_rel' deprecated, please use 'mip_opt_gap_rel'.
WARNING:  Option 'mip_integral_gap_abs' deprecated, please use 'mip_opt_gap_abs'.
WARNING:  Option 'mip_integral_gap_rel' deprecated, please use 'mip_opt_gap_rel'.
WARNING:  Option 'mip_integral_gap_abs' deprecated, please use 'mip_opt_gap_abs'.
WARNING:  Option 'mip_integral_gap_rel' deprecated, please use 'mip_opt_gap_rel'.
WARNING:  Option 'mip_integral_gap_abs' deprecated, please use 'mip_opt_gap_abs'.
WARNING:  Option 'mip_integral_gap_rel' deprecated, please use 'mip_opt_gap_rel'.
WARNING:  Option 'mip_integral_gap_abs' deprecated, please use 'mip_opt_gap_abs'.
WARNING:  Option 'mip_integral_gap_rel' deprecated, please use 'mip_opt_gap_rel'.
WARNING:  Option 'mip_integral_gap_abs' deprecated, please use 'mip_opt_gap_abs'.
WARNING:  Option 'mip_integral_gap_rel' deprecated, please use 'mip_opt_gap_rel'.
WARNING:  Option 'mip_integral_gap_abs' deprecated, please use 'mip_opt_gap_abs'.
WARNING:  Option 'mip_integral_gap_rel' deprecated, please use 'mip_opt_gap_rel'.
WARNING:  Option 'mip_integral_gap_abs' deprecated, please use 'mip_opt_gap_abs'.
WARNING:  Option 'mip_integral_gap_rel' deprecated, please use 'mip_opt_gap_rel'.
WARNING:  Option 'mip_integral_gap_abs' deprecated, please use 'mip_opt_gap_abs'.
WARNING:  Option 'mip_integral_gap_rel' deprecated, please use 'mip_opt_gap_rel'.
WARNING:  Option 'mip_integral_gap_abs' deprecated, please use 'mip_opt_gap_abs'.
WARNING:  Option 'mip_integral_gap_rel' deprecated, please use 'mip_opt_gap_rel'.
WARNING:  Option 'mip_integral_gap_abs' deprecated, please use 'mip_opt_gap_abs'.
WARNING:  Option 'mip_integral_gap_rel' deprecated, please use 'mip_opt_gap_rel'.
WARNING:  Option 'mip_integral_gap_abs' deprecated, please use 'mip_opt_gap_abs'.
WARNING:  Option 'mip_integral_gap_rel' deprecated, please use 'mip_opt_gap_rel'.
     324    8.985894e-01   0.000e+00   8.060e-03   2.260e-05        1
WARNING:  Option 'mip_integral_gap_abs' deprecated, please use 'mip_opt_gap_abs'.
WARNING:  Option 'mip_integral_gap_rel' deprecated, please use 'mip_opt_gap_rel'.
WARNING:  Option 'mip_integral_gap_abs' deprecated, please use 'mip_opt_gap_abs'.
WARNING:  Option 'mip_integral_gap_rel' deprecated, please use 'mip_opt_gap_rel'.
WARNING:  Option 'mip_integral_gap_abs' deprecated, please use 'mip_opt_gap_abs'.
WARNING:  Option 'mip_integral_gap_rel' deprecated, please use 'mip_opt_gap_rel'.
     325    8.985891e-01   0.000e+00   9.030e-02   9.349e-04        0
WARNING:  Option 'mip_integral_gap_abs' deprecated, please use 'mip_opt_gap_abs'.
WARNING:  Option 'mip_integral_gap_rel' deprecated, please use 'mip_opt_gap_rel'.
WARNING:  Option 'mip_integral_gap_abs' deprecated, please use 'mip_opt_gap_abs'.
WARNING:  Option 'mip_integral_gap_rel' deprecated, please use 'mip_opt_gap_rel'.
WARNING:  Option 'mip_integral_gap_abs' deprecated, please use 'mip_opt_gap_abs'.
WARNING:  Option 'mip_integral_gap_rel' deprecated, please use 'mip_opt_gap_rel'.
     326    8.985888e-01   0.000e+00   1.516e-02   8.269e-06        0
WARNING:  Option 'mip_integral_gap_abs' deprecated, please use 'mip_opt_gap_abs'.
WARNING:  Option 'mip_integral_gap_rel' deprecated, please use 'mip_opt_gap_rel'.
WARNING:  Option 'mip_integral_gap_abs' deprecated, please use 'mip_opt_gap_abs'.
WARNING:  Option 'mip_integral_gap_rel' deprecated, please use 'mip_opt_gap_rel'.
WARNING:  Option 'mip_integral_gap_abs' deprecated, please use 'mip_opt_gap_abs'.
WARNING:  Option 'mip_integral_gap_rel' deprecated, please use 'mip_opt_gap_rel'.
WARNING:  Option 'mip_integral_gap_abs' deprecated, please use 'mip_opt_gap_abs'.
WARNING:  Option 'mip_integral_gap_rel' deprecated, please use 'mip_opt_gap_rel'.
WARNING:  Option 'mip_integral_gap_abs' deprecated, please use 'mip_opt_gap_abs'.
WARNING:  Option 'mip_integral_gap_rel' deprecated, please use 'mip_opt_gap_rel'.
WARNING:  Option 'mip_integral_gap_abs' deprecated, please use 'mip_opt_gap_abs'.
WARNING:  Option 'mip_integral_gap_rel' deprecated, please use 'mip_opt_gap_rel'.
WARNING:  Option 'mip_integral_gap_abs' deprecated, please use 'mip_opt_gap_abs'.
WARNING:  Option 'mip_integral_gap_rel' deprecated, please use 'mip_opt_gap_rel'.
WARNING:  Option 'mip_integral_gap_abs' deprecated, please use 'mip_opt_gap_abs'.
WARNING:  Option 'mip_integral_gap_rel' deprecated, please use 'mip_opt_gap_rel'.
WARNING:  Option 'mip_integral_gap_abs' deprecated, please use 'mip_opt_gap_abs'.
WARNING:  Option 'mip_integral_gap_rel' deprecated, please use 'mip_opt_gap_rel'.
WARNING:  Option 'mip_integral_gap_abs' deprecated, please use 'mip_opt_gap_abs'.
WARNING:  Option 'mip_integral_gap_rel' deprecated, please use 'mip_opt_gap_rel'.
WARNING:  Option 'mip_integral_gap_abs' deprecated, please use 'mip_opt_gap_abs'.
WARNING:  Option 'mip_integral_gap_rel' deprecated, please use 'mip_opt_gap_rel'.
WARNING:  Option 'mip_integral_gap_abs' deprecated, please use 'mip_opt_gap_abs'.
WARNING:  Option 'mip_integral_gap_rel' deprecated, please use 'mip_opt_gap_rel'.
WARNING:  Option 'mip_integral_gap_abs' deprecated, please use 'mip_opt_gap_abs'.
WARNING:  Option 'mip_integral_gap_rel' deprecated, please use 'mip_opt_gap_rel'.
WARNING:  Option 'mip_integral_gap_abs' deprecated, please use 'mip_opt_gap_abs'.
WARNING:  Option 'mip_integral_gap_rel' deprecated, please use 'mip_opt_gap_rel'.
WARNING:  Option 'mip_integral_gap_abs' deprecated, please use 'mip_opt_gap_abs'.
WARNING:  Option 'mip_integral_gap_rel' deprecated, please use 'mip_opt_gap_rel'.
WARNING:  Option 'mip_integral_gap_abs' deprecated, please use 'mip_opt_gap_abs'.
WARNING:  Option 'mip_integral_gap_rel' deprecated, please use 'mip_opt_gap_rel'.
WARNING:  Option 'mip_integral_gap_abs' deprecated, please use 'mip_opt_gap_abs'.
WARNING:  Option 'mip_integral_gap_rel' deprecated, please use 'mip_opt_gap_rel'.
     327    8.985885e-01   0.000e+00   1.076e-02   8.164e-05       55
WARNING:  Option 'mip_integral_gap_abs' deprecated, please use 'mip_opt_gap_abs'.
WARNING:  Option 'mip_integral_gap_rel' deprecated, please use 'mip_opt_gap_rel'.
WARNING:  Option 'mip_integral_gap_abs' deprecated, please use 'mip_opt_gap_abs'.
WARNING:  Option 'mip_integral_gap_rel' deprecated, please use 'mip_opt_gap_rel'.
WARNING:  Option 'mip_integral_gap_abs' deprecated, please use 'mip_opt_gap_abs'.
WARNING:  Option 'mip_integral_gap_rel' deprecated, please use 'mip_opt_gap_rel'.
WARNING:  Option 'mip_integral_gap_abs' deprecated, please use 'mip_opt_gap_abs'.
WARNING:  Option 'mip_integral_gap_rel' deprecated, please use 'mip_opt_gap_rel'.
WARNING:  Option 'mip_integral_gap_abs' deprecated, please use 'mip_opt_gap_abs'.
WARNING:  Option 'mip_integral_gap_rel' deprecated, please use 'mip_opt_gap_rel'.
WARNING:  Option 'mip_integral_gap_abs' deprecated, please use 'mip_opt_gap_abs'.
WARNING:  Option 'mip_integral_gap_rel' deprecated, please use 'mip_opt_gap_rel'.
WARNING:  Option 'mip_integral_gap_abs' deprecated, please use 'mip_opt_gap_abs'.
WARNING:  Option 'mip_integral_gap_rel' deprecated, please use 'mip_opt_gap_rel'.
WARNING:  Option 'mip_integral_gap_abs' deprecated, please use 'mip_opt_gap_abs'.
WARNING:  Option 'mip_integral_gap_rel' deprecated, please use 'mip_opt_gap_rel'.
WARNING:  Option 'mip_integral_gap_abs' deprecated, please use 'mip_opt_gap_abs'.
WARNING:  Option 'mip_integral_gap_rel' deprecated, please use 'mip_opt_gap_rel'.
     328    8.985883e-01   0.000e+00   1.216e-02   7.141e-05       24
WARNING:  Option 'mip_integral_gap_abs' deprecated, please use 'mip_opt_gap_abs'.
WARNING:  Option 'mip_integral_gap_rel' deprecated, please use 'mip_opt_gap_rel'.
WARNING:  Option 'mip_integral_gap_abs' deprecated, please use 'mip_opt_gap_abs'.
WARNING:  Option 'mip_integral_gap_rel' deprecated, please use 'mip_opt_gap_rel'.
WARNING:  Option 'mip_integral_gap_abs' deprecated, please use 'mip_opt_gap_abs'.
WARNING:  Option 'mip_integral_gap_rel' deprecated, please use 'mip_opt_gap_rel'.
WARNING:  Option 'mip_integral_gap_abs' deprecated, please use 'mip_opt_gap_abs'.
WARNING:  Option 'mip_integral_gap_rel' deprecated, please use 'mip_opt_gap_rel'.
WARNING:  Option 'mip_integral_gap_abs' deprecated, please use 'mip_opt_gap_abs'.
WARNING:  Option 'mip_integral_gap_rel' deprecated, please use 'mip_opt_gap_rel'.
WARNING:  Option 'mip_integral_gap_abs' deprecated, please use 'mip_opt_gap_abs'.
WARNING:  Option 'mip_integral_gap_rel' deprecated, please use 'mip_opt_gap_rel'.
WARNING:  Option 'mip_integral_gap_abs' deprecated, please use 'mip_opt_gap_abs'.
WARNING:  Option 'mip_integral_gap_rel' deprecated, please use 'mip_opt_gap_rel'.
WARNING:  Option 'mip_integral_gap_abs' deprecated, please use 'mip_opt_gap_abs'.
WARNING:  Option 'mip_integral_gap_rel' deprecated, please use 'mip_opt_gap_rel'.
WARNING:  Option 'mip_integral_gap_abs' deprecated, please use 'mip_opt_gap_abs'.
WARNING:  Option 'mip_integral_gap_rel' deprecated, please use 'mip_opt_gap_rel'.
WARNING:  Option 'mip_integral_gap_abs' deprecated, please use 'mip_opt_gap_abs'.
WARNING:  Option 'mip_integral_gap_rel' deprecated, please use 'mip_opt_gap_rel'.
WARNING:  Option 'mip_integral_gap_abs' deprecated, please use 'mip_opt_gap_abs'.
WARNING:  Option 'mip_integral_gap_rel' deprecated, please use 'mip_opt_gap_rel'.
WARNING:  Option 'mip_integral_gap_abs' deprecated, please use 'mip_opt_gap_abs'.
WARNING:  Option 'mip_integral_gap_rel' deprecated, please use 'mip_opt_gap_rel'.
WARNING:  Option 'mip_integral_gap_abs' deprecated, please use 'mip_opt_gap_abs'.
WARNING:  Option 'mip_integral_gap_rel' deprecated, please use 'mip_opt_gap_rel'.
WARNING:  Option 'mip_integral_gap_abs' deprecated, please use 'mip_opt_gap_abs'.
WARNING:  Option 'mip_integral_gap_rel' deprecated, please use 'mip_opt_gap_rel'.
WARNING:  Option 'mip_integral_gap_abs' deprecated, please use 'mip_opt_gap_abs'.
WARNING:  Option 'mip_integral_gap_rel' deprecated, please use 'mip_opt_gap_rel'.
WARNING:  Option 'mip_integral_gap_abs' deprecated, please use 'mip_opt_gap_abs'.
WARNING:  Option 'mip_integral_gap_rel' deprecated, please use 'mip_opt_gap_rel'.
WARNING:  Option 'mip_integral_gap_abs' deprecated, please use 'mip_opt_gap_abs'.
WARNING:  Option 'mip_integral_gap_rel' deprecated, please use 'mip_opt_gap_rel'.
     329    8.985882e-01   0.000e+00   6.090e-03   1.809e-06       15
WARNING:  Option 'mip_integral_gap_abs' deprecated, please use 'mip_opt_gap_abs'.
WARNING:  Option 'mip_integral_gap_rel' deprecated, please use 'mip_opt_gap_rel'.
WARNING:  Option 'mip_integral_gap_abs' deprecated, please use 'mip_opt_gap_abs'.
WARNING:  Option 'mip_integral_gap_rel' deprecated, please use 'mip_opt_gap_rel'.
WARNING:  Option 'mip_integral_gap_abs' deprecated, please use 'mip_opt_gap_abs'.
WARNING:  Option 'mip_integral_gap_rel' deprecated, please use 'mip_opt_gap_rel'.
WARNING:  Option 'mip_integral_gap_abs' deprecated, please use 'mip_opt_gap_abs'.
WARNING:  Option 'mip_integral_gap_rel' deprecated, please use 'mip_opt_gap_rel'.
WARNING:  Option 'mip_integral_gap_abs' deprecated, please use 'mip_opt_gap_abs'.
WARNING:  Option 'mip_integral_gap_rel' deprecated, please use 'mip_opt_gap_rel'.
     330    8.985882e-01   0.000e+00   3.261e-03   6.896e-06        4
WARNING:  Option 'mip_integral_gap_abs' deprecated, please use 'mip_opt_gap_abs'.
WARNING:  Option 'mip_integral_gap_rel' deprecated, please use 'mip_opt_gap_rel'.
WARNING:  Option 'mip_integral_gap_abs' deprecated, please use 'mip_opt_gap_abs'.
WARNING:  Option 'mip_integral_gap_rel' deprecated, please use 'mip_opt_gap_rel'.
     331    8.985882e-01   0.000e+00   3.926e-03   2.688e-06        0
WARNING:  Option 'mip_integral_gap_abs' deprecated, please use 'mip_opt_gap_abs'.
WARNING:  Option 'mip_integral_gap_rel' deprecated, please use 'mip_opt_gap_rel'.
WARNING:  Option 'mip_integral_gap_abs' deprecated, please use 'mip_opt_gap_abs'.
WARNING:  Option 'mip_integral_gap_rel' deprecated, please use 'mip_opt_gap_rel'.
WARNING:  Option 'mip_integral_gap_abs' deprecated, please use 'mip_opt_gap_abs'.
WARNING:  Option 'mip_integral_gap_rel' deprecated, please use 'mip_opt_gap_rel'.
     332    8.985872e-01   0.000e+00   8.770e-03   1.375e-03        0
WARNING:  Option 'mip_integral_gap_abs' deprecated, please use 'mip_opt_gap_abs'.
WARNING:  Option 'mip_integral_gap_rel' deprecated, please use 'mip_opt_gap_rel'.
WARNING:  Option 'mip_integral_gap_abs' deprecated, please use 'mip_opt_gap_abs'.
WARNING:  Option 'mip_integral_gap_rel' deprecated, please use 'mip_opt_gap_rel'.
WARNING:  Option 'mip_integral_gap_abs' deprecated, please use 'mip_opt_gap_abs'.
WARNING:  Option 'mip_integral_gap_rel' deprecated, please use 'mip_opt_gap_rel'.
WARNING:  Option 'mip_integral_gap_abs' deprecated, please use 'mip_opt_gap_abs'.
WARNING:  Option 'mip_integral_gap_rel' deprecated, please use 'mip_opt_gap_rel'.
WARNING:  Option 'mip_integral_gap_abs' deprecated, please use 'mip_opt_gap_abs'.
WARNING:  Option 'mip_integral_gap_rel' deprecated, please use 'mip_opt_gap_rel'.
WARNING:  Option 'mip_integral_gap_abs' deprecated, please use 'mip_opt_gap_abs'.
WARNING:  Option 'mip_integral_gap_rel' deprecated, please use 'mip_opt_gap_rel'.
WARNING:  Option 'mip_integral_gap_abs' deprecated, please use 'mip_opt_gap_abs'.
WARNING:  Option 'mip_integral_gap_rel' deprecated, please use 'mip_opt_gap_rel'.
WARNING:  Option 'mip_integral_gap_abs' deprecated, please use 'mip_opt_gap_abs'.
WARNING:  Option 'mip_integral_gap_rel' deprecated, please use 'mip_opt_gap_rel'.
WARNING:  Option 'mip_integral_gap_abs' deprecated, please use 'mip_opt_gap_abs'.
WARNING:  Option 'mip_integral_gap_rel' deprecated, please use 'mip_opt_gap_rel'.
WARNING:  Option 'mip_integral_gap_abs' deprecated, please use 'mip_opt_gap_abs'.
WARNING:  Option 'mip_integral_gap_rel' deprecated, please use 'mip_opt_gap_rel'.
WARNING:  Option 'mip_integral_gap_abs' deprecated, please use 'mip_opt_gap_abs'.
WARNING:  Option 'mip_integral_gap_rel' deprecated, please use 'mip_opt_gap_rel'.
WARNING:  Option 'mip_integral_gap_abs' deprecated, please use 'mip_opt_gap_abs'.
WARNING:  Option 'mip_integral_gap_rel' deprecated, please use 'mip_opt_gap_rel'.
     333    8.985869e-01   0.000e+00   5.076e-03   4.615e-04        1
WARNING:  Option 'mip_integral_gap_abs' deprecated, please use 'mip_opt_gap_abs'.
WARNING:  Option 'mip_integral_gap_rel' deprecated, please use 'mip_opt_gap_rel'.
WARNING:  Option 'mip_integral_gap_abs' deprecated, please use 'mip_opt_gap_abs'.
WARNING:  Option 'mip_integral_gap_rel' deprecated, please use 'mip_opt_gap_rel'.
WARNING:  Option 'mip_integral_gap_abs' deprecated, please use 'mip_opt_gap_abs'.
WARNING:  Option 'mip_integral_gap_rel' deprecated, please use 'mip_opt_gap_rel'.
WARNING:  Option 'mip_integral_gap_abs' deprecated, please use 'mip_opt_gap_abs'.
WARNING:  Option 'mip_integral_gap_rel' deprecated, please use 'mip_opt_gap_rel'.
WARNING:  Option 'mip_integral_gap_abs' deprecated, please use 'mip_opt_gap_abs'.
WARNING:  Option 'mip_integral_gap_rel' deprecated, please use 'mip_opt_gap_rel'.
WARNING:  Option 'mip_integral_gap_abs' deprecated, please use 'mip_opt_gap_abs'.
WARNING:  Option 'mip_integral_gap_rel' deprecated, please use 'mip_opt_gap_rel'.
WARNING:  Option 'mip_integral_gap_abs' deprecated, please use 'mip_opt_gap_abs'.
WARNING:  Option 'mip_integral_gap_rel' deprecated, please use 'mip_opt_gap_rel'.
WARNING:  Option 'mip_integral_gap_abs' deprecated, please use 'mip_opt_gap_abs'.
WARNING:  Option 'mip_integral_gap_rel' deprecated, please use 'mip_opt_gap_rel'.
WARNING:  Option 'mip_integral_gap_abs' deprecated, please use 'mip_opt_gap_abs'.
WARNING:  Option 'mip_integral_gap_rel' deprecated, please use 'mip_opt_gap_rel'.
WARNING:  Option 'mip_integral_gap_abs' deprecated, please use 'mip_opt_gap_abs'.
WARNING:  Option 'mip_integral_gap_rel' deprecated, please use 'mip_opt_gap_rel'.
WARNING:  Option 'mip_integral_gap_abs' deprecated, please use 'mip_opt_gap_abs'.
WARNING:  Option 'mip_integral_gap_rel' deprecated, please use 'mip_opt_gap_rel'.
WARNING:  Option 'mip_integral_gap_abs' deprecated, please use 'mip_opt_gap_abs'.
WARNING:  Option 'mip_integral_gap_rel' deprecated, please use 'mip_opt_gap_rel'.
WARNING:  Option 'mip_integral_gap_abs' deprecated, please use 'mip_opt_gap_abs'.
WARNING:  Option 'mip_integral_gap_rel' deprecated, please use 'mip_opt_gap_rel'.
WARNING:  Option 'mip_integral_gap_abs' deprecated, please use 'mip_opt_gap_abs'.
WARNING:  Option 'mip_integral_gap_rel' deprecated, please use 'mip_opt_gap_rel'.
WARNING:  Option 'mip_integral_gap_abs' deprecated, please use 'mip_opt_gap_abs'.
WARNING:  Option 'mip_integral_gap_rel' deprecated, please use 'mip_opt_gap_rel'.
WARNING:  Option 'mip_integral_gap_abs' deprecated, please use 'mip_opt_gap_abs'.
WARNING:  Option 'mip_integral_gap_rel' deprecated, please use 'mip_opt_gap_rel'.
WARNING:  Option 'mip_integral_gap_abs' deprecated, please use 'mip_opt_gap_abs'.
WARNING:  Option 'mip_integral_gap_rel' deprecated, please use 'mip_opt_gap_rel'.
     334    8.985868e-01   0.000e+00   6.765e-03   1.506e-05        9
WARNING:  Option 'mip_integral_gap_abs' deprecated, please use 'mip_opt_gap_abs'.
WARNING:  Option 'mip_integral_gap_rel' deprecated, please use 'mip_opt_gap_rel'.
WARNING:  Option 'mip_integral_gap_abs' deprecated, please use 'mip_opt_gap_abs'.
WARNING:  Option 'mip_integral_gap_rel' deprecated, please use 'mip_opt_gap_rel'.
WARNING:  Option 'mip_integral_gap_abs' deprecated, please use 'mip_opt_gap_abs'.
WARNING:  Option 'mip_integral_gap_rel' deprecated, please use 'mip_opt_gap_rel'.
WARNING:  Option 'mip_integral_gap_abs' deprecated, please use 'mip_opt_gap_abs'.
WARNING:  Option 'mip_integral_gap_rel' deprecated, please use 'mip_opt_gap_rel'.
     335    8.985868e-01   0.000e+00   6.765e-03   6.766e-08        0
WARNING:  Option 'mip_integral_gap_abs' deprecated, please use 'mip_opt_gap_abs'.
WARNING:  Option 'mip_integral_gap_rel' deprecated, please use 'mip_opt_gap_rel'.
WARNING:  Option 'mip_integral_gap_abs' deprecated, please use 'mip_opt_gap_abs'.
WARNING:  Option 'mip_integral_gap_rel' deprecated, please use 'mip_opt_gap_rel'.
WARNING:  Option 'mip_integral_gap_abs' deprecated, please use 'mip_opt_gap_abs'.
WARNING:  Option 'mip_integral_gap_rel' deprecated, please use 'mip_opt_gap_rel'.
WARNING:  Option 'mip_integral_gap_abs' deprecated, please use 'mip_opt_gap_abs'.
WARNING:  Option 'mip_integral_gap_rel' deprecated, please use 'mip_opt_gap_rel'.
WARNING:  Option 'mip_integral_gap_abs' deprecated, please use 'mip_opt_gap_abs'.
WARNING:  Option 'mip_integral_gap_rel' deprecated, please use 'mip_opt_gap_rel'.
WARNING:  Option 'mip_integral_gap_abs' deprecated, please use 'mip_opt_gap_abs'.
WARNING:  Option 'mip_integral_gap_rel' deprecated, please use 'mip_opt_gap_rel'.
WARNING:  Option 'mip_integral_gap_abs' deprecated, please use 'mip_opt_gap_abs'.
WARNING:  Option 'mip_integral_gap_rel' deprecated, please use 'mip_opt_gap_rel'.
     336    8.985868e-01   0.000e+00   6.670e-03   1.822e-07        1
WARNING:  Option 'mip_integral_gap_abs' deprecated, please use 'mip_opt_gap_abs'.
WARNING:  Option 'mip_integral_gap_rel' deprecated, please use 'mip_opt_gap_rel'.
WARNING:  Option 'mip_integral_gap_abs' deprecated, please use 'mip_opt_gap_abs'.
WARNING:  Option 'mip_integral_gap_rel' deprecated, please use 'mip_opt_gap_rel'.
WARNING:  Option 'mip_integral_gap_abs' deprecated, please use 'mip_opt_gap_abs'.
WARNING:  Option 'mip_integral_gap_rel' deprecated, please use 'mip_opt_gap_rel'.
WARNING:  Option 'mip_integral_gap_abs' deprecated, please use 'mip_opt_gap_abs'.
WARNING:  Option 'mip_integral_gap_rel' deprecated, please use 'mip_opt_gap_rel'.
     337    8.985868e-01   0.000e+00   6.669e-03   6.560e-08        0
WARNING:  Option 'mip_integral_gap_abs' deprecated, please use 'mip_opt_gap_abs'.
WARNING:  Option 'mip_integral_gap_rel' deprecated, please use 'mip_opt_gap_rel'.
WARNING:  Option 'mip_integral_gap_abs' deprecated, please use 'mip_opt_gap_abs'.
WARNING:  Option 'mip_integral_gap_rel' deprecated, please use 'mip_opt_gap_rel'.
WARNING:  Option 'mip_integral_gap_abs' deprecated, please use 'mip_opt_gap_abs'.
WARNING:  Option 'mip_integral_gap_rel' deprecated, please use 'mip_opt_gap_rel'.
WARNING:  Option 'mip_integral_gap_abs' deprecated, please use 'mip_opt_gap_abs'.
WARNING:  Option 'mip_integral_gap_rel' deprecated, please use 'mip_opt_gap_rel'.
WARNING:  Option 'mip_integral_gap_abs' deprecated, please use 'mip_opt_gap_abs'.
WARNING:  Option 'mip_integral_gap_rel' deprecated, please use 'mip_opt_gap_rel'.
WARNING:  Option 'mip_integral_gap_abs' deprecated, please use 'mip_opt_gap_abs'.
WARNING:  Option 'mip_integral_gap_rel' deprecated, please use 'mip_opt_gap_rel'.
WARNING:  Option 'mip_integral_gap_abs' deprecated, please use 'mip_opt_gap_abs'.
WARNING:  Option 'mip_integral_gap_rel' deprecated, please use 'mip_opt_gap_rel'.
WARNING:  Option 'mip_integral_gap_abs' deprecated, please use 'mip_opt_gap_abs'.
WARNING:  Option 'mip_integral_gap_rel' deprecated, please use 'mip_opt_gap_rel'.
WARNING:  Option 'mip_integral_gap_abs' deprecated, please use 'mip_opt_gap_abs'.
WARNING:  Option 'mip_integral_gap_rel' deprecated, please use 'mip_opt_gap_rel'.
WARNING:  Option 'mip_integral_gap_abs' deprecated, please use 'mip_opt_gap_abs'.
WARNING:  Option 'mip_integral_gap_rel' deprecated, please use 'mip_opt_gap_rel'.
WARNING:  Option 'mip_integral_gap_abs' deprecated, please use 'mip_opt_gap_abs'.
WARNING:  Option 'mip_integral_gap_rel' deprecated, please use 'mip_opt_gap_rel'.
WARNING:  Option 'mip_integral_gap_abs' deprecated, please use 'mip_opt_gap_abs'.
WARNING:  Option 'mip_integral_gap_rel' deprecated, please use 'mip_opt_gap_rel'.
WARNING:  Option 'mip_integral_gap_abs' deprecated, please use 'mip_opt_gap_abs'.
WARNING:  Option 'mip_integral_gap_rel' deprecated, please use 'mip_opt_gap_rel'.
WARNING:  Option 'mip_integral_gap_abs' deprecated, please use 'mip_opt_gap_abs'.
WARNING:  Option 'mip_integral_gap_rel' deprecated, please use 'mip_opt_gap_rel'.
WARNING:  Option 'mip_integral_gap_abs' deprecated, please use 'mip_opt_gap_abs'.
WARNING:  Option 'mip_integral_gap_rel' deprecated, please use 'mip_opt_gap_rel'.
WARNING:  Option 'mip_integral_gap_abs' deprecated, please use 'mip_opt_gap_abs'.
WARNING:  Option 'mip_integral_gap_rel' deprecated, please use 'mip_opt_gap_rel'.
WARNING:  Option 'mip_integral_gap_abs' deprecated, please use 'mip_opt_gap_abs'.
WARNING:  Option 'mip_integral_gap_rel' deprecated, please use 'mip_opt_gap_rel'.
WARNING:  Option 'mip_integral_gap_abs' deprecated, please use 'mip_opt_gap_abs'.
WARNING:  Option 'mip_integral_gap_rel' deprecated, please use 'mip_opt_gap_rel'.
WARNING:  Option 'mip_integral_gap_abs' deprecated, please use 'mip_opt_gap_abs'.
WARNING:  Option 'mip_integral_gap_rel' deprecated, please use 'mip_opt_gap_rel'.
WARNING:  Option 'mip_integral_gap_abs' deprecated, please use 'mip_opt_gap_abs'.
WARNING:  Option 'mip_integral_gap_rel' deprecated, please use 'mip_opt_gap_rel'.
WARNING:  Option 'mip_integral_gap_abs' deprecated, please use 'mip_opt_gap_abs'.
WARNING:  Option 'mip_integral_gap_rel' deprecated, please use 'mip_opt_gap_rel'.
WARNING:  Option 'mip_integral_gap_abs' deprecated, please use 'mip_opt_gap_abs'.
WARNING:  Option 'mip_integral_gap_rel' deprecated, please use 'mip_opt_gap_rel'.
     338    8.985868e-01   0.000e+00   4.709e-03   1.630e-06        1
WARNING:  Option 'mip_integral_gap_abs' deprecated, please use 'mip_opt_gap_abs'.
WARNING:  Option 'mip_integral_gap_rel' deprecated, please use 'mip_opt_gap_rel'.
WARNING:  Option 'mip_integral_gap_abs' deprecated, please use 'mip_opt_gap_abs'.
WARNING:  Option 'mip_integral_gap_rel' deprecated, please use 'mip_opt_gap_rel'.
WARNING:  Option 'mip_integral_gap_abs' deprecated, please use 'mip_opt_gap_abs'.
WARNING:  Option 'mip_integral_gap_rel' deprecated, please use 'mip_opt_gap_rel'.
WARNING:  Option 'mip_integral_gap_abs' deprecated, please use 'mip_opt_gap_abs'.
WARNING:  Option 'mip_integral_gap_rel' deprecated, please use 'mip_opt_gap_rel'.
     339    8.985868e-01   0.000e+00   4.709e-03   3.987e-08        0
WARNING:  Option 'mip_integral_gap_abs' deprecated, please use 'mip_opt_gap_abs'.
WARNING:  Option 'mip_integral_gap_rel' deprecated, please use 'mip_opt_gap_rel'.
WARNING:  Option 'mip_integral_gap_abs' deprecated, please use 'mip_opt_gap_abs'.
WARNING:  Option 'mip_integral_gap_rel' deprecated, please use 'mip_opt_gap_rel'.
WARNING:  Option 'mip_integral_gap_abs' deprecated, please use 'mip_opt_gap_abs'.
WARNING:  Option 'mip_integral_gap_rel' deprecated, please use 'mip_opt_gap_rel'.
WARNING:  Option 'mip_integral_gap_abs' deprecated, please use 'mip_opt_gap_abs'.
WARNING:  Option 'mip_integral_gap_rel' deprecated, please use 'mip_opt_gap_rel'.
WARNING:  Option 'mip_integral_gap_abs' deprecated, please use 'mip_opt_gap_abs'.
WARNING:  Option 'mip_integral_gap_rel' deprecated, please use 'mip_opt_gap_rel'.
WARNING:  Option 'mip_integral_gap_abs' deprecated, please use 'mip_opt_gap_abs'.
WARNING:  Option 'mip_integral_gap_rel' deprecated, please use 'mip_opt_gap_rel'.
WARNING:  Option 'mip_integral_gap_abs' deprecated, please use 'mip_opt_gap_abs'.
WARNING:  Option 'mip_integral_gap_rel' deprecated, please use 'mip_opt_gap_rel'.
WARNING:  Option 'mip_integral_gap_abs' deprecated, please use 'mip_opt_gap_abs'.
WARNING:  Option 'mip_integral_gap_rel' deprecated, please use 'mip_opt_gap_rel'.
     340    8.985867e-01   0.000e+00   4.597e-03   3.922e-06        1
WARNING:  Option 'mip_integral_gap_abs' deprecated, please use 'mip_opt_gap_abs'.
WARNING:  Option 'mip_integral_gap_rel' deprecated, please use 'mip_opt_gap_rel'.
WARNING:  Option 'mip_integral_gap_abs' deprecated, please use 'mip_opt_gap_abs'.
WARNING:  Option 'mip_integral_gap_rel' deprecated, please use 'mip_opt_gap_rel'.
WARNING:  Option 'mip_integral_gap_abs' deprecated, please use 'mip_opt_gap_abs'.
WARNING:  Option 'mip_integral_gap_rel' deprecated, please use 'mip_opt_gap_rel'.
WARNING:  Option 'mip_integral_gap_abs' deprecated, please use 'mip_opt_gap_abs'.
WARNING:  Option 'mip_integral_gap_rel' deprecated, please use 'mip_opt_gap_rel'.
     341    8.985867e-01   0.000e+00   4.597e-03   1.011e-07        0
WARNING:  Option 'mip_integral_gap_abs' deprecated, please use 'mip_opt_gap_abs'.
WARNING:  Option 'mip_integral_gap_rel' deprecated, please use 'mip_opt_gap_rel'.
WARNING:  Option 'mip_integral_gap_abs' deprecated, please use 'mip_opt_gap_abs'.
WARNING:  Option 'mip_integral_gap_rel' deprecated, please use 'mip_opt_gap_rel'.
WARNING:  Option 'mip_integral_gap_abs' deprecated, please use 'mip_opt_gap_abs'.
WARNING:  Option 'mip_integral_gap_rel' deprecated, please use 'mip_opt_gap_rel'.
WARNING:  Option 'mip_integral_gap_abs' deprecated, please use 'mip_opt_gap_abs'.
WARNING:  Option 'mip_integral_gap_rel' deprecated, please use 'mip_opt_gap_rel'.
WARNING:  Option 'mip_integral_gap_abs' deprecated, please use 'mip_opt_gap_abs'.
WARNING:  Option 'mip_integral_gap_rel' deprecated, please use 'mip_opt_gap_rel'.
WARNING:  Option 'mip_integral_gap_abs' deprecated, please use 'mip_opt_gap_abs'.
WARNING:  Option 'mip_integral_gap_rel' deprecated, please use 'mip_opt_gap_rel'.
WARNING:  Option 'mip_integral_gap_abs' deprecated, please use 'mip_opt_gap_abs'.
WARNING:  Option 'mip_integral_gap_rel' deprecated, please use 'mip_opt_gap_rel'.
     342    8.985867e-01   0.000e+00   4.379e-03   2.247e-07        1
WARNING:  Option 'mip_integral_gap_abs' deprecated, please use 'mip_opt_gap_abs'.
WARNING:  Option 'mip_integral_gap_rel' deprecated, please use 'mip_opt_gap_rel'.
WARNING:  Option 'mip_integral_gap_abs' deprecated, please use 'mip_opt_gap_abs'.
WARNING:  Option 'mip_integral_gap_rel' deprecated, please use 'mip_opt_gap_rel'.
WARNING:  Option 'mip_integral_gap_abs' deprecated, please use 'mip_opt_gap_abs'.
WARNING:  Option 'mip_integral_gap_rel' deprecated, please use 'mip_opt_gap_rel'.
WARNING:  Option 'mip_integral_gap_abs' deprecated, please use 'mip_opt_gap_abs'.
WARNING:  Option 'mip_integral_gap_rel' deprecated, please use 'mip_opt_gap_rel'.
WARNING:  Option 'mip_integral_gap_abs' deprecated, please use 'mip_opt_gap_abs'.
WARNING:  Option 'mip_integral_gap_rel' deprecated, please use 'mip_opt_gap_rel'.
WARNING:  Option 'mip_integral_gap_abs' deprecated, please use 'mip_opt_gap_abs'.
WARNING:  Option 'mip_integral_gap_rel' deprecated, please use 'mip_opt_gap_rel'.
     343    8.985864e-01   0.000e+00   2.319e-02   8.112e-05        8
WARNING:  Option 'mip_integral_gap_abs' deprecated, please use 'mip_opt_gap_abs'.
WARNING:  Option 'mip_integral_gap_rel' deprecated, please use 'mip_opt_gap_rel'.
WARNING:  Option 'mip_integral_gap_abs' deprecated, please use 'mip_opt_gap_abs'.
WARNING:  Option 'mip_integral_gap_rel' deprecated, please use 'mip_opt_gap_rel'.
WARNING:  Option 'mip_integral_gap_abs' deprecated, please use 'mip_opt_gap_abs'.
WARNING:  Option 'mip_integral_gap_rel' deprecated, please use 'mip_opt_gap_rel'.
WARNING:  Option 'mip_integral_gap_abs' deprecated, please use 'mip_opt_gap_abs'.
WARNING:  Option 'mip_integral_gap_rel' deprecated, please use 'mip_opt_gap_rel'.
WARNING:  Option 'mip_integral_gap_abs' deprecated, please use 'mip_opt_gap_abs'.
WARNING:  Option 'mip_integral_gap_rel' deprecated, please use 'mip_opt_gap_rel'.
WARNING:  Option 'mip_integral_gap_abs' deprecated, please use 'mip_opt_gap_abs'.
WARNING:  Option 'mip_integral_gap_rel' deprecated, please use 'mip_opt_gap_rel'.
WARNING:  Option 'mip_integral_gap_abs' deprecated, please use 'mip_opt_gap_abs'.
WARNING:  Option 'mip_integral_gap_rel' deprecated, please use 'mip_opt_gap_rel'.
WARNING:  Option 'mip_integral_gap_abs' deprecated, please use 'mip_opt_gap_abs'.
WARNING:  Option 'mip_integral_gap_rel' deprecated, please use 'mip_opt_gap_rel'.
WARNING:  Option 'mip_integral_gap_abs' deprecated, please use 'mip_opt_gap_abs'.
WARNING:  Option 'mip_integral_gap_rel' deprecated, please use 'mip_opt_gap_rel'.
WARNING:  Option 'mip_integral_gap_abs' deprecated, please use 'mip_opt_gap_abs'.
WARNING:  Option 'mip_integral_gap_rel' deprecated, please use 'mip_opt_gap_rel'.
WARNING:  Option 'mip_integral_gap_abs' deprecated, please use 'mip_opt_gap_abs'.
WARNING:  Option 'mip_integral_gap_rel' deprecated, please use 'mip_opt_gap_rel'.
WARNING:  Option 'mip_integral_gap_abs' deprecated, please use 'mip_opt_gap_abs'.
WARNING:  Option 'mip_integral_gap_rel' deprecated, please use 'mip_opt_gap_rel'.
     344    8.985864e-01   0.000e+00   7.665e-03   2.132e-06       11
WARNING:  Option 'mip_integral_gap_abs' deprecated, please use 'mip_opt_gap_abs'.
WARNING:  Option 'mip_integral_gap_rel' deprecated, please use 'mip_opt_gap_rel'.
WARNING:  Option 'mip_integral_gap_abs' deprecated, please use 'mip_opt_gap_abs'.
WARNING:  Option 'mip_integral_gap_rel' deprecated, please use 'mip_opt_gap_rel'.
WARNING:  Option 'mip_integral_gap_abs' deprecated, please use 'mip_opt_gap_abs'.
WARNING:  Option 'mip_integral_gap_rel' deprecated, please use 'mip_opt_gap_rel'.
WARNING:  Option 'mip_integral_gap_abs' deprecated, please use 'mip_opt_gap_abs'.
WARNING:  Option 'mip_integral_gap_rel' deprecated, please use 'mip_opt_gap_rel'.
     345    8.985864e-01   0.000e+00   7.665e-03   5.600e-10        0
WARNING:  Option 'mip_integral_gap_abs' deprecated, please use 'mip_opt_gap_abs'.
WARNING:  Option 'mip_integral_gap_rel' deprecated, please use 'mip_opt_gap_rel'.
WARNING:  Option 'mip_integral_gap_abs' deprecated, please use 'mip_opt_gap_abs'.
WARNING:  Option 'mip_integral_gap_rel' deprecated, please use 'mip_opt_gap_rel'.
WARNING:  Option 'mip_integral_gap_abs' deprecated, please use 'mip_opt_gap_abs'.
WARNING:  Option 'mip_integral_gap_rel' deprecated, please use 'mip_opt_gap_rel'.
WARNING:  Option 'mip_integral_gap_abs' deprecated, please use 'mip_opt_gap_abs'.
WARNING:  Option 'mip_integral_gap_rel' deprecated, please use 'mip_opt_gap_rel'.
WARNING:  Option 'mip_integral_gap_abs' deprecated, please use 'mip_opt_gap_abs'.
WARNING:  Option 'mip_integral_gap_rel' deprecated, please use 'mip_opt_gap_rel'.
WARNING:  Option 'mip_integral_gap_abs' deprecated, please use 'mip_opt_gap_abs'.
WARNING:  Option 'mip_integral_gap_rel' deprecated, please use 'mip_opt_gap_rel'.
WARNING:  Option 'mip_integral_gap_abs' deprecated, please use 'mip_opt_gap_abs'.
WARNING:  Option 'mip_integral_gap_rel' deprecated, please use 'mip_opt_gap_rel'.
WARNING:  Option 'mip_integral_gap_abs' deprecated, please use 'mip_opt_gap_abs'.
WARNING:  Option 'mip_integral_gap_rel' deprecated, please use 'mip_opt_gap_rel'.
     346    8.985864e-01   0.000e+00   3.455e-03   1.238e-06        1
WARNING:  Option 'mip_integral_gap_abs' deprecated, please use 'mip_opt_gap_abs'.
WARNING:  Option 'mip_integral_gap_rel' deprecated, please use 'mip_opt_gap_rel'.
WARNING:  Option 'mip_integral_gap_abs' deprecated, please use 'mip_opt_gap_abs'.
WARNING:  Option 'mip_integral_gap_rel' deprecated, please use 'mip_opt_gap_rel'.
WARNING:  Option 'mip_integral_gap_abs' deprecated, please use 'mip_opt_gap_abs'.
WARNING:  Option 'mip_integral_gap_rel' deprecated, please use 'mip_opt_gap_rel'.
WARNING:  Option 'mip_integral_gap_abs' deprecated, please use 'mip_opt_gap_abs'.
WARNING:  Option 'mip_integral_gap_rel' deprecated, please use 'mip_opt_gap_rel'.
     347    8.985864e-01   0.000e+00   3.455e-03   5.845e-09        0
WARNING:  Option 'mip_integral_gap_abs' deprecated, please use 'mip_opt_gap_abs'.
WARNING:  Option 'mip_integral_gap_rel' deprecated, please use 'mip_opt_gap_rel'.
WARNING:  Option 'mip_integral_gap_abs' deprecated, please use 'mip_opt_gap_abs'.
WARNING:  Option 'mip_integral_gap_rel' deprecated, please use 'mip_opt_gap_rel'.
WARNING:  Option 'mip_integral_gap_abs' deprecated, please use 'mip_opt_gap_abs'.
WARNING:  Option 'mip_integral_gap_rel' deprecated, please use 'mip_opt_gap_rel'.
WARNING:  Option 'mip_integral_gap_abs' deprecated, please use 'mip_opt_gap_abs'.
WARNING:  Option 'mip_integral_gap_rel' deprecated, please use 'mip_opt_gap_rel'.
WARNING:  Option 'mip_integral_gap_abs' deprecated, please use 'mip_opt_gap_abs'.
WARNING:  Option 'mip_integral_gap_rel' deprecated, please use 'mip_opt_gap_rel'.
WARNING:  Option 'mip_integral_gap_abs' deprecated, please use 'mip_opt_gap_abs'.
WARNING:  Option 'mip_integral_gap_rel' deprecated, please use 'mip_opt_gap_rel'.
WARNING:  Option 'mip_integral_gap_abs' deprecated, please use 'mip_opt_gap_abs'.
WARNING:  Option 'mip_integral_gap_rel' deprecated, please use 'mip_opt_gap_rel'.
WARNING:  Option 'mip_integral_gap_abs' deprecated, please use 'mip_opt_gap_abs'.
WARNING:  Option 'mip_integral_gap_rel' deprecated, please use 'mip_opt_gap_rel'.
     348    8.985863e-01   0.000e+00   3.568e-03   5.008e-06        1
WARNING:  Option 'mip_integral_gap_abs' deprecated, please use 'mip_opt_gap_abs'.
WARNING:  Option 'mip_integral_gap_rel' deprecated, please use 'mip_opt_gap_rel'.
WARNING:  Option 'mip_integral_gap_abs' deprecated, please use 'mip_opt_gap_abs'.
WARNING:  Option 'mip_integral_gap_rel' deprecated, please use 'mip_opt_gap_rel'.
WARNING:  Option 'mip_integral_gap_abs' deprecated, please use 'mip_opt_gap_abs'.
WARNING:  Option 'mip_integral_gap_rel' deprecated, please use 'mip_opt_gap_rel'.
WARNING:  Option 'mip_integral_gap_abs' deprecated, please use 'mip_opt_gap_abs'.
WARNING:  Option 'mip_integral_gap_rel' deprecated, please use 'mip_opt_gap_rel'.
     349    8.985863e-01   0.000e+00   3.568e-03   6.294e-08        0
WARNING:  Option 'mip_integral_gap_abs' deprecated, please use 'mip_opt_gap_abs'.
WARNING:  Option 'mip_integral_gap_rel' deprecated, please use 'mip_opt_gap_rel'.
WARNING:  Option 'mip_integral_gap_abs' deprecated, please use 'mip_opt_gap_abs'.
WARNING:  Option 'mip_integral_gap_rel' deprecated, please use 'mip_opt_gap_rel'.
WARNING:  Option 'mip_integral_gap_abs' deprecated, please use 'mip_opt_gap_abs'.
WARNING:  Option 'mip_integral_gap_rel' deprecated, please use 'mip_opt_gap_rel'.
WARNING:  Option 'mip_integral_gap_abs' deprecated, please use 'mip_opt_gap_abs'.
WARNING:  Option 'mip_integral_gap_rel' deprecated, please use 'mip_opt_gap_rel'.
WARNING:  Option 'mip_integral_gap_abs' deprecated, please use 'mip_opt_gap_abs'.
WARNING:  Option 'mip_integral_gap_rel' deprecated, please use 'mip_opt_gap_rel'.
WARNING:  Option 'mip_integral_gap_abs' deprecated, please use 'mip_opt_gap_abs'.
WARNING:  Option 'mip_integral_gap_rel' deprecated, please use 'mip_opt_gap_rel'.
WARNING:  Option 'mip_integral_gap_abs' deprecated, please use 'mip_opt_gap_abs'.
WARNING:  Option 'mip_integral_gap_rel' deprecated, please use 'mip_opt_gap_rel'.
WARNING:  Option 'mip_integral_gap_abs' deprecated, please use 'mip_opt_gap_abs'.
WARNING:  Option 'mip_integral_gap_rel' deprecated, please use 'mip_opt_gap_rel'.
WARNING:  Option 'mip_integral_gap_abs' deprecated, please use 'mip_opt_gap_abs'.
WARNING:  Option 'mip_integral_gap_rel' deprecated, please use 'mip_opt_gap_rel'.
WARNING:  Option 'mip_integral_gap_abs' deprecated, please use 'mip_opt_gap_abs'.
WARNING:  Option 'mip_integral_gap_rel' deprecated, please use 'mip_opt_gap_rel'.
WARNING:  Option 'mip_integral_gap_abs' deprecated, please use 'mip_opt_gap_abs'.
WARNING:  Option 'mip_integral_gap_rel' deprecated, please use 'mip_opt_gap_rel'.
WARNING:  Option 'mip_integral_gap_abs' deprecated, please use 'mip_opt_gap_abs'.
WARNING:  Option 'mip_integral_gap_rel' deprecated, please use 'mip_opt_gap_rel'.
WARNING:  Option 'mip_integral_gap_abs' deprecated, please use 'mip_opt_gap_abs'.
WARNING:  Option 'mip_integral_gap_rel' deprecated, please use 'mip_opt_gap_rel'.
WARNING:  Option 'mip_integral_gap_abs' deprecated, please use 'mip_opt_gap_abs'.
WARNING:  Option 'mip_integral_gap_rel' deprecated, please use 'mip_opt_gap_rel'.
WARNING:  Option 'mip_integral_gap_abs' deprecated, please use 'mip_opt_gap_abs'.
WARNING:  Option 'mip_integral_gap_rel' deprecated, please use 'mip_opt_gap_rel'.
WARNING:  Option 'mip_integral_gap_abs' deprecated, please use 'mip_opt_gap_abs'.
WARNING:  Option 'mip_integral_gap_rel' deprecated, please use 'mip_opt_gap_rel'.
WARNING:  Option 'mip_integral_gap_abs' deprecated, please use 'mip_opt_gap_abs'.
WARNING:  Option 'mip_integral_gap_rel' deprecated, please use 'mip_opt_gap_rel'.
WARNING:  Option 'mip_integral_gap_abs' deprecated, please use 'mip_opt_gap_abs'.
WARNING:  Option 'mip_integral_gap_rel' deprecated, please use 'mip_opt_gap_rel'.
WARNING:  Option 'mip_integral_gap_abs' deprecated, please use 'mip_opt_gap_abs'.
WARNING:  Option 'mip_integral_gap_rel' deprecated, please use 'mip_opt_gap_rel'.
WARNING:  Option 'mip_integral_gap_abs' deprecated, please use 'mip_opt_gap_abs'.
WARNING:  Option 'mip_integral_gap_rel' deprecated, please use 'mip_opt_gap_rel'.
WARNING:  Option 'mip_integral_gap_abs' deprecated, please use 'mip_opt_gap_abs'.
WARNING:  Option 'mip_integral_gap_rel' deprecated, please use 'mip_opt_gap_rel'.
WARNING:  Option 'mip_integral_gap_abs' deprecated, please use 'mip_opt_gap_abs'.
WARNING:  Option 'mip_integral_gap_rel' deprecated, please use 'mip_opt_gap_rel'.
WARNING:  Option 'mip_integral_gap_abs' deprecated, please use 'mip_opt_gap_abs'.
WARNING:  Option 'mip_integral_gap_rel' deprecated, please use 'mip_opt_gap_rel'.
     350    8.985863e-01   0.000e+00   3.090e-03   9.822e-07        1
WARNING:  Option 'mip_integral_gap_abs' deprecated, please use 'mip_opt_gap_abs'.
WARNING:  Option 'mip_integral_gap_rel' deprecated, please use 'mip_opt_gap_rel'.
WARNING:  Option 'mip_integral_gap_abs' deprecated, please use 'mip_opt_gap_abs'.
WARNING:  Option 'mip_integral_gap_rel' deprecated, please use 'mip_opt_gap_rel'.
WARNING:  Option 'mip_integral_gap_abs' deprecated, please use 'mip_opt_gap_abs'.
WARNING:  Option 'mip_integral_gap_rel' deprecated, please use 'mip_opt_gap_rel'.
     351    8.985863e-01   0.000e+00   7.701e-03   6.966e-06        1
WARNING:  Option 'mip_integral_gap_abs' deprecated, please use 'mip_opt_gap_abs'.
WARNING:  Option 'mip_integral_gap_rel' deprecated, please use 'mip_opt_gap_rel'.
WARNING:  Option 'mip_integral_gap_abs' deprecated, please use 'mip_opt_gap_abs'.
WARNING:  Option 'mip_integral_gap_rel' deprecated, please use 'mip_opt_gap_rel'.
WARNING:  Option 'mip_integral_gap_abs' deprecated, please use 'mip_opt_gap_abs'.
WARNING:  Option 'mip_integral_gap_rel' deprecated, please use 'mip_opt_gap_rel'.
WARNING:  Option 'mip_integral_gap_abs' deprecated, please use 'mip_opt_gap_abs'.
WARNING:  Option 'mip_integral_gap_rel' deprecated, please use 'mip_opt_gap_rel'.
WARNING:  Option 'mip_integral_gap_abs' deprecated, please use 'mip_opt_gap_abs'.
WARNING:  Option 'mip_integral_gap_rel' deprecated, please use 'mip_opt_gap_rel'.
WARNING:  Option 'mip_integral_gap_abs' deprecated, please use 'mip_opt_gap_abs'.
WARNING:  Option 'mip_integral_gap_rel' deprecated, please use 'mip_opt_gap_rel'.
WARNING:  Option 'mip_integral_gap_abs' deprecated, please use 'mip_opt_gap_abs'.
WARNING:  Option 'mip_integral_gap_rel' deprecated, please use 'mip_opt_gap_rel'.
WARNING:  Option 'mip_integral_gap_abs' deprecated, please use 'mip_opt_gap_abs'.
WARNING:  Option 'mip_integral_gap_rel' deprecated, please use 'mip_opt_gap_rel'.
WARNING:  Option 'mip_integral_gap_abs' deprecated, please use 'mip_opt_gap_abs'.
WARNING:  Option 'mip_integral_gap_rel' deprecated, please use 'mip_opt_gap_rel'.
     352    8.985863e-01   0.000e+00   3.354e-03   8.536e-07        5
WARNING:  Option 'mip_integral_gap_abs' deprecated, please use 'mip_opt_gap_abs'.
WARNING:  Option 'mip_integral_gap_rel' deprecated, please use 'mip_opt_gap_rel'.
WARNING:  Option 'mip_integral_gap_abs' deprecated, please use 'mip_opt_gap_abs'.
WARNING:  Option 'mip_integral_gap_rel' deprecated, please use 'mip_opt_gap_rel'.
WARNING:  Option 'mip_integral_gap_abs' deprecated, please use 'mip_opt_gap_abs'.
WARNING:  Option 'mip_integral_gap_rel' deprecated, please use 'mip_opt_gap_rel'.
WARNING:  Option 'mip_integral_gap_abs' deprecated, please use 'mip_opt_gap_abs'.
WARNING:  Option 'mip_integral_gap_rel' deprecated, please use 'mip_opt_gap_rel'.
     353    8.985863e-01   0.000e+00   3.354e-03   3.461e-12        0
WARNING:  Option 'mip_integral_gap_abs' deprecated, please use 'mip_opt_gap_abs'.
WARNING:  Option 'mip_integral_gap_rel' deprecated, please use 'mip_opt_gap_rel'.
WARNING:  Option 'mip_integral_gap_abs' deprecated, please use 'mip_opt_gap_abs'.
WARNING:  Option 'mip_integral_gap_rel' deprecated, please use 'mip_opt_gap_rel'.
WARNING:  Option 'mip_integral_gap_abs' deprecated, please use 'mip_opt_gap_abs'.
WARNING:  Option 'mip_integral_gap_rel' deprecated, please use 'mip_opt_gap_rel'.
WARNING:  Option 'mip_integral_gap_abs' deprecated, please use 'mip_opt_gap_abs'.
WARNING:  Option 'mip_integral_gap_rel' deprecated, please use 'mip_opt_gap_rel'.
WARNING:  Option 'mip_integral_gap_abs' deprecated, please use 'mip_opt_gap_abs'.
WARNING:  Option 'mip_integral_gap_rel' deprecated, please use 'mip_opt_gap_rel'.
WARNING:  Option 'mip_integral_gap_abs' deprecated, please use 'mip_opt_gap_abs'.
WARNING:  Option 'mip_integral_gap_rel' deprecated, please use 'mip_opt_gap_rel'.
WARNING:  Option 'mip_integral_gap_abs' deprecated, please use 'mip_opt_gap_abs'.
WARNING:  Option 'mip_integral_gap_rel' deprecated, please use 'mip_opt_gap_rel'.
WARNING:  Option 'mip_integral_gap_abs' deprecated, please use 'mip_opt_gap_abs'.
WARNING:  Option 'mip_integral_gap_rel' deprecated, please use 'mip_opt_gap_rel'.
     354    8.985863e-01   0.000e+00   1.755e-03   1.092e-06        1
WARNING:  Option 'mip_integral_gap_abs' deprecated, please use 'mip_opt_gap_abs'.
WARNING:  Option 'mip_integral_gap_rel' deprecated, please use 'mip_opt_gap_rel'.
WARNING:  Option 'mip_integral_gap_abs' deprecated, please use 'mip_opt_gap_abs'.
WARNING:  Option 'mip_integral_gap_rel' deprecated, please use 'mip_opt_gap_rel'.
WARNING:  Option 'mip_integral_gap_abs' deprecated, please use 'mip_opt_gap_abs'.
WARNING:  Option 'mip_integral_gap_rel' deprecated, please use 'mip_opt_gap_rel'.
WARNING:  Option 'mip_integral_gap_abs' deprecated, please use 'mip_opt_gap_abs'.
WARNING:  Option 'mip_integral_gap_rel' deprecated, please use 'mip_opt_gap_rel'.
     355    8.985863e-01   0.000e+00   1.755e-03   1.752e-11        0
WARNING:  Option 'mip_integral_gap_abs' deprecated, please use 'mip_opt_gap_abs'.
WARNING:  Option 'mip_integral_gap_rel' deprecated, please use 'mip_opt_gap_rel'.
WARNING:  Option 'mip_integral_gap_abs' deprecated, please use 'mip_opt_gap_abs'.
WARNING:  Option 'mip_integral_gap_rel' deprecated, please use 'mip_opt_gap_rel'.
WARNING:  Option 'mip_integral_gap_abs' deprecated, please use 'mip_opt_gap_abs'.
WARNING:  Option 'mip_integral_gap_rel' deprecated, please use 'mip_opt_gap_rel'.
WARNING:  Option 'mip_integral_gap_abs' deprecated, please use 'mip_opt_gap_abs'.
WARNING:  Option 'mip_integral_gap_rel' deprecated, please use 'mip_opt_gap_rel'.
WARNING:  Option 'mip_integral_gap_abs' deprecated, please use 'mip_opt_gap_abs'.
WARNING:  Option 'mip_integral_gap_rel' deprecated, please use 'mip_opt_gap_rel'.
WARNING:  Option 'mip_integral_gap_abs' deprecated, please use 'mip_opt_gap_abs'.
WARNING:  Option 'mip_integral_gap_rel' deprecated, please use 'mip_opt_gap_rel'.
     356    8.985863e-01   0.000e+00   1.075e-03   1.320e-06        0
WARNING:  Option 'mip_integral_gap_abs' deprecated, please use 'mip_opt_gap_abs'.
WARNING:  Option 'mip_integral_gap_rel' deprecated, please use 'mip_opt_gap_rel'.
WARNING:  Option 'mip_integral_gap_abs' deprecated, please use 'mip_opt_gap_abs'.
WARNING:  Option 'mip_integral_gap_rel' deprecated, please use 'mip_opt_gap_rel'.
     357    8.985863e-01   0.000e+00   1.931e-03   1.116e-05        0
WARNING:  Option 'mip_integral_gap_abs' deprecated, please use 'mip_opt_gap_abs'.
WARNING:  Option 'mip_integral_gap_rel' deprecated, please use 'mip_opt_gap_rel'.
WARNING:  Option 'mip_integral_gap_abs' deprecated, please use 'mip_opt_gap_abs'.
WARNING:  Option 'mip_integral_gap_rel' deprecated, please use 'mip_opt_gap_rel'.
WARNING:  Option 'mip_integral_gap_abs' deprecated, please use 'mip_opt_gap_abs'.
WARNING:  Option 'mip_integral_gap_rel' deprecated, please use 'mip_opt_gap_rel'.
WARNING:  Option 'mip_integral_gap_abs' deprecated, please use 'mip_opt_gap_abs'.
WARNING:  Option 'mip_integral_gap_rel' deprecated, please use 'mip_opt_gap_rel'.
WARNING:  Option 'mip_integral_gap_abs' deprecated, please use 'mip_opt_gap_abs'.
WARNING:  Option 'mip_integral_gap_rel' deprecated, please use 'mip_opt_gap_rel'.
WARNING:  Option 'mip_integral_gap_abs' deprecated, please use 'mip_opt_gap_abs'.
WARNING:  Option 'mip_integral_gap_rel' deprecated, please use 'mip_opt_gap_rel'.
WARNING:  Option 'mip_integral_gap_abs' deprecated, please use 'mip_opt_gap_abs'.
WARNING:  Option 'mip_integral_gap_rel' deprecated, please use 'mip_opt_gap_rel'.
WARNING:  Option 'mip_integral_gap_abs' deprecated, please use 'mip_opt_gap_abs'.
WARNING:  Option 'mip_integral_gap_rel' deprecated, please use 'mip_opt_gap_rel'.
WARNING:  Option 'mip_integral_gap_abs' deprecated, please use 'mip_opt_gap_abs'.
WARNING:  Option 'mip_integral_gap_rel' deprecated, please use 'mip_opt_gap_rel'.
WARNING:  Option 'mip_integral_gap_abs' deprecated, please use 'mip_opt_gap_abs'.
WARNING:  Option 'mip_integral_gap_rel' deprecated, please use 'mip_opt_gap_rel'.
WARNING:  Option 'mip_integral_gap_abs' deprecated, please use 'mip_opt_gap_abs'.
WARNING:  Option 'mip_integral_gap_rel' deprecated, please use 'mip_opt_gap_rel'.
WARNING:  Option 'mip_integral_gap_abs' deprecated, please use 'mip_opt_gap_abs'.
WARNING:  Option 'mip_integral_gap_rel' deprecated, please use 'mip_opt_gap_rel'.
WARNING:  Option 'mip_integral_gap_abs' deprecated, please use 'mip_opt_gap_abs'.
WARNING:  Option 'mip_integral_gap_rel' deprecated, please use 'mip_opt_gap_rel'.
WARNING:  Option 'mip_integral_gap_abs' deprecated, please use 'mip_opt_gap_abs'.
WARNING:  Option 'mip_integral_gap_rel' deprecated, please use 'mip_opt_gap_rel'.
WARNING:  Option 'mip_integral_gap_abs' deprecated, please use 'mip_opt_gap_abs'.
WARNING:  Option 'mip_integral_gap_rel' deprecated, please use 'mip_opt_gap_rel'.
WARNING:  Option 'mip_integral_gap_abs' deprecated, please use 'mip_opt_gap_abs'.
WARNING:  Option 'mip_integral_gap_rel' deprecated, please use 'mip_opt_gap_rel'.
WARNING:  Option 'mip_integral_gap_abs' deprecated, please use 'mip_opt_gap_abs'.
WARNING:  Option 'mip_integral_gap_rel' deprecated, please use 'mip_opt_gap_rel'.
     358    8.985853e-01   0.000e+00   5.886e-02   1.981e-03        1
WARNING:  Option 'mip_integral_gap_abs' deprecated, please use 'mip_opt_gap_abs'.
WARNING:  Option 'mip_integral_gap_rel' deprecated, please use 'mip_opt_gap_rel'.
WARNING:  Option 'mip_integral_gap_abs' deprecated, please use 'mip_opt_gap_abs'.
WARNING:  Option 'mip_integral_gap_rel' deprecated, please use 'mip_opt_gap_rel'.
WARNING:  Option 'mip_integral_gap_abs' deprecated, please use 'mip_opt_gap_abs'.
WARNING:  Option 'mip_integral_gap_rel' deprecated, please use 'mip_opt_gap_rel'.
WARNING:  Option 'mip_integral_gap_abs' deprecated, please use 'mip_opt_gap_abs'.
WARNING:  Option 'mip_integral_gap_rel' deprecated, please use 'mip_opt_gap_rel'.
     359    8.985845e-01   0.000e+00   2.550e-01   9.527e-05        0
WARNING:  Option 'mip_integral_gap_abs' deprecated, please use 'mip_opt_gap_abs'.
WARNING:  Option 'mip_integral_gap_rel' deprecated, please use 'mip_opt_gap_rel'.
WARNING:  Option 'mip_integral_gap_abs' deprecated, please use 'mip_opt_gap_abs'.
WARNING:  Option 'mip_integral_gap_rel' deprecated, please use 'mip_opt_gap_rel'.
WARNING:  Option 'mip_integral_gap_abs' deprecated, please use 'mip_opt_gap_abs'.
WARNING:  Option 'mip_integral_gap_rel' deprecated, please use 'mip_opt_gap_rel'.
WARNING:  Option 'mip_integral_gap_abs' deprecated, please use 'mip_opt_gap_abs'.
WARNING:  Option 'mip_integral_gap_rel' deprecated, please use 'mip_opt_gap_rel'.
WARNING:  Option 'mip_integral_gap_abs' deprecated, please use 'mip_opt_gap_abs'.
WARNING:  Option 'mip_integral_gap_rel' deprecated, please use 'mip_opt_gap_rel'.
WARNING:  Option 'mip_integral_gap_abs' deprecated, please use 'mip_opt_gap_abs'.
WARNING:  Option 'mip_integral_gap_rel' deprecated, please use 'mip_opt_gap_rel'.
WARNING:  Option 'mip_integral_gap_abs' deprecated, please use 'mip_opt_gap_abs'.
WARNING:  Option 'mip_integral_gap_rel' deprecated, please use 'mip_opt_gap_rel'.
WARNING:  Option 'mip_integral_gap_abs' deprecated, please use 'mip_opt_gap_abs'.
WARNING:  Option 'mip_integral_gap_rel' deprecated, please use 'mip_opt_gap_rel'.
WARNING:  Option 'mip_integral_gap_abs' deprecated, please use 'mip_opt_gap_abs'.
WARNING:  Option 'mip_integral_gap_rel' deprecated, please use 'mip_opt_gap_rel'.
WARNING:  Option 'mip_integral_gap_abs' deprecated, please use 'mip_opt_gap_abs'.
WARNING:  Option 'mip_integral_gap_rel' deprecated, please use 'mip_opt_gap_rel'.
WARNING:  Option 'mip_integral_gap_abs' deprecated, please use 'mip_opt_gap_abs'.
WARNING:  Option 'mip_integral_gap_rel' deprecated, please use 'mip_opt_gap_rel'.
WARNING:  Option 'mip_integral_gap_abs' deprecated, please use 'mip_opt_gap_abs'.
WARNING:  Option 'mip_integral_gap_rel' deprecated, please use 'mip_opt_gap_rel'.
WARNING:  Option 'mip_integral_gap_abs' deprecated, please use 'mip_opt_gap_abs'.
WARNING:  Option 'mip_integral_gap_rel' deprecated, please use 'mip_opt_gap_rel'.
WARNING:  Option 'mip_integral_gap_abs' deprecated, please use 'mip_opt_gap_abs'.
WARNING:  Option 'mip_integral_gap_rel' deprecated, please use 'mip_opt_gap_rel'.
WARNING:  Option 'mip_integral_gap_abs' deprecated, please use 'mip_opt_gap_abs'.
WARNING:  Option 'mip_integral_gap_rel' deprecated, please use 'mip_opt_gap_rel'.
WARNING:  Option 'mip_integral_gap_abs' deprecated, please use 'mip_opt_gap_abs'.
WARNING:  Option 'mip_integral_gap_rel' deprecated, please use 'mip_opt_gap_rel'.
WARNING:  Option 'mip_integral_gap_abs' deprecated, please use 'mip_opt_gap_abs'.
WARNING:  Option 'mip_integral_gap_rel' deprecated, please use 'mip_opt_gap_rel'.
WARNING:  Option 'mip_integral_gap_abs' deprecated, please use 'mip_opt_gap_abs'.
WARNING:  Option 'mip_integral_gap_rel' deprecated, please use 'mip_opt_gap_rel'.
     360    8.985798e-01   0.000e+00   1.234e-02   1.242e-05        9
WARNING:  Option 'mip_integral_gap_abs' deprecated, please use 'mip_opt_gap_abs'.
WARNING:  Option 'mip_integral_gap_rel' deprecated, please use 'mip_opt_gap_rel'.
WARNING:  Option 'mip_integral_gap_abs' deprecated, please use 'mip_opt_gap_abs'.
WARNING:  Option 'mip_integral_gap_rel' deprecated, please use 'mip_opt_gap_rel'.
WARNING:  Option 'mip_integral_gap_abs' deprecated, please use 'mip_opt_gap_abs'.
WARNING:  Option 'mip_integral_gap_rel' deprecated, please use 'mip_opt_gap_rel'.
WARNING:  Option 'mip_integral_gap_abs' deprecated, please use 'mip_opt_gap_abs'.
WARNING:  Option 'mip_integral_gap_rel' deprecated, please use 'mip_opt_gap_rel'.
     361    8.985798e-01   0.000e+00   1.234e-02   3.694e-07        0
WARNING:  Option 'mip_integral_gap_abs' deprecated, please use 'mip_opt_gap_abs'.
WARNING:  Option 'mip_integral_gap_rel' deprecated, please use 'mip_opt_gap_rel'.
WARNING:  Option 'mip_integral_gap_abs' deprecated, please use 'mip_opt_gap_abs'.
WARNING:  Option 'mip_integral_gap_rel' deprecated, please use 'mip_opt_gap_rel'.
WARNING:  Option 'mip_integral_gap_abs' deprecated, please use 'mip_opt_gap_abs'.
WARNING:  Option 'mip_integral_gap_rel' deprecated, please use 'mip_opt_gap_rel'.
WARNING:  Option 'mip_integral_gap_abs' deprecated, please use 'mip_opt_gap_abs'.
WARNING:  Option 'mip_integral_gap_rel' deprecated, please use 'mip_opt_gap_rel'.
WARNING:  Option 'mip_integral_gap_abs' deprecated, please use 'mip_opt_gap_abs'.
WARNING:  Option 'mip_integral_gap_rel' deprecated, please use 'mip_opt_gap_rel'.
WARNING:  Option 'mip_integral_gap_abs' deprecated, please use 'mip_opt_gap_abs'.
WARNING:  Option 'mip_integral_gap_rel' deprecated, please use 'mip_opt_gap_rel'.
WARNING:  Option 'mip_integral_gap_abs' deprecated, please use 'mip_opt_gap_abs'.
WARNING:  Option 'mip_integral_gap_rel' deprecated, please use 'mip_opt_gap_rel'.
     362    8.985797e-01   0.000e+00   1.163e-02   4.732e-06        1
WARNING:  Option 'mip_integral_gap_abs' deprecated, please use 'mip_opt_gap_abs'.
WARNING:  Option 'mip_integral_gap_rel' deprecated, please use 'mip_opt_gap_rel'.
WARNING:  Option 'mip_integral_gap_abs' deprecated, please use 'mip_opt_gap_abs'.
WARNING:  Option 'mip_integral_gap_rel' deprecated, please use 'mip_opt_gap_rel'.
WARNING:  Option 'mip_integral_gap_abs' deprecated, please use 'mip_opt_gap_abs'.
WARNING:  Option 'mip_integral_gap_rel' deprecated, please use 'mip_opt_gap_rel'.
WARNING:  Option 'mip_integral_gap_abs' deprecated, please use 'mip_opt_gap_abs'.
WARNING:  Option 'mip_integral_gap_rel' deprecated, please use 'mip_opt_gap_rel'.
     363    8.985797e-01   0.000e+00   1.163e-02   4.327e-05        0
WARNING:  Option 'mip_integral_gap_abs' deprecated, please use 'mip_opt_gap_abs'.
WARNING:  Option 'mip_integral_gap_rel' deprecated, please use 'mip_opt_gap_rel'.
WARNING:  Option 'mip_integral_gap_abs' deprecated, please use 'mip_opt_gap_abs'.
WARNING:  Option 'mip_integral_gap_rel' deprecated, please use 'mip_opt_gap_rel'.
WARNING:  Option 'mip_integral_gap_abs' deprecated, please use 'mip_opt_gap_abs'.
WARNING:  Option 'mip_integral_gap_rel' deprecated, please use 'mip_opt_gap_rel'.
WARNING:  Option 'mip_integral_gap_abs' deprecated, please use 'mip_opt_gap_abs'.
WARNING:  Option 'mip_integral_gap_rel' deprecated, please use 'mip_opt_gap_rel'.
WARNING:  Option 'mip_integral_gap_abs' deprecated, please use 'mip_opt_gap_abs'.
WARNING:  Option 'mip_integral_gap_rel' deprecated, please use 'mip_opt_gap_rel'.
WARNING:  Option 'mip_integral_gap_abs' deprecated, please use 'mip_opt_gap_abs'.
WARNING:  Option 'mip_integral_gap_rel' deprecated, please use 'mip_opt_gap_rel'.
WARNING:  Option 'mip_integral_gap_abs' deprecated, please use 'mip_opt_gap_abs'.
WARNING:  Option 'mip_integral_gap_rel' deprecated, please use 'mip_opt_gap_rel'.
WARNING:  Option 'mip_integral_gap_abs' deprecated, please use 'mip_opt_gap_abs'.
WARNING:  Option 'mip_integral_gap_rel' deprecated, please use 'mip_opt_gap_rel'.
WARNING:  Option 'mip_integral_gap_abs' deprecated, please use 'mip_opt_gap_abs'.
WARNING:  Option 'mip_integral_gap_rel' deprecated, please use 'mip_opt_gap_rel'.
WARNING:  Option 'mip_integral_gap_abs' deprecated, please use 'mip_opt_gap_abs'.
WARNING:  Option 'mip_integral_gap_rel' deprecated, please use 'mip_opt_gap_rel'.
WARNING:  Option 'mip_integral_gap_abs' deprecated, please use 'mip_opt_gap_abs'.
WARNING:  Option 'mip_integral_gap_rel' deprecated, please use 'mip_opt_gap_rel'.
WARNING:  Option 'mip_integral_gap_abs' deprecated, please use 'mip_opt_gap_abs'.
WARNING:  Option 'mip_integral_gap_rel' deprecated, please use 'mip_opt_gap_rel'.
WARNING:  Option 'mip_integral_gap_abs' deprecated, please use 'mip_opt_gap_abs'.
WARNING:  Option 'mip_integral_gap_rel' deprecated, please use 'mip_opt_gap_rel'.
     364    8.985795e-01   0.000e+00   6.927e-03   2.416e-05       16
WARNING:  Option 'mip_integral_gap_abs' deprecated, please use 'mip_opt_gap_abs'.
WARNING:  Option 'mip_integral_gap_rel' deprecated, please use 'mip_opt_gap_rel'.
WARNING:  Option 'mip_integral_gap_abs' deprecated, please use 'mip_opt_gap_abs'.
WARNING:  Option 'mip_integral_gap_rel' deprecated, please use 'mip_opt_gap_rel'.
WARNING:  Option 'mip_integral_gap_abs' deprecated, please use 'mip_opt_gap_abs'.
WARNING:  Option 'mip_integral_gap_rel' deprecated, please use 'mip_opt_gap_rel'.
WARNING:  Option 'mip_integral_gap_abs' deprecated, please use 'mip_opt_gap_abs'.
WARNING:  Option 'mip_integral_gap_rel' deprecated, please use 'mip_opt_gap_rel'.
     365    8.985795e-01   0.000e+00   6.919e-03   1.537e-07        0
WARNING:  Option 'mip_integral_gap_abs' deprecated, please use 'mip_opt_gap_abs'.
WARNING:  Option 'mip_integral_gap_rel' deprecated, please use 'mip_opt_gap_rel'.
WARNING:  Option 'mip_integral_gap_abs' deprecated, please use 'mip_opt_gap_abs'.
WARNING:  Option 'mip_integral_gap_rel' deprecated, please use 'mip_opt_gap_rel'.
WARNING:  Option 'mip_integral_gap_abs' deprecated, please use 'mip_opt_gap_abs'.
WARNING:  Option 'mip_integral_gap_rel' deprecated, please use 'mip_opt_gap_rel'.
WARNING:  Option 'mip_integral_gap_abs' deprecated, please use 'mip_opt_gap_abs'.
WARNING:  Option 'mip_integral_gap_rel' deprecated, please use 'mip_opt_gap_rel'.
WARNING:  Option 'mip_integral_gap_abs' deprecated, please use 'mip_opt_gap_abs'.
WARNING:  Option 'mip_integral_gap_rel' deprecated, please use 'mip_opt_gap_rel'.
WARNING:  Option 'mip_integral_gap_abs' deprecated, please use 'mip_opt_gap_abs'.
WARNING:  Option 'mip_integral_gap_rel' deprecated, please use 'mip_opt_gap_rel'.
     366    8.985784e-01   0.000e+00   8.647e-03   8.318e-05        6
WARNING:  Option 'mip_integral_gap_abs' deprecated, please use 'mip_opt_gap_abs'.
WARNING:  Option 'mip_integral_gap_rel' deprecated, please use 'mip_opt_gap_rel'.
WARNING:  Option 'mip_integral_gap_abs' deprecated, please use 'mip_opt_gap_abs'.
WARNING:  Option 'mip_integral_gap_rel' deprecated, please use 'mip_opt_gap_rel'.
WARNING:  Option 'mip_integral_gap_abs' deprecated, please use 'mip_opt_gap_abs'.
WARNING:  Option 'mip_integral_gap_rel' deprecated, please use 'mip_opt_gap_rel'.
WARNING:  Option 'mip_integral_gap_abs' deprecated, please use 'mip_opt_gap_abs'.
WARNING:  Option 'mip_integral_gap_rel' deprecated, please use 'mip_opt_gap_rel'.
     367    8.985784e-01   0.000e+00   8.647e-03   7.977e-08        0
WARNING:  Option 'mip_integral_gap_abs' deprecated, please use 'mip_opt_gap_abs'.
WARNING:  Option 'mip_integral_gap_rel' deprecated, please use 'mip_opt_gap_rel'.
WARNING:  Option 'mip_integral_gap_abs' deprecated, please use 'mip_opt_gap_abs'.
WARNING:  Option 'mip_integral_gap_rel' deprecated, please use 'mip_opt_gap_rel'.
WARNING:  Option 'mip_integral_gap_abs' deprecated, please use 'mip_opt_gap_abs'.
WARNING:  Option 'mip_integral_gap_rel' deprecated, please use 'mip_opt_gap_rel'.
WARNING:  Option 'mip_integral_gap_abs' deprecated, please use 'mip_opt_gap_abs'.
WARNING:  Option 'mip_integral_gap_rel' deprecated, please use 'mip_opt_gap_rel'.
WARNING:  Option 'mip_integral_gap_abs' deprecated, please use 'mip_opt_gap_abs'.
WARNING:  Option 'mip_integral_gap_rel' deprecated, please use 'mip_opt_gap_rel'.
WARNING:  Option 'mip_integral_gap_abs' deprecated, please use 'mip_opt_gap_abs'.
WARNING:  Option 'mip_integral_gap_rel' deprecated, please use 'mip_opt_gap_rel'.
WARNING:  Option 'mip_integral_gap_abs' deprecated, please use 'mip_opt_gap_abs'.
WARNING:  Option 'mip_integral_gap_rel' deprecated, please use 'mip_opt_gap_rel'.
     368    8.985784e-01   0.000e+00   8.636e-03   3.292e-06        1
WARNING:  Option 'mip_integral_gap_abs' deprecated, please use 'mip_opt_gap_abs'.
WARNING:  Option 'mip_integral_gap_rel' deprecated, please use 'mip_opt_gap_rel'.
WARNING:  Option 'mip_integral_gap_abs' deprecated, please use 'mip_opt_gap_abs'.
WARNING:  Option 'mip_integral_gap_rel' deprecated, please use 'mip_opt_gap_rel'.
WARNING:  Option 'mip_integral_gap_abs' deprecated, please use 'mip_opt_gap_abs'.
WARNING:  Option 'mip_integral_gap_rel' deprecated, please use 'mip_opt_gap_rel'.
WARNING:  Option 'mip_integral_gap_abs' deprecated, please use 'mip_opt_gap_abs'.
WARNING:  Option 'mip_integral_gap_rel' deprecated, please use 'mip_opt_gap_rel'.
     369    8.985784e-01   0.000e+00   8.634e-03   7.777e-07        0
WARNING:  Option 'mip_integral_gap_abs' deprecated, please use 'mip_opt_gap_abs'.
WARNING:  Option 'mip_integral_gap_rel' deprecated, please use 'mip_opt_gap_rel'.
WARNING:  Option 'mip_integral_gap_abs' deprecated, please use 'mip_opt_gap_abs'.
WARNING:  Option 'mip_integral_gap_rel' deprecated, please use 'mip_opt_gap_rel'.
WARNING:  Option 'mip_integral_gap_abs' deprecated, please use 'mip_opt_gap_abs'.
WARNING:  Option 'mip_integral_gap_rel' deprecated, please use 'mip_opt_gap_rel'.
WARNING:  Option 'mip_integral_gap_abs' deprecated, please use 'mip_opt_gap_abs'.
WARNING:  Option 'mip_integral_gap_rel' deprecated, please use 'mip_opt_gap_rel'.
WARNING:  Option 'mip_integral_gap_abs' deprecated, please use 'mip_opt_gap_abs'.
WARNING:  Option 'mip_integral_gap_rel' deprecated, please use 'mip_opt_gap_rel'.
WARNING:  Option 'mip_integral_gap_abs' deprecated, please use 'mip_opt_gap_abs'.
WARNING:  Option 'mip_integral_gap_rel' deprecated, please use 'mip_opt_gap_rel'.
WARNING:  Option 'mip_integral_gap_abs' deprecated, please use 'mip_opt_gap_abs'.
WARNING:  Option 'mip_integral_gap_rel' deprecated, please use 'mip_opt_gap_rel'.
WARNING:  Option 'mip_integral_gap_abs' deprecated, please use 'mip_opt_gap_abs'.
WARNING:  Option 'mip_integral_gap_rel' deprecated, please use 'mip_opt_gap_rel'.
WARNING:  Option 'mip_integral_gap_abs' deprecated, please use 'mip_opt_gap_abs'.
WARNING:  Option 'mip_integral_gap_rel' deprecated, please use 'mip_opt_gap_rel'.
WARNING:  Option 'mip_integral_gap_abs' deprecated, please use 'mip_opt_gap_abs'.
WARNING:  Option 'mip_integral_gap_rel' deprecated, please use 'mip_opt_gap_rel'.
WARNING:  Option 'mip_integral_gap_abs' deprecated, please use 'mip_opt_gap_abs'.
WARNING:  Option 'mip_integral_gap_rel' deprecated, please use 'mip_opt_gap_rel'.
WARNING:  Option 'mip_integral_gap_abs' deprecated, please use 'mip_opt_gap_abs'.
WARNING:  Option 'mip_integral_gap_rel' deprecated, please use 'mip_opt_gap_rel'.
     370    8.985781e-01   0.000e+00   1.405e-02   2.073e-05        1
WARNING:  Option 'mip_integral_gap_abs' deprecated, please use 'mip_opt_gap_abs'.
WARNING:  Option 'mip_integral_gap_rel' deprecated, please use 'mip_opt_gap_rel'.
WARNING:  Option 'mip_integral_gap_abs' deprecated, please use 'mip_opt_gap_abs'.
WARNING:  Option 'mip_integral_gap_rel' deprecated, please use 'mip_opt_gap_rel'.
WARNING:  Option 'mip_integral_gap_abs' deprecated, please use 'mip_opt_gap_abs'.
WARNING:  Option 'mip_integral_gap_rel' deprecated, please use 'mip_opt_gap_rel'.
     371    8.985765e-01   0.000e+00   4.640e-02   1.459e-03        0
WARNING:  Option 'mip_integral_gap_abs' deprecated, please use 'mip_opt_gap_abs'.
WARNING:  Option 'mip_integral_gap_rel' deprecated, please use 'mip_opt_gap_rel'.
WARNING:  Option 'mip_integral_gap_abs' deprecated, please use 'mip_opt_gap_abs'.
WARNING:  Option 'mip_integral_gap_rel' deprecated, please use 'mip_opt_gap_rel'.
WARNING:  Option 'mip_integral_gap_abs' deprecated, please use 'mip_opt_gap_abs'.
WARNING:  Option 'mip_integral_gap_rel' deprecated, please use 'mip_opt_gap_rel'.
     372    8.985762e-01   0.000e+00   2.863e-03   1.834e-04        0
WARNING:  Option 'mip_integral_gap_abs' deprecated, please use 'mip_opt_gap_abs'.
WARNING:  Option 'mip_integral_gap_rel' deprecated, please use 'mip_opt_gap_rel'.
WARNING:  Option 'mip_integral_gap_abs' deprecated, please use 'mip_opt_gap_abs'.
WARNING:  Option 'mip_integral_gap_rel' deprecated, please use 'mip_opt_gap_rel'.
WARNING:  Option 'mip_integral_gap_abs' deprecated, please use 'mip_opt_gap_abs'.
WARNING:  Option 'mip_integral_gap_rel' deprecated, please use 'mip_opt_gap_rel'.
WARNING:  Option 'mip_integral_gap_abs' deprecated, please use 'mip_opt_gap_abs'.
WARNING:  Option 'mip_integral_gap_rel' deprecated, please use 'mip_opt_gap_rel'.
WARNING:  Option 'mip_integral_gap_abs' deprecated, please use 'mip_opt_gap_abs'.
WARNING:  Option 'mip_integral_gap_rel' deprecated, please use 'mip_opt_gap_rel'.
WARNING:  Option 'mip_integral_gap_abs' deprecated, please use 'mip_opt_gap_abs'.
WARNING:  Option 'mip_integral_gap_rel' deprecated, please use 'mip_opt_gap_rel'.
WARNING:  Option 'mip_integral_gap_abs' deprecated, please use 'mip_opt_gap_abs'.
WARNING:  Option 'mip_integral_gap_rel' deprecated, please use 'mip_opt_gap_rel'.
WARNING:  Option 'mip_integral_gap_abs' deprecated, please use 'mip_opt_gap_abs'.
WARNING:  Option 'mip_integral_gap_rel' deprecated, please use 'mip_opt_gap_rel'.
WARNING:  Option 'mip_integral_gap_abs' deprecated, please use 'mip_opt_gap_abs'.
WARNING:  Option 'mip_integral_gap_rel' deprecated, please use 'mip_opt_gap_rel'.
WARNING:  Option 'mip_integral_gap_abs' deprecated, please use 'mip_opt_gap_abs'.
WARNING:  Option 'mip_integral_gap_rel' deprecated, please use 'mip_opt_gap_rel'.
WARNING:  Option 'mip_integral_gap_abs' deprecated, please use 'mip_opt_gap_abs'.
WARNING:  Option 'mip_integral_gap_rel' deprecated, please use 'mip_opt_gap_rel'.
WARNING:  Option 'mip_integral_gap_abs' deprecated, please use 'mip_opt_gap_abs'.
WARNING:  Option 'mip_integral_gap_rel' deprecated, please use 'mip_opt_gap_rel'.
WARNING:  Option 'mip_integral_gap_abs' deprecated, please use 'mip_opt_gap_abs'.
WARNING:  Option 'mip_integral_gap_rel' deprecated, please use 'mip_opt_gap_rel'.
WARNING:  Option 'mip_integral_gap_abs' deprecated, please use 'mip_opt_gap_abs'.
WARNING:  Option 'mip_integral_gap_rel' deprecated, please use 'mip_opt_gap_rel'.
WARNING:  Option 'mip_integral_gap_abs' deprecated, please use 'mip_opt_gap_abs'.
WARNING:  Option 'mip_integral_gap_rel' deprecated, please use 'mip_opt_gap_rel'.
WARNING:  Option 'mip_integral_gap_abs' deprecated, please use 'mip_opt_gap_abs'.
WARNING:  Option 'mip_integral_gap_rel' deprecated, please use 'mip_opt_gap_rel'.
WARNING:  Option 'mip_integral_gap_abs' deprecated, please use 'mip_opt_gap_abs'.
WARNING:  Option 'mip_integral_gap_rel' deprecated, please use 'mip_opt_gap_rel'.
WARNING:  Option 'mip_integral_gap_abs' deprecated, please use 'mip_opt_gap_abs'.
WARNING:  Option 'mip_integral_gap_rel' deprecated, please use 'mip_opt_gap_rel'.
WARNING:  Option 'mip_integral_gap_abs' deprecated, please use 'mip_opt_gap_abs'.
WARNING:  Option 'mip_integral_gap_rel' deprecated, please use 'mip_opt_gap_rel'.
     373    8.985762e-01   0.000e+00   2.373e-03   1.023e-06       21
WARNING:  Option 'mip_integral_gap_abs' deprecated, please use 'mip_opt_gap_abs'.
WARNING:  Option 'mip_integral_gap_rel' deprecated, please use 'mip_opt_gap_rel'.
WARNING:  Option 'mip_integral_gap_abs' deprecated, please use 'mip_opt_gap_abs'.
WARNING:  Option 'mip_integral_gap_rel' deprecated, please use 'mip_opt_gap_rel'.
WARNING:  Option 'mip_integral_gap_abs' deprecated, please use 'mip_opt_gap_abs'.
WARNING:  Option 'mip_integral_gap_rel' deprecated, please use 'mip_opt_gap_rel'.
WARNING:  Option 'mip_integral_gap_abs' deprecated, please use 'mip_opt_gap_abs'.
WARNING:  Option 'mip_integral_gap_rel' deprecated, please use 'mip_opt_gap_rel'.
     374    8.985762e-01   0.000e+00   2.352e-03   3.589e-06        2
WARNING:  Option 'mip_integral_gap_abs' deprecated, please use 'mip_opt_gap_abs'.
WARNING:  Option 'mip_integral_gap_rel' deprecated, please use 'mip_opt_gap_rel'.
WARNING:  Option 'mip_integral_gap_abs' deprecated, please use 'mip_opt_gap_abs'.
WARNING:  Option 'mip_integral_gap_rel' deprecated, please use 'mip_opt_gap_rel'.
WARNING:  Option 'mip_integral_gap_abs' deprecated, please use 'mip_opt_gap_abs'.
WARNING:  Option 'mip_integral_gap_rel' deprecated, please use 'mip_opt_gap_rel'.
WARNING:  Option 'mip_integral_gap_abs' deprecated, please use 'mip_opt_gap_abs'.
WARNING:  Option 'mip_integral_gap_rel' deprecated, please use 'mip_opt_gap_rel'.
WARNING:  Option 'mip_integral_gap_abs' deprecated, please use 'mip_opt_gap_abs'.
WARNING:  Option 'mip_integral_gap_rel' deprecated, please use 'mip_opt_gap_rel'.
WARNING:  Option 'mip_integral_gap_abs' deprecated, please use 'mip_opt_gap_abs'.
WARNING:  Option 'mip_integral_gap_rel' deprecated, please use 'mip_opt_gap_rel'.
WARNING:  Option 'mip_integral_gap_abs' deprecated, please use 'mip_opt_gap_abs'.
WARNING:  Option 'mip_integral_gap_rel' deprecated, please use 'mip_opt_gap_rel'.
     375    8.985762e-01   0.000e+00   3.038e-03   1.813e-06        3
WARNING:  Option 'mip_integral_gap_abs' deprecated, please use 'mip_opt_gap_abs'.
WARNING:  Option 'mip_integral_gap_rel' deprecated, please use 'mip_opt_gap_rel'.
WARNING:  Option 'mip_integral_gap_abs' deprecated, please use 'mip_opt_gap_abs'.
WARNING:  Option 'mip_integral_gap_rel' deprecated, please use 'mip_opt_gap_rel'.
     376    8.985762e-01   0.000e+00   1.691e-03   4.587e-06        0
WARNING:  Option 'mip_integral_gap_abs' deprecated, please use 'mip_opt_gap_abs'.
WARNING:  Option 'mip_integral_gap_rel' deprecated, please use 'mip_opt_gap_rel'.
WARNING:  Option 'mip_integral_gap_abs' deprecated, please use 'mip_opt_gap_abs'.
WARNING:  Option 'mip_integral_gap_rel' deprecated, please use 'mip_opt_gap_rel'.
WARNING:  Option 'mip_integral_gap_abs' deprecated, please use 'mip_opt_gap_abs'.
WARNING:  Option 'mip_integral_gap_rel' deprecated, please use 'mip_opt_gap_rel'.
     377    8.985761e-01   0.000e+00   1.027e-02   1.886e-04        0
WARNING:  Option 'mip_integral_gap_abs' deprecated, please use 'mip_opt_gap_abs'.
WARNING:  Option 'mip_integral_gap_rel' deprecated, please use 'mip_opt_gap_rel'.
WARNING:  Option 'mip_integral_gap_abs' deprecated, please use 'mip_opt_gap_abs'.
WARNING:  Option 'mip_integral_gap_rel' deprecated, please use 'mip_opt_gap_rel'.
WARNING:  Option 'mip_integral_gap_abs' deprecated, please use 'mip_opt_gap_abs'.
WARNING:  Option 'mip_integral_gap_rel' deprecated, please use 'mip_opt_gap_rel'.
WARNING:  Option 'mip_integral_gap_abs' deprecated, please use 'mip_opt_gap_abs'.
WARNING:  Option 'mip_integral_gap_rel' deprecated, please use 'mip_opt_gap_rel'.
WARNING:  Option 'mip_integral_gap_abs' deprecated, please use 'mip_opt_gap_abs'.
WARNING:  Option 'mip_integral_gap_rel' deprecated, please use 'mip_opt_gap_rel'.
WARNING:  Option 'mip_integral_gap_abs' deprecated, please use 'mip_opt_gap_abs'.
WARNING:  Option 'mip_integral_gap_rel' deprecated, please use 'mip_opt_gap_rel'.
WARNING:  Option 'mip_integral_gap_abs' deprecated, please use 'mip_opt_gap_abs'.
WARNING:  Option 'mip_integral_gap_rel' deprecated, please use 'mip_opt_gap_rel'.
     378    8.972156e-01   0.000e+00   1.635e-02   1.837e-01        3
WARNING:  Option 'mip_integral_gap_abs' deprecated, please use 'mip_opt_gap_abs'.
WARNING:  Option 'mip_integral_gap_rel' deprecated, please use 'mip_opt_gap_rel'.
WARNING:  Option 'mip_integral_gap_abs' deprecated, please use 'mip_opt_gap_abs'.
WARNING:  Option 'mip_integral_gap_rel' deprecated, please use 'mip_opt_gap_rel'.
WARNING:  Option 'mip_integral_gap_abs' deprecated, please use 'mip_opt_gap_abs'.
WARNING:  Option 'mip_integral_gap_rel' deprecated, please use 'mip_opt_gap_rel'.
WARNING:  Option 'mip_integral_gap_abs' deprecated, please use 'mip_opt_gap_abs'.
WARNING:  Option 'mip_integral_gap_rel' deprecated, please use 'mip_opt_gap_rel'.
WARNING:  Option 'mip_integral_gap_abs' deprecated, please use 'mip_opt_gap_abs'.
WARNING:  Option 'mip_integral_gap_rel' deprecated, please use 'mip_opt_gap_rel'.
WARNING:  Option 'mip_integral_gap_abs' deprecated, please use 'mip_opt_gap_abs'.
WARNING:  Option 'mip_integral_gap_rel' deprecated, please use 'mip_opt_gap_rel'.
WARNING:  Option 'mip_integral_gap_abs' deprecated, please use 'mip_opt_gap_abs'.
WARNING:  Option 'mip_integral_gap_rel' deprecated, please use 'mip_opt_gap_rel'.
WARNING:  Option 'mip_integral_gap_abs' deprecated, please use 'mip_opt_gap_abs'.
WARNING:  Option 'mip_integral_gap_rel' deprecated, please use 'mip_opt_gap_rel'.
WARNING:  Option 'mip_integral_gap_abs' deprecated, please use 'mip_opt_gap_abs'.
WARNING:  Option 'mip_integral_gap_rel' deprecated, please use 'mip_opt_gap_rel'.
WARNING:  Option 'mip_integral_gap_abs' deprecated, please use 'mip_opt_gap_abs'.
WARNING:  Option 'mip_integral_gap_rel' deprecated, please use 'mip_opt_gap_rel'.
     379    8.971303e-01   0.000e+00   1.635e-02   1.278e-02        1
WARNING:  Option 'mip_integral_gap_abs' deprecated, please use 'mip_opt_gap_abs'.
WARNING:  Option 'mip_integral_gap_rel' deprecated, please use 'mip_opt_gap_rel'.
WARNING:  Option 'mip_integral_gap_abs' deprecated, please use 'mip_opt_gap_abs'.
WARNING:  Option 'mip_integral_gap_rel' deprecated, please use 'mip_opt_gap_rel'.
WARNING:  Option 'mip_integral_gap_abs' deprecated, please use 'mip_opt_gap_abs'.
WARNING:  Option 'mip_integral_gap_rel' deprecated, please use 'mip_opt_gap_rel'.
WARNING:  Option 'mip_integral_gap_abs' deprecated, please use 'mip_opt_gap_abs'.
WARNING:  Option 'mip_integral_gap_rel' deprecated, please use 'mip_opt_gap_rel'.
WARNING:  Option 'mip_integral_gap_abs' deprecated, please use 'mip_opt_gap_abs'.
WARNING:  Option 'mip_integral_gap_rel' deprecated, please use 'mip_opt_gap_rel'.
WARNING:  Option 'mip_integral_gap_abs' deprecated, please use 'mip_opt_gap_abs'.
WARNING:  Option 'mip_integral_gap_rel' deprecated, please use 'mip_opt_gap_rel'.
WARNING:  Option 'mip_integral_gap_abs' deprecated, please use 'mip_opt_gap_abs'.
WARNING:  Option 'mip_integral_gap_rel' deprecated, please use 'mip_opt_gap_rel'.
WARNING:  Option 'mip_integral_gap_abs' deprecated, please use 'mip_opt_gap_abs'.
WARNING:  Option 'mip_integral_gap_rel' deprecated, please use 'mip_opt_gap_rel'.
WARNING:  Option 'mip_integral_gap_abs' deprecated, please use 'mip_opt_gap_abs'.
WARNING:  Option 'mip_integral_gap_rel' deprecated, please use 'mip_opt_gap_rel'.
WARNING:  Option 'mip_integral_gap_abs' deprecated, please use 'mip_opt_gap_abs'.
WARNING:  Option 'mip_integral_gap_rel' deprecated, please use 'mip_opt_gap_rel'.
WARNING:  Option 'mip_integral_gap_abs' deprecated, please use 'mip_opt_gap_abs'.
WARNING:  Option 'mip_integral_gap_rel' deprecated, please use 'mip_opt_gap_rel'.
WARNING:  Option 'mip_integral_gap_abs' deprecated, please use 'mip_opt_gap_abs'.
WARNING:  Option 'mip_integral_gap_rel' deprecated, please use 'mip_opt_gap_rel'.
WARNING:  Option 'mip_integral_gap_abs' deprecated, please use 'mip_opt_gap_abs'.
WARNING:  Option 'mip_integral_gap_rel' deprecated, please use 'mip_opt_gap_rel'.
WARNING:  Option 'mip_integral_gap_abs' deprecated, please use 'mip_opt_gap_abs'.
WARNING:  Option 'mip_integral_gap_rel' deprecated, please use 'mip_opt_gap_rel'.
     380    8.971298e-01   0.000e+00   1.644e-02   6.539e-03        1
WARNING:  Option 'mip_integral_gap_abs' deprecated, please use 'mip_opt_gap_abs'.
WARNING:  Option 'mip_integral_gap_rel' deprecated, please use 'mip_opt_gap_rel'.
WARNING:  Option 'mip_integral_gap_abs' deprecated, please use 'mip_opt_gap_abs'.
WARNING:  Option 'mip_integral_gap_rel' deprecated, please use 'mip_opt_gap_rel'.
WARNING:  Option 'mip_integral_gap_abs' deprecated, please use 'mip_opt_gap_abs'.
WARNING:  Option 'mip_integral_gap_rel' deprecated, please use 'mip_opt_gap_rel'.
WARNING:  Option 'mip_integral_gap_abs' deprecated, please use 'mip_opt_gap_abs'.
WARNING:  Option 'mip_integral_gap_rel' deprecated, please use 'mip_opt_gap_rel'.
WARNING:  Option 'mip_integral_gap_abs' deprecated, please use 'mip_opt_gap_abs'.
WARNING:  Option 'mip_integral_gap_rel' deprecated, please use 'mip_opt_gap_rel'.
WARNING:  Option 'mip_integral_gap_abs' deprecated, please use 'mip_opt_gap_abs'.
WARNING:  Option 'mip_integral_gap_rel' deprecated, please use 'mip_opt_gap_rel'.
WARNING:  Option 'mip_integral_gap_abs' deprecated, please use 'mip_opt_gap_abs'.
WARNING:  Option 'mip_integral_gap_rel' deprecated, please use 'mip_opt_gap_rel'.
WARNING:  Option 'mip_integral_gap_abs' deprecated, please use 'mip_opt_gap_abs'.
WARNING:  Option 'mip_integral_gap_rel' deprecated, please use 'mip_opt_gap_rel'.
WARNING:  Option 'mip_integral_gap_abs' deprecated, please use 'mip_opt_gap_abs'.
WARNING:  Option 'mip_integral_gap_rel' deprecated, please use 'mip_opt_gap_rel'.
     381    8.971096e-01   0.000e+00   1.490e-02   3.221e-03        4
WARNING:  Option 'mip_integral_gap_abs' deprecated, please use 'mip_opt_gap_abs'.
WARNING:  Option 'mip_integral_gap_rel' deprecated, please use 'mip_opt_gap_rel'.
WARNING:  Option 'mip_integral_gap_abs' deprecated, please use 'mip_opt_gap_abs'.
WARNING:  Option 'mip_integral_gap_rel' deprecated, please use 'mip_opt_gap_rel'.
WARNING:  Option 'mip_integral_gap_abs' deprecated, please use 'mip_opt_gap_abs'.
WARNING:  Option 'mip_integral_gap_rel' deprecated, please use 'mip_opt_gap_rel'.
WARNING:  Option 'mip_integral_gap_abs' deprecated, please use 'mip_opt_gap_abs'.
WARNING:  Option 'mip_integral_gap_rel' deprecated, please use 'mip_opt_gap_rel'.
     382    8.971055e-01   0.000e+00   1.487e-02   2.363e-04        0
WARNING:  Option 'mip_integral_gap_abs' deprecated, please use 'mip_opt_gap_abs'.
WARNING:  Option 'mip_integral_gap_rel' deprecated, please use 'mip_opt_gap_rel'.
WARNING:  Option 'mip_integral_gap_abs' deprecated, please use 'mip_opt_gap_abs'.
WARNING:  Option 'mip_integral_gap_rel' deprecated, please use 'mip_opt_gap_rel'.
WARNING:  Option 'mip_integral_gap_abs' deprecated, please use 'mip_opt_gap_abs'.
WARNING:  Option 'mip_integral_gap_rel' deprecated, please use 'mip_opt_gap_rel'.
WARNING:  Option 'mip_integral_gap_abs' deprecated, please use 'mip_opt_gap_abs'.
WARNING:  Option 'mip_integral_gap_rel' deprecated, please use 'mip_opt_gap_rel'.
WARNING:  Option 'mip_integral_gap_abs' deprecated, please use 'mip_opt_gap_abs'.
WARNING:  Option 'mip_integral_gap_rel' deprecated, please use 'mip_opt_gap_rel'.
WARNING:  Option 'mip_integral_gap_abs' deprecated, please use 'mip_opt_gap_abs'.
WARNING:  Option 'mip_integral_gap_rel' deprecated, please use 'mip_opt_gap_rel'.
WARNING:  Option 'mip_integral_gap_abs' deprecated, please use 'mip_opt_gap_abs'.
WARNING:  Option 'mip_integral_gap_rel' deprecated, please use 'mip_opt_gap_rel'.
WARNING:  Option 'mip_integral_gap_abs' deprecated, please use 'mip_opt_gap_abs'.
WARNING:  Option 'mip_integral_gap_rel' deprecated, please use 'mip_opt_gap_rel'.
WARNING:  Option 'mip_integral_gap_abs' deprecated, please use 'mip_opt_gap_abs'.
WARNING:  Option 'mip_integral_gap_rel' deprecated, please use 'mip_opt_gap_rel'.
WARNING:  Option 'mip_integral_gap_abs' deprecated, please use 'mip_opt_gap_abs'.
WARNING:  Option 'mip_integral_gap_rel' deprecated, please use 'mip_opt_gap_rel'.
WARNING:  Option 'mip_integral_gap_abs' deprecated, please use 'mip_opt_gap_abs'.
WARNING:  Option 'mip_integral_gap_rel' deprecated, please use 'mip_opt_gap_rel'.
     383    8.970967e-01   0.000e+00   1.485e-02   4.119e-04        1
WARNING:  Option 'mip_integral_gap_abs' deprecated, please use 'mip_opt_gap_abs'.
WARNING:  Option 'mip_integral_gap_rel' deprecated, please use 'mip_opt_gap_rel'.
WARNING:  Option 'mip_integral_gap_abs' deprecated, please use 'mip_opt_gap_abs'.
WARNING:  Option 'mip_integral_gap_rel' deprecated, please use 'mip_opt_gap_rel'.
WARNING:  Option 'mip_integral_gap_abs' deprecated, please use 'mip_opt_gap_abs'.
WARNING:  Option 'mip_integral_gap_rel' deprecated, please use 'mip_opt_gap_rel'.
WARNING:  Option 'mip_integral_gap_abs' deprecated, please use 'mip_opt_gap_abs'.
WARNING:  Option 'mip_integral_gap_rel' deprecated, please use 'mip_opt_gap_rel'.
WARNING:  Option 'mip_integral_gap_abs' deprecated, please use 'mip_opt_gap_abs'.
WARNING:  Option 'mip_integral_gap_rel' deprecated, please use 'mip_opt_gap_rel'.
WARNING:  Option 'mip_integral_gap_abs' deprecated, please use 'mip_opt_gap_abs'.
WARNING:  Option 'mip_integral_gap_rel' deprecated, please use 'mip_opt_gap_rel'.
WARNING:  Option 'mip_integral_gap_abs' deprecated, please use 'mip_opt_gap_abs'.
WARNING:  Option 'mip_integral_gap_rel' deprecated, please use 'mip_opt_gap_rel'.
WARNING:  Option 'mip_integral_gap_abs' deprecated, please use 'mip_opt_gap_abs'.
WARNING:  Option 'mip_integral_gap_rel' deprecated, please use 'mip_opt_gap_rel'.
WARNING:  Option 'mip_integral_gap_abs' deprecated, please use 'mip_opt_gap_abs'.
WARNING:  Option 'mip_integral_gap_rel' deprecated, please use 'mip_opt_gap_rel'.
WARNING:  Option 'mip_integral_gap_abs' deprecated, please use 'mip_opt_gap_abs'.
WARNING:  Option 'mip_integral_gap_rel' deprecated, please use 'mip_opt_gap_rel'.
WARNING:  Option 'mip_integral_gap_abs' deprecated, please use 'mip_opt_gap_abs'.
WARNING:  Option 'mip_integral_gap_rel' deprecated, please use 'mip_opt_gap_rel'.
WARNING:  Option 'mip_integral_gap_abs' deprecated, please use 'mip_opt_gap_abs'.
WARNING:  Option 'mip_integral_gap_rel' deprecated, please use 'mip_opt_gap_rel'.
WARNING:  Option 'mip_integral_gap_abs' deprecated, please use 'mip_opt_gap_abs'.
WARNING:  Option 'mip_integral_gap_rel' deprecated, please use 'mip_opt_gap_rel'.
WARNING:  Option 'mip_integral_gap_abs' deprecated, please use 'mip_opt_gap_abs'.
WARNING:  Option 'mip_integral_gap_rel' deprecated, please use 'mip_opt_gap_rel'.
     384    8.970925e-01   0.000e+00   1.483e-02   1.191e-04       12
WARNING:  Option 'mip_integral_gap_abs' deprecated, please use 'mip_opt_gap_abs'.
WARNING:  Option 'mip_integral_gap_rel' deprecated, please use 'mip_opt_gap_rel'.
WARNING:  Option 'mip_integral_gap_abs' deprecated, please use 'mip_opt_gap_abs'.
WARNING:  Option 'mip_integral_gap_rel' deprecated, please use 'mip_opt_gap_rel'.
WARNING:  Option 'mip_integral_gap_abs' deprecated, please use 'mip_opt_gap_abs'.
WARNING:  Option 'mip_integral_gap_rel' deprecated, please use 'mip_opt_gap_rel'.
WARNING:  Option 'mip_integral_gap_abs' deprecated, please use 'mip_opt_gap_abs'.
WARNING:  Option 'mip_integral_gap_rel' deprecated, please use 'mip_opt_gap_rel'.
     385    8.970922e-01   0.000e+00   1.483e-02   1.256e-05        0
WARNING:  Option 'mip_integral_gap_abs' deprecated, please use 'mip_opt_gap_abs'.
WARNING:  Option 'mip_integral_gap_rel' deprecated, please use 'mip_opt_gap_rel'.
WARNING:  Option 'mip_integral_gap_abs' deprecated, please use 'mip_opt_gap_abs'.
WARNING:  Option 'mip_integral_gap_rel' deprecated, please use 'mip_opt_gap_rel'.
WARNING:  Option 'mip_integral_gap_abs' deprecated, please use 'mip_opt_gap_abs'.
WARNING:  Option 'mip_integral_gap_rel' deprecated, please use 'mip_opt_gap_rel'.
WARNING:  Option 'mip_integral_gap_abs' deprecated, please use 'mip_opt_gap_abs'.
WARNING:  Option 'mip_integral_gap_rel' deprecated, please use 'mip_opt_gap_rel'.
WARNING:  Option 'mip_integral_gap_abs' deprecated, please use 'mip_opt_gap_abs'.
WARNING:  Option 'mip_integral_gap_rel' deprecated, please use 'mip_opt_gap_rel'.
WARNING:  Option 'mip_integral_gap_abs' deprecated, please use 'mip_opt_gap_abs'.
WARNING:  Option 'mip_integral_gap_rel' deprecated, please use 'mip_opt_gap_rel'.
WARNING:  Option 'mip_integral_gap_abs' deprecated, please use 'mip_opt_gap_abs'.
WARNING:  Option 'mip_integral_gap_rel' deprecated, please use 'mip_opt_gap_rel'.
WARNING:  Option 'mip_integral_gap_abs' deprecated, please use 'mip_opt_gap_abs'.
WARNING:  Option 'mip_integral_gap_rel' deprecated, please use 'mip_opt_gap_rel'.
WARNING:  Option 'mip_integral_gap_abs' deprecated, please use 'mip_opt_gap_abs'.
WARNING:  Option 'mip_integral_gap_rel' deprecated, please use 'mip_opt_gap_rel'.
WARNING:  Option 'mip_integral_gap_abs' deprecated, please use 'mip_opt_gap_abs'.
WARNING:  Option 'mip_integral_gap_rel' deprecated, please use 'mip_opt_gap_rel'.
WARNING:  Option 'mip_integral_gap_abs' deprecated, please use 'mip_opt_gap_abs'.
WARNING:  Option 'mip_integral_gap_rel' deprecated, please use 'mip_opt_gap_rel'.
WARNING:  Option 'mip_integral_gap_abs' deprecated, please use 'mip_opt_gap_abs'.
WARNING:  Option 'mip_integral_gap_rel' deprecated, please use 'mip_opt_gap_rel'.
WARNING:  Option 'mip_integral_gap_abs' deprecated, please use 'mip_opt_gap_abs'.
WARNING:  Option 'mip_integral_gap_rel' deprecated, please use 'mip_opt_gap_rel'.
WARNING:  Option 'mip_integral_gap_abs' deprecated, please use 'mip_opt_gap_abs'.
WARNING:  Option 'mip_integral_gap_rel' deprecated, please use 'mip_opt_gap_rel'.
WARNING:  Option 'mip_integral_gap_abs' deprecated, please use 'mip_opt_gap_abs'.
WARNING:  Option 'mip_integral_gap_rel' deprecated, please use 'mip_opt_gap_rel'.
WARNING:  Option 'mip_integral_gap_abs' deprecated, please use 'mip_opt_gap_abs'.
WARNING:  Option 'mip_integral_gap_rel' deprecated, please use 'mip_opt_gap_rel'.
WARNING:  Option 'mip_integral_gap_abs' deprecated, please use 'mip_opt_gap_abs'.
WARNING:  Option 'mip_integral_gap_rel' deprecated, please use 'mip_opt_gap_rel'.
     386    8.970915e-01   0.000e+00   1.460e-02   2.988e-05        1
WARNING:  Option 'mip_integral_gap_abs' deprecated, please use 'mip_opt_gap_abs'.
WARNING:  Option 'mip_integral_gap_rel' deprecated, please use 'mip_opt_gap_rel'.
WARNING:  Option 'mip_integral_gap_abs' deprecated, please use 'mip_opt_gap_abs'.
WARNING:  Option 'mip_integral_gap_rel' deprecated, please use 'mip_opt_gap_rel'.
WARNING:  Option 'mip_integral_gap_abs' deprecated, please use 'mip_opt_gap_abs'.
WARNING:  Option 'mip_integral_gap_rel' deprecated, please use 'mip_opt_gap_rel'.
WARNING:  Option 'mip_integral_gap_abs' deprecated, please use 'mip_opt_gap_abs'.
WARNING:  Option 'mip_integral_gap_rel' deprecated, please use 'mip_opt_gap_rel'.
WARNING:  Option 'mip_integral_gap_abs' deprecated, please use 'mip_opt_gap_abs'.
WARNING:  Option 'mip_integral_gap_rel' deprecated, please use 'mip_opt_gap_rel'.
WARNING:  Option 'mip_integral_gap_abs' deprecated, please use 'mip_opt_gap_abs'.
WARNING:  Option 'mip_integral_gap_rel' deprecated, please use 'mip_opt_gap_rel'.
WARNING:  Option 'mip_integral_gap_abs' deprecated, please use 'mip_opt_gap_abs'.
WARNING:  Option 'mip_integral_gap_rel' deprecated, please use 'mip_opt_gap_rel'.
     387    8.970912e-01   0.000e+00   2.458e-02   1.312e-05        5
WARNING:  Option 'mip_integral_gap_abs' deprecated, please use 'mip_opt_gap_abs'.
WARNING:  Option 'mip_integral_gap_rel' deprecated, please use 'mip_opt_gap_rel'.
WARNING:  Option 'mip_integral_gap_abs' deprecated, please use 'mip_opt_gap_abs'.
WARNING:  Option 'mip_integral_gap_rel' deprecated, please use 'mip_opt_gap_rel'.
     388    8.970896e-01   0.000e+00   3.938e-02   9.787e-05        2
WARNING:  Option 'mip_integral_gap_abs' deprecated, please use 'mip_opt_gap_abs'.
WARNING:  Option 'mip_integral_gap_rel' deprecated, please use 'mip_opt_gap_rel'.
WARNING:  Option 'mip_integral_gap_abs' deprecated, please use 'mip_opt_gap_abs'.
WARNING:  Option 'mip_integral_gap_rel' deprecated, please use 'mip_opt_gap_rel'.
WARNING:  Option 'mip_integral_gap_abs' deprecated, please use 'mip_opt_gap_abs'.
WARNING:  Option 'mip_integral_gap_rel' deprecated, please use 'mip_opt_gap_rel'.
     389    8.970896e-01   0.000e+00   3.936e-02   1.972e-08        0
WARNING:  Option 'mip_integral_gap_abs' deprecated, please use 'mip_opt_gap_abs'.
WARNING:  Option 'mip_integral_gap_rel' deprecated, please use 'mip_opt_gap_rel'.
WARNING:  Option 'mip_integral_gap_abs' deprecated, please use 'mip_opt_gap_abs'.
WARNING:  Option 'mip_integral_gap_rel' deprecated, please use 'mip_opt_gap_rel'.
WARNING:  Option 'mip_integral_gap_abs' deprecated, please use 'mip_opt_gap_abs'.
WARNING:  Option 'mip_integral_gap_rel' deprecated, please use 'mip_opt_gap_rel'.
WARNING:  Option 'mip_integral_gap_abs' deprecated, please use 'mip_opt_gap_abs'.
WARNING:  Option 'mip_integral_gap_rel' deprecated, please use 'mip_opt_gap_rel'.
WARNING:  Option 'mip_integral_gap_abs' deprecated, please use 'mip_opt_gap_abs'.
WARNING:  Option 'mip_integral_gap_rel' deprecated, please use 'mip_opt_gap_rel'.
WARNING:  Option 'mip_integral_gap_abs' deprecated, please use 'mip_opt_gap_abs'.
WARNING:  Option 'mip_integral_gap_rel' deprecated, please use 'mip_opt_gap_rel'.
WARNING:  Option 'mip_integral_gap_abs' deprecated, please use 'mip_opt_gap_abs'.
WARNING:  Option 'mip_integral_gap_rel' deprecated, please use 'mip_opt_gap_rel'.
WARNING:  Option 'mip_integral_gap_abs' deprecated, please use 'mip_opt_gap_abs'.
WARNING:  Option 'mip_integral_gap_rel' deprecated, please use 'mip_opt_gap_rel'.
WARNING:  Option 'mip_integral_gap_abs' deprecated, please use 'mip_opt_gap_abs'.
WARNING:  Option 'mip_integral_gap_rel' deprecated, please use 'mip_opt_gap_rel'.
WARNING:  Option 'mip_integral_gap_abs' deprecated, please use 'mip_opt_gap_abs'.
WARNING:  Option 'mip_integral_gap_rel' deprecated, please use 'mip_opt_gap_rel'.
WARNING:  Option 'mip_integral_gap_abs' deprecated, please use 'mip_opt_gap_abs'.
WARNING:  Option 'mip_integral_gap_rel' deprecated, please use 'mip_opt_gap_rel'.
WARNING:  Option 'mip_integral_gap_abs' deprecated, please use 'mip_opt_gap_abs'.
WARNING:  Option 'mip_integral_gap_rel' deprecated, please use 'mip_opt_gap_rel'.
     390    8.970822e-01   0.000e+00   3.935e-02   5.027e-05        1
WARNING:  Option 'mip_integral_gap_abs' deprecated, please use 'mip_opt_gap_abs'.
WARNING:  Option 'mip_integral_gap_rel' deprecated, please use 'mip_opt_gap_rel'.
WARNING:  Option 'mip_integral_gap_abs' deprecated, please use 'mip_opt_gap_abs'.
WARNING:  Option 'mip_integral_gap_rel' deprecated, please use 'mip_opt_gap_rel'.
WARNING:  Option 'mip_integral_gap_abs' deprecated, please use 'mip_opt_gap_abs'.
WARNING:  Option 'mip_integral_gap_rel' deprecated, please use 'mip_opt_gap_rel'.
WARNING:  Option 'mip_integral_gap_abs' deprecated, please use 'mip_opt_gap_abs'.
WARNING:  Option 'mip_integral_gap_rel' deprecated, please use 'mip_opt_gap_rel'.
WARNING:  Option 'mip_integral_gap_abs' deprecated, please use 'mip_opt_gap_abs'.
WARNING:  Option 'mip_integral_gap_rel' deprecated, please use 'mip_opt_gap_rel'.
WARNING:  Option 'mip_integral_gap_abs' deprecated, please use 'mip_opt_gap_abs'.
WARNING:  Option 'mip_integral_gap_rel' deprecated, please use 'mip_opt_gap_rel'.
WARNING:  Option 'mip_integral_gap_abs' deprecated, please use 'mip_opt_gap_abs'.
WARNING:  Option 'mip_integral_gap_rel' deprecated, please use 'mip_opt_gap_rel'.
WARNING:  Option 'mip_integral_gap_abs' deprecated, please use 'mip_opt_gap_abs'.
WARNING:  Option 'mip_integral_gap_rel' deprecated, please use 'mip_opt_gap_rel'.
WARNING:  Option 'mip_integral_gap_abs' deprecated, please use 'mip_opt_gap_abs'.
WARNING:  Option 'mip_integral_gap_rel' deprecated, please use 'mip_opt_gap_rel'.
WARNING:  Option 'mip_integral_gap_abs' deprecated, please use 'mip_opt_gap_abs'.
WARNING:  Option 'mip_integral_gap_rel' deprecated, please use 'mip_opt_gap_rel'.
WARNING:  Option 'mip_integral_gap_abs' deprecated, please use 'mip_opt_gap_abs'.
WARNING:  Option 'mip_integral_gap_rel' deprecated, please use 'mip_opt_gap_rel'.
WARNING:  Option 'mip_integral_gap_abs' deprecated, please use 'mip_opt_gap_abs'.
WARNING:  Option 'mip_integral_gap_rel' deprecated, please use 'mip_opt_gap_rel'.
WARNING:  Option 'mip_integral_gap_abs' deprecated, please use 'mip_opt_gap_abs'.
WARNING:  Option 'mip_integral_gap_rel' deprecated, please use 'mip_opt_gap_rel'.
WARNING:  Option 'mip_integral_gap_abs' deprecated, please use 'mip_opt_gap_abs'.
WARNING:  Option 'mip_integral_gap_rel' deprecated, please use 'mip_opt_gap_rel'.
WARNING:  Option 'mip_integral_gap_abs' deprecated, please use 'mip_opt_gap_abs'.
WARNING:  Option 'mip_integral_gap_rel' deprecated, please use 'mip_opt_gap_rel'.
WARNING:  Option 'mip_integral_gap_abs' deprecated, please use 'mip_opt_gap_abs'.
WARNING:  Option 'mip_integral_gap_rel' deprecated, please use 'mip_opt_gap_rel'.
WARNING:  Option 'mip_integral_gap_abs' deprecated, please use 'mip_opt_gap_abs'.
WARNING:  Option 'mip_integral_gap_rel' deprecated, please use 'mip_opt_gap_rel'.
WARNING:  Option 'mip_integral_gap_abs' deprecated, please use 'mip_opt_gap_abs'.
WARNING:  Option 'mip_integral_gap_rel' deprecated, please use 'mip_opt_gap_rel'.
WARNING:  Option 'mip_integral_gap_abs' deprecated, please use 'mip_opt_gap_abs'.
WARNING:  Option 'mip_integral_gap_rel' deprecated, please use 'mip_opt_gap_rel'.
WARNING:  Option 'mip_integral_gap_abs' deprecated, please use 'mip_opt_gap_abs'.
WARNING:  Option 'mip_integral_gap_rel' deprecated, please use 'mip_opt_gap_rel'.
     391    8.970821e-01   0.000e+00   3.935e-02   4.584e-06        1
WARNING:  Option 'mip_integral_gap_abs' deprecated, please use 'mip_opt_gap_abs'.
WARNING:  Option 'mip_integral_gap_rel' deprecated, please use 'mip_opt_gap_rel'.
WARNING:  Option 'mip_integral_gap_abs' deprecated, please use 'mip_opt_gap_abs'.
WARNING:  Option 'mip_integral_gap_rel' deprecated, please use 'mip_opt_gap_rel'.
WARNING:  Option 'mip_integral_gap_abs' deprecated, please use 'mip_opt_gap_abs'.
WARNING:  Option 'mip_integral_gap_rel' deprecated, please use 'mip_opt_gap_rel'.
WARNING:  Option 'mip_integral_gap_abs' deprecated, please use 'mip_opt_gap_abs'.
WARNING:  Option 'mip_integral_gap_rel' deprecated, please use 'mip_opt_gap_rel'.
     392    8.970821e-01   0.000e+00   1.497e-02   1.685e-08        0
WARNING:  Option 'mip_integral_gap_abs' deprecated, please use 'mip_opt_gap_abs'.
WARNING:  Option 'mip_integral_gap_rel' deprecated, please use 'mip_opt_gap_rel'.
WARNING:  Option 'mip_integral_gap_abs' deprecated, please use 'mip_opt_gap_abs'.
WARNING:  Option 'mip_integral_gap_rel' deprecated, please use 'mip_opt_gap_rel'.
WARNING:  Option 'mip_integral_gap_abs' deprecated, please use 'mip_opt_gap_abs'.
WARNING:  Option 'mip_integral_gap_rel' deprecated, please use 'mip_opt_gap_rel'.
WARNING:  Option 'mip_integral_gap_abs' deprecated, please use 'mip_opt_gap_abs'.
WARNING:  Option 'mip_integral_gap_rel' deprecated, please use 'mip_opt_gap_rel'.
WARNING:  Option 'mip_integral_gap_abs' deprecated, please use 'mip_opt_gap_abs'.
WARNING:  Option 'mip_integral_gap_rel' deprecated, please use 'mip_opt_gap_rel'.
WARNING:  Option 'mip_integral_gap_abs' deprecated, please use 'mip_opt_gap_abs'.
WARNING:  Option 'mip_integral_gap_rel' deprecated, please use 'mip_opt_gap_rel'.
WARNING:  Option 'mip_integral_gap_abs' deprecated, please use 'mip_opt_gap_abs'.
WARNING:  Option 'mip_integral_gap_rel' deprecated, please use 'mip_opt_gap_rel'.
     393    8.970819e-01   0.000e+00   1.850e-02   2.393e-05        1
WARNING:  Option 'mip_integral_gap_abs' deprecated, please use 'mip_opt_gap_abs'.
WARNING:  Option 'mip_integral_gap_rel' deprecated, please use 'mip_opt_gap_rel'.
WARNING:  Option 'mip_integral_gap_abs' deprecated, please use 'mip_opt_gap_abs'.
WARNING:  Option 'mip_integral_gap_rel' deprecated, please use 'mip_opt_gap_rel'.
WARNING:  Option 'mip_integral_gap_abs' deprecated, please use 'mip_opt_gap_abs'.
WARNING:  Option 'mip_integral_gap_rel' deprecated, please use 'mip_opt_gap_rel'.
WARNING:  Option 'mip_integral_gap_abs' deprecated, please use 'mip_opt_gap_abs'.
WARNING:  Option 'mip_integral_gap_rel' deprecated, please use 'mip_opt_gap_rel'.
     394    8.970819e-01   0.000e+00   1.672e-02   2.571e-06        0
WARNING:  Option 'mip_integral_gap_abs' deprecated, please use 'mip_opt_gap_abs'.
WARNING:  Option 'mip_integral_gap_rel' deprecated, please use 'mip_opt_gap_rel'.
WARNING:  Option 'mip_integral_gap_abs' deprecated, please use 'mip_opt_gap_abs'.
WARNING:  Option 'mip_integral_gap_rel' deprecated, please use 'mip_opt_gap_rel'.
WARNING:  Option 'mip_integral_gap_abs' deprecated, please use 'mip_opt_gap_abs'.
WARNING:  Option 'mip_integral_gap_rel' deprecated, please use 'mip_opt_gap_rel'.
WARNING:  Option 'mip_integral_gap_abs' deprecated, please use 'mip_opt_gap_abs'.
WARNING:  Option 'mip_integral_gap_rel' deprecated, please use 'mip_opt_gap_rel'.
WARNING:  Option 'mip_integral_gap_abs' deprecated, please use 'mip_opt_gap_abs'.
WARNING:  Option 'mip_integral_gap_rel' deprecated, please use 'mip_opt_gap_rel'.
WARNING:  Option 'mip_integral_gap_abs' deprecated, please use 'mip_opt_gap_abs'.
WARNING:  Option 'mip_integral_gap_rel' deprecated, please use 'mip_opt_gap_rel'.
WARNING:  Option 'mip_integral_gap_abs' deprecated, please use 'mip_opt_gap_abs'.
WARNING:  Option 'mip_integral_gap_rel' deprecated, please use 'mip_opt_gap_rel'.
     395    8.970817e-01   0.000e+00   3.677e-02   7.825e-06        1
WARNING:  Option 'mip_integral_gap_abs' deprecated, please use 'mip_opt_gap_abs'.
WARNING:  Option 'mip_integral_gap_rel' deprecated, please use 'mip_opt_gap_rel'.
WARNING:  Option 'mip_integral_gap_abs' deprecated, please use 'mip_opt_gap_abs'.
WARNING:  Option 'mip_integral_gap_rel' deprecated, please use 'mip_opt_gap_rel'.
WARNING:  Option 'mip_integral_gap_abs' deprecated, please use 'mip_opt_gap_abs'.
WARNING:  Option 'mip_integral_gap_rel' deprecated, please use 'mip_opt_gap_rel'.
WARNING:  Option 'mip_integral_gap_abs' deprecated, please use 'mip_opt_gap_abs'.
WARNING:  Option 'mip_integral_gap_rel' deprecated, please use 'mip_opt_gap_rel'.
     396    8.970813e-01   0.000e+00   3.315e-02   3.455e-05        0
WARNING:  Option 'mip_integral_gap_abs' deprecated, please use 'mip_opt_gap_abs'.
WARNING:  Option 'mip_integral_gap_rel' deprecated, please use 'mip_opt_gap_rel'.
WARNING:  Option 'mip_integral_gap_abs' deprecated, please use 'mip_opt_gap_abs'.
WARNING:  Option 'mip_integral_gap_rel' deprecated, please use 'mip_opt_gap_rel'.
WARNING:  Option 'mip_integral_gap_abs' deprecated, please use 'mip_opt_gap_abs'.
WARNING:  Option 'mip_integral_gap_rel' deprecated, please use 'mip_opt_gap_rel'.
WARNING:  Option 'mip_integral_gap_abs' deprecated, please use 'mip_opt_gap_abs'.
WARNING:  Option 'mip_integral_gap_rel' deprecated, please use 'mip_opt_gap_rel'.
WARNING:  Option 'mip_integral_gap_abs' deprecated, please use 'mip_opt_gap_abs'.
WARNING:  Option 'mip_integral_gap_rel' deprecated, please use 'mip_opt_gap_rel'.
WARNING:  Option 'mip_integral_gap_abs' deprecated, please use 'mip_opt_gap_abs'.
WARNING:  Option 'mip_integral_gap_rel' deprecated, please use 'mip_opt_gap_rel'.
     397    8.970761e-01   0.000e+00   3.907e-02   3.664e-04        0
WARNING:  Option 'mip_integral_gap_abs' deprecated, please use 'mip_opt_gap_abs'.
WARNING:  Option 'mip_integral_gap_rel' deprecated, please use 'mip_opt_gap_rel'.
WARNING:  Option 'mip_integral_gap_abs' deprecated, please use 'mip_opt_gap_abs'.
WARNING:  Option 'mip_integral_gap_rel' deprecated, please use 'mip_opt_gap_rel'.
WARNING:  Option 'mip_integral_gap_abs' deprecated, please use 'mip_opt_gap_abs'.
WARNING:  Option 'mip_integral_gap_rel' deprecated, please use 'mip_opt_gap_rel'.
WARNING:  Option 'mip_integral_gap_abs' deprecated, please use 'mip_opt_gap_abs'.
WARNING:  Option 'mip_integral_gap_rel' deprecated, please use 'mip_opt_gap_rel'.
WARNING:  Option 'mip_integral_gap_abs' deprecated, please use 'mip_opt_gap_abs'.
WARNING:  Option 'mip_integral_gap_rel' deprecated, please use 'mip_opt_gap_rel'.
WARNING:  Option 'mip_integral_gap_abs' deprecated, please use 'mip_opt_gap_abs'.
WARNING:  Option 'mip_integral_gap_rel' deprecated, please use 'mip_opt_gap_rel'.
WARNING:  Option 'mip_integral_gap_abs' deprecated, please use 'mip_opt_gap_abs'.
WARNING:  Option 'mip_integral_gap_rel' deprecated, please use 'mip_opt_gap_rel'.
WARNING:  Option 'mip_integral_gap_abs' deprecated, please use 'mip_opt_gap_abs'.
WARNING:  Option 'mip_integral_gap_rel' deprecated, please use 'mip_opt_gap_rel'.
WARNING:  Option 'mip_integral_gap_abs' deprecated, please use 'mip_opt_gap_abs'.
WARNING:  Option 'mip_integral_gap_rel' deprecated, please use 'mip_opt_gap_rel'.
WARNING:  Option 'mip_integral_gap_abs' deprecated, please use 'mip_opt_gap_abs'.
WARNING:  Option 'mip_integral_gap_rel' deprecated, please use 'mip_opt_gap_rel'.
WARNING:  Option 'mip_integral_gap_abs' deprecated, please use 'mip_opt_gap_abs'.
WARNING:  Option 'mip_integral_gap_rel' deprecated, please use 'mip_opt_gap_rel'.
WARNING:  Option 'mip_integral_gap_abs' deprecated, please use 'mip_opt_gap_abs'.
WARNING:  Option 'mip_integral_gap_rel' deprecated, please use 'mip_opt_gap_rel'.
WARNING:  Option 'mip_integral_gap_abs' deprecated, please use 'mip_opt_gap_abs'.
WARNING:  Option 'mip_integral_gap_rel' deprecated, please use 'mip_opt_gap_rel'.
WARNING:  Option 'mip_integral_gap_abs' deprecated, please use 'mip_opt_gap_abs'.
WARNING:  Option 'mip_integral_gap_rel' deprecated, please use 'mip_opt_gap_rel'.
WARNING:  Option 'mip_integral_gap_abs' deprecated, please use 'mip_opt_gap_abs'.
WARNING:  Option 'mip_integral_gap_rel' deprecated, please use 'mip_opt_gap_rel'.
WARNING:  Option 'mip_integral_gap_abs' deprecated, please use 'mip_opt_gap_abs'.
WARNING:  Option 'mip_integral_gap_rel' deprecated, please use 'mip_opt_gap_rel'.
WARNING:  Option 'mip_integral_gap_abs' deprecated, please use 'mip_opt_gap_abs'.
WARNING:  Option 'mip_integral_gap_rel' deprecated, please use 'mip_opt_gap_rel'.
WARNING:  Option 'mip_integral_gap_abs' deprecated, please use 'mip_opt_gap_abs'.
WARNING:  Option 'mip_integral_gap_rel' deprecated, please use 'mip_opt_gap_rel'.
WARNING:  Option 'mip_integral_gap_abs' deprecated, please use 'mip_opt_gap_abs'.
WARNING:  Option 'mip_integral_gap_rel' deprecated, please use 'mip_opt_gap_rel'.
WARNING:  Option 'mip_integral_gap_abs' deprecated, please use 'mip_opt_gap_abs'.
WARNING:  Option 'mip_integral_gap_rel' deprecated, please use 'mip_opt_gap_rel'.
     398    8.970759e-01   0.000e+00   1.304e-02   4.781e-06       18
WARNING:  Option 'mip_integral_gap_abs' deprecated, please use 'mip_opt_gap_abs'.
WARNING:  Option 'mip_integral_gap_rel' deprecated, please use 'mip_opt_gap_rel'.
WARNING:  Option 'mip_integral_gap_abs' deprecated, please use 'mip_opt_gap_abs'.
WARNING:  Option 'mip_integral_gap_rel' deprecated, please use 'mip_opt_gap_rel'.
WARNING:  Option 'mip_integral_gap_abs' deprecated, please use 'mip_opt_gap_abs'.
WARNING:  Option 'mip_integral_gap_rel' deprecated, please use 'mip_opt_gap_rel'.
WARNING:  Option 'mip_integral_gap_abs' deprecated, please use 'mip_opt_gap_abs'.
WARNING:  Option 'mip_integral_gap_rel' deprecated, please use 'mip_opt_gap_rel'.
     399    8.970759e-01   0.000e+00   1.304e-02   6.826e-06        0
WARNING:  Option 'mip_integral_gap_abs' deprecated, please use 'mip_opt_gap_abs'.
WARNING:  Option 'mip_integral_gap_rel' deprecated, please use 'mip_opt_gap_rel'.
WARNING:  Option 'mip_integral_gap_abs' deprecated, please use 'mip_opt_gap_abs'.
WARNING:  Option 'mip_integral_gap_rel' deprecated, please use 'mip_opt_gap_rel'.
WARNING:  Option 'mip_integral_gap_abs' deprecated, please use 'mip_opt_gap_abs'.
WARNING:  Option 'mip_integral_gap_rel' deprecated, please use 'mip_opt_gap_rel'.
WARNING:  Option 'mip_integral_gap_abs' deprecated, please use 'mip_opt_gap_abs'.
WARNING:  Option 'mip_integral_gap_rel' deprecated, please use 'mip_opt_gap_rel'.
WARNING:  Option 'mip_integral_gap_abs' deprecated, please use 'mip_opt_gap_abs'.
WARNING:  Option 'mip_integral_gap_rel' deprecated, please use 'mip_opt_gap_rel'.
WARNING:  Option 'mip_integral_gap_abs' deprecated, please use 'mip_opt_gap_abs'.
WARNING:  Option 'mip_integral_gap_rel' deprecated, please use 'mip_opt_gap_rel'.
WARNING:  Option 'mip_integral_gap_abs' deprecated, please use 'mip_opt_gap_abs'.
WARNING:  Option 'mip_integral_gap_rel' deprecated, please use 'mip_opt_gap_rel'.
     400    8.970757e-01   0.000e+00   1.440e-02   2.640e-05        1
WARNING:  Option 'mip_integral_gap_abs' deprecated, please use 'mip_opt_gap_abs'.
WARNING:  Option 'mip_integral_gap_rel' deprecated, please use 'mip_opt_gap_rel'.
WARNING:  Option 'mip_integral_gap_abs' deprecated, please use 'mip_opt_gap_abs'.
WARNING:  Option 'mip_integral_gap_rel' deprecated, please use 'mip_opt_gap_rel'.
WARNING:  Option 'mip_integral_gap_abs' deprecated, please use 'mip_opt_gap_abs'.
WARNING:  Option 'mip_integral_gap_rel' deprecated, please use 'mip_opt_gap_rel'.
WARNING:  Option 'mip_integral_gap_abs' deprecated, please use 'mip_opt_gap_abs'.
WARNING:  Option 'mip_integral_gap_rel' deprecated, please use 'mip_opt_gap_rel'.
     401    8.970749e-01   0.000e+00   1.438e-02   2.009e-04        0
WARNING:  Option 'mip_integral_gap_abs' deprecated, please use 'mip_opt_gap_abs'.
WARNING:  Option 'mip_integral_gap_rel' deprecated, please use 'mip_opt_gap_rel'.
WARNING:  Option 'mip_integral_gap_abs' deprecated, please use 'mip_opt_gap_abs'.
WARNING:  Option 'mip_integral_gap_rel' deprecated, please use 'mip_opt_gap_rel'.
WARNING:  Option 'mip_integral_gap_abs' deprecated, please use 'mip_opt_gap_abs'.
WARNING:  Option 'mip_integral_gap_rel' deprecated, please use 'mip_opt_gap_rel'.
WARNING:  Option 'mip_integral_gap_abs' deprecated, please use 'mip_opt_gap_abs'.
WARNING:  Option 'mip_integral_gap_rel' deprecated, please use 'mip_opt_gap_rel'.
WARNING:  Option 'mip_integral_gap_abs' deprecated, please use 'mip_opt_gap_abs'.
WARNING:  Option 'mip_integral_gap_rel' deprecated, please use 'mip_opt_gap_rel'.
WARNING:  Option 'mip_integral_gap_abs' deprecated, please use 'mip_opt_gap_abs'.
WARNING:  Option 'mip_integral_gap_rel' deprecated, please use 'mip_opt_gap_rel'.
WARNING:  Option 'mip_integral_gap_abs' deprecated, please use 'mip_opt_gap_abs'.
WARNING:  Option 'mip_integral_gap_rel' deprecated, please use 'mip_opt_gap_rel'.
WARNING:  Option 'mip_integral_gap_abs' deprecated, please use 'mip_opt_gap_abs'.
WARNING:  Option 'mip_integral_gap_rel' deprecated, please use 'mip_opt_gap_rel'.
WARNING:  Option 'mip_integral_gap_abs' deprecated, please use 'mip_opt_gap_abs'.
WARNING:  Option 'mip_integral_gap_rel' deprecated, please use 'mip_opt_gap_rel'.
WARNING:  Option 'mip_integral_gap_abs' deprecated, please use 'mip_opt_gap_abs'.
WARNING:  Option 'mip_integral_gap_rel' deprecated, please use 'mip_opt_gap_rel'.
WARNING:  Option 'mip_integral_gap_abs' deprecated, please use 'mip_opt_gap_abs'.
WARNING:  Option 'mip_integral_gap_rel' deprecated, please use 'mip_opt_gap_rel'.
     402    8.970744e-01   0.000e+00   1.420e-02   9.835e-05        1
WARNING:  Option 'mip_integral_gap_abs' deprecated, please use 'mip_opt_gap_abs'.
WARNING:  Option 'mip_integral_gap_rel' deprecated, please use 'mip_opt_gap_rel'.
WARNING:  Option 'mip_integral_gap_abs' deprecated, please use 'mip_opt_gap_abs'.
WARNING:  Option 'mip_integral_gap_rel' deprecated, please use 'mip_opt_gap_rel'.
WARNING:  Option 'mip_integral_gap_abs' deprecated, please use 'mip_opt_gap_abs'.
WARNING:  Option 'mip_integral_gap_rel' deprecated, please use 'mip_opt_gap_rel'.
WARNING:  Option 'mip_integral_gap_abs' deprecated, please use 'mip_opt_gap_abs'.
WARNING:  Option 'mip_integral_gap_rel' deprecated, please use 'mip_opt_gap_rel'.
WARNING:  Option 'mip_integral_gap_abs' deprecated, please use 'mip_opt_gap_abs'.
WARNING:  Option 'mip_integral_gap_rel' deprecated, please use 'mip_opt_gap_rel'.
WARNING:  Option 'mip_integral_gap_abs' deprecated, please use 'mip_opt_gap_abs'.
WARNING:  Option 'mip_integral_gap_rel' deprecated, please use 'mip_opt_gap_rel'.
     403    8.970738e-01   0.000e+00   1.419e-02   4.455e-05        0
WARNING:  Option 'mip_integral_gap_abs' deprecated, please use 'mip_opt_gap_abs'.
WARNING:  Option 'mip_integral_gap_rel' deprecated, please use 'mip_opt_gap_rel'.
WARNING:  Option 'mip_integral_gap_abs' deprecated, please use 'mip_opt_gap_abs'.
WARNING:  Option 'mip_integral_gap_rel' deprecated, please use 'mip_opt_gap_rel'.
WARNING:  Option 'mip_integral_gap_abs' deprecated, please use 'mip_opt_gap_abs'.
WARNING:  Option 'mip_integral_gap_rel' deprecated, please use 'mip_opt_gap_rel'.
WARNING:  Option 'mip_integral_gap_abs' deprecated, please use 'mip_opt_gap_abs'.
WARNING:  Option 'mip_integral_gap_rel' deprecated, please use 'mip_opt_gap_rel'.
WARNING:  Option 'mip_integral_gap_abs' deprecated, please use 'mip_opt_gap_abs'.
WARNING:  Option 'mip_integral_gap_rel' deprecated, please use 'mip_opt_gap_rel'.
WARNING:  Option 'mip_integral_gap_abs' deprecated, please use 'mip_opt_gap_abs'.
WARNING:  Option 'mip_integral_gap_rel' deprecated, please use 'mip_opt_gap_rel'.
WARNING:  Option 'mip_integral_gap_abs' deprecated, please use 'mip_opt_gap_abs'.
WARNING:  Option 'mip_integral_gap_rel' deprecated, please use 'mip_opt_gap_rel'.
WARNING:  Option 'mip_integral_gap_abs' deprecated, please use 'mip_opt_gap_abs'.
WARNING:  Option 'mip_integral_gap_rel' deprecated, please use 'mip_opt_gap_rel'.
WARNING:  Option 'mip_integral_gap_abs' deprecated, please use 'mip_opt_gap_abs'.
WARNING:  Option 'mip_integral_gap_rel' deprecated, please use 'mip_opt_gap_rel'.
     404    8.970732e-01   0.000e+00   2.761e-02   4.723e-05        1
WARNING:  Option 'mip_integral_gap_abs' deprecated, please use 'mip_opt_gap_abs'.
WARNING:  Option 'mip_integral_gap_rel' deprecated, please use 'mip_opt_gap_rel'.
WARNING:  Option 'mip_integral_gap_abs' deprecated, please use 'mip_opt_gap_abs'.
WARNING:  Option 'mip_integral_gap_rel' deprecated, please use 'mip_opt_gap_rel'.
WARNING:  Option 'mip_integral_gap_abs' deprecated, please use 'mip_opt_gap_abs'.
WARNING:  Option 'mip_integral_gap_rel' deprecated, please use 'mip_opt_gap_rel'.
WARNING:  Option 'mip_integral_gap_abs' deprecated, please use 'mip_opt_gap_abs'.
WARNING:  Option 'mip_integral_gap_rel' deprecated, please use 'mip_opt_gap_rel'.
     405    8.970732e-01   0.000e+00   2.714e-02   1.567e-05        0
WARNING:  Option 'mip_integral_gap_abs' deprecated, please use 'mip_opt_gap_abs'.
WARNING:  Option 'mip_integral_gap_rel' deprecated, please use 'mip_opt_gap_rel'.
WARNING:  Option 'mip_integral_gap_abs' deprecated, please use 'mip_opt_gap_abs'.
WARNING:  Option 'mip_integral_gap_rel' deprecated, please use 'mip_opt_gap_rel'.
WARNING:  Option 'mip_integral_gap_abs' deprecated, please use 'mip_opt_gap_abs'.
WARNING:  Option 'mip_integral_gap_rel' deprecated, please use 'mip_opt_gap_rel'.
WARNING:  Option 'mip_integral_gap_abs' deprecated, please use 'mip_opt_gap_abs'.
WARNING:  Option 'mip_integral_gap_rel' deprecated, please use 'mip_opt_gap_rel'.
WARNING:  Option 'mip_integral_gap_abs' deprecated, please use 'mip_opt_gap_abs'.
WARNING:  Option 'mip_integral_gap_rel' deprecated, please use 'mip_opt_gap_rel'.
WARNING:  Option 'mip_integral_gap_abs' deprecated, please use 'mip_opt_gap_abs'.
WARNING:  Option 'mip_integral_gap_rel' deprecated, please use 'mip_opt_gap_rel'.
WARNING:  Option 'mip_integral_gap_abs' deprecated, please use 'mip_opt_gap_abs'.
WARNING:  Option 'mip_integral_gap_rel' deprecated, please use 'mip_opt_gap_rel'.
WARNING:  Option 'mip_integral_gap_abs' deprecated, please use 'mip_opt_gap_abs'.
WARNING:  Option 'mip_integral_gap_rel' deprecated, please use 'mip_opt_gap_rel'.
WARNING:  Option 'mip_integral_gap_abs' deprecated, please use 'mip_opt_gap_abs'.
WARNING:  Option 'mip_integral_gap_rel' deprecated, please use 'mip_opt_gap_rel'.
WARNING:  Option 'mip_integral_gap_abs' deprecated, please use 'mip_opt_gap_abs'.
WARNING:  Option 'mip_integral_gap_rel' deprecated, please use 'mip_opt_gap_rel'.
WARNING:  Option 'mip_integral_gap_abs' deprecated, please use 'mip_opt_gap_abs'.
WARNING:  Option 'mip_integral_gap_rel' deprecated, please use 'mip_opt_gap_rel'.
WARNING:  Option 'mip_integral_gap_abs' deprecated, please use 'mip_opt_gap_abs'.
WARNING:  Option 'mip_integral_gap_rel' deprecated, please use 'mip_opt_gap_rel'.
WARNING:  Option 'mip_integral_gap_abs' deprecated, please use 'mip_opt_gap_abs'.
WARNING:  Option 'mip_integral_gap_rel' deprecated, please use 'mip_opt_gap_rel'.
WARNING:  Option 'mip_integral_gap_abs' deprecated, please use 'mip_opt_gap_abs'.
WARNING:  Option 'mip_integral_gap_rel' deprecated, please use 'mip_opt_gap_rel'.
WARNING:  Option 'mip_integral_gap_abs' deprecated, please use 'mip_opt_gap_abs'.
WARNING:  Option 'mip_integral_gap_rel' deprecated, please use 'mip_opt_gap_rel'.
WARNING:  Option 'mip_integral_gap_abs' deprecated, please use 'mip_opt_gap_abs'.
WARNING:  Option 'mip_integral_gap_rel' deprecated, please use 'mip_opt_gap_rel'.
WARNING:  Option 'mip_integral_gap_abs' deprecated, please use 'mip_opt_gap_abs'.
WARNING:  Option 'mip_integral_gap_rel' deprecated, please use 'mip_opt_gap_rel'.
WARNING:  Option 'mip_integral_gap_abs' deprecated, please use 'mip_opt_gap_abs'.
WARNING:  Option 'mip_integral_gap_rel' deprecated, please use 'mip_opt_gap_rel'.
     406    8.970730e-01   0.000e+00   5.493e-03   2.628e-06       41
WARNING:  Option 'mip_integral_gap_abs' deprecated, please use 'mip_opt_gap_abs'.
WARNING:  Option 'mip_integral_gap_rel' deprecated, please use 'mip_opt_gap_rel'.
WARNING:  Option 'mip_integral_gap_abs' deprecated, please use 'mip_opt_gap_abs'.
WARNING:  Option 'mip_integral_gap_rel' deprecated, please use 'mip_opt_gap_rel'.
WARNING:  Option 'mip_integral_gap_abs' deprecated, please use 'mip_opt_gap_abs'.
WARNING:  Option 'mip_integral_gap_rel' deprecated, please use 'mip_opt_gap_rel'.
WARNING:  Option 'mip_integral_gap_abs' deprecated, please use 'mip_opt_gap_abs'.
WARNING:  Option 'mip_integral_gap_rel' deprecated, please use 'mip_opt_gap_rel'.
     407    8.970730e-01   0.000e+00   5.494e-03   4.402e-08        0
WARNING:  Option 'mip_integral_gap_abs' deprecated, please use 'mip_opt_gap_abs'.
WARNING:  Option 'mip_integral_gap_rel' deprecated, please use 'mip_opt_gap_rel'.
WARNING:  Option 'mip_integral_gap_abs' deprecated, please use 'mip_opt_gap_abs'.
WARNING:  Option 'mip_integral_gap_rel' deprecated, please use 'mip_opt_gap_rel'.
WARNING:  Option 'mip_integral_gap_abs' deprecated, please use 'mip_opt_gap_abs'.
WARNING:  Option 'mip_integral_gap_rel' deprecated, please use 'mip_opt_gap_rel'.
WARNING:  Option 'mip_integral_gap_abs' deprecated, please use 'mip_opt_gap_abs'.
WARNING:  Option 'mip_integral_gap_rel' deprecated, please use 'mip_opt_gap_rel'.
     408    8.970168e-01   0.000e+00   1.181e-01   1.535e-02        0
WARNING:  Option 'mip_integral_gap_abs' deprecated, please use 'mip_opt_gap_abs'.
WARNING:  Option 'mip_integral_gap_rel' deprecated, please use 'mip_opt_gap_rel'.
WARNING:  Option 'mip_integral_gap_abs' deprecated, please use 'mip_opt_gap_abs'.
WARNING:  Option 'mip_integral_gap_rel' deprecated, please use 'mip_opt_gap_rel'.
WARNING:  Option 'mip_integral_gap_abs' deprecated, please use 'mip_opt_gap_abs'.
WARNING:  Option 'mip_integral_gap_rel' deprecated, please use 'mip_opt_gap_rel'.
WARNING:  Option 'mip_integral_gap_abs' deprecated, please use 'mip_opt_gap_abs'.
WARNING:  Option 'mip_integral_gap_rel' deprecated, please use 'mip_opt_gap_rel'.
WARNING:  Option 'mip_integral_gap_abs' deprecated, please use 'mip_opt_gap_abs'.
WARNING:  Option 'mip_integral_gap_rel' deprecated, please use 'mip_opt_gap_rel'.
WARNING:  Option 'mip_integral_gap_abs' deprecated, please use 'mip_opt_gap_abs'.
WARNING:  Option 'mip_integral_gap_rel' deprecated, please use 'mip_opt_gap_rel'.
WARNING:  Option 'mip_integral_gap_abs' deprecated, please use 'mip_opt_gap_abs'.
WARNING:  Option 'mip_integral_gap_rel' deprecated, please use 'mip_opt_gap_rel'.
WARNING:  Option 'mip_integral_gap_abs' deprecated, please use 'mip_opt_gap_abs'.
WARNING:  Option 'mip_integral_gap_rel' deprecated, please use 'mip_opt_gap_rel'.
WARNING:  Option 'mip_integral_gap_abs' deprecated, please use 'mip_opt_gap_abs'.
WARNING:  Option 'mip_integral_gap_rel' deprecated, please use 'mip_opt_gap_rel'.
WARNING:  Option 'mip_integral_gap_abs' deprecated, please use 'mip_opt_gap_abs'.
WARNING:  Option 'mip_integral_gap_rel' deprecated, please use 'mip_opt_gap_rel'.
WARNING:  Option 'mip_integral_gap_abs' deprecated, please use 'mip_opt_gap_abs'.
WARNING:  Option 'mip_integral_gap_rel' deprecated, please use 'mip_opt_gap_rel'.
WARNING:  Option 'mip_integral_gap_abs' deprecated, please use 'mip_opt_gap_abs'.
WARNING:  Option 'mip_integral_gap_rel' deprecated, please use 'mip_opt_gap_rel'.
WARNING:  Option 'mip_integral_gap_abs' deprecated, please use 'mip_opt_gap_abs'.
WARNING:  Option 'mip_integral_gap_rel' deprecated, please use 'mip_opt_gap_rel'.
WARNING:  Option 'mip_integral_gap_abs' deprecated, please use 'mip_opt_gap_abs'.
WARNING:  Option 'mip_integral_gap_rel' deprecated, please use 'mip_opt_gap_rel'.
WARNING:  Option 'mip_integral_gap_abs' deprecated, please use 'mip_opt_gap_abs'.
WARNING:  Option 'mip_integral_gap_rel' deprecated, please use 'mip_opt_gap_rel'.
WARNING:  Option 'mip_integral_gap_abs' deprecated, please use 'mip_opt_gap_abs'.
WARNING:  Option 'mip_integral_gap_rel' deprecated, please use 'mip_opt_gap_rel'.
WARNING:  Option 'mip_integral_gap_abs' deprecated, please use 'mip_opt_gap_abs'.
WARNING:  Option 'mip_integral_gap_rel' deprecated, please use 'mip_opt_gap_rel'.
WARNING:  Option 'mip_integral_gap_abs' deprecated, please use 'mip_opt_gap_abs'.
WARNING:  Option 'mip_integral_gap_rel' deprecated, please use 'mip_opt_gap_rel'.
WARNING:  Option 'mip_integral_gap_abs' deprecated, please use 'mip_opt_gap_abs'.
WARNING:  Option 'mip_integral_gap_rel' deprecated, please use 'mip_opt_gap_rel'.
WARNING:  Option 'mip_integral_gap_abs' deprecated, please use 'mip_opt_gap_abs'.
WARNING:  Option 'mip_integral_gap_rel' deprecated, please use 'mip_opt_gap_rel'.
WARNING:  Option 'mip_integral_gap_abs' deprecated, please use 'mip_opt_gap_abs'.
WARNING:  Option 'mip_integral_gap_rel' deprecated, please use 'mip_opt_gap_rel'.
WARNING:  Option 'mip_integral_gap_abs' deprecated, please use 'mip_opt_gap_abs'.
WARNING:  Option 'mip_integral_gap_rel' deprecated, please use 'mip_opt_gap_rel'.
WARNING:  Option 'mip_integral_gap_abs' deprecated, please use 'mip_opt_gap_abs'.
WARNING:  Option 'mip_integral_gap_rel' deprecated, please use 'mip_opt_gap_rel'.
WARNING:  Option 'mip_integral_gap_abs' deprecated, please use 'mip_opt_gap_abs'.
WARNING:  Option 'mip_integral_gap_rel' deprecated, please use 'mip_opt_gap_rel'.
WARNING:  Option 'mip_integral_gap_abs' deprecated, please use 'mip_opt_gap_abs'.
WARNING:  Option 'mip_integral_gap_rel' deprecated, please use 'mip_opt_gap_rel'.
WARNING:  Option 'mip_integral_gap_abs' deprecated, please use 'mip_opt_gap_abs'.
WARNING:  Option 'mip_integral_gap_rel' deprecated, please use 'mip_opt_gap_rel'.
WARNING:  Option 'mip_integral_gap_abs' deprecated, please use 'mip_opt_gap_abs'.
WARNING:  Option 'mip_integral_gap_rel' deprecated, please use 'mip_opt_gap_rel'.
     409    8.970167e-01   0.000e+00   1.045e-01   2.063e-07        1
WARNING:  Option 'mip_integral_gap_abs' deprecated, please use 'mip_opt_gap_abs'.
WARNING:  Option 'mip_integral_gap_rel' deprecated, please use 'mip_opt_gap_rel'.
WARNING:  Option 'mip_integral_gap_abs' deprecated, please use 'mip_opt_gap_abs'.
WARNING:  Option 'mip_integral_gap_rel' deprecated, please use 'mip_opt_gap_rel'.
WARNING:  Option 'mip_integral_gap_abs' deprecated, please use 'mip_opt_gap_abs'.
WARNING:  Option 'mip_integral_gap_rel' deprecated, please use 'mip_opt_gap_rel'.
WARNING:  Option 'mip_integral_gap_abs' deprecated, please use 'mip_opt_gap_abs'.
WARNING:  Option 'mip_integral_gap_rel' deprecated, please use 'mip_opt_gap_rel'.
     410    8.970167e-01   0.000e+00   1.045e-01   2.478e-06        0
WARNING:  Option 'mip_integral_gap_abs' deprecated, please use 'mip_opt_gap_abs'.
WARNING:  Option 'mip_integral_gap_rel' deprecated, please use 'mip_opt_gap_rel'.
WARNING:  Option 'mip_integral_gap_abs' deprecated, please use 'mip_opt_gap_abs'.
WARNING:  Option 'mip_integral_gap_rel' deprecated, please use 'mip_opt_gap_rel'.
WARNING:  Option 'mip_integral_gap_abs' deprecated, please use 'mip_opt_gap_abs'.
WARNING:  Option 'mip_integral_gap_rel' deprecated, please use 'mip_opt_gap_rel'.
     411    8.968351e-01   0.000e+00   5.870e-02   1.268e-01        0
WARNING:  Option 'mip_integral_gap_abs' deprecated, please use 'mip_opt_gap_abs'.
WARNING:  Option 'mip_integral_gap_rel' deprecated, please use 'mip_opt_gap_rel'.
WARNING:  Option 'mip_integral_gap_abs' deprecated, please use 'mip_opt_gap_abs'.
WARNING:  Option 'mip_integral_gap_rel' deprecated, please use 'mip_opt_gap_rel'.
WARNING:  Option 'mip_integral_gap_abs' deprecated, please use 'mip_opt_gap_abs'.
WARNING:  Option 'mip_integral_gap_rel' deprecated, please use 'mip_opt_gap_rel'.
WARNING:  Option 'mip_integral_gap_abs' deprecated, please use 'mip_opt_gap_abs'.
WARNING:  Option 'mip_integral_gap_rel' deprecated, please use 'mip_opt_gap_rel'.
     412    8.968267e-01   0.000e+00   4.598e-02   8.894e-03        0
WARNING:  Option 'mip_integral_gap_abs' deprecated, please use 'mip_opt_gap_abs'.
WARNING:  Option 'mip_integral_gap_rel' deprecated, please use 'mip_opt_gap_rel'.
WARNING:  Option 'mip_integral_gap_abs' deprecated, please use 'mip_opt_gap_abs'.
WARNING:  Option 'mip_integral_gap_rel' deprecated, please use 'mip_opt_gap_rel'.
WARNING:  Option 'mip_integral_gap_abs' deprecated, please use 'mip_opt_gap_abs'.
WARNING:  Option 'mip_integral_gap_rel' deprecated, please use 'mip_opt_gap_rel'.
WARNING:  Option 'mip_integral_gap_abs' deprecated, please use 'mip_opt_gap_abs'.
WARNING:  Option 'mip_integral_gap_rel' deprecated, please use 'mip_opt_gap_rel'.
WARNING:  Option 'mip_integral_gap_abs' deprecated, please use 'mip_opt_gap_abs'.
WARNING:  Option 'mip_integral_gap_rel' deprecated, please use 'mip_opt_gap_rel'.
WARNING:  Option 'mip_integral_gap_abs' deprecated, please use 'mip_opt_gap_abs'.
WARNING:  Option 'mip_integral_gap_rel' deprecated, please use 'mip_opt_gap_rel'.
     413    8.968250e-01   0.000e+00   4.120e-02   2.426e-03        0
WARNING:  Option 'mip_integral_gap_abs' deprecated, please use 'mip_opt_gap_abs'.
WARNING:  Option 'mip_integral_gap_rel' deprecated, please use 'mip_opt_gap_rel'.
WARNING:  Option 'mip_integral_gap_abs' deprecated, please use 'mip_opt_gap_abs'.
WARNING:  Option 'mip_integral_gap_rel' deprecated, please use 'mip_opt_gap_rel'.
WARNING:  Option 'mip_integral_gap_abs' deprecated, please use 'mip_opt_gap_abs'.
WARNING:  Option 'mip_integral_gap_rel' deprecated, please use 'mip_opt_gap_rel'.
WARNING:  Option 'mip_integral_gap_abs' deprecated, please use 'mip_opt_gap_abs'.
WARNING:  Option 'mip_integral_gap_rel' deprecated, please use 'mip_opt_gap_rel'.
WARNING:  Option 'mip_integral_gap_abs' deprecated, please use 'mip_opt_gap_abs'.
WARNING:  Option 'mip_integral_gap_rel' deprecated, please use 'mip_opt_gap_rel'.
WARNING:  Option 'mip_integral_gap_abs' deprecated, please use 'mip_opt_gap_abs'.
WARNING:  Option 'mip_integral_gap_rel' deprecated, please use 'mip_opt_gap_rel'.
WARNING:  Option 'mip_integral_gap_abs' deprecated, please use 'mip_opt_gap_abs'.
WARNING:  Option 'mip_integral_gap_rel' deprecated, please use 'mip_opt_gap_rel'.
WARNING:  Option 'mip_integral_gap_abs' deprecated, please use 'mip_opt_gap_abs'.
WARNING:  Option 'mip_integral_gap_rel' deprecated, please use 'mip_opt_gap_rel'.
WARNING:  Option 'mip_integral_gap_abs' deprecated, please use 'mip_opt_gap_abs'.
WARNING:  Option 'mip_integral_gap_rel' deprecated, please use 'mip_opt_gap_rel'.
WARNING:  Option 'mip_integral_gap_abs' deprecated, please use 'mip_opt_gap_abs'.
WARNING:  Option 'mip_integral_gap_rel' deprecated, please use 'mip_opt_gap_rel'.
     414    8.968248e-01   0.000e+00   7.868e-03   7.321e-04        1
WARNING:  Option 'mip_integral_gap_abs' deprecated, please use 'mip_opt_gap_abs'.
WARNING:  Option 'mip_integral_gap_rel' deprecated, please use 'mip_opt_gap_rel'.
WARNING:  Option 'mip_integral_gap_abs' deprecated, please use 'mip_opt_gap_abs'.
WARNING:  Option 'mip_integral_gap_rel' deprecated, please use 'mip_opt_gap_rel'.
WARNING:  Option 'mip_integral_gap_abs' deprecated, please use 'mip_opt_gap_abs'.
WARNING:  Option 'mip_integral_gap_rel' deprecated, please use 'mip_opt_gap_rel'.
WARNING:  Option 'mip_integral_gap_abs' deprecated, please use 'mip_opt_gap_abs'.
WARNING:  Option 'mip_integral_gap_rel' deprecated, please use 'mip_opt_gap_rel'.
WARNING:  Option 'mip_integral_gap_abs' deprecated, please use 'mip_opt_gap_abs'.
WARNING:  Option 'mip_integral_gap_rel' deprecated, please use 'mip_opt_gap_rel'.
WARNING:  Option 'mip_integral_gap_abs' deprecated, please use 'mip_opt_gap_abs'.
WARNING:  Option 'mip_integral_gap_rel' deprecated, please use 'mip_opt_gap_rel'.
     415    8.968247e-01   0.000e+00   8.020e-02   1.062e-04        0
WARNING:  Option 'mip_integral_gap_abs' deprecated, please use 'mip_opt_gap_abs'.
WARNING:  Option 'mip_integral_gap_rel' deprecated, please use 'mip_opt_gap_rel'.
WARNING:  Option 'mip_integral_gap_abs' deprecated, please use 'mip_opt_gap_abs'.
WARNING:  Option 'mip_integral_gap_rel' deprecated, please use 'mip_opt_gap_rel'.
WARNING:  Option 'mip_integral_gap_abs' deprecated, please use 'mip_opt_gap_abs'.
WARNING:  Option 'mip_integral_gap_rel' deprecated, please use 'mip_opt_gap_rel'.
     416    8.968221e-01   0.000e+00   6.974e-03   1.673e-03        0
WARNING:  Option 'mip_integral_gap_abs' deprecated, please use 'mip_opt_gap_abs'.
WARNING:  Option 'mip_integral_gap_rel' deprecated, please use 'mip_opt_gap_rel'.
WARNING:  Option 'mip_integral_gap_abs' deprecated, please use 'mip_opt_gap_abs'.
WARNING:  Option 'mip_integral_gap_rel' deprecated, please use 'mip_opt_gap_rel'.
WARNING:  Option 'mip_integral_gap_abs' deprecated, please use 'mip_opt_gap_abs'.
WARNING:  Option 'mip_integral_gap_rel' deprecated, please use 'mip_opt_gap_rel'.
     417    8.968167e-01   0.000e+00   6.594e-02   1.597e-02        0
WARNING:  Option 'mip_integral_gap_abs' deprecated, please use 'mip_opt_gap_abs'.
WARNING:  Option 'mip_integral_gap_rel' deprecated, please use 'mip_opt_gap_rel'.
WARNING:  Option 'mip_integral_gap_abs' deprecated, please use 'mip_opt_gap_abs'.
WARNING:  Option 'mip_integral_gap_rel' deprecated, please use 'mip_opt_gap_rel'.
WARNING:  Option 'mip_integral_gap_abs' deprecated, please use 'mip_opt_gap_abs'.
WARNING:  Option 'mip_integral_gap_rel' deprecated, please use 'mip_opt_gap_rel'.
WARNING:  Option 'mip_integral_gap_abs' deprecated, please use 'mip_opt_gap_abs'.
WARNING:  Option 'mip_integral_gap_rel' deprecated, please use 'mip_opt_gap_rel'.
WARNING:  Option 'mip_integral_gap_abs' deprecated, please use 'mip_opt_gap_abs'.
WARNING:  Option 'mip_integral_gap_rel' deprecated, please use 'mip_opt_gap_rel'.
WARNING:  Option 'mip_integral_gap_abs' deprecated, please use 'mip_opt_gap_abs'.
WARNING:  Option 'mip_integral_gap_rel' deprecated, please use 'mip_opt_gap_rel'.
WARNING:  Option 'mip_integral_gap_abs' deprecated, please use 'mip_opt_gap_abs'.
WARNING:  Option 'mip_integral_gap_rel' deprecated, please use 'mip_opt_gap_rel'.
WARNING:  Option 'mip_integral_gap_abs' deprecated, please use 'mip_opt_gap_abs'.
WARNING:  Option 'mip_integral_gap_rel' deprecated, please use 'mip_opt_gap_rel'.
WARNING:  Option 'mip_integral_gap_abs' deprecated, please use 'mip_opt_gap_abs'.
WARNING:  Option 'mip_integral_gap_rel' deprecated, please use 'mip_opt_gap_rel'.
WARNING:  Option 'mip_integral_gap_abs' deprecated, please use 'mip_opt_gap_abs'.
WARNING:  Option 'mip_integral_gap_rel' deprecated, please use 'mip_opt_gap_rel'.
WARNING:  Option 'mip_integral_gap_abs' deprecated, please use 'mip_opt_gap_abs'.
WARNING:  Option 'mip_integral_gap_rel' deprecated, please use 'mip_opt_gap_rel'.
WARNING:  Option 'mip_integral_gap_abs' deprecated, please use 'mip_opt_gap_abs'.
WARNING:  Option 'mip_integral_gap_rel' deprecated, please use 'mip_opt_gap_rel'.
WARNING:  Option 'mip_integral_gap_abs' deprecated, please use 'mip_opt_gap_abs'.
WARNING:  Option 'mip_integral_gap_rel' deprecated, please use 'mip_opt_gap_rel'.
WARNING:  Option 'mip_integral_gap_abs' deprecated, please use 'mip_opt_gap_abs'.
WARNING:  Option 'mip_integral_gap_rel' deprecated, please use 'mip_opt_gap_rel'.
WARNING:  Option 'mip_integral_gap_abs' deprecated, please use 'mip_opt_gap_abs'.
WARNING:  Option 'mip_integral_gap_rel' deprecated, please use 'mip_opt_gap_rel'.
WARNING:  Option 'mip_integral_gap_abs' deprecated, please use 'mip_opt_gap_abs'.
WARNING:  Option 'mip_integral_gap_rel' deprecated, please use 'mip_opt_gap_rel'.
WARNING:  Option 'mip_integral_gap_abs' deprecated, please use 'mip_opt_gap_abs'.
WARNING:  Option 'mip_integral_gap_rel' deprecated, please use 'mip_opt_gap_rel'.
WARNING:  Option 'mip_integral_gap_abs' deprecated, please use 'mip_opt_gap_abs'.
WARNING:  Option 'mip_integral_gap_rel' deprecated, please use 'mip_opt_gap_rel'.
WARNING:  Option 'mip_integral_gap_abs' deprecated, please use 'mip_opt_gap_abs'.
WARNING:  Option 'mip_integral_gap_rel' deprecated, please use 'mip_opt_gap_rel'.
WARNING:  Option 'mip_integral_gap_abs' deprecated, please use 'mip_opt_gap_abs'.
WARNING:  Option 'mip_integral_gap_rel' deprecated, please use 'mip_opt_gap_rel'.
WARNING:  Option 'mip_integral_gap_abs' deprecated, please use 'mip_opt_gap_abs'.
WARNING:  Option 'mip_integral_gap_rel' deprecated, please use 'mip_opt_gap_rel'.
WARNING:  Option 'mip_integral_gap_abs' deprecated, please use 'mip_opt_gap_abs'.
WARNING:  Option 'mip_integral_gap_rel' deprecated, please use 'mip_opt_gap_rel'.
WARNING:  Option 'mip_integral_gap_abs' deprecated, please use 'mip_opt_gap_abs'.
WARNING:  Option 'mip_integral_gap_rel' deprecated, please use 'mip_opt_gap_rel'.
WARNING:  Option 'mip_integral_gap_abs' deprecated, please use 'mip_opt_gap_abs'.
WARNING:  Option 'mip_integral_gap_rel' deprecated, please use 'mip_opt_gap_rel'.
WARNING:  Option 'mip_integral_gap_abs' deprecated, please use 'mip_opt_gap_abs'.
WARNING:  Option 'mip_integral_gap_rel' deprecated, please use 'mip_opt_gap_rel'.
WARNING:  Option 'mip_integral_gap_abs' deprecated, please use 'mip_opt_gap_abs'.
WARNING:  Option 'mip_integral_gap_rel' deprecated, please use 'mip_opt_gap_rel'.
     418    8.968167e-01   0.000e+00   5.446e-02   1.646e-07        1
WARNING:  Option 'mip_integral_gap_abs' deprecated, please use 'mip_opt_gap_abs'.
WARNING:  Option 'mip_integral_gap_rel' deprecated, please use 'mip_opt_gap_rel'.
WARNING:  Option 'mip_integral_gap_abs' deprecated, please use 'mip_opt_gap_abs'.
WARNING:  Option 'mip_integral_gap_rel' deprecated, please use 'mip_opt_gap_rel'.
WARNING:  Option 'mip_integral_gap_abs' deprecated, please use 'mip_opt_gap_abs'.
WARNING:  Option 'mip_integral_gap_rel' deprecated, please use 'mip_opt_gap_rel'.
WARNING:  Option 'mip_integral_gap_abs' deprecated, please use 'mip_opt_gap_abs'.
WARNING:  Option 'mip_integral_gap_rel' deprecated, please use 'mip_opt_gap_rel'.
     419    8.968167e-01   0.000e+00   5.032e-02   1.310e-07        0
WARNING:  Option 'mip_integral_gap_abs' deprecated, please use 'mip_opt_gap_abs'.
WARNING:  Option 'mip_integral_gap_rel' deprecated, please use 'mip_opt_gap_rel'.
WARNING:  Option 'mip_integral_gap_abs' deprecated, please use 'mip_opt_gap_abs'.
WARNING:  Option 'mip_integral_gap_rel' deprecated, please use 'mip_opt_gap_rel'.
WARNING:  Option 'mip_integral_gap_abs' deprecated, please use 'mip_opt_gap_abs'.
WARNING:  Option 'mip_integral_gap_rel' deprecated, please use 'mip_opt_gap_rel'.
     420    8.968118e-01   0.000e+00   1.202e-02   7.304e-03        0
WARNING:  Option 'mip_integral_gap_abs' deprecated, please use 'mip_opt_gap_abs'.
WARNING:  Option 'mip_integral_gap_rel' deprecated, please use 'mip_opt_gap_rel'.
WARNING:  Option 'mip_integral_gap_abs' deprecated, please use 'mip_opt_gap_abs'.
WARNING:  Option 'mip_integral_gap_rel' deprecated, please use 'mip_opt_gap_rel'.
     421    8.968075e-01   0.000e+00   4.024e-03   9.756e-03        0
WARNING:  Option 'mip_integral_gap_abs' deprecated, please use 'mip_opt_gap_abs'.
WARNING:  Option 'mip_integral_gap_rel' deprecated, please use 'mip_opt_gap_rel'.
WARNING:  Option 'mip_integral_gap_abs' deprecated, please use 'mip_opt_gap_abs'.
WARNING:  Option 'mip_integral_gap_rel' deprecated, please use 'mip_opt_gap_rel'.
WARNING:  Option 'mip_integral_gap_abs' deprecated, please use 'mip_opt_gap_abs'.
WARNING:  Option 'mip_integral_gap_rel' deprecated, please use 'mip_opt_gap_rel'.
WARNING:  Option 'mip_integral_gap_abs' deprecated, please use 'mip_opt_gap_abs'.
WARNING:  Option 'mip_integral_gap_rel' deprecated, please use 'mip_opt_gap_rel'.
WARNING:  Option 'mip_integral_gap_abs' deprecated, please use 'mip_opt_gap_abs'.
WARNING:  Option 'mip_integral_gap_rel' deprecated, please use 'mip_opt_gap_rel'.
WARNING:  Option 'mip_integral_gap_abs' deprecated, please use 'mip_opt_gap_abs'.
WARNING:  Option 'mip_integral_gap_rel' deprecated, please use 'mip_opt_gap_rel'.
WARNING:  Option 'mip_integral_gap_abs' deprecated, please use 'mip_opt_gap_abs'.
WARNING:  Option 'mip_integral_gap_rel' deprecated, please use 'mip_opt_gap_rel'.
WARNING:  Option 'mip_integral_gap_abs' deprecated, please use 'mip_opt_gap_abs'.
WARNING:  Option 'mip_integral_gap_rel' deprecated, please use 'mip_opt_gap_rel'.
WARNING:  Option 'mip_integral_gap_abs' deprecated, please use 'mip_opt_gap_abs'.
WARNING:  Option 'mip_integral_gap_rel' deprecated, please use 'mip_opt_gap_rel'.
WARNING:  Option 'mip_integral_gap_abs' deprecated, please use 'mip_opt_gap_abs'.
WARNING:  Option 'mip_integral_gap_rel' deprecated, please use 'mip_opt_gap_rel'.
WARNING:  Option 'mip_integral_gap_abs' deprecated, please use 'mip_opt_gap_abs'.
WARNING:  Option 'mip_integral_gap_rel' deprecated, please use 'mip_opt_gap_rel'.
WARNING:  Option 'mip_integral_gap_abs' deprecated, please use 'mip_opt_gap_abs'.
WARNING:  Option 'mip_integral_gap_rel' deprecated, please use 'mip_opt_gap_rel'.
WARNING:  Option 'mip_integral_gap_abs' deprecated, please use 'mip_opt_gap_abs'.
WARNING:  Option 'mip_integral_gap_rel' deprecated, please use 'mip_opt_gap_rel'.
     422    8.968062e-01   0.000e+00   3.017e-02   3.540e-04       45
WARNING:  Option 'mip_integral_gap_abs' deprecated, please use 'mip_opt_gap_abs'.
WARNING:  Option 'mip_integral_gap_rel' deprecated, please use 'mip_opt_gap_rel'.
WARNING:  Option 'mip_integral_gap_abs' deprecated, please use 'mip_opt_gap_abs'.
WARNING:  Option 'mip_integral_gap_rel' deprecated, please use 'mip_opt_gap_rel'.
WARNING:  Option 'mip_integral_gap_abs' deprecated, please use 'mip_opt_gap_abs'.
WARNING:  Option 'mip_integral_gap_rel' deprecated, please use 'mip_opt_gap_rel'.
     423    8.968062e-01   0.000e+00   3.009e-02   3.326e-06        0
WARNING:  Option 'mip_integral_gap_abs' deprecated, please use 'mip_opt_gap_abs'.
WARNING:  Option 'mip_integral_gap_rel' deprecated, please use 'mip_opt_gap_rel'.
WARNING:  Option 'mip_integral_gap_abs' deprecated, please use 'mip_opt_gap_abs'.
WARNING:  Option 'mip_integral_gap_rel' deprecated, please use 'mip_opt_gap_rel'.
WARNING:  Option 'mip_integral_gap_abs' deprecated, please use 'mip_opt_gap_abs'.
WARNING:  Option 'mip_integral_gap_rel' deprecated, please use 'mip_opt_gap_rel'.
WARNING:  Option 'mip_integral_gap_abs' deprecated, please use 'mip_opt_gap_abs'.
WARNING:  Option 'mip_integral_gap_rel' deprecated, please use 'mip_opt_gap_rel'.
WARNING:  Option 'mip_integral_gap_abs' deprecated, please use 'mip_opt_gap_abs'.
WARNING:  Option 'mip_integral_gap_rel' deprecated, please use 'mip_opt_gap_rel'.
WARNING:  Option 'mip_integral_gap_abs' deprecated, please use 'mip_opt_gap_abs'.
WARNING:  Option 'mip_integral_gap_rel' deprecated, please use 'mip_opt_gap_rel'.
WARNING:  Option 'mip_integral_gap_abs' deprecated, please use 'mip_opt_gap_abs'.
WARNING:  Option 'mip_integral_gap_rel' deprecated, please use 'mip_opt_gap_rel'.
WARNING:  Option 'mip_integral_gap_abs' deprecated, please use 'mip_opt_gap_abs'.
WARNING:  Option 'mip_integral_gap_rel' deprecated, please use 'mip_opt_gap_rel'.
WARNING:  Option 'mip_integral_gap_abs' deprecated, please use 'mip_opt_gap_abs'.
WARNING:  Option 'mip_integral_gap_rel' deprecated, please use 'mip_opt_gap_rel'.
WARNING:  Option 'mip_integral_gap_abs' deprecated, please use 'mip_opt_gap_abs'.
WARNING:  Option 'mip_integral_gap_rel' deprecated, please use 'mip_opt_gap_rel'.
WARNING:  Option 'mip_integral_gap_abs' deprecated, please use 'mip_opt_gap_abs'.
WARNING:  Option 'mip_integral_gap_rel' deprecated, please use 'mip_opt_gap_rel'.
WARNING:  Option 'mip_integral_gap_abs' deprecated, please use 'mip_opt_gap_abs'.
WARNING:  Option 'mip_integral_gap_rel' deprecated, please use 'mip_opt_gap_rel'.
WARNING:  Option 'mip_integral_gap_abs' deprecated, please use 'mip_opt_gap_abs'.
WARNING:  Option 'mip_integral_gap_rel' deprecated, please use 'mip_opt_gap_rel'.
WARNING:  Option 'mip_integral_gap_abs' deprecated, please use 'mip_opt_gap_abs'.
WARNING:  Option 'mip_integral_gap_rel' deprecated, please use 'mip_opt_gap_rel'.
     424    8.968036e-01   0.000e+00   9.053e-03   4.422e-05       14
WARNING:  Option 'mip_integral_gap_abs' deprecated, please use 'mip_opt_gap_abs'.
WARNING:  Option 'mip_integral_gap_rel' deprecated, please use 'mip_opt_gap_rel'.
WARNING:  Option 'mip_integral_gap_abs' deprecated, please use 'mip_opt_gap_abs'.
WARNING:  Option 'mip_integral_gap_rel' deprecated, please use 'mip_opt_gap_rel'.
WARNING:  Option 'mip_integral_gap_abs' deprecated, please use 'mip_opt_gap_abs'.
WARNING:  Option 'mip_integral_gap_rel' deprecated, please use 'mip_opt_gap_rel'.
WARNING:  Option 'mip_integral_gap_abs' deprecated, please use 'mip_opt_gap_abs'.
WARNING:  Option 'mip_integral_gap_rel' deprecated, please use 'mip_opt_gap_rel'.
     425    8.968036e-01   0.000e+00   9.053e-03   6.339e-07        0
WARNING:  Option 'mip_integral_gap_abs' deprecated, please use 'mip_opt_gap_abs'.
WARNING:  Option 'mip_integral_gap_rel' deprecated, please use 'mip_opt_gap_rel'.
WARNING:  Option 'mip_integral_gap_abs' deprecated, please use 'mip_opt_gap_abs'.
WARNING:  Option 'mip_integral_gap_rel' deprecated, please use 'mip_opt_gap_rel'.
WARNING:  Option 'mip_integral_gap_abs' deprecated, please use 'mip_opt_gap_abs'.
WARNING:  Option 'mip_integral_gap_rel' deprecated, please use 'mip_opt_gap_rel'.
WARNING:  Option 'mip_integral_gap_abs' deprecated, please use 'mip_opt_gap_abs'.
WARNING:  Option 'mip_integral_gap_rel' deprecated, please use 'mip_opt_gap_rel'.
WARNING:  Option 'mip_integral_gap_abs' deprecated, please use 'mip_opt_gap_abs'.
WARNING:  Option 'mip_integral_gap_rel' deprecated, please use 'mip_opt_gap_rel'.
WARNING:  Option 'mip_integral_gap_abs' deprecated, please use 'mip_opt_gap_abs'.
WARNING:  Option 'mip_integral_gap_rel' deprecated, please use 'mip_opt_gap_rel'.
WARNING:  Option 'mip_integral_gap_abs' deprecated, please use 'mip_opt_gap_abs'.
WARNING:  Option 'mip_integral_gap_rel' deprecated, please use 'mip_opt_gap_rel'.
     426    8.968036e-01   0.000e+00   8.993e-03   1.991e-06        1
WARNING:  Option 'mip_integral_gap_abs' deprecated, please use 'mip_opt_gap_abs'.
WARNING:  Option 'mip_integral_gap_rel' deprecated, please use 'mip_opt_gap_rel'.
WARNING:  Option 'mip_integral_gap_abs' deprecated, please use 'mip_opt_gap_abs'.
WARNING:  Option 'mip_integral_gap_rel' deprecated, please use 'mip_opt_gap_rel'.
WARNING:  Option 'mip_integral_gap_abs' deprecated, please use 'mip_opt_gap_abs'.
WARNING:  Option 'mip_integral_gap_rel' deprecated, please use 'mip_opt_gap_rel'.
WARNING:  Option 'mip_integral_gap_abs' deprecated, please use 'mip_opt_gap_abs'.
WARNING:  Option 'mip_integral_gap_rel' deprecated, please use 'mip_opt_gap_rel'.
     427    8.968035e-01   0.000e+00   8.885e-03   1.620e-05        0
WARNING:  Option 'mip_integral_gap_abs' deprecated, please use 'mip_opt_gap_abs'.
WARNING:  Option 'mip_integral_gap_rel' deprecated, please use 'mip_opt_gap_rel'.
WARNING:  Option 'mip_integral_gap_abs' deprecated, please use 'mip_opt_gap_abs'.
WARNING:  Option 'mip_integral_gap_rel' deprecated, please use 'mip_opt_gap_rel'.
WARNING:  Option 'mip_integral_gap_abs' deprecated, please use 'mip_opt_gap_abs'.
WARNING:  Option 'mip_integral_gap_rel' deprecated, please use 'mip_opt_gap_rel'.
WARNING:  Option 'mip_integral_gap_abs' deprecated, please use 'mip_opt_gap_abs'.
WARNING:  Option 'mip_integral_gap_rel' deprecated, please use 'mip_opt_gap_rel'.
WARNING:  Option 'mip_integral_gap_abs' deprecated, please use 'mip_opt_gap_abs'.
WARNING:  Option 'mip_integral_gap_rel' deprecated, please use 'mip_opt_gap_rel'.
WARNING:  Option 'mip_integral_gap_abs' deprecated, please use 'mip_opt_gap_abs'.
WARNING:  Option 'mip_integral_gap_rel' deprecated, please use 'mip_opt_gap_rel'.
WARNING:  Option 'mip_integral_gap_abs' deprecated, please use 'mip_opt_gap_abs'.
WARNING:  Option 'mip_integral_gap_rel' deprecated, please use 'mip_opt_gap_rel'.
WARNING:  Option 'mip_integral_gap_abs' deprecated, please use 'mip_opt_gap_abs'.
WARNING:  Option 'mip_integral_gap_rel' deprecated, please use 'mip_opt_gap_rel'.
WARNING:  Option 'mip_integral_gap_abs' deprecated, please use 'mip_opt_gap_abs'.
WARNING:  Option 'mip_integral_gap_rel' deprecated, please use 'mip_opt_gap_rel'.
WARNING:  Option 'mip_integral_gap_abs' deprecated, please use 'mip_opt_gap_abs'.
WARNING:  Option 'mip_integral_gap_rel' deprecated, please use 'mip_opt_gap_rel'.
WARNING:  Option 'mip_integral_gap_abs' deprecated, please use 'mip_opt_gap_abs'.
WARNING:  Option 'mip_integral_gap_rel' deprecated, please use 'mip_opt_gap_rel'.
WARNING:  Option 'mip_integral_gap_abs' deprecated, please use 'mip_opt_gap_abs'.
WARNING:  Option 'mip_integral_gap_rel' deprecated, please use 'mip_opt_gap_rel'.
WARNING:  Option 'mip_integral_gap_abs' deprecated, please use 'mip_opt_gap_abs'.
WARNING:  Option 'mip_integral_gap_rel' deprecated, please use 'mip_opt_gap_rel'.
WARNING:  Option 'mip_integral_gap_abs' deprecated, please use 'mip_opt_gap_abs'.
WARNING:  Option 'mip_integral_gap_rel' deprecated, please use 'mip_opt_gap_rel'.
WARNING:  Option 'mip_integral_gap_abs' deprecated, please use 'mip_opt_gap_abs'.
WARNING:  Option 'mip_integral_gap_rel' deprecated, please use 'mip_opt_gap_rel'.
     428    8.968035e-01   0.000e+00   7.059e-03   7.082e-06       37
WARNING:  Option 'mip_integral_gap_abs' deprecated, please use 'mip_opt_gap_abs'.
WARNING:  Option 'mip_integral_gap_rel' deprecated, please use 'mip_opt_gap_rel'.
WARNING:  Option 'mip_integral_gap_abs' deprecated, please use 'mip_opt_gap_abs'.
WARNING:  Option 'mip_integral_gap_rel' deprecated, please use 'mip_opt_gap_rel'.
WARNING:  Option 'mip_integral_gap_abs' deprecated, please use 'mip_opt_gap_abs'.
WARNING:  Option 'mip_integral_gap_rel' deprecated, please use 'mip_opt_gap_rel'.
WARNING:  Option 'mip_integral_gap_abs' deprecated, please use 'mip_opt_gap_abs'.
WARNING:  Option 'mip_integral_gap_rel' deprecated, please use 'mip_opt_gap_rel'.
     429    8.968035e-01   0.000e+00   7.059e-03   5.692e-08        0
WARNING:  Option 'mip_integral_gap_abs' deprecated, please use 'mip_opt_gap_abs'.
WARNING:  Option 'mip_integral_gap_rel' deprecated, please use 'mip_opt_gap_rel'.
WARNING:  Option 'mip_integral_gap_abs' deprecated, please use 'mip_opt_gap_abs'.
WARNING:  Option 'mip_integral_gap_rel' deprecated, please use 'mip_opt_gap_rel'.
     430    8.967302e-01   0.000e+00   1.507e-02   8.627e-02        0
WARNING:  Option 'mip_integral_gap_abs' deprecated, please use 'mip_opt_gap_abs'.
WARNING:  Option 'mip_integral_gap_rel' deprecated, please use 'mip_opt_gap_rel'.
WARNING:  Option 'mip_integral_gap_abs' deprecated, please use 'mip_opt_gap_abs'.
WARNING:  Option 'mip_integral_gap_rel' deprecated, please use 'mip_opt_gap_rel'.
WARNING:  Option 'mip_integral_gap_abs' deprecated, please use 'mip_opt_gap_abs'.
WARNING:  Option 'mip_integral_gap_rel' deprecated, please use 'mip_opt_gap_rel'.
WARNING:  Option 'mip_integral_gap_abs' deprecated, please use 'mip_opt_gap_abs'.
WARNING:  Option 'mip_integral_gap_rel' deprecated, please use 'mip_opt_gap_rel'.
WARNING:  Option 'mip_integral_gap_abs' deprecated, please use 'mip_opt_gap_abs'.
WARNING:  Option 'mip_integral_gap_rel' deprecated, please use 'mip_opt_gap_rel'.
     431    8.967082e-01   0.000e+00   2.252e-01   9.238e-03        0
WARNING:  Option 'mip_integral_gap_abs' deprecated, please use 'mip_opt_gap_abs'.
WARNING:  Option 'mip_integral_gap_rel' deprecated, please use 'mip_opt_gap_rel'.
WARNING:  Option 'mip_integral_gap_abs' deprecated, please use 'mip_opt_gap_abs'.
WARNING:  Option 'mip_integral_gap_rel' deprecated, please use 'mip_opt_gap_rel'.
WARNING:  Option 'mip_integral_gap_abs' deprecated, please use 'mip_opt_gap_abs'.
WARNING:  Option 'mip_integral_gap_rel' deprecated, please use 'mip_opt_gap_rel'.
WARNING:  Option 'mip_integral_gap_abs' deprecated, please use 'mip_opt_gap_abs'.
WARNING:  Option 'mip_integral_gap_rel' deprecated, please use 'mip_opt_gap_rel'.
WARNING:  Option 'mip_integral_gap_abs' deprecated, please use 'mip_opt_gap_abs'.
WARNING:  Option 'mip_integral_gap_rel' deprecated, please use 'mip_opt_gap_rel'.
WARNING:  Option 'mip_integral_gap_abs' deprecated, please use 'mip_opt_gap_abs'.
WARNING:  Option 'mip_integral_gap_rel' deprecated, please use 'mip_opt_gap_rel'.
WARNING:  Option 'mip_integral_gap_abs' deprecated, please use 'mip_opt_gap_abs'.
WARNING:  Option 'mip_integral_gap_rel' deprecated, please use 'mip_opt_gap_rel'.
WARNING:  Option 'mip_integral_gap_abs' deprecated, please use 'mip_opt_gap_abs'.
WARNING:  Option 'mip_integral_gap_rel' deprecated, please use 'mip_opt_gap_rel'.
WARNING:  Option 'mip_integral_gap_abs' deprecated, please use 'mip_opt_gap_abs'.
WARNING:  Option 'mip_integral_gap_rel' deprecated, please use 'mip_opt_gap_rel'.
WARNING:  Option 'mip_integral_gap_abs' deprecated, please use 'mip_opt_gap_abs'.
WARNING:  Option 'mip_integral_gap_rel' deprecated, please use 'mip_opt_gap_rel'.
WARNING:  Option 'mip_integral_gap_abs' deprecated, please use 'mip_opt_gap_abs'.
WARNING:  Option 'mip_integral_gap_rel' deprecated, please use 'mip_opt_gap_rel'.
WARNING:  Option 'mip_integral_gap_abs' deprecated, please use 'mip_opt_gap_abs'.
WARNING:  Option 'mip_integral_gap_rel' deprecated, please use 'mip_opt_gap_rel'.
WARNING:  Option 'mip_integral_gap_abs' deprecated, please use 'mip_opt_gap_abs'.
WARNING:  Option 'mip_integral_gap_rel' deprecated, please use 'mip_opt_gap_rel'.
WARNING:  Option 'mip_integral_gap_abs' deprecated, please use 'mip_opt_gap_abs'.
WARNING:  Option 'mip_integral_gap_rel' deprecated, please use 'mip_opt_gap_rel'.
WARNING:  Option 'mip_integral_gap_abs' deprecated, please use 'mip_opt_gap_abs'.
WARNING:  Option 'mip_integral_gap_rel' deprecated, please use 'mip_opt_gap_rel'.
WARNING:  Option 'mip_integral_gap_abs' deprecated, please use 'mip_opt_gap_abs'.
WARNING:  Option 'mip_integral_gap_rel' deprecated, please use 'mip_opt_gap_rel'.
WARNING:  Option 'mip_integral_gap_abs' deprecated, please use 'mip_opt_gap_abs'.
WARNING:  Option 'mip_integral_gap_rel' deprecated, please use 'mip_opt_gap_rel'.
     432    8.966985e-01   0.000e+00   1.255e-02   2.815e-05        9
WARNING:  Option 'mip_integral_gap_abs' deprecated, please use 'mip_opt_gap_abs'.
WARNING:  Option 'mip_integral_gap_rel' deprecated, please use 'mip_opt_gap_rel'.
WARNING:  Option 'mip_integral_gap_abs' deprecated, please use 'mip_opt_gap_abs'.
WARNING:  Option 'mip_integral_gap_rel' deprecated, please use 'mip_opt_gap_rel'.
WARNING:  Option 'mip_integral_gap_abs' deprecated, please use 'mip_opt_gap_abs'.
WARNING:  Option 'mip_integral_gap_rel' deprecated, please use 'mip_opt_gap_rel'.
WARNING:  Option 'mip_integral_gap_abs' deprecated, please use 'mip_opt_gap_abs'.
WARNING:  Option 'mip_integral_gap_rel' deprecated, please use 'mip_opt_gap_rel'.
     433    8.966985e-01   0.000e+00   1.255e-02   6.939e-06        0
WARNING:  Option 'mip_integral_gap_abs' deprecated, please use 'mip_opt_gap_abs'.
WARNING:  Option 'mip_integral_gap_rel' deprecated, please use 'mip_opt_gap_rel'.
WARNING:  Option 'mip_integral_gap_abs' deprecated, please use 'mip_opt_gap_abs'.
WARNING:  Option 'mip_integral_gap_rel' deprecated, please use 'mip_opt_gap_rel'.
WARNING:  Option 'mip_integral_gap_abs' deprecated, please use 'mip_opt_gap_abs'.
WARNING:  Option 'mip_integral_gap_rel' deprecated, please use 'mip_opt_gap_rel'.
WARNING:  Option 'mip_integral_gap_abs' deprecated, please use 'mip_opt_gap_abs'.
WARNING:  Option 'mip_integral_gap_rel' deprecated, please use 'mip_opt_gap_rel'.
WARNING:  Option 'mip_integral_gap_abs' deprecated, please use 'mip_opt_gap_abs'.
WARNING:  Option 'mip_integral_gap_rel' deprecated, please use 'mip_opt_gap_rel'.
WARNING:  Option 'mip_integral_gap_abs' deprecated, please use 'mip_opt_gap_abs'.
WARNING:  Option 'mip_integral_gap_rel' deprecated, please use 'mip_opt_gap_rel'.
WARNING:  Option 'mip_integral_gap_abs' deprecated, please use 'mip_opt_gap_abs'.
WARNING:  Option 'mip_integral_gap_rel' deprecated, please use 'mip_opt_gap_rel'.
     434    8.966982e-01   0.000e+00   1.254e-02   4.333e-05        1
WARNING:  Option 'mip_integral_gap_abs' deprecated, please use 'mip_opt_gap_abs'.
WARNING:  Option 'mip_integral_gap_rel' deprecated, please use 'mip_opt_gap_rel'.
WARNING:  Option 'mip_integral_gap_abs' deprecated, please use 'mip_opt_gap_abs'.
WARNING:  Option 'mip_integral_gap_rel' deprecated, please use 'mip_opt_gap_rel'.
WARNING:  Option 'mip_integral_gap_abs' deprecated, please use 'mip_opt_gap_abs'.
WARNING:  Option 'mip_integral_gap_rel' deprecated, please use 'mip_opt_gap_rel'.
WARNING:  Option 'mip_integral_gap_abs' deprecated, please use 'mip_opt_gap_abs'.
WARNING:  Option 'mip_integral_gap_rel' deprecated, please use 'mip_opt_gap_rel'.
     435    8.966961e-01   0.000e+00   1.252e-02   1.008e-04        0
WARNING:  Option 'mip_integral_gap_abs' deprecated, please use 'mip_opt_gap_abs'.
WARNING:  Option 'mip_integral_gap_rel' deprecated, please use 'mip_opt_gap_rel'.
WARNING:  Option 'mip_integral_gap_abs' deprecated, please use 'mip_opt_gap_abs'.
WARNING:  Option 'mip_integral_gap_rel' deprecated, please use 'mip_opt_gap_rel'.
WARNING:  Option 'mip_integral_gap_abs' deprecated, please use 'mip_opt_gap_abs'.
WARNING:  Option 'mip_integral_gap_rel' deprecated, please use 'mip_opt_gap_rel'.
WARNING:  Option 'mip_integral_gap_abs' deprecated, please use 'mip_opt_gap_abs'.
WARNING:  Option 'mip_integral_gap_rel' deprecated, please use 'mip_opt_gap_rel'.
WARNING:  Option 'mip_integral_gap_abs' deprecated, please use 'mip_opt_gap_abs'.
WARNING:  Option 'mip_integral_gap_rel' deprecated, please use 'mip_opt_gap_rel'.
WARNING:  Option 'mip_integral_gap_abs' deprecated, please use 'mip_opt_gap_abs'.
WARNING:  Option 'mip_integral_gap_rel' deprecated, please use 'mip_opt_gap_rel'.
WARNING:  Option 'mip_integral_gap_abs' deprecated, please use 'mip_opt_gap_abs'.
WARNING:  Option 'mip_integral_gap_rel' deprecated, please use 'mip_opt_gap_rel'.
WARNING:  Option 'mip_integral_gap_abs' deprecated, please use 'mip_opt_gap_abs'.
WARNING:  Option 'mip_integral_gap_rel' deprecated, please use 'mip_opt_gap_rel'.
WARNING:  Option 'mip_integral_gap_abs' deprecated, please use 'mip_opt_gap_abs'.
WARNING:  Option 'mip_integral_gap_rel' deprecated, please use 'mip_opt_gap_rel'.
WARNING:  Option 'mip_integral_gap_abs' deprecated, please use 'mip_opt_gap_abs'.
WARNING:  Option 'mip_integral_gap_rel' deprecated, please use 'mip_opt_gap_rel'.
WARNING:  Option 'mip_integral_gap_abs' deprecated, please use 'mip_opt_gap_abs'.
WARNING:  Option 'mip_integral_gap_rel' deprecated, please use 'mip_opt_gap_rel'.
WARNING:  Option 'mip_integral_gap_abs' deprecated, please use 'mip_opt_gap_abs'.
WARNING:  Option 'mip_integral_gap_rel' deprecated, please use 'mip_opt_gap_rel'.
WARNING:  Option 'mip_integral_gap_abs' deprecated, please use 'mip_opt_gap_abs'.
WARNING:  Option 'mip_integral_gap_rel' deprecated, please use 'mip_opt_gap_rel'.
WARNING:  Option 'mip_integral_gap_abs' deprecated, please use 'mip_opt_gap_abs'.
WARNING:  Option 'mip_integral_gap_rel' deprecated, please use 'mip_opt_gap_rel'.
     436    8.967140e-01   0.000e+00   2.320e-02   2.056e-03        1
WARNING:  Option 'mip_integral_gap_abs' deprecated, please use 'mip_opt_gap_abs'.
WARNING:  Option 'mip_integral_gap_rel' deprecated, please use 'mip_opt_gap_rel'.
WARNING:  Option 'mip_integral_gap_abs' deprecated, please use 'mip_opt_gap_abs'.
WARNING:  Option 'mip_integral_gap_rel' deprecated, please use 'mip_opt_gap_rel'.
WARNING:  Option 'mip_integral_gap_abs' deprecated, please use 'mip_opt_gap_abs'.
WARNING:  Option 'mip_integral_gap_rel' deprecated, please use 'mip_opt_gap_rel'.
WARNING:  Option 'mip_integral_gap_abs' deprecated, please use 'mip_opt_gap_abs'.
WARNING:  Option 'mip_integral_gap_rel' deprecated, please use 'mip_opt_gap_rel'.
     437    8.967128e-01   0.000e+00   1.579e-02   6.571e-05        0
WARNING:  Option 'mip_integral_gap_abs' deprecated, please use 'mip_opt_gap_abs'.
WARNING:  Option 'mip_integral_gap_rel' deprecated, please use 'mip_opt_gap_rel'.
WARNING:  Option 'mip_integral_gap_abs' deprecated, please use 'mip_opt_gap_abs'.
WARNING:  Option 'mip_integral_gap_rel' deprecated, please use 'mip_opt_gap_rel'.
WARNING:  Option 'mip_integral_gap_abs' deprecated, please use 'mip_opt_gap_abs'.
WARNING:  Option 'mip_integral_gap_rel' deprecated, please use 'mip_opt_gap_rel'.
WARNING:  Option 'mip_integral_gap_abs' deprecated, please use 'mip_opt_gap_abs'.
WARNING:  Option 'mip_integral_gap_rel' deprecated, please use 'mip_opt_gap_rel'.
WARNING:  Option 'mip_integral_gap_abs' deprecated, please use 'mip_opt_gap_abs'.
WARNING:  Option 'mip_integral_gap_rel' deprecated, please use 'mip_opt_gap_rel'.
WARNING:  Option 'mip_integral_gap_abs' deprecated, please use 'mip_opt_gap_abs'.
WARNING:  Option 'mip_integral_gap_rel' deprecated, please use 'mip_opt_gap_rel'.
WARNING:  Option 'mip_integral_gap_abs' deprecated, please use 'mip_opt_gap_abs'.
WARNING:  Option 'mip_integral_gap_rel' deprecated, please use 'mip_opt_gap_rel'.
     438    8.967114e-01   0.000e+00   1.228e-02   6.205e-04        1
WARNING:  Option 'mip_integral_gap_abs' deprecated, please use 'mip_opt_gap_abs'.
WARNING:  Option 'mip_integral_gap_rel' deprecated, please use 'mip_opt_gap_rel'.
WARNING:  Option 'mip_integral_gap_abs' deprecated, please use 'mip_opt_gap_abs'.
WARNING:  Option 'mip_integral_gap_rel' deprecated, please use 'mip_opt_gap_rel'.
WARNING:  Option 'mip_integral_gap_abs' deprecated, please use 'mip_opt_gap_abs'.
WARNING:  Option 'mip_integral_gap_rel' deprecated, please use 'mip_opt_gap_rel'.
WARNING:  Option 'mip_integral_gap_abs' deprecated, please use 'mip_opt_gap_abs'.
WARNING:  Option 'mip_integral_gap_rel' deprecated, please use 'mip_opt_gap_rel'.
WARNING:  Option 'mip_integral_gap_abs' deprecated, please use 'mip_opt_gap_abs'.
WARNING:  Option 'mip_integral_gap_rel' deprecated, please use 'mip_opt_gap_rel'.
WARNING:  Option 'mip_integral_gap_abs' deprecated, please use 'mip_opt_gap_abs'.
WARNING:  Option 'mip_integral_gap_rel' deprecated, please use 'mip_opt_gap_rel'.
WARNING:  Option 'mip_integral_gap_abs' deprecated, please use 'mip_opt_gap_abs'.
WARNING:  Option 'mip_integral_gap_rel' deprecated, please use 'mip_opt_gap_rel'.
WARNING:  Option 'mip_integral_gap_abs' deprecated, please use 'mip_opt_gap_abs'.
WARNING:  Option 'mip_integral_gap_rel' deprecated, please use 'mip_opt_gap_rel'.
WARNING:  Option 'mip_integral_gap_abs' deprecated, please use 'mip_opt_gap_abs'.
WARNING:  Option 'mip_integral_gap_rel' deprecated, please use 'mip_opt_gap_rel'.
WARNING:  Option 'mip_integral_gap_abs' deprecated, please use 'mip_opt_gap_abs'.
WARNING:  Option 'mip_integral_gap_rel' deprecated, please use 'mip_opt_gap_rel'.
WARNING:  Option 'mip_integral_gap_abs' deprecated, please use 'mip_opt_gap_abs'.
WARNING:  Option 'mip_integral_gap_rel' deprecated, please use 'mip_opt_gap_rel'.
WARNING:  Option 'mip_integral_gap_abs' deprecated, please use 'mip_opt_gap_abs'.
WARNING:  Option 'mip_integral_gap_rel' deprecated, please use 'mip_opt_gap_rel'.
WARNING:  Option 'mip_integral_gap_abs' deprecated, please use 'mip_opt_gap_abs'.
WARNING:  Option 'mip_integral_gap_rel' deprecated, please use 'mip_opt_gap_rel'.
     439    8.967093e-01   0.000e+00   1.228e-02   6.110e-04        1
WARNING:  Option 'mip_integral_gap_abs' deprecated, please use 'mip_opt_gap_abs'.
WARNING:  Option 'mip_integral_gap_rel' deprecated, please use 'mip_opt_gap_rel'.
WARNING:  Option 'mip_integral_gap_abs' deprecated, please use 'mip_opt_gap_abs'.
WARNING:  Option 'mip_integral_gap_rel' deprecated, please use 'mip_opt_gap_rel'.
WARNING:  Option 'mip_integral_gap_abs' deprecated, please use 'mip_opt_gap_abs'.
WARNING:  Option 'mip_integral_gap_rel' deprecated, please use 'mip_opt_gap_rel'.
WARNING:  Option 'mip_integral_gap_abs' deprecated, please use 'mip_opt_gap_abs'.
WARNING:  Option 'mip_integral_gap_rel' deprecated, please use 'mip_opt_gap_rel'.
WARNING:  Option 'mip_integral_gap_abs' deprecated, please use 'mip_opt_gap_abs'.
WARNING:  Option 'mip_integral_gap_rel' deprecated, please use 'mip_opt_gap_rel'.
WARNING:  Option 'mip_integral_gap_abs' deprecated, please use 'mip_opt_gap_abs'.
WARNING:  Option 'mip_integral_gap_rel' deprecated, please use 'mip_opt_gap_rel'.
WARNING:  Option 'mip_integral_gap_abs' deprecated, please use 'mip_opt_gap_abs'.
WARNING:  Option 'mip_integral_gap_rel' deprecated, please use 'mip_opt_gap_rel'.
WARNING:  Option 'mip_integral_gap_abs' deprecated, please use 'mip_opt_gap_abs'.
WARNING:  Option 'mip_integral_gap_rel' deprecated, please use 'mip_opt_gap_rel'.
WARNING:  Option 'mip_integral_gap_abs' deprecated, please use 'mip_opt_gap_abs'.
WARNING:  Option 'mip_integral_gap_rel' deprecated, please use 'mip_opt_gap_rel'.
WARNING:  Option 'mip_integral_gap_abs' deprecated, please use 'mip_opt_gap_abs'.
WARNING:  Option 'mip_integral_gap_rel' deprecated, please use 'mip_opt_gap_rel'.
WARNING:  Option 'mip_integral_gap_abs' deprecated, please use 'mip_opt_gap_abs'.
WARNING:  Option 'mip_integral_gap_rel' deprecated, please use 'mip_opt_gap_rel'.
WARNING:  Option 'mip_integral_gap_abs' deprecated, please use 'mip_opt_gap_abs'.
WARNING:  Option 'mip_integral_gap_rel' deprecated, please use 'mip_opt_gap_rel'.
WARNING:  Option 'mip_integral_gap_abs' deprecated, please use 'mip_opt_gap_abs'.
WARNING:  Option 'mip_integral_gap_rel' deprecated, please use 'mip_opt_gap_rel'.
WARNING:  Option 'mip_integral_gap_abs' deprecated, please use 'mip_opt_gap_abs'.
WARNING:  Option 'mip_integral_gap_rel' deprecated, please use 'mip_opt_gap_rel'.
WARNING:  Option 'mip_integral_gap_abs' deprecated, please use 'mip_opt_gap_abs'.
WARNING:  Option 'mip_integral_gap_rel' deprecated, please use 'mip_opt_gap_rel'.
WARNING:  Option 'mip_integral_gap_abs' deprecated, please use 'mip_opt_gap_abs'.
WARNING:  Option 'mip_integral_gap_rel' deprecated, please use 'mip_opt_gap_rel'.
WARNING:  Option 'mip_integral_gap_abs' deprecated, please use 'mip_opt_gap_abs'.
WARNING:  Option 'mip_integral_gap_rel' deprecated, please use 'mip_opt_gap_rel'.
WARNING:  Option 'mip_integral_gap_abs' deprecated, please use 'mip_opt_gap_abs'.
WARNING:  Option 'mip_integral_gap_rel' deprecated, please use 'mip_opt_gap_rel'.
WARNING:  Option 'mip_integral_gap_abs' deprecated, please use 'mip_opt_gap_abs'.
WARNING:  Option 'mip_integral_gap_rel' deprecated, please use 'mip_opt_gap_rel'.
WARNING:  Option 'mip_integral_gap_abs' deprecated, please use 'mip_opt_gap_abs'.
WARNING:  Option 'mip_integral_gap_rel' deprecated, please use 'mip_opt_gap_rel'.
WARNING:  Option 'mip_integral_gap_abs' deprecated, please use 'mip_opt_gap_abs'.
WARNING:  Option 'mip_integral_gap_rel' deprecated, please use 'mip_opt_gap_rel'.
     440    8.967092e-01   0.000e+00   1.224e-02   9.145e-06        1
WARNING:  Option 'mip_integral_gap_abs' deprecated, please use 'mip_opt_gap_abs'.
WARNING:  Option 'mip_integral_gap_rel' deprecated, please use 'mip_opt_gap_rel'.
WARNING:  Option 'mip_integral_gap_abs' deprecated, please use 'mip_opt_gap_abs'.
WARNING:  Option 'mip_integral_gap_rel' deprecated, please use 'mip_opt_gap_rel'.
WARNING:  Option 'mip_integral_gap_abs' deprecated, please use 'mip_opt_gap_abs'.
WARNING:  Option 'mip_integral_gap_rel' deprecated, please use 'mip_opt_gap_rel'.
WARNING:  Option 'mip_integral_gap_abs' deprecated, please use 'mip_opt_gap_abs'.
WARNING:  Option 'mip_integral_gap_rel' deprecated, please use 'mip_opt_gap_rel'.
     441    8.967089e-01   0.000e+00   1.290e-02   1.601e-05        3
WARNING:  Option 'mip_integral_gap_abs' deprecated, please use 'mip_opt_gap_abs'.
WARNING:  Option 'mip_integral_gap_rel' deprecated, please use 'mip_opt_gap_rel'.
WARNING:  Option 'mip_integral_gap_abs' deprecated, please use 'mip_opt_gap_abs'.
WARNING:  Option 'mip_integral_gap_rel' deprecated, please use 'mip_opt_gap_rel'.
     442    8.967075e-01   0.000e+00   1.254e-02   1.179e-04        2
WARNING:  Option 'mip_integral_gap_abs' deprecated, please use 'mip_opt_gap_abs'.
WARNING:  Option 'mip_integral_gap_rel' deprecated, please use 'mip_opt_gap_rel'.
WARNING:  Option 'mip_integral_gap_abs' deprecated, please use 'mip_opt_gap_abs'.
WARNING:  Option 'mip_integral_gap_rel' deprecated, please use 'mip_opt_gap_rel'.
WARNING:  Option 'mip_integral_gap_abs' deprecated, please use 'mip_opt_gap_abs'.
WARNING:  Option 'mip_integral_gap_rel' deprecated, please use 'mip_opt_gap_rel'.
WARNING:  Option 'mip_integral_gap_abs' deprecated, please use 'mip_opt_gap_abs'.
WARNING:  Option 'mip_integral_gap_rel' deprecated, please use 'mip_opt_gap_rel'.
     443    8.967075e-01   0.000e+00   1.254e-02   2.694e-06        0
WARNING:  Option 'mip_integral_gap_abs' deprecated, please use 'mip_opt_gap_abs'.
WARNING:  Option 'mip_integral_gap_rel' deprecated, please use 'mip_opt_gap_rel'.
WARNING:  Option 'mip_integral_gap_abs' deprecated, please use 'mip_opt_gap_abs'.
WARNING:  Option 'mip_integral_gap_rel' deprecated, please use 'mip_opt_gap_rel'.
WARNING:  Option 'mip_integral_gap_abs' deprecated, please use 'mip_opt_gap_abs'.
WARNING:  Option 'mip_integral_gap_rel' deprecated, please use 'mip_opt_gap_rel'.
WARNING:  Option 'mip_integral_gap_abs' deprecated, please use 'mip_opt_gap_abs'.
WARNING:  Option 'mip_integral_gap_rel' deprecated, please use 'mip_opt_gap_rel'.
WARNING:  Option 'mip_integral_gap_abs' deprecated, please use 'mip_opt_gap_abs'.
WARNING:  Option 'mip_integral_gap_rel' deprecated, please use 'mip_opt_gap_rel'.
WARNING:  Option 'mip_integral_gap_abs' deprecated, please use 'mip_opt_gap_abs'.
WARNING:  Option 'mip_integral_gap_rel' deprecated, please use 'mip_opt_gap_rel'.
WARNING:  Option 'mip_integral_gap_abs' deprecated, please use 'mip_opt_gap_abs'.
WARNING:  Option 'mip_integral_gap_rel' deprecated, please use 'mip_opt_gap_rel'.
     444    8.967072e-01   0.000e+00   1.248e-02   1.565e-05        1
WARNING:  Option 'mip_integral_gap_abs' deprecated, please use 'mip_opt_gap_abs'.
WARNING:  Option 'mip_integral_gap_rel' deprecated, please use 'mip_opt_gap_rel'.
WARNING:  Option 'mip_integral_gap_abs' deprecated, please use 'mip_opt_gap_abs'.
WARNING:  Option 'mip_integral_gap_rel' deprecated, please use 'mip_opt_gap_rel'.
WARNING:  Option 'mip_integral_gap_abs' deprecated, please use 'mip_opt_gap_abs'.
WARNING:  Option 'mip_integral_gap_rel' deprecated, please use 'mip_opt_gap_rel'.
WARNING:  Option 'mip_integral_gap_abs' deprecated, please use 'mip_opt_gap_abs'.
WARNING:  Option 'mip_integral_gap_rel' deprecated, please use 'mip_opt_gap_rel'.
WARNING:  Option 'mip_integral_gap_abs' deprecated, please use 'mip_opt_gap_abs'.
WARNING:  Option 'mip_integral_gap_rel' deprecated, please use 'mip_opt_gap_rel'.
WARNING:  Option 'mip_integral_gap_abs' deprecated, please use 'mip_opt_gap_abs'.
WARNING:  Option 'mip_integral_gap_rel' deprecated, please use 'mip_opt_gap_rel'.
     445    8.967072e-01   0.000e+00   1.244e-02   2.152e-05        0
WARNING:  Option 'mip_integral_gap_abs' deprecated, please use 'mip_opt_gap_abs'.
WARNING:  Option 'mip_integral_gap_rel' deprecated, please use 'mip_opt_gap_rel'.
WARNING:  Option 'mip_integral_gap_abs' deprecated, please use 'mip_opt_gap_abs'.
WARNING:  Option 'mip_integral_gap_rel' deprecated, please use 'mip_opt_gap_rel'.
WARNING:  Option 'mip_integral_gap_abs' deprecated, please use 'mip_opt_gap_abs'.
WARNING:  Option 'mip_integral_gap_rel' deprecated, please use 'mip_opt_gap_rel'.
WARNING:  Option 'mip_integral_gap_abs' deprecated, please use 'mip_opt_gap_abs'.
WARNING:  Option 'mip_integral_gap_rel' deprecated, please use 'mip_opt_gap_rel'.
WARNING:  Option 'mip_integral_gap_abs' deprecated, please use 'mip_opt_gap_abs'.
WARNING:  Option 'mip_integral_gap_rel' deprecated, please use 'mip_opt_gap_rel'.
WARNING:  Option 'mip_integral_gap_abs' deprecated, please use 'mip_opt_gap_abs'.
WARNING:  Option 'mip_integral_gap_rel' deprecated, please use 'mip_opt_gap_rel'.
WARNING:  Option 'mip_integral_gap_abs' deprecated, please use 'mip_opt_gap_abs'.
WARNING:  Option 'mip_integral_gap_rel' deprecated, please use 'mip_opt_gap_rel'.
WARNING:  Option 'mip_integral_gap_abs' deprecated, please use 'mip_opt_gap_abs'.
WARNING:  Option 'mip_integral_gap_rel' deprecated, please use 'mip_opt_gap_rel'.
WARNING:  Option 'mip_integral_gap_abs' deprecated, please use 'mip_opt_gap_abs'.
WARNING:  Option 'mip_integral_gap_rel' deprecated, please use 'mip_opt_gap_rel'.
WARNING:  Option 'mip_integral_gap_abs' deprecated, please use 'mip_opt_gap_abs'.
WARNING:  Option 'mip_integral_gap_rel' deprecated, please use 'mip_opt_gap_rel'.
WARNING:  Option 'mip_integral_gap_abs' deprecated, please use 'mip_opt_gap_abs'.
WARNING:  Option 'mip_integral_gap_rel' deprecated, please use 'mip_opt_gap_rel'.
WARNING:  Option 'mip_integral_gap_abs' deprecated, please use 'mip_opt_gap_abs'.
WARNING:  Option 'mip_integral_gap_rel' deprecated, please use 'mip_opt_gap_rel'.
WARNING:  Option 'mip_integral_gap_abs' deprecated, please use 'mip_opt_gap_abs'.
WARNING:  Option 'mip_integral_gap_rel' deprecated, please use 'mip_opt_gap_rel'.
WARNING:  Option 'mip_integral_gap_abs' deprecated, please use 'mip_opt_gap_abs'.
WARNING:  Option 'mip_integral_gap_rel' deprecated, please use 'mip_opt_gap_rel'.
WARNING:  Option 'mip_integral_gap_abs' deprecated, please use 'mip_opt_gap_abs'.
WARNING:  Option 'mip_integral_gap_rel' deprecated, please use 'mip_opt_gap_rel'.
     446    8.967070e-01   0.000e+00   1.517e-02   1.227e-05        1
WARNING:  Option 'mip_integral_gap_abs' deprecated, please use 'mip_opt_gap_abs'.
WARNING:  Option 'mip_integral_gap_rel' deprecated, please use 'mip_opt_gap_rel'.
WARNING:  Option 'mip_integral_gap_abs' deprecated, please use 'mip_opt_gap_abs'.
WARNING:  Option 'mip_integral_gap_rel' deprecated, please use 'mip_opt_gap_rel'.
WARNING:  Option 'mip_integral_gap_abs' deprecated, please use 'mip_opt_gap_abs'.
WARNING:  Option 'mip_integral_gap_rel' deprecated, please use 'mip_opt_gap_rel'.
WARNING:  Option 'mip_integral_gap_abs' deprecated, please use 'mip_opt_gap_abs'.
WARNING:  Option 'mip_integral_gap_rel' deprecated, please use 'mip_opt_gap_rel'.
     447    8.967070e-01   0.000e+00   1.516e-02   5.494e-06        0
WARNING:  Option 'mip_integral_gap_abs' deprecated, please use 'mip_opt_gap_abs'.
WARNING:  Option 'mip_integral_gap_rel' deprecated, please use 'mip_opt_gap_rel'.
WARNING:  Option 'mip_integral_gap_abs' deprecated, please use 'mip_opt_gap_abs'.
WARNING:  Option 'mip_integral_gap_rel' deprecated, please use 'mip_opt_gap_rel'.
WARNING:  Option 'mip_integral_gap_abs' deprecated, please use 'mip_opt_gap_abs'.
WARNING:  Option 'mip_integral_gap_rel' deprecated, please use 'mip_opt_gap_rel'.
WARNING:  Option 'mip_integral_gap_abs' deprecated, please use 'mip_opt_gap_abs'.
WARNING:  Option 'mip_integral_gap_rel' deprecated, please use 'mip_opt_gap_rel'.
WARNING:  Option 'mip_integral_gap_abs' deprecated, please use 'mip_opt_gap_abs'.
WARNING:  Option 'mip_integral_gap_rel' deprecated, please use 'mip_opt_gap_rel'.
WARNING:  Option 'mip_integral_gap_abs' deprecated, please use 'mip_opt_gap_abs'.
WARNING:  Option 'mip_integral_gap_rel' deprecated, please use 'mip_opt_gap_rel'.
WARNING:  Option 'mip_integral_gap_abs' deprecated, please use 'mip_opt_gap_abs'.
WARNING:  Option 'mip_integral_gap_rel' deprecated, please use 'mip_opt_gap_rel'.
     448    8.967068e-01   0.000e+00   1.136e-02   1.092e-05        1
WARNING:  Option 'mip_integral_gap_abs' deprecated, please use 'mip_opt_gap_abs'.
WARNING:  Option 'mip_integral_gap_rel' deprecated, please use 'mip_opt_gap_rel'.
WARNING:  Option 'mip_integral_gap_abs' deprecated, please use 'mip_opt_gap_abs'.
WARNING:  Option 'mip_integral_gap_rel' deprecated, please use 'mip_opt_gap_rel'.
WARNING:  Option 'mip_integral_gap_abs' deprecated, please use 'mip_opt_gap_abs'.
WARNING:  Option 'mip_integral_gap_rel' deprecated, please use 'mip_opt_gap_rel'.
     449    8.967005e-01   0.000e+00   2.596e-02   4.587e-02        0
WARNING:  Option 'mip_integral_gap_abs' deprecated, please use 'mip_opt_gap_abs'.
WARNING:  Option 'mip_integral_gap_rel' deprecated, please use 'mip_opt_gap_rel'.
WARNING:  Option 'mip_integral_gap_abs' deprecated, please use 'mip_opt_gap_abs'.
WARNING:  Option 'mip_integral_gap_rel' deprecated, please use 'mip_opt_gap_rel'.
WARNING:  Option 'mip_integral_gap_abs' deprecated, please use 'mip_opt_gap_abs'.
WARNING:  Option 'mip_integral_gap_rel' deprecated, please use 'mip_opt_gap_rel'.
WARNING:  Option 'mip_integral_gap_abs' deprecated, please use 'mip_opt_gap_abs'.
WARNING:  Option 'mip_integral_gap_rel' deprecated, please use 'mip_opt_gap_rel'.
WARNING:  Option 'mip_integral_gap_abs' deprecated, please use 'mip_opt_gap_abs'.
WARNING:  Option 'mip_integral_gap_rel' deprecated, please use 'mip_opt_gap_rel'.
     450    8.966976e-01   0.000e+00   8.328e-03   3.535e-03        0
WARNING:  Option 'mip_integral_gap_abs' deprecated, please use 'mip_opt_gap_abs'.
WARNING:  Option 'mip_integral_gap_rel' deprecated, please use 'mip_opt_gap_rel'.
WARNING:  Option 'mip_integral_gap_abs' deprecated, please use 'mip_opt_gap_abs'.
WARNING:  Option 'mip_integral_gap_rel' deprecated, please use 'mip_opt_gap_rel'.
WARNING:  Option 'mip_integral_gap_abs' deprecated, please use 'mip_opt_gap_abs'.
WARNING:  Option 'mip_integral_gap_rel' deprecated, please use 'mip_opt_gap_rel'.
     451    8.966947e-01   0.000e+00   2.378e-01   1.274e-03        0
WARNING:  Option 'mip_integral_gap_abs' deprecated, please use 'mip_opt_gap_abs'.
WARNING:  Option 'mip_integral_gap_rel' deprecated, please use 'mip_opt_gap_rel'.
WARNING:  Option 'mip_integral_gap_abs' deprecated, please use 'mip_opt_gap_abs'.
WARNING:  Option 'mip_integral_gap_rel' deprecated, please use 'mip_opt_gap_rel'.
WARNING:  Option 'mip_integral_gap_abs' deprecated, please use 'mip_opt_gap_abs'.
WARNING:  Option 'mip_integral_gap_rel' deprecated, please use 'mip_opt_gap_rel'.
WARNING:  Option 'mip_integral_gap_abs' deprecated, please use 'mip_opt_gap_abs'.
WARNING:  Option 'mip_integral_gap_rel' deprecated, please use 'mip_opt_gap_rel'.
WARNING:  Option 'mip_integral_gap_abs' deprecated, please use 'mip_opt_gap_abs'.
WARNING:  Option 'mip_integral_gap_rel' deprecated, please use 'mip_opt_gap_rel'.
WARNING:  Option 'mip_integral_gap_abs' deprecated, please use 'mip_opt_gap_abs'.
WARNING:  Option 'mip_integral_gap_rel' deprecated, please use 'mip_opt_gap_rel'.
WARNING:  Option 'mip_integral_gap_abs' deprecated, please use 'mip_opt_gap_abs'.
WARNING:  Option 'mip_integral_gap_rel' deprecated, please use 'mip_opt_gap_rel'.
WARNING:  Option 'mip_integral_gap_abs' deprecated, please use 'mip_opt_gap_abs'.
WARNING:  Option 'mip_integral_gap_rel' deprecated, please use 'mip_opt_gap_rel'.
WARNING:  Option 'mip_integral_gap_abs' deprecated, please use 'mip_opt_gap_abs'.
WARNING:  Option 'mip_integral_gap_rel' deprecated, please use 'mip_opt_gap_rel'.
WARNING:  Option 'mip_integral_gap_abs' deprecated, please use 'mip_opt_gap_abs'.
WARNING:  Option 'mip_integral_gap_rel' deprecated, please use 'mip_opt_gap_rel'.
WARNING:  Option 'mip_integral_gap_abs' deprecated, please use 'mip_opt_gap_abs'.
WARNING:  Option 'mip_integral_gap_rel' deprecated, please use 'mip_opt_gap_rel'.
WARNING:  Option 'mip_integral_gap_abs' deprecated, please use 'mip_opt_gap_abs'.
WARNING:  Option 'mip_integral_gap_rel' deprecated, please use 'mip_opt_gap_rel'.
WARNING:  Option 'mip_integral_gap_abs' deprecated, please use 'mip_opt_gap_abs'.
WARNING:  Option 'mip_integral_gap_rel' deprecated, please use 'mip_opt_gap_rel'.
WARNING:  Option 'mip_integral_gap_abs' deprecated, please use 'mip_opt_gap_abs'.
WARNING:  Option 'mip_integral_gap_rel' deprecated, please use 'mip_opt_gap_rel'.
WARNING:  Option 'mip_integral_gap_abs' deprecated, please use 'mip_opt_gap_abs'.
WARNING:  Option 'mip_integral_gap_rel' deprecated, please use 'mip_opt_gap_rel'.
WARNING:  Option 'mip_integral_gap_abs' deprecated, please use 'mip_opt_gap_abs'.
WARNING:  Option 'mip_integral_gap_rel' deprecated, please use 'mip_opt_gap_rel'.
WARNING:  Option 'mip_integral_gap_abs' deprecated, please use 'mip_opt_gap_abs'.
WARNING:  Option 'mip_integral_gap_rel' deprecated, please use 'mip_opt_gap_rel'.
WARNING:  Option 'mip_integral_gap_abs' deprecated, please use 'mip_opt_gap_abs'.
WARNING:  Option 'mip_integral_gap_rel' deprecated, please use 'mip_opt_gap_rel'.
WARNING:  Option 'mip_integral_gap_abs' deprecated, please use 'mip_opt_gap_abs'.
WARNING:  Option 'mip_integral_gap_rel' deprecated, please use 'mip_opt_gap_rel'.
WARNING:  Option 'mip_integral_gap_abs' deprecated, please use 'mip_opt_gap_abs'.
WARNING:  Option 'mip_integral_gap_rel' deprecated, please use 'mip_opt_gap_rel'.
WARNING:  Option 'mip_integral_gap_abs' deprecated, please use 'mip_opt_gap_abs'.
WARNING:  Option 'mip_integral_gap_rel' deprecated, please use 'mip_opt_gap_rel'.
WARNING:  Option 'mip_integral_gap_abs' deprecated, please use 'mip_opt_gap_abs'.
WARNING:  Option 'mip_integral_gap_rel' deprecated, please use 'mip_opt_gap_rel'.
WARNING:  Option 'mip_integral_gap_abs' deprecated, please use 'mip_opt_gap_abs'.
WARNING:  Option 'mip_integral_gap_rel' deprecated, please use 'mip_opt_gap_rel'.
WARNING:  Option 'mip_integral_gap_abs' deprecated, please use 'mip_opt_gap_abs'.
WARNING:  Option 'mip_integral_gap_rel' deprecated, please use 'mip_opt_gap_rel'.
WARNING:  Option 'mip_integral_gap_abs' deprecated, please use 'mip_opt_gap_abs'.
WARNING:  Option 'mip_integral_gap_rel' deprecated, please use 'mip_opt_gap_rel'.
     452    8.966935e-01   0.000e+00   6.563e-02   3.216e-06        1
WARNING:  Option 'mip_integral_gap_abs' deprecated, please use 'mip_opt_gap_abs'.
WARNING:  Option 'mip_integral_gap_rel' deprecated, please use 'mip_opt_gap_rel'.
WARNING:  Option 'mip_integral_gap_abs' deprecated, please use 'mip_opt_gap_abs'.
WARNING:  Option 'mip_integral_gap_rel' deprecated, please use 'mip_opt_gap_rel'.
     453    8.966924e-01   0.000e+00   2.906e-02   9.904e-04        0
WARNING:  Option 'mip_integral_gap_abs' deprecated, please use 'mip_opt_gap_abs'.
WARNING:  Option 'mip_integral_gap_rel' deprecated, please use 'mip_opt_gap_rel'.
WARNING:  Option 'mip_integral_gap_abs' deprecated, please use 'mip_opt_gap_abs'.
WARNING:  Option 'mip_integral_gap_rel' deprecated, please use 'mip_opt_gap_rel'.
WARNING:  Option 'mip_integral_gap_abs' deprecated, please use 'mip_opt_gap_abs'.
WARNING:  Option 'mip_integral_gap_rel' deprecated, please use 'mip_opt_gap_rel'.
WARNING:  Option 'mip_integral_gap_abs' deprecated, please use 'mip_opt_gap_abs'.
WARNING:  Option 'mip_integral_gap_rel' deprecated, please use 'mip_opt_gap_rel'.
WARNING:  Option 'mip_integral_gap_abs' deprecated, please use 'mip_opt_gap_abs'.
WARNING:  Option 'mip_integral_gap_rel' deprecated, please use 'mip_opt_gap_rel'.
WARNING:  Option 'mip_integral_gap_abs' deprecated, please use 'mip_opt_gap_abs'.
WARNING:  Option 'mip_integral_gap_rel' deprecated, please use 'mip_opt_gap_rel'.
WARNING:  Option 'mip_integral_gap_abs' deprecated, please use 'mip_opt_gap_abs'.
WARNING:  Option 'mip_integral_gap_rel' deprecated, please use 'mip_opt_gap_rel'.
WARNING:  Option 'mip_integral_gap_abs' deprecated, please use 'mip_opt_gap_abs'.
WARNING:  Option 'mip_integral_gap_rel' deprecated, please use 'mip_opt_gap_rel'.
WARNING:  Option 'mip_integral_gap_abs' deprecated, please use 'mip_opt_gap_abs'.
WARNING:  Option 'mip_integral_gap_rel' deprecated, please use 'mip_opt_gap_rel'.
WARNING:  Option 'mip_integral_gap_abs' deprecated, please use 'mip_opt_gap_abs'.
WARNING:  Option 'mip_integral_gap_rel' deprecated, please use 'mip_opt_gap_rel'.
WARNING:  Option 'mip_integral_gap_abs' deprecated, please use 'mip_opt_gap_abs'.
WARNING:  Option 'mip_integral_gap_rel' deprecated, please use 'mip_opt_gap_rel'.
WARNING:  Option 'mip_integral_gap_abs' deprecated, please use 'mip_opt_gap_abs'.
WARNING:  Option 'mip_integral_gap_rel' deprecated, please use 'mip_opt_gap_rel'.
WARNING:  Option 'mip_integral_gap_abs' deprecated, please use 'mip_opt_gap_abs'.
WARNING:  Option 'mip_integral_gap_rel' deprecated, please use 'mip_opt_gap_rel'.
WARNING:  Option 'mip_integral_gap_abs' deprecated, please use 'mip_opt_gap_abs'.
WARNING:  Option 'mip_integral_gap_rel' deprecated, please use 'mip_opt_gap_rel'.
WARNING:  Option 'mip_integral_gap_abs' deprecated, please use 'mip_opt_gap_abs'.
WARNING:  Option 'mip_integral_gap_rel' deprecated, please use 'mip_opt_gap_rel'.
WARNING:  Option 'mip_integral_gap_abs' deprecated, please use 'mip_opt_gap_abs'.
WARNING:  Option 'mip_integral_gap_rel' deprecated, please use 'mip_opt_gap_rel'.
WARNING:  Option 'mip_integral_gap_abs' deprecated, please use 'mip_opt_gap_abs'.
WARNING:  Option 'mip_integral_gap_rel' deprecated, please use 'mip_opt_gap_rel'.
WARNING:  Option 'mip_integral_gap_abs' deprecated, please use 'mip_opt_gap_abs'.
WARNING:  Option 'mip_integral_gap_rel' deprecated, please use 'mip_opt_gap_rel'.
WARNING:  Option 'mip_integral_gap_abs' deprecated, please use 'mip_opt_gap_abs'.
WARNING:  Option 'mip_integral_gap_rel' deprecated, please use 'mip_opt_gap_rel'.
WARNING:  Option 'mip_integral_gap_abs' deprecated, please use 'mip_opt_gap_abs'.
WARNING:  Option 'mip_integral_gap_rel' deprecated, please use 'mip_opt_gap_rel'.
WARNING:  Option 'mip_integral_gap_abs' deprecated, please use 'mip_opt_gap_abs'.
WARNING:  Option 'mip_integral_gap_rel' deprecated, please use 'mip_opt_gap_rel'.
WARNING:  Option 'mip_integral_gap_abs' deprecated, please use 'mip_opt_gap_abs'.
WARNING:  Option 'mip_integral_gap_rel' deprecated, please use 'mip_opt_gap_rel'.
     454    8.966923e-01   0.000e+00   1.983e-02   9.929e-07       41
WARNING:  Option 'mip_integral_gap_abs' deprecated, please use 'mip_opt_gap_abs'.
WARNING:  Option 'mip_integral_gap_rel' deprecated, please use 'mip_opt_gap_rel'.
WARNING:  Option 'mip_integral_gap_abs' deprecated, please use 'mip_opt_gap_abs'.
WARNING:  Option 'mip_integral_gap_rel' deprecated, please use 'mip_opt_gap_rel'.
WARNING:  Option 'mip_integral_gap_abs' deprecated, please use 'mip_opt_gap_abs'.
WARNING:  Option 'mip_integral_gap_rel' deprecated, please use 'mip_opt_gap_rel'.
WARNING:  Option 'mip_integral_gap_abs' deprecated, please use 'mip_opt_gap_abs'.
WARNING:  Option 'mip_integral_gap_rel' deprecated, please use 'mip_opt_gap_rel'.
WARNING:  Option 'mip_integral_gap_abs' deprecated, please use 'mip_opt_gap_abs'.
WARNING:  Option 'mip_integral_gap_rel' deprecated, please use 'mip_opt_gap_rel'.
WARNING:  Option 'mip_integral_gap_abs' deprecated, please use 'mip_opt_gap_abs'.
WARNING:  Option 'mip_integral_gap_rel' deprecated, please use 'mip_opt_gap_rel'.
WARNING:  Option 'mip_integral_gap_abs' deprecated, please use 'mip_opt_gap_abs'.
WARNING:  Option 'mip_integral_gap_rel' deprecated, please use 'mip_opt_gap_rel'.
WARNING:  Option 'mip_integral_gap_abs' deprecated, please use 'mip_opt_gap_abs'.
WARNING:  Option 'mip_integral_gap_rel' deprecated, please use 'mip_opt_gap_rel'.
WARNING:  Option 'mip_integral_gap_abs' deprecated, please use 'mip_opt_gap_abs'.
WARNING:  Option 'mip_integral_gap_rel' deprecated, please use 'mip_opt_gap_rel'.
     455    8.966923e-01   0.000e+00   2.218e-02   1.024e-06        4
WARNING:  Option 'mip_integral_gap_abs' deprecated, please use 'mip_opt_gap_abs'.
WARNING:  Option 'mip_integral_gap_rel' deprecated, please use 'mip_opt_gap_rel'.
WARNING:  Option 'mip_integral_gap_abs' deprecated, please use 'mip_opt_gap_abs'.
WARNING:  Option 'mip_integral_gap_rel' deprecated, please use 'mip_opt_gap_rel'.
WARNING:  Option 'mip_integral_gap_abs' deprecated, please use 'mip_opt_gap_abs'.
WARNING:  Option 'mip_integral_gap_rel' deprecated, please use 'mip_opt_gap_rel'.
WARNING:  Option 'mip_integral_gap_abs' deprecated, please use 'mip_opt_gap_abs'.
WARNING:  Option 'mip_integral_gap_rel' deprecated, please use 'mip_opt_gap_rel'.
     456    8.966923e-01   0.000e+00   2.218e-02   2.778e-12        0
WARNING:  Option 'mip_integral_gap_abs' deprecated, please use 'mip_opt_gap_abs'.
WARNING:  Option 'mip_integral_gap_rel' deprecated, please use 'mip_opt_gap_rel'.
WARNING:  Option 'mip_integral_gap_abs' deprecated, please use 'mip_opt_gap_abs'.
WARNING:  Option 'mip_integral_gap_rel' deprecated, please use 'mip_opt_gap_rel'.
WARNING:  Option 'mip_integral_gap_abs' deprecated, please use 'mip_opt_gap_abs'.
WARNING:  Option 'mip_integral_gap_rel' deprecated, please use 'mip_opt_gap_rel'.
WARNING:  Option 'mip_integral_gap_abs' deprecated, please use 'mip_opt_gap_abs'.
WARNING:  Option 'mip_integral_gap_rel' deprecated, please use 'mip_opt_gap_rel'.
WARNING:  Option 'mip_integral_gap_abs' deprecated, please use 'mip_opt_gap_abs'.
WARNING:  Option 'mip_integral_gap_rel' deprecated, please use 'mip_opt_gap_rel'.
WARNING:  Option 'mip_integral_gap_abs' deprecated, please use 'mip_opt_gap_abs'.
WARNING:  Option 'mip_integral_gap_rel' deprecated, please use 'mip_opt_gap_rel'.
     457    8.966921e-01   0.000e+00   1.942e-02   3.049e-06        0
WARNING:  Option 'mip_integral_gap_abs' deprecated, please use 'mip_opt_gap_abs'.
WARNING:  Option 'mip_integral_gap_rel' deprecated, please use 'mip_opt_gap_rel'.
WARNING:  Option 'mip_integral_gap_abs' deprecated, please use 'mip_opt_gap_abs'.
WARNING:  Option 'mip_integral_gap_rel' deprecated, please use 'mip_opt_gap_rel'.
WARNING:  Option 'mip_integral_gap_abs' deprecated, please use 'mip_opt_gap_abs'.
WARNING:  Option 'mip_integral_gap_rel' deprecated, please use 'mip_opt_gap_rel'.
WARNING:  Option 'mip_integral_gap_abs' deprecated, please use 'mip_opt_gap_abs'.
WARNING:  Option 'mip_integral_gap_rel' deprecated, please use 'mip_opt_gap_rel'.
WARNING:  Option 'mip_integral_gap_abs' deprecated, please use 'mip_opt_gap_abs'.
WARNING:  Option 'mip_integral_gap_rel' deprecated, please use 'mip_opt_gap_rel'.
WARNING:  Option 'mip_integral_gap_abs' deprecated, please use 'mip_opt_gap_abs'.
WARNING:  Option 'mip_integral_gap_rel' deprecated, please use 'mip_opt_gap_rel'.
WARNING:  Option 'mip_integral_gap_abs' deprecated, please use 'mip_opt_gap_abs'.
WARNING:  Option 'mip_integral_gap_rel' deprecated, please use 'mip_opt_gap_rel'.
WARNING:  Option 'mip_integral_gap_abs' deprecated, please use 'mip_opt_gap_abs'.
WARNING:  Option 'mip_integral_gap_rel' deprecated, please use 'mip_opt_gap_rel'.
WARNING:  Option 'mip_integral_gap_abs' deprecated, please use 'mip_opt_gap_abs'.
WARNING:  Option 'mip_integral_gap_rel' deprecated, please use 'mip_opt_gap_rel'.
WARNING:  Option 'mip_integral_gap_abs' deprecated, please use 'mip_opt_gap_abs'.
WARNING:  Option 'mip_integral_gap_rel' deprecated, please use 'mip_opt_gap_rel'.
WARNING:  Option 'mip_integral_gap_abs' deprecated, please use 'mip_opt_gap_abs'.
WARNING:  Option 'mip_integral_gap_rel' deprecated, please use 'mip_opt_gap_rel'.
WARNING:  Option 'mip_integral_gap_abs' deprecated, please use 'mip_opt_gap_abs'.
WARNING:  Option 'mip_integral_gap_rel' deprecated, please use 'mip_opt_gap_rel'.
WARNING:  Option 'mip_integral_gap_abs' deprecated, please use 'mip_opt_gap_abs'.
WARNING:  Option 'mip_integral_gap_rel' deprecated, please use 'mip_opt_gap_rel'.
WARNING:  Option 'mip_integral_gap_abs' deprecated, please use 'mip_opt_gap_abs'.
WARNING:  Option 'mip_integral_gap_rel' deprecated, please use 'mip_opt_gap_rel'.
WARNING:  Option 'mip_integral_gap_abs' deprecated, please use 'mip_opt_gap_abs'.
WARNING:  Option 'mip_integral_gap_rel' deprecated, please use 'mip_opt_gap_rel'.
WARNING:  Option 'mip_integral_gap_abs' deprecated, please use 'mip_opt_gap_abs'.
WARNING:  Option 'mip_integral_gap_rel' deprecated, please use 'mip_opt_gap_rel'.
WARNING:  Option 'mip_integral_gap_abs' deprecated, please use 'mip_opt_gap_abs'.
WARNING:  Option 'mip_integral_gap_rel' deprecated, please use 'mip_opt_gap_rel'.
WARNING:  Option 'mip_integral_gap_abs' deprecated, please use 'mip_opt_gap_abs'.
WARNING:  Option 'mip_integral_gap_rel' deprecated, please use 'mip_opt_gap_rel'.
WARNING:  Option 'mip_integral_gap_abs' deprecated, please use 'mip_opt_gap_abs'.
WARNING:  Option 'mip_integral_gap_rel' deprecated, please use 'mip_opt_gap_rel'.
WARNING:  Option 'mip_integral_gap_abs' deprecated, please use 'mip_opt_gap_abs'.
WARNING:  Option 'mip_integral_gap_rel' deprecated, please use 'mip_opt_gap_rel'.
WARNING:  Option 'mip_integral_gap_abs' deprecated, please use 'mip_opt_gap_abs'.
WARNING:  Option 'mip_integral_gap_rel' deprecated, please use 'mip_opt_gap_rel'.
WARNING:  Option 'mip_integral_gap_abs' deprecated, please use 'mip_opt_gap_abs'.
WARNING:  Option 'mip_integral_gap_rel' deprecated, please use 'mip_opt_gap_rel'.
WARNING:  Option 'mip_integral_gap_abs' deprecated, please use 'mip_opt_gap_abs'.
WARNING:  Option 'mip_integral_gap_rel' deprecated, please use 'mip_opt_gap_rel'.
WARNING:  Option 'mip_integral_gap_abs' deprecated, please use 'mip_opt_gap_abs'.
WARNING:  Option 'mip_integral_gap_rel' deprecated, please use 'mip_opt_gap_rel'.
WARNING:  Option 'mip_integral_gap_abs' deprecated, please use 'mip_opt_gap_abs'.
WARNING:  Option 'mip_integral_gap_rel' deprecated, please use 'mip_opt_gap_rel'.
     458    8.966921e-01   0.000e+00   1.942e-02   1.096e-06        1
WARNING:  Option 'mip_integral_gap_abs' deprecated, please use 'mip_opt_gap_abs'.
WARNING:  Option 'mip_integral_gap_rel' deprecated, please use 'mip_opt_gap_rel'.
WARNING:  Option 'mip_integral_gap_abs' deprecated, please use 'mip_opt_gap_abs'.
WARNING:  Option 'mip_integral_gap_rel' deprecated, please use 'mip_opt_gap_rel'.
WARNING:  Option 'mip_integral_gap_abs' deprecated, please use 'mip_opt_gap_abs'.
WARNING:  Option 'mip_integral_gap_rel' deprecated, please use 'mip_opt_gap_rel'.
     459    8.966905e-01   0.000e+00   1.942e-02   2.306e-03        0
WARNING:  Option 'mip_integral_gap_abs' deprecated, please use 'mip_opt_gap_abs'.
WARNING:  Option 'mip_integral_gap_rel' deprecated, please use 'mip_opt_gap_rel'.
WARNING:  Option 'mip_integral_gap_abs' deprecated, please use 'mip_opt_gap_abs'.
WARNING:  Option 'mip_integral_gap_rel' deprecated, please use 'mip_opt_gap_rel'.
WARNING:  Option 'mip_integral_gap_abs' deprecated, please use 'mip_opt_gap_abs'.
WARNING:  Option 'mip_integral_gap_rel' deprecated, please use 'mip_opt_gap_rel'.
WARNING:  Option 'mip_integral_gap_abs' deprecated, please use 'mip_opt_gap_abs'.
WARNING:  Option 'mip_integral_gap_rel' deprecated, please use 'mip_opt_gap_rel'.
WARNING:  Option 'mip_integral_gap_abs' deprecated, please use 'mip_opt_gap_abs'.
WARNING:  Option 'mip_integral_gap_rel' deprecated, please use 'mip_opt_gap_rel'.
WARNING:  Option 'mip_integral_gap_abs' deprecated, please use 'mip_opt_gap_abs'.
WARNING:  Option 'mip_integral_gap_rel' deprecated, please use 'mip_opt_gap_rel'.
WARNING:  Option 'mip_integral_gap_abs' deprecated, please use 'mip_opt_gap_abs'.
WARNING:  Option 'mip_integral_gap_rel' deprecated, please use 'mip_opt_gap_rel'.
WARNING:  Option 'mip_integral_gap_abs' deprecated, please use 'mip_opt_gap_abs'.
WARNING:  Option 'mip_integral_gap_rel' deprecated, please use 'mip_opt_gap_rel'.
WARNING:  Option 'mip_integral_gap_abs' deprecated, please use 'mip_opt_gap_abs'.
WARNING:  Option 'mip_integral_gap_rel' deprecated, please use 'mip_opt_gap_rel'.
WARNING:  Option 'mip_integral_gap_abs' deprecated, please use 'mip_opt_gap_abs'.
WARNING:  Option 'mip_integral_gap_rel' deprecated, please use 'mip_opt_gap_rel'.
WARNING:  Option 'mip_integral_gap_abs' deprecated, please use 'mip_opt_gap_abs'.
WARNING:  Option 'mip_integral_gap_rel' deprecated, please use 'mip_opt_gap_rel'.
WARNING:  Option 'mip_integral_gap_abs' deprecated, please use 'mip_opt_gap_abs'.
WARNING:  Option 'mip_integral_gap_rel' deprecated, please use 'mip_opt_gap_rel'.
WARNING:  Option 'mip_integral_gap_abs' deprecated, please use 'mip_opt_gap_abs'.
WARNING:  Option 'mip_integral_gap_rel' deprecated, please use 'mip_opt_gap_rel'.
WARNING:  Option 'mip_integral_gap_abs' deprecated, please use 'mip_opt_gap_abs'.
WARNING:  Option 'mip_integral_gap_rel' deprecated, please use 'mip_opt_gap_rel'.
WARNING:  Option 'mip_integral_gap_abs' deprecated, please use 'mip_opt_gap_abs'.
WARNING:  Option 'mip_integral_gap_rel' deprecated, please use 'mip_opt_gap_rel'.
WARNING:  Option 'mip_integral_gap_abs' deprecated, please use 'mip_opt_gap_abs'.
WARNING:  Option 'mip_integral_gap_rel' deprecated, please use 'mip_opt_gap_rel'.
WARNING:  Option 'mip_integral_gap_abs' deprecated, please use 'mip_opt_gap_abs'.
WARNING:  Option 'mip_integral_gap_rel' deprecated, please use 'mip_opt_gap_rel'.
WARNING:  Option 'mip_integral_gap_abs' deprecated, please use 'mip_opt_gap_abs'.
WARNING:  Option 'mip_integral_gap_rel' deprecated, please use 'mip_opt_gap_rel'.
WARNING:  Option 'mip_integral_gap_abs' deprecated, please use 'mip_opt_gap_abs'.
WARNING:  Option 'mip_integral_gap_rel' deprecated, please use 'mip_opt_gap_rel'.
WARNING:  Option 'mip_integral_gap_abs' deprecated, please use 'mip_opt_gap_abs'.
WARNING:  Option 'mip_integral_gap_rel' deprecated, please use 'mip_opt_gap_rel'.
WARNING:  Option 'mip_integral_gap_abs' deprecated, please use 'mip_opt_gap_abs'.
WARNING:  Option 'mip_integral_gap_rel' deprecated, please use 'mip_opt_gap_rel'.
WARNING:  Option 'mip_integral_gap_abs' deprecated, please use 'mip_opt_gap_abs'.
WARNING:  Option 'mip_integral_gap_rel' deprecated, please use 'mip_opt_gap_rel'.
WARNING:  Option 'mip_integral_gap_abs' deprecated, please use 'mip_opt_gap_abs'.
WARNING:  Option 'mip_integral_gap_rel' deprecated, please use 'mip_opt_gap_rel'.
WARNING:  Option 'mip_integral_gap_abs' deprecated, please use 'mip_opt_gap_abs'.
WARNING:  Option 'mip_integral_gap_rel' deprecated, please use 'mip_opt_gap_rel'.
WARNING:  Option 'mip_integral_gap_abs' deprecated, please use 'mip_opt_gap_abs'.
WARNING:  Option 'mip_integral_gap_rel' deprecated, please use 'mip_opt_gap_rel'.
     460    8.966905e-01   0.000e+00   1.942e-02   3.740e-07        1
WARNING:  Option 'mip_integral_gap_abs' deprecated, please use 'mip_opt_gap_abs'.
WARNING:  Option 'mip_integral_gap_rel' deprecated, please use 'mip_opt_gap_rel'.
WARNING:  Option 'mip_integral_gap_abs' deprecated, please use 'mip_opt_gap_abs'.
WARNING:  Option 'mip_integral_gap_rel' deprecated, please use 'mip_opt_gap_rel'.
WARNING:  Option 'mip_integral_gap_abs' deprecated, please use 'mip_opt_gap_abs'.
WARNING:  Option 'mip_integral_gap_rel' deprecated, please use 'mip_opt_gap_rel'.
WARNING:  Option 'mip_integral_gap_abs' deprecated, please use 'mip_opt_gap_abs'.
WARNING:  Option 'mip_integral_gap_rel' deprecated, please use 'mip_opt_gap_rel'.
     461    8.966905e-01   0.000e+00   1.942e-02   3.346e-07        0
WARNING:  Option 'mip_integral_gap_abs' deprecated, please use 'mip_opt_gap_abs'.
WARNING:  Option 'mip_integral_gap_rel' deprecated, please use 'mip_opt_gap_rel'.
WARNING:  Option 'mip_integral_gap_abs' deprecated, please use 'mip_opt_gap_abs'.
WARNING:  Option 'mip_integral_gap_rel' deprecated, please use 'mip_opt_gap_rel'.
WARNING:  Option 'mip_integral_gap_abs' deprecated, please use 'mip_opt_gap_abs'.
WARNING:  Option 'mip_integral_gap_rel' deprecated, please use 'mip_opt_gap_rel'.
WARNING:  Option 'mip_integral_gap_abs' deprecated, please use 'mip_opt_gap_abs'.
WARNING:  Option 'mip_integral_gap_rel' deprecated, please use 'mip_opt_gap_rel'.
WARNING:  Option 'mip_integral_gap_abs' deprecated, please use 'mip_opt_gap_abs'.
WARNING:  Option 'mip_integral_gap_rel' deprecated, please use 'mip_opt_gap_rel'.
WARNING:  Option 'mip_integral_gap_abs' deprecated, please use 'mip_opt_gap_abs'.
WARNING:  Option 'mip_integral_gap_rel' deprecated, please use 'mip_opt_gap_rel'.
WARNING:  Option 'mip_integral_gap_abs' deprecated, please use 'mip_opt_gap_abs'.
WARNING:  Option 'mip_integral_gap_rel' deprecated, please use 'mip_opt_gap_rel'.
WARNING:  Option 'mip_integral_gap_abs' deprecated, please use 'mip_opt_gap_abs'.
WARNING:  Option 'mip_integral_gap_rel' deprecated, please use 'mip_opt_gap_rel'.
     462    8.966904e-01   0.000e+00   1.942e-02   2.509e-06        1
WARNING:  Option 'mip_integral_gap_abs' deprecated, please use 'mip_opt_gap_abs'.
WARNING:  Option 'mip_integral_gap_rel' deprecated, please use 'mip_opt_gap_rel'.
WARNING:  Option 'mip_integral_gap_abs' deprecated, please use 'mip_opt_gap_abs'.
WARNING:  Option 'mip_integral_gap_rel' deprecated, please use 'mip_opt_gap_rel'.
WARNING:  Option 'mip_integral_gap_abs' deprecated, please use 'mip_opt_gap_abs'.
WARNING:  Option 'mip_integral_gap_rel' deprecated, please use 'mip_opt_gap_rel'.
WARNING:  Option 'mip_integral_gap_abs' deprecated, please use 'mip_opt_gap_abs'.
WARNING:  Option 'mip_integral_gap_rel' deprecated, please use 'mip_opt_gap_rel'.
     463    8.966904e-01   0.000e+00   8.089e-03   6.541e-09        0
WARNING:  Option 'mip_integral_gap_abs' deprecated, please use 'mip_opt_gap_abs'.
WARNING:  Option 'mip_integral_gap_rel' deprecated, please use 'mip_opt_gap_rel'.
WARNING:  Option 'mip_integral_gap_abs' deprecated, please use 'mip_opt_gap_abs'.
WARNING:  Option 'mip_integral_gap_rel' deprecated, please use 'mip_opt_gap_rel'.
WARNING:  Option 'mip_integral_gap_abs' deprecated, please use 'mip_opt_gap_abs'.
WARNING:  Option 'mip_integral_gap_rel' deprecated, please use 'mip_opt_gap_rel'.
WARNING:  Option 'mip_integral_gap_abs' deprecated, please use 'mip_opt_gap_abs'.
WARNING:  Option 'mip_integral_gap_rel' deprecated, please use 'mip_opt_gap_rel'.
WARNING:  Option 'mip_integral_gap_abs' deprecated, please use 'mip_opt_gap_abs'.
WARNING:  Option 'mip_integral_gap_rel' deprecated, please use 'mip_opt_gap_rel'.
WARNING:  Option 'mip_integral_gap_abs' deprecated, please use 'mip_opt_gap_abs'.
WARNING:  Option 'mip_integral_gap_rel' deprecated, please use 'mip_opt_gap_rel'.
WARNING:  Option 'mip_integral_gap_abs' deprecated, please use 'mip_opt_gap_abs'.
WARNING:  Option 'mip_integral_gap_rel' deprecated, please use 'mip_opt_gap_rel'.
WARNING:  Option 'mip_integral_gap_abs' deprecated, please use 'mip_opt_gap_abs'.
WARNING:  Option 'mip_integral_gap_rel' deprecated, please use 'mip_opt_gap_rel'.
WARNING:  Option 'mip_integral_gap_abs' deprecated, please use 'mip_opt_gap_abs'.
WARNING:  Option 'mip_integral_gap_rel' deprecated, please use 'mip_opt_gap_rel'.
WARNING:  Option 'mip_integral_gap_abs' deprecated, please use 'mip_opt_gap_abs'.
WARNING:  Option 'mip_integral_gap_rel' deprecated, please use 'mip_opt_gap_rel'.
WARNING:  Option 'mip_integral_gap_abs' deprecated, please use 'mip_opt_gap_abs'.
WARNING:  Option 'mip_integral_gap_rel' deprecated, please use 'mip_opt_gap_rel'.
WARNING:  Option 'mip_integral_gap_abs' deprecated, please use 'mip_opt_gap_abs'.
WARNING:  Option 'mip_integral_gap_rel' deprecated, please use 'mip_opt_gap_rel'.
WARNING:  Option 'mip_integral_gap_abs' deprecated, please use 'mip_opt_gap_abs'.
WARNING:  Option 'mip_integral_gap_rel' deprecated, please use 'mip_opt_gap_rel'.
WARNING:  Option 'mip_integral_gap_abs' deprecated, please use 'mip_opt_gap_abs'.
WARNING:  Option 'mip_integral_gap_rel' deprecated, please use 'mip_opt_gap_rel'.
WARNING:  Option 'mip_integral_gap_abs' deprecated, please use 'mip_opt_gap_abs'.
WARNING:  Option 'mip_integral_gap_rel' deprecated, please use 'mip_opt_gap_rel'.
WARNING:  Option 'mip_integral_gap_abs' deprecated, please use 'mip_opt_gap_abs'.
WARNING:  Option 'mip_integral_gap_rel' deprecated, please use 'mip_opt_gap_rel'.
WARNING:  Option 'mip_integral_gap_abs' deprecated, please use 'mip_opt_gap_abs'.
WARNING:  Option 'mip_integral_gap_rel' deprecated, please use 'mip_opt_gap_rel'.
WARNING:  Option 'mip_integral_gap_abs' deprecated, please use 'mip_opt_gap_abs'.
WARNING:  Option 'mip_integral_gap_rel' deprecated, please use 'mip_opt_gap_rel'.
     464    8.966904e-01   0.000e+00   6.596e-03   9.614e-07        1
WARNING:  Option 'mip_integral_gap_abs' deprecated, please use 'mip_opt_gap_abs'.
WARNING:  Option 'mip_integral_gap_rel' deprecated, please use 'mip_opt_gap_rel'.
WARNING:  Option 'mip_integral_gap_abs' deprecated, please use 'mip_opt_gap_abs'.
WARNING:  Option 'mip_integral_gap_rel' deprecated, please use 'mip_opt_gap_rel'.
WARNING:  Option 'mip_integral_gap_abs' deprecated, please use 'mip_opt_gap_abs'.
WARNING:  Option 'mip_integral_gap_rel' deprecated, please use 'mip_opt_gap_rel'.
WARNING:  Option 'mip_integral_gap_abs' deprecated, please use 'mip_opt_gap_abs'.
WARNING:  Option 'mip_integral_gap_rel' deprecated, please use 'mip_opt_gap_rel'.
     465    8.966904e-01   0.000e+00   6.596e-03   5.584e-10        0
WARNING:  Option 'mip_integral_gap_abs' deprecated, please use 'mip_opt_gap_abs'.
WARNING:  Option 'mip_integral_gap_rel' deprecated, please use 'mip_opt_gap_rel'.
WARNING:  Option 'mip_integral_gap_abs' deprecated, please use 'mip_opt_gap_abs'.
WARNING:  Option 'mip_integral_gap_rel' deprecated, please use 'mip_opt_gap_rel'.
WARNING:  Option 'mip_integral_gap_abs' deprecated, please use 'mip_opt_gap_abs'.
WARNING:  Option 'mip_integral_gap_rel' deprecated, please use 'mip_opt_gap_rel'.
WARNING:  Option 'mip_integral_gap_abs' deprecated, please use 'mip_opt_gap_abs'.
WARNING:  Option 'mip_integral_gap_rel' deprecated, please use 'mip_opt_gap_rel'.
WARNING:  Option 'mip_integral_gap_abs' deprecated, please use 'mip_opt_gap_abs'.
WARNING:  Option 'mip_integral_gap_rel' deprecated, please use 'mip_opt_gap_rel'.
WARNING:  Option 'mip_integral_gap_abs' deprecated, please use 'mip_opt_gap_abs'.
WARNING:  Option 'mip_integral_gap_rel' deprecated, please use 'mip_opt_gap_rel'.
WARNING:  Option 'mip_integral_gap_abs' deprecated, please use 'mip_opt_gap_abs'.
WARNING:  Option 'mip_integral_gap_rel' deprecated, please use 'mip_opt_gap_rel'.
WARNING:  Option 'mip_integral_gap_abs' deprecated, please use 'mip_opt_gap_abs'.
WARNING:  Option 'mip_integral_gap_rel' deprecated, please use 'mip_opt_gap_rel'.
WARNING:  Option 'mip_integral_gap_abs' deprecated, please use 'mip_opt_gap_abs'.
WARNING:  Option 'mip_integral_gap_rel' deprecated, please use 'mip_opt_gap_rel'.
WARNING:  Option 'mip_integral_gap_abs' deprecated, please use 'mip_opt_gap_abs'.
WARNING:  Option 'mip_integral_gap_rel' deprecated, please use 'mip_opt_gap_rel'.
     466    8.966904e-01   0.000e+00   4.651e-03   1.968e-06        1
WARNING:  Option 'mip_integral_gap_abs' deprecated, please use 'mip_opt_gap_abs'.
WARNING:  Option 'mip_integral_gap_rel' deprecated, please use 'mip_opt_gap_rel'.
WARNING:  Option 'mip_integral_gap_abs' deprecated, please use 'mip_opt_gap_abs'.
WARNING:  Option 'mip_integral_gap_rel' deprecated, please use 'mip_opt_gap_rel'.
WARNING:  Option 'mip_integral_gap_abs' deprecated, please use 'mip_opt_gap_abs'.
WARNING:  Option 'mip_integral_gap_rel' deprecated, please use 'mip_opt_gap_rel'.
WARNING:  Option 'mip_integral_gap_abs' deprecated, please use 'mip_opt_gap_abs'.
WARNING:  Option 'mip_integral_gap_rel' deprecated, please use 'mip_opt_gap_rel'.
     467    8.966904e-01   0.000e+00   4.651e-03   2.567e-10        0
WARNING:  Option 'mip_integral_gap_abs' deprecated, please use 'mip_opt_gap_abs'.
WARNING:  Option 'mip_integral_gap_rel' deprecated, please use 'mip_opt_gap_rel'.
WARNING:  Option 'mip_integral_gap_abs' deprecated, please use 'mip_opt_gap_abs'.
WARNING:  Option 'mip_integral_gap_rel' deprecated, please use 'mip_opt_gap_rel'.
WARNING:  Option 'mip_integral_gap_abs' deprecated, please use 'mip_opt_gap_abs'.
WARNING:  Option 'mip_integral_gap_rel' deprecated, please use 'mip_opt_gap_rel'.
WARNING:  Option 'mip_integral_gap_abs' deprecated, please use 'mip_opt_gap_abs'.
WARNING:  Option 'mip_integral_gap_rel' deprecated, please use 'mip_opt_gap_rel'.
WARNING:  Option 'mip_integral_gap_abs' deprecated, please use 'mip_opt_gap_abs'.
WARNING:  Option 'mip_integral_gap_rel' deprecated, please use 'mip_opt_gap_rel'.
WARNING:  Option 'mip_integral_gap_abs' deprecated, please use 'mip_opt_gap_abs'.
WARNING:  Option 'mip_integral_gap_rel' deprecated, please use 'mip_opt_gap_rel'.
WARNING:  Option 'mip_integral_gap_abs' deprecated, please use 'mip_opt_gap_abs'.
WARNING:  Option 'mip_integral_gap_rel' deprecated, please use 'mip_opt_gap_rel'.
WARNING:  Option 'mip_integral_gap_abs' deprecated, please use 'mip_opt_gap_abs'.
WARNING:  Option 'mip_integral_gap_rel' deprecated, please use 'mip_opt_gap_rel'.
WARNING:  Option 'mip_integral_gap_abs' deprecated, please use 'mip_opt_gap_abs'.
WARNING:  Option 'mip_integral_gap_rel' deprecated, please use 'mip_opt_gap_rel'.
WARNING:  Option 'mip_integral_gap_abs' deprecated, please use 'mip_opt_gap_abs'.
WARNING:  Option 'mip_integral_gap_rel' deprecated, please use 'mip_opt_gap_rel'.
     468    8.966903e-01   0.000e+00   5.659e-03   3.973e-06        1
WARNING:  Option 'mip_integral_gap_abs' deprecated, please use 'mip_opt_gap_abs'.
WARNING:  Option 'mip_integral_gap_rel' deprecated, please use 'mip_opt_gap_rel'.
WARNING:  Option 'mip_integral_gap_abs' deprecated, please use 'mip_opt_gap_abs'.
WARNING:  Option 'mip_integral_gap_rel' deprecated, please use 'mip_opt_gap_rel'.
WARNING:  Option 'mip_integral_gap_abs' deprecated, please use 'mip_opt_gap_abs'.
WARNING:  Option 'mip_integral_gap_rel' deprecated, please use 'mip_opt_gap_rel'.
WARNING:  Option 'mip_integral_gap_abs' deprecated, please use 'mip_opt_gap_abs'.
WARNING:  Option 'mip_integral_gap_rel' deprecated, please use 'mip_opt_gap_rel'.
     469    8.966903e-01   0.000e+00   5.288e-03   5.111e-10        0
WARNING:  Option 'mip_integral_gap_abs' deprecated, please use 'mip_opt_gap_abs'.
WARNING:  Option 'mip_integral_gap_rel' deprecated, please use 'mip_opt_gap_rel'.
WARNING:  Option 'mip_integral_gap_abs' deprecated, please use 'mip_opt_gap_abs'.
WARNING:  Option 'mip_integral_gap_rel' deprecated, please use 'mip_opt_gap_rel'.
WARNING:  Option 'mip_integral_gap_abs' deprecated, please use 'mip_opt_gap_abs'.
WARNING:  Option 'mip_integral_gap_rel' deprecated, please use 'mip_opt_gap_rel'.
WARNING:  Option 'mip_integral_gap_abs' deprecated, please use 'mip_opt_gap_abs'.
WARNING:  Option 'mip_integral_gap_rel' deprecated, please use 'mip_opt_gap_rel'.
WARNING:  Option 'mip_integral_gap_abs' deprecated, please use 'mip_opt_gap_abs'.
WARNING:  Option 'mip_integral_gap_rel' deprecated, please use 'mip_opt_gap_rel'.
WARNING:  Option 'mip_integral_gap_abs' deprecated, please use 'mip_opt_gap_abs'.
WARNING:  Option 'mip_integral_gap_rel' deprecated, please use 'mip_opt_gap_rel'.
WARNING:  Option 'mip_integral_gap_abs' deprecated, please use 'mip_opt_gap_abs'.
WARNING:  Option 'mip_integral_gap_rel' deprecated, please use 'mip_opt_gap_rel'.
WARNING:  Option 'mip_integral_gap_abs' deprecated, please use 'mip_opt_gap_abs'.
WARNING:  Option 'mip_integral_gap_rel' deprecated, please use 'mip_opt_gap_rel'.
     470    8.966902e-01   9.944e-10   9.266e-03   1.595e-05        1
WARNING:  Option 'mip_integral_gap_abs' deprecated, please use 'mip_opt_gap_abs'.
WARNING:  Option 'mip_integral_gap_rel' deprecated, please use 'mip_opt_gap_rel'.
WARNING:  Option 'mip_integral_gap_abs' deprecated, please use 'mip_opt_gap_abs'.
WARNING:  Option 'mip_integral_gap_rel' deprecated, please use 'mip_opt_gap_rel'.
WARNING:  Option 'mip_integral_gap_abs' deprecated, please use 'mip_opt_gap_abs'.
WARNING:  Option 'mip_integral_gap_rel' deprecated, please use 'mip_opt_gap_rel'.
WARNING:  Option 'mip_integral_gap_abs' deprecated, please use 'mip_opt_gap_abs'.
WARNING:  Option 'mip_integral_gap_rel' deprecated, please use 'mip_opt_gap_rel'.
     471    8.966902e-01   9.944e-10   8.671e-03   2.026e-09        0
WARNING:  Option 'mip_integral_gap_abs' deprecated, please use 'mip_opt_gap_abs'.
WARNING:  Option 'mip_integral_gap_rel' deprecated, please use 'mip_opt_gap_rel'.
WARNING:  Option 'mip_integral_gap_abs' deprecated, please use 'mip_opt_gap_abs'.
WARNING:  Option 'mip_integral_gap_rel' deprecated, please use 'mip_opt_gap_rel'.
WARNING:  Option 'mip_integral_gap_abs' deprecated, please use 'mip_opt_gap_abs'.
WARNING:  Option 'mip_integral_gap_rel' deprecated, please use 'mip_opt_gap_rel'.
WARNING:  Option 'mip_integral_gap_abs' deprecated, please use 'mip_opt_gap_abs'.
WARNING:  Option 'mip_integral_gap_rel' deprecated, please use 'mip_opt_gap_rel'.
WARNING:  Option 'mip_integral_gap_abs' deprecated, please use 'mip_opt_gap_abs'.
WARNING:  Option 'mip_integral_gap_rel' deprecated, please use 'mip_opt_gap_rel'.
WARNING:  Option 'mip_integral_gap_abs' deprecated, please use 'mip_opt_gap_abs'.
WARNING:  Option 'mip_integral_gap_rel' deprecated, please use 'mip_opt_gap_rel'.
WARNING:  Option 'mip_integral_gap_abs' deprecated, please use 'mip_opt_gap_abs'.
WARNING:  Option 'mip_integral_gap_rel' deprecated, please use 'mip_opt_gap_rel'.
WARNING:  Option 'mip_integral_gap_abs' deprecated, please use 'mip_opt_gap_abs'.
WARNING:  Option 'mip_integral_gap_rel' deprecated, please use 'mip_opt_gap_rel'.
WARNING:  Option 'mip_integral_gap_abs' deprecated, please use 'mip_opt_gap_abs'.
WARNING:  Option 'mip_integral_gap_rel' deprecated, please use 'mip_opt_gap_rel'.
WARNING:  Option 'mip_integral_gap_abs' deprecated, please use 'mip_opt_gap_abs'.
WARNING:  Option 'mip_integral_gap_rel' deprecated, please use 'mip_opt_gap_rel'.
WARNING:  Option 'mip_integral_gap_abs' deprecated, please use 'mip_opt_gap_abs'.
WARNING:  Option 'mip_integral_gap_rel' deprecated, please use 'mip_opt_gap_rel'.
WARNING:  Option 'mip_integral_gap_abs' deprecated, please use 'mip_opt_gap_abs'.
WARNING:  Option 'mip_integral_gap_rel' deprecated, please use 'mip_opt_gap_rel'.
WARNING:  Option 'mip_integral_gap_abs' deprecated, please use 'mip_opt_gap_abs'.
WARNING:  Option 'mip_integral_gap_rel' deprecated, please use 'mip_opt_gap_rel'.
WARNING:  Option 'mip_integral_gap_abs' deprecated, please use 'mip_opt_gap_abs'.
WARNING:  Option 'mip_integral_gap_rel' deprecated, please use 'mip_opt_gap_rel'.
WARNING:  Option 'mip_integral_gap_abs' deprecated, please use 'mip_opt_gap_abs'.
WARNING:  Option 'mip_integral_gap_rel' deprecated, please use 'mip_opt_gap_rel'.
WARNING:  Option 'mip_integral_gap_abs' deprecated, please use 'mip_opt_gap_abs'.
WARNING:  Option 'mip_integral_gap_rel' deprecated, please use 'mip_opt_gap_rel'.
WARNING:  Option 'mip_integral_gap_abs' deprecated, please use 'mip_opt_gap_abs'.
WARNING:  Option 'mip_integral_gap_rel' deprecated, please use 'mip_opt_gap_rel'.
WARNING:  Option 'mip_integral_gap_abs' deprecated, please use 'mip_opt_gap_abs'.
WARNING:  Option 'mip_integral_gap_rel' deprecated, please use 'mip_opt_gap_rel'.
     472    8.966902e-01   4.301e-10   5.393e-03   1.983e-06        1
WARNING:  Option 'mip_integral_gap_abs' deprecated, please use 'mip_opt_gap_abs'.
WARNING:  Option 'mip_integral_gap_rel' deprecated, please use 'mip_opt_gap_rel'.
WARNING:  Option 'mip_integral_gap_abs' deprecated, please use 'mip_opt_gap_abs'.
WARNING:  Option 'mip_integral_gap_rel' deprecated, please use 'mip_opt_gap_rel'.
WARNING:  Option 'mip_integral_gap_abs' deprecated, please use 'mip_opt_gap_abs'.
WARNING:  Option 'mip_integral_gap_rel' deprecated, please use 'mip_opt_gap_rel'.
WARNING:  Option 'mip_integral_gap_abs' deprecated, please use 'mip_opt_gap_abs'.
WARNING:  Option 'mip_integral_gap_rel' deprecated, please use 'mip_opt_gap_rel'.
     473    8.966902e-01   4.301e-10   5.393e-03   2.472e-10        0
WARNING:  Option 'mip_integral_gap_abs' deprecated, please use 'mip_opt_gap_abs'.
WARNING:  Option 'mip_integral_gap_rel' deprecated, please use 'mip_opt_gap_rel'.
WARNING:  Option 'mip_integral_gap_abs' deprecated, please use 'mip_opt_gap_abs'.
WARNING:  Option 'mip_integral_gap_rel' deprecated, please use 'mip_opt_gap_rel'.
WARNING:  Option 'mip_integral_gap_abs' deprecated, please use 'mip_opt_gap_abs'.
WARNING:  Option 'mip_integral_gap_rel' deprecated, please use 'mip_opt_gap_rel'.
WARNING:  Option 'mip_integral_gap_abs' deprecated, please use 'mip_opt_gap_abs'.
WARNING:  Option 'mip_integral_gap_rel' deprecated, please use 'mip_opt_gap_rel'.
WARNING:  Option 'mip_integral_gap_abs' deprecated, please use 'mip_opt_gap_abs'.
WARNING:  Option 'mip_integral_gap_rel' deprecated, please use 'mip_opt_gap_rel'.
WARNING:  Option 'mip_integral_gap_abs' deprecated, please use 'mip_opt_gap_abs'.
WARNING:  Option 'mip_integral_gap_rel' deprecated, please use 'mip_opt_gap_rel'.
WARNING:  Option 'mip_integral_gap_abs' deprecated, please use 'mip_opt_gap_abs'.
WARNING:  Option 'mip_integral_gap_rel' deprecated, please use 'mip_opt_gap_rel'.
WARNING:  Option 'mip_integral_gap_abs' deprecated, please use 'mip_opt_gap_abs'.
WARNING:  Option 'mip_integral_gap_rel' deprecated, please use 'mip_opt_gap_rel'.
WARNING:  Option 'mip_integral_gap_abs' deprecated, please use 'mip_opt_gap_abs'.
WARNING:  Option 'mip_integral_gap_rel' deprecated, please use 'mip_opt_gap_rel'.
WARNING:  Option 'mip_integral_gap_abs' deprecated, please use 'mip_opt_gap_abs'.
WARNING:  Option 'mip_integral_gap_rel' deprecated, please use 'mip_opt_gap_rel'.
     474    8.966901e-01   0.000e+00   7.668e-03   3.990e-06        1
WARNING:  Option 'mip_integral_gap_abs' deprecated, please use 'mip_opt_gap_abs'.
WARNING:  Option 'mip_integral_gap_rel' deprecated, please use 'mip_opt_gap_rel'.
WARNING:  Option 'mip_integral_gap_abs' deprecated, please use 'mip_opt_gap_abs'.
WARNING:  Option 'mip_integral_gap_rel' deprecated, please use 'mip_opt_gap_rel'.
WARNING:  Option 'mip_integral_gap_abs' deprecated, please use 'mip_opt_gap_abs'.
WARNING:  Option 'mip_integral_gap_rel' deprecated, please use 'mip_opt_gap_rel'.
WARNING:  Option 'mip_integral_gap_abs' deprecated, please use 'mip_opt_gap_abs'.
WARNING:  Option 'mip_integral_gap_rel' deprecated, please use 'mip_opt_gap_rel'.
     475    8.966901e-01   0.000e+00   6.980e-03   4.945e-10        0
WARNING:  Option 'mip_integral_gap_abs' deprecated, please use 'mip_opt_gap_abs'.
WARNING:  Option 'mip_integral_gap_rel' deprecated, please use 'mip_opt_gap_rel'.
WARNING:  Option 'mip_integral_gap_abs' deprecated, please use 'mip_opt_gap_abs'.
WARNING:  Option 'mip_integral_gap_rel' deprecated, please use 'mip_opt_gap_rel'.
WARNING:  Option 'mip_integral_gap_abs' deprecated, please use 'mip_opt_gap_abs'.
WARNING:  Option 'mip_integral_gap_rel' deprecated, please use 'mip_opt_gap_rel'.
WARNING:  Option 'mip_integral_gap_abs' deprecated, please use 'mip_opt_gap_abs'.
WARNING:  Option 'mip_integral_gap_rel' deprecated, please use 'mip_opt_gap_rel'.
WARNING:  Option 'mip_integral_gap_abs' deprecated, please use 'mip_opt_gap_abs'.
WARNING:  Option 'mip_integral_gap_rel' deprecated, please use 'mip_opt_gap_rel'.
WARNING:  Option 'mip_integral_gap_abs' deprecated, please use 'mip_opt_gap_abs'.
WARNING:  Option 'mip_integral_gap_rel' deprecated, please use 'mip_opt_gap_rel'.
WARNING:  Option 'mip_integral_gap_abs' deprecated, please use 'mip_opt_gap_abs'.
WARNING:  Option 'mip_integral_gap_rel' deprecated, please use 'mip_opt_gap_rel'.
WARNING:  Option 'mip_integral_gap_abs' deprecated, please use 'mip_opt_gap_abs'.
WARNING:  Option 'mip_integral_gap_rel' deprecated, please use 'mip_opt_gap_rel'.
WARNING:  Option 'mip_integral_gap_abs' deprecated, please use 'mip_opt_gap_abs'.
WARNING:  Option 'mip_integral_gap_rel' deprecated, please use 'mip_opt_gap_rel'.
WARNING:  Option 'mip_integral_gap_abs' deprecated, please use 'mip_opt_gap_abs'.
WARNING:  Option 'mip_integral_gap_rel' deprecated, please use 'mip_opt_gap_rel'.
WARNING:  Option 'mip_integral_gap_abs' deprecated, please use 'mip_opt_gap_abs'.
WARNING:  Option 'mip_integral_gap_rel' deprecated, please use 'mip_opt_gap_rel'.
WARNING:  Option 'mip_integral_gap_abs' deprecated, please use 'mip_opt_gap_abs'.
WARNING:  Option 'mip_integral_gap_rel' deprecated, please use 'mip_opt_gap_rel'.
WARNING:  Option 'mip_integral_gap_abs' deprecated, please use 'mip_opt_gap_abs'.
WARNING:  Option 'mip_integral_gap_rel' deprecated, please use 'mip_opt_gap_rel'.
WARNING:  Option 'mip_integral_gap_abs' deprecated, please use 'mip_opt_gap_abs'.
WARNING:  Option 'mip_integral_gap_rel' deprecated, please use 'mip_opt_gap_rel'.
     476    8.966901e-01   0.000e+00   5.910e-03   1.994e-06        1
WARNING:  Option 'mip_integral_gap_abs' deprecated, please use 'mip_opt_gap_abs'.
WARNING:  Option 'mip_integral_gap_rel' deprecated, please use 'mip_opt_gap_rel'.
WARNING:  Option 'mip_integral_gap_abs' deprecated, please use 'mip_opt_gap_abs'.
WARNING:  Option 'mip_integral_gap_rel' deprecated, please use 'mip_opt_gap_rel'.
WARNING:  Option 'mip_integral_gap_abs' deprecated, please use 'mip_opt_gap_abs'.
WARNING:  Option 'mip_integral_gap_rel' deprecated, please use 'mip_opt_gap_rel'.
     477    8.966901e-01   0.000e+00   4.678e-03   1.992e-06        1
WARNING:  Option 'mip_integral_gap_abs' deprecated, please use 'mip_opt_gap_abs'.
WARNING:  Option 'mip_integral_gap_rel' deprecated, please use 'mip_opt_gap_rel'.
WARNING:  Option 'mip_integral_gap_abs' deprecated, please use 'mip_opt_gap_abs'.
WARNING:  Option 'mip_integral_gap_rel' deprecated, please use 'mip_opt_gap_rel'.
WARNING:  Option 'mip_integral_gap_abs' deprecated, please use 'mip_opt_gap_abs'.
WARNING:  Option 'mip_integral_gap_rel' deprecated, please use 'mip_opt_gap_rel'.
WARNING:  Option 'mip_integral_gap_abs' deprecated, please use 'mip_opt_gap_abs'.
WARNING:  Option 'mip_integral_gap_rel' deprecated, please use 'mip_opt_gap_rel'.
     478    8.966901e-01   0.000e+00   4.678e-03   1.042e-09        0
WARNING:  Option 'mip_integral_gap_abs' deprecated, please use 'mip_opt_gap_abs'.
WARNING:  Option 'mip_integral_gap_rel' deprecated, please use 'mip_opt_gap_rel'.
WARNING:  Option 'mip_integral_gap_abs' deprecated, please use 'mip_opt_gap_abs'.
WARNING:  Option 'mip_integral_gap_rel' deprecated, please use 'mip_opt_gap_rel'.
WARNING:  Option 'mip_integral_gap_abs' deprecated, please use 'mip_opt_gap_abs'.
WARNING:  Option 'mip_integral_gap_rel' deprecated, please use 'mip_opt_gap_rel'.
WARNING:  Option 'mip_integral_gap_abs' deprecated, please use 'mip_opt_gap_abs'.
WARNING:  Option 'mip_integral_gap_rel' deprecated, please use 'mip_opt_gap_rel'.
WARNING:  Option 'mip_integral_gap_abs' deprecated, please use 'mip_opt_gap_abs'.
WARNING:  Option 'mip_integral_gap_rel' deprecated, please use 'mip_opt_gap_rel'.
WARNING:  Option 'mip_integral_gap_abs' deprecated, please use 'mip_opt_gap_abs'.
WARNING:  Option 'mip_integral_gap_rel' deprecated, please use 'mip_opt_gap_rel'.
WARNING:  Option 'mip_integral_gap_abs' deprecated, please use 'mip_opt_gap_abs'.
WARNING:  Option 'mip_integral_gap_rel' deprecated, please use 'mip_opt_gap_rel'.
WARNING:  Option 'mip_integral_gap_abs' deprecated, please use 'mip_opt_gap_abs'.
WARNING:  Option 'mip_integral_gap_rel' deprecated, please use 'mip_opt_gap_rel'.
     479    8.966898e-01   0.000e+00   7.961e-03   2.790e-05        1
WARNING:  Option 'mip_integral_gap_abs' deprecated, please use 'mip_opt_gap_abs'.
WARNING:  Option 'mip_integral_gap_rel' deprecated, please use 'mip_opt_gap_rel'.
WARNING:  Option 'mip_integral_gap_abs' deprecated, please use 'mip_opt_gap_abs'.
WARNING:  Option 'mip_integral_gap_rel' deprecated, please use 'mip_opt_gap_rel'.
WARNING:  Option 'mip_integral_gap_abs' deprecated, please use 'mip_opt_gap_abs'.
WARNING:  Option 'mip_integral_gap_rel' deprecated, please use 'mip_opt_gap_rel'.
WARNING:  Option 'mip_integral_gap_abs' deprecated, please use 'mip_opt_gap_abs'.
WARNING:  Option 'mip_integral_gap_rel' deprecated, please use 'mip_opt_gap_rel'.
     480    8.966898e-01   0.000e+00   7.961e-03   1.129e-08        0
WARNING:  Option 'mip_integral_gap_abs' deprecated, please use 'mip_opt_gap_abs'.
WARNING:  Option 'mip_integral_gap_rel' deprecated, please use 'mip_opt_gap_rel'.
WARNING:  Option 'mip_integral_gap_abs' deprecated, please use 'mip_opt_gap_abs'.
WARNING:  Option 'mip_integral_gap_rel' deprecated, please use 'mip_opt_gap_rel'.
WARNING:  Option 'mip_integral_gap_abs' deprecated, please use 'mip_opt_gap_abs'.
WARNING:  Option 'mip_integral_gap_rel' deprecated, please use 'mip_opt_gap_rel'.
WARNING:  Option 'mip_integral_gap_abs' deprecated, please use 'mip_opt_gap_abs'.
WARNING:  Option 'mip_integral_gap_rel' deprecated, please use 'mip_opt_gap_rel'.
WARNING:  Option 'mip_integral_gap_abs' deprecated, please use 'mip_opt_gap_abs'.
WARNING:  Option 'mip_integral_gap_rel' deprecated, please use 'mip_opt_gap_rel'.
WARNING:  Option 'mip_integral_gap_abs' deprecated, please use 'mip_opt_gap_abs'.
WARNING:  Option 'mip_integral_gap_rel' deprecated, please use 'mip_opt_gap_rel'.
WARNING:  Option 'mip_integral_gap_abs' deprecated, please use 'mip_opt_gap_abs'.
WARNING:  Option 'mip_integral_gap_rel' deprecated, please use 'mip_opt_gap_rel'.
WARNING:  Option 'mip_integral_gap_abs' deprecated, please use 'mip_opt_gap_abs'.
WARNING:  Option 'mip_integral_gap_rel' deprecated, please use 'mip_opt_gap_rel'.
WARNING:  Option 'mip_integral_gap_abs' deprecated, please use 'mip_opt_gap_abs'.
WARNING:  Option 'mip_integral_gap_rel' deprecated, please use 'mip_opt_gap_rel'.
WARNING:  Option 'mip_integral_gap_abs' deprecated, please use 'mip_opt_gap_abs'.
WARNING:  Option 'mip_integral_gap_rel' deprecated, please use 'mip_opt_gap_rel'.
WARNING:  Option 'mip_integral_gap_abs' deprecated, please use 'mip_opt_gap_abs'.
WARNING:  Option 'mip_integral_gap_rel' deprecated, please use 'mip_opt_gap_rel'.
WARNING:  Option 'mip_integral_gap_abs' deprecated, please use 'mip_opt_gap_abs'.
WARNING:  Option 'mip_integral_gap_rel' deprecated, please use 'mip_opt_gap_rel'.
WARNING:  Option 'mip_integral_gap_abs' deprecated, please use 'mip_opt_gap_abs'.
WARNING:  Option 'mip_integral_gap_rel' deprecated, please use 'mip_opt_gap_rel'.
WARNING:  Option 'mip_integral_gap_abs' deprecated, please use 'mip_opt_gap_abs'.
WARNING:  Option 'mip_integral_gap_rel' deprecated, please use 'mip_opt_gap_rel'.
WARNING:  Option 'mip_integral_gap_abs' deprecated, please use 'mip_opt_gap_abs'.
WARNING:  Option 'mip_integral_gap_rel' deprecated, please use 'mip_opt_gap_rel'.
WARNING:  Option 'mip_integral_gap_abs' deprecated, please use 'mip_opt_gap_abs'.
WARNING:  Option 'mip_integral_gap_rel' deprecated, please use 'mip_opt_gap_rel'.
WARNING:  Option 'mip_integral_gap_abs' deprecated, please use 'mip_opt_gap_abs'.
WARNING:  Option 'mip_integral_gap_rel' deprecated, please use 'mip_opt_gap_rel'.
WARNING:  Option 'mip_integral_gap_abs' deprecated, please use 'mip_opt_gap_abs'.
WARNING:  Option 'mip_integral_gap_rel' deprecated, please use 'mip_opt_gap_rel'.
WARNING:  Option 'mip_integral_gap_abs' deprecated, please use 'mip_opt_gap_abs'.
WARNING:  Option 'mip_integral_gap_rel' deprecated, please use 'mip_opt_gap_rel'.
WARNING:  Option 'mip_integral_gap_abs' deprecated, please use 'mip_opt_gap_abs'.
WARNING:  Option 'mip_integral_gap_rel' deprecated, please use 'mip_opt_gap_rel'.
WARNING:  Option 'mip_integral_gap_abs' deprecated, please use 'mip_opt_gap_abs'.
WARNING:  Option 'mip_integral_gap_rel' deprecated, please use 'mip_opt_gap_rel'.
WARNING:  Option 'mip_integral_gap_abs' deprecated, please use 'mip_opt_gap_abs'.
WARNING:  Option 'mip_integral_gap_rel' deprecated, please use 'mip_opt_gap_rel'.
     481    8.966898e-01   0.000e+00   5.743e-03   1.517e-06        1
WARNING:  Option 'mip_integral_gap_abs' deprecated, please use 'mip_opt_gap_abs'.
WARNING:  Option 'mip_integral_gap_rel' deprecated, please use 'mip_opt_gap_rel'.
WARNING:  Option 'mip_integral_gap_abs' deprecated, please use 'mip_opt_gap_abs'.
WARNING:  Option 'mip_integral_gap_rel' deprecated, please use 'mip_opt_gap_rel'.
WARNING:  Option 'mip_integral_gap_abs' deprecated, please use 'mip_opt_gap_abs'.
WARNING:  Option 'mip_integral_gap_rel' deprecated, please use 'mip_opt_gap_rel'.
WARNING:  Option 'mip_integral_gap_abs' deprecated, please use 'mip_opt_gap_abs'.
WARNING:  Option 'mip_integral_gap_rel' deprecated, please use 'mip_opt_gap_rel'.
     482    8.966898e-01   0.000e+00   5.743e-03   1.683e-10        0
WARNING:  Option 'mip_integral_gap_abs' deprecated, please use 'mip_opt_gap_abs'.
WARNING:  Option 'mip_integral_gap_rel' deprecated, please use 'mip_opt_gap_rel'.
WARNING:  Option 'mip_integral_gap_abs' deprecated, please use 'mip_opt_gap_abs'.
WARNING:  Option 'mip_integral_gap_rel' deprecated, please use 'mip_opt_gap_rel'.
WARNING:  Option 'mip_integral_gap_abs' deprecated, please use 'mip_opt_gap_abs'.
WARNING:  Option 'mip_integral_gap_rel' deprecated, please use 'mip_opt_gap_rel'.
WARNING:  Option 'mip_integral_gap_abs' deprecated, please use 'mip_opt_gap_abs'.
WARNING:  Option 'mip_integral_gap_rel' deprecated, please use 'mip_opt_gap_rel'.
WARNING:  Option 'mip_integral_gap_abs' deprecated, please use 'mip_opt_gap_abs'.
WARNING:  Option 'mip_integral_gap_rel' deprecated, please use 'mip_opt_gap_rel'.
WARNING:  Option 'mip_integral_gap_abs' deprecated, please use 'mip_opt_gap_abs'.
WARNING:  Option 'mip_integral_gap_rel' deprecated, please use 'mip_opt_gap_rel'.
WARNING:  Option 'mip_integral_gap_abs' deprecated, please use 'mip_opt_gap_abs'.
WARNING:  Option 'mip_integral_gap_rel' deprecated, please use 'mip_opt_gap_rel'.
WARNING:  Option 'mip_integral_gap_abs' deprecated, please use 'mip_opt_gap_abs'.
WARNING:  Option 'mip_integral_gap_rel' deprecated, please use 'mip_opt_gap_rel'.
WARNING:  Option 'mip_integral_gap_abs' deprecated, please use 'mip_opt_gap_abs'.
WARNING:  Option 'mip_integral_gap_rel' deprecated, please use 'mip_opt_gap_rel'.
WARNING:  Option 'mip_integral_gap_abs' deprecated, please use 'mip_opt_gap_abs'.
WARNING:  Option 'mip_integral_gap_rel' deprecated, please use 'mip_opt_gap_rel'.
     483    8.966898e-01   2.854e-11   6.160e-03   3.057e-06        1
WARNING:  Option 'mip_integral_gap_abs' deprecated, please use 'mip_opt_gap_abs'.
WARNING:  Option 'mip_integral_gap_rel' deprecated, please use 'mip_opt_gap_rel'.
WARNING:  Option 'mip_integral_gap_abs' deprecated, please use 'mip_opt_gap_abs'.
WARNING:  Option 'mip_integral_gap_rel' deprecated, please use 'mip_opt_gap_rel'.
WARNING:  Option 'mip_integral_gap_abs' deprecated, please use 'mip_opt_gap_abs'.
WARNING:  Option 'mip_integral_gap_rel' deprecated, please use 'mip_opt_gap_rel'.
WARNING:  Option 'mip_integral_gap_abs' deprecated, please use 'mip_opt_gap_abs'.
WARNING:  Option 'mip_integral_gap_rel' deprecated, please use 'mip_opt_gap_rel'.
     484    8.966898e-01   2.853e-11   6.160e-03   1.720e-10        0
WARNING:  Option 'mip_integral_gap_abs' deprecated, please use 'mip_opt_gap_abs'.
WARNING:  Option 'mip_integral_gap_rel' deprecated, please use 'mip_opt_gap_rel'.
WARNING:  Option 'mip_integral_gap_abs' deprecated, please use 'mip_opt_gap_abs'.
WARNING:  Option 'mip_integral_gap_rel' deprecated, please use 'mip_opt_gap_rel'.
WARNING:  Option 'mip_integral_gap_abs' deprecated, please use 'mip_opt_gap_abs'.
WARNING:  Option 'mip_integral_gap_rel' deprecated, please use 'mip_opt_gap_rel'.
WARNING:  Option 'mip_integral_gap_abs' deprecated, please use 'mip_opt_gap_abs'.
WARNING:  Option 'mip_integral_gap_rel' deprecated, please use 'mip_opt_gap_rel'.
WARNING:  Option 'mip_integral_gap_abs' deprecated, please use 'mip_opt_gap_abs'.
WARNING:  Option 'mip_integral_gap_rel' deprecated, please use 'mip_opt_gap_rel'.
WARNING:  Option 'mip_integral_gap_abs' deprecated, please use 'mip_opt_gap_abs'.
WARNING:  Option 'mip_integral_gap_rel' deprecated, please use 'mip_opt_gap_rel'.
WARNING:  Option 'mip_integral_gap_abs' deprecated, please use 'mip_opt_gap_abs'.
WARNING:  Option 'mip_integral_gap_rel' deprecated, please use 'mip_opt_gap_rel'.
WARNING:  Option 'mip_integral_gap_abs' deprecated, please use 'mip_opt_gap_abs'.
WARNING:  Option 'mip_integral_gap_rel' deprecated, please use 'mip_opt_gap_rel'.
WARNING:  Option 'mip_integral_gap_abs' deprecated, please use 'mip_opt_gap_abs'.
WARNING:  Option 'mip_integral_gap_rel' deprecated, please use 'mip_opt_gap_rel'.
WARNING:  Option 'mip_integral_gap_abs' deprecated, please use 'mip_opt_gap_abs'.
WARNING:  Option 'mip_integral_gap_rel' deprecated, please use 'mip_opt_gap_rel'.
     485    8.966898e-01   2.572e-10   5.992e-03   3.059e-06        1
WARNING:  Option 'mip_integral_gap_abs' deprecated, please use 'mip_opt_gap_abs'.
WARNING:  Option 'mip_integral_gap_rel' deprecated, please use 'mip_opt_gap_rel'.
WARNING:  Option 'mip_integral_gap_abs' deprecated, please use 'mip_opt_gap_abs'.
WARNING:  Option 'mip_integral_gap_rel' deprecated, please use 'mip_opt_gap_rel'.
WARNING:  Option 'mip_integral_gap_abs' deprecated, please use 'mip_opt_gap_abs'.
WARNING:  Option 'mip_integral_gap_rel' deprecated, please use 'mip_opt_gap_rel'.
WARNING:  Option 'mip_integral_gap_abs' deprecated, please use 'mip_opt_gap_abs'.
WARNING:  Option 'mip_integral_gap_rel' deprecated, please use 'mip_opt_gap_rel'.
     486    8.966898e-01   2.572e-10   5.992e-03   2.162e-10        0
WARNING:  Option 'mip_integral_gap_abs' deprecated, please use 'mip_opt_gap_abs'.
WARNING:  Option 'mip_integral_gap_rel' deprecated, please use 'mip_opt_gap_rel'.
WARNING:  Option 'mip_integral_gap_abs' deprecated, please use 'mip_opt_gap_abs'.
WARNING:  Option 'mip_integral_gap_rel' deprecated, please use 'mip_opt_gap_rel'.
WARNING:  Option 'mip_integral_gap_abs' deprecated, please use 'mip_opt_gap_abs'.
WARNING:  Option 'mip_integral_gap_rel' deprecated, please use 'mip_opt_gap_rel'.
WARNING:  Option 'mip_integral_gap_abs' deprecated, please use 'mip_opt_gap_abs'.
WARNING:  Option 'mip_integral_gap_rel' deprecated, please use 'mip_opt_gap_rel'.
WARNING:  Option 'mip_integral_gap_abs' deprecated, please use 'mip_opt_gap_abs'.
WARNING:  Option 'mip_integral_gap_rel' deprecated, please use 'mip_opt_gap_rel'.
WARNING:  Option 'mip_integral_gap_abs' deprecated, please use 'mip_opt_gap_abs'.
WARNING:  Option 'mip_integral_gap_rel' deprecated, please use 'mip_opt_gap_rel'.
WARNING:  Option 'mip_integral_gap_abs' deprecated, please use 'mip_opt_gap_abs'.
WARNING:  Option 'mip_integral_gap_rel' deprecated, please use 'mip_opt_gap_rel'.
WARNING:  Option 'mip_integral_gap_abs' deprecated, please use 'mip_opt_gap_abs'.
WARNING:  Option 'mip_integral_gap_rel' deprecated, please use 'mip_opt_gap_rel'.
WARNING:  Option 'mip_integral_gap_abs' deprecated, please use 'mip_opt_gap_abs'.
WARNING:  Option 'mip_integral_gap_rel' deprecated, please use 'mip_opt_gap_rel'.
WARNING:  Option 'mip_integral_gap_abs' deprecated, please use 'mip_opt_gap_abs'.
WARNING:  Option 'mip_integral_gap_rel' deprecated, please use 'mip_opt_gap_rel'.
     487    8.966897e-01   3.616e-10   6.166e-03   3.062e-06        1
WARNING:  Option 'mip_integral_gap_abs' deprecated, please use 'mip_opt_gap_abs'.
WARNING:  Option 'mip_integral_gap_rel' deprecated, please use 'mip_opt_gap_rel'.
WARNING:  Option 'mip_integral_gap_abs' deprecated, please use 'mip_opt_gap_abs'.
WARNING:  Option 'mip_integral_gap_rel' deprecated, please use 'mip_opt_gap_rel'.
WARNING:  Option 'mip_integral_gap_abs' deprecated, please use 'mip_opt_gap_abs'.
WARNING:  Option 'mip_integral_gap_rel' deprecated, please use 'mip_opt_gap_rel'.
WARNING:  Option 'mip_integral_gap_abs' deprecated, please use 'mip_opt_gap_abs'.
WARNING:  Option 'mip_integral_gap_rel' deprecated, please use 'mip_opt_gap_rel'.
     488    8.966897e-01   3.616e-10   6.166e-03   2.180e-10        0
WARNING:  Option 'mip_integral_gap_abs' deprecated, please use 'mip_opt_gap_abs'.
WARNING:  Option 'mip_integral_gap_rel' deprecated, please use 'mip_opt_gap_rel'.
WARNING:  Option 'mip_integral_gap_abs' deprecated, please use 'mip_opt_gap_abs'.
WARNING:  Option 'mip_integral_gap_rel' deprecated, please use 'mip_opt_gap_rel'.
WARNING:  Option 'mip_integral_gap_abs' deprecated, please use 'mip_opt_gap_abs'.
WARNING:  Option 'mip_integral_gap_rel' deprecated, please use 'mip_opt_gap_rel'.
WARNING:  Option 'mip_integral_gap_abs' deprecated, please use 'mip_opt_gap_abs'.
WARNING:  Option 'mip_integral_gap_rel' deprecated, please use 'mip_opt_gap_rel'.
WARNING:  Option 'mip_integral_gap_abs' deprecated, please use 'mip_opt_gap_abs'.
WARNING:  Option 'mip_integral_gap_rel' deprecated, please use 'mip_opt_gap_rel'.
WARNING:  Option 'mip_integral_gap_abs' deprecated, please use 'mip_opt_gap_abs'.
WARNING:  Option 'mip_integral_gap_rel' deprecated, please use 'mip_opt_gap_rel'.
WARNING:  Option 'mip_integral_gap_abs' deprecated, please use 'mip_opt_gap_abs'.
WARNING:  Option 'mip_integral_gap_rel' deprecated, please use 'mip_opt_gap_rel'.
WARNING:  Option 'mip_integral_gap_abs' deprecated, please use 'mip_opt_gap_abs'.
WARNING:  Option 'mip_integral_gap_rel' deprecated, please use 'mip_opt_gap_rel'.
WARNING:  Option 'mip_integral_gap_abs' deprecated, please use 'mip_opt_gap_abs'.
WARNING:  Option 'mip_integral_gap_rel' deprecated, please use 'mip_opt_gap_rel'.
WARNING:  Option 'mip_integral_gap_abs' deprecated, please use 'mip_opt_gap_abs'.
WARNING:  Option 'mip_integral_gap_rel' deprecated, please use 'mip_opt_gap_rel'.
WARNING:  Option 'mip_integral_gap_abs' deprecated, please use 'mip_opt_gap_abs'.
WARNING:  Option 'mip_integral_gap_rel' deprecated, please use 'mip_opt_gap_rel'.
WARNING:  Option 'mip_integral_gap_abs' deprecated, please use 'mip_opt_gap_abs'.
WARNING:  Option 'mip_integral_gap_rel' deprecated, please use 'mip_opt_gap_rel'.
     489    8.966897e-01   0.000e+00   4.239e-03   1.529e-06        1
WARNING:  Option 'mip_integral_gap_abs' deprecated, please use 'mip_opt_gap_abs'.
WARNING:  Option 'mip_integral_gap_rel' deprecated, please use 'mip_opt_gap_rel'.
WARNING:  Option 'mip_integral_gap_abs' deprecated, please use 'mip_opt_gap_abs'.
WARNING:  Option 'mip_integral_gap_rel' deprecated, please use 'mip_opt_gap_rel'.
WARNING:  Option 'mip_integral_gap_abs' deprecated, please use 'mip_opt_gap_abs'.
WARNING:  Option 'mip_integral_gap_rel' deprecated, please use 'mip_opt_gap_rel'.
WARNING:  Option 'mip_integral_gap_abs' deprecated, please use 'mip_opt_gap_abs'.
WARNING:  Option 'mip_integral_gap_rel' deprecated, please use 'mip_opt_gap_rel'.
     490    8.966897e-01   0.000e+00   4.239e-03   2.184e-10        0
WARNING:  Option 'mip_integral_gap_abs' deprecated, please use 'mip_opt_gap_abs'.
WARNING:  Option 'mip_integral_gap_rel' deprecated, please use 'mip_opt_gap_rel'.
WARNING:  Option 'mip_integral_gap_abs' deprecated, please use 'mip_opt_gap_abs'.
WARNING:  Option 'mip_integral_gap_rel' deprecated, please use 'mip_opt_gap_rel'.
WARNING:  Option 'mip_integral_gap_abs' deprecated, please use 'mip_opt_gap_abs'.
WARNING:  Option 'mip_integral_gap_rel' deprecated, please use 'mip_opt_gap_rel'.
WARNING:  Option 'mip_integral_gap_abs' deprecated, please use 'mip_opt_gap_abs'.
WARNING:  Option 'mip_integral_gap_rel' deprecated, please use 'mip_opt_gap_rel'.
WARNING:  Option 'mip_integral_gap_abs' deprecated, please use 'mip_opt_gap_abs'.
WARNING:  Option 'mip_integral_gap_rel' deprecated, please use 'mip_opt_gap_rel'.
WARNING:  Option 'mip_integral_gap_abs' deprecated, please use 'mip_opt_gap_abs'.
WARNING:  Option 'mip_integral_gap_rel' deprecated, please use 'mip_opt_gap_rel'.
WARNING:  Option 'mip_integral_gap_abs' deprecated, please use 'mip_opt_gap_abs'.
WARNING:  Option 'mip_integral_gap_rel' deprecated, please use 'mip_opt_gap_rel'.
WARNING:  Option 'mip_integral_gap_abs' deprecated, please use 'mip_opt_gap_abs'.
WARNING:  Option 'mip_integral_gap_rel' deprecated, please use 'mip_opt_gap_rel'.
WARNING:  Option 'mip_integral_gap_abs' deprecated, please use 'mip_opt_gap_abs'.
WARNING:  Option 'mip_integral_gap_rel' deprecated, please use 'mip_opt_gap_rel'.
WARNING:  Option 'mip_integral_gap_abs' deprecated, please use 'mip_opt_gap_abs'.
WARNING:  Option 'mip_integral_gap_rel' deprecated, please use 'mip_opt_gap_rel'.
     491    8.966897e-01   0.000e+00   4.380e-03   3.067e-06        1
WARNING:  Option 'mip_integral_gap_abs' deprecated, please use 'mip_opt_gap_abs'.
WARNING:  Option 'mip_integral_gap_rel' deprecated, please use 'mip_opt_gap_rel'.
WARNING:  Option 'mip_integral_gap_abs' deprecated, please use 'mip_opt_gap_abs'.
WARNING:  Option 'mip_integral_gap_rel' deprecated, please use 'mip_opt_gap_rel'.
WARNING:  Option 'mip_integral_gap_abs' deprecated, please use 'mip_opt_gap_abs'.
WARNING:  Option 'mip_integral_gap_rel' deprecated, please use 'mip_opt_gap_rel'.
WARNING:  Option 'mip_integral_gap_abs' deprecated, please use 'mip_opt_gap_abs'.
WARNING:  Option 'mip_integral_gap_rel' deprecated, please use 'mip_opt_gap_rel'.
     492    8.966897e-01   0.000e+00   4.380e-03   4.380e-10        0
WARNING:  Option 'mip_integral_gap_abs' deprecated, please use 'mip_opt_gap_abs'.
WARNING:  Option 'mip_integral_gap_rel' deprecated, please use 'mip_opt_gap_rel'.
WARNING:  Option 'mip_integral_gap_abs' deprecated, please use 'mip_opt_gap_abs'.
WARNING:  Option 'mip_integral_gap_rel' deprecated, please use 'mip_opt_gap_rel'.
WARNING:  Option 'mip_integral_gap_abs' deprecated, please use 'mip_opt_gap_abs'.
WARNING:  Option 'mip_integral_gap_rel' deprecated, please use 'mip_opt_gap_rel'.
WARNING:  Option 'mip_integral_gap_abs' deprecated, please use 'mip_opt_gap_abs'.
WARNING:  Option 'mip_integral_gap_rel' deprecated, please use 'mip_opt_gap_rel'.
WARNING:  Option 'mip_integral_gap_abs' deprecated, please use 'mip_opt_gap_abs'.
WARNING:  Option 'mip_integral_gap_rel' deprecated, please use 'mip_opt_gap_rel'.
WARNING:  Option 'mip_integral_gap_abs' deprecated, please use 'mip_opt_gap_abs'.
WARNING:  Option 'mip_integral_gap_rel' deprecated, please use 'mip_opt_gap_rel'.
WARNING:  Option 'mip_integral_gap_abs' deprecated, please use 'mip_opt_gap_abs'.
WARNING:  Option 'mip_integral_gap_rel' deprecated, please use 'mip_opt_gap_rel'.
WARNING:  Option 'mip_integral_gap_abs' deprecated, please use 'mip_opt_gap_abs'.
WARNING:  Option 'mip_integral_gap_rel' deprecated, please use 'mip_opt_gap_rel'.
WARNING:  Option 'mip_integral_gap_abs' deprecated, please use 'mip_opt_gap_abs'.
WARNING:  Option 'mip_integral_gap_rel' deprecated, please use 'mip_opt_gap_rel'.
WARNING:  Option 'mip_integral_gap_abs' deprecated, please use 'mip_opt_gap_abs'.
WARNING:  Option 'mip_integral_gap_rel' deprecated, please use 'mip_opt_gap_rel'.
WARNING:  Option 'mip_integral_gap_abs' deprecated, please use 'mip_opt_gap_abs'.
WARNING:  Option 'mip_integral_gap_rel' deprecated, please use 'mip_opt_gap_rel'.
WARNING:  Option 'mip_integral_gap_abs' deprecated, please use 'mip_opt_gap_abs'.
WARNING:  Option 'mip_integral_gap_rel' deprecated, please use 'mip_opt_gap_rel'.
     493    8.966897e-01   0.000e+00   3.714e-03   3.084e-06        1
WARNING:  Option 'mip_integral_gap_abs' deprecated, please use 'mip_opt_gap_abs'.
WARNING:  Option 'mip_integral_gap_rel' deprecated, please use 'mip_opt_gap_rel'.
WARNING:  Option 'mip_integral_gap_abs' deprecated, please use 'mip_opt_gap_abs'.
WARNING:  Option 'mip_integral_gap_rel' deprecated, please use 'mip_opt_gap_rel'.
WARNING:  Option 'mip_integral_gap_abs' deprecated, please use 'mip_opt_gap_abs'.
WARNING:  Option 'mip_integral_gap_rel' deprecated, please use 'mip_opt_gap_rel'.
WARNING:  Option 'mip_integral_gap_abs' deprecated, please use 'mip_opt_gap_abs'.
WARNING:  Option 'mip_integral_gap_rel' deprecated, please use 'mip_opt_gap_rel'.
     494    8.966897e-01   0.000e+00   3.714e-03   2.191e-10        0
WARNING:  Option 'mip_integral_gap_abs' deprecated, please use 'mip_opt_gap_abs'.
WARNING:  Option 'mip_integral_gap_rel' deprecated, please use 'mip_opt_gap_rel'.
WARNING:  Option 'mip_integral_gap_abs' deprecated, please use 'mip_opt_gap_abs'.
WARNING:  Option 'mip_integral_gap_rel' deprecated, please use 'mip_opt_gap_rel'.
WARNING:  Option 'mip_integral_gap_abs' deprecated, please use 'mip_opt_gap_abs'.
WARNING:  Option 'mip_integral_gap_rel' deprecated, please use 'mip_opt_gap_rel'.
WARNING:  Option 'mip_integral_gap_abs' deprecated, please use 'mip_opt_gap_abs'.
WARNING:  Option 'mip_integral_gap_rel' deprecated, please use 'mip_opt_gap_rel'.
WARNING:  Option 'mip_integral_gap_abs' deprecated, please use 'mip_opt_gap_abs'.
WARNING:  Option 'mip_integral_gap_rel' deprecated, please use 'mip_opt_gap_rel'.
WARNING:  Option 'mip_integral_gap_abs' deprecated, please use 'mip_opt_gap_abs'.
WARNING:  Option 'mip_integral_gap_rel' deprecated, please use 'mip_opt_gap_rel'.
WARNING:  Option 'mip_integral_gap_abs' deprecated, please use 'mip_opt_gap_abs'.
WARNING:  Option 'mip_integral_gap_rel' deprecated, please use 'mip_opt_gap_rel'.
WARNING:  Option 'mip_integral_gap_abs' deprecated, please use 'mip_opt_gap_abs'.
WARNING:  Option 'mip_integral_gap_rel' deprecated, please use 'mip_opt_gap_rel'.
WARNING:  Option 'mip_integral_gap_abs' deprecated, please use 'mip_opt_gap_abs'.
WARNING:  Option 'mip_integral_gap_rel' deprecated, please use 'mip_opt_gap_rel'.
WARNING:  Option 'mip_integral_gap_abs' deprecated, please use 'mip_opt_gap_abs'.
WARNING:  Option 'mip_integral_gap_rel' deprecated, please use 'mip_opt_gap_rel'.
     495    8.966897e-01   0.000e+00   3.700e-03   3.101e-06        1
WARNING:  Option 'mip_integral_gap_abs' deprecated, please use 'mip_opt_gap_abs'.
WARNING:  Option 'mip_integral_gap_rel' deprecated, please use 'mip_opt_gap_rel'.
WARNING:  Option 'mip_integral_gap_abs' deprecated, please use 'mip_opt_gap_abs'.
WARNING:  Option 'mip_integral_gap_rel' deprecated, please use 'mip_opt_gap_rel'.
WARNING:  Option 'mip_integral_gap_abs' deprecated, please use 'mip_opt_gap_abs'.
WARNING:  Option 'mip_integral_gap_rel' deprecated, please use 'mip_opt_gap_rel'.
WARNING:  Option 'mip_integral_gap_abs' deprecated, please use 'mip_opt_gap_abs'.
WARNING:  Option 'mip_integral_gap_rel' deprecated, please use 'mip_opt_gap_rel'.
WARNING:  Option 'mip_integral_gap_abs' deprecated, please use 'mip_opt_gap_abs'.
WARNING:  Option 'mip_integral_gap_rel' deprecated, please use 'mip_opt_gap_rel'.
WARNING:  Option 'mip_integral_gap_abs' deprecated, please use 'mip_opt_gap_abs'.
WARNING:  Option 'mip_integral_gap_rel' deprecated, please use 'mip_opt_gap_rel'.
WARNING:  Option 'mip_integral_gap_abs' deprecated, please use 'mip_opt_gap_abs'.
WARNING:  Option 'mip_integral_gap_rel' deprecated, please use 'mip_opt_gap_rel'.
     496    8.966896e-01   0.000e+00   3.694e-03   1.551e-06        3
WARNING:  Option 'mip_integral_gap_abs' deprecated, please use 'mip_opt_gap_abs'.
WARNING:  Option 'mip_integral_gap_rel' deprecated, please use 'mip_opt_gap_rel'.
WARNING:  Option 'mip_integral_gap_abs' deprecated, please use 'mip_opt_gap_abs'.
WARNING:  Option 'mip_integral_gap_rel' deprecated, please use 'mip_opt_gap_rel'.
WARNING:  Option 'mip_integral_gap_abs' deprecated, please use 'mip_opt_gap_abs'.
WARNING:  Option 'mip_integral_gap_rel' deprecated, please use 'mip_opt_gap_rel'.
WARNING:  Option 'mip_integral_gap_abs' deprecated, please use 'mip_opt_gap_abs'.
WARNING:  Option 'mip_integral_gap_rel' deprecated, please use 'mip_opt_gap_rel'.
     497    8.966896e-01   0.000e+00   3.694e-03   2.114e-10        0
WARNING:  Option 'mip_integral_gap_abs' deprecated, please use 'mip_opt_gap_abs'.
WARNING:  Option 'mip_integral_gap_rel' deprecated, please use 'mip_opt_gap_rel'.
WARNING:  Option 'mip_integral_gap_abs' deprecated, please use 'mip_opt_gap_abs'.
WARNING:  Option 'mip_integral_gap_rel' deprecated, please use 'mip_opt_gap_rel'.
WARNING:  Option 'mip_integral_gap_abs' deprecated, please use 'mip_opt_gap_abs'.
WARNING:  Option 'mip_integral_gap_rel' deprecated, please use 'mip_opt_gap_rel'.
WARNING:  Option 'mip_integral_gap_abs' deprecated, please use 'mip_opt_gap_abs'.
WARNING:  Option 'mip_integral_gap_rel' deprecated, please use 'mip_opt_gap_rel'.
WARNING:  Option 'mip_integral_gap_abs' deprecated, please use 'mip_opt_gap_abs'.
WARNING:  Option 'mip_integral_gap_rel' deprecated, please use 'mip_opt_gap_rel'.
WARNING:  Option 'mip_integral_gap_abs' deprecated, please use 'mip_opt_gap_abs'.
WARNING:  Option 'mip_integral_gap_rel' deprecated, please use 'mip_opt_gap_rel'.
WARNING:  Option 'mip_integral_gap_abs' deprecated, please use 'mip_opt_gap_abs'.
WARNING:  Option 'mip_integral_gap_rel' deprecated, please use 'mip_opt_gap_rel'.
WARNING:  Option 'mip_integral_gap_abs' deprecated, please use 'mip_opt_gap_abs'.
WARNING:  Option 'mip_integral_gap_rel' deprecated, please use 'mip_opt_gap_rel'.
WARNING:  Option 'mip_integral_gap_abs' deprecated, please use 'mip_opt_gap_abs'.
WARNING:  Option 'mip_integral_gap_rel' deprecated, please use 'mip_opt_gap_rel'.
WARNING:  Option 'mip_integral_gap_abs' deprecated, please use 'mip_opt_gap_abs'.
WARNING:  Option 'mip_integral_gap_rel' deprecated, please use 'mip_opt_gap_rel'.
     498    8.966896e-01   0.000e+00   3.690e-03   3.105e-06        1
WARNING:  Option 'mip_integral_gap_abs' deprecated, please use 'mip_opt_gap_abs'.
WARNING:  Option 'mip_integral_gap_rel' deprecated, please use 'mip_opt_gap_rel'.
WARNING:  Option 'mip_integral_gap_abs' deprecated, please use 'mip_opt_gap_abs'.
WARNING:  Option 'mip_integral_gap_rel' deprecated, please use 'mip_opt_gap_rel'.
WARNING:  Option 'mip_integral_gap_abs' deprecated, please use 'mip_opt_gap_abs'.
WARNING:  Option 'mip_integral_gap_rel' deprecated, please use 'mip_opt_gap_rel'.
WARNING:  Option 'mip_integral_gap_abs' deprecated, please use 'mip_opt_gap_abs'.
WARNING:  Option 'mip_integral_gap_rel' deprecated, please use 'mip_opt_gap_rel'.
WARNING:  Option 'mip_integral_gap_abs' deprecated, please use 'mip_opt_gap_abs'.
WARNING:  Option 'mip_integral_gap_rel' deprecated, please use 'mip_opt_gap_rel'.
WARNING:  Option 'mip_integral_gap_abs' deprecated, please use 'mip_opt_gap_abs'.
WARNING:  Option 'mip_integral_gap_rel' deprecated, please use 'mip_opt_gap_rel'.
WARNING:  Option 'mip_integral_gap_abs' deprecated, please use 'mip_opt_gap_abs'.
WARNING:  Option 'mip_integral_gap_rel' deprecated, please use 'mip_opt_gap_rel'.
WARNING:  Option 'mip_integral_gap_abs' deprecated, please use 'mip_opt_gap_abs'.
WARNING:  Option 'mip_integral_gap_rel' deprecated, please use 'mip_opt_gap_rel'.
WARNING:  Option 'mip_integral_gap_abs' deprecated, please use 'mip_opt_gap_abs'.
WARNING:  Option 'mip_integral_gap_rel' deprecated, please use 'mip_opt_gap_rel'.
     499    8.966896e-01   0.000e+00   3.689e-03   7.743e-07        5
WARNING:  Option 'mip_integral_gap_abs' deprecated, please use 'mip_opt_gap_abs'.
WARNING:  Option 'mip_integral_gap_rel' deprecated, please use 'mip_opt_gap_rel'.
WARNING:  Option 'mip_integral_gap_abs' deprecated, please use 'mip_opt_gap_abs'.
WARNING:  Option 'mip_integral_gap_rel' deprecated, please use 'mip_opt_gap_rel'.
WARNING:  Option 'mip_integral_gap_abs' deprecated, please use 'mip_opt_gap_abs'.
WARNING:  Option 'mip_integral_gap_rel' deprecated, please use 'mip_opt_gap_rel'.
WARNING:  Option 'mip_integral_gap_abs' deprecated, please use 'mip_opt_gap_abs'.
WARNING:  Option 'mip_integral_gap_rel' deprecated, please use 'mip_opt_gap_rel'.
     500    8.966896e-01   0.000e+00   3.689e-03   1.389e-12        0
WARNING:  Option 'mip_integral_gap_abs' deprecated, please use 'mip_opt_gap_abs'.
WARNING:  Option 'mip_integral_gap_rel' deprecated, please use 'mip_opt_gap_rel'.
WARNING:  Option 'mip_integral_gap_abs' deprecated, please use 'mip_opt_gap_abs'.
WARNING:  Option 'mip_integral_gap_rel' deprecated, please use 'mip_opt_gap_rel'.
WARNING:  Option 'mip_integral_gap_abs' deprecated, please use 'mip_opt_gap_abs'.
WARNING:  Option 'mip_integral_gap_rel' deprecated, please use 'mip_opt_gap_rel'.
WARNING:  Option 'mip_integral_gap_abs' deprecated, please use 'mip_opt_gap_abs'.
WARNING:  Option 'mip_integral_gap_rel' deprecated, please use 'mip_opt_gap_rel'.
WARNING:  Option 'mip_integral_gap_abs' deprecated, please use 'mip_opt_gap_abs'.
WARNING:  Option 'mip_integral_gap_rel' deprecated, please use 'mip_opt_gap_rel'.
WARNING:  Option 'mip_integral_gap_abs' deprecated, please use 'mip_opt_gap_abs'.
WARNING:  Option 'mip_integral_gap_rel' deprecated, please use 'mip_opt_gap_rel'.
WARNING:  Option 'mip_integral_gap_abs' deprecated, please use 'mip_opt_gap_abs'.
WARNING:  Option 'mip_integral_gap_rel' deprecated, please use 'mip_opt_gap_rel'.
WARNING:  Option 'mip_integral_gap_abs' deprecated, please use 'mip_opt_gap_abs'.
WARNING:  Option 'mip_integral_gap_rel' deprecated, please use 'mip_opt_gap_rel'.
     501    8.966896e-01   0.000e+00   3.688e-03   3.101e-06        1
WARNING:  Option 'mip_integral_gap_abs' deprecated, please use 'mip_opt_gap_abs'.
WARNING:  Option 'mip_integral_gap_rel' deprecated, please use 'mip_opt_gap_rel'.
WARNING:  Option 'mip_integral_gap_abs' deprecated, please use 'mip_opt_gap_abs'.
WARNING:  Option 'mip_integral_gap_rel' deprecated, please use 'mip_opt_gap_rel'.
WARNING:  Option 'mip_integral_gap_abs' deprecated, please use 'mip_opt_gap_abs'.
WARNING:  Option 'mip_integral_gap_rel' deprecated, please use 'mip_opt_gap_rel'.
WARNING:  Option 'mip_integral_gap_abs' deprecated, please use 'mip_opt_gap_abs'.
WARNING:  Option 'mip_integral_gap_rel' deprecated, please use 'mip_opt_gap_rel'.
     502    8.966896e-01   0.000e+00   3.688e-03   3.470e-11        0
WARNING:  Option 'mip_integral_gap_abs' deprecated, please use 'mip_opt_gap_abs'.
WARNING:  Option 'mip_integral_gap_rel' deprecated, please use 'mip_opt_gap_rel'.
WARNING:  Option 'mip_integral_gap_abs' deprecated, please use 'mip_opt_gap_abs'.
WARNING:  Option 'mip_integral_gap_rel' deprecated, please use 'mip_opt_gap_rel'.
WARNING:  Option 'mip_integral_gap_abs' deprecated, please use 'mip_opt_gap_abs'.
WARNING:  Option 'mip_integral_gap_rel' deprecated, please use 'mip_opt_gap_rel'.
WARNING:  Option 'mip_integral_gap_abs' deprecated, please use 'mip_opt_gap_abs'.
WARNING:  Option 'mip_integral_gap_rel' deprecated, please use 'mip_opt_gap_rel'.
WARNING:  Option 'mip_integral_gap_abs' deprecated, please use 'mip_opt_gap_abs'.
WARNING:  Option 'mip_integral_gap_rel' deprecated, please use 'mip_opt_gap_rel'.
WARNING:  Option 'mip_integral_gap_abs' deprecated, please use 'mip_opt_gap_abs'.
WARNING:  Option 'mip_integral_gap_rel' deprecated, please use 'mip_opt_gap_rel'.
WARNING:  Option 'mip_integral_gap_abs' deprecated, please use 'mip_opt_gap_abs'.
WARNING:  Option 'mip_integral_gap_rel' deprecated, please use 'mip_opt_gap_rel'.
WARNING:  Option 'mip_integral_gap_abs' deprecated, please use 'mip_opt_gap_abs'.
WARNING:  Option 'mip_integral_gap_rel' deprecated, please use 'mip_opt_gap_rel'.
WARNING:  Option 'mip_integral_gap_abs' deprecated, please use 'mip_opt_gap_abs'.
WARNING:  Option 'mip_integral_gap_rel' deprecated, please use 'mip_opt_gap_rel'.
WARNING:  Option 'mip_integral_gap_abs' deprecated, please use 'mip_opt_gap_abs'.
WARNING:  Option 'mip_integral_gap_rel' deprecated, please use 'mip_opt_gap_rel'.
WARNING:  Option 'mip_integral_gap_abs' deprecated, please use 'mip_opt_gap_abs'.
WARNING:  Option 'mip_integral_gap_rel' deprecated, please use 'mip_opt_gap_rel'.
WARNING:  Option 'mip_integral_gap_abs' deprecated, please use 'mip_opt_gap_abs'.
WARNING:  Option 'mip_integral_gap_rel' deprecated, please use 'mip_opt_gap_rel'.
WARNING:  Option 'mip_integral_gap_abs' deprecated, please use 'mip_opt_gap_abs'.
WARNING:  Option 'mip_integral_gap_rel' deprecated, please use 'mip_opt_gap_rel'.
WARNING:  Option 'mip_integral_gap_abs' deprecated, please use 'mip_opt_gap_abs'.
WARNING:  Option 'mip_integral_gap_rel' deprecated, please use 'mip_opt_gap_rel'.
WARNING:  Option 'mip_integral_gap_abs' deprecated, please use 'mip_opt_gap_abs'.
WARNING:  Option 'mip_integral_gap_rel' deprecated, please use 'mip_opt_gap_rel'.
WARNING:  Option 'mip_integral_gap_abs' deprecated, please use 'mip_opt_gap_abs'.
WARNING:  Option 'mip_integral_gap_rel' deprecated, please use 'mip_opt_gap_rel'.
     503    8.966896e-01   0.000e+00   3.688e-03   2.717e-06        1
WARNING:  Option 'mip_integral_gap_abs' deprecated, please use 'mip_opt_gap_abs'.
WARNING:  Option 'mip_integral_gap_rel' deprecated, please use 'mip_opt_gap_rel'.
WARNING:  Option 'mip_integral_gap_abs' deprecated, please use 'mip_opt_gap_abs'.
WARNING:  Option 'mip_integral_gap_rel' deprecated, please use 'mip_opt_gap_rel'.
     504    8.966887e-01   0.000e+00   3.764e-03   1.474e-04        0
WARNING:  Option 'mip_integral_gap_abs' deprecated, please use 'mip_opt_gap_abs'.
WARNING:  Option 'mip_integral_gap_rel' deprecated, please use 'mip_opt_gap_rel'.
WARNING:  Option 'mip_integral_gap_abs' deprecated, please use 'mip_opt_gap_abs'.
WARNING:  Option 'mip_integral_gap_rel' deprecated, please use 'mip_opt_gap_rel'.
WARNING:  Option 'mip_integral_gap_abs' deprecated, please use 'mip_opt_gap_abs'.
WARNING:  Option 'mip_integral_gap_rel' deprecated, please use 'mip_opt_gap_rel'.
WARNING:  Option 'mip_integral_gap_abs' deprecated, please use 'mip_opt_gap_abs'.
WARNING:  Option 'mip_integral_gap_rel' deprecated, please use 'mip_opt_gap_rel'.
WARNING:  Option 'mip_integral_gap_abs' deprecated, please use 'mip_opt_gap_abs'.
WARNING:  Option 'mip_integral_gap_rel' deprecated, please use 'mip_opt_gap_rel'.
WARNING:  Option 'mip_integral_gap_abs' deprecated, please use 'mip_opt_gap_abs'.
WARNING:  Option 'mip_integral_gap_rel' deprecated, please use 'mip_opt_gap_rel'.
WARNING:  Option 'mip_integral_gap_abs' deprecated, please use 'mip_opt_gap_abs'.
WARNING:  Option 'mip_integral_gap_rel' deprecated, please use 'mip_opt_gap_rel'.
WARNING:  Option 'mip_integral_gap_abs' deprecated, please use 'mip_opt_gap_abs'.
WARNING:  Option 'mip_integral_gap_rel' deprecated, please use 'mip_opt_gap_rel'.
WARNING:  Option 'mip_integral_gap_abs' deprecated, please use 'mip_opt_gap_abs'.
WARNING:  Option 'mip_integral_gap_rel' deprecated, please use 'mip_opt_gap_rel'.
WARNING:  Option 'mip_integral_gap_abs' deprecated, please use 'mip_opt_gap_abs'.
WARNING:  Option 'mip_integral_gap_rel' deprecated, please use 'mip_opt_gap_rel'.
WARNING:  Option 'mip_integral_gap_abs' deprecated, please use 'mip_opt_gap_abs'.
WARNING:  Option 'mip_integral_gap_rel' deprecated, please use 'mip_opt_gap_rel'.
WARNING:  Option 'mip_integral_gap_abs' deprecated, please use 'mip_opt_gap_abs'.
WARNING:  Option 'mip_integral_gap_rel' deprecated, please use 'mip_opt_gap_rel'.
WARNING:  Option 'mip_integral_gap_abs' deprecated, please use 'mip_opt_gap_abs'.
WARNING:  Option 'mip_integral_gap_rel' deprecated, please use 'mip_opt_gap_rel'.
WARNING:  Option 'mip_integral_gap_abs' deprecated, please use 'mip_opt_gap_abs'.
WARNING:  Option 'mip_integral_gap_rel' deprecated, please use 'mip_opt_gap_rel'.
WARNING:  Option 'mip_integral_gap_abs' deprecated, please use 'mip_opt_gap_abs'.
WARNING:  Option 'mip_integral_gap_rel' deprecated, please use 'mip_opt_gap_rel'.
WARNING:  Option 'mip_integral_gap_abs' deprecated, please use 'mip_opt_gap_abs'.
WARNING:  Option 'mip_integral_gap_rel' deprecated, please use 'mip_opt_gap_rel'.
WARNING:  Option 'mip_integral_gap_abs' deprecated, please use 'mip_opt_gap_abs'.
WARNING:  Option 'mip_integral_gap_rel' deprecated, please use 'mip_opt_gap_rel'.
WARNING:  Option 'mip_integral_gap_abs' deprecated, please use 'mip_opt_gap_abs'.
WARNING:  Option 'mip_integral_gap_rel' deprecated, please use 'mip_opt_gap_rel'.
WARNING:  Option 'mip_integral_gap_abs' deprecated, please use 'mip_opt_gap_abs'.
WARNING:  Option 'mip_integral_gap_rel' deprecated, please use 'mip_opt_gap_rel'.
WARNING:  Option 'mip_integral_gap_abs' deprecated, please use 'mip_opt_gap_abs'.
WARNING:  Option 'mip_integral_gap_rel' deprecated, please use 'mip_opt_gap_rel'.
WARNING:  Option 'mip_integral_gap_abs' deprecated, please use 'mip_opt_gap_abs'.
WARNING:  Option 'mip_integral_gap_rel' deprecated, please use 'mip_opt_gap_rel'.
     505    8.966857e-01   0.000e+00   1.310e-02   6.900e-04        1
WARNING:  Option 'mip_integral_gap_abs' deprecated, please use 'mip_opt_gap_abs'.
WARNING:  Option 'mip_integral_gap_rel' deprecated, please use 'mip_opt_gap_rel'.
WARNING:  Option 'mip_integral_gap_abs' deprecated, please use 'mip_opt_gap_abs'.
WARNING:  Option 'mip_integral_gap_rel' deprecated, please use 'mip_opt_gap_rel'.
WARNING:  Option 'mip_integral_gap_abs' deprecated, please use 'mip_opt_gap_abs'.
WARNING:  Option 'mip_integral_gap_rel' deprecated, please use 'mip_opt_gap_rel'.
WARNING:  Option 'mip_integral_gap_abs' deprecated, please use 'mip_opt_gap_abs'.
WARNING:  Option 'mip_integral_gap_rel' deprecated, please use 'mip_opt_gap_rel'.
WARNING:  Option 'mip_integral_gap_abs' deprecated, please use 'mip_opt_gap_abs'.
WARNING:  Option 'mip_integral_gap_rel' deprecated, please use 'mip_opt_gap_rel'.
WARNING:  Option 'mip_integral_gap_abs' deprecated, please use 'mip_opt_gap_abs'.
WARNING:  Option 'mip_integral_gap_rel' deprecated, please use 'mip_opt_gap_rel'.
WARNING:  Option 'mip_integral_gap_abs' deprecated, please use 'mip_opt_gap_abs'.
WARNING:  Option 'mip_integral_gap_rel' deprecated, please use 'mip_opt_gap_rel'.
WARNING:  Option 'mip_integral_gap_abs' deprecated, please use 'mip_opt_gap_abs'.
WARNING:  Option 'mip_integral_gap_rel' deprecated, please use 'mip_opt_gap_rel'.
WARNING:  Option 'mip_integral_gap_abs' deprecated, please use 'mip_opt_gap_abs'.
WARNING:  Option 'mip_integral_gap_rel' deprecated, please use 'mip_opt_gap_rel'.
WARNING:  Option 'mip_integral_gap_abs' deprecated, please use 'mip_opt_gap_abs'.
WARNING:  Option 'mip_integral_gap_rel' deprecated, please use 'mip_opt_gap_rel'.
WARNING:  Option 'mip_integral_gap_abs' deprecated, please use 'mip_opt_gap_abs'.
WARNING:  Option 'mip_integral_gap_rel' deprecated, please use 'mip_opt_gap_rel'.
WARNING:  Option 'mip_integral_gap_abs' deprecated, please use 'mip_opt_gap_abs'.
WARNING:  Option 'mip_integral_gap_rel' deprecated, please use 'mip_opt_gap_rel'.
WARNING:  Option 'mip_integral_gap_abs' deprecated, please use 'mip_opt_gap_abs'.
WARNING:  Option 'mip_integral_gap_rel' deprecated, please use 'mip_opt_gap_rel'.
     506    8.966833e-01   0.000e+00   7.067e-03   5.544e-04        1
WARNING:  Option 'mip_integral_gap_abs' deprecated, please use 'mip_opt_gap_abs'.
WARNING:  Option 'mip_integral_gap_rel' deprecated, please use 'mip_opt_gap_rel'.
WARNING:  Option 'mip_integral_gap_abs' deprecated, please use 'mip_opt_gap_abs'.
WARNING:  Option 'mip_integral_gap_rel' deprecated, please use 'mip_opt_gap_rel'.
WARNING:  Option 'mip_integral_gap_abs' deprecated, please use 'mip_opt_gap_abs'.
WARNING:  Option 'mip_integral_gap_rel' deprecated, please use 'mip_opt_gap_rel'.
WARNING:  Option 'mip_integral_gap_abs' deprecated, please use 'mip_opt_gap_abs'.
WARNING:  Option 'mip_integral_gap_rel' deprecated, please use 'mip_opt_gap_rel'.
WARNING:  Option 'mip_integral_gap_abs' deprecated, please use 'mip_opt_gap_abs'.
WARNING:  Option 'mip_integral_gap_rel' deprecated, please use 'mip_opt_gap_rel'.
WARNING:  Option 'mip_integral_gap_abs' deprecated, please use 'mip_opt_gap_abs'.
WARNING:  Option 'mip_integral_gap_rel' deprecated, please use 'mip_opt_gap_rel'.
WARNING:  Option 'mip_integral_gap_abs' deprecated, please use 'mip_opt_gap_abs'.
WARNING:  Option 'mip_integral_gap_rel' deprecated, please use 'mip_opt_gap_rel'.
WARNING:  Option 'mip_integral_gap_abs' deprecated, please use 'mip_opt_gap_abs'.
WARNING:  Option 'mip_integral_gap_rel' deprecated, please use 'mip_opt_gap_rel'.
WARNING:  Option 'mip_integral_gap_abs' deprecated, please use 'mip_opt_gap_abs'.
WARNING:  Option 'mip_integral_gap_rel' deprecated, please use 'mip_opt_gap_rel'.
WARNING:  Option 'mip_integral_gap_abs' deprecated, please use 'mip_opt_gap_abs'.
WARNING:  Option 'mip_integral_gap_rel' deprecated, please use 'mip_opt_gap_rel'.
WARNING:  Option 'mip_integral_gap_abs' deprecated, please use 'mip_opt_gap_abs'.
WARNING:  Option 'mip_integral_gap_rel' deprecated, please use 'mip_opt_gap_rel'.
WARNING:  Option 'mip_integral_gap_abs' deprecated, please use 'mip_opt_gap_abs'.
WARNING:  Option 'mip_integral_gap_rel' deprecated, please use 'mip_opt_gap_rel'.
WARNING:  Option 'mip_integral_gap_abs' deprecated, please use 'mip_opt_gap_abs'.
WARNING:  Option 'mip_integral_gap_rel' deprecated, please use 'mip_opt_gap_rel'.
WARNING:  Option 'mip_integral_gap_abs' deprecated, please use 'mip_opt_gap_abs'.
WARNING:  Option 'mip_integral_gap_rel' deprecated, please use 'mip_opt_gap_rel'.
WARNING:  Option 'mip_integral_gap_abs' deprecated, please use 'mip_opt_gap_abs'.
WARNING:  Option 'mip_integral_gap_rel' deprecated, please use 'mip_opt_gap_rel'.
WARNING:  Option 'mip_integral_gap_abs' deprecated, please use 'mip_opt_gap_abs'.
WARNING:  Option 'mip_integral_gap_rel' deprecated, please use 'mip_opt_gap_rel'.
WARNING:  Option 'mip_integral_gap_abs' deprecated, please use 'mip_opt_gap_abs'.
WARNING:  Option 'mip_integral_gap_rel' deprecated, please use 'mip_opt_gap_rel'.
WARNING:  Option 'mip_integral_gap_abs' deprecated, please use 'mip_opt_gap_abs'.
WARNING:  Option 'mip_integral_gap_rel' deprecated, please use 'mip_opt_gap_rel'.
WARNING:  Option 'mip_integral_gap_abs' deprecated, please use 'mip_opt_gap_abs'.
WARNING:  Option 'mip_integral_gap_rel' deprecated, please use 'mip_opt_gap_rel'.
WARNING:  Option 'mip_integral_gap_abs' deprecated, please use 'mip_opt_gap_abs'.
WARNING:  Option 'mip_integral_gap_rel' deprecated, please use 'mip_opt_gap_rel'.
WARNING:  Option 'mip_integral_gap_abs' deprecated, please use 'mip_opt_gap_abs'.
WARNING:  Option 'mip_integral_gap_rel' deprecated, please use 'mip_opt_gap_rel'.
WARNING:  Option 'mip_integral_gap_abs' deprecated, please use 'mip_opt_gap_abs'.
WARNING:  Option 'mip_integral_gap_rel' deprecated, please use 'mip_opt_gap_rel'.
WARNING:  Option 'mip_integral_gap_abs' deprecated, please use 'mip_opt_gap_abs'.
WARNING:  Option 'mip_integral_gap_rel' deprecated, please use 'mip_opt_gap_rel'.
     507    8.966832e-01   0.000e+00   6.277e-03   8.147e-06        1
WARNING:  Option 'mip_integral_gap_abs' deprecated, please use 'mip_opt_gap_abs'.
WARNING:  Option 'mip_integral_gap_rel' deprecated, please use 'mip_opt_gap_rel'.
WARNING:  Option 'mip_integral_gap_abs' deprecated, please use 'mip_opt_gap_abs'.
WARNING:  Option 'mip_integral_gap_rel' deprecated, please use 'mip_opt_gap_rel'.
WARNING:  Option 'mip_integral_gap_abs' deprecated, please use 'mip_opt_gap_abs'.
WARNING:  Option 'mip_integral_gap_rel' deprecated, please use 'mip_opt_gap_rel'.
WARNING:  Option 'mip_integral_gap_abs' deprecated, please use 'mip_opt_gap_abs'.
WARNING:  Option 'mip_integral_gap_rel' deprecated, please use 'mip_opt_gap_rel'.
     508    8.966831e-01   0.000e+00   6.228e-03   1.802e-05        0
WARNING:  Option 'mip_integral_gap_abs' deprecated, please use 'mip_opt_gap_abs'.
WARNING:  Option 'mip_integral_gap_rel' deprecated, please use 'mip_opt_gap_rel'.
WARNING:  Option 'mip_integral_gap_abs' deprecated, please use 'mip_opt_gap_abs'.
WARNING:  Option 'mip_integral_gap_rel' deprecated, please use 'mip_opt_gap_rel'.
WARNING:  Option 'mip_integral_gap_abs' deprecated, please use 'mip_opt_gap_abs'.
WARNING:  Option 'mip_integral_gap_rel' deprecated, please use 'mip_opt_gap_rel'.
WARNING:  Option 'mip_integral_gap_abs' deprecated, please use 'mip_opt_gap_abs'.
WARNING:  Option 'mip_integral_gap_rel' deprecated, please use 'mip_opt_gap_rel'.
WARNING:  Option 'mip_integral_gap_abs' deprecated, please use 'mip_opt_gap_abs'.
WARNING:  Option 'mip_integral_gap_rel' deprecated, please use 'mip_opt_gap_rel'.
WARNING:  Option 'mip_integral_gap_abs' deprecated, please use 'mip_opt_gap_abs'.
WARNING:  Option 'mip_integral_gap_rel' deprecated, please use 'mip_opt_gap_rel'.
WARNING:  Option 'mip_integral_gap_abs' deprecated, please use 'mip_opt_gap_abs'.
WARNING:  Option 'mip_integral_gap_rel' deprecated, please use 'mip_opt_gap_rel'.
     509    8.966831e-01   0.000e+00   3.991e-03   6.059e-06        1
WARNING:  Option 'mip_integral_gap_abs' deprecated, please use 'mip_opt_gap_abs'.
WARNING:  Option 'mip_integral_gap_rel' deprecated, please use 'mip_opt_gap_rel'.
WARNING:  Option 'mip_integral_gap_abs' deprecated, please use 'mip_opt_gap_abs'.
WARNING:  Option 'mip_integral_gap_rel' deprecated, please use 'mip_opt_gap_rel'.
WARNING:  Option 'mip_integral_gap_abs' deprecated, please use 'mip_opt_gap_abs'.
WARNING:  Option 'mip_integral_gap_rel' deprecated, please use 'mip_opt_gap_rel'.
WARNING:  Option 'mip_integral_gap_abs' deprecated, please use 'mip_opt_gap_abs'.
WARNING:  Option 'mip_integral_gap_rel' deprecated, please use 'mip_opt_gap_rel'.
WARNING:  Option 'mip_integral_gap_abs' deprecated, please use 'mip_opt_gap_abs'.
WARNING:  Option 'mip_integral_gap_rel' deprecated, please use 'mip_opt_gap_rel'.
WARNING:  Option 'mip_integral_gap_abs' deprecated, please use 'mip_opt_gap_abs'.
WARNING:  Option 'mip_integral_gap_rel' deprecated, please use 'mip_opt_gap_rel'.
WARNING:  Option 'mip_integral_gap_abs' deprecated, please use 'mip_opt_gap_abs'.
WARNING:  Option 'mip_integral_gap_rel' deprecated, please use 'mip_opt_gap_rel'.
WARNING:  Option 'mip_integral_gap_abs' deprecated, please use 'mip_opt_gap_abs'.
WARNING:  Option 'mip_integral_gap_rel' deprecated, please use 'mip_opt_gap_rel'.
WARNING:  Option 'mip_integral_gap_abs' deprecated, please use 'mip_opt_gap_abs'.
WARNING:  Option 'mip_integral_gap_rel' deprecated, please use 'mip_opt_gap_rel'.
WARNING:  Option 'mip_integral_gap_abs' deprecated, please use 'mip_opt_gap_abs'.
WARNING:  Option 'mip_integral_gap_rel' deprecated, please use 'mip_opt_gap_rel'.
WARNING:  Option 'mip_integral_gap_abs' deprecated, please use 'mip_opt_gap_abs'.
WARNING:  Option 'mip_integral_gap_rel' deprecated, please use 'mip_opt_gap_rel'.
WARNING:  Option 'mip_integral_gap_abs' deprecated, please use 'mip_opt_gap_abs'.
WARNING:  Option 'mip_integral_gap_rel' deprecated, please use 'mip_opt_gap_rel'.
     510    8.966831e-01   0.000e+00   2.636e-03   5.104e-06       21
WARNING:  Option 'mip_integral_gap_abs' deprecated, please use 'mip_opt_gap_abs'.
WARNING:  Option 'mip_integral_gap_rel' deprecated, please use 'mip_opt_gap_rel'.
WARNING:  Option 'mip_integral_gap_abs' deprecated, please use 'mip_opt_gap_abs'.
WARNING:  Option 'mip_integral_gap_rel' deprecated, please use 'mip_opt_gap_rel'.
WARNING:  Option 'mip_integral_gap_abs' deprecated, please use 'mip_opt_gap_abs'.
WARNING:  Option 'mip_integral_gap_rel' deprecated, please use 'mip_opt_gap_rel'.
WARNING:  Option 'mip_integral_gap_abs' deprecated, please use 'mip_opt_gap_abs'.
WARNING:  Option 'mip_integral_gap_rel' deprecated, please use 'mip_opt_gap_rel'.
     511    8.966831e-01   0.000e+00   2.633e-03   1.080e-06        0
WARNING:  Option 'mip_integral_gap_abs' deprecated, please use 'mip_opt_gap_abs'.
WARNING:  Option 'mip_integral_gap_rel' deprecated, please use 'mip_opt_gap_rel'.
WARNING:  Option 'mip_integral_gap_abs' deprecated, please use 'mip_opt_gap_abs'.
WARNING:  Option 'mip_integral_gap_rel' deprecated, please use 'mip_opt_gap_rel'.
WARNING:  Option 'mip_integral_gap_abs' deprecated, please use 'mip_opt_gap_abs'.
WARNING:  Option 'mip_integral_gap_rel' deprecated, please use 'mip_opt_gap_rel'.
WARNING:  Option 'mip_integral_gap_abs' deprecated, please use 'mip_opt_gap_abs'.
WARNING:  Option 'mip_integral_gap_rel' deprecated, please use 'mip_opt_gap_rel'.
WARNING:  Option 'mip_integral_gap_abs' deprecated, please use 'mip_opt_gap_abs'.
WARNING:  Option 'mip_integral_gap_rel' deprecated, please use 'mip_opt_gap_rel'.
WARNING:  Option 'mip_integral_gap_abs' deprecated, please use 'mip_opt_gap_abs'.
WARNING:  Option 'mip_integral_gap_rel' deprecated, please use 'mip_opt_gap_rel'.
WARNING:  Option 'mip_integral_gap_abs' deprecated, please use 'mip_opt_gap_abs'.
WARNING:  Option 'mip_integral_gap_rel' deprecated, please use 'mip_opt_gap_rel'.
     512    8.966830e-01   0.000e+00   2.209e-03   4.367e-06        1
WARNING:  Option 'mip_integral_gap_abs' deprecated, please use 'mip_opt_gap_abs'.
WARNING:  Option 'mip_integral_gap_rel' deprecated, please use 'mip_opt_gap_rel'.
WARNING:  Option 'mip_integral_gap_abs' deprecated, please use 'mip_opt_gap_abs'.
WARNING:  Option 'mip_integral_gap_rel' deprecated, please use 'mip_opt_gap_rel'.
WARNING:  Option 'mip_integral_gap_abs' deprecated, please use 'mip_opt_gap_abs'.
WARNING:  Option 'mip_integral_gap_rel' deprecated, please use 'mip_opt_gap_rel'.
WARNING:  Option 'mip_integral_gap_abs' deprecated, please use 'mip_opt_gap_abs'.
WARNING:  Option 'mip_integral_gap_rel' deprecated, please use 'mip_opt_gap_rel'.
WARNING:  Option 'mip_integral_gap_abs' deprecated, please use 'mip_opt_gap_abs'.
WARNING:  Option 'mip_integral_gap_rel' deprecated, please use 'mip_opt_gap_rel'.
WARNING:  Option 'mip_integral_gap_abs' deprecated, please use 'mip_opt_gap_abs'.
WARNING:  Option 'mip_integral_gap_rel' deprecated, please use 'mip_opt_gap_rel'.
WARNING:  Option 'mip_integral_gap_abs' deprecated, please use 'mip_opt_gap_abs'.
WARNING:  Option 'mip_integral_gap_rel' deprecated, please use 'mip_opt_gap_rel'.
WARNING:  Option 'mip_integral_gap_abs' deprecated, please use 'mip_opt_gap_abs'.
WARNING:  Option 'mip_integral_gap_rel' deprecated, please use 'mip_opt_gap_rel'.
WARNING:  Option 'mip_integral_gap_abs' deprecated, please use 'mip_opt_gap_abs'.
WARNING:  Option 'mip_integral_gap_rel' deprecated, please use 'mip_opt_gap_rel'.
WARNING:  Option 'mip_integral_gap_abs' deprecated, please use 'mip_opt_gap_abs'.
WARNING:  Option 'mip_integral_gap_rel' deprecated, please use 'mip_opt_gap_rel'.
WARNING:  Option 'mip_integral_gap_abs' deprecated, please use 'mip_opt_gap_abs'.
WARNING:  Option 'mip_integral_gap_rel' deprecated, please use 'mip_opt_gap_rel'.
WARNING:  Option 'mip_integral_gap_abs' deprecated, please use 'mip_opt_gap_abs'.
WARNING:  Option 'mip_integral_gap_rel' deprecated, please use 'mip_opt_gap_rel'.
WARNING:  Option 'mip_integral_gap_abs' deprecated, please use 'mip_opt_gap_abs'.
WARNING:  Option 'mip_integral_gap_rel' deprecated, please use 'mip_opt_gap_rel'.
WARNING:  Option 'mip_integral_gap_abs' deprecated, please use 'mip_opt_gap_abs'.
WARNING:  Option 'mip_integral_gap_rel' deprecated, please use 'mip_opt_gap_rel'.
WARNING:  Option 'mip_integral_gap_abs' deprecated, please use 'mip_opt_gap_abs'.
WARNING:  Option 'mip_integral_gap_rel' deprecated, please use 'mip_opt_gap_rel'.
WARNING:  Option 'mip_integral_gap_abs' deprecated, please use 'mip_opt_gap_abs'.
WARNING:  Option 'mip_integral_gap_rel' deprecated, please use 'mip_opt_gap_rel'.
     513    8.966830e-01   0.000e+00   5.853e-03   1.980e-06       44
WARNING:  Option 'mip_integral_gap_abs' deprecated, please use 'mip_opt_gap_abs'.
WARNING:  Option 'mip_integral_gap_rel' deprecated, please use 'mip_opt_gap_rel'.
WARNING:  Option 'mip_integral_gap_abs' deprecated, please use 'mip_opt_gap_abs'.
WARNING:  Option 'mip_integral_gap_rel' deprecated, please use 'mip_opt_gap_rel'.
WARNING:  Option 'mip_integral_gap_abs' deprecated, please use 'mip_opt_gap_abs'.
WARNING:  Option 'mip_integral_gap_rel' deprecated, please use 'mip_opt_gap_rel'.
WARNING:  Option 'mip_integral_gap_abs' deprecated, please use 'mip_opt_gap_abs'.
WARNING:  Option 'mip_integral_gap_rel' deprecated, please use 'mip_opt_gap_rel'.
     514    8.966830e-01   0.000e+00   5.853e-03   6.551e-07        0
WARNING:  Option 'mip_integral_gap_abs' deprecated, please use 'mip_opt_gap_abs'.
WARNING:  Option 'mip_integral_gap_rel' deprecated, please use 'mip_opt_gap_rel'.
WARNING:  Option 'mip_integral_gap_abs' deprecated, please use 'mip_opt_gap_abs'.
WARNING:  Option 'mip_integral_gap_rel' deprecated, please use 'mip_opt_gap_rel'.
WARNING:  Option 'mip_integral_gap_abs' deprecated, please use 'mip_opt_gap_abs'.
WARNING:  Option 'mip_integral_gap_rel' deprecated, please use 'mip_opt_gap_rel'.
WARNING:  Option 'mip_integral_gap_abs' deprecated, please use 'mip_opt_gap_abs'.
WARNING:  Option 'mip_integral_gap_rel' deprecated, please use 'mip_opt_gap_rel'.
WARNING:  Option 'mip_integral_gap_abs' deprecated, please use 'mip_opt_gap_abs'.
WARNING:  Option 'mip_integral_gap_rel' deprecated, please use 'mip_opt_gap_rel'.
WARNING:  Option 'mip_integral_gap_abs' deprecated, please use 'mip_opt_gap_abs'.
WARNING:  Option 'mip_integral_gap_rel' deprecated, please use 'mip_opt_gap_rel'.
WARNING:  Option 'mip_integral_gap_abs' deprecated, please use 'mip_opt_gap_abs'.
WARNING:  Option 'mip_integral_gap_rel' deprecated, please use 'mip_opt_gap_rel'.
     515    8.966830e-01   0.000e+00   1.800e-03   1.770e-06        1
WARNING:  Option 'mip_integral_gap_abs' deprecated, please use 'mip_opt_gap_abs'.
WARNING:  Option 'mip_integral_gap_rel' deprecated, please use 'mip_opt_gap_rel'.
WARNING:  Option 'mip_integral_gap_abs' deprecated, please use 'mip_opt_gap_abs'.
WARNING:  Option 'mip_integral_gap_rel' deprecated, please use 'mip_opt_gap_rel'.
WARNING:  Option 'mip_integral_gap_abs' deprecated, please use 'mip_opt_gap_abs'.
WARNING:  Option 'mip_integral_gap_rel' deprecated, please use 'mip_opt_gap_rel'.
WARNING:  Option 'mip_integral_gap_abs' deprecated, please use 'mip_opt_gap_abs'.
WARNING:  Option 'mip_integral_gap_rel' deprecated, please use 'mip_opt_gap_rel'.
     516    8.966830e-01   0.000e+00   1.374e-03   9.173e-06        0
WARNING:  Option 'mip_integral_gap_abs' deprecated, please use 'mip_opt_gap_abs'.
WARNING:  Option 'mip_integral_gap_rel' deprecated, please use 'mip_opt_gap_rel'.
WARNING:  Option 'mip_integral_gap_abs' deprecated, please use 'mip_opt_gap_abs'.
WARNING:  Option 'mip_integral_gap_rel' deprecated, please use 'mip_opt_gap_rel'.
WARNING:  Option 'mip_integral_gap_abs' deprecated, please use 'mip_opt_gap_abs'.
WARNING:  Option 'mip_integral_gap_rel' deprecated, please use 'mip_opt_gap_rel'.
WARNING:  Option 'mip_integral_gap_abs' deprecated, please use 'mip_opt_gap_abs'.
WARNING:  Option 'mip_integral_gap_rel' deprecated, please use 'mip_opt_gap_rel'.
WARNING:  Option 'mip_integral_gap_abs' deprecated, please use 'mip_opt_gap_abs'.
WARNING:  Option 'mip_integral_gap_rel' deprecated, please use 'mip_opt_gap_rel'.
WARNING:  Option 'mip_integral_gap_abs' deprecated, please use 'mip_opt_gap_abs'.
WARNING:  Option 'mip_integral_gap_rel' deprecated, please use 'mip_opt_gap_rel'.
WARNING:  Option 'mip_integral_gap_abs' deprecated, please use 'mip_opt_gap_abs'.
WARNING:  Option 'mip_integral_gap_rel' deprecated, please use 'mip_opt_gap_rel'.
     517    8.966830e-01   0.000e+00   1.369e-03   3.885e-05        1
WARNING:  Option 'mip_integral_gap_abs' deprecated, please use 'mip_opt_gap_abs'.
WARNING:  Option 'mip_integral_gap_rel' deprecated, please use 'mip_opt_gap_rel'.
WARNING:  Option 'mip_integral_gap_abs' deprecated, please use 'mip_opt_gap_abs'.
WARNING:  Option 'mip_integral_gap_rel' deprecated, please use 'mip_opt_gap_rel'.
WARNING:  Option 'mip_integral_gap_abs' deprecated, please use 'mip_opt_gap_abs'.
WARNING:  Option 'mip_integral_gap_rel' deprecated, please use 'mip_opt_gap_rel'.
WARNING:  Option 'mip_integral_gap_abs' deprecated, please use 'mip_opt_gap_abs'.
WARNING:  Option 'mip_integral_gap_rel' deprecated, please use 'mip_opt_gap_rel'.
     518    8.966829e-01   0.000e+00   1.346e-03   1.669e-04        0
WARNING:  Option 'mip_integral_gap_abs' deprecated, please use 'mip_opt_gap_abs'.
WARNING:  Option 'mip_integral_gap_rel' deprecated, please use 'mip_opt_gap_rel'.
WARNING:  Option 'mip_integral_gap_abs' deprecated, please use 'mip_opt_gap_abs'.
WARNING:  Option 'mip_integral_gap_rel' deprecated, please use 'mip_opt_gap_rel'.
WARNING:  Option 'mip_integral_gap_abs' deprecated, please use 'mip_opt_gap_abs'.
WARNING:  Option 'mip_integral_gap_rel' deprecated, please use 'mip_opt_gap_rel'.
WARNING:  Option 'mip_integral_gap_abs' deprecated, please use 'mip_opt_gap_abs'.
WARNING:  Option 'mip_integral_gap_rel' deprecated, please use 'mip_opt_gap_rel'.
WARNING:  Option 'mip_integral_gap_abs' deprecated, please use 'mip_opt_gap_abs'.
WARNING:  Option 'mip_integral_gap_rel' deprecated, please use 'mip_opt_gap_rel'.
WARNING:  Option 'mip_integral_gap_abs' deprecated, please use 'mip_opt_gap_abs'.
WARNING:  Option 'mip_integral_gap_rel' deprecated, please use 'mip_opt_gap_rel'.
WARNING:  Option 'mip_integral_gap_abs' deprecated, please use 'mip_opt_gap_abs'.
WARNING:  Option 'mip_integral_gap_rel' deprecated, please use 'mip_opt_gap_rel'.
     519    8.966825e-01   0.000e+00   1.371e-03   7.215e-04        1
WARNING:  Option 'mip_integral_gap_abs' deprecated, please use 'mip_opt_gap_abs'.
WARNING:  Option 'mip_integral_gap_rel' deprecated, please use 'mip_opt_gap_rel'.
WARNING:  Option 'mip_integral_gap_abs' deprecated, please use 'mip_opt_gap_abs'.
WARNING:  Option 'mip_integral_gap_rel' deprecated, please use 'mip_opt_gap_rel'.
WARNING:  Option 'mip_integral_gap_abs' deprecated, please use 'mip_opt_gap_abs'.
WARNING:  Option 'mip_integral_gap_rel' deprecated, please use 'mip_opt_gap_rel'.
WARNING:  Option 'mip_integral_gap_abs' deprecated, please use 'mip_opt_gap_abs'.
WARNING:  Option 'mip_integral_gap_rel' deprecated, please use 'mip_opt_gap_rel'.
WARNING:  Option 'mip_integral_gap_abs' deprecated, please use 'mip_opt_gap_abs'.
WARNING:  Option 'mip_integral_gap_rel' deprecated, please use 'mip_opt_gap_rel'.
WARNING:  Option 'mip_integral_gap_abs' deprecated, please use 'mip_opt_gap_abs'.
WARNING:  Option 'mip_integral_gap_rel' deprecated, please use 'mip_opt_gap_rel'.
     520    8.966816e-01   0.000e+00   1.895e-03   1.742e-03        0
WARNING:  Option 'mip_integral_gap_abs' deprecated, please use 'mip_opt_gap_abs'.
WARNING:  Option 'mip_integral_gap_rel' deprecated, please use 'mip_opt_gap_rel'.
WARNING:  Option 'mip_integral_gap_abs' deprecated, please use 'mip_opt_gap_abs'.
WARNING:  Option 'mip_integral_gap_rel' deprecated, please use 'mip_opt_gap_rel'.
WARNING:  Option 'mip_integral_gap_abs' deprecated, please use 'mip_opt_gap_abs'.
WARNING:  Option 'mip_integral_gap_rel' deprecated, please use 'mip_opt_gap_rel'.
WARNING:  Option 'mip_integral_gap_abs' deprecated, please use 'mip_opt_gap_abs'.
WARNING:  Option 'mip_integral_gap_rel' deprecated, please use 'mip_opt_gap_rel'.
WARNING:  Option 'mip_integral_gap_abs' deprecated, please use 'mip_opt_gap_abs'.
WARNING:  Option 'mip_integral_gap_rel' deprecated, please use 'mip_opt_gap_rel'.
WARNING:  Option 'mip_integral_gap_abs' deprecated, please use 'mip_opt_gap_abs'.
WARNING:  Option 'mip_integral_gap_rel' deprecated, please use 'mip_opt_gap_rel'.
WARNING:  Option 'mip_integral_gap_abs' deprecated, please use 'mip_opt_gap_abs'.
WARNING:  Option 'mip_integral_gap_rel' deprecated, please use 'mip_opt_gap_rel'.
WARNING:  Option 'mip_integral_gap_abs' deprecated, please use 'mip_opt_gap_abs'.
WARNING:  Option 'mip_integral_gap_rel' deprecated, please use 'mip_opt_gap_rel'.
     521    8.966816e-01   0.000e+00   2.201e-03   9.679e-04        1
WARNING:  Option 'mip_integral_gap_abs' deprecated, please use 'mip_opt_gap_abs'.
WARNING:  Option 'mip_integral_gap_rel' deprecated, please use 'mip_opt_gap_rel'.
WARNING:  Option 'mip_integral_gap_abs' deprecated, please use 'mip_opt_gap_abs'.
WARNING:  Option 'mip_integral_gap_rel' deprecated, please use 'mip_opt_gap_rel'.
     522    8.966809e-01   0.000e+00   4.801e-02   7.805e-04        0
WARNING:  Option 'mip_integral_gap_abs' deprecated, please use 'mip_opt_gap_abs'.
WARNING:  Option 'mip_integral_gap_rel' deprecated, please use 'mip_opt_gap_rel'.
WARNING:  Option 'mip_integral_gap_abs' deprecated, please use 'mip_opt_gap_abs'.
WARNING:  Option 'mip_integral_gap_rel' deprecated, please use 'mip_opt_gap_rel'.
WARNING:  Option 'mip_integral_gap_abs' deprecated, please use 'mip_opt_gap_abs'.
WARNING:  Option 'mip_integral_gap_rel' deprecated, please use 'mip_opt_gap_rel'.
WARNING:  Option 'mip_integral_gap_abs' deprecated, please use 'mip_opt_gap_abs'.
WARNING:  Option 'mip_integral_gap_rel' deprecated, please use 'mip_opt_gap_rel'.
WARNING:  Option 'mip_integral_gap_abs' deprecated, please use 'mip_opt_gap_abs'.
WARNING:  Option 'mip_integral_gap_rel' deprecated, please use 'mip_opt_gap_rel'.
WARNING:  Option 'mip_integral_gap_abs' deprecated, please use 'mip_opt_gap_abs'.
WARNING:  Option 'mip_integral_gap_rel' deprecated, please use 'mip_opt_gap_rel'.
     523    8.966807e-01   0.000e+00   8.758e-02   2.570e-04        0
WARNING:  Option 'mip_integral_gap_abs' deprecated, please use 'mip_opt_gap_abs'.
WARNING:  Option 'mip_integral_gap_rel' deprecated, please use 'mip_opt_gap_rel'.
WARNING:  Option 'mip_integral_gap_abs' deprecated, please use 'mip_opt_gap_abs'.
WARNING:  Option 'mip_integral_gap_rel' deprecated, please use 'mip_opt_gap_rel'.
WARNING:  Option 'mip_integral_gap_abs' deprecated, please use 'mip_opt_gap_abs'.
WARNING:  Option 'mip_integral_gap_rel' deprecated, please use 'mip_opt_gap_rel'.
     524    8.966765e-01   0.000e+00   1.767e-02   3.362e-02        0
WARNING:  Option 'mip_integral_gap_abs' deprecated, please use 'mip_opt_gap_abs'.
WARNING:  Option 'mip_integral_gap_rel' deprecated, please use 'mip_opt_gap_rel'.
WARNING:  Option 'mip_integral_gap_abs' deprecated, please use 'mip_opt_gap_abs'.
WARNING:  Option 'mip_integral_gap_rel' deprecated, please use 'mip_opt_gap_rel'.
WARNING:  Option 'mip_integral_gap_abs' deprecated, please use 'mip_opt_gap_abs'.
WARNING:  Option 'mip_integral_gap_rel' deprecated, please use 'mip_opt_gap_rel'.
WARNING:  Option 'mip_integral_gap_abs' deprecated, please use 'mip_opt_gap_abs'.
WARNING:  Option 'mip_integral_gap_rel' deprecated, please use 'mip_opt_gap_rel'.
WARNING:  Option 'mip_integral_gap_abs' deprecated, please use 'mip_opt_gap_abs'.
WARNING:  Option 'mip_integral_gap_rel' deprecated, please use 'mip_opt_gap_rel'.
WARNING:  Option 'mip_integral_gap_abs' deprecated, please use 'mip_opt_gap_abs'.
WARNING:  Option 'mip_integral_gap_rel' deprecated, please use 'mip_opt_gap_rel'.
WARNING:  Option 'mip_integral_gap_abs' deprecated, please use 'mip_opt_gap_abs'.
WARNING:  Option 'mip_integral_gap_rel' deprecated, please use 'mip_opt_gap_rel'.
WARNING:  Option 'mip_integral_gap_abs' deprecated, please use 'mip_opt_gap_abs'.
WARNING:  Option 'mip_integral_gap_rel' deprecated, please use 'mip_opt_gap_rel'.
WARNING:  Option 'mip_integral_gap_abs' deprecated, please use 'mip_opt_gap_abs'.
WARNING:  Option 'mip_integral_gap_rel' deprecated, please use 'mip_opt_gap_rel'.
WARNING:  Option 'mip_integral_gap_abs' deprecated, please use 'mip_opt_gap_abs'.
WARNING:  Option 'mip_integral_gap_rel' deprecated, please use 'mip_opt_gap_rel'.
     525    8.966754e-01   0.000e+00   1.335e-02   3.914e-03        1
WARNING:  Option 'mip_integral_gap_abs' deprecated, please use 'mip_opt_gap_abs'.
WARNING:  Option 'mip_integral_gap_rel' deprecated, please use 'mip_opt_gap_rel'.
WARNING:  Option 'mip_integral_gap_abs' deprecated, please use 'mip_opt_gap_abs'.
WARNING:  Option 'mip_integral_gap_rel' deprecated, please use 'mip_opt_gap_rel'.
WARNING:  Option 'mip_integral_gap_abs' deprecated, please use 'mip_opt_gap_abs'.
WARNING:  Option 'mip_integral_gap_rel' deprecated, please use 'mip_opt_gap_rel'.
WARNING:  Option 'mip_integral_gap_abs' deprecated, please use 'mip_opt_gap_abs'.
WARNING:  Option 'mip_integral_gap_rel' deprecated, please use 'mip_opt_gap_rel'.
WARNING:  Option 'mip_integral_gap_abs' deprecated, please use 'mip_opt_gap_abs'.
WARNING:  Option 'mip_integral_gap_rel' deprecated, please use 'mip_opt_gap_rel'.
     526    8.966738e-01   0.000e+00   7.422e-03   1.002e-02        0
WARNING:  Option 'mip_integral_gap_abs' deprecated, please use 'mip_opt_gap_abs'.
WARNING:  Option 'mip_integral_gap_rel' deprecated, please use 'mip_opt_gap_rel'.
WARNING:  Option 'mip_integral_gap_abs' deprecated, please use 'mip_opt_gap_abs'.
WARNING:  Option 'mip_integral_gap_rel' deprecated, please use 'mip_opt_gap_rel'.
WARNING:  Option 'mip_integral_gap_abs' deprecated, please use 'mip_opt_gap_abs'.
WARNING:  Option 'mip_integral_gap_rel' deprecated, please use 'mip_opt_gap_rel'.
WARNING:  Option 'mip_integral_gap_abs' deprecated, please use 'mip_opt_gap_abs'.
WARNING:  Option 'mip_integral_gap_rel' deprecated, please use 'mip_opt_gap_rel'.
WARNING:  Option 'mip_integral_gap_abs' deprecated, please use 'mip_opt_gap_abs'.
WARNING:  Option 'mip_integral_gap_rel' deprecated, please use 'mip_opt_gap_rel'.
WARNING:  Option 'mip_integral_gap_abs' deprecated, please use 'mip_opt_gap_abs'.
WARNING:  Option 'mip_integral_gap_rel' deprecated, please use 'mip_opt_gap_rel'.
WARNING:  Option 'mip_integral_gap_abs' deprecated, please use 'mip_opt_gap_abs'.
WARNING:  Option 'mip_integral_gap_rel' deprecated, please use 'mip_opt_gap_rel'.
     527    8.966709e-01   0.000e+00   3.493e-03   2.509e-03        1
WARNING:  Option 'mip_integral_gap_abs' deprecated, please use 'mip_opt_gap_abs'.
WARNING:  Option 'mip_integral_gap_rel' deprecated, please use 'mip_opt_gap_rel'.
WARNING:  Option 'mip_integral_gap_abs' deprecated, please use 'mip_opt_gap_abs'.
WARNING:  Option 'mip_integral_gap_rel' deprecated, please use 'mip_opt_gap_rel'.
WARNING:  Option 'mip_integral_gap_abs' deprecated, please use 'mip_opt_gap_abs'.
WARNING:  Option 'mip_integral_gap_rel' deprecated, please use 'mip_opt_gap_rel'.
WARNING:  Option 'mip_integral_gap_abs' deprecated, please use 'mip_opt_gap_abs'.
WARNING:  Option 'mip_integral_gap_rel' deprecated, please use 'mip_opt_gap_rel'.
WARNING:  Option 'mip_integral_gap_abs' deprecated, please use 'mip_opt_gap_abs'.
WARNING:  Option 'mip_integral_gap_rel' deprecated, please use 'mip_opt_gap_rel'.
WARNING:  Option 'mip_integral_gap_abs' deprecated, please use 'mip_opt_gap_abs'.
WARNING:  Option 'mip_integral_gap_rel' deprecated, please use 'mip_opt_gap_rel'.
WARNING:  Option 'mip_integral_gap_abs' deprecated, please use 'mip_opt_gap_abs'.
WARNING:  Option 'mip_integral_gap_rel' deprecated, please use 'mip_opt_gap_rel'.
WARNING:  Option 'mip_integral_gap_abs' deprecated, please use 'mip_opt_gap_abs'.
WARNING:  Option 'mip_integral_gap_rel' deprecated, please use 'mip_opt_gap_rel'.
WARNING:  Option 'mip_integral_gap_abs' deprecated, please use 'mip_opt_gap_abs'.
WARNING:  Option 'mip_integral_gap_rel' deprecated, please use 'mip_opt_gap_rel'.
WARNING:  Option 'mip_integral_gap_abs' deprecated, please use 'mip_opt_gap_abs'.
WARNING:  Option 'mip_integral_gap_rel' deprecated, please use 'mip_opt_gap_rel'.
WARNING:  Option 'mip_integral_gap_abs' deprecated, please use 'mip_opt_gap_abs'.
WARNING:  Option 'mip_integral_gap_rel' deprecated, please use 'mip_opt_gap_rel'.
WARNING:  Option 'mip_integral_gap_abs' deprecated, please use 'mip_opt_gap_abs'.
WARNING:  Option 'mip_integral_gap_rel' deprecated, please use 'mip_opt_gap_rel'.
WARNING:  Option 'mip_integral_gap_abs' deprecated, please use 'mip_opt_gap_abs'.
WARNING:  Option 'mip_integral_gap_rel' deprecated, please use 'mip_opt_gap_rel'.
WARNING:  Option 'mip_integral_gap_abs' deprecated, please use 'mip_opt_gap_abs'.
WARNING:  Option 'mip_integral_gap_rel' deprecated, please use 'mip_opt_gap_rel'.
WARNING:  Option 'mip_integral_gap_abs' deprecated, please use 'mip_opt_gap_abs'.
WARNING:  Option 'mip_integral_gap_rel' deprecated, please use 'mip_opt_gap_rel'.
     528    8.966701e-01   0.000e+00   6.577e-02   1.790e-03        1
WARNING:  Option 'mip_integral_gap_abs' deprecated, please use 'mip_opt_gap_abs'.
WARNING:  Option 'mip_integral_gap_rel' deprecated, please use 'mip_opt_gap_rel'.
WARNING:  Option 'mip_integral_gap_abs' deprecated, please use 'mip_opt_gap_abs'.
WARNING:  Option 'mip_integral_gap_rel' deprecated, please use 'mip_opt_gap_rel'.
WARNING:  Option 'mip_integral_gap_abs' deprecated, please use 'mip_opt_gap_abs'.
WARNING:  Option 'mip_integral_gap_rel' deprecated, please use 'mip_opt_gap_rel'.
WARNING:  Option 'mip_integral_gap_abs' deprecated, please use 'mip_opt_gap_abs'.
WARNING:  Option 'mip_integral_gap_rel' deprecated, please use 'mip_opt_gap_rel'.
WARNING:  Option 'mip_integral_gap_abs' deprecated, please use 'mip_opt_gap_abs'.
WARNING:  Option 'mip_integral_gap_rel' deprecated, please use 'mip_opt_gap_rel'.
WARNING:  Option 'mip_integral_gap_abs' deprecated, please use 'mip_opt_gap_abs'.
WARNING:  Option 'mip_integral_gap_rel' deprecated, please use 'mip_opt_gap_rel'.
WARNING:  Option 'mip_integral_gap_abs' deprecated, please use 'mip_opt_gap_abs'.
WARNING:  Option 'mip_integral_gap_rel' deprecated, please use 'mip_opt_gap_rel'.
WARNING:  Option 'mip_integral_gap_abs' deprecated, please use 'mip_opt_gap_abs'.
WARNING:  Option 'mip_integral_gap_rel' deprecated, please use 'mip_opt_gap_rel'.
WARNING:  Option 'mip_integral_gap_abs' deprecated, please use 'mip_opt_gap_abs'.
WARNING:  Option 'mip_integral_gap_rel' deprecated, please use 'mip_opt_gap_rel'.
WARNING:  Option 'mip_integral_gap_abs' deprecated, please use 'mip_opt_gap_abs'.
WARNING:  Option 'mip_integral_gap_rel' deprecated, please use 'mip_opt_gap_rel'.
WARNING:  Option 'mip_integral_gap_abs' deprecated, please use 'mip_opt_gap_abs'.
WARNING:  Option 'mip_integral_gap_rel' deprecated, please use 'mip_opt_gap_rel'.
WARNING:  Option 'mip_integral_gap_abs' deprecated, please use 'mip_opt_gap_abs'.
WARNING:  Option 'mip_integral_gap_rel' deprecated, please use 'mip_opt_gap_rel'.
WARNING:  Option 'mip_integral_gap_abs' deprecated, please use 'mip_opt_gap_abs'.
WARNING:  Option 'mip_integral_gap_rel' deprecated, please use 'mip_opt_gap_rel'.
WARNING:  Option 'mip_integral_gap_abs' deprecated, please use 'mip_opt_gap_abs'.
WARNING:  Option 'mip_integral_gap_rel' deprecated, please use 'mip_opt_gap_rel'.
WARNING:  Option 'mip_integral_gap_abs' deprecated, please use 'mip_opt_gap_abs'.
WARNING:  Option 'mip_integral_gap_rel' deprecated, please use 'mip_opt_gap_rel'.
     529    8.966685e-01   0.000e+00   3.352e-03   3.924e-03        1
WARNING:  Option 'mip_integral_gap_abs' deprecated, please use 'mip_opt_gap_abs'.
WARNING:  Option 'mip_integral_gap_rel' deprecated, please use 'mip_opt_gap_rel'.
WARNING:  Option 'mip_integral_gap_abs' deprecated, please use 'mip_opt_gap_abs'.
WARNING:  Option 'mip_integral_gap_rel' deprecated, please use 'mip_opt_gap_rel'.
WARNING:  Option 'mip_integral_gap_abs' deprecated, please use 'mip_opt_gap_abs'.
WARNING:  Option 'mip_integral_gap_rel' deprecated, please use 'mip_opt_gap_rel'.
WARNING:  Option 'mip_integral_gap_abs' deprecated, please use 'mip_opt_gap_abs'.
WARNING:  Option 'mip_integral_gap_rel' deprecated, please use 'mip_opt_gap_rel'.
WARNING:  Option 'mip_integral_gap_abs' deprecated, please use 'mip_opt_gap_abs'.
WARNING:  Option 'mip_integral_gap_rel' deprecated, please use 'mip_opt_gap_rel'.
WARNING:  Option 'mip_integral_gap_abs' deprecated, please use 'mip_opt_gap_abs'.
WARNING:  Option 'mip_integral_gap_rel' deprecated, please use 'mip_opt_gap_rel'.
     530    8.966673e-01   0.000e+00   3.720e-03   3.704e-03        0
WARNING:  Option 'mip_integral_gap_abs' deprecated, please use 'mip_opt_gap_abs'.
WARNING:  Option 'mip_integral_gap_rel' deprecated, please use 'mip_opt_gap_rel'.
WARNING:  Option 'mip_integral_gap_abs' deprecated, please use 'mip_opt_gap_abs'.
WARNING:  Option 'mip_integral_gap_rel' deprecated, please use 'mip_opt_gap_rel'.
WARNING:  Option 'mip_integral_gap_abs' deprecated, please use 'mip_opt_gap_abs'.
WARNING:  Option 'mip_integral_gap_rel' deprecated, please use 'mip_opt_gap_rel'.
WARNING:  Option 'mip_integral_gap_abs' deprecated, please use 'mip_opt_gap_abs'.
WARNING:  Option 'mip_integral_gap_rel' deprecated, please use 'mip_opt_gap_rel'.
WARNING:  Option 'mip_integral_gap_abs' deprecated, please use 'mip_opt_gap_abs'.
WARNING:  Option 'mip_integral_gap_rel' deprecated, please use 'mip_opt_gap_rel'.
WARNING:  Option 'mip_integral_gap_abs' deprecated, please use 'mip_opt_gap_abs'.
WARNING:  Option 'mip_integral_gap_rel' deprecated, please use 'mip_opt_gap_rel'.
WARNING:  Option 'mip_integral_gap_abs' deprecated, please use 'mip_opt_gap_abs'.
WARNING:  Option 'mip_integral_gap_rel' deprecated, please use 'mip_opt_gap_rel'.
WARNING:  Option 'mip_integral_gap_abs' deprecated, please use 'mip_opt_gap_abs'.
WARNING:  Option 'mip_integral_gap_rel' deprecated, please use 'mip_opt_gap_rel'.
WARNING:  Option 'mip_integral_gap_abs' deprecated, please use 'mip_opt_gap_abs'.
WARNING:  Option 'mip_integral_gap_rel' deprecated, please use 'mip_opt_gap_rel'.
WARNING:  Option 'mip_integral_gap_abs' deprecated, please use 'mip_opt_gap_abs'.
WARNING:  Option 'mip_integral_gap_rel' deprecated, please use 'mip_opt_gap_rel'.
WARNING:  Option 'mip_integral_gap_abs' deprecated, please use 'mip_opt_gap_abs'.
WARNING:  Option 'mip_integral_gap_rel' deprecated, please use 'mip_opt_gap_rel'.
WARNING:  Option 'mip_integral_gap_abs' deprecated, please use 'mip_opt_gap_abs'.
WARNING:  Option 'mip_integral_gap_rel' deprecated, please use 'mip_opt_gap_rel'.
WARNING:  Option 'mip_integral_gap_abs' deprecated, please use 'mip_opt_gap_abs'.
WARNING:  Option 'mip_integral_gap_rel' deprecated, please use 'mip_opt_gap_rel'.
WARNING:  Option 'mip_integral_gap_abs' deprecated, please use 'mip_opt_gap_abs'.
WARNING:  Option 'mip_integral_gap_rel' deprecated, please use 'mip_opt_gap_rel'.
WARNING:  Option 'mip_integral_gap_abs' deprecated, please use 'mip_opt_gap_abs'.
WARNING:  Option 'mip_integral_gap_rel' deprecated, please use 'mip_opt_gap_rel'.
     531    8.966665e-01   0.000e+00   3.355e-03   3.978e-03        1
WARNING:  Option 'mip_integral_gap_abs' deprecated, please use 'mip_opt_gap_abs'.
WARNING:  Option 'mip_integral_gap_rel' deprecated, please use 'mip_opt_gap_rel'.
WARNING:  Option 'mip_integral_gap_abs' deprecated, please use 'mip_opt_gap_abs'.
WARNING:  Option 'mip_integral_gap_rel' deprecated, please use 'mip_opt_gap_rel'.
WARNING:  Option 'mip_integral_gap_abs' deprecated, please use 'mip_opt_gap_abs'.
WARNING:  Option 'mip_integral_gap_rel' deprecated, please use 'mip_opt_gap_rel'.
WARNING:  Option 'mip_integral_gap_abs' deprecated, please use 'mip_opt_gap_abs'.
WARNING:  Option 'mip_integral_gap_rel' deprecated, please use 'mip_opt_gap_rel'.
WARNING:  Option 'mip_integral_gap_abs' deprecated, please use 'mip_opt_gap_abs'.
WARNING:  Option 'mip_integral_gap_rel' deprecated, please use 'mip_opt_gap_rel'.
     532    8.966663e-01   0.000e+00   3.356e-03   7.595e-04        0
WARNING:  Option 'mip_integral_gap_abs' deprecated, please use 'mip_opt_gap_abs'.
WARNING:  Option 'mip_integral_gap_rel' deprecated, please use 'mip_opt_gap_rel'.
WARNING:  Option 'mip_integral_gap_abs' deprecated, please use 'mip_opt_gap_abs'.
WARNING:  Option 'mip_integral_gap_rel' deprecated, please use 'mip_opt_gap_rel'.
WARNING:  Option 'mip_integral_gap_abs' deprecated, please use 'mip_opt_gap_abs'.
WARNING:  Option 'mip_integral_gap_rel' deprecated, please use 'mip_opt_gap_rel'.
WARNING:  Option 'mip_integral_gap_abs' deprecated, please use 'mip_opt_gap_abs'.
WARNING:  Option 'mip_integral_gap_rel' deprecated, please use 'mip_opt_gap_rel'.
WARNING:  Option 'mip_integral_gap_abs' deprecated, please use 'mip_opt_gap_abs'.
WARNING:  Option 'mip_integral_gap_rel' deprecated, please use 'mip_opt_gap_rel'.
WARNING:  Option 'mip_integral_gap_abs' deprecated, please use 'mip_opt_gap_abs'.
WARNING:  Option 'mip_integral_gap_rel' deprecated, please use 'mip_opt_gap_rel'.
WARNING:  Option 'mip_integral_gap_abs' deprecated, please use 'mip_opt_gap_abs'.
WARNING:  Option 'mip_integral_gap_rel' deprecated, please use 'mip_opt_gap_rel'.
     533    8.966661e-01   0.000e+00   3.356e-03   6.308e-04        1
WARNING:  Option 'mip_integral_gap_abs' deprecated, please use 'mip_opt_gap_abs'.
WARNING:  Option 'mip_integral_gap_rel' deprecated, please use 'mip_opt_gap_rel'.
WARNING:  Option 'mip_integral_gap_abs' deprecated, please use 'mip_opt_gap_abs'.
WARNING:  Option 'mip_integral_gap_rel' deprecated, please use 'mip_opt_gap_rel'.
WARNING:  Option 'mip_integral_gap_abs' deprecated, please use 'mip_opt_gap_abs'.
WARNING:  Option 'mip_integral_gap_rel' deprecated, please use 'mip_opt_gap_rel'.
     534    8.966625e-01   0.000e+00   1.390e+00   4.969e-02        0
WARNING:  Option 'mip_integral_gap_abs' deprecated, please use 'mip_opt_gap_abs'.
WARNING:  Option 'mip_integral_gap_rel' deprecated, please use 'mip_opt_gap_rel'.
WARNING:  Option 'mip_integral_gap_abs' deprecated, please use 'mip_opt_gap_abs'.
WARNING:  Option 'mip_integral_gap_rel' deprecated, please use 'mip_opt_gap_rel'.
WARNING:  Option 'mip_integral_gap_abs' deprecated, please use 'mip_opt_gap_abs'.
WARNING:  Option 'mip_integral_gap_rel' deprecated, please use 'mip_opt_gap_rel'.
     535    8.966577e-01   0.000e+00   7.268e-03   8.281e-04        0
WARNING:  Option 'mip_integral_gap_abs' deprecated, please use 'mip_opt_gap_abs'.
WARNING:  Option 'mip_integral_gap_rel' deprecated, please use 'mip_opt_gap_rel'.
WARNING:  Option 'mip_integral_gap_abs' deprecated, please use 'mip_opt_gap_abs'.
WARNING:  Option 'mip_integral_gap_rel' deprecated, please use 'mip_opt_gap_rel'.
WARNING:  Option 'mip_integral_gap_abs' deprecated, please use 'mip_opt_gap_abs'.
WARNING:  Option 'mip_integral_gap_rel' deprecated, please use 'mip_opt_gap_rel'.
WARNING:  Option 'mip_integral_gap_abs' deprecated, please use 'mip_opt_gap_abs'.
WARNING:  Option 'mip_integral_gap_rel' deprecated, please use 'mip_opt_gap_rel'.
WARNING:  Option 'mip_integral_gap_abs' deprecated, please use 'mip_opt_gap_abs'.
WARNING:  Option 'mip_integral_gap_rel' deprecated, please use 'mip_opt_gap_rel'.
WARNING:  Option 'mip_integral_gap_abs' deprecated, please use 'mip_opt_gap_abs'.
WARNING:  Option 'mip_integral_gap_rel' deprecated, please use 'mip_opt_gap_rel'.
WARNING:  Option 'mip_integral_gap_abs' deprecated, please use 'mip_opt_gap_abs'.
WARNING:  Option 'mip_integral_gap_rel' deprecated, please use 'mip_opt_gap_rel'.
WARNING:  Option 'mip_integral_gap_abs' deprecated, please use 'mip_opt_gap_abs'.
WARNING:  Option 'mip_integral_gap_rel' deprecated, please use 'mip_opt_gap_rel'.
WARNING:  Option 'mip_integral_gap_abs' deprecated, please use 'mip_opt_gap_abs'.
WARNING:  Option 'mip_integral_gap_rel' deprecated, please use 'mip_opt_gap_rel'.
WARNING:  Option 'mip_integral_gap_abs' deprecated, please use 'mip_opt_gap_abs'.
WARNING:  Option 'mip_integral_gap_rel' deprecated, please use 'mip_opt_gap_rel'.
WARNING:  Option 'mip_integral_gap_abs' deprecated, please use 'mip_opt_gap_abs'.
WARNING:  Option 'mip_integral_gap_rel' deprecated, please use 'mip_opt_gap_rel'.
WARNING:  Option 'mip_integral_gap_abs' deprecated, please use 'mip_opt_gap_abs'.
WARNING:  Option 'mip_integral_gap_rel' deprecated, please use 'mip_opt_gap_rel'.
WARNING:  Option 'mip_integral_gap_abs' deprecated, please use 'mip_opt_gap_abs'.
WARNING:  Option 'mip_integral_gap_rel' deprecated, please use 'mip_opt_gap_rel'.
WARNING:  Option 'mip_integral_gap_abs' deprecated, please use 'mip_opt_gap_abs'.
WARNING:  Option 'mip_integral_gap_rel' deprecated, please use 'mip_opt_gap_rel'.
WARNING:  Option 'mip_integral_gap_abs' deprecated, please use 'mip_opt_gap_abs'.
WARNING:  Option 'mip_integral_gap_rel' deprecated, please use 'mip_opt_gap_rel'.
WARNING:  Option 'mip_integral_gap_abs' deprecated, please use 'mip_opt_gap_abs'.
WARNING:  Option 'mip_integral_gap_rel' deprecated, please use 'mip_opt_gap_rel'.
WARNING:  Option 'mip_integral_gap_abs' deprecated, please use 'mip_opt_gap_abs'.
WARNING:  Option 'mip_integral_gap_rel' deprecated, please use 'mip_opt_gap_rel'.
WARNING:  Option 'mip_integral_gap_abs' deprecated, please use 'mip_opt_gap_abs'.
WARNING:  Option 'mip_integral_gap_rel' deprecated, please use 'mip_opt_gap_rel'.
WARNING:  Option 'mip_integral_gap_abs' deprecated, please use 'mip_opt_gap_abs'.
WARNING:  Option 'mip_integral_gap_rel' deprecated, please use 'mip_opt_gap_rel'.
WARNING:  Option 'mip_integral_gap_abs' deprecated, please use 'mip_opt_gap_abs'.
WARNING:  Option 'mip_integral_gap_rel' deprecated, please use 'mip_opt_gap_rel'.
     536    8.966574e-01   0.000e+00   4.343e-03   5.691e-05       39
WARNING:  Option 'mip_integral_gap_abs' deprecated, please use 'mip_opt_gap_abs'.
WARNING:  Option 'mip_integral_gap_rel' deprecated, please use 'mip_opt_gap_rel'.
WARNING:  Option 'mip_integral_gap_abs' deprecated, please use 'mip_opt_gap_abs'.
WARNING:  Option 'mip_integral_gap_rel' deprecated, please use 'mip_opt_gap_rel'.
WARNING:  Option 'mip_integral_gap_abs' deprecated, please use 'mip_opt_gap_abs'.
WARNING:  Option 'mip_integral_gap_rel' deprecated, please use 'mip_opt_gap_rel'.
WARNING:  Option 'mip_integral_gap_abs' deprecated, please use 'mip_opt_gap_abs'.
WARNING:  Option 'mip_integral_gap_rel' deprecated, please use 'mip_opt_gap_rel'.
WARNING:  Option 'mip_integral_gap_abs' deprecated, please use 'mip_opt_gap_abs'.
WARNING:  Option 'mip_integral_gap_rel' deprecated, please use 'mip_opt_gap_rel'.
WARNING:  Option 'mip_integral_gap_abs' deprecated, please use 'mip_opt_gap_abs'.
WARNING:  Option 'mip_integral_gap_rel' deprecated, please use 'mip_opt_gap_rel'.
WARNING:  Option 'mip_integral_gap_abs' deprecated, please use 'mip_opt_gap_abs'.
WARNING:  Option 'mip_integral_gap_rel' deprecated, please use 'mip_opt_gap_rel'.
WARNING:  Option 'mip_integral_gap_abs' deprecated, please use 'mip_opt_gap_abs'.
WARNING:  Option 'mip_integral_gap_rel' deprecated, please use 'mip_opt_gap_rel'.
WARNING:  Option 'mip_integral_gap_abs' deprecated, please use 'mip_opt_gap_abs'.
WARNING:  Option 'mip_integral_gap_rel' deprecated, please use 'mip_opt_gap_rel'.
     537    8.966572e-01   0.000e+00   4.074e-03   2.481e-05       10
WARNING:  Option 'mip_integral_gap_abs' deprecated, please use 'mip_opt_gap_abs'.
WARNING:  Option 'mip_integral_gap_rel' deprecated, please use 'mip_opt_gap_rel'.
WARNING:  Option 'mip_integral_gap_abs' deprecated, please use 'mip_opt_gap_abs'.
WARNING:  Option 'mip_integral_gap_rel' deprecated, please use 'mip_opt_gap_rel'.
WARNING:  Option 'mip_integral_gap_abs' deprecated, please use 'mip_opt_gap_abs'.
WARNING:  Option 'mip_integral_gap_rel' deprecated, please use 'mip_opt_gap_rel'.
     538    8.966570e-01   0.000e+00   5.518e-02   6.519e-03        0
WARNING:  Option 'mip_integral_gap_abs' deprecated, please use 'mip_opt_gap_abs'.
WARNING:  Option 'mip_integral_gap_rel' deprecated, please use 'mip_opt_gap_rel'.
WARNING:  Option 'mip_integral_gap_abs' deprecated, please use 'mip_opt_gap_abs'.
WARNING:  Option 'mip_integral_gap_rel' deprecated, please use 'mip_opt_gap_rel'.
WARNING:  Option 'mip_integral_gap_abs' deprecated, please use 'mip_opt_gap_abs'.
WARNING:  Option 'mip_integral_gap_rel' deprecated, please use 'mip_opt_gap_rel'.
     539    8.966569e-01   0.000e+00   1.699e-02   5.472e-05        0
WARNING:  Option 'mip_integral_gap_abs' deprecated, please use 'mip_opt_gap_abs'.
WARNING:  Option 'mip_integral_gap_rel' deprecated, please use 'mip_opt_gap_rel'.
WARNING:  Option 'mip_integral_gap_abs' deprecated, please use 'mip_opt_gap_abs'.
WARNING:  Option 'mip_integral_gap_rel' deprecated, please use 'mip_opt_gap_rel'.
WARNING:  Option 'mip_integral_gap_abs' deprecated, please use 'mip_opt_gap_abs'.
WARNING:  Option 'mip_integral_gap_rel' deprecated, please use 'mip_opt_gap_rel'.
WARNING:  Option 'mip_integral_gap_abs' deprecated, please use 'mip_opt_gap_abs'.
WARNING:  Option 'mip_integral_gap_rel' deprecated, please use 'mip_opt_gap_rel'.
WARNING:  Option 'mip_integral_gap_abs' deprecated, please use 'mip_opt_gap_abs'.
WARNING:  Option 'mip_integral_gap_rel' deprecated, please use 'mip_opt_gap_rel'.
WARNING:  Option 'mip_integral_gap_abs' deprecated, please use 'mip_opt_gap_abs'.
WARNING:  Option 'mip_integral_gap_rel' deprecated, please use 'mip_opt_gap_rel'.
WARNING:  Option 'mip_integral_gap_abs' deprecated, please use 'mip_opt_gap_abs'.
WARNING:  Option 'mip_integral_gap_rel' deprecated, please use 'mip_opt_gap_rel'.
WARNING:  Option 'mip_integral_gap_abs' deprecated, please use 'mip_opt_gap_abs'.
WARNING:  Option 'mip_integral_gap_rel' deprecated, please use 'mip_opt_gap_rel'.
WARNING:  Option 'mip_integral_gap_abs' deprecated, please use 'mip_opt_gap_abs'.
WARNING:  Option 'mip_integral_gap_rel' deprecated, please use 'mip_opt_gap_rel'.
WARNING:  Option 'mip_integral_gap_abs' deprecated, please use 'mip_opt_gap_abs'.
WARNING:  Option 'mip_integral_gap_rel' deprecated, please use 'mip_opt_gap_rel'.
WARNING:  Option 'mip_integral_gap_abs' deprecated, please use 'mip_opt_gap_abs'.
WARNING:  Option 'mip_integral_gap_rel' deprecated, please use 'mip_opt_gap_rel'.
WARNING:  Option 'mip_integral_gap_abs' deprecated, please use 'mip_opt_gap_abs'.
WARNING:  Option 'mip_integral_gap_rel' deprecated, please use 'mip_opt_gap_rel'.
WARNING:  Option 'mip_integral_gap_abs' deprecated, please use 'mip_opt_gap_abs'.
WARNING:  Option 'mip_integral_gap_rel' deprecated, please use 'mip_opt_gap_rel'.
WARNING:  Option 'mip_integral_gap_abs' deprecated, please use 'mip_opt_gap_abs'.
WARNING:  Option 'mip_integral_gap_rel' deprecated, please use 'mip_opt_gap_rel'.
WARNING:  Option 'mip_integral_gap_abs' deprecated, please use 'mip_opt_gap_abs'.
WARNING:  Option 'mip_integral_gap_rel' deprecated, please use 'mip_opt_gap_rel'.
WARNING:  Option 'mip_integral_gap_abs' deprecated, please use 'mip_opt_gap_abs'.
WARNING:  Option 'mip_integral_gap_rel' deprecated, please use 'mip_opt_gap_rel'.
     540    8.966555e-01   0.000e+00   4.116e-02   4.183e-04       40
WARNING:  Option 'mip_integral_gap_abs' deprecated, please use 'mip_opt_gap_abs'.
WARNING:  Option 'mip_integral_gap_rel' deprecated, please use 'mip_opt_gap_rel'.
WARNING:  Option 'mip_integral_gap_abs' deprecated, please use 'mip_opt_gap_abs'.
WARNING:  Option 'mip_integral_gap_rel' deprecated, please use 'mip_opt_gap_rel'.
WARNING:  Option 'mip_integral_gap_abs' deprecated, please use 'mip_opt_gap_abs'.
WARNING:  Option 'mip_integral_gap_rel' deprecated, please use 'mip_opt_gap_rel'.
WARNING:  Option 'mip_integral_gap_abs' deprecated, please use 'mip_opt_gap_abs'.
WARNING:  Option 'mip_integral_gap_rel' deprecated, please use 'mip_opt_gap_rel'.
WARNING:  Option 'mip_integral_gap_abs' deprecated, please use 'mip_opt_gap_abs'.
WARNING:  Option 'mip_integral_gap_rel' deprecated, please use 'mip_opt_gap_rel'.
WARNING:  Option 'mip_integral_gap_abs' deprecated, please use 'mip_opt_gap_abs'.
WARNING:  Option 'mip_integral_gap_rel' deprecated, please use 'mip_opt_gap_rel'.
     541    8.966542e-01   0.000e+00   4.116e-02   1.863e-05        1
WARNING:  Option 'mip_integral_gap_abs' deprecated, please use 'mip_opt_gap_abs'.
WARNING:  Option 'mip_integral_gap_rel' deprecated, please use 'mip_opt_gap_rel'.
WARNING:  Option 'mip_integral_gap_abs' deprecated, please use 'mip_opt_gap_abs'.
WARNING:  Option 'mip_integral_gap_rel' deprecated, please use 'mip_opt_gap_rel'.
     542    8.964974e-01   0.000e+00   1.051e-02   2.021e-02        2
WARNING:  Option 'mip_integral_gap_abs' deprecated, please use 'mip_opt_gap_abs'.
WARNING:  Option 'mip_integral_gap_rel' deprecated, please use 'mip_opt_gap_rel'.
WARNING:  Option 'mip_integral_gap_abs' deprecated, please use 'mip_opt_gap_abs'.
WARNING:  Option 'mip_integral_gap_rel' deprecated, please use 'mip_opt_gap_rel'.
WARNING:  Option 'mip_integral_gap_abs' deprecated, please use 'mip_opt_gap_abs'.
WARNING:  Option 'mip_integral_gap_rel' deprecated, please use 'mip_opt_gap_rel'.
WARNING:  Option 'mip_integral_gap_abs' deprecated, please use 'mip_opt_gap_abs'.
WARNING:  Option 'mip_integral_gap_rel' deprecated, please use 'mip_opt_gap_rel'.
WARNING:  Option 'mip_integral_gap_abs' deprecated, please use 'mip_opt_gap_abs'.
WARNING:  Option 'mip_integral_gap_rel' deprecated, please use 'mip_opt_gap_rel'.
WARNING:  Option 'mip_integral_gap_abs' deprecated, please use 'mip_opt_gap_abs'.
WARNING:  Option 'mip_integral_gap_rel' deprecated, please use 'mip_opt_gap_rel'.
     543    8.964964e-01   0.000e+00   1.049e-02   2.151e-04        0
WARNING:  Option 'mip_integral_gap_abs' deprecated, please use 'mip_opt_gap_abs'.
WARNING:  Option 'mip_integral_gap_rel' deprecated, please use 'mip_opt_gap_rel'.
WARNING:  Option 'mip_integral_gap_abs' deprecated, please use 'mip_opt_gap_abs'.
WARNING:  Option 'mip_integral_gap_rel' deprecated, please use 'mip_opt_gap_rel'.
WARNING:  Option 'mip_integral_gap_abs' deprecated, please use 'mip_opt_gap_abs'.
WARNING:  Option 'mip_integral_gap_rel' deprecated, please use 'mip_opt_gap_rel'.
WARNING:  Option 'mip_integral_gap_abs' deprecated, please use 'mip_opt_gap_abs'.
WARNING:  Option 'mip_integral_gap_rel' deprecated, please use 'mip_opt_gap_rel'.
WARNING:  Option 'mip_integral_gap_abs' deprecated, please use 'mip_opt_gap_abs'.
WARNING:  Option 'mip_integral_gap_rel' deprecated, please use 'mip_opt_gap_rel'.
WARNING:  Option 'mip_integral_gap_abs' deprecated, please use 'mip_opt_gap_abs'.
WARNING:  Option 'mip_integral_gap_rel' deprecated, please use 'mip_opt_gap_rel'.
WARNING:  Option 'mip_integral_gap_abs' deprecated, please use 'mip_opt_gap_abs'.
WARNING:  Option 'mip_integral_gap_rel' deprecated, please use 'mip_opt_gap_rel'.
     544    8.964849e-01   0.000e+00   1.061e-02   3.001e-03        1
WARNING:  Option 'mip_integral_gap_abs' deprecated, please use 'mip_opt_gap_abs'.
WARNING:  Option 'mip_integral_gap_rel' deprecated, please use 'mip_opt_gap_rel'.
WARNING:  Option 'mip_integral_gap_abs' deprecated, please use 'mip_opt_gap_abs'.
WARNING:  Option 'mip_integral_gap_rel' deprecated, please use 'mip_opt_gap_rel'.
WARNING:  Option 'mip_integral_gap_abs' deprecated, please use 'mip_opt_gap_abs'.
WARNING:  Option 'mip_integral_gap_rel' deprecated, please use 'mip_opt_gap_rel'.
WARNING:  Option 'mip_integral_gap_abs' deprecated, please use 'mip_opt_gap_abs'.
WARNING:  Option 'mip_integral_gap_rel' deprecated, please use 'mip_opt_gap_rel'.
WARNING:  Option 'mip_integral_gap_abs' deprecated, please use 'mip_opt_gap_abs'.
WARNING:  Option 'mip_integral_gap_rel' deprecated, please use 'mip_opt_gap_rel'.
WARNING:  Option 'mip_integral_gap_abs' deprecated, please use 'mip_opt_gap_abs'.
WARNING:  Option 'mip_integral_gap_rel' deprecated, please use 'mip_opt_gap_rel'.
WARNING:  Option 'mip_integral_gap_abs' deprecated, please use 'mip_opt_gap_abs'.
WARNING:  Option 'mip_integral_gap_rel' deprecated, please use 'mip_opt_gap_rel'.
WARNING:  Option 'mip_integral_gap_abs' deprecated, please use 'mip_opt_gap_abs'.
WARNING:  Option 'mip_integral_gap_rel' deprecated, please use 'mip_opt_gap_rel'.
WARNING:  Option 'mip_integral_gap_abs' deprecated, please use 'mip_opt_gap_abs'.
WARNING:  Option 'mip_integral_gap_rel' deprecated, please use 'mip_opt_gap_rel'.
WARNING:  Option 'mip_integral_gap_abs' deprecated, please use 'mip_opt_gap_abs'.
WARNING:  Option 'mip_integral_gap_rel' deprecated, please use 'mip_opt_gap_rel'.
WARNING:  Option 'mip_integral_gap_abs' deprecated, please use 'mip_opt_gap_abs'.
WARNING:  Option 'mip_integral_gap_rel' deprecated, please use 'mip_opt_gap_rel'.
     545    8.964692e-01   0.000e+00   9.890e-03   4.553e-03       25
WARNING:  Option 'mip_integral_gap_abs' deprecated, please use 'mip_opt_gap_abs'.
WARNING:  Option 'mip_integral_gap_rel' deprecated, please use 'mip_opt_gap_rel'.
WARNING:  Option 'mip_integral_gap_abs' deprecated, please use 'mip_opt_gap_abs'.
WARNING:  Option 'mip_integral_gap_rel' deprecated, please use 'mip_opt_gap_rel'.
WARNING:  Option 'mip_integral_gap_abs' deprecated, please use 'mip_opt_gap_abs'.
WARNING:  Option 'mip_integral_gap_rel' deprecated, please use 'mip_opt_gap_rel'.
WARNING:  Option 'mip_integral_gap_abs' deprecated, please use 'mip_opt_gap_abs'.
WARNING:  Option 'mip_integral_gap_rel' deprecated, please use 'mip_opt_gap_rel'.
WARNING:  Option 'mip_integral_gap_abs' deprecated, please use 'mip_opt_gap_abs'.
WARNING:  Option 'mip_integral_gap_rel' deprecated, please use 'mip_opt_gap_rel'.
WARNING:  Option 'mip_integral_gap_abs' deprecated, please use 'mip_opt_gap_abs'.
WARNING:  Option 'mip_integral_gap_rel' deprecated, please use 'mip_opt_gap_rel'.
WARNING:  Option 'mip_integral_gap_abs' deprecated, please use 'mip_opt_gap_abs'.
WARNING:  Option 'mip_integral_gap_rel' deprecated, please use 'mip_opt_gap_rel'.
WARNING:  Option 'mip_integral_gap_abs' deprecated, please use 'mip_opt_gap_abs'.
WARNING:  Option 'mip_integral_gap_rel' deprecated, please use 'mip_opt_gap_rel'.
WARNING:  Option 'mip_integral_gap_abs' deprecated, please use 'mip_opt_gap_abs'.
WARNING:  Option 'mip_integral_gap_rel' deprecated, please use 'mip_opt_gap_rel'.
WARNING:  Option 'mip_integral_gap_abs' deprecated, please use 'mip_opt_gap_abs'.
WARNING:  Option 'mip_integral_gap_rel' deprecated, please use 'mip_opt_gap_rel'.
     546    8.964614e-01   0.000e+00   9.846e-03   5.382e-04        5
WARNING:  Option 'mip_integral_gap_abs' deprecated, please use 'mip_opt_gap_abs'.
WARNING:  Option 'mip_integral_gap_rel' deprecated, please use 'mip_opt_gap_rel'.
WARNING:  Option 'mip_integral_gap_abs' deprecated, please use 'mip_opt_gap_abs'.
WARNING:  Option 'mip_integral_gap_rel' deprecated, please use 'mip_opt_gap_rel'.
WARNING:  Option 'mip_integral_gap_abs' deprecated, please use 'mip_opt_gap_abs'.
WARNING:  Option 'mip_integral_gap_rel' deprecated, please use 'mip_opt_gap_rel'.
WARNING:  Option 'mip_integral_gap_abs' deprecated, please use 'mip_opt_gap_abs'.
WARNING:  Option 'mip_integral_gap_rel' deprecated, please use 'mip_opt_gap_rel'.
     547    8.964614e-01   0.000e+00   9.846e-03   1.461e-06        0
WARNING:  Option 'mip_integral_gap_abs' deprecated, please use 'mip_opt_gap_abs'.
WARNING:  Option 'mip_integral_gap_rel' deprecated, please use 'mip_opt_gap_rel'.
WARNING:  Option 'mip_integral_gap_abs' deprecated, please use 'mip_opt_gap_abs'.
WARNING:  Option 'mip_integral_gap_rel' deprecated, please use 'mip_opt_gap_rel'.
WARNING:  Option 'mip_integral_gap_abs' deprecated, please use 'mip_opt_gap_abs'.
WARNING:  Option 'mip_integral_gap_rel' deprecated, please use 'mip_opt_gap_rel'.
WARNING:  Option 'mip_integral_gap_abs' deprecated, please use 'mip_opt_gap_abs'.
WARNING:  Option 'mip_integral_gap_rel' deprecated, please use 'mip_opt_gap_rel'.
WARNING:  Option 'mip_integral_gap_abs' deprecated, please use 'mip_opt_gap_abs'.
WARNING:  Option 'mip_integral_gap_rel' deprecated, please use 'mip_opt_gap_rel'.
WARNING:  Option 'mip_integral_gap_abs' deprecated, please use 'mip_opt_gap_abs'.
WARNING:  Option 'mip_integral_gap_rel' deprecated, please use 'mip_opt_gap_rel'.
WARNING:  Option 'mip_integral_gap_abs' deprecated, please use 'mip_opt_gap_abs'.
WARNING:  Option 'mip_integral_gap_rel' deprecated, please use 'mip_opt_gap_rel'.
WARNING:  Option 'mip_integral_gap_abs' deprecated, please use 'mip_opt_gap_abs'.
WARNING:  Option 'mip_integral_gap_rel' deprecated, please use 'mip_opt_gap_rel'.
WARNING:  Option 'mip_integral_gap_abs' deprecated, please use 'mip_opt_gap_abs'.
WARNING:  Option 'mip_integral_gap_rel' deprecated, please use 'mip_opt_gap_rel'.
WARNING:  Option 'mip_integral_gap_abs' deprecated, please use 'mip_opt_gap_abs'.
WARNING:  Option 'mip_integral_gap_rel' deprecated, please use 'mip_opt_gap_rel'.
WARNING:  Option 'mip_integral_gap_abs' deprecated, please use 'mip_opt_gap_abs'.
WARNING:  Option 'mip_integral_gap_rel' deprecated, please use 'mip_opt_gap_rel'.
WARNING:  Option 'mip_integral_gap_abs' deprecated, please use 'mip_opt_gap_abs'.
WARNING:  Option 'mip_integral_gap_rel' deprecated, please use 'mip_opt_gap_rel'.
WARNING:  Option 'mip_integral_gap_abs' deprecated, please use 'mip_opt_gap_abs'.
WARNING:  Option 'mip_integral_gap_rel' deprecated, please use 'mip_opt_gap_rel'.
WARNING:  Option 'mip_integral_gap_abs' deprecated, please use 'mip_opt_gap_abs'.
WARNING:  Option 'mip_integral_gap_rel' deprecated, please use 'mip_opt_gap_rel'.
     548    8.964594e-01   0.000e+00   9.814e-03   1.346e-04        1
WARNING:  Option 'mip_integral_gap_abs' deprecated, please use 'mip_opt_gap_abs'.
WARNING:  Option 'mip_integral_gap_rel' deprecated, please use 'mip_opt_gap_rel'.
WARNING:  Option 'mip_integral_gap_abs' deprecated, please use 'mip_opt_gap_abs'.
WARNING:  Option 'mip_integral_gap_rel' deprecated, please use 'mip_opt_gap_rel'.
WARNING:  Option 'mip_integral_gap_abs' deprecated, please use 'mip_opt_gap_abs'.
WARNING:  Option 'mip_integral_gap_rel' deprecated, please use 'mip_opt_gap_rel'.
WARNING:  Option 'mip_integral_gap_abs' deprecated, please use 'mip_opt_gap_abs'.
WARNING:  Option 'mip_integral_gap_rel' deprecated, please use 'mip_opt_gap_rel'.
WARNING:  Option 'mip_integral_gap_abs' deprecated, please use 'mip_opt_gap_abs'.
WARNING:  Option 'mip_integral_gap_rel' deprecated, please use 'mip_opt_gap_rel'.
WARNING:  Option 'mip_integral_gap_abs' deprecated, please use 'mip_opt_gap_abs'.
WARNING:  Option 'mip_integral_gap_rel' deprecated, please use 'mip_opt_gap_rel'.
WARNING:  Option 'mip_integral_gap_abs' deprecated, please use 'mip_opt_gap_abs'.
WARNING:  Option 'mip_integral_gap_rel' deprecated, please use 'mip_opt_gap_rel'.
WARNING:  Option 'mip_integral_gap_abs' deprecated, please use 'mip_opt_gap_abs'.
WARNING:  Option 'mip_integral_gap_rel' deprecated, please use 'mip_opt_gap_rel'.
     549    8.964586e-01   0.000e+00   2.905e-02   5.890e-05        5
WARNING:  Option 'mip_integral_gap_abs' deprecated, please use 'mip_opt_gap_abs'.
WARNING:  Option 'mip_integral_gap_rel' deprecated, please use 'mip_opt_gap_rel'.
WARNING:  Option 'mip_integral_gap_abs' deprecated, please use 'mip_opt_gap_abs'.
WARNING:  Option 'mip_integral_gap_rel' deprecated, please use 'mip_opt_gap_rel'.
WARNING:  Option 'mip_integral_gap_abs' deprecated, please use 'mip_opt_gap_abs'.
WARNING:  Option 'mip_integral_gap_rel' deprecated, please use 'mip_opt_gap_rel'.
     550    8.964580e-01   0.000e+00   1.005e-02   5.764e-04        7
WARNING:  Option 'mip_integral_gap_abs' deprecated, please use 'mip_opt_gap_abs'.
WARNING:  Option 'mip_integral_gap_rel' deprecated, please use 'mip_opt_gap_rel'.
WARNING:  Option 'mip_integral_gap_abs' deprecated, please use 'mip_opt_gap_abs'.
WARNING:  Option 'mip_integral_gap_rel' deprecated, please use 'mip_opt_gap_rel'.
WARNING:  Option 'mip_integral_gap_abs' deprecated, please use 'mip_opt_gap_abs'.
WARNING:  Option 'mip_integral_gap_rel' deprecated, please use 'mip_opt_gap_rel'.
WARNING:  Option 'mip_integral_gap_abs' deprecated, please use 'mip_opt_gap_abs'.
WARNING:  Option 'mip_integral_gap_rel' deprecated, please use 'mip_opt_gap_rel'.
     551    8.964580e-01   0.000e+00   1.005e-02   7.049e-09        0
WARNING:  Option 'mip_integral_gap_abs' deprecated, please use 'mip_opt_gap_abs'.
WARNING:  Option 'mip_integral_gap_rel' deprecated, please use 'mip_opt_gap_rel'.
WARNING:  Option 'mip_integral_gap_abs' deprecated, please use 'mip_opt_gap_abs'.
WARNING:  Option 'mip_integral_gap_rel' deprecated, please use 'mip_opt_gap_rel'.
WARNING:  Option 'mip_integral_gap_abs' deprecated, please use 'mip_opt_gap_abs'.
WARNING:  Option 'mip_integral_gap_rel' deprecated, please use 'mip_opt_gap_rel'.
WARNING:  Option 'mip_integral_gap_abs' deprecated, please use 'mip_opt_gap_abs'.
WARNING:  Option 'mip_integral_gap_rel' deprecated, please use 'mip_opt_gap_rel'.
WARNING:  Option 'mip_integral_gap_abs' deprecated, please use 'mip_opt_gap_abs'.
WARNING:  Option 'mip_integral_gap_rel' deprecated, please use 'mip_opt_gap_rel'.
WARNING:  Option 'mip_integral_gap_abs' deprecated, please use 'mip_opt_gap_abs'.
WARNING:  Option 'mip_integral_gap_rel' deprecated, please use 'mip_opt_gap_rel'.
WARNING:  Option 'mip_integral_gap_abs' deprecated, please use 'mip_opt_gap_abs'.
WARNING:  Option 'mip_integral_gap_rel' deprecated, please use 'mip_opt_gap_rel'.
WARNING:  Option 'mip_integral_gap_abs' deprecated, please use 'mip_opt_gap_abs'.
WARNING:  Option 'mip_integral_gap_rel' deprecated, please use 'mip_opt_gap_rel'.
WARNING:  Option 'mip_integral_gap_abs' deprecated, please use 'mip_opt_gap_abs'.
WARNING:  Option 'mip_integral_gap_rel' deprecated, please use 'mip_opt_gap_rel'.
WARNING:  Option 'mip_integral_gap_abs' deprecated, please use 'mip_opt_gap_abs'.
WARNING:  Option 'mip_integral_gap_rel' deprecated, please use 'mip_opt_gap_rel'.
WARNING:  Option 'mip_integral_gap_abs' deprecated, please use 'mip_opt_gap_abs'.
WARNING:  Option 'mip_integral_gap_rel' deprecated, please use 'mip_opt_gap_rel'.
WARNING:  Option 'mip_integral_gap_abs' deprecated, please use 'mip_opt_gap_abs'.
WARNING:  Option 'mip_integral_gap_rel' deprecated, please use 'mip_opt_gap_rel'.
WARNING:  Option 'mip_integral_gap_abs' deprecated, please use 'mip_opt_gap_abs'.
WARNING:  Option 'mip_integral_gap_rel' deprecated, please use 'mip_opt_gap_rel'.
WARNING:  Option 'mip_integral_gap_abs' deprecated, please use 'mip_opt_gap_abs'.
WARNING:  Option 'mip_integral_gap_rel' deprecated, please use 'mip_opt_gap_rel'.
WARNING:  Option 'mip_integral_gap_abs' deprecated, please use 'mip_opt_gap_abs'.
WARNING:  Option 'mip_integral_gap_rel' deprecated, please use 'mip_opt_gap_rel'.
     552    8.964576e-01   0.000e+00   1.597e-01   2.576e-05        1
WARNING:  Option 'mip_integral_gap_abs' deprecated, please use 'mip_opt_gap_abs'.
WARNING:  Option 'mip_integral_gap_rel' deprecated, please use 'mip_opt_gap_rel'.
WARNING:  Option 'mip_integral_gap_abs' deprecated, please use 'mip_opt_gap_abs'.
WARNING:  Option 'mip_integral_gap_rel' deprecated, please use 'mip_opt_gap_rel'.
WARNING:  Option 'mip_integral_gap_abs' deprecated, please use 'mip_opt_gap_abs'.
WARNING:  Option 'mip_integral_gap_rel' deprecated, please use 'mip_opt_gap_rel'.
WARNING:  Option 'mip_integral_gap_abs' deprecated, please use 'mip_opt_gap_abs'.
WARNING:  Option 'mip_integral_gap_rel' deprecated, please use 'mip_opt_gap_rel'.
     553    8.964576e-01   0.000e+00   1.593e-01   5.275e-09        0
WARNING:  Option 'mip_integral_gap_abs' deprecated, please use 'mip_opt_gap_abs'.
WARNING:  Option 'mip_integral_gap_rel' deprecated, please use 'mip_opt_gap_rel'.
WARNING:  Option 'mip_integral_gap_abs' deprecated, please use 'mip_opt_gap_abs'.
WARNING:  Option 'mip_integral_gap_rel' deprecated, please use 'mip_opt_gap_rel'.
WARNING:  Option 'mip_integral_gap_abs' deprecated, please use 'mip_opt_gap_abs'.
WARNING:  Option 'mip_integral_gap_rel' deprecated, please use 'mip_opt_gap_rel'.
     554    8.964569e-01   0.000e+00   4.801e-02   4.655e-05        0
WARNING:  Option 'mip_integral_gap_abs' deprecated, please use 'mip_opt_gap_abs'.
WARNING:  Option 'mip_integral_gap_rel' deprecated, please use 'mip_opt_gap_rel'.
WARNING:  Option 'mip_integral_gap_abs' deprecated, please use 'mip_opt_gap_abs'.
WARNING:  Option 'mip_integral_gap_rel' deprecated, please use 'mip_opt_gap_rel'.
WARNING:  Option 'mip_integral_gap_abs' deprecated, please use 'mip_opt_gap_abs'.
WARNING:  Option 'mip_integral_gap_rel' deprecated, please use 'mip_opt_gap_rel'.
     555    8.964567e-01   0.000e+00   1.965e-02   1.444e-05        0
WARNING:  Option 'mip_integral_gap_abs' deprecated, please use 'mip_opt_gap_abs'.
WARNING:  Option 'mip_integral_gap_rel' deprecated, please use 'mip_opt_gap_rel'.
WARNING:  Option 'mip_integral_gap_abs' deprecated, please use 'mip_opt_gap_abs'.
WARNING:  Option 'mip_integral_gap_rel' deprecated, please use 'mip_opt_gap_rel'.
WARNING:  Option 'mip_integral_gap_abs' deprecated, please use 'mip_opt_gap_abs'.
WARNING:  Option 'mip_integral_gap_rel' deprecated, please use 'mip_opt_gap_rel'.
     556    8.964564e-01   0.000e+00   1.786e-02   3.621e-05        0
WARNING:  Option 'mip_integral_gap_abs' deprecated, please use 'mip_opt_gap_abs'.
WARNING:  Option 'mip_integral_gap_rel' deprecated, please use 'mip_opt_gap_rel'.
WARNING:  Option 'mip_integral_gap_abs' deprecated, please use 'mip_opt_gap_abs'.
WARNING:  Option 'mip_integral_gap_rel' deprecated, please use 'mip_opt_gap_rel'.
     557    8.964560e-01   0.000e+00   7.907e-03   4.514e-05        0
WARNING:  Option 'mip_integral_gap_abs' deprecated, please use 'mip_opt_gap_abs'.
WARNING:  Option 'mip_integral_gap_rel' deprecated, please use 'mip_opt_gap_rel'.
WARNING:  Option 'mip_integral_gap_abs' deprecated, please use 'mip_opt_gap_abs'.
WARNING:  Option 'mip_integral_gap_rel' deprecated, please use 'mip_opt_gap_rel'.
     558    8.964559e-01   0.000e+00   4.013e-03   1.435e-05        0
WARNING:  Option 'mip_integral_gap_abs' deprecated, please use 'mip_opt_gap_abs'.
WARNING:  Option 'mip_integral_gap_rel' deprecated, please use 'mip_opt_gap_rel'.
WARNING:  Option 'mip_integral_gap_abs' deprecated, please use 'mip_opt_gap_abs'.
WARNING:  Option 'mip_integral_gap_rel' deprecated, please use 'mip_opt_gap_rel'.
     559    8.964558e-01   0.000e+00   5.159e-03   4.729e-06        0
WARNING:  Option 'mip_integral_gap_abs' deprecated, please use 'mip_opt_gap_abs'.
WARNING:  Option 'mip_integral_gap_rel' deprecated, please use 'mip_opt_gap_rel'.
WARNING:  Option 'mip_integral_gap_abs' deprecated, please use 'mip_opt_gap_abs'.
WARNING:  Option 'mip_integral_gap_rel' deprecated, please use 'mip_opt_gap_rel'.
     560    8.964557e-01   0.000e+00   6.190e-03   1.122e-05        0
WARNING:  Option 'mip_integral_gap_abs' deprecated, please use 'mip_opt_gap_abs'.
WARNING:  Option 'mip_integral_gap_rel' deprecated, please use 'mip_opt_gap_rel'.
WARNING:  Option 'mip_integral_gap_abs' deprecated, please use 'mip_opt_gap_abs'.
WARNING:  Option 'mip_integral_gap_rel' deprecated, please use 'mip_opt_gap_rel'.
     561    8.964555e-01   0.000e+00   7.125e-03   2.826e-05        0
WARNING:  Option 'mip_integral_gap_abs' deprecated, please use 'mip_opt_gap_abs'.
WARNING:  Option 'mip_integral_gap_rel' deprecated, please use 'mip_opt_gap_rel'.
WARNING:  Option 'mip_integral_gap_abs' deprecated, please use 'mip_opt_gap_abs'.
WARNING:  Option 'mip_integral_gap_rel' deprecated, please use 'mip_opt_gap_rel'.
     562    8.964549e-01   0.000e+00   5.577e-03   7.307e-05        0
WARNING:  Option 'mip_integral_gap_abs' deprecated, please use 'mip_opt_gap_abs'.
WARNING:  Option 'mip_integral_gap_rel' deprecated, please use 'mip_opt_gap_rel'.
WARNING:  Option 'mip_integral_gap_abs' deprecated, please use 'mip_opt_gap_abs'.
WARNING:  Option 'mip_integral_gap_rel' deprecated, please use 'mip_opt_gap_rel'.
     563    8.964534e-01   0.000e+00   4.451e-03   1.840e-04        0
WARNING:  Option 'mip_integral_gap_abs' deprecated, please use 'mip_opt_gap_abs'.
WARNING:  Option 'mip_integral_gap_rel' deprecated, please use 'mip_opt_gap_rel'.
WARNING:  Option 'mip_integral_gap_abs' deprecated, please use 'mip_opt_gap_abs'.
WARNING:  Option 'mip_integral_gap_rel' deprecated, please use 'mip_opt_gap_rel'.
WARNING:  Option 'mip_integral_gap_abs' deprecated, please use 'mip_opt_gap_abs'.
WARNING:  Option 'mip_integral_gap_rel' deprecated, please use 'mip_opt_gap_rel'.
WARNING:  Option 'mip_integral_gap_abs' deprecated, please use 'mip_opt_gap_abs'.
WARNING:  Option 'mip_integral_gap_rel' deprecated, please use 'mip_opt_gap_rel'.
WARNING:  Option 'mip_integral_gap_abs' deprecated, please use 'mip_opt_gap_abs'.
WARNING:  Option 'mip_integral_gap_rel' deprecated, please use 'mip_opt_gap_rel'.
WARNING:  Option 'mip_integral_gap_abs' deprecated, please use 'mip_opt_gap_abs'.
WARNING:  Option 'mip_integral_gap_rel' deprecated, please use 'mip_opt_gap_rel'.
     564    8.964529e-01   0.000e+00   3.956e-03   5.736e-05        0
WARNING:  Option 'mip_integral_gap_abs' deprecated, please use 'mip_opt_gap_abs'.
WARNING:  Option 'mip_integral_gap_rel' deprecated, please use 'mip_opt_gap_rel'.
WARNING:  Option 'mip_integral_gap_abs' deprecated, please use 'mip_opt_gap_abs'.
WARNING:  Option 'mip_integral_gap_rel' deprecated, please use 'mip_opt_gap_rel'.
WARNING:  Option 'mip_integral_gap_abs' deprecated, please use 'mip_opt_gap_abs'.
WARNING:  Option 'mip_integral_gap_rel' deprecated, please use 'mip_opt_gap_rel'.
WARNING:  Option 'mip_integral_gap_abs' deprecated, please use 'mip_opt_gap_abs'.
WARNING:  Option 'mip_integral_gap_rel' deprecated, please use 'mip_opt_gap_rel'.
WARNING:  Option 'mip_integral_gap_abs' deprecated, please use 'mip_opt_gap_abs'.
WARNING:  Option 'mip_integral_gap_rel' deprecated, please use 'mip_opt_gap_rel'.
WARNING:  Option 'mip_integral_gap_abs' deprecated, please use 'mip_opt_gap_abs'.
WARNING:  Option 'mip_integral_gap_rel' deprecated, please use 'mip_opt_gap_rel'.
WARNING:  Option 'mip_integral_gap_abs' deprecated, please use 'mip_opt_gap_abs'.
WARNING:  Option 'mip_integral_gap_rel' deprecated, please use 'mip_opt_gap_rel'.
WARNING:  Option 'mip_integral_gap_abs' deprecated, please use 'mip_opt_gap_abs'.
WARNING:  Option 'mip_integral_gap_rel' deprecated, please use 'mip_opt_gap_rel'.
WARNING:  Option 'mip_integral_gap_abs' deprecated, please use 'mip_opt_gap_abs'.
WARNING:  Option 'mip_integral_gap_rel' deprecated, please use 'mip_opt_gap_rel'.
WARNING:  Option 'mip_integral_gap_abs' deprecated, please use 'mip_opt_gap_abs'.
WARNING:  Option 'mip_integral_gap_rel' deprecated, please use 'mip_opt_gap_rel'.
WARNING:  Option 'mip_integral_gap_abs' deprecated, please use 'mip_opt_gap_abs'.
WARNING:  Option 'mip_integral_gap_rel' deprecated, please use 'mip_opt_gap_rel'.
WARNING:  Option 'mip_integral_gap_abs' deprecated, please use 'mip_opt_gap_abs'.
WARNING:  Option 'mip_integral_gap_rel' deprecated, please use 'mip_opt_gap_rel'.
WARNING:  Option 'mip_integral_gap_abs' deprecated, please use 'mip_opt_gap_abs'.
WARNING:  Option 'mip_integral_gap_rel' deprecated, please use 'mip_opt_gap_rel'.
WARNING:  Option 'mip_integral_gap_abs' deprecated, please use 'mip_opt_gap_abs'.
WARNING:  Option 'mip_integral_gap_rel' deprecated, please use 'mip_opt_gap_rel'.
WARNING:  Option 'mip_integral_gap_abs' deprecated, please use 'mip_opt_gap_abs'.
WARNING:  Option 'mip_integral_gap_rel' deprecated, please use 'mip_opt_gap_rel'.
WARNING:  Option 'mip_integral_gap_abs' deprecated, please use 'mip_opt_gap_abs'.
WARNING:  Option 'mip_integral_gap_rel' deprecated, please use 'mip_opt_gap_rel'.
WARNING:  Option 'mip_integral_gap_abs' deprecated, please use 'mip_opt_gap_abs'.
WARNING:  Option 'mip_integral_gap_rel' deprecated, please use 'mip_opt_gap_rel'.
WARNING:  Option 'mip_integral_gap_abs' deprecated, please use 'mip_opt_gap_abs'.
WARNING:  Option 'mip_integral_gap_rel' deprecated, please use 'mip_opt_gap_rel'.
WARNING:  Option 'mip_integral_gap_abs' deprecated, please use 'mip_opt_gap_abs'.
WARNING:  Option 'mip_integral_gap_rel' deprecated, please use 'mip_opt_gap_rel'.
WARNING:  Option 'mip_integral_gap_abs' deprecated, please use 'mip_opt_gap_abs'.
WARNING:  Option 'mip_integral_gap_rel' deprecated, please use 'mip_opt_gap_rel'.
WARNING:  Option 'mip_integral_gap_abs' deprecated, please use 'mip_opt_gap_abs'.
WARNING:  Option 'mip_integral_gap_rel' deprecated, please use 'mip_opt_gap_rel'.
WARNING:  Option 'mip_integral_gap_abs' deprecated, please use 'mip_opt_gap_abs'.
WARNING:  Option 'mip_integral_gap_rel' deprecated, please use 'mip_opt_gap_rel'.
WARNING:  Option 'mip_integral_gap_abs' deprecated, please use 'mip_opt_gap_abs'.
WARNING:  Option 'mip_integral_gap_rel' deprecated, please use 'mip_opt_gap_rel'.
     565    8.964525e-01   0.000e+00   8.728e-03   4.714e-05        1
WARNING:  Option 'mip_integral_gap_abs' deprecated, please use 'mip_opt_gap_abs'.
WARNING:  Option 'mip_integral_gap_rel' deprecated, please use 'mip_opt_gap_rel'.
WARNING:  Option 'mip_integral_gap_abs' deprecated, please use 'mip_opt_gap_abs'.
WARNING:  Option 'mip_integral_gap_rel' deprecated, please use 'mip_opt_gap_rel'.
     566    8.964515e-01   0.000e+00   5.521e-03   5.885e-04        0
WARNING:  Option 'mip_integral_gap_abs' deprecated, please use 'mip_opt_gap_abs'.
WARNING:  Option 'mip_integral_gap_rel' deprecated, please use 'mip_opt_gap_rel'.
WARNING:  Option 'mip_integral_gap_abs' deprecated, please use 'mip_opt_gap_abs'.
WARNING:  Option 'mip_integral_gap_rel' deprecated, please use 'mip_opt_gap_rel'.
WARNING:  Option 'mip_integral_gap_abs' deprecated, please use 'mip_opt_gap_abs'.
WARNING:  Option 'mip_integral_gap_rel' deprecated, please use 'mip_opt_gap_rel'.
WARNING:  Option 'mip_integral_gap_abs' deprecated, please use 'mip_opt_gap_abs'.
WARNING:  Option 'mip_integral_gap_rel' deprecated, please use 'mip_opt_gap_rel'.
     567    8.964473e-01   0.000e+00   1.567e-01   9.161e-04        0
WARNING:  Option 'mip_integral_gap_abs' deprecated, please use 'mip_opt_gap_abs'.
WARNING:  Option 'mip_integral_gap_rel' deprecated, please use 'mip_opt_gap_rel'.
WARNING:  Option 'mip_integral_gap_abs' deprecated, please use 'mip_opt_gap_abs'.
WARNING:  Option 'mip_integral_gap_rel' deprecated, please use 'mip_opt_gap_rel'.
     568    8.964303e-01   0.000e+00   1.109e+00   6.858e-03        0
WARNING:  Option 'mip_integral_gap_abs' deprecated, please use 'mip_opt_gap_abs'.
WARNING:  Option 'mip_integral_gap_rel' deprecated, please use 'mip_opt_gap_rel'.
WARNING:  Option 'mip_integral_gap_abs' deprecated, please use 'mip_opt_gap_abs'.
WARNING:  Option 'mip_integral_gap_rel' deprecated, please use 'mip_opt_gap_rel'.
WARNING:  Option 'mip_integral_gap_abs' deprecated, please use 'mip_opt_gap_abs'.
WARNING:  Option 'mip_integral_gap_rel' deprecated, please use 'mip_opt_gap_rel'.
WARNING:  Option 'mip_integral_gap_abs' deprecated, please use 'mip_opt_gap_abs'.
WARNING:  Option 'mip_integral_gap_rel' deprecated, please use 'mip_opt_gap_rel'.
WARNING:  Option 'mip_integral_gap_abs' deprecated, please use 'mip_opt_gap_abs'.
WARNING:  Option 'mip_integral_gap_rel' deprecated, please use 'mip_opt_gap_rel'.
     569    8.963449e-01   0.000e+00   7.364e-03   2.921e-02        0
WARNING:  Option 'mip_integral_gap_abs' deprecated, please use 'mip_opt_gap_abs'.
WARNING:  Option 'mip_integral_gap_rel' deprecated, please use 'mip_opt_gap_rel'.
WARNING:  Option 'mip_integral_gap_abs' deprecated, please use 'mip_opt_gap_abs'.
WARNING:  Option 'mip_integral_gap_rel' deprecated, please use 'mip_opt_gap_rel'.
     570    8.962324e-01   0.000e+00   7.117e-03   1.113e-01        0
WARNING:  Option 'mip_integral_gap_abs' deprecated, please use 'mip_opt_gap_abs'.
WARNING:  Option 'mip_integral_gap_rel' deprecated, please use 'mip_opt_gap_rel'.
WARNING:  Option 'mip_integral_gap_abs' deprecated, please use 'mip_opt_gap_abs'.
WARNING:  Option 'mip_integral_gap_rel' deprecated, please use 'mip_opt_gap_rel'.
WARNING:  Option 'mip_integral_gap_abs' deprecated, please use 'mip_opt_gap_abs'.
WARNING:  Option 'mip_integral_gap_rel' deprecated, please use 'mip_opt_gap_rel'.
WARNING:  Option 'mip_integral_gap_abs' deprecated, please use 'mip_opt_gap_abs'.
WARNING:  Option 'mip_integral_gap_rel' deprecated, please use 'mip_opt_gap_rel'.
WARNING:  Option 'mip_integral_gap_abs' deprecated, please use 'mip_opt_gap_abs'.
WARNING:  Option 'mip_integral_gap_rel' deprecated, please use 'mip_opt_gap_rel'.
WARNING:  Option 'mip_integral_gap_abs' deprecated, please use 'mip_opt_gap_abs'.
WARNING:  Option 'mip_integral_gap_rel' deprecated, please use 'mip_opt_gap_rel'.
WARNING:  Option 'mip_integral_gap_abs' deprecated, please use 'mip_opt_gap_abs'.
WARNING:  Option 'mip_integral_gap_rel' deprecated, please use 'mip_opt_gap_rel'.
WARNING:  Option 'mip_integral_gap_abs' deprecated, please use 'mip_opt_gap_abs'.
WARNING:  Option 'mip_integral_gap_rel' deprecated, please use 'mip_opt_gap_rel'.
WARNING:  Option 'mip_integral_gap_abs' deprecated, please use 'mip_opt_gap_abs'.
WARNING:  Option 'mip_integral_gap_rel' deprecated, please use 'mip_opt_gap_rel'.
WARNING:  Option 'mip_integral_gap_abs' deprecated, please use 'mip_opt_gap_abs'.
WARNING:  Option 'mip_integral_gap_rel' deprecated, please use 'mip_opt_gap_rel'.
WARNING:  Option 'mip_integral_gap_abs' deprecated, please use 'mip_opt_gap_abs'.
WARNING:  Option 'mip_integral_gap_rel' deprecated, please use 'mip_opt_gap_rel'.
WARNING:  Option 'mip_integral_gap_abs' deprecated, please use 'mip_opt_gap_abs'.
WARNING:  Option 'mip_integral_gap_rel' deprecated, please use 'mip_opt_gap_rel'.
WARNING:  Option 'mip_integral_gap_abs' deprecated, please use 'mip_opt_gap_abs'.
WARNING:  Option 'mip_integral_gap_rel' deprecated, please use 'mip_opt_gap_rel'.
WARNING:  Option 'mip_integral_gap_abs' deprecated, please use 'mip_opt_gap_abs'.
WARNING:  Option 'mip_integral_gap_rel' deprecated, please use 'mip_opt_gap_rel'.
WARNING:  Option 'mip_integral_gap_abs' deprecated, please use 'mip_opt_gap_abs'.
WARNING:  Option 'mip_integral_gap_rel' deprecated, please use 'mip_opt_gap_rel'.
WARNING:  Option 'mip_integral_gap_abs' deprecated, please use 'mip_opt_gap_abs'.
WARNING:  Option 'mip_integral_gap_rel' deprecated, please use 'mip_opt_gap_rel'.
     571    8.961766e-01   0.000e+00   7.395e-03   6.066e-02        1
WARNING:  Option 'mip_integral_gap_abs' deprecated, please use 'mip_opt_gap_abs'.
WARNING:  Option 'mip_integral_gap_rel' deprecated, please use 'mip_opt_gap_rel'.
WARNING:  Option 'mip_integral_gap_abs' deprecated, please use 'mip_opt_gap_abs'.
WARNING:  Option 'mip_integral_gap_rel' deprecated, please use 'mip_opt_gap_rel'.
WARNING:  Option 'mip_integral_gap_abs' deprecated, please use 'mip_opt_gap_abs'.
WARNING:  Option 'mip_integral_gap_rel' deprecated, please use 'mip_opt_gap_rel'.
     572    8.961729e-01   0.000e+00   7.489e-03   3.134e-02        0
WARNING:  Option 'mip_integral_gap_abs' deprecated, please use 'mip_opt_gap_abs'.
WARNING:  Option 'mip_integral_gap_rel' deprecated, please use 'mip_opt_gap_rel'.
WARNING:  Option 'mip_integral_gap_abs' deprecated, please use 'mip_opt_gap_abs'.
WARNING:  Option 'mip_integral_gap_rel' deprecated, please use 'mip_opt_gap_rel'.
WARNING:  Option 'mip_integral_gap_abs' deprecated, please use 'mip_opt_gap_abs'.
WARNING:  Option 'mip_integral_gap_rel' deprecated, please use 'mip_opt_gap_rel'.
WARNING:  Option 'mip_integral_gap_abs' deprecated, please use 'mip_opt_gap_abs'.
WARNING:  Option 'mip_integral_gap_rel' deprecated, please use 'mip_opt_gap_rel'.
WARNING:  Option 'mip_integral_gap_abs' deprecated, please use 'mip_opt_gap_abs'.
WARNING:  Option 'mip_integral_gap_rel' deprecated, please use 'mip_opt_gap_rel'.
WARNING:  Option 'mip_integral_gap_abs' deprecated, please use 'mip_opt_gap_abs'.
WARNING:  Option 'mip_integral_gap_rel' deprecated, please use 'mip_opt_gap_rel'.
WARNING:  Option 'mip_integral_gap_abs' deprecated, please use 'mip_opt_gap_abs'.
WARNING:  Option 'mip_integral_gap_rel' deprecated, please use 'mip_opt_gap_rel'.
WARNING:  Option 'mip_integral_gap_abs' deprecated, please use 'mip_opt_gap_abs'.
WARNING:  Option 'mip_integral_gap_rel' deprecated, please use 'mip_opt_gap_rel'.
WARNING:  Option 'mip_integral_gap_abs' deprecated, please use 'mip_opt_gap_abs'.
WARNING:  Option 'mip_integral_gap_rel' deprecated, please use 'mip_opt_gap_rel'.
WARNING:  Option 'mip_integral_gap_abs' deprecated, please use 'mip_opt_gap_abs'.
WARNING:  Option 'mip_integral_gap_rel' deprecated, please use 'mip_opt_gap_rel'.
WARNING:  Option 'mip_integral_gap_abs' deprecated, please use 'mip_opt_gap_abs'.
WARNING:  Option 'mip_integral_gap_rel' deprecated, please use 'mip_opt_gap_rel'.
WARNING:  Option 'mip_integral_gap_abs' deprecated, please use 'mip_opt_gap_abs'.
WARNING:  Option 'mip_integral_gap_rel' deprecated, please use 'mip_opt_gap_rel'.
WARNING:  Option 'mip_integral_gap_abs' deprecated, please use 'mip_opt_gap_abs'.
WARNING:  Option 'mip_integral_gap_rel' deprecated, please use 'mip_opt_gap_rel'.
     573    8.961711e-01   0.000e+00   7.572e-03   2.630e-03        1
WARNING:  Option 'mip_integral_gap_abs' deprecated, please use 'mip_opt_gap_abs'.
WARNING:  Option 'mip_integral_gap_rel' deprecated, please use 'mip_opt_gap_rel'.
WARNING:  Option 'mip_integral_gap_abs' deprecated, please use 'mip_opt_gap_abs'.
WARNING:  Option 'mip_integral_gap_rel' deprecated, please use 'mip_opt_gap_rel'.
WARNING:  Option 'mip_integral_gap_abs' deprecated, please use 'mip_opt_gap_abs'.
WARNING:  Option 'mip_integral_gap_rel' deprecated, please use 'mip_opt_gap_rel'.
WARNING:  Option 'mip_integral_gap_abs' deprecated, please use 'mip_opt_gap_abs'.
WARNING:  Option 'mip_integral_gap_rel' deprecated, please use 'mip_opt_gap_rel'.
WARNING:  Option 'mip_integral_gap_abs' deprecated, please use 'mip_opt_gap_abs'.
WARNING:  Option 'mip_integral_gap_rel' deprecated, please use 'mip_opt_gap_rel'.
WARNING:  Option 'mip_integral_gap_abs' deprecated, please use 'mip_opt_gap_abs'.
WARNING:  Option 'mip_integral_gap_rel' deprecated, please use 'mip_opt_gap_rel'.
WARNING:  Option 'mip_integral_gap_abs' deprecated, please use 'mip_opt_gap_abs'.
WARNING:  Option 'mip_integral_gap_rel' deprecated, please use 'mip_opt_gap_rel'.
WARNING:  Option 'mip_integral_gap_abs' deprecated, please use 'mip_opt_gap_abs'.
WARNING:  Option 'mip_integral_gap_rel' deprecated, please use 'mip_opt_gap_rel'.
WARNING:  Option 'mip_integral_gap_abs' deprecated, please use 'mip_opt_gap_abs'.
WARNING:  Option 'mip_integral_gap_rel' deprecated, please use 'mip_opt_gap_rel'.
WARNING:  Option 'mip_integral_gap_abs' deprecated, please use 'mip_opt_gap_abs'.
WARNING:  Option 'mip_integral_gap_rel' deprecated, please use 'mip_opt_gap_rel'.
WARNING:  Option 'mip_integral_gap_abs' deprecated, please use 'mip_opt_gap_abs'.
WARNING:  Option 'mip_integral_gap_rel' deprecated, please use 'mip_opt_gap_rel'.
WARNING:  Option 'mip_integral_gap_abs' deprecated, please use 'mip_opt_gap_abs'.
WARNING:  Option 'mip_integral_gap_rel' deprecated, please use 'mip_opt_gap_rel'.
WARNING:  Option 'mip_integral_gap_abs' deprecated, please use 'mip_opt_gap_abs'.
WARNING:  Option 'mip_integral_gap_rel' deprecated, please use 'mip_opt_gap_rel'.
WARNING:  Option 'mip_integral_gap_abs' deprecated, please use 'mip_opt_gap_abs'.
WARNING:  Option 'mip_integral_gap_rel' deprecated, please use 'mip_opt_gap_rel'.
WARNING:  Option 'mip_integral_gap_abs' deprecated, please use 'mip_opt_gap_abs'.
WARNING:  Option 'mip_integral_gap_rel' deprecated, please use 'mip_opt_gap_rel'.
WARNING:  Option 'mip_integral_gap_abs' deprecated, please use 'mip_opt_gap_abs'.
WARNING:  Option 'mip_integral_gap_rel' deprecated, please use 'mip_opt_gap_rel'.
WARNING:  Option 'mip_integral_gap_abs' deprecated, please use 'mip_opt_gap_abs'.
WARNING:  Option 'mip_integral_gap_rel' deprecated, please use 'mip_opt_gap_rel'.
     574    8.961708e-01   0.000e+00   7.713e-03   2.580e-04        1
WARNING:  Option 'mip_integral_gap_abs' deprecated, please use 'mip_opt_gap_abs'.
WARNING:  Option 'mip_integral_gap_rel' deprecated, please use 'mip_opt_gap_rel'.
WARNING:  Option 'mip_integral_gap_abs' deprecated, please use 'mip_opt_gap_abs'.
WARNING:  Option 'mip_integral_gap_rel' deprecated, please use 'mip_opt_gap_rel'.
WARNING:  Option 'mip_integral_gap_abs' deprecated, please use 'mip_opt_gap_abs'.
WARNING:  Option 'mip_integral_gap_rel' deprecated, please use 'mip_opt_gap_rel'.
WARNING:  Option 'mip_integral_gap_abs' deprecated, please use 'mip_opt_gap_abs'.
WARNING:  Option 'mip_integral_gap_rel' deprecated, please use 'mip_opt_gap_rel'.
WARNING:  Option 'mip_integral_gap_abs' deprecated, please use 'mip_opt_gap_abs'.
WARNING:  Option 'mip_integral_gap_rel' deprecated, please use 'mip_opt_gap_rel'.
WARNING:  Option 'mip_integral_gap_abs' deprecated, please use 'mip_opt_gap_abs'.
WARNING:  Option 'mip_integral_gap_rel' deprecated, please use 'mip_opt_gap_rel'.
WARNING:  Option 'mip_integral_gap_abs' deprecated, please use 'mip_opt_gap_abs'.
WARNING:  Option 'mip_integral_gap_rel' deprecated, please use 'mip_opt_gap_rel'.
WARNING:  Option 'mip_integral_gap_abs' deprecated, please use 'mip_opt_gap_abs'.
WARNING:  Option 'mip_integral_gap_rel' deprecated, please use 'mip_opt_gap_rel'.
WARNING:  Option 'mip_integral_gap_abs' deprecated, please use 'mip_opt_gap_abs'.
WARNING:  Option 'mip_integral_gap_rel' deprecated, please use 'mip_opt_gap_rel'.
WARNING:  Option 'mip_integral_gap_abs' deprecated, please use 'mip_opt_gap_abs'.
WARNING:  Option 'mip_integral_gap_rel' deprecated, please use 'mip_opt_gap_rel'.
WARNING:  Option 'mip_integral_gap_abs' deprecated, please use 'mip_opt_gap_abs'.
WARNING:  Option 'mip_integral_gap_rel' deprecated, please use 'mip_opt_gap_rel'.
WARNING:  Option 'mip_integral_gap_abs' deprecated, please use 'mip_opt_gap_abs'.
WARNING:  Option 'mip_integral_gap_rel' deprecated, please use 'mip_opt_gap_rel'.
WARNING:  Option 'mip_integral_gap_abs' deprecated, please use 'mip_opt_gap_abs'.
WARNING:  Option 'mip_integral_gap_rel' deprecated, please use 'mip_opt_gap_rel'.
WARNING:  Option 'mip_integral_gap_abs' deprecated, please use 'mip_opt_gap_abs'.
WARNING:  Option 'mip_integral_gap_rel' deprecated, please use 'mip_opt_gap_rel'.
WARNING:  Option 'mip_integral_gap_abs' deprecated, please use 'mip_opt_gap_abs'.
WARNING:  Option 'mip_integral_gap_rel' deprecated, please use 'mip_opt_gap_rel'.
WARNING:  Option 'mip_integral_gap_abs' deprecated, please use 'mip_opt_gap_abs'.
WARNING:  Option 'mip_integral_gap_rel' deprecated, please use 'mip_opt_gap_rel'.
     575    8.961707e-01   0.000e+00   3.016e-01   5.122e-05        1
WARNING:  Option 'mip_integral_gap_abs' deprecated, please use 'mip_opt_gap_abs'.
WARNING:  Option 'mip_integral_gap_rel' deprecated, please use 'mip_opt_gap_rel'.
WARNING:  Option 'mip_integral_gap_abs' deprecated, please use 'mip_opt_gap_abs'.
WARNING:  Option 'mip_integral_gap_rel' deprecated, please use 'mip_opt_gap_rel'.
WARNING:  Option 'mip_integral_gap_abs' deprecated, please use 'mip_opt_gap_abs'.
WARNING:  Option 'mip_integral_gap_rel' deprecated, please use 'mip_opt_gap_rel'.
WARNING:  Option 'mip_integral_gap_abs' deprecated, please use 'mip_opt_gap_abs'.
WARNING:  Option 'mip_integral_gap_rel' deprecated, please use 'mip_opt_gap_rel'.
     576    8.961699e-01   0.000e+00   2.016e-01   1.620e-05        0
WARNING:  Option 'mip_integral_gap_abs' deprecated, please use 'mip_opt_gap_abs'.
WARNING:  Option 'mip_integral_gap_rel' deprecated, please use 'mip_opt_gap_rel'.
WARNING:  Option 'mip_integral_gap_abs' deprecated, please use 'mip_opt_gap_abs'.
WARNING:  Option 'mip_integral_gap_rel' deprecated, please use 'mip_opt_gap_rel'.
WARNING:  Option 'mip_integral_gap_abs' deprecated, please use 'mip_opt_gap_abs'.
WARNING:  Option 'mip_integral_gap_rel' deprecated, please use 'mip_opt_gap_rel'.
WARNING:  Option 'mip_integral_gap_abs' deprecated, please use 'mip_opt_gap_abs'.
WARNING:  Option 'mip_integral_gap_rel' deprecated, please use 'mip_opt_gap_rel'.
     577    8.961663e-01   0.000e+00   1.029e-01   3.601e-04        0
WARNING:  Option 'mip_integral_gap_abs' deprecated, please use 'mip_opt_gap_abs'.
WARNING:  Option 'mip_integral_gap_rel' deprecated, please use 'mip_opt_gap_rel'.
WARNING:  Option 'mip_integral_gap_abs' deprecated, please use 'mip_opt_gap_abs'.
WARNING:  Option 'mip_integral_gap_rel' deprecated, please use 'mip_opt_gap_rel'.
WARNING:  Option 'mip_integral_gap_abs' deprecated, please use 'mip_opt_gap_abs'.
WARNING:  Option 'mip_integral_gap_rel' deprecated, please use 'mip_opt_gap_rel'.
WARNING:  Option 'mip_integral_gap_abs' deprecated, please use 'mip_opt_gap_abs'.
WARNING:  Option 'mip_integral_gap_rel' deprecated, please use 'mip_opt_gap_rel'.
WARNING:  Option 'mip_integral_gap_abs' deprecated, please use 'mip_opt_gap_abs'.
WARNING:  Option 'mip_integral_gap_rel' deprecated, please use 'mip_opt_gap_rel'.
WARNING:  Option 'mip_integral_gap_abs' deprecated, please use 'mip_opt_gap_abs'.
WARNING:  Option 'mip_integral_gap_rel' deprecated, please use 'mip_opt_gap_rel'.
WARNING:  Option 'mip_integral_gap_abs' deprecated, please use 'mip_opt_gap_abs'.
WARNING:  Option 'mip_integral_gap_rel' deprecated, please use 'mip_opt_gap_rel'.
WARNING:  Option 'mip_integral_gap_abs' deprecated, please use 'mip_opt_gap_abs'.
WARNING:  Option 'mip_integral_gap_rel' deprecated, please use 'mip_opt_gap_rel'.
WARNING:  Option 'mip_integral_gap_abs' deprecated, please use 'mip_opt_gap_abs'.
WARNING:  Option 'mip_integral_gap_rel' deprecated, please use 'mip_opt_gap_rel'.
     578    8.961645e-01   0.000e+00   3.865e-02   2.180e-04        1
WARNING:  Option 'mip_integral_gap_abs' deprecated, please use 'mip_opt_gap_abs'.
WARNING:  Option 'mip_integral_gap_rel' deprecated, please use 'mip_opt_gap_rel'.
WARNING:  Option 'mip_integral_gap_abs' deprecated, please use 'mip_opt_gap_abs'.
WARNING:  Option 'mip_integral_gap_rel' deprecated, please use 'mip_opt_gap_rel'.
WARNING:  Option 'mip_integral_gap_abs' deprecated, please use 'mip_opt_gap_abs'.
WARNING:  Option 'mip_integral_gap_rel' deprecated, please use 'mip_opt_gap_rel'.
WARNING:  Option 'mip_integral_gap_abs' deprecated, please use 'mip_opt_gap_abs'.
WARNING:  Option 'mip_integral_gap_rel' deprecated, please use 'mip_opt_gap_rel'.
     579    8.961632e-01   0.000e+00   3.865e-02   3.619e-04        0
WARNING:  Option 'mip_integral_gap_abs' deprecated, please use 'mip_opt_gap_abs'.
WARNING:  Option 'mip_integral_gap_rel' deprecated, please use 'mip_opt_gap_rel'.
WARNING:  Option 'mip_integral_gap_abs' deprecated, please use 'mip_opt_gap_abs'.
WARNING:  Option 'mip_integral_gap_rel' deprecated, please use 'mip_opt_gap_rel'.
WARNING:  Option 'mip_integral_gap_abs' deprecated, please use 'mip_opt_gap_abs'.
WARNING:  Option 'mip_integral_gap_rel' deprecated, please use 'mip_opt_gap_rel'.
WARNING:  Option 'mip_integral_gap_abs' deprecated, please use 'mip_opt_gap_abs'.
WARNING:  Option 'mip_integral_gap_rel' deprecated, please use 'mip_opt_gap_rel'.
     580    8.961627e-01   0.000e+00   2.798e-02   1.405e-04        0
WARNING:  Option 'mip_integral_gap_abs' deprecated, please use 'mip_opt_gap_abs'.
WARNING:  Option 'mip_integral_gap_rel' deprecated, please use 'mip_opt_gap_rel'.
WARNING:  Option 'mip_integral_gap_abs' deprecated, please use 'mip_opt_gap_abs'.
WARNING:  Option 'mip_integral_gap_rel' deprecated, please use 'mip_opt_gap_rel'.
WARNING:  Option 'mip_integral_gap_abs' deprecated, please use 'mip_opt_gap_abs'.
WARNING:  Option 'mip_integral_gap_rel' deprecated, please use 'mip_opt_gap_rel'.
WARNING:  Option 'mip_integral_gap_abs' deprecated, please use 'mip_opt_gap_abs'.
WARNING:  Option 'mip_integral_gap_rel' deprecated, please use 'mip_opt_gap_rel'.
     581    8.961621e-01   0.000e+00   1.285e-02   2.510e-04        0
WARNING:  Option 'mip_integral_gap_abs' deprecated, please use 'mip_opt_gap_abs'.
WARNING:  Option 'mip_integral_gap_rel' deprecated, please use 'mip_opt_gap_rel'.
WARNING:  Option 'mip_integral_gap_abs' deprecated, please use 'mip_opt_gap_abs'.
WARNING:  Option 'mip_integral_gap_rel' deprecated, please use 'mip_opt_gap_rel'.
WARNING:  Option 'mip_integral_gap_abs' deprecated, please use 'mip_opt_gap_abs'.
WARNING:  Option 'mip_integral_gap_rel' deprecated, please use 'mip_opt_gap_rel'.
WARNING:  Option 'mip_integral_gap_abs' deprecated, please use 'mip_opt_gap_abs'.
WARNING:  Option 'mip_integral_gap_rel' deprecated, please use 'mip_opt_gap_rel'.
WARNING:  Option 'mip_integral_gap_abs' deprecated, please use 'mip_opt_gap_abs'.
WARNING:  Option 'mip_integral_gap_rel' deprecated, please use 'mip_opt_gap_rel'.
WARNING:  Option 'mip_integral_gap_abs' deprecated, please use 'mip_opt_gap_abs'.
WARNING:  Option 'mip_integral_gap_rel' deprecated, please use 'mip_opt_gap_rel'.
     582    8.961619e-01   0.000e+00   9.112e-03   1.727e-04        0
WARNING:  Option 'mip_integral_gap_abs' deprecated, please use 'mip_opt_gap_abs'.
WARNING:  Option 'mip_integral_gap_rel' deprecated, please use 'mip_opt_gap_rel'.
WARNING:  Option 'mip_integral_gap_abs' deprecated, please use 'mip_opt_gap_abs'.
WARNING:  Option 'mip_integral_gap_rel' deprecated, please use 'mip_opt_gap_rel'.
WARNING:  Option 'mip_integral_gap_abs' deprecated, please use 'mip_opt_gap_abs'.
WARNING:  Option 'mip_integral_gap_rel' deprecated, please use 'mip_opt_gap_rel'.
     583    8.961579e-01   0.000e+00   8.267e-03   5.324e-03        0
WARNING:  Option 'mip_integral_gap_abs' deprecated, please use 'mip_opt_gap_abs'.
WARNING:  Option 'mip_integral_gap_rel' deprecated, please use 'mip_opt_gap_rel'.
WARNING:  Option 'mip_integral_gap_abs' deprecated, please use 'mip_opt_gap_abs'.
WARNING:  Option 'mip_integral_gap_rel' deprecated, please use 'mip_opt_gap_rel'.
WARNING:  Option 'mip_integral_gap_abs' deprecated, please use 'mip_opt_gap_abs'.
WARNING:  Option 'mip_integral_gap_rel' deprecated, please use 'mip_opt_gap_rel'.
WARNING:  Option 'mip_integral_gap_abs' deprecated, please use 'mip_opt_gap_abs'.
WARNING:  Option 'mip_integral_gap_rel' deprecated, please use 'mip_opt_gap_rel'.
WARNING:  Option 'mip_integral_gap_abs' deprecated, please use 'mip_opt_gap_abs'.
WARNING:  Option 'mip_integral_gap_rel' deprecated, please use 'mip_opt_gap_rel'.
WARNING:  Option 'mip_integral_gap_abs' deprecated, please use 'mip_opt_gap_abs'.
WARNING:  Option 'mip_integral_gap_rel' deprecated, please use 'mip_opt_gap_rel'.
WARNING:  Option 'mip_integral_gap_abs' deprecated, please use 'mip_opt_gap_abs'.
WARNING:  Option 'mip_integral_gap_rel' deprecated, please use 'mip_opt_gap_rel'.
WARNING:  Option 'mip_integral_gap_abs' deprecated, please use 'mip_opt_gap_abs'.
WARNING:  Option 'mip_integral_gap_rel' deprecated, please use 'mip_opt_gap_rel'.
     584    8.961559e-01   0.000e+00   8.339e-03   4.870e-03        1
WARNING:  Option 'mip_integral_gap_abs' deprecated, please use 'mip_opt_gap_abs'.
WARNING:  Option 'mip_integral_gap_rel' deprecated, please use 'mip_opt_gap_rel'.
WARNING:  Option 'mip_integral_gap_abs' deprecated, please use 'mip_opt_gap_abs'.
WARNING:  Option 'mip_integral_gap_rel' deprecated, please use 'mip_opt_gap_rel'.
WARNING:  Option 'mip_integral_gap_abs' deprecated, please use 'mip_opt_gap_abs'.
WARNING:  Option 'mip_integral_gap_rel' deprecated, please use 'mip_opt_gap_rel'.
WARNING:  Option 'mip_integral_gap_abs' deprecated, please use 'mip_opt_gap_abs'.
WARNING:  Option 'mip_integral_gap_rel' deprecated, please use 'mip_opt_gap_rel'.
WARNING:  Option 'mip_integral_gap_abs' deprecated, please use 'mip_opt_gap_abs'.
WARNING:  Option 'mip_integral_gap_rel' deprecated, please use 'mip_opt_gap_rel'.
WARNING:  Option 'mip_integral_gap_abs' deprecated, please use 'mip_opt_gap_abs'.
WARNING:  Option 'mip_integral_gap_rel' deprecated, please use 'mip_opt_gap_rel'.
WARNING:  Option 'mip_integral_gap_abs' deprecated, please use 'mip_opt_gap_abs'.
WARNING:  Option 'mip_integral_gap_rel' deprecated, please use 'mip_opt_gap_rel'.
WARNING:  Option 'mip_integral_gap_abs' deprecated, please use 'mip_opt_gap_abs'.
WARNING:  Option 'mip_integral_gap_rel' deprecated, please use 'mip_opt_gap_rel'.
WARNING:  Option 'mip_integral_gap_abs' deprecated, please use 'mip_opt_gap_abs'.
WARNING:  Option 'mip_integral_gap_rel' deprecated, please use 'mip_opt_gap_rel'.
WARNING:  Option 'mip_integral_gap_abs' deprecated, please use 'mip_opt_gap_abs'.
WARNING:  Option 'mip_integral_gap_rel' deprecated, please use 'mip_opt_gap_rel'.
WARNING:  Option 'mip_integral_gap_abs' deprecated, please use 'mip_opt_gap_abs'.
WARNING:  Option 'mip_integral_gap_rel' deprecated, please use 'mip_opt_gap_rel'.
WARNING:  Option 'mip_integral_gap_abs' deprecated, please use 'mip_opt_gap_abs'.
WARNING:  Option 'mip_integral_gap_rel' deprecated, please use 'mip_opt_gap_rel'.
WARNING:  Option 'mip_integral_gap_abs' deprecated, please use 'mip_opt_gap_abs'.
WARNING:  Option 'mip_integral_gap_rel' deprecated, please use 'mip_opt_gap_rel'.
WARNING:  Option 'mip_integral_gap_abs' deprecated, please use 'mip_opt_gap_abs'.
WARNING:  Option 'mip_integral_gap_rel' deprecated, please use 'mip_opt_gap_rel'.
WARNING:  Option 'mip_integral_gap_abs' deprecated, please use 'mip_opt_gap_abs'.
WARNING:  Option 'mip_integral_gap_rel' deprecated, please use 'mip_opt_gap_rel'.
     585    8.961554e-01   0.000e+00   8.361e-03   1.267e-03        1
WARNING:  Option 'mip_integral_gap_abs' deprecated, please use 'mip_opt_gap_abs'.
WARNING:  Option 'mip_integral_gap_rel' deprecated, please use 'mip_opt_gap_rel'.
WARNING:  Option 'mip_integral_gap_abs' deprecated, please use 'mip_opt_gap_abs'.
WARNING:  Option 'mip_integral_gap_rel' deprecated, please use 'mip_opt_gap_rel'.
WARNING:  Option 'mip_integral_gap_abs' deprecated, please use 'mip_opt_gap_abs'.
WARNING:  Option 'mip_integral_gap_rel' deprecated, please use 'mip_opt_gap_rel'.
WARNING:  Option 'mip_integral_gap_abs' deprecated, please use 'mip_opt_gap_abs'.
WARNING:  Option 'mip_integral_gap_rel' deprecated, please use 'mip_opt_gap_rel'.
WARNING:  Option 'mip_integral_gap_abs' deprecated, please use 'mip_opt_gap_abs'.
WARNING:  Option 'mip_integral_gap_rel' deprecated, please use 'mip_opt_gap_rel'.
WARNING:  Option 'mip_integral_gap_abs' deprecated, please use 'mip_opt_gap_abs'.
WARNING:  Option 'mip_integral_gap_rel' deprecated, please use 'mip_opt_gap_rel'.
WARNING:  Option 'mip_integral_gap_abs' deprecated, please use 'mip_opt_gap_abs'.
WARNING:  Option 'mip_integral_gap_rel' deprecated, please use 'mip_opt_gap_rel'.
WARNING:  Option 'mip_integral_gap_abs' deprecated, please use 'mip_opt_gap_abs'.
WARNING:  Option 'mip_integral_gap_rel' deprecated, please use 'mip_opt_gap_rel'.
WARNING:  Option 'mip_integral_gap_abs' deprecated, please use 'mip_opt_gap_abs'.
WARNING:  Option 'mip_integral_gap_rel' deprecated, please use 'mip_opt_gap_rel'.
WARNING:  Option 'mip_integral_gap_abs' deprecated, please use 'mip_opt_gap_abs'.
WARNING:  Option 'mip_integral_gap_rel' deprecated, please use 'mip_opt_gap_rel'.
WARNING:  Option 'mip_integral_gap_abs' deprecated, please use 'mip_opt_gap_abs'.
WARNING:  Option 'mip_integral_gap_rel' deprecated, please use 'mip_opt_gap_rel'.
WARNING:  Option 'mip_integral_gap_abs' deprecated, please use 'mip_opt_gap_abs'.
WARNING:  Option 'mip_integral_gap_rel' deprecated, please use 'mip_opt_gap_rel'.
WARNING:  Option 'mip_integral_gap_abs' deprecated, please use 'mip_opt_gap_abs'.
WARNING:  Option 'mip_integral_gap_rel' deprecated, please use 'mip_opt_gap_rel'.
WARNING:  Option 'mip_integral_gap_abs' deprecated, please use 'mip_opt_gap_abs'.
WARNING:  Option 'mip_integral_gap_rel' deprecated, please use 'mip_opt_gap_rel'.
WARNING:  Option 'mip_integral_gap_abs' deprecated, please use 'mip_opt_gap_abs'.
WARNING:  Option 'mip_integral_gap_rel' deprecated, please use 'mip_opt_gap_rel'.
WARNING:  Option 'mip_integral_gap_abs' deprecated, please use 'mip_opt_gap_abs'.
WARNING:  Option 'mip_integral_gap_rel' deprecated, please use 'mip_opt_gap_rel'.
WARNING:  Option 'mip_integral_gap_abs' deprecated, please use 'mip_opt_gap_abs'.
WARNING:  Option 'mip_integral_gap_rel' deprecated, please use 'mip_opt_gap_rel'.
     586    8.961550e-01   0.000e+00   8.377e-03   1.036e-03        1
WARNING:  Option 'mip_integral_gap_abs' deprecated, please use 'mip_opt_gap_abs'.
WARNING:  Option 'mip_integral_gap_rel' deprecated, please use 'mip_opt_gap_rel'.
WARNING:  Option 'mip_integral_gap_abs' deprecated, please use 'mip_opt_gap_abs'.
WARNING:  Option 'mip_integral_gap_rel' deprecated, please use 'mip_opt_gap_rel'.
WARNING:  Option 'mip_integral_gap_abs' deprecated, please use 'mip_opt_gap_abs'.
WARNING:  Option 'mip_integral_gap_rel' deprecated, please use 'mip_opt_gap_rel'.
WARNING:  Option 'mip_integral_gap_abs' deprecated, please use 'mip_opt_gap_abs'.
WARNING:  Option 'mip_integral_gap_rel' deprecated, please use 'mip_opt_gap_rel'.
WARNING:  Option 'mip_integral_gap_abs' deprecated, please use 'mip_opt_gap_abs'.
WARNING:  Option 'mip_integral_gap_rel' deprecated, please use 'mip_opt_gap_rel'.
WARNING:  Option 'mip_integral_gap_abs' deprecated, please use 'mip_opt_gap_abs'.
WARNING:  Option 'mip_integral_gap_rel' deprecated, please use 'mip_opt_gap_rel'.
WARNING:  Option 'mip_integral_gap_abs' deprecated, please use 'mip_opt_gap_abs'.
WARNING:  Option 'mip_integral_gap_rel' deprecated, please use 'mip_opt_gap_rel'.
WARNING:  Option 'mip_integral_gap_abs' deprecated, please use 'mip_opt_gap_abs'.
WARNING:  Option 'mip_integral_gap_rel' deprecated, please use 'mip_opt_gap_rel'.
WARNING:  Option 'mip_integral_gap_abs' deprecated, please use 'mip_opt_gap_abs'.
WARNING:  Option 'mip_integral_gap_rel' deprecated, please use 'mip_opt_gap_rel'.
WARNING:  Option 'mip_integral_gap_abs' deprecated, please use 'mip_opt_gap_abs'.
WARNING:  Option 'mip_integral_gap_rel' deprecated, please use 'mip_opt_gap_rel'.
WARNING:  Option 'mip_integral_gap_abs' deprecated, please use 'mip_opt_gap_abs'.
WARNING:  Option 'mip_integral_gap_rel' deprecated, please use 'mip_opt_gap_rel'.
     587    8.961549e-01   0.000e+00   8.616e-03   1.042e-04        1
WARNING:  Option 'mip_integral_gap_abs' deprecated, please use 'mip_opt_gap_abs'.
WARNING:  Option 'mip_integral_gap_rel' deprecated, please use 'mip_opt_gap_rel'.
WARNING:  Option 'mip_integral_gap_abs' deprecated, please use 'mip_opt_gap_abs'.
WARNING:  Option 'mip_integral_gap_rel' deprecated, please use 'mip_opt_gap_rel'.
WARNING:  Option 'mip_integral_gap_abs' deprecated, please use 'mip_opt_gap_abs'.
WARNING:  Option 'mip_integral_gap_rel' deprecated, please use 'mip_opt_gap_rel'.
WARNING:  Option 'mip_integral_gap_abs' deprecated, please use 'mip_opt_gap_abs'.
WARNING:  Option 'mip_integral_gap_rel' deprecated, please use 'mip_opt_gap_rel'.
WARNING:  Option 'mip_integral_gap_abs' deprecated, please use 'mip_opt_gap_abs'.
WARNING:  Option 'mip_integral_gap_rel' deprecated, please use 'mip_opt_gap_rel'.
WARNING:  Option 'mip_integral_gap_abs' deprecated, please use 'mip_opt_gap_abs'.
WARNING:  Option 'mip_integral_gap_rel' deprecated, please use 'mip_opt_gap_rel'.
WARNING:  Option 'mip_integral_gap_abs' deprecated, please use 'mip_opt_gap_abs'.
WARNING:  Option 'mip_integral_gap_rel' deprecated, please use 'mip_opt_gap_rel'.
     588    8.961549e-01   0.000e+00   8.609e-03   3.426e-07        1
WARNING:  Option 'mip_integral_gap_abs' deprecated, please use 'mip_opt_gap_abs'.
WARNING:  Option 'mip_integral_gap_rel' deprecated, please use 'mip_opt_gap_rel'.
WARNING:  Option 'mip_integral_gap_abs' deprecated, please use 'mip_opt_gap_abs'.
WARNING:  Option 'mip_integral_gap_rel' deprecated, please use 'mip_opt_gap_rel'.
     589    8.959037e-01   2.119e-02   2.324e-02   2.263e-02        5
WARNING:  Option 'mip_integral_gap_abs' deprecated, please use 'mip_opt_gap_abs'.
WARNING:  Option 'mip_integral_gap_rel' deprecated, please use 'mip_opt_gap_rel'.
WARNING:  Option 'mip_integral_gap_abs' deprecated, please use 'mip_opt_gap_abs'.
WARNING:  Option 'mip_integral_gap_rel' deprecated, please use 'mip_opt_gap_rel'.
     590    8.955592e-01   1.298e-02   8.552e-03   3.629e-02        0
WARNING:  Option 'mip_integral_gap_abs' deprecated, please use 'mip_opt_gap_abs'.
WARNING:  Option 'mip_integral_gap_rel' deprecated, please use 'mip_opt_gap_rel'.
WARNING:  Option 'mip_integral_gap_abs' deprecated, please use 'mip_opt_gap_abs'.
WARNING:  Option 'mip_integral_gap_rel' deprecated, please use 'mip_opt_gap_rel'.
     591    8.958836e-01   8.960e-03   4.484e-01   1.823e-02        0
WARNING:  Option 'mip_integral_gap_abs' deprecated, please use 'mip_opt_gap_abs'.
WARNING:  Option 'mip_integral_gap_rel' deprecated, please use 'mip_opt_gap_rel'.
WARNING:  Option 'mip_integral_gap_abs' deprecated, please use 'mip_opt_gap_abs'.
WARNING:  Option 'mip_integral_gap_rel' deprecated, please use 'mip_opt_gap_rel'.
     592    8.959072e-01   6.875e-03   8.521e-03   1.532e-03        0
WARNING:  Option 'mip_integral_gap_abs' deprecated, please use 'mip_opt_gap_abs'.
WARNING:  Option 'mip_integral_gap_rel' deprecated, please use 'mip_opt_gap_rel'.
WARNING:  Option 'mip_integral_gap_abs' deprecated, please use 'mip_opt_gap_abs'.
WARNING:  Option 'mip_integral_gap_rel' deprecated, please use 'mip_opt_gap_rel'.
     593    8.961393e-01   4.693e-04   8.598e-03   6.193e-03        0
WARNING:  Option 'mip_integral_gap_abs' deprecated, please use 'mip_opt_gap_abs'.
WARNING:  Option 'mip_integral_gap_rel' deprecated, please use 'mip_opt_gap_rel'.
WARNING:  Option 'mip_integral_gap_abs' deprecated, please use 'mip_opt_gap_abs'.
WARNING:  Option 'mip_integral_gap_rel' deprecated, please use 'mip_opt_gap_rel'.
     594    8.961010e-01   5.920e-03   8.309e-03   1.239e-02        0
WARNING:  Option 'mip_integral_gap_abs' deprecated, please use 'mip_opt_gap_abs'.
WARNING:  Option 'mip_integral_gap_rel' deprecated, please use 'mip_opt_gap_rel'.
WARNING:  Option 'mip_integral_gap_abs' deprecated, please use 'mip_opt_gap_abs'.
WARNING:  Option 'mip_integral_gap_rel' deprecated, please use 'mip_opt_gap_rel'.
     595    8.958690e-01   3.627e-02   5.860e-03   7.483e-02        0
WARNING:  Option 'mip_integral_gap_abs' deprecated, please use 'mip_opt_gap_abs'.
WARNING:  Option 'mip_integral_gap_rel' deprecated, please use 'mip_opt_gap_rel'.
WARNING:  Option 'mip_integral_gap_abs' deprecated, please use 'mip_opt_gap_abs'.
WARNING:  Option 'mip_integral_gap_rel' deprecated, please use 'mip_opt_gap_rel'.
     596    8.970729e-01   6.041e-03   6.445e-03   8.901e-03        5
WARNING:  Option 'mip_integral_gap_abs' deprecated, please use 'mip_opt_gap_abs'.
WARNING:  Option 'mip_integral_gap_rel' deprecated, please use 'mip_opt_gap_rel'.
WARNING:  Option 'mip_integral_gap_abs' deprecated, please use 'mip_opt_gap_abs'.
WARNING:  Option 'mip_integral_gap_rel' deprecated, please use 'mip_opt_gap_rel'.
     597    8.972738e-01   1.522e-03   5.554e-03   3.322e-03        0
WARNING:  Option 'mip_integral_gap_abs' deprecated, please use 'mip_opt_gap_abs'.
WARNING:  Option 'mip_integral_gap_rel' deprecated, please use 'mip_opt_gap_rel'.
WARNING:  Option 'mip_integral_gap_abs' deprecated, please use 'mip_opt_gap_abs'.
WARNING:  Option 'mip_integral_gap_rel' deprecated, please use 'mip_opt_gap_rel'.
     598    8.972517e-01   3.069e-03   4.912e-03   8.116e-03        0
WARNING:  Option 'mip_integral_gap_abs' deprecated, please use 'mip_opt_gap_abs'.
WARNING:  Option 'mip_integral_gap_rel' deprecated, please use 'mip_opt_gap_rel'.
WARNING:  Option 'mip_integral_gap_abs' deprecated, please use 'mip_opt_gap_abs'.
WARNING:  Option 'mip_integral_gap_rel' deprecated, please use 'mip_opt_gap_rel'.
     599    8.945726e-01   2.534e-01   1.492e-02   3.288e-01        0
WARNING:  Option 'mip_integral_gap_abs' deprecated, please use 'mip_opt_gap_abs'.
WARNING:  Option 'mip_integral_gap_rel' deprecated, please use 'mip_opt_gap_rel'.
WARNING:  Option 'mip_integral_gap_abs' deprecated, please use 'mip_opt_gap_abs'.
WARNING:  Option 'mip_integral_gap_rel' deprecated, please use 'mip_opt_gap_rel'.
     600    9.040558e-01   9.826e-02   2.725e-02   3.582e-02        0
WARNING:  Option 'mip_integral_gap_abs' deprecated, please use 'mip_opt_gap_abs'.
WARNING:  Option 'mip_integral_gap_rel' deprecated, please use 'mip_opt_gap_rel'.
WARNING:  Option 'mip_integral_gap_abs' deprecated, please use 'mip_opt_gap_abs'.
WARNING:  Option 'mip_integral_gap_rel' deprecated, please use 'mip_opt_gap_rel'.
     601    9.105549e-01   0.000e+00   3.793e-02   2.156e-01        0
WARNING:  Option 'mip_integral_gap_abs' deprecated, please use 'mip_opt_gap_abs'.
WARNING:  Option 'mip_integral_gap_rel' deprecated, please use 'mip_opt_gap_rel'.
WARNING:  Option 'mip_integral_gap_abs' deprecated, please use 'mip_opt_gap_abs'.
WARNING:  Option 'mip_integral_gap_rel' deprecated, please use 'mip_opt_gap_rel'.
WARNING:  Option 'mip_integral_gap_abs' deprecated, please use 'mip_opt_gap_abs'.
WARNING:  Option 'mip_integral_gap_rel' deprecated, please use 'mip_opt_gap_rel'.
WARNING:  Option 'mip_integral_gap_abs' deprecated, please use 'mip_opt_gap_abs'.
WARNING:  Option 'mip_integral_gap_rel' deprecated, please use 'mip_opt_gap_rel'.
WARNING:  Option 'mip_integral_gap_abs' deprecated, please use 'mip_opt_gap_abs'.
WARNING:  Option 'mip_integral_gap_rel' deprecated, please use 'mip_opt_gap_rel'.
     602    9.091093e-01   0.000e+00   3.559e-02   6.372e-02        0
WARNING:  Option 'mip_integral_gap_abs' deprecated, please use 'mip_opt_gap_abs'.
WARNING:  Option 'mip_integral_gap_rel' deprecated, please use 'mip_opt_gap_rel'.
WARNING:  Option 'mip_integral_gap_abs' deprecated, please use 'mip_opt_gap_abs'.
WARNING:  Option 'mip_integral_gap_rel' deprecated, please use 'mip_opt_gap_rel'.
WARNING:  Option 'mip_integral_gap_abs' deprecated, please use 'mip_opt_gap_abs'.
WARNING:  Option 'mip_integral_gap_rel' deprecated, please use 'mip_opt_gap_rel'.
WARNING:  Option 'mip_integral_gap_abs' deprecated, please use 'mip_opt_gap_abs'.
WARNING:  Option 'mip_integral_gap_rel' deprecated, please use 'mip_opt_gap_rel'.
     603    9.066966e-01   0.000e+00   1.725e-02   2.128e-02        0
WARNING:  Option 'mip_integral_gap_abs' deprecated, please use 'mip_opt_gap_abs'.
WARNING:  Option 'mip_integral_gap_rel' deprecated, please use 'mip_opt_gap_rel'.
WARNING:  Option 'mip_integral_gap_abs' deprecated, please use 'mip_opt_gap_abs'.
WARNING:  Option 'mip_integral_gap_rel' deprecated, please use 'mip_opt_gap_rel'.
WARNING:  Option 'mip_integral_gap_abs' deprecated, please use 'mip_opt_gap_abs'.
WARNING:  Option 'mip_integral_gap_rel' deprecated, please use 'mip_opt_gap_rel'.
     604    9.088202e-01   0.000e+00   2.067e-02   6.867e-02        0
WARNING:  Option 'mip_integral_gap_abs' deprecated, please use 'mip_opt_gap_abs'.
WARNING:  Option 'mip_integral_gap_rel' deprecated, please use 'mip_opt_gap_rel'.
WARNING:  Option 'mip_integral_gap_abs' deprecated, please use 'mip_opt_gap_abs'.
WARNING:  Option 'mip_integral_gap_rel' deprecated, please use 'mip_opt_gap_rel'.
     605    9.064898e-01   0.000e+00   1.415e-02   1.639e-02        0
WARNING:  Option 'mip_integral_gap_abs' deprecated, please use 'mip_opt_gap_abs'.
WARNING:  Option 'mip_integral_gap_rel' deprecated, please use 'mip_opt_gap_rel'.
WARNING:  Option 'mip_integral_gap_abs' deprecated, please use 'mip_opt_gap_abs'.
WARNING:  Option 'mip_integral_gap_rel' deprecated, please use 'mip_opt_gap_rel'.
WARNING:  Option 'mip_integral_gap_abs' deprecated, please use 'mip_opt_gap_abs'.
WARNING:  Option 'mip_integral_gap_rel' deprecated, please use 'mip_opt_gap_rel'.
     606    9.056956e-01   0.000e+00   1.290e+00   5.601e-02        0
WARNING:  Option 'mip_integral_gap_abs' deprecated, please use 'mip_opt_gap_abs'.
WARNING:  Option 'mip_integral_gap_rel' deprecated, please use 'mip_opt_gap_rel'.
WARNING:  Option 'mip_integral_gap_abs' deprecated, please use 'mip_opt_gap_abs'.
WARNING:  Option 'mip_integral_gap_rel' deprecated, please use 'mip_opt_gap_rel'.
WARNING:  Option 'mip_integral_gap_abs' deprecated, please use 'mip_opt_gap_abs'.
WARNING:  Option 'mip_integral_gap_rel' deprecated, please use 'mip_opt_gap_rel'.
WARNING:  Option 'mip_integral_gap_abs' deprecated, please use 'mip_opt_gap_abs'.
WARNING:  Option 'mip_integral_gap_rel' deprecated, please use 'mip_opt_gap_rel'.
WARNING:  Option 'mip_integral_gap_abs' deprecated, please use 'mip_opt_gap_abs'.
WARNING:  Option 'mip_integral_gap_rel' deprecated, please use 'mip_opt_gap_rel'.
WARNING:  Option 'mip_integral_gap_abs' deprecated, please use 'mip_opt_gap_abs'.
WARNING:  Option 'mip_integral_gap_rel' deprecated, please use 'mip_opt_gap_rel'.
     607    9.051376e-01   0.000e+00   9.289e-01   5.263e-03        0
WARNING:  Option 'mip_integral_gap_abs' deprecated, please use 'mip_opt_gap_abs'.
WARNING:  Option 'mip_integral_gap_rel' deprecated, please use 'mip_opt_gap_rel'.
WARNING:  Option 'mip_integral_gap_abs' deprecated, please use 'mip_opt_gap_abs'.
WARNING:  Option 'mip_integral_gap_rel' deprecated, please use 'mip_opt_gap_rel'.
WARNING:  Option 'mip_integral_gap_abs' deprecated, please use 'mip_opt_gap_abs'.
WARNING:  Option 'mip_integral_gap_rel' deprecated, please use 'mip_opt_gap_rel'.
WARNING:  Option 'mip_integral_gap_abs' deprecated, please use 'mip_opt_gap_abs'.
WARNING:  Option 'mip_integral_gap_rel' deprecated, please use 'mip_opt_gap_rel'.
WARNING:  Option 'mip_integral_gap_abs' deprecated, please use 'mip_opt_gap_abs'.
WARNING:  Option 'mip_integral_gap_rel' deprecated, please use 'mip_opt_gap_rel'.
WARNING:  Option 'mip_integral_gap_abs' deprecated, please use 'mip_opt_gap_abs'.
WARNING:  Option 'mip_integral_gap_rel' deprecated, please use 'mip_opt_gap_rel'.
WARNING:  Option 'mip_integral_gap_abs' deprecated, please use 'mip_opt_gap_abs'.
WARNING:  Option 'mip_integral_gap_rel' deprecated, please use 'mip_opt_gap_rel'.
WARNING:  Option 'mip_integral_gap_abs' deprecated, please use 'mip_opt_gap_abs'.
WARNING:  Option 'mip_integral_gap_rel' deprecated, please use 'mip_opt_gap_rel'.
WARNING:  Option 'mip_integral_gap_abs' deprecated, please use 'mip_opt_gap_abs'.
WARNING:  Option 'mip_integral_gap_rel' deprecated, please use 'mip_opt_gap_rel'.
WARNING:  Option 'mip_integral_gap_abs' deprecated, please use 'mip_opt_gap_abs'.
WARNING:  Option 'mip_integral_gap_rel' deprecated, please use 'mip_opt_gap_rel'.
WARNING:  Option 'mip_integral_gap_abs' deprecated, please use 'mip_opt_gap_abs'.
WARNING:  Option 'mip_integral_gap_rel' deprecated, please use 'mip_opt_gap_rel'.
WARNING:  Option 'mip_integral_gap_abs' deprecated, please use 'mip_opt_gap_abs'.
WARNING:  Option 'mip_integral_gap_rel' deprecated, please use 'mip_opt_gap_rel'.
WARNING:  Option 'mip_integral_gap_abs' deprecated, please use 'mip_opt_gap_abs'.
WARNING:  Option 'mip_integral_gap_rel' deprecated, please use 'mip_opt_gap_rel'.
     608    9.050881e-01   0.000e+00   2.744e-02   1.750e-03        1
WARNING:  Option 'mip_integral_gap_abs' deprecated, please use 'mip_opt_gap_abs'.
WARNING:  Option 'mip_integral_gap_rel' deprecated, please use 'mip_opt_gap_rel'.
WARNING:  Option 'mip_integral_gap_abs' deprecated, please use 'mip_opt_gap_abs'.
WARNING:  Option 'mip_integral_gap_rel' deprecated, please use 'mip_opt_gap_rel'.
WARNING:  Option 'mip_integral_gap_abs' deprecated, please use 'mip_opt_gap_abs'.
WARNING:  Option 'mip_integral_gap_rel' deprecated, please use 'mip_opt_gap_rel'.
WARNING:  Option 'mip_integral_gap_abs' deprecated, please use 'mip_opt_gap_abs'.
WARNING:  Option 'mip_integral_gap_rel' deprecated, please use 'mip_opt_gap_rel'.
WARNING:  Option 'mip_integral_gap_abs' deprecated, please use 'mip_opt_gap_abs'.
WARNING:  Option 'mip_integral_gap_rel' deprecated, please use 'mip_opt_gap_rel'.
     609    9.050713e-01   0.000e+00   2.330e-02   7.261e-04        0
WARNING:  Option 'mip_integral_gap_abs' deprecated, please use 'mip_opt_gap_abs'.
WARNING:  Option 'mip_integral_gap_rel' deprecated, please use 'mip_opt_gap_rel'.
WARNING:  Option 'mip_integral_gap_abs' deprecated, please use 'mip_opt_gap_abs'.
WARNING:  Option 'mip_integral_gap_rel' deprecated, please use 'mip_opt_gap_rel'.
WARNING:  Option 'mip_integral_gap_abs' deprecated, please use 'mip_opt_gap_abs'.
WARNING:  Option 'mip_integral_gap_rel' deprecated, please use 'mip_opt_gap_rel'.
WARNING:  Option 'mip_integral_gap_abs' deprecated, please use 'mip_opt_gap_abs'.
WARNING:  Option 'mip_integral_gap_rel' deprecated, please use 'mip_opt_gap_rel'.
WARNING:  Option 'mip_integral_gap_abs' deprecated, please use 'mip_opt_gap_abs'.
WARNING:  Option 'mip_integral_gap_rel' deprecated, please use 'mip_opt_gap_rel'.
WARNING:  Option 'mip_integral_gap_abs' deprecated, please use 'mip_opt_gap_abs'.
WARNING:  Option 'mip_integral_gap_rel' deprecated, please use 'mip_opt_gap_rel'.
WARNING:  Option 'mip_integral_gap_abs' deprecated, please use 'mip_opt_gap_abs'.
WARNING:  Option 'mip_integral_gap_rel' deprecated, please use 'mip_opt_gap_rel'.
WARNING:  Option 'mip_integral_gap_abs' deprecated, please use 'mip_opt_gap_abs'.
WARNING:  Option 'mip_integral_gap_rel' deprecated, please use 'mip_opt_gap_rel'.
WARNING:  Option 'mip_integral_gap_abs' deprecated, please use 'mip_opt_gap_abs'.
WARNING:  Option 'mip_integral_gap_rel' deprecated, please use 'mip_opt_gap_rel'.
WARNING:  Option 'mip_integral_gap_abs' deprecated, please use 'mip_opt_gap_abs'.
WARNING:  Option 'mip_integral_gap_rel' deprecated, please use 'mip_opt_gap_rel'.
WARNING:  Option 'mip_integral_gap_abs' deprecated, please use 'mip_opt_gap_abs'.
WARNING:  Option 'mip_integral_gap_rel' deprecated, please use 'mip_opt_gap_rel'.
     610    9.050613e-01   0.000e+00   2.300e-02   3.670e-04        1
WARNING:  Option 'mip_integral_gap_abs' deprecated, please use 'mip_opt_gap_abs'.
WARNING:  Option 'mip_integral_gap_rel' deprecated, please use 'mip_opt_gap_rel'.
WARNING:  Option 'mip_integral_gap_abs' deprecated, please use 'mip_opt_gap_abs'.
WARNING:  Option 'mip_integral_gap_rel' deprecated, please use 'mip_opt_gap_rel'.
WARNING:  Option 'mip_integral_gap_abs' deprecated, please use 'mip_opt_gap_abs'.
WARNING:  Option 'mip_integral_gap_rel' deprecated, please use 'mip_opt_gap_rel'.
WARNING:  Option 'mip_integral_gap_abs' deprecated, please use 'mip_opt_gap_abs'.
WARNING:  Option 'mip_integral_gap_rel' deprecated, please use 'mip_opt_gap_rel'.
WARNING:  Option 'mip_integral_gap_abs' deprecated, please use 'mip_opt_gap_abs'.
WARNING:  Option 'mip_integral_gap_rel' deprecated, please use 'mip_opt_gap_rel'.
WARNING:  Option 'mip_integral_gap_abs' deprecated, please use 'mip_opt_gap_abs'.
WARNING:  Option 'mip_integral_gap_rel' deprecated, please use 'mip_opt_gap_rel'.
WARNING:  Option 'mip_integral_gap_abs' deprecated, please use 'mip_opt_gap_abs'.
WARNING:  Option 'mip_integral_gap_rel' deprecated, please use 'mip_opt_gap_rel'.
WARNING:  Option 'mip_integral_gap_abs' deprecated, please use 'mip_opt_gap_abs'.
WARNING:  Option 'mip_integral_gap_rel' deprecated, please use 'mip_opt_gap_rel'.
WARNING:  Option 'mip_integral_gap_abs' deprecated, please use 'mip_opt_gap_abs'.
WARNING:  Option 'mip_integral_gap_rel' deprecated, please use 'mip_opt_gap_rel'.
WARNING:  Option 'mip_integral_gap_abs' deprecated, please use 'mip_opt_gap_abs'.
WARNING:  Option 'mip_integral_gap_rel' deprecated, please use 'mip_opt_gap_rel'.
WARNING:  Option 'mip_integral_gap_abs' deprecated, please use 'mip_opt_gap_abs'.
WARNING:  Option 'mip_integral_gap_rel' deprecated, please use 'mip_opt_gap_rel'.
WARNING:  Option 'mip_integral_gap_abs' deprecated, please use 'mip_opt_gap_abs'.
WARNING:  Option 'mip_integral_gap_rel' deprecated, please use 'mip_opt_gap_rel'.
WARNING:  Option 'mip_integral_gap_abs' deprecated, please use 'mip_opt_gap_abs'.
WARNING:  Option 'mip_integral_gap_rel' deprecated, please use 'mip_opt_gap_rel'.
WARNING:  Option 'mip_integral_gap_abs' deprecated, please use 'mip_opt_gap_abs'.
WARNING:  Option 'mip_integral_gap_rel' deprecated, please use 'mip_opt_gap_rel'.
     611    9.050577e-01   0.000e+00   2.274e-02   7.367e-05        8
WARNING:  Option 'mip_integral_gap_abs' deprecated, please use 'mip_opt_gap_abs'.
WARNING:  Option 'mip_integral_gap_rel' deprecated, please use 'mip_opt_gap_rel'.
WARNING:  Option 'mip_integral_gap_abs' deprecated, please use 'mip_opt_gap_abs'.
WARNING:  Option 'mip_integral_gap_rel' deprecated, please use 'mip_opt_gap_rel'.
WARNING:  Option 'mip_integral_gap_abs' deprecated, please use 'mip_opt_gap_abs'.
WARNING:  Option 'mip_integral_gap_rel' deprecated, please use 'mip_opt_gap_rel'.
WARNING:  Option 'mip_integral_gap_abs' deprecated, please use 'mip_opt_gap_abs'.
WARNING:  Option 'mip_integral_gap_rel' deprecated, please use 'mip_opt_gap_rel'.
     612    9.050575e-01   0.000e+00   2.274e-02   4.556e-06        0
WARNING:  Option 'mip_integral_gap_abs' deprecated, please use 'mip_opt_gap_abs'.
WARNING:  Option 'mip_integral_gap_rel' deprecated, please use 'mip_opt_gap_rel'.
WARNING:  Option 'mip_integral_gap_abs' deprecated, please use 'mip_opt_gap_abs'.
WARNING:  Option 'mip_integral_gap_rel' deprecated, please use 'mip_opt_gap_rel'.
WARNING:  Option 'mip_integral_gap_abs' deprecated, please use 'mip_opt_gap_abs'.
WARNING:  Option 'mip_integral_gap_rel' deprecated, please use 'mip_opt_gap_rel'.
WARNING:  Option 'mip_integral_gap_abs' deprecated, please use 'mip_opt_gap_abs'.
WARNING:  Option 'mip_integral_gap_rel' deprecated, please use 'mip_opt_gap_rel'.
WARNING:  Option 'mip_integral_gap_abs' deprecated, please use 'mip_opt_gap_abs'.
WARNING:  Option 'mip_integral_gap_rel' deprecated, please use 'mip_opt_gap_rel'.
WARNING:  Option 'mip_integral_gap_abs' deprecated, please use 'mip_opt_gap_abs'.
WARNING:  Option 'mip_integral_gap_rel' deprecated, please use 'mip_opt_gap_rel'.
WARNING:  Option 'mip_integral_gap_abs' deprecated, please use 'mip_opt_gap_abs'.
WARNING:  Option 'mip_integral_gap_rel' deprecated, please use 'mip_opt_gap_rel'.
WARNING:  Option 'mip_integral_gap_abs' deprecated, please use 'mip_opt_gap_abs'.
WARNING:  Option 'mip_integral_gap_rel' deprecated, please use 'mip_opt_gap_rel'.
WARNING:  Option 'mip_integral_gap_abs' deprecated, please use 'mip_opt_gap_abs'.
WARNING:  Option 'mip_integral_gap_rel' deprecated, please use 'mip_opt_gap_rel'.
     613    9.050538e-01   0.000e+00   2.249e-02   7.352e-05        1
WARNING:  Option 'mip_integral_gap_abs' deprecated, please use 'mip_opt_gap_abs'.
WARNING:  Option 'mip_integral_gap_rel' deprecated, please use 'mip_opt_gap_rel'.
WARNING:  Option 'mip_integral_gap_abs' deprecated, please use 'mip_opt_gap_abs'.
WARNING:  Option 'mip_integral_gap_rel' deprecated, please use 'mip_opt_gap_rel'.
WARNING:  Option 'mip_integral_gap_abs' deprecated, please use 'mip_opt_gap_abs'.
WARNING:  Option 'mip_integral_gap_rel' deprecated, please use 'mip_opt_gap_rel'.
     614    9.045322e-01   0.000e+00   1.299e-02   2.764e-02        0
WARNING:  Option 'mip_integral_gap_abs' deprecated, please use 'mip_opt_gap_abs'.
WARNING:  Option 'mip_integral_gap_rel' deprecated, please use 'mip_opt_gap_rel'.
WARNING:  Option 'mip_integral_gap_abs' deprecated, please use 'mip_opt_gap_abs'.
WARNING:  Option 'mip_integral_gap_rel' deprecated, please use 'mip_opt_gap_rel'.
WARNING:  Option 'mip_integral_gap_abs' deprecated, please use 'mip_opt_gap_abs'.
WARNING:  Option 'mip_integral_gap_rel' deprecated, please use 'mip_opt_gap_rel'.
WARNING:  Option 'mip_integral_gap_abs' deprecated, please use 'mip_opt_gap_abs'.
WARNING:  Option 'mip_integral_gap_rel' deprecated, please use 'mip_opt_gap_rel'.
WARNING:  Option 'mip_integral_gap_abs' deprecated, please use 'mip_opt_gap_abs'.
WARNING:  Option 'mip_integral_gap_rel' deprecated, please use 'mip_opt_gap_rel'.
WARNING:  Option 'mip_integral_gap_abs' deprecated, please use 'mip_opt_gap_abs'.
WARNING:  Option 'mip_integral_gap_rel' deprecated, please use 'mip_opt_gap_rel'.
WARNING:  Option 'mip_integral_gap_abs' deprecated, please use 'mip_opt_gap_abs'.
WARNING:  Option 'mip_integral_gap_rel' deprecated, please use 'mip_opt_gap_rel'.
WARNING:  Option 'mip_integral_gap_abs' deprecated, please use 'mip_opt_gap_abs'.
WARNING:  Option 'mip_integral_gap_rel' deprecated, please use 'mip_opt_gap_rel'.
WARNING:  Option 'mip_integral_gap_abs' deprecated, please use 'mip_opt_gap_abs'.
WARNING:  Option 'mip_integral_gap_rel' deprecated, please use 'mip_opt_gap_rel'.
WARNING:  Option 'mip_integral_gap_abs' deprecated, please use 'mip_opt_gap_abs'.
WARNING:  Option 'mip_integral_gap_rel' deprecated, please use 'mip_opt_gap_rel'.
WARNING:  Option 'mip_integral_gap_abs' deprecated, please use 'mip_opt_gap_abs'.
WARNING:  Option 'mip_integral_gap_rel' deprecated, please use 'mip_opt_gap_rel'.
WARNING:  Option 'mip_integral_gap_abs' deprecated, please use 'mip_opt_gap_abs'.
WARNING:  Option 'mip_integral_gap_rel' deprecated, please use 'mip_opt_gap_rel'.
WARNING:  Option 'mip_integral_gap_abs' deprecated, please use 'mip_opt_gap_abs'.
WARNING:  Option 'mip_integral_gap_rel' deprecated, please use 'mip_opt_gap_rel'.
WARNING:  Option 'mip_integral_gap_abs' deprecated, please use 'mip_opt_gap_abs'.
WARNING:  Option 'mip_integral_gap_rel' deprecated, please use 'mip_opt_gap_rel'.
     615    9.045312e-01   0.000e+00   1.099e-02   5.529e-05       59
WARNING:  Option 'mip_integral_gap_abs' deprecated, please use 'mip_opt_gap_abs'.
WARNING:  Option 'mip_integral_gap_rel' deprecated, please use 'mip_opt_gap_rel'.
WARNING:  Option 'mip_integral_gap_abs' deprecated, please use 'mip_opt_gap_abs'.
WARNING:  Option 'mip_integral_gap_rel' deprecated, please use 'mip_opt_gap_rel'.
WARNING:  Option 'mip_integral_gap_abs' deprecated, please use 'mip_opt_gap_abs'.
WARNING:  Option 'mip_integral_gap_rel' deprecated, please use 'mip_opt_gap_rel'.
WARNING:  Option 'mip_integral_gap_abs' deprecated, please use 'mip_opt_gap_abs'.
WARNING:  Option 'mip_integral_gap_rel' deprecated, please use 'mip_opt_gap_rel'.
     616    9.045294e-01   0.000e+00   4.766e-02   9.653e-05        7
WARNING:  Option 'mip_integral_gap_abs' deprecated, please use 'mip_opt_gap_abs'.
WARNING:  Option 'mip_integral_gap_rel' deprecated, please use 'mip_opt_gap_rel'.
WARNING:  Option 'mip_integral_gap_abs' deprecated, please use 'mip_opt_gap_abs'.
WARNING:  Option 'mip_integral_gap_rel' deprecated, please use 'mip_opt_gap_rel'.
WARNING:  Option 'mip_integral_gap_abs' deprecated, please use 'mip_opt_gap_abs'.
WARNING:  Option 'mip_integral_gap_rel' deprecated, please use 'mip_opt_gap_rel'.
WARNING:  Option 'mip_integral_gap_abs' deprecated, please use 'mip_opt_gap_abs'.
WARNING:  Option 'mip_integral_gap_rel' deprecated, please use 'mip_opt_gap_rel'.
WARNING:  Option 'mip_integral_gap_abs' deprecated, please use 'mip_opt_gap_abs'.
WARNING:  Option 'mip_integral_gap_rel' deprecated, please use 'mip_opt_gap_rel'.
WARNING:  Option 'mip_integral_gap_abs' deprecated, please use 'mip_opt_gap_abs'.
WARNING:  Option 'mip_integral_gap_rel' deprecated, please use 'mip_opt_gap_rel'.
WARNING:  Option 'mip_integral_gap_abs' deprecated, please use 'mip_opt_gap_abs'.
WARNING:  Option 'mip_integral_gap_rel' deprecated, please use 'mip_opt_gap_rel'.
WARNING:  Option 'mip_integral_gap_abs' deprecated, please use 'mip_opt_gap_abs'.
WARNING:  Option 'mip_integral_gap_rel' deprecated, please use 'mip_opt_gap_rel'.
     617    9.045282e-01   0.000e+00   2.152e-02   4.776e-06        4
WARNING:  Option 'mip_integral_gap_abs' deprecated, please use 'mip_opt_gap_abs'.
WARNING:  Option 'mip_integral_gap_rel' deprecated, please use 'mip_opt_gap_rel'.
WARNING:  Option 'mip_integral_gap_abs' deprecated, please use 'mip_opt_gap_abs'.
WARNING:  Option 'mip_integral_gap_rel' deprecated, please use 'mip_opt_gap_rel'.
WARNING:  Option 'mip_integral_gap_abs' deprecated, please use 'mip_opt_gap_abs'.
WARNING:  Option 'mip_integral_gap_rel' deprecated, please use 'mip_opt_gap_rel'.
     618    9.045282e-01   0.000e+00   2.152e-02   8.162e-10        0
WARNING:  Option 'mip_integral_gap_abs' deprecated, please use 'mip_opt_gap_abs'.
WARNING:  Option 'mip_integral_gap_rel' deprecated, please use 'mip_opt_gap_rel'.
WARNING:  Option 'mip_integral_gap_abs' deprecated, please use 'mip_opt_gap_abs'.
WARNING:  Option 'mip_integral_gap_rel' deprecated, please use 'mip_opt_gap_rel'.
     619    9.045421e-01   0.000e+00   1.428e-02   3.577e-05        0
WARNING:  Option 'mip_integral_gap_abs' deprecated, please use 'mip_opt_gap_abs'.
WARNING:  Option 'mip_integral_gap_rel' deprecated, please use 'mip_opt_gap_rel'.
WARNING:  Option 'mip_integral_gap_abs' deprecated, please use 'mip_opt_gap_abs'.
WARNING:  Option 'mip_integral_gap_rel' deprecated, please use 'mip_opt_gap_rel'.
     620    9.045357e-01   0.000e+00   1.235e-02   5.244e-05        0
WARNING:  Option 'mip_integral_gap_abs' deprecated, please use 'mip_opt_gap_abs'.
WARNING:  Option 'mip_integral_gap_rel' deprecated, please use 'mip_opt_gap_rel'.
WARNING:  Option 'mip_integral_gap_abs' deprecated, please use 'mip_opt_gap_abs'.
WARNING:  Option 'mip_integral_gap_rel' deprecated, please use 'mip_opt_gap_rel'.
     621    9.044544e-01   0.000e+00   7.848e-03   6.559e-03        0
WARNING:  Option 'mip_integral_gap_abs' deprecated, please use 'mip_opt_gap_abs'.
WARNING:  Option 'mip_integral_gap_rel' deprecated, please use 'mip_opt_gap_rel'.
WARNING:  Option 'mip_integral_gap_abs' deprecated, please use 'mip_opt_gap_abs'.
WARNING:  Option 'mip_integral_gap_rel' deprecated, please use 'mip_opt_gap_rel'.
     622    9.043036e-01   0.000e+00   1.069e-01   2.274e-02        0
WARNING:  Option 'mip_integral_gap_abs' deprecated, please use 'mip_opt_gap_abs'.
WARNING:  Option 'mip_integral_gap_rel' deprecated, please use 'mip_opt_gap_rel'.
WARNING:  Option 'mip_integral_gap_abs' deprecated, please use 'mip_opt_gap_abs'.
WARNING:  Option 'mip_integral_gap_rel' deprecated, please use 'mip_opt_gap_rel'.
WARNING:  Option 'mip_integral_gap_abs' deprecated, please use 'mip_opt_gap_abs'.
WARNING:  Option 'mip_integral_gap_rel' deprecated, please use 'mip_opt_gap_rel'.
WARNING:  Option 'mip_integral_gap_abs' deprecated, please use 'mip_opt_gap_abs'.
WARNING:  Option 'mip_integral_gap_rel' deprecated, please use 'mip_opt_gap_rel'.
WARNING:  Option 'mip_integral_gap_abs' deprecated, please use 'mip_opt_gap_abs'.
WARNING:  Option 'mip_integral_gap_rel' deprecated, please use 'mip_opt_gap_rel'.
WARNING:  Option 'mip_integral_gap_abs' deprecated, please use 'mip_opt_gap_abs'.
WARNING:  Option 'mip_integral_gap_rel' deprecated, please use 'mip_opt_gap_rel'.
     623    9.042337e-01   0.000e+00   4.716e-03   3.250e-03        0
WARNING:  Option 'mip_integral_gap_abs' deprecated, please use 'mip_opt_gap_abs'.
WARNING:  Option 'mip_integral_gap_rel' deprecated, please use 'mip_opt_gap_rel'.
WARNING:  Option 'mip_integral_gap_abs' deprecated, please use 'mip_opt_gap_abs'.
WARNING:  Option 'mip_integral_gap_rel' deprecated, please use 'mip_opt_gap_rel'.
     624    9.042299e-01   0.000e+00   3.162e-03   2.644e-03        0
WARNING:  Option 'mip_integral_gap_abs' deprecated, please use 'mip_opt_gap_abs'.
WARNING:  Option 'mip_integral_gap_rel' deprecated, please use 'mip_opt_gap_rel'.
WARNING:  Option 'mip_integral_gap_abs' deprecated, please use 'mip_opt_gap_abs'.
WARNING:  Option 'mip_integral_gap_rel' deprecated, please use 'mip_opt_gap_rel'.
     625    9.042080e-01   0.000e+00   3.825e-03   1.086e-02        0
WARNING:  Option 'mip_integral_gap_abs' deprecated, please use 'mip_opt_gap_abs'.
WARNING:  Option 'mip_integral_gap_rel' deprecated, please use 'mip_opt_gap_rel'.
WARNING:  Option 'mip_integral_gap_abs' deprecated, please use 'mip_opt_gap_abs'.
WARNING:  Option 'mip_integral_gap_rel' deprecated, please use 'mip_opt_gap_rel'.
     626    9.041644e-01   0.000e+00   3.403e-03   2.816e-02        0
WARNING:  Option 'mip_integral_gap_abs' deprecated, please use 'mip_opt_gap_abs'.
WARNING:  Option 'mip_integral_gap_rel' deprecated, please use 'mip_opt_gap_rel'.
WARNING:  Option 'mip_integral_gap_abs' deprecated, please use 'mip_opt_gap_abs'.
WARNING:  Option 'mip_integral_gap_rel' deprecated, please use 'mip_opt_gap_rel'.
     627    9.041041e-01   0.000e+00   3.476e-03   2.562e-03        0
WARNING:  Option 'mip_integral_gap_abs' deprecated, please use 'mip_opt_gap_abs'.
WARNING:  Option 'mip_integral_gap_rel' deprecated, please use 'mip_opt_gap_rel'.
WARNING:  Option 'mip_integral_gap_abs' deprecated, please use 'mip_opt_gap_abs'.
WARNING:  Option 'mip_integral_gap_rel' deprecated, please use 'mip_opt_gap_rel'.
WARNING:  Option 'mip_integral_gap_abs' deprecated, please use 'mip_opt_gap_abs'.
WARNING:  Option 'mip_integral_gap_rel' deprecated, please use 'mip_opt_gap_rel'.
     628    9.040894e-01   0.000e+00   6.402e-02   2.831e-04        0
WARNING:  Option 'mip_integral_gap_abs' deprecated, please use 'mip_opt_gap_abs'.
WARNING:  Option 'mip_integral_gap_rel' deprecated, please use 'mip_opt_gap_rel'.
WARNING:  Option 'mip_integral_gap_abs' deprecated, please use 'mip_opt_gap_abs'.
WARNING:  Option 'mip_integral_gap_rel' deprecated, please use 'mip_opt_gap_rel'.
     629    9.040764e-01   0.000e+00   3.491e-03   8.463e-04        0
WARNING:  Option 'mip_integral_gap_abs' deprecated, please use 'mip_opt_gap_abs'.
WARNING:  Option 'mip_integral_gap_rel' deprecated, please use 'mip_opt_gap_rel'.
WARNING:  Option 'mip_integral_gap_abs' deprecated, please use 'mip_opt_gap_abs'.
WARNING:  Option 'mip_integral_gap_rel' deprecated, please use 'mip_opt_gap_rel'.
     630    9.040218e-01   0.000e+00   2.040e-01   1.870e-02        0
WARNING:  Option 'mip_integral_gap_abs' deprecated, please use 'mip_opt_gap_abs'.
WARNING:  Option 'mip_integral_gap_rel' deprecated, please use 'mip_opt_gap_rel'.
WARNING:  Option 'mip_integral_gap_abs' deprecated, please use 'mip_opt_gap_abs'.
WARNING:  Option 'mip_integral_gap_rel' deprecated, please use 'mip_opt_gap_rel'.
WARNING:  Option 'mip_integral_gap_abs' deprecated, please use 'mip_opt_gap_abs'.
WARNING:  Option 'mip_integral_gap_rel' deprecated, please use 'mip_opt_gap_rel'.
     631    9.039885e-01   0.000e+00   3.247e-03   2.534e-03        0
WARNING:  Option 'mip_integral_gap_abs' deprecated, please use 'mip_opt_gap_abs'.
WARNING:  Option 'mip_integral_gap_rel' deprecated, please use 'mip_opt_gap_rel'.
WARNING:  Option 'mip_integral_gap_abs' deprecated, please use 'mip_opt_gap_abs'.
WARNING:  Option 'mip_integral_gap_rel' deprecated, please use 'mip_opt_gap_rel'.
     632    9.039287e-01   0.000e+00   1.277e-02   1.137e-02        8
WARNING:  Option 'mip_integral_gap_abs' deprecated, please use 'mip_opt_gap_abs'.
WARNING:  Option 'mip_integral_gap_rel' deprecated, please use 'mip_opt_gap_rel'.
WARNING:  Option 'mip_integral_gap_abs' deprecated, please use 'mip_opt_gap_abs'.
WARNING:  Option 'mip_integral_gap_rel' deprecated, please use 'mip_opt_gap_rel'.
WARNING:  Option 'mip_integral_gap_abs' deprecated, please use 'mip_opt_gap_abs'.
WARNING:  Option 'mip_integral_gap_rel' deprecated, please use 'mip_opt_gap_rel'.
     633    9.037965e-01   8.350e-06   4.514e-03   7.446e-03        0
WARNING:  Option 'mip_integral_gap_abs' deprecated, please use 'mip_opt_gap_abs'.
WARNING:  Option 'mip_integral_gap_rel' deprecated, please use 'mip_opt_gap_rel'.
WARNING:  Option 'mip_integral_gap_abs' deprecated, please use 'mip_opt_gap_abs'.
WARNING:  Option 'mip_integral_gap_rel' deprecated, please use 'mip_opt_gap_rel'.
     634    9.037108e-01   0.000e+00   7.112e-03   2.184e-02        0
WARNING:  Option 'mip_integral_gap_abs' deprecated, please use 'mip_opt_gap_abs'.
WARNING:  Option 'mip_integral_gap_rel' deprecated, please use 'mip_opt_gap_rel'.
WARNING:  Option 'mip_integral_gap_abs' deprecated, please use 'mip_opt_gap_abs'.
WARNING:  Option 'mip_integral_gap_rel' deprecated, please use 'mip_opt_gap_rel'.
     635    9.022142e-01   0.000e+00   9.138e-03   3.187e-01        0
WARNING:  Option 'mip_integral_gap_abs' deprecated, please use 'mip_opt_gap_abs'.
WARNING:  Option 'mip_integral_gap_rel' deprecated, please use 'mip_opt_gap_rel'.
WARNING:  Option 'mip_integral_gap_abs' deprecated, please use 'mip_opt_gap_abs'.
WARNING:  Option 'mip_integral_gap_rel' deprecated, please use 'mip_opt_gap_rel'.
WARNING:  Option 'mip_integral_gap_abs' deprecated, please use 'mip_opt_gap_abs'.
WARNING:  Option 'mip_integral_gap_rel' deprecated, please use 'mip_opt_gap_rel'.
WARNING:  Option 'mip_integral_gap_abs' deprecated, please use 'mip_opt_gap_abs'.
WARNING:  Option 'mip_integral_gap_rel' deprecated, please use 'mip_opt_gap_rel'.
WARNING:  Option 'mip_integral_gap_abs' deprecated, please use 'mip_opt_gap_abs'.
WARNING:  Option 'mip_integral_gap_rel' deprecated, please use 'mip_opt_gap_rel'.
WARNING:  Option 'mip_integral_gap_abs' deprecated, please use 'mip_opt_gap_abs'.
WARNING:  Option 'mip_integral_gap_rel' deprecated, please use 'mip_opt_gap_rel'.
WARNING:  Option 'mip_integral_gap_abs' deprecated, please use 'mip_opt_gap_abs'.
WARNING:  Option 'mip_integral_gap_rel' deprecated, please use 'mip_opt_gap_rel'.
WARNING:  Option 'mip_integral_gap_abs' deprecated, please use 'mip_opt_gap_abs'.
WARNING:  Option 'mip_integral_gap_rel' deprecated, please use 'mip_opt_gap_rel'.
WARNING:  Option 'mip_integral_gap_abs' deprecated, please use 'mip_opt_gap_abs'.
WARNING:  Option 'mip_integral_gap_rel' deprecated, please use 'mip_opt_gap_rel'.
     636    9.012100e-01   0.000e+00   4.067e-03   1.109e-01        1
WARNING:  Option 'mip_integral_gap_abs' deprecated, please use 'mip_opt_gap_abs'.
WARNING:  Option 'mip_integral_gap_rel' deprecated, please use 'mip_opt_gap_rel'.
WARNING:  Option 'mip_integral_gap_abs' deprecated, please use 'mip_opt_gap_abs'.
WARNING:  Option 'mip_integral_gap_rel' deprecated, please use 'mip_opt_gap_rel'.
     637    9.011407e-01   0.000e+00   3.995e-03   1.356e-02        0
WARNING:  Option 'mip_integral_gap_abs' deprecated, please use 'mip_opt_gap_abs'.
WARNING:  Option 'mip_integral_gap_rel' deprecated, please use 'mip_opt_gap_rel'.
WARNING:  Option 'mip_integral_gap_abs' deprecated, please use 'mip_opt_gap_abs'.
WARNING:  Option 'mip_integral_gap_rel' deprecated, please use 'mip_opt_gap_rel'.
WARNING:  Option 'mip_integral_gap_abs' deprecated, please use 'mip_opt_gap_abs'.
WARNING:  Option 'mip_integral_gap_rel' deprecated, please use 'mip_opt_gap_rel'.
WARNING:  Option 'mip_integral_gap_abs' deprecated, please use 'mip_opt_gap_abs'.
WARNING:  Option 'mip_integral_gap_rel' deprecated, please use 'mip_opt_gap_rel'.
WARNING:  Option 'mip_integral_gap_abs' deprecated, please use 'mip_opt_gap_abs'.
WARNING:  Option 'mip_integral_gap_rel' deprecated, please use 'mip_opt_gap_rel'.
     638    9.010892e-01   0.000e+00   3.229e-03   9.050e-03        0
WARNING:  Option 'mip_integral_gap_abs' deprecated, please use 'mip_opt_gap_abs'.
WARNING:  Option 'mip_integral_gap_rel' deprecated, please use 'mip_opt_gap_rel'.
WARNING:  Option 'mip_integral_gap_abs' deprecated, please use 'mip_opt_gap_abs'.
WARNING:  Option 'mip_integral_gap_rel' deprecated, please use 'mip_opt_gap_rel'.
WARNING:  Option 'mip_integral_gap_abs' deprecated, please use 'mip_opt_gap_abs'.
WARNING:  Option 'mip_integral_gap_rel' deprecated, please use 'mip_opt_gap_rel'.
WARNING:  Option 'mip_integral_gap_abs' deprecated, please use 'mip_opt_gap_abs'.
WARNING:  Option 'mip_integral_gap_rel' deprecated, please use 'mip_opt_gap_rel'.
WARNING:  Option 'mip_integral_gap_abs' deprecated, please use 'mip_opt_gap_abs'.
WARNING:  Option 'mip_integral_gap_rel' deprecated, please use 'mip_opt_gap_rel'.
WARNING:  Option 'mip_integral_gap_abs' deprecated, please use 'mip_opt_gap_abs'.
WARNING:  Option 'mip_integral_gap_rel' deprecated, please use 'mip_opt_gap_rel'.
WARNING:  Option 'mip_integral_gap_abs' deprecated, please use 'mip_opt_gap_abs'.
WARNING:  Option 'mip_integral_gap_rel' deprecated, please use 'mip_opt_gap_rel'.
WARNING:  Option 'mip_integral_gap_abs' deprecated, please use 'mip_opt_gap_abs'.
WARNING:  Option 'mip_integral_gap_rel' deprecated, please use 'mip_opt_gap_rel'.
WARNING:  Option 'mip_integral_gap_abs' deprecated, please use 'mip_opt_gap_abs'.
WARNING:  Option 'mip_integral_gap_rel' deprecated, please use 'mip_opt_gap_rel'.
WARNING:  Option 'mip_integral_gap_abs' deprecated, please use 'mip_opt_gap_abs'.
WARNING:  Option 'mip_integral_gap_rel' deprecated, please use 'mip_opt_gap_rel'.
WARNING:  Option 'mip_integral_gap_abs' deprecated, please use 'mip_opt_gap_abs'.
WARNING:  Option 'mip_integral_gap_rel' deprecated, please use 'mip_opt_gap_rel'.
WARNING:  Option 'mip_integral_gap_abs' deprecated, please use 'mip_opt_gap_abs'.
WARNING:  Option 'mip_integral_gap_rel' deprecated, please use 'mip_opt_gap_rel'.
WARNING:  Option 'mip_integral_gap_abs' deprecated, please use 'mip_opt_gap_abs'.
WARNING:  Option 'mip_integral_gap_rel' deprecated, please use 'mip_opt_gap_rel'.
     639    9.010827e-01   0.000e+00   3.182e-03   2.334e-03        1
WARNING:  Option 'mip_integral_gap_abs' deprecated, please use 'mip_opt_gap_abs'.
WARNING:  Option 'mip_integral_gap_rel' deprecated, please use 'mip_opt_gap_rel'.
WARNING:  Option 'mip_integral_gap_abs' deprecated, please use 'mip_opt_gap_abs'.
WARNING:  Option 'mip_integral_gap_rel' deprecated, please use 'mip_opt_gap_rel'.
WARNING:  Option 'mip_integral_gap_abs' deprecated, please use 'mip_opt_gap_abs'.
WARNING:  Option 'mip_integral_gap_rel' deprecated, please use 'mip_opt_gap_rel'.
WARNING:  Option 'mip_integral_gap_abs' deprecated, please use 'mip_opt_gap_abs'.
WARNING:  Option 'mip_integral_gap_rel' deprecated, please use 'mip_opt_gap_rel'.
WARNING:  Option 'mip_integral_gap_abs' deprecated, please use 'mip_opt_gap_abs'.
WARNING:  Option 'mip_integral_gap_rel' deprecated, please use 'mip_opt_gap_rel'.
WARNING:  Option 'mip_integral_gap_abs' deprecated, please use 'mip_opt_gap_abs'.
WARNING:  Option 'mip_integral_gap_rel' deprecated, please use 'mip_opt_gap_rel'.
     640    9.010716e-01   0.000e+00   3.029e-03   5.074e-03        0
WARNING:  Option 'mip_integral_gap_abs' deprecated, please use 'mip_opt_gap_abs'.
WARNING:  Option 'mip_integral_gap_rel' deprecated, please use 'mip_opt_gap_rel'.
WARNING:  Option 'mip_integral_gap_abs' deprecated, please use 'mip_opt_gap_abs'.
WARNING:  Option 'mip_integral_gap_rel' deprecated, please use 'mip_opt_gap_rel'.
WARNING:  Option 'mip_integral_gap_abs' deprecated, please use 'mip_opt_gap_abs'.
WARNING:  Option 'mip_integral_gap_rel' deprecated, please use 'mip_opt_gap_rel'.
WARNING:  Option 'mip_integral_gap_abs' deprecated, please use 'mip_opt_gap_abs'.
WARNING:  Option 'mip_integral_gap_rel' deprecated, please use 'mip_opt_gap_rel'.
WARNING:  Option 'mip_integral_gap_abs' deprecated, please use 'mip_opt_gap_abs'.
WARNING:  Option 'mip_integral_gap_rel' deprecated, please use 'mip_opt_gap_rel'.
WARNING:  Option 'mip_integral_gap_abs' deprecated, please use 'mip_opt_gap_abs'.
WARNING:  Option 'mip_integral_gap_rel' deprecated, please use 'mip_opt_gap_rel'.
WARNING:  Option 'mip_integral_gap_abs' deprecated, please use 'mip_opt_gap_abs'.
WARNING:  Option 'mip_integral_gap_rel' deprecated, please use 'mip_opt_gap_rel'.
WARNING:  Option 'mip_integral_gap_abs' deprecated, please use 'mip_opt_gap_abs'.
WARNING:  Option 'mip_integral_gap_rel' deprecated, please use 'mip_opt_gap_rel'.
WARNING:  Option 'mip_integral_gap_abs' deprecated, please use 'mip_opt_gap_abs'.
WARNING:  Option 'mip_integral_gap_rel' deprecated, please use 'mip_opt_gap_rel'.
WARNING:  Option 'mip_integral_gap_abs' deprecated, please use 'mip_opt_gap_abs'.
WARNING:  Option 'mip_integral_gap_rel' deprecated, please use 'mip_opt_gap_rel'.
WARNING:  Option 'mip_integral_gap_abs' deprecated, please use 'mip_opt_gap_abs'.
WARNING:  Option 'mip_integral_gap_rel' deprecated, please use 'mip_opt_gap_rel'.
WARNING:  Option 'mip_integral_gap_abs' deprecated, please use 'mip_opt_gap_abs'.
WARNING:  Option 'mip_integral_gap_rel' deprecated, please use 'mip_opt_gap_rel'.
WARNING:  Option 'mip_integral_gap_abs' deprecated, please use 'mip_opt_gap_abs'.
WARNING:  Option 'mip_integral_gap_rel' deprecated, please use 'mip_opt_gap_rel'.
WARNING:  Option 'mip_integral_gap_abs' deprecated, please use 'mip_opt_gap_abs'.
WARNING:  Option 'mip_integral_gap_rel' deprecated, please use 'mip_opt_gap_rel'.
WARNING:  Option 'mip_integral_gap_abs' deprecated, please use 'mip_opt_gap_abs'.
WARNING:  Option 'mip_integral_gap_rel' deprecated, please use 'mip_opt_gap_rel'.
WARNING:  Option 'mip_integral_gap_abs' deprecated, please use 'mip_opt_gap_abs'.
WARNING:  Option 'mip_integral_gap_rel' deprecated, please use 'mip_opt_gap_rel'.
WARNING:  Option 'mip_integral_gap_abs' deprecated, please use 'mip_opt_gap_abs'.
WARNING:  Option 'mip_integral_gap_rel' deprecated, please use 'mip_opt_gap_rel'.
WARNING:  Option 'mip_integral_gap_abs' deprecated, please use 'mip_opt_gap_abs'.
WARNING:  Option 'mip_integral_gap_rel' deprecated, please use 'mip_opt_gap_rel'.
WARNING:  Option 'mip_integral_gap_abs' deprecated, please use 'mip_opt_gap_abs'.
WARNING:  Option 'mip_integral_gap_rel' deprecated, please use 'mip_opt_gap_rel'.
WARNING:  Option 'mip_integral_gap_abs' deprecated, please use 'mip_opt_gap_abs'.
WARNING:  Option 'mip_integral_gap_rel' deprecated, please use 'mip_opt_gap_rel'.
WARNING:  Option 'mip_integral_gap_abs' deprecated, please use 'mip_opt_gap_abs'.
WARNING:  Option 'mip_integral_gap_rel' deprecated, please use 'mip_opt_gap_rel'.
WARNING:  Option 'mip_integral_gap_abs' deprecated, please use 'mip_opt_gap_abs'.
WARNING:  Option 'mip_integral_gap_rel' deprecated, please use 'mip_opt_gap_rel'.
WARNING:  Option 'mip_integral_gap_abs' deprecated, please use 'mip_opt_gap_abs'.
WARNING:  Option 'mip_integral_gap_rel' deprecated, please use 'mip_opt_gap_rel'.
     641    9.010716e-01   0.000e+00   3.016e-03   6.132e-06        1
WARNING:  Option 'mip_integral_gap_abs' deprecated, please use 'mip_opt_gap_abs'.
WARNING:  Option 'mip_integral_gap_rel' deprecated, please use 'mip_opt_gap_rel'.
WARNING:  Option 'mip_integral_gap_abs' deprecated, please use 'mip_opt_gap_abs'.
WARNING:  Option 'mip_integral_gap_rel' deprecated, please use 'mip_opt_gap_rel'.
WARNING:  Option 'mip_integral_gap_abs' deprecated, please use 'mip_opt_gap_abs'.
WARNING:  Option 'mip_integral_gap_rel' deprecated, please use 'mip_opt_gap_rel'.
WARNING:  Option 'mip_integral_gap_abs' deprecated, please use 'mip_opt_gap_abs'.
WARNING:  Option 'mip_integral_gap_rel' deprecated, please use 'mip_opt_gap_rel'.
WARNING:  Option 'mip_integral_gap_abs' deprecated, please use 'mip_opt_gap_abs'.
WARNING:  Option 'mip_integral_gap_rel' deprecated, please use 'mip_opt_gap_rel'.
WARNING:  Option 'mip_integral_gap_abs' deprecated, please use 'mip_opt_gap_abs'.
WARNING:  Option 'mip_integral_gap_rel' deprecated, please use 'mip_opt_gap_rel'.
WARNING:  Option 'mip_integral_gap_abs' deprecated, please use 'mip_opt_gap_abs'.
WARNING:  Option 'mip_integral_gap_rel' deprecated, please use 'mip_opt_gap_rel'.
     642    9.010715e-01   0.000e+00   1.051e-02   9.605e-06        5
WARNING:  Option 'mip_integral_gap_abs' deprecated, please use 'mip_opt_gap_abs'.
WARNING:  Option 'mip_integral_gap_rel' deprecated, please use 'mip_opt_gap_rel'.
WARNING:  Option 'mip_integral_gap_abs' deprecated, please use 'mip_opt_gap_abs'.
WARNING:  Option 'mip_integral_gap_rel' deprecated, please use 'mip_opt_gap_rel'.
     643    9.010712e-01   0.000e+00   3.133e-03   1.839e-05        3
WARNING:  Option 'mip_integral_gap_abs' deprecated, please use 'mip_opt_gap_abs'.
WARNING:  Option 'mip_integral_gap_rel' deprecated, please use 'mip_opt_gap_rel'.
WARNING:  Option 'mip_integral_gap_abs' deprecated, please use 'mip_opt_gap_abs'.
WARNING:  Option 'mip_integral_gap_rel' deprecated, please use 'mip_opt_gap_rel'.
     644    9.010419e-01   0.000e+00   2.894e-02   1.014e-02        0
WARNING:  Option 'mip_integral_gap_abs' deprecated, please use 'mip_opt_gap_abs'.
WARNING:  Option 'mip_integral_gap_rel' deprecated, please use 'mip_opt_gap_rel'.
WARNING:  Option 'mip_integral_gap_abs' deprecated, please use 'mip_opt_gap_abs'.
WARNING:  Option 'mip_integral_gap_rel' deprecated, please use 'mip_opt_gap_rel'.
WARNING:  Option 'mip_integral_gap_abs' deprecated, please use 'mip_opt_gap_abs'.
WARNING:  Option 'mip_integral_gap_rel' deprecated, please use 'mip_opt_gap_rel'.
WARNING:  Option 'mip_integral_gap_abs' deprecated, please use 'mip_opt_gap_abs'.
WARNING:  Option 'mip_integral_gap_rel' deprecated, please use 'mip_opt_gap_rel'.
WARNING:  Option 'mip_integral_gap_abs' deprecated, please use 'mip_opt_gap_abs'.
WARNING:  Option 'mip_integral_gap_rel' deprecated, please use 'mip_opt_gap_rel'.
WARNING:  Option 'mip_integral_gap_abs' deprecated, please use 'mip_opt_gap_abs'.
WARNING:  Option 'mip_integral_gap_rel' deprecated, please use 'mip_opt_gap_rel'.
WARNING:  Option 'mip_integral_gap_abs' deprecated, please use 'mip_opt_gap_abs'.
WARNING:  Option 'mip_integral_gap_rel' deprecated, please use 'mip_opt_gap_rel'.
WARNING:  Option 'mip_integral_gap_abs' deprecated, please use 'mip_opt_gap_abs'.
WARNING:  Option 'mip_integral_gap_rel' deprecated, please use 'mip_opt_gap_rel'.
WARNING:  Option 'mip_integral_gap_abs' deprecated, please use 'mip_opt_gap_abs'.
WARNING:  Option 'mip_integral_gap_rel' deprecated, please use 'mip_opt_gap_rel'.
WARNING:  Option 'mip_integral_gap_abs' deprecated, please use 'mip_opt_gap_abs'.
WARNING:  Option 'mip_integral_gap_rel' deprecated, please use 'mip_opt_gap_rel'.
WARNING:  Option 'mip_integral_gap_abs' deprecated, please use 'mip_opt_gap_abs'.
WARNING:  Option 'mip_integral_gap_rel' deprecated, please use 'mip_opt_gap_rel'.
WARNING:  Option 'mip_integral_gap_abs' deprecated, please use 'mip_opt_gap_abs'.
WARNING:  Option 'mip_integral_gap_rel' deprecated, please use 'mip_opt_gap_rel'.
WARNING:  Option 'mip_integral_gap_abs' deprecated, please use 'mip_opt_gap_abs'.
WARNING:  Option 'mip_integral_gap_rel' deprecated, please use 'mip_opt_gap_rel'.
WARNING:  Option 'mip_integral_gap_abs' deprecated, please use 'mip_opt_gap_abs'.
WARNING:  Option 'mip_integral_gap_rel' deprecated, please use 'mip_opt_gap_rel'.
WARNING:  Option 'mip_integral_gap_abs' deprecated, please use 'mip_opt_gap_abs'.
WARNING:  Option 'mip_integral_gap_rel' deprecated, please use 'mip_opt_gap_rel'.
WARNING:  Option 'mip_integral_gap_abs' deprecated, please use 'mip_opt_gap_abs'.
WARNING:  Option 'mip_integral_gap_rel' deprecated, please use 'mip_opt_gap_rel'.
WARNING:  Option 'mip_integral_gap_abs' deprecated, please use 'mip_opt_gap_abs'.
WARNING:  Option 'mip_integral_gap_rel' deprecated, please use 'mip_opt_gap_rel'.
WARNING:  Option 'mip_integral_gap_abs' deprecated, please use 'mip_opt_gap_abs'.
WARNING:  Option 'mip_integral_gap_rel' deprecated, please use 'mip_opt_gap_rel'.
WARNING:  Option 'mip_integral_gap_abs' deprecated, please use 'mip_opt_gap_abs'.
WARNING:  Option 'mip_integral_gap_rel' deprecated, please use 'mip_opt_gap_rel'.
     645    9.010413e-01   0.000e+00   4.431e-03   2.585e-05       20
WARNING:  Option 'mip_integral_gap_abs' deprecated, please use 'mip_opt_gap_abs'.
WARNING:  Option 'mip_integral_gap_rel' deprecated, please use 'mip_opt_gap_rel'.
WARNING:  Option 'mip_integral_gap_abs' deprecated, please use 'mip_opt_gap_abs'.
WARNING:  Option 'mip_integral_gap_rel' deprecated, please use 'mip_opt_gap_rel'.
WARNING:  Option 'mip_integral_gap_abs' deprecated, please use 'mip_opt_gap_abs'.
WARNING:  Option 'mip_integral_gap_rel' deprecated, please use 'mip_opt_gap_rel'.
WARNING:  Option 'mip_integral_gap_abs' deprecated, please use 'mip_opt_gap_abs'.
WARNING:  Option 'mip_integral_gap_rel' deprecated, please use 'mip_opt_gap_rel'.
WARNING:  Option 'mip_integral_gap_abs' deprecated, please use 'mip_opt_gap_abs'.
WARNING:  Option 'mip_integral_gap_rel' deprecated, please use 'mip_opt_gap_rel'.
     646    9.010413e-01   0.000e+00   2.934e-03   6.540e-06        3
WARNING:  Option 'mip_integral_gap_abs' deprecated, please use 'mip_opt_gap_abs'.
WARNING:  Option 'mip_integral_gap_rel' deprecated, please use 'mip_opt_gap_rel'.
WARNING:  Option 'mip_integral_gap_abs' deprecated, please use 'mip_opt_gap_abs'.
WARNING:  Option 'mip_integral_gap_rel' deprecated, please use 'mip_opt_gap_rel'.
WARNING:  Option 'mip_integral_gap_abs' deprecated, please use 'mip_opt_gap_abs'.
WARNING:  Option 'mip_integral_gap_rel' deprecated, please use 'mip_opt_gap_rel'.
WARNING:  Option 'mip_integral_gap_abs' deprecated, please use 'mip_opt_gap_abs'.
WARNING:  Option 'mip_integral_gap_rel' deprecated, please use 'mip_opt_gap_rel'.
     647    9.010413e-01   0.000e+00   2.934e-03   4.221e-08        0
WARNING:  Option 'mip_integral_gap_abs' deprecated, please use 'mip_opt_gap_abs'.
WARNING:  Option 'mip_integral_gap_rel' deprecated, please use 'mip_opt_gap_rel'.
WARNING:  Option 'mip_integral_gap_abs' deprecated, please use 'mip_opt_gap_abs'.
WARNING:  Option 'mip_integral_gap_rel' deprecated, please use 'mip_opt_gap_rel'.
WARNING:  Option 'mip_integral_gap_abs' deprecated, please use 'mip_opt_gap_abs'.
WARNING:  Option 'mip_integral_gap_rel' deprecated, please use 'mip_opt_gap_rel'.
WARNING:  Option 'mip_integral_gap_abs' deprecated, please use 'mip_opt_gap_abs'.
WARNING:  Option 'mip_integral_gap_rel' deprecated, please use 'mip_opt_gap_rel'.
     648    9.010437e-01   0.000e+00   1.137e-02   1.579e-03        0
WARNING:  Option 'mip_integral_gap_abs' deprecated, please use 'mip_opt_gap_abs'.
WARNING:  Option 'mip_integral_gap_rel' deprecated, please use 'mip_opt_gap_rel'.
WARNING:  Option 'mip_integral_gap_abs' deprecated, please use 'mip_opt_gap_abs'.
WARNING:  Option 'mip_integral_gap_rel' deprecated, please use 'mip_opt_gap_rel'.
WARNING:  Option 'mip_integral_gap_abs' deprecated, please use 'mip_opt_gap_abs'.
WARNING:  Option 'mip_integral_gap_rel' deprecated, please use 'mip_opt_gap_rel'.
WARNING:  Option 'mip_integral_gap_abs' deprecated, please use 'mip_opt_gap_abs'.
WARNING:  Option 'mip_integral_gap_rel' deprecated, please use 'mip_opt_gap_rel'.
     649    8.979432e-01   4.965e-04   2.905e-02   2.387e-01        4
WARNING:  Option 'mip_integral_gap_abs' deprecated, please use 'mip_opt_gap_abs'.
WARNING:  Option 'mip_integral_gap_rel' deprecated, please use 'mip_opt_gap_rel'.
WARNING:  Option 'mip_integral_gap_abs' deprecated, please use 'mip_opt_gap_abs'.
WARNING:  Option 'mip_integral_gap_rel' deprecated, please use 'mip_opt_gap_rel'.
WARNING:  Option 'mip_integral_gap_abs' deprecated, please use 'mip_opt_gap_abs'.
WARNING:  Option 'mip_integral_gap_rel' deprecated, please use 'mip_opt_gap_rel'.
WARNING:  Option 'mip_integral_gap_abs' deprecated, please use 'mip_opt_gap_abs'.
WARNING:  Option 'mip_integral_gap_rel' deprecated, please use 'mip_opt_gap_rel'.
WARNING:  Option 'mip_integral_gap_abs' deprecated, please use 'mip_opt_gap_abs'.
WARNING:  Option 'mip_integral_gap_rel' deprecated, please use 'mip_opt_gap_rel'.
WARNING:  Option 'mip_integral_gap_abs' deprecated, please use 'mip_opt_gap_abs'.
WARNING:  Option 'mip_integral_gap_rel' deprecated, please use 'mip_opt_gap_rel'.
WARNING:  Option 'mip_integral_gap_abs' deprecated, please use 'mip_opt_gap_abs'.
WARNING:  Option 'mip_integral_gap_rel' deprecated, please use 'mip_opt_gap_rel'.
WARNING:  Option 'mip_integral_gap_abs' deprecated, please use 'mip_opt_gap_abs'.
WARNING:  Option 'mip_integral_gap_rel' deprecated, please use 'mip_opt_gap_rel'.
     650    8.978738e-01   0.000e+00   2.905e-02   9.393e-03        1
WARNING:  Option 'mip_integral_gap_abs' deprecated, please use 'mip_opt_gap_abs'.
WARNING:  Option 'mip_integral_gap_rel' deprecated, please use 'mip_opt_gap_rel'.
WARNING:  Option 'mip_integral_gap_abs' deprecated, please use 'mip_opt_gap_abs'.
WARNING:  Option 'mip_integral_gap_rel' deprecated, please use 'mip_opt_gap_rel'.
WARNING:  Option 'mip_integral_gap_abs' deprecated, please use 'mip_opt_gap_abs'.
WARNING:  Option 'mip_integral_gap_rel' deprecated, please use 'mip_opt_gap_rel'.
WARNING:  Option 'mip_integral_gap_abs' deprecated, please use 'mip_opt_gap_abs'.
WARNING:  Option 'mip_integral_gap_rel' deprecated, please use 'mip_opt_gap_rel'.
WARNING:  Option 'mip_integral_gap_abs' deprecated, please use 'mip_opt_gap_abs'.
WARNING:  Option 'mip_integral_gap_rel' deprecated, please use 'mip_opt_gap_rel'.
WARNING:  Option 'mip_integral_gap_abs' deprecated, please use 'mip_opt_gap_abs'.
WARNING:  Option 'mip_integral_gap_rel' deprecated, please use 'mip_opt_gap_rel'.
WARNING:  Option 'mip_integral_gap_abs' deprecated, please use 'mip_opt_gap_abs'.
WARNING:  Option 'mip_integral_gap_rel' deprecated, please use 'mip_opt_gap_rel'.
WARNING:  Option 'mip_integral_gap_abs' deprecated, please use 'mip_opt_gap_abs'.
WARNING:  Option 'mip_integral_gap_rel' deprecated, please use 'mip_opt_gap_rel'.
WARNING:  Option 'mip_integral_gap_abs' deprecated, please use 'mip_opt_gap_abs'.
WARNING:  Option 'mip_integral_gap_rel' deprecated, please use 'mip_opt_gap_rel'.
WARNING:  Option 'mip_integral_gap_abs' deprecated, please use 'mip_opt_gap_abs'.
WARNING:  Option 'mip_integral_gap_rel' deprecated, please use 'mip_opt_gap_rel'.
WARNING:  Option 'mip_integral_gap_abs' deprecated, please use 'mip_opt_gap_abs'.
WARNING:  Option 'mip_integral_gap_rel' deprecated, please use 'mip_opt_gap_rel'.
WARNING:  Option 'mip_integral_gap_abs' deprecated, please use 'mip_opt_gap_abs'.
WARNING:  Option 'mip_integral_gap_rel' deprecated, please use 'mip_opt_gap_rel'.
WARNING:  Option 'mip_integral_gap_abs' deprecated, please use 'mip_opt_gap_abs'.
WARNING:  Option 'mip_integral_gap_rel' deprecated, please use 'mip_opt_gap_rel'.
WARNING:  Option 'mip_integral_gap_abs' deprecated, please use 'mip_opt_gap_abs'.
WARNING:  Option 'mip_integral_gap_rel' deprecated, please use 'mip_opt_gap_rel'.
WARNING:  Option 'mip_integral_gap_abs' deprecated, please use 'mip_opt_gap_abs'.
WARNING:  Option 'mip_integral_gap_rel' deprecated, please use 'mip_opt_gap_rel'.
WARNING:  Option 'mip_integral_gap_abs' deprecated, please use 'mip_opt_gap_abs'.
WARNING:  Option 'mip_integral_gap_rel' deprecated, please use 'mip_opt_gap_rel'.
WARNING:  Option 'mip_integral_gap_abs' deprecated, please use 'mip_opt_gap_abs'.
WARNING:  Option 'mip_integral_gap_rel' deprecated, please use 'mip_opt_gap_rel'.
WARNING:  Option 'mip_integral_gap_abs' deprecated, please use 'mip_opt_gap_abs'.
WARNING:  Option 'mip_integral_gap_rel' deprecated, please use 'mip_opt_gap_rel'.
     651    8.978289e-01   0.000e+00   2.901e-02   3.227e-03        1
WARNING:  Option 'mip_integral_gap_abs' deprecated, please use 'mip_opt_gap_abs'.
WARNING:  Option 'mip_integral_gap_rel' deprecated, please use 'mip_opt_gap_rel'.
WARNING:  Option 'mip_integral_gap_abs' deprecated, please use 'mip_opt_gap_abs'.
WARNING:  Option 'mip_integral_gap_rel' deprecated, please use 'mip_opt_gap_rel'.
WARNING:  Option 'mip_integral_gap_abs' deprecated, please use 'mip_opt_gap_abs'.
WARNING:  Option 'mip_integral_gap_rel' deprecated, please use 'mip_opt_gap_rel'.
WARNING:  Option 'mip_integral_gap_abs' deprecated, please use 'mip_opt_gap_abs'.
WARNING:  Option 'mip_integral_gap_rel' deprecated, please use 'mip_opt_gap_rel'.
WARNING:  Option 'mip_integral_gap_abs' deprecated, please use 'mip_opt_gap_abs'.
WARNING:  Option 'mip_integral_gap_rel' deprecated, please use 'mip_opt_gap_rel'.
WARNING:  Option 'mip_integral_gap_abs' deprecated, please use 'mip_opt_gap_abs'.
WARNING:  Option 'mip_integral_gap_rel' deprecated, please use 'mip_opt_gap_rel'.
WARNING:  Option 'mip_integral_gap_abs' deprecated, please use 'mip_opt_gap_abs'.
WARNING:  Option 'mip_integral_gap_rel' deprecated, please use 'mip_opt_gap_rel'.
WARNING:  Option 'mip_integral_gap_abs' deprecated, please use 'mip_opt_gap_abs'.
WARNING:  Option 'mip_integral_gap_rel' deprecated, please use 'mip_opt_gap_rel'.
     652    8.977691e-01   0.000e+00   2.896e-02   4.475e-03        1
WARNING:  Option 'mip_integral_gap_abs' deprecated, please use 'mip_opt_gap_abs'.
WARNING:  Option 'mip_integral_gap_rel' deprecated, please use 'mip_opt_gap_rel'.
WARNING:  Option 'mip_integral_gap_abs' deprecated, please use 'mip_opt_gap_abs'.
WARNING:  Option 'mip_integral_gap_rel' deprecated, please use 'mip_opt_gap_rel'.
WARNING:  Option 'mip_integral_gap_abs' deprecated, please use 'mip_opt_gap_abs'.
WARNING:  Option 'mip_integral_gap_rel' deprecated, please use 'mip_opt_gap_rel'.
WARNING:  Option 'mip_integral_gap_abs' deprecated, please use 'mip_opt_gap_abs'.
WARNING:  Option 'mip_integral_gap_rel' deprecated, please use 'mip_opt_gap_rel'.
WARNING:  Option 'mip_integral_gap_abs' deprecated, please use 'mip_opt_gap_abs'.
WARNING:  Option 'mip_integral_gap_rel' deprecated, please use 'mip_opt_gap_rel'.
WARNING:  Option 'mip_integral_gap_abs' deprecated, please use 'mip_opt_gap_abs'.
WARNING:  Option 'mip_integral_gap_rel' deprecated, please use 'mip_opt_gap_rel'.
     653    8.977523e-01   0.000e+00   2.119e-02   8.204e-04        0
WARNING:  Option 'mip_integral_gap_abs' deprecated, please use 'mip_opt_gap_abs'.
WARNING:  Option 'mip_integral_gap_rel' deprecated, please use 'mip_opt_gap_rel'.
WARNING:  Option 'mip_integral_gap_abs' deprecated, please use 'mip_opt_gap_abs'.
WARNING:  Option 'mip_integral_gap_rel' deprecated, please use 'mip_opt_gap_rel'.
WARNING:  Option 'mip_integral_gap_abs' deprecated, please use 'mip_opt_gap_abs'.
WARNING:  Option 'mip_integral_gap_rel' deprecated, please use 'mip_opt_gap_rel'.
WARNING:  Option 'mip_integral_gap_abs' deprecated, please use 'mip_opt_gap_abs'.
WARNING:  Option 'mip_integral_gap_rel' deprecated, please use 'mip_opt_gap_rel'.
WARNING:  Option 'mip_integral_gap_abs' deprecated, please use 'mip_opt_gap_abs'.
WARNING:  Option 'mip_integral_gap_rel' deprecated, please use 'mip_opt_gap_rel'.
WARNING:  Option 'mip_integral_gap_abs' deprecated, please use 'mip_opt_gap_abs'.
WARNING:  Option 'mip_integral_gap_rel' deprecated, please use 'mip_opt_gap_rel'.
WARNING:  Option 'mip_integral_gap_abs' deprecated, please use 'mip_opt_gap_abs'.
WARNING:  Option 'mip_integral_gap_rel' deprecated, please use 'mip_opt_gap_rel'.
WARNING:  Option 'mip_integral_gap_abs' deprecated, please use 'mip_opt_gap_abs'.
WARNING:  Option 'mip_integral_gap_rel' deprecated, please use 'mip_opt_gap_rel'.
WARNING:  Option 'mip_integral_gap_abs' deprecated, please use 'mip_opt_gap_abs'.
WARNING:  Option 'mip_integral_gap_rel' deprecated, please use 'mip_opt_gap_rel'.
WARNING:  Option 'mip_integral_gap_abs' deprecated, please use 'mip_opt_gap_abs'.
WARNING:  Option 'mip_integral_gap_rel' deprecated, please use 'mip_opt_gap_rel'.
WARNING:  Option 'mip_integral_gap_abs' deprecated, please use 'mip_opt_gap_abs'.
WARNING:  Option 'mip_integral_gap_rel' deprecated, please use 'mip_opt_gap_rel'.
WARNING:  Option 'mip_integral_gap_abs' deprecated, please use 'mip_opt_gap_abs'.
WARNING:  Option 'mip_integral_gap_rel' deprecated, please use 'mip_opt_gap_rel'.
WARNING:  Option 'mip_integral_gap_abs' deprecated, please use 'mip_opt_gap_abs'.
WARNING:  Option 'mip_integral_gap_rel' deprecated, please use 'mip_opt_gap_rel'.
WARNING:  Option 'mip_integral_gap_abs' deprecated, please use 'mip_opt_gap_abs'.
WARNING:  Option 'mip_integral_gap_rel' deprecated, please use 'mip_opt_gap_rel'.
WARNING:  Option 'mip_integral_gap_abs' deprecated, please use 'mip_opt_gap_abs'.
WARNING:  Option 'mip_integral_gap_rel' deprecated, please use 'mip_opt_gap_rel'.
WARNING:  Option 'mip_integral_gap_abs' deprecated, please use 'mip_opt_gap_abs'.
WARNING:  Option 'mip_integral_gap_rel' deprecated, please use 'mip_opt_gap_rel'.
WARNING:  Option 'mip_integral_gap_abs' deprecated, please use 'mip_opt_gap_abs'.
WARNING:  Option 'mip_integral_gap_rel' deprecated, please use 'mip_opt_gap_rel'.
WARNING:  Option 'mip_integral_gap_abs' deprecated, please use 'mip_opt_gap_abs'.
WARNING:  Option 'mip_integral_gap_rel' deprecated, please use 'mip_opt_gap_rel'.
WARNING:  Option 'mip_integral_gap_abs' deprecated, please use 'mip_opt_gap_abs'.
WARNING:  Option 'mip_integral_gap_rel' deprecated, please use 'mip_opt_gap_rel'.
WARNING:  Option 'mip_integral_gap_abs' deprecated, please use 'mip_opt_gap_abs'.
WARNING:  Option 'mip_integral_gap_rel' deprecated, please use 'mip_opt_gap_rel'.
     654    8.977426e-01   0.000e+00   2.114e-02   4.766e-04        1
WARNING:  Option 'mip_integral_gap_abs' deprecated, please use 'mip_opt_gap_abs'.
WARNING:  Option 'mip_integral_gap_rel' deprecated, please use 'mip_opt_gap_rel'.
WARNING:  Option 'mip_integral_gap_abs' deprecated, please use 'mip_opt_gap_abs'.
WARNING:  Option 'mip_integral_gap_rel' deprecated, please use 'mip_opt_gap_rel'.
WARNING:  Option 'mip_integral_gap_abs' deprecated, please use 'mip_opt_gap_abs'.
WARNING:  Option 'mip_integral_gap_rel' deprecated, please use 'mip_opt_gap_rel'.
     655    8.977147e-01   0.000e+00   2.081e-02   3.402e-03        0
WARNING:  Option 'mip_integral_gap_abs' deprecated, please use 'mip_opt_gap_abs'.
WARNING:  Option 'mip_integral_gap_rel' deprecated, please use 'mip_opt_gap_rel'.
WARNING:  Option 'mip_integral_gap_abs' deprecated, please use 'mip_opt_gap_abs'.
WARNING:  Option 'mip_integral_gap_rel' deprecated, please use 'mip_opt_gap_rel'.
WARNING:  Option 'mip_integral_gap_abs' deprecated, please use 'mip_opt_gap_abs'.
WARNING:  Option 'mip_integral_gap_rel' deprecated, please use 'mip_opt_gap_rel'.
     656    8.976878e-01   0.000e+00   2.064e-02   1.063e-03        0
WARNING:  Option 'mip_integral_gap_abs' deprecated, please use 'mip_opt_gap_abs'.
WARNING:  Option 'mip_integral_gap_rel' deprecated, please use 'mip_opt_gap_rel'.
WARNING:  Option 'mip_integral_gap_abs' deprecated, please use 'mip_opt_gap_abs'.
WARNING:  Option 'mip_integral_gap_rel' deprecated, please use 'mip_opt_gap_rel'.
WARNING:  Option 'mip_integral_gap_abs' deprecated, please use 'mip_opt_gap_abs'.
WARNING:  Option 'mip_integral_gap_rel' deprecated, please use 'mip_opt_gap_rel'.
WARNING:  Option 'mip_integral_gap_abs' deprecated, please use 'mip_opt_gap_abs'.
WARNING:  Option 'mip_integral_gap_rel' deprecated, please use 'mip_opt_gap_rel'.
     657    8.976649e-01   0.000e+00   2.046e-02   5.905e-04        0
WARNING:  Option 'mip_integral_gap_abs' deprecated, please use 'mip_opt_gap_abs'.
WARNING:  Option 'mip_integral_gap_rel' deprecated, please use 'mip_opt_gap_rel'.
WARNING:  Option 'mip_integral_gap_abs' deprecated, please use 'mip_opt_gap_abs'.
WARNING:  Option 'mip_integral_gap_rel' deprecated, please use 'mip_opt_gap_rel'.
WARNING:  Option 'mip_integral_gap_abs' deprecated, please use 'mip_opt_gap_abs'.
WARNING:  Option 'mip_integral_gap_rel' deprecated, please use 'mip_opt_gap_rel'.
WARNING:  Option 'mip_integral_gap_abs' deprecated, please use 'mip_opt_gap_abs'.
WARNING:  Option 'mip_integral_gap_rel' deprecated, please use 'mip_opt_gap_rel'.
WARNING:  Option 'mip_integral_gap_abs' deprecated, please use 'mip_opt_gap_abs'.
WARNING:  Option 'mip_integral_gap_rel' deprecated, please use 'mip_opt_gap_rel'.
WARNING:  Option 'mip_integral_gap_abs' deprecated, please use 'mip_opt_gap_abs'.
WARNING:  Option 'mip_integral_gap_rel' deprecated, please use 'mip_opt_gap_rel'.
WARNING:  Option 'mip_integral_gap_abs' deprecated, please use 'mip_opt_gap_abs'.
WARNING:  Option 'mip_integral_gap_rel' deprecated, please use 'mip_opt_gap_rel'.
WARNING:  Option 'mip_integral_gap_abs' deprecated, please use 'mip_opt_gap_abs'.
WARNING:  Option 'mip_integral_gap_rel' deprecated, please use 'mip_opt_gap_rel'.
WARNING:  Option 'mip_integral_gap_abs' deprecated, please use 'mip_opt_gap_abs'.
WARNING:  Option 'mip_integral_gap_rel' deprecated, please use 'mip_opt_gap_rel'.
WARNING:  Option 'mip_integral_gap_abs' deprecated, please use 'mip_opt_gap_abs'.
WARNING:  Option 'mip_integral_gap_rel' deprecated, please use 'mip_opt_gap_rel'.
     658    8.976361e-01   0.000e+00   2.026e-02   2.189e-03        1
WARNING:  Option 'mip_integral_gap_abs' deprecated, please use 'mip_opt_gap_abs'.
WARNING:  Option 'mip_integral_gap_rel' deprecated, please use 'mip_opt_gap_rel'.
WARNING:  Option 'mip_integral_gap_abs' deprecated, please use 'mip_opt_gap_abs'.
WARNING:  Option 'mip_integral_gap_rel' deprecated, please use 'mip_opt_gap_rel'.
WARNING:  Option 'mip_integral_gap_abs' deprecated, please use 'mip_opt_gap_abs'.
WARNING:  Option 'mip_integral_gap_rel' deprecated, please use 'mip_opt_gap_rel'.
WARNING:  Option 'mip_integral_gap_abs' deprecated, please use 'mip_opt_gap_abs'.
WARNING:  Option 'mip_integral_gap_rel' deprecated, please use 'mip_opt_gap_rel'.
     659    8.976212e-01   0.000e+00   2.016e-02   4.280e-04        0
WARNING:  Option 'mip_integral_gap_abs' deprecated, please use 'mip_opt_gap_abs'.
WARNING:  Option 'mip_integral_gap_rel' deprecated, please use 'mip_opt_gap_rel'.
WARNING:  Option 'mip_integral_gap_abs' deprecated, please use 'mip_opt_gap_abs'.
WARNING:  Option 'mip_integral_gap_rel' deprecated, please use 'mip_opt_gap_rel'.
     660    8.976120e-01   0.000e+00   2.010e-02   2.716e-04        0
WARNING:  Option 'mip_integral_gap_abs' deprecated, please use 'mip_opt_gap_abs'.
WARNING:  Option 'mip_integral_gap_rel' deprecated, please use 'mip_opt_gap_rel'.
WARNING:  Option 'mip_integral_gap_abs' deprecated, please use 'mip_opt_gap_abs'.
WARNING:  Option 'mip_integral_gap_rel' deprecated, please use 'mip_opt_gap_rel'.
WARNING:  Option 'mip_integral_gap_abs' deprecated, please use 'mip_opt_gap_abs'.
WARNING:  Option 'mip_integral_gap_rel' deprecated, please use 'mip_opt_gap_rel'.
WARNING:  Option 'mip_integral_gap_abs' deprecated, please use 'mip_opt_gap_abs'.
WARNING:  Option 'mip_integral_gap_rel' deprecated, please use 'mip_opt_gap_rel'.
WARNING:  Option 'mip_integral_gap_abs' deprecated, please use 'mip_opt_gap_abs'.
WARNING:  Option 'mip_integral_gap_rel' deprecated, please use 'mip_opt_gap_rel'.
     661    8.976090e-01   0.000e+00   1.774e-02   8.267e-05        0
WARNING:  Option 'mip_integral_gap_abs' deprecated, please use 'mip_opt_gap_abs'.
WARNING:  Option 'mip_integral_gap_rel' deprecated, please use 'mip_opt_gap_rel'.
WARNING:  Option 'mip_integral_gap_abs' deprecated, please use 'mip_opt_gap_abs'.
WARNING:  Option 'mip_integral_gap_rel' deprecated, please use 'mip_opt_gap_rel'.
WARNING:  Option 'mip_integral_gap_abs' deprecated, please use 'mip_opt_gap_abs'.
WARNING:  Option 'mip_integral_gap_rel' deprecated, please use 'mip_opt_gap_rel'.
WARNING:  Option 'mip_integral_gap_abs' deprecated, please use 'mip_opt_gap_abs'.
WARNING:  Option 'mip_integral_gap_rel' deprecated, please use 'mip_opt_gap_rel'.
WARNING:  Option 'mip_integral_gap_abs' deprecated, please use 'mip_opt_gap_abs'.
WARNING:  Option 'mip_integral_gap_rel' deprecated, please use 'mip_opt_gap_rel'.
WARNING:  Option 'mip_integral_gap_abs' deprecated, please use 'mip_opt_gap_abs'.
WARNING:  Option 'mip_integral_gap_rel' deprecated, please use 'mip_opt_gap_rel'.
WARNING:  Option 'mip_integral_gap_abs' deprecated, please use 'mip_opt_gap_abs'.
WARNING:  Option 'mip_integral_gap_rel' deprecated, please use 'mip_opt_gap_rel'.
WARNING:  Option 'mip_integral_gap_abs' deprecated, please use 'mip_opt_gap_abs'.
WARNING:  Option 'mip_integral_gap_rel' deprecated, please use 'mip_opt_gap_rel'.
WARNING:  Option 'mip_integral_gap_abs' deprecated, please use 'mip_opt_gap_abs'.
WARNING:  Option 'mip_integral_gap_rel' deprecated, please use 'mip_opt_gap_rel'.
WARNING:  Option 'mip_integral_gap_abs' deprecated, please use 'mip_opt_gap_abs'.
WARNING:  Option 'mip_integral_gap_rel' deprecated, please use 'mip_opt_gap_rel'.
WARNING:  Option 'mip_integral_gap_abs' deprecated, please use 'mip_opt_gap_abs'.
WARNING:  Option 'mip_integral_gap_rel' deprecated, please use 'mip_opt_gap_rel'.
     662    8.976086e-01   0.000e+00   3.506e-02   1.259e-05        1
WARNING:  Option 'mip_integral_gap_abs' deprecated, please use 'mip_opt_gap_abs'.
WARNING:  Option 'mip_integral_gap_rel' deprecated, please use 'mip_opt_gap_rel'.
WARNING:  Option 'mip_integral_gap_abs' deprecated, please use 'mip_opt_gap_abs'.
WARNING:  Option 'mip_integral_gap_rel' deprecated, please use 'mip_opt_gap_rel'.
     663    8.975995e-01   0.000e+00   2.085e-02   3.383e-04        0
WARNING:  Option 'mip_integral_gap_abs' deprecated, please use 'mip_opt_gap_abs'.
WARNING:  Option 'mip_integral_gap_rel' deprecated, please use 'mip_opt_gap_rel'.
WARNING:  Option 'mip_integral_gap_abs' deprecated, please use 'mip_opt_gap_abs'.
WARNING:  Option 'mip_integral_gap_rel' deprecated, please use 'mip_opt_gap_rel'.
     664    8.975961e-01   0.000e+00   1.959e-02   1.444e-04        0
WARNING:  Option 'mip_integral_gap_abs' deprecated, please use 'mip_opt_gap_abs'.
WARNING:  Option 'mip_integral_gap_rel' deprecated, please use 'mip_opt_gap_rel'.
WARNING:  Option 'mip_integral_gap_abs' deprecated, please use 'mip_opt_gap_abs'.
WARNING:  Option 'mip_integral_gap_rel' deprecated, please use 'mip_opt_gap_rel'.
     665    8.975887e-01   0.000e+00   6.000e-02   2.929e-04        0
WARNING:  Option 'mip_integral_gap_abs' deprecated, please use 'mip_opt_gap_abs'.
WARNING:  Option 'mip_integral_gap_rel' deprecated, please use 'mip_opt_gap_rel'.
WARNING:  Option 'mip_integral_gap_abs' deprecated, please use 'mip_opt_gap_abs'.
WARNING:  Option 'mip_integral_gap_rel' deprecated, please use 'mip_opt_gap_rel'.
     666    8.975711e-01   0.000e+00   1.755e-01   6.896e-04        0
WARNING:  Option 'mip_integral_gap_abs' deprecated, please use 'mip_opt_gap_abs'.
WARNING:  Option 'mip_integral_gap_rel' deprecated, please use 'mip_opt_gap_rel'.
WARNING:  Option 'mip_integral_gap_abs' deprecated, please use 'mip_opt_gap_abs'.
WARNING:  Option 'mip_integral_gap_rel' deprecated, please use 'mip_opt_gap_rel'.
WARNING:  Option 'mip_integral_gap_abs' deprecated, please use 'mip_opt_gap_abs'.
WARNING:  Option 'mip_integral_gap_rel' deprecated, please use 'mip_opt_gap_rel'.
     667    8.975297e-01   0.000e+00   1.766e-02   3.243e-03        0
WARNING:  Option 'mip_integral_gap_abs' deprecated, please use 'mip_opt_gap_abs'.
WARNING:  Option 'mip_integral_gap_rel' deprecated, please use 'mip_opt_gap_rel'.
WARNING:  Option 'mip_integral_gap_abs' deprecated, please use 'mip_opt_gap_abs'.
WARNING:  Option 'mip_integral_gap_rel' deprecated, please use 'mip_opt_gap_rel'.
WARNING:  Option 'mip_integral_gap_abs' deprecated, please use 'mip_opt_gap_abs'.
WARNING:  Option 'mip_integral_gap_rel' deprecated, please use 'mip_opt_gap_rel'.
WARNING:  Option 'mip_integral_gap_abs' deprecated, please use 'mip_opt_gap_abs'.
WARNING:  Option 'mip_integral_gap_rel' deprecated, please use 'mip_opt_gap_rel'.
WARNING:  Option 'mip_integral_gap_abs' deprecated, please use 'mip_opt_gap_abs'.
WARNING:  Option 'mip_integral_gap_rel' deprecated, please use 'mip_opt_gap_rel'.
WARNING:  Option 'mip_integral_gap_abs' deprecated, please use 'mip_opt_gap_abs'.
WARNING:  Option 'mip_integral_gap_rel' deprecated, please use 'mip_opt_gap_rel'.
     668    8.975210e-01   0.000e+00   2.796e-02   4.157e-04        0
WARNING:  Option 'mip_integral_gap_abs' deprecated, please use 'mip_opt_gap_abs'.
WARNING:  Option 'mip_integral_gap_rel' deprecated, please use 'mip_opt_gap_rel'.
WARNING:  Option 'mip_integral_gap_abs' deprecated, please use 'mip_opt_gap_abs'.
WARNING:  Option 'mip_integral_gap_rel' deprecated, please use 'mip_opt_gap_rel'.
WARNING:  Option 'mip_integral_gap_abs' deprecated, please use 'mip_opt_gap_abs'.
WARNING:  Option 'mip_integral_gap_rel' deprecated, please use 'mip_opt_gap_rel'.
WARNING:  Option 'mip_integral_gap_abs' deprecated, please use 'mip_opt_gap_abs'.
WARNING:  Option 'mip_integral_gap_rel' deprecated, please use 'mip_opt_gap_rel'.
WARNING:  Option 'mip_integral_gap_abs' deprecated, please use 'mip_opt_gap_abs'.
WARNING:  Option 'mip_integral_gap_rel' deprecated, please use 'mip_opt_gap_rel'.
WARNING:  Option 'mip_integral_gap_abs' deprecated, please use 'mip_opt_gap_abs'.
WARNING:  Option 'mip_integral_gap_rel' deprecated, please use 'mip_opt_gap_rel'.
WARNING:  Option 'mip_integral_gap_abs' deprecated, please use 'mip_opt_gap_abs'.
WARNING:  Option 'mip_integral_gap_rel' deprecated, please use 'mip_opt_gap_rel'.
WARNING:  Option 'mip_integral_gap_abs' deprecated, please use 'mip_opt_gap_abs'.
WARNING:  Option 'mip_integral_gap_rel' deprecated, please use 'mip_opt_gap_rel'.
WARNING:  Option 'mip_integral_gap_abs' deprecated, please use 'mip_opt_gap_abs'.
WARNING:  Option 'mip_integral_gap_rel' deprecated, please use 'mip_opt_gap_rel'.
WARNING:  Option 'mip_integral_gap_abs' deprecated, please use 'mip_opt_gap_abs'.
WARNING:  Option 'mip_integral_gap_rel' deprecated, please use 'mip_opt_gap_rel'.
WARNING:  Option 'mip_integral_gap_abs' deprecated, please use 'mip_opt_gap_abs'.
WARNING:  Option 'mip_integral_gap_rel' deprecated, please use 'mip_opt_gap_rel'.
WARNING:  Option 'mip_integral_gap_abs' deprecated, please use 'mip_opt_gap_abs'.
WARNING:  Option 'mip_integral_gap_rel' deprecated, please use 'mip_opt_gap_rel'.
     669    8.975342e-01   0.000e+00   2.945e-01   3.262e-04        1
WARNING:  Option 'mip_integral_gap_abs' deprecated, please use 'mip_opt_gap_abs'.
WARNING:  Option 'mip_integral_gap_rel' deprecated, please use 'mip_opt_gap_rel'.
WARNING:  Option 'mip_integral_gap_abs' deprecated, please use 'mip_opt_gap_abs'.
WARNING:  Option 'mip_integral_gap_rel' deprecated, please use 'mip_opt_gap_rel'.
WARNING:  Option 'mip_integral_gap_abs' deprecated, please use 'mip_opt_gap_abs'.
WARNING:  Option 'mip_integral_gap_rel' deprecated, please use 'mip_opt_gap_rel'.
WARNING:  Option 'mip_integral_gap_abs' deprecated, please use 'mip_opt_gap_abs'.
WARNING:  Option 'mip_integral_gap_rel' deprecated, please use 'mip_opt_gap_rel'.
WARNING:  Option 'mip_integral_gap_abs' deprecated, please use 'mip_opt_gap_abs'.
WARNING:  Option 'mip_integral_gap_rel' deprecated, please use 'mip_opt_gap_rel'.
WARNING:  Option 'mip_integral_gap_abs' deprecated, please use 'mip_opt_gap_abs'.
WARNING:  Option 'mip_integral_gap_rel' deprecated, please use 'mip_opt_gap_rel'.
     670    8.975193e-01   0.000e+00   3.463e-02   1.838e-05        3
WARNING:  Option 'mip_integral_gap_abs' deprecated, please use 'mip_opt_gap_abs'.
WARNING:  Option 'mip_integral_gap_rel' deprecated, please use 'mip_opt_gap_rel'.
WARNING:  Option 'mip_integral_gap_abs' deprecated, please use 'mip_opt_gap_abs'.
WARNING:  Option 'mip_integral_gap_rel' deprecated, please use 'mip_opt_gap_rel'.
     671    8.975251e-01   0.000e+00   1.509e-02   8.068e-05        0
WARNING:  Option 'mip_integral_gap_abs' deprecated, please use 'mip_opt_gap_abs'.
WARNING:  Option 'mip_integral_gap_rel' deprecated, please use 'mip_opt_gap_rel'.
WARNING:  Option 'mip_integral_gap_abs' deprecated, please use 'mip_opt_gap_abs'.
WARNING:  Option 'mip_integral_gap_rel' deprecated, please use 'mip_opt_gap_rel'.
WARNING:  Option 'mip_integral_gap_abs' deprecated, please use 'mip_opt_gap_abs'.
WARNING:  Option 'mip_integral_gap_rel' deprecated, please use 'mip_opt_gap_rel'.
     672    8.970927e-01   0.000e+00   2.654e-02   8.022e-02        0
WARNING:  Option 'mip_integral_gap_abs' deprecated, please use 'mip_opt_gap_abs'.
WARNING:  Option 'mip_integral_gap_rel' deprecated, please use 'mip_opt_gap_rel'.
WARNING:  Option 'mip_integral_gap_abs' deprecated, please use 'mip_opt_gap_abs'.
WARNING:  Option 'mip_integral_gap_rel' deprecated, please use 'mip_opt_gap_rel'.
WARNING:  Option 'mip_integral_gap_abs' deprecated, please use 'mip_opt_gap_abs'.
WARNING:  Option 'mip_integral_gap_rel' deprecated, please use 'mip_opt_gap_rel'.
WARNING:  Option 'mip_integral_gap_abs' deprecated, please use 'mip_opt_gap_abs'.
WARNING:  Option 'mip_integral_gap_rel' deprecated, please use 'mip_opt_gap_rel'.
WARNING:  Option 'mip_integral_gap_abs' deprecated, please use 'mip_opt_gap_abs'.
WARNING:  Option 'mip_integral_gap_rel' deprecated, please use 'mip_opt_gap_rel'.
     673    8.969601e-01   0.000e+00   9.297e-03   5.284e-02        0
WARNING:  Option 'mip_integral_gap_abs' deprecated, please use 'mip_opt_gap_abs'.
WARNING:  Option 'mip_integral_gap_rel' deprecated, please use 'mip_opt_gap_rel'.
WARNING:  Option 'mip_integral_gap_abs' deprecated, please use 'mip_opt_gap_abs'.
WARNING:  Option 'mip_integral_gap_rel' deprecated, please use 'mip_opt_gap_rel'.
WARNING:  Option 'mip_integral_gap_abs' deprecated, please use 'mip_opt_gap_abs'.
WARNING:  Option 'mip_integral_gap_rel' deprecated, please use 'mip_opt_gap_rel'.
     674    8.968314e-01   0.000e+00   8.569e-03   8.281e-02        0
WARNING:  Option 'mip_integral_gap_abs' deprecated, please use 'mip_opt_gap_abs'.
WARNING:  Option 'mip_integral_gap_rel' deprecated, please use 'mip_opt_gap_rel'.
WARNING:  Option 'mip_integral_gap_abs' deprecated, please use 'mip_opt_gap_abs'.
WARNING:  Option 'mip_integral_gap_rel' deprecated, please use 'mip_opt_gap_rel'.
     675    8.967599e-01   0.000e+00   8.385e-03   9.389e-02        0
WARNING:  Option 'mip_integral_gap_abs' deprecated, please use 'mip_opt_gap_abs'.
WARNING:  Option 'mip_integral_gap_rel' deprecated, please use 'mip_opt_gap_rel'.
WARNING:  Option 'mip_integral_gap_abs' deprecated, please use 'mip_opt_gap_abs'.
WARNING:  Option 'mip_integral_gap_rel' deprecated, please use 'mip_opt_gap_rel'.
WARNING:  Option 'mip_integral_gap_abs' deprecated, please use 'mip_opt_gap_abs'.
WARNING:  Option 'mip_integral_gap_rel' deprecated, please use 'mip_opt_gap_rel'.
     676    8.967020e-01   0.000e+00   1.122e-02   1.896e-01        0
WARNING:  Option 'mip_integral_gap_abs' deprecated, please use 'mip_opt_gap_abs'.
WARNING:  Option 'mip_integral_gap_rel' deprecated, please use 'mip_opt_gap_rel'.
WARNING:  Option 'mip_integral_gap_abs' deprecated, please use 'mip_opt_gap_abs'.
WARNING:  Option 'mip_integral_gap_rel' deprecated, please use 'mip_opt_gap_rel'.
     677    8.966936e-01   0.000e+00   1.053e-02   3.563e-02        0
WARNING:  Option 'mip_integral_gap_abs' deprecated, please use 'mip_opt_gap_abs'.
WARNING:  Option 'mip_integral_gap_rel' deprecated, please use 'mip_opt_gap_rel'.
WARNING:  Option 'mip_integral_gap_abs' deprecated, please use 'mip_opt_gap_abs'.
WARNING:  Option 'mip_integral_gap_rel' deprecated, please use 'mip_opt_gap_rel'.
     678    8.966933e-01   0.000e+00   1.048e-02   3.513e-03        0
WARNING:  Option 'mip_integral_gap_abs' deprecated, please use 'mip_opt_gap_abs'.
WARNING:  Option 'mip_integral_gap_rel' deprecated, please use 'mip_opt_gap_rel'.
WARNING:  Option 'mip_integral_gap_abs' deprecated, please use 'mip_opt_gap_abs'.
WARNING:  Option 'mip_integral_gap_rel' deprecated, please use 'mip_opt_gap_rel'.
     679    8.966855e-01   0.000e+00   9.753e-03   3.657e-02        0
WARNING:  Option 'mip_integral_gap_abs' deprecated, please use 'mip_opt_gap_abs'.
WARNING:  Option 'mip_integral_gap_rel' deprecated, please use 'mip_opt_gap_rel'.
WARNING:  Option 'mip_integral_gap_abs' deprecated, please use 'mip_opt_gap_abs'.
WARNING:  Option 'mip_integral_gap_rel' deprecated, please use 'mip_opt_gap_rel'.
WARNING:  Option 'mip_integral_gap_abs' deprecated, please use 'mip_opt_gap_abs'.
WARNING:  Option 'mip_integral_gap_rel' deprecated, please use 'mip_opt_gap_rel'.
WARNING:  Option 'mip_integral_gap_abs' deprecated, please use 'mip_opt_gap_abs'.
WARNING:  Option 'mip_integral_gap_rel' deprecated, please use 'mip_opt_gap_rel'.
WARNING:  Option 'mip_integral_gap_abs' deprecated, please use 'mip_opt_gap_abs'.
WARNING:  Option 'mip_integral_gap_rel' deprecated, please use 'mip_opt_gap_rel'.
WARNING:  Option 'mip_integral_gap_abs' deprecated, please use 'mip_opt_gap_abs'.
WARNING:  Option 'mip_integral_gap_rel' deprecated, please use 'mip_opt_gap_rel'.
WARNING:  Option 'mip_integral_gap_abs' deprecated, please use 'mip_opt_gap_abs'.
WARNING:  Option 'mip_integral_gap_rel' deprecated, please use 'mip_opt_gap_rel'.
WARNING:  Option 'mip_integral_gap_abs' deprecated, please use 'mip_opt_gap_abs'.
WARNING:  Option 'mip_integral_gap_rel' deprecated, please use 'mip_opt_gap_rel'.
WARNING:  Option 'mip_integral_gap_abs' deprecated, please use 'mip_opt_gap_abs'.
WARNING:  Option 'mip_integral_gap_rel' deprecated, please use 'mip_opt_gap_rel'.
WARNING:  Option 'mip_integral_gap_abs' deprecated, please use 'mip_opt_gap_abs'.
WARNING:  Option 'mip_integral_gap_rel' deprecated, please use 'mip_opt_gap_rel'.
WARNING:  Option 'mip_integral_gap_abs' deprecated, please use 'mip_opt_gap_abs'.
WARNING:  Option 'mip_integral_gap_rel' deprecated, please use 'mip_opt_gap_rel'.
WARNING:  Option 'mip_integral_gap_abs' deprecated, please use 'mip_opt_gap_abs'.
WARNING:  Option 'mip_integral_gap_rel' deprecated, please use 'mip_opt_gap_rel'.
WARNING:  Option 'mip_integral_gap_abs' deprecated, please use 'mip_opt_gap_abs'.
WARNING:  Option 'mip_integral_gap_rel' deprecated, please use 'mip_opt_gap_rel'.
WARNING:  Option 'mip_integral_gap_abs' deprecated, please use 'mip_opt_gap_abs'.
WARNING:  Option 'mip_integral_gap_rel' deprecated, please use 'mip_opt_gap_rel'.
     680    8.966845e-01   0.000e+00   9.561e-03   4.917e-04        1
WARNING:  Option 'mip_integral_gap_abs' deprecated, please use 'mip_opt_gap_abs'.
WARNING:  Option 'mip_integral_gap_rel' deprecated, please use 'mip_opt_gap_rel'.
WARNING:  Option 'mip_integral_gap_abs' deprecated, please use 'mip_opt_gap_abs'.
WARNING:  Option 'mip_integral_gap_rel' deprecated, please use 'mip_opt_gap_rel'.
WARNING:  Option 'mip_integral_gap_abs' deprecated, please use 'mip_opt_gap_abs'.
WARNING:  Option 'mip_integral_gap_rel' deprecated, please use 'mip_opt_gap_rel'.
WARNING:  Option 'mip_integral_gap_abs' deprecated, please use 'mip_opt_gap_abs'.
WARNING:  Option 'mip_integral_gap_rel' deprecated, please use 'mip_opt_gap_rel'.
WARNING:  Option 'mip_integral_gap_abs' deprecated, please use 'mip_opt_gap_abs'.
WARNING:  Option 'mip_integral_gap_rel' deprecated, please use 'mip_opt_gap_rel'.
WARNING:  Option 'mip_integral_gap_abs' deprecated, please use 'mip_opt_gap_abs'.
WARNING:  Option 'mip_integral_gap_rel' deprecated, please use 'mip_opt_gap_rel'.
WARNING:  Option 'mip_integral_gap_abs' deprecated, please use 'mip_opt_gap_abs'.
WARNING:  Option 'mip_integral_gap_rel' deprecated, please use 'mip_opt_gap_rel'.
WARNING:  Option 'mip_integral_gap_abs' deprecated, please use 'mip_opt_gap_abs'.
WARNING:  Option 'mip_integral_gap_rel' deprecated, please use 'mip_opt_gap_rel'.
WARNING:  Option 'mip_integral_gap_abs' deprecated, please use 'mip_opt_gap_abs'.
WARNING:  Option 'mip_integral_gap_rel' deprecated, please use 'mip_opt_gap_rel'.
WARNING:  Option 'mip_integral_gap_abs' deprecated, please use 'mip_opt_gap_abs'.
WARNING:  Option 'mip_integral_gap_rel' deprecated, please use 'mip_opt_gap_rel'.
WARNING:  Option 'mip_integral_gap_abs' deprecated, please use 'mip_opt_gap_abs'.
WARNING:  Option 'mip_integral_gap_rel' deprecated, please use 'mip_opt_gap_rel'.
WARNING:  Option 'mip_integral_gap_abs' deprecated, please use 'mip_opt_gap_abs'.
WARNING:  Option 'mip_integral_gap_rel' deprecated, please use 'mip_opt_gap_rel'.
WARNING:  Option 'mip_integral_gap_abs' deprecated, please use 'mip_opt_gap_abs'.
WARNING:  Option 'mip_integral_gap_rel' deprecated, please use 'mip_opt_gap_rel'.
WARNING:  Option 'mip_integral_gap_abs' deprecated, please use 'mip_opt_gap_abs'.
WARNING:  Option 'mip_integral_gap_rel' deprecated, please use 'mip_opt_gap_rel'.
WARNING:  Option 'mip_integral_gap_abs' deprecated, please use 'mip_opt_gap_abs'.
WARNING:  Option 'mip_integral_gap_rel' deprecated, please use 'mip_opt_gap_rel'.
WARNING:  Option 'mip_integral_gap_abs' deprecated, please use 'mip_opt_gap_abs'.
WARNING:  Option 'mip_integral_gap_rel' deprecated, please use 'mip_opt_gap_rel'.
WARNING:  Option 'mip_integral_gap_abs' deprecated, please use 'mip_opt_gap_abs'.
WARNING:  Option 'mip_integral_gap_rel' deprecated, please use 'mip_opt_gap_rel'.
WARNING:  Option 'mip_integral_gap_abs' deprecated, please use 'mip_opt_gap_abs'.
WARNING:  Option 'mip_integral_gap_rel' deprecated, please use 'mip_opt_gap_rel'.
WARNING:  Option 'mip_integral_gap_abs' deprecated, please use 'mip_opt_gap_abs'.
WARNING:  Option 'mip_integral_gap_rel' deprecated, please use 'mip_opt_gap_rel'.
     681    8.966841e-01   0.000e+00   9.364e-03   1.966e-04        1
WARNING:  Option 'mip_integral_gap_abs' deprecated, please use 'mip_opt_gap_abs'.
WARNING:  Option 'mip_integral_gap_rel' deprecated, please use 'mip_opt_gap_rel'.
WARNING:  Option 'mip_integral_gap_abs' deprecated, please use 'mip_opt_gap_abs'.
WARNING:  Option 'mip_integral_gap_rel' deprecated, please use 'mip_opt_gap_rel'.
WARNING:  Option 'mip_integral_gap_abs' deprecated, please use 'mip_opt_gap_abs'.
WARNING:  Option 'mip_integral_gap_rel' deprecated, please use 'mip_opt_gap_rel'.
WARNING:  Option 'mip_integral_gap_abs' deprecated, please use 'mip_opt_gap_abs'.
WARNING:  Option 'mip_integral_gap_rel' deprecated, please use 'mip_opt_gap_rel'.
     682    8.966841e-01   0.000e+00   9.353e-03   3.929e-04        0
WARNING:  Option 'mip_integral_gap_abs' deprecated, please use 'mip_opt_gap_abs'.
WARNING:  Option 'mip_integral_gap_rel' deprecated, please use 'mip_opt_gap_rel'.
WARNING:  Option 'mip_integral_gap_abs' deprecated, please use 'mip_opt_gap_abs'.
WARNING:  Option 'mip_integral_gap_rel' deprecated, please use 'mip_opt_gap_rel'.
WARNING:  Option 'mip_integral_gap_abs' deprecated, please use 'mip_opt_gap_abs'.
WARNING:  Option 'mip_integral_gap_rel' deprecated, please use 'mip_opt_gap_rel'.
WARNING:  Option 'mip_integral_gap_abs' deprecated, please use 'mip_opt_gap_abs'.
WARNING:  Option 'mip_integral_gap_rel' deprecated, please use 'mip_opt_gap_rel'.
WARNING:  Option 'mip_integral_gap_abs' deprecated, please use 'mip_opt_gap_abs'.
WARNING:  Option 'mip_integral_gap_rel' deprecated, please use 'mip_opt_gap_rel'.
WARNING:  Option 'mip_integral_gap_abs' deprecated, please use 'mip_opt_gap_abs'.
WARNING:  Option 'mip_integral_gap_rel' deprecated, please use 'mip_opt_gap_rel'.
     683    8.966839e-01   0.000e+00   9.159e-03   7.862e-04        1
WARNING:  Option 'mip_integral_gap_abs' deprecated, please use 'mip_opt_gap_abs'.
WARNING:  Option 'mip_integral_gap_rel' deprecated, please use 'mip_opt_gap_rel'.
WARNING:  Option 'mip_integral_gap_abs' deprecated, please use 'mip_opt_gap_abs'.
WARNING:  Option 'mip_integral_gap_rel' deprecated, please use 'mip_opt_gap_rel'.
WARNING:  Option 'mip_integral_gap_abs' deprecated, please use 'mip_opt_gap_abs'.
WARNING:  Option 'mip_integral_gap_rel' deprecated, please use 'mip_opt_gap_rel'.
WARNING:  Option 'mip_integral_gap_abs' deprecated, please use 'mip_opt_gap_abs'.
WARNING:  Option 'mip_integral_gap_rel' deprecated, please use 'mip_opt_gap_rel'.
WARNING:  Option 'mip_integral_gap_abs' deprecated, please use 'mip_opt_gap_abs'.
WARNING:  Option 'mip_integral_gap_rel' deprecated, please use 'mip_opt_gap_rel'.
WARNING:  Option 'mip_integral_gap_abs' deprecated, please use 'mip_opt_gap_abs'.
WARNING:  Option 'mip_integral_gap_rel' deprecated, please use 'mip_opt_gap_rel'.
WARNING:  Option 'mip_integral_gap_abs' deprecated, please use 'mip_opt_gap_abs'.
WARNING:  Option 'mip_integral_gap_rel' deprecated, please use 'mip_opt_gap_rel'.
WARNING:  Option 'mip_integral_gap_abs' deprecated, please use 'mip_opt_gap_abs'.
WARNING:  Option 'mip_integral_gap_rel' deprecated, please use 'mip_opt_gap_rel'.
WARNING:  Option 'mip_integral_gap_abs' deprecated, please use 'mip_opt_gap_abs'.
WARNING:  Option 'mip_integral_gap_rel' deprecated, please use 'mip_opt_gap_rel'.
WARNING:  Option 'mip_integral_gap_abs' deprecated, please use 'mip_opt_gap_abs'.
WARNING:  Option 'mip_integral_gap_rel' deprecated, please use 'mip_opt_gap_rel'.
WARNING:  Option 'mip_integral_gap_abs' deprecated, please use 'mip_opt_gap_abs'.
WARNING:  Option 'mip_integral_gap_rel' deprecated, please use 'mip_opt_gap_rel'.
WARNING:  Option 'mip_integral_gap_abs' deprecated, please use 'mip_opt_gap_abs'.
WARNING:  Option 'mip_integral_gap_rel' deprecated, please use 'mip_opt_gap_rel'.
WARNING:  Option 'mip_integral_gap_abs' deprecated, please use 'mip_opt_gap_abs'.
WARNING:  Option 'mip_integral_gap_rel' deprecated, please use 'mip_opt_gap_rel'.
WARNING:  Option 'mip_integral_gap_abs' deprecated, please use 'mip_opt_gap_abs'.
WARNING:  Option 'mip_integral_gap_rel' deprecated, please use 'mip_opt_gap_rel'.
WARNING:  Option 'mip_integral_gap_abs' deprecated, please use 'mip_opt_gap_abs'.
WARNING:  Option 'mip_integral_gap_rel' deprecated, please use 'mip_opt_gap_rel'.
     684    8.966839e-01   0.000e+00   7.940e-03   2.556e-06        9
WARNING:  Option 'mip_integral_gap_abs' deprecated, please use 'mip_opt_gap_abs'.
WARNING:  Option 'mip_integral_gap_rel' deprecated, please use 'mip_opt_gap_rel'.
WARNING:  Option 'mip_integral_gap_abs' deprecated, please use 'mip_opt_gap_abs'.
WARNING:  Option 'mip_integral_gap_rel' deprecated, please use 'mip_opt_gap_rel'.
WARNING:  Option 'mip_integral_gap_abs' deprecated, please use 'mip_opt_gap_abs'.
WARNING:  Option 'mip_integral_gap_rel' deprecated, please use 'mip_opt_gap_rel'.
WARNING:  Option 'mip_integral_gap_abs' deprecated, please use 'mip_opt_gap_abs'.
WARNING:  Option 'mip_integral_gap_rel' deprecated, please use 'mip_opt_gap_rel'.
     685    8.966839e-01   0.000e+00   7.938e-03   5.380e-06        0
WARNING:  Option 'mip_integral_gap_abs' deprecated, please use 'mip_opt_gap_abs'.
WARNING:  Option 'mip_integral_gap_rel' deprecated, please use 'mip_opt_gap_rel'.
WARNING:  Option 'mip_integral_gap_abs' deprecated, please use 'mip_opt_gap_abs'.
WARNING:  Option 'mip_integral_gap_rel' deprecated, please use 'mip_opt_gap_rel'.
WARNING:  Option 'mip_integral_gap_abs' deprecated, please use 'mip_opt_gap_abs'.
WARNING:  Option 'mip_integral_gap_rel' deprecated, please use 'mip_opt_gap_rel'.
WARNING:  Option 'mip_integral_gap_abs' deprecated, please use 'mip_opt_gap_abs'.
WARNING:  Option 'mip_integral_gap_rel' deprecated, please use 'mip_opt_gap_rel'.
WARNING:  Option 'mip_integral_gap_abs' deprecated, please use 'mip_opt_gap_abs'.
WARNING:  Option 'mip_integral_gap_rel' deprecated, please use 'mip_opt_gap_rel'.
WARNING:  Option 'mip_integral_gap_abs' deprecated, please use 'mip_opt_gap_abs'.
WARNING:  Option 'mip_integral_gap_rel' deprecated, please use 'mip_opt_gap_rel'.
WARNING:  Option 'mip_integral_gap_abs' deprecated, please use 'mip_opt_gap_abs'.
WARNING:  Option 'mip_integral_gap_rel' deprecated, please use 'mip_opt_gap_rel'.
WARNING:  Option 'mip_integral_gap_abs' deprecated, please use 'mip_opt_gap_abs'.
WARNING:  Option 'mip_integral_gap_rel' deprecated, please use 'mip_opt_gap_rel'.
     686    8.966838e-01   0.000e+00   9.735e-03   5.178e-06        1
WARNING:  Option 'mip_integral_gap_abs' deprecated, please use 'mip_opt_gap_abs'.
WARNING:  Option 'mip_integral_gap_rel' deprecated, please use 'mip_opt_gap_rel'.
WARNING:  Option 'mip_integral_gap_abs' deprecated, please use 'mip_opt_gap_abs'.
WARNING:  Option 'mip_integral_gap_rel' deprecated, please use 'mip_opt_gap_rel'.
WARNING:  Option 'mip_integral_gap_abs' deprecated, please use 'mip_opt_gap_abs'.
WARNING:  Option 'mip_integral_gap_rel' deprecated, please use 'mip_opt_gap_rel'.
     687    8.966838e-01   0.000e+00   9.735e-03   1.076e-05        0
WARNING:  Option 'mip_integral_gap_abs' deprecated, please use 'mip_opt_gap_abs'.
WARNING:  Option 'mip_integral_gap_rel' deprecated, please use 'mip_opt_gap_rel'.
WARNING:  Option 'mip_integral_gap_abs' deprecated, please use 'mip_opt_gap_abs'.
WARNING:  Option 'mip_integral_gap_rel' deprecated, please use 'mip_opt_gap_rel'.
WARNING:  Option 'mip_integral_gap_abs' deprecated, please use 'mip_opt_gap_abs'.
WARNING:  Option 'mip_integral_gap_rel' deprecated, please use 'mip_opt_gap_rel'.
WARNING:  Option 'mip_integral_gap_abs' deprecated, please use 'mip_opt_gap_abs'.
WARNING:  Option 'mip_integral_gap_rel' deprecated, please use 'mip_opt_gap_rel'.
WARNING:  Option 'mip_integral_gap_abs' deprecated, please use 'mip_opt_gap_abs'.
WARNING:  Option 'mip_integral_gap_rel' deprecated, please use 'mip_opt_gap_rel'.
WARNING:  Option 'mip_integral_gap_abs' deprecated, please use 'mip_opt_gap_abs'.
WARNING:  Option 'mip_integral_gap_rel' deprecated, please use 'mip_opt_gap_rel'.
     688    8.966838e-01   0.000e+00   5.287e-03   2.150e-05        1
WARNING:  Option 'mip_integral_gap_abs' deprecated, please use 'mip_opt_gap_abs'.
WARNING:  Option 'mip_integral_gap_rel' deprecated, please use 'mip_opt_gap_rel'.
WARNING:  Option 'mip_integral_gap_abs' deprecated, please use 'mip_opt_gap_abs'.
WARNING:  Option 'mip_integral_gap_rel' deprecated, please use 'mip_opt_gap_rel'.
     689    8.966825e-01   0.000e+00   9.357e-03   1.472e-04        2
WARNING:  Option 'mip_integral_gap_abs' deprecated, please use 'mip_opt_gap_abs'.
WARNING:  Option 'mip_integral_gap_rel' deprecated, please use 'mip_opt_gap_rel'.
WARNING:  Option 'mip_integral_gap_abs' deprecated, please use 'mip_opt_gap_abs'.
WARNING:  Option 'mip_integral_gap_rel' deprecated, please use 'mip_opt_gap_rel'.
WARNING:  Option 'mip_integral_gap_abs' deprecated, please use 'mip_opt_gap_abs'.
WARNING:  Option 'mip_integral_gap_rel' deprecated, please use 'mip_opt_gap_rel'.
     690    8.966825e-01   0.000e+00   9.359e-03   1.326e-04        0
WARNING:  Option 'mip_integral_gap_abs' deprecated, please use 'mip_opt_gap_abs'.
WARNING:  Option 'mip_integral_gap_rel' deprecated, please use 'mip_opt_gap_rel'.
WARNING:  Option 'mip_integral_gap_abs' deprecated, please use 'mip_opt_gap_abs'.
WARNING:  Option 'mip_integral_gap_rel' deprecated, please use 'mip_opt_gap_rel'.
WARNING:  Option 'mip_integral_gap_abs' deprecated, please use 'mip_opt_gap_abs'.
WARNING:  Option 'mip_integral_gap_rel' deprecated, please use 'mip_opt_gap_rel'.
WARNING:  Option 'mip_integral_gap_abs' deprecated, please use 'mip_opt_gap_abs'.
WARNING:  Option 'mip_integral_gap_rel' deprecated, please use 'mip_opt_gap_rel'.
WARNING:  Option 'mip_integral_gap_abs' deprecated, please use 'mip_opt_gap_abs'.
WARNING:  Option 'mip_integral_gap_rel' deprecated, please use 'mip_opt_gap_rel'.
WARNING:  Option 'mip_integral_gap_abs' deprecated, please use 'mip_opt_gap_abs'.
WARNING:  Option 'mip_integral_gap_rel' deprecated, please use 'mip_opt_gap_rel'.
WARNING:  Option 'mip_integral_gap_abs' deprecated, please use 'mip_opt_gap_abs'.
WARNING:  Option 'mip_integral_gap_rel' deprecated, please use 'mip_opt_gap_rel'.
     691    8.966824e-01   0.000e+00   9.362e-03   2.757e-04        1
WARNING:  Option 'mip_integral_gap_abs' deprecated, please use 'mip_opt_gap_abs'.
WARNING:  Option 'mip_integral_gap_rel' deprecated, please use 'mip_opt_gap_rel'.
WARNING:  Option 'mip_integral_gap_abs' deprecated, please use 'mip_opt_gap_abs'.
WARNING:  Option 'mip_integral_gap_rel' deprecated, please use 'mip_opt_gap_rel'.
WARNING:  Option 'mip_integral_gap_abs' deprecated, please use 'mip_opt_gap_abs'.
WARNING:  Option 'mip_integral_gap_rel' deprecated, please use 'mip_opt_gap_rel'.
WARNING:  Option 'mip_integral_gap_abs' deprecated, please use 'mip_opt_gap_abs'.
WARNING:  Option 'mip_integral_gap_rel' deprecated, please use 'mip_opt_gap_rel'.
WARNING:  Option 'mip_integral_gap_abs' deprecated, please use 'mip_opt_gap_abs'.
WARNING:  Option 'mip_integral_gap_rel' deprecated, please use 'mip_opt_gap_rel'.
WARNING:  Option 'mip_integral_gap_abs' deprecated, please use 'mip_opt_gap_abs'.
WARNING:  Option 'mip_integral_gap_rel' deprecated, please use 'mip_opt_gap_rel'.
WARNING:  Option 'mip_integral_gap_abs' deprecated, please use 'mip_opt_gap_abs'.
WARNING:  Option 'mip_integral_gap_rel' deprecated, please use 'mip_opt_gap_rel'.
WARNING:  Option 'mip_integral_gap_abs' deprecated, please use 'mip_opt_gap_abs'.
WARNING:  Option 'mip_integral_gap_rel' deprecated, please use 'mip_opt_gap_rel'.
WARNING:  Option 'mip_integral_gap_abs' deprecated, please use 'mip_opt_gap_abs'.
WARNING:  Option 'mip_integral_gap_rel' deprecated, please use 'mip_opt_gap_rel'.
WARNING:  Option 'mip_integral_gap_abs' deprecated, please use 'mip_opt_gap_abs'.
WARNING:  Option 'mip_integral_gap_rel' deprecated, please use 'mip_opt_gap_rel'.
WARNING:  Option 'mip_integral_gap_abs' deprecated, please use 'mip_opt_gap_abs'.
WARNING:  Option 'mip_integral_gap_rel' deprecated, please use 'mip_opt_gap_rel'.
WARNING:  Option 'mip_integral_gap_abs' deprecated, please use 'mip_opt_gap_abs'.
WARNING:  Option 'mip_integral_gap_rel' deprecated, please use 'mip_opt_gap_rel'.
     692    8.966820e-01   0.000e+00   9.207e-03   3.122e-05        8
WARNING:  Option 'mip_integral_gap_abs' deprecated, please use 'mip_opt_gap_abs'.
WARNING:  Option 'mip_integral_gap_rel' deprecated, please use 'mip_opt_gap_rel'.
WARNING:  Option 'mip_integral_gap_abs' deprecated, please use 'mip_opt_gap_abs'.
WARNING:  Option 'mip_integral_gap_rel' deprecated, please use 'mip_opt_gap_rel'.
WARNING:  Option 'mip_integral_gap_abs' deprecated, please use 'mip_opt_gap_abs'.
WARNING:  Option 'mip_integral_gap_rel' deprecated, please use 'mip_opt_gap_rel'.
WARNING:  Option 'mip_integral_gap_abs' deprecated, please use 'mip_opt_gap_abs'.
WARNING:  Option 'mip_integral_gap_rel' deprecated, please use 'mip_opt_gap_rel'.
WARNING:  Option 'mip_integral_gap_abs' deprecated, please use 'mip_opt_gap_abs'.
WARNING:  Option 'mip_integral_gap_rel' deprecated, please use 'mip_opt_gap_rel'.
WARNING:  Option 'mip_integral_gap_abs' deprecated, please use 'mip_opt_gap_abs'.
WARNING:  Option 'mip_integral_gap_rel' deprecated, please use 'mip_opt_gap_rel'.
WARNING:  Option 'mip_integral_gap_abs' deprecated, please use 'mip_opt_gap_abs'.
WARNING:  Option 'mip_integral_gap_rel' deprecated, please use 'mip_opt_gap_rel'.
WARNING:  Option 'mip_integral_gap_abs' deprecated, please use 'mip_opt_gap_abs'.
WARNING:  Option 'mip_integral_gap_rel' deprecated, please use 'mip_opt_gap_rel'.
WARNING:  Option 'mip_integral_gap_abs' deprecated, please use 'mip_opt_gap_abs'.
WARNING:  Option 'mip_integral_gap_rel' deprecated, please use 'mip_opt_gap_rel'.
     693    8.966819e-01   0.000e+00   5.786e-03   6.842e-06        6
WARNING:  Option 'mip_integral_gap_abs' deprecated, please use 'mip_opt_gap_abs'.
WARNING:  Option 'mip_integral_gap_rel' deprecated, please use 'mip_opt_gap_rel'.
WARNING:  Option 'mip_integral_gap_abs' deprecated, please use 'mip_opt_gap_abs'.
WARNING:  Option 'mip_integral_gap_rel' deprecated, please use 'mip_opt_gap_rel'.
     694    8.966824e-01   0.000e+00   2.147e-02   1.342e-05        0
WARNING:  Option 'mip_integral_gap_abs' deprecated, please use 'mip_opt_gap_abs'.
WARNING:  Option 'mip_integral_gap_rel' deprecated, please use 'mip_opt_gap_rel'.
WARNING:  Option 'mip_integral_gap_abs' deprecated, please use 'mip_opt_gap_abs'.
WARNING:  Option 'mip_integral_gap_rel' deprecated, please use 'mip_opt_gap_rel'.
     695    8.966818e-01   0.000e+00   7.248e-03   4.760e-05        0
WARNING:  Option 'mip_integral_gap_abs' deprecated, please use 'mip_opt_gap_abs'.
WARNING:  Option 'mip_integral_gap_rel' deprecated, please use 'mip_opt_gap_rel'.
WARNING:  Option 'mip_integral_gap_abs' deprecated, please use 'mip_opt_gap_abs'.
WARNING:  Option 'mip_integral_gap_rel' deprecated, please use 'mip_opt_gap_rel'.
WARNING:  Option 'mip_integral_gap_abs' deprecated, please use 'mip_opt_gap_abs'.
WARNING:  Option 'mip_integral_gap_rel' deprecated, please use 'mip_opt_gap_rel'.
WARNING:  Option 'mip_integral_gap_abs' deprecated, please use 'mip_opt_gap_abs'.
WARNING:  Option 'mip_integral_gap_rel' deprecated, please use 'mip_opt_gap_rel'.
WARNING:  Option 'mip_integral_gap_abs' deprecated, please use 'mip_opt_gap_abs'.
WARNING:  Option 'mip_integral_gap_rel' deprecated, please use 'mip_opt_gap_rel'.
     696    8.966737e-01   0.000e+00   9.040e-03   2.329e-02        0
WARNING:  Option 'mip_integral_gap_abs' deprecated, please use 'mip_opt_gap_abs'.
WARNING:  Option 'mip_integral_gap_rel' deprecated, please use 'mip_opt_gap_rel'.
WARNING:  Option 'mip_integral_gap_abs' deprecated, please use 'mip_opt_gap_abs'.
WARNING:  Option 'mip_integral_gap_rel' deprecated, please use 'mip_opt_gap_rel'.
WARNING:  Option 'mip_integral_gap_abs' deprecated, please use 'mip_opt_gap_abs'.
WARNING:  Option 'mip_integral_gap_rel' deprecated, please use 'mip_opt_gap_rel'.
WARNING:  Option 'mip_integral_gap_abs' deprecated, please use 'mip_opt_gap_abs'.
WARNING:  Option 'mip_integral_gap_rel' deprecated, please use 'mip_opt_gap_rel'.
WARNING:  Option 'mip_integral_gap_abs' deprecated, please use 'mip_opt_gap_abs'.
WARNING:  Option 'mip_integral_gap_rel' deprecated, please use 'mip_opt_gap_rel'.
WARNING:  Option 'mip_integral_gap_abs' deprecated, please use 'mip_opt_gap_abs'.
WARNING:  Option 'mip_integral_gap_rel' deprecated, please use 'mip_opt_gap_rel'.
WARNING:  Option 'mip_integral_gap_abs' deprecated, please use 'mip_opt_gap_abs'.
WARNING:  Option 'mip_integral_gap_rel' deprecated, please use 'mip_opt_gap_rel'.
WARNING:  Option 'mip_integral_gap_abs' deprecated, please use 'mip_opt_gap_abs'.
WARNING:  Option 'mip_integral_gap_rel' deprecated, please use 'mip_opt_gap_rel'.
WARNING:  Option 'mip_integral_gap_abs' deprecated, please use 'mip_opt_gap_abs'.
WARNING:  Option 'mip_integral_gap_rel' deprecated, please use 'mip_opt_gap_rel'.
WARNING:  Option 'mip_integral_gap_abs' deprecated, please use 'mip_opt_gap_abs'.
WARNING:  Option 'mip_integral_gap_rel' deprecated, please use 'mip_opt_gap_rel'.
WARNING:  Option 'mip_integral_gap_abs' deprecated, please use 'mip_opt_gap_abs'.
WARNING:  Option 'mip_integral_gap_rel' deprecated, please use 'mip_opt_gap_rel'.
WARNING:  Option 'mip_integral_gap_abs' deprecated, please use 'mip_opt_gap_abs'.
WARNING:  Option 'mip_integral_gap_rel' deprecated, please use 'mip_opt_gap_rel'.
WARNING:  Option 'mip_integral_gap_abs' deprecated, please use 'mip_opt_gap_abs'.
WARNING:  Option 'mip_integral_gap_rel' deprecated, please use 'mip_opt_gap_rel'.
WARNING:  Option 'mip_integral_gap_abs' deprecated, please use 'mip_opt_gap_abs'.
WARNING:  Option 'mip_integral_gap_rel' deprecated, please use 'mip_opt_gap_rel'.
WARNING:  Option 'mip_integral_gap_abs' deprecated, please use 'mip_opt_gap_abs'.
WARNING:  Option 'mip_integral_gap_rel' deprecated, please use 'mip_opt_gap_rel'.
WARNING:  Option 'mip_integral_gap_abs' deprecated, please use 'mip_opt_gap_abs'.
WARNING:  Option 'mip_integral_gap_rel' deprecated, please use 'mip_opt_gap_rel'.
WARNING:  Option 'mip_integral_gap_abs' deprecated, please use 'mip_opt_gap_abs'.
WARNING:  Option 'mip_integral_gap_rel' deprecated, please use 'mip_opt_gap_rel'.
WARNING:  Option 'mip_integral_gap_abs' deprecated, please use 'mip_opt_gap_abs'.
WARNING:  Option 'mip_integral_gap_rel' deprecated, please use 'mip_opt_gap_rel'.
     697    8.966719e-01   0.000e+00   1.947e-01   2.862e-04        1
WARNING:  Option 'mip_integral_gap_abs' deprecated, please use 'mip_opt_gap_abs'.
WARNING:  Option 'mip_integral_gap_rel' deprecated, please use 'mip_opt_gap_rel'.
WARNING:  Option 'mip_integral_gap_abs' deprecated, please use 'mip_opt_gap_abs'.
WARNING:  Option 'mip_integral_gap_rel' deprecated, please use 'mip_opt_gap_rel'.
WARNING:  Option 'mip_integral_gap_abs' deprecated, please use 'mip_opt_gap_abs'.
WARNING:  Option 'mip_integral_gap_rel' deprecated, please use 'mip_opt_gap_rel'.
WARNING:  Option 'mip_integral_gap_abs' deprecated, please use 'mip_opt_gap_abs'.
WARNING:  Option 'mip_integral_gap_rel' deprecated, please use 'mip_opt_gap_rel'.
WARNING:  Option 'mip_integral_gap_abs' deprecated, please use 'mip_opt_gap_abs'.
WARNING:  Option 'mip_integral_gap_rel' deprecated, please use 'mip_opt_gap_rel'.
WARNING:  Option 'mip_integral_gap_abs' deprecated, please use 'mip_opt_gap_abs'.
WARNING:  Option 'mip_integral_gap_rel' deprecated, please use 'mip_opt_gap_rel'.
WARNING:  Option 'mip_integral_gap_abs' deprecated, please use 'mip_opt_gap_abs'.
WARNING:  Option 'mip_integral_gap_rel' deprecated, please use 'mip_opt_gap_rel'.
WARNING:  Option 'mip_integral_gap_abs' deprecated, please use 'mip_opt_gap_abs'.
WARNING:  Option 'mip_integral_gap_rel' deprecated, please use 'mip_opt_gap_rel'.
WARNING:  Option 'mip_integral_gap_abs' deprecated, please use 'mip_opt_gap_abs'.
WARNING:  Option 'mip_integral_gap_rel' deprecated, please use 'mip_opt_gap_rel'.
WARNING:  Option 'mip_integral_gap_abs' deprecated, please use 'mip_opt_gap_abs'.
WARNING:  Option 'mip_integral_gap_rel' deprecated, please use 'mip_opt_gap_rel'.
WARNING:  Option 'mip_integral_gap_abs' deprecated, please use 'mip_opt_gap_abs'.
WARNING:  Option 'mip_integral_gap_rel' deprecated, please use 'mip_opt_gap_rel'.
WARNING:  Option 'mip_integral_gap_abs' deprecated, please use 'mip_opt_gap_abs'.
WARNING:  Option 'mip_integral_gap_rel' deprecated, please use 'mip_opt_gap_rel'.
WARNING:  Option 'mip_integral_gap_abs' deprecated, please use 'mip_opt_gap_abs'.
WARNING:  Option 'mip_integral_gap_rel' deprecated, please use 'mip_opt_gap_rel'.
WARNING:  Option 'mip_integral_gap_abs' deprecated, please use 'mip_opt_gap_abs'.
WARNING:  Option 'mip_integral_gap_rel' deprecated, please use 'mip_opt_gap_rel'.
     698    8.966686e-01   0.000e+00   9.071e-03   1.052e-05        7
WARNING:  Option 'mip_integral_gap_abs' deprecated, please use 'mip_opt_gap_abs'.
WARNING:  Option 'mip_integral_gap_rel' deprecated, please use 'mip_opt_gap_rel'.
WARNING:  Option 'mip_integral_gap_abs' deprecated, please use 'mip_opt_gap_abs'.
WARNING:  Option 'mip_integral_gap_rel' deprecated, please use 'mip_opt_gap_rel'.
WARNING:  Option 'mip_integral_gap_abs' deprecated, please use 'mip_opt_gap_abs'.
WARNING:  Option 'mip_integral_gap_rel' deprecated, please use 'mip_opt_gap_rel'.
     699    8.966686e-01   0.000e+00   9.073e-03   2.018e-07        0
WARNING:  Option 'mip_integral_gap_abs' deprecated, please use 'mip_opt_gap_abs'.
WARNING:  Option 'mip_integral_gap_rel' deprecated, please use 'mip_opt_gap_rel'.
WARNING:  Option 'mip_integral_gap_abs' deprecated, please use 'mip_opt_gap_abs'.
WARNING:  Option 'mip_integral_gap_rel' deprecated, please use 'mip_opt_gap_rel'.
WARNING:  Option 'mip_integral_gap_abs' deprecated, please use 'mip_opt_gap_abs'.
WARNING:  Option 'mip_integral_gap_rel' deprecated, please use 'mip_opt_gap_rel'.
WARNING:  Option 'mip_integral_gap_abs' deprecated, please use 'mip_opt_gap_abs'.
WARNING:  Option 'mip_integral_gap_rel' deprecated, please use 'mip_opt_gap_rel'.
     700    8.966691e-01   0.000e+00   2.426e-01   6.877e-05        0
WARNING:  Option 'mip_integral_gap_abs' deprecated, please use 'mip_opt_gap_abs'.
WARNING:  Option 'mip_integral_gap_rel' deprecated, please use 'mip_opt_gap_rel'.
WARNING:  Option 'mip_integral_gap_abs' deprecated, please use 'mip_opt_gap_abs'.
WARNING:  Option 'mip_integral_gap_rel' deprecated, please use 'mip_opt_gap_rel'.
WARNING:  Option 'mip_integral_gap_abs' deprecated, please use 'mip_opt_gap_abs'.
WARNING:  Option 'mip_integral_gap_rel' deprecated, please use 'mip_opt_gap_rel'.
WARNING:  Option 'mip_integral_gap_abs' deprecated, please use 'mip_opt_gap_abs'.
WARNING:  Option 'mip_integral_gap_rel' deprecated, please use 'mip_opt_gap_rel'.
WARNING:  Option 'mip_integral_gap_abs' deprecated, please use 'mip_opt_gap_abs'.
WARNING:  Option 'mip_integral_gap_rel' deprecated, please use 'mip_opt_gap_rel'.
WARNING:  Option 'mip_integral_gap_abs' deprecated, please use 'mip_opt_gap_abs'.
WARNING:  Option 'mip_integral_gap_rel' deprecated, please use 'mip_opt_gap_rel'.
WARNING:  Option 'mip_integral_gap_abs' deprecated, please use 'mip_opt_gap_abs'.
WARNING:  Option 'mip_integral_gap_rel' deprecated, please use 'mip_opt_gap_rel'.
WARNING:  Option 'mip_integral_gap_abs' deprecated, please use 'mip_opt_gap_abs'.
WARNING:  Option 'mip_integral_gap_rel' deprecated, please use 'mip_opt_gap_rel'.
WARNING:  Option 'mip_integral_gap_abs' deprecated, please use 'mip_opt_gap_abs'.
WARNING:  Option 'mip_integral_gap_rel' deprecated, please use 'mip_opt_gap_rel'.
WARNING:  Option 'mip_integral_gap_abs' deprecated, please use 'mip_opt_gap_abs'.
WARNING:  Option 'mip_integral_gap_rel' deprecated, please use 'mip_opt_gap_rel'.
WARNING:  Option 'mip_integral_gap_abs' deprecated, please use 'mip_opt_gap_abs'.
WARNING:  Option 'mip_integral_gap_rel' deprecated, please use 'mip_opt_gap_rel'.
WARNING:  Option 'mip_integral_gap_abs' deprecated, please use 'mip_opt_gap_abs'.
WARNING:  Option 'mip_integral_gap_rel' deprecated, please use 'mip_opt_gap_rel'.
WARNING:  Option 'mip_integral_gap_abs' deprecated, please use 'mip_opt_gap_abs'.
WARNING:  Option 'mip_integral_gap_rel' deprecated, please use 'mip_opt_gap_rel'.
WARNING:  Option 'mip_integral_gap_abs' deprecated, please use 'mip_opt_gap_abs'.
WARNING:  Option 'mip_integral_gap_rel' deprecated, please use 'mip_opt_gap_rel'.
WARNING:  Option 'mip_integral_gap_abs' deprecated, please use 'mip_opt_gap_abs'.
WARNING:  Option 'mip_integral_gap_rel' deprecated, please use 'mip_opt_gap_rel'.
WARNING:  Option 'mip_integral_gap_abs' deprecated, please use 'mip_opt_gap_abs'.
WARNING:  Option 'mip_integral_gap_rel' deprecated, please use 'mip_opt_gap_rel'.
WARNING:  Option 'mip_integral_gap_abs' deprecated, please use 'mip_opt_gap_abs'.
WARNING:  Option 'mip_integral_gap_rel' deprecated, please use 'mip_opt_gap_rel'.
WARNING:  Option 'mip_integral_gap_abs' deprecated, please use 'mip_opt_gap_abs'.
WARNING:  Option 'mip_integral_gap_rel' deprecated, please use 'mip_opt_gap_rel'.
     701    8.966667e-01   0.000e+00   4.083e-02   5.186e-06        9
WARNING:  Option 'mip_integral_gap_abs' deprecated, please use 'mip_opt_gap_abs'.
WARNING:  Option 'mip_integral_gap_rel' deprecated, please use 'mip_opt_gap_rel'.
WARNING:  Option 'mip_integral_gap_abs' deprecated, please use 'mip_opt_gap_abs'.
WARNING:  Option 'mip_integral_gap_rel' deprecated, please use 'mip_opt_gap_rel'.
WARNING:  Option 'mip_integral_gap_abs' deprecated, please use 'mip_opt_gap_abs'.
WARNING:  Option 'mip_integral_gap_rel' deprecated, please use 'mip_opt_gap_rel'.
     702    8.966667e-01   0.000e+00   4.083e-02   5.697e-09        0
WARNING:  Option 'mip_integral_gap_abs' deprecated, please use 'mip_opt_gap_abs'.
WARNING:  Option 'mip_integral_gap_rel' deprecated, please use 'mip_opt_gap_rel'.
WARNING:  Option 'mip_integral_gap_abs' deprecated, please use 'mip_opt_gap_abs'.
WARNING:  Option 'mip_integral_gap_rel' deprecated, please use 'mip_opt_gap_rel'.
WARNING:  Option 'mip_integral_gap_abs' deprecated, please use 'mip_opt_gap_abs'.
WARNING:  Option 'mip_integral_gap_rel' deprecated, please use 'mip_opt_gap_rel'.
WARNING:  Option 'mip_integral_gap_abs' deprecated, please use 'mip_opt_gap_abs'.
WARNING:  Option 'mip_integral_gap_rel' deprecated, please use 'mip_opt_gap_rel'.
WARNING:  Option 'mip_integral_gap_abs' deprecated, please use 'mip_opt_gap_abs'.
WARNING:  Option 'mip_integral_gap_rel' deprecated, please use 'mip_opt_gap_rel'.
     703    8.966701e-01   0.000e+00   3.573e-02   1.148e-05        0
WARNING:  Option 'mip_integral_gap_abs' deprecated, please use 'mip_opt_gap_abs'.
WARNING:  Option 'mip_integral_gap_rel' deprecated, please use 'mip_opt_gap_rel'.
WARNING:  Option 'mip_integral_gap_abs' deprecated, please use 'mip_opt_gap_abs'.
WARNING:  Option 'mip_integral_gap_rel' deprecated, please use 'mip_opt_gap_rel'.
WARNING:  Option 'mip_integral_gap_abs' deprecated, please use 'mip_opt_gap_abs'.
WARNING:  Option 'mip_integral_gap_rel' deprecated, please use 'mip_opt_gap_rel'.
WARNING:  Option 'mip_integral_gap_abs' deprecated, please use 'mip_opt_gap_abs'.
WARNING:  Option 'mip_integral_gap_rel' deprecated, please use 'mip_opt_gap_rel'.
     704    8.966658e-01   0.000e+00   2.683e-02   2.177e-05        0
WARNING:  Option 'mip_integral_gap_abs' deprecated, please use 'mip_opt_gap_abs'.
WARNING:  Option 'mip_integral_gap_rel' deprecated, please use 'mip_opt_gap_rel'.
WARNING:  Option 'mip_integral_gap_abs' deprecated, please use 'mip_opt_gap_abs'.
WARNING:  Option 'mip_integral_gap_rel' deprecated, please use 'mip_opt_gap_rel'.
WARNING:  Option 'mip_integral_gap_abs' deprecated, please use 'mip_opt_gap_abs'.
WARNING:  Option 'mip_integral_gap_rel' deprecated, please use 'mip_opt_gap_rel'.
WARNING:  Option 'mip_integral_gap_abs' deprecated, please use 'mip_opt_gap_abs'.
WARNING:  Option 'mip_integral_gap_rel' deprecated, please use 'mip_opt_gap_rel'.
WARNING:  Option 'mip_integral_gap_abs' deprecated, please use 'mip_opt_gap_abs'.
WARNING:  Option 'mip_integral_gap_rel' deprecated, please use 'mip_opt_gap_rel'.
WARNING:  Option 'mip_integral_gap_abs' deprecated, please use 'mip_opt_gap_abs'.
WARNING:  Option 'mip_integral_gap_rel' deprecated, please use 'mip_opt_gap_rel'.
WARNING:  Option 'mip_integral_gap_abs' deprecated, please use 'mip_opt_gap_abs'.
WARNING:  Option 'mip_integral_gap_rel' deprecated, please use 'mip_opt_gap_rel'.
WARNING:  Option 'mip_integral_gap_abs' deprecated, please use 'mip_opt_gap_abs'.
WARNING:  Option 'mip_integral_gap_rel' deprecated, please use 'mip_opt_gap_rel'.
WARNING:  Option 'mip_integral_gap_abs' deprecated, please use 'mip_opt_gap_abs'.
WARNING:  Option 'mip_integral_gap_rel' deprecated, please use 'mip_opt_gap_rel'.
WARNING:  Option 'mip_integral_gap_abs' deprecated, please use 'mip_opt_gap_abs'.
WARNING:  Option 'mip_integral_gap_rel' deprecated, please use 'mip_opt_gap_rel'.
WARNING:  Option 'mip_integral_gap_abs' deprecated, please use 'mip_opt_gap_abs'.
WARNING:  Option 'mip_integral_gap_rel' deprecated, please use 'mip_opt_gap_rel'.
WARNING:  Option 'mip_integral_gap_abs' deprecated, please use 'mip_opt_gap_abs'.
WARNING:  Option 'mip_integral_gap_rel' deprecated, please use 'mip_opt_gap_rel'.
WARNING:  Option 'mip_integral_gap_abs' deprecated, please use 'mip_opt_gap_abs'.
WARNING:  Option 'mip_integral_gap_rel' deprecated, please use 'mip_opt_gap_rel'.
WARNING:  Option 'mip_integral_gap_abs' deprecated, please use 'mip_opt_gap_abs'.
WARNING:  Option 'mip_integral_gap_rel' deprecated, please use 'mip_opt_gap_rel'.
WARNING:  Option 'mip_integral_gap_abs' deprecated, please use 'mip_opt_gap_abs'.
WARNING:  Option 'mip_integral_gap_rel' deprecated, please use 'mip_opt_gap_rel'.
WARNING:  Option 'mip_integral_gap_abs' deprecated, please use 'mip_opt_gap_abs'.
WARNING:  Option 'mip_integral_gap_rel' deprecated, please use 'mip_opt_gap_rel'.
     705    8.966658e-01   0.000e+00   2.683e-02   1.566e-05        1
WARNING:  Option 'mip_integral_gap_abs' deprecated, please use 'mip_opt_gap_abs'.
WARNING:  Option 'mip_integral_gap_rel' deprecated, please use 'mip_opt_gap_rel'.
WARNING:  Option 'mip_integral_gap_abs' deprecated, please use 'mip_opt_gap_abs'.
WARNING:  Option 'mip_integral_gap_rel' deprecated, please use 'mip_opt_gap_rel'.
     706    8.966673e-01   0.000e+00   6.823e-03   7.763e-05        0
WARNING:  Option 'mip_integral_gap_abs' deprecated, please use 'mip_opt_gap_abs'.
WARNING:  Option 'mip_integral_gap_rel' deprecated, please use 'mip_opt_gap_rel'.
WARNING:  Option 'mip_integral_gap_abs' deprecated, please use 'mip_opt_gap_abs'.
WARNING:  Option 'mip_integral_gap_rel' deprecated, please use 'mip_opt_gap_rel'.
WARNING:  Option 'mip_integral_gap_abs' deprecated, please use 'mip_opt_gap_abs'.
WARNING:  Option 'mip_integral_gap_rel' deprecated, please use 'mip_opt_gap_rel'.
     707    8.963687e-01   0.000e+00   1.298e-02   1.761e-01        3
WARNING:  Option 'mip_integral_gap_abs' deprecated, please use 'mip_opt_gap_abs'.
WARNING:  Option 'mip_integral_gap_rel' deprecated, please use 'mip_opt_gap_rel'.
WARNING:  Option 'mip_integral_gap_abs' deprecated, please use 'mip_opt_gap_abs'.
WARNING:  Option 'mip_integral_gap_rel' deprecated, please use 'mip_opt_gap_rel'.
     708    8.961810e-01   6.556e-06   1.312e-02   2.372e-04        0
WARNING:  Option 'mip_integral_gap_abs' deprecated, please use 'mip_opt_gap_abs'.
WARNING:  Option 'mip_integral_gap_rel' deprecated, please use 'mip_opt_gap_rel'.
WARNING:  Option 'mip_integral_gap_abs' deprecated, please use 'mip_opt_gap_abs'.
WARNING:  Option 'mip_integral_gap_rel' deprecated, please use 'mip_opt_gap_rel'.
     709    8.961945e-01   0.000e+00   1.308e-02   4.102e-04        0
WARNING:  Option 'mip_integral_gap_abs' deprecated, please use 'mip_opt_gap_abs'.
WARNING:  Option 'mip_integral_gap_rel' deprecated, please use 'mip_opt_gap_rel'.
WARNING:  Option 'mip_integral_gap_abs' deprecated, please use 'mip_opt_gap_abs'.
WARNING:  Option 'mip_integral_gap_rel' deprecated, please use 'mip_opt_gap_rel'.
     710    8.961898e-01   0.000e+00   1.307e-02   1.649e-04        0
WARNING:  Option 'mip_integral_gap_abs' deprecated, please use 'mip_opt_gap_abs'.
WARNING:  Option 'mip_integral_gap_rel' deprecated, please use 'mip_opt_gap_rel'.
WARNING:  Option 'mip_integral_gap_abs' deprecated, please use 'mip_opt_gap_abs'.
WARNING:  Option 'mip_integral_gap_rel' deprecated, please use 'mip_opt_gap_rel'.
     711    8.961828e-01   0.000e+00   1.304e-02   3.907e-04        0
WARNING:  Option 'mip_integral_gap_abs' deprecated, please use 'mip_opt_gap_abs'.
WARNING:  Option 'mip_integral_gap_rel' deprecated, please use 'mip_opt_gap_rel'.
WARNING:  Option 'mip_integral_gap_abs' deprecated, please use 'mip_opt_gap_abs'.
WARNING:  Option 'mip_integral_gap_rel' deprecated, please use 'mip_opt_gap_rel'.
WARNING:  Option 'mip_integral_gap_abs' deprecated, please use 'mip_opt_gap_abs'.
WARNING:  Option 'mip_integral_gap_rel' deprecated, please use 'mip_opt_gap_rel'.
WARNING:  Option 'mip_integral_gap_abs' deprecated, please use 'mip_opt_gap_abs'.
WARNING:  Option 'mip_integral_gap_rel' deprecated, please use 'mip_opt_gap_rel'.
WARNING:  Option 'mip_integral_gap_abs' deprecated, please use 'mip_opt_gap_abs'.
WARNING:  Option 'mip_integral_gap_rel' deprecated, please use 'mip_opt_gap_rel'.
WARNING:  Option 'mip_integral_gap_abs' deprecated, please use 'mip_opt_gap_abs'.
WARNING:  Option 'mip_integral_gap_rel' deprecated, please use 'mip_opt_gap_rel'.
     712    8.961723e-01   0.000e+00   1.298e-02   5.155e-04        3
WARNING:  Option 'mip_integral_gap_abs' deprecated, please use 'mip_opt_gap_abs'.
WARNING:  Option 'mip_integral_gap_rel' deprecated, please use 'mip_opt_gap_rel'.
WARNING:  Option 'mip_integral_gap_abs' deprecated, please use 'mip_opt_gap_abs'.
WARNING:  Option 'mip_integral_gap_rel' deprecated, please use 'mip_opt_gap_rel'.
     713    8.961716e-01   0.000e+00   1.297e-02   4.527e-05        0
WARNING:  Option 'mip_integral_gap_abs' deprecated, please use 'mip_opt_gap_abs'.
WARNING:  Option 'mip_integral_gap_rel' deprecated, please use 'mip_opt_gap_rel'.
WARNING:  Option 'mip_integral_gap_abs' deprecated, please use 'mip_opt_gap_abs'.
WARNING:  Option 'mip_integral_gap_rel' deprecated, please use 'mip_opt_gap_rel'.
     714    8.961692e-01   0.000e+00   1.080e-02   1.131e-04        0
WARNING:  Option 'mip_integral_gap_abs' deprecated, please use 'mip_opt_gap_abs'.
WARNING:  Option 'mip_integral_gap_rel' deprecated, please use 'mip_opt_gap_rel'.
WARNING:  Option 'mip_integral_gap_abs' deprecated, please use 'mip_opt_gap_abs'.
WARNING:  Option 'mip_integral_gap_rel' deprecated, please use 'mip_opt_gap_rel'.
WARNING:  Option 'mip_integral_gap_abs' deprecated, please use 'mip_opt_gap_abs'.
WARNING:  Option 'mip_integral_gap_rel' deprecated, please use 'mip_opt_gap_rel'.
WARNING:  Option 'mip_integral_gap_abs' deprecated, please use 'mip_opt_gap_abs'.
WARNING:  Option 'mip_integral_gap_rel' deprecated, please use 'mip_opt_gap_rel'.
     715    8.961685e-01   0.000e+00   1.351e-02   4.838e-05        0
WARNING:  Option 'mip_integral_gap_abs' deprecated, please use 'mip_opt_gap_abs'.
WARNING:  Option 'mip_integral_gap_rel' deprecated, please use 'mip_opt_gap_rel'.
WARNING:  Option 'mip_integral_gap_abs' deprecated, please use 'mip_opt_gap_abs'.
WARNING:  Option 'mip_integral_gap_rel' deprecated, please use 'mip_opt_gap_rel'.
WARNING:  Option 'mip_integral_gap_abs' deprecated, please use 'mip_opt_gap_abs'.
WARNING:  Option 'mip_integral_gap_rel' deprecated, please use 'mip_opt_gap_rel'.
WARNING:  Option 'mip_integral_gap_abs' deprecated, please use 'mip_opt_gap_abs'.
WARNING:  Option 'mip_integral_gap_rel' deprecated, please use 'mip_opt_gap_rel'.
WARNING:  Option 'mip_integral_gap_abs' deprecated, please use 'mip_opt_gap_abs'.
WARNING:  Option 'mip_integral_gap_rel' deprecated, please use 'mip_opt_gap_rel'.
WARNING:  Option 'mip_integral_gap_abs' deprecated, please use 'mip_opt_gap_abs'.
WARNING:  Option 'mip_integral_gap_rel' deprecated, please use 'mip_opt_gap_rel'.
WARNING:  Option 'mip_integral_gap_abs' deprecated, please use 'mip_opt_gap_abs'.
WARNING:  Option 'mip_integral_gap_rel' deprecated, please use 'mip_opt_gap_rel'.
WARNING:  Option 'mip_integral_gap_abs' deprecated, please use 'mip_opt_gap_abs'.
WARNING:  Option 'mip_integral_gap_rel' deprecated, please use 'mip_opt_gap_rel'.
WARNING:  Option 'mip_integral_gap_abs' deprecated, please use 'mip_opt_gap_abs'.
WARNING:  Option 'mip_integral_gap_rel' deprecated, please use 'mip_opt_gap_rel'.
WARNING:  Option 'mip_integral_gap_abs' deprecated, please use 'mip_opt_gap_abs'.
WARNING:  Option 'mip_integral_gap_rel' deprecated, please use 'mip_opt_gap_rel'.
WARNING:  Option 'mip_integral_gap_abs' deprecated, please use 'mip_opt_gap_abs'.
WARNING:  Option 'mip_integral_gap_rel' deprecated, please use 'mip_opt_gap_rel'.
     716    8.961685e-01   0.000e+00   1.245e-02   4.649e-06       16
WARNING:  Option 'mip_integral_gap_abs' deprecated, please use 'mip_opt_gap_abs'.
WARNING:  Option 'mip_integral_gap_rel' deprecated, please use 'mip_opt_gap_rel'.
WARNING:  Option 'mip_integral_gap_abs' deprecated, please use 'mip_opt_gap_abs'.
WARNING:  Option 'mip_integral_gap_rel' deprecated, please use 'mip_opt_gap_rel'.
     717    8.961682e-01   0.000e+00   5.280e-02   9.191e-06        0
WARNING:  Option 'mip_integral_gap_abs' deprecated, please use 'mip_opt_gap_abs'.
WARNING:  Option 'mip_integral_gap_rel' deprecated, please use 'mip_opt_gap_rel'.
WARNING:  Option 'mip_integral_gap_abs' deprecated, please use 'mip_opt_gap_abs'.
WARNING:  Option 'mip_integral_gap_rel' deprecated, please use 'mip_opt_gap_rel'.
WARNING:  Option 'mip_integral_gap_abs' deprecated, please use 'mip_opt_gap_abs'.
WARNING:  Option 'mip_integral_gap_rel' deprecated, please use 'mip_opt_gap_rel'.
     718    8.961652e-01   0.000e+00   2.552e-02   2.305e-05        0
WARNING:  Option 'mip_integral_gap_abs' deprecated, please use 'mip_opt_gap_abs'.
WARNING:  Option 'mip_integral_gap_rel' deprecated, please use 'mip_opt_gap_rel'.
WARNING:  Option 'mip_integral_gap_abs' deprecated, please use 'mip_opt_gap_abs'.
WARNING:  Option 'mip_integral_gap_rel' deprecated, please use 'mip_opt_gap_rel'.
     719    8.961663e-01   0.000e+00   6.732e-03   4.213e-06        0
WARNING:  Option 'mip_integral_gap_abs' deprecated, please use 'mip_opt_gap_abs'.
WARNING:  Option 'mip_integral_gap_rel' deprecated, please use 'mip_opt_gap_rel'.
WARNING:  Option 'mip_integral_gap_abs' deprecated, please use 'mip_opt_gap_abs'.
WARNING:  Option 'mip_integral_gap_rel' deprecated, please use 'mip_opt_gap_rel'.
WARNING:  Option 'mip_integral_gap_abs' deprecated, please use 'mip_opt_gap_abs'.
WARNING:  Option 'mip_integral_gap_rel' deprecated, please use 'mip_opt_gap_rel'.
WARNING:  Option 'mip_integral_gap_abs' deprecated, please use 'mip_opt_gap_abs'.
WARNING:  Option 'mip_integral_gap_rel' deprecated, please use 'mip_opt_gap_rel'.
WARNING:  Option 'mip_integral_gap_abs' deprecated, please use 'mip_opt_gap_abs'.
WARNING:  Option 'mip_integral_gap_rel' deprecated, please use 'mip_opt_gap_rel'.
WARNING:  Option 'mip_integral_gap_abs' deprecated, please use 'mip_opt_gap_abs'.
WARNING:  Option 'mip_integral_gap_rel' deprecated, please use 'mip_opt_gap_rel'.
WARNING:  Option 'mip_integral_gap_abs' deprecated, please use 'mip_opt_gap_abs'.
WARNING:  Option 'mip_integral_gap_rel' deprecated, please use 'mip_opt_gap_rel'.
WARNING:  Option 'mip_integral_gap_abs' deprecated, please use 'mip_opt_gap_abs'.
WARNING:  Option 'mip_integral_gap_rel' deprecated, please use 'mip_opt_gap_rel'.
WARNING:  Option 'mip_integral_gap_abs' deprecated, please use 'mip_opt_gap_abs'.
WARNING:  Option 'mip_integral_gap_rel' deprecated, please use 'mip_opt_gap_rel'.
WARNING:  Option 'mip_integral_gap_abs' deprecated, please use 'mip_opt_gap_abs'.
WARNING:  Option 'mip_integral_gap_rel' deprecated, please use 'mip_opt_gap_rel'.
WARNING:  Option 'mip_integral_gap_abs' deprecated, please use 'mip_opt_gap_abs'.
WARNING:  Option 'mip_integral_gap_rel' deprecated, please use 'mip_opt_gap_rel'.
WARNING:  Option 'mip_integral_gap_abs' deprecated, please use 'mip_opt_gap_abs'.
WARNING:  Option 'mip_integral_gap_rel' deprecated, please use 'mip_opt_gap_rel'.
WARNING:  Option 'mip_integral_gap_abs' deprecated, please use 'mip_opt_gap_abs'.
WARNING:  Option 'mip_integral_gap_rel' deprecated, please use 'mip_opt_gap_rel'.
     720    8.960968e-01   0.000e+00   1.986e-02   1.512e-02        1
WARNING:  Option 'mip_integral_gap_abs' deprecated, please use 'mip_opt_gap_abs'.
WARNING:  Option 'mip_integral_gap_rel' deprecated, please use 'mip_opt_gap_rel'.
WARNING:  Option 'mip_integral_gap_abs' deprecated, please use 'mip_opt_gap_abs'.
WARNING:  Option 'mip_integral_gap_rel' deprecated, please use 'mip_opt_gap_rel'.
WARNING:  Option 'mip_integral_gap_abs' deprecated, please use 'mip_opt_gap_abs'.
WARNING:  Option 'mip_integral_gap_rel' deprecated, please use 'mip_opt_gap_rel'.
WARNING:  Option 'mip_integral_gap_abs' deprecated, please use 'mip_opt_gap_abs'.
WARNING:  Option 'mip_integral_gap_rel' deprecated, please use 'mip_opt_gap_rel'.
WARNING:  Option 'mip_integral_gap_abs' deprecated, please use 'mip_opt_gap_abs'.
WARNING:  Option 'mip_integral_gap_rel' deprecated, please use 'mip_opt_gap_rel'.
WARNING:  Option 'mip_integral_gap_abs' deprecated, please use 'mip_opt_gap_abs'.
WARNING:  Option 'mip_integral_gap_rel' deprecated, please use 'mip_opt_gap_rel'.
WARNING:  Option 'mip_integral_gap_abs' deprecated, please use 'mip_opt_gap_abs'.
WARNING:  Option 'mip_integral_gap_rel' deprecated, please use 'mip_opt_gap_rel'.
     721    8.960877e-01   0.000e+00   1.985e-02   1.805e-03        1
WARNING:  Option 'mip_integral_gap_abs' deprecated, please use 'mip_opt_gap_abs'.
WARNING:  Option 'mip_integral_gap_rel' deprecated, please use 'mip_opt_gap_rel'.
WARNING:  Option 'mip_integral_gap_abs' deprecated, please use 'mip_opt_gap_abs'.
WARNING:  Option 'mip_integral_gap_rel' deprecated, please use 'mip_opt_gap_rel'.
WARNING:  Option 'mip_integral_gap_abs' deprecated, please use 'mip_opt_gap_abs'.
WARNING:  Option 'mip_integral_gap_rel' deprecated, please use 'mip_opt_gap_rel'.
     722    8.960168e-01   0.000e+00   8.980e-02   3.770e-02        0
WARNING:  Option 'mip_integral_gap_abs' deprecated, please use 'mip_opt_gap_abs'.
WARNING:  Option 'mip_integral_gap_rel' deprecated, please use 'mip_opt_gap_rel'.
WARNING:  Option 'mip_integral_gap_abs' deprecated, please use 'mip_opt_gap_abs'.
WARNING:  Option 'mip_integral_gap_rel' deprecated, please use 'mip_opt_gap_rel'.
WARNING:  Option 'mip_integral_gap_abs' deprecated, please use 'mip_opt_gap_abs'.
WARNING:  Option 'mip_integral_gap_rel' deprecated, please use 'mip_opt_gap_rel'.
WARNING:  Option 'mip_integral_gap_abs' deprecated, please use 'mip_opt_gap_abs'.
WARNING:  Option 'mip_integral_gap_rel' deprecated, please use 'mip_opt_gap_rel'.
WARNING:  Option 'mip_integral_gap_abs' deprecated, please use 'mip_opt_gap_abs'.
WARNING:  Option 'mip_integral_gap_rel' deprecated, please use 'mip_opt_gap_rel'.
WARNING:  Option 'mip_integral_gap_abs' deprecated, please use 'mip_opt_gap_abs'.
WARNING:  Option 'mip_integral_gap_rel' deprecated, please use 'mip_opt_gap_rel'.
WARNING:  Option 'mip_integral_gap_abs' deprecated, please use 'mip_opt_gap_abs'.
WARNING:  Option 'mip_integral_gap_rel' deprecated, please use 'mip_opt_gap_rel'.
WARNING:  Option 'mip_integral_gap_abs' deprecated, please use 'mip_opt_gap_abs'.
WARNING:  Option 'mip_integral_gap_rel' deprecated, please use 'mip_opt_gap_rel'.
WARNING:  Option 'mip_integral_gap_abs' deprecated, please use 'mip_opt_gap_abs'.
WARNING:  Option 'mip_integral_gap_rel' deprecated, please use 'mip_opt_gap_rel'.
WARNING:  Option 'mip_integral_gap_abs' deprecated, please use 'mip_opt_gap_abs'.
WARNING:  Option 'mip_integral_gap_rel' deprecated, please use 'mip_opt_gap_rel'.
WARNING:  Option 'mip_integral_gap_abs' deprecated, please use 'mip_opt_gap_abs'.
WARNING:  Option 'mip_integral_gap_rel' deprecated, please use 'mip_opt_gap_rel'.
WARNING:  Option 'mip_integral_gap_abs' deprecated, please use 'mip_opt_gap_abs'.
WARNING:  Option 'mip_integral_gap_rel' deprecated, please use 'mip_opt_gap_rel'.
WARNING:  Option 'mip_integral_gap_abs' deprecated, please use 'mip_opt_gap_abs'.
WARNING:  Option 'mip_integral_gap_rel' deprecated, please use 'mip_opt_gap_rel'.
WARNING:  Option 'mip_integral_gap_abs' deprecated, please use 'mip_opt_gap_abs'.
WARNING:  Option 'mip_integral_gap_rel' deprecated, please use 'mip_opt_gap_rel'.
WARNING:  Option 'mip_integral_gap_abs' deprecated, please use 'mip_opt_gap_abs'.
WARNING:  Option 'mip_integral_gap_rel' deprecated, please use 'mip_opt_gap_rel'.
WARNING:  Option 'mip_integral_gap_abs' deprecated, please use 'mip_opt_gap_abs'.
WARNING:  Option 'mip_integral_gap_rel' deprecated, please use 'mip_opt_gap_rel'.
     723    8.960153e-01   0.000e+00   1.974e-02   7.555e-05        1
WARNING:  Option 'mip_integral_gap_abs' deprecated, please use 'mip_opt_gap_abs'.
WARNING:  Option 'mip_integral_gap_rel' deprecated, please use 'mip_opt_gap_rel'.
WARNING:  Option 'mip_integral_gap_abs' deprecated, please use 'mip_opt_gap_abs'.
WARNING:  Option 'mip_integral_gap_rel' deprecated, please use 'mip_opt_gap_rel'.
WARNING:  Option 'mip_integral_gap_abs' deprecated, please use 'mip_opt_gap_abs'.
WARNING:  Option 'mip_integral_gap_rel' deprecated, please use 'mip_opt_gap_rel'.
WARNING:  Option 'mip_integral_gap_abs' deprecated, please use 'mip_opt_gap_abs'.
WARNING:  Option 'mip_integral_gap_rel' deprecated, please use 'mip_opt_gap_rel'.
WARNING:  Option 'mip_integral_gap_abs' deprecated, please use 'mip_opt_gap_abs'.
WARNING:  Option 'mip_integral_gap_rel' deprecated, please use 'mip_opt_gap_rel'.
WARNING:  Option 'mip_integral_gap_abs' deprecated, please use 'mip_opt_gap_abs'.
WARNING:  Option 'mip_integral_gap_rel' deprecated, please use 'mip_opt_gap_rel'.
WARNING:  Option 'mip_integral_gap_abs' deprecated, please use 'mip_opt_gap_abs'.
WARNING:  Option 'mip_integral_gap_rel' deprecated, please use 'mip_opt_gap_rel'.
WARNING:  Option 'mip_integral_gap_abs' deprecated, please use 'mip_opt_gap_abs'.
WARNING:  Option 'mip_integral_gap_rel' deprecated, please use 'mip_opt_gap_rel'.
WARNING:  Option 'mip_integral_gap_abs' deprecated, please use 'mip_opt_gap_abs'.
WARNING:  Option 'mip_integral_gap_rel' deprecated, please use 'mip_opt_gap_rel'.
WARNING:  Option 'mip_integral_gap_abs' deprecated, please use 'mip_opt_gap_abs'.
WARNING:  Option 'mip_integral_gap_rel' deprecated, please use 'mip_opt_gap_rel'.
WARNING:  Option 'mip_integral_gap_abs' deprecated, please use 'mip_opt_gap_abs'.
WARNING:  Option 'mip_integral_gap_rel' deprecated, please use 'mip_opt_gap_rel'.
WARNING:  Option 'mip_integral_gap_abs' deprecated, please use 'mip_opt_gap_abs'.
WARNING:  Option 'mip_integral_gap_rel' deprecated, please use 'mip_opt_gap_rel'.
WARNING:  Option 'mip_integral_gap_abs' deprecated, please use 'mip_opt_gap_abs'.
WARNING:  Option 'mip_integral_gap_rel' deprecated, please use 'mip_opt_gap_rel'.
WARNING:  Option 'mip_integral_gap_abs' deprecated, please use 'mip_opt_gap_abs'.
WARNING:  Option 'mip_integral_gap_rel' deprecated, please use 'mip_opt_gap_rel'.
WARNING:  Option 'mip_integral_gap_abs' deprecated, please use 'mip_opt_gap_abs'.
WARNING:  Option 'mip_integral_gap_rel' deprecated, please use 'mip_opt_gap_rel'.
WARNING:  Option 'mip_integral_gap_abs' deprecated, please use 'mip_opt_gap_abs'.
WARNING:  Option 'mip_integral_gap_rel' deprecated, please use 'mip_opt_gap_rel'.
WARNING:  Option 'mip_integral_gap_abs' deprecated, please use 'mip_opt_gap_abs'.
WARNING:  Option 'mip_integral_gap_rel' deprecated, please use 'mip_opt_gap_rel'.
     724    8.960152e-01   0.000e+00   5.285e-03   1.250e-05       20
WARNING:  Option 'mip_integral_gap_abs' deprecated, please use 'mip_opt_gap_abs'.
WARNING:  Option 'mip_integral_gap_rel' deprecated, please use 'mip_opt_gap_rel'.
WARNING:  Option 'mip_integral_gap_abs' deprecated, please use 'mip_opt_gap_abs'.
WARNING:  Option 'mip_integral_gap_rel' deprecated, please use 'mip_opt_gap_rel'.
WARNING:  Option 'mip_integral_gap_abs' deprecated, please use 'mip_opt_gap_abs'.
WARNING:  Option 'mip_integral_gap_rel' deprecated, please use 'mip_opt_gap_rel'.
WARNING:  Option 'mip_integral_gap_abs' deprecated, please use 'mip_opt_gap_abs'.
WARNING:  Option 'mip_integral_gap_rel' deprecated, please use 'mip_opt_gap_rel'.
     725    8.960122e-01   7.184e-04   1.763e-01   8.092e-04        0
WARNING:  Option 'mip_integral_gap_abs' deprecated, please use 'mip_opt_gap_abs'.
WARNING:  Option 'mip_integral_gap_rel' deprecated, please use 'mip_opt_gap_rel'.
WARNING:  Option 'mip_integral_gap_abs' deprecated, please use 'mip_opt_gap_abs'.
WARNING:  Option 'mip_integral_gap_rel' deprecated, please use 'mip_opt_gap_rel'.
     726    8.960317e-01   3.611e-04   7.651e-01   8.627e-04        0
WARNING:  Option 'mip_integral_gap_abs' deprecated, please use 'mip_opt_gap_abs'.
WARNING:  Option 'mip_integral_gap_rel' deprecated, please use 'mip_opt_gap_rel'.
WARNING:  Option 'mip_integral_gap_abs' deprecated, please use 'mip_opt_gap_abs'.
WARNING:  Option 'mip_integral_gap_rel' deprecated, please use 'mip_opt_gap_rel'.
     727    8.960414e-01   1.083e-05   4.191e-01   2.133e-04        0
WARNING:  Option 'mip_integral_gap_abs' deprecated, please use 'mip_opt_gap_abs'.
WARNING:  Option 'mip_integral_gap_rel' deprecated, please use 'mip_opt_gap_rel'.
WARNING:  Option 'mip_integral_gap_abs' deprecated, please use 'mip_opt_gap_abs'.
WARNING:  Option 'mip_integral_gap_rel' deprecated, please use 'mip_opt_gap_rel'.
     728    8.952592e-01   8.967e-02   3.637e-02   6.563e-02        6
WARNING:  Option 'mip_integral_gap_abs' deprecated, please use 'mip_opt_gap_abs'.
WARNING:  Option 'mip_integral_gap_rel' deprecated, please use 'mip_opt_gap_rel'.
WARNING:  Option 'mip_integral_gap_abs' deprecated, please use 'mip_opt_gap_abs'.
WARNING:  Option 'mip_integral_gap_rel' deprecated, please use 'mip_opt_gap_rel'.
     729    8.891141e-01   4.638e-01   2.922e-02   1.438e-01        0
WARNING:  Option 'mip_integral_gap_abs' deprecated, please use 'mip_opt_gap_abs'.
WARNING:  Option 'mip_integral_gap_rel' deprecated, please use 'mip_opt_gap_rel'.
WARNING:  Option 'mip_integral_gap_abs' deprecated, please use 'mip_opt_gap_abs'.
WARNING:  Option 'mip_integral_gap_rel' deprecated, please use 'mip_opt_gap_rel'.
     730    8.881622e-01   3.668e-01   1.145e-02   1.166e-01        0
WARNING:  Option 'mip_integral_gap_abs' deprecated, please use 'mip_opt_gap_abs'.
WARNING:  Option 'mip_integral_gap_rel' deprecated, please use 'mip_opt_gap_rel'.
WARNING:  Option 'mip_integral_gap_abs' deprecated, please use 'mip_opt_gap_abs'.
WARNING:  Option 'mip_integral_gap_rel' deprecated, please use 'mip_opt_gap_rel'.
     731    8.935553e-01   8.973e-02   9.367e-03   2.796e-02        0
WARNING:  Option 'mip_integral_gap_abs' deprecated, please use 'mip_opt_gap_abs'.
WARNING:  Option 'mip_integral_gap_rel' deprecated, please use 'mip_opt_gap_rel'.
WARNING:  Option 'mip_integral_gap_abs' deprecated, please use 'mip_opt_gap_abs'.
WARNING:  Option 'mip_integral_gap_rel' deprecated, please use 'mip_opt_gap_rel'.
     732    8.957955e-01   9.562e-03   2.378e-02   1.183e-02        0
WARNING:  Option 'mip_integral_gap_abs' deprecated, please use 'mip_opt_gap_abs'.
WARNING:  Option 'mip_integral_gap_rel' deprecated, please use 'mip_opt_gap_rel'.
WARNING:  Option 'mip_integral_gap_abs' deprecated, please use 'mip_opt_gap_abs'.
WARNING:  Option 'mip_integral_gap_rel' deprecated, please use 'mip_opt_gap_rel'.
     733    8.959668e-01   2.801e-03   8.372e-03   1.275e-02        0
WARNING:  Option 'mip_integral_gap_abs' deprecated, please use 'mip_opt_gap_abs'.
WARNING:  Option 'mip_integral_gap_rel' deprecated, please use 'mip_opt_gap_rel'.
WARNING:  Option 'mip_integral_gap_abs' deprecated, please use 'mip_opt_gap_abs'.
WARNING:  Option 'mip_integral_gap_rel' deprecated, please use 'mip_opt_gap_rel'.
     734    8.959707e-01   2.319e-03   1.007e-01   1.016e-02        0
WARNING:  Option 'mip_integral_gap_abs' deprecated, please use 'mip_opt_gap_abs'.
WARNING:  Option 'mip_integral_gap_rel' deprecated, please use 'mip_opt_gap_rel'.
WARNING:  Option 'mip_integral_gap_abs' deprecated, please use 'mip_opt_gap_abs'.
WARNING:  Option 'mip_integral_gap_rel' deprecated, please use 'mip_opt_gap_rel'.
     735    8.959796e-01   1.463e-03   9.921e-03   3.085e-03        0
WARNING:  Option 'mip_integral_gap_abs' deprecated, please use 'mip_opt_gap_abs'.
WARNING:  Option 'mip_integral_gap_rel' deprecated, please use 'mip_opt_gap_rel'.
WARNING:  Option 'mip_integral_gap_abs' deprecated, please use 'mip_opt_gap_abs'.
WARNING:  Option 'mip_integral_gap_rel' deprecated, please use 'mip_opt_gap_rel'.
     736    8.960172e-01   3.785e-04   9.966e-03   1.082e-03        0
WARNING:  Option 'mip_integral_gap_abs' deprecated, please use 'mip_opt_gap_abs'.
WARNING:  Option 'mip_integral_gap_rel' deprecated, please use 'mip_opt_gap_rel'.
WARNING:  Option 'mip_integral_gap_abs' deprecated, please use 'mip_opt_gap_abs'.
WARNING:  Option 'mip_integral_gap_rel' deprecated, please use 'mip_opt_gap_rel'.
     737    8.959720e-01   2.508e-03   9.586e-03   1.181e-02        0
WARNING:  Option 'mip_integral_gap_abs' deprecated, please use 'mip_opt_gap_abs'.
WARNING:  Option 'mip_integral_gap_rel' deprecated, please use 'mip_opt_gap_rel'.
WARNING:  Option 'mip_integral_gap_abs' deprecated, please use 'mip_opt_gap_abs'.
WARNING:  Option 'mip_integral_gap_rel' deprecated, please use 'mip_opt_gap_rel'.
     738    8.960370e-01   0.000e+00   7.810e-03   6.420e-04        2
WARNING:  Option 'mip_integral_gap_abs' deprecated, please use 'mip_opt_gap_abs'.
WARNING:  Option 'mip_integral_gap_rel' deprecated, please use 'mip_opt_gap_rel'.
WARNING:  Option 'mip_integral_gap_abs' deprecated, please use 'mip_opt_gap_abs'.
WARNING:  Option 'mip_integral_gap_rel' deprecated, please use 'mip_opt_gap_rel'.
WARNING:  Option 'mip_integral_gap_abs' deprecated, please use 'mip_opt_gap_abs'.
WARNING:  Option 'mip_integral_gap_rel' deprecated, please use 'mip_opt_gap_rel'.
WARNING:  Option 'mip_integral_gap_abs' deprecated, please use 'mip_opt_gap_abs'.
WARNING:  Option 'mip_integral_gap_rel' deprecated, please use 'mip_opt_gap_rel'.
WARNING:  Option 'mip_integral_gap_abs' deprecated, please use 'mip_opt_gap_abs'.
WARNING:  Option 'mip_integral_gap_rel' deprecated, please use 'mip_opt_gap_rel'.
WARNING:  Option 'mip_integral_gap_abs' deprecated, please use 'mip_opt_gap_abs'.
WARNING:  Option 'mip_integral_gap_rel' deprecated, please use 'mip_opt_gap_rel'.
WARNING:  Option 'mip_integral_gap_abs' deprecated, please use 'mip_opt_gap_abs'.
WARNING:  Option 'mip_integral_gap_rel' deprecated, please use 'mip_opt_gap_rel'.
     739    8.960076e-01   5.253e-04   8.140e-03   6.227e-03       30
WARNING:  Option 'mip_integral_gap_abs' deprecated, please use 'mip_opt_gap_abs'.
WARNING:  Option 'mip_integral_gap_rel' deprecated, please use 'mip_opt_gap_rel'.
WARNING:  Option 'mip_integral_gap_abs' deprecated, please use 'mip_opt_gap_abs'.
WARNING:  Option 'mip_integral_gap_rel' deprecated, please use 'mip_opt_gap_rel'.
     740    8.960139e-01   0.000e+00   8.055e-03   9.302e-04        0
WARNING:  Option 'mip_integral_gap_abs' deprecated, please use 'mip_opt_gap_abs'.
WARNING:  Option 'mip_integral_gap_rel' deprecated, please use 'mip_opt_gap_rel'.
WARNING:  Option 'mip_integral_gap_abs' deprecated, please use 'mip_opt_gap_abs'.
WARNING:  Option 'mip_integral_gap_rel' deprecated, please use 'mip_opt_gap_rel'.
WARNING:  Option 'mip_integral_gap_abs' deprecated, please use 'mip_opt_gap_abs'.
WARNING:  Option 'mip_integral_gap_rel' deprecated, please use 'mip_opt_gap_rel'.
WARNING:  Option 'mip_integral_gap_abs' deprecated, please use 'mip_opt_gap_abs'.
WARNING:  Option 'mip_integral_gap_rel' deprecated, please use 'mip_opt_gap_rel'.
WARNING:  Option 'mip_integral_gap_abs' deprecated, please use 'mip_opt_gap_abs'.
WARNING:  Option 'mip_integral_gap_rel' deprecated, please use 'mip_opt_gap_rel'.
WARNING:  Option 'mip_integral_gap_abs' deprecated, please use 'mip_opt_gap_abs'.
WARNING:  Option 'mip_integral_gap_rel' deprecated, please use 'mip_opt_gap_rel'.
     741    8.960129e-01   0.000e+00   8.049e-03   4.803e-05        0
WARNING:  Option 'mip_integral_gap_abs' deprecated, please use 'mip_opt_gap_abs'.
WARNING:  Option 'mip_integral_gap_rel' deprecated, please use 'mip_opt_gap_rel'.
WARNING:  Option 'mip_integral_gap_abs' deprecated, please use 'mip_opt_gap_abs'.
WARNING:  Option 'mip_integral_gap_rel' deprecated, please use 'mip_opt_gap_rel'.
     742    8.959955e-01   7.585e-04   7.965e-03   1.038e-03        0
WARNING:  Option 'mip_integral_gap_abs' deprecated, please use 'mip_opt_gap_abs'.
WARNING:  Option 'mip_integral_gap_rel' deprecated, please use 'mip_opt_gap_rel'.
WARNING:  Option 'mip_integral_gap_abs' deprecated, please use 'mip_opt_gap_abs'.
WARNING:  Option 'mip_integral_gap_rel' deprecated, please use 'mip_opt_gap_rel'.
     743    8.912322e-01   2.868e-01   2.046e-02   3.884e-01        0
WARNING:  Option 'mip_integral_gap_abs' deprecated, please use 'mip_opt_gap_abs'.
WARNING:  Option 'mip_integral_gap_rel' deprecated, please use 'mip_opt_gap_rel'.
WARNING:  Option 'mip_integral_gap_abs' deprecated, please use 'mip_opt_gap_abs'.
WARNING:  Option 'mip_integral_gap_rel' deprecated, please use 'mip_opt_gap_rel'.
     744    8.991259e-01   1.135e-01   1.492e-02   4.500e-02        0
WARNING:  Option 'mip_integral_gap_abs' deprecated, please use 'mip_opt_gap_abs'.
WARNING:  Option 'mip_integral_gap_rel' deprecated, please use 'mip_opt_gap_rel'.
WARNING:  Option 'mip_integral_gap_abs' deprecated, please use 'mip_opt_gap_abs'.
WARNING:  Option 'mip_integral_gap_rel' deprecated, please use 'mip_opt_gap_rel'.
     745    9.045956e-01   0.000e+00   2.167e-02   2.374e-01        0
WARNING:  Option 'mip_integral_gap_abs' deprecated, please use 'mip_opt_gap_abs'.
WARNING:  Option 'mip_integral_gap_rel' deprecated, please use 'mip_opt_gap_rel'.
WARNING:  Option 'mip_integral_gap_abs' deprecated, please use 'mip_opt_gap_abs'.
WARNING:  Option 'mip_integral_gap_rel' deprecated, please use 'mip_opt_gap_rel'.
WARNING:  Option 'mip_integral_gap_abs' deprecated, please use 'mip_opt_gap_abs'.
WARNING:  Option 'mip_integral_gap_rel' deprecated, please use 'mip_opt_gap_rel'.
WARNING:  Option 'mip_integral_gap_abs' deprecated, please use 'mip_opt_gap_abs'.
WARNING:  Option 'mip_integral_gap_rel' deprecated, please use 'mip_opt_gap_rel'.
     746    9.016082e-01   0.000e+00   2.582e-02   1.031e-01        0
WARNING:  Option 'mip_integral_gap_abs' deprecated, please use 'mip_opt_gap_abs'.
WARNING:  Option 'mip_integral_gap_rel' deprecated, please use 'mip_opt_gap_rel'.
WARNING:  Option 'mip_integral_gap_abs' deprecated, please use 'mip_opt_gap_abs'.
WARNING:  Option 'mip_integral_gap_rel' deprecated, please use 'mip_opt_gap_rel'.
     747    9.012802e-01   1.033e-02   1.014e-02   1.210e-02        0
WARNING:  Option 'mip_integral_gap_abs' deprecated, please use 'mip_opt_gap_abs'.
WARNING:  Option 'mip_integral_gap_rel' deprecated, please use 'mip_opt_gap_rel'.
WARNING:  Option 'mip_integral_gap_abs' deprecated, please use 'mip_opt_gap_abs'.
WARNING:  Option 'mip_integral_gap_rel' deprecated, please use 'mip_opt_gap_rel'.
WARNING:  Option 'mip_integral_gap_abs' deprecated, please use 'mip_opt_gap_abs'.
WARNING:  Option 'mip_integral_gap_rel' deprecated, please use 'mip_opt_gap_rel'.
WARNING:  Option 'mip_integral_gap_abs' deprecated, please use 'mip_opt_gap_abs'.
WARNING:  Option 'mip_integral_gap_rel' deprecated, please use 'mip_opt_gap_rel'.
     748    9.014017e-01   9.655e-03   1.052e-02   9.151e-03        0
WARNING:  Option 'mip_integral_gap_abs' deprecated, please use 'mip_opt_gap_abs'.
WARNING:  Option 'mip_integral_gap_rel' deprecated, please use 'mip_opt_gap_rel'.
WARNING:  Option 'mip_integral_gap_abs' deprecated, please use 'mip_opt_gap_abs'.
WARNING:  Option 'mip_integral_gap_rel' deprecated, please use 'mip_opt_gap_rel'.
     749    9.019129e-01   0.000e+00   3.217e-02   4.371e-03        7
WARNING:  Option 'mip_integral_gap_abs' deprecated, please use 'mip_opt_gap_abs'.
WARNING:  Option 'mip_integral_gap_rel' deprecated, please use 'mip_opt_gap_rel'.
WARNING:  Option 'mip_integral_gap_abs' deprecated, please use 'mip_opt_gap_abs'.
WARNING:  Option 'mip_integral_gap_rel' deprecated, please use 'mip_opt_gap_rel'.
     750    9.043236e-01   0.000e+00   1.818e-02   3.951e-03        0
WARNING:  Option 'mip_integral_gap_abs' deprecated, please use 'mip_opt_gap_abs'.
WARNING:  Option 'mip_integral_gap_rel' deprecated, please use 'mip_opt_gap_rel'.
WARNING:  Option 'mip_integral_gap_abs' deprecated, please use 'mip_opt_gap_abs'.
WARNING:  Option 'mip_integral_gap_rel' deprecated, please use 'mip_opt_gap_rel'.
     751    9.029752e-01   0.000e+00   1.163e-02   2.106e-03        0
WARNING:  Option 'mip_integral_gap_abs' deprecated, please use 'mip_opt_gap_abs'.
WARNING:  Option 'mip_integral_gap_rel' deprecated, please use 'mip_opt_gap_rel'.
WARNING:  Option 'mip_integral_gap_abs' deprecated, please use 'mip_opt_gap_abs'.
WARNING:  Option 'mip_integral_gap_rel' deprecated, please use 'mip_opt_gap_rel'.
     752    9.025019e-01   0.000e+00   1.345e-02   4.659e-03        0
WARNING:  Option 'mip_integral_gap_abs' deprecated, please use 'mip_opt_gap_abs'.
WARNING:  Option 'mip_integral_gap_rel' deprecated, please use 'mip_opt_gap_rel'.
WARNING:  Option 'mip_integral_gap_abs' deprecated, please use 'mip_opt_gap_abs'.
WARNING:  Option 'mip_integral_gap_rel' deprecated, please use 'mip_opt_gap_rel'.
     753    9.020743e-01   0.000e+00   5.640e-03   1.187e-02        0
WARNING:  Option 'mip_integral_gap_abs' deprecated, please use 'mip_opt_gap_abs'.
WARNING:  Option 'mip_integral_gap_rel' deprecated, please use 'mip_opt_gap_rel'.
WARNING:  Option 'mip_integral_gap_abs' deprecated, please use 'mip_opt_gap_abs'.
WARNING:  Option 'mip_integral_gap_rel' deprecated, please use 'mip_opt_gap_rel'.
     754    9.012787e-01   0.000e+00   1.479e-01   6.902e-03        0
WARNING:  Option 'mip_integral_gap_abs' deprecated, please use 'mip_opt_gap_abs'.
WARNING:  Option 'mip_integral_gap_rel' deprecated, please use 'mip_opt_gap_rel'.
WARNING:  Option 'mip_integral_gap_abs' deprecated, please use 'mip_opt_gap_abs'.
WARNING:  Option 'mip_integral_gap_rel' deprecated, please use 'mip_opt_gap_rel'.
WARNING:  Option 'mip_integral_gap_abs' deprecated, please use 'mip_opt_gap_abs'.
WARNING:  Option 'mip_integral_gap_rel' deprecated, please use 'mip_opt_gap_rel'.
WARNING:  Option 'mip_integral_gap_abs' deprecated, please use 'mip_opt_gap_abs'.
WARNING:  Option 'mip_integral_gap_rel' deprecated, please use 'mip_opt_gap_rel'.
     755    9.012273e-01   0.000e+00   1.481e-02   3.317e-03        0
WARNING:  Option 'mip_integral_gap_abs' deprecated, please use 'mip_opt_gap_abs'.
WARNING:  Option 'mip_integral_gap_rel' deprecated, please use 'mip_opt_gap_rel'.
WARNING:  Option 'mip_integral_gap_abs' deprecated, please use 'mip_opt_gap_abs'.
WARNING:  Option 'mip_integral_gap_rel' deprecated, please use 'mip_opt_gap_rel'.
     756    9.011429e-01   0.000e+00   7.163e-03   8.201e-03        0
WARNING:  Option 'mip_integral_gap_abs' deprecated, please use 'mip_opt_gap_abs'.
WARNING:  Option 'mip_integral_gap_rel' deprecated, please use 'mip_opt_gap_rel'.
WARNING:  Option 'mip_integral_gap_abs' deprecated, please use 'mip_opt_gap_abs'.
WARNING:  Option 'mip_integral_gap_rel' deprecated, please use 'mip_opt_gap_rel'.
WARNING:  Option 'mip_integral_gap_abs' deprecated, please use 'mip_opt_gap_abs'.
WARNING:  Option 'mip_integral_gap_rel' deprecated, please use 'mip_opt_gap_rel'.
     757    9.011034e-01   0.000e+00   3.832e-02   2.038e-03        0
WARNING:  Option 'mip_integral_gap_abs' deprecated, please use 'mip_opt_gap_abs'.
WARNING:  Option 'mip_integral_gap_rel' deprecated, please use 'mip_opt_gap_rel'.
WARNING:  Option 'mip_integral_gap_abs' deprecated, please use 'mip_opt_gap_abs'.
WARNING:  Option 'mip_integral_gap_rel' deprecated, please use 'mip_opt_gap_rel'.
     758    9.010642e-01   0.000e+00   3.644e-03   2.108e-03        0
WARNING:  Option 'mip_integral_gap_abs' deprecated, please use 'mip_opt_gap_abs'.
WARNING:  Option 'mip_integral_gap_rel' deprecated, please use 'mip_opt_gap_rel'.
WARNING:  Option 'mip_integral_gap_abs' deprecated, please use 'mip_opt_gap_abs'.
WARNING:  Option 'mip_integral_gap_rel' deprecated, please use 'mip_opt_gap_rel'.
WARNING:  Option 'mip_integral_gap_abs' deprecated, please use 'mip_opt_gap_abs'.
WARNING:  Option 'mip_integral_gap_rel' deprecated, please use 'mip_opt_gap_rel'.
WARNING:  Option 'mip_integral_gap_abs' deprecated, please use 'mip_opt_gap_abs'.
WARNING:  Option 'mip_integral_gap_rel' deprecated, please use 'mip_opt_gap_rel'.
WARNING:  Option 'mip_integral_gap_abs' deprecated, please use 'mip_opt_gap_abs'.
WARNING:  Option 'mip_integral_gap_rel' deprecated, please use 'mip_opt_gap_rel'.
WARNING:  Option 'mip_integral_gap_abs' deprecated, please use 'mip_opt_gap_abs'.
WARNING:  Option 'mip_integral_gap_rel' deprecated, please use 'mip_opt_gap_rel'.
WARNING:  Option 'mip_integral_gap_abs' deprecated, please use 'mip_opt_gap_abs'.
WARNING:  Option 'mip_integral_gap_rel' deprecated, please use 'mip_opt_gap_rel'.
WARNING:  Option 'mip_integral_gap_abs' deprecated, please use 'mip_opt_gap_abs'.
WARNING:  Option 'mip_integral_gap_rel' deprecated, please use 'mip_opt_gap_rel'.
     759    9.010272e-01   0.000e+00   4.136e-03   7.976e-03       43
WARNING:  Option 'mip_integral_gap_abs' deprecated, please use 'mip_opt_gap_abs'.
WARNING:  Option 'mip_integral_gap_rel' deprecated, please use 'mip_opt_gap_rel'.
WARNING:  Option 'mip_integral_gap_abs' deprecated, please use 'mip_opt_gap_abs'.
WARNING:  Option 'mip_integral_gap_rel' deprecated, please use 'mip_opt_gap_rel'.
WARNING:  Option 'mip_integral_gap_abs' deprecated, please use 'mip_opt_gap_abs'.
WARNING:  Option 'mip_integral_gap_rel' deprecated, please use 'mip_opt_gap_rel'.
WARNING:  Option 'mip_integral_gap_abs' deprecated, please use 'mip_opt_gap_abs'.
WARNING:  Option 'mip_integral_gap_rel' deprecated, please use 'mip_opt_gap_rel'.
WARNING:  Option 'mip_integral_gap_abs' deprecated, please use 'mip_opt_gap_abs'.
WARNING:  Option 'mip_integral_gap_rel' deprecated, please use 'mip_opt_gap_rel'.
WARNING:  Option 'mip_integral_gap_abs' deprecated, please use 'mip_opt_gap_abs'.
WARNING:  Option 'mip_integral_gap_rel' deprecated, please use 'mip_opt_gap_rel'.
     760    9.010143e-01   0.000e+00   3.621e-03   1.983e-03       15
WARNING:  Option 'mip_integral_gap_abs' deprecated, please use 'mip_opt_gap_abs'.
WARNING:  Option 'mip_integral_gap_rel' deprecated, please use 'mip_opt_gap_rel'.
WARNING:  Option 'mip_integral_gap_abs' deprecated, please use 'mip_opt_gap_abs'.
WARNING:  Option 'mip_integral_gap_rel' deprecated, please use 'mip_opt_gap_rel'.
WARNING:  Option 'mip_integral_gap_abs' deprecated, please use 'mip_opt_gap_abs'.
WARNING:  Option 'mip_integral_gap_rel' deprecated, please use 'mip_opt_gap_rel'.
WARNING:  Option 'mip_integral_gap_abs' deprecated, please use 'mip_opt_gap_abs'.
WARNING:  Option 'mip_integral_gap_rel' deprecated, please use 'mip_opt_gap_rel'.
WARNING:  Option 'mip_integral_gap_abs' deprecated, please use 'mip_opt_gap_abs'.
WARNING:  Option 'mip_integral_gap_rel' deprecated, please use 'mip_opt_gap_rel'.
WARNING:  Option 'mip_integral_gap_abs' deprecated, please use 'mip_opt_gap_abs'.
WARNING:  Option 'mip_integral_gap_rel' deprecated, please use 'mip_opt_gap_rel'.
WARNING:  Option 'mip_integral_gap_abs' deprecated, please use 'mip_opt_gap_abs'.
WARNING:  Option 'mip_integral_gap_rel' deprecated, please use 'mip_opt_gap_rel'.
WARNING:  Option 'mip_integral_gap_abs' deprecated, please use 'mip_opt_gap_abs'.
WARNING:  Option 'mip_integral_gap_rel' deprecated, please use 'mip_opt_gap_rel'.
WARNING:  Option 'mip_integral_gap_abs' deprecated, please use 'mip_opt_gap_abs'.
WARNING:  Option 'mip_integral_gap_rel' deprecated, please use 'mip_opt_gap_rel'.
WARNING:  Option 'mip_integral_gap_abs' deprecated, please use 'mip_opt_gap_abs'.
WARNING:  Option 'mip_integral_gap_rel' deprecated, please use 'mip_opt_gap_rel'.
WARNING:  Option 'mip_integral_gap_abs' deprecated, please use 'mip_opt_gap_abs'.
WARNING:  Option 'mip_integral_gap_rel' deprecated, please use 'mip_opt_gap_rel'.
WARNING:  Option 'mip_integral_gap_abs' deprecated, please use 'mip_opt_gap_abs'.
WARNING:  Option 'mip_integral_gap_rel' deprecated, please use 'mip_opt_gap_rel'.
WARNING:  Option 'mip_integral_gap_abs' deprecated, please use 'mip_opt_gap_abs'.
WARNING:  Option 'mip_integral_gap_rel' deprecated, please use 'mip_opt_gap_rel'.
WARNING:  Option 'mip_integral_gap_abs' deprecated, please use 'mip_opt_gap_abs'.
WARNING:  Option 'mip_integral_gap_rel' deprecated, please use 'mip_opt_gap_rel'.
WARNING:  Option 'mip_integral_gap_abs' deprecated, please use 'mip_opt_gap_abs'.
WARNING:  Option 'mip_integral_gap_rel' deprecated, please use 'mip_opt_gap_rel'.
WARNING:  Option 'mip_integral_gap_abs' deprecated, please use 'mip_opt_gap_abs'.
WARNING:  Option 'mip_integral_gap_rel' deprecated, please use 'mip_opt_gap_rel'.
WARNING:  Option 'mip_integral_gap_abs' deprecated, please use 'mip_opt_gap_abs'.
WARNING:  Option 'mip_integral_gap_rel' deprecated, please use 'mip_opt_gap_rel'.
     761    9.010132e-01   0.000e+00   3.601e-03   2.010e-04        1
WARNING:  Option 'mip_integral_gap_abs' deprecated, please use 'mip_opt_gap_abs'.
WARNING:  Option 'mip_integral_gap_rel' deprecated, please use 'mip_opt_gap_rel'.
WARNING:  Option 'mip_integral_gap_abs' deprecated, please use 'mip_opt_gap_abs'.
WARNING:  Option 'mip_integral_gap_rel' deprecated, please use 'mip_opt_gap_rel'.
WARNING:  Option 'mip_integral_gap_abs' deprecated, please use 'mip_opt_gap_abs'.
WARNING:  Option 'mip_integral_gap_rel' deprecated, please use 'mip_opt_gap_rel'.
WARNING:  Option 'mip_integral_gap_abs' deprecated, please use 'mip_opt_gap_abs'.
WARNING:  Option 'mip_integral_gap_rel' deprecated, please use 'mip_opt_gap_rel'.
WARNING:  Option 'mip_integral_gap_abs' deprecated, please use 'mip_opt_gap_abs'.
WARNING:  Option 'mip_integral_gap_rel' deprecated, please use 'mip_opt_gap_rel'.
WARNING:  Option 'mip_integral_gap_abs' deprecated, please use 'mip_opt_gap_abs'.
WARNING:  Option 'mip_integral_gap_rel' deprecated, please use 'mip_opt_gap_rel'.
     762    9.010117e-01   0.000e+00   4.091e-02   1.887e-04        8
WARNING:  Option 'mip_integral_gap_abs' deprecated, please use 'mip_opt_gap_abs'.
WARNING:  Option 'mip_integral_gap_rel' deprecated, please use 'mip_opt_gap_rel'.
WARNING:  Option 'mip_integral_gap_abs' deprecated, please use 'mip_opt_gap_abs'.
WARNING:  Option 'mip_integral_gap_rel' deprecated, please use 'mip_opt_gap_rel'.
     763    9.010039e-01   0.000e+00   3.454e-03   7.567e-05        2
WARNING:  Option 'mip_integral_gap_abs' deprecated, please use 'mip_opt_gap_abs'.
WARNING:  Option 'mip_integral_gap_rel' deprecated, please use 'mip_opt_gap_rel'.
WARNING:  Option 'mip_integral_gap_abs' deprecated, please use 'mip_opt_gap_abs'.
WARNING:  Option 'mip_integral_gap_rel' deprecated, please use 'mip_opt_gap_rel'.
     764    9.011133e-01   0.000e+00   3.712e-03   1.958e-03        0
WARNING:  Option 'mip_integral_gap_abs' deprecated, please use 'mip_opt_gap_abs'.
WARNING:  Option 'mip_integral_gap_rel' deprecated, please use 'mip_opt_gap_rel'.
WARNING:  Option 'mip_integral_gap_abs' deprecated, please use 'mip_opt_gap_abs'.
WARNING:  Option 'mip_integral_gap_rel' deprecated, please use 'mip_opt_gap_rel'.
WARNING:  Option 'mip_integral_gap_abs' deprecated, please use 'mip_opt_gap_abs'.
WARNING:  Option 'mip_integral_gap_rel' deprecated, please use 'mip_opt_gap_rel'.
WARNING:  Option 'mip_integral_gap_abs' deprecated, please use 'mip_opt_gap_abs'.
WARNING:  Option 'mip_integral_gap_rel' deprecated, please use 'mip_opt_gap_rel'.
WARNING:  Option 'mip_integral_gap_abs' deprecated, please use 'mip_opt_gap_abs'.
WARNING:  Option 'mip_integral_gap_rel' deprecated, please use 'mip_opt_gap_rel'.
WARNING:  Option 'mip_integral_gap_abs' deprecated, please use 'mip_opt_gap_abs'.
WARNING:  Option 'mip_integral_gap_rel' deprecated, please use 'mip_opt_gap_rel'.
WARNING:  Option 'mip_integral_gap_abs' deprecated, please use 'mip_opt_gap_abs'.
WARNING:  Option 'mip_integral_gap_rel' deprecated, please use 'mip_opt_gap_rel'.
WARNING:  Option 'mip_integral_gap_abs' deprecated, please use 'mip_opt_gap_abs'.
WARNING:  Option 'mip_integral_gap_rel' deprecated, please use 'mip_opt_gap_rel'.
WARNING:  Option 'mip_integral_gap_abs' deprecated, please use 'mip_opt_gap_abs'.
WARNING:  Option 'mip_integral_gap_rel' deprecated, please use 'mip_opt_gap_rel'.
WARNING:  Option 'mip_integral_gap_abs' deprecated, please use 'mip_opt_gap_abs'.
WARNING:  Option 'mip_integral_gap_rel' deprecated, please use 'mip_opt_gap_rel'.
WARNING:  Option 'mip_integral_gap_abs' deprecated, please use 'mip_opt_gap_abs'.
WARNING:  Option 'mip_integral_gap_rel' deprecated, please use 'mip_opt_gap_rel'.
WARNING:  Option 'mip_integral_gap_abs' deprecated, please use 'mip_opt_gap_abs'.
WARNING:  Option 'mip_integral_gap_rel' deprecated, please use 'mip_opt_gap_rel'.
WARNING:  Option 'mip_integral_gap_abs' deprecated, please use 'mip_opt_gap_abs'.
WARNING:  Option 'mip_integral_gap_rel' deprecated, please use 'mip_opt_gap_rel'.
WARNING:  Option 'mip_integral_gap_abs' deprecated, please use 'mip_opt_gap_abs'.
WARNING:  Option 'mip_integral_gap_rel' deprecated, please use 'mip_opt_gap_rel'.
WARNING:  Option 'mip_integral_gap_abs' deprecated, please use 'mip_opt_gap_abs'.
WARNING:  Option 'mip_integral_gap_rel' deprecated, please use 'mip_opt_gap_rel'.
     765    9.010766e-01   0.000e+00   1.471e+00   1.030e-02        1
WARNING:  Option 'mip_integral_gap_abs' deprecated, please use 'mip_opt_gap_abs'.
WARNING:  Option 'mip_integral_gap_rel' deprecated, please use 'mip_opt_gap_rel'.
WARNING:  Option 'mip_integral_gap_abs' deprecated, please use 'mip_opt_gap_abs'.
WARNING:  Option 'mip_integral_gap_rel' deprecated, please use 'mip_opt_gap_rel'.
WARNING:  Option 'mip_integral_gap_abs' deprecated, please use 'mip_opt_gap_abs'.
WARNING:  Option 'mip_integral_gap_rel' deprecated, please use 'mip_opt_gap_rel'.
WARNING:  Option 'mip_integral_gap_abs' deprecated, please use 'mip_opt_gap_abs'.
WARNING:  Option 'mip_integral_gap_rel' deprecated, please use 'mip_opt_gap_rel'.
WARNING:  Option 'mip_integral_gap_abs' deprecated, please use 'mip_opt_gap_abs'.
WARNING:  Option 'mip_integral_gap_rel' deprecated, please use 'mip_opt_gap_rel'.
WARNING:  Option 'mip_integral_gap_abs' deprecated, please use 'mip_opt_gap_abs'.
WARNING:  Option 'mip_integral_gap_rel' deprecated, please use 'mip_opt_gap_rel'.
WARNING:  Option 'mip_integral_gap_abs' deprecated, please use 'mip_opt_gap_abs'.
WARNING:  Option 'mip_integral_gap_rel' deprecated, please use 'mip_opt_gap_rel'.
WARNING:  Option 'mip_integral_gap_abs' deprecated, please use 'mip_opt_gap_abs'.
WARNING:  Option 'mip_integral_gap_rel' deprecated, please use 'mip_opt_gap_rel'.
WARNING:  Option 'mip_integral_gap_abs' deprecated, please use 'mip_opt_gap_abs'.
WARNING:  Option 'mip_integral_gap_rel' deprecated, please use 'mip_opt_gap_rel'.
WARNING:  Option 'mip_integral_gap_abs' deprecated, please use 'mip_opt_gap_abs'.
WARNING:  Option 'mip_integral_gap_rel' deprecated, please use 'mip_opt_gap_rel'.
WARNING:  Option 'mip_integral_gap_abs' deprecated, please use 'mip_opt_gap_abs'.
WARNING:  Option 'mip_integral_gap_rel' deprecated, please use 'mip_opt_gap_rel'.
WARNING:  Option 'mip_integral_gap_abs' deprecated, please use 'mip_opt_gap_abs'.
WARNING:  Option 'mip_integral_gap_rel' deprecated, please use 'mip_opt_gap_rel'.
WARNING:  Option 'mip_integral_gap_abs' deprecated, please use 'mip_opt_gap_abs'.
WARNING:  Option 'mip_integral_gap_rel' deprecated, please use 'mip_opt_gap_rel'.
WARNING:  Option 'mip_integral_gap_abs' deprecated, please use 'mip_opt_gap_abs'.
WARNING:  Option 'mip_integral_gap_rel' deprecated, please use 'mip_opt_gap_rel'.
     766    9.010009e-01   0.000e+00   3.059e-03   9.741e-05       26
WARNING:  Option 'mip_integral_gap_abs' deprecated, please use 'mip_opt_gap_abs'.
WARNING:  Option 'mip_integral_gap_rel' deprecated, please use 'mip_opt_gap_rel'.
WARNING:  Option 'mip_integral_gap_abs' deprecated, please use 'mip_opt_gap_abs'.
WARNING:  Option 'mip_integral_gap_rel' deprecated, please use 'mip_opt_gap_rel'.
     767    9.010478e-01   0.000e+00   5.284e-03   3.065e-03        0
WARNING:  Option 'mip_integral_gap_abs' deprecated, please use 'mip_opt_gap_abs'.
WARNING:  Option 'mip_integral_gap_rel' deprecated, please use 'mip_opt_gap_rel'.
WARNING:  Option 'mip_integral_gap_abs' deprecated, please use 'mip_opt_gap_abs'.
WARNING:  Option 'mip_integral_gap_rel' deprecated, please use 'mip_opt_gap_rel'.
WARNING:  Option 'mip_integral_gap_abs' deprecated, please use 'mip_opt_gap_abs'.
WARNING:  Option 'mip_integral_gap_rel' deprecated, please use 'mip_opt_gap_rel'.
WARNING:  Option 'mip_integral_gap_abs' deprecated, please use 'mip_opt_gap_abs'.
WARNING:  Option 'mip_integral_gap_rel' deprecated, please use 'mip_opt_gap_rel'.
WARNING:  Option 'mip_integral_gap_abs' deprecated, please use 'mip_opt_gap_abs'.
WARNING:  Option 'mip_integral_gap_rel' deprecated, please use 'mip_opt_gap_rel'.
WARNING:  Option 'mip_integral_gap_abs' deprecated, please use 'mip_opt_gap_abs'.
WARNING:  Option 'mip_integral_gap_rel' deprecated, please use 'mip_opt_gap_rel'.
WARNING:  Option 'mip_integral_gap_abs' deprecated, please use 'mip_opt_gap_abs'.
WARNING:  Option 'mip_integral_gap_rel' deprecated, please use 'mip_opt_gap_rel'.
WARNING:  Option 'mip_integral_gap_abs' deprecated, please use 'mip_opt_gap_abs'.
WARNING:  Option 'mip_integral_gap_rel' deprecated, please use 'mip_opt_gap_rel'.
WARNING:  Option 'mip_integral_gap_abs' deprecated, please use 'mip_opt_gap_abs'.
WARNING:  Option 'mip_integral_gap_rel' deprecated, please use 'mip_opt_gap_rel'.
WARNING:  Option 'mip_integral_gap_abs' deprecated, please use 'mip_opt_gap_abs'.
WARNING:  Option 'mip_integral_gap_rel' deprecated, please use 'mip_opt_gap_rel'.
WARNING:  Option 'mip_integral_gap_abs' deprecated, please use 'mip_opt_gap_abs'.
WARNING:  Option 'mip_integral_gap_rel' deprecated, please use 'mip_opt_gap_rel'.
WARNING:  Option 'mip_integral_gap_abs' deprecated, please use 'mip_opt_gap_abs'.
WARNING:  Option 'mip_integral_gap_rel' deprecated, please use 'mip_opt_gap_rel'.
WARNING:  Option 'mip_integral_gap_abs' deprecated, please use 'mip_opt_gap_abs'.
WARNING:  Option 'mip_integral_gap_rel' deprecated, please use 'mip_opt_gap_rel'.
WARNING:  Option 'mip_integral_gap_abs' deprecated, please use 'mip_opt_gap_abs'.
WARNING:  Option 'mip_integral_gap_rel' deprecated, please use 'mip_opt_gap_rel'.
WARNING:  Option 'mip_integral_gap_abs' deprecated, please use 'mip_opt_gap_abs'.
WARNING:  Option 'mip_integral_gap_rel' deprecated, please use 'mip_opt_gap_rel'.
WARNING:  Option 'mip_integral_gap_abs' deprecated, please use 'mip_opt_gap_abs'.
WARNING:  Option 'mip_integral_gap_rel' deprecated, please use 'mip_opt_gap_rel'.
WARNING:  Option 'mip_integral_gap_abs' deprecated, please use 'mip_opt_gap_abs'.
WARNING:  Option 'mip_integral_gap_rel' deprecated, please use 'mip_opt_gap_rel'.
WARNING:  Option 'mip_integral_gap_abs' deprecated, please use 'mip_opt_gap_abs'.
WARNING:  Option 'mip_integral_gap_rel' deprecated, please use 'mip_opt_gap_rel'.
WARNING:  Option 'mip_integral_gap_abs' deprecated, please use 'mip_opt_gap_abs'.
WARNING:  Option 'mip_integral_gap_rel' deprecated, please use 'mip_opt_gap_rel'.
WARNING:  Option 'mip_integral_gap_abs' deprecated, please use 'mip_opt_gap_abs'.
WARNING:  Option 'mip_integral_gap_rel' deprecated, please use 'mip_opt_gap_rel'.
WARNING:  Option 'mip_integral_gap_abs' deprecated, please use 'mip_opt_gap_abs'.
WARNING:  Option 'mip_integral_gap_rel' deprecated, please use 'mip_opt_gap_rel'.
     768    9.010489e-01   0.000e+00   5.081e-03   2.227e-04        1
WARNING:  Option 'mip_integral_gap_abs' deprecated, please use 'mip_opt_gap_abs'.
WARNING:  Option 'mip_integral_gap_rel' deprecated, please use 'mip_opt_gap_rel'.
WARNING:  Option 'mip_integral_gap_abs' deprecated, please use 'mip_opt_gap_abs'.
WARNING:  Option 'mip_integral_gap_rel' deprecated, please use 'mip_opt_gap_rel'.
WARNING:  Option 'mip_integral_gap_abs' deprecated, please use 'mip_opt_gap_abs'.
WARNING:  Option 'mip_integral_gap_rel' deprecated, please use 'mip_opt_gap_rel'.
WARNING:  Option 'mip_integral_gap_abs' deprecated, please use 'mip_opt_gap_abs'.
WARNING:  Option 'mip_integral_gap_rel' deprecated, please use 'mip_opt_gap_rel'.
WARNING:  Option 'mip_integral_gap_abs' deprecated, please use 'mip_opt_gap_abs'.
WARNING:  Option 'mip_integral_gap_rel' deprecated, please use 'mip_opt_gap_rel'.
WARNING:  Option 'mip_integral_gap_abs' deprecated, please use 'mip_opt_gap_abs'.
WARNING:  Option 'mip_integral_gap_rel' deprecated, please use 'mip_opt_gap_rel'.
WARNING:  Option 'mip_integral_gap_abs' deprecated, please use 'mip_opt_gap_abs'.
WARNING:  Option 'mip_integral_gap_rel' deprecated, please use 'mip_opt_gap_rel'.
WARNING:  Option 'mip_integral_gap_abs' deprecated, please use 'mip_opt_gap_abs'.
WARNING:  Option 'mip_integral_gap_rel' deprecated, please use 'mip_opt_gap_rel'.
     769    9.010485e-01   0.000e+00   3.517e-02   4.916e-05       30
WARNING:  Option 'mip_integral_gap_abs' deprecated, please use 'mip_opt_gap_abs'.
WARNING:  Option 'mip_integral_gap_rel' deprecated, please use 'mip_opt_gap_rel'.
WARNING:  Option 'mip_integral_gap_abs' deprecated, please use 'mip_opt_gap_abs'.
WARNING:  Option 'mip_integral_gap_rel' deprecated, please use 'mip_opt_gap_rel'.
     770    9.010467e-01   0.000e+00   8.830e-03   3.166e-05        2
WARNING:  Option 'mip_integral_gap_abs' deprecated, please use 'mip_opt_gap_abs'.
WARNING:  Option 'mip_integral_gap_rel' deprecated, please use 'mip_opt_gap_rel'.
WARNING:  Option 'mip_integral_gap_abs' deprecated, please use 'mip_opt_gap_abs'.
WARNING:  Option 'mip_integral_gap_rel' deprecated, please use 'mip_opt_gap_rel'.
     771    9.010460e-01   0.000e+00   4.806e-03   4.707e-05        4
WARNING:  Option 'mip_integral_gap_abs' deprecated, please use 'mip_opt_gap_abs'.
WARNING:  Option 'mip_integral_gap_rel' deprecated, please use 'mip_opt_gap_rel'.
WARNING:  Option 'mip_integral_gap_abs' deprecated, please use 'mip_opt_gap_abs'.
WARNING:  Option 'mip_integral_gap_rel' deprecated, please use 'mip_opt_gap_rel'.
     772    9.010459e-01   0.000e+00   4.725e-03   2.887e-05        0
WARNING:  Option 'mip_integral_gap_abs' deprecated, please use 'mip_opt_gap_abs'.
WARNING:  Option 'mip_integral_gap_rel' deprecated, please use 'mip_opt_gap_rel'.
WARNING:  Option 'mip_integral_gap_abs' deprecated, please use 'mip_opt_gap_abs'.
WARNING:  Option 'mip_integral_gap_rel' deprecated, please use 'mip_opt_gap_rel'.
     773    9.010459e-01   0.000e+00   4.722e-03   1.205e-06        0
WARNING:  Option 'mip_integral_gap_abs' deprecated, please use 'mip_opt_gap_abs'.
WARNING:  Option 'mip_integral_gap_rel' deprecated, please use 'mip_opt_gap_rel'.
WARNING:  Option 'mip_integral_gap_abs' deprecated, please use 'mip_opt_gap_abs'.
WARNING:  Option 'mip_integral_gap_rel' deprecated, please use 'mip_opt_gap_rel'.
     774    9.010458e-01   0.000e+00   4.714e-03   2.990e-06        0
WARNING:  Option 'mip_integral_gap_abs' deprecated, please use 'mip_opt_gap_abs'.
WARNING:  Option 'mip_integral_gap_rel' deprecated, please use 'mip_opt_gap_rel'.
WARNING:  Option 'mip_integral_gap_abs' deprecated, please use 'mip_opt_gap_abs'.
WARNING:  Option 'mip_integral_gap_rel' deprecated, please use 'mip_opt_gap_rel'.
     775    9.010456e-01   0.000e+00   4.694e-03   7.521e-06        0
WARNING:  Option 'mip_integral_gap_abs' deprecated, please use 'mip_opt_gap_abs'.
WARNING:  Option 'mip_integral_gap_rel' deprecated, please use 'mip_opt_gap_rel'.
WARNING:  Option 'mip_integral_gap_abs' deprecated, please use 'mip_opt_gap_abs'.
WARNING:  Option 'mip_integral_gap_rel' deprecated, please use 'mip_opt_gap_rel'.
     776    9.010454e-01   0.000e+00   4.644e-03   1.865e-05        0
WARNING:  Option 'mip_integral_gap_abs' deprecated, please use 'mip_opt_gap_abs'.
WARNING:  Option 'mip_integral_gap_rel' deprecated, please use 'mip_opt_gap_rel'.
WARNING:  Option 'mip_integral_gap_abs' deprecated, please use 'mip_opt_gap_abs'.
WARNING:  Option 'mip_integral_gap_rel' deprecated, please use 'mip_opt_gap_rel'.
     777    9.010449e-01   0.000e+00   3.331e-02   4.476e-05        0
WARNING:  Option 'mip_integral_gap_abs' deprecated, please use 'mip_opt_gap_abs'.
WARNING:  Option 'mip_integral_gap_rel' deprecated, please use 'mip_opt_gap_rel'.
WARNING:  Option 'mip_integral_gap_abs' deprecated, please use 'mip_opt_gap_abs'.
WARNING:  Option 'mip_integral_gap_rel' deprecated, please use 'mip_opt_gap_rel'.
     778    9.010439e-01   0.000e+00   4.543e-03   1.046e-04        0
WARNING:  Option 'mip_integral_gap_abs' deprecated, please use 'mip_opt_gap_abs'.
WARNING:  Option 'mip_integral_gap_rel' deprecated, please use 'mip_opt_gap_rel'.
WARNING:  Option 'mip_integral_gap_abs' deprecated, please use 'mip_opt_gap_abs'.
WARNING:  Option 'mip_integral_gap_rel' deprecated, please use 'mip_opt_gap_rel'.
     779    9.010423e-01   0.000e+00   3.988e-03   2.511e-04        0
WARNING:  Option 'mip_integral_gap_abs' deprecated, please use 'mip_opt_gap_abs'.
WARNING:  Option 'mip_integral_gap_rel' deprecated, please use 'mip_opt_gap_rel'.
WARNING:  Option 'mip_integral_gap_abs' deprecated, please use 'mip_opt_gap_abs'.
WARNING:  Option 'mip_integral_gap_rel' deprecated, please use 'mip_opt_gap_rel'.
     780    9.010394e-01   0.000e+00   3.465e-03   5.117e-04        0
WARNING:  Option 'mip_integral_gap_abs' deprecated, please use 'mip_opt_gap_abs'.
WARNING:  Option 'mip_integral_gap_rel' deprecated, please use 'mip_opt_gap_rel'.
WARNING:  Option 'mip_integral_gap_abs' deprecated, please use 'mip_opt_gap_abs'.
WARNING:  Option 'mip_integral_gap_rel' deprecated, please use 'mip_opt_gap_rel'.
WARNING:  Option 'mip_integral_gap_abs' deprecated, please use 'mip_opt_gap_abs'.
WARNING:  Option 'mip_integral_gap_rel' deprecated, please use 'mip_opt_gap_rel'.
     781    9.010347e-01   0.000e+00   4.976e-02   5.906e-04        0
WARNING:  Option 'mip_integral_gap_abs' deprecated, please use 'mip_opt_gap_abs'.
WARNING:  Option 'mip_integral_gap_rel' deprecated, please use 'mip_opt_gap_rel'.
WARNING:  Option 'mip_integral_gap_abs' deprecated, please use 'mip_opt_gap_abs'.
WARNING:  Option 'mip_integral_gap_rel' deprecated, please use 'mip_opt_gap_rel'.
WARNING:  Option 'mip_integral_gap_abs' deprecated, please use 'mip_opt_gap_abs'.
WARNING:  Option 'mip_integral_gap_rel' deprecated, please use 'mip_opt_gap_rel'.
WARNING:  Option 'mip_integral_gap_abs' deprecated, please use 'mip_opt_gap_abs'.
WARNING:  Option 'mip_integral_gap_rel' deprecated, please use 'mip_opt_gap_rel'.
WARNING:  Option 'mip_integral_gap_abs' deprecated, please use 'mip_opt_gap_abs'.
WARNING:  Option 'mip_integral_gap_rel' deprecated, please use 'mip_opt_gap_rel'.
WARNING:  Option 'mip_integral_gap_abs' deprecated, please use 'mip_opt_gap_abs'.
WARNING:  Option 'mip_integral_gap_rel' deprecated, please use 'mip_opt_gap_rel'.
     782    9.010312e-01   0.000e+00   6.403e-02   1.518e-04        1
WARNING:  Option 'mip_integral_gap_abs' deprecated, please use 'mip_opt_gap_abs'.
WARNING:  Option 'mip_integral_gap_rel' deprecated, please use 'mip_opt_gap_rel'.
WARNING:  Option 'mip_integral_gap_abs' deprecated, please use 'mip_opt_gap_abs'.
WARNING:  Option 'mip_integral_gap_rel' deprecated, please use 'mip_opt_gap_rel'.
WARNING:  Option 'mip_integral_gap_abs' deprecated, please use 'mip_opt_gap_abs'.
WARNING:  Option 'mip_integral_gap_rel' deprecated, please use 'mip_opt_gap_rel'.
WARNING:  Option 'mip_integral_gap_abs' deprecated, please use 'mip_opt_gap_abs'.
WARNING:  Option 'mip_integral_gap_rel' deprecated, please use 'mip_opt_gap_rel'.
WARNING:  Option 'mip_integral_gap_abs' deprecated, please use 'mip_opt_gap_abs'.
WARNING:  Option 'mip_integral_gap_rel' deprecated, please use 'mip_opt_gap_rel'.
WARNING:  Option 'mip_integral_gap_abs' deprecated, please use 'mip_opt_gap_abs'.
WARNING:  Option 'mip_integral_gap_rel' deprecated, please use 'mip_opt_gap_rel'.
WARNING:  Option 'mip_integral_gap_abs' deprecated, please use 'mip_opt_gap_abs'.
WARNING:  Option 'mip_integral_gap_rel' deprecated, please use 'mip_opt_gap_rel'.
WARNING:  Option 'mip_integral_gap_abs' deprecated, please use 'mip_opt_gap_abs'.
WARNING:  Option 'mip_integral_gap_rel' deprecated, please use 'mip_opt_gap_rel'.
WARNING:  Option 'mip_integral_gap_abs' deprecated, please use 'mip_opt_gap_abs'.
WARNING:  Option 'mip_integral_gap_rel' deprecated, please use 'mip_opt_gap_rel'.
WARNING:  Option 'mip_integral_gap_abs' deprecated, please use 'mip_opt_gap_abs'.
WARNING:  Option 'mip_integral_gap_rel' deprecated, please use 'mip_opt_gap_rel'.
WARNING:  Option 'mip_integral_gap_abs' deprecated, please use 'mip_opt_gap_abs'.
WARNING:  Option 'mip_integral_gap_rel' deprecated, please use 'mip_opt_gap_rel'.
WARNING:  Option 'mip_integral_gap_abs' deprecated, please use 'mip_opt_gap_abs'.
WARNING:  Option 'mip_integral_gap_rel' deprecated, please use 'mip_opt_gap_rel'.
WARNING:  Option 'mip_integral_gap_abs' deprecated, please use 'mip_opt_gap_abs'.
WARNING:  Option 'mip_integral_gap_rel' deprecated, please use 'mip_opt_gap_rel'.
WARNING:  Option 'mip_integral_gap_abs' deprecated, please use 'mip_opt_gap_abs'.
WARNING:  Option 'mip_integral_gap_rel' deprecated, please use 'mip_opt_gap_rel'.
WARNING:  Option 'mip_integral_gap_abs' deprecated, please use 'mip_opt_gap_abs'.
WARNING:  Option 'mip_integral_gap_rel' deprecated, please use 'mip_opt_gap_rel'.
WARNING:  Option 'mip_integral_gap_abs' deprecated, please use 'mip_opt_gap_abs'.
WARNING:  Option 'mip_integral_gap_rel' deprecated, please use 'mip_opt_gap_rel'.
WARNING:  Option 'mip_integral_gap_abs' deprecated, please use 'mip_opt_gap_abs'.
WARNING:  Option 'mip_integral_gap_rel' deprecated, please use 'mip_opt_gap_rel'.
WARNING:  Option 'mip_integral_gap_abs' deprecated, please use 'mip_opt_gap_abs'.
WARNING:  Option 'mip_integral_gap_rel' deprecated, please use 'mip_opt_gap_rel'.
     783    9.010307e-01   0.000e+00   7.748e-03   4.493e-06       17
WARNING:  Option 'mip_integral_gap_abs' deprecated, please use 'mip_opt_gap_abs'.
WARNING:  Option 'mip_integral_gap_rel' deprecated, please use 'mip_opt_gap_rel'.
WARNING:  Option 'mip_integral_gap_abs' deprecated, please use 'mip_opt_gap_abs'.
WARNING:  Option 'mip_integral_gap_rel' deprecated, please use 'mip_opt_gap_rel'.
     784    9.010266e-01   0.000e+00   1.353e-02   1.183e-05        0
WARNING:  Option 'mip_integral_gap_abs' deprecated, please use 'mip_opt_gap_abs'.
WARNING:  Option 'mip_integral_gap_rel' deprecated, please use 'mip_opt_gap_rel'.
WARNING:  Option 'mip_integral_gap_abs' deprecated, please use 'mip_opt_gap_abs'.
WARNING:  Option 'mip_integral_gap_rel' deprecated, please use 'mip_opt_gap_rel'.
     785    9.010246e-01   0.000e+00   8.189e-03   1.948e-05        0
WARNING:  Option 'mip_integral_gap_abs' deprecated, please use 'mip_opt_gap_abs'.
WARNING:  Option 'mip_integral_gap_rel' deprecated, please use 'mip_opt_gap_rel'.
WARNING:  Option 'mip_integral_gap_abs' deprecated, please use 'mip_opt_gap_abs'.
WARNING:  Option 'mip_integral_gap_rel' deprecated, please use 'mip_opt_gap_rel'.
     786    9.009001e-01   0.000e+00   4.181e-02   2.712e-02        0
WARNING:  Option 'mip_integral_gap_abs' deprecated, please use 'mip_opt_gap_abs'.
WARNING:  Option 'mip_integral_gap_rel' deprecated, please use 'mip_opt_gap_rel'.
WARNING:  Option 'mip_integral_gap_abs' deprecated, please use 'mip_opt_gap_abs'.
WARNING:  Option 'mip_integral_gap_rel' deprecated, please use 'mip_opt_gap_rel'.
     787    9.009403e-01   0.000e+00   4.614e-02   6.253e-04        0
WARNING:  Option 'mip_integral_gap_abs' deprecated, please use 'mip_opt_gap_abs'.
WARNING:  Option 'mip_integral_gap_rel' deprecated, please use 'mip_opt_gap_rel'.
WARNING:  Option 'mip_integral_gap_abs' deprecated, please use 'mip_opt_gap_abs'.
WARNING:  Option 'mip_integral_gap_rel' deprecated, please use 'mip_opt_gap_rel'.
WARNING:  Option 'mip_integral_gap_abs' deprecated, please use 'mip_opt_gap_abs'.
WARNING:  Option 'mip_integral_gap_rel' deprecated, please use 'mip_opt_gap_rel'.
WARNING:  Option 'mip_integral_gap_abs' deprecated, please use 'mip_opt_gap_abs'.
WARNING:  Option 'mip_integral_gap_rel' deprecated, please use 'mip_opt_gap_rel'.
WARNING:  Option 'mip_integral_gap_abs' deprecated, please use 'mip_opt_gap_abs'.
WARNING:  Option 'mip_integral_gap_rel' deprecated, please use 'mip_opt_gap_rel'.
WARNING:  Option 'mip_integral_gap_abs' deprecated, please use 'mip_opt_gap_abs'.
WARNING:  Option 'mip_integral_gap_rel' deprecated, please use 'mip_opt_gap_rel'.
WARNING:  Option 'mip_integral_gap_abs' deprecated, please use 'mip_opt_gap_abs'.
WARNING:  Option 'mip_integral_gap_rel' deprecated, please use 'mip_opt_gap_rel'.
WARNING:  Option 'mip_integral_gap_abs' deprecated, please use 'mip_opt_gap_abs'.
WARNING:  Option 'mip_integral_gap_rel' deprecated, please use 'mip_opt_gap_rel'.
WARNING:  Option 'mip_integral_gap_abs' deprecated, please use 'mip_opt_gap_abs'.
WARNING:  Option 'mip_integral_gap_rel' deprecated, please use 'mip_opt_gap_rel'.
WARNING:  Option 'mip_integral_gap_abs' deprecated, please use 'mip_opt_gap_abs'.
WARNING:  Option 'mip_integral_gap_rel' deprecated, please use 'mip_opt_gap_rel'.
WARNING:  Option 'mip_integral_gap_abs' deprecated, please use 'mip_opt_gap_abs'.
WARNING:  Option 'mip_integral_gap_rel' deprecated, please use 'mip_opt_gap_rel'.
WARNING:  Option 'mip_integral_gap_abs' deprecated, please use 'mip_opt_gap_abs'.
WARNING:  Option 'mip_integral_gap_rel' deprecated, please use 'mip_opt_gap_rel'.
WARNING:  Option 'mip_integral_gap_abs' deprecated, please use 'mip_opt_gap_abs'.
WARNING:  Option 'mip_integral_gap_rel' deprecated, please use 'mip_opt_gap_rel'.
WARNING:  Option 'mip_integral_gap_abs' deprecated, please use 'mip_opt_gap_abs'.
WARNING:  Option 'mip_integral_gap_rel' deprecated, please use 'mip_opt_gap_rel'.
WARNING:  Option 'mip_integral_gap_abs' deprecated, please use 'mip_opt_gap_abs'.
WARNING:  Option 'mip_integral_gap_rel' deprecated, please use 'mip_opt_gap_rel'.
WARNING:  Option 'mip_integral_gap_abs' deprecated, please use 'mip_opt_gap_abs'.
WARNING:  Option 'mip_integral_gap_rel' deprecated, please use 'mip_opt_gap_rel'.
WARNING:  Option 'mip_integral_gap_abs' deprecated, please use 'mip_opt_gap_abs'.
WARNING:  Option 'mip_integral_gap_rel' deprecated, please use 'mip_opt_gap_rel'.
WARNING:  Option 'mip_integral_gap_abs' deprecated, please use 'mip_opt_gap_abs'.
WARNING:  Option 'mip_integral_gap_rel' deprecated, please use 'mip_opt_gap_rel'.
     788    9.009384e-01   0.000e+00   3.015e-02   3.172e-05       34
WARNING:  Option 'mip_integral_gap_abs' deprecated, please use 'mip_opt_gap_abs'.
WARNING:  Option 'mip_integral_gap_rel' deprecated, please use 'mip_opt_gap_rel'.
WARNING:  Option 'mip_integral_gap_abs' deprecated, please use 'mip_opt_gap_abs'.
WARNING:  Option 'mip_integral_gap_rel' deprecated, please use 'mip_opt_gap_rel'.
     789    9.009700e-01   0.000e+00   1.657e-02   6.157e-04        0
WARNING:  Option 'mip_integral_gap_abs' deprecated, please use 'mip_opt_gap_abs'.
WARNING:  Option 'mip_integral_gap_rel' deprecated, please use 'mip_opt_gap_rel'.
WARNING:  Option 'mip_integral_gap_abs' deprecated, please use 'mip_opt_gap_abs'.
WARNING:  Option 'mip_integral_gap_rel' deprecated, please use 'mip_opt_gap_rel'.
     790    9.009844e-01   0.000e+00   3.006e-02   2.521e-03        0
WARNING:  Option 'mip_integral_gap_abs' deprecated, please use 'mip_opt_gap_abs'.
WARNING:  Option 'mip_integral_gap_rel' deprecated, please use 'mip_opt_gap_rel'.
WARNING:  Option 'mip_integral_gap_abs' deprecated, please use 'mip_opt_gap_abs'.
WARNING:  Option 'mip_integral_gap_rel' deprecated, please use 'mip_opt_gap_rel'.
WARNING:  Option 'mip_integral_gap_abs' deprecated, please use 'mip_opt_gap_abs'.
WARNING:  Option 'mip_integral_gap_rel' deprecated, please use 'mip_opt_gap_rel'.
     791    9.009719e-01   0.000e+00   1.136e-02   8.755e-04        0
WARNING:  Option 'mip_integral_gap_abs' deprecated, please use 'mip_opt_gap_abs'.
WARNING:  Option 'mip_integral_gap_rel' deprecated, please use 'mip_opt_gap_rel'.
WARNING:  Option 'mip_integral_gap_abs' deprecated, please use 'mip_opt_gap_abs'.
WARNING:  Option 'mip_integral_gap_rel' deprecated, please use 'mip_opt_gap_rel'.
     792    9.009769e-01   0.000e+00   7.941e-03   7.791e-05        0
WARNING:  Option 'mip_integral_gap_abs' deprecated, please use 'mip_opt_gap_abs'.
WARNING:  Option 'mip_integral_gap_rel' deprecated, please use 'mip_opt_gap_rel'.
WARNING:  Option 'mip_integral_gap_abs' deprecated, please use 'mip_opt_gap_abs'.
WARNING:  Option 'mip_integral_gap_rel' deprecated, please use 'mip_opt_gap_rel'.
     793    9.009698e-01   0.000e+00   1.536e-02   5.031e-04        0
WARNING:  Option 'mip_integral_gap_abs' deprecated, please use 'mip_opt_gap_abs'.
WARNING:  Option 'mip_integral_gap_rel' deprecated, please use 'mip_opt_gap_rel'.
WARNING:  Option 'mip_integral_gap_abs' deprecated, please use 'mip_opt_gap_abs'.
WARNING:  Option 'mip_integral_gap_rel' deprecated, please use 'mip_opt_gap_rel'.
     794    9.009717e-01   0.000e+00   3.707e-03   4.564e-05        0
WARNING:  Option 'mip_integral_gap_abs' deprecated, please use 'mip_opt_gap_abs'.
WARNING:  Option 'mip_integral_gap_rel' deprecated, please use 'mip_opt_gap_rel'.
WARNING:  Option 'mip_integral_gap_abs' deprecated, please use 'mip_opt_gap_abs'.
WARNING:  Option 'mip_integral_gap_rel' deprecated, please use 'mip_opt_gap_rel'.
WARNING:  Option 'mip_integral_gap_abs' deprecated, please use 'mip_opt_gap_abs'.
WARNING:  Option 'mip_integral_gap_rel' deprecated, please use 'mip_opt_gap_rel'.
WARNING:  Option 'mip_integral_gap_abs' deprecated, please use 'mip_opt_gap_abs'.
WARNING:  Option 'mip_integral_gap_rel' deprecated, please use 'mip_opt_gap_rel'.
WARNING:  Option 'mip_integral_gap_abs' deprecated, please use 'mip_opt_gap_abs'.
WARNING:  Option 'mip_integral_gap_rel' deprecated, please use 'mip_opt_gap_rel'.
WARNING:  Option 'mip_integral_gap_abs' deprecated, please use 'mip_opt_gap_abs'.
WARNING:  Option 'mip_integral_gap_rel' deprecated, please use 'mip_opt_gap_rel'.
WARNING:  Option 'mip_integral_gap_abs' deprecated, please use 'mip_opt_gap_abs'.
WARNING:  Option 'mip_integral_gap_rel' deprecated, please use 'mip_opt_gap_rel'.
WARNING:  Option 'mip_integral_gap_abs' deprecated, please use 'mip_opt_gap_abs'.
WARNING:  Option 'mip_integral_gap_rel' deprecated, please use 'mip_opt_gap_rel'.
WARNING:  Option 'mip_integral_gap_abs' deprecated, please use 'mip_opt_gap_abs'.
WARNING:  Option 'mip_integral_gap_rel' deprecated, please use 'mip_opt_gap_rel'.
WARNING:  Option 'mip_integral_gap_abs' deprecated, please use 'mip_opt_gap_abs'.
WARNING:  Option 'mip_integral_gap_rel' deprecated, please use 'mip_opt_gap_rel'.
WARNING:  Option 'mip_integral_gap_abs' deprecated, please use 'mip_opt_gap_abs'.
WARNING:  Option 'mip_integral_gap_rel' deprecated, please use 'mip_opt_gap_rel'.
     795    9.009743e-01   0.000e+00   4.081e-02   1.604e-04       54
WARNING:  Option 'mip_integral_gap_abs' deprecated, please use 'mip_opt_gap_abs'.
WARNING:  Option 'mip_integral_gap_rel' deprecated, please use 'mip_opt_gap_rel'.
WARNING:  Option 'mip_integral_gap_abs' deprecated, please use 'mip_opt_gap_abs'.
WARNING:  Option 'mip_integral_gap_rel' deprecated, please use 'mip_opt_gap_rel'.
WARNING:  Option 'mip_integral_gap_abs' deprecated, please use 'mip_opt_gap_abs'.
WARNING:  Option 'mip_integral_gap_rel' deprecated, please use 'mip_opt_gap_rel'.
WARNING:  Option 'mip_integral_gap_abs' deprecated, please use 'mip_opt_gap_abs'.
WARNING:  Option 'mip_integral_gap_rel' deprecated, please use 'mip_opt_gap_rel'.
WARNING:  Option 'mip_integral_gap_abs' deprecated, please use 'mip_opt_gap_abs'.
WARNING:  Option 'mip_integral_gap_rel' deprecated, please use 'mip_opt_gap_rel'.
WARNING:  Option 'mip_integral_gap_abs' deprecated, please use 'mip_opt_gap_abs'.
WARNING:  Option 'mip_integral_gap_rel' deprecated, please use 'mip_opt_gap_rel'.
WARNING:  Option 'mip_integral_gap_abs' deprecated, please use 'mip_opt_gap_abs'.
WARNING:  Option 'mip_integral_gap_rel' deprecated, please use 'mip_opt_gap_rel'.
WARNING:  Option 'mip_integral_gap_abs' deprecated, please use 'mip_opt_gap_abs'.
WARNING:  Option 'mip_integral_gap_rel' deprecated, please use 'mip_opt_gap_rel'.
     796    9.009726e-01   0.000e+00   7.270e-03   1.647e-05       12
WARNING:  Option 'mip_integral_gap_abs' deprecated, please use 'mip_opt_gap_abs'.
WARNING:  Option 'mip_integral_gap_rel' deprecated, please use 'mip_opt_gap_rel'.
WARNING:  Option 'mip_integral_gap_abs' deprecated, please use 'mip_opt_gap_abs'.
WARNING:  Option 'mip_integral_gap_rel' deprecated, please use 'mip_opt_gap_rel'.
WARNING:  Option 'mip_integral_gap_abs' deprecated, please use 'mip_opt_gap_abs'.
WARNING:  Option 'mip_integral_gap_rel' deprecated, please use 'mip_opt_gap_rel'.
     797    9.009726e-01   0.000e+00   7.291e-03   7.744e-07        0
WARNING:  Option 'mip_integral_gap_abs' deprecated, please use 'mip_opt_gap_abs'.
WARNING:  Option 'mip_integral_gap_rel' deprecated, please use 'mip_opt_gap_rel'.
WARNING:  Option 'mip_integral_gap_abs' deprecated, please use 'mip_opt_gap_abs'.
WARNING:  Option 'mip_integral_gap_rel' deprecated, please use 'mip_opt_gap_rel'.
WARNING:  Option 'mip_integral_gap_abs' deprecated, please use 'mip_opt_gap_abs'.
WARNING:  Option 'mip_integral_gap_rel' deprecated, please use 'mip_opt_gap_rel'.
WARNING:  Option 'mip_integral_gap_abs' deprecated, please use 'mip_opt_gap_abs'.
WARNING:  Option 'mip_integral_gap_rel' deprecated, please use 'mip_opt_gap_rel'.
WARNING:  Option 'mip_integral_gap_abs' deprecated, please use 'mip_opt_gap_abs'.
WARNING:  Option 'mip_integral_gap_rel' deprecated, please use 'mip_opt_gap_rel'.
WARNING:  Option 'mip_integral_gap_abs' deprecated, please use 'mip_opt_gap_abs'.
WARNING:  Option 'mip_integral_gap_rel' deprecated, please use 'mip_opt_gap_rel'.
     798    9.009727e-01   0.000e+00   7.255e-03   4.208e-06        1
WARNING:  Option 'mip_integral_gap_abs' deprecated, please use 'mip_opt_gap_abs'.
WARNING:  Option 'mip_integral_gap_rel' deprecated, please use 'mip_opt_gap_rel'.
WARNING:  Option 'mip_integral_gap_abs' deprecated, please use 'mip_opt_gap_abs'.
WARNING:  Option 'mip_integral_gap_rel' deprecated, please use 'mip_opt_gap_rel'.
WARNING:  Option 'mip_integral_gap_abs' deprecated, please use 'mip_opt_gap_abs'.
WARNING:  Option 'mip_integral_gap_rel' deprecated, please use 'mip_opt_gap_rel'.
     799    9.009730e-01   0.000e+00   6.587e-03   4.968e-05        0
WARNING:  Option 'mip_integral_gap_abs' deprecated, please use 'mip_opt_gap_abs'.
WARNING:  Option 'mip_integral_gap_rel' deprecated, please use 'mip_opt_gap_rel'.
WARNING:  Option 'mip_integral_gap_abs' deprecated, please use 'mip_opt_gap_abs'.
WARNING:  Option 'mip_integral_gap_rel' deprecated, please use 'mip_opt_gap_rel'.
WARNING:  Option 'mip_integral_gap_abs' deprecated, please use 'mip_opt_gap_abs'.
WARNING:  Option 'mip_integral_gap_rel' deprecated, please use 'mip_opt_gap_rel'.
WARNING:  Option 'mip_integral_gap_abs' deprecated, please use 'mip_opt_gap_abs'.
WARNING:  Option 'mip_integral_gap_rel' deprecated, please use 'mip_opt_gap_rel'.
WARNING:  Option 'mip_integral_gap_abs' deprecated, please use 'mip_opt_gap_abs'.
WARNING:  Option 'mip_integral_gap_rel' deprecated, please use 'mip_opt_gap_rel'.
WARNING:  Option 'mip_integral_gap_abs' deprecated, please use 'mip_opt_gap_abs'.
WARNING:  Option 'mip_integral_gap_rel' deprecated, please use 'mip_opt_gap_rel'.
WARNING:  Option 'mip_integral_gap_abs' deprecated, please use 'mip_opt_gap_abs'.
WARNING:  Option 'mip_integral_gap_rel' deprecated, please use 'mip_opt_gap_rel'.
WARNING:  Option 'mip_integral_gap_abs' deprecated, please use 'mip_opt_gap_abs'.
WARNING:  Option 'mip_integral_gap_rel' deprecated, please use 'mip_opt_gap_rel'.
WARNING:  Option 'mip_integral_gap_abs' deprecated, please use 'mip_opt_gap_abs'.
WARNING:  Option 'mip_integral_gap_rel' deprecated, please use 'mip_opt_gap_rel'.
WARNING:  Option 'mip_integral_gap_abs' deprecated, please use 'mip_opt_gap_abs'.
WARNING:  Option 'mip_integral_gap_rel' deprecated, please use 'mip_opt_gap_rel'.
     800    9.009730e-01   0.000e+00   5.739e-02   3.082e-05        1
WARNING:  Option 'mip_integral_gap_abs' deprecated, please use 'mip_opt_gap_abs'.
WARNING:  Option 'mip_integral_gap_rel' deprecated, please use 'mip_opt_gap_rel'.
WARNING:  Option 'mip_integral_gap_abs' deprecated, please use 'mip_opt_gap_abs'.
WARNING:  Option 'mip_integral_gap_rel' deprecated, please use 'mip_opt_gap_rel'.
WARNING:  Option 'mip_integral_gap_abs' deprecated, please use 'mip_opt_gap_abs'.
WARNING:  Option 'mip_integral_gap_rel' deprecated, please use 'mip_opt_gap_rel'.
     801    9.009732e-01   0.000e+00   5.467e-02   1.370e-05        0
WARNING:  Option 'mip_integral_gap_abs' deprecated, please use 'mip_opt_gap_abs'.
WARNING:  Option 'mip_integral_gap_rel' deprecated, please use 'mip_opt_gap_rel'.
WARNING:  Option 'mip_integral_gap_abs' deprecated, please use 'mip_opt_gap_abs'.
WARNING:  Option 'mip_integral_gap_rel' deprecated, please use 'mip_opt_gap_rel'.
     802    9.009861e-01   0.000e+00   1.039e-02   5.022e-04        0
WARNING:  Option 'mip_integral_gap_abs' deprecated, please use 'mip_opt_gap_abs'.
WARNING:  Option 'mip_integral_gap_rel' deprecated, please use 'mip_opt_gap_rel'.
WARNING:  Option 'mip_integral_gap_abs' deprecated, please use 'mip_opt_gap_abs'.
WARNING:  Option 'mip_integral_gap_rel' deprecated, please use 'mip_opt_gap_rel'.
WARNING:  Option 'mip_integral_gap_abs' deprecated, please use 'mip_opt_gap_abs'.
WARNING:  Option 'mip_integral_gap_rel' deprecated, please use 'mip_opt_gap_rel'.
WARNING:  Option 'mip_integral_gap_abs' deprecated, please use 'mip_opt_gap_abs'.
WARNING:  Option 'mip_integral_gap_rel' deprecated, please use 'mip_opt_gap_rel'.
WARNING:  Option 'mip_integral_gap_abs' deprecated, please use 'mip_opt_gap_abs'.
WARNING:  Option 'mip_integral_gap_rel' deprecated, please use 'mip_opt_gap_rel'.
WARNING:  Option 'mip_integral_gap_abs' deprecated, please use 'mip_opt_gap_abs'.
WARNING:  Option 'mip_integral_gap_rel' deprecated, please use 'mip_opt_gap_rel'.
WARNING:  Option 'mip_integral_gap_abs' deprecated, please use 'mip_opt_gap_abs'.
WARNING:  Option 'mip_integral_gap_rel' deprecated, please use 'mip_opt_gap_rel'.
WARNING:  Option 'mip_integral_gap_abs' deprecated, please use 'mip_opt_gap_abs'.
WARNING:  Option 'mip_integral_gap_rel' deprecated, please use 'mip_opt_gap_rel'.
WARNING:  Option 'mip_integral_gap_abs' deprecated, please use 'mip_opt_gap_abs'.
WARNING:  Option 'mip_integral_gap_rel' deprecated, please use 'mip_opt_gap_rel'.
WARNING:  Option 'mip_integral_gap_abs' deprecated, please use 'mip_opt_gap_abs'.
WARNING:  Option 'mip_integral_gap_rel' deprecated, please use 'mip_opt_gap_rel'.
WARNING:  Option 'mip_integral_gap_abs' deprecated, please use 'mip_opt_gap_abs'.
WARNING:  Option 'mip_integral_gap_rel' deprecated, please use 'mip_opt_gap_rel'.
WARNING:  Option 'mip_integral_gap_abs' deprecated, please use 'mip_opt_gap_abs'.
WARNING:  Option 'mip_integral_gap_rel' deprecated, please use 'mip_opt_gap_rel'.
WARNING:  Option 'mip_integral_gap_abs' deprecated, please use 'mip_opt_gap_abs'.
WARNING:  Option 'mip_integral_gap_rel' deprecated, please use 'mip_opt_gap_rel'.
WARNING:  Option 'mip_integral_gap_abs' deprecated, please use 'mip_opt_gap_abs'.
WARNING:  Option 'mip_integral_gap_rel' deprecated, please use 'mip_opt_gap_rel'.
WARNING:  Option 'mip_integral_gap_abs' deprecated, please use 'mip_opt_gap_abs'.
WARNING:  Option 'mip_integral_gap_rel' deprecated, please use 'mip_opt_gap_rel'.
WARNING:  Option 'mip_integral_gap_abs' deprecated, please use 'mip_opt_gap_abs'.
WARNING:  Option 'mip_integral_gap_rel' deprecated, please use 'mip_opt_gap_rel'.
WARNING:  Option 'mip_integral_gap_abs' deprecated, please use 'mip_opt_gap_abs'.
WARNING:  Option 'mip_integral_gap_rel' deprecated, please use 'mip_opt_gap_rel'.
WARNING:  Option 'mip_integral_gap_abs' deprecated, please use 'mip_opt_gap_abs'.
WARNING:  Option 'mip_integral_gap_rel' deprecated, please use 'mip_opt_gap_rel'.
     803    9.009858e-01   0.000e+00   1.204e-02   1.610e-05       84
WARNING:  Option 'mip_integral_gap_abs' deprecated, please use 'mip_opt_gap_abs'.
WARNING:  Option 'mip_integral_gap_rel' deprecated, please use 'mip_opt_gap_rel'.
WARNING:  Option 'mip_integral_gap_abs' deprecated, please use 'mip_opt_gap_abs'.
WARNING:  Option 'mip_integral_gap_rel' deprecated, please use 'mip_opt_gap_rel'.
WARNING:  Option 'mip_integral_gap_abs' deprecated, please use 'mip_opt_gap_abs'.
WARNING:  Option 'mip_integral_gap_rel' deprecated, please use 'mip_opt_gap_rel'.
WARNING:  Option 'mip_integral_gap_abs' deprecated, please use 'mip_opt_gap_abs'.
WARNING:  Option 'mip_integral_gap_rel' deprecated, please use 'mip_opt_gap_rel'.
WARNING:  Option 'mip_integral_gap_abs' deprecated, please use 'mip_opt_gap_abs'.
WARNING:  Option 'mip_integral_gap_rel' deprecated, please use 'mip_opt_gap_rel'.
WARNING:  Option 'mip_integral_gap_abs' deprecated, please use 'mip_opt_gap_abs'.
WARNING:  Option 'mip_integral_gap_rel' deprecated, please use 'mip_opt_gap_rel'.
     804    9.009856e-01   0.000e+00   7.265e-03   8.008e-06       10
WARNING:  Option 'mip_integral_gap_abs' deprecated, please use 'mip_opt_gap_abs'.
WARNING:  Option 'mip_integral_gap_rel' deprecated, please use 'mip_opt_gap_rel'.
WARNING:  Option 'mip_integral_gap_abs' deprecated, please use 'mip_opt_gap_abs'.
WARNING:  Option 'mip_integral_gap_rel' deprecated, please use 'mip_opt_gap_rel'.
WARNING:  Option 'mip_integral_gap_abs' deprecated, please use 'mip_opt_gap_abs'.
WARNING:  Option 'mip_integral_gap_rel' deprecated, please use 'mip_opt_gap_rel'.
     805    9.009856e-01   0.000e+00   7.265e-03   4.821e-07        0
WARNING:  Option 'mip_integral_gap_abs' deprecated, please use 'mip_opt_gap_abs'.
WARNING:  Option 'mip_integral_gap_rel' deprecated, please use 'mip_opt_gap_rel'.
WARNING:  Option 'mip_integral_gap_abs' deprecated, please use 'mip_opt_gap_abs'.
WARNING:  Option 'mip_integral_gap_rel' deprecated, please use 'mip_opt_gap_rel'.
WARNING:  Option 'mip_integral_gap_abs' deprecated, please use 'mip_opt_gap_abs'.
WARNING:  Option 'mip_integral_gap_rel' deprecated, please use 'mip_opt_gap_rel'.
     806    9.009880e-01   0.000e+00   3.526e-01   2.262e-03        0
WARNING:  Option 'mip_integral_gap_abs' deprecated, please use 'mip_opt_gap_abs'.
WARNING:  Option 'mip_integral_gap_rel' deprecated, please use 'mip_opt_gap_rel'.
WARNING:  Option 'mip_integral_gap_abs' deprecated, please use 'mip_opt_gap_abs'.
WARNING:  Option 'mip_integral_gap_rel' deprecated, please use 'mip_opt_gap_rel'.
WARNING:  Option 'mip_integral_gap_abs' deprecated, please use 'mip_opt_gap_abs'.
WARNING:  Option 'mip_integral_gap_rel' deprecated, please use 'mip_opt_gap_rel'.
WARNING:  Option 'mip_integral_gap_abs' deprecated, please use 'mip_opt_gap_abs'.
WARNING:  Option 'mip_integral_gap_rel' deprecated, please use 'mip_opt_gap_rel'.
     807    9.010586e-01   0.000e+00   8.738e-03   6.972e-03        0
WARNING:  Option 'mip_integral_gap_abs' deprecated, please use 'mip_opt_gap_abs'.
WARNING:  Option 'mip_integral_gap_rel' deprecated, please use 'mip_opt_gap_rel'.
WARNING:  Option 'mip_integral_gap_abs' deprecated, please use 'mip_opt_gap_abs'.
WARNING:  Option 'mip_integral_gap_rel' deprecated, please use 'mip_opt_gap_rel'.
     808    9.009875e-01   0.000e+00   5.256e-02   2.951e-03        0
WARNING:  Option 'mip_integral_gap_abs' deprecated, please use 'mip_opt_gap_abs'.
WARNING:  Option 'mip_integral_gap_rel' deprecated, please use 'mip_opt_gap_rel'.
WARNING:  Option 'mip_integral_gap_abs' deprecated, please use 'mip_opt_gap_abs'.
WARNING:  Option 'mip_integral_gap_rel' deprecated, please use 'mip_opt_gap_rel'.
     809    9.009662e-01   0.000e+00   2.662e-01   1.290e-02        0
WARNING:  Option 'mip_integral_gap_abs' deprecated, please use 'mip_opt_gap_abs'.
WARNING:  Option 'mip_integral_gap_rel' deprecated, please use 'mip_opt_gap_rel'.
WARNING:  Option 'mip_integral_gap_abs' deprecated, please use 'mip_opt_gap_abs'.
WARNING:  Option 'mip_integral_gap_rel' deprecated, please use 'mip_opt_gap_rel'.
     810    9.008661e-01   0.000e+00   7.085e-03   3.315e-03        0
WARNING:  Option 'mip_integral_gap_abs' deprecated, please use 'mip_opt_gap_abs'.
WARNING:  Option 'mip_integral_gap_rel' deprecated, please use 'mip_opt_gap_rel'.
WARNING:  Option 'mip_integral_gap_abs' deprecated, please use 'mip_opt_gap_abs'.
WARNING:  Option 'mip_integral_gap_rel' deprecated, please use 'mip_opt_gap_rel'.
     811    9.008572e-01   0.000e+00   6.464e-03   6.211e-03        0
WARNING:  Option 'mip_integral_gap_abs' deprecated, please use 'mip_opt_gap_abs'.
WARNING:  Option 'mip_integral_gap_rel' deprecated, please use 'mip_opt_gap_rel'.
WARNING:  Option 'mip_integral_gap_abs' deprecated, please use 'mip_opt_gap_abs'.
WARNING:  Option 'mip_integral_gap_rel' deprecated, please use 'mip_opt_gap_rel'.
     812    9.008520e-01   0.000e+00   6.477e-03   3.542e-04        0
WARNING:  Option 'mip_integral_gap_abs' deprecated, please use 'mip_opt_gap_abs'.
WARNING:  Option 'mip_integral_gap_rel' deprecated, please use 'mip_opt_gap_rel'.
WARNING:  Option 'mip_integral_gap_abs' deprecated, please use 'mip_opt_gap_abs'.
WARNING:  Option 'mip_integral_gap_rel' deprecated, please use 'mip_opt_gap_rel'.
     813    9.008531e-01   0.000e+00   6.186e-03   2.621e-03        0
WARNING:  Option 'mip_integral_gap_abs' deprecated, please use 'mip_opt_gap_abs'.
WARNING:  Option 'mip_integral_gap_rel' deprecated, please use 'mip_opt_gap_rel'.
WARNING:  Option 'mip_integral_gap_abs' deprecated, please use 'mip_opt_gap_abs'.
WARNING:  Option 'mip_integral_gap_rel' deprecated, please use 'mip_opt_gap_rel'.
     814    9.008583e-01   0.000e+00   5.893e-03   4.332e-03        0
WARNING:  Option 'mip_integral_gap_abs' deprecated, please use 'mip_opt_gap_abs'.
WARNING:  Option 'mip_integral_gap_rel' deprecated, please use 'mip_opt_gap_rel'.
WARNING:  Option 'mip_integral_gap_abs' deprecated, please use 'mip_opt_gap_abs'.
WARNING:  Option 'mip_integral_gap_rel' deprecated, please use 'mip_opt_gap_rel'.
     815    9.008371e-01   0.000e+00   5.913e-03   5.677e-04        0
WARNING:  Option 'mip_integral_gap_abs' deprecated, please use 'mip_opt_gap_abs'.
WARNING:  Option 'mip_integral_gap_rel' deprecated, please use 'mip_opt_gap_rel'.
WARNING:  Option 'mip_integral_gap_abs' deprecated, please use 'mip_opt_gap_abs'.
WARNING:  Option 'mip_integral_gap_rel' deprecated, please use 'mip_opt_gap_rel'.
     816    9.008351e-01   0.000e+00   5.771e-03   7.139e-04        0
WARNING:  Option 'mip_integral_gap_abs' deprecated, please use 'mip_opt_gap_abs'.
WARNING:  Option 'mip_integral_gap_rel' deprecated, please use 'mip_opt_gap_rel'.
WARNING:  Option 'mip_integral_gap_abs' deprecated, please use 'mip_opt_gap_abs'.
WARNING:  Option 'mip_integral_gap_rel' deprecated, please use 'mip_opt_gap_rel'.
WARNING:  Option 'mip_integral_gap_abs' deprecated, please use 'mip_opt_gap_abs'.
WARNING:  Option 'mip_integral_gap_rel' deprecated, please use 'mip_opt_gap_rel'.
WARNING:  Option 'mip_integral_gap_abs' deprecated, please use 'mip_opt_gap_abs'.
WARNING:  Option 'mip_integral_gap_rel' deprecated, please use 'mip_opt_gap_rel'.
WARNING:  Option 'mip_integral_gap_abs' deprecated, please use 'mip_opt_gap_abs'.
WARNING:  Option 'mip_integral_gap_rel' deprecated, please use 'mip_opt_gap_rel'.
WARNING:  Option 'mip_integral_gap_abs' deprecated, please use 'mip_opt_gap_abs'.
WARNING:  Option 'mip_integral_gap_rel' deprecated, please use 'mip_opt_gap_rel'.
     817    9.008335e-01   0.000e+00   2.818e-03   1.100e-03       39
WARNING:  Option 'mip_integral_gap_abs' deprecated, please use 'mip_opt_gap_abs'.
WARNING:  Option 'mip_integral_gap_rel' deprecated, please use 'mip_opt_gap_rel'.
WARNING:  Option 'mip_integral_gap_abs' deprecated, please use 'mip_opt_gap_abs'.
WARNING:  Option 'mip_integral_gap_rel' deprecated, please use 'mip_opt_gap_rel'.
WARNING:  Option 'mip_integral_gap_abs' deprecated, please use 'mip_opt_gap_abs'.
WARNING:  Option 'mip_integral_gap_rel' deprecated, please use 'mip_opt_gap_rel'.
WARNING:  Option 'mip_integral_gap_abs' deprecated, please use 'mip_opt_gap_abs'.
WARNING:  Option 'mip_integral_gap_rel' deprecated, please use 'mip_opt_gap_rel'.
     818    9.008336e-01   0.000e+00   3.855e-02   1.903e-04        0
WARNING:  Option 'mip_integral_gap_abs' deprecated, please use 'mip_opt_gap_abs'.
WARNING:  Option 'mip_integral_gap_rel' deprecated, please use 'mip_opt_gap_rel'.
WARNING:  Option 'mip_integral_gap_abs' deprecated, please use 'mip_opt_gap_abs'.
WARNING:  Option 'mip_integral_gap_rel' deprecated, please use 'mip_opt_gap_rel'.
     819    9.008329e-01   0.000e+00   4.325e-03   4.141e-04        0
WARNING:  Option 'mip_integral_gap_abs' deprecated, please use 'mip_opt_gap_abs'.
WARNING:  Option 'mip_integral_gap_rel' deprecated, please use 'mip_opt_gap_rel'.
WARNING:  Option 'mip_integral_gap_abs' deprecated, please use 'mip_opt_gap_abs'.
WARNING:  Option 'mip_integral_gap_rel' deprecated, please use 'mip_opt_gap_rel'.
     820    9.008295e-01   0.000e+00   4.576e-02   1.365e-03       10
WARNING:  Option 'mip_integral_gap_abs' deprecated, please use 'mip_opt_gap_abs'.
WARNING:  Option 'mip_integral_gap_rel' deprecated, please use 'mip_opt_gap_rel'.
WARNING:  Option 'mip_integral_gap_abs' deprecated, please use 'mip_opt_gap_abs'.
WARNING:  Option 'mip_integral_gap_rel' deprecated, please use 'mip_opt_gap_rel'.
WARNING:  Option 'mip_integral_gap_abs' deprecated, please use 'mip_opt_gap_abs'.
WARNING:  Option 'mip_integral_gap_rel' deprecated, please use 'mip_opt_gap_rel'.
     821    9.008299e-01   0.000e+00   4.571e-02   1.645e-04        0
WARNING:  Option 'mip_integral_gap_abs' deprecated, please use 'mip_opt_gap_abs'.
WARNING:  Option 'mip_integral_gap_rel' deprecated, please use 'mip_opt_gap_rel'.
WARNING:  Option 'mip_integral_gap_abs' deprecated, please use 'mip_opt_gap_abs'.
WARNING:  Option 'mip_integral_gap_rel' deprecated, please use 'mip_opt_gap_rel'.
WARNING:  Option 'mip_integral_gap_abs' deprecated, please use 'mip_opt_gap_abs'.
WARNING:  Option 'mip_integral_gap_rel' deprecated, please use 'mip_opt_gap_rel'.
WARNING:  Option 'mip_integral_gap_abs' deprecated, please use 'mip_opt_gap_abs'.
WARNING:  Option 'mip_integral_gap_rel' deprecated, please use 'mip_opt_gap_rel'.
WARNING:  Option 'mip_integral_gap_abs' deprecated, please use 'mip_opt_gap_abs'.
WARNING:  Option 'mip_integral_gap_rel' deprecated, please use 'mip_opt_gap_rel'.
WARNING:  Option 'mip_integral_gap_abs' deprecated, please use 'mip_opt_gap_abs'.
WARNING:  Option 'mip_integral_gap_rel' deprecated, please use 'mip_opt_gap_rel'.
WARNING:  Option 'mip_integral_gap_abs' deprecated, please use 'mip_opt_gap_abs'.
WARNING:  Option 'mip_integral_gap_rel' deprecated, please use 'mip_opt_gap_rel'.
WARNING:  Option 'mip_integral_gap_abs' deprecated, please use 'mip_opt_gap_abs'.
WARNING:  Option 'mip_integral_gap_rel' deprecated, please use 'mip_opt_gap_rel'.
     822    9.008248e-01   0.000e+00   3.549e-03   2.794e-04        1
WARNING:  Option 'mip_integral_gap_abs' deprecated, please use 'mip_opt_gap_abs'.
WARNING:  Option 'mip_integral_gap_rel' deprecated, please use 'mip_opt_gap_rel'.
WARNING:  Option 'mip_integral_gap_abs' deprecated, please use 'mip_opt_gap_abs'.
WARNING:  Option 'mip_integral_gap_rel' deprecated, please use 'mip_opt_gap_rel'.
WARNING:  Option 'mip_integral_gap_abs' deprecated, please use 'mip_opt_gap_abs'.
WARNING:  Option 'mip_integral_gap_rel' deprecated, please use 'mip_opt_gap_rel'.
     823    9.008224e-01   0.000e+00   2.855e-03   1.366e-03        0
WARNING:  Option 'mip_integral_gap_abs' deprecated, please use 'mip_opt_gap_abs'.
WARNING:  Option 'mip_integral_gap_rel' deprecated, please use 'mip_opt_gap_rel'.
WARNING:  Option 'mip_integral_gap_abs' deprecated, please use 'mip_opt_gap_abs'.
WARNING:  Option 'mip_integral_gap_rel' deprecated, please use 'mip_opt_gap_rel'.
WARNING:  Option 'mip_integral_gap_abs' deprecated, please use 'mip_opt_gap_abs'.
WARNING:  Option 'mip_integral_gap_rel' deprecated, please use 'mip_opt_gap_rel'.
WARNING:  Option 'mip_integral_gap_abs' deprecated, please use 'mip_opt_gap_abs'.
WARNING:  Option 'mip_integral_gap_rel' deprecated, please use 'mip_opt_gap_rel'.
WARNING:  Option 'mip_integral_gap_abs' deprecated, please use 'mip_opt_gap_abs'.
WARNING:  Option 'mip_integral_gap_rel' deprecated, please use 'mip_opt_gap_rel'.
WARNING:  Option 'mip_integral_gap_abs' deprecated, please use 'mip_opt_gap_abs'.
WARNING:  Option 'mip_integral_gap_rel' deprecated, please use 'mip_opt_gap_rel'.
     824    9.008185e-01   0.000e+00   2.813e-03   9.310e-04        1
WARNING:  Option 'mip_integral_gap_abs' deprecated, please use 'mip_opt_gap_abs'.
WARNING:  Option 'mip_integral_gap_rel' deprecated, please use 'mip_opt_gap_rel'.
WARNING:  Option 'mip_integral_gap_abs' deprecated, please use 'mip_opt_gap_abs'.
WARNING:  Option 'mip_integral_gap_rel' deprecated, please use 'mip_opt_gap_rel'.
WARNING:  Option 'mip_integral_gap_abs' deprecated, please use 'mip_opt_gap_abs'.
WARNING:  Option 'mip_integral_gap_rel' deprecated, please use 'mip_opt_gap_rel'.
WARNING:  Option 'mip_integral_gap_abs' deprecated, please use 'mip_opt_gap_abs'.
WARNING:  Option 'mip_integral_gap_rel' deprecated, please use 'mip_opt_gap_rel'.
     825    9.008118e-01   0.000e+00   3.958e-02   2.731e-03       22
WARNING:  Option 'mip_integral_gap_abs' deprecated, please use 'mip_opt_gap_abs'.
WARNING:  Option 'mip_integral_gap_rel' deprecated, please use 'mip_opt_gap_rel'.
WARNING:  Option 'mip_integral_gap_abs' deprecated, please use 'mip_opt_gap_abs'.
WARNING:  Option 'mip_integral_gap_rel' deprecated, please use 'mip_opt_gap_rel'.
WARNING:  Option 'mip_integral_gap_abs' deprecated, please use 'mip_opt_gap_abs'.
WARNING:  Option 'mip_integral_gap_rel' deprecated, please use 'mip_opt_gap_rel'.
WARNING:  Option 'mip_integral_gap_abs' deprecated, please use 'mip_opt_gap_abs'.
WARNING:  Option 'mip_integral_gap_rel' deprecated, please use 'mip_opt_gap_rel'.
WARNING:  Option 'mip_integral_gap_abs' deprecated, please use 'mip_opt_gap_abs'.
WARNING:  Option 'mip_integral_gap_rel' deprecated, please use 'mip_opt_gap_rel'.
     826    9.008108e-01   0.000e+00   3.909e-02   3.508e-04        0
WARNING:  Option 'mip_integral_gap_abs' deprecated, please use 'mip_opt_gap_abs'.
WARNING:  Option 'mip_integral_gap_rel' deprecated, please use 'mip_opt_gap_rel'.
WARNING:  Option 'mip_integral_gap_abs' deprecated, please use 'mip_opt_gap_abs'.
WARNING:  Option 'mip_integral_gap_rel' deprecated, please use 'mip_opt_gap_rel'.
WARNING:  Option 'mip_integral_gap_abs' deprecated, please use 'mip_opt_gap_abs'.
WARNING:  Option 'mip_integral_gap_rel' deprecated, please use 'mip_opt_gap_rel'.
WARNING:  Option 'mip_integral_gap_abs' deprecated, please use 'mip_opt_gap_abs'.
WARNING:  Option 'mip_integral_gap_rel' deprecated, please use 'mip_opt_gap_rel'.
WARNING:  Option 'mip_integral_gap_abs' deprecated, please use 'mip_opt_gap_abs'.
WARNING:  Option 'mip_integral_gap_rel' deprecated, please use 'mip_opt_gap_rel'.
WARNING:  Option 'mip_integral_gap_abs' deprecated, please use 'mip_opt_gap_abs'.
WARNING:  Option 'mip_integral_gap_rel' deprecated, please use 'mip_opt_gap_rel'.
     827    9.008093e-01   0.000e+00   3.909e-02   2.730e-04        1
WARNING:  Option 'mip_integral_gap_abs' deprecated, please use 'mip_opt_gap_abs'.
WARNING:  Option 'mip_integral_gap_rel' deprecated, please use 'mip_opt_gap_rel'.
WARNING:  Option 'mip_integral_gap_abs' deprecated, please use 'mip_opt_gap_abs'.
WARNING:  Option 'mip_integral_gap_rel' deprecated, please use 'mip_opt_gap_rel'.
WARNING:  Option 'mip_integral_gap_abs' deprecated, please use 'mip_opt_gap_abs'.
WARNING:  Option 'mip_integral_gap_rel' deprecated, please use 'mip_opt_gap_rel'.
     828    9.008076e-01   0.000e+00   3.909e-02   2.246e-04        0
WARNING:  Option 'mip_integral_gap_abs' deprecated, please use 'mip_opt_gap_abs'.
WARNING:  Option 'mip_integral_gap_rel' deprecated, please use 'mip_opt_gap_rel'.
WARNING:  Option 'mip_integral_gap_abs' deprecated, please use 'mip_opt_gap_abs'.
WARNING:  Option 'mip_integral_gap_rel' deprecated, please use 'mip_opt_gap_rel'.
WARNING:  Option 'mip_integral_gap_abs' deprecated, please use 'mip_opt_gap_abs'.
WARNING:  Option 'mip_integral_gap_rel' deprecated, please use 'mip_opt_gap_rel'.
     829    9.008016e-01   0.000e+00   3.909e-02   5.701e-04        0
WARNING:  Option 'mip_integral_gap_abs' deprecated, please use 'mip_opt_gap_abs'.
WARNING:  Option 'mip_integral_gap_rel' deprecated, please use 'mip_opt_gap_rel'.
WARNING:  Option 'mip_integral_gap_abs' deprecated, please use 'mip_opt_gap_abs'.
WARNING:  Option 'mip_integral_gap_rel' deprecated, please use 'mip_opt_gap_rel'.
     830    9.007966e-01   0.000e+00   3.908e-02   5.551e-04        0
WARNING:  Option 'mip_integral_gap_abs' deprecated, please use 'mip_opt_gap_abs'.
WARNING:  Option 'mip_integral_gap_rel' deprecated, please use 'mip_opt_gap_rel'.
WARNING:  Option 'mip_integral_gap_abs' deprecated, please use 'mip_opt_gap_abs'.
WARNING:  Option 'mip_integral_gap_rel' deprecated, please use 'mip_opt_gap_rel'.
     831    9.008011e-01   0.000e+00   3.909e-02   1.891e-04        0
WARNING:  Option 'mip_integral_gap_abs' deprecated, please use 'mip_opt_gap_abs'.
WARNING:  Option 'mip_integral_gap_rel' deprecated, please use 'mip_opt_gap_rel'.
WARNING:  Option 'mip_integral_gap_abs' deprecated, please use 'mip_opt_gap_abs'.
WARNING:  Option 'mip_integral_gap_rel' deprecated, please use 'mip_opt_gap_rel'.
WARNING:  Option 'mip_integral_gap_abs' deprecated, please use 'mip_opt_gap_abs'.
WARNING:  Option 'mip_integral_gap_rel' deprecated, please use 'mip_opt_gap_rel'.
WARNING:  Option 'mip_integral_gap_abs' deprecated, please use 'mip_opt_gap_abs'.
WARNING:  Option 'mip_integral_gap_rel' deprecated, please use 'mip_opt_gap_rel'.
WARNING:  Option 'mip_integral_gap_abs' deprecated, please use 'mip_opt_gap_abs'.
WARNING:  Option 'mip_integral_gap_rel' deprecated, please use 'mip_opt_gap_rel'.
WARNING:  Option 'mip_integral_gap_abs' deprecated, please use 'mip_opt_gap_abs'.
WARNING:  Option 'mip_integral_gap_rel' deprecated, please use 'mip_opt_gap_rel'.
WARNING:  Option 'mip_integral_gap_abs' deprecated, please use 'mip_opt_gap_abs'.
WARNING:  Option 'mip_integral_gap_rel' deprecated, please use 'mip_opt_gap_rel'.
     832    9.007190e-01   0.000e+00   2.158e-02   2.332e-03       12
WARNING:  Option 'mip_integral_gap_abs' deprecated, please use 'mip_opt_gap_abs'.
WARNING:  Option 'mip_integral_gap_rel' deprecated, please use 'mip_opt_gap_rel'.
WARNING:  Option 'mip_integral_gap_abs' deprecated, please use 'mip_opt_gap_abs'.
WARNING:  Option 'mip_integral_gap_rel' deprecated, please use 'mip_opt_gap_rel'.
WARNING:  Option 'mip_integral_gap_abs' deprecated, please use 'mip_opt_gap_abs'.
WARNING:  Option 'mip_integral_gap_rel' deprecated, please use 'mip_opt_gap_rel'.
     833    9.006837e-01   0.000e+00   5.189e-03   3.106e-03        3
WARNING:  Option 'mip_integral_gap_abs' deprecated, please use 'mip_opt_gap_abs'.
WARNING:  Option 'mip_integral_gap_rel' deprecated, please use 'mip_opt_gap_rel'.
WARNING:  Option 'mip_integral_gap_abs' deprecated, please use 'mip_opt_gap_abs'.
WARNING:  Option 'mip_integral_gap_rel' deprecated, please use 'mip_opt_gap_rel'.
WARNING:  Option 'mip_integral_gap_abs' deprecated, please use 'mip_opt_gap_abs'.
WARNING:  Option 'mip_integral_gap_rel' deprecated, please use 'mip_opt_gap_rel'.
WARNING:  Option 'mip_integral_gap_abs' deprecated, please use 'mip_opt_gap_abs'.
WARNING:  Option 'mip_integral_gap_rel' deprecated, please use 'mip_opt_gap_rel'.
WARNING:  Option 'mip_integral_gap_abs' deprecated, please use 'mip_opt_gap_abs'.
WARNING:  Option 'mip_integral_gap_rel' deprecated, please use 'mip_opt_gap_rel'.
WARNING:  Option 'mip_integral_gap_abs' deprecated, please use 'mip_opt_gap_abs'.
WARNING:  Option 'mip_integral_gap_rel' deprecated, please use 'mip_opt_gap_rel'.
WARNING:  Option 'mip_integral_gap_abs' deprecated, please use 'mip_opt_gap_abs'.
WARNING:  Option 'mip_integral_gap_rel' deprecated, please use 'mip_opt_gap_rel'.
WARNING:  Option 'mip_integral_gap_abs' deprecated, please use 'mip_opt_gap_abs'.
WARNING:  Option 'mip_integral_gap_rel' deprecated, please use 'mip_opt_gap_rel'.
WARNING:  Option 'mip_integral_gap_abs' deprecated, please use 'mip_opt_gap_abs'.
WARNING:  Option 'mip_integral_gap_rel' deprecated, please use 'mip_opt_gap_rel'.
     834    9.006829e-01   0.000e+00   5.148e-03   8.966e-05       18
WARNING:  Option 'mip_integral_gap_abs' deprecated, please use 'mip_opt_gap_abs'.
WARNING:  Option 'mip_integral_gap_rel' deprecated, please use 'mip_opt_gap_rel'.
WARNING:  Option 'mip_integral_gap_abs' deprecated, please use 'mip_opt_gap_abs'.
WARNING:  Option 'mip_integral_gap_rel' deprecated, please use 'mip_opt_gap_rel'.
WARNING:  Option 'mip_integral_gap_abs' deprecated, please use 'mip_opt_gap_abs'.
WARNING:  Option 'mip_integral_gap_rel' deprecated, please use 'mip_opt_gap_rel'.
WARNING:  Option 'mip_integral_gap_abs' deprecated, please use 'mip_opt_gap_abs'.
WARNING:  Option 'mip_integral_gap_rel' deprecated, please use 'mip_opt_gap_rel'.
WARNING:  Option 'mip_integral_gap_abs' deprecated, please use 'mip_opt_gap_abs'.
WARNING:  Option 'mip_integral_gap_rel' deprecated, please use 'mip_opt_gap_rel'.
WARNING:  Option 'mip_integral_gap_abs' deprecated, please use 'mip_opt_gap_abs'.
WARNING:  Option 'mip_integral_gap_rel' deprecated, please use 'mip_opt_gap_rel'.
     835    9.006826e-01   0.000e+00   4.943e-03   3.922e-05       10
WARNING:  Option 'mip_integral_gap_abs' deprecated, please use 'mip_opt_gap_abs'.
WARNING:  Option 'mip_integral_gap_rel' deprecated, please use 'mip_opt_gap_rel'.
WARNING:  Option 'mip_integral_gap_abs' deprecated, please use 'mip_opt_gap_abs'.
WARNING:  Option 'mip_integral_gap_rel' deprecated, please use 'mip_opt_gap_rel'.
     836    9.006924e-01   0.000e+00   4.681e-03   1.181e-05        0
WARNING:  Option 'mip_integral_gap_abs' deprecated, please use 'mip_opt_gap_abs'.
WARNING:  Option 'mip_integral_gap_rel' deprecated, please use 'mip_opt_gap_rel'.
WARNING:  Option 'mip_integral_gap_abs' deprecated, please use 'mip_opt_gap_abs'.
WARNING:  Option 'mip_integral_gap_rel' deprecated, please use 'mip_opt_gap_rel'.
     837    9.007202e-01   0.000e+00   4.007e-03   3.029e-05        0
WARNING:  Option 'mip_integral_gap_abs' deprecated, please use 'mip_opt_gap_abs'.
WARNING:  Option 'mip_integral_gap_rel' deprecated, please use 'mip_opt_gap_rel'.
WARNING:  Option 'mip_integral_gap_abs' deprecated, please use 'mip_opt_gap_abs'.
WARNING:  Option 'mip_integral_gap_rel' deprecated, please use 'mip_opt_gap_rel'.
     838    9.007541e-01   0.000e+00   8.453e-03   3.618e-05        0
WARNING:  Option 'mip_integral_gap_abs' deprecated, please use 'mip_opt_gap_abs'.
WARNING:  Option 'mip_integral_gap_rel' deprecated, please use 'mip_opt_gap_rel'.
WARNING:  Option 'mip_integral_gap_abs' deprecated, please use 'mip_opt_gap_abs'.
WARNING:  Option 'mip_integral_gap_rel' deprecated, please use 'mip_opt_gap_rel'.
     839    9.007768e-01   0.000e+00   3.411e-03   2.638e-05        0
WARNING:  Option 'mip_integral_gap_abs' deprecated, please use 'mip_opt_gap_abs'.
WARNING:  Option 'mip_integral_gap_rel' deprecated, please use 'mip_opt_gap_rel'.
WARNING:  Option 'mip_integral_gap_abs' deprecated, please use 'mip_opt_gap_abs'.
WARNING:  Option 'mip_integral_gap_rel' deprecated, please use 'mip_opt_gap_rel'.
     840    9.007845e-01   0.000e+00   3.377e-03   1.932e-05        0
WARNING:  Option 'mip_integral_gap_abs' deprecated, please use 'mip_opt_gap_abs'.
WARNING:  Option 'mip_integral_gap_rel' deprecated, please use 'mip_opt_gap_rel'.
WARNING:  Option 'mip_integral_gap_abs' deprecated, please use 'mip_opt_gap_abs'.
WARNING:  Option 'mip_integral_gap_rel' deprecated, please use 'mip_opt_gap_rel'.
     841    9.007852e-01   0.000e+00   3.374e-03   7.665e-06        0
WARNING:  Option 'mip_integral_gap_abs' deprecated, please use 'mip_opt_gap_abs'.
WARNING:  Option 'mip_integral_gap_rel' deprecated, please use 'mip_opt_gap_rel'.
WARNING:  Option 'mip_integral_gap_abs' deprecated, please use 'mip_opt_gap_abs'.
WARNING:  Option 'mip_integral_gap_rel' deprecated, please use 'mip_opt_gap_rel'.
     842    9.007855e-01   0.000e+00   3.372e-03   1.536e-05        0
WARNING:  Option 'mip_integral_gap_abs' deprecated, please use 'mip_opt_gap_abs'.
WARNING:  Option 'mip_integral_gap_rel' deprecated, please use 'mip_opt_gap_rel'.
WARNING:  Option 'mip_integral_gap_abs' deprecated, please use 'mip_opt_gap_abs'.
WARNING:  Option 'mip_integral_gap_rel' deprecated, please use 'mip_opt_gap_rel'.
     843    9.007853e-01   0.000e+00   3.372e-03   4.054e-05        0
WARNING:  Option 'mip_integral_gap_abs' deprecated, please use 'mip_opt_gap_abs'.
WARNING:  Option 'mip_integral_gap_rel' deprecated, please use 'mip_opt_gap_rel'.
WARNING:  Option 'mip_integral_gap_abs' deprecated, please use 'mip_opt_gap_abs'.
WARNING:  Option 'mip_integral_gap_rel' deprecated, please use 'mip_opt_gap_rel'.
     844    9.007854e-01   0.000e+00   3.372e-03   2.234e-06        0
WARNING:  Option 'mip_integral_gap_abs' deprecated, please use 'mip_opt_gap_abs'.
WARNING:  Option 'mip_integral_gap_rel' deprecated, please use 'mip_opt_gap_rel'.
WARNING:  Option 'mip_integral_gap_abs' deprecated, please use 'mip_opt_gap_abs'.
WARNING:  Option 'mip_integral_gap_rel' deprecated, please use 'mip_opt_gap_rel'.
     845    9.007854e-01   0.000e+00   3.371e-03   4.840e-06        0
WARNING:  Option 'mip_integral_gap_abs' deprecated, please use 'mip_opt_gap_abs'.
WARNING:  Option 'mip_integral_gap_rel' deprecated, please use 'mip_opt_gap_rel'.
WARNING:  Option 'mip_integral_gap_abs' deprecated, please use 'mip_opt_gap_abs'.
WARNING:  Option 'mip_integral_gap_rel' deprecated, please use 'mip_opt_gap_rel'.
     846    9.007854e-01   0.000e+00   3.777e-03   1.494e-05        0
WARNING:  Option 'mip_integral_gap_abs' deprecated, please use 'mip_opt_gap_abs'.
WARNING:  Option 'mip_integral_gap_rel' deprecated, please use 'mip_opt_gap_rel'.
WARNING:  Option 'mip_integral_gap_abs' deprecated, please use 'mip_opt_gap_abs'.
WARNING:  Option 'mip_integral_gap_rel' deprecated, please use 'mip_opt_gap_rel'.
     847    9.007853e-01   0.000e+00   3.372e-03   3.134e-05        0
WARNING:  Option 'mip_integral_gap_abs' deprecated, please use 'mip_opt_gap_abs'.
WARNING:  Option 'mip_integral_gap_rel' deprecated, please use 'mip_opt_gap_rel'.
WARNING:  Option 'mip_integral_gap_abs' deprecated, please use 'mip_opt_gap_abs'.
WARNING:  Option 'mip_integral_gap_rel' deprecated, please use 'mip_opt_gap_rel'.
     848    9.007849e-01   0.000e+00   3.506e-03   8.094e-05        0
WARNING:  Option 'mip_integral_gap_abs' deprecated, please use 'mip_opt_gap_abs'.
WARNING:  Option 'mip_integral_gap_rel' deprecated, please use 'mip_opt_gap_rel'.
WARNING:  Option 'mip_integral_gap_abs' deprecated, please use 'mip_opt_gap_abs'.
WARNING:  Option 'mip_integral_gap_rel' deprecated, please use 'mip_opt_gap_rel'.
WARNING:  Option 'mip_integral_gap_abs' deprecated, please use 'mip_opt_gap_abs'.
WARNING:  Option 'mip_integral_gap_rel' deprecated, please use 'mip_opt_gap_rel'.
     849    9.007844e-01   0.000e+00   1.861e-01   9.924e-05        0
WARNING:  Option 'mip_integral_gap_abs' deprecated, please use 'mip_opt_gap_abs'.
WARNING:  Option 'mip_integral_gap_rel' deprecated, please use 'mip_opt_gap_rel'.
WARNING:  Option 'mip_integral_gap_abs' deprecated, please use 'mip_opt_gap_abs'.
WARNING:  Option 'mip_integral_gap_rel' deprecated, please use 'mip_opt_gap_rel'.
     850    9.007755e-01   0.000e+00   4.566e-02   2.650e-05        1
WARNING:  Option 'mip_integral_gap_abs' deprecated, please use 'mip_opt_gap_abs'.
WARNING:  Option 'mip_integral_gap_rel' deprecated, please use 'mip_opt_gap_rel'.
WARNING:  Option 'mip_integral_gap_abs' deprecated, please use 'mip_opt_gap_abs'.
WARNING:  Option 'mip_integral_gap_rel' deprecated, please use 'mip_opt_gap_rel'.
     851    9.007575e-01   0.000e+00   1.799e-02   3.204e-05        1
WARNING:  Option 'mip_integral_gap_abs' deprecated, please use 'mip_opt_gap_abs'.
WARNING:  Option 'mip_integral_gap_rel' deprecated, please use 'mip_opt_gap_rel'.
WARNING:  Option 'mip_integral_gap_abs' deprecated, please use 'mip_opt_gap_abs'.
WARNING:  Option 'mip_integral_gap_rel' deprecated, please use 'mip_opt_gap_rel'.
     852    9.007576e-01   0.000e+00   1.632e-02   1.142e-07        0
WARNING:  Option 'mip_integral_gap_abs' deprecated, please use 'mip_opt_gap_abs'.
WARNING:  Option 'mip_integral_gap_rel' deprecated, please use 'mip_opt_gap_rel'.
WARNING:  Option 'mip_integral_gap_abs' deprecated, please use 'mip_opt_gap_abs'.
WARNING:  Option 'mip_integral_gap_rel' deprecated, please use 'mip_opt_gap_rel'.
     853    9.007577e-01   0.000e+00   1.491e-02   2.681e-07        0
WARNING:  Option 'mip_integral_gap_abs' deprecated, please use 'mip_opt_gap_abs'.
WARNING:  Option 'mip_integral_gap_rel' deprecated, please use 'mip_opt_gap_rel'.
WARNING:  Option 'mip_integral_gap_abs' deprecated, please use 'mip_opt_gap_abs'.
WARNING:  Option 'mip_integral_gap_rel' deprecated, please use 'mip_opt_gap_rel'.
     854    9.007578e-01   0.000e+00   1.450e-02   8.275e-08        0
WARNING:  Option 'mip_integral_gap_abs' deprecated, please use 'mip_opt_gap_abs'.
WARNING:  Option 'mip_integral_gap_rel' deprecated, please use 'mip_opt_gap_rel'.
WARNING:  Option 'mip_integral_gap_abs' deprecated, please use 'mip_opt_gap_abs'.
WARNING:  Option 'mip_integral_gap_rel' deprecated, please use 'mip_opt_gap_rel'.
     855    9.007579e-01   0.000e+00   1.357e-02   2.000e-07        0
WARNING:  Option 'mip_integral_gap_abs' deprecated, please use 'mip_opt_gap_abs'.
WARNING:  Option 'mip_integral_gap_rel' deprecated, please use 'mip_opt_gap_rel'.
WARNING:  Option 'mip_integral_gap_abs' deprecated, please use 'mip_opt_gap_abs'.
WARNING:  Option 'mip_integral_gap_rel' deprecated, please use 'mip_opt_gap_rel'.
     856    9.007582e-01   0.000e+00   1.169e-02   4.636e-07        0
WARNING:  Option 'mip_integral_gap_abs' deprecated, please use 'mip_opt_gap_abs'.
WARNING:  Option 'mip_integral_gap_rel' deprecated, please use 'mip_opt_gap_rel'.
WARNING:  Option 'mip_integral_gap_abs' deprecated, please use 'mip_opt_gap_abs'.
WARNING:  Option 'mip_integral_gap_rel' deprecated, please use 'mip_opt_gap_rel'.
     857    9.007583e-01   0.000e+00   1.117e-02   1.426e-07        0
WARNING:  Option 'mip_integral_gap_abs' deprecated, please use 'mip_opt_gap_abs'.
WARNING:  Option 'mip_integral_gap_rel' deprecated, please use 'mip_opt_gap_rel'.
WARNING:  Option 'mip_integral_gap_abs' deprecated, please use 'mip_opt_gap_abs'.
WARNING:  Option 'mip_integral_gap_rel' deprecated, please use 'mip_opt_gap_rel'.
     858    9.007585e-01   0.000e+00   1.040e-02   3.404e-07        0
WARNING:  Option 'mip_integral_gap_abs' deprecated, please use 'mip_opt_gap_abs'.
WARNING:  Option 'mip_integral_gap_rel' deprecated, please use 'mip_opt_gap_rel'.
WARNING:  Option 'mip_integral_gap_abs' deprecated, please use 'mip_opt_gap_abs'.
WARNING:  Option 'mip_integral_gap_rel' deprecated, please use 'mip_opt_gap_rel'.
     859    9.007586e-01   0.000e+00   1.023e-02   1.052e-07        0
WARNING:  Option 'mip_integral_gap_abs' deprecated, please use 'mip_opt_gap_abs'.
WARNING:  Option 'mip_integral_gap_rel' deprecated, please use 'mip_opt_gap_rel'.
WARNING:  Option 'mip_integral_gap_abs' deprecated, please use 'mip_opt_gap_abs'.
WARNING:  Option 'mip_integral_gap_rel' deprecated, please use 'mip_opt_gap_rel'.
     860    9.007588e-01   0.000e+00   9.851e-03   2.547e-07        0
WARNING:  Option 'mip_integral_gap_abs' deprecated, please use 'mip_opt_gap_abs'.
WARNING:  Option 'mip_integral_gap_rel' deprecated, please use 'mip_opt_gap_rel'.
WARNING:  Option 'mip_integral_gap_abs' deprecated, please use 'mip_opt_gap_abs'.
WARNING:  Option 'mip_integral_gap_rel' deprecated, please use 'mip_opt_gap_rel'.
     861    9.007588e-01   0.000e+00   9.738e-03   7.894e-08        0
WARNING:  Option 'mip_integral_gap_abs' deprecated, please use 'mip_opt_gap_abs'.
WARNING:  Option 'mip_integral_gap_rel' deprecated, please use 'mip_opt_gap_rel'.
WARNING:  Option 'mip_integral_gap_abs' deprecated, please use 'mip_opt_gap_abs'.
WARNING:  Option 'mip_integral_gap_rel' deprecated, please use 'mip_opt_gap_rel'.
     862    9.007590e-01   0.000e+00   9.478e-03   1.930e-07        0
WARNING:  Option 'mip_integral_gap_abs' deprecated, please use 'mip_opt_gap_abs'.
WARNING:  Option 'mip_integral_gap_rel' deprecated, please use 'mip_opt_gap_rel'.
WARNING:  Option 'mip_integral_gap_abs' deprecated, please use 'mip_opt_gap_abs'.
WARNING:  Option 'mip_integral_gap_rel' deprecated, please use 'mip_opt_gap_rel'.
     863    9.007590e-01   0.000e+00   9.400e-03   5.994e-08        0
WARNING:  Option 'mip_integral_gap_abs' deprecated, please use 'mip_opt_gap_abs'.
WARNING:  Option 'mip_integral_gap_rel' deprecated, please use 'mip_opt_gap_rel'.
WARNING:  Option 'mip_integral_gap_abs' deprecated, please use 'mip_opt_gap_abs'.
WARNING:  Option 'mip_integral_gap_rel' deprecated, please use 'mip_opt_gap_rel'.
     864    9.007591e-01   0.000e+00   9.216e-03   1.474e-07        0
WARNING:  Option 'mip_integral_gap_abs' deprecated, please use 'mip_opt_gap_abs'.
WARNING:  Option 'mip_integral_gap_rel' deprecated, please use 'mip_opt_gap_rel'.
WARNING:  Option 'mip_integral_gap_abs' deprecated, please use 'mip_opt_gap_abs'.
WARNING:  Option 'mip_integral_gap_rel' deprecated, please use 'mip_opt_gap_rel'.
     865    9.007594e-01   0.000e+00   8.813e-03   3.549e-07        0
WARNING:  Option 'mip_integral_gap_abs' deprecated, please use 'mip_opt_gap_abs'.
WARNING:  Option 'mip_integral_gap_rel' deprecated, please use 'mip_opt_gap_rel'.
WARNING:  Option 'mip_integral_gap_abs' deprecated, please use 'mip_opt_gap_abs'.
WARNING:  Option 'mip_integral_gap_rel' deprecated, please use 'mip_opt_gap_rel'.
     866    9.007595e-01   0.000e+00   8.697e-03   1.099e-07        0
WARNING:  Option 'mip_integral_gap_abs' deprecated, please use 'mip_opt_gap_abs'.
WARNING:  Option 'mip_integral_gap_rel' deprecated, please use 'mip_opt_gap_rel'.
WARNING:  Option 'mip_integral_gap_abs' deprecated, please use 'mip_opt_gap_abs'.
WARNING:  Option 'mip_integral_gap_rel' deprecated, please use 'mip_opt_gap_rel'.
     867    9.007597e-01   0.000e+00   8.431e-03   2.677e-07        0
WARNING:  Option 'mip_integral_gap_abs' deprecated, please use 'mip_opt_gap_abs'.
WARNING:  Option 'mip_integral_gap_rel' deprecated, please use 'mip_opt_gap_rel'.
WARNING:  Option 'mip_integral_gap_abs' deprecated, please use 'mip_opt_gap_abs'.
WARNING:  Option 'mip_integral_gap_rel' deprecated, please use 'mip_opt_gap_rel'.
     868    9.007597e-01   0.000e+00   8.352e-03   8.305e-08        0
WARNING:  Option 'mip_integral_gap_abs' deprecated, please use 'mip_opt_gap_abs'.
WARNING:  Option 'mip_integral_gap_rel' deprecated, please use 'mip_opt_gap_rel'.
WARNING:  Option 'mip_integral_gap_abs' deprecated, please use 'mip_opt_gap_abs'.
WARNING:  Option 'mip_integral_gap_rel' deprecated, please use 'mip_opt_gap_rel'.
     869    9.007599e-01   0.000e+00   8.170e-03   2.119e-07        0
WARNING:  Option 'mip_integral_gap_abs' deprecated, please use 'mip_opt_gap_abs'.
WARNING:  Option 'mip_integral_gap_rel' deprecated, please use 'mip_opt_gap_rel'.
WARNING:  Option 'mip_integral_gap_abs' deprecated, please use 'mip_opt_gap_abs'.
WARNING:  Option 'mip_integral_gap_rel' deprecated, please use 'mip_opt_gap_rel'.
     870    9.007603e-01   0.000e+00   7.779e-03   4.874e-07        0
WARNING:  Option 'mip_integral_gap_abs' deprecated, please use 'mip_opt_gap_abs'.
WARNING:  Option 'mip_integral_gap_rel' deprecated, please use 'mip_opt_gap_rel'.
WARNING:  Option 'mip_integral_gap_abs' deprecated, please use 'mip_opt_gap_abs'.
WARNING:  Option 'mip_integral_gap_rel' deprecated, please use 'mip_opt_gap_rel'.
     871    9.007612e-01   0.000e+00   7.080e-03   1.112e-06        0
WARNING:  Option 'mip_integral_gap_abs' deprecated, please use 'mip_opt_gap_abs'.
WARNING:  Option 'mip_integral_gap_rel' deprecated, please use 'mip_opt_gap_rel'.
WARNING:  Option 'mip_integral_gap_abs' deprecated, please use 'mip_opt_gap_abs'.
WARNING:  Option 'mip_integral_gap_rel' deprecated, please use 'mip_opt_gap_rel'.
     872    9.007631e-01   0.000e+00   6.138e-03   2.325e-06        0
WARNING:  Option 'mip_integral_gap_abs' deprecated, please use 'mip_opt_gap_abs'.
WARNING:  Option 'mip_integral_gap_rel' deprecated, please use 'mip_opt_gap_rel'.
WARNING:  Option 'mip_integral_gap_abs' deprecated, please use 'mip_opt_gap_abs'.
WARNING:  Option 'mip_integral_gap_rel' deprecated, please use 'mip_opt_gap_rel'.
     873    9.007666e-01   0.000e+00   5.209e-03   4.233e-06        0
WARNING:  Option 'mip_integral_gap_abs' deprecated, please use 'mip_opt_gap_abs'.
WARNING:  Option 'mip_integral_gap_rel' deprecated, please use 'mip_opt_gap_rel'.
WARNING:  Option 'mip_integral_gap_abs' deprecated, please use 'mip_opt_gap_abs'.
WARNING:  Option 'mip_integral_gap_rel' deprecated, please use 'mip_opt_gap_rel'.
     874    9.007712e-01   0.000e+00   4.394e-03   6.397e-06        0
WARNING:  Option 'mip_integral_gap_abs' deprecated, please use 'mip_opt_gap_abs'.
WARNING:  Option 'mip_integral_gap_rel' deprecated, please use 'mip_opt_gap_rel'.
WARNING:  Option 'mip_integral_gap_abs' deprecated, please use 'mip_opt_gap_abs'.
WARNING:  Option 'mip_integral_gap_rel' deprecated, please use 'mip_opt_gap_rel'.
     875    9.007748e-01   0.000e+00   3.148e-03   1.007e-05        0
WARNING:  Option 'mip_integral_gap_abs' deprecated, please use 'mip_opt_gap_abs'.
WARNING:  Option 'mip_integral_gap_rel' deprecated, please use 'mip_opt_gap_rel'.
WARNING:  Option 'mip_integral_gap_abs' deprecated, please use 'mip_opt_gap_abs'.
WARNING:  Option 'mip_integral_gap_rel' deprecated, please use 'mip_opt_gap_rel'.
WARNING:  Option 'mip_integral_gap_abs' deprecated, please use 'mip_opt_gap_abs'.
WARNING:  Option 'mip_integral_gap_rel' deprecated, please use 'mip_opt_gap_rel'.
WARNING:  Option 'mip_integral_gap_abs' deprecated, please use 'mip_opt_gap_abs'.
WARNING:  Option 'mip_integral_gap_rel' deprecated, please use 'mip_opt_gap_rel'.
     876    9.007745e-01   0.000e+00   1.806e-02   1.989e-05        0
WARNING:  Option 'mip_integral_gap_abs' deprecated, please use 'mip_opt_gap_abs'.
WARNING:  Option 'mip_integral_gap_rel' deprecated, please use 'mip_opt_gap_rel'.
WARNING:  Option 'mip_integral_gap_abs' deprecated, please use 'mip_opt_gap_abs'.
WARNING:  Option 'mip_integral_gap_rel' deprecated, please use 'mip_opt_gap_rel'.
     877    9.007755e-01   0.000e+00   4.505e-03   4.182e-05        0
WARNING:  Option 'mip_integral_gap_abs' deprecated, please use 'mip_opt_gap_abs'.
WARNING:  Option 'mip_integral_gap_rel' deprecated, please use 'mip_opt_gap_rel'.
WARNING:  Option 'mip_integral_gap_abs' deprecated, please use 'mip_opt_gap_abs'.
WARNING:  Option 'mip_integral_gap_rel' deprecated, please use 'mip_opt_gap_rel'.
WARNING:  Option 'mip_integral_gap_abs' deprecated, please use 'mip_opt_gap_abs'.
WARNING:  Option 'mip_integral_gap_rel' deprecated, please use 'mip_opt_gap_rel'.
     878    9.007755e-01   0.000e+00   3.889e-02   5.124e-05        0
WARNING:  Option 'mip_integral_gap_abs' deprecated, please use 'mip_opt_gap_abs'.
WARNING:  Option 'mip_integral_gap_rel' deprecated, please use 'mip_opt_gap_rel'.
WARNING:  Option 'mip_integral_gap_abs' deprecated, please use 'mip_opt_gap_abs'.
WARNING:  Option 'mip_integral_gap_rel' deprecated, please use 'mip_opt_gap_rel'.
     879    9.007739e-01   0.000e+00   5.421e-03   2.443e-04        0
WARNING:  Option 'mip_integral_gap_abs' deprecated, please use 'mip_opt_gap_abs'.
WARNING:  Option 'mip_integral_gap_rel' deprecated, please use 'mip_opt_gap_rel'.
WARNING:  Option 'mip_integral_gap_abs' deprecated, please use 'mip_opt_gap_abs'.
WARNING:  Option 'mip_integral_gap_rel' deprecated, please use 'mip_opt_gap_rel'.
     880    9.007732e-01   0.000e+00   4.263e-03   5.353e-04        0
WARNING:  Option 'mip_integral_gap_abs' deprecated, please use 'mip_opt_gap_abs'.
WARNING:  Option 'mip_integral_gap_rel' deprecated, please use 'mip_opt_gap_rel'.
WARNING:  Option 'mip_integral_gap_abs' deprecated, please use 'mip_opt_gap_abs'.
WARNING:  Option 'mip_integral_gap_rel' deprecated, please use 'mip_opt_gap_rel'.
     881    9.007570e-01   0.000e+00   3.301e-03   1.241e-03        0
WARNING:  Option 'mip_integral_gap_abs' deprecated, please use 'mip_opt_gap_abs'.
WARNING:  Option 'mip_integral_gap_rel' deprecated, please use 'mip_opt_gap_rel'.
WARNING:  Option 'mip_integral_gap_abs' deprecated, please use 'mip_opt_gap_abs'.
WARNING:  Option 'mip_integral_gap_rel' deprecated, please use 'mip_opt_gap_rel'.
     882    9.007467e-01   0.000e+00   4.818e-02   3.817e-03        0
WARNING:  Option 'mip_integral_gap_abs' deprecated, please use 'mip_opt_gap_abs'.
WARNING:  Option 'mip_integral_gap_rel' deprecated, please use 'mip_opt_gap_rel'.
WARNING:  Option 'mip_integral_gap_abs' deprecated, please use 'mip_opt_gap_abs'.
WARNING:  Option 'mip_integral_gap_rel' deprecated, please use 'mip_opt_gap_rel'.
     883    9.006907e-01   0.000e+00   9.067e-03   2.884e-02        0
WARNING:  Option 'mip_integral_gap_abs' deprecated, please use 'mip_opt_gap_abs'.
WARNING:  Option 'mip_integral_gap_rel' deprecated, please use 'mip_opt_gap_rel'.
WARNING:  Option 'mip_integral_gap_abs' deprecated, please use 'mip_opt_gap_abs'.
WARNING:  Option 'mip_integral_gap_rel' deprecated, please use 'mip_opt_gap_rel'.
     884    9.006497e-01   0.000e+00   2.143e+00   2.308e-02        0
WARNING:  Option 'mip_integral_gap_abs' deprecated, please use 'mip_opt_gap_abs'.
WARNING:  Option 'mip_integral_gap_rel' deprecated, please use 'mip_opt_gap_rel'.
WARNING:  Option 'mip_integral_gap_abs' deprecated, please use 'mip_opt_gap_abs'.
WARNING:  Option 'mip_integral_gap_rel' deprecated, please use 'mip_opt_gap_rel'.
WARNING:  Option 'mip_integral_gap_abs' deprecated, please use 'mip_opt_gap_abs'.
WARNING:  Option 'mip_integral_gap_rel' deprecated, please use 'mip_opt_gap_rel'.
WARNING:  Option 'mip_integral_gap_abs' deprecated, please use 'mip_opt_gap_abs'.
WARNING:  Option 'mip_integral_gap_rel' deprecated, please use 'mip_opt_gap_rel'.
WARNING:  Option 'mip_integral_gap_abs' deprecated, please use 'mip_opt_gap_abs'.
WARNING:  Option 'mip_integral_gap_rel' deprecated, please use 'mip_opt_gap_rel'.
WARNING:  Option 'mip_integral_gap_abs' deprecated, please use 'mip_opt_gap_abs'.
WARNING:  Option 'mip_integral_gap_rel' deprecated, please use 'mip_opt_gap_rel'.
     885    9.004781e-01   0.000e+00   1.486e-02   1.875e-03        0
WARNING:  Option 'mip_integral_gap_abs' deprecated, please use 'mip_opt_gap_abs'.
WARNING:  Option 'mip_integral_gap_rel' deprecated, please use 'mip_opt_gap_rel'.
WARNING:  Option 'mip_integral_gap_abs' deprecated, please use 'mip_opt_gap_abs'.
WARNING:  Option 'mip_integral_gap_rel' deprecated, please use 'mip_opt_gap_rel'.
     886    9.005996e-01   0.000e+00   1.526e-02   5.622e-03        0
WARNING:  Option 'mip_integral_gap_abs' deprecated, please use 'mip_opt_gap_abs'.
WARNING:  Option 'mip_integral_gap_rel' deprecated, please use 'mip_opt_gap_rel'.
WARNING:  Option 'mip_integral_gap_abs' deprecated, please use 'mip_opt_gap_abs'.
WARNING:  Option 'mip_integral_gap_rel' deprecated, please use 'mip_opt_gap_rel'.
     887    9.005869e-01   0.000e+00   1.673e-02   1.452e-02        0
WARNING:  Option 'mip_integral_gap_abs' deprecated, please use 'mip_opt_gap_abs'.
WARNING:  Option 'mip_integral_gap_rel' deprecated, please use 'mip_opt_gap_rel'.
WARNING:  Option 'mip_integral_gap_abs' deprecated, please use 'mip_opt_gap_abs'.
WARNING:  Option 'mip_integral_gap_rel' deprecated, please use 'mip_opt_gap_rel'.
     888    9.005631e-01   0.000e+00   1.745e-02   8.977e-03        0
WARNING:  Option 'mip_integral_gap_abs' deprecated, please use 'mip_opt_gap_abs'.
WARNING:  Option 'mip_integral_gap_rel' deprecated, please use 'mip_opt_gap_rel'.
WARNING:  Option 'mip_integral_gap_abs' deprecated, please use 'mip_opt_gap_abs'.
WARNING:  Option 'mip_integral_gap_rel' deprecated, please use 'mip_opt_gap_rel'.
     889    9.005282e-01   0.000e+00   2.796e-02   7.616e-03        0
WARNING:  Option 'mip_integral_gap_abs' deprecated, please use 'mip_opt_gap_abs'.
WARNING:  Option 'mip_integral_gap_rel' deprecated, please use 'mip_opt_gap_rel'.
WARNING:  Option 'mip_integral_gap_abs' deprecated, please use 'mip_opt_gap_abs'.
WARNING:  Option 'mip_integral_gap_rel' deprecated, please use 'mip_opt_gap_rel'.
WARNING:  Option 'mip_integral_gap_abs' deprecated, please use 'mip_opt_gap_abs'.
WARNING:  Option 'mip_integral_gap_rel' deprecated, please use 'mip_opt_gap_rel'.
WARNING:  Option 'mip_integral_gap_abs' deprecated, please use 'mip_opt_gap_abs'.
WARNING:  Option 'mip_integral_gap_rel' deprecated, please use 'mip_opt_gap_rel'.
WARNING:  Option 'mip_integral_gap_abs' deprecated, please use 'mip_opt_gap_abs'.
WARNING:  Option 'mip_integral_gap_rel' deprecated, please use 'mip_opt_gap_rel'.
WARNING:  Option 'mip_integral_gap_abs' deprecated, please use 'mip_opt_gap_abs'.
WARNING:  Option 'mip_integral_gap_rel' deprecated, please use 'mip_opt_gap_rel'.
WARNING:  Option 'mip_integral_gap_abs' deprecated, please use 'mip_opt_gap_abs'.
WARNING:  Option 'mip_integral_gap_rel' deprecated, please use 'mip_opt_gap_rel'.
WARNING:  Option 'mip_integral_gap_abs' deprecated, please use 'mip_opt_gap_abs'.
WARNING:  Option 'mip_integral_gap_rel' deprecated, please use 'mip_opt_gap_rel'.
     890    9.004334e-01   0.000e+00   1.352e-02   2.691e-03       47
WARNING:  Option 'mip_integral_gap_abs' deprecated, please use 'mip_opt_gap_abs'.
WARNING:  Option 'mip_integral_gap_rel' deprecated, please use 'mip_opt_gap_rel'.
WARNING:  Option 'mip_integral_gap_abs' deprecated, please use 'mip_opt_gap_abs'.
WARNING:  Option 'mip_integral_gap_rel' deprecated, please use 'mip_opt_gap_rel'.
     891    9.003963e-01   0.000e+00   4.472e-02   3.348e-03        7
WARNING:  Option 'mip_integral_gap_abs' deprecated, please use 'mip_opt_gap_abs'.
WARNING:  Option 'mip_integral_gap_rel' deprecated, please use 'mip_opt_gap_rel'.
WARNING:  Option 'mip_integral_gap_abs' deprecated, please use 'mip_opt_gap_abs'.
WARNING:  Option 'mip_integral_gap_rel' deprecated, please use 'mip_opt_gap_rel'.
WARNING:  Option 'mip_integral_gap_abs' deprecated, please use 'mip_opt_gap_abs'.
WARNING:  Option 'mip_integral_gap_rel' deprecated, please use 'mip_opt_gap_rel'.
     892    9.003964e-01   0.000e+00   4.452e-02   4.431e-04        0
WARNING:  Option 'mip_integral_gap_abs' deprecated, please use 'mip_opt_gap_abs'.
WARNING:  Option 'mip_integral_gap_rel' deprecated, please use 'mip_opt_gap_rel'.
WARNING:  Option 'mip_integral_gap_abs' deprecated, please use 'mip_opt_gap_abs'.
WARNING:  Option 'mip_integral_gap_rel' deprecated, please use 'mip_opt_gap_rel'.
WARNING:  Option 'mip_integral_gap_abs' deprecated, please use 'mip_opt_gap_abs'.
WARNING:  Option 'mip_integral_gap_rel' deprecated, please use 'mip_opt_gap_rel'.
WARNING:  Option 'mip_integral_gap_abs' deprecated, please use 'mip_opt_gap_abs'.
WARNING:  Option 'mip_integral_gap_rel' deprecated, please use 'mip_opt_gap_rel'.
WARNING:  Option 'mip_integral_gap_abs' deprecated, please use 'mip_opt_gap_abs'.
WARNING:  Option 'mip_integral_gap_rel' deprecated, please use 'mip_opt_gap_rel'.
WARNING:  Option 'mip_integral_gap_abs' deprecated, please use 'mip_opt_gap_abs'.
WARNING:  Option 'mip_integral_gap_rel' deprecated, please use 'mip_opt_gap_rel'.
     893    9.003732e-01   0.000e+00   4.450e-02   8.788e-05        1
WARNING:  Option 'mip_integral_gap_abs' deprecated, please use 'mip_opt_gap_abs'.
WARNING:  Option 'mip_integral_gap_rel' deprecated, please use 'mip_opt_gap_rel'.
WARNING:  Option 'mip_integral_gap_abs' deprecated, please use 'mip_opt_gap_abs'.
WARNING:  Option 'mip_integral_gap_rel' deprecated, please use 'mip_opt_gap_rel'.
WARNING:  Option 'mip_integral_gap_abs' deprecated, please use 'mip_opt_gap_abs'.
WARNING:  Option 'mip_integral_gap_rel' deprecated, please use 'mip_opt_gap_rel'.
     894    9.003762e-01   0.000e+00   1.625e-02   3.786e-04        0
WARNING:  Option 'mip_integral_gap_abs' deprecated, please use 'mip_opt_gap_abs'.
WARNING:  Option 'mip_integral_gap_rel' deprecated, please use 'mip_opt_gap_rel'.
WARNING:  Option 'mip_integral_gap_abs' deprecated, please use 'mip_opt_gap_abs'.
WARNING:  Option 'mip_integral_gap_rel' deprecated, please use 'mip_opt_gap_rel'.
     895    9.004475e-01   0.000e+00   1.557e-02   4.447e-03        0
WARNING:  Option 'mip_integral_gap_abs' deprecated, please use 'mip_opt_gap_abs'.
WARNING:  Option 'mip_integral_gap_rel' deprecated, please use 'mip_opt_gap_rel'.
WARNING:  Option 'mip_integral_gap_abs' deprecated, please use 'mip_opt_gap_abs'.
WARNING:  Option 'mip_integral_gap_rel' deprecated, please use 'mip_opt_gap_rel'.
     896    9.002877e-01   0.000e+00   8.257e-03   3.443e-02        0
WARNING:  Option 'mip_integral_gap_abs' deprecated, please use 'mip_opt_gap_abs'.
WARNING:  Option 'mip_integral_gap_rel' deprecated, please use 'mip_opt_gap_rel'.
WARNING:  Option 'mip_integral_gap_abs' deprecated, please use 'mip_opt_gap_abs'.
WARNING:  Option 'mip_integral_gap_rel' deprecated, please use 'mip_opt_gap_rel'.
WARNING:  Option 'mip_integral_gap_abs' deprecated, please use 'mip_opt_gap_abs'.
WARNING:  Option 'mip_integral_gap_rel' deprecated, please use 'mip_opt_gap_rel'.
     897    9.003331e-01   0.000e+00   7.825e-03   4.244e-03        0
WARNING:  Option 'mip_integral_gap_abs' deprecated, please use 'mip_opt_gap_abs'.
WARNING:  Option 'mip_integral_gap_rel' deprecated, please use 'mip_opt_gap_rel'.
WARNING:  Option 'mip_integral_gap_abs' deprecated, please use 'mip_opt_gap_abs'.
WARNING:  Option 'mip_integral_gap_rel' deprecated, please use 'mip_opt_gap_rel'.
WARNING:  Option 'mip_integral_gap_abs' deprecated, please use 'mip_opt_gap_abs'.
WARNING:  Option 'mip_integral_gap_rel' deprecated, please use 'mip_opt_gap_rel'.
WARNING:  Option 'mip_integral_gap_abs' deprecated, please use 'mip_opt_gap_abs'.
WARNING:  Option 'mip_integral_gap_rel' deprecated, please use 'mip_opt_gap_rel'.
WARNING:  Option 'mip_integral_gap_abs' deprecated, please use 'mip_opt_gap_abs'.
WARNING:  Option 'mip_integral_gap_rel' deprecated, please use 'mip_opt_gap_rel'.
WARNING:  Option 'mip_integral_gap_abs' deprecated, please use 'mip_opt_gap_abs'.
WARNING:  Option 'mip_integral_gap_rel' deprecated, please use 'mip_opt_gap_rel'.
WARNING:  Option 'mip_integral_gap_abs' deprecated, please use 'mip_opt_gap_abs'.
WARNING:  Option 'mip_integral_gap_rel' deprecated, please use 'mip_opt_gap_rel'.
WARNING:  Option 'mip_integral_gap_abs' deprecated, please use 'mip_opt_gap_abs'.
WARNING:  Option 'mip_integral_gap_rel' deprecated, please use 'mip_opt_gap_rel'.
WARNING:  Option 'mip_integral_gap_abs' deprecated, please use 'mip_opt_gap_abs'.
WARNING:  Option 'mip_integral_gap_rel' deprecated, please use 'mip_opt_gap_rel'.
WARNING:  Option 'mip_integral_gap_abs' deprecated, please use 'mip_opt_gap_abs'.
WARNING:  Option 'mip_integral_gap_rel' deprecated, please use 'mip_opt_gap_rel'.
WARNING:  Option 'mip_integral_gap_abs' deprecated, please use 'mip_opt_gap_abs'.
WARNING:  Option 'mip_integral_gap_rel' deprecated, please use 'mip_opt_gap_rel'.
WARNING:  Option 'mip_integral_gap_abs' deprecated, please use 'mip_opt_gap_abs'.
WARNING:  Option 'mip_integral_gap_rel' deprecated, please use 'mip_opt_gap_rel'.
WARNING:  Option 'mip_integral_gap_abs' deprecated, please use 'mip_opt_gap_abs'.
WARNING:  Option 'mip_integral_gap_rel' deprecated, please use 'mip_opt_gap_rel'.
WARNING:  Option 'mip_integral_gap_abs' deprecated, please use 'mip_opt_gap_abs'.
WARNING:  Option 'mip_integral_gap_rel' deprecated, please use 'mip_opt_gap_rel'.
     898    9.003366e-01   0.000e+00   7.766e-03   9.058e-05        1
WARNING:  Option 'mip_integral_gap_abs' deprecated, please use 'mip_opt_gap_abs'.
WARNING:  Option 'mip_integral_gap_rel' deprecated, please use 'mip_opt_gap_rel'.
WARNING:  Option 'mip_integral_gap_abs' deprecated, please use 'mip_opt_gap_abs'.
WARNING:  Option 'mip_integral_gap_rel' deprecated, please use 'mip_opt_gap_rel'.
WARNING:  Option 'mip_integral_gap_abs' deprecated, please use 'mip_opt_gap_abs'.
WARNING:  Option 'mip_integral_gap_rel' deprecated, please use 'mip_opt_gap_rel'.
WARNING:  Option 'mip_integral_gap_abs' deprecated, please use 'mip_opt_gap_abs'.
WARNING:  Option 'mip_integral_gap_rel' deprecated, please use 'mip_opt_gap_rel'.
WARNING:  Option 'mip_integral_gap_abs' deprecated, please use 'mip_opt_gap_abs'.
WARNING:  Option 'mip_integral_gap_rel' deprecated, please use 'mip_opt_gap_rel'.
     899    9.003337e-01   0.000e+00   1.760e-02   1.652e-02       26
WARNING:  Option 'mip_integral_gap_abs' deprecated, please use 'mip_opt_gap_abs'.
WARNING:  Option 'mip_integral_gap_rel' deprecated, please use 'mip_opt_gap_rel'.
WARNING:  Option 'mip_integral_gap_abs' deprecated, please use 'mip_opt_gap_abs'.
WARNING:  Option 'mip_integral_gap_rel' deprecated, please use 'mip_opt_gap_rel'.
WARNING:  Option 'mip_integral_gap_abs' deprecated, please use 'mip_opt_gap_abs'.
WARNING:  Option 'mip_integral_gap_rel' deprecated, please use 'mip_opt_gap_rel'.
WARNING:  Option 'mip_integral_gap_abs' deprecated, please use 'mip_opt_gap_abs'.
WARNING:  Option 'mip_integral_gap_rel' deprecated, please use 'mip_opt_gap_rel'.
WARNING:  Option 'mip_integral_gap_abs' deprecated, please use 'mip_opt_gap_abs'.
WARNING:  Option 'mip_integral_gap_rel' deprecated, please use 'mip_opt_gap_rel'.
WARNING:  Option 'mip_integral_gap_abs' deprecated, please use 'mip_opt_gap_abs'.
WARNING:  Option 'mip_integral_gap_rel' deprecated, please use 'mip_opt_gap_rel'.
WARNING:  Option 'mip_integral_gap_abs' deprecated, please use 'mip_opt_gap_abs'.
WARNING:  Option 'mip_integral_gap_rel' deprecated, please use 'mip_opt_gap_rel'.
     900    9.002964e-01   0.000e+00   6.977e-03   4.580e-03        3
WARNING:  Option 'mip_integral_gap_abs' deprecated, please use 'mip_opt_gap_abs'.
WARNING:  Option 'mip_integral_gap_rel' deprecated, please use 'mip_opt_gap_rel'.
WARNING:  Option 'mip_integral_gap_abs' deprecated, please use 'mip_opt_gap_abs'.
WARNING:  Option 'mip_integral_gap_rel' deprecated, please use 'mip_opt_gap_rel'.
     901    9.003809e-01   0.000e+00   2.544e-01   3.502e-04        0
WARNING:  Option 'mip_integral_gap_abs' deprecated, please use 'mip_opt_gap_abs'.
WARNING:  Option 'mip_integral_gap_rel' deprecated, please use 'mip_opt_gap_rel'.
WARNING:  Option 'mip_integral_gap_abs' deprecated, please use 'mip_opt_gap_abs'.
WARNING:  Option 'mip_integral_gap_rel' deprecated, please use 'mip_opt_gap_rel'.
     902    9.003475e-01   0.000e+00   7.592e-03   2.158e-03        0
WARNING:  Option 'mip_integral_gap_abs' deprecated, please use 'mip_opt_gap_abs'.
WARNING:  Option 'mip_integral_gap_rel' deprecated, please use 'mip_opt_gap_rel'.
WARNING:  Option 'mip_integral_gap_abs' deprecated, please use 'mip_opt_gap_abs'.
WARNING:  Option 'mip_integral_gap_rel' deprecated, please use 'mip_opt_gap_rel'.
     903    9.003778e-01   0.000e+00   7.553e-03   3.258e-04        0
WARNING:  Option 'mip_integral_gap_abs' deprecated, please use 'mip_opt_gap_abs'.
WARNING:  Option 'mip_integral_gap_rel' deprecated, please use 'mip_opt_gap_rel'.
WARNING:  Option 'mip_integral_gap_abs' deprecated, please use 'mip_opt_gap_abs'.
WARNING:  Option 'mip_integral_gap_rel' deprecated, please use 'mip_opt_gap_rel'.
     904    9.003770e-01   0.000e+00   8.031e-03   4.294e-03        0
WARNING:  Option 'mip_integral_gap_abs' deprecated, please use 'mip_opt_gap_abs'.
WARNING:  Option 'mip_integral_gap_rel' deprecated, please use 'mip_opt_gap_rel'.
WARNING:  Option 'mip_integral_gap_abs' deprecated, please use 'mip_opt_gap_abs'.
WARNING:  Option 'mip_integral_gap_rel' deprecated, please use 'mip_opt_gap_rel'.
     905    9.003594e-01   0.000e+00   7.885e-03   1.809e-03        0
WARNING:  Option 'mip_integral_gap_abs' deprecated, please use 'mip_opt_gap_abs'.
WARNING:  Option 'mip_integral_gap_rel' deprecated, please use 'mip_opt_gap_rel'.
WARNING:  Option 'mip_integral_gap_abs' deprecated, please use 'mip_opt_gap_abs'.
WARNING:  Option 'mip_integral_gap_rel' deprecated, please use 'mip_opt_gap_rel'.
     906    9.003576e-01   0.000e+00   1.843e+00   6.389e-03        0
WARNING:  Option 'mip_integral_gap_abs' deprecated, please use 'mip_opt_gap_abs'.
WARNING:  Option 'mip_integral_gap_rel' deprecated, please use 'mip_opt_gap_rel'.
WARNING:  Option 'mip_integral_gap_abs' deprecated, please use 'mip_opt_gap_abs'.
WARNING:  Option 'mip_integral_gap_rel' deprecated, please use 'mip_opt_gap_rel'.
WARNING:  Option 'mip_integral_gap_abs' deprecated, please use 'mip_opt_gap_abs'.
WARNING:  Option 'mip_integral_gap_rel' deprecated, please use 'mip_opt_gap_rel'.
WARNING:  Option 'mip_integral_gap_abs' deprecated, please use 'mip_opt_gap_abs'.
WARNING:  Option 'mip_integral_gap_rel' deprecated, please use 'mip_opt_gap_rel'.
     907    9.003230e-01   0.000e+00   3.457e-03   1.098e-03        0
WARNING:  Option 'mip_integral_gap_abs' deprecated, please use 'mip_opt_gap_abs'.
WARNING:  Option 'mip_integral_gap_rel' deprecated, please use 'mip_opt_gap_rel'.
WARNING:  Option 'mip_integral_gap_abs' deprecated, please use 'mip_opt_gap_abs'.
WARNING:  Option 'mip_integral_gap_rel' deprecated, please use 'mip_opt_gap_rel'.
     908    9.003421e-01   0.000e+00   3.100e-03   2.062e-03        0
WARNING:  Option 'mip_integral_gap_abs' deprecated, please use 'mip_opt_gap_abs'.
WARNING:  Option 'mip_integral_gap_rel' deprecated, please use 'mip_opt_gap_rel'.
WARNING:  Option 'mip_integral_gap_abs' deprecated, please use 'mip_opt_gap_abs'.
WARNING:  Option 'mip_integral_gap_rel' deprecated, please use 'mip_opt_gap_rel'.
     909    9.003215e-01   0.000e+00   4.405e-02   1.481e-02        0
WARNING:  Option 'mip_integral_gap_abs' deprecated, please use 'mip_opt_gap_abs'.
WARNING:  Option 'mip_integral_gap_rel' deprecated, please use 'mip_opt_gap_rel'.
WARNING:  Option 'mip_integral_gap_abs' deprecated, please use 'mip_opt_gap_abs'.
WARNING:  Option 'mip_integral_gap_rel' deprecated, please use 'mip_opt_gap_rel'.
     910    9.000866e-01   0.000e+00   9.481e-03   1.806e-01        0
WARNING:  Option 'mip_integral_gap_abs' deprecated, please use 'mip_opt_gap_abs'.
WARNING:  Option 'mip_integral_gap_rel' deprecated, please use 'mip_opt_gap_rel'.
WARNING:  Option 'mip_integral_gap_abs' deprecated, please use 'mip_opt_gap_abs'.
WARNING:  Option 'mip_integral_gap_rel' deprecated, please use 'mip_opt_gap_rel'.
     911    8.999812e-01   0.000e+00   3.609e-03   9.261e-02        0
WARNING:  Option 'mip_integral_gap_abs' deprecated, please use 'mip_opt_gap_abs'.
WARNING:  Option 'mip_integral_gap_rel' deprecated, please use 'mip_opt_gap_rel'.
WARNING:  Option 'mip_integral_gap_abs' deprecated, please use 'mip_opt_gap_abs'.
WARNING:  Option 'mip_integral_gap_rel' deprecated, please use 'mip_opt_gap_rel'.
WARNING:  Option 'mip_integral_gap_abs' deprecated, please use 'mip_opt_gap_abs'.
WARNING:  Option 'mip_integral_gap_rel' deprecated, please use 'mip_opt_gap_rel'.
WARNING:  Option 'mip_integral_gap_abs' deprecated, please use 'mip_opt_gap_abs'.
WARNING:  Option 'mip_integral_gap_rel' deprecated, please use 'mip_opt_gap_rel'.
WARNING:  Option 'mip_integral_gap_abs' deprecated, please use 'mip_opt_gap_abs'.
WARNING:  Option 'mip_integral_gap_rel' deprecated, please use 'mip_opt_gap_rel'.
WARNING:  Option 'mip_integral_gap_abs' deprecated, please use 'mip_opt_gap_abs'.
WARNING:  Option 'mip_integral_gap_rel' deprecated, please use 'mip_opt_gap_rel'.
WARNING:  Option 'mip_integral_gap_abs' deprecated, please use 'mip_opt_gap_abs'.
WARNING:  Option 'mip_integral_gap_rel' deprecated, please use 'mip_opt_gap_rel'.
WARNING:  Option 'mip_integral_gap_abs' deprecated, please use 'mip_opt_gap_abs'.
WARNING:  Option 'mip_integral_gap_rel' deprecated, please use 'mip_opt_gap_rel'.
WARNING:  Option 'mip_integral_gap_abs' deprecated, please use 'mip_opt_gap_abs'.
WARNING:  Option 'mip_integral_gap_rel' deprecated, please use 'mip_opt_gap_rel'.
WARNING:  Option 'mip_integral_gap_abs' deprecated, please use 'mip_opt_gap_abs'.
WARNING:  Option 'mip_integral_gap_rel' deprecated, please use 'mip_opt_gap_rel'.
WARNING:  Option 'mip_integral_gap_abs' deprecated, please use 'mip_opt_gap_abs'.
WARNING:  Option 'mip_integral_gap_rel' deprecated, please use 'mip_opt_gap_rel'.
WARNING:  Option 'mip_integral_gap_abs' deprecated, please use 'mip_opt_gap_abs'.
WARNING:  Option 'mip_integral_gap_rel' deprecated, please use 'mip_opt_gap_rel'.
WARNING:  Option 'mip_integral_gap_abs' deprecated, please use 'mip_opt_gap_abs'.
WARNING:  Option 'mip_integral_gap_rel' deprecated, please use 'mip_opt_gap_rel'.
WARNING:  Option 'mip_integral_gap_abs' deprecated, please use 'mip_opt_gap_abs'.
WARNING:  Option 'mip_integral_gap_rel' deprecated, please use 'mip_opt_gap_rel'.
WARNING:  Option 'mip_integral_gap_abs' deprecated, please use 'mip_opt_gap_abs'.
WARNING:  Option 'mip_integral_gap_rel' deprecated, please use 'mip_opt_gap_rel'.
WARNING:  Option 'mip_integral_gap_abs' deprecated, please use 'mip_opt_gap_abs'.
WARNING:  Option 'mip_integral_gap_rel' deprecated, please use 'mip_opt_gap_rel'.
     912    8.999849e-01   0.000e+00   3.638e-03   4.455e-04        1
WARNING:  Option 'mip_integral_gap_abs' deprecated, please use 'mip_opt_gap_abs'.
WARNING:  Option 'mip_integral_gap_rel' deprecated, please use 'mip_opt_gap_rel'.
WARNING:  Option 'mip_integral_gap_abs' deprecated, please use 'mip_opt_gap_abs'.
WARNING:  Option 'mip_integral_gap_rel' deprecated, please use 'mip_opt_gap_rel'.
     913    9.001029e-01   0.000e+00   6.310e-03   6.341e-03        0
WARNING:  Option 'mip_integral_gap_abs' deprecated, please use 'mip_opt_gap_abs'.
WARNING:  Option 'mip_integral_gap_rel' deprecated, please use 'mip_opt_gap_rel'.
WARNING:  Option 'mip_integral_gap_abs' deprecated, please use 'mip_opt_gap_abs'.
WARNING:  Option 'mip_integral_gap_rel' deprecated, please use 'mip_opt_gap_rel'.
WARNING:  Option 'mip_integral_gap_abs' deprecated, please use 'mip_opt_gap_abs'.
WARNING:  Option 'mip_integral_gap_rel' deprecated, please use 'mip_opt_gap_rel'.
WARNING:  Option 'mip_integral_gap_abs' deprecated, please use 'mip_opt_gap_abs'.
WARNING:  Option 'mip_integral_gap_rel' deprecated, please use 'mip_opt_gap_rel'.
WARNING:  Option 'mip_integral_gap_abs' deprecated, please use 'mip_opt_gap_abs'.
WARNING:  Option 'mip_integral_gap_rel' deprecated, please use 'mip_opt_gap_rel'.
     914    9.001046e-01   0.000e+00   6.215e-03   1.452e-04        0
WARNING:  Option 'mip_integral_gap_abs' deprecated, please use 'mip_opt_gap_abs'.
WARNING:  Option 'mip_integral_gap_rel' deprecated, please use 'mip_opt_gap_rel'.
WARNING:  Option 'mip_integral_gap_abs' deprecated, please use 'mip_opt_gap_abs'.
WARNING:  Option 'mip_integral_gap_rel' deprecated, please use 'mip_opt_gap_rel'.
WARNING:  Option 'mip_integral_gap_abs' deprecated, please use 'mip_opt_gap_abs'.
WARNING:  Option 'mip_integral_gap_rel' deprecated, please use 'mip_opt_gap_rel'.
WARNING:  Option 'mip_integral_gap_abs' deprecated, please use 'mip_opt_gap_abs'.
WARNING:  Option 'mip_integral_gap_rel' deprecated, please use 'mip_opt_gap_rel'.
WARNING:  Option 'mip_integral_gap_abs' deprecated, please use 'mip_opt_gap_abs'.
WARNING:  Option 'mip_integral_gap_rel' deprecated, please use 'mip_opt_gap_rel'.
WARNING:  Option 'mip_integral_gap_abs' deprecated, please use 'mip_opt_gap_abs'.
WARNING:  Option 'mip_integral_gap_rel' deprecated, please use 'mip_opt_gap_rel'.
WARNING:  Option 'mip_integral_gap_abs' deprecated, please use 'mip_opt_gap_abs'.
WARNING:  Option 'mip_integral_gap_rel' deprecated, please use 'mip_opt_gap_rel'.
WARNING:  Option 'mip_integral_gap_abs' deprecated, please use 'mip_opt_gap_abs'.
WARNING:  Option 'mip_integral_gap_rel' deprecated, please use 'mip_opt_gap_rel'.
WARNING:  Option 'mip_integral_gap_abs' deprecated, please use 'mip_opt_gap_abs'.
WARNING:  Option 'mip_integral_gap_rel' deprecated, please use 'mip_opt_gap_rel'.
WARNING:  Option 'mip_integral_gap_abs' deprecated, please use 'mip_opt_gap_abs'.
WARNING:  Option 'mip_integral_gap_rel' deprecated, please use 'mip_opt_gap_rel'.
WARNING:  Option 'mip_integral_gap_abs' deprecated, please use 'mip_opt_gap_abs'.
WARNING:  Option 'mip_integral_gap_rel' deprecated, please use 'mip_opt_gap_rel'.
WARNING:  Option 'mip_integral_gap_abs' deprecated, please use 'mip_opt_gap_abs'.
WARNING:  Option 'mip_integral_gap_rel' deprecated, please use 'mip_opt_gap_rel'.
     915    9.001049e-01   0.000e+00   2.009e-02   6.695e-05        1
WARNING:  Option 'mip_integral_gap_abs' deprecated, please use 'mip_opt_gap_abs'.
WARNING:  Option 'mip_integral_gap_rel' deprecated, please use 'mip_opt_gap_rel'.
WARNING:  Option 'mip_integral_gap_abs' deprecated, please use 'mip_opt_gap_abs'.
WARNING:  Option 'mip_integral_gap_rel' deprecated, please use 'mip_opt_gap_rel'.
     916    9.001133e-01   0.000e+00   5.948e-03   1.655e-03        0
WARNING:  Option 'mip_integral_gap_abs' deprecated, please use 'mip_opt_gap_abs'.
WARNING:  Option 'mip_integral_gap_rel' deprecated, please use 'mip_opt_gap_rel'.
WARNING:  Option 'mip_integral_gap_abs' deprecated, please use 'mip_opt_gap_abs'.
WARNING:  Option 'mip_integral_gap_rel' deprecated, please use 'mip_opt_gap_rel'.
WARNING:  Option 'mip_integral_gap_abs' deprecated, please use 'mip_opt_gap_abs'.
WARNING:  Option 'mip_integral_gap_rel' deprecated, please use 'mip_opt_gap_rel'.
WARNING:  Option 'mip_integral_gap_abs' deprecated, please use 'mip_opt_gap_abs'.
WARNING:  Option 'mip_integral_gap_rel' deprecated, please use 'mip_opt_gap_rel'.
WARNING:  Option 'mip_integral_gap_abs' deprecated, please use 'mip_opt_gap_abs'.
WARNING:  Option 'mip_integral_gap_rel' deprecated, please use 'mip_opt_gap_rel'.
WARNING:  Option 'mip_integral_gap_abs' deprecated, please use 'mip_opt_gap_abs'.
WARNING:  Option 'mip_integral_gap_rel' deprecated, please use 'mip_opt_gap_rel'.
WARNING:  Option 'mip_integral_gap_abs' deprecated, please use 'mip_opt_gap_abs'.
WARNING:  Option 'mip_integral_gap_rel' deprecated, please use 'mip_opt_gap_rel'.
WARNING:  Option 'mip_integral_gap_abs' deprecated, please use 'mip_opt_gap_abs'.
WARNING:  Option 'mip_integral_gap_rel' deprecated, please use 'mip_opt_gap_rel'.
WARNING:  Option 'mip_integral_gap_abs' deprecated, please use 'mip_opt_gap_abs'.
WARNING:  Option 'mip_integral_gap_rel' deprecated, please use 'mip_opt_gap_rel'.
WARNING:  Option 'mip_integral_gap_abs' deprecated, please use 'mip_opt_gap_abs'.
WARNING:  Option 'mip_integral_gap_rel' deprecated, please use 'mip_opt_gap_rel'.
WARNING:  Option 'mip_integral_gap_abs' deprecated, please use 'mip_opt_gap_abs'.
WARNING:  Option 'mip_integral_gap_rel' deprecated, please use 'mip_opt_gap_rel'.
WARNING:  Option 'mip_integral_gap_abs' deprecated, please use 'mip_opt_gap_abs'.
WARNING:  Option 'mip_integral_gap_rel' deprecated, please use 'mip_opt_gap_rel'.
WARNING:  Option 'mip_integral_gap_abs' deprecated, please use 'mip_opt_gap_abs'.
WARNING:  Option 'mip_integral_gap_rel' deprecated, please use 'mip_opt_gap_rel'.
WARNING:  Option 'mip_integral_gap_abs' deprecated, please use 'mip_opt_gap_abs'.
WARNING:  Option 'mip_integral_gap_rel' deprecated, please use 'mip_opt_gap_rel'.
WARNING:  Option 'mip_integral_gap_abs' deprecated, please use 'mip_opt_gap_abs'.
WARNING:  Option 'mip_integral_gap_rel' deprecated, please use 'mip_opt_gap_rel'.
WARNING:  Option 'mip_integral_gap_abs' deprecated, please use 'mip_opt_gap_abs'.
WARNING:  Option 'mip_integral_gap_rel' deprecated, please use 'mip_opt_gap_rel'.
WARNING:  Option 'mip_integral_gap_abs' deprecated, please use 'mip_opt_gap_abs'.
WARNING:  Option 'mip_integral_gap_rel' deprecated, please use 'mip_opt_gap_rel'.
WARNING:  Option 'mip_integral_gap_abs' deprecated, please use 'mip_opt_gap_abs'.
WARNING:  Option 'mip_integral_gap_rel' deprecated, please use 'mip_opt_gap_rel'.
WARNING:  Option 'mip_integral_gap_abs' deprecated, please use 'mip_opt_gap_abs'.
WARNING:  Option 'mip_integral_gap_rel' deprecated, please use 'mip_opt_gap_rel'.
WARNING:  Option 'mip_integral_gap_abs' deprecated, please use 'mip_opt_gap_abs'.
WARNING:  Option 'mip_integral_gap_rel' deprecated, please use 'mip_opt_gap_rel'.
     917    9.001133e-01   0.000e+00   6.040e-03   2.102e-05        1
WARNING:  Option 'mip_integral_gap_abs' deprecated, please use 'mip_opt_gap_abs'.
WARNING:  Option 'mip_integral_gap_rel' deprecated, please use 'mip_opt_gap_rel'.
WARNING:  Option 'mip_integral_gap_abs' deprecated, please use 'mip_opt_gap_abs'.
WARNING:  Option 'mip_integral_gap_rel' deprecated, please use 'mip_opt_gap_rel'.
     918    9.001116e-01   0.000e+00   8.355e-03   1.916e-04        1
WARNING:  Option 'mip_integral_gap_abs' deprecated, please use 'mip_opt_gap_abs'.
WARNING:  Option 'mip_integral_gap_rel' deprecated, please use 'mip_opt_gap_rel'.
WARNING:  Option 'mip_integral_gap_abs' deprecated, please use 'mip_opt_gap_abs'.
WARNING:  Option 'mip_integral_gap_rel' deprecated, please use 'mip_opt_gap_rel'.
WARNING:  Option 'mip_integral_gap_abs' deprecated, please use 'mip_opt_gap_abs'.
WARNING:  Option 'mip_integral_gap_rel' deprecated, please use 'mip_opt_gap_rel'.
WARNING:  Option 'mip_integral_gap_abs' deprecated, please use 'mip_opt_gap_abs'.
WARNING:  Option 'mip_integral_gap_rel' deprecated, please use 'mip_opt_gap_rel'.
     919    9.001110e-01   0.000e+00   2.806e-02   4.478e-05        0
WARNING:  Option 'mip_integral_gap_abs' deprecated, please use 'mip_opt_gap_abs'.
WARNING:  Option 'mip_integral_gap_rel' deprecated, please use 'mip_opt_gap_rel'.
WARNING:  Option 'mip_integral_gap_abs' deprecated, please use 'mip_opt_gap_abs'.
WARNING:  Option 'mip_integral_gap_rel' deprecated, please use 'mip_opt_gap_rel'.
WARNING:  Option 'mip_integral_gap_abs' deprecated, please use 'mip_opt_gap_abs'.
WARNING:  Option 'mip_integral_gap_rel' deprecated, please use 'mip_opt_gap_rel'.
WARNING:  Option 'mip_integral_gap_abs' deprecated, please use 'mip_opt_gap_abs'.
WARNING:  Option 'mip_integral_gap_rel' deprecated, please use 'mip_opt_gap_rel'.
WARNING:  Option 'mip_integral_gap_abs' deprecated, please use 'mip_opt_gap_abs'.
WARNING:  Option 'mip_integral_gap_rel' deprecated, please use 'mip_opt_gap_rel'.
WARNING:  Option 'mip_integral_gap_abs' deprecated, please use 'mip_opt_gap_abs'.
WARNING:  Option 'mip_integral_gap_rel' deprecated, please use 'mip_opt_gap_rel'.

EXIT: Time limit reached. Current point is feasible.

Final Statistics
----------------
Final objective value               =   9.00111044554249e-01
Final feasibility error (abs / rel) =   0.00e+00 / 0.00e+00
Final optimality error  (abs / rel) =   2.81e-02 / 2.81e-02
# of iterations                     =        919 
# of CG iterations                  =       2232 
# of function evaluations           =       4406
# of gradient evaluations           =        920
Total program time (secs)           =     120.00912 (   306.024 CPU time)
Time spent in evaluations (secs)    =     114.78979

===============================================================================

