idx,kind,gamma_focal_prime,Delta,feasible,inner_status,gravity_value
1,F,0.9609650007465946,0.0010029941762691214,true,0,-6.992571199895687e-18
2,G+,0.9709650007465946,0.03207193229632861,true,0,-6.992571199895687e-18
3,G-,0.9509650007465946,0.024374253441225062,true,0,-6.992571199895687e-18
4,G+,0.9609650007465946,0.0013265059957249415,true,0,-4.39440693035531e-18
5,G-,0.9609650007465946,0.0020000616932650526,true,0,-6.10202535201998e-18
6,G+,0.9609650007465946,0.0011525829706142215,true,0,-6.965998958219366e-18
7,G-,0.9609650007465946,0.001173459482672628,true,0,-5.4667506415792544e-18
8,G+,0.9609650007465946,0.0015227530518565834,true,0,-4.689174395999807e-18
9,G-,0.9609650007465946,0.002078733352478511,true,0,-6.323524467726979e-18
10,G+,0.9609650007465946,0.000979792429483933,true,0,-5.1088792213643125e-18
11,G-,0.9609650007465946,0.0010562166040006596,true,0,-5.188923834879844e-18
12,G+,0.9609650007465946,0.0011660556389156598,true,0,-6.7923572040322344e-18
13,G-,0.9609650007465946,0.0008946614335546499,true,0,-5.409999434113216e-18
14,G+,0.9609650007465946,0.0010702700489887693,true,0,-6.083390627180385e-18
15,G-,0.9609650007465946,0.0011101255110521472,true,0,-6.325642050095115e-18
16,G+,0.9609650007465946,0.001090238802953586,true,0,-7.960415638295915e-18
17,G-,0.9609650007465946,0.0009622411978362941,true,0,-6.635656108790189e-18
18,G+,0.9609650007465946,0.0010749335243080715,true,0,-7.041384890524999e-18
19,G-,0.9609650007465946,0.0009421915513053454,true,0,-6.7559347873002995e-18
20,G+,0.9609650007465946,0.001670980186316868,true,0,-4.6887508795261795e-18
21,G-,0.9609650007465946,0.0016182171402580284,true,0,-5.8932317305217946e-18
22,G+,0.9609650007465946,0.0011721264855404612,true,0,-7.962109704190423e-18
23,G-,0.9609650007465946,0.0010435636299544926,true,0,-7.218414776501147e-18
24,G+,0.9609650007465946,0.0018705946411003262,true,0,-5.193158999616115e-18
25,G-,0.9609650007465946,0.0016727510087268407,true,0,-5.570088661144279e-18
26,G+,0.9609650007465946,0.001025807417278245,true,0,-6.43194468497553e-18
27,G-,0.9609650007465946,0.0010024350729592611,true,0,-5.5683945952497704e-18
28,G+,0.9609650007465946,0.0009952467365300433,true,0,-4.0200183676689094e-18
29,G-,0.9609650007465946,0.0009951219649436773,true,0,-3.9590319954666e-18
30,G+,0.9609650007465946,0.0009629505049907558,true,0,-6.5755167695351335e-18
31,G-,0.9609650007465946,0.0010306100881371835,true,0,-7.116770822830631e-18
32,G+,0.9609650007465946,0.0010337473074853454,true,0,-7.22921444657864e-18
33,G-,0.9609650007465946,0.0009446879596790265,true,0,-5.275109437262969e-18
34,F,0.8533077873854227,NaN,false,-300,NaN
35,F,0.9071363940660087,1.2974857877248935,false,0,-5.263462734238222e-18
36,F,0.9340506974063016,0.2016848167527981,true,0,-7.311482521580714e-18
37,G+,0.9440506974063017,0.07282931748689628,true,0,-7.311482521580714e-18
38,G-,0.9240506974063016,0.42742357946289555,true,0,-7.311482521580714e-18
39,G+,0.9340506974063016,0.2032112687156582,true,0,-8.507598922222193e-18
40,G-,0.9340506974063016,0.20155938809011748,true,0,-6.422203806082105e-18
41,G+,0.9340506974063016,0.20159050425768069,true,0,-8.488117164435344e-18
42,G-,0.9340506974063016,0.2017953773040662,true,0,-5.3261431723350405e-18
43,G+,0.9340506974063016,0.2030937628808796,true,0,-9.958142844395182e-18
44,G-,0.9340506974063016,0.2022603322003328,true,0,-9.171672752869564e-18
45,G+,0.9340506974063016,0.20229326658655608,true,0,-7.375115871743193e-18
46,G-,0.9340506974063016,0.20092620819134366,true,0,-7.897735200199096e-18
47,G+,0.9340506974063016,0.20101594757448657,true,0,-7.991755857344324e-18
48,G-,0.9340506974063016,0.20167454169124222,true,0,-8.944667923005412e-18
49,G+,0.9340506974063016,0.20506510446024068,true,0,-7.472524660677438e-18
50,G-,0.9340506974063016,0.19818528206826752,true,0,-7.989214758502561e-18
51,G+,0.9340506974063016,0.20108609199731584,true,0,-9.066640667410031e-18
52,G-,0.9340506974063016,0.20284552160120603,true,0,-6.7813457757179285e-18
53,G+,0.9340506974063016,0.20114921290782667,true,0,-6.580598967218659e-18
54,G-,0.9340506974063016,0.20216863042118755,true,0,-8.38308507897581e-18
55,G+,0.9340506974063016,0.20210622644109832,true,0,-1.0244016464093508e-17
56,G-,0.9340506974063016,0.20279476107524144,true,0,-8.880716935487712e-18
57,G+,0.9340506974063016,0.2016151956956247,true,0,-9.507944832929521e-18
58,G-,0.9340506974063016,0.2023467007973316,true,0,-6.63396204289568e-18
59,G+,0.9340506974063016,0.20319320414779463,true,0,-6.5272358915416384e-18
60,G-,0.9340506974063016,0.20252021106228854,true,0,-7.970580033662966e-18
61,G+,0.9340506974063016,0.20229386181651718,true,0,-7.627531690024975e-18
62,G-,0.9340506974063016,0.20114918009752739,true,0,-9.507097799982267e-18
63,G+,0.9340506974063016,0.202634092732211,true,0,-6.143106449961813e-18
64,G-,0.9340506974063016,0.2008161158132361,true,0,-7.534358065827002e-18
65,G+,0.9340506974063016,0.2010902724807403,true,0,-6.583140066060422e-18
66,G-,0.9340506974063016,0.2019102290892346,true,0,-4.73322010925703e-18
67,G+,0.9340506974063016,0.20237439117000927,true,0,-6.749582040195892e-18
68,G-,0.9340506974063016,0.2010990289424857,true,0,-6.877695773468105e-18
69,F,0.9254611940242147,0.37658047944088296,true,0,-6.085084693074894e-18
70,G+,0.9354611940242147,0.17186645288926197,true,0,-6.085084693074894e-18
71,G-,0.9154611940242147,0.7288402593453411,true,0,-6.085084693074894e-18
72,G+,0.9254611940242147,0.3770151687276303,true,0,-8.206055192999662e-18
73,G-,0.9254611940242147,0.37752255432230003,true,0,-5.820810413531552e-18
74,G+,0.9254611940242147,0.3762523572164326,true,0,-5.959723816881257e-18
75,G-,0.9254611940242147,0.37698255035860034,true,0,-5.764906239012768e-18
76,G+,0.9254611940242147,0.3765060858992739,true,0,-4.4689458297136886e-18
77,G-,0.9254611940242147,0.3783928219460059,true,0,-7.375962904690447e-18
78,G+,0.9254611940242147,0.3775310962841466,true,0,-8.006155417447647e-18
79,G-,0.9254611940242147,0.37515196400901063,true,0,-6.4205097401875966e-18
80,G+,0.9254611940242147,0.3756987220433242,true,0,-6.061367770551773e-18
81,G-,0.9254611940242147,0.377763657407398,true,0,-5.092362078892854e-18
82,G+,0.9254611940242147,0.38161932073516885,true,0,-6.672925558469378e-18
83,G-,0.9254611940242147,0.37204115837189516,true,0,-6.6542908336297835e-18
84,G+,0.9254611940242147,0.3747712103005463,true,0,-7.450501804048826e-18
85,G-,0.9254611940242147,0.37800112481657705,true,0,-6.784733907506946e-18
86,G+,0.9254611940242147,0.3759873446055643,true,0,-5.353248226647178e-18
87,G-,0.9254611940242147,0.3769476588646091,true,0,-7.921452122722217e-18
88,G+,0.9254611940242147,0.37738948223866375,true,0,-9.784924606681678e-18
89,G-,0.9254611940242147,0.3766621629688917,true,0,-7.379351036479465e-18
90,G+,0.9254611940242147,0.3769776067701538,true,0,-7.162510601982364e-18
91,G-,0.9254611940242147,0.37614685622575833,true,0,-6.05289744107923e-18
92,G+,0.9254611940242147,0.37915571450268226,true,0,-6.915176981384108e-18
93,G-,0.9254611940242147,0.37611573662737774,true,0,-8.199278929421627e-18
94,G+,0.9254611940242147,0.37766527043777354,true,0,-8.856576496490964e-18
95,G-,0.9254611940242147,0.3750797923037471,true,0,-3.713392440762853e-18
96,G+,0.9254611940242147,0.3776006269989201,true,0,-7.643625316022806e-18
97,G-,0.9254611940242147,0.37545562284915623,true,0,-6.788122039295963e-18
98,G+,0.9254611940242147,0.37583198191579753,true,0,-5.3600244902252125e-18
99,G-,0.9254611940242147,0.37719237965662034,true,0,-8.344968596349367e-18
100,G+,0.9254611940242147,0.377767162794142,true,0,-6.799980500557523e-18
101,G-,0.9254611940242147,0.3753336554705969,true,0,-3.4931638744767346e-18
102,F,0.903492815529655,1.5284398566056139,false,0,-3.5914196963582334e-18
103,F,0.9178355719531989,0.6016082744220344,true,0,-5.183841637196318e-18
104,G+,0.9278355719531989,0.3038734887394243,true,0,-5.183841637196318e-18
105,G-,0.9078355719531989,1.154144692513487,false,0,-5.183841637196318e-18
106,G+,0.9178355719531989,0.6033863964705268,true,0,-8.863352760068999e-18
107,G-,0.9178355719531989,0.6012598599643303,true,0,-5.597193715456417e-18
108,G+,0.9178355719531989,0.6016726505533198,true,0,-6.938893903907228e-18
109,G-,0.9178355719531989,0.6016246216270766,true,0,-7.88079454125401e-18
110,G+,0.9178355719531989,0.6021748394671567,true,0,-5.312590645178972e-18
111,G-,0.9178355719531989,0.6019206565947373,true,0,-6.715277205832093e-18
112,G+,0.9178355719531989,0.6036359629300154,true,0,-8.212831456577696e-18
113,G-,0.9178355719531989,0.5983590889382581,true,0,-5.698837669126933e-18
114,G+,0.9178355719531989,0.5998497626127778,true,0,-6.572975670693371e-18
115,G-,0.9178355719531989,0.6037168285326091,true,0,-7.792703114739563e-18
116,G+,0.9178355719531989,0.6068719598019149,true,0,-6.105413483808997e-18
117,G-,0.9178355719531989,0.5953844102261461,true,0,-6.044427111606687e-18
118,G+,0.9178355719531989,0.5990442558580567,true,0,-9.175060884658581e-18
119,G-,0.9178355719531989,0.6040273902394612,true,0,-5.5768649247223134e-18
120,G+,0.9178355719531989,0.5997454800791531,true,0,-6.647514570051749e-18
121,G-,0.9178355719531989,0.6021111959974852,true,0,-5.800481622797449e-18
122,G+,0.9178355719531989,0.6017707924341238,true,0,-5.698837669126933e-18
123,G-,0.9178355719531989,0.6034256527340384,true,0,-7.399679827213568e-18
124,G+,0.9178355719531989,0.6015511073002995,true,0,-8.429671891074797e-18
125,G-,0.9178355719531989,0.601981532823862,true,0,-5.563312397566245e-18
126,G+,0.9178355719531989,0.6034636659998638,true,0,-6.0986372202309624e-18
127,G-,0.9178355719531989,0.6027876546358495,true,0,-7.020209066843641e-18
128,G+,0.9178355719531989,0.6044316129528189,true,0,-5.0889739471038364e-18
129,G-,0.9178355719531989,0.600369279713415,true,0,-7.738493006115288e-18
130,G+,0.9178355719531989,0.6036129689797551,true,0,-7.48099499014998e-18
131,G-,0.9178355719531989,0.59990484859151,true,0,-4.438452643612534e-18
132,G+,0.9178355719531989,0.6011580714173202,true,0,-7.020209066843641e-18
133,G-,0.9178355719531989,0.6029999052114947,true,0,-5.820810413531552e-18
134,G+,0.9178355719531989,0.6039032381154266,true,0,-4.784042086092288e-18
135,G-,0.9178355719531989,0.6001320167557194,true,0,-5.9969932665604464e-18
136,F,0.9096313029920153,0.9525553059844809,true,0,-8.199278929421627e-18
137,G+,0.9196313029920153,0.49843073566666785,true,0,-8.199278929421627e-18
138,G-,0.8996313029920153,2.1213297048625908,false,0,-8.199278929421627e-18
139,G+,0.9096313029920153,0.9543834819457544,true,0,-7.874018277675976e-18
140,G-,0.9096313029920153,0.9531938495401939,true,0,-9.446111427779957e-18
141,G+,0.9096313029920153,0.9524330918802124,true,0,-5.8817967857338616e-18
142,G-,0.9096313029920153,0.953073046068823,true,0,-8.334804200982315e-18
143,G+,0.9096313029920153,0.9530480056699009,true,0,-8.592302216947623e-18
144,G-,0.9096313029920153,0.9554801366790318,true,0,-8.592302216947623e-18
145,G+,0.9096313029920153,0.9575302340831141,true,0,-8.632959798415829e-18
146,G-,0.9096313029920153,0.9497685732567982,true,0,-7.521652571618187e-18
147,G+,0.9096313029920153,0.9490643025758526,true,0,-5.6107462426124854e-18
148,G-,0.9096313029920153,0.9559887465977502,true,0,-8.239936510889834e-18
149,G+,0.9096313029920153,0.9618111964389265,true,0,-6.572975670693371e-18
150,G-,0.9096313029920153,0.9435351671546395,true,0,-8.822695178600792e-18
151,G+,0.9096313029920153,0.9485687082796251,true,0,-7.49454751730605e-18
152,G-,0.9096313029920153,0.9570564035009731,true,0,-5.8817967857338616e-18
153,G+,0.9096313029920153,0.9494252559748898,true,0,-1.0069527676959122e-17
154,G-,0.9096313029920153,0.9559513844495331,true,0,-7.453889935837843e-18
155,G+,0.9096313029920153,0.9539849711514431,true,0,-8.72782748850831e-18
156,G-,0.9096313029920153,0.9526366431865946,true,0,-8.456776945386935e-18
157,G+,0.9096313029920153,0.953385593639995,true,0,-8.036648603548802e-18
158,G-,0.9096313029920153,0.9518977022643585,true,0,-7.37257477290143e-18
159,G+,0.9096313029920153,0.9557332717335668,true,0,-8.294146619514109e-18
160,G-,0.9096313029920153,0.9520615462940325,true,0,-1.1248597539537109e-17
161,G+,0.9096313029920153,0.9552748435013321,true,0,-9.75781955236954e-18
162,G-,0.9096313029920153,0.9506630429133887,true,0,-9.215718466126788e-18
163,G+,0.9096313029920153,0.9554513179965209,true,0,-8.985325504473618e-18
164,G-,0.9096313029920153,0.949841797800755,true,0,-7.724940478959219e-18
165,G+,0.9096313029920153,0.9523429681649036,true,0,-9.744267025213471e-18
166,G-,0.9096313029920153,0.9541342877858385,true,0,-6.762711050878334e-18
167,G+,0.9096313029920153,0.9556564855465082,true,0,-8.239936510889834e-18
168,G-,0.9096313029920153,0.9501391371308103,true,0,-8.361909255294453e-18
169,F,0.908677361785851,0.9827382707459322,true,0,-2.4936649967166602e-18
170,G+,0.918677361785851,0.513537279414551,true,0,-2.4936649967166602e-18
171,G-,0.898677361785851,2.255150291708213,false,0,-2.4936649967166602e-18
172,G+,0.908677361785851,0.9857577387260794,true,0,-4.933119884809045e-18
173,G-,0.908677361785851,0.9821179771045877,true,0,-7.630072788866737e-18
174,G+,0.908677361785851,0.9834174335506937,true,0,-5.380353280959316e-18
175,G-,0.908677361785851,0.9828925859818721,true,0,-4.269046054161674e-18
176,G+,0.908677361785851,0.9846487831199009,true,0,-4.472333961502706e-18
177,G-,0.908677361785851,0.9835917270638088,true,0,-5.312590645178972e-18
178,G+,0.908677361785851,0.9859017552863457,true,0,-2.5614276324970042e-18
179,G-,0.908677361785851,0.9802910526125724,true,0,-6.572975670693371e-18
180,G+,0.908677361785851,0.9788400236518231,true,0,-5.4616684438957286e-18
181,G-,0.908677361785851,0.9872262343016895,true,0,-3.9979955110402976e-18
182,G+,0.908677361785851,0.9918717519866646,true,0,-2.7511630126819675e-18
183,G-,0.908677361785851,0.9745924661915498,true,0,-8.876905287225068e-18
184,G+,0.908677361785851,0.9795009248272909,true,0,-3.279711571768651e-18
185,G-,0.908677361785851,0.9865950866587034,true,0,-5.583641188300348e-18
186,G+,0.908677361785851,0.9806114745088903,true,0,-5.9495594215142056e-18
187,G-,0.908677361785851,0.9862407080700171,true,0,-3.3745792618611326e-18
188,G+,0.908677361785851,0.9831691580758333,true,0,-4.052205619664573e-18
189,G-,0.908677361785851,0.9845100369112911,true,0,-5.312590645178972e-18
190,G+,0.908677361785851,0.9837022989978621,true,0,-3.130633773051894e-18
191,G-,0.908677361785851,0.982548844436928,true,0,-5.299038118022903e-18
192,G+,0.908677361785851,0.9848906467082696,true,0,-6.139294801699169e-18
193,G-,0.908677361785851,0.9832489162881193,true,0,-6.1257422745431e-18
194,G+,0.908677361785851,0.9853464209362917,true,0,-2.72405795836983e-18
195,G-,0.908677361785851,0.9807780172477364,true,0,-3.198396408832238e-18
196,G+,0.908677361785851,0.9859098103515785,true,0,-1.81603863891322e-18
197,G-,0.908677361785851,0.980417912590228,true,0,-6.627185779317646e-18
198,G+,0.908677361785851,0.982581264909777,true,0,-5.705613932704967e-18
199,G-,0.908677361785851,0.9842872468173373,true,0,-3.3068166260807885e-18
200,G+,0.908677361785851,0.9859788577732965,true,0,-3.1848438816761693e-18
201,G-,0.908677361785851,0.9802168009710911,true,0,-2.9544509200229996e-18
202,F,0.9056037963864164,1.0120892022854584,false,0,-7.643625316022806e-18
203,F,0.9058806206721175,0.9952010936145065,true,0,-5.204170427930421e-18
204,G+,0.9158806206721175,0.5439663885847492,true,0,-5.204170427930421e-18
205,G-,0.8958806206721175,2.319818541247213,false,0,-5.204170427930421e-18
206,G+,0.9058806206721175,0.9820787880103703,true,0,-5.095750210681871e-18
207,G-,0.9058806206721175,1.0105117978573714,false,0,-5.2583805365546965e-18
208,G+,0.9058806206721175,0.991451664000869,true,0,-6.559423143537302e-18
209,G-,0.9058806206721175,0.9987757668291017,true,0,-4.445228907190568e-18
210,G+,0.9058806206721175,0.9827069539576124,true,0,-5.5294310796760726e-18
211,G-,0.9058806206721175,1.0087508338440774,false,0,-6.071532165918825e-18
212,G+,0.9058806206721175,0.9965138047523882,true,0,-5.854691731421724e-18
213,G-,0.9058806206721175,0.9932763077474827,true,0,-3.903127820947816e-18
214,G+,0.9058806206721175,0.9915838391221217,true,0,-6.830473686658678e-18
215,G-,0.9058806206721175,0.9985311238996785,true,0,-4.445228907190568e-18
216,G+,0.9058806206721175,1.0014805130272253,false,0,-2.4936649967166602e-18
217,G-,0.9058806206721175,0.9899271286096027,true,0,-4.607859233063394e-18
218,G+,0.9058806206721175,0.991847671686746,true,0,-6.1257422745431e-18
219,G-,0.9058806206721175,0.9989360781645005,true,0,-3.469446951953614e-18
220,G+,0.9058806206721175,0.9927847091749032,true,0,-3.903127820947816e-18
221,G-,0.9058806206721175,0.9976872376234959,true,0,-7.15573433840433e-18
222,G+,0.9058806206721175,1.0096370736547673,false,0,-4.933119884809045e-18
223,G-,0.9058806206721175,0.9840207650390579,true,0,-5.854691731421724e-18
224,G+,0.9058806206721175,1.0008575799218988,false,0,-5.908901840045999e-18
225,G-,0.9058806206721175,0.9896171765554845,true,0,-7.48099499014998e-18
226,G+,0.9058806206721175,1.0124371142959236,false,0,-2.3310346708438345e-18
227,G-,0.9058806206721175,0.9814124425463764,true,0,-3.469446951953614e-18
228,G+,0.9058806206721175,0.9983560185217983,true,0,-5.095750210681871e-18
229,G-,0.9058806206721175,0.9911979771976358,true,0,-6.613633252161577e-18
230,G+,0.9058806206721175,0.9977807093170376,true,0,-4.716279450311944e-18
231,G-,0.9058806206721175,0.9920124080751193,true,0,-6.884683795282953e-18
232,G+,0.9058806206721175,0.9943022467189219,true,0,-3.74049749507499e-18
233,G-,0.9058806206721175,0.9949664129076728,true,0,-6.776263578034403e-18
234,G+,0.9058806206721175,0.9978064616666691,true,0,-3.903127820947816e-18
235,G-,0.9058806206721175,0.991511550710986,true,0,-6.288372600415926e-18
236,F,0.8806148783604507,NaN,false,-300,NaN
237,F,0.8932477495162842,1.3692331835753104,false,0,-5.421010862427522e-18
238,F,0.8995641850942008,0.952819339803268,true,0,-8.348356728138384e-18
239,G+,0.9095641850942008,0.5909123303708232,true,0,-8.348356728138384e-18
240,G-,0.8895641850942008,2.1863930235273923,false,0,-8.348356728138384e-18
241,G+,0.8995641850942008,0.9527833887841605,true,0,-7.15573433840433e-18
242,G-,0.8995641850942008,0.9542900141111118,true,0,-4.445228907190568e-18
243,G+,0.8995641850942008,0.9556829242935,true,0,-6.938893903907228e-18
244,G-,0.8995641850942008,0.9509417543715246,true,0,-6.7220534694101275e-18
245,G+,0.8995641850942008,0.9555685764097311,true,0,-7.37257477290143e-18
246,G-,0.8995641850942008,0.9528227517706436,true,0,-8.023096076392733e-18
247,G+,0.8995641850942008,0.955723626879216,true,0,-4.87890977618477e-18
248,G-,0.8995641850942008,0.9483857024712489,true,0,-7.047314121155779e-18
249,G+,0.8995641850942008,0.9507512860229494,true,0,-6.7220534694101275e-18
250,G-,0.8995641850942008,0.9537127270834246,true,0,-6.071532165918825e-18
251,G+,0.8995641850942008,0.950324916440578,true,0,-4.662069341687669e-18
252,G-,0.8995641850942008,0.9538475048111708,true,0,-6.830473686658678e-18
253,G+,0.8995641850942008,0.9506417073386391,true,0,-6.179952383167375e-18
254,G-,0.8995641850942008,0.954541791345244,true,0,-5.7462715141731735e-18
255,G+,0.8995641850942008,0.9506314378814884,true,0,-7.806255641895632e-18
256,G-,0.8995641850942008,0.9549061775574161,true,0,-4.553649124439119e-18
257,G+,0.8995641850942008,0.9528021237602207,true,0,-7.589415207398531e-18
258,G-,0.8995641850942008,0.9547580610952509,true,0,-7.047314121155779e-18
259,G+,0.8995641850942008,0.9534690748235503,true,0,-5.312590645178972e-18
260,G-,0.8995641850942008,0.9525530943840848,true,0,-5.9631119486702744e-18
261,G+,0.8995641850942008,0.9522762893880451,true,0,-8.673617379884035e-18
262,G-,0.8995641850942008,0.9563515027130406,true,0,-8.673617379884035e-18
263,G+,0.8995641850942008,0.95501202624021,true,0,-5.204170427930421e-18
264,G-,0.8995641850942008,0.9507908380166207,true,0,-5.095750210681871e-18
265,G+,0.8995641850942008,0.9557029739558163,true,0,-5.095750210681871e-18
266,G-,0.8995641850942008,0.9500852766364746,true,0,-6.071532165918825e-18
267,G+,0.8995641850942008,0.9536830007979117,true,0,-7.697835424647081e-18
268,G-,0.8995641850942008,0.9521020575104042,true,0,-4.662069341687669e-18
269,G+,0.8995641850942008,0.9555734475350421,true,0,-4.445228907190568e-18
270,G-,0.8995641850942008,0.9502011686046647,true,0,-4.553649124439119e-18
271,F,0.8915624896639566,1.4610048578213923,false,0,-4.391018798566293e-18
272,F,0.8978804419311098,0.9770993988210122,true,0,-4.391018798566293e-18
273,G+,0.9078804419311098,0.681716728575014,true,0,-4.391018798566293e-18
274,G-,0.8878804419311098,1.718510349889141,false,0,-4.391018798566293e-18
275,G+,0.8978804419311098,0.9730098198426662,true,0,-6.559423143537302e-18
276,G-,0.8978804419311098,0.9844996034565222,true,0,-3.469446951953614e-18
277,G+,0.8978804419311098,0.9725010454048647,true,0,-5.312590645178972e-18
278,G-,0.8978804419311098,0.981886446599378,true,0,-6.938893903907228e-18
279,G+,0.8978804419311098,0.9713632437875697,true,0,-4.336808689942018e-18
280,G-,0.8978804419311098,0.9858160951441248,true,0,-7.15573433840433e-18
281,G+,0.8978804419311098,0.9750261025459507,true,0,-6.884683795282953e-18
282,G-,0.8978804419311098,0.9790909492990754,true,0,-4.0115480381963664e-18
283,G+,0.8978804419311098,0.9821925744352652,true,0,-4.9873299934333204e-18
284,G-,0.8978804419311098,0.9731711315304916,true,0,-7.15573433840433e-18
285,G+,0.8978804419311098,0.9864960742156452,true,0,-6.0173220572945496e-18
286,G-,0.8978804419311098,0.970778605643046,true,0,-6.776263578034403e-18
287,G+,0.8978804419311098,0.9786107672759712,true,0,-6.7220534694101275e-18
288,G-,0.8978804419311098,0.976194247918066,true,0,-5.2583805365546965e-18
289,G+,0.8978804419311098,0.9790980598047407,true,0,-3.686287386450715e-18
290,G-,0.8978804419311098,0.9762220175747774,true,0,-3.0899761915836876e-18
291,G+,0.8978804419311098,0.9847759893429137,true,0,-4.0115480381963664e-18
292,G-,0.8978804419311098,0.9738410517431305,true,0,-6.993104012531504e-18
293,G+,0.8978804419311098,0.9774797877786068,true,0,-7.26415455565288e-18
294,G-,0.8978804419311098,0.976897035929404,true,0,-5.366800753803247e-18
295,G+,0.8978804419311098,0.9844734770648853,true,0,-6.993104012531504e-18
296,G-,0.8978804419311098,0.9714478330250933,true,0,-6.2341624917916505e-18
297,G+,0.8978804419311098,0.9760403376503644,true,0,-4.553649124439119e-18
298,G-,0.8978804419311098,0.9808218638079241,true,0,-6.342582709040201e-18
299,G+,0.8978804419311098,0.9755420997197546,true,0,-6.938893903907228e-18
300,G-,0.8978804419311098,0.9785477840239257,true,0,-5.421010862427522e-18
301,G+,0.8978804419311098,0.9759433572687007,true,0,-2.8189256484623115e-18
302,G-,0.8978804419311098,0.9783631135123243,true,0,-3.2526065174565133e-18
303,G+,0.8978804419311098,0.9760414988231235,true,0,-3.198396408832238e-18
304,G-,0.8978804419311098,0.9779934848736567,true,0,-6.396792817664476e-18
305,F,0.893857010685368,1.102383779429494,false,0,-5.7462715141731735e-18
306,F,0.8954206698057057,1.031241032907651,false,0,-4.662069341687669e-18
307,F,0.8958687263082389,1.003935421880235,false,0,-7.101524229780054e-18
308,F,0.8968745841196744,0.983600452122163,true,0,-4.4994390158148434e-18
309,G+,0.9068745841196744,0.6868532655324886,true,0,-4.4994390158148434e-18
310,G-,0.8868745841196743,1.780978003396624,false,0,-4.4994390158148434e-18
311,G+,0.8968745841196744,0.9807405777233689,true,0,-5.9631119486702744e-18
312,G-,0.8968745841196744,0.9885051711748412,true,0,-4.336808689942018e-18
313,G+,0.8968745841196744,0.9800806506993717,true,0,-4.174178364069192e-18
314,G-,0.8968745841196744,0.9872494398017345,true,0,-4.824699667560495e-18
315,G+,0.8968745841196744,0.9776932531574996,true,0,-6.071532165918825e-18
316,G-,0.8968745841196744,0.9921007243581896,true,0,-6.0173220572945496e-18
317,G+,0.8968745841196744,0.9819328158599341,true,0,-4.933119884809045e-18
318,G-,0.8968745841196744,0.9855117343269787,true,0,-3.957337929572091e-18
319,G+,0.8968745841196744,0.9862766284019543,true,0,-4.607859233063394e-18
320,G-,0.8968745841196744,0.9814586548181412,true,0,-5.2583805365546965e-18
321,G+,0.8968745841196744,0.985549109688533,true,0,-5.204170427930421e-18
322,G-,0.8968745841196744,0.9789945741435947,true,0,-3.7947076036992655e-18
323,G+,0.8968745841196744,0.986988152802288,true,0,-3.957337929572091e-18
324,G-,0.8968745841196744,0.980574624782609,true,0,-5.9631119486702744e-18
325,G+,0.8968745841196744,0.9832753914677498,true,0,-6.613633252161577e-18
326,G-,0.8968745841196744,0.9803386380678495,true,0,-6.1257422745431e-18
327,G+,0.8968745841196744,0.9919135555627142,true,0,-5.637851296924623e-18
328,G-,0.8968745841196744,0.9802947657510671,true,0,-6.2341624917916505e-18
329,G+,0.8968745841196744,0.9844384314885055,true,0,-4.391018798566293e-18
330,G-,0.8968745841196744,0.9831022997642418,true,0,-6.071532165918825e-18
331,G+,0.8968745841196744,0.99143248908455,true,0,-2.6020852139652106e-18
332,G-,0.8968745841196744,0.9781729161773838,true,0,-6.559423143537302e-18
333,G+,0.8968745841196744,0.9828914766455752,true,0,-6.2341624917916505e-18
334,G-,0.8968745841196744,0.9865857426692669,true,0,-4.824699667560495e-18
335,G+,0.8968745841196744,0.9823840011223497,true,0,-2.927345865710862e-18
336,G-,0.8968745841196744,0.9850382325456866,true,0,-1.8973538018496328e-18
337,G+,0.8968745841196744,0.9826373547750227,true,0,-6.1257422745431e-18
338,G-,0.8968745841196744,0.984719049576029,true,0,-6.0173220572945496e-18
339,G+,0.8968745841196744,0.9828484866216776,true,0,-6.5052130349130266e-18
340,G-,0.8968745841196744,0.9845295628624445,true,0,-3.577867169202165e-18
341,F,0.8930871233380364,1.1219269452168639,false,0,-2.710505431213761e-18
342,F,0.8945216779187052,1.0812371364263351,false,0,-5.637851296924623e-18
343,F,0.8949808537288554,1.0082394448154568,false,0,-4.662069341687669e-18
344,F,0.8959277189242648,0.979860596017008,true,0,-5.854691731421724e-18
345,G+,0.9059277189242648,0.6701940146075099,true,0,-5.854691731421724e-18
346,G-,0.8859277189242648,1.9659092177074196,false,0,-5.854691731421724e-18
347,G+,0.8959277189242648,0.9791784482518521,true,0,-5.637851296924623e-18
348,G-,0.8959277189242648,0.9828874517251388,true,0,-8.348356728138384e-18
349,G+,0.8959277189242648,0.9777271882198887,true,0,-7.426784881525705e-18
350,G-,0.8959277189242648,0.9819934202709273,true,0,-8.456776945386935e-18
351,G+,0.8959277189242648,0.9771665974538803,true,0,-7.535205098774256e-18
352,G-,0.8959277189242648,0.9850062979862494,true,0,-9.974659986866641e-18
353,G+,0.8959277189242648,0.978755111869482,true,0,-3.0899761915836876e-18
354,G-,0.8959277189242648,0.9840165886959608,true,0,-6.830473686658678e-18
355,G+,0.8959277189242648,0.9821883473557066,true,0,-7.643625316022806e-18
356,G-,0.8959277189242648,0.9794463370907673,true,0,-8.782037597132586e-18
357,G+,0.8959277189242648,0.9819125481327841,true,0,-9.324138683375338e-18
358,G-,0.8959277189242648,0.9760065980410544,true,0,-5.149960319306146e-18
359,G+,0.8959277189242648,0.9794368015042111,true,0,-5.908901840045999e-18
360,G-,0.8959277189242648,0.9792715632829257,true,0,-7.209944447028604e-18
361,G+,0.8959277189242648,0.9795660759423604,true,0,-5.9631119486702744e-18
362,G-,0.8959277189242648,0.9774322119251704,true,0,-8.456776945386935e-18
363,G+,0.8959277189242648,0.9835229767709696,true,0,-7.697835424647081e-18
364,G-,0.8959277189242648,0.9780317891590675,true,0,-9.64939933512099e-18
365,G+,0.8959277189242648,0.9804958867777139,true,0,-5.637851296924623e-18
366,G-,0.8959277189242648,0.9794940094910023,true,0,-7.318364664277155e-18
367,G+,0.8959277189242648,0.9860597430002114,true,0,-7.209944447028604e-18
368,G-,0.8959277189242648,0.976080744538041,true,0,-8.998878031629687e-18
369,G+,0.8959277189242648,0.9793424259521223,true,0,-7.26415455565288e-18
370,G-,0.8959277189242648,0.9803198826942852,true,0,-6.288372600415926e-18
371,G+,0.8959277189242648,0.9789721063524134,true,0,-5.7462715141731735e-18
372,G-,0.8959277189242648,0.983809947074951,true,0,-8.890457814381136e-18
373,G+,0.8959277189242648,0.9791517653809454,true,0,-6.993104012531504e-18
374,G-,0.8959277189242648,0.98060556467076,true,0,-8.456776945386935e-18
375,G+,0.8959277189242648,0.9824941350810669,true,0,-6.993104012531504e-18
376,G-,0.8959277189242648,0.980325731474206,true,0,-6.884683795282953e-18
377,F,0.893589249083554,1.074760271417371,false,0,-6.288372600415926e-18
378,F,0.8947491793186221,1.0179185800987347,false,0,-5.421010862427522e-18
379,F,0.8947584840039093,1.001668820503613,false,0,-4.9873299934333204e-18
380,F,0.8953431014640871,0.9844075018781416,true,0,-6.613633252161577e-18
381,G+,0.9053431014640871,0.6671720128652986,true,0,-6.613633252161577e-18
382,G-,0.8853431014640871,2.1258185367183495,false,0,-6.613633252161577e-18
383,G+,0.8953431014640871,0.9845211635585276,true,0,-1.734723475976807e-18
384,G-,0.8953431014640871,0.9864649274675823,true,0,-3.7947076036992655e-18
385,G+,0.8953431014640871,0.9837487741874706,true,0,-4.9873299934333204e-18
386,G-,0.8953431014640871,0.9853277227701036,true,0,-5.7462715141731735e-18
387,G+,0.8953431014640871,0.9829019822269367,true,0,-4.0115480381963664e-18
388,G-,0.8953431014640871,0.9877268638035889,true,0,-4.228388472693467e-18
389,G+,0.8953431014640871,0.9839443006896994,true,0,-5.421010862427522e-18
390,G-,0.8953431014640871,0.9848567437385731,true,0,-3.0357660829594124e-18
391,G+,0.8953431014640871,0.985198425335334,true,0,-5.204170427930421e-18
392,G-,0.8953431014640871,0.9839875708106527,true,0,-6.288372600415926e-18
393,G+,0.8953431014640871,0.9859599705529967,true,0,-5.095750210681871e-18
394,G-,0.8953431014640871,0.9835785790051714,true,0,-5.095750210681871e-18
395,G+,0.8953431014640871,0.985287350348047,true,0,-4.445228907190568e-18
396,G-,0.8953431014640871,0.9839030052899157,true,0,-3.0357660829594124e-18
397,G+,0.8953431014640871,0.9844602930330539,true,0,-2.4936649967166602e-18
398,G-,0.8953431014640871,0.9842645722403479,true,0,-2.8189256484623115e-18
399,G+,0.8953431014640871,0.9867997193663628,true,0,-4.119968255444917e-18
400,G-,0.8953431014640871,0.9837427378528261,true,0,-4.87890977618477e-18
401,G+,0.8953431014640871,0.9850001739798254,true,0,-7.26415455565288e-18
402,G-,0.8953431014640871,0.9841539883410885,true,0,-2.927345865710862e-18
403,G+,0.8953431014640871,0.9886811063609466,true,0,-4.87890977618477e-18
404,G-,0.8953431014640871,0.9825543471046099,true,0,-4.553649124439119e-18
405,G+,0.8953431014640871,0.9841783546444975,true,0,-5.095750210681871e-18
406,G-,0.8953431014640871,0.9846759895720032,true,0,-3.577867169202165e-18
407,G+,0.8953431014640871,0.9840631615243323,true,0,-5.854691731421724e-18
408,G-,0.8953431014640871,0.9847903812707216,true,0,-6.830473686658678e-18
409,G+,0.8953431014640871,0.9840683768203448,true,0,-3.2526065174565133e-18
410,G-,0.8953431014640871,0.9848317454380339,true,0,-3.577867169202165e-18
411,G+,0.8953431014640871,0.9843803936506649,true,0,-5.095750210681871e-18
412,G-,0.8953431014640871,0.9844583572591137,true,0,-3.686287386450715e-18
413,F,0.8949851796203405,0.9916573158911638,true,0,-5.421010862427522e-18
414,G+,0.9049851796203405,0.6728111106955809,true,0,-5.421010862427522e-18
415,G-,0.8849851796203405,2.2158015781469453,false,0,-5.421010862427522e-18
416,G+,0.8949851796203405,0.9937129737567487,true,0,-4.119968255444917e-18
417,G-,0.8949851796203405,0.9919863867394335,true,0,-6.5052130349130266e-18
418,G+,0.8949851796203405,0.992171956446971,true,0,-6.288372600415926e-18
419,G-,0.8949851796203405,0.991625175560548,true,0,-6.396792817664476e-18
420,G+,0.8949851796203405,0.9929411716568298,true,0,-4.662069341687669e-18
421,G-,0.8949851796203405,0.9930491494020036,true,0,-6.179952383167375e-18
422,G+,0.8949851796203405,0.991580907929753,true,0,-7.806255641895632e-18
423,G-,0.8949851796203405,0.9916927488478934,true,0,-5.312590645178972e-18
424,G+,0.8949851796203405,0.9926724330727597,true,0,-6.288372600415926e-18
425,G-,0.8949851796203405,0.9920816642454244,true,0,-5.7462715141731735e-18
426,G+,0.8949851796203405,0.993529341314208,true,0,-5.854691731421724e-18
427,G-,0.8949851796203405,0.992499521522828,true,0,-7.047314121155779e-18
428,G+,0.8949851796203405,0.9939794067189386,true,0,-6.288372600415926e-18
429,G-,0.8949851796203405,0.9920355775509934,true,0,-5.312590645178972e-18
430,G+,0.8949851796203405,0.9904335192027471,true,0,-3.0357660829594124e-18
431,G-,0.8949851796203405,0.9914999763726229,true,0,-5.7462715141731735e-18
432,G+,0.8949851796203405,0.9923982320652758,true,0,-3.903127820947816e-18
433,G-,0.8949851796203405,0.993139960633304,true,0,-5.095750210681871e-18
434,G+,0.8949851796203405,0.991730216629355,true,0,-7.047314121155779e-18
435,G-,0.8949851796203405,0.9919218606371107,true,0,-6.179952383167375e-18
436,G+,0.8949851796203405,0.9931197799540786,true,0,-5.7462715141731735e-18
437,G-,0.8949851796203405,0.9924497318184591,true,0,-3.903127820947816e-18
438,G+,0.8949851796203405,0.9913511469240918,true,0,-6.613633252161577e-18
439,G-,0.8949851796203405,0.9917484061998859,true,0,-3.903127820947816e-18
440,G+,0.8949851796203405,0.9915084581337567,true,0,-7.37257477290143e-18
441,G-,0.8949851796203405,0.9917891561153608,true,0,-2.4936649967166602e-18
442,G+,0.8949851796203405,0.991532607987018,true,0,-7.806255641895632e-18
443,G-,0.8949851796203405,0.9918467318329591,true,0,-5.854691731421724e-18
444,G+,0.8949851796203405,0.9918595822953373,true,0,-7.26415455565288e-18
445,G-,0.8949851796203405,0.9914290443711647,true,0,-3.686287386450715e-18
446,F,0.8947482554321784,0.9989685944917387,true,0,-5.9631119486702744e-18
447,G+,0.9047482554321784,0.6858475687750576,true,0,-5.9631119486702744e-18
448,G-,0.8847482554321784,2.260509305940919,false,0,-5.9631119486702744e-18
449,G+,0.8947482554321784,1.0020335492084826,false,0,-4.87890977618477e-18
450,G-,0.8947482554321784,0.9983056067101103,true,0,-4.336808689942018e-18
451,G+,0.8947482554321784,1.000733481452271,false,0,-4.7704895589362195e-18
452,G-,0.8947482554321784,0.9982743683118233,true,0,-3.144186300207963e-18
453,G+,0.8947482554321784,1.0032216614932445,false,0,-4.9873299934333204e-18
454,G-,0.8947482554321784,0.99801471046301,true,0,-3.903127820947816e-18
455,G+,0.8947482554321784,0.9996566095747602,true,0,-5.854691731421724e-18
456,G-,0.8947482554321784,0.9985998459478382,true,0,-7.48099499014998e-18
457,G+,0.8947482554321784,0.9982299923994291,true,0,-5.204170427930421e-18
458,G-,0.8947482554321784,0.9991266008940275,true,0,-3.577867169202165e-18
459,G+,0.8947482554321784,0.9969688497036577,true,0,-6.7220534694101275e-18
460,G-,0.8947482554321784,0.999638669319144,true,0,-5.204170427930421e-18
461,G+,0.8947482554321784,0.9997382098155028,true,0,-3.3610267347050637e-18
462,G-,0.8947482554321784,0.9994862702525288,true,0,-2.8189256484623115e-18
463,G+,0.8947482554321784,0.9979418380524605,true,0,-2.927345865710862e-18
464,G-,0.8947482554321784,0.9989015541174875,true,0,-6.396792817664476e-18
465,G+,0.8947482554321784,0.9989282247462736,true,0,-4.662069341687669e-18
466,G-,0.8947482554321784,1.0016859506132076,false,0,-3.7947076036992655e-18
467,G+,0.8947482554321784,0.9989248539211556,true,0,-3.469446951953614e-18
468,G-,0.8947482554321784,1.0000524784947116,false,0,-2.2768245622195593e-18
469,G+,0.8947482554321784,0.9985493914134075,true,0,-3.469446951953614e-18
470,G-,0.8947482554321784,1.003365142184491,false,0,-4.0115480381963664e-18
471,G+,0.8947482554321784,0.9988104032463299,true,0,-3.3610267347050637e-18
472,G-,0.8947482554321784,0.999628697388207,true,0,-5.095750210681871e-18
473,G+,0.8947482554321784,0.9992160053550949,true,0,-4.9873299934333204e-18
474,G-,0.8947482554321784,0.9993573995258855,true,0,-6.5052130349130266e-18
475,G+,0.8947482554321784,0.9991715229078518,true,0,-3.2526065174565133e-18
476,G-,0.8947482554321784,0.999404036553527,true,0,-6.5052130349130266e-18
477,G+,0.8947482554321784,1.0000201857018949,false,0,-2.4936649967166602e-18
478,G-,0.8947482554321784,0.9985947912154935,true,0,-4.119968255444917e-18
479,F,0.8946735614909954,0.9980024228412854,true,0,-6.613633252161577e-18
480,G+,0.9046735614909954,0.6814392973183326,true,0,-6.613633252161577e-18
481,G-,0.8846735614909954,2.2943323146125607,false,0,-6.613633252161577e-18
482,G+,0.8946735614909954,1.002348839427854,false,0,-4.336808689942018e-18
483,G-,0.8946735614909954,0.9993109188066277,true,0,-5.854691731421724e-18
484,G+,0.8946735614909954,0.998780584268947,true,0,-5.637851296924623e-18
485,G-,0.8946735614909954,0.9978460395433002,true,0,-6.830473686658678e-18
486,G+,0.8946735614909954,1.0001317000027747,false,0,-6.830473686658678e-18
487,G-,0.8946735614909954,0.9991543530586914,true,0,-4.336808689942018e-18
488,G+,0.8946735614909954,0.99868365544445,true,0,-8.239936510889834e-18
489,G-,0.8946735614909954,1.0009249099827102,false,0,-6.288372600415926e-18
490,G+,0.8946735614909954,0.9980995455653401,true,0,-5.421010862427522e-18
491,G-,0.8946735614909954,0.9968536095545921,true,0,-7.047314121155779e-18
492,G+,0.8946735614909954,0.999567751911396,true,0,-3.3610267347050637e-18
493,G-,0.8946735614909954,0.999662677870526,true,0,-5.9631119486702744e-18
494,G+,0.8946735614909954,0.9985733766809214,true,0,-4.336808689942018e-18
495,G-,0.8946735614909954,0.9985451820661274,true,0,-4.228388472693467e-18
496,G+,0.8946735614909954,0.998943330639869,true,0,-4.662069341687669e-18
497,G-,0.8946735614909954,0.9971809873504905,true,0,-3.3610267347050637e-18
498,G+,0.8946735614909954,0.9990331591745016,true,0,-6.179952383167375e-18
499,G-,0.8946735614909954,0.9988716987071087,true,0,-3.7947076036992655e-18
500,G+,0.8946735614909954,0.9984615154170191,true,0,-4.445228907190568e-18
501,G-,0.8946735614909954,0.9980759821367932,true,0,-3.469446951953614e-18
502,G+,0.8946735614909954,1.0024425748439454,false,0,-4.662069341687669e-18
503,G-,0.8946735614909954,0.9998631518084933,true,0,-3.903127820947816e-18
504,G+,0.8946735614909954,0.9979239148238487,true,0,-4.445228907190568e-18
505,G-,0.8946735614909954,1.0011076706507056,false,0,-4.553649124439119e-18
506,G+,0.8946735614909954,0.9981953550937636,true,0,-6.071532165918825e-18
507,G-,0.8946735614909954,1.0008772684027378,false,0,-5.854691731421724e-18
508,G+,0.8946735614909954,0.9980113569795738,true,0,-4.0115480381963664e-18
509,G-,0.8946735614909954,0.9980393351155401,true,0,-2.6020852139652106e-18
510,G+,0.8946735614909954,1.0013108042072774,false,0,-4.9873299934333204e-18
511,G-,0.8946735614909954,0.9977400013726557,true,0,-5.5294310796760726e-18
512,F,0.8944999780614148,1.0089748973298975,false,0,-4.7704895589362195e-18
513,F,0.894611350667377,1.0045737919847113,false,0,-2.2768245622195593e-18
514,F,0.8945867697762051,0.9995524437232838,true,0,-8.239936510889834e-18
515,G+,0.9045867697762051,0.6764016873625271,true,0,-8.239936510889834e-18
516,G-,0.8845867697762051,2.3926106991926956,false,0,-8.239936510889834e-18
517,G+,0.8945867697762051,0.9992054889558394,true,0,-6.5052130349130266e-18
518,G-,0.8945867697762051,1.0022458510096444,false,0,-6.396792817664476e-18
519,G+,0.8945867697762051,0.9993311111131723,true,0,-6.830473686658678e-18
520,G-,0.8945867697762051,1.0004423605259598,false,0,-7.48099499014998e-18
521,G+,0.8945867697762051,0.9998723920486327,true,0,-7.697835424647081e-18
522,G-,0.8945867697762051,1.0033508686014503,false,0,-9.540979117872439e-18
523,G+,0.8945867697762051,0.9996356621301241,true,0,-6.071532165918825e-18
524,G-,0.8945867697762051,0.999770932335787,true,0,-4.0115480381963664e-18
525,G+,0.8945867697762051,1.000650196953805,false,0,-7.697835424647081e-18
526,G-,0.8945867697762051,1.000127890081773,false,0,-7.697835424647081e-18
527,G+,0.8945867697762051,1.0034768562020786,false,0,-5.854691731421724e-18
528,G-,0.8945867697762051,1.001452086466452,false,0,-7.15573433840433e-18
529,G+,0.8945867697762051,1.0000394326168969,false,0,-7.589415207398531e-18
530,G-,0.8945867697762051,1.0022388227217944,false,0,-9.432558900623889e-18
531,G+,0.8945867697762051,1.000794192794721,false,0,-7.589415207398531e-18
532,G-,0.8945867697762051,0.9991291760666946,true,0,-8.348356728138384e-18
533,G+,0.8945867697762051,1.0024008834051163,false,0,-7.914675859144182e-18
534,G-,0.8945867697762051,0.998873895701404,true,0,-9.107298248878237e-18
535,G+,0.8945867697762051,1.000586065055916,false,0,-7.37257477290143e-18
536,G-,0.8945867697762051,0.999507052945588,true,0,-9.75781955236954e-18
537,G+,0.8945867697762051,1.0033807357366755,false,0,-9.75781955236954e-18
538,G-,0.8945867697762051,0.9992188879597279,true,0,-7.48099499014998e-18
539,G+,0.8945867697762051,0.9995761697405903,true,0,-6.830473686658678e-18
540,G-,0.8945867697762051,1.0000411682342052,false,0,-7.589415207398531e-18
541,G+,0.8945867697762051,0.9996600921722757,true,0,-8.239936510889834e-18
542,G-,0.8945867697762051,0.9999318613949665,true,0,-5.5294310796760726e-18
543,G+,0.8945867697762051,0.9995054872924924,true,0,-7.15573433840433e-18
544,G-,0.8945867697762051,0.9996324083414141,true,0,-8.348356728138384e-18
545,G+,0.8945867697762051,1.0003770310116635,false,0,-8.023096076392733e-18
546,G-,0.8945867697762051,0.9992190149863941,true,0,-8.131516293641283e-18
547,F,0.8945496256312876,1.0023890729540867,false,0,-5.7462715141731735e-18
548,F,0.8945788799003314,1.0002073171532608,false,0,-3.469446951953614e-18
549,G+,0.9045788799003314,0.6804902654100956,true,0,-3.469446951953614e-18
550,G-,0.8845788799003313,2.349423398414931,false,0,-3.469446951953614e-18
551,G+,0.8945788799003314,1.000821251816214,false,0,-6.613633252161577e-18
552,G-,0.8945788799003314,1.0022564531719698,false,0,-2.3852447794681098e-18
553,G+,0.8945788799003314,1.0004206934390327,false,0,-5.7462715141731735e-18
554,G-,0.8945788799003314,1.000601210854992,false,0,-2.2768245622195593e-18
555,G+,0.8945788799003314,1.001429297402761,false,0,-3.686287386450715e-18
556,G-,0.8945788799003314,1.0025195733333276,false,0,-4.662069341687669e-18
557,G+,0.8945788799003314,1.000902054552997,false,0,-3.2526065174565133e-18
558,G-,0.8945788799003314,1.0002969064682177,false,0,-6.071532165918825e-18
559,G+,0.8945788799003314,1.0017638611872655,false,0,-5.9631119486702744e-18
560,G-,0.8945788799003314,0.9994545326284576,true,0,-5.854691731421724e-18
561,G+,0.8945788799003314,0.9983369804974827,true,0,-5.421010862427522e-18
562,G-,0.8945788799003314,1.0018635050907463,false,0,-6.071532165918825e-18
563,G+,0.8945788799003314,1.0009025903431341,false,0,-4.7704895589362195e-18
564,G-,0.8945788799003314,1.000200517024683,false,0,-4.87890977618477e-18
565,G+,0.8945788799003314,1.0003386441059052,false,0,-5.095750210681871e-18
566,G-,0.8945788799003314,0.9984287228550834,true,0,-4.228388472693467e-18
567,G+,0.8945788799003314,1.0018943961490405,false,0,-4.87890977618477e-18
568,G-,0.8945788799003314,1.0004890584403658,false,0,-4.7704895589362195e-18
569,G+,0.8945788799003314,1.0011339443644647,false,0,-4.7704895589362195e-18
570,G-,0.8945788799003314,1.0001586535816558,false,0,-4.445228907190568e-18
571,G+,0.8945788799003314,1.0025900868042916,false,0,-4.553649124439119e-18
572,G-,0.8945788799003314,1.001356412369936,false,0,-6.5052130349130266e-18
573,G+,0.8945788799003314,1.000183561709748,false,0,-4.7704895589362195e-18
574,G-,0.8945788799003314,1.000372237668561,false,0,-4.0115480381963664e-18
575,G+,0.8945788799003314,1.000359109892858,false,0,-3.686287386450715e-18
576,G-,0.8945788799003314,1.0001614678330388,false,0,-6.396792817664476e-18
577,G+,0.8945788799003314,1.0001557045571736,false,0,-5.204170427930421e-18
578,G-,0.8945788799003314,1.0003561821626605,false,0,-4.662069341687669e-18
579,G+,0.8945788799003314,1.000528690637167,false,0,-4.553649124439119e-18
580,G-,0.8945788799003314,0.9999870614812225,true,0,-3.7947076036992655e-18
581,F,0.8944704829996339,1.0137323565814385,false,0,-6.613633252161577e-18
582,F,0.8946281723242665,1.0058478658957744,false,0,-6.7220534694101275e-18
583,F,0.8945246814499827,1.0029385035185654,false,0,-7.697835424647081e-18
584,F,0.894551780675157,0.99923371267524,true,0,-6.7220534694101275e-18
585,G+,0.904551780675157,0.6779455029069555,true,0,-6.7220534694101275e-18
586,G-,0.8845517806751569,2.3727336210864003,false,0,-6.7220534694101275e-18
587,G+,0.894551780675157,1.001387380521014,false,0,-5.9631119486702744e-18
588,G-,0.894551780675157,0.9993231391487096,true,0,-4.228388472693467e-18
589,G+,0.894551780675157,0.9999942444254741,true,0,-5.421010862427522e-18
590,G-,0.894551780675157,0.9990751563599011,true,0,-5.637851296924623e-18
591,G+,0.894551780675157,1.0021717133827552,false,0,-6.288372600415926e-18
592,G-,0.894551780675157,0.9994833165769459,true,0,-3.469446951953614e-18
593,G+,0.894551780675157,0.999385599403829,true,0,-6.179952383167375e-18
594,G-,0.894551780675157,0.9991112772667206,true,0,-7.48099499014998e-18
595,G+,0.894551780675157,1.0001343680565205,false,0,-4.9873299934333204e-18
596,G-,0.894551780675157,0.9998739074824293,true,0,-4.662069341687669e-18
597,G+,0.894551780675157,1.0003141215487916,false,0,-5.095750210681871e-18
598,G-,0.894551780675157,1.001266396353711,false,0,-8.348356728138384e-18
599,G+,0.894551780675157,0.9999317235349171,true,0,-7.15573433840433e-18
600,G-,0.894551780675157,0.9991148518155147,true,0,-4.228388472693467e-18
601,G+,0.894551780675157,1.000556493245881,false,0,-7.914675859144182e-18
602,G-,0.894551780675157,0.9987562201521242,true,0,-5.7462715141731735e-18
603,G+,0.894551780675157,0.999339785703038,true,0,-6.7220534694101275e-18
604,G-,0.894551780675157,1.0010415383034401,false,0,-2.8189256484623115e-18
605,G+,0.894551780675157,0.9995595343825373,true,0,-6.071532165918825e-18
606,G-,0.894551780675157,0.9996529841476969,true,0,-3.7947076036992655e-18
607,G+,0.894551780675157,0.9995589566712754,true,0,-6.830473686658678e-18
608,G-,0.894551780675157,1.0022465759199284,false,0,-6.5052130349130266e-18
609,G+,0.894551780675157,0.9990198571450796,true,0,-6.396792817664476e-18
610,G-,0.894551780675157,0.9995192215134129,true,0,-6.396792817664476e-18
611,G+,0.894551780675157,0.9992718150853073,true,0,-5.421010862427522e-18
612,G-,0.894551780675157,0.9992458585743609,true,0,-7.697835424647081e-18
613,G+,0.894551780675157,0.9992450250903715,true,0,-8.456776945386935e-18
614,G-,0.894551780675157,0.9993285626642082,true,0,-6.179952383167375e-18
615,G+,0.894551780675157,0.9995338959742046,true,0,-6.179952383167375e-18
616,G-,0.894551780675157,0.998963304522624,true,0,-6.613633252161577e-18
617,F,0.8945237831991276,1.0000717915954724,false,0,-5.9631119486702744e-18
618,G+,0.9045237831991276,0.6774080803007795,true,0,-5.9631119486702744e-18
619,G-,0.8845237831991276,2.4044763497117243,false,0,-5.9631119486702744e-18
620,G+,0.8945237831991276,1.0016224633960435,false,0,-5.7462715141731735e-18
621,G-,0.8945237831991276,1.0009526188243818,false,0,-6.179952383167375e-18
622,G+,0.8945237831991276,1.000405613466072,false,0,-4.9873299934333204e-18
623,G-,0.8945237831991276,1.0002818354339358,false,0,-4.445228907190568e-18
624,G+,0.8945237831991276,1.00160416282133,false,0,-5.5294310796760726e-18
625,G-,0.8945237831991276,1.0014125935187912,false,0,-7.15573433840433e-18
626,G+,0.8945237831991276,1.000130973508194,false,0,-8.239936510889834e-18
627,G-,0.8945237831991276,1.0000489512394564,false,0,-2.710505431213761e-18
628,G+,0.8945237831991276,1.001063550201586,false,0,-5.095750210681871e-18
629,G-,0.8945237831991276,1.0007548084267173,false,0,-4.445228907190568e-18
630,G+,0.8945237831991276,1.0029028673770606,false,0,-7.26415455565288e-18
631,G-,0.8945237831991276,1.0015611990431792,false,0,-3.144186300207963e-18
632,G+,0.8945237831991276,1.0007878611453358,false,0,-4.336808689942018e-18
633,G-,0.8945237831991276,1.0000883394913673,false,0,-6.179952383167375e-18
634,G+,0.8945237831991276,1.0005431256436235,false,0,-6.396792817664476e-18
635,G-,0.8945237831991276,1.0014181586171358,false,0,-8.131516293641283e-18
636,G+,0.8945237831991276,1.0011153564300863,false,0,-4.7704895589362195e-18
637,G-,0.8945237831991276,1.001059771297328,false,0,-6.830473686658678e-18
638,G+,0.8945237831991276,1.0005859078097992,false,0,-3.686287386450715e-18
639,G-,0.8945237831991276,1.000066370411014,false,0,-5.637851296924623e-18
640,G+,0.8945237831991276,1.0013855258287305,false,0,-7.15573433840433e-18
641,G-,0.8945237831991276,1.0016102880016167,false,0,-6.938893903907228e-18
642,G+,0.8945237831991276,0.9999641035518887,true,0,-5.5294310796760726e-18
643,G-,0.8945237831991276,1.0002274540461136,false,0,-9.107298248878237e-18
644,G+,0.8945237831991276,1.000110163765909,false,0,-5.7462715141731735e-18
645,G-,0.8945237831991276,1.0000924705355296,false,0,-3.469446951953614e-18
646,G+,0.8945237831991276,1.0001214770527356,false,0,-5.421010862427522e-18
647,G-,0.8945237831991276,1.000142212423293,false,0,-7.914675859144182e-18
648,G+,0.8945237831991276,1.0008700587403299,false,0,-5.204170427930421e-18
649,G-,0.8945237831991276,0.9998062544934908,true,0,-8.456776945386935e-18
650,F,0.8945137437088083,1.00087535136722,false,0,-7.047314121155779e-18
651,G+,0.9045137437088083,0.6786725920050898,true,0,-7.047314121155779e-18
652,G-,0.8845137437088083,2.4033058618037746,false,0,-7.047314121155779e-18
653,G+,0.8945137437088083,1.0022190953409427,false,0,-4.9873299934333204e-18
654,G-,0.8945137437088083,1.0019566776191147,false,0,-6.288372600415926e-18
655,G+,0.8945137437088083,1.0010566171201203,false,0,-4.445228907190568e-18
656,G-,0.8945137437088083,1.001186927455977,false,0,-1.951563910473908e-18
657,G+,0.8945137437088083,1.0019420284829215,false,0,-6.396792817664476e-18
658,G-,0.8945137437088083,1.0024612242919624,false,0,-6.830473686658678e-18
659,G+,0.8945137437088083,1.0008583976983145,false,0,-4.336808689942018e-18
660,G-,0.8945137437088083,1.0009000922991003,false,0,-5.421010862427522e-18
661,G+,0.8945137437088083,1.0013717705707506,false,0,-4.336808689942018e-18
662,G-,0.8945137437088083,1.0017119881974141,false,0,-5.637851296924623e-18
663,G+,0.8945137437088083,1.002816541879668,false,0,-3.7947076036992655e-18
664,G-,0.8945137437088083,1.0018373710992787,false,0,-5.7462715141731735e-18
665,G+,0.8945137437088083,1.0010936366637377,false,0,-7.806255641895632e-18
666,G-,0.8945137437088083,1.001094326584538,false,0,-5.854691731421724e-18
667,G+,0.8945137437088083,1.0013452734785635,false,0,-2.6020852139652106e-18
668,G-,0.8945137437088083,1.0014828348814517,false,0,-6.071532165918825e-18
669,G+,0.8945137437088083,1.002357360200619,false,0,-2.6020852139652106e-18
670,G-,0.8945137437088083,1.0014587745510382,false,0,-6.179952383167375e-18
671,G+,0.8945137437088083,1.0013968572502456,false,0,-4.119968255444917e-18
672,G-,0.8945137437088083,1.0007155830167034,false,0,-6.288372600415926e-18
673,G+,0.8945137437088083,1.0027943348047865,false,0,-5.637851296924623e-18
674,G-,0.8945137437088083,1.001690236951382,false,0,-3.2526065174565133e-18
675,G+,0.8945137437088083,1.0007907979445212,false,0,-6.179952383167375e-18
676,G-,0.8945137437088083,1.0009949642205433,false,0,-8.673617379884035e-19
677,G+,0.8945137437088083,1.0008635292269192,false,0,-4.7704895589362195e-18
678,G-,0.8945137437088083,1.000924829608788,false,0,-4.119968255444917e-18
679,G+,0.8945137437088083,1.00086957537304,false,0,-3.144186300207963e-18
680,G-,0.8945137437088083,1.0009104228315042,false,0,-5.095750210681871e-18
681,G+,0.8945137437088083,1.0011379462092909,false,0,-5.421010862427522e-18
682,G-,0.8945137437088083,1.0006390207290874,false,0,-1.734723475976807e-18
683,F,0.8945143581991891,0.9999807021657263,true,0,-5.637851296924623e-18
684,G+,0.9045143581991891,0.6794898921422217,true,0,-5.637851296924623e-18
685,G-,0.8845143581991891,2.382824747729754,false,0,-5.637851296924623e-18
686,G+,0.8945143581991891,1.0016583021567138,false,0,-3.686287386450715e-18
687,G-,0.8945143581991891,1.0006865781793264,false,0,-4.0115480381963664e-18
688,G+,0.8945143581991891,1.000222540566904,false,0,-3.903127820947816e-18
689,G-,0.8945143581991891,1.0001911909031223,false,0,-5.204170427930421e-18
690,G+,0.8945143581991891,1.0014055768220114,false,0,-1.5178830414797062e-18
691,G-,0.8945143581991891,1.0012301964221524,false,0,-4.119968255444917e-18
692,G+,0.8945143581991891,0.99998620596765,true,0,-6.5052130349130266e-18
693,G-,0.8945143581991891,1.0000115934447564,false,0,-3.0357660829594124e-18
694,G+,0.8945143581991891,1.000307820863485,false,0,-3.0357660829594124e-18
695,G-,0.8945143581991891,1.0008076930201963,false,0,-5.095750210681871e-18
696,G+,0.8945143581991891,1.0015697410104798,false,0,-3.144186300207963e-18
697,G-,0.8945143581991891,1.0032589733343176,false,0,-4.336808689942018e-18
698,G+,0.8945143581991891,1.0015960563308641,false,0,-1.4094628242311558e-18
699,G-,0.8945143581991891,1.0005092111404132,false,0,-1.4094628242311558e-18
700,G+,0.8945143581991891,1.0016140317739386,false,0,-3.2526065174565133e-18
701,G-,0.8945143581991891,0.9997403474941949,true,0,-2.927345865710862e-18
702,G+,0.8945143581991891,1.0012992050660243,false,0,-1.4094628242311558e-18
703,G-,0.8945143581991891,1.0009030797631249,false,0,-3.686287386450715e-18
704,G+,0.8945143581991891,1.0003428608473963,false,0,-2.6020852139652106e-18
705,G-,0.8945143581991891,0.999866131496735,true,0,-2.6020852139652106e-18
706,G+,0.8945143581991891,1.0015299255260546,false,0,-4.445228907190568e-18
707,G-,0.8945143581991891,1.001039436110389,false,0,-3.2526065174565133e-18
708,G+,0.8945143581991891,0.9998799994396492,true,0,-4.553649124439119e-18
709,G-,0.8945143581991891,1.0001731808303331,false,0,-4.336808689942018e-18
710,G+,0.8945143581991891,0.9999657896690256,true,0,-4.87890977618477e-18
711,G-,0.8945143581991891,1.0000633244680364,false,0,-3.469446951953614e-18
712,G+,0.8945143581991891,1.000010213204028,false,0,-3.469446951953614e-18
713,G-,0.8945143581991891,1.0000240792024255,false,0,-3.144186300207963e-18
714,G+,0.8945143581991891,1.0002528878536414,false,0,-5.5294310796760726e-18
715,G-,0.8945143581991891,0.9997927621498215,true,0,-4.0115480381963664e-18
716,F,0.8943936353034075,1.018408779110036,false,0,-5.204170427930421e-18
717,F,0.8946070287055096,1.0094843293565599,false,0,-4.716279450311944e-18
718,F,0.8944539967512983,1.0044052629461657,false,0,-2.927345865710862e-18
719,F,0.8944841774752437,1.0007490480539578,false,0,-2.8189256484623115e-18
720,G+,0.9044841774752437,0.6840216499736883,true,0,-2.8189256484623115e-18
721,G-,0.8844841774752437,2.358211954093285,false,0,-2.8189256484623115e-18
722,G+,0.8944841774752437,1.0040526512403698,false,0,-3.7947076036992655e-18
723,G-,0.8944841774752437,0.999803676213155,true,0,-3.2526065174565133e-18
724,G+,0.8944841774752437,1.0017026605046222,false,0,-3.469446951953614e-18
725,G-,0.8944841774752437,1.0002639236127995,false,0,-3.2526065174565133e-18
726,G+,0.8944841774752437,1.004247003245422,false,0,-4.228388472693467e-18
727,G-,0.8944841774752437,1.000221743085796,false,0,-4.7704895589362195e-18
728,G+,0.8944841774752437,1.0008675317769378,false,0,-4.336808689942018e-18
729,G-,0.8944841774752437,1.0007406176284241,false,0,-6.613633252161577e-18
730,G+,0.8944841774752437,1.0018294680201563,false,0,-2.6020852139652106e-18
731,G-,0.8944841774752437,1.000324952709617,false,0,-3.2526065174565133e-18
732,G+,0.8944841774752437,1.0007113605013744,false,0,-3.903127820947816e-18
733,G-,0.8944841774752437,1.003551110923837,false,0,-2.4936649967166602e-18
734,G+,0.8944841774752437,1.0012969647062016,false,0,-3.686287386450715e-18
735,G-,0.8944841774752437,1.00126811422872,false,0,-3.903127820947816e-18
736,G+,0.8944841774752437,1.0022043039610595,false,0,-4.87890977618477e-18
737,G-,0.8944841774752437,1.000238627686505,false,0,-2.927345865710862e-18
738,G+,0.8944841774752437,1.0003137921224765,false,0,-3.2526065174565133e-18
739,G-,0.8944841774752437,1.0036313006622049,false,0,-3.577867169202165e-18
740,G+,0.8944841774752437,1.000558116116478,false,0,-3.686287386450715e-18
741,G-,0.8944841774752437,1.0013664531834312,false,0,-4.7704895589362195e-18
742,G+,0.8944841774752437,1.0006991040353777,false,0,-2.4936649967166602e-18
743,G-,0.8944841774752437,1.00328139755256,false,0,-3.144186300207963e-18
744,G+,0.8944841774752437,1.000358798605149,false,0,-2.710505431213761e-18
745,G-,0.8944841774752437,1.00120377192851,false,0,-2.4936649967166602e-18
746,G+,0.8944841774752437,1.0006413179307727,false,0,-3.469446951953614e-18
747,G-,0.8944841774752437,1.0009123402836047,false,0,-7.589415207398531e-19
748,G+,0.8944841774752437,1.000695355351503,false,0,-4.9873299934333204e-18
749,G-,0.8944841774752437,1.0008428343051454,false,0,-4.445228907190568e-18
750,G+,0.8944841774752437,1.0009087025639385,false,0,-2.927345865710862e-18
751,G-,0.8944841774752437,1.0005902191527694,false,0,-2.4936649967166602e-18
752,F,0.8944390231601251,1.0041636758598267,false,0,-6.830473686658678e-18
753,F,0.8944871838305423,1.002327662580886,false,0,-2.6020852139652106e-18
754,F,0.8944616003176844,1.002467657375603,false,0,-1.0191500421363742e-17
755,F,0.894472888896464,1.0008508918917118,false,0,-4.445228907190568e-18
756,G+,0.904472888896464,0.6856475782430549,true,0,-4.445228907190568e-18
757,G-,0.884472888896464,2.349609882038619,false,0,-4.445228907190568e-18
758,G+,0.894472888896464,1.003431118359942,false,0,-1.951563910473908e-18
759,G-,0.894472888896464,1.0006216019764471,false,0,-4.336808689942018e-18
760,G+,0.894472888896464,1.0017081181829663,false,0,-6.288372600415926e-18
761,G-,0.894472888896464,1.0006853774732247,false,0,-3.469446951953614e-18
762,G+,0.894472888896464,1.003811293176517,false,0,-2.4936649967166602e-18
763,G-,0.894472888896464,1.0008753580432237,false,0,-4.87890977618477e-18
764,G+,0.894472888896464,1.0007798604770943,false,0,-3.7947076036992655e-18
765,G-,0.894472888896464,1.0009773520375016,false,0,-5.7462715141731735e-18
766,G+,0.894472888896464,1.0016706119501406,false,0,-6.071532165918825e-18
767,G-,0.894472888896464,0.9999092021360529,true,0,-3.686287386450715e-18
768,G+,0.894472888896464,1.000591964575204,false,0,-3.144186300207963e-18
769,G-,0.894472888896464,1.0040828537281896,false,0,-1.734723475976807e-18
770,G+,0.894472888896464,1.0024621721557163,false,0,-7.26415455565288e-18
771,G-,0.894472888896464,1.0013619446961717,false,0,-4.9873299934333204e-18
772,G+,0.894472888896464,1.0022846240338157,false,0,-2.710505431213761e-18
773,G-,0.894472888896464,1.0003304257293966,false,0,-4.119968255444917e-18
774,G+,0.894472888896464,1.0010810584635315,false,0,-3.144186300207963e-18
775,G-,0.894472888896464,1.0030237339971868,false,0,-1.951563910473908e-18
776,G+,0.894472888896464,1.000679139695394,false,0,-6.830473686658678e-18
777,G-,0.894472888896464,1.0013634275322545,false,0,-4.9873299934333204e-18
778,G+,0.894472888896464,1.0011979018259756,false,0,-3.2526065174565133e-18
779,G-,0.894472888896464,1.0029827285807587,false,0,-1.734723475976807e-18
780,G+,0.894472888896464,1.000436062085149,false,0,-5.204170427930421e-18
781,G-,0.894472888896464,1.0012541602700777,false,0,-3.2526065174565133e-18
782,G+,0.894472888896464,1.000651056052661,false,0,-2.6020852139652106e-18
783,G-,0.894472888896464,1.0010920190426231,false,0,-3.577867169202165e-18
784,G+,0.894472888896464,1.0009477205118624,false,0,-3.469446951953614e-18
785,G-,0.894472888896464,1.000921789082189,false,0,-4.119968255444917e-18
786,G+,0.894472888896464,1.0009759819072372,false,0,-6.179952383167375e-18
787,G-,0.894472888896464,1.0006897596393391,false,0,-3.577867169202165e-18
788,F,0.8944346934875431,1.00074921913229,false,0,-4.119968255444917e-18
789,G+,0.9044346934875431,0.686839481684759,true,0,-4.119968255444917e-18
790,G-,0.8844346934875431,2.370897927965736,false,0,-4.119968255444917e-18
791,G+,0.8944346934875431,1.001788852328235,false,0,-5.095750210681871e-18
792,G-,0.8944346934875431,1.0017546712759768,false,0,-4.662069341687669e-18
793,G+,0.8944346934875431,1.0007690995410796,false,0,-4.662069341687669e-18
794,G-,0.8944346934875431,1.0012635265367764,false,0,-6.7220534694101275e-18
795,G+,0.8944346934875431,1.0018220528851547,false,0,-5.421010862427522e-18
796,G-,0.8944346934875431,1.002616113240206,false,0,-6.830473686658678e-18
797,G+,0.8944346934875431,1.0005374997289886,false,0,-7.37257477290143e-18
798,G-,0.8944346934875431,1.0010830189945266,false,0,-4.228388472693467e-18
799,G+,0.8944346934875431,1.0016246231341117,false,0,-4.87890977618477e-18
800,G-,0.8944346934875431,0.9996934763895895,true,0,-7.26415455565288e-18
801,G+,0.8944346934875431,0.9999596202768919,true,0,-8.565197162635485e-18
802,G-,0.8944346934875431,1.0032686495120955,false,0,-6.830473686658678e-18
803,G+,0.8944346934875431,1.0021321723496261,false,0,-8.131516293641283e-18
804,G-,0.8944346934875431,1.0002146008469786,false,0,-5.637851296924623e-18
805,G+,0.8944346934875431,1.0021364325955515,false,0,-4.445228907190568e-18
806,G-,0.8944346934875431,1.0003349899966605,false,0,-7.697835424647081e-18
807,G+,0.8944346934875431,1.0016465089728612,false,0,-6.071532165918825e-18
808,G-,0.8944346934875431,1.0015018065476249,false,0,-6.5052130349130266e-18
809,G+,0.8944346934875431,1.0009315391251452,false,0,-6.938893903907228e-18
810,G-,0.8944346934875431,1.0009950833928303,false,0,-4.7704895589362195e-18
811,G+,0.8944346934875431,1.0026842530266598,false,0,-4.336808689942018e-18
812,G-,0.8944346934875431,1.0018716312949318,false,0,-5.421010862427522e-18
813,G+,0.8944346934875431,1.0004579000877183,false,0,-5.854691731421724e-18
814,G-,0.8944346934875431,1.001123085759272,false,0,-2.927345865710862e-18
815,G+,0.8944346934875431,1.0005619090161777,false,0,-6.179952383167375e-18
816,G-,0.8944346934875431,1.0010429048091039,false,0,-4.228388472693467e-18
817,G+,0.8944346934875431,1.0008533435245812,false,0,-4.228388472693467e-18
818,G-,0.8944346934875431,1.000714512552751,false,0,-3.469446951953614e-18
819,G+,0.8944346934875431,1.0008284408487014,false,0,-6.179952383167375e-18
820,G-,0.8944346934875431,1.0007343266492459,false,0,-3.7947076036992655e-18
821,F,0.8943894745282324,1.0028704035100091,false,0,-5.5294310796760726e-18
822,G+,0.9043894745282324,0.6872761195147602,true,0,-5.5294310796760726e-18
823,G-,0.8843894745282324,2.466331940280166,false,0,-5.5294310796760726e-18
824,G+,0.8943894745282324,1.002758665465438,false,0,-2.2768245622195593e-18
825,G-,0.8943894745282324,1.0053029828530697,false,0,-2.710505431213761e-18
826,G+,0.8943894745282324,1.0028116401436207,false,0,-3.903127820947816e-18
827,G-,0.8943894745282324,1.0033719358945141,false,0,-6.179952383167375e-18
828,G+,0.8943894745282324,1.0023982335952653,false,0,-6.830473686658678e-18
829,G-,0.8943894745282324,1.005585368287151,false,0,-6.7220534694101275e-18
830,G+,0.8943894745282324,1.0027071696531504,false,0,-7.15573433840433e-18
831,G-,0.8943894745282324,1.0033697125107213,false,0,-5.637851296924623e-18
832,G+,0.8943894745282324,1.0025415116416772,false,0,-4.336808689942018e-18
833,G-,0.8943894745282324,1.0028662077239174,false,0,-6.071532165918825e-18
834,G+,0.8943894745282324,1.0026349893950193,false,0,-4.662069341687669e-18
835,G-,0.8943894745282324,1.0042889870297813,false,0,-5.7462715141731735e-18
836,G+,0.8943894745282324,1.0040293914020553,false,0,-5.854691731421724e-18
837,G-,0.8943894745282324,1.0029324079703132,false,0,-4.336808689942018e-18
838,G+,0.8943894745282324,1.0027378355700147,false,0,-6.5052130349130266e-18
839,G-,0.8943894745282324,1.003701154508525,false,0,-5.421010862427522e-18
840,G+,0.8943894745282324,1.0058595330746893,false,0,-7.15573433840433e-18
841,G-,0.8943894745282324,1.0018178738662598,false,0,-6.7220534694101275e-18
842,G+,0.8943894745282324,1.004178687515642,false,0,-5.5294310796760726e-18
843,G-,0.8943894745282324,1.002211024279943,false,0,-4.119968255444917e-18
844,G+,0.8943894745282324,1.0071264102710211,false,0,-3.577867169202165e-18
845,G-,0.8943894745282324,1.0018749776762403,false,0,-8.348356728138384e-18
846,G+,0.8943894745282324,1.0030459267055782,false,0,-3.577867169202165e-18
847,G-,0.8943894745282324,1.0030150447982134,false,0,-2.6020852139652106e-18
848,G+,0.8943894745282324,1.0028948872938181,false,0,-5.421010862427522e-18
849,G-,0.8943894745282324,1.0031699901518267,false,0,-4.7704895589362195e-18
850,G+,0.8943894745282324,1.0032708835556232,false,0,-6.7220534694101275e-18
851,G-,0.8943894745282324,1.0028655076368294,false,0,-5.637851296924623e-18
852,G+,0.8943894745282324,1.0031570549989381,false,0,-6.288372600415926e-18
853,G-,0.8943894745282324,1.0028291641150961,false,0,-4.336808689942018e-18
854,F,0.8943550864847064,1.0023714401533992,false,0,-4.9873299934333204e-18
855,G+,0.9043550864847064,0.6868518361085267,true,0,-4.9873299934333204e-18
856,G-,0.8843550864847064,2.548033169839626,false,0,-4.9873299934333204e-18
857,G+,0.8943550864847064,1.0019888047758552,false,0,-2.168404344971009e-18
858,G-,0.8943550864847064,1.0049555518256614,false,0,-3.144186300207963e-18
859,G+,0.8943550864847064,1.0033496275444607,false,0,-5.421010862427522e-18
860,G-,0.8943550864847064,1.002195311849957,false,0,-3.0357660829594124e-18
861,G+,0.8943550864847064,1.003191232193259,false,0,-3.2526065174565133e-18
862,G-,0.8943550864847064,1.0051219825488502,false,0,-5.095750210681871e-18
863,G+,0.8943550864847064,1.001245138499542,false,0,-2.927345865710862e-18
864,G-,0.8943550864847064,1.0023111154794535,false,0,-4.9873299934333204e-18
865,G+,0.8943550864847064,1.0029723563778565,false,0,-4.9873299934333204e-18
866,G-,0.8943550864847064,1.0028330178541556,false,0,-2.2768245622195593e-18
867,G+,0.8943550864847064,1.0016512008128502,false,0,-4.336808689942018e-18
868,G-,0.8943550864847064,1.004348903440223,false,0,-6.288372600415926e-18
869,G+,0.8943550864847064,1.0025549683598076,false,0,-2.927345865710862e-18
870,G-,0.8943550864847064,1.0027954567142379,false,0,-6.071532165918825e-18
871,G+,0.8943550864847064,1.0031361550435642,false,0,-3.2526065174565133e-18
872,G-,0.8943550864847064,1.002415281552678,false,0,-2.8189256484623115e-18
873,G+,0.8943550864847064,1.0026609207030623,false,0,-4.0115480381963664e-18
874,G-,0.8943550864847064,1.0023735234296336,false,0,-5.5294310796760726e-18
875,G+,0.8943550864847064,1.003444903754598,false,0,-3.577867169202165e-18
876,G-,0.8943550864847064,1.0021108500927343,false,0,-6.396792817664476e-18
877,G+,0.8943550864847064,1.0046996710855063,false,0,-4.336808689942018e-18
878,G-,0.8943550864847064,1.00339617498988,false,0,-4.228388472693467e-18
879,G+,0.8943550864847064,1.0028412008397418,false,0,-4.662069341687669e-18
880,G-,0.8943550864847064,1.000268885988116,false,0,-3.903127820947816e-18
881,G+,0.8943550864847064,1.002662390367527,false,0,-2.2768245622195593e-18
882,G-,0.8943550864847064,1.0008287103887692,false,0,-2.6020852139652106e-18
883,G+,0.8943550864847064,1.0026770695064555,false,0,-2.4936649967166602e-18
884,G-,0.8943550864847064,1.0021597699699691,false,0,-2.3852447794681098e-18
885,G+,0.8943550864847064,1.0028754708699852,false,0,-3.686287386450715e-18
886,G-,0.8943550864847064,1.0019498365523531,false,0,-3.0357660829594124e-18
887,F,0.8942577307430738,1.0027321909579419,false,0,-4.336808689942018e-18
888,G+,0.9042577307430738,0.6875625673980441,true,0,-4.336808689942018e-18
889,G-,0.8842577307430738,2.5539044813726726,false,0,-4.336808689942018e-18
890,G+,0.8942577307430738,1.0042879538740836,false,0,-6.830473686658678e-18
891,G-,0.8942577307430738,1.0035932627142157,false,0,-6.5052130349130266e-18
892,G+,0.8942577307430738,1.0036219027372324,false,0,-4.228388472693467e-18
893,G-,0.8942577307430738,1.0023376801392563,false,0,-5.9631119486702744e-18
894,G+,0.8942577307430738,1.0060485663655632,false,0,-6.288372600415926e-18
895,G-,0.8942577307430738,1.0027600397860537,false,0,-6.5052130349130266e-18
896,G+,0.8942577307430738,1.003076229099086,false,0,-4.0115480381963664e-18
897,G-,0.8942577307430738,1.0026690877553592,false,0,-8.023096076392733e-18
898,G+,0.8942577307430738,1.0032129584248564,false,0,-4.228388472693467e-18
899,G-,0.8942577307430738,1.0031127042191677,false,0,-6.613633252161577e-18
900,G+,0.8942577307430738,1.0042930138745947,false,0,-3.7947076036992655e-18
901,G-,0.8942577307430738,1.0042676161914512,false,0,-5.854691731421724e-18
902,G+,0.8942577307430738,1.0024857811579773,false,0,-6.5052130349130266e-18
903,G-,0.8942577307430738,1.0026709736713055,false,0,-5.637851296924623e-18
904,G+,0.8942577307430738,1.0043990388949438,false,0,-3.144186300207963e-18
905,G-,0.8942577307430738,1.0034426509873595,false,0,-8.348356728138384e-18
906,G+,0.8942577307430738,1.0029657535826317,false,0,-6.071532165918825e-18
907,G-,0.8942577307430738,1.004855097707684,false,0,-6.830473686658678e-18
908,G+,0.8942577307430738,1.0027933231418569,false,0,-5.204170427930421e-18
909,G-,0.8942577307430738,1.0034102023605806,false,0,-4.9873299934333204e-18
910,G+,0.8942577307430738,1.0020512142106823,false,0,-6.071532165918825e-18
911,G-,0.8942577307430738,1.0066254201481455,false,0,-5.854691731421724e-18
912,G+,0.8942577307430738,1.0025466933243514,false,0,-5.095750210681871e-18
913,G-,0.8942577307430738,1.0030628425927501,false,0,-5.204170427930421e-18
914,G+,0.8942577307430738,1.0028008746502908,false,0,-5.637851296924623e-18
915,G-,0.8942577307430738,1.0027368030652344,false,0,-8.131516293641283e-18
916,G+,0.8942577307430738,1.0029216388936697,false,0,-3.3610267347050637e-18
917,G-,0.8942577307430738,1.0026481289035687,false,0,-8.239936510889834e-18
918,G+,0.8942577307430738,1.003041978725577,false,0,-6.179952383167375e-18
919,G-,0.8942577307430738,1.0024791823472792,false,0,-5.9631119486702744e-18
920,F,0.8942164146122173,1.0078450201792135,false,0,-3.7947076036992655e-18
921,F,0.8943001057141589,1.0044555714180752,false,0,-4.662069341687669e-18
922,F,0.8942370726776456,1.0032839071181778,false,0,-4.9873299934333204e-18
923,G+,0.9042370726776456,0.6874556343138601,true,0,-4.9873299934333204e-18
924,G-,0.8842370726776456,2.5317297395274783,false,0,-4.9873299934333204e-18
925,G+,0.8942370726776456,1.0059620704463907,false,0,-3.144186300207963e-18
926,G-,0.8942370726776456,1.0017982708906985,false,0,-6.288372600415926e-18
927,G+,0.8942370726776456,1.0043707962933788,false,0,-6.071532165918825e-18
928,G-,0.8942370726776456,1.0025499131845546,false,0,-1.734723475976807e-18
929,G+,0.8942370726776456,1.0066185796804152,false,0,-4.336808689942018e-18
930,G-,0.8942370726776456,1.0021521423070106,false,0,-3.903127820947816e-18
931,G+,0.8942370726776456,1.0026667579491615,false,0,-5.637851296924623e-18
932,G-,0.8942370726776456,1.002984018092858,false,0,-4.0115480381963664e-18
933,G+,0.8942370726776456,1.0032314326131935,false,0,-6.071532165918825e-18
934,G-,0.8942370726776456,1.0020769201778292,false,0,-2.0599841277224584e-18
935,G+,0.8942370726776456,1.0045661902795335,false,0,-5.854691731421724e-18
936,G-,0.8942370726776456,1.0044380985915622,false,0,-3.144186300207963e-18
937,G+,0.8942370726776456,1.0059689385969504,false,0,-2.168404344971009e-18
938,G-,0.8942370726776456,1.003605445770491,false,0,-4.228388472693467e-18
939,G+,0.8942370726776456,1.003521565023713,false,0,-2.168404344971009e-18
940,G-,0.8942370726776456,1.0046639100399037,false,0,-3.3610267347050637e-18
941,G+,0.8942370726776456,1.0025642641594659,false,0,-4.553649124439119e-18
942,G-,0.8942370726776456,1.0076432735935785,false,0,-3.686287386450715e-18
943,G+,0.8942370726776456,1.002653456024727,false,0,-2.927345865710862e-18
944,G-,0.8942370726776456,1.0042775291850763,false,0,-4.119968255444917e-18
945,G+,0.8942370726776456,1.0020679103522194,false,0,-3.577867169202165e-18
946,G-,0.8942370726776456,1.0062877874650356,false,0,-4.87890977618477e-18
947,G+,0.8942370726776456,1.003299523360582,false,0,-4.662069341687669e-18
948,G-,0.8942370726776456,1.0037713629355578,false,0,-3.2526065174565133e-18
949,G+,0.8942370726776456,1.0032105765714054,false,0,-3.903127820947816e-18
950,G-,0.8942370726776456,1.002650338405984,false,0,-3.469446951953614e-18
951,G+,0.8942370726776456,1.0035509928160882,false,0,-2.168404344971009e-18
952,G-,0.8942370726776456,1.0032191959666188,false,0,-3.469446951953614e-18
953,G+,0.8942370726776456,1.0028434239316393,false,0,-2.2768245622195593e-18
954,G-,0.8942370726776456,1.0030947010001345,false,0,-2.6020852139652106e-18
955,F,0.894215464616434,1.0037916581724555,false,0,-7.047314121155779e-18
956,G+,0.904215464616434,0.6872865686276668,true,0,-7.047314121155779e-18
957,G-,0.884215464616434,2.522859590810635,false,0,-7.047314121155779e-18
958,G+,0.894215464616434,1.0035448923232644,false,0,-5.9631119486702744e-18
959,G-,0.894215464616434,1.0058198518684762,false,0,-4.228388472693467e-18
960,G+,0.894215464616434,1.003351457653215,false,0,-5.5294310796760726e-18
961,G-,0.894215464616434,1.004543933322068,false,0,-6.938893903907228e-18
962,G+,0.894215464616434,1.0036724105265997,false,0,-6.288372600415926e-18
963,G-,0.894215464616434,1.0066270341301946,false,0,-5.637851296924623e-18
964,G+,0.894215464616434,1.0029316821459182,false,0,-4.119968255444917e-18
965,G-,0.894215464616434,1.004052520034869,false,0,-8.998878031629687e-18
966,G+,0.894215464616434,1.005091153763046,false,0,-5.854691731421724e-18
967,G-,0.894215464616434,1.0039479206795003,false,0,-7.697835424647081e-18
968,G+,0.894215464616434,1.0044037037391675,false,0,-6.288372600415926e-18
969,G-,0.894215464616434,1.004737524998212,false,0,-6.938893903907228e-18
970,G+,0.894215464616434,1.003451939303724,false,0,-4.228388472693467e-18
971,G-,0.894215464616434,1.0037247271157557,false,0,-6.071532165918825e-18
972,G+,0.894215464616434,1.0049683096457294,false,0,-4.445228907190568e-18
973,G-,0.894215464616434,1.0034028391493168,false,0,-5.637851296924623e-18
974,G+,0.894215464616434,1.0066164969359024,false,0,-6.938893903907228e-18
975,G-,0.894215464616434,1.0033497952408075,false,0,-6.179952383167375e-18
976,G+,0.894215464616434,1.0046400811406044,false,0,-4.87890977618477e-18
977,G-,0.894215464616434,1.0032881190960752,false,0,-6.179952383167375e-18
978,G+,0.894215464616434,1.0067779720854508,false,0,-7.047314121155779e-18
979,G-,0.894215464616434,1.0030252094686003,false,0,-4.553649124439119e-18
980,G+,0.894215464616434,1.0030668863896455,false,0,-8.456776945386935e-18
981,G-,0.894215464616434,1.0038988032499736,false,0,-4.87890977618477e-18
982,G+,0.894215464616434,1.0037568100666314,false,0,-5.312590645178972e-18
983,G-,0.894215464616434,1.0032319614707834,false,0,-7.589415207398531e-18
984,G+,0.894215464616434,1.0038155002586269,false,0,-4.119968255444917e-18
985,G-,0.894215464616434,1.0037794849457815,false,0,-5.5294310796760726e-18
986,G+,0.894215464616434,1.0033220667113227,false,0,-3.577867169202165e-18
987,G-,0.894215464616434,1.0036356144064404,false,0,-4.662069341687669e-18
988,F,0.8941962179762425,1.0036905611675349,false,0,-6.7220534694101275e-18
989,G+,0.9041962179762425,0.6874424191742464,true,0,-6.7220534694101275e-18
990,G-,0.8841962179762425,2.5753502965255786,false,0,-6.7220534694101275e-18
991,G+,0.8941962179762425,1.0047378210670228,false,0,-4.228388472693467e-18
992,G-,0.8941962179762425,1.0055057033708024,false,0,-5.7462715141731735e-18
993,G+,0.8941962179762425,1.004016511916122,false,0,-6.288372600415926e-18
994,G-,0.8941962179762425,1.0041105936236245,false,0,-4.662069341687669e-18
995,G+,0.8941962179762425,1.0047097118507016,false,0,-4.7704895589362195e-18
996,G-,0.8941962179762425,1.005230895394732,false,0,-7.37257477290143e-18
997,G+,0.8941962179762425,1.0034766279387553,false,0,-5.9631119486702744e-18
998,G-,0.8941962179762425,1.0042150316664689,false,0,-3.903127820947816e-18
999,G+,0.8941962179762425,1.0038850791176217,false,0,-6.5052130349130266e-18
1000,G-,0.8941962179762425,1.0036219027354574,false,0,-4.662069341687669e-18
1001,G+,0.8941962179762425,1.0042120303910402,false,0,-3.2526065174565133e-18
1002,G-,0.8941962179762425,1.0051552012649616,false,0,-5.637851296924623e-18
1003,G+,0.8941962179762425,1.0040858120818013,false,0,-1.8431436932253575e-18
1004,G-,0.8941962179762425,1.0037353065666548,false,0,-5.9631119486702744e-18
1005,G+,0.8941962179762425,1.0043476006457925,false,0,-5.637851296924623e-18
1006,G-,0.8941962179762425,1.0045972907157539,false,0,-3.469446951953614e-18
1007,G+,0.8941962179762425,1.0049561866430818,false,0,-4.336808689942018e-18
1008,G-,0.8941962179762425,1.0061980480806956,false,0,-6.938893903907228e-18
1009,G+,0.8941962179762425,1.004221156977384,false,0,-1.8431436932253575e-18
1010,G-,0.8941962179762425,1.0035928805596157,false,0,-5.637851296924623e-18
1011,G+,0.8941962179762425,1.0058825530545852,false,0,-4.7704895589362195e-18
1012,G-,0.8941962179762425,1.0046464694933952,false,0,-4.553649124439119e-18
1013,G+,0.8941962179762425,1.005721772019604,false,0,-3.2526065174565133e-18
1014,G-,0.8941962179762425,1.0031970161911308,false,0,-6.830473686658678e-18
1015,G+,0.8941962179762425,1.0035213873188564,false,0,-4.7704895589362195e-18
1016,G-,0.8941962179762425,1.0041534147050177,false,0,-4.228388472693467e-18
1017,G+,0.8941962179762425,1.00413762086534,false,0,-6.071532165918825e-18
1018,G-,0.8941962179762425,1.0036626078958728,false,0,-3.3610267347050637e-18
1019,G+,0.8941962179762425,1.0039471100031963,false,0,-6.613633252161577e-18
1020,G-,0.8941962179762425,1.0038278988523843,false,0,-6.938893903907228e-18
1021,F,0.8941937572514216,1.0030540465409152,false,0,-3.3610267347050637e-18
1022,G+,0.9041937572514216,0.6862731906546101,true,0,-3.3610267347050637e-18
1023,G-,0.8841937572514216,2.57857765882836,false,0,-3.3610267347050637e-18
1024,G+,0.8941937572514216,1.0044787815081868,false,0,-3.7947076036992655e-18
1025,G-,0.8941937572514216,1.0041013366481184,false,0,-2.2768245622195593e-18
1026,G+,0.8941937572514216,1.0034843547429444,false,0,-5.204170427930421e-18
1027,G-,0.8941937572514216,1.0031243250735469,false,0,-2.4936649967166602e-18
1028,G+,0.8941937572514216,1.005437000961378,false,0,-6.288372600415926e-18
1029,G-,0.8941937572514216,1.0037939180500137,false,0,-5.204170427930421e-18
1030,G+,0.8941937572514216,1.0031966471386649,false,0,-4.7704895589362195e-18
1031,G-,0.8941937572514216,1.0031015752897585,false,0,-2.168404344971009e-18
1032,G+,0.8941937572514216,1.0025914762486696,false,0,-4.553649124439119e-18
1033,G-,0.8941937572514216,1.0024987503527618,false,0,-3.2526065174565133e-18
1034,G+,0.8941937572514216,1.0034274036562443,false,0,-3.3610267347050637e-18
1035,G-,0.8941937572514216,1.0033481990682285,false,0,-1.6263032587282567e-18
1036,G+,0.8941937572514216,1.0036119978048732,false,0,-2.2768245622195593e-18
1037,G-,0.8941937572514216,1.0030871215301298,false,0,-2.2768245622195593e-18
1038,G+,0.8941937572514216,1.0033752662986553,false,0,-3.577867169202165e-18
1039,G-,0.8941937572514216,1.0038671860885573,false,0,-2.8189256484623115e-18
1040,G+,0.8941937572514216,1.0041140106829025,false,0,-5.312590645178972e-18
1041,G-,0.8941937572514216,1.004359248693422,false,0,-4.87890977618477e-18
1042,G+,0.8941937572514216,1.003251901481867,false,0,-1.0842021724855044e-18
1043,G-,0.8941937572514216,1.0033739686777212,false,0,-1.6263032587282567e-18
1044,G+,0.8941937572514216,1.00360064510411,false,0,-2.8189256484623115e-18
1045,G-,0.8941937572514216,1.0053604081287886,false,0,-5.204170427930421e-18
1046,G+,0.8941937572514216,1.0028623503023586,false,0,-2.2768245622195593e-18
1047,G-,0.8941937572514216,1.003389414039745,false,0,-5.095750210681871e-18
1048,G+,0.8941937572514216,1.0030161730043907,false,0,-3.577867169202165e-18
1049,G-,0.8941937572514216,1.0031768652983621,false,0,-1.951563910473908e-18
1050,G+,0.8941937572514216,1.0031835249557675,false,0,-3.3610267347050637e-18
1051,G-,0.8941937572514216,1.0030066592933622,false,0,-3.469446951953614e-18
1052,G+,0.8941937572514216,1.0033698477279986,false,0,-1.951563910473908e-18
1053,G-,0.8941937572514216,1.0028124855416796,false,0,-5.204170427930421e-18
1054,F,0.894192968797864,0.988038696984495,true,0,-5.149960319306146e-18
1055,G+,0.904192968797864,0.6837213024523401,true,0,-5.149960319306146e-18
1056,G-,0.884192968797864,2.2475597037639115,false,0,-5.149960319306146e-18
1057,G+,0.894192968797864,0.9907983736939463,true,0,-8.998878031629687e-18
1058,G-,0.894192968797864,0.9877573447274904,true,0,-8.890457814381136e-18
1059,G+,0.894192968797864,0.98882377757087,true,0,-8.077306185017008e-18
1060,G-,0.894192968797864,0.9877986346920868,true,0,-5.854691731421724e-18
1061,G+,0.894192968797864,0.9911323219115128,true,0,-8.239936510889834e-18
1062,G-,0.894192968797864,0.9884369105808971,true,0,-4.391018798566293e-18
1063,G+,0.894192968797864,0.9884199399785735,true,0,-6.993104012531504e-18
1064,G-,0.894192968797864,0.9883297882931137,true,0,-5.204170427930421e-18
1065,G+,0.894192968797864,0.9879611829101419,true,0,-8.077306185017008e-18
1066,G-,0.894192968797864,0.9870536729866667,true,0,-5.854691731421724e-18
1067,G+,0.894192968797864,0.9889008738112698,true,0,-7.101524229780054e-18
1068,G-,0.894192968797864,0.9888089963559582,true,0,-6.0173220572945496e-18
1069,G+,0.894192968797864,0.9880405576522497,true,0,-5.9631119486702744e-18
1070,G-,0.894192968797864,0.9894171056264852,true,0,-4.336808689942018e-18
1071,G+,0.894192968797864,0.9894924328361183,true,0,-7.535205098774256e-18
1072,G-,0.894192968797864,0.9875387977341059,true,0,-7.318364664277155e-18
1073,G+,0.894192968797864,0.9879818387758268,true,0,-7.860465750519907e-18
1074,G-,0.894192968797864,0.9899774501038658,true,0,-4.336808689942018e-18
1075,G+,0.894192968797864,0.987771468567011,true,0,-6.776263578034403e-18
1076,G-,0.894192968797864,0.9887137791564478,true,0,-5.041540102057596e-18
1077,G+,0.894192968797864,0.9883175682201122,true,0,-8.40256683676266e-18
1078,G-,0.894192968797864,0.990924353597998,true,0,-8.294146619514109e-18
1079,G+,0.894192968797864,0.98758888123192,true,0,-7.860465750519907e-18
1080,G-,0.894192968797864,0.9885971005445292,true,0,-6.938893903907228e-18
1081,G+,0.894192968797864,0.987773861263069,true,0,-7.914675859144182e-18
1082,G-,0.894192968797864,0.9884224632837587,true,0,-1.0083080204115191e-17
1083,G+,0.894192968797864,0.9883903308869715,true,0,-7.318364664277155e-18
1084,G-,0.894192968797864,0.9880363472120776,true,0,-6.396792817664476e-18
1085,G+,0.894192968797864,0.9880066313317486,true,0,-8.131516293641283e-18
1086,G-,0.894192968797864,0.9880946264586188,true,0,-7.047314121155779e-18
1087,F,0.8940159669420248,0.9942763625064832,true,0,-3.848917712323541e-18
1088,G+,0.9040159669420248,0.6851351255238785,true,0,-3.848917712323541e-18
1089,G-,0.8840159669420248,2.3332718026215176,false,0,-3.848917712323541e-18
1090,G+,0.8940159669420248,0.9972813424740928,true,0,-4.607859233063394e-18
1091,G-,0.8940159669420248,0.9939311416380681,true,0,-2.7647155398380363e-18
1092,G+,0.8940159669420248,0.9948944216070682,true,0,-1.8431436932253575e-18
1093,G-,0.8940159669420248,0.9941321196013772,true,0,-2.3310346708438345e-18
1094,G+,0.8940159669420248,0.9967993927124544,true,0,-9.75781955236954e-19
1095,G-,0.8940159669420248,0.9942888823515674,true,0,-1.8973538018496328e-18
1096,G+,0.8940159669420248,0.9943976826416473,true,0,-2.9815559743351372e-18
1097,G-,0.8940159669420248,0.9944353746291544,true,0,-1.5720931501039814e-18
1098,G+,0.8940159669420248,0.9944692194809326,true,0,-1.4094628242311558e-18
1099,G-,0.8940159669420248,0.9933026948804108,true,0,-2.1141942363467336e-18
1100,G+,0.8940159669420248,0.9958848361423922,true,0,-2.2768245622195593e-18
1101,G-,0.8940159669420248,0.9968589045438757,true,0,4.87890977618477e-19
1102,G+,0.8940159669420248,0.9950726470918506,true,0,-1.0299920638612292e-18
1103,G-,0.8940159669420248,0.9957428610044244,true,0,-1.3010426069826053e-18
1104,G+,0.8940159669420248,0.9966856150739439,true,0,-4.553649124439119e-18
1105,G-,0.8940159669420248,0.9950266697171095,true,0,-2.3852447794681098e-18
1106,G+,0.8940159669420248,0.9943537339611113,true,0,-5.421010862427522e-19
1107,G-,0.8940159669420248,0.9969986631352629,true,0,-2.4936649967166602e-18
1108,G+,0.8940159669420248,0.9939521883524073,true,0,-1.3552527156068805e-18
1109,G-,0.8940159669420248,0.9951263533660036,true,0,-1.4094628242311558e-18
1110,G+,0.8940159669420248,0.9945193490492552,true,0,-9.75781955236954e-19
1111,G-,0.8940159669420248,0.9970667401211706,true,0,-1.0299920638612292e-18
1112,G+,0.8940159669420248,0.9949040233556747,true,0,-2.1141942363467336e-18
1113,G-,0.8940159669420248,0.9948304529919939,true,0,-2.8189256484623115e-18
1114,G+,0.8940159669420248,0.9942926446392208,true,0,-1.734723475976807e-18
1115,G-,0.8940159669420248,0.9944572439336141,true,0,-2.4936649967166602e-18
1116,G+,0.8940159669420248,0.9943991824789772,true,0,-4.174178364069192e-18
1117,G-,0.8940159669420248,0.9942457823572598,true,0,-2.3852447794681098e-18
1118,G+,0.8940159669420248,0.9943975004833978,true,0,-2.6020852139652106e-18
1119,G-,0.8940159669420248,0.9943377804580515,true,0,-3.7947076036992655e-18
1120,F,0.8933441402286296,1.1521232059176518,false,0,-7.697835424647081e-18
1121,F,0.8946894197653217,1.5195278503465537,false,0,-4.553649124439119e-18
1122,F,0.8936800535853272,1.033108597024623,false,0,-4.228388472693467e-18
1123,F,0.893848010263676,1.0079668270621116,false,0,-6.071532165918825e-18
1124,F,0.8939319886028504,1.0003948548988448,false,0,-6.396792817664476e-18
1125,G+,0.9039319886028504,0.6806879700935592,true,0,-6.396792817664476e-18
1126,G-,0.8839319886028504,2.5103816055370647,false,0,-6.396792817664476e-18
1127,G+,0.8939319886028504,1.0016727938165013,false,0,-4.87890977618477e-18
1128,G-,0.8939319886028504,1.0006120044143074,false,0,-3.469446951953614e-18
1129,G+,0.8939319886028504,1.000342018978309,false,0,-7.15573433840433e-18
1130,G-,0.8939319886028504,1.000807812017784,false,0,-4.87890977618477e-18
1131,G+,0.8939319886028504,1.0008300702346788,false,0,-6.7220534694101275e-18
1132,G-,0.8939319886028504,1.0020112374834598,false,0,-5.7462715141731735e-18
1133,G+,0.8939319886028504,0.999565949713551,true,0,-5.7462715141731735e-18
1134,G-,0.8939319886028504,1.0005678202486163,false,0,-6.396792817664476e-18
1135,G+,0.8939319886028504,1.0000646306473913,false,0,-7.589415207398531e-18
1136,G-,0.8939319886028504,1.0001866950274605,false,0,-5.421010862427522e-18
1137,G+,0.8939319886028504,1.0012440286971733,false,0,-7.047314121155779e-18
1138,G-,0.8939319886028504,0.9994309856907793,true,0,-5.637851296924623e-18
1139,G+,0.8939319886028504,1.0011401986288324,false,0,-5.095750210681871e-18
1140,G-,0.8939319886028504,1.0002957050019246,false,0,-4.0115480381963664e-18
1141,G+,0.8939319886028504,0.9995373503375486,true,0,-8.131516293641283e-18
1142,G-,0.8939319886028504,1.0016296617272764,false,0,-4.9873299934333204e-18
1143,G+,0.8939319886028504,1.000261357014636,false,0,-7.26415455565288e-18
1144,G-,0.8939319886028504,1.0012217554072793,false,0,-6.071532165918825e-18
1145,G+,0.8939319886028504,1.0008184802495377,false,0,-5.312590645178972e-18
1146,G-,0.8939319886028504,1.0001417370334476,false,0,-3.7947076036992655e-18
1147,G+,0.8939319886028504,1.0020079781951723,false,0,-6.830473686658678e-18
1148,G-,0.8939319886028504,1.0000583982287918,false,0,-3.3610267347050637e-18
1149,G+,0.8939319886028504,0.9995984077563919,true,0,-4.7704895589362195e-18
1150,G-,0.8939319886028504,0.9986490533485503,true,0,-5.7462715141731735e-18
1151,G+,0.8939319886028504,1.000373216205274,false,0,-5.5294310796760726e-18
1152,G-,0.8939319886028504,0.9997600048699297,true,0,-6.938893903907228e-18
1153,G+,0.8939319886028504,1.000669295050004,false,0,-4.553649124439119e-18
1154,G-,0.8939319886028504,1.0003141838801963,false,0,-4.445228907190568e-18
1155,G+,0.8939319886028504,0.9998158922882104,true,0,-4.662069341687669e-18
1156,G-,0.8939319886028504,1.000203593054458,false,0,-5.637851296924623e-18
1157,F,0.8938807648878608,1.004413216727002,false,0,-4.9873299934333204e-18
1158,G+,0.9038807648878608,0.6881288956401909,true,0,-4.9873299934333204e-18
1159,G-,0.8838807648878608,2.5064827943208075,false,0,-4.9873299934333204e-18
1160,G+,0.8938807648878608,1.0058333666279258,false,0,-3.0357660829594124e-18
1161,G-,0.8938807648878608,1.0049322135310523,false,0,-4.553649124439119e-18
1162,G+,0.8938807648878608,1.0052562745939142,false,0,-3.469446951953614e-18
1163,G-,0.8938807648878608,1.0044363949003725,false,0,-4.553649124439119e-18
1164,G+,0.8938807648878608,1.0051432276687067,false,0,-3.0357660829594124e-18
1165,G-,0.8938807648878608,1.0063398466878846,false,0,-5.312590645178972e-18
1166,G+,0.8938807648878608,1.0030314706971295,false,0,-5.637851296924623e-18
1167,G-,0.8938807648878608,1.004399620962073,false,0,-4.119968255444917e-18
1168,G+,0.8938807648878608,1.004208019399706,false,0,-3.577867169202165e-18
1169,G-,0.8938807648878608,1.0056097993473565,false,0,-4.7704895589362195e-18
1170,G+,0.8938807648878608,1.00162931998963,false,0,-2.927345865710862e-18
1171,G-,0.8938807648878608,1.00600263346661,false,0,-4.228388472693467e-18
1172,G+,0.8938807648878608,1.0041931015809686,false,0,-1.3010426069826053e-18
1173,G-,0.8938807648878608,1.0025892483702648,false,0,-3.3610267347050637e-18
1174,G+,0.8938807648878608,1.0042178288052992,false,0,-1.1926223897340549e-18
1175,G-,0.8938807648878608,1.004406130821659,false,0,-2.2768245622195593e-18
1176,G+,0.8938807648878608,1.0045718985865795,false,0,-2.8189256484623115e-18
1177,G-,0.8938807648878608,1.0050553792758914,false,0,-5.095750210681871e-18
1178,G+,0.8938807648878608,1.0053196198597536,false,0,-1.5178830414797062e-18
1179,G-,0.8938807648878608,1.0038999898728866,false,0,-3.469446951953614e-18
1180,G+,0.8938807648878608,1.0062968685874347,false,0,-3.577867169202165e-18
1181,G-,0.8938807648878608,1.004621297548203,false,0,-1.734723475976807e-18
1182,G+,0.8938807648878608,1.004425616172702,false,0,-2.2768245622195593e-18
1183,G-,0.8938807648878608,1.0024561426639211,false,0,-2.6020852139652106e-18
1184,G+,0.8938807648878608,1.0044118036142708,false,0,-4.662069341687669e-18
1185,G-,0.8938807648878608,1.0030352809824337,false,0,-5.7462715141731735e-18
1186,G+,0.8938807648878608,1.004591398513243,false,0,-1.0842021724855044e-18
1187,G-,0.8938807648878608,1.0040276674826352,false,0,-1.951563910473908e-18
1188,G+,0.8938807648878608,1.0046341395418543,false,0,-2.0599841277224584e-18
1189,G-,0.8938807648878608,1.0040698747943875,false,0,-3.469446951953614e-18
1190,F,0.8932956591328146,1.1889060869189483,false,0,-5.095750210681871e-18
1191,F,0.8954441214780711,1.020090475766441,false,0,-6.830473686658678e-18
1192,F,0.8935882120103377,1.0376643394968772,false,0,-3.903127820947816e-18
1193,F,0.8937344884490993,0.9946253264793261,true,0,-3.0357660829594124e-18
1194,G+,0.9037344884490993,0.7087281757400781,true,0,-3.0357660829594124e-18
1195,G-,0.8837344884490993,1.9525846139751712,false,0,-3.0357660829594124e-18
1196,G+,0.8937344884490993,0.9929061147303144,true,0,-4.0115480381963664e-18
1197,G-,0.8937344884490993,0.9982175633526411,true,0,-3.3610267347050637e-18
1198,G+,0.8937344884490993,0.9949959426216151,true,0,-4.662069341687669e-18
1199,G-,0.8937344884490993,0.9943031882191152,true,0,-3.686287386450715e-18
1200,G+,0.8937344884490993,0.9922220671690246,true,0,-4.336808689942018e-18
1201,G-,0.8937344884490993,0.9994047177844417,true,0,-6.830473686658678e-18
1202,G+,0.8937344884490993,0.9943382512882871,true,0,-4.228388472693467e-18
1203,G-,0.8937344884490993,0.9949468403063654,true,0,-3.686287386450715e-18
1204,G+,0.8937344884490993,0.9943314127942758,true,0,-5.095750210681871e-18
1205,G-,0.8937344884490993,0.9964753083023914,true,0,-4.553649124439119e-18
1206,G+,0.8937344884490993,0.9948210474923571,true,0,-3.903127820947816e-18
1207,G-,0.8937344884490993,0.9991949651024273,true,0,-5.9631119486702744e-18
1208,G+,0.8937344884490993,0.9935171889128128,true,0,-3.686287386450715e-18
1209,G-,0.8937344884490993,0.996147509804418,true,0,-6.071532165918825e-18
1210,G+,0.8937344884490993,0.9959720064472589,true,0,-7.15573433840433e-18
1211,G-,0.8937344884490993,0.995885325206584,true,0,-3.686287386450715e-18
1212,G+,0.8937344884490993,0.9997538576777225,true,0,-3.469446951953614e-18
1213,G-,0.8937344884490993,0.9915931070065572,true,0,-6.7220534694101275e-18
1214,G+,0.8937344884490993,0.9964431822558129,true,0,-4.119968255444917e-18
1215,G-,0.8937344884490993,0.9932644412016045,true,0,-6.179952383167375e-18
1216,G+,0.8937344884490993,1.0010866868191803,false,0,-5.095750210681871e-18
1217,G-,0.8937344884490993,0.99125352879865,true,0,-5.854691731421724e-18
1218,G+,0.8937344884490993,0.9948612341680767,true,0,-7.589415207398531e-18
1219,G-,0.8937344884490993,0.9947499160587051,true,0,-4.7704895589362195e-18
1220,G+,0.8937344884490993,0.9944176517136238,true,0,-6.396792817664476e-18
1221,G-,0.8937344884490993,0.9950813121343949,true,0,-1.4094628242311558e-18
1222,G+,0.8937344884490993,0.9951845162385691,true,0,-7.047314121155779e-18
1223,G-,0.8937344884490993,0.994447067959596,true,0,-7.37257477290143e-18
1224,G+,0.8937344884490993,0.9948781427316022,true,0,-7.047314121155779e-18
1225,G-,0.8937344884490993,0.9949429440770223,true,0,-4.336808689942018e-18
1226,F,0.893385136676213,0.995908427197758,true,0,-5.421010862427522e-18
1227,G+,0.903385136676213,0.7061407329744256,true,0,-5.421010862427522e-18
1228,G-,0.883385136676213,1.9870474932901943,false,0,-5.421010862427522e-18
1229,G+,0.893385136676213,0.9952862454748138,true,0,-6.396792817664476e-18
1230,G-,0.893385136676213,0.9997529292004304,true,0,-5.5294310796760726e-18
1231,G+,0.893385136676213,0.9957193605921061,true,0,-1.6263032587282567e-18
1232,G-,0.893385136676213,0.9967228132146714,true,0,-4.0115480381963664e-18
1233,G+,0.893385136676213,0.9937782231343764,true,0,-4.7704895589362195e-18
1234,G-,0.893385136676213,0.9997478979536614,true,0,-5.204170427930421e-18
1235,G+,0.893385136676213,0.9964034388292553,true,0,-6.288372600415926e-18
1236,G-,0.893385136676213,0.9975234519779401,true,0,-5.312590645178972e-18
1237,G+,0.893385136676213,0.9961898769753227,true,0,-1.951563910473908e-18
1238,G-,0.893385136676213,0.9960563272482864,true,0,-4.662069341687669e-18
1239,G+,0.893385136676213,0.993017527179781,true,0,-6.179952383167375e-18
1240,G-,0.893385136676213,0.9971205863294966,true,0,-4.7704895589362195e-18
1241,G+,0.893385136676213,0.9954901828770665,true,0,-4.553649124439119e-18
1242,G-,0.893385136676213,0.9954611544289209,true,0,-3.3610267347050637e-18
1243,G+,0.893385136676213,0.9960976553093843,true,0,-3.144186300207963e-18
1244,G-,0.893385136676213,0.9944354228472385,true,0,-5.204170427930421e-18
1245,G+,0.893385136676213,0.9989987634545496,true,0,-4.87890977618477e-18
1246,G-,0.893385136676213,0.9943724091115982,true,0,-4.9873299934333204e-18
1247,G+,0.893385136676213,0.9970093837925936,true,0,-4.228388472693467e-18
1248,G-,0.893385136676213,0.9951587805532969,true,0,-3.0357660829594124e-18
1249,G+,0.893385136676213,0.9997316444350846,true,0,-4.662069341687669e-18
1250,G-,0.893385136676213,0.9947620073923056,true,0,-3.7947076036992655e-18
1251,G+,0.893385136676213,0.9958226881196812,true,0,-4.7704895589362195e-18
1252,G-,0.893385136676213,0.9961429774189849,true,0,-2.8189256484623115e-18
1253,G+,0.893385136676213,0.9956988532420462,true,0,-4.7704895589362195e-18
1254,G-,0.893385136676213,0.9989404231820979,true,0,-3.7947076036992655e-18
1255,G+,0.893385136676213,0.9962068668520727,true,0,-2.927345865710862e-18
1256,G-,0.893385136676213,0.9959066346695137,true,0,-4.553649124439119e-18
1257,G+,0.893385136676213,0.99856783701308,true,0,-4.7704895589362195e-18
1258,G-,0.893385136676213,0.9961018644662936,true,0,-7.15573433840433e-18
1259,F,0.8911083199183297,1.5072783342444414,false,0,-7.047314121155779e-18
1260,F,0.8977713161108456,1.4654849214632089,false,0,-7.806255641895632e-18
1261,F,0.8922467282972714,1.1134047678963381,false,0,-4.445228907190568e-18
1262,F,0.8928159324867422,1.0326556684377475,false,0,-3.2526065174565133e-18
1263,F,0.8931005345814776,1.0029483206365348,false,0,-5.421010862427522e-18
1264,F,0.8915445734748273,1.3450503509595737,false,0,-3.686287386450715e-18
1265,F,0.8966313473609159,1.3407064150396344,false,0,-1.0842021724855044e-18
1266,F,0.8923934053187766,1.090129659517715,false,0,-6.396792817664476e-18
1267,F,0.8937525977144939,1.0529775394323342,false,0,-3.686287386450715e-18
1268,F,0.8928180342975209,1.0327446430947107,false,0,-7.37257477290143e-18
1269,F,0.8933462223546512,1.0154373475653795,false,0,-4.662069341687669e-18
1270,F,0.8930307767815884,1.021122263782866,false,0,-4.336808689942018e-18
1271,F,0.8933951492745378,1.007646642856833,false,0,-4.7704895589362195e-18
1272,F,0.8931380194234586,1.0080888898717162,false,0,-7.589415207398531e-18
1273,F,0.8933140355831527,1.0017936990787262,false,0,-6.288372600415926e-18
1274,F,0.8931935198274882,1.0051568623213265,false,0,-3.3610267347050637e-18
1275,F,0.8933282744028379,1.0004924012699463,false,0,-4.9873299934333204e-18
1276,F,0.8932269148053631,1.0036415533465362,false,0,-3.0357660829594124e-18
1277,F,0.8933405118090547,0.9990132270718998,true,0,-4.662069341687669e-18
1278,G+,0.9033405118090547,0.7063899991540452,true,0,-4.662069341687669e-18
1279,G-,0.8833405118090547,2.014158117948134,false,0,-4.662069341687669e-18
1280,G+,0.8933405118090547,1.008944844814658,false,0,-5.5294310796760726e-18
1281,G-,0.8933405118090547,0.9962736988804468,true,0,-5.637851296924623e-18
1282,G+,0.8933405118090547,1.0012732908786366,false,0,-2.4936649967166602e-18
1283,G-,0.8933405118090547,0.9970253189845356,true,0,-3.903127820947816e-18
1284,G+,0.8933405118090547,1.0052895440417324,false,0,-4.0115480381963664e-18
1285,G-,0.8933405118090547,0.994834358470145,true,0,-5.637851296924623e-18
1286,G+,0.8933405118090547,1.0003502702631397,false,0,-3.903127820947816e-18
1287,G-,0.8933405118090547,1.0012704744366343,false,0,-4.0115480381963664e-18
1288,G+,0.8933405118090547,0.9994569857853687,true,0,-3.469446951953614e-18
1289,G-,0.8933405118090547,0.9995640792049598,true,0,-3.686287386450715e-18
1290,G+,0.8933405118090547,1.000366650511655,false,0,-6.7220534694101275e-18
1291,G-,0.8933405118090547,1.0020091496786079,false,0,-3.3610267347050637e-18
1292,G+,0.8933405118090547,0.9985860096994379,true,0,-1.6263032587282567e-18
1293,G-,0.8933405118090547,0.9972605324964037,true,0,-5.637851296924623e-18
1294,G+,0.8933405118090547,1.0008295666689273,false,0,-3.0357660829594124e-18
1295,G-,0.8933405118090547,0.9982849064538574,true,0,-5.312590645178972e-18
1296,G+,0.8933405118090547,0.9961435349559837,true,0,-3.469446951953614e-18
1297,G-,0.8933405118090547,1.0049547207724432,false,0,-5.637851296924623e-18
1298,G+,0.8933405118090547,0.9977498459228324,true,0,-1.4094628242311558e-18
1299,G-,0.8933405118090547,1.0007322982624978,false,0,-4.9873299934333204e-18
1300,G+,0.8933405118090547,0.9994343904473625,true,0,-5.5294310796760726e-18
1301,G-,0.8933405118090547,1.0067820561568177,false,0,-1.951563910473908e-18
1302,G+,0.8933405118090547,0.9988370100612509,true,0,-4.0115480381963664e-18
1303,G-,0.8933405118090547,1.0042280285290612,false,0,-3.903127820947816e-18
1304,G+,0.8933405118090547,1.0031690058325609,false,0,-1.734723475976807e-18
1305,G-,0.8933405118090547,0.9992175087656505,true,0,-3.469446951953614e-18
1306,G+,0.8933405118090547,0.9992433577283075,true,0,-3.469446951953614e-18
1307,G-,0.8933405118090547,0.9990038095263928,true,0,-5.421010862427522e-18
1308,G+,0.8933405118090547,0.9989596597402496,true,0,-3.469446951953614e-18
1309,G-,0.8933405118090547,1.0034129410845336,false,0,-2.3852447794681098e-18
1310,F,0.8928078467622339,1.0384121798059378,false,0,-3.469446951953614e-18
1311,F,0.8933820033167813,1.0133546911736289,false,0,-3.7947076036992655e-18
1312,F,0.8930741792856444,1.0084287141346304,false,0,-2.6020852139652106e-18
1313,F,0.8932073455473495,1.0037638432952658,false,0,-4.553649124439119e-18
1314,F,0.8932739286782021,1.0003398206825271,false,0,-6.938893903907228e-18
1315,G+,0.9032739286782021,0.7069593696830984,true,0,-6.938893903907228e-18
1316,G-,0.8832739286782021,2.02638975981015,false,0,-6.938893903907228e-18
1317,G+,0.8932739286782021,1.0057953564455637,false,0,-6.288372600415926e-18
1318,G-,0.8932739286782021,0.9980803406906591,true,0,-4.662069341687669e-18
1319,G+,0.8932739286782021,1.0022526393229187,false,0,-3.2526065174565133e-18
1320,G-,0.8932739286782021,0.9993653388931818,true,0,-5.637851296924623e-18
1321,G+,0.8932739286782021,1.006892945984067,false,0,-3.686287386450715e-18
1322,G-,0.8932739286782021,0.9975834401848602,true,0,-4.7704895589362195e-18
1323,G+,0.8932739286782021,1.0005076606418495,false,0,-4.0115480381963664e-18
1324,G-,0.8932739286782021,0.9997078044543024,true,0,-4.119968255444917e-18
1325,G+,0.8932739286782021,1.0009448852830554,false,0,-3.903127820947816e-18
1326,G-,0.8932739286782021,1.0013143640659277,false,0,-5.204170427930421e-18
1327,G+,0.8932739286782021,0.9998294831265386,true,0,-3.144186300207963e-18
1328,G-,0.8932739286782021,1.0021500293493775,false,0,-6.179952383167375e-18
1329,G+,0.8932739286782021,1.000087043211127,false,0,-6.396792817664476e-18
1330,G-,0.8932739286782021,0.999441318628216,true,0,-4.445228907190568e-18
1331,G+,0.8932739286782021,1.00145609224441,false,0,-3.686287386450715e-18
1332,G-,0.8932739286782021,1.0000569666038204,false,0,-3.0357660829594124e-18
1333,G+,0.8932739286782021,0.9983870457004734,true,0,-4.228388472693467e-18
1334,G-,0.8932739286782021,1.0045872379620178,false,0,-5.421010862427522e-18
1335,G+,0.8932739286782021,0.9991958091499845,true,0,-2.2768245622195593e-18
1336,G-,0.8932739286782021,1.0018769354299621,false,0,-3.577867169202165e-18
1337,G+,0.8932739286782021,0.997444653889344,true,0,-3.3610267347050637e-18
1338,G-,0.8932739286782021,1.0066849761658885,false,0,-2.6020852139652106e-18
1339,G+,0.8932739286782021,0.9998635426735004,true,0,-5.7462715141731735e-18
1340,G-,0.8932739286782021,1.0011772273946238,false,0,-5.637851296924623e-18
1341,G+,0.8932739286782021,1.0000559614373992,false,0,-4.87890977618477e-18
1342,G-,0.8932739286782021,1.0005782058605972,false,0,-4.228388472693467e-18
1343,G+,0.8932739286782021,1.0004798652821216,false,0,-3.469446951953614e-18
1344,G-,0.8932739286782021,1.0001735240130143,false,0,-2.8189256484623115e-18
1345,G+,0.8932739286782021,1.000210328097609,false,0,-5.421010862427522e-18
1346,G-,0.8932739286782021,1.0004290183285207,false,0,-5.204170427930421e-18
1347,F,0.8927797986966373,1.0760956441243275,false,0,-6.5052130349130266e-18
1348,F,0.8939136436740942,1.0372003307805608,false,0,-4.87890977618477e-18
1349,F,0.8930268636874197,1.01663859280726,false,0,-2.710505431213761e-18
1350,F,0.8931503961828109,1.004686534883719,false,0,-1.4094628242311558e-18
1351,F,0.8932121624305065,1.002094624798687,false,0,-9.75781955236954e-19
1352,F,0.8930711110938727,1.0069459281171138,false,0,-4.7704895589362195e-18
1353,F,0.8931742091257143,1.0035420981592007,false,0,-6.396792817664476e-18
1354,F,0.893126559458392,1.005328106994014,false,0,-4.9873299934333204e-18
1355,F,0.8932092011952338,1.002261464353911,false,0,-3.7947076036992655e-18
1356,F,0.8931543738877219,1.0028450509557154,false,0,-3.7947076036992655e-18
1357,G+,0.9031543738877219,0.7066199595802676,true,0,-3.7947076036992655e-18
1358,G-,0.8831543738877219,2.059838387271548,false,0,-3.7947076036992655e-18
1359,G+,0.8931543738877219,1.0028189123164442,false,0,-5.854691731421724e-18
1360,G-,0.8931543738877219,1.0054122408136386,false,0,-5.7462715141731735e-18
1361,G+,0.8931543738877219,1.0026234917395724,false,0,-6.5052130349130266e-18
1362,G-,0.8931543738877219,1.003423269829235,false,0,-7.914675859144182e-18
1363,G+,0.8931543738877219,1.0030639539295876,false,0,-4.336808689942018e-18
1364,G-,0.8931543738877219,1.0057711644680905,false,0,-7.15573433840433e-18
1365,G+,0.8931543738877219,1.002703910761725,false,0,-7.15573433840433e-18
1366,G-,0.8931543738877219,1.0030721659304298,false,0,-2.927345865710862e-18
1367,G+,0.8931543738877219,1.003793120620217,false,0,-6.7220534694101275e-18
1368,G-,0.8931543738877219,1.0032289696450136,false,0,-7.697835424647081e-18
1369,G+,0.8931543738877219,1.0021468896824843,false,0,-5.421010862427522e-18
1370,G-,0.8931543738877219,1.0042549955561118,false,0,-7.37257477290143e-18
1371,G+,0.8931543738877219,1.0020796331392816,false,0,-7.914675859144182e-18
1372,G-,0.8931543738877219,1.0018415713687303,false,0,-5.637851296924623e-18
1373,G+,0.8931543738877219,1.004444827353601,false,0,-7.37257477290143e-18
1374,G-,0.8931543738877219,1.0021757485702858,false,0,-4.119968255444917e-18
1375,G+,0.8931543738877219,1.0052578647868637,false,0,-3.903127820947816e-18
1376,G-,0.8931543738877219,1.0024630133206611,false,0,-4.0115480381963664e-18
1377,G+,0.8931543738877219,1.0034551873177715,false,0,-8.023096076392733e-18
1378,G-,0.8931543738877219,1.0025913094932035,false,0,-5.312590645178972e-18
1379,G+,0.8931543738877219,1.0055995909533886,false,0,-6.7220534694101275e-18
1380,G-,0.8931543738877219,1.003447284490865,false,0,-6.938893903907228e-18
1381,G+,0.8931543738877219,1.0026282675736955,false,0,-4.553649124439119e-18
1382,G-,0.8931543738877219,1.0031465898629062,false,0,-6.288372600415926e-18
1383,G+,0.8931543738877219,1.0026973240608155,false,0,-8.890457814381136e-18
1384,G-,0.8931543738877219,1.0030732452799913,false,0,-3.7947076036992655e-18
1385,G+,0.8931543738877219,1.0029931614828498,false,0,-7.914675859144182e-18
1386,G-,0.8931543738877219,1.0028663385781735,false,0,-4.445228907190568e-18
1387,G+,0.8931543738877219,1.0028359269262663,false,0,-7.37257477290143e-18
1388,G-,0.8931543738877219,1.0029206942665545,false,0,-6.071532165918825e-18
1389,F,0.8931537019692238,1.0009657906111376,false,0,-2.2768245622195593e-18
1390,G+,0.9031537019692238,0.6982138501116586,true,0,-2.2768245622195593e-18
1391,G-,0.8831537019692238,2.128853484512839,false,0,-2.2768245622195593e-18
1392,G+,0.8931537019692238,1.0018935340241562,false,0,-4.336808689942018e-18
1393,G-,0.8931537019692238,1.0022843378347366,false,0,-5.095750210681871e-18
1394,G+,0.8931537019692238,1.0010241332281642,false,0,-5.854691731421724e-18
1395,G-,0.8931537019692238,1.0013359107639084,false,0,-3.7947076036992655e-18
1396,G+,0.8931537019692238,1.0020192237015073,false,0,-4.7704895589362195e-18
1397,G-,0.8931537019692238,1.0026722460479507,false,0,-4.662069341687669e-18
1398,G+,0.8931537019692238,1.0008699075411442,false,0,-6.5052130349130266e-18
1399,G-,0.8931537019692238,1.0009776430285557,false,0,-5.7462715141731735e-18
1400,G+,0.8931537019692238,1.0018524562371447,false,0,-5.854691731421724e-18
1401,G-,0.8931537019692238,1.0013346639283367,false,0,-3.577867169202165e-18
1402,G+,0.8931537019692238,1.0002002072147196,false,0,-2.927345865710862e-18
1403,G-,0.8931537019692238,1.0018216976550751,false,0,-2.710505431213761e-18
1404,G+,0.8931537019692238,1.0008460855539405,false,0,-6.938893903907228e-18
1405,G-,0.8931537019692238,0.9990673875729651,true,0,-6.5052130349130266e-18
1406,G+,0.8931537019692238,1.0011689282398781,false,0,-4.553649124439119e-18
1407,G-,0.8931537019692238,1.00165790312724,false,0,-5.204170427930421e-18
1408,G+,0.8931537019692238,1.0013855017430568,false,0,-4.0115480381963664e-18
1409,G-,0.8931537019692238,1.0017264002259623,false,0,-4.445228907190568e-18
1410,G+,0.8931537019692238,1.0012713185564388,false,0,-6.5052130349130266e-18
1411,G-,0.8931537019692238,1.0010066013947119,false,0,-6.938893903907228e-18
1412,G+,0.8931537019692238,1.001981564955382,false,0,-3.686287386450715e-18
1413,G-,0.8931537019692238,1.002635467631865,false,0,-4.87890977618477e-18
1414,G+,0.8931537019692238,1.0007254859764259,false,0,-6.071532165918825e-18
1415,G-,0.8931537019692238,1.0004541885206524,false,0,-3.0357660829594124e-18
1416,G+,0.8931537019692238,1.0008269356355894,false,0,-5.637851296924623e-18
1417,G-,0.8931537019692238,1.0010151648434733,false,0,-4.553649124439119e-18
1418,G+,0.8931537019692238,1.000964208303519,false,0,-4.119968255444917e-18
1419,G-,0.8931537019692238,1.0008590586272201,false,0,-5.204170427930421e-18
1420,G+,0.8931537019692238,1.0009145058726185,false,0,-7.047314121155779e-18
1421,G-,0.8931537019692238,1.000916822964649,false,0,-6.938893903907228e-18
1422,F,0.8927197373829366,1.2556452946852126,false,0,-4.716279450311944e-18
1423,F,0.8963506507956877,1.0508532224750773,false,0,-6.938893903907228e-18
1424,F,0.8929367196760802,1.076633734904825,false,0,-6.613633252161577e-18
1425,F,0.8930452108226521,1.0139767301911866,false,0,-6.938893903907228e-18
1426,F,0.8930994563959379,1.0055778453116098,false,0,-2.2768245622195593e-18
1427,F,0.8927238405788666,1.2537418782262815,false,0,-6.179952383167375e-18
1428,F,0.8962620185017691,1.0107530278807484,false,0,-5.854691731421724e-18
1429,F,0.8929358576365547,1.0787762571619421,false,0,-7.26415455565288e-18
1430,F,0.8940343424998438,1.016750825266876,false,0,-8.565197162635485e-18
1431,F,0.893041884842439,1.015346644738487,false,0,-3.469446951953614e-18
1432,F,0.893255920901274,1.0053621557444448,false,0,-3.903127820947816e-18
1433,F,0.8930949358571486,1.0091169283319574,false,0,-6.7220534694101275e-18
1434,F,0.8932221117664377,1.0033340559788602,false,0,-5.204170427930421e-18
1435,F,0.8931215366533535,0.9980902501599224,true,0,-6.288372600415926e-18
1436,G+,0.9031215366533535,0.6887832778156323,true,0,-6.288372600415926e-18
1437,G-,0.8831215366533535,2.193885580025977,false,0,-6.288372600415926e-18
1438,G+,0.8931215366533535,1.005695565404077,false,0,-3.3610267347050637e-18
1439,G-,0.8931215366533535,0.99779063482341,true,0,-5.5294310796760726e-18
1440,G+,0.8931215366533535,0.9986865306923874,true,0,-3.577867169202165e-18
1441,G-,0.8931215366533535,0.9979383920296652,true,0,-3.7947076036992655e-18
1442,G+,0.8931215366533535,1.0058517901737234,false,0,-6.938893903907228e-18
1443,G-,0.8931215366533535,0.9988681030356048,true,0,-7.15573433840433e-18
1444,G+,0.8931215366533535,0.9988349733970707,true,0,-1.6263032587282567e-18
1445,G-,0.8931215366533535,1.0031010045910946,false,0,-2.927345865710862e-18
1446,G+,0.8931215366533535,0.998800609746916,true,0,-3.469446951953614e-18
1447,G-,0.8931215366533535,0.9989781383968726,true,0,-3.469446951953614e-18
1448,G+,0.8931215366533535,1.0032019700327177,false,0,-5.095750210681871e-18
1449,G-,0.8931215366533535,1.0013793142797476,false,0,-3.3610267347050637e-18
1450,G+,0.8931215366533535,1.000235306676066,false,0,-3.3610267347050637e-18
1451,G-,0.8931215366533535,1.0034735917671616,false,0,-5.095750210681871e-18
1452,G+,0.8931215366533535,0.9979835013250057,true,0,-4.87890977618477e-18
1453,G-,0.8931215366533535,0.9974953488465618,true,0,-4.0115480381963664e-18
1454,G+,0.8931215366533535,1.00354070861694,false,0,-6.7220534694101275e-18
1455,G-,0.8931215366533535,0.9999947802693037,true,0,-3.2526065174565133e-18
1456,G+,0.8931215366533535,0.9982486599743641,true,0,-3.144186300207963e-18
1457,G-,0.8931215366533535,1.0033735527143135,false,0,-5.5294310796760726e-18
1458,G+,0.8931215366533535,1.0033367208064605,false,0,-2.8189256484623115e-18
1459,G-,0.8931215366533535,1.0004979776377652,false,0,-7.15573433840433e-18
1460,G+,0.8931215366533535,0.9978243482179827,true,0,-3.3610267347050637e-18
1461,G-,0.8931215366533535,1.0034255462828985,false,0,-3.144186300207963e-18
1462,G+,0.8931215366533535,1.0030537333481502,false,0,-2.4936649967166602e-18
1463,G-,0.8931215366533535,0.99829340871432,true,0,-4.336808689942018e-18
1464,G+,0.8931215366533535,0.9981724278622721,true,0,-4.553649124439119e-18
1465,G-,0.8931215366533535,0.9981772367434387,true,0,-4.119968255444917e-18
1466,G+,0.8931215366533535,0.9981270176172151,true,0,-3.7947076036992655e-18
1467,G-,0.8931215366533535,1.003109499833216,false,0,-3.144186300207963e-18
1468,F,0.8913665240147709,7.557613617738389,false,0,-3.9920662804095175e-18
1469,F,0.8922440303340622,1.9345015156762244,false,0,-7.535205098774256e-18
1470,F,0.8926827834937078,1.2371153087179119,false,0,-5.908901840045999e-18
1471,F,0.8929021600735306,1.08205376724637,false,0,-6.396792817664476e-18
1472,F,0.8926485005468022,1.2342396991436946,false,0,-3.0899761915836876e-18
1473,F,0.8955459078424307,1.0133227157797973,false,0,-5.854691731421724e-18
1474,F,0.8928583460212733,1.0796515411845427,false,0,-5.637851296924623e-18
1475,F,0.8938582673983261,1.018808012518858,false,0,-4.228388472693467e-18
1476,F,0.8929632931294479,1.0227694447050377,false,0,-4.9873299934333204e-18
1477,F,0.8932653540470101,1.0080475178234214,false,0,-7.26415455565288e-18
1478,F,0.8930158155247071,1.0129446632120045,false,0,-6.830473686658678e-18
1479,F,0.8931977579964524,1.004271035726545,false,0,-5.204170427930421e-18
1480,F,0.8930421752077229,1.005086566046278,false,0,-3.577867169202165e-18
1481,F,0.8931278541863905,1.001757734006907,false,0,-6.071532165918825e-18
1482,F,0.893055558737321,1.0012175519246194,false,0,-2.4936649967166602e-18
1483,F,0.8930938463199523,0.9994555752215029,true,0,-4.0115480381963664e-18
1484,G+,0.9030938463199523,0.6875025156211276,true,0,-4.0115480381963664e-18
1485,G-,0.8830938463199522,2.2228190275376383,false,0,-4.0115480381963664e-18
1486,G+,0.8930938463199523,1.0045224852366792,false,0,-2.6020852139652106e-18
1487,G-,0.8930938463199523,0.9997668687113169,true,0,-4.662069341687669e-18
1488,G+,0.8930938463199523,0.9998718704439449,true,0,-6.5052130349130266e-18
1489,G-,0.8930938463199523,0.9995689573559122,true,0,-6.7220534694101275e-18
1490,G+,0.8930938463199523,1.0014569465486698,false,0,-4.0115480381963664e-18
1491,G-,0.8930938463199523,1.0009423850436154,false,0,-5.095750210681871e-18
1492,G+,0.8930938463199523,1.0001751959369476,false,0,-5.204170427930421e-18
1493,G-,0.8930938463199523,1.0025571125533974,false,0,-7.697835424647081e-18
1494,G+,0.8930938463199523,0.9986604322688658,true,0,-5.9631119486702744e-18
1495,G-,0.8930938463199523,0.9998886666852594,true,0,-6.7220534694101275e-18
1496,G+,0.8930938463199523,1.0020034619118308,false,0,-7.15573433840433e-18
1497,G-,0.8930938463199523,1.0009902348543738,false,0,-4.9873299934333204e-18
1498,G+,0.8930938463199523,1.0004927604902287,false,0,-4.228388472693467e-18
1499,G-,0.8930938463199523,0.9997121384417751,true,0,-4.119968255444917e-18
1500,G+,0.8930938463199523,1.0000069214646408,false,0,-3.469446951953614e-18
1501,G-,0.8930938463199523,0.998874646825125,true,0,-4.0115480381963664e-18
1502,G+,0.8930938463199523,1.000691785911691,false,0,-3.3610267347050637e-18
1503,G-,0.8930938463199523,1.0007156384429392,false,0,-4.9873299934333204e-18
1504,G+,0.8930938463199523,1.0000297349587965,false,0,-4.119968255444917e-18
1505,G-,0.8930938463199523,0.9994336456154116,true,0,-4.119968255444917e-18
1506,G+,0.8930938463199523,1.0033972718409483,false,0,-5.095750210681871e-18
1507,G-,0.8930938463199523,1.0010699357871267,false,0,-2.3852447794681098e-18
1508,G+,0.8930938463199523,0.999274250099011,true,0,-4.119968255444917e-18
1509,G-,0.8930938463199523,1.0027600628671336,false,0,-4.553649124439119e-18
1510,G+,0.8930938463199523,0.9994252865722093,true,0,-1.6263032587282567e-18
1511,G-,0.8930938463199523,1.002645194961506,false,0,-2.927345865710862e-18
1512,G+,0.8930938463199523,0.9994961505743738,true,0,-3.2526065174565133e-18
1513,G-,0.8930938463199523,0.9995446071874515,true,0,-3.903127820947816e-18
1514,G+,0.8930938463199523,1.0026581592030672,false,0,-3.686287386450715e-18
1515,G-,0.8930938463199523,0.9994229100641421,true,0,-4.7704895589362195e-18
1516,F,0.885852577172666,NaN,false,-300,NaN
1517,F,0.8894732117463091,NaN,false,-300,NaN
1518,F,0.8912835290331307,1.4848335126065337,false,0,-7.26415455565288e-18
1519,F,0.8921886876765415,1.1052071833138593,false,0,-5.204170427930421e-18
1520,F,0.8929217049861295,1.009111175148458,false,0,-5.095750210681871e-18
1521,F,0.8930448565268034,1.0039728525206948,false,0,-5.421010862427522e-18
1522,F,0.8929947172512834,1.003233165581549,false,0,-3.469446951953614e-18
1523,F,0.8930429247369696,1.0010596692562652,false,0,-4.336808689942018e-18
1524,F,0.8930442817856178,1.0012961484997154,false,0,-4.7704895589362195e-18
1525,F,0.8930677701455363,1.000236436627809,false,0,-3.686287386450715e-18
1526,F,0.8930690640527851,1.000119773896357,false,0,-5.637851296924623e-18
1527,F,0.8930775401708372,0.9997371540256239,true,0,-4.553649124439119e-18
1528,G+,0.9030775401708372,0.68770192658543,true,0,-4.553649124439119e-18
1529,G-,0.8830775401708372,2.2277726292913274,false,0,-4.553649124439119e-18
1530,G+,0.8930775401708372,1.0013237773852666,false,0,-9.75781955236954e-19
1531,G-,0.8930775401708372,1.0004646848187664,false,0,-2.710505431213761e-18
1532,G+,0.8930775401708372,1.000065328736193,false,0,-5.204170427930421e-18
1533,G-,0.8930775401708372,0.9999461900703029,true,0,-1.1926223897340549e-18
1534,G+,0.8930775401708372,1.0014043440432059,false,0,-5.095750210681871e-18
1535,G-,0.8930775401708372,1.001645730079029,false,0,-2.710505431213761e-18
1536,G+,0.8930775401708372,1.0004805497523295,false,0,-4.553649124439119e-18
1537,G-,0.8930775401708372,0.9997490439714639,true,0,-6.613633252161577e-18
1538,G+,0.8930775401708372,0.9992815915101956,true,0,-4.7704895589362195e-18
1539,G-,0.8930775401708372,1.0004334063068177,false,0,-1.1926223897340549e-18
1540,G+,0.8930775401708372,0.9991603034259448,true,0,-3.2526065174565133e-19
1541,G-,0.8930775401708372,1.0016000578093824,false,0,-2.4936649967166602e-18
1542,G+,0.8930775401708372,1.0008004449394405,false,0,-3.903127820947816e-18
1543,G-,0.8930775401708372,0.9999689733321113,true,0,-1.734723475976807e-18
1544,G+,0.8930775401708372,1.0002849292595226,false,0,-2.4936649967166602e-18
1545,G-,0.8930775401708372,0.9988200529772554,true,0,-6.505213034913027e-19
1546,G+,0.8930775401708372,1.0012698593258622,false,0,-4.9873299934333204e-18
1547,G-,0.8930775401708372,1.000808549439607,false,0,-2.927345865710862e-18
1548,G+,0.8930775401708372,1.00040996456668,false,0,-3.2526065174565133e-18
1549,G-,0.8930775401708372,0.9995877246673551,true,0,-1.5178830414797062e-18
1550,G+,0.8930775401708372,1.000682375513854,false,0,-3.577867169202165e-18
1551,G-,0.8930775401708372,1.0012503176415544,false,0,-3.903127820947816e-18
1552,G+,0.8930775401708372,0.9996818089169033,true,0,-2.2768245622195593e-18
1553,G-,0.8930775401708372,0.9998999933880783,true,0,-3.577867169202165e-18
1554,G+,0.8930775401708372,0.9997631466203625,true,0,-4.9873299934333204e-18
1555,G-,0.8930775401708372,0.9998121336157398,true,0,-6.071532165918825e-18
1556,G+,0.8930775401708372,0.9997569343841372,true,0,-5.095750210681871e-18
1557,G-,0.8930775401708372,0.9997779066530945,true,0,-5.5294310796760726e-18
1558,G+,0.8930775401708372,0.9998589048432104,true,0,-2.2768245622195593e-18
1559,G-,0.8930775401708372,0.9996737073744707,true,0,-4.228388472693467e-18
1560,F,0.8928729013500709,1.0359581298272884,false,0,-4.553649124439119e-18
1561,F,0.8933033045551486,1.024018024033182,false,0,-8.673617379884035e-19
1562,F,0.8929752207604541,1.01741206397663,false,0,-3.3610267347050637e-18
1563,F,0.8930263804656456,1.0063778144010467,false,0,-6.613633252161577e-18
1564,F,0.8930519603182414,1.006326353225894,false,0,-3.469446951953614e-18
1565,F,0.8930752139315818,1.0010875912136346,false,0,-1.3010426069826053e-18
1566,F,0.8930963058515665,1.0001572648504027,false,0,-5.854691731421724e-18
1567,F,0.8930761479879228,1.000788685907171,false,0,-7.697835424647081e-18
1568,F,0.8930933927939758,1.000028327547334,false,0,-1.6263032587282567e-18
1569,F,0.8930785685119162,1.000216595098829,false,0,-5.637851296924623e-18
1570,F,0.8930884152438757,0.9997826837444065,true,0,-3.7947076036992655e-18
1571,G+,0.9030884152438757,0.687771745313068,true,0,-3.7947076036992655e-18
1572,G-,0.8830884152438757,2.2263770403667276,false,0,-3.7947076036992655e-18
1573,G+,0.8930884152438757,1.001323360209462,false,0,-5.204170427930421e-18
1574,G-,0.8930884152438757,1.000565245074077,false,0,-5.637851296924623e-18
1575,G+,0.8930884152438757,1.0000381010400559,false,0,-3.7947076036992655e-18
1576,G-,0.8930884152438757,1.0000011544410545,false,0,-3.686287386450715e-18
1577,G+,0.8930884152438757,1.001333822839737,false,0,-4.553649124439119e-18
1578,G-,0.8930884152438757,1.0016701918769995,false,0,-2.8189256484623115e-18
1579,G+,0.8930884152438757,1.0004834902788753,false,0,-5.204170427930421e-18
1580,G-,0.8930884152438757,0.9997837151622196,true,0,-6.613633252161577e-18
1581,G+,0.8930884152438757,0.9990026492348558,true,0,-4.445228907190568e-18
1582,G-,0.8930884152438757,1.000139846566665,false,0,-4.445228907190568e-18
1583,G+,0.8930884152438757,0.9985295654756031,true,0,-5.9631119486702744e-18
1584,G-,0.8930884152438757,1.000927063901497,false,0,-5.854691731421724e-18
1585,G+,0.8930884152438757,1.0004775400799795,false,0,-5.854691731421724e-18
1586,G-,0.8930884152438757,0.9996331088563633,true,0,-5.5294310796760726e-18
1587,G+,0.8930884152438757,1.0003485297387147,false,0,-6.179952383167375e-18
1588,G-,0.8930884152438757,0.9988306108367964,true,0,-5.9631119486702744e-18
1589,G+,0.8930884152438757,1.0013711006945354,false,0,-4.553649124439119e-18
1590,G-,0.8930884152438757,1.0007560933859851,false,0,-4.336808689942018e-18
1591,G+,0.8930884152438757,1.0003797273810962,false,0,-6.288372600415926e-18
1592,G-,0.8930884152438757,0.9995922675130844,true,0,-5.204170427930421e-18
1593,G+,0.8930884152438757,1.0007662396583195,false,0,-5.9631119486702744e-18
1594,G-,0.8930884152438757,1.001174200159416,false,0,-2.8189256484623115e-18
1595,G+,0.8930884152438757,0.9997029775230921,true,0,-5.9631119486702744e-18
1596,G-,0.8930884152438757,0.9999495498935429,true,0,-3.577867169202165e-18
1597,G+,0.8930884152438757,0.9997759702994506,true,0,-4.662069341687669e-18
1598,G-,0.8930884152438757,0.9998396073009765,true,0,-1.8431436932253575e-18
1599,G+,0.8930884152438757,0.9997709553828165,true,0,-2.0599841277224584e-18
1600,G-,0.8930884152438757,0.99983002649614,true,0,-6.613633252161577e-18
1601,G+,0.8930884152438757,0.9998730141331251,true,0,-6.071532165918825e-18
1602,G-,0.8930884152438757,0.9997306222086086,true,0,-3.7947076036992655e-18
1603,F,0.8928294658281443,1.0423553554188756,false,0,-2.168404344971009e-18
1604,F,0.8933256605252337,1.032007191929542,false,0,-3.0357660829594124e-18
1605,F,0.89295894053601,1.0163912903178594,false,0,-4.87890977618477e-18
1606,F,0.8930236778899429,1.0070850959123205,false,0,-4.0115480381963664e-18
1607,F,0.8930560465669093,1.005486172413073,false,0,-6.5052130349130266e-18
1608,F,0.8930858158738095,1.0003445699717566,false,0,-7.806255641895632e-18
1609,F,0.8930930935337481,1.000023799377232,false,0,-5.421010862427522e-18
1610,F,0.8930871155588426,1.000081385116794,false,0,-5.7462715141731735e-18
1611,F,0.8930909843973674,0.9999109024508177,true,0,-9.215718466126788e-18
1612,F,0.8930877654013591,0.9999430662416953,true,0,-3.686287386450715e-18
1613,G+,0.9030877654013592,0.6878790218622238,true,0,-3.686287386450715e-18
1614,G-,0.8830877654013591,2.2272317037435663,false,0,-3.686287386450715e-18
1615,G+,0.8930877654013591,1.001465354358717,false,0,-4.336808689942018e-18
1616,G-,0.8930877654013591,1.0007326296624794,false,0,-2.2768245622195593e-18
1617,G+,0.8930877654013591,1.0001846721123235,false,0,-2.2768245622195593e-18
1618,G-,0.8930877654013591,1.0001639501825301,false,0,-1.734723475976807e-18
1619,G+,0.8930877654013591,1.0015015795781173,false,0,-2.168404344971009e-18
1620,G-,0.8930877654013591,1.0018243063216596,false,0,-4.336808689942018e-19
1621,G+,0.8930877654013591,1.0006428458073233,false,0,-3.0357660829594124e-18
1622,G-,0.8930877654013591,0.99994518932626,true,0,-3.3610267347050637e-18
1623,G+,0.8930877654013591,0.9991633955052657,true,0,-2.2768245622195593e-18
1624,G-,0.8930877654013591,1.0002988886863187,false,0,-2.3852447794681098e-18
1625,G+,0.8930877654013591,0.9986924167104315,true,0,-2.168404344971009e-18
1626,G-,0.8930877654013591,1.001084135869657,false,0,-3.7947076036992655e-18
1627,G+,0.8930877654013591,1.0006375461691535,false,0,-9.75781955236954e-19
1628,G-,0.8930877654013591,0.9997931303330782,true,0,-3.0357660829594124e-18
1629,G+,0.8930877654013591,1.0005108313503388,false,0,-3.577867169202165e-18
1630,G-,0.8930877654013591,0.9989904461806579,true,0,-7.589415207398531e-19
1631,G+,0.8930877654013591,1.0014322435443717,false,0,-1.5178830414797062e-18
1632,G-,0.8930877654013591,1.000916834334656,false,0,-3.2526065174565133e-19
1633,G+,0.8930877654013591,1.000530361844256,false,0,-6.505213034913027e-19
1634,G-,0.8930877654013591,0.9997611585900997,true,0,-1.6263032587282567e-18
1635,G+,0.8930877654013591,1.0009207423832645,false,0,-4.336808689942018e-19
1636,G-,0.8930877654013591,1.0013627329117143,false,0,-3.686287386450715e-18
1637,G+,0.8930877654013591,0.9998616101155291,true,0,-5.421010862427522e-18
1638,G-,0.8930877654013591,1.0001116606155371,false,0,-4.119968255444917e-18
1639,G+,0.8930877654013591,0.9999347136137045,true,0,-2.8189256484623115e-18
1640,G-,0.8930877654013591,1.000001621531293,false,0,-2.2768245622195593e-18
1641,G+,0.8930877654013591,0.9999295561750542,true,0,-3.903127820947816e-18
1642,G-,0.8930877654013591,0.9999920717424053,true,0,-7.589415207398531e-19
1643,G+,0.8930877654013591,1.0000321055805348,false,0,-2.0599841277224584e-18
1644,G-,0.8930877654013591,0.9998922848488463,true,0,-3.577867169202165e-18
1645,F,0.8926967261715161,1.060271982773916,false,0,-6.288372600415926e-18
1646,F,0.8933450409465843,1.0570036779632055,false,0,-6.071532165918825e-18
1647,F,0.8928922457864376,1.0223018784850577,false,0,-4.553649124439119e-18
1648,F,0.8929900055938984,1.0121848838987209,false,0,-5.5294310796760726e-18
1649,F,0.8930388854976288,1.00728961592134,false,0,-5.312590645178972e-18
1650,F,0.8930832524123902,1.0006144458603106,false,0,-6.396792817664476e-18
1651,F,0.8930919445251556,1.0002309716286288,false,0,-8.456776945386935e-18
1652,F,0.8930855089068747,1.0004249101360498,false,0,-1.8431436932253575e-18
1653,F,0.8930917471682389,1.0001470131714125,false,0,-1.0842021724855044e-18
1654,F,0.893086637154117,1.0001993968521599,false,0,-2.3852447794681098e-18
1655,F,0.8930899557752848,1.0000531291956614,false,0,-3.577867169202165e-18
1656,F,0.893087201277738,1.0000797645014856,false,0,-6.830473686658678e-18
1657,F,0.8930889710614512,1.0000017782631556,false,0,-2.4936649967166602e-18
1658,F,0.8930874833395486,1.0000113742844887,false,0,-4.0115480381963664e-18
1659,F,0.8930883676994651,0.9999724070635818,true,0,-2.3852447794681098e-18
1660,F,0.8930876243704539,0.999977209992021,true,0,-7.697835424647081e-18
1661,G+,0.9030876243704539,0.6878954299724032,true,0,-7.697835424647081e-18
1662,G-,0.8830876243704538,2.227432471391471,false,0,-7.697835424647081e-18
1663,G+,0.8930876243704539,1.001496254698831,false,0,-4.87890977618477e-18
1664,G-,0.8930876243704539,1.0007698341773952,false,0,-8.348356728138384e-18
1665,G+,0.8930876243704539,1.0002168289976363,false,0,-5.204170427930421e-18
1666,G-,0.8930876243704539,1.0001999346949815,false,0,-5.637851296924623e-18
1667,G+,0.8930876243704539,1.0015324755071986,false,0,-5.9631119486702744e-18
1668,G-,0.8930876243704539,1.0018612717795565,false,0,-5.421010862427522e-18
1669,G+,0.8930876243704539,1.0006762643498217,false,0,-4.445228907190568e-18
1670,G-,0.8930876243704539,0.9999799413622101,true,0,-6.071532165918825e-18
1671,G+,0.8930876243704539,0.9991983042654646,true,0,-5.312590645178972e-18
1672,G-,0.8930876243704539,1.0003321593056427,false,0,-6.179952383167375e-18
1673,G+,0.8930876243704539,0.9984554219801031,true,0,-7.15573433840433e-18
1674,G-,0.8930876243704539,1.0011158567257397,false,0,-6.288372600415926e-18
1675,G+,0.8930876243704539,1.0006724347442817,false,0,-8.456776945386935e-18
1676,G-,0.8930876243704539,0.9995618401641949,true,0,-5.637851296924623e-18
1677,G+,0.8930876243704539,1.000545602679922,false,0,-4.9873299934333204e-18
1678,G-,0.8930876243704539,0.999024181578621,true,0,-4.445228907190568e-18
1679,G+,0.8930876243704539,1.0014692054512548,false,0,-5.637851296924623e-18
1680,G-,0.8930876243704539,1.0009484440593643,false,0,-4.87890977618477e-18
1681,G+,0.8930876243704539,1.0005648039551027,false,0,-7.15573433840433e-18
1682,G-,0.8930876243704539,0.999794974315716,true,0,-4.553649124439119e-18
1683,G+,0.8930876243704539,1.0009570959397083,false,0,-4.119968255444917e-18
1684,G-,0.8930876243704539,1.001394367897014,false,0,-6.5052130349130266e-18
1685,G+,0.8930876243704539,0.999895706037369,true,0,-5.095750210681871e-18
1686,G-,0.8930876243704539,1.0001458333312205,false,0,-5.204170427930421e-18
1687,G+,0.8930876243704539,0.9999685065095946,true,0,-4.445228907190568e-18
1688,G-,0.8930876243704539,1.0000361054786726,false,0,-6.7220534694101275e-18
1689,G+,0.8930876243704539,0.9999633542151186,true,0,-4.336808689942018e-18
1690,G-,0.8930876243704539,1.000026548664861,false,0,-4.662069341687669e-18
1691,G+,0.8930876243704539,1.000065972131215,false,0,-5.5294310796760726e-18
1692,G-,0.8930876243704539,0.9999266945547678,true,0,-6.613633252161577e-18
1693,F,0.8839700561929885,NaN,false,-300,NaN
1694,F,0.8885288402817212,NaN,false,-300,NaN
1695,F,0.8908082323260875,3.952582172926052,false,0,-4.54009659728305e-18
1696,F,0.8919479283482706,1.4952518900881717,false,0,-3.63207727782644e-18
1697,F,0.8930865650935462,1.0002142297670593,false,0,-7.15573433840433e-18
1698,F,0.8930896316932854,1.0000793594353308,false,0,-8.131516293641283e-18
1699,F,0.893087094732,1.0001042694099385,false,0,-4.228388472693467e-18
1700,F,0.8930887386470612,1.0000319841334917,false,0,-4.662069341687669e-18
1701,F,0.893087359551227,1.0000407079760647,false,0,-4.7704895589362195e-18
1702,F,0.8930881810982955,1.0000045855135884,false,0,-1.5178830414797062e-18
1703,F,0.8930874919608404,1.0000089510533172,false,0,-1.734723475976807e-18
1704,F,0.8930879026317656,0.9999908948654472,true,0,-3.577867169202165e-18
1705,F,0.8930875581656471,0.9999930785400505,true,0,-7.589415207398531e-18
1706,G+,0.9030875581656471,0.687903048927419,true,0,-7.589415207398531e-18
1707,G-,0.8830875581656471,2.227525932237114,false,0,-7.589415207398531e-18
1708,G+,0.8930875581656471,1.001510819272835,false,0,-6.5052130349130266e-18
1709,G-,0.8930875581656471,1.0007869344616211,false,0,-7.589415207398531e-18
1710,G+,0.8930875581656471,1.0002318617419177,false,0,-7.047314121155779e-18
1711,G-,0.8930875581656471,1.00021657297654,false,0,-4.228388472693467e-18
1712,G+,0.8930875581656471,1.0015470540022715,false,0,-7.37257477290143e-18
1713,G-,0.8930875581656471,1.0018782577773577,false,0,-8.023096076392733e-18
1714,G+,0.8930875581656471,1.0006918206461803,false,0,-5.204170427930421e-18
1715,G-,0.8930875581656471,0.9999960706163853,true,0,-5.7462715141731735e-18
1716,G+,0.8930875581656471,0.9992145043425693,true,0,-7.26415455565288e-18
1717,G-,0.8930875581656471,1.0003476511554994,false,0,-3.577867169202165e-18
1718,G+,0.8930875581656471,0.9984723878259275,true,0,-6.396792817664476e-18
1719,G-,0.8930875581656471,1.0011306411313088,false,0,-5.637851296924623e-18
1720,G+,0.8930875581656471,1.000688623847351,false,0,-7.37257477290143e-18
1721,G-,0.8930875581656471,0.9995774195533292,true,0,-4.7704895589362195e-18
1722,G+,0.8930875581656471,1.0005617485850011,false,0,-5.312590645178972e-18
1723,G-,0.8930875581656471,0.9990398668688876,true,0,-6.071532165918825e-18
1724,G+,0.8930875581656471,1.0014861965045674,false,0,-6.938893903907228e-18
1725,G-,0.8930875581656471,1.000963312687091,false,0,-7.697835424647081e-18
1726,G+,0.8930875581656471,1.0005807582507074,false,0,-7.589415207398531e-18
1727,G-,0.8930875581656471,0.9998107445902269,true,0,-5.637851296924623e-18
1728,G+,0.8930875581656471,1.0009738331949543,false,0,-6.396792817664476e-18
1729,G-,0.8930875581656471,1.0014092469500984,false,0,-7.15573433840433e-18
1730,G+,0.8930875581656471,0.9999115383807071,true,0,-4.662069341687669e-18
1731,G-,0.8930875581656471,1.0001617295812975,false,0,-5.204170427930421e-18
1732,G+,0.8930875581656471,0.999984216826162,true,0,-4.662069341687669e-18
1733,G-,0.8930875581656471,1.000052127257502,false,0,-5.9631119486702744e-18
1734,G+,0.8930875581656471,0.9999790660244764,true,0,-5.421010862427522e-18
1735,G-,0.8930875581656471,1.0000425682417586,false,0,-6.396792817664476e-18
1736,G+,0.8930875581656471,1.0000817159395814,false,0,-8.890457814381136e-18
1737,G-,0.8930875581656471,0.9999426825737299,true,0,-5.854691731421724e-18
1738,F,0.8823612205085312,NaN,false,-300,NaN
1739,F,0.8877243893370892,NaN,false,-300,NaN
1740,F,0.8904059737513681,6.435796623324019,false,0,-4.150884958019699e-18
1741,F,0.8917467659585077,1.6891870075734357,false,0,-2.4936649967166602e-18
1742,F,0.8930874258214396,1.0000248227016717,false,0,-3.686287386450715e-18
1743,F,0.8930878365112294,1.0000067650564826,false,0,-5.7462715141731735e-18
1744,F,0.8930874919935433,1.0000089486475785,false,0,-6.179952383167375e-18
1745,F,0.8930876973129089,0.9999999210806652,true,0,-4.553649124439119e-18
1746,F,0.8930875250795952,1.0000010131004995,false,0,-4.87890977618477e-18
1747,F,0.8930876277328957,0.9999964996309578,true,0,-3.903127820947816e-18
1748,F,0.8930875416226212,0.9999970456969459,true,0,-4.87890977618477e-18
1749,G+,0.9030875416226212,0.6879049538623285,true,0,-4.87890977618477e-18
1750,G-,0.8830875416226212,2.227549296526364,false,0,-4.87890977618477e-18
1751,G+,0.8930875416226212,1.0015144642985983,false,0,-4.445228907190568e-18
1752,G-,0.8930875416226212,1.0007912059764235,false,0,-2.710505431213761e-18
1753,G+,0.8930875416226212,1.0002356213858465,false,0,-1.8431436932253575e-18
1754,G-,0.8930875416226212,1.0002207310930107,false,0,-5.854691731421724e-18
1755,G+,0.8930875416226212,1.001550703121409,false,0,-3.903127820947816e-18
1756,G-,0.8930875416226212,1.0018825002887937,false,0,-1.8431436932253575e-18
1757,G+,0.8930875416226212,1.0006957101186085,false,0,-3.7947076036992655e-18
1758,G-,0.8930875416226212,1.0000001025880236,true,0,-3.0357660829594124e-18
1759,G+,0.8930875416226212,0.9992185542827389,true,0,-1.6263032587282567e-18
1760,G-,0.8930875416226212,1.0003515242877654,false,0,-4.553649124439119e-18
1761,G+,0.8930875416226212,0.9984766289570219,true,0,-5.9631119486702744e-18
1762,G-,0.8930875416226212,1.0011343374491566,false,0,-1.3010426069826053e-18
1763,G+,0.8930875416226212,1.000692671023991,false,0,-3.469446951953614e-18
1764,G-,0.8930875416226212,0.9995813144006092,true,0,-3.903127820947816e-18
1765,G+,0.8930875416226212,1.0005657849845486,false,0,-3.144186300207963e-18
1766,G-,0.8930875416226212,0.9990437882371019,true,0,-5.095750210681871e-18
1767,G+,0.8930875416226212,1.001490440350934,false,0,-3.469446951953614e-18
1768,G-,0.8930875416226212,1.0009670336564236,false,0,-4.445228907190568e-18
1769,G+,0.8930875416226212,1.0005847454753327,false,0,-3.2526065174565133e-18
1770,G-,0.8930875416226212,0.999814688564082,true,0,-3.903127820947816e-18
1771,G+,0.8930875416226212,1.0009780139952906,false,0,-4.662069341687669e-18
1772,G-,0.8930875416226212,1.001412970625335,false,0,-3.7947076036992655e-18
1773,G+,0.8930875416226212,0.9999154961194383,true,0,-2.927345865710862e-18
1774,G-,0.8930875416226212,1.0001657040324072,false,0,-4.7704895589362195e-18
1775,G+,0.8930875416226212,0.9999881444537895,true,0,-3.469446951953614e-18
1776,G-,0.8930875416226212,1.0000561326889246,false,0,-2.710505431213761e-18
1777,G+,0.8930875416226212,0.9999829940183718,true,0,-3.3610267347050637e-18
1778,G-,0.8930875416226212,1.000046573133532,false,0,-9.75781955236954e-19
1779,G+,0.8930875416226212,1.0000856519350456,false,0,-1.951563910473908e-18
1780,G-,0.8930875416226212,0.9999466795702542,true,0,-4.662069341687669e-18
1781,F,0.8680492340782164,NaN,false,-300,NaN
1782,F,0.8805683878504188,NaN,false,-300,NaN
1783,F,0.8868279647365199,NaN,false,-300,NaN
1784,F,0.8899577531795706,NaN,false,-300,NaN
1785,F,0.893087508540643,1.00000498044934,false,0,-4.662069341687669e-18
1786,F,0.8930876111950987,1.000000466889797,true,0,-3.144186300207963e-18
1787,F,0.893087525081632,1.0000010129499608,false,0,-6.288372600415926e-18
1788,F,0.8930875764072663,0.9999987562485844,true,0,-4.553649124439119e-18
1789,F,0.8930875333521267,0.9999990292926563,true,0,-2.4936649967166602e-18
1790,F,0.8930875590145453,0.9999979009615699,true,0,-4.228388472693467e-18
1791,F,0.8930875374873739,0.9999980374871019,true,0,-8.998878031629687e-18
1792,G+,0.9030875374873739,0.6879054301080753,true,0,-8.998878031629687e-18
1793,G-,0.8830875374873739,2.227555137540859,false,0,-8.998878031629687e-18
1794,G+,0.8930875374873739,1.001515375794178,false,0,-3.7947076036992655e-18
1795,G-,0.8930875374873739,1.000792273635497,false,0,-6.071532165918825e-18
1796,G+,0.8930875374873739,1.0002365613864979,false,0,-5.421010862427522e-18
1797,G-,0.8930875374873739,1.0002217705321268,false,0,-4.87890977618477e-18
1798,G+,0.8930875374873739,1.0015516156780957,false,0,-7.047314121155779e-18
1799,G-,0.8930875374873739,1.0018835606704606,false,0,-5.5294310796760726e-18
1800,G+,0.8930875374873739,1.0006966825110146,false,0,-7.047314121155779e-18
1801,G-,0.8930875374873739,1.0000011105595379,false,0,-6.613633252161577e-18
1802,G+,0.8930875374873739,0.9992195667625534,true,0,-5.312590645178972e-18
1803,G-,0.8930875374873739,1.0003524925810705,false,0,-4.9873299934333204e-18
1804,G+,0.8930875374873739,0.9984776892190061,true,0,-7.15573433840433e-18
1805,G-,0.8930875374873739,1.0011352615417988,false,0,-3.686287386450715e-18
1806,G+,0.8930875374873739,1.0006936828116804,false,0,-7.37257477290143e-18
1807,G-,0.8930875374873739,0.9995822881121956,true,0,-6.938893903907228e-18
1808,G+,0.8930875374873739,1.000566794079371,false,0,-5.854691731421724e-18
1809,G-,0.8930875374873739,0.9990447685817045,true,0,-4.87890977618477e-18
1810,G+,0.8930875374873739,1.0014915010707055,false,0,-7.37257477290143e-18
1811,G-,0.8930875374873739,1.0009679641335323,false,0,-5.5294310796760726e-18
1812,G+,0.8930875374873739,1.0005857421980409,false,0,-7.48099499014998e-18
1813,G-,0.8930875374873739,0.999815674643858,true,0,-7.697835424647081e-18
1814,G+,0.8930875374873739,1.00097905897848,false,0,-4.228388472693467e-18
1815,G-,0.8930875374873739,1.001413901785026,false,0,-7.589415207398531e-18
1816,G+,0.8930875374873739,0.999916485532444,true,0,-5.421010862427522e-18
1817,G-,0.8930875374873739,1.0001666976688337,false,0,-6.7220534694101275e-18
1818,G+,0.8930875374873739,0.9999891263634084,true,0,-7.589415207398531e-18
1819,G-,0.8930875374873739,1.0000571340456519,false,0,-6.830473686658678e-18
1820,G+,0.8930875374873739,0.9999839760191299,true,0,-6.071532165918825e-18
1821,G-,0.8930875374873739,1.0000475743560142,false,0,-9.107298248878237e-18
1822,G+,0.8930875374873739,1.0000866359363059,false,0,-3.577867169202165e-18
1823,G-,0.8930875374873739,0.9999476788185715,true,0,-5.421010862427522e-18
1824,F,0.8909569496060024,3.4610092284524123,false,0,-2.6334254330136198e-18
1825,F,0.8920222435466881,1.4515227347427553,false,0,-4.662069341687669e-18
1826,F,0.8925548905170311,1.106846234237652,false,0,-6.1257422745431e-18
1827,F,0.8928212140022025,1.0396189195817873,false,0,-4.228388472693467e-18
1828,F,0.8930875333522539,0.9999990292832447,true,0,-6.071532165918825e-18
1829,F,0.8930875461833995,0.9999984651197967,true,0,-5.421010862427522e-18
1830,F,0.8930875354198139,0.9999985333832477,true,0,-4.662069341687669e-18
1831,F,0.8930875418353618,0.9999982513027523,true,0,-6.071532165918825e-18
1832,F,0.8930875364535938,0.999998285434699,true,0,-4.553649124439119e-18
1833,F,0.8930875396613617,0.9999981443947492,true,0,-6.396792817664476e-18
1834,F,0.8930875369704839,0.9999981614607764,true,0,-6.396792817664476e-18
1835,F,0.8930875385743662,0.9999980909408853,true,0,-5.312590645178972e-18
1836,F,0.8930875372289289,0.9999980994739142,true,0,-5.421010862427522e-18
1837,F,0.8930875380308697,0.9999980642139793,true,0,-4.9873299934333204e-18
1838,F,0.8930875373581514,0.9999980684805008,true,0,-7.48099499014998e-18
1839,F,0.8930875377591218,0.9999980508505367,true,0,-7.697835424647081e-18
1840,F,0.8930875374227627,0.999998052983799,true,0,-6.071532165918825e-18
1841,F,0.8930875376232478,0.9999980441688197,true,0,-2.710505431213761e-18
1842,F,0.893087537471221,0.999998041361277,true,0,-4.87890977618477e-18
1843,F,0.8930875375213424,0.9999980391575308,true,0,-3.577867169202165e-18
1844,F,0.8930875374853549,0.9999980379713741,true,0,4.336808689942018e-19
1845,F,0.89308753749162,0.9999980376959083,true,0,-2.6020852139652106e-18
1846,F,0.8930875374872477,0.9999980375173716,true,0,-5.312590645178972e-18
1847,F,0.8930875374876394,0.999998037500148,true,0,-5.312590645178972e-18
1848,F,0.8930875374873699,0.9999980374880513,true,0,-3.903127820947816e-18
1849,F,0.8930875374873822,0.9999980374875099,true,0,-5.854691731421724e-18
1850,F,0.8930875374873738,0.9999980374871187,true,0,-5.5294310796760726e-18
1851,G+,0.9030875374873738,0.6879054301080845,true,0,-5.5294310796760726e-18
1852,G-,0.8830875374873738,2.227555137540965,false,0,-5.5294310796760726e-18
1853,G+,0.8930875374873738,1.0015153757941935,false,0,-4.553649124439119e-18
1854,G-,0.8930875374873738,1.000792273635515,false,0,-3.2526065174565133e-18
1855,G+,0.8930875374873738,1.000236561386514,false,0,-2.4936649967166602e-18
1856,G-,0.8930875374873738,1.0002217705321446,false,0,-5.7462715141731735e-18
1857,G+,0.8930875374873738,1.0015516156781115,false,0,-4.662069341687669e-18
1858,G-,0.8930875374873738,1.0018835606704788,false,0,-6.7220534694101275e-18
1859,G+,0.8930875374873738,1.0006966825110313,false,0,-4.119968255444917e-18
1860,G-,0.8930875374873738,1.0000011105595554,false,0,-3.469446951953614e-18
1861,G+,0.8930875374873738,0.9992195667625713,true,0,-2.710505431213761e-18
1862,G-,0.8930875374873738,1.0003524925810874,false,0,-5.637851296924623e-18
1863,G+,0.8930875374873738,0.9984776892190241,true,0,-4.336808689942018e-18
1864,G-,0.8930875374873738,1.0011352615418143,false,0,-4.662069341687669e-18
1865,G+,0.8930875374873738,1.0006936828116975,false,0,-4.445228907190568e-18
1866,G-,0.8930875374873738,0.9995822881122126,true,0,-4.662069341687669e-18
1867,G+,0.8930875374873738,1.0005667940793883,false,0,-3.577867169202165e-18
1868,G-,0.8930875374873738,0.9990447685817215,true,0,-5.9631119486702744e-18
1869,G+,0.8930875374873738,1.0014915010707237,false,0,-4.553649124439119e-18
1870,G-,0.8930875374873738,1.0009679641335483,false,0,-6.5052130349130266e-18
1871,G+,0.8930875374873738,1.0005857421980577,false,0,-5.637851296924623e-18
1872,G-,0.8930875374873738,0.9998156746438748,true,0,-4.87890977618477e-18
1873,G+,0.8930875374873738,1.0009790589784975,false,0,-3.903127820947816e-18
1874,G-,0.8930875374873738,1.0014139017850419,false,0,-4.9873299934333204e-18
1875,G+,0.8930875374873738,0.9999164855324614,true,0,-2.0599841277224584e-18
1876,G-,0.8930875374873738,1.0001666976688501,false,0,-6.830473686658678e-18
1877,G+,0.8930875374873738,0.9999891263634253,true,0,-5.854691731421724e-18
1878,G-,0.8930875374873738,1.000057134045669,false,0,-5.204170427930421e-18
1879,G+,0.8930875374873738,0.9999839760191466,true,0,-3.0357660829594124e-18
1880,G-,0.8930875374873738,1.0000475743560313,false,0,-5.637851296924623e-18
1881,G+,0.8930875374873738,1.0000866359363225,false,0,-5.312590645178972e-18
1882,G-,0.8930875374873738,0.9999476788185885,true,0,-6.5052130349130266e-18
1883,F,0.8659939413149476,NaN,false,-300,NaN
1884,F,0.8930875374873736,0.9999980374871752,true,0,-3.577867169202165e-18
1885,G+,0.9030875374873736,0.68790543010811,true,0,-3.577867169202165e-18
1886,G-,0.8830875374873736,2.2275551375412963,false,0,-3.577867169202165e-18
1887,G+,0.8930875374873736,1.0015153757942459,false,0,-6.5052130349130266e-18
1888,G-,0.8930875374873736,1.0007922736355754,false,0,-2.3852447794681098e-18
1889,G+,0.8930875374873736,1.0002365613865674,false,0,-4.7704895589362195e-18
1890,G-,0.8930875374873736,1.0002217705322036,false,0,-4.119968255444917e-18
1891,G+,0.8930875374873736,1.0015516156781632,false,0,-2.4936649967166602e-18
1892,G-,0.8930875374873736,1.0018835606705383,false,0,-4.0115480381963664e-18
1893,G+,0.8930875374873736,1.0006966825110863,false,0,-3.903127820947816e-18
1894,G-,0.8930875374873736,1.0000011105596125,false,0,-1.1926223897340549e-18
1895,G+,0.8930875374873736,0.9992195667626286,true,0,-4.119968255444917e-18
1896,G-,0.8930875374873736,1.0003524925811424,false,0,-4.662069341687669e-18
1897,G+,0.8930875374873736,0.9984776892190845,true,0,-3.0357660829594124e-18
1898,G-,0.8930875374873736,1.0011352615418667,false,0,-1.8431436932253575e-18
1899,G+,0.8930875374873736,1.000693682811755,false,0,-2.3852447794681098e-18
1900,G-,0.8930875374873736,0.9995822881122675,true,0,-2.710505431213761e-18
1901,G+,0.8930875374873736,1.0005667940794454,false,0,-1.3010426069826053e-18
1902,G-,0.8930875374873736,0.999044768581777,true,0,-3.7947076036992655e-18
1903,G+,0.8930875374873736,1.0014915010707834,false,0,-2.8189256484623115e-18
1904,G-,0.8930875374873736,1.0009679641336016,false,0,-4.119968255444917e-18
1905,G+,0.8930875374873736,1.0005857421981144,false,0,-6.288372600415926e-18
1906,G-,0.8930875374873736,0.9998156746439311,true,0,-2.6020852139652106e-18
1907,G+,0.8930875374873736,1.0009790589785568,false,0,-2.4936649967166602e-18
1908,G-,0.8930875374873736,1.0014139017850952,false,0,-3.3610267347050637e-18
1909,G+,0.8930875374873736,0.999916485532517,true,0,-3.2526065174565133e-18
1910,G-,0.8930875374873736,1.000166697668907,false,0,-4.7704895589362195e-18
1911,G+,0.8930875374873736,0.9999891263634808,true,0,-3.0357660829594124e-18
1912,G-,0.8930875374873736,1.0000571340457258,false,0,-3.3610267347050637e-18
1913,G+,0.8930875374873736,0.9999839760192022,true,0,-1.1926223897340549e-18
1914,G-,0.8930875374873736,1.0000475743560882,false,0,-4.0115480381963664e-18
1915,G+,0.8930875374873736,1.0000866359363785,false,0,-3.903127820947816e-18
1916,G-,0.8930875374873736,0.9999476788186454,true,0,-4.0115480381963664e-18
1917,F,0.8924343711620526,NaN,false,-300,NaN
1918,F,0.8927609543247131,2.5945746559201046,false,0,-4.065758146820642e-18
1919,F,0.8929242459060434,1.1531350592818157,false,0,-6.288372600415926e-18
1920,F,0.8930058916967084,1.0434168580390075,false,0,-8.023096076392733e-18
1921,F,0.8930875374873727,0.9999980374873835,true,0,-8.239936510889834e-18
1922,G+,0.9030875374873727,0.6879054301082098,true,0,-8.239936510889834e-18
1923,G-,0.8830875374873727,2.2275551375425326,false,0,-8.239936510889834e-18
1924,G+,0.8930875374873727,1.0015153757944373,false,0,-7.26415455565288e-18
1925,G-,0.8930875374873727,1.0007922736357995,false,0,-5.854691731421724e-18
1926,G+,0.8930875374873727,1.000236561386765,false,0,-5.095750210681871e-18
1927,G-,0.8930875374873727,1.0002217705324215,false,0,-5.312590645178972e-18
1928,G+,0.8930875374873727,1.0015516156783555,false,0,-3.7947076036992655e-18
1929,G-,0.8930875374873727,1.0018835606707606,false,0,-4.662069341687669e-18
1930,G+,0.8930875374873727,1.0006966825112906,false,0,-6.071532165918825e-18
1931,G-,0.8930875374873727,1.000001110559824,false,0,-6.938893903907228e-18
1932,G+,0.8930875374873727,0.9992195667628411,true,0,-5.095750210681871e-18
1933,G-,0.8930875374873727,1.0003524925813456,false,0,-5.095750210681871e-18
1934,G+,0.8930875374873727,0.9984776892193069,true,0,-4.9873299934333204e-18
1935,G-,0.8930875374873727,1.0011352615420608,false,0,-5.9631119486702744e-18
1936,G+,0.8930875374873727,1.0006936828119675,false,0,-4.0115480381963664e-18
1937,G-,0.8930875374873727,0.9995822881124723,true,0,-3.7947076036992655e-18
1938,G+,0.8930875374873727,1.0005667940796574,false,0,-5.421010862427522e-18
1939,G-,0.8930875374873727,0.9990447685819833,true,0,-4.7704895589362195e-18
1940,G+,0.8930875374873727,1.001491501071006,false,0,-7.26415455565288e-18
1941,G-,0.8930875374873727,1.0009679641337972,false,0,-5.204170427930421e-18
1942,G+,0.8930875374873727,1.0005857421983233,false,0,-3.903127820947816e-18
1943,G-,0.8930875374873727,0.9998156746441381,true,0,-4.662069341687669e-18
1944,G+,0.8930875374873727,1.0009790589787761,false,0,-4.7704895589362195e-18
1945,G-,0.8930875374873727,1.0014139017852908,false,0,-7.37257477290143e-18
1946,G+,0.8930875374873727,0.9999164855327249,true,0,-7.26415455565288e-18
1947,G-,0.8930875374873727,1.000166697669116,false,0,-4.7704895589362195e-18
1948,G+,0.8930875374873727,0.9999891263636871,true,0,-6.179952383167375e-18
1949,G-,0.8930875374873727,1.000057134045936,false,0,-7.047314121155779e-18
1950,G+,0.8930875374873727,0.9999839760194085,true,0,-5.312590645178972e-18
1951,G-,0.8930875374873727,1.0000475743562984,false,0,-4.0115480381963664e-18
1952,G+,0.8930875374873727,1.000086635936585,false,0,-7.589415207398531e-18
1953,G-,0.8930875374873727,0.9999476788188549,true,0,-5.5294310796760726e-18
