
=======================================
           Academic License
       (NOT FOR COMMERCIAL USE)
         Artelys Knitro 13.0.1
=======================================

WARNING:  Option 'mip_integral_gap_abs' deprecated, please use 'mip_opt_gap_abs'.
WARNING:  Option 'mip_integral_gap_rel' deprecated, please use 'mip_opt_gap_rel'.
WARNING:  Option 'mip_integral_gap_abs' deprecated, please use 'mip_opt_gap_abs'.
WARNING:  Option 'mip_integral_gap_rel' deprecated, please use 'mip_opt_gap_rel'.
WARNING:  Option 'mip_integral_gap_abs' deprecated, please use 'mip_opt_gap_abs'.
WARNING:  Option 'mip_integral_gap_rel' deprecated, please use 'mip_opt_gap_rel'.
WARNING:  Option 'mip_integral_gap_abs' deprecated, please use 'mip_opt_gap_abs'.
WARNING:  Option 'mip_integral_gap_rel' deprecated, please use 'mip_opt_gap_rel'.
WARNING:  Option 'mip_integral_gap_abs' deprecated, please use 'mip_opt_gap_abs'.
WARNING:  Option 'mip_integral_gap_rel' deprecated, please use 'mip_opt_gap_rel'.
WARNING:  Option 'mip_integral_gap_abs' deprecated, please use 'mip_opt_gap_abs'.
WARNING:  Option 'mip_integral_gap_rel' deprecated, please use 'mip_opt_gap_rel'.
WARNING:  Option 'mip_integral_gap_abs' deprecated, please use 'mip_opt_gap_abs'.
WARNING:  Option 'mip_integral_gap_rel' deprecated, please use 'mip_opt_gap_rel'.
WARNING:  Option 'mip_integral_gap_abs' deprecated, please use 'mip_opt_gap_abs'.
WARNING:  Option 'mip_integral_gap_rel' deprecated, please use 'mip_opt_gap_rel'.
WARNING:  Option 'mip_integral_gap_abs' deprecated, please use 'mip_opt_gap_abs'.
WARNING:  Option 'mip_integral_gap_rel' deprecated, please use 'mip_opt_gap_rel'.
WARNING:  Option 'mip_integral_gap_abs' deprecated, please use 'mip_opt_gap_abs'.
WARNING:  Option 'mip_integral_gap_rel' deprecated, please use 'mip_opt_gap_rel'.
WARNING:  Option 'mip_integral_gap_abs' deprecated, please use 'mip_opt_gap_abs'.
WARNING:  Option 'mip_integral_gap_rel' deprecated, please use 'mip_opt_gap_rel'.
WARNING:  Option 'mip_integral_gap_abs' deprecated, please use 'mip_opt_gap_abs'.
WARNING:  Option 'mip_integral_gap_rel' deprecated, please use 'mip_opt_gap_rel'.
WARNING:  Option 'mip_integral_gap_abs' deprecated, please use 'mip_opt_gap_abs'.
WARNING:  Option 'mip_integral_gap_rel' deprecated, please use 'mip_opt_gap_rel'.
WARNING:  Option 'mip_integral_gap_abs' deprecated, please use 'mip_opt_gap_abs'.
WARNING:  Option 'mip_integral_gap_rel' deprecated, please use 'mip_opt_gap_rel'.
WARNING:  Option 'mip_integral_gap_abs' deprecated, please use 'mip_opt_gap_abs'.
WARNING:  Option 'mip_integral_gap_rel' deprecated, please use 'mip_opt_gap_rel'.
WARNING:  Option 'mip_integral_gap_abs' deprecated, please use 'mip_opt_gap_abs'.
WARNING:  Option 'mip_integral_gap_rel' deprecated, please use 'mip_opt_gap_rel'.
WARNING:  Option 'mip_integral_gap_abs' deprecated, please use 'mip_opt_gap_abs'.
WARNING:  Option 'mip_integral_gap_rel' deprecated, please use 'mip_opt_gap_rel'.
WARNING:  Option 'mip_integral_gap_abs' deprecated, please use 'mip_opt_gap_abs'.
WARNING:  Option 'mip_integral_gap_rel' deprecated, please use 'mip_opt_gap_rel'.
WARNING:  Option 'mip_integral_gap_abs' deprecated, please use 'mip_opt_gap_abs'.
WARNING:  Option 'mip_integral_gap_rel' deprecated, please use 'mip_opt_gap_rel'.
WARNING:  Option 'mip_integral_gap_abs' deprecated, please use 'mip_opt_gap_abs'.
WARNING:  Option 'mip_integral_gap_rel' deprecated, please use 'mip_opt_gap_rel'.
WARNING:  Option 'mip_integral_gap_abs' deprecated, please use 'mip_opt_gap_abs'.
WARNING:  Option 'mip_integral_gap_rel' deprecated, please use 'mip_opt_gap_rel'.
WARNING:  Option 'mip_integral_gap_abs' deprecated, please use 'mip_opt_gap_abs'.
WARNING:  Option 'mip_integral_gap_rel' deprecated, please use 'mip_opt_gap_rel'.
WARNING:  Option 'mip_integral_gap_abs' deprecated, please use 'mip_opt_gap_abs'.
WARNING:  Option 'mip_integral_gap_rel' deprecated, please use 'mip_opt_gap_rel'.
WARNING:  Option 'mip_integral_gap_abs' deprecated, please use 'mip_opt_gap_abs'.
WARNING:  Option 'mip_integral_gap_rel' deprecated, please use 'mip_opt_gap_rel'.
WARNING:  Option 'mip_integral_gap_abs' deprecated, please use 'mip_opt_gap_abs'.
WARNING:  Option 'mip_integral_gap_rel' deprecated, please use 'mip_opt_gap_rel'.
WARNING:  Option 'mip_integral_gap_abs' deprecated, please use 'mip_opt_gap_abs'.
WARNING:  Option 'mip_integral_gap_rel' deprecated, please use 'mip_opt_gap_rel'.
WARNING:  Option 'mip_integral_gap_abs' deprecated, please use 'mip_opt_gap_abs'.
WARNING:  Option 'mip_integral_gap_rel' deprecated, please use 'mip_opt_gap_rel'.
WARNING:  Option 'mip_integral_gap_abs' deprecated, please use 'mip_opt_gap_abs'.
WARNING:  Option 'mip_integral_gap_rel' deprecated, please use 'mip_opt_gap_rel'.
WARNING:  Option 'mip_integral_gap_abs' deprecated, please use 'mip_opt_gap_abs'.
WARNING:  Option 'mip_integral_gap_rel' deprecated, please use 'mip_opt_gap_rel'.
WARNING:  Option 'mip_integral_gap_abs' deprecated, please use 'mip_opt_gap_abs'.
WARNING:  Option 'mip_integral_gap_rel' deprecated, please use 'mip_opt_gap_rel'.
WARNING:  Option 'mip_integral_gap_abs' deprecated, please use 'mip_opt_gap_abs'.
WARNING:  Option 'mip_integral_gap_rel' deprecated, please use 'mip_opt_gap_rel'.
WARNING:  Option 'mip_integral_gap_abs' deprecated, please use 'mip_opt_gap_abs'.
WARNING:  Option 'mip_integral_gap_rel' deprecated, please use 'mip_opt_gap_rel'.
WARNING:  Option 'mip_integral_gap_abs' deprecated, please use 'mip_opt_gap_abs'.
WARNING:  Option 'mip_integral_gap_rel' deprecated, please use 'mip_opt_gap_rel'.
Knitro presolve eliminated 0 variables and 0 constraints.

bar_conic_enable:        0
hessopt:                 6
honorbnds:               1
maxit:                   1000000
maxtime_real:            120
numthreads:              1
outlev:                  3
restarts:                0
WARNING: Option ms_maxsolves was set, but option ms_enable='no'.
WARNING: Option ms_startptrange was set, but option ms_enable='no'.

Problem Characteristics                                 (   Presolved)
-----------------------
Objective goal:  Minimize
Objective type:  general
Number of variables:                                 16 (          16)
    bounded below only:                               0 (           0)
    bounded above only:                               0 (           0)
    bounded below and above:                         16 (          16)
    fixed:                                            0 (           0)
    free:                                             0 (           0)
Number of constraints:                                1 (           1)
    linear equalities:                                0 (           0)
    quadratic equalities:                             0 (           0)
    gen. nonlinear equalities:                        0 (           0)
    linear one-sided inequalities:                    0 (           0)
    quadratic one-sided inequalities:                 0 (           0)
    gen. nonlinear one-sided inequalities:            1 (           1)
    linear two-sided inequalities:                    0 (           0)
    quadratic two-sided inequalities:                 0 (           0)
    gen. nonlinear two-sided inequalities:            0 (           0)
Number of nonzeros in Jacobian:                      16 (          16)
Number of nonzeros in Hessian:                        0 (           0)

Knitro using the Interior-Point/Barrier Direct algorithm.

  Iter      Objective      FeasError   OptError    ||Step||    CGits 
--------  --------------  ----------  ----------  ----------  -------
       0    9.609650e-01   0.000e+00
WARNING:  Option 'mip_integral_gap_abs' deprecated, please use 'mip_opt_gap_abs'.
WARNING:  Option 'mip_integral_gap_rel' deprecated, please use 'mip_opt_gap_rel'.
WARNING:  Option 'mip_integral_gap_abs' deprecated, please use 'mip_opt_gap_abs'.
WARNING:  Option 'mip_integral_gap_rel' deprecated, please use 'mip_opt_gap_rel'.
WARNING:  Option 'mip_integral_gap_abs' deprecated, please use 'mip_opt_gap_abs'.
WARNING:  Option 'mip_integral_gap_rel' deprecated, please use 'mip_opt_gap_rel'.
WARNING:  Option 'mip_integral_gap_abs' deprecated, please use 'mip_opt_gap_abs'.
WARNING:  Option 'mip_integral_gap_rel' deprecated, please use 'mip_opt_gap_rel'.
WARNING:  Option 'mip_integral_gap_abs' deprecated, please use 'mip_opt_gap_abs'.
WARNING:  Option 'mip_integral_gap_rel' deprecated, please use 'mip_opt_gap_rel'.
WARNING:  Option 'mip_integral_gap_abs' deprecated, please use 'mip_opt_gap_abs'.
WARNING:  Option 'mip_integral_gap_rel' deprecated, please use 'mip_opt_gap_rel'.
WARNING:  Option 'mip_integral_gap_abs' deprecated, please use 'mip_opt_gap_abs'.
WARNING:  Option 'mip_integral_gap_rel' deprecated, please use 'mip_opt_gap_rel'.
WARNING:  Option 'mip_integral_gap_abs' deprecated, please use 'mip_opt_gap_abs'.
WARNING:  Option 'mip_integral_gap_rel' deprecated, please use 'mip_opt_gap_rel'.
WARNING:  Option 'mip_integral_gap_abs' deprecated, please use 'mip_opt_gap_abs'.
WARNING:  Option 'mip_integral_gap_rel' deprecated, please use 'mip_opt_gap_rel'.
WARNING:  Option 'mip_integral_gap_abs' deprecated, please use 'mip_opt_gap_abs'.
WARNING:  Option 'mip_integral_gap_rel' deprecated, please use 'mip_opt_gap_rel'.
WARNING:  Option 'mip_integral_gap_abs' deprecated, please use 'mip_opt_gap_abs'.
WARNING:  Option 'mip_integral_gap_rel' deprecated, please use 'mip_opt_gap_rel'.
WARNING:  Option 'mip_integral_gap_abs' deprecated, please use 'mip_opt_gap_abs'.
WARNING:  Option 'mip_integral_gap_rel' deprecated, please use 'mip_opt_gap_rel'.
WARNING:  Option 'mip_integral_gap_abs' deprecated, please use 'mip_opt_gap_abs'.
WARNING:  Option 'mip_integral_gap_rel' deprecated, please use 'mip_opt_gap_rel'.
WARNING:  Option 'mip_integral_gap_abs' deprecated, please use 'mip_opt_gap_abs'.
WARNING:  Option 'mip_integral_gap_rel' deprecated, please use 'mip_opt_gap_rel'.
WARNING:  Option 'mip_integral_gap_abs' deprecated, please use 'mip_opt_gap_abs'.
WARNING:  Option 'mip_integral_gap_rel' deprecated, please use 'mip_opt_gap_rel'.
WARNING:  Option 'mip_integral_gap_abs' deprecated, please use 'mip_opt_gap_abs'.
WARNING:  Option 'mip_integral_gap_rel' deprecated, please use 'mip_opt_gap_rel'.
WARNING:  Option 'mip_integral_gap_abs' deprecated, please use 'mip_opt_gap_abs'.
WARNING:  Option 'mip_integral_gap_rel' deprecated, please use 'mip_opt_gap_rel'.
WARNING:  Option 'mip_integral_gap_abs' deprecated, please use 'mip_opt_gap_abs'.
WARNING:  Option 'mip_integral_gap_rel' deprecated, please use 'mip_opt_gap_rel'.
WARNING:  Option 'mip_integral_gap_abs' deprecated, please use 'mip_opt_gap_abs'.
WARNING:  Option 'mip_integral_gap_rel' deprecated, please use 'mip_opt_gap_rel'.
WARNING:  Option 'mip_integral_gap_abs' deprecated, please use 'mip_opt_gap_abs'.
WARNING:  Option 'mip_integral_gap_rel' deprecated, please use 'mip_opt_gap_rel'.
WARNING:  Option 'mip_integral_gap_abs' deprecated, please use 'mip_opt_gap_abs'.
WARNING:  Option 'mip_integral_gap_rel' deprecated, please use 'mip_opt_gap_rel'.
WARNING:  Option 'mip_integral_gap_abs' deprecated, please use 'mip_opt_gap_abs'.
WARNING:  Option 'mip_integral_gap_rel' deprecated, please use 'mip_opt_gap_rel'.
WARNING:  Option 'mip_integral_gap_abs' deprecated, please use 'mip_opt_gap_abs'.
WARNING:  Option 'mip_integral_gap_rel' deprecated, please use 'mip_opt_gap_rel'.
WARNING:  Option 'mip_integral_gap_abs' deprecated, please use 'mip_opt_gap_abs'.
WARNING:  Option 'mip_integral_gap_rel' deprecated, please use 'mip_opt_gap_rel'.
WARNING:  Option 'mip_integral_gap_abs' deprecated, please use 'mip_opt_gap_abs'.
WARNING:  Option 'mip_integral_gap_rel' deprecated, please use 'mip_opt_gap_rel'.
WARNING:  Option 'mip_integral_gap_abs' deprecated, please use 'mip_opt_gap_abs'.
WARNING:  Option 'mip_integral_gap_rel' deprecated, please use 'mip_opt_gap_rel'.
WARNING:  Option 'mip_integral_gap_abs' deprecated, please use 'mip_opt_gap_abs'.
WARNING:  Option 'mip_integral_gap_rel' deprecated, please use 'mip_opt_gap_rel'.
WARNING:  Option 'mip_integral_gap_abs' deprecated, please use 'mip_opt_gap_abs'.
WARNING:  Option 'mip_integral_gap_rel' deprecated, please use 'mip_opt_gap_rel'.
WARNING:  Option 'mip_integral_gap_abs' deprecated, please use 'mip_opt_gap_abs'.
WARNING:  Option 'mip_integral_gap_rel' deprecated, please use 'mip_opt_gap_rel'.
WARNING:  Option 'mip_integral_gap_abs' deprecated, please use 'mip_opt_gap_abs'.
WARNING:  Option 'mip_integral_gap_rel' deprecated, please use 'mip_opt_gap_rel'.
WARNING:  Option 'mip_integral_gap_abs' deprecated, please use 'mip_opt_gap_abs'.
WARNING:  Option 'mip_integral_gap_rel' deprecated, please use 'mip_opt_gap_rel'.
WARNING:  Option 'mip_integral_gap_abs' deprecated, please use 'mip_opt_gap_abs'.
WARNING:  Option 'mip_integral_gap_rel' deprecated, please use 'mip_opt_gap_rel'.
WARNING:  Option 'mip_integral_gap_abs' deprecated, please use 'mip_opt_gap_abs'.
WARNING:  Option 'mip_integral_gap_rel' deprecated, please use 'mip_opt_gap_rel'.
WARNING:  Option 'mip_integral_gap_abs' deprecated, please use 'mip_opt_gap_abs'.
WARNING:  Option 'mip_integral_gap_rel' deprecated, please use 'mip_opt_gap_rel'.
WARNING:  Option 'mip_integral_gap_abs' deprecated, please use 'mip_opt_gap_abs'.
WARNING:  Option 'mip_integral_gap_rel' deprecated, please use 'mip_opt_gap_rel'.
       1    9.340507e-01   0.000e+00   7.867e-02   2.698e-02        0
WARNING:  Option 'mip_integral_gap_abs' deprecated, please use 'mip_opt_gap_abs'.
WARNING:  Option 'mip_integral_gap_rel' deprecated, please use 'mip_opt_gap_rel'.
WARNING:  Option 'mip_integral_gap_abs' deprecated, please use 'mip_opt_gap_abs'.
WARNING:  Option 'mip_integral_gap_rel' deprecated, please use 'mip_opt_gap_rel'.
WARNING:  Option 'mip_integral_gap_abs' deprecated, please use 'mip_opt_gap_abs'.
WARNING:  Option 'mip_integral_gap_rel' deprecated, please use 'mip_opt_gap_rel'.
WARNING:  Option 'mip_integral_gap_abs' deprecated, please use 'mip_opt_gap_abs'.
WARNING:  Option 'mip_integral_gap_rel' deprecated, please use 'mip_opt_gap_rel'.
WARNING:  Option 'mip_integral_gap_abs' deprecated, please use 'mip_opt_gap_abs'.
WARNING:  Option 'mip_integral_gap_rel' deprecated, please use 'mip_opt_gap_rel'.
WARNING:  Option 'mip_integral_gap_abs' deprecated, please use 'mip_opt_gap_abs'.
WARNING:  Option 'mip_integral_gap_rel' deprecated, please use 'mip_opt_gap_rel'.
WARNING:  Option 'mip_integral_gap_abs' deprecated, please use 'mip_opt_gap_abs'.
WARNING:  Option 'mip_integral_gap_rel' deprecated, please use 'mip_opt_gap_rel'.
WARNING:  Option 'mip_integral_gap_abs' deprecated, please use 'mip_opt_gap_abs'.
WARNING:  Option 'mip_integral_gap_rel' deprecated, please use 'mip_opt_gap_rel'.
WARNING:  Option 'mip_integral_gap_abs' deprecated, please use 'mip_opt_gap_abs'.
WARNING:  Option 'mip_integral_gap_rel' deprecated, please use 'mip_opt_gap_rel'.
WARNING:  Option 'mip_integral_gap_abs' deprecated, please use 'mip_opt_gap_abs'.
WARNING:  Option 'mip_integral_gap_rel' deprecated, please use 'mip_opt_gap_rel'.
WARNING:  Option 'mip_integral_gap_abs' deprecated, please use 'mip_opt_gap_abs'.
WARNING:  Option 'mip_integral_gap_rel' deprecated, please use 'mip_opt_gap_rel'.
WARNING:  Option 'mip_integral_gap_abs' deprecated, please use 'mip_opt_gap_abs'.
WARNING:  Option 'mip_integral_gap_rel' deprecated, please use 'mip_opt_gap_rel'.
WARNING:  Option 'mip_integral_gap_abs' deprecated, please use 'mip_opt_gap_abs'.
WARNING:  Option 'mip_integral_gap_rel' deprecated, please use 'mip_opt_gap_rel'.
WARNING:  Option 'mip_integral_gap_abs' deprecated, please use 'mip_opt_gap_abs'.
WARNING:  Option 'mip_integral_gap_rel' deprecated, please use 'mip_opt_gap_rel'.
WARNING:  Option 'mip_integral_gap_abs' deprecated, please use 'mip_opt_gap_abs'.
WARNING:  Option 'mip_integral_gap_rel' deprecated, please use 'mip_opt_gap_rel'.
WARNING:  Option 'mip_integral_gap_abs' deprecated, please use 'mip_opt_gap_abs'.
WARNING:  Option 'mip_integral_gap_rel' deprecated, please use 'mip_opt_gap_rel'.
WARNING:  Option 'mip_integral_gap_abs' deprecated, please use 'mip_opt_gap_abs'.
WARNING:  Option 'mip_integral_gap_rel' deprecated, please use 'mip_opt_gap_rel'.
WARNING:  Option 'mip_integral_gap_abs' deprecated, please use 'mip_opt_gap_abs'.
WARNING:  Option 'mip_integral_gap_rel' deprecated, please use 'mip_opt_gap_rel'.
WARNING:  Option 'mip_integral_gap_abs' deprecated, please use 'mip_opt_gap_abs'.
WARNING:  Option 'mip_integral_gap_rel' deprecated, please use 'mip_opt_gap_rel'.
WARNING:  Option 'mip_integral_gap_abs' deprecated, please use 'mip_opt_gap_abs'.
WARNING:  Option 'mip_integral_gap_rel' deprecated, please use 'mip_opt_gap_rel'.
WARNING:  Option 'mip_integral_gap_abs' deprecated, please use 'mip_opt_gap_abs'.
WARNING:  Option 'mip_integral_gap_rel' deprecated, please use 'mip_opt_gap_rel'.
WARNING:  Option 'mip_integral_gap_abs' deprecated, please use 'mip_opt_gap_abs'.
WARNING:  Option 'mip_integral_gap_rel' deprecated, please use 'mip_opt_gap_rel'.
WARNING:  Option 'mip_integral_gap_abs' deprecated, please use 'mip_opt_gap_abs'.
WARNING:  Option 'mip_integral_gap_rel' deprecated, please use 'mip_opt_gap_rel'.
WARNING:  Option 'mip_integral_gap_abs' deprecated, please use 'mip_opt_gap_abs'.
WARNING:  Option 'mip_integral_gap_rel' deprecated, please use 'mip_opt_gap_rel'.
WARNING:  Option 'mip_integral_gap_abs' deprecated, please use 'mip_opt_gap_abs'.
WARNING:  Option 'mip_integral_gap_rel' deprecated, please use 'mip_opt_gap_rel'.
WARNING:  Option 'mip_integral_gap_abs' deprecated, please use 'mip_opt_gap_abs'.
WARNING:  Option 'mip_integral_gap_rel' deprecated, please use 'mip_opt_gap_rel'.
WARNING:  Option 'mip_integral_gap_abs' deprecated, please use 'mip_opt_gap_abs'.
WARNING:  Option 'mip_integral_gap_rel' deprecated, please use 'mip_opt_gap_rel'.
WARNING:  Option 'mip_integral_gap_abs' deprecated, please use 'mip_opt_gap_abs'.
WARNING:  Option 'mip_integral_gap_rel' deprecated, please use 'mip_opt_gap_rel'.
WARNING:  Option 'mip_integral_gap_abs' deprecated, please use 'mip_opt_gap_abs'.
WARNING:  Option 'mip_integral_gap_rel' deprecated, please use 'mip_opt_gap_rel'.
WARNING:  Option 'mip_integral_gap_abs' deprecated, please use 'mip_opt_gap_abs'.
WARNING:  Option 'mip_integral_gap_rel' deprecated, please use 'mip_opt_gap_rel'.
WARNING:  Option 'mip_integral_gap_abs' deprecated, please use 'mip_opt_gap_abs'.
WARNING:  Option 'mip_integral_gap_rel' deprecated, please use 'mip_opt_gap_rel'.
WARNING:  Option 'mip_integral_gap_abs' deprecated, please use 'mip_opt_gap_abs'.
WARNING:  Option 'mip_integral_gap_rel' deprecated, please use 'mip_opt_gap_rel'.
WARNING:  Option 'mip_integral_gap_abs' deprecated, please use 'mip_opt_gap_abs'.
WARNING:  Option 'mip_integral_gap_rel' deprecated, please use 'mip_opt_gap_rel'.
       2    9.254612e-01   0.000e+00   2.843e-02   2.096e-02        0
WARNING:  Option 'mip_integral_gap_abs' deprecated, please use 'mip_opt_gap_abs'.
WARNING:  Option 'mip_integral_gap_rel' deprecated, please use 'mip_opt_gap_rel'.
WARNING:  Option 'mip_integral_gap_abs' deprecated, please use 'mip_opt_gap_abs'.
WARNING:  Option 'mip_integral_gap_rel' deprecated, please use 'mip_opt_gap_rel'.
WARNING:  Option 'mip_integral_gap_abs' deprecated, please use 'mip_opt_gap_abs'.
WARNING:  Option 'mip_integral_gap_rel' deprecated, please use 'mip_opt_gap_rel'.
WARNING:  Option 'mip_integral_gap_abs' deprecated, please use 'mip_opt_gap_abs'.
WARNING:  Option 'mip_integral_gap_rel' deprecated, please use 'mip_opt_gap_rel'.
WARNING:  Option 'mip_integral_gap_abs' deprecated, please use 'mip_opt_gap_abs'.
WARNING:  Option 'mip_integral_gap_rel' deprecated, please use 'mip_opt_gap_rel'.
WARNING:  Option 'mip_integral_gap_abs' deprecated, please use 'mip_opt_gap_abs'.
WARNING:  Option 'mip_integral_gap_rel' deprecated, please use 'mip_opt_gap_rel'.
WARNING:  Option 'mip_integral_gap_abs' deprecated, please use 'mip_opt_gap_abs'.
WARNING:  Option 'mip_integral_gap_rel' deprecated, please use 'mip_opt_gap_rel'.
WARNING:  Option 'mip_integral_gap_abs' deprecated, please use 'mip_opt_gap_abs'.
WARNING:  Option 'mip_integral_gap_rel' deprecated, please use 'mip_opt_gap_rel'.
WARNING:  Option 'mip_integral_gap_abs' deprecated, please use 'mip_opt_gap_abs'.
WARNING:  Option 'mip_integral_gap_rel' deprecated, please use 'mip_opt_gap_rel'.
WARNING:  Option 'mip_integral_gap_abs' deprecated, please use 'mip_opt_gap_abs'.
WARNING:  Option 'mip_integral_gap_rel' deprecated, please use 'mip_opt_gap_rel'.
WARNING:  Option 'mip_integral_gap_abs' deprecated, please use 'mip_opt_gap_abs'.
WARNING:  Option 'mip_integral_gap_rel' deprecated, please use 'mip_opt_gap_rel'.
WARNING:  Option 'mip_integral_gap_abs' deprecated, please use 'mip_opt_gap_abs'.
WARNING:  Option 'mip_integral_gap_rel' deprecated, please use 'mip_opt_gap_rel'.
WARNING:  Option 'mip_integral_gap_abs' deprecated, please use 'mip_opt_gap_abs'.
WARNING:  Option 'mip_integral_gap_rel' deprecated, please use 'mip_opt_gap_rel'.
WARNING:  Option 'mip_integral_gap_abs' deprecated, please use 'mip_opt_gap_abs'.
WARNING:  Option 'mip_integral_gap_rel' deprecated, please use 'mip_opt_gap_rel'.
WARNING:  Option 'mip_integral_gap_abs' deprecated, please use 'mip_opt_gap_abs'.
WARNING:  Option 'mip_integral_gap_rel' deprecated, please use 'mip_opt_gap_rel'.
WARNING:  Option 'mip_integral_gap_abs' deprecated, please use 'mip_opt_gap_abs'.
WARNING:  Option 'mip_integral_gap_rel' deprecated, please use 'mip_opt_gap_rel'.
WARNING:  Option 'mip_integral_gap_abs' deprecated, please use 'mip_opt_gap_abs'.
WARNING:  Option 'mip_integral_gap_rel' deprecated, please use 'mip_opt_gap_rel'.
WARNING:  Option 'mip_integral_gap_abs' deprecated, please use 'mip_opt_gap_abs'.
WARNING:  Option 'mip_integral_gap_rel' deprecated, please use 'mip_opt_gap_rel'.
WARNING:  Option 'mip_integral_gap_abs' deprecated, please use 'mip_opt_gap_abs'.
WARNING:  Option 'mip_integral_gap_rel' deprecated, please use 'mip_opt_gap_rel'.
WARNING:  Option 'mip_integral_gap_abs' deprecated, please use 'mip_opt_gap_abs'.
WARNING:  Option 'mip_integral_gap_rel' deprecated, please use 'mip_opt_gap_rel'.
WARNING:  Option 'mip_integral_gap_abs' deprecated, please use 'mip_opt_gap_abs'.
WARNING:  Option 'mip_integral_gap_rel' deprecated, please use 'mip_opt_gap_rel'.
WARNING:  Option 'mip_integral_gap_abs' deprecated, please use 'mip_opt_gap_abs'.
WARNING:  Option 'mip_integral_gap_rel' deprecated, please use 'mip_opt_gap_rel'.
WARNING:  Option 'mip_integral_gap_abs' deprecated, please use 'mip_opt_gap_abs'.
WARNING:  Option 'mip_integral_gap_rel' deprecated, please use 'mip_opt_gap_rel'.
WARNING:  Option 'mip_integral_gap_abs' deprecated, please use 'mip_opt_gap_abs'.
WARNING:  Option 'mip_integral_gap_rel' deprecated, please use 'mip_opt_gap_rel'.
WARNING:  Option 'mip_integral_gap_abs' deprecated, please use 'mip_opt_gap_abs'.
WARNING:  Option 'mip_integral_gap_rel' deprecated, please use 'mip_opt_gap_rel'.
WARNING:  Option 'mip_integral_gap_abs' deprecated, please use 'mip_opt_gap_abs'.
WARNING:  Option 'mip_integral_gap_rel' deprecated, please use 'mip_opt_gap_rel'.
WARNING:  Option 'mip_integral_gap_abs' deprecated, please use 'mip_opt_gap_abs'.
WARNING:  Option 'mip_integral_gap_rel' deprecated, please use 'mip_opt_gap_rel'.
WARNING:  Option 'mip_integral_gap_abs' deprecated, please use 'mip_opt_gap_abs'.
WARNING:  Option 'mip_integral_gap_rel' deprecated, please use 'mip_opt_gap_rel'.
WARNING:  Option 'mip_integral_gap_abs' deprecated, please use 'mip_opt_gap_abs'.
WARNING:  Option 'mip_integral_gap_rel' deprecated, please use 'mip_opt_gap_rel'.
WARNING:  Option 'mip_integral_gap_abs' deprecated, please use 'mip_opt_gap_abs'.
WARNING:  Option 'mip_integral_gap_rel' deprecated, please use 'mip_opt_gap_rel'.
WARNING:  Option 'mip_integral_gap_abs' deprecated, please use 'mip_opt_gap_abs'.
WARNING:  Option 'mip_integral_gap_rel' deprecated, please use 'mip_opt_gap_rel'.
WARNING:  Option 'mip_integral_gap_abs' deprecated, please use 'mip_opt_gap_abs'.
WARNING:  Option 'mip_integral_gap_rel' deprecated, please use 'mip_opt_gap_rel'.
WARNING:  Option 'mip_integral_gap_abs' deprecated, please use 'mip_opt_gap_abs'.
WARNING:  Option 'mip_integral_gap_rel' deprecated, please use 'mip_opt_gap_rel'.
WARNING:  Option 'mip_integral_gap_abs' deprecated, please use 'mip_opt_gap_abs'.
WARNING:  Option 'mip_integral_gap_rel' deprecated, please use 'mip_opt_gap_rel'.
       3    9.178356e-01   0.000e+00   1.197e-02   3.269e-02        0
WARNING:  Option 'mip_integral_gap_abs' deprecated, please use 'mip_opt_gap_abs'.
WARNING:  Option 'mip_integral_gap_rel' deprecated, please use 'mip_opt_gap_rel'.
WARNING:  Option 'mip_integral_gap_abs' deprecated, please use 'mip_opt_gap_abs'.
WARNING:  Option 'mip_integral_gap_rel' deprecated, please use 'mip_opt_gap_rel'.
WARNING:  Option 'mip_integral_gap_abs' deprecated, please use 'mip_opt_gap_abs'.
WARNING:  Option 'mip_integral_gap_rel' deprecated, please use 'mip_opt_gap_rel'.
WARNING:  Option 'mip_integral_gap_abs' deprecated, please use 'mip_opt_gap_abs'.
WARNING:  Option 'mip_integral_gap_rel' deprecated, please use 'mip_opt_gap_rel'.
WARNING:  Option 'mip_integral_gap_abs' deprecated, please use 'mip_opt_gap_abs'.
WARNING:  Option 'mip_integral_gap_rel' deprecated, please use 'mip_opt_gap_rel'.
WARNING:  Option 'mip_integral_gap_abs' deprecated, please use 'mip_opt_gap_abs'.
WARNING:  Option 'mip_integral_gap_rel' deprecated, please use 'mip_opt_gap_rel'.
WARNING:  Option 'mip_integral_gap_abs' deprecated, please use 'mip_opt_gap_abs'.
WARNING:  Option 'mip_integral_gap_rel' deprecated, please use 'mip_opt_gap_rel'.
WARNING:  Option 'mip_integral_gap_abs' deprecated, please use 'mip_opt_gap_abs'.
WARNING:  Option 'mip_integral_gap_rel' deprecated, please use 'mip_opt_gap_rel'.
WARNING:  Option 'mip_integral_gap_abs' deprecated, please use 'mip_opt_gap_abs'.
WARNING:  Option 'mip_integral_gap_rel' deprecated, please use 'mip_opt_gap_rel'.
WARNING:  Option 'mip_integral_gap_abs' deprecated, please use 'mip_opt_gap_abs'.
WARNING:  Option 'mip_integral_gap_rel' deprecated, please use 'mip_opt_gap_rel'.
WARNING:  Option 'mip_integral_gap_abs' deprecated, please use 'mip_opt_gap_abs'.
WARNING:  Option 'mip_integral_gap_rel' deprecated, please use 'mip_opt_gap_rel'.
WARNING:  Option 'mip_integral_gap_abs' deprecated, please use 'mip_opt_gap_abs'.
WARNING:  Option 'mip_integral_gap_rel' deprecated, please use 'mip_opt_gap_rel'.
WARNING:  Option 'mip_integral_gap_abs' deprecated, please use 'mip_opt_gap_abs'.
WARNING:  Option 'mip_integral_gap_rel' deprecated, please use 'mip_opt_gap_rel'.
WARNING:  Option 'mip_integral_gap_abs' deprecated, please use 'mip_opt_gap_abs'.
WARNING:  Option 'mip_integral_gap_rel' deprecated, please use 'mip_opt_gap_rel'.
WARNING:  Option 'mip_integral_gap_abs' deprecated, please use 'mip_opt_gap_abs'.
WARNING:  Option 'mip_integral_gap_rel' deprecated, please use 'mip_opt_gap_rel'.
WARNING:  Option 'mip_integral_gap_abs' deprecated, please use 'mip_opt_gap_abs'.
WARNING:  Option 'mip_integral_gap_rel' deprecated, please use 'mip_opt_gap_rel'.
WARNING:  Option 'mip_integral_gap_abs' deprecated, please use 'mip_opt_gap_abs'.
WARNING:  Option 'mip_integral_gap_rel' deprecated, please use 'mip_opt_gap_rel'.
WARNING:  Option 'mip_integral_gap_abs' deprecated, please use 'mip_opt_gap_abs'.
WARNING:  Option 'mip_integral_gap_rel' deprecated, please use 'mip_opt_gap_rel'.
WARNING:  Option 'mip_integral_gap_abs' deprecated, please use 'mip_opt_gap_abs'.
WARNING:  Option 'mip_integral_gap_rel' deprecated, please use 'mip_opt_gap_rel'.
WARNING:  Option 'mip_integral_gap_abs' deprecated, please use 'mip_opt_gap_abs'.
WARNING:  Option 'mip_integral_gap_rel' deprecated, please use 'mip_opt_gap_rel'.
WARNING:  Option 'mip_integral_gap_abs' deprecated, please use 'mip_opt_gap_abs'.
WARNING:  Option 'mip_integral_gap_rel' deprecated, please use 'mip_opt_gap_rel'.
WARNING:  Option 'mip_integral_gap_abs' deprecated, please use 'mip_opt_gap_abs'.
WARNING:  Option 'mip_integral_gap_rel' deprecated, please use 'mip_opt_gap_rel'.
WARNING:  Option 'mip_integral_gap_abs' deprecated, please use 'mip_opt_gap_abs'.
WARNING:  Option 'mip_integral_gap_rel' deprecated, please use 'mip_opt_gap_rel'.
WARNING:  Option 'mip_integral_gap_abs' deprecated, please use 'mip_opt_gap_abs'.
WARNING:  Option 'mip_integral_gap_rel' deprecated, please use 'mip_opt_gap_rel'.
WARNING:  Option 'mip_integral_gap_abs' deprecated, please use 'mip_opt_gap_abs'.
WARNING:  Option 'mip_integral_gap_rel' deprecated, please use 'mip_opt_gap_rel'.
WARNING:  Option 'mip_integral_gap_abs' deprecated, please use 'mip_opt_gap_abs'.
WARNING:  Option 'mip_integral_gap_rel' deprecated, please use 'mip_opt_gap_rel'.
WARNING:  Option 'mip_integral_gap_abs' deprecated, please use 'mip_opt_gap_abs'.
WARNING:  Option 'mip_integral_gap_rel' deprecated, please use 'mip_opt_gap_rel'.
WARNING:  Option 'mip_integral_gap_abs' deprecated, please use 'mip_opt_gap_abs'.
WARNING:  Option 'mip_integral_gap_rel' deprecated, please use 'mip_opt_gap_rel'.
WARNING:  Option 'mip_integral_gap_abs' deprecated, please use 'mip_opt_gap_abs'.
WARNING:  Option 'mip_integral_gap_rel' deprecated, please use 'mip_opt_gap_rel'.
WARNING:  Option 'mip_integral_gap_abs' deprecated, please use 'mip_opt_gap_abs'.
WARNING:  Option 'mip_integral_gap_rel' deprecated, please use 'mip_opt_gap_rel'.
WARNING:  Option 'mip_integral_gap_abs' deprecated, please use 'mip_opt_gap_abs'.
WARNING:  Option 'mip_integral_gap_rel' deprecated, please use 'mip_opt_gap_rel'.
WARNING:  Option 'mip_integral_gap_abs' deprecated, please use 'mip_opt_gap_abs'.
WARNING:  Option 'mip_integral_gap_rel' deprecated, please use 'mip_opt_gap_rel'.
WARNING:  Option 'mip_integral_gap_abs' deprecated, please use 'mip_opt_gap_abs'.
WARNING:  Option 'mip_integral_gap_rel' deprecated, please use 'mip_opt_gap_rel'.
       4    9.096313e-01   0.000e+00   2.119e-02   5.388e-02        0
WARNING:  Option 'mip_integral_gap_abs' deprecated, please use 'mip_opt_gap_abs'.
WARNING:  Option 'mip_integral_gap_rel' deprecated, please use 'mip_opt_gap_rel'.
WARNING:  Option 'mip_integral_gap_abs' deprecated, please use 'mip_opt_gap_abs'.
WARNING:  Option 'mip_integral_gap_rel' deprecated, please use 'mip_opt_gap_rel'.
WARNING:  Option 'mip_integral_gap_abs' deprecated, please use 'mip_opt_gap_abs'.
WARNING:  Option 'mip_integral_gap_rel' deprecated, please use 'mip_opt_gap_rel'.
WARNING:  Option 'mip_integral_gap_abs' deprecated, please use 'mip_opt_gap_abs'.
WARNING:  Option 'mip_integral_gap_rel' deprecated, please use 'mip_opt_gap_rel'.
WARNING:  Option 'mip_integral_gap_abs' deprecated, please use 'mip_opt_gap_abs'.
WARNING:  Option 'mip_integral_gap_rel' deprecated, please use 'mip_opt_gap_rel'.
WARNING:  Option 'mip_integral_gap_abs' deprecated, please use 'mip_opt_gap_abs'.
WARNING:  Option 'mip_integral_gap_rel' deprecated, please use 'mip_opt_gap_rel'.
WARNING:  Option 'mip_integral_gap_abs' deprecated, please use 'mip_opt_gap_abs'.
WARNING:  Option 'mip_integral_gap_rel' deprecated, please use 'mip_opt_gap_rel'.
WARNING:  Option 'mip_integral_gap_abs' deprecated, please use 'mip_opt_gap_abs'.
WARNING:  Option 'mip_integral_gap_rel' deprecated, please use 'mip_opt_gap_rel'.
WARNING:  Option 'mip_integral_gap_abs' deprecated, please use 'mip_opt_gap_abs'.
WARNING:  Option 'mip_integral_gap_rel' deprecated, please use 'mip_opt_gap_rel'.
WARNING:  Option 'mip_integral_gap_abs' deprecated, please use 'mip_opt_gap_abs'.
WARNING:  Option 'mip_integral_gap_rel' deprecated, please use 'mip_opt_gap_rel'.
WARNING:  Option 'mip_integral_gap_abs' deprecated, please use 'mip_opt_gap_abs'.
WARNING:  Option 'mip_integral_gap_rel' deprecated, please use 'mip_opt_gap_rel'.
WARNING:  Option 'mip_integral_gap_abs' deprecated, please use 'mip_opt_gap_abs'.
WARNING:  Option 'mip_integral_gap_rel' deprecated, please use 'mip_opt_gap_rel'.
WARNING:  Option 'mip_integral_gap_abs' deprecated, please use 'mip_opt_gap_abs'.
WARNING:  Option 'mip_integral_gap_rel' deprecated, please use 'mip_opt_gap_rel'.
WARNING:  Option 'mip_integral_gap_abs' deprecated, please use 'mip_opt_gap_abs'.
WARNING:  Option 'mip_integral_gap_rel' deprecated, please use 'mip_opt_gap_rel'.
WARNING:  Option 'mip_integral_gap_abs' deprecated, please use 'mip_opt_gap_abs'.
WARNING:  Option 'mip_integral_gap_rel' deprecated, please use 'mip_opt_gap_rel'.
WARNING:  Option 'mip_integral_gap_abs' deprecated, please use 'mip_opt_gap_abs'.
WARNING:  Option 'mip_integral_gap_rel' deprecated, please use 'mip_opt_gap_rel'.
WARNING:  Option 'mip_integral_gap_abs' deprecated, please use 'mip_opt_gap_abs'.
WARNING:  Option 'mip_integral_gap_rel' deprecated, please use 'mip_opt_gap_rel'.
WARNING:  Option 'mip_integral_gap_abs' deprecated, please use 'mip_opt_gap_abs'.
WARNING:  Option 'mip_integral_gap_rel' deprecated, please use 'mip_opt_gap_rel'.
WARNING:  Option 'mip_integral_gap_abs' deprecated, please use 'mip_opt_gap_abs'.
WARNING:  Option 'mip_integral_gap_rel' deprecated, please use 'mip_opt_gap_rel'.
WARNING:  Option 'mip_integral_gap_abs' deprecated, please use 'mip_opt_gap_abs'.
WARNING:  Option 'mip_integral_gap_rel' deprecated, please use 'mip_opt_gap_rel'.
WARNING:  Option 'mip_integral_gap_abs' deprecated, please use 'mip_opt_gap_abs'.
WARNING:  Option 'mip_integral_gap_rel' deprecated, please use 'mip_opt_gap_rel'.
WARNING:  Option 'mip_integral_gap_abs' deprecated, please use 'mip_opt_gap_abs'.
WARNING:  Option 'mip_integral_gap_rel' deprecated, please use 'mip_opt_gap_rel'.
WARNING:  Option 'mip_integral_gap_abs' deprecated, please use 'mip_opt_gap_abs'.
WARNING:  Option 'mip_integral_gap_rel' deprecated, please use 'mip_opt_gap_rel'.
WARNING:  Option 'mip_integral_gap_abs' deprecated, please use 'mip_opt_gap_abs'.
WARNING:  Option 'mip_integral_gap_rel' deprecated, please use 'mip_opt_gap_rel'.
WARNING:  Option 'mip_integral_gap_abs' deprecated, please use 'mip_opt_gap_abs'.
WARNING:  Option 'mip_integral_gap_rel' deprecated, please use 'mip_opt_gap_rel'.
WARNING:  Option 'mip_integral_gap_abs' deprecated, please use 'mip_opt_gap_abs'.
WARNING:  Option 'mip_integral_gap_rel' deprecated, please use 'mip_opt_gap_rel'.
WARNING:  Option 'mip_integral_gap_abs' deprecated, please use 'mip_opt_gap_abs'.
WARNING:  Option 'mip_integral_gap_rel' deprecated, please use 'mip_opt_gap_rel'.
WARNING:  Option 'mip_integral_gap_abs' deprecated, please use 'mip_opt_gap_abs'.
WARNING:  Option 'mip_integral_gap_rel' deprecated, please use 'mip_opt_gap_rel'.
WARNING:  Option 'mip_integral_gap_abs' deprecated, please use 'mip_opt_gap_abs'.
WARNING:  Option 'mip_integral_gap_rel' deprecated, please use 'mip_opt_gap_rel'.
WARNING:  Option 'mip_integral_gap_abs' deprecated, please use 'mip_opt_gap_abs'.
WARNING:  Option 'mip_integral_gap_rel' deprecated, please use 'mip_opt_gap_rel'.
WARNING:  Option 'mip_integral_gap_abs' deprecated, please use 'mip_opt_gap_abs'.
WARNING:  Option 'mip_integral_gap_rel' deprecated, please use 'mip_opt_gap_rel'.
WARNING:  Option 'mip_integral_gap_abs' deprecated, please use 'mip_opt_gap_abs'.
WARNING:  Option 'mip_integral_gap_rel' deprecated, please use 'mip_opt_gap_rel'.
WARNING:  Option 'mip_integral_gap_abs' deprecated, please use 'mip_opt_gap_abs'.
WARNING:  Option 'mip_integral_gap_rel' deprecated, please use 'mip_opt_gap_rel'.
       5    9.086774e-01   0.000e+00   1.158e-02   2.546e-02        0
WARNING:  Option 'mip_integral_gap_abs' deprecated, please use 'mip_opt_gap_abs'.
WARNING:  Option 'mip_integral_gap_rel' deprecated, please use 'mip_opt_gap_rel'.
WARNING:  Option 'mip_integral_gap_abs' deprecated, please use 'mip_opt_gap_abs'.
WARNING:  Option 'mip_integral_gap_rel' deprecated, please use 'mip_opt_gap_rel'.
WARNING:  Option 'mip_integral_gap_abs' deprecated, please use 'mip_opt_gap_abs'.
WARNING:  Option 'mip_integral_gap_rel' deprecated, please use 'mip_opt_gap_rel'.
WARNING:  Option 'mip_integral_gap_abs' deprecated, please use 'mip_opt_gap_abs'.
WARNING:  Option 'mip_integral_gap_rel' deprecated, please use 'mip_opt_gap_rel'.
WARNING:  Option 'mip_integral_gap_abs' deprecated, please use 'mip_opt_gap_abs'.
WARNING:  Option 'mip_integral_gap_rel' deprecated, please use 'mip_opt_gap_rel'.
WARNING:  Option 'mip_integral_gap_abs' deprecated, please use 'mip_opt_gap_abs'.
WARNING:  Option 'mip_integral_gap_rel' deprecated, please use 'mip_opt_gap_rel'.
WARNING:  Option 'mip_integral_gap_abs' deprecated, please use 'mip_opt_gap_abs'.
WARNING:  Option 'mip_integral_gap_rel' deprecated, please use 'mip_opt_gap_rel'.
WARNING:  Option 'mip_integral_gap_abs' deprecated, please use 'mip_opt_gap_abs'.
WARNING:  Option 'mip_integral_gap_rel' deprecated, please use 'mip_opt_gap_rel'.
WARNING:  Option 'mip_integral_gap_abs' deprecated, please use 'mip_opt_gap_abs'.
WARNING:  Option 'mip_integral_gap_rel' deprecated, please use 'mip_opt_gap_rel'.
WARNING:  Option 'mip_integral_gap_abs' deprecated, please use 'mip_opt_gap_abs'.
WARNING:  Option 'mip_integral_gap_rel' deprecated, please use 'mip_opt_gap_rel'.
WARNING:  Option 'mip_integral_gap_abs' deprecated, please use 'mip_opt_gap_abs'.
WARNING:  Option 'mip_integral_gap_rel' deprecated, please use 'mip_opt_gap_rel'.
WARNING:  Option 'mip_integral_gap_abs' deprecated, please use 'mip_opt_gap_abs'.
WARNING:  Option 'mip_integral_gap_rel' deprecated, please use 'mip_opt_gap_rel'.
WARNING:  Option 'mip_integral_gap_abs' deprecated, please use 'mip_opt_gap_abs'.
WARNING:  Option 'mip_integral_gap_rel' deprecated, please use 'mip_opt_gap_rel'.
WARNING:  Option 'mip_integral_gap_abs' deprecated, please use 'mip_opt_gap_abs'.
WARNING:  Option 'mip_integral_gap_rel' deprecated, please use 'mip_opt_gap_rel'.
WARNING:  Option 'mip_integral_gap_abs' deprecated, please use 'mip_opt_gap_abs'.
WARNING:  Option 'mip_integral_gap_rel' deprecated, please use 'mip_opt_gap_rel'.
WARNING:  Option 'mip_integral_gap_abs' deprecated, please use 'mip_opt_gap_abs'.
WARNING:  Option 'mip_integral_gap_rel' deprecated, please use 'mip_opt_gap_rel'.
WARNING:  Option 'mip_integral_gap_abs' deprecated, please use 'mip_opt_gap_abs'.
WARNING:  Option 'mip_integral_gap_rel' deprecated, please use 'mip_opt_gap_rel'.
WARNING:  Option 'mip_integral_gap_abs' deprecated, please use 'mip_opt_gap_abs'.
WARNING:  Option 'mip_integral_gap_rel' deprecated, please use 'mip_opt_gap_rel'.
WARNING:  Option 'mip_integral_gap_abs' deprecated, please use 'mip_opt_gap_abs'.
WARNING:  Option 'mip_integral_gap_rel' deprecated, please use 'mip_opt_gap_rel'.
WARNING:  Option 'mip_integral_gap_abs' deprecated, please use 'mip_opt_gap_abs'.
WARNING:  Option 'mip_integral_gap_rel' deprecated, please use 'mip_opt_gap_rel'.
WARNING:  Option 'mip_integral_gap_abs' deprecated, please use 'mip_opt_gap_abs'.
WARNING:  Option 'mip_integral_gap_rel' deprecated, please use 'mip_opt_gap_rel'.
WARNING:  Option 'mip_integral_gap_abs' deprecated, please use 'mip_opt_gap_abs'.
WARNING:  Option 'mip_integral_gap_rel' deprecated, please use 'mip_opt_gap_rel'.
WARNING:  Option 'mip_integral_gap_abs' deprecated, please use 'mip_opt_gap_abs'.
WARNING:  Option 'mip_integral_gap_rel' deprecated, please use 'mip_opt_gap_rel'.
WARNING:  Option 'mip_integral_gap_abs' deprecated, please use 'mip_opt_gap_abs'.
WARNING:  Option 'mip_integral_gap_rel' deprecated, please use 'mip_opt_gap_rel'.
WARNING:  Option 'mip_integral_gap_abs' deprecated, please use 'mip_opt_gap_abs'.
WARNING:  Option 'mip_integral_gap_rel' deprecated, please use 'mip_opt_gap_rel'.
WARNING:  Option 'mip_integral_gap_abs' deprecated, please use 'mip_opt_gap_abs'.
WARNING:  Option 'mip_integral_gap_rel' deprecated, please use 'mip_opt_gap_rel'.
WARNING:  Option 'mip_integral_gap_abs' deprecated, please use 'mip_opt_gap_abs'.
WARNING:  Option 'mip_integral_gap_rel' deprecated, please use 'mip_opt_gap_rel'.
WARNING:  Option 'mip_integral_gap_abs' deprecated, please use 'mip_opt_gap_abs'.
WARNING:  Option 'mip_integral_gap_rel' deprecated, please use 'mip_opt_gap_rel'.
WARNING:  Option 'mip_integral_gap_abs' deprecated, please use 'mip_opt_gap_abs'.
WARNING:  Option 'mip_integral_gap_rel' deprecated, please use 'mip_opt_gap_rel'.
WARNING:  Option 'mip_integral_gap_abs' deprecated, please use 'mip_opt_gap_abs'.
WARNING:  Option 'mip_integral_gap_rel' deprecated, please use 'mip_opt_gap_rel'.
WARNING:  Option 'mip_integral_gap_abs' deprecated, please use 'mip_opt_gap_abs'.
WARNING:  Option 'mip_integral_gap_rel' deprecated, please use 'mip_opt_gap_rel'.
WARNING:  Option 'mip_integral_gap_abs' deprecated, please use 'mip_opt_gap_abs'.
WARNING:  Option 'mip_integral_gap_rel' deprecated, please use 'mip_opt_gap_rel'.
WARNING:  Option 'mip_integral_gap_abs' deprecated, please use 'mip_opt_gap_abs'.
WARNING:  Option 'mip_integral_gap_rel' deprecated, please use 'mip_opt_gap_rel'.
WARNING:  Option 'mip_integral_gap_abs' deprecated, please use 'mip_opt_gap_abs'.
WARNING:  Option 'mip_integral_gap_rel' deprecated, please use 'mip_opt_gap_rel'.
       6    9.058806e-01   0.000e+00   1.902e-02   1.975e-01        0
WARNING:  Option 'mip_integral_gap_abs' deprecated, please use 'mip_opt_gap_abs'.
WARNING:  Option 'mip_integral_gap_rel' deprecated, please use 'mip_opt_gap_rel'.
WARNING:  Option 'mip_integral_gap_abs' deprecated, please use 'mip_opt_gap_abs'.
WARNING:  Option 'mip_integral_gap_rel' deprecated, please use 'mip_opt_gap_rel'.
WARNING:  Option 'mip_integral_gap_abs' deprecated, please use 'mip_opt_gap_abs'.
WARNING:  Option 'mip_integral_gap_rel' deprecated, please use 'mip_opt_gap_rel'.
WARNING:  Option 'mip_integral_gap_abs' deprecated, please use 'mip_opt_gap_abs'.
WARNING:  Option 'mip_integral_gap_rel' deprecated, please use 'mip_opt_gap_rel'.
WARNING:  Option 'mip_integral_gap_abs' deprecated, please use 'mip_opt_gap_abs'.
WARNING:  Option 'mip_integral_gap_rel' deprecated, please use 'mip_opt_gap_rel'.
WARNING:  Option 'mip_integral_gap_abs' deprecated, please use 'mip_opt_gap_abs'.
WARNING:  Option 'mip_integral_gap_rel' deprecated, please use 'mip_opt_gap_rel'.
WARNING:  Option 'mip_integral_gap_abs' deprecated, please use 'mip_opt_gap_abs'.
WARNING:  Option 'mip_integral_gap_rel' deprecated, please use 'mip_opt_gap_rel'.
WARNING:  Option 'mip_integral_gap_abs' deprecated, please use 'mip_opt_gap_abs'.
WARNING:  Option 'mip_integral_gap_rel' deprecated, please use 'mip_opt_gap_rel'.
WARNING:  Option 'mip_integral_gap_abs' deprecated, please use 'mip_opt_gap_abs'.
WARNING:  Option 'mip_integral_gap_rel' deprecated, please use 'mip_opt_gap_rel'.
WARNING:  Option 'mip_integral_gap_abs' deprecated, please use 'mip_opt_gap_abs'.
WARNING:  Option 'mip_integral_gap_rel' deprecated, please use 'mip_opt_gap_rel'.
WARNING:  Option 'mip_integral_gap_abs' deprecated, please use 'mip_opt_gap_abs'.
WARNING:  Option 'mip_integral_gap_rel' deprecated, please use 'mip_opt_gap_rel'.
WARNING:  Option 'mip_integral_gap_abs' deprecated, please use 'mip_opt_gap_abs'.
WARNING:  Option 'mip_integral_gap_rel' deprecated, please use 'mip_opt_gap_rel'.
WARNING:  Option 'mip_integral_gap_abs' deprecated, please use 'mip_opt_gap_abs'.
WARNING:  Option 'mip_integral_gap_rel' deprecated, please use 'mip_opt_gap_rel'.
WARNING:  Option 'mip_integral_gap_abs' deprecated, please use 'mip_opt_gap_abs'.
WARNING:  Option 'mip_integral_gap_rel' deprecated, please use 'mip_opt_gap_rel'.
WARNING:  Option 'mip_integral_gap_abs' deprecated, please use 'mip_opt_gap_abs'.
WARNING:  Option 'mip_integral_gap_rel' deprecated, please use 'mip_opt_gap_rel'.
WARNING:  Option 'mip_integral_gap_abs' deprecated, please use 'mip_opt_gap_abs'.
WARNING:  Option 'mip_integral_gap_rel' deprecated, please use 'mip_opt_gap_rel'.
WARNING:  Option 'mip_integral_gap_abs' deprecated, please use 'mip_opt_gap_abs'.
WARNING:  Option 'mip_integral_gap_rel' deprecated, please use 'mip_opt_gap_rel'.
WARNING:  Option 'mip_integral_gap_abs' deprecated, please use 'mip_opt_gap_abs'.
WARNING:  Option 'mip_integral_gap_rel' deprecated, please use 'mip_opt_gap_rel'.
WARNING:  Option 'mip_integral_gap_abs' deprecated, please use 'mip_opt_gap_abs'.
WARNING:  Option 'mip_integral_gap_rel' deprecated, please use 'mip_opt_gap_rel'.
WARNING:  Option 'mip_integral_gap_abs' deprecated, please use 'mip_opt_gap_abs'.
WARNING:  Option 'mip_integral_gap_rel' deprecated, please use 'mip_opt_gap_rel'.
WARNING:  Option 'mip_integral_gap_abs' deprecated, please use 'mip_opt_gap_abs'.
WARNING:  Option 'mip_integral_gap_rel' deprecated, please use 'mip_opt_gap_rel'.
WARNING:  Option 'mip_integral_gap_abs' deprecated, please use 'mip_opt_gap_abs'.
WARNING:  Option 'mip_integral_gap_rel' deprecated, please use 'mip_opt_gap_rel'.
WARNING:  Option 'mip_integral_gap_abs' deprecated, please use 'mip_opt_gap_abs'.
WARNING:  Option 'mip_integral_gap_rel' deprecated, please use 'mip_opt_gap_rel'.
WARNING:  Option 'mip_integral_gap_abs' deprecated, please use 'mip_opt_gap_abs'.
WARNING:  Option 'mip_integral_gap_rel' deprecated, please use 'mip_opt_gap_rel'.
WARNING:  Option 'mip_integral_gap_abs' deprecated, please use 'mip_opt_gap_abs'.
WARNING:  Option 'mip_integral_gap_rel' deprecated, please use 'mip_opt_gap_rel'.
WARNING:  Option 'mip_integral_gap_abs' deprecated, please use 'mip_opt_gap_abs'.
WARNING:  Option 'mip_integral_gap_rel' deprecated, please use 'mip_opt_gap_rel'.
WARNING:  Option 'mip_integral_gap_abs' deprecated, please use 'mip_opt_gap_abs'.
WARNING:  Option 'mip_integral_gap_rel' deprecated, please use 'mip_opt_gap_rel'.
WARNING:  Option 'mip_integral_gap_abs' deprecated, please use 'mip_opt_gap_abs'.
WARNING:  Option 'mip_integral_gap_rel' deprecated, please use 'mip_opt_gap_rel'.
WARNING:  Option 'mip_integral_gap_abs' deprecated, please use 'mip_opt_gap_abs'.
WARNING:  Option 'mip_integral_gap_rel' deprecated, please use 'mip_opt_gap_rel'.
WARNING:  Option 'mip_integral_gap_abs' deprecated, please use 'mip_opt_gap_abs'.
WARNING:  Option 'mip_integral_gap_rel' deprecated, please use 'mip_opt_gap_rel'.
WARNING:  Option 'mip_integral_gap_abs' deprecated, please use 'mip_opt_gap_abs'.
WARNING:  Option 'mip_integral_gap_rel' deprecated, please use 'mip_opt_gap_rel'.
WARNING:  Option 'mip_integral_gap_abs' deprecated, please use 'mip_opt_gap_abs'.
WARNING:  Option 'mip_integral_gap_rel' deprecated, please use 'mip_opt_gap_rel'.
WARNING:  Option 'mip_integral_gap_abs' deprecated, please use 'mip_opt_gap_abs'.
WARNING:  Option 'mip_integral_gap_rel' deprecated, please use 'mip_opt_gap_rel'.
WARNING:  Option 'mip_integral_gap_abs' deprecated, please use 'mip_opt_gap_abs'.
WARNING:  Option 'mip_integral_gap_rel' deprecated, please use 'mip_opt_gap_rel'.
WARNING:  Option 'mip_integral_gap_abs' deprecated, please use 'mip_opt_gap_abs'.
WARNING:  Option 'mip_integral_gap_rel' deprecated, please use 'mip_opt_gap_rel'.
       7    8.995642e-01   0.000e+00   3.872e-03   4.947e-01        0
WARNING:  Option 'mip_integral_gap_abs' deprecated, please use 'mip_opt_gap_abs'.
WARNING:  Option 'mip_integral_gap_rel' deprecated, please use 'mip_opt_gap_rel'.
WARNING:  Option 'mip_integral_gap_abs' deprecated, please use 'mip_opt_gap_abs'.
WARNING:  Option 'mip_integral_gap_rel' deprecated, please use 'mip_opt_gap_rel'.
WARNING:  Option 'mip_integral_gap_abs' deprecated, please use 'mip_opt_gap_abs'.
WARNING:  Option 'mip_integral_gap_rel' deprecated, please use 'mip_opt_gap_rel'.
WARNING:  Option 'mip_integral_gap_abs' deprecated, please use 'mip_opt_gap_abs'.
WARNING:  Option 'mip_integral_gap_rel' deprecated, please use 'mip_opt_gap_rel'.
WARNING:  Option 'mip_integral_gap_abs' deprecated, please use 'mip_opt_gap_abs'.
WARNING:  Option 'mip_integral_gap_rel' deprecated, please use 'mip_opt_gap_rel'.
WARNING:  Option 'mip_integral_gap_abs' deprecated, please use 'mip_opt_gap_abs'.
WARNING:  Option 'mip_integral_gap_rel' deprecated, please use 'mip_opt_gap_rel'.
WARNING:  Option 'mip_integral_gap_abs' deprecated, please use 'mip_opt_gap_abs'.
WARNING:  Option 'mip_integral_gap_rel' deprecated, please use 'mip_opt_gap_rel'.
WARNING:  Option 'mip_integral_gap_abs' deprecated, please use 'mip_opt_gap_abs'.
WARNING:  Option 'mip_integral_gap_rel' deprecated, please use 'mip_opt_gap_rel'.
WARNING:  Option 'mip_integral_gap_abs' deprecated, please use 'mip_opt_gap_abs'.
WARNING:  Option 'mip_integral_gap_rel' deprecated, please use 'mip_opt_gap_rel'.
WARNING:  Option 'mip_integral_gap_abs' deprecated, please use 'mip_opt_gap_abs'.
WARNING:  Option 'mip_integral_gap_rel' deprecated, please use 'mip_opt_gap_rel'.
WARNING:  Option 'mip_integral_gap_abs' deprecated, please use 'mip_opt_gap_abs'.
WARNING:  Option 'mip_integral_gap_rel' deprecated, please use 'mip_opt_gap_rel'.
WARNING:  Option 'mip_integral_gap_abs' deprecated, please use 'mip_opt_gap_abs'.
WARNING:  Option 'mip_integral_gap_rel' deprecated, please use 'mip_opt_gap_rel'.
WARNING:  Option 'mip_integral_gap_abs' deprecated, please use 'mip_opt_gap_abs'.
WARNING:  Option 'mip_integral_gap_rel' deprecated, please use 'mip_opt_gap_rel'.
WARNING:  Option 'mip_integral_gap_abs' deprecated, please use 'mip_opt_gap_abs'.
WARNING:  Option 'mip_integral_gap_rel' deprecated, please use 'mip_opt_gap_rel'.
WARNING:  Option 'mip_integral_gap_abs' deprecated, please use 'mip_opt_gap_abs'.
WARNING:  Option 'mip_integral_gap_rel' deprecated, please use 'mip_opt_gap_rel'.
WARNING:  Option 'mip_integral_gap_abs' deprecated, please use 'mip_opt_gap_abs'.
WARNING:  Option 'mip_integral_gap_rel' deprecated, please use 'mip_opt_gap_rel'.
WARNING:  Option 'mip_integral_gap_abs' deprecated, please use 'mip_opt_gap_abs'.
WARNING:  Option 'mip_integral_gap_rel' deprecated, please use 'mip_opt_gap_rel'.
WARNING:  Option 'mip_integral_gap_abs' deprecated, please use 'mip_opt_gap_abs'.
WARNING:  Option 'mip_integral_gap_rel' deprecated, please use 'mip_opt_gap_rel'.
WARNING:  Option 'mip_integral_gap_abs' deprecated, please use 'mip_opt_gap_abs'.
WARNING:  Option 'mip_integral_gap_rel' deprecated, please use 'mip_opt_gap_rel'.
WARNING:  Option 'mip_integral_gap_abs' deprecated, please use 'mip_opt_gap_abs'.
WARNING:  Option 'mip_integral_gap_rel' deprecated, please use 'mip_opt_gap_rel'.
WARNING:  Option 'mip_integral_gap_abs' deprecated, please use 'mip_opt_gap_abs'.
WARNING:  Option 'mip_integral_gap_rel' deprecated, please use 'mip_opt_gap_rel'.
WARNING:  Option 'mip_integral_gap_abs' deprecated, please use 'mip_opt_gap_abs'.
WARNING:  Option 'mip_integral_gap_rel' deprecated, please use 'mip_opt_gap_rel'.
WARNING:  Option 'mip_integral_gap_abs' deprecated, please use 'mip_opt_gap_abs'.
WARNING:  Option 'mip_integral_gap_rel' deprecated, please use 'mip_opt_gap_rel'.
WARNING:  Option 'mip_integral_gap_abs' deprecated, please use 'mip_opt_gap_abs'.
WARNING:  Option 'mip_integral_gap_rel' deprecated, please use 'mip_opt_gap_rel'.
WARNING:  Option 'mip_integral_gap_abs' deprecated, please use 'mip_opt_gap_abs'.
WARNING:  Option 'mip_integral_gap_rel' deprecated, please use 'mip_opt_gap_rel'.
WARNING:  Option 'mip_integral_gap_abs' deprecated, please use 'mip_opt_gap_abs'.
WARNING:  Option 'mip_integral_gap_rel' deprecated, please use 'mip_opt_gap_rel'.
WARNING:  Option 'mip_integral_gap_abs' deprecated, please use 'mip_opt_gap_abs'.
WARNING:  Option 'mip_integral_gap_rel' deprecated, please use 'mip_opt_gap_rel'.
WARNING:  Option 'mip_integral_gap_abs' deprecated, please use 'mip_opt_gap_abs'.
WARNING:  Option 'mip_integral_gap_rel' deprecated, please use 'mip_opt_gap_rel'.
WARNING:  Option 'mip_integral_gap_abs' deprecated, please use 'mip_opt_gap_abs'.
WARNING:  Option 'mip_integral_gap_rel' deprecated, please use 'mip_opt_gap_rel'.
WARNING:  Option 'mip_integral_gap_abs' deprecated, please use 'mip_opt_gap_abs'.
WARNING:  Option 'mip_integral_gap_rel' deprecated, please use 'mip_opt_gap_rel'.
WARNING:  Option 'mip_integral_gap_abs' deprecated, please use 'mip_opt_gap_abs'.
WARNING:  Option 'mip_integral_gap_rel' deprecated, please use 'mip_opt_gap_rel'.
WARNING:  Option 'mip_integral_gap_abs' deprecated, please use 'mip_opt_gap_abs'.
WARNING:  Option 'mip_integral_gap_rel' deprecated, please use 'mip_opt_gap_rel'.
WARNING:  Option 'mip_integral_gap_abs' deprecated, please use 'mip_opt_gap_abs'.
WARNING:  Option 'mip_integral_gap_rel' deprecated, please use 'mip_opt_gap_rel'.
WARNING:  Option 'mip_integral_gap_abs' deprecated, please use 'mip_opt_gap_abs'.
WARNING:  Option 'mip_integral_gap_rel' deprecated, please use 'mip_opt_gap_rel'.
       8    8.978804e-01   0.000e+00   1.043e-02   6.526e-01        0
WARNING:  Option 'mip_integral_gap_abs' deprecated, please use 'mip_opt_gap_abs'.
WARNING:  Option 'mip_integral_gap_rel' deprecated, please use 'mip_opt_gap_rel'.
WARNING:  Option 'mip_integral_gap_abs' deprecated, please use 'mip_opt_gap_abs'.
WARNING:  Option 'mip_integral_gap_rel' deprecated, please use 'mip_opt_gap_rel'.
WARNING:  Option 'mip_integral_gap_abs' deprecated, please use 'mip_opt_gap_abs'.
WARNING:  Option 'mip_integral_gap_rel' deprecated, please use 'mip_opt_gap_rel'.
WARNING:  Option 'mip_integral_gap_abs' deprecated, please use 'mip_opt_gap_abs'.
WARNING:  Option 'mip_integral_gap_rel' deprecated, please use 'mip_opt_gap_rel'.
WARNING:  Option 'mip_integral_gap_abs' deprecated, please use 'mip_opt_gap_abs'.
WARNING:  Option 'mip_integral_gap_rel' deprecated, please use 'mip_opt_gap_rel'.
WARNING:  Option 'mip_integral_gap_abs' deprecated, please use 'mip_opt_gap_abs'.
WARNING:  Option 'mip_integral_gap_rel' deprecated, please use 'mip_opt_gap_rel'.
WARNING:  Option 'mip_integral_gap_abs' deprecated, please use 'mip_opt_gap_abs'.
WARNING:  Option 'mip_integral_gap_rel' deprecated, please use 'mip_opt_gap_rel'.
WARNING:  Option 'mip_integral_gap_abs' deprecated, please use 'mip_opt_gap_abs'.
WARNING:  Option 'mip_integral_gap_rel' deprecated, please use 'mip_opt_gap_rel'.
WARNING:  Option 'mip_integral_gap_abs' deprecated, please use 'mip_opt_gap_abs'.
WARNING:  Option 'mip_integral_gap_rel' deprecated, please use 'mip_opt_gap_rel'.
WARNING:  Option 'mip_integral_gap_abs' deprecated, please use 'mip_opt_gap_abs'.
WARNING:  Option 'mip_integral_gap_rel' deprecated, please use 'mip_opt_gap_rel'.
WARNING:  Option 'mip_integral_gap_abs' deprecated, please use 'mip_opt_gap_abs'.
WARNING:  Option 'mip_integral_gap_rel' deprecated, please use 'mip_opt_gap_rel'.
WARNING:  Option 'mip_integral_gap_abs' deprecated, please use 'mip_opt_gap_abs'.
WARNING:  Option 'mip_integral_gap_rel' deprecated, please use 'mip_opt_gap_rel'.
WARNING:  Option 'mip_integral_gap_abs' deprecated, please use 'mip_opt_gap_abs'.
WARNING:  Option 'mip_integral_gap_rel' deprecated, please use 'mip_opt_gap_rel'.
WARNING:  Option 'mip_integral_gap_abs' deprecated, please use 'mip_opt_gap_abs'.
WARNING:  Option 'mip_integral_gap_rel' deprecated, please use 'mip_opt_gap_rel'.
WARNING:  Option 'mip_integral_gap_abs' deprecated, please use 'mip_opt_gap_abs'.
WARNING:  Option 'mip_integral_gap_rel' deprecated, please use 'mip_opt_gap_rel'.
WARNING:  Option 'mip_integral_gap_abs' deprecated, please use 'mip_opt_gap_abs'.
WARNING:  Option 'mip_integral_gap_rel' deprecated, please use 'mip_opt_gap_rel'.
WARNING:  Option 'mip_integral_gap_abs' deprecated, please use 'mip_opt_gap_abs'.
WARNING:  Option 'mip_integral_gap_rel' deprecated, please use 'mip_opt_gap_rel'.
WARNING:  Option 'mip_integral_gap_abs' deprecated, please use 'mip_opt_gap_abs'.
WARNING:  Option 'mip_integral_gap_rel' deprecated, please use 'mip_opt_gap_rel'.
WARNING:  Option 'mip_integral_gap_abs' deprecated, please use 'mip_opt_gap_abs'.
WARNING:  Option 'mip_integral_gap_rel' deprecated, please use 'mip_opt_gap_rel'.
WARNING:  Option 'mip_integral_gap_abs' deprecated, please use 'mip_opt_gap_abs'.
WARNING:  Option 'mip_integral_gap_rel' deprecated, please use 'mip_opt_gap_rel'.
WARNING:  Option 'mip_integral_gap_abs' deprecated, please use 'mip_opt_gap_abs'.
WARNING:  Option 'mip_integral_gap_rel' deprecated, please use 'mip_opt_gap_rel'.
WARNING:  Option 'mip_integral_gap_abs' deprecated, please use 'mip_opt_gap_abs'.
WARNING:  Option 'mip_integral_gap_rel' deprecated, please use 'mip_opt_gap_rel'.
WARNING:  Option 'mip_integral_gap_abs' deprecated, please use 'mip_opt_gap_abs'.
WARNING:  Option 'mip_integral_gap_rel' deprecated, please use 'mip_opt_gap_rel'.
WARNING:  Option 'mip_integral_gap_abs' deprecated, please use 'mip_opt_gap_abs'.
WARNING:  Option 'mip_integral_gap_rel' deprecated, please use 'mip_opt_gap_rel'.
WARNING:  Option 'mip_integral_gap_abs' deprecated, please use 'mip_opt_gap_abs'.
WARNING:  Option 'mip_integral_gap_rel' deprecated, please use 'mip_opt_gap_rel'.
WARNING:  Option 'mip_integral_gap_abs' deprecated, please use 'mip_opt_gap_abs'.
WARNING:  Option 'mip_integral_gap_rel' deprecated, please use 'mip_opt_gap_rel'.
WARNING:  Option 'mip_integral_gap_abs' deprecated, please use 'mip_opt_gap_abs'.
WARNING:  Option 'mip_integral_gap_rel' deprecated, please use 'mip_opt_gap_rel'.
WARNING:  Option 'mip_integral_gap_abs' deprecated, please use 'mip_opt_gap_abs'.
WARNING:  Option 'mip_integral_gap_rel' deprecated, please use 'mip_opt_gap_rel'.
WARNING:  Option 'mip_integral_gap_abs' deprecated, please use 'mip_opt_gap_abs'.
WARNING:  Option 'mip_integral_gap_rel' deprecated, please use 'mip_opt_gap_rel'.
WARNING:  Option 'mip_integral_gap_abs' deprecated, please use 'mip_opt_gap_abs'.
WARNING:  Option 'mip_integral_gap_rel' deprecated, please use 'mip_opt_gap_rel'.
WARNING:  Option 'mip_integral_gap_abs' deprecated, please use 'mip_opt_gap_abs'.
WARNING:  Option 'mip_integral_gap_rel' deprecated, please use 'mip_opt_gap_rel'.
WARNING:  Option 'mip_integral_gap_abs' deprecated, please use 'mip_opt_gap_abs'.
WARNING:  Option 'mip_integral_gap_rel' deprecated, please use 'mip_opt_gap_rel'.
WARNING:  Option 'mip_integral_gap_abs' deprecated, please use 'mip_opt_gap_abs'.
WARNING:  Option 'mip_integral_gap_rel' deprecated, please use 'mip_opt_gap_rel'.
WARNING:  Option 'mip_integral_gap_abs' deprecated, please use 'mip_opt_gap_abs'.
WARNING:  Option 'mip_integral_gap_rel' deprecated, please use 'mip_opt_gap_rel'.
WARNING:  Option 'mip_integral_gap_abs' deprecated, please use 'mip_opt_gap_abs'.
WARNING:  Option 'mip_integral_gap_rel' deprecated, please use 'mip_opt_gap_rel'.
WARNING:  Option 'mip_integral_gap_abs' deprecated, please use 'mip_opt_gap_abs'.
WARNING:  Option 'mip_integral_gap_rel' deprecated, please use 'mip_opt_gap_rel'.
       9    8.968746e-01   0.000e+00   9.450e-03   6.773e-02        0
WARNING:  Option 'mip_integral_gap_abs' deprecated, please use 'mip_opt_gap_abs'.
WARNING:  Option 'mip_integral_gap_rel' deprecated, please use 'mip_opt_gap_rel'.
WARNING:  Option 'mip_integral_gap_abs' deprecated, please use 'mip_opt_gap_abs'.
WARNING:  Option 'mip_integral_gap_rel' deprecated, please use 'mip_opt_gap_rel'.
WARNING:  Option 'mip_integral_gap_abs' deprecated, please use 'mip_opt_gap_abs'.
WARNING:  Option 'mip_integral_gap_rel' deprecated, please use 'mip_opt_gap_rel'.
WARNING:  Option 'mip_integral_gap_abs' deprecated, please use 'mip_opt_gap_abs'.
WARNING:  Option 'mip_integral_gap_rel' deprecated, please use 'mip_opt_gap_rel'.
WARNING:  Option 'mip_integral_gap_abs' deprecated, please use 'mip_opt_gap_abs'.
WARNING:  Option 'mip_integral_gap_rel' deprecated, please use 'mip_opt_gap_rel'.
WARNING:  Option 'mip_integral_gap_abs' deprecated, please use 'mip_opt_gap_abs'.
WARNING:  Option 'mip_integral_gap_rel' deprecated, please use 'mip_opt_gap_rel'.
WARNING:  Option 'mip_integral_gap_abs' deprecated, please use 'mip_opt_gap_abs'.
WARNING:  Option 'mip_integral_gap_rel' deprecated, please use 'mip_opt_gap_rel'.
WARNING:  Option 'mip_integral_gap_abs' deprecated, please use 'mip_opt_gap_abs'.
WARNING:  Option 'mip_integral_gap_rel' deprecated, please use 'mip_opt_gap_rel'.
WARNING:  Option 'mip_integral_gap_abs' deprecated, please use 'mip_opt_gap_abs'.
WARNING:  Option 'mip_integral_gap_rel' deprecated, please use 'mip_opt_gap_rel'.
WARNING:  Option 'mip_integral_gap_abs' deprecated, please use 'mip_opt_gap_abs'.
WARNING:  Option 'mip_integral_gap_rel' deprecated, please use 'mip_opt_gap_rel'.
WARNING:  Option 'mip_integral_gap_abs' deprecated, please use 'mip_opt_gap_abs'.
WARNING:  Option 'mip_integral_gap_rel' deprecated, please use 'mip_opt_gap_rel'.
WARNING:  Option 'mip_integral_gap_abs' deprecated, please use 'mip_opt_gap_abs'.
WARNING:  Option 'mip_integral_gap_rel' deprecated, please use 'mip_opt_gap_rel'.
WARNING:  Option 'mip_integral_gap_abs' deprecated, please use 'mip_opt_gap_abs'.
WARNING:  Option 'mip_integral_gap_rel' deprecated, please use 'mip_opt_gap_rel'.
WARNING:  Option 'mip_integral_gap_abs' deprecated, please use 'mip_opt_gap_abs'.
WARNING:  Option 'mip_integral_gap_rel' deprecated, please use 'mip_opt_gap_rel'.
WARNING:  Option 'mip_integral_gap_abs' deprecated, please use 'mip_opt_gap_abs'.
WARNING:  Option 'mip_integral_gap_rel' deprecated, please use 'mip_opt_gap_rel'.
WARNING:  Option 'mip_integral_gap_abs' deprecated, please use 'mip_opt_gap_abs'.
WARNING:  Option 'mip_integral_gap_rel' deprecated, please use 'mip_opt_gap_rel'.
WARNING:  Option 'mip_integral_gap_abs' deprecated, please use 'mip_opt_gap_abs'.
WARNING:  Option 'mip_integral_gap_rel' deprecated, please use 'mip_opt_gap_rel'.
WARNING:  Option 'mip_integral_gap_abs' deprecated, please use 'mip_opt_gap_abs'.
WARNING:  Option 'mip_integral_gap_rel' deprecated, please use 'mip_opt_gap_rel'.
WARNING:  Option 'mip_integral_gap_abs' deprecated, please use 'mip_opt_gap_abs'.
WARNING:  Option 'mip_integral_gap_rel' deprecated, please use 'mip_opt_gap_rel'.
WARNING:  Option 'mip_integral_gap_abs' deprecated, please use 'mip_opt_gap_abs'.
WARNING:  Option 'mip_integral_gap_rel' deprecated, please use 'mip_opt_gap_rel'.
WARNING:  Option 'mip_integral_gap_abs' deprecated, please use 'mip_opt_gap_abs'.
WARNING:  Option 'mip_integral_gap_rel' deprecated, please use 'mip_opt_gap_rel'.
WARNING:  Option 'mip_integral_gap_abs' deprecated, please use 'mip_opt_gap_abs'.
WARNING:  Option 'mip_integral_gap_rel' deprecated, please use 'mip_opt_gap_rel'.
WARNING:  Option 'mip_integral_gap_abs' deprecated, please use 'mip_opt_gap_abs'.
WARNING:  Option 'mip_integral_gap_rel' deprecated, please use 'mip_opt_gap_rel'.
WARNING:  Option 'mip_integral_gap_abs' deprecated, please use 'mip_opt_gap_abs'.
WARNING:  Option 'mip_integral_gap_rel' deprecated, please use 'mip_opt_gap_rel'.
WARNING:  Option 'mip_integral_gap_abs' deprecated, please use 'mip_opt_gap_abs'.
WARNING:  Option 'mip_integral_gap_rel' deprecated, please use 'mip_opt_gap_rel'.
WARNING:  Option 'mip_integral_gap_abs' deprecated, please use 'mip_opt_gap_abs'.
WARNING:  Option 'mip_integral_gap_rel' deprecated, please use 'mip_opt_gap_rel'.
WARNING:  Option 'mip_integral_gap_abs' deprecated, please use 'mip_opt_gap_abs'.
WARNING:  Option 'mip_integral_gap_rel' deprecated, please use 'mip_opt_gap_rel'.
WARNING:  Option 'mip_integral_gap_abs' deprecated, please use 'mip_opt_gap_abs'.
WARNING:  Option 'mip_integral_gap_rel' deprecated, please use 'mip_opt_gap_rel'.
WARNING:  Option 'mip_integral_gap_abs' deprecated, please use 'mip_opt_gap_abs'.
WARNING:  Option 'mip_integral_gap_rel' deprecated, please use 'mip_opt_gap_rel'.
WARNING:  Option 'mip_integral_gap_abs' deprecated, please use 'mip_opt_gap_abs'.
WARNING:  Option 'mip_integral_gap_rel' deprecated, please use 'mip_opt_gap_rel'.
WARNING:  Option 'mip_integral_gap_abs' deprecated, please use 'mip_opt_gap_abs'.
WARNING:  Option 'mip_integral_gap_rel' deprecated, please use 'mip_opt_gap_rel'.
WARNING:  Option 'mip_integral_gap_abs' deprecated, please use 'mip_opt_gap_abs'.
WARNING:  Option 'mip_integral_gap_rel' deprecated, please use 'mip_opt_gap_rel'.
WARNING:  Option 'mip_integral_gap_abs' deprecated, please use 'mip_opt_gap_abs'.
WARNING:  Option 'mip_integral_gap_rel' deprecated, please use 'mip_opt_gap_rel'.
WARNING:  Option 'mip_integral_gap_abs' deprecated, please use 'mip_opt_gap_abs'.
WARNING:  Option 'mip_integral_gap_rel' deprecated, please use 'mip_opt_gap_rel'.
WARNING:  Option 'mip_integral_gap_abs' deprecated, please use 'mip_opt_gap_abs'.
WARNING:  Option 'mip_integral_gap_rel' deprecated, please use 'mip_opt_gap_rel'.
WARNING:  Option 'mip_integral_gap_abs' deprecated, please use 'mip_opt_gap_abs'.
WARNING:  Option 'mip_integral_gap_rel' deprecated, please use 'mip_opt_gap_rel'.
      10    8.959277e-01   0.000e+00   6.240e-03   6.536e-02        0
WARNING:  Option 'mip_integral_gap_abs' deprecated, please use 'mip_opt_gap_abs'.
WARNING:  Option 'mip_integral_gap_rel' deprecated, please use 'mip_opt_gap_rel'.
WARNING:  Option 'mip_integral_gap_abs' deprecated, please use 'mip_opt_gap_abs'.
WARNING:  Option 'mip_integral_gap_rel' deprecated, please use 'mip_opt_gap_rel'.
WARNING:  Option 'mip_integral_gap_abs' deprecated, please use 'mip_opt_gap_abs'.
WARNING:  Option 'mip_integral_gap_rel' deprecated, please use 'mip_opt_gap_rel'.
WARNING:  Option 'mip_integral_gap_abs' deprecated, please use 'mip_opt_gap_abs'.
WARNING:  Option 'mip_integral_gap_rel' deprecated, please use 'mip_opt_gap_rel'.
WARNING:  Option 'mip_integral_gap_abs' deprecated, please use 'mip_opt_gap_abs'.
WARNING:  Option 'mip_integral_gap_rel' deprecated, please use 'mip_opt_gap_rel'.
WARNING:  Option 'mip_integral_gap_abs' deprecated, please use 'mip_opt_gap_abs'.
WARNING:  Option 'mip_integral_gap_rel' deprecated, please use 'mip_opt_gap_rel'.
WARNING:  Option 'mip_integral_gap_abs' deprecated, please use 'mip_opt_gap_abs'.
WARNING:  Option 'mip_integral_gap_rel' deprecated, please use 'mip_opt_gap_rel'.
WARNING:  Option 'mip_integral_gap_abs' deprecated, please use 'mip_opt_gap_abs'.
WARNING:  Option 'mip_integral_gap_rel' deprecated, please use 'mip_opt_gap_rel'.
WARNING:  Option 'mip_integral_gap_abs' deprecated, please use 'mip_opt_gap_abs'.
WARNING:  Option 'mip_integral_gap_rel' deprecated, please use 'mip_opt_gap_rel'.
WARNING:  Option 'mip_integral_gap_abs' deprecated, please use 'mip_opt_gap_abs'.
WARNING:  Option 'mip_integral_gap_rel' deprecated, please use 'mip_opt_gap_rel'.
WARNING:  Option 'mip_integral_gap_abs' deprecated, please use 'mip_opt_gap_abs'.
WARNING:  Option 'mip_integral_gap_rel' deprecated, please use 'mip_opt_gap_rel'.
WARNING:  Option 'mip_integral_gap_abs' deprecated, please use 'mip_opt_gap_abs'.
WARNING:  Option 'mip_integral_gap_rel' deprecated, please use 'mip_opt_gap_rel'.
WARNING:  Option 'mip_integral_gap_abs' deprecated, please use 'mip_opt_gap_abs'.
WARNING:  Option 'mip_integral_gap_rel' deprecated, please use 'mip_opt_gap_rel'.
WARNING:  Option 'mip_integral_gap_abs' deprecated, please use 'mip_opt_gap_abs'.
WARNING:  Option 'mip_integral_gap_rel' deprecated, please use 'mip_opt_gap_rel'.
WARNING:  Option 'mip_integral_gap_abs' deprecated, please use 'mip_opt_gap_abs'.
WARNING:  Option 'mip_integral_gap_rel' deprecated, please use 'mip_opt_gap_rel'.
WARNING:  Option 'mip_integral_gap_abs' deprecated, please use 'mip_opt_gap_abs'.
WARNING:  Option 'mip_integral_gap_rel' deprecated, please use 'mip_opt_gap_rel'.
WARNING:  Option 'mip_integral_gap_abs' deprecated, please use 'mip_opt_gap_abs'.
WARNING:  Option 'mip_integral_gap_rel' deprecated, please use 'mip_opt_gap_rel'.
WARNING:  Option 'mip_integral_gap_abs' deprecated, please use 'mip_opt_gap_abs'.
WARNING:  Option 'mip_integral_gap_rel' deprecated, please use 'mip_opt_gap_rel'.
WARNING:  Option 'mip_integral_gap_abs' deprecated, please use 'mip_opt_gap_abs'.
WARNING:  Option 'mip_integral_gap_rel' deprecated, please use 'mip_opt_gap_rel'.
WARNING:  Option 'mip_integral_gap_abs' deprecated, please use 'mip_opt_gap_abs'.
WARNING:  Option 'mip_integral_gap_rel' deprecated, please use 'mip_opt_gap_rel'.
WARNING:  Option 'mip_integral_gap_abs' deprecated, please use 'mip_opt_gap_abs'.
WARNING:  Option 'mip_integral_gap_rel' deprecated, please use 'mip_opt_gap_rel'.
WARNING:  Option 'mip_integral_gap_abs' deprecated, please use 'mip_opt_gap_abs'.
WARNING:  Option 'mip_integral_gap_rel' deprecated, please use 'mip_opt_gap_rel'.
WARNING:  Option 'mip_integral_gap_abs' deprecated, please use 'mip_opt_gap_abs'.
WARNING:  Option 'mip_integral_gap_rel' deprecated, please use 'mip_opt_gap_rel'.
WARNING:  Option 'mip_integral_gap_abs' deprecated, please use 'mip_opt_gap_abs'.
WARNING:  Option 'mip_integral_gap_rel' deprecated, please use 'mip_opt_gap_rel'.
WARNING:  Option 'mip_integral_gap_abs' deprecated, please use 'mip_opt_gap_abs'.
WARNING:  Option 'mip_integral_gap_rel' deprecated, please use 'mip_opt_gap_rel'.
WARNING:  Option 'mip_integral_gap_abs' deprecated, please use 'mip_opt_gap_abs'.
WARNING:  Option 'mip_integral_gap_rel' deprecated, please use 'mip_opt_gap_rel'.
WARNING:  Option 'mip_integral_gap_abs' deprecated, please use 'mip_opt_gap_abs'.
WARNING:  Option 'mip_integral_gap_rel' deprecated, please use 'mip_opt_gap_rel'.
WARNING:  Option 'mip_integral_gap_abs' deprecated, please use 'mip_opt_gap_abs'.
WARNING:  Option 'mip_integral_gap_rel' deprecated, please use 'mip_opt_gap_rel'.
WARNING:  Option 'mip_integral_gap_abs' deprecated, please use 'mip_opt_gap_abs'.
WARNING:  Option 'mip_integral_gap_rel' deprecated, please use 'mip_opt_gap_rel'.
WARNING:  Option 'mip_integral_gap_abs' deprecated, please use 'mip_opt_gap_abs'.
WARNING:  Option 'mip_integral_gap_rel' deprecated, please use 'mip_opt_gap_rel'.
WARNING:  Option 'mip_integral_gap_abs' deprecated, please use 'mip_opt_gap_abs'.
WARNING:  Option 'mip_integral_gap_rel' deprecated, please use 'mip_opt_gap_rel'.
WARNING:  Option 'mip_integral_gap_abs' deprecated, please use 'mip_opt_gap_abs'.
WARNING:  Option 'mip_integral_gap_rel' deprecated, please use 'mip_opt_gap_rel'.
WARNING:  Option 'mip_integral_gap_abs' deprecated, please use 'mip_opt_gap_abs'.
WARNING:  Option 'mip_integral_gap_rel' deprecated, please use 'mip_opt_gap_rel'.
WARNING:  Option 'mip_integral_gap_abs' deprecated, please use 'mip_opt_gap_abs'.
WARNING:  Option 'mip_integral_gap_rel' deprecated, please use 'mip_opt_gap_rel'.
WARNING:  Option 'mip_integral_gap_abs' deprecated, please use 'mip_opt_gap_abs'.
WARNING:  Option 'mip_integral_gap_rel' deprecated, please use 'mip_opt_gap_rel'.
WARNING:  Option 'mip_integral_gap_abs' deprecated, please use 'mip_opt_gap_abs'.
WARNING:  Option 'mip_integral_gap_rel' deprecated, please use 'mip_opt_gap_rel'.
      11    8.953431e-01   0.000e+00   3.865e-03   5.848e-02        0
WARNING:  Option 'mip_integral_gap_abs' deprecated, please use 'mip_opt_gap_abs'.
WARNING:  Option 'mip_integral_gap_rel' deprecated, please use 'mip_opt_gap_rel'.
WARNING:  Option 'mip_integral_gap_abs' deprecated, please use 'mip_opt_gap_abs'.
WARNING:  Option 'mip_integral_gap_rel' deprecated, please use 'mip_opt_gap_rel'.
WARNING:  Option 'mip_integral_gap_abs' deprecated, please use 'mip_opt_gap_abs'.
WARNING:  Option 'mip_integral_gap_rel' deprecated, please use 'mip_opt_gap_rel'.
WARNING:  Option 'mip_integral_gap_abs' deprecated, please use 'mip_opt_gap_abs'.
WARNING:  Option 'mip_integral_gap_rel' deprecated, please use 'mip_opt_gap_rel'.
WARNING:  Option 'mip_integral_gap_abs' deprecated, please use 'mip_opt_gap_abs'.
WARNING:  Option 'mip_integral_gap_rel' deprecated, please use 'mip_opt_gap_rel'.
WARNING:  Option 'mip_integral_gap_abs' deprecated, please use 'mip_opt_gap_abs'.
WARNING:  Option 'mip_integral_gap_rel' deprecated, please use 'mip_opt_gap_rel'.
WARNING:  Option 'mip_integral_gap_abs' deprecated, please use 'mip_opt_gap_abs'.
WARNING:  Option 'mip_integral_gap_rel' deprecated, please use 'mip_opt_gap_rel'.
WARNING:  Option 'mip_integral_gap_abs' deprecated, please use 'mip_opt_gap_abs'.
WARNING:  Option 'mip_integral_gap_rel' deprecated, please use 'mip_opt_gap_rel'.
WARNING:  Option 'mip_integral_gap_abs' deprecated, please use 'mip_opt_gap_abs'.
WARNING:  Option 'mip_integral_gap_rel' deprecated, please use 'mip_opt_gap_rel'.
WARNING:  Option 'mip_integral_gap_abs' deprecated, please use 'mip_opt_gap_abs'.
WARNING:  Option 'mip_integral_gap_rel' deprecated, please use 'mip_opt_gap_rel'.
WARNING:  Option 'mip_integral_gap_abs' deprecated, please use 'mip_opt_gap_abs'.
WARNING:  Option 'mip_integral_gap_rel' deprecated, please use 'mip_opt_gap_rel'.
WARNING:  Option 'mip_integral_gap_abs' deprecated, please use 'mip_opt_gap_abs'.
WARNING:  Option 'mip_integral_gap_rel' deprecated, please use 'mip_opt_gap_rel'.
WARNING:  Option 'mip_integral_gap_abs' deprecated, please use 'mip_opt_gap_abs'.
WARNING:  Option 'mip_integral_gap_rel' deprecated, please use 'mip_opt_gap_rel'.
WARNING:  Option 'mip_integral_gap_abs' deprecated, please use 'mip_opt_gap_abs'.
WARNING:  Option 'mip_integral_gap_rel' deprecated, please use 'mip_opt_gap_rel'.
WARNING:  Option 'mip_integral_gap_abs' deprecated, please use 'mip_opt_gap_abs'.
WARNING:  Option 'mip_integral_gap_rel' deprecated, please use 'mip_opt_gap_rel'.
WARNING:  Option 'mip_integral_gap_abs' deprecated, please use 'mip_opt_gap_abs'.
WARNING:  Option 'mip_integral_gap_rel' deprecated, please use 'mip_opt_gap_rel'.
WARNING:  Option 'mip_integral_gap_abs' deprecated, please use 'mip_opt_gap_abs'.
WARNING:  Option 'mip_integral_gap_rel' deprecated, please use 'mip_opt_gap_rel'.
WARNING:  Option 'mip_integral_gap_abs' deprecated, please use 'mip_opt_gap_abs'.
WARNING:  Option 'mip_integral_gap_rel' deprecated, please use 'mip_opt_gap_rel'.
WARNING:  Option 'mip_integral_gap_abs' deprecated, please use 'mip_opt_gap_abs'.
WARNING:  Option 'mip_integral_gap_rel' deprecated, please use 'mip_opt_gap_rel'.
WARNING:  Option 'mip_integral_gap_abs' deprecated, please use 'mip_opt_gap_abs'.
WARNING:  Option 'mip_integral_gap_rel' deprecated, please use 'mip_opt_gap_rel'.
WARNING:  Option 'mip_integral_gap_abs' deprecated, please use 'mip_opt_gap_abs'.
WARNING:  Option 'mip_integral_gap_rel' deprecated, please use 'mip_opt_gap_rel'.
WARNING:  Option 'mip_integral_gap_abs' deprecated, please use 'mip_opt_gap_abs'.
WARNING:  Option 'mip_integral_gap_rel' deprecated, please use 'mip_opt_gap_rel'.
WARNING:  Option 'mip_integral_gap_abs' deprecated, please use 'mip_opt_gap_abs'.
WARNING:  Option 'mip_integral_gap_rel' deprecated, please use 'mip_opt_gap_rel'.
WARNING:  Option 'mip_integral_gap_abs' deprecated, please use 'mip_opt_gap_abs'.
WARNING:  Option 'mip_integral_gap_rel' deprecated, please use 'mip_opt_gap_rel'.
WARNING:  Option 'mip_integral_gap_abs' deprecated, please use 'mip_opt_gap_abs'.
WARNING:  Option 'mip_integral_gap_rel' deprecated, please use 'mip_opt_gap_rel'.
WARNING:  Option 'mip_integral_gap_abs' deprecated, please use 'mip_opt_gap_abs'.
WARNING:  Option 'mip_integral_gap_rel' deprecated, please use 'mip_opt_gap_rel'.
WARNING:  Option 'mip_integral_gap_abs' deprecated, please use 'mip_opt_gap_abs'.
WARNING:  Option 'mip_integral_gap_rel' deprecated, please use 'mip_opt_gap_rel'.
WARNING:  Option 'mip_integral_gap_abs' deprecated, please use 'mip_opt_gap_abs'.
WARNING:  Option 'mip_integral_gap_rel' deprecated, please use 'mip_opt_gap_rel'.
WARNING:  Option 'mip_integral_gap_abs' deprecated, please use 'mip_opt_gap_abs'.
WARNING:  Option 'mip_integral_gap_rel' deprecated, please use 'mip_opt_gap_rel'.
WARNING:  Option 'mip_integral_gap_abs' deprecated, please use 'mip_opt_gap_abs'.
WARNING:  Option 'mip_integral_gap_rel' deprecated, please use 'mip_opt_gap_rel'.
WARNING:  Option 'mip_integral_gap_abs' deprecated, please use 'mip_opt_gap_abs'.
WARNING:  Option 'mip_integral_gap_rel' deprecated, please use 'mip_opt_gap_rel'.
WARNING:  Option 'mip_integral_gap_abs' deprecated, please use 'mip_opt_gap_abs'.
WARNING:  Option 'mip_integral_gap_rel' deprecated, please use 'mip_opt_gap_rel'.
WARNING:  Option 'mip_integral_gap_abs' deprecated, please use 'mip_opt_gap_abs'.
WARNING:  Option 'mip_integral_gap_rel' deprecated, please use 'mip_opt_gap_rel'.
      12    8.949852e-01   0.000e+00   1.144e-03   4.159e-02        0
WARNING:  Option 'mip_integral_gap_abs' deprecated, please use 'mip_opt_gap_abs'.
WARNING:  Option 'mip_integral_gap_rel' deprecated, please use 'mip_opt_gap_rel'.
WARNING:  Option 'mip_integral_gap_abs' deprecated, please use 'mip_opt_gap_abs'.
WARNING:  Option 'mip_integral_gap_rel' deprecated, please use 'mip_opt_gap_rel'.
WARNING:  Option 'mip_integral_gap_abs' deprecated, please use 'mip_opt_gap_abs'.
WARNING:  Option 'mip_integral_gap_rel' deprecated, please use 'mip_opt_gap_rel'.
WARNING:  Option 'mip_integral_gap_abs' deprecated, please use 'mip_opt_gap_abs'.
WARNING:  Option 'mip_integral_gap_rel' deprecated, please use 'mip_opt_gap_rel'.
WARNING:  Option 'mip_integral_gap_abs' deprecated, please use 'mip_opt_gap_abs'.
WARNING:  Option 'mip_integral_gap_rel' deprecated, please use 'mip_opt_gap_rel'.
WARNING:  Option 'mip_integral_gap_abs' deprecated, please use 'mip_opt_gap_abs'.
WARNING:  Option 'mip_integral_gap_rel' deprecated, please use 'mip_opt_gap_rel'.
WARNING:  Option 'mip_integral_gap_abs' deprecated, please use 'mip_opt_gap_abs'.
WARNING:  Option 'mip_integral_gap_rel' deprecated, please use 'mip_opt_gap_rel'.
WARNING:  Option 'mip_integral_gap_abs' deprecated, please use 'mip_opt_gap_abs'.
WARNING:  Option 'mip_integral_gap_rel' deprecated, please use 'mip_opt_gap_rel'.
WARNING:  Option 'mip_integral_gap_abs' deprecated, please use 'mip_opt_gap_abs'.
WARNING:  Option 'mip_integral_gap_rel' deprecated, please use 'mip_opt_gap_rel'.
WARNING:  Option 'mip_integral_gap_abs' deprecated, please use 'mip_opt_gap_abs'.
WARNING:  Option 'mip_integral_gap_rel' deprecated, please use 'mip_opt_gap_rel'.
WARNING:  Option 'mip_integral_gap_abs' deprecated, please use 'mip_opt_gap_abs'.
WARNING:  Option 'mip_integral_gap_rel' deprecated, please use 'mip_opt_gap_rel'.
WARNING:  Option 'mip_integral_gap_abs' deprecated, please use 'mip_opt_gap_abs'.
WARNING:  Option 'mip_integral_gap_rel' deprecated, please use 'mip_opt_gap_rel'.
WARNING:  Option 'mip_integral_gap_abs' deprecated, please use 'mip_opt_gap_abs'.
WARNING:  Option 'mip_integral_gap_rel' deprecated, please use 'mip_opt_gap_rel'.
WARNING:  Option 'mip_integral_gap_abs' deprecated, please use 'mip_opt_gap_abs'.
WARNING:  Option 'mip_integral_gap_rel' deprecated, please use 'mip_opt_gap_rel'.
WARNING:  Option 'mip_integral_gap_abs' deprecated, please use 'mip_opt_gap_abs'.
WARNING:  Option 'mip_integral_gap_rel' deprecated, please use 'mip_opt_gap_rel'.
WARNING:  Option 'mip_integral_gap_abs' deprecated, please use 'mip_opt_gap_abs'.
WARNING:  Option 'mip_integral_gap_rel' deprecated, please use 'mip_opt_gap_rel'.
WARNING:  Option 'mip_integral_gap_abs' deprecated, please use 'mip_opt_gap_abs'.
WARNING:  Option 'mip_integral_gap_rel' deprecated, please use 'mip_opt_gap_rel'.
WARNING:  Option 'mip_integral_gap_abs' deprecated, please use 'mip_opt_gap_abs'.
WARNING:  Option 'mip_integral_gap_rel' deprecated, please use 'mip_opt_gap_rel'.
WARNING:  Option 'mip_integral_gap_abs' deprecated, please use 'mip_opt_gap_abs'.
WARNING:  Option 'mip_integral_gap_rel' deprecated, please use 'mip_opt_gap_rel'.
WARNING:  Option 'mip_integral_gap_abs' deprecated, please use 'mip_opt_gap_abs'.
WARNING:  Option 'mip_integral_gap_rel' deprecated, please use 'mip_opt_gap_rel'.
WARNING:  Option 'mip_integral_gap_abs' deprecated, please use 'mip_opt_gap_abs'.
WARNING:  Option 'mip_integral_gap_rel' deprecated, please use 'mip_opt_gap_rel'.
WARNING:  Option 'mip_integral_gap_abs' deprecated, please use 'mip_opt_gap_abs'.
WARNING:  Option 'mip_integral_gap_rel' deprecated, please use 'mip_opt_gap_rel'.
WARNING:  Option 'mip_integral_gap_abs' deprecated, please use 'mip_opt_gap_abs'.
WARNING:  Option 'mip_integral_gap_rel' deprecated, please use 'mip_opt_gap_rel'.
WARNING:  Option 'mip_integral_gap_abs' deprecated, please use 'mip_opt_gap_abs'.
WARNING:  Option 'mip_integral_gap_rel' deprecated, please use 'mip_opt_gap_rel'.
WARNING:  Option 'mip_integral_gap_abs' deprecated, please use 'mip_opt_gap_abs'.
WARNING:  Option 'mip_integral_gap_rel' deprecated, please use 'mip_opt_gap_rel'.
WARNING:  Option 'mip_integral_gap_abs' deprecated, please use 'mip_opt_gap_abs'.
WARNING:  Option 'mip_integral_gap_rel' deprecated, please use 'mip_opt_gap_rel'.
WARNING:  Option 'mip_integral_gap_abs' deprecated, please use 'mip_opt_gap_abs'.
WARNING:  Option 'mip_integral_gap_rel' deprecated, please use 'mip_opt_gap_rel'.
WARNING:  Option 'mip_integral_gap_abs' deprecated, please use 'mip_opt_gap_abs'.
WARNING:  Option 'mip_integral_gap_rel' deprecated, please use 'mip_opt_gap_rel'.
WARNING:  Option 'mip_integral_gap_abs' deprecated, please use 'mip_opt_gap_abs'.
WARNING:  Option 'mip_integral_gap_rel' deprecated, please use 'mip_opt_gap_rel'.
WARNING:  Option 'mip_integral_gap_abs' deprecated, please use 'mip_opt_gap_abs'.
WARNING:  Option 'mip_integral_gap_rel' deprecated, please use 'mip_opt_gap_rel'.
WARNING:  Option 'mip_integral_gap_abs' deprecated, please use 'mip_opt_gap_abs'.
WARNING:  Option 'mip_integral_gap_rel' deprecated, please use 'mip_opt_gap_rel'.
WARNING:  Option 'mip_integral_gap_abs' deprecated, please use 'mip_opt_gap_abs'.
WARNING:  Option 'mip_integral_gap_rel' deprecated, please use 'mip_opt_gap_rel'.
WARNING:  Option 'mip_integral_gap_abs' deprecated, please use 'mip_opt_gap_abs'.
WARNING:  Option 'mip_integral_gap_rel' deprecated, please use 'mip_opt_gap_rel'.
      13    8.947483e-01   0.000e+00   2.937e-03   6.674e-02        0
WARNING:  Option 'mip_integral_gap_abs' deprecated, please use 'mip_opt_gap_abs'.
WARNING:  Option 'mip_integral_gap_rel' deprecated, please use 'mip_opt_gap_rel'.
WARNING:  Option 'mip_integral_gap_abs' deprecated, please use 'mip_opt_gap_abs'.
WARNING:  Option 'mip_integral_gap_rel' deprecated, please use 'mip_opt_gap_rel'.
WARNING:  Option 'mip_integral_gap_abs' deprecated, please use 'mip_opt_gap_abs'.
WARNING:  Option 'mip_integral_gap_rel' deprecated, please use 'mip_opt_gap_rel'.
WARNING:  Option 'mip_integral_gap_abs' deprecated, please use 'mip_opt_gap_abs'.
WARNING:  Option 'mip_integral_gap_rel' deprecated, please use 'mip_opt_gap_rel'.
WARNING:  Option 'mip_integral_gap_abs' deprecated, please use 'mip_opt_gap_abs'.
WARNING:  Option 'mip_integral_gap_rel' deprecated, please use 'mip_opt_gap_rel'.
WARNING:  Option 'mip_integral_gap_abs' deprecated, please use 'mip_opt_gap_abs'.
WARNING:  Option 'mip_integral_gap_rel' deprecated, please use 'mip_opt_gap_rel'.
WARNING:  Option 'mip_integral_gap_abs' deprecated, please use 'mip_opt_gap_abs'.
WARNING:  Option 'mip_integral_gap_rel' deprecated, please use 'mip_opt_gap_rel'.
WARNING:  Option 'mip_integral_gap_abs' deprecated, please use 'mip_opt_gap_abs'.
WARNING:  Option 'mip_integral_gap_rel' deprecated, please use 'mip_opt_gap_rel'.
WARNING:  Option 'mip_integral_gap_abs' deprecated, please use 'mip_opt_gap_abs'.
WARNING:  Option 'mip_integral_gap_rel' deprecated, please use 'mip_opt_gap_rel'.
WARNING:  Option 'mip_integral_gap_abs' deprecated, please use 'mip_opt_gap_abs'.
WARNING:  Option 'mip_integral_gap_rel' deprecated, please use 'mip_opt_gap_rel'.
WARNING:  Option 'mip_integral_gap_abs' deprecated, please use 'mip_opt_gap_abs'.
WARNING:  Option 'mip_integral_gap_rel' deprecated, please use 'mip_opt_gap_rel'.
WARNING:  Option 'mip_integral_gap_abs' deprecated, please use 'mip_opt_gap_abs'.
WARNING:  Option 'mip_integral_gap_rel' deprecated, please use 'mip_opt_gap_rel'.
WARNING:  Option 'mip_integral_gap_abs' deprecated, please use 'mip_opt_gap_abs'.
WARNING:  Option 'mip_integral_gap_rel' deprecated, please use 'mip_opt_gap_rel'.
WARNING:  Option 'mip_integral_gap_abs' deprecated, please use 'mip_opt_gap_abs'.
WARNING:  Option 'mip_integral_gap_rel' deprecated, please use 'mip_opt_gap_rel'.
WARNING:  Option 'mip_integral_gap_abs' deprecated, please use 'mip_opt_gap_abs'.
WARNING:  Option 'mip_integral_gap_rel' deprecated, please use 'mip_opt_gap_rel'.
WARNING:  Option 'mip_integral_gap_abs' deprecated, please use 'mip_opt_gap_abs'.
WARNING:  Option 'mip_integral_gap_rel' deprecated, please use 'mip_opt_gap_rel'.
WARNING:  Option 'mip_integral_gap_abs' deprecated, please use 'mip_opt_gap_abs'.
WARNING:  Option 'mip_integral_gap_rel' deprecated, please use 'mip_opt_gap_rel'.
WARNING:  Option 'mip_integral_gap_abs' deprecated, please use 'mip_opt_gap_abs'.
WARNING:  Option 'mip_integral_gap_rel' deprecated, please use 'mip_opt_gap_rel'.
WARNING:  Option 'mip_integral_gap_abs' deprecated, please use 'mip_opt_gap_abs'.
WARNING:  Option 'mip_integral_gap_rel' deprecated, please use 'mip_opt_gap_rel'.
WARNING:  Option 'mip_integral_gap_abs' deprecated, please use 'mip_opt_gap_abs'.
WARNING:  Option 'mip_integral_gap_rel' deprecated, please use 'mip_opt_gap_rel'.
WARNING:  Option 'mip_integral_gap_abs' deprecated, please use 'mip_opt_gap_abs'.
WARNING:  Option 'mip_integral_gap_rel' deprecated, please use 'mip_opt_gap_rel'.
WARNING:  Option 'mip_integral_gap_abs' deprecated, please use 'mip_opt_gap_abs'.
WARNING:  Option 'mip_integral_gap_rel' deprecated, please use 'mip_opt_gap_rel'.
WARNING:  Option 'mip_integral_gap_abs' deprecated, please use 'mip_opt_gap_abs'.
WARNING:  Option 'mip_integral_gap_rel' deprecated, please use 'mip_opt_gap_rel'.
WARNING:  Option 'mip_integral_gap_abs' deprecated, please use 'mip_opt_gap_abs'.
WARNING:  Option 'mip_integral_gap_rel' deprecated, please use 'mip_opt_gap_rel'.
WARNING:  Option 'mip_integral_gap_abs' deprecated, please use 'mip_opt_gap_abs'.
WARNING:  Option 'mip_integral_gap_rel' deprecated, please use 'mip_opt_gap_rel'.
WARNING:  Option 'mip_integral_gap_abs' deprecated, please use 'mip_opt_gap_abs'.
WARNING:  Option 'mip_integral_gap_rel' deprecated, please use 'mip_opt_gap_rel'.
WARNING:  Option 'mip_integral_gap_abs' deprecated, please use 'mip_opt_gap_abs'.
WARNING:  Option 'mip_integral_gap_rel' deprecated, please use 'mip_opt_gap_rel'.
WARNING:  Option 'mip_integral_gap_abs' deprecated, please use 'mip_opt_gap_abs'.
WARNING:  Option 'mip_integral_gap_rel' deprecated, please use 'mip_opt_gap_rel'.
WARNING:  Option 'mip_integral_gap_abs' deprecated, please use 'mip_opt_gap_abs'.
WARNING:  Option 'mip_integral_gap_rel' deprecated, please use 'mip_opt_gap_rel'.
WARNING:  Option 'mip_integral_gap_abs' deprecated, please use 'mip_opt_gap_abs'.
WARNING:  Option 'mip_integral_gap_rel' deprecated, please use 'mip_opt_gap_rel'.
WARNING:  Option 'mip_integral_gap_abs' deprecated, please use 'mip_opt_gap_abs'.
WARNING:  Option 'mip_integral_gap_rel' deprecated, please use 'mip_opt_gap_rel'.
WARNING:  Option 'mip_integral_gap_abs' deprecated, please use 'mip_opt_gap_abs'.
WARNING:  Option 'mip_integral_gap_rel' deprecated, please use 'mip_opt_gap_rel'.
WARNING:  Option 'mip_integral_gap_abs' deprecated, please use 'mip_opt_gap_abs'.
WARNING:  Option 'mip_integral_gap_rel' deprecated, please use 'mip_opt_gap_rel'.
      14    8.946736e-01   0.000e+00   4.991e-03   2.324e-02        0
WARNING:  Option 'mip_integral_gap_abs' deprecated, please use 'mip_opt_gap_abs'.
WARNING:  Option 'mip_integral_gap_rel' deprecated, please use 'mip_opt_gap_rel'.
WARNING:  Option 'mip_integral_gap_abs' deprecated, please use 'mip_opt_gap_abs'.
WARNING:  Option 'mip_integral_gap_rel' deprecated, please use 'mip_opt_gap_rel'.
WARNING:  Option 'mip_integral_gap_abs' deprecated, please use 'mip_opt_gap_abs'.
WARNING:  Option 'mip_integral_gap_rel' deprecated, please use 'mip_opt_gap_rel'.
WARNING:  Option 'mip_integral_gap_abs' deprecated, please use 'mip_opt_gap_abs'.
WARNING:  Option 'mip_integral_gap_rel' deprecated, please use 'mip_opt_gap_rel'.
WARNING:  Option 'mip_integral_gap_abs' deprecated, please use 'mip_opt_gap_abs'.
WARNING:  Option 'mip_integral_gap_rel' deprecated, please use 'mip_opt_gap_rel'.
WARNING:  Option 'mip_integral_gap_abs' deprecated, please use 'mip_opt_gap_abs'.
WARNING:  Option 'mip_integral_gap_rel' deprecated, please use 'mip_opt_gap_rel'.
WARNING:  Option 'mip_integral_gap_abs' deprecated, please use 'mip_opt_gap_abs'.
WARNING:  Option 'mip_integral_gap_rel' deprecated, please use 'mip_opt_gap_rel'.
WARNING:  Option 'mip_integral_gap_abs' deprecated, please use 'mip_opt_gap_abs'.
WARNING:  Option 'mip_integral_gap_rel' deprecated, please use 'mip_opt_gap_rel'.
WARNING:  Option 'mip_integral_gap_abs' deprecated, please use 'mip_opt_gap_abs'.
WARNING:  Option 'mip_integral_gap_rel' deprecated, please use 'mip_opt_gap_rel'.
WARNING:  Option 'mip_integral_gap_abs' deprecated, please use 'mip_opt_gap_abs'.
WARNING:  Option 'mip_integral_gap_rel' deprecated, please use 'mip_opt_gap_rel'.
WARNING:  Option 'mip_integral_gap_abs' deprecated, please use 'mip_opt_gap_abs'.
WARNING:  Option 'mip_integral_gap_rel' deprecated, please use 'mip_opt_gap_rel'.
WARNING:  Option 'mip_integral_gap_abs' deprecated, please use 'mip_opt_gap_abs'.
WARNING:  Option 'mip_integral_gap_rel' deprecated, please use 'mip_opt_gap_rel'.
WARNING:  Option 'mip_integral_gap_abs' deprecated, please use 'mip_opt_gap_abs'.
WARNING:  Option 'mip_integral_gap_rel' deprecated, please use 'mip_opt_gap_rel'.
WARNING:  Option 'mip_integral_gap_abs' deprecated, please use 'mip_opt_gap_abs'.
WARNING:  Option 'mip_integral_gap_rel' deprecated, please use 'mip_opt_gap_rel'.
WARNING:  Option 'mip_integral_gap_abs' deprecated, please use 'mip_opt_gap_abs'.
WARNING:  Option 'mip_integral_gap_rel' deprecated, please use 'mip_opt_gap_rel'.
WARNING:  Option 'mip_integral_gap_abs' deprecated, please use 'mip_opt_gap_abs'.
WARNING:  Option 'mip_integral_gap_rel' deprecated, please use 'mip_opt_gap_rel'.
WARNING:  Option 'mip_integral_gap_abs' deprecated, please use 'mip_opt_gap_abs'.
WARNING:  Option 'mip_integral_gap_rel' deprecated, please use 'mip_opt_gap_rel'.
WARNING:  Option 'mip_integral_gap_abs' deprecated, please use 'mip_opt_gap_abs'.
WARNING:  Option 'mip_integral_gap_rel' deprecated, please use 'mip_opt_gap_rel'.
WARNING:  Option 'mip_integral_gap_abs' deprecated, please use 'mip_opt_gap_abs'.
WARNING:  Option 'mip_integral_gap_rel' deprecated, please use 'mip_opt_gap_rel'.
WARNING:  Option 'mip_integral_gap_abs' deprecated, please use 'mip_opt_gap_abs'.
WARNING:  Option 'mip_integral_gap_rel' deprecated, please use 'mip_opt_gap_rel'.
WARNING:  Option 'mip_integral_gap_abs' deprecated, please use 'mip_opt_gap_abs'.
WARNING:  Option 'mip_integral_gap_rel' deprecated, please use 'mip_opt_gap_rel'.
WARNING:  Option 'mip_integral_gap_abs' deprecated, please use 'mip_opt_gap_abs'.
WARNING:  Option 'mip_integral_gap_rel' deprecated, please use 'mip_opt_gap_rel'.
WARNING:  Option 'mip_integral_gap_abs' deprecated, please use 'mip_opt_gap_abs'.
WARNING:  Option 'mip_integral_gap_rel' deprecated, please use 'mip_opt_gap_rel'.
WARNING:  Option 'mip_integral_gap_abs' deprecated, please use 'mip_opt_gap_abs'.
WARNING:  Option 'mip_integral_gap_rel' deprecated, please use 'mip_opt_gap_rel'.
WARNING:  Option 'mip_integral_gap_abs' deprecated, please use 'mip_opt_gap_abs'.
WARNING:  Option 'mip_integral_gap_rel' deprecated, please use 'mip_opt_gap_rel'.
WARNING:  Option 'mip_integral_gap_abs' deprecated, please use 'mip_opt_gap_abs'.
WARNING:  Option 'mip_integral_gap_rel' deprecated, please use 'mip_opt_gap_rel'.
WARNING:  Option 'mip_integral_gap_abs' deprecated, please use 'mip_opt_gap_abs'.
WARNING:  Option 'mip_integral_gap_rel' deprecated, please use 'mip_opt_gap_rel'.
WARNING:  Option 'mip_integral_gap_abs' deprecated, please use 'mip_opt_gap_abs'.
WARNING:  Option 'mip_integral_gap_rel' deprecated, please use 'mip_opt_gap_rel'.
WARNING:  Option 'mip_integral_gap_abs' deprecated, please use 'mip_opt_gap_abs'.
WARNING:  Option 'mip_integral_gap_rel' deprecated, please use 'mip_opt_gap_rel'.
WARNING:  Option 'mip_integral_gap_abs' deprecated, please use 'mip_opt_gap_abs'.
WARNING:  Option 'mip_integral_gap_rel' deprecated, please use 'mip_opt_gap_rel'.
WARNING:  Option 'mip_integral_gap_abs' deprecated, please use 'mip_opt_gap_abs'.
WARNING:  Option 'mip_integral_gap_rel' deprecated, please use 'mip_opt_gap_rel'.
WARNING:  Option 'mip_integral_gap_abs' deprecated, please use 'mip_opt_gap_abs'.
WARNING:  Option 'mip_integral_gap_rel' deprecated, please use 'mip_opt_gap_rel'.
WARNING:  Option 'mip_integral_gap_abs' deprecated, please use 'mip_opt_gap_abs'.
WARNING:  Option 'mip_integral_gap_rel' deprecated, please use 'mip_opt_gap_rel'.
WARNING:  Option 'mip_integral_gap_abs' deprecated, please use 'mip_opt_gap_abs'.
WARNING:  Option 'mip_integral_gap_rel' deprecated, please use 'mip_opt_gap_rel'.
WARNING:  Option 'mip_integral_gap_abs' deprecated, please use 'mip_opt_gap_abs'.
WARNING:  Option 'mip_integral_gap_rel' deprecated, please use 'mip_opt_gap_rel'.
      15    8.945868e-01   0.000e+00   8.484e-03   2.532e-02        0
WARNING:  Option 'mip_integral_gap_abs' deprecated, please use 'mip_opt_gap_abs'.
WARNING:  Option 'mip_integral_gap_rel' deprecated, please use 'mip_opt_gap_rel'.
WARNING:  Option 'mip_integral_gap_abs' deprecated, please use 'mip_opt_gap_abs'.
WARNING:  Option 'mip_integral_gap_rel' deprecated, please use 'mip_opt_gap_rel'.
WARNING:  Option 'mip_integral_gap_abs' deprecated, please use 'mip_opt_gap_abs'.
WARNING:  Option 'mip_integral_gap_rel' deprecated, please use 'mip_opt_gap_rel'.
WARNING:  Option 'mip_integral_gap_abs' deprecated, please use 'mip_opt_gap_abs'.
WARNING:  Option 'mip_integral_gap_rel' deprecated, please use 'mip_opt_gap_rel'.
WARNING:  Option 'mip_integral_gap_abs' deprecated, please use 'mip_opt_gap_abs'.
WARNING:  Option 'mip_integral_gap_rel' deprecated, please use 'mip_opt_gap_rel'.
WARNING:  Option 'mip_integral_gap_abs' deprecated, please use 'mip_opt_gap_abs'.
WARNING:  Option 'mip_integral_gap_rel' deprecated, please use 'mip_opt_gap_rel'.
WARNING:  Option 'mip_integral_gap_abs' deprecated, please use 'mip_opt_gap_abs'.
WARNING:  Option 'mip_integral_gap_rel' deprecated, please use 'mip_opt_gap_rel'.
WARNING:  Option 'mip_integral_gap_abs' deprecated, please use 'mip_opt_gap_abs'.
WARNING:  Option 'mip_integral_gap_rel' deprecated, please use 'mip_opt_gap_rel'.
WARNING:  Option 'mip_integral_gap_abs' deprecated, please use 'mip_opt_gap_abs'.
WARNING:  Option 'mip_integral_gap_rel' deprecated, please use 'mip_opt_gap_rel'.
WARNING:  Option 'mip_integral_gap_abs' deprecated, please use 'mip_opt_gap_abs'.
WARNING:  Option 'mip_integral_gap_rel' deprecated, please use 'mip_opt_gap_rel'.
WARNING:  Option 'mip_integral_gap_abs' deprecated, please use 'mip_opt_gap_abs'.
WARNING:  Option 'mip_integral_gap_rel' deprecated, please use 'mip_opt_gap_rel'.
WARNING:  Option 'mip_integral_gap_abs' deprecated, please use 'mip_opt_gap_abs'.
WARNING:  Option 'mip_integral_gap_rel' deprecated, please use 'mip_opt_gap_rel'.
WARNING:  Option 'mip_integral_gap_abs' deprecated, please use 'mip_opt_gap_abs'.
WARNING:  Option 'mip_integral_gap_rel' deprecated, please use 'mip_opt_gap_rel'.
WARNING:  Option 'mip_integral_gap_abs' deprecated, please use 'mip_opt_gap_abs'.
WARNING:  Option 'mip_integral_gap_rel' deprecated, please use 'mip_opt_gap_rel'.
WARNING:  Option 'mip_integral_gap_abs' deprecated, please use 'mip_opt_gap_abs'.
WARNING:  Option 'mip_integral_gap_rel' deprecated, please use 'mip_opt_gap_rel'.
WARNING:  Option 'mip_integral_gap_abs' deprecated, please use 'mip_opt_gap_abs'.
WARNING:  Option 'mip_integral_gap_rel' deprecated, please use 'mip_opt_gap_rel'.
WARNING:  Option 'mip_integral_gap_abs' deprecated, please use 'mip_opt_gap_abs'.
WARNING:  Option 'mip_integral_gap_rel' deprecated, please use 'mip_opt_gap_rel'.
WARNING:  Option 'mip_integral_gap_abs' deprecated, please use 'mip_opt_gap_abs'.
WARNING:  Option 'mip_integral_gap_rel' deprecated, please use 'mip_opt_gap_rel'.
WARNING:  Option 'mip_integral_gap_abs' deprecated, please use 'mip_opt_gap_abs'.
WARNING:  Option 'mip_integral_gap_rel' deprecated, please use 'mip_opt_gap_rel'.
WARNING:  Option 'mip_integral_gap_abs' deprecated, please use 'mip_opt_gap_abs'.
WARNING:  Option 'mip_integral_gap_rel' deprecated, please use 'mip_opt_gap_rel'.
WARNING:  Option 'mip_integral_gap_abs' deprecated, please use 'mip_opt_gap_abs'.
WARNING:  Option 'mip_integral_gap_rel' deprecated, please use 'mip_opt_gap_rel'.
WARNING:  Option 'mip_integral_gap_abs' deprecated, please use 'mip_opt_gap_abs'.
WARNING:  Option 'mip_integral_gap_rel' deprecated, please use 'mip_opt_gap_rel'.
WARNING:  Option 'mip_integral_gap_abs' deprecated, please use 'mip_opt_gap_abs'.
WARNING:  Option 'mip_integral_gap_rel' deprecated, please use 'mip_opt_gap_rel'.
WARNING:  Option 'mip_integral_gap_abs' deprecated, please use 'mip_opt_gap_abs'.
WARNING:  Option 'mip_integral_gap_rel' deprecated, please use 'mip_opt_gap_rel'.
WARNING:  Option 'mip_integral_gap_abs' deprecated, please use 'mip_opt_gap_abs'.
WARNING:  Option 'mip_integral_gap_rel' deprecated, please use 'mip_opt_gap_rel'.
WARNING:  Option 'mip_integral_gap_abs' deprecated, please use 'mip_opt_gap_abs'.
WARNING:  Option 'mip_integral_gap_rel' deprecated, please use 'mip_opt_gap_rel'.
WARNING:  Option 'mip_integral_gap_abs' deprecated, please use 'mip_opt_gap_abs'.
WARNING:  Option 'mip_integral_gap_rel' deprecated, please use 'mip_opt_gap_rel'.
WARNING:  Option 'mip_integral_gap_abs' deprecated, please use 'mip_opt_gap_abs'.
WARNING:  Option 'mip_integral_gap_rel' deprecated, please use 'mip_opt_gap_rel'.
WARNING:  Option 'mip_integral_gap_abs' deprecated, please use 'mip_opt_gap_abs'.
WARNING:  Option 'mip_integral_gap_rel' deprecated, please use 'mip_opt_gap_rel'.
WARNING:  Option 'mip_integral_gap_abs' deprecated, please use 'mip_opt_gap_abs'.
WARNING:  Option 'mip_integral_gap_rel' deprecated, please use 'mip_opt_gap_rel'.
WARNING:  Option 'mip_integral_gap_abs' deprecated, please use 'mip_opt_gap_abs'.
WARNING:  Option 'mip_integral_gap_rel' deprecated, please use 'mip_opt_gap_rel'.
WARNING:  Option 'mip_integral_gap_abs' deprecated, please use 'mip_opt_gap_abs'.
WARNING:  Option 'mip_integral_gap_rel' deprecated, please use 'mip_opt_gap_rel'.
WARNING:  Option 'mip_integral_gap_abs' deprecated, please use 'mip_opt_gap_abs'.
WARNING:  Option 'mip_integral_gap_rel' deprecated, please use 'mip_opt_gap_rel'.
WARNING:  Option 'mip_integral_gap_abs' deprecated, please use 'mip_opt_gap_abs'.
WARNING:  Option 'mip_integral_gap_rel' deprecated, please use 'mip_opt_gap_rel'.
      16    8.945789e-01   2.073e-04   1.879e-03   1.514e-02        0
WARNING:  Option 'mip_integral_gap_abs' deprecated, please use 'mip_opt_gap_abs'.
WARNING:  Option 'mip_integral_gap_rel' deprecated, please use 'mip_opt_gap_rel'.
WARNING:  Option 'mip_integral_gap_abs' deprecated, please use 'mip_opt_gap_abs'.
WARNING:  Option 'mip_integral_gap_rel' deprecated, please use 'mip_opt_gap_rel'.
WARNING:  Option 'mip_integral_gap_abs' deprecated, please use 'mip_opt_gap_abs'.
WARNING:  Option 'mip_integral_gap_rel' deprecated, please use 'mip_opt_gap_rel'.
WARNING:  Option 'mip_integral_gap_abs' deprecated, please use 'mip_opt_gap_abs'.
WARNING:  Option 'mip_integral_gap_rel' deprecated, please use 'mip_opt_gap_rel'.
WARNING:  Option 'mip_integral_gap_abs' deprecated, please use 'mip_opt_gap_abs'.
WARNING:  Option 'mip_integral_gap_rel' deprecated, please use 'mip_opt_gap_rel'.
WARNING:  Option 'mip_integral_gap_abs' deprecated, please use 'mip_opt_gap_abs'.
WARNING:  Option 'mip_integral_gap_rel' deprecated, please use 'mip_opt_gap_rel'.
WARNING:  Option 'mip_integral_gap_abs' deprecated, please use 'mip_opt_gap_abs'.
WARNING:  Option 'mip_integral_gap_rel' deprecated, please use 'mip_opt_gap_rel'.
WARNING:  Option 'mip_integral_gap_abs' deprecated, please use 'mip_opt_gap_abs'.
WARNING:  Option 'mip_integral_gap_rel' deprecated, please use 'mip_opt_gap_rel'.
WARNING:  Option 'mip_integral_gap_abs' deprecated, please use 'mip_opt_gap_abs'.
WARNING:  Option 'mip_integral_gap_rel' deprecated, please use 'mip_opt_gap_rel'.
WARNING:  Option 'mip_integral_gap_abs' deprecated, please use 'mip_opt_gap_abs'.
WARNING:  Option 'mip_integral_gap_rel' deprecated, please use 'mip_opt_gap_rel'.
WARNING:  Option 'mip_integral_gap_abs' deprecated, please use 'mip_opt_gap_abs'.
WARNING:  Option 'mip_integral_gap_rel' deprecated, please use 'mip_opt_gap_rel'.
WARNING:  Option 'mip_integral_gap_abs' deprecated, please use 'mip_opt_gap_abs'.
WARNING:  Option 'mip_integral_gap_rel' deprecated, please use 'mip_opt_gap_rel'.
WARNING:  Option 'mip_integral_gap_abs' deprecated, please use 'mip_opt_gap_abs'.
WARNING:  Option 'mip_integral_gap_rel' deprecated, please use 'mip_opt_gap_rel'.
WARNING:  Option 'mip_integral_gap_abs' deprecated, please use 'mip_opt_gap_abs'.
WARNING:  Option 'mip_integral_gap_rel' deprecated, please use 'mip_opt_gap_rel'.
WARNING:  Option 'mip_integral_gap_abs' deprecated, please use 'mip_opt_gap_abs'.
WARNING:  Option 'mip_integral_gap_rel' deprecated, please use 'mip_opt_gap_rel'.
WARNING:  Option 'mip_integral_gap_abs' deprecated, please use 'mip_opt_gap_abs'.
WARNING:  Option 'mip_integral_gap_rel' deprecated, please use 'mip_opt_gap_rel'.
WARNING:  Option 'mip_integral_gap_abs' deprecated, please use 'mip_opt_gap_abs'.
WARNING:  Option 'mip_integral_gap_rel' deprecated, please use 'mip_opt_gap_rel'.
WARNING:  Option 'mip_integral_gap_abs' deprecated, please use 'mip_opt_gap_abs'.
WARNING:  Option 'mip_integral_gap_rel' deprecated, please use 'mip_opt_gap_rel'.
WARNING:  Option 'mip_integral_gap_abs' deprecated, please use 'mip_opt_gap_abs'.
WARNING:  Option 'mip_integral_gap_rel' deprecated, please use 'mip_opt_gap_rel'.
WARNING:  Option 'mip_integral_gap_abs' deprecated, please use 'mip_opt_gap_abs'.
WARNING:  Option 'mip_integral_gap_rel' deprecated, please use 'mip_opt_gap_rel'.
WARNING:  Option 'mip_integral_gap_abs' deprecated, please use 'mip_opt_gap_abs'.
WARNING:  Option 'mip_integral_gap_rel' deprecated, please use 'mip_opt_gap_rel'.
WARNING:  Option 'mip_integral_gap_abs' deprecated, please use 'mip_opt_gap_abs'.
WARNING:  Option 'mip_integral_gap_rel' deprecated, please use 'mip_opt_gap_rel'.
WARNING:  Option 'mip_integral_gap_abs' deprecated, please use 'mip_opt_gap_abs'.
WARNING:  Option 'mip_integral_gap_rel' deprecated, please use 'mip_opt_gap_rel'.
WARNING:  Option 'mip_integral_gap_abs' deprecated, please use 'mip_opt_gap_abs'.
WARNING:  Option 'mip_integral_gap_rel' deprecated, please use 'mip_opt_gap_rel'.
WARNING:  Option 'mip_integral_gap_abs' deprecated, please use 'mip_opt_gap_abs'.
WARNING:  Option 'mip_integral_gap_rel' deprecated, please use 'mip_opt_gap_rel'.
WARNING:  Option 'mip_integral_gap_abs' deprecated, please use 'mip_opt_gap_abs'.
WARNING:  Option 'mip_integral_gap_rel' deprecated, please use 'mip_opt_gap_rel'.
WARNING:  Option 'mip_integral_gap_abs' deprecated, please use 'mip_opt_gap_abs'.
WARNING:  Option 'mip_integral_gap_rel' deprecated, please use 'mip_opt_gap_rel'.
WARNING:  Option 'mip_integral_gap_abs' deprecated, please use 'mip_opt_gap_abs'.
WARNING:  Option 'mip_integral_gap_rel' deprecated, please use 'mip_opt_gap_rel'.
WARNING:  Option 'mip_integral_gap_abs' deprecated, please use 'mip_opt_gap_abs'.
WARNING:  Option 'mip_integral_gap_rel' deprecated, please use 'mip_opt_gap_rel'.
WARNING:  Option 'mip_integral_gap_abs' deprecated, please use 'mip_opt_gap_abs'.
WARNING:  Option 'mip_integral_gap_rel' deprecated, please use 'mip_opt_gap_rel'.
WARNING:  Option 'mip_integral_gap_abs' deprecated, please use 'mip_opt_gap_abs'.
WARNING:  Option 'mip_integral_gap_rel' deprecated, please use 'mip_opt_gap_rel'.
WARNING:  Option 'mip_integral_gap_abs' deprecated, please use 'mip_opt_gap_abs'.
WARNING:  Option 'mip_integral_gap_rel' deprecated, please use 'mip_opt_gap_rel'.
WARNING:  Option 'mip_integral_gap_abs' deprecated, please use 'mip_opt_gap_abs'.
WARNING:  Option 'mip_integral_gap_rel' deprecated, please use 'mip_opt_gap_rel'.
WARNING:  Option 'mip_integral_gap_abs' deprecated, please use 'mip_opt_gap_abs'.
WARNING:  Option 'mip_integral_gap_rel' deprecated, please use 'mip_opt_gap_rel'.
WARNING:  Option 'mip_integral_gap_abs' deprecated, please use 'mip_opt_gap_abs'.
WARNING:  Option 'mip_integral_gap_rel' deprecated, please use 'mip_opt_gap_rel'.
WARNING:  Option 'mip_integral_gap_abs' deprecated, please use 'mip_opt_gap_abs'.
WARNING:  Option 'mip_integral_gap_rel' deprecated, please use 'mip_opt_gap_rel'.
      17    8.945518e-01   0.000e+00   1.426e-03   1.349e-02        0
WARNING:  Option 'mip_integral_gap_abs' deprecated, please use 'mip_opt_gap_abs'.
WARNING:  Option 'mip_integral_gap_rel' deprecated, please use 'mip_opt_gap_rel'.
WARNING:  Option 'mip_integral_gap_abs' deprecated, please use 'mip_opt_gap_abs'.
WARNING:  Option 'mip_integral_gap_rel' deprecated, please use 'mip_opt_gap_rel'.
WARNING:  Option 'mip_integral_gap_abs' deprecated, please use 'mip_opt_gap_abs'.
WARNING:  Option 'mip_integral_gap_rel' deprecated, please use 'mip_opt_gap_rel'.
WARNING:  Option 'mip_integral_gap_abs' deprecated, please use 'mip_opt_gap_abs'.
WARNING:  Option 'mip_integral_gap_rel' deprecated, please use 'mip_opt_gap_rel'.
WARNING:  Option 'mip_integral_gap_abs' deprecated, please use 'mip_opt_gap_abs'.
WARNING:  Option 'mip_integral_gap_rel' deprecated, please use 'mip_opt_gap_rel'.
WARNING:  Option 'mip_integral_gap_abs' deprecated, please use 'mip_opt_gap_abs'.
WARNING:  Option 'mip_integral_gap_rel' deprecated, please use 'mip_opt_gap_rel'.
WARNING:  Option 'mip_integral_gap_abs' deprecated, please use 'mip_opt_gap_abs'.
WARNING:  Option 'mip_integral_gap_rel' deprecated, please use 'mip_opt_gap_rel'.
WARNING:  Option 'mip_integral_gap_abs' deprecated, please use 'mip_opt_gap_abs'.
WARNING:  Option 'mip_integral_gap_rel' deprecated, please use 'mip_opt_gap_rel'.
WARNING:  Option 'mip_integral_gap_abs' deprecated, please use 'mip_opt_gap_abs'.
WARNING:  Option 'mip_integral_gap_rel' deprecated, please use 'mip_opt_gap_rel'.
WARNING:  Option 'mip_integral_gap_abs' deprecated, please use 'mip_opt_gap_abs'.
WARNING:  Option 'mip_integral_gap_rel' deprecated, please use 'mip_opt_gap_rel'.
WARNING:  Option 'mip_integral_gap_abs' deprecated, please use 'mip_opt_gap_abs'.
WARNING:  Option 'mip_integral_gap_rel' deprecated, please use 'mip_opt_gap_rel'.
WARNING:  Option 'mip_integral_gap_abs' deprecated, please use 'mip_opt_gap_abs'.
WARNING:  Option 'mip_integral_gap_rel' deprecated, please use 'mip_opt_gap_rel'.
WARNING:  Option 'mip_integral_gap_abs' deprecated, please use 'mip_opt_gap_abs'.
WARNING:  Option 'mip_integral_gap_rel' deprecated, please use 'mip_opt_gap_rel'.
WARNING:  Option 'mip_integral_gap_abs' deprecated, please use 'mip_opt_gap_abs'.
WARNING:  Option 'mip_integral_gap_rel' deprecated, please use 'mip_opt_gap_rel'.
WARNING:  Option 'mip_integral_gap_abs' deprecated, please use 'mip_opt_gap_abs'.
WARNING:  Option 'mip_integral_gap_rel' deprecated, please use 'mip_opt_gap_rel'.
WARNING:  Option 'mip_integral_gap_abs' deprecated, please use 'mip_opt_gap_abs'.
WARNING:  Option 'mip_integral_gap_rel' deprecated, please use 'mip_opt_gap_rel'.
WARNING:  Option 'mip_integral_gap_abs' deprecated, please use 'mip_opt_gap_abs'.
WARNING:  Option 'mip_integral_gap_rel' deprecated, please use 'mip_opt_gap_rel'.
WARNING:  Option 'mip_integral_gap_abs' deprecated, please use 'mip_opt_gap_abs'.
WARNING:  Option 'mip_integral_gap_rel' deprecated, please use 'mip_opt_gap_rel'.
WARNING:  Option 'mip_integral_gap_abs' deprecated, please use 'mip_opt_gap_abs'.
WARNING:  Option 'mip_integral_gap_rel' deprecated, please use 'mip_opt_gap_rel'.
WARNING:  Option 'mip_integral_gap_abs' deprecated, please use 'mip_opt_gap_abs'.
WARNING:  Option 'mip_integral_gap_rel' deprecated, please use 'mip_opt_gap_rel'.
WARNING:  Option 'mip_integral_gap_abs' deprecated, please use 'mip_opt_gap_abs'.
WARNING:  Option 'mip_integral_gap_rel' deprecated, please use 'mip_opt_gap_rel'.
WARNING:  Option 'mip_integral_gap_abs' deprecated, please use 'mip_opt_gap_abs'.
WARNING:  Option 'mip_integral_gap_rel' deprecated, please use 'mip_opt_gap_rel'.
WARNING:  Option 'mip_integral_gap_abs' deprecated, please use 'mip_opt_gap_abs'.
WARNING:  Option 'mip_integral_gap_rel' deprecated, please use 'mip_opt_gap_rel'.
WARNING:  Option 'mip_integral_gap_abs' deprecated, please use 'mip_opt_gap_abs'.
WARNING:  Option 'mip_integral_gap_rel' deprecated, please use 'mip_opt_gap_rel'.
WARNING:  Option 'mip_integral_gap_abs' deprecated, please use 'mip_opt_gap_abs'.
WARNING:  Option 'mip_integral_gap_rel' deprecated, please use 'mip_opt_gap_rel'.
WARNING:  Option 'mip_integral_gap_abs' deprecated, please use 'mip_opt_gap_abs'.
WARNING:  Option 'mip_integral_gap_rel' deprecated, please use 'mip_opt_gap_rel'.
WARNING:  Option 'mip_integral_gap_abs' deprecated, please use 'mip_opt_gap_abs'.
WARNING:  Option 'mip_integral_gap_rel' deprecated, please use 'mip_opt_gap_rel'.
WARNING:  Option 'mip_integral_gap_abs' deprecated, please use 'mip_opt_gap_abs'.
WARNING:  Option 'mip_integral_gap_rel' deprecated, please use 'mip_opt_gap_rel'.
WARNING:  Option 'mip_integral_gap_abs' deprecated, please use 'mip_opt_gap_abs'.
WARNING:  Option 'mip_integral_gap_rel' deprecated, please use 'mip_opt_gap_rel'.
WARNING:  Option 'mip_integral_gap_abs' deprecated, please use 'mip_opt_gap_abs'.
WARNING:  Option 'mip_integral_gap_rel' deprecated, please use 'mip_opt_gap_rel'.
WARNING:  Option 'mip_integral_gap_abs' deprecated, please use 'mip_opt_gap_abs'.
WARNING:  Option 'mip_integral_gap_rel' deprecated, please use 'mip_opt_gap_rel'.
WARNING:  Option 'mip_integral_gap_abs' deprecated, please use 'mip_opt_gap_abs'.
WARNING:  Option 'mip_integral_gap_rel' deprecated, please use 'mip_opt_gap_rel'.
WARNING:  Option 'mip_integral_gap_abs' deprecated, please use 'mip_opt_gap_abs'.
WARNING:  Option 'mip_integral_gap_rel' deprecated, please use 'mip_opt_gap_rel'.
      18    8.945238e-01   7.179e-05   6.891e-04   1.237e-02        0
WARNING:  Option 'mip_integral_gap_abs' deprecated, please use 'mip_opt_gap_abs'.
WARNING:  Option 'mip_integral_gap_rel' deprecated, please use 'mip_opt_gap_rel'.
WARNING:  Option 'mip_integral_gap_abs' deprecated, please use 'mip_opt_gap_abs'.
WARNING:  Option 'mip_integral_gap_rel' deprecated, please use 'mip_opt_gap_rel'.
WARNING:  Option 'mip_integral_gap_abs' deprecated, please use 'mip_opt_gap_abs'.
WARNING:  Option 'mip_integral_gap_rel' deprecated, please use 'mip_opt_gap_rel'.
WARNING:  Option 'mip_integral_gap_abs' deprecated, please use 'mip_opt_gap_abs'.
WARNING:  Option 'mip_integral_gap_rel' deprecated, please use 'mip_opt_gap_rel'.
WARNING:  Option 'mip_integral_gap_abs' deprecated, please use 'mip_opt_gap_abs'.
WARNING:  Option 'mip_integral_gap_rel' deprecated, please use 'mip_opt_gap_rel'.
WARNING:  Option 'mip_integral_gap_abs' deprecated, please use 'mip_opt_gap_abs'.
WARNING:  Option 'mip_integral_gap_rel' deprecated, please use 'mip_opt_gap_rel'.
WARNING:  Option 'mip_integral_gap_abs' deprecated, please use 'mip_opt_gap_abs'.
WARNING:  Option 'mip_integral_gap_rel' deprecated, please use 'mip_opt_gap_rel'.
WARNING:  Option 'mip_integral_gap_abs' deprecated, please use 'mip_opt_gap_abs'.
WARNING:  Option 'mip_integral_gap_rel' deprecated, please use 'mip_opt_gap_rel'.
WARNING:  Option 'mip_integral_gap_abs' deprecated, please use 'mip_opt_gap_abs'.
WARNING:  Option 'mip_integral_gap_rel' deprecated, please use 'mip_opt_gap_rel'.
WARNING:  Option 'mip_integral_gap_abs' deprecated, please use 'mip_opt_gap_abs'.
WARNING:  Option 'mip_integral_gap_rel' deprecated, please use 'mip_opt_gap_rel'.
WARNING:  Option 'mip_integral_gap_abs' deprecated, please use 'mip_opt_gap_abs'.
WARNING:  Option 'mip_integral_gap_rel' deprecated, please use 'mip_opt_gap_rel'.
WARNING:  Option 'mip_integral_gap_abs' deprecated, please use 'mip_opt_gap_abs'.
WARNING:  Option 'mip_integral_gap_rel' deprecated, please use 'mip_opt_gap_rel'.
WARNING:  Option 'mip_integral_gap_abs' deprecated, please use 'mip_opt_gap_abs'.
WARNING:  Option 'mip_integral_gap_rel' deprecated, please use 'mip_opt_gap_rel'.
WARNING:  Option 'mip_integral_gap_abs' deprecated, please use 'mip_opt_gap_abs'.
WARNING:  Option 'mip_integral_gap_rel' deprecated, please use 'mip_opt_gap_rel'.
WARNING:  Option 'mip_integral_gap_abs' deprecated, please use 'mip_opt_gap_abs'.
WARNING:  Option 'mip_integral_gap_rel' deprecated, please use 'mip_opt_gap_rel'.
WARNING:  Option 'mip_integral_gap_abs' deprecated, please use 'mip_opt_gap_abs'.
WARNING:  Option 'mip_integral_gap_rel' deprecated, please use 'mip_opt_gap_rel'.
WARNING:  Option 'mip_integral_gap_abs' deprecated, please use 'mip_opt_gap_abs'.
WARNING:  Option 'mip_integral_gap_rel' deprecated, please use 'mip_opt_gap_rel'.
WARNING:  Option 'mip_integral_gap_abs' deprecated, please use 'mip_opt_gap_abs'.
WARNING:  Option 'mip_integral_gap_rel' deprecated, please use 'mip_opt_gap_rel'.
WARNING:  Option 'mip_integral_gap_abs' deprecated, please use 'mip_opt_gap_abs'.
WARNING:  Option 'mip_integral_gap_rel' deprecated, please use 'mip_opt_gap_rel'.
WARNING:  Option 'mip_integral_gap_abs' deprecated, please use 'mip_opt_gap_abs'.
WARNING:  Option 'mip_integral_gap_rel' deprecated, please use 'mip_opt_gap_rel'.
WARNING:  Option 'mip_integral_gap_abs' deprecated, please use 'mip_opt_gap_abs'.
WARNING:  Option 'mip_integral_gap_rel' deprecated, please use 'mip_opt_gap_rel'.
WARNING:  Option 'mip_integral_gap_abs' deprecated, please use 'mip_opt_gap_abs'.
WARNING:  Option 'mip_integral_gap_rel' deprecated, please use 'mip_opt_gap_rel'.
WARNING:  Option 'mip_integral_gap_abs' deprecated, please use 'mip_opt_gap_abs'.
WARNING:  Option 'mip_integral_gap_rel' deprecated, please use 'mip_opt_gap_rel'.
WARNING:  Option 'mip_integral_gap_abs' deprecated, please use 'mip_opt_gap_abs'.
WARNING:  Option 'mip_integral_gap_rel' deprecated, please use 'mip_opt_gap_rel'.
WARNING:  Option 'mip_integral_gap_abs' deprecated, please use 'mip_opt_gap_abs'.
WARNING:  Option 'mip_integral_gap_rel' deprecated, please use 'mip_opt_gap_rel'.
WARNING:  Option 'mip_integral_gap_abs' deprecated, please use 'mip_opt_gap_abs'.
WARNING:  Option 'mip_integral_gap_rel' deprecated, please use 'mip_opt_gap_rel'.
WARNING:  Option 'mip_integral_gap_abs' deprecated, please use 'mip_opt_gap_abs'.
WARNING:  Option 'mip_integral_gap_rel' deprecated, please use 'mip_opt_gap_rel'.
WARNING:  Option 'mip_integral_gap_abs' deprecated, please use 'mip_opt_gap_abs'.
WARNING:  Option 'mip_integral_gap_rel' deprecated, please use 'mip_opt_gap_rel'.
WARNING:  Option 'mip_integral_gap_abs' deprecated, please use 'mip_opt_gap_abs'.
WARNING:  Option 'mip_integral_gap_rel' deprecated, please use 'mip_opt_gap_rel'.
WARNING:  Option 'mip_integral_gap_abs' deprecated, please use 'mip_opt_gap_abs'.
WARNING:  Option 'mip_integral_gap_rel' deprecated, please use 'mip_opt_gap_rel'.
WARNING:  Option 'mip_integral_gap_abs' deprecated, please use 'mip_opt_gap_abs'.
WARNING:  Option 'mip_integral_gap_rel' deprecated, please use 'mip_opt_gap_rel'.
WARNING:  Option 'mip_integral_gap_abs' deprecated, please use 'mip_opt_gap_abs'.
WARNING:  Option 'mip_integral_gap_rel' deprecated, please use 'mip_opt_gap_rel'.
WARNING:  Option 'mip_integral_gap_abs' deprecated, please use 'mip_opt_gap_abs'.
WARNING:  Option 'mip_integral_gap_rel' deprecated, please use 'mip_opt_gap_rel'.
      19    8.945137e-01   8.754e-04   5.738e-04   1.185e-02        0
WARNING:  Option 'mip_integral_gap_abs' deprecated, please use 'mip_opt_gap_abs'.
WARNING:  Option 'mip_integral_gap_rel' deprecated, please use 'mip_opt_gap_rel'.
WARNING:  Option 'mip_integral_gap_abs' deprecated, please use 'mip_opt_gap_abs'.
WARNING:  Option 'mip_integral_gap_rel' deprecated, please use 'mip_opt_gap_rel'.
WARNING:  Option 'mip_integral_gap_abs' deprecated, please use 'mip_opt_gap_abs'.
WARNING:  Option 'mip_integral_gap_rel' deprecated, please use 'mip_opt_gap_rel'.
WARNING:  Option 'mip_integral_gap_abs' deprecated, please use 'mip_opt_gap_abs'.
WARNING:  Option 'mip_integral_gap_rel' deprecated, please use 'mip_opt_gap_rel'.
WARNING:  Option 'mip_integral_gap_abs' deprecated, please use 'mip_opt_gap_abs'.
WARNING:  Option 'mip_integral_gap_rel' deprecated, please use 'mip_opt_gap_rel'.
WARNING:  Option 'mip_integral_gap_abs' deprecated, please use 'mip_opt_gap_abs'.
WARNING:  Option 'mip_integral_gap_rel' deprecated, please use 'mip_opt_gap_rel'.
WARNING:  Option 'mip_integral_gap_abs' deprecated, please use 'mip_opt_gap_abs'.
WARNING:  Option 'mip_integral_gap_rel' deprecated, please use 'mip_opt_gap_rel'.
WARNING:  Option 'mip_integral_gap_abs' deprecated, please use 'mip_opt_gap_abs'.
WARNING:  Option 'mip_integral_gap_rel' deprecated, please use 'mip_opt_gap_rel'.
WARNING:  Option 'mip_integral_gap_abs' deprecated, please use 'mip_opt_gap_abs'.
WARNING:  Option 'mip_integral_gap_rel' deprecated, please use 'mip_opt_gap_rel'.
WARNING:  Option 'mip_integral_gap_abs' deprecated, please use 'mip_opt_gap_abs'.
WARNING:  Option 'mip_integral_gap_rel' deprecated, please use 'mip_opt_gap_rel'.
WARNING:  Option 'mip_integral_gap_abs' deprecated, please use 'mip_opt_gap_abs'.
WARNING:  Option 'mip_integral_gap_rel' deprecated, please use 'mip_opt_gap_rel'.
WARNING:  Option 'mip_integral_gap_abs' deprecated, please use 'mip_opt_gap_abs'.
WARNING:  Option 'mip_integral_gap_rel' deprecated, please use 'mip_opt_gap_rel'.
WARNING:  Option 'mip_integral_gap_abs' deprecated, please use 'mip_opt_gap_abs'.
WARNING:  Option 'mip_integral_gap_rel' deprecated, please use 'mip_opt_gap_rel'.
WARNING:  Option 'mip_integral_gap_abs' deprecated, please use 'mip_opt_gap_abs'.
WARNING:  Option 'mip_integral_gap_rel' deprecated, please use 'mip_opt_gap_rel'.
WARNING:  Option 'mip_integral_gap_abs' deprecated, please use 'mip_opt_gap_abs'.
WARNING:  Option 'mip_integral_gap_rel' deprecated, please use 'mip_opt_gap_rel'.
WARNING:  Option 'mip_integral_gap_abs' deprecated, please use 'mip_opt_gap_abs'.
WARNING:  Option 'mip_integral_gap_rel' deprecated, please use 'mip_opt_gap_rel'.
WARNING:  Option 'mip_integral_gap_abs' deprecated, please use 'mip_opt_gap_abs'.
WARNING:  Option 'mip_integral_gap_rel' deprecated, please use 'mip_opt_gap_rel'.
WARNING:  Option 'mip_integral_gap_abs' deprecated, please use 'mip_opt_gap_abs'.
WARNING:  Option 'mip_integral_gap_rel' deprecated, please use 'mip_opt_gap_rel'.
WARNING:  Option 'mip_integral_gap_abs' deprecated, please use 'mip_opt_gap_abs'.
WARNING:  Option 'mip_integral_gap_rel' deprecated, please use 'mip_opt_gap_rel'.
WARNING:  Option 'mip_integral_gap_abs' deprecated, please use 'mip_opt_gap_abs'.
WARNING:  Option 'mip_integral_gap_rel' deprecated, please use 'mip_opt_gap_rel'.
WARNING:  Option 'mip_integral_gap_abs' deprecated, please use 'mip_opt_gap_abs'.
WARNING:  Option 'mip_integral_gap_rel' deprecated, please use 'mip_opt_gap_rel'.
WARNING:  Option 'mip_integral_gap_abs' deprecated, please use 'mip_opt_gap_abs'.
WARNING:  Option 'mip_integral_gap_rel' deprecated, please use 'mip_opt_gap_rel'.
WARNING:  Option 'mip_integral_gap_abs' deprecated, please use 'mip_opt_gap_abs'.
WARNING:  Option 'mip_integral_gap_rel' deprecated, please use 'mip_opt_gap_rel'.
WARNING:  Option 'mip_integral_gap_abs' deprecated, please use 'mip_opt_gap_abs'.
WARNING:  Option 'mip_integral_gap_rel' deprecated, please use 'mip_opt_gap_rel'.
WARNING:  Option 'mip_integral_gap_abs' deprecated, please use 'mip_opt_gap_abs'.
WARNING:  Option 'mip_integral_gap_rel' deprecated, please use 'mip_opt_gap_rel'.
WARNING:  Option 'mip_integral_gap_abs' deprecated, please use 'mip_opt_gap_abs'.
WARNING:  Option 'mip_integral_gap_rel' deprecated, please use 'mip_opt_gap_rel'.
WARNING:  Option 'mip_integral_gap_abs' deprecated, please use 'mip_opt_gap_abs'.
WARNING:  Option 'mip_integral_gap_rel' deprecated, please use 'mip_opt_gap_rel'.
WARNING:  Option 'mip_integral_gap_abs' deprecated, please use 'mip_opt_gap_abs'.
WARNING:  Option 'mip_integral_gap_rel' deprecated, please use 'mip_opt_gap_rel'.
WARNING:  Option 'mip_integral_gap_abs' deprecated, please use 'mip_opt_gap_abs'.
WARNING:  Option 'mip_integral_gap_rel' deprecated, please use 'mip_opt_gap_rel'.
WARNING:  Option 'mip_integral_gap_abs' deprecated, please use 'mip_opt_gap_abs'.
WARNING:  Option 'mip_integral_gap_rel' deprecated, please use 'mip_opt_gap_rel'.
WARNING:  Option 'mip_integral_gap_abs' deprecated, please use 'mip_opt_gap_abs'.
WARNING:  Option 'mip_integral_gap_rel' deprecated, please use 'mip_opt_gap_rel'.
WARNING:  Option 'mip_integral_gap_abs' deprecated, please use 'mip_opt_gap_abs'.
WARNING:  Option 'mip_integral_gap_rel' deprecated, please use 'mip_opt_gap_rel'.
WARNING:  Option 'mip_integral_gap_abs' deprecated, please use 'mip_opt_gap_abs'.
WARNING:  Option 'mip_integral_gap_rel' deprecated, please use 'mip_opt_gap_rel'.
      20    8.945144e-01   0.000e+00   9.834e-04   1.551e-02        0
WARNING:  Option 'mip_integral_gap_abs' deprecated, please use 'mip_opt_gap_abs'.
WARNING:  Option 'mip_integral_gap_rel' deprecated, please use 'mip_opt_gap_rel'.
WARNING:  Option 'mip_integral_gap_abs' deprecated, please use 'mip_opt_gap_abs'.
WARNING:  Option 'mip_integral_gap_rel' deprecated, please use 'mip_opt_gap_rel'.
WARNING:  Option 'mip_integral_gap_abs' deprecated, please use 'mip_opt_gap_abs'.
WARNING:  Option 'mip_integral_gap_rel' deprecated, please use 'mip_opt_gap_rel'.
WARNING:  Option 'mip_integral_gap_abs' deprecated, please use 'mip_opt_gap_abs'.
WARNING:  Option 'mip_integral_gap_rel' deprecated, please use 'mip_opt_gap_rel'.
WARNING:  Option 'mip_integral_gap_abs' deprecated, please use 'mip_opt_gap_abs'.
WARNING:  Option 'mip_integral_gap_rel' deprecated, please use 'mip_opt_gap_rel'.
WARNING:  Option 'mip_integral_gap_abs' deprecated, please use 'mip_opt_gap_abs'.
WARNING:  Option 'mip_integral_gap_rel' deprecated, please use 'mip_opt_gap_rel'.
WARNING:  Option 'mip_integral_gap_abs' deprecated, please use 'mip_opt_gap_abs'.
WARNING:  Option 'mip_integral_gap_rel' deprecated, please use 'mip_opt_gap_rel'.
WARNING:  Option 'mip_integral_gap_abs' deprecated, please use 'mip_opt_gap_abs'.
WARNING:  Option 'mip_integral_gap_rel' deprecated, please use 'mip_opt_gap_rel'.
WARNING:  Option 'mip_integral_gap_abs' deprecated, please use 'mip_opt_gap_abs'.
WARNING:  Option 'mip_integral_gap_rel' deprecated, please use 'mip_opt_gap_rel'.
WARNING:  Option 'mip_integral_gap_abs' deprecated, please use 'mip_opt_gap_abs'.
WARNING:  Option 'mip_integral_gap_rel' deprecated, please use 'mip_opt_gap_rel'.
WARNING:  Option 'mip_integral_gap_abs' deprecated, please use 'mip_opt_gap_abs'.
WARNING:  Option 'mip_integral_gap_rel' deprecated, please use 'mip_opt_gap_rel'.
WARNING:  Option 'mip_integral_gap_abs' deprecated, please use 'mip_opt_gap_abs'.
WARNING:  Option 'mip_integral_gap_rel' deprecated, please use 'mip_opt_gap_rel'.
WARNING:  Option 'mip_integral_gap_abs' deprecated, please use 'mip_opt_gap_abs'.
WARNING:  Option 'mip_integral_gap_rel' deprecated, please use 'mip_opt_gap_rel'.
WARNING:  Option 'mip_integral_gap_abs' deprecated, please use 'mip_opt_gap_abs'.
WARNING:  Option 'mip_integral_gap_rel' deprecated, please use 'mip_opt_gap_rel'.
WARNING:  Option 'mip_integral_gap_abs' deprecated, please use 'mip_opt_gap_abs'.
WARNING:  Option 'mip_integral_gap_rel' deprecated, please use 'mip_opt_gap_rel'.
WARNING:  Option 'mip_integral_gap_abs' deprecated, please use 'mip_opt_gap_abs'.
WARNING:  Option 'mip_integral_gap_rel' deprecated, please use 'mip_opt_gap_rel'.
WARNING:  Option 'mip_integral_gap_abs' deprecated, please use 'mip_opt_gap_abs'.
WARNING:  Option 'mip_integral_gap_rel' deprecated, please use 'mip_opt_gap_rel'.
WARNING:  Option 'mip_integral_gap_abs' deprecated, please use 'mip_opt_gap_abs'.
WARNING:  Option 'mip_integral_gap_rel' deprecated, please use 'mip_opt_gap_rel'.
WARNING:  Option 'mip_integral_gap_abs' deprecated, please use 'mip_opt_gap_abs'.
WARNING:  Option 'mip_integral_gap_rel' deprecated, please use 'mip_opt_gap_rel'.
WARNING:  Option 'mip_integral_gap_abs' deprecated, please use 'mip_opt_gap_abs'.
WARNING:  Option 'mip_integral_gap_rel' deprecated, please use 'mip_opt_gap_rel'.
WARNING:  Option 'mip_integral_gap_abs' deprecated, please use 'mip_opt_gap_abs'.
WARNING:  Option 'mip_integral_gap_rel' deprecated, please use 'mip_opt_gap_rel'.
WARNING:  Option 'mip_integral_gap_abs' deprecated, please use 'mip_opt_gap_abs'.
WARNING:  Option 'mip_integral_gap_rel' deprecated, please use 'mip_opt_gap_rel'.
WARNING:  Option 'mip_integral_gap_abs' deprecated, please use 'mip_opt_gap_abs'.
WARNING:  Option 'mip_integral_gap_rel' deprecated, please use 'mip_opt_gap_rel'.
WARNING:  Option 'mip_integral_gap_abs' deprecated, please use 'mip_opt_gap_abs'.
WARNING:  Option 'mip_integral_gap_rel' deprecated, please use 'mip_opt_gap_rel'.
WARNING:  Option 'mip_integral_gap_abs' deprecated, please use 'mip_opt_gap_abs'.
WARNING:  Option 'mip_integral_gap_rel' deprecated, please use 'mip_opt_gap_rel'.
WARNING:  Option 'mip_integral_gap_abs' deprecated, please use 'mip_opt_gap_abs'.
WARNING:  Option 'mip_integral_gap_rel' deprecated, please use 'mip_opt_gap_rel'.
WARNING:  Option 'mip_integral_gap_abs' deprecated, please use 'mip_opt_gap_abs'.
WARNING:  Option 'mip_integral_gap_rel' deprecated, please use 'mip_opt_gap_rel'.
WARNING:  Option 'mip_integral_gap_abs' deprecated, please use 'mip_opt_gap_abs'.
WARNING:  Option 'mip_integral_gap_rel' deprecated, please use 'mip_opt_gap_rel'.
WARNING:  Option 'mip_integral_gap_abs' deprecated, please use 'mip_opt_gap_abs'.
WARNING:  Option 'mip_integral_gap_rel' deprecated, please use 'mip_opt_gap_rel'.
WARNING:  Option 'mip_integral_gap_abs' deprecated, please use 'mip_opt_gap_abs'.
WARNING:  Option 'mip_integral_gap_rel' deprecated, please use 'mip_opt_gap_rel'.
WARNING:  Option 'mip_integral_gap_abs' deprecated, please use 'mip_opt_gap_abs'.
WARNING:  Option 'mip_integral_gap_rel' deprecated, please use 'mip_opt_gap_rel'.
WARNING:  Option 'mip_integral_gap_abs' deprecated, please use 'mip_opt_gap_abs'.
WARNING:  Option 'mip_integral_gap_rel' deprecated, please use 'mip_opt_gap_rel'.
WARNING:  Option 'mip_integral_gap_abs' deprecated, please use 'mip_opt_gap_abs'.
WARNING:  Option 'mip_integral_gap_rel' deprecated, please use 'mip_opt_gap_rel'.
WARNING:  Option 'mip_integral_gap_abs' deprecated, please use 'mip_opt_gap_abs'.
WARNING:  Option 'mip_integral_gap_rel' deprecated, please use 'mip_opt_gap_rel'.
WARNING:  Option 'mip_integral_gap_abs' deprecated, please use 'mip_opt_gap_abs'.
WARNING:  Option 'mip_integral_gap_rel' deprecated, please use 'mip_opt_gap_rel'.
WARNING:  Option 'mip_integral_gap_abs' deprecated, please use 'mip_opt_gap_abs'.
WARNING:  Option 'mip_integral_gap_rel' deprecated, please use 'mip_opt_gap_rel'.
      21    8.944842e-01   7.490e-04   2.201e-03   5.012e-02        0
WARNING:  Option 'mip_integral_gap_abs' deprecated, please use 'mip_opt_gap_abs'.
WARNING:  Option 'mip_integral_gap_rel' deprecated, please use 'mip_opt_gap_rel'.
WARNING:  Option 'mip_integral_gap_abs' deprecated, please use 'mip_opt_gap_abs'.
WARNING:  Option 'mip_integral_gap_rel' deprecated, please use 'mip_opt_gap_rel'.
WARNING:  Option 'mip_integral_gap_abs' deprecated, please use 'mip_opt_gap_abs'.
WARNING:  Option 'mip_integral_gap_rel' deprecated, please use 'mip_opt_gap_rel'.
WARNING:  Option 'mip_integral_gap_abs' deprecated, please use 'mip_opt_gap_abs'.
WARNING:  Option 'mip_integral_gap_rel' deprecated, please use 'mip_opt_gap_rel'.
WARNING:  Option 'mip_integral_gap_abs' deprecated, please use 'mip_opt_gap_abs'.
WARNING:  Option 'mip_integral_gap_rel' deprecated, please use 'mip_opt_gap_rel'.
WARNING:  Option 'mip_integral_gap_abs' deprecated, please use 'mip_opt_gap_abs'.
WARNING:  Option 'mip_integral_gap_rel' deprecated, please use 'mip_opt_gap_rel'.
WARNING:  Option 'mip_integral_gap_abs' deprecated, please use 'mip_opt_gap_abs'.
WARNING:  Option 'mip_integral_gap_rel' deprecated, please use 'mip_opt_gap_rel'.
WARNING:  Option 'mip_integral_gap_abs' deprecated, please use 'mip_opt_gap_abs'.
WARNING:  Option 'mip_integral_gap_rel' deprecated, please use 'mip_opt_gap_rel'.
WARNING:  Option 'mip_integral_gap_abs' deprecated, please use 'mip_opt_gap_abs'.
WARNING:  Option 'mip_integral_gap_rel' deprecated, please use 'mip_opt_gap_rel'.
WARNING:  Option 'mip_integral_gap_abs' deprecated, please use 'mip_opt_gap_abs'.
WARNING:  Option 'mip_integral_gap_rel' deprecated, please use 'mip_opt_gap_rel'.
WARNING:  Option 'mip_integral_gap_abs' deprecated, please use 'mip_opt_gap_abs'.
WARNING:  Option 'mip_integral_gap_rel' deprecated, please use 'mip_opt_gap_rel'.
WARNING:  Option 'mip_integral_gap_abs' deprecated, please use 'mip_opt_gap_abs'.
WARNING:  Option 'mip_integral_gap_rel' deprecated, please use 'mip_opt_gap_rel'.
WARNING:  Option 'mip_integral_gap_abs' deprecated, please use 'mip_opt_gap_abs'.
WARNING:  Option 'mip_integral_gap_rel' deprecated, please use 'mip_opt_gap_rel'.
WARNING:  Option 'mip_integral_gap_abs' deprecated, please use 'mip_opt_gap_abs'.
WARNING:  Option 'mip_integral_gap_rel' deprecated, please use 'mip_opt_gap_rel'.
WARNING:  Option 'mip_integral_gap_abs' deprecated, please use 'mip_opt_gap_abs'.
WARNING:  Option 'mip_integral_gap_rel' deprecated, please use 'mip_opt_gap_rel'.
WARNING:  Option 'mip_integral_gap_abs' deprecated, please use 'mip_opt_gap_abs'.
WARNING:  Option 'mip_integral_gap_rel' deprecated, please use 'mip_opt_gap_rel'.
WARNING:  Option 'mip_integral_gap_abs' deprecated, please use 'mip_opt_gap_abs'.
WARNING:  Option 'mip_integral_gap_rel' deprecated, please use 'mip_opt_gap_rel'.
WARNING:  Option 'mip_integral_gap_abs' deprecated, please use 'mip_opt_gap_abs'.
WARNING:  Option 'mip_integral_gap_rel' deprecated, please use 'mip_opt_gap_rel'.
WARNING:  Option 'mip_integral_gap_abs' deprecated, please use 'mip_opt_gap_abs'.
WARNING:  Option 'mip_integral_gap_rel' deprecated, please use 'mip_opt_gap_rel'.
WARNING:  Option 'mip_integral_gap_abs' deprecated, please use 'mip_opt_gap_abs'.
WARNING:  Option 'mip_integral_gap_rel' deprecated, please use 'mip_opt_gap_rel'.
WARNING:  Option 'mip_integral_gap_abs' deprecated, please use 'mip_opt_gap_abs'.
WARNING:  Option 'mip_integral_gap_rel' deprecated, please use 'mip_opt_gap_rel'.
WARNING:  Option 'mip_integral_gap_abs' deprecated, please use 'mip_opt_gap_abs'.
WARNING:  Option 'mip_integral_gap_rel' deprecated, please use 'mip_opt_gap_rel'.
WARNING:  Option 'mip_integral_gap_abs' deprecated, please use 'mip_opt_gap_abs'.
WARNING:  Option 'mip_integral_gap_rel' deprecated, please use 'mip_opt_gap_rel'.
WARNING:  Option 'mip_integral_gap_abs' deprecated, please use 'mip_opt_gap_abs'.
WARNING:  Option 'mip_integral_gap_rel' deprecated, please use 'mip_opt_gap_rel'.
WARNING:  Option 'mip_integral_gap_abs' deprecated, please use 'mip_opt_gap_abs'.
WARNING:  Option 'mip_integral_gap_rel' deprecated, please use 'mip_opt_gap_rel'.
WARNING:  Option 'mip_integral_gap_abs' deprecated, please use 'mip_opt_gap_abs'.
WARNING:  Option 'mip_integral_gap_rel' deprecated, please use 'mip_opt_gap_rel'.
WARNING:  Option 'mip_integral_gap_abs' deprecated, please use 'mip_opt_gap_abs'.
WARNING:  Option 'mip_integral_gap_rel' deprecated, please use 'mip_opt_gap_rel'.
WARNING:  Option 'mip_integral_gap_abs' deprecated, please use 'mip_opt_gap_abs'.
WARNING:  Option 'mip_integral_gap_rel' deprecated, please use 'mip_opt_gap_rel'.
WARNING:  Option 'mip_integral_gap_abs' deprecated, please use 'mip_opt_gap_abs'.
WARNING:  Option 'mip_integral_gap_rel' deprecated, please use 'mip_opt_gap_rel'.
WARNING:  Option 'mip_integral_gap_abs' deprecated, please use 'mip_opt_gap_abs'.
WARNING:  Option 'mip_integral_gap_rel' deprecated, please use 'mip_opt_gap_rel'.
WARNING:  Option 'mip_integral_gap_abs' deprecated, please use 'mip_opt_gap_abs'.
WARNING:  Option 'mip_integral_gap_rel' deprecated, please use 'mip_opt_gap_rel'.
WARNING:  Option 'mip_integral_gap_abs' deprecated, please use 'mip_opt_gap_abs'.
WARNING:  Option 'mip_integral_gap_rel' deprecated, please use 'mip_opt_gap_rel'.
WARNING:  Option 'mip_integral_gap_abs' deprecated, please use 'mip_opt_gap_abs'.
WARNING:  Option 'mip_integral_gap_rel' deprecated, please use 'mip_opt_gap_rel'.
WARNING:  Option 'mip_integral_gap_abs' deprecated, please use 'mip_opt_gap_abs'.
WARNING:  Option 'mip_integral_gap_rel' deprecated, please use 'mip_opt_gap_rel'.
WARNING:  Option 'mip_integral_gap_abs' deprecated, please use 'mip_opt_gap_abs'.
WARNING:  Option 'mip_integral_gap_rel' deprecated, please use 'mip_opt_gap_rel'.
WARNING:  Option 'mip_integral_gap_abs' deprecated, please use 'mip_opt_gap_abs'.
WARNING:  Option 'mip_integral_gap_rel' deprecated, please use 'mip_opt_gap_rel'.
      22    8.944729e-01   8.509e-04   1.793e-03   1.968e-02        0
WARNING:  Option 'mip_integral_gap_abs' deprecated, please use 'mip_opt_gap_abs'.
WARNING:  Option 'mip_integral_gap_rel' deprecated, please use 'mip_opt_gap_rel'.
WARNING:  Option 'mip_integral_gap_abs' deprecated, please use 'mip_opt_gap_abs'.
WARNING:  Option 'mip_integral_gap_rel' deprecated, please use 'mip_opt_gap_rel'.
WARNING:  Option 'mip_integral_gap_abs' deprecated, please use 'mip_opt_gap_abs'.
WARNING:  Option 'mip_integral_gap_rel' deprecated, please use 'mip_opt_gap_rel'.
WARNING:  Option 'mip_integral_gap_abs' deprecated, please use 'mip_opt_gap_abs'.
WARNING:  Option 'mip_integral_gap_rel' deprecated, please use 'mip_opt_gap_rel'.
WARNING:  Option 'mip_integral_gap_abs' deprecated, please use 'mip_opt_gap_abs'.
WARNING:  Option 'mip_integral_gap_rel' deprecated, please use 'mip_opt_gap_rel'.
WARNING:  Option 'mip_integral_gap_abs' deprecated, please use 'mip_opt_gap_abs'.
WARNING:  Option 'mip_integral_gap_rel' deprecated, please use 'mip_opt_gap_rel'.
WARNING:  Option 'mip_integral_gap_abs' deprecated, please use 'mip_opt_gap_abs'.
WARNING:  Option 'mip_integral_gap_rel' deprecated, please use 'mip_opt_gap_rel'.
WARNING:  Option 'mip_integral_gap_abs' deprecated, please use 'mip_opt_gap_abs'.
WARNING:  Option 'mip_integral_gap_rel' deprecated, please use 'mip_opt_gap_rel'.
WARNING:  Option 'mip_integral_gap_abs' deprecated, please use 'mip_opt_gap_abs'.
WARNING:  Option 'mip_integral_gap_rel' deprecated, please use 'mip_opt_gap_rel'.
WARNING:  Option 'mip_integral_gap_abs' deprecated, please use 'mip_opt_gap_abs'.
WARNING:  Option 'mip_integral_gap_rel' deprecated, please use 'mip_opt_gap_rel'.
WARNING:  Option 'mip_integral_gap_abs' deprecated, please use 'mip_opt_gap_abs'.
WARNING:  Option 'mip_integral_gap_rel' deprecated, please use 'mip_opt_gap_rel'.
WARNING:  Option 'mip_integral_gap_abs' deprecated, please use 'mip_opt_gap_abs'.
WARNING:  Option 'mip_integral_gap_rel' deprecated, please use 'mip_opt_gap_rel'.
WARNING:  Option 'mip_integral_gap_abs' deprecated, please use 'mip_opt_gap_abs'.
WARNING:  Option 'mip_integral_gap_rel' deprecated, please use 'mip_opt_gap_rel'.
WARNING:  Option 'mip_integral_gap_abs' deprecated, please use 'mip_opt_gap_abs'.
WARNING:  Option 'mip_integral_gap_rel' deprecated, please use 'mip_opt_gap_rel'.
WARNING:  Option 'mip_integral_gap_abs' deprecated, please use 'mip_opt_gap_abs'.
WARNING:  Option 'mip_integral_gap_rel' deprecated, please use 'mip_opt_gap_rel'.
WARNING:  Option 'mip_integral_gap_abs' deprecated, please use 'mip_opt_gap_abs'.
WARNING:  Option 'mip_integral_gap_rel' deprecated, please use 'mip_opt_gap_rel'.
WARNING:  Option 'mip_integral_gap_abs' deprecated, please use 'mip_opt_gap_abs'.
WARNING:  Option 'mip_integral_gap_rel' deprecated, please use 'mip_opt_gap_rel'.
WARNING:  Option 'mip_integral_gap_abs' deprecated, please use 'mip_opt_gap_abs'.
WARNING:  Option 'mip_integral_gap_rel' deprecated, please use 'mip_opt_gap_rel'.
WARNING:  Option 'mip_integral_gap_abs' deprecated, please use 'mip_opt_gap_abs'.
WARNING:  Option 'mip_integral_gap_rel' deprecated, please use 'mip_opt_gap_rel'.
WARNING:  Option 'mip_integral_gap_abs' deprecated, please use 'mip_opt_gap_abs'.
WARNING:  Option 'mip_integral_gap_rel' deprecated, please use 'mip_opt_gap_rel'.
WARNING:  Option 'mip_integral_gap_abs' deprecated, please use 'mip_opt_gap_abs'.
WARNING:  Option 'mip_integral_gap_rel' deprecated, please use 'mip_opt_gap_rel'.
WARNING:  Option 'mip_integral_gap_abs' deprecated, please use 'mip_opt_gap_abs'.
WARNING:  Option 'mip_integral_gap_rel' deprecated, please use 'mip_opt_gap_rel'.
WARNING:  Option 'mip_integral_gap_abs' deprecated, please use 'mip_opt_gap_abs'.
WARNING:  Option 'mip_integral_gap_rel' deprecated, please use 'mip_opt_gap_rel'.
WARNING:  Option 'mip_integral_gap_abs' deprecated, please use 'mip_opt_gap_abs'.
WARNING:  Option 'mip_integral_gap_rel' deprecated, please use 'mip_opt_gap_rel'.
WARNING:  Option 'mip_integral_gap_abs' deprecated, please use 'mip_opt_gap_abs'.
WARNING:  Option 'mip_integral_gap_rel' deprecated, please use 'mip_opt_gap_rel'.
WARNING:  Option 'mip_integral_gap_abs' deprecated, please use 'mip_opt_gap_abs'.
WARNING:  Option 'mip_integral_gap_rel' deprecated, please use 'mip_opt_gap_rel'.
WARNING:  Option 'mip_integral_gap_abs' deprecated, please use 'mip_opt_gap_abs'.
WARNING:  Option 'mip_integral_gap_rel' deprecated, please use 'mip_opt_gap_rel'.
WARNING:  Option 'mip_integral_gap_abs' deprecated, please use 'mip_opt_gap_abs'.
WARNING:  Option 'mip_integral_gap_rel' deprecated, please use 'mip_opt_gap_rel'.
WARNING:  Option 'mip_integral_gap_abs' deprecated, please use 'mip_opt_gap_abs'.
WARNING:  Option 'mip_integral_gap_rel' deprecated, please use 'mip_opt_gap_rel'.
WARNING:  Option 'mip_integral_gap_abs' deprecated, please use 'mip_opt_gap_abs'.
WARNING:  Option 'mip_integral_gap_rel' deprecated, please use 'mip_opt_gap_rel'.
WARNING:  Option 'mip_integral_gap_abs' deprecated, please use 'mip_opt_gap_abs'.
WARNING:  Option 'mip_integral_gap_rel' deprecated, please use 'mip_opt_gap_rel'.
WARNING:  Option 'mip_integral_gap_abs' deprecated, please use 'mip_opt_gap_abs'.
WARNING:  Option 'mip_integral_gap_rel' deprecated, please use 'mip_opt_gap_rel'.
WARNING:  Option 'mip_integral_gap_abs' deprecated, please use 'mip_opt_gap_abs'.
WARNING:  Option 'mip_integral_gap_rel' deprecated, please use 'mip_opt_gap_rel'.
      23    8.944347e-01   7.492e-04   1.688e-03   5.800e-02        0
WARNING:  Option 'mip_integral_gap_abs' deprecated, please use 'mip_opt_gap_abs'.
WARNING:  Option 'mip_integral_gap_rel' deprecated, please use 'mip_opt_gap_rel'.
WARNING:  Option 'mip_integral_gap_abs' deprecated, please use 'mip_opt_gap_abs'.
WARNING:  Option 'mip_integral_gap_rel' deprecated, please use 'mip_opt_gap_rel'.
WARNING:  Option 'mip_integral_gap_abs' deprecated, please use 'mip_opt_gap_abs'.
WARNING:  Option 'mip_integral_gap_rel' deprecated, please use 'mip_opt_gap_rel'.
WARNING:  Option 'mip_integral_gap_abs' deprecated, please use 'mip_opt_gap_abs'.
WARNING:  Option 'mip_integral_gap_rel' deprecated, please use 'mip_opt_gap_rel'.
WARNING:  Option 'mip_integral_gap_abs' deprecated, please use 'mip_opt_gap_abs'.
WARNING:  Option 'mip_integral_gap_rel' deprecated, please use 'mip_opt_gap_rel'.
WARNING:  Option 'mip_integral_gap_abs' deprecated, please use 'mip_opt_gap_abs'.
WARNING:  Option 'mip_integral_gap_rel' deprecated, please use 'mip_opt_gap_rel'.
WARNING:  Option 'mip_integral_gap_abs' deprecated, please use 'mip_opt_gap_abs'.
WARNING:  Option 'mip_integral_gap_rel' deprecated, please use 'mip_opt_gap_rel'.
WARNING:  Option 'mip_integral_gap_abs' deprecated, please use 'mip_opt_gap_abs'.
WARNING:  Option 'mip_integral_gap_rel' deprecated, please use 'mip_opt_gap_rel'.
WARNING:  Option 'mip_integral_gap_abs' deprecated, please use 'mip_opt_gap_abs'.
WARNING:  Option 'mip_integral_gap_rel' deprecated, please use 'mip_opt_gap_rel'.
WARNING:  Option 'mip_integral_gap_abs' deprecated, please use 'mip_opt_gap_abs'.
WARNING:  Option 'mip_integral_gap_rel' deprecated, please use 'mip_opt_gap_rel'.
WARNING:  Option 'mip_integral_gap_abs' deprecated, please use 'mip_opt_gap_abs'.
WARNING:  Option 'mip_integral_gap_rel' deprecated, please use 'mip_opt_gap_rel'.
WARNING:  Option 'mip_integral_gap_abs' deprecated, please use 'mip_opt_gap_abs'.
WARNING:  Option 'mip_integral_gap_rel' deprecated, please use 'mip_opt_gap_rel'.
WARNING:  Option 'mip_integral_gap_abs' deprecated, please use 'mip_opt_gap_abs'.
WARNING:  Option 'mip_integral_gap_rel' deprecated, please use 'mip_opt_gap_rel'.
WARNING:  Option 'mip_integral_gap_abs' deprecated, please use 'mip_opt_gap_abs'.
WARNING:  Option 'mip_integral_gap_rel' deprecated, please use 'mip_opt_gap_rel'.
WARNING:  Option 'mip_integral_gap_abs' deprecated, please use 'mip_opt_gap_abs'.
WARNING:  Option 'mip_integral_gap_rel' deprecated, please use 'mip_opt_gap_rel'.
WARNING:  Option 'mip_integral_gap_abs' deprecated, please use 'mip_opt_gap_abs'.
WARNING:  Option 'mip_integral_gap_rel' deprecated, please use 'mip_opt_gap_rel'.
WARNING:  Option 'mip_integral_gap_abs' deprecated, please use 'mip_opt_gap_abs'.
WARNING:  Option 'mip_integral_gap_rel' deprecated, please use 'mip_opt_gap_rel'.
WARNING:  Option 'mip_integral_gap_abs' deprecated, please use 'mip_opt_gap_abs'.
WARNING:  Option 'mip_integral_gap_rel' deprecated, please use 'mip_opt_gap_rel'.
WARNING:  Option 'mip_integral_gap_abs' deprecated, please use 'mip_opt_gap_abs'.
WARNING:  Option 'mip_integral_gap_rel' deprecated, please use 'mip_opt_gap_rel'.
WARNING:  Option 'mip_integral_gap_abs' deprecated, please use 'mip_opt_gap_abs'.
WARNING:  Option 'mip_integral_gap_rel' deprecated, please use 'mip_opt_gap_rel'.
WARNING:  Option 'mip_integral_gap_abs' deprecated, please use 'mip_opt_gap_abs'.
WARNING:  Option 'mip_integral_gap_rel' deprecated, please use 'mip_opt_gap_rel'.
WARNING:  Option 'mip_integral_gap_abs' deprecated, please use 'mip_opt_gap_abs'.
WARNING:  Option 'mip_integral_gap_rel' deprecated, please use 'mip_opt_gap_rel'.
WARNING:  Option 'mip_integral_gap_abs' deprecated, please use 'mip_opt_gap_abs'.
WARNING:  Option 'mip_integral_gap_rel' deprecated, please use 'mip_opt_gap_rel'.
WARNING:  Option 'mip_integral_gap_abs' deprecated, please use 'mip_opt_gap_abs'.
WARNING:  Option 'mip_integral_gap_rel' deprecated, please use 'mip_opt_gap_rel'.
WARNING:  Option 'mip_integral_gap_abs' deprecated, please use 'mip_opt_gap_abs'.
WARNING:  Option 'mip_integral_gap_rel' deprecated, please use 'mip_opt_gap_rel'.
WARNING:  Option 'mip_integral_gap_abs' deprecated, please use 'mip_opt_gap_abs'.
WARNING:  Option 'mip_integral_gap_rel' deprecated, please use 'mip_opt_gap_rel'.
WARNING:  Option 'mip_integral_gap_abs' deprecated, please use 'mip_opt_gap_abs'.
WARNING:  Option 'mip_integral_gap_rel' deprecated, please use 'mip_opt_gap_rel'.
WARNING:  Option 'mip_integral_gap_abs' deprecated, please use 'mip_opt_gap_abs'.
WARNING:  Option 'mip_integral_gap_rel' deprecated, please use 'mip_opt_gap_rel'.
WARNING:  Option 'mip_integral_gap_abs' deprecated, please use 'mip_opt_gap_abs'.
WARNING:  Option 'mip_integral_gap_rel' deprecated, please use 'mip_opt_gap_rel'.
WARNING:  Option 'mip_integral_gap_abs' deprecated, please use 'mip_opt_gap_abs'.
WARNING:  Option 'mip_integral_gap_rel' deprecated, please use 'mip_opt_gap_rel'.
WARNING:  Option 'mip_integral_gap_abs' deprecated, please use 'mip_opt_gap_abs'.
WARNING:  Option 'mip_integral_gap_rel' deprecated, please use 'mip_opt_gap_rel'.
WARNING:  Option 'mip_integral_gap_abs' deprecated, please use 'mip_opt_gap_abs'.
WARNING:  Option 'mip_integral_gap_rel' deprecated, please use 'mip_opt_gap_rel'.
WARNING:  Option 'mip_integral_gap_abs' deprecated, please use 'mip_opt_gap_abs'.
WARNING:  Option 'mip_integral_gap_rel' deprecated, please use 'mip_opt_gap_rel'.
      24    8.943895e-01   2.870e-03   3.491e-03   6.248e-02        0
WARNING:  Option 'mip_integral_gap_abs' deprecated, please use 'mip_opt_gap_abs'.
WARNING:  Option 'mip_integral_gap_rel' deprecated, please use 'mip_opt_gap_rel'.
WARNING:  Option 'mip_integral_gap_abs' deprecated, please use 'mip_opt_gap_abs'.
WARNING:  Option 'mip_integral_gap_rel' deprecated, please use 'mip_opt_gap_rel'.
WARNING:  Option 'mip_integral_gap_abs' deprecated, please use 'mip_opt_gap_abs'.
WARNING:  Option 'mip_integral_gap_rel' deprecated, please use 'mip_opt_gap_rel'.
WARNING:  Option 'mip_integral_gap_abs' deprecated, please use 'mip_opt_gap_abs'.
WARNING:  Option 'mip_integral_gap_rel' deprecated, please use 'mip_opt_gap_rel'.
WARNING:  Option 'mip_integral_gap_abs' deprecated, please use 'mip_opt_gap_abs'.
WARNING:  Option 'mip_integral_gap_rel' deprecated, please use 'mip_opt_gap_rel'.
WARNING:  Option 'mip_integral_gap_abs' deprecated, please use 'mip_opt_gap_abs'.
WARNING:  Option 'mip_integral_gap_rel' deprecated, please use 'mip_opt_gap_rel'.
WARNING:  Option 'mip_integral_gap_abs' deprecated, please use 'mip_opt_gap_abs'.
WARNING:  Option 'mip_integral_gap_rel' deprecated, please use 'mip_opt_gap_rel'.
WARNING:  Option 'mip_integral_gap_abs' deprecated, please use 'mip_opt_gap_abs'.
WARNING:  Option 'mip_integral_gap_rel' deprecated, please use 'mip_opt_gap_rel'.
WARNING:  Option 'mip_integral_gap_abs' deprecated, please use 'mip_opt_gap_abs'.
WARNING:  Option 'mip_integral_gap_rel' deprecated, please use 'mip_opt_gap_rel'.
WARNING:  Option 'mip_integral_gap_abs' deprecated, please use 'mip_opt_gap_abs'.
WARNING:  Option 'mip_integral_gap_rel' deprecated, please use 'mip_opt_gap_rel'.
WARNING:  Option 'mip_integral_gap_abs' deprecated, please use 'mip_opt_gap_abs'.
WARNING:  Option 'mip_integral_gap_rel' deprecated, please use 'mip_opt_gap_rel'.
WARNING:  Option 'mip_integral_gap_abs' deprecated, please use 'mip_opt_gap_abs'.
WARNING:  Option 'mip_integral_gap_rel' deprecated, please use 'mip_opt_gap_rel'.
WARNING:  Option 'mip_integral_gap_abs' deprecated, please use 'mip_opt_gap_abs'.
WARNING:  Option 'mip_integral_gap_rel' deprecated, please use 'mip_opt_gap_rel'.
WARNING:  Option 'mip_integral_gap_abs' deprecated, please use 'mip_opt_gap_abs'.
WARNING:  Option 'mip_integral_gap_rel' deprecated, please use 'mip_opt_gap_rel'.
WARNING:  Option 'mip_integral_gap_abs' deprecated, please use 'mip_opt_gap_abs'.
WARNING:  Option 'mip_integral_gap_rel' deprecated, please use 'mip_opt_gap_rel'.
WARNING:  Option 'mip_integral_gap_abs' deprecated, please use 'mip_opt_gap_abs'.
WARNING:  Option 'mip_integral_gap_rel' deprecated, please use 'mip_opt_gap_rel'.
WARNING:  Option 'mip_integral_gap_abs' deprecated, please use 'mip_opt_gap_abs'.
WARNING:  Option 'mip_integral_gap_rel' deprecated, please use 'mip_opt_gap_rel'.
WARNING:  Option 'mip_integral_gap_abs' deprecated, please use 'mip_opt_gap_abs'.
WARNING:  Option 'mip_integral_gap_rel' deprecated, please use 'mip_opt_gap_rel'.
WARNING:  Option 'mip_integral_gap_abs' deprecated, please use 'mip_opt_gap_abs'.
WARNING:  Option 'mip_integral_gap_rel' deprecated, please use 'mip_opt_gap_rel'.
WARNING:  Option 'mip_integral_gap_abs' deprecated, please use 'mip_opt_gap_abs'.
WARNING:  Option 'mip_integral_gap_rel' deprecated, please use 'mip_opt_gap_rel'.
WARNING:  Option 'mip_integral_gap_abs' deprecated, please use 'mip_opt_gap_abs'.
WARNING:  Option 'mip_integral_gap_rel' deprecated, please use 'mip_opt_gap_rel'.
WARNING:  Option 'mip_integral_gap_abs' deprecated, please use 'mip_opt_gap_abs'.
WARNING:  Option 'mip_integral_gap_rel' deprecated, please use 'mip_opt_gap_rel'.
WARNING:  Option 'mip_integral_gap_abs' deprecated, please use 'mip_opt_gap_abs'.
WARNING:  Option 'mip_integral_gap_rel' deprecated, please use 'mip_opt_gap_rel'.
WARNING:  Option 'mip_integral_gap_abs' deprecated, please use 'mip_opt_gap_abs'.
WARNING:  Option 'mip_integral_gap_rel' deprecated, please use 'mip_opt_gap_rel'.
WARNING:  Option 'mip_integral_gap_abs' deprecated, please use 'mip_opt_gap_abs'.
WARNING:  Option 'mip_integral_gap_rel' deprecated, please use 'mip_opt_gap_rel'.
WARNING:  Option 'mip_integral_gap_abs' deprecated, please use 'mip_opt_gap_abs'.
WARNING:  Option 'mip_integral_gap_rel' deprecated, please use 'mip_opt_gap_rel'.
WARNING:  Option 'mip_integral_gap_abs' deprecated, please use 'mip_opt_gap_abs'.
WARNING:  Option 'mip_integral_gap_rel' deprecated, please use 'mip_opt_gap_rel'.
WARNING:  Option 'mip_integral_gap_abs' deprecated, please use 'mip_opt_gap_abs'.
WARNING:  Option 'mip_integral_gap_rel' deprecated, please use 'mip_opt_gap_rel'.
WARNING:  Option 'mip_integral_gap_abs' deprecated, please use 'mip_opt_gap_abs'.
WARNING:  Option 'mip_integral_gap_rel' deprecated, please use 'mip_opt_gap_rel'.
WARNING:  Option 'mip_integral_gap_abs' deprecated, please use 'mip_opt_gap_abs'.
WARNING:  Option 'mip_integral_gap_rel' deprecated, please use 'mip_opt_gap_rel'.
WARNING:  Option 'mip_integral_gap_abs' deprecated, please use 'mip_opt_gap_abs'.
WARNING:  Option 'mip_integral_gap_rel' deprecated, please use 'mip_opt_gap_rel'.
WARNING:  Option 'mip_integral_gap_abs' deprecated, please use 'mip_opt_gap_abs'.
WARNING:  Option 'mip_integral_gap_rel' deprecated, please use 'mip_opt_gap_rel'.
WARNING:  Option 'mip_integral_gap_abs' deprecated, please use 'mip_opt_gap_abs'.
WARNING:  Option 'mip_integral_gap_rel' deprecated, please use 'mip_opt_gap_rel'.
      25    8.943551e-01   2.371e-03   4.270e-03   7.579e-02        0
WARNING:  Option 'mip_integral_gap_abs' deprecated, please use 'mip_opt_gap_abs'.
WARNING:  Option 'mip_integral_gap_rel' deprecated, please use 'mip_opt_gap_rel'.
WARNING:  Option 'mip_integral_gap_abs' deprecated, please use 'mip_opt_gap_abs'.
WARNING:  Option 'mip_integral_gap_rel' deprecated, please use 'mip_opt_gap_rel'.
WARNING:  Option 'mip_integral_gap_abs' deprecated, please use 'mip_opt_gap_abs'.
WARNING:  Option 'mip_integral_gap_rel' deprecated, please use 'mip_opt_gap_rel'.
WARNING:  Option 'mip_integral_gap_abs' deprecated, please use 'mip_opt_gap_abs'.
WARNING:  Option 'mip_integral_gap_rel' deprecated, please use 'mip_opt_gap_rel'.
WARNING:  Option 'mip_integral_gap_abs' deprecated, please use 'mip_opt_gap_abs'.
WARNING:  Option 'mip_integral_gap_rel' deprecated, please use 'mip_opt_gap_rel'.
WARNING:  Option 'mip_integral_gap_abs' deprecated, please use 'mip_opt_gap_abs'.
WARNING:  Option 'mip_integral_gap_rel' deprecated, please use 'mip_opt_gap_rel'.
WARNING:  Option 'mip_integral_gap_abs' deprecated, please use 'mip_opt_gap_abs'.
WARNING:  Option 'mip_integral_gap_rel' deprecated, please use 'mip_opt_gap_rel'.
WARNING:  Option 'mip_integral_gap_abs' deprecated, please use 'mip_opt_gap_abs'.
WARNING:  Option 'mip_integral_gap_rel' deprecated, please use 'mip_opt_gap_rel'.
WARNING:  Option 'mip_integral_gap_abs' deprecated, please use 'mip_opt_gap_abs'.
WARNING:  Option 'mip_integral_gap_rel' deprecated, please use 'mip_opt_gap_rel'.
WARNING:  Option 'mip_integral_gap_abs' deprecated, please use 'mip_opt_gap_abs'.
WARNING:  Option 'mip_integral_gap_rel' deprecated, please use 'mip_opt_gap_rel'.
WARNING:  Option 'mip_integral_gap_abs' deprecated, please use 'mip_opt_gap_abs'.
WARNING:  Option 'mip_integral_gap_rel' deprecated, please use 'mip_opt_gap_rel'.
WARNING:  Option 'mip_integral_gap_abs' deprecated, please use 'mip_opt_gap_abs'.
WARNING:  Option 'mip_integral_gap_rel' deprecated, please use 'mip_opt_gap_rel'.
WARNING:  Option 'mip_integral_gap_abs' deprecated, please use 'mip_opt_gap_abs'.
WARNING:  Option 'mip_integral_gap_rel' deprecated, please use 'mip_opt_gap_rel'.
WARNING:  Option 'mip_integral_gap_abs' deprecated, please use 'mip_opt_gap_abs'.
WARNING:  Option 'mip_integral_gap_rel' deprecated, please use 'mip_opt_gap_rel'.
WARNING:  Option 'mip_integral_gap_abs' deprecated, please use 'mip_opt_gap_abs'.
WARNING:  Option 'mip_integral_gap_rel' deprecated, please use 'mip_opt_gap_rel'.
WARNING:  Option 'mip_integral_gap_abs' deprecated, please use 'mip_opt_gap_abs'.
WARNING:  Option 'mip_integral_gap_rel' deprecated, please use 'mip_opt_gap_rel'.
WARNING:  Option 'mip_integral_gap_abs' deprecated, please use 'mip_opt_gap_abs'.
WARNING:  Option 'mip_integral_gap_rel' deprecated, please use 'mip_opt_gap_rel'.
WARNING:  Option 'mip_integral_gap_abs' deprecated, please use 'mip_opt_gap_abs'.
WARNING:  Option 'mip_integral_gap_rel' deprecated, please use 'mip_opt_gap_rel'.
WARNING:  Option 'mip_integral_gap_abs' deprecated, please use 'mip_opt_gap_abs'.
WARNING:  Option 'mip_integral_gap_rel' deprecated, please use 'mip_opt_gap_rel'.
WARNING:  Option 'mip_integral_gap_abs' deprecated, please use 'mip_opt_gap_abs'.
WARNING:  Option 'mip_integral_gap_rel' deprecated, please use 'mip_opt_gap_rel'.
WARNING:  Option 'mip_integral_gap_abs' deprecated, please use 'mip_opt_gap_abs'.
WARNING:  Option 'mip_integral_gap_rel' deprecated, please use 'mip_opt_gap_rel'.
WARNING:  Option 'mip_integral_gap_abs' deprecated, please use 'mip_opt_gap_abs'.
WARNING:  Option 'mip_integral_gap_rel' deprecated, please use 'mip_opt_gap_rel'.
WARNING:  Option 'mip_integral_gap_abs' deprecated, please use 'mip_opt_gap_abs'.
WARNING:  Option 'mip_integral_gap_rel' deprecated, please use 'mip_opt_gap_rel'.
WARNING:  Option 'mip_integral_gap_abs' deprecated, please use 'mip_opt_gap_abs'.
WARNING:  Option 'mip_integral_gap_rel' deprecated, please use 'mip_opt_gap_rel'.
WARNING:  Option 'mip_integral_gap_abs' deprecated, please use 'mip_opt_gap_abs'.
WARNING:  Option 'mip_integral_gap_rel' deprecated, please use 'mip_opt_gap_rel'.
WARNING:  Option 'mip_integral_gap_abs' deprecated, please use 'mip_opt_gap_abs'.
WARNING:  Option 'mip_integral_gap_rel' deprecated, please use 'mip_opt_gap_rel'.
WARNING:  Option 'mip_integral_gap_abs' deprecated, please use 'mip_opt_gap_abs'.
WARNING:  Option 'mip_integral_gap_rel' deprecated, please use 'mip_opt_gap_rel'.
WARNING:  Option 'mip_integral_gap_abs' deprecated, please use 'mip_opt_gap_abs'.
WARNING:  Option 'mip_integral_gap_rel' deprecated, please use 'mip_opt_gap_rel'.
WARNING:  Option 'mip_integral_gap_abs' deprecated, please use 'mip_opt_gap_abs'.
WARNING:  Option 'mip_integral_gap_rel' deprecated, please use 'mip_opt_gap_rel'.
WARNING:  Option 'mip_integral_gap_abs' deprecated, please use 'mip_opt_gap_abs'.
WARNING:  Option 'mip_integral_gap_rel' deprecated, please use 'mip_opt_gap_rel'.
WARNING:  Option 'mip_integral_gap_abs' deprecated, please use 'mip_opt_gap_abs'.
WARNING:  Option 'mip_integral_gap_rel' deprecated, please use 'mip_opt_gap_rel'.
WARNING:  Option 'mip_integral_gap_abs' deprecated, please use 'mip_opt_gap_abs'.
WARNING:  Option 'mip_integral_gap_rel' deprecated, please use 'mip_opt_gap_rel'.
WARNING:  Option 'mip_integral_gap_abs' deprecated, please use 'mip_opt_gap_abs'.
WARNING:  Option 'mip_integral_gap_rel' deprecated, please use 'mip_opt_gap_rel'.
      26    8.942577e-01   2.732e-03   4.148e-03   6.084e-02        0
WARNING:  Option 'mip_integral_gap_abs' deprecated, please use 'mip_opt_gap_abs'.
WARNING:  Option 'mip_integral_gap_rel' deprecated, please use 'mip_opt_gap_rel'.
WARNING:  Option 'mip_integral_gap_abs' deprecated, please use 'mip_opt_gap_abs'.
WARNING:  Option 'mip_integral_gap_rel' deprecated, please use 'mip_opt_gap_rel'.
WARNING:  Option 'mip_integral_gap_abs' deprecated, please use 'mip_opt_gap_abs'.
WARNING:  Option 'mip_integral_gap_rel' deprecated, please use 'mip_opt_gap_rel'.
WARNING:  Option 'mip_integral_gap_abs' deprecated, please use 'mip_opt_gap_abs'.
WARNING:  Option 'mip_integral_gap_rel' deprecated, please use 'mip_opt_gap_rel'.
WARNING:  Option 'mip_integral_gap_abs' deprecated, please use 'mip_opt_gap_abs'.
WARNING:  Option 'mip_integral_gap_rel' deprecated, please use 'mip_opt_gap_rel'.
WARNING:  Option 'mip_integral_gap_abs' deprecated, please use 'mip_opt_gap_abs'.
WARNING:  Option 'mip_integral_gap_rel' deprecated, please use 'mip_opt_gap_rel'.
WARNING:  Option 'mip_integral_gap_abs' deprecated, please use 'mip_opt_gap_abs'.
WARNING:  Option 'mip_integral_gap_rel' deprecated, please use 'mip_opt_gap_rel'.
WARNING:  Option 'mip_integral_gap_abs' deprecated, please use 'mip_opt_gap_abs'.
WARNING:  Option 'mip_integral_gap_rel' deprecated, please use 'mip_opt_gap_rel'.
WARNING:  Option 'mip_integral_gap_abs' deprecated, please use 'mip_opt_gap_abs'.
WARNING:  Option 'mip_integral_gap_rel' deprecated, please use 'mip_opt_gap_rel'.
WARNING:  Option 'mip_integral_gap_abs' deprecated, please use 'mip_opt_gap_abs'.
WARNING:  Option 'mip_integral_gap_rel' deprecated, please use 'mip_opt_gap_rel'.
WARNING:  Option 'mip_integral_gap_abs' deprecated, please use 'mip_opt_gap_abs'.
WARNING:  Option 'mip_integral_gap_rel' deprecated, please use 'mip_opt_gap_rel'.
WARNING:  Option 'mip_integral_gap_abs' deprecated, please use 'mip_opt_gap_abs'.
WARNING:  Option 'mip_integral_gap_rel' deprecated, please use 'mip_opt_gap_rel'.
WARNING:  Option 'mip_integral_gap_abs' deprecated, please use 'mip_opt_gap_abs'.
WARNING:  Option 'mip_integral_gap_rel' deprecated, please use 'mip_opt_gap_rel'.
WARNING:  Option 'mip_integral_gap_abs' deprecated, please use 'mip_opt_gap_abs'.
WARNING:  Option 'mip_integral_gap_rel' deprecated, please use 'mip_opt_gap_rel'.
WARNING:  Option 'mip_integral_gap_abs' deprecated, please use 'mip_opt_gap_abs'.
WARNING:  Option 'mip_integral_gap_rel' deprecated, please use 'mip_opt_gap_rel'.
WARNING:  Option 'mip_integral_gap_abs' deprecated, please use 'mip_opt_gap_abs'.
WARNING:  Option 'mip_integral_gap_rel' deprecated, please use 'mip_opt_gap_rel'.
WARNING:  Option 'mip_integral_gap_abs' deprecated, please use 'mip_opt_gap_abs'.
WARNING:  Option 'mip_integral_gap_rel' deprecated, please use 'mip_opt_gap_rel'.
WARNING:  Option 'mip_integral_gap_abs' deprecated, please use 'mip_opt_gap_abs'.
WARNING:  Option 'mip_integral_gap_rel' deprecated, please use 'mip_opt_gap_rel'.
WARNING:  Option 'mip_integral_gap_abs' deprecated, please use 'mip_opt_gap_abs'.
WARNING:  Option 'mip_integral_gap_rel' deprecated, please use 'mip_opt_gap_rel'.
WARNING:  Option 'mip_integral_gap_abs' deprecated, please use 'mip_opt_gap_abs'.
WARNING:  Option 'mip_integral_gap_rel' deprecated, please use 'mip_opt_gap_rel'.
WARNING:  Option 'mip_integral_gap_abs' deprecated, please use 'mip_opt_gap_abs'.
WARNING:  Option 'mip_integral_gap_rel' deprecated, please use 'mip_opt_gap_rel'.
WARNING:  Option 'mip_integral_gap_abs' deprecated, please use 'mip_opt_gap_abs'.
WARNING:  Option 'mip_integral_gap_rel' deprecated, please use 'mip_opt_gap_rel'.
WARNING:  Option 'mip_integral_gap_abs' deprecated, please use 'mip_opt_gap_abs'.
WARNING:  Option 'mip_integral_gap_rel' deprecated, please use 'mip_opt_gap_rel'.
WARNING:  Option 'mip_integral_gap_abs' deprecated, please use 'mip_opt_gap_abs'.
WARNING:  Option 'mip_integral_gap_rel' deprecated, please use 'mip_opt_gap_rel'.
WARNING:  Option 'mip_integral_gap_abs' deprecated, please use 'mip_opt_gap_abs'.
WARNING:  Option 'mip_integral_gap_rel' deprecated, please use 'mip_opt_gap_rel'.
WARNING:  Option 'mip_integral_gap_abs' deprecated, please use 'mip_opt_gap_abs'.
WARNING:  Option 'mip_integral_gap_rel' deprecated, please use 'mip_opt_gap_rel'.
WARNING:  Option 'mip_integral_gap_abs' deprecated, please use 'mip_opt_gap_abs'.
WARNING:  Option 'mip_integral_gap_rel' deprecated, please use 'mip_opt_gap_rel'.
WARNING:  Option 'mip_integral_gap_abs' deprecated, please use 'mip_opt_gap_abs'.
WARNING:  Option 'mip_integral_gap_rel' deprecated, please use 'mip_opt_gap_rel'.
WARNING:  Option 'mip_integral_gap_abs' deprecated, please use 'mip_opt_gap_abs'.
WARNING:  Option 'mip_integral_gap_rel' deprecated, please use 'mip_opt_gap_rel'.
WARNING:  Option 'mip_integral_gap_abs' deprecated, please use 'mip_opt_gap_abs'.
WARNING:  Option 'mip_integral_gap_rel' deprecated, please use 'mip_opt_gap_rel'.
WARNING:  Option 'mip_integral_gap_abs' deprecated, please use 'mip_opt_gap_abs'.
WARNING:  Option 'mip_integral_gap_rel' deprecated, please use 'mip_opt_gap_rel'.
WARNING:  Option 'mip_integral_gap_abs' deprecated, please use 'mip_opt_gap_abs'.
WARNING:  Option 'mip_integral_gap_rel' deprecated, please use 'mip_opt_gap_rel'.
WARNING:  Option 'mip_integral_gap_abs' deprecated, please use 'mip_opt_gap_abs'.
WARNING:  Option 'mip_integral_gap_rel' deprecated, please use 'mip_opt_gap_rel'.
WARNING:  Option 'mip_integral_gap_abs' deprecated, please use 'mip_opt_gap_abs'.
WARNING:  Option 'mip_integral_gap_rel' deprecated, please use 'mip_opt_gap_rel'.
WARNING:  Option 'mip_integral_gap_abs' deprecated, please use 'mip_opt_gap_abs'.
WARNING:  Option 'mip_integral_gap_rel' deprecated, please use 'mip_opt_gap_rel'.
      27    8.942371e-01   3.284e-03   2.438e-03   3.072e-02        0
WARNING:  Option 'mip_integral_gap_abs' deprecated, please use 'mip_opt_gap_abs'.
WARNING:  Option 'mip_integral_gap_rel' deprecated, please use 'mip_opt_gap_rel'.
WARNING:  Option 'mip_integral_gap_abs' deprecated, please use 'mip_opt_gap_abs'.
WARNING:  Option 'mip_integral_gap_rel' deprecated, please use 'mip_opt_gap_rel'.
WARNING:  Option 'mip_integral_gap_abs' deprecated, please use 'mip_opt_gap_abs'.
WARNING:  Option 'mip_integral_gap_rel' deprecated, please use 'mip_opt_gap_rel'.
WARNING:  Option 'mip_integral_gap_abs' deprecated, please use 'mip_opt_gap_abs'.
WARNING:  Option 'mip_integral_gap_rel' deprecated, please use 'mip_opt_gap_rel'.
WARNING:  Option 'mip_integral_gap_abs' deprecated, please use 'mip_opt_gap_abs'.
WARNING:  Option 'mip_integral_gap_rel' deprecated, please use 'mip_opt_gap_rel'.
WARNING:  Option 'mip_integral_gap_abs' deprecated, please use 'mip_opt_gap_abs'.
WARNING:  Option 'mip_integral_gap_rel' deprecated, please use 'mip_opt_gap_rel'.
WARNING:  Option 'mip_integral_gap_abs' deprecated, please use 'mip_opt_gap_abs'.
WARNING:  Option 'mip_integral_gap_rel' deprecated, please use 'mip_opt_gap_rel'.
WARNING:  Option 'mip_integral_gap_abs' deprecated, please use 'mip_opt_gap_abs'.
WARNING:  Option 'mip_integral_gap_rel' deprecated, please use 'mip_opt_gap_rel'.
WARNING:  Option 'mip_integral_gap_abs' deprecated, please use 'mip_opt_gap_abs'.
WARNING:  Option 'mip_integral_gap_rel' deprecated, please use 'mip_opt_gap_rel'.
WARNING:  Option 'mip_integral_gap_abs' deprecated, please use 'mip_opt_gap_abs'.
WARNING:  Option 'mip_integral_gap_rel' deprecated, please use 'mip_opt_gap_rel'.
WARNING:  Option 'mip_integral_gap_abs' deprecated, please use 'mip_opt_gap_abs'.
WARNING:  Option 'mip_integral_gap_rel' deprecated, please use 'mip_opt_gap_rel'.
WARNING:  Option 'mip_integral_gap_abs' deprecated, please use 'mip_opt_gap_abs'.
WARNING:  Option 'mip_integral_gap_rel' deprecated, please use 'mip_opt_gap_rel'.
WARNING:  Option 'mip_integral_gap_abs' deprecated, please use 'mip_opt_gap_abs'.
WARNING:  Option 'mip_integral_gap_rel' deprecated, please use 'mip_opt_gap_rel'.
WARNING:  Option 'mip_integral_gap_abs' deprecated, please use 'mip_opt_gap_abs'.
WARNING:  Option 'mip_integral_gap_rel' deprecated, please use 'mip_opt_gap_rel'.
WARNING:  Option 'mip_integral_gap_abs' deprecated, please use 'mip_opt_gap_abs'.
WARNING:  Option 'mip_integral_gap_rel' deprecated, please use 'mip_opt_gap_rel'.
WARNING:  Option 'mip_integral_gap_abs' deprecated, please use 'mip_opt_gap_abs'.
WARNING:  Option 'mip_integral_gap_rel' deprecated, please use 'mip_opt_gap_rel'.
WARNING:  Option 'mip_integral_gap_abs' deprecated, please use 'mip_opt_gap_abs'.
WARNING:  Option 'mip_integral_gap_rel' deprecated, please use 'mip_opt_gap_rel'.
WARNING:  Option 'mip_integral_gap_abs' deprecated, please use 'mip_opt_gap_abs'.
WARNING:  Option 'mip_integral_gap_rel' deprecated, please use 'mip_opt_gap_rel'.
WARNING:  Option 'mip_integral_gap_abs' deprecated, please use 'mip_opt_gap_abs'.
WARNING:  Option 'mip_integral_gap_rel' deprecated, please use 'mip_opt_gap_rel'.
WARNING:  Option 'mip_integral_gap_abs' deprecated, please use 'mip_opt_gap_abs'.
WARNING:  Option 'mip_integral_gap_rel' deprecated, please use 'mip_opt_gap_rel'.
WARNING:  Option 'mip_integral_gap_abs' deprecated, please use 'mip_opt_gap_abs'.
WARNING:  Option 'mip_integral_gap_rel' deprecated, please use 'mip_opt_gap_rel'.
WARNING:  Option 'mip_integral_gap_abs' deprecated, please use 'mip_opt_gap_abs'.
WARNING:  Option 'mip_integral_gap_rel' deprecated, please use 'mip_opt_gap_rel'.
WARNING:  Option 'mip_integral_gap_abs' deprecated, please use 'mip_opt_gap_abs'.
WARNING:  Option 'mip_integral_gap_rel' deprecated, please use 'mip_opt_gap_rel'.
WARNING:  Option 'mip_integral_gap_abs' deprecated, please use 'mip_opt_gap_abs'.
WARNING:  Option 'mip_integral_gap_rel' deprecated, please use 'mip_opt_gap_rel'.
WARNING:  Option 'mip_integral_gap_abs' deprecated, please use 'mip_opt_gap_abs'.
WARNING:  Option 'mip_integral_gap_rel' deprecated, please use 'mip_opt_gap_rel'.
WARNING:  Option 'mip_integral_gap_abs' deprecated, please use 'mip_opt_gap_abs'.
WARNING:  Option 'mip_integral_gap_rel' deprecated, please use 'mip_opt_gap_rel'.
WARNING:  Option 'mip_integral_gap_abs' deprecated, please use 'mip_opt_gap_abs'.
WARNING:  Option 'mip_integral_gap_rel' deprecated, please use 'mip_opt_gap_rel'.
WARNING:  Option 'mip_integral_gap_abs' deprecated, please use 'mip_opt_gap_abs'.
WARNING:  Option 'mip_integral_gap_rel' deprecated, please use 'mip_opt_gap_rel'.
WARNING:  Option 'mip_integral_gap_abs' deprecated, please use 'mip_opt_gap_abs'.
WARNING:  Option 'mip_integral_gap_rel' deprecated, please use 'mip_opt_gap_rel'.
WARNING:  Option 'mip_integral_gap_abs' deprecated, please use 'mip_opt_gap_abs'.
WARNING:  Option 'mip_integral_gap_rel' deprecated, please use 'mip_opt_gap_rel'.
WARNING:  Option 'mip_integral_gap_abs' deprecated, please use 'mip_opt_gap_abs'.
WARNING:  Option 'mip_integral_gap_rel' deprecated, please use 'mip_opt_gap_rel'.
WARNING:  Option 'mip_integral_gap_abs' deprecated, please use 'mip_opt_gap_abs'.
WARNING:  Option 'mip_integral_gap_rel' deprecated, please use 'mip_opt_gap_rel'.
WARNING:  Option 'mip_integral_gap_abs' deprecated, please use 'mip_opt_gap_abs'.
WARNING:  Option 'mip_integral_gap_rel' deprecated, please use 'mip_opt_gap_rel'.
      28    8.942155e-01   3.792e-03   1.788e-03   3.665e-02        0
WARNING:  Option 'mip_integral_gap_abs' deprecated, please use 'mip_opt_gap_abs'.
WARNING:  Option 'mip_integral_gap_rel' deprecated, please use 'mip_opt_gap_rel'.
WARNING:  Option 'mip_integral_gap_abs' deprecated, please use 'mip_opt_gap_abs'.
WARNING:  Option 'mip_integral_gap_rel' deprecated, please use 'mip_opt_gap_rel'.
WARNING:  Option 'mip_integral_gap_abs' deprecated, please use 'mip_opt_gap_abs'.
WARNING:  Option 'mip_integral_gap_rel' deprecated, please use 'mip_opt_gap_rel'.
WARNING:  Option 'mip_integral_gap_abs' deprecated, please use 'mip_opt_gap_abs'.
WARNING:  Option 'mip_integral_gap_rel' deprecated, please use 'mip_opt_gap_rel'.
WARNING:  Option 'mip_integral_gap_abs' deprecated, please use 'mip_opt_gap_abs'.
WARNING:  Option 'mip_integral_gap_rel' deprecated, please use 'mip_opt_gap_rel'.
WARNING:  Option 'mip_integral_gap_abs' deprecated, please use 'mip_opt_gap_abs'.
WARNING:  Option 'mip_integral_gap_rel' deprecated, please use 'mip_opt_gap_rel'.
WARNING:  Option 'mip_integral_gap_abs' deprecated, please use 'mip_opt_gap_abs'.
WARNING:  Option 'mip_integral_gap_rel' deprecated, please use 'mip_opt_gap_rel'.
WARNING:  Option 'mip_integral_gap_abs' deprecated, please use 'mip_opt_gap_abs'.
WARNING:  Option 'mip_integral_gap_rel' deprecated, please use 'mip_opt_gap_rel'.
WARNING:  Option 'mip_integral_gap_abs' deprecated, please use 'mip_opt_gap_abs'.
WARNING:  Option 'mip_integral_gap_rel' deprecated, please use 'mip_opt_gap_rel'.
WARNING:  Option 'mip_integral_gap_abs' deprecated, please use 'mip_opt_gap_abs'.
WARNING:  Option 'mip_integral_gap_rel' deprecated, please use 'mip_opt_gap_rel'.
WARNING:  Option 'mip_integral_gap_abs' deprecated, please use 'mip_opt_gap_abs'.
WARNING:  Option 'mip_integral_gap_rel' deprecated, please use 'mip_opt_gap_rel'.
WARNING:  Option 'mip_integral_gap_abs' deprecated, please use 'mip_opt_gap_abs'.
WARNING:  Option 'mip_integral_gap_rel' deprecated, please use 'mip_opt_gap_rel'.
WARNING:  Option 'mip_integral_gap_abs' deprecated, please use 'mip_opt_gap_abs'.
WARNING:  Option 'mip_integral_gap_rel' deprecated, please use 'mip_opt_gap_rel'.
WARNING:  Option 'mip_integral_gap_abs' deprecated, please use 'mip_opt_gap_abs'.
WARNING:  Option 'mip_integral_gap_rel' deprecated, please use 'mip_opt_gap_rel'.
WARNING:  Option 'mip_integral_gap_abs' deprecated, please use 'mip_opt_gap_abs'.
WARNING:  Option 'mip_integral_gap_rel' deprecated, please use 'mip_opt_gap_rel'.
WARNING:  Option 'mip_integral_gap_abs' deprecated, please use 'mip_opt_gap_abs'.
WARNING:  Option 'mip_integral_gap_rel' deprecated, please use 'mip_opt_gap_rel'.
WARNING:  Option 'mip_integral_gap_abs' deprecated, please use 'mip_opt_gap_abs'.
WARNING:  Option 'mip_integral_gap_rel' deprecated, please use 'mip_opt_gap_rel'.
WARNING:  Option 'mip_integral_gap_abs' deprecated, please use 'mip_opt_gap_abs'.
WARNING:  Option 'mip_integral_gap_rel' deprecated, please use 'mip_opt_gap_rel'.
WARNING:  Option 'mip_integral_gap_abs' deprecated, please use 'mip_opt_gap_abs'.
WARNING:  Option 'mip_integral_gap_rel' deprecated, please use 'mip_opt_gap_rel'.
WARNING:  Option 'mip_integral_gap_abs' deprecated, please use 'mip_opt_gap_abs'.
WARNING:  Option 'mip_integral_gap_rel' deprecated, please use 'mip_opt_gap_rel'.
WARNING:  Option 'mip_integral_gap_abs' deprecated, please use 'mip_opt_gap_abs'.
WARNING:  Option 'mip_integral_gap_rel' deprecated, please use 'mip_opt_gap_rel'.
WARNING:  Option 'mip_integral_gap_abs' deprecated, please use 'mip_opt_gap_abs'.
WARNING:  Option 'mip_integral_gap_rel' deprecated, please use 'mip_opt_gap_rel'.
WARNING:  Option 'mip_integral_gap_abs' deprecated, please use 'mip_opt_gap_abs'.
WARNING:  Option 'mip_integral_gap_rel' deprecated, please use 'mip_opt_gap_rel'.
WARNING:  Option 'mip_integral_gap_abs' deprecated, please use 'mip_opt_gap_abs'.
WARNING:  Option 'mip_integral_gap_rel' deprecated, please use 'mip_opt_gap_rel'.
WARNING:  Option 'mip_integral_gap_abs' deprecated, please use 'mip_opt_gap_abs'.
WARNING:  Option 'mip_integral_gap_rel' deprecated, please use 'mip_opt_gap_rel'.
WARNING:  Option 'mip_integral_gap_abs' deprecated, please use 'mip_opt_gap_abs'.
WARNING:  Option 'mip_integral_gap_rel' deprecated, please use 'mip_opt_gap_rel'.
WARNING:  Option 'mip_integral_gap_abs' deprecated, please use 'mip_opt_gap_abs'.
WARNING:  Option 'mip_integral_gap_rel' deprecated, please use 'mip_opt_gap_rel'.
WARNING:  Option 'mip_integral_gap_abs' deprecated, please use 'mip_opt_gap_abs'.
WARNING:  Option 'mip_integral_gap_rel' deprecated, please use 'mip_opt_gap_rel'.
WARNING:  Option 'mip_integral_gap_abs' deprecated, please use 'mip_opt_gap_abs'.
WARNING:  Option 'mip_integral_gap_rel' deprecated, please use 'mip_opt_gap_rel'.
WARNING:  Option 'mip_integral_gap_abs' deprecated, please use 'mip_opt_gap_abs'.
WARNING:  Option 'mip_integral_gap_rel' deprecated, please use 'mip_opt_gap_rel'.
WARNING:  Option 'mip_integral_gap_abs' deprecated, please use 'mip_opt_gap_abs'.
WARNING:  Option 'mip_integral_gap_rel' deprecated, please use 'mip_opt_gap_rel'.
WARNING:  Option 'mip_integral_gap_abs' deprecated, please use 'mip_opt_gap_abs'.
WARNING:  Option 'mip_integral_gap_rel' deprecated, please use 'mip_opt_gap_rel'.
WARNING:  Option 'mip_integral_gap_abs' deprecated, please use 'mip_opt_gap_abs'.
WARNING:  Option 'mip_integral_gap_rel' deprecated, please use 'mip_opt_gap_rel'.
      29    8.941962e-01   3.691e-03   1.196e-03   7.576e-02        0
WARNING:  Option 'mip_integral_gap_abs' deprecated, please use 'mip_opt_gap_abs'.
WARNING:  Option 'mip_integral_gap_rel' deprecated, please use 'mip_opt_gap_rel'.
WARNING:  Option 'mip_integral_gap_abs' deprecated, please use 'mip_opt_gap_abs'.
WARNING:  Option 'mip_integral_gap_rel' deprecated, please use 'mip_opt_gap_rel'.
WARNING:  Option 'mip_integral_gap_abs' deprecated, please use 'mip_opt_gap_abs'.
WARNING:  Option 'mip_integral_gap_rel' deprecated, please use 'mip_opt_gap_rel'.
WARNING:  Option 'mip_integral_gap_abs' deprecated, please use 'mip_opt_gap_abs'.
WARNING:  Option 'mip_integral_gap_rel' deprecated, please use 'mip_opt_gap_rel'.
WARNING:  Option 'mip_integral_gap_abs' deprecated, please use 'mip_opt_gap_abs'.
WARNING:  Option 'mip_integral_gap_rel' deprecated, please use 'mip_opt_gap_rel'.
WARNING:  Option 'mip_integral_gap_abs' deprecated, please use 'mip_opt_gap_abs'.
WARNING:  Option 'mip_integral_gap_rel' deprecated, please use 'mip_opt_gap_rel'.
WARNING:  Option 'mip_integral_gap_abs' deprecated, please use 'mip_opt_gap_abs'.
WARNING:  Option 'mip_integral_gap_rel' deprecated, please use 'mip_opt_gap_rel'.
WARNING:  Option 'mip_integral_gap_abs' deprecated, please use 'mip_opt_gap_abs'.
WARNING:  Option 'mip_integral_gap_rel' deprecated, please use 'mip_opt_gap_rel'.
WARNING:  Option 'mip_integral_gap_abs' deprecated, please use 'mip_opt_gap_abs'.
WARNING:  Option 'mip_integral_gap_rel' deprecated, please use 'mip_opt_gap_rel'.
WARNING:  Option 'mip_integral_gap_abs' deprecated, please use 'mip_opt_gap_abs'.
WARNING:  Option 'mip_integral_gap_rel' deprecated, please use 'mip_opt_gap_rel'.
WARNING:  Option 'mip_integral_gap_abs' deprecated, please use 'mip_opt_gap_abs'.
WARNING:  Option 'mip_integral_gap_rel' deprecated, please use 'mip_opt_gap_rel'.
WARNING:  Option 'mip_integral_gap_abs' deprecated, please use 'mip_opt_gap_abs'.
WARNING:  Option 'mip_integral_gap_rel' deprecated, please use 'mip_opt_gap_rel'.
WARNING:  Option 'mip_integral_gap_abs' deprecated, please use 'mip_opt_gap_abs'.
WARNING:  Option 'mip_integral_gap_rel' deprecated, please use 'mip_opt_gap_rel'.
WARNING:  Option 'mip_integral_gap_abs' deprecated, please use 'mip_opt_gap_abs'.
WARNING:  Option 'mip_integral_gap_rel' deprecated, please use 'mip_opt_gap_rel'.
WARNING:  Option 'mip_integral_gap_abs' deprecated, please use 'mip_opt_gap_abs'.
WARNING:  Option 'mip_integral_gap_rel' deprecated, please use 'mip_opt_gap_rel'.
WARNING:  Option 'mip_integral_gap_abs' deprecated, please use 'mip_opt_gap_abs'.
WARNING:  Option 'mip_integral_gap_rel' deprecated, please use 'mip_opt_gap_rel'.
WARNING:  Option 'mip_integral_gap_abs' deprecated, please use 'mip_opt_gap_abs'.
WARNING:  Option 'mip_integral_gap_rel' deprecated, please use 'mip_opt_gap_rel'.
WARNING:  Option 'mip_integral_gap_abs' deprecated, please use 'mip_opt_gap_abs'.
WARNING:  Option 'mip_integral_gap_rel' deprecated, please use 'mip_opt_gap_rel'.
WARNING:  Option 'mip_integral_gap_abs' deprecated, please use 'mip_opt_gap_abs'.
WARNING:  Option 'mip_integral_gap_rel' deprecated, please use 'mip_opt_gap_rel'.
WARNING:  Option 'mip_integral_gap_abs' deprecated, please use 'mip_opt_gap_abs'.
WARNING:  Option 'mip_integral_gap_rel' deprecated, please use 'mip_opt_gap_rel'.
WARNING:  Option 'mip_integral_gap_abs' deprecated, please use 'mip_opt_gap_abs'.
WARNING:  Option 'mip_integral_gap_rel' deprecated, please use 'mip_opt_gap_rel'.
WARNING:  Option 'mip_integral_gap_abs' deprecated, please use 'mip_opt_gap_abs'.
WARNING:  Option 'mip_integral_gap_rel' deprecated, please use 'mip_opt_gap_rel'.
WARNING:  Option 'mip_integral_gap_abs' deprecated, please use 'mip_opt_gap_abs'.
WARNING:  Option 'mip_integral_gap_rel' deprecated, please use 'mip_opt_gap_rel'.
WARNING:  Option 'mip_integral_gap_abs' deprecated, please use 'mip_opt_gap_abs'.
WARNING:  Option 'mip_integral_gap_rel' deprecated, please use 'mip_opt_gap_rel'.
WARNING:  Option 'mip_integral_gap_abs' deprecated, please use 'mip_opt_gap_abs'.
WARNING:  Option 'mip_integral_gap_rel' deprecated, please use 'mip_opt_gap_rel'.
WARNING:  Option 'mip_integral_gap_abs' deprecated, please use 'mip_opt_gap_abs'.
WARNING:  Option 'mip_integral_gap_rel' deprecated, please use 'mip_opt_gap_rel'.
WARNING:  Option 'mip_integral_gap_abs' deprecated, please use 'mip_opt_gap_abs'.
WARNING:  Option 'mip_integral_gap_rel' deprecated, please use 'mip_opt_gap_rel'.
WARNING:  Option 'mip_integral_gap_abs' deprecated, please use 'mip_opt_gap_abs'.
WARNING:  Option 'mip_integral_gap_rel' deprecated, please use 'mip_opt_gap_rel'.
WARNING:  Option 'mip_integral_gap_abs' deprecated, please use 'mip_opt_gap_abs'.
WARNING:  Option 'mip_integral_gap_rel' deprecated, please use 'mip_opt_gap_rel'.
WARNING:  Option 'mip_integral_gap_abs' deprecated, please use 'mip_opt_gap_abs'.
WARNING:  Option 'mip_integral_gap_rel' deprecated, please use 'mip_opt_gap_rel'.
WARNING:  Option 'mip_integral_gap_abs' deprecated, please use 'mip_opt_gap_abs'.
WARNING:  Option 'mip_integral_gap_rel' deprecated, please use 'mip_opt_gap_rel'.
WARNING:  Option 'mip_integral_gap_abs' deprecated, please use 'mip_opt_gap_abs'.
WARNING:  Option 'mip_integral_gap_rel' deprecated, please use 'mip_opt_gap_rel'.
WARNING:  Option 'mip_integral_gap_abs' deprecated, please use 'mip_opt_gap_abs'.
WARNING:  Option 'mip_integral_gap_rel' deprecated, please use 'mip_opt_gap_rel'.
      30    8.941938e-01   3.054e-03   8.243e-04   3.714e-02        0
WARNING:  Option 'mip_integral_gap_abs' deprecated, please use 'mip_opt_gap_abs'.
WARNING:  Option 'mip_integral_gap_rel' deprecated, please use 'mip_opt_gap_rel'.
WARNING:  Option 'mip_integral_gap_abs' deprecated, please use 'mip_opt_gap_abs'.
WARNING:  Option 'mip_integral_gap_rel' deprecated, please use 'mip_opt_gap_rel'.
WARNING:  Option 'mip_integral_gap_abs' deprecated, please use 'mip_opt_gap_abs'.
WARNING:  Option 'mip_integral_gap_rel' deprecated, please use 'mip_opt_gap_rel'.
WARNING:  Option 'mip_integral_gap_abs' deprecated, please use 'mip_opt_gap_abs'.
WARNING:  Option 'mip_integral_gap_rel' deprecated, please use 'mip_opt_gap_rel'.
WARNING:  Option 'mip_integral_gap_abs' deprecated, please use 'mip_opt_gap_abs'.
WARNING:  Option 'mip_integral_gap_rel' deprecated, please use 'mip_opt_gap_rel'.
WARNING:  Option 'mip_integral_gap_abs' deprecated, please use 'mip_opt_gap_abs'.
WARNING:  Option 'mip_integral_gap_rel' deprecated, please use 'mip_opt_gap_rel'.
WARNING:  Option 'mip_integral_gap_abs' deprecated, please use 'mip_opt_gap_abs'.
WARNING:  Option 'mip_integral_gap_rel' deprecated, please use 'mip_opt_gap_rel'.
WARNING:  Option 'mip_integral_gap_abs' deprecated, please use 'mip_opt_gap_abs'.
WARNING:  Option 'mip_integral_gap_rel' deprecated, please use 'mip_opt_gap_rel'.
WARNING:  Option 'mip_integral_gap_abs' deprecated, please use 'mip_opt_gap_abs'.
WARNING:  Option 'mip_integral_gap_rel' deprecated, please use 'mip_opt_gap_rel'.
WARNING:  Option 'mip_integral_gap_abs' deprecated, please use 'mip_opt_gap_abs'.
WARNING:  Option 'mip_integral_gap_rel' deprecated, please use 'mip_opt_gap_rel'.
WARNING:  Option 'mip_integral_gap_abs' deprecated, please use 'mip_opt_gap_abs'.
WARNING:  Option 'mip_integral_gap_rel' deprecated, please use 'mip_opt_gap_rel'.
WARNING:  Option 'mip_integral_gap_abs' deprecated, please use 'mip_opt_gap_abs'.
WARNING:  Option 'mip_integral_gap_rel' deprecated, please use 'mip_opt_gap_rel'.
WARNING:  Option 'mip_integral_gap_abs' deprecated, please use 'mip_opt_gap_abs'.
WARNING:  Option 'mip_integral_gap_rel' deprecated, please use 'mip_opt_gap_rel'.
WARNING:  Option 'mip_integral_gap_abs' deprecated, please use 'mip_opt_gap_abs'.
WARNING:  Option 'mip_integral_gap_rel' deprecated, please use 'mip_opt_gap_rel'.
WARNING:  Option 'mip_integral_gap_abs' deprecated, please use 'mip_opt_gap_abs'.
WARNING:  Option 'mip_integral_gap_rel' deprecated, please use 'mip_opt_gap_rel'.
WARNING:  Option 'mip_integral_gap_abs' deprecated, please use 'mip_opt_gap_abs'.
WARNING:  Option 'mip_integral_gap_rel' deprecated, please use 'mip_opt_gap_rel'.
WARNING:  Option 'mip_integral_gap_abs' deprecated, please use 'mip_opt_gap_abs'.
WARNING:  Option 'mip_integral_gap_rel' deprecated, please use 'mip_opt_gap_rel'.
WARNING:  Option 'mip_integral_gap_abs' deprecated, please use 'mip_opt_gap_abs'.
WARNING:  Option 'mip_integral_gap_rel' deprecated, please use 'mip_opt_gap_rel'.
WARNING:  Option 'mip_integral_gap_abs' deprecated, please use 'mip_opt_gap_abs'.
WARNING:  Option 'mip_integral_gap_rel' deprecated, please use 'mip_opt_gap_rel'.
WARNING:  Option 'mip_integral_gap_abs' deprecated, please use 'mip_opt_gap_abs'.
WARNING:  Option 'mip_integral_gap_rel' deprecated, please use 'mip_opt_gap_rel'.
WARNING:  Option 'mip_integral_gap_abs' deprecated, please use 'mip_opt_gap_abs'.
WARNING:  Option 'mip_integral_gap_rel' deprecated, please use 'mip_opt_gap_rel'.
WARNING:  Option 'mip_integral_gap_abs' deprecated, please use 'mip_opt_gap_abs'.
WARNING:  Option 'mip_integral_gap_rel' deprecated, please use 'mip_opt_gap_rel'.
WARNING:  Option 'mip_integral_gap_abs' deprecated, please use 'mip_opt_gap_abs'.
WARNING:  Option 'mip_integral_gap_rel' deprecated, please use 'mip_opt_gap_rel'.
WARNING:  Option 'mip_integral_gap_abs' deprecated, please use 'mip_opt_gap_abs'.
WARNING:  Option 'mip_integral_gap_rel' deprecated, please use 'mip_opt_gap_rel'.
WARNING:  Option 'mip_integral_gap_abs' deprecated, please use 'mip_opt_gap_abs'.
WARNING:  Option 'mip_integral_gap_rel' deprecated, please use 'mip_opt_gap_rel'.
WARNING:  Option 'mip_integral_gap_abs' deprecated, please use 'mip_opt_gap_abs'.
WARNING:  Option 'mip_integral_gap_rel' deprecated, please use 'mip_opt_gap_rel'.
WARNING:  Option 'mip_integral_gap_abs' deprecated, please use 'mip_opt_gap_abs'.
WARNING:  Option 'mip_integral_gap_rel' deprecated, please use 'mip_opt_gap_rel'.
WARNING:  Option 'mip_integral_gap_abs' deprecated, please use 'mip_opt_gap_abs'.
WARNING:  Option 'mip_integral_gap_rel' deprecated, please use 'mip_opt_gap_rel'.
WARNING:  Option 'mip_integral_gap_abs' deprecated, please use 'mip_opt_gap_abs'.
WARNING:  Option 'mip_integral_gap_rel' deprecated, please use 'mip_opt_gap_rel'.
WARNING:  Option 'mip_integral_gap_abs' deprecated, please use 'mip_opt_gap_abs'.
WARNING:  Option 'mip_integral_gap_rel' deprecated, please use 'mip_opt_gap_rel'.
WARNING:  Option 'mip_integral_gap_abs' deprecated, please use 'mip_opt_gap_abs'.
WARNING:  Option 'mip_integral_gap_rel' deprecated, please use 'mip_opt_gap_rel'.
WARNING:  Option 'mip_integral_gap_abs' deprecated, please use 'mip_opt_gap_abs'.
WARNING:  Option 'mip_integral_gap_rel' deprecated, please use 'mip_opt_gap_rel'.
WARNING:  Option 'mip_integral_gap_abs' deprecated, please use 'mip_opt_gap_abs'.
WARNING:  Option 'mip_integral_gap_rel' deprecated, please use 'mip_opt_gap_rel'.
      31    8.941930e-01   0.000e+00   7.100e-03   9.889e-02        0
WARNING:  Option 'mip_integral_gap_abs' deprecated, please use 'mip_opt_gap_abs'.
WARNING:  Option 'mip_integral_gap_rel' deprecated, please use 'mip_opt_gap_rel'.
WARNING:  Option 'mip_integral_gap_abs' deprecated, please use 'mip_opt_gap_abs'.
WARNING:  Option 'mip_integral_gap_rel' deprecated, please use 'mip_opt_gap_rel'.
WARNING:  Option 'mip_integral_gap_abs' deprecated, please use 'mip_opt_gap_abs'.
WARNING:  Option 'mip_integral_gap_rel' deprecated, please use 'mip_opt_gap_rel'.
WARNING:  Option 'mip_integral_gap_abs' deprecated, please use 'mip_opt_gap_abs'.
WARNING:  Option 'mip_integral_gap_rel' deprecated, please use 'mip_opt_gap_rel'.
WARNING:  Option 'mip_integral_gap_abs' deprecated, please use 'mip_opt_gap_abs'.
WARNING:  Option 'mip_integral_gap_rel' deprecated, please use 'mip_opt_gap_rel'.
WARNING:  Option 'mip_integral_gap_abs' deprecated, please use 'mip_opt_gap_abs'.
WARNING:  Option 'mip_integral_gap_rel' deprecated, please use 'mip_opt_gap_rel'.
WARNING:  Option 'mip_integral_gap_abs' deprecated, please use 'mip_opt_gap_abs'.
WARNING:  Option 'mip_integral_gap_rel' deprecated, please use 'mip_opt_gap_rel'.
WARNING:  Option 'mip_integral_gap_abs' deprecated, please use 'mip_opt_gap_abs'.
WARNING:  Option 'mip_integral_gap_rel' deprecated, please use 'mip_opt_gap_rel'.
WARNING:  Option 'mip_integral_gap_abs' deprecated, please use 'mip_opt_gap_abs'.
WARNING:  Option 'mip_integral_gap_rel' deprecated, please use 'mip_opt_gap_rel'.
WARNING:  Option 'mip_integral_gap_abs' deprecated, please use 'mip_opt_gap_abs'.
WARNING:  Option 'mip_integral_gap_rel' deprecated, please use 'mip_opt_gap_rel'.
WARNING:  Option 'mip_integral_gap_abs' deprecated, please use 'mip_opt_gap_abs'.
WARNING:  Option 'mip_integral_gap_rel' deprecated, please use 'mip_opt_gap_rel'.
WARNING:  Option 'mip_integral_gap_abs' deprecated, please use 'mip_opt_gap_abs'.
WARNING:  Option 'mip_integral_gap_rel' deprecated, please use 'mip_opt_gap_rel'.
WARNING:  Option 'mip_integral_gap_abs' deprecated, please use 'mip_opt_gap_abs'.
WARNING:  Option 'mip_integral_gap_rel' deprecated, please use 'mip_opt_gap_rel'.
WARNING:  Option 'mip_integral_gap_abs' deprecated, please use 'mip_opt_gap_abs'.
WARNING:  Option 'mip_integral_gap_rel' deprecated, please use 'mip_opt_gap_rel'.
WARNING:  Option 'mip_integral_gap_abs' deprecated, please use 'mip_opt_gap_abs'.
WARNING:  Option 'mip_integral_gap_rel' deprecated, please use 'mip_opt_gap_rel'.
WARNING:  Option 'mip_integral_gap_abs' deprecated, please use 'mip_opt_gap_abs'.
WARNING:  Option 'mip_integral_gap_rel' deprecated, please use 'mip_opt_gap_rel'.
WARNING:  Option 'mip_integral_gap_abs' deprecated, please use 'mip_opt_gap_abs'.
WARNING:  Option 'mip_integral_gap_rel' deprecated, please use 'mip_opt_gap_rel'.
WARNING:  Option 'mip_integral_gap_abs' deprecated, please use 'mip_opt_gap_abs'.
WARNING:  Option 'mip_integral_gap_rel' deprecated, please use 'mip_opt_gap_rel'.
WARNING:  Option 'mip_integral_gap_abs' deprecated, please use 'mip_opt_gap_abs'.
WARNING:  Option 'mip_integral_gap_rel' deprecated, please use 'mip_opt_gap_rel'.
WARNING:  Option 'mip_integral_gap_abs' deprecated, please use 'mip_opt_gap_abs'.
WARNING:  Option 'mip_integral_gap_rel' deprecated, please use 'mip_opt_gap_rel'.
WARNING:  Option 'mip_integral_gap_abs' deprecated, please use 'mip_opt_gap_abs'.
WARNING:  Option 'mip_integral_gap_rel' deprecated, please use 'mip_opt_gap_rel'.
WARNING:  Option 'mip_integral_gap_abs' deprecated, please use 'mip_opt_gap_abs'.
WARNING:  Option 'mip_integral_gap_rel' deprecated, please use 'mip_opt_gap_rel'.
WARNING:  Option 'mip_integral_gap_abs' deprecated, please use 'mip_opt_gap_abs'.
WARNING:  Option 'mip_integral_gap_rel' deprecated, please use 'mip_opt_gap_rel'.
WARNING:  Option 'mip_integral_gap_abs' deprecated, please use 'mip_opt_gap_abs'.
WARNING:  Option 'mip_integral_gap_rel' deprecated, please use 'mip_opt_gap_rel'.
WARNING:  Option 'mip_integral_gap_abs' deprecated, please use 'mip_opt_gap_abs'.
WARNING:  Option 'mip_integral_gap_rel' deprecated, please use 'mip_opt_gap_rel'.
WARNING:  Option 'mip_integral_gap_abs' deprecated, please use 'mip_opt_gap_abs'.
WARNING:  Option 'mip_integral_gap_rel' deprecated, please use 'mip_opt_gap_rel'.
WARNING:  Option 'mip_integral_gap_abs' deprecated, please use 'mip_opt_gap_abs'.
WARNING:  Option 'mip_integral_gap_rel' deprecated, please use 'mip_opt_gap_rel'.
WARNING:  Option 'mip_integral_gap_abs' deprecated, please use 'mip_opt_gap_abs'.
WARNING:  Option 'mip_integral_gap_rel' deprecated, please use 'mip_opt_gap_rel'.
WARNING:  Option 'mip_integral_gap_abs' deprecated, please use 'mip_opt_gap_abs'.
WARNING:  Option 'mip_integral_gap_rel' deprecated, please use 'mip_opt_gap_rel'.
WARNING:  Option 'mip_integral_gap_abs' deprecated, please use 'mip_opt_gap_abs'.
WARNING:  Option 'mip_integral_gap_rel' deprecated, please use 'mip_opt_gap_rel'.
WARNING:  Option 'mip_integral_gap_abs' deprecated, please use 'mip_opt_gap_abs'.
WARNING:  Option 'mip_integral_gap_rel' deprecated, please use 'mip_opt_gap_rel'.
WARNING:  Option 'mip_integral_gap_abs' deprecated, please use 'mip_opt_gap_abs'.
WARNING:  Option 'mip_integral_gap_rel' deprecated, please use 'mip_opt_gap_rel'.
WARNING:  Option 'mip_integral_gap_abs' deprecated, please use 'mip_opt_gap_abs'.
WARNING:  Option 'mip_integral_gap_rel' deprecated, please use 'mip_opt_gap_rel'.
      32    8.940160e-01   0.000e+00   2.404e-03   4.271e-02        0
WARNING:  Option 'mip_integral_gap_abs' deprecated, please use 'mip_opt_gap_abs'.
WARNING:  Option 'mip_integral_gap_rel' deprecated, please use 'mip_opt_gap_rel'.
WARNING:  Option 'mip_integral_gap_abs' deprecated, please use 'mip_opt_gap_abs'.
WARNING:  Option 'mip_integral_gap_rel' deprecated, please use 'mip_opt_gap_rel'.
WARNING:  Option 'mip_integral_gap_abs' deprecated, please use 'mip_opt_gap_abs'.
WARNING:  Option 'mip_integral_gap_rel' deprecated, please use 'mip_opt_gap_rel'.
WARNING:  Option 'mip_integral_gap_abs' deprecated, please use 'mip_opt_gap_abs'.
WARNING:  Option 'mip_integral_gap_rel' deprecated, please use 'mip_opt_gap_rel'.
WARNING:  Option 'mip_integral_gap_abs' deprecated, please use 'mip_opt_gap_abs'.
WARNING:  Option 'mip_integral_gap_rel' deprecated, please use 'mip_opt_gap_rel'.
WARNING:  Option 'mip_integral_gap_abs' deprecated, please use 'mip_opt_gap_abs'.
WARNING:  Option 'mip_integral_gap_rel' deprecated, please use 'mip_opt_gap_rel'.
WARNING:  Option 'mip_integral_gap_abs' deprecated, please use 'mip_opt_gap_abs'.
WARNING:  Option 'mip_integral_gap_rel' deprecated, please use 'mip_opt_gap_rel'.
WARNING:  Option 'mip_integral_gap_abs' deprecated, please use 'mip_opt_gap_abs'.
WARNING:  Option 'mip_integral_gap_rel' deprecated, please use 'mip_opt_gap_rel'.
WARNING:  Option 'mip_integral_gap_abs' deprecated, please use 'mip_opt_gap_abs'.
WARNING:  Option 'mip_integral_gap_rel' deprecated, please use 'mip_opt_gap_rel'.
WARNING:  Option 'mip_integral_gap_abs' deprecated, please use 'mip_opt_gap_abs'.
WARNING:  Option 'mip_integral_gap_rel' deprecated, please use 'mip_opt_gap_rel'.
WARNING:  Option 'mip_integral_gap_abs' deprecated, please use 'mip_opt_gap_abs'.
WARNING:  Option 'mip_integral_gap_rel' deprecated, please use 'mip_opt_gap_rel'.
WARNING:  Option 'mip_integral_gap_abs' deprecated, please use 'mip_opt_gap_abs'.
WARNING:  Option 'mip_integral_gap_rel' deprecated, please use 'mip_opt_gap_rel'.
WARNING:  Option 'mip_integral_gap_abs' deprecated, please use 'mip_opt_gap_abs'.
WARNING:  Option 'mip_integral_gap_rel' deprecated, please use 'mip_opt_gap_rel'.
WARNING:  Option 'mip_integral_gap_abs' deprecated, please use 'mip_opt_gap_abs'.
WARNING:  Option 'mip_integral_gap_rel' deprecated, please use 'mip_opt_gap_rel'.
WARNING:  Option 'mip_integral_gap_abs' deprecated, please use 'mip_opt_gap_abs'.
WARNING:  Option 'mip_integral_gap_rel' deprecated, please use 'mip_opt_gap_rel'.
WARNING:  Option 'mip_integral_gap_abs' deprecated, please use 'mip_opt_gap_abs'.
WARNING:  Option 'mip_integral_gap_rel' deprecated, please use 'mip_opt_gap_rel'.
WARNING:  Option 'mip_integral_gap_abs' deprecated, please use 'mip_opt_gap_abs'.
WARNING:  Option 'mip_integral_gap_rel' deprecated, please use 'mip_opt_gap_rel'.
WARNING:  Option 'mip_integral_gap_abs' deprecated, please use 'mip_opt_gap_abs'.
WARNING:  Option 'mip_integral_gap_rel' deprecated, please use 'mip_opt_gap_rel'.
WARNING:  Option 'mip_integral_gap_abs' deprecated, please use 'mip_opt_gap_abs'.
WARNING:  Option 'mip_integral_gap_rel' deprecated, please use 'mip_opt_gap_rel'.
WARNING:  Option 'mip_integral_gap_abs' deprecated, please use 'mip_opt_gap_abs'.
WARNING:  Option 'mip_integral_gap_rel' deprecated, please use 'mip_opt_gap_rel'.
WARNING:  Option 'mip_integral_gap_abs' deprecated, please use 'mip_opt_gap_abs'.
WARNING:  Option 'mip_integral_gap_rel' deprecated, please use 'mip_opt_gap_rel'.
WARNING:  Option 'mip_integral_gap_abs' deprecated, please use 'mip_opt_gap_abs'.
WARNING:  Option 'mip_integral_gap_rel' deprecated, please use 'mip_opt_gap_rel'.
WARNING:  Option 'mip_integral_gap_abs' deprecated, please use 'mip_opt_gap_abs'.
WARNING:  Option 'mip_integral_gap_rel' deprecated, please use 'mip_opt_gap_rel'.
WARNING:  Option 'mip_integral_gap_abs' deprecated, please use 'mip_opt_gap_abs'.
WARNING:  Option 'mip_integral_gap_rel' deprecated, please use 'mip_opt_gap_rel'.
WARNING:  Option 'mip_integral_gap_abs' deprecated, please use 'mip_opt_gap_abs'.
WARNING:  Option 'mip_integral_gap_rel' deprecated, please use 'mip_opt_gap_rel'.
WARNING:  Option 'mip_integral_gap_abs' deprecated, please use 'mip_opt_gap_abs'.
WARNING:  Option 'mip_integral_gap_rel' deprecated, please use 'mip_opt_gap_rel'.
WARNING:  Option 'mip_integral_gap_abs' deprecated, please use 'mip_opt_gap_abs'.
WARNING:  Option 'mip_integral_gap_rel' deprecated, please use 'mip_opt_gap_rel'.
WARNING:  Option 'mip_integral_gap_abs' deprecated, please use 'mip_opt_gap_abs'.
WARNING:  Option 'mip_integral_gap_rel' deprecated, please use 'mip_opt_gap_rel'.
WARNING:  Option 'mip_integral_gap_abs' deprecated, please use 'mip_opt_gap_abs'.
WARNING:  Option 'mip_integral_gap_rel' deprecated, please use 'mip_opt_gap_rel'.
WARNING:  Option 'mip_integral_gap_abs' deprecated, please use 'mip_opt_gap_abs'.
WARNING:  Option 'mip_integral_gap_rel' deprecated, please use 'mip_opt_gap_rel'.
WARNING:  Option 'mip_integral_gap_abs' deprecated, please use 'mip_opt_gap_abs'.
WARNING:  Option 'mip_integral_gap_rel' deprecated, please use 'mip_opt_gap_rel'.
WARNING:  Option 'mip_integral_gap_abs' deprecated, please use 'mip_opt_gap_abs'.
WARNING:  Option 'mip_integral_gap_rel' deprecated, please use 'mip_opt_gap_rel'.
WARNING:  Option 'mip_integral_gap_abs' deprecated, please use 'mip_opt_gap_abs'.
WARNING:  Option 'mip_integral_gap_rel' deprecated, please use 'mip_opt_gap_rel'.
WARNING:  Option 'mip_integral_gap_abs' deprecated, please use 'mip_opt_gap_abs'.
WARNING:  Option 'mip_integral_gap_rel' deprecated, please use 'mip_opt_gap_rel'.
WARNING:  Option 'mip_integral_gap_abs' deprecated, please use 'mip_opt_gap_abs'.
WARNING:  Option 'mip_integral_gap_rel' deprecated, please use 'mip_opt_gap_rel'.
WARNING:  Option 'mip_integral_gap_abs' deprecated, please use 'mip_opt_gap_abs'.
WARNING:  Option 'mip_integral_gap_rel' deprecated, please use 'mip_opt_gap_rel'.
WARNING:  Option 'mip_integral_gap_abs' deprecated, please use 'mip_opt_gap_abs'.
WARNING:  Option 'mip_integral_gap_rel' deprecated, please use 'mip_opt_gap_rel'.
      33    8.939320e-01   3.949e-04   1.219e-03   7.342e-02        0
WARNING:  Option 'mip_integral_gap_abs' deprecated, please use 'mip_opt_gap_abs'.
WARNING:  Option 'mip_integral_gap_rel' deprecated, please use 'mip_opt_gap_rel'.
WARNING:  Option 'mip_integral_gap_abs' deprecated, please use 'mip_opt_gap_abs'.
WARNING:  Option 'mip_integral_gap_rel' deprecated, please use 'mip_opt_gap_rel'.
WARNING:  Option 'mip_integral_gap_abs' deprecated, please use 'mip_opt_gap_abs'.
WARNING:  Option 'mip_integral_gap_rel' deprecated, please use 'mip_opt_gap_rel'.
WARNING:  Option 'mip_integral_gap_abs' deprecated, please use 'mip_opt_gap_abs'.
WARNING:  Option 'mip_integral_gap_rel' deprecated, please use 'mip_opt_gap_rel'.
WARNING:  Option 'mip_integral_gap_abs' deprecated, please use 'mip_opt_gap_abs'.
WARNING:  Option 'mip_integral_gap_rel' deprecated, please use 'mip_opt_gap_rel'.
WARNING:  Option 'mip_integral_gap_abs' deprecated, please use 'mip_opt_gap_abs'.
WARNING:  Option 'mip_integral_gap_rel' deprecated, please use 'mip_opt_gap_rel'.
WARNING:  Option 'mip_integral_gap_abs' deprecated, please use 'mip_opt_gap_abs'.
WARNING:  Option 'mip_integral_gap_rel' deprecated, please use 'mip_opt_gap_rel'.
WARNING:  Option 'mip_integral_gap_abs' deprecated, please use 'mip_opt_gap_abs'.
WARNING:  Option 'mip_integral_gap_rel' deprecated, please use 'mip_opt_gap_rel'.
WARNING:  Option 'mip_integral_gap_abs' deprecated, please use 'mip_opt_gap_abs'.
WARNING:  Option 'mip_integral_gap_rel' deprecated, please use 'mip_opt_gap_rel'.
WARNING:  Option 'mip_integral_gap_abs' deprecated, please use 'mip_opt_gap_abs'.
WARNING:  Option 'mip_integral_gap_rel' deprecated, please use 'mip_opt_gap_rel'.
WARNING:  Option 'mip_integral_gap_abs' deprecated, please use 'mip_opt_gap_abs'.
WARNING:  Option 'mip_integral_gap_rel' deprecated, please use 'mip_opt_gap_rel'.
WARNING:  Option 'mip_integral_gap_abs' deprecated, please use 'mip_opt_gap_abs'.
WARNING:  Option 'mip_integral_gap_rel' deprecated, please use 'mip_opt_gap_rel'.
WARNING:  Option 'mip_integral_gap_abs' deprecated, please use 'mip_opt_gap_abs'.
WARNING:  Option 'mip_integral_gap_rel' deprecated, please use 'mip_opt_gap_rel'.
WARNING:  Option 'mip_integral_gap_abs' deprecated, please use 'mip_opt_gap_abs'.
WARNING:  Option 'mip_integral_gap_rel' deprecated, please use 'mip_opt_gap_rel'.
WARNING:  Option 'mip_integral_gap_abs' deprecated, please use 'mip_opt_gap_abs'.
WARNING:  Option 'mip_integral_gap_rel' deprecated, please use 'mip_opt_gap_rel'.
WARNING:  Option 'mip_integral_gap_abs' deprecated, please use 'mip_opt_gap_abs'.
WARNING:  Option 'mip_integral_gap_rel' deprecated, please use 'mip_opt_gap_rel'.
WARNING:  Option 'mip_integral_gap_abs' deprecated, please use 'mip_opt_gap_abs'.
WARNING:  Option 'mip_integral_gap_rel' deprecated, please use 'mip_opt_gap_rel'.
WARNING:  Option 'mip_integral_gap_abs' deprecated, please use 'mip_opt_gap_abs'.
WARNING:  Option 'mip_integral_gap_rel' deprecated, please use 'mip_opt_gap_rel'.
WARNING:  Option 'mip_integral_gap_abs' deprecated, please use 'mip_opt_gap_abs'.
WARNING:  Option 'mip_integral_gap_rel' deprecated, please use 'mip_opt_gap_rel'.
WARNING:  Option 'mip_integral_gap_abs' deprecated, please use 'mip_opt_gap_abs'.
WARNING:  Option 'mip_integral_gap_rel' deprecated, please use 'mip_opt_gap_rel'.
WARNING:  Option 'mip_integral_gap_abs' deprecated, please use 'mip_opt_gap_abs'.
WARNING:  Option 'mip_integral_gap_rel' deprecated, please use 'mip_opt_gap_rel'.
WARNING:  Option 'mip_integral_gap_abs' deprecated, please use 'mip_opt_gap_abs'.
WARNING:  Option 'mip_integral_gap_rel' deprecated, please use 'mip_opt_gap_rel'.
WARNING:  Option 'mip_integral_gap_abs' deprecated, please use 'mip_opt_gap_abs'.
WARNING:  Option 'mip_integral_gap_rel' deprecated, please use 'mip_opt_gap_rel'.
WARNING:  Option 'mip_integral_gap_abs' deprecated, please use 'mip_opt_gap_abs'.
WARNING:  Option 'mip_integral_gap_rel' deprecated, please use 'mip_opt_gap_rel'.
WARNING:  Option 'mip_integral_gap_abs' deprecated, please use 'mip_opt_gap_abs'.
WARNING:  Option 'mip_integral_gap_rel' deprecated, please use 'mip_opt_gap_rel'.
WARNING:  Option 'mip_integral_gap_abs' deprecated, please use 'mip_opt_gap_abs'.
WARNING:  Option 'mip_integral_gap_rel' deprecated, please use 'mip_opt_gap_rel'.
WARNING:  Option 'mip_integral_gap_abs' deprecated, please use 'mip_opt_gap_abs'.
WARNING:  Option 'mip_integral_gap_rel' deprecated, please use 'mip_opt_gap_rel'.
WARNING:  Option 'mip_integral_gap_abs' deprecated, please use 'mip_opt_gap_abs'.
WARNING:  Option 'mip_integral_gap_rel' deprecated, please use 'mip_opt_gap_rel'.
WARNING:  Option 'mip_integral_gap_abs' deprecated, please use 'mip_opt_gap_abs'.
WARNING:  Option 'mip_integral_gap_rel' deprecated, please use 'mip_opt_gap_rel'.
WARNING:  Option 'mip_integral_gap_abs' deprecated, please use 'mip_opt_gap_abs'.
WARNING:  Option 'mip_integral_gap_rel' deprecated, please use 'mip_opt_gap_rel'.
WARNING:  Option 'mip_integral_gap_abs' deprecated, please use 'mip_opt_gap_abs'.
WARNING:  Option 'mip_integral_gap_rel' deprecated, please use 'mip_opt_gap_rel'.
WARNING:  Option 'mip_integral_gap_abs' deprecated, please use 'mip_opt_gap_abs'.
WARNING:  Option 'mip_integral_gap_rel' deprecated, please use 'mip_opt_gap_rel'.
WARNING:  Option 'mip_integral_gap_abs' deprecated, please use 'mip_opt_gap_abs'.
WARNING:  Option 'mip_integral_gap_rel' deprecated, please use 'mip_opt_gap_rel'.
      34    8.938808e-01   4.413e-03   2.130e-03   5.725e-02        0
WARNING:  Option 'mip_integral_gap_abs' deprecated, please use 'mip_opt_gap_abs'.
WARNING:  Option 'mip_integral_gap_rel' deprecated, please use 'mip_opt_gap_rel'.
WARNING:  Option 'mip_integral_gap_abs' deprecated, please use 'mip_opt_gap_abs'.
WARNING:  Option 'mip_integral_gap_rel' deprecated, please use 'mip_opt_gap_rel'.
WARNING:  Option 'mip_integral_gap_abs' deprecated, please use 'mip_opt_gap_abs'.
WARNING:  Option 'mip_integral_gap_rel' deprecated, please use 'mip_opt_gap_rel'.
WARNING:  Option 'mip_integral_gap_abs' deprecated, please use 'mip_opt_gap_abs'.
WARNING:  Option 'mip_integral_gap_rel' deprecated, please use 'mip_opt_gap_rel'.
WARNING:  Option 'mip_integral_gap_abs' deprecated, please use 'mip_opt_gap_abs'.
WARNING:  Option 'mip_integral_gap_rel' deprecated, please use 'mip_opt_gap_rel'.
WARNING:  Option 'mip_integral_gap_abs' deprecated, please use 'mip_opt_gap_abs'.
WARNING:  Option 'mip_integral_gap_rel' deprecated, please use 'mip_opt_gap_rel'.
WARNING:  Option 'mip_integral_gap_abs' deprecated, please use 'mip_opt_gap_abs'.
WARNING:  Option 'mip_integral_gap_rel' deprecated, please use 'mip_opt_gap_rel'.
WARNING:  Option 'mip_integral_gap_abs' deprecated, please use 'mip_opt_gap_abs'.
WARNING:  Option 'mip_integral_gap_rel' deprecated, please use 'mip_opt_gap_rel'.
WARNING:  Option 'mip_integral_gap_abs' deprecated, please use 'mip_opt_gap_abs'.
WARNING:  Option 'mip_integral_gap_rel' deprecated, please use 'mip_opt_gap_rel'.
WARNING:  Option 'mip_integral_gap_abs' deprecated, please use 'mip_opt_gap_abs'.
WARNING:  Option 'mip_integral_gap_rel' deprecated, please use 'mip_opt_gap_rel'.
WARNING:  Option 'mip_integral_gap_abs' deprecated, please use 'mip_opt_gap_abs'.
WARNING:  Option 'mip_integral_gap_rel' deprecated, please use 'mip_opt_gap_rel'.
WARNING:  Option 'mip_integral_gap_abs' deprecated, please use 'mip_opt_gap_abs'.
WARNING:  Option 'mip_integral_gap_rel' deprecated, please use 'mip_opt_gap_rel'.
WARNING:  Option 'mip_integral_gap_abs' deprecated, please use 'mip_opt_gap_abs'.
WARNING:  Option 'mip_integral_gap_rel' deprecated, please use 'mip_opt_gap_rel'.
WARNING:  Option 'mip_integral_gap_abs' deprecated, please use 'mip_opt_gap_abs'.
WARNING:  Option 'mip_integral_gap_rel' deprecated, please use 'mip_opt_gap_rel'.
WARNING:  Option 'mip_integral_gap_abs' deprecated, please use 'mip_opt_gap_abs'.
WARNING:  Option 'mip_integral_gap_rel' deprecated, please use 'mip_opt_gap_rel'.
WARNING:  Option 'mip_integral_gap_abs' deprecated, please use 'mip_opt_gap_abs'.
WARNING:  Option 'mip_integral_gap_rel' deprecated, please use 'mip_opt_gap_rel'.
WARNING:  Option 'mip_integral_gap_abs' deprecated, please use 'mip_opt_gap_abs'.
WARNING:  Option 'mip_integral_gap_rel' deprecated, please use 'mip_opt_gap_rel'.
WARNING:  Option 'mip_integral_gap_abs' deprecated, please use 'mip_opt_gap_abs'.
WARNING:  Option 'mip_integral_gap_rel' deprecated, please use 'mip_opt_gap_rel'.
WARNING:  Option 'mip_integral_gap_abs' deprecated, please use 'mip_opt_gap_abs'.
WARNING:  Option 'mip_integral_gap_rel' deprecated, please use 'mip_opt_gap_rel'.
WARNING:  Option 'mip_integral_gap_abs' deprecated, please use 'mip_opt_gap_abs'.
WARNING:  Option 'mip_integral_gap_rel' deprecated, please use 'mip_opt_gap_rel'.
WARNING:  Option 'mip_integral_gap_abs' deprecated, please use 'mip_opt_gap_abs'.
WARNING:  Option 'mip_integral_gap_rel' deprecated, please use 'mip_opt_gap_rel'.
WARNING:  Option 'mip_integral_gap_abs' deprecated, please use 'mip_opt_gap_abs'.
WARNING:  Option 'mip_integral_gap_rel' deprecated, please use 'mip_opt_gap_rel'.
WARNING:  Option 'mip_integral_gap_abs' deprecated, please use 'mip_opt_gap_abs'.
WARNING:  Option 'mip_integral_gap_rel' deprecated, please use 'mip_opt_gap_rel'.
WARNING:  Option 'mip_integral_gap_abs' deprecated, please use 'mip_opt_gap_abs'.
WARNING:  Option 'mip_integral_gap_rel' deprecated, please use 'mip_opt_gap_rel'.
WARNING:  Option 'mip_integral_gap_abs' deprecated, please use 'mip_opt_gap_abs'.
WARNING:  Option 'mip_integral_gap_rel' deprecated, please use 'mip_opt_gap_rel'.
WARNING:  Option 'mip_integral_gap_abs' deprecated, please use 'mip_opt_gap_abs'.
WARNING:  Option 'mip_integral_gap_rel' deprecated, please use 'mip_opt_gap_rel'.
WARNING:  Option 'mip_integral_gap_abs' deprecated, please use 'mip_opt_gap_abs'.
WARNING:  Option 'mip_integral_gap_rel' deprecated, please use 'mip_opt_gap_rel'.
WARNING:  Option 'mip_integral_gap_abs' deprecated, please use 'mip_opt_gap_abs'.
WARNING:  Option 'mip_integral_gap_rel' deprecated, please use 'mip_opt_gap_rel'.
WARNING:  Option 'mip_integral_gap_abs' deprecated, please use 'mip_opt_gap_abs'.
WARNING:  Option 'mip_integral_gap_rel' deprecated, please use 'mip_opt_gap_rel'.
WARNING:  Option 'mip_integral_gap_abs' deprecated, please use 'mip_opt_gap_abs'.
WARNING:  Option 'mip_integral_gap_rel' deprecated, please use 'mip_opt_gap_rel'.
WARNING:  Option 'mip_integral_gap_abs' deprecated, please use 'mip_opt_gap_abs'.
WARNING:  Option 'mip_integral_gap_rel' deprecated, please use 'mip_opt_gap_rel'.
WARNING:  Option 'mip_integral_gap_abs' deprecated, please use 'mip_opt_gap_abs'.
WARNING:  Option 'mip_integral_gap_rel' deprecated, please use 'mip_opt_gap_rel'.
WARNING:  Option 'mip_integral_gap_abs' deprecated, please use 'mip_opt_gap_abs'.
WARNING:  Option 'mip_integral_gap_rel' deprecated, please use 'mip_opt_gap_rel'.
WARNING:  Option 'mip_integral_gap_abs' deprecated, please use 'mip_opt_gap_abs'.
WARNING:  Option 'mip_integral_gap_rel' deprecated, please use 'mip_opt_gap_rel'.
WARNING:  Option 'mip_integral_gap_abs' deprecated, please use 'mip_opt_gap_abs'.
WARNING:  Option 'mip_integral_gap_rel' deprecated, please use 'mip_opt_gap_rel'.
WARNING:  Option 'mip_integral_gap_abs' deprecated, please use 'mip_opt_gap_abs'.
WARNING:  Option 'mip_integral_gap_rel' deprecated, please use 'mip_opt_gap_rel'.
      35    8.937345e-01   0.000e+00   1.157e-02   2.542e-01        0
WARNING:  Option 'mip_integral_gap_abs' deprecated, please use 'mip_opt_gap_abs'.
WARNING:  Option 'mip_integral_gap_rel' deprecated, please use 'mip_opt_gap_rel'.
WARNING:  Option 'mip_integral_gap_abs' deprecated, please use 'mip_opt_gap_abs'.
WARNING:  Option 'mip_integral_gap_rel' deprecated, please use 'mip_opt_gap_rel'.
WARNING:  Option 'mip_integral_gap_abs' deprecated, please use 'mip_opt_gap_abs'.
WARNING:  Option 'mip_integral_gap_rel' deprecated, please use 'mip_opt_gap_rel'.
WARNING:  Option 'mip_integral_gap_abs' deprecated, please use 'mip_opt_gap_abs'.
WARNING:  Option 'mip_integral_gap_rel' deprecated, please use 'mip_opt_gap_rel'.
WARNING:  Option 'mip_integral_gap_abs' deprecated, please use 'mip_opt_gap_abs'.
WARNING:  Option 'mip_integral_gap_rel' deprecated, please use 'mip_opt_gap_rel'.
WARNING:  Option 'mip_integral_gap_abs' deprecated, please use 'mip_opt_gap_abs'.
WARNING:  Option 'mip_integral_gap_rel' deprecated, please use 'mip_opt_gap_rel'.
WARNING:  Option 'mip_integral_gap_abs' deprecated, please use 'mip_opt_gap_abs'.
WARNING:  Option 'mip_integral_gap_rel' deprecated, please use 'mip_opt_gap_rel'.
WARNING:  Option 'mip_integral_gap_abs' deprecated, please use 'mip_opt_gap_abs'.
WARNING:  Option 'mip_integral_gap_rel' deprecated, please use 'mip_opt_gap_rel'.
WARNING:  Option 'mip_integral_gap_abs' deprecated, please use 'mip_opt_gap_abs'.
WARNING:  Option 'mip_integral_gap_rel' deprecated, please use 'mip_opt_gap_rel'.
WARNING:  Option 'mip_integral_gap_abs' deprecated, please use 'mip_opt_gap_abs'.
WARNING:  Option 'mip_integral_gap_rel' deprecated, please use 'mip_opt_gap_rel'.
WARNING:  Option 'mip_integral_gap_abs' deprecated, please use 'mip_opt_gap_abs'.
WARNING:  Option 'mip_integral_gap_rel' deprecated, please use 'mip_opt_gap_rel'.
WARNING:  Option 'mip_integral_gap_abs' deprecated, please use 'mip_opt_gap_abs'.
WARNING:  Option 'mip_integral_gap_rel' deprecated, please use 'mip_opt_gap_rel'.
WARNING:  Option 'mip_integral_gap_abs' deprecated, please use 'mip_opt_gap_abs'.
WARNING:  Option 'mip_integral_gap_rel' deprecated, please use 'mip_opt_gap_rel'.
WARNING:  Option 'mip_integral_gap_abs' deprecated, please use 'mip_opt_gap_abs'.
WARNING:  Option 'mip_integral_gap_rel' deprecated, please use 'mip_opt_gap_rel'.
WARNING:  Option 'mip_integral_gap_abs' deprecated, please use 'mip_opt_gap_abs'.
WARNING:  Option 'mip_integral_gap_rel' deprecated, please use 'mip_opt_gap_rel'.
WARNING:  Option 'mip_integral_gap_abs' deprecated, please use 'mip_opt_gap_abs'.
WARNING:  Option 'mip_integral_gap_rel' deprecated, please use 'mip_opt_gap_rel'.
WARNING:  Option 'mip_integral_gap_abs' deprecated, please use 'mip_opt_gap_abs'.
WARNING:  Option 'mip_integral_gap_rel' deprecated, please use 'mip_opt_gap_rel'.
WARNING:  Option 'mip_integral_gap_abs' deprecated, please use 'mip_opt_gap_abs'.
WARNING:  Option 'mip_integral_gap_rel' deprecated, please use 'mip_opt_gap_rel'.
WARNING:  Option 'mip_integral_gap_abs' deprecated, please use 'mip_opt_gap_abs'.
WARNING:  Option 'mip_integral_gap_rel' deprecated, please use 'mip_opt_gap_rel'.
WARNING:  Option 'mip_integral_gap_abs' deprecated, please use 'mip_opt_gap_abs'.
WARNING:  Option 'mip_integral_gap_rel' deprecated, please use 'mip_opt_gap_rel'.
WARNING:  Option 'mip_integral_gap_abs' deprecated, please use 'mip_opt_gap_abs'.
WARNING:  Option 'mip_integral_gap_rel' deprecated, please use 'mip_opt_gap_rel'.
WARNING:  Option 'mip_integral_gap_abs' deprecated, please use 'mip_opt_gap_abs'.
WARNING:  Option 'mip_integral_gap_rel' deprecated, please use 'mip_opt_gap_rel'.
WARNING:  Option 'mip_integral_gap_abs' deprecated, please use 'mip_opt_gap_abs'.
WARNING:  Option 'mip_integral_gap_rel' deprecated, please use 'mip_opt_gap_rel'.
WARNING:  Option 'mip_integral_gap_abs' deprecated, please use 'mip_opt_gap_abs'.
WARNING:  Option 'mip_integral_gap_rel' deprecated, please use 'mip_opt_gap_rel'.
WARNING:  Option 'mip_integral_gap_abs' deprecated, please use 'mip_opt_gap_abs'.
WARNING:  Option 'mip_integral_gap_rel' deprecated, please use 'mip_opt_gap_rel'.
WARNING:  Option 'mip_integral_gap_abs' deprecated, please use 'mip_opt_gap_abs'.
WARNING:  Option 'mip_integral_gap_rel' deprecated, please use 'mip_opt_gap_rel'.
WARNING:  Option 'mip_integral_gap_abs' deprecated, please use 'mip_opt_gap_abs'.
WARNING:  Option 'mip_integral_gap_rel' deprecated, please use 'mip_opt_gap_rel'.
WARNING:  Option 'mip_integral_gap_abs' deprecated, please use 'mip_opt_gap_abs'.
WARNING:  Option 'mip_integral_gap_rel' deprecated, please use 'mip_opt_gap_rel'.
WARNING:  Option 'mip_integral_gap_abs' deprecated, please use 'mip_opt_gap_abs'.
WARNING:  Option 'mip_integral_gap_rel' deprecated, please use 'mip_opt_gap_rel'.
WARNING:  Option 'mip_integral_gap_abs' deprecated, please use 'mip_opt_gap_abs'.
WARNING:  Option 'mip_integral_gap_rel' deprecated, please use 'mip_opt_gap_rel'.
WARNING:  Option 'mip_integral_gap_abs' deprecated, please use 'mip_opt_gap_abs'.
WARNING:  Option 'mip_integral_gap_rel' deprecated, please use 'mip_opt_gap_rel'.
WARNING:  Option 'mip_integral_gap_abs' deprecated, please use 'mip_opt_gap_abs'.
WARNING:  Option 'mip_integral_gap_rel' deprecated, please use 'mip_opt_gap_rel'.
WARNING:  Option 'mip_integral_gap_abs' deprecated, please use 'mip_opt_gap_abs'.
WARNING:  Option 'mip_integral_gap_rel' deprecated, please use 'mip_opt_gap_rel'.
      36    8.933851e-01   0.000e+00   8.356e-03   9.623e-02        0
WARNING:  Option 'mip_integral_gap_abs' deprecated, please use 'mip_opt_gap_abs'.
WARNING:  Option 'mip_integral_gap_rel' deprecated, please use 'mip_opt_gap_rel'.
WARNING:  Option 'mip_integral_gap_abs' deprecated, please use 'mip_opt_gap_abs'.
WARNING:  Option 'mip_integral_gap_rel' deprecated, please use 'mip_opt_gap_rel'.
WARNING:  Option 'mip_integral_gap_abs' deprecated, please use 'mip_opt_gap_abs'.
WARNING:  Option 'mip_integral_gap_rel' deprecated, please use 'mip_opt_gap_rel'.
WARNING:  Option 'mip_integral_gap_abs' deprecated, please use 'mip_opt_gap_abs'.
WARNING:  Option 'mip_integral_gap_rel' deprecated, please use 'mip_opt_gap_rel'.
WARNING:  Option 'mip_integral_gap_abs' deprecated, please use 'mip_opt_gap_abs'.
WARNING:  Option 'mip_integral_gap_rel' deprecated, please use 'mip_opt_gap_rel'.
WARNING:  Option 'mip_integral_gap_abs' deprecated, please use 'mip_opt_gap_abs'.
WARNING:  Option 'mip_integral_gap_rel' deprecated, please use 'mip_opt_gap_rel'.
WARNING:  Option 'mip_integral_gap_abs' deprecated, please use 'mip_opt_gap_abs'.
WARNING:  Option 'mip_integral_gap_rel' deprecated, please use 'mip_opt_gap_rel'.
WARNING:  Option 'mip_integral_gap_abs' deprecated, please use 'mip_opt_gap_abs'.
WARNING:  Option 'mip_integral_gap_rel' deprecated, please use 'mip_opt_gap_rel'.
WARNING:  Option 'mip_integral_gap_abs' deprecated, please use 'mip_opt_gap_abs'.
WARNING:  Option 'mip_integral_gap_rel' deprecated, please use 'mip_opt_gap_rel'.
WARNING:  Option 'mip_integral_gap_abs' deprecated, please use 'mip_opt_gap_abs'.
WARNING:  Option 'mip_integral_gap_rel' deprecated, please use 'mip_opt_gap_rel'.
WARNING:  Option 'mip_integral_gap_abs' deprecated, please use 'mip_opt_gap_abs'.
WARNING:  Option 'mip_integral_gap_rel' deprecated, please use 'mip_opt_gap_rel'.
WARNING:  Option 'mip_integral_gap_abs' deprecated, please use 'mip_opt_gap_abs'.
WARNING:  Option 'mip_integral_gap_rel' deprecated, please use 'mip_opt_gap_rel'.
WARNING:  Option 'mip_integral_gap_abs' deprecated, please use 'mip_opt_gap_abs'.
WARNING:  Option 'mip_integral_gap_rel' deprecated, please use 'mip_opt_gap_rel'.
WARNING:  Option 'mip_integral_gap_abs' deprecated, please use 'mip_opt_gap_abs'.
WARNING:  Option 'mip_integral_gap_rel' deprecated, please use 'mip_opt_gap_rel'.
WARNING:  Option 'mip_integral_gap_abs' deprecated, please use 'mip_opt_gap_abs'.
WARNING:  Option 'mip_integral_gap_rel' deprecated, please use 'mip_opt_gap_rel'.
WARNING:  Option 'mip_integral_gap_abs' deprecated, please use 'mip_opt_gap_abs'.
WARNING:  Option 'mip_integral_gap_rel' deprecated, please use 'mip_opt_gap_rel'.
WARNING:  Option 'mip_integral_gap_abs' deprecated, please use 'mip_opt_gap_abs'.
WARNING:  Option 'mip_integral_gap_rel' deprecated, please use 'mip_opt_gap_rel'.
WARNING:  Option 'mip_integral_gap_abs' deprecated, please use 'mip_opt_gap_abs'.
WARNING:  Option 'mip_integral_gap_rel' deprecated, please use 'mip_opt_gap_rel'.
WARNING:  Option 'mip_integral_gap_abs' deprecated, please use 'mip_opt_gap_abs'.
WARNING:  Option 'mip_integral_gap_rel' deprecated, please use 'mip_opt_gap_rel'.
WARNING:  Option 'mip_integral_gap_abs' deprecated, please use 'mip_opt_gap_abs'.
WARNING:  Option 'mip_integral_gap_rel' deprecated, please use 'mip_opt_gap_rel'.
WARNING:  Option 'mip_integral_gap_abs' deprecated, please use 'mip_opt_gap_abs'.
WARNING:  Option 'mip_integral_gap_rel' deprecated, please use 'mip_opt_gap_rel'.
WARNING:  Option 'mip_integral_gap_abs' deprecated, please use 'mip_opt_gap_abs'.
WARNING:  Option 'mip_integral_gap_rel' deprecated, please use 'mip_opt_gap_rel'.
WARNING:  Option 'mip_integral_gap_abs' deprecated, please use 'mip_opt_gap_abs'.
WARNING:  Option 'mip_integral_gap_rel' deprecated, please use 'mip_opt_gap_rel'.
WARNING:  Option 'mip_integral_gap_abs' deprecated, please use 'mip_opt_gap_abs'.
WARNING:  Option 'mip_integral_gap_rel' deprecated, please use 'mip_opt_gap_rel'.
WARNING:  Option 'mip_integral_gap_abs' deprecated, please use 'mip_opt_gap_abs'.
WARNING:  Option 'mip_integral_gap_rel' deprecated, please use 'mip_opt_gap_rel'.
WARNING:  Option 'mip_integral_gap_abs' deprecated, please use 'mip_opt_gap_abs'.
WARNING:  Option 'mip_integral_gap_rel' deprecated, please use 'mip_opt_gap_rel'.
WARNING:  Option 'mip_integral_gap_abs' deprecated, please use 'mip_opt_gap_abs'.
WARNING:  Option 'mip_integral_gap_rel' deprecated, please use 'mip_opt_gap_rel'.
WARNING:  Option 'mip_integral_gap_abs' deprecated, please use 'mip_opt_gap_abs'.
WARNING:  Option 'mip_integral_gap_rel' deprecated, please use 'mip_opt_gap_rel'.
WARNING:  Option 'mip_integral_gap_abs' deprecated, please use 'mip_opt_gap_abs'.
WARNING:  Option 'mip_integral_gap_rel' deprecated, please use 'mip_opt_gap_rel'.
WARNING:  Option 'mip_integral_gap_abs' deprecated, please use 'mip_opt_gap_abs'.
WARNING:  Option 'mip_integral_gap_rel' deprecated, please use 'mip_opt_gap_rel'.
WARNING:  Option 'mip_integral_gap_abs' deprecated, please use 'mip_opt_gap_abs'.
WARNING:  Option 'mip_integral_gap_rel' deprecated, please use 'mip_opt_gap_rel'.
WARNING:  Option 'mip_integral_gap_abs' deprecated, please use 'mip_opt_gap_abs'.
WARNING:  Option 'mip_integral_gap_rel' deprecated, please use 'mip_opt_gap_rel'.
WARNING:  Option 'mip_integral_gap_abs' deprecated, please use 'mip_opt_gap_abs'.
WARNING:  Option 'mip_integral_gap_rel' deprecated, please use 'mip_opt_gap_rel'.
WARNING:  Option 'mip_integral_gap_abs' deprecated, please use 'mip_opt_gap_abs'.
WARNING:  Option 'mip_integral_gap_rel' deprecated, please use 'mip_opt_gap_rel'.
WARNING:  Option 'mip_integral_gap_abs' deprecated, please use 'mip_opt_gap_abs'.
WARNING:  Option 'mip_integral_gap_rel' deprecated, please use 'mip_opt_gap_rel'.
WARNING:  Option 'mip_integral_gap_abs' deprecated, please use 'mip_opt_gap_abs'.
WARNING:  Option 'mip_integral_gap_rel' deprecated, please use 'mip_opt_gap_rel'.
WARNING:  Option 'mip_integral_gap_abs' deprecated, please use 'mip_opt_gap_abs'.
WARNING:  Option 'mip_integral_gap_rel' deprecated, please use 'mip_opt_gap_rel'.
WARNING:  Option 'mip_integral_gap_abs' deprecated, please use 'mip_opt_gap_abs'.
WARNING:  Option 'mip_integral_gap_rel' deprecated, please use 'mip_opt_gap_rel'.
WARNING:  Option 'mip_integral_gap_abs' deprecated, please use 'mip_opt_gap_abs'.
WARNING:  Option 'mip_integral_gap_rel' deprecated, please use 'mip_opt_gap_rel'.
WARNING:  Option 'mip_integral_gap_abs' deprecated, please use 'mip_opt_gap_abs'.
WARNING:  Option 'mip_integral_gap_rel' deprecated, please use 'mip_opt_gap_rel'.
WARNING:  Option 'mip_integral_gap_abs' deprecated, please use 'mip_opt_gap_abs'.
WARNING:  Option 'mip_integral_gap_rel' deprecated, please use 'mip_opt_gap_rel'.
WARNING:  Option 'mip_integral_gap_abs' deprecated, please use 'mip_opt_gap_abs'.
WARNING:  Option 'mip_integral_gap_rel' deprecated, please use 'mip_opt_gap_rel'.
WARNING:  Option 'mip_integral_gap_abs' deprecated, please use 'mip_opt_gap_abs'.
WARNING:  Option 'mip_integral_gap_rel' deprecated, please use 'mip_opt_gap_rel'.
WARNING:  Option 'mip_integral_gap_abs' deprecated, please use 'mip_opt_gap_abs'.
WARNING:  Option 'mip_integral_gap_rel' deprecated, please use 'mip_opt_gap_rel'.
WARNING:  Option 'mip_integral_gap_abs' deprecated, please use 'mip_opt_gap_abs'.
WARNING:  Option 'mip_integral_gap_rel' deprecated, please use 'mip_opt_gap_rel'.
WARNING:  Option 'mip_integral_gap_abs' deprecated, please use 'mip_opt_gap_abs'.
WARNING:  Option 'mip_integral_gap_rel' deprecated, please use 'mip_opt_gap_rel'.
WARNING:  Option 'mip_integral_gap_abs' deprecated, please use 'mip_opt_gap_abs'.
WARNING:  Option 'mip_integral_gap_rel' deprecated, please use 'mip_opt_gap_rel'.
WARNING:  Option 'mip_integral_gap_abs' deprecated, please use 'mip_opt_gap_abs'.
WARNING:  Option 'mip_integral_gap_rel' deprecated, please use 'mip_opt_gap_rel'.
WARNING:  Option 'mip_integral_gap_abs' deprecated, please use 'mip_opt_gap_abs'.
WARNING:  Option 'mip_integral_gap_rel' deprecated, please use 'mip_opt_gap_rel'.
WARNING:  Option 'mip_integral_gap_abs' deprecated, please use 'mip_opt_gap_abs'.
WARNING:  Option 'mip_integral_gap_rel' deprecated, please use 'mip_opt_gap_rel'.
WARNING:  Option 'mip_integral_gap_abs' deprecated, please use 'mip_opt_gap_abs'.
WARNING:  Option 'mip_integral_gap_rel' deprecated, please use 'mip_opt_gap_rel'.
      37    8.933405e-01   0.000e+00   8.017e-03   1.825e-02        1
WARNING:  Option 'mip_integral_gap_abs' deprecated, please use 'mip_opt_gap_abs'.
WARNING:  Option 'mip_integral_gap_rel' deprecated, please use 'mip_opt_gap_rel'.
WARNING:  Option 'mip_integral_gap_abs' deprecated, please use 'mip_opt_gap_abs'.
WARNING:  Option 'mip_integral_gap_rel' deprecated, please use 'mip_opt_gap_rel'.
WARNING:  Option 'mip_integral_gap_abs' deprecated, please use 'mip_opt_gap_abs'.
WARNING:  Option 'mip_integral_gap_rel' deprecated, please use 'mip_opt_gap_rel'.
WARNING:  Option 'mip_integral_gap_abs' deprecated, please use 'mip_opt_gap_abs'.
WARNING:  Option 'mip_integral_gap_rel' deprecated, please use 'mip_opt_gap_rel'.
WARNING:  Option 'mip_integral_gap_abs' deprecated, please use 'mip_opt_gap_abs'.
WARNING:  Option 'mip_integral_gap_rel' deprecated, please use 'mip_opt_gap_rel'.
WARNING:  Option 'mip_integral_gap_abs' deprecated, please use 'mip_opt_gap_abs'.
WARNING:  Option 'mip_integral_gap_rel' deprecated, please use 'mip_opt_gap_rel'.
WARNING:  Option 'mip_integral_gap_abs' deprecated, please use 'mip_opt_gap_abs'.
WARNING:  Option 'mip_integral_gap_rel' deprecated, please use 'mip_opt_gap_rel'.
WARNING:  Option 'mip_integral_gap_abs' deprecated, please use 'mip_opt_gap_abs'.
WARNING:  Option 'mip_integral_gap_rel' deprecated, please use 'mip_opt_gap_rel'.
WARNING:  Option 'mip_integral_gap_abs' deprecated, please use 'mip_opt_gap_abs'.
WARNING:  Option 'mip_integral_gap_rel' deprecated, please use 'mip_opt_gap_rel'.
WARNING:  Option 'mip_integral_gap_abs' deprecated, please use 'mip_opt_gap_abs'.
WARNING:  Option 'mip_integral_gap_rel' deprecated, please use 'mip_opt_gap_rel'.
WARNING:  Option 'mip_integral_gap_abs' deprecated, please use 'mip_opt_gap_abs'.
WARNING:  Option 'mip_integral_gap_rel' deprecated, please use 'mip_opt_gap_rel'.
WARNING:  Option 'mip_integral_gap_abs' deprecated, please use 'mip_opt_gap_abs'.
WARNING:  Option 'mip_integral_gap_rel' deprecated, please use 'mip_opt_gap_rel'.
WARNING:  Option 'mip_integral_gap_abs' deprecated, please use 'mip_opt_gap_abs'.
WARNING:  Option 'mip_integral_gap_rel' deprecated, please use 'mip_opt_gap_rel'.
WARNING:  Option 'mip_integral_gap_abs' deprecated, please use 'mip_opt_gap_abs'.
WARNING:  Option 'mip_integral_gap_rel' deprecated, please use 'mip_opt_gap_rel'.
WARNING:  Option 'mip_integral_gap_abs' deprecated, please use 'mip_opt_gap_abs'.
WARNING:  Option 'mip_integral_gap_rel' deprecated, please use 'mip_opt_gap_rel'.
WARNING:  Option 'mip_integral_gap_abs' deprecated, please use 'mip_opt_gap_abs'.
WARNING:  Option 'mip_integral_gap_rel' deprecated, please use 'mip_opt_gap_rel'.
WARNING:  Option 'mip_integral_gap_abs' deprecated, please use 'mip_opt_gap_abs'.
WARNING:  Option 'mip_integral_gap_rel' deprecated, please use 'mip_opt_gap_rel'.
WARNING:  Option 'mip_integral_gap_abs' deprecated, please use 'mip_opt_gap_abs'.
WARNING:  Option 'mip_integral_gap_rel' deprecated, please use 'mip_opt_gap_rel'.
WARNING:  Option 'mip_integral_gap_abs' deprecated, please use 'mip_opt_gap_abs'.
WARNING:  Option 'mip_integral_gap_rel' deprecated, please use 'mip_opt_gap_rel'.
WARNING:  Option 'mip_integral_gap_abs' deprecated, please use 'mip_opt_gap_abs'.
WARNING:  Option 'mip_integral_gap_rel' deprecated, please use 'mip_opt_gap_rel'.
WARNING:  Option 'mip_integral_gap_abs' deprecated, please use 'mip_opt_gap_abs'.
WARNING:  Option 'mip_integral_gap_rel' deprecated, please use 'mip_opt_gap_rel'.
WARNING:  Option 'mip_integral_gap_abs' deprecated, please use 'mip_opt_gap_abs'.
WARNING:  Option 'mip_integral_gap_rel' deprecated, please use 'mip_opt_gap_rel'.
WARNING:  Option 'mip_integral_gap_abs' deprecated, please use 'mip_opt_gap_abs'.
WARNING:  Option 'mip_integral_gap_rel' deprecated, please use 'mip_opt_gap_rel'.
WARNING:  Option 'mip_integral_gap_abs' deprecated, please use 'mip_opt_gap_abs'.
WARNING:  Option 'mip_integral_gap_rel' deprecated, please use 'mip_opt_gap_rel'.
WARNING:  Option 'mip_integral_gap_abs' deprecated, please use 'mip_opt_gap_abs'.
WARNING:  Option 'mip_integral_gap_rel' deprecated, please use 'mip_opt_gap_rel'.
WARNING:  Option 'mip_integral_gap_abs' deprecated, please use 'mip_opt_gap_abs'.
WARNING:  Option 'mip_integral_gap_rel' deprecated, please use 'mip_opt_gap_rel'.
WARNING:  Option 'mip_integral_gap_abs' deprecated, please use 'mip_opt_gap_abs'.
WARNING:  Option 'mip_integral_gap_rel' deprecated, please use 'mip_opt_gap_rel'.
WARNING:  Option 'mip_integral_gap_abs' deprecated, please use 'mip_opt_gap_abs'.
WARNING:  Option 'mip_integral_gap_rel' deprecated, please use 'mip_opt_gap_rel'.
WARNING:  Option 'mip_integral_gap_abs' deprecated, please use 'mip_opt_gap_abs'.
WARNING:  Option 'mip_integral_gap_rel' deprecated, please use 'mip_opt_gap_rel'.
WARNING:  Option 'mip_integral_gap_abs' deprecated, please use 'mip_opt_gap_abs'.
WARNING:  Option 'mip_integral_gap_rel' deprecated, please use 'mip_opt_gap_rel'.
WARNING:  Option 'mip_integral_gap_abs' deprecated, please use 'mip_opt_gap_abs'.
WARNING:  Option 'mip_integral_gap_rel' deprecated, please use 'mip_opt_gap_rel'.
WARNING:  Option 'mip_integral_gap_abs' deprecated, please use 'mip_opt_gap_abs'.
WARNING:  Option 'mip_integral_gap_rel' deprecated, please use 'mip_opt_gap_rel'.
WARNING:  Option 'mip_integral_gap_abs' deprecated, please use 'mip_opt_gap_abs'.
WARNING:  Option 'mip_integral_gap_rel' deprecated, please use 'mip_opt_gap_rel'.
WARNING:  Option 'mip_integral_gap_abs' deprecated, please use 'mip_opt_gap_abs'.
WARNING:  Option 'mip_integral_gap_rel' deprecated, please use 'mip_opt_gap_rel'.
WARNING:  Option 'mip_integral_gap_abs' deprecated, please use 'mip_opt_gap_abs'.
WARNING:  Option 'mip_integral_gap_rel' deprecated, please use 'mip_opt_gap_rel'.
WARNING:  Option 'mip_integral_gap_abs' deprecated, please use 'mip_opt_gap_abs'.
WARNING:  Option 'mip_integral_gap_rel' deprecated, please use 'mip_opt_gap_rel'.
WARNING:  Option 'mip_integral_gap_abs' deprecated, please use 'mip_opt_gap_abs'.
WARNING:  Option 'mip_integral_gap_rel' deprecated, please use 'mip_opt_gap_rel'.
      38    8.932739e-01   3.398e-04   6.522e-03   5.477e-02        0
WARNING:  Option 'mip_integral_gap_abs' deprecated, please use 'mip_opt_gap_abs'.
WARNING:  Option 'mip_integral_gap_rel' deprecated, please use 'mip_opt_gap_rel'.
WARNING:  Option 'mip_integral_gap_abs' deprecated, please use 'mip_opt_gap_abs'.
WARNING:  Option 'mip_integral_gap_rel' deprecated, please use 'mip_opt_gap_rel'.
WARNING:  Option 'mip_integral_gap_abs' deprecated, please use 'mip_opt_gap_abs'.
WARNING:  Option 'mip_integral_gap_rel' deprecated, please use 'mip_opt_gap_rel'.
WARNING:  Option 'mip_integral_gap_abs' deprecated, please use 'mip_opt_gap_abs'.
WARNING:  Option 'mip_integral_gap_rel' deprecated, please use 'mip_opt_gap_rel'.
WARNING:  Option 'mip_integral_gap_abs' deprecated, please use 'mip_opt_gap_abs'.
WARNING:  Option 'mip_integral_gap_rel' deprecated, please use 'mip_opt_gap_rel'.
WARNING:  Option 'mip_integral_gap_abs' deprecated, please use 'mip_opt_gap_abs'.
WARNING:  Option 'mip_integral_gap_rel' deprecated, please use 'mip_opt_gap_rel'.
WARNING:  Option 'mip_integral_gap_abs' deprecated, please use 'mip_opt_gap_abs'.
WARNING:  Option 'mip_integral_gap_rel' deprecated, please use 'mip_opt_gap_rel'.
WARNING:  Option 'mip_integral_gap_abs' deprecated, please use 'mip_opt_gap_abs'.
WARNING:  Option 'mip_integral_gap_rel' deprecated, please use 'mip_opt_gap_rel'.
WARNING:  Option 'mip_integral_gap_abs' deprecated, please use 'mip_opt_gap_abs'.
WARNING:  Option 'mip_integral_gap_rel' deprecated, please use 'mip_opt_gap_rel'.
WARNING:  Option 'mip_integral_gap_abs' deprecated, please use 'mip_opt_gap_abs'.
WARNING:  Option 'mip_integral_gap_rel' deprecated, please use 'mip_opt_gap_rel'.
WARNING:  Option 'mip_integral_gap_abs' deprecated, please use 'mip_opt_gap_abs'.
WARNING:  Option 'mip_integral_gap_rel' deprecated, please use 'mip_opt_gap_rel'.
WARNING:  Option 'mip_integral_gap_abs' deprecated, please use 'mip_opt_gap_abs'.
WARNING:  Option 'mip_integral_gap_rel' deprecated, please use 'mip_opt_gap_rel'.
WARNING:  Option 'mip_integral_gap_abs' deprecated, please use 'mip_opt_gap_abs'.
WARNING:  Option 'mip_integral_gap_rel' deprecated, please use 'mip_opt_gap_rel'.
WARNING:  Option 'mip_integral_gap_abs' deprecated, please use 'mip_opt_gap_abs'.
WARNING:  Option 'mip_integral_gap_rel' deprecated, please use 'mip_opt_gap_rel'.
WARNING:  Option 'mip_integral_gap_abs' deprecated, please use 'mip_opt_gap_abs'.
WARNING:  Option 'mip_integral_gap_rel' deprecated, please use 'mip_opt_gap_rel'.
WARNING:  Option 'mip_integral_gap_abs' deprecated, please use 'mip_opt_gap_abs'.
WARNING:  Option 'mip_integral_gap_rel' deprecated, please use 'mip_opt_gap_rel'.
WARNING:  Option 'mip_integral_gap_abs' deprecated, please use 'mip_opt_gap_abs'.
WARNING:  Option 'mip_integral_gap_rel' deprecated, please use 'mip_opt_gap_rel'.
WARNING:  Option 'mip_integral_gap_abs' deprecated, please use 'mip_opt_gap_abs'.
WARNING:  Option 'mip_integral_gap_rel' deprecated, please use 'mip_opt_gap_rel'.
WARNING:  Option 'mip_integral_gap_abs' deprecated, please use 'mip_opt_gap_abs'.
WARNING:  Option 'mip_integral_gap_rel' deprecated, please use 'mip_opt_gap_rel'.
WARNING:  Option 'mip_integral_gap_abs' deprecated, please use 'mip_opt_gap_abs'.
WARNING:  Option 'mip_integral_gap_rel' deprecated, please use 'mip_opt_gap_rel'.
WARNING:  Option 'mip_integral_gap_abs' deprecated, please use 'mip_opt_gap_abs'.
WARNING:  Option 'mip_integral_gap_rel' deprecated, please use 'mip_opt_gap_rel'.
WARNING:  Option 'mip_integral_gap_abs' deprecated, please use 'mip_opt_gap_abs'.
WARNING:  Option 'mip_integral_gap_rel' deprecated, please use 'mip_opt_gap_rel'.
WARNING:  Option 'mip_integral_gap_abs' deprecated, please use 'mip_opt_gap_abs'.
WARNING:  Option 'mip_integral_gap_rel' deprecated, please use 'mip_opt_gap_rel'.
WARNING:  Option 'mip_integral_gap_abs' deprecated, please use 'mip_opt_gap_abs'.
WARNING:  Option 'mip_integral_gap_rel' deprecated, please use 'mip_opt_gap_rel'.
WARNING:  Option 'mip_integral_gap_abs' deprecated, please use 'mip_opt_gap_abs'.
WARNING:  Option 'mip_integral_gap_rel' deprecated, please use 'mip_opt_gap_rel'.
WARNING:  Option 'mip_integral_gap_abs' deprecated, please use 'mip_opt_gap_abs'.
WARNING:  Option 'mip_integral_gap_rel' deprecated, please use 'mip_opt_gap_rel'.
WARNING:  Option 'mip_integral_gap_abs' deprecated, please use 'mip_opt_gap_abs'.
WARNING:  Option 'mip_integral_gap_rel' deprecated, please use 'mip_opt_gap_rel'.
WARNING:  Option 'mip_integral_gap_abs' deprecated, please use 'mip_opt_gap_abs'.
WARNING:  Option 'mip_integral_gap_rel' deprecated, please use 'mip_opt_gap_rel'.
WARNING:  Option 'mip_integral_gap_abs' deprecated, please use 'mip_opt_gap_abs'.
WARNING:  Option 'mip_integral_gap_rel' deprecated, please use 'mip_opt_gap_rel'.
WARNING:  Option 'mip_integral_gap_abs' deprecated, please use 'mip_opt_gap_abs'.
WARNING:  Option 'mip_integral_gap_rel' deprecated, please use 'mip_opt_gap_rel'.
WARNING:  Option 'mip_integral_gap_abs' deprecated, please use 'mip_opt_gap_abs'.
WARNING:  Option 'mip_integral_gap_rel' deprecated, please use 'mip_opt_gap_rel'.
WARNING:  Option 'mip_integral_gap_abs' deprecated, please use 'mip_opt_gap_abs'.
WARNING:  Option 'mip_integral_gap_rel' deprecated, please use 'mip_opt_gap_rel'.
WARNING:  Option 'mip_integral_gap_abs' deprecated, please use 'mip_opt_gap_abs'.
WARNING:  Option 'mip_integral_gap_rel' deprecated, please use 'mip_opt_gap_rel'.
WARNING:  Option 'mip_integral_gap_abs' deprecated, please use 'mip_opt_gap_abs'.
WARNING:  Option 'mip_integral_gap_rel' deprecated, please use 'mip_opt_gap_rel'.
WARNING:  Option 'mip_integral_gap_abs' deprecated, please use 'mip_opt_gap_abs'.
WARNING:  Option 'mip_integral_gap_rel' deprecated, please use 'mip_opt_gap_rel'.
WARNING:  Option 'mip_integral_gap_abs' deprecated, please use 'mip_opt_gap_abs'.
WARNING:  Option 'mip_integral_gap_rel' deprecated, please use 'mip_opt_gap_rel'.
WARNING:  Option 'mip_integral_gap_abs' deprecated, please use 'mip_opt_gap_abs'.
WARNING:  Option 'mip_integral_gap_rel' deprecated, please use 'mip_opt_gap_rel'.
WARNING:  Option 'mip_integral_gap_abs' deprecated, please use 'mip_opt_gap_abs'.
WARNING:  Option 'mip_integral_gap_rel' deprecated, please use 'mip_opt_gap_rel'.
WARNING:  Option 'mip_integral_gap_abs' deprecated, please use 'mip_opt_gap_abs'.
WARNING:  Option 'mip_integral_gap_rel' deprecated, please use 'mip_opt_gap_rel'.
WARNING:  Option 'mip_integral_gap_abs' deprecated, please use 'mip_opt_gap_abs'.
WARNING:  Option 'mip_integral_gap_rel' deprecated, please use 'mip_opt_gap_rel'.
WARNING:  Option 'mip_integral_gap_abs' deprecated, please use 'mip_opt_gap_abs'.
WARNING:  Option 'mip_integral_gap_rel' deprecated, please use 'mip_opt_gap_rel'.
WARNING:  Option 'mip_integral_gap_abs' deprecated, please use 'mip_opt_gap_abs'.
WARNING:  Option 'mip_integral_gap_rel' deprecated, please use 'mip_opt_gap_rel'.
      39    8.931544e-01   2.845e-03   3.028e-02   2.162e-02        1
WARNING:  Option 'mip_integral_gap_abs' deprecated, please use 'mip_opt_gap_abs'.
WARNING:  Option 'mip_integral_gap_rel' deprecated, please use 'mip_opt_gap_rel'.
WARNING:  Option 'mip_integral_gap_abs' deprecated, please use 'mip_opt_gap_abs'.
WARNING:  Option 'mip_integral_gap_rel' deprecated, please use 'mip_opt_gap_rel'.
WARNING:  Option 'mip_integral_gap_abs' deprecated, please use 'mip_opt_gap_abs'.
WARNING:  Option 'mip_integral_gap_rel' deprecated, please use 'mip_opt_gap_rel'.
WARNING:  Option 'mip_integral_gap_abs' deprecated, please use 'mip_opt_gap_abs'.
WARNING:  Option 'mip_integral_gap_rel' deprecated, please use 'mip_opt_gap_rel'.
WARNING:  Option 'mip_integral_gap_abs' deprecated, please use 'mip_opt_gap_abs'.
WARNING:  Option 'mip_integral_gap_rel' deprecated, please use 'mip_opt_gap_rel'.
WARNING:  Option 'mip_integral_gap_abs' deprecated, please use 'mip_opt_gap_abs'.
WARNING:  Option 'mip_integral_gap_rel' deprecated, please use 'mip_opt_gap_rel'.
WARNING:  Option 'mip_integral_gap_abs' deprecated, please use 'mip_opt_gap_abs'.
WARNING:  Option 'mip_integral_gap_rel' deprecated, please use 'mip_opt_gap_rel'.
WARNING:  Option 'mip_integral_gap_abs' deprecated, please use 'mip_opt_gap_abs'.
WARNING:  Option 'mip_integral_gap_rel' deprecated, please use 'mip_opt_gap_rel'.
WARNING:  Option 'mip_integral_gap_abs' deprecated, please use 'mip_opt_gap_abs'.
WARNING:  Option 'mip_integral_gap_rel' deprecated, please use 'mip_opt_gap_rel'.
WARNING:  Option 'mip_integral_gap_abs' deprecated, please use 'mip_opt_gap_abs'.
WARNING:  Option 'mip_integral_gap_rel' deprecated, please use 'mip_opt_gap_rel'.
WARNING:  Option 'mip_integral_gap_abs' deprecated, please use 'mip_opt_gap_abs'.
WARNING:  Option 'mip_integral_gap_rel' deprecated, please use 'mip_opt_gap_rel'.
WARNING:  Option 'mip_integral_gap_abs' deprecated, please use 'mip_opt_gap_abs'.
WARNING:  Option 'mip_integral_gap_rel' deprecated, please use 'mip_opt_gap_rel'.
WARNING:  Option 'mip_integral_gap_abs' deprecated, please use 'mip_opt_gap_abs'.
WARNING:  Option 'mip_integral_gap_rel' deprecated, please use 'mip_opt_gap_rel'.
WARNING:  Option 'mip_integral_gap_abs' deprecated, please use 'mip_opt_gap_abs'.
WARNING:  Option 'mip_integral_gap_rel' deprecated, please use 'mip_opt_gap_rel'.
WARNING:  Option 'mip_integral_gap_abs' deprecated, please use 'mip_opt_gap_abs'.
WARNING:  Option 'mip_integral_gap_rel' deprecated, please use 'mip_opt_gap_rel'.
WARNING:  Option 'mip_integral_gap_abs' deprecated, please use 'mip_opt_gap_abs'.
WARNING:  Option 'mip_integral_gap_rel' deprecated, please use 'mip_opt_gap_rel'.
WARNING:  Option 'mip_integral_gap_abs' deprecated, please use 'mip_opt_gap_abs'.
WARNING:  Option 'mip_integral_gap_rel' deprecated, please use 'mip_opt_gap_rel'.
WARNING:  Option 'mip_integral_gap_abs' deprecated, please use 'mip_opt_gap_abs'.
WARNING:  Option 'mip_integral_gap_rel' deprecated, please use 'mip_opt_gap_rel'.
WARNING:  Option 'mip_integral_gap_abs' deprecated, please use 'mip_opt_gap_abs'.
WARNING:  Option 'mip_integral_gap_rel' deprecated, please use 'mip_opt_gap_rel'.
WARNING:  Option 'mip_integral_gap_abs' deprecated, please use 'mip_opt_gap_abs'.
WARNING:  Option 'mip_integral_gap_rel' deprecated, please use 'mip_opt_gap_rel'.
WARNING:  Option 'mip_integral_gap_abs' deprecated, please use 'mip_opt_gap_abs'.
WARNING:  Option 'mip_integral_gap_rel' deprecated, please use 'mip_opt_gap_rel'.
WARNING:  Option 'mip_integral_gap_abs' deprecated, please use 'mip_opt_gap_abs'.
WARNING:  Option 'mip_integral_gap_rel' deprecated, please use 'mip_opt_gap_rel'.
WARNING:  Option 'mip_integral_gap_abs' deprecated, please use 'mip_opt_gap_abs'.
WARNING:  Option 'mip_integral_gap_rel' deprecated, please use 'mip_opt_gap_rel'.
WARNING:  Option 'mip_integral_gap_abs' deprecated, please use 'mip_opt_gap_abs'.
WARNING:  Option 'mip_integral_gap_rel' deprecated, please use 'mip_opt_gap_rel'.
WARNING:  Option 'mip_integral_gap_abs' deprecated, please use 'mip_opt_gap_abs'.
WARNING:  Option 'mip_integral_gap_rel' deprecated, please use 'mip_opt_gap_rel'.
WARNING:  Option 'mip_integral_gap_abs' deprecated, please use 'mip_opt_gap_abs'.
WARNING:  Option 'mip_integral_gap_rel' deprecated, please use 'mip_opt_gap_rel'.
WARNING:  Option 'mip_integral_gap_abs' deprecated, please use 'mip_opt_gap_abs'.
WARNING:  Option 'mip_integral_gap_rel' deprecated, please use 'mip_opt_gap_rel'.
WARNING:  Option 'mip_integral_gap_abs' deprecated, please use 'mip_opt_gap_abs'.
WARNING:  Option 'mip_integral_gap_rel' deprecated, please use 'mip_opt_gap_rel'.
WARNING:  Option 'mip_integral_gap_abs' deprecated, please use 'mip_opt_gap_abs'.
WARNING:  Option 'mip_integral_gap_rel' deprecated, please use 'mip_opt_gap_rel'.
WARNING:  Option 'mip_integral_gap_abs' deprecated, please use 'mip_opt_gap_abs'.
WARNING:  Option 'mip_integral_gap_rel' deprecated, please use 'mip_opt_gap_rel'.
WARNING:  Option 'mip_integral_gap_abs' deprecated, please use 'mip_opt_gap_abs'.
WARNING:  Option 'mip_integral_gap_rel' deprecated, please use 'mip_opt_gap_rel'.
WARNING:  Option 'mip_integral_gap_abs' deprecated, please use 'mip_opt_gap_abs'.
WARNING:  Option 'mip_integral_gap_rel' deprecated, please use 'mip_opt_gap_rel'.
WARNING:  Option 'mip_integral_gap_abs' deprecated, please use 'mip_opt_gap_abs'.
WARNING:  Option 'mip_integral_gap_rel' deprecated, please use 'mip_opt_gap_rel'.
      40    8.931537e-01   9.658e-04   1.118e-03   4.042e-02        0
WARNING:  Option 'mip_integral_gap_abs' deprecated, please use 'mip_opt_gap_abs'.
WARNING:  Option 'mip_integral_gap_rel' deprecated, please use 'mip_opt_gap_rel'.
WARNING:  Option 'mip_integral_gap_abs' deprecated, please use 'mip_opt_gap_abs'.
WARNING:  Option 'mip_integral_gap_rel' deprecated, please use 'mip_opt_gap_rel'.
WARNING:  Option 'mip_integral_gap_abs' deprecated, please use 'mip_opt_gap_abs'.
WARNING:  Option 'mip_integral_gap_rel' deprecated, please use 'mip_opt_gap_rel'.
WARNING:  Option 'mip_integral_gap_abs' deprecated, please use 'mip_opt_gap_abs'.
WARNING:  Option 'mip_integral_gap_rel' deprecated, please use 'mip_opt_gap_rel'.
WARNING:  Option 'mip_integral_gap_abs' deprecated, please use 'mip_opt_gap_abs'.
WARNING:  Option 'mip_integral_gap_rel' deprecated, please use 'mip_opt_gap_rel'.
WARNING:  Option 'mip_integral_gap_abs' deprecated, please use 'mip_opt_gap_abs'.
WARNING:  Option 'mip_integral_gap_rel' deprecated, please use 'mip_opt_gap_rel'.
WARNING:  Option 'mip_integral_gap_abs' deprecated, please use 'mip_opt_gap_abs'.
WARNING:  Option 'mip_integral_gap_rel' deprecated, please use 'mip_opt_gap_rel'.
WARNING:  Option 'mip_integral_gap_abs' deprecated, please use 'mip_opt_gap_abs'.
WARNING:  Option 'mip_integral_gap_rel' deprecated, please use 'mip_opt_gap_rel'.
WARNING:  Option 'mip_integral_gap_abs' deprecated, please use 'mip_opt_gap_abs'.
WARNING:  Option 'mip_integral_gap_rel' deprecated, please use 'mip_opt_gap_rel'.
WARNING:  Option 'mip_integral_gap_abs' deprecated, please use 'mip_opt_gap_abs'.
WARNING:  Option 'mip_integral_gap_rel' deprecated, please use 'mip_opt_gap_rel'.
WARNING:  Option 'mip_integral_gap_abs' deprecated, please use 'mip_opt_gap_abs'.
WARNING:  Option 'mip_integral_gap_rel' deprecated, please use 'mip_opt_gap_rel'.
WARNING:  Option 'mip_integral_gap_abs' deprecated, please use 'mip_opt_gap_abs'.
WARNING:  Option 'mip_integral_gap_rel' deprecated, please use 'mip_opt_gap_rel'.
WARNING:  Option 'mip_integral_gap_abs' deprecated, please use 'mip_opt_gap_abs'.
WARNING:  Option 'mip_integral_gap_rel' deprecated, please use 'mip_opt_gap_rel'.
WARNING:  Option 'mip_integral_gap_abs' deprecated, please use 'mip_opt_gap_abs'.
WARNING:  Option 'mip_integral_gap_rel' deprecated, please use 'mip_opt_gap_rel'.
WARNING:  Option 'mip_integral_gap_abs' deprecated, please use 'mip_opt_gap_abs'.
WARNING:  Option 'mip_integral_gap_rel' deprecated, please use 'mip_opt_gap_rel'.
WARNING:  Option 'mip_integral_gap_abs' deprecated, please use 'mip_opt_gap_abs'.
WARNING:  Option 'mip_integral_gap_rel' deprecated, please use 'mip_opt_gap_rel'.
WARNING:  Option 'mip_integral_gap_abs' deprecated, please use 'mip_opt_gap_abs'.
WARNING:  Option 'mip_integral_gap_rel' deprecated, please use 'mip_opt_gap_rel'.
WARNING:  Option 'mip_integral_gap_abs' deprecated, please use 'mip_opt_gap_abs'.
WARNING:  Option 'mip_integral_gap_rel' deprecated, please use 'mip_opt_gap_rel'.
WARNING:  Option 'mip_integral_gap_abs' deprecated, please use 'mip_opt_gap_abs'.
WARNING:  Option 'mip_integral_gap_rel' deprecated, please use 'mip_opt_gap_rel'.
WARNING:  Option 'mip_integral_gap_abs' deprecated, please use 'mip_opt_gap_abs'.
WARNING:  Option 'mip_integral_gap_rel' deprecated, please use 'mip_opt_gap_rel'.
WARNING:  Option 'mip_integral_gap_abs' deprecated, please use 'mip_opt_gap_abs'.
WARNING:  Option 'mip_integral_gap_rel' deprecated, please use 'mip_opt_gap_rel'.
WARNING:  Option 'mip_integral_gap_abs' deprecated, please use 'mip_opt_gap_abs'.
WARNING:  Option 'mip_integral_gap_rel' deprecated, please use 'mip_opt_gap_rel'.
WARNING:  Option 'mip_integral_gap_abs' deprecated, please use 'mip_opt_gap_abs'.
WARNING:  Option 'mip_integral_gap_rel' deprecated, please use 'mip_opt_gap_rel'.
WARNING:  Option 'mip_integral_gap_abs' deprecated, please use 'mip_opt_gap_abs'.
WARNING:  Option 'mip_integral_gap_rel' deprecated, please use 'mip_opt_gap_rel'.
WARNING:  Option 'mip_integral_gap_abs' deprecated, please use 'mip_opt_gap_abs'.
WARNING:  Option 'mip_integral_gap_rel' deprecated, please use 'mip_opt_gap_rel'.
WARNING:  Option 'mip_integral_gap_abs' deprecated, please use 'mip_opt_gap_abs'.
WARNING:  Option 'mip_integral_gap_rel' deprecated, please use 'mip_opt_gap_rel'.
WARNING:  Option 'mip_integral_gap_abs' deprecated, please use 'mip_opt_gap_abs'.
WARNING:  Option 'mip_integral_gap_rel' deprecated, please use 'mip_opt_gap_rel'.
WARNING:  Option 'mip_integral_gap_abs' deprecated, please use 'mip_opt_gap_abs'.
WARNING:  Option 'mip_integral_gap_rel' deprecated, please use 'mip_opt_gap_rel'.
WARNING:  Option 'mip_integral_gap_abs' deprecated, please use 'mip_opt_gap_abs'.
WARNING:  Option 'mip_integral_gap_rel' deprecated, please use 'mip_opt_gap_rel'.
WARNING:  Option 'mip_integral_gap_abs' deprecated, please use 'mip_opt_gap_abs'.
WARNING:  Option 'mip_integral_gap_rel' deprecated, please use 'mip_opt_gap_rel'.
WARNING:  Option 'mip_integral_gap_abs' deprecated, please use 'mip_opt_gap_abs'.
WARNING:  Option 'mip_integral_gap_rel' deprecated, please use 'mip_opt_gap_rel'.
WARNING:  Option 'mip_integral_gap_abs' deprecated, please use 'mip_opt_gap_abs'.
WARNING:  Option 'mip_integral_gap_rel' deprecated, please use 'mip_opt_gap_rel'.
WARNING:  Option 'mip_integral_gap_abs' deprecated, please use 'mip_opt_gap_abs'.
WARNING:  Option 'mip_integral_gap_rel' deprecated, please use 'mip_opt_gap_rel'.
WARNING:  Option 'mip_integral_gap_abs' deprecated, please use 'mip_opt_gap_abs'.
WARNING:  Option 'mip_integral_gap_rel' deprecated, please use 'mip_opt_gap_rel'.
WARNING:  Option 'mip_integral_gap_abs' deprecated, please use 'mip_opt_gap_abs'.
WARNING:  Option 'mip_integral_gap_rel' deprecated, please use 'mip_opt_gap_rel'.
WARNING:  Option 'mip_integral_gap_abs' deprecated, please use 'mip_opt_gap_abs'.
WARNING:  Option 'mip_integral_gap_rel' deprecated, please use 'mip_opt_gap_rel'.
WARNING:  Option 'mip_integral_gap_abs' deprecated, please use 'mip_opt_gap_abs'.
WARNING:  Option 'mip_integral_gap_rel' deprecated, please use 'mip_opt_gap_rel'.
WARNING:  Option 'mip_integral_gap_abs' deprecated, please use 'mip_opt_gap_abs'.
WARNING:  Option 'mip_integral_gap_rel' deprecated, please use 'mip_opt_gap_rel'.
WARNING:  Option 'mip_integral_gap_abs' deprecated, please use 'mip_opt_gap_abs'.
WARNING:  Option 'mip_integral_gap_rel' deprecated, please use 'mip_opt_gap_rel'.
WARNING:  Option 'mip_integral_gap_abs' deprecated, please use 'mip_opt_gap_abs'.
WARNING:  Option 'mip_integral_gap_rel' deprecated, please use 'mip_opt_gap_rel'.
WARNING:  Option 'mip_integral_gap_abs' deprecated, please use 'mip_opt_gap_abs'.
WARNING:  Option 'mip_integral_gap_rel' deprecated, please use 'mip_opt_gap_rel'.
WARNING:  Option 'mip_integral_gap_abs' deprecated, please use 'mip_opt_gap_abs'.
WARNING:  Option 'mip_integral_gap_rel' deprecated, please use 'mip_opt_gap_rel'.
WARNING:  Option 'mip_integral_gap_abs' deprecated, please use 'mip_opt_gap_abs'.
WARNING:  Option 'mip_integral_gap_rel' deprecated, please use 'mip_opt_gap_rel'.
WARNING:  Option 'mip_integral_gap_abs' deprecated, please use 'mip_opt_gap_abs'.
WARNING:  Option 'mip_integral_gap_rel' deprecated, please use 'mip_opt_gap_rel'.
WARNING:  Option 'mip_integral_gap_abs' deprecated, please use 'mip_opt_gap_abs'.
WARNING:  Option 'mip_integral_gap_rel' deprecated, please use 'mip_opt_gap_rel'.
WARNING:  Option 'mip_integral_gap_abs' deprecated, please use 'mip_opt_gap_abs'.
WARNING:  Option 'mip_integral_gap_rel' deprecated, please use 'mip_opt_gap_rel'.
      41    8.931215e-01   0.000e+00   4.831e-02   5.729e-02        1
WARNING:  Option 'mip_integral_gap_abs' deprecated, please use 'mip_opt_gap_abs'.
WARNING:  Option 'mip_integral_gap_rel' deprecated, please use 'mip_opt_gap_rel'.
WARNING:  Option 'mip_integral_gap_abs' deprecated, please use 'mip_opt_gap_abs'.
WARNING:  Option 'mip_integral_gap_rel' deprecated, please use 'mip_opt_gap_rel'.
WARNING:  Option 'mip_integral_gap_abs' deprecated, please use 'mip_opt_gap_abs'.
WARNING:  Option 'mip_integral_gap_rel' deprecated, please use 'mip_opt_gap_rel'.
WARNING:  Option 'mip_integral_gap_abs' deprecated, please use 'mip_opt_gap_abs'.
WARNING:  Option 'mip_integral_gap_rel' deprecated, please use 'mip_opt_gap_rel'.
WARNING:  Option 'mip_integral_gap_abs' deprecated, please use 'mip_opt_gap_abs'.
WARNING:  Option 'mip_integral_gap_rel' deprecated, please use 'mip_opt_gap_rel'.
WARNING:  Option 'mip_integral_gap_abs' deprecated, please use 'mip_opt_gap_abs'.
WARNING:  Option 'mip_integral_gap_rel' deprecated, please use 'mip_opt_gap_rel'.
WARNING:  Option 'mip_integral_gap_abs' deprecated, please use 'mip_opt_gap_abs'.
WARNING:  Option 'mip_integral_gap_rel' deprecated, please use 'mip_opt_gap_rel'.
WARNING:  Option 'mip_integral_gap_abs' deprecated, please use 'mip_opt_gap_abs'.
WARNING:  Option 'mip_integral_gap_rel' deprecated, please use 'mip_opt_gap_rel'.
WARNING:  Option 'mip_integral_gap_abs' deprecated, please use 'mip_opt_gap_abs'.
WARNING:  Option 'mip_integral_gap_rel' deprecated, please use 'mip_opt_gap_rel'.
WARNING:  Option 'mip_integral_gap_abs' deprecated, please use 'mip_opt_gap_abs'.
WARNING:  Option 'mip_integral_gap_rel' deprecated, please use 'mip_opt_gap_rel'.
WARNING:  Option 'mip_integral_gap_abs' deprecated, please use 'mip_opt_gap_abs'.
WARNING:  Option 'mip_integral_gap_rel' deprecated, please use 'mip_opt_gap_rel'.
WARNING:  Option 'mip_integral_gap_abs' deprecated, please use 'mip_opt_gap_abs'.
WARNING:  Option 'mip_integral_gap_rel' deprecated, please use 'mip_opt_gap_rel'.
WARNING:  Option 'mip_integral_gap_abs' deprecated, please use 'mip_opt_gap_abs'.
WARNING:  Option 'mip_integral_gap_rel' deprecated, please use 'mip_opt_gap_rel'.
WARNING:  Option 'mip_integral_gap_abs' deprecated, please use 'mip_opt_gap_abs'.
WARNING:  Option 'mip_integral_gap_rel' deprecated, please use 'mip_opt_gap_rel'.
WARNING:  Option 'mip_integral_gap_abs' deprecated, please use 'mip_opt_gap_abs'.
WARNING:  Option 'mip_integral_gap_rel' deprecated, please use 'mip_opt_gap_rel'.
WARNING:  Option 'mip_integral_gap_abs' deprecated, please use 'mip_opt_gap_abs'.
WARNING:  Option 'mip_integral_gap_rel' deprecated, please use 'mip_opt_gap_rel'.
WARNING:  Option 'mip_integral_gap_abs' deprecated, please use 'mip_opt_gap_abs'.
WARNING:  Option 'mip_integral_gap_rel' deprecated, please use 'mip_opt_gap_rel'.
WARNING:  Option 'mip_integral_gap_abs' deprecated, please use 'mip_opt_gap_abs'.
WARNING:  Option 'mip_integral_gap_rel' deprecated, please use 'mip_opt_gap_rel'.
WARNING:  Option 'mip_integral_gap_abs' deprecated, please use 'mip_opt_gap_abs'.
WARNING:  Option 'mip_integral_gap_rel' deprecated, please use 'mip_opt_gap_rel'.
WARNING:  Option 'mip_integral_gap_abs' deprecated, please use 'mip_opt_gap_abs'.
WARNING:  Option 'mip_integral_gap_rel' deprecated, please use 'mip_opt_gap_rel'.
WARNING:  Option 'mip_integral_gap_abs' deprecated, please use 'mip_opt_gap_abs'.
WARNING:  Option 'mip_integral_gap_rel' deprecated, please use 'mip_opt_gap_rel'.
WARNING:  Option 'mip_integral_gap_abs' deprecated, please use 'mip_opt_gap_abs'.
WARNING:  Option 'mip_integral_gap_rel' deprecated, please use 'mip_opt_gap_rel'.
WARNING:  Option 'mip_integral_gap_abs' deprecated, please use 'mip_opt_gap_abs'.
WARNING:  Option 'mip_integral_gap_rel' deprecated, please use 'mip_opt_gap_rel'.
WARNING:  Option 'mip_integral_gap_abs' deprecated, please use 'mip_opt_gap_abs'.
WARNING:  Option 'mip_integral_gap_rel' deprecated, please use 'mip_opt_gap_rel'.
WARNING:  Option 'mip_integral_gap_abs' deprecated, please use 'mip_opt_gap_abs'.
WARNING:  Option 'mip_integral_gap_rel' deprecated, please use 'mip_opt_gap_rel'.
WARNING:  Option 'mip_integral_gap_abs' deprecated, please use 'mip_opt_gap_abs'.
WARNING:  Option 'mip_integral_gap_rel' deprecated, please use 'mip_opt_gap_rel'.
WARNING:  Option 'mip_integral_gap_abs' deprecated, please use 'mip_opt_gap_abs'.
WARNING:  Option 'mip_integral_gap_rel' deprecated, please use 'mip_opt_gap_rel'.
WARNING:  Option 'mip_integral_gap_abs' deprecated, please use 'mip_opt_gap_abs'.
WARNING:  Option 'mip_integral_gap_rel' deprecated, please use 'mip_opt_gap_rel'.
WARNING:  Option 'mip_integral_gap_abs' deprecated, please use 'mip_opt_gap_abs'.
WARNING:  Option 'mip_integral_gap_rel' deprecated, please use 'mip_opt_gap_rel'.
WARNING:  Option 'mip_integral_gap_abs' deprecated, please use 'mip_opt_gap_abs'.
WARNING:  Option 'mip_integral_gap_rel' deprecated, please use 'mip_opt_gap_rel'.
WARNING:  Option 'mip_integral_gap_abs' deprecated, please use 'mip_opt_gap_abs'.
WARNING:  Option 'mip_integral_gap_rel' deprecated, please use 'mip_opt_gap_rel'.
WARNING:  Option 'mip_integral_gap_abs' deprecated, please use 'mip_opt_gap_abs'.
WARNING:  Option 'mip_integral_gap_rel' deprecated, please use 'mip_opt_gap_rel'.
WARNING:  Option 'mip_integral_gap_abs' deprecated, please use 'mip_opt_gap_abs'.
WARNING:  Option 'mip_integral_gap_rel' deprecated, please use 'mip_opt_gap_rel'.
WARNING:  Option 'mip_integral_gap_abs' deprecated, please use 'mip_opt_gap_abs'.
WARNING:  Option 'mip_integral_gap_rel' deprecated, please use 'mip_opt_gap_rel'.
WARNING:  Option 'mip_integral_gap_abs' deprecated, please use 'mip_opt_gap_abs'.
WARNING:  Option 'mip_integral_gap_rel' deprecated, please use 'mip_opt_gap_rel'.
WARNING:  Option 'mip_integral_gap_abs' deprecated, please use 'mip_opt_gap_abs'.
WARNING:  Option 'mip_integral_gap_rel' deprecated, please use 'mip_opt_gap_rel'.
WARNING:  Option 'mip_integral_gap_abs' deprecated, please use 'mip_opt_gap_abs'.
WARNING:  Option 'mip_integral_gap_rel' deprecated, please use 'mip_opt_gap_rel'.
WARNING:  Option 'mip_integral_gap_abs' deprecated, please use 'mip_opt_gap_abs'.
WARNING:  Option 'mip_integral_gap_rel' deprecated, please use 'mip_opt_gap_rel'.
WARNING:  Option 'mip_integral_gap_abs' deprecated, please use 'mip_opt_gap_abs'.
WARNING:  Option 'mip_integral_gap_rel' deprecated, please use 'mip_opt_gap_rel'.
WARNING:  Option 'mip_integral_gap_abs' deprecated, please use 'mip_opt_gap_abs'.
WARNING:  Option 'mip_integral_gap_rel' deprecated, please use 'mip_opt_gap_rel'.
WARNING:  Option 'mip_integral_gap_abs' deprecated, please use 'mip_opt_gap_abs'.
WARNING:  Option 'mip_integral_gap_rel' deprecated, please use 'mip_opt_gap_rel'.
WARNING:  Option 'mip_integral_gap_abs' deprecated, please use 'mip_opt_gap_abs'.
WARNING:  Option 'mip_integral_gap_rel' deprecated, please use 'mip_opt_gap_rel'.
WARNING:  Option 'mip_integral_gap_abs' deprecated, please use 'mip_opt_gap_abs'.
WARNING:  Option 'mip_integral_gap_rel' deprecated, please use 'mip_opt_gap_rel'.
WARNING:  Option 'mip_integral_gap_abs' deprecated, please use 'mip_opt_gap_abs'.
WARNING:  Option 'mip_integral_gap_rel' deprecated, please use 'mip_opt_gap_rel'.
WARNING:  Option 'mip_integral_gap_abs' deprecated, please use 'mip_opt_gap_abs'.
WARNING:  Option 'mip_integral_gap_rel' deprecated, please use 'mip_opt_gap_rel'.
WARNING:  Option 'mip_integral_gap_abs' deprecated, please use 'mip_opt_gap_abs'.
WARNING:  Option 'mip_integral_gap_rel' deprecated, please use 'mip_opt_gap_rel'.
WARNING:  Option 'mip_integral_gap_abs' deprecated, please use 'mip_opt_gap_abs'.
WARNING:  Option 'mip_integral_gap_rel' deprecated, please use 'mip_opt_gap_rel'.
WARNING:  Option 'mip_integral_gap_abs' deprecated, please use 'mip_opt_gap_abs'.
WARNING:  Option 'mip_integral_gap_rel' deprecated, please use 'mip_opt_gap_rel'.
      42    8.930938e-01   0.000e+00   6.935e-02   1.700e-02        1
WARNING:  Option 'mip_integral_gap_abs' deprecated, please use 'mip_opt_gap_abs'.
WARNING:  Option 'mip_integral_gap_rel' deprecated, please use 'mip_opt_gap_rel'.
WARNING:  Option 'mip_integral_gap_abs' deprecated, please use 'mip_opt_gap_abs'.
WARNING:  Option 'mip_integral_gap_rel' deprecated, please use 'mip_opt_gap_rel'.
WARNING:  Option 'mip_integral_gap_abs' deprecated, please use 'mip_opt_gap_abs'.
WARNING:  Option 'mip_integral_gap_rel' deprecated, please use 'mip_opt_gap_rel'.
WARNING:  Option 'mip_integral_gap_abs' deprecated, please use 'mip_opt_gap_abs'.
WARNING:  Option 'mip_integral_gap_rel' deprecated, please use 'mip_opt_gap_rel'.
WARNING:  Option 'mip_integral_gap_abs' deprecated, please use 'mip_opt_gap_abs'.
WARNING:  Option 'mip_integral_gap_rel' deprecated, please use 'mip_opt_gap_rel'.
WARNING:  Option 'mip_integral_gap_abs' deprecated, please use 'mip_opt_gap_abs'.
WARNING:  Option 'mip_integral_gap_rel' deprecated, please use 'mip_opt_gap_rel'.
WARNING:  Option 'mip_integral_gap_abs' deprecated, please use 'mip_opt_gap_abs'.
WARNING:  Option 'mip_integral_gap_rel' deprecated, please use 'mip_opt_gap_rel'.
WARNING:  Option 'mip_integral_gap_abs' deprecated, please use 'mip_opt_gap_abs'.
WARNING:  Option 'mip_integral_gap_rel' deprecated, please use 'mip_opt_gap_rel'.
WARNING:  Option 'mip_integral_gap_abs' deprecated, please use 'mip_opt_gap_abs'.
WARNING:  Option 'mip_integral_gap_rel' deprecated, please use 'mip_opt_gap_rel'.
WARNING:  Option 'mip_integral_gap_abs' deprecated, please use 'mip_opt_gap_abs'.
WARNING:  Option 'mip_integral_gap_rel' deprecated, please use 'mip_opt_gap_rel'.
WARNING:  Option 'mip_integral_gap_abs' deprecated, please use 'mip_opt_gap_abs'.
WARNING:  Option 'mip_integral_gap_rel' deprecated, please use 'mip_opt_gap_rel'.
WARNING:  Option 'mip_integral_gap_abs' deprecated, please use 'mip_opt_gap_abs'.
WARNING:  Option 'mip_integral_gap_rel' deprecated, please use 'mip_opt_gap_rel'.
WARNING:  Option 'mip_integral_gap_abs' deprecated, please use 'mip_opt_gap_abs'.
WARNING:  Option 'mip_integral_gap_rel' deprecated, please use 'mip_opt_gap_rel'.
WARNING:  Option 'mip_integral_gap_abs' deprecated, please use 'mip_opt_gap_abs'.
WARNING:  Option 'mip_integral_gap_rel' deprecated, please use 'mip_opt_gap_rel'.
WARNING:  Option 'mip_integral_gap_abs' deprecated, please use 'mip_opt_gap_abs'.
WARNING:  Option 'mip_integral_gap_rel' deprecated, please use 'mip_opt_gap_rel'.
WARNING:  Option 'mip_integral_gap_abs' deprecated, please use 'mip_opt_gap_abs'.
WARNING:  Option 'mip_integral_gap_rel' deprecated, please use 'mip_opt_gap_rel'.
WARNING:  Option 'mip_integral_gap_abs' deprecated, please use 'mip_opt_gap_abs'.
WARNING:  Option 'mip_integral_gap_rel' deprecated, please use 'mip_opt_gap_rel'.
WARNING:  Option 'mip_integral_gap_abs' deprecated, please use 'mip_opt_gap_abs'.
WARNING:  Option 'mip_integral_gap_rel' deprecated, please use 'mip_opt_gap_rel'.
WARNING:  Option 'mip_integral_gap_abs' deprecated, please use 'mip_opt_gap_abs'.
WARNING:  Option 'mip_integral_gap_rel' deprecated, please use 'mip_opt_gap_rel'.
WARNING:  Option 'mip_integral_gap_abs' deprecated, please use 'mip_opt_gap_abs'.
WARNING:  Option 'mip_integral_gap_rel' deprecated, please use 'mip_opt_gap_rel'.
WARNING:  Option 'mip_integral_gap_abs' deprecated, please use 'mip_opt_gap_abs'.
WARNING:  Option 'mip_integral_gap_rel' deprecated, please use 'mip_opt_gap_rel'.
WARNING:  Option 'mip_integral_gap_abs' deprecated, please use 'mip_opt_gap_abs'.
WARNING:  Option 'mip_integral_gap_rel' deprecated, please use 'mip_opt_gap_rel'.
WARNING:  Option 'mip_integral_gap_abs' deprecated, please use 'mip_opt_gap_abs'.
WARNING:  Option 'mip_integral_gap_rel' deprecated, please use 'mip_opt_gap_rel'.
WARNING:  Option 'mip_integral_gap_abs' deprecated, please use 'mip_opt_gap_abs'.
WARNING:  Option 'mip_integral_gap_rel' deprecated, please use 'mip_opt_gap_rel'.
WARNING:  Option 'mip_integral_gap_abs' deprecated, please use 'mip_opt_gap_abs'.
WARNING:  Option 'mip_integral_gap_rel' deprecated, please use 'mip_opt_gap_rel'.
WARNING:  Option 'mip_integral_gap_abs' deprecated, please use 'mip_opt_gap_abs'.
WARNING:  Option 'mip_integral_gap_rel' deprecated, please use 'mip_opt_gap_rel'.
WARNING:  Option 'mip_integral_gap_abs' deprecated, please use 'mip_opt_gap_abs'.
WARNING:  Option 'mip_integral_gap_rel' deprecated, please use 'mip_opt_gap_rel'.
WARNING:  Option 'mip_integral_gap_abs' deprecated, please use 'mip_opt_gap_abs'.
WARNING:  Option 'mip_integral_gap_rel' deprecated, please use 'mip_opt_gap_rel'.
WARNING:  Option 'mip_integral_gap_abs' deprecated, please use 'mip_opt_gap_abs'.
WARNING:  Option 'mip_integral_gap_rel' deprecated, please use 'mip_opt_gap_rel'.
WARNING:  Option 'mip_integral_gap_abs' deprecated, please use 'mip_opt_gap_abs'.
WARNING:  Option 'mip_integral_gap_rel' deprecated, please use 'mip_opt_gap_rel'.
WARNING:  Option 'mip_integral_gap_abs' deprecated, please use 'mip_opt_gap_abs'.
WARNING:  Option 'mip_integral_gap_rel' deprecated, please use 'mip_opt_gap_rel'.
WARNING:  Option 'mip_integral_gap_abs' deprecated, please use 'mip_opt_gap_abs'.
WARNING:  Option 'mip_integral_gap_rel' deprecated, please use 'mip_opt_gap_rel'.
WARNING:  Option 'mip_integral_gap_abs' deprecated, please use 'mip_opt_gap_abs'.
WARNING:  Option 'mip_integral_gap_rel' deprecated, please use 'mip_opt_gap_rel'.
WARNING:  Option 'mip_integral_gap_abs' deprecated, please use 'mip_opt_gap_abs'.
WARNING:  Option 'mip_integral_gap_rel' deprecated, please use 'mip_opt_gap_rel'.
WARNING:  Option 'mip_integral_gap_abs' deprecated, please use 'mip_opt_gap_abs'.
WARNING:  Option 'mip_integral_gap_rel' deprecated, please use 'mip_opt_gap_rel'.
WARNING:  Option 'mip_integral_gap_abs' deprecated, please use 'mip_opt_gap_abs'.
WARNING:  Option 'mip_integral_gap_rel' deprecated, please use 'mip_opt_gap_rel'.
WARNING:  Option 'mip_integral_gap_abs' deprecated, please use 'mip_opt_gap_abs'.
WARNING:  Option 'mip_integral_gap_rel' deprecated, please use 'mip_opt_gap_rel'.
WARNING:  Option 'mip_integral_gap_abs' deprecated, please use 'mip_opt_gap_abs'.
WARNING:  Option 'mip_integral_gap_rel' deprecated, please use 'mip_opt_gap_rel'.
WARNING:  Option 'mip_integral_gap_abs' deprecated, please use 'mip_opt_gap_abs'.
WARNING:  Option 'mip_integral_gap_rel' deprecated, please use 'mip_opt_gap_rel'.
WARNING:  Option 'mip_integral_gap_abs' deprecated, please use 'mip_opt_gap_abs'.
WARNING:  Option 'mip_integral_gap_rel' deprecated, please use 'mip_opt_gap_rel'.
WARNING:  Option 'mip_integral_gap_abs' deprecated, please use 'mip_opt_gap_abs'.
WARNING:  Option 'mip_integral_gap_rel' deprecated, please use 'mip_opt_gap_rel'.
WARNING:  Option 'mip_integral_gap_abs' deprecated, please use 'mip_opt_gap_abs'.
WARNING:  Option 'mip_integral_gap_rel' deprecated, please use 'mip_opt_gap_rel'.
WARNING:  Option 'mip_integral_gap_abs' deprecated, please use 'mip_opt_gap_abs'.
WARNING:  Option 'mip_integral_gap_rel' deprecated, please use 'mip_opt_gap_rel'.
WARNING:  Option 'mip_integral_gap_abs' deprecated, please use 'mip_opt_gap_abs'.
WARNING:  Option 'mip_integral_gap_rel' deprecated, please use 'mip_opt_gap_rel'.
      43    8.930775e-01   0.000e+00   7.267e-02   4.521e-03        1
WARNING:  Option 'mip_integral_gap_abs' deprecated, please use 'mip_opt_gap_abs'.
WARNING:  Option 'mip_integral_gap_rel' deprecated, please use 'mip_opt_gap_rel'.
WARNING:  Option 'mip_integral_gap_abs' deprecated, please use 'mip_opt_gap_abs'.
WARNING:  Option 'mip_integral_gap_rel' deprecated, please use 'mip_opt_gap_rel'.
WARNING:  Option 'mip_integral_gap_abs' deprecated, please use 'mip_opt_gap_abs'.
WARNING:  Option 'mip_integral_gap_rel' deprecated, please use 'mip_opt_gap_rel'.
WARNING:  Option 'mip_integral_gap_abs' deprecated, please use 'mip_opt_gap_abs'.
WARNING:  Option 'mip_integral_gap_rel' deprecated, please use 'mip_opt_gap_rel'.
WARNING:  Option 'mip_integral_gap_abs' deprecated, please use 'mip_opt_gap_abs'.
WARNING:  Option 'mip_integral_gap_rel' deprecated, please use 'mip_opt_gap_rel'.
WARNING:  Option 'mip_integral_gap_abs' deprecated, please use 'mip_opt_gap_abs'.
WARNING:  Option 'mip_integral_gap_rel' deprecated, please use 'mip_opt_gap_rel'.
WARNING:  Option 'mip_integral_gap_abs' deprecated, please use 'mip_opt_gap_abs'.
WARNING:  Option 'mip_integral_gap_rel' deprecated, please use 'mip_opt_gap_rel'.
WARNING:  Option 'mip_integral_gap_abs' deprecated, please use 'mip_opt_gap_abs'.
WARNING:  Option 'mip_integral_gap_rel' deprecated, please use 'mip_opt_gap_rel'.
WARNING:  Option 'mip_integral_gap_abs' deprecated, please use 'mip_opt_gap_abs'.
WARNING:  Option 'mip_integral_gap_rel' deprecated, please use 'mip_opt_gap_rel'.
WARNING:  Option 'mip_integral_gap_abs' deprecated, please use 'mip_opt_gap_abs'.
WARNING:  Option 'mip_integral_gap_rel' deprecated, please use 'mip_opt_gap_rel'.
WARNING:  Option 'mip_integral_gap_abs' deprecated, please use 'mip_opt_gap_abs'.
WARNING:  Option 'mip_integral_gap_rel' deprecated, please use 'mip_opt_gap_rel'.
WARNING:  Option 'mip_integral_gap_abs' deprecated, please use 'mip_opt_gap_abs'.
WARNING:  Option 'mip_integral_gap_rel' deprecated, please use 'mip_opt_gap_rel'.
WARNING:  Option 'mip_integral_gap_abs' deprecated, please use 'mip_opt_gap_abs'.
WARNING:  Option 'mip_integral_gap_rel' deprecated, please use 'mip_opt_gap_rel'.
WARNING:  Option 'mip_integral_gap_abs' deprecated, please use 'mip_opt_gap_abs'.
WARNING:  Option 'mip_integral_gap_rel' deprecated, please use 'mip_opt_gap_rel'.
WARNING:  Option 'mip_integral_gap_abs' deprecated, please use 'mip_opt_gap_abs'.
WARNING:  Option 'mip_integral_gap_rel' deprecated, please use 'mip_opt_gap_rel'.
WARNING:  Option 'mip_integral_gap_abs' deprecated, please use 'mip_opt_gap_abs'.
WARNING:  Option 'mip_integral_gap_rel' deprecated, please use 'mip_opt_gap_rel'.
WARNING:  Option 'mip_integral_gap_abs' deprecated, please use 'mip_opt_gap_abs'.
WARNING:  Option 'mip_integral_gap_rel' deprecated, please use 'mip_opt_gap_rel'.
WARNING:  Option 'mip_integral_gap_abs' deprecated, please use 'mip_opt_gap_abs'.
WARNING:  Option 'mip_integral_gap_rel' deprecated, please use 'mip_opt_gap_rel'.
WARNING:  Option 'mip_integral_gap_abs' deprecated, please use 'mip_opt_gap_abs'.
WARNING:  Option 'mip_integral_gap_rel' deprecated, please use 'mip_opt_gap_rel'.
WARNING:  Option 'mip_integral_gap_abs' deprecated, please use 'mip_opt_gap_abs'.
WARNING:  Option 'mip_integral_gap_rel' deprecated, please use 'mip_opt_gap_rel'.
WARNING:  Option 'mip_integral_gap_abs' deprecated, please use 'mip_opt_gap_abs'.
WARNING:  Option 'mip_integral_gap_rel' deprecated, please use 'mip_opt_gap_rel'.
WARNING:  Option 'mip_integral_gap_abs' deprecated, please use 'mip_opt_gap_abs'.
WARNING:  Option 'mip_integral_gap_rel' deprecated, please use 'mip_opt_gap_rel'.
WARNING:  Option 'mip_integral_gap_abs' deprecated, please use 'mip_opt_gap_abs'.
WARNING:  Option 'mip_integral_gap_rel' deprecated, please use 'mip_opt_gap_rel'.
WARNING:  Option 'mip_integral_gap_abs' deprecated, please use 'mip_opt_gap_abs'.
WARNING:  Option 'mip_integral_gap_rel' deprecated, please use 'mip_opt_gap_rel'.
WARNING:  Option 'mip_integral_gap_abs' deprecated, please use 'mip_opt_gap_abs'.
WARNING:  Option 'mip_integral_gap_rel' deprecated, please use 'mip_opt_gap_rel'.
WARNING:  Option 'mip_integral_gap_abs' deprecated, please use 'mip_opt_gap_abs'.
WARNING:  Option 'mip_integral_gap_rel' deprecated, please use 'mip_opt_gap_rel'.
WARNING:  Option 'mip_integral_gap_abs' deprecated, please use 'mip_opt_gap_abs'.
WARNING:  Option 'mip_integral_gap_rel' deprecated, please use 'mip_opt_gap_rel'.
WARNING:  Option 'mip_integral_gap_abs' deprecated, please use 'mip_opt_gap_abs'.
WARNING:  Option 'mip_integral_gap_rel' deprecated, please use 'mip_opt_gap_rel'.
WARNING:  Option 'mip_integral_gap_abs' deprecated, please use 'mip_opt_gap_abs'.
WARNING:  Option 'mip_integral_gap_rel' deprecated, please use 'mip_opt_gap_rel'.
WARNING:  Option 'mip_integral_gap_abs' deprecated, please use 'mip_opt_gap_abs'.
WARNING:  Option 'mip_integral_gap_rel' deprecated, please use 'mip_opt_gap_rel'.
WARNING:  Option 'mip_integral_gap_abs' deprecated, please use 'mip_opt_gap_abs'.
WARNING:  Option 'mip_integral_gap_rel' deprecated, please use 'mip_opt_gap_rel'.
WARNING:  Option 'mip_integral_gap_abs' deprecated, please use 'mip_opt_gap_abs'.
WARNING:  Option 'mip_integral_gap_rel' deprecated, please use 'mip_opt_gap_rel'.
WARNING:  Option 'mip_integral_gap_abs' deprecated, please use 'mip_opt_gap_abs'.
WARNING:  Option 'mip_integral_gap_rel' deprecated, please use 'mip_opt_gap_rel'.
WARNING:  Option 'mip_integral_gap_abs' deprecated, please use 'mip_opt_gap_abs'.
WARNING:  Option 'mip_integral_gap_rel' deprecated, please use 'mip_opt_gap_rel'.
WARNING:  Option 'mip_integral_gap_abs' deprecated, please use 'mip_opt_gap_abs'.
WARNING:  Option 'mip_integral_gap_rel' deprecated, please use 'mip_opt_gap_rel'.
WARNING:  Option 'mip_integral_gap_abs' deprecated, please use 'mip_opt_gap_abs'.
WARNING:  Option 'mip_integral_gap_rel' deprecated, please use 'mip_opt_gap_rel'.
WARNING:  Option 'mip_integral_gap_abs' deprecated, please use 'mip_opt_gap_abs'.
WARNING:  Option 'mip_integral_gap_rel' deprecated, please use 'mip_opt_gap_rel'.
WARNING:  Option 'mip_integral_gap_abs' deprecated, please use 'mip_opt_gap_abs'.
WARNING:  Option 'mip_integral_gap_rel' deprecated, please use 'mip_opt_gap_rel'.
WARNING:  Option 'mip_integral_gap_abs' deprecated, please use 'mip_opt_gap_abs'.
WARNING:  Option 'mip_integral_gap_rel' deprecated, please use 'mip_opt_gap_rel'.
WARNING:  Option 'mip_integral_gap_abs' deprecated, please use 'mip_opt_gap_abs'.
WARNING:  Option 'mip_integral_gap_rel' deprecated, please use 'mip_opt_gap_rel'.
WARNING:  Option 'mip_integral_gap_abs' deprecated, please use 'mip_opt_gap_abs'.
WARNING:  Option 'mip_integral_gap_rel' deprecated, please use 'mip_opt_gap_rel'.
WARNING:  Option 'mip_integral_gap_abs' deprecated, please use 'mip_opt_gap_abs'.
WARNING:  Option 'mip_integral_gap_rel' deprecated, please use 'mip_opt_gap_rel'.
WARNING:  Option 'mip_integral_gap_abs' deprecated, please use 'mip_opt_gap_abs'.
WARNING:  Option 'mip_integral_gap_rel' deprecated, please use 'mip_opt_gap_rel'.
      44    8.930884e-01   0.000e+00   7.164e-02   1.149e-03        1
WARNING:  Option 'mip_integral_gap_abs' deprecated, please use 'mip_opt_gap_abs'.
WARNING:  Option 'mip_integral_gap_rel' deprecated, please use 'mip_opt_gap_rel'.
WARNING:  Option 'mip_integral_gap_abs' deprecated, please use 'mip_opt_gap_abs'.
WARNING:  Option 'mip_integral_gap_rel' deprecated, please use 'mip_opt_gap_rel'.
WARNING:  Option 'mip_integral_gap_abs' deprecated, please use 'mip_opt_gap_abs'.
WARNING:  Option 'mip_integral_gap_rel' deprecated, please use 'mip_opt_gap_rel'.
WARNING:  Option 'mip_integral_gap_abs' deprecated, please use 'mip_opt_gap_abs'.
WARNING:  Option 'mip_integral_gap_rel' deprecated, please use 'mip_opt_gap_rel'.
WARNING:  Option 'mip_integral_gap_abs' deprecated, please use 'mip_opt_gap_abs'.
WARNING:  Option 'mip_integral_gap_rel' deprecated, please use 'mip_opt_gap_rel'.
WARNING:  Option 'mip_integral_gap_abs' deprecated, please use 'mip_opt_gap_abs'.
WARNING:  Option 'mip_integral_gap_rel' deprecated, please use 'mip_opt_gap_rel'.
WARNING:  Option 'mip_integral_gap_abs' deprecated, please use 'mip_opt_gap_abs'.
WARNING:  Option 'mip_integral_gap_rel' deprecated, please use 'mip_opt_gap_rel'.
WARNING:  Option 'mip_integral_gap_abs' deprecated, please use 'mip_opt_gap_abs'.
WARNING:  Option 'mip_integral_gap_rel' deprecated, please use 'mip_opt_gap_rel'.
WARNING:  Option 'mip_integral_gap_abs' deprecated, please use 'mip_opt_gap_abs'.
WARNING:  Option 'mip_integral_gap_rel' deprecated, please use 'mip_opt_gap_rel'.
WARNING:  Option 'mip_integral_gap_abs' deprecated, please use 'mip_opt_gap_abs'.
WARNING:  Option 'mip_integral_gap_rel' deprecated, please use 'mip_opt_gap_rel'.
WARNING:  Option 'mip_integral_gap_abs' deprecated, please use 'mip_opt_gap_abs'.
WARNING:  Option 'mip_integral_gap_rel' deprecated, please use 'mip_opt_gap_rel'.
WARNING:  Option 'mip_integral_gap_abs' deprecated, please use 'mip_opt_gap_abs'.
WARNING:  Option 'mip_integral_gap_rel' deprecated, please use 'mip_opt_gap_rel'.
WARNING:  Option 'mip_integral_gap_abs' deprecated, please use 'mip_opt_gap_abs'.
WARNING:  Option 'mip_integral_gap_rel' deprecated, please use 'mip_opt_gap_rel'.
WARNING:  Option 'mip_integral_gap_abs' deprecated, please use 'mip_opt_gap_abs'.
WARNING:  Option 'mip_integral_gap_rel' deprecated, please use 'mip_opt_gap_rel'.
WARNING:  Option 'mip_integral_gap_abs' deprecated, please use 'mip_opt_gap_abs'.
WARNING:  Option 'mip_integral_gap_rel' deprecated, please use 'mip_opt_gap_rel'.
WARNING:  Option 'mip_integral_gap_abs' deprecated, please use 'mip_opt_gap_abs'.
WARNING:  Option 'mip_integral_gap_rel' deprecated, please use 'mip_opt_gap_rel'.
WARNING:  Option 'mip_integral_gap_abs' deprecated, please use 'mip_opt_gap_abs'.
WARNING:  Option 'mip_integral_gap_rel' deprecated, please use 'mip_opt_gap_rel'.
WARNING:  Option 'mip_integral_gap_abs' deprecated, please use 'mip_opt_gap_abs'.
WARNING:  Option 'mip_integral_gap_rel' deprecated, please use 'mip_opt_gap_rel'.
WARNING:  Option 'mip_integral_gap_abs' deprecated, please use 'mip_opt_gap_abs'.
WARNING:  Option 'mip_integral_gap_rel' deprecated, please use 'mip_opt_gap_rel'.
WARNING:  Option 'mip_integral_gap_abs' deprecated, please use 'mip_opt_gap_abs'.
WARNING:  Option 'mip_integral_gap_rel' deprecated, please use 'mip_opt_gap_rel'.
WARNING:  Option 'mip_integral_gap_abs' deprecated, please use 'mip_opt_gap_abs'.
WARNING:  Option 'mip_integral_gap_rel' deprecated, please use 'mip_opt_gap_rel'.
WARNING:  Option 'mip_integral_gap_abs' deprecated, please use 'mip_opt_gap_abs'.
WARNING:  Option 'mip_integral_gap_rel' deprecated, please use 'mip_opt_gap_rel'.
WARNING:  Option 'mip_integral_gap_abs' deprecated, please use 'mip_opt_gap_abs'.
WARNING:  Option 'mip_integral_gap_rel' deprecated, please use 'mip_opt_gap_rel'.
WARNING:  Option 'mip_integral_gap_abs' deprecated, please use 'mip_opt_gap_abs'.
WARNING:  Option 'mip_integral_gap_rel' deprecated, please use 'mip_opt_gap_rel'.
WARNING:  Option 'mip_integral_gap_abs' deprecated, please use 'mip_opt_gap_abs'.
WARNING:  Option 'mip_integral_gap_rel' deprecated, please use 'mip_opt_gap_rel'.
WARNING:  Option 'mip_integral_gap_abs' deprecated, please use 'mip_opt_gap_abs'.
WARNING:  Option 'mip_integral_gap_rel' deprecated, please use 'mip_opt_gap_rel'.
WARNING:  Option 'mip_integral_gap_abs' deprecated, please use 'mip_opt_gap_abs'.
WARNING:  Option 'mip_integral_gap_rel' deprecated, please use 'mip_opt_gap_rel'.
WARNING:  Option 'mip_integral_gap_abs' deprecated, please use 'mip_opt_gap_abs'.
WARNING:  Option 'mip_integral_gap_rel' deprecated, please use 'mip_opt_gap_rel'.
WARNING:  Option 'mip_integral_gap_abs' deprecated, please use 'mip_opt_gap_abs'.
WARNING:  Option 'mip_integral_gap_rel' deprecated, please use 'mip_opt_gap_rel'.
WARNING:  Option 'mip_integral_gap_abs' deprecated, please use 'mip_opt_gap_abs'.
WARNING:  Option 'mip_integral_gap_rel' deprecated, please use 'mip_opt_gap_rel'.
WARNING:  Option 'mip_integral_gap_abs' deprecated, please use 'mip_opt_gap_abs'.
WARNING:  Option 'mip_integral_gap_rel' deprecated, please use 'mip_opt_gap_rel'.
WARNING:  Option 'mip_integral_gap_abs' deprecated, please use 'mip_opt_gap_abs'.
WARNING:  Option 'mip_integral_gap_rel' deprecated, please use 'mip_opt_gap_rel'.
WARNING:  Option 'mip_integral_gap_abs' deprecated, please use 'mip_opt_gap_abs'.
WARNING:  Option 'mip_integral_gap_rel' deprecated, please use 'mip_opt_gap_rel'.
WARNING:  Option 'mip_integral_gap_abs' deprecated, please use 'mip_opt_gap_abs'.
WARNING:  Option 'mip_integral_gap_rel' deprecated, please use 'mip_opt_gap_rel'.
WARNING:  Option 'mip_integral_gap_abs' deprecated, please use 'mip_opt_gap_abs'.
WARNING:  Option 'mip_integral_gap_rel' deprecated, please use 'mip_opt_gap_rel'.
WARNING:  Option 'mip_integral_gap_abs' deprecated, please use 'mip_opt_gap_abs'.
WARNING:  Option 'mip_integral_gap_rel' deprecated, please use 'mip_opt_gap_rel'.
WARNING:  Option 'mip_integral_gap_abs' deprecated, please use 'mip_opt_gap_abs'.
WARNING:  Option 'mip_integral_gap_rel' deprecated, please use 'mip_opt_gap_rel'.
WARNING:  Option 'mip_integral_gap_abs' deprecated, please use 'mip_opt_gap_abs'.
WARNING:  Option 'mip_integral_gap_rel' deprecated, please use 'mip_opt_gap_rel'.
WARNING:  Option 'mip_integral_gap_abs' deprecated, please use 'mip_opt_gap_abs'.
WARNING:  Option 'mip_integral_gap_rel' deprecated, please use 'mip_opt_gap_rel'.
WARNING:  Option 'mip_integral_gap_abs' deprecated, please use 'mip_opt_gap_abs'.
WARNING:  Option 'mip_integral_gap_rel' deprecated, please use 'mip_opt_gap_rel'.
WARNING:  Option 'mip_integral_gap_abs' deprecated, please use 'mip_opt_gap_abs'.
WARNING:  Option 'mip_integral_gap_rel' deprecated, please use 'mip_opt_gap_rel'.
WARNING:  Option 'mip_integral_gap_abs' deprecated, please use 'mip_opt_gap_abs'.
WARNING:  Option 'mip_integral_gap_rel' deprecated, please use 'mip_opt_gap_rel'.
      45    8.930878e-01   0.000e+00   7.217e-02   2.829e-04        1
WARNING:  Option 'mip_integral_gap_abs' deprecated, please use 'mip_opt_gap_abs'.
WARNING:  Option 'mip_integral_gap_rel' deprecated, please use 'mip_opt_gap_rel'.
WARNING:  Option 'mip_integral_gap_abs' deprecated, please use 'mip_opt_gap_abs'.
WARNING:  Option 'mip_integral_gap_rel' deprecated, please use 'mip_opt_gap_rel'.
WARNING:  Option 'mip_integral_gap_abs' deprecated, please use 'mip_opt_gap_abs'.
WARNING:  Option 'mip_integral_gap_rel' deprecated, please use 'mip_opt_gap_rel'.
WARNING:  Option 'mip_integral_gap_abs' deprecated, please use 'mip_opt_gap_abs'.
WARNING:  Option 'mip_integral_gap_rel' deprecated, please use 'mip_opt_gap_rel'.
WARNING:  Option 'mip_integral_gap_abs' deprecated, please use 'mip_opt_gap_abs'.
WARNING:  Option 'mip_integral_gap_rel' deprecated, please use 'mip_opt_gap_rel'.
WARNING:  Option 'mip_integral_gap_abs' deprecated, please use 'mip_opt_gap_abs'.
WARNING:  Option 'mip_integral_gap_rel' deprecated, please use 'mip_opt_gap_rel'.
WARNING:  Option 'mip_integral_gap_abs' deprecated, please use 'mip_opt_gap_abs'.
WARNING:  Option 'mip_integral_gap_rel' deprecated, please use 'mip_opt_gap_rel'.
WARNING:  Option 'mip_integral_gap_abs' deprecated, please use 'mip_opt_gap_abs'.
WARNING:  Option 'mip_integral_gap_rel' deprecated, please use 'mip_opt_gap_rel'.
WARNING:  Option 'mip_integral_gap_abs' deprecated, please use 'mip_opt_gap_abs'.
WARNING:  Option 'mip_integral_gap_rel' deprecated, please use 'mip_opt_gap_rel'.
WARNING:  Option 'mip_integral_gap_abs' deprecated, please use 'mip_opt_gap_abs'.
WARNING:  Option 'mip_integral_gap_rel' deprecated, please use 'mip_opt_gap_rel'.
WARNING:  Option 'mip_integral_gap_abs' deprecated, please use 'mip_opt_gap_abs'.
WARNING:  Option 'mip_integral_gap_rel' deprecated, please use 'mip_opt_gap_rel'.
WARNING:  Option 'mip_integral_gap_abs' deprecated, please use 'mip_opt_gap_abs'.
WARNING:  Option 'mip_integral_gap_rel' deprecated, please use 'mip_opt_gap_rel'.
WARNING:  Option 'mip_integral_gap_abs' deprecated, please use 'mip_opt_gap_abs'.
WARNING:  Option 'mip_integral_gap_rel' deprecated, please use 'mip_opt_gap_rel'.
WARNING:  Option 'mip_integral_gap_abs' deprecated, please use 'mip_opt_gap_abs'.
WARNING:  Option 'mip_integral_gap_rel' deprecated, please use 'mip_opt_gap_rel'.
WARNING:  Option 'mip_integral_gap_abs' deprecated, please use 'mip_opt_gap_abs'.
WARNING:  Option 'mip_integral_gap_rel' deprecated, please use 'mip_opt_gap_rel'.
WARNING:  Option 'mip_integral_gap_abs' deprecated, please use 'mip_opt_gap_abs'.
WARNING:  Option 'mip_integral_gap_rel' deprecated, please use 'mip_opt_gap_rel'.
WARNING:  Option 'mip_integral_gap_abs' deprecated, please use 'mip_opt_gap_abs'.
WARNING:  Option 'mip_integral_gap_rel' deprecated, please use 'mip_opt_gap_rel'.
WARNING:  Option 'mip_integral_gap_abs' deprecated, please use 'mip_opt_gap_abs'.
WARNING:  Option 'mip_integral_gap_rel' deprecated, please use 'mip_opt_gap_rel'.
WARNING:  Option 'mip_integral_gap_abs' deprecated, please use 'mip_opt_gap_abs'.
WARNING:  Option 'mip_integral_gap_rel' deprecated, please use 'mip_opt_gap_rel'.
WARNING:  Option 'mip_integral_gap_abs' deprecated, please use 'mip_opt_gap_abs'.
WARNING:  Option 'mip_integral_gap_rel' deprecated, please use 'mip_opt_gap_rel'.
WARNING:  Option 'mip_integral_gap_abs' deprecated, please use 'mip_opt_gap_abs'.
WARNING:  Option 'mip_integral_gap_rel' deprecated, please use 'mip_opt_gap_rel'.
WARNING:  Option 'mip_integral_gap_abs' deprecated, please use 'mip_opt_gap_abs'.
WARNING:  Option 'mip_integral_gap_rel' deprecated, please use 'mip_opt_gap_rel'.
WARNING:  Option 'mip_integral_gap_abs' deprecated, please use 'mip_opt_gap_abs'.
WARNING:  Option 'mip_integral_gap_rel' deprecated, please use 'mip_opt_gap_rel'.
WARNING:  Option 'mip_integral_gap_abs' deprecated, please use 'mip_opt_gap_abs'.
WARNING:  Option 'mip_integral_gap_rel' deprecated, please use 'mip_opt_gap_rel'.
WARNING:  Option 'mip_integral_gap_abs' deprecated, please use 'mip_opt_gap_abs'.
WARNING:  Option 'mip_integral_gap_rel' deprecated, please use 'mip_opt_gap_rel'.
WARNING:  Option 'mip_integral_gap_abs' deprecated, please use 'mip_opt_gap_abs'.
WARNING:  Option 'mip_integral_gap_rel' deprecated, please use 'mip_opt_gap_rel'.
WARNING:  Option 'mip_integral_gap_abs' deprecated, please use 'mip_opt_gap_abs'.
WARNING:  Option 'mip_integral_gap_rel' deprecated, please use 'mip_opt_gap_rel'.
WARNING:  Option 'mip_integral_gap_abs' deprecated, please use 'mip_opt_gap_abs'.
WARNING:  Option 'mip_integral_gap_rel' deprecated, please use 'mip_opt_gap_rel'.
WARNING:  Option 'mip_integral_gap_abs' deprecated, please use 'mip_opt_gap_abs'.
WARNING:  Option 'mip_integral_gap_rel' deprecated, please use 'mip_opt_gap_rel'.
WARNING:  Option 'mip_integral_gap_abs' deprecated, please use 'mip_opt_gap_abs'.
WARNING:  Option 'mip_integral_gap_rel' deprecated, please use 'mip_opt_gap_rel'.
WARNING:  Option 'mip_integral_gap_abs' deprecated, please use 'mip_opt_gap_abs'.
WARNING:  Option 'mip_integral_gap_rel' deprecated, please use 'mip_opt_gap_rel'.
WARNING:  Option 'mip_integral_gap_abs' deprecated, please use 'mip_opt_gap_abs'.
WARNING:  Option 'mip_integral_gap_rel' deprecated, please use 'mip_opt_gap_rel'.
WARNING:  Option 'mip_integral_gap_abs' deprecated, please use 'mip_opt_gap_abs'.
WARNING:  Option 'mip_integral_gap_rel' deprecated, please use 'mip_opt_gap_rel'.
WARNING:  Option 'mip_integral_gap_abs' deprecated, please use 'mip_opt_gap_abs'.
WARNING:  Option 'mip_integral_gap_rel' deprecated, please use 'mip_opt_gap_rel'.
WARNING:  Option 'mip_integral_gap_abs' deprecated, please use 'mip_opt_gap_abs'.
WARNING:  Option 'mip_integral_gap_rel' deprecated, please use 'mip_opt_gap_rel'.
WARNING:  Option 'mip_integral_gap_abs' deprecated, please use 'mip_opt_gap_abs'.
WARNING:  Option 'mip_integral_gap_rel' deprecated, please use 'mip_opt_gap_rel'.
WARNING:  Option 'mip_integral_gap_abs' deprecated, please use 'mip_opt_gap_abs'.
WARNING:  Option 'mip_integral_gap_rel' deprecated, please use 'mip_opt_gap_rel'.
WARNING:  Option 'mip_integral_gap_abs' deprecated, please use 'mip_opt_gap_abs'.
WARNING:  Option 'mip_integral_gap_rel' deprecated, please use 'mip_opt_gap_rel'.
WARNING:  Option 'mip_integral_gap_abs' deprecated, please use 'mip_opt_gap_abs'.
WARNING:  Option 'mip_integral_gap_rel' deprecated, please use 'mip_opt_gap_rel'.
WARNING:  Option 'mip_integral_gap_abs' deprecated, please use 'mip_opt_gap_abs'.
WARNING:  Option 'mip_integral_gap_rel' deprecated, please use 'mip_opt_gap_rel'.
WARNING:  Option 'mip_integral_gap_abs' deprecated, please use 'mip_opt_gap_abs'.
WARNING:  Option 'mip_integral_gap_rel' deprecated, please use 'mip_opt_gap_rel'.
WARNING:  Option 'mip_integral_gap_abs' deprecated, please use 'mip_opt_gap_abs'.
WARNING:  Option 'mip_integral_gap_rel' deprecated, please use 'mip_opt_gap_rel'.
WARNING:  Option 'mip_integral_gap_abs' deprecated, please use 'mip_opt_gap_abs'.
WARNING:  Option 'mip_integral_gap_rel' deprecated, please use 'mip_opt_gap_rel'.
WARNING:  Option 'mip_integral_gap_abs' deprecated, please use 'mip_opt_gap_abs'.
WARNING:  Option 'mip_integral_gap_rel' deprecated, please use 'mip_opt_gap_rel'.
WARNING:  Option 'mip_integral_gap_abs' deprecated, please use 'mip_opt_gap_abs'.
WARNING:  Option 'mip_integral_gap_rel' deprecated, please use 'mip_opt_gap_rel'.
WARNING:  Option 'mip_integral_gap_abs' deprecated, please use 'mip_opt_gap_abs'.
WARNING:  Option 'mip_integral_gap_rel' deprecated, please use 'mip_opt_gap_rel'.
WARNING:  Option 'mip_integral_gap_abs' deprecated, please use 'mip_opt_gap_abs'.
WARNING:  Option 'mip_integral_gap_rel' deprecated, please use 'mip_opt_gap_rel'.
WARNING:  Option 'mip_integral_gap_abs' deprecated, please use 'mip_opt_gap_abs'.
WARNING:  Option 'mip_integral_gap_rel' deprecated, please use 'mip_opt_gap_rel'.
      46    8.930876e-01   0.000e+00   7.229e-02   6.189e-05        1
WARNING:  Option 'mip_integral_gap_abs' deprecated, please use 'mip_opt_gap_abs'.
WARNING:  Option 'mip_integral_gap_rel' deprecated, please use 'mip_opt_gap_rel'.
WARNING:  Option 'mip_integral_gap_abs' deprecated, please use 'mip_opt_gap_abs'.
WARNING:  Option 'mip_integral_gap_rel' deprecated, please use 'mip_opt_gap_rel'.
WARNING:  Option 'mip_integral_gap_abs' deprecated, please use 'mip_opt_gap_abs'.
WARNING:  Option 'mip_integral_gap_rel' deprecated, please use 'mip_opt_gap_rel'.
WARNING:  Option 'mip_integral_gap_abs' deprecated, please use 'mip_opt_gap_abs'.
WARNING:  Option 'mip_integral_gap_rel' deprecated, please use 'mip_opt_gap_rel'.
WARNING:  Option 'mip_integral_gap_abs' deprecated, please use 'mip_opt_gap_abs'.
WARNING:  Option 'mip_integral_gap_rel' deprecated, please use 'mip_opt_gap_rel'.
WARNING:  Option 'mip_integral_gap_abs' deprecated, please use 'mip_opt_gap_abs'.
WARNING:  Option 'mip_integral_gap_rel' deprecated, please use 'mip_opt_gap_rel'.
WARNING:  Option 'mip_integral_gap_abs' deprecated, please use 'mip_opt_gap_abs'.
WARNING:  Option 'mip_integral_gap_rel' deprecated, please use 'mip_opt_gap_rel'.
WARNING:  Option 'mip_integral_gap_abs' deprecated, please use 'mip_opt_gap_abs'.
WARNING:  Option 'mip_integral_gap_rel' deprecated, please use 'mip_opt_gap_rel'.
WARNING:  Option 'mip_integral_gap_abs' deprecated, please use 'mip_opt_gap_abs'.
WARNING:  Option 'mip_integral_gap_rel' deprecated, please use 'mip_opt_gap_rel'.
WARNING:  Option 'mip_integral_gap_abs' deprecated, please use 'mip_opt_gap_abs'.
WARNING:  Option 'mip_integral_gap_rel' deprecated, please use 'mip_opt_gap_rel'.
WARNING:  Option 'mip_integral_gap_abs' deprecated, please use 'mip_opt_gap_abs'.
WARNING:  Option 'mip_integral_gap_rel' deprecated, please use 'mip_opt_gap_rel'.
WARNING:  Option 'mip_integral_gap_abs' deprecated, please use 'mip_opt_gap_abs'.
WARNING:  Option 'mip_integral_gap_rel' deprecated, please use 'mip_opt_gap_rel'.
WARNING:  Option 'mip_integral_gap_abs' deprecated, please use 'mip_opt_gap_abs'.
WARNING:  Option 'mip_integral_gap_rel' deprecated, please use 'mip_opt_gap_rel'.
WARNING:  Option 'mip_integral_gap_abs' deprecated, please use 'mip_opt_gap_abs'.
WARNING:  Option 'mip_integral_gap_rel' deprecated, please use 'mip_opt_gap_rel'.
WARNING:  Option 'mip_integral_gap_abs' deprecated, please use 'mip_opt_gap_abs'.
WARNING:  Option 'mip_integral_gap_rel' deprecated, please use 'mip_opt_gap_rel'.
WARNING:  Option 'mip_integral_gap_abs' deprecated, please use 'mip_opt_gap_abs'.
WARNING:  Option 'mip_integral_gap_rel' deprecated, please use 'mip_opt_gap_rel'.
WARNING:  Option 'mip_integral_gap_abs' deprecated, please use 'mip_opt_gap_abs'.
WARNING:  Option 'mip_integral_gap_rel' deprecated, please use 'mip_opt_gap_rel'.
WARNING:  Option 'mip_integral_gap_abs' deprecated, please use 'mip_opt_gap_abs'.
WARNING:  Option 'mip_integral_gap_rel' deprecated, please use 'mip_opt_gap_rel'.
WARNING:  Option 'mip_integral_gap_abs' deprecated, please use 'mip_opt_gap_abs'.
WARNING:  Option 'mip_integral_gap_rel' deprecated, please use 'mip_opt_gap_rel'.
WARNING:  Option 'mip_integral_gap_abs' deprecated, please use 'mip_opt_gap_abs'.
WARNING:  Option 'mip_integral_gap_rel' deprecated, please use 'mip_opt_gap_rel'.
WARNING:  Option 'mip_integral_gap_abs' deprecated, please use 'mip_opt_gap_abs'.
WARNING:  Option 'mip_integral_gap_rel' deprecated, please use 'mip_opt_gap_rel'.
WARNING:  Option 'mip_integral_gap_abs' deprecated, please use 'mip_opt_gap_abs'.
WARNING:  Option 'mip_integral_gap_rel' deprecated, please use 'mip_opt_gap_rel'.
WARNING:  Option 'mip_integral_gap_abs' deprecated, please use 'mip_opt_gap_abs'.
WARNING:  Option 'mip_integral_gap_rel' deprecated, please use 'mip_opt_gap_rel'.
WARNING:  Option 'mip_integral_gap_abs' deprecated, please use 'mip_opt_gap_abs'.
WARNING:  Option 'mip_integral_gap_rel' deprecated, please use 'mip_opt_gap_rel'.
WARNING:  Option 'mip_integral_gap_abs' deprecated, please use 'mip_opt_gap_abs'.
WARNING:  Option 'mip_integral_gap_rel' deprecated, please use 'mip_opt_gap_rel'.
WARNING:  Option 'mip_integral_gap_abs' deprecated, please use 'mip_opt_gap_abs'.
WARNING:  Option 'mip_integral_gap_rel' deprecated, please use 'mip_opt_gap_rel'.
WARNING:  Option 'mip_integral_gap_abs' deprecated, please use 'mip_opt_gap_abs'.
WARNING:  Option 'mip_integral_gap_rel' deprecated, please use 'mip_opt_gap_rel'.
WARNING:  Option 'mip_integral_gap_abs' deprecated, please use 'mip_opt_gap_abs'.
WARNING:  Option 'mip_integral_gap_rel' deprecated, please use 'mip_opt_gap_rel'.
WARNING:  Option 'mip_integral_gap_abs' deprecated, please use 'mip_opt_gap_abs'.
WARNING:  Option 'mip_integral_gap_rel' deprecated, please use 'mip_opt_gap_rel'.
WARNING:  Option 'mip_integral_gap_abs' deprecated, please use 'mip_opt_gap_abs'.
WARNING:  Option 'mip_integral_gap_rel' deprecated, please use 'mip_opt_gap_rel'.
WARNING:  Option 'mip_integral_gap_abs' deprecated, please use 'mip_opt_gap_abs'.
WARNING:  Option 'mip_integral_gap_rel' deprecated, please use 'mip_opt_gap_rel'.
WARNING:  Option 'mip_integral_gap_abs' deprecated, please use 'mip_opt_gap_abs'.
WARNING:  Option 'mip_integral_gap_rel' deprecated, please use 'mip_opt_gap_rel'.
WARNING:  Option 'mip_integral_gap_abs' deprecated, please use 'mip_opt_gap_abs'.
WARNING:  Option 'mip_integral_gap_rel' deprecated, please use 'mip_opt_gap_rel'.
WARNING:  Option 'mip_integral_gap_abs' deprecated, please use 'mip_opt_gap_abs'.
WARNING:  Option 'mip_integral_gap_rel' deprecated, please use 'mip_opt_gap_rel'.
WARNING:  Option 'mip_integral_gap_abs' deprecated, please use 'mip_opt_gap_abs'.
WARNING:  Option 'mip_integral_gap_rel' deprecated, please use 'mip_opt_gap_rel'.
WARNING:  Option 'mip_integral_gap_abs' deprecated, please use 'mip_opt_gap_abs'.
WARNING:  Option 'mip_integral_gap_rel' deprecated, please use 'mip_opt_gap_rel'.
WARNING:  Option 'mip_integral_gap_abs' deprecated, please use 'mip_opt_gap_abs'.
WARNING:  Option 'mip_integral_gap_rel' deprecated, please use 'mip_opt_gap_rel'.
WARNING:  Option 'mip_integral_gap_abs' deprecated, please use 'mip_opt_gap_abs'.
WARNING:  Option 'mip_integral_gap_rel' deprecated, please use 'mip_opt_gap_rel'.
WARNING:  Option 'mip_integral_gap_abs' deprecated, please use 'mip_opt_gap_abs'.
WARNING:  Option 'mip_integral_gap_rel' deprecated, please use 'mip_opt_gap_rel'.
WARNING:  Option 'mip_integral_gap_abs' deprecated, please use 'mip_opt_gap_abs'.
WARNING:  Option 'mip_integral_gap_rel' deprecated, please use 'mip_opt_gap_rel'.
WARNING:  Option 'mip_integral_gap_abs' deprecated, please use 'mip_opt_gap_abs'.
WARNING:  Option 'mip_integral_gap_rel' deprecated, please use 'mip_opt_gap_rel'.
WARNING:  Option 'mip_integral_gap_abs' deprecated, please use 'mip_opt_gap_abs'.
WARNING:  Option 'mip_integral_gap_rel' deprecated, please use 'mip_opt_gap_rel'.
WARNING:  Option 'mip_integral_gap_abs' deprecated, please use 'mip_opt_gap_abs'.
WARNING:  Option 'mip_integral_gap_rel' deprecated, please use 'mip_opt_gap_rel'.
WARNING:  Option 'mip_integral_gap_abs' deprecated, please use 'mip_opt_gap_abs'.
WARNING:  Option 'mip_integral_gap_rel' deprecated, please use 'mip_opt_gap_rel'.
WARNING:  Option 'mip_integral_gap_abs' deprecated, please use 'mip_opt_gap_abs'.
WARNING:  Option 'mip_integral_gap_rel' deprecated, please use 'mip_opt_gap_rel'.
      47    8.930876e-01   0.000e+00   7.235e-02   2.707e-05        1
WARNING:  Option 'mip_integral_gap_abs' deprecated, please use 'mip_opt_gap_abs'.
WARNING:  Option 'mip_integral_gap_rel' deprecated, please use 'mip_opt_gap_rel'.
WARNING:  Option 'mip_integral_gap_abs' deprecated, please use 'mip_opt_gap_abs'.
WARNING:  Option 'mip_integral_gap_rel' deprecated, please use 'mip_opt_gap_rel'.
WARNING:  Option 'mip_integral_gap_abs' deprecated, please use 'mip_opt_gap_abs'.
WARNING:  Option 'mip_integral_gap_rel' deprecated, please use 'mip_opt_gap_rel'.
WARNING:  Option 'mip_integral_gap_abs' deprecated, please use 'mip_opt_gap_abs'.
WARNING:  Option 'mip_integral_gap_rel' deprecated, please use 'mip_opt_gap_rel'.
WARNING:  Option 'mip_integral_gap_abs' deprecated, please use 'mip_opt_gap_abs'.
WARNING:  Option 'mip_integral_gap_rel' deprecated, please use 'mip_opt_gap_rel'.
WARNING:  Option 'mip_integral_gap_abs' deprecated, please use 'mip_opt_gap_abs'.
WARNING:  Option 'mip_integral_gap_rel' deprecated, please use 'mip_opt_gap_rel'.
WARNING:  Option 'mip_integral_gap_abs' deprecated, please use 'mip_opt_gap_abs'.
WARNING:  Option 'mip_integral_gap_rel' deprecated, please use 'mip_opt_gap_rel'.
WARNING:  Option 'mip_integral_gap_abs' deprecated, please use 'mip_opt_gap_abs'.
WARNING:  Option 'mip_integral_gap_rel' deprecated, please use 'mip_opt_gap_rel'.
WARNING:  Option 'mip_integral_gap_abs' deprecated, please use 'mip_opt_gap_abs'.
WARNING:  Option 'mip_integral_gap_rel' deprecated, please use 'mip_opt_gap_rel'.
WARNING:  Option 'mip_integral_gap_abs' deprecated, please use 'mip_opt_gap_abs'.
WARNING:  Option 'mip_integral_gap_rel' deprecated, please use 'mip_opt_gap_rel'.
WARNING:  Option 'mip_integral_gap_abs' deprecated, please use 'mip_opt_gap_abs'.
WARNING:  Option 'mip_integral_gap_rel' deprecated, please use 'mip_opt_gap_rel'.
WARNING:  Option 'mip_integral_gap_abs' deprecated, please use 'mip_opt_gap_abs'.
WARNING:  Option 'mip_integral_gap_rel' deprecated, please use 'mip_opt_gap_rel'.
WARNING:  Option 'mip_integral_gap_abs' deprecated, please use 'mip_opt_gap_abs'.
WARNING:  Option 'mip_integral_gap_rel' deprecated, please use 'mip_opt_gap_rel'.
WARNING:  Option 'mip_integral_gap_abs' deprecated, please use 'mip_opt_gap_abs'.
WARNING:  Option 'mip_integral_gap_rel' deprecated, please use 'mip_opt_gap_rel'.
WARNING:  Option 'mip_integral_gap_abs' deprecated, please use 'mip_opt_gap_abs'.
WARNING:  Option 'mip_integral_gap_rel' deprecated, please use 'mip_opt_gap_rel'.
WARNING:  Option 'mip_integral_gap_abs' deprecated, please use 'mip_opt_gap_abs'.
WARNING:  Option 'mip_integral_gap_rel' deprecated, please use 'mip_opt_gap_rel'.
WARNING:  Option 'mip_integral_gap_abs' deprecated, please use 'mip_opt_gap_abs'.
WARNING:  Option 'mip_integral_gap_rel' deprecated, please use 'mip_opt_gap_rel'.
WARNING:  Option 'mip_integral_gap_abs' deprecated, please use 'mip_opt_gap_abs'.
WARNING:  Option 'mip_integral_gap_rel' deprecated, please use 'mip_opt_gap_rel'.
WARNING:  Option 'mip_integral_gap_abs' deprecated, please use 'mip_opt_gap_abs'.
WARNING:  Option 'mip_integral_gap_rel' deprecated, please use 'mip_opt_gap_rel'.
WARNING:  Option 'mip_integral_gap_abs' deprecated, please use 'mip_opt_gap_abs'.
WARNING:  Option 'mip_integral_gap_rel' deprecated, please use 'mip_opt_gap_rel'.
WARNING:  Option 'mip_integral_gap_abs' deprecated, please use 'mip_opt_gap_abs'.
WARNING:  Option 'mip_integral_gap_rel' deprecated, please use 'mip_opt_gap_rel'.
WARNING:  Option 'mip_integral_gap_abs' deprecated, please use 'mip_opt_gap_abs'.
WARNING:  Option 'mip_integral_gap_rel' deprecated, please use 'mip_opt_gap_rel'.
WARNING:  Option 'mip_integral_gap_abs' deprecated, please use 'mip_opt_gap_abs'.
WARNING:  Option 'mip_integral_gap_rel' deprecated, please use 'mip_opt_gap_rel'.
WARNING:  Option 'mip_integral_gap_abs' deprecated, please use 'mip_opt_gap_abs'.
WARNING:  Option 'mip_integral_gap_rel' deprecated, please use 'mip_opt_gap_rel'.
WARNING:  Option 'mip_integral_gap_abs' deprecated, please use 'mip_opt_gap_abs'.
WARNING:  Option 'mip_integral_gap_rel' deprecated, please use 'mip_opt_gap_rel'.
WARNING:  Option 'mip_integral_gap_abs' deprecated, please use 'mip_opt_gap_abs'.
WARNING:  Option 'mip_integral_gap_rel' deprecated, please use 'mip_opt_gap_rel'.
WARNING:  Option 'mip_integral_gap_abs' deprecated, please use 'mip_opt_gap_abs'.
WARNING:  Option 'mip_integral_gap_rel' deprecated, please use 'mip_opt_gap_rel'.
WARNING:  Option 'mip_integral_gap_abs' deprecated, please use 'mip_opt_gap_abs'.
WARNING:  Option 'mip_integral_gap_rel' deprecated, please use 'mip_opt_gap_rel'.
WARNING:  Option 'mip_integral_gap_abs' deprecated, please use 'mip_opt_gap_abs'.
WARNING:  Option 'mip_integral_gap_rel' deprecated, please use 'mip_opt_gap_rel'.
WARNING:  Option 'mip_integral_gap_abs' deprecated, please use 'mip_opt_gap_abs'.
WARNING:  Option 'mip_integral_gap_rel' deprecated, please use 'mip_opt_gap_rel'.
WARNING:  Option 'mip_integral_gap_abs' deprecated, please use 'mip_opt_gap_abs'.
WARNING:  Option 'mip_integral_gap_rel' deprecated, please use 'mip_opt_gap_rel'.
WARNING:  Option 'mip_integral_gap_abs' deprecated, please use 'mip_opt_gap_abs'.
WARNING:  Option 'mip_integral_gap_rel' deprecated, please use 'mip_opt_gap_rel'.
WARNING:  Option 'mip_integral_gap_abs' deprecated, please use 'mip_opt_gap_abs'.
WARNING:  Option 'mip_integral_gap_rel' deprecated, please use 'mip_opt_gap_rel'.
WARNING:  Option 'mip_integral_gap_abs' deprecated, please use 'mip_opt_gap_abs'.
WARNING:  Option 'mip_integral_gap_rel' deprecated, please use 'mip_opt_gap_rel'.
WARNING:  Option 'mip_integral_gap_abs' deprecated, please use 'mip_opt_gap_abs'.
WARNING:  Option 'mip_integral_gap_rel' deprecated, please use 'mip_opt_gap_rel'.
WARNING:  Option 'mip_integral_gap_abs' deprecated, please use 'mip_opt_gap_abs'.
WARNING:  Option 'mip_integral_gap_rel' deprecated, please use 'mip_opt_gap_rel'.
WARNING:  Option 'mip_integral_gap_abs' deprecated, please use 'mip_opt_gap_abs'.
WARNING:  Option 'mip_integral_gap_rel' deprecated, please use 'mip_opt_gap_rel'.
WARNING:  Option 'mip_integral_gap_abs' deprecated, please use 'mip_opt_gap_abs'.
WARNING:  Option 'mip_integral_gap_rel' deprecated, please use 'mip_opt_gap_rel'.
WARNING:  Option 'mip_integral_gap_abs' deprecated, please use 'mip_opt_gap_abs'.
WARNING:  Option 'mip_integral_gap_rel' deprecated, please use 'mip_opt_gap_rel'.
WARNING:  Option 'mip_integral_gap_abs' deprecated, please use 'mip_opt_gap_abs'.
WARNING:  Option 'mip_integral_gap_rel' deprecated, please use 'mip_opt_gap_rel'.
WARNING:  Option 'mip_integral_gap_abs' deprecated, please use 'mip_opt_gap_abs'.
WARNING:  Option 'mip_integral_gap_rel' deprecated, please use 'mip_opt_gap_rel'.
WARNING:  Option 'mip_integral_gap_abs' deprecated, please use 'mip_opt_gap_abs'.
WARNING:  Option 'mip_integral_gap_rel' deprecated, please use 'mip_opt_gap_rel'.
WARNING:  Option 'mip_integral_gap_abs' deprecated, please use 'mip_opt_gap_abs'.
WARNING:  Option 'mip_integral_gap_rel' deprecated, please use 'mip_opt_gap_rel'.
      48    8.930875e-01   0.000e+00   7.237e-02   6.767e-06        1
WARNING:  Option 'mip_integral_gap_abs' deprecated, please use 'mip_opt_gap_abs'.
WARNING:  Option 'mip_integral_gap_rel' deprecated, please use 'mip_opt_gap_rel'.
WARNING:  Option 'mip_integral_gap_abs' deprecated, please use 'mip_opt_gap_abs'.
WARNING:  Option 'mip_integral_gap_rel' deprecated, please use 'mip_opt_gap_rel'.
WARNING:  Option 'mip_integral_gap_abs' deprecated, please use 'mip_opt_gap_abs'.
WARNING:  Option 'mip_integral_gap_rel' deprecated, please use 'mip_opt_gap_rel'.
WARNING:  Option 'mip_integral_gap_abs' deprecated, please use 'mip_opt_gap_abs'.
WARNING:  Option 'mip_integral_gap_rel' deprecated, please use 'mip_opt_gap_rel'.
WARNING:  Option 'mip_integral_gap_abs' deprecated, please use 'mip_opt_gap_abs'.
WARNING:  Option 'mip_integral_gap_rel' deprecated, please use 'mip_opt_gap_rel'.
WARNING:  Option 'mip_integral_gap_abs' deprecated, please use 'mip_opt_gap_abs'.
WARNING:  Option 'mip_integral_gap_rel' deprecated, please use 'mip_opt_gap_rel'.
WARNING:  Option 'mip_integral_gap_abs' deprecated, please use 'mip_opt_gap_abs'.
WARNING:  Option 'mip_integral_gap_rel' deprecated, please use 'mip_opt_gap_rel'.
WARNING:  Option 'mip_integral_gap_abs' deprecated, please use 'mip_opt_gap_abs'.
WARNING:  Option 'mip_integral_gap_rel' deprecated, please use 'mip_opt_gap_rel'.
WARNING:  Option 'mip_integral_gap_abs' deprecated, please use 'mip_opt_gap_abs'.
WARNING:  Option 'mip_integral_gap_rel' deprecated, please use 'mip_opt_gap_rel'.
WARNING:  Option 'mip_integral_gap_abs' deprecated, please use 'mip_opt_gap_abs'.
WARNING:  Option 'mip_integral_gap_rel' deprecated, please use 'mip_opt_gap_rel'.
WARNING:  Option 'mip_integral_gap_abs' deprecated, please use 'mip_opt_gap_abs'.
WARNING:  Option 'mip_integral_gap_rel' deprecated, please use 'mip_opt_gap_rel'.
WARNING:  Option 'mip_integral_gap_abs' deprecated, please use 'mip_opt_gap_abs'.
WARNING:  Option 'mip_integral_gap_rel' deprecated, please use 'mip_opt_gap_rel'.
WARNING:  Option 'mip_integral_gap_abs' deprecated, please use 'mip_opt_gap_abs'.
WARNING:  Option 'mip_integral_gap_rel' deprecated, please use 'mip_opt_gap_rel'.
WARNING:  Option 'mip_integral_gap_abs' deprecated, please use 'mip_opt_gap_abs'.
WARNING:  Option 'mip_integral_gap_rel' deprecated, please use 'mip_opt_gap_rel'.
WARNING:  Option 'mip_integral_gap_abs' deprecated, please use 'mip_opt_gap_abs'.
WARNING:  Option 'mip_integral_gap_rel' deprecated, please use 'mip_opt_gap_rel'.
WARNING:  Option 'mip_integral_gap_abs' deprecated, please use 'mip_opt_gap_abs'.
WARNING:  Option 'mip_integral_gap_rel' deprecated, please use 'mip_opt_gap_rel'.
WARNING:  Option 'mip_integral_gap_abs' deprecated, please use 'mip_opt_gap_abs'.
WARNING:  Option 'mip_integral_gap_rel' deprecated, please use 'mip_opt_gap_rel'.
WARNING:  Option 'mip_integral_gap_abs' deprecated, please use 'mip_opt_gap_abs'.
WARNING:  Option 'mip_integral_gap_rel' deprecated, please use 'mip_opt_gap_rel'.
WARNING:  Option 'mip_integral_gap_abs' deprecated, please use 'mip_opt_gap_abs'.
WARNING:  Option 'mip_integral_gap_rel' deprecated, please use 'mip_opt_gap_rel'.
WARNING:  Option 'mip_integral_gap_abs' deprecated, please use 'mip_opt_gap_abs'.
WARNING:  Option 'mip_integral_gap_rel' deprecated, please use 'mip_opt_gap_rel'.
WARNING:  Option 'mip_integral_gap_abs' deprecated, please use 'mip_opt_gap_abs'.
WARNING:  Option 'mip_integral_gap_rel' deprecated, please use 'mip_opt_gap_rel'.
WARNING:  Option 'mip_integral_gap_abs' deprecated, please use 'mip_opt_gap_abs'.
WARNING:  Option 'mip_integral_gap_rel' deprecated, please use 'mip_opt_gap_rel'.
WARNING:  Option 'mip_integral_gap_abs' deprecated, please use 'mip_opt_gap_abs'.
WARNING:  Option 'mip_integral_gap_rel' deprecated, please use 'mip_opt_gap_rel'.
WARNING:  Option 'mip_integral_gap_abs' deprecated, please use 'mip_opt_gap_abs'.
WARNING:  Option 'mip_integral_gap_rel' deprecated, please use 'mip_opt_gap_rel'.
WARNING:  Option 'mip_integral_gap_abs' deprecated, please use 'mip_opt_gap_abs'.
WARNING:  Option 'mip_integral_gap_rel' deprecated, please use 'mip_opt_gap_rel'.
WARNING:  Option 'mip_integral_gap_abs' deprecated, please use 'mip_opt_gap_abs'.
WARNING:  Option 'mip_integral_gap_rel' deprecated, please use 'mip_opt_gap_rel'.
WARNING:  Option 'mip_integral_gap_abs' deprecated, please use 'mip_opt_gap_abs'.
WARNING:  Option 'mip_integral_gap_rel' deprecated, please use 'mip_opt_gap_rel'.
WARNING:  Option 'mip_integral_gap_abs' deprecated, please use 'mip_opt_gap_abs'.
WARNING:  Option 'mip_integral_gap_rel' deprecated, please use 'mip_opt_gap_rel'.
WARNING:  Option 'mip_integral_gap_abs' deprecated, please use 'mip_opt_gap_abs'.
WARNING:  Option 'mip_integral_gap_rel' deprecated, please use 'mip_opt_gap_rel'.
WARNING:  Option 'mip_integral_gap_abs' deprecated, please use 'mip_opt_gap_abs'.
WARNING:  Option 'mip_integral_gap_rel' deprecated, please use 'mip_opt_gap_rel'.
WARNING:  Option 'mip_integral_gap_abs' deprecated, please use 'mip_opt_gap_abs'.
WARNING:  Option 'mip_integral_gap_rel' deprecated, please use 'mip_opt_gap_rel'.
WARNING:  Option 'mip_integral_gap_abs' deprecated, please use 'mip_opt_gap_abs'.
WARNING:  Option 'mip_integral_gap_rel' deprecated, please use 'mip_opt_gap_rel'.
WARNING:  Option 'mip_integral_gap_abs' deprecated, please use 'mip_opt_gap_abs'.
WARNING:  Option 'mip_integral_gap_rel' deprecated, please use 'mip_opt_gap_rel'.
WARNING:  Option 'mip_integral_gap_abs' deprecated, please use 'mip_opt_gap_abs'.
WARNING:  Option 'mip_integral_gap_rel' deprecated, please use 'mip_opt_gap_rel'.
WARNING:  Option 'mip_integral_gap_abs' deprecated, please use 'mip_opt_gap_abs'.
WARNING:  Option 'mip_integral_gap_rel' deprecated, please use 'mip_opt_gap_rel'.
WARNING:  Option 'mip_integral_gap_abs' deprecated, please use 'mip_opt_gap_abs'.
WARNING:  Option 'mip_integral_gap_rel' deprecated, please use 'mip_opt_gap_rel'.
WARNING:  Option 'mip_integral_gap_abs' deprecated, please use 'mip_opt_gap_abs'.
WARNING:  Option 'mip_integral_gap_rel' deprecated, please use 'mip_opt_gap_rel'.
WARNING:  Option 'mip_integral_gap_abs' deprecated, please use 'mip_opt_gap_abs'.
WARNING:  Option 'mip_integral_gap_rel' deprecated, please use 'mip_opt_gap_rel'.
WARNING:  Option 'mip_integral_gap_abs' deprecated, please use 'mip_opt_gap_abs'.
WARNING:  Option 'mip_integral_gap_rel' deprecated, please use 'mip_opt_gap_rel'.
WARNING:  Option 'mip_integral_gap_abs' deprecated, please use 'mip_opt_gap_abs'.
WARNING:  Option 'mip_integral_gap_rel' deprecated, please use 'mip_opt_gap_rel'.
WARNING:  Option 'mip_integral_gap_abs' deprecated, please use 'mip_opt_gap_abs'.
WARNING:  Option 'mip_integral_gap_rel' deprecated, please use 'mip_opt_gap_rel'.
WARNING:  Option 'mip_integral_gap_abs' deprecated, please use 'mip_opt_gap_abs'.
WARNING:  Option 'mip_integral_gap_rel' deprecated, please use 'mip_opt_gap_rel'.
WARNING:  Option 'mip_integral_gap_abs' deprecated, please use 'mip_opt_gap_abs'.
WARNING:  Option 'mip_integral_gap_rel' deprecated, please use 'mip_opt_gap_rel'.
      49    8.930875e-01   0.000e+00   7.237e-02   1.692e-06        1
WARNING:  Option 'mip_integral_gap_abs' deprecated, please use 'mip_opt_gap_abs'.
WARNING:  Option 'mip_integral_gap_rel' deprecated, please use 'mip_opt_gap_rel'.
WARNING:  Option 'mip_integral_gap_abs' deprecated, please use 'mip_opt_gap_abs'.
WARNING:  Option 'mip_integral_gap_rel' deprecated, please use 'mip_opt_gap_rel'.
WARNING:  Option 'mip_integral_gap_abs' deprecated, please use 'mip_opt_gap_abs'.
WARNING:  Option 'mip_integral_gap_rel' deprecated, please use 'mip_opt_gap_rel'.
WARNING:  Option 'mip_integral_gap_abs' deprecated, please use 'mip_opt_gap_abs'.
WARNING:  Option 'mip_integral_gap_rel' deprecated, please use 'mip_opt_gap_rel'.
WARNING:  Option 'mip_integral_gap_abs' deprecated, please use 'mip_opt_gap_abs'.
WARNING:  Option 'mip_integral_gap_rel' deprecated, please use 'mip_opt_gap_rel'.
WARNING:  Option 'mip_integral_gap_abs' deprecated, please use 'mip_opt_gap_abs'.
WARNING:  Option 'mip_integral_gap_rel' deprecated, please use 'mip_opt_gap_rel'.
WARNING:  Option 'mip_integral_gap_abs' deprecated, please use 'mip_opt_gap_abs'.
WARNING:  Option 'mip_integral_gap_rel' deprecated, please use 'mip_opt_gap_rel'.
WARNING:  Option 'mip_integral_gap_abs' deprecated, please use 'mip_opt_gap_abs'.
WARNING:  Option 'mip_integral_gap_rel' deprecated, please use 'mip_opt_gap_rel'.
WARNING:  Option 'mip_integral_gap_abs' deprecated, please use 'mip_opt_gap_abs'.
WARNING:  Option 'mip_integral_gap_rel' deprecated, please use 'mip_opt_gap_rel'.
WARNING:  Option 'mip_integral_gap_abs' deprecated, please use 'mip_opt_gap_abs'.
WARNING:  Option 'mip_integral_gap_rel' deprecated, please use 'mip_opt_gap_rel'.
WARNING:  Option 'mip_integral_gap_abs' deprecated, please use 'mip_opt_gap_abs'.
WARNING:  Option 'mip_integral_gap_rel' deprecated, please use 'mip_opt_gap_rel'.
WARNING:  Option 'mip_integral_gap_abs' deprecated, please use 'mip_opt_gap_abs'.
WARNING:  Option 'mip_integral_gap_rel' deprecated, please use 'mip_opt_gap_rel'.
WARNING:  Option 'mip_integral_gap_abs' deprecated, please use 'mip_opt_gap_abs'.
WARNING:  Option 'mip_integral_gap_rel' deprecated, please use 'mip_opt_gap_rel'.
WARNING:  Option 'mip_integral_gap_abs' deprecated, please use 'mip_opt_gap_abs'.
WARNING:  Option 'mip_integral_gap_rel' deprecated, please use 'mip_opt_gap_rel'.
WARNING:  Option 'mip_integral_gap_abs' deprecated, please use 'mip_opt_gap_abs'.
WARNING:  Option 'mip_integral_gap_rel' deprecated, please use 'mip_opt_gap_rel'.
WARNING:  Option 'mip_integral_gap_abs' deprecated, please use 'mip_opt_gap_abs'.
WARNING:  Option 'mip_integral_gap_rel' deprecated, please use 'mip_opt_gap_rel'.
WARNING:  Option 'mip_integral_gap_abs' deprecated, please use 'mip_opt_gap_abs'.
WARNING:  Option 'mip_integral_gap_rel' deprecated, please use 'mip_opt_gap_rel'.
WARNING:  Option 'mip_integral_gap_abs' deprecated, please use 'mip_opt_gap_abs'.
WARNING:  Option 'mip_integral_gap_rel' deprecated, please use 'mip_opt_gap_rel'.
WARNING:  Option 'mip_integral_gap_abs' deprecated, please use 'mip_opt_gap_abs'.
WARNING:  Option 'mip_integral_gap_rel' deprecated, please use 'mip_opt_gap_rel'.
WARNING:  Option 'mip_integral_gap_abs' deprecated, please use 'mip_opt_gap_abs'.
WARNING:  Option 'mip_integral_gap_rel' deprecated, please use 'mip_opt_gap_rel'.
WARNING:  Option 'mip_integral_gap_abs' deprecated, please use 'mip_opt_gap_abs'.
WARNING:  Option 'mip_integral_gap_rel' deprecated, please use 'mip_opt_gap_rel'.
WARNING:  Option 'mip_integral_gap_abs' deprecated, please use 'mip_opt_gap_abs'.
WARNING:  Option 'mip_integral_gap_rel' deprecated, please use 'mip_opt_gap_rel'.
WARNING:  Option 'mip_integral_gap_abs' deprecated, please use 'mip_opt_gap_abs'.
WARNING:  Option 'mip_integral_gap_rel' deprecated, please use 'mip_opt_gap_rel'.
WARNING:  Option 'mip_integral_gap_abs' deprecated, please use 'mip_opt_gap_abs'.
WARNING:  Option 'mip_integral_gap_rel' deprecated, please use 'mip_opt_gap_rel'.
WARNING:  Option 'mip_integral_gap_abs' deprecated, please use 'mip_opt_gap_abs'.
WARNING:  Option 'mip_integral_gap_rel' deprecated, please use 'mip_opt_gap_rel'.
WARNING:  Option 'mip_integral_gap_abs' deprecated, please use 'mip_opt_gap_abs'.
WARNING:  Option 'mip_integral_gap_rel' deprecated, please use 'mip_opt_gap_rel'.
WARNING:  Option 'mip_integral_gap_abs' deprecated, please use 'mip_opt_gap_abs'.
WARNING:  Option 'mip_integral_gap_rel' deprecated, please use 'mip_opt_gap_rel'.
WARNING:  Option 'mip_integral_gap_abs' deprecated, please use 'mip_opt_gap_abs'.
WARNING:  Option 'mip_integral_gap_rel' deprecated, please use 'mip_opt_gap_rel'.
WARNING:  Option 'mip_integral_gap_abs' deprecated, please use 'mip_opt_gap_abs'.
WARNING:  Option 'mip_integral_gap_rel' deprecated, please use 'mip_opt_gap_rel'.
WARNING:  Option 'mip_integral_gap_abs' deprecated, please use 'mip_opt_gap_abs'.
WARNING:  Option 'mip_integral_gap_rel' deprecated, please use 'mip_opt_gap_rel'.
WARNING:  Option 'mip_integral_gap_abs' deprecated, please use 'mip_opt_gap_abs'.
WARNING:  Option 'mip_integral_gap_rel' deprecated, please use 'mip_opt_gap_rel'.
WARNING:  Option 'mip_integral_gap_abs' deprecated, please use 'mip_opt_gap_abs'.
WARNING:  Option 'mip_integral_gap_rel' deprecated, please use 'mip_opt_gap_rel'.
WARNING:  Option 'mip_integral_gap_abs' deprecated, please use 'mip_opt_gap_abs'.
WARNING:  Option 'mip_integral_gap_rel' deprecated, please use 'mip_opt_gap_rel'.
WARNING:  Option 'mip_integral_gap_abs' deprecated, please use 'mip_opt_gap_abs'.
WARNING:  Option 'mip_integral_gap_rel' deprecated, please use 'mip_opt_gap_rel'.
WARNING:  Option 'mip_integral_gap_abs' deprecated, please use 'mip_opt_gap_abs'.
WARNING:  Option 'mip_integral_gap_rel' deprecated, please use 'mip_opt_gap_rel'.
WARNING:  Option 'mip_integral_gap_abs' deprecated, please use 'mip_opt_gap_abs'.
WARNING:  Option 'mip_integral_gap_rel' deprecated, please use 'mip_opt_gap_rel'.
WARNING:  Option 'mip_integral_gap_abs' deprecated, please use 'mip_opt_gap_abs'.
WARNING:  Option 'mip_integral_gap_rel' deprecated, please use 'mip_opt_gap_rel'.
WARNING:  Option 'mip_integral_gap_abs' deprecated, please use 'mip_opt_gap_abs'.
WARNING:  Option 'mip_integral_gap_rel' deprecated, please use 'mip_opt_gap_rel'.
WARNING:  Option 'mip_integral_gap_abs' deprecated, please use 'mip_opt_gap_abs'.
WARNING:  Option 'mip_integral_gap_rel' deprecated, please use 'mip_opt_gap_rel'.
WARNING:  Option 'mip_integral_gap_abs' deprecated, please use 'mip_opt_gap_abs'.
WARNING:  Option 'mip_integral_gap_rel' deprecated, please use 'mip_opt_gap_rel'.
WARNING:  Option 'mip_integral_gap_abs' deprecated, please use 'mip_opt_gap_abs'.
WARNING:  Option 'mip_integral_gap_rel' deprecated, please use 'mip_opt_gap_rel'.
WARNING:  Option 'mip_integral_gap_abs' deprecated, please use 'mip_opt_gap_abs'.
WARNING:  Option 'mip_integral_gap_rel' deprecated, please use 'mip_opt_gap_rel'.
WARNING:  Option 'mip_integral_gap_abs' deprecated, please use 'mip_opt_gap_abs'.
WARNING:  Option 'mip_integral_gap_rel' deprecated, please use 'mip_opt_gap_rel'.
WARNING:  Option 'mip_integral_gap_abs' deprecated, please use 'mip_opt_gap_abs'.
WARNING:  Option 'mip_integral_gap_rel' deprecated, please use 'mip_opt_gap_rel'.
WARNING:  Option 'mip_integral_gap_abs' deprecated, please use 'mip_opt_gap_abs'.
WARNING:  Option 'mip_integral_gap_rel' deprecated, please use 'mip_opt_gap_rel'.
WARNING:  Option 'mip_integral_gap_abs' deprecated, please use 'mip_opt_gap_abs'.
WARNING:  Option 'mip_integral_gap_rel' deprecated, please use 'mip_opt_gap_rel'.
WARNING:  Option 'mip_integral_gap_abs' deprecated, please use 'mip_opt_gap_abs'.
WARNING:  Option 'mip_integral_gap_rel' deprecated, please use 'mip_opt_gap_rel'.
WARNING:  Option 'mip_integral_gap_abs' deprecated, please use 'mip_opt_gap_abs'.
WARNING:  Option 'mip_integral_gap_rel' deprecated, please use 'mip_opt_gap_rel'.
WARNING:  Option 'mip_integral_gap_abs' deprecated, please use 'mip_opt_gap_abs'.
WARNING:  Option 'mip_integral_gap_rel' deprecated, please use 'mip_opt_gap_rel'.
WARNING:  Option 'mip_integral_gap_abs' deprecated, please use 'mip_opt_gap_abs'.
WARNING:  Option 'mip_integral_gap_rel' deprecated, please use 'mip_opt_gap_rel'.
WARNING:  Option 'mip_integral_gap_abs' deprecated, please use 'mip_opt_gap_abs'.
WARNING:  Option 'mip_integral_gap_rel' deprecated, please use 'mip_opt_gap_rel'.
WARNING:  Option 'mip_integral_gap_abs' deprecated, please use 'mip_opt_gap_abs'.
WARNING:  Option 'mip_integral_gap_rel' deprecated, please use 'mip_opt_gap_rel'.
WARNING:  Option 'mip_integral_gap_abs' deprecated, please use 'mip_opt_gap_abs'.
WARNING:  Option 'mip_integral_gap_rel' deprecated, please use 'mip_opt_gap_rel'.
WARNING:  Option 'mip_integral_gap_abs' deprecated, please use 'mip_opt_gap_abs'.
WARNING:  Option 'mip_integral_gap_rel' deprecated, please use 'mip_opt_gap_rel'.
WARNING:  Option 'mip_integral_gap_abs' deprecated, please use 'mip_opt_gap_abs'.
WARNING:  Option 'mip_integral_gap_rel' deprecated, please use 'mip_opt_gap_rel'.
WARNING:  Option 'mip_integral_gap_abs' deprecated, please use 'mip_opt_gap_abs'.
WARNING:  Option 'mip_integral_gap_rel' deprecated, please use 'mip_opt_gap_rel'.
WARNING:  Option 'mip_integral_gap_abs' deprecated, please use 'mip_opt_gap_abs'.
WARNING:  Option 'mip_integral_gap_rel' deprecated, please use 'mip_opt_gap_rel'.
WARNING:  Option 'mip_integral_gap_abs' deprecated, please use 'mip_opt_gap_abs'.
WARNING:  Option 'mip_integral_gap_rel' deprecated, please use 'mip_opt_gap_rel'.
WARNING:  Option 'mip_integral_gap_abs' deprecated, please use 'mip_opt_gap_abs'.
WARNING:  Option 'mip_integral_gap_rel' deprecated, please use 'mip_opt_gap_rel'.
      50    8.930875e-01   0.000e+00   7.237e-02   2.521e-14        1
WARNING:  Option 'mip_integral_gap_abs' deprecated, please use 'mip_opt_gap_abs'.
WARNING:  Option 'mip_integral_gap_rel' deprecated, please use 'mip_opt_gap_rel'.
WARNING:  Option 'mip_integral_gap_abs' deprecated, please use 'mip_opt_gap_abs'.
WARNING:  Option 'mip_integral_gap_rel' deprecated, please use 'mip_opt_gap_rel'.
WARNING:  Option 'mip_integral_gap_abs' deprecated, please use 'mip_opt_gap_abs'.
WARNING:  Option 'mip_integral_gap_rel' deprecated, please use 'mip_opt_gap_rel'.
WARNING:  Option 'mip_integral_gap_abs' deprecated, please use 'mip_opt_gap_abs'.
WARNING:  Option 'mip_integral_gap_rel' deprecated, please use 'mip_opt_gap_rel'.
WARNING:  Option 'mip_integral_gap_abs' deprecated, please use 'mip_opt_gap_abs'.
WARNING:  Option 'mip_integral_gap_rel' deprecated, please use 'mip_opt_gap_rel'.
WARNING:  Option 'mip_integral_gap_abs' deprecated, please use 'mip_opt_gap_abs'.
WARNING:  Option 'mip_integral_gap_rel' deprecated, please use 'mip_opt_gap_rel'.
WARNING:  Option 'mip_integral_gap_abs' deprecated, please use 'mip_opt_gap_abs'.
WARNING:  Option 'mip_integral_gap_rel' deprecated, please use 'mip_opt_gap_rel'.
WARNING:  Option 'mip_integral_gap_abs' deprecated, please use 'mip_opt_gap_abs'.
WARNING:  Option 'mip_integral_gap_rel' deprecated, please use 'mip_opt_gap_rel'.
WARNING:  Option 'mip_integral_gap_abs' deprecated, please use 'mip_opt_gap_abs'.
WARNING:  Option 'mip_integral_gap_rel' deprecated, please use 'mip_opt_gap_rel'.
WARNING:  Option 'mip_integral_gap_abs' deprecated, please use 'mip_opt_gap_abs'.
WARNING:  Option 'mip_integral_gap_rel' deprecated, please use 'mip_opt_gap_rel'.
WARNING:  Option 'mip_integral_gap_abs' deprecated, please use 'mip_opt_gap_abs'.
WARNING:  Option 'mip_integral_gap_rel' deprecated, please use 'mip_opt_gap_rel'.
WARNING:  Option 'mip_integral_gap_abs' deprecated, please use 'mip_opt_gap_abs'.
WARNING:  Option 'mip_integral_gap_rel' deprecated, please use 'mip_opt_gap_rel'.
WARNING:  Option 'mip_integral_gap_abs' deprecated, please use 'mip_opt_gap_abs'.
WARNING:  Option 'mip_integral_gap_rel' deprecated, please use 'mip_opt_gap_rel'.
WARNING:  Option 'mip_integral_gap_abs' deprecated, please use 'mip_opt_gap_abs'.
WARNING:  Option 'mip_integral_gap_rel' deprecated, please use 'mip_opt_gap_rel'.
WARNING:  Option 'mip_integral_gap_abs' deprecated, please use 'mip_opt_gap_abs'.
WARNING:  Option 'mip_integral_gap_rel' deprecated, please use 'mip_opt_gap_rel'.
WARNING:  Option 'mip_integral_gap_abs' deprecated, please use 'mip_opt_gap_abs'.
WARNING:  Option 'mip_integral_gap_rel' deprecated, please use 'mip_opt_gap_rel'.
WARNING:  Option 'mip_integral_gap_abs' deprecated, please use 'mip_opt_gap_abs'.
WARNING:  Option 'mip_integral_gap_rel' deprecated, please use 'mip_opt_gap_rel'.
WARNING:  Option 'mip_integral_gap_abs' deprecated, please use 'mip_opt_gap_abs'.
WARNING:  Option 'mip_integral_gap_rel' deprecated, please use 'mip_opt_gap_rel'.
WARNING:  Option 'mip_integral_gap_abs' deprecated, please use 'mip_opt_gap_abs'.
WARNING:  Option 'mip_integral_gap_rel' deprecated, please use 'mip_opt_gap_rel'.
WARNING:  Option 'mip_integral_gap_abs' deprecated, please use 'mip_opt_gap_abs'.
WARNING:  Option 'mip_integral_gap_rel' deprecated, please use 'mip_opt_gap_rel'.
WARNING:  Option 'mip_integral_gap_abs' deprecated, please use 'mip_opt_gap_abs'.
WARNING:  Option 'mip_integral_gap_rel' deprecated, please use 'mip_opt_gap_rel'.
WARNING:  Option 'mip_integral_gap_abs' deprecated, please use 'mip_opt_gap_abs'.
WARNING:  Option 'mip_integral_gap_rel' deprecated, please use 'mip_opt_gap_rel'.
WARNING:  Option 'mip_integral_gap_abs' deprecated, please use 'mip_opt_gap_abs'.
WARNING:  Option 'mip_integral_gap_rel' deprecated, please use 'mip_opt_gap_rel'.
WARNING:  Option 'mip_integral_gap_abs' deprecated, please use 'mip_opt_gap_abs'.
WARNING:  Option 'mip_integral_gap_rel' deprecated, please use 'mip_opt_gap_rel'.
WARNING:  Option 'mip_integral_gap_abs' deprecated, please use 'mip_opt_gap_abs'.
WARNING:  Option 'mip_integral_gap_rel' deprecated, please use 'mip_opt_gap_rel'.
WARNING:  Option 'mip_integral_gap_abs' deprecated, please use 'mip_opt_gap_abs'.
WARNING:  Option 'mip_integral_gap_rel' deprecated, please use 'mip_opt_gap_rel'.
WARNING:  Option 'mip_integral_gap_abs' deprecated, please use 'mip_opt_gap_abs'.
WARNING:  Option 'mip_integral_gap_rel' deprecated, please use 'mip_opt_gap_rel'.
WARNING:  Option 'mip_integral_gap_abs' deprecated, please use 'mip_opt_gap_abs'.
WARNING:  Option 'mip_integral_gap_rel' deprecated, please use 'mip_opt_gap_rel'.
WARNING:  Option 'mip_integral_gap_abs' deprecated, please use 'mip_opt_gap_abs'.
WARNING:  Option 'mip_integral_gap_rel' deprecated, please use 'mip_opt_gap_rel'.
WARNING:  Option 'mip_integral_gap_abs' deprecated, please use 'mip_opt_gap_abs'.
WARNING:  Option 'mip_integral_gap_rel' deprecated, please use 'mip_opt_gap_rel'.
WARNING:  Option 'mip_integral_gap_abs' deprecated, please use 'mip_opt_gap_abs'.
WARNING:  Option 'mip_integral_gap_rel' deprecated, please use 'mip_opt_gap_rel'.
WARNING:  Option 'mip_integral_gap_abs' deprecated, please use 'mip_opt_gap_abs'.
WARNING:  Option 'mip_integral_gap_rel' deprecated, please use 'mip_opt_gap_rel'.
WARNING:  Option 'mip_integral_gap_abs' deprecated, please use 'mip_opt_gap_abs'.
WARNING:  Option 'mip_integral_gap_rel' deprecated, please use 'mip_opt_gap_rel'.
WARNING:  Option 'mip_integral_gap_abs' deprecated, please use 'mip_opt_gap_abs'.
WARNING:  Option 'mip_integral_gap_rel' deprecated, please use 'mip_opt_gap_rel'.
      51    8.930875e-01   0.000e+00   3.876e-02   9.571e-14        0
WARNING:  Option 'mip_integral_gap_abs' deprecated, please use 'mip_opt_gap_abs'.
WARNING:  Option 'mip_integral_gap_rel' deprecated, please use 'mip_opt_gap_rel'.
WARNING:  Option 'mip_integral_gap_abs' deprecated, please use 'mip_opt_gap_abs'.
WARNING:  Option 'mip_integral_gap_rel' deprecated, please use 'mip_opt_gap_rel'.
WARNING:  Option 'mip_integral_gap_abs' deprecated, please use 'mip_opt_gap_abs'.
WARNING:  Option 'mip_integral_gap_rel' deprecated, please use 'mip_opt_gap_rel'.
WARNING:  Option 'mip_integral_gap_abs' deprecated, please use 'mip_opt_gap_abs'.
WARNING:  Option 'mip_integral_gap_rel' deprecated, please use 'mip_opt_gap_rel'.
WARNING:  Option 'mip_integral_gap_abs' deprecated, please use 'mip_opt_gap_abs'.
WARNING:  Option 'mip_integral_gap_rel' deprecated, please use 'mip_opt_gap_rel'.
WARNING:  Option 'mip_integral_gap_abs' deprecated, please use 'mip_opt_gap_abs'.
WARNING:  Option 'mip_integral_gap_rel' deprecated, please use 'mip_opt_gap_rel'.
WARNING:  Option 'mip_integral_gap_abs' deprecated, please use 'mip_opt_gap_abs'.
WARNING:  Option 'mip_integral_gap_rel' deprecated, please use 'mip_opt_gap_rel'.
WARNING:  Option 'mip_integral_gap_abs' deprecated, please use 'mip_opt_gap_abs'.
WARNING:  Option 'mip_integral_gap_rel' deprecated, please use 'mip_opt_gap_rel'.
WARNING:  Option 'mip_integral_gap_abs' deprecated, please use 'mip_opt_gap_abs'.
WARNING:  Option 'mip_integral_gap_rel' deprecated, please use 'mip_opt_gap_rel'.
WARNING:  Option 'mip_integral_gap_abs' deprecated, please use 'mip_opt_gap_abs'.
WARNING:  Option 'mip_integral_gap_rel' deprecated, please use 'mip_opt_gap_rel'.
WARNING:  Option 'mip_integral_gap_abs' deprecated, please use 'mip_opt_gap_abs'.
WARNING:  Option 'mip_integral_gap_rel' deprecated, please use 'mip_opt_gap_rel'.
WARNING:  Option 'mip_integral_gap_abs' deprecated, please use 'mip_opt_gap_abs'.
WARNING:  Option 'mip_integral_gap_rel' deprecated, please use 'mip_opt_gap_rel'.
WARNING:  Option 'mip_integral_gap_abs' deprecated, please use 'mip_opt_gap_abs'.
WARNING:  Option 'mip_integral_gap_rel' deprecated, please use 'mip_opt_gap_rel'.
WARNING:  Option 'mip_integral_gap_abs' deprecated, please use 'mip_opt_gap_abs'.
WARNING:  Option 'mip_integral_gap_rel' deprecated, please use 'mip_opt_gap_rel'.
WARNING:  Option 'mip_integral_gap_abs' deprecated, please use 'mip_opt_gap_abs'.
WARNING:  Option 'mip_integral_gap_rel' deprecated, please use 'mip_opt_gap_rel'.
WARNING:  Option 'mip_integral_gap_abs' deprecated, please use 'mip_opt_gap_abs'.
WARNING:  Option 'mip_integral_gap_rel' deprecated, please use 'mip_opt_gap_rel'.
WARNING:  Option 'mip_integral_gap_abs' deprecated, please use 'mip_opt_gap_abs'.
WARNING:  Option 'mip_integral_gap_rel' deprecated, please use 'mip_opt_gap_rel'.
WARNING:  Option 'mip_integral_gap_abs' deprecated, please use 'mip_opt_gap_abs'.
WARNING:  Option 'mip_integral_gap_rel' deprecated, please use 'mip_opt_gap_rel'.
WARNING:  Option 'mip_integral_gap_abs' deprecated, please use 'mip_opt_gap_abs'.
WARNING:  Option 'mip_integral_gap_rel' deprecated, please use 'mip_opt_gap_rel'.
WARNING:  Option 'mip_integral_gap_abs' deprecated, please use 'mip_opt_gap_abs'.
WARNING:  Option 'mip_integral_gap_rel' deprecated, please use 'mip_opt_gap_rel'.
WARNING:  Option 'mip_integral_gap_abs' deprecated, please use 'mip_opt_gap_abs'.
WARNING:  Option 'mip_integral_gap_rel' deprecated, please use 'mip_opt_gap_rel'.
WARNING:  Option 'mip_integral_gap_abs' deprecated, please use 'mip_opt_gap_abs'.
WARNING:  Option 'mip_integral_gap_rel' deprecated, please use 'mip_opt_gap_rel'.
WARNING:  Option 'mip_integral_gap_abs' deprecated, please use 'mip_opt_gap_abs'.
WARNING:  Option 'mip_integral_gap_rel' deprecated, please use 'mip_opt_gap_rel'.
WARNING:  Option 'mip_integral_gap_abs' deprecated, please use 'mip_opt_gap_abs'.
WARNING:  Option 'mip_integral_gap_rel' deprecated, please use 'mip_opt_gap_rel'.
WARNING:  Option 'mip_integral_gap_abs' deprecated, please use 'mip_opt_gap_abs'.
WARNING:  Option 'mip_integral_gap_rel' deprecated, please use 'mip_opt_gap_rel'.
WARNING:  Option 'mip_integral_gap_abs' deprecated, please use 'mip_opt_gap_abs'.
WARNING:  Option 'mip_integral_gap_rel' deprecated, please use 'mip_opt_gap_rel'.
WARNING:  Option 'mip_integral_gap_abs' deprecated, please use 'mip_opt_gap_abs'.
WARNING:  Option 'mip_integral_gap_rel' deprecated, please use 'mip_opt_gap_rel'.
WARNING:  Option 'mip_integral_gap_abs' deprecated, please use 'mip_opt_gap_abs'.
WARNING:  Option 'mip_integral_gap_rel' deprecated, please use 'mip_opt_gap_rel'.
WARNING:  Option 'mip_integral_gap_abs' deprecated, please use 'mip_opt_gap_abs'.
WARNING:  Option 'mip_integral_gap_rel' deprecated, please use 'mip_opt_gap_rel'.
WARNING:  Option 'mip_integral_gap_abs' deprecated, please use 'mip_opt_gap_abs'.
WARNING:  Option 'mip_integral_gap_rel' deprecated, please use 'mip_opt_gap_rel'.
WARNING:  Option 'mip_integral_gap_abs' deprecated, please use 'mip_opt_gap_abs'.
WARNING:  Option 'mip_integral_gap_rel' deprecated, please use 'mip_opt_gap_rel'.
WARNING:  Option 'mip_integral_gap_abs' deprecated, please use 'mip_opt_gap_abs'.
WARNING:  Option 'mip_integral_gap_rel' deprecated, please use 'mip_opt_gap_rel'.
WARNING:  Option 'mip_integral_gap_abs' deprecated, please use 'mip_opt_gap_abs'.
WARNING:  Option 'mip_integral_gap_rel' deprecated, please use 'mip_opt_gap_rel'.
WARNING:  Option 'mip_integral_gap_abs' deprecated, please use 'mip_opt_gap_abs'.
WARNING:  Option 'mip_integral_gap_rel' deprecated, please use 'mip_opt_gap_rel'.
WARNING:  Option 'mip_integral_gap_abs' deprecated, please use 'mip_opt_gap_abs'.
WARNING:  Option 'mip_integral_gap_rel' deprecated, please use 'mip_opt_gap_rel'.
WARNING:  Option 'mip_integral_gap_abs' deprecated, please use 'mip_opt_gap_abs'.
WARNING:  Option 'mip_integral_gap_rel' deprecated, please use 'mip_opt_gap_rel'.
WARNING:  Option 'mip_integral_gap_abs' deprecated, please use 'mip_opt_gap_abs'.
WARNING:  Option 'mip_integral_gap_rel' deprecated, please use 'mip_opt_gap_rel'.
      52    8.930875e-01   0.000e+00   3.876e-02   3.529e-13        1
      53    8.930875e-01   0.000e+00   3.876e-02   0.000e+00        1
      54    8.930875e-01   0.000e+00   3.876e-02   0.000e+00        1

EXIT: Primal feasible solution estimate cannot be improved; desired accuracy
      in dual feasibility could not be achieved.

Final Statistics
----------------
Final objective value               =   8.93087537487373e-01
Final feasibility error (abs / rel) =   0.00e+00 / 0.00e+00
Final optimality error  (abs / rel) =   3.88e-02 / 3.88e-02
# of iterations                     =         54 
# of CG iterations                  =         16 
# of function evaluations           =        257
# of gradient evaluations           =         53
Total program time (secs)           =      45.30071 (   101.312 CPU time)
Time spent in evaluations (secs)    =      33.35430

===============================================================================

