idx,kind,gamma_focal_prime,Delta,feasible,inner_status,gravity_value
1,F,0.9609650007465946,0.0010029941762691214,true,0,-6.992571199895687e-18
2,G+,0.9709650007465946,0.03207193229632861,true,0,-6.992571199895687e-18
3,G-,0.9509650007465946,0.024374253441225062,true,0,-6.992571199895687e-18
4,G+,0.9609650007465946,0.0013265059957249415,true,0,-4.39440693035531e-18
5,G-,0.9609650007465946,0.0020000616932650526,true,0,-6.10202535201998e-18
6,G+,0.9609650007465946,0.0011525829706142215,true,0,-6.965998958219366e-18
7,G-,0.9609650007465946,0.001173459482672628,true,0,-5.4667506415792544e-18
8,G+,0.9609650007465946,0.0015227530518565834,true,0,-4.689174395999807e-18
9,G-,0.9609650007465946,0.002078733352478511,true,0,-6.323524467726979e-18
10,G+,0.9609650007465946,0.000979792429483933,true,0,-5.1088792213643125e-18
11,G-,0.9609650007465946,0.0010562166040006596,true,0,-5.188923834879844e-18
12,G+,0.9609650007465946,0.0011660556389156598,true,0,-6.7923572040322344e-18
13,G-,0.9609650007465946,0.0008946614335546499,true,0,-5.409999434113216e-18
14,G+,0.9609650007465946,0.0010702700489887693,true,0,-6.083390627180385e-18
15,G-,0.9609650007465946,0.0011101255110521472,true,0,-6.325642050095115e-18
16,G+,0.9609650007465946,0.001090238802953586,true,0,-7.960415638295915e-18
17,G-,0.9609650007465946,0.0009622411978362941,true,0,-6.635656108790189e-18
18,G+,0.9609650007465946,0.0010749335243080715,true,0,-7.041384890524999e-18
19,G-,0.9609650007465946,0.0009421915513053454,true,0,-6.7559347873002995e-18
20,G+,0.9609650007465946,0.001670980186316868,true,0,-4.6887508795261795e-18
21,G-,0.9609650007465946,0.0016182171402580284,true,0,-5.8932317305217946e-18
22,G+,0.9609650007465946,0.0011721264855404612,true,0,-7.962109704190423e-18
23,G-,0.9609650007465946,0.0010435636299544926,true,0,-7.218414776501147e-18
24,G+,0.9609650007465946,0.0018705946411003262,true,0,-5.193158999616115e-18
25,G-,0.9609650007465946,0.0016727510087268407,true,0,-5.570088661144279e-18
26,G+,0.9609650007465946,0.001025807417278245,true,0,-6.43194468497553e-18
27,G-,0.9609650007465946,0.0010024350729592611,true,0,-5.5683945952497704e-18
28,G+,0.9609650007465946,0.0009952467365300433,true,0,-4.0200183676689094e-18
29,G-,0.9609650007465946,0.0009951219649436773,true,0,-3.9590319954666e-18
30,G+,0.9609650007465946,0.0009629505049907558,true,0,-6.5755167695351335e-18
31,G-,0.9609650007465946,0.0010306100881371835,true,0,-7.116770822830631e-18
32,G+,0.9609650007465946,0.0010337473074853454,true,0,-7.22921444657864e-18
33,G-,0.9609650007465946,0.0009446879596790265,true,0,-5.275109437262969e-18
34,F,0.8533077873854227,NaN,false,-300,NaN
35,F,0.9071363940660087,1.2974857877248935,false,0,-5.263462734238222e-18
36,F,0.9340506974063016,0.2016848167527981,true,0,-7.311482521580714e-18
37,G+,0.9440506974063017,0.07282931748689628,true,0,-1.1106931279108827e-17
38,G-,0.9240506974063016,0.4274235794628957,true,0,-1.1106931279108827e-17
39,G+,0.9340506974063016,0.20321126871565823,true,0,-8.507598922222193e-18
40,G-,0.9340506974063016,0.20155938809011772,true,0,-6.422203806082105e-18
41,G+,0.9340506974063016,0.2015905042576807,true,0,-8.186573435212813e-18
42,G-,0.9340506974063016,0.20179537730406616,true,0,-9.120850776034306e-18
43,G+,0.9340506974063016,0.2030937628808795,true,0,-9.958142844395182e-18
44,G-,0.9340506974063016,0.20226033220033285,true,0,-9.171672752869564e-18
45,G+,0.9340506974063016,0.2022932665865559,true,0,-7.375115871743193e-18
46,G-,0.9340506974063016,0.20092620819134344,true,0,-7.897735200199096e-18
47,G+,0.9340506974063016,0.2010159475744865,true,0,-7.991755857344324e-18
48,G-,0.9340506974063016,0.20167454169124227,true,0,-8.944667923005412e-18
49,G+,0.9340506974063016,0.20506510446024065,true,0,-7.472524660677438e-18
50,G-,0.9340506974063016,0.1981852820682676,true,0,-7.989214758502561e-18
51,G+,0.9340506974063016,0.2010860919973159,true,0,-9.066640667410031e-18
52,G-,0.9340506974063016,0.20284552160120595,true,0,-1.0572665247628177e-17
53,G+,0.9340506974063016,0.20114921290782692,true,0,-6.580598967218659e-18
54,G-,0.9340506974063016,0.20216863042118738,true,0,-8.38308507897581e-18
55,G+,0.9340506974063016,0.20210622644109816,true,0,-1.0244016464093508e-17
56,G-,0.9340506974063016,0.20279476107524175,true,0,-8.880716935487712e-18
57,G+,0.9340506974063016,0.20161519569562456,true,0,-9.507944832929521e-18
58,G-,0.9340506974063016,0.20234670079733189,true,0,-1.0428669646594946e-17
59,G+,0.9340506974063016,0.20319320414779435,true,0,-6.5272358915416384e-18
60,G-,0.9340506974063016,0.20252021106228835,true,0,-7.970580033662966e-18
61,G+,0.9340506974063016,0.20229386181651748,true,0,-1.0255345529763035e-17
62,G-,0.9340506974063016,0.20114918009752747,true,0,-8.045118933021345e-18
63,G+,0.9340506974063016,0.20263409273221109,true,0,-6.143106449961813e-18
64,G-,0.9340506974063016,0.20081611581323616,true,0,-7.534358065827002e-18
65,G+,0.9340506974063016,0.20109027248074027,true,0,-6.583140066060422e-18
66,G-,0.9340506974063016,0.20191022908923456,true,0,-8.529621778850804e-18
67,G+,0.9340506974063016,0.20237439117000922,true,0,-1.0544924918605598e-17
68,G-,0.9340506974063016,0.20109902894248577,true,0,-6.877695773468105e-18
69,F,0.9254615424407944,0.37658785129489425,true,0,-3.364414866494081e-18
70,G+,0.9354615424407944,0.17187278284202034,true,0,-3.364414866494081e-18
71,G-,0.9154615424407944,0.7288476671748778,true,0,-3.364414866494081e-18
72,G+,0.9254615424407944,0.37701834009892654,true,0,-6.776263578034403e-20
73,G-,0.9254615424407944,0.3775348911364339,true,0,-1.1993986533120893e-18
74,G+,0.9254615424407944,0.37625783972329924,true,0,-1.514494909690689e-18
75,G-,0.9254615424407944,0.3769917493110357,true,0,-2.027796875726795e-18
76,G+,0.9254615424407944,0.3765087149895975,true,0,-4.496050884025826e-18
77,G-,0.9254615424407944,0.3784052223878054,true,0,-4.472333961502706e-18
78,G+,0.9254615424407944,0.3775381261829176,true,0,-4.133520782600986e-18
79,G-,0.9254615424407944,0.37515983713682427,true,0,-4.064064080926133e-18
80,G+,0.9254615424407944,0.3757064447641579,true,0,-1.8600843521704435e-18
81,G-,0.9254615424407944,0.3777707060598046,true,0,-2.0481256664608982e-18
82,G+,0.9254615424407944,0.38162705210266173,true,0,-2.5021353261892032e-18
83,G-,0.9254615424407944,0.372048105108293,true,0,-3.940397270627005e-18
84,G+,0.9254615424407944,0.3747787553458419,true,0,-2.9984966332802232e-18
85,G-,0.9254615424407944,0.3780083507313649,true,0,-1.938011383317839e-18
86,G+,0.9254615424407944,0.37599481012301034,true,0,-1.5466821616863524e-18
87,G-,0.9254615424407944,0.3769548075931373,true,0,-2.0294909416213036e-18
88,G+,0.9254615424407944,0.3774010842431399,true,0,-4.662069341687669e-18
89,G-,0.9254615424407944,0.376665071398234,true,0,-4.0454293560865384e-18
90,G+,0.9254615424407944,0.3769864202754614,true,0,-3.1407981684189457e-18
91,G-,0.9254615424407944,0.3761526541685042,true,0,-1.2095630486791409e-18
92,G+,0.9254615424407944,0.37916732285754434,true,0,-1.8262030342802715e-18
93,G-,0.9254615424407944,0.3761181051262114,true,0,-3.82520078980042e-18
94,G+,0.9254615424407944,0.37767313904738814,true,0,-2.9883322379131716e-18
95,G-,0.9254615424407944,0.37508685019056953,true,0,-3.469446951953614e-18
96,G+,0.9254615424407944,0.37760806904480015,true,0,-4.70950318673391e-18
97,G-,0.9254615424407944,0.37546291612042915,true,0,-6.369687763352339e-19
98,G+,0.9254615424407944,0.3758393371963884,true,0,-1.4856957894840428e-18
99,G-,0.9254615424407944,0.37719970595726104,true,0,-1.921070724372753e-18
100,G+,0.9254615424407944,0.3777745959104532,true,0,-5.034763838479561e-18
101,G-,0.9254615424407944,0.37534095263173606,true,0,3.3542504711270293e-19
102,F,0.9034612412190636,1.530090036485325,false,0,-5.366800753803247e-18
103,F,0.9178422047511815,0.6007572699793873,true,0,-2.0735366548785272e-18
104,G+,0.9278422047511815,0.3033749421617644,true,0,-6.159623592433272e-18
105,G-,0.9078422047511815,1.1524981204196005,false,0,-6.159623592433272e-18
106,G+,0.9178422047511815,0.6027330833173549,true,0,-5.0889739471038364e-18
107,G-,0.9178422047511815,0.6002210050863571,true,0,-2.7037291676357267e-18
108,G+,0.9178422047511815,0.600895004729364,true,0,-6.86435500454885e-18
109,G-,0.9178422047511815,0.6007906146240758,true,0,-5.5294310796760726e-18
110,G+,0.9178422047511815,0.6015628004224549,true,0,-4.851804721872632e-18
111,G-,0.9178422047511815,0.6008746175535855,true,0,-2.3174821436877657e-18
112,G+,0.9178422047511815,0.60280128467606,true,0,-5.570088661144279e-18
113,G-,0.9178422047511815,0.597486712777801,true,0,-3.8963515573697816e-18
114,G+,0.9178422047511815,0.5989983935008597,true,0,-6.905012586017056e-18
115,G-,0.9178422047511815,0.6029475324257036,true,0,-5.6107462426124854e-18
116,G+,0.9178422047511815,0.6060895710416321,true,0,-7.15573433840433e-18
117,G-,0.9178422047511815,0.5948042571707883,true,0,-3.706616177184818e-18
118,G+,0.9178422047511815,0.5984519470825873,true,0,-3.9641141931501256e-18
119,G-,0.9178422047511815,0.6031764022523778,true,0,-6.112189747387031e-18
120,G+,0.9178422047511815,0.5988952353492129,true,0,-4.682398132421772e-18
121,G-,0.9178422047511815,0.6012658714034064,true,0,-2.7172816947917955e-18
122,G+,0.9178422047511815,0.6007521059442968,true,0,-4.7366082410460475e-18
123,G-,0.9178422047511815,0.602734970999062,true,0,-2.757939276260002e-18
124,G+,0.9178422047511815,0.600640427198699,true,0,-3.5101045334218206e-18
125,G-,0.9178422047511815,0.6011948010364639,true,0,-5.651403824080692e-18
126,G+,0.9178422047511815,0.6024148298976578,true,0,-6.728829732988162e-18
127,G-,0.9178422047511815,0.602098111388601,true,0,-4.526544070126981e-18
128,G+,0.9178422047511815,0.6035665797554368,true,0,-5.793705359219414e-18
129,G-,0.9178422047511815,0.5995359023080397,true,0,-3.57109090562413e-18
130,G+,0.9178422047511815,0.602762795388379,true,0,-4.058981883242607e-18
131,G-,0.9178422047511815,0.5990543344224717,true,0,-2.812149384884277e-18
132,G+,0.9178422047511815,0.600309204870888,true,0,-4.47911022508074e-18
133,G-,0.9178422047511815,0.6021466596525693,true,0,-2.608861477543245e-18
134,G+,0.9178422047511815,0.6030526970841195,true,0,-6.959222694641332e-18
135,G-,0.9178422047511815,0.5992809829615678,true,0,-7.94178091345632e-18
136,F,0.9096998069397465,0.9529667117919599,true,0,-9.690056916589196e-18
137,G+,0.9196998069397465,0.49864244529409124,true,0,-9.690056916589196e-18
138,G-,0.8996998069397465,2.1198077944211113,false,0,-9.690056916589196e-18
139,G+,0.9096998069397465,0.9546853065701074,true,0,-6.383240290508407e-18
140,G-,0.9096998069397465,0.9537325135292603,true,0,-9.784924606681678e-18
141,G+,0.9096998069397465,0.9527818280664143,true,0,-5.4616684438957286e-18
142,G-,0.9096998069397465,0.9535471920433543,true,0,-7.359022245745361e-18
143,G+,0.9096998069397465,0.953383754907601,true,0,-7.575862680242462e-18
144,G-,0.9096998069397465,0.9560784781547961,true,0,-8.578749689791554e-18
145,G+,0.9096998069397465,0.9579101564264823,true,0,-7.914675859144182e-18
146,G-,0.9096998069397465,0.9503760497613245,true,0,-6.139294801699169e-18
147,G+,0.9096998069397465,0.9499253125658813,true,0,-5.55653613398821e-18
148,G-,0.9096998069397465,0.9568565866824259,true,0,-7.535205098774256e-18
149,G+,0.9096998069397465,0.9617009263565803,true,0,-5.5294310796760726e-18
150,G-,0.9096998069397465,0.9443044488290251,true,0,-6.532318089225164e-18
151,G+,0.9096998069397465,0.9491225687529232,true,0,-7.453889935837843e-18
152,G-,0.9096998069397465,0.9563490704634251,true,0,-5.7462715141731735e-18
153,G+,0.9096998069397465,0.9497750443102176,true,0,-5.637851296924623e-18
154,G-,0.9096998069397465,0.9563331020986295,true,0,-7.914675859144182e-18
155,G+,0.9096998069397465,0.9544183182074041,true,0,-7.304812137121086e-18
156,G-,0.9096998069397465,0.9529840302823211,true,0,-8.443224418230866e-18
157,G+,0.9096998069397465,0.9538301705781976,true,0,-7.318364664277155e-18
158,G-,0.9096998069397465,0.9520519022122227,true,0,-5.759824041329242e-18
159,G+,0.9096998069397465,0.9561926792144075,true,0,-6.193504910323444e-18
160,G-,0.9096998069397465,0.9522885465412689,true,0,-9.175060884658581e-18
161,G+,0.9096998069397465,0.9556925250619512,true,0,-5.3939058081153846e-18
162,G-,0.9096998069397465,0.9510677658340942,true,0,-8.239936510889834e-18
163,G+,0.9096998069397465,0.955853204859228,true,0,-7.169286865560398e-18
164,G-,0.9096998069397465,0.9502683196019621,true,0,-4.160625836913123e-18
165,G+,0.9096998069397465,0.9525776144882061,true,0,-5.664956351236761e-18
166,G-,0.9096998069397465,0.9545557561370186,true,0,-7.589415207398531e-18
167,G+,0.9096998069397465,0.9560590686101211,true,0,-8.307699146670178e-18
168,G-,0.9096998069397465,0.9505580322813755,true,0,-7.697835424647081e-18
169,F,0.9089167629218157,0.9837367416958949,true,0,-3.6591823321385775e-18
170,F,0.9072379539472427,0.9883515637388813,true,0,-6.3696877633523385e-18
171,G+,0.9172379539472427,0.516865125527233,true,0,-6.3696877633523385e-18
172,G-,0.8972379539472427,2.34444040829926,false,0,-6.3696877633523385e-18
173,G+,0.9072379539472427,0.9929495188641649,true,0,-4.824699667560495e-18
174,G-,0.9072379539472427,0.9891570715683703,true,0,-5.177065373618284e-18
175,G+,0.9072379539472427,0.9890297897305733,true,0,-6.69494841509799e-18
176,G-,0.9072379539472427,0.9881526679616284,true,0,-4.7704895589362195e-18
177,G+,0.9072379539472427,0.9888761581063561,true,0,-5.366800753803247e-18
178,G-,0.9072379539472427,0.9897155234145233,true,0,-7.562310153086393e-18
179,G+,0.9072379539472427,0.9912013168022291,true,0,-6.80336863234654e-18
180,G-,0.9072379539472427,0.9881604755795522,true,0,-7.724940478959219e-18
181,G+,0.9072379539472427,0.9858527500380925,true,0,-6.1257422745431e-18
182,G-,0.9072379539472427,0.9916886213245059,true,0,-4.851804721872632e-18
183,G+,0.9072379539472427,0.9980938984968929,true,0,-5.908901840045999e-18
184,G-,0.9072379539472427,0.9822029611231964,true,0,-7.887570804832045e-18
185,G+,0.9072379539472427,0.9839988205475826,true,0,-9.053088140253962e-18
186,G-,0.9072379539472427,0.9922492750448839,true,0,-7.806255641895632e-18
187,G+,0.9072379539472427,0.9851392841511996,true,0,-6.3696877633523385e-18
188,G-,0.9072379539472427,0.989900334495351,true,0,-8.294146619514109e-18
189,G+,0.9072379539472427,0.9891720221964273,true,0,-4.9873299934333204e-18
190,G-,0.9072379539472427,0.9888132717267948,true,0,-7.94178091345632e-18
191,G+,0.9072379539472427,0.9890664741883244,true,0,-7.995991022080595e-18
192,G-,0.9072379539472427,0.9874593149300414,true,0,-7.128629284092192e-18
193,G+,0.9072379539472427,0.9940083649987856,true,0,-5.285485590866834e-18
194,G-,0.9072379539472427,0.9881220871493841,true,0,-7.426784881525705e-18
195,G+,0.9072379539472427,0.990984377826219,true,0,-3.848917712323541e-18
196,G-,0.9072379539472427,0.9890096375953045,true,0,-6.830473686658678e-18
197,G+,0.9072379539472427,0.9912865689891689,true,0,-5.692061405548898e-18
198,G-,0.9072379539472427,0.9880382745626212,true,0,-7.887570804832045e-18
199,G+,0.9072379539472427,0.9873292918578594,true,0,-5.8817967857338616e-18
200,G-,0.9072379539472427,0.9887995876794792,true,0,-8.483881999699072e-18
201,G+,0.9072379539472427,0.9945844088050562,true,0,-4.662069341687669e-18
202,G-,0.9072379539472427,0.9853329786714002,true,0,-7.426784881525705e-18
203,F,0.9067856178887573,0.992475981981247,true,0,-6.5052130349130266e-18
204,G+,0.9167856178887573,0.520405504764077,true,0,-6.5052130349130266e-18
205,G-,0.8967856178887573,2.371306596840452,false,0,-6.5052130349130266e-18
206,G+,0.9067856178887573,0.9944519581034227,true,0,-5.068645156369733e-18
207,G-,0.9067856178887573,0.9929909719547984,true,0,-5.55653613398821e-18
208,G+,0.9067856178887573,0.9933078936636621,true,0,-6.5052130349130266e-18
209,G-,0.9067856178887573,0.992510431243192,true,0,-5.5294310796760726e-18
210,G+,0.9067856178887573,0.9942653081022299,true,0,-4.445228907190568e-18
211,G-,0.9067856178887573,0.9935338390634598,true,0,-3.5236570605778894e-18
212,G+,0.9067856178887573,0.995188476828141,true,0,-6.3696877633523385e-18
213,G-,0.9067856178887573,0.9899254187953863,true,0,-4.30970363562988e-18
214,G+,0.9067856178887573,0.9883699695810986,true,0,-6.559423143537302e-18
215,G-,0.9067856178887573,0.9967386078226639,true,0,-5.7462715141731735e-18
216,G+,0.9067856178887573,0.9993115706311362,true,0,-8.863352760068999e-18
217,G-,0.9067856178887573,0.9864024690941916,true,0,-4.526544070126981e-18
218,G+,0.9067856178887573,0.9896607731231579,true,0,-2.927345865710862e-18
219,G-,0.9067856178887573,0.9967805509431862,true,0,-7.291259609965017e-18
220,G+,0.9067856178887573,0.9892278572989666,true,0,-4.553649124439119e-18
221,G-,0.9067856178887573,0.9949719239370686,true,0,-4.9060148304969076e-18
222,G+,0.9067856178887573,0.9938025276211828,true,0,-4.824699667560495e-18
223,G-,0.9067856178887573,0.9930846819393707,true,0,-3.604972223514302e-18
224,G+,0.9067856178887573,0.9927412890725855,true,0,-2.656295322589486e-18
225,G-,0.9067856178887573,0.9925905889709629,true,0,-6.7220534694101275e-18
226,G+,0.9067856178887573,0.9947891285416389,true,0,-7.020209066843641e-18
227,G-,0.9067856178887573,0.9925062445416887,true,0,-2.087089182034596e-18
228,G+,0.9067856178887573,0.9948924587438284,true,0,-5.1228552649940085e-18
229,G-,0.9067856178887573,0.9903827171703785,true,0,-5.692061405548898e-18
230,G+,0.9067856178887573,0.9952620639619351,true,0,-6.342582709040201e-18
231,G-,0.9067856178887573,0.9898480900214293,true,0,-5.3939058081153846e-18
232,G+,0.9067856178887573,0.9919672580881258,true,0,-4.255493527005605e-18
233,G-,0.9067856178887573,0.9930418610623207,true,0,-4.472333961502706e-18
234,G+,0.9067856178887573,0.9958809831395172,true,0,-8.40256683676266e-18
235,G-,0.9067856178887573,0.9894252059039743,true,0,-5.827586677109586e-18
236,F,0.9065803012882576,0.9936494753629154,true,0,-7.887570804832045e-18
237,F,0.9063918379647511,0.9990725217252623,true,0,-8.239936510889834e-18
238,F,0.9061900036796782,1.0000479714328256,false,0,-1.1492543028346347e-17
239,F,0.8991685815771548,1.0129039877613641,false,0,-7.914675859144182e-18
240,G+,0.9091685815771549,0.587071747533415,true,0,-7.914675859144182e-18
241,G-,0.8891685815771548,2.7335452978541137,false,0,-7.914675859144182e-18
242,G+,0.8991685815771548,1.0148029381761239,false,0,-6.1257422745431e-18
243,G-,0.8991685815771548,1.0055030642862666,false,0,-7.15573433840433e-18
244,G+,0.8991685815771548,1.012929917924815,false,0,-6.7220534694101275e-18
245,G-,0.8991685815771548,1.01236266829789,false,0,-4.336808689942018e-18
246,G+,0.8991685815771548,1.013823951600555,false,0,-6.5052130349130266e-18
247,G-,0.8991685815771548,1.0142241054795058,false,0,-7.589415207398531e-18
248,G+,0.8991685815771548,1.0074659425212633,false,0,-8.565197162635485e-18
249,G-,0.8991685815771548,1.0106046533612103,false,0,-6.613633252161577e-18
250,G+,0.8991685815771548,1.010117347793502,false,0,-6.7220534694101275e-18
251,G-,0.8991685815771548,1.0138784362599824,false,0,-4.553649124439119e-18
252,G+,0.8991685815771548,1.016861436574809,false,0,-8.185726402265558e-18
253,G-,0.8991685815771548,1.001104887728354,false,0,-7.48099499014998e-18
254,G+,0.8991685815771548,1.0023603863424453,false,0,-7.697835424647081e-18
255,G-,0.8991685815771548,1.015227262922552,false,0,-6.0173220572945496e-18
256,G+,0.8991685815771548,1.0107223449782796,false,0,-7.26415455565288e-18
257,G-,0.8991685815771548,1.0154637441453154,false,0,-4.553649124439119e-18
258,G+,0.8991685815771548,1.0125704126495159,false,0,-6.396792817664476e-18
259,G-,0.8991685815771548,1.0136399888766825,false,0,-7.589415207398531e-18
260,G+,0.8991685815771548,1.0059612844956214,false,0,-7.589415207398531e-18
261,G-,0.8991685815771548,1.012473776232645,false,0,-6.2341624917916505e-18
262,G+,0.8991685815771548,1.0142486268396722,false,0,-7.426784881525705e-18
263,G-,0.8991685815771548,1.0061745428801374,false,0,-8.565197162635485e-18
264,G+,0.8991685815771548,1.0072023889516637,false,0,-8.131516293641283e-18
265,G-,0.8991685815771548,1.0110744164424346,false,0,-9.215718466126788e-18
266,G+,0.8991685815771548,1.0082605620794007,false,0,-6.938893903907228e-18
267,G-,0.8991685815771548,1.0098326389105639,false,0,-5.7462715141731735e-18
268,G+,0.8991685815771548,1.0122095549878356,false,0,-7.047314121155779e-18
269,G-,0.8991685815771548,1.0129650503216436,false,0,-4.119968255444917e-18
270,G+,0.8991685815771548,1.014742987110832,false,0,-8.456776945386935e-18
271,G-,0.8991685815771548,1.0036555214102918,false,0,-8.890457814381136e-18
272,F,0.8992208315745681,0.9984538327347924,true,0,-4.553649124439119e-18
273,G+,0.9092208315745681,0.5819856271272458,true,0,-4.553649124439119e-18
274,G-,0.8892208315745681,2.6470295257101384,false,0,-4.553649124439119e-18
275,G+,0.8992208315745681,1.0066480823299893,false,0,-1.6263032587282567e-18
276,G-,0.8992208315745681,0.999657926095377,true,0,-4.119968255444917e-18
277,G+,0.8992208315745681,0.998772231439115,true,0,-4.336808689942018e-18
278,G-,0.8992208315745681,1.0051978233202323,false,0,-3.577867169202165e-18
279,G+,0.8992208315745681,1.004552959885452,false,0,-4.0115480381963664e-18
280,G-,0.8992208315745681,1.0017651914619874,false,0,-1.6263032587282567e-18
281,G+,0.8992208315745681,1.0001940164782015,false,0,-4.553649124439119e-18
282,G-,0.8992208315745681,1.00375492332382,false,0,-3.3610267347050637e-18
283,G+,0.8992208315745681,0.9966945512578953,true,0,-4.119968255444917e-18
284,G-,0.8992208315745681,1.0068236552930039,false,0,-3.7947076036992655e-18
285,G+,0.8992208315745681,1.0105764908091022,false,0,-2.6020852139652106e-18
286,G-,0.8992208315745681,0.9948291573910666,true,0,-1.8431436932253575e-18
287,G+,0.8992208315745681,0.9968162953016394,true,0,-4.119968255444917e-18
288,G-,0.8992208315745681,1.0076008601426005,false,0,-4.9873299934333204e-18
289,G+,0.8992208315745681,0.9965841533974297,true,0,-4.336808689942018e-19
290,G-,0.8992208315745681,1.0073478930157767,false,0,-1.4094628242311558e-18
291,G+,0.8992208315745681,1.0057536330147776,false,0,-3.903127820947816e-18
292,G-,0.8992208315745681,0.9987284055992112,true,0,-1.734723475976807e-18
293,G+,0.8992208315745681,0.9996216397002876,true,0,-3.903127820947816e-18
294,G-,0.8992208315745681,1.0040207705517141,false,0,-5.421010862427522e-18
295,G+,0.8992208315745681,1.0084933984207844,false,0,-5.312590645178972e-18
296,G-,0.8992208315745681,0.9975967868408167,true,0,-3.7947076036992655e-18
297,G+,0.8992208315745681,1.0000973635988373,false,0,-3.577867169202165e-18
298,G-,0.8992208315745681,1.0038908808465439,false,0,-2.168404344971009e-18
299,G+,0.8992208315745681,1.0011046677224273,false,0,-4.7704895589362195e-18
300,G-,0.8992208315745681,1.002866140308524,false,0,-4.228388472693467e-18
301,G+,0.8992208315745681,0.9979733307534441,true,0,-1.1926223897340549e-18
302,G-,0.8992208315745681,1.0049521316128,false,0,-1.8431436932253575e-18
303,G+,0.8992208315745681,1.0074544291197634,false,0,-6.505213034913027e-19
304,G-,0.8992208315745681,0.9966944744303806,true,0,-2.927345865710862e-18
305,F,0.8991942679072726,1.0000433670744098,false,0,-5.854691731421724e-18
306,G+,0.9091942679072726,0.5830928268650777,true,0,-5.854691731421724e-18
307,G-,0.8891942679072726,2.6573663336632003,false,0,-5.854691731421724e-18
308,G+,0.8991942679072726,1.008324623088666,false,0,-7.697835424647081e-18
309,G-,0.8991942679072726,1.0012087374374508,false,0,-4.87890977618477e-18
310,G+,0.8991942679072726,1.0004203970991856,false,0,-9.432558900623889e-18
311,G-,0.8991942679072726,0.9999818577373991,true,0,-9.432558900623889e-18
312,G+,0.8991942679072726,0.9994784806507218,true,0,-6.179952383167375e-18
313,G-,0.8991942679072726,1.0033089727706248,false,0,-6.613633252161577e-18
314,G+,0.8991942679072726,1.001792969512187,false,0,-1.0083080204115191e-17
315,G-,0.8991942679072726,1.005351473906386,false,0,-6.179952383167375e-18
316,G+,0.8991942679072726,0.9981019771582229,true,0,-9.64939933512099e-18
317,G-,0.8991942679072726,1.0013999374186435,false,0,-9.324138683375338e-18
318,G+,0.8991942679072726,1.011612964100584,false,0,-6.938893903907228e-18
319,G-,0.8991942679072726,0.9958608292763351,true,0,-6.938893903907228e-18
320,G+,0.8991942679072726,0.9983879514350855,true,0,-4.9873299934333204e-18
321,G-,0.8991942679072726,1.0023625802364937,false,0,-9.86623976961809e-18
322,G+,0.8991942679072726,0.9977751885021787,true,0,-8.565197162635485e-18
323,G-,0.8991942679072726,1.0015545128347456,false,0,-5.854691731421724e-18
324,G+,0.8991942679072726,1.0005328082841494,false,0,-5.7462715141731735e-18
325,G-,0.8991942679072726,1.0003561340681002,false,0,-6.5052130349130266e-18
326,G+,0.8991942679072726,1.0011488028201811,false,0,-4.87890977618477e-18
327,G-,0.8991942679072726,0.9988963896871439,true,0,-9.540979117872439e-18
328,G+,0.8991942679072726,1.0100149695919425,false,0,-1.0842021724855044e-17
329,G-,0.8991942679072726,0.9992193443173021,true,0,-5.9631119486702744e-18
330,G+,0.8991942679072726,1.0016831928677496,false,0,-6.613633252161577e-18
331,G-,0.8991942679072726,1.0055028017261856,false,0,-7.37257477290143e-18
332,G+,0.8991942679072726,1.002697998848553,false,0,-8.673617379884035e-18
333,G-,0.8991942679072726,1.0044694609073344,false,0,-1.0299920638612292e-17
334,G+,0.8991942679072726,0.9995640372764127,true,0,-8.565197162635485e-18
335,G-,0.8991942679072726,0.999606989489598,true,0,-6.288372600415926e-18
336,G+,0.8991942679072726,1.0090668730252772,false,0,-5.421010862427522e-18
337,G-,0.8991942679072726,0.9982792704032711,true,0,-6.396792817664476e-18
338,F,0.8991838962617037,1.000129944203226,false,0,-4.9873299934333204e-18
339,G+,0.9091838962617037,0.5832312541357573,true,0,-4.9873299934333204e-18
340,G-,0.8891838962617037,2.6594020487819394,false,0,-4.9873299934333204e-18
341,G+,0.8991838962617037,1.0077814221653598,false,0,-6.830473686658678e-18
342,G-,0.8991838962617037,1.001272118705412,false,0,-8.023096076392733e-18
343,G+,0.8991838962617037,1.0005344695582985,false,0,-4.228388472693467e-18
344,G-,0.8991838962617037,1.0000787700000073,false,0,-5.095750210681871e-18
345,G+,0.8991838962617037,0.9997946902593222,true,0,-7.15573433840433e-18
346,G-,0.8991838962617037,1.0032558603447959,false,0,-8.023096076392733e-18
347,G+,0.8991838962617037,1.001892328876135,false,0,-7.697835424647081e-18
348,G-,0.8991838962617037,1.0055508069646621,false,0,-5.5294310796760726e-18
349,G+,0.8991838962617037,0.9980887202207019,true,0,-4.87890977618477e-18
350,G-,0.8991838962617037,1.0017622205606473,false,0,-4.553649124439119e-18
351,G+,0.8991838962617037,1.0120884946183046,false,0,-5.637851296924623e-18
352,G-,0.8991838962617037,0.9960247797446188,true,0,-8.782037597132586e-18
353,G+,0.8991838962617037,0.9984714691984554,true,0,-7.15573433840433e-18
354,G-,0.8991838962617037,1.002599078473542,false,0,-5.095750210681871e-18
355,G+,0.8991838962617037,0.9979587349779713,true,0,-3.0357660829594124e-18
356,G-,0.8991838962617037,1.0017898634519593,false,0,-5.9631119486702744e-18
357,G+,0.8991838962617037,1.0006975262520128,false,0,-7.15573433840433e-18
358,G-,0.8991838962617037,1.0005061744738462,false,0,-8.348356728138384e-18
359,G+,0.8991838962617037,1.0012037574365114,false,0,-7.589415207398531e-18
360,G-,0.8991838962617037,0.9991537268741247,true,0,-5.312590645178972e-18
361,G+,0.8991838962617037,1.0092875285534348,false,0,-3.7947076036992655e-18
362,G-,0.8991838962617037,0.9993956143235437,true,0,-6.938893903907228e-18
363,G+,0.8991838962617037,1.00176629776875,false,0,-4.228388472693467e-18
364,G-,0.8991838962617037,1.0048743955653294,false,0,-5.204170427930421e-18
365,G+,0.8991838962617037,1.0027903696122127,false,0,-9.324138683375338e-18
366,G-,0.8991838962617037,1.004674505735,false,0,-5.7462715141731735e-18
367,G+,0.8991838962617037,0.9996324721637362,true,0,-3.469446951953614e-18
368,G-,0.8991838962617037,0.9996902022789828,true,0,-5.854691731421724e-18
369,G+,0.8991838962617037,1.009164932027052,false,0,-4.228388472693467e-18
370,G-,0.8991838962617037,0.9976314271989544,true,0,-5.7462715141731735e-18
371,F,0.8991806610091703,1.0000279667403547,false,0,-8.456776945386935e-18
372,G+,0.9091806610091703,0.5831749224365755,true,0,-8.456776945386935e-18
373,G-,0.8891806610091703,2.6593383656744463,false,0,-8.456776945386935e-18
374,G+,0.8991806610091703,1.0076937290571553,false,0,-4.9873299934333204e-18
375,G-,0.8991806610091703,1.0011510370725258,false,0,-8.023096076392733e-18
376,G+,0.8991806610091703,1.0004417299826618,false,0,-6.5052130349130266e-18
377,G-,0.8991806610091703,1.0001157306947064,false,0,-5.637851296924623e-18
378,G+,0.8991806610091703,0.9997141318742148,true,0,-9.107298248878237e-18
379,G-,0.8991806610091703,1.003130152482486,false,0,-7.15573433840433e-18
380,G+,0.8991806610091703,1.001794152436732,false,0,-7.26415455565288e-18
381,G-,0.8991806610091703,1.0054452182079845,false,0,-5.637851296924623e-18
382,G+,0.8991806610091703,0.9979849141877651,true,0,-6.613633252161577e-18
383,G-,0.8991806610091703,1.0018233878751688,false,0,-5.9631119486702744e-18
384,G+,0.8991806610091703,1.012074108308418,false,0,-7.15573433840433e-18
385,G-,0.8991806610091703,0.9959336441777794,true,0,-6.938893903907228e-18
386,G+,0.8991806610091703,0.9983684894026222,true,0,-1.0516761073109393e-17
387,G-,0.8991806610091703,1.0025903834169916,false,0,-9.215718466126788e-18
388,G+,0.8991806610091703,0.9978560555756288,true,0,-6.938893903907228e-18
389,G-,0.8991806610091703,1.0016886763028383,false,0,-8.348356728138384e-18
390,G+,0.8991806610091703,1.0005784655070409,false,0,-8.565197162635485e-18
391,G-,0.8991806610091703,1.0004200694112027,false,0,-6.938893903907228e-18
392,G+,0.8991806610091703,1.0010964146449037,false,0,-1.0083080204115191e-17
393,G-,0.8991806610091703,0.9990565300627892,true,0,-9.86623976961809e-18
394,G+,0.8991806610091703,1.0091609155363892,false,0,-8.131516293641283e-18
395,G-,0.8991806610091703,0.9993167861062714,true,0,-9.324138683375338e-18
396,G+,0.8991806610091703,1.0016639605880964,false,0,-6.5052130349130266e-18
397,G-,0.8991806610091703,1.00477264969614,false,0,-5.421010862427522e-18
398,G+,0.8991806610091703,1.002690910806674,false,0,-9.215718466126788e-18
399,G-,0.8991806610091703,1.0045702381676702,false,0,-6.938893903907228e-18
400,G+,0.8991806610091703,0.9995321992290293,true,0,-6.7220534694101275e-18
401,G-,0.8991806610091703,0.9995869766626547,true,0,-8.023096076392733e-18
402,G+,0.8991806610091703,1.0090646439146513,false,0,-6.396792817664476e-18
403,G-,0.8991806610091703,0.997527714602172,true,0,-6.179952383167375e-18
404,F,0.89916990930695,1.0005100792345953,false,0,-5.854691731421724e-18
405,G+,0.90916990930695,0.5834057584588863,true,0,-5.854691731421724e-18
406,G-,0.88916990930695,2.6617889996251227,false,0,-5.854691731421724e-18
407,G+,0.89916990930695,1.001299683764614,false,0,-5.854691731421724e-18
408,G-,0.89916990930695,1.0016076091917347,false,0,-8.998878031629687e-18
409,G+,0.89916990930695,1.0009657160932608,false,0,-5.312590645178972e-18
410,G-,0.89916990930695,1.0005814757404072,false,0,-6.288372600415926e-18
411,G+,0.89916990930695,1.000279572512946,false,0,-5.9631119486702744e-18
412,G-,0.89916990930695,1.0035884412427698,false,0,-4.553649124439119e-18
413,G+,0.89916990930695,1.002310087905781,false,0,-9.86623976961809e-18
414,G-,0.89916990930695,1.0059420560896426,false,0,-5.637851296924623e-18
415,G+,0.89916990930695,0.9984878761207001,true,0,-4.662069341687669e-18
416,G-,0.89916990930695,1.0025244136070066,false,0,-5.637851296924623e-18
417,G+,0.89916990930695,1.011813598020733,false,0,-7.697835424647081e-18
418,G-,0.89916990930695,0.9961756682679069,true,0,-8.998878031629687e-18
419,G+,0.89916990930695,0.9984398330996718,true,0,-4.553649124439119e-18
420,G-,0.89916990930695,1.00284637901478,false,0,-7.589415207398531e-18
421,G+,0.89916990930695,0.9985162802469645,true,0,-5.421010862427522e-18
422,G-,0.89916990930695,1.0023486726376554,false,0,-5.204170427930421e-18
423,G+,0.89916990930695,1.0010105156605829,false,0,-6.396792817664476e-18
424,G-,0.89916990930695,1.0009668273815278,false,0,-4.336808689942018e-18
425,G+,0.89916990930695,1.0015684238199223,false,0,-5.095750210681871e-18
426,G-,0.89916990930695,0.9996817205357776,true,0,-8.239936510889834e-18
427,G+,0.89916990930695,1.0026428814336086,false,0,-7.15573433840433e-18
428,G-,0.89916990930695,0.9997445548501606,true,0,-7.15573433840433e-18
429,G+,0.89916990930695,1.0022718478736268,false,0,-8.890457814381136e-18
430,G-,0.89916990930695,0.9983255514053692,true,0,-7.37257477290143e-18
431,G+,0.89916990930695,1.003204452156937,false,0,-4.9873299934333204e-18
432,G-,0.89916990930695,1.0050695615228713,false,0,-5.312590645178972e-18
433,G+,0.89916990930695,1.0002982257487592,false,0,-5.312590645178972e-18
434,G-,0.89916990930695,1.0000865459304193,false,0,-4.9873299934333204e-18
435,G+,0.89916990930695,1.0095803255003797,false,0,-5.421010862427522e-18
436,G-,0.89916990930695,0.9980237551196638,true,0,-7.914675859144182e-18
437,F,0.8991543793063995,0.9997557565566948,true,0,-8.239936510889834e-18
438,G+,0.9091543793063995,0.5830338052120635,true,0,-8.239936510889834e-18
439,G-,0.8891543793063995,2.659786365627535,false,0,-8.239936510889834e-18
440,G+,0.8991543793063995,1.0006946651117663,false,0,-5.421010862427522e-18
441,G-,0.8991543793063995,1.0007575760434706,false,0,-5.421010862427522e-18
442,G+,0.8991543793063995,1.0002880324179395,false,0,-5.312590645178972e-18
443,G-,0.8991543793063995,0.999715449674423,true,0,-2.4936649967166602e-18
444,G+,0.8991543793063995,0.9999074422343577,true,0,-5.637851296924623e-18
445,G-,0.8991543793063995,1.002586300417609,false,0,-6.071532165918825e-18
446,G+,0.8991543793063995,1.001579093441452,false,0,-3.903127820947816e-18
447,G-,0.8991543793063995,0.9974929151917068,true,0,-5.854691731421724e-18
448,G+,0.8991543793063995,0.9982445743327576,true,0,-5.095750210681871e-18
449,G-,0.8991543793063995,1.002057704965743,false,0,-2.3852447794681098e-18
450,G+,0.8991543793063995,1.0045720422247433,false,0,-3.7947076036992655e-18
451,G-,0.8991543793063995,0.9961639322296348,true,0,-5.637851296924623e-18
452,G+,0.8991543793063995,0.997898782440497,true,0,-6.938893903907228e-18
453,G-,0.8991543793063995,1.0026762116889358,false,0,-7.047314121155779e-18
454,G+,0.8991543793063995,0.997723817218506,true,0,-6.071532165918825e-18
455,G-,0.8991543793063995,1.0014489511471412,false,0,-6.396792817664476e-18
456,G+,0.8991543793063995,1.0002567271241107,false,0,-4.9873299934333204e-18
457,G-,0.8991543793063995,1.0004230668651537,false,0,-4.9873299934333204e-18
458,G+,0.8991543793063995,1.0007496958044322,false,0,-3.3610267347050637e-18
459,G-,0.8991543793063995,0.9991165516772544,true,0,-7.37257477290143e-18
460,G+,0.8991543793063995,1.0016820493199912,false,0,-5.5294310796760726e-18
461,G-,0.8991543793063995,0.9992769760934767,true,0,-5.312590645178972e-18
462,G+,0.8991543793063995,1.0015025490777119,false,0,-7.697835424647081e-18
463,G-,0.8991543793063995,0.9977867100147566,true,0,-3.686287386450715e-18
464,G+,0.8991543793063995,1.0024570907099521,false,0,-3.577867169202165e-18
465,G-,0.8991543793063995,0.9973682695405067,true,0,-4.445228907190568e-18
466,G+,0.8991543793063995,0.9996038628153612,true,0,-6.179952383167375e-18
467,G-,0.8991543793063995,0.9993067572835792,true,0,-7.047314121155779e-18
468,G+,0.8991543793063995,1.008823614655253,false,0,-7.589415207398531e-18
469,G-,0.8991543793063995,0.9974665554078699,true,0,-4.662069341687669e-18
470,F,0.8991208611383364,0.9998376279225841,true,0,-3.2526065174565133e-18
471,G+,0.9091208611383365,0.5834973049675539,true,0,-3.2526065174565133e-18
472,G-,0.8891208611383364,2.6594671844550914,false,0,-3.2526065174565133e-18
473,G+,0.8991208611383364,1.0009786453386134,false,0,-6.830473686658678e-18
474,G-,0.8991208611383364,1.0003610662475442,false,0,-4.87890977618477e-18
475,G+,0.8991208611383364,1.000461268829381,false,0,-5.095750210681871e-18
476,G-,0.8991208611383364,0.9996772114571959,true,0,-3.903127820947816e-18
477,G+,0.8991208611383364,1.0001718711455423,false,0,-5.312590645178972e-18
478,G-,0.8991208611383364,1.0021413838126414,false,0,-4.119968255444917e-18
479,G+,0.8991208611383364,1.0016797511494944,false,0,-9.107298248878237e-18
480,G-,0.8991208611383364,0.9975546739664294,true,0,-4.336808689942018e-18
481,G+,0.8991208611383364,0.9978706134325215,true,0,-6.179952383167375e-18
482,G-,0.8991208611383364,1.002205620363431,false,0,-4.0115480381963664e-18
483,G+,0.8991208611383364,1.0036231380153862,false,0,-2.168404344971009e-18
484,G-,0.8991208611383364,0.9954195782295234,true,0,-3.577867169202165e-18
485,G+,0.8991208611383364,0.9977907630319792,true,0,-4.9873299934333204e-18
486,G-,0.8991208611383364,1.0018080409958763,false,0,-4.0115480381963664e-18
487,G+,0.8991208611383364,0.9975704852650742,true,0,-4.662069341687669e-18
488,G-,0.8991208611383364,1.00127745674179,false,0,-6.5052130349130266e-18
489,G+,0.8991208611383364,0.9999104221677448,true,0,-4.9873299934333204e-18
490,G-,0.8991208611383364,1.0007682705369005,false,0,-4.87890977618477e-18
491,G+,0.8991208611383364,1.0006910819829293,false,0,-5.204170427930421e-18
492,G-,0.8991208611383364,0.9990484037702412,true,0,-4.553649124439119e-18
493,G+,0.8991208611383364,1.0014029296546743,false,0,-5.421010862427522e-18
494,G-,0.8991208611383364,0.9996691746805759,true,0,-3.7947076036992655e-18
495,G+,0.8991208611383364,1.0014421394137634,false,0,-5.421010862427522e-18
496,G-,0.8991208611383364,0.9977075842541704,true,0,-4.445228907190568e-18
497,G+,0.8991208611383364,1.001781358681134,false,0,-8.673617379884035e-18
498,G-,0.8991208611383364,0.9974587381675853,true,0,-3.903127820947816e-18
499,G+,0.8991208611383364,0.9996253798947958,true,0,-4.0115480381963664e-18
500,G-,0.8991208611383364,0.9993922829366728,true,0,-6.071532165918825e-18
501,G+,0.8991208611383364,1.0018729661929098,false,0,-5.5294310796760726e-18
502,G-,0.8991208611383364,0.997354320801277,true,0,-2.3852447794681098e-18
503,F,0.8990736076089613,0.9976487140589254,true,0,-4.553649124439119e-18
504,G+,0.9090736076089613,0.5830000557607602,true,0,-4.553649124439119e-18
505,G-,0.8890736076089613,2.645487780412966,false,0,-4.553649124439119e-18
506,G+,0.8990736076089613,0.9989363715578892,true,0,-5.854691731421724e-18
507,G-,0.8990736076089613,0.9982525910839504,true,0,-6.396792817664476e-18
508,G+,0.8990736076089613,0.9983658698851313,true,0,-6.5052130349130266e-18
509,G-,0.8990736076089613,0.9973912621780624,true,0,-3.577867169202165e-18
510,G+,0.8990736076089613,0.9984092479282722,true,0,-6.396792817664476e-18
511,G-,0.8990736076089613,0.9998281034538449,true,0,-6.613633252161577e-18
512,G+,0.8990736076089613,0.9995136879183849,true,0,-6.5052130349130266e-18
513,G-,0.8990736076089613,0.9953498328517578,true,0,-6.613633252161577e-18
514,G+,0.8990736076089613,0.995601434779735,true,0,-6.5052130349130266e-18
515,G-,0.8990736076089613,0.9998086066268322,true,0,-3.686287386450715e-18
516,G+,0.8990736076089613,1.0014906021460632,false,0,-6.288372600415926e-18
517,G-,0.8990736076089613,0.992989934160058,true,0,-4.336808689942018e-18
518,G+,0.8990736076089613,0.9954802687240032,true,0,-5.421010862427522e-18
519,G-,0.8990736076089613,0.9995544727841963,true,0,-6.938893903907228e-18
520,G+,0.8990736076089613,0.9952597505619964,true,0,-6.396792817664476e-18
521,G-,0.8990736076089613,0.9996731330601175,true,0,-7.806255641895632e-18
522,G+,0.8990736076089613,0.9976242343371908,true,0,-6.396792817664476e-18
523,G-,0.8990736076089613,0.9988690451281906,true,0,-6.288372600415926e-18
524,G+,0.8990736076089613,0.998435105459342,true,0,-6.179952383167375e-18
525,G-,0.8990736076089613,0.9970597982784889,true,0,-6.830473686658678e-18
526,G+,0.8990736076089613,0.998976817904718,true,0,-6.5052130349130266e-18
527,G-,0.8990736076089613,0.9975424261416739,true,0,-6.396792817664476e-18
528,G+,0.8990736076089613,0.9992337308901695,true,0,-9.432558900623889e-18
529,G-,0.8990736076089613,0.9955186757587746,true,0,-7.15573433840433e-18
530,G+,0.8990736076089613,0.9995955034829567,true,0,-5.204170427930421e-18
531,G-,0.8990736076089613,0.9952700457473969,true,0,-7.15573433840433e-18
532,G+,0.8990736076089613,0.9975011196838645,true,0,-2.0599841277224584e-18
533,G-,0.8990736076089613,0.9971981523342919,true,0,-7.047314121155779e-18
534,G+,0.8990736076089613,0.9996847132198862,true,0,-3.7947076036992655e-18
535,G-,0.8990736076089613,0.9951680383918541,true,0,-5.312590645178972e-18
536,F,0.8990317650096785,0.9984891966954099,true,0,-5.5294310796760726e-18
537,G+,0.9090317650096785,0.583766224063195,true,0,-5.5294310796760726e-18
538,G-,0.8890317650096785,2.6527170408369836,false,0,-5.5294310796760726e-18
539,G+,0.8990317650096785,0.9997873348336191,true,0,-5.9631119486702744e-18
540,G-,0.8990317650096785,0.9991060674429504,true,0,-6.071532165918825e-18
541,G+,0.8990317650096785,0.9992300602324145,true,0,-5.421010862427522e-18
542,G-,0.8990317650096785,0.9982078988013677,true,0,-5.9631119486702744e-18
543,G+,0.8990317650096785,0.9993187451405182,true,0,-4.553649124439119e-18
544,G-,0.8990317650096785,1.0004936832396405,false,0,-6.938893903907228e-18
545,G+,0.8990317650096785,1.000352106831751,false,0,-3.577867169202165e-18
546,G-,0.8990317650096785,0.99617076576313,true,0,-6.179952383167375e-18
547,G+,0.8990317650096785,0.9960729481813662,true,0,-5.7462715141731735e-18
548,G-,0.8990317650096785,1.0005823909289802,false,0,-6.179952383167375e-18
549,G+,0.8990317650096785,1.002906681801288,false,0,-2.927345865710862e-18
550,G-,0.8990317650096785,0.9931382686075588,true,0,-5.095750210681871e-18
551,G+,0.8990317650096785,0.9958725055696468,true,0,-6.396792817664476e-18
552,G-,0.8990317650096785,1.0006006751310719,false,0,-5.204170427930421e-18
553,G+,0.8990317650096785,0.9961684253299263,true,0,-2.168404344971009e-18
554,G-,0.8990317650096785,1.0007893442581743,false,0,-6.613633252161577e-18
555,G+,0.8990317650096785,0.9984086922274401,true,0,-4.445228907190568e-18
556,G-,0.8990317650096785,0.999751525296322,true,0,-6.830473686658678e-18
557,G+,0.8990317650096785,0.9992538434074257,true,0,-6.396792817664476e-18
558,G-,0.8990317650096785,0.9977374881757101,true,0,-6.071532165918825e-18
559,G+,0.8990317650096785,0.9997538906360796,true,0,-7.914675859144182e-18
560,G-,0.8990317650096785,0.9984491377753658,true,0,-6.288372600415926e-18
561,G+,0.8990317650096785,1.0000632385553363,false,0,-4.119968255444917e-18
562,G-,0.8990317650096785,0.996371158959828,true,0,-5.421010862427522e-18
563,G+,0.8990317650096785,1.0004286210596438,false,0,-4.87890977618477e-18
564,G-,0.8990317650096785,0.9960962364915605,true,0,-6.179952383167375e-18
565,G+,0.8990317650096785,0.9982823441487503,true,0,-2.168404344971009e-18
566,G-,0.8990317650096785,0.998041812522599,true,0,-7.48099499014998e-18
567,G+,0.8990317650096785,1.0005194141491134,false,0,-4.119968255444917e-18
568,G-,0.8990317650096785,0.9960146053118086,true,0,-6.071532165918825e-18
569,F,0.8989608443041203,0.9970608254965523,true,0,-4.553649124439119e-18
570,G+,0.9089608443041203,0.5837562153332921,true,0,-4.553649124439119e-18
571,G-,0.8889608443041203,2.6476959022810136,false,0,-4.553649124439119e-18
572,G+,0.8989608443041203,0.9984648776177302,true,0,-6.071532165918825e-18
573,G-,0.8989608443041203,0.9975739763863138,true,0,-7.806255641895632e-18
574,G+,0.8989608443041203,0.9978937920669493,true,0,-2.710505431213761e-18
575,G-,0.8989608443041203,0.9966984943391809,true,0,-6.830473686658678e-18
576,G+,0.8989608443041203,0.9979151243368336,true,0,-4.445228907190568e-18
577,G-,0.8989608443041203,0.998729325785173,true,0,-4.87890977618477e-18
578,G+,0.8989608443041203,0.9989308199121637,true,0,-6.179952383167375e-18
579,G-,0.8989608443041203,0.9947374000583014,true,0,-4.336808689942018e-18
580,G+,0.8989608443041203,0.9950713286575927,true,0,-2.710505431213761e-18
581,G-,0.8989608443041203,0.9992373876906013,true,0,-6.613633252161577e-18
582,G+,0.8989608443041203,1.001338487547668,false,0,-3.144186300207963e-18
583,G-,0.8989608443041203,0.9930597491418762,true,0,-7.806255641895632e-18
584,G+,0.8989608443041203,0.9943195155052975,true,0,-6.288372600415926e-18
585,G-,0.8989608443041203,0.9989289696706297,true,0,-5.637851296924623e-18
586,G+,0.8989608443041203,0.9957242937386769,true,0,-7.047314121155779e-18
587,G-,0.8989608443041203,0.9994819478683258,true,0,-4.662069341687669e-18
588,G+,0.8989608443041203,0.9966970991249757,true,0,-3.686287386450715e-18
589,G-,0.8989608443041203,0.9983023152210484,true,0,-4.662069341687669e-18
590,G+,0.8989608443041203,0.9977734200369887,true,0,-5.9631119486702744e-18
591,G-,0.8989608443041203,0.9963816865483464,true,0,-5.5294310796760726e-18
592,G+,0.8989608443041203,0.9980555470699093,true,0,-4.553649124439119e-18
593,G-,0.8989608443041203,0.9972827729089618,true,0,-4.9873299934333204e-18
594,G+,0.8989608443041203,0.9986079142289623,true,0,-7.589415207398531e-18
595,G-,0.8989608443041203,0.9949732369160484,true,0,-4.336808689942018e-18
596,G+,0.8989608443041203,0.9989899717565125,true,0,-6.5052130349130266e-18
597,G-,0.8989608443041203,0.9946805398243217,true,0,-4.553649124439119e-18
598,G+,0.8989608443041203,0.996855487290141,true,0,-6.7220534694101275e-18
599,G-,0.8989608443041203,0.9966146065097093,true,0,-4.87890977618477e-18
600,G+,0.8989608443041203,0.999059079215275,true,0,-8.131516293641283e-18
601,G-,0.8989608443041203,0.9945984929504751,true,0,-4.553649124439119e-18
602,F,0.8985362407453208,0.9880270534585454,true,0,-7.15573433840433e-18
603,G+,0.9085362407453208,0.5865805504487562,true,0,-7.15573433840433e-18
604,G-,0.8885362407453208,2.564396244873894,false,0,-7.15573433840433e-18
605,G+,0.8985362407453208,0.990711766367869,true,0,-5.5294310796760726e-18
606,G-,0.8985362407453208,0.987125665912162,true,0,-4.87890977618477e-18
607,G+,0.8985362407453208,0.9894713460822445,true,0,-5.9631119486702744e-18
608,G-,0.8985362407453208,0.9869143631296535,true,0,-6.179952383167375e-18
609,G+,0.8985362407453208,0.9904535075334184,true,0,-5.637851296924623e-18
610,G-,0.8985362407453208,0.9879890351726831,true,0,-4.7704895589362195e-18
611,G+,0.8985362407453208,0.9901304304359689,true,0,-7.37257477290143e-18
612,G-,0.8985362407453208,0.985881065675198,true,0,-4.9873299934333204e-18
613,G+,0.8985362407453208,0.9869155484923582,true,0,-6.613633252161577e-18
614,G-,0.8985362407453208,0.9900713705452784,true,0,-5.854691731421724e-18
615,G+,0.8985362407453208,0.9910634356442997,true,0,-5.5294310796760726e-18
616,G-,0.8985362407453208,0.9857234634364996,true,0,-4.336808689942018e-18
617,G+,0.8985362407453208,0.9868059780009014,true,0,-7.37257477290143e-18
618,G-,0.8985362407453208,0.9889132162593197,true,0,-4.445228907190568e-18
619,G+,0.8985362407453208,0.9864756767407589,true,0,-3.577867169202165e-18
620,G-,0.8985362407453208,0.9898397934844714,true,0,-6.288372600415926e-18
621,G+,0.8985362407453208,0.9865021844131514,true,0,-5.421010862427522e-18
622,G-,0.8985362407453208,0.9910807448794611,true,0,-4.9873299934333204e-18
623,G+,0.8985362407453208,0.9886032428376944,true,0,-3.0357660829594124e-18
624,G-,0.8985362407453208,0.9875936807437956,true,0,-3.903127820947816e-18
625,G+,0.8985362407453208,0.9881666297554815,true,0,-3.686287386450715e-18
626,G-,0.8985362407453208,0.9902150421710457,true,0,-4.7704895589362195e-18
627,G+,0.8985362407453208,0.9897127647965157,true,0,-4.7704895589362195e-18
628,G-,0.8985362407453208,0.9864830379255691,true,0,-5.854691731421724e-18
629,G+,0.8985362407453208,0.9901534099436163,true,0,-6.938893903907228e-18
630,G-,0.8985362407453208,0.9858314776233841,true,0,-5.7462715141731735e-18
631,G+,0.8985362407453208,0.9878909917757366,true,0,-7.914675859144182e-18
632,G-,0.8985362407453208,0.987876071106485,true,0,-6.613633252161577e-18
633,G+,0.8985362407453208,0.9901328206967218,true,0,-5.9631119486702744e-18
634,G-,0.8985362407453208,0.9858381266788114,true,0,-1.8431436932253575e-18
635,F,0.8973894044669096,0.962359379357984,true,0,-5.9631119486702744e-18
636,G+,0.9073894044669096,0.6014824889062294,true,0,-5.9631119486702744e-18
637,G-,0.8873894044669096,2.274032111537236,false,0,-5.9631119486702744e-18
638,G+,0.8973894044669096,0.963886538685778,true,0,-5.312590645178972e-18
639,G-,0.8973894044669096,0.9630294766281239,true,0,-1.734723475976807e-18
640,G+,0.8973894044669096,0.9640983944109494,true,0,-5.204170427930421e-18
641,G-,0.8973894044669096,0.9611541440424682,true,0,-3.577867169202165e-18
642,G+,0.8973894044669096,0.9647167574717358,true,0,-4.119968255444917e-18
643,G-,0.8973894044669096,0.962674959832499,true,0,-1.734723475976807e-18
644,G+,0.8973894044669096,0.9643688791744789,true,0,-5.9631119486702744e-18
645,G-,0.8973894044669096,0.9604868693690043,true,0,-2.2768245622195593e-18
646,G+,0.8973894044669096,0.961944666710771,true,0,-5.421010862427522e-18
647,G-,0.8973894044669096,0.9628710483311695,true,0,-4.0115480381963664e-18
648,G+,0.8973894044669096,0.962663960418677,true,0,-2.710505431213761e-18
649,G-,0.8973894044669096,0.9621519945361311,true,0,-6.613633252161577e-18
650,G+,0.8973894044669096,0.9618694196508888,true,0,-3.144186300207963e-18
651,G-,0.8973894044669096,0.9631478461134785,true,0,-4.662069341687669e-18
652,G+,0.8973894044669096,0.961367118571775,true,0,-4.0115480381963664e-18
653,G-,0.8973894044669096,0.9629338448317571,true,0,-3.3610267347050637e-18
654,G+,0.8973894044669096,0.9615085318050703,true,0,-3.577867169202165e-18
655,G-,0.8973894044669096,0.9647564686776875,true,0,-2.168404344971009e-18
656,G+,0.8973894044669096,0.9628056811041712,true,0,-2.927345865710862e-18
657,G-,0.8973894044669096,0.9623206864070409,true,0,-5.095750210681871e-18
658,G+,0.8973894044669096,0.9623539685855194,true,0,-2.927345865710862e-18
659,G-,0.8973894044669096,0.9652646357266123,true,0,-1.8431436932253575e-18
660,G+,0.8973894044669096,0.963830682249638,true,0,-4.7704895589362195e-18
661,G-,0.8973894044669096,0.9611470687207708,true,0,-4.87890977618477e-18
662,G+,0.8973894044669096,0.9643363682623419,true,0,-5.095750210681871e-18
663,G-,0.8973894044669096,0.9590249425225255,true,0,-2.3852447794681098e-18
664,G+,0.8973894044669096,0.9622326059898044,true,0,-4.228388472693467e-18
665,G-,0.8973894044669096,0.9625508315911667,true,0,-3.7947076036992655e-18
666,G+,0.8973894044669096,0.9643986680614421,true,0,-4.336808689942018e-18
667,G-,0.8973894044669096,0.9605860863926771,true,0,-3.0357660829594124e-18
668,F,0.8962814919751592,0.9713452256278139,true,0,-6.071532165918825e-18
669,G+,0.9062814919751592,0.6491601103447047,true,0,-6.071532165918825e-18
670,G-,0.8862814919751592,2.028337363650447,false,0,-6.071532165918825e-18
671,G+,0.8962814919751592,0.9696812324429346,true,0,-4.87890977618477e-18
672,G-,0.8962814919751592,0.9755965551565069,true,0,-6.830473686658678e-18
673,G+,0.8962814919751592,0.9725914301244348,true,0,-9.215718466126788e-18
674,G-,0.8962814919751592,0.9703135737253191,true,0,-6.613633252161577e-18
675,G+,0.8962814919751592,0.9711600213001688,true,0,-7.806255641895632e-18
676,G-,0.8962814919751592,0.9738013829241883,true,0,-8.348356728138384e-18
677,G+,0.8962814919751592,0.972540332886538,true,0,-8.673617379884035e-18
678,G-,0.8962814919751592,0.9701809371774325,true,0,-6.179952383167375e-18
679,G+,0.8962814919751592,0.9691448025581078,true,0,-9.432558900623889e-18
680,G-,0.8962814919751592,0.9699982343148136,true,0,-7.047314121155779e-18
681,G+,0.8962814919751592,0.9689940227099028,true,0,-6.938893903907228e-18
682,G-,0.8962814919751592,0.9678609626405723,true,0,-6.071532165918825e-18
683,G+,0.8962814919751592,0.9697937081606997,true,0,-5.312590645178972e-18
684,G-,0.8962814919751592,0.9704992992935577,true,0,-6.938893903907228e-18
685,G+,0.8962814919751592,0.9705652660084509,true,0,-5.9631119486702744e-18
686,G-,0.8962814919751592,0.9718662685962377,true,0,-6.7220534694101275e-18
687,G+,0.8962814919751592,0.9739751164539034,true,0,-7.48099499014998e-18
688,G-,0.8962814919751592,0.9719498188866658,true,0,-7.589415207398531e-18
689,G+,0.8962814919751592,0.972127105982086,true,0,-5.7462715141731735e-18
690,G-,0.8962814919751592,0.9707556085857317,true,0,-7.15573433840433e-18
691,G+,0.8962814919751592,0.9739956572000469,true,0,-6.071532165918825e-18
692,G-,0.8962814919751592,0.9719621908591937,true,0,-7.047314121155779e-18
693,G+,0.8962814919751592,0.9730534258872253,true,0,-8.131516293641283e-18
694,G-,0.8962814919751592,0.9703087812512368,true,0,-7.806255641895632e-18
695,G+,0.8962814919751592,0.972701554277981,true,0,-8.998878031629687e-18
696,G-,0.8962814919751592,0.9700128802777565,true,0,-7.15573433840433e-18
697,G+,0.8962814919751592,0.9715050071974763,true,0,-6.396792817664476e-18
698,G-,0.8962814919751592,0.9712323226293943,true,0,-6.7220534694101275e-18
699,G+,0.8962814919751592,0.9727524722812602,true,0,-8.673617379884035e-18
700,G-,0.8962814919751592,0.9699479743534928,true,0,-8.131516293641283e-18
701,F,0.8947285586579582,1.1192310792120486,false,0,-5.421010862427522e-18
702,F,0.8971100815963465,0.9525433590339123,true,0,-7.589415207398531e-18
703,F,0.8955050253165587,1.0112964897427654,false,0,-1.734723475976807e-18
704,F,0.8958932586458589,0.9789811095172458,true,0,-8.456776945386935e-18
705,F,0.895379022374355,1.0056479490332406,false,0,-4.9873299934333204e-18
706,F,0.8954988619484825,0.9990371690695524,true,0,-3.686287386450715e-18
707,G+,0.9054988619484825,0.6958545815553993,true,0,-3.686287386450715e-18
708,G-,0.8854988619484825,1.9585423308664356,false,0,-3.686287386450715e-18
709,G+,0.8954988619484825,0.9973757049750586,true,0,-5.312590645178972e-18
710,G-,0.8954988619484825,1.0050655343880335,false,0,-5.854691731421724e-18
711,G+,0.8954988619484825,1.001207725767506,false,0,-2.4936649967166602e-18
712,G-,0.8954988619484825,0.9983365216931679,true,0,-4.0115480381963664e-18
713,G+,0.8954988619484825,0.9989591548838461,true,0,-4.87890977618477e-18
714,G-,0.8954988619484825,1.0025448568272246,false,0,-3.577867169202165e-18
715,G+,0.8954988619484825,1.000204294451667,false,0,-2.8189256484623115e-18
716,G-,0.8954988619484825,0.9989450613970742,true,0,-5.7462715141731735e-18
717,G+,0.8954988619484825,1.0016061529722862,false,0,-5.854691731421724e-18
718,G-,0.8954988619484825,0.9983237675559313,true,0,-4.445228907190568e-18
719,G+,0.8954988619484825,0.9974313363960524,true,0,-4.87890977618477e-18
720,G-,0.8954988619484825,1.0019079763795369,false,0,-6.5052130349130266e-18
721,G+,0.8954988619484825,0.9986838566686836,true,0,-2.8189256484623115e-18
722,G-,0.8954988619484825,0.9998778141567082,true,0,-2.0599841277224584e-18
723,G+,0.8954988619484825,0.9992647786462202,true,0,-4.228388472693467e-18
724,G-,0.8954988619484825,0.9986106382486464,true,0,-5.312590645178972e-18
725,G+,0.8954988619484825,1.0025103737049346,false,0,-4.7704895589362195e-18
726,G-,0.8954988619484825,0.9985992598058538,true,0,-3.144186300207963e-18
727,G+,0.8954988619484825,0.9997966581335953,true,0,-3.3610267347050637e-18
728,G-,0.8954988619484825,0.9993437754908753,true,0,-2.8189256484623115e-18
729,G+,0.8954988619484825,1.002821748664291,false,0,-6.071532165918825e-18
730,G-,0.8954988619484825,1.0000637291361631,false,0,-4.9873299934333204e-18
731,G+,0.8954988619484825,0.9999603038711776,true,0,-5.5294310796760726e-18
732,G-,0.8954988619484825,0.9989806598221405,true,0,-2.710505431213761e-18
733,G+,0.8954988619484825,1.0003458940163288,false,0,-4.0115480381963664e-18
734,G-,0.8954988619484825,0.9986022388726387,true,0,-5.204170427930421e-18
735,G+,0.8954988619484825,0.9993504578050657,true,0,-3.577867169202165e-18
736,G-,0.8954988619484825,0.9994180829512879,true,0,-5.5294310796760726e-18
737,G+,0.8954988619484825,1.0009208609814204,false,0,-4.336808689942018e-18
738,G-,0.8954988619484825,0.9980106005399202,true,0,-1.8431436932253575e-18
739,F,0.8954342974711484,1.0005738001506554,false,0,-6.071532165918825e-18
740,F,0.8954469014526037,0.9996413552911312,true,0,-5.9631119486702744e-18
741,G+,0.9054469014526038,0.6933638084270258,true,0,-5.9631119486702744e-18
742,G-,0.8854469014526037,1.9830186158111665,false,0,-5.9631119486702744e-18
743,G+,0.8954469014526037,0.9996840360969383,true,0,-5.9631119486702744e-18
744,G-,0.8954469014526037,1.0030796337737697,false,0,-8.023096076392733e-18
745,G+,0.8954469014526037,1.0017923226900327,false,0,-5.637851296924623e-18
746,G-,0.8954469014526037,0.998316296715304,true,0,-9.107298248878237e-18
747,G+,0.8954469014526037,1.0010325741116937,false,0,-6.7220534694101275e-18
748,G-,0.8954469014526037,1.0008942511618644,false,0,-6.071532165918825e-18
749,G+,0.8954469014526037,1.0004186191476314,false,0,-3.686287386450715e-18
750,G-,0.8954469014526037,0.9987962689223822,true,0,-6.396792817664476e-18
751,G+,0.8954469014526037,1.0008537639327284,false,0,-4.9873299934333204e-18
752,G-,0.8954469014526037,0.998596178670026,true,0,-8.239936510889834e-18
753,G+,0.8954469014526037,0.996879704863089,true,0,-7.26415455565288e-18
754,G-,0.8954469014526037,1.0014954011375774,false,0,-8.456776945386935e-18
755,G+,0.8954469014526037,0.9984306229551029,true,0,-5.7462715141731735e-18
756,G-,0.8954469014526037,0.9985523997984069,true,0,-7.914675859144182e-18
757,G+,0.8954469014526037,0.9998837735320719,true,0,-7.697835424647081e-18
758,G-,0.8954469014526037,0.9998094788965027,true,0,-4.662069341687669e-18
759,G+,0.8954469014526037,1.000587417315197,false,0,-7.806255641895632e-18
760,G-,0.8954469014526037,1.000042003806196,false,0,-6.288372600415926e-18
761,G+,0.8954469014526037,0.9991932324960628,true,0,-5.854691731421724e-18
762,G-,0.8954469014526037,0.9999796256741079,true,0,-8.348356728138384e-18
763,G+,0.8954469014526037,1.0008693949705596,false,0,-7.15573433840433e-18
764,G-,0.8954469014526037,1.0021912939829212,false,0,-4.119968255444917e-18
765,G+,0.8954469014526037,0.9998459816357343,true,0,-8.348356728138384e-18
766,G-,0.8954469014526037,0.9991722280995525,true,0,-7.15573433840433e-18
767,G+,0.8954469014526037,1.0004015424478294,false,0,-5.854691731421724e-18
768,G-,0.8954469014526037,0.9986061304916872,true,0,-5.5294310796760726e-18
769,G+,0.8954469014526037,0.9993788795731772,true,0,-7.48099499014998e-18
770,G-,0.8954469014526037,0.9996603112015952,true,0,-5.312590645178972e-18
771,G+,0.8954469014526037,1.0009745562663475,false,0,-8.348356728138384e-18
772,G-,0.8954469014526037,0.998015934033817,true,0,-6.179952383167375e-18
773,F,0.8952499528822037,0.9969075836415873,true,0,-5.312590645178972e-18
774,G+,0.9052499528822037,0.672825162097735,true,0,-5.312590645178972e-18
775,G-,0.8852499528822037,2.1708524480949114,false,0,-5.312590645178972e-18
776,G+,0.8952499528822037,1.0000088223365582,false,0,-5.095750210681871e-18
777,G-,0.8952499528822037,0.9998579934987144,true,0,-3.469446951953614e-18
778,G+,0.8952499528822037,0.9981912811496161,true,0,-3.903127820947816e-18
779,G-,0.8952499528822037,0.9960242642749632,true,0,-6.613633252161577e-18
780,G+,0.8952499528822037,0.9980159397712134,true,0,-6.288372600415926e-18
781,G-,0.8952499528822037,0.9987766706308007,true,0,-5.7462715141731735e-18
782,G+,0.8952499528822037,0.9980570187044475,true,0,-3.3610267347050637e-18
783,G-,0.8952499528822037,0.9988864480980446,true,0,-8.131516293641283e-18
784,G+,0.8952499528822037,0.9976536033449475,true,0,-4.553649124439119e-18
785,G-,0.8952499528822037,0.9962530706058619,true,0,-6.613633252161577e-18
786,G+,0.8952499528822037,0.999717060981274,true,0,-5.421010862427522e-18
787,G-,0.8952499528822037,0.9996965365434265,true,0,-4.119968255444917e-18
788,G+,0.8952499528822037,0.9982908254898922,true,0,-5.7462715141731735e-18
789,G-,0.8952499528822037,0.9971626596490687,true,0,-3.144186300207963e-18
790,G+,0.8952499528822037,0.9973184261355694,true,0,-4.228388472693467e-18
791,G-,0.8952499528822037,0.9971871774954977,true,0,-5.854691731421724e-18
792,G+,0.8952499528822037,0.998026941755657,true,0,-6.179952383167375e-18
793,G-,0.8952499528822037,0.997703547758344,true,0,-4.662069341687669e-18
794,G+,0.8952499528822037,0.9975166108102658,true,0,-5.854691731421724e-18
795,G-,0.8952499528822037,0.9966146779319899,true,0,-3.144186300207963e-18
796,G+,0.8952499528822037,1.0016982766696716,false,0,-6.5052130349130266e-18
797,G-,0.8952499528822037,0.9989009619601782,true,0,-3.3610267347050637e-18
798,G+,0.8952499528822037,0.9977573976269564,true,0,-5.095750210681871e-18
799,G-,0.8952499528822037,0.9993809628985787,true,0,-4.336808689942018e-18
800,G+,0.8952499528822037,0.9981299512592748,true,0,-4.553649124439119e-18
801,G-,0.8952499528822037,0.9989899196977756,true,0,-8.023096076392733e-18
802,G+,0.8952499528822037,0.9971815082074937,true,0,-4.119968255444917e-18
803,G-,0.8952499528822037,0.9967740518639328,true,0,-6.179952383167375e-18
804,G+,0.8952499528822037,1.0015499829366803,false,0,-5.095750210681871e-18
805,G-,0.8952499528822037,0.9956088331895456,true,0,-5.095750210681871e-18
806,F,0.8951656048661837,0.998985618239501,true,0,-3.469446951953614e-18
807,G+,0.9051656048661837,0.6724560734035187,true,0,-3.469446951953614e-18
808,G-,0.8851656048661837,2.209994652365891,false,0,-3.469446951953614e-18
809,G+,0.8951656048661837,0.9997116242554425,true,0,-4.553649124439119e-18
810,G-,0.8951656048661837,1.0009234626167947,false,0,-4.87890977618477e-18
811,G+,0.8951656048661837,1.000308015194579,false,0,-3.0357660829594124e-18
812,G-,0.8951656048661837,0.9977807592101497,true,0,-1.734723475976807e-18
813,G+,0.8951656048661837,1.0010453657615603,false,0,-2.168404344971009e-18
814,G-,0.8951656048661837,0.9998188737519953,true,0,-2.710505431213761e-18
815,G+,0.8951656048661837,1.0001508889061004,false,0,-6.938893903907228e-18
816,G-,0.8951656048661837,0.9978285274347899,true,0,-1.5178830414797062e-18
817,G+,0.8951656048661837,0.9999447932902654,true,0,-1.8431436932253575e-18
818,G-,0.8951656048661837,0.99893763577393,true,0,-1.5178830414797062e-18
819,G+,0.8951656048661837,0.9991269620050053,true,0,-4.553649124439119e-18
820,G-,0.8951656048661837,1.0017383437836684,false,0,-2.3852447794681098e-18
821,G+,0.8951656048661837,0.9998401460788345,true,0,-3.903127820947816e-18
822,G-,0.8951656048661837,0.999243376904143,true,0,-3.3610267347050637e-18
823,G+,0.8951656048661837,0.9993829145056141,true,0,-3.469446951953614e-18
824,G-,0.8951656048661837,0.9993177086293976,true,0,-3.686287386450715e-18
825,G+,0.8951656048661837,0.9993676442311047,true,0,-3.144186300207963e-18
826,G-,0.8951656048661837,1.0007251546744536,false,0,-2.0599841277224584e-18
827,G+,0.8951656048661837,0.9993265876932146,true,0,-4.7704895589362195e-18
828,G-,0.8951656048661837,0.9989913464476833,true,0,-3.469446951953614e-18
829,G+,0.8951656048661837,0.9992839773810587,true,0,-1.8431436932253575e-18
830,G-,0.8951656048661837,1.0018771943614837,false,0,-6.071532165918825e-18
831,G+,0.8951656048661837,0.9996926402006615,true,0,-3.144186300207963e-18
832,G-,0.8951656048661837,0.998278454868793,true,0,-4.0115480381963664e-18
833,G+,0.8951656048661837,1.0001401386988893,false,0,-3.7947076036992655e-18
834,G-,0.8951656048661837,0.9978158135730717,true,0,-3.2526065174565133e-18
835,G+,0.8951656048661837,0.999269335642827,true,0,-3.3610267347050637e-18
836,G-,0.8951656048661837,0.9987100652136267,true,0,-3.7947076036992655e-18
837,G+,0.8951656048661837,1.0003018169883147,false,0,-7.914675859144182e-18
838,G-,0.8951656048661837,0.9970622017649754,true,0,-4.87890977618477e-18
839,F,0.8951429875326774,0.9993234764253319,true,0,-3.7947076036992655e-18
840,G+,0.9051429875326774,0.6721279527300897,true,0,-3.7947076036992655e-18
841,G-,0.8851429875326774,2.22030457630742,false,0,-3.7947076036992655e-18
842,G+,0.8951429875326774,0.9998410164971094,true,0,-4.336808689942018e-19
843,G-,0.8951429875326774,1.0017471678293806,false,0,-1.0842021724855044e-18
844,G+,0.8951429875326774,1.0006886077429713,false,0,-6.179952383167375e-18
845,G-,0.8951429875326774,0.9983863458947408,true,0,-2.168404344971009e-18
846,G+,0.8951429875326774,1.000828019690876,false,0,-4.553649124439119e-18
847,G-,0.8951429875326774,1.0005535396833307,false,0,-2.6020852139652106e-18
848,G+,0.8951429875326774,1.0004310399850882,false,0,-4.662069341687669e-18
849,G-,0.8951429875326774,0.9982202678588356,true,0,-2.927345865710862e-18
850,G+,0.8951429875326774,1.001120286562422,false,0,-6.396792817664476e-18
851,G-,0.8951429875326774,1.000015769659549,false,0,-1.734723475976807e-18
852,G+,0.8951429875326774,0.9996622880800964,true,0,-3.903127820947816e-18
853,G-,0.8951429875326774,1.001448900836567,false,0,-5.095750210681871e-18
854,G+,0.8951429875326774,0.9992416365649971,true,0,-5.312590645178972e-18
855,G-,0.8951429875326774,0.9989280489899164,true,0,-2.2768245622195593e-18
856,G+,0.8951429875326774,0.9993862202373278,true,0,-4.336808689942018e-18
857,G-,0.8951429875326774,0.9996439742614683,true,0,-3.3610267347050637e-18
858,G+,0.8951429875326774,1.0000678326483525,false,0,-5.204170427930421e-18
859,G-,0.8951429875326774,1.000803772316411,false,0,-7.047314121155779e-18
860,G+,0.8951429875326774,0.9998336814820135,true,0,-5.312590645178972e-18
861,G-,0.8951429875326774,0.9992448572318421,true,0,-2.927345865710862e-18
862,G+,0.8951429875326774,0.9999849103805657,true,0,-2.3852447794681098e-18
863,G-,0.8951429875326774,1.001767499951503,false,0,-4.553649124439119e-18
864,G+,0.8951429875326774,1.000054227445469,false,0,-5.637851296924623e-18
865,G-,0.8951429875326774,0.9986269483236803,true,0,-4.445228907190568e-18
866,G+,0.8951429875326774,1.000461135804069,false,0,-4.445228907190568e-18
867,G-,0.8951429875326774,0.9981748671855516,true,0,-1.1926223897340549e-18
868,G+,0.8951429875326774,0.9996009360244772,true,0,-4.553649124439119e-18
869,G-,0.8951429875326774,0.9990963813802974,true,0,-2.927345865710862e-18
870,G+,0.8951429875326774,1.0006254346659353,false,0,-6.7220534694101275e-18
871,G-,0.8951429875326774,0.9974514870638552,true,0,-4.9873299934333204e-18
872,F,0.8951305965062982,0.9994371113767831,true,0,-8.239936510889834e-18
873,G+,0.9051305965062982,0.6720495364909018,true,0,-8.239936510889834e-18
874,G-,0.8851305965062982,2.223481692876231,false,0,-8.239936510889834e-18
875,G+,0.8951305965062982,0.9999725877908987,true,0,-4.87890977618477e-18
876,G-,0.8951305965062982,1.00196310012805,false,0,-3.469446951953614e-18
877,G+,0.8951305965062982,1.0008700385111273,false,0,-5.9631119486702744e-18
878,G-,0.8951305965062982,0.9985069620273518,true,0,-7.806255641895632e-18
879,G+,0.8951305965062982,1.0009650050712753,false,0,-3.7947076036992655e-18
880,G-,0.8951305965062982,1.0006445026015784,false,0,-6.179952383167375e-18
881,G+,0.8951305965062982,1.0005331073688895,false,0,-4.336808689942018e-18
882,G-,0.8951305965062982,0.9983471676080173,true,0,-5.637851296924623e-18
883,G+,0.8951305965062982,1.001196610277671,false,0,-5.5294310796760726e-18
884,G-,0.8951305965062982,1.0001305512909051,false,0,-7.15573433840433e-18
885,G+,0.8951305965062982,0.9997717462939707,true,0,-5.5294310796760726e-18
886,G-,0.8951305965062982,1.0016319820774977,false,0,-7.806255641895632e-18
887,G+,0.8951305965062982,0.999459706795461,true,0,-7.26415455565288e-18
888,G-,0.8951305965062982,0.9990428231962666,true,0,-4.9873299934333204e-18
889,G+,0.8951305965062982,0.9994705522262011,true,0,-6.288372600415926e-18
890,G-,0.8951305965062982,0.9997530279275818,true,0,-7.047314121155779e-18
891,G+,0.8951305965062982,1.0001649084136783,false,0,-4.0115480381963664e-18
892,G-,0.8951305965062982,1.0009359413487842,false,0,-5.312590645178972e-18
893,G+,0.8951305965062982,0.9999286763397451,true,0,-7.15573433840433e-18
894,G-,0.8951305965062982,0.9993650631222525,true,0,-5.312590645178972e-18
895,G+,0.8951305965062982,1.0000626103747619,false,0,-7.914675859144182e-18
896,G-,0.8951305965062982,1.0019820587525754,false,0,-4.0115480381963664e-18
897,G+,0.8951305965062982,1.0002223092232172,false,0,-4.7704895589362195e-18
898,G-,0.8951305965062982,0.9987227595748234,true,0,-7.047314121155779e-18
899,G+,0.8951305965062982,1.0005604384874311,false,0,-3.903127820947816e-18
900,G-,0.8951305965062982,0.9983045443807489,true,0,-5.421010862427522e-18
901,G+,0.8951305965062982,0.9997061054636724,true,0,-5.9631119486702744e-18
902,G-,0.8951305965062982,0.9992038608719543,true,0,-6.396792817664476e-18
903,G+,0.8951305965062982,1.0041100944150803,false,0,-6.7220534694101275e-18
904,G-,0.8951305965062982,0.9981264657041918,true,0,-7.48099499014998e-18
905,F,0.8950920123911431,0.999357972791811,true,0,-6.179952383167375e-18
906,G+,0.9050920123911431,0.6718412270931801,true,0,-6.179952383167375e-18
907,G-,0.8850920123911431,2.2275864515217623,false,0,-6.179952383167375e-18
908,G+,0.8950920123911431,1.0000439604272953,false,0,-5.637851296924623e-18
909,G-,0.8950920123911431,1.0016059523016407,false,0,-7.37257477290143e-18
910,G+,0.8950920123911431,1.0008695074002312,false,0,-5.204170427930421e-18
911,G-,0.8950920123911431,0.9982778075041735,true,0,-7.047314121155779e-18
912,G+,0.8950920123911431,1.0008746044479233,false,0,-6.179952383167375e-18
913,G-,0.8950920123911431,1.0003025711529356,false,0,-8.023096076392733e-18
914,G+,0.8950920123911431,1.000475523642621,false,0,-4.9873299934333204e-18
915,G-,0.8950920123911431,1.0013295165736564,false,0,-6.5052130349130266e-18
916,G+,0.8950920123911431,1.0007336730589973,false,0,-5.204170427930421e-18
917,G-,0.8950920123911431,0.9996767491954559,true,0,-7.047314121155779e-18
918,G+,0.8950920123911431,1.0033518710774534,false,0,-5.204170427930421e-18
919,G-,0.8950920123911431,1.0023959959751796,false,0,-8.565197162635485e-18
920,G+,0.8950920123911431,1.0001974701470158,false,0,-3.7947076036992655e-18
921,G-,0.8950920123911431,0.9991846120278169,true,0,-7.15573433840433e-18
922,G+,0.8950920123911431,0.9998179494278097,true,0,-5.421010862427522e-18
923,G-,0.8950920123911431,0.9999687636381861,true,0,-7.26415455565288e-18
924,G+,0.8950920123911431,0.9999299860792501,true,0,-6.5052130349130266e-18
925,G-,0.8950920123911431,1.0009426166674087,false,0,-7.589415207398531e-18
926,G+,0.8950920123911431,0.9996968751672399,true,0,-3.7947076036992655e-18
927,G-,0.8950920123911431,0.9993163449640214,true,0,-4.662069341687669e-18
928,G+,0.8950920123911431,0.99994105679756,true,0,-4.336808689942018e-18
929,G-,0.8950920123911431,1.0019366180568023,false,0,-3.7947076036992655e-18
930,G+,0.8950920123911431,1.000081015678783,false,0,-5.854691731421724e-18
931,G-,0.8950920123911431,0.9987084116060171,true,0,-3.3610267347050637e-18
932,G+,0.8950920123911431,1.000479383211034,false,0,-6.613633252161577e-18
933,G-,0.8950920123911431,1.0015899529515444,false,0,-8.131516293641283e-18
934,G+,0.8950920123911431,0.9995004760597118,true,0,-5.7462715141731735e-18
935,G-,0.8950920123911431,0.9991626457401337,true,0,-7.697835424647081e-18
936,G+,0.8950920123911431,1.0039582199444739,false,0,-5.854691731421724e-18
937,G-,0.8950920123911431,0.9980971805506058,true,0,-5.204170427930421e-18
938,F,0.895053060119025,1.000707023264938,false,0,-4.0115480381963664e-18
939,F,0.8950663661619415,1.000686415928581,false,0,-3.0357660829594124e-18
940,F,0.8950725362550841,1.0007271832877658,false,0,-7.697835424647081e-18
941,F,0.8950822743231136,0.9995724991468729,true,0,-6.830473686658678e-18
942,G+,0.9050822743231136,0.6723641044432352,true,0,-6.830473686658678e-18
943,G-,0.8850822743231136,2.2247462652332803,false,0,-6.830473686658678e-18
944,G+,0.8950822743231136,1.0002173902990348,false,0,-5.421010862427522e-18
945,G-,0.8950822743231136,1.001956473450069,false,0,-5.095750210681871e-18
946,G+,0.8950822743231136,1.0010886888742574,false,0,-5.854691731421724e-18
947,G-,0.8950822743231136,0.9985431503820128,true,0,-7.15573433840433e-18
948,G+,0.8950822743231136,1.001038712550224,false,0,-4.445228907190568e-18
949,G-,0.8950822743231136,1.000643061849095,false,0,-8.890457814381136e-18
950,G+,0.8950822743231136,1.0007073866441976,false,0,-5.421010862427522e-18
951,G-,0.8950822743231136,0.9982884872789854,true,0,-4.87890977618477e-18
952,G+,0.8950822743231136,1.0004914305512673,false,0,-6.288372600415926e-18
953,G-,0.8950822743231136,0.9995117442922365,true,0,-7.806255641895632e-18
954,G+,0.8950822743231136,1.0007089401377836,false,0,-2.6020852139652106e-18
955,G-,0.8950822743231136,1.0027242380845693,false,0,-5.421010862427522e-18
956,G+,0.8950822743231136,1.0009253961167404,false,0,-5.312590645178972e-18
957,G-,0.8950822743231136,0.9998782374222887,true,0,-6.179952383167375e-18
958,G+,0.8950822743231136,1.0002051089098727,false,0,-5.204170427930421e-18
959,G-,0.8950822743231136,1.000571214195487,false,0,-5.854691731421724e-18
960,G+,0.8950822743231136,1.000192624939183,false,0,-4.228388472693467e-18
961,G-,0.8950822743231136,1.0011208066724555,false,0,-8.782037597132586e-18
962,G+,0.8950822743231136,0.9999792045243165,true,0,-5.312590645178972e-18
963,G-,0.8950822743231136,0.9995401934254046,true,0,-5.854691731421724e-18
964,G+,0.8950822743231136,1.0003125289428858,false,0,-4.445228907190568e-18
965,G-,0.8950822743231136,1.0021507081869643,false,0,-5.421010862427522e-18
966,G+,0.8950822743231136,1.0003461788196588,false,0,-5.204170427930421e-18
967,G-,0.8950822743231136,0.9989725656445101,true,0,-4.7704895589362195e-18
968,G+,0.8950822743231136,1.0007172678651088,false,0,-5.421010862427522e-18
969,G-,0.8950822743231136,0.9985442912960615,true,0,-5.7462715141731735e-18
970,G+,0.8950822743231136,0.99971022061308,true,0,-4.662069341687669e-18
971,G-,0.8950822743231136,0.9993622751027939,true,0,-5.5294310796760726e-18
972,G+,0.8950822743231136,1.0041873311137193,false,0,-6.071532165918825e-18
973,G-,0.8950822743231136,0.9983564335217235,true,0,-5.095750210681871e-18
974,F,0.8927190170905884,1.519670665267903,false,0,-2.859583229930518e-18
975,F,0.8993053058262025,1.209077593917759,false,0,-2.927345865710862e-18
976,F,0.8939010672357176,1.1262087401820622,false,0,-6.613633252161577e-18
977,F,0.8955053683493134,1.0471630864802348,false,0,-8.61940727125976e-18
978,F,0.8944920923122073,1.0421190613458056,false,0,-7.48099499014998e-18
979,F,0.8950316562656107,1.0157566448104092,false,0,-5.854691731421724e-18
980,F,0.8947876048583026,1.0190187913889273,false,0,-7.914675859144182e-18
981,F,0.8950346751451568,1.0072660605890464,false,0,-6.071532165918825e-18
982,F,0.8949353611470509,1.0102144258688264,false,0,-4.7704895589362195e-18
983,F,0.8950709513559684,1.003663560649201,false,0,-6.7220534694101275e-18
984,F,0.8950092393228265,0.9996977250278499,true,0,-6.396792817664476e-18
985,F,0.8948755718386598,1.0072206162389614,false,0,-6.396792817664476e-18
986,F,0.8950225324011121,1.0033934801854492,false,0,-5.312590645178972e-18
987,F,0.8949424055807432,1.0064623275629039,false,0,-6.396792817664476e-18
988,F,0.8949758224517849,1.0056757963799778,false,0,-4.553649124439119e-18
989,F,0.8949925308873057,1.0054871702448889,false,0,-6.7220534694101275e-18
990,F,0.8950059447885406,0.9996475377563252,true,0,-8.998878031629687e-18
991,F,0.893143733149301,1.136071441059251,false,0,-5.637851296924623e-18
992,F,0.8952309152860392,1.1405174023928901,false,0,-4.119968255444917e-18
993,F,0.8940748389689207,1.0449420790404402,false,0,-2.4936649967166602e-18
994,F,0.8945403918787307,1.0195464911796954,false,0,-7.047314121155779e-18
995,F,0.8947731683336356,1.0109010456020506,false,0,-7.48099499014998e-18
996,F,0.8948539233074703,1.0095819486701014,false,0,-6.5052130349130266e-18
997,F,0.8950614971831745,1.0001452539633007,false,0,-5.5294310796760726e-18
998,F,0.894917509982761,1.0014439309036307,false,0,-5.9631119486702744e-18
999,F,0.8949570468650069,0.9995836424930213,true,0,-4.553649124439119e-18
1000,G+,0.9049570468650069,0.6716870166333623,true,0,-4.553649124439119e-18
1001,G-,0.8849570468650069,2.2520222284958322,false,0,-4.553649124439119e-18
1002,G+,0.8949570468650069,1.0062123213060161,false,0,-3.0357660829594124e-18
1003,G-,0.8949570468650069,1.001617258006517,false,0,-3.0357660829594124e-18
1004,G+,0.8949570468650069,1.000968001869133,false,0,-7.37257477290143e-18
1005,G-,0.8949570468650069,1.0045987646244545,false,0,-6.5052130349130266e-18
1006,G+,0.8949570468650069,1.0067246060764674,false,0,-6.5052130349130266e-18
1007,G-,0.8949570468650069,1.0004813143783802,false,0,-6.179952383167375e-18
1008,G+,0.8949570468650069,1.0005612434277706,false,0,-4.119968255444917e-18
1009,G-,0.8949570468650069,1.0039710881447412,false,0,-6.288372600415926e-18
1010,G+,0.8949570468650069,1.0011522100283345,false,0,-7.806255641895632e-18
1011,G-,0.8949570468650069,1.0054749977088973,false,0,-6.288372600415926e-18
1012,G+,0.8949570468650069,1.0067403896231084,false,0,-4.7704895589362195e-18
1013,G-,0.8949570468650069,1.001419766508333,false,0,-5.5294310796760726e-18
1014,G+,0.8949570468650069,0.9995361669358818,true,0,-6.938893903907228e-18
1015,G-,0.8949570468650069,1.005175086163103,false,0,-3.7947076036992655e-18
1016,G+,0.8949570468650069,1.0004375374041985,false,0,-3.144186300207963e-18
1017,G-,0.8949570468650069,1.0060774035272761,false,0,-5.095750210681871e-18
1018,G+,0.8949570468650069,1.005640496489146,false,0,-6.071532165918825e-18
1019,G-,0.8949570468650069,1.0011811955650864,false,0,-6.071532165918825e-18
1020,G+,0.8949570468650069,0.9998264208754579,true,0,-7.047314121155779e-18
1021,G-,0.8949570468650069,1.0054223082918328,false,0,-3.903127820947816e-18
1022,G+,0.8949570468650069,1.005918076688984,false,0,-3.577867169202165e-18
1023,G-,0.8949570468650069,1.0024553974228392,false,0,-7.697835424647081e-18
1024,G+,0.8949570468650069,1.0001412536242522,false,0,-7.047314121155779e-18
1025,G-,0.8949570468650069,1.004766812892198,false,0,-4.119968255444917e-18
1026,G+,0.8949570468650069,1.0061909627896906,false,0,-4.228388472693467e-18
1027,G-,0.8949570468650069,0.9986472911892205,true,0,-5.421010862427522e-18
1028,G+,0.8949570468650069,0.9995684129613798,true,0,-2.4936649967166602e-18
1029,G-,0.8949570468650069,1.0051607216972904,false,0,-4.7704895589362195e-18
1030,G+,0.8949570468650069,1.0039615658495737,false,0,-2.4936649967166602e-18
1031,G-,0.8949570468650069,1.003578406395428,false,0,-4.553649124439119e-18
1032,F,0.8946420428118332,1.0115090405371374,false,0,-4.7704895589362195e-18
1033,F,0.8945491906613262,1.0197071725672684,false,0,-4.87890977618477e-18
1034,F,0.8947995448384201,1.0046749257680676,false,0,-5.5294310796760726e-18
1035,F,0.8948782958517135,1.002241084778199,false,0,-6.071532165918825e-18
1036,F,0.8949176713583602,1.0018428180036762,false,0,-5.421010862427522e-18
1037,F,0.8949052633301963,1.002241852049263,false,0,-1.6263032587282567e-18
1038,F,0.8949369383298221,1.0007050733250367,false,0,-6.613633252161577e-18
1039,F,0.8949223191444966,1.0019356334379876,false,0,-5.095750210681871e-18
1040,F,0.8949502946079875,1.0006522460464078,false,0,-4.336808689942018e-18
1041,F,0.8949308670022522,1.0020449602242323,false,0,-1.734723475976807e-18
1042,F,0.8949600302563822,1.0006308431595505,false,0,-4.87890977618477e-18
1043,F,0.8949351816687856,1.0016190935870994,false,0,-3.686287386450715e-18
1044,F,0.8949593762355278,1.000890624507545,false,0,-7.914675859144182e-18
1045,F,0.8949374280047999,1.0014814021185143,false,0,-6.396792817664476e-18
1046,F,0.8949600083555039,1.000534388010969,false,0,-5.204170427930421e-18
1047,F,0.8949388515250627,1.001488068217305,false,0,-8.348356728138384e-18
1048,F,0.8949614960997176,1.0003900991133552,false,0,-4.0115480381963664e-18
1049,F,0.8949473558465798,1.0010039641415571,false,0,-4.0115480381963664e-18
1050,F,0.8949643928926915,1.0002133553356705,false,0,-7.047314121155779e-18
1051,F,0.8949550776106945,1.0000045218497546,false,0,-8.131516293641283e-18
1052,F,0.8949605459531996,0.99981407480117,true,0,-3.7947076036992655e-18
1053,G+,0.9049605459531996,0.6719670476202445,true,0,-3.7947076036992655e-18
1054,G-,0.8849605459531996,2.250522632746006,false,0,-3.7947076036992655e-18
1055,G+,0.8949605459531996,1.006351323273776,false,0,-4.553649124439119e-18
1056,G-,0.8949605459531996,1.0017858666151,false,0,-5.854691731421724e-18
1057,G+,0.8949605459531996,1.0011153440043714,false,0,-5.7462715141731735e-18
1058,G-,0.8949605459531996,0.9990885217455795,true,0,-3.7947076036992655e-18
1059,G+,0.8949605459531996,1.006944936216671,false,0,-5.204170427930421e-18
1060,G-,0.8949605459531996,1.0007147554267914,false,0,-4.662069341687669e-18
1061,G+,0.8949605459531996,1.0007903689793265,false,0,-3.3610267347050637e-18
1062,G-,0.8949605459531996,1.0041973789688838,false,0,-3.686287386450715e-18
1063,G+,0.8949605459531996,1.0013832735394543,false,0,-5.7462715141731735e-18
1064,G-,0.8949605459531996,0.9999683549285322,true,0,-3.3610267347050637e-18
1065,G+,0.8949605459531996,1.006606686723035,false,0,-4.445228907190568e-18
1066,G-,0.8949605459531996,1.0016358443322884,false,0,-3.686287386450715e-18
1067,G+,0.8949605459531996,1.0001558186029036,false,0,-4.445228907190568e-18
1068,G-,0.8949605459531996,1.0053978927829705,false,0,-2.8189256484623115e-18
1069,G+,0.8949605459531996,1.000265989036114,false,0,-6.179952383167375e-18
1070,G-,0.8949605459531996,1.005904108643401,false,0,-6.288372600415926e-18
1071,G+,0.8949605459531996,1.005871687592541,false,0,-5.421010862427522e-18
1072,G-,0.8949605459531996,1.0014052851616337,false,0,-5.7462715141731735e-18
1073,G+,0.8949605459531996,1.0000532728253109,false,0,-4.553649124439119e-18
1074,G-,0.8949605459531996,1.0056501645838203,false,0,-2.8189256484623115e-18
1075,G+,0.8949605459531996,1.0061458620838655,false,0,-5.421010862427522e-18
1076,G-,0.8949605459531996,1.0026186561524506,false,0,-6.7220534694101275e-18
1077,G+,0.8949605459531996,1.000371108654842,false,0,-7.15573433840433e-18
1078,G-,0.8949605459531996,1.0049931495963076,false,0,-4.7704895589362195e-18
1079,G+,0.8949605459531996,1.0064151255455933,false,0,-4.662069341687669e-18
1080,G-,0.8949605459531996,0.9988786610278106,true,0,-3.903127820947816e-18
1081,G+,0.8949605459531996,0.9997948717617214,true,0,-6.5052130349130266e-18
1082,G-,0.8949605459531996,1.005388610265104,false,0,-6.5052130349130266e-18
1083,G+,0.8949605459531996,1.0008941470998145,false,0,-1.734723475976807e-18
1084,G-,0.8949605459531996,1.0038059832745838,false,0,-3.577867169202165e-18
1085,F,0.8942736931518127,1.0934699344699483,false,0,-2.927345865710862e-18
1086,F,0.8946171195525061,1.027156852901811,false,0,-4.228388472693467e-18
1087,F,0.8947888327528529,1.0076069222892983,false,0,-5.204170427930421e-18
1088,F,0.8948746893530263,1.0030041536561907,false,0,-7.37257477290143e-18
1089,F,0.8949580520539839,1.0006538875453816,false,0,-1.5178830414797062e-18
1090,F,0.8949678399255045,1.000185879704086,false,0,-6.7220534694101275e-18
1091,F,0.8949592990035918,1.0002556997205831,false,0,-5.204170427930421e-18
1092,F,0.8949644460652474,1.0003756557461738,false,0,-2.6020852139652106e-18
1093,F,0.8949599224783957,0.9998300322034418,true,0,-4.87890977618477e-18
1094,G+,0.9049599224783957,0.6719771547286612,true,0,-4.87890977618477e-18
1095,G-,0.8849599224783957,2.250694779300481,false,0,-4.87890977618477e-18
1096,G+,0.8949599224783957,1.006363295197878,false,0,-4.336808689942018e-18
1097,G-,0.8949599224783957,1.0018064453925088,false,0,-6.7220534694101275e-18
1098,G+,0.8949599224783957,1.0011297164117432,false,0,-5.312590645178972e-18
1099,G-,0.8949599224783957,0.9991059893904592,true,0,-4.87890977618477e-18
1100,G+,0.8949599224783957,1.006957221466184,false,0,-1.8431436932253575e-18
1101,G-,0.8949599224783957,1.0007347117941425,false,0,-3.577867169202165e-18
1102,G+,0.8949599224783957,1.000806276459563,false,0,-6.396792817664476e-18
1103,G-,0.8949599224783957,1.004213897508206,false,0,-3.7947076036992655e-18
1104,G+,0.8949599224783957,1.001399394462139,false,0,-5.7462715141731735e-18
1105,G-,0.8949599224783957,0.9999841515140652,true,0,-5.095750210681871e-18
1106,G+,0.8949599224783957,1.006622995864702,false,0,-4.228388472693467e-18
1107,G-,0.8949599224783957,1.0016520825304578,false,0,-2.710505431213761e-18
1108,G+,0.8949599224783957,1.0001720408333132,false,0,-2.3852447794681098e-18
1109,G-,0.8949599224783957,1.005414195482785,false,0,-5.5294310796760726e-18
1110,G+,0.8949599224783957,1.0002817350247493,false,0,-3.144186300207963e-18
1111,G-,0.8949599224783957,1.0059206395184743,false,0,-2.6020852139652106e-18
1112,G+,0.8949599224783957,1.0058912520517727,false,0,-6.613633252161577e-18
1113,G-,0.8949599224783957,1.00141807136793,false,0,-4.119968255444917e-18
1114,G+,0.8949599224783957,1.0000707044035337,false,0,-2.3852447794681098e-18
1115,G-,0.8949599224783957,1.005665113421624,false,0,-5.204170427930421e-18
1116,G+,0.8949599224783957,1.0061662458869312,false,0,-4.7704895589362195e-18
1117,G-,0.8949599224783957,1.0026304889776902,false,0,-5.637851296924623e-18
1118,G+,0.8949599224783957,1.0003259547818284,false,0,-2.6020852139652106e-18
1119,G-,0.8949599224783957,1.005008897742992,false,0,-3.3610267347050637e-18
1120,G+,0.8949599224783957,1.006431909511915,false,0,-5.312590645178972e-18
1121,G-,0.8949599224783957,0.9988942611649823,true,0,-4.336808689942018e-18
1122,G+,0.8949599224783957,0.9998111226872451,true,0,-3.2526065174565133e-18
1123,G-,0.8949599224783957,1.0054047776889772,false,0,-2.710505431213761e-18
1124,G+,0.8949599224783957,1.0009104227745793,false,0,-3.7947076036992655e-18
1125,G-,0.8949599224783957,1.0038220102382527,false,0,-5.421010862427522e-18
1126,F,0.8939498001015465,1.0735603650472274,false,0,-7.589415207398531e-18
1127,F,0.8944548612899711,1.037544543451775,false,0,-5.312590645178972e-18
1128,F,0.8947073918841835,1.0155729394710102,false,0,-3.144186300207963e-18
1129,F,0.8948336571812896,1.0082606613986138,false,0,-3.686287386450715e-18
1130,F,0.8949588619572593,1.0006289901348833,false,0,-4.0115480381963664e-18
1131,F,0.8949594870057467,1.0002467771563628,false,0,-7.15573433840433e-18
1132,F,0.8949598013735649,1.0002387040049787,false,0,-3.686287386450715e-18
1133,F,0.8949599624470248,1.000234568524929,false,0,-2.4936649967166602e-18
1134,F,0.894960053049956,0.9998225588186433,true,0,-6.830473686658678e-18
1135,G+,0.904960053049956,0.6719735433600262,true,0,-6.830473686658678e-18
1136,G-,0.884960053049956,2.2506311828273766,false,0,-6.830473686658678e-18
1137,G+,0.894960053049956,1.0063551792104515,false,0,-7.26415455565288e-18
1138,G-,0.894960053049956,1.0017995050584765,false,0,-4.119968255444917e-18
1139,G+,0.894960053049956,1.0011220603185005,false,0,-4.7704895589362195e-18
1140,G-,0.894960053049956,0.9990986859166316,true,0,-5.7462715141731735e-18
1141,G+,0.894960053049956,1.0069491528614969,false,0,-6.071532165918825e-18
1142,G-,0.894960053049956,1.0007276954538045,false,0,-4.553649124439119e-18
1143,G+,0.894960053049956,1.0007987827433333,false,0,-7.047314121155779e-18
1144,G-,0.894960053049956,1.0042063371378762,false,0,-5.421010862427522e-18
1145,G+,0.894960053049956,1.0013919663764193,false,0,-4.0115480381963664e-18
1146,G-,0.894960053049956,0.9999766199249857,true,0,-7.697835424647081e-18
1147,G+,0.894960053049956,1.0066153118542005,false,0,-4.553649124439119e-18
1148,G-,0.894960053049956,1.001644704463481,false,0,-8.348356728138384e-18
1149,G+,0.894960053049956,1.0001646329279748,false,0,-5.854691731421724e-18
1150,G-,0.894960053049956,1.0054065552531586,false,0,-7.26415455565288e-18
1151,G+,0.894960053049956,1.0002742581628778,false,0,-6.938893903907228e-18
1152,G-,0.894960053049956,1.0059130375868472,false,0,-5.854691731421724e-18
1153,G+,0.894960053049956,1.0058840231378663,false,0,-5.5294310796760726e-18
1154,G-,0.894960053049956,1.0014102296446357,false,0,-4.336808689942018e-18
1155,G+,0.894960053049956,1.0000633999324455,false,0,-4.87890977618477e-18
1156,G-,0.894960053049956,1.005657356923559,false,0,-7.48099499014998e-18
1157,G+,0.894960053049956,1.0061591019696337,false,0,-5.312590645178972e-18
1158,G-,0.894960053049956,1.0026225424076192,false,0,-7.15573433840433e-18
1159,G+,0.894960053049956,1.0003185427855041,false,0,-5.7462715141731735e-18
1160,G-,0.894960053049956,1.0050012461157467,false,0,-3.144186300207963e-18
1161,G+,0.894960053049956,1.0064243468797396,false,0,-7.914675859144182e-18
1162,G-,0.894960053049956,0.9988867631877801,true,0,-5.854691731421724e-18
1163,G+,0.894960053049956,0.9998036916570652,true,0,-6.7220534694101275e-18
1164,G-,0.894960053049956,1.0053971596209959,false,0,-6.179952383167375e-18
1165,G+,0.894960053049956,1.0009029690511948,false,0,-5.421010862427522e-18
1166,G-,0.894960053049956,1.0038143974807654,false,0,-5.637851296924623e-18
1167,F,0.8949527924224594,1.000804104361638,false,0,-7.48099499014998e-18
1168,G+,0.9049527924224594,0.6727603906291245,true,0,-7.48099499014998e-18
1169,G-,0.8849527924224594,2.25369159452157,false,0,-7.48099499014998e-18
1170,G+,0.8949527924224594,1.0073514103590735,false,0,-5.7462715141731735e-18
1171,G-,0.8949527924224594,1.0029271767787393,false,0,-4.553649124439119e-18
1172,G+,0.8949527924224594,1.0021667674659098,false,0,-3.577867169202165e-18
1173,G-,0.8949527924224594,1.0001659214384773,false,0,-6.7220534694101275e-18
1174,G+,0.8949527924224594,1.007861928973188,false,0,-4.9873299934333204e-18
1175,G-,0.8949527924224594,1.0017869034901896,false,0,-7.37257477290143e-18
1176,G+,0.8949527924224594,1.00177952838543,false,0,-1.6263032587282567e-18
1177,G-,0.8949527924224594,1.0051989082439996,false,0,-5.854691731421724e-18
1178,G+,0.8949527924224594,1.0019737795717347,false,0,-3.2526065174565133e-18
1179,G-,0.8949527924224594,1.0005391104560688,false,0,-6.5052130349130266e-18
1180,G+,0.8949527924224594,1.0068267305479603,false,0,-8.782037597132586e-18
1181,G-,0.8949527924224594,1.001850974610378,false,0,-4.9873299934333204e-18
1182,G+,0.8949527924224594,1.0007888875569262,false,0,-8.456776945386935e-18
1183,G-,0.8949527924224594,1.0060212943060556,false,0,-7.697835424647081e-18
1184,G+,0.8949527924224594,1.0012570013904596,false,0,-7.37257477290143e-18
1185,G-,0.8949527924224594,1.0011783672820902,false,0,-5.9631119486702744e-18
1186,G+,0.8949527924224594,1.0068684357278739,false,0,-5.095750210681871e-18
1187,G-,0.8949527924224594,1.0023495126660065,false,0,-7.589415207398531e-18
1188,G+,0.8949527924224594,1.0010652450210236,false,0,-8.456776945386935e-18
1189,G-,0.8949527924224594,1.0066272156776526,false,0,-6.7220534694101275e-18
1190,G+,0.8949527924224594,1.0072107996942852,false,0,-5.421010862427522e-18
1191,G-,0.8949527924224594,1.0035927926033863,false,0,-7.15573433840433e-18
1192,G+,0.8949527924224594,1.0013102347426817,false,0,-6.288372600415926e-18
1193,G-,0.8949527924224594,1.005980879497508,false,0,-6.938893903907228e-18
1194,G+,0.8949527924224594,1.007421773220759,false,0,-4.228388472693467e-18
1195,G-,0.8949527924224594,0.999861226734383,true,0,-6.071532165918825e-18
1196,G+,0.8949527924224594,1.0007896006395887,false,0,-6.938893903907228e-18
1197,G-,0.8949527924224594,1.0007137384320586,false,0,-6.288372600415926e-18
1198,G+,0.8949527924224594,1.0018906254938185,false,0,-5.421010862427522e-18
1199,G-,0.8949527924224594,1.0047976623809889,false,0,-6.5052130349130266e-18
1200,F,0.8949523107076501,1.000993285118523,false,0,-4.228388472693467e-18
1201,G+,0.9049523107076501,0.6729131559434562,true,0,-4.228388472693467e-18
1202,G-,0.8849523107076501,2.2531205865359683,false,0,-4.228388472693467e-18
1203,G+,0.8949523107076501,1.007715971803593,false,0,-5.7462715141731735e-18
1204,G-,0.8949523107076501,1.003051027630467,false,0,-2.8189256484623115e-18
1205,G+,0.8949523107076501,1.0023090686344402,false,0,-4.0115480381963664e-18
1206,G-,0.8949523107076501,1.0002932172374017,false,0,-4.228388472693467e-18
1207,G+,0.8949523107076501,1.0023100496205521,false,0,-4.9873299934333204e-18
1208,G-,0.8949523107076501,1.0019146955350766,false,0,-2.8189256484623115e-18
1209,G+,0.8949523107076501,1.0019178386102554,false,0,-9.432558900623889e-18
1210,G-,0.8949523107076501,1.0055079307734964,false,0,-4.336808689942018e-18
1211,G+,0.8949523107076501,1.0021064173129686,false,0,-3.3610267347050637e-18
1212,G-,0.8949523107076501,1.0006764642772559,false,0,-3.7947076036992655e-18
1213,G+,0.8949523107076501,1.0066570012934526,false,0,-3.686287386450715e-18
1214,G-,0.8949523107076501,1.0020113540356648,false,0,-6.288372600415926e-18
1215,G+,0.8949523107076501,1.0009259642913582,false,0,-3.469446951953614e-18
1216,G-,0.8949523107076501,1.000438995938516,false,0,-1.3010426069826053e-18
1217,G+,0.8949523107076501,1.0014095867599317,false,0,-4.336808689942018e-18
1218,G-,0.8949523107076501,1.0010218485193396,false,0,-5.637851296924623e-18
1219,G+,0.8949523107076501,1.0013873332432663,false,0,-4.336808689942018e-18
1220,G-,0.8949523107076501,1.0024929316570037,false,0,-2.3852447794681098e-18
1221,G+,0.8949523107076501,1.001207099906848,false,0,-5.095750210681871e-18
1222,G-,0.8949523107076501,1.001081930934971,false,0,-2.168404344971009e-18
1223,G+,0.8949523107076501,1.007383472376271,false,0,-4.228388472693467e-18
1224,G-,0.8949523107076501,1.0036588735049512,false,0,-7.914675859144182e-18
1225,G+,0.8949523107076501,1.0014462420974206,false,0,-3.2526065174565133e-18
1226,G-,0.8949523107076501,1.0061628439489065,false,0,-1.951563910473908e-18
1227,G+,0.8949523107076501,1.0075581853800968,false,0,-4.119968255444917e-18
1228,G-,0.8949523107076501,1.0000460488322203,false,0,-4.0115480381963664e-18
1229,G+,0.8949523107076501,1.0009279644272782,false,0,-5.7462715141731735e-18
1230,G-,0.8949523107076501,1.0008460826269445,false,0,-5.9631119486702744e-18
1231,G+,0.8949523107076501,1.0020277335115617,false,0,-4.0115480381963664e-18
1232,G-,0.8949523107076501,1.0049791294938615,false,0,-4.119968255444917e-18
1233,F,0.8949627216841668,1.0004748698021775,false,0,-8.131516293641283e-18
1234,G+,0.9049627216841668,0.6726535352768535,true,0,-8.131516293641283e-18
1235,G-,0.8849627216841668,2.2486489333435484,false,0,-8.131516293641283e-18
1236,G+,0.8949627216841668,1.0071865508695914,false,0,-7.806255641895632e-18
1237,G-,0.8949627216841668,1.0025346064827134,false,0,-5.421010862427522e-18
1238,G+,0.8949627216841668,1.0017916714357025,false,0,-4.87890977618477e-18
1239,G-,0.8949627216841668,0.999773964786862,true,0,-6.7220534694101275e-18
1240,G+,0.8949627216841668,1.0017907364706045,false,0,-7.697835424647081e-18
1241,G-,0.8949627216841668,1.0013966873414646,false,0,-6.613633252161577e-18
1242,G+,0.8949627216841668,1.0014000273952144,false,0,-4.662069341687669e-18
1243,G-,0.8949627216841668,1.004980880417878,false,0,-7.15573433840433e-18
1244,G+,0.8949627216841668,1.0015887147530316,false,0,-5.5294310796760726e-18
1245,G-,0.8949627216841668,1.0001570660358983,false,0,-6.938893903907228e-18
1246,G+,0.8949627216841668,1.006122231545824,false,0,-5.421010862427522e-18
1247,G-,0.8949627216841668,1.0015004896265918,false,0,-6.288372600415926e-18
1248,G+,0.8949627216841668,1.0004092556863218,false,0,-4.0115480381963664e-18
1249,G-,0.8949627216841668,0.9999194188157893,true,0,-8.890457814381136e-18
1250,G+,0.8949627216841668,1.0008911341537245,false,0,-5.421010862427522e-18
1251,G-,0.8949627216841668,1.000503239384287,false,0,-6.938893903907228e-18
1252,G+,0.8949627216841668,1.0009191950410645,false,0,-8.131516293641283e-18
1253,G-,0.8949627216841668,1.0019737799468982,false,0,-6.613633252161577e-18
1254,G+,0.8949627216841668,1.000690065235797,false,0,-8.565197162635485e-18
1255,G-,0.8949627216841668,1.0005625501305608,false,0,-9.107298248878237e-18
1256,G+,0.8949627216841668,1.006855339405639,false,0,-4.9873299934333204e-18
1257,G-,0.8949627216841668,1.0031018628052706,false,0,-6.7220534694101275e-18
1258,G+,0.8949627216841668,1.0009284426130205,false,0,-6.396792817664476e-18
1259,G-,0.8949627216841668,1.0056354929992446,false,0,-7.26415455565288e-18
1260,G+,0.8949627216841668,1.00703192246555,false,0,-4.445228907190568e-18
1261,G-,0.8949627216841668,0.9995272404083979,true,0,-7.37257477290143e-18
1262,G+,0.8949627216841668,1.0004116433010832,false,0,-5.637851296924623e-18
1263,G-,0.8949627216841668,1.0003267178736501,false,0,-7.697835424647081e-18
1264,G+,0.8949627216841668,1.0015097690182775,false,0,-5.095750210681871e-18
1265,G-,0.8949627216841668,1.0044518340747544,false,0,-7.15573433840433e-18
1266,F,0.8949638087656743,1.0004771223615072,false,0,-4.119968255444917e-18
1267,F,0.8949632652249205,1.0005496713872344,false,0,-4.7704895589362195e-18
1268,F,0.8949629934545437,1.0004385840417689,false,0,-7.589415207398531e-18
1269,G+,0.9049629934545437,0.6726384041505361,true,0,-7.589415207398531e-18
1270,G-,0.8849629934545437,2.248425200980225,false,0,-7.589415207398531e-18
1271,G+,0.8949629934545437,1.0071449188586752,false,0,-8.023096076392733e-18
1272,G-,0.8949629934545437,1.0025035125787964,false,0,-5.5294310796760726e-18
1273,G+,0.8949629934545437,1.0017544158356868,false,0,-6.938893903907228e-18
1274,G-,0.8949629934545437,0.9997386487150945,true,0,-8.673617379884035e-18
1275,G+,0.8949629934545437,1.0017500979487952,false,0,-7.914675859144182e-18
1276,G-,0.8949629934545437,1.0013645453506963,false,0,-7.047314121155779e-18
1277,G+,0.8949629934545437,1.001364137303548,false,0,-7.48099499014998e-18
1278,G-,0.8949629934545437,1.0049441159494399,false,0,-1.1926223897340549e-18
1279,G+,0.8949629934545437,1.001552030543304,false,0,-6.7220534694101275e-18
1280,G-,0.8949629934545437,1.0001211761020843,false,0,-9.107298248878237e-18
1281,G+,0.8949629934545437,1.0060835110923114,false,0,-3.3610267347050637e-18
1282,G-,0.8949629934545437,1.0014666821713758,false,0,-6.5052130349130266e-18
1283,G+,0.8949629934545437,1.000372965488749,false,0,-5.7462715141731735e-18
1284,G-,0.8949629934545437,0.9998834936628307,true,0,-5.9631119486702744e-18
1285,G+,0.8949629934545437,1.0008542248417673,false,0,-5.637851296924623e-18
1286,G-,0.8949629934545437,1.000467527374304,false,0,-5.5294310796760726e-18
1287,G+,0.8949629934545437,1.0008866938489933,false,0,-7.37257477290143e-18
1288,G-,0.8949629934545437,1.001933828095932,false,0,-6.830473686658678e-18
1289,G+,0.8949629934545437,1.000655974516038,false,0,-6.071532165918825e-18
1290,G-,0.8949629934545437,1.0005243220763163,false,0,-6.179952383167375e-18
1291,G+,0.8949629934545437,1.006822995285674,false,0,-6.288372600415926e-18
1292,G-,0.8949629934545437,1.0030614028480975,false,0,-4.445228907190568e-18
1293,G+,0.8949629934545437,1.000893281260868,false,0,-6.7220534694101275e-18
1294,G-,0.8949629934545437,1.005597974215323,false,0,-8.456776945386935e-18
1295,G+,0.8949629934545437,1.0069963076698534,false,0,-8.565197162635485e-18
1296,G-,0.8949629934545437,0.9994902368997741,true,0,-3.144186300207963e-18
1297,G+,0.8949629934545437,1.0003763000997152,false,0,-6.179952383167375e-18
1298,G-,0.8949629934545437,1.00028988353817,false,0,-6.071532165918825e-18
1299,G+,0.8949629934545437,1.0014742155070553,false,0,-4.553649124439119e-18
1300,G-,0.8949629934545437,1.004414550302913,false,0,-5.5294310796760726e-18
1301,F,0.8949554468885648,1.0009249569888607,false,0,-6.5052130349130266e-18
1302,G+,0.9049554468885648,0.6731428656027528,true,0,-6.5052130349130266e-18
1303,G-,0.8849554468885648,2.2497386378605966,false,0,-6.5052130349130266e-18
1304,G+,0.8949554468885648,1.0017682507616117,false,0,-4.553649124439119e-18
1305,G-,0.8949554468885648,1.0033146139898872,false,0,-5.095750210681871e-18
1306,G+,0.8949554468885648,1.0022082280579598,false,0,-7.15573433840433e-18
1307,G-,0.8949554468885648,1.000377473563739,false,0,-6.5052130349130266e-18
1308,G+,0.8949554468885648,1.0019856589878113,false,0,-5.5294310796760726e-18
1309,G-,0.8949554468885648,1.002084008666113,false,0,-5.637851296924623e-18
1310,G+,0.8949554468885648,1.001276534635659,false,0,-5.204170427930421e-18
1311,G-,0.8949554468885648,0.9998611587287384,true,0,-4.228388472693467e-18
1312,G+,0.8949554468885648,1.0015962999954628,false,0,-6.071532165918825e-18
1313,G-,0.8949554468885648,1.0005078741501638,false,0,-6.071532165918825e-18
1314,G+,0.8949554468885648,1.0009097706346886,false,0,-4.9873299934333204e-18
1315,G-,0.8949554468885648,1.002314286891728,false,0,-5.095750210681871e-18
1316,G+,0.8949554468885648,1.0018516730559999,false,0,-4.445228907190568e-18
1317,G-,0.8949554468885648,1.0005982291443964,false,0,-4.0115480381963664e-18
1318,G+,0.8949554468885648,1.0011951642460035,false,0,-6.071532165918825e-18
1319,G-,0.8949554468885648,1.0008099265782018,false,0,-4.445228907190568e-18
1320,G+,0.8949554468885648,1.001671108058492,false,0,-6.179952383167375e-18
1321,G-,0.8949554468885648,1.002206074989494,false,0,-6.071532165918825e-18
1322,G+,0.8949554468885648,1.0012193311266588,false,0,-5.095750210681871e-18
1323,G-,0.8949554468885648,1.0009267624055824,false,0,-4.445228907190568e-18
1324,G+,0.8949554468885648,1.0019270728537075,false,0,-6.179952383167375e-18
1325,G-,0.8949554468885648,1.0032062959881956,false,0,-5.204170427930421e-18
1326,G+,0.8949554468885648,1.001408847207927,false,0,-4.336808689942018e-18
1327,G-,0.8949554468885648,1.000395083658949,false,0,-7.047314121155779e-18
1328,G+,0.8949554468885648,1.0069263628543805,false,0,-9.324138683375338e-18
1329,G-,0.8949554468885648,1.0000198947132137,false,0,-5.5294310796760726e-18
1330,G+,0.8949554468885648,1.000870787452667,false,0,-6.613633252161577e-18
1331,G-,0.8949554468885648,1.000771480803727,false,0,-4.336808689942018e-18
1332,G+,0.8949554468885648,1.0019654287035122,false,0,-4.0115480381963664e-18
1333,G-,0.8949554468885648,0.9992638263964889,true,0,-6.938893903907228e-18
1334,F,0.8949655888612397,1.0000083000012308,false,0,-1.5178830414797062e-18
1335,G+,0.9049655888612397,0.672544361022702,true,0,-1.5178830414797062e-18
1336,G-,0.8849655888612397,2.2449817735363906,false,0,-1.5178830414797062e-18
1337,G+,0.8949655888612397,1.000858464259637,false,0,-3.144186300207963e-18
1338,G-,0.8949655888612397,1.0023560310809627,false,0,-2.6020852139652106e-18
1339,G+,0.8949655888612397,1.0012216160860592,false,0,-4.553649124439119e-18
1340,G-,0.8949655888612397,0.9994608566217523,true,0,-8.673617379884035e-19
1341,G+,0.8949655888612397,1.001058637906954,false,0,-4.228388472693467e-18
1342,G-,0.8949655888612397,1.001175431468283,false,0,-3.903127820947816e-18
1343,G+,0.8949655888612397,1.0009098469716702,false,0,-5.421010862427522e-18
1344,G-,0.8949655888612397,0.9989507699548024,true,0,-6.179952383167375e-18
1345,G+,0.8949655888612397,1.0011261992003972,false,0,-4.445228907190568e-18
1346,G-,0.8949655888612397,1.0000348854243881,false,0,-1.1926223897340549e-18
1347,G+,0.8949655888612397,1.0004390212114236,false,0,-2.4936649967166602e-18
1348,G-,0.8949655888612397,1.0018413440163425,false,0,-3.903127820947816e-18
1349,G+,0.8949655888612397,1.0009275954998378,false,0,-1.951563910473908e-18
1350,G-,0.8949655888612397,0.9996877609746823,true,0,-4.119968255444917e-18
1351,G+,0.8949655888612397,1.0002792494470414,false,0,-4.336808689942018e-18
1352,G-,0.8949655888612397,0.9998913786083599,true,0,-4.119968255444917e-18
1353,G+,0.8949655888612397,1.000777291812456,false,0,-4.119968255444917e-18
1354,G-,0.8949655888612397,1.0012671275054141,false,0,-6.505213034913027e-19
1355,G+,0.8949655888612397,1.0003076579212329,false,0,-1.951563910473908e-18
1356,G-,0.8949655888612397,1.0000063481815615,false,0,5.421010862427522e-19
1357,G+,0.8949655888612397,1.001030392025151,false,0,-1.1926223897340549e-18
1358,G-,0.8949655888612397,1.0022697377892358,false,0,-2.168404344971009e-18
1359,G+,0.8949655888612397,1.0004894548567498,false,0,-1.0842021724855044e-18
1360,G-,0.8949655888612397,0.9994811997236984,true,0,-4.228388472693467e-18
1361,G+,0.8949655888612397,1.0065550391131706,false,0,-2.6020852139652106e-18
1362,G-,0.8949655888612397,0.9991096758055524,true,0,-1.3010426069826053e-18
1363,G+,0.8949655888612397,0.9999509866888372,true,0,-4.119968255444917e-18
1364,G-,0.8949655888612397,0.9998576786452849,true,0,-3.7947076036992655e-18
1365,G+,0.8949655888612397,1.001043077227408,false,0,-1.5178830414797062e-18
1366,G-,0.8949655888612397,0.9983533263466575,true,0,-4.662069341687669e-18
1367,F,0.8949650827290596,1.0000329830196517,false,0,-4.228388472693467e-18
1368,G+,0.9049650827290596,0.6725535946606577,true,0,-4.228388472693467e-18
1369,G-,0.8849650827290596,2.2452265474032966,false,0,-4.228388472693467e-18
1370,G+,0.8949650827290596,1.0008820656735107,false,0,-5.7462715141731735e-18
1371,G-,0.8949650827290596,1.002381765840822,false,0,-2.2768245622195593e-18
1372,G+,0.8949650827290596,1.0012453067455123,false,0,-4.9873299934333204e-18
1373,G-,0.8949650827290596,0.9994863792593496,true,0,-5.637851296924623e-18
1374,G+,0.8949650827290596,1.00108243649643,false,0,-5.204170427930421e-18
1375,G-,0.8949650827290596,1.0012016844497331,false,0,-3.577867169202165e-18
1376,G+,0.8949650827290596,1.000933393612696,false,0,-3.7947076036992655e-18
1377,G-,0.8949650827290596,0.998927801670788,true,0,-4.0115480381963664e-18
1378,G+,0.8949650827290596,1.0011505671739593,false,0,-4.336808689942018e-18
1379,G-,0.8949650827290596,1.000059855009015,false,0,-5.421010862427522e-18
1380,G+,0.8949650827290596,1.000465328368555,false,0,-6.5052130349130266e-18
1381,G-,0.8949650827290596,1.0018640972928239,false,0,-6.7220534694101275e-18
1382,G+,0.8949650827290596,1.0009516835447965,false,0,-7.047314121155779e-18
1383,G-,0.8949650827290596,0.9997127231744617,true,0,-3.903127820947816e-18
1384,G+,0.8949650827290596,1.0003044828278296,false,0,-8.023096076392733e-18
1385,G-,0.8949650827290596,0.9999155117382769,true,0,-4.662069341687669e-18
1386,G+,0.8949650827290596,1.0008049692113241,false,0,-4.553649124439119e-18
1387,G-,0.8949650827290596,1.0012896562989844,false,0,-7.37257477290143e-18
1388,G+,0.8949650827290596,1.000332665607956,false,0,-7.047314121155779e-18
1389,G-,0.8949650827290596,1.0000306713359983,false,0,-6.613633252161577e-18
1390,G+,0.8949650827290596,1.001071469558761,false,0,-7.15573433840433e-18
1391,G-,0.8949650827290596,1.0022910277072206,false,0,-5.204170427930421e-18
1392,G+,0.8949650827290596,1.0005136059288429,false,0,-6.396792817664476e-18
1393,G-,0.8949650827290596,0.9995194238078453,true,0,-5.095750210681871e-18
1394,G+,0.8949650827290596,1.0065785561931095,false,0,-4.119968255444917e-18
1395,G-,0.8949650827290596,0.9990865445376017,true,0,-1.8431436932253575e-18
1396,G+,0.8949650827290596,0.9999747552902767,true,0,-7.26415455565288e-18
1397,G-,0.8949650827290596,0.9998829594802847,true,0,-4.119968255444917e-18
1398,G+,0.8949650827290596,1.0010668808727547,false,0,-8.023096076392733e-18
1399,G-,0.8949650827290596,0.9983789696248492,true,0,-6.830473686658678e-18
