idx,kind,gamma_focal_prime,Delta,feasible,inner_status,gravity_value
1,F,0.9609650007465946,0.0010029938006052336,true,0,NaN
2,F,0.9863167932461783,0.25566177891715525,true,0,NaN
3,F,0.9994039058890268,4.476736580906442,false,0,NaN
4,F,0.9928603495676026,0.5516117921707543,true,0,NaN
5,F,0.9984176720246364,1.9156368419990917,false,0,NaN
6,F,0.9935760229137438,0.6033156353463991,true,0,NaN
7,F,0.9999678801145687,NaN,false,-300,NaN
8,F,0.9967719515141563,1.0370201560912258,false,0,NaN
9,F,0.9966251480373152,0.9422578856086388,true,0,NaN
10,F,0.9999891557545789,NaN,false,-300,NaN
11,F,0.998307151895947,1.9749777534050412,false,0,NaN
12,F,0.9974661499666311,1.2409857116879957,false,0,NaN
13,F,0.9970456490019731,1.0783515179905703,false,0,NaN
14,F,0.9972019048034418,1.1755754898492217,false,0,NaN
15,F,0.9971719184675164,1.216870944227743,false,0,NaN
16,F,0.9969194299961109,1.0527802309213037,false,0,NaN
17,F,0.9967747829714677,0.980515854513962,true,0,NaN
18,F,0.9999901133001029,NaN,false,-300,NaN
19,F,0.9983824481357854,1.8690008007009336,false,0,NaN
20,F,0.9975786155536265,1.2911371049196907,false,0,NaN
21,F,0.9971766992625472,1.127517236939594,false,0,NaN
22,F,0.9996217341072027,6.699480041168879,false,0,NaN
23,F,0.9994237973981573,7.182135662393916,false,0,NaN
24,F,0.9981982585393352,1.747374700101493,false,0,NaN
25,F,0.9981717171502204,1.7625579929484512,false,0,NaN
26,F,0.9974865207554015,1.2628853036810428,false,0,NaN
27,F,0.9974767478080959,1.277704410485962,false,0,NaN
28,F,0.9971306518634346,1.1153791512518056,false,0,NaN
29,F,0.9971259841782504,1.1392690608937517,false,0,NaN
30,F,0.9969527174174512,1.0278592141826572,false,0,NaN
31,F,0.9969510788427686,1.061973015522708,false,0,NaN
32,F,0.9968637501944594,1.020135885988977,false,0,NaN
33,F,0.9968623789249523,1.0290769404531206,false,0,NaN
34,F,0.9968192665829636,0.9965256171346754,true,0,NaN
35,F,0.9909498778535001,0.4212348207899488,true,0,NaN
36,F,0.9938845722182319,0.6000613330744079,true,0,NaN
37,F,0.9953519194005978,0.768438832185262,true,0,NaN
38,F,0.9960855929917807,0.8783187082912686,true,0,NaN
39,F,0.9971263563016619,1.1154345600906108,false,0,NaN
40,F,0.9971224902043904,1.134849231581795,false,0,NaN
41,F,0.9969728114423128,1.0278738383807364,false,0,NaN
42,F,0.996971792174006,1.0570963285516408,false,0,NaN
43,F,0.9968960390126381,1.0204443844717435,false,0,NaN
44,F,0.9968952613311621,1.0430093970687833,false,0,NaN
45,F,0.9968576527978009,1.0163642569241254,false,0,NaN
46,F,0.9968570077895132,1.0037929123851004,false,0,NaN
47,F,0.9968384596903822,1.006804039823617,false,0,NaN
48,F,0.9968381255112172,1.00946755962564,false,0,NaN
49,F,0.996828863136673,0.9965254591360764,true,0,NaN
50,F,0.9999904575001928,NaN,false,-300,NaN
51,F,0.9984096603184328,1.911870959246646,false,0,NaN
52,F,0.9976192617275529,1.3153723719438382,false,0,NaN
53,F,0.9972240624321129,1.141570043704875,false,0,NaN
54,F,0.9968958464729747,1.0201850595019608,false,0,NaN
55,F,0.9968950817095432,1.0432894254894967,false,0,NaN
56,F,0.9968623548046999,1.0201420653410649,false,0,NaN
57,F,0.9968615914309519,1.0032817976751467,false,0,NaN
58,F,0.9968456089705624,1.006806970267903,false,0,NaN
59,F,0.9968452766349652,1.0094644004249917,false,0,NaN
60,F,0.9968372360534937,1.0012755825754447,false,0,NaN
61,F,0.9968370825122046,1.0111238202280708,false,0,NaN
62,F,0.9968330495949593,0.9992430223252438,true,0,NaN
63,F,0.9971108341076476,1.0644387547692409,false,0,NaN
64,F,0.9970324755823415,1.0498155525099064,false,0,NaN
65,F,0.9969719418513034,1.0327224465920744,false,0,NaN
66,F,0.9969024957231314,1.024893510564613,false,0,NaN
67,F,0.9968677726590454,1.015644649369512,false,0,NaN
68,F,0.9968623071580784,1.0198485514495759,false,0,NaN
69,F,0.9968615933081018,1.0053552156049217,false,0,NaN
70,F,0.9968476783765189,1.0158965558872128,false,0,NaN
71,F,0.9968471014379465,1.0065055039461075,false,0,NaN
72,F,0.996840363985739,1.0067340665245392,false,0,NaN
73,F,0.9968401044689027,1.0120046002614442,false,0,NaN
74,F,0.9968367067903492,1.0011895780112756,false,0,NaN
75,F,0.9968366393546274,1.0047227379053123,false,0,NaN
76,F,0.9968348781926543,1.001206614335237,false,0,NaN
77,F,0.9968348101667326,1.0047220931284473,false,0,NaN
78,F,0.9968339638938069,1.000345132995108,false,0,NaN
79,F,0.9968339257127112,1.0056347937330337,false,0,NaN
80,F,0.9968335067443831,0.99924258129754,true,0,NaN
81,F,0.9972533663782628,1.0931400428455058,false,0,NaN
82,F,0.997328882790435,1.1517764938854451,false,0,NaN
83,F,0.9970434365613229,1.0467047702923453,false,0,NaN
84,F,0.996938471652853,1.0181248208185383,false,0,NaN
85,F,0.996885989198618,1.012864871927259,false,0,NaN
86,F,0.996836678977067,1.001071976628669,false,0,NaN
87,F,0.9968365936579436,1.0088205216460726,false,0,NaN
88,F,0.9968351041684057,1.0011434660663294,false,0,NaN
89,F,0.9968350155107425,1.0044299380050257,false,0,NaN
90,F,0.9968343054563944,1.001178162153211,false,0,NaN
91,F,0.9968342151804983,1.0044263303976058,false,0,NaN
92,F,0.9968339061003888,1.0000336931687268,false,0,NaN
93,F,0.9968338692027655,1.0004598009551735,false,0,NaN
94,F,0.9968337064223859,0.9992906615276489,true,0,NaN
95,F,0.9970176086651518,1.0313502029159893,false,0,NaN
96,F,0.9969901933821711,1.0237741090643555,false,0,NaN
97,F,0.9969256575437688,1.0164308824357844,false,0,NaN
98,F,0.9968796819830773,1.0127632834078408,false,0,NaN
99,F,0.9968566942027316,1.008084067099859,false,0,NaN
100,F,0.9968343396939428,0.9994030250653015,true,0,NaN
101,F,0.9971761168486567,1.076443082139617,false,0,NaN
102,F,0.9971178089416469,1.0736846441074892,false,0,NaN
103,F,0.9970052282712997,1.0209494797083871,false,0,NaN
104,F,0.9969197839826213,1.0163163007812426,false,0,NaN
105,F,0.996877061838282,1.0128024604916508,false,0,NaN
106,F,0.9968354999432967,0.9994065400623402,true,0,NaN
107,F,0.9969920281496276,1.0227300742368346,false,0,NaN
108,F,0.9969994907011357,1.0318555435690242,false,0,NaN
109,F,0.9969137640464621,1.0143353492260574,false,0,NaN
110,F,0.9968746319948795,1.0083778914291313,false,0,NaN
111,F,0.996855065969088,1.0082000649785303,false,0,NaN
112,F,0.9968359885789686,0.9994095069717447,true,0,NaN
113,F,0.9975457357217663,1.268301308151398,false,0,NaN
114,F,0.9971621033457947,1.1465313203676233,false,0,NaN
115,F,0.9971908621503675,1.087050612647298,false,0,NaN
116,F,0.997013425364668,1.0305309512217409,false,0,NaN
117,F,0.9969247069718183,1.012296602019853,false,0,NaN
118,F,0.9968803477753935,1.0081444792946999,false,0,NaN
119,F,0.996858168177181,1.0081270880050304,false,0,NaN
120,F,0.9968470783780748,1.0041234979846538,false,0,NaN
121,F,0.9968415334785217,0.9994141852736487,true,0,NaN
122,F,0.999990115872175,NaN,false,-300,NaN
123,F,0.9984158246753484,1.7475032723134196,false,0,NaN
124,F,0.997628679076935,1.2950446345990076,false,0,NaN
125,F,0.9972351062777284,1.1035858734688058,false,0,NaN
126,F,0.9968913485058648,1.0126892321361352,false,0,NaN
127,F,0.9968907136819413,1.0113204830529565,false,0,NaN
128,F,0.9968664404865321,1.0081126707485302,false,0,NaN
129,F,0.996866024472551,1.0140443216155095,false,0,NaN
130,F,0.9968539864759018,1.0081133564902889,false,0,NaN
131,F,0.9968535704321806,1.0140412811258666,false,0,NaN
132,F,0.9968477594686588,1.004117226155453,false,0,NaN
133,F,0.9968475344801003,1.0144123606151985,false,0,NaN
134,F,0.9968446459611817,1.0041173135303934,false,0,NaN
135,F,0.996844420969207,1.014411641515717,false,0,NaN
136,F,0.9968430891997317,0.9994123551391442,true,0,NaN
137,F,0.9968540713250126,1.0155615245620728,false,0,NaN
138,F,0.9968534613732145,1.0063347194437173,false,0,NaN
139,F,0.9968485802429582,1.0116246383304293,false,0,NaN
140,F,0.9968481189773245,1.0110554831431167,false,0,NaN
141,F,0.99684583470192,1.0060587756563646,false,0,NaN
142,F,0.9968455836447416,1.0127640273753156,false,0,NaN
143,F,0.9968444619313789,1.0059775393918537,false,0,NaN
144,F,0.9968442139422872,1.0128847159153185,false,0,NaN
145,F,0.9968437755460641,1.0013718039478001,false,0,NaN
146,F,0.9968437015038681,1.0135864827631733,false,0,NaN
147,F,0.9968434323533185,0.9996039244189211,true,0,NaN
148,F,0.9968458455437289,1.0000406072398038,false,0,NaN
149,F,0.9968481882918734,1.006303364214047,false,0,NaN
150,F,0.9968469814812888,1.0060118116427914,false,0,NaN
151,F,0.9968463578151615,1.0060729712491048,false,0,NaN
152,F,0.9968459916179462,1.006117628777564,false,0,NaN
153,F,0.9968459185815778,1.0064247038156933,false,0,NaN
154,F,0.9968458820627458,1.0019048894039164,false,0,NaN
155,F,0.9968458638032489,1.0001344343194674,false,0,NaN
156,F,0.9968458501086098,1.00003038831905,false,0,NaN
157,F,0.9999901429899949,NaN,false,-300,NaN
158,F,0.9984179965493024,1.8026420563459244,false,0,NaN
159,F,0.9976319233289561,1.3060775008073056,false,0,NaN
160,F,0.9999390987240497,NaN,false,-300,NaN
161,F,0.9987916558417937,3.2761093818732347,false,0,NaN
162,F,0.9987665047851193,2.8339160112045754,false,0,NaN
163,F,0.9982179330594763,1.814541155402912,false,0,NaN
164,F,0.9982082720943357,1.9125249933137078,false,0,NaN
165,F,0.9979310689858836,1.5957560311941106,false,0,NaN
166,F,0.9979244424478123,1.6699927545075162,false,0,NaN
167,F,0.9977876315837803,1.639879765866484,false,0,NaN
168,F,0.9977811098571924,1.5887552744785494,false,0,NaN
169,F,0.9977159021486012,1.54423084231725,false,0,NaN
170,F,0.9977105158598686,1.4844925091081622,false,0,NaN
171,F,0.9976800159345997,1.4321187962261344,false,0,NaN
172,F,0.9976757889169448,1.3994856378567577,false,0,NaN
173,F,0.9976529481382828,1.4159709939873322,false,0,NaN
174,F,0.9976489660743844,1.3842988739369475,false,0,NaN
175,F,0.9976361808664838,1.3428312180858228,false,0,NaN
176,F,0.9976324490206361,1.3279873071532156,false,0,NaN
177,F,0.997632003480697,1.3052326390010867,false,0,NaN
178,F,0.9969811665636908,1.0733537919591523,false,0,NaN
179,F,0.9966429407531947,0.9806669790991335,true,0,NaN
180,F,0.9978591328803516,1.4263392408173012,false,0,NaN
181,F,0.9962324739600327,0.912026466165192,true,0,NaN
182,F,0.9972510368167732,1.1465002528287611,false,0,NaN
183,F,0.9969469887849839,1.0776511980466603,false,0,NaN
184,F,0.9967949647690894,1.01813346103479,false,0,NaN
185,F,0.9975688746661089,1.252201537580254,false,0,NaN
186,F,0.9975589324905296,1.3562472453714203,false,0,NaN
187,F,0.9971086197028741,1.1318088046505856,false,0,NaN
188,F,0.9971030736801535,1.1137721279502493,false,0,NaN
189,F,0.9968757800814622,1.037444142807812,false,0,NaN
190,F,0.9968736965104701,1.061157089791402,false,0,NaN
191,F,0.9967593602707406,1.0181604541586733,false,0,NaN
192,F,0.9967579842587093,1.031066243457068,false,0,NaN
193,F,0.9967011503653489,0.9977744946927336,true,0,NaN
194,F,0.9999835057518267,NaN,false,-300,NaN
195,F,0.9983423280585878,1.840200757465134,false,0,NaN
196,F,0.9975217392119684,1.252267861646787,false,0,NaN
197,F,0.9971114447886587,1.1233948429119485,false,0,NaN
198,F,0.9965756159634014,0.9545394673252098,true,0,NaN
199,F,0.9955786090721205,0.7515340369555421,true,0,NaN
200,F,0.9999415506547723,NaN,false,-300,NaN
201,F,0.9977600798634464,1.4319218569531187,false,0,NaN
202,F,0.9966693444677834,0.9849500718166809,true,0,NaN
203,F,0.9999760401388312,NaN,false,-300,NaN
204,F,0.9983226923033073,1.8298852165814927,false,0,NaN
205,F,0.9974960183855454,1.2321748658081826,false,0,NaN
206,F,0.9970826814266645,1.1103303035295184,false,0,NaN
207,F,0.9989832070205658,2.753170410446798,false,0,NaN
208,F,0.998920332270986,2.391851082343879,false,0,NaN
209,F,0.9982720084907574,1.8007486801007844,false,0,NaN
210,F,0.9982429345922917,1.868553792639722,false,0,NaN
211,F,0.9975913407790149,1.2805103424994388,false,0,NaN
212,F,0.9975807549646069,1.3418019784470359,false,0,NaN
213,F,0.9971303426233992,1.1282470932104403,false,0,NaN
214,F,0.997125210284095,1.1364217912446353,false,0,NaN
215,F,0.9968998435455914,1.0488943165713798,false,0,NaN
216,F,0.9968975533131151,1.0529134619794687,false,0,NaN
217,F,0.9967845940066874,1.0111266920949755,false,0,NaN
218,F,0.9967836564630453,1.0199362030361017,false,0,NaN
219,F,0.9967269692372354,0.9883610832537254,true,0,NaN
220,F,0.9999894899329759,NaN,false,-300,NaN
221,F,0.9983582295851056,1.8230992960136756,false,0,NaN
222,F,0.9975425994111705,1.2609301045290024,false,0,NaN
223,F,0.9971347843242029,1.121246302629308,false,0,NaN
224,F,0.9971234001853014,1.1262050905273868,false,0,NaN
225,F,0.9971185910142611,1.1260619575566755,false,0,NaN
226,F,0.9969251847112683,1.0549773541625838,false,0,NaN
227,F,0.9969228605681144,1.081869881564673,false,0,NaN
228,F,0.9968260769742519,1.0305287423760436,false,0,NaN
229,F,0.9968246058117566,1.0234115678586053,false,0,NaN
230,F,0.9967765231057436,1.002824016910334,false,0,NaN
231,F,0.996776018514205,1.015018530190214,false,0,NaN
232,F,0.9967517461714895,0.9883610477109125,true,0,NaN
233,F,0.9999899428800783,NaN,false,-300,NaN
234,F,0.998370844525784,1.8318057545579642,false,0,NaN
235,F,0.9975612953486367,1.2735888172847871,false,0,NaN
236,F,0.9971565207600631,1.127845519068195,false,0,NaN
237,F,0.996923883565366,1.050003048570654,false,0,NaN
238,F,0.9969217639901339,1.0682068235724338,false,0,NaN
239,F,0.9968378148668353,1.0305259233805426,false,0,NaN
240,F,0.9968363650158176,1.031038931352249,false,0,NaN
241,F,0.9967947805175699,1.0108734921632596,false,0,NaN
242,F,0.9967940064193559,1.0233045114108674,false,0,NaN
243,F,0.9967732633429371,0.9996527003327305,true,0,NaN
244,F,0.9999900032818579,NaN,false,-300,NaN
245,F,0.9983816333123976,1.8438226558944886,false,0,NaN
246,F,0.9975774483276674,1.2746320025645799,false,0,NaN
247,F,0.9971753558353023,1.1411055338372322,false,0,NaN
248,F,0.9969228680394709,1.0540979119687561,false,0,NaN
249,F,0.996920985177341,1.0582781033858255,false,0,NaN
250,F,0.9968480656912041,1.0301035802530212,false,0,NaN
251,F,0.9968470126177214,1.0357907915328306,false,0,NaN
252,F,0.9968106645170706,1.0303256547327477,false,0,NaN
253,F,0.9968096037636538,1.0255650127150244,false,0,NaN
254,F,0.9967919639300039,1.010773750969768,false,0,NaN
255,F,0.9967915793341052,1.018476101903274,false,0,NaN
256,F,0.9967826136364705,1.010825524188037,false,0,NaN
257,F,0.9967822272501144,1.0184719087873966,false,0,NaN
258,F,0.9967779384897039,1.0027988624451907,false,0,NaN
259,F,0.9967778296869401,1.0075734366886384,false,0,NaN
260,F,0.9967756009163204,1.0028117197848785,false,0,NaN
261,F,0.9967754916689153,1.007572929582279,false,0,NaN
262,F,0.996773847736283,0.9999781531614447,true,0,NaN
263,F,0.9483812475899353,NaN,false,-300,NaN
264,F,0.9725775476631091,NaN,false,-300,NaN
265,F,0.9846756976996961,NaN,false,-300,NaN
266,F,0.9907247727179895,0.5260048882580455,true,0,NaN
267,F,0.9967779526183522,1.000718865262155,false,0,NaN
268,F,0.9977473382847291,1.5680948879542735,false,0,NaN
269,F,0.9955111762768698,NaN,false,-300,NaN
270,F,0.9972626454515406,1.1924789240808917,false,0,NaN
271,F,0.9970202990349464,1.1063009245566993,false,0,NaN
272,F,0.9968991258266493,1.0536352164827494,false,0,NaN
273,F,0.9967800523872304,0.9999791549834199,true,0,NaN
274,F,0.9968368987187369,1.0275707599740322,false,0,NaN
275,F,0.9968348391682307,1.026131621740928,false,0,NaN
276,F,0.9968084755139516,1.0275676317628948,false,0,NaN
277,F,0.9968064161969399,1.0261290960513603,false,0,NaN
278,F,0.9967942639115543,1.007992088623011,false,0,NaN
279,F,0.9967936657430212,1.020992089168209,false,0,NaN
280,F,0.9967871581103465,1.0079911010921667,false,0,NaN
281,F,0.9967865600155242,1.0209924425629209,false,0,NaN
282,F,0.9967836052097241,1.007990831791041,false,0,NaN
283,F,0.9967830071350029,1.020991729653682,false,0,NaN
284,F,0.996781828759376,1.007984310172238,false,0,NaN
285,F,0.9967809405341282,1.0000164649016372,false,0,NaN
286,F,0.9971687031098265,1.1382999228612531,false,0,NaN
287,F,0.9967627258505726,1.1552968271490363,false,0,NaN
288,F,0.9963376202813368,0.9404169233675638,true,0,NaN
289,F,0.9999816881014066,NaN,false,-300,NaN
290,F,0.9981596983746417,1.6457007619625736,false,0,NaN
291,F,0.9981596005657938,1.7007830191030502,false,0,NaN
292,F,0.997248688556852,1.2047248487148097,false,0,NaN
293,F,0.9972486519019141,1.205336046198647,false,0,NaN
294,F,0.9967931834809024,1.0650658759263396,false,0,NaN
295,F,0.9967931661941662,1.0603930121214296,false,0,NaN
296,F,0.9965654306088171,0.9733095075243797,true,0,NaN
297,F,0.9970455439279755,1.1284090990640834,false,0,NaN
298,F,0.9968054872683962,1.067750086445913,false,0,NaN
299,F,0.9966854589386067,1.0199525016983795,false,0,NaN
300,F,0.9966254447737118,1.0013522456025437,false,0,NaN
301,F,0.9965921606986079,1.0042948716841957,false,0,NaN
302,F,0.9965897951214873,1.0207089656224664,false,0,NaN
303,F,0.9965772720096734,1.0024937306118535,false,0,NaN
304,F,0.9965696169095182,1.0014377215103942,false,0,NaN
305,F,0.9965652175178921,1.000832115210852,false,0,NaN
306,F,0.9965636821939469,1.0021719400855258,false,0,NaN
307,F,0.9965645565203609,0.9954423837364516,true,0,NaN
308,F,0.9997232968074505,13.571553897509347,false,0,NaN
309,F,0.9981439266639057,1.776248442383452,false,0,NaN
310,F,0.9973542415921334,1.2177795688445552,false,0,NaN
311,F,0.9969593990562471,1.139215247258868,false,0,NaN
312,F,0.9966072678133141,1.0152877021595728,false,0,NaN
313,F,0.9966065156428706,1.0071482783550851,false,0,NaN
314,F,0.9965867791859969,1.0121390033341973,false,0,NaN
315,F,0.9965861459362222,1.0075910886763162,false,0,NaN
316,F,0.9965761831773818,0.9955369490801269,true,0,NaN
317,F,0.9965878244259375,0.9976380165581697,true,0,NaN
318,F,0.9866702370363978,NaN,false,-300,NaN
319,F,0.9916290307311677,NaN,false,-300,NaN
320,F,0.9941084275785526,NaN,false,-300,NaN
321,F,0.9953481260022451,1.0418959447276548,false,0,NaN
322,F,0.9965882491663101,0.9957077289300587,true,0,NaN
323,F,0.9747992037400538,0.18372350123667247,true,0,NaN
324,F,0.9965878249738508,0.9955983777268852,true,0,NaN
325,F,0.9969274292129119,NaN,false,-300,NaN
326,F,0.9967576270933813,NaN,false,-300,NaN
327,F,0.996672726033616,NaN,false,-300,NaN
328,F,0.9966302755037334,NaN,false,-300,NaN
329,F,0.9966404120435876,0.9854915110354168,true,0,NaN
330,F,0.9997869307084437,NaN,false,-300,NaN
331,F,0.9966426465172165,0.9978236985705984,true,0,NaN
332,F,0.9966415292804021,0.9929876327368784,true,0,NaN
333,F,0.9966409706619948,0.9942241577977878,true,0,NaN
334,F,0.9977593639241767,1.4065467477509,false,0,NaN
335,F,0.9977437667653498,1.4708607544966483,false,0,NaN
336,F,0.9971998879838821,1.2262163308981477,false,0,NaN
337,F,0.9971909713097231,1.1825028374903828,false,0,NaN
338,F,0.9969201500137348,1.1017631514576447,false,0,NaN
339,F,0.9969158431432704,1.085186866246502,false,0,NaN
340,F,0.9967802810286612,1.0550984660412184,false,0,NaN
341,F,0.9967777028581919,1.079521066019417,false,0,NaN
342,F,0.9967103465361243,1.0341612614436768,false,0,NaN
343,F,0.996708544032225,1.0428276214501644,false,0,NaN
344,F,0.996675379289856,1.0103372873756276,false,0,NaN
345,F,0.9966744591210581,1.028804607963075,false,0,NaN
346,F,0.9966578956667218,1.002997352821998,false,0,NaN
347,F,0.9966572473786666,1.0150082493737338,false,0,NaN
348,F,0.9966447829493711,0.988906883344514,true,0,NaN
349,F,0.9966446564630257,0.9994720330058582,true,0,NaN
350,F,0.9966409584068106,0.9854914196854803,true,0,NaN
351,F,0.9976446736521335,NaN,false,-300,NaN
352,F,0.9966409609928801,0.9854748165339977,true,0,NaN
353,F,0.9989670255789249,NaN,false,-300,NaN
354,F,0.9978039932859025,2.4727521387911082,false,0,NaN
355,F,0.9972224771393914,1.1826365356298023,false,0,NaN
356,F,0.9969317190661358,1.1264493027848663,false,0,NaN
357,F,0.9966486088365232,0.9955988670996063,true,0,NaN
358,F,0.9966482340332306,0.999864972700693,true,0,NaN
359,F,0.9966447849146823,0.9906586963701826,true,0,NaN
360,F,0.9966445930024052,0.9976374395133583,true,0,NaN
361,F,0.996642872953762,0.9854745026853613,true,0,NaN
362,F,0.9999888858052289,NaN,false,-300,NaN
363,F,0.996645976857791,0.9955392647386481,true,0,NaN
364,F,0.9966444249057764,0.9955449791907383,true,0,NaN
365,F,0.9966436489297692,0.9855031342121688,true,0,NaN
366,F,0.9999888883741959,NaN,false,-300,NaN
367,F,0.9983162686519825,1.754135742005409,false,0,NaN
368,F,0.9974799587908758,1.2624176366654747,false,0,NaN
369,F,0.9970618038603225,1.1050841869707722,false,0,NaN
370,F,0.9966457950902338,0.9948700560096246,true,0,NaN
371,F,0.9966455941018231,0.9880693008287252,true,0,NaN
372,F,0.9966450624904035,0.9948839725210148,true,0,NaN
373,F,0.9966448615105656,0.9880850993295778,true,0,NaN
374,F,0.9966446783110536,0.9950360815299635,true,0,NaN
375,F,0.9966444742515369,0.9882898882215239,true,0,NaN
376,F,0.9966444120513722,0.9950473385503843,true,0,NaN
377,F,0.9966440302587639,0.9884577965772816,true,0,NaN
378,F,0.9966438388577443,0.9855654220962479,true,0,NaN
379,F,0.996643836619155,0.985391852949216,true,0,NaN
380,F,0.999541757987168,6.7275781567846655,false,0,NaN
381,F,0.9951844473729136,NaN,false,-300,NaN
382,F,0.9966439454215796,0.9853853362335323,true,0,NaN
383,F,0.999945957180312,31.854136287973176,false,-100,NaN
384,F,0.9982949513009458,1.7777280108878415,false,0,NaN
385,F,0.9974694483612627,1.2791507735863266,false,0,NaN
386,F,0.9970566968914212,1.0803618607351115,false,0,NaN
387,F,0.9966451400660622,0.9936293207533374,true,0,NaN
388,F,0.9966445714858215,0.999072039795466,true,0,NaN
389,F,0.9966450046153386,0.9936373570499334,true,0,NaN
390,F,0.9966446894707526,0.9887114692307744,true,0,NaN
391,F,0.9966443174461529,0.985544020980521,true,0,NaN
392,F,0.9966443065132806,0.9944202199918792,true,0,NaN
393,F,0.9966441314338531,0.9854039819762047,true,0,NaN
394,F,0.9996496403272672,6.056163687911456,false,0,NaN
395,F,0.9961902816480379,NaN,false,-300,NaN
396,F,0.9966441582947788,0.9854023516735863,true,0,NaN
397,F,0.9999013417255053,20.39187571499783,false,0,NaN
398,F,0.9954574604261098,NaN,false,-300,NaN
399,F,0.998272750010142,1.7193516648833294,false,0,NaN
400,F,0.9974584541524605,1.2856955965666121,false,0,NaN
401,F,0.9970513062236196,1.0904897486970901,false,0,NaN
402,F,0.9966444336134821,0.9868815746768681,true,0,NaN
403,F,0.99664439414972,0.9856987414352184,true,0,NaN
404,F,0.9966444015045736,0.986883455932596,true,0,NaN
405,F,0.9966443620401878,0.9857006039622839,true,0,NaN
406,F,0.996644325566127,0.9858288783346314,true,0,NaN
407,F,0.9966443138593757,0.9853871823068882,true,0,NaN
408,F,0.9996071553218482,7.316911058050135,false,0,NaN
409,F,0.9952718565495959,NaN,false,-300,NaN
410,F,0.9966444291008221,0.9853797175788704,true,0,NaN
411,F,0.9999254553801131,18.316284423084653,false,0,NaN
412,F,0.9953952016046735,NaN,false,-300,NaN
413,F,0.9982849422404676,1.7346544487524391,false,0,NaN
414,F,0.9974646856706448,1.3139944376870356,false,0,NaN
415,F,0.9970545573857335,1.0965281602391646,false,0,NaN
416,F,0.9966478461041726,0.9954967542351024,true,0,NaN
417,F,0.9966474720930173,0.9997720322440464,true,0,NaN
418,F,0.9966461375366998,0.9854294169692696,true,0,NaN
419,F,0.9999888966130447,NaN,false,-300,NaN
420,F,0.9966469880014615,0.9852272107684447,true,0,NaN
421,F,0.9995661167448248,5.2947348783619494,false,0,NaN
422,F,0.9959982502817322,NaN,false,-300,NaN
423,F,0.9981065523731432,1.6505134890349298,false,0,NaN
424,F,0.9973767701873023,1.2795616381269146,false,0,NaN
425,F,0.9970118790943818,1.0901573814943242,false,0,NaN
426,F,0.9966606297675928,0.9887896126702509,true,0,NaN
427,F,0.9966605867723326,0.9899654200238066,true,0,NaN
428,F,0.9966589750404754,0.9887698985417259,true,0,NaN
429,F,0.9966589332791731,0.9899092520823148,true,0,NaN
430,F,0.9966529815209684,0.9869681932815018,true,0,NaN
431,F,0.9966529609980102,0.9875251535144866,true,0,NaN
432,F,0.9966499847612149,0.9860700823390476,true,0,NaN
433,F,0.9966499748251283,0.9863390199966795,true,0,NaN
434,F,0.9966484863813382,0.9856217216482424,true,0,NaN
435,F,0.996648481730502,0.9857474268074843,true,0,NaN
436,F,0.9966477371913999,0.9853984895235646,true,0,NaN
437,F,0.9966477351720177,0.9854522554418692,true,0,NaN
438,F,0.9966473625964306,0.9852922585012656,true,0,NaN
439,F,0.9999889006687602,NaN,false,-300,NaN
440,F,0.9966474154005449,0.9852906204888953,true,0,NaN
441,F,0.999988900843575,NaN,false,-300,NaN
442,F,0.9983181581220599,1.7916334766445907,false,0,NaN
443,F,0.9974827867613024,1.314892174134161,false,0,NaN
444,F,0.9970651010809236,1.1039640955264813,false,0,NaN
445,F,0.9966475204191848,0.9852222555227684,true,0,NaN
446,F,0.9999889011912525,NaN,false,-300,NaN
447,F,0.9966479320774199,0.9851991628876537,true,0,NaN
448,F,0.9998030252225845,9.373213563646326,false,0,NaN
449,F,0.993715538876661,NaN,false,-300,NaN
450,F,0.9982254786500022,1.6970337407941463,false,0,NaN
451,F,0.997436705363711,1.315287874469155,false,0,NaN
452,F,0.9970423187205655,1.0909863926097427,false,0,NaN
453,F,0.9966502127684688,0.9952482938552967,true,0,NaN
454,F,0.9966496062954139,1.0027845932572095,false,0,NaN
455,F,0.9966498075713294,0.9951952029389299,true,0,NaN
456,F,0.9966492057077323,1.0029056992150553,false,0,NaN
457,F,0.9966495899138033,0.9952081626248135,true,0,NaN
458,F,0.9966489880342301,1.0029182956122757,false,0,NaN
459,F,0.9966492355864086,0.9951560078555145,true,0,NaN
460,F,0.9966485838315847,0.986912796924702,true,0,NaN
461,F,0.9966484808689902,1.0004677994089528,false,0,NaN
462,F,0.9966482579541728,0.9852873122337145,true,0,NaN
463,F,0.9966482526541088,0.9877968717791941,true,0,NaN
464,F,0.9966480950154667,0.9852104310750244,true,0,NaN
465,F,0.9999889030935263,NaN,false,-300,NaN
466,F,0.996648124136835,0.9852089866908629,true,0,NaN
467,F,0.9997636386022307,7.958815071132979,false,0,NaN
468,F,0.9958962697315751,NaN,false,-300,NaN
469,F,0.9982058813695328,1.6747800727408817,false,0,NaN
470,F,0.997427002753184,1.3004662786722552,false,0,NaN
471,F,0.9970375634450095,1.094038669155101,false,0,NaN
472,F,0.996648294320575,0.9857022711482528,true,0,NaN
473,F,0.9966482593766293,0.985082453724683,true,0,NaN
474,F,0.9999889036376648,NaN,false,-300,NaN
475,F,0.9966487540428562,0.9850602752630108,true,0,NaN
476,F,0.99998890527532,NaN,false,-300,NaN
477,F,0.9983188296590881,2.0672432524170126,false,0,NaN
478,F,0.9974837918509722,1.3304082645625512,false,0,NaN
479,F,0.9970662729469142,1.1205148271172343,false,0,NaN
480,F,0.9966587317862492,1.0025800275566061,false,0,NaN
481,F,0.996658083601123,1.0146727463638217,false,0,NaN
482,F,0.9966537429139702,1.0025783336502911,false,0,NaN
483,F,0.9966530948237026,1.0146707763351808,false,0,NaN
484,F,0.9966512484778308,0.9937593613052904,true,0,NaN
485,F,0.9966509266496303,1.0009143476804592,false,0,NaN
486,F,0.996650001259761,0.98812894277114,true,0,NaN
487,F,0.9966498877293378,0.9994004533907663,true,0,NaN
488,F,0.996649377650726,0.9850746404030949,true,0,NaN
489,F,0.9940326397269472,0.5899183322805714,true,0,NaN
490,F,0.9966493304677875,0.9850552728859558,true,0,NaN
491,F,0.9943159846648211,0.7612758727182902,true,0,NaN
492,F,0.9954826575663043,0.7747862796624979,true,0,NaN
493,F,0.9960659940170459,0.8756892749370915,true,0,NaN
494,F,0.9963576622424166,0.9516791272577908,true,0,NaN
495,F,0.9966580000013553,1.002184903878708,false,0,NaN
496,F,0.996656369138205,1.015316784149277,false,0,NaN
497,F,0.9966536645277964,1.0023626981382079,false,0,NaN
498,F,0.9966514967833305,0.9994771730868925,true,0,NaN
499,F,0.9966504128957244,0.988072337474312,true,0,NaN
500,F,0.9966501245051517,0.9989022230327291,true,0,NaN
501,F,0.9966498709211712,0.9851011353831326,true,0,NaN
502,F,0.9999889089728873,NaN,false,-300,NaN
503,F,0.9966508142977764,0.9951819884504427,true,0,NaN
504,F,0.9966503426094737,0.9896806328326789,true,0,NaN
505,F,0.9966501067653225,0.9852364311550363,true,0,NaN
506,F,0.9966508110498092,0.9951146721534767,true,0,NaN
507,F,0.9966507926491136,0.9865421719942694,true,0,NaN
508,F,0.9966503385569012,0.9948548988841284,true,0,NaN
509,F,0.9966503206327583,0.9864981615608139,true,0,NaN
510,F,0.9966501010894933,0.9881434877124878,true,0,NaN
511,F,0.9966500954220997,0.9854295205433826,true,0,NaN
512,F,0.9966499797973699,0.9855638415979605,true,0,NaN
513,F,0.9966499788412072,0.9850749460681986,true,0,NaN
514,F,0.9966501778200136,0.9854562096395834,true,0,NaN
515,F,0.9966501733913216,0.9855859710809307,true,0,NaN
516,F,0.9966500775873153,0.9852488824083627,true,0,NaN
517,F,0.996650075365917,0.9853134741700529,true,0,NaN
518,F,0.996650027196779,0.9851471185014569,true,0,NaN
519,F,0.9966500014253474,0.9850988132550732,true,0,NaN
520,F,0.9966499870830997,0.9850749405151483,true,0,NaN
521,F,0.9999889093574561,NaN,false,-300,NaN
522,F,0.9966499873567994,0.9850748586558924,true,0,NaN
523,F,0.9999889093583623,NaN,false,-300,NaN
524,F,0.9983194483575808,NaN,false,-300,NaN
525,F,0.9974847178571902,1.4449842855895456,false,0,NaN
526,F,0.9970673526069948,1.163154204258429,false,0,NaN
527,F,0.996649984666949,0.985071146929372,true,0,NaN
528,F,0.9936488626607483,NaN,false,-300,NaN
529,F,0.9966499844944962,0.985070983220973,true,0,NaN
530,F,0.994282626798867,NaN,false,-300,NaN
531,F,0.9954663056466816,NaN,false,-300,NaN
532,F,0.9960581450705889,NaN,false,-300,NaN
533,F,0.9963540647825425,1.0727162099307583,false,0,NaN
534,F,0.9966499862168892,0.9850536390048288,true,0,NaN
535,F,0.9999889093545884,NaN,false,-300,NaN
536,F,0.9966501068995361,0.9850536295442371,true,0,NaN
537,F,0.9979710644428311,1.5676740404532186,false,0,NaN
538,F,0.9955220005385295,0.8536030305093583,true,0,NaN
539,F,0.9973105856711837,1.192160061279211,false,0,NaN
540,F,0.9969803462853599,1.0828722313896386,false,0,NaN
541,F,0.996815226592448,1.0253893854983889,false,0,NaN
542,F,0.99665021903681,0.9850387714447103,true,0,NaN
543,F,0.9966521598826615,1.0017174328311025,false,0,NaN
544,F,0.9966511894518905,1.0021003434075502,false,0,NaN
545,F,0.9966507042364956,0.9967680455956781,true,0,NaN
546,F,0.9966504616287793,0.9884219809730312,true,0,NaN
547,F,0.9966503403248835,0.9851231582553518,true,0,NaN
548,F,0.9966503369429465,0.9850165354622474,true,0,NaN
549,F,0.9942737342795399,0.6181878050232089,true,0,NaN
550,F,0.9966503328122858,0.9850153436662746,true,0,NaN
551,F,0.9943256807149408,0.6173652962162551,true,0,NaN
552,F,0.9954880067636133,0.7541856650713847,true,0,NaN
553,F,0.9960691697879495,0.8571398954463756,true,0,NaN
554,F,0.9963597513001177,0.9222686680696264,true,0,NaN
555,F,0.9966505167582823,0.9850483847395338,true,0,NaN
556,F,0.9967802168765547,0.9923640801207598,true,0,NaN
557,F,0.9977688170917967,1.314760527850252,false,0,NaN
558,F,0.9964150820490448,0.9031226444235833,true,0,NaN
559,F,0.9967424704629739,0.9749089451253967,true,0,NaN
560,F,0.9967404057443394,0.9740635997186943,true,0,NaN
561,F,0.9968152059082572,NaN,false,-300,NaN
562,F,0.9967427913024208,0.976645753325635,true,0,NaN
563,F,0.9981442374234891,NaN,false,-300,NaN
564,F,0.997443514362955,2.150850484327604,false,0,NaN
565,F,0.997093152832688,1.141772242167077,false,0,NaN
566,F,0.9969179720675544,1.0455809099197386,false,0,NaN
567,F,0.996830759326694,0.9725029398757569,true,0,NaN
568,F,0.9999902653688941,NaN,false,-300,NaN
569,F,0.9984180151726537,1.7381704577462864,false,0,NaN
570,F,0.99839187202191,2.012802029211846,false,0,NaN
571,F,0.9976284940156156,1.256490417956539,false,0,NaN
572,F,0.997618796784553,1.397031683643231,false,0,NaN
573,F,0.9972327961887694,1.1280425676061006,false,0,NaN
574,F,0.9972274850630277,1.2064411214937252,false,0,NaN
575,F,0.997033042737517,1.022212987069487,false,0,NaN
576,F,0.9970313450144966,1.0833140125781349,false,0,NaN
577,F,0.9969320629355621,1.0080566250657994,false,0,NaN
578,F,0.9969308488397566,1.0476601774964065,false,0,NaN
579,F,0.9968815381436564,0.9862802333757001,true,0,NaN
580,F,0.9969816037744869,1.0120035166986268,false,0,NaN
581,F,0.9969807781392911,1.0426544063437309,false,0,NaN
582,F,0.9969315744749464,1.0067562546603914,false,0,NaN
583,F,0.9969309174221073,1.0442179167228571,false,0,NaN
584,F,0.9969065598216077,0.9907065677719729,true,0,NaN
585,F,0.9969064177077523,0.998955227302963,true,0,NaN
586,F,0.9968940524878015,0.9862811887108769,true,0,NaN
587,F,0.9969812417152116,1.011891232023669,false,0,NaN
588,F,0.9969804257172719,1.0427260824616305,false,0,NaN
589,F,0.9969376422193937,1.006732998141532,false,0,NaN
590,F,0.9969369907637489,1.0442031853313618,false,0,NaN
591,F,0.9969158424637699,1.0035397354042839,false,0,NaN
592,F,0.9969152928283581,1.0424691752431325,false,0,NaN
593,F,0.996904942570528,0.9907298839974882,true,0,NaN
594,F,0.9969048007770882,0.9989173339666603,true,0,NaN
595,F,0.9968994925930466,0.986277275347337,true,0,NaN
596,F,0.9969556790583284,1.0001572051255345,false,0,NaN
597,F,0.9969557475120867,1.0001699884567847,false,0,NaN
598,F,0.9969555579567072,0.9999992756211317,true,0,NaN
599,F,0.9969567454222098,0.9999992440995327,true,0,NaN
600,F,0.9969597207663323,1.0046033322392636,false,0,NaN
601,F,0.996958233094271,1.0000013521466984,false,0,NaN
602,F,0.9969632591577579,1.004526247368838,false,0,NaN
603,F,0.9969883511313715,1.0424252609080045,false,0,NaN
604,F,0.9968878100615647,1.0298225490655284,false,0,NaN
605,F,0.9969057034751293,1.0544918707674027,false,0,NaN
606,F,0.9969575032292214,1.0913128782082027,false,0,NaN
607,F,0.9972671566467184,1.212703310844606,false,0,NaN
608,F,0.9983777157075272,1.987583975645898,false,0,NaN
609,F,0.9982868391963532,1.8569145265621319,false,0,NaN
610,F,0.9987762331125428,2.2538082320324224,false,0,NaN
611,F,0.9989063096573252,3.068652155490126,false,0,NaN
612,F,0.998531536154448,2.076253896595109,false,0,NaN
613,F,0.9984091876754005,1.942733280050725,false,0,NaN
614,F,0.9998869697085714,26.32671379449455,false,-100,NaN
615,F,0.999148078691986,3.4406079997739685,false,0,NaN
616,F,0.9987786331836933,2.351983468843436,false,0,NaN
617,F,0.9985939104295469,2.155654808162767,false,0,NaN
618,F,0.999992045938377,NaN,false,-300,NaN
619,F,0.9991989619835578,3.9786486274928934,false,0,NaN
620,F,0.9991926220584972,3.974242312269728,false,0,NaN
621,F,0.9988017741023745,2.5526365782946865,false,0,NaN
622,F,0.9987984693726002,2.4314597603709993,false,0,NaN
623,F,0.9986018696370756,2.0905494591365734,false,0,NaN
624,F,0.9984991341614126,1.8649960865994235,false,0,NaN
625,F,0.9988066411647296,2.94801223934437,false,0,NaN
626,F,0.998652887663071,2.186806559936924,false,0,NaN
627,F,0.9985760109122418,2.1296083794052096,false,0,NaN
628,F,0.9985375725368272,2.0329403932519536,false,0,NaN
629,F,0.9985884277106465,2.2352054870271187,false,0,NaN
630,F,0.9985329639821356,2.235674342848827,false,0,NaN
631,F,0.9985120187436576,2.044016346119611,false,0,NaN
632,F,0.9985054356402189,1.9939106549111236,false,0,NaN
633,F,0.9985022602899771,1.9960627933230628,false,0,NaN
634,F,0.9985007021908799,1.9333261388750071,false,0,NaN
635,F,0.9984999299591445,1.93425826953913,false,0,NaN
636,F,0.9977043281329337,1.3550793671254309,false,0,NaN
637,F,0.9964478486630868,0.9414590047074707,true,0,NaN
638,F,0.9976256072498902,1.3350896873481601,false,0,NaN
639,F,0.9960637058495071,0.8765087178987236,true,0,NaN
640,F,0.995411747405302,0.7623046979353199,true,0,NaN
641,F,0.9971604615762009,1.122272624044664,false,0,NaN
642,F,0.9993766767245218,5.095824660890828,false,0,NaN
643,F,0.9962861044907515,0.951881886723402,true,0,NaN
644,F,0.9964258771944897,0.9731167709529268,true,0,NaN
645,F,0.9967216571938616,1.0279766326572277,false,0,NaN
646,F,0.9965737671941757,1.0091787578018707,false,0,NaN
647,F,0.9964998221943326,0.976876944836232,true,0,NaN
648,F,0.9970348552450266,1.110484013067024,false,0,NaN
649,F,0.9967673387196796,1.0395775224713226,false,0,NaN
650,F,0.9966335804570061,1.018943780678712,false,0,NaN
651,F,0.9965667013256694,1.011834586420275,false,0,NaN
652,F,0.9965280179639252,1.006995362538645,false,0,NaN
653,F,0.996526618561969,0.9880519548235012,true,0,NaN
654,F,0.9968777527314547,1.0606671032739787,false,0,NaN
655,F,0.9967548137357888,1.0291482324375125,false,0,NaN
656,F,0.9967021856467119,1.0168992733626314,false,0,NaN
657,F,0.9966144021043404,0.9972360722111282,true,0,NaN
658,F,0.9965705103331547,0.9938868404249134,true,0,NaN
659,F,0.9980340367284709,1.5146515429176026,false,0,NaN
660,F,0.9980196482877917,1.482551043124693,false,0,NaN
661,F,0.9973057338265154,1.1773767904333103,false,0,NaN
662,F,0.997300553009985,1.1751467512962603,false,0,NaN
663,F,0.9969176126898354,1.0715367668889066,false,0,NaN
664,F,0.9969153253604938,1.0655852920498505,false,0,NaN
665,F,0.9967221156259022,1.015030443976372,false,0,NaN
666,F,0.9967213764658294,1.0211334996074677,false,0,NaN
667,F,0.9966243670939355,0.9964158280229803,true,0,NaN
668,F,0.9971757740956088,1.133313806074116,false,0,NaN
669,F,0.9970288980869938,1.0801887697270218,false,0,NaN
670,F,0.9969000705947721,1.0568168100848778,false,0,NaN
671,F,0.9967622188443538,1.0330733117018451,false,0,NaN
672,F,0.9966932929691447,1.0092937173882168,false,0,NaN
673,F,0.9972874849972205,1.1655535621040758,false,0,NaN
674,F,0.9972807787288966,1.1593763287967163,false,0,NaN
675,F,0.9969563508303335,1.0754131036075822,false,0,NaN
676,F,0.9969532179446332,1.066028534160555,false,0,NaN
677,F,0.9967903589621345,1.0371790318949143,false,0,NaN
678,F,0.9967887423689259,1.029781254483773,false,0,NaN
679,F,0.9967073630280351,1.0090353600721809,false,0,NaN
680,F,0.9967068625608067,1.0190732192963816,false,0,NaN
681,F,0.9966658650609853,1.0090518618016227,false,0,NaN
682,F,0.9966653639392596,0.9962595895447396,true,0,NaN
683,F,0.9968562066401926,1.0450469070133968,false,0,NaN
684,F,0.9968432026261415,1.0399855716994828,false,0,NaN
685,F,0.9967607852897261,1.0296443494757872,false,0,NaN
686,F,0.9967130746144929,1.020023629153157,false,0,NaN
687,F,0.9966892192768763,1.0098507024622025,false,0,NaN
688,F,0.9969539733673006,1.0697482595960124,false,0,NaN
689,F,0.9969511143755453,1.065760722810825,false,0,NaN
690,F,0.9968099366610509,1.0375581991371723,false,0,NaN
691,F,0.9968083295525039,1.0240488239776777,false,0,NaN
692,F,0.9967376503001553,1.023679719533753,false,0,NaN
693,F,0.9967365832635781,1.0241053258020887,false,0,NaN
694,F,0.9967015071197075,1.019052717211489,false,0,NaN
695,F,0.9967006201398821,1.0133943507814513,false,0,NaN
696,F,0.9966834355294836,1.0082552496190633,false,0,NaN
697,F,0.9966829687261264,1.0111462436511967,false,0,NaN
698,F,0.9966743997343716,1.0047237171677608,false,0,NaN
699,F,0.9966740703583101,1.0102418978705057,false,0,NaN
700,F,0.9966698818368156,0.9962700941318907,true,0,NaN
701,F,0.996797321767711,1.0339391935114357,false,0,NaN
702,F,0.9967427165881756,1.0118632972859545,false,0,NaN
703,F,0.9967336018022632,1.0235589017233502,false,0,NaN
704,F,0.9967017418195394,1.0084401777390843,false,0,NaN
705,F,0.9966858118281775,1.0015684796088296,false,0,NaN
706,F,0.996701168129399,1.0174993529737524,false,0,NaN
707,F,0.9966988315258228,1.0096422425423377,false,0,NaN
708,F,0.996685524404134,1.013458164743716,false,0,NaN
709,F,0.9966836323747923,1.0078565475570276,false,0,NaN
710,F,0.9966777025403262,1.0010098909111511,false,0,NaN
711,F,0.9966771799558577,1.0070267622406255,false,0,NaN
712,F,0.9966737916060714,0.9994765513791872,true,0,NaN
713,F,0.9967234251019743,1.0144061360714511,false,0,NaN
714,F,0.9967265213727493,1.008145832166312,false,0,NaN
715,F,0.9966986083540229,1.0056146051974282,false,0,NaN
716,F,0.9966861999800471,1.0076485742244055,false,0,NaN
717,F,0.9966799957930592,1.004062990418763,false,0,NaN
718,F,0.9967011203090006,1.0172748318500018,false,0,NaN
719,F,0.9966989982108665,1.0133034039776112,false,0,NaN
720,F,0.9966874559575359,1.013286455918805,false,0,NaN
721,F,0.9966858093955132,1.0101531871952452,false,0,NaN
722,F,0.9966806237818037,1.0090034754788964,false,0,NaN
723,F,0.9966794878817413,1.0107671895075925,false,0,NaN
724,F,0.9966772076939375,1.0005746625490683,false,0,NaN
725,F,0.9966770767655785,1.0078481568835356,false,0,NaN
726,F,0.9966754996500045,0.999446310229576,true,0,NaN
727,F,0.9968630493006801,1.0360409520727634,false,0,NaN
728,F,0.9967692744753424,1.0193404854020702,false,0,NaN
729,F,0.9967223870626734,1.0139628106350695,false,0,NaN
730,F,0.9966989433563389,1.0069209824617031,false,0,NaN
731,F,0.9966847011413221,1.001349861528977,false,0,NaN
732,F,0.9966844980045737,1.0049925800523831,false,0,NaN
733,F,0.9966812276833332,1.0013302542806888,false,0,NaN
734,F,0.9966810265340426,1.0049816071929976,false,0,NaN
735,F,0.9966784918358021,0.9965081560646315,true,0,NaN
736,F,0.9966925426481387,0.9999392781708305,true,0,NaN
737,F,0.9967739612172225,1.0312030393285556,false,0,NaN
738,F,0.9967084332236003,1.0127736984891431,false,0,NaN
739,F,0.9967332519326806,1.0223528701067275,false,0,NaN
740,F,0.9967128972904097,1.0176478978991048,false,0,NaN
741,F,0.9967027199692742,1.011343346178648,false,0,NaN
742,F,0.9967738984982247,1.0311869781087923,false,0,NaN
743,F,0.9967727147591209,1.022986261354285,false,0,NaN
744,F,0.9967453977483108,1.0312504145982222,false,0,NaN
745,F,0.9967442110414642,1.016681354756802,false,0,NaN
746,F,0.9967311375249739,1.027619648219226,false,0,NaN
747,F,0.9967300882096175,1.015682722675407,false,0,NaN
748,F,0.9967239875966074,1.0229302886836709,false,0,NaN
749,F,0.9967231159531889,1.01226243557563,false,0,NaN
750,F,0.9967203720074777,1.0229317854167548,false,0,NaN
751,F,0.9967195002359683,1.0122569217925108,false,0,NaN
752,F,0.9967184738190414,1.0229315695248125,false,0,NaN
753,F,0.9967176020182662,1.0122615078175419,false,0,NaN
754,F,0.9967171313033469,1.0229290983246981,false,0,NaN
755,F,0.9967162595697872,1.0122899421192675,false,0,NaN
756,F,0.9966988252381225,1.0131698987724633,false,0,NaN
757,F,0.9966983235541618,1.0137362091357487,false,0,NaN
758,F,0.9966933279718866,0.9999401086484099,true,0,NaN
759,F,0.9969222643301932,1.0763799499609703,false,0,NaN
760,F,0.9968077961510399,1.0363766638727543,false,0,NaN
761,F,0.9967505620614633,1.0312657193703951,false,0,NaN
762,F,0.9967219450166749,1.0166629971881191,false,0,NaN
763,F,0.9966941127563748,1.0029246871649558,false,0,NaN
764,F,0.9966939896851481,1.014506366863337,false,0,NaN
765,F,0.996693720346902,1.0000440591999569,false,0,NaN
766,F,0.9967525758012895,1.0227142952919712,false,0,NaN
767,F,0.9966902086912245,1.001000883862083,false,0,NaN
768,F,0.9967350382113699,1.01375674231911,false,0,NaN
769,F,0.9968165330455785,1.0250045862235526,false,0,NaN
770,F,0.9967618972864623,1.0253370288995425,false,0,NaN
771,F,0.9967892151660204,1.0243171615381201,false,0,NaN
772,F,0.9967977704479302,1.0256190447706346,false,0,NaN
773,F,0.9967185787216684,1.0102512251475269,false,0,NaN
774,F,0.9966896868051709,1.008820861062965,false,0,NaN
775,F,0.9988359872577608,2.5427199624624373,false,0,NaN
776,F,0.9977628370314658,1.3761980186934983,false,0,NaN
777,F,0.9972262619183183,1.154941603611617,false,0,NaN
778,F,0.9969579743617446,1.0731765358281888,false,0,NaN
779,F,0.9967055830405332,1.0078451488014437,false,0,NaN
780,F,0.9966766412287354,1.0000711425896724,false,0,NaN
781,F,0.9967065161138381,1.0000490909024968,false,0,NaN
782,F,0.9967293748370888,1.0066879404981832,false,0,NaN
783,F,0.9967242778518698,1.0041829157811213,false,0,NaN
784,F,0.9967179454754634,1.0067753067099747,false,0,NaN
785,F,0.9967122307946508,1.0068252946670349,false,0,NaN
786,F,0.9967093734542444,1.0000426830926719,false,0,NaN
787,F,0.996767559975527,1.0110551580704248,false,0,NaN
788,F,0.9967670812811344,1.0087088503783326,false,0,NaN
789,F,0.9967361505218035,0.9998571352515137,true,0,NaN
790,F,0.996751010377117,1.005511709891199,false,0,NaN
791,F,0.9967420922523498,1.004038224136829,false,0,NaN
792,F,0.9967435804494603,1.0054418329459782,false,0,NaN
793,F,0.9967398654856319,1.0054068122158601,false,0,NaN
794,F,0.9967380080037177,0.9998748683705505,true,0,NaN
795,F,0.9967646646467648,1.0094744855607307,false,0,NaN
796,F,0.9967445615918693,1.0000487621905858,false,0,NaN
797,F,0.9968468343516472,1.0173356783608773,false,0,NaN
798,F,0.9969932603859805,1.0664791562040792,false,0,NaN
799,F,0.9969500652672861,1.0319283266412773,false,0,NaN
800,F,0.9999847503263364,NaN,false,-300,NaN
801,F,0.9984674077968113,2.1828944209213637,false,0,NaN
802,F,0.9977087365320487,1.450017144861699,false,0,NaN
803,F,0.9973294008996674,1.265621687772559,false,0,NaN
804,F,0.9971753718423184,1.1150053373990074,false,0,NaN
805,F,0.9971669916102764,1.1668633041206657,false,0,NaN
806,F,0.9970609159844416,1.0825735828880902,false,0,NaN
807,F,0.9970032304574675,1.0520119084837343,false,0,NaN
808,F,0.9969734027980776,1.052025821413827,false,0,NaN
809,F,0.9969557405514345,1.036823075687421,false,0,NaN
810,F,0.9969528925233765,1.035278338767472,false,0,NaN
811,F,0.9969514763086065,1.0380611301907645,false,0,NaN
812,F,0.9969504175969338,1.0299652161406843,false,0,NaN
813,F,0.9999847520879847,NaN,false,-300,NaN
814,F,0.9984675848424592,1.990870544020124,false,0,NaN
815,F,0.9977090012196965,1.4776616518082921,false,0,NaN
816,F,0.9973297094083152,1.326810664050047,false,0,NaN
817,F,0.9969491662274406,1.0322463078528321,false,0,NaN
818,F,0.9969497919631762,1.0355446847167942,false,0,NaN
819,F,0.9969501048331386,1.0345062349370184,false,0,NaN
820,F,0.9969502612686425,1.0366144793103982,false,0,NaN
821,F,0.9969503394865238,1.028923067012304,false,0,NaN
822,F,0.9999847516974326,NaN,false,-300,NaN
823,F,0.9984675455919783,1.978653545979529,false,0,NaN
824,F,0.997708942539251,1.5258565528706178,false,0,NaN
825,F,0.9973296410128873,1.3264014644417133,false,0,NaN
826,F,0.996949781548215,1.0400228307212136,false,0,NaN
827,F,0.9969500605701265,1.0442558912466402,false,0,NaN
828,F,0.9969502000810831,1.0410600447339442,false,0,NaN
829,F,0.9969502698365634,1.0393292703359447,false,0,NaN
830,F,0.99683694311759,1.0143381832161331,false,0,NaN
831,F,0.9967856404008848,1.0003004634030517,false,0,NaN
832,F,0.9978975552794902,1.5096741302323224,false,0,NaN
833,F,0.9960105810710037,0.9308875967557046,true,0,NaN
834,F,0.9964981067360017,1.084986414134504,false,0,NaN
835,F,0.9961875194108158,0.9993058131490038,true,0,NaN
836,F,0.9972578617823543,1.4320236517262845,false,0,NaN
837,F,0.9977895763523535,1.6185155107937175,false,0,NaN
838,F,0.996722690596585,1.159251741867482,false,0,NaN
839,F,0.9964551050037005,1.047610564749131,false,0,NaN
840,F,0.9963213122072582,1.0278476917190278,false,0,NaN
841,F,0.9972517016520258,1.4317397631331785,false,0,NaN
842,F,0.9972249289855258,1.348582549185355,false,0,NaN
843,F,0.9968908859158203,1.2376145933570486,false,0,NaN
844,F,0.9968761375955189,1.260141314764478,false,0,NaN
845,F,0.9965392026633181,1.0878649248177146,false,0,NaN
846,F,0.9965337219666303,1.1232963350367946,false,0,NaN
847,F,0.9963633610370669,1.0313305871135479,false,0,NaN
848,F,0.9963613791058026,1.0512498200097633,false,0,NaN
849,F,0.9962754402239414,1.0148081926114612,false,0,NaN
850,F,0.9962744808213689,1.0117421827605715,false,0,NaN
851,F,0.9962314798173786,1.0081585720085782,false,0,NaN
852,F,0.996230931942799,1.005781598829422,false,0,NaN
853,F,0.9962094996140972,1.0060060204446277,false,0,NaN
854,F,0.9962090849554215,1.0013946140167902,false,0,NaN
855,F,0.9961930144616362,0.9993058253594427,true,0,NaN
856,F,0.9999856427305982,NaN,false,-300,NaN
857,F,0.9980893285961172,1.8985960104576842,false,0,NaN
858,F,0.9971411715288767,1.3026900283116072,false,0,NaN
859,F,0.9966670929952565,1.1341634399051395,false,0,NaN
860,F,0.996231360714362,1.0081579506369502,false,0,NaN
861,F,0.99623081424516,1.0057787204289284,false,0,NaN
862,F,0.9962121875876225,1.0081634765461907,false,0,NaN
863,F,0.9962116407898092,1.005812604511495,false,0,NaN
864,F,0.9962026010242527,1.0059460441049268,false,0,NaN
865,F,0.9962021911152338,1.0014521553653117,false,0,NaN
866,F,0.9961978077425678,0.9993057714826689,true,0,NaN
867,F,0.9962313426428521,1.0081579150717423,false,0,NaN
868,F,0.9962307973941437,1.0057766034584665,false,0,NaN
869,F,0.9962145751924338,1.008162746738257,false,0,NaN
870,F,0.9962140296544482,1.0058109453760702,false,0,NaN
871,F,0.9962061914672248,1.0059451989503296,false,0,NaN
872,F,0.9962057825191796,1.0014514894591127,false,0,NaN
873,F,0.9962019996046202,1.005939602131458,false,0,NaN
874,F,0.9962015910033809,1.001456964604106,false,0,NaN
875,F,0.9961999036733179,0.9993057474333258,true,0,NaN
876,F,0.9999857402372763,NaN,false,-300,NaN
877,F,0.9980928219552971,1.9034645841444782,false,0,NaN
878,F,0.9971463628143075,1.3036792851074095,false,0,NaN
879,F,0.9966731332438127,1.1345315211353242,false,0,NaN
880,F,0.9962145815048274,1.0081628386256547,false,0,NaN
881,F,0.9962140364946023,1.005810057179426,false,0,NaN
882,F,0.9962072425890173,1.005944992128472,false,0,NaN
883,F,0.9962068340512233,1.0014510965983934,false,0,NaN
884,F,0.9962035731311122,1.0059458241790504,false,0,NaN
885,F,0.9962031645421185,1.0014500874919807,false,0,NaN
886,F,0.9962017384021596,1.0057847916378193,false,0,NaN
887,F,0.9962013397221033,1.0016115074668326,false,0,NaN
888,F,0.9962008210376834,0.999308570282917,true,0,NaN
889,F,0.9952112436930433,0.8771893924945757,true,0,NaN
890,F,0.9957060323653633,1.003061300202441,false,0,NaN
891,F,0.9959534267015233,0.9954471867938376,true,0,NaN
892,F,0.9960771238696033,0.9690959844794508,true,0,NaN
893,F,0.9962072250167977,1.005712638922228,false,0,NaN
894,F,0.9962066832487044,1.0003979511374372,false,0,NaN
895,F,0.9962129901251368,1.0058835561796642,false,0,NaN
896,F,0.9988813991479994,3.6788684915782928,false,0,NaN
897,F,0.9954169170628283,3.503851115142688,false,0,NaN
898,F,0.997547194636568,1.6044178066849906,false,0,NaN
899,F,0.9999877359731828,NaN,false,-300,NaN
900,F,0.9987674653048755,2.6870455724827407,false,0,NaN
901,F,0.9981573299707217,2.031797421445914,false,0,NaN
902,F,0.9978522623036449,1.8526353050555011,false,0,NaN
903,F,0.9999877359731828,NaN,false,-300,NaN
904,F,0.9987472627486385,2.5763754493252096,false,0,NaN
905,F,0.9981135197073024,1.8465748473246406,false,0,NaN
906,F,0.9999355901378575,22.593845530187366,false,0,NaN
907,F,0.9990245549225799,3.574846061714483,false,0,NaN
908,F,0.9985690373149412,2.3281392144679454,false,0,NaN
909,F,0.9983412785111219,2.012876763357388,false,0,NaN
910,F,0.9984057517692829,2.3289561628388924,false,0,NaN
911,F,0.998235852650586,2.185228566366824,false,0,NaN
912,F,0.9981504641482997,2.0603705808256176,false,0,NaN
913,F,0.9981315348195928,1.869204581438128,false,0,NaN
914,F,0.9981247667377485,1.8838280550460067,false,0,NaN
915,F,0.9981206206380892,1.859139385371204,false,0,NaN
916,F,0.9981175222658876,1.848758193871936,false,0,NaN
917,F,0.9957770065437278,1.0729607151478786,false,0,NaN
918,F,0.9944668893585683,0.8729040056073047,true,0,NaN
919,F,0.9919582870444343,0.7129199001120587,true,0,NaN
920,F,0.9951506626469784,0.964722124695919,true,0,NaN
921,F,0.9969166761730581,1.4088571672969514,false,0,NaN
922,F,0.9948951846597456,0.9536365489587587,true,0,NaN
923,F,0.9999744759232987,NaN,false,-300,NaN
924,F,0.9974348302915221,1.7832175240203365,false,0,NaN
925,F,0.9961650074756339,1.2434663594358537,false,0,NaN
926,F,0.9955300960676897,1.0966696103990006,false,0,NaN
927,F,0.9999744759232987,NaN,false,-300,NaN
928,F,0.9974348302915221,1.7945075304203133,false,0,NaN
929,F,0.9971819780433167,2.2397444213529756,false,0,NaN
930,F,0.9961650074756339,1.2247853784175964,false,0,NaN
931,F,0.9960834728707386,1.3678773209075854,false,0,NaN
932,F,0.9955300960676897,1.0893844603689797,false,0,NaN
933,F,0.9954892765936046,1.1502914313362957,false,0,NaN
934,F,0.9952126403637177,1.0266100042822253,false,0,NaN
935,F,0.9951906971722919,1.0499638244199299,false,0,NaN
936,F,0.9950539125117316,0.9663036566032932,true,0,NaN
937,F,0.9960628343946366,1.1888061179388107,false,0,NaN
938,F,0.9951470482373296,1.1197943027371244,false,0,NaN
939,F,0.9955583734531841,1.105909829554054,false,0,NaN
940,F,0.9953061429824578,1.0583213959081883,false,0,NaN
941,F,0.9951800277470947,1.0166462765790407,false,0,NaN
942,F,0.9953484915343005,1.0570993315623192,false,0,NaN
943,F,0.9953203017939977,1.0916904519954667,false,0,NaN
944,F,0.9951985743512992,1.036843988489362,false,0,NaN
945,F,0.9951226851427224,1.0127567876279282,false,0,NaN
946,F,0.9950826475458387,1.002657292605456,false,0,NaN
947,F,0.995062510822765,0.9949033065602824,true,0,NaN
948,F,0.9972845830234213,1.7517215000013253,false,0,NaN
949,F,0.9961735469230931,1.2602049377957343,false,0,NaN
950,F,0.995618028872929,1.1013592022249616,false,0,NaN
951,F,0.9953402698478471,1.0608193465524682,false,0,NaN
952,F,0.9951970921192985,1.0390169098611644,false,0,NaN
953,F,0.9951864294216751,1.0445300144275347,false,0,NaN
954,F,0.9951298014710318,1.015731095644846,false,0,NaN
955,F,0.9951247671870465,1.033787728818272,false,0,NaN
956,F,0.9950961561468984,1.0055964630726006,false,0,NaN
957,F,0.9950935715044497,1.0273046502178187,false,0,NaN
958,F,0.9950793334848317,1.0056102598873886,false,0,NaN
959,F,0.9950767455064805,1.027335070781167,false,0,NaN
960,F,0.9950709221537983,1.0022294615150575,false,0,NaN
961,F,0.9950691513482334,1.0080445299287029,false,0,NaN
962,F,0.9950667164882816,1.0001719552297674,false,0,NaN
963,F,0.9950654430026263,1.0002104946689476,false,0,NaN
964,F,0.9950646136555233,0.9949033131678229,true,0,NaN
965,F,0.9999767314273934,NaN,false,-300,NaN
966,F,0.9975206725414584,1.8329639701424423,false,0,NaN
967,F,0.9962926430984909,1.3042987843022715,false,0,NaN
968,F,0.9956786283770072,1.1122878511857108,false,0,NaN
969,F,0.9950793273451782,1.0056101410660863,false,0,NaN
970,F,0.9950767407940616,1.0273322781985628,false,0,NaN
971,F,0.9950719704996197,1.0022287038736217,false,0,NaN
972,F,0.9950702008356554,1.0080423725164307,false,0,NaN
973,F,0.9950682920768403,1.0022311747625277,false,0,NaN
974,F,0.9950664528654507,0.9977350035997858,true,0,NaN
975,F,0.9950655332597559,0.9949034090518896,true,0,NaN
976,F,0.9954521628986698,1.0775249951469783,false,0,NaN
977,F,0.9948649160349793,0.9831706247954609,true,0,NaN
978,F,0.9952588480792128,1.0554817936890726,false,0,NaN
979,F,0.9951621906694843,1.0264399939850004,false,0,NaN
980,F,0.9951138619646201,1.0191339876759065,false,0,NaN
981,F,0.9950719673758138,1.0022203800158902,false,0,NaN
982,F,0.9950701645096144,1.0079655147675868,false,0,NaN
983,F,0.9950687503049824,1.0022266465117031,false,0,NaN
984,F,0.9950671417695642,1.0022228665816022,false,0,NaN
985,F,0.9950663375018501,0.996216938779652,true,0,NaN
986,F,0.9954983666838486,1.0766388494286427,false,0,NaN
987,F,0.9949934074623479,0.99807762390504,true,0,NaN
988,F,0.9952823520928493,1.0526811990480323,false,0,NaN
989,F,0.9951743447973498,1.0214728571655642,false,0,NaN
990,F,0.9951203411495999,1.0133095284639981,false,0,NaN
991,F,0.9950720520422619,0.9963383367555892,true,0,NaN
992,F,0.9954488410033836,1.069287500507433,false,0,NaN
993,F,0.9949941021071321,0.9985381063095451,true,0,NaN
994,F,0.996162888210255,1.2541624765739523,false,0,NaN
995,F,0.9957058221076479,1.2293307439675365,false,0,NaN
996,F,0.9955784951586936,1.1140554537945693,false,0,NaN
997,F,0.9952862986329128,1.0349926090753927,false,0,NaN
998,F,0.9951402003700225,1.01596285085104,false,0,NaN
999,F,0.996162888210255,1.2541624765739483,false,0,NaN
1000,F,0.9961628133122913,1.2343521434922315,false,0,NaN
1001,F,0.9955786751218618,1.1141218637226835,false,0,NaN
1002,F,0.9955786412584791,1.1135181190320516,false,0,NaN
1003,F,0.9952865683789143,1.0350518830167847,false,0,NaN
1004,F,0.9952865576863675,1.0360731970056716,false,0,NaN
1005,F,0.9951405146099361,1.0129122729336113,false,0,NaN
1006,F,0.9951405104021338,1.0131978252904679,false,0,NaN
1007,F,0.9950674869304196,1.0098573918850853,false,0,NaN
1008,F,0.9950674836148532,1.0100427361039537,false,0,NaN
1009,F,0.9950309715004547,1.0065429702710207,false,0,NaN
1010,F,0.9950309691549848,1.0066256206845448,false,0,NaN
1011,F,0.9950127106038466,1.0015226054553015,false,0,NaN
1012,F,0.995012709729569,1.001458297121225,false,0,NaN
1013,F,0.9949989925475996,0.9985744598941149,true,0,NaN
1014,F,0.9963521934458879,1.2931412659113377,false,0,NaN
1015,F,0.9958257132143832,1.1859021125393472,false,0,NaN
1016,F,0.9950126611573842,1.0015326641716535,false,0,NaN
1017,F,0.9950058268524918,0.9985804725753821,true,0,NaN
1018,F,0.9976524030702408,1.8663433084610217,false,0,NaN
1019,F,0.9968055405814807,1.6951053203984565,false,0,NaN
1020,F,0.9963291149613663,1.2871837563531066,false,0,NaN
1021,F,0.9956674709069291,1.1286011077127691,false,0,NaN
1022,F,0.9953366488797104,1.0349874236586751,false,0,NaN
1023,F,0.9950413792018278,1.0135950102625557,false,0,NaN
1024,F,0.995041361273473,1.0066267618237101,false,0,NaN
1025,F,0.9950236030051111,1.0076897427118134,false,0,NaN
1026,F,0.9950235921108844,1.0014871755632406,false,0,NaN
1027,F,0.9950147149065106,1.0016407014955688,false,0,NaN
1028,F,0.99501471121767,1.0013572407808669,false,0,NaN
1029,F,0.9950102708567261,1.0015050289167529,false,0,NaN
1030,F,0.9950102673294935,1.0014553499550978,false,0,NaN
1031,F,0.9950080488308655,1.0014886495289197,false,0,NaN
1032,F,0.9950080453231432,1.00150732130479,false,0,NaN
1033,F,0.9950069378159982,1.00148905170645,false,0,NaN
1034,F,0.995006934307797,1.0006145868566383,false,0,NaN
1035,F,0.9950063823046909,1.0001351530570237,false,0,NaN
1036,F,0.9950063804092018,0.9985302083639103,true,0,NaN
1037,F,0.9950101829923212,0.9985916338184403,true,0,NaN
1038,F,0.9950245260754683,1.0030141472276553,false,0,NaN
1039,F,0.9950102078500539,0.9985941657452245,true,0,NaN
1040,F,0.9950235313996684,1.0030132963990637,false,0,NaN
1041,F,0.9950168696248611,0.9993281824963076,true,0,NaN
1042,F,0.9956991565434063,1.0909282426991058,false,0,NaN
1043,F,0.9952897724185461,1.002527351144982,false,0,NaN
1044,F,0.9953580130841337,1.0388308972559728,false,0,NaN
1045,F,0.9951874413544974,1.0135103782673913,false,0,NaN
1046,F,0.9951021554896793,1.008836959175704,false,0,NaN
1047,F,0.9956909715001512,1.0906227502903083,false,0,NaN
1048,F,0.9956411135829646,1.1053196367094482,false,0,NaN
1049,F,0.995353865401734,1.0325504711227464,false,0,NaN
1050,F,0.9953357533528964,1.0593190100780825,false,0,NaN
1051,F,0.9951853123512455,1.0134437135615708,false,0,NaN
1052,F,0.9951776111397287,1.0279832098850554,false,0,NaN
1053,F,0.9951010358234413,1.0081090443702956,false,0,NaN
1054,F,0.9950962193423154,1.019103640082554,false,0,NaN
1055,F,0.9950588975544196,0.999539289574259,true,0,NaN
1056,F,0.9958871403154693,1.1144170996074987,false,0,NaN
1057,F,0.9951837582464094,0.9780821583259056,true,0,NaN
1058,F,0.9999776034184382,NaN,false,-300,NaN
1059,F,0.9975806808324238,1.69011256951348,false,0,NaN
1060,F,0.9963822195394166,1.1298387361323257,false,0,NaN
1061,F,0.995782988892913,1.0380098077361821,false,0,NaN
1062,F,0.9999776034184382,NaN,false,-300,NaN
1063,F,0.9975806859442766,1.6887983668898512,false,0,NaN
1064,F,0.9974422392662372,1.8901752410692862,false,0,NaN
1065,F,0.9963822262262615,1.129543145597755,false,0,NaN
1066,F,0.9963530475170824,1.226742944834582,false,0,NaN
1067,F,0.995782996367219,1.0378772435425145,false,0,NaN
1068,F,0.9957715366641924,1.0660700660746403,false,0,NaN
1069,F,0.9954833814376278,0.9924817567498222,true,0,NaN
1070,F,0.9999803605920236,NaN,false,-300,NaN
1071,F,0.9977318710148257,1.7449709866318597,false,0,NaN
1072,F,0.9966076262262268,1.2038152783343616,false,0,NaN
1073,F,0.9960455038319272,1.0718251742356641,false,0,NaN
1074,F,0.9974847339567758,1.5939351122486443,false,0,NaN
1075,F,0.9973945702076384,1.7197133932060216,false,0,NaN
1076,F,0.9964840618167132,1.1726702308530785,false,0,NaN
1077,F,0.9964570944962378,1.264725217186627,false,0,NaN
1078,F,0.9959837257466367,1.0703717414087273,false,0,NaN
1079,F,0.995972076148093,1.0505547113314089,false,0,NaN
1080,F,0.9957335577115082,1.027677927737425,false,0,NaN
1081,F,0.9957282962865848,1.052308250230935,false,0,NaN
1082,F,0.9956084736937634,1.0011366087136722,false,0,NaN
1083,F,0.9956071869750881,1.0190314051498515,false,0,NaN
1084,F,0.9955459316845299,1.0027117790258901,false,0,NaN
1085,F,0.9955444012786,1.0225596230068505,false,0,NaN
1086,F,0.9955146606791909,1.0021634660860657,false,0,NaN
1087,F,0.9955132091892158,1.01834358301993,false,0,NaN
1088,F,0.9954912074201311,1.0020945101726415,false,0,NaN
1089,F,0.9954897636792557,1.0185048526103537,false,0,NaN
1090,F,0.9954843668339957,0.9924825140597887,true,0,NaN
1091,F,0.9999803692566885,NaN,false,-300,NaN
1092,F,0.997732368045342,1.7594188170345912,false,0,NaN
1093,F,0.9966083674396689,1.220574808838656,false,0,NaN
1094,F,0.9960463671368323,1.0762427916571005,false,0,NaN
1095,F,0.9954915517724443,1.0058348778007942,false,0,NaN
1096,F,0.9954894669459036,1.018140778475176,false,0,NaN
1097,F,0.9954882220793662,1.0058271571262134,false,0,NaN
1098,F,0.9954864699120827,0.9982373937688974,true,0,NaN
1099,F,0.9961057459347002,1.116773513875382,false,0,NaN
1100,F,0.9954840558515929,0.9902000025016233,true,0,NaN
1101,F,0.9957961079233915,1.052854805952259,false,0,NaN
1102,F,0.9956412889177371,1.0237636142922257,false,0,NaN
1103,F,0.9955638794149099,1.0096852281434878,false,0,NaN
1104,F,0.9955016043047634,0.9991210978763313,true,0,NaN
1105,F,0.9955409561730818,1.0006646775928467,false,0,NaN
1106,F,0.9959753097506654,1.0220797643478723,false,0,NaN
1107,F,0.9962373433039085,1.0628708734118193,false,0,NaN
1108,F,0.9960009803974945,1.004822450976313,false,0,NaN
1109,F,0.9959968962705292,1.0047207945751682,false,0,NaN
1110,F,0.9959761378490941,1.0001693556498354,false,0,NaN
1111,F,0.995978971123676,0.9999415047622684,true,0,NaN
1112,F,0.9960309369738174,1.0162855618155584,false,0,NaN
1113,F,0.9959536059266717,1.0002401066618885,false,0,NaN
1114,F,0.9960049540487467,1.013362566806959,false,0,NaN
1115,F,0.9959919625862114,0.9990188046967328,true,0,NaN
1116,F,0.9960842661102194,1.0162511013108133,false,0,NaN
1117,F,0.996182094718755,1.0525827489385566,false,0,NaN
1118,F,0.9960381143482153,1.0148739821781412,false,0,NaN
1119,F,0.9960150384672134,1.0144943751987012,false,0,NaN
1120,F,0.9960035005267124,1.0150448710724627,false,0,NaN
1121,F,0.9960393143867718,1.0148723225437892,false,0,NaN
1122,F,0.9960383828804082,1.0174638543069983,false,0,NaN
1123,F,0.9960156402818137,1.014495696430468,false,0,NaN
1124,F,0.9960147172860693,1.0119407728007483,false,0,NaN
1125,F,0.9960038032293345,1.0150424071332123,false,0,NaN
1126,F,0.9960028399752261,1.011881871889591,false,0,NaN
1127,F,0.9959978847030947,1.0088211534911857,false,0,NaN
1128,F,0.9959972946389325,1.0181585764399443,false,0,NaN
1129,F,0.9959949254399743,0.9989856754869858,true,0,NaN
1130,F,0.9961180329884671,1.0201531756672229,false,0,NaN
1131,F,0.9961130530922162,1.0077744914128348,false,0,NaN
1132,F,0.9960564792142207,1.0143227657575111,false,0,NaN
1133,F,0.9960257023270975,1.014300409652347,false,0,NaN
1134,F,0.9960103138835359,1.014279399515123,false,0,NaN
1135,F,0.9960195897788153,1.0143497226489,false,0,NaN
1136,F,0.996018673709765,1.0118927768109358,false,0,NaN
1137,F,0.9960072593408046,1.0150483806243393,false,0,NaN
1138,F,0.9960062945722695,1.0117329824680215,false,0,NaN
1139,F,0.9960010941217989,1.0149785919996486,false,0,NaN
1140,F,0.9960001303452728,1.0117850297607953,false,0,NaN
1141,F,0.9959980115122954,1.0088450610104265,false,0,NaN
1142,F,0.9959974169830016,1.018057224797804,false,0,NaN
1143,F,0.9959964702075425,1.0054261262588218,false,0,NaN
1144,F,0.9959960815956148,1.0215992138126764,false,0,NaN
1145,F,0.9959956995551634,0.9989936587601026,true,0,NaN
1146,F,0.9960176884921186,1.018758055677806,false,0,NaN
1147,F,0.9959342938286011,1.0006063460002137,false,0,NaN
1148,F,0.9960066940236411,1.0177573528558528,false,0,NaN
1149,F,0.9960011967894022,1.00993255832485,false,0,NaN
1150,F,0.9959984481722828,1.0098431405561776,false,0,NaN
1151,F,0.9959966982021223,1.00016161947174,false,0,NaN
1152,F,0.9960088676512435,1.0089608289801284,false,0,NaN
1153,F,0.9959685431142701,1.000055454380019,false,0,NaN
1154,F,0.9959754827713697,1.0017041759744618,false,0,NaN
1155,F,0.9959696654349895,1.0016469115444306,false,0,NaN
1156,F,0.9959624951439371,1.0000374891302537,false,0,NaN
1157,F,0.9959637023485391,0.9984439166718041,true,0,NaN
1158,F,0.9960137160490466,1.0184423228933381,false,0,NaN
1159,F,0.9959887091987929,1.0010659899926106,false,0,NaN
1160,F,0.9959762057736661,0.9987956562738884,true,0,NaN
1161,F,0.9959900943778415,0.9989436342738615,true,0,NaN
1162,F,0.9959946962497148,0.9997850059620108,true,0,NaN
1163,F,0.9999799734812486,NaN,false,-300,NaN
1164,F,0.9979873362900671,1.8248727022636753,false,0,NaN
1165,F,0.9978852529065991,2.075578438299484,false,0,NaN
1166,F,0.9969910173177516,1.2564214470370316,false,0,NaN
1167,F,0.9969592651580467,1.2210531379660314,false,0,NaN
1168,F,0.9964928578315577,1.1027282289762184,false,0,NaN
1169,F,0.9964801212550595,1.073740698800719,false,0,NaN
1170,F,0.9962437780883883,1.0427115453796063,false,0,NaN
1171,F,0.9962384670330496,1.0225379231682477,false,0,NaN
1172,F,0.9961192382166585,1.0263170518620859,false,0,NaN
1173,F,0.9961159555582934,1.0190344175813688,false,0,NaN
1174,F,0.9960569682805036,1.0087598362166796,false,0,NaN
1175,F,0.996055857876057,1.0235869379299363,false,0,NaN
1176,F,0.9960102658263572,1.0007161566904115,false,0,NaN
1177,F,0.9968590639415974,1.2973083622887032,false,0,NaN
1178,F,0.9952518837408465,1.8817460774002124,false,0,NaN
1179,F,0.9964346648839773,1.1300508663072342,false,0,NaN
1180,F,0.9962224653551672,1.0570821281864955,false,0,NaN
1181,F,0.9961163655907622,1.0261001825792555,false,0,NaN
1182,F,0.996010152925848,1.0095001380998538,false,0,NaN
1183,F,0.9960095662516185,1.0134340520624385,false,0,NaN
1184,F,0.9960101416947288,1.0095006491578056,false,0,NaN
1185,F,0.9960095550158605,1.0131856259566396,false,0,NaN
1186,F,0.9960101360420932,1.009500905053374,false,0,NaN
1187,F,0.9960101331370325,1.009501036232997,false,0,NaN
1188,F,0.9960101314721665,1.0095011113107948,false,0,NaN
1189,F,0.9960101776555278,0.9999919054479317,true,0,NaN
1190,F,0.9960101640628444,1.0000659937363503,false,0,NaN
1191,F,0.9960101983969241,0.9999881293672201,true,0,NaN
1192,F,0.9960125660302122,1.001682184627343,false,0,NaN
1193,F,0.9960113822135681,1.0001200930776095,false,0,NaN
1194,F,0.9960419770584303,1.0192519096864694,false,0,NaN
1195,F,0.9960266796359992,1.001061879827506,false,0,NaN
1196,F,0.9960678267197822,1.0067525855004364,false,0,NaN
1197,F,0.9960296132964319,1.0026604906452268,false,0,NaN
1198,F,0.9960472531778907,1.0050793431157534,false,0,NaN
1199,F,0.996036966406945,1.0066816114334727,false,0,NaN
1200,F,0.9960318230214721,1.0011924971783825,false,0,NaN
1201,F,0.9960480045352675,1.003094148695819,false,0,NaN
1202,F,0.996031808175547,1.0022026550352934,false,0,NaN
1203,F,0.9960399137783698,1.0031809939152994,false,0,NaN
1204,F,0.996035868399921,1.0060877430767992,false,0,NaN
1205,F,0.9960338457106965,1.0061828712724414,false,0,NaN
1206,F,0.9960337526517441,1.0064337760272144,false,0,NaN
1207,F,0.9960337412335174,1.0071994274006544,false,0,NaN
1208,F,0.996032721748085,1.0064834683379296,false,0,NaN
1209,F,0.9960327102323685,1.0072538587262136,false,0,NaN
1210,F,0.9960322062956423,1.0065627612086252,false,0,NaN
1211,F,0.9960321946351017,1.0021487129289732,false,0,NaN
1212,F,0.9960319485681945,1.0065952723957925,false,0,NaN
1213,F,0.9960319368478332,1.0022037711845602,false,0,NaN
1214,F,0.9960318197020179,1.0024094911345873,false,0,NaN
1215,F,0.9960318153668559,1.0017230243457924,false,0,NaN
1216,F,0.9960317552640231,1.0015360354655218,false,0,NaN
1217,F,0.9960317524695891,1.0016255475540055,false,0,NaN
1218,F,0.9960317230352063,1.0014710638968487,false,0,NaN
1219,F,0.9960317203551177,1.001620157363669,false,0,NaN
1220,F,0.9960316987942472,1.0014556852378438,false,0,NaN
1221,F,0.996031696141066,1.0016200566340507,false,0,NaN
1222,F,0.9960317213575739,1.0013880523072056,false,0,NaN
1223,F,0.9960318191030358,1.0011093957335326,false,0,NaN
1224,F,0.996047299851445,1.002891520529917,false,0,NaN
1225,F,0.996031927337288,1.000747759873298,false,0,NaN
1226,F,0.9961753128008318,1.0249990208281812,false,0,NaN
1227,F,0.99610362006906,1.0250831138076717,false,0,NaN
1228,F,0.9960677737031739,1.0169082314356972,false,0,NaN
1229,F,0.996049850520231,1.0006520371627785,false,0,NaN
1230,F,0.9999852057716215,NaN,false,-300,NaN
1231,F,0.9980175281459263,1.8392566720843984,false,0,NaN
1232,F,0.9970336893330786,1.247124367764425,false,0,NaN
1233,F,0.9965417699266548,1.0974857377650094,false,0,NaN
1234,F,0.996298338827698,1.068756711254921,false,0,NaN
1235,F,0.9962889907913608,1.0546795569034741,false,0,NaN
1236,F,0.9961740442707787,1.0239726775274227,false,0,NaN
1237,F,0.9961707849724718,1.0359614323950719,false,0,NaN
1238,F,0.9961118966745582,1.0245636765032222,false,0,NaN
1239,F,0.9961085570258326,1.0122378917420742,false,0,NaN
1240,F,0.9960808222408979,1.0164102269844018,false,0,NaN
1241,F,0.9960785911171746,1.0196284766661745,false,0,NaN
1242,F,0.9960652837527401,1.0164501455814545,false,0,NaN
1243,F,0.9960630472018935,1.0114641342283026,false,0,NaN
1244,F,0.9960575119641837,1.0031807808249438,false,0,NaN
1245,F,0.9960570794865538,1.0056589317663116,false,0,NaN
1246,F,0.9960536209663196,1.0001883346380316,false,0,NaN
1247,F,0.9960804067229986,1.0240645627535054,false,0,NaN
1248,F,0.9960803955582349,1.012376129101873,false,0,NaN
1249,F,0.9960669947782539,1.0200846461253394,false,0,NaN
1250,F,0.9960669854599595,1.0082042289851907,false,0,NaN
1251,F,0.996060288439945,1.0200396712659332,false,0,NaN
1252,F,0.9960602791425166,1.0094808823856676,false,0,NaN
1253,F,0.9960569345385679,1.0120622396800254,false,0,NaN
1254,F,0.9960569289422432,1.0096002794764716,false,0,NaN
1255,F,0.99605525612063,1.002897437252015,false,0,NaN
1256,F,0.9960552547762854,0.9995789524181896,true,0,NaN
1257,F,0.9995979002792713,11.70432690305942,false,0,NaN
1258,F,0.994195323114211,NaN,false,-300,NaN
1259,F,0.9978265775277784,1.8566344832193606,false,0,NaN
1260,F,0.9969409161520318,1.3018582876271478,false,0,NaN
1261,F,0.9964980854641586,1.1158182461863178,false,0,NaN
1262,F,0.9960552787750828,0.9995788220829788,true,0,NaN
1263,F,0.9960742403120979,1.0310065883408512,false,0,NaN
1264,F,0.9960704079864036,1.002620939461903,false,0,NaN
1265,F,0.9960647613521367,1.0224348823534455,false,0,NaN
1266,F,0.9960619742632204,1.0146338947955174,false,0,NaN
1267,F,0.9960600218210414,1.02247286769051,false,0,NaN
1268,F,0.9960576519532546,1.0210908986126417,false,0,NaN
1269,F,0.9960564668148058,1.0103549447651905,false,0,NaN
1270,F,0.9960558738358513,1.0000470147513643,false,0,NaN
1271,F,0.9960558167241941,1.0218798040272752,false,0,NaN
1272,F,0.9960555765042465,0.9996560913932241,true,0,NaN
1273,F,0.9960555670618578,1.002660427320917,false,0,NaN
1274,F,0.996055353192242,0.9995807795068106,true,0,NaN
1275,F,0.9960558478415147,0.9997489549911932,true,0,NaN
1276,F,0.9985155441646663,3.007273023971965,false,0,NaN
1277,F,0.9960378506490521,1.0170380191198247,false,0,NaN
1278,F,0.9972856960030905,1.5143227969322588,false,0,NaN
1279,F,0.9966707719223026,1.189107823343273,false,0,NaN
1280,F,0.9963633098819087,1.090245179509275,false,0,NaN
1281,F,0.9960562885692638,1.000355120283888,false,0,NaN
1282,F,0.9960560500386056,0.9995915921140087,true,0,NaN
1283,F,0.9997413760246279,35.93017212964638,false,0,NaN
1284,F,0.9978987130316167,1.9729651282752179,false,0,NaN
1285,F,0.9969773815351112,1.3146220664670243,false,0,NaN
1286,F,0.9965167157868584,1.134396294290282,false,0,NaN
1287,F,0.9960578076264606,1.0001143082931336,false,0,NaN
1288,F,0.9960576481620267,1.0119333574334959,false,0,NaN
1289,F,0.9960569268165518,0.9997257236619707,true,0,NaN
1290,F,0.9995240938305562,10.76403777936026,false,0,NaN
1291,F,0.997790510323554,1.9262119336517614,false,0,NaN
1292,F,0.9969237185700529,1.2571257347045497,false,0,NaN
1293,F,0.9964903226933023,1.1108721927976377,false,0,NaN
1294,F,0.9960579713800572,0.999595881573486,true,0,NaN
1295,F,0.9960672977478632,1.0250937790182855,false,0,NaN
1296,F,0.9960642009364552,1.0080305880525176,false,0,NaN
1297,F,0.9960626335208641,1.0323187743370537,false,0,NaN
1298,F,0.9960603014004321,1.027769186922631,false,0,NaN
1299,F,0.9960591353263506,1.020854117841872,false,0,NaN
1300,F,0.9960585522615761,1.0216909336156292,false,0,NaN
1301,F,0.9960582606736982,1.0221332739408415,false,0,NaN
1302,F,0.9960581147685929,1.01354487623919,false,0,NaN
1303,F,0.9960580045439661,0.9996677091783237,true,0,NaN
1304,F,0.996057974112475,0.9995893064128462,true,0,NaN
1305,F,0.9960580150834301,0.9995844315168972,true,0,NaN
1306,F,0.9983332375763743,2.2361457947132752,false,0,NaN
1307,F,0.9951509922688856,NaN,false,-300,NaN
1308,F,0.9971956263299022,1.4191170180124093,false,0,NaN
1309,F,0.9966268207066661,1.1812812780665718,false,0,NaN
1310,F,0.9963424178950481,1.0942994315771766,false,0,NaN
1311,F,0.9962002164892391,1.0466766436304369,false,0,NaN
1312,F,0.9961291157863346,1.0222268482221013,false,0,NaN
1313,F,0.9960935654348824,1.0147658046301,false,0,NaN
1314,F,0.9960757902591562,1.015314031335802,false,0,NaN
1315,F,0.9960669026712932,1.0077308906279434,false,0,NaN
1316,F,0.9960624588773616,1.0078046478243472,false,0,NaN
1317,F,0.9960602369803958,0.9995225992071811,true,0,NaN
1318,F,0.9999851185191088,NaN,false,-300,NaN
1319,F,0.9980226777497523,1.9447640710138947,false,0,NaN
1320,F,0.9970414573650741,1.337622321542775,false,0,NaN
1321,F,0.9965508471727349,1.1488372440580132,false,0,NaN
1322,F,0.9960727143802082,1.0391876364877348,false,0,NaN
1323,F,0.9960682576798621,0.9998229020231287,true,0,NaN
1324,F,0.9999851790498497,NaN,false,-300,NaN
1325,F,0.9980267183648559,2.026250678701836,false,0,NaN
1326,F,0.997047488022359,1.3389726535849151,false,0,NaN
1327,F,0.9965578728511105,1.1492444552590708,false,0,NaN
1328,F,0.9961103014969106,1.0074328636645449,false,0,NaN
1329,F,0.9961098045554414,1.020992433594234,false,0,NaN
1330,F,0.9960922344605773,1.0066707942440614,false,0,NaN
1331,F,0.9960917932961715,1.0074632625829048,false,0,NaN
1332,F,0.9960832007536518,1.0068385864897615,false,0,NaN
1333,F,0.9960827551049984,0.9991588652718799,true,0,NaN
1334,F,0.9883593637377629,NaN,false,-300,NaN
1335,F,0.9922210594213807,NaN,false,-300,NaN
1336,F,0.9941519072631896,NaN,false,-300,NaN
1337,F,0.995117331184094,4.7045670506656965,false,0,NaN
1338,F,0.9970962137521578,1.3497238589742233,false,0,NaN
1339,F,0.9970755788916889,1.4968544328259474,false,0,NaN
1340,F,0.9970962783445793,1.3505857694259644,false,0,NaN
1341,F,0.9970756201071128,1.4969991340095061,false,0,NaN
1342,F,0.9970827110044841,1.3514216653458366,false,0,NaN
1343,F,0.9970620252643589,1.4649855536410694,false,0,NaN
1344,F,0.9965827330547413,1.1727156879117397,false,0,NaN
1345,F,0.9965725413679503,1.1967264865376028,false,0,NaN
1346,F,0.9963327440798698,1.0683618572551472,false,0,NaN
1347,F,0.996328680292997,1.0884359449064802,false,0,NaN
1348,F,0.9962077495924342,1.0220039073255467,false,0,NaN
1349,F,0.9962064080566351,1.0427562917972857,false,0,NaN
1350,F,0.9961452523487163,1.015227994091823,false,0,NaN
1351,F,0.9961443087246311,1.0124495489936147,false,0,NaN
1352,F,0.9960983794159279,0.9991587760640478,true,0,NaN
1353,F,0.9999854052715166,NaN,false,-300,NaN
1354,F,0.9980418923437223,1.9377914534191303,false,0,NaN
1355,F,0.9970701358798251,1.3370043828835703,false,0,NaN
1356,F,0.9965842576478765,1.1728122095378355,false,0,NaN
1357,F,0.9962073519494868,1.0220048177873866,false,0,NaN
1358,F,0.996206020407805,1.0427462052697603,false,0,NaN
1359,F,0.9961528656827074,1.022178682783983,false,0,NaN
1360,F,0.9961515240075988,1.0197201038040515,false,0,NaN
1361,F,0.9961256225493177,1.0074876411136864,false,0,NaN
1362,F,0.9961251371159479,1.0134521029568782,false,0,NaN
1363,F,0.9961120009826228,1.007555297384247,false,0,NaN
1364,F,0.9961115116060231,1.0066546918953416,false,0,NaN
1365,F,0.9961051901992753,0.9992416558464016,true,0,NaN
1366,F,0.9999854561810156,NaN,false,-300,NaN
1367,F,0.9980453231901455,2.1189920580669357,false,0,NaN
1368,F,0.9970752566947104,1.3045195209262694,false,0,NaN
1369,F,0.9965902234469929,1.1583153509505122,false,0,NaN
1370,F,0.9961527219247397,1.0215736886061522,false,0,NaN
1371,F,0.996151324958875,1.0194723327898658,false,0,NaN
1372,F,0.9961289534477719,1.0073733434407308,false,0,NaN
1373,F,0.9961284414908259,1.013176516992822,false,0,NaN
1374,F,0.9961170691777124,1.0074479815609045,false,0,NaN
1375,F,0.9961165525690879,1.0131806413215823,false,0,NaN
1376,F,0.9961111269795296,1.0074585516239822,false,0,NaN
1377,F,0.9961106097121455,1.0063770272614465,false,0,NaN
1378,F,0.9961081557541209,1.0074638200583008,false,0,NaN
1379,F,0.9961076381583912,1.006358067348489,false,0,NaN
1380,F,0.9961066698886877,1.0074641044655681,false,0,NaN
1381,F,0.9961059264497596,1.0010043854510142,false,0,NaN
1382,F,0.9961058114257415,1.0055322215575806,false,0,NaN
1383,F,0.9961053652555918,0.999178724117082,true,0,NaN
1384,F,0.9999854574883607,NaN,false,-300,NaN
1385,F,0.9980454113719762,1.8450863454738888,false,0,NaN
1386,F,0.9970753883137841,1.3467049365548294,false,0,NaN
1387,F,0.9965903767846879,1.1510925339145561,false,0,NaN
1388,F,0.9961057112328268,0.9991588118746533,true,0,NaN
1389,F,0.9989808540750996,4.023998175458941,false,0,NaN
1390,F,0.9975432826539632,1.5607111565964171,false,0,NaN
1391,F,0.9968244969433949,1.222111792569191,false,0,NaN
1392,F,0.9964651040881108,1.1152208303110691,false,0,NaN
1393,F,0.9961079525087895,0.9991600450230042,true,0,NaN
1394,F,0.9961259146155754,0.9991668343781586,true,0,NaN
1395,F,0.9961772116075741,1.0411943169972129,false,0,NaN
1396,F,0.9961747865372177,1.0294023077459946,false,0,NaN
1397,F,0.9961515628875985,1.0415646228600448,false,0,NaN
1398,F,0.9961491164592069,1.0174945453294537,false,0,NaN
1399,F,0.9961387385275717,1.0442253468714817,false,0,NaN
1400,F,0.9961361386017354,1.0085637054973577,false,0,NaN
1401,F,0.9961323263474804,1.0220703270312193,false,0,NaN
1402,F,0.9961310045705137,1.0275394486464942,false,0,NaN
1403,F,0.9961291202572787,1.020574492051114,false,0,NaN
1404,F,0.9961278847773475,1.0069258525404026,false,0,NaN
1405,F,0.9961275172118662,1.0074601573974924,false,0,NaN
1406,F,0.9961270383127035,1.0133607224446899,false,0,NaN
1407,F,0.9961267156885363,1.0074642075161782,false,0,NaN
1408,F,0.9961261145416737,1.0074671857938826,false,0,NaN
1409,F,0.9961259391620093,0.9991600509452726,true,0,NaN
1410,F,0.996138154800794,1.0082382892930655,false,0,NaN
1411,F,0.9961320469814017,1.0078530435547794,false,0,NaN
1412,F,0.9961289930717055,1.007660453977964,false,0,NaN
1413,F,0.9961274661168574,1.0033958846775408,false,0,NaN
1414,F,0.9961260010071737,0.9991592987908476,true,0,NaN
1415,F,0.9961591873311776,1.008161536100455,false,0,NaN
1416,F,0.996148025976859,1.0000383573322251,false,0,NaN
1417,F,0.996248844759308,1.0126119992674476,false,0,NaN
1418,F,0.996368559110169,1.0844707046097843,false,0,NaN
1419,F,0.9963087019347385,1.0579598640620196,false,0,NaN
1420,F,0.9962787733470232,1.0477244111433026,false,0,NaN
1421,F,0.9962638090531656,1.041666111198718,false,0,NaN
1422,F,0.996390399359026,1.0919329540942226,false,0,NaN
1423,F,0.9963845045268073,1.1194705866015722,false,0,NaN
1424,F,0.9963181158573505,1.073457286792813,false,0,NaN
1425,F,0.9963134057023405,1.130801228436797,false,0,NaN
1426,F,0.9962814824774507,1.0511049632358989,false,0,NaN
1427,F,0.996262046412651,1.0511037003194788,false,0,NaN
1428,F,0.9962469002590671,1.0529106509180106,false,0,NaN
1429,F,0.9962479018912392,1.0438707559102371,false,0,NaN
1430,F,0.9962483735875702,1.029461871072554,false,0,NaN
1431,F,0.9962487273599243,1.0201478380950846,false,0,NaN
1432,F,0.9962488305445977,1.0125027785400151,false,0,NaN
1433,F,0.9961926297770988,1.0085292559149293,false,0,NaN
1434,F,0.9961564758476266,1.000090118660359,false,0,NaN
1435,F,0.9973542226485235,1.4493104984165779,false,0,NaN
1436,F,0.9954740006780578,0.9447649866739185,true,0,NaN
1437,F,0.995678702668975,0.9850610019330764,true,0,NaN
1438,F,0.999981562638282,NaN,false,-300,NaN
1439,F,0.9978301326536284,1.9566935091582405,false,0,NaN
1440,F,0.9967544176613017,1.36835110055187,false,0,NaN
1441,F,0.9962165601651384,1.1375227063713869,false,0,NaN
1442,F,0.9978887314187855,1.987759582862706,false,0,NaN
1443,F,0.9978041481178203,2.626587150006258,false,0,NaN
1444,F,0.9967837170438802,1.3669012631075455,false,0,NaN
1445,F,0.9967515065755648,1.4353671539020447,false,0,NaN
1446,F,0.9962312098564275,1.1365688063103143,false,0,NaN
1447,F,0.9962184292483882,1.1868481555274233,false,0,NaN
1448,F,0.9959549562627013,1.0229597244324768,false,0,NaN
1449,F,0.9959517592317312,1.0666750851794873,false,0,NaN
1450,F,0.9958168294658382,1.0173693302481144,false,0,NaN
1451,F,0.9958141040549097,1.0231351531637296,false,0,NaN
1452,F,0.9957477660674066,1.0035718101087208,false,0,NaN
1453,F,0.9957462045672756,0.9980637932511018,true,0,NaN
1454,F,0.9958844097226203,1.0239191505194076,false,0,NaN
1455,F,0.9958823852153615,1.053984390492569,false,0,NaN
1456,F,0.9958153071449479,1.00386685804086,false,0,NaN
1457,F,0.9958148527562285,0.9981603672419369,true,0,NaN
1458,F,0.9998357873540393,NaN,false,-300,NaN
1459,F,0.9978253200551339,1.96037773639476,false,0,NaN
1460,F,0.9968200864056812,1.3856129940600135,false,0,NaN
1461,F,0.9963174695809549,1.184058180070469,false,0,NaN
1462,F,0.9962914697163285,1.1645349470025137,false,0,NaN
1463,F,0.9962784504147861,1.1892759160860356,false,0,NaN
1464,F,0.9960531574526057,1.0904663779572366,false,0,NaN
1465,F,0.996045930871475,1.1577120637001896,false,0,NaN
1466,F,0.9959340013147167,1.0757508737617387,false,0,NaN
1467,F,0.9959279255969115,1.0894506995220685,false,0,NaN
1468,F,0.9958744232337171,1.0386040420200247,false,0,NaN
1469,F,0.9958712526781796,1.0587348318517324,false,0,NaN
1470,F,0.9958446341691073,1.017551859878679,false,0,NaN
1471,F,0.9958431100529129,1.0535544541139554,false,0,NaN
1472,F,0.9958297395885818,1.0031196229559645,false,0,NaN
1473,F,0.9958293441821127,1.0123280176407397,false,0,NaN
1474,F,0.9958222922018751,0.9980638061489584,true,0,NaN
1475,F,0.999982817295361,NaN,false,-300,NaN
1476,F,0.9979025547486181,2.1313253616854206,false,0,NaN
1477,F,0.9968624234752466,1.3743706101315825,false,0,NaN
1478,F,0.9963423578385608,1.2166744172355073,false,0,NaN
1479,F,0.9958743318042521,1.0386019016259382,false,0,NaN
1480,F,0.995871170834664,1.0587123194530625,false,0,NaN
1481,F,0.9958483120013277,1.017550016501501,false,0,NaN
1482,F,0.995846792556701,1.0535421207469273,false,0,NaN
1483,F,0.9958353020998656,1.0031192859348037,false,0,NaN
1484,F,0.9958349078943524,1.0268356802954215,false,0,NaN
1485,F,0.9958287971491344,1.003118439893175,false,0,NaN
1486,F,0.9958284030095839,1.0123267610474889,false,0,NaN
1487,F,0.9958255446737688,0.9980637631465611,true,0,NaN
1488,F,0.9959135223366959,NaN,false,-300,NaN
1489,F,0.9958695335052323,NaN,false,-300,NaN
1490,F,0.9958475390895006,NaN,false,-300,NaN
1491,F,0.9958365418816347,NaN,false,-300,NaN
1492,F,0.9958482943600416,1.0175499586018608,false,0,NaN
1493,F,0.9958467770748206,1.053539785919242,false,0,NaN
1494,F,0.9958369195168479,1.004553678026936,false,0,NaN
1495,F,0.9958364141814556,1.0316205313129054,false,0,NaN
1496,F,0.995831232095251,1.0031194222270765,false,0,NaN
1497,F,0.9958308384382202,1.0123257284355094,false,0,NaN
1498,F,0.9958283883844526,1.0028751173056607,false,0,NaN
1499,F,0.9958280137505038,1.0125765666884823,false,0,NaN
1500,F,0.9958269665290534,0.9980637600661337,true,0,NaN
1501,F,0.9999828557244014,NaN,false,-300,NaN
1502,F,0.9979049111267274,2.0451143594325663,false,0,NaN
1503,F,0.9968659388278904,1.4045174962546745,false,0,NaN
1504,F,0.9963464526784719,1.1986779793985085,false,0,NaN
1505,F,0.9958369162540347,1.0045266803966708,false,0,NaN
1506,F,0.9958364132836124,1.0316486729582384,false,0,NaN
1507,F,0.995831941391503,1.0031193497586588,false,0,NaN
1508,F,0.9958315479451827,1.0142609785408498,false,0,NaN
1509,F,0.9958294539602371,1.0031194723059529,false,0,NaN
1510,F,0.9958290605043764,1.0123244176975397,false,0,NaN
1511,F,0.9958282102446041,1.0008002444857955,false,0,NaN
1512,F,0.9958279972803427,1.0079255519819417,false,0,NaN
1513,F,0.9958275883867876,0.9980657136553186,true,0,NaN
1514,F,0.9964449434867407,1.2331419175964617,false,0,NaN
1515,F,0.9961362659367642,1.1665913070922982,false,0,NaN
1516,F,0.9959819271617759,1.0580326135522238,false,0,NaN
1517,F,0.9959047577742818,1.0434275825213586,false,0,NaN
1518,F,0.9958319306551139,1.0030022481919398,false,0,NaN
1519,F,0.995831428593724,1.02611942316604,false,0,NaN
1520,F,0.9958297594212431,1.0030597751065373,false,0,NaN
1521,F,0.9958292515115397,1.026111540304587,false,0,NaN
1522,F,0.9958286738039569,1.0030865646289124,false,0,NaN
1523,F,0.9958281309946124,1.000144891904593,false,0,NaN
1524,F,0.9958278595885374,0.9981378200156349,true,0,NaN
1525,F,0.9963810867407512,1.1869241515384679,false,0,NaN
1526,F,0.9955208633833466,1.0042445635869226,false,0,NaN
1527,F,0.9961044731646442,1.0725532067747352,false,0,NaN
1528,F,0.9959661663765909,1.0372412872806862,false,0,NaN
1529,F,0.9958970129825641,1.0331882971755546,false,0,NaN
1530,F,0.9958280422696327,0.9980982119683144,true,0,NaN
1531,F,0.9963926342540176,1.1997800638035012,false,0,NaN
1532,F,0.995359051579038,0.972221088981625,true,0,NaN
1533,F,0.9961103382618252,1.0857148903599483,false,0,NaN
1534,F,0.9959691902657289,1.0407189756326893,false,0,NaN
1535,F,0.9958986162676808,1.0331440209915186,false,0,NaN
1536,F,0.9958284778739479,0.9981023368462469,true,0,NaN
1537,F,0.9963936087908077,1.1997858188114365,false,0,NaN
1538,F,0.995342861739045,0.9765914164671742,true,0,NaN
1539,F,0.9961110433323779,1.0857155935197333,false,0,NaN
1540,F,0.9959697606031629,1.0407208560781749,false,0,NaN
1541,F,0.9958991192385553,1.0331460144680518,false,0,NaN
1542,F,0.9958315218458138,1.0056618245237354,false,0,NaN
1543,F,0.9958315208571832,1.0048567444171326,false,0,NaN
1544,F,0.9958309533037956,1.005660406288598,false,0,NaN
1545,F,0.9958309523150954,1.004854390698856,false,0,NaN
1546,F,0.9958302244707739,1.005455527968632,false,0,NaN
1547,F,0.9958302235085799,0.9976590698083201,true,0,NaN
1548,F,0.99584346836899,1.0049938881386185,false,0,NaN
1549,F,0.9958178977528217,1.0021653926724001,false,0,NaN
1550,F,0.9958368459387849,0.9990807733641806,true,0,NaN
1551,F,0.9959369097056245,1.0296745867310242,false,0,NaN
1552,F,0.9957800485444259,0.9997210659014175,true,0,NaN
1553,F,0.9958868778222048,1.0059103683157942,false,0,NaN
1554,F,0.9958618618804947,1.0049518868447125,false,0,NaN
1555,F,0.9958493539096398,0.9992608244638389,true,0,NaN
1556,F,0.9958764048524393,1.0067121700082158,false,0,NaN
1557,F,0.9958409300059866,1.000074515376407,false,0,NaN
1558,F,0.9958628793810396,1.0019964688136322,false,0,NaN
1559,F,0.9958561166453397,1.000427973977331,false,0,NaN
1560,F,0.9958527352774897,0.9997437644350505,true,0,NaN
1561,F,0.9958614577818552,1.0066082793066329,false,0,NaN
1562,F,0.9958265010318532,1.000067641254753,false,0,NaN
1563,F,0.9958309362270801,1.0004224374246196,false,0,NaN
1564,F,0.9958363164052241,0.9998261364501102,true,0,NaN
1565,F,0.9959333657647932,1.0286281725671405,false,0,NaN
1566,F,0.9957835594429894,0.9989442966336718,true,0,NaN
1567,F,0.9958848410850086,1.0093267460923303,false,0,NaN
1568,F,0.9958605787451164,1.0001122612939617,false,0,NaN
1569,F,0.9960362008825208,1.088901125892906,false,0,NaN
1570,F,0.9958447978175297,1.1750034591716765,false,0,NaN
1571,F,0.9959483898138186,1.032774086507712,false,0,NaN
1572,F,0.9959044842794674,1.026530792108105,false,0,NaN
1573,F,0.9958825315122919,1.0078241474908385,false,0,NaN
1574,F,0.9959541003051654,1.0337640139461406,false,0,NaN
1575,F,0.995951540359322,1.101170819527094,false,0,NaN
1576,F,0.995907304279503,1.0266959944745202,false,0,NaN
1577,F,0.9959052767379162,1.0655443883039024,false,0,NaN
1578,F,0.9958839062656115,1.0121310950017401,false,0,NaN
1579,F,0.9958829796379284,1.049118364964494,false,0,NaN
1580,F,0.9958722072565452,1.0048422373062222,false,0,NaN
1581,F,0.9958718315707066,1.035544545650583,false,0,NaN
1582,F,0.9958663577477709,1.004859776355096,false,0,NaN
1583,F,0.9958659804302998,1.0281458369358183,false,0,NaN
1584,F,0.9958634329849014,1.0049624757848712,false,0,NaN
1585,F,0.9958630477439008,1.0280954889029572,false,0,NaN
1586,F,0.9958619705865017,1.0049159216663464,false,0,NaN
1587,F,0.9958615887921569,1.0281694350983366,false,0,NaN
1588,F,0.9958608736689069,1.004916117053587,false,0,NaN
1589,F,0.9958604918026865,1.0281610784228894,false,0,NaN
1590,F,0.995860552483884,1.0049228763600293,false,0,NaN
1591,F,0.9958605632151963,1.0000731947742871,false,0,NaN
1592,F,0.9959398186818471,1.0285273606760286,false,0,NaN
1593,F,0.9959349918932199,1.083165163545686,false,0,NaN
1594,F,0.9959001909485218,1.0155544590942287,false,0,NaN
1595,F,0.9958803770818591,1.0003770565368542,false,0,NaN
1596,F,0.9960368057817282,1.0887209781911256,false,0,NaN
1597,F,0.9955937521159859,0.9979651814275347,true,0,NaN
1598,F,0.9956202991260132,1.0113684202345663,false,0,NaN
1599,F,0.995579444171809,1.0028959423413035,false,0,NaN
1600,F,0.9956070256209996,0.9994376605601271,true,0,NaN
1601,F,0.9958394036739724,1.048452793871443,false,0,NaN
1602,F,0.9956735562246406,1.025300325392701,false,0,NaN
1603,F,0.9957232146474859,1.0201473208758178,false,0,NaN
1604,F,0.9956651201342428,1.0088517694496433,false,0,NaN
1605,F,0.9956360728776211,1.0037822669240142,false,0,NaN
1606,F,0.9957802083888482,1.0330787299249582,false,0,NaN
1607,F,0.9957801957607351,1.0327492851130264,false,0,NaN
1608,F,0.9956936175900214,1.0141607997429394,false,0,NaN
1609,F,0.9956936119888433,1.0140200242837865,false,0,NaN
1610,F,0.9956503221906046,1.006214181873142,false,0,NaN
1611,F,0.9956503195256351,1.0061483697395717,false,0,NaN
1612,F,0.9956286744908891,1.0025873870024142,false,0,NaN
1613,F,0.9956286731617605,1.002554832120763,false,0,NaN
1614,F,0.9956178506410174,1.0008598755089446,false,0,NaN
1615,F,0.9956178499470267,1.000842933075675,false,0,NaN
1616,F,0.9956124387160535,1.0000622349341768,false,0,NaN
1617,F,0.9956124383143958,1.0000518007645818,false,0,NaN
1618,F,0.9956097327535155,0.999649432075906,true,0,NaN
1619,F,0.9956146922129911,0.9999498426922774,true,0,NaN
1620,F,0.995628080686427,1.004730346519179,false,0,NaN
1621,F,0.9956025238950729,0.9981277085403029,true,0,NaN
1622,F,0.9956213864497091,1.0002431015993474,false,0,NaN
1623,F,0.9956200685118635,0.9999772315061269,true,0,NaN
1624,F,0.999680362015821,28.43617039290685,false,0,NaN
1625,F,0.9976502128397424,2.5402590331043466,false,0,NaN
1626,F,0.9975214264754386,2.05206455569566,false,0,NaN
1627,F,0.9966351382516718,1.3311605906780697,false,0,NaN
1628,F,0.9966074471206149,1.3952765136133474,false,0,NaN
1629,F,0.9961276009575737,1.2020031420452297,false,0,NaN
1630,F,0.9961107089491829,1.227584579905175,false,0,NaN
1631,F,0.995873832310399,1.1541432101913283,false,0,NaN
1632,F,0.9958609419703623,1.1034883190986928,false,0,NaN
1633,F,0.9957469479865607,1.0521455572111682,false,0,NaN
1634,F,0.9957425858822382,1.043706179217934,false,0,NaN
1635,F,0.9956835058241394,1.0470801182271647,false,0,NaN
1636,F,0.9956795672516962,1.0398187346519048,false,0,NaN
1637,F,0.9956359241988089,1.022484078142096,false,0,NaN
1638,F,0.9956340421523869,1.0490480354887333,false,0,NaN
1639,F,0.9956220461884349,1.0072653851666775,false,0,NaN
1640,F,0.9956201868867556,1.0019325573069122,false,0,NaN
1641,F,0.9956200707941155,0.9999751980792781,true,0,NaN
1642,F,0.9956200781507502,0.9999748335499797,true,0,NaN
1643,F,0.9956201359646216,0.9999769756010501,true,0,NaN
1644,F,0.9956202738160421,1.0000019992087141,false,0,NaN
1645,F,0.9956204736926608,1.0000067312417393,false,0,NaN
1646,F,0.9956207429459769,0.9999993096077407,true,0,NaN
1647,F,0.9956218671727272,0.9999990517326086,true,0,NaN
1648,F,0.9956249842543107,0.9999987469574392,true,0,NaN
1649,F,0.9956328090706343,1.0144497854187327,false,0,NaN
1650,F,0.9956288966624726,0.9999985311090258,true,0,NaN
1651,F,0.9956484828234654,1.033118376368118,false,0,NaN
1652,F,0.995638689742969,1.0144488024291995,false,0,NaN
1653,F,0.9956337932027208,1.0144495992978944,false,0,NaN
1654,F,0.9956313449325966,1.01442634828209,false,0,NaN
1655,F,0.9956367681567436,1.0144828467696367,false,0,NaN
1656,F,0.9956340349660651,1.0549491013925656,false,0,NaN
1657,F,0.9956328337037789,1.0144974657960593,false,0,NaN
1658,F,0.9956308650140979,1.0070451413703516,false,0,NaN
1659,F,0.9956298808017321,1.000013919561715,false,0,NaN
1660,F,0.9956490365181604,1.0223178424181283,false,0,NaN
1661,F,0.9956312992506542,1.0074708735997215,false,0,NaN
1662,F,0.9956305900261931,1.0070138906502941,false,0,NaN
1663,F,0.9956302354139627,1.0000176896663517,false,0,NaN
1664,F,0.9956304486866026,1.002650513292895,false,0,NaN
1665,F,0.9956303420502827,1.000111243439656,false,0,NaN
1666,F,0.9956302887321227,1.0000241520730924,false,0,NaN
1667,F,0.9956302620730426,1.0000172570034978,false,0,NaN
1668,F,0.9956306815335552,0.9999141169919016,true,0,NaN
1669,F,0.9956325641824675,0.9999590347135462,true,0,NaN
1670,F,0.9956604187292771,1.000107782090969,false,0,NaN
1671,F,0.9957616709937258,1.0203863439273944,false,0,NaN
1672,F,0.9956506438375742,0.999032516003209,true,0,NaN
1673,F,0.9956583838877885,0.9998577684421119,true,0,NaN
1674,F,0.9958728818399295,1.0791158111553343,false,0,NaN
1675,F,0.995765632863859,1.0221364231498369,false,0,NaN
1676,F,0.9957120083758237,1.0094591033169882,false,0,NaN
1677,F,0.9956851961318062,1.0064965778770718,false,0,NaN
1678,F,0.9958728818399295,1.0791158111553316,false,0,NaN
1679,F,0.995871703664424,1.0703962316351978,false,0,NaN
1680,F,0.9957656975300816,1.0221443890304438,false,0,NaN
1681,F,0.9957653665697815,1.017185079544543,false,0,NaN
1682,F,0.995712105374926,1.0094708076539123,false,0,NaN
1683,F,0.995711962671608,1.0051755299980187,false,0,NaN
1684,F,0.995685309296885,1.0064443737870397,false,0,NaN
1685,F,0.9956852114501036,1.0013394843852368,false,0,NaN
1686,F,0.9956719112569382,0.9998207106905859,true,0,NaN
1687,F,0.9957143928600721,1.004645483971442,false,0,NaN
1688,F,0.995711263899361,1.0027412077740752,false,0,NaN
1689,F,0.9956761120562806,0.9999294751054973,true,0,NaN
1690,F,0.9959447856744743,1.3115475384016249,false,0,NaN
1691,F,0.9948634934704809,NaN,false,-300,NaN
1692,F,0.9958104488653774,1.0653406878242646,false,0,NaN
1693,F,0.995743280460829,1.0134996391831326,false,0,NaN
1694,F,0.9957096962585548,1.0023333935743524,false,0,NaN
1695,F,0.9957263132167923,1.0064788750336273,false,0,NaN
1696,F,0.9957263126250945,1.005941722652722,false,0,NaN
1697,F,0.9957012129068601,1.0006226282679587,false,0,NaN
1698,F,0.9957016997678215,1.0003939298000701,false,0,NaN
1699,F,0.9957010257398307,1.0000418428055844,false,0,NaN
1700,F,0.9957028814428851,1.0005709714619824,false,0,NaN
1701,F,0.9956998085327192,0.999989370110311,true,0,NaN
1702,F,0.9957053620433168,1.0006983553654811,false,0,NaN
1703,F,0.995701608723477,0.9999900745591419,true,0,NaN
1704,F,0.9999814707446567,NaN,false,-300,NaN
1705,F,0.9978415548373829,1.8809052887806645,false,0,NaN
1706,F,0.9977943683108648,1.6453963835593721,false,0,NaN
1707,F,0.9967715932145476,1.2781044843233074,false,0,NaN
1708,F,0.9967566959205066,1.2243729162879844,false,0,NaN
1709,F,0.996236612402171,1.1239909960416319,false,0,NaN
1710,F,0.9962299702501507,1.0911608561952115,false,0,NaN
1711,F,0.9959691219940647,1.0583605425343339,false,0,NaN
1712,F,0.9959659953598659,1.053234906949438,false,0,NaN
1713,F,0.9958353767861756,1.031249537669688,false,0,NaN
1714,F,0.9958337023622796,1.0330792614612436,false,0,NaN
1715,F,0.9957685041745593,1.0188595349138607,false,0,NaN
1716,F,0.9957674934254235,1.01504549338866,false,0,NaN
1717,F,0.9957183496621439,1.0028339655252378,false,0,NaN
1718,F,0.9957181973281459,1.0040632481041947,false,0,NaN
1719,F,0.9957037207076574,1.0002878197425646,false,0,NaN
1720,F,0.9957037047588342,1.0003934717741987,false,0,NaN
1721,F,0.9957017512967354,0.9999758508731762,true,0,NaN
1722,F,0.9957027741126953,1.0000988104138013,false,0,NaN
1723,F,0.9957027694175846,1.0000929484846082,false,0,NaN
1724,F,0.9957022627985139,1.0000164919859222,false,0,NaN
1725,F,0.9957022612466659,1.000009521023969,false,0,NaN
1726,F,0.9957020070790975,0.9999827731817159,true,0,NaN
1727,F,0.9957025131516597,1.000171781846031,false,0,NaN
1728,F,0.9957024898993149,1.0008766246168714,false,0,NaN
1729,F,0.9957022596345757,1.0000138732934911,false,0,NaN
1730,F,0.9957022551222192,1.000018008424997,false,0,NaN
1731,F,0.995702132829737,0.9999881921132696,true,0,NaN
1732,F,0.9957022043569901,0.9999999913486086,true,0,NaN
1733,F,0.9957090563047167,1.0071091320053398,false,0,NaN
1734,F,0.9956710759069053,0.9999677099830382,true,0,NaN
1735,F,0.9957056303308535,1.0069807371692052,false,0,NaN
1736,F,0.9957039173439217,1.0069206055018414,false,0,NaN
1737,F,0.9957030608504559,1.006863103609785,false,0,NaN
1738,F,0.9957025860920856,1.00000619085997,false,0,NaN
1739,F,0.9957032720163909,1.0068661475279126,false,0,NaN
1740,F,0.9956666814684777,0.9999776196467932,true,0,NaN
1741,F,0.9999813201822754,NaN,false,-300,NaN
1742,F,0.9978240047585539,2.0166748739444618,false,0,NaN
1743,F,0.9977282553025005,2.0692561221184675,false,0,NaN
1744,F,0.9967453451274173,1.3153731965337534,false,0,NaN
1745,F,0.996715642130974,1.428651177818077,false,0,NaN
1746,F,0.9962060153114578,1.199463641437282,false,0,NaN
1747,F,0.9961872283244801,1.2472586137517077,false,0,NaN
1748,F,0.9959363504026957,1.0855639064430938,false,0,NaN
1749,F,0.9959282901464378,1.1017549762415495,false,0,NaN
1750,F,0.99580151794675,1.0430231835082902,false,0,NaN
1751,F,0.9957974640464292,1.0534455284134916,false,0,NaN
1752,F,0.9957341017156477,1.0358873577869407,false,0,NaN
1753,F,0.9957307198456964,1.0305756455239017,false,0,NaN
1754,F,0.9956835395204154,1.0142204822978527,false,0,NaN
1755,F,0.9956821981709175,1.0418635839762258,false,0,NaN
1756,F,0.9956687919870979,0.9999627496083736,true,0,NaN
1757,F,0.9956699203936827,1.0029057135782313,false,0,NaN
1758,F,0.9956687961230558,0.9999628915959314,true,0,NaN
1759,F,0.9956691994242869,1.0000273294147268,false,0,NaN
1760,F,0.9956689977736713,0.9999871219974705,true,0,NaN
1761,F,0.9956688969483636,0.9999734524054226,true,0,NaN
1762,F,0.9956700236580299,1.0000597461621061,false,0,NaN
1763,F,0.9956694603031967,1.0000330803469577,false,0,NaN
1764,F,0.9956691786257802,1.0000008267805973,true,0,NaN
1765,F,0.9956690377870718,0.9999773747787941,true,0,NaN
1766,F,0.9966892119280535,1.233845015176278,false,0,NaN
1767,F,0.9966876568619,1.2229436414940476,false,0,NaN
1768,F,0.9961791248479092,1.1116575093277477,false,0,NaN
1769,F,0.9961783822422027,1.09265247139705,false,0,NaN
1770,F,0.9959240813078369,1.0834427303532925,false,0,NaN
1771,F,0.9959235263104441,1.0707445754287312,false,0,NaN
1772,F,0.9957965595378004,1.0496624118275473,false,0,NaN
1773,F,0.995796229155621,1.0442769668721879,false,0,NaN
1774,F,0.9957327986527816,1.0196540651064678,false,0,NaN
1775,F,0.9957326678048722,1.0232921369106451,false,0,NaN
1776,F,0.9957009182102711,1.0090281116689335,false,0,NaN
1777,F,0.9957008580174324,1.0106534147439425,false,0,NaN
1778,F,0.9956849779890133,1.0038213742517401,false,0,NaN
1779,F,0.9956849524172939,1.0018879934545768,false,0,NaN
1780,F,0.9956730228230534,1.0013294825592283,false,0,NaN
1781,F,0.9956730138206503,0.9948839887515265,true,0,NaN
1782,F,0.9998418139379045,20.747619985403578,false,0,NaN
1783,F,0.9956730513709962,0.9948794259579236,true,0,NaN
1784,F,0.9957033197517786,1.0003237762514725,false,0,NaN
1785,F,0.9957034431059599,1.0003388129466642,false,0,NaN
1786,F,0.9957032163653078,1.0084268150670908,false,0,NaN
1787,F,0.995703334745015,1.0065276079913068,false,0,NaN
1788,F,0.9957033890019333,1.0002702239425747,false,0,NaN
1789,F,0.9957865365499865,1.0353281856014875,false,0,NaN
1790,F,0.9956383772201697,1.0065411729780616,false,0,NaN
1791,F,0.9957033890070791,1.0002702239010879,false,0,NaN
1792,F,0.9957482473361613,1.0193586115771476,false,0,NaN
1793,F,0.99567074436925,1.0066305673575855,false,0,NaN
1794,F,0.9957258181716202,1.0131891981540164,false,0,NaN
1795,F,0.9957146035893496,1.010136862687053,false,0,NaN
1796,F,0.9957089962982144,1.0086194204720769,false,0,NaN
1797,F,0.9957033878899176,1.0022614084591202,false,0,NaN
1798,F,0.9957033342019145,1.0010948195728802,false,0,NaN
1799,F,0.9957033878871147,1.0022613957922755,false,0,NaN
1800,F,0.9957033341994129,1.0010948140701976,false,0,NaN
1801,F,0.9957033878856922,1.0022613893636199,false,0,NaN
1802,F,0.9957033878849325,1.0022613859307463,false,0,NaN
1803,F,0.995703387003749,1.0007219649653178,false,0,NaN
1804,F,0.9957033913503419,1.0002732554580644,false,0,NaN
1805,F,0.9957033947879658,1.000254844456058,false,0,NaN
1806,F,0.9957071101054514,1.0148931993409358,false,0,NaN
1807,F,0.9956329801727662,1.0084324015435524,false,0,NaN
1808,F,0.9957033947895857,1.0002548443441257,false,0,NaN
1809,F,0.9963158167804425,1.3547271304230575,false,0,NaN
1810,F,0.9999814784439267,NaN,false,-300,NaN
1811,F,0.9960096057850141,1.1349354823205897,false,0,NaN
1812,F,0.9958565002872999,1.0734409195244123,false,0,NaN
1813,F,0.9957799475384428,1.0529343062822867,false,0,NaN
1814,F,0.995703373158528,1.0005572470162591,false,0,NaN
1815,F,0.9957033849781787,1.0002596234045726,false,0,NaN
1816,F,0.9957033909316055,1.000247118208903,false,0,NaN
1817,F,0.9957076198503911,1.0109814870670488,false,0,NaN
1818,F,0.9956493204343217,0.9999667149320991,true,0,NaN
1819,F,0.9956522921663915,1.0002683679913682,false,0,NaN
1820,F,0.9956508572929432,0.9999997138067483,true,0,NaN
1821,F,0.9999812519683391,NaN,false,-300,NaN
1822,F,0.9978165084017061,NaN,false,-300,NaN
1823,F,0.9967340658536958,4.066293090454623,false,0,NaN
1824,F,0.9967232343981335,4.126848544805977,false,0,NaN
1825,F,0.9961928438789822,1.2630450126225794,false,0,NaN
1826,F,0.9961919146859135,1.207697937150749,false,0,NaN
1827,F,0.9959222314901925,1.112059061617105,false,0,NaN
1828,F,0.9959218356436126,1.105481617802818,false,0,NaN
1829,F,0.9957869224928049,1.0355678911366804,false,0,NaN
1830,F,0.9957867968455179,1.0346556599291419,false,0,NaN
1831,F,0.9957192623871091,1.0173205304575013,false,0,NaN
1832,F,0.995719201197248,1.0133352663291089,false,0,NaN
1833,F,0.9956684779649746,1.0068387305771034,false,0,NaN
1834,F,0.9956684538012813,1.0011631884740368,false,0,NaN
1835,F,0.9956534012322886,1.0000699747622628,false,0,NaN
1836,F,0.995653400978715,1.0000336442312765,false,0,NaN
1837,F,0.9956510601863431,1.0000034997054383,false,0,NaN
1838,F,0.9956510601675876,0.999999925356398,true,0,NaN
1839,F,0.9956764872742699,1.0096437524670554,false,0,NaN
1840,F,0.9956498182263246,1.0088551941804933,false,0,NaN
1841,F,0.9956510602026016,0.9999999251838182,true,0,NaN
1842,F,0.9957056431945815,1.0191102760619315,false,0,NaN
1843,F,0.9956783516985915,1.009840737276936,false,0,NaN
1844,F,0.9956647059505966,1.0082854988756174,false,0,NaN
1845,F,0.9956578830765991,1.0075015236652916,false,0,NaN
1846,F,0.9956510889330539,1.000001421193602,false,0,NaN
1847,F,0.9956510889055769,0.9999983450025753,true,0,NaN
1848,F,0.9956516848158516,0.9999963003765137,true,0,NaN
1849,F,0.9956956768029488,1.0054852036967556,false,0,NaN
1850,F,0.9956736808094002,1.0026167405216324,false,0,NaN
1851,F,0.9956626828126259,1.0012765474857952,false,0,NaN
1852,F,0.9956571838142387,1.0006194823113392,false,0,NaN
1853,F,0.9956521324880311,1.0000468480578388,false,0,NaN
1854,F,0.9956521318215648,1.0000418465210807,false,0,NaN
1855,F,0.9956519492186103,1.0000146316647358,false,0,NaN
1856,F,0.9956519489768486,1.0000083456944615,false,0,NaN
1857,F,0.995651857582895,1.0000051004692483,false,0,NaN
1858,F,0.9956518574668304,1.0000010598953573,false,0,NaN
1859,F,0.995651811763027,1.0000010521690503,false,0,NaN
1860,F,0.9956518117003603,0.9999985851538489,true,0,NaN
1861,F,0.9956534266396414,1.000564732916089,false,0,NaN
1862,F,0.995652432118291,1.0002345074285603,false,0,NaN
1863,F,0.9956518119564448,0.9999985732177719,true,0,NaN
1864,F,0.9956527554563659,1.0003286297304619,false,0,NaN
1865,F,0.995651776228076,1.0003157433691117,false,0,NaN
1866,F,0.9956522837064053,1.0001458417070324,false,0,NaN
1867,F,0.995652047831425,1.000056116988456,false,0,NaN
1868,F,0.9956519298939349,1.000016145751899,false,0,NaN
1869,F,0.9956652090185478,1.004226042876856,false,0,NaN
1870,F,0.9956649593232919,1.0027544205237842,false,0,NaN
1871,F,0.9956652106651993,1.0042265607637682,false,0,NaN
1872,F,0.9956649609401007,1.0027552871039829,false,0,NaN
1873,F,0.9956652116001248,1.00422685480665,false,0,NaN
1874,F,0.9956649618580823,1.0027557791256236,false,0,NaN
1875,F,0.9956610546692286,1.002899032888016,false,0,NaN
1876,F,0.9956608833547124,1.001991992529509,false,0,NaN
1877,F,0.9956564333128376,1.001428089297994,false,0,NaN
1878,F,0.9956563488790242,1.0024038429722506,false,0,NaN
1879,F,0.9956541226346368,1.0006947107735296,false,0,NaN
1880,F,0.9956540815175368,1.0011684871076265,false,0,NaN
1881,F,0.9956529672955359,1.0003286063253185,false,0,NaN
1882,F,0.9956529478022508,1.000552804230378,false,0,NaN
1883,F,0.9956521007912101,1.00005757938177,false,0,NaN
1884,F,0.9956520973060246,1.0000946662952983,false,0,NaN
1885,F,0.9956518480607819,1.0000002866820095,true,0,NaN
1886,F,0.9956518479595668,0.9999994725389654,true,0,NaN
1887,F,0.9956519984979829,0.9999999915599888,true,0,NaN
1888,F,0.9956520532500612,0.9999986432360382,true,0,NaN
1889,F,0.995652179498128,0.9999982349474313,true,0,NaN
1890,F,0.9956525092366445,0.9999981797321313,true,0,NaN
1891,F,0.9956533536014501,0.9999998634237414,true,0,NaN
1892,F,0.9956554673466594,1.0000016824293074,false,0,NaN
1893,F,0.9956606684266023,0.9999983464916147,true,0,NaN
1894,F,0.9956737290170032,1.00002293909417,false,0,NaN
1895,F,0.9956776796162521,0.9999981308764566,true,0,NaN
1896,F,0.9956878901028976,0.9999980296512165,true,0,NaN
1897,F,0.9957134269914748,1.0096160183874416,false,0,NaN
1898,F,0.9956872726614231,1.0057736736391374,false,0,NaN
1899,F,0.9957006585471861,0.9999979097442163,true,0,NaN
1900,F,0.9957645483367055,1.0249303885875827,false,0,NaN
1901,F,0.995694203602005,1.0377699749028455,false,0,NaN
1902,F,0.9957326034419458,1.0155529712331357,false,0,NaN
1903,F,0.995716630994566,1.009617067026465,false,0,NaN
1904,F,0.9957086447708761,1.0095814494764244,false,0,NaN
1905,F,0.9957552977016242,1.0157361491213144,false,0,NaN
1906,F,0.9957379047981157,1.0324904728306348,false,0,NaN
1907,F,0.9957505570901667,1.015837027589444,false,0,NaN
1908,F,0.9957330526332034,1.025460829939962,false,0,NaN
1909,F,0.9957476557698454,1.0158987936588115,false,0,NaN
1910,F,0.9957300830107287,1.0254615932249354,false,0,NaN
1911,F,0.9957276109556211,1.009825160938176,false,0,NaN
1912,F,0.9957167504226201,1.0153303811387229,false,0,NaN
1913,F,0.9957141347514036,1.0097109882007267,false,0,NaN
1914,F,0.9957034003957801,1.006111301274116,false,0,NaN
1915,F,0.9957073966492949,1.0096204395361608,false,0,NaN
1916,F,0.9957040275982405,0.9999138379560217,true,0,NaN
1917,F,0.9958694382417349,1.0815484894765004,false,0,NaN
1918,F,0.9956130156159668,1.0131809912452974,false,0,NaN
1919,F,0.9957050655072783,0.9999355088610946,true,0,NaN
1920,F,0.9957086225348996,1.0007099311491339,false,0,NaN
1921,F,0.9957048744975101,0.9999867403169393,true,0,NaN
1922,F,0.9957068440210889,1.0003113135312107,false,0,NaN
1923,F,0.9957059547641837,1.0001129063426477,false,0,NaN
1924,F,0.9957055101357309,1.000014114835225,false,0,NaN
1925,F,0.995707780289174,1.0005767964947916,false,0,NaN
1926,F,0.9957077206623977,1.0007656478662201,false,0,NaN
1927,F,0.9957077748479932,1.000575986740882,false,0,NaN
1928,F,0.9957077152595336,1.00076477353962,false,0,NaN
1929,F,0.995707772105217,1.0005755786426493,false,0,NaN
1930,F,0.9957077125360644,1.0007643337467267,false,0,NaN
1931,F,0.9957077706860044,1.0005753674987057,false,0,NaN
1932,F,0.9957077111268399,1.0007641064346169,false,0,NaN
1933,F,0.9957077698331394,1.000575240620229,false,0,NaN
1934,F,0.9957077102799767,1.0007639699172657,false,0,NaN
1935,F,0.9957067032523665,1.0003141952345374,false,0,NaN
1936,F,0.9957066679985929,1.0004247551093974,false,0,NaN
1937,F,0.9957058843798224,1.000114218885102,false,0,NaN
1938,F,0.995705867742829,1.0001658731945808,false,0,NaN
1939,F,0.9957052702254143,0.999966501750836,true,0,NaN
1940,F,0.9957056770528809,0.9999855790900957,true,0,NaN
1941,F,0.9957073139312189,1.001098769688895,false,0,NaN
1942,F,0.9957014015189954,1.0000515586234786,false,0,NaN
1943,F,0.9957064954920499,0.9999840082255724,true,0,NaN
1944,F,0.9957076162103395,1.0000878472051076,false,0,NaN
1945,F,0.995707134151895,0.9999981167003786,true,0,NaN
1946,F,0.9957072699228192,0.9999570194087953,true,0,NaN
1947,F,0.9957093709044895,0.999362419089979,true,0,NaN
1948,F,0.995719890438713,0.9986671345036986,true,0,NaN
1949,F,0.9957616411790258,1.000279328428392,false,0,NaN
1950,F,0.9957634617923958,1.0044790080559047,false,0,NaN
1951,F,0.9957401343901081,1.0000082286691332,false,0,NaN
1952,F,0.9957526597240708,1.007607139159374,false,0,NaN
1953,F,0.9957129145507707,1.0002321394736038,false,0,NaN
1954,F,0.9957463970570894,1.0014277368855888,false,0,NaN
1955,F,0.9957432657235988,0.9997801841374934,true,0,NaN
1956,F,0.9957447114685174,1.0001336677909949,false,0,NaN
1957,F,0.9957440020325061,0.9999986925404115,true,0,NaN
1958,F,0.9964213393745507,NaN,false,-300,NaN
1959,F,0.9960826802692149,NaN,false,-300,NaN
1960,F,0.9959133507165202,NaN,false,-300,NaN
1961,F,0.9958286859401193,NaN,false,-300,NaN
1962,F,0.9957863535518118,1.2697211982548637,false,0,NaN
1963,F,0.9957504121874283,1.2751605453098331,false,0,NaN
1964,F,0.9957651873574439,1.0589923619455757,false,0,NaN
1965,F,0.9957573262671622,1.0732824846099511,false,0,NaN
1966,F,0.9957546042598315,1.0182962884654723,false,0,NaN
1967,F,0.9957521660481563,1.0624382096705598,false,0,NaN
1968,F,0.9957466669336237,1.0047572485438048,false,0,NaN
1969,F,0.9957460328412078,1.0402662579654773,false,0,NaN
1970,F,0.995744351849159,0.9999518039680765,true,0,NaN
1971,F,0.9957450038652895,1.0000053850313506,false,0,NaN
1972,F,0.9957454949804343,1.0001422760015348,false,0,NaN
1973,F,0.9957447372579937,0.9999982124899702,true,0,NaN
1974,F,0.9957447513585632,0.9999983085940439,true,0,NaN
1975,F,0.9957451818236518,1.0000391420179204,false,0,NaN
1976,F,0.9957449665911076,1.0000049729516207,false,0,NaN
1977,F,0.9957448589748353,0.9999997592233524,true,0,NaN
1978,F,0.9957459986432132,1.0043546015980538,false,0,NaN
1979,F,0.9957230831683552,0.9995792535300173,true,0,NaN
1980,F,0.9957454288090243,0.9998933924353551,true,0,NaN
1981,F,0.9957478126136864,1.0002660535542733,false,0,NaN
1982,F,0.9957464047825161,0.9999981971341282,true,0,NaN
1983,F,0.9957464673963549,0.9999920699707966,true,0,NaN
1984,F,0.9957490973877653,1.000291985007095,false,0,NaN
1985,F,0.9957475485270102,0.9999921319343046,true,0,NaN
1986,F,0.9957637309866673,1.0028068047446395,false,0,NaN
1987,F,0.9957490344142897,1.00000743029196,false,0,NaN
1988,F,0.9957494080555066,0.9998927643244299,true,0,NaN
1989,F,0.9957576202345821,1.0029025254210358,false,0,NaN
1990,F,0.9957422708194404,0.9999443886667144,true,0,NaN
1991,F,0.9957535141450444,1.0027836021371979,false,0,NaN
1992,F,0.9957514611002755,1.001062540204122,false,0,NaN
1993,F,0.995750434577891,0.9996713918667445,true,0,NaN
1994,F,0.9957570100906595,1.0027228675119262,false,0,NaN
1995,F,0.9957426959502308,0.9999808412969515,true,0,NaN
1996,F,0.9957537223342753,1.002776931787889,false,0,NaN
1997,F,0.9957520784560832,1.0042049038934293,false,0,NaN
1998,F,0.995751256516987,1.0003939139961644,false,0,NaN
1999,F,0.9957520770005865,1.004200534607084,false,0,NaN
2000,F,0.995751862682561,1.000196930191479,false,0,NaN
2001,F,0.9957512613823994,1.0003464619436666,false,0,NaN
2002,F,0.9957512308105894,1.0000375679308187,false,0,NaN
2003,F,0.9957508535733058,0.9997105189359605,true,0,NaN
2004,F,0.9957526643525244,1.0000304737357706,false,0,NaN
2005,F,0.995752490346591,0.999997330635709,true,0,NaN
2006,F,0.9957525870845904,0.9999814805091505,true,0,NaN
2007,F,0.9957541264672859,1.0003338497859617,false,0,NaN
2008,F,0.9957556232343417,0.9989864016709142,true,0,NaN
2009,F,0.9957668115480915,1.0029075968581318,false,0,NaN
2010,F,0.9957528735106117,1.0002188434937325,false,0,NaN
2011,F,0.9957612173912167,1.0020445462423204,false,0,NaN
2012,F,0.9957584203127792,0.9993152344900755,true,0,NaN
2013,F,0.9957570217735605,0.9991360006632876,true,0,NaN
2014,F,0.9957668127761367,1.0029076045271443,false,0,NaN
2015,F,0.9957665869999901,1.0242391933209052,false,0,NaN
2016,F,0.9957612256099242,1.0020445532380329,false,0,NaN
2017,F,0.9957610276253528,1.0237196843656613,false,0,NaN
2018,F,0.9957584320268178,0.9993152379932093,true,0,NaN
2019,F,0.9957702328609974,1.0211634490787818,false,0,NaN
2020,F,0.9956638784020952,1.002534493790562,false,0,NaN
2021,F,0.9957643324439076,0.9992244226121855,true,0,NaN
2022,F,0.9957732069685755,1.0041923498323904,false,0,NaN
2023,F,0.9957515466692073,1.0000335157883833,false,0,NaN
2024,F,0.9957687697062415,1.0007642195715651,false,0,NaN
2025,F,0.9957665510750746,1.000051991643816,false,0,NaN
2026,F,0.9957654417594911,0.9997081745396506,true,0,NaN
2027,F,0.9957731722103993,1.0041844935619584,false,0,NaN
2028,F,0.9957731612921837,1.0049933733386693,false,0,NaN
2029,F,0.9957690504210217,1.000810499454548,false,0,NaN
2030,F,0.9957690472906954,1.0010336021093142,false,0,NaN
2031,F,0.9957669895262081,1.0001405574506919,false,0,NaN
2032,F,0.9957669876403759,1.0002553978821025,false,0,NaN
2033,F,0.9957659590785519,0.9997974412923982,true,0,NaN
2034,F,0.9957673292041459,1.0002093320531318,false,0,NaN
2035,F,0.9957662304977632,0.9999383836770848,true,0,NaN
2036,F,0.995766685509834,1.0000766726354615,false,0,NaN
2037,F,0.9957663008881584,1.0000005971379222,true,0,NaN
2038,F,0.9957664580037987,0.9999764452488812,true,0,NaN
2039,F,0.9957666779300617,1.000058264622747,false,0,NaN
2040,F,0.9957663640080947,0.9999981281422556,true,0,NaN
2041,F,0.9957665679669302,1.0000473744445055,false,0,NaN
2042,F,0.9957665129853644,1.000042384168097,false,0,NaN
2043,F,0.9957664854945816,1.0000347716626568,false,0,NaN
2044,F,0.9957666779300617,1.0000582646227443,false,0,NaN
2045,F,0.9957666309523331,1.0076914503861982,false,0,NaN
2046,F,0.9957665707689429,1.0000475287933832,false,0,NaN
2047,F,0.9957665237319945,1.0076755795708239,false,0,NaN
2048,F,0.9957665171883836,1.0000425233482177,false,0,NaN
2049,F,0.995766469838949,1.0076960305514537,false,0,NaN
2050,F,0.9957664903981038,1.0000348726513086,false,0,NaN
2051,F,0.9957664469099748,1.0068670659793173,false,0,NaN
2052,F,0.9957664770029641,0.9999821187634554,true,0,NaN
2053,F,0.9957667394814356,1.000014069880339,false,0,NaN
2054,F,0.9957666561028002,0.9999980773241035,true,0,NaN
2055,F,0.9957666833366656,0.9999981258169577,true,0,NaN
2056,F,0.995766776570226,1.0000071812376112,false,0,NaN
2057,F,0.9957668351817706,1.0000978577463353,false,0,NaN
2058,F,0.9957667299534458,1.0000000704683336,true,0,NaN
2059,F,0.9957667066450557,0.9999985757675333,true,0,NaN
2060,F,0.9957668601814991,0.9999994690639736,true,0,NaN
2061,F,0.9957669200373586,1.000002214640144,false,0,NaN
2062,F,0.9957669772451354,1.0000106305197916,false,0,NaN
2063,F,0.9957668901094289,0.9999997181659835,true,0,NaN
2064,F,0.9959677863488051,NaN,false,-300,NaN
2065,F,0.995867338229117,NaN,false,-300,NaN
2066,F,0.9958171141692729,1.2043249360698587,false,0,NaN
2067,F,0.9957920021393509,1.0514337075023041,false,0,NaN
2068,F,0.9957669989613119,1.0000001465192752,true,0,NaN
2069,F,0.995769561624878,0.9999496961622664,true,0,NaN
2070,F,0.9957736967533339,1.00081451227179,false,0,NaN
2071,F,0.9957694812091609,1.0000708120802648,false,0,NaN
2072,F,0.995771629189106,0.9998648223663563,true,0,NaN
2073,F,0.995772905260739,1.0000814925896222,false,0,NaN
2074,F,0.9957724727833009,0.9999984319463514,true,0,NaN
2075,F,0.9957725120653921,0.9999987965721379,true,0,NaN
2076,F,0.9957729024485557,1.000039620983597,false,0,NaN
2077,F,0.9957726860730808,0.9999979375559759,true,0,NaN
2078,F,0.9957741943158521,1.0002405918237487,false,0,NaN
2079,F,0.9957729324299422,0.9999982116662951,true,0,NaN
2080,F,0.9957730904757724,1.0000020706775616,false,0,NaN
2081,F,0.9957730696967166,0.9999980788833908,true,0,NaN
2082,F,0.9957747174285108,1.0077643155116787,false,0,NaN
2083,F,0.9957718913618722,1.030865004321519,false,0,NaN
2084,F,0.9957739067610727,1.0074799530439722,false,0,NaN
2085,F,0.9957711841714878,1.031485488831938,false,0,NaN
2086,F,0.9957735014125264,1.0074850678086404,false,0,NaN
2087,F,0.9957732987085891,1.001317490551316,false,0,NaN
2088,F,0.9957728185860439,1.021642850643314,false,0,NaN
2089,F,0.9957731972972161,1.0000871056345713,false,0,NaN
2090,F,0.995773164901148,1.0080159349445976,false,0,NaN
2091,F,0.995773146472108,1.000015311395347,false,0,NaN
2092,F,0.9957731402013453,1.000155425616468,false,0,NaN
2093,F,0.9957731208156694,1.0000041440827352,false,0,NaN
2094,F,0.9957731186085954,1.0000099955836248,false,0,NaN
2095,F,0.9957730998003064,1.0000000606866875,true,0,NaN
2096,F,0.9957730990791452,0.9999994589601016,true,0,NaN
2097,F,0.9957730551504563,0.9999921614138382,true,0,NaN
2098,F,0.9957730990789498,0.9999994589185709,true,0,NaN
2099,F,0.9957730608342301,0.999995849042348,true,0,NaN
2100,F,0.99577307995659,0.9999964945921775,true,0,NaN
2101,F,0.9957730895177699,0.999997593973919,true,0,NaN
2102,F,0.9957731105893481,1.000005658343943,false,0,NaN
2103,F,0.9957730785559986,1.0000022236422867,false,0,NaN
2104,F,0.995773100053559,0.9999996283130117,true,0,NaN
2105,F,0.9957730947856644,0.9999982399203079,true,0,NaN
2106,F,0.9957730958049912,0.9999979443520017,true,0,NaN
2107,F,0.9957731192208961,0.999999115082585,true,0,NaN
2108,F,0.9957731306638004,0.9999986994165022,true,0,NaN
2109,F,0.999981779057281,NaN,false,-300,NaN
2110,F,0.9978774549210985,2.334691819715038,false,0,NaN
2111,F,0.9971602576485008,3.0957487348017128,false,0,NaN
2112,F,0.9968252928315033,1.4335260172862414,false,0,NaN
2113,F,0.9965923369518,1.5541670349688692,false,0,NaN
2114,F,0.9962992117867052,1.243885842154693,false,0,NaN
2115,F,0.9961681590443681,1.2605670853640802,false,0,NaN
2116,F,0.9960361712643051,1.133244200583082,false,0,NaN
2117,F,0.9959645718018,1.2194007507286875,false,0,NaN
2118,F,0.9959046510031029,1.0690137642158155,false,0,NaN
2119,F,0.9958675657619419,1.1236030797479615,false,0,NaN
2120,F,0.9958388908724977,1.0617301741621556,false,0,NaN
2121,F,0.9958057194680394,1.0725897361516878,false,0,NaN
2122,F,0.9957895707745141,1.0409079239674406,false,0,NaN
2123,F,0.9957751857456308,1.023516058126014,false,0,NaN
2124,F,0.9957732591739112,1.0001469888180479,false,0,NaN
2125,F,0.9957731794906097,1.023568838921322,false,0,NaN
2126,F,0.9957731346857569,0.9999987282281778,true,0,NaN
2127,F,0.9957731426372445,0.9999987753268992,true,0,NaN
2128,F,0.9957731227467198,0.9999943677965738,true,0,NaN
2129,F,0.9957731489415202,0.9999981275743414,true,0,NaN
2130,F,0.9957734784784538,1.0004973652483191,false,0,NaN
2131,F,0.995770878949544,0.9999849661240022,true,0,NaN
2132,F,0.995773313709987,1.000001849154353,false,0,NaN
2133,F,0.9957732313257536,0.9999989115221681,true,0,NaN
2134,F,0.9957746821083228,1.0093667209175887,false,0,NaN
2135,F,0.9957739567170382,1.0093552835192838,false,0,NaN
2136,F,0.9957735940213959,1.0091120465066346,false,0,NaN
2137,F,0.9957734126735747,1.00003481510903,false,0,NaN
2138,F,0.9957738060910225,1.009353829033257,false,0,NaN
2139,F,0.9957735195088161,1.0033770646237747,false,0,NaN
2140,F,0.9957702503957944,1.012335632782136,false,0,NaN
2141,F,0.9957733762176237,1.0000071453758221,false,0,NaN
2142,F,0.995773367452146,1.000037279646857,false,0,NaN
2143,F,0.9957733045718493,0.9999985134101846,true,0,NaN
2144,F,0.9957740968132293,1.009338933188501,false,0,NaN
2145,F,0.9957734355815057,1.0001323413360743,false,0,NaN
2146,F,0.9957733700766774,1.0000043454788687,false,0,NaN
2147,F,0.9957733373242634,0.9999992377178335,true,0,NaN
2148,F,0.9957734382191689,1.0000261313254515,false,0,NaN
2149,F,0.9957732921867598,0.9999980727208586,true,0,NaN
2150,F,0.9957733877717162,0.9999944141155709,true,0,NaN
2151,F,0.995773446220028,0.9999985620354229,true,0,NaN
2152,F,0.9957734612592106,0.9999986140847807,true,0,NaN
2153,F,0.9957738276360959,0.9999725562286274,true,0,NaN
2154,F,0.9957742540624777,1.0009403025872805,false,0,NaN
2155,F,0.9957693408750724,0.999801926873463,true,0,NaN
2156,F,0.9957740408492868,1.0000032504276493,false,0,NaN
2157,F,0.9957739342426913,0.9999648753009832,true,0,NaN
2158,F,0.9957742309829463,1.0000267250484458,false,0,NaN
2159,F,0.9957740816370005,0.9999980692601614,true,0,NaN
2160,F,0.9957740875197975,0.9999981005043009,true,0,NaN
2161,F,0.9957776614223285,1.0089151102421283,false,0,NaN
2162,F,0.9957313313767487,0.9999446948123037,true,0,NaN
2163,F,0.995775874471063,1.0088096424715056,false,0,NaN
2164,F,0.9957749809954303,1.0005191271137504,false,0,NaN
2165,F,0.9957745342576139,0.9999144906195641,true,0,NaN
2166,F,0.9957756998327598,0.9998324587736623,true,0,NaN
2167,F,0.9957774881442172,0.9998382952424664,true,0,NaN
2168,F,0.995780995111482,0.999716948615919,true,0,NaN
2169,F,0.995783193732861,1.0000867919406722,false,0,NaN
2170,F,0.9957827285650799,0.9999972737612706,true,0,NaN
2171,F,0.995782803067489,0.9999999634151259,true,0,NaN
2172,F,0.9957832372896762,1.0000768877516772,false,0,NaN
2173,F,0.9957828277339611,0.9999980720382324,true,0,NaN
2174,F,0.9999818208588476,NaN,false,-300,NaN
2175,F,0.9978823387398708,NaN,false,-300,NaN
2176,F,0.9968325905373503,1.2428679704124042,false,0,NaN
2177,F,0.9966471370913482,1.3081403768162971,false,0,NaN
2178,F,0.9963077164359735,1.1510540704263557,false,0,NaN
2179,F,0.9961923713245648,1.0417781825858092,false,0,NaN
2180,F,0.9960452793850519,1.0536186747774678,false,0,NaN
2181,F,0.9960043351358266,1.0359169231073346,false,0,NaN
2182,F,0.995914060859125,1.045016859698128,false,0,NaN
2183,F,0.9958796848847447,1.0104873618739056,false,0,NaN
2184,F,0.9958484515952291,1.0228000990824642,false,0,NaN
2185,F,0.9958310401554896,1.0281079581494017,false,0,NaN
2186,F,0.9957992446407803,1.0093700788599964,false,0,NaN
2187,F,0.9957920882533966,1.0144475724604884,false,0,NaN
2188,F,0.9957848925449531,1.0010004967236323,false,0,NaN
2189,F,0.99578412710126,1.0067602952424304,false,0,NaN
2190,F,0.9957829693755696,1.0000455592404685,false,0,NaN
2191,F,0.9957829331142398,1.0001029619261068,false,0,NaN
2192,F,0.9957828360102549,0.9999985606574923,true,0,NaN
2193,F,0.9957828491254388,1.0000001692120781,true,0,NaN
2194,F,0.9957828464079531,0.9999991181558521,true,0,NaN
2195,F,0.9957828281988157,0.9999951368856352,true,0,NaN
2196,F,0.9957828464078567,0.999999118129519,true,0,NaN
2197,F,0.9957828372365047,1.0000162818693479,false,0,NaN
2198,F,0.9957828727748832,1.0071062345659128,false,0,NaN
2199,F,0.9957828418221807,1.0000008905490396,true,0,NaN
2200,F,0.9957828441150187,0.9999988409632096,true,0,NaN
2201,F,0.9957828505974695,0.9999997379030644,true,0,NaN
2202,F,0.9957828473562441,0.9999985823471728,true,0,NaN
2203,F,0.9957828484835342,0.9999979584776064,true,0,NaN
2204,F,0.995782852881429,0.999998939640013,true,0,NaN
2205,F,0.9957828506824815,0.9999982164770675,true,0,NaN
2206,F,0.9958007581114325,1.0227187397498732,false,0,NaN
2207,F,0.9956960140509594,1.0032704909143528,false,0,NaN
2208,F,0.9957918046932366,1.0164199495569477,false,0,NaN
2209,F,0.9957160987342614,1.004699441847185,false,0,NaN
2210,F,0.9957873279840733,1.0160917292980676,false,0,NaN
2211,F,0.9957131351558582,1.0028723846280052,false,0,NaN
2212,F,0.995785089629361,1.0098874647963787,false,0,NaN
2213,F,0.9957394991290214,1.0064047942455256,false,0,NaN
2214,F,0.9957839704517435,1.0086382218193466,false,0,NaN
2215,F,0.995783410862412,1.0004123321306424,false,0,NaN
2216,F,0.9957815017446271,1.0007219697202028,false,0,NaN
2217,F,0.9957831310667008,1.000005722034726,false,0,NaN
2218,F,0.9957830964652713,1.000003246589437,false,0,NaN
2219,F,0.9957829212125986,1.0000033222414548,false,0,NaN
2220,F,0.9957828976744746,1.0000021386192572,false,0,NaN
2221,F,0.99578285993733,0.9999984731499479,true,0,NaN
2222,F,0.9957829157309629,1.000085618479745,false,0,NaN
2223,F,0.9957825359663427,1.0074404463549929,false,0,NaN
2224,F,0.9957828882909762,1.0000135697088974,false,0,NaN
2225,F,0.9957828225027235,1.0000668884122617,false,0,NaN
2226,F,0.9957828745705575,1.0000021256040228,false,0,NaN
2227,F,0.9957828586537799,1.0000013101786025,false,0,NaN
2228,F,0.9957828677094973,0.9999995714554045,true,0,NaN
2229,F,0.9957828629232678,0.9999988525320533,true,0,NaN
2230,F,0.9957829814759819,0.9999805887850992,true,0,NaN
2231,F,0.9999818215215898,NaN,false,-300,NaN
2232,F,0.9978825822969343,NaN,false,-300,NaN
2233,F,0.9968328893640882,1.4088857609885355,false,0,NaN
2234,F,0.9965411667802929,1.31885428907355,false,0,NaN
2235,F,0.9963080428665381,1.1383943575208852,false,0,NaN
2236,F,0.9962092952228898,1.0804469705866735,false,0,NaN
2237,F,0.9960456195555089,1.0988742520621533,false,0,NaN
2238,F,0.9959750664861607,1.0100429270768951,false,0,NaN
2239,F,0.9959144077754857,1.0475321398395834,false,0,NaN
2240,F,0.995880483378635,1.0644494741716353,false,0,NaN
2241,F,0.9958488016364548,1.0321592142891238,false,0,NaN
2242,F,0.9958258446468765,1.0498640763085016,false,0,NaN
2243,F,0.9957995952888569,1.0203904857057178,false,0,NaN
2244,F,0.9957850343875203,1.0231179256352863,false,0,NaN
2245,F,0.9957852253142815,1.0077181931804549,false,0,NaN
2246,F,0.9957831618161057,1.0002134903431394,false,0,NaN
2247,F,0.9957829956586468,1.0074155288719342,false,0,NaN
2248,F,0.9957829895880888,0.9999807122350929,true,0,NaN
2249,F,0.9957831413167216,1.0000072701288698,false,0,NaN
2250,F,0.9957829895902993,0.9999807125148946,true,0,NaN
2251,F,0.9957831275869118,1.0000037789775944,false,0,NaN
2252,F,0.9957830585886056,0.9999911638974933,true,0,NaN
2253,F,0.9957830240894524,0.9999857152295446,true,0,NaN
2254,F,0.9957831301928337,1.0000049151172108,false,0,NaN
2255,F,0.995783121439189,1.0000031556658886,false,0,NaN
2256,F,0.9957830771411431,0.9999938917067976,true,0,NaN
2257,F,0.9957830506152977,0.9999895308986969,true,0,NaN
2258,F,0.9957831233392102,1.0000017597566349,false,0,NaN
2259,F,0.9957831207591161,0.9999755759196285,true,0,NaN
2260,F,0.9999818221220035,NaN,false,-300,NaN
2261,F,0.9978824714405597,1.7468076918240987,false,0,NaN
2262,F,0.9976647073089444,1.7578767550034915,false,0,NaN
2263,F,0.996832796099838,1.2068797665975288,false,0,NaN
2264,F,0.9967724661937566,1.2266609860251658,false,0,NaN
2265,F,0.9963079584294771,1.1310933994427144,false,0,NaN
2266,F,0.9962697265988274,1.0720907725139677,false,0,NaN
2267,F,0.9960455395942965,1.075946563163078,false,0,NaN
2268,F,0.9960233876866419,1.0625583853553875,false,0,NaN
2269,F,0.9959143301767064,1.043845457241966,false,0,NaN
2270,F,0.9959015384308684,1.0497864990843548,false,0,NaN
2271,F,0.9958487254679113,1.0261837963624447,false,0,NaN
2272,F,0.9958410835759192,1.027144784094391,false,0,NaN
2273,F,0.9957995219363149,1.004304395299332,false,0,NaN
2274,F,0.9957982597227958,1.0116582432386196,false,0,NaN
2275,F,0.995785170906266,1.0004732319841525,false,0,NaN
2276,F,0.9957850257978293,1.0005985367864638,false,0,NaN
2277,F,0.995783248893313,0.9999918005541023,true,0,NaN
2278,F,0.9957832941102795,1.0000000454252707,true,0,NaN
2279,F,0.9957832489032604,0.9999918023501713,true,0,NaN
2280,F,0.9957832944010155,1.000000059022185,true,0,NaN
2281,F,0.995783271652138,0.9999959064519436,true,0,NaN
2282,F,0.9957833065912698,1.0000024084177501,false,0,NaN
2283,F,0.9957832950830439,0.9999999293164086,true,0,NaN
2284,F,0.9957833017363731,0.9999993950418504,true,0,NaN
2285,F,0.9999818229021497,NaN,false,-300,NaN
2286,F,0.9978825623192614,4.30964179638848,false,0,NaN
2287,F,0.9968329320278172,1.7366391485836166,false,0,NaN
2288,F,0.9944965906123538,2.4060842129528295,false,0,NaN
2289,F,0.9963081168820952,1.3085304425208086,false,0,NaN
2290,F,0.9953295736243959,1.3971344668118153,false,0,NaN
2291,F,0.9960457093092341,1.1782440447326947,false,0,NaN
2292,F,0.9954803850036217,1.192508630143176,false,0,NaN
2293,F,0.9959145055228036,1.1211713481754215,false,0,NaN
2294,F,0.9958489036295883,1.0981900152395863,false,0,NaN
2295,F,0.995799702209677,1.0555806869850404,false,0,NaN
2296,F,0.9957853517955361,1.0211550574914767,false,0,NaN
2297,F,0.9957834298650707,1.023747445312,false,0,NaN
2298,F,0.9957833057403949,1.0000005657999926,true,0,NaN
2299,F,0.9957833020271949,1.0000014115652893,false,0,NaN
2300,F,0.9957833017989359,0.9999993952956155,true,0,NaN
2301,F,0.9957832952951922,0.9999977117614344,true,0,NaN
2302,F,0.9957832984539785,0.9999980892381645,true,0,NaN
2303,F,0.9962753938587897,1.1331335887568603,false,0,NaN
2304,F,0.9957926534245072,1.0201151598498952,false,0,NaN
2305,F,0.9960293464191677,1.0160779079676914,false,0,NaN
2306,F,0.9959710420698031,0.9984507202692946,true,0,NaN
2307,F,0.9973664651460664,1.5003013996030785,false,0,NaN
2308,F,0.997108811880087,1.535286699059542,false,0,NaN
2309,F,0.9966687536079347,1.1994268060895927,false,0,NaN
2310,F,0.996319897838869,1.050925394850723,false,0,NaN
2311,F,0.9961454699543361,0.9957407631557266,true,0,NaN
2312,F,0.9999855142805647,NaN,false,-300,NaN
2313,F,0.9980654921174503,1.9907748620559653,false,0,NaN
2314,F,0.9971054810358932,1.3960957858607232,false,0,NaN
2315,F,0.9966254754951146,1.177759200861517,false,0,NaN
2316,F,0.9999855142805647,NaN,false,-300,NaN
2317,F,0.9980654980082642,1.9913625675344089,false,0,NaN
2318,F,0.998006771139608,2.389030676921827,false,0,NaN
2319,F,0.9971054893279594,1.39622814148666,false,0,NaN
2320,F,0.9970818657155207,1.5823391180623732,false,0,NaN
2321,F,0.9966254849874062,1.1778036757071637,false,0,NaN
2322,F,0.9966147454238679,1.2334053050393798,false,0,NaN
2323,F,0.996385482816328,1.0755013911064353,false,0,NaN
2324,F,0.9963807777511924,1.0956587253802832,false,0,NaN
2325,F,0.9962654817291857,1.0371623598253628,false,0,NaN
2326,F,0.9962630382970378,1.0595791647181274,false,0,NaN
2327,F,0.9962054811824081,1.0187789034725663,false,0,NaN
2328,F,0.9962041222075598,1.0434109078354483,false,0,NaN
2329,F,0.99616048074988,0.9956467146448232,true,0,NaN
2330,F,0.999985626683778,NaN,false,-300,NaN
2331,F,0.998073053716829,1.9598642000287838,false,0,NaN
2332,F,0.9971167672333544,1.3960005445969994,false,0,NaN
2333,F,0.9966386239916172,1.2090238205105281,false,0,NaN
2334,F,0.9962200581057653,1.0125465722167941,false,0,NaN
2335,F,0.9962196697846389,1.0189744276097232,false,0,NaN
2336,F,0.996215816741929,1.0122182678077432,false,0,NaN
2337,F,0.9962154383385897,1.0188641343409723,false,0,NaN
2338,F,0.9961881487459044,0.9984756214361084,true,0,NaN
2339,F,0.9731648993509939,NaN,false,-300,NaN
2340,F,0.9846765240484492,NaN,false,-300,NaN
2341,F,0.9904323363971769,NaN,false,-300,NaN
2342,F,0.9933102425715407,4.296369519158438,false,0,NaN
2343,F,0.9962463239355869,1.0242498476109416,false,0,NaN
2344,F,0.996244842029522,1.0697955825618153,false,0,NaN
2345,F,0.9962463431065677,1.0242949510395851,false,0,NaN
2346,F,0.996244861070579,1.069842308609243,false,0,NaN
2347,F,0.996236027005369,1.024329306051491,false,0,NaN
2348,F,0.996234544721686,1.0698756533714162,false,0,NaN
2349,F,0.9962120878756368,1.0161415492955377,false,0,NaN
2350,F,0.9962110750313349,1.0320420734987865,false,0,NaN
2351,F,0.9962001183107706,1.009256398273441,false,0,NaN
2352,F,0.9961995002161138,1.0218659579462308,false,0,NaN
2353,F,0.9961941335283375,0.9984755492501866,true,0,NaN
2354,F,0.9962359817901685,1.0243296086560802,false,0,NaN
2355,F,0.9962345039314029,1.0698708112635682,false,0,NaN
2356,F,0.9962150576592192,1.0161412348506427,false,0,NaN
2357,F,0.9962140478607748,1.033237446879331,false,0,NaN
2358,F,0.9962045955937446,1.0092561223074186,false,0,NaN
2359,F,0.9962039793591623,1.0314800645234934,false,0,NaN
2360,F,0.9961993645610074,1.0092565094613586,false,0,NaN
2361,F,0.9961987483042919,1.0137422291722231,false,0,NaN
2362,F,0.9961967490446387,0.9992513092582533,true,0,NaN
2363,F,0.9988979775551022,3.0913327139283386,false,0,NaN
2364,F,0.9975473632998705,1.5976048398512566,false,0,NaN
2365,F,0.9968720561722546,1.2649885291798988,false,0,NaN
2366,F,0.9965344026084467,1.151440005287462,false,0,NaN
2367,F,0.9962013863173678,1.0047693066383732,false,0,NaN
2368,F,0.996201386162935,1.0047423108031217,false,0,NaN
2369,F,0.9961990766086887,1.0048296839177717,false,0,NaN
2370,F,0.996199076452775,1.0047431423254842,false,0,NaN
2371,F,0.996197920804858,1.0048697296762306,false,0,NaN
2372,F,0.996197920647962,1.0047437050151078,false,0,NaN
2373,F,0.9961973409901858,1.0048928383314393,false,0,NaN
2374,F,0.9961973408327227,1.0047437127774232,false,0,NaN
2375,F,0.996197047107715,1.0045289937580528,false,0,NaN
2376,F,0.9961970469591799,0.9994538602676104,true,0,NaN
2377,F,0.9961994048519001,0.9995578849194298,true,0,NaN
2378,F,0.9961986115266207,1.0197960826797874,false,0,NaN
2379,F,0.9961986099617555,1.0141000596590581,false,0,NaN
2380,F,0.9961990081853688,1.0140515267622292,false,0,NaN
2381,F,0.9961990070624146,1.008380446943101,false,0,NaN
2382,F,0.9961992065148528,1.005698544390678,false,0,NaN
2383,F,0.9961992060344678,1.0025677394463222,false,0,NaN
2384,F,0.9961993056798147,1.0043205617671394,false,0,NaN
2385,F,0.9961993053054335,1.0031451826462892,false,0,NaN
2386,F,0.9961993552627354,1.0040578893580232,false,0,NaN
2387,F,0.996199354908561,1.0034472011873807,false,0,NaN
2388,F,0.9961993800550755,1.0031864779576374,false,0,NaN
2389,F,0.9961993797679359,0.9991020209928091,true,0,NaN
2390,F,0.9961995270269204,0.9991077807622714,true,0,NaN
2391,F,0.9683497337258613,0.3776809111426524,true,0,NaN
2392,F,0.9822746303763908,0.3428439676017491,true,0,NaN
2393,F,0.9892370787016557,0.4517180293017763,true,0,NaN
2394,F,0.992718302864288,0.603974446977689,true,0,NaN
2395,F,0.9961998210550108,0.9991370530290894,true,0,NaN
2396,F,0.9962024151319757,1.0057115149828468,false,0,NaN
2397,F,0.9961714631564477,0.9993057019519804,true,0,NaN
2398,F,0.9962011180934933,1.0026350758664822,false,0,NaN
2399,F,0.996200469574252,0.9992583086895157,true,0,NaN
2400,F,0.9962150113551812,1.0013353083714147,false,0,NaN
2401,F,0.9962056818601683,0.9994622388974507,true,0,NaN
2402,F,0.9962142729797492,1.0085341797157445,false,0,NaN
2403,F,0.9961729945939054,1.0085209055616506,false,0,NaN
2404,F,0.9962099774199588,1.0071151295680723,false,0,NaN
2405,F,0.9962078296400635,0.9999854724015562,true,0,NaN
2406,F,0.996206755750116,0.999624585153736,true,0,NaN
2407,F,0.9962089448941758,0.9999999650064195,true,0,NaN
2408,F,0.9999856439446245,NaN,false,-300,NaN
2409,F,0.9980972930863359,2.286219368723126,false,0,NaN
2410,F,0.9978586075565004,1.5522315257212336,false,0,NaN
2411,F,0.9971531180072961,1.3668745129714042,false,0,NaN
2412,F,0.997085036353454,1.2833185920832846,false,0,NaN
2413,F,0.9966810304677567,1.1876677055478972,false,0,NaN
2414,F,0.9966462044260602,1.2117258041288537,false,0,NaN
2415,F,0.996444986697948,1.0980981694214031,false,0,NaN
2416,F,0.9964267821774776,1.0934557007755465,false,0,NaN
2417,F,0.9963269648129653,1.0530626266689267,false,0,NaN
2418,F,0.996317117589654,1.0555160692223289,false,0,NaN
2419,F,0.9962679538703177,1.04085016890691,false,0,NaN
2420,F,0.9962603729267561,1.0245919311814775,false,0,NaN
2421,F,0.9962236956622375,1.0149926978213983,false,0,NaN
2422,F,0.9962209131191487,1.0096219915085218,false,0,NaN
2423,F,0.9962107870069039,1.006741621089056,false,0,NaN
2424,F,0.9962090579703603,0.9999997908419309,true,0,NaN
2425,F,0.9962153834939332,1.0149302932628004,false,0,NaN
2426,F,0.9962122207321468,1.0067817545507347,false,0,NaN
2427,F,0.9962106393512535,1.0067385170231395,false,0,NaN
2428,F,0.9962098486608069,1.0067221503335537,false,0,NaN
2429,F,0.9962090577750262,0.9999982301834972,true,0,NaN
2430,F,0.9962098272382044,1.0067234662092783,false,0,NaN
2431,F,0.996177800907863,0.99995056511462,true,0,NaN
2432,F,0.9962094425066154,1.00066715203987,false,0,NaN
2433,F,0.9962345512923729,1.0052168988027734,false,0,NaN
2434,F,0.9962098966628931,1.0001615691231658,false,0,NaN
2435,F,0.9962091581731349,1.0000041406505211,false,0,NaN
2436,F,0.9962091757781102,1.000000408874183,true,0,NaN
2437,F,0.9962092602868077,1.000002114822955,false,0,NaN
2438,F,0.9962093457276836,1.0000037876001575,false,0,NaN
2439,F,0.9962094251377109,1.0000009882551364,true,0,NaN
2440,F,0.9962115348617844,1.0008248490773186,false,0,NaN
2441,F,0.9962085052395558,1.00011033313966,false,0,NaN
2442,F,0.9962080190188045,1.0000003439828882,true,0,NaN
2443,F,0.9962083706033483,1.0000095013827623,false,0,NaN
2444,F,0.9962090467480578,1.000012388031777,false,0,NaN
2445,F,0.9962108853079377,1.0064498747646224,false,0,NaN
2446,F,0.9961956916645803,0.9971192703427797,true,0,NaN
2447,F,0.9962101514353799,0.9999434683295166,true,0,NaN
2448,F,0.9962109262101302,1.0001731592070953,false,0,NaN
2449,F,0.9962152294363865,1.0009373195649294,false,0,NaN
2450,F,0.9962107555017539,1.0000022030661835,false,0,NaN
2451,F,0.9962108248330621,0.9999959838604925,true,0,NaN
2452,F,0.9962125708008484,1.0002829647998506,false,0,NaN
2453,F,0.9962112237811339,1.000003240273277,false,0,NaN
2454,F,0.9962112020853102,0.9999981196868376,true,0,NaN
2455,F,0.9962112079428325,0.9999981428533652,true,0,NaN
2456,F,0.9962112219207349,0.9999981052238558,true,0,NaN
2457,F,0.9962112644513912,0.9999986405371839,true,0,NaN
2458,F,0.9962112681214381,0.9999981735591837,true,0,NaN
2459,F,0.9962120625485908,1.0002436975439855,false,0,NaN
2460,F,0.9962109410442596,0.999994584983556,true,0,NaN
2461,F,0.9962111394029036,1.0000017008228435,false,0,NaN
2462,F,0.9962114980247572,1.0002882270339155,false,0,NaN
2463,F,0.996224692217479,1.002748496745054,false,0,NaN
2464,F,0.9962112524804814,1.0000081522506061,false,0,NaN
2465,F,0.9963048414710572,1.0691317170409258,false,0,NaN
2466,F,0.9960082497713391,1.0044271369586046,false,0,NaN
2467,F,0.9959870351404956,1.0000113915793656,false,0,NaN
2468,F,0.9959879616022373,0.9999980222458872,true,0,NaN
2469,F,0.995990839304764,0.9999980948894007,true,0,NaN
2470,F,0.9959980452228221,1.0057359832029875,false,0,NaN
2471,F,0.995994442263793,1.0057349266823108,false,0,NaN
2472,F,0.9959926407842785,1.0057345134574223,false,0,NaN
2473,F,0.9959917400445212,1.0057343220936477,false,0,NaN
2474,F,0.9959980452470105,1.0057359836421966,false,0,NaN
2475,F,0.9959976776886375,0.9999496556691316,true,0,NaN
2476,F,0.9960239730044943,1.002534332317397,false,0,NaN
2477,F,0.9960448700849122,1.0090457714564596,false,0,NaN
2478,F,0.9960108253465658,1.001144638430755,false,0,NaN
2479,F,0.9960042515176016,1.0005572558978106,false,0,NaN
2480,F,0.9960009646031196,1.000210936912344,false,0,NaN
2481,F,0.9960113364246111,0.9999973184154454,true,0,NaN
2482,F,0.9960513644310259,1.005613197266472,false,0,NaN
2483,F,0.9960632733746935,1.0113766013744774,false,0,NaN
2484,F,0.9960313504278185,1.0056229481228645,false,0,NaN
2485,F,0.9960213434262148,0.9999973624794567,true,0,NaN
2486,F,0.9961247374141635,1.0241389025273115,false,0,NaN
2487,F,0.9961069540625946,1.0140734576385935,false,0,NaN
2488,F,0.9960730404201892,1.0171517842356028,false,0,NaN
2489,F,0.996047191923202,1.0055151728111185,false,0,NaN
2490,F,0.9960342676747084,1.0056227788554728,false,0,NaN
2491,F,0.9961097733308277,1.0241447316144685,false,0,NaN
2492,F,0.9961082466636793,1.0139573320361182,false,0,NaN
2493,F,0.9960979439062677,1.0171594741203638,false,0,NaN
2494,F,0.9960968588634996,1.0147007570408229,false,0,NaN
2495,F,0.9960751116912661,1.0171637745377893,false,0,NaN
2496,F,0.996074026373347,1.0146937277949357,false,0,NaN
2497,F,0.9960482275566298,1.0055152850203983,false,0,NaN
2498,F,0.9960478786922682,1.0114880411670433,false,0,NaN
2499,F,0.9960347854893116,1.0055161465862672,false,0,NaN
2500,F,0.9960344365704792,1.0057689541047692,false,0,NaN
2501,F,0.9960280644556525,1.005616134033263,false,0,NaN
2502,F,0.9960277092153041,0.9998700706812219,true,0,NaN
2503,F,0.996296938359332,1.0528816097469362,false,0,NaN
2504,F,0.9963078840254945,1.0929141875853692,false,0,NaN
2505,F,0.9960314701394547,1.005506253975063,false,0,NaN
2506,F,0.9960295896773794,0.9998709217449654,true,0,NaN
2507,F,0.9967169178034109,1.2891455414073125,false,0,NaN
2508,F,0.9959281657926794,1.0916268345804614,false,0,NaN
2509,F,0.9963732537403952,1.0960659784587012,false,0,NaN
2510,F,0.9962014217088873,1.0332506033722657,false,0,NaN
2511,F,0.9961155056931333,1.0266928484707445,false,0,NaN
2512,F,0.9960813954997079,1.0182978081517908,false,0,NaN
2513,F,0.9960802326821353,1.014031955906709,false,0,NaN
2514,F,0.9960554925885436,1.0113840162507106,false,0,NaN
2515,F,0.9960547660616464,1.0147020628340244,false,0,NaN
2516,F,0.9960425411329615,1.0056683004175828,false,0,NaN
2517,F,0.9960421752928708,1.005489153598358,false,0,NaN
2518,F,0.9960360654051704,1.005668366919927,false,0,NaN
2519,F,0.9960356995608832,1.0054887722348353,false,0,NaN
2520,F,0.996032827541275,1.0056683995544717,false,0,NaN
2521,F,0.9960324616949282,1.0054885816339563,false,0,NaN
2522,F,0.9960312086093271,1.0025528289134296,false,0,NaN
2523,F,0.99603103936919,1.0051605135010435,false,0,NaN
2524,F,0.9960303991433533,0.9998716799066772,true,0,NaN
2525,F,0.9964715226366786,1.139910944086807,false,0,NaN
2526,F,0.9962017909986366,1.1576232307545276,false,0,NaN
2527,F,0.9960310315318767,0.9998718817098364,true,0,NaN
2528,F,0.9961620518316479,1.0358994202888607,false,0,NaN
2529,F,0.9961118623137047,1.0303514369105549,false,0,NaN
2530,F,0.9960965416817622,1.0068780473922652,false,0,NaN
2531,F,0.9960637866068195,1.0066631875894876,false,0,NaN
2532,F,0.9960474090693481,0.9998889301558032,true,0,NaN
2533,F,0.9963768794708509,1.1149220445219046,false,0,NaN
2534,F,0.9961287321029713,1.079064037492147,false,0,NaN
2535,F,0.9962121442700995,1.0550951032808018,false,0,NaN
2536,F,0.9961297766697238,1.021724973619195,false,0,NaN
2537,F,0.9960885928695359,1.0065541814179935,false,0,NaN
2538,F,0.9961279205745955,1.0217202181853526,false,0,NaN
2539,F,0.9961257933547277,1.0380880541495456,false,0,NaN
2540,F,0.9960876660241983,1.0065507870281172,false,0,NaN
2541,F,0.9960870172513969,1.018169369280923,false,0,NaN
2542,F,0.9960675387489989,1.0066427364321546,false,0,NaN
2543,F,0.9960668803463072,1.0180274029956666,false,0,NaN
2544,F,0.9960574751113977,1.0066365963304063,false,0,NaN
2545,F,0.9960568169775242,1.0096681517080701,false,0,NaN
2546,F,0.9960524432925943,0.9998882722593109,true,0,NaN
2547,F,0.996854985952565,1.3711150996435748,false,0,NaN
2548,F,0.9960742970680267,1.11753620092992,false,0,NaN
2549,F,0.9961350440995167,1.0299674867754907,false,0,NaN
2550,F,0.9960937436960555,1.0065505866696982,false,0,NaN
2551,F,0.9960730934943249,1.0065616546522242,false,0,NaN
2552,F,0.9961359621155991,1.0299244315969585,false,0,NaN
2553,F,0.9961331765786147,1.0348537113388163,false,0,NaN
2554,F,0.9960947053478604,1.0065436023816616,false,0,NaN
2555,F,0.9960940884283982,1.0183115477490898,false,0,NaN
2556,F,0.9960740765749474,1.009678660531612,false,0,NaN
2557,F,0.9960731685356499,1.0143621076501788,false,0,NaN
2558,F,0.9960637614102754,1.0122219034880329,false,0,NaN
2559,F,0.9960626172895004,1.0112516520428154,false,0,NaN
2560,F,0.9960586022704802,1.0124456216550346,false,0,NaN
2561,F,0.9960574373278477,1.0109664989639227,false,0,NaN
2562,F,0.9960560195774084,1.0124599851366058,false,0,NaN
2563,F,0.9960548532689311,1.0109438011924443,false,0,NaN
2564,F,0.9960547219175382,1.0121981532816453,false,0,NaN
2565,F,0.996053579883709,1.0112626520207164,false,0,NaN
2566,F,0.9960536965194974,1.0056267154935625,false,0,NaN
2567,F,0.9960526433186724,0.9999138882149627,true,0,NaN
2568,F,0.9963078288404086,1.0698529382411546,false,0,NaN
2569,F,0.9962116488506891,1.0688966431437392,false,0,NaN
2570,F,0.996052756706545,0.9999139189637968,true,0,NaN
2571,F,0.9966862906956749,1.2274597969799999,false,0,NaN
2572,F,0.996166397779054,1.107967510164999,false,0,NaN
2573,F,0.99636952370111,1.114635441319788,false,0,NaN
2574,F,0.9962111402038275,1.054994307291801,false,0,NaN
2575,F,0.9961319484551863,1.0217845614060856,false,0,NaN
2576,F,0.9960534295292371,0.9999264048138355,true,0,NaN
2577,F,0.9960540897875512,1.00828277573057,false,0,NaN
2578,F,0.9960523136451991,1.0109625417614998,false,0,NaN
2579,F,0.9960537583372342,1.0041491303047625,false,0,NaN
2580,F,0.996052859494541,1.0076058756723487,false,0,NaN
2581,F,0.996053592609528,1.0049235671664927,false,0,NaN
2582,F,0.996053509740579,1.0053113552131556,false,0,NaN
2583,F,0.9960534682959072,1.005504033781326,false,0,NaN
2584,F,0.9960534475531326,1.0036229399493588,false,0,NaN
2585,F,0.9960534371405118,1.0001520512062134,false,0,NaN
2586,F,0.9960534290023607,0.9999159471450211,true,0,NaN
2587,F,0.9960550153877089,1.0067350363056518,false,0,NaN
2588,F,0.9960534290112741,0.9999159476262394,true,0,NaN
2589,F,0.9960567411624929,1.0067497140162796,false,0,NaN
2590,F,0.9960550850868836,1.0067057502602825,false,0,NaN
2591,F,0.9960542570490788,0.9999732939054318,true,0,NaN
2592,F,0.9960566414845734,1.0007070171840688,false,0,NaN
2593,F,0.9960554492668261,1.0002269726873152,false,0,NaN
2594,F,0.9960548531579524,1.00007233137431,false,0,NaN
2595,F,0.9960545551035156,1.0000095548832917,false,0,NaN
2596,F,0.9960554498350164,1.0002382920902486,false,0,NaN
2597,F,0.9960554469152804,1.000245484790298,false,0,NaN
2598,F,0.9960548537568221,1.0000831317649395,false,0,NaN
2599,F,0.9960548523370134,1.0000871859702514,false,0,NaN
2600,F,0.9960545557177249,1.000016261369395,false,0,NaN
2601,F,0.9960545549323737,1.0000154998624176,false,0,NaN
2602,F,0.9960544066981762,0.9999858432407457,true,0,NaN
2603,F,0.9960576347327934,0.9999849828452204,true,0,NaN
2604,F,0.9999845288862617,NaN,false,-300,NaN
2605,F,0.998021089855981,1.8606698640212063,false,0,NaN
2606,F,0.9979658951143024,2.107548430481871,false,0,NaN
2607,F,0.9970393677385306,1.2848607467045752,false,0,NaN
2608,F,0.9970210989800794,1.4553515897357046,false,0,NaN
2609,F,0.9965485066594351,1.1374588039244626,false,0,NaN
2610,F,0.996539690619781,1.2166878122169442,false,0,NaN
2611,F,0.9963030760791465,1.0657002831501607,false,0,NaN
2612,F,0.9962988618317441,1.0801910636986831,false,0,NaN
2613,F,0.9961803607075204,1.041031689036651,false,0,NaN
2614,F,0.9961777284289774,1.0326546743683136,false,0,NaN
2615,F,0.996119002858743,1.034023943644463,false,0,NaN
2616,F,0.9961168199789348,1.0081799482507339,false,0,NaN
2617,F,0.9960729833313218,1.0091351661569792,false,0,NaN
2618,F,0.996072396540482,1.0199863253440395,false,0,NaN
2619,F,0.9960595561113151,1.000440575207719,false,0,NaN
2620,F,0.9960595268946955,1.0123861569819392,false,0,NaN
2621,F,0.9960577557816414,0.999980618952116,true,0,NaN
2622,F,0.9960579524607324,1.000002505631632,false,0,NaN
2623,F,0.9960621808034846,1.0008944770538863,false,0,NaN
2624,F,0.9960609031166493,1.0006316558099735,false,0,NaN
2625,F,0.9960600666321086,1.0004320729350733,false,0,NaN
2626,F,0.9960590095464205,1.0002015229613628,false,0,NaN
2627,F,0.9960584810035764,1.0000876968352395,false,0,NaN
2628,F,0.9960582323984443,1.000042815968766,false,0,NaN
2629,F,0.9960582284849113,1.0000284425244343,false,0,NaN
2630,F,0.9960581003012061,1.0000186279344008,false,0,NaN
2631,F,0.9960580985937502,1.0000106271376814,false,0,NaN
2632,F,0.9960604330931729,1.0057574057275482,false,0,NaN
2633,F,0.996033684787546,0.999937511833811,true,0,NaN
2634,F,0.9960451283401129,1.0082288145111333,false,0,NaN
2635,F,0.9960171293786094,1.0055885427973656,false,0,NaN
2636,F,0.9960394065638295,0.9999718791131487,true,0,NaN
2637,F,0.9960626208326719,1.0139528062021346,false,0,NaN
2638,F,0.9960160106211641,0.9998715259600267,true,0,NaN
2639,F,0.9960510136982508,1.0082037709816385,false,0,NaN
2640,F,0.9960452101310401,1.0081958020573962,false,0,NaN
2641,F,0.9960423083474348,1.0081918580740892,false,0,NaN
2642,F,0.9960626225309204,1.0139528064499481,false,0,NaN
2643,F,0.9960618586967575,1.007695873672699,false,0,NaN
2644,F,0.9960511883714758,1.008202857976228,false,0,NaN
2645,F,0.9960507384420959,1.0130586662431553,false,0,NaN
2646,F,0.9960454712915677,1.0081956813731976,false,0,NaN
2647,F,0.9960450213474986,1.0130521879038545,false,0,NaN
2648,F,0.9960426127512423,1.0081922742961178,false,0,NaN
2649,F,0.9960421627899093,1.0130487690494745,false,0,NaN
2650,F,0.9960411834803368,0.9999740619356722,true,0,NaN
2651,F,0.9960997950347353,1.0140050309889488,false,0,NaN
2652,F,0.9960893281517647,1.0197161620853552,false,0,NaN
2653,F,0.9960669327836318,1.0139450890719348,false,0,NaN
2654,F,0.9960540581319843,1.013932709263487,false,0,NaN
2655,F,0.9960476208061605,1.0081947683073704,false,0,NaN
2656,F,0.9960669602018685,1.0139494224088024,false,0,NaN
2657,F,0.996066088828972,1.0066303942392483,false,0,NaN
2658,F,0.9960540954638931,1.0139313325156856,false,0,NaN
2659,F,0.9960532248366317,1.006631933456656,false,0,NaN
2660,F,0.9960476630948828,1.0081917197787549,false,0,NaN
2661,F,0.9960471503448183,1.0124257139360573,false,0,NaN
2662,F,0.996044446910332,1.0081889768374466,false,0,NaN
2663,F,0.9960439342356593,1.012424866679022,false,0,NaN
2664,F,0.9960428388179655,1.0081876685533302,false,0,NaN
2665,F,0.9960423261770468,1.0124243756104083,false,0,NaN
2666,F,0.9960420347716002,1.008187024169655,false,0,NaN
2667,F,0.9960415221469496,1.0124241193604089,false,0,NaN
2668,F,0.9960416327480532,1.001527440105224,false,0,NaN
2669,F,0.996041535572968,1.0192593684349036,false,0,NaN
2670,F,0.9960413312278431,0.9999700082822902,true,0,NaN
2671,F,0.9960759593125964,1.0139958070089317,false,0,NaN
2672,F,0.9960698421967014,1.0093689348655919,false,0,NaN
2673,F,0.9960417489440996,1.0079469542276795,false,0,NaN
2674,F,0.9960415400859713,1.0000191887264327,false,0,NaN
2675,F,0.9960414356569072,0.9999712173778696,true,0,NaN
2676,F,0.9960421519992759,1.008186110787752,false,0,NaN
2677,F,0.9960012859038039,0.9999475047286879,true,0,NaN
2678,F,0.9960417938280915,1.0009853785131049,false,0,NaN
2679,F,0.9960416147424994,1.0000093575805855,false,0,NaN
2680,F,0.9960415251997032,0.9999779470991724,true,0,NaN
2681,F,0.996041951441015,1.0000009153386518,true,0,NaN
2682,F,0.9999844673399628,NaN,false,-300,NaN
2683,F,0.9980132089760236,1.9389289584639882,false,0,NaN
2684,F,0.9978905362101361,2.038948577426937,false,0,NaN
2685,F,0.9970275798517833,1.3111006352460615,false,0,NaN
2686,F,0.9969869337749473,1.4845724852945685,false,0,NaN
2687,F,0.9965347652896451,1.09466485948878,false,0,NaN
2688,F,0.9965223968635957,1.1653251919465029,false,0,NaN
2689,F,0.9962883580085405,1.0376556747656829,false,0,NaN
2690,F,0.9962834379158895,1.0591268809565526,false,0,NaN
2691,F,0.9961651543679169,1.031140377034844,false,0,NaN
2692,F,0.9961610855084474,1.0274221145632207,false,0,NaN
2693,F,0.9961035525474624,1.0217223948851668,false,0,NaN
2694,F,0.996100714161141,1.0147047869401706,false,0,NaN
2695,F,0.9960573511811233,1.0147851279744304,false,0,NaN
2696,F,0.9960554191588742,1.005755005442793,false,0,NaN
2697,F,0.9960438757722917,1.000270391841376,false,0,NaN
2698,F,0.996043840121556,1.001170207943974,false,0,NaN
2699,F,0.9960420708487564,1.0000131802611705,false,0,NaN
2700,F,0.99604206880309,1.0000029556015202,false,0,NaN
2701,F,0.9960421482796533,1.0000983994864763,false,0,NaN
2702,F,0.9960421412115998,1.0062637589858947,false,0,NaN
2703,F,0.9960421083099318,1.0000068693420747,false,0,NaN
2704,F,0.9960421076550564,1.0000050892547456,false,0,NaN
2705,F,0.9960420882837456,0.9999993460939056,true,0,NaN
2706,F,0.9960426160320863,1.0000116609056273,false,0,NaN
2707,F,0.9975235652971056,NaN,false,-300,NaN
2708,F,0.9967830902551762,1.5887830001829673,false,0,NaN
2709,F,0.9967464188915595,1.7738047018285519,false,0,NaN
2710,F,0.9964128527342055,1.2391606062826939,false,0,NaN
2711,F,0.9963979569612119,1.2626484922107295,false,0,NaN
2712,F,0.9962277339737082,1.1166514777200676,false,0,NaN
2713,F,0.9962204684574653,1.1385049020324653,false,0,NaN
2714,F,0.9961351745934358,1.0641973551186588,false,0,NaN
2715,F,0.9961311760861722,1.067746438647111,false,0,NaN
2716,F,0.9960888949032519,1.0307539961103267,false,0,NaN
2717,F,0.9960869793543671,1.0362456937271753,false,0,NaN
2718,F,0.9960657550580646,1.0057939308422466,false,0,NaN
2719,F,0.9960653941011416,1.000028047555662,false,0,NaN
2720,F,0.9960652156835675,0.9999212097144421,true,0,NaN
2721,F,0.9960666573834123,1.0022605938470548,false,0,NaN
2722,F,0.9960563408215177,1.003292615739157,false,0,NaN
2723,F,0.9960659365334898,0.999966470745876,true,0,NaN
2724,F,0.9960666494439177,1.000664336652601,false,0,NaN
2725,F,0.9960636658559038,1.0017748609674775,false,0,NaN
2726,F,0.9960662929887037,1.000032246191091,false,0,NaN
2727,F,0.9960661147610967,0.9999817908872666,true,0,NaN
2728,F,0.996066945868402,0.9999981162028191,true,0,NaN
2729,F,0.9960698908934069,1.0067280468177664,false,0,NaN
2730,F,0.9960684183809045,1.006694062016289,false,0,NaN
2731,F,0.9960676821246532,0.999998852247804,true,0,NaN
2732,F,0.9960720666907349,1.0066232610137171,false,0,NaN
2733,F,0.996069874407694,1.0067040209267712,false,0,NaN
2734,F,0.9960687782661737,1.0067103657799068,false,0,NaN
2735,F,0.9960682301954135,1.0010240644265171,false,0,NaN
2736,F,0.9960698288161335,1.0067027003022373,false,0,NaN
2737,F,0.9960689462859869,1.008573027405617,false,0,NaN
2738,F,0.9960687602897135,1.006710298739621,false,0,NaN
2739,F,0.9960682260074174,1.0016312995461818,false,0,NaN
2740,F,0.9960680109736946,1.0071531568794194,false,0,NaN
2741,F,0.9960679588280853,1.0000537481659537,false,0,NaN
2742,F,0.9960679514312261,1.000139234922304,false,0,NaN
2743,F,0.9960678251619555,1.000006442862363,false,0,NaN
2744,F,0.9960678239914237,0.9999981069952253,true,0,NaN
2745,F,0.9960729557158658,0.999954096496405,true,0,NaN
2746,F,0.996076282589701,1.0005682034566694,false,0,NaN
2747,F,0.9960789050043766,1.00200785289688,false,0,NaN
2748,F,0.9960746191527834,1.0002408386490735,false,0,NaN
2749,F,0.9960737874343246,1.0000901122112993,false,0,NaN
2750,F,0.9960733715750952,1.0000163133704993,false,0,NaN
2751,F,0.9960739668185723,1.0009647075450485,false,0,NaN
2752,F,0.9960738408694443,1.0119512989237762,false,0,NaN
2753,F,0.9960739571249431,1.0009725125074167,false,0,NaN
2754,F,0.9960738301795806,1.0119455718314652,false,0,NaN
2755,F,0.9960739522634718,1.0009764621183157,false,0,NaN
2756,F,0.9960738248140811,1.0119426823716973,false,0,NaN
2757,F,0.9960739498026229,1.0009784704262699,false,0,NaN
2758,F,0.9960738220969693,1.011941215339088,false,0,NaN
2759,F,0.9960739485044907,1.0009795322898694,false,0,NaN
2760,F,0.9960738206633492,1.0119404402645849,false,0,NaN
2761,F,0.996073935686821,1.0009310247100727,false,0,NaN
2762,F,0.9960738138907455,1.0119616685439057,false,0,NaN
2763,F,0.9960734457013434,1.0000819813766855,false,0,NaN
2764,F,0.9960734297576167,1.0015439907903334,false,0,NaN
2765,F,0.9960730782122352,0.9999662003358382,true,0,NaN
2766,F,0.9960738347368152,0.999998461708268,true,0,NaN
2767,F,0.9960740970386476,1.0001394162869603,false,0,NaN
2768,F,0.996073658190447,1.0018268268138937,false,0,NaN
2769,F,0.9960739658877314,1.0000136268838926,false,0,NaN
2770,F,0.9960739003122733,1.0000010000815847,false,0,NaN
2771,F,0.9960738675245443,0.9999989402394852,true,0,NaN
2772,F,0.9960743408615284,0.9999976920506572,true,0,NaN
2773,F,0.996075541852089,0.9999979747121834,true,0,NaN
2774,F,0.9960787761014517,1.0000170559854287,false,0,NaN
2775,F,0.9960861913965747,1.0072341793655477,false,0,NaN
2776,F,0.9960824837490132,1.0072384814442827,false,0,NaN
2777,F,0.9960806299252325,1.0072402771387874,false,0,NaN
2778,F,0.996079703013342,1.0072237923713816,false,0,NaN
2779,F,0.9960861964465083,1.0072341959027011,false,0,NaN
2780,F,0.9960858005518861,1.0125290053378486,false,0,NaN
2781,F,0.9960824828581005,1.0072342590016587,false,0,NaN
2782,F,0.9960820869600105,1.0052269636386373,false,0,NaN
2783,F,0.9960806260305726,1.0072327454341583,false,0,NaN
2784,F,0.9960802302152771,1.00522230667815,false,0,NaN
2785,F,0.9960796975501499,1.007227480115278,false,0,NaN
2786,F,0.9960792331765375,1.0000051683915947,false,0,NaN
2787,F,0.9960972993218773,1.0102949707547633,false,0,NaN
2788,F,0.9960629527445186,1.0099683663965415,false,0,NaN
2789,F,0.9960801646054982,1.0072315775488048,false,0,NaN
2790,F,0.9960796988910178,1.0072279953236314,false,0,NaN
2791,F,0.9960794660337776,1.0000424271628465,false,0,NaN
2792,F,0.9960801614226168,1.0072265322860334,false,0,NaN
2793,F,0.9960796955804634,1.0072242538081078,false,0,NaN
2794,F,0.9960794625932315,1.0000651347687044,false,0,NaN
2795,F,0.9960794504157652,1.000077035816684,false,0,NaN
2796,F,0.9960793459669757,0.9999998781251713,true,0,NaN
2797,F,0.9960829409033808,1.0072585816661208,false,0,NaN
2798,F,0.9960795179364752,1.0009204555166118,false,0,NaN
2799,F,0.9960794319517254,1.000013550127537,false,0,NaN
2800,F,0.9960793889593506,1.000000973575371,true,0,NaN
2801,F,0.9960799703813635,1.000026825263522,false,0,NaN
2802,F,0.996080237358177,0.999996764117136,true,0,NaN
2803,F,0.9960827513576037,1.0003048813862712,false,0,NaN
2804,F,0.9960842479760359,1.0003661481358113,false,0,NaN
2805,F,0.9960814943578904,1.000124766439904,false,0,NaN
2806,F,0.9960808658580337,1.0000437813177072,false,0,NaN
2807,F,0.9960805516081053,1.0000118669841234,false,0,NaN
2808,F,0.9960807074051421,1.0000647293250384,false,0,NaN
2809,F,0.9960807067664461,1.0000790885031514,false,0,NaN
2810,F,0.9960806821991516,1.000062412629613,false,0,NaN
2811,F,0.9960806815821451,1.000076041992138,false,0,NaN
2812,F,0.996080669582964,1.0000612634546773,false,0,NaN
2813,F,0.996080668976716,1.000074527657552,false,0,NaN
2814,F,0.9960806632482415,1.0000606891124098,false,0,NaN
2815,F,0.9960806626473703,1.0000737700104483,false,0,NaN
2816,F,0.9960806600255679,1.000060397619281,false,0,NaN
2817,F,0.9960806594274255,1.0000733852779355,false,0,NaN
2818,F,0.9960806582829452,1.0000602401935987,false,0,NaN
2819,F,0.9960806576862765,1.0000731774382472,false,0,NaN
2820,F,0.9960805888733673,1.0000451910798993,false,0,NaN
2821,F,0.9960805884181554,1.0000527594702344,false,0,NaN
2822,F,0.9960803252369745,1.000001224115991,false,0,NaN
2823,F,0.9960803251950507,0.9999990720182886,true,0,NaN
2824,F,0.9960821764414216,1.0000595248505415,false,0,NaN
2825,F,0.996084232976727,1.0001508416146683,false,0,NaN
2826,F,0.9960803253645791,0.9999990718802759,true,0,NaN
2827,F,0.9960824354576472,1.0000999065186926,false,0,NaN
2828,F,0.9960830781193076,0.9999255469820462,true,0,NaN
2829,F,0.9960838078516139,0.9999937703601254,true,0,NaN
2830,F,0.996084032276332,0.9999976227879193,true,0,NaN
2831,F,0.9981392745664642,NaN,false,-300,NaN
2832,F,0.9971116558762917,1.924802236298653,false,0,NaN
2833,F,0.9964882194058065,NaN,false,-300,NaN
2834,F,0.9965978465311356,1.2098657163221518,false,0,NaN
2835,F,0.996456368572806,1.1259406870160973,false,0,NaN
2836,F,0.9963409418584177,1.0762771068545656,false,0,NaN
2837,F,0.9962895196821906,1.0429570315610022,false,0,NaN
2838,F,0.9962124895217792,1.038118216061785,false,0,NaN
2839,F,0.9961867913108529,1.03314711856268,false,0,NaN
2840,F,0.996148263352901,1.0183383165647761,false,0,NaN
2841,F,0.9961358993201369,1.0287586454568178,false,0,NaN
2842,F,0.9961161502673437,1.0087899039548982,false,0,NaN
2843,F,0.996110223084015,1.0050839285343618,false,0,NaN
2844,F,0.9960920654453487,1.0021054057032055,false,0,NaN
2845,F,0.996090644467455,1.008240580887209,false,0,NaN
2846,F,0.9960850406247168,1.0001885968287532,false,0,NaN
2847,F,0.9960849118207818,1.0007313919708398,false,0,NaN
2848,F,0.9960840993061472,1.000009839109104,false,0,NaN
2849,F,0.9960840910077426,1.0000319379296128,false,0,NaN
2850,F,0.9960840363346712,0.9999978254639511,true,0,NaN
2851,F,0.9960840467141411,0.9999989678334932,true,0,NaN
2852,F,0.9961925222427785,1.0923633378514424,false,0,NaN
2853,F,0.9957431385849005,1.0323352840497242,false,0,NaN
2854,F,0.9961383229706147,1.0213508209663318,false,0,NaN
2855,F,0.9960344390393623,0.9988382676819177,true,0,NaN
2856,F,0.996111223099585,1.003909793886504,false,0,NaN
2857,F,0.9960921956183378,1.0072266630758113,false,0,NaN
2858,F,0.996097672694139,0.9971010120250035,true,0,NaN
2859,F,0.9961529072259929,1.0083073781855627,false,0,NaN
2860,F,0.9961529056123675,1.0087654628292477,false,0,NaN
2861,F,0.9961521001746106,1.0081390542126258,false,0,NaN
2862,F,0.9961520985604572,1.0085971139521739,false,0,NaN
2863,F,0.9961516778278098,1.0080509992340292,false,0,NaN
2864,F,0.9961516762133753,1.0085090473042913,false,0,NaN
2865,F,0.9961513940023118,1.0079918370546679,false,0,NaN
2866,F,0.9961513923876867,1.008449877808761,false,0,NaN
2867,F,0.9961261780296539,1.002679068528914,false,0,NaN
2868,F,0.9961261772015977,1.0029110111837112,false,0,NaN
2869,F,0.9961119253618964,0.9997037445873751,true,0,NaN
2870,F,0.9961134296897939,0.9999989569381807,true,0,NaN
2871,F,0.9961261897738938,1.0316413348856526,false,0,NaN
2872,F,0.995977367780285,1.0250446215692914,false,0,NaN
2873,F,0.9961198097318439,1.0051380869431463,false,0,NaN
2874,F,0.9961166197108189,1.000783928445681,false,0,NaN
2875,F,0.9961150247003063,1.0003694492233866,false,0,NaN
2876,F,0.9961261897738938,1.0316413348856557,false,0,NaN
2877,F,0.9961242040658449,1.0262895041402338,false,0,NaN
2878,F,0.9961201002676967,1.0081363651380606,false,0,NaN
2879,F,0.9961195895792977,1.0223553106166947,false,0,NaN
2880,F,0.996117055514467,1.0014511559200991,false,0,NaN
2881,F,0.9961169643563466,1.0190335299356748,false,0,NaN
2882,F,0.99611553313759,1.0006828050088679,false,0,NaN
2883,F,0.9961154902061258,1.0194426130255234,false,0,NaN
2884,F,0.9961147719486274,1.0002763088763484,false,0,NaN
2885,F,0.9961147545311486,1.012429583261592,false,0,NaN
2886,F,0.9961143913530975,1.000214683284907,false,0,NaN
2887,F,0.9961143778055779,1.012472257840289,false,0,NaN
2888,F,0.9961142010532356,1.0001928348151363,false,0,NaN
2889,F,0.9961141888781699,1.0124862312720908,false,0,NaN
2890,F,0.9961140583136554,1.0001476878461877,false,0,NaN
2891,F,0.9961140489727043,1.0124041419401553,false,0,NaN
2892,F,0.9961140165268288,1.000144453883614,false,0,NaN
2893,F,0.9961140073891276,1.0123808999738986,false,0,NaN
2894,F,0.9961135777258655,0.9999993217112707,true,0,NaN
2895,F,0.9961315028637526,1.0296697857723942,false,0,NaN
2896,F,0.9959928540074362,1.0273929070415893,false,0,NaN
2897,F,0.9961135815385023,0.9999993216869839,true,0,NaN
2898,F,0.9961208049390871,1.0134030471426847,false,0,NaN
2899,F,0.9960534502834536,0.9997233924712609,true,0,NaN
2900,F,0.9961171932387947,1.0125466567176964,false,0,NaN
2901,F,0.9961153873886485,1.004249906243817,false,0,NaN
2902,F,0.9961144844635753,1.0000810109924707,false,0,NaN
2903,F,0.9961139658759537,1.0001522027868164,false,0,NaN
2904,F,0.996113955376998,1.012445563587619,false,0,NaN
2905,F,0.9961139642693366,1.0001513150493495,false,0,NaN
2906,F,0.9961139538311747,1.012443629414927,false,0,NaN
2907,F,0.9961139633513614,1.0001508103386223,false,0,NaN
2908,F,0.9961139529477631,1.0124424439781596,false,0,NaN
2909,F,0.9961138397981701,1.0000251390078612,false,0,NaN
2910,F,0.9961138379976323,1.0000999956707382,false,0,NaN
2911,F,0.9961137106515238,1.0000016876686986,false,0,NaN
2912,F,0.9961137604899114,1.0000360238724646,false,0,NaN
2913,F,0.9961137559629881,0.9999841310090575,true,0,NaN
2914,F,0.9961140199304898,1.006947160428159,false,0,NaN
2915,F,0.9961137559807812,0.9999841320745443,true,0,NaN
2916,F,0.9961140209266061,1.0069516637438933,false,0,NaN
2917,F,0.9961138884536936,0.9999990373517288,true,0,NaN
2918,F,0.9961138222172374,0.9999881395198866,true,0,NaN
2919,F,0.9961172317234508,1.0071377944922886,false,0,NaN
2920,F,0.9961155269703441,1.0070084397102783,false,0,NaN
2921,F,0.9961146745937908,1.0069840489536248,false,0,NaN
2922,F,0.9961142484055141,1.0069757263933248,false,0,NaN
2923,F,0.996115927749645,1.0070082198887962,false,0,NaN
2924,F,0.9961154940779533,1.012593945098775,false,0,NaN
2925,F,0.9961151139670662,1.0069837826400372,false,0,NaN
2926,F,0.99611468162281,1.0125856080703493,false,0,NaN
2927,F,0.9961147070757014,1.0069754419409933,false,0,NaN
2928,F,0.9961142751554,1.0125822823023058,false,0,NaN
2929,F,0.9961145036298681,1.0069734428111727,false,0,NaN
2930,F,0.9961140717873026,1.0126398576404123,false,0,NaN
2931,F,0.9961144019066497,1.0063315137783846,false,0,NaN
2932,F,0.9961140097301223,1.0132355248825726,false,0,NaN
2933,F,0.996114351044437,1.0004370375542981,false,0,NaN
2934,F,0.9961143232981244,1.0193301813698823,false,0,NaN
2935,F,0.9961143256121235,1.0000431313340423,false,0,NaN
2936,F,0.996114322214378,1.0009867456644082,false,0,NaN
2937,F,0.9961143065294272,1.0000006809234487,true,0,NaN
2938,F,0.9961211524087266,1.0039459325849909,false,0,NaN
2939,F,0.9961204014011507,1.0130574117551816,false,0,NaN
2940,F,0.9961177231183472,1.0019719690272386,false,0,NaN
2941,F,0.9961173466753959,1.012860655337339,false,0,NaN
2942,F,0.9961160083654274,1.0009885451651772,false,0,NaN
2943,F,0.9961158185296644,1.0127589635518053,false,0,NaN
2944,F,0.9961151507733883,1.0004979170373145,false,0,NaN
2945,F,0.9961150540355652,1.0127069362171301,false,0,NaN
2946,F,0.9961147215452597,1.0002531046336869,false,0,NaN
2947,F,0.9961146712612152,1.0101952263242788,false,0,NaN
2948,F,0.9961145060592792,1.0001306368751406,false,0,NaN
2949,F,0.9961144790138046,1.0043362282653499,false,0,NaN
2950,F,0.9961143965078176,1.000068568684032,false,0,NaN
2951,F,0.9961143244112898,1.000003108169329,false,0,NaN
2952,F,0.9961143080516129,0.9999977989757438,true,0,NaN
2953,F,0.9961147863317125,1.0000727409489556,false,0,NaN
2954,F,0.9961143080548058,0.9999977990514095,true,0,NaN
2955,F,0.9961147863947645,1.0000727739044883,false,0,NaN
2956,F,0.9961145472247852,1.000012610540434,false,0,NaN
2957,F,0.9961144276397955,1.000002553801297,false,0,NaN
2958,F,0.996116014889321,1.0009319460938988,false,0,NaN
2959,F,0.9961142343965741,1.0005760052005486,false,0,NaN
2960,F,0.9961152212645583,1.0000803023244278,false,0,NaN
2961,F,0.9961148244521769,1.0000174982925456,false,0,NaN
2962,F,0.9961146260459862,1.0000051718267264,false,0,NaN
2963,F,0.9961162442293573,1.0009875414438867,false,0,NaN
2964,F,0.9961136096880194,1.000482102120826,false,0,NaN
2965,F,0.9961154351376718,1.0001005770801412,false,0,NaN
2966,F,0.9961150305918289,1.0000245590602885,false,0,NaN
2967,F,0.9961148283189076,1.0000108003719654,false,0,NaN
2968,F,0.9961162127965418,1.0006470335555488,false,0,NaN
2969,F,0.9961139782299302,1.000205626079997,false,0,NaN
2970,F,0.9961155205577248,1.0000924182995756,false,0,NaN
2971,F,0.9961151744383162,1.000028602477477,false,0,NaN
2972,F,0.9961150013786119,1.00001604846328,false,0,NaN
2973,F,0.99611592940418,1.000304640311641,false,0,NaN
2974,F,0.996114611197016,1.0000425282401177,false,0,NaN
2975,F,0.996115465391396,1.0000549436962798,false,0,NaN
2976,F,0.9961152333850039,1.000023365369,false,0,NaN
2977,F,0.9961155420941281,1.0000685682275043,false,0,NaN
2978,F,0.9961151916056539,0.9999987017657265,true,0,NaN
2979,F,0.9961152968628572,1.0000033381501785,false,0,NaN
2980,F,0.9961152677829508,0.9999975361367957,true,0,NaN
2981,F,0.9999847550569521,NaN,false,-300,NaN
2982,F,0.9980500137979603,2.0241911137837385,false,0,NaN
2983,F,0.9980437318197447,1.9586079073358738,false,0,NaN
2984,F,0.9970826424441322,1.406583296436534,false,0,NaN
2985,F,0.9970801486158709,1.3562105119061645,false,0,NaN
2986,F,0.996598956766897,1.1434994980184843,false,0,NaN
2987,F,0.9965980765854372,1.1237947571477123,false,0,NaN
2988,F,0.9963571139276373,1.0714307541199313,false,0,NaN
2989,F,0.9963566757859333,1.0726949660449732,false,0,NaN
2990,F,0.9962361925067228,1.0403915234928114,false,0,NaN
2991,F,0.9962359447467738,1.0504526445698072,false,0,NaN
2992,F,0.9961757317936966,1.0336265260297401,false,0,NaN
2993,F,0.9961755255274336,1.0294906309194536,false,0,NaN
2994,F,0.9961303862409439,1.0143098859138018,false,0,NaN
2995,F,0.9961302984549321,1.0105291858884073,false,0,NaN
2996,F,0.9961171602688871,1.0124379114207103,false,0,NaN
2997,F,0.9961170839647896,1.0029953270260317,false,0,NaN
2998,F,0.9961153866476646,1.000003433611687,false,0,NaN
2999,F,0.996115386611492,1.0000005036204778,true,0,NaN
3000,F,0.9961155050678582,1.000008783406428,false,0,NaN
3001,F,0.9961155047491064,1.0000081501188822,false,0,NaN
3002,F,0.9961154457897781,1.0000015682871632,false,0,NaN
3003,F,0.996122442106112,1.0178254634768602,false,0,NaN
3004,F,0.9961154457971694,1.000001568245279,false,0,NaN
3005,F,0.9961157084408616,1.0000290309076314,false,0,NaN
3006,F,0.9961158324824643,1.0000913346063653,false,0,NaN
3007,F,0.9961155771190155,1.0000098279172351,false,0,NaN
3008,F,0.9961155114580924,1.000003554488225,false,0,NaN
3009,F,0.996115478627631,1.00000186389634,false,0,NaN
3010,F,0.9961166131015136,1.0196181584442852,false,0,NaN
3011,F,0.9961160458645723,1.0137931676201783,false,0,NaN
3012,F,0.9961157622461017,1.0005491372777078,false,0,NaN
3013,F,0.9961156204368663,1.0000349156679316,false,0,NaN
3014,F,0.9962331568742143,1.0666164442373924,false,0,NaN
3015,F,0.9962197415294454,1.1127740162859407,false,0,NaN
3016,F,0.9961779584180398,1.0277770669362378,false,0,NaN
3017,F,0.9961723643268542,1.0413762156921367,false,0,NaN
3018,F,0.9961471843740315,1.018186313021197,false,0,NaN
3019,F,0.9961435216145448,1.0253409622160272,false,0,NaN
3020,F,0.9961313884110506,1.0250238511863619,false,0,NaN
3021,F,0.9961263487481054,1.020887127593876,false,0,NaN
3022,F,0.9961234398943285,1.016446648130493,false,0,NaN
3023,F,0.9961201274588706,1.0136268510425155,false,0,NaN
3024,F,0.9961194595794295,1.0181317010796664,false,0,NaN
3025,F,0.9961174687321915,1.018977252976986,false,0,NaN
3026,F,0.9961159754792819,1.019606593876949,false,0,NaN
3027,F,0.9961155398289273,1.0000313694826257,false,0,NaN
3028,F,0.9961155330071079,1.0000152864718592,false,0,NaN
3029,F,0.9961154803376663,0.9999986229630883,true,0,NaN
3030,F,0.9961155999922302,1.0000068507532065,false,0,NaN
3031,F,0.9961156945486033,1.0002426669646116,false,0,NaN
3032,F,0.9961154803960521,0.9999986224316227,true,0,NaN
3033,F,0.9961169485133398,1.0126872238086082,false,0,NaN
3034,F,0.9960532592314081,0.9998656144945167,true,0,NaN
3035,F,0.996116214454696,1.0060532988371633,false,0,NaN
3036,F,0.9961158474253741,1.000039839236953,false,0,NaN
3037,F,0.996115663910713,1.0000014248703009,false,0,NaN
3038,F,0.9961164836435087,1.006319969173381,false,0,NaN
3039,F,0.9960847576198466,1.0000586243625638,false,0,NaN
3040,F,0.9961160737771109,1.0046132664330547,false,0,NaN
3041,F,0.996115868843912,1.0000798572905778,false,0,NaN
3042,F,0.9961157663773125,1.0000062325758332,false,0,NaN
3043,F,0.9961159028480704,1.0002766968247765,false,0,NaN
3044,F,0.9961158155428798,1.005619246859169,false,0,NaN
3045,F,0.9961157832862391,1.0000126082682277,false,0,NaN
3046,F,0.9961157785637371,1.0000264876752545,false,0,NaN
3047,F,0.9961157235053092,1.0000003806448383,true,0,NaN
3048,F,0.9961159222359179,1.0001329848588836,false,0,NaN
3049,F,0.9961152432804964,0.9999970201784981,true,0,NaN
3050,F,0.9961156117922144,1.00004803993825,false,0,NaN
3051,F,0.996115358692856,0.9999975266879829,true,0,NaN
3052,F,0.9961153733453513,0.9999976575243845,true,0,NaN
3053,F,0.9961154744433679,0.9999994857370182,true,0,NaN
3054,F,0.9961155594681145,0.9999351429138478,true,0,NaN
3055,F,0.9961158988180283,0.9999983349229431,true,0,NaN
3056,F,0.9961159375095139,1.0000003179772023,true,0,NaN
3057,F,0.9961159464237928,0.9999981365682777,true,0,NaN
3058,F,0.9961159941901585,0.9999715078524206,true,0,NaN
3059,F,0.9961179459915384,1.0144141635289894,false,0,NaN
3060,F,0.9961169755692376,1.0142014514683793,false,0,NaN
3061,F,0.9961164903100374,1.0140778337154166,false,0,NaN
3062,F,0.9961162475842539,1.0087273817743907,false,0,NaN
3063,F,0.9961161260344606,1.004150064944819,false,0,NaN
3064,F,0.9961160649852695,1.0002298655924,false,0,NaN
3065,F,0.9961160339268194,1.0000175050023865,false,0,NaN
3066,F,0.9961160063124361,0.9999752289257869,true,0,NaN
3067,F,0.9961161033567946,1.0002746408883114,false,0,NaN
3068,F,0.996116060478169,0.9999971255031955,true,0,NaN
3069,F,0.9961160950323825,1.0000004690313218,true,0,NaN
3070,F,0.9961160604792716,0.9999971255945742,true,0,NaN
3071,F,0.9961160822220619,1.0000000632754975,true,0,NaN
3072,F,0.9961160713506668,0.9999985760503007,true,0,NaN
3073,F,0.9961161519526095,1.0000047320707903,false,0,NaN
3074,F,0.9961161481204224,1.0000023580084432,false,0,NaN
3075,F,0.9961161116516382,0.999999890367992,true,0,NaN
3076,F,0.996116131788657,0.9999995457595213,true,0,NaN
3077,F,0.9961173794161131,1.000177558976187,false,0,NaN
3078,F,0.9961164830016573,0.9999986055967497,true,0,NaN
3079,F,0.9961168653870814,1.0000716128579508,false,0,NaN
3080,F,0.9961164955835913,0.999997557540576,true,0,NaN
3081,F,0.9961166348011258,1.0000126136402034,false,0,NaN
3082,F,0.9961165594639199,0.9999975346424256,true,0,NaN
3083,F,0.9961165652651004,0.999997566602549,true,0,NaN
3084,F,0.9961167231617857,0.9999886888358679,true,0,NaN
3085,F,0.9961486112630714,1.025202275739793,false,0,NaN
3086,F,0.996146652225007,1.0323006450576386,false,0,NaN
3087,F,0.9961326672124285,1.0194172742870937,false,0,NaN
3088,F,0.9961311576557526,1.0088378025234317,false,0,NaN
3089,F,0.9961246951871071,1.0196279735678568,false,0,NaN
3090,F,0.9961231692595787,1.0087998386389452,false,0,NaN
3091,F,0.9961207091744464,1.0197333954747172,false,0,NaN
3092,F,0.996118716168116,1.0197861231283472,false,0,NaN
3093,F,0.9961177196649509,1.019244218789678,false,0,NaN
3094,F,0.9961172214133682,1.0007989519315974,false,0,NaN
3095,F,0.996117158457778,1.0188789684076047,false,0,NaN
3096,F,0.9961168477246813,0.9999928492739015,true,0,NaN
3097,F,0.9961170230374753,1.0001353035233413,false,0,NaN
3098,F,0.9961168477360658,0.9999928497366115,true,0,NaN
3099,F,0.9961170274327519,1.000136152935965,false,0,NaN
3100,F,0.9961169375844088,1.0000136962684774,false,0,NaN
3101,F,0.9961168926602373,0.9999978641619173,true,0,NaN
3102,F,0.9961168701981515,0.9999944478529602,true,0,NaN
3103,F,0.9961173384437875,1.018023723824564,false,0,NaN
3104,F,0.9961170930899266,1.0010662546642535,false,0,NaN
3105,F,0.9961169704129962,1.0000594062088848,false,0,NaN
3106,F,0.996116955433561,1.0154477674060933,false,0,NaN
3107,F,0.996116909074531,1.0000024826105358,false,0,NaN
3108,F,0.9961169069065222,1.0000271067528699,false,0,NaN
3109,F,0.9961168784052984,0.9999947552065775,true,0,NaN
3110,F,0.99611716932632,1.000001031989881,false,0,NaN
3111,F,0.9961179764656362,0.9998601058657085,true,0,NaN
3112,F,0.9962001131825992,1.0204603164093937,false,0,NaN
3113,F,0.9961999890213374,1.0253518943314823,false,0,NaN
3114,F,0.9961590448241177,1.0100091655879364,false,0,NaN
3115,F,0.9961589836538661,1.0123539189893749,false,0,NaN
3116,F,0.9961385106448769,1.0048740165517251,false,0,NaN
3117,F,0.9961384804251141,1.0060168207980533,false,0,NaN
3118,F,0.9961282435552565,1.0023285632651833,false,0,NaN
3119,F,0.9961282286774094,1.0028874214331427,false,0,NaN
3120,F,0.9961231100104463,1.001061308253203,false,0,NaN
3121,F,0.9961231027705785,1.001332350226855,false,0,NaN
3122,F,0.9961205432380412,1.000429057142918,false,0,NaN
3123,F,0.9961205398088672,1.000557206064557,false,0,NaN
3124,F,0.9961192598518387,1.000113711414496,false,0,NaN
3125,F,0.9961192583233114,1.0001703442469867,false,0,NaN
3126,F,0.9961182973121868,0.9998942073765004,true,0,NaN
3127,F,0.9961188467019583,0.9999998914289713,true,0,NaN
3128,F,0.9961194141098723,0.9985757141709656,true,0,NaN
3129,F,0.9961508230038437,1.0574825058379997,false,0,NaN
3130,F,0.9960923182700694,NaN,false,-300,NaN
3131,F,0.996135118556858,1.0180104917448327,false,0,NaN
3132,F,0.9961272663333651,1.0007744226234567,false,0,NaN
3133,F,0.9961233402216186,0.9991839218571624,true,0,NaN
3134,F,0.9961508263259149,1.0574823456845115,false,0,NaN
3135,F,0.9961450687426116,1.0827125621912654,false,0,NaN
3136,F,0.9961351453246294,1.018523792126094,false,0,NaN
3137,F,0.9961332185335643,1.0169306755936514,false,0,NaN
3138,F,0.9961273048239827,1.0008095926041922,false,0,NaN
3139,F,0.9961271166185086,1.0181098692555905,false,0,NaN
3140,F,0.9961233845736515,0.9991840603597828,true,0,NaN
3141,F,0.9961306188003132,0.9991782618805718,true,0,NaN
3142,F,0.9961348604633997,0.9998948418964306,true,0,NaN
3143,F,0.9999848319449538,NaN,false,-300,NaN
3144,F,0.998059847162442,2.3006961350240167,false,0,NaN
3145,F,0.9979128662752547,2.5947425215408493,false,0,NaN
3146,F,0.9970973544553597,1.4364215295480316,false,0,NaN
3147,F,0.9970480301810297,1.5642427928896634,false,0,NaN
3148,F,0.9966161081017088,1.2336998842322118,false,0,NaN
3149,F,0.996589689868015,1.3838520649109114,false,0,NaN
3150,F,0.9963754849246635,1.1026701280013875,false,0,NaN
3151,F,0.9963638720804787,1.1503771556877105,false,0,NaN
3152,F,0.9962551733357013,1.050946301132465,false,0,NaN
3153,F,0.996249404899884,1.1242323871723472,false,0,NaN
3154,F,0.9961950175403413,1.0274555037603,false,0,NaN
3155,F,0.996191903390199,1.0401423075412306,false,0,NaN
3156,F,0.9961499006876685,1.0185937318680551,false,0,NaN
3157,F,0.9961477878519479,1.0134545402438415,false,0,NaN
3158,F,0.9961367415420581,1.01954370292179,false,0,NaN
3159,F,0.9961349782987127,0.999909232822286,true,0,NaN
3160,F,0.996135797820983,1.0003162626789637,false,0,NaN
3161,F,0.9961357418688451,1.0008857353946063,false,0,NaN
3162,F,0.9961353892825345,1.00007876424785,false,0,NaN
3163,F,0.9961353659779892,1.0003116659125666,false,0,NaN
3164,F,0.9961351839855687,0.999973549962636,true,0,NaN
3165,F,0.9961353163373591,0.9999998971984776,true,0,NaN
3166,F,0.9961354639089958,1.0000014054515582,false,0,NaN
3167,F,0.9961355988954278,1.000033390350267,false,0,NaN
3168,F,0.9961353901231774,0.9999992604424119,true,0,NaN
3169,F,0.9961364925629532,1.014586141659291,false,0,NaN
3170,F,0.996063618511063,0.9945864803320671,true,0,NaN
3171,F,0.9961359413430654,1.0004848893345857,false,0,NaN
3172,F,0.9961356657331214,1.0000236419840367,false,0,NaN
3173,F,0.9961355279281494,1.0000025692168402,false,0,NaN
3174,F,0.9961364925629532,1.014586141659303,false,0,NaN
3175,F,0.9961352619093312,1.0140237240813132,false,0,NaN
3176,F,0.9961362805882039,1.0123500112071078,false,0,NaN
3177,F,0.9961352386124143,1.016844041966821,false,0,NaN
3178,F,0.9961361746008104,1.0085618404485994,false,0,NaN
3179,F,0.9961354522053132,1.0214642702997694,false,0,NaN
3180,F,0.9961361216070761,1.008021634667351,false,0,NaN
3181,F,0.9961354447928669,1.0162274515148861,false,0,NaN
3182,F,0.9961360951101337,1.0078278600228998,false,0,NaN
3183,F,0.9961354346477671,1.0164421018777592,false,0,NaN
3184,F,0.9961360818615119,1.0077385889337418,false,0,NaN
3185,F,0.9961354289325863,1.0165509175946732,false,0,NaN
3186,F,0.9961360752369001,1.0076953692741624,false,0,NaN
3187,F,0.9961354259552555,1.016603624827456,false,0,NaN
3188,F,0.9961360702663314,1.0076635092296402,false,0,NaN
3189,F,0.9961354236733553,1.0166424895511263,false,0,NaN
3190,F,0.9961360687929882,1.0076541565294117,false,0,NaN
3191,F,0.9961354751978984,1.0000013124090317,false,0,NaN
3192,F,0.9961354749631562,0.9999997177114123,true,0,NaN
3193,F,0.9961359864603245,1.0042102867561993,false,0,NaN
3194,F,0.9961149560888766,0.997042284915886,true,0,NaN
3195,F,0.9961354749966853,0.9999997175683552,true,0,NaN
3196,F,0.9961359864335437,1.0042114730269387,false,0,NaN
3197,F,0.9961149501473728,0.9970412353259417,true,0,NaN
3198,F,0.9961357307151145,1.0000228724432558,false,0,NaN
3199,F,0.9961356028558999,1.0000027393129167,false,0,NaN
3200,F,0.9961355389262926,1.000000230010118,true,0,NaN
3201,F,0.996135945737743,1.0059119384825734,false,0,NaN
3202,F,0.9961064485175968,0.9957490175926939,true,0,NaN
3203,F,0.9961996541019204,1.0144132765950742,false,0,NaN
3204,F,0.9961289609868902,0.9986589162748276,true,0,NaN
3205,F,0.9961356916013442,0.999924750255038,true,0,NaN
3206,F,0.9961386095485956,1.0053068349892236,false,0,NaN
3207,F,0.9961371505749699,1.0054456082836412,false,0,NaN
3208,F,0.996136421088157,1.0055924615914433,false,0,NaN
3209,F,0.9961360563447506,1.0056213455548253,false,0,NaN
3210,F,0.9961386098750045,1.005306776969543,false,0,NaN
3211,F,0.9961371134959544,1.0205103723075433,false,0,NaN
3212,F,0.9961371516816168,1.00544538299115,false,0,NaN
3213,F,0.9961356056542774,1.0203054705854457,false,0,NaN
3214,F,0.996136422584923,1.0055921549463291,false,0,NaN
3215,F,0.9961348298903134,1.0202355811235568,false,0,NaN
3216,F,0.996136058036576,1.0056211060934128,false,0,NaN
3217,F,0.9961344545371505,1.0201888232835177,false,0,NaN
3218,F,0.9961358757624026,1.0025200601446569,false,0,NaN
3219,F,0.9961351453112129,1.0143948287197406,false,0,NaN
3220,F,0.9961357846253158,1.0000391282262342,false,0,NaN
3221,F,0.9961357530358113,1.0185721856089676,false,0,NaN
3222,F,0.9961357390567724,0.9999384299337841,true,0,NaN
3223,F,0.9961360867745046,0.999997200372024,true,0,NaN
3224,F,0.9961361347251229,0.9999980950723096,true,0,NaN
3225,F,0.9961419459425934,1.0075018893193692,false,0,NaN
3226,F,0.9961031612750273,0.9940451431068826,true,0,NaN
3227,F,0.9961390403338581,0.9996967685065893,true,0,NaN
3228,F,0.9961447099028546,1.0009772305954072,false,0,NaN
3229,F,0.9961398074380917,1.0004831275448118,false,0,NaN
3230,F,0.9961418751183564,1.0002420068450268,false,0,NaN
3231,F,0.9961404577261073,1.000003933560951,false,0,NaN
3232,F,0.9961397490299827,0.9997515088482487,true,0,NaN
3233,F,0.9961417032951924,1.000252513598575,false,0,NaN
3234,F,0.9961404129445366,0.9999946367277402,true,0,NaN
3235,F,0.9961502788398892,1.0160707434539251,false,0,NaN
3236,F,0.996072104734296,1.0024793836531254,false,0,NaN
3237,F,0.9961453458922129,1.0094876722494555,false,0,NaN
3238,F,0.9961428794183748,1.0041456294116542,false,0,NaN
3239,F,0.9961416461814556,1.0002418495722365,false,0,NaN
3240,F,0.9961502788398892,1.0160707434539265,false,0,NaN
3241,F,0.9961387218075431,1.012406043750919,false,0,NaN
3242,F,0.9961453461045832,1.0094877464970038,false,0,NaN
3243,F,0.9961385213770194,1.006865998676357,false,0,NaN
3244,F,0.9961428797369302,1.0041383440460872,false,0,NaN
3245,F,0.996139900831252,1.0093933621374978,false,0,NaN
3246,F,0.9961416465531037,1.0002413295590538,false,0,NaN
3247,F,0.9961414694233057,1.000565420664076,false,0,NaN
3248,F,0.9961410299611904,1.0000404677998258,false,0,NaN
3249,F,0.9961409971311997,1.0000930490824784,false,0,NaN
3250,F,0.9961407216652337,1.0000023804715505,false,0,NaN
3251,F,0.9961407161590264,1.0000045541145262,false,0,NaN
3252,F,0.9961405675172554,0.9999965249846506,true,0,NaN
3253,F,0.996142000875322,1.0002985265864517,false,0,NaN
3254,F,0.9961404990458878,0.9999974917922524,true,0,NaN
3255,F,0.9961408418516846,1.0000124995108197,false,0,NaN
3256,F,0.99614070468447,0.999997880068245,true,0,NaN
3257,F,0.9961419941189219,1.00028988274986,false,0,NaN
3258,F,0.9961405361889137,0.9999975384533781,true,0,NaN
3259,F,0.996141349401696,1.0000694700488792,false,0,NaN
3260,F,0.9961410270430829,1.0000284785779892,false,0,NaN
3261,F,0.9961408658637765,1.0000107473385487,false,0,NaN
3262,F,0.9961411362435624,1.0000437936787128,false,0,NaN
3263,F,0.9961410689909549,1.0002006879455063,false,0,NaN
3264,F,0.9961409205863855,1.000012484701032,false,0,NaN
3265,F,0.9961408991621142,1.000049591488195,false,0,NaN
3266,F,0.996140812757797,1.0000095326198313,false,0,NaN
3267,F,0.9961407956902237,1.0000351862548713,false,0,NaN
3268,F,0.9961407588435027,0.9999981114843155,true,0,NaN
3269,F,0.9961414568687925,1.0000763092891587,false,0,NaN
3270,F,0.9961410638211375,0.9999974939134998,true,0,NaN
3271,F,0.996141329776971,1.0001479515730562,false,0,NaN
3272,F,0.9961405798341347,0.9999975514643404,true,0,NaN
3273,F,0.9961411967990543,1.0000793088134547,false,0,NaN
3274,F,0.9961411303100959,1.000011565947095,false,0,NaN
3275,F,0.9961410970656167,1.0000104486983799,false,0,NaN
3276,F,0.996141329776971,1.0001479515730556,false,0,NaN
3277,F,0.9961411747327906,1.019349939067598,false,0,NaN
3278,F,0.9961411969125538,1.0000793049295367,false,0,NaN
3279,F,0.9961411126060749,1.0170183206440762,false,0,NaN
3280,F,0.9961411304803451,1.0000115627623374,false,0,NaN
3281,F,0.9961411159881773,1.0000438623008208,false,0,NaN
3282,F,0.9961410972642407,1.000010446846328,false,0,NaN
3283,F,0.9961410839178341,1.0000364423451842,false,0,NaN
3284,F,0.9961410806561886,0.9999976001071857,true,0,NaN
3285,F,0.9961413138303675,1.000144635113551,false,0,NaN
3286,F,0.9961405804167115,0.9999975512914144,true,0,NaN
3287,F,0.9961406005803726,0.9999995306099742,true,0,NaN
3288,F,0.9961406003386534,0.999998905276309,true,0,NaN
3289,F,0.9987711960720667,NaN,false,-300,NaN
3290,F,0.9974558986851914,NaN,false,-300,NaN
3291,F,0.9967982499917536,NaN,false,-300,NaN
3292,F,0.9964694256450344,NaN,false,-300,NaN
3293,F,0.9963050134716744,NaN,false,-300,NaN
3294,F,0.9962228073849936,NaN,false,-300,NaN
3295,F,0.9961817043416513,1.3444191846077842,false,0,NaN
3296,F,0.9959431070173086,1.5143619953434302,false,0,NaN
3297,F,0.9961508770591324,1.0315675180038255,false,0,NaN
3298,F,0.9961290078865483,1.0605055248130284,false,0,NaN
3299,F,0.9961418857682706,1.0131920325889165,false,0,NaN
3300,F,0.9961327462225893,1.0274537255999827,false,0,NaN
3301,F,0.9961406815752973,1.0000333600839668,false,0,NaN
3302,F,0.9961406577067118,1.002674537325409,false,0,NaN
3303,F,0.9961406037290235,0.999999026796438,true,0,NaN
3304,F,0.9961406328138075,1.0000010406123252,false,0,NaN
3305,F,0.9961406317294567,0.9999983209379839,true,0,NaN
3306,F,0.9961410571137782,1.0191978011165572,false,0,NaN
3307,F,0.9961408444216174,1.0017920679687207,false,0,NaN
3308,F,0.996140738075537,1.0001007859677207,false,0,NaN
3309,F,0.9961407064059636,1.0193530346529793,false,0,NaN
3310,F,0.9961406849024969,1.0000125009558607,false,0,NaN
3311,F,0.9961406805197809,1.0001363761835789,false,0,NaN
3312,F,0.9961406583159768,1.000001070508222,false,0,NaN
3313,F,0.9961406574661481,1.0000023908871705,false,0,NaN
3314,F,0.9961406450227167,0.9999989323121433,true,0,NaN
3315,F,0.9961419456431105,1.0065608796531187,false,0,NaN
3316,F,0.996109189511235,0.9999550305875246,true,0,NaN
3317,F,0.9961406450233732,0.9999989323083414,true,0,NaN
3318,F,0.9961419455973906,1.0065608749637347,false,0,NaN
3319,F,0.9961091894884456,0.9999550299616329,true,0,NaN
3320,F,0.9961412953103819,1.0066950209106298,false,0,NaN
3321,F,0.9961409701668775,1.0068182219041657,false,0,NaN
3322,F,0.9961408075951254,1.0050934705182872,false,0,NaN
3323,F,0.9961406697816816,1.0000094646371966,false,0,NaN
3324,F,0.9961406599872764,1.0001867853841917,false,0,NaN
3325,F,0.9961406574025273,1.0000010680901479,false,0,NaN
3326,F,0.9961406554163843,1.0000039205382936,false,0,NaN
3327,F,0.9961406512129503,0.9999994172446541,true,0,NaN
3328,F,0.99614065076199,0.9999993149819315,true,0,NaN
3329,F,0.9961415531522436,1.0067065405072513,false,0,NaN
3330,F,0.996108093933131,0.9999551280962736,true,0,NaN
3331,F,0.9961406507626038,0.9999993149807223,true,0,NaN
3332,F,0.9961415530949032,1.0067065316541404,false,0,NaN
3333,F,0.9961080939195294,0.9999552328342216,true,0,NaN
3334,F,0.9961411019287535,1.006746240515902,false,0,NaN
3335,F,0.9961408763456786,1.0068091978590439,false,0,NaN
3336,F,0.9961407635541413,1.0010783590825298,false,0,NaN
3337,F,0.9961406523063486,0.9999993868835046,true,0,NaN
3338,F,0.9961406603502837,1.0000010765382341,false,0,NaN
3339,F,0.9961406555238519,1.0000013573106639,false,0,NaN
3340,F,0.9961406567904368,0.9999998758128941,true,0,NaN
3341,F,0.9961406553938295,0.9999996441775726,true,0,NaN
3342,F,0.9961406545483927,0.9999995080054596,true,0,NaN
3343,F,0.9961406542024127,0.9999994164624958,true,0,NaN
3344,F,0.9961406574400541,1.0000014988940353,false,0,NaN
3345,F,0.9961406493302423,1.0000045288908503,false,0,NaN
3346,F,0.9961406558212333,0.9999998804252853,true,0,NaN
3347,F,0.9961406540143789,0.9999997801287721,true,0,NaN
3348,F,0.996140655011823,0.9999995263178617,true,0,NaN
3349,F,0.9961406545840028,0.9999994525206156,true,0,NaN
3350,F,0.9961406546071179,0.9999994432107826,true,0,NaN
3351,F,0.9961406545029495,0.9999994205134213,true,0,NaN
3352,F,0.9961406454973445,0.9999974255930145,true,0,NaN
3353,F,0.9977490694767817,NaN,false,-300,NaN
3354,F,0.9969448575676284,NaN,false,-300,NaN
3355,F,0.9965427516130517,NaN,false,-300,NaN
3356,F,0.9963416986357633,NaN,false,-300,NaN
3357,F,0.9962411721471187,NaN,false,-300,NaN
3358,F,0.996190908902796,1.3078885780397291,false,0,NaN
3359,F,0.9946935826753466,1.1595142562115408,false,0,NaN
3360,F,0.9961657772806337,1.0751697300337275,false,0,NaN
3361,F,0.9958002017773366,1.0200664860587758,false,0,NaN
3362,F,0.9961469285640052,1.0128272915775325,false,0,NaN
3363,F,0.9960845347774984,0.9968142388746339,true,0,NaN
3364,F,0.9961414310215859,1.0069553621676346,false,0,NaN
3365,F,0.9961406947423653,1.0000058393687792,false,0,NaN
3366,F,0.996140653824765,1.0000015139642628,false,0,NaN
3367,F,0.996140647164743,0.9999974482189403,true,0,NaN
3368,F,0.9961406618634377,1.0011829013205733,false,0,NaN
3369,F,0.9961406545621709,1.0000615388241691,false,0,NaN
3370,F,0.9961406509111667,1.0000065987770692,false,0,NaN
3371,F,0.9961406073422908,1.0000304812440077,false,0,NaN
3372,F,0.9961406490849218,0.9999994308017001,true,0,NaN
3373,F,0.9961406396451805,0.999998693816702,true,0,NaN
3374,F,0.996140648170309,0.9999979854379292,true,0,NaN
3375,F,0.9961406456124292,0.999997567503442,true,0,NaN
3376,F,0.9961406477103607,0.999997615203751,true,0,NaN
3377,F,0.99614064691529,0.9999974671254656,true,0,NaN
3378,F,0.9961406474765422,0.9999975094340582,true,0,NaN
3379,F,0.9961406480208815,0.9999975602880341,true,0,NaN
3380,F,0.9961406503342697,1.0000032845148896,false,0,NaN
3381,F,0.9961406221720932,0.999999377036372,true,0,NaN
3382,F,0.9961406491775756,0.9999991188720944,true,0,NaN
3383,F,0.9961406415096197,0.999997827649512,true,0,NaN
3384,F,0.9961406485992286,0.9999979716892808,true,0,NaN
3385,F,0.9961406465752077,0.9999975977769365,true,0,NaN
3386,F,0.996140648310055,0.9999976662894329,true,0,NaN
3387,F,0.996140647788547,0.9999975652873083,true,0,NaN
3388,F,0.9961406481654683,0.9999975872118526,true,0,NaN
3389,F,0.9961406482801018,0.9999975353577765,true,0,NaN
3390,F,0.9961523967562832,1.0065344749396135,false,0,NaN
3391,F,0.9961199585284767,1.0181414024957935,false,0,NaN
3392,F,0.9961465225316072,1.0002494813153928,false,0,NaN
3393,F,0.9961452723012407,0.9999423297580834,true,0,NaN
3394,F,0.9961946259851105,1.0119207069705878,false,0,NaN
3395,F,0.9961935855426168,1.029803227232379,false,0,NaN
3396,F,0.9961699779997306,1.002796470705829,false,0,NaN
3397,F,0.9961697300888966,1.0191509712237308,false,0,NaN
3398,F,0.9961576538661177,1.0006345105409196,false,0,NaN
3399,F,0.9961575937432599,1.0195903875875447,false,0,NaN
3400,F,0.9961514915174371,1.0001349862063247,false,0,NaN
3401,F,0.996151474783289,1.0067822352800473,false,0,NaN
3402,F,0.996148409779123,0.9999966143088348,true,0,NaN
3403,F,0.9961801014539927,1.0270068141319606,false,0,NaN
3404,F,0.996178078416766,1.0247388111811238,false,0,NaN
3405,F,0.9961642722719176,1.013668345738055,false,0,NaN
3406,F,0.9961632482727686,1.0171085383757958,false,0,NaN
3407,F,0.996156357646711,1.0131142250037526,false,0,NaN
3408,F,0.9961553751506562,1.0172374430760833,false,0,NaN
3409,F,0.9961524002657667,1.0129116591253535,false,0,NaN
3410,F,0.9961514329416958,1.017209015217968,false,0,NaN
3411,F,0.9961504214385922,1.0127764855263837,false,0,NaN
3412,F,0.9961494317514348,1.0080680541894758,false,0,NaN
3413,F,0.9961489363593882,1.0000454296495305,false,0,NaN
3414,F,0.9961489327031676,1.0003571243567273,false,0,NaN
3415,F,0.9961485608501295,0.9999995144840867,true,0,NaN
3416,F,0.9961497156638862,1.0071244481630477,false,0,NaN
3417,F,0.9961491392435166,1.0002845128623896,false,0,NaN
3418,F,0.9961491215348864,1.019404799525923,false,0,NaN
3419,F,0.9961488508059907,1.0000051457828554,false,0,NaN
3420,F,0.9961488504560849,1.0000018615981143,false,0,NaN
3421,F,0.9961487061294174,1.0000004054159828,true,0,NaN
3422,F,0.9961487060740586,0.999999589134841,true,0,NaN
3423,F,0.9961497217277486,1.013722889292628,false,0,NaN
3424,F,0.9961492138981306,1.0007537661118606,false,0,NaN
3425,F,0.9961491578936336,1.01875776460697,false,0,NaN
3426,F,0.9961489599833201,1.000031191696903,false,0,NaN
3427,F,0.9961489576312319,1.0002038300004805,false,0,NaN
3428,F,0.996148833025912,1.0000034218873237,false,0,NaN
3429,F,0.9961488327357804,1.0000013172619249,false,0,NaN
3430,F,0.9961487695472018,1.0000002415248206,true,0,NaN
3431,F,0.9961487694932177,0.9999996113341871,true,0,NaN
3432,F,0.9961483555464984,0.9999023789526619,true,0,NaN
3433,F,0.9961488273252554,0.9999954474057577,true,0,NaN
3434,F,0.9961488403869041,0.9999975737187606,true,0,NaN
3435,F,0.9961488460661352,0.9999975407104341,true,0,NaN
3436,F,0.9961488590870793,0.9999976205467327,true,0,NaN
3437,F,0.9961488886802229,0.9999982181555914,true,0,NaN
3438,F,0.9961489594689444,1.0000000536291225,true,0,NaN
3439,F,0.9961490177474569,1.0000024763164905,false,0,NaN
3440,F,0.9961489240745837,0.9999985004479824,true,0,NaN
3441,F,0.9961490320018702,0.9999998764896268,true,0,NaN
3442,F,0.9961492284303194,1.0000605626953696,false,0,NaN
3443,F,0.9961491233247911,1.0037464865729795,false,0,NaN
3444,F,0.9961491302160947,1.0000032116239737,false,0,NaN
3445,F,0.9961490811089825,0.99999998950801,true,0,NaN
3446,F,0.996149227337383,1.0000469626813075,false,0,NaN
3447,F,0.9961490589968168,1.0001464758240033,false,0,NaN
3448,F,0.9961491542231827,1.000004380314845,false,0,NaN
3449,F,0.9961491176660826,1.0000003967939395,true,0,NaN
3450,F,0.9961490993875325,0.9999999029628373,true,0,NaN
3451,F,0.9961492418681943,1.000010401807903,false,0,NaN
3452,F,0.9961492599580323,1.0000024231608116,false,0,NaN
3453,F,0.9961491706278633,1.0000011894596428,false,0,NaN
3454,F,0.996149135007698,0.9999998660230659,true,0,NaN
3455,F,0.9961493429615241,1.0000019299851215,false,0,NaN
3456,F,0.9961495037546536,0.9999979307291689,true,0,NaN
3457,F,0.9961500313810635,0.9999291157329143,true,0,NaN
3458,F,0.9961513210312578,1.0000047458552648,false,0,NaN
3459,F,0.9961521980898255,1.0000153773786165,false,0,NaN
3460,F,0.9961506762061606,0.999965368425864,true,0,NaN
3461,F,0.9961528358009317,0.999992784617552,true,0,NaN
3462,F,0.9999849024859799,NaN,false,-300,NaN
3463,F,0.9980688756654488,1.7830018067790374,false,0,NaN
3464,F,0.9979884443441711,2.216196265863088,false,0,NaN
3465,F,0.99711086018528,1.2623646695734396,false,0,NaN
3466,F,0.9970839091326407,1.370457308211476,false,0,NaN
3467,F,0.9966318524101471,1.1009325338155838,false,0,NaN
3468,F,0.9966214837973115,1.1582443642924032,false,0,NaN
3469,F,0.9963923484524838,1.0662625131254342,false,0,NaN
3470,F,0.9963855411722689,1.0778393136116413,false,0,NaN
3471,F,0.9962725963334581,1.0393594343464443,false,0,NaN
3472,F,0.9962685525592966,1.0379357966687168,false,0,NaN
3473,F,0.9962127199935542,1.026425459711334,false,0,NaN
3474,F,0.9962100048077485,1.031754025015951,false,0,NaN
3475,F,0.9961678111170851,1.0169322414640183,false,0,NaN
3476,F,0.9961660710823507,1.0208770235461153,false,0,NaN
3477,F,0.9961547097119586,1.0034992343297975,false,0,NaN
3478,F,0.9961543495266028,1.0183277842952387,false,0,NaN
3479,F,0.9961529532044752,1.0000073629024453,false,0,NaN
3480,F,0.9961529517069818,1.00001022247221,false,0,NaN
3481,F,0.9961528394697925,0.9999928019544947,true,0,NaN
3482,F,0.9961528932987359,1.0000004530651556,true,0,NaN
3483,F,0.9961528394701572,0.9999928020030615,true,0,NaN
3484,F,0.9961528815390275,1.000000032547991,true,0,NaN
3485,F,0.9961528605045924,0.9999964020959176,true,0,NaN
3486,F,0.9961529763698332,1.0000117789662377,false,0,NaN
3487,F,0.9961529459029571,1.0000188653489541,false,0,NaN
3488,F,0.9961529184372129,1.0000016598370216,false,0,NaN
3489,F,0.9961528894709026,0.9999980961709212,true,0,NaN
3490,F,0.9961649661565704,1.008501711008989,false,0,NaN
3491,F,0.9961231089362357,0.9981092183081711,true,0,NaN
3492,F,0.9961589278137365,1.000645137060821,false,0,NaN
3493,F,0.9961559086423195,1.0000995324589779,false,0,NaN
3494,F,0.9961543990566111,1.0000181475644467,false,0,NaN
3495,F,0.9961603285550487,1.0014154518794356,false,0,NaN
3496,F,0.9961599245599074,1.0185497000528092,false,0,NaN
3497,F,0.9961566249887961,1.0001940529865454,false,0,NaN
3498,F,0.9961565690743658,1.0196082800714565,false,0,NaN
3499,F,0.9961547732056656,1.000041458673529,false,0,NaN
3500,F,0.9961547608094715,1.0004643638989914,false,0,NaN
3501,F,0.9961538473140915,1.0000185623303892,false,0,NaN
3502,F,0.9961538414621954,1.000060853027119,false,0,NaN
3503,F,0.9961533843682872,1.0000100334838975,false,0,NaN
3504,F,0.9961533809567734,1.0000197347911048,false,0,NaN
3505,F,0.9961531528953501,1.0000021824784149,false,0,NaN
3506,F,0.9961531517259072,1.0000028269786538,false,0,NaN
3507,F,0.996153037158812,1.0000014281808656,false,0,NaN
3508,F,0.996153036206873,1.0000016013536612,false,0,NaN
3509,F,0.9961529503559211,1.0000010694279227,false,0,NaN
3510,F,0.9961529495081406,1.0000010342468693,false,0,NaN
3511,F,0.9961529250333704,1.0000009979212452,true,0,NaN
3512,F,0.9961529242065305,1.0000009163811858,true,0,NaN
3513,F,0.9961529215126816,1.000000989160206,true,0,NaN
3514,F,0.9961529206884168,1.0000009015579874,true,0,NaN
3515,F,0.996152890559703,0.9999980998273987,true,0,NaN
3516,F,0.9961528981660478,0.9999982841176817,true,0,NaN
3517,F,0.9961529503026004,1.0000086670364303,false,0,NaN
3518,F,0.9961529451589612,1.0000253928193992,false,0,NaN
3519,F,0.9961529242343241,1.0000010971933655,false,0,NaN
3520,F,0.9961529228407423,1.0000013639464012,false,0,NaN
3521,F,0.996152911200186,0.9999990340048612,true,0,NaN
3522,F,0.9961529229008955,1.0000000070195276,true,0,NaN
3523,F,0.9961529215753517,0.9999996001220265,true,0,NaN
3524,F,0.9961529170505408,0.9999993069638052,true,0,NaN
3525,F,0.9961650503366024,1.001435296328447,false,0,NaN
3526,F,0.9961579729508131,1.0000009769820126,true,0,NaN
3527,F,0.9961593238369978,1.0002376401892386,false,0,NaN
3528,F,0.9961581386876749,0.999997632898831,true,0,NaN
3529,F,0.9961582276600641,0.9999983959706349,true,0,NaN
3530,F,0.9961593396355489,1.010695782066199,false,0,NaN
3531,F,0.9961064612111941,0.9993392514558884,true,0,NaN
3532,F,0.9961587836478065,1.001247755052919,false,0,NaN
3533,F,0.9961585056539353,0.9999908711154861,true,0,NaN
3534,F,0.9961588950335378,1.000056012356982,false,0,NaN
3535,F,0.9961586060764608,0.9999975215600919,true,0,NaN
3536,F,0.9961586426628759,0.9999980789580059,true,0,NaN
3537,F,0.9961591531371081,1.0005230436555588,false,0,NaN
3538,F,0.996156555218941,0.9999895073251251,true,0,NaN
3539,F,0.996158897899992,1.0000353022971908,false,0,NaN
3540,F,0.996158770281434,1.0000036985872458,false,0,NaN
3541,F,0.996158706472155,0.9999991844087445,true,0,NaN
3542,F,0.9961589688956911,1.0000622098265817,false,0,NaN
3543,F,0.9961586491064283,0.9999974451827544,true,0,NaN
3544,F,0.996158837683923,1.0000083616743192,false,0,NaN
3545,F,0.996158772078039,1.0000008072591968,true,0,NaN
3546,F,0.996158739275097,0.9999994397370232,true,0,NaN
3547,F,0.9961589284523218,1.0000343249739978,false,0,NaN
3548,F,0.9961587464801924,0.9999974889707843,true,0,NaN
3549,F,0.9961589468022058,1.0000244355856371,false,0,NaN
3550,F,0.9961588137364961,0.999997510661423,true,0,NaN
3551,F,0.9961588293866999,0.9999977274976491,true,0,NaN
3552,F,0.9961590181557441,0.999998391553902,true,0,NaN
3553,F,0.9969025302288668,1.2186678559920403,false,0,NaN
3554,F,0.996900252423998,1.188575753528185,false,0,NaN
3555,F,0.9965307741923054,1.0812147066853202,false,0,NaN
3556,F,0.9965299281897853,1.1026300565972278,false,0,NaN
3557,F,0.9963448961740248,1.048145947342447,false,0,NaN
3558,F,0.9963443946374373,1.0421712462448585,false,0,NaN
3559,F,0.9962519571648845,1.026366429169917,false,0,NaN
3560,F,0.9962516824980735,1.0305452460374207,false,0,NaN
3561,F,0.9962054876603144,1.01295619674899,false,0,NaN
3562,F,0.9962053526832985,1.0178784691596845,false,0,NaN
3563,F,0.9961822529080292,1.006400342520513,false,0,NaN
3564,F,0.9961821862211001,1.0087575131118507,false,0,NaN
3565,F,0.9961706355318867,1.003158702349987,false,0,NaN
3566,F,0.9961706026120123,1.0043117347401487,false,0,NaN
3567,F,0.9961619224997798,1.0007431159329643,false,0,NaN
3568,F,0.9961619147422411,1.0010129797847904,false,0,NaN
3569,F,0.9961593811987486,1.0000516412323126,false,0,NaN
3570,F,0.996159380644065,1.0000636856960758,false,0,NaN
3571,F,0.9961590408459319,0.9999987279177041,true,0,NaN
3572,F,0.9961969438603073,1.0111384983109697,false,0,NaN
3573,F,0.9961402399034953,0.9995704933874813,true,0,NaN
3574,F,0.9961590408472669,0.9999987279026706,true,0,NaN
3575,F,0.9961969430060308,1.0111382814454415,false,0,NaN
3576,F,0.9961402401403412,0.9995705001604868,true,0,NaN
3577,F,0.9961779919266489,1.0055028565996258,false,0,NaN
3578,F,0.9961685163869579,1.0027120394512226,false,0,NaN
3579,F,0.9961637786171124,1.0013315196277166,false,0,NaN
3580,F,0.9961591315726973,1.0000044601094122,false,0,NaN
3581,F,0.9961591314913147,1.000002380491594,false,0,NaN
3582,F,0.9961590862099822,1.000000283428979,true,0,NaN
3583,F,0.9961590861878976,0.9999992684288243,true,0,NaN
3584,F,0.996159330463406,0.9999967696639912,true,0,NaN
3585,F,0.9961601131212536,0.9997749863548026,true,0,NaN
3586,F,0.9961622748374601,1.000059060690627,false,0,NaN
3587,F,0.9961631450014402,1.000047860914521,false,0,NaN
3588,F,0.9961611939793569,0.9998779554068048,true,0,NaN
3589,F,0.9961632046776324,1.0002724139247503,false,0,NaN
3590,F,0.9961629452344944,1.0001426494952408,false,0,NaN
3591,F,0.9961621993284947,1.0000694345747545,false,0,NaN
3592,F,0.9961616966539257,0.9999676497316773,true,0,NaN
3593,F,0.9961620675800418,0.9999468084278788,true,0,NaN
3594,F,0.9961630007082642,1.00040558339823,false,0,NaN
3595,F,0.9961609786276909,0.9999962282626566,true,0,NaN
3596,F,0.996162534144153,1.0000199955634734,false,0,NaN
3597,F,0.9961623008620973,0.9999590794003508,true,0,NaN
3598,F,0.9961628281662338,1.000147495546535,false,0,NaN
3599,F,0.9961620839677953,0.9999941758563469,true,0,NaN
3600,F,0.9961625645141656,1.000015747553929,false,0,NaN
3601,F,0.9961624326881314,1.0000005503525653,true,0,NaN
3602,F,0.9961623667751144,0.9999838788626426,true,0,NaN
3603,F,0.9961628824944461,1.0001378922274897,false,0,NaN
3604,F,0.9961621852950548,0.9999944578471924,true,0,NaN
3605,F,0.9961626246347802,1.0000074058518091,false,0,NaN
3606,F,0.9961624957049473,0.9999908026470443,true,0,NaN
3607,F,0.9961627232912768,1.0000020249827508,false,0,NaN
3608,F,0.9961627009469605,0.9999975221476789,true,0,NaN
3609,F,0.999984941199997,NaN,false,-300,NaN
3610,F,0.9980738213825976,1.7823704633734192,false,0,NaN
3611,F,0.9980411057232871,1.7815277608041038,false,0,NaN
3612,F,0.9971182613999169,1.2925550929887442,false,0,NaN
3613,F,0.9971060278303339,1.2130551431055017,false,0,NaN
3614,F,0.9966404814085336,1.1123714044194246,false,0,NaN
3615,F,0.9966357823891093,1.1290132269893631,false,0,NaN
3616,F,0.996401591412756,1.0789294556631552,false,0,NaN
3617,F,0.9963982907998263,1.0593786191062904,false,0,NaN
3618,F,0.9962821464146953,1.0387314529550045,false,0,NaN
3619,F,0.9962805267190012,1.0364926464111388,false,0,NaN
3620,F,0.9962224239153212,1.0179551014191726,false,0,NaN
3621,F,0.9962216730022789,1.0328505758651885,false,0,NaN
3622,F,0.9961776320383846,1.0043981162436637,false,0,NaN
3623,F,0.9961774480234097,1.007418618733534,false,0,NaN
3624,F,0.9961645677160818,1.0005230117863315,false,0,NaN
3625,F,0.996164545742239,1.0008783715587124,false,0,NaN
3626,F,0.9961628177102633,1.0000134637726235,false,0,NaN
3627,F,0.9961628170436492,1.0000179837190357,false,0,NaN
3628,F,0.9961627045958137,0.9999975441000782,true,0,NaN
3629,F,0.9961627301237828,0.9999986231799931,true,0,NaN
3630,F,0.9961627807616082,1.0000055146662388,false,0,NaN
3631,F,0.9961627798853037,1.0000078726597694,false,0,NaN
3632,F,0.9961627554426955,1.0000005901811662,true,0,NaN
3633,F,0.9961627551925765,1.0000001901375086,true,0,NaN
3634,F,0.9961627427832391,0.9999991507681246,true,0,NaN
3635,F,0.9961626312351933,0.9999748158470686,true,0,NaN
3636,F,0.9961627427832139,0.9999991507624644,true,0,NaN
3637,F,0.9961626228006485,0.999974207091002,true,0,NaN
3638,F,0.9961626827919312,0.9999866553827726,true,0,NaN
3639,F,0.9961627127875725,0.9999928970227198,true,0,NaN
3640,F,0.9961627277853933,0.9999960223591277,true,0,NaN
3641,F,0.9961627514899343,1.000000092902063,true,0,NaN
3642,F,0.9961627396376638,0.9999980312471634,true,0,NaN
3643,F,0.9961627337115285,0.9999970200127668,true,0,NaN
3644,F,0.996162730748461,0.9999965194634027,true,0,NaN
3645,F,0.9961627640094207,1.0000012540507637,false,0,NaN
3646,F,0.9961627473789408,0.9999985928626127,true,0,NaN
3647,F,0.9961627390637009,0.9999974743055298,true,0,NaN
3648,F,0.996162734906081,0.9999969752666134,true,0,NaN
3649,F,0.9961627782865599,1.000005925141599,false,0,NaN
3650,F,0.9961627751733948,1.0000125447064683,false,0,NaN
3651,F,0.9961627806238742,1.0000070887036938,false,0,NaN
3652,F,0.99616277692851,1.0000157219539823,false,0,NaN
3653,F,0.9961627817925315,1.0000077002864645,false,0,NaN
3654,F,0.9961627777952052,1.0000173996742099,false,0,NaN
3655,F,0.9961627823768601,1.0000080129916202,false,0,NaN
3656,F,0.996162778226033,1.0000182585026014,false,0,NaN
3657,F,0.9961627826690245,1.0000081710097708,false,0,NaN
3658,F,0.9961627784408399,1.0000186926437526,false,0,NaN
3659,F,0.9961627828151067,1.0000082504276326,false,0,NaN
3660,F,0.9961627785480943,1.0000189108644482,false,0,NaN
3661,F,0.9961627828881481,1.000008290237953,false,0,NaN
3662,F,0.9961627786016848,1.0000190202587262,false,0,NaN
3663,F,0.9961627829429303,1.000008320140426,false,0,NaN
3664,F,0.9961627786418626,1.000019102429527,false,0,NaN
3665,F,0.9961627829589216,1.0000083288762642,false,0,NaN
3666,F,0.9961627786535882,1.0000191264355427,false,0,NaN
3667,F,0.9961627588048704,1.0000006543895759,true,0,NaN
3668,F,0.9961627572965989,1.0000023636506021,false,0,NaN
3669,F,0.9961627316240866,0.9999965216164828,true,0,NaN
3670,F,0.9961627527838757,0.9999986210922901,true,0,NaN
3671,F,0.9961628278214205,0.9999986176845342,true,0,NaN
3672,F,0.9961638154945733,0.9999489510651733,true,0,NaN
3673,F,0.9961649157975867,1.0003176736707655,false,0,NaN
3674,F,0.9961638454075007,0.9999313228688339,true,0,NaN
3675,F,0.9961653683296571,0.9996772541510315,true,0,NaN
3676,F,0.9961671118828428,0.9998616146247538,true,0,NaN
3677,F,0.9961678428476112,1.0001185398468708,false,0,NaN
3678,F,0.9961672431087389,0.9999975131870387,true,0,NaN
3679,F,0.9961673270735155,1.0000010873561813,false,0,NaN
3680,F,0.9961673449561455,0.9999945894518961,true,0,NaN
3681,F,0.9961674516427661,0.9998451106679276,true,0,NaN
3682,F,0.9999849598432606,NaN,false,-300,NaN
3683,F,0.9980762057430134,1.8162462710448575,false,0,NaN
3684,F,0.9980144318419396,2.0260587969269057,false,0,NaN
3685,F,0.9971218286928898,1.2703898836323748,false,0,NaN
3686,F,0.9971013576219844,1.197407245316294,false,0,NaN
3687,F,0.9966446401678279,1.1191434798048836,false,0,NaN
3688,F,0.9966356133241497,1.1196441225972311,false,0,NaN
3689,F,0.996406045905297,1.0647865026265846,false,0,NaN
3690,F,0.9964011320427044,1.0476975209496246,false,0,NaN
3691,F,0.9962867487740316,1.044009303494788,false,0,NaN
3692,F,0.9962834070413012,1.0234173684048633,false,0,NaN
3693,F,0.9962271002083988,1.0254120184237792,false,0,NaN
3694,F,0.9962251656599108,1.0282327788087815,false,0,NaN
3695,F,0.9961823637841742,1.0055991642442161,false,0,NaN
3696,F,0.9961819283973159,1.010924775378081,false,0,NaN
3697,F,0.9961693156604421,1.0005319422533936,false,0,NaN
3698,F,0.9961692636905669,1.0011416940321334,false,0,NaN
3699,F,0.9961675681438709,0.9998660857707756,true,0,NaN
3700,F,0.9961682479185333,1.0000003059786216,true,0,NaN
3701,F,0.996168312183185,1.0000077110476289,false,0,NaN
3702,F,0.9961682614262908,0.9999974728596726,true,0,NaN
3703,F,0.9999849630211126,NaN,false,-300,NaN
3704,F,0.9980766122237017,1.687107291767836,false,0,NaN
3705,F,0.9978951688574719,1.7413707542772716,false,0,NaN
3706,F,0.9971224368249962,1.3392162119013338,false,0,NaN
3707,F,0.9970328601835247,1.2409489025925264,false,0,NaN
3708,F,0.9966453491256435,1.15244232685819,false,0,NaN
3709,F,0.9966050933954637,1.1406572400987984,false,0,NaN
3710,F,0.9964068052759671,1.075147183813149,false,0,NaN
3711,F,0.9963869606803124,1.0598938517174377,false,0,NaN
3712,F,0.996287533351129,1.0520636893374533,false,0,NaN
3713,F,0.9962737843559544,1.0588966263500597,false,0,NaN
3714,F,0.9962278973887099,1.033140745014061,false,0,NaN
3715,F,0.9962191453279736,1.0151559746186787,false,0,NaN
3716,F,0.9961831704168955,1.017279645823479,false,0,NaN
3717,F,0.9961786067568342,1.026065823755667,false,0,NaN
3718,F,0.9961701250501164,1.0072906982149723,false,0,NaN
3719,F,0.9961683779027799,1.0000190198495635,false,0,NaN
3720,F,0.9961683722129203,1.0000275290580187,false,0,NaN
3721,F,0.9961682650661811,0.9999975110633919,true,0,NaN
3722,F,0.9961687749517217,1.0001713579469327,false,0,NaN
3723,F,0.9961679132591504,0.9999970645582497,true,0,NaN
3724,F,0.9961682651988387,0.9999975111253958,true,0,NaN
3725,F,0.9961692390875494,1.0075707991674143,false,0,NaN
3726,F,0.9961687521431941,1.0012183252321205,false,0,NaN
3727,F,0.9961685086710164,1.0000437998665501,false,0,NaN
3728,F,0.9961683869349276,1.0000089023222423,false,0,NaN
3729,F,0.9961683158400202,1.0000026882066924,false,0,NaN
3730,F,0.9961683141707263,1.0000023617039524,false,0,NaN
3731,F,0.9961682905194222,0.9999989906470287,true,0,NaN
3732,F,0.9961686399767868,1.0054129025479468,false,0,NaN
3733,F,0.9961417858409487,0.9995531210252862,true,0,NaN
3734,F,0.9961682905226785,0.9999989906332182,true,0,NaN
3735,F,0.9961686399730656,1.0054128912061322,false,0,NaN
3736,F,0.9961417858934303,0.9995531175949238,true,0,NaN
3737,F,0.9961684652478721,1.0000667784435708,false,0,NaN
3738,F,0.9961683778852752,1.0000033661658083,false,0,NaN
3739,F,0.9961683342039769,0.9999995993571733,true,0,NaN
3740,F,0.9961685057947152,1.0007077130158892,false,0,NaN
3741,F,0.99616498437747,0.9999833116747521,true,0,NaN
3742,F,0.996168419999346,1.0000222558452863,false,0,NaN
3743,F,0.9961683771016614,1.0000018337893781,false,0,NaN
3744,F,0.9961683556528191,0.9999998454655169,true,0,NaN
3745,F,0.9961684086430376,1.0000198751392375,false,0,NaN
3746,F,0.9961682977486402,0.9999974995171503,true,0,NaN
3747,F,0.9961683821479284,1.0000018120634269,false,0,NaN
3748,F,0.9961683689003737,0.9999998742071098,true,0,NaN
3749,F,0.9961683777448602,0.999999944105939,true,0,NaN
3750,F,0.996168373322617,0.9999992181721977,true,0,NaN
3751,F,0.9961683721651494,0.9999976421470085,true,0,NaN
3752,F,0.9999849634556877,NaN,false,-300,NaN
3753,F,0.9980766980621079,NaN,false,-300,NaN
3754,F,0.997122564568111,1.4975651195349522,false,0,NaN
3755,F,0.9968873300869855,1.3638153571265677,false,0,NaN
3756,F,0.9966454978199789,1.1593607775148218,false,0,NaN
3757,F,0.9965701558690625,1.10202083863208,false,0,NaN
3758,F,0.9964069644436455,1.0165915549699402,false,0,NaN
3759,F,0.9963991193559933,1.0530028507728755,false,0,NaN
3760,F,0.9962876977509441,1.0257573934903985,false,0,NaN
3761,F,0.9962755193389363,0.9927551535208863,true,0,NaN
3762,F,0.9967660037587646,1.1492780163703853,false,0,NaN
3763,F,0.9967576064305722,1.2842083563309703,false,0,NaN
3764,F,0.9965207690024019,1.0608157592926877,false,0,NaN
3765,F,0.9965171175197162,1.0827403679574905,false,0,NaN
3766,F,0.9963981501871443,1.0443832157420747,false,0,NaN
3767,F,0.9963953804863052,1.0544734847599506,false,0,NaN
3768,F,0.9963368389032897,1.040800220267703,false,0,NaN
3769,F,0.9963342615603015,1.024388077273327,false,0,NaN
3770,F,0.9963061824568247,1.0249218152400845,false,0,NaN
3771,F,0.9963044569270227,1.0099401739602802,false,0,NaN
3772,F,0.9962908536258891,1.0091584801467288,false,0,NaN
3773,F,0.99628997369613,1.0265621795217745,false,0,NaN
3774,F,0.9962831879945933,0.9927547813708764,true,0,NaN
3775,F,0.9963181852350478,1.0000314937931745,false,0,NaN
3776,F,0.996322772135122,1.0057111038956323,false,0,NaN
3777,F,0.99660678163243,1.0805280309556506,false,0,NaN
3778,F,0.9962708111093174,0.9895973804263049,true,0,NaN
3779,F,0.9963258147352706,1.016926356123986,false,0,NaN
3780,F,0.9962402353490555,0.982752459221735,true,0,NaN
3781,F,0.996298312922294,0.9947684379512131,true,0,NaN
3782,F,0.9963490753374544,1.018552393581178,false,0,NaN
3783,F,0.9962594911971304,0.9999880767340266,true,0,NaN
3784,F,0.9963236941298742,1.0149538604856638,false,0,NaN
3785,F,0.9963110035260841,1.0048568727412812,false,0,NaN
3786,F,0.996304658224189,0.9967663111081108,true,0,NaN
3787,F,0.9963638800951098,1.0055307753312834,false,0,NaN
3788,F,0.9963365945963005,0.9995359271277268,true,0,NaN
3789,F,0.9964228813235848,1.0804882564200058,false,0,NaN
3790,F,0.9961530611729469,1.0627836429392676,false,0,NaN
3791,F,0.9963797379599427,1.0271545798539896,false,0,NaN
3792,F,0.9963581662781216,1.0127683024154637,false,0,NaN
3793,F,0.996347380437211,1.0029895613937345,false,0,NaN
3794,F,0.9964228774866718,1.080487423909669,false,0,NaN
3795,F,0.9964112385798289,1.1317738816741798,false,0,NaN
3796,F,0.9963797400142734,1.0271544630490173,false,0,NaN
3797,F,0.9963757797133966,1.0428853283643988,false,0,NaN
3798,F,0.9963581712780739,1.0127682973758116,false,0,NaN
3799,F,0.9963562745470261,1.0337909405474668,false,0,NaN
3800,F,0.9963473869099736,1.0032037394125304,false,0,NaN
3801,F,0.996346864879074,1.044402631076138,false,0,NaN
3802,F,0.9963419947259221,0.999688580298907,true,0,NaN
3803,F,0.9963507584284659,1.011782230054851,false,0,NaN
3804,F,0.9962978088206335,1.001198668563604,false,0,NaN
3805,F,0.996346376577194,1.00924151961543,false,0,NaN
3806,F,0.996344185651558,1.0013489016596964,false,0,NaN
3807,F,0.9963430901887401,1.001020868771688,false,0,NaN
3808,F,0.9963425176076879,1.0066205573293918,false,0,NaN
3809,F,0.9963413429687253,1.0382823508215484,false,0,NaN
3810,F,0.9963422430428373,1.0058040637935854,false,0,NaN
3811,F,0.9963412025982555,1.0394191612964172,false,0,NaN
3812,F,0.9963421057603057,1.0053008271629635,false,0,NaN
3813,F,0.996341148287408,1.0400909625387043,false,0,NaN
3814,F,0.9963420371188273,1.0050581760999033,false,0,NaN
3815,F,0.9963411196331827,1.0404473704951474,false,0,NaN
3816,F,0.9963420027976628,1.0047130529448258,false,0,NaN
3817,F,0.9963411427062026,1.0406594843679078,false,0,NaN
3818,F,0.9963419856362301,1.0046510917074454,false,0,NaN
3819,F,0.996341135758572,1.0407498582229384,false,0,NaN
3820,F,0.9963419770538119,1.004619999921132,false,0,NaN
3821,F,0.996341132301619,1.0407952205001212,false,0,NaN
3822,F,0.9963419706050171,1.0045965946500084,false,0,NaN
3823,F,0.9963419735663462,1.0008202373232966,false,0,NaN
3824,F,0.9963419934914051,0.999682341477198,true,0,NaN
3825,F,0.9963508840696761,1.0115238048644701,false,0,NaN
3826,F,0.9962991412488647,1.000252792835857,false,0,NaN
3827,F,0.9963464387805406,1.0098143341279764,false,0,NaN
3828,F,0.9963442161359728,1.00202827192734,false,0,NaN
3829,F,0.9963431048136889,1.0010275916807965,false,0,NaN
3830,F,0.9963419853870352,0.9996532135412777,true,0,NaN
3831,F,0.9963494457725955,1.0034862238470006,false,0,NaN
3832,F,0.9963334270128121,1.0000066359738078,false,0,NaN
3833,F,0.9963457155798153,1.0018255039880046,false,0,NaN
3834,F,0.9963438504834253,1.0011452925472744,false,0,NaN
3835,F,0.9963429179352302,1.0009834248698906,false,0,NaN
3836,F,0.9963419639780348,0.9996739975213751,true,0,NaN
3837,F,0.9963494850714879,1.003495945252364,false,0,NaN
3838,F,0.9963334110787118,1.0000097284334444,false,0,NaN
3839,F,0.9963457245247613,1.0018359125897862,false,0,NaN
3840,F,0.996343844251398,1.0011609845163254,false,0,NaN
3841,F,0.9963429041147164,1.0010016114047944,false,0,NaN
3842,F,0.9963419732627357,0.9996740833965071,true,0,NaN
3843,F,0.996349655887851,1.0035190128795612,false,0,NaN
3844,F,0.996333475816104,1.0000145996018825,false,0,NaN
3845,F,0.9963458145752933,1.0018394221106899,false,0,NaN
3846,F,0.9963438939190145,1.001161103350503,false,0,NaN
3847,F,0.9963429335908751,1.0010016665461117,false,0,NaN
3848,F,0.9963422669546771,0.9997696506817171,true,0,NaN
3849,F,0.9963502175076979,1.003621792385902,false,0,NaN
3850,F,0.9963335804014627,1.0000143475681573,false,0,NaN
3851,F,0.9963358421235912,0.9996151675262265,true,0,NaN
3852,F,0.9963385083537228,1.0001842411712896,false,0,NaN
3853,F,0.9963400515071948,1.0004122061095453,false,0,NaN
3854,F,0.99633819603368,1.0000050671294067,false,0,NaN
3855,F,0.9963384112467348,1.0001017292113739,false,0,NaN
3856,F,0.9963379612913863,0.9999421838601326,true,0,NaN
3857,F,0.9963394751985633,1.0076388791003243,false,0,NaN
3858,F,0.9963039281948234,0.9998180265688885,true,0,NaN
3859,F,0.9963387182449748,1.0075938510485398,false,0,NaN
3860,F,0.9963383397681805,1.0011825786204043,false,0,NaN
3861,F,0.9963381505297834,0.9999516669968341,true,0,NaN
3862,F,0.9967668072165212,1.15833213250156,false,0,NaN
3863,F,0.9967040665955683,1.1680645796335556,false,0,NaN
3864,F,0.9965525231467066,1.0582438277022674,false,0,NaN
3865,F,0.9965294307399715,1.0805373805395901,false,0,NaN
3866,F,0.9964453810017164,1.0229628235173944,false,0,NaN
3867,F,0.9964362645416319,1.0309860061357101,false,0,NaN
3868,F,0.9963918097090536,1.0063146481624643,false,0,NaN
3869,F,0.9963892881295812,1.016956349248936,false,0,NaN
3870,F,0.9963650236223711,0.99972549960634,true,0,NaN
3871,F,0.9963856636878387,1.026965796666043,false,0,NaN
3872,F,0.9963753436551049,1.0082431781974495,false,0,NaN
3873,F,0.996370183638738,1.0078377477262714,false,0,NaN
3874,F,0.9963676036305545,1.0075496935041592,false,0,NaN
3875,F,0.9963651156273228,0.9997337713193558,true,0,NaN
3876,F,0.9999869443561422,NaN,false,-300,NaN
3877,F,0.9981760299917325,NaN,false,-300,NaN
3878,F,0.9972705728095276,2.372541845984725,false,0,NaN
3879,F,0.9968178442184252,1.2756113285736237,false,0,NaN
3880,F,0.9967251591568952,1.12101550086678,false,0,NaN
3881,F,0.9967191048496941,1.1928174962315465,false,0,NaN
3882,F,0.9966807703057389,1.1120714184832678,false,0,NaN
3883,F,0.9966751639809552,1.1437008256116439,false,0,NaN
3884,F,0.9965556470199415,1.0605964458985193,false,0,NaN
3885,F,0.996552610021283,1.0929774416582765,false,0,NaN
3886,F,0.9964603813235807,1.0607688712173307,false,0,NaN
3887,F,0.9964573357256995,1.0576561395692736,false,0,NaN
3888,F,0.9964127484754004,1.0487928913249576,false,0,NaN
3889,F,0.9964103004697861,1.0349884199281827,false,0,NaN
3890,F,0.9963889320513102,1.0246462810777701,false,0,NaN
3891,F,0.9963876889396249,1.0335147341641355,false,0,NaN
3892,F,0.9963770238392652,1.0246558205663643,false,0,NaN
3893,F,0.9963757802521479,1.0335070638033683,false,0,NaN
3894,F,0.9963680926802313,1.0246604179905447,false,0,NaN
3895,F,0.9963654877588465,0.9997339963814794,true,0,NaN
3896,F,0.9964309817636761,1.0474974029918585,false,0,NaN
3897,F,0.9962574657568081,1.0382116254333174,false,0,NaN
3898,F,0.9963982347612613,1.0372447635488928,false,0,NaN
3899,F,0.9963818612600539,1.0166856593468243,false,0,NaN
3900,F,0.9963736745094501,1.00805614904696,false,0,NaN
3901,F,0.9963671941524023,1.0157984015953112,false,0,NaN
3902,F,0.9963667900075703,1.0093485279593797,false,0,NaN
3903,F,0.996366138877392,0.9998943745724095,true,0,NaN
3904,F,0.9964316700454036,1.0477874530886808,false,0,NaN
3905,F,0.9962574351427683,1.0379380369601292,false,0,NaN
3906,F,0.9963989044613978,1.0342542204887297,false,0,NaN
3907,F,0.9963825216693949,1.0169280659273618,false,0,NaN
3908,F,0.9963743302733935,1.0081638120585938,false,0,NaN
3909,F,0.9963662455401089,0.9998170462955763,true,0,NaN
3910,F,0.9963691105801278,1.000353122982872,false,0,NaN
3911,F,0.9963675748631883,1.0000003533231185,true,0,NaN
3912,F,0.9963708970945694,1.0098488880314136,false,0,NaN
3913,F,0.9963675602035436,0.9999299978092548,true,0,NaN
3914,F,0.9963682863612889,1.0048151968905095,false,0,NaN
3915,F,0.9963462690727564,1.0026941791685222,false,0,NaN
3916,F,0.9963679232824162,1.0001586614890066,false,0,NaN
3917,F,0.996369522314699,1.0003820533457888,false,0,NaN
3918,F,0.9999869759925086,NaN,false,-300,NaN
3919,F,0.9981781906223068,2.1588936724200285,false,0,NaN
3920,F,0.9980034074478134,2.5713261219649333,false,0,NaN
3921,F,0.9972738026259493,1.3933318999794118,false,0,NaN
3922,F,0.9987370136198886,NaN,false,-300,NaN
3923,F,0.9980054081229189,NaN,false,-300,NaN
3924,F,0.9976396053744342,2.005874572640262,false,0,NaN
3925,F,0.9974567040001917,1.6011311124980474,false,0,NaN
3926,F,0.9972559403894591,1.489094873661076,false,0,NaN
3927,F,0.9972494190290765,1.531634342483118,false,0,NaN
3928,F,0.9972559403843213,1.4890948953132304,false,0,NaN
3929,F,0.9972559403814615,1.489094907365538,false,0,NaN
3930,F,0.9972614449345939,1.4884100233306654,false,0,NaN
3931,F,0.9972677065951129,1.4185469526648937,false,0,NaN
3932,F,0.9972707546347698,1.4596652521190752,false,0,NaN
3933,F,0.9972722786545982,1.4390641326193374,false,0,NaN
3934,F,0.9972734216694698,1.4083425348164882,false,0,NaN
3935,F,0.9972737550488092,1.3917561208454434,false,0,NaN
3936,F,0.9963720799655241,1.105818140414866,false,0,NaN
3937,F,0.9960140970900525,1.0039020546315793,false,0,NaN
3938,F,0.9971492910413777,1.4302702352378387,false,0,NaN
3939,F,0.9974526183694619,1.6415363865195802,false,0,NaN
3940,F,0.9973009547054198,1.4720278692599504,false,0,NaN
3941,F,0.9989467198632707,3.4984700783310694,false,0,NaN
3942,F,0.9981238372843452,2.1021650945365593,false,0,NaN
3943,F,0.9977123959948825,1.718273004604073,false,0,NaN
3944,F,0.9975066753501511,1.6023129950337207,false,0,NaN
3945,F,0.9975964308506429,1.6568561067429266,false,0,NaN
3946,F,0.997596429731579,1.6655311080719581,false,0,NaN
3947,F,0.9974486898891464,1.5390300041011764,false,0,NaN
3948,F,0.9965571804092308,1.2245096313563542,false,0,NaN
3949,F,0.9962340965429562,1.1491076103481408,false,0,NaN
3950,F,0.9970151863448109,1.4879010365259373,false,0,NaN
3951,F,0.999985075931724,NaN,false,-300,NaN
3952,F,0.9985001311382675,2.624259538157021,false,0,NaN
3953,F,0.9977576587415392,2.0188206921206637,false,0,NaN
3954,F,0.997386422543175,1.9215784951049084,false,0,NaN
3955,F,0.9985297902715886,2.667735522686064,false,0,NaN
3956,F,0.9985041925948172,3.074581090277153,false,0,NaN
3957,F,0.9977626352813834,1.9040123359382988,false,0,NaN
3958,F,0.9977487597865814,1.74612658852401,false,0,NaN
3959,F,0.9979118169280742,2.2357837185349383,false,0,NaN
3960,F,0.9977353918278676,1.6907805398912819,false,0,NaN
3961,F,0.9986395590295576,3.188909085331496,false,0,NaN
3962,F,0.9972320134122703,1.8969042209140126,false,0,NaN
3963,F,0.9981874754287127,2.667875917097289,false,0,NaN
3964,F,0.9979614336282902,2.018978387226435,false,0,NaN
3965,F,0.9978484127280789,1.8575305039650865,false,0,NaN
3966,F,0.9977461524297239,2.005670299183402,false,0,NaN
3967,F,0.9977393125478732,2.108300670391218,false,0,NaN
3968,F,0.9977383304950815,2.0056939472503257,false,0,NaN
3969,F,0.9977314904525821,2.0783121910128033,false,0,NaN
3970,F,0.9977344162201552,2.0057057281238664,false,0,NaN
3971,F,0.9977275760976252,2.078289329508485,false,0,NaN
3972,F,0.9977324524181105,2.005711624233686,false,0,NaN
3973,F,0.997731456776667,2.0057146095479297,false,0,NaN
3974,F,0.9977309275423981,2.005716195227669,false,0,NaN
3975,F,0.997731832991893,2.1629996639691074,false,0,NaN
3976,F,0.9977345048606002,1.7677073541797592,false,0,NaN
3977,F,0.9977352813106919,1.6900574490065603,false,0,NaN
3978,F,0.9999886764065534,NaN,false,-300,NaN
3979,F,0.9988619788586227,3.874748421947316,false,0,NaN
3980,F,0.9982986300846572,2.8705459429788633,false,0,NaN
3981,F,0.9980169556976746,2.0919589761073154,false,0,NaN
3982,F,0.9977351708534669,1.7223784542966019,false,0,NaN
3983,F,0.9966287631871431,1.2849738645070043,false,0,NaN
3984,F,0.9950777964897307,0.9377867273763685,true,0,NaN
3985,F,0.9962052309134681,1.2067899838797944,false,0,NaN
3986,F,0.9943537252695127,0.9300775008858106,true,0,NaN
3987,F,0.9930743185371902,0.7476229181222683,true,0,NaN
3988,F,0.9947548608299736,1.0193890645325403,false,0,NaN
3989,F,0.9939145896835819,0.8697659960378651,true,0,NaN
3990,F,0.996892788807302,1.6845815589619453,false,0,NaN
3991,F,0.995403689245442,1.193113331997527,false,0,NaN
3992,F,0.9946591394645119,1.0156569119768077,false,0,NaN
3993,F,0.9942868645740469,0.9809871019414309,true,0,NaN
3994,F,0.9946164284199255,1.0156258254725863,false,0,NaN
3995,F,0.9944516464969861,0.9971950572268211,true,0,NaN
3996,F,0.9948797432596872,1.055788501441064,false,0,NaN
3997,F,0.9960887138460504,1.3606142441280422,false,0,NaN
3998,F,0.9946656948783367,1.0173450202103234,false,0,NaN
3999,F,0.9945586706876614,1.0182693234312437,false,0,NaN
4000,F,0.9945051585923238,1.0024425684112006,false,0,NaN
4001,F,0.9948393868543606,1.0531332654514691,false,0,NaN
4002,F,0.994824876069323,1.0895865534343518,false,0,NaN
4003,F,0.9949746367321136,1.0905341457838196,false,0,NaN
4004,F,0.9949506436617024,1.1186858612040287,false,0,NaN
4005,F,0.9947718724949811,1.01909038414861,false,0,NaN
4006,F,0.9947662556735516,1.0474067689897057,false,0,NaN
4007,F,0.9946117594959837,1.0191922730618825,false,0,NaN
4008,F,0.994606116534704,0.997203436022812,true,0,NaN
4009,F,0.995508198055842,NaN,false,-300,NaN
4010,F,0.995057157295273,NaN,false,-300,NaN
4011,F,0.9948316369149885,NaN,false,-300,NaN
4012,F,0.9947188767248463,NaN,false,-300,NaN
4013,F,0.9946512068615939,1.0170780457419244,false,0,NaN
4014,F,0.9946450061619405,1.052603836292128,false,0,NaN
4015,F,0.9946496589031407,1.017148107017049,false,0,NaN
4016,F,0.9946434503715397,1.052650078186181,false,0,NaN
4017,F,0.9946278864197823,1.0123406631894272,false,0,NaN
4018,F,0.9946231764755653,1.0239567585896117,false,0,NaN
4019,F,0.9946170001771341,1.0124687374662469,false,0,NaN
4020,F,0.9946122530698823,1.023949445391699,false,0,NaN
4021,F,0.9946115570538716,1.004103852278101,false,0,NaN
4022,F,0.9946094096574793,1.0126464936670017,false,0,NaN
4023,F,0.9946088354883639,1.0041260382679937,false,0,NaN
4024,F,0.9946074746978569,1.0041382915907509,false,0,NaN
4025,F,0.9946064540506959,0.9972872643709375,true,0,NaN
4026,F,0.9948418105280535,1.062282517996987,false,0,NaN
4027,F,0.9930515958906613,NaN,false,-300,NaN
4028,F,0.994606469111215,0.9972869536402847,true,0,NaN
4029,F,0.9946821476201478,1.0250148908464392,false,0,NaN
4030,F,0.9946913278734255,1.034173014199692,false,0,NaN
4031,F,0.9946443083656814,1.0152141694973396,false,0,NaN
4032,F,0.9946253887384482,1.0094451186834195,false,0,NaN
4033,F,0.9946159289248315,1.004981173551478,false,0,NaN
4034,F,0.9946065237068511,0.9972865337128382,true,0,NaN
4035,F,0.9949057489907944,1.7244055292354297,false,0,NaN
4036,F,0.9952516327075339,4.108125243583606,false,0,NaN
4037,F,0.9946065253650416,0.9972821797287887,true,0,NaN
4038,F,0.9949926150879778,1.994188771945068,false,0,NaN
4039,F,0.9956166516013045,8.176830594344072,false,0,NaN
4040,F,0.9947995702265097,1.4100312973946667,false,0,NaN
4041,F,0.9947030477957756,1.154641302736174,false,0,NaN
4042,F,0.9946547865804086,1.0508032899243,false,0,NaN
4043,F,0.9946083787792135,0.9974419624002232,true,0,NaN
4044,F,0.9946083783161259,0.9974505669380956,true,0,NaN
4045,F,0.9946083770287683,0.9974463794360034,true,0,NaN
4046,F,0.9946083765656718,0.9974549844138305,true,0,NaN
4047,F,0.9946083761192015,0.9974486746466057,true,0,NaN
4048,F,0.9946083756561003,0.9974572798551082,true,0,NaN
4049,F,0.9946077591127422,0.9973735627129301,true,0,NaN
4050,F,0.9946077588588346,0.9973714755209598,true,0,NaN
4051,F,0.9946071422386152,0.9973110674127602,true,0,NaN
4052,F,0.9946071421575245,0.9973027671401637,true,0,NaN
4053,F,0.9946068338015516,0.9972902513468835,true,0,NaN
4054,F,0.9947666199854829,1.18101997886215,false,0,NaN
4055,F,0.9949104798524246,1.7095657248443736,false,0,NaN
4056,F,0.9946068339648864,0.9972899796138633,true,0,NaN
4057,F,0.9947890158914949,1.1798486339305583,false,0,NaN
4058,F,0.9949695371331939,1.7058532333710443,false,0,NaN
4059,F,0.9946979249281906,1.047796830157334,false,0,NaN
4060,F,0.9946523794465385,1.0409760319773964,false,0,NaN
4061,F,0.9946296067057124,1.026343405567034,false,0,NaN
4062,F,0.9946070531737233,0.9972970789542812,true,0,NaN
4063,F,0.9946070531155702,0.9972935073765025,true,0,NaN
4064,F,0.9946070529777018,0.9972973632311479,true,0,NaN
4065,F,0.9946070529195485,0.9972937916454796,true,0,NaN
4066,F,0.9946069883855713,0.99729386204164,true,0,NaN
4067,F,0.994606988355143,0.9972914616288168,true,0,NaN
4068,F,0.9946069111752288,0.9972909867914879,true,0,NaN
4069,F,0.9946069111671325,0.9972901502605089,true,0,NaN
4070,F,0.9947906835127206,1.1792757490801464,false,0,NaN
4071,F,0.994972413993652,1.7202932494666894,false,0,NaN
4072,F,0.9946069112137881,0.9972900823189604,true,0,NaN
4073,F,0.9947906835144278,1.1792756721897377,false,0,NaN
4074,F,0.9949724138980437,1.7202932957935424,false,0,NaN
4075,F,0.9946987973641079,1.0459550274084772,false,0,NaN
4076,F,0.994652854288948,1.039997368657996,false,0,NaN
4077,F,0.9946298827513681,1.0258234627198717,false,0,NaN
4078,F,0.9946070630057525,0.9972928885964272,true,0,NaN
4079,F,0.9947893442650183,1.1798695506970176,false,0,NaN
4080,F,0.9949698014553697,1.7058383939227346,false,0,NaN
4081,F,0.99460706309952,0.9972927528621102,true,0,NaN
4082,F,0.9947893443028888,1.1798693887352851,false,0,NaN
4083,F,0.9949698013432989,1.7058384814571572,false,0,NaN
4084,F,0.9946982037012044,1.0478080158815954,false,0,NaN
4085,F,0.9946526334003621,1.040983859579927,false,0,NaN
4086,F,0.994629848249941,1.026348005709039,false,0,NaN
4087,F,0.9946071615981895,0.9972960940037116,true,0,NaN
4088,F,0.994607161481762,0.9972944893052084,true,0,NaN
4089,F,0.9946071615010298,0.9972962347290633,true,0,NaN
4090,F,0.994607161384602,0.9972946300285379,true,0,NaN
4091,F,0.9946071401776613,0.997294991527841,true,0,NaN
4092,F,0.9946071401036379,0.9972937373903162,true,0,NaN
4093,F,0.9946071016385907,0.9972933370436786,true,0,NaN
4094,F,0.9946071016188484,0.99729287320891,true,0,NaN
4095,F,0.9946070823690553,0.9972928971632996,true,0,NaN
4096,F,0.9946070823639535,0.9972927586967208,true,0,NaN
4097,F,0.994790815451415,1.1792417088783136,false,0,NaN
4098,F,0.9949722373916536,1.7202441260253445,false,0,NaN
4099,F,0.9946070823872489,0.9972927247611655,true,0,NaN
4100,F,0.9947908154365154,1.1792416707453037,false,0,NaN
4101,F,0.9949722373064325,1.7202441523478749,false,0,NaN
4102,F,0.9946989489118822,1.0459416414886133,false,0,NaN
4103,F,0.9946530156495655,1.0399917053889027,false,0,NaN
4104,F,0.9946300490184072,1.0258221440540818,false,0,NaN
4105,F,0.9946071592093119,0.9972951118838908,true,0,NaN
4106,F,0.9946071591049989,0.9972938878213368,true,0,NaN
4107,F,0.9947892715617759,1.1798900685967826,false,0,NaN
4108,F,0.9949693294962391,1.7058870916948394,false,0,NaN
4109,F,0.9946071591518244,0.9972938199789996,true,0,NaN
4110,F,0.9947892715649763,1.1798899878970173,false,0,NaN
4111,F,0.9949693294027824,1.7058871492862524,false,0,NaN
4112,F,0.9946982153584004,1.0478172973008175,false,0,NaN
4113,F,0.9946526872551124,1.040989493687999,false,0,NaN
4114,F,0.9946299232034684,1.026355941833907,false,0,NaN
4115,F,0.9946071928714744,0.997294868043021,true,0,NaN
4116,F,0.994607192648613,0.9972942792720896,true,0,NaN
4117,F,0.9946071928238636,0.9972949370368339,true,0,NaN
4118,F,0.9946071926010019,0.9972943482654806,true,0,NaN
4119,F,0.9946071927987066,0.9972949734923504,true,0,NaN
4120,F,0.9946071925758447,0.9972943847207365,true,0,NaN
4121,F,0.9946071781435893,0.9972942050134845,true,0,NaN
4122,F,0.9946071780684258,0.9972939257246245,true,0,NaN
4123,F,0.9946071686477068,0.9972939166118372,true,0,NaN
4124,F,0.9946071686281942,0.9972938290499096,true,0,NaN
4125,F,0.9946071638997657,0.9972938429089129,true,0,NaN
4126,F,0.9946071638947933,0.9972938185844965,true,0,NaN
4127,F,0.9947908148623262,1.179211752528567,false,0,NaN
4128,F,0.9949720729784083,1.7202023698876137,false,0,NaN
4129,F,0.9946071639006117,0.9972938101039108,true,0,NaN
4130,F,0.9947908148350754,1.1792117433898461,false,0,NaN
4131,F,0.9949720729010794,1.7202023812153961,false,0,NaN
4132,F,0.9946989893678435,1.0459293402613725,false,0,NaN
4133,F,0.9946530766342275,1.0399858735492422,false,0,NaN
4134,F,0.9946301202674196,1.0258205034972645,false,0,NaN
4135,F,0.9946071828172962,0.9972942093500584,true,0,NaN
4136,F,0.9946071827251789,0.9972939236767382,true,0,NaN
4137,F,0.9947892453848182,1.1799095691520822,false,0,NaN
4138,F,0.9949692258584965,1.7059230165690649,false,0,NaN
4139,F,0.9946071827368826,0.9972939067162312,true,0,NaN
4140,F,0.994789245362098,1.1799095493769975,false,0,NaN
4141,F,0.9949692257789448,1.7059230460087427,false,0,NaN
4142,F,0.9946982140494903,1.047825493964043,false,0,NaN
4143,F,0.9946526983931865,1.040993882994015,false,0,NaN
4144,F,0.9946299405650345,1.0263603221447222,false,0,NaN
4145,F,0.9946072166594723,0.9972952426324311,true,0,NaN
4146,F,0.9946072160443143,0.9972945556868288,true,0,NaN
4147,F,0.9946072011960313,0.9972943289744314,true,0,NaN
4148,F,0.9946072009994346,0.997294021571595,true,0,NaN
4149,F,0.994607191966457,0.9972940140505567,true,0,NaN
4150,F,0.9946071919149436,0.9972939174137363,true,0,NaN
4151,F,0.9946071873516699,0.9972939325039109,true,0,NaN
4152,F,0.9946071873384796,0.9972939055456871,true,0,NaN
4153,F,0.9947908279795787,1.1791867082882528,false,0,NaN
4154,F,0.9949720514168919,1.7201655999361893,false,0,NaN
4155,F,0.9946071873442971,0.9972938970651886,true,0,NaN
4156,F,0.9947908279523286,1.1791866991526527,false,0,NaN
4157,F,0.9949720513395677,1.7201656112683759,false,0,NaN
4158,F,0.9946990076483129,1.0459186787663028,false,0,NaN
4159,F,0.9946530974963049,1.039980368429068,false,0,NaN
4160,F,0.994630142420301,1.0258181300633087,false,0,NaN
4161,F,0.9946072056384936,0.9972942717427353,true,0,NaN
4162,F,0.9946072054336825,0.9972939806284573,true,0,NaN
4163,F,0.9946071964913953,0.9972939918328052,true,0,NaN
4164,F,0.9946071964377787,0.9972939034770705,true,0,NaN
4165,F,0.9946071919178462,0.9972939196195286,true,0,NaN
4166,F,0.994607191904124,0.9972938953318576,true,0,NaN
4167,F,0.9947892499913563,1.1799313321084521,false,0,NaN
4168,F,0.9949692339624838,1.7059569845159834,false,0,NaN
4169,F,0.9946071919099765,0.9972938868511455,true,0,NaN
4170,F,0.9947892499966512,1.1799313220491574,false,0,NaN
4171,F,0.9949692339684779,1.7059569967113464,false,0,NaN
4172,F,0.9946982209533138,1.0478346227758786,false,0,NaN
4173,F,0.9946527064316452,1.0409986452746693,false,0,NaN
4174,F,0.9946299491708108,1.026363497082837,false,0,NaN
4175,F,0.9946072100412371,0.9972941925298993,true,0,NaN
4176,F,0.9946072098494809,0.9972939348659066,true,0,NaN
4177,F,0.9946072009756067,0.9972939633214121,true,0,NaN
4178,F,0.9946072009255444,0.997293888354323,true,0,NaN
4179,F,0.994790853621155,1.179162593795826,false,0,NaN
4180,F,0.9949720750523305,1.720128935630233,false,0,NaN
4181,F,0.994607200931362,0.9972938798735836,true,0,NaN
4182,F,0.9947908536262419,1.179162584246246,false,0,NaN
4183,F,0.9949720750579056,1.7201289420236752,false,0,NaN
4184,F,0.994699027278802,1.0459083865788128,false,0,NaN
4185,F,0.994653114105082,1.0399749932920104,false,0,NaN
4186,F,0.994630157518222,1.025815515287792,false,0,NaN
4187,F,0.9946072187933508,0.9972940260688387,true,0,NaN
4188,F,0.9946072186792229,0.9972938784653597,true,0,NaN
4189,F,0.9947893069822125,1.1799544845502308,false,0,NaN
4190,F,0.9949693066808479,1.7059860213456413,false,0,NaN
4191,F,0.99460721870264,0.9972938445399664,true,0,NaN
4192,F,0.9947893070004726,1.1799544439946066,false,0,NaN
4193,F,0.9949693066798914,1.7059860475496023,false,0,NaN
4194,F,0.9946982628515563,1.0478443719120547,false,0,NaN
4195,F,0.9946527407770982,1.041003711199754,false,0,NaN
4196,F,0.9946299797398691,1.0263666697304552,false,0,NaN
4197,F,0.9946072894764535,0.997293960023229,true,0,NaN
4198,F,0.9946072893453356,0.9972937862760881,true,0,NaN
4199,F,0.9947921456701877,1.1791415971471393,false,0,NaN
4200,F,0.9949727630044309,1.7200773375635727,false,0,NaN
4201,F,0.9946072896732643,0.9972933113024177,true,0,NaN
4202,F,0.9947921459015272,1.1791410570172618,false,0,NaN
4203,F,0.994972762863873,1.720077620044267,false,0,NaN
4204,F,0.9946997177873957,1.0458981852366465,false,0,NaN
4205,F,0.99465350373033,1.0399689067587596,false,0,NaN
4206,F,0.9946303967017972,1.0258100755704511,false,0,NaN
4207,F,0.9946082561223759,0.9975696213835203,true,0,NaN
4208,F,0.9946080640873286,1.003866434110011,false,0,NaN
4209,F,0.994607787849974,0.997319827216764,true,0,NaN
4210,F,0.994607769201919,0.9974463032290378,true,0,NaN
4211,F,0.994607538761619,0.9972974192596831,true,0,NaN
4212,F,0.9946075357785318,0.9972961194389042,true,0,NaN
4213,F,0.9946074142174415,0.9972940955821875,true,0,NaN
4214,F,0.9946074136057977,0.997293414677772,true,0,NaN
4215,F,0.9946073519453528,0.9972934631780518,true,0,NaN
4216,F,0.9946073518060335,0.9972932813991884,true,0,NaN
4217,F,0.9946074137461524,0.9972935020824314,true,0,NaN
4218,F,0.9997173997579147,20.8983713928976,false,0,NaN
4219,F,0.997162447151767,1.8587031743598792,false,0,NaN
4220,F,0.9965756312023673,2.8099207262446564,false,0,NaN
4221,F,0.9958849705153706,1.270233935883009,false,0,NaN
4222,F,0.9956990123149871,1.6332159417068286,false,0,NaN
4223,F,0.9952462315305255,1.1526316359199487,false,0,NaN
4224,F,0.9951404019177618,1.264834088283104,false,0,NaN
4225,F,0.9949268607047971,1.073388595700313,false,0,NaN
4226,F,0.9948750178960772,1.1245075756968088,false,0,NaN
4227,F,0.9947671726252237,1.0501819564607526,false,0,NaN
4228,F,0.9947311434137044,1.0851077202900434,false,0,NaN
4229,F,0.9946873232512393,1.0293774487058551,false,0,NaN
4230,F,0.9946654675602026,1.0478251085967658,false,0,NaN
4231,F,0.9946274030767431,1.0170995826766045,false,0,NaN
4232,F,0.9946099124124762,1.0041521254230872,false,0,NaN
4233,F,0.9946075699127976,0.9972992254861222,true,0,NaN
4234,F,0.9946075660068344,0.9972989877833168,true,0,NaN
4235,F,0.99460741862636,0.9972935053809255,true,0,NaN
4236,F,0.9946074283764935,0.9972935172079668,true,0,NaN
4237,F,0.9921577679788561,0.8009887937490769,true,0,NaN
4238,F,0.9922192609684548,0.8045457440703534,true,0,NaN
4239,F,0.992472458603068,0.8198180484164282,true,0,NaN
4240,F,0.9930389866728508,0.8580033262276034,true,0,NaN
4241,F,0.9938860910445279,0.9278267988386579,true,0,NaN
4242,F,0.9939413760555011,0.9328448761808876,true,0,NaN
4243,F,0.9939336674048317,0.9388912917180916,true,0,NaN
4244,F,0.9939375217301664,0.9394545109820225,true,0,NaN
4245,F,0.9939394488928338,0.9395487211924345,true,0,NaN
4246,F,0.9939404124741674,0.9330268197727388,true,0,NaN
4247,F,0.9939336674048317,0.9388912917180929,true,0,NaN
4248,F,0.9939295951933417,0.948679881155587,true,0,NaN
4249,F,0.9939377815733774,0.9394509398770954,true,0,NaN
4250,F,0.9939336913160896,0.9492035725159755,true,0,NaN
4251,F,0.9939398388519667,0.9397246543556574,true,0,NaN
4252,F,0.9939357430886726,0.9494729962290959,true,0,NaN
4253,F,0.9939408678802159,0.9395257788757412,true,0,NaN
4254,F,0.993936961865746,0.9500025546723824,true,0,NaN
4255,F,0.993941383174833,0.9361950736194162,true,0,NaN
4256,F,0.9939394245551038,0.9396988582558762,true,0,NaN
4257,F,0.9939416424041663,0.9341036571367205,true,0,NaN
4258,F,0.9939409018576459,0.9383096074376578,true,0,NaN
4259,F,0.9939417753641505,0.9335320031926488,true,0,NaN
4260,F,0.9939413723284586,0.9390673440116356,true,0,NaN
4261,F,0.9939417363241693,0.9329020971839973,true,0,NaN
4262,F,0.993941703246195,0.9394949120932207,true,0,NaN
4263,F,0.9939414210890847,0.9328449654491152,true,0,NaN
4264,F,0.9939417349474643,0.9328877171619697,true,0,NaN
4265,F,0.9939417065181987,0.9364421624308857,true,0,NaN
4266,F,0.9939415780182745,0.9328491917108233,true,0,NaN
4267,F,0.9939408965991926,0.9327812921362583,true,0,NaN
4268,F,0.9939399413858419,0.9326885117747734,true,0,NaN
4269,F,0.9939381167909588,0.93251073353343,true,0,NaN
4270,F,0.9939352242277469,0.9322249869298787,true,0,NaN
4271,F,0.9939323252265654,0.9319220940029632,true,0,NaN
4272,F,0.9939311946797328,0.931745129973348,true,0,NaN
4273,F,0.9939326051774985,0.9317036084355084,true,0,NaN
4274,F,0.9939372923099349,0.9316334372364324,true,0,NaN
4275,F,0.9939496051365629,0.9355938033771464,true,0,NaN
4276,F,0.9939434487232489,0.9315882881505856,true,0,NaN
4277,F,0.9939576030281195,0.9429915033200845,true,0,NaN
4278,F,0.9939571766484866,0.9423792158890959,true,0,NaN
4279,F,0.9939505258756842,0.9352335004197874,true,0,NaN
4280,F,0.9939503894484041,0.9428015981063174,true,0,NaN
4281,F,0.9939469872994666,0.9319961672435854,true,0,NaN
4282,F,0.9939469718957289,0.9380487480391225,true,0,NaN
4283,F,0.9939452180113577,0.9317270988246019,true,0,NaN
4284,F,0.9939425205352592,0.9315249854909513,true,0,NaN
4285,F,0.9939451256494214,0.9317083516927183,true,0,NaN
4286,F,0.9939486557800314,0.9321418747389456,true,0,NaN
4287,F,0.9939486202593348,0.9323154373341581,true,0,NaN
4288,F,0.9939468907147264,0.9318968540967394,true,0,NaN
4289,F,0.9939468752446652,0.9319816594216302,true,0,NaN
4290,F,0.9939460081820739,0.9317914883467071,true,0,NaN
4291,F,0.9939455549043463,0.9317278652814664,true,0,NaN
4292,F,0.9999697277745218,NaN,false,-300,NaN
4293,F,0.996957641339434,1.760214685656665,false,0,NaN
4294,F,0.9954515981218902,1.2496404787202509,false,0,NaN
4295,F,0.9946985765131182,1.0506127080913787,false,0,NaN
4296,F,0.9939560488850024,0.9429370923931347,true,0,NaN
4297,F,0.9939509391274978,0.9429383479848323,true,0,NaN
4298,F,0.9939483286926571,0.9429389192114069,true,0,NaN
4299,F,0.9939469460173773,0.9429338003409871,true,0,NaN
4300,F,0.9939462504608618,0.9337265682799044,true,0,NaN
4301,F,0.9939459026826041,0.9317657955562586,true,0,NaN
4302,F,0.993945880375026,0.9343430596689614,true,0,NaN
4303,F,0.9939457287934752,0.9317309384964185,true,0,NaN
4304,F,0.9960191069312954,1.443193810020552,false,0,NaN
4305,F,0.9939460606606195,0.9317683599600365,true,0,NaN
4306,F,0.9939458947270473,0.9317330190504045,true,0,NaN
4307,F,0.9944590623253986,1.034044377318092,false,0,NaN
4308,F,0.9942024785262229,0.9931451301295194,true,0,NaN
4309,F,0.9940741866266352,0.9673181566183953,true,0,NaN
4310,F,0.9940100406768412,0.9467205508163845,true,0,NaN
4311,F,0.9939462143573661,0.9317383742944958,true,0,NaN
4312,F,0.9944814894871735,1.0354527313970934,false,0,NaN
4313,F,0.9939482708962184,0.9317415636992893,true,0,NaN
4314,F,0.9999697413544811,NaN,false,-300,NaN
4315,F,0.9969590061253497,1.8135791317926193,false,0,NaN
4316,F,0.9954536385107841,1.2744464587830255,false,0,NaN
4317,F,0.9947009547035013,1.112850705692471,false,0,NaN
4318,F,0.993952401034491,0.9317587019792313,true,0,NaN
4319,F,0.9999697620051724,NaN,false,-300,NaN
4320,F,0.993981270732227,0.9402614739513886,true,0,NaN
4321,F,0.993966835883359,0.9371220104405481,true,0,NaN
4322,F,0.993959618458925,0.9317615020629694,true,0,NaN
4323,F,0.9999697980922946,NaN,false,-300,NaN
4324,F,0.9969647082756098,1.8131019423734471,false,0,NaN
4325,F,0.9954621633672674,1.2652252063005316,false,0,NaN
4326,F,0.9947108909130962,1.1170724483076528,false,0,NaN
4327,F,0.993974095014424,0.9402702187610393,true,0,NaN
4328,F,0.9939717277715756,0.9424289844329817,true,0,NaN
4329,F,0.993966875797399,0.9371220133249489,true,0,NaN
4330,F,0.993965384005728,0.9349727129301435,true,0,NaN
4331,F,0.9939632660084549,0.9317827844769827,true,0,NaN
4332,F,0.9959657568417165,1.4655457641600198,false,0,NaN
4333,F,0.9939886830112683,0.9400665985983301,true,0,NaN
4334,F,0.9939759745098616,0.9400216359522755,true,0,NaN
4335,F,0.9939696202591582,0.9399686170187405,true,0,NaN
4336,F,0.9939898088252174,0.9403998736538809,true,0,NaN
4337,F,0.9939891271757165,0.951265357872493,true,0,NaN
4338,F,0.9939770423733522,0.9403416132562707,true,0,NaN
4339,F,0.9939763659897406,0.951239647601297,true,0,NaN
4340,F,0.9939705570433943,0.9373138119513796,true,0,NaN
4341,F,0.9939701199498238,0.9513377500702953,true,0,NaN
4342,F,0.9939670763556182,0.9321293363733849,true,0,NaN
4343,F,0.9939724030519472,0.9313739910357447,true,0,NaN
4344,F,0.9943356788868601,0.9406328661030819,true,0,NaN
4345,F,0.9942213159901963,0.9149757639464993,true,0,NaN
4346,F,0.9942574756191641,0.918825209076629,true,0,NaN
4347,F,0.9952408195350116,1.2930439789941566,false,0,NaN
4348,F,0.9938344140810422,NaN,false,-300,NaN
4349,F,0.9947491475770879,0.9918174239494486,true,0,NaN
4350,F,0.994503311598126,0.9290428710343925,true,0,NaN
4351,F,0.9943825938061652,0.9139950642723126,true,0,NaN
4352,F,0.9956210383752604,NaN,false,-300,NaN
4353,F,0.995002486477072,1.2012312607402436,false,0,NaN
4354,F,0.9949332081208568,1.3889742955005064,false,0,NaN
4355,F,0.9946932089802993,0.9860833702183586,true,0,NaN
4356,F,0.9946757535714155,1.0310221900846839,false,0,NaN
4357,F,0.9945385671364206,0.9342792055184264,true,0,NaN
4358,F,0.994533625240459,0.9737142155633874,true,0,NaN
4359,F,0.994461240022412,0.9200394463234108,true,0,NaN
4360,F,0.9944277293645162,0.9413917343956621,true,0,NaN
4361,F,0.994454656400344,0.922129921159918,true,0,NaN
4362,F,0.994457948211378,0.9193608452327307,true,0,NaN
4363,F,0.9944390581762377,0.9199584131728346,true,0,NaN
4364,F,0.9944485031938078,0.9211145154725281,true,0,NaN
4365,F,0.9944532257025929,0.9217725809075744,true,0,NaN
4366,F,0.9944555869569854,0.9220261389235377,true,0,NaN
4367,F,0.994444460752548,0.9205727159327793,true,0,NaN
4368,F,0.9944437467640502,0.9212830868793321,true,0,NaN
4369,F,0.994451236851978,0.9214436300150036,true,0,NaN
4370,F,0.994450539671396,0.9222919208043163,true,0,NaN
4371,F,0.9944546249038154,0.9219121663448802,true,0,NaN
4372,F,0.9944539285078424,0.9227381432800124,true,0,NaN
4373,F,0.9944563189339789,0.9220283121791448,true,0,NaN
4374,F,0.9944556501385068,0.9229707382286101,true,0,NaN
4375,F,0.9944571659575504,0.9221828664592963,true,0,NaN
4376,F,0.9944564887392779,0.923076205968871,true,0,NaN
4377,F,0.9944575894863172,0.9198149003117562,true,0,NaN
4378,F,0.9944574712896095,0.9217257756520971,true,0,NaN
4379,F,0.9944578012846745,0.9193312820085756,true,0,NaN
4380,F,0.9944732556787248,0.922124949593343,true,0,NaN
4381,F,0.994472605267048,0.9231832948778576,true,0,NaN
4382,F,0.9944655284816997,0.9221406917335875,true,0,NaN
4383,F,0.9944648778672766,0.9231845850236255,true,0,NaN
4384,F,0.9944616648831871,0.9193238212878345,true,0,NaN
4385,F,0.9944886916466777,0.9259914037702167,true,0,NaN
4386,F,0.9944871465692544,0.9310293011206917,true,0,NaN
4387,F,0.9944751782649324,0.9221214700422781,true,0,NaN
4388,F,0.9944745290037975,0.9235178380257383,true,0,NaN
4389,F,0.9944684215740598,0.9221351295865359,true,0,NaN
4390,F,0.9944677721649133,0.9231796693836084,true,0,NaN
4391,F,0.9944650432286234,0.922139328291684,true,0,NaN
4392,F,0.9944643943504441,0.9231887989464316,true,0,NaN
4393,F,0.9944633540559052,0.9197914968218422,true,0,NaN
4394,F,0.9944632457730365,0.9216718677530157,true,0,NaN
4395,F,0.9944625094695462,0.9193261366163721,true,0,NaN
4396,F,0.9941003775197429,0.8788723693526926,true,0,NaN
4397,F,0.9944617709948569,0.9192386397940517,true,0,NaN
4398,F,0.9943431316713537,0.9050453576876489,true,0,NaN
4399,F,0.9944024513331052,0.91200966983826,true,0,NaN
4400,F,0.9999720122566655,NaN,false,-300,NaN
4401,F,0.9971872317948853,2.1181397174598637,false,0,NaN
4402,F,0.9957948415639953,1.2207215150499213,false,0,NaN
4403,F,0.9950986464485503,1.0495779066443758,false,0,NaN
4404,F,0.994790717529902,0.998543252514284,true,0,NaN
4405,F,0.9947678528723359,1.0186794256029947,false,0,NaN
4406,F,0.9946170225565723,0.9766959926205347,true,0,NaN
4407,F,0.9946007833078987,0.983294605049283,true,0,NaN
4408,F,0.9945296467704393,0.9575582574579073,true,0,NaN
4409,F,0.9945185814693445,0.9609098732065897,true,0,NaN
4410,F,0.9944848423473082,0.9332826050907337,true,0,NaN
4411,F,0.9944796981055758,0.9574779636322412,true,0,NaN
4412,F,0.9944595202324454,0.9257138673874167,true,0,NaN
4413,F,0.9944563324501092,0.95914660220063,true,0,NaN
4414,F,0.994433438945547,0.9188241599576458,true,0,NaN
4415,F,0.9944318847662041,0.9275556656506769,true,0,NaN
4416,F,0.9944179451393261,0.9188521894578416,true,0,NaN
4417,F,0.9944163917950444,0.9236383190102546,true,0,NaN
4418,F,0.9944063247846604,0.9149125901404225,true,0,NaN
4419,F,0.9944056670317206,0.9159067587563468,true,0,NaN
4420,F,0.9944029355145496,0.9120110582922073,true,0,NaN
4421,F,0.9944063170366088,0.9148665844225828,true,0,NaN
4422,F,0.9944055657936102,0.9157209404445282,true,0,NaN
4423,F,0.9944046262755792,0.912618593676317,true,0,NaN
4424,F,0.9944044659208457,0.9142579208255459,true,0,NaN
4425,F,0.9944037808950644,0.9120352874070452,true,0,NaN
4426,F,0.9944054951650932,0.9122154708728071,true,0,NaN
4427,F,0.9944500044969062,0.9172254729352562,true,0,NaN
4428,F,0.9944428957745226,0.9163464467584717,true,0,NaN
4429,F,0.9944360036832075,0.9154199734520055,true,0,NaN
4430,F,0.9944362355649403,0.9151515637416962,true,0,NaN
4431,F,0.9944434316416203,0.9158809218984033,true,0,NaN
4432,F,0.994747733048222,0.9567826496366636,true,0,NaN
4433,F,0.9945955823449212,0.9364454316005846,true,0,NaN
4434,F,0.9945195069932707,0.9249103382891333,true,0,NaN
4435,F,0.9944814693174455,0.9199667440359394,true,0,NaN
4436,F,0.9944618685715935,0.9178319383567135,true,0,NaN
4437,F,0.9944716689445194,0.9187860446718735,true,0,NaN
4438,F,0.9944383122255629,0.9146125215989598,true,0,NaN
4439,F,0.9944443770705623,0.9149314548454389,true,0,NaN
4440,F,0.9944570800062962,0.9155292440059065,true,0,NaN
4441,F,0.9944544089712581,0.9117478848521507,true,0,NaN
4442,F,0.9945248010437359,0.9197737837292448,true,0,NaN
4443,F,0.9944985856342393,0.9184986786972315,true,0,NaN
4444,F,0.9945116933389876,0.9204958648404701,true,0,NaN
4445,F,0.9945182471913617,0.9187755667999018,true,0,NaN
4446,F,0.9945062874763738,0.9226661071043882,true,0,NaN
4447,F,0.9945122673338678,0.9207806113840887,true,0,NaN
4448,F,0.9945152572626147,0.920264858172138,true,0,NaN
4449,F,0.9945167522269882,0.9209516385204479,true,0,NaN
4450,F,0.9945143804982133,0.920015174270187,true,0,NaN
4451,F,0.9945137148011153,0.9289368045474392,true,0,NaN
4452,F,0.9945163207923533,0.9207319933351479,true,0,NaN
4453,F,0.9945156798161575,0.9298734600895265,true,0,NaN
4454,F,0.994517290939451,0.9211371334692404,true,0,NaN
4455,F,0.9945166515511061,0.930001143331374,true,0,NaN
4456,F,0.9945177760130552,0.9212622515676018,true,0,NaN
4457,F,0.9945171552733079,0.9262594206887974,true,0,NaN
4458,F,0.9945180185499682,0.918667323082064,true,0,NaN
4459,F,0.9944836565771454,0.9164090767694026,true,0,NaN
4460,F,0.9945114944866027,0.920360194181267,true,0,NaN
4461,F,0.9945147565182855,0.9208215749005139,true,0,NaN
4462,F,0.9945163875341269,0.9184382456891331,true,0,NaN
4463,F,0.9945475925521731,0.9245621670519972,true,0,NaN
4464,F,0.9945470279647355,0.9261479584470999,true,0,NaN
4465,F,0.9945319902210052,0.9200037589378828,true,0,NaN
4466,F,0.9944301851038341,0.9115526219183244,true,0,NaN
4467,F,0.9945303258836793,0.9197743348855064,true,0,NaN
4468,F,0.9940343163600353,0.8913713832269395,true,0,NaN
4469,F,0.9942823211218572,0.9051899904455679,true,0,NaN
4470,F,0.9944063235027683,0.9114741614816058,true,0,NaN
4471,F,0.9944683246932238,0.9160328651561405,true,0,NaN
4472,F,0.9945272250146174,0.922113967191239,true,0,NaN
4473,F,0.9945265850117978,0.9269154130062921,true,0,NaN
4474,F,0.994528778966184,0.9220864765604196,true,0,NaN
4475,F,0.9945281978443586,0.927415474838239,true,0,NaN
4476,F,0.9945295559420868,0.9196602956665336,true,0,NaN
4477,F,0.9944764467611206,0.9160253032679726,true,0,NaN
4478,F,0.9945240166326175,0.9214800223601424,true,0,NaN
4479,F,0.9945267862873521,0.9218837134379463,true,0,NaN
4480,F,0.9945281711147195,0.9220845613365002,true,0,NaN
4481,F,0.9945240211485132,0.9214800443730898,true,0,NaN
4482,F,0.9945233603222873,0.9265630485456006,true,0,NaN
4483,F,0.9945267910661991,0.9218837185652338,true,0,NaN
4484,F,0.9945261291489234,0.926969852547999,true,0,NaN
4485,F,0.9945281760250778,0.9220845595525824,true,0,NaN
4486,F,0.9945275138136688,0.9271734338309457,true,0,NaN
4487,F,0.994528868504589,0.9221851083892603,true,0,NaN
4488,F,0.9945282061137256,0.9272751804543762,true,0,NaN
4489,F,0.9945292147444881,0.920969513923475,true,0,NaN
4490,F,0.9945288717340848,0.9286596187477792,true,0,NaN
4491,F,0.9945293878647247,0.9196365967861614,true,0,NaN
4492,F,0.9944821245448848,0.9143265006621076,true,0,NaN
4493,F,0.9945289897935913,0.9195861544540869,true,0,NaN
4494,F,0.9945328164123861,0.9220263776089855,true,0,NaN
4495,F,0.9945321866759663,0.9243184010823746,true,0,NaN
4496,F,0.9945310899007158,0.9221025550498737,true,0,NaN
4497,F,0.9945304416013517,0.9272760801845455,true,0,NaN
4498,F,0.9945301910431253,0.9221686578387621,true,0,NaN
4499,F,0.9945296499285946,0.9195934307300743,true,0,NaN
4500,F,0.9945348374652229,0.9224608032579704,true,0,NaN
4501,F,0.9945343476155516,0.9263385117388042,true,0,NaN
4502,F,0.994532431616274,0.92243062706892,true,0,NaN
4503,F,0.9945319477341001,0.9263142530714789,true,0,NaN
4504,F,0.9945311219366377,0.9197409149735442,true,0,NaN
4505,F,0.9945325946761205,0.9199060003742879,true,0,NaN
4506,F,0.9945325739296255,0.9203014502927559,true,0,NaN
4507,F,0.9945318585510012,0.9198186172152764,true,0,NaN
4508,F,0.9945325987574848,0.919817298898608,true,0,NaN
4509,F,0.996225727705367,1.4172360796852455,false,0,NaN
4510,F,0.9945327124026591,0.9198064238075987,true,0,NaN
4511,F,0.9950174388612746,1.0616839095920554,false,0,NaN
4512,F,0.9947750756319669,0.9993948490230463,true,0,NaN
4513,F,0.994653894017313,0.976287594392196,true,0,NaN
4514,F,0.994593303209986,0.9646685856941624,true,0,NaN
4515,F,0.9945329690019594,0.919785378197324,true,0,NaN
4516,F,0.9945433123388883,0.9267249742520652,true,0,NaN
4517,F,0.9945415907998205,0.9437598809014097,true,0,NaN
4518,F,0.9945381406704238,0.9267936078079658,true,0,NaN
4519,F,0.9945364046754531,0.935843146255278,true,0,NaN
4520,F,0.9945355548361916,0.9258323273928215,true,0,NaN
4521,F,0.9945342619190756,0.9199262873585092,true,0,NaN
4522,F,0.9945355742306468,0.9199925716142486,true,0,NaN
4523,F,0.9944828904652657,0.9166658371449316,true,0,NaN
4524,F,0.9945354503684877,0.9199735368799999,true,0,NaN
4525,F,0.9944488916836948,0.9127912411965816,true,0,NaN
4526,F,0.9944921710260912,0.9176396284881313,true,0,NaN
4527,F,0.9945138106972895,0.9191006015167471,true,0,NaN
4528,F,0.9945246305328885,0.9187029876160829,true,0,NaN
4529,F,0.994417559358561,0.9127576537786074,true,0,NaN
4530,F,0.9944710949457248,0.9164965786402354,true,0,NaN
4531,F,0.9944978627393066,0.9173962072301362,true,0,NaN
4532,F,0.9945112466360976,0.9170785429941148,true,0,NaN
4533,F,0.9919590314221165,0.8271405981467876,true,0,NaN
4534,F,0.993235139029107,0.8396838933158248,true,0,NaN
4535,F,0.9938731928326023,0.8748128734004044,true,0,NaN
4536,F,0.9941922197343499,0.9120094494827676,true,0,NaN
4537,F,0.9944905914002394,0.917973510953974,true,0,NaN
4538,F,0.994489575287011,0.9193626021854922,true,0,NaN
4539,F,0.9945009336731583,0.9179374899526672,true,0,NaN
4540,F,0.9945003270495711,0.9174298796791963,true,0,NaN
4541,F,0.9945061048098972,0.9174949539560893,true,0,NaN
4542,F,0.9945058046222122,0.9187720574731251,true,0,NaN
4543,F,0.9945086903788257,0.9167569852824715,true,0,NaN
4544,F,0.9945362711491659,0.9227377487250624,true,0,NaN
4545,F,0.9945362606764502,0.922892413536026,true,0,NaN
4546,F,0.9945224807639957,0.9183543510072028,true,0,NaN
4547,F,0.994522477944384,0.9209972063932632,true,0,NaN
4548,F,0.9945155855714107,0.9174924640406731,true,0,NaN
4549,F,0.9945223258737355,0.9248085769347536,true,0,NaN
4550,F,0.9945206114129062,0.9411160494891713,true,0,NaN
4551,F,0.9945189778458203,0.9228862515715238,true,0,NaN
4552,F,0.9945172829405698,0.9223965015358961,true,0,NaN
4553,F,0.9945164342559902,0.9178621604229774,true,0,NaN
4554,F,0.9945163473823911,0.9240372241213484,true,0,NaN
4555,F,0.9945160099137005,0.9174963362980223,true,0,NaN
4556,F,0.9944507673101902,0.9136493938178184,true,0,NaN
4557,F,0.9945156302151501,0.9174509739746145,true,0,NaN
4558,F,0.9944722492132285,0.9161045196363969,true,0,NaN
4559,F,0.9944939397141893,0.9187395285503744,true,0,NaN
4560,F,0.9945047849646698,0.9166661311517333,true,0,NaN
4561,F,0.9945102075899099,0.9168260734953415,true,0,NaN
4562,F,0.994479538087913,0.9130989467323336,true,0,NaN
4563,F,0.9945046892388362,0.9155595809619511,true,0,NaN
4564,F,0.9945065720344458,0.9205905198158694,true,0,NaN
4565,F,0.994505630636641,0.9182689688790355,true,0,NaN
4566,F,0.9945051599377386,0.9165898413334368,true,0,NaN
4567,F,0.9945049245882873,0.9155117662342176,true,0,NaN
4568,F,0.9945082259128586,0.9174792194009393,true,0,NaN
4569,F,0.994506575250573,0.9156778092125727,true,0,NaN
4570,F,0.9945151930253143,0.9158803686002321,true,0,NaN
4571,F,0.994609272235071,0.9284833401885704,true,0,NaN
4572,F,0.9946092143234121,0.9298274887425396,true,0,NaN
4573,F,0.9945622326301926,0.9220330167200327,true,0,NaN
4574,F,0.9945622043479914,0.922742562311154,true,0,NaN
4575,F,0.9945387128277535,0.9188892153052349,true,0,NaN
4576,F,0.9945386989920502,0.9191957062266735,true,0,NaN
4577,F,0.9945269529265339,0.9173316802839346,true,0,NaN
4578,F,0.9945269462490617,0.9174726348035187,true,0,NaN
4579,F,0.9945210729759241,0.9165598972397211,true,0,NaN
4580,F,0.9945210698459563,0.9166192062188763,true,0,NaN
4581,F,0.9945181330006192,0.9161802169335819,true,0,NaN
4582,F,0.9944333241050561,0.9096977494938276,true,0,NaN
4583,F,0.9945177974496329,0.9161356896535497,true,0,NaN
4584,F,0.9945235684647981,0.9209572208450809,true,0,NaN
4585,F,0.994523026605473,0.9259235191358719,true,0,NaN
4586,F,0.9945206984153535,0.92033459057591,true,0,NaN
4587,F,0.9945202270165511,0.9262547692128407,true,0,NaN
4588,F,0.9945192489812502,0.9186950401829271,true,0,NaN
4589,F,0.9945189617227397,0.9222050707888264,true,0,NaN
4590,F,0.9945185233253901,0.9161885771645584,true,0,NaN
4591,F,0.9945199901779664,0.9163628298609506,true,0,NaN
4592,F,0.9945199850264163,0.916396028676527,true,0,NaN
4593,F,0.994519256778545,0.9162585999332304,true,0,NaN
4594,F,0.9945206973355919,0.9213012312378502,true,0,NaN
4595,F,0.9945199770570685,0.9175997912130581,true,0,NaN
4596,F,0.9945196169178068,0.9163061589944147,true,0,NaN
4597,F,0.9945196013432618,0.9179104960866071,true,0,NaN
4598,F,0.9945194368481759,0.9162653156500699,true,0,NaN
4599,F,0.9944974939689425,0.9136473968428125,true,0,NaN
4600,F,0.994509363422762,0.9148953992498323,true,0,NaN
4601,F,0.9945110764112375,0.9150400126020731,true,0,NaN
4602,F,0.9945356787300103,0.9232634016969413,true,0,NaN
4603,F,0.9945233775706238,0.9194966201499476,true,0,NaN
4604,F,0.9945172269909307,0.9196309328758644,true,0,NaN
4605,F,0.994514151701084,0.9150136242416874,true,0,NaN
4606,F,0.9946133530394174,0.9525295123976361,true,0,NaN
4607,F,0.9945637523702507,0.9492843865044817,true,0,NaN
4608,F,0.9945389520356674,0.928596363569573,true,0,NaN
4609,F,0.9945265518683757,0.9223506625978674,true,0,NaN
4610,F,0.9945159096737017,0.9195197005139643,true,0,NaN
4611,F,0.9945153245623216,0.9217440559447195,true,0,NaN
4612,F,0.9945150526434704,0.9149277327231549,true,0,NaN
4613,F,0.9947398088894434,0.9735907584247774,true,0,NaN
4614,F,0.9945249827713623,0.9189561078967098,true,0,NaN
4615,F,0.9945200177074164,0.9192875945670319,true,0,NaN
4616,F,0.9945175351754434,0.9194231578544693,true,0,NaN
4617,F,0.9945249959654997,0.9189569807055521,true,0,NaN
4618,F,0.9945237211030691,0.9353800535703649,true,0,NaN
4619,F,0.9945200312059511,0.919288478777804,true,0,NaN
4620,F,0.994518753338788,0.9278784015909949,true,0,NaN
4621,F,0.99451754882534,0.9194239698688467,true,0,NaN
4622,F,0.9945162777156216,0.9280338011734053,true,0,NaN
4623,F,0.9945163076333606,0.9195012322967814,true,0,NaN
4624,F,0.994515037304481,0.9281060586022486,true,0,NaN
4625,F,0.9945156870340232,0.9189381100132907,true,0,NaN
4626,F,0.9945153767276588,0.9149449982111368,true,0,NaN
4627,F,0.9945049130312031,0.9136370851245643,true,0,NaN
4628,F,0.9946915620933825,0.9590184361499958,true,0,NaN
4629,F,0.9946547845224885,0.9589341632266359,true,0,NaN
4630,F,0.9945982376596842,0.9330981935825556,true,0,NaN
4631,F,0.9945824438519915,0.9369653493979857,true,0,NaN
4632,F,0.9945515754428227,0.927181389215014,true,0,NaN
4633,F,0.99454061416623,0.9217466597821073,true,0,NaN
4634,F,0.9945282443343668,0.9239607533003673,true,0,NaN
4635,F,0.9945199100298158,0.9246977614308766,true,0,NaN
4636,F,0.9945165787800887,0.922322611091882,true,0,NaN
4637,F,0.9945095803185237,0.9149231862411459,true,0,NaN
4638,F,0.9945107460028495,0.921439012898508,true,0,NaN
4639,F,0.9945078296140294,0.9169204554646252,true,0,NaN
4640,F,0.9945056423210112,0.9137339376313688,true,0,NaN
4641,F,0.9945055632749837,0.9137312546387163,true,0,NaN
4642,F,0.9945050043460466,0.9136424846243477,true,0,NaN
4643,F,0.9945044980111355,0.9135639108093498,true,0,NaN
4644,F,0.9945139883108671,0.9182029786474806,true,0,NaN
4645,F,0.9945117648847854,0.94585441768305,true,0,NaN
4646,F,0.994509254925289,0.9182113674307378,true,0,NaN
4647,F,0.9945070322431497,0.9387918960745849,true,0,NaN
4648,F,0.9945068879710818,0.9182222679465681,true,0,NaN
4649,F,0.9945057039706363,0.9182306926139197,true,0,NaN
4650,F,0.9945051110064437,0.9175895240385444,true,0,NaN
4651,F,0.99450481310625,0.9136006685170261,true,0,NaN
4652,F,0.9945051538877957,0.913620494501429,true,0,NaN
4653,F,0.9945058107871061,0.9137152210007117,true,0,NaN
4654,F,0.994505756804649,0.9137548636478826,true,0,NaN
4655,F,0.9945054825977168,0.9136687799311944,true,0,NaN
4656,F,0.9945054550881862,0.9136890174902356,true,0,NaN
4657,F,0.9945053182725893,0.9136392692789385,true,0,NaN
4658,F,0.9945056007498376,0.9136678208878833,true,0,NaN
4659,F,0.9945056969980025,0.9136780283164398,true,0,NaN
4660,F,0.9945059560044969,0.9137061229611513,true,0,NaN
4661,F,0.9945068659049717,0.9138086338179693,true,0,NaN
4662,F,0.9945081921418859,0.9139575707621422,true,0,NaN
4663,F,0.9945118989272006,0.9143775519640095,true,0,NaN
4664,F,0.9945399689249889,0.9172546211125456,true,0,NaN
4665,F,0.9948637165889852,0.9801975513996021,true,0,NaN
4666,F,0.9948570426825275,0.9642673548253465,true,0,NaN
4667,F,0.9947037736366734,0.9653585932138861,true,0,NaN
4668,F,0.9946986914799311,0.9419554934596737,true,0,NaN
4669,F,0.9946233391663964,0.9428328615499698,true,0,NaN
4670,F,0.9946206377593169,0.9256135352166407,true,0,NaN
4671,F,0.9928946638638061,0.7797881267225941,true,0,NaN
4672,F,0.9946111327613506,0.9243943996000115,true,0,NaN
4673,F,0.9937990879366112,0.8896816311538671,true,0,NaN
4674,F,0.994205110348981,0.9137732012075228,true,0,NaN
4675,F,0.9944081215551658,0.9235224727460378,true,0,NaN
4676,F,0.9945096271582582,0.9219937818808615,true,0,NaN
4677,F,0.9945965662217242,0.9219269493160235,true,0,NaN
4678,F,0.9958170705583993,1.188412689624401,false,0,NaN
4679,F,0.995759487274451,1.4167183060660116,false,0,NaN
4680,F,0.9952068183900618,1.0621103434127601,false,0,NaN
4681,F,0.9951765404046041,1.094460881803767,false,0,NaN
4682,F,0.994901692305893,1.0183753385956589,false,0,NaN
4683,F,0.9948809089125297,1.035326138336842,false,0,NaN
4684,F,0.9947491292638085,0.9663315919403717,true,0,NaN
4685,F,0.9947395555408557,0.9918400804894397,true,0,NaN
4686,F,0.9946728477427664,0.9538323875930399,true,0,NaN
4687,F,0.9946659829164576,0.980868892355487,true,0,NaN
4688,F,0.9946347069822453,0.9374681207507541,true,0,NaN
4689,F,0.9946313627038272,0.9496462200690752,true,0,NaN
4690,F,0.9946156366019847,0.933313437497164,true,0,NaN
4691,F,0.9946131901014871,0.9541789226168456,true,0,NaN
4692,F,0.9946013338167894,0.9219175813631408,true,0,NaN
4693,F,0.9995367919003891,13.494874327710477,false,0,NaN
4694,F,0.9946023869375609,0.9220603759550804,true,0,NaN
4695,F,0.9959110168994493,1.1889641766953642,false,0,NaN
4696,F,0.9952567019185051,1.0336680316267097,false,0,NaN
4697,F,0.9949295444280329,0.9914573841852159,true,0,NaN
4698,F,0.994765965682797,0.9603556648098713,true,0,NaN
4699,F,0.9946120384229724,0.923065365617734,true,0,NaN
4700,F,0.9960620576108382,1.18542204948196,false,0,NaN
4701,F,0.9946195251487692,0.9283713993841436,true,0,NaN
4702,F,0.9946157817858707,0.9231063422393446,true,0,NaN
4703,F,0.9945684293586341,0.9247762043949733,true,0,NaN
4704,F,0.9945921055722524,0.9244576878350348,true,0,NaN
4705,F,0.9946039436790616,0.9264148785949078,true,0,NaN
4706,F,0.9946098627324661,0.9273652241255205,true,0,NaN
4707,F,0.9946148907662352,0.923434386951808,true,0,NaN
4708,F,0.9946147572689213,0.9338621893156847,true,0,NaN
4709,F,0.9946153382177586,0.9230559867734103,true,0,NaN
4710,F,0.9945529066665082,0.915422197948093,true,0,NaN
4711,F,0.9945383759298027,0.9136231583102004,true,0,NaN
4712,F,0.9945499368021855,0.9184130815861624,true,0,NaN
4713,F,0.994544156365994,0.9149237818695105,true,0,NaN
4714,F,0.9945412661478984,0.913816097606152,true,0,NaN
4715,F,0.9945730662126392,0.928759770539214,true,0,NaN
4716,F,0.9945571661802688,0.9267644120713816,true,0,NaN
4717,F,0.9945492161640835,0.9183536490305575,true,0,NaN
4718,F,0.994545241155991,0.9181238829347713,true,0,NaN
4719,F,0.9945469428714425,0.9182372115587337,true,0,NaN
4720,F,0.9945442834983217,0.9252699595963845,true,0,NaN
4721,F,0.9945441057161604,0.9146288565283447,true,0,NaN
4722,F,0.9945436961215578,0.9242764502717699,true,0,NaN
4723,F,0.994542687138476,0.913911575234906,true,0,NaN
4724,F,0.9949524251058678,1.0129261883060563,false,0,NaN
4725,F,0.9942131995502766,0.9101619752276819,true,0,NaN
4726,F,0.9945569168193978,0.9261836859608,true,0,NaN
4727,F,0.9945498019789369,0.9183311323801185,true,0,NaN
4728,F,0.9945462445587064,0.9180303997336451,true,0,NaN
4729,F,0.9945569222961702,0.9261837801326671,true,0,NaN
4730,F,0.9945520962687519,0.9247982697425883,true,0,NaN
4731,F,0.9945498075540987,0.9183293711441387,true,0,NaN
4732,F,0.9945480990420905,0.920402750415893,true,0,NaN
4733,F,0.9945462501828601,0.9180305341394529,true,0,NaN
4734,F,0.9945446127936631,0.9201168219705586,true,0,NaN
4735,F,0.9945444714968352,0.9180117197226038,true,0,NaN
4736,F,0.9945428161212111,0.9201260189882065,true,0,NaN
4737,F,0.9945435821530114,0.9148800433173528,true,0,NaN
4738,F,0.9945431979181643,0.9144273628542609,true,0,NaN
4739,F,0.994543137479477,0.9139273097777618,true,0,NaN
4740,F,0.9945523779682651,0.9247932035190551,true,0,NaN
4741,F,0.994547758188096,0.9244225275644543,true,0,NaN
4742,F,0.9945454482955532,0.9242373293723077,true,0,NaN
4743,F,0.9945442933443651,0.9220631127777897,true,0,NaN
4744,F,0.9945437158589373,0.9143168946947683,true,0,NaN
4745,F,0.9945434880509206,0.9164290762387749,true,0,NaN
4746,F,0.994543427096553,0.9139649780269455,true,0,NaN
4747,F,0.9945434047820503,0.9139869405336174,true,0,NaN
4748,F,0.9945432826759963,0.9139378745717013,true,0,NaN
4749,F,0.9948877127924971,0.9988744162160872,true,0,NaN
4750,F,0.9945433329878973,0.9139395002844999,true,0,NaN
4751,F,0.9948500546545291,0.9940464014200924,true,0,NaN
4752,F,0.9946966938212132,0.9599449048865993,true,0,NaN
4753,F,0.9946200134045553,0.9512668333936125,true,0,NaN
4754,F,0.9945816731962263,0.9367394948302036,true,0,NaN
4755,F,0.994543442959252,0.9139422506538292,true,0,NaN
4756,F,0.9945478182462569,0.918430492890522,true,0,NaN
4757,F,0.9945437604976511,0.9139756615048151,true,0,NaN
4758,F,0.9945470280949736,0.9143609514635336,true,0,NaN
4759,F,0.9945453942963124,0.9141619849186203,true,0,NaN
4760,F,0.9945462053727585,0.9142551657999166,true,0,NaN
4761,F,0.994546096650955,0.9142397714336588,true,0,NaN
4762,F,0.9945460687816925,0.9142364410454428,true,0,NaN
4763,F,0.9945392330314727,0.9133702273586958,true,0,NaN
4764,F,0.9946028894081907,0.9293969118012045,true,0,NaN
4765,F,0.9945796416754726,0.9466656993073307,true,0,NaN
4766,F,0.9945714207886662,0.9259021100243721,true,0,NaN
4767,F,0.994553296054098,0.936683520026531,true,0,NaN
4768,F,0.9945556550415896,0.9229878508659546,true,0,NaN
4769,F,0.9945417704032147,0.9327236280345825,true,0,NaN
4770,F,0.9945477081717102,0.9191752064859753,true,0,NaN
4771,F,0.9945393321354291,0.928632906287442,true,0,NaN
4772,F,0.9945436206523559,0.9139141485958694,true,0,NaN
4773,F,0.9945428249904091,0.9226628865995615,true,0,NaN
4774,F,0.9945414604984179,0.9136307649660141,true,0,NaN
4775,F,0.9945416999724107,0.9136924994522194,true,0,NaN
4776,F,0.994541493832401,0.9136131799377816,true,0,NaN
4777,F,0.994544370022005,0.9139489875186836,true,0,NaN
4778,F,0.9945689788136431,0.9380232050544264,true,0,NaN
4779,F,0.9945566748339744,0.9336533676303026,true,0,NaN
4780,F,0.9945505228441115,0.9354115640415664,true,0,NaN
4781,F,0.9945474468491233,0.9307731244578037,true,0,NaN
4782,F,0.9945459088515157,0.9288224045647756,true,0,NaN
4783,F,0.9945451398524848,0.9290415652504709,true,0,NaN
4784,F,0.9945447553525153,0.9284644922468832,true,0,NaN
4785,F,0.9945444669743588,0.9160866784849968,true,0,NaN
4786,F,0.9945443828311495,0.913950402319121,true,0,NaN
4787,F,0.994544581533452,0.9139760454517668,true,0,NaN
4788,F,0.9945443861199053,0.9139507273551373,true,0,NaN
4789,F,0.9945445658838966,0.9139723719329619,true,0,NaN
4790,F,0.994544476001901,0.9139608945434904,true,0,NaN
4791,F,0.9945442142854818,0.913929453891028,true,0,NaN
4792,F,0.9945446022697787,0.9139749560284517,true,0,NaN
4793,F,0.9945446478112373,0.9139800914436249,true,0,NaN
4794,F,0.9945452838024654,0.9140533393849641,true,0,NaN
4795,F,0.9945462416048425,0.9141635154257177,true,0,NaN
4796,F,0.9955387475483306,NaN,false,-300,NaN
4797,F,0.9950425826848002,NaN,false,-300,NaN
4798,F,0.9947945006717954,1.8242509948152958,false,0,NaN
4799,F,0.9946704601318045,1.0316558941499303,false,0,NaN
4800,F,0.9937834696081599,0.9868455053495647,true,0,NaN
4801,F,0.9946084374415399,0.9564002030689447,true,0,NaN
4802,F,0.9942972253910728,0.9227088770455225,true,0,NaN
4803,F,0.994577421254216,0.9387848967602767,true,0,NaN
4804,F,0.9943937388590728,0.9073049124339339,true,0,NaN
4805,F,0.9945619034629188,0.9290714950376702,true,0,NaN
4806,F,0.9944492392637428,0.9085861917717705,true,0,NaN
4807,F,0.9945502110731773,0.9155951269406547,true,0,NaN
4808,F,0.9945927423241597,0.9193660540367412,true,0,NaN
4809,F,0.9952054130773366,1.008713041299249,false,0,NaN
4810,F,0.9946260556793206,0.9270827317426775,true,0,NaN
4811,F,0.9946093990017402,0.922094251565867,true,0,NaN
4812,F,0.99460107066295,0.920558588741134,true,0,NaN
4813,F,0.994630592420149,0.9239296014856977,true,0,NaN
4814,F,0.9966837909854259,1.3322167196563248,false,0,NaN
4815,F,0.9966833320240451,1.3759977328564232,false,0,NaN
4816,F,0.9956571917027874,1.0772454732309855,false,0,NaN
4817,F,0.9956570192577316,1.080634602697344,false,0,NaN
4818,F,0.9951438920614681,0.9967719037727621,true,0,NaN
4819,F,0.9951652093015616,0.9999969930941889,true,0,NaN
4820,F,0.9951545506815149,0.998381706226062,true,0,NaN
4821,F,0.9951492213714915,0.9975759604445408,true,0,NaN
4822,F,0.9951465567164798,0.9971737146997633,true,0,NaN
4823,F,0.9952474907014793,1.034455960441436,false,0,NaN
4824,F,0.9951970237089796,1.0122570997763858,false,0,NaN
4825,F,0.9951717902127297,0.9978709612927906,true,0,NaN
4826,F,0.9952831750678374,1.0400408692834917,false,0,NaN
4827,F,0.9951639219061063,1.0254126799593961,false,0,NaN
4828,F,0.9952274826402836,1.0223087805318558,false,0,NaN
4829,F,0.9951996364265067,1.017091958310322,false,0,NaN
4830,F,0.9951857133196181,1.0055543566605003,false,0,NaN
4831,F,0.9951962527406663,1.0075632119942184,false,0,NaN
4832,F,0.995195104287002,1.0187178318140413,false,0,NaN
4833,F,0.9951840247367819,1.0058640720372831,false,0,NaN
4834,F,0.9951830318174588,1.0193383282047555,false,0,NaN
4835,F,0.9951779107348396,0.9981360842896471,true,0,NaN
4836,F,0.999334426615532,NaN,false,-300,NaN
4837,F,0.997256168670656,1.6313047822009918,false,0,NaN
4838,F,0.9971721952977901,2.2139448390757708,false,0,NaN
4839,F,0.9962170396982181,1.2646944637565904,false,0,NaN
4840,F,0.9961816876513188,1.3937396848508268,false,0,NaN
4841,F,0.995697475211999,1.1412904129108452,false,0,NaN
4842,F,0.9956784895036223,1.175872742535514,false,0,NaN
4843,F,0.9954376929688895,1.082512108883567,false,0,NaN
4844,F,0.9954265026741543,1.1115844418608956,false,0,NaN
4845,F,0.9953078018473348,1.0525975524193472,false,0,NaN
4846,F,0.9953005789406589,1.0671824886584207,false,0,NaN
4847,F,0.9952428562865574,1.0368695330917093,false,0,NaN
4848,F,0.9952377192926766,1.0699594688146603,false,0,NaN
4849,F,0.9951941471159743,1.0168525367590153,false,0,NaN
4850,F,0.9951916648561661,1.0319619571897785,false,0,NaN
4851,F,0.9951799402745534,0.9981360174666996,true,0,NaN
4852,F,0.9951941102405834,0.9999968747470536,true,0,NaN
4853,F,0.9952463904204331,1.0290004163316757,false,0,NaN
4854,F,0.9951056872537754,1.0232351546960183,false,0,NaN
4855,F,0.9952202503305082,1.0187877384776398,false,0,NaN
4856,F,0.9952071802855458,1.0187931944255864,false,0,NaN
4857,F,0.9952006452630646,1.0137604088203807,false,0,NaN
4858,F,0.9952464103392393,1.0290014455392225,false,0,NaN
4859,F,0.9952426066938573,1.0604934611471657,false,0,NaN
4860,F,0.9952230578277845,1.0244344415992481,false,0,NaN
4861,F,0.9952198526826737,1.050984251192336,false,0,NaN
4862,F,0.9952113815131721,1.0187879454512068,false,0,NaN
4863,F,0.9952089166762519,1.0339641038586505,false,0,NaN
4864,F,0.9952055432380909,1.0187896430215655,false,0,NaN
4865,F,0.9952030780624918,1.0339637423833052,false,0,NaN
4866,F,0.9952026238649585,1.0187904989193153,false,0,NaN
4867,F,0.9952001585190824,1.0339635605284376,false,0,NaN
4868,F,0.9952011637068758,1.018780675865509,false,0,NaN
4869,F,0.995198699620275,1.0339745044421218,false,0,NaN
4870,F,0.9952004326821273,1.0138181977656247,false,0,NaN
4871,F,0.9951986194120205,1.0393256180263815,false,0,NaN
4872,F,0.9951998775325699,1.0137553288452676,false,0,NaN
4873,F,0.9951980724967135,1.0349214504764737,false,0,NaN
4874,F,0.9951962171421188,1.0074827657226657,false,0,NaN
4875,F,0.995194241277182,0.9999922311306415,true,0,NaN
4876,F,0.9951951637636187,1.00076251136326,false,0,NaN
4877,F,0.9812734544935533,0.3877687983219654,true,0,NaN
4878,F,0.9833958938351829,0.40362901660025075,true,0,NaN
4879,F,0.9999169794691759,NaN,false,-300,NaN
4880,F,0.9916564366521794,0.6178549094596639,true,0,NaN
4881,F,0.998725897911331,3.9983262110077593,false,0,NaN
4882,F,0.9951911672817553,0.978272370454603,true,0,NaN
4883,F,0.9964497992118688,1.313630178864336,false,0,NaN
4884,F,0.995820483246812,1.1172546919566995,false,0,NaN
4885,F,0.9955058252642837,1.0421553658489568,false,0,NaN
4886,F,0.9960761893590567,1.1839496170584858,false,0,NaN
4887,F,0.9956933718519334,1.0514311144398776,false,0,NaN
4888,F,0.9957299522441946,1.0447648393504174,false,0,NaN
4889,F,0.9973353245368519,1.633208561251751,false,0,NaN
4890,F,0.9971016406895258,1.499624905086125,false,0,NaN
4891,F,0.9965326383905232,1.2717102739832087,false,0,NaN
4892,F,0.9961312953173589,1.1376679172032453,false,0,NaN
4893,F,0.9959306237807768,1.08751230214123,false,0,NaN
4894,F,0.9973355798091156,1.6333581701398994,false,0,NaN
4895,F,0.9973355755232162,1.6350290361144868,false,0,NaN
4896,F,0.9965327671122481,1.2720867475199742,false,0,NaN
4897,F,0.9965327652710428,1.2599708490340211,false,0,NaN
4898,F,0.9961313607571326,1.1380683647098424,false,0,NaN
4899,F,0.9961313598228193,1.1393772395412265,false,0,NaN
4900,F,0.9959306575662109,1.0879203862455775,false,0,NaN
4901,F,0.9959306569712456,1.088659001820422,false,0,NaN
4902,F,0.9958303059440224,1.0647730635922412,false,0,NaN
4903,F,0.9958303055056936,1.065288294183476,false,0,NaN
4904,F,0.9957801300794729,1.0536445967543056,false,0,NaN
4905,F,0.9957801297164496,1.054059924753675,false,0,NaN
4906,F,0.9957550420402863,1.048187344860549,false,0,NaN
4907,F,0.9957550417141918,1.0485554399923176,false,0,NaN
4908,F,0.9957362252624223,1.04414006721633,false,0,NaN
4909,F,0.9955989312082109,1.0286209195288447,false,0,NaN
4910,F,0.9954828668536654,1.0009826139199736,false,0,NaN
4911,F,0.995529482614302,1.0097018214936868,false,0,NaN
4912,F,0.9955061747339836,1.006437598304581,false,0,NaN
4913,F,0.9954945207938245,1.0007332796646424,false,0,NaN
4914,F,0.9957216637143452,1.1123459748733047,false,0,NaN
4915,F,0.9956080922540849,1.0322818141770647,false,0,NaN
4916,F,0.9955513065239546,1.0153093583585342,false,0,NaN
4917,F,0.9955229136588896,1.0079268311776155,false,0,NaN
4918,F,0.9955141437044935,1.0067911580082887,false,0,NaN
4919,F,0.9955135745405577,1.010580434517383,false,0,NaN
4920,F,0.9955042797365723,1.0065836878912462,false,0,NaN
4921,F,0.9955037279553466,1.0101804803314711,false,0,NaN
4922,F,0.9954993449390963,1.000949740434531,false,0,NaN
4923,F,0.99549926519908,1.0116285992006642,false,0,NaN
4924,F,0.9954968718850786,1.0012475151291924,false,0,NaN
4925,F,0.9954967671959022,1.005623682486531,false,0,NaN
4926,F,0.9954956238153312,1.0014463222519296,false,0,NaN
4927,F,0.9954949746109212,1.0015638727687621,false,0,NaN
4928,F,0.9954945666869784,1.0016428854933035,false,0,NaN
4929,F,0.9954945275291041,1.0005416120224755,false,0,NaN
4930,F,0.995577174470084,1.0213493768550297,false,0,NaN
4931,F,0.9962277537172127,1.2448547790025928,false,0,NaN
4932,F,0.9955358509995941,1.01690443991717,false,0,NaN
4933,F,0.995515189264349,1.0132489747627413,false,0,NaN
4934,F,0.9955048583967265,1.0073384476057072,false,0,NaN
4935,F,0.9954944972289083,1.0068342106852906,false,0,NaN
4936,F,0.9954944825083002,1.0068269229002902,false,0,NaN
4937,F,0.9954944981768477,1.0003696714388883,false,0,NaN
4938,F,0.9955121817725112,1.0070738931381615,false,0,NaN
4939,F,0.9954894237624705,0.9999735410447526,true,0,NaN
4940,F,0.9955241187819116,1.0037994560822125,false,0,NaN
4941,F,0.9955390089401265,1.0000948255253355,false,0,NaN
4942,F,0.9956214762398301,1.022832083429547,false,0,NaN
4943,F,0.9955859354540254,1.026753741320786,false,0,NaN
4944,F,0.9955802425899783,1.0047661281088236,false,0,NaN
4945,F,0.9955596257650524,1.0047716729903717,false,0,NaN
4946,F,0.9955493173525894,1.0047541434747267,false,0,NaN
4947,F,0.9956215944946526,1.0228328622996328,false,0,NaN
4948,F,0.9956194601379719,1.0205870492240936,false,0,NaN
4949,F,0.9955802948888859,1.0047276823158238,false,0,NaN
4950,F,0.9955798529093713,1.0064426755941507,false,0,NaN
4951,F,0.9955596450859635,1.0047036231917956,false,0,NaN
4952,F,0.9955592053396306,1.0063884602338153,false,0,NaN
4953,F,0.9955493201844245,1.0046722184065515,false,0,NaN
4954,F,0.9955488833658103,1.0064250404973651,false,0,NaN
4955,F,0.9955441577334992,1.0000096599250134,false,0,NaN
4956,F,0.9955608108860929,1.0044708193184118,false,0,NaN
4957,F,0.9955626640100349,1.0004154687864588,false,0,NaN
4958,F,0.9955842945193918,1.0000020176729318,false,0,NaN
4959,F,0.9956461557905022,1.0342900941045567,false,0,NaN
4960,F,0.9955770708249728,1.0244739348884906,false,0,NaN
4961,F,0.9955758201758826,1.02412995427456,false,0,NaN
4962,F,0.995474217030634,1.0007169454799003,false,0,NaN
4963,F,0.9955224609311606,1.0134777976647937,false,0,NaN
4964,F,0.9956459593137579,1.048356445449612,false,0,NaN
4965,F,0.9958455642151254,1.1033221609488892,false,0,NaN
4966,F,0.9999792278210756,NaN,false,-300,NaN
4967,F,0.9979123960181006,1.9794916422588928,false,0,NaN
4968,F,0.9999895619800905,NaN,false,-300,NaN
4969,F,0.9989509789990956,3.4337731325947614,false,0,NaN
4970,F,0.998431687508598,2.6386495810129875,false,0,NaN
4971,F,0.9981720417633493,2.2494384380572523,false,0,NaN
4972,F,0.9999271520306988,NaN,false,-300,NaN
4973,F,0.9989139957118349,4.405977427025222,false,0,NaN
4974,F,0.9989001979379002,9.034590830090709,false,0,NaN
4975,F,0.9984048752870985,2.8025805414613485,false,0,NaN
4976,F,0.9981449953477269,2.2056918611793286,false,0,NaN
4977,F,0.9980019222682394,2.0909637749823435,false,0,NaN
4978,F,0.9979073724813192,1.9572060400661055,false,0,NaN
4979,F,0.9979025659787857,2.261595007263244,false,0,NaN
4980,F,0.997904975634251,1.981428673897076,false,0,NaN
4981,F,0.9979061773519546,2.0241649475247847,false,0,NaN
4982,F,0.9979067766598054,2.064293956636411,false,0,NaN
4983,F,0.9979070755402308,2.0787238245341992,false,0,NaN
4984,F,0.9967117436503394,1.4493627928835164,false,0,NaN
4985,F,0.9948592372895934,0.9922126967304653,true,0,NaN
4986,F,0.9960374430578111,1.259426400447225,false,0,NaN
4987,F,0.9942972370514971,0.9895919875515987,true,0,NaN
4988,F,0.9954483401737022,1.0853524873304825,false,0,NaN
4989,F,0.9951537887316478,1.0335667302339826,false,0,NaN
4990,F,0.9950065130106206,1.0167007714849423,false,0,NaN
4991,F,0.9958178676035616,1.1975757325596792,false,0,NaN
4992,F,0.9957859091850347,1.423277928084983,false,0,NaN
4993,F,0.9953600439828084,1.070427950390564,false,0,NaN
4994,F,0.995347843379251,1.0972916251047435,false,0,NaN
4995,F,0.9951096387694455,1.0308503178867223,false,0,NaN
4996,F,0.995103609894601,1.0325177672668207,false,0,NaN
4997,F,0.9949844361618477,1.0165425739636267,false,0,NaN
4998,F,0.9949806384319628,1.0077694949663443,false,0,NaN
4999,F,0.9949218348562162,0.9921899757573265,true,0,NaN
5000,F,0.9999748197003693,NaN,false,-300,NaN
5001,F,0.9974483272782928,2.086918299834296,false,0,NaN
5002,F,0.9961850810672545,1.3434463342796392,false,0,NaN
5003,F,0.9955534579617353,1.1102228005584633,false,0,NaN
5004,F,0.9953548229939592,1.0704109734171476,false,0,NaN
5005,F,0.9953428851356224,1.0970942705645035,false,0,NaN
5006,F,0.9951383288345783,1.0308209660788088,false,0,NaN
5007,F,0.9951324329918136,1.0321838589819132,false,0,NaN
5008,F,0.9950300817548853,1.016475451047083,false,0,NaN
5009,F,0.9950263752834818,1.0188750889494869,false,0,NaN
5010,F,0.9949759582150337,0.9970417797550581,true,0,NaN
5011,F,0.9950588483270318,1.0286856734638632,false,0,NaN
5012,F,0.9950534432661725,1.0161854693540038,false,0,NaN
5013,F,0.9950169135331899,1.0147931050207495,false,0,NaN
5014,F,0.995013566103057,1.0194365473244624,false,0,NaN
5015,F,0.9949958135955013,1.0121605100495226,false,0,NaN
5016,F,0.9949849828798811,1.0119727183596359,false,0,NaN
5017,F,0.9949788231004603,1.0115028635568617,false,0,NaN
5018,F,0.9949773971726302,1.0137372976088903,false,0,NaN
5019,F,0.9949767378571784,1.0151521569485542,false,0,NaN
5020,F,0.9949761585334637,0.9967090799241487,true,0,NaN
5021,F,0.9999753555513895,NaN,false,-300,NaN
5022,F,0.9974757570424266,2.1141286201936142,false,0,NaN
5023,F,0.9962259577879451,1.3812708056506753,false,0,NaN
5024,F,0.9956010581607044,1.1184159909136722,false,0,NaN
5025,F,0.9949775706041247,1.0137200888264843,false,0,NaN
5026,F,0.9949768645967689,1.0149736943656988,false,0,NaN
5027,F,0.9949765115686129,1.0155735005105764,false,0,NaN
5028,F,0.9949763350514752,1.0024713709553121,false,0,NaN
5029,F,0.994976246792524,0.9965734410700922,true,0,NaN
5030,F,0.9952429184461207,1.0515077454690402,false,0,NaN
5031,F,0.9951095826193224,1.0335892793977708,false,0,NaN
5032,F,0.9950429147059232,1.017541887444103,false,0,NaN
5033,F,0.9950095807492236,1.013713949631284,false,0,NaN
5034,F,0.9949767707233094,1.0091236983096605,false,0,NaN
5035,F,0.994976510717343,1.0094634276416734,false,0,NaN
5036,F,0.9949763790001033,0.9964103309711418,true,0,NaN
5037,F,0.995768806745582,1.1823144069870244,false,0,NaN
5038,F,0.9947097481217012,1.001943966053115,false,0,NaN
5039,F,0.9953376277427954,1.1845499168472853,false,0,NaN
5040,F,0.9946269176735294,1.1310386910060748,false,0,NaN
5041,F,0.9950236879322484,1.0531909852420585,false,0,NaN
5042,F,0.9948667180269748,1.0286840545032265,false,0,NaN
5043,F,0.994788233074338,1.0134753710978077,false,0,NaN
5044,F,0.9952759538486501,1.1780258303413411,false,0,NaN
5045,F,0.9952444119089191,1.2692123312790091,false,0,NaN
5046,F,0.9949924976804825,1.0521017938844301,false,0,NaN
5047,F,0.9949832633922253,1.1330578884600544,false,0,NaN
5048,F,0.9948507694342886,1.017306178193605,false,0,NaN
5049,F,0.9948476985062279,1.0195486590234635,false,0,NaN
5050,F,0.9947799049869686,1.0117071889465525,false,0,NaN
5051,F,0.9947778252816765,1.0054070875819632,false,0,NaN
5052,F,0.994744472114836,0.9999736533161283,true,0,NaN
5053,F,0.9961803983525855,1.4425653908228968,false,0,NaN
5054,F,0.993844280112064,1.0611965794026557,false,0,NaN
5055,F,0.9954624352337107,1.2720476102125988,false,0,NaN
5056,F,0.9951034536742733,1.1127237961285021,false,0,NaN
5057,F,0.9949239628945546,1.0378134532174634,false,0,NaN
5058,F,0.9952900534146557,1.1779090941630552,false,0,NaN
5059,F,0.9952586890452189,1.2672621637395103,false,0,NaN
5060,F,0.9950176955244422,1.052061094451986,false,0,NaN
5061,F,0.9950085138293348,1.1383281093029387,false,0,NaN
5062,F,0.9948815165087563,1.0269946035740718,false,0,NaN
5063,F,0.9948767528005275,1.045496037797088,false,0,NaN
5064,F,0.9948134268597547,1.0116472726540948,false,0,NaN
5065,F,0.9948113681992123,1.014860350212965,false,0,NaN
5066,F,0.9947793817529312,1.0116965273880463,false,0,NaN
5067,F,0.9947773142548241,1.005321645455372,false,0,NaN
5068,F,0.9947623586348332,1.01178275334033,false,0,NaN
5069,F,0.9947602758596213,1.0051925680797158,false,0,NaN
5070,F,0.9947538459460838,1.0000733205069054,false,0,NaN
5071,F,0.9949787864634554,1.0429129233895096,false,0,NaN
5072,F,0.9949711476487625,1.0771848349366198,false,0,NaN
5073,F,0.9948663067159329,1.030627150437298,false,0,NaN
5074,F,0.9948608531822362,1.0242150218010002,false,0,NaN
5075,F,0.9948100668021864,1.0159677996987502,false,0,NaN
5076,F,0.9948072207398067,1.0195700297036296,false,0,NaN
5077,F,0.9947819467653422,1.011511408569377,false,0,NaN
5078,F,0.9947798933650833,1.0096321043808165,false,0,NaN
5079,F,0.9947678865869739,1.0115107583663936,false,0,NaN
5080,F,0.9947658333023675,1.0052511028219993,false,0,NaN
5081,F,0.9947608561778659,1.0000039628093074,false,0,NaN
5082,F,0.9935997332229257,0.8555643562650138,true,0,NaN
5083,F,0.9999679986661146,NaN,false,-300,NaN
5084,F,0.9967838659445202,1.9356179333416434,false,0,NaN
5085,F,0.995191799583723,1.1451275292873957,false,0,NaN
5086,F,0.9943957664033243,0.9839213246852043,true,0,NaN
5087,F,0.9946549631256365,1.0297706621281146,false,0,NaN
5088,F,0.9945253647644804,1.0168385374578413,false,0,NaN
5089,F,0.9944605655839024,1.0127273381995954,false,0,NaN
5090,F,0.9944281659936133,1.0008168934702317,false,0,NaN
5091,F,0.9947671704670158,1.047967006161151,false,0,NaN
5092,F,0.9947540486130317,1.045015454464354,false,0,NaN
5093,F,0.9947534573148552,1.0450407821138827,false,0,NaN
5094,F,0.9947404192265769,1.0426333583675655,false,0,NaN
5095,F,0.9947452084786081,1.043291847971068,false,0,NaN
5096,F,0.9947322182837772,1.0411953198559005,false,0,NaN
5097,F,0.9946048550093941,1.0217528863700664,false,0,NaN
5098,F,0.9945964829519165,1.0206140125513739,false,0,NaN
5099,F,0.9945003107063591,1.017662672901301,false,0,NaN
5100,F,0.9944928438658411,1.0060048437561018,false,0,NaN
5101,F,0.9944480385548418,1.0084008724288231,false,0,NaN
5102,F,0.9944426213351286,0.9961680868031244,true,0,NaN
5103,F,0.9999722131066756,NaN,false,-300,NaN
5104,F,0.9945543173405437,1.0116046224514026,false,0,NaN
5105,F,0.9944984693378361,1.0014777845706226,false,0,NaN
5106,F,0.9944705453364824,1.0013708620146464,false,0,NaN
5107,F,0.9945643376138815,1.0156369767207718,false,0,NaN
5108,F,0.9945601293262509,1.0144132493167917,false,0,NaN
5109,F,0.994503479474505,1.009257626772204,false,0,NaN
5110,F,0.9945006501171127,1.0140247346791504,false,0,NaN
5111,F,0.9944730504048168,1.0050569377435536,false,0,NaN
5112,F,0.9944711290461816,1.0065490945290272,false,0,NaN
5113,F,0.9944578358699727,1.0047181837706995,false,0,NaN
5114,F,0.99445598773778,1.000640885931127,false,0,NaN
5115,F,0.9944502286025507,0.9961681016995112,true,0,NaN
5116,F,0.9999722511430128,NaN,false,-300,NaN
5117,F,0.9945025548404338,1.0092645206305346,false,0,NaN
5118,F,0.9944763917214923,1.009198926432394,false,0,NaN
5119,F,0.9944633101620215,1.004789863985911,false,0,NaN
5120,F,0.9945034086016652,1.009257276382359,false,0,NaN
5121,F,0.9945005858645649,1.0140206703992702,false,0,NaN
5122,F,0.9944768185995583,1.009259101096263,false,0,NaN
5123,F,0.9944739954755677,1.0021917734929389,false,0,NaN
5124,F,0.9944635235985048,1.0047880618948497,false,0,NaN
5125,F,0.9944616646704912,1.000567950308919,false,0,NaN
5126,F,0.994456876097978,1.0012987698426452,false,0,NaN
5127,F,0.9944557696476461,1.0039974629012582,false,0,NaN
5128,F,0.9944535523477145,1.001298864286977,false,0,NaN
5129,F,0.9944524458778424,1.003997772922138,false,0,NaN
5130,F,0.9944518904725828,0.996184950981499,true,0,NaN
5131,F,0.998247886169829,3.290529301086286,false,0,NaN
5132,F,0.9944542201005337,0.9961857530420704,true,0,NaN
5133,F,0.9999722711005027,NaN,false,-300,NaN
5134,F,0.9972132456005182,2.2711566302476083,false,0,NaN
5135,F,0.995833732850526,1.4533420723740602,false,0,NaN
5136,F,0.9951439764755299,1.1406210711037112,false,0,NaN
5137,F,0.9944591126729303,0.9962281885581241,true,0,NaN
5138,F,0.9999722955633646,NaN,false,-300,NaN
5139,F,0.994468940285082,0.9963043397982113,true,0,NaN
5140,F,0.9999723447014254,NaN,false,-300,NaN
5141,F,0.9972206424932537,2.182362907042868,false,0,NaN
5142,F,0.9958447913891679,1.434148275052654,false,0,NaN
5143,F,0.9951568658371249,1.1344369414800919,false,0,NaN
5144,F,0.9944884669806829,0.9963134657482998,true,0,NaN
5145,F,0.9948041143323477,1.032637645698267,false,0,NaN
5146,F,0.9946310581508447,1.0091594544108569,false,0,NaN
5147,F,0.9944915459663042,0.9964369365915299,true,0,NaN
5148,F,0.9947384810043328,1.0197739322979176,false,0,NaN
5149,F,0.9946320550848882,1.0056872987667647,false,0,NaN
5150,F,0.9946150134853186,1.0179265156601938,false,0,NaN
5151,F,0.9945532797258113,1.0050404047160795,false,0,NaN
5152,F,0.9945224128460578,1.0045811674227265,false,0,NaN
5153,F,0.994496324000166,0.9963015721797451,true,0,NaN
5154,F,0.9948295871226255,1.0472449500685617,false,0,NaN
5155,F,0.994434391945335,0.9969364349588394,true,0,NaN
5156,F,0.9947837800543967,1.0647858170542084,false,0,NaN
5157,F,0.9945432312063277,1.105693508906206,false,0,NaN
5158,F,0.9946090859998659,1.031092833478447,false,0,NaN
5159,F,0.9945217389726004,1.0153270667843834,false,0,NaN
5160,F,0.9944780654589678,1.0079525731583319,false,0,NaN
5161,F,0.9947837800543967,1.0647858170542106,false,0,NaN
5162,F,0.9947819287297437,1.0634530462969862,false,0,NaN
5163,F,0.9946091383359296,1.0310961731534198,false,0,NaN
5164,F,0.994608206034163,1.0286281251738931,false,0,NaN
5165,F,0.994521817476532,1.0153306775402,false,0,NaN
5166,F,0.9945213141985001,1.0197907631707834,false,0,NaN
5167,F,0.9944781570465056,1.0079559378281706,false,0,NaN
5168,F,0.9944778539306467,1.0106114621321243,false,0,NaN
5169,F,0.9944563268308368,1.0077684608784727,false,0,NaN
5170,F,0.9944560249346617,0.999669393213691,true,0,NaN
5171,F,0.9944454117216915,0.9970115379881789,true,0,NaN
5172,F,0.994473117855413,1.0141753460840137,false,0,NaN
5173,F,0.99445257468704,0.997570966870602,true,0,NaN
5174,F,0.9944952660884536,1.0096365287238973,false,0,NaN
5175,F,0.9944362594241978,1.0055076162290995,false,0,NaN
5176,F,0.9944739203877468,1.0089001015542762,false,0,NaN
5177,F,0.9944632475373933,1.0085668135791874,false,0,NaN
5178,F,0.9944579111122167,1.008394405579123,false,0,NaN
5179,F,0.994481974449291,1.0091787331699473,false,0,NaN
5180,F,0.9944819546794603,1.0099380417698987,false,0,NaN
5181,F,0.9944672757858724,1.0086670536882263,false,0,NaN
5182,F,0.9944672561957758,1.0093998492381677,false,0,NaN
5183,F,0.9944599264541623,1.0084382957518931,false,0,NaN
5184,F,0.9944599069045825,0.9984415542636812,true,0,NaN
5185,F,0.9945417537308378,1.0166797033004542,false,0,NaN
5186,F,0.9944712385742875,1.013308734649247,false,0,NaN
5187,F,0.9945008303177102,1.0165520335359386,false,0,NaN
5188,F,0.9944803686111463,1.0092939133994308,false,0,NaN
5189,F,0.9944701377578644,1.0092079805007863,false,0,NaN
5190,F,0.9945154495994823,1.0165588395146057,false,0,NaN
5191,F,0.9945114658989541,1.0202326692728518,false,0,NaN
5192,F,0.9944880848015404,1.009320661598899,false,0,NaN
5193,F,0.994485686890225,1.0169504527701438,false,0,NaN
5194,F,0.9944744023691932,1.0092368651712214,false,0,NaN
5195,F,0.9944720087961416,1.016924237868548,false,0,NaN
5196,F,0.9944675610862657,1.0091886480316152,false,0,NaN
5197,F,0.9944651710917292,1.0169100783128766,false,0,NaN
5198,F,0.9944641403112828,1.0091719982735712,false,0,NaN
5199,F,0.9944617504421562,1.0168952762851535,false,0,NaN
5200,F,0.994462429656662,1.0091636345639199,false,0,NaN
5201,F,0.9944600398586213,1.0168879126286026,false,0,NaN
5202,F,0.9944615737943614,0.9988517393200762,true,0,NaN
5203,F,0.9944614831939149,1.0087449011340728,false,0,NaN
5204,F,0.9944609280835178,0.9984425735010107,true,0,NaN
5205,F,0.9945537060080343,1.0350392204842538,false,0,NaN
5206,F,0.994428987858334,0.9998241724168203,true,0,NaN
5207,F,0.9944629796333504,0.9985561932500303,true,0,NaN
5208,F,0.9944843024394837,1.0109505561650698,false,0,NaN
5209,F,0.9944015349640546,0.9986836786965574,true,0,NaN
5210,F,0.9944736410364171,1.009721039661739,false,0,NaN
5211,F,0.9944683103348837,0.9987190865755708,true,0,NaN
5212,F,0.9945123759601922,1.0104250084808206,false,0,NaN
5213,F,0.9944905938288559,1.021026050618947,false,0,NaN
5214,F,0.9944903431475379,1.0102773247959709,false,0,NaN
5215,F,0.9944793267412108,1.0102260198322002,false,0,NaN
5216,F,0.9944738185380473,1.0101964920553557,false,0,NaN
5217,F,0.9945123759601922,1.0104250084808206,false,0,NaN
5218,F,0.9945108904204761,1.0130412230406645,false,0,NaN
5219,F,0.9944903596255465,1.0102715170261862,false,0,NaN
5220,F,0.9944888898043508,1.012969086085481,false,0,NaN
5221,F,0.9944793514576907,1.0102229078421023,false,0,NaN
5222,F,0.9944778859065245,1.0064154521032496,false,0,NaN
5223,F,0.9944738473726966,1.0101956112561625,false,0,NaN
5224,F,0.994472384338218,1.0013977275893537,false,0,NaN
5225,F,0.9944710953280673,1.0075120665498134,false,0,NaN
5226,F,0.9944699741365316,1.0007661226401887,false,0,NaN
5227,F,0.9944697193014881,1.0036925767083336,false,0,NaN
5228,F,0.994469085100771,0.9998700247038049,true,0,NaN
5229,F,0.994469031279669,0.9987399448231982,true,0,NaN
5230,F,0.9944948622977748,1.0059047979169211,false,0,NaN
5231,F,0.9944613572388866,0.9988111302367976,true,0,NaN
5232,F,0.9944698317468412,0.9987421442397335,true,0,NaN
5233,F,0.9945322480214063,1.005793031470866,false,0,NaN
5234,F,0.9945367682395461,1.009425526496487,false,0,NaN
5235,F,0.9945010398841237,1.005782204445459,false,0,NaN
5236,F,0.9944854358154825,0.9987587738294353,true,0,NaN
5237,F,0.9946401957731138,1.0256097593595679,false,0,NaN
5238,F,0.9945746681780256,1.0641837783478905,false,0,NaN
5239,F,0.9945628157942982,1.0057643558211828,false,0,NaN
5240,F,0.9945241258048904,1.0057984085572655,false,0,NaN
5241,F,0.9945047808101865,1.005805829265869,false,0,NaN
5242,F,0.9945723992426677,1.0165535744883631,false,0,NaN
5243,F,0.994570402901553,1.0153265936935312,false,0,NaN
5244,F,0.9945289361776181,1.0057567283450357,false,0,NaN
5245,F,0.9945281513962334,1.0094076191340298,false,0,NaN
5246,F,0.9945072046382902,1.0058084942877878,false,0,NaN
5247,F,0.9945064133043249,1.0094922173146164,false,0,NaN
5248,F,0.9944963388550205,1.0057646813325558,false,0,NaN
5249,F,0.994495552075149,1.00947032299955,false,0,NaN
5250,F,0.9944909059361736,1.0057717302983895,false,0,NaN
5251,F,0.9944901181801843,1.0024124732494804,false,0,NaN
5252,F,0.9944881894223236,0.9987615011242553,true,0,NaN
5253,F,0.9948783376998301,1.1270234820606833,false,0,NaN
5254,F,0.9945150054738882,1.0058085031706863,false,0,NaN
5255,F,0.9945015974481058,1.0057663087616615,false,0,NaN
5256,F,0.9944948934352148,1.0057619336211485,false,0,NaN
5257,F,0.9945150034628553,1.0058063855200903,false,0,NaN
5258,F,0.9945136746694481,1.0094702198687941,false,0,NaN
5259,F,0.9945015953501021,1.0057643671116527,false,0,NaN
5260,F,0.994500274166629,1.0094463574733101,false,0,NaN
5261,F,0.9944948912928295,1.0057597556497293,false,0,NaN
5262,F,0.9944935708208898,1.0094431247445899,false,0,NaN
5263,F,0.9944915392624013,1.0057639403605008,false,0,NaN
5264,F,0.9944898632436032,1.0057714155105215,false,0,NaN
5265,F,0.9944890252270363,0.9987594021706377,true,0,NaN
5266,F,0.9950146329043928,1.1786833854658145,false,0,NaN
5267,F,0.9944951488549022,1.0057604414950647,false,0,NaN
5268,F,0.9944920870409693,1.0057590664815441,false,0,NaN
5269,F,0.9944905561340027,1.005758508616528,false,0,NaN
5270,F,0.9944951532282513,1.0057608322581297,false,0,NaN
5271,F,0.9944938284086872,1.0095788850057215,false,0,NaN
5272,F,0.994492091435436,1.0057594259627753,false,0,NaN
5273,F,0.9944905605319992,1.0057588430081514,false,0,NaN
5274,F,0.9944897950662221,1.0057631093984016,false,0,NaN
5275,F,0.9944894123052115,1.0025795992292892,false,0,NaN
5276,F,0.9944892208684258,0.9987816399917008,true,0,NaN
5277,F,0.9944905313373769,0.9988267278228156,true,0,NaN
5278,F,0.9944904178775906,0.9988104124380893,true,0,NaN
5279,F,0.9944902948605566,0.9987952405542486,true,0,NaN
5280,F,0.9944969953735883,0.9998429775286106,true,0,NaN
5281,F,0.9944936451170724,0.9987264650906713,true,0,NaN
5282,F,0.9945047854085156,1.0000740669650852,false,0,NaN
5283,F,0.9945039363927634,1.005117539066401,false,0,NaN
5284,F,0.9944992152627941,0.9993381777633158,true,0,NaN
5285,F,0.9944964301899332,0.999017125000659,true,0,NaN
5286,F,0.9944979344046353,0.9985381303918953,true,0,NaN
5287,F,0.994522188590531,1.0021584423624075,false,0,NaN
5288,F,0.9945168721584569,0.9995957927164258,true,0,NaN
5289,F,0.9945203776685865,0.9963310601690779,true,0,NaN
5290,F,0.9945395918596783,0.9986642487583142,true,0,NaN
5291,F,0.9999726979592984,NaN,false,-300,NaN
5292,F,0.9972561481425262,1.7258964984251766,false,0,NaN
5293,F,0.9971392584080646,2.3028396571289393,false,0,NaN
5294,F,0.9958978726830339,1.2254322313702755,false,0,NaN
5295,F,0.9958614237005934,1.3808295694316226,false,0,NaN
5296,F,0.9952187349530532,1.1044392668319747,false,0,NaN
5297,F,0.9952017334678296,1.2122178923984577,false,0,NaN
5298,F,0.9948791660875937,1.0467305233060022,false,0,NaN
5299,F,0.9948714402719676,1.048343559220869,false,0,NaN
5300,F,0.9947093816539259,1.0249454984992736,false,0,NaN
5301,F,0.9947051574023483,1.0323503760590111,false,0,NaN
5302,F,0.9946244894352153,1.0144579849418363,false,0,NaN
5303,F,0.9946219508693606,1.0258978576307962,false,0,NaN
5304,F,0.994560820258047,1.0058477517550912,false,0,NaN
5305,F,0.994559665637263,1.0183234251735347,false,0,NaN
5306,F,0.994542249945635,0.9989479333661933,true,0,NaN
5307,F,0.9945003877632528,0.9984034325046383,true,0,NaN
5308,F,0.9945422458913653,0.9989474023914742,true,0,NaN
5309,F,0.9944871752931661,0.997202696082337,true,0,NaN
5310,F,0.9945147105922657,1.0025146953083919,false,0,NaN
5311,F,0.9945284782418156,1.002006678624687,false,0,NaN
5312,F,0.9945353620665904,0.9988030917089218,true,0,NaN
5313,F,0.9945422522464401,0.9989463432713114,true,0,NaN
5314,F,0.9945557939087378,1.026171463697903,false,0,NaN
5315,F,0.9945497264189008,1.020291797522368,false,0,NaN
5316,F,0.9945509541613085,1.0262787008734455,false,0,NaN
5317,F,0.9945448627735002,1.0202630316298884,false,0,NaN
5318,F,0.9945484374256602,1.0117785171619587,false,0,NaN
5319,F,0.994545577600572,1.019483887007778,false,0,NaN
5320,F,0.9945468603840895,1.0112824858844802,false,0,NaN
5321,F,0.9945446261466073,1.0112363131761102,false,0,NaN
5322,F,0.9945434391961484,1.003889031454622,false,0,NaN
5323,F,0.994542845720919,0.9990430895788006,true,0,NaN
5324,F,0.9945428241588992,1.004015088831065,false,0,NaN
5325,F,0.994542400614497,0.9989469565352815,true,0,NaN
5326,F,0.994537034546254,1.0154665629579303,false,0,NaN
5327,F,0.9943780365488443,0.9943729668360869,true,0,NaN
5328,F,0.9945424005581712,0.9989468983780615,true,0,NaN
5329,F,0.9945175475507183,1.015736071109624,false,0,NaN
5330,F,0.9945299740544448,1.0187862453762158,false,0,NaN
5331,F,0.994536187306308,1.0097364151269463,false,0,NaN
5332,F,0.9945392939322396,1.0104899677744592,false,0,NaN
5333,F,0.9945429921933852,0.9996434348373121,true,0,NaN
5334,F,0.9945672781176238,1.0020893952536958,false,0,NaN
5335,F,0.9945426353815566,1.0059746885462657,false,0,NaN
5336,F,0.9945429932658991,0.999643395491346,true,0,NaN
5337,F,0.9945444522033795,1.008002562200224,false,0,NaN
5338,F,0.9944792157485459,1.0117520405665772,false,0,NaN
5339,F,0.9945437227346393,1.006544834113277,false,0,NaN
5340,F,0.9945433580002692,1.0018117185239217,false,0,NaN
5341,F,0.9945431756330841,0.9996179451158663,true,0,NaN
5342,F,0.9945417463522804,0.9989894724073538,true,0,NaN
5343,F,0.9945418038601567,0.9986964138549472,true,0,NaN
5344,F,0.9967029472931814,NaN,false,-300,NaN
5345,F,0.9956233834760934,1.476581555750127,false,0,NaN
5346,F,0.9956221919814114,1.4800528719890287,false,0,NaN
5347,F,0.99508359837223,1.1064348165989952,false,0,NaN
5348,F,0.9950833297514394,1.1196870919836703,false,0,NaN
5349,F,0.9948136994293286,1.046305923950852,false,0,NaN
5350,F,0.9948135807259915,1.0515504787234173,false,0,NaN
5351,F,0.9946787371732895,1.0149912418021052,false,0,NaN
5352,F,0.9946786965458462,1.0166598101990358,false,0,NaN
5353,F,0.9946112304548775,1.0026152004745779,false,0,NaN
5354,F,0.9946112206842367,1.0030028030016764,false,0,NaN
5355,F,0.9945774257444118,1.0037299424082038,false,0,NaN
5356,F,0.9945774131944615,0.9976789445699734,true,0,NaN
5357,F,0.994656934460313,1.031484765738453,false,0,NaN
5358,F,0.9946488313652577,1.0352311704448898,false,0,NaN
5359,F,0.9946171738273872,1.0272130346914357,false,0,NaN
5360,F,0.9946100946513984,1.0228993239414548,false,0,NaN
5361,F,0.9945972935109243,1.0273350590510073,false,0,NaN
5362,F,0.9945873533526929,1.00926968447894,false,0,NaN
5363,F,0.9945845751104316,1.0260446713073157,false,0,NaN
5364,F,0.9945823832735772,1.000288891124884,false,0,NaN
5365,F,0.9945817576819742,1.024536774106533,false,0,NaN
5366,F,0.9945798982340194,0.9977794339473623,true,0,NaN
5367,F,0.9946019652253141,1.0060762065938271,false,0,NaN
5368,F,0.9945799085642791,0.9977804683503642,true,0,NaN
5369,F,0.994600682987673,1.0003380765235437,false,0,NaN
5370,F,0.9945902957759761,0.9990140004552195,true,0,NaN
5371,F,0.9945851021701276,0.9983739840203918,true,0,NaN
5372,F,0.9945825053672034,0.9980684128754562,true,0,NaN
5373,F,0.9945849532720236,0.9983302812327133,true,0,NaN
5374,F,0.9945948916672661,1.0099888959409244,false,0,NaN
5375,F,0.9945924204671057,1.0269586348181683,false,0,NaN
5376,F,0.9945899231772038,1.007448136766225,false,0,NaN
5377,F,0.9945874387851409,0.9985563227090076,true,0,NaN
5378,F,0.9945924771153567,0.9989965140242413,true,0,NaN
5379,F,0.9945264106959307,0.995164431519169,true,0,NaN
5380,F,0.9945924702852481,0.9989955791877928,true,0,NaN
5381,F,0.9945064493343371,0.9881762378284425,true,0,NaN
5382,F,0.9945494598097926,0.9935419920411015,true,0,NaN
5383,F,0.9945709650475203,0.9962538212376572,true,0,NaN
5384,F,0.9945817176663843,0.9976187995939245,true,0,NaN
5385,F,0.9945953054222868,0.9991653859523666,true,0,NaN
5386,F,0.9946084187010178,1.0287864380973915,false,0,NaN
5387,F,0.9944144249417973,1.0028972336530861,false,0,NaN
5388,F,0.994595487500119,0.9991633343101114,true,0,NaN
5389,F,0.9945934026308227,1.0039351553283522,false,0,NaN
5390,F,0.9945528940134495,0.9986706581230254,true,0,NaN
5391,F,0.9945944450654708,0.9994973008309421,true,0,NaN
5392,F,0.9946108863231875,1.0011078757645153,false,0,NaN
5393,F,0.994592775416061,0.9987850442649437,true,0,NaN
5394,F,0.9945926846702466,0.998749204801165,true,0,NaN
5395,F,0.9945926872826772,0.9987345709406311,true,0,NaN
5396,F,0.9945929588521777,0.9987410194303629,true,0,NaN
5397,F,0.9945929973976125,0.9987437389650343,true,0,NaN
5398,F,0.9945930091135521,0.9987422511797486,true,0,NaN
5399,F,0.9945930574126521,0.998742034360643,true,0,NaN
5400,F,0.9945931696725697,0.9987417857139663,true,0,NaN
5401,F,0.9945934506509836,0.9987415391613756,true,0,NaN
5402,F,0.9945941544207512,0.9987416846069875,true,0,NaN
5403,F,0.9945959031571883,0.9987548129790805,true,0,NaN
5404,F,0.9945993330867677,1.0059630933488986,false,0,NaN
5405,F,0.9945461391246871,1.00902698331207,false,0,NaN
5406,F,0.994597618121978,1.0059644226408442,false,0,NaN
5407,F,0.9945967606395831,0.9987625565540571,true,0,NaN
5408,F,0.9945981468208606,0.9994425281237902,true,0,NaN
5409,F,0.9945974537302218,0.9990768588206089,true,0,NaN
5410,F,0.9945971071849025,0.998902435377826,true,0,NaN
5411,F,0.9945969339122428,0.9987740227002544,true,0,NaN
5412,F,0.9946053238838292,0.9998537755610992,true,0,NaN
5413,F,0.994601128898036,0.9993072754661423,true,0,NaN
5414,F,0.9945990314051394,0.9990356959743599,true,0,NaN
5415,F,0.9945979826586911,0.9989010769525658,true,0,NaN
5416,F,0.9945985751471851,0.9989762247722574,true,0,NaN
5417,F,0.9945985105368598,0.9989983433270071,true,0,NaN
5418,F,0.9945977654020319,0.9988723998155636,true,0,NaN
5419,F,0.9945973800789883,0.9992709705262026,true,0,NaN
5420,F,0.9945977565736436,0.9988693890861606,true,0,NaN
5421,F,0.9945995345440215,1.0129342090177973,false,0,NaN
5422,F,0.9945875641782355,1.0100598785304173,false,0,NaN
5423,F,0.9945988585891834,1.011851543876764,false,0,NaN
5424,F,0.9945985201197628,1.0065019987368602,false,0,NaN
5425,F,0.9945983505162984,1.0060921475116402,false,0,NaN
5426,F,0.9945982646270144,1.006067554105963,false,0,NaN
5427,F,0.9945982192260927,1.0060666452109168,false,0,NaN
5428,F,0.9945981733204474,1.0060380894315042,false,0,NaN
5429,F,0.994597862814182,0.9988801874867763,true,0,NaN
5430,F,0.9945478810370062,0.9928408474391115,true,0,NaN
5431,F,0.9945978626552573,0.9988801640231052,true,0,NaN
5432,F,0.9945465728161049,0.9993090720192461,true,0,NaN
5433,F,0.994572217735681,1.0002913813916154,false,0,NaN
5434,F,0.9945850401954692,0.9974650477707863,true,0,NaN
5435,F,0.9945914514253632,0.9981100565986937,true,0,NaN
5436,F,0.9945978877746356,0.9988807284794026,true,0,NaN
5437,F,0.9945993318651924,0.9990293669807232,true,0,NaN
5438,F,0.9945226298221863,0.9893199172027692,true,0,NaN
5439,F,0.9945993296440856,0.9990290822438395,true,0,NaN
5440,F,0.9945213411346201,0.9891553785569509,true,0,NaN
5441,F,0.9945603353893528,0.9940605352739252,true,0,NaN
5442,F,0.9945798325167192,0.996536798396974,true,0,NaN
5443,F,0.9945895810804024,0.9977809265645736,true,0,NaN
5444,F,0.9945993699591865,0.9990285150951012,true,0,NaN
5445,F,0.9946253685100425,1.0285564169674513,false,0,NaN
5446,F,0.994404923822231,1.0025470410205979,false,0,NaN
5447,F,0.9945997353135653,0.9990266698233866,true,0,NaN
5448,F,0.9946024884755471,1.0164016394983446,false,0,NaN
5449,F,0.994467650723096,0.998609866406835,true,0,NaN
5450,F,0.9946011118945562,1.0138753781562588,false,0,NaN
5451,F,0.9946004236040608,1.0094564720380186,false,0,NaN
5452,F,0.994600079458813,1.0093689785026776,false,0,NaN
5453,F,0.9946009096165314,1.0198446404571775,false,0,NaN
5454,F,0.9945942881700124,1.017821193838191,false,0,NaN
5455,F,0.9946008866732146,1.0171085554606276,false,0,NaN
5456,F,0.994595136414612,1.0212693437049782,false,0,NaN
5457,F,0.9946008751781804,1.013032684957276,false,0,NaN
5458,F,0.9945964214468703,1.026465539659785,false,0,NaN
5459,F,0.9946008693830612,1.0119043059078634,false,0,NaN
5460,F,0.9946008663827629,1.0115681373785863,false,0,NaN
5461,F,0.9946008645718383,1.011425872329731,false,0,NaN
5462,F,0.9946004136424756,1.0047080400618755,false,0,NaN
5463,F,0.9945999048957929,0.9990404153127155,true,0,NaN
5464,F,0.9945991154759534,1.0091132947623758,false,0,NaN
5465,F,0.9945194258716524,0.9986842162524145,true,0,NaN
5466,F,0.9945999048143985,0.9990403845243038,true,0,NaN
5467,F,0.9946008444144155,1.0091144879754137,false,0,NaN
5468,F,0.9945224245114285,0.9986842994493595,true,0,NaN
5469,F,0.994600374614407,1.0092591249486804,false,0,NaN
5470,F,0.9946001397144028,1.0093326799896376,false,0,NaN
5471,F,0.9946000222644007,1.0093680427755989,false,0,NaN
5472,F,0.9946000490298296,0.9990512428149595,true,0,NaN
5473,F,0.9946007127909352,1.0043823537299599,false,0,NaN
5474,F,0.9946003809103824,0.9991335389343092,true,0,NaN
5475,F,0.9946003286043266,1.0174398704148402,false,0,NaN
5476,F,0.994600214970106,0.9990604480339872,true,0,NaN
5477,F,0.9943907859083031,0.9748708635400795,true,0,NaN
5478,F,0.9946002147354965,0.9990604178881317,true,0,NaN
5479,F,0.9943830384737908,0.9821657375869646,true,0,NaN
5480,F,0.9944916266046437,0.9955227396547255,true,0,NaN
5481,F,0.9945459206700701,0.9923413874656113,true,0,NaN
5482,F,0.9945730677027833,0.9956028648139184,true,0,NaN
5483,F,0.994600389464711,0.999074619007838,true,0,NaN
5484,F,0.9946001343084999,1.0091226707615006,false,0,NaN
5485,F,0.9945211405953918,0.998702044604387,true,0,NaN
5486,F,0.9946003894182551,0.9990745596332838,true,0,NaN
5487,F,0.9945991661874621,1.009115119801144,false,0,NaN
5488,F,0.9945187280856363,0.9987391814194762,true,0,NaN
5489,F,0.9945997778028586,1.0092781694079627,false,0,NaN
5490,F,0.9946000836105569,1.0092484268793076,false,0,NaN
5491,F,0.994600236514406,0.9990965616106943,true,0,NaN
5492,F,0.9946003969922947,0.9990744728110553,true,0,NaN
5493,F,0.9945991080766968,1.0091222302441154,false,0,NaN
5494,F,0.994518591596192,0.9986971734517373,true,0,NaN
5495,F,0.9946003937684186,0.9990736416314384,true,0,NaN
5496,F,0.9945995696647827,1.009125754127,false,0,NaN
5497,F,0.9945189079595309,0.9986960741840076,true,0,NaN
5498,F,0.9945999817166006,1.0092759099854764,false,0,NaN
5499,F,0.9946001877425096,1.0093563281131386,false,0,NaN
5500,F,0.9946002907554641,0.9996740511155305,true,0,NaN
5501,F,0.9946005133124044,0.9990851433432298,true,0,NaN
5502,F,0.9946011472996155,1.009176992391631,false,0,NaN
5503,F,0.9945475820162186,1.0120290360858673,false,0,NaN
5504,F,0.9946005163430222,0.9990835571436073,true,0,NaN
5505,F,0.9945980910770394,0.9987927210012209,true,0,NaN
5506,F,0.994598901073919,0.9988525972389873,true,0,NaN
5507,F,0.9945985393190362,0.9987780349871264,true,0,NaN
5508,F,0.9946070515274221,1.0050718668382004,false,0,NaN
5509,F,0.9946027954232292,1.0001460731653167,false,0,NaN
5510,F,0.9946006673711326,0.9991170483324203,true,0,NaN
5511,F,0.9945996033450845,0.9989015053849747,true,0,NaN
5512,F,0.9946053574022128,0.9996775638332697,true,0,NaN
5513,F,0.9946024803736486,0.9991577803514021,true,0,NaN
5514,F,0.9945998066702977,0.9987710688569025,true,0,NaN
5515,F,0.9946179685220972,1.0142577731234494,false,0,NaN
5516,F,0.9944965411797606,0.9982758023373016,true,0,NaN
5517,F,0.9946088875961975,0.9997298761551073,true,0,NaN
5518,F,0.9946043471332475,0.9987162404397537,true,0,NaN
5519,F,0.9946074144340792,0.9987655308193533,true,0,NaN
5520,F,0.9946080179501511,0.9987691124115601,true,0,NaN
5521,F,0.9946106356819044,1.0024717322283236,false,0,NaN
5522,F,0.9945817761156791,0.9987562741482154,true,0,NaN
5523,F,0.9946093268160278,0.9987497732774895,true,0,NaN
5524,F,0.9946097600109524,0.9987025197845547,true,0,NaN
5525,F,0.9946114868919433,1.002339826586707,false,0,NaN
5526,F,0.9945874592263664,0.9997429850309408,true,0,NaN
5527,F,0.9946106234514479,1.0022675167240274,false,0,NaN
5528,F,0.9946101917312001,1.0022508014670386,false,0,NaN
5529,F,0.9946099758710762,0.9987092628607691,true,0,NaN
5530,F,0.9946111905814395,1.0022867750383275,false,0,NaN
5531,F,0.9945836625578273,0.9986981490664752,true,0,NaN
5532,F,0.9946105832262578,1.0022560647330474,false,0,NaN
5533,F,0.9946102795486671,1.00224586119272,false,0,NaN
5534,F,0.9946101277098717,1.0022458413284225,false,0,NaN
5535,F,0.994610519989905,1.0022493910803223,false,0,NaN
5536,F,0.9946090070520465,1.0107071657830193,false,0,NaN
5537,F,0.9946102571803118,1.0022464173835608,false,0,NaN
5538,F,0.9946087434724158,1.0107044013417386,false,0,NaN
5539,F,0.9946101257754267,1.0022422363561874,false,0,NaN
5540,F,0.9946086128370291,1.0107034144291172,false,0,NaN
5541,F,0.9946100600728072,0.9987122288047947,true,0,NaN
5542,F,0.9946111436082523,0.9987901501420192,true,0,NaN
5543,F,0.9946111554217725,0.9988946808286087,true,0,NaN
5544,F,0.9946111495150124,0.9987659845879229,true,0,NaN
5545,F,0.9946127879447928,1.0069479926889442,false,0,NaN
5546,F,0.9945490904481376,0.9987003316261786,true,0,NaN
5547,F,0.9946119687299025,1.0009560151073753,false,0,NaN
5548,F,0.9946115591224575,0.998751049843886,true,0,NaN
5549,F,0.9946125442881203,1.0069071538027026,false,0,NaN
5550,F,0.9945491766179412,0.9987023033909542,true,0,NaN
5551,F,0.9946120517052889,1.001737469005442,false,0,NaN
5552,F,0.9946118054138732,0.9989189761642687,true,0,NaN
5553,F,0.9946116822681653,0.9987790474317534,true,0,NaN
5554,F,0.9946123881694471,1.0068996473361105,false,0,NaN
5555,F,0.994605340103324,1.0153753460467416,false,0,NaN
5556,F,0.994611975215865,1.0005231050288672,false,0,NaN
5557,F,0.9946104387151857,1.0152786434162882,false,0,NaN
5558,F,0.9946117687390729,0.9988626059712246,true,0,NaN
5559,F,0.9946116690918066,0.9997145725551745,true,0,NaN
5560,F,0.9946116655006748,0.998753010673223,true,0,NaN
5561,F,0.9946121453037928,0.9988294967969745,true,0,NaN
5562,F,0.994611771584096,0.998821763504482,true,0,NaN
5563,F,0.9946117185423854,0.9988230931886999,true,0,NaN
5564,F,0.9946116920215301,0.998780437723975,true,0,NaN
5565,F,0.9946117884903599,0.9988229866269411,true,0,NaN
5566,F,0.9946117630986543,0.9988044644696302,true,0,NaN
5567,F,0.9946117378480877,0.9988242536264906,true,0,NaN
5568,F,0.9946117128049737,0.9988056836304745,true,0,NaN
5569,F,0.9946117125268622,0.9987841172116444,true,0,NaN
5570,F,0.9946117015429534,0.9988001823202518,true,0,NaN
5571,F,0.9946116998660707,0.9987574432343754,true,0,NaN
5572,F,0.994611698161478,0.9987556714201414,true,0,NaN
5573,F,0.9946118533320315,0.9987385112309395,true,0,NaN
5574,F,0.9946118581456811,0.9987325627491435,true,0,NaN
5575,F,0.9946119813190489,0.9987340256824373,true,0,NaN
5576,F,0.9946199300475687,1.0073973805090408,false,0,NaN
5577,F,0.9946159559755869,1.0075552460830246,false,0,NaN
5578,F,0.9946139689393397,1.0075590525993963,false,0,NaN
5579,F,0.9946129754207037,1.0075611752101241,false,0,NaN
5580,F,0.9946124786603606,1.0072460709355089,false,0,NaN
5581,F,0.9946122302781389,1.0000527705646647,false,0,NaN
5582,F,0.9946121060829276,0.9988162512523722,true,0,NaN
5583,F,0.9946120415892937,1.0073573097447777,false,0,NaN
5584,F,0.9946120129077881,0.9987374433259243,true,0,NaN
5585,F,0.9946116734506233,0.9987580145582615,true,0,NaN
5586,F,0.9946120128509662,0.9987374335831795,true,0,NaN
5587,F,0.9946116931334553,0.9987608476824634,true,0,NaN
5588,F,0.9946118529922108,0.9987252782743017,true,0,NaN
5589,F,0.9946119329215884,0.9987269993792953,true,0,NaN
5590,F,0.9946121683089759,0.9986883958136445,true,0,NaN
5591,F,0.9947304784260468,1.0304025751800263,false,0,NaN
5592,F,0.9947289841042178,1.0390602878103878,false,0,NaN
5593,F,0.9946713235400103,1.0170191721492026,false,0,NaN
5594,F,0.9946704598230977,1.0302750864518884,false,0,NaN
5595,F,0.9946417460928151,1.0030607911230396,false,0,NaN
5596,F,0.9946415400722052,1.0054133133347563,false,0,NaN
5597,F,0.9946269573608636,1.0007558452892633,false,0,NaN
5598,F,0.9946268599457753,1.0008515371304982,false,0,NaN
5599,F,0.9946195629781801,0.9997437022375013,true,0,NaN
5600,F,0.9946195132537429,0.9997788618100155,true,0,NaN
5601,F,0.9946158657534221,0.999220987588327,true,0,NaN
5602,F,0.9946158406585067,0.9992598967936176,true,0,NaN
5603,F,0.9946140170758417,0.9989122227436241,true,0,NaN
5604,F,0.9946158002657903,1.0149171217357673,false,0,NaN
5605,F,0.9946149086957747,1.0108272575867452,false,0,NaN
5606,F,0.9946144629107369,0.9997878285574335,true,0,NaN
5607,F,0.9946142400181579,0.9989433937695892,true,0,NaN
5608,F,0.9946142297221657,0.9992593425837626,true,0,NaN
5609,F,0.9946141285717481,0.9989161292613972,true,0,NaN
5610,F,0.9946014737820367,0.9974697774531007,true,0,NaN
5611,F,0.9946141282137126,0.9989160825897203,true,0,NaN
5612,F,0.9946014177998638,0.9981023815349194,true,0,NaN
5613,F,0.9946077730067883,0.9981382283274115,true,0,NaN
5614,F,0.9946109506102504,0.998508639523131,true,0,NaN
5615,F,0.9946125394119816,0.9987100055376192,true,0,NaN
5616,F,0.994613347403148,0.9988159817088801,true,0,NaN
5617,F,0.9946129434075648,0.9987610866384352,true,0,NaN
5618,F,0.9946125783208829,0.9987134352077877,true,0,NaN
5619,F,0.9946127299337474,0.9987316035773511,true,0,NaN
5620,F,0.9946129050152065,0.9987479167491249,true,0,NaN
5621,F,0.9946130619190605,0.9987480059928662,true,0,NaN
5622,F,0.9946131163440256,0.9987315567634931,true,0,NaN
5623,F,0.9946158089672672,0.9987662388341183,true,0,NaN
5624,F,0.9946233629971195,0.9993681819980965,true,0,NaN
5625,F,0.9946199961924562,0.9985913702578155,true,0,NaN
5626,F,0.9999730999809623,NaN,false,-300,NaN
5627,F,0.9972965497809473,1.6459649008879078,false,0,NaN
5628,F,0.9972803120004802,1.6556789800640488,false,0,NaN
5629,F,0.9959582741045749,1.2028279738400336,false,0,NaN
5630,F,0.9959531513233412,1.2011093538091804,false,0,NaN
5631,F,0.9952891362559296,1.0981833810612796,false,0,NaN
5632,F,0.9952866382310132,1.0785778124528853,false,0,NaN
5633,F,0.9949545673106887,1.057823021158117,false,0,NaN
5634,F,0.994953081628627,1.0375417382915968,false,0,NaN
5635,F,0.9947872827962315,1.0271198989829355,false,0,NaN
5636,F,0.9947865672273236,1.0348880015633337,false,0,NaN
5637,F,0.9947036404553294,1.0125924488293507,false,0,NaN
5638,F,0.9947032892722338,1.0163209885782531,false,0,NaN
5639,F,0.9946409082054882,1.0020047102303329,false,0,NaN
5640,F,0.994640822590128,1.0028681265161745,false,0,NaN
5641,F,0.9946226105932703,0.9989741747567474,true,0,NaN
5642,F,0.994622600991544,0.9990700428690897,true,0,NaN
5643,F,0.9946201595925868,0.9985981051601317,true,0,NaN
5644,F,0.99462048402469,0.9986416455570112,true,0,NaN
5645,F,0.9946208015534348,0.9988861578819092,true,0,NaN
5646,F,0.9946207406099297,1.0140353724392592,false,0,NaN
5647,F,0.9946206431987719,0.9986526351074078,true,0,NaN
5648,F,0.9946230332093864,0.9989605511557142,true,0,NaN
5649,F,0.9946206438374344,0.9986527171443967,true,0,NaN
5650,F,0.9946215634440788,0.9987710885089742,true,0,NaN
5651,F,0.9946212720079726,0.9987325919398642,true,0,NaN
5652,F,0.9946212369343175,0.9987274227135103,true,0,NaN
5653,F,0.9946212340304481,0.9987268981506575,true,0,NaN
5654,F,0.9946212362805819,0.9987269973855513,true,0,NaN
5655,F,0.9946212362978861,0.9987269051775725,true,0,NaN
5656,F,0.9946212375715046,0.9987268464660753,true,0,NaN
5657,F,0.9946212415161665,0.9987268055481612,true,0,NaN
5658,F,0.9946212518942859,0.9987268055768467,true,0,NaN
5659,F,0.9946212772242575,0.9987268487540072,true,0,NaN
5660,F,0.9946213376083466,0.9987268556315495,true,0,NaN
5661,F,0.9946214864901757,0.9987268420221398,true,0,NaN
5662,F,0.9946218573862249,0.9987268229838173,true,0,NaN
5663,F,0.9989874663543965,7.254993068147811,false,0,NaN
5664,F,0.9968046618703107,1.9822869474190472,false,0,NaN
5665,F,0.9957132596282677,1.3344001159889027,false,0,NaN
5666,F,0.9951675585072464,1.206986562714333,false,0,NaN
5667,F,0.9946226155197826,1.0059742835411898,false,0,NaN
5668,F,0.9946222364472351,0.998782535698625,true,0,NaN
5669,F,0.9946256551362894,0.9991841600759609,true,0,NaN
5670,F,0.9946222426928388,0.9987824504154623,true,0,NaN
5671,F,0.9946224426971311,0.9987510190886408,true,0,NaN
5672,F,0.9946232551187937,0.9986428891941933,true,0,NaN
5673,F,0.9948345545316792,1.0437795909062828,false,0,NaN
5674,F,0.9948314038946514,1.0243252602103154,false,0,NaN
5675,F,0.994728906639906,1.0243777808457202,false,0,NaN
5676,F,0.9947271102906402,1.030478769129515,false,0,NaN
5677,F,0.9946760826776218,1.0091802404939103,false,0,NaN
5678,F,0.9946753471481521,1.0130175146253853,false,0,NaN
5679,F,0.9946496706636841,1.0031957374814682,false,0,NaN
5680,F,0.9946493528651017,1.0053623667947713,false,0,NaN
5681,F,0.9946364645911238,1.0008720065348882,false,0,NaN
5682,F,0.99463630899394,1.001948688069706,false,0,NaN
5683,F,0.9946298614236546,0.9997408597263892,true,0,NaN
5684,F,0.9946297847829473,1.0002692090239802,false,0,NaN
5685,F,0.9946265595774967,0.9991790581427793,true,0,NaN
5686,F,0.9946265221517471,0.9994342595424597,true,0,NaN
5687,F,0.9946240818632768,0.9987576047226725,true,0,NaN
5688,F,0.9946240738558815,0.9988089915260773,true,0,NaN
5689,F,0.9946233586371321,0.9986480641296377,true,0,NaN
5690,F,0.9946240460384437,0.9987951801502716,true,0,NaN
5691,F,0.9946239520079857,0.9989421753365239,true,0,NaN
5692,F,0.9946237056521956,0.99872676185401,true,0,NaN
5693,F,0.9946236553518806,0.9988058313322226,true,0,NaN
5694,F,0.9946235329249886,0.9986816738647863,true,0,NaN
5695,F,0.9946235114430348,0.9987140573701796,true,0,NaN
5696,F,0.9946234457810603,0.9986600888768452,true,0,NaN
5697,F,0.9946234380953317,0.9986691355445022,true,0,NaN
5698,F,0.9946234022090963,0.998651813446735,true,0,NaN
5699,F,0.994623482074394,0.9987377818883562,true,0,NaN
5700,F,0.9946234423309409,0.9986628254801105,true,0,NaN
5701,F,0.9946234238787709,0.9989105242171793,true,0,NaN
5702,F,0.9946234223388334,0.9986539040384393,true,0,NaN
5703,F,0.994623462865076,0.9986631521049212,true,0,NaN
5704,F,0.9946234481130949,0.9986796581660429,true,0,NaN
5705,F,0.9946234426019547,0.9986566807689573,true,0,NaN
5706,F,0.9946234381726689,0.9986591778470818,true,0,NaN
5707,F,0.994623432470394,0.9986546707554778,true,0,NaN
5708,F,0.9946238371167757,0.998707035357652,true,0,NaN
5709,F,0.9947815242454228,1.1483628229506433,false,0,NaN
5710,F,0.9947026806987955,1.1134118375063415,false,0,NaN
5711,F,0.9946632589254814,1.0439093744966335,false,0,NaN
5712,F,0.9946435480388232,1.030137148898617,false,0,NaN
5713,F,0.9946336925954918,1.021057553495285,false,0,NaN
5714,F,0.9946287648738217,1.0216219597642497,false,0,NaN
5715,F,0.9946263010129778,1.0191199046437998,false,0,NaN
5716,F,0.9946244531172829,1.0157968451270736,false,0,NaN
5717,F,0.9946239141470643,1.015977397805515,false,0,NaN
5718,F,0.9946238419522855,0.9987092360806824,true,0,NaN
5719,F,0.9946265395142115,0.9989633291421504,true,0,NaN
5720,F,0.9946248969747427,0.9987268287656694,true,0,NaN
5721,F,0.9946543895862192,1.0231462492157464,false,0,NaN
5722,F,0.9944698813498928,0.9984948638769245,true,0,NaN
5723,F,0.9946396432804809,1.0188659980492074,false,0,NaN
5724,F,0.9946322701276118,1.0121022320389417,false,0,NaN
5725,F,0.9946285835511772,1.0122329193380426,false,0,NaN
5726,F,0.9946543895862192,1.0231462492157486,false,0,NaN
5727,F,0.9946443848295281,1.0178548654813742,false,0,NaN
5728,F,0.9946396436982488,1.0188658484943973,false,0,NaN
5729,F,0.9946313961691617,1.023912582624801,false,0,NaN
5730,F,0.9946322707542633,1.0121020170702948,false,0,NaN
5731,F,0.9946267940828034,1.0214206793335823,false,0,NaN
5732,F,0.9946285842822702,1.0122326777678285,false,0,NaN
5733,F,0.9946230555003978,1.0214434256742189,false,0,NaN
5734,F,0.9946267410462729,1.0161986944484618,false,0,NaN
5735,F,0.9946195898340676,1.0321366926953002,false,0,NaN
5736,F,0.9946258194282729,1.0014511552676995,false,0,NaN
5737,F,0.9946247040600199,1.0178943721794194,false,0,NaN
5738,F,0.99462535861927,0.9986361305671949,true,0,NaN
5739,F,0.9946264242712718,0.9987148003712275,true,0,NaN
5740,F,0.9953673195311417,1.1259502165687452,false,0,NaN
5741,F,0.9953668012324188,1.1143071405951237,false,0,NaN
5742,F,0.9949968719445781,1.0571436004891632,false,0,NaN
5743,F,0.9949966339323937,1.0663527953249865,false,0,NaN
5744,F,0.9948116481501362,1.0267459086664057,false,0,NaN
5745,F,0.9948115339642196,1.0307900118640352,false,0,NaN
5746,F,0.9947190362505952,1.0124266838190232,false,0,NaN
5747,F,0.9947189803946488,1.014303641598542,false,0,NaN
5748,F,0.9946727302961843,1.0054621150228555,false,0,NaN
5749,F,0.994672702810707,1.0063696526564294,false,0,NaN
5750,F,0.9946495773096984,1.0020272522462368,false,0,NaN
5751,F,0.9946495638162819,1.0024678184200844,false,0,NaN
5752,F,0.9946380007983914,1.0003231629790856,false,0,NaN
5753,F,0.9946379942466559,1.0005344393098201,false,0,NaN
5754,F,0.9946293184030517,0.9990495860280014,true,0,NaN
5755,F,0.9946293170392868,0.9990920136133719,true,0,NaN
5756,F,0.9946267860377442,0.9987278400827482,true,0,NaN
5757,F,0.9946275089326116,0.9988004683194442,true,0,NaN
5758,F,0.9946282109184251,1.0175432943552332,false,0,NaN
5759,F,0.9946278599255184,0.9995411055469717,true,0,NaN
5760,F,0.994627684429065,0.9988464879145157,true,0,NaN
5761,F,0.9946276635434769,1.0044823349803171,false,0,NaN
5762,F,0.9946275966808383,0.9988071311307899,true,0,NaN
5763,F,0.9946200479177235,0.9978762584819805,true,0,NaN
5764,F,0.9946275965329452,0.9988071110339686,true,0,NaN
5765,F,0.9946201413438379,0.9979087055201029,true,0,NaN
5766,F,0.9946238689383916,0.9983481270208595,true,0,NaN
5767,F,0.9946257327356683,0.9985703037069578,true,0,NaN
5768,F,0.9946266646343068,0.9986846932316359,true,0,NaN
5769,F,0.994628976774843,0.9968431636778082,true,0,NaN
5770,F,0.9946790955953468,1.003565078767442,false,0,NaN
5771,F,0.9946419366115608,0.9972392830839981,true,0,NaN
5772,F,0.9999732096830578,NaN,false,-300,NaN
5773,F,0.9973075732696233,1.6462373050404437,false,0,NaN
5774,F,0.9973054878905244,1.6432162907928953,false,0,NaN
5775,F,0.9959747550456953,1.2440730643882874,false,0,NaN
5776,F,0.9959739619113249,1.2398610708481028,false,0,NaN
5777,F,0.9953083459337129,1.1099812387289045,false,0,NaN
5778,F,0.9953079836674023,1.1102754884179684,false,0,NaN
5779,F,0.9949751413776845,1.0536281155315073,false,0,NaN
5780,F,0.9949749601871585,1.0531536783303834,false,0,NaN
5781,F,0.9948085390995962,1.0282459405483162,false,0,NaN
5782,F,0.994808439467994,1.0244414712170278,false,0,NaN
5783,F,0.9947252379604039,1.0161465170202868,false,0,NaN
5784,F,0.9947251772071192,1.0109444335390163,false,0,NaN
5785,F,0.9946627621049722,1.007310064402531,false,0,NaN
5786,F,0.9946627297453107,1.0011559717896594,false,0,NaN
5787,F,0.9946445399697509,0.9975276441715055,true,0,NaN
5788,F,0.9946631434103883,1.0000332180975935,false,0,NaN
5789,F,0.9946445581602112,0.9975300495851006,true,0,NaN
5790,F,0.994663387724078,1.0021072912290334,false,0,NaN
5791,F,0.9946539729421446,0.9987616236796205,true,0,NaN
5792,F,0.9946492655511779,0.9981451567125326,true,0,NaN
5793,F,0.994672639865323,1.0201904190852995,false,0,NaN
5794,F,0.9946609527082504,1.018393979368652,false,0,NaN
5795,F,0.9946551091297142,1.0082515627813287,false,0,NaN
5796,F,0.994652187340446,1.0072178751796268,false,0,NaN
5797,F,0.9946609531581047,1.0184165877383478,false,0,NaN
5798,F,0.9946605270862772,1.0081484549666786,false,0,NaN
5799,F,0.994655109728694,1.0082892376187798,false,0,NaN
5800,F,0.9946548965007875,1.0048337654664463,false,0,NaN
5801,F,0.9946521880139886,1.0072264064913559,false,0,NaN
5802,F,0.9946519931080756,1.004254665763968,false,0,NaN
5803,F,0.9946507271566359,0.999103759035508,true,0,NaN
5804,F,0.9947411431843074,1.025487231946709,false,0,NaN
5805,F,0.9945384524679666,0.9981907905049284,true,0,NaN
5806,F,0.9946633259483366,1.00657053285749,false,0,NaN
5807,F,0.9946570265524863,1.0045625788942494,false,0,NaN
5808,F,0.9946538768545611,1.002709398782168,false,0,NaN
5809,F,0.9946910766295192,1.0091159262286853,false,0,NaN
5810,F,0.9946910755045862,1.0082061984072528,false,0,NaN
5811,F,0.9946869874765129,1.0076328328196351,false,0,NaN
5812,F,0.9946869865204425,1.0031193595110246,false,0,NaN
5813,F,0.9946848803521173,1.0029979164860596,false,0,NaN
5814,F,0.994684879915568,1.002820060282239,false,0,NaN
5815,F,0.9946836514890001,1.0026525462878015,false,0,NaN
5816,F,0.9946836510919868,1.0026570596304936,false,0,NaN
5817,F,0.9946715031610872,1.0010566241451953,false,0,NaN
5818,F,0.994671502942875,1.0010429747249217,false,0,NaN
5819,F,0.9946611151588616,0.9997995465970146,true,0,NaN
5820,F,0.9946611150811144,0.9997223617407456,true,0,NaN
5821,F,0.9946559211577487,0.9993138752463837,true,0,NaN
5822,F,0.9946957014518023,1.0155436934700721,false,0,NaN
5823,F,0.9945668383538638,0.9985589597581278,true,0,NaN
5824,F,0.9946560089432843,0.9993154196370456,true,0,NaN
5825,F,0.9946534028749919,0.9988067007445427,true,0,NaN
5826,F,0.9946537137237854,0.998758230522612,true,0,NaN
5827,F,0.9946537687589443,0.9987242529098164,true,0,NaN
5828,F,0.9946541479353885,0.998752870338631,true,0,NaN
5829,F,0.9946539306767286,0.9987161951003981,true,0,NaN
5830,F,0.9946539881250197,0.9987169930398523,true,0,NaN
5831,F,0.9946600969774779,1.0031876794703947,false,0,NaN
5832,F,0.9946570425512488,0.99999140525584,true,0,NaN
5833,F,0.9946555153381342,0.9991772301597994,true,0,NaN
5834,F,0.994654751731577,0.9988380378137715,true,0,NaN
5835,F,0.9946542946680634,0.9987308927674516,true,0,NaN
5836,F,0.994655161356675,0.9988977480641149,true,0,NaN
5837,F,0.9946547280123692,0.99880925683451,true,0,NaN
5838,F,0.9946545113402163,0.9987675839258322,true,0,NaN
5839,F,0.9946544030041399,0.9987489754468089,true,0,NaN
5840,F,0.9946547558372035,0.9988148114657238,true,0,NaN
5841,F,0.9946547350194259,0.9998531378412193,true,0,NaN
5842,F,0.9946545264587943,0.9987700129102547,true,0,NaN
5843,F,0.9946545166873939,0.9987639779298448,true,0,NaN
5844,F,0.9946544117695886,0.9987501198134449,true,0,NaN
5845,F,0.9946544069586631,0.9987359604932711,true,0,NaN
5846,F,0.9946744010302981,1.0233850765938413,false,0,NaN
5847,F,0.9946644041192687,1.0207121188600448,false,0,NaN
5848,F,0.9946594056631157,1.021129155243327,false,0,NaN
5849,F,0.9946569064337628,1.0213303382092827,false,0,NaN
5850,F,0.9946556568165335,1.0126084750480744,false,0,NaN
5851,F,0.9946550320028128,1.0114648614679491,false,0,NaN
5852,F,0.9946547195857398,1.002110224304524,false,0,NaN
5853,F,0.9946544852013792,0.9987443882834892,true,0,NaN
5854,F,0.9946545676269035,0.9987512995290166,true,0,NaN
5855,F,0.9946546335398226,0.9988718353842471,true,0,NaN
5856,F,0.9946546005900757,0.998766774487656,true,0,NaN
5857,F,0.994654556257377,0.9997120029575954,true,0,NaN
5858,F,0.9946545841084896,0.9987541885424851,true,0,NaN
5859,F,0.9946545758320239,0.9987608122222214,true,0,NaN
5860,F,0.9946545758676966,0.998751932544839,true,0,NaN
5861,F,0.9946539211014783,0.9986631928086805,true,0,NaN
5862,F,0.9946543756853087,0.9987190189380024,true,0,NaN
5863,F,0.9946544042663016,0.9987182222046539,true,0,NaN
5864,F,0.9946739705023856,1.0096005816378546,false,0,NaN
5865,F,0.9946218642933737,0.9970068512429178,true,0,NaN
5866,F,0.9946641907165492,1.009988612471584,false,0,NaN
5867,F,0.9946593008123918,1.0037758334066011,false,0,NaN
5868,F,0.9946568558378346,1.0038664469291438,false,0,NaN
5869,F,0.9946556333055949,1.0039811945996595,false,0,NaN
5870,F,0.9946550219495243,1.004006541478917,false,0,NaN
5871,F,0.9946547160913554,1.0040192439323377,false,0,NaN
5872,F,0.9946544854148801,1.001555376333045,false,0,NaN
5873,F,0.9946544152272004,0.9987209984189516,true,0,NaN
5874,F,0.9946544019342981,0.9987208938096898,true,0,NaN
5875,F,0.9946544051576002,0.9987182481276876,true,0,NaN
5876,F,0.9946544093508852,0.9987187620097542,true,0,NaN
5877,F,0.9946544874261773,0.9987530856137523,true,0,NaN
5878,F,0.9946544093755278,0.998718760149519,true,0,NaN
5879,F,0.9946544466839973,0.9987236020766382,true,0,NaN
5880,F,0.9946543925813417,0.9987113294514591,true,0,NaN
5881,F,0.9947085953389689,1.023508427836758,false,0,NaN
5882,F,0.994683890606763,1.0318283318434278,false,0,NaN
5883,F,0.994681502807953,1.0207586714508654,false,0,NaN
5884,F,0.9946595375989278,1.0281604193314489,false,0,NaN
5885,F,0.9946679565365258,1.0194079252887387,false,0,NaN
5886,F,0.9946611833889737,1.0171404093058853,false,0,NaN
5887,F,0.9946577967915202,1.0144981560895263,false,0,NaN
5888,F,0.9946561034454358,1.0113650270004735,false,0,NaN
5889,F,0.9946552566776549,0.9995922184135857,true,0,NaN
5890,F,0.9946543790703655,1.0198417712554522,false,0,NaN
5891,F,0.9946546209365049,0.9987414480254896,true,0,NaN
5892,F,0.9946545909300473,1.0007105981942905,false,0,NaN
5893,F,0.9946544287961612,0.9987128020295156,true,0,NaN
5894,F,0.994654614827773,1.0082126191289351,false,0,NaN
5895,F,0.9946545247021849,0.9990063596156978,true,0,NaN
5896,F,0.9946544791359845,0.998732136755268,true,0,NaN
5897,F,0.9946544414334417,1.0013854554543127,false,0,NaN
5898,F,0.9946544559224682,0.9987166587264218,true,0,NaN
5899,F,0.9946544484019288,0.9987293113245216,true,0,NaN
5900,F,0.9946544438815328,0.9987140183233332,true,0,NaN
5901,F,0.9946544712348996,0.9987253739394695,true,0,NaN
5902,F,0.9946544310207965,0.9987495287732315,true,0,NaN
5903,F,0.9946544575582161,0.998717583423629,true,0,NaN
5904,F,0.9946544449329743,0.9987224205845721,true,0,NaN
5905,F,0.9946544507198745,0.9987150314715824,true,0,NaN
5906,F,0.9946544471319647,0.9987154225431788,true,0,NaN
5907,F,0.9946544473007036,0.9987142894544758,true,0,NaN
5908,F,0.9946544292397946,0.9987126666948637,true,0,NaN
5909,F,0.9946544472860066,0.9987142872076776,true,0,NaN
5910,F,0.9946544342043958,0.9987124796677967,true,0,NaN
5911,F,0.9946552856835352,1.0061637002823502,false,0,NaN
5912,F,0.994654860527832,1.0007609306247272,false,0,NaN
5913,F,0.9946546479460318,0.9988145153968498,true,0,NaN
5914,F,0.9946538904424882,0.998772076483045,true,0,NaN
5915,F,0.9946545416472328,0.9987507970349396,true,0,NaN
5916,F,0.9946542571826587,0.998689088228623,true,0,NaN
5917,F,0.9946561711200435,0.9989091912005669,true,0,NaN
5918,F,0.994658021959076,1.0117391978303565,false,0,NaN
5919,F,0.9946570984727265,1.0065464523190832,false,0,NaN
5920,F,0.9946566365617967,0.9994229040957184,true,0,NaN
5921,F,0.9946565084697335,1.0212166727815783,false,0,NaN
5922,F,0.9946564052697513,0.998917551552313,true,0,NaN
5923,F,0.9946568349205447,0.9990158442709783,true,0,NaN
5924,F,0.9946566874634573,1.0093465329045483,false,0,NaN
5925,F,0.994656620095148,0.9989464127168284,true,0,NaN
5926,F,0.9946565767980616,0.9989658061898988,true,0,NaN
5927,F,0.9946565126824497,0.9989277251250177,true,0,NaN
5928,F,0.9946426221335005,0.9971382735729681,true,0,NaN
5929,F,0.9946565125023151,0.9989277010611817,true,0,NaN
5930,F,0.9946430157760217,1.0070708271517814,false,0,NaN
5931,F,0.9946497641391684,1.0079440212793676,false,0,NaN
5932,F,0.9946531383207418,0.9986628990134564,true,0,NaN
5933,F,0.9946548254115285,0.9986988766540955,true,0,NaN
5934,F,0.994655784441838,1.01560069107706,false,0,NaN
5935,F,0.9946553049266832,0.9992693758641487,true,0,NaN
5936,F,0.9946550651691058,0.9987479435886584,true,0,NaN
5937,F,0.9946549452903172,0.9987112593441403,true,0,NaN
5938,F,0.9946553861489809,1.0059361500738748,false,0,NaN
5939,F,0.9946551657196491,1.0017514232671303,false,0,NaN
5940,F,0.9946550555049831,0.9988697186693558,true,0,NaN
5941,F,0.9946550003976501,0.9987418700728586,true,0,NaN
5942,F,0.9946553572050536,1.0053912455357499,false,0,NaN
5943,F,0.994650233901325,1.0061090424893768,false,0,NaN
5944,F,0.9946551520407898,1.0009458170192593,false,0,NaN
5945,F,0.9946534369047138,1.0012235942873653,false,0,NaN
5946,F,0.9946550494586577,0.9988402883565088,true,0,NaN
5947,F,0.9946549486685048,0.9988618557339971,true,0,NaN
5948,F,0.9946549981675912,0.9987384790533068,true,0,NaN
5949,F,0.9946549763319715,0.9987404785576591,true,0,NaN
5950,F,0.9946549725220569,0.9987151609416894,true,0,NaN
5951,F,0.994654969038597,0.9987138308430443,true,0,NaN
5952,F,0.9946579738100414,1.0168346837024957,false,0,NaN
5953,F,0.9946564714243192,1.0161344095410785,false,0,NaN
5954,F,0.9946557202314581,1.0091978589423563,false,0,NaN
5955,F,0.9946553446350275,0.9993902272184986,true,0,NaN
5956,F,0.9946551568368123,0.9987860684291303,true,0,NaN
5957,F,0.9946549630763697,1.0040544972482222,false,0,NaN
5958,F,0.9946550629377046,0.9987360370679175,true,0,NaN
5959,F,0.9946550033746531,0.9987775683996618,true,0,NaN
5960,F,0.9946550159881508,0.9987211540363304,true,0,NaN
5961,F,0.994654996345363,0.9987248856465061,true,0,NaN
5962,F,0.9946549807759855,0.9987144462673329,true,0,NaN
5963,F,0.9946549948884978,0.9987227415027735,true,0,NaN
5964,F,0.9946549566139523,0.9988431043938996,true,0,NaN
5965,F,0.994654988383021,0.9987161845407846,true,0,NaN
5966,F,0.9946549803625487,0.9987180513098003,true,0,NaN
5967,F,0.9946549850262305,0.9987148893845692,true,0,NaN
5968,F,0.9946549897457261,0.998715462582547,true,0,NaN
5969,F,0.9946549748059244,0.9987123341280666,true,0,NaN
5970,F,0.9946549811013888,0.9987130405491881,true,0,NaN
5971,F,0.9946549859013247,0.9987122527097789,true,0,NaN
5972,F,0.9946551060013551,1.0010127758111111,false,0,NaN
5973,F,0.9946375517642947,0.9981960799149884,true,0,NaN
5974,F,0.9946550459513399,0.9987368951973465,true,0,NaN
5975,F,0.9946550159263323,0.9987128845623469,true,0,NaN
5976,F,0.9946550388771231,0.9987128729869528,true,0,NaN
5977,F,0.9946550584893222,0.9987149202109329,true,0,NaN
5978,F,0.9946554588131659,1.002309970924251,false,0,NaN
5979,F,0.9946280387920521,0.9987342157125932,true,0,NaN
5980,F,0.994655258651244,1.0022534757846906,false,0,NaN
5981,F,0.9946551585702832,1.0003741517361782,false,0,NaN
5982,F,0.9946551085298027,0.9987550662806721,true,0,NaN
5983,F,0.9946550744184026,0.9987150404465623,true,0,NaN
5984,F,0.9946638039876747,1.0086247771264294,false,0,NaN
5985,F,0.9946594392030387,1.009977899711547,false,0,NaN
5986,F,0.9946572568107207,1.0107026158992423,false,0,NaN
5987,F,0.9946561656145616,1.0110656007261611,false,0,NaN
5988,F,0.9946556200164821,1.0112472519964968,false,0,NaN
5989,F,0.9946553472174424,1.011333363627898,false,0,NaN
5990,F,0.9946552108179225,1.0047527998581527,false,0,NaN
5991,F,0.9946551085182825,0.9987399555177071,true,0,NaN
5992,F,0.9946550786808876,0.9987152589275987,true,0,NaN
5993,F,0.9946551445565752,0.9987690458577909,true,0,NaN
5994,F,0.9946550787127882,0.9987152561703899,true,0,NaN
5995,F,0.9946554494058374,0.9990630243362358,true,0,NaN
5996,F,0.9946552640593128,0.9987343402112906,true,0,NaN
5997,F,0.9946553113211167,0.9987225256722113,true,0,NaN
5998,F,0.9946552393812932,0.9987105013611695,true,0,NaN
5999,F,0.9946554066542352,0.9987821463651495,true,0,NaN
6000,F,0.9946553230177643,0.9987211978035476,true,0,NaN
6001,F,0.9946831230334721,1.0076294928060607,false,0,NaN
6002,F,0.9946818483909567,1.0137604774522004,false,0,NaN
6003,F,0.9946692317767086,1.0048625289639515,false,0,NaN
6004,F,0.9946683530452748,1.009068160846505,false,0,NaN
6005,F,0.9946622858164966,1.0035312901446463,false,0,NaN
6006,F,0.9946615975654145,1.0067884731763446,false,0,NaN
6007,F,0.9946588121724522,0.9998048596329663,true,0,NaN
6008,F,0.994658657116799,1.0004806740521368,false,0,NaN
6009,F,0.9946570740203279,0.9991471475454988,true,0,NaN
6010,F,0.9946570130733242,0.9993026900793962,true,0,NaN
6011,F,0.9946562036473982,0.9988659688998415,true,0,NaN
6012,F,0.994656182932813,0.9989568154738222,true,0,NaN
6013,F,0.9946557672542705,0.9987855793173174,true,0,NaN
6014,F,0.9946557580422326,0.9988266035756777,true,0,NaN
6015,F,0.9946554348055664,0.9987303325197722,true,0,NaN
6016,F,0.9946546345938828,0.9986231485259348,true,0,NaN
6017,F,0.9946554344090345,0.9987302788637016,true,0,NaN
6018,F,0.9946546802118763,0.9986289630770954,true,0,NaN
6019,F,0.9946553353652398,0.9987140193641774,true,0,NaN
6020,F,0.9946554325158565,0.9988337844262202,true,0,NaN
6021,F,0.9946553839405482,0.9987320704721464,true,0,NaN
6022,F,0.994655359652894,0.998717101352226,true,0,NaN
6023,F,0.994655419419126,0.9987168540441256,true,0,NaN
6024,F,0.9946557036838785,0.9986380505187086,true,0,NaN
6025,F,0.9946565257508141,0.9987359542127495,true,0,NaN
6026,F,0.995118159264498,1.0969763370419408,false,0,NaN
6027,F,0.9950601337102286,1.0341397623126638,false,0,NaN
6028,F,0.994887369167808,1.0529110884907222,false,0,NaN
6029,F,0.9948553707014177,1.0479159334860464,false,0,NaN
6030,F,0.9947719740743141,1.036346808022194,false,0,NaN
6031,F,0.9947497592883903,1.0258641419959538,false,0,NaN
6032,F,0.9947142764372691,1.0216552809059711,false,0,NaN
6033,F,0.9947007391797698,1.002089164838368,false,0,NaN
6034,F,0.9946854274381481,1.0177947468850137,false,0,NaN
6035,F,0.994674170402828,0.9941774496137377,true,0,NaN
6036,F,0.9947078071846508,0.9941777431208504,true,0,NaN
6037,F,0.9949424421024298,1.0669744241172219,false,0,NaN
6038,F,0.9949288156305129,1.147296396057098,false,0,NaN
6039,F,0.9948251288914577,1.0392306168361753,false,0,NaN
6040,F,0.9948166956379405,1.0420848091399273,false,0,NaN
6041,F,0.9947664722634298,1.0228824368464875,false,0,NaN
6042,F,0.994761099136858,1.039567908117021,false,0,NaN
6043,F,0.9947371439043322,0.9941634275448025,true,0,NaN
6044,F,0.9999736857195216,NaN,false,-300,NaN
6045,F,0.994740864067754,0.9941715925947695,true,0,NaN
6046,F,0.9997605661279462,NaN,false,-300,NaN
6047,F,0.99725071509785,2.053275756246208,false,0,NaN
6048,F,0.995995789582802,1.3938522526063648,false,0,NaN
6049,F,0.995368326825278,1.157754139149147,false,0,NaN
6050,F,0.9947926572861094,1.0017972867415579,false,0,NaN
6051,F,0.9947925269323544,1.0035469790381997,false,0,NaN
6052,F,0.9947705057076242,0.9989637991618773,true,0,NaN
6053,F,0.9948285165063617,1.028009736002538,false,0,NaN
6054,F,0.9948232777235412,1.044699758669794,false,0,NaN
6055,F,0.9947995129732952,1.0230309581800756,false,0,NaN
6056,F,0.994795172174017,1.0502834579741611,false,0,NaN
6057,F,0.9947850111604438,1.0065157758534151,false,0,NaN
6058,F,0.9947836490709774,1.0257648492772549,false,0,NaN
6059,F,0.9947777602187674,0.9989638369535868,true,0,NaN
6060,F,0.9948284868809749,1.0280092213872614,false,0,NaN
6061,F,0.9948232604777967,1.0446906620062246,false,0,NaN
6062,F,0.9948031259582741,1.027966767117017,false,0,NaN
6063,F,0.9947979071959873,1.044788035407405,false,0,NaN
6064,F,0.9947904454561985,1.0065149313946458,false,0,NaN
6065,F,0.9947890867129603,1.036305570930793,false,0,NaN
6066,F,0.9947841051237081,1.0065157377397504,false,0,NaN
6067,F,0.9947827462358068,1.0257628254867033,false,0,NaN
6068,F,0.994780934794539,1.0065161542730867,false,0,NaN
6069,F,0.9947793493039603,1.0064971590156353,false,0,NaN
6070,F,0.9947785559055068,0.9989690481609772,true,0,NaN
6071,F,0.9947840223859936,1.0061885327360072,false,0,NaN
6072,F,0.9947812891457503,1.0063524392654706,false,0,NaN
6073,F,0.9947799225256285,1.0064339145962182,false,0,NaN
6074,F,0.9947792392155677,1.0039682943102544,false,0,NaN
6075,F,0.9947788975605372,0.9991801543471184,true,0,NaN
6076,F,0.994778802326372,1.0061928430778222,false,0,NaN
6077,F,0.994778726733022,0.9989892923549956,true,0,NaN
6078,F,0.9947787176004431,0.9990977761445043,true,0,NaN
6079,F,0.9947786413192644,0.9989724427449251,true,0,NaN
6080,F,0.9947454647567227,0.9945536694210312,true,0,NaN
6081,F,0.9947786410624617,0.9989724080398432,true,0,NaN
6082,F,0.9947405469159395,0.9939187020257945,true,0,NaN
6083,F,0.9947595939892007,0.9964304408853705,true,0,NaN
6084,F,0.9947691175258312,0.9976928744086921,true,0,NaN
6085,F,0.9947738792941464,0.9983273662938864,true,0,NaN
6086,F,0.9947865746640783,1.0000183860876035,false,0,NaN
6087,F,0.9947802269791123,0.9991635938555478,true,0,NaN
6088,F,0.9947770531366293,0.99874427587622,true,0,NaN
6089,F,0.9947754662153879,0.9985355932888147,true,0,NaN
6090,F,0.994786590182586,1.000024654004428,false,0,NaN
6091,F,0.9947865813163668,1.0006496988033007,false,0,NaN
6092,F,0.9947806696132422,1.0009148808504293,false,0,NaN
6093,F,0.994780198236246,1.0045493670954841,false,0,NaN
6094,F,0.9947777093283122,1.0045029216657249,false,0,NaN
6095,F,0.9947761627167999,1.0261379462406162,false,0,NaN
6096,F,0.9947762291853312,1.0055391978470634,false,0,NaN
6097,F,0.9947743484357198,1.034859902539015,false,0,NaN
6098,F,0.9947754891128083,1.0056923438965772,false,0,NaN
6099,F,0.9947735393064433,1.034412510478306,false,0,NaN
6100,F,0.9947751190744826,1.005712919541305,false,0,NaN
6101,F,0.994773149776796,1.0342617702237633,false,0,NaN
6102,F,0.9947749340511906,1.0057138636038159,false,0,NaN
6103,F,0.9947729575167934,1.0341985591382625,false,0,NaN
6104,F,0.9947747952547996,1.005711458560692,false,0,NaN
6105,F,0.9947728141277445,1.0341551915055591,false,0,NaN
6106,F,0.9947747544624528,1.0057103110256806,false,0,NaN
6107,F,0.994774035005598,0.9983366211578844,true,0,NaN
6108,F,0.994777070629765,0.9986986688875907,true,0,NaN
6109,F,0.9947778023672775,0.9986860720589156,true,0,NaN
6110,F,0.994778033353612,0.9986849621305739,true,0,NaN
6111,F,0.994778612451836,0.9986841021369093,true,0,NaN
6112,F,0.9999738930622591,NaN,false,-300,NaN
6113,F,0.9973762527570476,1.9737873255118996,false,0,NaN
6114,F,0.9960774326044418,1.4048458000839839,false,0,NaN
6115,F,0.9954280225281389,1.1639850779134595,false,0,NaN
6116,F,0.9947849582862728,0.9987164386975118,true,0,NaN
6117,F,0.9999739247914313,NaN,false,-300,NaN
6118,F,0.99482433499014,1.0260893565558318,false,0,NaN
6119,F,0.9948046466382063,1.0042266657458927,false,0,NaN
6120,F,0.9947948024622396,0.9987697454980046,true,0,NaN
6121,F,0.9999739740123113,NaN,false,-300,NaN
6122,F,0.9973843882372754,1.8924921857775894,false,0,NaN
6123,F,0.9960895953497575,1.3789247326993626,false,0,NaN
6124,F,0.9954421989059986,1.1602977584061867,false,0,NaN
6125,F,0.9948177123208598,1.014530551380365,false,0,NaN
6126,F,0.9948148725257265,1.0465007121317345,false,0,NaN
6127,F,0.9948062802295987,1.0042217466612064,false,0,NaN
6128,F,0.9948052978936002,1.0457968810095748,false,0,NaN
6129,F,0.9948005635907307,0.9987750173182062,true,0,NaN
6130,F,0.9948923707132314,1.047152386627967,false,0,NaN
6131,F,0.9945329460467897,0.9976556683727077,true,0,NaN
6132,F,0.9948104396496882,1.026396711986282,false,0,NaN
6133,F,0.9948055016202094,1.0085864147482821,false,0,NaN
6134,F,0.9948030326054701,1.0042067703645696,false,0,NaN
6135,F,0.9948106562298697,1.0297430744331662,false,0,NaN
6136,F,0.9947962025125958,1.048112479455235,false,0,NaN
6137,F,0.9948057310845156,1.009263886393763,false,0,NaN
6138,F,0.9948008350553691,1.0470742249618037,false,0,NaN
6139,F,0.9948032682434172,1.004455691466731,false,0,NaN
6140,F,0.9948006166747392,1.0474512706891144,false,0,NaN
6141,F,0.994802036285513,1.004361945551428,false,0,NaN
6142,F,0.9947994288977218,1.0476204966906186,false,0,NaN
6143,F,0.9948014192277292,1.0041760941129505,false,0,NaN
6144,F,0.9948011085075167,0.9994426127925087,true,0,NaN
6145,F,0.9948007968939412,1.0108236565387825,false,0,NaN
6146,F,0.9948009484712442,0.9989523461519032,true,0,NaN
6147,F,0.9948008656812916,1.011560184684999,false,0,NaN
6148,F,0.9948007256476165,0.9987976482648178,true,0,NaN
6149,F,0.9948007150875958,0.9990028165076527,true,0,NaN
6150,F,0.9948005838478414,0.9987751927126303,true,0,NaN
6151,F,0.9948286075630743,1.0324179469156767,false,0,NaN
6152,F,0.9945785629359477,0.9982294121345424,true,0,NaN
6153,F,0.9948005920790979,0.9987751628475162,true,0,NaN
6154,F,0.9948251336688877,1.0143683679108442,false,0,NaN
6155,F,0.9947131299439737,0.9984722058636692,true,0,NaN
6156,F,0.9948128628739927,1.0041813721116808,false,0,NaN
6157,F,0.9948067274765453,1.0041961349097959,false,0,NaN
6158,F,0.9948036597778216,1.0042061668114268,false,0,NaN
6159,F,0.9948008641548588,0.9988666253499979,true,0,NaN
6160,F,0.9948008106539028,1.0093948991884634,false,0,NaN
6161,F,0.9948007326787606,0.9987857204197208,true,0,NaN
6162,F,0.9948019294521044,1.0042919696868227,false,0,NaN
6163,F,0.9947608381255776,1.0028726856829056,false,0,NaN
6164,F,0.9948007334642286,0.9987856523548,true,0,NaN
6165,F,0.9948025710928223,1.004736746912969,false,0,NaN
6166,F,0.9947596614250404,1.014456222739367,false,0,NaN
6167,F,0.9948016522785255,0.9989655438974459,true,0,NaN
6168,F,0.994801192871377,0.9987522887237803,true,0,NaN
6169,F,0.9948018184376678,0.9989323085231774,true,0,NaN
6170,F,0.9948015056545224,0.998899623443473,true,0,NaN
6171,F,0.9948013492629497,0.9988153997678482,true,0,NaN
6172,F,0.9948012710671633,0.9988047359776036,true,0,NaN
6173,F,0.9948017196436226,0.998937245707948,true,0,NaN
6174,F,0.9948016791208136,0.9990639000424185,true,0,NaN
6175,F,0.9948014904249749,0.9988875337467557,true,0,NaN
6176,F,0.9948014628917198,0.9989778584693583,true,0,NaN
6177,F,0.9948013758156178,0.9988199485718621,true,0,NaN
6178,F,0.994801362042646,0.9988607209353434,true,0,NaN
6179,F,0.9948013185108727,0.9987795728204591,true,0,NaN
6180,F,0.9948013127374195,0.9988035474428673,true,0,NaN
6181,F,0.9948012898583672,0.998753264265781,true,0,NaN
6182,F,0.9948868526243428,1.0365784309986092,false,0,NaN
6183,F,0.9948229078603651,1.0248872367754562,false,0,NaN
6184,F,0.9948440712497733,1.0299594818332571,false,0,NaN
6185,F,0.9948226805603516,1.0157581123348298,false,0,NaN
6186,F,0.9948119852113864,1.0144097494057247,false,0,NaN
6187,F,0.9948066375348769,1.0144425462074884,false,0,NaN
6188,F,0.994803963696622,1.0041639182169213,false,0,NaN
6189,F,0.9948026267774946,1.0041760934763928,false,0,NaN
6190,F,0.9948016240881491,0.9991711857530954,true,0,NaN
6191,F,0.99480133163709,0.9987544944901363,true,0,NaN
6192,F,0.9947996510439652,0.9986174268416367,true,0,NaN
6193,F,0.9948013314898334,0.99875447172309,true,0,NaN
6194,F,0.9947997676943516,0.99869412447723,true,0,NaN
6195,F,0.9948005495920925,0.998709993013494,true,0,NaN
6196,F,0.994800940540963,0.9987143693744611,true,0,NaN
6197,F,0.9948011360153982,0.9987221282130925,true,0,NaN
6198,F,0.9950539707660576,1.0325265765823706,false,0,NaN
6199,F,0.9950168382025819,1.0208887054190823,false,0,NaN
6200,F,0.9949275533907279,1.0187918463596342,false,0,NaN
6201,F,0.9949055077811259,1.007246571577562,false,0,NaN
6202,F,0.9948643447030631,1.02242551701663,false,0,NaN
6203,F,0.994838307727146,0.9993584313652862,true,0,NaN
6204,F,0.994646872500834,0.9741218118715435,true,0,NaN
6205,F,0.9948382457257634,0.9993499813574631,true,0,NaN
6206,F,0.9946445726939255,0.9733341008748198,true,0,NaN
6207,F,0.9947414092098444,0.986127882177391,true,0,NaN
6208,F,0.9947898274678039,0.9926851269169842,true,0,NaN
6209,F,0.9948140365967837,0.9960029366409651,true,0,NaN
6210,F,0.9948381509577046,0.9993328588651461,true,0,NaN
6211,F,0.9948912603961297,1.0277171336618927,false,0,NaN
6212,F,0.9947370062000542,0.9982308238508372,true,0,NaN
6213,F,0.9948491982165387,1.0067592214952072,false,0,NaN
6214,F,0.9948436745871216,1.0068224912138581,false,0,NaN
6215,F,0.9948409127724132,1.0068541238445143,false,0,NaN
6216,F,0.9957089790711678,1.259234093960511,false,0,NaN
6217,F,0.9956634096989654,1.4655671077457768,false,0,NaN
6218,F,0.995300343683986,1.126815634174249,false,0,NaN
6219,F,0.9952779937211589,1.278831781155039,false,0,NaN
6220,F,0.9950724083343289,1.094247538863406,false,0,NaN
6221,F,0.9950557691596708,1.1259992729039776,false,0,NaN
6222,F,0.9949556003590619,1.0282352888820787,false,0,NaN
6223,F,0.9949505336280278,1.0605957508989894,false,0,NaN
6224,F,0.9948968962806448,1.028342406334141,false,0,NaN
6225,F,0.9948918108406642,1.0604810420821962,false,0,NaN
6226,F,0.9948675236191394,1.023402042966485,false,0,NaN
6227,F,0.9948633042369849,1.0584366495671378,false,0,NaN
6228,F,0.9948528372883868,1.0068835796528097,false,0,NaN
6229,F,0.9948515136297479,1.0204742957426607,false,0,NaN
6230,F,0.9948418225403223,1.0068852483630555,false,0,NaN
6231,F,0.9948386099054701,0.9993328585663466,true,0,NaN
6232,F,0.994937611607823,1.0276746767010074,false,0,NaN
6233,F,0.9948247159304104,1.0524498665686477,false,0,NaN
6234,F,0.9948386797918527,0.9993324382684847,true,0,NaN
6235,F,0.9950783312483018,1.0935083656347038,false,0,NaN
6236,F,0.994596915380401,1.0190114846674982,false,0,NaN
6237,F,0.9949585055200773,1.0279190000303076,false,0,NaN
6238,F,0.994898592655965,1.0281832446248635,false,0,NaN
6239,F,0.9948686362239089,1.0233231618946474,false,0,NaN
6240,F,0.9948451044148725,1.006884287189171,false,0,NaN
6241,F,0.9948437807170095,1.020420332015013,false,0,NaN
6242,F,0.9948418921033374,1.006884796382841,false,0,NaN
6243,F,0.9948402859475698,1.0059810995631804,false,0,NaN
6244,F,0.994839482869686,0.9993355523540909,true,0,NaN
6245,F,0.9948635772508602,1.0061362122245117,false,0,NaN
6246,F,0.9948342899305639,1.0225203282522255,false,0,NaN
6247,F,0.9948395099911586,0.9993348206375019,true,0,NaN
6248,F,0.9949005880888293,1.0312589223029982,false,0,NaN
6249,F,0.9947214459485632,1.0067770208036815,false,0,NaN
6250,F,0.9948700490399939,0.9990621806377177,true,0,NaN
6251,F,0.9950144764906335,1.0494819935396962,false,0,NaN
6252,F,0.9947717919779555,1.0756720914152647,false,0,NaN
6253,F,0.9949422627653136,1.0350066537123672,false,0,NaN
6254,F,0.9949061559026537,1.030100572773495,false,0,NaN
6255,F,0.9948881024713239,1.012717997808674,false,0,NaN
6256,F,0.9950144764906335,1.0494819935396975,false,0,NaN
6257,F,0.9950142749049293,1.0504418932318238,false,0,NaN
6258,F,0.9949425376751397,1.034660941382283,false,0,NaN
6259,F,0.9949423956601281,1.0238095310077713,false,0,NaN
6260,F,0.9949065682600079,1.0300135470188052,false,0,NaN
6261,F,0.9949064450664488,1.033967211350721,false,0,NaN
6262,F,0.994888583537672,1.012702948167046,false,0,NaN
6263,F,0.9948885292217103,1.0144138441770982,false,0,NaN
6264,F,0.9948795911469638,1.0045453725219387,false,0,NaN
6265,F,0.9948795692948715,1.0052391499066236,false,0,NaN
6266,F,0.9948750948925275,0.9990917488307619,true,0,NaN
6267,F,0.9953157737867492,1.0984906828640284,false,0,NaN
6268,F,0.9953123598278281,1.12891469181705,false,0,NaN
6269,F,0.9950954648589161,1.073375212362738,false,0,NaN
6270,F,0.995092913518047,1.0714466931217874,false,0,NaN
6271,F,0.9949853057073978,1.0540673863841628,false,0,NaN
6272,F,0.994983417514024,1.052451032364385,false,0,NaN
6273,F,0.9949302167553667,1.0422193693802089,false,0,NaN
6274,F,0.994928735494389,1.0307317192222805,false,0,NaN
6275,F,0.9949026610967657,1.0192876938518012,false,0,NaN
6276,F,0.9949019674469469,1.016261990383657,false,0,NaN
6277,F,0.9948888816668348,1.0047785957161213,false,0,NaN
6278,F,0.99488868634635,1.0062059891824076,false,0,NaN
6279,F,0.9948819919345773,1.0045691645994994,false,0,NaN
6280,F,0.9948818038072919,1.0006968242132226,false,0,NaN
6281,F,0.9948768245143309,0.9991435515792919,true,0,NaN
6282,F,0.994880287062915,0.9991888052812046,true,0,NaN
6283,F,0.9947148579019373,0.9776588384168808,true,0,NaN
6284,F,0.9948802574059328,0.9991848163797844,true,0,NaN
6285,F,0.9947399712785406,0.9807327433254814,true,0,NaN
6286,F,0.9948101143422368,0.9898307806962787,true,0,NaN
6287,F,0.9948451858740848,0.9944726799826056,true,0,NaN
6288,F,0.9948627216400088,0.9968151607640623,true,0,NaN
6289,F,0.9948802833942769,0.9991769680232959,true,0,NaN
6290,F,0.9948808294526387,1.0064457131768618,false,0,NaN
6291,F,0.9948428025309511,1.00544452452796,false,0,NaN
6292,F,0.9948803452608116,0.9991858506962759,true,0,NaN
6293,F,0.9948803143275443,0.9991617454178431,true,0,NaN
6294,F,0.9948779726142097,0.9987135391896986,true,0,NaN
6295,F,0.994878372388668,0.9989882443335535,true,0,NaN
6296,F,0.994878172501439,0.9987249955586992,true,0,NaN
6297,F,0.9948797482082076,0.9987300188551956,true,0,NaN
6298,F,0.9948828236444368,0.9986829900658046,true,0,NaN
6299,F,0.9948917710126998,0.9987193001804842,true,0,NaN
6300,F,0.9949117397435069,0.9986865491076996,true,0,NaN
6301,F,0.9949644358216644,1.0045580582064786,false,0,NaN
6302,F,0.9949729762246988,1.019116304419045,false,0,NaN
6303,F,0.9949380877825856,1.0045617332214207,false,0,NaN
6304,F,0.9949249137630463,0.9986872382622103,true,0,NaN
6305,F,0.9950577974124378,1.0251673793068834,false,0,NaN
6306,F,0.9949910723890846,1.0379471388110888,false,0,NaN
6307,F,0.9949913555877421,1.0253275210411201,false,0,NaN
6308,F,0.9949581346753942,1.004547859227092,false,0,NaN
6309,F,0.9949415242192202,1.0045606357633932,false,0,NaN
6310,F,0.9949513928904977,1.0045488926571964,false,0,NaN
6311,F,0.9949483960800445,1.0489948058017657,false,0,NaN
6312,F,0.9949381529338062,1.004560872259512,false,0,NaN
6313,F,0.9949351496912069,1.0442383342550126,false,0,NaN
6314,F,0.9949315329553802,1.0045623265081014,false,0,NaN
6315,F,0.9949285288157436,1.0442367455933446,false,0,NaN
6316,F,0.9949282229660068,1.004561889752976,false,0,NaN
6317,F,0.9949265679709994,0.9986866626373397,true,0,NaN
6318,F,0.9952588300131433,1.0767929651508514,false,0,NaN
6319,F,0.9950079779961175,1.0798597400333685,false,0,NaN
6320,F,0.9949381963165874,1.0045602180794844,false,0,NaN
6321,F,0.9949323821437934,1.0045618306678876,false,0,NaN
6322,F,0.9949294750573965,1.0045626400158358,false,0,NaN
6323,F,0.9949381995228735,1.0045601835182651,false,0,NaN
6324,F,0.994935337717836,1.045734461780896,false,0,NaN
6325,F,0.9949323854067464,1.0045617954839074,false,0,NaN
6326,F,0.994929522740722,1.0436661725340524,false,0,NaN
6327,F,0.9949294783464341,1.004562604526566,false,0,NaN
6328,F,0.9949280248117802,0.9988111724163354,true,0,NaN
6329,F,0.9949711437797931,1.004634986068218,false,0,NaN
6330,F,0.994926761134941,0.9986495280310234,true,0,NaN
6331,F,0.9949283049668728,0.9988158888169997,true,0,NaN
6332,F,0.9949283956121314,0.9987058285680088,true,0,NaN
6333,F,0.994929418213981,1.0060676873632695,false,0,NaN
6334,F,0.9948740198766428,0.9986564731765013,true,0,NaN
6335,F,0.9949289069130561,1.0002107892315335,false,0,NaN
6336,F,0.9949286512625938,0.9986927781002638,true,0,NaN
6337,F,0.9949302798616554,0.9987888910549138,true,0,NaN
6338,F,0.994932685640317,1.0043778799769112,false,0,NaN
6339,F,0.9949322487595768,1.0017013186270272,false,0,NaN
6340,F,0.9949315156053795,0.9990889102851934,true,0,NaN
6341,F,0.9949314921531036,0.9990260609825982,true,0,NaN
6342,F,0.9949309304411387,0.9988696594963106,true,0,NaN
6343,F,0.9949309241274426,0.9988816584200118,true,0,NaN
6344,F,0.9949306375648281,0.9988240399982085,true,0,NaN
6345,F,0.9949322496973556,1.0101630566247088,false,0,NaN
6346,F,0.9949314739282995,1.0101008233699567,false,0,NaN
6347,F,0.9949310851333701,1.0046787923548472,false,0,NaN
6348,F,0.994930888876806,0.9992893829381589,true,0,NaN
6349,F,0.9949307866855336,0.9988478165912417,true,0,NaN
6350,F,0.9949307771733794,0.9988377925860459,true,0,NaN
6351,F,0.9949309563207607,0.9988515814619245,true,0,NaN
6352,F,0.9949169075935838,0.996987961196488,true,0,NaN
6353,F,0.9949309557081512,0.9988514990530131,true,0,NaN
6354,F,0.9949206325106258,0.9974722849013128,true,0,NaN
6355,F,0.9949257941093884,0.9981596402537781,true,0,NaN
6356,F,0.9949283749087698,0.9985051101323553,true,0,NaN
6357,F,0.994932235147194,0.9990188419051323,true,0,NaN
6358,F,0.994930305027982,0.9987618474052038,true,0,NaN
6359,F,0.9949296032320591,0.9986641539216787,true,0,NaN
6360,F,0.9949298086523678,0.9986893091544506,true,0,NaN
6361,F,0.9949298256411447,0.9986906152953476,true,0,NaN
6362,F,0.9949298047107442,0.9986874764793086,true,0,NaN
6363,F,0.9949298099566272,0.9986877685272324,true,0,NaN
6364,F,0.9949298159084826,0.9986879923864361,true,0,NaN
6365,F,0.994929820272162,0.9986881550318222,true,0,NaN
6366,F,0.9949298134619617,0.9986872067987586,true,0,NaN
6367,F,0.9949298195408474,0.9986879195090155,true,0,NaN
6368,F,0.9949302279982082,1.0040230634972716,false,0,NaN
6369,F,0.9949300246547597,1.0040510099731774,false,0,NaN
6370,F,0.9949299229814537,1.0040551839061884,false,0,NaN
6371,F,0.9949298721416365,0.9994679068563902,true,0,NaN
6372,F,0.9949298467153965,0.998740544610732,true,0,NaN
6373,F,0.9949294734159358,0.999239942634045,true,0,NaN
6374,F,0.9949298339895858,0.9986960746748935,true,0,NaN
6375,F,0.9949297761403704,0.9986927735805229,true,0,NaN
6376,F,0.9949298276010751,0.9986896155823904,true,0,NaN
6377,F,0.9949298155698477,0.9986881420097627,true,0,NaN
6378,F,0.9949298226052119,0.9986880596868387,true,0,NaN
6379,F,0.9949298488856785,0.998736737067469,true,0,NaN
6380,F,0.9949298357454451,0.9987060926043333,true,0,NaN
6381,F,0.9949297051038872,0.9986974971959671,true,0,NaN
6382,F,0.9949298291753286,0.9986943767607832,true,0,NaN
6383,F,0.994929783410548,0.9986906028387138,true,0,NaN
6384,F,0.9949298258902702,0.9986900294210104,true,0,NaN
6385,F,0.9949298116202963,0.9986886034038481,true,0,NaN
6386,F,0.994929824247741,0.9986886184241768,true,0,NaN
6387,F,0.9949298201998993,0.9986881514947675,true,0,NaN
6388,F,0.9949298234264765,0.9986882091217634,true,0,NaN
6389,F,0.9949298223438753,0.9986880730874481,true,0,NaN
6390,F,0.9949298230158442,0.9986880983707462,true,0,NaN
6391,F,0.994929827604211,0.9986881476559393,true,0,NaN
6392,F,0.9949298473332744,0.9986929656533443,true,0,NaN
6393,F,0.9949298114101159,0.9986884538819182,true,0,NaN
6394,F,0.9949298374924486,0.9986897548951374,true,0,NaN
6395,F,0.9949298255088035,0.9986881984909712,true,0,NaN
6396,F,0.9949298325700416,0.9986887191655147,true,0,NaN
6397,F,0.9949327857557619,0.9976622009647347,true,0,NaN
6398,F,0.9955450742906139,1.0861902509296986,false,0,NaN
6399,F,0.9972971498772965,1.575512765085258,false,0,NaN
6400,F,0.9952389300231879,1.0385949499613187,false,0,NaN
6401,F,0.9950858578894749,1.017664569449391,false,0,NaN
6402,F,0.9950093218226185,1.0074266805859906,false,0,NaN
6403,F,0.9950642181582329,1.0147123100448154,false,0,NaN
6404,F,0.9950581805770075,1.0848521798869686,false,0,NaN
6405,F,0.9949986487147041,1.006030986445984,false,0,NaN
6406,F,0.9949956857653471,1.0513788007523819,false,0,NaN
6407,F,0.9949658639173141,1.0020467800663302,false,0,NaN
6408,F,0.9949643108858519,1.0244001171266213,false,0,NaN
6409,F,0.9949494713673648,0.9998367268293339,true,0,NaN
6410,F,0.9949487011906455,1.0177751303474227,false,0,NaN
6411,F,0.9949412747898568,0.9987666635923782,true,0,NaN
6412,F,0.9949479714735522,0.9996149644599888,true,0,NaN
6413,F,0.9949417082759634,0.998801904280698,true,0,NaN
6414,F,0.9949415930386526,0.9987649397287444,true,0,NaN
6415,F,0.994941054911376,0.9986856132810026,true,0,NaN
6416,F,0.9949412003651176,0.9987043940555009,true,0,NaN
6417,F,0.9949412449322408,0.9987038839394469,true,0,NaN
6418,F,0.9949411130632682,0.9986846487843171,true,0,NaN
6419,F,0.9949411997262553,0.9986949948564628,true,0,NaN
6420,F,0.9949412298475525,0.998693794049205,true,0,NaN
6421,F,0.9949411665445542,0.9986846261907725,true,0,NaN
6422,F,0.9949414985373668,0.9988475003294481,true,0,NaN
6423,F,0.9949413325409605,0.9987898497293741,true,0,NaN
6424,F,0.9949412495427574,0.9987967884316027,true,0,NaN
6425,F,0.9949412080436558,0.9988062630470164,true,0,NaN
6426,F,0.9949414985373668,0.9988475003294471,true,0,NaN
6427,F,0.9949412050796368,0.9991969506743075,true,0,NaN
6428,F,0.9949413345016102,0.9987890429076082,true,0,NaN
6429,F,0.9949411461939981,0.999021408494067,true,0,NaN
6430,F,0.9949412524837152,0.9987963829050062,true,0,NaN
6431,F,0.9949410505847477,0.9990595256758071,true,0,NaN
6432,F,0.9949412114747346,0.9988061257049529,true,0,NaN
6433,F,0.9949409917921297,0.999097161043091,true,0,NaN
6434,F,0.9949411909701779,0.9986865274284342,true,0,NaN
6435,F,0.9949413712593158,0.9987094326085958,true,0,NaN
6436,F,0.9949411950775463,0.9986852895943494,true,0,NaN
6437,F,0.9949417555679351,0.9987990754250381,true,0,NaN
6438,F,0.9949414753227407,0.9987700549476215,true,0,NaN
6439,F,0.9949413352001435,0.9986784251774922,true,0,NaN
6440,F,0.9949425164715942,0.9988420939491163,true,0,NaN
6441,F,0.9949419258358688,0.9987490834041279,true,0,NaN
6442,F,0.9949414949946637,0.9986861386668909,true,0,NaN
6443,F,0.9949420856295286,0.9986337745300039,true,0,NaN
6444,F,0.994942512333558,0.9986845709910414,true,0,NaN
6445,F,0.9949426996151838,0.9985551878254353,true,0,NaN
6446,F,0.9949958275755025,1.0111383154261178,false,0,NaN
6447,F,0.9949904900458921,1.0200646467703314,false,0,NaN
6448,F,0.9949692642984616,1.004867130999552,false,0,NaN
6449,F,0.9949665868891235,1.0114603120409287,false,0,NaN
6450,F,0.9949559826564663,1.0018023730691108,false,0,NaN
6451,F,0.9949546052607442,1.0051533468738558,false,0,NaN
6452,F,0.9949493418285194,1.0000751184381205,false,0,NaN
6453,F,0.9949486971020592,1.0017052586410489,false,0,NaN
6454,F,0.9949460214006468,0.9993015264664824,true,0,NaN
6455,F,0.994945704817582,1.0001390892152051,false,0,NaN
6456,F,0.9949443611589114,0.9989224286087788,true,0,NaN
6457,F,0.9949442053821487,0.9992925644201365,true,0,NaN
6458,F,0.9949435309824375,0.9987332812895199,true,0,NaN
6459,F,0.9949434554384707,0.9989123804601117,true,0,NaN
6460,F,0.9949429079600863,0.9985932421622418,true,0,NaN
6461,F,0.9949428918181304,0.9986294814523777,true,0,NaN
6462,F,0.9949427256609091,0.9985564101125122,true,0,NaN
6463,F,0.9949467927752736,0.9988516591748354,true,0,NaN
6464,F,0.9949461539677275,1.0124469216508407,false,0,NaN
6465,F,0.9948458605274396,1.0034429249092605,false,0,NaN
6466,F,0.9949464733715006,0.9996900757167061,true,0,NaN
6467,F,0.994946633073387,0.9988652742085499,true,0,NaN
6468,F,0.9949467129243303,0.9988378422369423,true,0,NaN
6469,F,0.9949457571620862,0.9986928601730913,true,0,NaN
6470,F,0.995919010237495,1.7185603453263447,false,0,NaN
6471,F,0.9954323838659391,1.3368680820410328,false,0,NaN
6472,F,0.9951890706801608,1.2366587527690154,false,0,NaN
6473,F,0.9950674140872708,1.1055297633596455,false,0,NaN
6474,F,0.9950065857908245,1.0617107643769153,false,0,NaN
6475,F,0.9949761716425982,1.0611227538390993,false,0,NaN
6476,F,0.994960964568479,1.0623305273507708,false,0,NaN
6477,F,0.9949495592628473,1.0382534819288938,false,0,NaN
6478,F,0.9949462327149342,1.0175072394471694,false,0,NaN
6479,F,0.9949457871874466,0.9987136891128329,true,0,NaN
6480,F,0.9949457581894783,0.9986928688901915,true,0,NaN
6481,F,0.9949457650348174,0.9986934166795105,true,0,NaN
6482,F,0.9949457769051521,0.9986967522748443,true,0,NaN
6483,F,0.994945763218922,0.998700484439065,true,0,NaN
6484,F,0.9949457709699847,0.998694351459318,true,0,NaN
6485,F,0.9949457671344987,0.9986945438328821,true,0,NaN
6486,F,0.9949457680024011,0.9986936648378636,true,0,NaN
6487,F,0.9949456766217515,0.9986814073922403,true,0,NaN
6488,F,0.9949457067329729,0.9986853527374541,true,0,NaN
6489,F,0.9949482324431917,0.9982842657943561,true,0,NaN
6490,F,0.9950176876923724,1.0132580310541894,false,0,NaN
6491,F,0.9949026645865536,0.9964187161437922,true,0,NaN
6492,F,0.9949829600677821,1.0048203788584147,false,0,NaN
6493,F,0.994965596255487,1.0035864261463063,false,0,NaN
6494,F,0.9949569143493393,1.0019892003782482,false,0,NaN
6495,F,0.994952467968526,0.9975192323379382,true,0,NaN
6496,F,0.994967788597988,1.000427556496544,false,0,NaN
6497,F,0.9949543372066683,0.998717187088019,true,0,NaN
6498,F,0.994959829036703,1.0022666295256992,false,0,NaN
6499,F,0.9949561485026145,1.0024769852715034,false,0,NaN
6500,F,0.9949543082355702,1.0023940792354096,false,0,NaN
6501,F,0.9949598308051858,1.0022667110890926,false,0,NaN
6502,F,0.9949456572564599,1.0595103596380389,false,0,NaN
6503,F,0.994956151088851,1.0024771127568424,false,0,NaN
6504,F,0.9949403530389507,1.0577520551834834,false,0,NaN
6505,F,0.9949543112306836,1.002394228549377,false,0,NaN
6506,F,0.994938334974773,1.0573283479522075,false,0,NaN
6507,F,0.9949533913015997,1.002191470006818,false,0,NaN
6508,F,0.9949378697488926,1.0576641672033449,false,0,NaN
6509,F,0.9949529313370573,0.9975004702169258,true,0,NaN
6510,F,0.9949687765928606,1.0005005806498568,false,0,NaN
6511,F,0.9949550217941322,0.9987048238558813,true,0,NaN
6512,F,0.9949562063566652,1.002479476751494,false,0,NaN
6513,F,0.9949545688468612,1.0023461112484138,false,0,NaN
6514,F,0.9949537500919593,1.0021312992026241,false,0,NaN
6515,F,0.9949562075910029,1.0024796373142006,false,0,NaN
6516,F,0.994927582217089,1.023665631876594,false,0,NaN
6517,F,0.9949545702419946,1.0023462344541327,false,0,NaN
6518,F,0.9949260282713571,1.0235331527336582,false,0,NaN
6519,F,0.9949537515674903,1.0021314057148802,false,0,NaN
6520,F,0.9949261458587033,1.0234428571899923,false,0,NaN
6521,F,0.994953342230238,1.0021845797664115,false,0,NaN
6522,F,0.9949252348378774,1.0186369639700241,false,0,NaN
6523,F,0.9949531375616113,0.9974381155122664,true,0,NaN
6524,F,0.9950931633340565,1.0213126490898263,false,0,NaN
6525,F,0.9950739297122363,1.0417592005948286,false,0,NaN
6526,F,0.995023460040953,1.0114283148109564,false,0,NaN
6527,F,0.9950121893590378,1.0217288683061216,false,0,NaN
6528,F,0.994988592503974,1.0071203312719477,false,0,NaN
6529,F,0.9949807923850239,1.0163957450296945,false,0,NaN
6530,F,0.9949711268584368,1.0044642626272733,false,0,NaN
6531,F,0.994965466500965,1.0096357793802593,false,0,NaN
6532,F,0.9949623667557593,1.0033793783038207,false,0,NaN
6533,F,0.9949575803941499,1.0076928026131,false,0,NaN
6534,F,0.994957964351434,1.0028253014496822,false,0,NaN
6535,F,0.9949536243608187,1.0067736829740501,false,0,NaN
6536,F,0.9949557166770777,0.997756483704166,true,0,NaN
6537,F,0.9949728125504933,1.0000449495764487,false,0,NaN
6538,F,0.9949557960263067,0.9977668486518765,true,0,NaN
6539,F,0.9949720018617252,1.0015673169845383,false,0,NaN
6540,F,0.9949638989440159,0.9989909597242935,true,0,NaN
6541,F,0.9949598474851613,0.9983378452954248,true,0,NaN
6542,F,0.994957821755734,0.9980475836224676,true,0,NaN
6543,F,0.9949567245200737,0.9979101002479719,true,0,NaN
6544,F,0.9949639891990314,0.9988716315969363,true,0,NaN
6545,F,0.9949625603090642,0.998665175312673,true,0,NaN
6546,F,0.9949634487598672,0.9989529720314947,true,0,NaN
6547,F,0.9949630045344656,0.9987449923200876,true,0,NaN
6548,F,0.994962782421765,0.9987166887744083,true,0,NaN
6549,F,0.9949626713654145,0.998668293188554,true,0,NaN
6550,F,0.994963349452751,0.9988836583768597,true,0,NaN
6551,F,0.9949630104090827,0.9987918293085445,true,0,NaN
6552,F,0.9949628408872486,0.9987183447922676,true,0,NaN
6553,F,0.9949627561263316,0.9986930758178144,true,0,NaN
6554,F,0.9949628890383327,0.9987223005999928,true,0,NaN
6555,F,0.9949628584014851,1.0057286338902693,false,0,NaN
6556,F,0.9949627863196596,0.9987157734560772,true,0,NaN
6557,F,0.994962758316847,1.002417711055636,false,0,NaN
6558,F,0.994962734960246,0.9986701237431371,true,0,NaN
6559,F,0.99499145754064,1.048085118892907,false,0,NaN
6560,F,0.994977096250443,1.0432238537136986,false,0,NaN
6561,F,0.9949699156053445,1.0334254271287162,false,0,NaN
6562,F,0.9949663252827953,1.017197351669774,false,0,NaN
6563,F,0.9949645301215206,1.0175128848790496,false,0,NaN
6564,F,0.9949636325408833,1.0176570964912703,false,0,NaN
6565,F,0.9949631837505647,1.0083654491925618,false,0,NaN
6566,F,0.9949628471578257,0.9987799884978832,true,0,NaN
6567,F,0.9949627489849434,0.9986704967105553,true,0,NaN
6568,F,0.9949632732310552,0.9987812636127302,true,0,NaN
6569,F,0.9949627490857369,0.9986705048380068,true,0,NaN
6570,F,0.9949646287109598,0.9995386708500502,true,0,NaN
6571,F,0.9949636888983483,0.9989932174661138,true,0,NaN
6572,F,0.9949632189920427,0.9988147780291268,true,0,NaN
6573,F,0.9949629840388897,0.9987844432435365,true,0,NaN
6574,F,0.9949627592959153,0.9986707350731711,true,0,NaN
6575,F,0.9949629231552284,0.9989320005453279,true,0,NaN
6576,F,0.9949628455526429,0.998791102270516,true,0,NaN
6577,F,0.9949628066139383,0.9987207869243494,true,0,NaN
6578,F,0.9949627868609311,0.9986872853140898,true,0,NaN
6579,F,0.9949627244293153,0.9987225080138287,true,0,NaN
6580,F,0.9949627763319785,0.9986741261279733,true,0,NaN
6581,F,0.9949627635400565,0.9986741033297878,true,0,NaN
6582,F,0.9949627687823334,0.9986714144035811,true,0,NaN
6583,F,0.9949627803041186,0.9986815298923618,true,0,NaN
6584,F,0.994962774543226,0.9986745480606186,true,0,NaN
6585,F,0.9949627554460075,0.9986763359418545,true,0,NaN
6586,F,0.9949627716627797,0.9986722975832886,true,0,NaN
6587,F,0.9949627662804779,0.9986722139006031,true,0,NaN
6588,F,0.9949627702225565,0.9986716496649014,true,0,NaN
6589,F,0.9949627687888175,0.9986715252453253,true,0,NaN
6590,F,0.9949627695024449,0.9986714751714716,true,0,NaN
6591,F,0.9949685093373455,1.0088727643422934,false,0,NaN
6592,F,0.9948939288194727,1.0068221213646695,false,0,NaN
6593,F,0.9949627695582941,0.9986714749372022,true,0,NaN
6594,F,0.994963572366836,0.9987643190536162,true,0,NaN
6595,F,0.9949630134076891,0.9986804741087876,true,0,NaN
6596,F,0.9949630496530925,0.9986770903572502,true,0,NaN
6597,F,0.9949631823619219,0.9986790902572714,true,0,NaN
6598,F,0.9949633345057035,0.9986769703555908,true,0,NaN
6599,F,0.9949639149507453,0.9985955686960745,true,0,NaN
6600,F,0.9951019013719882,1.0183106604050414,false,0,NaN
6601,F,0.9950329081613668,1.0071091067097702,false,0,NaN
6602,F,0.9949984115560561,1.0029557261447808,false,0,NaN
6603,F,0.9949811632534007,1.0007563612234163,false,0,NaN
6604,F,0.9949715921793773,0.9995018523649506,true,0,NaN
6605,F,0.994971083683794,1.0002552556818358,false,0,NaN
6606,F,0.9949677807864948,0.9990028706194176,true,0,NaN
6607,F,0.9949649286807194,0.998614971252788,true,0,NaN
6608,F,0.9949655501184719,0.9987017620338108,true,0,NaN
6609,F,0.9949652393995957,0.9986554617215864,true,0,NaN
6610,F,0.9949654608300301,0.9986813666784174,true,0,NaN
6611,F,0.994965415340046,0.9986730572044836,true,0,NaN
6612,F,0.9949654803274078,0.9986775243442946,true,0,NaN
6613,F,0.99496769372813,0.9983413335810974,true,0,NaN
6614,F,0.9951053551213325,1.0301473603071258,false,0,NaN
6615,F,0.9951052814853224,1.0275421317792266,false,0,NaN
6616,F,0.9950407172163874,1.019630553151282,false,0,NaN
6617,F,0.9950406679284638,1.0158636327676276,false,0,NaN
6618,F,0.9950082004329638,1.0102395546906724,false,0,NaN
6619,F,0.9950081728866875,1.0055715085085235,false,0,NaN
6620,F,0.9949915237869845,1.0076392851093199,false,0,NaN
6621,F,0.9949915022607475,1.0027050784769531,false,0,NaN
6622,F,0.9949820892661229,1.000889021792824,false,0,NaN
6623,F,0.9949820833678064,1.0005967748151523,false,0,NaN
6624,F,0.9949750249469034,0.9993097456160126,true,0,NaN
6625,F,0.994975022704867,0.999418118951297,true,0,NaN
6626,F,0.9949713593611805,0.998767055251504,true,0,NaN
6627,F,0.9949745800461057,1.0179725419056402,false,0,NaN
6628,F,0.9949731382048397,1.017950070001227,false,0,NaN
6629,F,0.9949722616447759,1.0099250965351079,false,0,NaN
6630,F,0.9949718108805984,0.9989992812379985,true,0,NaN
6631,F,0.9949717628787752,1.0177372747247206,false,0,NaN
6632,F,0.9949715851208895,0.9987801765750772,true,0,NaN
6633,F,0.9949633465682047,0.9977043367064184,true,0,NaN
6634,F,0.9949715843135327,0.9987800654202766,true,0,NaN
6635,F,0.9949628429754726,0.997616421440268,true,0,NaN
6636,F,0.9949672136445026,0.9981925647066997,true,0,NaN
6637,F,0.9949693989790177,0.9984838501383211,true,0,NaN
6638,F,0.9949704916462752,0.9986311169241358,true,0,NaN
6639,F,0.9949720011225048,0.9988276663174228,true,0,NaN
6640,F,0.99497124638439,0.9987286097675699,true,0,NaN
6641,F,0.9956127601782414,1.1037442053518085,false,0,NaN
6642,F,0.9954667741873394,1.0822058135859751,false,0,NaN
6643,F,0.9952920032813157,1.0796875637037142,false,0,NaN
6644,F,0.9951794594218135,1.0174377717134266,false,0,NaN
6645,F,0.9951316248328529,1.0650459945855926,false,0,NaN
6646,F,0.995039434799262,1.0153610633369425,false,0,NaN
6647,F,0.9950514356086214,1.0281877447606207,false,0,NaN
6648,F,0.9950104834651655,1.039429334454324,false,0,NaN
6649,F,0.9950113409965058,1.016240215913307,false,0,NaN
6650,F,0.9949869975236836,1.034477812136804,false,0,NaN
6651,F,0.9949912936904479,1.0103997974848942,false,0,NaN
6652,F,0.9949750691844008,1.0187874128053624,false,0,NaN
6653,F,0.994981270037419,1.0075150460561266,false,0,NaN
6654,F,0.9949737522976473,1.0053667161999493,false,0,NaN
6655,F,0.9949715596235472,0.998807056327139,true,0,NaN
6656,F,0.9949714505722529,0.9992890106103808,true,0,NaN
6657,F,0.9949712659618374,0.9987297531528592,true,0,NaN
6658,F,0.9949696481680733,0.9985082203654785,true,0,NaN
6659,F,0.9949712658818886,0.9987297421747827,true,0,NaN
6660,F,0.9949695696839591,0.998495105437874,true,0,NaN
6661,F,0.9949704177829238,0.9986118547431829,true,0,NaN
6662,F,0.9949712160638259,0.9987171013257635,true,0,NaN
6663,F,0.9949709380236029,0.9986802376354487,true,0,NaN
6664,F,0.9949709194540802,0.9986760583168169,true,0,NaN
6665,F,0.9949936429992298,1.0563731556175124,false,0,NaN
6666,F,0.994982281226655,1.0573635550693874,false,0,NaN
6667,F,0.9949766003403676,1.0573035722070308,false,0,NaN
6668,F,0.9949737598972239,1.0377375788976004,false,0,NaN
6669,F,0.994972339675652,1.0162609730488643,false,0,NaN
6670,F,0.9949716295648662,1.0171060953120108,false,0,NaN
6671,F,0.9949712745094732,1.0175292351043512,false,0,NaN
6672,F,0.9949710082179285,1.0112475269203554,false,0,NaN
6673,F,0.9949709305495612,0.9986858581269974,true,0,NaN
6674,F,0.9949709201475478,0.9986760845057527,true,0,NaN
6675,F,0.9949709134850923,0.9986751411552466,true,0,NaN
6676,F,0.9949717844905199,0.9985850720300381,true,0,NaN
6677,F,0.9949765228051565,0.9991046328458422,true,0,NaN
6678,F,0.9986943521057109,3.2227373947038567,false,0,NaN
6679,F,0.9964340177974331,NaN,false,-300,NaN
6680,F,0.9968354477293537,1.4765239808344135,false,0,NaN
6681,F,0.9963501485526761,1.6043726773826439,false,0,NaN
6682,F,0.9959059955401051,1.217661153855889,false,0,NaN
6683,F,0.9956838317395744,1.2519300662211632,false,0,NaN
6684,F,0.9954412694433407,1.1147394958643133,false,0,NaN
6685,F,0.9953237260226157,1.1839205030557123,false,0,NaN
6686,F,0.9952089063906783,1.065498581552252,false,0,NaN
6687,F,0.9951414166047055,1.0822050063911783,false,0,NaN
6688,F,0.9950927248557869,1.02936958762941,false,0,NaN
6689,F,0.9950619603763743,1.05209246117956,false,0,NaN
6690,F,0.9950346340712206,1.0203209036461467,false,0,NaN
6691,F,0.995013067622969,1.0442334678024083,false,0,NaN
6692,F,0.9949910658629509,1.008903838482576,false,0,NaN
6693,F,0.9949811049191266,1.036331546882327,false,0,NaN
6694,F,0.9949783572298988,0.9993858376054983,true,0,NaN
6695,F,0.9949831899983937,1.0000124659814509,false,0,NaN
6696,F,0.9949807736141463,0.9996962938743774,true,0,NaN
6697,F,0.9949795654220225,0.9995400520560903,true,0,NaN
6698,F,0.9949789613259606,0.9994626354193191,true,0,NaN
6699,F,0.9949784788531602,0.9993979246920839,true,0,NaN
6700,F,0.994983202401381,1.0000004760461303,true,0,NaN
6701,F,0.994983238204855,1.0000000790836157,true,0,NaN
6702,F,0.9949808406272707,0.9996980679734003,true,0,NaN
6703,F,0.9949849804799267,1.005711636995465,false,0,NaN
6704,F,0.994945978066072,1.0015995318328466,false,0,NaN
6705,F,0.9949829105535987,1.0053719311044156,false,0,NaN
6706,F,0.9949818755904347,1.0043886269202777,false,0,NaN
6707,F,0.9949813581088527,0.9997726599315817,true,0,NaN
6708,F,0.9949853458191007,1.0002661369213404,false,0,NaN
6709,F,0.9949843848850711,1.0000025405523707,false,0,NaN
6710,F,0.9949862079116274,1.0033240103902101,false,0,NaN
6711,F,0.9949989129992551,0.9994502152659006,true,0,NaN
6712,F,0.9950029669068713,1.0096437262513214,false,0,NaN
6713,F,0.9949648740070742,1.0075449863602939,false,0,NaN
6714,F,0.9950009475879685,1.0053198407321202,false,0,NaN
6715,F,0.9949790129263931,0.9980437856012668,true,0,NaN
6716,F,0.9949999378993634,0.999970174471884,true,0,NaN
6717,F,0.9950115941862647,1.008329681526356,false,0,NaN
6718,F,0.9950115935209867,1.008448819593942,false,0,NaN
6719,F,0.9950057659139427,1.0077024024737335,false,0,NaN
6720,F,0.9950057652956636,1.0077483059763788,false,0,NaN
6721,F,0.995002851754012,1.0074307042783208,false,0,NaN
6722,F,0.9950028511560899,1.000927775436856,false,0,NaN
6723,F,0.995002852256492,1.000078971498557,false,0,NaN
6724,F,0.9950028523826128,0.9998356640787912,true,0,NaN
6725,F,0.9950051189185684,1.000143783786967,false,0,NaN
6726,F,0.9950040612390936,0.9999988109687313,true,0,NaN
6727,F,0.9950040674743192,0.9999993935396382,true,0,NaN
6728,F,0.9977814425339134,4.387944527874808,false,0,NaN
6729,F,0.9976572925615251,2.803063942442208,false,0,NaN
6730,F,0.9963928020318934,1.7990103744996082,false,0,NaN
6731,F,0.9963635225756203,1.8101439354108093,false,0,NaN
6732,F,0.9956984817798944,1.2559959128636966,false,0,NaN
6733,F,0.995689100883871,1.2543294792229136,false,0,NaN
6734,F,0.9953513216519169,1.0831244553042083,false,0,NaN
6735,F,0.9953482755652894,1.1059477228898742,false,0,NaN
6736,F,0.9951777415839721,1.067709579222221,false,0,NaN
6737,F,0.9951752603696677,1.0815975783526506,false,0,NaN
6738,F,0.9950909515420876,1.018650915065055,false,0,NaN
6739,F,0.995090268064038,1.0248128560634926,false,0,NaN
6740,F,0.9950475565053213,1.0229135364113793,false,0,NaN
6741,F,0.9950467168251192,1.030761712608401,false,0,NaN
6742,F,0.9950150101169764,1.010244354894354,false,0,NaN
6743,F,0.9950146346941552,1.013574138552291,false,0,NaN
6744,F,0.995005516275093,1.0060069943428722,false,0,NaN
6745,F,0.9950052961287518,1.0079378070667109,false,0,NaN
6746,F,0.9950042208717594,1.000006386371585,false,0,NaN
6747,F,0.9950044885166016,1.0005777265778841,false,0,NaN
6748,F,0.9950043119257023,1.0006903887327994,false,0,NaN
6749,F,0.9950043529618522,1.0002880601530184,false,0,NaN
6750,F,0.9950042648187358,1.0003442400542015,false,0,NaN
6751,F,0.9950042851549638,1.0001432654306814,false,0,NaN
6752,F,0.9950042412239862,1.0001712525571649,false,0,NaN
6753,F,0.9950042511922664,1.0000707928917953,false,0,NaN
6754,F,0.9950042293903132,1.0000846538392505,false,0,NaN
6755,F,0.9950042340905667,1.0000346501096082,false,0,NaN
6756,F,0.9950042252829313,1.0000169998243738,false,0,NaN
6757,F,0.995004220165274,1.000007967488418,false,0,NaN
6758,F,0.9950042204427118,1.0000048354309823,false,0,NaN
6759,F,0.9950042194996852,1.0000030863992366,false,0,NaN
6760,F,0.9950042175076289,0.9999993919670023,true,0,NaN
6761,F,0.9950042266502483,0.9999993915563437,true,0,NaN
6762,F,0.9950042417751458,0.9999994006101154,true,0,NaN
6763,F,0.9950043388399995,0.9999998714912796,true,0,NaN
6764,F,0.9950046307088212,1.000002449939438,false,0,NaN
6765,F,0.9950048749859388,1.0000840713230486,false,0,NaN
6766,F,0.9950068403166383,1.0062315738908854,false,0,NaN
6767,F,0.9949617286853539,0.9999879284471189,true,0,NaN
6768,F,0.9949621455253302,0.9999999170631462,true,0,NaN
6769,F,0.9949680903924875,1.0000067867118558,false,0,NaN
6770,F,0.994981713368565,1.0002162751538026,false,0,NaN
6771,F,0.995004192814021,1.0179614170385236,false,0,NaN
6772,F,0.9950173333701365,1.0049795232382124,false,0,NaN
6773,F,0.995229090747754,1.0623576856336634,false,0,NaN
6774,F,0.9953378575096796,1.0746684585545798,false,0,NaN
6775,F,0.9959055587627761,1.381707860417826,false,0,NaN
6776,F,0.9973713697541189,2.732764554057899,false,0,NaN
6777,F,0.9988077503618878,NaN,false,-300,NaN
6778,F,0.9966384642584475,1.95572636979197,false,0,NaN
6779,F,0.999696742719769,NaN,false,-300,NaN
6780,F,0.9981676034891083,5.634945923347359,false,0,NaN
6781,F,0.9974030338737778,2.4366570867786774,false,0,NaN
6782,F,0.9970207490661127,2.059208388441156,false,0,NaN
6783,F,0.9990876228229957,7.456302765052408,false,0,NaN
6784,F,0.9989650476562487,13.882101968075535,false,0,NaN
6785,F,0.9978258295509643,4.34160788628169,false,0,NaN
6786,F,0.9977623879314318,4.299904546636059,false,0,NaN
6787,F,0.9971898371607211,3.0668957184605765,false,0,NaN
6788,F,0.9968608647156375,2.2945191068295996,false,0,NaN
6789,F,0.9966636913952482,2.0685111620435945,false,0,NaN
6790,F,0.996601876859597,2.160718690331313,false,0,NaN
6791,F,0.9966201705590424,2.200994953646072,false,0,NaN
6792,F,0.9966338908336265,2.1014053854808235,false,0,NaN
6793,F,0.9966378925803802,1.9976668210281163,false,0,NaN
6794,F,0.9966384285286062,1.9553832845735295,false,0,NaN
6795,F,0.9947238917521883,1.4370767469571248,false,0,NaN
6796,F,0.9921536624601507,1.0129295269590703,false,0,NaN
6797,F,0.9919464460916745,0.9839005985183151,true,0,NaN
6798,F,0.9929002083125403,1.1048031405616205,false,0,NaN
6799,F,0.9915234136311377,0.9694168419876957,true,0,NaN
6800,F,0.9924233272021075,1.063123878608398,false,0,NaN
6801,F,0.992184886646891,1.0164211172968778,false,0,NaN
6802,F,0.9920656663692827,1.0030063470828643,false,0,NaN
6803,F,0.9927628636714863,1.0981325093536434,false,0,NaN
6804,F,0.9926711409419262,1.2147874051943561,false,0,NaN
6805,F,0.9925276011684326,1.0792217972852252,false,0,NaN
6806,F,0.9924498945600889,1.1326304267675011,false,0,NaN
6807,F,0.9922370235813983,1.040730564142204,false,0,NaN
6808,F,0.9921906951368754,1.02384067654076,false,0,NaN
6809,F,0.9920917347878809,1.009004987823054,false,0,NaN
6810,F,0.9920712693937906,1.0315729472508839,false,0,NaN
6811,F,0.9920190903911219,1.002330177197548,false,0,NaN
6812,F,0.9920040662581683,1.015845331084357,false,0,NaN
6813,F,0.9919827681927418,0.9971948866047701,true,0,NaN
6814,F,0.9931457961926758,1.1593485774473695,false,0,NaN
6815,F,0.9925642821927089,1.0872153303108276,false,0,NaN
6816,F,0.9922735251927253,1.0478288103971427,false,0,NaN
6817,F,0.9921281466927335,1.008574202256476,false,0,NaN
6818,F,0.99223608846021,1.0363657843491638,false,0,NaN
6819,F,0.9922060752630658,1.0474571692090562,false,0,NaN
6820,F,0.9921094283264759,1.0090364138941639,false,0,NaN
6821,F,0.9921003552144848,1.023627913509675,false,0,NaN
6822,F,0.9920460982596089,1.0024236392504466,false,0,NaN
6823,F,0.9920420919308286,1.0037187219614547,false,0,NaN
6824,F,0.9920144332261753,1.0023551734858995,false,0,NaN
6825,F,0.9920104793542563,1.0008855445979141,false,0,NaN
6826,F,0.9919986007094586,1.0023581672914492,false,0,NaN
6827,F,0.9919946445424308,0.9972476980680299,true,0,NaN
6828,F,0.9999599732227121,NaN,false,-300,NaN
6829,F,0.9959773088825715,6.779203770077487,false,0,NaN
6830,F,0.9939859767125011,2.284218624869274,false,0,NaN
6831,F,0.992990310627466,1.4720833647908185,false,0,NaN
6832,F,0.9920104125310019,1.0007759611679705,false,0,NaN
6833,F,0.9920076543057992,1.0001134332819208,false,0,NaN
6834,F,0.9920025071164067,1.000875707929576,false,0,NaN
6835,F,0.9919996720631712,1.000012048945563,false,0,NaN
6836,F,0.9919985533236636,0.9971923844181808,true,0,NaN
6837,F,0.9994322281172183,NaN,false,-300,NaN
6838,F,0.9957153907204409,NaN,false,-300,NaN
6839,F,0.9938569720220523,NaN,false,-300,NaN
6840,F,0.992927762672858,6.638136135952435,false,0,NaN
6841,F,0.9920254242234222,1.0042061593325613,false,0,NaN
6842,F,0.9920213563139669,0.9988320763359667,true,0,NaN
6843,F,0.9920119887735429,1.001022327599446,false,0,NaN
6844,F,0.9920097675218624,1.0009900213443865,false,0,NaN
6845,F,0.9920052710486033,1.000926974569889,false,0,NaN
6846,F,0.9920031054685047,1.0009109719237441,false,0,NaN
6847,F,0.9920019121861334,0.997049722466695,true,0,NaN
6848,F,0.9999600095609307,NaN,false,-300,NaN
6849,F,0.995980960873532,1.8394753327024678,false,0,NaN
6850,F,0.9939914365298327,1.4317773410181627,false,0,NaN
6851,F,0.9929966743579831,1.1375829093625005,false,0,NaN
6852,F,0.9920263386891985,1.0044128078404952,false,0,NaN
6853,F,0.9920222533685538,0.9988804462614471,true,0,NaN
6854,F,0.992014125437666,1.0011464830262757,false,0,NaN
6855,F,0.9920118524033215,1.0010570100385396,false,0,NaN
6856,F,0.9920080188118997,1.0009986903195007,false,0,NaN
6857,F,0.9920058277977216,1.0009939263493808,false,0,NaN
6858,F,0.9920049654990165,1.000924853613767,false,0,NaN
6859,F,0.992003438842575,0.997524252737806,true,0,NaN
6860,F,0.9920031755552408,1.000533439075699,false,0,NaN
6861,F,0.9920026755143542,0.9970652101675122,true,0,NaN
6862,F,0.9920041670939257,1.0008475463413111,false,0,NaN
6863,F,0.9920034138106824,1.0007931279347602,false,0,NaN
6864,F,0.9920030361102551,0.9975565671153812,true,0,NaN
6865,F,0.992078782943438,0.9979485265403538,true,0,NaN
6866,F,0.9921301435589176,1.009821176602284,false,0,NaN
6867,F,0.9920431686240267,0.9997259303753006,true,0,NaN
6868,F,0.9921124415559999,1.0159150550788456,false,0,NaN
6869,F,0.9919959441708492,0.993548411906598,true,0,NaN
6870,F,0.9920778050900133,0.9998410170299873,true,0,NaN
6871,F,0.9921005823111374,1.015930247718725,false,0,NaN
6872,F,0.9919391841640522,0.9998914033852575,true,0,NaN
6873,F,0.9920891937005754,0.9999231679791246,true,0,NaN
6874,F,0.9921414666043865,1.015931500558621,false,0,NaN
6875,F,0.9920097048753325,0.9936978687567574,true,0,NaN
6876,F,0.9922065030652681,1.005999552987233,false,0,NaN
6877,F,0.9922521859122053,1.019889934962431,false,0,NaN
6878,F,0.9921081039703002,0.9989993789935633,true,0,NaN
6879,F,0.9921246919985998,1.0001283271025083,false,0,NaN
6880,F,0.9921357482916796,0.9999499280412605,true,0,NaN
6881,F,0.9999606787414584,33.24578300074099,false,0,NaN
6882,F,0.996048213516569,2.0048350813839284,false,0,NaN
6883,F,0.9940919809041243,1.3070711241207102,false,0,NaN
6884,F,0.993113864597902,1.1731345706161935,false,0,NaN
6885,F,0.9999606787414584,33.287176154754114,false,0,NaN
6886,F,0.9960482136694206,2.0048576621736007,false,0,NaN
6887,F,0.9954185618345684,1.7536561172504017,false,0,NaN
6888,F,0.9940919810919439,1.307075964532478,false,0,NaN
6889,F,0.9938995447838551,1.230812870068116,false,0,NaN
6890,F,0.9931138648032054,1.173136336261388,false,0,NaN
6891,F,0.9930053509152357,1.1336144292860033,false,0,NaN
6892,F,0.9926248066588361,1.0846136639882613,false,0,NaN
6893,F,0.9925717586918511,1.0363512934290686,false,0,NaN
6894,F,0.9923802775866514,1.0322063307853167,false,0,NaN
6895,F,0.992360066744761,1.0319640306954447,false,0,NaN
6896,F,0.9922580130505589,1.014742245245667,false,0,NaN
6897,F,0.9922487446754191,1.0089241817585954,false,0,NaN
6898,F,0.9921663146484884,1.003613555183915,false,0,NaN
6899,F,0.9921640191419298,1.0048939325103077,false,0,NaN
6900,F,0.9921395692812065,0.9999499600554111,true,0,NaN
6901,F,0.9955950697771446,1.837021931246976,false,0,NaN
6902,F,0.9938673195291756,1.28387285702467,false,0,NaN
6903,F,0.9930034444051911,1.1689499403911134,false,0,NaN
6904,F,0.9925715068431987,1.0587274553221175,false,0,NaN
6905,F,0.9921629941289198,1.0036086395184896,false,0,NaN
6906,F,0.992160527850302,1.0048560831032294,false,0,NaN
6907,F,0.9921512817278849,1.0036103496296247,false,0,NaN
6908,F,0.9921488142516712,1.0048529704848033,false,0,NaN
6909,F,0.992145425527366,1.0036113750542768,false,0,NaN
6910,F,0.9921429573375068,1.0011769009608933,false,0,NaN
6911,F,0.9921424974271036,1.0036118990035567,false,0,NaN
6912,F,0.9921410333769665,1.0036046592044994,false,0,NaN
6913,F,0.9921403013518862,0.9999576045932435,true,0,NaN
6914,F,0.9926141304299458,1.0735626234319877,false,0,NaN
6915,F,0.9917519417061216,0.9956257941823009,true,0,NaN
6916,F,0.9923772158909161,1.0080493851664865,false,0,NaN
6917,F,0.9922587586214011,1.0200898658473916,false,0,NaN
6918,F,0.9921995299866437,1.0000143546028635,false,0,NaN
6919,F,0.9923832662230421,1.016107764529067,false,0,NaN
6920,F,0.9924822135012563,1.0812402676851223,false,0,NaN
6921,F,0.9919275598442695,1.0280307213652349,false,0,NaN
6922,F,0.9925358538018919,1.1242898410598876,false,0,NaN
6923,F,0.9925358296872085,1.1204969126691418,false,0,NaN
6924,F,0.9919146947138328,1.1358126781276807,false,0,NaN
6925,F,0.9922252622005207,1.1730115566352022,false,0,NaN
6926,F,0.9923805459438646,1.14493677012313,false,0,NaN
6927,F,0.9924581878155365,1.1403714476737132,false,0,NaN
6928,F,0.9923206821785985,1.2356496394356746,false,0,NaN
6929,F,0.9923208419888079,1.23564930152184,false,0,NaN
6930,F,0.9923459123810946,1.255282382409011,false,0,NaN
6931,F,0.992445348428979,1.223289097006881,false,0,NaN
6932,F,0.9924905890743758,1.1850660953382965,false,0,NaN
6933,F,0.9925132093970742,1.1532216396137516,false,0,NaN
6934,F,0.9925245195584234,1.131918653516426,false,0,NaN
6935,F,0.9925330021794354,1.122622983278699,false,0,NaN
6936,F,0.9913660161367002,1.0236509850423194,false,0,NaN
6937,F,0.9911329903195385,1.0045790883720582,false,0,NaN
6938,F,0.9918386332150412,1.1647332830953312,false,0,NaN
6939,F,0.9941297452485843,1.7415976080873146,false,0,NaN
6940,F,0.999970648726243,NaN,false,-300,NaN
6941,F,0.9970501969874136,3.459744540440801,false,0,NaN
6942,F,0.995589971117999,2.3729187533015454,false,0,NaN
6943,F,0.9948598581832917,2.1187049248007312,false,0,NaN
6944,F,0.994054470706675,1.9950291183478948,false,0,NaN
6945,F,0.9940544699964574,1.9950292527963818,false,0,NaN
6946,F,0.9940907201297775,1.959863226380447,false,0,NaN
6947,F,0.9941301106158441,1.900176466542316,false,0,NaN
6948,F,0.9941492480910531,1.8699926395157334,false,0,NaN
6949,F,0.9941407051603721,1.7912387027689358,false,0,NaN
6950,F,0.9941353687506582,1.7737020489190898,false,0,NaN
6951,F,0.9941311503710637,1.751349151553056,false,0,NaN
6952,F,0.9941299202128728,1.740673606468071,false,0,NaN
6953,F,0.9941316855909962,1.75134520054576,false,0,NaN
6954,F,0.994130803933232,1.7375978871565925,false,0,NaN
6955,F,0.9941387549398513,1.752857241363336,false,0,NaN
6956,F,0.9941349411984203,1.740317811316547,false,0,NaN
6957,F,0.9941330365409381,1.7344988463851856,false,0,NaN
6958,F,0.9913456365750448,1.433651638055188,false,0,NaN
6959,F,0.988509644794646,1.1342266168574342,false,0,NaN
6960,F,0.9879037366197266,1.263139102258597,false,0,NaN
6961,F,0.9882066907071864,1.1231137544455971,false,0,NaN
6962,F,0.9865426205036483,0.9263743525198177,true,0,NaN
6963,F,0.9870224285274526,0.9701997887486151,true,0,NaN
6964,F,0.9874789467607944,1.004795658585011,false,0,NaN
6965,F,0.9872506876441235,0.979703856918646,true,0,NaN
6966,F,0.9881241296100091,1.0587145814659462,false,0,NaN
6967,F,0.9876874086270663,1.0168124324479393,false,0,NaN
6968,F,0.9874690481355949,1.004261212239397,false,0,NaN
6969,F,0.9873598678898592,0.9884022516217876,true,0,NaN
6970,F,0.9873875315641335,0.9916622862584364,true,0,NaN
6971,F,0.987845313334284,1.0294360568305574,false,0,NaN
6972,F,0.9871059119409018,0.9714953995891183,true,0,NaN
6973,F,0.9876164224492088,1.0134808866488951,false,0,NaN
6974,F,0.9875019770066711,1.0114697308780982,false,0,NaN
6975,F,0.9874447542854023,1.0034308815489958,false,0,NaN
6976,F,0.9878090437090378,1.0294889428500271,false,0,NaN
6977,F,0.9875409719451852,1.0544977283782004,false,0,NaN
6978,F,0.9875982876374597,1.013561302315953,false,0,NaN
6979,F,0.9874371866315421,1.0356047296775168,false,0,NaN
6980,F,0.9874929096016707,1.0116390344019117,false,0,NaN
6981,F,0.9873304314786995,1.0333573219804806,false,0,NaN
6982,F,0.9874402205837761,1.0034501427665763,false,0,NaN
6983,F,0.9873426501395649,1.0162187473972666,false,0,NaN
6984,F,0.9874138760748289,1.002930752395418,false,0,NaN
6985,F,0.987316313696935,1.0156897964881755,false,0,NaN
6986,F,0.9874007038203553,0.9935597389351135,true,0,NaN
6987,F,0.9890936406785746,1.1591372431132578,false,0,NaN
6988,F,0.9876202049898091,1.4782531294661556,false,0,NaN
6989,F,0.9882483833041077,1.0715476123436538,false,0,NaN
6990,F,0.9875543927050875,1.122414816567039,false,0,NaN
6991,F,0.9878256563400687,1.0286235637946892,false,0,NaN
6992,F,0.9875136385522452,1.070168743867727,false,0,NaN
6993,F,0.987614095903578,1.0100032982653648,false,0,NaN
6994,F,0.9874677731795592,1.0352502366758412,false,0,NaN
6995,F,0.9875079185343896,1.0096825309221695,false,0,NaN
6996,F,0.9873644389986174,1.033987958947869,false,0,NaN
6997,F,0.9874543478304368,1.0025493491570576,false,0,NaN
6998,F,0.9873743470338028,1.0086302881840918,false,0,NaN
6999,F,0.9874275355727287,1.0026733861593415,false,0,NaN
7000,F,0.9874074259620056,0.9935613128392458,true,0,NaN
7001,F,0.9874544732885054,1.004076544172746,false,0,NaN
7002,F,0.9874309496252555,1.0033807633941492,false,0,NaN
7003,F,0.9874191877936306,1.003024604343342,false,0,NaN
7004,F,0.987413306877818,0.9937350070076398,true,0,NaN
7005,F,0.9874308071650728,1.0033855312116913,false,0,NaN
7006,F,0.9874220570214455,1.0031159460469476,false,0,NaN
7007,F,0.9874176819496318,1.0029797131911382,false,0,NaN
7008,F,0.9874154944137249,0.9938193194988046,true,0,NaN
7009,F,0.9874369215527089,1.003621448568412,false,0,NaN
7010,F,0.9874262079832169,0.9961930144597679,true,0,NaN
7011,F,0.9875238729462207,0.9985624044852375,true,0,NaN
7012,F,0.9876371898660679,1.0228132696673973,false,0,NaN
7013,F,0.9875805314061443,1.019638160632494,false,0,NaN
7014,F,0.9875522021761824,0.999952346241468,true,0,NaN
7015,F,0.9875963023360554,1.0195184667604762,false,0,NaN
7016,F,0.987574252256119,1.0188126416570737,false,0,NaN
7017,F,0.9875632272161506,1.0049148304928395,false,0,NaN
7018,F,0.9875577146961666,1.0007441492951847,false,0,NaN
7019,F,0.9876935725564491,1.0105052891758872,false,0,NaN
7020,F,0.9876414328342885,1.0051146357048075,false,0,NaN
7021,F,0.9875893463924327,1.0003495582425588,false,0,NaN
7022,F,0.9875893444339745,1.0002614078530998,false,0,NaN
7023,F,0.9875838689397554,0.9999345836993728,true,0,NaN
7024,F,0.987585474154944,0.9999903156392658,true,0,NaN
7025,F,0.9875859598155766,0.9999998218467098,true,0,NaN
7026,F,0.9875859597133116,0.9999998145799642,true,0,NaN
7027,F,0.9875859946263308,0.9999999109947718,true,0,NaN
7028,F,0.987586047555968,0.9999998424049118,true,0,NaN
7029,F,0.987586186565368,0.9999998576330482,true,0,NaN
7030,F,0.9875865426176206,0.9999998641301122,true,0,NaN
7031,F,0.9875874545701155,1.000000080780709,true,0,NaN
7032,F,0.9875895385409232,1.0015319023117184,false,0,NaN
7033,F,0.9876959026496842,1.0128774449551008,false,0,NaN
7034,F,0.9877383463135905,1.0025415057349276,false,0,NaN
7035,F,0.9876929543790391,0.9996332941573095,true,0,NaN
7036,F,0.9881510472381371,1.0066316745247512,false,0,NaN
7037,F,0.9880026374227275,0.9936530630706083,true,0,NaN
7038,F,0.988295378035018,0.9995245930430695,true,0,NaN
7039,F,0.9883490516951432,1.0080684695498454,false,0,NaN
7040,F,0.9882455472320028,1.0023935122432652,false,0,NaN
7041,F,0.9883222148650807,1.0031369940386878,false,0,NaN
7042,F,0.9883087964500493,1.0003171633637848,false,0,NaN
7043,F,0.9883020872425337,0.9998546126447844,true,0,NaN
7044,F,0.9883096450331262,0.9999885250765688,true,0,NaN
7045,F,0.9886649381722802,1.0020640170378217,false,0,NaN
7046,F,0.9886449071017914,0.9969092596647173,true,0,NaN
7047,F,0.9891626526396856,1.0307597721814674,false,0,NaN
7048,F,0.9888011651183602,0.9991873628195551,true,0,NaN
7049,F,0.9889827897046469,0.9968772641798043,true,0,NaN
7050,F,0.9891168229715279,1.029480179276924,false,0,NaN
7051,F,0.9888952181597811,0.9892150470383028,true,0,NaN
7052,F,0.9890498063380874,1.0122240197665562,false,0,NaN
7053,F,0.9890162980213671,1.0042288564883102,false,0,NaN
7054,F,0.988999543863007,1.00098330143042,false,0,NaN
7055,F,0.9890891427575744,1.026758911226131,false,0,NaN
7056,F,0.9890891087841239,1.0266956283235498,false,0,NaN
7057,F,0.9890359799845894,1.0083864639112226,false,0,NaN
7058,F,0.9890359673528684,1.0081355847082398,false,0,NaN
7059,F,0.9890093985980963,1.0026717764464452,false,0,NaN
7060,F,0.9890093922315949,1.0025186922179088,false,0,NaN
7061,F,0.9889961079048488,0.9964806974108974,true,0,NaN
7062,F,0.9890312414804626,0.9989062584262413,true,0,NaN
7063,F,0.9890642956322556,1.0045095561086903,false,0,NaN
7064,F,0.9890477685563591,0.9996947832800757,true,0,NaN
7065,F,0.9890395050184109,0.9994120757325468,true,0,NaN
7066,F,0.9890353732494368,0.9990425277707825,true,0,NaN
7067,F,0.9903040802296407,1.1025501901302064,false,0,NaN
7068,F,0.9896697267395388,1.031010451507712,false,0,NaN
7069,F,0.9893525499944877,1.0074738152196285,false,0,NaN
7070,F,0.9891939616219623,1.0044476230203503,false,0,NaN
7071,F,0.9891410722923325,1.0036462315926502,false,0,NaN
7072,F,0.9891410668694608,1.003534758195652,false,0,NaN
7073,F,0.9890882227709605,1.0035892153493622,false,0,NaN
7074,F,0.9890882172716844,1.0034718262500013,false,0,NaN
7075,F,0.9890617980102745,1.003327974416433,false,0,NaN
7076,F,0.9890617927618097,1.0032035711025948,false,0,NaN
7077,F,0.9890485856299315,0.9992085371274052,true,0,NaN
7078,F,0.9890485854038666,0.9991123314798132,true,0,NaN
7079,F,0.9890485851053583,0.9990799866972675,true,0,NaN
7080,F,0.9890485849557213,0.9990724804681337,true,0,NaN
7081,F,0.9890630156072104,1.0001938794765335,false,0,NaN
7082,F,0.9900564206454863,1.0540556992875434,false,0,NaN
7083,F,0.9894225783775032,0.9947065677993837,true,0,NaN
7084,F,0.9895618652944074,1.0059657319147708,false,0,NaN
7085,F,0.9894589592667306,0.9968470513711386,true,0,NaN
7086,F,0.9895752061788888,1.0330862871458377,false,0,NaN
7087,F,0.9891236275693331,1.0037507147429148,false,0,NaN
7088,F,0.9895170827228097,1.0001079899194418,false,0,NaN
7089,F,0.989522596797171,1.0159522974310062,false,0,NaN
7090,F,0.9892927310462817,1.0114536418174565,false,0,NaN
7091,F,0.9895198397599904,1.0023423917180623,false,0,NaN
7092,F,0.9895184612414,1.0000128880418437,false,0,NaN
7093,F,0.9895329493698244,1.0020625955837978,false,0,NaN
7094,F,0.9895135036652603,1.014103563970243,false,0,NaN
7095,F,0.9895257053056121,1.0021083313549648,false,0,NaN
7096,F,0.9895220832735061,1.0021089197722888,false,0,NaN
7097,F,0.989520272257453,1.0021975120681916,false,0,NaN
7098,F,0.9895224090874346,1.012462948823678,false,0,NaN
7099,F,0.9894950655449992,1.0207847273749988,false,0,NaN
7100,F,0.989516994309399,1.0121494189340714,false,0,NaN
7101,F,0.9894896871993651,1.0205314335889821,false,0,NaN
7102,F,0.9895142868776695,1.0120279777620342,false,0,NaN
7103,F,0.9894869240273987,1.0203457546749783,false,0,NaN
7104,F,0.9895129330763698,1.0120018764599377,false,0,NaN
7105,F,0.9894854698695228,1.020217918780469,false,0,NaN
7106,F,0.9895122560047555,1.0119698033864202,false,0,NaN
7107,F,0.9894847824241497,1.0201734224935233,false,0,NaN
7108,F,0.9895119171262617,1.0120112687947165,false,0,NaN
7109,F,0.9894843179372181,1.0200926403664081,false,0,NaN
7110,F,0.989511746995509,1.0122104096314997,false,0,NaN
7111,F,0.989483711419439,1.0198708418805362,false,0,NaN
7112,F,0.9895116138632747,1.0125427020150282,false,0,NaN
7113,F,0.9895170520508384,1.0019804562450174,false,0,NaN
7114,F,0.9895183731673486,0.9999917870117243,true,0,NaN
7115,F,0.9895356293650692,1.0119615668931181,false,0,NaN
7116,F,0.989374055278677,0.9961489148094759,true,0,NaN
7117,F,0.989527001266209,1.00229652637102,false,0,NaN
7118,F,0.9895226872167787,1.0022987610602245,false,0,NaN
7119,F,0.9895205301920637,1.0022999517990636,false,0,NaN
7120,F,0.9895180070139208,1.0021515840385837,false,0,NaN
7121,F,0.9895181911911513,1.0022192000280277,false,0,NaN
7122,F,0.9895182832591597,1.0000072994957963,false,0,NaN
7123,F,0.9895183292855765,0.9999751614418755,true,0,NaN
7124,F,0.9895213489402559,1.0001687272680366,false,0,NaN
7125,F,0.9895311115492573,1.000502287342766,false,0,NaN
7126,F,0.9895282681178836,1.0101350240527605,false,0,NaN
7127,F,0.9895296898335705,1.0007295456865446,false,0,NaN
7128,F,0.9895304006914138,1.0005742961297948,false,0,NaN
7129,F,0.9895307561203356,1.000466326558247,false,0,NaN
7130,F,0.9895420851503725,1.0129930748958695,false,0,NaN
7131,F,0.9895349458938834,1.009822861868797,false,0,NaN
7132,F,0.9895311306192617,1.009812388877114,false,0,NaN
7133,F,0.9895296764171829,1.0001044336010232,false,0,NaN
7134,F,0.9895398042193323,1.0098081389289177,false,0,NaN
7135,F,0.9893897046439509,1.0043958036749934,false,0,NaN
7136,F,0.9895347403182576,1.0098408464600301,false,0,NaN
7137,F,0.9895322083677203,1.0096877773039479,false,0,NaN
7138,F,0.9895309423924517,1.0014749205965163,false,0,NaN
7139,F,0.9895291308373328,1.0000017643704397,false,0,NaN
7140,F,0.9895579982844017,1.011522767273739,false,0,NaN
7141,F,0.9895316417790535,1.0196458909696762,false,0,NaN
7142,F,0.9894710629175358,1.0275551339232083,false,0,NaN
7143,F,0.9895142242276526,1.019599294167965,false,0,NaN
7144,F,0.9894537896125085,1.0277457295649879,false,0,NaN
7145,F,0.9895055139312051,1.0144699205404408,false,0,NaN
7146,F,0.9894608957081833,1.0224456561044366,false,0,NaN
7147,F,0.989501155736832,1.014455448334733,false,0,NaN
7148,F,0.9894565822800908,1.0224651960838154,false,0,NaN
7149,F,0.9894989705097982,1.0145369685541976,false,0,NaN
7150,F,0.9894541457617368,1.022351061195332,false,0,NaN
7151,F,0.9894978653260427,1.014535917322903,false,0,NaN
7152,F,0.9894972847244088,1.0145354110714448,false,0,NaN
7153,F,0.9895267197657556,1.0103632322505383,false,0,NaN
7154,F,0.9893707799777501,1.010820146887847,false,0,NaN
7155,F,0.9894487498717529,1.0159925910356788,false,0,NaN
7156,F,0.9894877348187542,1.0077584271666784,false,0,NaN
7157,F,0.9893853769057641,1.0117340045718826,false,0,NaN
7158,F,0.9894365558622591,1.0151965449900402,false,0,NaN
7159,F,0.9894621453405067,1.0169168641412465,false,0,NaN
7160,F,0.9894749400796304,1.0177816793607708,false,0,NaN
7161,F,0.9894556129071101,1.0149635718782606,false,0,NaN
7162,F,0.9894423312066748,1.0250753182449073,false,0,NaN
7163,F,0.9894673927075481,1.015476951699722,false,0,NaN
7164,F,0.9894536765595636,1.0328006481118353,false,0,NaN
7165,F,0.9894732826946917,1.0157340461265076,false,0,NaN
7166,F,0.9894593489657784,1.0329589217932331,false,0,NaN
7167,F,0.9894762278621352,1.0158627012217865,false,0,NaN
7168,F,0.9894621852477496,1.0330380871543563,false,0,NaN
7169,F,0.9894777007937798,1.015927069062617,false,0,NaN
7170,F,0.9894636037016301,1.0330776851536845,false,0,NaN
7171,F,0.9894784379568902,1.0159592897390421,false,0,NaN
7172,F,0.9894643135945178,1.0330975043924875,false,0,NaN
7173,F,0.9894788079446852,1.0159754631228664,false,0,NaN
7174,F,0.9894790965781733,1.015988080975668,false,0,NaN
7175,F,0.9894861108171877,1.0181694303523936,false,0,NaN
7176,F,0.9894876412214186,1.007725680351303,false,0,NaN
7177,F,0.9893723630538767,1.01051464765556,false,0,NaN
7178,F,0.9894300021376476,1.0146487262819095,false,0,NaN
7179,F,0.9894588216795331,1.0166274084687923,false,0,NaN
7180,F,0.9894732314504759,1.0176216611150277,false,0,NaN
7181,F,0.9894874279737531,1.007686261870338,false,0,NaN
7182,F,0.9893729357998369,1.0003094075258159,false,0,NaN
7183,F,0.9893934524558945,1.0024768157053852,false,0,NaN
7184,F,0.9895340468867535,1.0094697141462718,false,0,NaN
7185,F,0.9893823073011302,0.9995506593051262,true,0,NaN
7186,F,0.9893982396005013,0.9997159078813942,true,0,NaN
7187,F,0.9894121383640312,0.9996968088426668,true,0,NaN
7188,F,0.9894935491651217,1.0412342920377362,false,0,NaN
7189,F,0.9887884140194875,1.0025914003409315,false,0,NaN
7190,F,0.9894528437645764,1.01803866886347,false,0,NaN
7191,F,0.9894324910643039,1.0079605066902586,false,0,NaN
7192,F,0.9894223147141675,1.0085460773888615,false,0,NaN
7193,F,0.9894935491651217,1.0412342920377358,false,0,NaN
7194,F,0.9894000465769093,1.0233444833824574,false,0,NaN
7195,F,0.9894528697036571,1.0182334792464922,false,0,NaN
7196,F,0.989411178894724,1.0237968243131104,false,0,NaN
7197,F,0.9894325299729231,1.0079620914817493,false,0,NaN
7198,F,0.989413958659273,1.0335530816550116,false,0,NaN
7199,F,0.9894223601075525,1.0085461869971377,false,0,NaN
7200,F,0.9894023808057438,1.0245339675392586,false,0,NaN
7201,F,0.9894172751748601,1.0022043522843274,false,0,NaN
7202,F,0.989411632019303,1.0190831357673522,false,0,NaN
7203,F,0.9894147327084997,0.9997091440443802,true,0,NaN
7204,F,0.9906955438297683,1.1500213895168876,false,0,NaN
7205,F,0.9903514555323281,1.2036537692061624,false,0,NaN
7206,F,0.9900551347200603,1.0880203862755842,false,0,NaN
7207,F,0.9898529735148026,1.144706721784539,false,0,NaN
7208,F,0.9897349301651328,1.0402614063147806,false,0,NaN
7209,F,0.9896420944960651,1.0539708715706402,false,0,NaN
7210,F,0.9895748278875219,1.0168731349920515,false,0,NaN
7211,F,0.9895355305333084,1.0285104306925188,false,0,NaN
7212,F,0.9894947767484223,1.0194577866960022,false,0,NaN
7213,F,0.9894495628454273,1.0240412235881937,false,0,NaN
7214,F,0.9894547511782843,1.0123876862494687,false,0,NaN
7215,F,0.9894257215094457,1.0296012754369046,false,0,NaN
7216,F,0.9894347383920388,1.0123842167238188,false,0,NaN
7217,F,0.9894197287941189,1.0103027274422216,false,0,NaN
7218,F,0.9894153509096152,1.0103852613095587,false,0,NaN
7219,F,0.9894147630571751,0.9997061993095072,true,0,NaN
7220,F,0.9894279626310696,1.0197193113061358,false,0,NaN
7221,F,0.9894147631435873,0.9997062012241618,true,0,NaN
7222,F,0.9894279628940117,1.0197193094032404,false,0,NaN
7223,F,0.9894213630187996,1.0108535656918298,false,0,NaN
7224,F,0.9894180630811934,1.0009300480039531,false,0,NaN
7225,F,0.9894164131123904,0.9996787060688892,true,0,NaN
7226,F,0.9911584449084319,1.3280654818404947,false,0,NaN
7227,F,0.9893686171902614,1.8422362876126277,false,0,NaN
7228,F,0.9902874722364055,1.1708112401865138,false,0,NaN
7229,F,0.9893547374947934,1.3126905208373292,false,0,NaN
7230,F,0.989851985894735,1.0449310659388642,false,0,NaN
7231,F,0.9896053440487774,1.1021037140118572,false,0,NaN
7232,F,0.9896342427125854,1.0274010907795732,false,0,NaN
7233,F,0.9894831456114254,1.0253262176849982,false,0,NaN
7234,F,0.9895253710988818,1.0332217887786972,false,0,NaN
7235,F,0.9894709352467725,1.0297016747869288,false,0,NaN
7236,F,0.9894437172302021,1.0195577941047893,false,0,NaN
7237,F,0.9894233030841029,1.0215138387596276,false,0,NaN
7238,F,0.989417342375606,1.0103008706324226,false,0,NaN
7239,F,0.9894164796997886,0.9996790457971056,true,0,NaN
7240,F,0.9894169488751821,0.9997004208643223,true,0,NaN
7241,F,0.9894227631653805,1.000137314726527,false,0,NaN
7242,F,0.9894228015054628,1.0080875770922177,false,0,NaN
7243,F,0.9893369050632713,0.99495293408844,true,0,NaN
7244,F,0.9893913539248769,1.0007382601472303,false,0,NaN
7245,F,0.9893661728125916,0.9969136645515854,true,0,NaN
7246,F,0.98940237017707,0.9996182928531504,true,0,NaN
7247,F,0.9894134616017677,0.9999737917505516,true,0,NaN
7248,F,0.9894440230287549,1.0227246810270891,false,0,NaN
7249,F,0.9891982052884793,1.0068208888620507,false,0,NaN
7250,F,0.9894287423152613,1.020263297216356,false,0,NaN
7251,F,0.9894211019585145,1.000002150068917,false,0,NaN
7252,F,0.9894327230668428,1.0016336611318652,false,0,NaN
7253,F,0.9894068131855027,1.0006496612679703,false,0,NaN
7254,F,0.9894269125126787,1.0003774115408413,false,0,NaN
7255,F,0.9894240072355966,1.000163003470578,false,0,NaN
7256,F,0.9894225545970555,1.0000734107722042,false,0,NaN
7257,F,0.9894269631130487,1.00036157253273,false,0,NaN
7258,F,0.9894268809015666,1.0004156753348785,false,0,NaN
7259,F,0.9894240823603451,1.0001646972409106,false,0,NaN
7260,F,0.9894240426366274,1.0001957627809537,false,0,NaN
7261,F,0.9894226419839909,1.0000800975879949,false,0,NaN
7262,F,0.989422620441583,1.0000978199499646,false,0,NaN
7263,F,0.9894219217958091,1.0000391676627214,false,0,NaN
7264,F,0.9894219090408748,1.0000493079105748,false,0,NaN
7265,F,0.989421561701709,1.0000191316614313,false,0,NaN
7266,F,0.9894231992711028,1.00263134838171,false,0,NaN
7267,F,0.9893815005525455,1.0000623874636196,false,0,NaN
7268,F,0.9894216140873336,1.0000188445340994,false,0,NaN
7269,F,0.989423675444479,1.0000758466269226,false,0,NaN
7270,F,0.9894334093882019,1.000544407787649,false,0,NaN
7271,F,0.9894431815480191,1.0114689567193766,false,0,NaN
7272,F,0.9894285424163405,1.0002287856846825,false,0,NaN
7273,F,0.9894291397269616,1.0001187050600975,false,0,NaN
7274,F,0.9894401865984939,1.0024805734140565,false,0,NaN
7275,F,0.9894346631627278,1.002229786605422,false,0,NaN
7276,F,0.9894319014448446,1.002247101978027,false,0,NaN
7277,F,0.9894305205859031,1.0021961374427883,false,0,NaN
7278,F,0.9894403117713798,1.0024818930514119,false,0,NaN
7279,F,0.9894272779420261,1.0081416073873632,false,0,NaN
7280,F,0.9894343737363679,1.0021819630096775,false,0,NaN
7281,F,0.9894229146434321,1.0079538441420972,false,0,NaN
7282,F,0.9894314039108795,1.0021753104427655,false,0,NaN
7283,F,0.9894199797547496,1.0079212550986947,false,0,NaN
7284,F,0.9894299173783119,1.0021150113952315,false,0,NaN
7285,F,0.9894188098139095,1.0079500133750594,false,0,NaN
7286,F,0.9894291708411174,1.0021237524489193,false,0,NaN
7287,F,0.9894287907670922,1.002134832027968,false,0,NaN
7288,F,0.9894285844376143,1.0021434268905973,false,0,NaN
7289,F,0.9894289380451176,1.0000848166285803,false,0,NaN
7290,F,0.9894329554823855,1.0022924934954478,false,0,NaN
7291,F,0.9894290995412687,1.000081786866303,false,0,NaN
7292,F,0.9894290726314853,1.0020828833915192,false,0,NaN
7293,F,0.989429086086377,1.002122753143182,false,0,NaN
7294,F,0.9894290928138229,1.0002282526112616,false,0,NaN
7295,F,0.9894290961775457,1.0000782408527553,false,0,NaN
7296,F,0.9894283146717765,1.000009890959547,false,0,NaN
7297,F,0.9894696179537604,1.0127338186791217,false,0,NaN
7298,F,0.9894489663127685,1.0119199266278245,false,0,NaN
7299,F,0.9894386404922725,1.0104737706577094,false,0,NaN
7300,F,0.9894334775820245,1.0094814592808068,false,0,NaN
7301,F,0.9894305047854237,1.002677191437967,false,0,NaN
7302,F,0.9894228240680838,1.0191784613038584,false,0,NaN
7303,F,0.9894293845204261,1.0007628274472942,false,0,NaN
7304,F,0.9894271948043382,1.0215497771849438,false,0,NaN
7305,F,0.9894288243878981,0.999942538048758,true,0,NaN
7306,F,0.9894313499590393,1.0001126931725406,false,0,NaN
7307,F,0.9894289137151748,0.9999447799013361,true,0,NaN
7308,F,0.9894308625843812,0.9997662773455581,true,0,NaN
7309,F,0.9894393879013165,0.9996776135428145,true,0,NaN
7310,F,0.9999471969395066,NaN,false,-300,NaN
7311,F,0.9946935608200135,1.7433144315128353,false,0,NaN
7312,F,0.9946322909742268,1.6830868975239173,false,0,NaN
7313,F,0.99206665406275,1.238711031502815,false,0,NaN
7314,F,0.9920469595824855,1.1912008715678422,false,0,NaN
7315,F,0.9907531998233061,1.10918642142085,false,0,NaN
7316,F,0.9907441771557929,1.1002781711960212,false,0,NaN
7317,F,0.9900964709819501,1.0513015404891621,false,0,NaN
7318,F,0.9900922175749641,1.0537165553429504,false,0,NaN
7319,F,0.9897681031179251,1.02102624008416,false,0,NaN
7320,F,0.989766344158416,1.0226941925885826,false,0,NaN
7321,F,0.9896039122985864,1.0115358280950033,false,0,NaN
7322,F,0.9896029352746443,1.0113435662263015,false,0,NaN
7323,F,0.9894807209145514,1.0024923463850826,false,0,NaN
7324,F,0.9894804890026251,1.0029743482660023,false,0,NaN
7325,F,0.9894445789760142,0.9999863083072165,true,0,NaN
7326,F,0.9894630290737013,1.0225850086373216,false,0,NaN
7327,F,0.9894539309394433,1.0221906184045486,false,0,NaN
7328,F,0.989449380556739,1.0156524998459324,false,0,NaN
7329,F,0.9894471027275589,1.0027859270116946,false,0,NaN
7330,F,0.989445958483164,1.0020952829074385,false,0,NaN
7331,F,0.9894453752432272,1.0004748360796123,false,0,NaN
7332,F,0.9894450566409073,0.9999871294401199,true,0,NaN
7333,F,0.9894483607537635,1.0138088115167063,false,0,NaN
7334,F,0.9894467197652366,1.012881991599735,false,0,NaN
7335,F,0.9894458907484186,1.0104656040339788,false,0,NaN
7336,F,0.9894454715803471,1.0012029585780187,false,0,NaN
7337,F,0.9894452619576014,1.00002036112907,false,0,NaN
7338,F,0.9894451449146165,1.0056565121030028,false,0,NaN
7339,F,0.9894451570686831,0.9999896675404291,true,0,NaN
7340,F,0.9894453899666611,1.000002470627249,false,0,NaN
7341,F,0.989445364828846,0.9999996451244774,true,0,NaN
7342,F,0.9999472268241443,NaN,false,-300,NaN
7343,F,0.9946962947131067,2.979033095853654,false,0,NaN
7344,F,0.9920708286575878,1.4025502452810876,false,0,NaN
7345,F,0.988232699597773,1.9817832762836205,false,0,NaN
7346,F,0.990758095629828,1.1647978117027988,false,0,NaN
7347,F,0.9891868219531176,1.2966186789031862,false,0,NaN
7348,F,0.9901017291159473,1.080840382968486,false,0,NaN
7349,F,0.989330949240346,1.1095094232244223,false,0,NaN
7350,F,0.9897735458590056,1.0476478163170477,false,0,NaN
7351,F,0.9893192411809888,1.063917478045107,false,0,NaN
7352,F,0.9896094542305319,1.0227933411683012,false,0,NaN
7353,F,0.9893921250481482,1.049634306972359,false,0,NaN
7354,F,0.9894863855091572,1.0124134299865357,false,0,NaN
7355,F,0.9894504904652213,1.0109336652131824,false,0,NaN
7356,F,0.989445683089725,1.0079392477445288,false,0,NaN
7357,F,0.9894453724948781,0.9999994889016428,true,0,NaN
7358,F,0.9894481629066675,1.0014486243443361,false,0,NaN
7359,F,0.9894217905965511,0.9985665847084183,true,0,NaN
7360,F,0.9894453725803412,0.9999994889014524,true,0,NaN
7361,F,0.9895248981064497,1.022443876756113,false,0,NaN
7362,F,0.9894851353433954,1.0085976136100456,false,0,NaN
7363,F,0.9894652539618684,1.0092597640291285,false,0,NaN
7364,F,0.9894553132711047,1.0091990213086175,false,0,NaN
7365,F,0.989445398519819,1.0000002449659395,true,0,NaN
7366,F,0.9895243575251926,1.0220102383907514,false,0,NaN
7367,F,0.9894454042739298,1.0000002449163063,true,0,NaN
7368,F,0.9895143305179117,1.0127548094836736,false,0,NaN
7369,F,0.9894798673959208,1.0077328611656817,false,0,NaN
7370,F,0.9894626358349252,1.008820519315598,false,0,NaN
7371,F,0.9894540200544275,1.009278203355426,false,0,NaN
7372,F,0.9894454059203056,0.9999994501251998,true,0,NaN
7373,F,0.9894459531034369,1.0047735472615056,false,0,NaN
7374,F,0.9894456797043182,1.0008940937750044,false,0,NaN
7375,F,0.9894455429950454,1.0000453081594134,false,0,NaN
7376,F,0.9894448452930301,1.0026214775231865,false,0,NaN
7377,F,0.9894454746209698,1.000007229814071,false,0,NaN
7378,F,0.989445355770851,1.0000028406245605,false,0,NaN
7379,F,0.9894454403949566,1.0000015239114144,false,0,NaN
7380,F,0.989445408283706,0.9999995698761616,true,0,NaN
7381,F,0.9894455056013703,1.0000041311156416,false,0,NaN
7382,F,0.9894454668523022,1.0000035620074779,false,0,NaN
7383,F,0.9894454569425382,1.0000009133087615,true,0,NaN
7384,F,0.9895208937538591,1.0111745693155165,false,0,NaN
7385,F,0.9893526212059192,1.0097093517573756,false,0,NaN
7386,F,0.9894454574820181,1.0000009132965126,true,0,NaN
7387,F,0.9895903011874622,1.0265666582916668,false,0,NaN
7388,F,0.9891615603627105,1.0075000201146889,false,0,NaN
7389,F,0.9895178793347401,1.0107422625501798,false,0,NaN
7390,F,0.9894816684083791,1.0068097581891553,false,0,NaN
7391,F,0.9894635629451985,1.0087678700187739,false,0,NaN
7392,F,0.9894454439596525,0.9999996236010226,true,0,NaN
7393,F,0.9894456933534794,1.0000449480357405,false,0,NaN
7394,F,0.9894451658584155,1.015523738708465,false,0,NaN
7395,F,0.9894455761047495,1.0000097280278921,false,0,NaN
7396,F,0.9894454580219917,1.0002166775440027,false,0,NaN
7397,F,0.9894455168670837,1.0000027911853713,false,0,NaN
7398,F,0.9894454794211248,1.0000088319145921,false,0,NaN
7399,F,0.9894454861228996,1.0000014881983084,false,0,NaN
7400,F,0.989445463823415,1.0000027051797538,false,0,NaN
7401,F,0.9894454689681026,1.0000006088600921,true,0,NaN
7402,F,0.9894454953374124,1.0000024114017787,false,0,NaN
7403,F,0.9894454771227782,1.0000007652812861,true,0,NaN
7404,F,0.9894454718530343,0.999999751332372,true,0,NaN
7405,F,0.9896219379399664,1.0453091846266263,false,0,NaN
7406,F,0.9895337048965004,1.0294514439870786,false,0,NaN
7407,F,0.9894895883747674,1.0092604426738279,false,0,NaN
7408,F,0.9894675301139009,1.0108928493367044,false,0,NaN
7409,F,0.9896219379399664,1.0453091846266263,false,0,NaN
7410,F,0.9889646266907635,0.9964874284880699,true,0,NaN
7411,F,0.9895337047947318,1.0294515422334927,false,0,NaN
7412,F,0.9891064409940605,0.9843031373219497,true,0,NaN
7413,F,0.9894895882221056,1.0092612325043175,false,0,NaN
7414,F,0.9893552259923278,1.0026539639640595,false,0,NaN
7415,F,0.9894675299357747,1.0106133754992552,false,0,NaN
7416,F,0.9893135521376285,0.9996582020256493,true,0,NaN
7417,F,0.9894565007925736,1.009228479501918,false,0,NaN
7418,F,0.9893226137383845,1.0052119566557,false,0,NaN
7419,F,0.9894509862209019,1.0014228847327327,false,0,NaN
7420,F,0.9894303352097849,1.001130624454106,false,0,NaN
7421,F,0.9894482289349237,0.9999674758504841,true,0,NaN
7422,F,0.9895555865597317,1.0245087713089793,false,0,NaN
7423,F,0.9891642024980284,1.0052618562889324,false,0,NaN
7424,F,0.9894503093274291,1.001404251289776,false,0,NaN
7425,F,0.9894492691311764,1.001416612145559,false,0,NaN
7426,F,0.98944874903305,1.0014088022827579,false,0,NaN
7427,F,0.989450330580867,1.0014054398933203,false,0,NaN
7428,F,0.9894369887944519,1.004538514411778,false,0,NaN
7429,F,0.9894492905910757,1.001417504212394,false,0,NaN
7430,F,0.98943583390958,1.0046794494408395,false,0,NaN
7431,F,0.9894487705961427,1.0014094963022404,false,0,NaN
7432,F,0.9894353867911846,1.004636451366348,false,0,NaN
7433,F,0.9894485105986014,1.000033970367004,false,0,NaN
7434,F,0.9894478941044506,1.0000521708365682,false,0,NaN
7435,F,0.9894483805996812,0.9999680438017071,true,0,NaN
7436,F,0.9894706368685628,1.0212829899940077,false,0,NaN
7437,F,0.9894595102514443,1.0149306825403501,false,0,NaN
7438,F,0.9894539469405647,1.001977700908851,false,0,NaN
7439,F,0.9894275148704997,1.0273729366917501,false,0,NaN
7440,F,0.9894511652804843,1.0019395447092827,false,0,NaN
7441,F,0.9894497744411626,1.0020725824203822,false,0,NaN
7442,F,0.9894490790029379,1.000761383191407,false,0,NaN
7443,F,0.989448731246689,1.000014453456562,false,0,NaN
7444,F,0.9894481140503205,1.0101606395930172,false,0,NaN
7445,F,0.9894484701687446,0.9999703956866205,true,0,NaN
7446,F,0.9894640483014084,1.0087667709047656,false,0,NaN
7447,F,0.9894484706878816,0.9999703967433771,true,0,NaN
7448,F,0.9894614891025071,1.0089410370148402,false,0,NaN
7449,F,0.9894549798951943,1.0092093214212348,false,0,NaN
7450,F,0.9894517252915379,1.0014200907111448,false,0,NaN
7451,F,0.9894500979897097,1.0014228505521963,false,0,NaN
7452,F,0.9894484704063073,0.9999688569329569,true,0,NaN
7453,F,0.9895044588357377,1.0092182839924058,false,0,NaN
7454,F,0.9893539404170905,1.0004551962946846,false,0,NaN
7455,F,0.9894484779137611,0.9999688611920835,true,0,NaN
7456,F,0.9894701904195163,1.0087115611069533,false,0,NaN
7457,F,0.9893272983291943,1.0003874029905422,false,0,NaN
7458,F,0.9894593341666387,1.0090774511378444,false,0,NaN
7459,F,0.9894539060401999,1.0014420550620189,false,0,NaN
7460,F,0.9894511919769805,1.0014172335319995,false,0,NaN
7461,F,0.989448471180414,0.9999676734343069,true,0,NaN
7462,F,0.9894531220152119,1.0199836804700024,false,0,NaN
7463,F,0.9894507986268343,1.020096016087189,false,0,NaN
7464,F,0.9894496368751097,1.0202543832106579,false,0,NaN
7465,F,0.9894490558841258,1.0108384538742605,false,0,NaN
7466,F,0.9894487651579904,1.0027675993798504,false,0,NaN
7467,F,0.9894486193304058,1.0001334684226746,false,0,NaN
7468,F,0.989448545874006,0.9999870022600091,true,0,NaN
7469,F,0.9894506768599756,1.000102110073162,false,0,NaN
7470,F,0.9894506660570029,1.000120839167106,false,0,NaN
7471,F,0.9894496113669907,1.0000328256495554,false,0,NaN
7472,F,0.9894496070664242,1.000038567589999,false,0,NaN
7473,F,0.9894490786204984,1.0000026756656686,false,0,NaN
7474,F,0.9894492699443181,1.0000129459572538,false,0,NaN
7475,F,0.9894490640398921,0.999999857354018,true,0,NaN
7476,F,0.9999472453201994,NaN,false,-300,NaN
7477,F,0.9946981526907486,2.1991357118962873,false,0,NaN
7478,F,0.9836228186509792,6.681861083118587,false,0,NaN
7479,F,0.9920736063760222,1.2994481566318121,false,0,NaN
7480,F,0.989307870109301,1.4385037265943614,false,0,NaN
7481,F,0.990761333218657,1.1172218092112518,false,0,NaN
7482,F,0.9896786564116966,1.1065626203753283,false,0,NaN
7483,F,0.9901051966399707,1.0343245703225992,false,0,NaN
7484,F,0.9897881664262419,1.0420984104711941,false,0,NaN
7485,F,0.9897771283506198,1.0150208622448473,false,0,NaN
7486,F,0.9896383889765453,0.9991081406622784,true,0,NaN
7487,F,0.9896546424702141,0.9999972326481352,true,0,NaN
7488,F,0.989654766044791,0.9999971710283716,true,0,NaN
7489,F,0.9896559750554642,0.9999995311273443,true,0,NaN
7490,F,0.9896594446575321,0.9999995413647701,true,0,NaN
7491,F,0.9896695716361124,0.9999998035661954,true,0,NaN
7492,F,0.9896970100048348,0.9999607714867816,true,0,NaN
7493,F,0.9897641323946684,1.0134126978149636,false,0,NaN
7494,F,0.9897244774711802,1.025330970161662,false,0,NaN
7495,F,0.9897443049329243,1.0222576826338676,false,0,NaN
7496,F,0.9897542186637964,1.023147611424236,false,0,NaN
7497,F,0.9897591755292324,1.0139831127809362,false,0,NaN
7498,F,0.9899253821114812,1.0489688081460662,false,0,NaN
7499,F,0.9895266655120355,1.0703566493980046,false,0,NaN
7500,F,0.9897260238117583,1.06841499345356,false,0,NaN
7501,F,0.9898257029616198,1.055835940843069,false,0,NaN
7502,F,0.9898755425365505,1.0498401611815051,false,0,NaN
7503,F,0.9902109105755617,1.1656204937216046,false,0,NaN
7504,F,0.9890367614748393,1.1785158511175138,false,0,NaN
7505,F,0.9896238360252004,1.1505515349514859,false,0,NaN
7506,F,0.988963341005341,1.2619934170886293,false,0,NaN
7507,F,0.9892935885152707,1.214856967017481,false,0,NaN
7508,F,0.9894587122702356,1.2046799768433383,false,0,NaN
7509,F,0.989541274147718,1.1865954339797176,false,0,NaN
7510,F,0.9908932919676182,1.4825641246470216,false,0,NaN
7511,F,0.9870816392435032,1.5011046373371977,false,0,NaN
7512,F,0.9889874656055607,1.4104470643193048,false,0,NaN
7513,F,0.9831153155119435,1.260589195136717,false,0,NaN
7514,F,0.9771587602692436,1.048972744551536,false,0,NaN
7515,F,0.991686963526348,2.46995973548894,false,0,NaN
7516,F,0.9795680632206901,1.0792590881944801,false,0,NaN
7517,F,0.9998978403161034,NaN,false,-300,NaN
7518,F,0.9897329517683968,2.5544181168513544,false,0,NaN
7519,F,0.9846505074945434,1.4424396110091886,false,0,NaN
7520,F,0.9999232525374727,NaN,false,-300,NaN
7521,F,0.9922868800160081,3.1133081753740415,false,0,NaN
7522,F,0.9884686937552758,2.0971685639153863,false,0,NaN
7523,F,0.9865596006249095,1.7255261513116296,false,0,NaN
7524,F,0.9893670231898515,NaN,false,-300,NaN
7525,F,0.985535540670305,3.5561260738090463,false,0,NaN
7526,F,0.9851293664817897,1.685255003270076,false,0,NaN
7527,F,0.9848988882375282,1.4959896575521237,false,0,NaN
7528,F,0.9847769036047267,1.4509261488372602,false,0,NaN
7529,F,0.9887037042943935,3.0036212179959496,false,0,NaN
7530,F,0.9849216188127946,1.4309244815304276,false,0,NaN
7531,F,0.9845494686382298,1.4203353728438737,false,0,NaN
7532,F,0.9835547649368922,1.5036934707569642,false,0,NaN
7533,F,0.9840747717712508,1.422571401146456,false,0,NaN
7534,F,0.9843753269297287,1.453876070956482,false,0,NaN
7535,F,0.9844682404071765,1.4338016203936292,false,0,NaN
7536,F,0.9845088696204068,1.415318434533194,false,0,NaN
7537,F,0.9841732306301348,1.4061093764191681,false,0,NaN
7538,F,0.9686208014210823,1.3960099870156166,false,0,NaN
7539,F,0.9740695561161145,1.2991764375810937,false,0,NaN
7540,F,0.9998703477805806,NaN,false,-300,NaN
7541,F,0.9869699519483475,1.3508597303652037,false,0,NaN
7542,F,0.979078059716397,1.0254611795596102,false,0,NaN
7543,F,0.9782116290687108,0.978207043527962,true,0,NaN
7544,F,0.9782924359835342,0.9783417865879825,true,0,NaN
7545,F,0.9787599007580896,0.9847184826682455,true,0,NaN
7546,F,0.9817799159740904,1.0568589655684293,false,0,NaN
7547,F,0.9802699083660901,1.0069520513583556,false,0,NaN
7548,F,0.9795149045620898,0.9875853388859455,true,0,NaN
7549,F,0.9842299787113998,1.0953494616421957,false,0,NaN
7550,F,0.9818724416367448,1.0213963018101824,false,0,NaN
7551,F,0.9806936730994172,0.9981176802680828,true,0,NaN
7552,F,0.9827907931792457,1.0171524430420669,false,0,NaN
7553,F,0.9817422331393314,1.0059589301704692,false,0,NaN
7554,F,0.9812179531193743,1.0017033072041375,false,0,NaN
7555,F,0.9809558131093958,0.999860766228909,true,0,NaN
7556,F,0.9826287581671677,1.014940625985373,false,0,NaN
7557,F,0.9817922856382818,1.0063511837892185,false,0,NaN
7558,F,0.9813740493738388,1.002819480767658,false,0,NaN
7559,F,0.9811649312416173,1.0012953372364564,false,0,NaN
7560,F,0.9813224074144096,0.9905853147465082,true,0,NaN
7561,F,0.9833965052016891,1.0138821662811397,false,0,NaN
7562,F,0.9823594563080493,1.0026433678628104,false,0,NaN
7563,F,0.9818409318612294,0.9938785719358585,true,0,NaN
7564,F,0.9815816696378196,0.992102456393046,true,0,NaN
7565,F,0.9865470925571457,1.062416342973512,false,0,NaN
7566,F,0.9860405163972162,0.9931393069206432,true,0,NaN
7567,F,0.9999302025819861,NaN,false,-300,NaN
7568,F,0.9929853594896012,1.4577634525124723,false,0,NaN
7569,F,0.9895129379434087,1.116393586463206,false,0,NaN
7570,F,0.9877767271703125,1.0508122391811159,false,0,NaN
7571,F,0.9999302025819861,NaN,false,-300,NaN
7572,F,0.992986985852883,1.4585281150838822,false,0,NaN
7573,F,0.9929790594355701,1.488060453425035,false,0,NaN
7574,F,0.9895146167648944,1.116739787466702,false,0,NaN
7575,F,0.9895125135501832,1.1281680085389707,false,0,NaN
7576,F,0.987778419167039,1.0510613500723784,false,0,NaN
7577,F,0.9877774336403741,1.0504714788372267,false,0,NaN
7578,F,0.9869102942586715,1.0194576988336506,false,0,NaN
7579,F,0.9869098465097474,1.0195610529520913,false,0,NaN
7580,F,0.9864761795718615,1.0063858001182324,false,0,NaN
7581,F,0.9864759541668771,1.0065059221893395,false,0,NaN
7582,F,0.9862590176530774,1.000339284630201,false,0,NaN
7583,F,0.9862588950751568,1.0003385453720204,false,0,NaN
7584,F,0.9860954608052417,0.9946707666396026,true,0,NaN
7585,F,0.9964355147215809,3.410628754263372,false,0,NaN
7586,F,0.9864272733802594,0.9889484896214332,true,0,NaN
7587,F,0.997547335353602,20.999739366841027,false,0,NaN
7588,F,0.9919873043669306,2.430957116953969,false,0,NaN
7589,F,0.989207288873595,1.449441146305079,false,0,NaN
7590,F,0.9878172811269272,1.1711789764945335,false,0,NaN
7591,F,0.9869833067715273,1.056639510397603,false,0,NaN
7592,F,0.986885609827148,1.0496684211115062,false,0,NaN
7593,F,0.9867054055898925,1.0503922735644446,false,0,NaN
7594,F,0.9866165861820418,1.0173931695852574,false,0,NaN
7595,F,0.9865664549009575,1.019717371440772,false,0,NaN
7596,F,0.9865219770450656,1.0175137410281554,false,0,NaN
7597,F,0.9864969793602534,1.0039756243750664,false,0,NaN
7598,F,0.986475257825932,0.9996083371337394,true,0,NaN
7599,F,0.9867474113458063,1.0215409117187146,false,0,NaN
7600,F,0.9867174314746688,1.0229183563988657,false,0,NaN
7601,F,0.9866113620110815,1.0037414720639073,false,0,NaN
7602,F,0.9866057123848494,1.016912685763035,false,0,NaN
7603,F,0.9865433368226487,1.0020936297371539,false,0,NaN
7604,F,0.986539939649644,1.0159871176176938,false,0,NaN
7605,F,0.9865093231862216,1.0001395681784284,false,0,NaN
7606,F,0.9865085970408725,1.0000616835082086,false,0,NaN
7607,F,0.9864923142830277,0.9998498453187767,true,0,NaN
7608,F,0.9866103740992196,1.0069945635947364,false,0,NaN
7609,F,0.9865940721475472,1.020024305261412,false,0,NaN
7610,F,0.9865513550263222,1.0016359409692142,false,0,NaN
7611,F,0.9865472797298991,1.0050199392832244,false,0,NaN
7612,F,0.9865218346546749,1.0012695388963508,false,0,NaN
7613,F,0.9865185953700497,1.0002242909683847,false,0,NaN
7614,F,0.9865070744688513,0.9998525848350421,true,0,NaN
7615,F,0.9865122072977685,1.0000018657801926,false,0,NaN
7616,F,0.9865134397740669,1.00000149032851,false,0,NaN
7617,F,0.9865163763582192,1.0000121475828092,false,0,NaN
7618,F,0.9865189552704635,1.0012940795065026,false,0,NaN
7619,F,0.9865149080661431,1.0000011584133528,false,0,NaN
7620,F,0.9865221575405344,1.0013059332597463,false,0,NaN
7621,F,0.9864874439947622,1.0000081269382486,false,0,NaN
7622,F,0.9865185328033387,1.001300275039732,false,0,NaN
7623,F,0.9865167204347409,1.0000325361487157,false,0,NaN
7624,F,0.986515814250442,1.0000019197228451,false,0,NaN
7625,F,0.9865222003978662,1.0013059717738517,false,0,NaN
7626,F,0.9865188229351654,1.000128284713281,false,0,NaN
7627,F,0.9866253950865316,1.01673018157898,false,0,NaN
7628,F,0.986582137523152,1.0154036419742138,false,0,NaN
7629,F,0.98668654082091,1.0170079954830629,false,0,NaN
7630,F,0.9866425649724843,1.0245682406477035,false,0,NaN
7631,F,0.9866388555580655,1.0167844553132117,false,0,NaN
7632,F,0.9865954576940468,1.015562283938631,false,0,NaN
7633,F,0.986578236436445,1.0065244725523086,false,0,NaN
7634,F,0.9865613663155106,1.0198131402681607,false,0,NaN
7635,F,0.9865467279993128,1.001379360057581,false,0,NaN
7636,F,0.9865431608460462,1.0051443159520521,false,0,NaN
7637,F,0.986530832361104,1.00136595348215,false,0,NaN
7638,F,0.9865272998713384,1.0051392523361513,false,0,NaN
7639,F,0.9865188868888025,1.0013031846875546,false,0,NaN
7640,F,0.9865154019898934,0.9999998882040003,true,0,NaN
7641,F,0.9865174325541038,1.0000116057497976,false,0,NaN
7642,F,0.9865190265762471,1.000090264465964,false,0,NaN
7643,F,0.9865154039177074,0.9999998880170374,true,0,NaN
7644,F,0.9865202566727351,1.0000034970617782,false,0,NaN
7645,F,0.9865249248892443,1.0000007552826724,true,0,NaN
7646,F,0.9865382438359239,1.0000623852741448,false,0,NaN
7647,F,0.986531584362584,1.0000261178666934,false,0,NaN
7648,F,0.9865282546259142,1.000011035105488,false,0,NaN
7649,F,0.9865265897575792,1.0000044774017254,false,0,NaN
7650,F,0.986538265008987,1.0000625169808366,false,0,NaN
7651,F,0.9865381491739817,1.0000246163053323,false,0,NaN
7652,F,0.9865354379221922,1.0000941290231895,false,0,NaN
7653,F,0.9865352637955328,1.0000164193950547,false,0,NaN
7654,F,0.9865340168302774,1.0000969371539132,false,0,NaN
7655,F,0.9865338375238132,1.0000168823156996,false,0,NaN
7656,F,0.9865332904415994,1.0000977662306973,false,0,NaN
7657,F,0.9865331096053969,1.0000176544608927,false,0,NaN
7658,F,0.9865328874752181,1.0000981793817052,false,0,NaN
7659,F,0.9865327058766469,1.0000183359882873,false,0,NaN
7660,F,0.9865306703202957,1.0000839305076001,false,0,NaN
7661,F,0.9865305149940028,1.00000838888388,false,0,NaN
7662,F,0.9865277966144674,1.0000474668514099,false,0,NaN
7663,F,0.9865277085213306,0.9999998004262373,true,0,NaN
7664,F,0.9865315480127348,1.0000001961741214,true,0,NaN
7665,F,0.9865317176191947,0.9999997601401487,true,0,NaN
7666,F,0.9865321376377417,0.9999996913174023,true,0,NaN
7667,F,0.9865331892083552,0.9999998277695588,true,0,NaN
7668,F,0.9865356477884257,1.0002415931001696,false,0,NaN
7669,F,0.9865344184983904,1.0000051664241496,false,0,NaN
7670,F,0.9865338038533729,1.000000311290485,true,0,NaN
7671,F,0.986533496530864,0.9999998978730735,true,0,NaN
7672,F,0.986539002624929,1.0000115604728435,false,0,NaN
7673,F,0.9865440090062769,1.0000555024882987,false,0,NaN
7674,F,0.9865362495778965,1.000001055804481,false,0,NaN
7675,F,0.9865348730543803,1.0000000730360634,true,0,NaN
7676,F,0.9865482011304022,1.0000618703032293,false,0,NaN
7677,F,0.9865593450128916,1.0000101539671555,false,0,NaN
7678,F,0.9865415370923912,1.0000030310594759,false,0,NaN
7679,F,0.9865382050733857,1.00000028344525,true,0,NaN
7680,F,0.9865704042538833,1.0000192321857424,false,0,NaN
7681,F,0.9866013837857399,1.0000586757212944,false,0,NaN
7682,F,0.9865543046636346,1.0000048870485883,false,0,NaN
7683,F,0.9866269234383425,1.0001580222426645,false,0,NaN
7684,F,0.9866883013451032,1.0002523134736137,false,0,NaN
7685,F,0.9865906140509885,1.0000357664001938,false,0,NaN
7686,F,0.9865724593573115,1.000010216892825,false,0,NaN
7687,F,0.9867265983122468,1.010760730386254,false,0,NaN
7688,F,0.9865198541135372,1.0096334612910438,false,0,NaN
7689,F,0.9866495288347792,1.0001154378134727,false,0,NaN
7690,F,0.9866109940960454,1.000035235828398,false,0,NaN
7691,F,0.9865917267266785,1.0000158169731757,false,0,NaN
7692,F,0.9948026906795443,4.055178073045642,false,0,NaN
7693,F,0.9906972087031114,1.655653835607927,false,0,NaN
7694,F,0.988644467714895,1.2659877416424132,false,0,NaN
7695,F,0.9876180972207868,1.1128205431549874,false,0,NaN
7696,F,0.9866397689451396,1.0001537934733729,false,0,NaN
7697,F,0.9866392262879162,1.0084542620939376,false,0,NaN
7698,F,0.986615797556452,1.0001258960367907,false,0,NaN
7699,F,0.9866153531335347,1.000001754410469,false,0,NaN
7700,F,0.9934081839175928,2.8578348834864875,false,0,NaN
7701,F,0.9868240042184253,1.0090416314328088,false,0,NaN
7702,F,0.98671967867598,1.008855235004698,false,0,NaN
7703,F,0.9866675159047573,1.0089440605811735,false,0,NaN
7704,F,0.9868289717793729,1.009128448511309,false,0,NaN
7705,F,0.9868190406116965,1.0003918446614994,false,0,NaN
7706,F,0.9867246567300442,1.0089355285120123,false,0,NaN
7707,F,0.9867149354391928,1.0002345636055603,false,0,NaN
7708,F,0.986672394799096,1.008975842280802,false,0,NaN
7709,F,0.9866626296506877,0.9912194161080515,true,0,NaN
7710,F,0.9934328785221248,2.9497483526000527,false,0,NaN
7711,F,0.9869306358148973,1.0082319368808719,false,0,NaN
7712,F,0.9867966327327925,1.0004906721821045,false,0,NaN
7713,F,0.9867296311917401,1.0002949092692504,false,0,NaN
7714,F,0.9869314495465409,1.008236267269079,false,0,NaN
7715,F,0.9868843196660091,1.0148123497371813,false,0,NaN
7716,F,0.9867974629295572,1.000493715898907,false,0,NaN
7717,F,0.9867717329207607,1.0011525222016515,false,0,NaN
7718,F,0.9867304691545192,1.0002979143562398,false,0,NaN
7719,F,0.9867050504958405,1.0010950088612545,false,0,NaN
7720,F,0.9866969713338515,0.9914098498463247,true,0,NaN
7721,F,0.9929168136355321,2.1149817129195627,false,0,NaN
7722,F,0.986944907883111,1.0002254217630484,false,0,NaN
7723,F,0.9868209396084812,0.9919870065973914,true,0,NaN
7724,F,0.9916292121926058,1.8680124951223667,false,0,NaN
7725,F,0.9892250759005435,1.3994164321153426,false,0,NaN
7726,F,0.9880230077545124,1.185190672967165,false,0,NaN
7727,F,0.9874219736814968,1.057278296897609,false,0,NaN
7728,F,0.9869997399535672,1.0040113635725842,false,0,NaN
7729,F,0.9869548844409993,1.0250109148696658,false,0,NaN
7730,F,0.9869104492023052,0.9993731292043991,true,0,NaN
7731,F,0.9911842836161174,1.8024664098089616,false,0,NaN
7732,F,0.9874705333302584,1.074525363566335,false,0,NaN
7733,F,0.9871904912662818,1.0458914640098245,false,0,NaN
7734,F,0.9870504702342935,1.016179070374949,false,0,NaN
7735,F,0.9874712899312716,1.0745360539396247,false,0,NaN
7736,F,0.9871690009873062,1.1656273089703852,false,0,NaN
7737,F,0.9871913033077676,1.0458975670018331,false,0,NaN
7738,F,0.9870041529546665,1.0755926196497416,false,0,NaN
7739,F,0.9870513098899246,1.0161797077541381,false,0,NaN
7740,F,0.9869837261304912,1.0185261810183817,false,0,NaN
7741,F,0.9869813129688196,1.003810314887883,false,0,NaN
7742,F,0.986963489231588,1.00803276334036,false,0,NaN
7743,F,0.9869463140838889,0.9993402738388312,true,0,NaN
7744,F,0.9873122729024129,1.0280178369246058,false,0,NaN
7745,F,0.9866498926727292,1.0017265403500368,false,0,NaN
7746,F,0.9869735247311189,0.9995470897262838,true,0,NaN
7747,F,0.9870231395102292,1.0082426077941307,false,0,NaN
7748,F,0.9868002508736436,0.9999890206845564,true,0,NaN
7749,F,0.986998332120674,1.0079906353489,false,0,NaN
7750,F,0.9869859284258965,1.0078554355485356,false,0,NaN
7751,F,0.9869797265785076,0.9996009934941325,true,0,NaN
7752,F,0.9870716315316443,1.0083550693556957,false,0,NaN
7753,F,0.9868834367338457,1.0040238007580535,false,0,NaN
7754,F,0.987025679055076,1.0080628228874344,false,0,NaN
7755,F,0.9870027028167918,1.0079279223534043,false,0,NaN
7756,F,0.9869912146976497,1.0078675294916888,false,0,NaN
7757,F,0.9870028864715686,1.0079285718372892,false,0,NaN
7758,F,0.9869672536175047,1.0140145948190815,false,0,NaN
7759,F,0.9869913064760201,1.0078675742299779,false,0,NaN
7760,F,0.986955733701686,1.0138838897894136,false,0,NaN
7761,F,0.9869855164782457,1.0078271953416047,false,0,NaN
7762,F,0.986950016500952,1.0138286820809,false,0,NaN
7763,F,0.9869826214793583,0.9996148785261861,true,0,NaN
7764,F,0.9871293105230148,1.000585131254168,false,0,NaN
7765,F,0.9872073646261378,1.005251614907844,false,0,NaN
7766,F,0.9870133279749328,0.999721646889321,true,0,NaN
7767,F,0.991868145233411,NaN,false,-300,NaN
7768,F,0.9894407368368358,1.3154030522826883,false,0,NaN
7769,F,0.9877548799909849,NaN,false,-300,NaN
7770,F,0.9882270326382808,1.083651526279809,false,0,NaN
7771,F,0.9877788156813239,1.5046269027610863,false,0,NaN
7772,F,0.9876201805384689,1.037732223867564,false,0,NaN
7773,F,0.9874171898372682,1.0708336302784425,false,0,NaN
7774,F,0.987316754487494,1.0155237968264963,false,0,NaN
7775,F,0.9872323650958991,1.0241345849111987,false,0,NaN
7776,F,0.9871650414598686,1.0130375228546487,false,0,NaN
7777,F,0.9870939296996447,1.018504727489419,false,0,NaN
7778,F,0.98708918494178,1.0081994292166176,false,0,NaN
7779,F,0.9870439104115845,1.0064055299110213,false,0,NaN
7780,F,0.9870322925232824,1.0079404759376496,false,0,NaN
7781,F,0.9870156986396404,0.9997508118601071,true,0,NaN
7782,F,0.9870339204258044,1.0003339115763765,false,0,NaN
7783,F,0.9870338983098652,1.0003593251790694,false,0,NaN
7784,F,0.9870248095327224,1.0000264623331214,false,0,NaN
7785,F,0.9870247990777883,1.000038428908254,false,0,NaN
7786,F,0.9870202540861814,0.9998732007615726,true,0,NaN
7787,F,0.9870242677638417,0.9999994213844083,true,0,NaN
7788,F,0.9870259685462945,1.0000013323312065,false,0,NaN
7789,F,0.9870275633328803,1.000083779226193,false,0,NaN
7790,F,0.9870251181550681,0.9999997511292015,true,0,NaN
7791,F,0.9870291456457115,1.0000062632793605,false,0,NaN
7792,F,0.9870328853785247,0.9999999600405766,true,0,NaN
7793,F,0.9896097167398511,1.4301261744835452,false,0,NaN
7794,F,0.9883213010591879,1.205424782515038,false,0,NaN
7795,F,0.9876770932188563,1.0927894292932225,false,0,NaN
7796,F,0.9873549892986906,1.0571983736616737,false,0,NaN
7797,F,0.9896097167398511,1.4301261744835485,false,0,NaN
7798,F,0.9895941992377973,1.3571122040682215,false,0,NaN
7799,F,0.988322604398049,1.2055335829201415,false,0,NaN
7800,F,0.9883151894333875,1.1785412402129694,false,0,NaN
7801,F,0.9876790471677138,1.0929109446316945,false,0,NaN
7802,F,0.9876756952450771,1.0657213675697053,false,0,NaN
7803,F,0.9873572664336477,1.0497253173930687,false,0,NaN
7804,F,0.9873554725016652,1.0449532078370105,false,0,NaN
7805,F,0.9871963718285733,1.0162854983077807,false,0,NaN
7806,F,0.9871957842916149,1.016977298117235,false,0,NaN
7807,F,0.9871159160479994,1.0167505085978368,false,0,NaN
7808,F,0.9871153117350459,1.017533779585296,false,0,NaN
7809,F,0.9870756711859868,1.0043265697853125,false,0,NaN
7810,F,0.9870755150865226,1.0044989283859238,false,0,NaN
7811,F,0.9870453672700842,1.000102493728934,false,0,NaN
7812,F,0.9870453635609276,1.0001058812276262,false,0,NaN
7813,F,0.9870350153812034,1.0000437733479397,false,0,NaN
7814,F,0.9870350137904782,1.0000432512564943,false,0,NaN
7815,F,0.9870330184939066,1.0000000440581145,true,0,NaN
7816,F,0.9870330184807856,0.9999997395724701,true,0,NaN
7817,F,0.9896044141484283,1.4155862289852403,false,0,NaN
7818,F,0.987033174438644,0.9999997396638323,true,0,NaN
7819,F,0.987033706829548,1.000004875519228,false,0,NaN
7820,F,0.9870337065584615,1.000002782650236,false,0,NaN
7821,F,0.9870334406325408,1.0000011445244028,false,0,NaN
7822,F,0.9870334405561398,1.0000001872889166,true,0,NaN
7823,F,0.9870333075340292,1.0000000741340698,true,0,NaN
7824,F,0.9870333075134818,0.9999997534110449,true,0,NaN
7825,F,0.9870335735930227,1.000001518324104,false,0,NaN
7826,F,0.9870335734459015,1.0000004586143842,true,0,NaN
7827,F,0.9870334405502914,1.0000001832943148,true,0,NaN
7828,F,0.9870334405100337,0.9999997969561508,true,0,NaN
7829,F,0.9870335734067381,1.000000342605905,true,0,NaN
7830,F,0.9870335733144386,0.9999998799351023,true,0,NaN
7831,F,0.9870339230661861,1.0000033079470945,false,0,NaN
7832,F,0.9870341280621161,1.0000118234639181,false,0,NaN
7833,F,0.9870335733145825,0.9999998799264214,true,0,NaN
7834,F,0.9870352671855368,1.0000493347656851,false,0,NaN
7835,F,0.9870352375437549,1.0000534638128165,false,0,NaN
7836,F,0.9870344202500596,1.0000194332386838,false,0,NaN
7837,F,0.9870339967823211,1.0000058159314231,false,0,NaN
7838,F,0.9870337850484519,1.000000847710418,true,0,NaN
7839,F,0.9870354294097279,1.0000535353190876,false,0,NaN
7840,F,0.9870354134023127,1.0000570703026344,false,0,NaN
7841,F,0.9870345013621552,1.0000218934917862,false,0,NaN
7842,F,0.9870344947946834,1.0000227550559366,false,0,NaN
7843,F,0.9870340373383689,1.0000076828596756,false,0,NaN
7844,F,0.9870340350104613,1.000006878217818,false,0,NaN
7845,F,0.9870338053264757,1.0000022906138382,false,0,NaN
7846,F,0.9870338046072773,1.0000013741835658,false,0,NaN
7847,F,0.9870336893205292,1.0000005573268305,true,0,NaN
7848,F,0.9870336891184351,1.0000001240153866,true,0,NaN
7849,F,0.9870336313175558,1.0000000600041439,true,0,NaN
7850,F,0.9870336312638318,0.9999999145422122,true,0,NaN
7851,F,0.9870346225470602,1.0000169223615347,false,0,NaN
7852,F,0.9870392276930458,1.0002619840801525,false,0,NaN
7853,F,0.9870336312749156,0.9999999145395209,true,0,NaN
7854,F,0.9946359697303928,4.067815993592586,false,0,NaN
7855,F,0.9908348005026543,1.8236813205539135,false,0,NaN
7856,F,0.9889342158887849,1.3666730936990974,false,0,NaN
7857,F,0.9879839235818503,1.1829394458578222,false,0,NaN
7858,F,0.9870340164854642,1.0000022897376866,false,0,NaN
7859,F,0.9870340153827192,1.0000014837268623,false,0,NaN
7860,F,0.9870339132501773,1.00000228994157,false,0,NaN
7861,F,0.9870339121473389,1.0000014839538895,false,0,NaN
7862,F,0.9870338337429416,1.0000021269710286,false,0,NaN
7863,F,0.9870338327157671,1.0000013384487216,false,0,NaN
7864,F,0.9870337325089287,1.0000005408843287,true,0,NaN
7865,F,0.987033732218133,1.0000001519190804,true,0,NaN
7866,F,0.9870336818919221,1.0000000817410954,true,0,NaN
7867,F,0.9870336818142947,0.999999948544736,true,0,NaN
7868,F,0.9946397841033872,4.068329576072987,false,0,NaN
7869,F,0.987033747992764,0.9999999485508829,true,0,NaN
7870,F,0.9936611366370308,2.960535436790517,false,0,NaN
7871,F,0.9903474423148975,1.67609335288624,false,0,NaN
7872,F,0.9886905951538307,1.3346853932743388,false,0,NaN
7873,F,0.9878621715732974,1.172743701459338,false,0,NaN
7874,F,0.9870339704176414,1.0000007772474098,true,0,NaN
7875,F,0.9870339698027739,1.0000003306433056,true,0,NaN
7876,F,0.9870339095487594,1.0000007772439727,true,0,NaN
7877,F,0.9870339089338954,1.0000003306439469,true,0,NaN
7878,F,0.9870338765695321,1.0000007772465929,true,0,NaN
7879,F,0.9870338759546669,1.0000003306465124,true,0,NaN
7880,F,0.9870338361740868,1.0000005188311811,true,0,NaN
7881,F,0.9870338357509559,1.0000001716539875,true,0,NaN
7882,F,0.9870337920834227,1.0000001014542055,true,0,NaN
7883,F,0.9870337919699689,0.9999999808638691,true,0,NaN
7884,F,0.9936659603124275,2.960400014897339,false,0,NaN
7885,F,0.892754510562931,NaN,false,-300,NaN
7886,F,0.9870338095023944,0.9999999808638532,true,0,NaN
7887,F,0.9936659431082664,2.960392855438936,false,0,NaN
7888,F,0.8927547683225094,NaN,false,-300,NaN
7889,F,0.9903498763053303,1.6761655550111814,false,0,NaN
7890,F,0.9886918429038624,1.3344057634754505,false,0,NaN
7891,F,0.9878628262031284,1.1727352659996266,false,0,NaN
7892,F,0.9870339312978816,1.0000006125454348,true,0,NaN
7893,F,0.9870339305374507,1.0000002500274292,true,0,NaN
7894,F,0.9870339133966224,1.000000612548285,true,0,NaN
7895,F,0.9870339126361886,1.0000002500295322,true,0,NaN
7896,F,0.9870339037954483,1.0000006125501981,true,0,NaN
7897,F,0.9870339030350125,1.0000002500308287,true,0,NaN
7898,F,0.9870338860787303,1.0000004759531156,true,0,NaN
7899,F,0.9870338854827327,1.0000001704914756,true,0,NaN
7900,F,0.9870338477905621,1.0000001140627384,true,0,NaN
7901,F,0.9870338476302144,1.0000000085986833,true,0,NaN
7902,F,0.9870338286464779,1.0000000154476694,true,0,NaN
7903,F,0.9870338286048449,0.9999999846002607,true,0,NaN
7904,F,0.9936685136481939,2.961639254746484,false,0,NaN
7905,F,0.8926540917996939,NaN,false,-300,NaN
7906,F,0.9870338307991519,0.9999999846002077,true,0,NaN
7907,F,0.9936685114923983,2.9616388067118047,false,0,NaN
7908,F,0.892654100990576,NaN,false,-300,NaN
7909,F,0.9903511711457751,1.6761666101116106,false,0,NaN
7910,F,0.9886925009724635,1.3342397218163047,false,0,NaN
7911,F,0.9878631658858077,1.172732474968077,false,0,NaN
7912,F,0.9870339069727858,1.0000004769885873,true,0,NaN
7913,F,0.9870339062214551,1.0000001707421635,true,0,NaN
7914,F,0.9870338688831332,1.00000011531278,true,0,NaN
7915,F,0.9870338686795234,1.0000000090880192,true,0,NaN
7916,F,0.9870338498383007,1.000000016057199,true,0,NaN
7917,F,0.9870338497850033,0.9999999847225565,true,0,NaN
7918,F,0.9936698125667639,2.9620630225302835,false,0,NaN
7919,F,0.892613925785147,NaN,false,-300,NaN
7920,F,0.9870338519808243,0.9999999847225023,true,0,NaN
7921,F,0.9936698104101837,2.962062675674735,false,0,NaN
7922,F,0.8926139297199333,NaN,false,-300,NaN
7923,F,0.990351831195504,1.6761677493018474,false,0,NaN
7924,F,0.9886928415881642,1.3340759297388574,false,0,NaN
7925,F,0.9878633467844942,1.172738568735035,false,0,NaN
7926,F,0.9870339276478922,1.0000004659344208,true,0,NaN
7927,F,0.9870339267222061,1.0000001601198845,true,0,NaN
7928,F,0.9870338898106678,1.0000001128473732,true,0,NaN
7929,F,0.9870338895587957,1.0000000078152005,true,0,NaN
7930,F,0.9870338708920473,1.0000000154908792,true,0,NaN
7931,F,0.9870338708259656,0.9999999845716577,true,0,NaN
7932,F,0.9936704862462709,2.962037251851503,false,0,NaN
7933,F,0.8926058842962004,NaN,false,-300,NaN
7934,F,0.9870338730227023,0.9999999845716069,true,0,NaN
7935,F,0.993670484091296,2.9620369046365904,false,0,NaN
7936,F,0.8926058881987299,NaN,false,-300,NaN
7937,F,0.9903521785569992,1.6761688215345654,false,0,NaN
7938,F,0.9886930257898507,1.3339072339147409,false,0,NaN
7939,F,0.9878634494062765,1.1727426404778447,false,0,NaN
7940,F,0.9870339480734738,1.0000004303760068,true,0,NaN
7941,F,0.9870339470015616,1.000000132433252,true,0,NaN
7942,F,0.9870339105436572,1.0000001033941666,true,0,NaN
7943,F,0.9870339102514688,1.0000000038055297,true,0,NaN
7944,F,0.9870338917787395,1.000000013036074,true,0,NaN
7945,F,0.9870338917020199,0.999999984031847,true,0,NaN
7946,F,0.993670813640268,2.9620248460129055,false,0,NaN
7947,F,0.8926021581275171,NaN,false,-300,NaN
7948,F,0.9870338938993616,0.999999984031798,true,0,NaN
7949,F,0.9936708114852973,2.962024498590175,false,0,NaN
7950,F,0.8926021620066426,NaN,false,-300,NaN
7951,F,0.9903523526923295,1.6761700361393044,false,0,NaN
7952,F,0.9886931232958455,1.3337508072506807,false,0,NaN
7953,F,0.9878635085976035,1.1727411305718956,false,0,NaN
7954,F,0.9870339682588466,1.0000003693842985,true,0,NaN
7955,F,0.9870339671263748,1.0000000921160535,true,0,NaN
7956,F,0.9870339310744778,1.000000086606831,true,0,NaN
7957,F,0.9870339307662535,0.9999999976893984,true,0,NaN
7958,F,0.9936709798920852,2.962013628682333,false,0,NaN
7959,F,0.892600612677211,NaN,false,-300,NaN
7960,F,0.9870339312717026,0.9999999976893873,true,0,NaN
7961,F,0.9936709793959697,2.9620135487486685,false,0,NaN
7962,F,0.892600613569755,NaN,false,-300,NaN
7963,F,0.9903524553338361,1.6761720255334978,false,0,NaN
7964,F,0.9886931933027694,1.3334599870334776,false,0,NaN
7965,F,0.9878635622872359,1.1727347763544331,false,0,NaN
7966,F,0.9870340772486876,1.00000077727783,true,0,NaN
7967,F,0.9870340741580859,1.0000002025719823,true,0,NaN
7968,F,0.9870340042601952,1.0000002198318412,true,0,NaN
7969,F,0.9870340033795332,1.0000000327794758,true,0,NaN
7970,F,0.9870339677659489,1.0000000572178847,true,0,NaN
7971,F,0.9870339675299539,1.0000000028414222,true,0,NaN
7972,F,0.9936713723162987,2.961861843691667,false,0,NaN
7973,F,0.89258640944951,NaN,false,-300,NaN
7974,F,0.9870339680355179,1.0000000028414067,true,0,NaN
7975,F,0.9936713718205994,2.9618617639259965,false,0,NaN
7976,F,0.8925864103274331,NaN,false,-300,NaN
7977,F,0.9903526699280586,1.676160127569982,false,0,NaN
7978,F,0.9886933189817882,1.3333138949993342,false,0,NaN
7979,F,0.9878636435086531,1.1727331921578221,false,0,NaN
7980,F,0.9870341122067962,1.0000003665684543,true,0,NaN
7981,F,0.9870341105002894,1.0000000440336763,true,0,NaN
7982,F,0.9936722912425334,2.9616107967418057,false,0,NaN
7983,F,0.8925458626416379,NaN,false,-300,NaN
7984,F,0.987034111511773,1.000000044033642,true,0,NaN
7985,F,0.993672290252416,2.9616106368501898,false,0,NaN
7986,F,0.8925458644053403,NaN,false,-300,NaN
7987,F,0.9903532008820946,1.67613638046633,false,0,NaN
7988,F,0.9886936561969337,1.3330623839528741,false,0,NaN
7989,F,0.9878638838543534,1.1727315572875892,false,0,NaN
7990,F,0.9870343956910772,1.0000002316106813,true,0,NaN
7991,F,0.9870343944477094,1.0000000097269117,true,0,NaN
7992,F,0.9938406352429033,3.4122506934101575,false,0,NaN
7993,F,0.8609041357428361,NaN,false,-300,NaN
7994,F,0.987034408988448,1.00000000972677,true,0,NaN
7995,F,0.993840619577061,3.4122482921168884,false,0,NaN
7996,F,0.8609042067317455,NaN,false,-300,NaN
7997,F,0.9904375142827545,1.6716730164077107,false,0,NaN
7998,F,0.9887359616356013,1.3563943940225989,false,0,NaN
7999,F,0.9878851853120246,1.1722662433058586,false,0,NaN
8000,F,0.9870383675715946,1.0000045522715153,false,0,NaN
8001,F,0.9870383418624623,1.0000001910282674,true,0,NaN
8002,F,0.9938525998798652,3.390997342538287,false,0,NaN
8003,F,0.8604789703744955,NaN,false,-300,NaN
8004,F,0.9870385598227001,1.0000001910802823,true,0,NaN
8005,F,0.9938444318520377,3.3809468435264582,false,0,NaN
8006,F,0.8586208823163135,NaN,false,-300,NaN
8007,F,0.9904414958373688,1.677398708592161,false,0,NaN
8008,F,0.9887400278300345,1.3528360150573875,false,0,NaN
8009,F,0.9878892938263673,1.172084166802017,false,0,NaN
8010,F,0.9870395028136435,1.0000013325336465,false,0,NaN
8011,F,0.9870394971825923,1.0000004565174858,true,0,NaN
8012,F,0.9870948833334544,1.0093458197574479,false,0,NaN
8013,F,0.9870486812828451,1.0001734173276504,false,0,NaN
8014,F,0.9870672128252496,1.0092400223720515,false,0,NaN
8015,F,0.9870533773882362,1.0091754154460268,false,0,NaN
8016,F,0.9870464572260553,1.008897750947391,false,0,NaN
8017,F,0.9870429894514386,1.0000465291193545,false,0,NaN
8018,F,0.9870427594183523,1.0000012200483406,false,0,NaN
8019,F,0.987050494036528,1.000244869112325,false,0,NaN
8020,F,0.9870504738554451,1.0002574639999198,false,0,NaN
8021,F,0.9870466266767012,1.0001136591828717,false,0,NaN
8022,F,0.9870466173092863,1.0001194784380942,false,0,NaN
8023,F,0.98704469299642,1.0000486034720204,false,0,NaN
8024,F,0.9870446889905723,1.000050601922763,false,0,NaN
8025,F,0.9870437261555436,1.000018345829889,false,0,NaN
8026,F,0.9870437246433799,1.0000173283474232,false,0,NaN
8027,F,0.9870432427336339,1.0000062196590376,false,0,NaN
8028,F,0.9870432422208488,1.0000043858336094,false,0,NaN
8029,F,0.9870430010197361,1.000002033279343,false,0,NaN
8030,F,0.9870430008519715,1.0000009170637691,true,0,NaN
8031,F,0.9870748830790854,1.0089329244815977,false,0,NaN
8032,F,0.9868855278027171,1.0049606638987703,false,0,NaN
8033,F,0.9870430008520164,1.0000009170637232,true,0,NaN
8034,F,0.9870591727666091,1.000462316056068,false,0,NaN
8035,F,0.9870511350338672,1.0004283518567947,false,0,NaN
8036,F,0.9870510868093127,1.0002262285265942,false,0,NaN
8037,F,0.9870470438306645,1.000108443213549,false,0,NaN
8038,F,0.9870450223413405,1.0000496346619216,false,0,NaN
8039,F,0.9870434822107955,1.0000093111436155,false,0,NaN
8040,F,0.9870434793560994,1.000008835635313,false,0,NaN
8041,F,0.9870432413781647,1.000003229902428,false,0,NaN
8042,F,0.9870432403874455,1.000002285722712,false,0,NaN
8043,F,0.9870431209495076,1.0000011125243535,false,0,NaN
8044,F,0.9870431206077913,1.0000005133089023,true,0,NaN
8045,F,0.9870530902727941,1.0083715568853333,false,0,NaN
8046,F,0.9868295583398375,1.0000737175867054,false,0,NaN
8047,F,0.9870431206091674,1.0000005133087901,true,0,NaN
8048,F,0.9870458134291207,1.0000012290090896,false,0,NaN
8049,F,0.9870485039888792,1.0082474216621065,false,0,NaN
8050,F,0.9870444670191441,1.0000003405909073,true,0,NaN
8051,F,0.9870508108083292,1.0082579192705752,false,0,NaN
8052,F,0.9868026040939863,1.000031282970777,false,0,NaN
8053,F,0.9870476389137366,1.0023153513118832,false,0,NaN
8054,F,0.9870460529664403,1.0000018903671841,false,0,NaN
8055,F,0.9870452599927922,1.000000328574369,true,0,NaN
8056,F,0.9870596967897426,1.0083302826692986,false,0,NaN
8057,F,0.986815282170518,0.9998722404777118,true,0,NaN
8058,F,0.9870512362888483,1.0074689129649057,false,0,NaN
8059,F,0.9869332592296831,1.0035903699089854,false,0,NaN
8060,F,0.9868742707001005,1.0017034011074712,false,0,NaN
8061,F,0.9868447764353092,1.0007537540083575,false,0,NaN
8062,F,0.9870512362888483,1.0074689129649057,false,0,NaN
8063,F,0.9870511337852058,1.0093957511002492,false,0,NaN
8064,F,0.9878921476834772,1.0476996706712094,false,0,NaN
8065,F,0.9878915047417631,1.0473524349106018,false,0,NaN
8066,F,0.987545539875105,1.0299810652264485,false,0,NaN
8067,F,0.9875451351814214,1.0340112532420997,false,0,NaN
8068,F,0.9872014766415214,1.012485077627506,false,0,NaN
8069,F,0.9872013071214049,1.0195311317577804,false,0,NaN
8070,F,0.9870093141513697,1.006039947827857,false,0,NaN
8071,F,0.9870092312580652,1.0060381725186538,false,0,NaN
8072,F,0.9869122981609438,1.0029151508204603,false,0,NaN
8073,F,0.9869122572645654,1.0028775440218465,false,0,NaN
8074,F,0.9868637901657309,1.0013530419377275,false,0,NaN
8075,F,0.986863770263923,1.001356789522595,false,0,NaN
8076,F,0.9868274091693212,1.000193378342645,false,0,NaN
8077,F,0.9868274048532638,1.0001931894744556,false,0,NaN
8078,F,0.9868167980453684,0.9998826839096424,true,0,NaN
8079,F,0.9868230577937939,1.0000554494365,false,0,NaN
8080,F,0.9868168031345119,0.999882778880635,true,0,NaN
8081,F,0.9868380121450233,1.0005271884600955,false,0,NaN
8082,F,0.9868379827515651,1.000527150817227,false,0,NaN
8083,F,0.9868274076397661,1.0001907086999982,false,0,NaN
8084,F,0.9868273935941595,1.000189949739878,false,0,NaN
8085,F,0.9868221053871373,1.000023586971666,false,0,NaN
8086,F,0.9868220989644545,1.0000224825622097,false,0,NaN
8087,F,0.9868194542608231,0.9999410987033981,true,0,NaN
8088,F,0.9868330286575071,1.0000482153346784,false,0,NaN
8089,F,0.9868421424064958,1.0000766122148017,false,0,NaN
8090,F,0.9868195380839055,0.9999412427273705,true,0,NaN
8091,F,0.9868367819361895,0.9999663192708237,true,0,NaN
8092,F,0.9868435899258828,0.9999994475712021,true,0,NaN
8093,F,0.9868572874770539,1.000005981491734,false,0,NaN
8094,F,0.9868702751979861,1.0039332952405549,false,0,NaN
8095,F,0.9868504387014684,1.0000012013650634,false,0,NaN
8096,F,0.9868470143136756,0.9999999257416101,true,0,NaN
8097,F,0.9868795531817208,1.0039313309374367,false,0,NaN
8098,F,0.986786341247116,1.0000839302161384,false,0,NaN
8099,F,0.9868632837476983,1.0000079978768257,false,0,NaN
8100,F,0.9868551490306869,1.0000019740409356,false,0,NaN
8101,F,0.9868510816721813,1.0000004336424029,true,0,NaN
8102,F,0.9869247520558908,1.0042644798405163,false,0,NaN
8103,F,0.9868541833271008,1.000177996998203,false,0,NaN
8104,F,0.986887916864036,1.0039228925983639,false,0,NaN
8105,F,0.9868694992681086,1.0039297530495546,false,0,NaN
8106,F,0.986860290470145,1.0000027567204284,false,0,NaN
8107,F,0.9868712922837177,1.0039276321156503,false,0,NaN
8108,F,0.986853278061783,1.0093867934911294,false,0,NaN
8109,F,0.9868611850963842,1.0000024743325273,false,0,NaN
8110,F,0.9868611716834527,0.9999996634299693,true,0,NaN
8111,F,0.9870139800487396,1.0325257037926907,false,0,NaN
8112,F,0.9869375758660961,1.0061805095042478,false,0,NaN
8113,F,0.9868993737747744,1.0039186809728626,false,0,NaN
8114,F,0.9868802727291135,1.0039111324497243,false,0,NaN
8115,F,0.9870139814930677,1.032525712445477,false,0,NaN
8116,F,0.9868482931911452,1.0605045400304824,false,0,NaN
8117,F,0.9869378142835049,1.0100663850802274,false,0,NaN
8118,F,0.9868865339440355,1.0258729277379166,false,0,NaN
8119,F,0.9868997306766528,1.0041245713469193,false,0,NaN
8120,F,0.9868787178958429,1.0279398286556363,false,0,NaN
8121,F,0.9868806888690855,1.003939737366133,false,0,NaN
8122,F,0.9868606175517727,1.010670375067018,false,0,NaN
8123,F,0.9868711679570192,1.0039305531485292,false,0,NaN
8124,F,0.9868511433819015,1.009308477199697,false,0,NaN
8125,F,0.9868664074844209,1.0039327185535973,false,0,NaN
8126,F,0.9868463718574779,1.009295071312414,false,0,NaN
8127,F,0.9868640272149901,1.0000049771497304,false,0,NaN
8128,F,0.9868639995775209,1.0000105422377106,false,0,NaN
8129,F,0.9868622417809033,1.0000035256240587,false,0,NaN
8130,F,0.9868622215295845,1.000004917763869,false,0,NaN
8131,F,0.9868617185771404,1.0000032724355425,false,0,NaN
8132,F,0.986861699613239,1.0000041719068888,false,0,NaN
8133,F,0.9868612790935568,0.9999996179458475,true,0,NaN
8134,F,0.9869194678032049,1.0041362820237283,false,0,NaN
8135,F,0.9868428123016391,1.0001600938152047,false,0,NaN
8136,F,0.9868612827842228,0.9999996179500259,true,0,NaN
8137,F,0.9869888350983945,1.0177890307075388,false,0,NaN
8138,F,0.9869250589413087,1.0042156849789663,false,0,NaN
8139,F,0.9868931708627657,1.003901693519757,false,0,NaN
8140,F,0.9868772268234943,1.0039124395778267,false,0,NaN
8141,F,0.986861711114114,1.0000047825092255,false,0,NaN
8142,F,0.9868616822342073,1.0000093340552811,false,0,NaN
8143,F,0.9868614967594098,1.0000002109944925,true,0,NaN
8144,F,0.9868614931092681,0.9999996988215557,true,0,NaN
8145,F,0.9869078097615938,1.0040101532866421,false,0,NaN
8146,F,0.9868254925960033,1.0002175844143033,false,0,NaN
8147,F,0.9868615830062059,0.9999996990030975,true,0,NaN
8148,F,0.9869662938160142,1.004294378971482,false,0,NaN
8149,F,0.9869139384111101,1.0040103720979598,false,0,NaN
8150,F,0.9868877607086579,1.003903704271995,false,0,NaN
8151,F,0.9868746718574319,1.0039150499618892,false,0,NaN
8152,F,0.9868622065760203,1.000000474294339,true,0,NaN
8153,F,0.9868622017143891,0.9999997994199236,true,0,NaN
8154,F,0.9868687647796185,1.003961886354249,false,0,NaN
8155,F,0.9867528288138445,1.0081107931467708,false,0,NaN
8156,F,0.986862221678255,0.9999997998325495,true,0,NaN
8157,F,0.9868746805443356,1.0039145525191642,false,0,NaN
8158,F,0.9867644657333937,0.99992085933932,true,0,NaN
8159,F,0.9868684511112953,1.0039223512172417,false,0,NaN
8160,F,0.9868653363947751,1.0000138865445787,false,0,NaN
8161,F,0.986863779036515,0.9999999068684842,true,0,NaN
8162,F,0.9868932458228237,1.0038988731909906,false,0,NaN
8163,F,0.9867989391823971,1.0002629250545745,false,0,NaN
8164,F,0.9868785124296694,1.0039077822526006,false,0,NaN
8165,F,0.9868711457330922,1.0039172435745494,false,0,NaN
8166,F,0.9868674623848036,1.0039232005989367,false,0,NaN
8167,F,0.9868735573681219,1.0039483250006267,false,0,NaN
8168,F,0.9868494290906048,1.009155663067241,false,0,NaN
8169,F,0.9868692031467508,1.0039836225396923,false,0,NaN
8170,F,0.9868448592779248,1.0091032560364206,false,0,NaN
8171,F,0.9868670260336323,1.0040091022747455,false,0,NaN
8172,F,0.9868425265170062,1.0090693371614419,false,0,NaN
8173,F,0.9868659374722072,1.0008838544966943,false,0,NaN
8174,F,0.9868605352183103,1.0121767621213067,false,0,NaN
8175,F,0.9868653931817627,1.000148597600611,false,0,NaN
8176,F,0.9868644838242961,1.0128812205680502,false,0,NaN
8177,F,0.9868651210170735,1.000119087845472,false,0,NaN
8178,F,0.9868643919890355,1.012913786482549,false,0,NaN
8179,F,0.9868649848957703,1.0001160120286954,false,0,NaN
8180,F,0.9868642746660093,1.012917461451953,false,0,NaN
8181,F,0.9868648825298119,1.0001155848934018,false,0,NaN
8182,F,0.9868641749124435,1.0129181240703957,false,0,NaN
8183,F,0.9868646348536513,1.0000381063451411,false,0,NaN
8184,F,0.9868644006799152,1.0050624793753222,false,0,NaN
8185,F,0.9868638317995975,0.9999998095149966,true,0,NaN
8186,F,0.9869338035079576,1.0043603762557003,false,0,NaN
8187,F,0.9868716472909895,1.0184550322390853,false,0,NaN
8188,F,0.9868638331001784,0.9999998095127871,true,0,NaN
8189,F,0.986980318258102,1.0057681092040018,false,0,NaN
8190,F,0.9868807508425044,0.9993457252059319,true,0,NaN
8191,F,0.9874069387811998,1.0566178034746678,false,0,NaN
8192,F,0.987143844811852,1.02146947683718,false,0,NaN
8193,F,0.9870122978271783,1.017633341225275,false,0,NaN
8194,F,0.9869465243348413,1.007300145341992,false,0,NaN
8195,F,0.9874070728978337,1.0566192142074697,false,0,NaN
8196,F,0.9869628711312778,1.1831005115818027,false,0,NaN
8197,F,0.9871440192219262,1.0214703276317054,false,0,NaN
8198,F,0.9869730075851405,1.0778038507875014,false,0,NaN
8199,F,0.9870124923838284,1.0176320941808075,false,0,NaN
8200,F,0.9868703145171643,1.0567523937470975,false,0,NaN
8201,F,0.9869467289644918,1.0073011904925804,false,0,NaN
8202,F,0.9868849575601537,1.0323770664517387,false,0,NaN
8203,F,0.9869138472542478,1.005838880989528,false,0,NaN
8204,F,0.986863228321849,1.03196574210611,false,0,NaN
8205,F,0.9868974063979745,1.00070455651457,false,0,NaN
8206,F,0.9868869061013805,1.0135435745358787,false,0,NaN
8207,F,0.9868891859675354,0.9993587559170979,true,0,NaN
8208,F,0.9881151874237968,1.0797335380949649,false,0,NaN
8209,F,0.987585950827721,1.1596738112148413,false,0,NaN
8210,F,0.987502194800955,1.0458446285284961,false,0,NaN
8211,F,0.9871961034419093,1.0457703893348327,false,0,NaN
8212,F,0.9871956984869265,1.0228992133823556,false,0,NaN
8213,F,0.9870406937458138,1.013194156868594,false,0,NaN
8214,F,0.9870424503246972,1.0222931544055314,false,0,NaN
8215,F,0.9868914362209219,1.0097641369262207,false,0,NaN
8216,F,0.9869658262331521,1.0078200674097268,false,0,NaN
8217,F,0.986910111787724,1.0008957639983271,false,0,NaN
8218,F,0.986927514166519,1.001689972851738,false,0,NaN
8219,F,0.9869121640125965,1.0012404930089827,false,0,NaN
8220,F,0.986908358091481,1.0012275708108551,false,0,NaN
8221,F,0.9868960526725963,1.0009113254119788,false,0,NaN
8222,F,0.986893990743134,0.9994602398882199,true,0,NaN
8223,F,0.9872088668108803,1.023325732100767,false,0,NaN
8224,F,0.9868941254634831,0.9994604699030817,true,0,NaN
8225,F,0.9879301748103659,1.1003103479881904,false,0,NaN
8226,F,0.9874121501369245,1.06216930696753,false,0,NaN
8227,F,0.9871531378002039,1.022389139084625,false,0,NaN
8228,F,0.9870236316318435,1.019082124437471,false,0,NaN
8229,F,0.9868952091080667,1.000793922705435,false,0,NaN
8230,F,0.9868857157119013,1.013822781281878,false,0,NaN
8231,F,0.9868947693957503,0.9994959575891377,true,0,NaN
8232,F,0.9871269605322357,1.0160912086894724,false,0,NaN
8233,F,0.9867229638533641,1.003104800395545,false,0,NaN
8234,F,0.9868954649335924,0.9994975227869451,true,0,NaN
8235,F,0.9871121838086561,1.015533550563768,false,0,NaN
8236,F,0.9867223205966934,1.0030213409110145,false,0,NaN
8237,F,0.9870038243711242,1.0129052493435644,false,0,NaN
8238,F,0.9869496446523582,0.9999578170685844,true,0,NaN
8239,F,0.9869225547929753,0.9996579971711401,true,0,NaN
8240,F,0.9868977683851499,0.9995131725576751,true,0,NaN
8241,F,0.987135810020652,1.0161631875631643,false,0,NaN
8242,F,0.9866825565543754,1.0016640880100305,false,0,NaN
8243,F,0.9869077498979555,0.9995909120095965,true,0,NaN
8244,F,0.9869027591415527,0.9995264923113234,true,0,NaN
8245,F,0.9869002637633513,0.999518644415837,true,0,NaN
8246,F,0.9869079242240061,0.9995923754350738,true,0,NaN
8247,F,0.9870288437787075,1.0111340049902946,false,0,NaN
8248,F,0.987113413637068,1.4581585074070134,false,0,NaN
8249,F,0.9869434321133848,1.0019446697552987,false,0,NaN
8250,F,0.9869256781686955,1.0012222507477078,false,0,NaN
8251,F,0.9869168011963507,1.0000865015520255,false,0,NaN
8252,F,0.9869435232893294,1.001948276864192,false,0,NaN
8253,F,0.9869416568589514,0.9981151136611899,true,0,NaN
8254,F,0.9934286002098629,3.1717735260778896,false,0,NaN
8255,F,0.9901851513618435,1.6928181858165428,false,0,NaN
8256,F,0.9885634267803208,1.285783065860291,false,0,NaN
8257,F,0.9877525641745333,1.1104988570309735,false,0,NaN
8258,F,0.9868540397124604,1.448808646328817,false,0,NaN
8259,F,0.9873471322415851,1.064384758557393,false,0,NaN
8260,F,0.987144415014985,1.0406084387846954,false,0,NaN
8261,F,0.9870430538812958,1.03034223462224,false,0,NaN
8262,F,0.9869670195264668,1.0114456005689259,false,0,NaN
8263,F,0.9869448374143758,1.0010396453749637,false,0,NaN
8264,F,0.9869418565565454,0.9981151139047056,true,0,NaN
8265,F,0.9870001915777249,1.000001438787648,false,0,NaN
8266,F,0.9869418638776027,0.9981153492757356,true,0,NaN
8267,F,0.9870000337662176,1.000001472689569,false,0,NaN
8268,F,0.9869999395347587,0.9999976895797034,true,0,NaN
8269,F,0.9870005310385085,1.0000015229082957,false,0,NaN
8270,F,0.9870019943645323,1.0000001108792262,true,0,NaN
8271,F,0.9870023183887247,1.0000185712604484,false,0,NaN
8272,F,0.9870020653167827,1.0006976947886912,false,0,NaN
8273,F,0.9870021563766285,1.0000016295012064,false,0,NaN
8274,F,0.9870020753705804,1.0000002896913163,true,0,NaN
8275,F,0.9870020348675563,1.0000001162012762,true,0,NaN
8276,F,0.9870023272304604,1.000020776201402,false,0,NaN
8277,F,0.987002123010654,1.0023931722785777,false,0,NaN
8278,F,0.9870069852802839,1.0029343184010795,false,0,NaN
8279,F,0.9870055779445928,1.0029856655894824,false,0,NaN
8280,F,0.9870039398762168,1.0029980038237727,false,0,NaN
8281,F,0.9870029828518242,1.003001709788191,false,0,NaN
8282,F,0.987002488060002,1.0001664041043883,false,0,NaN
8283,F,0.9870022390862726,1.0000070299875237,false,0,NaN
8284,F,0.9870021678903231,1.0000461802161293,false,0,NaN
8285,F,0.987002052074151,0.9999998781357403,true,0,NaN
8286,F,0.9870024809342043,1.0000006247307767,true,0,NaN
8287,F,0.9870028566845742,1.000000200258948,true,0,NaN
8288,F,0.9870020550943308,0.9999998767270746,true,0,NaN
8289,F,0.9870021953361539,0.9999999170433292,true,0,NaN
8290,F,0.9870025033547057,0.9999996925568527,true,0,NaN
8291,F,0.9870026120129567,0.9999998366875644,true,0,NaN
8292,F,0.987002865130448,0.9999997244743536,true,0,NaN
8293,F,0.9875725697483725,1.063811592901668,false,0,NaN
8294,F,0.9872877174394102,1.0313877476159776,false,0,NaN
8295,F,0.9871452912849291,1.0274899299853097,false,0,NaN
8296,F,0.9870740782076886,1.0170491629402214,false,0,NaN
8297,F,0.9875725697483725,1.063811592901668,false,0,NaN
8298,F,0.9866136966971917,1.1224798769600766,false,0,NaN
8299,F,0.9872931346326571,1.0345714788403102,false,0,NaN
8300,F,0.9867736400195516,1.07387468098085,false,0,NaN
8301,F,0.9871533912922339,1.030745443174335,false,0,NaN
8302,F,0.9866913889612231,1.0490428369351683,false,0,NaN
8303,F,0.9870834679734768,1.0201484857860508,false,0,NaN
8304,F,0.9867807014638406,1.0166001115029575,false,0,NaN
8305,F,0.9870484023439068,1.0187024994946516,false,0,NaN
8306,F,0.9870306560110489,1.018701128999196,false,0,NaN
8307,F,0.9870213037985857,1.0135456010257342,false,0,NaN
8308,F,0.9870087111458279,1.0001389283810136,false,0,NaN
8309,F,0.98700661939091,1.0007946671703287,false,0,NaN
8310,F,0.9870035958823705,1.0000001245278702,true,0,NaN
8311,F,0.9870035898709449,0.9999997321059302,true,0,NaN
8312,F,0.9870093139837175,1.0001576886806378,false,0,NaN
8313,F,0.987007783672823,1.0001292125448646,false,0,NaN
8314,F,0.9870064603987999,1.0000826288988396,false,0,NaN
8315,F,0.9870056572450541,1.0000675836360986,false,0,NaN
8316,F,0.9870050330545627,1.0000409922675155,false,0,NaN
8317,F,0.9870046332642877,1.0000335232375828,false,0,NaN
8318,F,0.9870043182751383,1.000020156320959,false,0,NaN
8319,F,0.9870041203374018,1.0000164521029777,false,0,NaN
8320,F,0.9870039586402736,1.00000973144925,false,0,NaN
8321,F,0.9870038616956363,1.0000078639383112,false,0,NaN
8322,F,0.9870037749716586,1.0000040301649717,false,0,NaN
8323,F,0.9870037332593908,1.0000030102309647,false,0,NaN
8324,F,0.9870036823842876,1.000001148336436,false,0,NaN
8325,F,0.9870036685903295,1.0000005639075917,true,0,NaN
8326,F,0.9870036129435918,0.9999998393243373,true,0,NaN
8327,F,0.9875637221724441,1.0599444533260785,false,0,NaN
8328,F,0.985704488370754,0.999034515395343,true,0,NaN
8329,F,0.9870036166329327,0.9999998393220709,true,0,NaN
8330,F,0.989791539687239,1.33301515582496,false,0,NaN
8331,F,0.9834735083049978,1.0372359440295158,false,0,NaN
8332,F,0.9883975781600858,1.147351508073264,false,0,NaN
8333,F,0.9877005973965093,1.076414457669125,false,0,NaN
8334,F,0.987352107014721,1.0314137982398717,false,0,NaN
8335,F,0.9870039091752693,1.0000041465531448,false,0,NaN
8336,F,0.9870038507476059,1.0000014198207903,false,0,NaN
8337,F,0.9870037629040999,1.00000131921019,false,0,NaN
8338,F,0.9870037428293906,1.0000002762493794,true,0,NaN
8339,F,0.9870036897685152,1.000000285541968,true,0,NaN
8340,F,0.9870036837155325,0.9999999261004122,true,0,NaN
8341,F,0.9900734975378899,1.4808691564307437,false,0,NaN
8342,F,0.974543101223516,1.072951663658134,false,0,NaN
8343,F,0.987003729862688,0.9999999261202395,true,0,NaN
8344,F,0.9886432512283113,1.1620008606201429,false,0,NaN
8345,F,0.9833145746664385,1.0090297337409562,false,0,NaN
8346,F,0.9878234905454997,1.1015604613878573,false,0,NaN
8347,F,0.9874136102040939,1.0395878093343525,false,0,NaN
8348,F,0.987208670033391,1.029204449534597,false,0,NaN
8349,F,0.9870039873561381,1.000004782935157,false,0,NaN
8350,F,0.987003921964303,1.0000088171697137,false,0,NaN
8351,F,0.9870039613728495,1.0000047829497707,false,0,NaN
8352,F,0.9870038959808729,1.000008817350839,false,0,NaN
8353,F,0.9870039459121185,1.0000047829645586,false,0,NaN
8354,F,0.9870038805199758,1.0000088174751567,false,0,NaN
8355,F,0.9870038587793838,1.0000012650503631,false,0,NaN
8356,F,0.9870038407519138,1.0000006174919398,true,0,NaN
8357,F,0.987003794320876,1.0000001916701349,true,0,NaN
8358,F,0.9870037907452331,0.999999969830182,true,0,NaN
8359,F,0.988664639891883,1.1625985034407949,false,0,NaN
8360,F,0.9832433806029842,1.0072636347132091,false,0,NaN
8361,F,0.987003799329156,0.9999999698294695,true,0,NaN
8362,F,0.9886424146063555,1.1607231334136954,false,0,NaN
8363,F,0.9832649405529255,1.0057002805678872,false,0,NaN
8364,F,0.9878231069677558,1.1012671367470235,false,0,NaN
8365,F,0.987413453148456,1.0394565776816953,false,0,NaN
8366,F,0.987208626238806,1.0291845961489232,false,0,NaN
8367,F,0.9870038239826625,0.9999999727649471,true,0,NaN
8368,F,0.9870046941540914,1.0000041876032792,false,0,NaN
8369,F,0.9870046322184804,1.0000006699578612,true,0,NaN
8370,F,0.9870042596760799,1.000002779877756,false,0,NaN
8371,F,0.9870042184121007,1.0000004095088029,true,0,NaN
8372,F,0.9870040418077889,1.0000008966745506,true,0,NaN
8373,F,0.9870040281975554,1.0000000789584291,true,0,NaN
8374,F,0.98700393287364,1.0000002415091396,true,0,NaN
8375,F,0.98700392888413,0.9999999900199142,true,0,NaN
8376,F,0.9870047179280784,1.0012417661676738,false,0,NaN
8377,F,0.9870043234061042,1.0000379312884575,false,0,NaN
8378,F,0.987003808127285,1.0029365828966086,false,0,NaN
8379,F,0.9870041261451171,1.0000038918359428,false,0,NaN
8380,F,0.987004073154713,1.000005303319361,false,0,NaN
8381,F,0.9870040275146236,1.0000006641655244,true,0,NaN
8382,F,0.9870040183590796,1.0000001911961165,true,0,NaN
8383,F,0.9870039781993768,1.0000001327316541,true,0,NaN
8384,F,0.9870039762612145,1.0000000057131528,true,0,NaN
8385,F,0.9870039535417534,1.0000000229960593,true,0,NaN
8386,F,0.9870039530939058,0.9999999916030153,true,0,NaN
8387,F,0.9885515999496111,1.1584306289768258,false,0,NaN
8388,F,0.9835675818824947,1.0141431484614654,false,0,NaN
8389,F,0.9870039532145474,0.999999991602964,true,0,NaN
8390,F,0.9885515998629469,1.1584306247608398,false,0,NaN
8391,F,0.9835675817900298,1.0141430580206556,false,0,NaN
8392,F,0.9877777765387472,1.100726042772481,false,0,NaN
8393,F,0.9873908648766473,1.0393920021670293,false,0,NaN
8394,F,0.9871974090455973,1.0275205901592308,false,0,NaN
8395,F,0.9870040486959655,1.0000002204842366,true,0,NaN
8396,F,0.987004045319223,1.0000000099071524,true,0,NaN
8397,F,0.9870040009436541,1.000000042764528,true,0,NaN
8398,F,0.9870040001708441,0.9999999919840082,true,0,NaN
8399,F,0.9886395413352455,1.1607525133696397,false,0,NaN
8400,F,0.9832946159864533,1.0064414644272484,false,0,NaN
8401,F,0.9870040007174027,0.9999999919839062,true,0,NaN
8402,F,0.9886395408077681,1.1607524904480258,false,0,NaN
8403,F,0.9832946158152439,1.0064414574707605,false,0,NaN
8404,F,0.9878217707625854,1.101274934651543,false,0,NaN
8405,F,0.987412885739994,1.03945959918563,false,0,NaN
8406,F,0.9872084432286984,1.0291848990218515,false,0,NaN
8407,F,0.9870041897031429,1.0000001421776152,true,0,NaN
8408,F,0.9870041874224844,0.9999999936333277,true,0,NaN
8409,F,0.9886721322821652,1.1732640645059456,false,0,NaN
8410,F,0.982859716424972,0.997858523705876,true,0,NaN
8411,F,0.9870041897885653,0.9999999936329592,true,0,NaN
8412,F,0.9886721299645312,1.173263961195532,false,0,NaN
8413,F,0.9828597158348469,0.997858493938746,true,0,NaN
8414,F,0.9878381598765482,1.1013742355854323,false,0,NaN
8415,F,0.9874211748325568,1.0394810280789386,false,0,NaN
8416,F,0.987212682310561,1.0291892037162076,false,0,NaN
8417,F,0.9870044614541073,1.0000076930124648,false,0,NaN
8418,F,0.9870043544244531,1.0000213036718906,false,0,NaN
8419,F,0.9870044587343356,1.000007692997809,false,0,NaN
8420,F,0.9870043517048918,1.000021303596458,false,0,NaN
8421,F,0.9870043852613257,1.0000031471654882,false,0,NaN
8422,F,0.9870043413941925,1.000003033747555,false,0,NaN
8423,F,0.987004287499829,1.0000005589712209,true,0,NaN
8424,F,0.9870042795944973,1.0000001277227597,true,0,NaN
8425,F,0.9870042386190692,1.0000001127191334,true,0,NaN
8426,F,0.9870042369142105,1.0000000013874484,true,0,NaN
8427,F,0.9870042141786658,1.000000018665507,true,0,NaN
8428,F,0.9870042137806403,0.9999999911967745,true,0,NaN
8429,F,0.9886773602677611,1.17331427283585,false,0,NaN
8430,F,0.9828566555071225,0.9977786024970009,true,0,NaN
8431,F,0.9870042140800588,0.999999991196723,true,0,NaN
8432,F,0.988677359974043,1.1733142597483726,false,0,NaN
8433,F,0.9828566554354446,0.9977785988002039,true,0,NaN
8434,F,0.9878407870270509,1.1013898770101171,false,0,NaN
8435,F,0.9874225005535548,1.0394843662279993,false,0,NaN
8436,F,0.9872133573168068,1.029189868170245,false,0,NaN
8437,F,0.9870043091825003,1.0000001458916814,true,0,NaN
8438,F,0.9870043068765528,0.9999999988562319,true,0,NaN
8439,F,0.9886774515156102,1.1733159010329057,false,0,NaN
8440,F,0.9828559719385429,0.9977623141307199,true,0,NaN
8441,F,0.9870043080759803,0.9999999988560314,true,0,NaN
8442,F,0.9886774503383501,1.1733158485864639,false,0,NaN
8443,F,0.9828559716526116,0.9977622993503936,true,0,NaN
8444,F,0.9878408792071652,1.1013901849621066,false,0,NaN
8445,F,0.9874225936415727,1.0394844074759741,false,0,NaN
8446,F,0.9872134508587765,1.0291897615533117,false,0,NaN
8447,F,0.9870045167867465,1.0000022564543536,false,0,NaN
8448,F,0.9870044855146441,1.0000006701176802,true,0,NaN
8449,F,0.987004504141108,1.0000020763999955,false,0,NaN
8450,F,0.9870044753533865,1.000000604434679,true,0,NaN
8451,F,0.987004406047509,1.000000644303649,true,0,NaN
8452,F,0.9870043970197415,1.0000001248389645,true,0,NaN
8453,F,0.9870043570006402,1.0000001759275923,true,0,NaN
8454,F,0.9870043544354891,1.0000000129264301,true,0,NaN
8455,F,0.987004332477067,1.0000000399614635,true,0,NaN
8456,F,0.9870043317879659,0.9999999933913982,true,0,NaN
8457,F,0.9886761610137791,1.173305001200517,false,0,NaN
8458,F,0.9828552918789842,0.9977485913934986,true,0,NaN
8459,F,0.9870043320878256,0.9999999933913479,true,0,NaN
8460,F,0.9886761607192286,1.1733049880827475,false,0,NaN
8461,F,0.9828552918075595,0.9977485876994024,true,0,NaN
8462,F,0.9878402464035271,1.1013868489459742,false,0,NaN
8463,F,0.9874222892456763,1.0394837579187148,false,0,NaN
8464,F,0.9872133106667509,1.0291896298195167,false,0,NaN
8465,F,0.9870044265799914,1.0000000180384667,true,0,NaN
8466,F,0.9870044261592563,0.9999999902730322,true,0,NaN
8467,F,0.9886774315839365,1.1733169272217832,false,0,NaN
8468,F,0.9828553616900578,0.9977519754506324,true,0,NaN
8469,F,0.9870044303601639,0.9999999902724632,true,0,NaN
8470,F,0.9886774274599871,1.1733167435041387,false,0,NaN
8471,F,0.9828553606901153,0.99775192370751,true,0,NaN
8472,F,0.9878409289100756,1.101389084600899,false,0,NaN
8473,F,0.9874226796351198,1.0394841623720272,false,0,NaN
8474,F,0.9872135549976419,1.029189593726196,false,0,NaN
8475,F,0.9870057298252947,1.0001470969295352,false,0,NaN
8476,F,0.9870035393394034,1.0027953562446625,false,0,NaN
8477,F,0.9870050948115278,1.0000116042560578,false,0,NaN
8478,F,0.9870049218704766,1.0000143714735836,false,0,NaN
8479,F,0.9870047625839536,1.000001727986989,false,0,NaN
8480,F,0.9870047367048442,1.0000003695352286,true,0,NaN
8481,F,0.9870045964701666,1.0000003370833204,true,0,NaN
8482,F,0.9870045913022177,1.0000000158805888,true,0,NaN
8483,F,0.987004513413273,1.0000000681655952,true,0,NaN
8484,F,0.987004512249626,0.9999999924755066,true,0,NaN
8485,F,0.9886646979357051,1.1610763671110667,false,0,NaN
8486,F,0.9832585926540429,1.0055575384026305,false,0,NaN
8487,F,0.9870045132921035,0.9999999924753348,true,0,NaN
8488,F,0.9886646969044428,1.161076322600951,false,0,NaN
8489,F,0.9832585924130305,1.0055575271331496,false,0,NaN
8490,F,0.9878346050982731,1.1013648968729552,false,0,NaN
8491,F,0.9874195591951883,1.039479436333087,false,0,NaN
8492,F,0.9872120362436458,1.0291888024812947,false,0,NaN
8493,F,0.9870048491327157,1.0000024670037635,false,0,NaN
8494,F,0.9870048131029564,1.0000004481299123,true,0,NaN
8495,F,0.9870046811945354,1.0000007909136752,true,0,NaN
8496,F,0.9870046695448621,1.0000000984332689,true,0,NaN
8497,F,0.9870045972254422,1.0000002216903634,true,0,NaN
8498,F,0.9870045938555823,1.0000000094056358,true,0,NaN
8499,F,0.9870045552408893,1.000000052654403,true,0,NaN
8500,F,0.9870045543297941,0.9999999929435714,true,0,NaN
8501,F,0.9886536750610616,1.1610113299504947,false,0,NaN
8502,F,0.983253499111604,1.0055485600818237,false,0,NaN
8503,F,0.9870045548472438,0.9999999929434822,true,0,NaN
8504,F,0.9886536745456254,1.1610113077627533,false,0,NaN
8505,F,0.9832534989909304,1.0055485544630165,false,0,NaN
8506,F,0.9878291146964345,1.1013437925440939,false,0,NaN
8507,F,0.9874168347718392,1.0394753904692826,false,0,NaN
8508,F,0.9872106948095415,1.0291881483938514,false,0,NaN
8509,F,0.987004720436242,1.0000001323933587,true,0,NaN
8510,F,0.9870047183015438,0.9999999941551272,true,0,NaN
8511,F,0.9886483362177467,1.160981340858041,false,0,NaN
8512,F,0.9832511104982644,1.0044477657124595,false,0,NaN
8513,F,0.9870047203631854,0.9999999941547971,true,0,NaN
8514,F,0.9886483341573052,1.160981252270893,false,0,NaN
8515,F,0.9832511100149022,1.0044477423694973,false,0,NaN
8516,F,0.9878265272602453,1.101334027130829,false,0,NaN
8517,F,0.9874156238117154,1.0394734370895948,false,0,NaN
8518,F,0.9872101720874504,1.0291876899442216,false,0,NaN
8519,F,0.9870048750057633,1.0000016660695779,false,0,NaN
8520,F,0.9870048525340953,1.0000005359058677,true,0,NaN
8521,F,0.9870048728385448,1.0000016660629436,false,0,NaN
8522,F,0.9870048503669708,1.0000005359025652,true,0,NaN
8523,F,0.9870048714947391,1.0000016660588724,false,0,NaN
8524,F,0.9870048490232228,1.0000005359005286,true,0,NaN
8525,F,0.987004807226254,1.0000006488280446,true,0,NaN
8526,F,0.9870047983932569,1.000000148446322,true,0,NaN
8527,F,0.9870047637669515,1.000000176599689,true,0,NaN
8528,F,0.987004761265354,1.0000000167138832,true,0,NaN
8529,F,0.987004742037266,1.0000000399489999,true,0,NaN
8530,F,0.9870047413678121,0.9999999939148733,true,0,NaN
8531,F,0.9886447121447536,1.1609775705318786,false,0,NaN
8532,F,0.9832486770027079,1.0034282231861344,false,0,NaN
8533,F,0.9870047416250435,0.9999999939148272,true,0,NaN
8534,F,0.9886447118871432,1.160977559464822,false,0,NaN
8535,F,0.9832486769422992,1.0034282202487765,false,0,NaN
8536,F,0.9878247267560933,1.1013258094288045,false,0,NaN
8537,F,0.9874147341905685,1.039471826896285,false,0,NaN
8538,F,0.987209737907806,1.0291873893233092,false,0,NaN
8539,F,0.987004824631528,1.0000000571207421,true,0,NaN
8540,F,0.9870048236300472,0.9999999916661587,true,0,NaN
8541,F,0.9886448909451656,1.1609755997435687,false,0,NaN
8542,F,0.9832486850385681,1.0034280213101754,false,0,NaN
8543,F,0.9870048246589244,0.999999991665987,true,0,NaN
8544,F,0.988644889915153,1.1609755554919703,false,0,NaN
8545,F,0.9832486847967605,1.0034280095583217,false,0,NaN
8546,F,0.9878248572870387,1.1013252840811294,false,0,NaN
8547,F,0.9874148409729815,1.0394716997960707,false,0,NaN
8548,F,0.987209832815953,1.0291872982800108,false,0,NaN
8549,F,0.987005159060172,1.0000039345035368,false,0,NaN
8550,F,0.9870051009918743,1.0000024284642883,false,0,NaN
8551,F,0.9870049918474125,1.00000069653872,true,0,NaN
8552,F,0.987004981446441,1.0000001057104646,true,0,NaN
8553,F,0.9870049082410313,1.0000001418855584,true,0,NaN
8554,F,0.9870049060053224,0.999999999630217,true,0,NaN
8555,F,0.9870049912883351,1.000000429496095,true,0,NaN
8556,F,0.9870049851252155,1.0000000601655388,true,0,NaN
8557,F,0.9870049485792364,1.0000001122940245,true,0,NaN
8558,F,0.9870049468644656,1.0000000013208374,true,0,NaN
8559,F,0.9870049882196257,1.000000005236294,true,0,NaN
8560,F,0.9885532673848098,1.1589437483010943,false,0,NaN
8561,F,0.9835467651026008,1.0139427360890583,false,0,NaN
8562,F,0.9870049883285232,1.000000005236246,true,0,NaN
8563,F,0.9885532673030336,1.1589437442692914,false,0,NaN
8564,F,0.9835467650222132,1.013942733286227,false,0,NaN
8565,F,0.9877791278157785,1.1008097931288205,false,0,NaN
8566,F,0.9873920580721508,1.0393993094796632,false,0,NaN
8567,F,0.9871985232003371,1.0290381777806639,false,0,NaN
8568,F,0.9870050708009728,0.999999994790236,true,0,NaN
8569,F,0.9870052362118226,1.0000000418782915,true,0,NaN
8570,F,0.9870052354313713,0.9999999905465273,true,0,NaN
8571,F,0.9885518152511502,1.1639413115167785,false,0,NaN
8572,F,0.9834002353114023,1.013744861568238,false,0,NaN
8573,F,0.9870052383626414,0.9999999905453394,true,0,NaN
8574,F,0.9903062976689402,1.5939555481428807,false,0,NaN
8575,F,0.9729741484284856,1.407872327219593,false,0,NaN
8576,F,0.9886557680157908,1.1608797249261575,false,0,NaN
8577,F,0.9878305031892161,1.1013151631849705,false,0,NaN
8578,F,0.9874178707759288,1.0394701934027355,false,0,NaN
8579,F,0.9870059399992663,1.000007370148752,false,0,NaN
8580,F,0.9870058330001951,1.0000016321434197,false,0,NaN
8581,F,0.9870059331238965,1.0000073700398788,false,0,NaN
8582,F,0.9870058261264238,1.000001632101561,false,0,NaN
8583,F,0.9870058276856811,1.000006000423134,false,0,NaN
8584,F,0.9870057405452747,1.0000013141009894,false,0,NaN
8585,F,0.987005533020325,1.0000022055721187,false,0,NaN
8586,F,0.987005500898632,1.0000004158305198,true,0,NaN
8587,F,0.9870053856876468,1.0000006956607104,true,0,NaN
8588,F,0.9870053754570328,1.000000087130593,true,0,NaN
8589,F,0.9870053120213076,1.0000001920972093,true,0,NaN
8590,F,0.9870053090914851,1.0000000069490131,true,0,NaN
8591,F,0.9870052751881376,1.000000044314236,true,0,NaN
8592,F,0.9870052744009102,0.9999999925330789,true,0,NaN
8593,F,0.9906561380958995,1.658045485706054,false,0,NaN
8594,F,0.9693688046458427,1.1700990830238873,false,0,NaN
8595,F,0.9870052752684613,0.999999992533008,true,0,NaN
8596,F,0.9906561353074597,1.6580452682964208,false,0,NaN
8597,F,0.9693688027794465,1.1700986528452342,false,0,NaN
8598,F,0.9888307052879605,1.1932190742876174,false,0,NaN
8599,F,0.9879179902782109,1.1068181623069278,false,0,NaN
8600,F,0.9874616327733361,1.0397966723022058,false,0,NaN
8601,F,0.9870054200582854,1.0000000319312705,true,0,NaN
8602,F,0.9870054194274327,0.999999990410474,true,0,NaN
8603,F,0.9870064447305175,1.0000062306517803,false,0,NaN
8604,F,0.9870063533242952,1.0000011623205747,false,0,NaN
8605,F,0.9870059328417112,1.0000040540651003,false,0,NaN
8606,F,0.9870058733158253,1.000000725624107,true,0,NaN
8607,F,0.9870056761316834,1.0000014015430767,false,0,NaN
8608,F,0.9870056554571308,1.00000019665541,true,0,NaN
8609,F,0.9870055477766695,1.000000419048523,true,0,NaN
8610,F,0.9870055414926566,1.0000000319181046,true,0,NaN
8611,F,0.9870054835991625,1.0000001093574047,true,0,NaN
8612,F,0.987005481851177,0.9999999968124912,true,0,NaN
8613,F,0.9870055459248736,1.0000000947140775,true,0,NaN
8614,F,0.9870055443911647,0.999999995916078,true,0,NaN
8615,F,0.990197244095937,1.5662684316813844,false,0,NaN
8616,F,0.9735199189639405,1.3631305730930663,false,0,NaN
8617,F,0.9870055450593077,0.9999999959159401,true,0,NaN
8618,F,0.9901972427533192,1.5662683296049957,false,0,NaN
8619,F,0.973519916044031,1.363130229596468,false,0,NaN
8620,F,0.9886013939063135,1.1696159095498335,false,0,NaN
8621,F,0.9878034694828106,1.0991346550572667,false,0,NaN
8622,F,0.9874045072710591,1.0393181885401765,false,0,NaN
8623,F,0.9870058016679899,1.0000013680755357,false,0,NaN
8624,F,0.9870057814657675,1.0000001876440883,true,0,NaN
8625,F,0.9870056733203781,1.0000004082280969,true,0,NaN
8626,F,0.9870056671894277,1.0000000299075305,true,0,NaN
8627,F,0.9870056091465484,1.0000001063504655,true,0,NaN
8628,F,0.9870056074410952,0.9999999964783316,true,0,NaN
8629,F,0.9905310040744487,1.6459178287766163,false,0,NaN
8630,F,0.9695154543412766,1.1443488566158733,false,0,NaN
8631,F,0.9870056089215363,0.9999999964782087,true,0,NaN
8632,F,0.99053100003206,1.645917514051996,false,0,NaN
8633,F,0.9695154513619386,1.1443482817129773,false,0,NaN
8634,F,0.9887683044767981,1.1884506938308261,false,0,NaN
8635,F,0.9878869566991673,1.1022991038172232,false,0,NaN
8636,F,0.9874462828103517,1.0396326342171645,false,0,NaN
8637,F,0.9870058656166675,1.0000024055455743,false,0,NaN
8638,F,0.9870058302013232,1.0000010688262133,false,0,NaN
8639,F,0.9870057372216988,1.0000004511648402,true,0,NaN
8640,F,0.9870057304605517,1.0000000524972052,true,0,NaN
8641,F,0.987005673024186,1.000000091965798,true,0,NaN
8642,F,0.9870056715294436,0.9999999956139124,true,0,NaN
8643,F,0.9905947151769698,1.6486156498214062,false,0,NaN
8644,F,0.9689302889766227,1.0824454760761801,false,0,NaN
8645,F,0.9870056732049535,0.9999999956137942,true,0,NaN
8646,F,0.9905947103292059,1.6486152776523169,false,0,NaN
8647,F,0.9689302871004064,1.082444923778173,false,0,NaN
8648,F,0.9888001917670797,1.1891177023703672,false,0,NaN
8649,F,0.9879029324860166,1.1047091209654316,false,0,NaN
8650,F,0.987454302845485,1.0396819786742184,false,0,NaN
8651,F,0.9870059298902023,1.0000013272714137,false,0,NaN
8652,F,0.9870059102660536,1.0000001769474656,true,0,NaN
8653,F,0.9870058015064802,1.000000394743299,true,0,NaN
8654,F,0.9870057955671261,1.0000000274929581,true,0,NaN
8655,F,0.9870057373145977,1.000000102409698,true,0,NaN
8656,F,0.9870057356652218,0.9999999960624266,true,0,NaN
8657,F,0.9905016252725021,1.6081697004392348,false,0,NaN
8658,F,0.9700440958259063,1.0554105054099636,false,0,NaN
8659,F,0.9870057373417352,0.99999999606231,true,0,NaN
8660,F,0.9905016206041238,1.6081693641623291,false,0,NaN
8661,F,0.9700440941599761,1.0554100504207797,false,0,NaN
8662,F,0.9887536789729295,1.1879625949467982,false,0,NaN
8663,F,0.9878797081573324,1.1021586317757688,false,0,NaN
8664,F,0.9874427227495338,1.0395976917500507,false,0,NaN
8665,F,0.9870059940932261,1.0000023142471455,false,0,NaN
8666,F,0.9870059599773178,1.000000977125013,true,0,NaN
8667,F,0.9870058656730771,1.0000004359977774,true,0,NaN
8668,F,0.987005859126789,1.0000000482007865,true,0,NaN
8669,F,0.9870058014629776,1.0000000888204057,true,0,NaN
8670,F,0.9870058000126838,0.9999999952619434,true,0,NaN
8671,F,0.990162853839212,1.5269212486405093,false,0,NaN
8672,F,0.9723918596182516,1.016204663713587,false,0,NaN
8673,F,0.987005801538105,0.9999999952618183,true,0,NaN
8674,F,0.9901628506092406,1.5269209443068994,false,0,NaN
8675,F,0.9723918611820038,1.0162043854811476,false,0,NaN
8676,F,0.9885843260736729,1.1572134108121988,false,0,NaN
8677,F,0.9877950638058889,1.1003125581917819,false,0,NaN
8678,F,0.987400432671997,1.039208634532956,false,0,NaN
8679,F,0.9870060582995062,1.0000012967028469,false,0,NaN
8680,F,0.9870060391062175,1.0000001686181403,true,0,NaN
8681,F,0.9870059298802555,1.0000003846837673,true,0,NaN
8682,F,0.9870059240831659,1.0000000256413806,true,0,NaN
8683,F,0.9870058656706113,1.0000000994747897,true,0,NaN
8684,F,0.987005864062816,0.9999999957459766,true,0,NaN
8685,F,0.9899452071093319,1.4138414026491426,false,0,NaN
8686,F,0.9759691167854581,1.000501234895134,false,0,NaN
8687,F,0.9870058654874059,0.9999999957458467,true,0,NaN
8688,F,0.9899452051705456,1.413841269408827,false,0,NaN
8689,F,0.9759691161914427,1.0005010982788156,false,0,NaN
8690,F,0.9884755353289758,1.1540305269247235,false,0,NaN
8691,F,0.9877407004081908,1.093631110039059,false,0,NaN
8692,F,0.9873732829477984,1.031146626105711,false,0,NaN
8693,F,0.9870061223280913,1.0000022605777903,false,0,NaN
8694,F,0.9870060889745521,1.0000009247001325,true,0,NaN
8695,F,0.987005993865636,1.0000004270310967,true,0,NaN
8696,F,0.9870059874460703,1.0000000456945797,true,0,NaN
8697,F,0.9870059296343859,1.0000000869548908,true,0,NaN
8698,F,0.9870059282103862,0.9999999950548387,true,0,NaN
8699,F,0.9899170435540139,1.4121137658192104,false,0,NaN
8700,F,0.9759823094349291,0.9966216896574659,true,0,NaN
8701,F,0.9870059296237055,0.999999995054705,true,0,NaN
8702,F,0.9899170434772396,1.4121137388362315,false,0,NaN
8703,F,0.9759823087036413,0.9966216538149419,true,0,NaN
8704,F,0.9884614865504726,1.1424799147022329,false,0,NaN
8705,F,0.987733708087089,1.0935374624981202,false,0,NaN
8706,F,0.9873698188553972,1.0310673749979395,false,0,NaN
8707,F,0.9870061864980072,1.0000012815142427,false,0,NaN
8708,F,0.9870061675179589,1.0000001644677194,true,0,NaN
8709,F,0.9870060580238076,1.0000003797004453,true,0,NaN
8710,F,0.9870060522969383,1.0000000247260088,true,0,NaN
8711,F,0.9870059937866904,1.0000000980226673,true,0,NaN
8712,F,0.9870059921993963,0.9999999955900457,true,0,NaN
8713,F,0.989908003289672,1.4118187170664251,false,0,NaN
8714,F,0.9759868656714149,0.9965341952843257,true,0,NaN
8715,F,0.9870059936105332,0.9999999955899089,true,0,NaN
8716,F,0.9899080034005489,1.4118186991703816,false,0,NaN
8717,F,0.9759868649906109,0.9965341690898721,true,0,NaN
8718,F,0.988456998505541,1.1423922801936859,false,0,NaN
8719,F,0.9877314960580371,1.0934347507582536,false,0,NaN
8720,F,0.9873687448342852,1.0310430847124326,false,0,NaN
8721,F,0.9870062505766075,1.0000022377133047,false,0,NaN
8722,F,0.9870062175462523,1.0000009024691918,true,0,NaN
8723,F,0.9870061220525866,1.0000004232034856,true,0,NaN
8724,F,0.9870061156867987,1.0000000446202955,true,0,NaN
8725,F,0.987006057790555,1.0000000861572427,true,0,NaN
8726,F,0.9870060563777256,0.9999999949654835,true,0,NaN
8727,F,0.9870061848505766,1.0000003782742528,true,0,NaN
8728,F,0.9870061791434979,1.000000024448477,true,0,NaN
8729,F,0.9870061205777334,1.0000000976076693,true,0,NaN
8730,F,0.9870061189962127,0.9999999955430648,true,0,NaN
8731,F,0.9870130424783877,0.9999403653032063,true,0,NaN
8732,F,0.9870319034704926,1.0156555230677715,false,0,NaN
8733,F,0.9866030813997,1.0013064204815794,false,0,NaN
8734,F,0.9870224729744402,1.0104662213426754,false,0,NaN
8735,F,0.987017757726414,1.0104411950751735,false,0,NaN
8736,F,0.9870154001024009,0.9999053040168898,true,0,NaN
8737,F,0.9898530030513173,1.2516290283581273,false,0,NaN
8738,F,0.9881483316872357,1.7944116664880845,false,0,NaN
8739,F,0.9884342015768591,1.1428883638912586,false,0,NaN
8740,F,0.9874659212588016,1.2556584645462552,false,0,NaN
8741,F,0.98772480083963,1.061333037599975,false,0,NaN
8742,F,0.9873088126420125,1.13773071798584,false,0,NaN
8743,F,0.9873701004710154,1.0507297898869827,false,0,NaN
8744,F,0.9870259173946903,1.0865282259164974,false,0,NaN
8745,F,0.9871927502867082,1.0230383876449416,false,0,NaN
8746,F,0.987036093200086,1.0372573758308932,false,0,NaN
8747,F,0.9871040751945545,1.0201759818736993,false,0,NaN
8748,F,0.9870597376484777,1.0194361622168042,false,0,NaN
8749,F,0.98702648448892,1.0137153296490506,false,0,NaN
8750,F,0.9870167856507157,1.0009740845106458,false,0,NaN
8751,F,0.9870154866991705,0.999906182708792,true,0,NaN
8752,F,0.9878442097006601,1.1017894202610212,false,0,NaN
8753,F,0.9870155307017897,0.9999061885628496,true,0,NaN
8754,F,0.9870732223878641,1.0159090123642993,false,0,NaN
8755,F,0.9868769280357732,1.0094578656206772,false,0,NaN
8756,F,0.9870443765448269,1.0156999948248595,false,0,NaN
8757,F,0.9870299536233084,1.0104296176085426,false,0,NaN
8758,F,0.987022742162549,1.0104517350593984,false,0,NaN
8759,F,0.9870160480604349,0.9999269417530348,true,0,NaN
8760,F,0.9870827937181593,1.0100074083928283,false,0,NaN
8761,F,0.9867908493618288,1.0005089573652772,false,0,NaN
8762,F,0.9870160979517367,0.9999269967227299,true,0,NaN
8763,F,0.9870826129467513,1.009987310979513,false,0,NaN
8764,F,0.986791239461656,1.0005054569127076,false,0,NaN
8765,F,0.987049355449244,1.0093334143872719,false,0,NaN
8766,F,0.9870327267004904,1.0089682955398342,false,0,NaN
8767,F,0.9870244123261136,0.9999742688577528,true,0,NaN
8768,F,0.9870162943379629,0.9999274949518253,true,0,NaN
8769,F,0.9871241610669031,1.002348525492053,false,0,NaN
8770,F,0.9870522110109274,0.999953675641247,true,0,NaN
8771,F,0.9872416619679634,1.0052546098847985,false,0,NaN
8772,F,0.9870841994530872,1.0000412661804086,false,0,NaN
8773,F,0.9871469364894454,1.0021156901501667,false,0,NaN
8774,F,0.9870995737501864,1.000698172295438,false,0,NaN
8775,F,0.9870758923805569,1.000172299302677,false,0,NaN
8776,F,0.9872416619679634,1.005254609884798,false,0,NaN
8777,F,0.9872416615180625,1.0052799596077187,false,0,NaN
8778,F,0.9872355786453203,1.0050661898421247,false,0,NaN
8779,F,0.9872355782096345,1.005099913886364,false,0,NaN
8780,F,0.9872325351244808,1.0049758309127457,false,0,NaN
8781,F,0.9872325346955725,1.0050083353220085,false,0,NaN
8782,F,0.9872310096250086,1.0049311431512062,false,0,NaN
8783,F,0.9872310091994455,1.0049619909391616,false,0,NaN
8784,F,0.9872302392323236,1.0049086763436121,false,0,NaN
8785,F,0.9872302388084413,1.0049384869613869,false,0,NaN
8786,F,0.9872298372569981,1.0048969718268803,false,0,NaN
8787,F,0.9872298368339912,1.0049261988705998,false,0,NaN
8788,F,0.9872295766191398,1.004889387556864,false,0,NaN
8789,F,0.9872295761967002,1.0049182229806866,false,0,NaN
8790,F,0.9871007620245746,1.000733173523397,false,0,NaN
8791,F,0.9871007619578549,1.0006393377962761,false,0,NaN
8792,F,0.9870582798876334,0.9999690876505035,true,0,NaN
8793,F,0.9870992233069554,1.0004985599066933,false,0,NaN
8794,F,0.9870841387987598,1.0000059683077445,false,0,NaN
8795,F,0.9870584155335089,0.9999691957217274,true,0,NaN
8796,F,0.9871398577681709,1.0031867175655358,false,0,NaN
8797,F,0.9871398573812563,1.0029313052793785,false,0,NaN
8798,F,0.9871004402184115,1.001967662674847,false,0,NaN
8799,F,0.9871004399780907,1.0009569835472196,false,0,NaN
8800,F,0.9870796465156969,1.000188265013405,false,0,NaN
8801,F,0.9870796464893526,1.0001069886452278,false,0,NaN
8802,F,0.9870690310246025,1.0000289023903035,false,0,NaN
8803,F,0.9870690310174219,0.9999903173309372,true,0,NaN
8804,F,0.9871432789003857,1.0019991610113002,false,0,NaN
8805,F,0.9871432782774112,1.002023089382857,false,0,NaN
8806,F,0.9871061549589039,1.000785279364798,false,0,NaN
8807,F,0.9871061547123734,1.0007703463258517,false,0,NaN
8808,F,0.9870875929881628,1.0002583002267762,false,0,NaN
8809,F,0.9870875929050571,1.000206584333779,false,0,NaN
8810,F,0.9870783120027924,1.000069252562937,false,0,NaN
8811,F,0.9870783119783133,1.0000313221445332,false,0,NaN
8812,F,0.9870736715101072,1.0000117539280455,false,0,NaN
8813,F,0.9870736715034594,0.9999964668506109,true,0,NaN
8814,F,0.9871061432430953,1.0007706857703678,false,0,NaN
8815,F,0.9871061427489176,1.0007762671492926,false,0,NaN
8816,F,0.9870899073732774,1.0002747323510732,false,0,NaN
8817,F,0.9870899071956627,1.0002456236278252,false,0,NaN
8818,F,0.9870817894383683,1.000082748291646,false,0,NaN
8819,F,0.9870817893832956,1.0000509608047983,false,0,NaN
8820,F,0.9870777304709138,1.000020658964024,false,0,NaN
8821,F,0.9870777304554722,1.0000053635328001,false,0,NaN
8822,F,0.9870757009871867,1.000002878829512,false,0,NaN
8823,F,0.9870757009830938,0.9999977199730505,true,0,NaN
8824,F,0.9870899050773835,1.0002576252693727,false,0,NaN
8825,F,0.9870899048158982,1.0002385823610684,false,0,NaN
8826,F,0.9870828030302387,1.0000801797288674,false,0,NaN
8827,F,0.9870828029472777,1.000053764602715,false,0,NaN
8828,F,0.9870792520066662,1.0000211950316724,false,0,NaN
8829,F,0.9870792519830485,1.000007255766888,false,0,NaN
8830,F,0.9870774764948801,1.0000039963013547,false,0,NaN
8831,F,0.9870774764885655,0.999999091685804,true,0,NaN
8832,F,0.9870861442719411,1.000135494785706,false,0,NaN
8833,F,0.98707748490531,0.9999990927563446,true,0,NaN
8834,F,0.9870869392392695,1.0001583705356152,false,0,NaN
8835,F,0.9870822120722897,1.0000486240102835,false,0,NaN
8836,F,0.9870798484887998,1.0000131018472578,false,0,NaN
8837,F,0.9870786666970549,1.0000028651084218,false,0,NaN
8838,F,0.9871023383989167,1.0006450086708174,false,0,NaN
8839,F,0.987102337304271,1.0006620028743685,false,0,NaN
8840,F,0.9870899116521131,1.000245032581024,false,0,NaN
8841,F,0.9870899112353143,1.0002356794090606,false,0,NaN
8842,F,0.9870836982787115,1.000079464575561,false,0,NaN
8843,F,0.9870836981425035,1.000058645013952,false,0,NaN
8844,F,0.9870805915920106,1.0000224363278558,false,0,NaN
8845,F,0.9870805915524494,1.0000098049169006,false,0,NaN
8846,F,0.9870790382486601,1.0000054063187662,false,0,NaN
8847,F,0.9870790382379602,1.0000006782067037,true,0,NaN
8848,F,0.9870782615769849,1.0000007357051959,true,0,NaN
8849,F,0.9870782615742003,0.9999993068290152,true,0,NaN
8850,F,0.9870836477958193,1.0000690060316166,false,0,NaN
8851,F,0.987082714806213,1.0000320769595143,false,0,NaN
8852,F,0.987078265861354,0.999999307185429,true,0,NaN
8853,F,0.987118469172033,0.9979785771758463,true,0,NaN
8854,F,0.9871903313485884,1.0004525919524874,false,0,NaN
8855,F,0.9871762735136735,0.9999770146986563,true,0,NaN
8856,F,0.9871777047867903,0.9999991341093374,true,0,NaN
8857,F,0.9872022060886012,1.0054275170851827,false,0,NaN
8858,F,0.9870439958188495,1.000159022676402,false,0,NaN
8859,F,0.9871899554376957,1.005423412264209,false,0,NaN
8860,F,0.9871838301122431,0.9998438116836744,true,0,NaN
8861,F,0.9872267420257902,1.0057332365008356,false,0,NaN
8862,F,0.9870595173811016,1.00013678253261,false,0,NaN
8863,F,0.9872052860690166,1.005449033173464,false,0,NaN
8864,F,0.9871945580906298,1.0053475994062748,false,0,NaN
8865,F,0.9871891941014365,1.0054172665611136,false,0,NaN
8866,F,0.9871969057928586,1.0053722495246957,false,0,NaN
8867,F,0.9871966998659066,1.005703560829012,false,0,NaN
8868,F,0.9871905185132887,1.0054274028222043,false,0,NaN
8869,F,0.9871903096625416,1.005754993746949,false,0,NaN
8870,F,0.9871873248734404,1.005407817479656,false,0,NaN
8871,F,0.9871871163320607,1.0057306499494465,false,0,NaN
8872,F,0.9871857280533899,1.0053584824576436,false,0,NaN
8873,F,0.9871855211517874,1.0056769107911454,false,0,NaN
8874,F,0.9871849296431118,1.0053551205452322,false,0,NaN
8875,F,0.9871847227612225,1.005672256166601,false,0,NaN
8876,F,0.9871845304374669,1.0053237891002498,false,0,NaN
8877,F,0.9871843246790187,1.005656477881963,false,0,NaN
8878,F,0.9871843308336329,0.9998459507011129,true,0,NaN
8879,F,0.9872829681655506,1.0078661911622364,false,0,NaN
8880,F,0.9872824366847243,1.0084265892947797,false,0,NaN
8881,F,0.987234634152488,1.0030375568987284,false,0,NaN
8882,F,0.987234422652953,1.0032881973333945,false,0,NaN
8883,F,0.9872104564070202,1.0016006325936786,false,0,NaN
8884,F,0.9872103401287519,1.0017071621332525,false,0,NaN
8885,F,0.9871983459725303,1.0002616256189503,false,0,NaN
8886,F,0.9871983184268491,1.0003227490057847,false,0,NaN
8887,F,0.9871922469464992,1.0000476801325473,false,0,NaN
8888,F,0.9871922335784216,1.000061509078963,false,0,NaN
8889,F,0.9871891282318315,0.9999132692334539,true,0,NaN
8890,F,0.9872249965010845,1.0156254097300659,false,0,NaN
8891,F,0.9872071135843421,1.0054884093093506,false,0,NaN
8892,F,0.9871981680925217,1.005348356901383,false,0,NaN
8893,F,0.9871936872477279,0.9999489401440101,true,0,NaN
8894,F,0.9872244999020716,1.0156170076989124,false,0,NaN
8895,F,0.9872090985487719,1.0054762472334782,false,0,NaN
8896,F,0.9872013976786768,1.0054797021980644,false,0,NaN
8897,F,0.9871975468566533,0.9998776605059456,true,0,NaN
8898,F,0.9872011489411454,0.9999994342521145,true,0,NaN
8899,F,0.9872011657670857,0.9999996304818992,true,0,NaN
8900,F,0.9872013167481112,0.9999999025873797,true,0,NaN
8901,F,0.9872015291804354,1.0000095516759622,false,0,NaN
8902,F,0.9872014031171129,1.0001346664445543,false,0,NaN
8903,F,0.9872014229642733,1.0000008145189325,true,0,NaN
8904,F,0.9872013698561922,1.000000022854127,true,0,NaN
8905,F,0.9872013433021517,0.9999999108899654,true,0,NaN
8906,F,0.9872015464434862,1.000006792767238,false,0,NaN
8907,F,0.9872014432309765,1.0000095274424514,false,0,NaN
8908,F,0.9872014448728189,1.0000007003083198,true,0,NaN
8909,F,0.9872013940874853,1.0000000209476534,true,0,NaN
8910,F,0.9872013686948186,0.9999999175925752,true,0,NaN
8911,F,0.9872016257168239,1.000003366431847,false,0,NaN
8912,F,0.9872017009658058,1.00000464504043,false,0,NaN
8913,F,0.9872014972058212,1.0000003770465251,true,0,NaN
8914,F,0.9872014329503199,0.9999999740262118,true,0,NaN
8915,F,0.9872018886332126,1.0000130564663252,false,0,NaN
8916,F,0.9872019328124443,1.0000025744728986,false,0,NaN
8917,F,0.9872016607917662,1.0000004058689171,true,0,NaN
8918,F,0.9872015468710431,0.9999999564593218,true,0,NaN
8919,F,0.9872025916680799,1.0041153415261626,false,0,NaN
8920,F,0.9870822519546427,1.001508813239895,false,0,NaN
8921,F,0.9872020692695616,0.9999999365507722,true,0,NaN
8922,F,0.9872044459430871,1.0055337938214124,false,0,NaN
8923,F,0.9870433661459268,1.0002477879298723,false,0,NaN
8924,F,0.9872032576063243,1.0055312137033603,false,0,NaN
8925,F,0.9872026634379429,1.0014113281673565,false,0,NaN
8926,F,0.9872023663537522,1.000005929183775,false,0,NaN
8927,F,0.9872044459430871,1.0055337938214128,false,0,NaN
8928,F,0.9870693909971894,1.0194020759102542,false,0,NaN
8929,F,0.9872032595931398,1.0055312295641599,false,0,NaN
8930,F,0.9870682705863398,1.019391197458781,false,0,NaN
8931,F,0.9872026664181662,1.001457685510966,false,0,NaN
8932,F,0.9871670898396632,1.0105668316180663,false,0,NaN
8933,F,0.9872023698306793,1.0000062453903031,false,0,NaN
8934,F,0.9872022150295481,1.0000041785385059,false,0,NaN
8935,F,0.9872022215369359,1.0000002249847273,true,0,NaN
8936,F,0.9872022140778731,0.9999999320814108,true,0,NaN
8937,F,0.9872028945644036,1.000000447370169,true,0,NaN
8938,F,0.9872035350047231,1.0000019661619866,false,0,NaN
8939,F,0.9872022717734732,0.9999999127065919,true,0,NaN
8940,F,0.9872039239580616,1.0000019555245707,false,0,NaN
8941,F,0.9872054655091165,1.0000029004427,false,0,NaN
8942,F,0.9872030978657673,1.0000001112144805,true,0,NaN
8943,F,0.9872026848196203,0.9999999150029049,true,0,NaN
8944,F,0.9872077362992838,1.0001029853024104,false,0,NaN
8945,F,0.9872240026325886,1.0181907671379422,false,0,NaN
8946,F,0.9872052105594521,1.0000373169596855,false,0,NaN
8947,F,0.9872039476895361,0.9999855305538143,true,0,NaN
8948,F,0.9872138481747362,1.0093006943855984,false,0,NaN
8949,F,0.9869570887783812,1.0004185465623192,false,0,NaN
8950,F,0.9872088979321362,1.000045060389484,false,0,NaN
8951,F,0.9872064228108361,1.000014236410915,false,0,NaN
8952,F,0.9872051852501862,0.9999886240900753,true,0,NaN
8953,F,0.9872942321931993,1.0130057702553845,false,0,NaN
8954,F,0.9869232135210495,0.999620495233218,true,0,NaN
8955,F,0.9872497087216927,1.0096369244340027,false,0,NaN
8956,F,0.9872274469859394,1.0093557306294392,false,0,NaN
8957,F,0.9872163161180628,1.0092388674499522,false,0,NaN
8958,F,0.9872272746607961,1.0093543221564885,false,0,NaN
8959,F,0.9870437314917974,0.9998220667796003,true,0,NaN
8960,F,0.9872162322358633,1.0092384744109433,false,0,NaN
8961,F,0.987034932978306,0.9996010671054806,true,0,NaN
8962,F,0.9872107110233969,0.9999934662252637,true,0,NaN
8963,F,0.989034361173743,1.2956269764033732,false,0,NaN
8964,F,0.9838300994581097,1.6042894489249475,false,0,NaN
8965,F,0.988124089369075,1.155539348498446,false,0,NaN
8966,F,0.9853858968019831,1.1306209031745629,false,0,NaN
8967,F,0.9876689008595106,1.0632321714955373,false,0,NaN
8968,F,0.986555661793457,1.048066871751983,false,0,NaN
8969,F,0.987441201283733,1.0452619717113696,false,0,NaN
8970,F,0.9866443053232622,1.0013168261050285,false,0,NaN
8971,F,0.9873271399969679,1.0110123638850204,false,0,NaN
8972,F,0.9871331659539333,1.0289130778271023,false,0,NaN
8973,F,0.9872696793494142,1.0092834305455862,false,0,NaN
8974,F,0.9871061410359689,1.017831140246819,false,0,NaN
8975,F,0.9872403617691022,1.0093189228337573,false,0,NaN
8976,F,0.9872182097383344,1.0092808927818968,false,0,NaN
8977,F,0.9872116721017196,1.000014489317857,false,0,NaN
8978,F,0.9872113020162187,1.000039220487765,false,0,NaN
8979,F,0.9872107742914098,0.9999936412372797,true,0,NaN
8980,F,0.9872116263714911,1.0000001825505809,true,0,NaN
8981,F,0.987212093209447,1.0000377177397612,false,0,NaN
8982,F,0.9872107743691548,0.999993641814492,true,0,NaN
8983,F,0.9872109905492673,0.9999999712245123,true,0,NaN
8984,F,0.9872111272934366,0.9999994853733438,true,0,NaN
8985,F,0.9872113621027225,0.9999997232190435,true,0,NaN
8986,F,0.9872121157512812,1.0019490081872138,false,0,NaN
8987,F,0.9871555396525483,1.013586837760212,false,0,NaN
8988,F,0.9872117389270019,1.0000632754903167,false,0,NaN
8989,F,0.9872115505148622,1.000003858583271,false,0,NaN
8990,F,0.9872114563087924,1.0000000326963567,true,0,NaN
8991,F,0.9872121157512812,1.001949008187214,false,0,NaN
8992,F,0.9871744520935487,1.0113969302728278,false,0,NaN
8993,F,0.9872117402121291,1.0000631998464868,false,0,NaN
8994,F,0.9872105131759562,1.0004256587552323,false,0,NaN
8995,F,0.9872115524425531,1.0000038765697759,false,0,NaN
8996,F,0.987211471898295,1.0000004797794158,true,0,NaN
8997,F,0.987211458557765,1.0000000531873756,true,0,NaN
8998,F,0.9872114520340639,0.999999753198374,true,0,NaN
8999,F,0.9872129197149433,1.0092370120495202,false,0,NaN
9000,F,0.986941415207448,1.0000889171774925,false,0,NaN
9001,F,0.9872121858745037,1.0000000690459827,true,0,NaN
9002,F,0.9872118189542838,0.99999979787039,true,0,NaN
9003,F,0.9872153379425185,1.009229917940209,false,0,NaN
9004,F,0.9869458525964551,1.0000807673587124,false,0,NaN
9005,F,0.9872135784484011,1.0092250736785533,false,0,NaN
9006,F,0.9872126987013424,1.003248501521691,false,0,NaN
9007,F,0.9872122588278132,0.9999997736961351,true,0,NaN
9008,F,0.9872124486718785,0.9999788586606762,true,0,NaN
9009,F,0.9872131563489401,1.000001042829104,false,0,NaN
9010,F,0.987213212499429,1.0000017198793865,false,0,NaN
9011,F,0.9872128025104093,0.9999897834811211,true,0,NaN
9012,F,0.9872132154431251,0.999999794948785,true,0,NaN
9013,F,0.9872183544245043,1.0093457376352386,false,0,NaN
9014,F,0.9869427364915481,1.0000395544249279,false,0,NaN
9015,F,0.9872157849338148,1.009265275599585,false,0,NaN
9016,F,0.9872145001884699,1.0059143708810379,false,0,NaN
9017,F,0.9872138578157975,1.0000270688140676,false,0,NaN
9018,F,0.9872183544245043,1.0093457376352393,false,0,NaN
9019,F,0.9870035457865609,1.0156612978367316,false,0,NaN
9020,F,0.9872157857077561,1.0092653119556516,false,0,NaN
9021,F,0.9870028270967504,1.0157539457020168,false,0,NaN
9022,F,0.987214501349382,1.0060491371053195,false,0,NaN
9023,F,0.987075463525018,1.019428179497364,false,0,NaN
9024,F,0.987213859170195,1.0000287862587063,false,0,NaN
9025,F,0.9872131924546524,1.0092179498446296,false,0,NaN
9026,F,0.9872135380806015,1.0000010758271776,false,0,NaN
9027,F,0.9872135084490177,1.000000452455855,true,0,NaN
9028,F,0.9872133775358047,0.9999999774294878,true,0,NaN
9029,F,0.9872178456274531,1.0010494335870548,false,0,NaN
9030,F,0.9871868992514686,1.0003456144187406,false,0,NaN
9031,F,0.9872133905773717,0.999999977032745,true,0,NaN
9032,F,0.9874133258485525,1.0334583643749933,false,0,NaN
9033,F,0.9865550256531744,1.0073587030720534,false,0,NaN
9034,F,0.987313359843695,1.0116466991938164,false,0,NaN
9035,F,0.9870145891916935,1.0052966553991118,false,0,NaN
9036,F,0.9872633768411041,1.0113969390016686,false,0,NaN
9037,F,0.9869710132288727,1.0050671246231118,false,0,NaN
9038,F,0.9872383853394847,1.0120034951757482,false,0,NaN
9039,F,0.9872258895880268,1.0123467648732132,false,0,NaN
9040,F,0.9872196417110017,1.0125629350323124,false,0,NaN
9041,F,0.9872165177698968,1.0126342502834207,false,0,NaN
9042,F,0.9872141747959212,1.0092339386142122,false,0,NaN
9043,F,0.9872134912407471,1.0011688431849102,false,0,NaN
9044,F,0.9872133981576533,1.0000000401002556,true,0,NaN
9045,F,0.9872133965262816,0.9999999792397053,true,0,NaN
9046,F,0.9872134363488062,1.000000803843663,true,0,NaN
9047,F,0.9872134139597328,1.0000000157172688,true,0,NaN
9048,F,0.9872134167503381,1.000000221609118,true,0,NaN
9049,F,0.9872134101696923,0.9999999851363872,true,0,NaN
9050,F,0.9872136874345576,1.0000143943096371,false,0,NaN
9051,F,0.9872135305959174,1.0004660221459365,false,0,NaN
9052,F,0.9872134101697947,0.9999999851362559,true,0,NaN
9053,F,0.9872154695602295,1.0056992997488323,false,0,NaN
9054,F,0.9870913983075422,0.9996853098672797,true,0,NaN
9055,F,0.9872144398650121,1.0056561403537376,false,0,NaN
9056,F,0.9872139250174033,1.005605414890329,false,0,NaN
9057,F,0.9872136675935991,1.0053647479956678,false,0,NaN
9058,F,0.987213410678246,0.9999999854438699,true,0,NaN
9059,F,0.9872134435571712,0.9999998363157339,true,0,NaN
9060,F,0.9872135099723932,0.9999997218505543,true,0,NaN
9061,F,0.9872157703199944,1.010946759314582,false,0,NaN
9062,F,0.9872146401461938,1.003357109191279,false,0,NaN
9063,F,0.9872140750592935,1.0003334534297277,false,0,NaN
9064,F,0.9872137925158434,1.0000319474369046,false,0,NaN
9065,F,0.9872157703199944,1.0109467593145818,false,0,NaN
9066,F,0.9869455432659265,0.974064085178273,true,0,NaN
9067,F,0.9872146416952277,1.0032711534866576,false,0,NaN
9068,F,0.9871338862228581,0.9986267838396486,true,0,NaN
9069,F,0.9872140773828443,1.0003150044156135,false,0,NaN
9070,F,0.9872062942625037,0.9999043616501045,true,0,NaN
9071,F,0.9872137952266525,1.0000307585163848,false,0,NaN
9072,F,0.9872130288746941,1.000017327927011,false,0,NaN
9073,F,0.9872136541485567,1.0000093640960408,false,0,NaN
9074,F,0.9872134160225541,1.0000022169288092,false,0,NaN
9075,F,0.9872135836095086,1.000003342885428,false,0,NaN
9076,F,0.9872134941704228,1.0000007666428692,true,0,NaN
9077,F,0.9872135483399845,1.0000010478074102,false,0,NaN
9078,F,0.9872135155817171,1.0000000651763492,true,0,NaN
9079,F,0.9872135218878403,0.9999998978281206,true,0,NaN
9080,F,0.9872432650325079,1.0106165844058475,false,0,NaN
9081,F,0.9869794365649374,1.0142693425613847,false,0,NaN
9082,F,0.9872135340982469,0.9999998979767128,true,0,NaN
9083,F,0.9872413077073321,1.0038329676543212,false,0,NaN
9084,F,0.9871295113137699,1.0035955273967652,false,0,NaN
9085,F,0.9872274209027895,1.0000775653134946,false,0,NaN
9086,F,0.9872204775005182,1.0000233036347899,false,0,NaN
9087,F,0.9872170057993825,1.0000054480929674,false,0,NaN
9088,F,0.9872135591719864,0.9999998995925709,true,0,NaN
9089,F,0.9872444466868682,1.00038022104939,false,0,NaN
9090,F,0.9872333722293131,1.0000040887776407,false,0,NaN
9091,F,0.9872136115301963,0.9999999003054861,true,0,NaN
9092,F,0.9873203802024417,0.9969414309233766,true,0,NaN
9093,F,0.9875985247982146,1.0078097641049073,false,0,NaN
9094,F,0.9873832442565907,1.0005674061010854,false,0,NaN
9095,F,0.9874594525003282,1.0020889843703769,false,0,NaN
9096,F,0.987389916351385,0.9993481863238635,true,0,NaN
9097,F,0.9874139563991128,1.0000157579640867,false,0,NaN
9098,F,0.9874134192125934,0.9999972637812449,true,0,NaN
9099,F,0.987414674468688,0.9999286464701838,true,0,NaN
9100,F,0.9874347133184894,1.0041452095836907,false,0,NaN
9101,F,0.9873168106306432,0.999934882867659,true,0,NaN
9102,F,0.9874246938935887,1.0040822230856161,false,0,NaN
9103,F,0.9874196841811383,0.999670985606794,true,0,NaN
9104,F,0.9874444949031118,1.0004387601383145,false,0,NaN
9105,F,0.9874317734982325,1.0000035272852679,false,0,NaN
9106,F,0.9874320895421251,1.0000478067513106,false,0,NaN
9107,F,0.9874258868616317,0.999835985671975,true,0,NaN
9108,F,0.987432852012623,0.9997543933080746,true,0,NaN
9109,F,0.9999371642600631,NaN,false,-300,NaN
9110,F,0.9936850254024636,1.4537492814899833,false,0,NaN
9111,F,0.9935786268936114,1.3857601238453945,false,0,NaN
9112,F,0.9905589502606399,1.1409051067739129,false,0,NaN
9113,F,0.9905258700965146,1.1098651161024082,false,0,NaN
9114,F,0.9889959126742095,1.0690434712637435,false,0,NaN
9115,F,0.9889796740451979,1.0247571032090126,false,0,NaN
9116,F,0.9882143938499572,1.0317116880544912,false,0,NaN
9117,F,0.9882069043195907,1.0219282200709814,false,0,NaN
9118,F,0.9878236343757569,1.0254843031682928,false,0,NaN
9119,F,0.9878176042989596,1.005728849093376,false,0,NaN
9120,F,0.9876282545145083,1.020827336169831,false,0,NaN
9121,F,0.9876233158472284,1.0024844180685002,false,0,NaN
9122,F,0.9874817187495164,1.0019276461841011,false,0,NaN
9123,F,0.9874812094246956,1.0018513120274612,false,0,NaN
9124,F,0.9874389703192522,0.9999755952254006,true,0,NaN
9125,F,0.9874701173609582,1.0165325477220404,false,0,NaN
9126,F,0.987454549124439,1.0164668781238109,false,0,NaN
9127,F,0.9874467650023729,1.0115709378013436,false,0,NaN
9128,F,0.987442872933727,1.0115553155373254,false,0,NaN
9129,F,0.9874409268841782,1.0014220379016257,false,0,NaN
9130,F,0.9874399538289497,1.0003319381877094,false,0,NaN
9131,F,0.9874394672404108,0.9999763317388219,true,0,NaN
9132,F,0.9874464589573018,1.011548078734823,false,0,NaN
9133,F,0.9874394679971685,0.9999763342888351,true,0,NaN
9134,F,0.9874502210514381,1.0164980119045592,false,0,NaN
9135,F,0.9874448445243033,1.0114995839555156,false,0,NaN
9136,F,0.987442156260736,1.0013876230776568,false,0,NaN
9137,F,0.9874408121289522,1.0014402407809166,false,0,NaN
9138,F,0.9874394831016068,0.9999763835062817,true,0,NaN
9139,F,0.9874525681440831,1.016405218852663,false,0,NaN
9140,F,0.9874460314331411,1.011543737934335,false,0,NaN
9141,F,0.9874427630258026,1.0115447048219974,false,0,NaN
9142,F,0.9874411287183834,1.0014190966418517,false,0,NaN
9143,F,0.987440311357059,1.0014191580166087,false,0,NaN
9144,F,0.9874399022602416,1.0000447083021193,false,0,NaN
9145,F,0.98743969687203,0.9999776316148754,true,0,NaN
9146,F,0.9874411627340038,1.0047376454690142,false,0,NaN
9147,F,0.9874404298030169,1.0047094327480484,false,0,NaN
9148,F,0.9874400633375235,1.001649425668208,false,0,NaN
9149,F,0.9874398801047768,1.0000449171168806,false,0,NaN
9150,F,0.9874397884884034,0.9999819944596462,true,0,NaN
9151,F,0.9874407895554302,1.0000070791110214,false,0,NaN
9152,F,0.9874397885091426,0.999981994830811,true,0,NaN
9153,F,0.9874407896925926,1.0000070914643278,false,0,NaN
9154,F,0.9874402891008677,0.9999929205055073,true,0,NaN
9155,F,0.9874400388050051,0.9999870357017999,true,0,NaN
9156,F,0.9874399136570738,0.9999843850837702,true,0,NaN
9157,F,0.9874402880143166,0.9999993033538527,true,0,NaN
9158,F,0.9874443717758592,0.999943961503174,true,0,NaN
9159,F,0.9877442040819475,1.078227654758355,false,0,NaN
9160,F,0.9861409142396486,1.0023151631284708,false,0,NaN
9161,F,0.9875942879289034,1.0542457161971637,false,0,NaN
9162,F,0.9875193298523813,1.036337084293307,false,0,NaN
9163,F,0.9874818508141202,1.0026571515013143,false,0,NaN
9164,F,0.9877207933984458,1.0691364725932404,false,0,NaN
9165,F,0.9869480920772798,1.2557309828340992,false,0,NaN
9166,F,0.9875826035030257,1.0520843853037634,false,0,NaN
9167,F,0.9870001842141044,1.156402560457775,false,0,NaN
9168,F,0.987513508555312,1.0216742627262114,false,0,NaN
9169,F,0.987270800516654,1.071277593531642,false,0,NaN
9170,F,0.9874789610814478,1.0036343143315856,false,0,NaN
9171,F,0.9874377905589148,1.0365689669649136,false,0,NaN
9172,F,0.987461687344501,1.002516879006083,false,0,NaN
9173,F,0.9874329690560351,1.0191475621200117,false,0,NaN
9174,F,0.9874530504759981,0.9995311289440394,true,0,NaN
9175,F,0.9875004077569243,1.0166870506293997,false,0,NaN
9176,F,0.9870601924497903,0.9934582405711296,true,0,NaN
9177,F,0.987463629116329,1.002849191741868,false,0,NaN
9178,F,0.9874583397961635,0.9994209768188742,true,0,NaN
9179,F,0.9874982198117227,1.0056773071997371,false,0,NaN
9180,F,0.9873385872989964,1.0002700223673116,false,0,NaN
9181,F,0.9874782798039431,1.0027754424292046,false,0,NaN
9182,F,0.9874683098000533,1.0024682340820967,false,0,NaN
9183,F,0.9874633247981084,1.0025406776070729,false,0,NaN
9184,F,0.9874692734421173,1.0025094257601888,false,0,NaN
9185,F,0.9874690749365828,1.002751197941587,false,0,NaN
9186,F,0.9874651051274274,1.0025962747314376,false,0,NaN
9187,F,0.9874648964926671,1.0028027038751728,false,0,NaN
9188,F,0.9874630209645794,0.9995164449593897,true,0,NaN
9189,F,0.9874944136389895,1.0055511482935073,false,0,NaN
9190,F,0.9873396150802916,1.000239744816116,false,0,NaN
9191,F,0.9874752653305174,1.002624717980288,false,0,NaN
9192,F,0.9874691431475484,1.0025030724034862,false,0,NaN
9193,F,0.9874660820560639,1.0026044205270037,false,0,NaN
9194,F,0.987475267006212,1.0026247147467486,false,0,NaN
9195,F,0.9874358054498785,1.0187817380594852,false,0,NaN
9196,F,0.9874691453544391,1.0025030710511054,false,0,NaN
9197,F,0.987430059585007,1.0188681205989263,false,0,NaN
9198,F,0.9874660845285526,1.0026043755748744,false,0,NaN
9199,F,0.9874249960949538,1.0186923969019381,false,0,NaN
9200,F,0.9874645541156093,1.0025858491690944,false,0,NaN
9201,F,0.9874233990520114,1.0186608667667807,false,0,NaN
9202,F,0.9874637889091377,1.0025539231527252,false,0,NaN
9203,F,0.9874229067373478,1.0186751171052058,false,0,NaN
9204,F,0.9874634063059018,0.9995223557040287,true,0,NaN
9205,F,0.9875734163872594,1.0442509224800633,false,0,NaN
9206,F,0.987518411030585,1.0186660556456477,false,0,NaN
9207,F,0.9874909083522447,1.0127069124128094,false,0,NaN
9208,F,0.9874771570130685,1.019046817158023,false,0,NaN
9209,F,0.9874702813434683,1.019164493665134,false,0,NaN
9210,F,0.9874668435086439,1.0040959976364403,false,0,NaN
9211,F,0.9874651245911831,1.0041142984697016,false,0,NaN
9212,F,0.9874638354027473,1.0010159487713617,false,0,NaN
9213,F,0.9874634593859385,0.9995226136176422,true,0,NaN
9214,F,0.9874865372264564,1.003022744802226,false,0,NaN
9215,F,0.9874405093470672,1.0014335844195164,false,0,NaN
9216,F,0.9874634603479642,0.9995226334186844,true,0,NaN
9217,F,0.9874948920048623,1.005518718649882,false,0,NaN
9218,F,0.9874120410169875,1.0026904763307412,false,0,NaN
9219,F,0.9874791761764132,1.0027716421383257,false,0,NaN
9220,F,0.9874713182621887,1.0025044438768658,false,0,NaN
9221,F,0.9874673893050765,1.0026117446323197,false,0,NaN
9222,F,0.9874634758259979,0.999522694512731,true,0,NaN
9223,F,0.9875114731073608,1.0192995069348265,false,0,NaN
9224,F,0.9870144200844764,1.0060782399925845,false,0,NaN
9225,F,0.9874635037591948,0.9995229712752229,true,0,NaN
9226,F,0.9874967497237976,1.0056210300754187,false,0,NaN
9227,F,0.9873403418809301,1.0002968710798579,false,0,NaN
9228,F,0.9874801267414962,1.0027881555641187,false,0,NaN
9229,F,0.9874718152503454,1.0025303721712513,false,0,NaN
9230,F,0.9874676595047701,1.0026131004953673,false,0,NaN
9231,F,0.987463775940274,0.9995916088882262,true,0,NaN
9232,F,0.9875059189882591,1.00594578774639,false,0,NaN
9233,F,0.9873398863755912,1.0002162108121042,false,0,NaN
9234,F,0.987464120004557,1.0017606467239468,false,0,NaN
9235,F,0.9874639479724155,0.9995932911166262,true,0,NaN
9236,F,0.9874638619563447,0.999592444147027,true,0,NaN
9237,F,0.9874965335503713,1.0056647516141806,false,0,NaN
9238,F,0.9873384042700882,1.0001899957945892,false,0,NaN
9239,F,0.987480197753358,1.002824369786356,false,0,NaN
9240,F,0.9874720298548514,1.0025824752220838,false,0,NaN
9241,F,0.987467945905598,1.002674547002465,false,0,NaN
9242,F,0.9874659219613192,0.9996192376293926,true,0,NaN
9243,F,0.9874963428192836,1.005644434763168,false,0,NaN
9244,F,0.9873388234699415,1.0001901671199802,false,0,NaN
9245,F,0.9874667912525062,1.002676083951391,false,0,NaN
9246,F,0.9874663566069127,1.0026707289530516,false,0,NaN
9247,F,0.987466139284116,1.0026681101218151,false,0,NaN
9248,F,0.9874671529345537,1.0026792437639784,false,0,NaN
9249,F,0.9874669809022903,1.002855759115873,false,0,NaN
9250,F,0.9874667235852915,1.002673892221601,false,0,NaN
9251,F,0.9874665515495581,1.0028504602858215,false,0,NaN
9252,F,0.9874665089099515,1.0026712745574242,false,0,NaN
9253,F,0.9874663368692043,1.002847872756155,false,0,NaN
9254,F,0.9874664015708634,1.0026691108716377,false,0,NaN
9255,F,0.9874662295758385,1.0028462528435256,false,0,NaN
9256,F,0.9874663478984831,0.9996586495898567,true,0,NaN
9257,F,0.987503113028413,1.0008964830044427,false,0,NaN
9258,F,0.9874773609866433,1.0000041176021328,false,0,NaN
9259,F,0.9874668098229539,0.9996646191206673,true,0,NaN
9260,F,0.9874775640162252,1.0000195070946494,false,0,NaN
9261,F,0.9874769542655047,0.9999983107070759,true,0,NaN
9262,F,0.9999373847713275,NaN,false,-300,NaN
9263,F,0.9937073232858934,2.95766058960284,false,0,NaN
9264,F,0.9934914142638179,1.7016998596082868,false,0,NaN
9265,F,0.9905922451048009,1.3029442582985373,false,0,NaN
9266,F,0.9905588334362044,1.2248710869100523,false,0,NaN
9267,F,0.9890347059844176,1.1282811366725767,false,0,NaN
9268,F,0.9890205577731547,1.1126736512887683,false,0,NaN
9269,F,0.9882559363645518,1.050151386622687,false,0,NaN
9270,F,0.9882504050215352,1.030116440862697,false,0,NaN
9271,F,0.9878665514352704,1.020002628458821,false,0,NaN
9272,F,0.9878643451749111,1.0210168945006366,false,0,NaN
9273,F,0.9876718587319323,1.0130910894108136,false,0,NaN
9274,F,0.9876704147397398,1.0137358290287781,false,0,NaN
9275,F,0.9875258375334874,1.0086228189764634,false,0,NaN
9276,F,0.9875248863433019,1.0058126109211076,false,0,NaN
9277,F,0.9874832307174275,1.0031572383437757,false,0,NaN
9278,F,0.9874828823218007,1.000282243601034,false,0,NaN
9279,F,0.9874773730172629,1.0000027659318234,false,0,NaN
9280,F,0.9874773725258997,1.0000009491360329,true,0,NaN
9281,F,0.9874769673514971,0.9999983162173549,true,0,NaN
9282,F,0.9874770589445644,0.9999985789994796,true,0,NaN
9283,F,0.9874776995537762,1.0000091350377278,false,0,NaN
9284,F,0.9874776978234859,1.0000074539572483,false,0,NaN
9285,F,0.9874773792491703,1.000001787615802,false,0,NaN
9286,F,0.9874773787232307,1.0000003824855968,true,0,NaN
9287,F,0.9874772190968674,0.9999994722371355,true,0,NaN
9288,F,0.9874778553769166,1.0000076985588866,false,0,NaN
9289,F,0.9874786416509111,1.0023384666345194,false,0,NaN
9290,F,0.9874772192607338,0.9999994722851179,true,0,NaN
9291,F,0.9874788454464647,1.0004456071182648,false,0,NaN
9292,F,0.9874659933923394,0.9999958120775759,true,0,NaN
9293,F,0.9874780323535992,1.000015883964461,false,0,NaN
9294,F,0.9874776258071666,1.0000016850743698,false,0,NaN
9295,F,0.9874774225339502,0.9999999273035384,true,0,NaN
9296,F,0.987478632925346,1.0002802936552078,false,0,NaN
9297,F,0.9874705444697089,0.9999979224421632,true,0,NaN
9298,F,0.9874780277296481,1.0000163270819504,false,0,NaN
9299,F,0.9874777251317991,1.0000023370035045,false,0,NaN
9300,F,0.9874775738328747,1.0000003918390055,true,0,NaN
9301,F,0.9874776235105245,1.0000016532121774,false,0,NaN
9302,F,0.9874776227153484,1.000000855199278,true,0,NaN
9303,F,0.9874776117234926,1.0000016322590306,false,0,NaN
9304,F,0.9874776109394068,1.0000008423746027,true,0,NaN
9305,F,0.9874776058299762,1.0000016237747102,false,0,NaN
9306,F,0.9874776050505208,1.0000008370608546,true,0,NaN
9307,F,0.9874776028832171,1.0000016200124726,false,0,NaN
9308,F,0.9874776021058568,1.0000008346675044,true,0,NaN
9309,F,0.9874776014098356,1.0000016182491374,false,0,NaN
9310,F,0.9874776006334687,1.0000008335353519,true,0,NaN
9311,F,0.9874776006731412,1.0000016173966402,false,0,NaN
9312,F,0.9874775998972576,1.0000008329852448,true,0,NaN
9313,F,0.9874776003047865,1.0000016169776431,false,0,NaN
9314,F,0.9874775995291412,1.0000008327141523,true,0,NaN
9315,F,0.987477600028468,1.0000016166665062,false,0,NaN
9316,F,0.9874775992529998,1.0000008325125274,true,0,NaN
9317,F,0.9874775999473139,1.0000016165756391,false,0,NaN
9318,F,0.9874775991718978,1.0000008324535996,true,0,NaN
9319,F,0.9874774557897265,0.9999999967335104,true,0,NaN
9320,F,0.9874786036952089,1.0002671105908467,false,0,NaN
9321,F,0.9874708953351746,0.999998014994685,true,0,NaN
9322,F,0.9874774557897567,0.9999999967335007,true,0,NaN
9323,F,0.9874786036951649,1.0002671105738856,false,0,NaN
9324,F,0.9874708953356195,0.9999980149947405,true,0,NaN
9325,F,0.9874780297424608,1.0000154722983454,false,0,NaN
9326,F,0.9874777427661088,1.0000022308136733,false,0,NaN
9327,F,0.9874775992779327,1.0000004173841235,true,0,NaN
9328,F,0.9874775221504463,1.0000002982933154,true,0,NaN
9329,F,0.9874775219733147,1.0000000750306572,true,0,NaN
9330,F,0.9874774889701015,1.0000000753450133,true,0,NaN
9331,F,0.9874774889239263,1.0000000073485138,true,0,NaN
9332,F,0.9874774723799291,1.0000000168092291,true,0,NaN
9333,F,0.9874774723681369,0.9999999981129271,true,0,NaN
9334,F,0.9874786141004502,1.0002659128852414,false,0,NaN
9335,F,0.9874709402868045,0.9999980284939928,true,0,NaN
9336,F,0.987477472368167,0.9999999981129165,true,0,NaN
9337,F,0.987478614100407,1.0002659128691886,false,0,NaN
9338,F,0.9874709402872239,0.9999980284941888,true,0,NaN
9339,F,0.987478043234287,1.0000153279581623,false,0,NaN
9340,F,0.9874777578012269,1.0000022071992776,false,0,NaN
9341,F,0.987477615084697,1.0000004133537646,true,0,NaN
9342,F,0.9874775386211463,1.0000003205766999,true,0,NaN
9343,F,0.9874775384013309,1.0000000868517958,true,0,NaN
9344,F,0.987477505494188,1.0000000814952978,true,0,NaN
9345,F,0.9874775054366542,1.00000000904785,true,0,NaN
9346,F,0.9874774889307085,1.0000000184628361,true,0,NaN
9347,F,0.9874774889159593,0.999999998343921,true,0,NaN
9348,F,0.9874786166794166,1.0002647758237733,false,0,NaN
9349,F,0.9874709756437025,0.9999980431912765,true,0,NaN
9350,F,0.9874774889159891,0.9999999983439125,true,0,NaN
9351,F,0.9874786166793749,1.0002647758089112,false,0,NaN
9352,F,0.9874709756440891,0.9999980431914696,true,0,NaN
9353,F,0.987478052797682,1.0000151274691809,false,0,NaN
9354,F,0.9874777708568355,1.0000021666186982,false,0,NaN
9355,F,0.9874776298864123,1.0000004040577737,true,0,NaN
9356,F,0.9874775550341829,1.0000003461928402,true,0,NaN
9357,F,0.9874775547567728,1.0000001014532716,true,0,NaN
9358,F,0.9874775219744462,1.0000000885239233,true,0,NaN
9359,F,0.9874775219015804,1.0000000111513978,true,0,NaN
9360,F,0.9874775054445771,1.0000000203146882,true,0,NaN
9361,F,0.9874775054258577,0.9999999986264105,true,0,NaN
9362,F,0.9874786191914323,1.0002635250660017,false,0,NaN
9363,F,0.9874710142103456,0.9999980593801968,true,0,NaN
9364,F,0.987477505425887,0.9999999986263998,true,0,NaN
9365,F,0.9874786191913922,1.0002635250522558,false,0,NaN
9366,F,0.9874710142107015,0.9999980593802978,true,0,NaN
9367,F,0.9874780623086395,1.0000149159195675,false,0,NaN
9368,F,0.9874777838672633,1.0000021242359816,false,0,NaN
9369,F,0.9874776446465752,1.0000003944156397,true,0,NaN
9370,F,0.9874775713710603,1.0000003762362988,true,0,NaN
9371,F,0.9874775710138554,1.0000001198745547,true,0,NaN
9372,F,0.9874775383975817,1.0000000968310494,true,0,NaN
9373,F,0.9874775383033654,1.000000013841366,true,0,NaN
9374,F,0.9874775219108414,1.0000000225136338,true,0,NaN
9375,F,0.9874775218865759,0.9999999989901289,true,0,NaN
9376,F,0.9874786215419595,1.0002621370911577,false,0,NaN
9377,F,0.9874710565701941,0.9999980773891384,true,0,NaN
9378,F,0.9874775218866049,0.999999998990121,true,0,NaN
9379,F,0.9874786215419208,1.0002621370785982,false,0,NaN
9380,F,0.9874710565705173,0.999998077389162,true,0,NaN
9381,F,0.9874780717142628,1.0000146913992078,false,0,NaN
9382,F,0.9874777968004339,1.0000020797288092,false,0,NaN
9383,F,0.9874776593435194,1.0000003843782665,true,0,NaN
9384,F,0.9874775876044315,1.0000004118632204,true,0,NaN
9385,F,0.9874775871334933,1.0000001434739834,true,0,NaN
9386,F,0.9874775547442364,1.000000106774334,true,0,NaN
9387,F,0.987477554619402,1.0000000173453283,true,0,NaN
9388,F,0.987477538314137,1.0000000251610692,true,0,NaN
9389,F,0.9874775382818876,0.9999999994679694,true,0,NaN
9390,F,0.9874786236835837,1.0002606068645634,false,0,NaN
9391,F,0.9874711028209445,0.9999980973315432,true,0,NaN
9392,F,0.9874775382819162,0.9999999994679634,true,0,NaN
9393,F,0.9874786236835464,1.0002606068529745,false,0,NaN
9394,F,0.9874711028212411,0.9999980973316961,true,0,NaN
9395,F,0.9874780809827314,1.0000144528238382,false,0,NaN
9396,F,0.9874778096323238,1.0000020329079846,false,0,NaN
9397,F,0.9874776739571199,1.0000003739276204,true,0,NaN
9398,F,0.987477603692628,1.0000004545939074,true,0,NaN
9399,F,0.9874776030541687,1.0000001741722788,true,0,NaN
9400,F,0.9874775709853623,1.0000001188370655,true,0,NaN
9401,F,0.987477570815096,1.0000000219995382,true,0,NaN
9402,F,0.9874775546317262,1.000000028396009,true,0,NaN
9403,F,0.9874775545875746,1.0000000001095328,true,0,NaN
9404,F,0.9874786255446045,1.0002589371286685,false,0,NaN
9405,F,0.9874711528118563,0.9999981192614943,true,0,NaN
9406,F,0.9874775545875887,1.0000000001095275,true,0,NaN
9407,F,0.987478625544587,1.0002589371236752,false,0,NaN
9408,F,0.9874711528119825,0.9999981192614606,true,0,NaN
9409,F,0.9874780900660878,1.0000141992908853,false,0,NaN
9410,F,0.9874778223268382,1.0000019836002756,false,0,NaN
9411,F,0.9874776884572135,1.0000003630596543,true,0,NaN
9412,F,0.9874775870728177,1.0000001336470878,true,0,NaN
9413,F,0.9874775868324566,1.0000000282935386,true,0,NaN
9414,F,0.9874775708272272,1.0000000324040899,true,0,NaN
9415,F,0.9874775707646051,1.0000000009892984,true,0,NaN
9416,F,0.9874786270143919,1.0002571465453662,false,0,NaN
9417,F,0.9874712058944357,0.9999981431007192,true,0,NaN
9418,F,0.987477570764619,1.0000000009892915,true,0,NaN
9419,F,0.987478627014375,1.0002571465409424,false,0,NaN
9420,F,0.9874712058945463,0.9999981431006785,true,0,NaN
9421,F,0.987478098889497,1.0000139304936422,false,0,NaN
9422,F,0.987477834827058,1.0000019317066426,false,0,NaN
9423,F,0.9874777027958385,1.0000003518017417,true,0,NaN
9424,F,0.987477602932045,1.0000001520402848,true,0,NaN
9425,F,0.9874776025785484,1.0000000369330997,true,0,NaN
9426,F,0.9874775868434631,1.0000000374409668,true,0,NaN
9427,F,0.987477586750808,1.0000000022196716,true,0,NaN
9428,F,0.9874786279130088,1.0002552855824316,false,0,NaN
9429,F,0.9874712604341779,0.9999981684957874,true,0,NaN
9430,F,0.9874775867508218,1.000000002219667,true,0,NaN
9431,F,0.987478627912993,1.0002552855787883,false,0,NaN
9432,F,0.987471260434267,0.9999981684957403,true,0,NaN
9433,F,0.9874781073319073,1.000013647575091,false,0,NaN
9434,F,0.9874778470413645,1.000001877318992,false,0,NaN
9435,F,0.9874777168960932,1.0000003402448254,true,0,NaN
9436,F,0.9874776184327244,1.000000174903839,true,0,NaN
9437,F,0.987477617887623,1.0000000487706566,true,0,NaN
9438,F,0.9874776025833245,1.0000000438023582,true,0,NaN
9439,F,0.9874776024393201,1.0000000039505594,true,0,NaN
9440,F,0.9874786279334017,1.000253467674795,false,0,NaN
9441,F,0.9874713128546151,0.999998194524316,true,0,NaN
9442,F,0.9874776024393337,1.0000000039505557,true,0,NaN
9443,F,0.9874786279333869,1.0002534676717927,false,0,NaN
9444,F,0.9874713128546868,0.9999981945243392,true,0,NaN
9445,F,0.9874781151863603,1.0000133552018573,false,0,NaN
9446,F,0.987477858812847,1.0000018210115706,false,0,NaN
9447,F,0.9874777306260903,1.0000003286019417,true,0,NaN
9448,F,0.9874776333380071,1.0000002025031973,true,0,NaN
9449,F,0.9874776324544516,1.0000000641722955,true,0,NaN
9450,F,0.9874776178730426,1.0000000516574459,true,0,NaN
9451,F,0.9874776176372042,1.0000000062958185,true,0,NaN
9452,F,0.9874776101404273,1.0000000111708953,true,0,NaN
9453,F,0.9874776100784343,0.9999999980355824,true,0,NaN
9454,F,0.9874786285558472,1.000252564455884,false,0,NaN
9455,F,0.9874713395164959,0.9999982086883764,true,0,NaN
9456,F,0.9874776100784477,0.9999999980355749,true,0,NaN
9457,F,0.9874786285558327,1.000252564453155,false,0,NaN
9458,F,0.98747133951656,0.9999982086883283,true,0,NaN
9459,F,0.9874781193171401,1.0000132167478233,false,0,NaN
9460,F,0.987477864697794,1.0000017909868846,false,0,NaN
9461,F,0.9874777373881208,1.0000003177690493,true,0,NaN
9462,F,0.9874776404392095,1.0000002156202101,true,0,NaN
9463,F,0.9874776393021237,1.000000071692219,true,0,NaN
9464,F,0.9874776252554412,1.0000000549147172,true,0,NaN
9465,F,0.9874776249531977,1.0000000073456505,true,0,NaN
9466,F,0.987477617663552,1.0000000117888233,true,0,NaN
9467,F,0.9874776175853414,0.9999999981476593,true,0,NaN
9468,F,0.9874786267023341,1.0002520566985211,false,0,NaN
9469,F,0.9874713522979626,0.9999982192043054,true,0,NaN
9470,F,0.9874776175853547,0.9999999981476524,true,0,NaN
9471,F,0.9874786267023201,1.0002520566961355,false,0,NaN
9472,F,0.9874713522980173,0.9999982192042526,true,0,NaN
9473,F,0.9874781221438375,1.00001308109508,false,0,NaN
9474,F,0.9874778698645961,1.000001762474585,false,0,NaN
9475,F,0.9874777437249753,1.0000003112140243,true,0,NaN
9476,F,0.9874776472122602,1.0000002294057913,true,0,NaN
9477,F,0.9874776457389247,1.0000000789510195,true,0,NaN
9478,F,0.9874776323943226,1.0000000589293179,true,0,NaN
9479,F,0.9874776320004838,1.000000008540394,true,0,NaN
9480,F,0.9874776249853466,1.0000000128788535,true,0,NaN
9481,F,0.9874776248831101,0.9999999983184202,true,0,NaN
9482,F,0.9874786239969292,1.0002517449276276,false,0,NaN
9483,F,0.9874713585788438,0.9999982280999182,true,0,NaN
9484,F,0.9874776248831233,0.9999999983184158,true,0,NaN
9485,F,0.9874786239969155,1.0002517449255142,false,0,NaN
9486,F,0.9874713585788911,0.9999982280997984,true,0,NaN
9487,F,0.9874781244400194,1.0000129560935649,false,0,NaN
9488,F,0.9874778746615713,1.000001735110898,false,0,NaN
9489,F,0.9874777497723474,1.0000003048971022,true,0,NaN
9490,F,0.9874776535473377,1.0000002401955144,true,0,NaN
9491,F,0.9874776516529225,1.0000000831482172,true,0,NaN
9492,F,0.9874776392090533,1.000000062224042,true,0,NaN
9493,F,0.9874776386994608,1.0000000093495152,true,0,NaN
9494,F,0.9874776320399002,1.0000000137959295,true,0,NaN
9495,F,0.9874776319071343,0.9999999984420002,true,0,NaN
9496,F,0.9874786201933983,1.0002516859136203,false,0,NaN
9497,F,0.9874713564754886,0.9999982347680677,true,0,NaN
9498,F,0.9874776319071473,0.9999999984419945,true,0,NaN
9499,F,0.9874786201933854,1.0002516859119117,false,0,NaN
9500,F,0.9874713564755249,0.9999982347680811,true,0,NaN
9501,F,0.9874781260502663,1.0000128498198193,false,0,NaN
9502,F,0.9874778789787069,1.0000017101111465,false,0,NaN
9503,F,0.987477755442927,1.000000298988207,true,0,NaN
9504,F,0.9874776593267901,1.0000002441343927,true,0,NaN
9505,F,0.9874776569559293,1.000000081163179,true,0,NaN
9506,F,0.9874776456087673,1.0000000637168787,true,0,NaN
9507,F,0.9874776449668602,1.0000000092832524,true,0,NaN
9508,F,0.9874776387497411,1.000000014248101,true,0,NaN
9509,F,0.9874776385818969,0.9999999984495781,true,0,NaN
9510,F,0.9874786151051264,1.0002518172759767,false,0,NaN
9511,F,0.9874713475980174,0.9999982390687061,true,0,NaN
9512,F,0.9874776385819097,0.9999999984495739,true,0,NaN
9513,F,0.9874786151051135,1.0002518172741293,false,0,NaN
9514,F,0.9874713475980577,0.9999982390687849,true,0,NaN
9515,F,0.9874781268435117,1.0000127716805989,false,0,NaN
9516,F,0.9874778827127106,1.0000016892340553,false,0,NaN
9517,F,0.9874777606473102,1.00000029380694,true,0,NaN
9518,F,0.987477664453505,1.0000002363029772,true,0,NaN
9519,F,0.9874776616476243,1.0000000703997927,true,0,NaN
9520,F,0.9874776515076403,1.0000000619819822,true,0,NaN
9521,F,0.9874776507434376,1.0000000078779698,true,0,NaN
9522,F,0.9874776450346908,1.0000000138471132,true,0,NaN
9523,F,0.9874776448342523,0.99999999827218,true,0,NaN
9524,F,0.9874786090246137,1.0002518260232516,false,0,NaN
9525,F,0.987471341257691,0.9999982416883774,true,0,NaN
9526,F,0.987477644834265,0.9999999982721754,true,0,NaN
9527,F,0.9874786090246013,1.0002518260215383,false,0,NaN
9528,F,0.987471341257728,0.9999982416883251,true,0,NaN
9529,F,0.9874781269294332,1.0000127316390481,false,0,NaN
9530,F,0.987477885881849,1.0000016750981762,false,0,NaN
9531,F,0.9874777653580571,1.0000002898794715,true,0,NaN
9532,F,0.987477668913931,1.000000213371258,true,0,NaN
9533,F,0.9874776658764159,1.0000000519618233,true,0,NaN
9534,F,0.987477656863295,1.0000000559727167,true,0,NaN
9535,F,0.987477656032691,1.0000000052025366,true,0,NaN
9536,F,0.9874776508379618,1.0000000122982673,true,0,NaN
9537,F,0.9874776506197244,0.9999999979117367,true,0,NaN
9538,F,0.9874786038467326,1.0002510859279639,false,0,NaN
9539,F,0.987471357394682,0.9999982424822729,true,0,NaN
9540,F,0.987477650619737,0.9999999979117359,true,0,NaN
9541,F,0.9874786038467197,1.0002510859258424,false,0,NaN
9542,F,0.9874713573946731,0.9999982424802363,true,0,NaN
9543,F,0.9874781272332284,1.000012742642243,false,0,NaN
9544,F,0.9874778889264827,1.000001672213882,false,0,NaN
9545,F,0.9874777697731099,1.0000002882166834,true,0,NaN
9546,F,0.9874776728498729,1.0000001792399553,true,0,NaN
9547,F,0.9874776699032014,1.0000000331970025,true,0,NaN
9548,F,0.987477661734805,1.000000047435376,true,0,NaN
9549,F,0.9874776609300218,1.000000003331711,true,0,NaN
9550,F,0.987477656177271,1.0000000108830478,true,0,NaN
9551,F,0.9874776559664808,0.9999999986648256,true,0,NaN
9552,F,0.9874786052589538,1.0002495024478788,false,0,NaN
9553,F,0.9874714044168336,0.9999982301857037,true,0,NaN
9554,F,0.9874776559664835,0.9999999986648218,true,0,NaN
9555,F,0.9874786052589513,1.000249502447265,false,0,NaN
9556,F,0.9874714044168487,0.999998230185777,true,0,NaN
9557,F,0.9874781306127174,1.0000128524153613,false,0,NaN
9558,F,0.9874778932896005,1.0000016924057564,false,0,NaN
9559,F,0.987477774628042,1.0000002922360678,true,0,NaN
9560,F,0.9874776662054504,1.0000000377391256,true,0,NaN
9561,F,0.987477665496107,1.0000000017627821,true,0,NaN
9562,F,0.987477661085967,1.0000000088710874,true,0,NaN
9563,F,0.9874776609006854,0.9999999990933399,true,0,NaN
9564,F,0.9874786236897162,1.0002507819978592,false,0,NaN
9565,F,0.9874713859234368,0.9999981640065443,true,0,NaN
9566,F,0.9874776609006909,0.999999999093338,true,0,NaN
9567,F,0.9874786236897103,1.0002507819962134,false,0,NaN
9568,F,0.9874713859234783,0.9999981640065569,true,0,NaN
9569,F,0.9874781422952006,1.0000132459107096,false,0,NaN
9570,F,0.9874779015979457,1.0000017636963805,false,0,NaN
9571,F,0.9874777812493183,1.0000003062526175,true,0,NaN
9572,F,0.987477679885702,1.0000001118330264,true,0,NaN
9573,F,0.9874776776618328,1.0000000104639892,true,0,NaN
9574,F,0.9874776703889847,1.000000029007099,true,0,NaN
9575,F,0.9874776697927284,1.0000000003991638,true,0,NaN
9576,F,0.9874776656406248,1.000000006546386,true,0,NaN
9577,F,0.9874776654857441,0.9999999989015987,true,0,NaN
9578,F,0.9874786717125964,1.0002685825207043,false,0,NaN
9579,F,0.9874709208358782,0.9999979495261272,true,0,NaN
9580,F,0.9874776654857498,0.9999999989015971,true,0,NaN
9581,F,0.9874786717125897,1.0002685825184774,false,0,NaN
9582,F,0.9874709208359356,0.9999979495259866,true,0,NaN
9583,F,0.9874781685991697,1.0000144206607113,false,0,NaN
9584,F,0.9874779170424598,1.0000019520326613,false,0,NaN
9585,F,0.9874777912641047,1.000000341748199,true,0,NaN
9586,F,0.9874776832537969,1.0000000891556564,true,0,NaN
9587,F,0.9874776813719701,1.000000005814516,true,0,NaN
9588,F,0.9874776743673109,1.0000000225228325,true,0,NaN
9589,F,0.9874776738711651,0.9999999996733367,true,0,NaN
9590,F,0.9874787768858609,1.0003850120745672,false,0,NaN
9591,F,0.9874676700983659,0.999996204437574,true,0,NaN
9592,F,0.9874776738711714,0.9999999996733345,true,0,NaN
9593,F,0.9874787768858512,1.0003850120681954,false,0,NaN
9594,F,0.9874676700985398,0.9999962044378309,true,0,NaN
9595,F,0.9874782253785113,1.000019225377144,false,0,NaN
9596,F,0.9874779496248413,1.0000026036151968,false,0,NaN
9597,F,0.9874778117480063,1.0000004594693095,true,0,NaN
9598,F,0.9874776897339097,1.0000000554757653,true,0,NaN
9599,F,0.987477688460804,1.0000000012394437,true,0,NaN
9600,F,0.9874801257844218,1.0166523908809078,false,0,NaN
9601,F,0.9870000327300044,1.0001048842946647,false,0,NaN
9602,F,0.9874776884608313,1.000000001239437,true,0,NaN
9603,F,0.9874801257842455,1.016652390877778,false,0,NaN
9604,F,0.9870000327299147,1.0001048842948517,false,0,NaN
9605,F,0.9874789071225384,1.0031400553556162,false,0,NaN
9606,F,0.9874782977916848,1.0000753268975648,false,0,NaN
9607,F,0.9874779931262581,1.0000055098838014,false,0,NaN
9608,F,0.9874777162913073,1.0000000421686688,true,0,NaN
9609,F,0.9874777152524796,0.9999999992999972,true,0,NaN
9610,F,0.9874852733409645,1.016656107336978,false,0,NaN
9611,F,0.9870048997925763,1.0001059128834116,false,0,NaN
9612,F,0.9874777152536676,0.9999999992999422,true,0,NaN
9613,F,0.9874852733327312,1.0166561071649383,false,0,NaN
9614,F,0.987004899789043,1.0001059129001042,false,0,NaN
9615,F,0.9874814942931994,1.0166532584883186,false,0,NaN
9616,F,0.9874796047734334,1.0109407681549114,false,0,NaN
9617,F,0.9874786600135506,1.0000196764609508,false,0,NaN
9618,F,0.987477726619119,1.0000000247934422,true,0,NaN
9619,F,0.9874777259939683,0.9999999992776856,true,0,NaN
9620,F,0.9874853713434459,1.0166559264258228,false,0,NaN
9621,F,0.9870050089663495,1.0001064993569326,false,0,NaN
9622,F,0.9874777260107998,0.9999999992769242,true,0,NaN
9623,F,0.9874853712376837,1.0166559241986872,false,0,NaN
9624,F,0.9870050089218805,1.0001064996126634,false,0,NaN
9625,F,0.9874815486242416,1.0165815090838302,false,0,NaN
9626,F,0.9874796373175208,1.0105828543842923,false,0,NaN
9627,F,0.9874786816641602,1.000012563648496,false,0,NaN
9628,F,0.9874777644584402,1.0000005116423192,true,0,NaN
9629,F,0.9874777522908413,1.0000000623716805,true,0,NaN
9630,F,0.9874777644416838,1.0000005116666952,true,0,NaN
9631,F,0.9874777522735249,1.000000062376683,true,0,NaN
9632,F,0.9874777644333045,1.0000005116788906,true,0,NaN
9633,F,0.9874777522648652,1.0000000623791796,true,0,NaN
9634,F,0.9874777644291124,1.00000051168499,true,0,NaN
9635,F,0.9874777522605329,1.000000062380429,true,0,NaN
9636,F,0.9874777644270114,1.0000005116880435,true,0,NaN
9637,F,0.9874777522583619,1.0000000623810594,true,0,NaN
9638,F,0.9874777644259511,1.000000511689589,true,0,NaN
9639,F,0.987477752257266,1.000000062381372,true,0,NaN
9640,F,0.9874777644253994,1.0000005116903905,true,0,NaN
9641,F,0.9874777522566959,1.00000006238154,true,0,NaN
9642,F,0.9874777476966473,1.0000001790106816,true,0,NaN
9643,F,0.9874777434189218,1.0000000132067757,true,0,NaN
9644,F,0.9874777287087992,1.0000000018402218,true,0,NaN
9645,F,0.9874777286334584,0.9999999987015844,true,0,NaN
9646,F,0.9874777468597916,1.0000000243302472,true,0,NaN
9647,F,0.9874777462406966,0.9999999989961916,true,0,NaN
9648,F,0.9874777849330869,1.0000009651964405,true,0,NaN
9649,F,0.9874777621950748,1.0000003295635183,true,0,NaN
9650,F,0.9874777655829827,1.000000203472443,true,0,NaN
9651,F,0.9874777607647908,1.0000000243074896,true,0,NaN
9652,F,0.9874777559079304,1.0000000460430334,true,0,NaN
9653,F,0.9874777547933197,1.0000000012510093,true,0,NaN
9654,F,0.9874777510704037,1.0000000100744786,true,0,NaN
9655,F,0.9874777508019656,0.9999999989560469,true,0,NaN
9656,F,0.9874807597378203,1.0101280796093906,false,0,NaN
9657,F,0.9871919750757294,0.9938417169174776,true,0,NaN
9658,F,0.9874777508019846,0.9999999989560439,true,0,NaN
9659,F,0.9874855878412148,1.004030764621442,false,0,NaN
9660,F,0.9873777773195428,1.000270641901572,false,0,NaN
9661,F,0.9874816693215998,1.0101563875649289,false,0,NaN
9662,F,0.9874797100617921,1.0101256097016424,false,0,NaN
9663,F,0.9874787304318884,0.9999810526749712,true,0,NaN
9664,F,0.9999373936521594,NaN,false,-300,NaN
9665,F,0.9937080620420239,1.5874155486488921,false,0,NaN
9666,F,0.9926855200620724,NaN,false,-300,NaN
9667,F,0.9905933962369562,1.196856799200351,false,0,NaN
9668,F,0.9902506963835545,1.2739462009357987,false,0,NaN
9669,F,0.9890360633344223,1.0828625921920292,false,0,NaN
9670,F,0.9888917921789181,1.113378749940682,false,0,NaN
9671,F,0.9882573968831553,1.039743653765262,false,0,NaN
9672,F,0.9881881824786142,1.0451689713703587,false,0,NaN
9673,F,0.9878680636575219,1.0232681654261904,false,0,NaN
9674,F,0.9878275279883659,1.0279874170176786,false,0,NaN
9675,F,0.9876733970447051,1.0135536423020068,false,0,NaN
9676,F,0.9876497713591772,1.0151468939558441,false,0,NaN
9677,F,0.9875273970850925,1.0071768712802098,false,0,NaN
9678,F,0.9875148713879222,1.0095780715301386,false,0,NaN
9679,F,0.9874848137635389,1.0000042187265334,false,0,NaN
9680,F,0.9874847734385999,0.9985961726046247,true,0,NaN
9681,F,0.9918670190408542,1.285028531058035,false,0,NaN
9682,F,0.9929478116671299,1.4611310153997379,false,0,NaN
9683,F,0.9874847742581372,0.9985947583264837,true,0,NaN
9684,F,0.9918668983626681,1.2850153943117466,false,0,NaN
9685,F,0.9929475779467143,1.4610942074605153,false,0,NaN
9686,F,0.9896758363104027,1.1104464256463245,false,0,NaN
9687,F,0.9885803052842699,1.0536177125643875,false,0,NaN
9688,F,0.9880325397712035,1.029542989821381,false,0,NaN
9689,F,0.9875098740522882,0.9984892031704401,true,0,NaN
9690,F,0.9999375493702615,NaN,false,-300,NaN
9691,F,0.9875104538833912,0.9984678817640236,true,0,NaN
9692,F,0.9999375522694169,NaN,false,-300,NaN
9693,F,0.9937240030764041,1.5077140973752698,false,0,NaN
9694,F,0.9906172284798976,1.1666985533622731,false,0,NaN
9695,F,0.9890638411816445,1.0615708110305777,false,0,NaN
9696,F,0.9878611368595116,1.0085057375302084,false,0,NaN
9697,F,0.9878611366721188,1.008504598113591,false,0,NaN
9698,F,0.9876857953714514,1.0020340266480399,false,0,NaN
9699,F,0.9876857953048764,1.0019694849808518,false,0,NaN
9700,F,0.9875981246274214,0.9993421201306881,true,0,NaN
9701,F,0.9876334398478056,1.000235204231748,false,0,NaN
9702,F,0.9875998762257868,0.9993753362276084,true,0,NaN
9703,F,0.9875990004266041,0.9993585420385511,true,0,NaN
9704,F,0.9875985625270127,0.9993502841256546,true,0,NaN
9705,F,0.9876335114705137,1.0002342754040612,false,0,NaN
9706,F,0.9876160369987632,0.9997412549788094,true,0,NaN
9707,F,0.987607299762888,0.9995299756396192,true,0,NaN
9708,F,0.9876029311449503,0.9994357594931442,true,0,NaN
9709,F,0.9879032649615483,1.0101119544891843,false,0,NaN
9710,F,0.9879032633270186,1.010111272298253,false,0,NaN
9711,F,0.9877509137442769,1.0043648533057734,false,0,NaN
9712,F,0.9877509129826384,1.004364492127435,false,0,NaN
9713,F,0.9876747381356412,1.0015616195039638,false,0,NaN
9714,F,0.9876747377997682,1.0015588585100677,false,0,NaN
9715,F,0.9876366503313234,1.000212302377046,false,0,NaN
9716,F,0.9876366502003897,1.000179719298167,false,0,NaN
9717,F,0.9876176064291645,0.9996354690113903,true,0,NaN
9718,F,0.9876308713771336,1.0095848834452175,false,0,NaN
9719,F,0.9876177503513458,0.9996394072812409,true,0,NaN
9720,F,0.9876369835694601,1.0096910558774597,false,0,NaN
9721,F,0.9876273669604029,1.0094355982779608,false,0,NaN
9722,F,0.9876225586558743,1.009298196297263,false,0,NaN
9723,F,0.9876201545036101,1.0092302729134908,false,0,NaN
9724,F,0.9876289723800309,0.9999018323139175,true,0,NaN
9725,F,0.9883505874926861,1.3106975551803854,false,0,NaN
9726,F,0.9882489664131027,1.6069076889747849,false,0,NaN
9727,F,0.9879898734117996,1.105718540659573,false,0,NaN
9728,F,0.9879552744542421,1.1367784359559203,false,0,NaN
9729,F,0.9878095162626097,1.0374500231943138,false,0,NaN
9730,F,0.987797239106525,1.040458188444987,false,0,NaN
9731,F,0.9877193374705204,1.0182832667644743,false,0,NaN
9732,F,0.9877133272811001,1.0190223568440404,false,0,NaN
9733,F,0.9876742476454139,1.0164363577405402,false,0,NaN
9734,F,0.9876688413409062,1.0167015027963042,false,0,NaN
9735,F,0.9876517024041706,1.0159891086447228,false,0,NaN
9736,F,0.9876464423369209,1.0160974710606632,false,0,NaN
9737,F,0.9876404294606236,1.015908686748106,false,0,NaN
9738,F,0.9876351956889379,1.0159406825960524,false,0,NaN
9739,F,0.987631972490622,1.01300136314413,false,0,NaN
9740,F,0.9876294841830058,1.009390700631168,false,0,NaN
9741,F,0.9876290288595769,0.9999020071068556,true,0,NaN
9742,F,0.9876319826217984,1.0000023186385079,false,0,NaN
9743,F,0.9876290289554229,0.9999020102707109,true,0,NaN
9744,F,0.9876319380942473,1.000001917165398,false,0,NaN
9745,F,0.9876304835248352,0.9999514396701848,true,0,NaN
9746,F,0.987629756240129,0.9999265663409428,true,0,NaN
9747,F,0.9876293925977759,0.9999142445442978,true,0,NaN
9748,F,0.9876298176311331,0.999921349842637,true,0,NaN
9749,F,0.987633477683328,1.0095671802066368,false,0,NaN
9750,F,0.9873816792882757,1.0007628037336374,false,0,NaN
9751,F,0.9876298192938331,0.9999213854048659,true,0,NaN
9752,F,0.9876333825859135,1.0095933558842378,false,0,NaN
9753,F,0.9873769347676984,1.000317861909023,false,0,NaN
9754,F,0.9876316009398733,1.0095182178064184,false,0,NaN
9755,F,0.9876307101168532,1.0015988723138465,false,0,NaN
9756,F,0.9876302647053431,0.9999363824310331,true,0,NaN
9757,F,0.9876298628050949,0.9999215705507153,true,0,NaN
9758,F,0.9876334162669894,1.0095923763801706,false,0,NaN
9759,F,0.987368684800443,1.0000263517829695,false,0,NaN
9760,F,0.9876298854049483,0.9999220691874103,true,0,NaN
9761,F,0.9876329459392544,1.0095899115114992,false,0,NaN
9762,F,0.9873682788328998,1.0000260154339091,false,0,NaN
9763,F,0.9876314156721014,1.0005832984394467,false,0,NaN
9764,F,0.9876306505385248,0.9999471445161783,true,0,NaN
9765,F,0.9876302679717366,0.9999322077434504,true,0,NaN
9766,F,0.9876300892560437,0.9999442763078409,true,0,NaN
9767,F,0.9876343770102249,1.0000736389799196,false,0,NaN
9768,F,0.9876323345071679,0.9999996187050787,true,0,NaN
9769,F,0.9876324358233762,1.0000011209519042,false,0,NaN
9770,F,0.9876323948810912,0.9999996368527435,true,0,NaN
9771,F,0.9885802352511431,1.125677128271765,false,0,NaN
9772,F,0.9873850620801183,1.3892673249423275,false,0,NaN
9773,F,0.9881063317937072,1.0612782416608835,false,0,NaN
9774,F,0.9875235819027156,1.169651356919977,false,0,NaN
9775,F,0.9878693800553717,1.0448037620669113,false,0,NaN
9776,F,0.9877509041669692,1.034295221390881,false,0,NaN
9777,F,0.987691666184298,1.0202387747085386,false,0,NaN
9778,F,0.9876620471160225,1.019860567654971,false,0,NaN
9779,F,0.9876472374280011,1.0146053955530228,false,0,NaN
9780,F,0.9876361290844778,1.014459893041619,false,0,NaN
9781,F,0.9876328778311201,1.0000899338744342,false,0,NaN
9782,F,0.9876324254396304,0.9999998020657461,true,0,NaN
9783,F,0.9876324787948971,1.0000005132067908,true,0,NaN
9784,F,0.9876324689739525,1.0000001102179565,true,0,NaN
9785,F,0.9876324521172638,0.9999999726188623,true,0,NaN
9786,F,0.9876324740163311,1.000000104773799,true,0,NaN
9787,F,0.9876324715973626,0.9999999874479288,true,0,NaN
9788,F,0.9876325202819943,1.0000290058217831,false,0,NaN
9789,F,0.9876318494214004,1.0075303884183626,false,0,NaN
9790,F,0.9876324715973713,0.999999987447851,true,0,NaN
9791,F,0.9876324830748818,0.9999998051709585,true,0,NaN
9792,F,0.9876325299579761,1.0000019342906672,false,0,NaN
9793,F,0.9876324665577941,0.9999996364601862,true,0,NaN
9794,F,0.987632506516429,1.0000001014221434,true,0,NaN
9795,F,0.9876324947956554,0.9999998448590915,true,0,NaN
9796,F,0.9876325178560181,1.0000000889873797,true,0,NaN
9797,F,0.9876325053956821,0.999999637643208,true,0,NaN
9798,F,0.9999381625269784,NaN,false,-300,NaN
9799,F,0.9937853339609647,1.3137620084785082,false,0,NaN
9800,F,0.9887362671917663,0.8258010593336933,true,0,NaN
9801,F,0.9997097650434157,40.35546295562359,false,0,NaN
9802,F,0.994223016117591,1.4043021655230539,false,0,NaN
9803,F,0.9914796416546787,1.0058831061150926,false,0,NaN
9804,F,0.9901079544232225,0.9051986734050124,true,0,NaN
9805,F,0.9928657821341714,1.1091616468582408,false,0,NaN
9806,F,0.9926633345148627,1.1566916684056778,false,0,NaN
9807,F,0.9914907333103079,0.986126723741968,true,0,NaN
9808,F,0.9913301179830182,0.9807389299032393,true,0,NaN
9809,F,0.991323805793396,0.9778389512919236,true,0,NaN
9810,F,0.9999566190289669,NaN,false,-300,NaN
9811,F,0.9956402124111815,1.7886169311342102,false,0,NaN
9812,F,0.9950721180037542,3.1192235293706134,false,0,NaN
9813,F,0.9934820091022887,1.211414050230871,false,0,NaN
9814,F,0.9933182718883963,1.3297860975806475,false,0,NaN
9815,F,0.9924029074478423,1.1051627716675045,false,0,NaN
9816,F,0.9923136609819918,1.103106492794398,false,0,NaN
9817,F,0.9918633566206192,1.0640058806134411,false,0,NaN
9818,F,0.9918029746000462,1.0323252005123948,false,0,NaN
9819,F,0.9915935812070076,0.9979725640961428,true,0,NaN
9820,F,0.9915794604715252,1.0396408394031353,false,0,NaN
9821,F,0.9914586935002018,0.9874795217473782,true,0,NaN
9822,F,0.9914519315975155,0.9878257834388007,true,0,NaN
9823,F,0.9913575277200974,0.9778919195877811,true,0,NaN
9824,F,0.9999567876386005,NaN,false,-300,NaN
9825,F,0.9956571576793489,1.78989976073339,false,0,NaN
9826,F,0.9935073426997232,1.2059476379054566,false,0,NaN
9827,F,0.9924324352099103,1.1092041565523485,false,0,NaN
9828,F,0.9915929596797942,0.9979458043604925,true,0,NaN
9829,F,0.9932280642829737,1.1691175147991215,false,0,NaN
9830,F,0.9932078361746648,1.1752782030521933,false,0,NaN
9831,F,0.9924106146734507,1.082817373300905,false,0,NaN
9832,F,0.9924005850243051,1.081442696630521,false,0,NaN
9833,F,0.9920018844870733,1.031947785740374,false,0,NaN
9834,F,0.9919978662590885,1.035669585491406,false,0,NaN
9835,F,0.9917975098196372,1.0144251577504877,false,0,NaN
9836,F,0.9917955623459263,1.0138996211473095,false,0,NaN
9837,F,0.9916953039990962,1.0061534576980495,false,0,NaN
9838,F,0.9916943340463619,1.0058452218100207,false,0,NaN
9839,F,0.9916441666911057,1.0019507860358825,false,0,NaN
9840,F,0.9916436933949802,1.0019169603170932,false,0,NaN
9841,F,0.9916185712943242,0.9999140370151581,true,0,NaN
9842,F,0.9916183386944576,0.9998517663072041,true,0,NaN
9843,F,0.9915993631517619,0.9984101737289268,true,0,NaN
9844,F,0.991599308273697,0.9983704827818918,true,0,NaN
9845,F,0.9915937601137902,0.9979697272439125,true,0,NaN
9846,F,0.9915937572862761,0.997967083282811,true,0,NaN
9847,F,0.991593009706919,0.9979457034404694,true,0,NaN
9848,F,0.9915933597887717,0.9979494056640233,true,0,NaN
9849,F,0.9915933593864239,0.9979472580257299,true,0,NaN
9850,F,0.9915937060439171,0.9979583361744436,true,0,NaN
9851,F,0.9915937024173143,0.9979543905643444,true,0,NaN
9852,F,0.9915935327151705,0.9979506313026303,true,0,NaN
9853,F,0.9915935316105443,0.9979487714548494,true,0,NaN
9854,F,0.9915934460507972,0.9979481815754179,true,0,NaN
9855,F,0.991593445748176,0.9979474930460589,true,0,NaN
9856,F,0.9916187946666081,0.9999966301479187,true,0,NaN
9857,F,0.991606120207392,0.9989703369955507,true,0,NaN
9858,F,0.9915997829777841,0.998458484419495,true,0,NaN
9859,F,0.9916199363768372,1.0000130586361498,false,0,NaN
9860,F,0.9916232736397268,0.999999913990912,true,0,NaN
9861,F,0.9916243953558596,1.0000010230095102,false,0,NaN
9862,F,0.9916271036669685,0.9999997013676033,true,0,NaN
9863,F,0.9916279558599659,0.9999994654647454,true,0,NaN
9864,F,0.9916300913190013,0.9999994653852984,true,0,NaN
9865,F,0.9916354299905749,0.9999995387711949,true,0,NaN
9866,F,0.991648763544058,0.9999997969564558,true,0,NaN
9867,F,0.9916816367618717,1.022362433545049,false,0,NaN
9868,F,0.9916652001529649,1.0155098369788558,false,0,NaN
9869,F,0.9916569818485114,1.0154950286946098,false,0,NaN
9870,F,0.9916528726962847,1.0154921887386474,false,0,NaN
9871,F,0.9916803920755115,1.0223620167883518,false,0,NaN
9872,F,0.9916645776872044,1.0155094810918301,false,0,NaN
9873,F,0.9916566704930276,1.0154944969783184,false,0,NaN
9874,F,0.9916527168958931,1.0154918279695315,false,0,NaN
9875,F,0.9916507400972334,1.0153354882416021,false,0,NaN
9876,F,0.9916497516977187,1.0001305579168918,false,0,NaN
9877,F,0.9916718504007148,1.0007657487574841,false,0,NaN
9878,F,0.9916909385058597,1.0084238770733125,false,0,NaN
9879,F,0.9916604146146722,1.0054124257709187,false,0,NaN
9880,F,0.9917447923817335,1.0068724190372165,false,0,NaN
9881,F,0.9917120029211814,1.0001016722464344,false,0,NaN
9882,F,0.9918310290476603,1.0009275247224345,false,0,NaN
9883,F,0.9920648976285452,1.0203062105867424,false,0,NaN
9884,F,0.9919234441542242,0.9994755355011471,true,0,NaN
9885,F,0.9957634349657503,2.3160456241469376,false,0,NaN
9886,F,0.9938434395599872,1.304622504205882,false,0,NaN
9887,F,0.9928834418571058,1.1488478982251618,false,0,NaN
9888,F,0.992403443005665,1.0591928016223233,false,0,NaN
9889,F,0.9924587153795424,1.0824982857828227,false,0,NaN
9890,F,0.9924533777276743,1.059570886597481,false,0,NaN
9891,F,0.992191150411696,1.0290848835590098,false,0,NaN
9892,F,0.992189247228395,1.0349855773416394,false,0,NaN
9893,F,0.9920573679187704,1.01142381975631,false,0,NaN
9894,F,0.9920566000750294,1.0136839115057343,false,0,NaN
9895,F,0.9919904766543027,1.0051469557195438,false,0,NaN
9896,F,0.9919901122060284,1.006139846405444,false,0,NaN
9897,F,0.9919570309860589,0.9998062648238559,true,0,NaN
9898,F,0.9955323213464066,2.1370624229385187,false,0,NaN
9899,F,0.9937446761662327,1.3148774585538683,false,0,NaN
9900,F,0.9928508535761458,1.156634537811465,false,0,NaN
9901,F,0.9924039422811024,1.0590506887347253,false,0,NaN
9902,F,0.991981022336179,1.0021076416578114,false,0,NaN
9903,F,0.9919803042155532,1.00130819253852,false,0,NaN
9904,F,0.9919688802378851,1.000848799520409,false,0,NaN
9905,F,0.991968505939898,1.0011369520417015,false,0,NaN
9906,F,0.9919628054728986,1.0009218288921258,false,0,NaN
9907,F,0.9919624109455558,1.0012434251191022,false,0,NaN
9908,F,0.9919597606186801,1.0012251291436949,false,0,NaN
9909,F,0.9919592830027765,1.0015994737712088,false,0,NaN
9910,F,0.9919582229183203,1.0012262191096024,false,0,NaN
9911,F,0.9919574205339771,1.0012268113949294,false,0,NaN
9912,F,0.9919568999636638,0.9997501278403849,true,0,NaN
9913,F,0.9919571202076122,0.9996020020680025,true,0,NaN
9914,F,0.9945199902556637,2.3343944658430944,false,0,NaN
9915,F,0.993238555231638,1.337815335251359,false,0,NaN
9916,F,0.9925978377196251,1.1468488187475239,false,0,NaN
9917,F,0.9922774789636186,1.0536080456946406,false,0,NaN
9918,F,0.9919571231544011,0.9995125268391551,true,0,NaN
9919,F,0.9946059056685818,2.6447958574699033,false,0,NaN
9920,F,0.9919582299416739,0.999375692446791,true,0,NaN
9921,F,0.9954965026160377,2.434920532741206,false,0,NaN
9922,F,0.9922705287244356,1.1333139986322145,false,0,NaN
9923,F,0.9937273662788558,1.3147136366946603,false,0,NaN
9924,F,0.9928427981102649,1.166145129902052,false,0,NaN
9925,F,0.9924005140259694,1.0614332401273692,false,0,NaN
9926,F,0.9940831579585425,1.4784396132191215,false,0,NaN
9927,F,0.9937977532860433,2.0777737017869713,false,0,NaN
9928,F,0.9930206984693706,1.1988372406728023,false,0,NaN
9929,F,0.9929018075027606,1.2377544093365138,false,0,NaN
9930,F,0.9924894687247842,1.0765900001871178,false,0,NaN
9931,F,0.9924434033859644,1.1574994482649,false,0,NaN
9932,F,0.9922238538524898,1.0175479093035362,false,0,NaN
9933,F,0.9922129644033049,1.0404928126644126,false,0,NaN
9934,F,0.9920910464163404,1.010826916037601,false,0,NaN
9935,F,0.9920841962499996,1.0252099941527124,false,0,NaN
9936,F,0.9920246426982614,1.0084634765948843,false,0,NaN
9937,F,0.992019219683872,1.0248437789287863,false,0,NaN
9938,F,0.9919914408392131,1.0084361422807022,false,0,NaN
9939,F,0.9919860454208926,1.0228545791609263,false,0,NaN
9940,F,0.9919665394448656,0.9995527893598797,true,0,NaN
9941,F,0.9999598326972243,NaN,false,-300,NaN
9942,F,0.995963186071045,2.924135210755937,false,0,NaN
9943,F,0.9939648627579553,1.434012629365101,false,0,NaN
9944,F,0.9929657011014105,1.1834904056053,false,0,NaN
9945,F,0.9919770188686702,1.0009892147756365,false,0,NaN
9946,F,0.9919760494995068,1.0262791395090685,false,0,NaN
9947,F,0.9919716133040848,1.0010771024533625,false,0,NaN
9948,F,0.9919705944963522,1.0172654901586973,false,0,NaN
9949,F,0.9919689101485393,1.001086718171677,false,0,NaN
9950,F,0.99196788706174,1.0172621223495308,false,0,NaN
9951,F,0.9919675578233575,1.0010897438036306,false,0,NaN
9952,F,0.9919665336586178,1.0172622953103276,false,0,NaN
9953,F,0.9919668801586756,1.0010910255101408,false,0,NaN
9954,F,0.9919658555933789,1.0172624217788466,false,0,NaN
9955,F,0.9919665382624243,1.0010916279180915,false,0,NaN
9956,F,0.9919663606523998,1.0010919307024633,false,0,NaN
9957,F,0.991966358567308,0.999965280175307,true,0,NaN
9958,F,0.9999598317928365,NaN,false,-300,NaN
9959,F,0.9959630951800722,2.8835032590040197,false,0,NaN
9960,F,0.9939647268736901,1.4351241817619536,false,0,NaN
9961,F,0.9929655427204991,1.1801318309593907,false,0,NaN
9962,F,0.9919697679424657,1.0000183457226346,false,0,NaN
9963,F,0.9919115306308942,NaN,false,-300,NaN
9964,F,0.99194064928668,NaN,false,-300,NaN
9965,F,0.9919552086145729,NaN,false,-300,NaN
9966,F,0.9919624882785193,NaN,false,-300,NaN
9967,F,0.9919726970023124,1.0000645783274882,false,0,NaN
9968,F,0.9919796524927008,1.0005562597942732,false,0,NaN
9969,F,0.9919982037368918,1.0051823080890516,false,0,NaN
9970,F,0.9919949126447035,1.0227434657821015,false,0,NaN
9971,F,0.9919887403476016,1.005200707262532,false,0,NaN
9972,F,0.991985437648779,1.019986283574941,false,0,NaN
9973,F,0.9919840073203476,1.0012132673743435,false,0,NaN
9974,F,0.9919846766883047,1.0181040280816793,false,0,NaN
9975,F,0.9919843420043262,1.0187094051282002,false,0,NaN
9976,F,0.9919841746623369,1.0010346091875388,false,0,NaN
9977,F,0.9920602331946746,1.0138589191202274,false,0,NaN
9978,F,0.9919788388165297,1.0042498533864745,false,0,NaN
9979,F,0.991938869791908,1.0000374496325868,false,0,NaN
9980,F,0.9919515463436971,1.0020238082491302,false,0,NaN
9981,F,0.9919684814349683,1.0000980669654214,false,0,NaN
9982,F,0.9920558203044149,1.0188741952396145,false,0,NaN
9983,F,0.9918731942451965,1.0004495962731395,false,0,NaN
9984,F,0.9919657790437939,1.008415470581403,false,0,NaN
9985,F,0.9920945958226767,1.0163251264766981,false,0,NaN
9986,F,0.9999604729791134,NaN,false,-300,NaN
9987,F,0.996027534400895,1.8228726689428516,false,0,NaN
9988,F,0.9999801376720044,NaN,false,-300,NaN
9989,F,0.9980038360364497,4.248901289257241,false,0,NaN
9990,F,0.9970156852186723,2.636724354082663,false,0,NaN
9991,F,0.9965216098097837,2.344816387883814,false,0,NaN
9992,F,0.9987503658677529,8.700771894187689,false,0,NaN
9993,F,0.9984307085106554,NaN,false,-300,NaN
9994,F,0.9973299609074961,4.449652409469799,false,0,NaN
9995,F,0.9966014429380754,3.1520993586071913,false,0,NaN
9996,F,0.9961891412719579,2.606089459822821,false,0,NaN
9997,F,0.9959715802518014,2.3057326022587206,false,0,NaN
9998,F,0.9959995590159528,2.2748986196180745,false,0,NaN
9999,F,0.996013548398049,2.007123722756821,false,0,NaN
10000,F,0.9960240404347644,1.8069553181537175,false,0,NaN
10001,F,0.9999801202021739,NaN,false,-300,NaN
10002,F,0.9980020803184692,4.423279606178277,false,0,NaN
10003,F,0.9970130603766167,2.9074022496551657,false,0,NaN
10004,F,0.9965185504056906,2.509696285851291,false,0,NaN
10005,F,0.9960464399261963,2.330798478619562,false,0,NaN
10006,F,0.9960351888009219,2.076514472395125,false,0,NaN
10007,F,0.9960296028604413,2.006092373620814,false,0,NaN
10008,F,0.9960268195247208,2.03468327576739,false,0,NaN
10009,F,0.9960254302213204,1.907315369787814,false,0,NaN
10010,F,0.9960247361425723,1.9049376428929996,false,0,NaN
10011,F,0.9960243892192945,1.9034425974697688,false,0,NaN
10012,F,0.9960241288798457,1.805816937827556,false,0,NaN
10013,F,0.9960237284497587,1.9057686500533608,false,0,NaN
10014,F,0.9960241277130953,1.903169266824408,false,0,NaN
10015,F,0.9960242754551504,1.905349151568693,false,0,NaN
10016,F,0.9960242614016789,1.8989361580637363,false,0,NaN
10017,F,0.9960242069178987,1.8074829312530254,false,0,NaN
10018,F,0.9960241691194611,1.8056999724747638,false,0,NaN
10019,F,0.9960241634148582,1.8058618517770488,false,0,NaN
10020,F,0.9960241691427082,1.8057226486439597,false,0,NaN
10021,F,0.9960241719748163,1.805655110762565,false,0,NaN
10022,F,0.996024161891719,1.8055373263196979,false,0,NaN
10023,F,0.9876475466909495,0.942939737047843,true,0,NaN
10024,F,0.9877006462190231,0.9448201807230739,true,0,NaN
10025,F,0.9880035005105011,0.9559352267297362,true,0,NaN
10026,F,0.9888365053714495,0.990182768742046,true,0,NaN
10027,F,0.9891104993007881,1.0027238189529806,false,0,NaN
10028,F,0.9890562385837784,1.000030649861901,false,0,NaN
10029,F,0.9890641998685548,0.999995450155057,true,0,NaN
10030,F,0.9990497551324086,9.377661441486278,false,0,NaN
10031,F,0.9940569775004817,1.6085544459242107,false,0,NaN
10032,F,0.9933680928738499,2.345944295097113,false,0,NaN
10033,F,0.9915605886845182,1.305482337554539,false,0,NaN
10034,F,0.9912147796145181,1.464916873845612,false,0,NaN
10035,F,0.9903123942765365,1.141332968240651,false,0,NaN
10036,F,0.9901524011714269,1.203233758469708,false,0,NaN
10037,F,0.9896882970725456,1.0755036192589407,false,0,NaN
10038,F,0.9896028223408558,1.148429486243733,false,0,NaN
10039,F,0.9893762484705502,1.055625427478204,false,0,NaN
10040,F,0.9893132757161842,1.0804243043259278,false,0,NaN
10041,F,0.9892202241695525,1.045447849021468,false,0,NaN
10042,F,0.9891687723644846,1.056160581981874,false,0,NaN
10043,F,0.9891032059438042,1.002576557577264,false,0,NaN
10044,F,0.9891002841478317,1.0404769697984868,false,0,NaN
10045,F,0.989069075627961,1.0000767893368252,false,0,NaN
10046,F,0.9890690045631853,1.0000666920552161,false,0,NaN
10047,F,0.9890697894334052,0.999999669992588,true,0,NaN
10048,F,0.9890752348220411,1.0016009597664906,false,0,NaN
10049,F,0.9890725121277231,1.001441716131032,false,0,NaN
10050,F,0.9890711507805642,1.0000796977000974,false,0,NaN
10051,F,0.9891106770058378,1.0018655491077637,false,0,NaN
10052,F,0.9890784138933086,1.0369540602823002,false,0,NaN
10053,F,0.9890945454495732,1.000934668441343,false,0,NaN
10054,F,0.9909860824681944,1.424152865124754,false,0,NaN
10055,F,0.9900403139588838,1.2096264412794828,false,0,NaN
10056,F,0.9895674297042285,1.1512427899832511,false,0,NaN
10057,F,0.9893309875769009,1.0834757489883746,false,0,NaN
10058,F,0.9891893142139073,1.0456888732937695,false,0,NaN
10059,F,0.9891373056794128,1.0424203253632662,false,0,NaN
10060,F,0.9891108317644274,1.0396308714734648,false,0,NaN
10061,F,0.9890964726183307,1.0398599668677688,false,0,NaN
10062,F,0.989087787418706,1.0405261825918815,false,0,NaN
10063,F,0.9890912190094553,1.0378642509060263,false,0,NaN
10064,F,0.989092884887127,1.0380872792887659,false,0,NaN
10065,F,0.989094134355346,1.001045607411722,false,0,NaN
10066,F,0.9890944994256156,1.0009269619187777,false,0,NaN
10067,F,0.9890945149085485,1.0125494065759768,false,0,NaN
10068,F,0.9890945476168441,1.0009039875025754,false,0,NaN
10069,F,0.9892408123859943,1.0177733606183785,false,0,NaN
10070,F,0.9900685017056259,1.1367875730121564,false,0,NaN
10071,F,0.9890946123153597,1.0009035949257736,false,0,NaN
10072,F,0.9909840470506882,1.2647250771677578,false,0,NaN
10073,F,0.9900393296830239,1.0976631808947683,false,0,NaN
10074,F,0.9895669709991918,1.070997335754178,false,0,NaN
10075,F,0.9893307916572758,1.0570879938702853,false,0,NaN
10076,F,0.9890942552451847,1.0008815044050643,false,0,NaN
10077,F,0.9890938063250053,1.0022332304040604,false,0,NaN
10078,F,0.9890941572106683,1.0021878978448016,false,0,NaN
10079,F,0.9890942423875473,1.0011263535100867,false,0,NaN
10080,F,0.9890942533331498,1.0008914571477003,false,0,NaN
10081,F,0.9890942547793202,1.000879570191749,false,0,NaN
10082,F,0.9890942169619191,1.0008816276549384,false,0,NaN
10083,F,0.9890942505266065,1.0008789054230918,false,0,NaN
10084,F,0.9890942526289977,1.000873772243066,false,0,NaN
10085,F,0.9890759952514148,1.000003456589562,false,0,NaN
10086,F,0.9890770973992276,1.0000014105939545,false,0,NaN
10087,F,0.9890797539939541,1.034200710812367,false,0,NaN
10088,F,0.9890784256965909,1.00008672546617,false,0,NaN
10089,F,0.9890777615479092,1.0000015827183457,false,0,NaN
10090,F,0.989690583777719,1.0536663435774831,false,0,NaN
10091,F,0.9886545510921375,0.9954166658193809,true,0,NaN
10092,F,0.988881712209179,1.0030317154560326,false,0,NaN
10093,F,0.9888069509820309,0.9994301087879921,true,0,NaN
10094,F,0.9888480010932744,0.9675127070885048,true,0,NaN
10095,F,0.9895343387417813,1.0039544069643687,false,0,NaN
10096,F,0.9893590145290214,0.9909612052452265,true,0,NaN
10097,F,0.9999467950726451,NaN,false,-300,NaN
10098,F,0.9946534489466528,NaN,false,-300,NaN
10099,F,0.9920066229276479,1.419812573875952,false,0,NaN
10100,F,0.9913479314331053,NaN,false,-300,NaN
10101,F,0.9906832048299732,1.129705984912904,false,0,NaN
10102,F,0.9904701028457745,1.364327867537011,false,0,NaN
10103,F,0.990021485604449,1.062476064913605,false,0,NaN
10104,F,0.9899116438280033,1.172573144873214,false,0,NaN
10105,F,0.9896906056355739,1.0480855330625496,false,0,NaN
10106,F,0.9896028657738213,1.099582826190721,false,0,NaN
10107,F,0.9895251379713599,1.0386468430865667,false,0,NaN
10108,F,0.9894518949053521,1.0753689376458682,false,0,NaN
10109,F,0.9894009542667335,0.9954483487799631,true,0,NaN
10110,F,0.9896898849507939,1.0467886598559815,false,0,NaN
10111,F,0.9895970504417472,1.1001020784018614,false,0,NaN
10112,F,0.9895455624516658,1.0415302071652286,false,0,NaN
10113,F,0.989462236219957,1.0743571582815394,false,0,NaN
10114,F,0.9894733822312579,1.0374700627917135,false,0,NaN
10115,F,0.9894372545266107,1.0323631178118737,false,0,NaN
10116,F,0.9894191440930121,1.0311274443114606,false,0,NaN
10117,F,0.989410061717091,1.013219073010236,false,0,NaN
10118,F,0.9894055183556529,1.0010371133890335,false,0,NaN
10119,F,0.9894021012295162,0.995460222265454,true,0,NaN
10120,F,0.98949459885083,1.0002100365840083,false,0,NaN
10121,F,0.9896040244725011,1.0055498532891816,false,0,NaN
10122,F,0.9895493116616656,1.0027701959606445,false,0,NaN
10123,F,0.9895219552562478,1.0013593031474075,false,0,NaN
10124,F,0.9895082770535389,1.0006698687440814,false,0,NaN
10125,F,0.9896040395474863,1.0055518025183219,false,0,NaN
10126,F,0.9896040370799734,1.0056018002950022,false,0,NaN
10127,F,0.9895493204383884,1.0027718431176407,false,0,NaN
10128,F,0.9895493192013919,1.0027965511346633,false,0,NaN
10129,F,0.9895219608838388,1.0013592838495482,false,0,NaN
10130,F,0.9895219602721355,1.0013711094002884,false,0,NaN
10131,F,0.989508281106563,1.0006624334813048,false,0,NaN
10132,F,0.9895082808033153,1.0006628162718134,false,0,NaN
10133,F,0.9895014412179229,1.0003365609414394,false,0,NaN
10134,F,0.9895014410588798,1.0003223344079974,false,0,NaN
10135,F,0.9894980212735986,1.0001879194907513,false,0,NaN
10136,F,0.9894991194811508,0.9999909158804525,true,0,NaN
10137,F,0.9895018410778857,1.0000504152728071,false,0,NaN
10138,F,0.9895033200062715,1.000027337934243,false,0,NaN
10139,F,0.9895068701032889,1.0000012159716736,false,0,NaN
10140,F,0.9895082641434556,1.0000003100399808,true,0,NaN
10141,F,0.989511639898402,1.0000016559281257,false,0,NaN
10142,F,0.9896841072874498,1.0072884176743724,false,0,NaN
10143,F,0.9895978735929258,1.0059907827668357,false,0,NaN
10144,F,0.989554756745664,1.0057719470388333,false,0,NaN
10145,F,0.9895331983220329,1.0011006413766568,false,0,NaN
10146,F,0.989522504702465,1.0001594952109583,false,0,NaN
10147,F,0.9895221090704843,1.0015494175374675,false,0,NaN
10148,F,0.9895170695952464,1.0001072898776062,false,0,NaN
10149,F,0.989516803059646,1.0013966574751114,false,0,NaN
10150,F,0.9895143520380731,1.0000511309421611,false,0,NaN
10151,F,0.9895142243762174,1.0000465778891137,false,0,NaN
10152,F,0.9895129932523584,1.000005247934581,false,0,NaN
10153,F,0.9896311944662586,1.0065523195608619,false,0,NaN
10154,F,0.9895147509284297,1.0000082772402894,false,0,NaN
10155,F,0.9895916778914251,1.001516796540603,false,0,NaN
10156,F,0.9895602480005479,0.9999789253395716,true,0,NaN
10157,F,0.9899973180329841,1.0216954951071822,false,0,NaN
10158,F,0.9895478606031711,0.9983302906497025,true,0,NaN
10159,F,0.989778783016766,1.0107077478979911,false,0,NaN
10160,F,0.9896695155086569,1.0074978935051182,false,0,NaN
10161,F,0.9896148817546024,1.0049184731233862,false,0,NaN
10162,F,0.9895689924667382,1.0000792618487102,false,0,NaN
10163,F,0.989568987612742,1.000079497264133,false,0,NaN
10164,F,0.989565859835643,1.0000706436223208,false,0,NaN
10165,F,0.9895658553924965,1.0000707107797835,false,0,NaN
10166,F,0.9895642922160456,1.0000669918512788,false,0,NaN
10167,F,0.9895642879464246,1.000067025823197,false,0,NaN
10168,F,0.9895635057789877,1.0000653028463735,false,0,NaN
10169,F,0.9895635015894814,1.0000653189260595,false,0,NaN
10170,F,0.9895631071464472,1.0000644832455186,false,0,NaN
10171,F,0.9895631029957772,1.0000644899148061,false,0,NaN
10172,F,0.9895628954818037,1.0000640580509668,false,0,NaN
10173,F,0.9895628913512697,1.0000640596267156,false,0,NaN
10174,F,0.9895625803334734,1.0000561223433604,false,0,NaN
10175,F,0.989562576587628,1.0000559840175303,false,0,NaN
10176,F,0.9895608310837792,0.9999840666733999,true,0,NaN
10177,F,0.9899075199568715,1.0162346153988349,false,0,NaN
10178,F,0.989576362675115,0.9994425468048707,true,0,NaN
10179,F,0.989592139347379,1.0000314899368221,false,0,NaN
10180,F,0.9896848009424338,1.0094186623116834,false,0,NaN
10181,F,0.9894897886846373,0.9925259216238568,true,0,NaN
10182,F,0.9898014297743336,1.010381383383459,false,0,NaN
10183,F,0.9895580941946198,0.9975205532222088,true,0,NaN
10184,F,0.9897380045553895,1.0090134624454135,false,0,NaN
10185,F,0.9895790450005812,1.0328419337696173,false,0,NaN
10186,F,0.9896480493750047,0.9977194285588246,true,0,NaN
10187,F,0.9899473329415696,1.0566192547737323,false,0,NaN
10188,F,0.9889208457543582,1.0028667643655624,false,0,NaN
10189,F,0.9897976911582872,1.0457519817877872,false,0,NaN
10190,F,0.989722870266646,1.0276952994000785,false,0,NaN
10191,F,0.9896854598208253,1.0017052072614776,false,0,NaN
10192,F,0.9898960897682151,1.0536514590047013,false,0,NaN
10193,F,0.9897314810055845,1.147479113997873,false,0,NaN
10194,F,0.9897720702093779,1.0448645237588536,false,0,NaN
10195,F,0.989631420544291,1.140971839326788,false,0,NaN
10196,F,0.9897100604299591,1.0138401596108242,false,0,NaN
10197,F,0.9896624050034164,1.0519305680830537,false,0,NaN
10198,F,0.9896790555402498,1.0014644566308566,false,0,NaN
10199,F,0.9896683556510597,1.0380823019009067,false,0,NaN
10200,F,0.9896635530953951,0.9978633933397352,true,0,NaN
10201,F,0.9898980410782718,1.0533501626814132,false,0,NaN
10202,F,0.9889105986633736,0.9961023602103432,true,0,NaN
10203,F,0.9890151056287884,1.0004150937288867,false,0,NaN
10204,F,0.9890082173162383,1.000072660878852,false,0,NaN
10205,F,0.9890069154908594,0.9999805445558588,true,0,NaN
10206,F,0.9890076517750402,0.9999999314411357,true,0,NaN
10207,F,0.9890083854674178,0.9999995160147802,true,0,NaN
10208,F,0.9890087804893074,0.9999985659061055,true,0,NaN
10209,F,0.9890104768993853,0.9999207638825329,true,0,NaN
10210,F,0.9895728755009394,1.0711686211337141,false,0,NaN
10211,F,0.9881902921592934,1.0643923453784727,false,0,NaN
10212,F,0.9892916762001623,1.0276670091046913,false,0,NaN
10213,F,0.9891510765497739,1.0164230958153828,false,0,NaN
10214,F,0.9890807767245795,1.006640872136144,false,0,NaN
10215,F,0.9895728755009394,1.0711686211337135,false,0,NaN
10216,F,0.9893638914672097,1.1821015805403383,false,0,NaN
10217,F,0.9892916771836102,1.027667028202421,false,0,NaN
10218,F,0.9892103155045192,1.0557522832173651,false,0,NaN
10219,F,0.9891510780249455,1.0164230943766612,false,0,NaN
10220,F,0.9891026773533282,1.0322431751074244,false,0,NaN
10221,F,0.9890807784456132,1.0066408707413945,false,0,NaN
10222,F,0.9890610735917504,1.008825105788629,false,0,NaN
10223,F,0.9890456286559469,1.006592302956219,false,0,NaN
10224,F,0.9890260530701542,1.0062784399708073,false,0,NaN
10225,F,0.9890280537611137,0.9998731999979449,true,0,NaN
10226,F,0.9890767770130752,1.0067048472200075,false,0,NaN
10227,F,0.9889861177812929,1.0049500038579517,false,0,NaN
10228,F,0.9890379701940019,1.0065888663911475,false,0,NaN
10229,F,0.9890330119775578,1.0065735493438304,false,0,NaN
10230,F,0.9890305328693357,0.9998796583251117,true,0,NaN
10231,F,0.9890618179331996,1.0067953004626327,false,0,NaN
10232,F,0.9889685616810557,1.0031320156642805,false,0,NaN
10233,F,0.9890461754012677,1.0066567415404761,false,0,NaN
10234,F,0.9890383541353017,1.006602643470621,false,0,NaN
10235,F,0.9890344435023187,1.006583788105754,false,0,NaN
10236,F,0.9890337178004402,1.0065758904986812,false,0,NaN
10237,F,0.9890145529208753,1.0063076983187855,false,0,NaN
10238,F,0.9890321260038618,0.9998859928495052,true,0,NaN
10239,F,0.9999451606300193,NaN,false,-300,NaN
10240,F,0.9895920312611051,1.054220587720404,false,0,NaN
10241,F,0.9893120786324834,1.0242153623197054,false,0,NaN
10242,F,0.9891721023181727,1.013334462285871,false,0,NaN
10243,F,0.9895920298553336,1.0542202810588566,false,0,NaN
10244,F,0.9894363482865095,1.1665092924379112,false,0,NaN
10245,F,0.9893120771971716,1.0242150722928178,false,0,NaN
10246,F,0.989242368433046,1.0470132129872778,false,0,NaN
10247,F,0.9891721008680874,1.0133341769674094,false,0,NaN
10248,F,0.9891335678284177,1.0122183540206817,false,0,NaN
10249,F,0.989102112703539,1.0065876190846597,false,0,NaN
10250,F,0.9890829101597683,1.008850293454267,false,0,NaN
10251,F,0.989067118621252,1.0066098199084048,false,0,NaN
10252,F,0.9890478516435831,1.0063003087095987,false,0,NaN
10253,F,0.9890496215800829,1.006600639185499,false,0,NaN
10254,F,0.9890303805006659,1.006297675261194,false,0,NaN
10255,F,0.9890408730594473,1.006577011824052,false,0,NaN
10256,F,0.9890343116686131,1.006573642116777,false,0,NaN
10257,F,0.9890323979259257,0.9998857163980467,true,0,NaN
10258,F,0.9999451619896297,NaN,false,-300,NaN
10259,F,0.9890344728818882,1.0065737943124349,false,0,NaN
10260,F,0.9890334354039069,1.0065732296704835,false,0,NaN
10261,F,0.9890329166649163,1.0004804715108737,false,0,NaN
10262,F,0.9890344744583922,1.006573793321396,false,0,NaN
10263,F,0.9890334369801056,1.0065732286802422,false,0,NaN
10264,F,0.9890329182404817,1.000476910974132,false,0,NaN
10265,F,0.9890326588697088,0.9998857253715492,true,0,NaN
10266,F,0.989336164286052,1.0004818246726344,false,0,NaN
10267,F,0.9893241394573059,0.999250382381172,true,0,NaN
10268,F,0.9999466206972866,NaN,false,-300,NaN
10269,F,0.9946353800772962,1.4642751389777868,false,0,NaN
10270,F,0.991979759767301,1.1410146918979316,false,0,NaN
10271,F,0.9906519496123035,1.0545335150050867,false,0,NaN
10272,F,0.9940616299121146,1.3714952247180419,false,0,NaN
10273,F,0.994061629521563,1.3721118726013612,false,0,NaN
10274,F,0.9924618356095224,1.1946367339208592,false,0,NaN
10275,F,0.992461835404593,1.1948374208178238,false,0,NaN
10276,F,0.9913391032197135,1.100787501681601,false,0,NaN
10277,F,0.9913391031133142,1.1008625107226386,false,0,NaN
10278,F,0.9903316213385097,1.0352472907775043,false,0,NaN
10279,F,0.990331621300789,1.0352610392666755,false,0,NaN
10280,F,0.9898278803979078,1.0081387986258643,false,0,NaN
10281,F,0.9898278803885937,1.007560765905568,false,0,NaN
10282,F,0.9895760099276069,1.0007331220260909,false,0,NaN
10283,F,0.9895760099260531,0.9995555154976333,true,0,NaN
10284,F,0.9900665609620987,1.0229046928412446,false,0,NaN
10285,F,0.9900665609189117,1.0229111215762456,false,0,NaN
10286,F,0.9898212790309894,1.007151000365925,false,0,NaN
10287,F,0.9898212790165648,1.0069652403120015,false,0,NaN
10288,F,0.9896986350143918,1.001796995849912,false,0,NaN
10289,F,0.9896986350097424,1.001265355199187,false,0,NaN
10290,F,0.9896373062362382,0.9999914277559998,true,0,NaN
10291,F,0.9900652319546684,1.0202333434954607,false,0,NaN
10292,F,0.990065231841582,1.0202571965126734,false,0,NaN
10293,F,0.9898512690954533,1.008720479762932,false,0,NaN
10294,F,0.9898512690466864,1.008714379705733,false,0,NaN
10295,F,0.9897442876658458,1.0033155977474113,false,0,NaN
10296,F,0.9897442876472745,1.0031682434836937,false,0,NaN
10297,F,0.989690796951042,1.001061787462911,false,0,NaN
10298,F,0.9896907969450622,1.0007925449212731,false,0,NaN
10299,F,0.9896640515936401,1.00029447914559,false,0,NaN
10300,F,0.989664051591947,1.0001289638041095,false,0,NaN
10301,F,0.9896506789149392,1.0000715861681864,false,0,NaN
10302,F,0.9896506789144913,1.0000107493091583,false,0,NaN
10303,F,0.9896876377511273,1.0007444174577103,false,0,NaN
10304,F,0.9896507269876412,1.0000107600114898,false,0,NaN
10305,F,0.9896895587429462,1.0008079111351513,false,0,NaN
10306,F,0.9896701428652938,1.0002419474970163,false,0,NaN
10307,F,0.9896604349264675,1.0000735585671008,false,0,NaN
10308,F,0.9896555809570543,1.0000274305624288,false,0,NaN
10309,F,0.9896524578800372,0.9999944702282759,true,0,NaN
10310,F,0.9898391924386668,1.0082517493603422,false,0,NaN
10311,F,0.9898391923456162,1.0082617500862758,false,0,NaN
10312,F,0.9897458251593351,1.0033418455180392,false,0,NaN
10313,F,0.9897458251215936,1.003290322141601,false,0,NaN
10314,F,0.9896991415196692,1.0011450283494245,false,0,NaN
10315,F,0.9896991415066744,1.0009762866772247,false,0,NaN
10316,F,0.9896757996998362,1.000348054183692,false,0,NaN
10317,F,0.9896757996958192,1.0001982691539901,false,0,NaN
10318,F,0.9896641287899197,1.0000899630144588,false,0,NaN
10319,F,0.98966412878881,1.0000238170049007,false,0,NaN
10320,F,0.9896582933349614,1.0000175128645408,false,0,NaN
10321,F,0.9896582933346679,0.9999959580285696,true,0,NaN
10322,F,0.9896699666880021,1.000110393253736,false,0,NaN
10323,F,0.9896699666860147,1.0000387673864726,false,0,NaN
10324,F,0.989664130011297,1.0000235567452878,false,0,NaN
10325,F,0.9896641300107607,0.9999983331290125,true,0,NaN
10326,F,0.9896831333920122,1.0003507506327893,false,0,NaN
10327,F,0.9896641516392055,0.9999983423253521,true,0,NaN
10328,F,0.9896805487791217,1.000272353858405,false,0,NaN
10329,F,0.9896723502091637,1.0000770013797555,false,0,NaN
10330,F,0.9896682509241845,1.000020127570917,false,0,NaN
10331,F,0.989666201281695,1.0000044285134977,false,0,NaN
10332,F,0.989664698339706,0.9999920479997177,true,0,NaN
10333,F,0.9896978174592026,1.000897486766155,false,0,NaN
10334,F,0.9897404592042106,1.0029491592988478,false,0,NaN
10335,F,0.9896664717653569,0.9999959781526594,true,0,NaN
10336,F,0.9896837823285348,1.0003279140419001,false,0,NaN
10337,F,0.9896801418982175,1.0001140242536286,false,0,NaN
10338,F,0.9896751270469459,1.0000923289627683,false,0,NaN
10339,F,0.9896707994061514,1.0000223031522346,false,0,NaN
10340,F,0.9896686355857541,1.0000030190578495,false,0,NaN
10341,F,0.9896891653360099,1.0005192279721415,false,0,NaN
10342,F,0.98968916531728,1.0004209548279634,false,0,NaN
10343,F,0.9896892673586904,1.0005231131891121,false,0,NaN
10344,F,0.9896892673398192,1.0004249429191447,false,0,NaN
10345,F,0.989689319151593,1.0005250888504569,false,0,NaN
10346,F,0.9896893191326498,1.0004269724037869,false,0,NaN
10347,F,0.9896893468602336,1.0005261467140565,false,0,NaN
10348,F,0.9896893468412519,1.0004280595007153,false,0,NaN
10349,F,0.9896868913853171,1.00043477663308,false,0,NaN
10350,F,0.9896868913696064,1.00033540767026,false,0,NaN
10351,F,0.9896766815777873,1.0001253884850687,false,0,NaN
10352,F,0.9896766815731539,1.0000600169592715,false,0,NaN
10353,F,0.9896715766715721,1.000031251388663,false,0,NaN
10354,F,0.9896715766703091,1.000005660394799,false,0,NaN
10355,F,0.9896677479919107,0.9999983330119793,true,0,NaN
10356,F,0.9896860001121519,1.0003804607846023,false,0,NaN
10357,F,0.9896812469451257,1.0000974619771412,false,0,NaN
10358,F,0.9896677682147622,0.9999983351077409,true,0,NaN
10359,F,0.9896879121984503,1.0004467521117242,false,0,NaN
10360,F,0.98968057799627,1.0000492652358426,false,0,NaN
10361,F,0.9896778402066062,1.0001321763612732,false,0,NaN
10362,F,0.9896728042106843,1.0000351911535563,false,0,NaN
10363,F,0.9896702862127232,1.0000080779673,false,0,NaN
10364,F,0.9896856331561281,1.0003684226538094,false,0,NaN
10365,F,0.9896856331407156,1.0002768702652896,false,0,NaN
10366,F,0.9896767006854451,1.0001067367624064,false,0,NaN
10367,F,0.9896767006809307,1.0000498037193202,false,0,NaN
10368,F,0.9896722344501037,1.0000277757210587,false,0,NaN
10369,F,0.9896722344488775,1.0000060426693638,false,0,NaN
10370,F,0.9896823656161265,1.0001724333665805,false,0,NaN
10371,F,0.989679358388101,1.0000032554671563,false,0,NaN
10372,F,0.9896827303699942,1.0000350734899248,false,0,NaN
10373,F,0.9896826761953512,1.00000079714674,true,0,NaN
10374,F,0.9896862563109335,1.00002684729963,false,0,NaN
10375,F,0.9896873692893097,1.0000078164905695,false,0,NaN
10376,F,0.9896922984846793,1.0029371337334352,false,0,NaN
10377,F,0.9896898338869945,1.0000084592113705,false,0,NaN
10378,F,0.9897001663731437,1.0029476509058814,false,0,NaN
10379,F,0.9896950001300691,1.0029328340468344,false,0,NaN
10380,F,0.9896924170085318,1.0029289889251602,false,0,NaN
10381,F,0.9896911254477632,1.0029284956585864,false,0,NaN
10382,F,0.9897001669757378,1.0029476534562645,false,0,NaN
10383,F,0.9897000807720052,1.0031543102514635,false,0,NaN
10384,F,0.9896949828578083,1.0029287540379723,false,0,NaN
10385,F,0.989694897206689,1.0031264787474075,false,0,NaN
10386,F,0.9896923904923093,1.0029226099086657,false,0,NaN
10387,F,0.9896923050208422,1.0001905467898777,false,0,NaN
10388,F,0.9896910936958562,1.0029208596871535,false,0,NaN
10389,F,0.9896910082755647,1.0001835674801554,false,0,NaN
10390,F,0.9896904440651133,1.0026939154473289,false,0,NaN
10391,F,0.9896901167429119,1.0000626044781367,false,0,NaN
10392,F,0.9896901148975171,1.0000022667054236,false,0,NaN
10393,F,0.9896904142356124,1.000190845456206,false,0,NaN
10394,F,0.9896904055680109,1.0000428519990092,false,0,NaN
10395,F,0.9896902645011794,1.0000587782177544,false,0,NaN
10396,F,0.9896902618157375,1.0000095328562695,false,0,NaN
10397,F,0.9896901896314165,1.0000223769401768,false,0,NaN
10398,F,0.9896901885948184,1.00000247159423,false,0,NaN
10399,F,0.9896901521914409,1.0000083831136086,false,0,NaN
10400,F,0.9896901517887117,1.0000005911347385,true,0,NaN
10401,F,0.9896915410067925,1.0000469015431075,false,0,NaN
10402,F,0.9896908818192254,0.9999991096242948,true,0,NaN
10403,F,0.9896915466993352,1.0000010280220981,false,0,NaN
10404,F,0.9896920810452835,0.9999990330098361,true,0,NaN
10405,F,0.989694135184978,1.0000112600749023,false,0,NaN
10406,F,0.9896964031201453,1.0000175182881144,false,0,NaN
10407,F,0.9896931081151308,1.0000042052755913,false,0,NaN
10408,F,0.9896925945802071,1.0000009703539654,true,0,NaN
10409,F,0.9896923378127453,0.9999996736029537,true,0,NaN
10410,F,0.9896965708690285,1.000000914727024,true,0,NaN
10411,F,0.9897064611664385,1.0000343292672138,false,0,NaN
10412,F,0.9897155071018925,1.0000327323405132,false,0,NaN
10413,F,0.9897370412059845,1.0044104310241255,false,0,NaN
10414,F,0.9897262741539385,1.0000206228806587,false,0,NaN
10415,F,0.9897337324414578,1.0000121373020079,false,0,NaN
10416,F,0.9901278946216349,1.1045899670048176,false,0,NaN
10417,F,0.9900306569391905,0.9911831607186953,true,0,NaN
10418,F,0.9901625003136956,0.9984325605005376,true,0,NaN
10419,F,0.9901932520678365,1.0000327431027158,false,0,NaN
10420,F,0.9999509662603392,NaN,false,-300,NaN
10421,F,0.995072105500252,1.5385653656135174,false,0,NaN
10422,F,0.9950643317409372,1.5402334349439104,false,0,NaN
10423,F,0.9926326762035373,1.2319129065372014,false,0,NaN
10424,F,0.9926293286579421,1.2329548937104864,false,0,NaN
10425,F,0.9914129615536035,1.0787166608919627,false,0,NaN
10426,F,0.9914118252386835,1.0783223108713185,false,0,NaN
10427,F,0.9908031042254832,1.028829081022995,false,0,NaN
10428,F,0.9908026879866102,1.0287078586794154,false,0,NaN
10429,F,0.9904981755551168,1.0339237864588777,false,0,NaN
10430,F,0.9904976857793962,1.0338069740495954,false,0,NaN
10431,F,0.9903457112073206,1.0227117682577673,false,0,NaN
10432,F,0.9903453832655829,1.0226552070043284,false,0,NaN
10433,F,0.9902313628581834,1.0037659642956307,false,0,NaN
10434,F,0.9902313083796934,1.0037461874346927,false,0,NaN
10435,F,0.9901980103439005,1.0004499484169438,false,0,NaN
10436,F,0.9901980037286988,1.000447559852439,false,0,NaN
10437,F,0.9901935390124409,1.0000158098714822,false,0,NaN
10438,F,0.9901935125240827,1.0000055262123837,false,0,NaN
10439,F,0.9901967914097217,1.0000002018781893,true,0,NaN
10440,F,0.9902052091409881,1.0016974569692778,false,0,NaN
10441,F,0.9901834355575246,1.0000280537707535,false,0,NaN
10442,F,0.990201000275355,1.0000028712956315,false,0,NaN
10443,F,0.9902053478561555,1.0006581603053857,false,0,NaN
10444,F,0.9901975936370274,1.0007768614842871,false,0,NaN
10445,F,0.9902031740657553,1.0000642166408156,false,0,NaN
10446,F,0.9902020871705551,1.000006619720423,false,0,NaN
10447,F,0.990201543722955,1.0000032238870624,false,0,NaN
10448,F,0.9902115272626457,1.0000243418068397,false,0,NaN
10449,F,0.9902202253439674,1.0000511107345496,false,0,NaN
10450,F,0.9902065354928004,1.0000309206522897,false,0,NaN
10451,F,0.9902040396078777,1.0000305710551234,false,0,NaN
10452,F,0.9902027916654164,1.0000315400083233,false,0,NaN
10453,F,0.9902045457317018,1.0000280615830182,false,0,NaN
10454,F,0.9902045313199285,1.0000218410705553,false,0,NaN
10455,F,0.9902030424493583,1.000029484808524,false,0,NaN
10456,F,0.9902030273269782,1.0000231369640717,false,0,NaN
10457,F,0.9902022908081851,1.000002943005465,false,0,NaN
10458,F,0.9902938699265714,1.0098177633986407,false,0,NaN
10459,F,0.9901224443851773,0.9998618131097409,true,0,NaN
10460,F,0.9955898936211267,2.9259850614104286,false,0,NaN
10461,F,0.992856169003152,1.2444544432895825,false,0,NaN
10462,F,0.9914893066941646,1.1376253054023626,false,0,NaN
10463,F,0.9908058755396709,1.0570783655433433,false,0,NaN
10464,F,0.9920493260473349,1.201011778760596,false,0,NaN
10465,F,0.991932476608997,1.348807827253477,false,0,NaN
10466,F,0.9910859579114008,1.0986419160354135,false,0,NaN
10467,F,0.991028576061067,1.1515108213596321,false,0,NaN
10468,F,0.9906042738416215,1.0275385185944086,false,0,NaN
10469,F,0.9905881989002511,1.025773142871999,false,0,NaN
10470,F,0.9903634318031075,1.014744295984178,false,0,NaN
10471,F,0.9903547876671343,1.0144034121655778,false,0,NaN
10472,F,0.9902430107766017,1.0034544797521594,false,0,NaN
10473,F,0.9902409248243105,1.0041703883134687,false,0,NaN
10474,F,0.9901828002488511,1.003407133821363,false,0,NaN
10475,F,0.9901807410681459,1.004174063924867,false,0,NaN
10476,F,0.9901526949559805,0.9996299590567583,true,0,NaN
10477,F,0.9905495926536768,1.0925552747795872,false,0,NaN
10478,F,0.9904533737902095,1.2113616265063032,false,0,NaN
10479,F,0.9903512057228061,1.0630681566654365,false,0,NaN
10480,F,0.9902855190868879,1.1215363510269643,false,0,NaN
10481,F,0.9902520121908684,1.0198486025532518,false,0,NaN
10482,F,0.9902310769391107,1.057094209989045,false,0,NaN
10483,F,0.9902024152918941,1.0072045548631876,false,0,NaN
10484,F,0.9901945722303037,1.0026570355272302,false,0,NaN
10485,F,0.9901776165763897,1.0073283421618209,false,0,NaN
10486,F,0.9901696453397105,1.0028364292164182,false,0,NaN
10487,F,0.9901652166865531,1.0014120867527678,false,0,NaN
10488,F,0.990163371395059,1.0025362132143276,false,0,NaN
10489,F,0.9901590156770663,1.0015310572220144,false,0,NaN
10490,F,0.9901570471983313,1.0025880022901057,false,0,NaN
10491,F,0.9901543574309145,0.9998134970950193,true,0,NaN
10492,F,0.9901640750764522,1.0001356535755932,false,0,NaN
10493,F,0.9901543613364089,0.9998135718148082,true,0,NaN
10494,F,0.9901623204076242,1.000046874311424,false,0,NaN
10495,F,0.9901583408720165,0.999922583222171,true,0,NaN
10496,F,0.9901563511042127,0.9998646664052231,true,0,NaN
10497,F,0.9901553562203108,0.9998380410693323,true,0,NaN
10498,F,0.9901622135322624,1.0002140258379093,false,0,NaN
10499,F,0.9901622106224065,1.0002284601639069,false,0,NaN
10500,F,0.9901582874343351,0.999987919789748,true,0,NaN
10501,F,0.992293218221481,1.2148986926351473,false,0,NaN
10502,F,0.9907369993262267,1.094982510044499,false,0,NaN
10503,F,0.9901638510690997,0.9999885635092733,true,0,NaN
10504,F,0.9901864854513235,1.0038273472779342,false,0,NaN
10505,F,0.990169611126428,1.0025070279151413,false,0,NaN
10506,F,0.9901751682602116,1.0038500991042412,false,0,NaN
10507,F,0.9901695096646557,0.9999953862448377,true,0,NaN
10508,F,0.9932110377634811,1.3224279324348598,false,0,NaN
10509,F,0.9900423067661209,1.1708786319343183,false,0,NaN
10510,F,0.9916902737140684,1.177788065892234,false,0,NaN
10511,F,0.990929891689362,1.0770136307504452,false,0,NaN
10512,F,0.9905497006770089,1.0277786342802941,false,0,NaN
10513,F,0.991482495303106,1.138473651090448,false,0,NaN
10514,F,0.9912888277823102,1.3193585672954686,false,0,NaN
10515,F,0.9908259981255974,1.0576069423285521,false,0,NaN
10516,F,0.9907454228386933,1.1566725720907172,false,0,NaN
10517,F,0.990497749536815,1.0275812806149451,false,0,NaN
10518,F,0.9904591648405161,1.076518967012983,false,0,NaN
10519,F,0.9903336252423678,1.0117555923822776,false,0,NaN
10520,F,0.9903171726511643,1.0142700527588884,false,0,NaN
10521,F,0.9902515630950319,1.0037821304667431,false,0,NaN
10522,F,0.9902462613325126,1.0053970508117334,false,0,NaN
10523,F,0.9902105320211397,1.003764189058781,false,0,NaN
10524,F,0.9902052551803912,1.0054035696396915,false,0,NaN
10525,F,0.9901900164837448,1.0037589427019524,false,0,NaN
10526,F,0.9901847468952506,1.0054042879585465,false,0,NaN
10527,F,0.9901746298275578,1.0038257951717546,false,0,NaN
10528,F,0.9901692666797987,1.005364857898363,false,0,NaN
10529,F,0.9901701420203789,0.9999915216156436,true,0,NaN
10530,F,0.9945448083788886,2.290345747063534,false,0,NaN
10531,F,0.9814829636511082,2.919275966705724,false,0,NaN
10532,F,0.9901717841142437,1.0038256240375105,false,0,NaN
10533,F,0.9901709630673113,1.0038255921242003,false,0,NaN
10534,F,0.9901705525438451,0.9999933688185741,true,0,NaN
10535,F,0.9901717823159168,1.003825056827714,false,0,NaN
10536,F,0.9901709612679339,1.0038250287879953,false,0,NaN
10537,F,0.990170550742863,0.9999930312414997,true,0,NaN
10538,F,0.9901815036532092,1.0002041715541088,false,0,NaN
10539,F,0.9901784415244896,1.000037022499967,false,0,NaN
10540,F,0.9901705601018946,0.9999930373019584,true,0,NaN
10541,F,0.99018126376386,1.0036157982126623,false,0,NaN
10542,F,0.9901659388406251,1.0019275152660772,false,0,NaN
10543,F,0.9901759330462522,1.0015336599214328,false,0,NaN
10544,F,0.9901694159381259,1.0030290247946594,false,0,NaN
10545,F,0.9901732663138038,1.001634834987347,false,0,NaN
10546,F,0.9901719302297635,1.0016840707718928,false,0,NaN
10547,F,0.9901712603256586,1.0016037073879147,false,0,NaN
10548,F,0.9901709238906922,1.0003422432352078,false,0,NaN
10549,F,0.9901707525871172,1.0000455446132515,false,0,NaN
10550,F,0.9901705304712832,1.0001228933489283,false,0,NaN
10551,F,0.9901706125763445,0.9999936508411902,true,0,NaN
10552,F,0.9901709737899259,1.000017019081501,false,0,NaN
10553,F,0.9901708595869778,1.0000265930000782,false,0,NaN
10554,F,0.9901707999777551,1.000005256156617,false,0,NaN
10555,F,0.9901707432614079,1.0000085044064533,false,0,NaN
10556,F,0.9901707088014863,0.9999988312533942,true,0,NaN
10557,F,0.9901714440123759,1.0033881333010979,false,0,NaN
10558,F,0.9901710764267327,1.0004106004040985,false,0,NaN
10559,F,0.9901708926141095,1.0000121098666757,false,0,NaN
10560,F,0.9901708567039221,1.000536910579429,false,0,NaN
10561,F,0.990170800707798,1.000000355635728,true,0,NaN
10562,F,0.990170796585315,1.0000001624634416,true,0,NaN
10563,F,0.9901707547546421,0.9999991107700064,true,0,NaN
10564,F,0.990171060153489,1.0008259970277529,false,0,NaN
10565,F,0.9901709074540656,1.0000299689325995,false,0,NaN
10566,F,0.9901707775510459,1.0027755825053632,false,0,NaN
10567,F,0.9901708311043538,1.0000024359295079,false,0,NaN
10568,F,0.9901708171064932,1.0000094992299413,false,0,NaN
10569,F,0.990170792929498,0.9999997038282131,true,0,NaN
10570,F,0.9901707834748936,0.9999991636643611,true,0,NaN
10571,F,0.9901707891090124,0.9999994424046488,true,0,NaN
10572,F,0.9901707891530332,0.999999443494569,true,0,NaN
10573,F,0.990198631679961,1.0112361705281276,false,0,NaN
10574,F,0.9901847131601694,1.0023421978868758,false,0,NaN
10575,F,0.990164505383342,1.0104229949762598,false,0,NaN
10576,F,0.9901777537447953,1.0000595046932164,false,0,NaN
10577,F,0.9901772356779835,1.0000034999175442,false,0,NaN
10578,F,0.990183740946166,1.0022313773310279,false,0,NaN
10579,F,0.9901793379977424,1.0116988301787893,false,0,NaN
10580,F,0.9901805716901918,1.0022308174949615,false,0,NaN
10581,F,0.9901789353606666,1.0022081592091974,false,0,NaN
10582,F,0.9901780498292976,1.0000014175228098,false,0,NaN
10583,F,0.9901818349930553,1.0031270236984096,false,0,NaN
10584,F,0.9901305069641357,1.00458333613981,false,0,NaN
10585,F,0.9901781026863175,1.0000013814359927,false,0,NaN
10586,F,0.9901945805555198,1.007672385404809,false,0,NaN
10587,F,0.9901116441213245,1.0005337770730216,false,0,NaN
10588,F,0.9901863416209187,1.0068130819682402,false,0,NaN
10589,F,0.9901822221536181,1.006116734273513,false,0,NaN
10590,F,0.9901801624199678,1.0060473257969171,false,0,NaN
10591,F,0.990178279901087,0.9999370525022045,true,0,NaN
10592,F,0.9902114087056041,1.0079443776579686,false,0,NaN
10593,F,0.990205338392926,1.016381876796343,false,0,NaN
10594,F,0.9901948443033455,1.0031400096734429,false,0,NaN
10595,F,0.9901924161577232,1.0069053618038222,false,0,NaN
10596,F,0.9901865621022162,1.0004162545140853,false,0,NaN
10597,F,0.9901861988215963,1.002654098402974,false,0,NaN
10598,F,0.9901824210016517,1.0001637762007203,false,0,NaN
10599,F,0.9901822491235631,1.0001722939225355,false,0,NaN
10600,F,0.9901803504513693,1.0000463209152222,false,0,NaN
10601,F,0.9901802676155383,1.0000436388649376,false,0,NaN
10602,F,0.9901793151762281,0.999988022550198,true,0,NaN
10603,F,0.9901988179827833,1.0109797983443047,false,0,NaN
10604,F,0.9901793194093074,0.9999880252598933,true,0,NaN
10605,F,0.9901849729255217,1.0022583237827736,false,0,NaN
10606,F,0.9901821461674145,1.0022619656833904,false,0,NaN
10607,F,0.9901807327883609,1.0022584537780594,false,0,NaN
10608,F,0.9901800260988342,1.0022494166017637,false,0,NaN
10609,F,0.9901793927804996,0.9999884122673981,true,0,NaN
10610,F,0.9901963473063718,1.0068264099748383,false,0,NaN
10611,F,0.9901735152981076,1.0102107559969817,false,0,NaN
10612,F,0.9901891010911164,1.0061182508015536,false,0,NaN
10613,F,0.9901844257351844,1.0061190221671124,false,0,NaN
10614,F,0.9901819675583239,1.0022679237121634,false,0,NaN
10615,F,0.9901807307150766,1.0022679413453497,false,0,NaN
10616,F,0.9901801062342689,1.0022801404270383,false,0,NaN
10617,F,0.9901797811848264,1.000114071477738,false,0,NaN
10618,F,0.9901794971657556,0.9999930645736498,true,0,NaN
10619,F,0.990180285910557,1.000053547608199,false,0,NaN
10620,F,0.9901802500729504,1.0000743923586706,false,0,NaN
10621,F,0.9901798935693339,1.0000184584819198,false,0,NaN
10622,F,0.9901798785228518,1.0000270664597621,false,0,NaN
10623,F,0.9901796962464087,1.0000017715620175,false,0,NaN
10624,F,0.9901796910873153,1.000003903500514,false,0,NaN
10625,F,0.990179596707601,0.9999958553255659,true,0,NaN
10626,F,0.9901801807210808,1.0005585867773088,false,0,NaN
10627,F,0.9901798887143409,1.0000108150430262,false,0,NaN
10628,F,0.9901798025267821,1.0001211013683293,false,0,NaN
10629,F,0.990179742710971,0.9999985604793342,true,0,NaN
10630,F,0.9901798726333884,1.0000013022224887,false,0,NaN
10631,F,0.9901799214568305,1.000004109579987,false,0,NaN
10632,F,0.9901797427133324,0.9999985605053742,true,0,NaN
10633,F,0.9901798033563012,0.9999999943245241,true,0,NaN
10634,F,0.9901801529931111,1.00020790204757,false,0,NaN
10635,F,0.990176671365765,1.0017431577824403,false,0,NaN
10636,F,0.9901799781747062,1.0000133523178434,false,0,NaN
10637,F,0.9901798907655036,1.000001864250934,false,0,NaN
10638,F,0.9901798470609025,1.0000003252731262,true,0,NaN
10639,F,0.9901800313270142,1.000286111527322,false,0,NaN
10640,F,0.9901786588908628,1.0074109999012015,false,0,NaN
10641,F,0.9901800297044964,1.0002876793409134,false,0,NaN
10642,F,0.9901786497826824,1.0074086136340434,false,0,NaN
10643,F,0.9901800288932374,1.0002884684037814,false,0,NaN
10644,F,0.9901786452038612,1.0074074125807269,false,0,NaN
10645,F,0.990180028487608,1.0002888642241352,false,0,NaN
10646,F,0.9901786429082683,1.0074068100743392,false,0,NaN
10647,F,0.9901800282847932,1.0002890624567724,false,0,NaN
10648,F,0.9901786417589251,1.007406508325859,false,0,NaN
10649,F,0.9901800281833859,1.0002891616535488,false,0,NaN
10650,F,0.9901786411838676,1.0074063573280447,false,0,NaN
10651,F,0.9901800281326821,1.000289211272169,false,0,NaN
10652,F,0.9901786408962419,1.0074062817980658,false,0,NaN
10653,F,0.9901800280946543,1.000289248494897,false,0,NaN
10654,F,0.9901786406804804,1.0074062251371183,false,0,NaN
10655,F,0.9901800280835624,1.0002892593534591,false,0,NaN
10656,F,0.9901786406175402,1.0074062086080495,false,0,NaN
10657,F,0.9901800280820674,1.0002892608170986,false,0,NaN
10658,F,0.9901798192644871,1.0000001037572366,true,0,NaN
10659,F,0.9901798187327703,1.0000000157319051,true,0,NaN
10660,F,0.9901798035978931,0.9999999929295954,true,0,NaN
10661,F,0.9901805357358714,1.0004852423417305,false,0,NaN
10662,F,0.990172541543406,1.0034196748533404,false,0,NaN
10663,F,0.9901798035978951,0.9999999929295939,true,0,NaN
10664,F,0.9901817168701532,1.004092487076425,false,0,NaN
10665,F,0.9901111073189558,1.0015289768607023,false,0,NaN
10666,F,0.9901807602340242,1.0016344650250626,false,0,NaN
10667,F,0.9901802819159596,1.0000019638829782,false,0,NaN
10668,F,0.9901800427569274,1.0000003314990207,true,0,NaN
10669,F,0.9901798070757112,0.9999999977349241,true,0,NaN
10670,F,0.9901798070524038,0.999999993082612,true,0,NaN
10671,F,0.9901803761098716,1.0000250314262105,false,0,NaN
10672,F,0.9901804695633962,1.003839105176262,false,0,NaN
10673,F,0.9901798070524254,0.9999999930825928,true,0,NaN
10674,F,0.9901812389922705,1.0038900004082987,false,0,NaN
10675,F,0.9901131874032254,1.001598068404973,false,0,NaN
10676,F,0.9901805230223479,1.0001188544431447,false,0,NaN
10677,F,0.9901801650373867,1.0000008699756788,true,0,NaN
10678,F,0.990179986044906,1.00000014408915,true,0,NaN
10679,F,0.9901798550443573,1.0000015300788718,false,0,NaN
10680,F,0.990179847053201,1.0000021940431947,false,0,NaN
10681,F,0.990179831047922,1.000000300135698,true,0,NaN
10682,F,0.9901798294507391,1.0000001163106687,true,0,NaN
10683,F,0.9901798190497042,1.0000000622350522,true,0,NaN
10684,F,0.9901798186892699,1.0000000041001678,true,0,NaN
10685,F,0.9901798130505952,1.0000000094112167,true,0,NaN
10686,F,0.9901798129647705,0.9999999941122873,true,0,NaN
10687,F,0.9901802475056835,1.0000046195631018,false,0,NaN
10688,F,0.9901805806853984,1.0037359140008593,false,0,NaN
10689,F,0.9901798129647787,0.9999999941122781,true,0,NaN
10690,F,0.9901808983421877,1.003850691145305,false,0,NaN
10691,F,0.9901130362199402,1.0004897477028294,false,0,NaN
10692,F,0.9901803556534833,1.0000086482897108,false,0,NaN
10693,F,0.990180084309131,1.0000003721297164,true,0,NaN
10694,F,0.9901799486369549,1.0000000452563844,true,0,NaN
10695,F,0.990182801630365,1.0039766233959517,false,0,NaN
10696,F,0.990119702361434,1.0036075695938962,false,0,NaN
10697,F,0.99018137513366,1.0039019691104838,false,0,NaN
10698,F,0.9901806618853074,1.0000768644520466,false,0,NaN
10699,F,0.9901803052611312,1.0000619507735178,false,0,NaN
10700,F,0.9901828024813838,1.0039766683732148,false,0,NaN
10701,F,0.9901553657845691,1.0017205685461055,false,0,NaN
10702,F,0.9901814065516006,1.0039099301606638,false,0,NaN
10703,F,0.9901544319128135,1.0015805308234533,false,0,NaN
10704,F,0.9901807085867089,1.0001018287164765,false,0,NaN
10705,F,0.9901800047679038,1.0077465188631645,false,0,NaN
10706,F,0.9901803596042631,1.000065070254521,false,0,NaN
10707,F,0.9901799097787609,1.0078055446322276,false,0,NaN
10708,F,0.9901801851130402,1.0000031975419845,false,0,NaN
10709,F,0.9901801623216668,1.0000090869374216,false,0,NaN
10710,F,0.9901800978674288,1.0000032643753465,false,0,NaN
10711,F,0.9901800747192592,1.0000101340238152,false,0,NaN
10712,F,0.990180054244623,1.0000034552074062,false,0,NaN
10713,F,0.9901800298321337,1.0000115933118758,false,0,NaN
10714,F,0.9901800215275182,1.0000036268286827,false,0,NaN
10715,F,0.9901799959702027,1.0000129888299134,false,0,NaN
10716,F,0.9901800119850253,1.0000036814779216,false,0,NaN
10717,F,0.9901799860621172,1.000013452265661,false,0,NaN
10718,F,0.9901800107069421,1.0000036889590218,false,0,NaN
10719,F,0.9901799847339533,1.000013516454356,false,0,NaN
10720,F,0.9901799942762911,1.0000017370530343,false,0,NaN
10721,F,0.990179981768524,1.0000028213061707,false,0,NaN
10722,F,0.990179948613831,0.9999999795514372,true,0,NaN
10723,F,0.9901807398417016,1.0038339780647614,false,0,NaN
10724,F,0.9901127417043336,1.0000408831477499,false,0,NaN
10725,F,0.9901799486139128,0.9999999795513811,true,0,NaN
10726,F,0.9901819550446186,1.0039044223377114,false,0,NaN
10727,F,0.9901142781777937,1.0003247521135727,false,0,NaN
10728,F,0.9901809518292657,1.0038392031684495,false,0,NaN
10729,F,0.9901804502215892,1.00004503641987,false,0,NaN
10730,F,0.990180199417751,1.0000001129276659,true,0,NaN
10731,F,0.9901806353509888,1.0031708414040361,false,0,NaN
10732,F,0.9901240130308055,1.0006980245046546,false,0,NaN
10733,F,0.9901804173843699,1.000035421548919,false,0,NaN
10734,F,0.9901803084010604,1.0000018818252663,false,0,NaN
10735,F,0.9901802539094058,1.0000002941625512,true,0,NaN
10736,F,0.9901804595594677,1.000125072758738,false,0,NaN
10737,F,0.9901794052652425,1.0076430343234462,false,0,NaN
10738,F,0.9901803647965501,1.0000150808092045,false,0,NaN
10739,F,0.9901802359594734,1.001221182254043,false,0,NaN
10740,F,0.9901803174150914,1.0000065497170383,false,0,NaN
10741,F,0.9901802607476058,1.0000569115768012,false,0,NaN
10742,F,0.990180293724362,1.0000050808394976,false,0,NaN
10743,F,0.9901802496343701,1.0000283995171642,false,0,NaN
10744,F,0.9901802818789973,1.0000047084022285,false,0,NaN
10745,F,0.9901802410349609,1.000023309180654,false,0,NaN
10746,F,0.990180275956315,1.0000045885349098,false,0,NaN
10747,F,0.9901802361775427,1.00002178856889,false,0,NaN
10748,F,0.9901802729949736,1.0000045428823148,false,0,NaN
10749,F,0.9901802336287945,1.0000212152090782,false,0,NaN
10750,F,0.990180270773967,1.0000045144191478,false,0,NaN
10751,F,0.9901802316686803,1.0000208557836376,false,0,NaN
10752,F,0.9901802701261666,1.0000045070126458,false,0,NaN
10753,F,0.9901802310894485,1.0000207615563028,false,0,NaN
10754,F,0.9901802700392873,1.0000045060494565,false,0,NaN
10755,F,0.990180231011512,1.00002074927075,false,0,NaN
10756,F,0.9901802078985761,0.9999999573251517,true,0,NaN
10757,F,0.9901809357902337,1.0003537285939028,false,0,NaN
10758,F,0.9901752517136199,1.0000347573674606,false,0,NaN
10759,F,0.9901802078993038,0.9999999573246355,true,0,NaN
10760,F,0.9901804791736679,1.0000320255519637,false,0,NaN
10761,F,0.9901801226560024,1.0003522370494258,false,0,NaN
10762,F,0.9901803435364859,1.0000018597841787,false,0,NaN
10763,F,0.9901802757178948,1.0000001506845722,true,0,NaN
10764,F,0.9901802418085993,0.9999999576135925,true,0,NaN
10765,F,0.9901807218727197,1.0000644866023054,false,0,NaN
10766,F,0.9901800333583219,1.0000043416228128,false,0,NaN
10767,F,0.9901804818406594,1.0000010921985831,false,0,NaN
10768,F,0.9901803618246294,0.9999999537177109,true,0,NaN
10769,F,0.990213865471866,1.0061904213095172,false,0,NaN
10770,F,0.9901023469274485,1.0004060146703568,false,0,NaN
10771,F,0.9901971136482477,1.0006285919016462,false,0,NaN
10772,F,0.9901887377364386,1.000157392444219,false,0,NaN
10773,F,0.990184549780534,1.0001074977423028,false,0,NaN
10774,F,0.9901988838712499,1.00066102935806,false,0,NaN
10775,F,0.990190723443465,1.0038955786763188,false,0,NaN
10776,F,0.9901897233178819,1.0001592148704492,false,0,NaN
10777,F,0.9901877564749958,1.0000394803625734,false,0,NaN
10778,F,0.9901851430411974,1.0000962304648404,false,0,NaN
10779,F,0.9901839542237996,1.0000128456542943,false,0,NaN
10780,F,0.9901828529028542,1.000069032743236,false,0,NaN
10781,F,0.9901820001088926,1.0000859212538504,false,0,NaN
10782,F,0.9901817078336805,1.0000685968697653,false,0,NaN
10783,F,0.9901808606342427,1.0005812949806017,false,0,NaN
10784,F,0.9901811352990897,1.000070152856812,false,0,NaN
10785,F,0.9901802690085904,1.0016267273384127,false,0,NaN
10786,F,0.9901808490317862,1.0000168383569434,false,0,NaN
10787,F,0.9901806406393076,1.000031587036656,false,0,NaN
10788,F,0.990180634331252,1.0000138488986625,false,0,NaN
10789,F,0.9901804628660515,1.0000335600682826,false,0,NaN
10790,F,0.9901805717096784,1.000015611562165,false,0,NaN
10791,F,0.990180378506924,1.0000465199462691,false,0,NaN
10792,F,0.9901805633124884,1.0000158726080868,false,0,NaN
10793,F,0.9901803668902927,1.000048693219144,false,0,NaN
10794,F,0.9901803934355077,1.0000001547303243,true,0,NaN
10795,F,0.9901803909552269,0.9999999687138584,true,0,NaN
10796,F,0.9902012459176799,1.0005058962032551,false,0,NaN
10797,F,0.9901920507184333,0.9999982596617838,true,0,NaN
10798,F,0.9902265511727713,1.005891005554047,false,0,NaN
10799,F,0.990138334987689,1.00057409212833,false,0,NaN
10800,F,0.9902093009456023,1.0007872207738884,false,0,NaN
10801,F,0.9902006758320178,1.0004339761822374,false,0,NaN
10802,F,0.9901963632752255,1.0001327548381327,false,0,NaN
10803,F,0.9902265511727713,1.0058910055540466,false,0,NaN
10804,F,0.990226030496786,1.0067973730299475,false,0,NaN
10805,F,0.9902109772902878,1.0008934222111903,false,0,NaN
10806,F,0.9902108982302531,1.0010268105247833,false,0,NaN
10807,F,0.9902031903427594,1.0005936645828462,false,0,NaN
10808,F,0.9902031377486658,1.0006826176498804,false,0,NaN
10809,F,0.9901992968564217,1.000318617763282,false,0,NaN
10810,F,0.9901992685571577,1.0003662854450117,false,0,NaN
10811,F,0.9901973500881053,1.0002532564794937,false,0,NaN
10812,F,0.9901973275588493,1.0002911875172602,false,0,NaN
10813,F,0.990196376653646,1.0002209883668187,false,0,NaN
10814,F,0.9901963569729363,1.0002541150887698,false,0,NaN
10815,F,0.990195889835769,1.0002049547757867,false,0,NaN
10816,F,0.9901958715704533,1.0002356947067248,false,0,NaN
10817,F,0.9901955240136037,1.000192951982155,false,0,NaN
10818,F,0.9901955068078515,1.0002219051388512,false,0,NaN
10819,F,0.9901952064762829,1.00017634586797,false,0,NaN
10820,F,0.9901951907377201,1.0002028188062835,false,0,NaN
10821,F,0.9901922479532989,1.00000105826054,false,0,NaN
10822,F,0.9901922477059697,0.9999996855347912,true,0,NaN
10823,F,0.9902371282499394,1.0057911202401795,false,0,NaN
10824,F,0.9901331125449863,1.0000362919853063,false,0,NaN
10825,F,0.9901922558698238,0.9999996855347988,true,0,NaN
10826,F,0.9902358728077804,1.0056434874631073,false,0,NaN
10827,F,0.990134488758417,1.000040627891574,false,0,NaN
10828,F,0.9902140643388021,1.0004560949833838,false,0,NaN
10829,F,0.990203160104313,1.0002254918533149,false,0,NaN
10830,F,0.9901977079870684,1.0001580219337733,false,0,NaN
10831,F,0.9901923654929934,1.0000012364357511,false,0,NaN
10832,F,0.9901923648274101,1.0000005946386232,true,0,NaN
10833,F,0.9901923575614934,1.0000012363164636,false,0,NaN
10834,F,0.9901923568959804,1.0000005945709223,true,0,NaN
10835,F,0.9901923535816259,1.0000012362861788,false,0,NaN
10836,F,0.9901923529161356,1.0000005945558268,true,0,NaN
10837,F,0.9901923515625453,1.0000012362783732,false,0,NaN
10838,F,0.9901923508970633,1.0000005945529973,true,0,NaN
10839,F,0.9901923504859073,1.000001236276293,false,0,NaN
10840,F,0.9901923498204286,1.0000005945528034,true,0,NaN
10841,F,0.9901923413455748,1.0000009928280884,true,0,NaN
10842,F,0.9901923407845672,1.0000003967949453,true,0,NaN
10843,F,0.9901922986076898,1.000000039072522,true,0,NaN
10844,F,0.9901922984559598,0.9999997901753931,true,0,NaN
10845,F,0.9902358744896078,1.005641842662662,false,0,NaN
10846,F,0.9901345206245206,1.0000405946475963,false,0,NaN
10847,F,0.9901922992726122,0.9999997901693075,true,0,NaN
10848,F,0.990235873714236,1.0056417977667649,false,0,NaN
10849,F,0.9901345206411651,1.0000405941116108,false,0,NaN
10850,F,0.9902140864934241,1.0004557030930552,false,0,NaN
10851,F,0.9902031928830182,1.0002254573609242,false,0,NaN
10852,F,0.9901977460778152,1.0001580745676117,false,0,NaN
10853,F,0.9901923754844866,1.000001254362446,false,0,NaN
10854,F,0.9901923741707355,1.000000778606323,true,0,NaN
10855,F,0.9901923746558319,1.0000012543698662,false,0,NaN
10856,F,0.9901923733420802,1.000000778614194,true,0,NaN
10857,F,0.9901923742187732,1.0000012543741272,false,0,NaN
10858,F,0.9901923729050208,1.0000007786186043,true,0,NaN
10859,F,0.9901923730776161,1.0000012263979015,false,0,NaN
10860,F,0.9901923717889678,1.0000007519686718,true,0,NaN
10861,F,0.9901923361751139,1.000000185419947,true,0,NaN
10862,F,0.9901923358204773,0.9999999380584689,true,0,NaN
10863,F,0.9902358739165814,1.0056410601998462,false,0,NaN
10864,F,0.9901345344968872,1.0000405999558204,false,0,NaN
10865,F,0.9901923358627821,0.9999999380579891,true,0,NaN
10866,F,0.9902358738764142,1.0056410578739894,false,0,NaN
10867,F,0.9901345344977518,1.0000405999281106,false,0,NaN
10868,F,0.9902141048695982,1.000455569570868,false,0,NaN
10869,F,0.9902032203661901,1.0002255114497909,false,0,NaN
10870,F,0.9901977781144861,1.000158184395596,false,0,NaN
10871,F,0.99019237990774,1.00000076433243,true,0,NaN
10872,F,0.9901923779836312,1.0000004268676168,true,0,NaN
10873,F,0.9901923798605027,1.000000764333146,true,0,NaN
10874,F,0.9901923779363936,1.0000004268683158,true,0,NaN
10875,F,0.9901923712149417,1.000000491100793,true,0,NaN
10876,F,0.9901923699270969,1.0000002125115406,true,0,NaN
10877,F,0.9901923535388619,1.0000000868069197,true,0,NaN
10878,F,0.9901923531924772,0.9999999779258413,true,0,NaN
10879,F,0.9902358864722582,1.0056409717108918,false,0,NaN
10880,F,0.990134549091973,1.0000406019496302,false,0,NaN
10881,F,0.9901923531994816,0.9999999779257562,true,0,NaN
10882,F,0.9902358864656072,1.0056409713257604,false,0,NaN
10883,F,0.9901345490921166,1.0000406019450658,false,0,NaN
10884,F,0.9902141198325444,1.000455566313747,false,0,NaN
10885,F,0.990203236516013,1.0002255332732397,false,0,NaN
10886,F,0.9901977948577473,1.0001582233500064,false,0,NaN
10887,F,0.9901923959058837,1.0000007761340353,true,0,NaN
10888,F,0.9901923925677438,1.0000003806750526,true,0,NaN
10889,F,0.9901923864332661,1.0000004834684595,true,0,NaN
10890,F,0.9901923843190661,1.0000001883095768,true,0,NaN
10891,F,0.9901923698163738,1.0000001149467115,true,0,NaN
10892,F,0.9901923692433467,1.0000000092575214,true,0,NaN
10893,F,0.9901923615079278,1.0000000136449216,true,0,NaN
10894,F,0.9901923613585487,0.9999999821841705,true,0,NaN
10895,F,0.990235913303727,1.0056413354233449,false,0,NaN
10896,F,0.9901345697633134,1.0000406037811467,false,0,NaN
10897,F,0.9901923613620544,0.9999999821841317,true,0,NaN
10898,F,0.990235913300399,1.0056413352306195,false,0,NaN
10899,F,0.9901345697633851,1.0000406037788387,false,0,NaN
10900,F,0.9902141373312267,1.0004556702611018,false,0,NaN
10901,F,0.9902032493466405,1.0002255611701218,false,0,NaN
10902,F,0.9901978053543474,1.0001582611342543,false,0,NaN
10903,F,0.9901923932294058,1.0000003797295864,true,0,NaN
10904,F,0.9901923911047735,1.0000001054878247,true,0,NaN
10905,F,0.9901923772844428,1.0000000858618217,true,0,NaN
10906,F,0.9901923767137053,0.9999999964718264,true,0,NaN
10907,F,0.990235935948881,1.0056414755587253,false,0,NaN
10908,F,0.9901345903152833,1.0000406067108354,false,0,NaN
10909,F,0.9901923767142597,0.9999999964718208,true,0,NaN
10910,F,0.9902359359483554,1.0056414755282783,false,0,NaN
10911,F,0.9901345903152937,1.000040606710423,false,0,NaN
10912,F,0.9902141563313075,1.0004557118159019,false,0,NaN
10913,F,0.9902032665227837,1.0002255758078546,false,0,NaN
10914,F,0.9901978216185217,1.0001583089756036,false,0,NaN
10915,F,0.9901924061881412,1.0000002877106549,true,0,NaN
10916,F,0.9901924041098664,1.0000000681082055,true,0,NaN
10917,F,0.9901923914512004,1.0000000644563658,true,0,NaN
10918,F,0.990192390966064,1.0000000036663343,true,0,NaN
10919,F,0.9902360249673582,1.0056442759068787,false,0,NaN
10920,F,0.9901346303432113,1.0000404927382887,false,0,NaN
10921,F,0.9901923909671757,1.000000003666318,true,0,NaN
10922,F,0.9902360249663015,1.0056442758456745,false,0,NaN
10923,F,0.9901346303432347,1.0000404927375992,false,0,NaN
10924,F,0.9902142079667386,1.000456371159953,false,0,NaN
10925,F,0.9902032994669572,1.0002257283983647,false,0,NaN
10926,F,0.9901978452170664,1.0001585319755546,false,0,NaN
10927,F,0.9901924450707258,1.0000023913545357,false,0,NaN
10928,F,0.990192423908745,1.0000039313144093,false,0,NaN
10929,F,0.9901924179871063,1.0000004402650502,true,0,NaN
10930,F,0.9901924140656015,1.0000001633679627,true,0,NaN
10931,F,0.9901924044452388,1.0000000948004661,true,0,NaN
10932,F,0.9901924035763741,1.0000000107615055,true,0,NaN
10933,F,0.9902360096470886,1.0056431136048918,false,0,NaN
10934,F,0.9901346360848199,1.0000405682248894,false,0,NaN
10935,F,0.9901924035769295,1.0000000107614953,true,0,NaN
10936,F,0.9902360096465606,1.0056431135743096,false,0,NaN
10937,F,0.9901346360848313,1.0000405682245304,false,0,NaN
10938,F,0.990214206611745,1.0004561222101263,false,0,NaN
10939,F,0.9902033050943373,1.0002256680157195,false,0,NaN
10940,F,0.9901978543356333,1.0001585266766124,false,0,NaN
10941,F,0.9901924261290014,1.0000004565691456,true,0,NaN
10942,F,0.9901924208182957,1.0000001320131238,true,0,NaN
10943,F,0.9901924147699958,1.0000001071063669,true,0,NaN
10944,F,0.9901924134929885,1.000000010975438,true,0,NaN
10945,F,0.9902359997845036,1.0056426029115784,false,0,NaN
10946,F,0.9901346351191641,1.0000406360558545,false,0,NaN
10947,F,0.9901924134941038,1.000000010975422,true,0,NaN
10948,F,0.9902359997834452,1.0056426028502785,false,0,NaN
10949,F,0.9901346351191846,1.000040636055021,false,0,NaN
10950,F,0.9902142066387745,1.000455985432982,false,0,NaN
10951,F,0.9902033100664391,1.0002256254083075,false,0,NaN
10952,F,0.9901978617802715,1.0001585442557621,false,0,NaN
10953,F,0.9901924271611561,1.0000000866442795,true,0,NaN
10954,F,0.9901924258982361,1.0000000012180559,true,0,NaN
10955,F,0.9902360013010926,1.0056417930545112,false,0,NaN
10956,F,0.9901346536868487,1.0000405779955783,false,0,NaN
10957,F,0.9901924259138514,1.000000001217857,true,0,NaN
10958,F,0.9902360012862645,1.0056417921955996,false,0,NaN
10959,F,0.9901346536871728,1.000040577985465,false,0,NaN
10960,F,0.990214213600058,1.000455753520003,false,0,NaN
10961,F,0.9902033197569546,1.0002255333840373,false,0,NaN
10962,F,0.9901978728354031,1.0001584243915254,false,0,NaN
10963,F,0.9901924470269216,1.0000005093731843,true,0,NaN
10964,F,0.9901924397307819,1.0000001041855993,true,0,NaN
10965,F,0.9901924470112835,1.0000005093735367,true,0,NaN
10966,F,0.9901924397151416,1.0000001041858524,true,0,NaN
10967,F,0.9901924470034197,1.0000005093737099,true,0,NaN
10968,F,0.9901924397072768,1.0000001041859878,true,0,NaN
10969,F,0.9901924469993935,1.0000005093738022,true,0,NaN
10970,F,0.99019243970325,1.000000104186053,true,0,NaN
10971,F,0.9901924469971386,1.000000509373848,true,0,NaN
10972,F,0.9901924397009949,1.0000001041860944,true,0,NaN
10973,F,0.990192441085933,1.0000002507564978,true,0,NaN
10974,F,0.9901924374686759,1.0000000316502677,true,0,NaN
10975,F,0.9901924334660747,1.0000000565443958,true,0,NaN
10976,F,0.9901924326115258,1.0000000002022058,true,0,NaN
10977,F,0.990192449511603,1.0000003445102763,true,0,NaN
10978,F,0.9901924449741644,1.0000001097331643,true,0,NaN
10979,F,0.9901924413261018,1.000000250718211,true,0,NaN
10980,F,0.9901924380114461,1.0000000687528838,true,0,NaN
10981,F,0.9901924369444187,1.0000000644681053,true,0,NaN
10982,F,0.9901924360579365,1.0000000068865176,true,0,NaN
10983,F,0.9901924347535007,1.000000014179133,true,0,NaN
10984,F,0.990192434522644,0.9999999978798841,true,0,NaN
10985,F,0.990235950543015,1.0056394007438092,false,0,NaN
10986,F,0.9901347296919536,1.0000446508642589,false,0,NaN
10987,F,0.9901924345228412,0.9999999978798817,true,0,NaN
10988,F,0.9902359505428285,1.0056394007330023,false,0,NaN
10989,F,0.9901347296919564,1.000044650864068,false,0,NaN
10990,F,0.9902141925328348,1.0004550956503038,false,0,NaN
10991,F,0.9902033135278381,1.0002253424379786,false,0,NaN
10992,F,0.9901978740253397,1.00015830346626,false,0,NaN
10993,F,0.9901924419109998,1.000000017418809,true,0,NaN
10994,F,0.9901924416080155,0.9999999968794581,true,0,NaN
10995,F,0.9901924956054244,1.0000020203953022,false,0,NaN
10996,F,0.9901924672026255,1.0000016307662407,false,0,NaN
10997,F,0.9901924690345779,1.0000012454341347,false,0,NaN
10998,F,0.9901924515072215,1.0000007025257633,true,0,NaN
10999,F,0.9901924553444157,1.0000003839314318,true,0,NaN
11000,F,0.9901924499069851,1.000000096294622,true,0,NaN
11001,F,0.990192448473353,1.0000000856724696,true,0,NaN
11002,F,0.9901924472215491,1.0000000062223657,true,0,NaN
11003,F,0.990192445037821,1.0000000179087327,true,0,NaN
11004,F,0.9901924447369818,0.9999999975583949,true,0,NaN
11005,F,0.9902359867793202,1.0056392305195099,false,0,NaN
11006,F,0.990134772464452,1.0000445761639625,false,0,NaN
11007,F,0.9901924447373268,0.9999999975583912,true,0,NaN
11008,F,0.9902359867789936,1.005639230500575,false,0,NaN
11009,F,0.9901347724644576,1.0000445761636536,false,0,NaN
11010,F,0.9902142157581603,1.00045502305874,false,0,NaN
11011,F,0.9902033302477435,1.0002252839632793,false,0,NaN
11012,F,0.9901978874925351,1.0001581006507552,false,0,NaN
11013,F,0.9901924577569474,1.0000000817175594,true,0,NaN
11014,F,0.9901924565263779,1.0000000003065135,true,0,NaN
11015,F,0.9901924863774045,1.0000005978917903,true,0,NaN
11016,F,0.990192479019859,1.0000004018935233,true,0,NaN
11017,F,0.9901924725517743,1.0000004197120655,true,0,NaN
11018,F,0.9901924673740115,1.0000002266043408,true,0,NaN
11019,F,0.9901924647937111,1.0000002231354936,true,0,NaN
11020,F,0.990192462020791,1.0000000794606518,true,0,NaN
11021,F,0.9901924606364938,1.0000000497675592,true,0,NaN
11022,F,0.9901924599844908,1.0000000048734363,true,0,NaN
11023,F,0.990192458557792,1.0000000095055734,true,0,NaN
11024,F,0.9901924583983388,0.9999999974347152,true,0,NaN
11025,F,0.9901924619273397,1.0000000248055247,true,0,NaN
11026,F,0.9901924615357086,0.9999999984269814,true,0,NaN
11027,F,0.9901924680703514,1.0000000216295732,true,0,NaN
11028,F,0.9901924677074792,0.9999999971463228,true,0,NaN
11029,F,0.9902366759678451,1.0056470895956293,false,0,NaN
11030,F,0.9901353702080725,1.0000361125072184,false,0,NaN
11031,F,0.9901924677081623,0.9999999971463082,true,0,NaN
11032,F,0.9902366759672032,1.005647089558188,false,0,NaN
11033,F,0.9901353702080858,1.000036112506873,false,0,NaN
11034,F,0.9902145718376827,1.0004570007443072,false,0,NaN
11035,F,0.9902035197729225,1.0002254284127263,false,0,NaN
11036,F,0.9901979937405424,1.000153951709736,false,0,NaN
11037,F,0.990192485470196,1.0000007190386921,true,0,NaN
11038,F,0.9901924753572826,1.000000286462298,true,0,NaN
11039,F,0.9901924816006655,1.0000004171836028,true,0,NaN
11040,F,0.990192475712459,1.0000001151442426,true,0,NaN
11041,F,0.9901924746496906,1.0000000929750743,true,0,NaN
11042,F,0.9901924732990454,1.0000000079106868,true,0,NaN
11043,F,0.9901924711742017,1.0000000196297028,true,0,NaN
11044,F,0.9901924708500844,0.9999999977397686,true,0,NaN
11045,F,0.9902366679525632,1.0056487809807968,false,0,NaN
11046,F,0.9901352315000919,1.000035361571657,false,0,NaN
11047,F,0.9901924708505221,0.9999999977397651,true,0,NaN
11048,F,0.9902366679521494,1.005648780956692,false,0,NaN
11049,F,0.9901352315001033,1.0000353615716429,false,0,NaN
11050,F,0.9902145694013358,1.0004574723305995,false,0,NaN
11051,F,0.9902035201259289,1.0002255828977282,false,0,NaN
11052,F,0.9901979954882255,1.0001549755820769,false,0,NaN
11053,F,0.9901924839681909,1.0000000896187387,true,0,NaN
11054,F,0.990192482624034,1.0000000010207613,true,0,NaN
11055,F,0.9902367417506607,1.0056469979384537,false,0,NaN
11056,F,0.9901353470337618,1.000035616645677,false,0,NaN
11057,F,0.9901924826257936,1.0000000010207426,true,0,NaN
11058,F,0.9902367417490037,1.0056469978416969,false,0,NaN
11059,F,0.990135347033812,1.0000356166454858,false,0,NaN
11060,F,0.9902146121873987,1.0004570254010692,false,0,NaN
11061,F,0.9902035474065961,1.0002253836509807,false,0,NaN
11062,F,0.9901980150161949,1.000153153900856,false,0,NaN
11063,F,0.9901924911301193,1.000000234770202,true,0,NaN
11064,F,0.9901924882562756,1.0000000890134144,true,0,NaN
11065,F,0.9901924911283314,1.0000002347702353,true,0,NaN
11066,F,0.9901924882544876,1.000000089013445,true,0,NaN
11067,F,0.9901924911273889,1.0000002347702566,true,0,NaN
11068,F,0.9901924882535449,1.0000000890134564,true,0,NaN
11069,F,0.9901924910710606,1.0000002314814473,true,0,NaN
11070,F,0.9901924882368792,1.0000000869475412,true,0,NaN
11071,F,0.9901924868208656,1.000000051706348,true,0,NaN
11072,F,0.9901924861547425,1.0000000055884257,true,0,NaN
11073,F,0.9901924846956379,1.0000000099972957,true,0,NaN
11074,F,0.9901924845325193,0.99999999751696,true,0,NaN
11075,F,0.9902367895910319,1.005646486309162,false,0,NaN
11076,F,0.9901354094493298,1.000035510556235,false,0,NaN
11077,F,0.99019248453274,0.9999999975169567,true,0,NaN
11078,F,0.9902367895908247,1.005646486297049,false,0,NaN
11079,F,0.9901354094493362,1.0000355105562009,false,0,NaN
11080,F,0.9902146370617824,1.0004569314468572,false,0,NaN
11081,F,0.9902035607972611,1.0002253103197023,false,0,NaN
11082,F,0.9901980226650006,1.0001518311958606,false,0,NaN
11083,F,0.9901924917386696,1.0000001291415046,true,0,NaN
11084,F,0.9901924899177722,1.0000000191807563,true,0,NaN
11085,F,0.9901924881285238,1.0000000280827572,true,0,NaN
11086,F,0.9901924876946591,0.9999999989247496,true,0,NaN
11087,F,0.9902367864634927,1.0056463200878016,false,0,NaN
11088,F,0.9901354092303888,1.0000355097461653,false,0,NaN
11089,F,0.9901924876951014,0.9999999989247472,true,0,NaN
11090,F,0.9902367864630766,1.0056463200634784,false,0,NaN
11091,F,0.9901354092304024,1.0000355097461116,false,0,NaN
11092,F,0.990214637079089,1.000456896849875,false,0,NaN
11093,F,0.9902035623870952,1.000225297335578,false,0,NaN
11094,F,0.9901980250410983,1.0001518866039911,false,0,NaN
11095,F,0.9901925008959344,1.000000100215678,true,0,NaN
11096,F,0.9901924993999716,1.0000000020944042,true,0,NaN
11097,F,0.9902368437867333,1.0056448090594627,false,0,NaN
11098,F,0.9901355023975827,1.0000356644592525,false,0,NaN
11099,F,0.9901924994017456,1.0000000020943822,true,0,NaN
11100,F,0.9902368437850724,1.0056448089621814,false,0,NaN
11101,F,0.990135502397638,1.0000356644587842,false,0,NaN
11102,F,0.990214671593409,1.0004567303832193,false,0,NaN
11103,F,0.9902035854975773,1.0002251261421384,false,0,NaN
11104,F,0.9901980424496615,1.0001498394354749,false,0,NaN
11105,F,0.9901925080354221,1.0000002385712947,true,0,NaN
11106,F,0.9901925051698903,1.0000000944371952,true,0,NaN
11107,F,0.99019250803362,1.000000238571328,true,0,NaN
11108,F,0.9901925051680882,1.0000000944372307,true,0,NaN
11109,F,0.990192508032671,1.0000002385713502,true,0,NaN
11110,F,0.990192505167139,1.0000000944372425,true,0,NaN
11111,F,0.9901925080319313,1.0000002385713564,true,0,NaN
11112,F,0.9901925051663995,1.0000000944372645,true,0,NaN
11113,F,0.9901925036926369,1.0000000536376175,true,0,NaN
11114,F,0.9901925030160097,1.0000000063749792,true,0,NaN
11115,F,0.9901925015135197,1.0000000105028166,true,0,NaN
11116,F,0.9901925013474426,0.9999999976090957,true,0,NaN
11117,F,0.9902368825967247,1.0056444490089151,false,0,NaN
11118,F,0.9901355519733323,1.000035561655448,false,0,NaN
11119,F,0.9901925013476651,0.9999999976090904,true,0,NaN
11120,F,0.9902368825965165,1.0056444489967151,false,0,NaN
11121,F,0.9901355519733396,1.0000355616553915,false,0,NaN
11122,F,0.9902146919720909,1.0004568593528251,false,0,NaN
11123,F,0.990203596659878,1.00022506850134,false,0,NaN
11124,F,0.9901980490037715,1.000148390786477,false,0,NaN
11125,F,0.9901925087192747,1.0000001468743536,true,0,NaN
11126,F,0.9901925066758998,1.0000000262300113,true,0,NaN
11127,F,0.9901925050257343,1.000000032191623,true,0,NaN
11128,F,0.99019250454044,0.9999999996473999,true,0,NaN
11129,F,0.9902368794776756,1.005644274811758,false,0,NaN
11130,F,0.9901355519231572,1.0000355639049685,false,0,NaN
11131,F,0.9901925045406625,0.9999999996474008,true,0,NaN
11132,F,0.9902368794774676,1.0056442747995678,false,0,NaN
11133,F,0.9901355519231643,1.0000355639049048,false,0,NaN
11134,F,0.9902146920090651,1.0004568442978132,false,0,NaN
11135,F,0.9902035982748638,1.0002250556791545,false,0,NaN
11136,F,0.9901980514077632,1.0001484645654082,false,0,NaN
11137,F,0.9901925111428656,1.000000024490534,true,0,NaN
11138,F,0.9901925107388733,0.9999999973009128,true,0,NaN
11139,F,0.9902366014798237,1.0056474658598145,false,0,NaN
11140,F,0.990135183106635,1.0000353345339008,false,0,NaN
11141,F,0.9901925107419698,0.9999999973008762,true,0,NaN
11142,F,0.9902366014768906,1.0056474656891692,false,0,NaN
11143,F,0.9901351831067128,1.000035334533875,false,0,NaN
11144,F,0.9902145561094302,1.0004570947765252,false,0,NaN
11145,F,0.9902035334257,1.0002254450194374,false,0,NaN
11146,F,0.9901980220838349,1.0001560430394263,false,0,NaN
11147,F,0.990192523604672,1.0000003809268707,true,0,NaN
11148,F,0.9901925182463545,1.0000001047167189,true,0,NaN
11149,F,0.9901925236015228,1.00000038092695,true,0,NaN
11150,F,0.9901925182432045,1.0000001047167686,true,0,NaN
11151,F,0.9901925235998563,1.0000003809269895,true,0,NaN
11152,F,0.9901925182415379,1.000000104716799,true,0,NaN
11153,F,0.990192523135163,1.0000003515734788,true,0,NaN
11154,F,0.990192518185957,1.0000000916260474,true,0,NaN
11155,F,0.990192516932784,1.0000000784916188,true,0,NaN
11156,F,0.9901925157896343,1.000000005829972,true,0,NaN
11157,F,0.9901925138315921,1.0000000162224694,true,0,NaN
11158,F,0.9901925135563137,0.9999999975185656,true,0,NaN
11159,F,0.9902370574525428,1.0056418627456272,false,0,NaN
11160,F,0.9901357960353389,1.0000353784003657,false,0,NaN
11161,F,0.9901925135567053,0.9999999975185635,true,0,NaN
11162,F,0.990237057452179,1.005641862724214,false,0,NaN
11163,F,0.9901357960353534,1.0000353784002114,false,0,NaN
11164,F,0.9902147855044422,1.0004618598498363,false,0,NaN
11165,F,0.9902036495305738,1.0002247454372246,false,0,NaN
11166,F,0.9901980815436395,1.0001388233919264,false,0,NaN
11167,F,0.9901925250409231,1.000000025109932,true,0,NaN
11168,F,0.9901925246253079,0.9999999969561186,true,0,NaN
11169,F,0.9902377268065334,1.0056367805918354,false,0,NaN
11170,F,0.9901366410888747,1.0000328259176492,false,0,NaN
11171,F,0.99019252463087,0.9999999969560518,true,0,NaN
11172,F,0.9902377268014985,1.0056367802917103,false,0,NaN
11173,F,0.9901366410891382,1.0000328259149038,false,0,NaN
11174,F,0.9902151257161842,1.0004823034055241,false,0,NaN
11175,F,0.9902038251735271,1.0002238957835634,false,0,NaN
11176,F,0.9901981749021986,1.00006393557915,false,0,NaN
11177,F,0.9901925355799316,1.0000003263859782,true,0,NaN
11178,F,0.9901925310618922,1.0000000956421065,true,0,NaN
11179,F,0.9901925355743498,1.0000003263861088,true,0,NaN
11180,F,0.9901925310563097,1.000000095642213,true,0,NaN
11181,F,0.9901925355715268,1.0000003263861772,true,0,NaN
11182,F,0.9901925310534861,1.0000000956422666,true,0,NaN
11183,F,0.9901925355700434,1.000000326386214,true,0,NaN
11184,F,0.9901925310520026,1.000000095642294,true,0,NaN
11185,F,0.9901925355689761,1.0000003263862407,true,0,NaN
11186,F,0.990192531050935,1.0000000956423118,true,0,NaN
11187,F,0.9901925302203061,1.0000000764664818,true,0,NaN
11188,F,0.9901925291248077,1.0000000069694273,true,0,NaN
11189,F,0.9901925274222674,1.0000000157321907,true,0,NaN
11190,F,0.9901925271584988,0.99999999764335,true,0,NaN
11191,F,0.9902381533922926,1.005636225510047,false,0,NaN
11192,F,0.9901371299794715,1.0000313159975747,false,0,NaN
11193,F,0.99019252715885,0.9999999976433444,true,0,NaN
11194,F,0.9902381533919787,1.0056362254912516,false,0,NaN
11195,F,0.9901371299794891,1.0000313159974017,false,0,NaN
11196,F,0.9902153402754144,1.0004614393430675,false,0,NaN
11197,F,0.9902039337171321,1.000223537772754,false,0,NaN
11198,F,0.990198230437991,1.0000322655359748,false,0,NaN
11199,F,0.9901925371538773,0.9999999973226534,true,0,NaN
11200,F,0.9902670034295349,1.0155667469408853,false,0,NaN
11201,F,0.9903193374141546,1.1052074566185754,false,0,NaN
11202,F,0.9901925371618929,0.9999999973225974,true,0,NaN
11203,F,0.990200826373663,1.0001413578405907,false,0,NaN
11204,F,0.9902083811413255,1.0019665954245658,false,0,NaN
11205,F,0.990196681767778,1.0000193084080182,false,0,NaN
11206,F,0.9901946094648355,1.0000042275905934,false,0,NaN
11207,F,0.9901935733133642,1.000000974516546,true,0,NaN
11208,F,0.9901926777593701,1.0000038115770966,false,0,NaN
11209,F,0.9901926223024685,1.0000009660354527,true,0,NaN
11210,F,0.990192607454444,1.0000007454562936,true,0,NaN
11211,F,0.9901925965670954,1.0000000590210263,true,0,NaN
11212,F,0.9901925723019809,1.0000001641488758,true,0,NaN
11213,F,0.9901925698645966,1.0000000023136306,true,0,NaN
11214,F,0.9902078377269552,1.000176874902412,false,0,NaN
11215,F,0.9902179533234166,1.0003469864826116,false,0,NaN
11216,F,0.9901925698662363,1.0000000023135707,true,0,NaN
11217,F,0.9902248503691466,1.0049684676831725,false,0,NaN
11218,F,0.9901612126043884,1.001556949660599,false,0,NaN
11219,F,0.9902087101176914,1.0001943576837373,false,0,NaN
11220,F,0.9902006399919638,1.000071788829358,false,0,NaN
11221,F,0.9901966049291001,1.0000115645436356,false,0,NaN
11222,F,0.9901925797336776,1.00000028388937,true,0,NaN
11223,F,0.9901925772084788,1.0000001549334039,true,0,NaN
11224,F,0.9901925797302055,1.0000002838892743,true,0,NaN
11225,F,0.9901925772050081,1.0000001549333457,true,0,NaN
11226,F,0.9901925797284596,1.000000283889229,true,0,NaN
11227,F,0.9901925772032629,1.0000001549333166,true,0,NaN
11228,F,0.9901925797275661,1.0000002838892086,true,0,NaN
11229,F,0.9901925772023698,1.0000001549333009,true,0,NaN
11230,F,0.9901925797270668,1.0000002838891957,true,0,NaN
11231,F,0.9901925772018705,1.0000001549332906,true,0,NaN
11232,F,0.9901925770078266,1.000000153631957,true,0,NaN
11233,F,0.9901925756270442,1.0000000614956777,true,0,NaN
11234,F,0.9901925734110796,1.0000000381935277,true,0,NaN
11235,F,0.990192573044516,1.0000000054677756,true,0,NaN
11236,F,0.9901925707125135,0.9999999994067525,true,0,NaN
11237,F,0.9902506157157221,1.006611716936867,false,0,NaN
11238,F,0.9901693270020554,1.004844775039743,false,0,NaN
11239,F,0.9901925707126101,0.9999999994067518,true,0,NaN
11240,F,0.9902906187222218,1.013363653853461,false,0,NaN
11241,F,0.9901225109590356,1.0233073501812,false,0,NaN
11242,F,0.9902415947174159,1.006302332604597,false,0,NaN
11243,F,0.9902170827150131,1.0005504583409972,false,0,NaN
11244,F,0.9902048267138116,1.0001550406028774,false,0,NaN
11245,F,0.9901925740725412,1.0000000374510272,true,0,NaN
11246,F,0.9901925736703023,1.0000000046775903,true,0,NaN
11247,F,0.9901925723780163,1.0000000071060162,true,0,NaN
11248,F,0.9901925722736302,0.9999999975595659,true,0,NaN
11249,F,0.9904444564452092,1.1000770663154484,false,0,NaN
11250,F,0.9895122788418449,NaN,false,-300,NaN
11251,F,0.9901925722744381,0.999999997559567,true,0,NaN
11252,F,0.9902774495473141,1.009942467757396,false,0,NaN
11253,F,0.9901543736976897,1.0151671952100902,false,0,NaN
11254,F,0.9902350109108762,1.0057425660925028,false,0,NaN
11255,F,0.9902137915926571,1.000373499474978,false,0,NaN
11256,F,0.9902031819335476,1.0001167527081067,false,0,NaN
11257,F,0.9901925781178719,1.0000001288124114,true,0,NaN
11258,F,0.990192576541661,1.0000000331580163,true,0,NaN
11259,F,0.990192575189663,1.0000000311208805,true,0,NaN
11260,F,0.9901925747769785,1.0000000014823915,true,0,NaN
11261,F,0.9901925737255476,1.0000000053696823,true,0,NaN
11262,F,0.9901925736195653,0.9999999971281134,true,0,NaN
11263,F,0.990361965186128,1.0408256122088733,false,0,NaN
11264,F,0.9899141063220163,1.3925917289187453,false,0,NaN
11265,F,0.9901925736201149,0.9999999971281115,true,0,NaN
11266,F,0.9902664878388611,1.0083954977626663,false,0,NaN
11267,F,0.9901622285137498,1.0108292184346754,false,0,NaN
11268,F,0.9902295307294879,1.0052420107678242,false,0,NaN
11269,F,0.9902110521748014,1.0002734780641802,false,0,NaN
11270,F,0.9902018128974582,1.0000916747590778,false,0,NaN
11271,F,0.9901925786356592,1.0000000730647842,true,0,NaN
11272,F,0.9901925775998737,1.0000000068000485,true,0,NaN
11273,F,0.9901925761234417,1.0000000163127165,true,0,NaN
11274,F,0.9901925758551225,0.9999999978618921,true,0,NaN
11275,F,0.990324696100524,1.0250132637080775,false,0,NaN
11276,F,0.9900221412913762,1.0872205585399939,false,0,NaN
11277,F,0.990192575855988,0.9999999978618843,true,0,NaN
11278,F,0.9902568816286833,1.007248100617428,false,0,NaN
11279,F,0.9901673785021604,1.0070565234151296,false,0,NaN
11280,F,0.9902247287423356,1.0050070027081037,false,0,NaN
11281,F,0.9902086522991618,1.0002032560918868,false,0,NaN
11282,F,0.9902006140775749,1.000074040593967,false,0,NaN
11283,F,0.9901925846427942,0.9999999965539734,true,0,NaN
11284,F,0.9902415369879145,1.0056534662477308,false,0,NaN
11285,F,0.9901405625372692,1.0000818746924955,false,0,NaN
11286,F,0.9901925846473115,0.9999999965539206,true,0,NaN
11287,F,0.9902415369837565,1.0056534660004126,false,0,NaN
11288,F,0.990140562537452,1.0000818746870923,false,0,NaN
11289,F,0.9902170608155341,1.004783953866083,false,0,NaN
11290,F,0.9902048227314227,1.0002252779199505,false,0,NaN
11291,F,0.9901987036893671,1.00004604794889,false,0,NaN
11292,F,0.99019270792563,1.00000004484134,true,0,NaN
11293,F,0.9902413879503047,1.00564743274227,false,0,NaN
11294,F,0.990140506432946,1.000082265320113,false,0,NaN
11295,F,0.9901927079440344,1.0000000448411148,true,0,NaN
11296,F,0.9902413879333568,1.0056474317267896,false,0,NaN
11297,F,0.9901405064338235,1.0000822653179315,false,0,NaN
11298,F,0.9902170479386956,1.0047906557901447,false,0,NaN
11299,F,0.9902048779413649,1.0002247414279493,false,0,NaN
11300,F,0.9901987929426996,1.0000459714083787,false,0,NaN
11301,F,0.9901927156791488,1.00000022388519,true,0,NaN
11302,F,0.9901927127509708,1.0000000620664116,true,0,NaN
11303,F,0.9901927156607427,1.0000002238853174,true,0,NaN
11304,F,0.9901927127325658,1.000000062066587,true,0,NaN
11305,F,0.9901927156515344,1.0000002238853805,true,0,NaN
11306,F,0.9901927127233581,1.000000062066674,true,0,NaN
11307,F,0.9901927156469197,1.000000223885411,true,0,NaN
11308,F,0.9901927127187435,1.0000000620667147,true,0,NaN
11309,F,0.9901927156445907,1.0000002238854315,true,0,NaN
11310,F,0.9901927127164146,1.0000000620667373,true,0,NaN
11311,F,0.9901927156433789,1.000000223885436,true,0,NaN
11312,F,0.9901927127152029,1.0000000620667495,true,0,NaN
11313,F,0.9901927156426156,1.0000002238854364,true,0,NaN
11314,F,0.9901927127144399,1.0000000620667653,true,0,NaN
11315,F,0.9901927096432771,1.0000000188753333,true,0,NaN
11316,F,0.9902412740977665,1.0056379888159213,false,0,NaN
11317,F,0.9901405859905439,1.0000841307550405,false,0,NaN
11318,F,0.9901927096435641,1.000000018875335,true,0,NaN
11319,F,0.990241274097505,1.0056379888003737,false,0,NaN
11320,F,0.9901405859905548,1.0000841307547814,false,0,NaN
11321,F,0.9902169918705346,1.0044882454546447,false,0,NaN
11322,F,0.9902048507570493,1.000224027749637,false,0,NaN
11323,F,0.9901987802003067,1.0000458164191293,false,0,NaN
11324,F,0.9901927170937437,1.0000000194744256,true,0,NaN
11325,F,0.9902412667196241,1.005637573149859,false,0,NaN
11326,F,0.9901405858973443,1.0000841275531505,false,0,NaN
11327,F,0.9901927170943172,1.0000000194744199,true,0,NaN
11328,F,0.9902412667191012,1.0056375731187717,false,0,NaN
11329,F,0.9901405858973661,1.0000841275526249,false,0,NaN
11330,F,0.9902169919067092,1.0045372519538478,false,0,NaN
11331,F,0.9902048545005132,1.0002239863096478,false,0,NaN
11332,F,0.9901987857974152,1.0000458095235458,false,0,NaN
11333,F,0.9901927318323672,1.0000004749776967,true,0,NaN
11334,F,0.9901927251179397,1.0000001433625252,true,0,NaN
11335,F,0.9901927250584265,1.0000001312328446,true,0,NaN
11336,F,0.9901927231674418,1.0000000158092452,true,0,NaN
11337,F,0.9902412602936491,1.0056372069295585,false,0,NaN
11338,F,0.9901405859385335,1.0000841255834212,false,0,NaN
11339,F,0.9901927231685999,1.0000000158092357,true,0,NaN
11340,F,0.9902412602925927,1.0056372068667714,false,0,NaN
11341,F,0.9901405859385782,1.0000841255824138,false,0,NaN
11342,F,0.9902169917305963,1.0045777234022832,false,0,NaN
11343,F,0.9902048574495981,1.0002239467118432,false,0,NaN
11344,F,0.990198790309099,1.000045799834644,false,0,NaN
11345,F,0.9901927310109885,1.000000233041439,true,0,NaN
11346,F,0.9901927284216278,1.0000000960897815,true,0,NaN
11347,F,0.9901927310097909,1.000000233041456,true,0,NaN
11348,F,0.9901927284204299,1.0000000960897855,true,0,NaN
11349,F,0.9901927310091123,1.0000002330414612,true,0,NaN
11350,F,0.9901927284197515,1.000000096089798,true,0,NaN
11351,F,0.9901927285449492,1.0000001161943235,true,0,NaN
11352,F,0.990192727234528,1.0000000329511867,true,0,NaN
11353,F,0.990192725747084,1.0000000290660371,true,0,NaN
11354,F,0.9901927253903173,1.0000000017254476,true,0,NaN
11355,F,0.9902412574540779,1.0056370385462796,false,0,NaN
11356,F,0.9901405861023731,1.0000841270162883,false,0,NaN
11357,F,0.9901927253906101,1.000000001725442,true,0,NaN
11358,F,0.9902412574538106,1.0056370385303968,false,0,NaN
11359,F,0.9901405861023848,1.000084127016047,false,0,NaN
11360,F,0.9902169914222104,1.0045793393625946,false,0,NaN
11361,F,0.9902048584064103,1.0002239223517642,false,0,NaN
11362,F,0.9901987918985101,1.0000457846951767,false,0,NaN
11363,F,0.9901927337361075,1.0000001304258124,true,0,NaN
11364,F,0.9901927318507606,1.0000000128605353,true,0,NaN
11365,F,0.9901927295262469,1.0000000317062,true,0,NaN
11366,F,0.9901927290303285,0.9999999987595276,true,0,NaN
11367,F,0.9902412537309975,1.0056368290799669,false,0,NaN
11368,F,0.9901405860505141,1.0000841253190764,false,0,NaN
11369,F,0.9901927290309154,0.9999999987595181,true,0,NaN
11370,F,0.9902412537304617,1.0056368290481255,false,0,NaN
11371,F,0.9901405860505372,1.0000841253185864,false,0,NaN
11372,F,0.9902169913806885,1.0045970844363579,false,0,NaN
11373,F,0.990204860205802,1.000223899318979,false,0,NaN
11374,F,0.9901987946183587,1.0000457783077346,false,0,NaN
11375,F,0.9901927455987222,1.0000004798994406,true,0,NaN
11376,F,0.9901927387326839,1.0000001212209095,true,0,NaN
11377,F,0.990192737298554,1.000000106803811,true,0,NaN
11378,F,0.9901927357315182,1.0000000083699487,true,0,NaN
11379,F,0.9901927331484572,1.000000022912173,true,0,NaN
11380,F,0.9901927327729176,0.9999999977857207,true,0,NaN
11381,F,0.9902412506915844,1.0056366802194252,false,0,NaN
11382,F,0.9901405854508161,1.0000841121450497,false,0,NaN
11383,F,0.9901927327735052,0.999999997785713,true,0,NaN
11384,F,0.9902412506910487,1.0056366801875796,false,0,NaN
11385,F,0.9901405854508386,1.0000841121445267,false,0,NaN
11386,F,0.990216991732277,1.0046218112202012,false,0,NaN
11387,F,0.9902048622528911,1.0002238827330885,false,0,NaN
11388,F,0.9901987975131982,1.000045774665822,false,0,NaN
11389,F,0.9901927492017277,1.000000324160748,true,0,NaN
11390,F,0.990192744521877,1.000000042521812,true,0,NaN
11391,F,0.9901927409782239,1.0000000846339219,true,0,NaN
11392,F,0.9901927397191379,1.0000000033045504,true,0,NaN
11393,F,0.990241243830771,1.0056362969516588,false,0,NaN
11394,F,0.9901405852834159,1.0000841085546481,false,0,NaN
11395,F,0.9901927397197253,1.0000000033045446,true,0,NaN
11396,F,0.9902412438302354,1.0056362969198223,false,0,NaN
11397,F,0.9901405852834384,1.000084108554129,false,0,NaN
11398,F,0.9902169917749803,1.0046504128863223,false,0,NaN
11399,F,0.9902048657473528,1.000223846683673,false,0,NaN
11400,F,0.9901988027335391,1.000045772398501,false,0,NaN
11401,F,0.990192748080909,1.000000236603289,true,0,NaN
11402,F,0.9901927450575477,1.0000000826380828,true,0,NaN
11403,F,0.9901927480801549,1.0000002366032954,true,0,NaN
11404,F,0.9901927450567937,1.0000000826380933,true,0,NaN
11405,F,0.9901927445999366,1.000000075441974,true,0,NaN
11406,F,0.9901927436056599,1.000000011180864,true,0,NaN
11407,F,0.9901927421163348,1.0000000157333786,true,0,NaN
11408,F,0.9901927418738128,0.9999999981324749,true,0,NaN
11409,F,0.9902412416164205,1.0056361702905763,false,0,NaN
11410,F,0.9901405853023246,1.0000841059967849,false,0,NaN
11411,F,0.9901927418741074,0.9999999981324719,true,0,NaN
11412,F,0.9902412416161516,1.0056361702745962,false,0,NaN
11413,F,0.990140585302336,1.000084105996523,false,0,NaN
11414,F,0.9902169917451296,1.00465438876661,false,0,NaN
11415,F,0.9902048668096185,1.000223832337084,false,0,NaN
11416,F,0.9901988043418629,1.0000457658256159,false,0,NaN
11417,F,0.9901927500795963,1.0000000831349185,true,0,NaN
11418,F,0.9901927488401598,1.0000000035880068,true,0,NaN
11419,F,0.9902412347547589,1.005635786164495,false,0,NaN
11420,F,0.9901405851702583,1.0000841011486283,false,0,NaN
11421,F,0.990192748840749,1.0000000035879983,true,0,NaN
11422,F,0.9902412347542214,1.0056357861325456,false,0,NaN
11423,F,0.9901405851702811,1.000084101148122,false,0,NaN
11424,F,0.9902169917974852,1.0046778395597475,false,0,NaN
11425,F,0.9902048703191171,1.0002237976117623,false,0,NaN
11426,F,0.9901988095799331,1.0000457636878144,false,0,NaN
11427,F,0.990192756220717,1.0000002074033576,true,0,NaN
11428,F,0.9901927536730724,1.00000006747273,true,0,NaN
11429,F,0.9901927562200282,1.0000002074033612,true,0,NaN
11430,F,0.9901927536723837,1.000000067472741,true,0,NaN
11431,F,0.9901927539704021,1.0000001034348192,true,0,NaN
11432,F,0.9901927526784908,1.0000000225833006,true,0,NaN
11433,F,0.9901927513620775,1.000000024722892,true,0,NaN
11434,F,0.9901927510208498,1.0000000000763896,true,0,NaN
11435,F,0.9902412322059531,1.0056356342727721,false,0,NaN
11436,F,0.9901405853405294,1.0000841034565067,false,0,NaN
11437,F,0.9901927510211462,1.0000000000763865,true,0,NaN
11438,F,0.9902412322056827,1.0056356342567003,false,0,NaN
11439,F,0.9901405853405408,1.0000841034562458,false,0,NaN
11440,F,0.9902169916134145,1.0046792419402475,false,0,NaN
11441,F,0.9902048713172804,1.000223782040806,false,0,NaN
11442,F,0.9901988111692133,1.0000457580446969,false,0,NaN
11443,F,0.9901927591110106,1.0000000482045692,true,0,NaN
11444,F,0.9901927583648362,0.9999999987703014,true,0,NaN
11445,F,0.9902412247937,1.0056352164630877,false,0,NaN
11446,F,0.990140585256546,1.0000841008025252,false,0,NaN
11447,F,0.9901927583660229,0.9999999987702877,true,0,NaN
11448,F,0.9902412247926179,1.0056352163987565,false,0,NaN
11449,F,0.9901405852565917,1.0000841008014723,false,0,NaN
11450,F,0.9902169915793204,1.0046976167619515,false,0,NaN
11451,F,0.9902048749726717,1.0002237384924606,false,0,NaN
11452,F,0.9901988166693473,1.000045749255636,false,0,NaN
11453,F,0.9901927675551224,1.0000002673289838,true,0,NaN
11454,F,0.9901927639438183,1.000000082401649,true,0,NaN
11455,F,0.9901927675538543,1.000000267328993,true,0,NaN
11456,F,0.9901927639425504,1.0000000824016724,true,0,NaN
11457,F,0.9901927675529117,1.0000002673290078,true,0,NaN
11458,F,0.9901927639416077,1.000000082401678,true,0,NaN
11459,F,0.9901927629965546,1.0000000611893238,true,0,NaN
11460,F,0.990192762133675,1.000000005403981,true,0,NaN
11461,F,0.9901927606659076,1.0000000121674268,true,0,NaN
11462,F,0.9901927604566284,0.9999999974820524,true,0,NaN
11463,F,0.9902412227308635,1.0056351041394893,false,0,NaN
11464,F,0.9901405851357269,1.0000840957555406,false,0,NaN
11465,F,0.9901927604569256,0.9999999974820536,true,0,NaN
11466,F,0.9902412227305926,1.0056351041233849,false,0,NaN
11467,F,0.9901405851357382,1.0000840957552701,false,0,NaN
11468,F,0.9902169915937591,1.0047017871843067,false,0,NaN
11469,F,0.9902048760253424,1.0002237277395654,false,0,NaN
11470,F,0.990198818241134,1.0000457462127925,false,0,NaN
11471,F,0.9901927685027565,1.0000000230257657,true,0,NaN
11472,F,0.9901927681173276,0.9999999970922346,true,0,NaN
11473,F,0.9902412149572736,1.0056346667575546,false,0,NaN
11474,F,0.9901405850370508,1.0000840909676465,false,0,NaN
11475,F,0.9901927681214882,0.9999999970921855,true,0,NaN
11476,F,0.9902412149534795,1.00563466653201,false,0,NaN
11477,F,0.9901405850372115,1.000084090964012,false,0,NaN
11478,F,0.9902169915374839,1.0047167808126047,false,0,NaN
11479,F,0.990204879829486,1.000223684455746,false,0,NaN
11480,F,0.9901988239754871,1.0000457380014396,false,0,NaN
11481,F,0.9901927786438729,1.0000002709842688,true,0,NaN
11482,F,0.9901927748552749,1.0000000547139485,true,0,NaN
11483,F,0.9901927786396828,1.0000002709843074,true,0,NaN
11484,F,0.9901927748510849,1.0000000547139951,true,0,NaN
11485,F,0.9901927786375397,1.0000002709843248,true,0,NaN
11486,F,0.9901927748489421,1.0000000547140255,true,0,NaN
11487,F,0.990192778636347,1.000000270984343,true,0,NaN
11488,F,0.9901927748477491,1.0000000547140266,true,0,NaN
11489,F,0.9901927758629502,1.0000001506120495,true,0,NaN
11490,F,0.9901927737356266,1.0000000216298892,true,0,NaN
11491,F,0.9901927719879294,1.0000000369797215,true,0,NaN
11492,F,0.990192771428861,0.999999999979163,true,0,NaN
11493,F,0.9902412123801213,1.005634550609182,false,0,NaN
11494,F,0.9901405842776242,1.0000840763781669,false,0,NaN
11495,F,0.9901927714288695,0.9999999999791598,true,0,NaN
11496,F,0.9902412123801133,1.0056345506087054,false,0,NaN
11497,F,0.9901405842776249,1.000084076378176,false,0,NaN
11498,F,0.9902169919044914,1.0047253033362544,false,0,NaN
11499,F,0.9902048816666805,1.00022367344864,false,0,NaN
11500,F,0.990198826547775,1.0000457381623442,false,0,NaN
11501,F,0.9901927787173878,1.0000000723280436,true,0,NaN
11502,F,0.9901927776840849,1.0000000055710396,true,0,NaN
11503,F,0.9901927750731286,1.0000000174298058,true,0,NaN
11504,F,0.9901927748238946,1.000000000611304,true,0,NaN
11505,F,0.9902412090972839,1.0056343725124486,false,0,NaN
11506,F,0.99014058407136,1.0000840694365418,false,0,NaN
11507,F,0.9901927748239118,1.0000000006113035,true,0,NaN
11508,F,0.9902412090972684,1.0056343725115275,false,0,NaN
11509,F,0.9901405840713604,1.0000840694365127,false,0,NaN
11510,F,0.9902169919605901,1.004730819124588,false,0,NaN
11511,F,0.9902048833922509,1.0002236565490765,false,0,NaN
11512,F,0.9901988291080813,1.0000457354964762,false,0,NaN
11513,F,0.9901927890722787,1.0000001388469286,true,0,NaN
11514,F,0.9901927870661767,1.0000000091924874,true,0,NaN
11515,F,0.9901927819435281,1.000000036402918,true,0,NaN
11516,F,0.9901927814173458,1.0000000012688561,true,0,NaN
11517,F,0.990241203010885,1.0056340498022582,false,0,NaN
11518,F,0.9901405834967728,1.0000840583294752,false,0,NaN
11519,F,0.9901927814173802,1.0000000012688535,true,0,NaN
11520,F,0.9902412030108538,1.0056340498004017,false,0,NaN
11521,F,0.9901405834967738,1.0000840583294242,false,0,NaN
11522,F,0.990216992214117,1.0047409579555246,false,0,NaN
11523,F,0.9902048868157486,1.0002236229614834,false,0,NaN
11524,F,0.9901988341165644,1.000045729984436,false,0,NaN
11525,F,0.9901927922521422,1.0000003274341915,true,0,NaN
11526,F,0.990192787749641,1.0000000971806071,true,0,NaN
11527,F,0.9901927922521023,1.000000327434193,true,0,NaN
11528,F,0.9901927877496012,1.0000000971806047,true,0,NaN
11529,F,0.9901927892071318,1.0000001622830066,true,0,NaN
11530,F,0.9901927869754567,1.0000000315839102,true,0,NaN
11531,F,0.9901927853033801,1.0000000384579066,true,0,NaN
11532,F,0.990192784774298,1.0000000033379206,true,0,NaN
11533,F,0.990192783351495,1.0000000093722203,true,0,NaN
11534,F,0.9901927832223406,1.0000000003689902,true,0,NaN
11535,F,0.9902412012708421,1.0056339582786844,false,0,NaN
11536,F,0.9901405833168674,1.0000840518002876,false,0,NaN
11537,F,0.9901927832223493,1.0000000003689895,true,0,NaN
11538,F,0.9902412012708343,1.0056339582782168,false,0,NaN
11539,F,0.9901405833168678,1.000084051800287,false,0,NaN
11540,F,0.9902169922465918,1.0047431895621646,false,0,NaN
11541,F,0.9902048877344706,1.0002236140005816,false,0,NaN
11542,F,0.9901988354784099,1.000045727580999,false,0,NaN
11543,F,0.9901927902712329,1.0000000175530004,true,0,NaN
11544,F,0.9901927900158928,1.0000000002867278,true,0,NaN
11545,F,0.9902411943591392,1.0056335684110227,false,0,NaN
11546,F,0.9901405832525074,1.0000840476618507,false,0,NaN
11547,F,0.9901927900160135,1.000000000286728,true,0,NaN
11548,F,0.9902411943590297,1.0056335684045095,false,0,NaN
11549,F,0.9901405832525115,1.0000840476617179,false,0,NaN
11550,F,0.9902169921875216,1.004749867419604,false,0,NaN
11551,F,0.9902048911017676,1.0002235758359066,false,0,NaN
11552,F,0.9901988405588905,1.0000457204912059,false,0,NaN
11553,F,0.9901928046775752,1.0000003691996204,true,0,NaN
11554,F,0.9901927994640255,1.0000000685428176,true,0,NaN
11555,F,0.9901928046774522,1.0000003691996249,true,0,NaN
11556,F,0.9901927994639024,1.0000000685428139,true,0,NaN
11557,F,0.9901928046773864,1.0000003691996238,true,0,NaN
11558,F,0.9901927994638365,1.000000068542815,true,0,NaN
11559,F,0.9901928030737536,1.0000002977612512,true,0,NaN
11560,F,0.990192798868944,1.0000000503407425,true,0,NaN
11561,F,0.9901927965427118,1.0000000797727089,true,0,NaN
11562,F,0.9901927954159929,1.0000000073632709,true,0,NaN
11563,F,0.9901927932771905,1.0000000206607305,true,0,NaN
11564,F,0.9901927929851579,1.0000000009795442,true,0,NaN
11565,F,0.9902411950220426,1.0056337616617457,false,0,NaN
11566,F,0.9901405794335841,1.0000839742216956,false,0,NaN
11567,F,0.990192792985173,1.0000000009795462,true,0,NaN
11568,F,0.9902411950220288,1.0056337616609263,false,0,NaN
11569,F,0.9901405794335848,1.0000839742216907,false,0,NaN
11570,F,0.9902169940036009,1.0047609263790807,false,0,NaN
11571,F,0.990204893494387,1.0002235863803528,false,0,NaN
11572,F,0.99019884323978,1.0000457232269584,false,0,NaN
11573,F,0.9901928054128508,1.0000000913002276,true,0,NaN
11574,F,0.9901928040901178,1.0000000049103446,true,0,NaN
11575,F,0.990241183850314,1.0056331245614551,false,0,NaN
11576,F,0.9901405794951247,1.0000839705827682,false,0,NaN
11577,F,0.990192804090148,1.0000000049103457,true,0,NaN
11578,F,0.990241183850287,1.005633124559846,false,0,NaN
11579,F,0.9901405794951254,1.000083970582717,false,0,NaN
11580,F,0.9902169939702175,1.0047671586033173,false,0,NaN
11581,F,0.9902048990301827,1.0002235253540726,false,0,NaN
11582,F,0.9901988515601654,1.0000457151963933,false,0,NaN
11583,F,0.9901928115156966,1.0000002113657085,true,0,NaN
11584,F,0.9901928090948124,1.0000000791103527,true,0,NaN
11585,F,0.9901928115156649,1.0000002113657076,true,0,NaN
11586,F,0.9901928090947807,1.0000000791103516,true,0,NaN
11587,F,0.990192811515645,1.0000002113657116,true,0,NaN
11588,F,0.9901928090947607,1.000000079110348,true,0,NaN
11589,F,0.9901928082884318,1.000000072123905,true,0,NaN
11590,F,0.9901928074622011,1.000000016117769,true,0,NaN
11591,F,0.9901928061607332,1.0000000188778175,true,0,NaN
11592,F,0.9901928059442981,1.0000000021657303,true,0,NaN
11593,F,0.9902411815329469,1.0056329811929936,false,0,NaN
11594,F,0.990140579775659,1.000083975019288,false,0,NaN
11595,F,0.9901928059443057,1.0000000021657256,true,0,NaN
11596,F,0.99024118153294,1.0056329811925846,false,0,NaN
11597,F,0.9901405797756594,1.0000839750192894,false,0,NaN
11598,F,0.9902169937386228,1.0047670151319061,false,0,NaN
11599,F,0.9902048998414643,1.0002235115408098,false,0,NaN
11600,F,0.990198852892885,1.0000457104177953,false,0,NaN
11601,F,0.990192812721973,1.0000001177827307,true,0,NaN
11602,F,0.9901928110922992,1.0000000166519099,true,0,NaN
11603,F,0.9901928093179849,1.0000000308051855,true,0,NaN
11604,F,0.9901928088915432,1.000000002277849,true,0,NaN
11605,F,0.9902411785715972,1.0056328147147096,false,0,NaN
11606,F,0.9901405797318444,1.0000839735443714,false,0,NaN
11607,F,0.9901928088915584,1.0000000022778481,true,0,NaN
11608,F,0.9902411785715837,1.005632814713899,false,0,NaN
11609,F,0.9901405797318448,1.0000839735443492,false,0,NaN
11610,F,0.990216993731571,1.0047682527494426,false,0,NaN
11611,F,0.9902049013115647,1.0002234953957378,false,0,NaN
11612,F,0.9901988551015616,1.0000457074553166,false,0,NaN
11613,F,0.9901928214538026,1.0000001216317445,true,0,NaN
11614,F,0.9901928196960994,1.0000000088316676,true,0,NaN
11615,F,0.9901928151560581,1.000000029061204,true,0,NaN
11616,F,0.9901928147358647,1.0000000009567542,true,0,NaN
11617,F,0.9902411770968148,1.0056329246896913,false,0,NaN
11618,F,0.9901405750568733,1.0000838811939898,false,0,NaN
11619,F,0.9901928147358952,1.000000000956756,true,0,NaN
11620,F,0.990241177096787,1.005632924688041,false,0,NaN
11621,F,0.9901405750568745,1.0000838811939685,false,0,NaN
11622,F,0.990216995916341,1.0047753095005745,false,0,NaN
11623,F,0.9902049053261182,1.000223494106733,false,0,NaN
11624,F,0.9901988600310067,1.0000457067531392,false,0,NaN
11625,F,0.9901928259945023,1.000000293666902,true,0,NaN
11626,F,0.9901928219151844,1.000000060686268,true,0,NaN
11627,F,0.9901928259944639,1.000000293666902,true,0,NaN
11628,F,0.9901928219151461,1.000000060686272,true,0,NaN
11629,F,0.9901928215061122,1.0000001123128959,true,0,NaN
11630,F,0.9901928199457984,1.0000000149498658,true,0,NaN
11631,F,0.9901928181142082,1.0000000293044877,true,0,NaN
11632,F,0.99019281770688,1.0000000020353947,true,0,NaN
11633,F,0.9902410763627525,1.0056230970977342,false,0,NaN
11634,F,0.990140676010234,1.0000850378285955,false,0,NaN
11635,F,0.9901928177068875,1.000000002035391,true,0,NaN
11636,F,0.9902410763627456,1.0056230970973261,false,0,NaN
11637,F,0.9901406760102346,1.0000850378285806,false,0,NaN
11638,F,0.9902169470348166,1.0009498687639056,false,0,NaN
11639,F,0.990204882370852,1.0002227638012613,false,0,NaN
11640,F,0.9901988500388698,1.0000455657854528,false,0,NaN
11641,F,0.9901928239770217,1.0000000290275217,true,0,NaN
11642,F,0.9901928235572571,1.0000000009531889,true,0,NaN
11643,F,0.9902411064615734,1.0056263628093727,false,0,NaN
11644,F,0.9901406373434013,1.0000848880274624,false,0,NaN
11645,F,0.9901928235572874,1.0000000009531835,true,0,NaN
11646,F,0.9902411064615461,1.005626362807749,false,0,NaN
11647,F,0.9901406373434022,1.00008488802741,false,0,NaN
11648,F,0.9902169650094167,1.0038373930562812,false,0,NaN
11649,F,0.9902048942833521,1.0002229994947176,false,0,NaN
11650,F,0.9901988589203198,1.000045609897662,false,0,NaN
11651,F,0.9901928348065986,1.0000002934660053,true,0,NaN
11652,F,0.990192830729733,1.0000000606363215,true,0,NaN
11653,F,0.9901928348065603,1.0000002934660068,true,0,NaN
11654,F,0.9901928307296947,1.00000006063632,true,0,NaN
11655,F,0.9901928303307442,1.000000112514341,true,0,NaN
11656,F,0.9901928287675027,1.0000000149918362,true,0,NaN
11657,F,0.9901928269372448,1.0000000293581894,true,0,NaN
11658,F,0.9901928265291365,1.0000000020413373,true,0,NaN
11659,F,0.9901928296509273,1.0000000071450268,true,0,NaN
11660,F,0.9901928295473729,1.0000000000956348,true,0,NaN
11661,F,0.9901928512589427,1.000000101289934,true,0,NaN
11662,F,0.9901928497836079,1.0000000030871055,true,0,NaN
11663,F,0.9901928729691598,0.9999992998894289,true,0,NaN
11664,F,0.9901929622625311,0.9999994697697225,true,0,NaN
11665,F,0.9901931752744979,0.9999994833255421,true,0,NaN
11666,F,0.9901936965735666,0.9999996669733827,true,0,NaN
11667,F,0.9902395811256967,1.0054173896299872,false,0,NaN
11668,F,0.9901429180510976,1.0001766576555027,false,0,NaN
11669,F,0.9902166388496316,1.0004360013977425,false,0,NaN
11670,F,0.9902051677115992,1.0002143594146427,false,0,NaN
11671,F,0.9901994321425829,1.0000436186175465,false,0,NaN
11672,F,0.9901947440876014,1.0000054400822265,false,0,NaN
11673,F,0.9901946559357053,1.0000001210565346,true,0,NaN
11674,F,0.990194329582731,1.000005129265372,false,0,NaN
11675,F,0.9901942460002766,1.0000000785395118,true,0,NaN
11676,F,0.9901940439098562,1.0000033598319633,false,0,NaN
11677,F,0.990193986337952,0.9999998452642607,true,0,NaN
11678,F,0.9902392951022205,1.0054219589806244,false,0,NaN
11679,F,0.9901425447366112,1.0001465857187906,false,0,NaN
11680,F,0.9901939965671422,0.9999998452321663,true,0,NaN
11681,F,0.9902525568322753,1.0070394677968961,false,0,NaN
11682,F,0.9901266024238969,0.9999358845932366,true,0,NaN
11683,F,0.9902232766997088,1.00480770263836,false,0,NaN
11684,F,0.9902086366334255,1.0002286289766307,false,0,NaN
11685,F,0.9902013166002839,1.0000471375608668,false,0,NaN
11686,F,0.9901940988053813,1.0000011740198465,false,0,NaN
11687,F,0.990194095045497,1.0000010251712845,false,0,NaN
11688,F,0.9901940855765046,1.0000011730424707,false,0,NaN
11689,F,0.9901940818196446,1.0000010236867989,false,0,NaN
11690,F,0.9901940789610555,1.000001172608168,false,0,NaN
11691,F,0.9901940752055537,1.0000010230056606,false,0,NaN
11692,F,0.9901940756513066,1.0000011724045068,false,0,NaN
11693,F,0.9901940718964458,1.0000010226801912,false,0,NaN
11694,F,0.9901940739923616,1.0000011723058402,false,0,NaN
11695,F,0.9901940702378127,1.0000010225208984,false,0,NaN
11696,F,0.9901940731545686,1.0000011722568838,false,0,NaN
11697,F,0.9901940694001746,1.000001022441425,false,0,NaN
11698,F,0.9901940727174037,1.0000011722315656,false,0,NaN
11699,F,0.9901940689630898,1.0000010224002103,false,0,NaN
11700,F,0.9901940380519656,1.0000001520189954,true,0,NaN
11701,F,0.9901940371838841,0.9999999306131458,true,0,NaN
11702,F,0.990252553986964,1.0064728053387735,false,0,NaN
11703,F,0.9901367342449005,1.000041887543388,false,0,NaN
11704,F,0.9901940374529299,0.9999999306109272,true,0,NaN
11705,F,0.9902525537911604,1.006472800527201,false,0,NaN
11706,F,0.9901367341307689,1.000041886181375,false,0,NaN
11707,F,0.9902232956220451,1.0048075988298955,false,0,NaN
11708,F,0.9902086665374875,1.0002290845501127,false,0,NaN
11709,F,0.9902013519952086,1.000047302938611,false,0,NaN
11710,F,0.9901941142717269,1.0000060897521506,false,0,NaN
11711,F,0.9901940813870618,1.0000561350390775,false,0,NaN
11712,F,0.9901941139972691,1.0000060897699345,false,0,NaN
11713,F,0.9901940811125214,1.000056135525627,false,0,NaN
11714,F,0.9901941138498518,1.0000060897795156,false,0,NaN
11715,F,0.9901940809650595,1.000056135787486,false,0,NaN
11716,F,0.9901941038341752,1.0000041432707398,false,0,NaN
11717,F,0.9901940813421097,1.000020241566871,false,0,NaN
11718,F,0.9901940706435525,1.0000006985183576,true,0,NaN
11719,F,0.9901940665435716,1.0000005628924877,true,0,NaN
11720,F,0.9901940540482411,1.0000000968524971,true,0,NaN
11721,F,0.9901940531606505,0.9999999790678615,true,0,NaN
11722,F,0.9902525171363502,1.0061926695330026,false,0,NaN
11723,F,0.9901417099150285,1.0000776681985366,false,0,NaN
11724,F,0.9901940531652776,0.9999999790678195,true,0,NaN
11725,F,0.9902525171329458,1.006192669354042,false,0,NaN
11726,F,0.9901417099147544,1.0000776681871795,false,0,NaN
11727,F,0.9902232851491117,1.0048071697755674,false,0,NaN
11728,F,0.9902086691571946,1.0002293992046445,false,0,NaN
11729,F,0.9902013611612361,1.0000474227516944,false,0,NaN
11730,F,0.990194081393882,1.0000004177649378,true,0,NaN
11731,F,0.9901940775199166,1.000000134730802,true,0,NaN
11732,F,0.9901940672795798,1.0000000754764322,true,0,NaN
11733,F,0.9901940664282325,0.9999999923143637,true,0,NaN
11734,F,0.9902517224292601,1.0056909896618826,false,0,NaN
11735,F,0.9901499008372577,1.0001352294042767,false,0,NaN
11736,F,0.9901940664298811,0.9999999923143472,true,0,NaN
11737,F,0.9902517224279961,1.005690989579168,false,0,NaN
11738,F,0.9901499008374486,1.0001352293981018,false,0,NaN
11739,F,0.9902228944289385,1.004797624795612,false,0,NaN
11740,F,0.9902084804294098,1.0002288654710503,false,0,NaN
11741,F,0.9902012734296455,1.0000474299507194,false,0,NaN
11742,F,0.9901940843179191,1.0000002368088596,true,0,NaN
11743,F,0.9901940817784072,1.0000000437465455,true,0,NaN
11744,F,0.9901940792850301,1.0000001208574079,true,0,NaN
11745,F,0.9901940779498811,1.0000000119963026,true,0,NaN
11746,F,0.9901940728574556,1.0000000252521666,true,0,NaN
11747,F,0.9901940725153375,0.9999999948847729,true,0,NaN
11748,F,0.9902567815736645,1.0057422127616342,false,0,NaN
11749,F,0.9901539888981478,1.0001827622198771,false,0,NaN
11750,F,0.9901940725165341,0.999999994884757,true,0,NaN
11751,F,0.9902567815728333,1.0057422126241684,false,0,NaN
11752,F,0.9901539888997607,1.0001827622882988,false,0,NaN
11753,F,0.9902254270446837,1.004718340950277,false,0,NaN
11754,F,0.9902097497806089,1.0002303675244102,false,0,NaN
11755,F,0.9902019111485715,1.0000360878866241,false,0,NaN
11756,F,0.9901940959630073,1.0000004437384882,true,0,NaN
11757,F,0.9901940907227957,1.000000127005986,true,0,NaN
11758,F,0.9901940842397707,1.0000000940625693,true,0,NaN
11759,F,0.9901940830819042,1.0000000064170185,true,0,NaN
11760,F,0.9901940783781524,1.0000000182557935,true,0,NaN
11761,F,0.9901940781053037,0.9999999961066575,true,0,NaN
11762,F,0.9902556372973026,1.0055853555702554,false,0,NaN
11763,F,0.9901556672417592,1.0001530197342852,false,0,NaN
11764,F,0.9901940781064797,0.9999999961066517,true,0,NaN
11765,F,0.9902556372964995,1.0055853555145506,false,0,NaN
11766,F,0.9901556672419369,1.0001530197336783,false,0,NaN
11767,F,0.9902248577014896,1.0047894028576239,false,0,NaN
11768,F,0.9902094679039847,1.0002294559617613,false,0,NaN
11769,F,0.9902017730052323,1.0000377116477077,false,0,NaN
11770,F,0.9901940993588622,1.000000358877109,true,0,NaN
11771,F,0.9901940947018237,1.0000000672475442,true,0,NaN
11772,F,0.9901940887248507,1.0000000803653701,true,0,NaN
11773,F,0.9901940876311834,1.0000000023585789,true,0,NaN
11774,F,0.9901940834078415,1.0000000156706408,true,0,NaN
11775,F,0.9901940831418999,0.9999999957441803,true,0,NaN
11776,F,0.990255619628096,1.005585530134527,false,0,NaN
11777,F,0.9901556459549857,1.0001529901397164,false,0,NaN
11778,F,0.990194083143076,0.9999999957441684,true,0,NaN
11779,F,0.9902556196272916,1.0055855300787604,false,0,NaN
11780,F,0.990155645955164,1.000152990139124,false,0,NaN
11781,F,0.9902248513851838,1.004791818311693,false,0,NaN
11782,F,0.9902094672641298,1.0002294757684402,false,0,NaN
11783,F,0.990201775203603,1.0000376820475474,false,0,NaN
11784,F,0.990194102337745,1.0000002645358013,true,0,NaN
11785,F,0.9901940986295276,1.000000030510324,true,0,NaN
11786,F,0.9901940927344994,1.000000057388895,true,0,NaN
11787,F,0.9901940918749478,0.9999999984882492,true,0,NaN
11788,F,0.9902555918843697,1.0055842310815146,false,0,NaN
11789,F,0.9901556420509307,1.0001530575627395,false,0,NaN
11790,F,0.9901940918761232,0.9999999984882404,true,0,NaN
11791,F,0.9902555918835657,1.0055842310257854,false,0,NaN
11792,F,0.9901556420511091,1.0001530575621855,false,0,NaN
11793,F,0.9902248418798444,1.0047901127898815,false,0,NaN
11794,F,0.9902094668779838,1.000229416816572,false,0,NaN
11795,F,0.9902017793770534,1.0000376430387523,false,0,NaN
11796,F,0.9901941089005493,1.0000001258818214,true,0,NaN
11797,F,0.990194106983648,1.0000000013482704,true,0,NaN
11798,F,0.9902556084724985,1.0055831455750501,false,0,NaN
11799,F,0.9901556794044819,1.000153094445871,false,0,NaN
11800,F,0.9901941069883566,1.000000001348223,true,0,NaN
11801,F,0.9902556084692855,1.005583145352098,false,0,NaN
11802,F,0.9901556794051959,1.0001530944438366,false,0,NaN
11803,F,0.9902248577288211,1.0047685630330925,false,0,NaN
11804,F,0.9902094823585889,1.0002292888362265,false,0,NaN
11805,F,0.9902017946734728,1.0000373521203558,false,0,NaN
11806,F,0.9901941153108027,1.0000002290738395,true,0,NaN
11807,F,0.9901941125574835,1.0000000912369233,true,0,NaN
11808,F,0.990194115306056,1.0000002290738659,true,0,NaN
11809,F,0.9901941125527369,1.000000091236958,true,0,NaN
11810,F,0.9901941153036214,1.0000002290738805,true,0,NaN
11811,F,0.9901941125503024,1.0000000912369773,true,0,NaN
11812,F,0.9901941153022432,1.0000002290738887,true,0,NaN
11813,F,0.9901941125489243,1.0000000912369886,true,0,NaN
11814,F,0.9901941127506484,1.0000001039833304,true,0,NaN
11815,F,0.990194111467996,1.0000000231445108,true,0,NaN
11816,F,0.9901941098311158,1.0000000212314346,true,0,NaN
11817,F,0.990194109521362,0.9999999979691401,true,0,NaN
11818,F,0.9902556220646858,1.0055834619173303,false,0,NaN
11819,F,0.9901556855552689,1.0001529881492952,false,0,NaN
11820,F,0.9901941095219533,0.999999997969138,true,0,NaN
11821,F,0.9902556220642822,1.0055834618893247,false,0,NaN
11822,F,0.9901556855553585,1.000152988148993,false,0,NaN
11823,F,0.9902248657931177,1.0047776005746663,false,0,NaN
11824,F,0.9902094876575356,1.000229330069002,false,0,NaN
11825,F,0.9902017985897444,1.0000369807863874,false,0,NaN
11826,F,0.9901941186532238,1.0000002052423858,true,0,NaN
11827,F,0.9901941156737359,1.0000000361435195,true,0,NaN
11828,F,0.9901941140657027,1.0000000442640997,true,0,NaN
11829,F,0.9901941133662969,0.9999999991512519,true,0,NaN
11830,F,0.9902556182331541,1.0055832445666557,false,0,NaN
11831,F,0.990155685545319,1.0001529870047885,false,0,NaN
11832,F,0.9901941133668881,0.9999999991512453,true,0,NaN
11833,F,0.9902556182327504,1.0055832445386437,false,0,NaN
11834,F,0.990155685545409,1.0001529870045096,false,0,NaN
11835,F,0.9902248657998193,1.0047766026518055,false,0,NaN
11836,F,0.9902094895833536,1.0002293173476495,false,0,NaN
11837,F,0.9902018014751209,1.0000369106086255,false,0,NaN
11838,F,0.9901941226138437,1.000000223597413,true,0,NaN
11839,F,0.9901941193995394,1.0000000381291834,true,0,NaN
11840,F,0.9901941179603044,1.0000000557060353,true,0,NaN
11841,F,0.9901941171055275,1.000000001070474,true,0,NaN
11842,F,0.9901941156334543,1.0000000106618032,true,0,NaN
11843,F,0.9901941154117241,0.9999999957179115,true,0,NaN
11844,F,0.9902556147077627,1.005583054703099,false,0,NaN
11845,F,0.990155685629135,1.000153009549284,false,0,NaN
11846,F,0.9901941154123164,0.9999999957179049,true,0,NaN
11847,F,0.9902556147073587,1.0055830546750553,false,0,NaN
11848,F,0.9901556856292248,1.0001530095489906,false,0,NaN
11849,F,0.9902248650598375,1.0047744447298534,false,0,NaN
11850,F,0.990209490236077,1.0002293009004135,false,0,NaN
11851,F,0.9902018028241967,1.0000368995795104,false,0,NaN
11852,F,0.9901941237903558,0.9999999967358497,true,0,NaN
11853,F,0.9902555942811849,1.005582092016466,false,0,NaN
11854,F,0.9901556840950902,1.000153130128554,false,0,NaN
11855,F,0.990194123792724,0.9999999967358313,true,0,NaN
11856,F,0.9902555942795702,1.0055820919043854,false,0,NaN
11857,F,0.9901556840954492,1.0001531301274884,false,0,NaN
11858,F,0.9902248590361471,1.0047664758501336,false,0,NaN
11859,F,0.9902094914144356,1.0002292329017874,false,0,NaN
11860,F,0.9902018076035798,1.0000369684776862,false,0,NaN
11861,F,0.9901941574908559,1.000000239881167,true,0,NaN
11862,F,0.9901941538730819,1.000000005671151,true,0,NaN
