idx,kind,gamma_focal_prime,Delta,feasible,inner_status,gravity_value
1,F,0.9609650007465946,0.0010029941762691214,true,0,-6.992571199895687e-18
2,G+,0.9709650007465946,0.03207193229632861,true,0,-6.992571199895687e-18
3,G-,0.9509650007465946,0.024374253441225062,true,0,-6.992571199895687e-18
4,G+,0.9609650007465946,0.0013265059957249415,true,0,-4.39440693035531e-18
5,G-,0.9609650007465946,0.0020000616932650526,true,0,-6.10202535201998e-18
6,G+,0.9609650007465946,0.0011525829706142215,true,0,-6.965998958219366e-18
7,G-,0.9609650007465946,0.001173459482672628,true,0,-5.4667506415792544e-18
8,G+,0.9609650007465946,0.0015227530518565834,true,0,-4.689174395999807e-18
9,G-,0.9609650007465946,0.002078733352478511,true,0,-6.323524467726979e-18
10,G+,0.9609650007465946,0.000979792429483933,true,0,-5.1088792213643125e-18
11,G-,0.9609650007465946,0.0010562166040006596,true,0,-5.188923834879844e-18
12,G+,0.9609650007465946,0.0011660556389156598,true,0,-6.7923572040322344e-18
13,G-,0.9609650007465946,0.0008946614335546499,true,0,-5.409999434113216e-18
14,G+,0.9609650007465946,0.0010702700489887693,true,0,-6.083390627180385e-18
15,G-,0.9609650007465946,0.0011101255110521472,true,0,-6.325642050095115e-18
16,G+,0.9609650007465946,0.001090238802953586,true,0,-7.960415638295915e-18
17,G-,0.9609650007465946,0.0009622411978362941,true,0,-6.635656108790189e-18
18,G+,0.9609650007465946,0.0010749335243080715,true,0,-7.041384890524999e-18
19,G-,0.9609650007465946,0.0009421915513053454,true,0,-6.7559347873002995e-18
20,G+,0.9609650007465946,0.001670980186316868,true,0,-4.6887508795261795e-18
21,G-,0.9609650007465946,0.0016182171402580284,true,0,-5.8932317305217946e-18
22,G+,0.9609650007465946,0.0011721264855404612,true,0,-7.962109704190423e-18
23,G-,0.9609650007465946,0.0010435636299544926,true,0,-7.218414776501147e-18
24,G+,0.9609650007465946,0.0018705946411003262,true,0,-5.193158999616115e-18
25,G-,0.9609650007465946,0.0016727510087268407,true,0,-5.570088661144279e-18
26,G+,0.9609650007465946,0.001025807417278245,true,0,-6.43194468497553e-18
27,G-,0.9609650007465946,0.0010024350729592611,true,0,-5.5683945952497704e-18
28,G+,0.9609650007465946,0.0009952467365300433,true,0,-4.0200183676689094e-18
29,G-,0.9609650007465946,0.0009951219649436773,true,0,-3.9590319954666e-18
30,G+,0.9609650007465946,0.0009629505049907558,true,0,-6.5755167695351335e-18
31,G-,0.9609650007465946,0.0010306100881371835,true,0,-7.116770822830631e-18
32,G+,0.9609650007465946,0.0010337473074853454,true,0,-7.22921444657864e-18
33,G-,0.9609650007465946,0.0009446879596790265,true,0,-5.275109437262969e-18
34,G+,0.9709650007465946,0.03207193229632858,true,0,-6.992571199895687e-18
35,G-,0.9509650007465946,0.024374253441225024,true,0,-6.992571199895687e-18
36,G+,0.9609650007465946,0.0013265059957248968,true,0,-4.39440693035531e-18
37,G-,0.9609650007465946,0.0020000616932651055,true,0,-6.10202535201998e-18
38,G+,0.9609650007465946,0.001152582970614213,true,0,-6.965998958219366e-18
39,G-,0.9609650007465946,0.0011734594826726483,true,0,-5.4667506415792544e-18
40,G+,0.9609650007465946,0.0015227530518566225,true,0,-4.689174395999807e-18
41,G-,0.9609650007465946,0.002078733352478611,true,0,-6.323524467726979e-18
42,G+,0.9609650007465946,0.000979792429483945,true,0,-5.1088792213643125e-18
43,G-,0.9609650007465946,0.0010562166040006713,true,0,-5.188923834879844e-18
44,G+,0.9609650007465946,0.0011660556389156776,true,0,-6.7923572040322344e-18
45,G-,0.9609650007465946,0.000894661433554641,true,0,-5.409999434113216e-18
46,G+,0.9609650007465946,0.0010702700489887867,true,0,-6.083390627180385e-18
47,G-,0.9609650007465946,0.0011101255110521455,true,0,-6.325642050095115e-18
48,G+,0.9609650007465946,0.0010902388029535935,true,0,-7.960415638295915e-18
49,G-,0.9609650007465946,0.0009622411978362879,true,0,-6.635656108790189e-18
50,G+,0.9609650007465946,0.0010749335243080648,true,0,-7.041384890524999e-18
51,G-,0.9609650007465946,0.0009421915513053382,true,0,-6.7559347873002995e-18
52,G+,0.9609650007465946,0.0016709801863168637,true,0,-4.6887508795261795e-18
53,G-,0.9609650007465946,0.001618217140258027,true,0,-5.8932317305217946e-18
54,G+,0.9609650007465946,0.0011721264855404376,true,0,-7.962109704190423e-18
55,G-,0.9609650007465946,0.0010435636299544794,true,0,-7.218414776501147e-18
56,G+,0.9609650007465946,0.0018705946411002267,true,0,-5.193158999616115e-18
57,G-,0.9609650007465946,0.0016727510087268358,true,0,-5.570088661144279e-18
58,G+,0.9609650007465946,0.0010258074172782411,true,0,-6.43194468497553e-18
59,G-,0.9609650007465946,0.0010024350729592624,true,0,-5.5683945952497704e-18
60,G+,0.9609650007465946,0.0009952467365300414,true,0,-4.0200183676689094e-18
61,G-,0.9609650007465946,0.000995121964943678,true,0,-3.9590319954666e-18
62,G+,0.9609650007465946,0.000962950504990748,true,0,-6.5755167695351335e-18
63,G-,0.9609650007465946,0.0010306100881372028,true,0,-7.116770822830631e-18
64,G+,0.9609650007465946,0.0010337473074853599,true,0,-7.22921444657864e-18
65,G-,0.9609650007465946,0.0009446879596790293,true,0,-5.275109437262969e-18
66,G+,0.9709649990231242,0.03207192147859633,true,0,-7.405685348696088e-18
67,G-,0.9509649990231241,0.024374261824595508,true,0,-7.405685348696088e-18
68,G+,0.9609649990231242,0.001326506071147595,true,0,-8.889610781433882e-18
69,G-,0.9609649990231242,0.0020000602878723615,true,0,-8.321251673826247e-18
70,G+,0.9609649990231242,0.001152582597476813,true,0,-8.007849483342155e-18
71,G-,0.9609649990231242,0.0011734585797508299,true,0,-9.577401534604374e-18
72,G+,0.9609649990231242,0.0015227531961464753,true,0,-9.316938903323677e-18
73,G-,0.9609649990231242,0.002078731935451874,true,0,-6.275667106207111e-18
74,G+,0.9609649990231242,0.0009797918559978302,true,0,-6.3692642468787114e-18
75,G-,0.9609649990231242,0.0010562158718615171,true,0,-5.549759870410176e-18
76,G+,0.9609649990231242,0.001166054947627179,true,0,-8.228925082575528e-18
77,G-,0.9609649990231242,0.0008946608211346347,true,0,-9.884874494457685e-18
78,G+,0.9609649990231242,0.001070269555534105,true,0,-7.73679894022078e-18
79,G-,0.9609649990231242,0.0011101247154511704,true,0,-7.999379153869612e-18
80,G+,0.9609649990231242,0.0010902381328227874,true,0,-7.326834993749698e-18
81,G-,0.9609649990231242,0.0009622406117193546,true,0,-6.1409888675936775e-18
82,G+,0.9609649990231242,0.001074932867234076,true,0,-7.194697853978027e-18
83,G-,0.9609649990231242,0.0009421909301686078,true,0,-8.031566405865276e-18
84,G+,0.9609649990231242,0.001670978866619317,true,0,-1.005216350154041e-17
85,G-,0.9609649990231242,0.001618217190973717,true,0,-1.0783999967968125e-17
86,G+,0.9609649990231242,0.0011721256017721078,true,0,-7.618214327605177e-18
87,G-,0.9609649990231242,0.001043563265007335,true,0,-6.581446000165914e-18
88,G+,0.9609649990231242,0.0018705933387962162,true,0,-8.266194532254717e-18
89,G-,0.9609649990231242,0.0016727511250870387,true,0,-1.0172865696524147e-17
90,G+,0.9609649990231242,0.00102580671586195,true,0,-9.418582856994193e-18
91,G-,0.9609649990231242,0.0010024344716492615,true,0,-8.89596352853829e-18
92,G+,0.9609649990231242,0.000995246108181548,true,0,-1.0108067676059193e-17
93,G-,0.9609649990231242,0.000995121306522808,true,0,-9.654058016330888e-18
94,G+,0.9609649990231242,0.0009629498285488475,true,0,-6.571281604798862e-18
95,G-,0.9609649990231242,0.0010306094684655195,true,0,-8.1349044254303e-18
96,G+,0.9609649990231242,0.0010337466814513926,true,0,-9.707844608481536e-18
97,G-,0.9609649990231242,0.0009446872927919024,true,0,-9.77857185957727e-18
98,G+,0.970964987393993,0.032071859253112206,true,0,-4.42489266456081e-18
99,G-,0.9509649873939929,0.024374318004825354,true,0,-4.42489266456081e-18
100,G+,0.9609649873939929,0.0013264795031032997,true,0,-4.3334205581530005e-18
101,G-,0.9609649873939929,0.0020000898703952273,true,0,-5.739495250595139e-18
102,G+,0.9609649873939929,0.0011525720833520773,true,0,-6.4992838042822465e-18
103,G-,0.9609649873939929,0.0011734699468472136,true,0,-6.699183579834261e-18
104,G+,0.9609649873939929,0.001522721728295839,true,0,-6.27143194147084e-18
105,G-,0.9609649873939929,0.002078764938687907,true,0,-6.3751934775094915e-18
106,G+,0.9609649873939929,0.0009797900192239923,true,0,-3.1141166305804352e-18
107,G-,0.9609649873939929,0.0010562191088956433,true,0,-4.503250664077488e-18
108,G+,0.9609649873939929,0.001166055859145093,true,0,-7.08288950494046e-18
109,G-,0.9609649873939929,0.0008946607986550032,true,0,-6.636503141737443e-18
110,G+,0.9609649873939929,0.0010702709930876598,true,0,-5.009352850061932e-18
111,G-,0.9609649873939929,0.0011101240771347971,true,0,-5.0212113113234924e-18
112,G+,0.9609649873939929,0.001090238252051474,true,0,-4.663763407582178e-18
113,G-,0.9609649873939929,0.0009622417748434797,true,0,-8.180644204582033e-18
114,G+,0.9609649873939929,0.001074933358647564,true,0,-6.285831501574163e-18
115,G-,0.9609649873939929,0.0009421915908326435,true,0,-6.881295663493936e-18
116,G+,0.9609649873939929,0.0016710082209421718,true,0,-6.644973471209986e-18
117,G-,0.9609649873939929,0.001618188928742588,true,0,-5.573900309406923e-18
118,G+,0.9609649873939929,0.001172136138414163,true,0,-4.363913744254155e-18
119,G-,0.9609649873939929,0.0010435527313807044,true,0,-8.321251673826247e-18
120,G+,0.9609649873939929,0.0018706240912451126,true,0,-6.833014785500441e-18
121,G-,0.9609649873939929,0.0016727181815273948,true,0,-6.576363802482388e-18
122,G+,0.9609649873939929,0.0010258105695239023,true,0,-3.2479478362466147e-18
123,G-,0.9609649873939929,0.0010024324612757107,true,0,-8.456988703623748e-18
124,G+,0.9609649873939929,0.0009952467249251978,true,0,-4.929731753020028e-18
125,G-,0.9609649873939929,0.0009951217527538973,true,0,-3.995454412198535e-18
126,G+,0.9609649873939929,0.0009629501664417222,true,0,-6.1807994161146296e-18
127,G-,0.9609649873939929,0.001030610160764313,true,0,-6.506907100807535e-18
128,G+,0.9609649873939929,0.0010337473710489665,true,0,-3.101834652845248e-18
129,G-,0.9609649873939929,0.0009446876122447519,true,0,-7.145569943037278e-18
130,G+,0.9709650004549385,0.03207193447494323,true,0,-7.08040125518502e-18
131,G-,0.9509650004549385,0.02437425146186817,true,0,-7.08040125518502e-18
132,G+,0.9609650004549385,0.0013265058971182147,true,0,-4.498591982867589e-18
133,G-,0.9609650004549385,0.002000061719831414,true,0,-8.469482439595749e-18
134,G+,0.9609650004549385,0.0011525830495334125,true,0,-7.726634544853728e-18
135,G-,0.9609650004549385,0.0011734593387610845,true,0,-7.041384890524999e-18
136,G+,0.9609650004549385,0.0015227529760809388,true,0,-5.408305368218708e-18
137,G-,0.9609650004549385,0.0020787333344343857,true,0,-4.574824948120476e-18
138,G+,0.9609650004549385,0.0009797924479318272,true,0,-6.8516495103400354e-18
139,G-,0.9609650004549385,0.001056216503785376,true,0,-5.2444044929250005e-18
140,G+,0.9609650004549385,0.0011660555212391834,true,0,-7.726634544853728e-18
141,G-,0.9609650004549385,0.0008946614789899407,true,0,-7.105759394516326e-18
142,G+,0.9609650004549385,0.0010702696421299935,true,0,-6.759322919089317e-18
143,G-,0.9609650004549385,0.001110125837921103,true,0,-9.110686380667254e-18
144,G+,0.9609650004549385,0.0010902386977720874,true,0,-6.3866284222974246e-18
145,G-,0.9609650004549385,0.0009622411982750412,true,0,-4.882297907973787e-18
146,G+,0.9609650004549385,0.0010749334265383811,true,0,-3.57109090562413e-18
147,G-,0.9609650004549385,0.0009421915596587586,true,0,-6.551799847012013e-18
148,G+,0.9609650004549385,0.0016709801838921709,true,0,-5.947018322672443e-18
149,G-,0.9609650004549385,0.0016182170574971998,true,0,-4.432523412981754e-18
150,G+,0.9609650004549385,0.0011721265231371943,true,0,-6.6881721515199555e-18
151,G-,0.9609650004549385,0.0010435634920939881,true,0,-4.883991973868296e-18
152,G+,0.9609650004549385,0.001870594596071632,true,0,-5.554842068093702e-18
153,G-,0.9609650004549385,0.0016727509358449002,true,0,-5.2693919648690024e-18
154,G+,0.9609650004549385,0.0010258074270529122,true,0,-5.935795136121323e-18
155,G-,0.9609650004549385,0.0010024349865513443,true,0,-6.5924574284802195e-18
156,G+,0.9609650004549385,0.0009952467584486962,true,0,-6.4205097401875966e-18
157,G-,0.9609650004549385,0.00099512186132002,true,0,-4.085663421081118e-18
158,G+,0.9609650004549385,0.0009629505401641551,true,0,-3.782002109490451e-18
159,G-,0.9609650004549385,0.0010306099811630673,true,0,-6.591610395532965e-18
160,G+,0.9609650004549385,0.0010337473203630527,true,0,-7.25293136910176e-18
161,G-,0.9609650004549385,0.0009446878631875106,true,0,-7.904934980250758e-18
162,G+,0.9709650001073198,0.032071933747220414,true,0,-4.0112837022918674e-18
163,G-,0.9509650001073198,0.024374251614555434,true,0,-4.0112837022918674e-18
164,G+,0.9609650001073198,0.0013265075308420099,true,0,-3.6905225511869866e-18
165,G-,0.9609650001073198,0.0020000597980508877,true,0,-3.0637181702188043e-18
166,G+,0.9609650001073198,0.0011525835615607968,true,0,-3.6761229910836635e-18
167,G-,0.9609650001073198,0.001173458682937649,true,0,-3.990372214515009e-18
168,G+,0.9609650001073198,0.0015227549829353352,true,0,-2.6020852139652106e-18
169,G-,0.9609650001073198,0.0020787311532187084,true,0,-2.8583126805096365e-18
170,G+,0.9609650001073198,0.0009797924797113322,true,0,-4.095827816448169e-18
171,G-,0.9609650001073198,0.0010562163085106751,true,0,-3.603701674093421e-18
172,G+,0.9609650001073198,0.0011660555176976934,true,0,-3.7125454078155984e-18
173,G-,0.9609650001073198,0.0008946613252096444,true,0,-3.277170472926888e-18
174,G+,0.9609650001073198,0.0010702698104545325,true,0,-6.0393449139231614e-18
175,G-,0.9609650001073198,0.00111012553730467,true,0,-1.9142944607947188e-18
176,G+,0.9609650001073198,0.0010902387348140177,true,0,-7.298035873543052e-18
177,G-,0.9609650001073198,0.000962241041784033,true,0,-4.084392871660236e-18
178,G+,0.9609650001073198,0.0010749334093964962,true,0,-3.043389379484701e-18
179,G-,0.9609650001073198,0.000942191437323976,true,0,-2.067607424247747e-18
180,G+,0.9609650001073198,0.0016709782470737983,true,0,-2.744386749103933e-18
181,G-,0.9609650001073198,0.001618218847354717,true,0,-2.915910920922929e-18
182,G+,0.9609650001073198,0.001172125744324588,true,0,-7.096442032096528e-18
183,G-,0.9609650001073198,0.001043564208232194,true,0,-4.2402469339550275e-18
184,G+,0.9609650001073198,0.0018705925144187328,true,0,-3.816730460327877e-18
185,G-,0.9609650001073198,0.0016727530981916125,true,0,-3.720168704340887e-18
186,G+,0.9609650001073198,0.0010258071041615057,true,0,-2.1779334656276197e-18
187,G-,0.9609650001073198,0.0010024351227538926,true,0,-4.642799342137634e-18
188,G+,0.9609650001073198,0.000995246640000756,true,0,-1.777075123339522e-18
189,G-,0.9609650001073198,0.00099512184233412,true,0,-9.232659125071874e-19
190,G+,0.9609650001073198,0.0009629504375393819,true,0,-7.082042471993205e-18
191,G-,0.9609650001073198,0.0010306099422573612,true,0,-2.467406975351777e-18
192,G+,0.9609650001073198,0.001033747206320015,true,0,-3.3459918998913e-18
193,G-,0.9609650001073198,0.0009446878408290338,true,0,-4.2008599019077025e-18
194,G+,0.9709649942238737,0.03207194867724499,true,0,-3.754894806281023e-18
195,G-,0.9509649942238737,0.02437423922966254,true,0,-3.754894806281023e-18
196,G+,0.9609649942238737,0.001326504330793682,true,0,-5.418469763585759e-18
197,G-,0.9609649942238737,0.0020000676654952465,true,0,-7.074419175467916e-18
198,G+,0.9609649942238737,0.0011525836453732364,true,0,-4.7535488999911335e-18
199,G-,0.9609649942238737,0.0011734630131409927,true,0,-5.631922066293843e-18
200,G+,0.9609649942238737,0.0015227519431798289,true,0,-8.394520023763744e-18
201,G-,0.9609649942238737,0.0020787385464602097,true,0,-8.84090638696676e-18
202,G+,0.9609649942238737,0.0009797942280278065,true,0,-6.0622148034990275e-18
203,G-,0.9609649942238737,0.0010562191639421755,true,0,-6.139294801699169e-18
204,G+,0.9609649942238737,0.0011660583353369446,true,0,-4.4884275875005375e-18
205,G-,0.9609649942238737,0.0008946628828606731,true,0,-4.917873291758468e-18
206,G+,0.9609649942238737,0.001070271664892939,true,0,-8.521151449378261e-18
207,G-,0.9609649942238737,0.0011101281204022925,true,0,-8.824389244495301e-18
208,G+,0.9609649942238737,0.0010902414053392572,true,0,-4.8975445010243646e-18
209,G-,0.9609649942238737,0.0009622429351837918,true,0,-6.727135667093653e-18
210,G+,0.9609649942238737,0.0010749358048212918,true,0,-6.632267977001172e-18
211,G-,0.9609649942238737,0.0009421935313169269,true,0,-7.021056099790896e-18
212,G+,0.9609649942238737,0.001670985230128376,true,0,-7.817690586683565e-18
213,G-,0.9609649942238737,0.0016182162293369015,true,0,-8.833283090441471e-18
214,G+,0.9609649942238737,0.0011721295459455466,true,0,-5.338001633596601e-18
215,G-,0.9609649942238737,0.0010435646507064818,true,0,-6.727135667093653e-18
216,G+,0.9609649942238737,0.0018705986479959638,true,0,-7.397138728371805e-18
217,G-,0.9609649942238737,0.001672750704294227,true,0,-5.175371307723775e-18
218,G+,0.9609649942238737,0.001025809779056769,true,0,-3.836212218114726e-18
219,G-,0.9609649942238737,0.001002437150722588,true,0,-7.700800039962472e-18
220,G+,0.9609649942238737,0.0009952488628220987,true,0,-5.406611302324199e-18
221,G-,0.9609649942238737,0.0009951241638802948,true,0,-9.330914946953373e-18
222,G+,0.9609649942238737,0.0009629529462255862,true,0,-7.132864448828463e-18
223,G-,0.9609649942238737,0.0010306120300176199,true,0,-7.331917191433224e-18
224,G+,0.9609649942238737,0.0010337494468884711,true,0,-4.128226826680646e-18
225,G-,0.9609649942238737,0.0009446901317768788,true,0,-8.286946839462447e-18
226,G+,0.970964999536491,0.032071929855786774,true,0,-6.027057132998989e-18
227,G-,0.9509649995364909,0.0243742559234472,true,0,-6.027057132998989e-18
228,G+,0.960964999536491,0.0013265034573838195,true,0,-4.785736151986797e-19
229,G-,0.960964999536491,0.002000065744533748,true,0,-1.3442412872925746e-18
230,G+,0.960964999536491,0.0011525820621985506,true,0,-1.932082152687059e-18
231,G-,0.960964999536491,0.0011734616460338104,true,0,-2.169251377918263e-18
232,G+,0.960964999536491,0.0015227499856072294,true,0,-1.6686549060909717e-18
233,G-,0.960964999536491,0.00207873777262133,true,0,-2.4779948871924556e-18
234,G+,0.960964999536491,0.0009797926009112129,true,0,-1.1735641484208331e-18
235,G-,0.960964999536491,0.001056217798042327,true,0,-2.5652392807596486e-18
236,G+,0.960964999536491,0.0011660565344471237,true,0,-1.7575933655526732e-18
237,G-,0.960964999536491,0.0008946618064812464,true,0,-1.5432940298973352e-18
238,G+,0.960964999536491,0.0010702713333354055,true,0,-4.194507154803295e-18
239,G-,0.960964999536491,0.0011101255083703768,true,0,-4.260575724689131e-18
240,G+,0.960964999536491,0.0010902395772898943,true,0,-2.2971533529536625e-18
241,G-,0.960964999536491,0.0009622417889827864,true,0,-5.4955497617859006e-18
242,G+,0.960964999536491,0.0010749343149658009,true,0,-1.9193766584782446e-18
243,G-,0.960964999536491,0.0009421920858645767,true,0,-3.170444321572846e-18
244,G+,0.960964999536491,0.001670984227205186,true,0,-1.872789846379258e-18
245,G-,0.960964999536491,0.0016182143944967699,true,0,-2.6207199388048052e-18
246,G+,0.960964999536491,0.0011721281582897918,true,0,-2.7460808149984417e-18
247,G-,0.960964999536491,0.00104356315281908,true,0,-5.288873722655851e-18
248,G+,0.960964999536491,0.0018705988056889717,true,0,-6.264655677892805e-18
249,G-,0.960964999536491,0.001672747796266173,true,0,-3.3008873954500084e-18
250,G+,0.960964999536491,0.0010258082978690808,true,0,-1.99433907431025e-18
251,G-,0.960964999536491,0.0010024355918977158,true,0,-4.895638676893042e-18
252,G+,0.960964999536491,0.0009952471905511834,true,0,-1.81307402359783e-18
253,G-,0.960964999536491,0.00099512282992726,true,0,-2.202285662861181e-18
254,G+,0.960964999536491,0.000962951019019793,true,0,-1.711853586400941e-18
255,G-,0.960964999536491,0.0010306108827093693,true,0,-3.1687502556783376e-18
256,G+,0.960964999536491,0.0010337477952821995,true,0,-7.545369494141307e-18
257,G-,0.960964999536491,0.0009446887926487437,true,0,-4.603835826563936e-18
258,G+,0.970964997118811,0.03207191796776321,true,0,-6.760095596254321e-18
259,G-,0.950964997118811,0.024374263033003257,true,0,-6.760095596254321e-18
260,G+,0.960964997118811,0.001326509350011584,true,0,-9.877251197932396e-18
261,G-,0.960964997118811,0.0020000577768797653,true,0,-8.31786354203723e-18
262,G+,0.960964997118811,0.0011525832883608187,true,0,-8.63126573252132e-18
263,G-,0.960964997118811,0.0011734588336158897,true,0,-6.161317658327781e-18
264,G+,0.960964997118811,0.001522756854711627,true,0,-7.826584432629735e-18
265,G-,0.960964997118811,0.0020787292794549584,true,0,-6.819038741870745e-18
266,G+,0.960964997118811,0.000979791891019231,true,0,-6.8262385219224064e-18
267,G-,0.960964997118811,0.0010562168420861912,true,0,-6.381969741087526e-18
268,G+,0.960964997118811,0.001166055931588468,true,0,-8.89723407795917e-18
269,G-,0.960964997118811,0.0008946607618514137,true,0,-5.937700960252645e-18
270,G+,0.960964997118811,0.0010702721294903433,true,0,-8.18403233637105e-18
271,G-,0.960964997118811,0.0011101231707666109,true,0,-6.305313259361012e-18
272,G+,0.960964997118811,0.001090239101240218,true,0,-8.665147050411492e-18
273,G-,0.960964997118811,0.0009622407928736812,true,0,-5.7886231615358885e-18
274,G+,0.960964997118811,0.0010749338078081506,true,0,-7.131170382933955e-18
275,G-,0.960964997118811,0.0009421910267287027,true,0,-5.6590271206059806e-18
276,G+,0.960964997118811,0.0016709767348439617,true,0,-7.461089715889505e-18
277,G-,0.960964997118811,0.0016182203185508865,true,0,-6.667843360785852e-18
278,G+,0.960964997118811,0.0011721246462405043,true,0,-8.663452984516984e-18
279,G-,0.960964997118811,0.0010435653916764495,true,0,-5.790317227430397e-18
280,G+,0.960964997118811,0.0018705911915032406,true,0,-6.860966872759833e-18
281,G-,0.960964997118811,0.0016727547368532557,true,0,-9.656175598699024e-18
282,G+,0.960964997118811,0.0010258063859454809,true,0,-7.749927950903221e-18
283,G-,0.960964997118811,0.0010024357235504466,true,0,-4.166555067543903e-18
284,G+,0.960964997118811,0.0009952458900167552,true,0,-6.460320288708549e-18
285,G-,0.960964997118811,0.000995122558107374,true,0,-7.095171482675647e-18
286,G+,0.960964997118811,0.0009629498293024896,true,0,-7.673271469176707e-18
287,G-,0.960964997118811,0.0010306104559098393,true,0,-5.553148002199193e-18
288,G+,0.960964997118811,0.001033746552776048,true,0,-7.891382453094689e-18
289,G-,0.960964997118811,0.0009446884749057476,true,0,-8.546985954269518e-18
290,G+,0.9709650003790165,0.032071929143847024,true,0,-8.396408115210684e-18
291,G-,0.9509650003790164,0.024374255093199265,true,0,-8.396408115210684e-18
292,G+,0.9609650003790164,0.0013265077805479058,true,0,-5.861467994999758e-18
293,G-,0.9609650003790164,0.0020000588637014943,true,0,-5.0805036176312934e-18
294,G+,0.9609650003790164,0.001152583303162901,true,0,-9.978895151602912e-18
295,G-,0.9609650003790164,0.001173458252108723,true,0,-8.975161109106566e-18
296,G+,0.9609650003790164,0.001522755035295674,true,0,-6.963457859377603e-18
297,G-,0.9609650003790164,0.0020787304570321547,true,0,-3.795131120172893e-18
298,G+,0.9609650003790164,0.0009797920413855603,true,0,-8.462706176017715e-18
299,G-,0.9609650003790164,0.0010562160444847356,true,0,-7.247213896707794e-18
300,G+,0.9609650003790164,0.001166055116874238,true,0,-5.891114148153659e-18
301,G-,0.9609650003790164,0.0008946610397923299,true,0,-8.887069682592119e-18
302,G+,0.9609650003790164,0.0010702698449729516,true,0,-4.9737774662772516e-18
303,G-,0.9609650003790164,0.0011101248174881125,true,0,-7.26415455565288e-18
304,G+,0.9609650003790164,0.0010902383346150088,true,0,-8.927727264060326e-18
305,G-,0.9609650003790164,0.000962240756685624,true,0,-8.47371760433202e-18
306,G+,0.9609650003790164,0.0010749330968184265,true,0,-8.843023969334896e-18
307,G-,0.9609650003790164,0.0009421910615424803,true,0,-5.902125576467965e-18
308,G+,0.9609650003790164,0.0016709776020828815,true,0,-6.385357872876543e-18
309,G-,0.9609650003790164,0.0016182188267634253,true,0,-3.803601449645436e-18
310,G+,0.9609650003790164,0.0011721252226343033,true,0,-9.368184396632562e-18
311,G-,0.9609650003790164,0.0010435640681313695,true,0,-7.599579602765583e-18
312,G+,0.9609650003790164,0.0018705921285018354,true,0,-5.169442077092995e-18
313,G-,0.9609650003790164,0.0016727528958961938,true,0,-6.910094783700582e-18
314,G+,0.9609650003790164,0.0010258066385382433,true,0,-9.061770227963319e-18
315,G-,0.9609650003790164,0.0010024348646876056,true,0,-5.80175217221833e-18
316,G+,0.9609650003790164,0.0009952461491337227,true,0,-7.666495205598672e-18
317,G-,0.9609650003790164,0.0009951216336661739,true,0,-5.362142072593348e-18
318,G+,0.9609650003790164,0.0009629499426976734,true,0,-8.23908947794258e-18
319,G-,0.9609650003790164,0.0010306097199388159,true,0,-5.484538333471595e-18
320,G+,0.9609650003790164,0.0010337467319901387,true,0,-8.76806155350289e-18
321,G-,0.9609650003790164,0.0009446876209548609,true,0,-6.678431272626531e-18
322,G+,0.970964999931837,0.03207192566212444,true,0,-7.548265660261009e-18
323,G-,0.950964999931837,0.024374258055019426,true,0,-7.548265660261009e-18
324,G+,0.960964999931837,0.0013265052739526333,true,0,-5.625992835663063e-18
325,G-,0.960964999931837,0.0020000618399958854,true,0,-7.874018277675976e-18
326,G+,0.960964999931837,0.0011525821913008795,true,0,-6.822850390133389e-18
327,G-,0.960964999931837,0.0011734595635833703,true,0,-7.483536088991743e-18
328,G+,0.960964999931837,0.0015227517158044417,true,0,-6.233315458844396e-18
329,G-,0.960964999931837,0.0020787340916179173,true,0,-7.749080917955967e-18
330,G+,0.960964999931837,0.0009797917047419248,true,0,-6.3891695211391875e-18
331,G-,0.960964999931837,0.0010562166393006363,true,0,-7.256531259127591e-18
332,G+,0.960964999931837,0.001166055214402344,true,0,-7.144722910090023e-18
333,G-,0.960964999931837,0.0008946611581501638,true,0,-7.341234553853021e-18
334,G+,0.960964999931837,0.0010702703073149,true,0,-6.486578310073432e-18
335,G-,0.960964999931837,0.0011101245581949524,true,0,-6.625491713423137e-18
336,G+,0.960964999931837,0.0010902383381144348,true,0,-7.7605158627439e-18
337,G-,0.960964999931837,0.000962240978175261,true,0,-5.031375706690544e-18
338,G+,0.960964999931837,0.0010749332498164108,true,0,-6.057979638762756e-18
339,G-,0.960964999931837,0.0009421911312879211,true,0,-5.4303282248473195e-18
340,G+,0.960964999931837,0.001670980881132363,true,0,-5.3968704234307746e-18
341,G-,0.960964999931837,0.0016182157886628712,true,0,-6.8944246741763776e-18
342,G+,0.960964999931837,0.001172126344784547,true,0,-6.879601597599427e-18
343,G-,0.960964999931837,0.0010435630536287448,true,0,-4.0064658405128406e-18
344,G+,0.960964999931837,0.0018705958514941856,true,0,-5.3684948196977555e-18
345,G-,0.960964999931837,0.0016727490947485535,true,0,-3.3381568451291976e-18
346,G+,0.960964999931837,0.0010258069676404833,true,0,-6.229080294108125e-18
347,G-,0.960964999931837,0.001002434811101329,true,0,-3.144186300207963e-18
348,G+,0.960964999931837,0.0009952460420179976,true,0,-5.955912168618613e-18
349,G-,0.960964999931837,0.0009951219536585855,true,0,-6.984210166585333e-18
350,G+,0.960964999931837,0.0009629498798027056,true,0,-5.95633568509224e-18
351,G-,0.960964999931837,0.0010306099811002731,true,0,-4.676468901790992e-18
352,G+,0.960964999931837,0.001033746655096478,true,0,-6.227809744687243e-18
353,G-,0.960964999931837,0.0009446879161626489,true,0,-4.307797811498558e-18
354,G+,0.9709650006727549,0.032071932014807784,true,0,-5.1945453947124326e-18
355,G-,0.9509650006727549,0.02437425358336795,true,0,-5.1945453947124326e-18
356,G+,0.9609650006727549,0.0013265053787036398,true,0,-4.869592413764973e-18
357,G-,0.9609650006727549,0.0020000622776954313,true,0,-5.2075585597194385e-18
358,G+,0.9609650006727549,0.00115258269478331,true,0,-5.082197683525802e-18
359,G-,0.9609650006727549,0.0011734596518585675,true,0,-8.343274530454858e-18
360,G+,0.9609650006727549,0.0015227521688170212,true,0,-7.887570804832045e-18
361,G-,0.9609650006727549,0.002078734160042214,true,0,-8.333533651561434e-18
362,G+,0.9609650006727549,0.00097979228331127,true,0,-8.366144420030724e-18
363,G-,0.9609650006727549,0.001056216646200706,true,0,-7.116770822830631e-18
364,G+,0.9609650006727549,0.0011660555191844594,true,0,-4.994953289958609e-18
365,G-,0.9609650006727549,0.0008946614495551593,true,0,-7.991755857344324e-18
366,G+,0.9609650006727549,0.0010702699349735862,true,0,-7.342081586800275e-18
367,G-,0.9609650006727549,0.001110125513230137,true,0,-6.889765992966479e-18
368,G+,0.9609650006727549,0.0010902386698877075,true,0,-5.727636789333579e-18
369,G-,0.9609650006727549,0.0009622412068925844,true,0,-7.872324211781467e-18
370,G+,0.9609650006727549,0.001074933449586137,true,0,-9.01920682236379e-18
371,G-,0.9609650006727549,0.0009421915116117182,true,0,-9.199624840128956e-18
372,G+,0.9609650006727549,0.0016709808909688617,true,0,-8.599501996999284e-18
373,G-,0.9609650006727549,0.0016182163407265414,true,0,-8.755779575767703e-18
374,G+,0.9609650006727549,0.0011721267043123002,true,0,-5.727636789333579e-18
375,G-,0.9609650006727549,0.0010435632695900614,true,0,-7.72324641306471e-18
376,G+,0.9609650006727549,0.0018705955178008136,true,0,-5.486232399366103e-18
377,G-,0.9609650006727549,0.0016727499533558743,true,0,-6.152847328855238e-18
378,G+,0.9609650006727549,0.0010258074269186039,true,0,-5.5434071233057686e-18
379,G-,0.9609650006727549,0.0010024349623865866,true,0,-9.525732524821862e-18
380,G+,0.9609650006727549,0.0009952466394386721,true,0,-7.931616518089268e-18
381,G-,0.9609650006727549,0.0009951219472439136,true,0,-6.02918051855611e-18
382,G+,0.9609650006727549,0.0009629504221357709,true,0,-9.124238907823323e-18
383,G-,0.9609650006727549,0.0010306100545829935,true,0,-1.0032258227279933e-17
384,G+,0.9609650006727549,0.0010337472147208177,true,0,-6.271220183234026e-18
385,G-,0.9609650006727549,0.0009446879392232623,true,0,-9.376442967868291e-18
386,G+,0.9709650003722952,0.032071929808001096,true,0,-7.947490475935679e-18
387,G-,0.9509650003722951,0.024374253017281286,true,0,-7.947490475935679e-18
388,G+,0.9609650003722952,0.001326508160136249,true,0,-1.0511678875425867e-17
389,G-,0.9609650003722952,0.0020000566321246444,true,0,-9.335997144636898e-18
390,G+,0.9609650003722952,0.001152583094280258,true,0,-7.356481146903598e-18
391,G-,0.9609650003722952,0.0011734565531251193,true,0,-9.40121868157548e-18
392,G+,0.9609650003722952,0.001522754708286805,true,0,-6.078731945970486e-18
393,G-,0.9609650003722952,0.002078728935669165,true,0,-1.0416811185333386e-17
394,G+,0.9609650003722952,0.000979791093141946,true,0,-7.335728839695868e-18
395,G-,0.9609650003722952,0.001056214973876933,true,0,-9.593071644128578e-18
396,G+,0.9609650003722952,0.0011660535691097077,true,0,-6.5102952325965524e-18
397,G-,0.9609650003722952,0.0008946606655306899,true,0,-9.621447247861598e-18
398,G+,0.9609650003722952,0.00107026800837895,true,0,-8.273817828780006e-18
399,G-,0.9609650003722952,0.001110124699313022,true,0,-7.362410377534379e-18
400,G+,0.9609650003722952,0.001090236871685357,true,0,-1.0101714928954786e-17
401,G-,0.9609650003722952,0.0009622401211921653,true,0,-8.639736061993863e-18
402,G+,0.9609650003722952,0.0010749318973141038,true,0,-9.076805062777082e-18
403,G-,0.9609650003722952,0.0009421902391410896,true,0,-5.879255686892099e-18
404,G+,0.9609650003722952,0.0016709760441247833,true,0,-5.866550192683284e-18
405,G-,0.9609650003722952,0.0016182185085912406,true,0,-1.1057168093457637e-17
406,G+,0.9609650003722952,0.001172124212121497,true,0,-1.0979241062310241e-17
407,G-,0.9609650003722952,0.0010435630936755796,true,0,-9.078499128671591e-18
408,G+,0.9609650003722952,0.0018705913173423518,true,0,-4.9822477957497946e-18
409,G-,0.9609650003722952,0.0016727518739374767,true,0,-1.0719201947503171e-17
410,G+,0.9609650003722952,0.001025805581758014,true,0,-9.373054836079274e-18
411,G-,0.9609650003722952,0.0010024338695926345,true,0,-5.646745142870793e-18
412,G+,0.9609650003722952,0.0009952450774985847,true,0,-8.772720234712789e-18
413,G-,0.9609650003722952,0.0009951206938302389,true,0,-1.0519302171951156e-17
414,G+,0.9609650003722952,0.0009629489250518536,true,0,-1.0015317568334847e-17
415,G-,0.9609650003722952,0.0010306087268231066,true,0,-6.398486883558985e-18
416,G+,0.9609650003722952,0.0010337456546607785,true,0,-9.95390767965891e-18
417,G-,0.9609650003722952,0.000944686694112883,true,0,-6.815862368318541e-18
418,G+,0.9709650008065285,0.032071932594953355,true,0,-5.2412828679856935e-18
419,G-,0.9509650008065285,0.02437425278432976,true,0,-5.2412828679856935e-18
420,G+,0.9609650008065285,0.001326507327546732,true,0,-7.793550147686817e-18
421,G-,0.9609650008065285,0.0020000597573058385,true,0,-7.081195439045951e-18
422,G+,0.9609650008065285,0.0011525833944635191,true,0,-5.6251458027158086e-18
423,G-,0.9609650008065285,0.001173458556893154,true,0,-9.995835810547998e-18
424,G+,0.9609650008065285,0.0015227545614383384,true,0,-7.602120701607346e-18
425,G-,0.9609650008065285,0.002078731324639407,true,0,-7.719011248328439e-18
426,G+,0.9609650008065285,0.0009797923473698522,true,0,-9.123391874876069e-18
427,G-,0.9609650008065285,0.0010562161407032583,true,0,-8.159468380900675e-18
428,G+,0.9609650008065285,0.0011660552980734874,true,0,-5.039846036163087e-18
429,G-,0.9609650008065285,0.0008946612619737329,true,0,-9.733255596899165e-18
430,G+,0.9609650008065285,0.001070269621600255,true,0,-5.1482662534116375e-18
431,G-,0.9609650008065285,0.0011101254332228122,true,0,-5.498937893574918e-18
432,G+,0.9609650008065285,0.0010902385226298694,true,0,-7.902817397882622e-18
433,G-,0.9609650008065285,0.0009622409445234604,true,0,-7.015126869160115e-18
434,G+,0.9609650008065285,0.0010749332284685584,true,0,-9.066640667410031e-18
435,G-,0.9609650008065285,0.0009421913212135856,true,0,-7.176910162085687e-18
436,G+,0.9609650008065285,0.0016709782878568753,true,0,-7.460666199415877e-18
437,G-,0.9609650008065285,0.0016182185435523852,true,0,-7.150228624247176e-18
438,G+,0.9609650008065285,0.001172125704700531,true,0,-8.636347930204846e-18
439,G-,0.9609650008065285,0.001043563954796179,true,0,-7.745269269693322e-18
440,G+,0.9609650008065285,0.001870592751672386,true,0,-8.544868371901382e-18
441,G-,0.9609650008065285,0.0016727525797345694,true,0,-7.379351036479465e-18
442,G+,0.9609650008065285,0.0010258070043125084,true,0,-4.559366596833085e-18
443,G-,0.9609650008065285,0.0010024349228844975,true,0,-6.445708970368412e-18
444,G+,0.9609650008065285,0.0009952465160210737,true,0,-7.252719610864947e-18
445,G-,0.9609650008065285,0.000995121664069874,true,0,-7.48988883609615e-18
446,G+,0.9609650008065285,0.0009629502783486107,true,0,-8.963302647845006e-18
447,G-,0.9609650008065285,0.001030609795243412,true,0,-6.863507971601596e-18
448,G+,0.9609650008065285,0.001033747077370437,true,0,-6.607704021530797e-18
449,G-,0.9609650008065285,0.0009446876683005261,true,0,-8.198008380000746e-18
450,G+,0.9709650010170665,0.03207193481817812,true,0,-6.4648840703302025e-18
451,G-,0.9509650010170665,0.02437425174646366,true,0,-6.4648840703302025e-18
452,G+,0.9609650010170665,0.0013265058845801894,true,0,-4.71543241736469e-18
453,G-,0.9609650010170665,0.0020000621233785174,true,0,-5.2693919648690024e-18
454,G+,0.9609650010170665,0.0011525831001771396,true,0,-7.563157186033648e-18
455,G-,0.9609650010170665,0.001173459599513387,true,0,-6.095249088441945e-18
456,G+,0.9609650010170665,0.0015227527620185596,true,0,-5.570512177617906e-18
457,G-,0.9609650010170665,0.0020787339393076843,true,0,-6.853767092708171e-18
458,G+,0.9609650010170665,0.0009797926826161812,true,0,-5.099561858944515e-18
459,G-,0.9609650010170665,0.0010562165969097363,true,0,-7.227308622447318e-18
460,G+,0.9609650010170665,0.0011660557127157927,true,0,-7.793550147686817e-18
461,G-,0.9609650010170665,0.0008946616118128589,true,0,-6.576363802482388e-18
462,G+,0.9609650010170665,0.0010702697416876557,true,0,-1.099279358946631e-17
463,G-,0.9609650010170665,0.0011101260694994692,true,0,-7.653789711389858e-18
464,G+,0.9609650010170665,0.0010902389111008138,true,0,-5.481997234629832e-18
465,G-,0.9609650010170665,0.0009622413158639759,true,0,-7.157428404298838e-18
466,G+,0.9609650010170665,0.0010749335716358087,true,0,-5.683591076076355e-18
467,G-,0.9609650010170665,0.0009421917448558815,true,0,-7.95363937471788e-18
468,G+,0.9609650010170665,0.0016709804689606959,true,0,-6.075343814181469e-18
469,G-,0.9609650010170665,0.0016182171593251474,true,0,-7.543675428246799e-18
470,G+,0.9609650010170665,0.0011721268083065015,true,0,-6.201975239795987e-18
471,G-,0.9609650010170665,0.001043563553653413,true,0,-7.304812137121086e-18
472,G+,0.9609650010170665,0.001870595040632546,true,0,-7.786773884108783e-18
473,G-,0.9609650010170665,0.0016727508555992982,true,0,-1.0112726357269092e-17
474,G+,0.9609650010170665,0.001025807667497731,true,0,-7.098136097991037e-18
475,G-,0.9609650010170665,0.0010024350878451572,true,0,-3.865223096558186e-18
476,G+,0.9609650010170665,0.000995247019756912,true,0,-5.9681941463538e-18
477,G-,0.9609650010170665,0.0009951219303310532,true,0,-7.591956306240294e-18
478,G+,0.9609650010170665,0.0009629507575245257,true,0,-6.0901668907584194e-18
479,G-,0.9609650010170665,0.0010306100953781088,true,0,-7.847760256311093e-18
480,G+,0.9609650010170665,0.0010337475671137574,true,0,-4.835922854111614e-18
481,G-,0.9609650010170665,0.0009446879444502157,true,0,-3.285217285925804e-18
482,G+,0.9709650009077891,0.032071932504298524,true,0,-6.2734851023020115e-18
483,G-,0.9509650009077891,0.02437425411303213,true,0,-6.2734851023020115e-18
484,G+,0.9609650009077891,0.0013265047287249541,true,0,-6.2367035906334134e-18
485,G-,0.9609650009077891,0.0020000639574793092,true,0,-5.527737013781564e-18
486,G+,0.9609650009077891,0.0011525826634999007,true,0,-6.9194121461203795e-18
487,G-,0.9609650009077891,0.0011734606368860488,true,0,-4.4714869285554515e-18
488,G+,0.9609650009077891,0.0015227515328825885,true,0,-8.689711005881867e-18
489,G-,0.9609650009077891,0.002078735785505234,true,0,-5.713660745703883e-18
490,G+,0.9609650009077891,0.0009797927748483877,true,0,-6.35909985151166e-18
491,G-,0.9609650009077891,0.001056217163685997,true,0,-6.604739406215407e-18
492,G+,0.9609650009077891,0.0011660562061173798,true,0,-6.88807192707197e-18
493,G-,0.9609650009077891,0.0008946617303368905,true,0,-4.835711095874801e-18
494,G+,0.9609650009077891,0.0010702705708753625,true,0,-5.675120746603812e-18
495,G-,0.9609650009077891,0.0011101258558416825,true,0,-5.800481622797449e-18
496,G+,0.9609650009077891,0.0010902393311264461,true,0,-4.675621868843738e-18
497,G-,0.9609650009077891,0.0009622415701870109,true,0,-6.35613523619627e-18
498,G+,0.9609650009077891,0.0010749339860519937,true,0,-4.8890741715518216e-18
499,G-,0.9609650009077891,0.0009421919776396734,true,0,-7.554686856561105e-18
500,G+,0.9609650009077891,0.0016709822502250656,true,0,-8.642700677309254e-18
501,G-,0.9609650009077891,0.0016182159721151222,true,0,-4.865780765502328e-18
502,G+,0.9609650009077891,0.001172127508686093,true,0,-5.256686470660188e-18
503,G-,0.9609650009077891,0.0010435634395926272,true,0,-6.354441170301761e-18
504,G+,0.9609650009077891,0.0018705967444757868,true,0,-3.0416953135901925e-18
505,G-,0.9609650009077891,0.0016727496117749689,true,0,-6.598386659111e-18
506,G+,0.9609650009077891,0.001025808071208437,true,0,-8.400025737920896e-18
507,G-,0.9609650009077891,0.0010024353564998042,true,0,-7.593438613897989e-18
508,G+,0.9609650009077891,0.000995247239776042,true,0,-5.576441408248686e-18
509,G-,0.9609650009077891,0.0009951223475304343,true,0,-5.660297670026862e-18
510,G+,0.9609650009077891,0.000962950980223044,true,0,-4.848416590083615e-18
511,G-,0.9609650009077891,0.0010306105006111714,true,0,-7.447960705207063e-18
512,G+,0.9609650009077891,0.0010337478061138562,true,0,-7.815784762552243e-18
513,G-,0.9609650009077891,0.0009446883436112141,true,0,-4.3842425349882586e-18
514,G+,0.9709650012667291,0.03207193058844396,true,0,-7.722721776992373e-18
515,G-,0.9509650012667291,0.0243742562072127,true,0,-7.722721776992373e-18
516,G+,0.9609650012667291,0.001326506504834916,true,0,-8.77102616881828e-18
517,G-,0.9609650012667291,0.0020000625074265686,true,0,-7.896041134304588e-18
518,G+,0.9609650012667291,0.0011525833338170686,true,0,-8.193349698790847e-18
519,G-,0.9609650012667291,0.0011734603935770935,true,0,-7.120158954619649e-18
520,G+,0.9609650012667291,0.0015227537167112398,true,0,-8.702416500090682e-18
521,G-,0.9609650012667291,0.0020787340633344276,true,0,-5.9775115087735975e-18
522,G+,0.9609650012667291,0.0009797932509878556,true,0,-7.73383432490539e-18
523,G-,0.9609650012667291,0.0010562171280053486,true,0,-8.884105067276729e-18
524,G+,0.9609650012667291,0.0011660566586499798,true,0,-8.458471011281443e-18
525,G-,0.9609650012667291,0.0008946617058942409,true,0,-6.987174781900723e-18
526,G+,0.9609650012667291,0.0010702711567513485,true,0,-7.209944447028604e-18
527,G-,0.9609650012667291,0.0011101257410107463,true,0,-6.5052130349130266e-18
528,G+,0.9609650012667291,0.0010902398460033492,true,0,-6.881295663493936e-18
529,G-,0.9609650012667291,0.0009622415736655192,true,0,-7.975662231346492e-18
530,G+,0.9609650012667291,0.0010749342870612498,true,0,-9.185225280025633e-18
531,G-,0.9609650012667291,0.0009421921544866478,true,0,-7.951945308823372e-18
532,G+,0.9609650012667291,0.0016709804563696997,true,0,-9.15303802802997e-18
533,G-,0.9609650012667291,0.0016182182671319121,true,0,-6.418815674293088e-18
534,G+,0.9609650012667291,0.001172127037421308,true,0,-7.030373462210693e-18
535,G-,0.9609650012667291,0.001043564493249529,true,0,-8.26873563109648e-18
536,G+,0.9609650012667291,0.0018705947658443417,true,0,-5.249063174134899e-18
537,G-,0.9609650012667291,0.001672752328104192,true,0,-9.736643728688182e-18
538,G+,0.9609650012667291,0.001025808132447168,true,0,-5.059327793949936e-18
539,G-,0.9609650012667291,0.0010024357365104699,true,0,-7.989426516739374e-18
540,G+,0.9609650012667291,0.0009952475947167844,true,0,-5.182571087775437e-18
541,G-,0.9609650012667291,0.0009951224686745766,true,0,-7.379774552953092e-18
542,G+,0.9609650012667291,0.0009629512636166465,true,0,-9.272469673592826e-18
543,G-,0.9609650012667291,0.0010306106898238133,true,0,-4.1555436392295975e-18
544,G+,0.9609650012667291,0.0010337481448214675,true,0,-4.7660426359631344e-18
545,G-,0.9609650012667291,0.0009446884759017468,true,0,-7.700164765252031e-18
546,G+,0.9709650011308949,0.03207192976348257,true,0,-3.5001985849422165e-18
547,G-,0.9509650011308949,0.024374255186365715,true,0,-3.5001985849422165e-18
548,G+,0.9609650011308949,0.001326509521632131,true,0,-5.96226491572302e-18
549,G-,0.9609650011308949,0.0020000574243481625,true,0,-4.63665835327004e-18
550,G+,0.9609650011308949,0.0011525841019351224,true,0,-6.425591937871122e-18
551,G-,0.9609650011308949,0.0011734578833551498,true,0,-3.615136618881354e-18
552,G+,0.9609650011308949,0.0015227572954729827,true,0,-5.917372169518542e-18
553,G-,0.9609650011308949,0.0020787286186047253,true,0,-5.130478561519297e-18
554,G+,0.9609650011308949,0.0009797926017123542,true,0,-6.949481815747907e-18
555,G-,0.9609650011308949,0.0010562159131574436,true,0,-9.110686380667254e-18
556,G+,0.9609650011308949,0.0011660555137321406,true,0,-6.54332951753947e-18
557,G-,0.9609650011308949,0.0008946610745816285,true,0,-3.6142895859340995e-18
558,G+,0.9609650011308949,0.0010702701267899894,true,0,-4.841640326505581e-18
559,G-,0.9609650011308949,0.0011101249973927074,true,0,-3.672734859294646e-18
560,G+,0.9609650011308949,0.001090238802234193,true,0,-6.894848190650005e-18
561,G-,0.9609650011308949,0.0009622407760507134,true,0,-5.563312397566245e-18
562,G+,0.9609650011308949,0.001074933343388123,true,0,-3.632924310773694e-18
563,G-,0.9609650011308949,0.0009421912777360643,true,0,-6.299384028730232e-18
564,G+,0.9609650011308949,0.0016709757408144594,true,0,-6.003769530138481e-18
565,G-,0.9609650011308949,0.0016182211620514658,true,0,-5.36934185264501e-18
566,G+,0.9609650011308949,0.001172124781296444,true,0,-7.049008187050287e-18
567,G-,0.9609650011308949,0.0010435650689108638,true,0,-6.1494591970662205e-18
568,G+,0.9609650011308949,0.0018705899754662928,true,0,-3.897198590317036e-18
569,G-,0.9609650011308949,0.0016727557414619688,true,0,-5.214334823297473e-18
570,G+,0.9609650011308949,0.0010258067508556222,true,0,-8.402143320289032e-18
571,G-,0.9609650011308949,0.0010024351863803307,true,0,-5.468444707473763e-18
572,G+,0.9609650011308949,0.0009952465881662253,true,0,-5.4447277849506426e-18
573,G-,0.9609650011308949,0.0009951216593828017,true,0,-8.748156279242414e-18
574,G+,0.9609650011308949,0.0009629502982650409,true,0,-3.948020567152294e-18
575,G-,0.9609650011308949,0.001030609834218069,true,0,-6.61024512037256e-18
576,G+,0.9609650011308949,0.0010337471430261168,true,0,-8.54592716308545e-18
577,G-,0.9609650011308949,0.0009446876678677611,true,0,-6.337500511356675e-18
578,G+,0.9709650009082654,0.03207193123327497,true,0,-5.114648996776152e-18
579,G-,0.9509650009082654,0.02437425412002538,true,0,-5.114648996776152e-18
580,G+,0.9609650009082654,0.0013265066268005323,true,0,-6.091860956652928e-18
581,G-,0.9609650009082654,0.0020000608073752115,true,0,-6.284137435679654e-18
582,G+,0.9609650009082654,0.0011525831178661775,true,0,-6.51961259501635e-18
583,G-,0.9609650009082654,0.0011734591316557926,true,0,-5.44811591673966e-18
584,G+,0.9609650009082654,0.0015227537889532304,true,0,-4.836558128822055e-18
585,G-,0.9609650009082654,0.0020787324073659507,true,0,-5.504443607732071e-18
586,G+,0.9609650009082654,0.0009797923709254177,true,0,-9.199201323655329e-18
587,G-,0.9609650009082654,0.0010562164463552022,true,0,-6.567893473009845e-18
588,G+,0.9609650009082654,0.0011660555423620574,true,0,-6.7838868745596914e-18
589,G-,0.9609650009082654,0.0008946613235437228,true,0,-6.163011724222289e-18
590,G+,0.9609650009082654,0.0010702700730028179,true,0,-5.1059146060489224e-18
591,G-,0.9609650009082654,0.0011101252885458005,true,0,-6.847414345603764e-18
592,G+,0.9609650009082654,0.0010902387275505368,true,0,-6.844026213814747e-18
593,G-,0.9609650009082654,0.0009622410753752766,true,0,-5.6615682194477435e-18
594,G+,0.9609650009082654,0.0010749334377566355,true,0,-7.837595860944041e-18
595,G-,0.9609650009082654,0.000942191434602369,true,0,-6.60431588974178e-18
596,G+,0.9609650009082654,0.0016709793270935497,true,0,-5.770835469643548e-18
597,G-,0.9609650009082654,0.0016182178004465557,true,0,-6.223574579950972e-18
598,G+,0.9609650009082654,0.0011721260965359814,true,0,-6.991409946636995e-18
599,G-,0.9609650009082654,0.0010435638502834105,true,0,-5.807257886375483e-18
600,G+,0.9609650009082654,0.00187059377165074,true,0,-5.382894379801079e-18
601,G-,0.9609650009082654,0.00167275177511256,true,0,-6.365452598616067e-18
602,G+,0.9609650009082654,0.0010258072144364572,true,0,-5.754530085408903e-18
603,G-,0.9609650009082654,0.001002435049353128,true,0,-7.802443993632988e-18
604,G+,0.9609650009082654,0.000995246613757447,true,0,-6.006310628980244e-18
605,G-,0.9609650009082654,0.0009951218829223553,true,0,-4.030182763035961e-18
606,G+,0.9609650009082654,0.000962950375839266,true,0,-7.8198081690517e-18
607,G-,0.9609650009082654,0.0010306100079711133,true,0,-6.394251718822713e-18
608,G+,0.9609650009082654,0.0010337471857219452,true,0,-5.899160961152575e-18
609,G-,0.9609650009082654,0.0009446878775026892,true,0,-8.830741991599708e-18
610,G+,0.9709650016950289,0.03207192742100255,true,0,-7.185192249807737e-18
611,G-,0.9509650016950288,0.024374257431053908,true,0,-7.185192249807737e-18
612,G+,0.9609650016950289,0.0013265055296392066,true,0,-7.150652140720803e-18
613,G-,0.9609650016950289,0.002000062304716649,true,0,-9.335997144636898e-18
614,G+,0.9609650016950289,0.0011525825550906016,true,0,-7.568239383717174e-18
615,G-,0.9609650016950289,0.0011734599632713422,true,0,-7.03376159399971e-18
616,G+,0.9609650016950289,0.0015227523653418692,true,0,-5.143184055728112e-18
617,G-,0.9609650016950289,0.002078734171999846,true,0,-8.80660155260296e-18
618,G+,0.9609650016950289,0.0009797922797576597,true,0,-5.2643097671854766e-18
619,G-,0.9609650016950289,0.0010562168516598113,true,0,-6.293031281625824e-18
620,G+,0.9609650016950289,0.001166055791276741,true,0,-8.007002450394901e-18
621,G-,0.9609650016950289,0.0008946613623524543,true,0,-7.032914561052456e-18
622,G+,0.9609650016950289,0.0010702708165857815,true,0,-6.965998958219366e-18
623,G-,0.9609650016950289,0.0011101248389526193,true,0,-4.828087799349512e-18
624,G+,0.9609650016950289,0.0010902389348576428,true,0,-9.646011203331972e-18
625,G-,0.9609650016950289,0.0009622411975464945,true,0,-4.521461872443455e-18
626,G+,0.9609650016950289,0.0010749336670832028,true,0,-8.182338270476541e-18
627,G-,0.9609650016950289,0.0009421915158899471,true,0,-5.618369539137774e-18
628,G+,0.9609650016950289,0.0016709809035235913,true,0,-5.570935694091533e-18
629,G-,0.9609650016950289,0.0016182165341436425,true,0,-9.23477670744001e-18
630,G+,0.9609650016950289,0.0011721266216561798,true,0,-9.205554070759736e-18
631,G-,0.9609650016950289,0.0010435635955270554,true,0,-4.521461872443455e-18
632,G+,0.9609650016950289,0.0018705955219883244,true,0,-1.0615016894990892e-17
633,G-,0.9609650016950289,0.0016727502170601274,true,0,-7.50640597856761e-18
634,G+,0.9609650016950289,0.0010258074288893853,true,0,-6.7982864346630145e-18
635,G-,0.9609650016950289,0.001002435159206435,true,0,-8.68039364346207e-18
636,G+,0.9609650016950289,0.0009952466335269752,true,0,-5.985134805298886e-18
637,G-,0.9609650016950289,0.0009951221608167412,true,0,-5.928807114306475e-18
638,G+,0.9609650016950289,0.000962950379428046,true,0,-8.163703545636947e-18
639,G-,0.9609650016950289,0.0010306102831747833,true,0,-5.513337453678241e-18
640,G+,0.9609650016950289,0.0010337472223197022,true,0,-8.551432877242603e-18
641,G-,0.9609650016950289,0.0009446881419990537,true,0,-9.266116926488419e-18
642,G+,0.9709650015186195,0.03207193109806967,true,0,-8.699708226754652e-18
643,G-,0.9509650015186195,0.024374253831550226,true,0,-8.699708226754652e-18
644,G+,0.9609650015186195,0.001326506670608167,true,0,-6.999880276109538e-18
645,G-,0.9609650015186195,0.0020000604132272425,true,0,-6.347664906723727e-18
646,G+,0.9609650015186195,0.0011525830587019038,true,0,-7.329376092591461e-18
647,G-,0.9609650015186195,0.0011734588454102755,true,0,-8.372920683608759e-18
648,G+,0.9609650015186195,0.0015227537777225799,true,0,-7.123970602882293e-18
649,G-,0.9609650015186195,0.0020787320642124164,true,0,-8.022249043445479e-18
650,G+,0.9609650015186195,0.0009797921798515978,true,0,-6.4315211685019025e-18
651,G-,0.9609650015186195,0.0010562162714681655,true,0,-6.699183579834261e-18
652,G+,0.9609650015186195,0.0011660552808879187,true,0,-7.607202899290871e-18
653,G-,0.9609650015186195,0.0008946612409478914,true,0,-8.824389244495301e-18
654,G+,0.9609650015186195,0.0010702698816635174,true,0,-6.188422712639918e-18
655,G-,0.9609650015186195,0.0011101251298612173,true,0,-6.596692593216491e-18
656,G+,0.9609650015186195,0.0010902384816471786,true,0,-9.596883292391223e-18
657,G-,0.9609650015186195,0.0009622409465174904,true,0,-7.440337408681774e-18
658,G+,0.9609650015186195,0.0010749332380774693,true,0,-6.3468178737764724e-18
659,G-,0.9609650015186195,0.0009421912717672667,true,0,-7.361563344587124e-18
660,G+,0.9609650015186195,0.0016709790498149483,true,0,-7.549604658877579e-18
661,G-,0.9609650015186195,0.0016182177239470786,true,0,-7.568239383717174e-18
662,G+,0.9609650015186195,0.0011721258717648756,true,0,-9.739184827529945e-18
663,G-,0.9609650015186195,0.0010435637175222195,true,0,-7.728328610748236e-18
664,G+,0.9609650015186195,0.0018705935682296715,true,0,-9.650246368068244e-18
665,G-,0.9609650015186195,0.0016727516397432739,true,0,-4.7281379115735045e-18
666,G+,0.9609650015186195,0.0010258070058089053,true,0,-7.45071356228564e-18
667,G-,0.9609650015186195,0.0010024348849187938,true,0,-8.278264751753091e-18
668,G+,0.9609650015186195,0.0009952463993404786,true,0,-8.663452984516984e-18
669,G-,0.9609650015186195,0.0009951217338781176,true,0,-6.394251718822713e-18
670,G+,0.9609650015186195,0.0009629501624469317,true,0,-6.55518797880103e-18
671,G-,0.9609650015186195,0.0010306098533925082,true,0,-7.18538049155823e-18
672,G+,0.9609650015186195,0.0010337469719220083,true,0,-7.59767377863426e-18
673,G-,0.9609650015186195,0.000944687730229808,true,0,-8.137445524272063e-18
674,G+,0.970965002796082,0.032071933149576556,true,0,-6.5971667163415e-18
675,G-,0.950965002796082,0.024374252390852967,true,0,-6.5971667163415e-18
676,G+,0.960965002796082,0.0013265034450307006,true,0,-7.035455659894219e-18
677,G-,0.960965002796082,0.002000064390472479,true,0,-4.653599012215126e-18
678,G+,0.960965002796082,0.001152582018631422,true,0,-7.198933018714299e-18
679,G-,0.960965002796082,0.0011734603435749702,true,0,-5.554842068093702e-18
680,G+,0.960965002796082,0.0015227498102319374,true,0,-5.2837915249723255e-18
681,G-,0.960965002796082,0.0020787365412192928,true,0,-7.580097844978734e-18
682,G+,0.960965002796082,0.0009797920819268663,true,0,-7.613132129921651e-18
683,G-,0.960965002796082,0.001056216871152179,true,0,-6.0872022754430294e-18
684,G+,0.960965002796082,0.0011660554060512688,true,0,-7.013432803265607e-18
685,G-,0.960965002796082,0.0008946616030490121,true,0,-5.674273713656558e-18
686,G+,0.960965002796082,0.0010702699226166255,true,0,-7.604661800449108e-18
687,G-,0.960965002796082,0.001110125537266555,true,0,-7.025291264527167e-18
688,G+,0.960965002796082,0.001090238530663047,true,0,-6.6627611631023265e-18
689,G-,0.960965002796082,0.0009622413180117346,true,0,-7.113382691041614e-18
690,G+,0.960965002796082,0.0010749334087419911,true,0,-8.214525522472205e-18
691,G-,0.960965002796082,0.0009421915551450964,true,0,-4.738302306940556e-18
692,G+,0.960965002796082,0.0016709831294029701,true,0,-4.6912919783679424e-18
693,G-,0.960965002796082,0.0016182141031625798,true,0,-6.987174781900723e-18
694,G+,0.960965002796082,0.0011721274533377337,true,0,-6.8067567641355575e-18
695,G-,0.960965002796082,0.0010435624336235815,true,0,-6.915176981384108e-18
696,G+,0.960965002796082,0.0018705979268351053,true,0,-5.21772295508649e-18
697,G-,0.960965002796082,0.001672747291213724,true,0,-9.140332533821155e-18
698,G+,0.960965002796082,0.0010258076572061104,true,0,-6.063061836446282e-18
699,G-,0.960965002796082,0.0010024347756665865,true,0,-6.690289733888091e-18
700,G+,0.960965002796082,0.0009952465994852407,true,0,-6.730100282409043e-18
701,G-,0.960965002796082,0.000995121984561023,true,0,-6.566622923588963e-18
702,G+,0.960965002796082,0.0009629503665677044,true,0,-8.632959798415829e-18
703,G-,0.960965002796082,0.0010306100989444704,true,0,-5.013588014798204e-18
704,G+,0.960965002796082,0.0010337471744551099,true,0,-5.9182192024657965e-18
705,G-,0.960965002796082,0.0009446879807576922,true,0,-5.812763600532636e-18
706,G+,0.9709650053263595,0.03207193474376743,true,0,-5.334353107935691e-18
707,G-,0.9509650053263595,0.024374248349284783,true,0,-5.334353107935691e-18
708,G+,0.9609650053263595,0.0013265074976664462,true,0,-3.4194720080656105e-18
709,G-,0.9609650053263595,0.002000057329545711,true,0,-2.002385887309166e-18
710,G+,0.9609650053263595,0.0011525831446405727,true,0,-3.617677717723117e-18
711,G-,0.9609650053263595,0.0011734566077201902,true,0,-5.581100089458585e-18
712,G+,0.9609650053263595,0.0015227545155390907,true,0,-7.002421374951301e-18
713,G-,0.9609650053263595,0.002078729058065837,true,0,-5.645898109923539e-18
714,G+,0.9609650053263595,0.0009797912131149374,true,0,-7.696141358752573e-18
715,G-,0.9609650053263595,0.0010562149264209798,true,0,-6.425168421397495e-18
716,G+,0.9609650053263595,0.001166053560619225,true,0,-3.970043423780906e-18
717,G-,0.9609650053263595,0.0008946608096734086,true,0,-5.842833270160164e-18
718,G+,0.9609650053263595,0.0010702680622986058,true,0,-7.692753226963556e-18
719,G-,0.9609650053263595,0.0011101247521638504,true,0,-6.9168710472786166e-18
720,G+,0.9609650053263595,0.0010902369005173454,true,0,-5.082197683525802e-18
721,G-,0.9609650053263595,0.0009622401388764977,true,0,-6.173176119589341e-18
722,G+,0.9609650053263595,0.0010749318905349736,true,0,-5.759824041329242e-18
723,G-,0.9609650053263595,0.0009421903287694232,true,0,-3.7667555164398736e-18
724,G+,0.9609650053263595,0.0016709765116796184,true,0,-6.716971271726602e-18
725,G-,0.9609650053263595,0.0016182180312038768,true,0,-5.72297810812368e-18
726,G+,0.9609650053263595,0.001172124318584102,true,0,-4.0538996855590814e-18
727,G-,0.9609650053263595,0.001043563029920338,true,0,-5.443033719056134e-18
728,G+,0.9609650053263595,0.0018705913068475049,true,0,-3.621912882459388e-18
729,G-,0.9609650053263595,0.0016727517997875967,true,0,-1.666960840196463e-18
730,G+,0.9609650053263595,0.0010258057321805869,true,0,-6.254914798999381e-18
731,G-,0.9609650053263595,0.0010024338086330163,true,0,-1.9109063290057016e-18
732,G+,0.9609650053263595,0.0009952452376579685,true,0,-6.918141596699498e-18
733,G-,0.9609650053263595,0.0009951206115356764,true,0,-6.429403586133767e-18
734,G+,0.9609650053263595,0.0009629489957463937,true,0,-6.072379198866079e-18
735,G-,0.9609650053263595,0.0010306087268808807,true,0,-4.440993742454297e-18
736,G+,0.9609650053263595,0.0010337457886842223,true,0,-7.050702252944796e-18
737,G-,0.9609650053263595,0.0009446866394823515,true,0,-1.6904660044827699e-18
738,G+,0.9709650023697808,0.0320719343204007,true,0,-4.382389183511458e-18
739,G-,0.9509650023697808,0.024374249691769236,true,0,-4.382389183511458e-18
740,G+,0.9609650023697808,0.001326509950623901,true,0,-5.852150632579961e-18
741,G-,0.9609650023697808,0.0020000553119889374,true,0,-6.2087515033740215e-18
742,G+,0.9609650023697808,0.0011525842023970133,true,0,-4.125897486075697e-18
743,G-,0.9609650023697808,0.0011734562180549676,true,0,-3.957337929572091e-18
744,G+,0.9609650023697808,0.0015227577732659647,true,0,-6.8152270936081005e-18
745,G-,0.9609650023697808,0.002078726437992358,true,0,-8.023096076392733e-18
746,G+,0.9609650023697808,0.0009797918887606998,true,0,-4.050935070243691e-18
747,G-,0.9609650023697808,0.0010562149409485775,true,0,-5.402799654061555e-18
748,G+,0.9609650023697808,0.001166054226195769,true,0,-4.357984513623375e-18
749,G-,0.9609650023697808,0.0008946607827071132,true,0,-4.670539671160212e-18
750,G+,0.9609650023697808,0.0010702684852967625,true,0,-7.279401148703457e-18
751,G-,0.9609650023697808,0.0011101250135224434,true,0,-6.576363802482388e-18
752,G+,0.9609650023697808,0.0010902375814720797,true,0,-4.916179225863959e-18
753,G-,0.9609650023697808,0.0009622402332162482,true,0,-6.447614794499734e-18
754,G+,0.9609650023697808,0.0010749323340978345,true,0,-6.345970840829218e-18
755,G-,0.9609650023697808,0.000942190601141395,true,0,-6.631420944053917e-18
756,G+,0.9609650023697808,0.0016709740375206992,true,0,-7.037149725788727e-18
757,G-,0.9609650023697808,0.0016182211863174259,true,0,-8.236548379100816e-18
758,G+,0.9609650023697808,0.001172123730844107,true,0,-5.497243827680409e-18
759,G-,0.9609650023697808,0.00104356444046587,true,0,-7.177757195032941e-18
760,G+,0.9609650023697808,0.0018705883442214127,true,0,-7.219261809448402e-18
761,G-,0.9609650023697808,0.0016727557518931048,true,0,-6.388322488191933e-18
762,G+,0.9609650023697808,0.0010258058478143865,true,0,-5.049163398582884e-18
763,G-,0.9609650023697808,0.0010024343734256673,true,0,-5.410634708823657e-18
764,G+,0.9609650023697808,0.000995245743396689,true,0,-4.411347589300396e-18
765,G-,0.9609650023697808,0.0009951208293343709,true,0,-5.763635689591887e-18
766,G+,0.9609650023697808,0.0009629494978863805,true,0,-6.014780958452787e-18
767,G-,0.9609650023697808,0.001030608966505449,true,0,-6.5246947926998755e-18
768,G+,0.9609650023697808,0.001033746287667957,true,0,-4.755242965885642e-18
769,G-,0.9609650023697808,0.0009446868542992351,true,0,-5.11819658378411e-18
770,G+,0.9709650014259693,0.03207193507046829,true,0,-4.862367571110103e-18
771,G-,0.9509650014259693,0.024374250411681904,true,0,-4.862367571110103e-18
772,G+,0.9609650014259693,0.001326507587554871,true,0,-8.715121994299496e-18
773,G-,0.9609650014259693,0.002000059221051756,true,0,-7.854536519889127e-18
774,G+,0.9609650014259693,0.0011525836013747983,true,0,-6.893154124755496e-18
775,G-,0.9609650014259693,0.001173458145869732,true,0,-4.216530011431907e-18
776,G+,0.9609650014259693,0.0015227550511477674,true,0,-4.7815009872505254e-18
777,G-,0.9609650014259693,0.00207873055631878,true,0,-6.320136335937962e-18
778,G+,0.9609650014259693,0.0009797923467854718,true,0,-8.79770770665679e-18
779,G-,0.9609650014259693,0.0010562159061535306,true,0,-6.712312590516703e-18
780,G+,0.9609650014259693,0.0011660551081387562,true,0,-6.938046870959974e-18
781,G-,0.9609650014259693,0.0008946612445098263,true,0,-3.951408698941311e-18
782,G+,0.9609650014259693,0.0010702692222624701,true,0,-8.06205959196643e-18
783,G-,0.9609650014259693,0.0011101256144009964,true,0,-7.242131699024268e-18
784,G+,0.9609650014259693,0.0010902383582790337,true,0,-8.036648603548802e-18
785,G-,0.9609650014259693,0.0009622408582170268,true,0,-5.4108464670604706e-18
786,G+,0.9609650014259693,0.0010749330625507336,true,0,-5.7547418436457165e-18
787,G-,0.9609650014259693,0.0009421912549849255,true,0,-5.177065373618284e-18
788,G+,0.9609650014259693,0.001670977697974189,true,0,-4.930155269493655e-18
789,G-,0.9609650014259693,0.0016182188814295605,true,0,-6.76779324856186e-18
790,G+,0.9609650014259693,0.0011721254616576238,true,0,-7.455584001732352e-18
791,G-,0.9609650014259693,0.0010435639703706544,true,0,-5.409152401165962e-18
792,G+,0.9609650014259693,0.0018705919917617454,true,0,-4.215682978484653e-18
793,G-,0.9609650014259693,0.0016727531142474023,true,0,-4.2995392402628285e-18
794,G+,0.9609650014259693,0.0010258068887006354,true,0,-4.594730222380952e-18
795,G-,0.9609650014259693,0.0010024348024080952,true,0,-2.6789534539285384e-18
796,G+,0.9609650014259693,0.000995246476509565,true,0,-7.927804869826624e-18
797,G-,0.9609650014259693,0.0009951214764428089,true,0,-6.044427111606687e-18
798,G+,0.9609650014259693,0.000962950231555117,true,0,-5.85977392910525e-18
799,G-,0.9609650014259693,0.0010306096215323634,true,0,-5.486232399366103e-18
800,G+,0.9609650014259693,0.001033747025726132,true,0,-4.3753486890420884e-18
801,G-,0.9609650014259693,0.0009446874917637781,true,0,-2.677682904507657e-18
802,G+,0.9709650019837207,0.03207193976352787,true,0,-6.662905628903839e-18
803,G-,0.9509650019837207,0.024374246992128798,true,0,-6.662905628903839e-18
804,G+,0.9609650019837207,0.001326505910514306,true,0,-7.464901364152149e-18
805,G-,0.9609650019837207,0.0020000615998636982,true,0,-7.289565544070509e-18
806,G+,0.9609650019837207,0.0011525833413850357,true,0,-9.499474503456978e-18
807,G-,0.9609650019837207,0.0011734589860433941,true,0,-9.811182628046561e-18
808,G+,0.9609650019837207,0.0015227532108735848,true,0,-8.88241100138222e-18
809,G-,0.9609650019837207,0.002078732955517964,true,0,-7.053243351786559e-18
810,G+,0.9609650019837207,0.0009797926260377125,true,0,-1.1577669839545404e-17
811,G-,0.9609650019837207,0.001056216226864834,true,0,-9.456275823147009e-18
812,G+,0.9609650019837207,0.0011660553487180174,true,0,-1.0115267456110855e-17
813,G-,0.9609650019837207,0.0008946615965972401,true,0,-9.812029660993815e-18
814,G+,0.9609650019837207,0.001070268963072553,true,0,-6.232468425897142e-18
815,G-,0.9609650019837207,0.0011101264405473626,true,0,-7.177757195032941e-18
816,G+,0.9609650019837207,0.0010902385720133701,true,0,-4.596000771801834e-18
817,G-,0.9609650019837207,0.0009622411871139329,true,0,-8.553338701373925e-18
818,G+,0.9609650019837207,0.001074933261760905,true,0,-9.833205484675173e-18
819,G-,0.9609650019837207,0.0009421916251080561,true,0,-8.151845084375386e-18
820,G+,0.9609650019837207,0.0016709798707232517,true,0,-9.023441987100062e-18
821,G-,0.9609650019837207,0.0016182172679172677,true,0,-6.904165553069802e-18
822,G+,0.9609650019837207,0.0011721265157806882,true,0,-4.450311104874094e-18
823,G-,0.9609650019837207,0.0010435633954956997,true,0,-4.4655576979246714e-18
824,G+,0.9609650019837207,0.001870594079587014,true,0,-7.561463120139139e-18
825,G-,0.9609650019837207,0.0016727513168522047,true,0,-6.417121608398579e-18
826,G+,0.9609650019837207,0.0010258074981038387,true,0,-7.446901914022995e-18
827,G-,0.9609650019837207,0.0010024348314805038,true,0,-8.592090458710809e-18
828,G+,0.9609650019837207,0.0009952469271068925,true,0,-1.0488808985850001e-17
829,G-,0.9609650019837207,0.00099512160272053,true,0,-7.062984230679983e-18
830,G+,0.9609650019837207,0.0009629506660496178,true,0,-1.0042422622646985e-17
831,G-,0.9609650019837207,0.0010306097804248344,true,0,-8.255183103940411e-18
832,G+,0.9609650019837207,0.0010337474562131252,true,0,-5.691637889075271e-18
833,G-,0.9609650019837207,0.0009446876334771034,true,0,-7.86597146467706e-18
834,G+,0.9709650019335666,0.03207194115293473,true,0,-9.648094173361351e-18
835,G-,0.9509650019335666,0.024374247088798134,true,0,-9.648094173361351e-18
836,G+,0.9609650019335666,0.0013265024171708539,true,0,-8.569432327371757e-18
837,G-,0.9609650019335666,0.0020000667640137533,true,0,-9.43086483472938e-18
838,G+,0.9609650019335666,0.0011525823560088737,true,0,-8.457623978334189e-18
839,G-,0.9609650019335666,0.0011734613254099498,true,0,-7.575015647295208e-18
840,G+,0.9609650019335666,0.0015227491068612994,true,0,-5.541289540937633e-18
841,G-,0.9609650019335666,0.0020787384911161735,true,0,-9.925108559452264e-18
842,G+,0.9609650019335666,0.0009797929876203945,true,0,-6.968963573534756e-18
843,G-,0.9609650019335666,0.001056217322188069,true,0,-9.980589217497421e-18
844,G+,0.9609650019335666,0.001166056176620057,true,0,-8.195043764685356e-18
845,G-,0.9609650019335666,0.0008946621517798903,true,0,-7.394597629530042e-18
846,G+,0.9609650019335666,0.0010702696464480457,true,0,-6.435756333238174e-18
847,G-,0.9609650019335666,0.0011101271186223997,true,0,-6.784733907506946e-18
848,G+,0.9609650019335666,0.0010902392779015863,true,0,-8.05020113070487e-18
849,G-,0.9609650019335666,0.0009622418863513434,true,0,-6.8406380820257295e-18
850,G+,0.9609650019335666,0.001074933970795979,true,0,-7.056631483575576e-18
851,G-,0.9609650019335666,0.0009421923184323132,true,0,-6.269737875576331e-18
852,G+,0.9609650019335666,0.001670984843044135,true,0,-5.60566404492896e-18
853,G-,0.9609650019335666,0.0016182136737986814,true,0,-5.624298769768554e-18
854,G+,0.9609650019335666,0.0011721287093282174,true,0,-8.048507064810362e-18
855,G-,0.9609650019335666,0.0010435624298674472,true,0,-6.54925874817025e-18
856,G+,0.9609650019335666,0.0018705991378733155,true,0,-6.417968641345834e-18
857,G-,0.9609650019335666,0.0016727471379405642,true,0,-9.081040227513354e-18
858,G+,0.9609650019335666,0.0010258086925828986,true,0,-7.570568724322123e-18
859,G-,0.9609650019335666,0.001002435154169078,true,0,-7.639390151286535e-18
860,G+,0.9609650019335666,0.0009952476604799113,true,0,-5.1571600993578076e-18
861,G-,0.9609650019335666,0.0009951222679086837,true,0,-5.824622061794196e-18
862,G+,0.9609650019335666,0.000962951393923327,true,0,-6.849955444445527e-18
863,G-,0.9609650019335666,0.001030610456982619,true,0,-6.2849844686269085e-18
864,G+,0.9609650019335666,0.001033748193418883,true,0,-7.568874658427614e-18
865,G-,0.9609650019335666,0.0009446882914873844,true,0,-7.490524110806591e-18
866,G+,0.9709650009216597,0.03207193398758342,true,0,-8.494221056191169e-18
867,G-,0.9509650009216597,0.02437425229509699,true,0,-8.494221056191169e-18
868,G+,0.9609650009216597,0.001326505515225208,true,0,-9.746808124055234e-18
869,G-,0.9609650009216597,0.0020000625043173977,true,0,-8.529621778850804e-18
870,G+,0.9609650009216597,0.0011525829622096256,true,0,-8.2924525536196e-18
871,G-,0.9609650009216597,0.001173459799475391,true,0,-7.000727309056792e-18
872,G+,0.9609650009216597,0.0015227526261782736,true,0,-7.42466729915757e-18
873,G-,0.9609650009216597,0.0020787340663674424,true,0,-8.962032098424125e-18
874,G+,0.9609650009216597,0.0009797926232249083,true,0,-1.040579975701908e-17
875,G-,0.9609650009216597,0.0010562167291006384,true,0,-9.15600264334536e-18
876,G+,0.9609650009216597,0.001166055815536617,true,0,-8.557573866110196e-18
877,G-,0.9609650009216597,0.0008946615692885272,true,0,-7.177757195032941e-18
878,G+,0.9609650009216597,0.0010702700132785548,true,0,-6.9727752217974e-18
879,G-,0.9609650009216597,0.001110125853761905,true,0,-8.073918053227991e-18
880,G+,0.9609650009216597,0.00109023897300372,true,0,-7.36071631163987e-18
881,G-,0.9609650009216597,0.0009622413347686587,true,0,-9.801865265626764e-18
882,G+,0.9609650009216597,0.0010749336532485671,true,0,-8.418660462760491e-18
883,G-,0.9609650009216597,0.000942191733572199,true,0,-1.084710392253857e-17
884,G+,0.9609650009216597,0.0016709808363380542,true,0,-7.204862249345079e-18
885,G-,0.9609650009216597,0.0016182167887683326,true,0,-9.312703738587405e-18
886,G+,0.9609650009216597,0.001172126857013129,true,0,-7.802867510106615e-18
887,G-,0.9609650009216597,0.001043563542513449,true,0,-9.652787466910007e-18
888,G+,0.9609650009216597,0.0018705951679950066,true,0,-1.0153383938737298e-17
889,G-,0.9609650009216597,0.001672750697793882,true,0,-1.1094437543136826e-17
890,G+,0.9609650009216597,0.0010258076875911566,true,0,-8.376097057160962e-18
891,G-,0.9609650009216597,0.0010024351392202565,true,0,-6.6597965477869364e-18
892,G+,0.9609650009216597,0.000995246986761212,true,0,-8.592302216947623e-18
893,G-,0.9609650009216597,0.0009951220291413959,true,0,-6.97870445242818e-18
894,G+,0.9609650009216597,0.0009629507384519656,true,0,-8.211984423630442e-18
895,G-,0.9609650009216597,0.001030610176737148,true,0,-1.0219452508623134e-17
896,G+,0.9609650009216597,0.0010337475467231169,true,0,-7.933734100457404e-18
897,G-,0.9609650009216597,0.000944688031543451,true,0,-6.95138763987923e-18
898,G+,0.970965001306805,0.03207193705136269,true,0,-5.779925758060503e-18
899,G-,0.950965001306805,0.024374249532923036,true,0,-5.779925758060503e-18
900,G+,0.960965001306805,0.001326507386973504,true,0,-9.270775607698317e-18
901,G-,0.960965001306805,0.0020000602322294693,true,0,-9.005654295207721e-18
902,G+,0.960965001306805,0.0011525838993217553,true,0,-7.881641574201265e-18
903,G-,0.960965001306805,0.0011734587061713216,true,0,-6.0986372202309624e-18
904,G+,0.960965001306805,0.0015227553460834754,true,0,-4.8861095562364315e-18
905,G-,0.960965001306805,0.0020787310522949395,true,0,-5.9804761240889875e-18
906,G+,0.960965001306805,0.0009797929808015512,true,0,-8.451694747703409e-18
907,G-,0.960965001306805,0.0010562161636321137,true,0,-7.736375423747152e-18
908,G+,0.960965001306805,0.0011660557445401095,true,0,-7.913828826196928e-18
909,G-,0.960965001306805,0.0008946614689056248,true,0,-6.534859188066927e-18
910,G+,0.960965001306805,0.001070269466670472,true,0,-4.928037687125519e-18
911,G-,0.960965001306805,0.0011101262403221343,true,0,-4.228388472693467e-18
912,G+,0.960965001306805,0.001090238989844068,true,0,-7.359022245745361e-18
913,G-,0.960965001306805,0.0009622411388213619,true,0,-7.69952949054159e-18
914,G+,0.960965001306805,0.00107493349954931,true,0,-8.003614318605884e-18
915,G-,0.960965001306805,0.0009421917108954648,true,0,-7.37257477290143e-18
916,G+,0.960965001306805,0.0016709781588575953,true,0,-5.247792624714018e-18
917,G-,0.960965001306805,0.0016182192603513507,true,0,-5.4104229505868434e-18
918,G+,0.960965001306805,0.0011721259787749918,true,0,-6.777957643928911e-18
919,G-,0.960965001306805,0.001043564327877801,true,0,-7.406456090791602e-18
920,G+,0.960965001306805,0.0018705919387169716,true,0,-5.894502279942676e-18
921,G-,0.960965001306805,0.0016727539473514353,true,0,-5.0245994431125096e-18
922,G+,0.960965001306805,0.0010258074796332354,true,0,-6.737935337171146e-18
923,G-,0.960965001306805,0.0010024351415712839,true,0,-7.390574223030584e-18
924,G+,0.960965001306805,0.0009952471727170426,true,0,-7.796514763002207e-18
925,G-,0.960965001306805,0.0009951216789547328,true,0,-5.4896205311551205e-18
926,G+,0.960965001306805,0.0009629508676158629,true,0,-8.003614318605884e-18
927,G-,0.960965001306805,0.0010306099009143267,true,0,-6.956681595799569e-18
928,G+,0.960965001306805,0.001033747695371216,true,0,-7.17055741498128e-18
929,G-,0.960965001306805,0.0009446877099961316,true,0,-6.514106880859197e-18
930,G+,0.9709650007967806,0.03207193223604996,true,0,-4.146632464495829e-18
931,G-,0.9509650007967806,0.02437425320345922,true,0,-4.146632464495829e-18
932,G+,0.9609650007967806,0.0013265074973726554,true,0,-9.136944402032138e-18
933,G-,0.9609650007967806,0.002000059744212551,true,0,-6.095249088441945e-18
934,G+,0.9609650007967806,0.0011525835397379462,true,0,-5.437951521372608e-18
935,G-,0.9609650007967806,0.0011734586382449788,true,0,-6.0876257919166565e-18
936,G+,0.9609650007967806,0.0015227550794416965,true,0,-8.325063322088891e-18
937,G-,0.9609650007967806,0.002078730977950907,true,0,-5.051704497424647e-18
938,G+,0.9609650007967806,0.0009797925283634966,true,0,-8.008272999815783e-18
939,G-,0.9609650007967806,0.0010562161965572512,true,0,-5.1626658135149606e-18
940,G+,0.9609650007967806,0.0011660555266161143,true,0,-5.639545362819132e-18
941,G-,0.9609650007967806,0.0008946612587360376,true,0,-6.2595734802092795e-18
942,G+,0.9609650007967806,0.0010702698506876173,true,0,-5.344777897174635e-18
943,G-,0.9609650007967806,0.0011101254366728552,true,0,-5.609052176717977e-18
944,G+,0.9609650007967806,0.0010902387450224575,true,0,-6.1257422745431e-18
945,G-,0.9609650007967806,0.000962240982537507,true,0,-3.6422416731934915e-18
946,G+,0.9609650007967806,0.0010749333770509071,true,0,-4.278363416581471e-18
947,G-,0.9609650007967806,0.0009421914173196216,true,0,-7.497935649095067e-18
948,G+,0.9609650007967806,0.0016709780760006288,true,0,-5.274474162552528e-18
949,G-,0.9609650007967806,0.001618218952958039,true,0,-4.662492858161296e-18
950,G+,0.9609650007967806,0.0011721256788827178,true,0,-5.9800526076153604e-18
951,G-,0.9609650007967806,0.0010435642269785203,true,0,-3.4931638744767346e-18
952,G+,0.9609650007967806,0.0018705922423348,true,0,-6.624644680475883e-18
953,G-,0.9609650007967806,0.0016727533132932005,true,0,-5.225346251611779e-18
954,G+,0.9609650007967806,0.0010258071114131661,true,0,-7.204015216397824e-18
955,G-,0.9609650007967806,0.0010024350604371398,true,0,-5.6376395386878095e-18
956,G+,0.9609650007967806,0.0009952466915086873,true,0,-8.005308384500393e-18
957,G-,0.9609650007967806,0.0009951217324759714,true,0,-5.448962949686914e-18
958,G+,0.9609650007967806,0.0009629504321350086,true,0,-4.071687377451422e-18
959,G-,0.9609650007967806,0.0010306098872799854,true,0,-7.557227955402868e-18
960,G+,0.9609650007967806,0.0010337472487514047,true,0,-2.464865876510014e-18
961,G-,0.9609650007967806,0.0009446877375537827,true,0,-5.133231418597874e-18
962,G+,0.9709650006615317,0.03207193113230075,true,0,-5.872429903952823e-18
963,G-,0.9509650006615317,0.024374254444514278,true,0,-5.872429903952823e-18
964,G+,0.9609650006615317,0.0013265064815156477,true,0,-5.243133943504119e-18
965,G-,0.9609650006615317,0.0020000612076354223,true,0,-5.4362574554780996e-18
966,G+,0.9609650006615317,0.0011525831697796567,true,0,-7.277707082808949e-18
967,G-,0.9609650006615317,0.001173459359641081,true,0,-4.596847804749088e-18
968,G+,0.9609650006615317,0.0015227538595767012,true,0,-6.242209304790566e-18
969,G-,0.9609650006615317,0.0020787325845462844,true,0,-9.732408563951911e-18
970,G+,0.9609650006615317,0.0009797925666996264,true,0,-5.848338984317317e-18
971,G-,0.9609650006615317,0.0010562165462662356,true,0,-6.475990398232753e-18
972,G+,0.9609650006615317,0.0011660557772009087,true,0,-7.364104443428887e-18
973,G-,0.9609650006615317,0.0008946613685002359,true,0,-8.641430127888372e-18
974,G+,0.9609650006615317,0.0010702702127986057,true,0,-5.231275482242559e-18
975,G-,0.9609650006615317,0.0011101254329793384,true,0,-5.54467767272665e-18
976,G+,0.9609650006615317,0.0010902389512469919,true,0,-3.979360786200703e-18
977,G-,0.9609650006615317,0.0009622411602640781,true,0,-3.9946073792512804e-18
978,G+,0.9609650006615317,0.0010749335938379208,true,0,-6.006310628980244e-18
979,G-,0.9609650006615317,0.0009421915754354398,true,0,-7.342081586800275e-18
980,G+,0.9609650006615317,0.0016709795294119363,true,0,-6.692830832729854e-18
981,G-,0.9609650006615317,0.001618217864719762,true,0,-9.589259995865934e-18
982,G+,0.9609650006615317,0.0011721262690825075,true,0,-4.8551928536616495e-18
983,G-,0.9609650006615317,0.0010435639630852211,true,0,-4.2910689107902855e-18
984,G+,0.9609650006615317,0.001870593752177943,true,0,-8.210290357735933e-18
985,G-,0.9609650006615317,0.0016727520354327017,true,0,-8.937044626480123e-18
986,G+,0.9609650006615317,0.0010258074089299928,true,0,-6.50838940846523e-18
987,G-,0.9609650006615317,0.001002435165047368,true,0,-7.748445643245526e-18
988,G+,0.9609650006615317,0.00099524683663812,true,0,-4.396524512723446e-18
989,G-,0.9609650006615317,0.0009951219578130373,true,0,-6.54629413285486e-18
990,G+,0.9609650006615317,0.0009629505786634268,true,0,-5.902972609415219e-18
991,G-,0.9609650006615317,0.0010306101077218954,true,0,-7.36071631163987e-18
992,G+,0.9609650006615317,0.0010337474021030282,true,0,-6.950328848695161e-18
993,G-,0.9609650006615317,0.0009446879548031786,true,0,-6.14056535112005e-18
994,G+,0.9709650003794257,0.032071928511850194,true,0,-4.077710305673619e-18
995,G-,0.9509650003794257,0.02437425759699819,true,0,-4.077710305673619e-18
996,G+,0.9609650003794257,0.0013265044126934175,true,0,-8.004461351553138e-18
997,G-,0.9609650003794257,0.0020000645435727556,true,0,-5.622604703874046e-18
998,G+,0.9609650003794257,0.0011525825832997463,true,0,-6.399333916506239e-18
999,G-,0.9609650003794257,0.0011734610791344028,true,0,-4.260575724689131e-18
1000,G+,0.9609650003794257,0.0015227518038760468,true,0,-4.1784135288054636e-18
1001,G-,0.9609650003794257,0.0020787357856999547,true,0,-6.0003813983494636e-18
1002,G+,0.9609650003794257,0.0009797929863553398,true,0,-4.504521213498369e-18
1003,G-,0.9609650003794257,0.001056217354584907,true,0,-6.199010624480597e-18
1004,G+,0.9609650003794257,0.001166056659447659,true,0,-6.739841161302468e-18
1005,G-,0.9609650003794257,0.0008946616386901323,true,0,-3.997148478093043e-18
1006,G+,0.9609650003794257,0.0010702711985228466,true,0,-2.8189256484623115e-18
1007,G-,0.9609650003794257,0.0011101256067638076,true,0,-3.987831115673246e-18
1008,G+,0.9609650003794257,0.0010902397406482897,true,0,-3.9217625457874106e-18
1009,G-,0.9609650003794257,0.0009622416201721564,true,0,-5.624298769768554e-18
1010,G+,0.9609650003794257,0.001074934271272833,true,0,-5.14487812162262e-18
1011,G-,0.9609650003794257,0.0009421921085018931,true,0,-4.7730306577779824e-18
1012,G+,0.9609650003794257,0.0016709824850889348,true,0,-4.796324063827476e-18
1013,G-,0.9609650003794257,0.0016182160516624087,true,0,-6.619985999265984e-18
1014,G+,0.9609650003794257,0.0011721276200475342,true,0,-3.479611347320666e-18
1015,G-,0.9609650003794257,0.001043563719500784,true,0,-5.922454367202068e-18
1016,G+,0.9609650003794257,0.0018705964228969232,true,0,-6.824544456027898e-18
1017,G-,0.9609650003794257,0.0016727502283338624,true,0,-6.049509309290213e-18
1018,G+,0.9609650003794257,0.0010258082870676453,true,0,-6.11684842859693e-18
1019,G-,0.9609650003794257,0.0010024355672036333,true,0,-6.810568412398202e-18
1020,G+,0.9609650003794257,0.0009952474958403543,true,0,-4.667998572318449e-18
1021,G-,0.9609650003794257,0.0009951225009806567,true,0,-6.4933545736514664e-18
1022,G+,0.9609650003794257,0.000962951192631034,true,0,-5.3540952595944324e-18
1023,G-,0.9609650003794257,0.001030610695092588,true,0,-4.8060649427209e-18
1024,G+,0.9609650003794257,0.0010337480634130852,true,0,-6.332630071909963e-18
1025,G-,0.9609650003794257,0.000944688489105072,true,0,-5.9307129384377974e-18
1026,G+,0.9709650005691878,0.032071930698005686,true,0,-4.663558025259988e-18
1027,G-,0.9509650005691878,0.024374254981913975,true,0,-4.663558025259988e-18
1028,G+,0.9609650005691878,0.0013265052050173813,true,0,-2.2963063200064082e-18
1029,G-,0.9609650005691878,0.002000062799939554,true,0,-7.208250381134096e-18
1030,G+,0.9609650005691878,0.0011525826757300328,true,0,-6.257879414314771e-18
1031,G-,0.9609650005691878,0.0011734600396836677,true,0,-5.373577017381281e-18
1032,G+,0.9609650005691878,0.0015227522070706712,true,0,-5.146148671043502e-18
1033,G-,0.9609650005691878,0.002078734469080803,true,0,-3.788354856594858e-18
1034,G+,0.9609650005691878,0.0009797924675372111,true,0,-6.354864686775388e-18
1035,G-,0.9609650005691878,0.0010562168592276003,true,0,-3.981901885042466e-18
1036,G+,0.9609650005691878,0.00116605585957725,true,0,-3.0323779511703952e-18
1037,G-,0.9609650005691878,0.0008946614814753769,true,0,-4.656987144004143e-18
1038,G+,0.9609650005691878,0.0010702703788337913,true,0,-5.565006463460753e-18
1039,G-,0.9609650005691878,0.0011101254507329488,true,0,-4.314785833313406e-18
1040,G+,0.9609650005691878,0.0010902389856069917,true,0,-4.263963856478148e-18
1041,G-,0.9609650005691878,0.000962241314544219,true,0,-3.984442983884229e-18
1042,G+,0.9609650005691878,0.0010749336979739477,true,0,-5.660721186500489e-18
1043,G-,0.9609650005691878,0.0009421916643103886,true,0,-3.0128961933835463e-18
1044,G+,0.9609650005691878,0.0016709812368318666,true,0,-5.428634158952811e-18
1045,G-,0.9609650005691878,0.0016182163543702601,true,0,-4.29191594373754e-18
1046,G+,0.9609650005691878,0.001172126902471432,true,0,-3.823506723905912e-18
1047,G-,0.9609650005691878,0.001043563460770176,true,0,-3.928538809365445e-18
1048,G+,0.9609650005691878,0.0018705956464383669,true,0,-4.2936100096320484e-18
1049,G-,0.9609650005691878,0.0016727501681112066,true,0,-5.7149312951247644e-18
1050,G+,0.9609650005691878,0.0010258076408650538,true,0,-4.909826478759552e-18
1051,G-,0.9609650005691878,0.0010024351569030171,true,0,-3.343450801049537e-18
1052,G+,0.9609650005691878,0.0009952468571378192,true,0,-6.772451929771758e-18
1053,G-,0.9609650005691878,0.0009951221267514598,true,0,-3.1153871800013166e-18
1054,G+,0.9609650005691878,0.0009629506187241954,true,0,-5.19400603256337e-18
1055,G-,0.9609650005691878,0.0010306102535757801,true,0,-2.7520100456292218e-18
1056,G+,0.9609650005691878,0.0010337474339170837,true,0,-3.955008588967142e-18
1057,G-,0.9609650005691878,0.0009446881146732065,true,0,-3.562832334388401e-18
1058,G+,0.9709650001496378,0.03207192643107098,true,0,-4.253261006922003e-18
1059,G-,0.9509650001496378,0.024374258047036954,true,0,-4.253261006922003e-18
1060,G+,0.9609650001496378,0.0013265059319000972,true,0,-6.969387090008383e-18
1061,G-,0.9609650001496378,0.0020000615130885886,true,0,-4.1445322109152916e-18
1062,G+,0.9609650001496378,0.0011525827169361546,true,0,-4.625646924955734e-18
1063,G-,0.9609650001496378,0.0011734595458235183,true,0,-7.214179611764876e-18
1064,G+,0.9609650001496378,0.0015227532320930682,true,0,-6.164705790116798e-18
1065,G-,0.9609650001496378,0.0020787329544018074,true,0,-6.918988629646752e-18
1066,G+,0.9609650001496378,0.0009797922571648532,true,0,-3.9213390293137834e-18
1067,G-,0.9609650001496378,0.0010562166080716887,true,0,-4.946672411965114e-18
1068,G+,0.9609650001496378,0.0011660556979467547,true,0,-4.7679484600944566e-18
1069,G-,0.9609650001496378,0.0008946611829790442,true,0,-7.314129499540883e-18
1070,G+,0.9609650001496378,0.0010702705326488392,true,0,-4.5028271476038606e-18
1071,G-,0.9609650001496378,0.0011101248515926257,true,0,-3.925150677576428e-18
1072,G+,0.9609650001496378,0.0010902388269565543,true,0,-5.985134805298886e-18
1073,G-,0.9609650001496378,0.0009622410566386176,true,0,-6.2934547980994515e-18
1074,G+,0.9609650001496378,0.0010749335315332813,true,0,-4.3867836338300215e-18
1075,G-,0.9609650001496378,0.0009421913919799548,true,0,-5.429481191900065e-18
1076,G+,0.9609650001496378,0.0016709799898343952,true,0,-6.900353904807158e-18
1077,G-,0.9609650001496378,0.0016182171329512977,true,0,-6.917718080225871e-18
1078,G+,0.9609650001496378,0.0011721262364973654,true,0,-5.9834407394043776e-18
1079,G-,0.9609650001496378,0.0010435637243684614,true,0,-5.412540532954979e-18
1080,G+,0.9609650001496378,0.0018705942548043273,true,0,-2.5419458747101553e-18
1081,G-,0.9609650001496378,0.0016727512223980664,true,0,-3.9861370497787374e-18
1082,G+,0.9609650001496378,0.0010258072494077942,true,0,-4.744655054044963e-18
1083,G-,0.9609650001496378,0.0010024350739669442,true,0,-5.572206243512415e-18
1084,G+,0.9609650001496378,0.0009952465617001011,true,0,-3.919644963419275e-18
1085,G-,0.9609650001496378,0.0009951219775198256,true,0,-5.308778996916327e-18
1086,G+,0.9609650001496378,0.0009629503176424191,true,0,-4.7001858243141126e-18
1087,G-,0.9609650001496378,0.0010306100994979727,true,0,-5.324449106440532e-18
1088,G+,0.9609650001496378,0.0010337471488147552,true,0,-3.2833114617944817e-18
1089,G-,0.9609650001496378,0.0009446879556082999,true,0,-5.280615151420122e-18
1090,G+,0.9709650002490479,0.03207192744626461,true,0,-1.5562169530538033e-18
1091,G-,0.9509650002490478,0.024374256475239768,true,0,-1.5562169530538033e-18
1092,G+,0.9609650002490479,0.001326507766232094,true,0,-1.686442597983312e-18
1093,G-,0.9609650002490479,0.0020000587161845148,true,0,-2.188733135705112e-18
1094,G+,0.9609650002490479,0.0011525832789172157,true,0,-2.2437902772766416e-18
1095,G-,0.9609650002490479,0.0011734581808139576,true,0,-4.646822748637092e-18
1096,G+,0.9609650002490479,0.0015227553180256596,true,0,-4.330879459311238e-18
1097,G-,0.9609650002490479,0.002078730021315086,true,0,-1.946058196316755e-18
1098,G+,0.9609650002490479,0.000979792037423855,true,0,-3.5575383784680614e-18
1099,G-,0.9609650002490479,0.0010562159568402738,true,0,-1.0261804155985849e-18
1100,G+,0.9609650002490479,0.0011660551359665321,true,0,-3.0831999280056532e-18
1101,G-,0.9609650002490479,0.0008946609252515528,true,0,-4.9085559293386705e-18
1102,G+,0.9609650002490479,0.0010702699014280847,true,0,-4.755242965885642e-18
1103,G-,0.9609650002490479,0.0011101246661203072,true,0,-2.442843019881402e-18
1104,G+,0.9609650002490479,0.0010902383382726804,true,0,-4.8060649427209e-18
1105,G-,0.9609650002490479,0.0009622406812160687,true,0,-3.742191560969499e-18
1106,G+,0.9609650002490479,0.001074933068792592,true,0,-9.291951431379675e-19
1107,G-,0.9609650002490479,0.00094219100693686,true,0,-5.511643387783732e-18
1108,G+,0.9609650002490479,0.0016709773408593036,true,0,-3.782849142437705e-18
1109,G-,0.9609650002490479,0.0016182189602330693,true,0,-2.231084783067827e-18
1110,G+,0.9609650002490479,0.0011721250784840795,true,0,-4.8060649427209e-18
1111,G-,0.9609650002490479,0.00104356412397668,true,0,-2.868053559403061e-18
1112,G+,0.9609650002490479,0.0018705916202514845,true,0,-6.040191946870416e-18
1113,G-,0.9609650002490479,0.0016727532858144011,true,0,-3.400837283226016e-18
1114,G+,0.9609650002490479,0.0010258065890436064,true,0,-5.208617350903506e-18
1115,G-,0.9609650002490479,0.0010024348291481208,true,0,-4.977377356303082e-18
1116,G+,0.9609650002490479,0.0009952461406865416,true,0,-4.085663421081118e-18
1117,G-,0.9609650002490479,0.000995121556421248,true,0,-6.644973471209986e-19
1118,G+,0.9609650002490479,0.0009629499105124975,true,0,-9.30889209032476e-19
1119,G-,0.9609650002490479,0.0010306096658895588,true,0,-5.8225044794260605e-18
1120,G+,0.9609650002490479,0.0010337467219571587,true,0,-4.620776485509022e-18
1121,G-,0.9609650002490479,0.0009446875426877791,true,0,-4.104509904157526e-18
1122,G+,0.9709649746140344,0.03207183367043235,true,0,-6.223585410847117e-18
1123,G-,0.9509649746140344,0.024374323638422807,true,0,-6.223585410847117e-18
1124,G+,0.9609649746140344,0.0013265014720368776,true,0,-6.6627611631023265e-18
1125,G-,0.9609649746140344,0.0020000574301160083,true,0,-5.025446476059764e-18
1126,G+,0.9609649746140344,0.0011525785478234854,true,0,-7.938392781667303e-18
1127,G-,0.9609649746140344,0.0011734550650965307,true,0,-7.369186641112413e-18
1128,G+,0.9609649746140344,0.0015227487043251112,true,0,-9.56469604039556e-18
1129,G-,0.9609649746140344,0.002078728908769491,true,0,-5.78692909564138e-18
1130,G+,0.9609649746140344,0.0009797880148036228,true,0,-5.530278112623327e-18
1131,G-,0.9609649746140344,0.0010562120298788244,true,0,-4.0035012251974506e-18
1132,G+,0.9609649746140344,0.0011660510054408801,true,0,-7.456431034679606e-18
1133,G-,0.9609649746140344,0.0008946568445149448,true,0,-6.831320719605932e-18
1134,G+,0.9609649746140344,0.0010702659169232786,true,0,-4.270740120056182e-18
1135,G-,0.9609649746140344,0.0011101207389370628,true,0,-3.7862372742267225e-18
1136,G+,0.9609649746140344,0.0010902344568533813,true,0,-8.859964628279982e-18
1137,G-,0.9609649746140344,0.000962237011670728,true,0,-7.67581256801847e-18
1138,G+,0.9609649746140344,0.0010749288972062038,true,0,-7.115923789883377e-18
1139,G-,0.9609649746140344,0.0009421873400694348,true,0,-5.8817967857338616e-18
1140,G+,0.9609649746140344,0.0016709757614767437,true,0,-9.630341093807768e-18
1141,G-,0.9609649746140344,0.0016182129237682617,true,0,-5.996569750086819e-18
1142,G+,0.9609649746140344,0.0011721219913461277,true,0,-7.980744429030018e-18
1143,G-,0.9609649746140344,0.0010435592759771896,true,0,-7.382739168268482e-18
1144,G+,0.9609649746140344,0.001870589770332326,true,0,-8.306852113722923e-18
1145,G-,0.9609649746140344,0.0016727470520937308,true,0,-5.95633568509224e-18
1146,G+,0.9609649746140344,0.0010258029928584885,true,0,-5.54764228804204e-18
1147,G-,0.9609649746140344,0.0010024307488918824,true,0,-6.7838868745596914e-18
1148,G+,0.9609649746140344,0.0009952424226467925,true,0,-5.8932317305217946e-18
1149,G-,0.9609649746140344,0.0009951174714742383,true,0,-4.3135152838925245e-18
1150,G+,0.9609649746140344,0.0009629461351205875,true,0,-7.221802908290165e-18
1151,G-,0.9609649746140344,0.0010306056106299418,true,0,-5.8817967857338616e-18
1152,G+,0.9609649746140344,0.001033742996301816,true,0,-7.006656539687572e-18
1153,G-,0.9609649746140344,0.0009446833739764033,true,0,-6.786216215164641e-18
1154,F,0.9063440272996616,1.2261159723094317,false,0,-9.75781955236954e-19
1155,F,0.9160136698968053,1.5993902638501125,false,0,-2.8731357570865868e-18
1156,G+,0.9709649990231242,0.032071921478596305,true,0,-7.405685348696088e-18
1157,G-,0.9509649990231241,0.02437426182459557,true,0,-7.405685348696088e-18
1158,G+,0.9609649990231242,0.001326506071147569,true,0,-8.889610781433882e-18
1159,G-,0.9609649990231242,0.00200006028787241,true,0,-8.321251673826247e-18
1160,G+,0.9609649990231242,0.0011525825974768053,true,0,-8.007849483342155e-18
1161,G-,0.9609649990231242,0.0011734585797508782,true,0,-9.577401534604374e-18
1162,G+,0.9609649990231242,0.0015227531961464638,true,0,-9.316938903323677e-18
1163,G-,0.9609649990231242,0.002078731935451856,true,0,-6.275667106207111e-18
1164,G+,0.9609649990231242,0.0009797918559978336,true,0,-6.3692642468787114e-18
1165,G-,0.9609649990231242,0.0010562158718615295,true,0,-5.549759870410176e-18
1166,G+,0.9609649990231242,0.0011660549476271939,true,0,-8.228925082575528e-18
1167,G-,0.9609649990231242,0.0008946608211346295,true,0,-9.884874494457685e-18
1168,G+,0.9609649990231242,0.0010702695555341126,true,0,-7.73679894022078e-18
1169,G-,0.9609649990231242,0.0011101247154511682,true,0,-7.999379153869612e-18
1170,G+,0.9609649990231242,0.0010902381328227856,true,0,-7.326834993749698e-18
1171,G-,0.9609649990231242,0.000962240611719358,true,0,-6.1409888675936775e-18
1172,G+,0.9609649990231242,0.0010749328672340535,true,0,-7.194697853978027e-18
1173,G-,0.9609649990231242,0.0009421909301686114,true,0,-8.031566405865276e-18
1174,G+,0.9609649990231242,0.0016709788666193946,true,0,-1.005216350154041e-17
1175,G-,0.9609649990231242,0.0016182171909736851,true,0,-1.0783999967968125e-17
1176,G+,0.9609649990231242,0.0011721256017721438,true,0,-7.618214327605177e-18
1177,G-,0.9609649990231242,0.0010435632650073543,true,0,-6.581446000165914e-18
1178,G+,0.9609649990231242,0.0018705933387962912,true,0,-8.266194532254717e-18
1179,G-,0.9609649990231242,0.0016727511250871638,true,0,-1.0172865696524147e-17
1180,G+,0.9609649990231242,0.001025806715861941,true,0,-9.418582856994193e-18
1181,G-,0.9609649990231242,0.0010024344716492593,true,0,-8.89596352853829e-18
1182,G+,0.9609649990231242,0.000995246108181544,true,0,-1.0108067676059193e-17
1183,G-,0.9609649990231242,0.0009951213065228122,true,0,-9.654058016330888e-18
1184,G+,0.9609649990231242,0.0009629498285488492,true,0,-6.571281604798862e-18
1185,G-,0.9609649990231242,0.0010306094684655218,true,0,-8.1349044254303e-18
1186,G+,0.9609649990231242,0.001033746681451366,true,0,-9.707844608481536e-18
1187,G-,0.9609649990231242,0.000944687292791893,true,0,-9.77857185957727e-18
1188,G+,0.9709649873939936,0.03207185925311607,true,0,-6.337866533123175e-18
1189,G-,0.9509649873939936,0.024374318004822107,true,0,-6.337866533123175e-18
1190,G+,0.9609649873939936,0.001326479503103798,true,0,-6.3273361159896235e-18
1191,G-,0.9609649873939936,0.0020000898703949896,true,0,-4.221612209115433e-18
1192,G+,0.9609649873939936,0.0011525720833524319,true,0,-5.1211611990995e-18
1193,G-,0.9609649873939936,0.001173469946847055,true,0,-4.724749779784487e-18
1194,G+,0.9609649873939936,0.001522721728296462,true,0,-7.645319381917315e-18
1195,G-,0.9609649873939936,0.002078764938687767,true,0,-3.98274891798972e-18
1196,G+,0.9609649873939936,0.0009797900192241487,true,0,-6.247291502474092e-18
1197,G-,0.9609649873939936,0.0010562191088956882,true,0,-6.87324885049502e-18
1198,G+,0.9609649873939936,0.001166055859145209,true,0,-5.206711526772184e-18
1199,G-,0.9609649873939936,0.0008946607986551538,true,0,-4.613788463694174e-18
1200,G+,0.9609649873939936,0.0010702709930876658,true,0,-6.457779189866786e-18
1201,G-,0.9609649873939936,0.0011101240771350077,true,0,-8.629571666626812e-18
1202,G+,0.9609649873939936,0.0010902382520515828,true,0,-7.011738737371098e-18
1203,G-,0.9609649873939936,0.000962241774843577,true,0,-7.03376159399971e-18
1204,G+,0.9609649873939936,0.0010749333586476627,true,0,-7.437796309840011e-18
1205,G-,0.9609649873939936,0.0009421915908327464,true,0,-4.8746746114484985e-18
1206,G+,0.9609649873939936,0.0016710082209417977,true,0,-8.654135622097187e-18
1207,G-,0.9609649873939936,0.0016181889287431867,true,0,-4.111921442446001e-18
1208,G+,0.9609649873939936,0.0011721361384140348,true,0,-7.308200268910103e-18
1209,G-,0.9609649873939936,0.0010435527313810056,true,0,-6.447614794499734e-18
1210,G+,0.9609649873939936,0.0018706240912446815,true,0,-5.253298338871171e-18
1211,G-,0.9609649873939936,0.0016727181815282322,true,0,-3.0755766314803645e-18
1212,G+,0.9609649873939936,0.001025810569523977,true,0,-5.31132009575809e-18
1213,G-,0.9609649873939936,0.0010024324612758588,true,0,-6.724171051778263e-18
1214,G+,0.9609649873939936,0.0009952467249253049,true,0,-5.1766418571446565e-18
1215,G-,0.9609649873939936,0.000995121752754003,true,0,-5.911019422414135e-18
1216,G+,0.9609649873939936,0.0009629501664418524,true,0,-7.336152356169495e-18
1217,G-,0.9609649873939936,0.0010306101607644182,true,0,-4.915332192916705e-18
1218,G+,0.9609649873939936,0.00103374737104908,true,0,-5.306661414548192e-18
1219,G-,0.9609649873939936,0.0009446876122448884,true,0,-4.965730653278336e-18
1220,G+,0.9709650004549385,0.03207193447494312,true,0,-7.809274275982431e-18
1221,G-,0.9509650004549385,0.024374251461868248,true,0,-7.809274275982431e-18
1222,G+,0.9609650004549385,0.0013265058971182904,true,0,-5.9690411793010545e-18
1223,G-,0.9609650004549385,0.002000061719831323,true,0,-4.2461761645858076e-18
1224,G+,0.9609650004549385,0.0011525830495334257,true,0,-8.369532551819742e-18
1225,G-,0.9609650004549385,0.0011734593387609969,true,0,-3.7608262858090935e-18
1226,G+,0.9609650004549385,0.001522752976080975,true,0,-6.299807545203859e-18
1227,G-,0.9609650004549385,0.0020787333344343827,true,0,-5.161395264094079e-18
1228,G+,0.9609650004549385,0.0009797924479317817,true,0,-4.3533258324134766e-18
1229,G-,0.9609650004549385,0.001056216503785375,true,0,-4.687480330105298e-18
1230,G+,0.9609650004549385,0.0011660555212391387,true,0,-8.948903087741683e-18
1231,G-,0.9609650004549385,0.0008946614789899204,true,0,-4.389324732671784e-18
1232,G+,0.9609650004549385,0.0010702696421299057,true,0,-7.63854311833928e-18
1233,G-,0.9609650004549385,0.0011101258379210902,true,0,-6.044427111606687e-18
1234,G+,0.9609650004549385,0.001090238697772042,true,0,-6.822003357186135e-18
1235,G-,0.9609650004549385,0.0009622411982750243,true,0,-5.612440308506994e-18
1236,G+,0.9609650004549385,0.0010749334265383315,true,0,-5.009352850061932e-18
1237,G-,0.9609650004549385,0.0009421915596587314,true,0,-3.776072878859671e-18
1238,G+,0.9609650004549385,0.0016709801838920037,true,0,-6.234586008265278e-18
1239,G-,0.9609650004549385,0.0016182170574973946,true,0,-5.161818780567706e-18
1240,G+,0.9609650004549385,0.0011721265231371364,true,0,-7.399679827213568e-18
1241,G-,0.9609650004549385,0.0010435634920939625,true,0,-5.312590645178972e-18
1242,G+,0.9609650004549385,0.0018705945960716106,true,0,-6.429827102607394e-18
1243,G-,0.9609650004549385,0.0016727509358450056,true,0,-5.2609216353964594e-18
1244,G+,0.9609650004549385,0.001025807427052873,true,0,-6.958799178167704e-18
1245,G-,0.9609650004549385,0.0010024349865513176,true,0,-7.315400048961765e-18
1246,G+,0.9609650004549385,0.0009952467584486565,true,0,-5.307084931021819e-18
1247,G-,0.9609650004549385,0.00099512186131999,true,0,-5.106761638996177e-18
1248,G+,0.9609650004549385,0.000962950540164103,true,0,-4.803523843879137e-18
1249,G-,0.9609650004549385,0.0010306099811630298,true,0,-3.671040793400138e-18
1250,G+,0.9609650004549385,0.001033747320363008,true,0,-6.372440620430915e-18
1251,G-,0.9609650004549385,0.0009446878631874898,true,0,-7.90027629904086e-18
1252,G+,0.9709650001073203,0.03207193374722028,true,0,-7.606120995517266e-18
1253,G-,0.9509650001073203,0.024374251614556957,true,0,-7.606120995517266e-18
1254,G+,0.9609650001073203,0.0013265075308389789,true,0,-6.052050408131976e-18
1255,G-,0.9609650001073203,0.0020000597980552007,true,0,-9.140332533821155e-18
1256,G+,0.9609650001073203,0.0011525835615598034,true,0,-6.020710189083567e-18
1257,G-,0.9609650001073203,0.0011734586829395294,true,0,-6.887224894124716e-18
1258,G+,0.9609650001073203,0.0015227549829317296,true,0,-1.0165665916472486e-17
1259,G-,0.9609650001073203,0.0020787311532235796,true,0,-1.0700567222663576e-17
1260,G+,0.9609650001073203,0.0009797924797114292,true,0,-7.605085316922736e-18
1261,G-,0.9609650001073203,0.001056216308511565,true,0,-9.147532313872817e-18
1262,G+,0.9609650001073203,0.0011660555176982224,true,0,-7.087124669676731e-18
1263,G-,0.9609650001073203,0.0008946613252100214,true,0,-7.629225755919483e-18
1264,G+,0.9609650001073203,0.0010702698104552264,true,0,-7.851995421047364e-18
1265,G-,0.9609650001073203,0.0011101255373048725,true,0,-7.523346637512696e-18
1266,G+,0.9609650001073203,0.0010902387348144353,true,0,-6.593304461427474e-18
1267,G-,0.9609650001073203,0.000962241041784535,true,0,-8.300922883092143e-18
1268,G+,0.9609650001073203,0.0010749334093970195,true,0,-6.117271945070557e-18
1269,G-,0.9609650001073203,0.0009421914373244101,true,0,-9.957719327921555e-18
1270,G+,0.9609650001073203,0.001670978247077762,true,0,-9.825582188149884e-18
1271,G-,0.9609650001073203,0.00161821884735171,true,0,-1.0700990739137203e-17
1272,G+,0.9609650001073203,0.001172125744326291,true,0,-6.444226662710717e-18
1273,G-,0.9609650001073203,0.001043564208231274,true,0,-9.325832749269847e-18
1274,G+,0.9609650001073203,0.0018705925144231093,true,0,-5.930077663727357e-18
1275,G-,0.9609650001073203,0.0016727530981877736,true,0,-5.69036733965439e-18
1276,G+,0.9609650001073203,0.0010258071041623377,true,0,-5.5584419581195324e-18
1277,G-,0.9609650001073203,0.0010024351227540783,true,0,-6.705324568701855e-18
1278,G+,0.9609650001073203,0.0009952466400011434,true,0,-5.425669543637421e-18
1279,G-,0.9609650001073203,0.000995121842334652,true,0,-8.00573190097402e-18
1280,G+,0.9609650001073203,0.000962950437539761,true,0,-6.4315211685019025e-18
1281,G-,0.9609650001073203,0.0010306099422578902,true,0,-1.0164395367051604e-17
1282,G+,0.9609650001073203,0.001033747206320428,true,0,-6.578693143087337e-18
1283,G-,0.9609650001073203,0.0009446878408295624,true,0,-7.289777302307322e-18
1284,G+,0.9709649942238652,0.03207194867727564,true,0,-3.3934487508983274e-18
1285,G-,0.9509649942238652,0.02437423922963817,true,0,-3.3934487508983274e-18
1286,G+,0.9609649942238652,0.00132650433078529,true,0,-4.7366082410460475e-18
1287,G-,0.9609649942238652,0.0020000676655124567,true,0,-6.466249519339329e-18
1288,G+,0.9609649942238652,0.0011525836453722734,true,0,-4.215682978484653e-18
1289,G-,0.9609649942238652,0.00117346301314999,true,0,-4.3529023159398494e-18
1290,G+,0.9609649942238652,0.0015227519431703104,true,0,-3.477070248478903e-18
1291,G-,0.9609649942238652,0.002078738546477779,true,0,-4.066605179767896e-18
1292,G+,0.9609649942238652,0.0009797942280305063,true,0,-3.9979955110402976e-18
1293,G-,0.9609649942238652,0.00105621916394797,true,0,-3.3627208005995723e-18
1294,G+,0.9609649942238652,0.0011660583353418836,true,0,-4.390171765619039e-18
1295,G-,0.9609649942238652,0.0008946628828638617,true,0,-4.088628036396508e-18
1296,G+,0.9609649942238652,0.0010702716648965866,true,0,-3.640547607298983e-18
1297,G-,0.9609649942238652,0.0011101281204067654,true,0,-4.585836376434782e-18
1298,G+,0.9609649942238652,0.0010902414053437885,true,0,-4.5112974770764036e-18
1299,G-,0.9609649942238652,0.0009622429351875367,true,0,-1.6635727084074459e-18
1300,G+,0.9609649942238652,0.0010749358048257052,true,0,-3.0806588291638903e-18
1301,G-,0.9609649942238652,0.0009421935313207483,true,0,-6.297689962835723e-18
1302,G+,0.9609649942238652,0.001670985230144882,true,0,-3.761673318756348e-18
1303,G-,0.9609649942238652,0.0016182162293284464,true,0,-4.210600780801127e-18
1304,G+,0.9609649942238652,0.0011721295459537053,true,0,-3.488081676793209e-18
1305,G-,0.9609649942238652,0.0010435646507059798,true,0,-1.2248096417297183e-18
1306,G+,0.9609649942238652,0.0018705986480120835,true,0,-5.900431510573456e-18
1307,G-,0.9609649942238652,0.0016727507042848752,true,0,-4.939049115439825e-18
1308,G+,0.9609649942238652,0.001025809779061884,true,0,-3.591631454595047e-18
1309,G-,0.9609649942238652,0.0010024371507260934,true,0,-4.418970885825685e-18
1310,G+,0.9609649942238652,0.000995248862825871,true,0,-5.302002733338293e-18
1311,G-,0.9609649942238652,0.0009951241638848337,true,0,-4.089051552870135e-18
1312,G+,0.9609649942238652,0.0009629529462299133,true,0,-2.5614276324970042e-18
1313,G-,0.9609649942238652,0.0010306120300216893,true,0,-5.982593706457123e-18
1314,G+,0.9609649942238652,0.0010337494468923012,true,0,-3.8849166125818485e-18
1315,G-,0.9609649942238652,0.0009446901317813541,true,0,-5.297344052128394e-18
1316,G+,0.9709649777461117,0.03207184061940876,true,0,-5.950557570019616e-18
1317,G-,0.9509649777461117,0.024374322156177287,true,0,-5.950557570019616e-18
1318,G+,0.9609649777461117,0.0013265033692323924,true,0,-7.344622685642038e-18
1319,G-,0.9609649777461117,0.0020000516687898825,true,0,-5.5150315195727495e-18
1320,G+,0.9609649777461117,0.0011525792338810373,true,0,-6.87028423517963e-18
1321,G-,0.9609649777461117,0.0011734509826720585,true,0,-4.4994390158148434e-18
1322,G+,0.9609649777461117,0.0015227511225764493,true,0,-7.268389720389151e-18
1323,G-,0.9609649777461117,0.002078722847641895,true,0,-7.716470149486676e-18
1324,G+,0.9609649777461117,0.0009797871423024237,true,0,-9.236470773334518e-18
1325,G-,0.9609649777461117,0.0010562092980337821,true,0,-7.040537857577744e-18
1326,G+,0.9609649777461117,0.001166048468461455,true,0,-6.508601166702044e-18
1327,G-,0.9609649777461117,0.0008946560072463822,true,0,-4.498591982867589e-18
1328,G+,0.9609649777461117,0.0010702621313026133,true,0,-8.05020113070487e-18
1329,G-,0.9609649777461117,0.0011101209329541614,true,0,-5.3600244902252125e-18
1330,G+,0.9609649777461117,0.0010902318660183333,true,0,-8.585525953369588e-18
1331,G-,0.9609649777461117,0.0009622358351153186,true,0,-5.270238997816257e-18
1332,G+,0.9609649777461117,0.0010749267121487093,true,0,-8.673617379884035e-18
1333,G-,0.9609649777461117,0.0009421859360347957,true,0,-6.993951045478758e-18
1334,G+,0.9609649777461117,0.0016709704819244235,true,0,-7.57628619671609e-18
1335,G-,0.9609649777461117,0.0016182145036884115,true,0,-7.858348168151771e-18
1336,G+,0.9609649777461117,0.00117211952673569,true,0,-8.14676288669186e-18
1337,G-,0.9609649777461117,0.0010435582266591613,true,0,-4.831475931138529e-18
1338,G+,0.9609649777461117,0.0018705845354130325,true,0,-6.539941385750453e-18
1339,G-,0.9609649777461117,0.001672748957512365,true,0,-6.905012586017056e-18
1340,G+,0.9609649777461117,0.0010258013575326513,true,0,-6.9079772013324464e-18
1341,G-,0.9609649777461117,0.0010024286723933494,true,0,-6.336229961935794e-18
1342,G+,0.9609649777461117,0.000995241207890632,true,0,-5.891537664627286e-18
1343,G-,0.9609649777461117,0.0009951150576519515,true,0,-7.040961374051372e-18
1344,G+,0.9609649777461117,0.0009629446722776737,true,0,-8.05020113070487e-18
1345,G-,0.9609649777461117,0.0010306034895444366,true,0,-6.4704846840756e-18
1346,G+,0.9609649777461117,0.001033741734421842,true,0,-6.616597867476967e-18
1347,G-,0.9609649777461117,0.0009446810091300853,true,0,-9.547331864976846e-18
1348,F,0.9128905389910376,0.554198323064933,true,0,-6.1257422745431e-18
1349,G+,0.9228905389910376,0.3451570369502414,true,0,-6.1257422745431e-18
1350,G-,0.9028905389910376,0.9431244469180269,true,0,-6.1257422745431e-18
1351,G+,0.9128905389910376,0.5675844169756403,true,0,-4.336808689942018e-18
1352,G-,0.9128905389910376,0.5419929880261037,true,0,-6.288372600415926e-18
1353,G+,0.9128905389910376,0.5608663336466595,true,0,-6.288372600415926e-18
1354,G-,0.9128905389910376,0.5471318094718025,true,0,-8.185726402265558e-18
1355,G+,0.9128905389910376,0.5753185475891038,true,0,-4.553649124439119e-18
1356,G-,0.9128905389910376,0.535342010697967,true,0,-5.9631119486702744e-18
1357,G+,0.9128905389910376,0.5581797989340883,true,0,-5.312590645178972e-18
1358,G-,0.9128905389910376,0.5511117757505919,true,0,-2.168404344971009e-18
1359,G+,0.9128905389910376,0.5531166239525376,true,0,-5.637851296924623e-18
1360,G-,0.9128905389910376,0.5560337714817036,true,0,-7.643625316022806e-18
1361,G+,0.9128905389910376,0.5528191347420275,true,0,-6.667843360785852e-18
1362,G-,0.9128905389910376,0.5568751919039451,true,0,-8.239936510889834e-18
1363,G+,0.9128905389910376,0.553770578889794,true,0,-7.589415207398531e-18
1364,G-,0.9128905389910376,0.5544434669548669,true,0,-4.7704895589362195e-18
1365,G+,0.9128905389910376,0.5530222922452276,true,0,-6.993104012531504e-18
1366,G-,0.9128905389910376,0.5556502884909262,true,0,-5.095750210681871e-18
1367,G+,0.9128905389910376,0.5419830639859031,true,0,-4.662069341687669e-18
1368,G-,0.9128905389910376,0.5691372783778934,true,0,-4.9873299934333204e-18
1369,G+,0.9128905389910376,0.5496754048536298,true,0,-6.938893903907228e-18
1370,G-,0.9128905389910376,0.5589598566590244,true,0,-3.903127820947816e-18
1371,G+,0.9128905389910376,0.535929116349408,true,0,-6.451002926288751e-18
1372,G-,0.9128905389910376,0.5788676233532153,true,0,-6.396792817664476e-18
1373,G+,0.9128905389910376,0.5539598130032927,true,0,-5.4752209710517974e-18
1374,G-,0.9128905389910376,0.5546777704127164,true,0,-3.144186300207963e-18
1375,G+,0.9128905389910376,0.5560997072433698,true,0,-8.131516293641283e-18
1376,G-,0.9128905389910376,0.552623885930949,true,0,-3.7947076036992655e-18
1377,G+,0.9128905389910376,0.554603059103728,true,0,-7.047314121155779e-18
1378,G-,0.9128905389910376,0.553824550119871,true,0,-5.9631119486702744e-18
1379,G+,0.9128905389910376,0.5561895475691623,true,0,-6.884683795282953e-18
1380,G-,0.9128905389910376,0.5524999555440824,true,0,-5.800481622797449e-18
1381,G+,0.9228905401281395,0.3451568357387939,true,0,-9.486769009248164e-18
1382,G-,0.9028905401281395,0.9431241735467261,true,0,-9.486769009248164e-18
1383,G+,0.9128905401281395,0.5675841596835531,true,0,-6.2341624917916505e-18
1384,G-,0.9128905401281395,0.5419928012980323,true,0,-6.288372600415926e-18
1385,G+,0.9128905401281395,0.5608660951963761,true,0,-7.806255641895632e-18
1386,G-,0.9128905401281395,0.5471316020248344,true,0,-5.583641188300348e-18
1387,G+,0.9128905401281395,0.575318271303798,true,0,-6.667843360785852e-18
1388,G-,0.9128905401281395,0.5353418382237678,true,0,-8.890457814381136e-18
1389,G+,0.9128905401281395,0.5581795694754533,true,0,-5.095750210681871e-18
1390,G-,0.9128905401281395,0.5511115562766662,true,0,-5.692061405548898e-18
1391,G+,0.9128905401281395,0.5531164009827552,true,0,-7.806255641895632e-18
1392,G-,0.9128905401281395,0.5560335465281487,true,0,-4.933119884809045e-18
1393,G+,0.9128905401281395,0.5528189136144372,true,0,-9.107298248878237e-18
1394,G-,0.9128905401281395,0.5568749667676934,true,0,-6.288372600415926e-18
1395,G+,0.9128905401281395,0.5537703545154208,true,0,-6.830473686658678e-18
1396,G-,0.9128905401281395,0.5544432445513906,true,0,-6.938893903907228e-18
1397,G+,0.9128905401281395,0.5530220682817923,true,0,-5.908901840045999e-18
1398,G-,0.9128905401281395,0.5556500640527868,true,0,-6.613633252161577e-18
1399,G+,0.9128905401281395,0.5419828746914522,true,0,-6.993104012531504e-18
1400,G-,0.9128905401281395,0.5691370173645771,true,0,-8.348356728138384e-18
1401,G+,0.9128905401281395,0.5496751958404066,true,0,-6.7220534694101275e-18
1402,G-,0.9128905401281395,0.5589596181543637,true,0,-7.37257477290143e-18
1403,G+,0.9128905401281395,0.5359289397102931,true,0,-7.589415207398531e-18
1404,G-,0.9128905401281395,0.5788673407113769,true,0,-8.782037597132586e-18
1405,G+,0.9128905401281395,0.5539595930947085,true,0,-8.294146619514109e-18
1406,G-,0.9128905401281395,0.5546775420675154,true,0,-7.752045533271357e-18
1407,G+,0.9128905401281395,0.5560994828206527,true,0,-5.7462715141731735e-18
1408,G-,0.9128905401281395,0.5526236622804446,true,0,-5.854691731421724e-18
1409,G+,0.9128905401281395,0.5546028349088885,true,0,-5.908901840045999e-18
1410,G-,0.9128905401281395,0.5538243262693208,true,0,-7.589415207398531e-18
1411,G+,0.9128905401281395,0.5561893232105173,true,0,-7.860465750519907e-18
1412,G-,0.9128905401281395,0.5524997318260798,true,0,-7.37257477290143e-18
1413,G+,0.9228905399152801,0.3451570301383636,true,0,-4.9873299934333204e-18
1414,G-,0.9028905399152801,0.9431244030218662,true,0,-4.9873299934333204e-18
1415,G+,0.9128905399152801,0.5675844009193779,true,0,-6.830473686658678e-18
1416,G-,0.9128905399152801,0.5419929679317704,true,0,-1.5178830414797062e-18
1417,G+,0.9128905399152801,0.5608663165427233,true,0,-6.938893903907228e-18
1418,G-,0.9128905399152801,0.5471317906830531,true,0,-2.1141942363467336e-18
1419,G+,0.9128905399152801,0.5753185327088066,true,0,-9.215718466126788e-19
1420,G-,0.9128905399152801,0.5353419898014099,true,0,-4.662069341687669e-18
1421,G+,0.9128905399152801,0.558179781198408,true,0,-4.119968255444917e-18
1422,G-,0.9128905399152801,0.5511117577004618,true,0,-5.095750210681871e-18
1423,G+,0.9128905399152801,0.5531166061105408,true,0,-6.938893903907228e-18
1424,G-,0.9128905399152801,0.5560337535378813,true,0,-2.222614453595284e-18
1425,G+,0.9128905399152801,0.5528191166545537,true,0,-3.577867169202165e-18
1426,G-,0.9128905399152801,0.5568751740817568,true,0,-3.686287386450715e-18
1427,G+,0.9128905399152801,0.5537705611101249,true,0,-2.710505431213761e-18
1428,G-,0.9128905399152801,0.5544434488856886,true,0,-4.662069341687669e-18
1429,G+,0.9128905399152801,0.553022274471138,true,0,-5.041540102057596e-18
1430,G-,0.9128905399152801,0.5556502705231107,true,0,-4.7704895589362195e-18
1431,G+,0.9128905399152801,0.5419830441033527,true,0,-1.3010426069826053e-18
1432,G-,0.9128905399152801,0.5691372626094482,true,0,-5.5294310796760726e-18
1433,G+,0.9128905399152801,0.5496753860522563,true,0,-2.8189256484623115e-18
1434,G-,0.9128905399152801,0.558959839658562,true,0,-4.662069341687669e-18
1435,G+,0.9128905399152801,0.5359290957899081,true,0,-6.2341624917916505e-18
1436,G-,0.9128905399152801,0.5788676087466526,true,0,-6.5052130349130266e-18
1437,G+,0.9128905399152801,0.5539597947576888,true,0,-6.0173220572945496e-18
1438,G-,0.9128905399152801,0.5546777528728986,true,0,-3.469446951953614e-18
1439,G+,0.9128905399152801,0.5560996892238139,true,0,-3.7947076036992655e-18
1440,G-,0.9128905399152801,0.552623868153723,true,0,-4.9873299934333204e-18
1441,G+,0.9128905399152801,0.5546030411908169,true,0,-5.2583805365546965e-18
1442,G-,0.9128905399152801,0.5538245322568148,true,0,-4.9873299934333204e-18
1443,G+,0.9128905399152801,0.556189529541905,true,0,-5.5294310796760726e-18
1444,G-,0.9128905399152801,0.5524999377758172,true,0,-5.854691731421724e-18
1445,G+,0.9228905397118127,0.34515697505655574,true,0,-4.119968255444917e-18
1446,G-,0.9028905397118127,0.9431243475025894,true,0,-4.119968255444917e-18
1447,G+,0.9128905397118127,0.5675843359404324,true,0,-2.927345865710862e-18
1448,G-,0.9128905397118127,0.5419929232091809,true,0,-4.445228907190568e-18
1449,G+,0.9128905397118127,0.5608662568626155,true,0,-6.179952383167375e-18
1450,G-,0.9128905397118127,0.5471317400972999,true,0,-1.0299920638612292e-18
1451,G+,0.9128905397118127,0.5753184622020052,true,0,-3.3068166260807885e-18
1452,G-,0.9128905397118127,0.5353419492435221,true,0,-4.445228907190568e-18
1453,G+,0.9128905397118127,0.5581797241013133,true,0,-6.071532165918825e-18
1454,G-,0.9128905397118127,0.5511117036911799,true,0,-4.553649124439119e-18
1455,G+,0.9128905397118127,0.5531165509563454,true,0,-6.5052130349130266e-18
1456,G-,0.9128905397118127,0.5560336978672935,true,0,-1.1384122811097797e-18
1457,G+,0.9128905397118127,0.5528190624864513,true,0,-2.710505431213761e-18
1458,G-,0.9128905397118127,0.5568751179716002,true,0,-1.4094628242311558e-18
1459,G+,0.9128905397118127,0.5537705055391994,true,0,-3.577867169202165e-18
1460,G-,0.9128905397118127,0.5544433939856781,true,0,-2.3852447794681098e-18
1461,G+,0.9128905397118127,0.553022219071637,true,0,-2.8189256484623115e-18
1462,G-,0.9128905397118127,0.5556502149776004,true,0,-2.168404344971009e-18
1463,G+,0.9128905397118127,0.5419829987620435,true,0,-3.469446951953614e-18
1464,G-,0.9128905397118127,0.5691371964426257,true,0,-4.87890977618477e-18
1465,G+,0.9128905397118127,0.5496753348885863,true,0,-4.228388472693467e-18
1466,G-,0.9128905397118127,0.558959780113464,true,0,-3.0357660829594124e-18
1467,G+,0.9128905397118127,0.5359290542195299,true,0,-6.396792817664476e-18
1468,G-,0.9128905397118127,0.5788675362046096,true,0,-5.312590645178972e-18
1469,G+,0.9128905397118127,0.5539597404437453,true,0,-5.9631119486702744e-18
1470,G-,0.9128905397118127,0.5546776962525217,true,0,-2.3310346708438345e-18
1471,G+,0.9128905397118127,0.5560996335788098,true,0,-5.421010862427522e-18
1472,G-,0.9128905397118127,0.552623812932886,true,0,-3.63207727782644e-18
1473,G+,0.9128905397118127,0.5546029855527048,true,0,-2.439454888092385e-18
1474,G-,0.9128905397118127,0.5538244770120966,true,0,-2.168404344971009e-18
1475,G+,0.9128905397118127,0.5561894739289335,true,0,-1.6263032587282567e-18
1476,G-,0.9128905397118127,0.552499882514364,true,0,-2.3310346708438345e-18
1477,G+,0.9228905542013127,0.3451565456459705,true,0,-6.0173220572945496e-18
1478,G-,0.9028905542013127,0.9431232904511744,true,0,-6.0173220572945496e-18
1479,G+,0.9128905542013127,0.5675836895263221,true,0,-3.415236843329339e-18
1480,G-,0.9128905542013127,0.5419923334474946,true,0,-6.5052130349130266e-18
1481,G+,0.9128905542013127,0.5608656257803436,true,0,-2.927345865710862e-18
1482,G-,0.9128905542013127,0.5471311356883813,true,0,-4.7704895589362195e-18
1483,G+,0.9128905542013127,0.5753178016974935,true,0,-4.9873299934333204e-18
1484,G-,0.9128905542013127,0.5353413712941733,true,0,-4.228388472693467e-18
1485,G+,0.9128905542013127,0.5581790984900251,true,0,-6.396792817664476e-18
1486,G-,0.9128905542013127,0.5511110904459734,true,0,-6.288372600415926e-18
1487,G+,0.9128905542013127,0.5531159347009977,true,0,-2.927345865710862e-18
1488,G-,0.9128905542013127,0.5560330769211699,true,0,-4.445228907190568e-18
1489,G+,0.9128905542013127,0.5528184466649168,true,0,-6.451002926288751e-18
1490,G-,0.9128905542013127,0.5568744976531436,true,0,-5.095750210681871e-18
1491,G+,0.9128905542013127,0.5537698878552558,true,0,-4.336808689942018e-18
1492,G-,0.9128905542013127,0.5544427754828953,true,0,-3.0899761915836876e-18
1493,G+,0.9128905542013127,0.5530216022752817,true,0,-4.174178364069192e-18
1494,G-,0.9128905542013127,0.5556495944750439,true,0,-4.445228907190568e-18
1495,G+,0.9128905542013127,0.5419824081812583,true,0,-5.204170427930421e-18
1496,G-,0.9128905542013127,0.5691365478858954,true,0,-4.553649124439119e-18
1497,G+,0.9128905542013127,0.5496747273989865,true,0,-4.336808689942018e-18
1498,G-,0.9128905542013127,0.5589591508336665,true,0,-3.903127820947816e-18
1499,G+,0.9128905542013127,0.5359284748223873,true,0,-5.2583805365546965e-18
1500,G-,0.9128905542013127,0.5788668687677953,true,0,-5.637851296924623e-18
1501,G+,0.9128905542013127,0.553959123142319,true,0,-3.686287386450715e-18
1502,G-,0.9128905542013127,0.554677075776666,true,0,-3.3610267347050637e-18
1503,G+,0.9128905542013127,0.5560990120898598,true,0,-5.204170427930421e-18
1504,G-,0.9128905542013127,0.5526231968123925,true,0,-5.7462715141731735e-18
1505,G+,0.9128905542013127,0.5546023659019755,true,0,-3.903127820947816e-18
1506,G-,0.9128905542013127,0.5538238593534486,true,0,-4.662069341687669e-18
1507,G+,0.9128905542013127,0.5561888524623605,true,0,-2.3310346708438345e-18
1508,G-,0.9128905542013127,0.5524992663672025,true,0,-3.0899761915836876e-18
1509,F,0.9478068212478967,0.5459427780090997,true,0,-3.835365185167472e-18
1510,G+,0.9578068212478967,0.5713393935043403,true,0,-3.835365185167472e-18
1511,G-,0.9378068212478967,0.5713748073497332,true,0,-3.835365185167472e-18
1512,G+,0.9478068212478967,0.48420640761611644,true,0,-4.20128341838133e-18
1513,G-,0.9478068212478967,0.630676002036353,true,0,-6.898236322439022e-18
1514,G+,0.9478068212478967,0.5214683504371077,true,0,-5.1906179007743525e-18
1515,G-,0.9478068212478967,0.5725755757567138,true,0,-5.4616684438957286e-18
1516,G+,0.9478068212478967,0.49104694697409174,true,0,-6.261267546103788e-18
1517,G-,0.9478068212478967,0.6168371884829196,true,0,-5.7462715141731735e-18
1518,G+,0.9478068212478967,0.5373493782388143,true,0,-6.830473686658678e-18
1519,G-,0.9478068212478967,0.5546120394403219,true,0,-5.773376568485311e-18
1520,G+,0.9478068212478967,0.547501912757444,true,0,-5.5429836068321414e-18
1521,G-,0.9478068212478967,0.5441306365528495,true,0,-5.515878552520004e-18
1522,G+,0.9478068212478967,0.5491466852065754,true,0,-5.9495594215142056e-18
1523,G-,0.9478068212478967,0.543580967517418,true,0,-5.231275482242559e-18
1524,G+,0.9478068212478967,0.5468415826343249,true,0,-3.672734859294646e-18
1525,G-,0.9478068212478967,0.5454354671164602,true,0,-5.285485590866834e-18
1526,G+,0.9478068212478967,0.547250739399757,true,0,-4.675621868843738e-18
1527,G-,0.9478068212478967,0.5441951752657691,true,0,-3.645629804982509e-18
1528,G+,0.9478068212478967,0.6297902640731526,true,0,-6.613633252161577e-18
1529,G-,0.9478068212478967,0.48544923351334274,true,0,-4.933119884809045e-18
1530,G+,0.9478068212478967,0.5700528930114381,true,0,-3.821812658011403e-18
1531,G-,0.9478068212478967,0.5229854610603429,true,0,-5.597193715456417e-18
1532,G+,0.9478068212478967,0.6191678463384359,true,0,-2.7511630126819675e-18
1533,G-,0.9478068212478967,0.48799982603856895,true,0,-3.8624702394796095e-18
1534,G+,0.9478068212478967,0.5515358162380133,true,0,-5.014435047745458e-18
1535,G-,0.9478068212478967,0.5420827374464388,true,0,-4.0793106739767104e-18
1536,G+,0.9478068212478967,0.5423493279535815,true,0,-5.990217002982412e-18
1537,G-,0.9478068212478967,0.549537190006052,true,0,-3.713392440762853e-18
1538,G+,0.9478068212478967,0.5447448619921187,true,0,-4.729831977468013e-18
1539,G-,0.9478068212478967,0.5471582150057691,true,0,-3.686287386450715e-18
1540,G+,0.9478068212478967,0.5431597408191506,true,0,-5.583641188300348e-18
1541,G-,0.9478068212478967,0.5486770545375393,true,0,-4.269046054161674e-18
1542,G+,0.9578068212478967,0.5713393935043426,true,0,-3.835365185167472e-18
1543,G-,0.9378068212478967,0.5713748073497334,true,0,-3.835365185167472e-18
1544,G+,0.9478068212478967,0.484206407616115,true,0,-4.20128341838133e-18
1545,G-,0.9478068212478967,0.6306760020363577,true,0,-6.898236322439022e-18
1546,G+,0.9478068212478967,0.5214683504371121,true,0,-5.1906179007743525e-18
1547,G-,0.9478068212478967,0.5725755757567146,true,0,-5.4616684438957286e-18
1548,G+,0.9478068212478967,0.4910469469740867,true,0,-6.261267546103788e-18
1549,G-,0.9478068212478967,0.6168371884829174,true,0,-5.7462715141731735e-18
1550,G+,0.9478068212478967,0.5373493782388139,true,0,-6.830473686658678e-18
1551,G-,0.9478068212478967,0.5546120394403218,true,0,-5.773376568485311e-18
1552,G+,0.9478068212478967,0.5475019127574424,true,0,-5.5429836068321414e-18
1553,G-,0.9478068212478967,0.5441306365528503,true,0,-5.515878552520004e-18
1554,G+,0.9478068212478967,0.5491466852065783,true,0,-5.9495594215142056e-18
1555,G-,0.9478068212478967,0.5435809675174175,true,0,-5.231275482242559e-18
1556,G+,0.9478068212478967,0.5468415826343245,true,0,-3.672734859294646e-18
1557,G-,0.9478068212478967,0.5454354671164576,true,0,-5.285485590866834e-18
1558,G+,0.9478068212478967,0.5472507393997552,true,0,-4.675621868843738e-18
1559,G-,0.9478068212478967,0.5441951752657681,true,0,-3.645629804982509e-18
1560,G+,0.9478068212478967,0.6297902640731526,true,0,-6.613633252161577e-18
1561,G-,0.9478068212478967,0.48544923351334407,true,0,-4.933119884809045e-18
1562,G+,0.9478068212478967,0.5700528930114361,true,0,-3.821812658011403e-18
1563,G-,0.9478068212478967,0.5229854610603419,true,0,-5.597193715456417e-18
1564,G+,0.9478068212478967,0.6191678463384386,true,0,-2.7511630126819675e-18
1565,G-,0.9478068212478967,0.48799982603857195,true,0,-3.8624702394796095e-18
1566,G+,0.9478068212478967,0.5515358162380143,true,0,-5.014435047745458e-18
1567,G-,0.9478068212478967,0.542082737446436,true,0,-4.0793106739767104e-18
1568,G+,0.9478068212478967,0.5423493279535821,true,0,-5.990217002982412e-18
1569,G-,0.9478068212478967,0.5495371900060505,true,0,-3.713392440762853e-18
1570,G+,0.9478068212478967,0.5447448619921147,true,0,-4.729831977468013e-18
1571,G-,0.9478068212478967,0.5471582150057672,true,0,-3.686287386450715e-18
1572,G+,0.9478068212478967,0.5431597408191509,true,0,-5.583641188300348e-18
1573,G-,0.9478068212478967,0.5486770545375358,true,0,-4.269046054161674e-18
1574,G+,0.9578068202327141,0.5713393848046783,true,0,-4.743384504624082e-18
1575,G-,0.9378068202327141,0.5713748092370039,true,0,-4.743384504624082e-18
1576,G+,0.9478068202327141,0.48420640472081844,true,0,-4.526544070126981e-18
1577,G-,0.9478068202327141,0.6306759965370754,true,0,-7.304812137121086e-18
1578,G+,0.9478068202327141,0.521468346951105,true,0,-5.89534931288993e-18
1579,G-,0.9478068202327141,0.5725755714740196,true,0,-3.808260130855334e-18
1580,G+,0.9478068202327141,0.4910469439011656,true,0,-3.2932640989247197e-18
1581,G-,0.9478068202327141,0.6168371833754256,true,0,-5.312590645178972e-18
1582,G+,0.9478068202327141,0.5373493744909621,true,0,-2.0057740190981832e-18
1583,G-,0.9478068202327141,0.5546120354885222,true,0,9.486769009248164e-20
1584,G+,0.9478068202327141,0.547501908857542,true,0,-5.6107462426124854e-18
1585,G-,0.9478068202327141,0.5441306327173564,true,0,-3.1848438816761693e-18
1586,G+,0.9478068202327141,0.5491466814442313,true,0,-6.735605996566196e-18
1587,G-,0.9478068202327141,0.5435809635472604,true,0,-2.303929616531697e-18
1588,G+,0.9478068202327141,0.5468415787566897,true,0,-5.9631119486702744e-18
1589,G-,0.9478068202327141,0.5454354632802142,true,0,-3.781155076543197e-18
1590,G+,0.9478068202327141,0.5472507355333284,true,0,-4.092863201132779e-18
1591,G-,0.9478068202327141,0.5441951714121107,true,0,-5.068645156369733e-18
1592,G+,0.9478068202327141,0.629790258693449,true,0,-3.537209587733958e-18
1593,G-,0.9478068202327141,0.4854492305942067,true,0,-5.7462715141731735e-18
1594,G+,0.9478068202327141,0.5700528887290633,true,0,-6.003769530138481e-18
1595,G-,0.9478068202327141,0.5229854575836149,true,0,-3.6591823321385775e-18
1596,G+,0.9478068202327141,0.6191678413365267,true,0,-4.675621868843738e-18
1597,G-,0.9478068202327141,0.48799982301570644,true,0,-3.957337929572091e-18
1598,G+,0.9478068202327141,0.5515358122865957,true,0,-5.6107462426124854e-18
1599,G-,0.9478068202327141,0.5420827336843919,true,0,-4.30970363562988e-18
1600,G+,0.9478068202327141,0.542349324135595,true,0,-3.40168431617327e-18
1601,G-,0.9478068202327141,0.5495371861251159,true,0,-3.5236570605778894e-18
1602,G+,0.9478068202327141,0.5447448581265603,true,0,-3.808260130855334e-18
1603,G-,0.9478068202327141,0.5471582111612915,true,0,-5.339695699491109e-18
1604,G+,0.9478068202327141,0.5431597369928126,true,0,-5.705613932704967e-18
1605,G-,0.9478068202327141,0.5486770506679861,true,0,-5.041540102057596e-18
1606,G+,0.9578068212483596,0.5713393892228169,true,0,-3.1577388273640317e-18
1607,G-,0.9378068212483596,0.5713748030784498,true,0,-3.1577388273640317e-18
1608,G+,0.9478068212483596,0.4842064043724065,true,0,-4.824699667560495e-18
1609,G-,0.9478068212483596,0.6306759959875359,true,0,-5.204170427930421e-18
1610,G+,0.9478068212483596,0.5214683465837879,true,0,-4.594306705907325e-18
1611,G-,0.9478068212483596,0.5725755710193615,true,0,-3.686287386450715e-18
1612,G+,0.9478068212483596,0.4910469435816417,true,0,-4.363913744254155e-18
1613,G-,0.9478068212483596,0.6168371828237271,true,0,-4.919567357652976e-18
1614,G+,0.9478068212483596,0.53734937408552,true,0,-4.716279450311944e-18
1615,G-,0.9478068212483596,0.5546120350723672,true,0,-4.255493527005605e-18
1616,G+,0.9478068212483596,0.547501908484555,true,0,-5.068645156369733e-18
1617,G-,0.9478068212483596,0.5441306322969652,true,0,-4.377466271410224e-18
1618,G+,0.9478068212483596,0.5491466809319202,true,0,-7.575862680242462e-18
1619,G-,0.9478068212483596,0.5435809632705813,true,0,-8.578749689791554e-18
1620,G+,0.9478068212483596,0.5468415783750264,true,0,-7.020209066843641e-18
1621,G-,0.9478068212483596,0.5454354628583514,true,0,-3.7947076036992655e-18
1622,G+,0.9478068212483596,0.5472507351411894,true,0,-7.562310153086393e-18
1623,G-,0.9478068212483596,0.5441951709983841,true,0,-6.2341624917916505e-18
1624,G+,0.9478068212483596,0.6297902580546114,true,0,-4.377466271410224e-18
1625,G-,0.9478068212483596,0.48544923023888004,true,0,-5.7462715141731735e-18
1626,G+,0.9478068212483596,0.5700528882672273,true,0,-7.26415455565288e-18
1627,G-,0.9478068212483596,0.5229854572213006,true,0,-3.889575293791747e-18
1628,G+,0.9478068212483596,0.6191678407389077,true,0,-8.632959798415829e-18
1629,G-,0.9478068212483596,0.4879998226617465,true,0,-4.892462303340839e-18
1630,G+,0.9478068212483596,0.5515358118528406,true,0,-6.044427111606687e-18
1631,G-,0.9478068212483596,0.5420827332859525,true,0,-5.515878552520004e-18
1632,G+,0.9478068212483596,0.5423493237021582,true,0,-7.345469718589293e-18
1633,G-,0.9478068212483596,0.5495371857420392,true,0,-7.020209066843641e-18
1634,G+,0.9478068212483596,0.5447448577382777,true,0,-7.209944447028604e-18
1635,G-,0.9478068212483596,0.5471582107447238,true,0,-6.057979638762756e-18
1636,G+,0.9478068212483596,0.5431597365659464,true,0,-6.613633252161577e-18
1637,G-,0.9478068212483596,0.5486770502742124,true,0,-5.068645156369733e-18
1638,G+,0.9578067992098419,0.5713379070873668,true,0,-5.231275482242559e-18
1639,G-,0.9378067992098419,0.5713735553214411,true,0,-5.231275482242559e-18
1640,G+,0.9478067992098419,0.484205362233455,true,0,-2.0057740190981832e-18
1641,G-,0.9478067992098419,0.6306740504396021,true,0,-6.0986372202309624e-18
1642,G+,0.9478067992098419,0.5214671075719788,true,0,-4.4858864886587746e-18
1643,G-,0.9478067992098419,0.5725740478196704,true,0,-3.767602549387128e-18
1644,G+,0.9478067992098419,0.4910458526776057,true,0,-2.859583229930518e-18
1645,G-,0.9478067992098419,0.6168353634137339,true,0,-5.271933063710765e-18
1646,G+,0.9478067992098419,0.5373480388290379,true,0,-2.6969529040576923e-18
1647,G-,0.9478067992098419,0.554610630579069,true,0,-2.588532686809142e-18
1648,G+,0.9478067992098419,0.547500533814105,true,0,-4.4181238528784306e-18
1649,G-,0.9478067992098419,0.5441292641647959,true,0,-4.0115480381963664e-18
1650,G+,0.9478067992098419,0.5491453087329085,true,0,-4.038653092508504e-18
1651,G-,0.9478067992098419,0.5435795949270589,true,0,-2.656295322589486e-18
1652,G+,0.9478067992098419,0.5468402082909376,true,0,-2.72405795836983e-18
1653,G-,0.9478067992098419,0.545434094038189,true,0,-3.1170812458958252e-18
1654,G+,0.9478067992098419,0.5472493655227451,true,0,-2.3987973066241786e-18
1655,G-,0.9478067992098419,0.5441937989989716,true,0,-3.889575293791747e-18
1656,G+,0.9478067992098419,0.6297883242529959,true,0,-2.520770051028798e-18
1657,G-,0.9478067992098419,0.4854481782972632,true,0,-5.0550926292136644e-18
1658,G+,0.9478067992098419,0.5700513630066093,true,0,-3.5914196963582334e-18
1659,G-,0.9478067992098419,0.5229842227224868,true,0,-4.255493527005605e-18
1660,G+,0.9478067992098419,0.6191660416403857,true,0,-6.085084693074894e-18
1661,G-,0.9478067992098419,0.48799873756319523,true,0,-5.8817967857338616e-18
1662,G+,0.9478067992098419,0.551534402170831,true,0,-4.54009659728305e-18
1663,G-,0.9478067992098419,0.5420813955480787,true,0,-2.4665599424045226e-18
1664,G+,0.9478067992098419,0.5423479572970326,true,0,-2.6020852139652106e-18
1665,G-,0.9478067992098419,0.5495358141635338,true,0,-2.6020852139652106e-18
1666,G+,0.9478067992098419,0.5447434895675266,true,0,-2.4801124695605914e-18
1667,G-,0.9478067992098419,0.5471568408592332,true,0,-4.4994390158148434e-18
1668,G+,0.9478067992098419,0.5431583694426909,true,0,-4.54009659728305e-18
1669,G-,0.9478067992098419,0.5486756791525002,true,0,-2.507217523872729e-18
1670,F,0.8946349506379815,NaN,false,-300,NaN
1671,G+,0.9578068202327141,0.5713393848046776,true,0,-4.743384504624082e-18
1672,G-,0.9378068202327141,0.5713748092370015,true,0,-4.743384504624082e-18
1673,G+,0.9478068202327141,0.4842064047208158,true,0,-4.526544070126981e-18
1674,G-,0.9478068202327141,0.6306759965370695,true,0,-7.304812137121086e-18
1675,G+,0.9478068202327141,0.5214683469511053,true,0,-5.89534931288993e-18
1676,G-,0.9478068202327141,0.5725755714740189,true,0,-3.808260130855334e-18
1677,G+,0.9478068202327141,0.49104694390116604,true,0,-3.2932640989247197e-18
1678,G-,0.9478068202327141,0.6168371833754234,true,0,-5.312590645178972e-18
1679,G+,0.9478068202327141,0.5373493744909619,true,0,-2.0057740190981832e-18
1680,G-,0.9478068202327141,0.5546120354885182,true,0,9.486769009248164e-20
1681,G+,0.9478068202327141,0.5475019088575422,true,0,-5.6107462426124854e-18
1682,G-,0.9478068202327141,0.5441306327173574,true,0,-3.1848438816761693e-18
1683,G+,0.9478068202327141,0.5491466814442292,true,0,-6.735605996566196e-18
1684,G-,0.9478068202327141,0.5435809635472626,true,0,-2.303929616531697e-18
1685,G+,0.9478068202327141,0.5468415787566933,true,0,-5.9631119486702744e-18
1686,G-,0.9478068202327141,0.5454354632802129,true,0,-3.781155076543197e-18
1687,G+,0.9478068202327141,0.5472507355333251,true,0,-4.092863201132779e-18
1688,G-,0.9478068202327141,0.5441951714121103,true,0,-5.068645156369733e-18
1689,G+,0.9478068202327141,0.629790258693454,true,0,-3.537209587733958e-18
1690,G-,0.9478068202327141,0.48544923059420786,true,0,-5.7462715141731735e-18
1691,G+,0.9478068202327141,0.5700528887290589,true,0,-6.003769530138481e-18
1692,G-,0.9478068202327141,0.5229854575836157,true,0,-3.6591823321385775e-18
1693,G+,0.9478068202327141,0.6191678413365238,true,0,-4.675621868843738e-18
1694,G-,0.9478068202327141,0.4879998230157054,true,0,-3.957337929572091e-18
1695,G+,0.9478068202327141,0.5515358122866023,true,0,-5.6107462426124854e-18
1696,G-,0.9478068202327141,0.5420827336843955,true,0,-4.30970363562988e-18
1697,G+,0.9478068202327141,0.5423493241355944,true,0,-3.40168431617327e-18
1698,G-,0.9478068202327141,0.5495371861251154,true,0,-3.5236570605778894e-18
1699,G+,0.9478068202327141,0.5447448581265588,true,0,-3.808260130855334e-18
1700,G-,0.9478068202327141,0.547158211161294,true,0,-5.339695699491109e-18
1701,G+,0.9478068202327141,0.5431597369928136,true,0,-5.705613932704967e-18
1702,G-,0.9478068202327141,0.5486770506679857,true,0,-5.041540102057596e-18
1703,G+,0.9578068212483596,0.571339389222818,true,0,-2.520770051028798e-18
1704,G-,0.9378068212483596,0.5713748030784558,true,0,-2.520770051028798e-18
1705,G+,0.9478068212483596,0.48420640437240886,true,0,-3.3881317890172014e-19
1706,G-,0.9478068212483596,0.6306759959875456,true,0,-4.3503612170980865e-18
1707,G+,0.9478068212483596,0.5214683465837933,true,0,-3.957337929572091e-18
1708,G-,0.9478068212483596,0.5725755710193655,true,0,-3.0086610286472748e-18
1709,G+,0.9478068212483596,0.49104694358164275,true,0,-3.537209587733958e-18
1710,G-,0.9478068212483596,0.6168371828237241,true,0,-4.594306705907325e-18
1711,G+,0.9478068212483596,0.5373493740855245,true,0,-2.9408983928669308e-18
1712,G-,0.9478068212483596,0.5546120350723734,true,0,-3.3881317890172014e-18
1713,G+,0.9478068212483596,0.5475019084845587,true,0,-4.336808689942018e-18
1714,G-,0.9478068212483596,0.5441306322969678,true,0,-3.916680348103885e-18
1715,G+,0.9478068212483596,0.5491466809319254,true,0,-4.6349642873755315e-18
1716,G-,0.9478068212483596,0.5435809632705811,true,0,-4.296151108473811e-18
1717,G+,0.9478068212483596,0.54684157837503,true,0,-6.179952383167375e-18
1718,G-,0.9478068212483596,0.545435462858354,true,0,-3.1170812458958252e-18
1719,G+,0.9478068212483596,0.5472507351411892,true,0,-2.290377089375628e-18
1720,G-,0.9478068212483596,0.5441951709983905,true,0,-2.3310346708438345e-18
1721,G+,0.9478068212483596,0.6297902580546126,true,0,-3.469446951953614e-18
1722,G-,0.9478068212483596,0.4854492302388835,true,0,-4.851804721872632e-18
1723,G+,0.9478068212483596,0.5700528882672311,true,0,-6.6542908336297835e-18
1724,G-,0.9478068212483596,0.5229854572213042,true,0,-3.808260130855334e-18
1725,G+,0.9478068212483596,0.6191678407389133,true,0,-8.131516293641283e-19
1726,G-,0.9478068212483596,0.4879998226617526,true,0,-4.065758146820642e-18
1727,G+,0.9478068212483596,0.5515358118528411,true,0,-5.244828009398628e-18
1728,G-,0.9478068212483596,0.5420827332859587,true,0,-3.469446951953614e-18
1729,G+,0.9478068212483596,0.5423493237021582,true,0,-2.72405795836983e-18
1730,G-,0.9478068212483596,0.5495371857420452,true,0,-3.130633773051894e-18
1731,G+,0.9478068212483596,0.5447448577382832,true,0,-2.778268066994105e-18
1732,G-,0.9478068212483596,0.5471582107447291,true,0,-2.168404344971009e-18
1733,G+,0.9478068212483596,0.5431597365659475,true,0,-1.9109063290057016e-18
1734,G-,0.9478068212483596,0.5486770502742179,true,0,-3.672734859294646e-18
1735,G+,0.9578067991324399,0.5713386231017615,true,0,-9.147955830346444e-18
1736,G-,0.9378067991324399,0.571374269623007,true,0,-9.147955830346444e-18
1737,G+,0.9478067991324399,0.484205904690749,true,0,-4.119968255444917e-18
1738,G-,0.9478067991324399,0.6306750620020891,true,0,-5.3939058081153846e-18
1739,G+,0.9478067991324399,0.5214677519762958,true,0,-5.1906179007743525e-18
1740,G-,0.9478067991324399,0.5725748400635059,true,0,-3.916680348103885e-18
1741,G+,0.9478067991324399,0.4910464200080187,true,0,-4.7704895589362195e-18
1742,G-,0.9478067991324399,0.6168363098192509,true,0,-6.8575787409708155e-18
1743,G+,0.9478067991324399,0.5373487333980552,true,0,-7.169286865560398e-18
1744,G-,0.9478067991324399,0.5546113610469343,true,0,-7.508100044462118e-18
1745,G+,0.9478067991324399,0.5475012483837972,true,0,-5.149960319306146e-18
1746,G-,0.9478067991324399,0.5441299758910312,true,0,-3.699839913606784e-18
1747,G+,0.9478067991324399,0.5491460235983805,true,0,-5.9631119486702744e-18
1748,G-,0.9478067991324399,0.5435803051401783,true,0,-4.919567357652976e-18
1749,G+,0.9478067991324399,0.5468409205886609,true,0,-5.204170427930421e-18
1750,G-,0.9478067991324399,0.5454348061365332,true,0,-6.003769530138481e-18
1751,G+,0.9478067991324399,0.5472500776980662,true,0,-6.112189747387031e-18
1752,G-,0.9478067991324399,0.5441945126483491,true,0,-6.085084693074894e-18
1753,G+,0.9478067991324399,0.629789330753798,true,0,-5.095750210681871e-18
1754,G-,0.9478067991324399,0.4854487258981836,true,0,-6.749158523722265e-18
1755,G+,0.9478067991324399,0.5700521563964673,true,0,-5.177065373618284e-18
1756,G-,0.9478067991324399,0.5229848647383345,true,0,-6.3696877633523385e-18
1757,G+,0.9478067991324399,0.619166978068216,true,0,-5.827586677109586e-18
1758,G-,0.9478067991324399,0.48799930228235533,true,0,-3.2390539903004445e-18
1759,G+,0.9478067991324399,0.5515351355187752,true,0,-4.919567357652976e-18
1760,G-,0.9478067991324399,0.5420820913203138,true,0,-3.0493186101154812e-18
1761,G+,0.9478067991324399,0.5423486682781049,true,0,-6.979551485375435e-18
1762,G-,0.9478067991324399,0.5495365272493826,true,0,-5.299038118022903e-18
1763,G+,0.9478067991324399,0.5447442009512513,true,0,-6.288372600415926e-18
1764,G-,0.9478067991324399,0.5471575534483464,true,0,-5.366800753803247e-18
1765,G+,0.9478067991324399,0.5431590807206832,true,0,-4.472333961502706e-18
1766,G-,0.9478067991324399,0.5486763921231338,true,0,-3.0086610286472748e-18
1767,F,0.8944482008479712,2.1459312529649015,false,0,-3.2729353081906165e-18
1768,F,0.8944482612606495,NaN,false,-300,NaN
1769,G+,0.9578068202327141,0.5713393848046776,true,0,-4.743384504624082e-18
1770,G-,0.9378068202327141,0.5713748092370015,true,0,-4.743384504624082e-18
1771,G+,0.9478068202327141,0.4842064047208158,true,0,-4.526544070126981e-18
1772,G-,0.9478068202327141,0.6306759965370695,true,0,-7.304812137121086e-18
1773,G+,0.9478068202327141,0.5214683469511053,true,0,-5.89534931288993e-18
1774,G-,0.9478068202327141,0.5725755714740189,true,0,-3.808260130855334e-18
1775,G+,0.9478068202327141,0.49104694390116604,true,0,-3.2932640989247197e-18
1776,G-,0.9478068202327141,0.6168371833754234,true,0,-5.312590645178972e-18
1777,G+,0.9478068202327141,0.5373493744909619,true,0,-2.0057740190981832e-18
1778,G-,0.9478068202327141,0.5546120354885182,true,0,9.486769009248164e-20
1779,G+,0.9478068202327141,0.5475019088575422,true,0,-5.6107462426124854e-18
1780,G-,0.9478068202327141,0.5441306327173574,true,0,-3.1848438816761693e-18
1781,G+,0.9478068202327141,0.5491466814442292,true,0,-6.735605996566196e-18
1782,G-,0.9478068202327141,0.5435809635472626,true,0,-2.303929616531697e-18
1783,G+,0.9478068202327141,0.5468415787566933,true,0,-5.9631119486702744e-18
1784,G-,0.9478068202327141,0.5454354632802129,true,0,-3.781155076543197e-18
1785,G+,0.9478068202327141,0.5472507355333251,true,0,-4.092863201132779e-18
1786,G-,0.9478068202327141,0.5441951714121103,true,0,-5.068645156369733e-18
1787,G+,0.9478068202327141,0.629790258693454,true,0,-3.537209587733958e-18
1788,G-,0.9478068202327141,0.48544923059420786,true,0,-5.7462715141731735e-18
1789,G+,0.9478068202327141,0.5700528887290589,true,0,-6.003769530138481e-18
1790,G-,0.9478068202327141,0.5229854575836157,true,0,-3.6591823321385775e-18
1791,G+,0.9478068202327141,0.6191678413365238,true,0,-4.675621868843738e-18
1792,G-,0.9478068202327141,0.4879998230157054,true,0,-3.957337929572091e-18
1793,G+,0.9478068202327141,0.5515358122866023,true,0,-5.6107462426124854e-18
1794,G-,0.9478068202327141,0.5420827336843955,true,0,-4.30970363562988e-18
1795,G+,0.9478068202327141,0.5423493241355944,true,0,-3.40168431617327e-18
1796,G-,0.9478068202327141,0.5495371861251154,true,0,-3.5236570605778894e-18
1797,G+,0.9478068202327141,0.5447448581265588,true,0,-3.808260130855334e-18
1798,G-,0.9478068202327141,0.547158211161294,true,0,-5.339695699491109e-18
1799,G+,0.9478068202327141,0.5431597369928136,true,0,-5.705613932704967e-18
1800,G-,0.9478068202327141,0.5486770506679857,true,0,-5.041540102057596e-18
