idx,kind,gamma_focal_prime,Delta,feasible,inner_status,gravity_value
1,F,0.9609650007465946,0.0010029941762691214,true,0,-6.992571199895687e-18
2,G+,0.9709650007465946,0.03207193229632861,true,0,-6.992571199895687e-18
3,G-,0.9509650007465946,0.024374253441225062,true,0,-6.992571199895687e-18
4,G+,0.9609650007465946,0.0013265059957249415,true,0,-4.39440693035531e-18
5,G-,0.9609650007465946,0.0020000616932650526,true,0,-6.10202535201998e-18
6,G+,0.9609650007465946,0.0011525829706142215,true,0,-6.965998958219366e-18
7,G-,0.9609650007465946,0.001173459482672628,true,0,-5.4667506415792544e-18
8,G+,0.9609650007465946,0.0015227530518565834,true,0,-4.689174395999807e-18
9,G-,0.9609650007465946,0.002078733352478511,true,0,-6.323524467726979e-18
10,G+,0.9609650007465946,0.000979792429483933,true,0,-5.1088792213643125e-18
11,G-,0.9609650007465946,0.0010562166040006596,true,0,-5.188923834879844e-18
12,G+,0.9609650007465946,0.0011660556389156598,true,0,-6.7923572040322344e-18
13,G-,0.9609650007465946,0.0008946614335546499,true,0,-5.409999434113216e-18
14,G+,0.9609650007465946,0.0010702700489887693,true,0,-6.083390627180385e-18
15,G-,0.9609650007465946,0.0011101255110521472,true,0,-6.325642050095115e-18
16,G+,0.9609650007465946,0.001090238802953586,true,0,-7.960415638295915e-18
17,G-,0.9609650007465946,0.0009622411978362941,true,0,-6.635656108790189e-18
18,G+,0.9609650007465946,0.0010749335243080715,true,0,-7.041384890524999e-18
19,G-,0.9609650007465946,0.0009421915513053454,true,0,-6.7559347873002995e-18
20,G+,0.9609650007465946,0.001670980186316868,true,0,-4.6887508795261795e-18
21,G-,0.9609650007465946,0.0016182171402580284,true,0,-5.8932317305217946e-18
22,G+,0.9609650007465946,0.0011721264855404612,true,0,-7.962109704190423e-18
23,G-,0.9609650007465946,0.0010435636299544926,true,0,-7.218414776501147e-18
24,G+,0.9609650007465946,0.0018705946411003262,true,0,-5.193158999616115e-18
25,G-,0.9609650007465946,0.0016727510087268407,true,0,-5.570088661144279e-18
26,G+,0.9609650007465946,0.001025807417278245,true,0,-6.43194468497553e-18
27,G-,0.9609650007465946,0.0010024350729592611,true,0,-5.5683945952497704e-18
28,G+,0.9609650007465946,0.0009952467365300433,true,0,-4.0200183676689094e-18
29,G-,0.9609650007465946,0.0009951219649436773,true,0,-3.9590319954666e-18
30,G+,0.9609650007465946,0.0009629505049907558,true,0,-6.5755167695351335e-18
31,G-,0.9609650007465946,0.0010306100881371835,true,0,-7.116770822830631e-18
32,G+,0.9609650007465946,0.0010337473074853454,true,0,-7.22921444657864e-18
33,G-,0.9609650007465946,0.0009446879596790265,true,0,-5.275109437262969e-18
34,F,0.8533077873854227,NaN,false,-300,NaN
35,F,0.9071363940660087,1.2974857877248935,false,0,-5.263462734238222e-18
36,F,0.9340506974063016,0.2016848167527981,true,0,-7.311482521580714e-18
37,G+,0.9440506974063017,0.07282931748689628,true,0,-7.311482521580714e-18
38,G-,0.9240506974063016,0.42742357946289555,true,0,-7.311482521580714e-18
39,G+,0.9340506974063016,0.2032112687156582,true,0,-8.507598922222193e-18
40,G-,0.9340506974063016,0.20155938809011748,true,0,-6.422203806082105e-18
41,G+,0.9340506974063016,0.20159050425768069,true,0,-8.488117164435344e-18
42,G-,0.9340506974063016,0.2017953773040662,true,0,-5.3261431723350405e-18
43,G+,0.9340506974063016,0.2030937628808796,true,0,-9.958142844395182e-18
44,G-,0.9340506974063016,0.2022603322003328,true,0,-9.171672752869564e-18
45,G+,0.9340506974063016,0.20229326658655608,true,0,-7.375115871743193e-18
46,G-,0.9340506974063016,0.20092620819134366,true,0,-7.897735200199096e-18
47,G+,0.9340506974063016,0.20101594757448657,true,0,-7.991755857344324e-18
48,G-,0.9340506974063016,0.20167454169124222,true,0,-8.944667923005412e-18
49,G+,0.9340506974063016,0.20506510446024068,true,0,-7.472524660677438e-18
50,G-,0.9340506974063016,0.19818528206826752,true,0,-7.989214758502561e-18
51,G+,0.9340506974063016,0.20108609199731584,true,0,-9.066640667410031e-18
52,G-,0.9340506974063016,0.20284552160120603,true,0,-6.7813457757179285e-18
53,G+,0.9340506974063016,0.20114921290782667,true,0,-6.580598967218659e-18
54,G-,0.9340506974063016,0.20216863042118755,true,0,-8.38308507897581e-18
55,G+,0.9340506974063016,0.20210622644109832,true,0,-1.0244016464093508e-17
56,G-,0.9340506974063016,0.20279476107524144,true,0,-8.880716935487712e-18
57,G+,0.9340506974063016,0.2016151956956247,true,0,-9.507944832929521e-18
58,G-,0.9340506974063016,0.2023467007973316,true,0,-6.63396204289568e-18
59,G+,0.9340506974063016,0.20319320414779463,true,0,-6.5272358915416384e-18
60,G-,0.9340506974063016,0.20252021106228854,true,0,-7.970580033662966e-18
61,G+,0.9340506974063016,0.20229386181651718,true,0,-7.627531690024975e-18
62,G-,0.9340506974063016,0.20114918009752739,true,0,-9.507097799982267e-18
63,G+,0.9340506974063016,0.202634092732211,true,0,-6.143106449961813e-18
64,G-,0.9340506974063016,0.2008161158132361,true,0,-7.534358065827002e-18
65,G+,0.9340506974063016,0.2010902724807403,true,0,-6.583140066060422e-18
66,G-,0.9340506974063016,0.2019102290892346,true,0,-4.73322010925703e-18
67,G+,0.9340506974063016,0.20237439117000927,true,0,-6.749582040195892e-18
68,G-,0.9340506974063016,0.2010990289424857,true,0,-6.877695773468105e-18
69,F,0.9254615424407943,0.3765878512948986,true,0,-1.5720931501039814e-18
70,G+,0.9354615424407943,0.17187278284202268,true,0,-1.5720931501039814e-18
71,G-,0.9154615424407943,0.7288476671748852,true,0,-1.5720931501039814e-18
72,G+,0.9254615424407943,0.37701834009893076,true,0,-7.313282466593629e-18
73,G-,0.9254615424407943,0.37753489113643823,true,0,-4.750160768202116e-18
74,G+,0.9254615424407943,0.37625783972330357,true,0,-3.7269449679189215e-18
75,G-,0.9254615424407943,0.3769917493110402,true,0,-3.5067164016328034e-18
76,G+,0.9254615424407943,0.3765087149896022,true,0,-5.736107118806122e-18
77,G-,0.9254615424407943,0.37840522238780944,true,0,-2.459783678826488e-18
78,G+,0.9254615424407943,0.377538126182922,true,0,-6.844026213814747e-18
79,G-,0.9254615424407943,0.3751598371368282,true,0,-2.2632720350634905e-18
80,G+,0.9254615424407943,0.37570644476416193,true,0,-3.550762114890027e-18
81,G-,0.9254615424407943,0.3777707060598085,true,0,-3.842141448745506e-18
82,G+,0.9254615424407943,0.38162705210266606,true,0,-4.348667151203578e-18
83,G-,0.9254615424407943,0.3720481051082968,true,0,-4.448617038979585e-18
84,G+,0.9254615424407943,0.37477875534584626,true,0,-1.7618285302889447e-18
85,G-,0.9254615424407943,0.3780083507313695,true,0,-3.925150677576428e-18
86,G+,0.9254615424407943,0.37599481012301467,true,0,-3.542291785417484e-18
87,G-,0.9254615424407943,0.37695480759314126,true,0,-3.672734859294646e-18
88,G+,0.9254615424407943,0.37740108424314456,true,0,-5.0245994431125096e-18
89,G-,0.9254615424407943,0.37666507139823824,true,0,-1.951563910473908e-18
90,G+,0.9254615424407943,0.37698642027546536,true,0,-1.4738373282224826e-18
91,G-,0.9254615424407943,0.37615265416850846,true,0,-3.9302328752599536e-18
92,G+,0.9254615424407943,0.3791673228575486,true,0,-3.7269449679189215e-18
93,G-,0.9254615424407943,0.3761181051262162,true,0,-5.739495250595139e-18
94,G+,0.9254615424407943,0.3776731390473925,true,0,-2.066760391300493e-18
95,G-,0.9254615424407943,0.37508685019057386,true,0,-5.458280312106711e-18
96,G+,0.9254615424407943,0.37760806904480454,true,0,-6.905012586017056e-18
97,G-,0.9254615424407943,0.37546291612043375,true,0,-2.786738396466648e-18
98,G+,0.9254615424407943,0.3758393371963929,true,0,-3.398296184384253e-18
99,G-,0.9254615424407943,0.3771997059572655,true,0,-3.920068479892902e-18
100,G+,0.9254615424407943,0.3777745959104575,true,0,-1.765216662077962e-18
101,G-,0.9254615424407943,0.3753409526317405,true,0,-3.9979955110402976e-18
102,F,0.9034612412190639,1.5300900364852847,false,0,-6.179952383167375e-18
103,F,0.917842204751181,0.6007572699794063,true,0,-7.09474796620202e-18
104,G+,0.927842204751181,0.30337494216177513,true,0,-7.09474796620202e-18
105,G-,0.9078422047511809,1.1524981204196412,false,0,-7.09474796620202e-18
106,G+,0.917842204751181,0.602733083317373,true,0,-5.1906179007743525e-18
107,G-,0.917842204751181,0.6002210050863757,true,0,-7.589415207398531e-18
108,G+,0.917842204751181,0.6008950047293824,true,0,-7.643625316022806e-18
109,G-,0.917842204751181,0.6007906146240947,true,0,-5.8817967857338616e-18
110,G+,0.917842204751181,0.6015628004224736,true,0,-5.739495250595139e-18
111,G-,0.917842204751181,0.6008746175536048,true,0,-7.49454751730605e-18
112,G+,0.917842204751181,0.6028012846760786,true,0,-4.512991542970912e-18
113,G-,0.917842204751181,0.5974867127778198,true,0,-7.32514092785519e-18
114,G+,0.917842204751181,0.5989983935008787,true,0,-7.8198081690517e-18
115,G-,0.917842204751181,0.6029475324257225,true,0,-6.451002926288751e-18
116,G+,0.917842204751181,0.6060895710416506,true,0,-3.9641141931501256e-18
117,G-,0.917842204751181,0.5948042571708072,true,0,-8.436448154652831e-18
118,G+,0.917842204751181,0.5984519470826057,true,0,-8.95822045016148e-18
119,G-,0.917842204751181,0.6031764022523963,true,0,-6.051203375184722e-18
120,G+,0.917842204751181,0.5988952353492307,true,0,-5.2787093272888e-18
121,G-,0.917842204751181,0.6012658714034254,true,0,-7.623296525288703e-18
122,G+,0.917842204751181,0.6007521059443155,true,0,-5.305814381600937e-18
123,G-,0.917842204751181,0.6027349709990808,true,0,-7.955333440612389e-18
124,G+,0.917842204751181,0.6006404271987178,true,0,-8.524539581167279e-18
125,G-,0.917842204751181,0.6011948010364828,true,0,-5.888573049311896e-18
126,G+,0.917842204751181,0.6024148298976769,true,0,-7.636849052444772e-18
127,G-,0.917842204751181,0.6020981113886195,true,0,-5.434563389583591e-18
128,G+,0.917842204751181,0.6035665797554557,true,0,-6.3358064454621665e-18
129,G-,0.917842204751181,0.5995359023080585,true,0,-8.890457814381136e-18
130,G+,0.917842204751181,0.6027627953883975,true,0,-4.167402100491158e-18
131,G-,0.917842204751181,0.5990543344224902,true,0,-8.138292557219318e-18
132,G+,0.917842204751181,0.6003092048709061,true,0,-5.38712954453735e-18
133,G-,0.917842204751181,0.6021466596525878,true,0,-7.270930819230914e-18
134,G+,0.917842204751181,0.6030526970841384,true,0,-6.207057437479513e-18
135,G-,0.917842204751181,0.5992809829615867,true,0,-7.338693455011258e-18
136,F,0.9096998069397465,0.9529667117919594,true,0,-5.692061405548898e-18
137,G+,0.9196998069397465,0.49864244529409096,true,0,-5.692061405548898e-18
138,G-,0.8996998069397465,2.11980779442111,false,0,-5.692061405548898e-18
139,G+,0.9096998069397465,0.9546853065701074,true,0,-5.1228552649940085e-18
140,G-,0.9096998069397465,0.9537325135292595,true,0,-4.458781434346637e-18
141,G+,0.9096998069397465,0.9527818280664143,true,0,-5.651403824080692e-18
142,G-,0.9096998069397465,0.953547192043354,true,0,-7.291259609965017e-18
143,G+,0.9096998069397465,0.9533837549076033,true,0,-7.643625316022806e-18
144,G-,0.9096998069397465,0.9560784781547953,true,0,-8.416119363918728e-18
145,G+,0.9096998069397465,0.9579101564264818,true,0,-4.174178364069192e-18
146,G-,0.9096998069397465,0.9503760497613242,true,0,-6.0986372202309624e-18
147,G+,0.9096998069397465,0.9499253125658812,true,0,-6.152847328855238e-18
148,G-,0.9096998069397465,0.9568565866824262,true,0,-7.182839392716467e-18
149,G+,0.9096998069397465,0.9617009263565809,true,0,-7.277707082808949e-18
150,G-,0.9096998069397465,0.9443044488290249,true,0,-6.2341624917916505e-18
151,G+,0.9096998069397465,0.9491225687529232,true,0,-7.101524229780054e-18
152,G-,0.9096998069397465,0.9563490704634243,true,0,-4.892462303340839e-18
153,G+,0.9096998069397465,0.9497750443102181,true,0,-6.044427111606687e-18
154,G-,0.9096998069397465,0.9563331020986298,true,0,-4.228388472693467e-18
155,G+,0.9096998069397465,0.9544183182074037,true,0,-7.846913223363838e-18
156,G-,0.9096998069397465,0.9529840302823217,true,0,-8.632959798415829e-18
157,G+,0.9096998069397465,0.9538301705781981,true,0,-7.128629284092192e-18
158,G-,0.9096998069397465,0.9520519022122229,true,0,-5.4752209710517974e-18
159,G+,0.9096998069397465,0.9561926792144065,true,0,-5.027987574901527e-18
160,G-,0.9096998069397465,0.9522885465412692,true,0,-5.10930273783794e-18
161,G+,0.9096998069397465,0.9556925250619523,true,0,-5.380353280959316e-18
162,G-,0.9096998069397465,0.9510677658340942,true,0,-4.228388472693467e-18
163,G+,0.9096998069397465,0.9558532048592285,true,0,-3.469446951953614e-18
164,G-,0.9096998069397465,0.9502683196019619,true,0,-5.651403824080692e-18
165,G+,0.9096998069397465,0.9525776144882055,true,0,-5.692061405548898e-18
166,G-,0.9096998069397465,0.9545557561370188,true,0,-7.643625316022806e-18
167,G+,0.9096998069397465,0.9560590686101208,true,0,-5.692061405548898e-18
168,G-,0.9096998069397465,0.9505580322813755,true,0,-8.904010341537205e-18
169,F,0.9089167629218157,0.983736741695896,true,0,-4.119968255444917e-18
170,G+,0.9189167629218157,0.5143200220862956,true,0,-4.119968255444917e-18
171,G-,0.8989167629218157,2.2465925062581857,false,0,-4.119968255444917e-18
172,G+,0.9089167629218157,0.9866276641394874,true,0,-8.673617379884035e-18
173,G-,0.9089167629218157,0.9834344727543226,true,0,-3.984442983884229e-18
174,G+,0.9089167629218157,0.9840186306582877,true,0,-8.605854744103691e-18
175,G-,0.9089167629218157,0.9838753871544088,true,0,-6.938893903907228e-18
176,G+,0.9089167629218157,0.9854993244508745,true,0,-8.483881999699072e-18
177,G-,0.9089167629218157,0.9840079904498047,true,0,-7.223496974184673e-18
178,G+,0.9089167629218157,0.9871857407176339,true,0,-7.48099499014998e-18
179,G-,0.9089167629218157,0.9813475181300413,true,0,-8.253489038045903e-18
180,G+,0.9089167629218157,0.979523818267952,true,0,-8.795590124288655e-18
181,G-,0.9089167629218157,0.9882016558227342,true,0,-6.80336863234654e-18
182,G+,0.9089167629218157,0.9940299944968577,true,0,-6.613633252161577e-18
183,G-,0.9089167629218157,0.9742792894360965,true,0,-5.515878552520004e-18
184,G+,0.9089167629218157,0.9796029025754576,true,0,-6.5865281978494394e-18
185,G-,0.9089167629218157,0.9881449670929334,true,0,-8.890457814381136e-18
186,G+,0.9089167629218157,0.9807391862375043,true,0,-6.627185779317646e-18
187,G-,0.9089167629218157,0.9875147291124045,true,0,-8.17217387510949e-18
188,G+,0.9089167629218157,0.9842432753662359,true,0,-9.595189226496714e-18
189,G-,0.9089167629218157,0.9847090530530037,true,0,-7.521652571618187e-18
190,G+,0.9089167629218157,0.9839327452177442,true,0,-6.600080725005508e-18
191,G-,0.9089167629218157,0.9833618109706836,true,0,-9.52742659071637e-18
192,G+,0.9089167629218157,0.9858541566271565,true,0,-6.627185779317646e-18
193,G-,0.9089167629218157,0.9838267270208271,true,0,-8.687169907040104e-18
194,G+,0.9089167629218157,0.9864881062441359,true,0,-5.407458335271453e-18
195,G-,0.9089167629218157,0.9819286930960771,true,0,-6.965998958219366e-18
196,G+,0.9089167629218157,0.9867856913268402,true,0,-7.887570804832045e-18
197,G-,0.9089167629218157,0.9814930480728645,true,0,-8.226383983733765e-18
198,G+,0.9089167629218157,0.9835466364780983,true,0,-6.871131268126884e-18
199,G-,0.9089167629218157,0.9853189042925937,true,0,-8.158621347953421e-18
200,G+,0.9089167629218157,0.9869984297091439,true,0,-5.082197683525802e-18
201,G-,0.9089167629218157,0.9812684149190687,true,0,-7.209944447028604e-18
202,F,0.9084566559329472,0.9922238466018924,true,0,-7.724940478959219e-18
203,G+,0.9184566559329472,0.5186022342027123,true,0,-7.724940478959219e-18
204,G-,0.8984566559329472,2.294137124190901,false,0,-7.724940478959219e-18
205,G+,0.9084566559329472,0.9941061245249079,true,0,-7.074419175467916e-18
206,G-,0.9084566559329472,0.9918790778222507,true,0,-6.044427111606687e-18
207,G+,0.9084566559329472,0.9927619063597408,true,0,-8.023096076392733e-18
208,G-,0.9084566559329472,0.9918057699158451,true,0,-7.15573433840433e-18
209,G+,0.9084566559329472,0.9927680634654761,true,0,-5.719166459861036e-18
210,G-,0.9084566559329472,0.9925739204915527,true,0,-6.830473686658678e-18
211,G+,0.9084566559329472,0.9956049052332583,true,0,-4.553649124439119e-18
212,G-,0.9084566559329472,0.9890522276574115,true,0,-7.304812137121086e-18
213,G+,0.9084566559329472,0.9880841927372573,true,0,-7.684282897491013e-18
214,G-,0.9084566559329472,0.9958487757482912,true,0,-7.020209066843641e-18
215,G+,0.9084566559329472,1.0000791772536755,false,0,-7.982438494924526e-18
216,G-,0.9084566559329472,0.9843663635938196,true,0,-4.4858864886587746e-18
217,G+,0.9084566559329472,0.9885876551749605,true,0,-6.708500942254059e-18
218,G-,0.9084566559329472,0.9952778566651462,true,0,-5.78692909564138e-18
219,G+,0.9084566559329472,0.9892581040459888,true,0,-6.220609964635582e-18
220,G-,0.9084566559329472,0.9948595905764334,true,0,-5.10930273783794e-18
221,G+,0.9084566559329472,0.9922204632208574,true,0,-5.6785088783928295e-18
222,G-,0.9084566559329472,0.9928162293761459,true,0,-7.318364664277155e-18
223,G+,0.9084566559329472,0.9925423707940958,true,0,-8.023096076392733e-18
224,G-,0.9084566559329472,0.9910798296072515,true,0,-6.451002926288751e-18
225,G+,0.9084566559329472,0.9941208915103588,true,0,-4.6349642873755315e-18
226,G-,0.9084566559329472,0.992056873610902,true,0,-7.26415455565288e-18
227,G+,0.9084566559329472,0.9946245241954417,true,0,-5.841139204265655e-18
228,G-,0.9084566559329472,0.9894859409597605,true,0,-8.17217387510949e-18
229,G+,0.9084566559329472,0.9956640919761188,true,0,-4.377466271410224e-18
230,G-,0.9084566559329472,0.9891559679081391,true,0,-6.207057437479513e-18
231,G+,0.9084566559329472,0.9912494242186592,true,0,-6.762711050878334e-18
232,G-,0.9084566559329472,0.9932664242119982,true,0,-5.515878552520004e-18
233,G+,0.9084566559329472,0.9952273439429182,true,0,-5.5429836068321414e-18
234,G-,0.9084566559329472,0.9887132741381678,true,0,-8.009543549236664e-18
235,F,0.9067433594682954,0.9649593243502642,true,0,-3.1170812458958252e-18
236,G+,0.9167433594682954,0.5075235730034521,true,0,-3.1170812458958252e-18
237,G-,0.8967433594682954,2.274962849917506,false,0,-3.1170812458958252e-18
238,G+,0.9067433594682954,0.9659902696709246,true,0,-3.1712913545201005e-18
239,G-,0.9067433594682954,0.9667203696094976,true,0,-5.800481622797449e-18
240,G+,0.9067433594682954,0.9656638597482762,true,0,-6.315477654728063e-18
241,G-,0.9067433594682954,0.965133855491757,true,0,-2.791820594150174e-18
242,G+,0.9067433594682954,0.9659059604867197,true,0,-3.5236570605778894e-18
243,G-,0.9067433594682954,0.9671947959554472,true,0,-2.168404344971009e-18
244,G+,0.9067433594682954,0.9680579593993955,true,0,-4.092863201132779e-18
245,G-,0.9067433594682954,0.9622768042494292,true,0,-5.8817967857338616e-18
246,G+,0.9067433594682954,0.9610418156778374,true,0,-6.044427111606687e-18
247,G-,0.9067433594682954,0.9687738221026336,true,0,-3.2255014631443757e-18
248,G+,0.9067433594682954,0.9723249718208786,true,0,-4.6349642873755315e-18
249,G-,0.9067433594682954,0.95841534140172,true,0,-5.204170427930421e-18
250,G+,0.9067433594682954,0.9617119678932033,true,0,-3.06287113727155e-18
251,G-,0.9067433594682954,0.9689842814875753,true,0,-4.607859233063394e-18
252,G+,0.9067433594682954,0.96194223402866,true,0,-5.3939058081153846e-18
253,G-,0.9067433594682954,0.9684126317356628,true,0,-3.2526065174565133e-18
254,G+,0.9067433594682954,0.9667134578810929,true,0,-3.821812658011403e-18
255,G-,0.9067433594682954,0.9654593622361021,true,0,-2.7647155398380363e-18
256,G+,0.9067433594682954,0.9660677347540633,true,0,-3.279711571768651e-18
257,G-,0.9067433594682954,0.9647950997431255,true,0,-4.038653092508504e-18
258,G+,0.9067433594682954,0.9677668140451582,true,0,-7.101524229780054e-18
259,G-,0.9067433594682954,0.9649802469517548,true,0,-6.207057437479513e-18
260,G+,0.9067433594682954,0.9678970015005481,true,0,-4.9873299934333204e-18
261,G-,0.9067433594682954,0.9627040481899384,true,0,-4.960224939121183e-18
262,G+,0.9067433594682954,0.9681948687487003,true,0,-6.0986372202309624e-18
263,G-,0.9067433594682954,0.9621427292848079,true,0,-6.423897871976614e-18
264,G+,0.9067433594682954,0.9645382003124103,true,0,-5.204170427930421e-18
265,G-,0.9067433594682954,0.9662164779269907,true,0,-3.3068166260807885e-18
266,G+,0.9067433594682954,0.9688212884244929,true,0,-6.532318089225164e-18
267,G-,0.9067433594682954,0.9618247660711143,true,0,-2.1412992906588713e-18
268,F,0.8790862167682197,NaN,false,-300,NaN
269,F,0.8929147881182575,1.2215054682790136,false,0,-3.7947076036992655e-18
270,F,0.8998290737932765,0.9255589308453428,true,0,-6.288372600415926e-18
271,G+,0.9098290737932765,0.5651214871085304,true,0,-6.288372600415926e-18
272,G-,0.8898290737932765,2.0901287553808108,false,0,-6.288372600415926e-18
273,G+,0.8998290737932765,0.9249899128997122,true,0,-5.5294310796760726e-18
274,G-,0.8998290737932765,0.9269763936341899,true,0,-4.336808689942018e-18
275,G+,0.8998290737932765,0.9272950664423887,true,0,-3.903127820947816e-18
276,G-,0.8998290737932765,0.9239962839454419,true,0,-2.927345865710862e-18
277,G+,0.8998290737932765,0.9254543098127743,true,0,-7.15573433840433e-18
278,G-,0.8998290737932765,0.9283799459440969,true,0,-5.7462715141731735e-18
279,G+,0.8998290737932765,0.9265306483257376,true,0,-2.4936649967166602e-18
280,G-,0.8998290737932765,0.9231855071571565,true,0,-2.710505431213761e-18
281,G+,0.8998290737932765,0.9239197649388725,true,0,-4.445228907190568e-18
282,G-,0.8998290737932765,0.9277484779619962,true,0,-3.2526065174565133e-18
283,G+,0.8998290737932765,0.924895645320603,true,0,-1.734723475976807e-18
284,G-,0.8998290737932765,0.9274071463849797,true,0,-5.637851296924623e-18
285,G+,0.8998290737932765,0.9258122727017948,true,0,-4.336808689942018e-18
286,G-,0.8998290737932765,0.9274559316487577,true,0,-7.806255641895632e-18
287,G+,0.8998290737932765,0.9237062394293244,true,0,-4.662069341687669e-18
288,G-,0.8998290737932765,0.9272915059108826,true,0,-5.095750210681871e-18
289,G+,0.8998290737932765,0.9273560501310915,true,0,-6.613633252161577e-18
290,G-,0.8998290737932765,0.925712881609787,true,0,-6.071532165918825e-18
291,G+,0.8998290737932765,0.927216015532791,true,0,-7.806255641895632e-18
292,G-,0.8998290737932765,0.9243458450603527,true,0,-8.023096076392733e-18
293,G+,0.8998290737932765,0.9280543823296615,true,0,-4.87890977618477e-18
294,G-,0.8998290737932765,0.924547972090176,true,0,-4.553649124439119e-18
295,G+,0.8998290737932765,0.9265021723822414,true,0,-4.9873299934333204e-18
296,G-,0.8998290737932765,0.923280378303817,true,0,-6.179952383167375e-18
297,G+,0.8998290737932765,0.9280476909113153,true,0,-5.421010862427522e-18
298,G-,0.8998290737932765,0.9216779623498833,true,0,-5.312590645178972e-18
299,G+,0.8998290737932765,0.9257521598977461,true,0,-5.204170427930421e-18
300,G-,0.8998290737932765,0.9251558490360701,true,0,-5.312590645178972e-18
301,G+,0.8998290737932765,0.9269481114038695,true,0,-4.662069341687669e-18
302,G-,0.8998290737932765,0.9230433356360207,true,0,-6.5052130349130266e-18
303,F,0.8981303987321704,0.9450754226913615,true,0,-5.854691731421724e-18
304,G+,0.9081303987321704,0.6172527403747242,true,0,-5.854691731421724e-18
305,G-,0.8881303987321704,1.9876572213309747,false,0,-5.854691731421724e-18
306,G+,0.8981303987321704,0.9475366550631302,true,0,-8.131516293641283e-18
307,G-,0.8981303987321704,0.942980490218948,true,0,-7.914675859144182e-18
308,G+,0.8981303987321704,0.9479545873790752,true,0,-7.15573433840433e-18
309,G-,0.8981303987321704,0.9429780513364723,true,0,-5.7462715141731735e-18
310,G+,0.8981303987321704,0.9462326570497998,true,0,-7.26415455565288e-18
311,G-,0.8981303987321704,0.9459742298515429,true,0,-4.553649124439119e-18
312,G+,0.8981303987321704,0.9436104889636822,true,0,-8.239936510889834e-18
313,G-,0.8981303987321704,0.9436939155481722,true,0,-5.637851296924623e-18
314,G+,0.8981303987321704,0.9440509029784074,true,0,-7.589415207398531e-18
315,G-,0.8981303987321704,0.9466775284726077,true,0,-5.421010862427522e-18
316,G+,0.8981303987321704,0.9427727459966717,true,0,-6.7220534694101275e-18
317,G-,0.8981303987321704,0.9453593168510828,true,0,-8.456776945386935e-18
318,G+,0.8981303987321704,0.9436409495199157,true,0,-5.637851296924623e-18
319,G-,0.8981303987321704,0.9461306585415489,true,0,-6.288372600415926e-18
320,G+,0.8981303987321704,0.9439097826502822,true,0,-6.830473686658678e-18
321,G-,0.8981303987321704,0.9467145040002922,true,0,-6.396792817664476e-18
322,G+,0.8981303987321704,0.9458824732910134,true,0,-3.3610267347050637e-18
323,G-,0.8981303987321704,0.9465312126766701,true,0,-4.9873299934333204e-18
324,G+,0.8981303987321704,0.9465046852448646,true,0,-4.553649124439119e-18
325,G-,0.8981303987321704,0.944187283471752,true,0,-6.288372600415926e-18
326,G+,0.8981303987321704,0.9471545398700792,true,0,-9.107298248878237e-18
327,G-,0.8981303987321704,0.9433481191642125,true,0,-6.830473686658678e-18
328,G+,0.8981303987321704,0.9433011398845085,true,0,-6.7220534694101275e-18
329,G-,0.8981303987321704,0.9443695139419697,true,0,-5.5294310796760726e-18
330,G+,0.8981303987321704,0.943600578480473,true,0,-9.432558900623889e-18
331,G-,0.8981303987321704,0.9438249116317484,true,0,-7.589415207398531e-18
332,G+,0.8981303987321704,0.9458552853276497,true,0,-7.589415207398531e-18
333,G-,0.8981303987321704,0.944357706528147,true,0,-6.396792817664476e-18
334,G+,0.8981303987321704,0.948507004500013,true,0,-5.095750210681871e-18
335,G-,0.8981303987321704,0.9389443761700175,true,0,-5.095750210681871e-18
336,F,0.8954227506685921,1.1449497233846415,false,0,-6.7220534694101275e-18
337,F,0.8979980465334406,0.9471474650101392,true,0,1.951563910473908e-18
338,G+,0.9079980465334406,0.6792499425638814,true,0,1.951563910473908e-18
339,G-,0.8879980465334406,1.6307293595945804,false,0,1.951563910473908e-18
340,G+,0.8979980465334406,0.9459805295576885,true,0,-1.0842021724855044e-19
341,G-,0.8979980465334406,0.9514155137735876,true,0,2.168404344971009e-19
342,G+,0.8979980465334406,0.949257365321736,true,0,-3.7947076036992655e-18
343,G-,0.8979980465334406,0.9446260059338237,true,0,-3.144186300207963e-18
344,G+,0.8979980465334406,0.9463462449162767,true,0,6.505213034913027e-19
345,G-,0.8979980465334406,0.9500968309265473,true,0,-1.6263032587282567e-18
346,G+,0.8979980465334406,0.9491453236338238,true,0,-1.734723475976807e-18
347,G-,0.8979980465334406,0.9453334016828676,true,0,-3.469446951953614e-18
348,G+,0.8979980465334406,0.9463358263635027,true,0,-3.577867169202165e-18
349,G-,0.8979980465334406,0.9469014877329747,true,0,-2.927345865710862e-18
350,G+,0.8979980465334406,0.9393045458047563,true,0,-3.2526065174565133e-18
351,G-,0.8979980465334406,0.9531668303224663,true,0,-1.4094628242311558e-18
352,G+,0.8979980465334406,0.947131909711924,true,0,-1.8431436932253575e-18
353,G-,0.8979980465334406,0.9469219672508755,true,0,-3.2526065174565133e-18
354,G+,0.8979980465334406,0.9458057510185385,true,0,-2.0599841277224584e-18
355,G-,0.8979980465334406,0.9479534916074842,true,0,-3.686287386450715e-18
356,G+,0.8979980465334406,0.9497824852991501,true,0,1.1926223897340549e-18
357,G-,0.8979980465334406,0.9469129016581308,true,0,-1.4094628242311558e-18
358,G+,0.8979980465334406,0.9495501942711982,true,0,-1.6263032587282567e-18
359,G-,0.8979980465334406,0.9455973811136406,true,0,-2.8189256484623115e-18
360,G+,0.8979980465334406,0.9495270625746227,true,0,-2.4936649967166602e-18
361,G-,0.8979980465334406,0.9479386585650214,true,0,1.0842021724855044e-19
362,G+,0.8979980465334406,0.9489757502722767,true,0,-2.6020852139652106e-18
363,G-,0.8979980465334406,0.9454793349635431,true,0,-2.0599841277224584e-18
364,G+,0.8979980465334406,0.9493082877485756,true,0,-1.951563910473908e-18
365,G-,0.8979980465334406,0.9450875579296983,true,0,-3.3610267347050637e-18
366,G+,0.8979980465334406,0.9486917484846731,true,0,-1.734723475976807e-18
367,G-,0.8979980465334406,0.9457558280088848,true,0,-4.119968255444917e-18
368,G+,0.8979980465334406,0.9491463169236761,true,0,-2.6020852139652106e-18
369,G-,0.8979980465334406,0.9452616789481331,true,0,-1.951563910473908e-18
370,F,0.8966647487357866,0.9900526061594798,true,0,-4.445228907190568e-18
371,G+,0.9066647487357866,0.6937510806583211,true,0,-4.445228907190568e-18
372,G-,0.8866647487357866,1.8928518215217331,false,0,-4.445228907190568e-18
373,G+,0.8966647487357866,0.9908644920775389,true,0,-8.565197162635485e-18
374,G-,0.8966647487357866,0.9925436679704922,true,0,-6.5052130349130266e-18
375,G+,0.8966647487357866,0.9928350999880001,true,0,-5.7462715141731735e-18
376,G-,0.8966647487357866,0.987814598997529,true,0,-5.854691731421724e-18
377,G+,0.8966647487357866,0.9916728643823204,true,0,-8.673617379884035e-18
378,G-,0.8966647487357866,0.9912165437132467,true,0,-8.782037597132586e-18
379,G+,0.8966647487357866,0.9918630476427825,true,0,-6.613633252161577e-18
380,G-,0.8966647487357866,0.988060975285437,true,0,-3.2526065174565133e-18
381,G+,0.8966647487357866,0.9890285234280113,true,0,-5.5294310796760726e-18
382,G-,0.8966647487357866,0.9905836016837445,true,0,-6.071532165918825e-18
383,G+,0.8966647487357866,0.9845849768706757,true,0,-7.37257477290143e-18
384,G-,0.8966647487357866,0.994191044596968,true,0,-7.37257477290143e-18
385,G+,0.8966647487357866,0.9895642410838977,true,0,-3.144186300207963e-18
386,G-,0.8966647487357866,0.9911669263638422,true,0,-5.204170427930421e-18
387,G+,0.8966647487357866,0.9885708217428577,true,0,-2.6020852139652106e-18
388,G-,0.8966647487357866,0.9905019410826901,true,0,-5.204170427930421e-18
389,G+,0.8966647487357866,0.9909492911001697,true,0,-7.914675859144182e-18
390,G-,0.8966647487357866,0.9915145930555059,true,0,-7.15573433840433e-18
391,G+,0.8966647487357866,0.991682110224548,true,0,-3.2526065174565133e-18
392,G-,0.8966647487357866,0.989217454486528,true,0,-4.553649124439119e-18
393,G+,0.8966647487357866,0.9905410142951371,true,0,-7.914675859144182e-18
394,G-,0.8966647487357866,0.9925264902789477,true,0,-5.421010862427522e-18
395,G+,0.8966647487357866,0.9914400933968506,true,0,-4.336808689942018e-18
396,G-,0.8966647487357866,0.9884433383140995,true,0,-5.7462715141731735e-18
397,G+,0.8966647487357866,0.9922236519433482,true,0,-6.288372600415926e-18
398,G-,0.8966647487357866,0.9876300606912503,true,0,-3.903127820947816e-18
399,G+,0.8966647487357866,0.9915038019290953,true,0,-6.7220534694101275e-18
400,G-,0.8966647487357866,0.9887773303123285,true,0,-4.553649124439119e-18
401,G+,0.8966647487357866,0.9919152684693624,true,0,-4.228388472693467e-18
402,G-,0.8966647487357866,0.9879904597660087,true,0,-5.5294310796760726e-18
403,F,0.8740919823057945,NaN,false,-300,NaN
404,F,0.8853783655207905,9.906754662260019,false,0,-5.312590645178972e-18
405,F,0.8910215571282886,1.8019331462752113,false,0,-4.87890977618477e-18
406,F,0.903494397864598,1.218577463175241,false,0,-3.3068166260807885e-18
407,F,0.8938431529320376,1.1297371304200576,false,0,-2.168404344971009e-18
408,F,0.8959887853230135,1.0247941527492812,false,0,-4.553649124439119e-18
409,F,0.8952539508339121,1.00354568281849,false,0,-2.168404344971009e-18
410,F,0.8954610108003299,0.9943587661715027,true,0,-6.179952383167375e-18
411,G+,0.9054610108003299,0.6641300902699749,true,0,-6.179952383167375e-18
412,G-,0.8854610108003299,2.281452294463371,false,0,-6.179952383167375e-18
413,G+,0.8954610108003299,0.9984090932670922,true,0,-6.179952383167375e-18
414,G-,0.8954610108003299,1.0033262505895835,false,0,-5.095750210681871e-18
415,G+,0.8954610108003299,0.9936060443610599,true,0,-5.5294310796760726e-18
416,G-,0.8954610108003299,0.9960504532186729,true,0,-4.336808689942018e-18
417,G+,0.8954610108003299,0.9998100096996931,true,0,-5.421010862427522e-18
418,G-,0.8954610108003299,1.0016207365613101,false,0,-5.204170427930421e-18
419,G+,0.8954610108003299,0.995361611713393,true,0,-8.239936510889834e-18
420,G-,0.8954610108003299,1.003455722768508,false,0,-7.914675859144182e-18
421,G+,0.8954610108003299,0.9933051748523538,true,0,-5.312590645178972e-18
422,G-,0.8954610108003299,0.9930272863236614,true,0,-4.119968255444917e-18
423,G+,0.8954610108003299,1.0044962334917034,false,0,-2.6020852139652106e-18
424,G-,0.8954610108003299,0.9918704022003939,true,0,-3.577867169202165e-18
425,G+,0.8954610108003299,0.9937220831133166,true,0,-4.445228907190568e-18
426,G-,0.8954610108003299,1.0032997292363879,false,0,-1.734723475976807e-18
427,G+,0.8954610108003299,0.9955875360725617,true,0,-5.095750210681871e-18
428,G-,0.8954610108003299,0.994615020251565,true,0,-5.5294310796760726e-18
429,G+,0.8954610108003299,1.0096157876233083,false,0,-5.095750210681871e-18
430,G-,0.8954610108003299,0.9924776092380573,true,0,-5.204170427930421e-18
431,G+,0.8954610108003299,0.9961496985394162,true,0,-4.0115480381963664e-18
432,G-,0.8954610108003299,1.0026546499800348,false,0,-2.6020852139652106e-18
433,G+,0.8954610108003299,1.0104665560698778,false,0,-3.577867169202165e-18
434,G-,0.8954610108003299,0.9915959441179782,true,0,-5.5294310796760726e-18
435,G+,0.8954610108003299,0.9968837407994243,true,0,-5.312590645178972e-18
436,G-,0.8954610108003299,1.0024127364637205,false,0,-3.577867169202165e-18
437,G+,0.8954610108003299,1.0020039767990432,false,0,-3.903127820947816e-18
438,G-,0.8954610108003299,0.9966020717714685,true,0,-5.7462715141731735e-18
439,G+,0.8954610108003299,0.9946736538319622,true,0,-4.9873299934333204e-18
440,G-,0.8954610108003299,0.9942227273910095,true,0,-5.637851296924623e-18
441,G+,0.8954610108003299,0.9992921469265402,true,0,-6.179952383167375e-18
442,G-,0.8954610108003299,0.9991919515413502,true,0,-4.7704895589362195e-18
443,F,0.8936221149963804,1.0975894313203287,false,0,-3.7947076036992655e-18
444,F,0.8950676455982622,1.0170625253495509,false,0,-1.0842021724855044e-17
445,F,0.8945415628983552,1.0363906498743634,false,0,-7.806255641895632e-18
446,F,0.8950012868493425,1.0110455849337898,false,0,-5.9631119486702744e-18
447,F,0.8952311488248362,1.0024387965186778,false,0,-5.421010862427522e-18
448,F,0.8949506110741055,1.015286697434269,false,0,-4.9873299934333204e-18
449,F,0.8951861058624405,1.0053665454120848,false,0,-7.48099499014998e-18
450,F,0.8950216175650884,1.0104178205791845,false,0,-4.119968255444917e-18
451,F,0.8952155990579004,1.0019823816282378,false,0,-4.87890977618477e-18
452,F,0.8950624056113484,1.0091660845129107,false,0,-3.3610267347050637e-18
453,F,0.8952476807311965,1.000754878798072,false,0,-4.336808689942018e-18
454,F,0.8952239294470804,1.0013805575833044,false,0,-7.48099499014998e-18
455,F,0.8953347604658836,0.9957323304204432,true,0,-6.613633252161577e-18
456,G+,0.9053347604658836,0.6631653944789591,true,0,-6.613633252161577e-18
457,G-,0.8853347604658836,2.328480285259263,false,0,-6.613633252161577e-18
458,G+,0.8953347604658836,0.9950681359252688,true,0,-6.613633252161577e-18
459,G-,0.8953347604658836,0.998736681345961,true,0,-6.288372600415926e-18
460,G+,0.8953347604658836,0.9960483008057386,true,0,-5.5294310796760726e-18
461,G-,0.8953347604658836,0.9956106144749033,true,0,-6.830473686658678e-18
462,G+,0.8953347604658836,0.9960011998409048,true,0,-7.15573433840433e-18
463,G-,0.8953347604658836,0.9971517017819388,true,0,-6.071532165918825e-18
464,G+,0.8953347604658836,0.9963260516390282,true,0,-6.396792817664476e-18
465,G-,0.8953347604658836,0.9944448028788329,true,0,-6.288372600415926e-18
466,G+,0.8953347604658836,0.9968848567137701,true,0,-5.7462715141731735e-18
467,G-,0.8953347604658836,0.9965039897129029,true,0,-7.047314121155779e-18
468,G+,0.8953347604658836,0.9988895260046179,true,0,-4.445228907190568e-18
469,G-,0.8953347604658836,0.9957096980852749,true,0,-8.456776945386935e-18
470,G+,0.8953347604658836,0.9957161437047037,true,0,-5.095750210681871e-18
471,G-,0.8953347604658836,0.9966363463471409,true,0,-7.37257477290143e-18
472,G+,0.8953347604658836,0.9948998397753128,true,0,-7.589415207398531e-18
473,G-,0.8953347604658836,0.9956711235100406,true,0,-7.37257477290143e-18
474,G+,0.8953347604658836,0.9953612488746565,true,0,-6.830473686658678e-18
475,G-,0.8953347604658836,0.9964625046963627,true,0,-6.288372600415926e-18
476,G+,0.8953347604658836,0.995455244360311,true,0,-5.5294310796760726e-18
477,G-,0.8953347604658836,0.9958611428745281,true,0,-8.131516293641283e-18
478,G+,0.8953347604658836,0.9964072442485319,true,0,-9.107298248878237e-18
479,G-,0.8953347604658836,0.997494847355697,true,0,-5.854691731421724e-18
480,G+,0.8953347604658836,0.9961255053547798,true,0,-6.396792817664476e-18
481,G-,0.8953347604658836,0.9933905292437015,true,0,-8.565197162635485e-18
482,G+,0.8953347604658836,0.9964875353367557,true,0,-7.15573433840433e-18
483,G-,0.8953347604658836,0.9944743466167648,true,0,-6.938893903907228e-18
484,G+,0.8953347604658836,0.9953762809445723,true,0,-8.023096076392733e-18
485,G-,0.8953347604658836,0.9955486419549048,true,0,-6.938893903907228e-18
486,G+,0.8953347604658836,0.9972393656030407,true,0,-7.914675859144182e-18
487,G-,0.8953347604658836,0.993723896490353,true,0,-4.9873299934333204e-18
488,F,0.8949414416535498,1.0079157587132133,false,0,-3.903127820947816e-18
489,F,0.8950461003342849,1.0012305463091744,false,0,-7.697835424647081e-18
490,F,0.8951381010597167,0.9970722083257959,true,0,-1.734723475976807e-18
491,G+,0.9051381010597167,0.6761164177804393,true,0,-1.734723475976807e-18
492,G-,0.8851381010597167,2.214935435497167,false,0,-1.734723475976807e-18
493,G+,0.8951381010597167,0.9964716454371799,true,0,-3.7947076036992655e-18
494,G-,0.8951381010597167,1.0008413908570768,false,0,-3.0357660829594124e-18
495,G+,0.8951381010597167,0.9973572279204957,true,0,-3.0357660829594124e-18
496,G-,0.8951381010597167,0.9972085270640484,true,0,-2.168404344971009e-18
497,G+,0.8951381010597167,0.9972173947257427,true,0,-2.710505431213761e-18
498,G-,0.8951381010597167,0.9992448968070351,true,0,-3.0357660829594124e-18
499,G+,0.8951381010597167,0.9980401853885849,true,0,-1.4094628242311558e-18
500,G-,0.8951381010597167,0.9966065206303476,true,0,-4.87890977618477e-18
501,G+,0.8951381010597167,0.9982009561495909,true,0,-3.469446951953614e-18
502,G-,0.8951381010597167,0.9987171666434376,true,0,-2.710505431213761e-18
503,G+,0.8951381010597167,1.0025730638165193,false,0,-2.4936649967166602e-18
504,G-,0.8951381010597167,0.9964128982430144,true,0,-6.7220534694101275e-18
505,G+,0.8951381010597167,0.9994303806176871,true,0,-1.1926223897340549e-18
506,G-,0.8951381010597167,0.995910954063765,true,0,-3.2526065174565133e-18
507,G+,0.8951381010597167,0.9963559970261442,true,0,-2.168404344971009e-18
508,G-,0.8951381010597167,0.9978503127726408,true,0,-2.4936649967166602e-18
509,G+,0.8951381010597167,0.9978227049958626,true,0,-2.710505431213761e-18
510,G-,0.8951381010597167,0.9997867782126325,true,0,-3.144186300207963e-18
511,G+,0.8951381010597167,0.9971718353043912,true,0,-1.5178830414797062e-18
512,G-,0.8951381010597167,0.9974402482464386,true,0,-4.0115480381963664e-18
513,G+,0.8951381010597167,0.9980595557344101,true,0,-4.553649124439119e-18
514,G-,0.8951381010597167,0.9995808128197918,true,0,-5.854691731421724e-18
515,G+,0.8951381010597167,0.9989459366211737,true,0,-5.312590645178972e-18
516,G-,0.8951381010597167,0.9965316017817014,true,0,-2.927345865710862e-18
517,G+,0.8951381010597167,0.9982103652471367,true,0,-5.7462715141731735e-18
518,G-,0.8951381010597167,0.9965038436262712,true,0,-5.637851296924623e-18
519,G+,0.8951381010597167,0.9973535904986464,true,0,-2.8189256484623115e-18
520,G-,0.8951381010597167,0.9968306239712649,true,0,-1.734723475976807e-18
521,G+,0.8951381010597167,0.9989388044636057,true,0,-5.312590645178972e-18
522,G-,0.8951381010597167,0.995859018786689,true,0,-3.144186300207963e-18
523,F,0.8950669790259185,0.9965688666842163,true,0,-9.86623976961809e-18
524,G+,0.9050669790259185,0.6762006142623062,true,0,-9.86623976961809e-18
525,G-,0.8850669790259185,2.2264974242201996,false,0,-9.86623976961809e-18
526,G+,0.8950669790259185,0.9962123167863987,true,0,-6.830473686658678e-18
527,G-,0.8950669790259185,1.0000990345868066,false,0,-5.421010862427522e-18
528,G+,0.8950669790259185,0.99696074422051,true,0,-6.7220534694101275e-18
529,G-,0.8950669790259185,0.9966033078553345,true,0,-6.396792817664476e-18
530,G+,0.8950669790259185,0.9969517030227535,true,0,-7.15573433840433e-18
531,G-,0.8950669790259185,0.9985978459962702,true,0,-7.806255641895632e-18
532,G+,0.8950669790259185,0.9975976981704183,true,0,-8.673617379884035e-19
533,G-,0.8950669790259185,0.9960988904137029,true,0,-4.9873299934333204e-18
534,G+,0.8950669790259185,1.0004419476651727,false,0,-6.5052130349130266e-18
535,G-,0.8950669790259185,0.9982901671708809,true,0,-6.5052130349130266e-18
536,G+,0.8950669790259185,1.0020151573001035,false,0,-5.9631119486702744e-18
537,G-,0.8950669790259185,0.9993367218641547,true,0,-6.830473686658678e-18
538,G+,0.8950669790259185,0.998687241287195,true,0,-9.432558900623889e-18
539,G-,0.8950669790259185,0.9953467575819238,true,0,-5.854691731421724e-18
540,G+,0.8950669790259185,0.9966599346347936,true,0,-5.637851296924623e-18
541,G-,0.8950669790259185,0.9976713172005165,true,0,-4.7704895589362195e-18
542,G+,0.8950669790259185,0.9975030722045471,true,0,-7.37257477290143e-18
543,G-,0.8950669790259185,0.9987606898300594,true,0,-3.3610267347050637e-18
544,G+,0.8950669790259185,0.9967119091836935,true,0,-9.324138683375338e-18
545,G-,0.8950669790259185,0.9969680745633814,true,0,-6.5052130349130266e-18
546,G+,0.8950669790259185,0.9973963235146223,true,0,-4.9873299934333204e-18
547,G-,0.8950669790259185,0.999368100230618,true,0,-6.396792817664476e-18
548,G+,0.8950669790259185,0.9977694558095831,true,0,-7.26415455565288e-18
549,G-,0.8950669790259185,0.9965417444940079,true,0,-5.637851296924623e-18
550,G+,0.8950669790259185,0.9977358578617016,true,0,-2.927345865710862e-18
551,G-,0.8950669790259185,0.9960345585962764,true,0,-4.87890977618477e-18
552,G+,0.8950669790259185,0.9968884535518429,true,0,-5.421010862427522e-18
553,G-,0.8950669790259185,0.9963270677558466,true,0,-4.119968255444917e-18
554,G+,0.8950669790259185,0.998442306754874,true,0,-5.9631119486702744e-18
555,G-,0.8950669790259185,0.9953748878847953,true,0,-6.179952383167375e-18
556,F,0.8949731876606432,1.0008024518338028,false,0,-7.26415455565288e-18
557,F,0.8949838366727434,1.0003123388411244,false,0,-2.4936649967166602e-18
558,G+,0.9049838366727434,0.6797702966429578,true,0,-2.4936649967166602e-18
559,G-,0.8849838366727434,2.2364335850333243,false,0,-2.4936649967166602e-18
560,G+,0.8949838366727434,1.0008995841973276,false,0,-5.637851296924623e-18
561,G-,0.8949838366727434,1.003208444392684,false,0,-6.5052130349130266e-18
562,G+,0.8949838366727434,1.0008312381368085,false,0,-3.903127820947816e-18
563,G-,0.8949838366727434,1.0001435765520215,false,0,-3.577867169202165e-18
564,G+,0.8949838366727434,1.0013042988533523,false,0,-5.421010862427522e-18
565,G-,0.8949838366727434,1.0017789402641544,false,0,-6.071532165918825e-18
566,G+,0.8949838366727434,1.0014058621185065,false,0,-4.9873299934333204e-18
567,G-,0.8949838366727434,0.9999318174713165,true,0,-2.8189256484623115e-18
568,G+,0.8949838366727434,1.0018415953818116,false,0,-4.336808689942018e-18
569,G-,0.8949838366727434,0.9983424812542726,true,0,-3.144186300207963e-18
570,G+,0.8949838366727434,0.9995630881124966,true,0,-5.312590645178972e-18
571,G-,0.8949838366727434,1.0003150343958773,false,0,-5.204170427930421e-18
572,G+,0.8949838366727434,1.000717268424994,false,0,-4.0115480381963664e-18
573,G-,0.8949838366727434,0.9983657622712713,true,0,-5.637851296924623e-18
574,G+,0.8949838366727434,1.0010079812410215,false,0,-3.686287386450715e-18
575,G-,0.8949838366727434,1.0002764043576284,false,0,-6.5052130349130266e-18
576,G+,0.8949838366727434,1.0007588570830976,false,0,-5.421010862427522e-18
577,G-,0.8949838366727434,1.0028745124271619,false,0,-5.854691731421724e-18
578,G+,0.8949838366727434,1.0003036723630543,false,0,-3.577867169202165e-18
579,G-,0.8949838366727434,1.0007364333294326,false,0,-5.854691731421724e-18
580,G+,0.8949838366727434,1.0008368109298642,false,0,-3.903127820947816e-18
581,G-,0.8949838366727434,1.003367844613778,false,0,-5.421010862427522e-18
582,G+,0.8949838366727434,1.0014534353131652,false,0,-4.662069341687669e-18
583,G-,0.8949838366727434,1.000351883505635,false,0,-5.095750210681871e-18
584,G+,0.8949838366727434,1.001389843806137,false,0,-5.204170427930421e-18
585,G-,0.8949838366727434,0.9998347873219056,true,0,-6.071532165918825e-18
586,G+,0.8949838366727434,1.0006188442939583,false,0,-4.119968255444917e-18
587,G-,0.8949838366727434,1.000062586705878,false,0,-6.7220534694101275e-18
588,G+,0.8949838366727434,1.0021153549392499,false,0,-5.312590645178972e-18
589,G-,0.8949838366727434,0.9991682162904407,true,0,-6.396792817664476e-18
590,F,0.8949275761892522,0.998369004622759,true,0,-6.179952383167375e-18
591,G+,0.9049275761892522,0.6796647054072327,true,0,-6.179952383167375e-18
592,G-,0.8849275761892522,2.2197266750194267,false,0,-6.179952383167375e-18
593,G+,0.8949275761892522,0.997956614663884,true,0,-5.9631119486702744e-18
594,G-,0.8949275761892522,1.0006281871678218,false,0,-4.87890977618477e-18
595,G+,0.8949275761892522,0.9984315098570696,true,0,-6.938893903907228e-18
596,G-,0.8949275761892522,0.9982007041306389,true,0,-5.095750210681871e-18
597,G+,0.8949275761892522,0.9993962372140903,true,0,-5.5294310796760726e-18
598,G-,0.8949275761892522,0.9995881476192934,true,0,-8.239936510889834e-18
599,G+,0.8949275761892522,0.9987033118019059,true,0,-4.553649124439119e-18
600,G-,0.8949275761892522,0.9975049832952284,true,0,-3.7947076036992655e-18
601,G+,0.8949275761892522,0.9987062657171772,true,0,-6.7220534694101275e-18
602,G-,0.8949275761892522,0.9956577911447655,true,0,-5.5294310796760726e-18
603,G+,0.8949275761892522,0.9963268638105299,true,0,-7.48099499014998e-18
604,G-,0.8949275761892522,0.9967573986240217,true,0,-5.312590645178972e-18
605,G+,0.8949275761892522,0.9975532552998405,true,0,-6.288372600415926e-18
606,G-,0.8949275761892522,0.9976636874515863,true,0,-3.7947076036992655e-18
607,G+,0.8949275761892522,0.9986480265091129,true,0,-7.589415207398531e-18
608,G-,0.8949275761892522,0.9976284490066946,true,0,-5.421010862427522e-18
609,G+,0.8949275761892522,0.9992319776202997,true,0,-5.312590645178972e-18
610,G-,0.8949275761892522,0.999351028873992,true,0,-8.673617379884035e-18
611,G+,0.8949275761892522,0.997958198167928,true,0,-5.312590645178972e-18
612,G-,0.8949275761892522,0.998610695220222,true,0,-3.3610267347050637e-18
613,G+,0.8949275761892522,0.9989810516833961,true,0,-5.854691731421724e-18
614,G-,0.8949275761892522,1.000214725362807,false,0,-7.589415207398531e-18
615,G+,0.8949275761892522,0.9983439658705752,true,0,-4.445228907190568e-18
616,G-,0.8949275761892522,0.9979764355363581,true,0,-4.228388472693467e-18
617,G+,0.8949275761892522,0.9987621921582306,true,0,-4.7704895589362195e-18
618,G-,0.8949275761892522,0.9975462018473299,true,0,-5.7462715141731735e-18
619,G+,0.8949275761892522,0.9980641266354632,true,0,-7.589415207398531e-18
620,G-,0.8949275761892522,0.9981602341889733,true,0,-5.312590645178972e-18
621,G+,0.8949275761892522,0.9994945756738451,true,0,-5.312590645178972e-18
622,G-,0.8949275761892522,0.996814101151666,true,0,-3.2526065174565133e-18
623,F,0.8946908560417896,1.0061794109215565,false,0,-5.9631119486702744e-18
624,F,0.8947773709039559,1.0035244517089112,false,0,-5.5294310796760726e-18
625,F,0.8948092161155209,0.9990759310952335,true,0,-8.239936510889834e-18
626,G+,0.9048092161155209,0.6812857744067465,true,0,-8.239936510889834e-18
627,G-,0.8848092161155209,2.241770190729498,false,0,-8.239936510889834e-18
628,G+,0.8948092161155209,0.999945719919109,true,0,-5.854691731421724e-18
629,G-,0.8948092161155209,1.0008532087565423,false,0,-3.7947076036992655e-18
630,G+,0.8948092161155209,0.9999968084766254,true,0,-5.854691731421724e-18
631,G-,0.8948092161155209,0.9987571723612562,true,0,-6.5052130349130266e-18
632,G+,0.8948092161155209,1.0005186019926444,false,0,-4.9873299934333204e-18
633,G-,0.8948092161155209,1.0001499787378312,false,0,-4.336808689942018e-18
634,G+,0.8948092161155209,0.9996580442592499,true,0,-5.5294310796760726e-18
635,G-,0.8948092161155209,0.9985648147900615,true,0,-4.7704895589362195e-18
636,G+,0.8948092161155209,1.0013121598854915,false,0,-5.854691731421724e-18
637,G-,0.8948092161155209,0.9988934167931202,true,0,-6.5052130349130266e-18
638,G+,0.8948092161155209,0.9998232674397564,true,0,-6.830473686658678e-18
639,G-,0.8948092161155209,1.0033038519365398,false,0,-5.7462715141731735e-18
640,G+,0.8948092161155209,1.0015342786766963,false,0,-7.37257477290143e-18
641,G-,0.8948092161155209,0.9978825314009955,true,0,-5.637851296924623e-18
642,G+,0.8948092161155209,1.000169370454089,false,0,-7.806255641895632e-18
643,G-,0.8948092161155209,0.9998890302610594,true,0,-6.7220534694101275e-18
644,G+,0.8948092161155209,0.9994573233152761,true,0,-5.637851296924623e-18
645,G-,0.8948092161155209,1.0009287802081768,false,0,-4.445228907190568e-18
646,G+,0.8948092161155209,0.9991460776217287,true,0,-7.48099499014998e-18
647,G-,0.8948092161155209,0.9993503828536043,true,0,-6.938893903907228e-18
648,G+,0.8948092161155209,0.9997463461858243,true,0,-5.7462715141731735e-18
649,G-,0.8948092161155209,1.0013749140780348,false,0,-5.854691731421724e-18
650,G+,0.8948092161155209,0.9993192368881482,true,0,-8.565197162635485e-18
651,G-,0.8948092161155209,0.9989043762182881,true,0,-4.228388472693467e-18
652,G+,0.8948092161155209,0.9996682727050124,true,0,-5.204170427930421e-18
653,G-,0.8948092161155209,0.9985388380586642,true,0,-4.7704895589362195e-18
654,G+,0.8948092161155209,0.9991794109236033,true,0,-8.131516293641283e-18
655,G-,0.8948092161155209,0.9990027724915213,true,0,-7.26415455565288e-18
656,G+,0.8948092161155209,1.002854071867259,false,0,-8.239936510889834e-18
657,G-,0.8948092161155209,0.9982974726946541,true,0,-2.927345865710862e-18
658,F,0.8931229772577478,1.487650352170135,false,0,-3.713392440762853e-18
659,F,0.8939660966866344,1.1006723111001695,false,0,-3.74049749507499e-18
660,F,0.8943876564010776,1.0302801825941084,false,0,-9.432558900623889e-18
661,F,0.8945984362582993,1.0124346982955832,false,0,-7.914675859144182e-18
662,F,0.8931284641787753,1.486224874130634,false,0,-3.876022766635678e-18
663,F,0.8992638700998847,1.2713955367981906,false,0,-6.0173220572945496e-18
664,F,0.893957532895666,1.1033175201726584,false,0,-5.366800753803247e-18
665,F,0.895268020653733,1.0522160928220945,false,0,-1.8431436932253575e-18
666,F,0.8943720966760478,1.0312916040859181,false,0,-2.927345865710862e-18
667,F,0.8947763108897666,1.0138654025682916,false,0,-4.119968255444917e-18
668,F,0.8945794374466817,1.0132501150408653,false,0,-2.927345865710862e-18
669,F,0.8947571657049516,1.0056727543104813,false,0,-9.974659986866641e-18
670,F,0.8946832258864161,1.0090939307036044,false,0,-6.179952383167375e-18
671,F,0.8948090620677571,1.003628035175021,false,0,-6.071532165918825e-18
672,F,0.8947353585948773,1.0011944178643646,false,0,-3.903127820947816e-18
673,F,0.8947618320147357,0.9996739090290977,true,0,-4.228388472693467e-18
674,G+,0.9047618320147357,0.6822040583678335,true,0,-4.228388472693467e-18
675,G-,0.8847618320147357,2.2393976609442996,false,0,-4.228388472693467e-18
676,G+,0.8947618320147357,1.003104163699773,false,0,-4.9873299934333204e-18
677,G-,0.8947618320147357,1.001624233782708,false,0,-7.047314121155779e-18
678,G+,0.8947618320147357,1.0001984352768643,false,0,-2.927345865710862e-18
679,G-,0.8947618320147357,1.0026024828676925,false,0,-6.5052130349130266e-18
680,G+,0.8947618320147357,1.0034518589680614,false,0,-3.903127820947816e-18
681,G-,0.8947618320147357,1.0012137349259365,false,0,-4.228388472693467e-18
682,G+,0.8947618320147357,1.0000163344806312,false,0,-5.312590645178972e-18
683,G-,0.8947618320147357,1.0022193926105627,false,0,-1.6263032587282567e-18
684,G+,0.8947618320147357,1.001811719023467,false,0,-2.710505431213761e-18
685,G-,0.8947618320147357,1.0028639746463313,false,0,-5.637851296924623e-18
686,G+,0.8947618320147357,1.002067628322509,false,0,-4.9873299934333204e-18
687,G-,0.8947618320147357,1.0036642401585012,false,0,-7.047314121155779e-18
688,G+,0.8947618320147357,1.0015669533475335,false,0,-4.119968255444917e-18
689,G-,0.8947618320147357,1.0010182701098784,false,0,-5.421010862427522e-18
690,G+,0.8947618320147357,1.001277840873283,false,0,-4.662069341687669e-18
691,G-,0.8947618320147357,1.0015886535428757,false,0,-4.7704895589362195e-18
692,G+,0.8947618320147357,1.0035901434081778,false,0,-3.7947076036992655e-18
693,G-,0.8947618320147357,1.0007326899328708,false,0,-4.662069341687669e-18
694,G+,0.8947618320147357,0.9999336972391396,true,0,-4.336808689942018e-18
695,G-,0.8947618320147357,1.002652843093128,false,0,-5.204170427930421e-18
696,G+,0.8947618320147357,1.0041587693174232,false,0,-2.3852447794681098e-18
697,G-,0.8947618320147357,1.000961316826983,false,0,-7.26415455565288e-18
698,G+,0.8947618320147357,0.9998309421322796,true,0,-4.445228907190568e-18
699,G-,0.8947618320147357,1.002424824190498,false,0,-4.119968255444917e-18
700,G+,0.8947618320147357,1.0000604893110028,false,0,-4.9873299934333204e-18
701,G-,0.8947618320147357,1.0021782238494443,false,0,-3.686287386450715e-18
702,G+,0.8947618320147357,0.9996491612479038,true,0,-5.312590645178972e-18
703,G-,0.8947618320147357,1.0026147850941767,false,0,-5.095750210681871e-18
704,G+,0.8947618320147357,1.0031819439510916,false,0,-5.854691731421724e-18
705,G-,0.8947618320147357,0.9990905477426382,true,0,-5.637851296924623e-18
706,F,0.8947306171616299,1.0012833400323797,false,0,-3.144186300207963e-18
707,F,0.894747778374433,1.000499900456572,false,0,-2.4936649967166602e-18
708,G+,0.904747778374433,0.6825599668568494,true,0,-2.4936649967166602e-18
709,G-,0.884747778374433,2.2478617595328387,false,0,-2.4936649967166602e-18
710,G+,0.894747778374433,1.0040204530263803,false,0,-4.87890977618477e-18
711,G-,0.894747778374433,1.002363518648189,false,0,-4.336808689942018e-18
712,G+,0.894747778374433,1.0009905461176418,false,0,-5.5294310796760726e-18
713,G-,0.894747778374433,1.0004995384907855,false,0,-4.0115480381963664e-18
714,G+,0.894747778374433,1.001539497626909,false,0,-3.2526065174565133e-18
715,G-,0.894747778374433,1.0018660782226612,false,0,-1.4094628242311558e-18
716,G+,0.894747778374433,1.0008831079768843,false,0,-4.7704895589362195e-18
717,G-,0.894747778374433,1.003025440268235,false,0,-2.0599841277224584e-18
718,G+,0.894747778374433,1.002350277670034,false,0,-2.168404344971009e-18
719,G-,0.894747778374433,1.0003537185169438,false,0,-4.228388472693467e-18
720,G+,0.894747778374433,1.0023197191624447,false,0,-3.0357660829594124e-18
721,G-,0.894747778374433,1.0045953001239123,false,0,-4.445228907190568e-18
722,G+,0.894747778374433,1.002856791104297,false,0,-4.553649124439119e-18
723,G-,0.894747778374433,0.9986682812864063,true,0,-4.553649124439119e-18
724,G+,0.894747778374433,1.0021692972314067,false,0,-8.673617379884035e-19
725,G-,0.894747778374433,0.999961505054,true,0,-3.686287386450715e-18
726,G+,0.894747778374433,1.001425288761893,false,0,-2.710505431213761e-18
727,G-,0.894747778374433,1.0016934319789383,false,0,-1.0842021724855044e-18
728,G+,0.894747778374433,1.0007058435919878,false,0,-4.336808689942018e-18
729,G-,0.894747778374433,1.0006612660005592,false,0,-4.553649124439119e-18
730,G+,0.894747778374433,1.00485046035367,false,0,-2.927345865710862e-18
731,G-,0.894747778374433,1.0019540235783522,false,0,-3.144186300207963e-18
732,G+,0.894747778374433,1.0006654758658615,false,0,-4.0115480381963664e-18
733,G-,0.894747778374433,1.0032637529773267,false,0,-3.469446951953614e-18
734,G+,0.894747778374433,1.000919398061374,false,0,-7.15573433840433e-18
735,G-,0.894747778374433,1.002992101506442,false,0,-3.3610267347050637e-18
736,G+,0.894747778374433,1.0004758894542423,false,0,-4.7704895589362195e-18
737,G-,0.894747778374433,1.0005519912728784,false,0,-3.903127820947816e-18
738,G+,0.894747778374433,1.0040536344971762,false,0,-3.2526065174565133e-18
739,G-,0.894747778374433,0.9998921068895563,true,0,-3.144186300207963e-18
740,F,0.883920052951786,NaN,false,-300,NaN
741,F,0.8893370609157294,NaN,false,-300,NaN
742,F,0.892045564951953,1.383347308394364,false,0,-3.3610267347050637e-18
743,F,0.8968485281946363,1.122731138821479,false,0,-4.662069341687669e-18
744,F,0.8933998170785685,1.1202851978466948,false,0,-8.456776945386935e-18
745,F,0.8949068904802764,1.0366016566741922,false,0,-7.806255641895632e-18
746,F,0.894076943358884,1.0425217054390106,false,0,-6.613633252161577e-18
747,F,0.894609722499476,1.0157110528892446,false,0,-5.421010862427522e-18
748,F,0.8944155069330584,1.0148775594443704,false,0,-4.228388472693467e-18
749,F,0.8946019341807255,1.005973528264855,false,0,-3.577867169202165e-18
750,F,0.8945847895881885,1.0088599807716956,false,0,-4.0115480381963664e-18
751,F,0.8946958229436207,1.003896313164802,false,0,-3.2526065174565133e-18
752,F,0.8947117576567329,1.000217058399274,false,0,-9.540979117872439e-18
753,G+,0.904711757656733,0.6807657372272568,true,0,-9.540979117872439e-18
754,G-,0.8847117576567329,2.2766036420902203,false,0,-9.540979117872439e-18
755,G+,0.8947117576567329,1.0010477571218268,false,0,-6.830473686658678e-18
756,G-,0.8947117576567329,1.0018557062569031,false,0,-6.288372600415926e-18
757,G+,0.8947117576567329,1.0007815855066684,false,0,-6.396792817664476e-18
758,G-,0.8947117576567329,1.0000950369462518,false,0,-9.432558900623889e-18
759,G+,0.8947117576567329,1.0015941459893352,false,0,-9.432558900623889e-18
760,G-,0.8947117576567329,1.0013690927729941,false,0,-6.830473686658678e-18
761,G+,0.8947117576567329,1.0000980708494336,false,0,-8.348356728138384e-18
762,G-,0.8947117576567329,0.9998042925123871,true,0,-1.1492543028346347e-17
763,G+,0.8947117576567329,1.0016431874189702,false,0,-5.9631119486702744e-18
764,G-,0.8947117576567329,1.0006055709089063,false,0,-9.324138683375338e-18
765,G+,0.8947117576567329,1.002947302750609,false,0,-8.998878031629687e-18
766,G-,0.8947117576567329,1.0029393753290154,false,0,-8.239936510889834e-18
767,G+,0.8947117576567329,1.0025408163405958,false,0,-4.87890977618477e-18
768,G-,0.8947117576567329,1.000576416306367,false,0,-8.456776945386935e-18
769,G+,0.8947117576567329,1.0013644891536564,false,0,-9.432558900623889e-18
770,G-,0.8947117576567329,1.000775536345947,false,0,-9.75781955236954e-18
771,G+,0.8947117576567329,1.0008347933195827,false,0,-9.540979117872439e-18
772,G-,0.8947117576567329,1.0016363971257414,false,0,-7.26415455565288e-18
773,G+,0.8947117576567329,1.0003489351051666,false,0,-9.64939933512099e-18
774,G-,0.8947117576567329,1.0004089063331567,false,0,-8.348356728138384e-18
775,G+,0.8947117576567329,1.001353772095447,false,0,-9.540979117872439e-18
776,G-,0.8947117576567329,1.0020949646795452,false,0,-1.0842021724855044e-17
777,G+,0.8947117576567329,1.0003235669894806,false,0,-8.348356728138384e-18
778,G-,0.8947117576567329,1.000080651402238,false,0,-6.288372600415926e-18
779,G+,0.8947117576567329,1.0001154778090333,false,0,-7.26415455565288e-18
780,G-,0.8947117576567329,0.9997899881173843,true,0,-6.071532165918825e-18
781,G+,0.8947117576567329,1.0002013787277249,false,0,-8.782037597132586e-18
782,G-,0.8947117576567329,1.0002414033848952,false,0,-9.107298248878237e-18
783,G+,0.8947117576567329,1.0008626773569058,false,0,-7.26415455565288e-18
784,G-,0.8947117576567329,0.9990490908003895,true,0,-7.047314121155779e-18
785,F,0.8946596663118698,1.0016858941858315,false,0,-4.87890977618477e-18
786,G+,0.9046596663118698,0.68154220391959,true,0,-4.87890977618477e-18
787,G-,0.8846596663118698,2.2870942109258965,false,0,-4.87890977618477e-18
788,G+,0.8946596663118698,1.0027273916535586,false,0,-4.228388472693467e-18
789,G-,0.8946596663118698,1.0030077555198114,false,0,-4.0115480381963664e-18
790,G+,0.8946596663118698,1.0018538768732692,false,0,-4.9873299934333204e-18
791,G-,0.8946596663118698,1.0016263154446126,false,0,-5.421010862427522e-18
792,G+,0.8946596663118698,1.0027298961058182,false,0,-5.637851296924623e-18
793,G-,0.8946596663118698,1.002534016092801,false,0,-6.613633252161577e-18
794,G+,0.8946596663118698,1.0014733054418774,false,0,-5.095750210681871e-18
795,G-,0.8946596663118698,1.0015473919567093,false,0,-4.0115480381963664e-18
796,G+,0.8946596663118698,1.0023820124595872,false,0,-4.553649124439119e-18
797,G-,0.8946596663118698,1.001315591545884,false,0,-5.854691731421724e-18
798,G+,0.8946596663118698,1.0026289202393028,false,0,-4.9873299934333204e-18
799,G-,0.8946596663118698,1.004332202231931,false,0,-4.553649124439119e-18
800,G+,0.8946596663118698,1.002610504135569,false,0,-4.87890977618477e-18
801,G-,0.8946596663118698,1.0029318031580023,false,0,-3.0357660829594124e-18
802,G+,0.8946596663118698,1.002960488325687,false,0,-4.0115480381963664e-18
803,G-,0.8946596663118698,1.0008364495733988,false,0,-3.7947076036992655e-18
804,G+,0.8946596663118698,1.0026930370594365,false,0,-5.421010862427522e-18
805,G-,0.8946596663118698,1.0021986064836252,false,0,-5.854691731421724e-18
806,G+,0.8946596663118698,1.001565694846924,false,0,-5.204170427930421e-18
807,G-,0.8946596663118698,1.0018256954891502,false,0,-2.3852447794681098e-18
808,G+,0.8946596663118698,1.0035962353973893,false,0,-3.686287386450715e-18
809,G-,0.8946596663118698,1.0025812962523932,false,0,-4.0115480381963664e-18
810,G+,0.8946596663118698,1.0012840839526405,false,0,-5.421010862427522e-18
811,G-,0.8946596663118698,1.0017080711911468,false,0,-2.8189256484623115e-18
812,G+,0.8946596663118698,1.0014714291351139,false,0,-3.577867169202165e-18
813,G-,0.8946596663118698,1.001514975993971,false,0,-4.336808689942018e-18
814,G+,0.8946596663118698,1.0011303622960706,false,0,-4.228388472693467e-18
815,G-,0.8946596663118698,1.0018481415461098,false,0,-3.903127820947816e-18
816,G+,0.8946596663118698,1.0022058597965293,false,0,-3.7947076036992655e-18
817,G-,0.8946596663118698,1.0007739702181084,false,0,-2.2768245622195593e-18
818,F,0.8946363062066875,1.0015221388543882,false,0,-8.782037597132586e-18
819,G+,0.9046363062066876,0.681419702780589,true,0,-8.782037597132586e-18
820,G-,0.8846363062066875,2.302886726499123,false,0,-8.782037597132586e-18
821,G+,0.8946363062066875,1.0027196308508697,false,0,-3.577867169202165e-18
822,G-,0.8946363062066875,1.0015482434733274,false,0,-8.348356728138384e-18
823,G+,0.8946363062066875,1.002066719070242,false,0,-4.445228907190568e-18
824,G-,0.8946363062066875,1.001292653480821,false,0,-5.5294310796760726e-18
825,G+,0.8946363062066875,1.0033690219820994,false,0,-5.095750210681871e-18
826,G-,0.8946363062066875,1.001560961884715,false,0,-7.697835424647081e-18
827,G+,0.8946363062066875,1.0009596230801356,false,0,-9.215718466126788e-18
828,G-,0.8946363062066875,1.0015436670221234,false,0,-6.938893903907228e-18
829,G+,0.8946363062066875,1.0016499272194062,false,0,-4.228388472693467e-18
830,G-,0.8946363062066875,0.9994184366960941,true,0,-5.095750210681871e-18
831,G+,0.8946363062066875,1.000848075645078,false,0,-6.288372600415926e-18
832,G-,0.8946363062066875,1.0001260706549184,false,0,-5.204170427930421e-18
833,G+,0.8946363062066875,0.9997146118269737,true,0,-3.577867169202165e-18
834,G-,0.8946363062066875,1.0005879661554538,false,0,-8.782037597132586e-18
835,G+,0.8946363062066875,1.003070428202042,false,0,-4.662069341687669e-18
836,G-,0.8946363062066875,1.0024278473041126,false,0,-5.9631119486702744e-18
837,G+,0.8946363062066875,1.002276832035144,false,0,-4.9873299934333204e-18
838,G-,0.8946363062066875,1.0023075714247829,false,0,-7.15573433840433e-18
839,G+,0.8946363062066875,1.0008426262832446,false,0,-4.0115480381963664e-18
840,G-,0.8946363062066875,1.0019351825505705,false,0,-9.215718466126788e-18
841,G+,0.8946363062066875,1.0027103019657304,false,0,-8.565197162635485e-18
842,G-,0.8946363062066875,1.0025451046605873,false,0,-7.047314121155779e-18
843,G+,0.8946363062066875,1.0007017036676877,false,0,-6.613633252161577e-18
844,G-,0.8946363062066875,1.001782056599221,false,0,-6.179952383167375e-18
845,G+,0.8946363062066875,1.0015870542776508,false,0,-7.37257477290143e-18
846,G-,0.8946363062066875,1.001324477908385,false,0,-5.9631119486702744e-18
847,G+,0.8946363062066875,1.0013539689032214,false,0,-5.5294310796760726e-18
848,G-,0.8946363062066875,1.0017955215252832,false,0,-5.5294310796760726e-18
849,G+,0.8946363062066875,1.0015943031594232,false,0,-4.87890977618477e-18
850,G-,0.8946363062066875,1.0013116018070527,false,0,-5.637851296924623e-18
851,F,0.8946190171483845,0.9997637274005998,true,0,-1.734723475976807e-18
852,G+,0.9046190171483846,0.6802572532657694,true,0,-1.734723475976807e-18
853,G-,0.8846190171483845,2.3191924095210856,false,0,-1.734723475976807e-18
854,G+,0.8946190171483845,1.000256180578365,false,0,-2.3852447794681098e-18
855,G-,0.8946190171483845,1.0020682053246603,false,0,-8.673617379884035e-19
856,G+,0.8946190171483845,0.9998227847679158,true,0,-2.6020852139652106e-18
857,G-,0.8946190171483845,1.0002031554920685,false,0,-1.734723475976807e-18
858,G+,0.8946190171483845,0.9999066732379971,true,0,-2.2768245622195593e-18
859,G-,0.8946190171483845,1.002673435975133,false,0,-3.0357660829594124e-18
860,G+,0.8946190171483845,0.9998800269268179,true,0,-2.3852447794681098e-18
861,G-,0.8946190171483845,1.0000484295646546,false,0,-6.071532165918825e-18
862,G+,0.8946190171483845,1.0011543610116573,false,0,-2.8189256484623115e-18
863,G-,0.8946190171483845,1.0022725701568684,false,0,-1.734723475976807e-18
864,G+,0.8946190171483845,1.0023511125224145,false,0,-2.927345865710862e-18
865,G-,0.8946190171483845,1.0009924479358179,false,0,-3.577867169202165e-18
866,G+,0.8946190171483845,0.999032089688402,true,0,-1.3010426069826053e-18
867,G-,0.8946190171483845,0.9986428647525353,true,0,-4.336808689942018e-18
868,G+,0.8946190171483845,1.0010099559112806,false,0,-2.0599841277224584e-18
869,G-,0.8946190171483845,1.0001895036632495,false,0,-4.87890977618477e-18
870,G+,0.8946190171483845,1.0024803131461222,false,0,-1.951563910473908e-18
871,G-,0.8946190171483845,0.9992960435981193,true,0,-1.6263032587282567e-18
872,G+,0.8946190171483845,1.0005115737190218,false,0,-1.1926223897340549e-18
873,G-,0.8946190171483845,0.9993680082630533,true,0,-3.2526065174565133e-18
874,G+,0.8946190171483845,1.0031924108779264,false,0,-2.168404344971009e-18
875,G-,0.8946190171483845,0.9992501515563738,true,0,-2.3852447794681098e-18
876,G+,0.8946190171483845,0.9996483218168745,true,0,-3.469446951953614e-18
877,G-,0.8946190171483845,0.9999021580479668,true,0,-3.3610267347050637e-18
878,G+,0.8946190171483845,0.9996108541046708,true,0,-1.3010426069826053e-18
879,G-,0.8946190171483845,0.9999316257314821,true,0,-2.168404344971009e-18
880,G+,0.8946190171483845,0.9995506344399643,true,0,-1.4094628242311558e-18
881,G-,0.8946190171483845,1.0000410767718948,false,0,-4.87890977618477e-18
882,G+,0.8946190171483845,0.9998563283045871,true,0,-4.0115480381963664e-18
883,G-,0.8946190171483845,0.9996751922311867,true,0,-3.469446951953614e-18
884,F,0.894607949937324,0.9993136918723553,true,0,-7.589415207398531e-18
885,G+,0.904607949937324,0.6795441152075651,true,0,-7.589415207398531e-18
886,G-,0.884607949937324,2.321570967453269,false,0,-7.589415207398531e-18
887,G+,0.894607949937324,1.0006439430309637,false,0,-6.5052130349130266e-18
888,G-,0.894607949937324,1.0007164208993524,false,0,-8.673617379884035e-18
889,G+,0.894607949937324,0.9998246018282057,true,0,-6.179952383167375e-18
890,G-,0.894607949937324,0.9993762508049866,true,0,-8.565197162635485e-18
891,G+,0.894607949937324,1.000493492233391,false,0,-6.938893903907228e-18
892,G-,0.894607949937324,1.0011409403133988,false,0,-8.565197162635485e-18
893,G+,0.894607949937324,0.999584661310853,true,0,-5.5294310796760726e-18
894,G-,0.894607949937324,0.9994776941466227,true,0,-7.589415207398531e-18
895,G+,0.894607949937324,1.0009768536748693,false,0,-6.7220534694101275e-18
896,G-,0.894607949937324,1.0018119112616695,false,0,-8.565197162635485e-18
897,G+,0.894607949937324,1.0022412770751061,false,0,-8.456776945386935e-18
898,G-,0.894607949937324,1.000758518387904,false,0,-6.938893903907228e-18
899,G+,0.894607949937324,0.9985556563571865,true,0,-6.830473686658678e-18
900,G-,0.894607949937324,0.9981061424270544,true,0,-6.071532165918825e-18
901,G+,0.894607949937324,1.0005008365205852,false,0,-4.336808689942018e-18
902,G-,0.894607949937324,1.0001659452279803,false,0,-7.589415207398531e-18
903,G+,0.894607949937324,1.0008893881220566,false,0,-6.7220534694101275e-18
904,G-,0.894607949937324,0.9996959972084368,true,0,-8.456776945386935e-18
905,G+,0.894607949937324,0.9996174733859606,true,0,-5.421010862427522e-18
906,G-,0.894607949937324,0.9993162251790909,true,0,-6.5052130349130266e-18
907,G+,0.894607949937324,1.001569034164772,false,0,-9.324138683375338e-18
908,G-,0.894607949937324,0.9999813642775911,true,0,-6.7220534694101275e-18
909,G+,0.894607949937324,0.9991039404324196,true,0,-5.095750210681871e-18
910,G-,0.894607949937324,0.9995423120413652,true,0,-7.697835424647081e-18
911,G+,0.894607949937324,0.9991836969312948,true,0,-6.830473686658678e-18
912,G-,0.894607949937324,0.9994533105675102,true,0,-7.697835424647081e-18
913,G+,0.894607949937324,0.9991024589132081,true,0,-4.553649124439119e-18
914,G-,0.894607949937324,0.9995701980749212,true,0,-7.047314121155779e-18
915,G+,0.894607949937324,0.9994303748921577,true,0,-5.7462715141731735e-18
916,G-,0.894607949937324,0.9991987786010003,true,0,-8.890457814381136e-18
917,F,0.8945975095791978,1.0000620188060496,false,0,-5.204170427930421e-18
918,G+,0.9045975095791978,0.6801054529391877,true,0,-5.204170427930421e-18
919,G-,0.8845975095791978,2.3249162416242086,false,0,-5.204170427930421e-18
920,G+,0.8945975095791978,1.001624962792429,false,0,-6.071532165918825e-18
921,G-,0.8945975095791978,1.0011736567182177,false,0,-6.938893903907228e-18
922,G+,0.8945975095791978,1.0006353031246733,false,0,-6.396792817664476e-18
923,G-,0.8945975095791978,1.0000212364856267,false,0,-4.553649124439119e-18
924,G+,0.8945975095791978,1.0015101774037583,false,0,-6.7220534694101275e-18
925,G-,0.8945975095791978,1.0015932384606814,false,0,-5.312590645178972e-18
926,G+,0.8945975095791978,1.0003739218089598,false,0,-4.336808689942018e-18
927,G-,0.8945975095791978,1.0001956912378165,false,0,-4.662069341687669e-18
928,G+,0.8945975095791978,1.0023932184810822,false,0,-6.071532165918825e-18
929,G-,0.8945975095791978,1.0025661565745638,false,0,-3.903127820947816e-18
930,G+,0.8945975095791978,1.0025935801506816,false,0,-5.312590645178972e-18
931,G-,0.8945975095791978,1.0013733940631089,false,0,-7.15573433840433e-18
932,G+,0.8945975095791978,0.99895593672589,true,0,-5.854691731421724e-18
933,G-,0.8945975095791978,0.9985126275993441,true,0,-5.7462715141731735e-18
934,G+,0.8945975095791978,1.0007720580167419,false,0,-6.830473686658678e-18
935,G-,0.8945975095791978,1.0009087827347993,false,0,-6.5052130349130266e-18
936,G+,0.8945975095791978,1.0013580579618746,false,0,-6.613633252161577e-18
937,G-,0.8945975095791978,1.0006670319308288,false,0,-5.312590645178972e-18
938,G+,0.8945975095791978,1.0002693344411966,false,0,-5.9631119486702744e-18
939,G-,0.8945975095791978,1.0001688240869946,false,0,-5.9631119486702744e-18
940,G+,0.8945975095791978,1.0020629878287297,false,0,-5.204170427930421e-18
941,G-,0.8945975095791978,1.0010138087647926,false,0,-7.37257477290143e-18
942,G+,0.8945975095791978,0.9998260080844197,true,0,-7.37257477290143e-18
943,G-,0.8945975095791978,1.0003144824865768,false,0,-7.26415455565288e-18
944,G+,0.8945975095791978,0.9999390697312809,true,0,-6.396792817664476e-18
945,G-,0.8945975095791978,1.0001949150442417,false,0,-5.7462715141731735e-18
946,G+,0.8945975095791978,0.9998548487680845,true,0,-6.938893903907228e-18
947,G-,0.8945975095791978,1.0003185899627713,false,0,-6.071532165918825e-18
948,G+,0.8945975095791978,1.00017775362182,false,0,-3.577867169202165e-18
949,G-,0.8945975095791978,0.9999414823168193,true,0,-3.686287386450715e-18
950,F,0.8921097715469942,NaN,false,-300,NaN
951,F,0.8933540227185249,NaN,false,-300,NaN
952,F,0.8939761483044716,NaN,false,-300,NaN
953,F,0.8942872110978074,3.5029207640602533,false,0,-3.2526065174565133e-18
954,F,0.8944427424952003,1.1499755900517656,false,0,-3.903127820947816e-18
955,F,0.89626442216173,1.0767965695404353,false,0,-6.938893903907228e-18
956,F,0.8945205081953467,1.032816390319085,false,0,-6.396792817664476e-18
957,F,0.8949191213301296,1.0154159317218767,false,0,-6.179952383167375e-18
958,F,0.8945593910483199,1.0081820415632063,false,0,-8.348356728138384e-18
959,F,0.8946587846824092,1.0037175272164482,false,0,-7.589415207398531e-18
960,F,0.89458855320835,1.0028753196939628,false,0,-8.239936510889834e-18
961,F,0.8946234890934753,1.0012824915976475,false,0,-3.144186300207963e-18
962,F,0.8945970590481507,0.9996512640181118,true,0,-3.144186300207963e-18
963,G+,0.9045970590481507,0.6799018465136778,true,0,-3.144186300207963e-18
964,G-,0.8845970590481507,2.3231147261373017,false,0,-3.144186300207963e-18
965,G+,0.8945970590481507,1.0012879264692136,false,0,-4.7704895589362195e-18
966,G-,0.8945970590481507,1.0006561027571246,false,0,-2.6020852139652106e-18
967,G+,0.8945970590481507,1.000197498338566,false,0,-4.0115480381963664e-18
968,G-,0.8945970590481507,0.9995683757544519,true,0,-2.0599841277224584e-18
969,G+,0.8945970590481507,1.001214140913529,false,0,-5.5294310796760726e-18
970,G-,0.8945970590481507,1.0010569255000206,false,0,-3.686287386450715e-18
971,G+,0.8945970590481507,0.9999826048723836,true,0,-3.469446951953614e-18
972,G-,0.8945970590481507,0.9997697095754572,true,0,-2.0599841277224584e-18
973,G+,0.8945970590481507,1.001935315011316,false,0,-4.0115480381963664e-18
974,G-,0.8945970590481507,1.002159894465092,false,0,-2.2768245622195593e-18
975,G+,0.8945970590481507,1.002138998811521,false,0,-2.8189256484623115e-18
976,G-,0.8945970590481507,1.0009773523465657,false,0,-4.228388472693467e-18
977,G+,0.8945970590481507,0.9985426114728199,true,0,-4.0115480381963664e-18
978,G-,0.8945970590481507,0.9980996825062836,true,0,-3.2526065174565133e-18
979,G+,0.8945970590481507,1.0003211436012647,false,0,-1.6263032587282567e-18
980,G-,0.8945970590481507,1.0005023149483128,false,0,-2.4936649967166602e-18
981,G+,0.8945970590481507,1.000786241782804,false,0,-5.095750210681871e-18
982,G-,0.8945970590481507,1.0004115360183958,false,0,-3.686287386450715e-18
983,G+,0.8945970590481507,0.9998273036108876,true,0,-4.553649124439119e-18
984,G-,0.8945970590481507,0.9997994231741947,true,0,-3.0357660829594124e-18
985,G+,0.8945970590481507,1.0015263984959042,false,0,-3.0357660829594124e-18
986,G-,0.8945970590481507,1.00080492362418,false,0,-1.1926223897340549e-18
987,G+,0.8945970590481507,0.9994124618697231,true,0,-5.095750210681871e-18
988,G-,0.8945970590481507,0.9999092177381218,true,0,-3.2526065174565133e-18
989,G+,0.8945970590481507,0.9995354587799509,true,0,-2.8189256484623115e-18
990,G-,0.8945970590481507,0.9997774060119333,true,0,-1.6263032587282567e-18
991,G+,0.8945970590481507,0.9994231982987029,true,0,-1.4094628242311558e-18
992,G-,0.8945970590481507,0.9998995108947963,true,0,-1.8431436932253575e-18
993,G+,0.8945970590481507,0.9997745333988972,true,0,-3.903127820947816e-18
994,G-,0.8945970590481507,0.9995254583146216,true,0,-3.469446951953614e-18
995,F,0.8945878174054765,1.0022010736354952,false,0,-7.697835424647081e-18
996,F,0.8946119595778155,1.0011063080117548,false,0,-5.095750210681871e-18
997,F,0.8945924382268136,1.0004846897192148,false,0,-6.830473686658678e-18
998,F,0.8945947486374821,0.9998684443454092,true,0,-6.938893903907228e-18
999,F,0.8945959038428164,0.9998031090040228,true,0,-5.204170427930421e-18
1000,F,0.8945962630713603,0.9997654310758579,true,0,-6.396792817664476e-18
1001,G+,0.9045962630713603,0.680054404834792,true,0,-6.396792817664476e-18
1002,G-,0.8845962630713603,2.322525599725471,false,0,-6.396792817664476e-18
1003,G+,0.8945962630713603,1.0014026179053688,false,0,-4.119968255444917e-18
1004,G-,0.8945962630713603,1.0008215797287603,false,0,-4.0115480381963664e-18
1005,G+,0.8945962630713603,1.000270502470723,false,0,-4.87890977618477e-18
1006,G-,0.8945962630713603,0.9996957542143814,true,0,-3.2526065174565133e-18
1007,G+,0.8945962630713603,1.0012926859946558,false,0,-4.9873299934333204e-18
1008,G-,0.8945962630713603,1.001051866487696,false,0,-3.3610267347050637e-18
1009,G+,0.8945962630713603,1.000099805393297,false,0,-6.288372600415926e-18
1010,G-,0.8945962630713603,0.9998815749273624,true,0,-5.637851296924623e-18
1011,G+,0.8945962630713603,1.001651336470328,false,0,-4.553649124439119e-18
1012,G-,0.8945962630713603,1.0018817332054768,false,0,-3.2526065174565133e-18
1013,G+,0.8945962630713603,1.0022549664606544,false,0,-5.095750210681871e-18
1014,G-,0.8945962630713603,1.0015852652545012,false,0,-4.445228907190568e-18
1015,G+,0.8945962630713603,0.999077173429249,true,0,-8.565197162635485e-18
1016,G-,0.8945962630713603,0.9986019493613904,true,0,-3.469446951953614e-18
1017,G+,0.8945962630713603,1.0009213337459253,false,0,-3.2526065174565133e-18
1018,G-,0.8945962630713603,1.0006175575789904,false,0,-3.577867169202165e-18
1019,G+,0.8945962630713603,1.0009988261941347,false,0,-5.312590645178972e-18
1020,G-,0.8945962630713603,1.0004958214866584,false,0,-3.577867169202165e-18
1021,G+,0.8945962630713603,1.0000039778521124,false,0,-8.348356728138384e-18
1022,G-,0.8945962630713603,0.9998991668047226,true,0,-4.119968255444917e-18
1023,G+,0.8945962630713603,1.0016687301904141,false,0,-5.421010862427522e-18
1024,G-,0.8945962630713603,1.000842637543017,false,0,-5.421010862427522e-18
1025,G+,0.8945962630713603,0.9995350783403228,true,0,-1.951563910473908e-18
1026,G-,0.8945962630713603,1.0000152049786502,false,0,-4.553649124439119e-18
1027,G+,0.8945962630713603,0.9996581855471897,true,0,-4.7704895589362195e-18
1028,G-,0.8945962630713603,0.9998849505751221,true,0,-6.5052130349130266e-18
1029,G+,0.8945962630713603,0.9995429176433518,true,0,-3.2526065174565133e-18
1030,G-,0.8945962630713603,1.0000077438644293,false,0,-3.686287386450715e-18
1031,G+,0.8945962630713603,0.9998942426911339,true,0,-6.179952383167375e-18
1032,G-,0.8945962630713603,0.9996342992129591,true,0,-3.577867169202165e-18
1033,F,0.894545815968036,1.001924243142706,false,0,-2.0599841277224584e-18
1034,F,0.8945720835673159,1.0007399652217916,false,0,-2.927345865710862e-18
1035,F,0.8945710395196982,1.0020415004991288,false,0,-6.071532165918825e-18
1036,F,0.8945987340603947,1.000786310782488,false,0,-3.577867169202165e-18
1037,F,0.8945836512955292,1.0016159299044087,false,0,-4.7704895589362195e-18
1038,F,0.8946061676750076,1.0005926079690788,false,0,-5.095750210681871e-18
1039,F,0.8945899571834448,1.0002294998390686,false,0,-5.312590645178972e-18
1040,F,0.8945956038268649,0.9999722994546625,true,0,-1.5178830414797062e-18
1041,G+,0.9045956038268649,0.6808243701199144,true,0,-1.5178830414797062e-18
1042,G-,0.8845956038268649,2.318962608929824,false,0,-1.5178830414797062e-18
1043,G+,0.8945956038268649,1.00181255190174,false,0,-4.336808689942018e-18
1044,G-,0.8945956038268649,1.0009551842374764,false,0,-5.312590645178972e-18
1045,G+,0.8945956038268649,1.000608008475127,false,0,-5.5294310796760726e-18
1046,G-,0.8945956038268649,0.9999251054202911,true,0,-6.938893903907228e-18
1047,G+,0.8945956038268649,1.0016929014819922,false,0,-3.2526065174565133e-18
1048,G-,0.8945956038268649,1.0010654971591708,false,0,-5.854691731421724e-18
1049,G+,0.8945956038268649,1.0003827137170345,false,0,-6.613633252161577e-18
1050,G-,0.8945956038268649,1.0000783597931888,false,0,-2.2768245622195593e-18
1051,G+,0.8945956038268649,1.0007097024011404,false,0,-5.854691731421724e-18
1052,G-,0.8945956038268649,1.000606433549033,false,0,-6.613633252161577e-18
1053,G+,0.8945956038268649,1.0015030000278318,false,0,-4.9873299934333204e-18
1054,G-,0.8945956038268649,1.000654946004587,false,0,-5.854691731421724e-18
1055,G+,0.8945956038268649,0.9989945689535067,true,0,-4.662069341687669e-18
1056,G-,0.8945956038268649,0.9993037999202274,true,0,-5.312590645178972e-18
1057,G+,0.8945956038268649,1.0014904704602534,false,0,-4.336808689942018e-18
1058,G-,0.8945956038268649,1.000823380296374,false,0,-4.9873299934333204e-18
1059,G+,0.8945956038268649,1.0009760233299239,false,0,-3.144186300207963e-18
1060,G-,0.8945956038268649,1.001085594313896,false,0,-5.204170427930421e-18
1061,G+,0.8945956038268649,1.000212638775381,false,0,-4.0115480381963664e-18
1062,G-,0.8945956038268649,1.0002409962846703,false,0,-5.204170427930421e-18
1063,G+,0.8945956038268649,1.0015606509766073,false,0,-3.903127820947816e-18
1064,G-,0.8945956038268649,1.0014549777625223,false,0,-4.445228907190568e-18
1065,G+,0.8945956038268649,0.9997732632080305,true,0,-4.553649124439119e-18
1066,G-,0.8945956038268649,1.0002502832978828,false,0,-4.87890977618477e-18
1067,G+,0.8945956038268649,0.9999305016102233,true,0,-5.421010862427522e-18
1068,G-,0.8945956038268649,1.0000897377580524,false,0,-2.8189256484623115e-18
1069,G+,0.8945956038268649,0.9998114119381758,true,0,-4.228388472693467e-18
1070,G-,0.8945956038268649,1.0001799453449545,false,0,-5.095750210681871e-18
1071,G+,0.8945956038268649,1.0001627525659977,false,0,-5.5294310796760726e-18
1072,G-,0.8945956038268649,0.9998451730185213,true,0,-3.3610267347050637e-18
1073,F,0.894584917144492,0.9997585730039078,true,0,-6.830473686658678e-18
1074,G+,0.904584917144492,0.6811134915076105,true,0,-6.830473686658678e-18
1075,G-,0.884584917144492,2.326043996408411,false,0,-6.830473686658678e-18
1076,G+,0.894584917144492,1.0009666463150708,false,0,-6.7220534694101275e-18
1077,G-,0.894584917144492,1.0013741629011583,false,0,-6.071532165918825e-18
1078,G+,0.894584917144492,1.0002036527219083,false,0,-3.577867169202165e-18
1079,G-,0.894584917144492,0.9998863131451828,true,0,-5.9631119486702744e-18
1080,G+,0.894584917144492,1.0009518372562813,false,0,-3.2526065174565133e-18
1081,G-,0.894584917144492,1.001804386321593,false,0,-7.15573433840433e-18
1082,G+,0.894584917144492,1.0001133265189417,false,0,-6.938893903907228e-18
1083,G-,0.894584917144492,0.9998925937849921,true,0,-4.553649124439119e-18
1084,G+,0.894584917144492,1.000358338752461,false,0,-3.7947076036992655e-18
1085,G-,0.894584917144492,1.000537245613683,false,0,-6.071532165918825e-18
1086,G+,0.894584917144492,1.001044482380745,false,0,-1.5178830414797062e-18
1087,G-,0.894584917144492,1.000720427154802,false,0,-4.87890977618477e-18
1088,G+,0.894584917144492,0.9986817117759541,true,0,-6.396792817664476e-18
1089,G-,0.894584917144492,0.9992414978923988,true,0,-4.0115480381963664e-18
1090,G+,0.894584917144492,1.0012100209430754,false,0,-7.48099499014998e-18
1091,G-,0.894584917144492,1.0006876107376188,false,0,-7.589415207398531e-18
1092,G+,0.894584917144492,1.0011724392251544,false,0,-2.927345865710862e-18
1093,G-,0.894584917144492,1.0005471888297701,false,0,-7.48099499014998e-18
1094,G+,0.894584917144492,1.000425435465666,false,0,-7.047314121155779e-18
1095,G-,0.894584917144492,0.9997308884677576,true,0,-3.903127820947816e-18
1096,G+,0.894584917144492,1.001758562425092,false,0,-8.023096076392733e-18
1097,G-,0.894584917144492,1.0007913903337828,false,0,-1.8431436932253575e-18
1098,G+,0.894584917144492,0.9996506812015187,true,0,-4.553649124439119e-18
1099,G-,0.894584917144492,0.9999464043577625,true,0,-4.119968255444917e-18
1100,G+,0.894584917144492,0.9997387712311415,true,0,-6.613633252161577e-18
1101,G-,0.894584917144492,0.9998523851618668,true,0,-5.854691731421724e-18
1102,G+,0.894584917144492,0.999667002746136,true,0,-6.613633252161577e-18
1103,G-,0.894584917144492,0.9999478187443821,true,0,-7.26415455565288e-18
1104,G+,0.894584917144492,0.9999608107480166,true,0,-4.0115480381963664e-18
1105,G-,0.894584917144492,0.9996171613896997,true,0,-4.228388472693467e-18
1106,F,0.894575860781019,1.0010476730556948,false,0,-4.662069341687669e-18
1107,F,0.8945827847890964,0.9999419890489996,true,0,-5.421010862427522e-18
1108,G+,0.9045827847890964,0.6844727976548958,true,0,-5.421010862427522e-18
1109,G-,0.8845827847890964,2.2943686096526674,false,0,-5.421010862427522e-18
1110,G+,0.8945827847890964,0.9996551145303983,true,0,-6.938893903907228e-18
1111,G-,0.8945827847890964,1.0030011700516859,false,0,-3.0357660829594124e-18
1112,G+,0.8945827847890964,0.9997829738160895,true,0,-3.903127820947816e-18
1113,G-,0.8945827847890964,1.0006252189749725,false,0,-4.9873299934333204e-18
1114,G+,0.8945827847890964,0.9998594227301328,true,0,-4.119968255444917e-18
1115,G-,0.8945827847890964,1.0026025165001848,false,0,-6.7220534694101275e-18
1116,G+,0.8945827847890964,0.9998246490027954,true,0,-1.3010426069826053e-18
1117,G-,0.8945827847890964,0.9999346348800403,true,0,-6.396792817664476e-18
1118,G+,0.8945827847890964,1.0018430729383219,false,0,-4.553649124439119e-18
1119,G-,0.8945827847890964,1.0004236362655576,false,0,-4.119968255444917e-18
1120,G+,0.8945827847890964,1.0019955887362773,false,0,-4.445228907190568e-18
1121,G-,0.8945827847890964,1.0029621691401158,false,0,-3.686287386450715e-18
1122,G+,0.8945827847890964,1.0011916344483553,false,0,-4.336808689942018e-18
1123,G-,0.8945827847890964,1.0004128408735729,false,0,-5.5294310796760726e-18
1124,G+,0.8945827847890964,1.001305682478149,false,0,-4.7704895589362195e-18
1125,G-,0.8945827847890964,0.9995265792287775,true,0,-3.577867169202165e-18
1126,G+,0.8945827847890964,1.0019552981424569,false,0,-3.7947076036992655e-18
1127,G-,0.8945827847890964,1.000177317213588,false,0,-5.9631119486702744e-18
1128,G+,0.8945827847890964,1.0010123018110806,false,0,-4.553649124439119e-18
1129,G-,0.8945827847890964,0.9995337399831309,true,0,-6.179952383167375e-18
1130,G+,0.8945827847890964,1.0020217001686138,false,0,-6.938893903907228e-18
1131,G-,0.8945827847890964,1.0003558626089373,false,0,-3.577867169202165e-18
1132,G+,0.8945827847890964,0.9999039777539924,true,0,-6.288372600415926e-18
1133,G-,0.8945827847890964,0.9998334658107183,true,0,-6.5052130349130266e-18
1134,G+,0.8945827847890964,0.9999489372566147,true,0,-2.927345865710862e-18
1135,G-,0.8945827847890964,0.9997767697259998,true,0,-5.5294310796760726e-18
1136,G+,0.8945827847890964,1.0000559046085458,false,0,-5.204170427930421e-18
1137,G-,0.8945827847890964,0.9999017724270376,true,0,-3.903127820947816e-18
1138,G+,0.8945827847890964,1.0003897088514782,false,0,-5.421010862427522e-18
1139,G-,0.8945827847890964,0.9993197187359595,true,0,-6.179952383167375e-18
1140,F,0.8945338941098672,1.002095205133722,false,0,-1.6263032587282567e-18
1141,F,0.8945597568420717,1.00125678700749,false,0,-6.613633252161577e-18
1142,F,0.8945583394494817,1.0009418383374789,false,0,-4.336808689942018e-18
1143,F,0.8945705621192891,1.0000916390890715,false,0,-3.577867169202165e-18
1144,G+,0.9045705621192891,0.6841459022219265,true,0,-3.577867169202165e-18
1145,G-,0.8845705621192891,2.303397297420444,false,0,-3.577867169202165e-18
1146,G+,0.8945705621192891,0.9998899728252775,true,0,-3.903127820947816e-18
1147,G-,0.8945705621192891,1.0026029772545237,false,0,-1.8431436932253575e-18
1148,G+,0.8945705621192891,1.0001241679331585,false,0,-5.637851296924623e-18
1149,G-,0.8945705621192891,1.0006115671053455,false,0,-5.7462715141731735e-18
1150,G+,0.8945705621192891,1.000420316032876,false,0,-2.2768245622195593e-18
1151,G-,0.8945705621192891,1.0024170542561344,false,0,-5.637851296924623e-18
1152,G+,0.8945705621192891,0.9999678118318321,true,0,-3.144186300207963e-18
1153,G-,0.8945705621192891,0.9997646468989175,true,0,-3.469446951953614e-18
1154,G+,0.8945705621192891,1.0007335358696126,false,0,-4.7704895589362195e-18
1155,G-,0.8945705621192891,0.9999689941252691,true,0,-4.662069341687669e-18
1156,G+,0.8945705621192891,1.0018920209331368,false,0,-4.553649124439119e-18
1157,G-,0.8945705621192891,1.0019344713591132,false,0,-5.421010862427522e-18
1158,G+,0.8945705621192891,1.0015251680727804,false,0,-1.6263032587282567e-18
1159,G-,0.8945705621192891,1.0012580802803417,false,0,-2.2768245622195593e-18
1160,G+,0.8945705621192891,1.0010298139457976,false,0,-1.6263032587282567e-18
1161,G-,0.8945705621192891,0.9996801421024831,true,0,-5.637851296924623e-18
1162,G+,0.8945705621192891,1.0018651692643208,false,0,-3.0357660829594124e-18
1163,G-,0.8945705621192891,1.0006373480198643,false,0,-6.179952383167375e-18
1164,G+,0.8945705621192891,1.001011660327773,false,0,-2.0599841277224584e-18
1165,G-,0.8945705621192891,0.9998047717099591,true,0,-2.4936649967166602e-18
1166,G+,0.8945705621192891,1.0020024834537113,false,0,-3.686287386450715e-18
1167,G-,0.8945705621192891,1.0007601289507537,false,0,-2.6020852139652106e-18
1168,G+,0.8945705621192891,0.9999764433036179,true,0,-5.5294310796760726e-18
1169,G-,0.8945705621192891,1.0000665097632944,false,0,-6.071532165918825e-18
1170,G+,0.8945705621192891,1.0000495672206495,false,0,-2.4936649967166602e-18
1171,G-,0.8945705621192891,0.9999714870346212,true,0,-4.0115480381963664e-18
1172,G+,0.8945705621192891,1.0001386835556878,false,0,-1.734723475976807e-18
1173,G-,0.8945705621192891,1.000098216346113,false,0,-6.288372600415926e-18
1174,G+,0.8945705621192891,1.0004810669197368,false,0,-4.553649124439119e-18
1175,G-,0.8945705621192891,0.9995330648635465,true,0,-5.095750210681871e-18
1176,F,0.8945435601494471,1.0013707132849181,false,0,-4.445228907190568e-18
1177,G+,0.9045435601494471,0.6843136561115093,true,0,-4.445228907190568e-18
1178,G-,0.8845435601494471,2.3262474109336972,false,0,-4.445228907190568e-18
1179,G+,0.8945435601494471,1.0026214811298444,false,0,-5.5294310796760726e-18
1180,G-,0.8945435601494471,1.0020445347685878,false,0,-3.903127820947816e-18
1181,G+,0.8945435601494471,1.001804042758363,false,0,-3.0357660829594124e-18
1182,G-,0.8945435601494471,1.0014664637894302,false,0,-2.168404344971009e-18
1183,G+,0.8945435601494471,1.0026941824613471,false,0,-2.8189256484623115e-18
1184,G-,0.8945435601494471,1.0026206854370763,false,0,-5.854691731421724e-18
1185,G+,0.8945435601494471,1.000890454150078,false,0,-4.7704895589362195e-18
1186,G-,0.8945435601494471,1.0013581114604635,false,0,-2.2768245622195593e-18
1187,G+,0.8945435601494471,1.0010143800898272,false,0,-3.0357660829594124e-18
1188,G-,0.8945435601494471,1.0004456759109068,false,0,-2.2768245622195593e-18
1189,G+,0.8945435601494471,1.0002488311772417,false,0,-3.2526065174565133e-18
1190,G-,0.8945435601494471,1.0000545780604355,false,0,-4.662069341687669e-18
1191,G+,0.8945435601494471,0.99974046526691,true,0,-6.396792817664476e-18
1192,G-,0.8945435601494471,1.0014992306612194,false,0,-3.469446951953614e-18
1193,G+,0.8945435601494471,1.0027751662603155,false,0,-3.0357660829594124e-18
1194,G-,0.8945435601494471,1.0009795840681173,false,0,-3.3610267347050637e-18
1195,G+,0.8945435601494471,1.0025083588060053,false,0,-3.3610267347050637e-18
1196,G-,0.8945435601494471,1.0024741432538709,false,0,-6.7220534694101275e-18
1197,G+,0.8945435601494471,1.0019022305435115,false,0,-7.15573433840433e-18
1198,G-,0.8945435601494471,1.0013271210747827,false,0,-2.927345865710862e-18
1199,G+,0.8945435601494471,1.002753366177963,false,0,-5.095750210681871e-18
1200,G-,0.8945435601494471,1.0020163430039402,false,0,-4.87890977618477e-18
1201,G+,0.8945435601494471,1.0003784021127538,false,0,-2.2768245622195593e-18
1202,G-,0.8945435601494471,1.0014578706596173,false,0,-4.9873299934333204e-18
1203,G+,0.8945435601494471,1.0012165594376483,false,0,-5.095750210681871e-18
1204,G-,0.8945435601494471,1.0006449775074,false,0,-1.4094628242311558e-18
1205,G+,0.8945435601494471,1.0013146915568925,false,0,-3.3610267347050637e-18
1206,G-,0.8945435601494471,1.0013995150570776,false,0,-3.2526065174565133e-18
1207,G+,0.8945435601494471,1.0009418492603244,false,0,-6.288372600415926e-18
1208,G-,0.8945435601494471,1.0008871933980066,false,0,-3.903127820947816e-18
1209,F,0.8945570440118101,1.0004706593041501,false,0,-5.5294310796760726e-18
1210,G+,0.9045570440118101,0.6836905521606167,true,0,-5.5294310796760726e-18
1211,G-,0.8845570440118101,2.3210445922725293,false,0,-5.5294310796760726e-18
1212,G+,0.8945570440118101,1.0016733838073932,false,0,-6.7220534694101275e-18
1213,G-,0.8945570440118101,1.0013895680704472,false,0,-7.48099499014998e-18
1214,G+,0.8945570440118101,1.000019886097828,false,0,-6.5052130349130266e-18
1215,G-,0.8945570440118101,1.0006752789475941,false,0,-5.421010862427522e-18
1216,G+,0.8945570440118101,1.001709800827368,false,0,-4.87890977618477e-18
1217,G-,0.8945570440118101,1.0011776068755804,false,0,-4.662069341687669e-18
1218,G+,0.8945570440118101,1.0000308812246668,false,0,-7.26415455565288e-18
1219,G-,0.8945570440118101,1.0004854845458828,false,0,-9.540979117872439e-18
1220,G+,0.8945570440118101,0.9992509399710634,true,0,-6.5052130349130266e-18
1221,G-,0.8945570440118101,0.9999426292031658,true,0,-4.9873299934333204e-18
1222,G+,0.8945570440118101,1.000386476425275,false,0,-4.228388472693467e-18
1223,G-,0.8945570440118101,0.9991333976004442,true,0,-5.7462715141731735e-18
1224,G+,0.8945570440118101,0.9993249464896126,true,0,-4.553649124439119e-18
1225,G-,0.8945570440118101,1.0012915323882188,false,0,-5.854691731421724e-18
1226,G+,0.8945570440118101,1.0002252413335009,false,0,-7.806255641895632e-18
1227,G-,0.8945570440118101,1.000173023431016,false,0,-3.144186300207963e-18
1228,G+,0.8945570440118101,1.001880542719264,false,0,-4.336808689942018e-18
1229,G-,0.8945570440118101,1.0007711613250292,false,0,-3.903127820947816e-18
1230,G+,0.8945570440118101,1.0004743548734165,false,0,-4.87890977618477e-18
1231,G-,0.8945570440118101,1.0004367719271665,false,0,-5.637851296924623e-18
1232,G+,0.8945570440118101,1.0020023732077792,false,0,-4.9873299934333204e-18
1233,G-,0.8945570440118101,1.0010128100197906,false,0,-5.7462715141731735e-18
1234,G+,0.8945570440118101,0.9995851727304852,true,0,-6.071532165918825e-18
1235,G-,0.8945570440118101,1.0005792505657174,false,0,-7.589415207398531e-18
1236,G+,0.8945570440118101,1.0003842797462612,false,0,-7.15573433840433e-18
1237,G-,0.8945570440118101,0.9997510649209148,true,0,-8.348356728138384e-18
1238,G+,0.8945570440118101,0.9996018711879896,true,0,-8.456776945386935e-18
1239,G-,0.8945570440118101,1.0005295713988955,false,0,-4.553649124439119e-18
1240,G+,0.8945570440118101,1.0001043139996226,false,0,-6.071532165918825e-18
1241,G-,0.8945570440118101,1.0000186284478774,false,0,-6.613633252161577e-18
1242,F,0.8945558551543138,0.9996074066381286,true,0,-3.2526065174565133e-18
1243,G+,0.9045558551543138,0.6835675295359355,true,0,-3.2526065174565133e-18
1244,G-,0.8845558551543138,2.3150151465141198,false,0,-3.2526065174565133e-18
1245,G+,0.8945558551543138,1.0018551069221937,false,0,-4.662069341687669e-18
1246,G-,0.8945558551543138,1.0012018848003936,false,0,-2.3852447794681098e-18
1247,G+,0.8945558551543138,1.000062389053002,false,0,-3.469446951953614e-18
1248,G-,0.8945558551543138,0.9996832339524416,true,0,-2.3852447794681098e-18
1249,G+,0.8945558551543138,1.0011843304826433,false,0,-8.673617379884035e-19
1250,G-,0.8945558551543138,1.0008871790147391,false,0,-3.469446951953614e-18
1251,G+,0.8945558551543138,1.00009465437866,false,0,-3.469446951953614e-18
1252,G-,0.8945558551543138,1.0004913998977452,false,0,-5.204170427930421e-18
1253,G+,0.8945558551543138,0.9992584587670023,true,0,-2.8189256484623115e-18
1254,G-,0.8945558551543138,0.9996553743214014,true,0,-2.6020852139652106e-18
1255,G+,0.8945558551543138,1.0014222784034408,false,0,-2.168404344971009e-18
1256,G-,0.8945558551543138,1.000545185151215,false,0,-3.7947076036992655e-18
1257,G+,0.8945558551543138,0.9997128328641636,true,0,-4.0115480381963664e-18
1258,G-,0.8945558551543138,1.000771074149877,false,0,4.336808689942018e-19
1259,G+,0.8945558551543138,1.0010306210438018,false,0,-9.75781955236954e-19
1260,G-,0.8945558551543138,0.9992662215778494,true,0,-2.168404344971009e-18
1261,G+,0.8945558551543138,1.0008044536665,false,0,-1.6263032587282567e-18
1262,G-,0.8945558551543138,1.0010644414089278,false,0,-3.686287386450715e-18
1263,G+,0.8945558551543138,1.0003323366532233,false,0,-3.0357660829594124e-18
1264,G-,0.8945558551543138,0.9997101417352577,true,0,4.336808689942018e-19
1265,G+,0.8945558551543138,1.001573499609772,false,0,-2.4936649967166602e-18
1266,G-,0.8945558551543138,1.0014209262657852,false,0,-1.0842021724855044e-19
1267,G+,0.8945558551543138,0.9995955749703352,true,0,-3.3610267347050637e-18
1268,G-,0.8945558551543138,1.0005973509587138,false,0,-9.75781955236954e-19
1269,G+,0.8945558551543138,1.0004262651238511,false,0,-3.469446951953614e-18
1270,G-,0.8945558551543138,0.9997708656935065,true,0,-0.0
1271,G+,0.8945558551543138,0.999642144676192,true,0,-1.1926223897340549e-18
1272,G-,0.8945558551543138,0.9996412595992439,true,0,-1.734723475976807e-18
1273,G+,0.8945558551543138,1.0001461003172134,false,0,-2.927345865710862e-18
1274,G-,0.8945558551543138,1.0000047488433734,false,0,-1.8431436932253575e-18
1275,F,0.8945386969200786,0.9997981962897984,true,0,-3.469446951953614e-18
1276,G+,0.9045386969200786,0.6848223630372992,true,0,-3.469446951953614e-18
1277,G-,0.8845386969200786,2.313888307823196,false,0,-3.469446951953614e-18
1278,G+,0.8945386969200786,1.0006331084721523,false,0,-5.204170427930421e-18
1279,G-,0.8945386969200786,1.0011496650939522,false,0,-4.553649124439119e-18
1280,G+,0.8945386969200786,1.0004008946116816,false,0,-6.5052130349130266e-18
1281,G-,0.8945386969200786,0.9997685817794968,true,0,-5.312590645178972e-18
1282,G+,0.8945386969200786,1.0013070660543675,false,0,-3.0357660829594124e-18
1283,G-,0.8945386969200786,1.0009733565920123,false,0,-4.445228907190568e-18
1284,G+,0.8945386969200786,1.0000372338246675,false,0,-3.686287386450715e-18
1285,G-,0.8945386969200786,0.999283882913304,true,0,-6.938893903907228e-18
1286,G+,0.8945386969200786,1.0005631229466265,false,0,-6.938893903907228e-18
1287,G-,0.8945386969200786,1.0002216747718413,false,0,-4.553649124439119e-18
1288,G+,0.8945386969200786,1.0015343085031951,false,0,-3.0357660829594124e-18
1289,G-,0.8945386969200786,1.0038584376820345,false,0,-5.637851296924623e-18
1290,G+,0.8945386969200786,1.001881386173253,false,0,-5.9631119486702744e-18
1291,G-,0.8945386969200786,1.0011828152370725,false,0,-4.228388472693467e-18
1292,G+,0.8945386969200786,1.0010307606229667,false,0,-3.3610267347050637e-18
1293,G-,0.8945386969200786,0.9994419907869914,true,0,-2.2768245622195593e-18
1294,G+,0.8945386969200786,1.000697664596074,false,0,-6.613633252161577e-18
1295,G-,0.8945386969200786,1.0012146148304009,false,0,-3.903127820947816e-18
1296,G+,0.8945386969200786,1.0007687386997364,false,0,-5.095750210681871e-18
1297,G-,0.8945386969200786,0.9997425166017712,true,0,-4.7704895589362195e-18
1298,G+,0.8945386969200786,1.0009700370366232,false,0,-2.8189256484623115e-18
1299,G-,0.8945386969200786,1.0019514965262497,false,0,-2.927345865710862e-18
1300,G+,0.8945386969200786,0.9998519156262737,true,0,-2.6020852139652106e-18
1301,G-,0.8945386969200786,0.9998202743204443,true,0,-6.288372600415926e-18
1302,G+,0.8945386969200786,1.0000282177721755,false,0,-3.144186300207963e-18
1303,G-,0.8945386969200786,0.9996305270630305,true,0,-3.469446951953614e-18
1304,G+,0.8945386969200786,0.9999278510428588,true,0,-4.0115480381963664e-18
1305,G-,0.8945386969200786,0.9997343331458907,true,0,-2.2768245622195593e-18
1306,G+,0.8945386969200786,1.0002341587727406,false,0,-3.903127820947816e-18
1307,G-,0.8945386969200786,0.999411954789336,true,0,-6.830473686658678e-18
1308,F,0.8945311187279916,1.000303285804623,false,0,-4.336808689942018e-18
1309,G+,0.9045311187279916,0.684514931985542,true,0,-4.336808689942018e-18
1310,G-,0.8845311187279916,2.3202072701663248,false,0,-4.336808689942018e-18
1311,G+,0.8945311187279916,1.001078620697795,false,0,-7.697835424647081e-18
1312,G-,0.8945311187279916,1.0017614280766116,false,0,-7.15573433840433e-18
1313,G+,0.8945311187279916,1.0008938236478746,false,0,-7.48099499014998e-18
1314,G-,0.8945311187279916,1.0003601642993558,false,0,-7.047314121155779e-18
1315,G+,0.8945311187279916,1.0016179368857239,false,0,-6.288372600415926e-18
1316,G-,0.8945311187279916,1.0016494021799154,false,0,-4.87890977618477e-18
1317,G+,0.8945311187279916,1.00044554676188,false,0,-3.7947076036992655e-18
1318,G-,0.8945311187279916,0.9998776378601207,true,0,-4.336808689942018e-18
1319,G+,0.8945311187279916,1.0007447132771374,false,0,-7.26415455565288e-18
1320,G-,0.8945311187279916,1.0001109303022027,false,0,-6.613633252161577e-18
1321,G+,0.8945311187279916,1.0013282155903294,false,0,-5.095750210681871e-18
1322,G-,0.8945311187279916,1.0025537627253125,false,0,-6.288372600415926e-18
1323,G+,0.8945311187279916,1.001816407695409,false,0,-7.37257477290143e-18
1324,G-,0.8945311187279916,1.00162119852228,false,0,-8.890457814381136e-18
1325,G+,0.8945311187279916,1.0009111499795371,false,0,-5.9631119486702744e-18
1326,G-,0.8945311187279916,0.9999825686653221,true,0,-7.806255641895632e-18
1327,G+,0.8945311187279916,1.0014015037396786,false,0,-6.613633252161577e-18
1328,G-,0.8945311187279916,1.0017923425589872,false,0,-5.7462715141731735e-18
1329,G+,0.8945311187279916,1.0012823665527386,false,0,-7.37257477290143e-18
1330,G-,0.8945311187279916,1.0003129742255654,false,0,-9.324138683375338e-18
1331,G+,0.8945311187279916,1.0015581826286428,false,0,-5.7462715141731735e-18
1332,G-,0.8945311187279916,1.0021979161349492,false,0,-6.938893903907228e-18
1333,G+,0.8945311187279916,1.000314657497802,false,0,-6.7220534694101275e-18
1334,G-,0.8945311187279916,1.0003806347535167,false,0,-4.0115480381963664e-18
1335,G+,0.8945311187279916,1.0004431622030334,false,0,-4.662069341687669e-18
1336,G-,0.8945311187279916,1.0002176370738949,false,0,-6.396792817664476e-18
1337,G+,0.8945311187279916,1.0003622984649334,false,0,-5.637851296924623e-18
1338,G-,0.8945311187279916,1.000294352357451,false,0,-7.047314121155779e-18
1339,G+,0.8945311187279916,1.0006586115635236,false,0,-7.37257477290143e-18
1340,G-,0.8945311187279916,0.999969141443159,true,0,-4.9873299934333204e-18
1341,F,0.8945200531573443,1.002294721116605,false,0,-6.288372600415926e-18
1342,F,0.8945476422920563,1.001033477673313,false,0,-4.7704895589362195e-18
1343,F,0.894525585942668,1.0002646019782069,false,0,-6.396792817664476e-18
1344,G+,0.904525585942668,0.6838768500854331,true,0,-6.396792817664476e-18
1345,G-,0.884525585942668,2.327735459140139,false,0,-6.396792817664476e-18
1346,G+,0.894525585942668,1.0025693528710264,false,0,-5.9631119486702744e-18
1347,G-,0.894525585942668,1.0017083827134816,false,0,-3.0357660829594124e-18
1348,G+,0.894525585942668,1.0007276564434322,false,0,-3.7947076036992655e-18
1349,G-,0.894525585942668,1.0009817770396667,false,0,-3.3610267347050637e-18
1350,G+,0.894525585942668,1.0024209514979663,false,0,-4.662069341687669e-18
1351,G-,0.894525585942668,1.001567040818713,false,0,-5.312590645178972e-18
1352,G+,0.894525585942668,1.0007333767401074,false,0,-5.854691731421724e-18
1353,G-,0.894525585942668,1.0011433710368873,false,0,-4.336808689942018e-18
1354,G+,0.894525585942668,1.0003442579171011,false,0,-3.7947076036992655e-18
1355,G-,0.894525585942668,1.000332864910079,false,0,-3.469446951953614e-18
1356,G+,0.894525585942668,1.0016278660397357,false,0,-3.2526065174565133e-18
1357,G-,0.894525585942668,1.0010584757070262,false,0,-4.119968255444917e-18
1358,G+,0.894525585942668,1.0007796594841456,false,0,-2.4936649967166602e-18
1359,G-,0.894525585942668,1.0019480137654724,false,0,-2.710505431213761e-18
1360,G+,0.894525585942668,1.0011469583864,false,0,-3.903127820947816e-18
1361,G-,0.894525585942668,1.0008120962251694,false,0,-5.095750210681871e-18
1362,G+,0.894525585942668,1.0019017005047164,false,0,-4.87890977618477e-18
1363,G-,0.894525585942668,1.0018009028847843,false,0,-4.9873299934333204e-18
1364,G+,0.894525585942668,1.00096774598607,false,0,-5.5294310796760726e-18
1365,G-,0.894525585942668,1.0009009560317648,false,0,-2.168404344971009e-18
1366,G+,0.894525585942668,1.0021875853019049,false,0,-2.168404344971009e-18
1367,G-,0.894525585942668,1.0021312287738768,false,0,-6.288372600415926e-18
1368,G+,0.894525585942668,1.0002044224106115,false,0,-2.8189256484623115e-18
1369,G-,0.894525585942668,1.0012865860336593,false,0,-7.48099499014998e-18
1370,G+,0.894525585942668,1.0010533534205395,false,0,-6.179952383167375e-18
1371,G-,0.894525585942668,1.0004333877220846,false,0,-3.7947076036992655e-18
1372,G+,0.894525585942668,1.0002651115064272,false,0,-4.336808689942018e-18
1373,G-,0.894525585942668,1.0009548250272926,false,0,-5.312590645178972e-18
1374,G+,0.894525585942668,1.000758453502804,false,0,-2.8189256484623115e-18
1375,G-,0.894525585942668,1.0006896877245537,false,0,-5.854691731421724e-18
1376,F,0.8945244564227066,1.000137145731198,false,0,-6.5052130349130266e-18
1377,G+,0.9045244564227066,0.6840942061827113,true,0,-6.5052130349130266e-18
1378,G-,0.8845244564227066,2.3251774901527105,false,0,-6.5052130349130266e-18
1379,G+,0.8945244564227066,1.0020680199852943,false,0,-4.553649124439119e-18
1380,G-,0.8945244564227066,1.001770304823742,false,0,-5.421010862427522e-18
1381,G+,0.8945244564227066,1.0005813546366131,false,0,-3.577867169202165e-18
1382,G-,0.8945244564227066,1.0002245971219268,false,0,-3.686287386450715e-18
1383,G+,0.8945244564227066,1.0014997966955312,false,0,-3.0357660829594124e-18
1384,G-,0.8945244564227066,1.0014875655338695,false,0,-5.421010862427522e-18
1385,G+,0.8945244564227066,1.0006086317667322,false,0,-5.204170427930421e-18
1386,G-,0.8945244564227066,1.000746807070438,false,0,-4.87890977618477e-18
1387,G+,0.8945244564227066,1.0001752272768027,false,0,-3.144186300207963e-18
1388,G-,0.8945244564227066,1.000514045743996,false,0,-3.2526065174565133e-18
1389,G+,0.8945244564227066,1.0026667379368412,false,0,-6.5052130349130266e-18
1390,G-,0.8945244564227066,1.0015564107628543,false,0,-4.553649124439119e-18
1391,G+,0.8945244564227066,1.001306638693554,false,0,-2.6020852139652106e-18
1392,G-,0.8945244564227066,1.0014729025611209,false,0,-4.0115480381963664e-18
1393,G+,0.8945244564227066,1.0006179465542862,false,0,-3.903127820947816e-18
1394,G-,0.8945244564227066,1.000037853762893,false,0,-4.87890977618477e-18
1395,G+,0.8945244564227066,1.0012035074885808,false,0,-2.927345865710862e-18
1396,G-,0.8945244564227066,1.001524055880163,false,0,-5.421010862427522e-18
1397,G+,0.8945244564227066,1.0008459547785375,false,0,-2.0599841277224584e-18
1398,G-,0.8945244564227066,1.0000628370202949,false,0,-3.7947076036992655e-18
1399,G+,0.8945244564227066,1.0012007429323881,false,0,-4.662069341687669e-18
1400,G-,0.8945244564227066,1.0019001818579385,false,0,-3.144186300207963e-18
1401,G+,0.8945244564227066,1.000113846655375,false,0,-5.9631119486702744e-18
1402,G-,0.8945244564227066,1.0001974649071022,false,0,-4.662069341687669e-18
1403,G+,0.8945244564227066,1.0009159967768615,false,0,-2.927345865710862e-18
1404,G-,0.8945244564227066,1.000056311223403,false,0,-1.951563910473908e-18
1405,G+,0.8945244564227066,1.0001545925109918,false,0,-3.469446951953614e-18
1406,G-,0.8945244564227066,1.0001130437124333,false,0,-4.662069341687669e-18
1407,G+,0.8945244564227066,1.0006528881558754,false,0,-5.421010862427522e-18
1408,G-,0.8945244564227066,0.9998070686625103,true,0,-4.87890977618477e-18
1409,F,0.8945217294801339,1.000463365603162,false,0,-5.637851296924623e-18
1410,F,0.8945230929514203,1.0008000342951986,false,0,-5.637851296924623e-18
1411,F,0.8945237746870635,0.9999686282917937,true,0,-2.710505431213761e-18
1412,G+,0.9045237746870635,0.6840352428218999,true,0,-2.710505431213761e-18
1413,G-,0.8845237746870634,2.324059043333568,false,0,-2.710505431213761e-18
1414,G+,0.8945237746870635,1.0011549700565678,false,0,-5.421010862427522e-18
1415,G-,0.8945237746870635,1.0016912890990302,false,0,-4.336808689942018e-18
1416,G+,0.8945237746870635,1.000368394561349,false,0,-4.119968255444917e-18
1417,G-,0.8945237746870635,1.0000883688533495,false,0,-4.228388472693467e-18
1418,G+,0.8945237746870635,1.0012448864612171,false,0,-5.095750210681871e-18
1419,G-,0.8945237746870635,1.00139372267545,false,0,-4.7704895589362195e-18
1420,G+,0.8945237746870635,1.000426838193033,false,0,-2.710505431213761e-18
1421,G-,0.8945237746870635,1.0005876419939645,false,0,-4.119968255444917e-18
1422,G+,0.8945237746870635,1.0000036391391727,false,0,-4.662069341687669e-18
1423,G-,0.8945237746870635,1.0003487205446249,false,0,-4.445228907190568e-18
1424,G+,0.8945237746870635,1.0024913098224482,false,0,-2.6020852139652106e-18
1425,G-,0.8945237746870635,1.0017675280383973,false,0,-5.854691731421724e-18
1426,G+,0.8945237746870635,1.0011622879080238,false,0,-2.8189256484623115e-18
1427,G-,0.8945237746870635,1.0013064349327698,false,0,-6.396792817664476e-18
1428,G+,0.8945237746870635,1.000832316973454,false,0,-5.637851296924623e-18
1429,G-,0.8945237746870635,0.999867919176491,true,0,-3.686287386450715e-18
1430,G+,0.8945237746870635,1.001114384587037,false,0,-4.662069341687669e-18
1431,G-,0.8945237746870635,1.0012910658377219,false,0,-5.204170427930421e-18
1432,G+,0.8945237746870635,1.000737178322915,false,0,-3.0357660829594124e-18
1433,G-,0.8945237746870635,0.9998575394115362,true,0,-6.071532165918825e-18
1434,G+,0.8945237746870635,1.0011176386286051,false,0,-6.7220534694101275e-18
1435,G-,0.8945237746870635,1.0016204119423093,false,0,-4.662069341687669e-18
1436,G+,0.8945237746870635,0.9999531268756243,true,0,-6.071532165918825e-18
1437,G-,0.8945237746870635,1.0000211812870607,false,0,-6.613633252161577e-18
1438,G+,0.8945237746870635,1.0007441796853305,false,0,-4.7704895589362195e-18
1439,G-,0.8945237746870635,0.9998903469475181,true,0,-6.179952383167375e-18
1440,G+,0.8945237746870635,0.9999851120256439,true,0,-6.071532165918825e-18
1441,G-,0.8945237746870635,0.9999597670179621,true,0,-3.0357660829594124e-18
1442,G+,0.8945237746870635,1.0004820187413226,false,0,-6.179952383167375e-18
1443,G-,0.8945237746870635,0.9996407879027117,true,0,-6.288372600415926e-18
1444,F,0.8945209519292628,1.000096306895837,false,0,-7.26415455565288e-18
1445,G+,0.9045209519292629,0.6843420625323317,true,0,-7.26415455565288e-18
1446,G-,0.8845209519292628,2.3231050309146433,false,0,-7.26415455565288e-18
1447,G+,0.8945209519292628,1.0012952125613663,false,0,-4.87890977618477e-18
1448,G-,0.8945209519292628,1.0017268404400848,false,0,-4.553649124439119e-18
1449,G+,0.8945209519292628,1.0005595362282003,false,0,-6.179952383167375e-18
1450,G-,0.8945209519292628,1.0001834505596991,false,0,-4.7704895589362195e-18
1451,G+,0.8945209519292628,1.0014276669969888,false,0,-4.9873299934333204e-18
1452,G-,0.8945209519292628,1.0015546217767581,false,0,-3.3610267347050637e-18
1453,G+,0.8945209519292628,1.0005598478077884,false,0,-2.4936649967166602e-18
1454,G-,0.8945209519292628,1.000719980272228,false,0,-2.4936649967166602e-18
1455,G+,0.8945209519292628,1.0000195065726594,false,0,-5.9631119486702744e-18
1456,G-,0.8945209519292628,0.9999918539575103,true,0,-4.87890977618477e-18
1457,G+,0.8945209519292628,1.002122781848269,false,0,-5.204170427930421e-18
1458,G-,0.8945209519292628,1.0014191141230468,false,0,-7.48099499014998e-18
1459,G+,0.8945209519292628,1.0012922018313342,false,0,-5.312590645178972e-18
1460,G-,0.8945209519292628,1.0014226911433306,false,0,-4.662069341687669e-18
1461,G+,0.8945209519292628,1.0005880663138562,false,0,-5.7462715141731735e-18
1462,G-,0.8945209519292628,0.9999768927429419,true,0,-5.095750210681871e-18
1463,G+,0.8945209519292628,1.0011515837641518,false,0,-5.9631119486702744e-18
1464,G-,0.8945209519292628,1.0015209730454582,false,0,-3.686287386450715e-18
1465,G+,0.8945209519292628,1.0009071317002185,false,0,-5.5294310796760726e-18
1466,G-,0.8945209519292628,1.0000707918662162,false,0,-5.7462715141731735e-18
1467,G+,0.8945209519292628,1.0013373373519778,false,0,-6.7220534694101275e-18
1468,G-,0.8945209519292628,1.001850263945676,false,0,-5.637851296924623e-18
1469,G+,0.8945209519292628,1.0000682554604443,false,0,-5.095750210681871e-18
1470,G-,0.8945209519292628,1.00016425609545,false,0,-3.2526065174565133e-18
1471,G+,0.8945209519292628,1.000864635695491,false,0,-7.15573433840433e-18
1472,G-,0.8945209519292628,1.0000323055251008,false,0,-6.179952383167375e-18
1473,G+,0.8945209519292628,1.0001178560452593,false,0,-6.071532165918825e-18
1474,G-,0.8945209519292628,1.000078919366981,false,0,-4.553649124439119e-18
1475,G+,0.8945209519292628,1.0006045031168926,false,0,-6.938893903907228e-18
1476,G-,0.8945209519292628,0.9997762723143543,true,0,-3.7947076036992655e-18
1477,F,0.894520662565136,1.0002532553903254,false,0,-3.7947076036992655e-18
1478,F,0.8945223428695397,1.0001618878265373,false,0,-5.204170427930421e-18
1479,F,0.8945208072471994,0.9999979135284897,true,0,-4.87890977618477e-18
1480,G+,0.9045208072471994,0.6842926568655139,true,0,-4.87890977618477e-18
1481,G-,0.8845208072471994,2.3225192857586645,false,0,-4.87890977618477e-18
1482,G+,0.8945208072471994,1.0012189097714408,false,0,-3.0357660829594124e-18
1483,G-,0.8945208072471994,1.0016294365095555,false,0,-5.312590645178972e-18
1484,G+,0.8945208072471994,1.0004665270472743,false,0,-2.710505431213761e-18
1485,G-,0.8945208072471994,1.000083369057627,false,0,-1.951563910473908e-18
1486,G+,0.8945208072471994,1.0013241485953484,false,0,-3.7947076036992655e-18
1487,G-,0.8945208072471994,1.001465860639216,false,0,-2.8189256484623115e-18
1488,G+,0.8945208072471994,1.0004590118812167,false,0,-2.0599841277224584e-18
1489,G-,0.8945208072471994,1.0006234856981409,false,0,-4.445228907190568e-18
1490,G+,0.8945208072471994,0.9999114942552518,true,0,-2.710505431213761e-18
1491,G-,0.8945208072471994,1.000193491934403,false,0,-1.951563910473908e-18
1492,G+,0.8945208072471994,1.0023169951093276,false,0,-1.3010426069826053e-18
1493,G-,0.8945208072471994,1.0016339105667087,false,0,-2.710505431213761e-18
1494,G+,0.8945208072471994,1.001501072907993,false,0,-4.228388472693467e-18
1495,G-,0.8945208072471994,1.0013308749375374,false,0,-4.228388472693467e-18
1496,G+,0.8945208072471994,1.0004887799470394,false,0,-4.0115480381963664e-18
1497,G-,0.8945208072471994,0.9998780791708859,true,0,-5.7462715141731735e-18
1498,G+,0.8945208072471994,1.0010665700702723,false,0,-3.577867169202165e-18
1499,G-,0.8945208072471994,1.0014098301275345,false,0,-3.2526065174565133e-18
1500,G+,0.8945208072471994,1.0007498588750356,false,0,-3.686287386450715e-18
1501,G-,0.8945208072471994,0.999965953974654,true,0,-4.87890977618477e-18
1502,G+,0.8945208072471994,1.0012782851509223,false,0,-3.577867169202165e-18
1503,G-,0.8945208072471994,1.0017129637365245,false,0,-4.228388472693467e-18
1504,G+,0.8945208072471994,0.9999704563241593,true,0,-4.553649124439119e-18
1505,G-,0.8945208072471994,1.0000863582968362,false,0,-3.3610267347050637e-18
1506,G+,0.8945208072471994,1.0007633525893174,false,0,-3.903127820947816e-18
1507,G-,0.8945208072471994,0.9999363153500784,true,0,-4.9873299934333204e-18
1508,G+,0.8945208072471994,1.000018412496529,false,0,-3.686287386450715e-18
1509,G-,0.8945208072471994,0.999981508036401,true,0,-6.071532165918825e-18
1510,G+,0.8945208072471994,1.000503931683457,false,0,-3.7947076036992655e-18
1511,G-,0.8945208072471994,0.9997000607143491,true,0,-2.6020852139652106e-18
1512,F,0.8936044425974232,4.324128394478051,false,0,-6.0173220572945496e-18
1513,F,0.9341518859216655,3.3315421797064126,false,0,-6.938893903907228e-18
1514,F,0.8940575302927055,1.3709591874097478,false,0,-2.3310346708438345e-18
1515,F,0.8985826304217305,1.1794141426001672,false,0,-2.2768245622195593e-18
1516,F,0.8942842520845147,1.0872758190702072,false,0,-2.168404344971009e-18
1517,F,0.8953490220997619,1.0407272089770896,false,0,-2.4936649967166602e-18
1518,F,0.8943979713341323,1.0251920798606489,false,0,-3.577867169202165e-18
1519,F,0.8947054524866204,1.0115099284632443,false,0,-6.179952383167375e-18
1520,F,0.8944555681420927,1.0072130781455528,false,0,-7.37257477290143e-18
1521,F,0.8945437438874793,1.0032607733700631,false,0,-7.697835424647081e-18
1522,F,0.8944860339206507,1.0031505474999918,false,0,-2.927345865710862e-18
1523,F,0.8945246554500369,1.0014139074883124,false,0,-1.4094628242311558e-18
1524,F,0.8945033067189073,0.9999443179533407,true,0,-4.0115480381963664e-18
1525,G+,0.9045033067189073,0.6851193630425433,true,0,-4.0115480381963664e-18
1526,G-,0.8845033067189073,2.314598740989698,false,0,-4.0115480381963664e-18
1527,G+,0.8945033067189073,1.0020132086952918,false,0,-6.830473686658678e-18
1528,G-,0.8945033067189073,1.0015344404095625,false,0,-7.047314121155779e-18
1529,G+,0.8945033067189073,1.000386563642701,false,0,-6.830473686658678e-18
1530,G-,0.8945033067189073,0.9999467267647872,true,0,-6.613633252161577e-18
1531,G+,0.8945033067189073,1.0011939327917294,false,0,-5.5294310796760726e-18
1532,G-,0.8945033067189073,1.0015072524132511,false,0,-7.806255641895632e-18
1533,G+,0.8945033067189073,1.0003633298115377,false,0,-7.047314121155779e-18
1534,G-,0.8945033067189073,1.0009106276950488,false,0,-4.119968255444917e-18
1535,G+,0.8945033067189073,1.0008575550359573,false,0,-6.830473686658678e-18
1536,G-,0.8945033067189073,1.0005127996051324,false,0,-6.7220534694101275e-18
1537,G+,0.8945033067189073,1.0019877949485418,false,0,-8.023096076392733e-18
1538,G-,0.8945033067189073,1.0035590176136369,false,0,-6.830473686658678e-18
1539,G+,0.8945033067189073,1.0015753184107776,false,0,-6.396792817664476e-18
1540,G-,0.8945033067189073,1.0007707671510646,false,0,-5.7462715141731735e-18
1541,G+,0.8945033067189073,1.000751980975997,false,0,-4.87890977618477e-18
1542,G-,0.8945033067189073,1.0001297071065465,false,0,-8.890457814381136e-18
1543,G+,0.8945033067189073,1.001125150929903,false,0,-4.7704895589362195e-18
1544,G-,0.8945033067189073,1.0008151382945427,false,0,-7.589415207398531e-18
1545,G+,0.8945033067189073,1.0004111247128122,false,0,-6.938893903907228e-18
1546,G-,0.8945033067189073,0.9997787381023321,true,0,-7.15573433840433e-18
1547,G+,0.8945033067189073,1.0024255439759013,false,0,-5.9631119486702744e-18
1548,G-,0.8945033067189073,1.0013042452073093,false,0,-4.87890977618477e-18
1549,G+,0.8945033067189073,0.9999287626961262,true,0,-5.854691731421724e-18
1550,G-,0.8945033067189073,1.0009208918565529,false,0,-7.806255641895632e-18
1551,G+,0.8945033067189073,1.000697091786197,false,0,-7.589415207398531e-18
1552,G-,0.8945033067189073,1.0001943615596374,false,0,-6.179952383167375e-18
1553,G+,0.8945033067189073,1.0001093651030426,false,0,-4.553649124439119e-18
1554,G-,0.8945033067189073,0.999961214278141,true,0,-8.456776945386935e-18
1555,G+,0.8945033067189073,1.0004377979428138,false,0,-6.396792817664476e-18
1556,G-,0.8945033067189073,1.0003688057098468,false,0,-7.37257477290143e-18
1557,F,0.8945010776080103,0.9998668985171055,true,0,-6.396792817664476e-18
1558,G+,0.9045010776080104,0.6847995793341642,true,0,-6.396792817664476e-18
1559,G-,0.8845010776080103,2.317267362358896,false,0,-6.396792817664476e-18
1560,G+,0.8945010776080103,1.0018365013177297,false,0,-6.071532165918825e-18
1561,G-,0.8945010776080103,1.001414967085339,false,0,-4.445228907190568e-18
1562,G+,0.8945010776080103,1.0003370966514153,false,0,-1.0299920638612292e-17
1563,G-,0.8945010776080103,0.999876377147646,true,0,-7.15573433840433e-18
1564,G+,0.8945010776080103,1.00121522867971,false,0,-6.938893903907228e-18
1565,G-,0.8945010776080103,1.001346601837408,false,0,-5.637851296924623e-18
1566,G+,0.8945010776080103,1.000309924982793,false,0,-7.48099499014998e-18
1567,G-,0.8945010776080103,1.0008561573398254,false,0,-5.637851296924623e-18
1568,G+,0.8945010776080103,1.0004381543724918,false,0,-5.854691731421724e-18
1569,G-,0.8945010776080103,1.0004052208939567,false,0,-6.288372600415926e-18
1570,G+,0.8945010776080103,1.002594059126211,false,0,-7.047314121155779e-18
1571,G-,0.8945010776080103,1.0033924965111625,false,0,-5.9631119486702744e-18
1572,G+,0.8945010776080103,1.0018237308830915,false,0,-7.047314121155779e-18
1573,G-,0.8945010776080103,1.0009923066939757,false,0,-7.047314121155779e-18
1574,G+,0.8945010776080103,1.0006863378507171,false,0,-1.951563910473908e-18
1575,G-,0.8945010776080103,1.00006498670686,false,0,-6.5052130349130266e-18
1576,G+,0.8945010776080103,1.0010123949960001,false,0,-6.288372600415926e-18
1577,G-,0.8945010776080103,1.0008007683516238,false,0,-5.312590645178972e-18
1578,G+,0.8945010776080103,1.0002987904668732,false,0,-6.938893903907228e-18
1579,G-,0.8945010776080103,0.999760741755147,true,0,-6.613633252161577e-18
1580,G+,0.8945010776080103,1.0021206282500992,false,0,-5.637851296924623e-18
1581,G-,0.8945010776080103,1.0013277110491292,false,0,-7.806255641895632e-18
1582,G+,0.8945010776080103,0.9998552063993109,true,0,-9.107298248878237e-18
1583,G-,0.8945010776080103,1.0007023664832007,false,0,-4.228388472693467e-18
1584,G+,0.8945010776080103,1.0006359339781548,false,0,-4.87890977618477e-18
1585,G-,0.8945010776080103,1.0001460196848864,false,0,-4.7704895589362195e-18
1586,G+,0.8945010776080103,1.0000173637508951,false,0,-6.288372600415926e-18
1587,G-,0.8945010776080103,0.9998934550122776,true,0,-6.7220534694101275e-18
1588,G+,0.8945010776080103,1.0003700840606138,false,0,-6.071532165918825e-18
1589,G-,0.8945010776080103,1.0003419497151471,false,0,-4.7704895589362195e-18
1590,F,0.8944796315274872,1.0013680150974684,false,0,-2.168404344971009e-18
1591,F,0.8944969911853429,1.0003026166667817,false,0,-6.179952383167375e-18
1592,F,0.8944903545677488,0.9998255635335724,true,0,-5.854691731421724e-18
1593,G+,0.9044903545677488,0.6854171350513177,true,0,-5.854691731421724e-18
1594,G-,0.8844903545677488,2.3160554946094374,false,0,-5.854691731421724e-18
1595,G+,0.8944903545677488,1.001852146459566,false,0,-6.938893903907228e-18
1596,G-,0.8944903545677488,1.0001323146100143,false,0,-5.9631119486702744e-18
1597,G+,0.8944903545677488,1.0004836396760337,false,0,-5.5294310796760726e-18
1598,G-,0.8944903545677488,0.9995511464316474,true,0,-4.87890977618477e-18
1599,G+,0.8944903545677488,1.0018681251657482,false,0,-4.662069341687669e-18
1600,G-,0.8944903545677488,1.0005692412651754,false,0,-5.421010862427522e-18
1601,G+,0.8944903545677488,0.9998117362703325,true,0,-3.469446951953614e-18
1602,G-,0.8944903545677488,1.0001638863987425,false,0,-4.0115480381963664e-18
1603,G+,0.8944903545677488,1.0003360700313761,false,0,-5.204170427930421e-18
1604,G-,0.8944903545677488,1.0008558490167818,false,0,-3.903127820947816e-18
1605,G+,0.8944903545677488,1.002821021809987,false,0,-5.637851296924623e-18
1606,G-,0.8944903545677488,1.0038515500444012,false,0,-6.396792817664476e-18
1607,G+,0.8944903545677488,1.0014332587577752,false,0,-4.119968255444917e-18
1608,G-,0.8944903545677488,1.000663818441114,false,0,-4.9873299934333204e-18
1609,G+,0.8944903545677488,1.0014403964280187,false,0,-5.637851296924623e-18
1610,G-,0.8944903545677488,1.000756642174009,false,0,-5.5294310796760726e-18
1611,G+,0.8944903545677488,1.0006091387714267,false,0,-3.686287386450715e-18
1612,G-,0.8944903545677488,1.0009026256560267,false,0,-4.119968255444917e-18
1613,G+,0.8944903545677488,0.999996997694797,true,0,-4.336808689942018e-18
1614,G-,0.8944903545677488,0.9999274087134621,true,0,-5.9631119486702744e-18
1615,G+,0.8944903545677488,1.0018875050409843,false,0,-5.5294310796760726e-18
1616,G-,0.8944903545677488,1.0014158654941634,false,0,-5.5294310796760726e-18
1617,G+,0.8944903545677488,0.9996600387279351,true,0,-2.4936649967166602e-18
1618,G-,0.8944903545677488,1.0007111162843094,false,0,-6.288372600415926e-18
1619,G+,0.8944903545677488,1.000405538976826,false,0,-5.854691731421724e-18
1620,G-,0.8944903545677488,0.9999435592619701,true,0,-3.7947076036992655e-18
1621,G+,0.8944903545677488,0.999936883437942,true,0,-4.87890977618477e-18
1622,G-,0.8944903545677488,0.9997710985940494,true,0,-5.204170427930421e-18
1623,G+,0.8944903545677488,1.0000381292060891,false,0,-3.144186300207963e-18
1624,G-,0.8944903545677488,1.0002866076353814,false,0,-5.5294310796760726e-18
1625,F,0.894483068945757,1.000920056912508,false,0,-4.662069341687669e-18
1626,F,0.8944946062140492,1.000437583381085,false,0,-7.806255641895632e-18
1627,F,0.8944867117567529,1.000441324406692,false,0,-5.421010862427522e-18
1628,F,0.8944885331622509,0.9998777950066712,true,0,-3.7947076036992655e-18
1629,G+,0.9044885331622509,0.6855024200349034,true,0,-3.7947076036992655e-18
1630,G-,0.8844885331622508,2.3159488469463936,false,0,-3.7947076036992655e-18
1631,G+,0.8944885331622509,1.0013802469719817,false,0,-4.445228907190568e-18
1632,G-,0.8944885331622509,1.0002021843616746,false,0,-1.8431436932253575e-18
1633,G+,0.8944885331622509,1.000581851909759,false,0,-4.119968255444917e-18
1634,G-,0.8944885331622509,0.9996794762155939,true,0,-4.662069341687669e-18
1635,G+,0.8944885331622509,1.0020461374858258,false,0,-3.469446951953614e-18
1636,G-,0.8944885331622509,1.0006498966371415,false,0,-4.0115480381963664e-18
1637,G+,0.8944885331622509,0.9999291217575629,true,0,-4.119968255444917e-18
1638,G-,0.8944885331622509,1.0002658441062298,false,0,-2.6020852139652106e-18
1639,G+,0.8944885331622509,1.0004023053547968,false,0,-4.119968255444917e-18
1640,G-,0.8944885331622509,1.000968534081907,false,0,-4.228388472693467e-18
1641,G+,0.8944885331622509,1.0029039844855545,false,0,-5.7462715141731735e-18
1642,G-,0.8944885331622509,1.003687158738061,false,0,-3.469446951953614e-18
1643,G+,0.8944885331622509,1.0015099502514822,false,0,-3.0357660829594124e-18
1644,G-,0.8944885331622509,1.0008303126352853,false,0,-5.637851296924623e-18
1645,G+,0.8944885331622509,1.0012160033088273,false,0,-6.071532165918825e-18
1646,G-,0.8944885331622509,1.0009178889720307,false,0,-5.095750210681871e-18
1647,G+,0.8944885331622509,1.000742584181095,false,0,-3.144186300207963e-18
1648,G-,0.8944885331622509,1.0009287978625605,false,0,-4.119968255444917e-18
1649,G+,0.8944885331622509,1.0000996228011099,false,0,-3.577867169202165e-18
1650,G-,0.8944885331622509,1.0000059377307111,false,0,-5.9631119486702744e-18
1651,G+,0.8944885331622509,1.0014700087171877,false,0,-4.336808689942018e-18
1652,G-,0.8944885331622509,1.0014652767515775,false,0,-6.071532165918825e-18
1653,G+,0.8944885331622509,0.9997411426860061,true,0,-6.613633252161577e-18
1654,G-,0.8944885331622509,1.000203754424995,false,0,-3.3610267347050637e-18
1655,G+,0.8944885331622509,1.0005242690899498,false,0,-4.9873299934333204e-18
1656,G-,0.8944885331622509,1.0000440030619049,false,0,-2.927345865710862e-18
1657,G+,0.8944885331622509,0.9999881775615006,true,0,-5.637851296924623e-18
1658,G-,0.8944885331622509,0.9999016282359577,true,0,-5.204170427930421e-18
1659,G+,0.8944885331622509,1.0001024520450348,false,0,-5.5294310796760726e-18
1660,G-,0.8944885331622509,0.9997894641613159,true,0,-2.8189256484623115e-18
1661,F,0.8944864850026093,1.0000117085257574,false,0,-4.7704895589362195e-18
1662,G+,0.9044864850026093,0.6855384244458417,true,0,-4.7704895589362195e-18
1663,G-,0.8844864850026093,2.3172810900003036,false,0,-4.7704895589362195e-18
1664,G+,0.8944864850026093,1.0014742709782334,false,0,-4.7704895589362195e-18
1665,G-,0.8944864850026093,1.0004375209381409,false,0,-3.2526065174565133e-18
1666,G+,0.8944864850026093,1.0007062513581821,false,0,-2.2768245622195593e-18
1667,G-,0.8944864850026093,0.9999342808707571,true,0,-2.927345865710862e-18
1668,G+,0.8944864850026093,1.0020708477803753,false,0,-1.8431436932253575e-18
1669,G-,0.8944864850026093,1.000888065019738,false,0,-4.228388472693467e-18
1670,G+,0.8944864850026093,1.0000518337677544,false,0,-3.144186300207963e-18
1671,G-,0.8944864850026093,1.0004131837280856,false,0,-4.119968255444917e-18
1672,G+,0.8944864850026093,1.0005444763136904,false,0,-2.4936649967166602e-18
1673,G-,0.8944864850026093,1.001153975884267,false,0,-2.4936649967166602e-18
1674,G+,0.8944864850026093,1.0030621589584783,false,0,-3.686287386450715e-18
1675,G-,0.8944864850026093,1.0038014222573501,false,0,-1.4094628242311558e-18
1676,G+,0.8944864850026093,1.001652657932855,false,0,-4.119968255444917e-18
1677,G-,0.8944864850026093,1.0009570658718407,false,0,-2.4936649967166602e-18
1678,G+,0.8944864850026093,1.0013543854583586,false,0,-1.3010426069826053e-18
1679,G-,0.8944864850026093,1.0010486186514826,false,0,3.2526065174565133e-19
1680,G+,0.8944864850026093,1.0009622773111928,false,0,-2.2768245622195593e-18
1681,G-,0.8944864850026093,1.0009904259899232,false,0,-4.662069341687669e-18
1682,G+,0.8944864850026093,1.00026722604846,false,0,-4.336808689942018e-18
1683,G-,0.8944864850026093,1.0001069041918156,false,0,-2.710505431213761e-18
1684,G+,0.8944864850026093,1.0017025114891442,false,0,-4.336808689942018e-18
1685,G-,0.8944864850026093,1.001496456948304,false,0,-2.168404344971009e-19
1686,G+,0.8944864850026093,0.9998819825886727,true,0,-4.119968255444917e-18
1687,G-,0.8944864850026093,1.0003300527694818,false,0,-4.119968255444917e-18
1688,G+,0.8944864850026093,1.0006551602244922,false,0,-2.2768245622195593e-18
1689,G-,0.8944864850026093,1.0001798359120448,false,0,-2.8189256484623115e-18
1690,G+,0.8944864850026093,1.0001195428958798,false,0,-1.734723475976807e-18
1691,G-,0.8944864850026093,1.0000376646435554,false,0,1.0842021724855044e-19
1692,G+,0.8944864850026093,1.0002344079161767,false,0,-4.336808689942018e-18
1693,G-,0.8944864850026093,0.99992477898279,true,0,-6.071532165918825e-18
1694,F,0.8918911674398929,NaN,false,-300,NaN
1695,F,0.8931885805943989,NaN,false,-300,NaN
1696,F,0.893837290161336,NaN,false,-300,NaN
1697,F,0.894161650924414,2.786749478297868,false,0,-4.553649124439119e-18
1698,F,0.8943238432671017,1.1611786109566746,false,0,-7.697835424647081e-18
1699,G+,0.9043238432671017,0.8148784614894846,true,0,-7.697835424647081e-18
1700,G-,0.8843238432671017,2.8629144932317923,false,0,-7.697835424647081e-18
1701,G+,0.8943238432671017,1.1289629798901528,false,0,-5.095750210681871e-18
1702,G-,0.8943238432671017,1.2014674540460872,false,0,-6.179952383167375e-18
1703,G+,0.8943238432671017,1.1476265051655858,false,0,-4.228388472693467e-18
1704,G-,0.8943238432671017,1.1750512258933028,false,0,-4.228388472693467e-18
1705,G+,0.8943238432671017,1.1320622051788636,false,0,-3.903127820947816e-18
1706,G-,0.8943238432671017,1.1963576479274374,false,0,-8.456776945386935e-18
1707,G+,0.8943238432671017,1.1582270534699273,false,0,-2.710505431213761e-18
1708,G-,0.8943238432671017,1.164200495325955,false,0,-6.5052130349130266e-18
1709,G+,0.8943238432671017,1.1597505691927243,false,0,-3.7947076036992655e-18
1710,G-,0.8943238432671017,1.1599697004472478,false,0,-4.119968255444917e-18
1711,G+,0.8943238432671017,1.1676515568142762,false,0,-8.131516293641283e-18
1712,G-,0.8943238432671017,1.1524040437511869,false,0,-6.288372600415926e-18
1713,G+,0.8943238432671017,1.1616779956181356,false,0,-5.854691731421724e-18
1714,G-,0.8943238432671017,1.1615218315792613,false,0,-5.421010862427522e-18
1715,G+,0.8943238432671017,1.1616230272115304,false,0,-7.37257477290143e-18
1716,G-,0.8943238432671017,1.1598032921337258,false,0,-8.239936510889834e-18
1717,G+,0.8943238432671017,1.1978676731741071,false,0,-4.0115480381963664e-18
1718,G-,0.8943238432671017,1.1265167893569317,false,0,-8.023096076392733e-18
1719,G+,0.8943238432671017,1.1720911604338355,false,0,-7.15573433840433e-18
1720,G-,0.8943238432671017,1.1522598437923488,false,0,-5.7462715141731735e-18
1721,G+,0.8943238432671017,1.1874662827717768,false,0,-6.7220534694101275e-18
1722,G-,0.8943238432671017,1.1318193560167007,false,0,-6.071532165918825e-18
1723,G+,0.8943238432671017,1.1644546806846365,false,0,-8.239936510889834e-18
1724,G-,0.8943238432671017,1.1591621341887468,false,0,-6.179952383167375e-18
1725,G+,0.8943238432671017,1.1612990394430185,false,0,-6.396792817664476e-18
1726,G-,0.8943238432671017,1.1610807933860843,false,0,-6.938893903907228e-18
1727,G+,0.8943238432671017,1.1610288726783484,false,0,-7.589415207398531e-18
1728,G-,0.8943238432671017,1.161384662008303,false,0,-8.890457814381136e-18
1729,G+,0.8943238432671017,1.1616173362527944,false,0,-4.662069341687669e-18
1730,G-,0.8943238432671017,1.1607515385042637,false,0,-6.613633252161577e-18
1731,F,0.8925142044907021,1.1061348003394205,false,0,-5.9631119486702744e-18
1732,G+,0.9025142044907021,0.741130048869644,true,0,-5.9631119486702744e-18
1733,G-,0.8825142044907021,3.8465370812564634,false,0,-5.9631119486702744e-18
1734,G+,0.8925142044907021,1.1050685058006027,false,0,-8.023096076392733e-18
1735,G-,0.8925142044907021,1.1109138135946606,false,0,-4.7704895589362195e-18
1736,G+,0.8925142044907021,1.105882856922702,false,0,-3.577867169202165e-18
1737,G-,0.8925142044907021,1.1064278215170285,false,0,-3.0357660829594124e-18
1738,G+,0.8925142044907021,1.104422118234202,false,0,-7.047314121155779e-18
1739,G-,0.8925142044907021,1.1104904169272722,false,0,-5.5294310796760726e-18
1740,G+,0.8925142044907021,1.1066172135021783,false,0,-4.336808689942018e-18
1741,G-,0.8925142044907021,1.1061767402898857,false,0,-4.9873299934333204e-18
1742,G+,0.8925142044907021,1.1056959461203826,false,0,-3.469446951953614e-18
1743,G-,0.8925142044907021,1.1074025586749303,false,0,-3.469446951953614e-18
1744,G+,0.8925142044907021,1.1070058778039789,false,0,-5.204170427930421e-18
1745,G-,0.8925142044907021,1.1090271240469556,false,0,-6.5052130349130266e-18
1746,G+,0.8925142044907021,1.1059437157463163,false,0,-4.119968255444917e-18
1747,G-,0.8925142044907021,1.1079409192411838,false,0,-4.445228907190568e-18
1748,G+,0.8925142044907021,1.106422574117982,false,0,-6.396792817664476e-18
1749,G-,0.8925142044907021,1.1067889469226893,false,0,-6.288372600415926e-18
1750,G+,0.8925142044907021,1.1101515128482364,false,0,-6.938893903907228e-18
1751,G-,0.8925142044907021,1.1042328051786747,false,0,-5.7462715141731735e-18
1752,G+,0.8925142044907021,1.1080850140989398,false,0,-4.9873299934333204e-18
1753,G-,0.8925142044907021,1.104679875236921,false,0,-4.336808689942018e-18
1754,G+,0.8925142044907021,1.1108875387852521,false,0,-6.071532165918825e-18
1755,G-,0.8925142044907021,1.1037118124857117,false,0,-5.9631119486702744e-18
1756,G+,0.8925142044907021,1.1067660005874913,false,0,-5.095750210681871e-18
1757,G-,0.8925142044907021,1.1055745055454396,false,0,-3.903127820947816e-18
1758,G+,0.8925142044907021,1.1065861564643307,false,0,-4.662069341687669e-18
1759,G-,0.8925142044907021,1.1059049095449285,false,0,-4.662069341687669e-18
1760,G+,0.8925142044907021,1.106327085020612,false,0,-6.071532165918825e-18
1761,G-,0.8925142044907021,1.1059859798708,false,0,-5.095750210681871e-18
1762,G+,0.8925142044907021,1.1069931647052926,false,0,-6.179952383167375e-18
1763,G-,0.8925142044907021,1.1054709478163494,false,0,-5.095750210681871e-18
1764,F,0.8931450287433793,1.0687301096467188,false,0,-2.168404344971009e-18
1765,G+,0.9031450287433793,0.7231270720425249,true,0,-2.168404344971009e-18
1766,G-,0.8831450287433793,3.132319710615332,false,0,-2.168404344971009e-18
1767,G+,0.8931450287433793,1.071537975029152,false,0,-2.6020852139652106e-18
1768,G-,0.8931450287433793,1.0688329306622597,false,0,-2.168404344971009e-18
1769,G+,0.8931450287433793,1.0702835376574766,false,0,-1.3010426069826053e-18
1770,G-,0.8931450287433793,1.0677591593796132,false,0,-3.686287386450715e-18
1771,G+,0.8931450287433793,1.0712791357732119,false,0,-3.469446951953614e-18
1772,G-,0.8931450287433793,1.068956634194495,false,0,-4.336808689942018e-18
1773,G+,0.8931450287433793,1.0695437009448043,false,0,-6.179952383167375e-18
1774,G-,0.8931450287433793,1.0685124893801952,false,0,-2.168404344971009e-18
1775,G+,0.8931450287433793,1.0688670916770895,false,0,-7.589415207398531e-19
1776,G-,0.8931450287433793,1.0700099766439475,false,0,-3.903127820947816e-18
1777,G+,0.8931450287433793,1.0696420523455739,false,0,-4.9873299934333204e-18
1778,G-,0.8931450287433793,1.0702654848820927,false,0,-3.3610267347050637e-18
1779,G+,0.8931450287433793,1.0675747932183375,false,0,-4.0115480381963664e-18
1780,G-,0.8931450287433793,1.0705254214804374,false,0,-2.3852447794681098e-18
1781,G+,0.8931450287433793,1.068897411929478,false,0,-3.2526065174565133e-18
1782,G-,0.8931450287433793,1.0686615450354449,false,0,-4.228388472693467e-18
1783,G+,0.8931450287433793,1.0691866489560415,false,0,-3.903127820947816e-18
1784,G-,0.8931450287433793,1.070527203665601,false,0,-3.903127820947816e-18
1785,G+,0.8931450287433793,1.0691714029656905,false,0,-3.3610267347050637e-18
1786,G-,0.8931450287433793,1.0689969954282525,false,0,-1.8431436932253575e-18
1787,G+,0.8931450287433793,1.0697547896103379,false,0,-2.168404344971009e-18
1788,G-,0.8931450287433793,1.0709797955540583,false,0,-2.8189256484623115e-18
1789,G+,0.8931450287433793,1.0687646076717456,false,0,-2.2768245622195593e-18
1790,G-,0.8931450287433793,1.0688721937808834,false,0,-3.7947076036992655e-18
1791,G+,0.8931450287433793,1.0689788252452463,false,0,-6.613633252161577e-18
1792,G-,0.8931450287433793,1.0686246528220602,false,0,-1.0842021724855044e-18
1793,G+,0.8931450287433793,1.0690468283557866,false,0,-2.2768245622195593e-18
1794,G-,0.8931450287433793,1.0686575381219396,false,0,-2.0599841277224584e-18
1795,G+,0.8931450287433793,1.0692216298872135,false,0,-2.710505431213761e-18
1796,G-,0.8931450287433793,1.068370484462123,false,0,-4.0115480381963664e-18
