idx,kind,gamma_focal_prime,Delta,feasible,inner_status,gravity_value
1,F,0.9609650007465946,0.0010029938006052336,true,0,NaN
2,F,0.8533077873854227,NaN,false,-300,NaN
3,F,0.9071363940660087,1.296995291703988,false,0,NaN
4,F,0.9340506974063016,0.20164056677800116,true,0,NaN
5,F,0.9065168997022529,1.5696348606599806,false,0,NaN
6,F,0.9244757383829236,0.48702196096451644,true,0,NaN
7,F,0.9212003695930081,0.5912619857575779,true,0,NaN
8,F,0.9090248470095846,1.186846813271428,false,0,NaN
9,F,0.9118790589961908,0.9972146083657043,true,0,NaN
10,F,0.9114569874035723,1.0032447667393174,false,0,NaN
11,F,0.9115178600087915,0.9995817888691576,true,0,NaN
12,F,0.9110769483308121,1.00514501230028,false,0,NaN
13,F,0.9107319926938687,1.0042950697547441,false,0,NaN
14,F,0.9112974041698018,1.0025962265144333,false,0,NaN
15,F,0.9114076320892966,1.001938950688046,false,0,NaN
16,F,0.9114627460490441,1.001274767216024,false,0,NaN
17,F,0.9110777092649753,1.0050915567120082,false,0,NaN
18,F,0.9111399614952497,0.999985753433268,true,0,NaN
19,F,0.8733138305326851,NaN,false,-300,NaN
20,F,0.8922271930372913,2.0536140381045866,false,0,NaN
21,F,0.9049551816573532,1.3007310379849377,false,0,NaN
22,F,0.9016838742913538,1.22205415953826,false,0,NaN
23,F,0.9043669629691761,1.0087837619079936,false,0,NaN
24,F,0.9064122149219035,1.090549930613917,false,0,NaN
25,F,0.9075067868226182,1.000177432181034,false,0,NaN
26,F,0.8530404963158028,NaN,false,-300,NaN
27,F,0.8802736415692105,NaN,false,-300,NaN
28,F,0.8938902141959144,4.173717357287318,false,0,NaN
29,F,0.9006985005092663,1.346541873379312,false,0,NaN
30,F,0.9057683726200174,1.0433903319999258,false,0,NaN
31,F,0.8956205689104104,1.272764640458667,false,0,NaN
32,F,0.8888027138092929,NaN,false,-300,NaN
33,F,0.8922116413598516,NaN,false,-300,NaN
34,F,0.893916105135131,3.1310342314896404,false,0,NaN
35,F,0.8947683370227707,1.4501252182485698,false,0,NaN
36,F,0.891565642435803,NaN,false,-300,NaN
37,F,0.8962289440711126,NaN,false,-300,NaN
38,F,0.8985767597789246,2.304925654394368,false,0,NaN
39,F,0.8997851069803056,1.219346237616714,false,0,NaN
40,F,0.8961722349440242,1.523331389847728,false,0,NaN
41,F,0.9035649479943455,1.9609183881491372,false,0,NaN
42,F,0.8979786709621649,1.2573863176902793,false,0,NaN
43,F,0.8997905531980998,1.5084673341265402,false,0,NaN
44,F,0.8988846120801323,1.3223590153951659,false,0,NaN
45,F,0.8984316415211486,1.277889546974086,false,0,NaN
46,F,0.8982051562416568,1.263882309030765,false,0,NaN
47,F,0.9011371497976636,1.219890748362153,false,0,NaN
48,F,0.9052695613982769,1.1385597441113489,false,0,NaN
49,F,0.9099832088138373,1.0478439696262978,false,0,NaN
50,F,0.8530528784257589,NaN,false,-300,NaN
51,F,0.8816982469484411,NaN,false,-300,NaN
52,F,0.8960335685495662,1.5274396260734697,false,0,NaN
53,F,0.8996163089784128,NaN,false,-300,NaN
54,F,0.903228807345725,1.134483280944594,false,0,NaN
55,F,0.8862971367134187,2.8349045571160123,false,0,NaN
56,F,0.9101468969115633,1.2831163311627372,false,0,NaN
57,F,0.8947629720295718,1.4644278480197128,false,0,NaN
58,F,0.8989958896876484,1.2323152929440746,false,0,NaN
59,F,0.9011123485166866,1.1690585192100924,false,0,NaN
60,F,0.9014862165156,1.0562033922815899,false,0,NaN
61,F,0.9020011543216633,1.0176519208789245,false,0,NaN
62,F,0.9022779421093772,1.0038172557500566,false,0,NaN
63,F,0.9020527386139467,0.9904757359133602,true,0,NaN
64,F,0.8976837365565885,0.9890814256850927,true,0,NaN
65,F,0.8945325015571973,1.168648618853887,false,0,NaN
66,F,0.897587309820734,0.9521764888561535,true,0,NaN
67,F,0.8949235337245613,1.0730653906949827,false,0,NaN
68,F,0.886967147550923,NaN,false,-300,NaN
69,F,0.8962554217726476,1.0083150629965252,false,0,NaN
70,F,0.8969213657966908,0.9769095822409317,true,0,NaN
71,F,0.8529875692106732,NaN,false,-300,NaN
72,F,0.874954467503682,NaN,false,-300,NaN
73,F,0.8859379166501864,20.427973508708554,false,0,NaN
74,F,0.8914296412234386,1.5701526190785648,false,0,NaN
75,F,0.8921061217427476,1.429542380271728,false,0,NaN
76,F,0.8953984628607031,NaN,false,-300,NaN
77,F,0.8945629158906862,1.1404955310242058,false,0,NaN
78,F,0.8958277871505479,1.1605040379226532,false,0,NaN
79,F,0.8957918147693281,1.0397359943576552,false,0,NaN
80,F,0.8963435598807857,1.0100099579764352,false,0,NaN
81,F,0.8964072714200289,1.0022904783941151,false,0,NaN
82,F,0.896691282572571,0.9796731377328882,true,0,NaN
83,F,0.8963640642199663,1.0925197651803824,false,0,NaN
84,F,0.8967676075482731,0.9933425774609618,true,0,NaN
85,F,0.8961634037153919,1.003295085826673,false,0,NaN
86,F,0.89627334964606,1.0008023292152082,false,0,NaN
87,F,0.8958596249206976,1.009847350584561,false,0,NaN
88,F,0.8960748271677131,1.003549040146625,false,0,NaN
89,F,0.8960664872833788,1.0027246259034923,false,0,NaN
90,F,0.8957643864631534,1.0131330322925323,false,0,NaN
91,F,0.8959616164350857,1.0104181194372857,false,0,NaN
92,F,0.8959154368732661,1.0083673580457095,false,0,NaN
93,F,0.8959909620783224,1.0073831910007178,false,0,NaN
94,F,0.8960287246808506,1.005549770713108,false,0,NaN
95,F,0.8958332551376414,1.0113855182189104,false,0,NaN
96,F,0.8960364534360652,1.0031912907806062,false,0,NaN
97,F,0.8959660744191302,1.0061813181218657,false,0,NaN
98,F,0.8960765432579526,1.0015332071966359,false,0,NaN
99,F,0.8952822829685801,1.3090586547526928,false,0,NaN
100,F,0.8956794131132664,1.1010906856316764,false,0,NaN
101,F,0.8958779781856095,1.039498121029529,false,0,NaN
102,F,0.8959772607217811,1.0161849144276573,false,0,NaN
103,F,0.8956317486527079,1.1248614996141284,false,0,NaN
104,F,0.8984863725878741,1.0428146104116565,false,0,NaN
105,F,0.895864435697932,1.0466537883958127,false,0,NaN
106,F,0.8969311479270877,1.0111355309513645,false,0,NaN
107,F,0.8959807799357178,1.0189522122000148,false,0,NaN
108,F,0.8964142185100636,1.0019336706179673,false,0,NaN
109,F,0.8960389534850354,1.0080027700219767,false,0,NaN
110,F,0.8962220866391046,1.0009996724331955,false,0,NaN
111,F,0.8957373991197447,1.0123939400171025,false,0,NaN
112,F,0.8958153370748329,1.0087359297731406,false,0,NaN
113,F,0.8959797428794246,1.0058140416949155,false,0,NaN
114,F,0.8961009147592647,1.0036517432446328,false,0,NaN
115,F,0.8961615006991847,1.0031037650499257,false,0,NaN
116,F,0.8960843938498018,1.0033080738580713,false,0,NaN
117,F,0.8961663087372954,0.999798437583675,true,0,NaN
118,F,0.8960952469170236,1.0023184183044684,false,0,NaN
119,F,0.8961057407350967,1.0028200105789782,false,0,NaN
120,F,0.8961307778271596,1.0024020493525596,false,0,NaN
121,F,0.8961485432822275,1.0015473094579357,false,0,NaN
122,F,0.8961574260097614,1.0005641358988129,false,0,NaN
123,F,0.8960421772536978,1.0046944477898292,false,0,NaN
124,F,0.8961655447960135,0.9997159748940361,true,0,NaN
125,F,0.8961400776258795,1.0000002932363747,true,0,NaN
126,F,0.8960978060375313,1.0017132288707102,false,0,NaN
127,F,0.8960301157225576,1.004367893543045,false,0,NaN
128,F,0.8957970319322835,1.0227390499338835,false,0,NaN
129,F,0.8957418946401733,1.0360273122797568,false,0,NaN
130,F,0.8951170271178629,1.0837735023762627,false,0,NaN
131,F,0.8976236051648331,1.0128966407422801,false,0,NaN
132,F,0.8980594506222485,1.001520195472803,false,0,NaN
133,F,0.8980420711988443,1.0044906652639123,false,0,NaN
134,F,0.8981800272134803,1.0018665713027193,false,0,NaN
135,F,0.8981859397308872,1.0026707287762577,false,0,NaN
136,F,0.8981829834721838,1.0026898245457996,false,0,NaN
137,F,0.898181505342832,1.002007265156308,false,0,NaN
138,F,0.8981807662781562,1.0016348181335384,false,0,NaN
139,F,0.8981084733121749,1.006447627592724,false,0,NaN
140,F,0.8983139073530523,1.0018554246262001,false,0,NaN
141,F,0.8983740967256635,0.999999365518853,true,0,NaN
142,F,0.8983321721551418,1.0009408479184834,false,0,NaN
143,F,0.89836415522265,0.9997400655283588,true,0,NaN
144,F,0.8983539505855788,0.9999956883637666,true,0,NaN
145,F,0.8983536888881762,0.9999997774388649,true,0,NaN
146,F,0.8983534423183274,0.9999997427610855,true,0,NaN
147,F,0.8983528234190884,0.9999997527852411,true,0,NaN
148,F,0.8983512843722908,0.9999998132841458,true,0,NaN
149,F,0.8983474863625047,1.0000001707212955,true,0,NaN
150,F,0.8983382796946132,1.0017685991592407,false,0,NaN
151,F,0.8983428830285589,1.001174626822998,false,0,NaN
152,F,0.8983451846955318,1.0006369526313952,false,0,NaN
153,F,0.8983463355290183,1.0002188922263706,false,0,NaN
154,F,0.8983394064810394,1.001768827643363,false,0,NaN
155,F,0.8983434540624841,1.0011745250883817,false,0,NaN
156,F,0.8983454778550611,1.0006366642998796,false,0,NaN
157,F,0.8983464897550588,1.0000066121166304,false,0,NaN
158,F,0.8983289710312468,1.0001641822424123,false,0,NaN
159,F,0.8983125821134907,1.0018505922714778,false,0,NaN
160,F,0.8982583599526772,1.003631415689497,false,0,NaN
161,F,0.8982885753283203,1.0044455591128383,false,0,NaN
162,F,0.8982734676404988,1.004203282755647,false,0,NaN
163,F,0.8982659137965879,1.0040404842706012,false,0,NaN
164,F,0.8982621368746326,1.0034558494641146,false,0,NaN
165,F,0.8983594264450027,1.0021301147108268,false,0,NaN
166,F,0.8978138262143386,1.015992473561211,false,0,NaN
167,F,0.8967083286074664,1.1610332064461462,false,0,NaN
168,F,0.9023114715683856,1.0468957472304943,false,0,NaN
169,F,0.8977209495054767,1.0220871710185386,false,0,NaN
170,F,0.8977673878599076,1.020335464191453,false,0,NaN
171,F,0.8977906070371231,1.0181260941049266,false,0,NaN
172,F,0.8982694664174352,1.0069520841184891,false,0,NaN
173,F,0.8984831810682751,1.0034979167491576,false,0,NaN
174,F,0.8914462087974097,NaN,false,-300,NaN
175,F,0.8949646949328424,2.177892103639839,false,0,NaN
176,F,0.8967239380005587,1.2929027409324498,false,0,NaN
177,F,0.8976035595344168,1.1006111833034504,false,0,NaN
178,F,0.8982960116022732,1.0223588927214537,false,0,NaN
179,F,0.8991057636442186,1.0052011538941197,false,0,NaN
180,F,0.8984553971980084,1.01380557821148,false,0,NaN
181,F,0.89895538499103,1.0010963316182293,false,0,NaN
182,F,0.8986346572965612,1.0342955147894848,false,0,NaN
183,F,0.8999150772744015,1.0174816520241379,false,0,NaN
184,F,0.8988092088182471,1.0158951144339459,false,0,NaN
185,F,0.8994026564788501,1.007488329532097,false,0,NaN
186,F,0.8989021648622991,1.004274266734333,false,0,NaN
187,F,0.8989523351138714,1.0017623381507346,false,0,NaN
188,F,0.89897704554973,1.0000767759591522,false,0,NaN
189,F,0.8989754206932594,1.000003283794949,false,0,NaN
190,F,0.8989668248092805,1.0016486114620469,false,0,NaN
191,F,0.8990268486430895,1.00063486572348,false,0,NaN
192,F,0.8989711227512699,1.001098425066351,false,0,NaN
193,F,0.8989732717222647,1.0010993497850251,false,0,NaN
194,F,0.8989743462077621,1.0005196507194505,false,0,NaN
195,F,0.8989668180270434,1.001648613561197,false,0,NaN
196,F,0.8990314437782733,1.0004459568796815,false,0,NaN
197,F,0.8989613853356216,1.002102598886165,false,0,NaN
198,F,0.899043804758059,1.0000080110142866,false,0,NaN
199,F,0.8989654256436314,1.0016565066816552,false,0,NaN
200,F,0.8990303607982715,1.000450638043013,false,0,NaN
201,F,0.8989704794146491,1.0010985559268404,false,0,NaN
202,F,0.8989730193176629,1.0010970931762473,false,0,NaN
203,F,0.8989742894298776,1.0005168784195915,false,0,NaN
204,F,0.8989749248077568,1.0005161750466323,false,0,NaN
205,F,0.8989754036271033,0.9999998385900563,true,0,NaN
206,F,0.8823916713244944,NaN,false,-300,NaN
207,F,0.8989749301879844,0.9999998399388657,true,0,NaN
208,F,0.8904501569402292,NaN,false,-300,NaN
209,F,0.8947125435641068,NaN,false,-300,NaN
210,F,0.8968437368760456,1.5969473770164297,false,0,NaN
211,F,0.897909333532015,1.198466897275237,false,0,NaN
212,F,0.8989731010273124,1.0010972064880421,false,0,NaN
213,F,0.8989739428595874,1.0008638249346569,false,0,NaN
214,F,0.8989744381561814,1.0005146513416636,false,0,NaN
215,F,0.8989746858048394,1.000281625468058,false,0,NaN
216,F,0.8989748096298904,1.0000053154794148,false,0,NaN
217,F,0.8989750300210508,1.0000021728236228,false,0,NaN
218,F,0.8989748715438598,1.0000001970879815,true,0,NaN
219,F,0.8904818355560384,NaN,false,-300,NaN
220,F,0.8989748169624715,1.000000197125281,true,0,NaN
221,F,0.8983840543417116,1.075784873179376,false,0,NaN
222,F,0.9016495859672944,0.9735992351147592,true,0,NaN
223,F,0.8949978142815693,NaN,false,-300,NaN
224,F,0.8983237001244319,1.6830334690059288,false,0,NaN
225,F,0.8999866430458632,1.2298511223588986,false,0,NaN
226,F,0.9008181145065788,1.0642062953208313,false,0,NaN
227,F,0.9001045945117834,1.1995057213236093,false,0,NaN
228,F,0.9091147203096337,1.7660968031022461,false,0,NaN
229,F,0.9008727371674826,1.0561301127478315,false,0,NaN
230,F,0.9041327955568635,1.0501846015675107,false,0,NaN
231,F,0.9012568111180914,1.0138961300998137,false,0,NaN
232,F,0.9028472348396943,0.9945617667543587,true,0,NaN
233,F,0.9014488533392275,0.9905468887927115,true,0,NaN
234,F,0.896902431712617,NaN,false,-300,NaN
235,F,0.8991752005786228,1.6266491325403005,false,0,NaN
236,F,0.9003115852826884,1.138849613648302,false,0,NaN
237,F,0.9008797781768478,1.0403606222919333,false,0,NaN
238,F,0.9028477817007755,1.0489115248796623,false,0,NaN
239,F,0.9011638757081899,1.0083423729516612,false,0,NaN
240,F,0.901866879314085,1.0076741367864883,false,0,NaN
241,F,0.9013059266424578,0.994569958102896,true,0,NaN
242,F,0.9008441372590892,1.0200598785357724,false,0,NaN
243,F,0.9012730710983133,1.0223224186181328,false,0,NaN
244,F,0.9013018445554711,0.9946178558698444,true,0,NaN
245,F,0.9005594475817364,1.0500332194399788,false,0,NaN
246,F,0.9022409522480848,1.0002646004562075,false,0,NaN
247,F,0.9009306460686038,1.026037618477611,false,0,NaN
248,F,0.9011162453120375,1.0138526597242339,false,0,NaN
249,F,0.9012090449337543,1.0060798189040427,false,0,NaN
250,F,0.9012797093694044,0.9959555371506025,true,0,NaN
251,F,0.8992920864950877,1.1470208692373223,false,0,NaN
252,F,0.9050042672721887,1.4752555673268737,false,0,NaN
253,F,0.9002649743948478,1.0549931923733964,false,0,NaN
254,F,0.9024973226458818,1.0818706007699292,false,0,NaN
255,F,0.9007524098634486,1.0303523992931527,false,0,NaN
256,F,0.9020530426366975,1.025352086025491,false,0,NaN
257,F,0.9009981467418591,1.0176788768747584,false,0,NaN
258,F,0.9018195688834433,1.011924364225781,false,0,NaN
259,F,0.901125373163906,1.0079940019478122,false,0,NaN
260,F,0.9015805848275564,1.0045239280081546,false,0,NaN
261,F,0.9011990267203173,1.0030172292351127,false,0,NaN
262,F,0.9014660533635704,0.999621144080333,true,0,NaN
263,F,0.9012393680448608,0.9991403461816801,true,0,NaN
264,F,0.9011865100153489,1.0020222320524295,false,0,NaN
265,F,0.901261451459997,1.0010050808630382,false,0,NaN
266,F,0.9012386523922479,0.9991519284961468,true,0,NaN
267,F,0.9011737977562541,1.0034320750839725,false,0,NaN
268,F,0.9012993232552333,1.0010624906963508,false,0,NaN
269,F,0.901206225074251,1.0015997788108553,false,0,NaN
270,F,0.9012224387332495,1.0003911214471926,false,0,NaN
271,F,0.9012305455627486,0.9996445236185927,true,0,NaN
272,F,0.9011701965912934,1.0053653686980006,false,0,NaN
273,F,0.9014292278282164,1.002795529350236,false,0,NaN
274,F,0.901170290233523,1.0053223334502033,false,0,NaN
275,F,0.9014280101606356,1.0028204037203867,false,0,NaN
276,F,0.9011703409601006,1.0053027410088664,false,0,NaN
277,F,0.9014275061918903,1.002852938642549,false,0,NaN
278,F,0.901182005921895,1.0033338611543152,false,0,NaN
279,F,0.9013569819792902,1.002850293819821,false,0,NaN
280,F,0.9012103291890569,1.0026021013864137,false,0,NaN
281,F,0.9012244908226378,1.0011750393960834,false,0,NaN
282,F,0.9012315716394284,1.0001831561369074,false,0,NaN
283,F,0.9012368822520214,0.9991521398797085,true,0,NaN
284,F,0.9011857715597157,1.0020153968188679,false,0,NaN
285,F,0.9012746277947628,1.001434879702308,false,0,NaN
286,F,0.9012368444085328,0.9991527645197975,true,0,NaN
287,F,0.9011741305197143,1.0034286604307816,false,0,NaN
288,F,0.9013220263570275,1.0007713508380691,false,0,NaN
289,F,0.9012054874641235,1.0015989812264086,false,0,NaN
290,F,0.9012211659363282,1.0004234949235877,false,0,NaN
291,F,0.9012290051724304,1.0002847383064517,false,0,NaN
292,F,0.901212321893579,1.0025916419018923,false,0,NaN
293,F,0.9012245876143986,1.0011719810938426,false,0,NaN
294,F,0.9012307204752271,1.0011744260099005,false,0,NaN
295,F,0.9012337869064788,1.0001793888233224,false,0,NaN
296,F,0.9012353201237794,0.9996877866251626,true,0,NaN
297,F,0.9012128304566669,1.0014838111734872,false,0,NaN
298,F,0.9012779621943604,1.0006951444219696,false,0,NaN
299,F,0.9012353055534036,0.9996879879439192,true,0,NaN
300,F,0.9012074839970324,1.00164022781977,false,0,NaN
301,F,0.9012725236432698,1.000058103265381,false,0,NaN
302,F,0.901221394775218,1.0010092548845304,false,0,NaN
303,F,0.9012283501643108,0.9997678878814016,true,0,NaN
304,F,0.9012134106704588,1.0010007845301112,false,0,NaN
305,F,0.9012585447538749,0.999761851750074,true,0,NaN
306,F,0.8530092551054591,NaN,false,-300,NaN
307,F,0.8771338999296671,NaN,false,-300,NaN
308,F,0.889196222341771,1.371871970743512,false,0,NaN
309,F,0.8892003129753369,1.3723910956709104,false,0,NaN
310,F,0.8952273835478229,1.146004032517829,false,0,NaN
311,F,0.8952289911987382,1.1440750632546133,false,0,NaN
312,F,0.8982429641508489,1.0653136613159981,false,0,NaN
313,F,0.8982436847666527,1.0638282063921098,false,0,NaN
314,F,0.8997507544523619,1.0297542570315155,false,0,NaN
315,F,0.8997510841610517,1.0298844907014253,false,0,NaN
316,F,0.9005046496031184,1.013867891643003,false,0,NaN
317,F,0.9005048046718396,1.0132978070674847,false,0,NaN
318,F,0.9010700709661857,1.0034873974616445,false,0,NaN
319,F,0.9010701119213804,1.0035008589874426,false,0,NaN
320,F,0.9012349855304138,1.0001111474899627,false,0,NaN
321,F,0.9012349893702472,1.0001104237584721,false,0,NaN
322,F,0.9012570723024086,0.9997644316521458,true,0,NaN
323,F,0.9012297682745297,1.0002183053420173,false,0,NaN
324,F,0.9012570657973521,0.9997644875178593,true,0,NaN
325,F,0.9012364529730175,1.000080750941755,false,0,NaN
326,F,0.9012364580390839,1.0000808969210193,false,0,NaN
327,F,0.901246759385185,0.9998813932738498,true,0,NaN
328,F,0.9012406429986569,0.9999994510288711,true,0,NaN
329,F,0.853009165596683,NaN,false,-300,NaN
330,F,0.8771249043429126,NaN,false,-300,NaN
331,F,0.8891827737160273,1.3557975222237921,false,0,NaN
332,F,0.8899150814913728,1.3112240345540938,false,0,NaN
333,F,0.8952117084025847,1.1386681650997919,false,0,NaN
334,F,0.8954971180362492,1.1085947343352627,false,0,NaN
335,F,0.8982261757458634,1.061074079879272,false,0,NaN
336,F,0.8983518803403301,1.0523426682227324,false,0,NaN
337,F,0.8997334094175028,1.0239528736273251,false,0,NaN
338,F,0.8997827107180497,1.0239776867025256,false,0,NaN
339,F,0.9004870262533226,1.0095551086916874,false,0,NaN
340,F,0.9005066939083812,1.0091241613146205,false,0,NaN
341,F,0.9010522388801877,1.0017984353196339,false,0,NaN
342,F,0.9010559416608438,1.0007299438281034,false,0,NaN
343,F,0.9012170925630267,1.0004228101133172,false,0,NaN
344,F,0.9012179640160517,0.9989049690419678,true,0,NaN
345,F,0.9011623295012496,1.000019983486317,false,0,NaN
346,F,0.9011622068260697,1.0000219380555528,false,0,NaN
347,F,0.9011632249360719,1.0000001023332892,true,0,NaN
348,F,0.9011631861493017,0.9999999087789184,true,0,NaN
349,F,0.9011631021176527,0.9999998688025299,true,0,NaN
350,F,0.9011628937480114,1.0003414428202675,false,0,NaN
351,F,0.901162997932832,1.0000112205774467,false,0,NaN
352,F,0.9011630500252423,1.0000008312357207,true,0,NaN
353,F,0.9011630760714475,1.0000000181015198,true,0,NaN
354,F,0.9011629506069594,1.0000003722186586,true,0,NaN
355,F,0.9011629769953078,0.999999807583153,true,0,NaN
356,F,0.9011629132590926,0.9999998054772564,true,0,NaN
357,F,0.9011628934073357,0.9999997983611398,true,0,NaN
358,F,0.9011628443609587,0.9999998052077471,true,0,NaN
359,F,0.9011627263084219,0.9999998219705784,true,0,NaN
360,F,0.901162439537569,0.9999998241115888,true,0,NaN
361,F,0.90116242952524,0.9999997965668156,true,0,NaN
362,F,0.9011624013808772,0.9999997964880926,true,0,NaN
363,F,0.9011623311809146,0.9999997974254007,true,0,NaN
364,F,0.9011621566668667,0.9999998024601324,true,0,NaN
365,F,0.9011617258100325,0.999999833070603,true,0,NaN
366,F,0.9011606800740917,1.0000000027074585,true,0,NaN
367,F,0.9011603710871154,0.999999815638346,true,0,NaN
368,F,0.9011595905445141,0.9999999087699983,true,0,NaN
369,F,0.9011577329791081,1.000000383517705,true,0,NaN
370,F,0.9011572029955549,0.9999998501529895,true,0,NaN
371,F,0.9011558529189135,1.000000091488443,true,0,NaN
372,F,0.9011527138422254,0.9999992533848899,true,0,NaN
373,F,0.901142425311914,0.9997442660572371,true,0,NaN
374,F,0.9011296945985885,0.9999988365666386,true,0,NaN
375,F,0.901056455243104,1.0033702017597808,false,0,NaN
376,F,0.9012216623221017,1.0000060222279656,false,0,NaN
377,F,0.9010930749208462,1.00117619687085,false,0,NaN
378,F,0.9011113847597174,1.0005058095458472,false,0,NaN
379,F,0.901120539679153,0.9999860909410406,true,0,NaN
380,F,0.9009863150040044,1.0075273519799826,false,0,NaN
381,F,0.9013515960762257,0.9996715579853104,true,0,NaN
382,F,0.9010534273415787,1.0037263622068613,false,0,NaN
383,F,0.9010869835103658,1.002484035605898,false,0,NaN
384,F,0.9011037615947594,1.001079348341029,false,0,NaN
385,F,0.9010914203330395,1.0024550500192555,false,0,NaN
386,F,0.9012078419135651,1.0000282735852477,false,0,NaN
387,F,0.9011056314782518,1.0010729000069873,false,0,NaN
388,F,0.9011568707189117,0.9999980387116596,true,0,NaN
389,F,0.9011127370543888,1.0004872586589133,false,0,NaN
390,F,0.9011363626674411,0.9999893758741776,true,0,NaN
391,F,0.9011162898495184,1.0004803742014,false,0,NaN
392,F,0.9011396077499559,0.9999897518243538,true,0,NaN
393,F,0.901118066261206,1.000478607250037,false,0,NaN
394,F,0.9011413093955575,0.9999878104406479,true,0,NaN
395,F,0.9011189544952973,1.0004762526188264,false,0,NaN
396,F,0.9011420907932214,0.9999871246341963,true,0,NaN
397,F,0.9011193986688537,1.0000432492487457,false,0,NaN
398,F,0.9011220949617138,1.0002299331766782,false,0,NaN
399,F,0.9011197321960511,0.9999865438786795,true,0,NaN
400,F,0.9002410573555718,1.193118567978513,false,0,NaN
401,F,0.9065384979207303,0.9610129653175915,true,0,NaN
402,F,0.9011147280617783,1.0009569998450878,false,0,NaN
403,F,0.9011172301289148,1.0004799809337295,false,0,NaN
404,F,0.9011184811624829,1.0004781170791381,false,0,NaN
405,F,0.9011146996514601,1.0009943727614303,false,0,NaN
406,F,0.9011607931337736,1.0009216406213999,false,0,NaN
407,F,0.9011172016390359,1.000482599080834,false,0,NaN
408,F,0.9011398991579758,1.0014343772687864,false,0,NaN
409,F,0.9011184526350419,1.0004785949355774,false,0,NaN
410,F,0.9011409679887338,1.0014379643101012,false,0,NaN
411,F,0.9011190781374813,1.0004777671041034,false,0,NaN
412,F,0.9011415560936441,1.0014388050909782,false,0,NaN
413,F,0.9011193908975743,1.000122398452858,false,0,NaN
414,F,0.901125621991401,1.0017839706140965,false,0,NaN
415,F,0.901119547295372,0.9999872436912144,true,0,NaN
416,F,0.9010696343710255,1.0016309164111101,false,0,NaN
417,F,0.9011496935259483,0.9999973182044604,true,0,NaN
418,F,0.9011194823960968,0.9999874265996805,true,0,NaN
419,F,0.9010720867207436,1.000352927692492,false,0,NaN
420,F,0.9010893895831839,0.9999977544054701,true,0,NaN
421,F,0.9010597101635414,1.0005979171695782,false,0,NaN
422,F,0.9010886211136884,1.0000061677613084,false,0,NaN
423,F,0.9010745498733627,1.0001795305978995,false,0,NaN
424,F,0.9010819697282733,0.9999747863458399,true,0,NaN
425,F,0.9010662833099701,1.0003816863076416,false,0,NaN
426,F,0.90108479818392,0.9999999675615181,true,0,NaN
427,F,0.9010741265191217,1.0001874873007377,false,0,NaN
428,F,0.9010780481236974,1.0001202931311857,false,0,NaN
429,F,0.9010800089259854,0.9999803961761893,true,0,NaN
430,F,0.9010718578531401,1.0000482772333743,false,0,NaN
431,F,0.901074217017206,0.9999996514370878,true,0,NaN
432,F,0.9010708518016984,0.9998346622716663,true,0,NaN
433,F,0.9010339354895309,0.9979182310603594,true,0,NaN
434,F,0.8530081320591374,NaN,false,-300,NaN
435,F,0.877020385034595,NaN,false,-300,NaN
436,F,0.8890265559191654,NaN,false,-300,NaN
437,F,0.8950296415325297,NaN,false,-300,NaN
438,F,0.8980311846813703,1.3410281132792758,false,0,NaN
439,F,0.9029353764372213,1.4116528006954474,false,0,NaN
440,F,0.8995319569401083,1.0768272471025293,false,0,NaN
441,F,0.9006598293926465,1.042769462058941,false,0,NaN
442,F,0.9002823444381183,1.0198450054469983,false,0,NaN
443,F,0.9005957501053955,1.0083428060349844,false,0,NaN
444,F,0.9008451446426139,0.9999844148748234,true,0,NaN
445,F,0.9004929657680649,1.0060416973903838,false,0,NaN
446,F,0.9008426214703176,1.0000349849644392,false,0,NaN
447,F,0.9008438830564657,1.0000068574300174,false,0,NaN
448,F,0.9008445138495398,0.9999932014583727,true,0,NaN
449,F,0.9005522643434888,1.0061482275405644,false,0,NaN
450,F,0.9005803748834231,1.0055234518583418,false,0,NaN
451,F,0.9006987044930513,1.00300928965728,false,0,NaN
452,F,0.9007124996662631,1.002714322289968,false,0,NaN
453,F,0.9007719245678326,1.0015266565396803,false,0,NaN
454,F,0.900778958079112,1.0013008900057547,false,0,NaN
455,F,0.9008085346052233,1.0007507656013486,false,0,NaN
456,F,0.9008120296064295,1.0006759144125525,false,0,NaN
457,F,0.9008268396239185,1.0003644905292186,false,0,NaN
458,F,0.900828572988062,1.0003264200395516,false,0,NaN
459,F,0.9008359921332663,1.0001715217411729,false,0,NaN
460,F,0.9008368454484663,1.000152790768758,false,0,NaN
461,F,0.90084056838794,1.0000750773967833,false,0,NaN
462,F,0.9008409818613181,1.0000660057604251,false,0,NaN
463,F,0.9008440005789454,1.0000028335870876,false,0,NaN
464,F,0.900844084578894,1.0000009216749186,true,0,NaN
465,F,0.9008450016346553,0.9999850608160812,true,0,NaN
466,F,0.9006817931487517,1.0114262646616836,false,0,NaN
467,F,0.9011086455644083,1.0030118994453254,false,0,NaN
468,F,0.9008449976381452,0.9999850611791486,true,0,NaN
469,F,0.9008440403228777,0.9999863901398138,true,0,NaN
470,F,0.9007514017512139,1.005705264465998,false,0,NaN
471,F,0.9007727640734932,1.0160168321056102,false,0,NaN
472,F,0.9008440085630997,0.9999863949331044,true,0,NaN
473,F,0.9007700040508076,1.003137410166338,false,0,NaN
474,F,0.9008631813283106,1.0011631690665486,false,0,NaN
475,F,0.9008070063069537,1.0010261363988926,false,0,NaN
476,F,0.9008255074350267,0.9998746694076495,true,0,NaN
477,F,0.9007720314371165,1.0036061878442324,false,0,NaN
478,F,0.9008928912479912,1.0010463108177954,false,0,NaN
479,F,0.9007987694360715,1.0010817498561375,false,0,NaN
480,F,0.9008121384355491,1.0009464716837406,false,0,NaN
481,F,0.9008188229352879,1.000728542841376,false,0,NaN
482,F,0.9007986903391114,1.0010824114131256,false,0,NaN
483,F,0.9008140828951251,1.0016810424538998,false,0,NaN
484,F,0.9008120374010699,1.0009472653905682,false,0,NaN
485,F,0.9008260327369707,1.0006298163333351,false,0,NaN
486,F,0.90081871093205,1.0007293873225729,false,0,NaN
487,F,0.9008299877522067,1.0004733223077693,false,0,NaN
488,F,0.9008220476975419,0.9998965640907025,true,0,NaN
489,F,0.9007960762246974,1.0002266440086387,false,0,NaN
490,F,0.9008067352932373,1.000000134144682,true,0,NaN
491,F,0.900784186998728,1.0003901099181132,false,0,NaN
492,F,0.9008024754968971,1.0000011780232203,false,0,NaN
493,F,0.9007989450203622,0.9999649902629509,true,0,NaN
494,F,0.9007924451404167,0.9999960278921741,true,0,NaN
495,F,0.9007808289694517,1.0014799521894922,false,0,NaN
496,F,0.9008505135819771,0.9999906637475723,true,0,NaN
497,F,0.9007866370549342,1.0009505737312727,false,0,NaN
498,F,0.9007895410976754,1.0004838290642555,false,0,NaN
499,F,0.9007909931190461,1.0003746264309492,false,0,NaN
500,F,0.9007808289694517,1.0014799521894922,false,0,NaN
501,F,0.900846300610041,1.0003713218644736,false,0,NaN
502,F,0.9007866311855415,1.000960204205001,false,0,NaN
503,F,0.9008291962044948,1.0003125306420724,false,0,NaN
504,F,0.9007895322935864,1.0004840450312036,false,0,NaN
505,F,0.9008110770597388,1.0004047329626982,false,0,NaN
506,F,0.900790982847609,1.0004067440090787,false,0,NaN
507,F,0.9008091292052799,1.0004679572894082,false,0,NaN
508,F,0.9007917081246202,0.999972686853561,true,0,NaN
509,F,0.9007864863181789,1.0008709214862934,false,0,NaN
510,F,0.9008274092901045,1.0000007945239269,true,0,NaN
511,F,0.9007895172795067,1.000479885351434,false,0,NaN
512,F,0.9007906127020634,1.0004777228883448,false,0,NaN
513,F,0.9007911604133418,1.000055417874944,false,0,NaN
514,F,0.9007895123496936,1.000479872171297,false,0,NaN
515,F,0.9008114381240125,1.000392363260183,false,0,NaN
516,F,0.900790605990562,1.0004777263139264,false,0,NaN
517,F,0.9008126877010904,1.0003821907138186,false,0,NaN
518,F,0.9007911528109963,1.0000588571255673,false,0,NaN
519,F,0.9007948377952297,1.0004196187052588,false,0,NaN
520,F,0.9007914262212133,1.000038845238322,false,0,NaN
521,F,0.9007942889982413,0.9999882912567284,true,0,NaN
522,F,0.900791562926322,0.9999774693447754,true,0,NaN
523,F,0.9007862142995957,1.0006763855320833,false,0,NaN
524,F,0.9008179902480172,0.9999998343058594,true,0,NaN
525,F,0.9007905815235894,1.0004173448589255,false,0,NaN
526,F,0.9007910722249557,0.9999937270431776,true,0,NaN
527,F,0.9007847537503244,1.0000949839218978,false,0,NaN
528,F,0.9007892279676649,0.9999997755219276,true,0,NaN
529,F,0.9007843011144188,1.000222979561706,false,0,NaN
530,F,0.9007849248807335,1.0002685410288883,false,0,NaN
531,F,0.9007867645410418,1.0000900986160464,false,0,NaN
532,F,0.9007879962543534,1.0000711127749937,false,0,NaN
533,F,0.9007886121110091,1.000058706314757,false,0,NaN
534,F,0.9007843011144188,1.0002229795617057,false,0,NaN
535,F,0.9007936363751664,1.0003218833254428,false,0,NaN
536,F,0.9007867610119432,1.0000889839555613,false,0,NaN
537,F,0.9007904920071373,1.0000412622150432,false,0,NaN
538,F,0.9007879909607058,1.000070865435962,false,0,NaN
539,F,0.900790964250306,1.0000066882047947,false,0,NaN
540,F,0.9007886059350878,1.000058316050052,false,0,NaN
541,F,0.9007910543937141,0.9999776475295858,true,0,NaN
542,F,0.9007889134222802,0.9999999717028087,true,0,NaN
543,F,0.9007821556124845,1.000127437432519,false,0,NaN
544,F,0.900788149104493,0.999999761819097,true,0,NaN
545,F,0.9007855860791201,1.000019255767336,false,0,NaN
546,F,0.9007865003339471,0.999999777510107,true,0,NaN
547,F,0.9007836191327994,1.000007334390419,false,0,NaN
548,F,0.9007794444460349,0.9998562836584974,true,0,NaN
549,F,0.9007530780984705,0.9961583573956718,true,0,NaN
550,F,0.900489356639549,1.0008992958151695,false,0,NaN
551,F,0.9004713654933464,1.0006603317785334,false,0,NaN
552,F,0.9006212173690098,0.9979880062863308,true,0,NaN
553,F,0.9005190479052911,1.0000398921988307,false,0,NaN
554,F,0.9005098523852821,1.000053504010888,false,0,NaN
555,F,0.9005067981033024,0.9999985021554012,true,0,NaN
556,F,0.9004882430612277,0.9990244553780081,true,0,NaN
557,F,0.9004188736781541,0.9964197541849777,true,0,NaN
558,F,0.9002387054354997,1.0003256945868149,false,0,NaN
559,F,0.900255409254218,0.9999474380908833,true,0,NaN
560,F,0.9002512517063306,1.000004425839233,false,0,NaN
561,F,0.900251477195348,0.9999993745016039,true,0,NaN
562,F,0.9002458585071436,0.9997061577435469,true,0,NaN
563,F,0.8975496648997269,NaN,false,-300,NaN
564,F,0.8988976279443707,NaN,false,-300,NaN
565,F,0.8995716094747072,NaN,false,-300,NaN
566,F,0.8999086002559044,1.426538771503437,false,0,NaN
567,F,0.9016025510543302,1.2563372204525791,false,0,NaN
568,F,0.9000770956785611,1.0905743956458855,false,0,NaN
569,F,0.9004377199289085,1.0642447440004956,false,0,NaN
570,F,0.9001613434540058,1.0262962789941006,false,0,NaN
571,F,0.9002668702316241,1.0192351204099879,false,0,NaN
572,F,0.9002034674699616,1.0078904042606758,false,0,NaN
573,F,0.900235947794879,1.006119996763884,false,0,NaN
574,F,0.9002350613796415,1.0009553958629742,false,0,NaN
575,F,0.9002400191423459,1.000388928582198,false,0,NaN
576,F,0.9002442855911864,0.9997186514793684,true,0,NaN
577,F,0.9002313463735866,1.0000010156188157,false,0,NaN
578,F,0.9002300131553203,1.0009138559052966,false,0,NaN
579,F,0.9002701462909822,1.0000005412298574,true,0,NaN
580,F,0.900257412012011,0.9997792480966181,true,0,NaN
581,F,0.900166239271613,1.006314269413385,false,0,NaN
582,F,0.9004283530722923,1.0019317536201786,false,0,NaN
583,F,0.9002117705793556,1.002123095653183,false,0,NaN
584,F,0.9003057797381792,1.0003250594580868,false,0,NaN
585,F,0.9002345362649149,1.0003420539988201,false,0,NaN
586,F,0.9002571093805394,1.000215111173231,false,0,NaN
587,F,0.9002459191710711,0.9996753185178558,true,0,NaN
588,F,0.9002110949618664,1.0000991999259548,false,0,NaN
589,F,0.9002456651708757,0.9996776492720417,true,0,NaN
590,F,0.8996240629785747,1.0137394160487625,false,0,NaN
591,F,0.8996241936231362,1.0133717141251757,false,0,NaN
592,F,0.8999348590934522,1.0064390358948636,false,0,NaN
593,F,0.8999349219119019,1.0064601240514999,false,0,NaN
594,F,0.9000902613992221,1.0028404569766243,false,0,NaN
595,F,0.9000902907841232,1.0028493681281216,false,0,NaN
596,F,0.9001679632850489,1.0010540712922746,false,0,NaN
597,F,0.9001679760730615,1.0010570904913711,false,0,NaN
598,F,0.9002068142279623,1.0001661890324982,false,0,NaN
599,F,0.90020681876687,1.0001654403323514,false,0,NaN
600,F,0.900226239699419,0.9997574874759062,true,0,NaN
601,F,0.9000905099509736,1.0028636841726137,false,0,NaN
602,F,0.9000909556434662,1.0024917094414856,false,0,NaN
603,F,0.9001583748251962,1.0012863672574523,false,0,NaN
604,F,0.9001585941964426,1.0013012356117974,false,0,NaN
605,F,0.9001923072623076,1.0005003725126422,false,0,NaN
606,F,0.9001924138551335,1.0005074756911572,false,0,NaN
607,F,0.9002092734808633,1.0001085198466073,false,0,NaN
608,F,0.9002093238487271,1.0001113803604111,false,0,NaN
609,F,0.9002177565901411,0.9999137970114875,true,0,NaN
610,F,0.9002136135420037,1.0000016921365724,false,0,NaN
611,F,0.9002136210113011,0.9999997501152912,true,0,NaN
612,F,0.9002132439765669,1.0000000679325098,true,0,NaN
613,F,0.9002122652880953,1.0000018644859223,false,0,NaN
614,F,0.9002116912363224,1.0000036987824905,false,0,NaN
615,F,0.9002127546323311,1.0000004537300227,true,0,NaN
616,F,0.900212999304449,1.000000129402823,true,0,NaN
617,F,0.9002100998853387,1.0000134286225895,false,0,NaN
618,F,0.9002095324373582,1.0000141435730814,false,0,NaN
619,F,0.9002115495948938,1.000003283231098,false,0,NaN
620,F,0.9002122744496714,1.0000009037847148,true,0,NaN
621,F,0.9002126368770602,1.0000003114888116,true,0,NaN
622,F,0.900207613111121,1.0004993398849875,false,0,NaN
623,F,0.9002101249940906,1.0000107597713315,false,0,NaN
624,F,0.9002113809355754,1.0000025767263743,false,0,NaN
625,F,0.9002120089063178,1.0000008341285775,true,0,NaN
626,F,0.9002095207985841,1.0000194243875407,false,0,NaN
627,F,0.9002103487741884,1.0000065786508443,false,0,NaN
628,F,0.9002110806483067,1.0000036653897604,false,0,NaN
629,F,0.9002112446639898,0.9999999149670258,true,0,NaN
630,F,0.9001957870226663,1.0055466511177402,false,0,NaN
631,F,0.9004368515902591,1.002240702752267,false,0,NaN
632,F,0.9002109520770604,1.0004261492635447,false,0,NaN
633,F,0.900211098370525,1.0000004798305582,true,0,NaN
634,F,0.9002111715172575,0.9999999325491268,true,0,NaN
635,F,0.900205173025313,1.0022466031630815,false,0,NaN
636,F,0.9003035132788829,0.999850502528689,true,0,NaN
637,F,0.9002674411537015,0.9993211395078004,true,0,NaN
638,F,0.9002340953684804,0.9999273037173825,true,0,NaN
639,F,0.9002291672405536,0.9999034531614885,true,0,NaN
640,F,0.9001994211848666,0.9988673478085677,true,0,NaN
641,F,0.9001230127248295,1.0021593328205871,false,0,NaN
642,F,0.9002164824507817,1.0000179371723974,false,0,NaN
643,F,0.9001612169548481,1.0010457400630544,false,0,NaN
644,F,0.9001803190698574,1.0006656392755031,false,0,NaN
645,F,0.900189870127362,0.9990857833425861,true,0,NaN
646,F,0.9001224757002881,1.0021714169567946,false,0,NaN
647,F,0.9001224936344846,1.0021748567356827,false,0,NaN
648,F,0.9001497936010027,1.0011743588692743,false,0,NaN
649,F,0.9001498079635945,1.000963746629754,false,0,NaN
650,F,0.9001634525626064,1.0008895080374816,false,0,NaN
651,F,0.9001634668996362,1.0008787221788822,false,0,NaN
652,F,0.9001702820659014,0.9992662610125777,true,0,NaN
653,F,0.8950287922710296,NaN,false,-300,NaN
654,F,0.8975992377630794,NaN,false,-300,NaN
655,F,0.898884460510337,NaN,false,-300,NaN
656,F,0.8995270718864316,1.642394435391355,false,0,NaN
657,F,0.8998069364824722,1.6019957819285433,false,0,NaN
658,F,0.8998483775794103,1.1337317627128498,false,0,NaN
659,F,0.8999068917290919,1.1258482093537396,false,0,NaN
660,F,0.9000090304357623,1.0395534518673104,false,0,NaN
661,F,0.9000265618334968,1.0358850399163724,false,0,NaN
662,F,0.9000893568836639,1.0140221277084158,false,0,NaN
663,F,0.9000957780490565,1.011056347747758,false,0,NaN
664,F,0.9001496018576699,1.0022604903904924,false,0,NaN
665,F,0.9001509048259214,1.002303483907415,false,0,NaN
666,F,0.9001671747357988,0.9992842298140248,true,0,NaN
667,F,0.9001333357521936,1.000010453452196,false,0,NaN
668,F,0.9001670735283936,0.9992863600216442,true,0,NaN
669,F,0.9001312864618765,1.0008770973780576,false,0,NaN
670,F,0.900149179995135,0.9996489444502779,true,0,NaN
671,F,0.9001581267617643,0.9994659490307541,true,0,NaN
672,F,0.900162600145079,0.9993756630142802,true,0,NaN
673,F,0.9001287853393645,1.0008832037800854,false,0,NaN
674,F,0.9001456927422218,1.0005499661781267,false,0,NaN
675,F,0.9001541464436503,0.9995337304926758,true,0,NaN
676,F,0.9001583732943647,0.9994540972459324,true,0,NaN
677,F,0.8993807875327234,NaN,false,-300,NaN
678,F,0.8997692235818254,1.496370644355855,false,0,NaN
679,F,0.899963487066179,1.1029407308906338,false,0,NaN
680,F,0.9018060009269614,1.0312355027020026,false,0,NaN
681,F,0.9000607099146084,1.033828674024481,false,0,NaN
682,F,0.9006727416362234,1.0049813380044128,false,0,NaN
683,F,0.9001094704795279,1.010750501893059,false,0,NaN
684,F,0.9003106151136276,1.00179327108736,false,0,NaN
685,F,0.9001339245531815,1.0042186493433376,false,0,NaN
686,F,0.9002187753957471,1.001185684809084,false,0,NaN
687,F,0.9001461521850113,1.002853938489133,false,0,NaN
688,F,0.900206705740248,1.0005080438549814,false,0,NaN
689,F,0.9001553270797428,1.0003349439644615,false,0,NaN
690,F,0.9001710321847932,1.0001563405228087,false,0,NaN
691,F,0.900158020640403,0.9994535972540926,true,0,NaN
692,F,0.9001573453854704,0.999455324313193,true,0,NaN
693,F,0.9001535988472414,1.0022611996747743,false,0,NaN
694,F,0.9002743825094304,0.9988217288639225,true,0,NaN
695,F,0.9001554671186512,1.0003316077887034,false,0,NaN
696,F,0.9001931881447788,0.9999513774922795,true,0,NaN
697,F,0.900156401260495,1.0003095486167484,false,0,NaN
698,F,0.9001568683436953,1.0003077532077227,false,0,NaN
699,F,0.9001571019098579,0.9995183782390288,true,0,NaN
700,F,0.9001480168790186,0.9996639414214948,true,0,NaN
701,F,0.9001240150429827,1.000266228188729,false,0,NaN
702,F,0.9001407630074258,0.9984765294186821,true,0,NaN
703,F,0.9000804165899047,0.9998465084589963,true,0,NaN
704,F,0.9000736777162698,0.9999996538495945,true,0,NaN
705,F,0.9000736648499813,0.9999997774862244,true,0,NaN
706,F,0.9000736515443581,0.9999997725702223,true,0,NaN
707,F,0.9000736174984414,0.9999997726055281,true,0,NaN
708,F,0.9000735324274483,0.999999772784888,true,0,NaN
709,F,0.9000733197563989,0.999999773906332,true,0,NaN
710,F,0.9000728872530007,0.9999997809268093,true,0,NaN
711,F,0.9000728669790825,0.9999997729682479,true,0,NaN
712,F,0.9000728157949512,0.9999997774686304,true,0,NaN
713,F,0.9000726932120602,0.9999999585419796,true,0,NaN
714,F,0.900072543105839,1.000001438117532,false,0,NaN
715,F,0.9000724635155313,1.0000023639740705,false,0,NaN
716,F,0.9000726181589496,1.000000115710344,true,0,NaN
717,F,0.9000726556855049,0.9999999620841907,true,0,NaN
718,F,0.9000726252400627,0.9999998066941795,true,0,NaN
719,F,0.9000725377953497,0.99999977313109,true,0,NaN
720,F,0.9000723174782892,0.9999997743448535,true,0,NaN
721,F,0.900071764196794,0.9999997828845272,true,0,NaN
722,F,0.9000703892096752,0.9999998351664598,true,0,NaN
723,F,0.900067000356479,0.9999121227558393,true,0,NaN
724,F,0.9000548815812052,1.0008916455941992,false,0,NaN
725,F,0.900085823971103,1.0026776727894298,false,0,NaN
726,F,0.9000609409688421,1.000432525200735,false,0,NaN
727,F,0.9000639706626605,0.9999341238219337,true,0,NaN
728,F,0.9000412821495174,1.0041044251743847,false,0,NaN
729,F,0.9002008576017577,1.0013275612966173,false,0,NaN
730,F,0.900052626406089,1.0024186266688329,false,0,NaN
731,F,0.9000582985343748,1.0009630114831232,false,0,NaN
732,F,0.9000611345985177,1.0004183144687107,false,0,NaN
733,F,0.8999147080947455,1.017605949781599,false,0,NaN
734,F,0.9006704112930746,1.0005892704877726,false,0,NaN
735,F,0.8998515089536804,1.0212291669573053,false,0,NaN
736,F,0.900763147005515,1.0028252940868079,false,0,NaN
737,F,0.899819268643139,1.024636475348613,false,0,NaN
738,F,0.9008772448599295,1.002269956930204,false,0,NaN
739,F,0.8998015781466103,1.0262356813665363,false,0,NaN
740,F,0.9009282662212575,1.001811935655678,false,0,NaN
741,F,0.8998500736649842,1.0212218109033964,false,0,NaN
742,F,0.9007620897991441,1.0032264522133438,false,0,NaN
743,F,0.8999568914023166,1.0139096160116317,false,0,NaN
744,F,0.9005556395998955,1.000888677181401,false,0,NaN
745,F,0.9000104200896617,1.0090251451983692,false,0,NaN
746,F,0.9003999068647651,1.001263375891397,false,0,NaN
747,F,0.900050587030997,1.0034990806403667,false,0,NaN
748,F,0.9002033242988368,0.9999419946676492,true,0,NaN
749,F,0.9001273821484146,1.001820004911604,false,0,NaN
750,F,0.9001412370301487,1.0005409750400718,false,0,NaN
751,F,0.9001653532236257,1.0008757495980602,false,0,NaN
752,F,0.9001722419315926,1.0007955649461724,false,0,NaN
753,F,0.9001843387612312,1.0004049572816756,false,0,NaN
754,F,0.9001877542336896,1.0003649704107593,false,0,NaN
755,F,0.900193831530034,1.000169894619082,false,0,NaN
756,F,0.9001955128450772,1.0001501537364255,false,0,NaN
757,F,0.9001985779144354,1.000052446619806,false,0,NaN
758,F,0.9001993927655467,1.0000428654235687,false,0,NaN
759,F,0.9002009511066361,0.9999937448750456,true,0,NaN
760,F,0.9001986160795509,1.0000079466610639,false,0,NaN
761,F,0.9001970170372763,1.0012882109787662,false,0,NaN
762,F,0.9002009501090042,0.9999937475342358,true,0,NaN
763,F,0.9001986289280447,1.0014633063420293,false,0,NaN
764,F,0.9002311664066243,1.0041562828976285,false,0,NaN
765,F,0.9001997895185245,1.0014606262178716,false,0,NaN
766,F,0.9002003698137644,1.0008391587979557,false,0,NaN
767,F,0.9002006599613843,1.000003635815932,false,0,NaN
768,F,0.9001910838909837,1.0031524224010155,false,0,NaN
769,F,0.9001960169967166,1.002756836278336,false,0,NaN
770,F,0.9001984835526523,1.0014568782664786,false,0,NaN
771,F,0.9001997168308289,1.001457395532015,false,0,NaN
772,F,0.9002003334699172,1.0006166737053972,false,0,NaN
773,F,0.9002006417894614,0.9999954184064371,true,0,NaN
774,F,0.9002000728193588,1.0000042400724702,false,0,NaN
775,F,0.9002000352405496,1.0000007456206557,true,0,NaN
776,F,0.9002006417574921,0.9999954186499386,true,0,NaN
777,F,0.9001999003419494,1.0000000208670559,true,0,NaN
778,F,0.9001993914810189,0.9999997902125919,true,0,NaN
779,F,0.9001980994467822,1.0005415698057207,false,0,NaN
780,F,0.9002208153582321,1.0007533964880877,false,0,NaN
781,F,0.9001987454639006,0.999999813645492,true,0,NaN
782,F,0.900195968158815,1.0012936805619577,false,0,NaN
783,F,0.9002507678852447,0.9999994168772766,true,0,NaN
784,F,0.9002423367334709,1.0005189605272677,false,0,NaN
785,F,0.9002565577049711,0.9999970434192398,true,0,NaN
786,F,0.9002465523093578,1.0000002312614427,true,0,NaN
787,F,0.9002486600973013,0.99999966516481,true,0,NaN
788,F,0.9002297228921509,1.0015777455295911,false,0,NaN
789,F,0.9002817583547253,1.0032574817205098,false,0,NaN
790,F,0.9002391914947261,1.00051498728847,false,0,NaN
791,F,0.9002439257960136,1.0005168787327845,false,0,NaN
792,F,0.9002462929466575,0.9999998325452746,true,0,NaN
793,F,0.900201787453824,1.0045788290604356,false,0,NaN
794,F,0.9003623790862091,1.0044580082102081,false,0,NaN
795,F,0.9002240402002407,1.0026620711463625,false,0,NaN
796,F,0.9002351665734492,1.0005073761832282,false,0,NaN
797,F,0.9002407297600533,1.0005174958828211,false,0,NaN
798,F,0.9002354829299566,1.0005074591334329,false,0,NaN
799,F,0.9002574048155157,1.0006429605789342,false,0,NaN
800,F,0.9002408310176161,1.0005179093222971,false,0,NaN
801,F,0.9002632038863594,1.0006660701963719,false,0,NaN
802,F,0.9002435050617461,1.00051771607611,false,0,NaN
803,F,0.90026586943704,1.0006715748660144,false,0,NaN
804,F,0.9002448420844116,0.9999902198791626,true,0,NaN
805,F,0.9002296604848093,1.0015862550620869,false,0,NaN
806,F,0.900286064016294,1.0032542393438435,false,0,NaN
807,F,0.9002437250254539,1.0005182067210037,false,0,NaN
808,F,0.9002442835549327,1.0005230950756947,false,0,NaN
809,F,0.9002445628196721,0.999990473021513,true,0,NaN
810,F,0.9002327813282119,1.001053527819464,false,0,NaN
811,F,0.9002686176542425,0.9998063200028267,true,0,NaN
812,F,0.900238672073942,1.000509748450499,false,0,NaN
813,F,0.9002416174468071,1.0004712949276264,false,0,NaN
814,F,0.9002430901332397,1.0000028099358476,false,0,NaN
815,F,0.9002440496314825,0.999991969073629,true,0,NaN
816,F,0.9002403254108782,0.9999897508973498,true,0,NaN
817,F,0.9002317836326835,1.0005370924907324,false,0,NaN
818,F,0.9002476674008499,0.9998768465329636,true,0,NaN
819,F,0.9002360545217809,0.999994712161739,true,0,NaN
820,F,0.9002164644865859,1.0008739038207415,false,0,NaN
821,F,0.9002365850770848,1.0009969080301413,false,0,NaN
822,F,0.9002262595041833,1.0004086529032352,false,0,NaN
823,F,0.9002311570129822,1.0005324220580907,false,0,NaN
824,F,0.9002336057673815,1.0005233878873465,false,0,NaN
825,F,0.9002164644865859,1.0008739038207415,false,0,NaN
826,F,0.9002548162102816,1.0011811251177472,false,0,NaN
827,F,0.9002262515201127,1.0004082216961385,false,0,NaN
828,F,0.9002442828598559,1.0005632494351961,false,0,NaN
829,F,0.9002311450368762,1.000532505933379,false,0,NaN
830,F,0.9002546848642468,1.0006625645154756,false,0,NaN
831,F,0.9002335917952583,1.0005301179419186,false,0,NaN
832,F,0.900257054642721,1.0006730108594828,false,0,NaN
833,F,0.9002348151744501,0.9999951770886484,true,0,NaN
834,F,0.9002284040771089,1.0005481861912109,false,0,NaN
835,F,0.9002466295242683,1.001245283383874,false,0,NaN
836,F,0.9002319951311304,1.0005345009754292,false,0,NaN
837,F,0.9002334051527903,1.0005327512262707,false,0,NaN
838,F,0.9002341101636202,0.9999957486668792,true,0,NaN
839,F,0.9002187863692838,1.000944118706514,false,0,NaN
840,F,0.9002460467999887,1.0010372247754737,false,0,NaN
841,F,0.900226448266452,1.0004174343675376,false,0,NaN
842,F,0.9002302792150361,1.0005328549073438,false,0,NaN
843,F,0.9002321946893281,1.00053245210316,false,0,NaN
844,F,0.9002307045089902,1.0005329264397536,false,0,NaN
845,F,0.9002539474629778,1.0000119146678712,false,0,NaN
846,F,0.9002323984994558,1.000532608407838,false,0,NaN
847,F,0.9002556469832595,1.0000114787199612,false,0,NaN
848,F,0.900233245494689,1.0005324885094768,false,0,NaN
849,F,0.9002564984387791,1.0000112624207707,false,0,NaN
850,F,0.9002336689923064,1.0000119086557009,false,0,NaN
851,F,0.900234364546763,0.9999952231637467,true,0,NaN
852,F,0.9002338807411167,0.99999601011973,true,0,NaN
853,F,0.900196940465425,1.0018667988432177,false,0,NaN
854,F,0.9002445661434716,0.9996648409075533,true,0,NaN
855,F,0.900230294739278,1.0005325077809304,false,0,NaN
856,F,0.9002320877401973,1.0005324249464496,false,0,NaN
857,F,0.900232984240657,1.000532411123951,false,0,NaN
858,F,0.9002302800125371,1.0005326556921628,false,0,NaN
859,F,0.9002538466839969,1.0010421550616202,false,0,NaN
860,F,0.9002320722218047,1.000532588894696,false,0,NaN
861,F,0.9002556439980375,1.001045144917045,false,0,NaN
862,F,0.9002329683264424,1.0005325835346572,false,0,NaN
863,F,0.9002565438872151,1.0010467096213016,false,0,NaN
864,F,0.9002334163787693,1.0005325878675588,false,0,NaN
865,F,0.9002569941399929,1.001047509101764,false,0,NaN
866,F,0.9002336404049488,1.000146328399426,false,0,NaN
867,F,0.9002402450981116,1.0004464685235175,false,0,NaN
868,F,0.9002337524180707,0.9999962103511242,true,0,NaN
869,F,0.9000927517142131,1.0015581862268896,false,0,NaN
870,F,0.8997090214478881,1.1100333783298433,false,0,NaN
871,F,0.9002308324588804,1.0004127383700476,false,0,NaN
872,F,0.9002322924384755,1.0005327581372534,false,0,NaN
873,F,0.9002330224282731,1.00053263281361,false,0,NaN
874,F,0.9002308162629572,1.0004130472889918,false,0,NaN
875,F,0.9002488264933984,1.0000199487529982,false,0,NaN
876,F,0.9002322760713259,1.0005330700895243,false,0,NaN
877,F,0.900255474698335,1.0000268592231862,false,0,NaN
878,F,0.9002330059755393,1.0005329157647516,false,0,NaN
879,F,0.9002561987532538,1.0000268046141625,false,0,NaN
880,F,0.9002333709277041,1.000527571992733,false,0,NaN
881,F,0.9002563331854816,0.9995014527621919,true,0,NaN
882,F,0.9002335534039025,1.0000015603102554,false,0,NaN
883,F,0.9002337843961756,0.9999960210493177,true,0,NaN
884,F,0.9002336446422339,0.9999965384201149,true,0,NaN
885,F,0.9002245484427768,0.9994497467602081,true,0,NaN
886,F,0.9001800191617715,0.9989259306943706,true,0,NaN
887,F,0.9001268188730972,0.9992032736867645,true,0,NaN
888,F,0.900089878532056,1.0000131294669914,false,0,NaN
889,F,0.9000868768935438,0.9999777238847393,true,0,NaN
890,F,0.9000809406599903,1.0000543872959802,false,0,NaN
891,F,0.9000818019281194,1.0000294904225484,false,0,NaN
892,F,0.9000839087767671,1.0000094559197095,false,0,NaN
893,F,0.9000853928351554,0.9999905620709381,true,0,NaN
894,F,0.9000861348643496,0.9999827793629839,true,0,NaN
895,F,0.900080926627366,1.0000547356866154,false,0,NaN
896,F,0.9000813797934455,1.0000457296144865,false,0,NaN
897,F,0.9000828948619852,1.0000346168950558,false,0,NaN
898,F,0.9000832733661721,1.0000295893415059,false,0,NaN
899,F,0.9000838789793029,1.0000273634661145,false,0,NaN
900,F,0.900084243336488,1.0000228104740985,false,0,NaN
901,F,0.9000843710379781,1.0000243007347729,false,0,NaN
902,F,0.9000847329815015,1.0000198398373286,false,0,NaN
903,F,0.9000846170673482,1.0000229104457319,false,0,NaN
904,F,0.9000849789696702,1.0000184701995078,false,0,NaN
905,F,0.9000847400820986,1.0000222505793226,false,0,NaN
906,F,0.9000851022553036,1.000017815085382,false,0,NaN
907,F,0.9000848015896041,1.0000219294661588,false,0,NaN
908,F,0.9000851639711313,1.0000174950285825,false,0,NaN
909,F,0.9000848477211463,1.0000216924859564,false,0,NaN
910,F,0.9000852102908062,1.0000172582782334,false,0,NaN
911,F,0.900084861185645,1.0000216239418096,false,0,NaN
912,F,0.900085223815369,1.0000171897114676,false,0,NaN
913,F,0.9000857072706175,1.0000004867398562,true,0,NaN
914,F,0.9000858953458057,0.9999981451894958,true,0,NaN
915,F,0.9000809604556438,1.0000429468474612,false,0,NaN
916,F,0.9000808210537306,0.9996345522772005,true,0,NaN
917,F,0.9000574893432349,1.0013605100331406,false,0,NaN
918,F,0.9000094765462242,1.0067431720086295,false,0,NaN
919,F,0.9000691551984827,1.000378249959178,false,0,NaN
920,F,0.9000749881261066,0.9997616027517294,true,0,NaN
921,F,0.900064027391681,1.0000066472188318,false,0,NaN
922,F,0.900064228838952,0.9999990451656539,true,0,NaN
923,F,0.9000638349148493,0.9999022484451813,true,0,NaN
924,F,0.9000586156877795,0.999860022520965,true,0,NaN
925,F,0.8530032554601287,NaN,false,-300,NaN
926,F,0.8765309039506085,NaN,false,-300,NaN
927,F,0.8882947346682465,1.6019569737763661,false,0,NaN
928,F,0.900093614967305,NaN,false,-300,NaN
929,F,0.8941766500676602,1.1998856406627696,false,0,NaN
930,F,0.8980964146694297,1.1892805046032744,false,0,NaN
931,F,0.8971176078485565,1.086134177706562,false,0,NaN
932,F,0.898808263186032,1.0620323083748413,false,0,NaN
933,F,0.8985880869013837,1.0433877054463392,false,0,NaN
934,F,0.8994410689945259,1.0280986783081578,false,0,NaN
935,F,0.8993233267525557,1.021248931196933,false,0,NaN
936,F,0.8997424704988387,1.015985443405723,false,0,NaN
937,F,0.8998747589142717,1.006090529552966,false,0,NaN
938,F,0.8999968538796126,1.0036652322217503,false,0,NaN
939,F,0.9000356165675948,1.0024130875364226,false,0,NaN
940,F,0.9000571782427679,0.9998879279719791,true,0,NaN
941,F,0.9000521648559792,1.0000000115308134,true,0,NaN
942,F,0.9000521455273619,0.9999995262702557,true,0,NaN
943,F,0.9000518512916905,0.9995792354693133,true,0,NaN
944,F,0.8552088726242729,NaN,false,-300,NaN
945,F,0.8776303619579817,NaN,false,-300,NaN
946,F,0.8888411066248361,1.3867131018531575,false,0,NaN
947,F,0.8925789380131678,1.4713491614594114,false,0,NaN
948,F,0.8944464789582633,1.1357782569422408,false,0,NaN
949,F,0.8957614994570887,1.1000014996956706,false,0,NaN
950,F,0.8972491651249769,1.0622097082420277,false,0,NaN
951,F,0.8978538710494546,1.035468969561312,false,0,NaN
952,F,0.8986505082083337,1.0293254749019451,false,0,NaN
953,F,0.8989377122859761,1.0186244464342975,false,0,NaN
954,F,0.8993511797500121,1.0137999454613957,false,0,NaN
955,F,0.8994884826818793,1.008933196338791,false,0,NaN
956,F,0.8998766834062709,1.005161127371453,false,0,NaN
957,F,0.8999305773497082,1.0041917238505333,false,0,NaN
958,F,0.900029955306013,1.0000864805365675,false,0,NaN
959,F,0.9000348528276879,0.9999920812640297,true,0,NaN
960,F,0.9000342972519659,1.0000016329235366,false,0,NaN
961,F,0.9000343257814187,1.0000005334717308,true,0,NaN
962,F,0.9000348521242979,0.999992091242618,true,0,NaN
963,F,0.9000344157574395,1.0000005152522862,true,0,NaN
964,F,0.9000344005646845,1.000000561615725,true,0,NaN
965,F,0.9000346339408687,0.9999961689328207,true,0,NaN
966,F,0.9000347430325834,0.9999940942455723,true,0,NaN
967,F,0.9000347975784406,0.9999930837633032,true,0,NaN
968,F,0.9000347524492339,0.9999926731384966,true,0,NaN
969,F,0.9000344457299563,0.9999995696901928,true,0,NaN
970,F,0.9000344285980051,0.9999997837965585,true,0,NaN
971,F,0.9000344122943724,0.9999997893894121,true,0,NaN
972,F,0.9000343800996433,0.9999998081462553,true,0,NaN
973,F,0.9000343154527204,0.9999998216567269,true,0,NaN
974,F,0.9000341706796978,0.999999831415753,true,0,NaN
975,F,0.9000341257993196,0.9999997754194119,true,0,NaN
976,F,0.900034009433061,0.9999997822391541,true,0,NaN
977,F,0.9000337228703785,0.9999997954206145,true,0,NaN
978,F,0.9000330128372439,0.99999980876282,true,0,NaN
979,F,0.900031239940763,1.000559248109047,false,0,NaN
980,F,0.9000540790076258,1.0019452669773903,false,0,NaN
981,F,0.9000321263890034,0.9999999476886772,true,0,NaN
982,F,0.900030609772126,1.0024965454867982,false,0,NaN
983,F,0.9001395950951705,1.00000574005719,false,0,NaN
984,F,0.9000313680805647,1.0005555738464584,false,0,NaN
985,F,0.9000317472347841,1.0005570297103037,false,0,NaN
986,F,0.9000319368118938,1.0001911502372707,false,0,NaN
987,F,0.9000316800790957,1.0005569744118934,false,0,NaN
988,F,0.9000548217894283,1.0019400344128981,false,0,NaN
989,F,0.900031712144303,1.0005570526543495,false,0,NaN
990,F,0.9000548568996161,1.0019401569516428,false,0,NaN
991,F,0.9000317281769086,1.000557015108524,false,0,NaN
992,F,0.9000548712696309,1.0019402959657728,false,0,NaN
993,F,0.9000317361932153,1.0005569529446854,false,0,NaN
994,F,0.9000548766519955,1.001940409381774,false,0,NaN
995,F,0.9000317402013764,1.0005569047453347,false,0,NaN
996,F,0.9000548786320535,1.001940483399768,false,0,NaN
997,F,0.9000317422054728,1.0005568751794056,false,0,NaN
998,F,0.9000548793950062,1.0019405259350889,false,0,NaN
999,F,0.9000317432075523,1.000556858843787,false,0,NaN
1000,F,0.9000548797120098,1.0019405487724447,false,0,NaN
1001,F,0.9000317439593319,1.0005568458599825,false,0,NaN
1002,F,0.9000548799195669,1.0019405666418353,false,0,NaN
1003,F,0.9000317441809971,1.0005568419079347,false,0,NaN
1004,F,0.9000320686434669,1.0000004761927461,true,0,NaN
1005,F,0.9000320905998117,0.9999999823423056,true,0,NaN
1006,F,0.9000318926045273,1.0000000970540717,true,0,NaN
1007,F,0.9000317409190094,1.0000003518551108,true,0,NaN
1008,F,0.9000320905996176,0.9999999823420994,true,0,NaN
1009,F,0.9000316734986873,1.0000008408596797,true,0,NaN
1010,F,0.9000313930862195,1.0000016195894694,false,0,NaN
1011,F,0.9000318820491524,1.0000001457779366,true,0,NaN
1012,F,0.9000319863243851,0.9999999971585649,true,0,NaN
1013,F,0.8530031223133117,NaN,false,-300,NaN
1014,F,0.8765175519222453,NaN,false,-300,NaN
1015,F,0.8882747670545995,3.0895218210778816,false,0,NaN
1016,F,0.975274109601534,NaN,false,-300,NaN
1017,F,0.8941533746207835,1.4342541148740076,false,0,NaN
1018,F,0.9122339815362351,1.1146570415738921,false,0,NaN
1019,F,0.8970926784038895,1.1502073998914704,false,0,NaN
1020,F,0.9033467146785304,1.0167507783448266,false,0,NaN
1021,F,0.8985623302954704,1.0558270295514125,false,0,NaN
1022,F,0.9008867449337506,1.0013179207020544,false,0,NaN
1023,F,0.8992971562413166,1.029290940674283,false,0,NaN
1024,F,0.9005167141321583,1.0004259893525975,false,0,NaN
1025,F,0.8998482757010917,1.0108063334231354,false,0,NaN
1026,F,0.9002982083792752,1.0006884763786832,false,0,NaN
1027,F,0.9000090188808947,1.0026217475482329,false,0,NaN
1028,F,0.9001181780950328,1.000194052885132,false,0,NaN
1029,F,0.9000305470561839,1.000039301698231,false,0,NaN
1030,F,0.900032183540221,1.0000026940424447,false,0,NaN
1031,F,0.9000319397514165,1.0000006742483358,true,0,NaN
1032,F,0.9000319679427301,1.0000000340116368,true,0,NaN
1033,F,0.9000319855966824,0.9999999974192791,true,0,NaN
1034,F,0.9000319856075375,0.9999999971589983,true,0,NaN
1035,F,0.9000319708049551,0.9999997628615708,true,0,NaN
1036,F,0.8992574187591719,1.1134185246602137,false,0,NaN
1037,F,0.9042742263232838,1.0184295041329445,false,0,NaN
1038,F,0.8996446947820635,1.0501408290589285,false,0,NaN
1039,F,0.8998383327935093,1.0261727223826524,false,0,NaN
1040,F,0.8999351517992322,1.0169103951374316,false,0,NaN
1041,F,0.8992574187591719,1.1134185246602137,false,0,NaN
1042,F,0.9040318343744342,1.0184812753686463,false,0,NaN
1043,F,0.8996446857051178,1.0500934259926868,false,0,NaN
1044,F,0.9017534017637134,1.0025371922900306,false,0,NaN
1045,F,0.8998383191782107,1.02616768411027,false,0,NaN
1046,F,0.9009398700046681,1.001633449329278,false,0,NaN
1047,F,0.8999351359149971,1.0169093223999544,false,0,NaN
1048,F,0.90064695171266,1.0015350398261542,false,0,NaN
1049,F,0.8999835442838702,1.010864101535518,false,0,NaN
1050,F,0.9004408836973641,1.0014234549891976,false,0,NaN
1051,F,0.9000077484692666,1.0067562673483499,false,0,NaN
1052,F,0.9002921666866237,1.0016412327197346,false,0,NaN
1053,F,0.9000198505638843,1.0042277707171636,false,0,NaN
1054,F,0.9001978305344712,1.0008190956523781,false,0,NaN
1055,F,0.9000289271482851,1.0019552093755157,false,0,NaN
1056,F,0.9000315746242893,1.0000088172998072,false,0,NaN
1057,F,0.900031955774896,1.0000001151854565,true,0,NaN
1058,F,0.900031931798903,0.9999999749382051,true,0,NaN
1059,F,0.8992573618054837,1.113416962539048,false,0,NaN
1060,F,0.9042741337674322,1.0184297348666502,false,0,NaN
1061,F,0.9000319308032068,0.9999999749382174,true,0,NaN
1062,F,0.8999866742657681,1.010009616227668,false,0,NaN
1063,F,0.9004291220350502,1.000131777469464,false,0,NaN
1064,F,0.9000093025344874,1.0045508442664477,false,0,NaN
1065,F,0.900020616668847,1.0031933867527871,false,0,NaN
1066,F,0.900026273736027,1.0023817934898864,false,0,NaN
1067,F,0.9000318765865984,1.0000005912260361,true,0,NaN
1068,F,0.9000319028396356,1.000000000408149,true,0,NaN
1069,F,0.9000318766539608,1.0000005912255618,true,0,NaN
1070,F,0.9000319029069651,1.0000000004083964,true,0,NaN
1071,F,0.9000318921348021,1.0000002407230588,true,0,NaN
1072,F,0.9000319034568787,0.9999999810121727,true,0,NaN
1073,F,0.8999867687671753,1.0100089272413957,false,0,NaN
1074,F,0.9004291846311527,1.0001317509901173,false,0,NaN
1075,F,0.9000319033072296,0.9999999810114981,true,0,NaN
1076,F,0.8999867693258901,1.0100089192432882,false,0,NaN
1077,F,0.9004291848425606,1.000131750865188,false,0,NaN
1078,F,0.9000093363165598,1.0045504379282608,false,0,NaN
1079,F,0.9000206198118947,1.0031931836004362,false,0,NaN
1080,F,0.9000262615595621,1.002381669298029,false,0,NaN
1081,F,0.900031873725903,1.000000304316347,true,0,NaN
1082,F,0.9000318869366268,1.0000000003978018,true,0,NaN
1083,F,0.9000318738756513,1.0000003043122152,true,0,NaN
1084,F,0.9000318870861782,1.0000000003979372,true,0,NaN
1085,F,0.9000318739508172,1.0000003043101673,true,0,NaN
1086,F,0.9000318871612463,1.0000000003980087,true,0,NaN
1087,F,0.9000318739890043,1.0000003043091328,true,0,NaN
1088,F,0.900031887199384,1.0000000003980434,true,0,NaN
1089,F,0.9000318740095101,1.0000003043085803,true,0,NaN
1090,F,0.9000318872198635,1.0000000003980616,true,0,NaN
1091,F,0.9000318777880294,1.0000002352835546,true,0,NaN
1092,F,0.9000318881779252,0.9999999950038702,true,0,NaN
1093,F,0.9000318724062359,1.0000000116143912,true,0,NaN
1094,F,0.9000318731168527,0.9999999950474132,true,0,NaN
1095,F,0.8999738224502596,1.011533881282216,false,0,NaN
1096,F,0.9004838534889904,1.0000572898048083,false,0,NaN
1097,F,0.9000318731110197,0.9999999950473913,true,0,NaN
1098,F,0.8999738225893749,1.0115338798286173,false,0,NaN
1099,F,0.9004838535650578,1.00005728957747,false,0,NaN
1100,F,0.9000028478501972,1.007841558661939,false,0,NaN
1101,F,0.9000173604806085,1.0045585682505467,false,0,NaN
1102,F,0.9000246167958141,1.0031965220520835,false,0,NaN
1103,F,0.90003184481207,1.0000000096328439,true,0,NaN
1104,F,0.9000318454388988,0.9999999950211627,true,0,NaN
1105,F,0.9000314160993189,1.0000290707052606,false,0,NaN
1106,F,0.9000326615972442,1.0000337423976917,false,0,NaN
1107,F,0.9000316298224552,1.000013153801508,false,0,NaN
1108,F,0.9000321934977722,1.0000028370906866,false,0,NaN
1109,F,0.9000317376310487,1.0000011994523295,false,0,NaN
1110,F,0.9000317892252687,1.0000000421428248,true,0,NaN
1111,F,0.9000317915353455,1.0000001875965392,true,0,NaN
1112,F,0.9000317997853219,0.9999999968630735,true,0,NaN
1113,F,0.900031681720568,1.00000449890503,false,0,NaN
1114,F,0.9000318685730025,1.0000010596561053,false,0,NaN
1115,F,0.9000317325397857,1.0000010192715338,false,0,NaN
1116,F,0.900031774973755,1.0000001116702248,true,0,NaN
1117,F,0.9000317606314588,1.0000005552532252,true,0,NaN
1118,F,0.9000317838068447,1.0000000367407698,true,0,NaN
1119,F,0.9000317798915829,1.0000002026741805,true,0,NaN
1120,F,0.9000317884335527,1.0000000064925505,true,0,NaN
1121,F,0.9000317898384523,1.0000000534776385,true,0,NaN
1122,F,0.9000317921881793,0.9999999983803308,true,0,NaN
1123,F,0.9000317859722214,1.0000000109356426,true,0,NaN
1124,F,0.9000317865121713,0.9999999984292879,true,0,NaN
1125,F,0.9000317945725695,0.9999997692694718,true,0,NaN
1126,F,0.9000317899303236,0.9999997749603847,true,0,NaN
1127,F,0.9000317803244241,0.9999997821523225,true,0,NaN
1128,F,0.9000317593687149,0.999999775201594,true,0,NaN
1129,F,0.900031716170613,0.9999998455464958,true,0,NaN
1130,F,0.9000316290663795,0.9999997750292096,true,0,NaN
1131,F,0.8962776622089357,NaN,false,-300,NaN
1132,F,0.8981546456891483,3.421872997760016,false,0,NaN
1133,F,0.8990931374292546,1.2930198979730654,false,0,NaN
1134,F,0.9118647342505926,1.1339630995735928,false,0,NaN
1135,F,0.8995623832993077,1.07665199866389,false,0,NaN
1136,F,0.9029033528824466,1.0128979565853597,false,0,NaN
1137,F,0.8997970062343342,1.0232787445370572,false,0,NaN
1138,F,0.9008116452214516,1.0013045590270933,false,0,NaN
1139,F,0.8999143177018476,1.0105520381337485,false,0,NaN
1140,F,0.9003742495237949,1.00079916750719,false,0,NaN
1141,F,0.8999729734356042,1.0050662927004264,false,0,NaN
1142,F,0.9001938031519688,0.9996886832035099,true,0,NaN
1143,F,0.9000169652359217,1.0012970453079837,false,0,NaN
1144,F,0.900073508257078,1.000004498702475,false,0,NaN
1145,F,0.900029796177681,1.0011114456456185,false,0,NaN
1146,F,0.9000315146073813,1.0000367632850873,false,0,NaN
1147,F,0.9000331268832149,1.0000922910677188,false,0,NaN
1148,F,0.9000316255893119,0.9999997736538925,true,0,NaN
1149,F,0.9000316163267696,0.9999997734681332,true,0,NaN
1150,F,0.9000315937428949,0.9999997823678654,true,0,NaN
1151,F,0.90003154907389,1.0000007393072827,true,0,NaN
1152,F,0.9000315514359548,1.0000350720686155,false,0,NaN
1153,F,0.9000315714083924,0.9999998559882263,true,0,NaN
1154,F,0.9000315327000327,0.9999998255172949,true,0,NaN
1155,F,0.9000314343304052,1.0000002916592299,true,0,NaN
1156,F,0.9000313286759486,1.0000009188863577,true,0,NaN
1157,F,0.900031483515219,0.999999984120129,true,0,NaN
1158,F,0.9000242884151539,0.9996862793335874,true,0,NaN
1159,F,0.8999996802416621,0.999075038036927,true,0,NaN
1160,F,0.8999302076828166,0.9960058081479467,true,0,NaN
1161,F,0.8997342501665825,0.9999916870482137,true,0,NaN
1162,F,0.8997257018862161,0.9995345953288683,true,0,NaN
1163,F,0.8996632377294733,0.9952675793056711,true,0,NaN
1164,F,0.8984506816475392,1.189337882076839,false,0,NaN
1165,F,0.8990569596885063,1.0078317591889951,false,0,NaN
1166,F,0.8993600987089898,0.9843083745373524,true,0,NaN
1167,F,0.8985150374922415,1.00641996301714,false,0,NaN
1168,F,0.8988080982184926,0.9992520352928868,true,0,NaN
1169,F,0.8987730669693854,0.9993536089469477,true,0,NaN
1170,F,0.8987403300020791,0.9967894491727045,true,0,NaN
1171,F,0.8934440114492798,NaN,false,-300,NaN
1172,F,0.8960921255752334,NaN,false,-300,NaN
1173,F,0.8974161826383849,NaN,false,-300,NaN
1174,F,0.89807821117031,1.6936311307532046,false,0,NaN
1175,F,0.8984092254369711,1.1437114319413824,false,0,NaN
1176,F,0.9039461437270464,1.0743522400887282,false,0,NaN
1177,F,0.898574732571699,1.0380273938863556,false,0,NaN
1178,F,0.9001286652936618,1.0124651334695518,false,0,NaN
1179,F,0.8986574861418574,1.0081084809030414,false,0,NaN
1180,F,0.8990839262559476,1.0048502147794633,false,0,NaN
1181,F,0.898719551339038,0.9984127262127316,true,0,NaN
1182,F,0.8883756025117913,1.3838405032701577,false,0,NaN
1183,F,0.8882000297358338,1.4050093017324676,false,0,NaN
1184,F,0.89870737503562,0.9986179690936751,true,0,NaN
1185,F,0.8986491310925346,0.9999900537796174,true,0,NaN
1186,F,0.895314073850366,NaN,false,-300,NaN
1187,F,0.8969816024714503,NaN,false,-300,NaN
1188,F,0.8978153667819925,2.1552944645650554,false,0,NaN
1189,F,0.8982322489372636,1.17041921801089,false,0,NaN
1190,F,0.8978873940008435,1.7741364990245205,false,0,NaN
1191,F,0.9246318838736672,NaN,false,-300,NaN
1192,F,0.898268167463282,1.1393776355579197,false,0,NaN
1193,F,0.9030838159320796,1.5927536276515746,false,0,NaN
1194,F,0.8984585541945197,1.0341177470546283,false,0,NaN
1195,F,0.8996377050823972,1.0455531450724416,false,0,NaN
1196,F,0.8985537475601755,1.0076455824849404,false,0,NaN
1197,F,0.8988183014173933,1.0047792137517333,false,0,NaN
1198,F,0.8986013442430772,1.0012527441764456,false,0,NaN
1199,F,0.8986450076263647,1.000767897633018,false,0,NaN
1200,F,0.898625142584676,1.0010714853156022,false,0,NaN
1201,F,0.898662523046697,1.0000609416163209,false,0,NaN
1202,F,0.8986370417557709,1.0000227311692749,false,0,NaN
1203,F,0.89863818119381,1.0002781749564578,false,0,NaN
1204,F,0.8986459661361609,0.999999228008618,true,0,NaN
1205,F,0.8977914355962173,1.1366078857848332,false,0,NaN
1206,F,0.898218700866189,1.0462193379170253,false,0,NaN
1207,F,0.8998541298111686,1.0522485212556416,false,0,NaN
1208,F,0.898432333501175,1.020909721918703,false,0,NaN
1209,F,0.8991722198204014,1.0146133906525716,false,0,NaN
1210,F,0.8985391498186679,1.0103763535863477,false,0,NaN
1211,F,0.8989063287710577,1.005874107807658,false,0,NaN
1212,F,0.8985925579774144,1.0047388214692856,false,0,NaN
1213,F,0.8987602613504347,1.0044145709936771,false,0,NaN
1214,F,0.8986192620567877,1.0017968958216252,false,0,NaN
1215,F,0.898682869823638,1.0016965149573982,false,0,NaN
1216,F,0.8986326140964742,1.000584942593734,false,0,NaN
1217,F,0.898653338724518,1.000014752586962,false,0,NaN
1218,F,0.8986426281262392,1.000000754216931,true,0,NaN
1219,F,0.8986426821288207,0.9999992345013946,true,0,NaN
1220,F,0.8986047346367853,1.0043532333965868,false,0,NaN
1221,F,0.8987488271024076,1.0044105866166986,false,0,NaN
1222,F,0.8986426623796623,0.9999992349788677,true,0,NaN
1223,F,0.8986119223546617,1.0034152875680473,false,0,NaN
1224,F,0.8987424869038084,1.0011169170078131,false,0,NaN
1225,F,0.898627292367162,1.0017312689820266,false,0,NaN
1226,F,0.8986349773734121,1.000568887012825,false,0,NaN
1227,F,0.8986388198765372,1.000562426343678,false,0,NaN
1228,F,0.898629642056062,1.000585979574996,false,0,NaN
1229,F,0.8986505719430985,1.0011513097712086,false,0,NaN
1230,F,0.8986361523363258,1.0005670891625447,false,0,NaN
1231,F,0.8986564083872065,1.0000077481100287,false,0,NaN
1232,F,0.8986394074764581,1.0005619878010286,false,0,NaN
1233,F,0.8986410350465253,1.0000000717391924,true,0,NaN
1234,F,0.8986410651313631,0.9999992392947826,true,0,NaN
1235,F,0.8985297772685794,1.0215453060614488,false,0,NaN
1236,F,0.8993427173937362,1.035018458599727,false,0,NaN
1237,F,0.898641026904741,0.9999992512683941,true,0,NaN
1238,F,0.8985969827576967,1.0033934023920945,false,0,NaN
1239,F,0.8987337057248038,0.9999156713608721,true,0,NaN
1240,F,0.8986190048312188,1.001438159171515,false,0,NaN
1241,F,0.89863001586798,1.0008739881482405,false,0,NaN
1242,F,0.8986355213863605,1.0007102193017086,false,0,NaN
1243,F,0.8986395804478735,1.0005585280013636,false,0,NaN
1244,F,0.8986599204815396,0.9999995305949843,true,0,NaN
1245,F,0.8986395950135241,1.0005585090133013,false,0,NaN
1246,F,0.8986396046913009,1.0005584965954932,false,0,NaN
1247,F,0.89864026597597,1.000558094043553,false,0,NaN
1248,F,0.8986406464403556,1.0000306086521455,false,0,NaN
1249,F,0.8986417868607525,1.0002403168164624,false,0,NaN
1250,F,0.8986408366725482,1.0000004722094349,true,0,NaN
1251,F,0.8986408810763186,0.9999993954232668,true,0,NaN
1252,F,0.8986145556640598,1.0011612564648382,false,0,NaN
1253,F,0.8986615495041116,1.0000161902166922,false,0,NaN
1254,F,0.8986408798940536,0.9999993954406824,true,0,NaN
1255,F,0.8986265100250436,1.000130226358798,false,0,NaN
1256,F,0.8986318256149234,0.9997539753630375,true,0,NaN
1257,F,0.8986202579795235,1.0002509557413417,false,0,NaN
1258,F,0.8986305209240519,0.9996961804901697,true,0,NaN
1259,F,0.8788496812459237,NaN,false,-300,NaN
1260,F,0.8887400901518403,NaN,false,-300,NaN
1261,F,0.8936852946048396,2.8231024359451906,false,0,NaN
1262,F,0.8961578968314213,1.3572169547678603,false,0,NaN
1263,F,0.9096625768029764,1.452878227528755,false,0,NaN
1264,F,0.8973941979448762,1.1174192504360294,false,0,NaN
1265,F,0.9018409666147605,1.069936971164945,false,0,NaN
1266,F,0.8980123485019318,1.0530947577169663,false,0,NaN
1267,F,0.9000293797522594,1.0179297145682051,false,0,NaN
1268,F,0.8983214237811158,1.028597438910249,false,0,NaN
1269,F,0.8994131147268586,1.0056869145976524,false,0,NaN
1270,F,0.8985532302450973,1.0085443472817435,false,0,NaN
1271,F,0.898887453209384,1.004261915126979,false,0,NaN
1272,F,0.8986208405112248,1.0009189678660442,false,0,NaN
1273,F,0.8986670290204918,1.001223077618986,false,0,NaN
1274,F,0.898629896291639,1.0000005438246702,true,0,NaN
1275,F,0.8986304982708058,0.9996961926070036,true,0,NaN
1276,F,0.8986303467617823,0.999701829617766,true,0,NaN
1277,F,0.8986267952849761,0.9997913996283266,true,0,NaN
1278,F,0.8986181741963171,0.9999990106487673,true,0,NaN
1279,F,0.8986173568272059,0.9997876954979915,true,0,NaN
1280,F,0.8985509703446639,1.0044312172745957,false,0,NaN
1281,F,0.8986806867202863,1.0051141079804184,false,0,NaN
1282,F,0.8985841635859348,1.0014974921574478,false,0,NaN
1283,F,0.8986007602065704,1.0007007849148815,false,0,NaN
1284,F,0.8986090585168881,1.0002779185009731,false,0,NaN
1285,F,0.8985509703446639,1.0044312172745957,false,0,NaN
1286,F,0.8987165658162253,1.0019800792121476,false,0,NaN
1287,F,0.8985840987785535,1.0014977559311662,false,0,NaN
1288,F,0.8986440441844997,1.001609686008325,false,0,NaN
1289,F,0.8986006629955037,1.0007010401913599,false,0,NaN
1290,F,0.8986328142513516,1.0006688678637747,false,0,NaN
1291,F,0.8986089451039893,1.000278075433533,false,0,NaN
1292,F,0.8986262800035971,1.0004168802504054,false,0,NaN
1293,F,0.8986130861582533,1.0002835897673148,false,0,NaN
1294,F,0.8986311195934972,0.9998029198534198,true,0,NaN
1295,F,0.8986151566854278,1.0003533360571937,false,0,NaN
1296,F,0.898636042014631,0.9997957825849991,true,0,NaN
1297,F,0.8986161919490998,1.0001002261038299,false,0,NaN
1298,F,0.8986277445528924,1.000040088776835,false,0,NaN
1299,F,0.8986169683974474,0.9997894189158205,true,0,NaN
1300,F,0.898608104006967,1.0002127312479407,false,0,NaN
1301,F,0.8986168984096372,0.9999969683484993,true,0,NaN
1302,F,0.8986081056443365,1.0000124428232502,false,0,NaN
1303,F,0.8986086256200296,0.9999997807565352,true,0,NaN
1304,F,0.8529960055097899,NaN,false,-300,NaN
1305,F,0.8758023155787689,NaN,false,-300,NaN
1306,F,0.8872054706132583,1.4287381765610836,false,0,NaN
1307,F,0.887646301848849,1.3978703996597504,false,0,NaN
1308,F,0.892907048130503,1.1656753027641138,false,0,NaN
1309,F,0.8930773966532386,1.1487519407503997,false,0,NaN
1310,F,0.8957578368891254,1.072453280502466,false,0,NaN
1311,F,0.8958323340090568,1.0695553862615033,false,0,NaN
1312,F,0.8971832312684366,1.0345614538781653,false,0,NaN
1313,F,0.8972187678010664,1.0315304000037961,false,0,NaN
1314,F,0.8978959284580922,1.0169522302826268,false,0,NaN
1315,F,0.8979133590888869,1.01549770481222,false,0,NaN
1316,F,0.898430451350334,1.004085448369627,false,0,NaN
1317,F,0.8984346522842608,1.0030763715953641,false,0,NaN
1318,F,0.8985863538605717,1.000548429117518,false,0,NaN
1319,F,0.8985869180115921,1.000556565322445,false,0,NaN
1320,F,0.89860723366106,1.000020776625289,false,0,NaN
1321,F,0.8986072552768474,1.000019809611828,false,0,NaN
1322,F,0.8986085821485075,0.9999997921983221,true,0,NaN
1323,F,0.8985893114942209,1.000469450033271,false,0,NaN
1324,F,0.8986086064452028,0.9999985279802182,true,0,NaN
1325,F,0.8986085821248406,0.9999997921967939,true,0,NaN
1326,F,0.8985893130356402,1.0004694116101174,false,0,NaN
1327,F,0.898608606409463,0.9999985280740596,true,0,NaN
1328,F,0.8985989475802404,1.000227071834195,false,0,NaN
1329,F,0.8986037648525405,1.0001059638425442,false,0,NaN
1330,F,0.8986061734886905,1.0000456621001312,false,0,NaN
1331,F,0.8986079743184902,1.0000055902530607,false,0,NaN
1332,F,0.8986079811849876,1.0000039426264389,false,0,NaN
1333,F,0.8986082782216654,1.0000014732432232,false,0,NaN
1334,F,0.8986082802124878,1.0000005332168238,true,0,NaN
1335,F,0.898608430173253,1.0000002467384508,true,0,NaN
1336,F,0.8986084307115557,0.9999999017997099,true,0,NaN
1337,F,0.8986078649287139,1.0000027860461973,false,0,NaN
1338,F,0.8986079891458374,0.9999997561391712,true,0,NaN
1339,F,0.8986069753871327,0.9999227305541589,true,0,NaN
1340,F,0.898600155319316,0.9999319421825454,true,0,NaN
1341,F,0.898580689566046,1.0004250148549965,false,0,NaN
1342,F,0.8985751820364262,1.001774861685123,false,0,NaN
1343,F,0.8985904224426811,0.9999991546214138,true,0,NaN
1344,F,0.8985952888809985,0.9998934988211897,true,0,NaN
1345,F,0.8810719826312986,2.431235791717268,false,0,NaN
1346,F,0.8977583622004506,NaN,false,-300,NaN
1347,F,0.8898336283076266,1.3549356234756824,false,0,NaN
1348,F,0.8939726575786315,1.3497034192633923,false,0,NaN
1349,F,0.8942144511474857,1.1455827221072337,false,0,NaN
1350,F,0.8959128748483046,1.1253439128414147,false,0,NaN
1351,F,0.8964048625708053,1.0666138525157365,false,0,NaN
1352,F,0.897182678715695,1.0586729607930518,false,0,NaN
1353,F,0.8975000682892456,1.0293437176146718,false,0,NaN
1354,F,0.8978433946412352,1.0272041300728771,false,0,NaN
1355,F,0.8980476711620266,1.014655689242978,false,0,NaN
1356,F,0.8982197666232005,1.012697609562706,false,0,NaN
1357,F,0.8983214726255385,1.0073460202576965,false,0,NaN
1358,F,0.8984083530326413,1.0065786745796952,false,0,NaN
1359,F,0.8985268239130241,1.001329798116348,false,0,NaN
1360,F,0.8985435680805387,1.002413325327641,false,0,NaN
1361,F,0.8985867200006463,1.0000943869257866,false,0,NaN
1362,F,0.8985890619248458,1.0000446846049067,false,0,NaN
1363,F,0.8985947526157401,0.9999030620880112,true,0,NaN
1364,F,0.898590135455752,1.0000014462442044,false,0,NaN
1365,F,0.8985900667715508,0.999999855849264,true,0,NaN
1366,F,0.898594752122568,0.9999030723905278,true,0,NaN
1367,F,0.8985900017646947,1.000001192563212,false,0,NaN
1368,F,0.8985899408170162,0.9999990741046625,true,0,NaN
1369,F,0.8985837848739959,1.0013899276571148,false,0,NaN
1370,F,0.8986331034592624,1.0014632128608703,false,0,NaN
1371,F,0.898586862845506,1.0005996691724237,false,0,NaN
1372,F,0.8985884018312611,1.0005952270426572,false,0,NaN
1373,F,0.8985891713241386,1.0005951123129626,false,0,NaN
1374,F,0.8985837848739959,1.0013899276571148,false,0,NaN
1375,F,0.8986360962963816,1.0007834314021793,false,0,NaN
1376,F,0.8985868616195608,1.0005996707841291,false,0,NaN
1377,F,0.8986094488826889,1.0005547080729424,false,0,NaN
1378,F,0.8985883999923432,1.0005952284608155,false,0,NaN
1379,F,0.8986108266593603,1.0005541215208815,false,0,NaN
1380,F,0.8985891691787344,1.0005951138034332,false,0,NaN
1381,F,0.8986115948152636,1.0005537038389585,false,0,NaN
1382,F,0.8985895537719301,1.0000026199106458,false,0,NaN
1383,F,0.8985896855582627,1.00000057736942,true,0,NaN
1384,F,0.8985897460685278,0.9999996731996029,true,0,NaN
1385,F,0.8985847208722937,1.0003958704627267,false,0,NaN
1386,F,0.8985933502831939,1.0045947706957334,false,0,NaN
1387,F,0.8985872334704108,1.0005956953283766,false,0,NaN
1388,F,0.8985884897694693,1.0005943299590419,false,0,NaN
1389,F,0.8985891179189985,1.0005947684198797,false,0,NaN
1390,F,0.898586638917274,1.0005884022978233,false,0,NaN
1391,F,0.898608803401923,1.0005521595617481,false,0,NaN
1392,F,0.8985881916162297,1.0005943828430832,false,0,NaN
1393,F,0.8986105822921199,1.0005531218089003,false,0,NaN
1394,F,0.8985889679657076,1.0005946001164912,false,0,NaN
1395,F,0.8986113673297282,1.0005528582663044,false,0,NaN
1396,F,0.8985893561404467,1.0005498430129858,false,0,NaN
1397,F,0.8986100705875721,1.0005980253559599,false,0,NaN
1398,F,0.8985895502278161,1.0000018096994376,false,0,NaN
1399,F,0.8985896305433033,1.000000288640443,true,0,NaN
1400,F,0.8985896472715009,0.9999996878679596,true,0,NaN
1401,F,0.8985879168758798,1.0005964105232943,false,0,NaN
1402,F,0.8986118217830379,1.0000056470576937,false,0,NaN
1403,F,0.8985893618218938,1.0005897910963417,false,0,NaN
1404,F,0.8985895045466973,1.0000285311980373,false,0,NaN
1405,F,0.8985895759090992,1.0000008211160643,true,0,NaN
1406,F,0.8985893609095504,1.0005899717900426,false,0,NaN
1407,F,0.8986119393972886,1.0005543580557226,false,0,NaN
1408,F,0.8985895035442372,1.0000294990677496,false,0,NaN
1409,F,0.8985906436353917,1.0003055904495783,false,0,NaN
1410,F,0.8985895748615805,1.000000869045151,true,0,NaN
1411,F,0.8985896199350012,0.9999998582173172,true,0,NaN
1412,F,0.8985891874822715,1.0000031370903395,false,0,NaN
1413,F,0.8985889350021176,1.0000314284367495,false,0,NaN
1414,F,0.8985896144684374,0.999999857646372,true,0,NaN
1415,F,0.8985888839128597,1.0000154954369536,false,0,NaN
1416,F,0.89858849929166,1.0005508771574465,false,0,NaN
1417,F,0.8985892491906485,1.0000045262979236,false,0,NaN
1418,F,0.898589431829543,1.0000008973550198,true,0,NaN
1419,F,0.8985895231489902,1.0000000990825104,true,0,NaN
1420,F,0.8985895591044012,1.0000001210471,true,0,NaN
1421,F,0.8985895667282736,0.9999999035115202,true,0,NaN
1422,F,0.8973879750504428,1.1259061917080992,false,0,NaN
1423,F,0.9021894350917928,1.0456437862805137,false,0,NaN
1424,F,0.8979887669957559,1.0482578348787985,false,0,NaN
1425,F,0.8998290923079948,1.008372019633593,false,0,NaN
1426,F,0.8982891629685075,1.0248650329863267,false,0,NaN
1427,F,0.8992373993696147,1.0036305107177717,false,0,NaN
1428,F,0.8984393609550735,1.0140961109025126,false,0,NaN
1429,F,0.8989769224819192,1.0009046395446026,false,0,NaN
1430,F,0.8985144599487367,1.0109481881487423,false,0,NaN
1431,F,0.8989319748477931,0.9992747069235113,true,0,NaN
1432,F,0.898552009446329,1.0065539052956358,false,0,NaN
1433,F,0.8988019475401932,1.0014621739257819,false,0,NaN
1434,F,0.8985707841966463,1.0035073375769603,false,0,NaN
1435,F,0.8987045408560959,1.0007536459092707,false,0,NaN
1436,F,0.8985848652700325,1.0006057899359146,false,0,NaN
1437,F,0.8986079708630731,1.0000496791004172,false,0,NaN
1438,F,0.8985889723598157,1.0005136773699304,false,0,NaN
1439,F,0.8985895244107565,1.0000002661571146,true,0,NaN
1440,F,0.8985895382403145,0.9999999234015586,true,0,NaN
1441,F,0.8985893000356354,1.0001256818877482,false,0,NaN
1442,F,0.898589419137975,1.0000047233499927,false,0,NaN
1443,F,0.898589607768481,1.0000013898255278,false,0,NaN
1444,F,0.8985894786891447,1.0000004871894042,true,0,NaN
1445,F,0.89858950084513,0.9999999499564189,true,0,NaN
1446,F,0.8985878719631675,1.000554468030062,false,0,NaN
1447,F,0.898607569443269,1.000005395751896,false,0,NaN
1448,F,0.8985895008404391,0.9999999499557402,true,0,NaN
1449,F,0.898589159547449,1.000174074799362,false,0,NaN
1450,F,0.8985959745826013,1.0003799662480237,false,0,NaN
1451,F,0.898589330193944,1.000001610868688,false,0,NaN
1452,F,0.8985894155171916,1.0000000981960657,true,0,NaN
1453,F,0.8985894581788153,0.9999999659353277,true,0,NaN
1454,F,0.8985858842971499,1.0009185840508217,false,0,NaN
1455,F,0.8986235643292143,0.9999913587151915,true,0,NaN
1456,F,0.8985876712379827,1.000570831961725,false,0,NaN
1457,F,0.898588564708399,1.0005540084781646,false,0,NaN
1458,F,0.8985890114436071,1.000552664443172,false,0,NaN
1459,F,0.8985888567642011,1.000552163230437,false,0,NaN
1460,F,0.8986090952873589,1.0000740952005465,false,0,NaN
1461,F,0.898589143326225,1.0003548236580844,false,0,NaN
1462,F,0.8986021489675388,0.9997117092776424,true,0,NaN
1463,F,0.8985892866072368,1.0000042423184496,false,0,NaN
1464,F,0.898589443698173,1.0000001252320911,true,0,NaN
1465,F,0.8985893582477428,1.0000004285170558,true,0,NaN
1466,F,0.8985893753850969,0.9999999940185955,true,0,NaN
1467,F,0.8985887392207031,1.0000082672476975,false,0,NaN
1468,F,0.8985890880460177,0.9999997534759293,true,0,NaN
1469,F,0.8985885075298061,1.0000074303946718,false,0,NaN
1470,F,0.8985888220468201,0.9999997569515774,true,0,NaN
1471,F,0.8985223726561425,1.0296125536735432,false,0,NaN
1472,F,0.8994109572401489,1.0053300583787148,false,0,NaN
1473,F,0.8985555619057056,1.0099640005190114,false,0,NaN
1474,F,0.8988545567560995,1.0003477535375476,false,0,NaN
1475,F,0.8985721568015511,1.003474837948169,false,0,NaN
1476,F,0.8986764328041283,0.9990569247510706,true,0,NaN
1477,F,0.898580454791679,1.0013475705622916,false,0,NaN
1478,F,0.8986208983582751,0.99907001108664,true,0,NaN
1479,F,0.8985846048717739,1.0000919336599854,false,0,NaN
1480,F,0.8985873708230808,1.0000321487962491,false,0,NaN
1481,F,0.8985866820868621,1.0000233115591393,false,0,NaN
1482,F,0.8985873889101588,1.0000067358954847,false,0,NaN
1483,F,0.8985877250848083,1.0000058085192303,false,0,NaN
1484,F,0.8985879066983069,1.0000009043909581,true,0,NaN
1485,F,0.8985885208693484,1.0000002614138204,true,0,NaN
1486,F,0.8985885360320973,0.9999997990126812,true,0,NaN
1487,F,0.8985864581857499,1.0001475279466723,false,0,NaN
1488,F,0.8985916919906067,1.000029461152756,false,0,NaN
1489,F,0.8985874829616098,1.0001320397368365,false,0,NaN
1490,F,0.8985921680434394,1.00002093283265,false,0,NaN
1491,F,0.8985879960749658,1.0000163136968494,false,0,NaN
1492,F,0.8985885811643716,1.0000012125962197,false,0,NaN
1493,F,0.8985882541007278,1.0000004498026862,true,0,NaN
1494,F,0.8985882771571988,0.9999998643737654,true,0,NaN
1495,F,0.8985774405020435,1.0007043878993018,false,0,NaN
1496,F,0.89859837406858,1.000183824578042,false,0,NaN
1497,F,0.8985828561070415,1.0003927864555304,false,0,NaN
1498,F,0.8985945310337744,1.0002869636163916,false,0,NaN
1499,F,0.8985855639394883,1.0000645974419906,false,0,NaN
1500,F,0.8985874873585676,1.0000363958514407,false,0,NaN
1501,F,0.8985869179156134,1.0000302616481973,false,0,NaN
1502,F,0.8985878211123751,1.000008205340376,false,0,NaN
1503,F,0.8985875950235256,1.000014386653553,false,0,NaN
1504,F,0.8985880265252415,1.0000036693357832,false,0,NaN
1505,F,0.8985879338175528,1.0000065650951717,false,0,NaN
1506,F,0.8985881329166493,1.0000015996989948,false,0,NaN
1507,F,0.8985881036977093,1.0000027058031686,false,0,NaN
1508,F,0.8985881881253391,1.000000580837964,true,0,NaN
1509,F,0.8985882333906499,1.00000019240816,true,0,NaN
1510,F,0.8985882431375632,0.9999999148141678,true,0,NaN
1511,F,0.8985880831414993,1.0000022609411943,false,0,NaN
1512,F,0.8985881724537959,1.0000000565919553,true,0,NaN
1513,F,0.8985881630861687,1.0000008356154393,true,0,NaN
1514,F,0.8985881981392052,0.9999999612896321,true,0,NaN
1515,F,0.8985881946494592,0.9999997714343923,true,0,NaN
1516,F,0.8985860023934205,1.0000299487331248,false,0,NaN
1517,F,0.8985872446419421,0.999999736868237,true,0,NaN
1518,F,0.8985849873533531,1.00057378736293,false,0,NaN
1519,F,0.8986048823736043,1.0010032738016612,false,0,NaN
1520,F,0.8985861159976476,1.0000137335110268,false,0,NaN
1521,F,0.8985866803197948,1.0000046028921985,false,0,NaN
1522,F,0.8985869624808684,1.0000111504175517,false,0,NaN
1523,F,0.8985849873533531,1.00057378736293,false,0,NaN
1524,F,0.8986068366882745,1.0015695151458344,false,0,NaN
1525,F,0.8985861152198177,1.0000139071066996,false,0,NaN
1526,F,0.8985866542620872,1.0000215814052529,false,0,NaN
1527,F,0.89858667915305,1.0000046141327814,false,0,NaN
1528,F,0.898586864637057,0.9999999359458391,true,0,NaN
1529,F,0.8983260606719351,1.0212757702207564,false,0,NaN
1530,F,0.8991667009881272,1.0026928575908018,false,0,NaN
1531,F,0.8984564626544961,1.0122174740345677,false,0,NaN
1532,F,0.8989391960199324,1.001143490163007,false,0,NaN
1533,F,0.8985216636457765,1.0083341103561312,false,0,NaN
1534,F,0.898850959452509,1.0020092133417418,false,0,NaN
1535,F,0.8985542641414167,1.005327055998145,false,0,NaN
1536,F,0.898764746692996,1.001472997231175,false,0,NaN
1537,F,0.8985705643892369,1.0037402367677117,false,0,NaN
1538,F,0.8987183493186043,1.0010565369545004,false,0,NaN
1539,F,0.8985787145131469,1.0017007411557324,false,0,NaN
1540,F,0.8986459158934054,1.001485822854474,false,0,NaN
1541,F,0.898582789575102,1.0015757961309804,false,0,NaN
1542,F,0.8985858458715682,1.0005610407741377,false,0,NaN
1543,F,0.8985867372913708,1.00000088065603,true,0,NaN
1544,F,0.8985867746182961,0.9999999558240755,true,0,NaN
1545,F,0.8985627639583108,1.0044357768000194,false,0,NaN
1546,F,0.8987429384866572,0.9999410546657572,true,0,NaN
1547,F,0.8985867745400359,0.9999999558233967,true,0,NaN
1548,F,0.89856276404739,1.0044357747220283,false,0,NaN
1549,F,0.8987429384996022,0.9999410545386599,true,0,NaN
1550,F,0.8985747692937129,1.0027727468276393,false,0,NaN
1551,F,0.8985807719168745,1.002011502473941,false,0,NaN
1552,F,0.8985837732284552,1.0009312541172497,false,0,NaN
1553,F,0.8985867733569295,0.9999999559576692,true,0,NaN
1554,F,0.8985842580619139,1.0013459022221964,false,0,NaN
1555,F,0.8986374123700062,1.0001539320115092,false,0,NaN
1556,F,0.898586773237994,0.9999999559482128,true,0,NaN
1557,F,0.8985686767688944,1.0028617933952573,false,0,NaN
1558,F,0.8986855946236287,1.000486700328627,false,0,NaN
1559,F,0.8985777250034442,1.0020330077418613,false,0,NaN
1560,F,0.898582249120719,1.0009659566471758,false,0,NaN
1561,F,0.8985845111793566,1.0008019639361856,false,0,NaN
1562,F,0.8985866765209012,1.0000055647424029,false,0,NaN
1563,F,0.8985868961009192,1.0000032064125957,false,0,NaN
1564,F,0.8985866773725157,1.0000055656376676,false,0,NaN
1565,F,0.8985868969872087,1.0000032077172576,false,0,NaN
1566,F,0.8985866777990665,1.0000055660865461,false,0,NaN
1567,F,0.8985868974311454,1.0000032083713999,false,0,NaN
1568,F,0.8985866780138521,1.0000055663126888,false,0,NaN
1569,F,0.8985868976546899,1.0000032087009483,false,0,NaN
1570,F,0.8985866781244667,1.000005566429188,false,0,NaN
1571,F,0.8985868977698168,1.0000032088707163,false,0,NaN
1572,F,0.8985866781887266,1.0000055664968739,false,0,NaN
1573,F,0.8985868978366984,1.0000032089693474,false,0,NaN
1574,F,0.8985867115617395,1.000001199251163,false,0,NaN
1575,F,0.8985867602359395,1.000000116300376,true,0,NaN
1576,F,0.8985867578189328,0.9999999940526304,true,0,NaN
1577,F,0.89858675931069,0.9999999563585164,true,0,NaN
1578,F,0.8985687057603292,1.0027967857523774,false,0,NaN
1579,F,0.8986829679470582,1.0005031331928298,false,0,NaN
1580,F,0.8985867592642517,0.9999999563579984,true,0,NaN
1581,F,0.8985687057420074,1.0027967843824528,false,0,NaN
1582,F,0.8986829678728513,1.000503133750788,false,0,NaN
1583,F,0.8985777325031296,1.0020326258137893,false,0,NaN
1584,F,0.8985822458836906,1.000966038870784,false,0,NaN
1585,F,0.8985845025739712,1.0008019811107354,false,0,NaN
1586,F,0.8985867303169798,1.000000315494366,true,0,NaN
1587,F,0.8985867446365876,0.9999999704176459,true,0,NaN
1588,F,0.898568720789303,1.0028374576085448,false,0,NaN
1589,F,0.8986846437487687,1.0004884681608588,false,0,NaN
1590,F,0.8985867445189547,0.9999999704162447,true,0,NaN
1591,F,0.8985687207596615,1.0028374352896658,false,0,NaN
1592,F,0.8986846428068297,1.0004884746653273,false,0,NaN
1593,F,0.8985777326393082,1.0020375175891658,false,0,NaN
1594,F,0.8985822385791314,1.0009669912673913,false,0,NaN
1595,F,0.8985844915490431,1.0008021925681834,false,0,NaN
1596,F,0.8985867435817487,0.9999999708021211,true,0,NaN
1597,F,0.8985834436400326,1.002084631946307,false,0,NaN
1598,F,0.8985850887353792,1.0015665049413898,false,0,NaN
1599,F,0.8985859112942923,1.0005101958937708,false,0,NaN
1600,F,0.8985863225962313,1.0000029947835607,false,0,NaN
1601,F,0.8985864417585262,0.9999996372393023,true,0,NaN
1602,F,0.8985845384673186,1.0003400110372498,false,0,NaN
1603,F,0.8985853625902787,1.00002617522154,false,0,NaN
1604,F,0.8985858763436287,1.000014178500798,false,0,NaN
1605,F,0.8985858454457752,1.0000130812072816,false,0,NaN
1606,F,0.8985861057098573,1.0000079848359507,false,0,NaN
1607,F,0.8985861277569404,1.0000063135595227,false,0,NaN
1608,F,0.8985862570049686,1.000003754150139,false,0,NaN
1609,F,0.8985862847577333,1.0000021194866529,false,0,NaN
1610,F,0.8985863328119855,1.000001013712003,false,0,NaN
1611,F,0.8985863632581298,1.0000004334239454,true,0,NaN
1612,F,0.8985863786716047,0.9999999601041426,true,0,NaN
1613,F,0.8985837971477754,1.0014850753678708,false,0,NaN
1614,F,0.8986416344331263,1.000351730851424,false,0,NaN
1615,F,0.89858637866908,0.999999960103931,true,0,NaN
1616,F,0.8985739196585163,1.0033647217978525,false,0,NaN
1617,F,0.8986807881645427,1.0011479819022786,false,0,NaN
1618,F,0.8985801491637981,1.0023355452162908,false,0,NaN
1619,F,0.8985832639164391,1.0019681186614873,false,0,NaN
1620,F,0.8985848212927595,1.0009805807469097,false,0,NaN
1621,F,0.8985863655653602,1.0000000299297511,true,0,NaN
1622,F,0.8985863682641728,0.9999999618196165,true,0,NaN
1623,F,0.8985844671065049,1.000981049399088,false,0,NaN
1624,F,0.898622573446424,1.000989553854114,false,0,NaN
1625,F,0.8985863682376636,0.9999999618167881,true,0,NaN
1626,F,0.8985791412996857,1.0028152134327613,false,0,NaN
1627,F,0.8986816939940441,1.0002968700147945,false,0,NaN
1628,F,0.8985827547686747,1.0019689675092638,false,0,NaN
1629,F,0.8985845615031691,1.0009808038073327,false,0,NaN
1630,F,0.8985854648704164,1.0009802845996252,false,0,NaN
1631,F,0.8985863294615535,1.0000000382099916,true,0,NaN
1632,F,0.8985863325012559,0.9999999622638283,true,0,NaN
1633,F,0.8985847951835438,1.0009802011545512,false,0,NaN
1634,F,0.8986233904963368,1.0009884205665927,false,0,NaN
1635,F,0.8985863322021331,0.9999999622253403,true,0,NaN
1636,F,0.8985679130190926,1.002132904979444,false,0,NaN
1637,F,0.8986541990493808,1.0000091249090932,false,0,NaN
1638,F,0.8985771226106128,1.0018498626197296,false,0,NaN
1639,F,0.898581727406373,1.0007704807565059,false,0,NaN
1640,F,0.8985840298042531,1.0005714523733829,false,0,NaN
1641,F,0.8985862759476066,1.0000008755106613,true,0,NaN
1642,F,0.8985863125655064,1.0000000165449117,true,0,NaN
1643,F,0.8985862795148482,1.0000008678706829,true,0,NaN
1644,F,0.8985863158250134,1.0000000156786302,true,0,NaN
1645,F,0.8985862812985369,1.0000008640852778,true,0,NaN
1646,F,0.8985863174562205,1.0000000152525572,true,0,NaN
1647,F,0.8985862821905171,1.0000008622009027,true,0,NaN
1648,F,0.8985863182722936,1.0000000150412272,true,0,NaN
1649,F,0.8985862826367793,1.000000861260285,true,0,NaN
1650,F,0.8985863186806651,1.0000000149359327,true,0,NaN
1651,F,0.8985862828604575,1.0000008607893616,true,0,NaN
1652,F,0.8985863188853731,1.0000000148832617,true,0,NaN
1653,F,0.8985862829734149,1.000000860551682,true,0,NaN
1654,F,0.898586318988756,1.0000000148566937,true,0,NaN
1655,F,0.8985862830705205,1.0000008603474266,true,0,NaN
1656,F,0.8985863190776334,1.0000000148338677,true,0,NaN
1657,F,0.8985863254851069,0.999999970161047,true,0,NaN
1658,F,0.8985862824603787,1.0000005257600053,true,0,NaN
1659,F,0.8985863048212832,0.9999999890427588,true,0,NaN
1660,F,0.8985862397292362,1.0000012990640479,false,0,NaN
1661,F,0.8985862893480339,1.0000001322641503,true,0,NaN
1662,F,0.8985862633477043,1.000000811068501,true,0,NaN
1663,F,0.898586294483022,1.0000000774635796,true,0,NaN
1664,F,0.8985862840844938,1.0000002365069105,true,0,NaN
1665,F,0.8985862934575275,1.0000000065484245,true,0,NaN
1666,F,0.8985862944528885,1.0000000574819703,true,0,NaN
1667,F,0.8985862970451146,0.9999999918454477,true,0,NaN
1668,F,0.8985861272033219,1.0008284262004319,false,0,NaN
1669,F,0.898619902748,1.0007429011151876,false,0,NaN
1670,F,0.8985862970451043,0.9999999918454319,true,0,NaN
1671,F,0.8985811312330397,1.0024766954943243,false,0,NaN
1672,F,0.8985660374176953,1.0162998822278497,false,0,NaN
1673,F,0.898583714139072,1.002553610229104,false,0,NaN
1674,F,0.8985850055920882,1.0015686876035312,false,0,NaN
1675,F,0.8985856513185962,1.0015706005307905,false,0,NaN
1676,F,0.8985862903466015,1.0000000544443737,true,0,NaN
1677,F,0.89858629286709,0.999999992788457,true,0,NaN
1678,F,0.8985860815174569,1.001064862760114,false,0,NaN
1679,F,0.8986291110120608,1.0004969669860957,false,0,NaN
1680,F,0.8985862928670445,0.9999999927884052,true,0,NaN
1681,F,0.8985862706232103,1.0000059224354443,false,0,NaN
1682,F,0.8985864868369627,1.000362183811015,false,0,NaN
1683,F,0.8985862817451274,1.0000004453988693,true,0,NaN
1684,F,0.8985862873060859,1.0000000315150777,true,0,NaN
1685,F,0.8985862900865652,0.9999999838719779,true,0,NaN
1686,F,0.898586277814796,0.9999998387719325,true,0,NaN
1687,F,0.8985563740200485,1.0008374388831747,false,0,NaN
1688,F,0.8985898881522808,1.0000681038912589,false,0,NaN
1689,F,0.8985713259174223,1.000446372186493,false,0,NaN
1690,F,0.8985788018661092,1.0003218546444428,false,0,NaN
1691,F,0.8985825398404526,1.0002129885412736,false,0,NaN
1692,F,0.8985563740200485,1.0008374388831751,false,0,NaN
1693,F,0.8985905650753981,0.9994893724585815,true,0,NaN
1694,F,0.8985713249432719,1.000436280662368,false,0,NaN
1695,F,0.8985891405411164,0.999653509544689,true,0,NaN
1696,F,0.8985788004048836,1.0003205990916406,false,0,NaN
1697,F,0.8985918934569594,0.9999910745073397,true,0,NaN
1698,F,0.8985825381356894,1.0002128450231043,false,0,NaN
1699,F,0.8985912326513729,1.0000016998813313,false,0,NaN
1700,F,0.8985844070010924,1.0001204764131253,false,0,NaN
1701,F,0.8985893311741564,1.000001361417483,false,0,NaN
1702,F,0.8985853414337942,0.9999420233596231,true,0,NaN
1703,F,0.8985786364815835,1.0001052997563287,false,0,NaN
1704,F,0.8985828582849741,1.0000022717686983,false,0,NaN
1705,F,0.8985845477771306,0.9999385028036291,true,0,NaN
1706,F,0.8888082350106588,1.3357117598546127,false,0,NaN
1707,F,0.8889497775228731,1.357665056754067,false,0,NaN
1708,F,0.8936963913938947,1.1391253638164776,false,0,NaN
1709,F,0.8937550644941527,1.1389420834269397,false,0,NaN
1710,F,0.8961404695855126,1.0640523170340126,false,0,NaN
1711,F,0.8961674962475329,1.0633630650067094,false,0,NaN
1712,F,0.8973625086813216,1.0302152137851033,false,0,NaN
1713,F,0.8973752715849892,1.0303936361515358,false,0,NaN
1714,F,0.897973528229226,1.014728412756319,false,0,NaN
1715,F,0.8979797627966497,1.0143178247203772,false,0,NaN
1716,F,0.8982790380031783,1.007176546147,false,0,NaN
1717,F,0.898282089142055,1.0070075707732553,false,0,NaN
1718,F,0.8984317928901545,1.0034187860109274,false,0,NaN
1719,F,0.8984332599755105,1.0033723525084786,false,0,NaN
1720,F,0.8985463590553866,1.000759714861332,false,0,NaN
1721,F,0.8985467052307154,1.0007484889993417,false,0,NaN
1722,F,0.8985797741869126,0.999951324203407,true,0,NaN
1723,F,0.8985754995458541,1.0001657449891272,false,0,NaN
1724,F,0.8985805098566938,1.0000434575729413,false,0,NaN
1725,F,0.8985797731986639,0.9999513354010077,true,0,NaN
1726,F,0.8985670763732206,1.0008120114937584,false,0,NaN
1727,F,0.8985915708245774,1.0002137376291491,false,0,NaN
1728,F,0.8985734247859423,1.0002983304493633,false,0,NaN
1729,F,0.898576598992303,1.0001310400199988,false,0,NaN
1730,F,0.8985781860954835,1.000118795865881,false,0,NaN
1731,F,0.8985797409145231,0.9999514930007086,true,0,NaN
1732,F,0.8985633566735062,1.0009972813102712,false,0,NaN
1733,F,0.8986038507859135,1.0000094486582702,false,0,NaN
1734,F,0.8985796878894784,0.9999504527041129,true,0,NaN
1735,F,0.8985304076578312,1.001797424234766,false,0,NaN
1736,F,0.8985928867027965,1.0001829052107496,false,0,NaN
1737,F,0.8985550284024942,1.0018549285075642,false,0,NaN
1738,F,0.8986194526938796,1.0001576423679421,false,0,NaN
1739,F,0.8985673387801866,1.0019123148067925,false,0,NaN
1740,F,0.8986337043265104,1.0001469304482073,false,0,NaN
1741,F,0.8985734939797543,1.001271770265463,false,0,NaN
1742,F,0.8986181912915285,1.000025841693219,false,0,NaN
1743,F,0.8985765716009817,1.0012136395056987,false,0,NaN
1744,F,0.8985781104544852,1.0007156890873892,false,0,NaN
1745,F,0.8985788799670372,1.0005496538259975,false,0,NaN
1746,F,0.8985794577039883,0.9999542139395255,true,0,NaN
1747,F,0.8985759103033378,1.0000136769935037,false,0,NaN
1748,F,0.8985764300533965,1.0000010235691081,false,0,NaN
1749,F,0.8985794570760841,0.9999542220038351,true,0,NaN
1750,F,0.8985753935136205,1.0001026109200233,false,0,NaN
1751,F,0.898580937355861,0.9999752141054467,true,0,NaN
1752,F,0.8985774187401209,1.0000277920194471,false,0,NaN
1753,F,0.8985801673319429,0.9999645684107858,true,0,NaN
1754,F,0.8985784315236212,0.9999905924303205,true,0,NaN
1755,F,0.8985768183491053,1.0000056358017093,false,0,NaN
1756,F,0.8985770365590408,1.0000003297616102,true,0,NaN
1757,F,0.8985784312380827,0.9999905940873678,true,0,NaN
1758,F,0.8985738075349619,1.0016538753802129,false,0,NaN
1759,F,0.8986370330109956,1.000116657000146,false,0,NaN
1760,F,0.8985761193865223,1.0000369669897209,false,0,NaN
1761,F,0.8985772753123025,0.9999956831279038,true,0,NaN
1762,F,0.8985778532751926,0.999992428087512,true,0,NaN
1763,F,0.89857838930364,0.999990598559367,true,0,NaN
1764,F,0.8985585736264309,1.0048272964099603,false,0,NaN
1765,F,0.8987567439462988,1.0000437378455238,false,0,NaN
1766,F,0.8985783821545812,0.9999906019053489,true,0,NaN
1767,F,0.8985600644249858,1.0043281205987753,false,0,NaN
1768,F,0.8987377611462366,1.0000369714436999,false,0,NaN
1769,F,0.8985692232897835,1.0026398320787813,false,0,NaN
1770,F,0.8985738027221823,1.0021217064922707,false,0,NaN
1771,F,0.8985760924383818,1.0021182420400305,false,0,NaN
1772,F,0.8985698266458897,1.003645798814039,false,0,NaN
1773,F,0.8985741044226727,1.0021150076646568,false,0,NaN
1774,F,0.8985762433110643,1.0021152245068368,false,0,NaN
1775,F,0.8985773127552601,1.0010049733366446,false,0,NaN
1776,F,0.898577847477358,1.000498414494309,false,0,NaN
1777,F,0.8985781148384072,0.9999922905272184,true,0,NaN
1778,F,0.8985747519067783,1.000041695673281,false,0,NaN
1779,F,0.8985764724252047,0.9999998430959348,true,0,NaN
1780,F,0.8985758119876904,1.0000101839689641,false,0,NaN
1781,F,0.898576240118495,0.9999997476899969,true,0,NaN
1782,F,0.8918385415032346,NaN,false,-300,NaN
1783,F,0.8952073898524797,1.826245764035231,false,0,NaN
1784,F,0.9283743080676352,2.2372570593765846,false,0,NaN
1785,F,0.8968918140271074,1.2171224352681296,false,0,NaN
1786,F,0.9056074874211074,1.1098169949928565,false,0,NaN
1787,F,0.8977340261144315,1.0816083605412101,false,0,NaN
1788,F,0.9010099344208474,1.0174631781008836,false,0,NaN
1789,F,0.898155132158114,1.0397833070572253,false,0,NaN
1790,F,0.8997521117909808,1.0050569033291838,false,0,NaN
1791,F,0.8983656851799963,1.0249861694227418,false,0,NaN
1792,F,0.8993686825799294,1.0007048114769126,false,0,NaN
1793,F,0.8984709616910195,1.0135585628094872,false,0,NaN
1794,F,0.8990152355552998,1.0018866285225367,false,0,NaN
1795,F,0.8985499190748607,1.005381567538328,false,0,NaN
1796,F,0.8987659544629015,1.000261125906668,false,0,NaN
1797,F,0.8985729483177453,1.0026048719819174,false,0,NaN
1798,F,0.8985760326955067,1.0010421001640932,false,0,NaN
1799,F,0.8985762334414453,0.9999997574601932,true,0,NaN
1800,F,0.8985761919359775,1.0000009282440492,true,0,NaN
1801,F,0.8985762391685854,0.9999998435887049,true,0,NaN
1802,F,0.8985762126887114,0.9999999177978904,true,0,NaN
1803,F,0.8985761778716509,1.00000116373338,false,0,NaN
1804,F,0.8985762284128976,0.9999999523987095,true,0,NaN
1805,F,0.8985761952801812,1.0000003360358236,true,0,NaN
1806,F,0.8985762122459605,0.9999999267008935,true,0,NaN
1807,F,0.8985762039844463,1.0000000419532515,true,0,NaN
1808,F,0.8985762090207958,0.9999999195019982,true,0,NaN
1809,F,0.8985762081804796,0.9999998228214934,true,0,NaN
1810,F,0.8985761151461517,1.000000370500795,true,0,NaN
1811,F,0.8985761403527821,0.9999997565532732,true,0,NaN
1812,F,0.8882799268715823,1.8340455164093437,false,0,NaN
1813,F,0.9188224994759684,0.7031299375881418,true,0,NaN
1814,F,0.8934280336130194,1.153322978037948,false,0,NaN
1815,F,0.8990426963217922,0.9519471903576614,true,0,NaN
1816,F,0.896002086983738,1.0331392854412247,false,0,NaN
1817,F,0.8972156492571691,0.9948561648353117,true,0,NaN
1818,F,0.8950549251896173,1.0845002808725779,false,0,NaN
1819,F,0.8968448849323304,1.0247924229285414,false,0,NaN
1820,F,0.8968132600916435,1.0095964339481822,false,0,NaN
1821,F,0.8970144546744063,1.001072574601861,false,0,NaN
1822,F,0.8971150519657878,0.999690659458706,true,0,NaN
1823,F,0.8968125892153472,1.0095983817036505,false,0,NaN
1824,F,0.8970926646795796,1.0013228120558428,false,0,NaN
1825,F,0.8970137267797458,1.001073747470013,false,0,NaN
1826,F,0.8971303349360469,0.996931455440557,true,0,NaN
1827,F,0.8933578338230879,1.2000469033089942,false,0,NaN
1828,F,0.8980554258305238,1.036062614215862,false,0,NaN
1829,F,0.8964416811940721,1.02811484831255,false,0,NaN
1830,F,0.8967860080650595,1.013724839577094,false,0,NaN
1831,F,0.8969581715005532,1.0047464222540523,false,0,NaN
1832,F,0.8964314870715591,1.028207883896038,false,0,NaN
1833,F,0.8971378292495984,1.009306381439766,false,0,NaN
1834,F,0.8967747054971666,1.0137269317791344,false,0,NaN
1835,F,0.8971544892193614,1.0043853625089363,false,0,NaN
1836,F,0.8969463193401092,1.0047803389111845,false,0,NaN
1837,F,0.8971235944440524,1.0005879124723702,false,0,NaN
1838,F,0.8970321355240445,1.0012495705947482,false,0,NaN
1839,F,0.897129828445737,0.9985457881889386,true,0,NaN
1840,F,0.896563145405885,1.0212409049046216,false,0,NaN
1841,F,0.8970489542233184,1.0079240495087674,false,0,NaN
1842,F,0.896846486925811,1.0097520108654507,false,0,NaN
1843,F,0.8970863659148604,1.0042018266901378,false,0,NaN
1844,F,0.896988157685774,1.0037750167335624,false,0,NaN
1845,F,0.89710009387677,1.0015320554718854,false,0,NaN
1846,F,0.8970589930657554,1.000911693250932,false,0,NaN
1847,F,0.8971096373128858,0.9992065777705542,true,0,NaN
1848,F,0.8956798237969317,1.066916554712732,false,0,NaN
1849,F,0.8973023464706241,1.0155640154454224,false,0,NaN
1850,F,0.8971054514494948,0.9992090080924017,true,0,NaN
1851,F,0.8937785616174105,1.163658283742763,false,0,NaN
1852,F,0.8976704090505109,1.0247792724342712,false,0,NaN
1853,F,0.8954420065334527,1.076156152990692,false,0,NaN
1854,F,0.8962737289914737,1.0338129942463519,false,0,NaN
1855,F,0.8966895902204843,1.0201275741773197,false,0,NaN
1856,F,0.8970823522176731,1.001390056686176,false,0,NaN
1857,F,0.8971364790872357,1.0004149496367256,false,0,NaN
1858,F,0.8970919151127129,1.0003065454470905,false,0,NaN
1859,F,0.8971191548310997,1.0002928890471146,false,0,NaN
1860,F,0.8970967134702184,0.9996730593272953,true,0,NaN
1861,F,0.8968262897373257,1.0107223238590943,false,0,NaN
1862,F,0.8970359236587613,1.0048801024722165,false,0,NaN
1863,F,0.8969613965984868,1.0044115743620228,false,0,NaN
1864,F,0.8970512988244536,1.0025207063394062,false,0,NaN
1865,F,0.8970289593537224,1.0030961702449661,false,0,NaN
1866,F,0.8970939048687133,1.0003136754810542,false,0,NaN
1867,F,0.8970627594032057,1.001330154232483,false,0,NaN
1868,F,0.897094198899155,1.0007110629986442,false,0,NaN
1869,F,0.8970796969532912,1.0005822569996867,false,0,NaN
1870,F,0.897096946850456,1.0003701062571253,false,0,NaN
1871,F,0.8970882042013756,1.0004443589837249,false,0,NaN
1872,F,0.8971028378068675,0.9998525436141905,true,0,NaN
1873,F,0.8970924588357969,0.9997303034494585,true,0,NaN
1874,F,0.8968588386391859,1.0127218624965137,false,0,NaN
1875,F,0.8971728931276147,1.003050688486629,false,0,NaN
1876,F,0.8970921959867001,0.9997306067953783,true,0,NaN
1877,F,0.8959976332803364,1.0533569001694842,false,0,NaN
1878,F,0.8973030497450543,1.0100653815663174,false,0,NaN
1879,F,0.8965449146335183,1.025091567638657,false,0,NaN
1880,F,0.8968185553101091,1.0132764163946308,false,0,NaN
1881,F,0.8969553756484047,1.0075618370631512,false,0,NaN
1882,F,0.897088047029249,1.000375584898568,false,0,NaN
1883,F,0.8971041091957569,0.999863926348514,true,0,NaN
1884,F,0.8970892766656872,1.0003753681184915,false,0,NaN
1885,F,0.8971053409435862,0.9997308509412842,true,0,NaN
1886,F,0.8970898940968768,1.0003752718325825,false,0,NaN
1887,F,0.8971059597481554,0.9997306343463152,true,0,NaN
1888,F,0.8970902082414561,1.000375225319954,false,0,NaN
1889,F,0.8971062746532424,0.9997305248895129,true,0,NaN
1890,F,0.8970903782172353,1.0003751888967019,false,0,NaN
1891,F,0.8970907790132623,1.0003301187762899,false,0,NaN
1892,F,0.8970914875177283,0.9997306351573143,true,0,NaN
1893,F,0.8970865783223038,1.0003729169412097,false,0,NaN
1894,F,0.8971026944873689,1.000322732792153,false,0,NaN
1895,F,0.897089032920016,1.0003740397759104,false,0,NaN
1896,F,0.8970902602188722,1.0003746545998422,false,0,NaN
1897,F,0.8970908738683002,1.0000948232659164,false,0,NaN
1898,F,0.8970911806930142,0.9997341571442986,true,0,NaN
1899,F,0.8970895585418484,0.9997616371100521,true,0,NaN
1900,F,0.8970788453621115,1.000071746333661,false,0,NaN
1901,F,0.897089550466262,0.9997618159905431,true,0,NaN
1902,F,0.8970809630156285,1.000008692111358,false,0,NaN
1903,F,0.8970852567409453,0.9998830572008408,true,0,NaN
1904,F,0.8970874036036036,0.9998217499025435,true,0,NaN
1905,F,0.8970884770349329,0.9997916074466745,true,0,NaN
1906,F,0.8970803509646577,1.0000212381570934,false,0,NaN
1907,F,0.8970809738937521,1.0000177392367828,false,0,NaN
1908,F,0.897080357046073,1.0000210561646885,false,0,NaN
1909,F,0.8970809799780975,1.0000175704861238,false,0,NaN
1910,F,0.8970803603651055,1.000020956839502,false,0,NaN
1911,F,0.8970809832987295,1.000017478391292,false,0,NaN
1912,F,0.8970822056693851,0.9999662607389715,true,0,NaN
1913,F,0.8970771059172212,1.0001534280105866,false,0,NaN
1914,F,0.8970419000436718,1.0025760590973194,false,0,NaN
1915,F,0.8970821989420559,0.999966307466008,true,0,NaN
1916,F,0.8970822023057206,0.9999662835032551,true,0,NaN
1917,F,0.8970822039875528,0.9999662719670777,true,0,NaN
1918,F,0.8970818629212136,1.0000229874817668,false,0,NaN
1919,F,0.8970834107889812,1.0005443600370125,false,0,NaN
1920,F,0.897081866086933,1.0000263676782726,false,0,NaN
1921,F,0.8970835068648899,1.0005429285140488,false,0,NaN
1922,F,0.8970818676708688,1.0000281284009078,false,0,NaN
1923,F,0.8970835568327156,1.0005417642706644,false,0,NaN
1924,F,0.8970818684650022,1.0000290290793372,false,0,NaN
1925,F,0.8970835823740211,1.0005410956818925,false,0,NaN
1926,F,0.897081868866506,1.000029489064373,false,0,NaN
1927,F,0.8970835954133639,1.0005407387143261,false,0,NaN
1928,F,0.8970818690771122,1.0000297315937108,false,0,NaN
1929,F,0.8970836022871239,1.0005405466932473,false,0,NaN
1930,F,0.8970818692237235,1.0000299009364633,false,0,NaN
1931,F,0.897082118301145,0.9999668513183863,true,0,NaN
1932,F,0.8970787663509612,1.0000893285321943,false,0,NaN
1933,F,0.8970745226888361,1.0003060978840657,false,0,NaN
1934,F,0.8970821181778361,0.9999668525081022,true,0,NaN
1935,F,0.8955341547526933,1.4293577458515883,false,0,NaN
1936,F,0.9049394537740517,0.8224593311562169,true,0,NaN
1937,F,0.8963081364652646,1.0708264861458296,false,0,NaN
1938,F,0.8966951273215504,1.0180209274405143,false,0,NaN
1939,F,0.8968886227496933,1.006566450464122,false,0,NaN
1940,F,0.8970819016478898,0.9999680450746689,true,0,NaN
1941,F,0.8970511837807505,1.0007431839999088,false,0,NaN
1942,F,0.8970518636902909,1.000374355954472,false,0,NaN
1943,F,0.8970818853666869,0.9999680611388292,true,0,NaN
1944,F,0.8970697719025423,1.0010845297077273,false,0,NaN
1945,F,0.8970911960275593,1.0002035327968295,false,0,NaN
1946,F,0.8970758286346145,0.9999853933626064,true,0,NaN
1947,F,0.8970788570006507,0.9999763667473687,true,0,NaN
1948,F,0.8970803711836688,0.9999721237639991,true,0,NaN
1949,F,0.8970817289933645,0.9999702064476421,true,0,NaN
1950,F,0.8969636909111427,1.0038987348879673,false,0,NaN
1951,F,0.897080894531402,0.9999704539934422,true,0,NaN
1952,F,0.8970813117623833,0.9999703207340482,true,0,NaN
1953,F,0.8970399882512446,1.0013603532882014,false,0,NaN
1954,F,0.8970508983996162,1.0015104133891433,false,0,NaN
1955,F,0.8970606500068139,1.0011617667226547,false,0,NaN
1956,F,0.8970709808845986,1.0005748375291195,false,0,NaN
1957,F,0.897076146323491,0.9999748266048515,true,0,NaN
1958,F,0.8901720965688829,1.3015292523250914,false,0,NaN
1959,F,0.8944802048447612,1.105426167494438,false,0,NaN
1960,F,0.8936238186465902,1.1239629918675216,false,0,NaN
1961,F,0.8953951554113262,1.0530359095096464,false,0,NaN
1962,F,0.8953496799378261,1.0585800541075172,false,0,NaN
1963,F,0.89618693399235,1.0249341101113412,false,0,NaN
1964,F,0.8962126110882089,1.0266554475697156,false,0,NaN
1965,F,0.8965937794418043,1.0136612756564147,false,0,NaN
1966,F,0.8966440776729355,1.0131516059972012,false,0,NaN
1967,F,0.8968323255894012,1.0074204335813297,false,0,NaN
1968,F,0.8968598129844103,1.0067366326586993,false,0,NaN
1969,F,0.8969564144272435,1.001833937541183,false,0,NaN
1970,F,0.8969676846787015,1.004710190010237,false,0,NaN
1971,F,0.8970353356781101,1.0007048062601946,false,0,NaN
1972,F,0.8970486167497741,1.0008826983044439,false,0,NaN
1973,F,0.8970615869112062,1.0006404946900098,false,0,NaN
1974,F,0.8970725187546975,1.0001070405801005,false,0,NaN
1975,F,0.8970744076081594,1.0000680257747623,false,0,NaN
1976,F,0.8970759196004414,0.999980050991452,true,0,NaN
1977,F,0.8964518361153074,1.0456923883583606,false,0,NaN
1978,F,0.8976591668213066,1.024787096670574,false,0,NaN
1979,F,0.8970758874339065,0.9999800520319355,true,0,NaN
1980,F,0.8960706281669848,1.1208667165511272,false,0,NaN
1981,F,0.8989973028029977,1.0752166885093117,false,0,NaN
1982,F,0.8965732578004457,1.0379284609718287,false,0,NaN
1983,F,0.8968245726171761,1.0164058714254067,false,0,NaN
1984,F,0.8969502300255413,1.007806362453727,false,0,NaN
1985,F,0.8970756824641777,0.9999809489946081,true,0,NaN
1986,F,0.8959106538869334,1.154226448025517,false,0,NaN
1987,F,0.9001049785290405,1.1113314646894956,false,0,NaN
1988,F,0.8970748647030264,0.9999809723433846,true,0,NaN
1989,F,0.8959951938077106,1.1441157637747164,false,0,NaN
1990,F,0.8999516686697437,1.0964465039175626,false,0,NaN
1991,F,0.8965350292553685,1.0440070913576769,false,0,NaN
1992,F,0.8968049469791974,1.0171538469818215,false,0,NaN
1993,F,0.8969399058411119,1.008312850112041,false,0,NaN
1994,F,0.897073219044434,1.000580856237519,false,0,NaN
1995,F,0.8970890805152808,1.0001824126041643,false,0,NaN
1996,F,0.8970739772180621,1.0000981566358302,false,0,NaN
1997,F,0.8970770756778556,1.0000042349266955,false,0,NaN
1998,F,0.8970743563322792,0.999983325778462,true,0,NaN
1999,F,0.8962712900261798,1.0300586884055236,false,0,NaN
2000,F,0.897232993193067,0.9990872500803545,true,0,NaN
2001,F,0.897072315061908,1.0005768066494825,false,0,NaN
2002,F,0.8970733356970936,0.9999836225044793,true,0,NaN
2003,F,0.8970738460146864,0.9999833413941873,true,0,NaN
2004,F,0.8962900120098636,1.0282838703097565,false,0,NaN
2005,F,0.8971966323057987,0.9998562010849926,true,0,NaN
2006,F,0.8966819290122751,1.0114812429542834,false,0,NaN
2007,F,0.8968778875134807,1.0058164891414891,false,0,NaN
2008,F,0.8969758667640836,1.002393519287614,false,0,NaN
2009,F,0.897072735784901,1.000565090741257,false,0,NaN
2010,F,0.8970880914545125,1.0011092175428602,false,0,NaN
2011,F,0.8970732338559355,0.9999869537232805,true,0,NaN
2012,F,0.8970614868517194,1.0004964749472571,false,0,NaN
2013,F,0.8970771514003802,0.999999651085914,true,0,NaN
2014,F,0.8970731779713687,0.9999870125551327,true,0,NaN
2015,F,0.897019885046727,1.001785327332624,false,0,NaN
2016,F,0.8970424527001236,1.0008960006234524,false,0,NaN
2017,F,0.8970455511699327,1.0002987286950895,false,0,NaN
2018,F,0.8970494630096079,1.0002387754130488,false,0,NaN
2019,F,0.8970583953423761,1.0006242538811096,false,0,NaN
2020,F,0.8970663923043781,1.0000465295245333,false,0,NaN
2021,F,0.8970648398200974,1.0003213425421265,false,0,NaN
2022,F,0.8970690354483917,1.0002454758490704,false,0,NaN
2023,F,0.8970681039103444,1.0001648997068227,false,0,NaN
2024,F,0.8970703362862057,1.0001324271914684,false,0,NaN
2025,F,0.8970697928198895,1.0000936330440338,false,0,NaN
2026,F,0.8970711308470338,1.0000741687733152,false,0,NaN
2027,F,0.8970707820864048,1.0000553443536542,false,0,NaN
2028,F,0.89707163961622,1.000042849719274,false,0,NaN
2029,F,0.8970720899166392,1.0000244414636816,false,0,NaN
2030,F,0.8970725596359559,1.0000175996111405,false,0,NaN
2031,F,0.8970730390989234,0.9999895338763679,true,0,NaN
2032,F,0.8970620305107704,1.0006053921928106,false,0,NaN
2033,F,0.8970744253594979,0.9995089294336418,true,0,NaN
2034,F,0.8970730387632538,0.9999895341941296,true,0,NaN
2035,F,0.8969604964267798,1.000377027714433,false,0,NaN
2036,F,0.8969724576891661,1.0000057270662144,false,0,NaN
2037,F,0.8970167675950168,0.9999846942576378,true,0,NaN
2038,F,0.8936172928515772,1.3254058509401012,false,0,NaN
2039,F,0.9095916922360425,0.9158834048491538,true,0,NaN
2040,F,0.895317030223297,1.0782422145921362,false,0,NaN
2041,F,0.8961668989091569,1.0172326033239933,false,0,NaN
2042,F,0.8965918332520869,1.0073168736871372,false,0,NaN
2043,F,0.8945493239040997,1.1694371268446835,false,0,NaN
2044,F,0.8948149007404724,1.1426282318147385,false,0,NaN
2045,F,0.8957813730111357,1.0396266990246223,false,0,NaN
2046,F,0.8958434979250947,1.0341777451008465,false,0,NaN
2047,F,0.8963973975779803,1.013254658549923,false,0,NaN
2048,F,0.896418192154245,1.0124694130734777,false,0,NaN
2049,F,0.8967054098880558,1.004156718990288,false,0,NaN
2050,F,0.896711946818122,1.0040869394449679,false,0,NaN
2051,F,0.8968594160964,1.0010348274061125,false,0,NaN
2052,F,0.896861060958603,1.001062081837772,false,0,NaN
2053,F,0.8969364193071853,1.0001304178626897,false,0,NaN
2054,F,0.8969366471686918,1.0001347791235884,false,0,NaN
2055,F,0.8969749211258068,1.0002016045117175,false,0,NaN
2056,F,0.896975260833395,1.000208550444572,false,0,NaN
2057,F,0.8970037989826133,1.0001064510510318,false,0,NaN
2058,F,0.8970039897526791,1.0001105405395618,false,0,NaN
2059,F,0.897012237253515,1.000085258433216,false,0,NaN
2060,F,0.8970123948662511,1.000088671259187,false,0,NaN
2061,F,0.897015562949063,1.0000126624358352,false,0,NaN
2062,F,0.897015606785462,1.0000132231266599,false,0,NaN
2063,F,0.8970167299498307,0.9999847558139944,true,0,NaN
2064,F,0.8962240005344744,1.0156237046122867,false,0,NaN
2065,F,0.8967794431724984,1.003344158066686,false,0,NaN
2066,F,0.8970167215701638,0.9999847559151218,true,0,NaN
2067,F,0.8965818335839586,1.0073454626260967,false,0,NaN
2068,F,0.8968350783547453,0.9999009163015153,true,0,NaN
2069,F,0.8968182266685816,1.000535510484849,false,0,NaN
2070,F,0.8968365805969007,0.999997889798381,true,0,NaN
2071,F,0.8968266525116635,0.999963891582103,true,0,NaN
2072,F,0.8968137080369002,1.0006949893107668,false,0,NaN
2073,F,0.896837614113519,0.9999836253301352,true,0,NaN
2074,F,0.8968201802742818,1.0004413632126323,false,0,NaN
2075,F,0.8968234163929727,1.0003998403326206,false,0,NaN
2076,F,0.8968250344523181,0.9999762161740633,true,0,NaN
2077,F,0.8968190889069784,1.0004278355171543,false,0,NaN
2078,F,0.896833711483038,1.000000181276407,true,0,NaN
2079,F,0.8968220616796483,1.000400021681396,false,0,NaN
2080,F,0.8968235480659832,1.0003902913536988,false,0,NaN
2081,F,0.8968242912591506,1.0000443873321503,false,0,NaN
2082,F,0.8968235075630652,1.0003905355590168,false,0,NaN
2083,F,0.8968267094610493,0.99992690601887,true,0,NaN
2084,F,0.89682425482207,1.0000544492562335,false,0,NaN
2085,F,0.8968248450946814,0.9999664062852783,true,0,NaN
2086,F,0.8968208189730532,1.0003921392026827,false,0,NaN
2087,F,0.8968342008495285,1.000000998437761,true,0,NaN
2088,F,0.8968243433124574,1.0003740116433837,false,0,NaN
2089,F,0.8968245942035694,1.0001334570557892,false,0,NaN
2090,F,0.8968247196491255,0.9999735000357801,true,0,NaN
2091,F,0.8968210960478543,1.0000277597261484,false,0,NaN
2092,F,0.896822053347917,0.9999996023734615,true,0,NaN
2093,F,0.8968076377400258,1.0002686800436025,false,0,NaN
2094,F,0.8968167447523845,0.9999992477951216,true,0,NaN
2095,F,0.8966316692834314,1.119776344861444,false,0,NaN
2096,F,0.896724207017908,1.0285849968699114,false,0,NaN
2097,F,0.8967704758851462,1.0076389985977796,false,0,NaN
2098,F,0.8967936103187654,1.001605263198662,false,0,NaN
2099,F,0.8966316692834314,1.1197763448614433,false,0,NaN
2100,F,0.8972378559175882,1.0998570485786172,false,0,NaN
2101,F,0.8967239098445872,1.028595264049689,false,0,NaN
2102,F,0.8968686325834089,1.0222378175956388,false,0,NaN
2103,F,0.8967700301253378,1.0075490148053377,false,0,NaN
2104,F,0.8968082388464937,1.004950002198739,false,0,NaN
2105,F,0.8967930902660589,1.0015456898753425,false,0,NaN
2106,F,0.8968009165506435,1.001450076657922,false,0,NaN
2107,F,0.8968046203371107,1.000248530878382,false,0,NaN
2108,F,0.8968058818449348,1.0002363345734233,false,0,NaN
2109,F,0.8968103853740192,1.000050454591491,false,0,NaN
2110,F,0.8968106444768628,1.000047194913778,false,0,NaN
2111,F,0.8968132678952389,1.0000331175491854,false,0,NaN
2112,F,0.8968134392824431,1.0000313240401997,false,0,NaN
2113,F,0.8968154298055111,1.000022024501165,false,0,NaN
2114,F,0.8968155450710917,1.0000207682863465,false,0,NaN
2115,F,0.8968160605630054,1.0000141074867228,false,0,NaN
2116,F,0.8968161357666352,1.0000131654908284,false,0,NaN
2117,F,0.8968162315216137,1.0000106627021836,false,0,NaN
2118,F,0.89681628929212,1.0000097905002645,false,0,NaN
2119,F,0.8968167287139229,0.9999992708555778,true,0,NaN
2120,F,0.8967925742656123,1.0016241463218643,false,0,NaN
2121,F,0.8968461932960757,1.0000455031871474,false,0,NaN
2122,F,0.896816728606903,0.9999992708578164,true,0,NaN
2123,F,0.896811371145221,1.0000128143714564,false,0,NaN
2124,F,0.8968118107129579,0.9999997915626425,true,0,NaN
2125,F,0.8968075259300894,0.9998905756522188,true,0,NaN
2126,F,0.8941871878482581,NaN,false,-300,NaN
2127,F,0.8954973465126295,NaN,false,-300,NaN
2128,F,0.8961524258449652,NaN,false,-300,NaN
2129,F,0.8964799655114336,2.272904344299524,false,0,NaN
2130,F,0.8966437353452685,1.1503870141567372,false,0,NaN
2131,F,0.8967256202633875,1.0353535555337168,false,0,NaN
2132,F,0.8978830763525737,1.0134725222538223,false,0,NaN
2133,F,0.8967665627248502,1.0096144811084067,false,0,NaN
2134,F,0.8970839357413443,1.0027627106096615,false,0,NaN
2135,F,0.8967972695877692,1.0010786921726509,false,0,NaN
2136,F,0.8968360478413016,1.0007709205639672,false,0,NaN
2137,F,0.8968062259299636,0.9999027169512557,true,0,NaN
2138,F,0.8968016599887472,1.000009639475718,false,0,NaN
2139,F,0.8968062143317542,0.9999029629160813,true,0,NaN
2140,F,0.8966395612902524,1.0044732665710023,false,0,NaN
2141,F,0.8966838663648005,1.0021231956458578,false,0,NaN
2142,F,0.89672287337759,1.0021353652392104,false,0,NaN
2143,F,0.8967445145552346,1.0013420867329896,false,0,NaN
2144,F,0.8967645294717107,1.0012519336312953,false,0,NaN
2145,F,0.8967776065570267,1.0005397219616823,false,0,NaN
2146,F,0.8967853576196757,1.0005781133209992,false,0,NaN
2147,F,0.8967919026097987,1.000459024515024,false,0,NaN
2148,F,0.896795771895476,1.0002389538091547,false,0,NaN
2149,F,0.8967990290324679,1.0001796259104168,false,0,NaN
2150,F,0.8968009794370804,1.0000694920009139,false,0,NaN
2151,F,0.8968025937909058,1.0000400656099728,false,0,NaN
2152,F,0.896803584015839,0.9999847811302689,true,0,NaN
2153,F,0.8968011512996205,1.0001625191520171,false,0,NaN
2154,F,0.8968061826437567,1.0000141135247942,false,0,NaN
2155,F,0.896803582664077,0.9999847895601254,true,0,NaN
2156,F,0.8968014648314984,1.0001027967837195,false,0,NaN
2157,F,0.8968046485582093,1.0000092739023039,false,0,NaN
2158,F,0.8968025237477877,0.9999965010578232,true,0,NaN
2159,F,0.8968030532059323,0.9999896078252102,true,0,NaN
2160,F,0.8968033179350047,0.9999869400125895,true,0,NaN
2161,F,0.8968035749045384,0.9999848068383531,true,0,NaN
2162,F,0.8968003694051686,1.0015144878362139,false,0,NaN
2163,F,0.8968516775339185,1.0000011620922113,false,0,NaN
2164,F,0.8968035496182829,0.9999849267216495,true,0,NaN
2165,F,0.8966675958060797,1.0181044243929902,false,0,NaN
2166,F,0.8972219722592352,1.0029674883821167,false,0,NaN
2167,F,0.8967345999576593,1.0084299924133222,false,0,NaN
2168,F,0.896992981599882,1.0025384781988607,false,0,NaN
2169,F,0.8967681249612378,1.0045521044997647,false,0,NaN
2170,F,0.8969078603922918,1.000968533012074,false,0,NaN
2171,F,0.8967849328477085,1.0030804201196015,false,0,NaN
2172,F,0.8968796412486915,1.0008661428029235,false,0,NaN
2173,F,0.8967934241430932,1.0014984601583246,false,0,NaN
2174,F,0.8968397315691459,1.001009773910169,false,0,NaN
2175,F,0.896797861060285,1.0013848319416132,false,0,NaN
2176,F,0.8968005474152392,1.0013870108468785,false,0,NaN
2177,F,0.8968027990301054,1.0009127286520336,false,0,NaN
2178,F,0.8968034557947607,0.9999857517533481,true,0,NaN
2179,F,0.8968023387798107,1.0000065399492193,false,0,NaN
2180,F,0.8967988061143849,1.0300879764382411,false,0,NaN
2181,F,0.8968034557353597,0.9999857525072818,true,0,NaN
2182,F,0.8967302032998961,0.9983464554567877,true,0,NaN
2183,F,0.8966423895677,1.0002826309724766,false,0,NaN
2184,F,0.8966520481244438,0.9999966056153997,true,0,NaN
2185,F,0.896686296433798,0.9991981553836607,true,0,NaN
2186,F,0.896708249866847,0.998665298595605,true,0,NaN
2187,F,0.8767167731429034,NaN,false,-300,NaN
2188,F,0.8867125115048752,1.4367196964841917,false,0,NaN
2189,F,0.8868962179232002,1.4420226117611687,false,0,NaN
2190,F,0.8917103806858612,1.1719182618871844,false,0,NaN
2191,F,0.8917830376011131,1.1714164278847163,false,0,NaN
2192,F,0.894209315276354,1.0771050086676583,false,0,NaN
2193,F,0.894242210456044,1.0772457031331357,false,0,NaN
2194,F,0.8954587825716006,1.0365037305964795,false,0,NaN
2195,F,0.8954746508354946,1.035639280429882,false,0,NaN
2196,F,0.8960835162192238,1.0173633360245131,false,0,NaN
2197,F,0.8960913575957419,1.0170141574542682,false,0,NaN
2198,F,0.8963958830430354,1.0078212350345797,false,0,NaN
2199,F,0.89639972275858,1.0079122896147763,false,0,NaN
2200,F,0.8966301581608942,1.000904907643468,false,0,NaN
2201,F,0.8966310973834116,1.0009034785826256,false,0,NaN
2202,F,0.8966984884036029,0.9989142600282538,true,0,NaN
2203,F,0.8966501668739608,1.0001440196933373,false,0,NaN
2204,F,0.896654372455556,1.00001923468169,false,0,NaN
2205,F,0.8966984647947586,0.9989147878587656,true,0,NaN
2206,F,0.8966231455901557,1.0008830479782922,false,0,NaN
2207,F,0.8966481554049593,1.0001469443829802,false,0,NaN
2208,F,0.896660805192457,0.9996902323447542,true,0,NaN
2209,F,0.8966796349936078,0.9993077044223299,true,0,NaN
2210,F,0.8966890498941832,0.9991451177492117,true,0,NaN
2211,F,0.8966981907859206,0.9989158446171613,true,0,NaN
2212,F,0.8963856286801508,1.0149243367868057,false,0,NaN
2213,F,0.8966719165605026,1.0109664299344887,false,0,NaN
2214,F,0.8966960529116778,0.9989232701903894,true,0,NaN
2215,F,0.8945280672471756,1.1469276353643314,false,0,NaN
2216,F,0.8990782457110174,0.9908344224231305,true,0,NaN
2217,F,0.8956120600794266,1.0585251754259775,false,0,NaN
2218,F,0.8961540564955522,1.0301520494663297,false,0,NaN
2219,F,0.896425054703615,1.015942548899979,false,0,NaN
2220,F,0.8964624796468689,1.012815223020031,false,0,NaN
2221,F,0.8968547195589766,1.003502478678844,false,0,NaN
2222,F,0.8965792669827911,1.0060478157694812,false,0,NaN
2223,F,0.8967804295420724,1.0025815557723536,false,0,NaN
2224,F,0.8966376606507537,1.0024972981155962,false,0,NaN
2225,F,0.8967385745401234,1.0000662201188484,false,0,NaN
2226,F,0.8966668574847377,1.0005942111572055,false,0,NaN
2227,F,0.8967140378123197,0.9998691718702902,true,0,NaN
2228,F,0.8959936417183728,1.036903934854277,false,0,NaN
2229,F,0.8960001357737603,1.0695785298749538,false,0,NaN
2230,F,0.8967127757888621,0.9998697081986438,true,0,NaN
2231,F,0.8963489308151914,1.0228201792093334,false,0,NaN
2232,F,0.8971228707437975,1.0006621174312407,false,0,NaN
2233,F,0.8965308533020268,1.0139663503333667,false,0,NaN
2234,F,0.8966218145454444,1.0082037521782263,false,0,NaN
2235,F,0.8966672951671533,1.0037798126229782,false,0,NaN
2236,F,0.8967113794324576,0.999870771194865,true,0,NaN
2237,F,0.8960861639472246,1.0426504279336406,false,0,NaN
2238,F,0.8974838346854773,0.9981365096047421,true,0,NaN
2239,F,0.8966967390474709,1.0013537082149568,false,0,NaN
2240,F,0.8967040592399642,1.0007976275521135,false,0,NaN
2241,F,0.896707719336211,1.0007964350967657,false,0,NaN
2242,F,0.8966965157232408,1.0013550131935902,false,0,NaN
2243,F,0.8967365316030209,0.9999579686034776,true,0,NaN
2244,F,0.8967038332821969,1.0007989000356794,false,0,NaN
2245,F,0.8967288662776093,0.999926767317889,true,0,NaN
2246,F,0.8967074920645175,1.0007976515383892,false,0,NaN
2247,F,0.896732511666959,0.9999260105563879,true,0,NaN
2248,F,0.8967093214613628,0.9998723797186472,true,0,NaN
2249,F,0.8960570191100273,1.0426530726371694,false,0,NaN
2250,F,0.897473769099606,0.9996873430644808,true,0,NaN
2251,F,0.8966959708801432,1.001354429822678,false,0,NaN
2252,F,0.896702646170753,1.0007988477018768,false,0,NaN
2253,F,0.8967059838160579,1.0007979500486737,false,0,NaN
2254,F,0.8966793576311303,1.0027329881982525,false,0,NaN
2255,F,0.8967615627089175,1.0004325070269742,false,0,NaN
2256,F,0.8966858757007862,1.0018569203405447,false,0,NaN
2257,F,0.8967429199314955,1.0007500335054946,false,0,NaN
2258,F,0.8966891589399727,1.0013647851188183,false,0,NaN
2259,F,0.8967320667722555,1.0003852367206632,false,0,NaN
2260,F,0.8966908523707684,1.0013644944514435,false,0,NaN
2261,F,0.8967337615772633,1.0003849103968254,false,0,NaN
2262,F,0.8966918463953656,1.0013643398512286,false,0,NaN
2263,F,0.8967347568692391,1.0003847188694477,false,0,NaN
2264,F,0.8966985499875822,1.0007975417168358,false,0,NaN
2265,F,0.8967251603966258,1.0004394183230554,false,0,NaN
2266,F,0.8967039357244726,1.000796853873661,false,0,NaN
2267,F,0.8967079750271403,1.0007915865868409,false,0,NaN
2268,F,0.896709153157085,0.9998723849365813,true,0,NaN
2269,F,0.8967079784788965,1.0007917737286738,false,0,NaN
2270,F,0.8967085658179907,1.0001948974441324,false,0,NaN
2271,F,0.8967088594875379,0.9998742712514473,true,0,NaN
2272,F,0.8967074578288969,0.9999246287078932,true,0,NaN
2273,F,0.8966877275509992,1.0002521624883114,false,0,NaN
2274,F,0.8966949961602405,1.0000389237572644,false,0,NaN
2275,F,0.8967074553570659,0.9999246381053871,true,0,NaN
2276,F,0.8966689466358748,1.000620277404237,false,0,NaN
2277,F,0.8966868173813509,1.0000975827474547,false,0,NaN
2278,F,0.8966882009964703,1.0002007779285134,false,0,NaN
2279,F,0.8966978281767681,0.9999853373601864,true,0,NaN
2280,F,0.8967026417669169,0.9999456340739061,true,0,NaN
2281,F,0.8967072321609042,0.9999246623381836,true,0,NaN
2282,F,0.8966109025201919,1.0045056333716589,false,0,NaN
2283,F,0.8967640625925636,1.0000620383288963,false,0,NaN
2284,F,0.8967070633768959,0.9999248111802721,true,0,NaN
2285,F,0.8967071477689,0.9999247312891386,true,0,NaN
2286,F,0.8967071899649021,0.9999246958993571,true,0,NaN
2287,F,0.8966401849628578,1.0027878450758942,false,0,NaN
2288,F,0.8967350632879527,1.0000245972053095,false,0,NaN
2289,F,0.8966736874638799,1.0012288045067024,false,0,NaN
2290,F,0.896690438714391,1.0009314616207141,false,0,NaN
2291,F,0.8966988143396465,1.0008708463530795,false,0,NaN
2292,F,0.8966984250188426,1.0008473806968574,false,0,NaN
2293,F,0.8967250493641874,1.0004904258534981,false,0,NaN
2294,F,0.8967000341205192,1.0008475022369492,false,0,NaN
2295,F,0.8967266634701623,1.000490328092464,false,0,NaN
2296,F,0.8967036120531772,1.000848193311299,false,0,NaN
2297,F,0.8967054010195061,1.0008486812800732,false,0,NaN
2298,F,0.8967062955026707,1.0004619404739836,false,0,NaN
2299,F,0.8967067427442529,1.0001723717809639,false,0,NaN
2300,F,0.8967069663650441,0.9999262670486488,true,0,NaN
2301,F,0.8966425464931359,1.002208591581835,false,0,NaN
2302,F,0.8967180855621532,1.0002901665799293,false,0,NaN
2303,F,0.8967069601950906,0.9999262740850912,true,0,NaN
2304,F,0.8966506758562456,1.0021016082353915,false,0,NaN
2305,F,0.8967225442628863,0.9999992823657986,true,0,NaN
2306,F,0.8966788180256681,1.0006737163378399,false,0,NaN
2307,F,0.8966928891103793,1.0003951372916824,false,0,NaN
2308,F,0.896699924652735,1.000341850692745,false,0,NaN
2309,F,0.8967068293748739,0.9999290984533068,true,0,NaN
2310,F,0.8966521503098185,1.0014144379925418,false,0,NaN
2311,F,0.8967005462714862,0.9999302438985342,true,0,NaN
2312,F,0.8966887650257586,1.0002121176178473,false,0,NaN
2313,F,0.8966960332209224,1.0000003757142106,true,0,NaN
2314,F,0.8966946556486224,1.0000054519190487,false,0,NaN
2315,F,0.8966976009600542,0.9999002768790348,true,0,NaN
2316,F,0.89669301852335,1.0000484754953047,false,0,NaN
2317,F,0.8966946932043697,0.9999826442373588,true,0,NaN
2318,F,0.8966827934567227,1.0003007268375341,false,0,NaN
2319,F,0.8966931142601138,0.9999999544377282,true,0,NaN
2320,F,0.8966887433305462,1.0001273245019808,false,0,NaN
2321,F,0.896691718267458,1.0000414459033515,false,0,NaN
2322,F,0.8966932057359138,1.000002609619592,false,0,NaN
2323,F,0.8966827934567227,1.0003007268375343,false,0,NaN
2324,F,0.8966828996910614,1.0002972636564902,false,0,NaN
2325,F,0.8966831885817896,1.0002879101313098,false,0,NaN
2326,F,0.8966832933011659,1.0002844852836736,false,0,NaN
2327,F,0.89668338614437,1.0002815301928845,false,0,NaN
2328,F,0.8966834901162929,1.0002781249112978,false,0,NaN
2329,F,0.8966834849257541,1.000278347366972,false,0,NaN
2330,F,0.8966835885264719,1.0002749519775465,false,0,NaN
2331,F,0.896683534316634,1.0002767577402387,false,0,NaN
2332,F,0.896683637732381,1.00027336732544,false,0,NaN
2333,F,0.8966835590124496,1.0002759633635934,false,0,NaN
2334,F,0.896683662335868,1.0002725754434483,false,0,NaN
2335,F,0.8966835713611087,1.0002755662634133,false,0,NaN
2336,F,0.8966836746383999,1.0002721795925078,false,0,NaN
2337,F,0.8966835806278718,1.0002752683180438,false,0,NaN
2338,F,0.8966836838705651,1.0002718825854195,false,0,NaN
2339,F,0.8966835833914535,1.0002751794714138,false,0,NaN
2340,F,0.8966836866238318,1.0002717940187418,false,0,NaN
2341,F,0.8966934886348027,0.9999958427264429,true,0,NaN
2342,F,0.8966923595412941,0.9999999329070404,true,0,NaN
2343,F,0.8633998160268568,NaN,false,-300,NaN
2344,F,0.8800459490180746,4.3560030510428245,false,0,NaN
2345,F,0.9103899539132577,NaN,false,-300,NaN
2346,F,0.8883690155160113,1.5939620020960086,false,0,NaN
2347,F,0.8937394479323659,1.2489407542815807,false,0,NaN
2348,F,0.8925305487696353,1.1883377093012766,false,0,NaN
2349,F,0.8942334442103372,1.108903269250588,false,0,NaN
2350,F,0.8946113154057586,1.0752972425448821,false,0,NaN
2351,F,0.8952921317971074,1.0458637773127992,false,0,NaN
2352,F,0.8956516987424425,1.0343603721747605,false,0,NaN
2353,F,0.8959623758487021,1.0221480131302805,false,0,NaN
2354,F,0.8961718904480295,1.0171085965322773,false,0,NaN
2355,F,0.8963265820125244,1.0125628253105743,false,0,NaN
2356,F,0.8965620344879341,1.0044592466121907,false,0,NaN
2357,F,0.8966023543065205,1.0035737355714174,false,0,NaN
2358,F,0.8966758291939274,1.0002031775599813,false,0,NaN
2359,F,0.8966776668730138,1.0001434573090033,false,0,NaN
2360,F,0.8966911181975142,1.0000227375463109,false,0,NaN
2361,F,0.8966913243904352,1.0000145300621388,false,0,NaN
2362,F,0.8966922978970324,1.0000001945996542,true,0,NaN
2363,F,0.896692300263181,0.9999999881275264,true,0,NaN
2364,F,0.8966919114605458,1.000004060539115,false,0,NaN
2365,F,0.8966919681828952,1.0000015903120105,false,0,NaN
2366,F,0.8966921058618634,1.0000013124455003,false,0,NaN
2367,F,0.8966921243075497,1.0000002983072214,true,0,NaN
2368,F,0.8966922030625222,1.000000406303061,true,0,NaN
2369,F,0.896692208887056,1.0000000541432088,true,0,NaN
2370,F,0.8966922516628516,1.0000001084726218,true,0,NaN
2371,F,0.8966922533390713,0.9999999997423172,true,0,NaN
2372,F,0.8965881320013322,1.0033687754336738,false,0,NaN
2373,F,0.8906409197778906,1.2271529292057404,false,0,NaN
2374,F,0.8966922533389764,0.9999999997423151,true,0,NaN
2375,F,0.8966913118966465,1.0000175775662024,false,0,NaN
2376,F,0.8966906922003363,1.0000338761826701,false,0,NaN
2377,F,0.8966917826178115,1.0000052942184472,false,0,NaN
2378,F,0.8966920179783939,1.0000004114023966,true,0,NaN
2379,F,0.8966921356586851,0.9999997023357343,true,0,NaN
2380,F,0.8966895094521712,1.0000674799273552,false,0,NaN
2381,F,0.8966879321398228,1.0002062188997771,false,0,NaN
2382,F,0.8966908225554282,1.0000305486632926,false,0,NaN
2383,F,0.8966914791070566,1.0000131911396593,false,0,NaN
2384,F,0.8966918073828709,1.0000048405711537,false,0,NaN
2385,F,0.8966895094521712,1.000067479927355,false,0,NaN
2386,F,0.896690671959816,1.0000716028310033,false,0,NaN
2387,F,0.896688918395623,1.000131856047837,false,0,NaN
2388,F,0.8966911854532813,1.0005031384026628,false,0,NaN
2389,F,0.8966886228615177,1.000252873121262,false,0,NaN
2390,F,0.8966929661184567,1.0004525027388917,false,0,NaN
2391,F,0.8966884750828008,1.0003513765917482,false,0,NaN
2392,F,0.8966945082692267,1.0004022529987897,false,0,NaN
2393,F,0.8966884011700975,1.0004044561632568,false,0,NaN
2394,F,0.8966953449904986,1.0003750237933318,false,0,NaN
2395,F,0.8966883641669267,1.0004303437594344,false,0,NaN
2396,F,0.8966957521155546,1.0003617700903826,false,0,NaN
2397,F,0.8966883455706517,1.0004429507889505,false,0,NaN
2398,F,0.8966959498059122,1.0003553310292843,false,0,NaN
2399,F,0.89668833083384,1.0004526939601175,false,0,NaN
2400,F,0.8966961022233623,1.000350364363943,false,0,NaN
2401,F,0.8966914105623693,1.000015551490836,false,0,NaN
2402,F,0.8966916824657858,1.000007801487751,false,0,NaN
2403,F,0.8966920903401654,0.9999998085717604,true,0,NaN
2404,F,0.8966903041325837,1.0000052143659413,false,0,NaN
2405,F,0.8966904933958216,0.9999997160438657,true,0,NaN
2406,F,0.8966800645430412,1.0002705101304632,false,0,NaN
2407,F,0.8966894735646044,1.0000004578055837,true,0,NaN
2408,F,0.8966852789694314,1.0001010532268364,false,0,NaN
2409,F,0.8966878861826265,1.0000340819690265,false,0,NaN
2410,F,0.8966891897892241,1.0000022819801366,false,0,NaN
2411,F,0.8966800645430412,1.0002705101304632,false,0,NaN
2412,F,0.8966838621797685,1.0006295103926344,false,0,NaN
2413,F,0.8966851715102644,1.0001040630693965,false,0,NaN
2414,F,0.8966866349327348,1.0000763622236193,false,0,NaN
2415,F,0.896687724994849,1.0000382676345319,false,0,NaN
2416,F,0.8966882657197629,1.0000222608025149,false,0,NaN
2417,F,0.8966890017390869,1.000006639805342,false,0,NaN
2418,F,0.8966890989239866,1.0000035556927651,false,0,NaN
2419,F,0.8966896401150976,1.00000454311931,false,0,NaN
2420,F,0.8966897078987967,1.0000023307739818,false,0,NaN
2421,F,0.8966899593108865,1.0000038036696601,false,0,NaN
2422,F,0.8966900167258697,1.0000018970033164,false,0,NaN
2423,F,0.8966901189243515,1.000003512627527,false,0,NaN
2424,F,0.8966901722584136,1.0000017245728612,false,0,NaN
2425,F,0.8966902387437511,1.0000033291237949,false,0,NaN
2426,F,0.8966902895048436,1.0000016145433368,false,0,NaN
2427,F,0.896690275066201,1.0000032794732887,false,0,NaN
2428,F,0.8966903251311417,1.0000015844688361,false,0,NaN
2429,F,0.8966904750729738,0.999999755271623,true,0,NaN
2430,F,0.8966819066804641,1.0002270346556321,false,0,NaN
2431,F,0.8966897946241019,1.00000052391856,true,0,NaN
2432,F,0.8966904748730976,0.9999997552706599,true,0,NaN
2433,F,0.8966763398522403,1.0003307926332032,false,0,NaN
2434,F,0.8966878934979936,1.0000001377951784,true,0,NaN
2435,F,0.8966834073626689,1.0001938881368544,false,0,NaN
2436,F,0.8966869411178833,1.0000788626633743,false,0,NaN
2437,F,0.8966887079954904,1.0000026251038727,false,0,NaN
2438,F,0.8966903948194007,1.0000005319824492,true,0,NaN
2439,F,0.896690408098577,0.9999999955049926,true,0,NaN
2440,F,0.8966763686853103,1.0003295842186155,false,0,NaN
2441,F,0.8966878800018366,1.0000001387583384,true,0,NaN
2442,F,0.8966904080947822,0.9999999955049192,true,0,NaN
2443,F,0.8966763686885432,1.0003295841180384,false,0,NaN
2444,F,0.8966878800015622,1.0000001387581978,true,0,NaN
2445,F,0.8966833883916626,1.000193656755769,false,0,NaN
2446,F,0.8966868982432225,1.0000789451798442,false,0,NaN
2447,F,0.8966886531690023,1.0000028089688782,false,0,NaN
2448,F,0.8966903769927481,1.000000173202607,true,0,NaN
2449,F,0.8966903822823122,1.0000000043824755,true,0,NaN
2450,F,0.8966903769965494,1.0000001732026642,true,0,NaN
2451,F,0.8966903822861129,1.0000000043825512,true,0,NaN
2452,F,0.8966903769984729,1.000000173202691,true,0,NaN
2453,F,0.896690382288036,1.0000000043825903,true,0,NaN
2454,F,0.8966903769994856,1.000000173202708,true,0,NaN
2455,F,0.8966903822890486,1.0000000043826105,true,0,NaN
2456,F,0.8966903770002661,1.0000001732027182,true,0,NaN
2457,F,0.896690382289829,1.0000000043826254,true,0,NaN
2458,F,0.8966903924908636,1.000000045090073,true,0,NaN
2459,F,0.896690393966874,0.9999999969453882,true,0,NaN
2460,F,0.8966763453150899,1.0003294091281076,false,0,NaN
2461,F,0.8966878503456018,1.0000001383525723,true,0,NaN
2462,F,0.8966903939665496,0.9999999969453823,true,0,NaN
2463,F,0.8966763453153651,1.000329409119538,false,0,NaN
2464,F,0.8966878503455782,1.0000001383525614,true,0,NaN
2465,F,0.8966833696409573,1.0001936130226787,false,0,NaN
2466,F,0.8966868818037534,1.0000789335657818,false,0,NaN
2467,F,0.8966886378851515,1.0000028065009317,false,0,NaN
2468,F,0.8966903424810129,1.0000003521699632,true,0,NaN
2469,F,0.8966903536017622,1.0000000111877554,true,0,NaN
2470,F,0.8966903682237812,1.000000098301393,true,0,NaN
2471,F,0.8966903713968578,0.9999999993681116,true,0,NaN
2472,F,0.8966763256458102,1.0003288142799833,false,0,NaN
2473,F,0.8966878096677596,1.0000001375787495,true,0,NaN
2474,F,0.8966903713967085,0.9999999993681081,true,0,NaN
2475,F,0.8966763256459351,1.000328814276082,false,0,NaN
2476,F,0.8966878096677484,1.0000001375787453,true,0,NaN
2477,F,0.8966833485213218,1.0001934476530825,false,0,NaN
2478,F,0.8966868599590151,1.000078886819216,false,0,NaN
2479,F,0.8966886156778618,1.00000279441167,false,0,NaN
2480,F,0.8966902880486052,1.0000002390751193,true,0,NaN
2481,F,0.8966902958233844,1.0000000017401807,true,0,NaN
2482,F,0.8966903297226568,1.0000000735892471,true,0,NaN
2483,F,0.8966903321299831,0.9999999998668934,true,0,NaN
2484,F,0.8966761178851935,1.0003275537035705,false,0,NaN
2485,F,0.8966875571692661,1.000000134625681,true,0,NaN
2486,F,0.8966903321296807,0.999999999866889,true,0,NaN
2487,F,0.8966761178854378,1.000327553695858,false,0,NaN
2488,F,0.8966875571692412,1.0000001346256746,true,0,NaN
2489,F,0.8966832250075593,1.000193158582504,false,0,NaN
2490,F,0.89668677856862,1.0000788229717028,false,0,NaN
2491,F,0.8966885553491504,1.0000027806837557,false,0,NaN
2492,F,0.8966901768931528,1.0000002829315349,true,0,NaN
2493,F,0.8966901861707374,1.0000000009944232,true,0,NaN
2494,F,0.8966743007719337,1.0003265247163842,false,0,NaN
2495,F,0.896685703813214,1.000000139802365,true,0,NaN
2496,F,0.8966901861693859,1.0000000009943983,true,0,NaN
2497,F,0.89667430077281,1.000326524685343,false,0,NaN
2498,F,0.8966857038130079,1.0000001398023228,true,0,NaN
2499,F,0.8966822434710979,1.0001929171423196,false,0,NaN
2500,F,0.8966862148202419,1.0000787773772406,false,0,NaN
2501,F,0.8966882004948139,1.0000027794833581,false,0,NaN
2502,F,0.8966901364796342,1.0000004260244375,true,0,NaN
2503,F,0.8966901501561241,1.0000000236693647,true,0,NaN
2504,F,0.8966901364809879,1.000000426024743,true,0,NaN
2505,F,0.8966901501574868,1.0000000236694158,true,0,NaN
2506,F,0.8966901364816748,1.0000004260248956,true,0,NaN
2507,F,0.8966901501581781,1.000000023669444,true,0,NaN
2508,F,0.8966901364820412,1.000000426024977,true,0,NaN
2509,F,0.8966901501585469,1.0000000236694575,true,0,NaN
2510,F,0.8966901409839286,1.0000003341500463,true,0,NaN
2511,F,0.8966901517153792,1.0000000153577735,true,0,NaN
2512,F,0.8966901636027267,1.0000000645601674,true,0,NaN
2513,F,0.896690165692462,1.000000000430057,true,0,NaN
2514,F,0.8966729289169417,1.0008541818807841,false,0,NaN
2515,F,0.8967027350192035,1.0000012814720278,false,0,NaN
2516,F,0.8966901656922786,1.0000000004300544,true,0,NaN
2517,F,0.8966729289170423,1.0008541818768,false,0,NaN
2518,F,0.8967027350191655,1.000001281472014,false,0,NaN
2519,F,0.8966815473046604,1.0007298370910673,false,0,NaN
2520,F,0.8966858564984695,1.0000787036463197,false,0,NaN
2521,F,0.896688011095374,1.000002735055993,false,0,NaN
2522,F,0.8966900886801348,1.0000002664886198,true,0,NaN
2523,F,0.8966900974275531,1.000000003339996,true,0,NaN
2524,F,0.8966901272035956,1.0000000559638356,true,0,NaN
2525,F,0.8966901290569417,0.9999999996957342,true,0,NaN
2526,F,0.8966730361800475,1.000861014467182,false,0,NaN
2527,F,0.8967030807788828,1.0000013286215088,false,0,NaN
2528,F,0.8966901290565781,0.9999999996957281,true,0,NaN
2529,F,0.8966730361802494,1.000861014459107,false,0,NaN
2530,F,0.8967030807788037,1.0000013286214884,false,0,NaN
2531,F,0.8966815826184137,1.000730658438983,false,0,NaN
2532,F,0.8966858558374959,1.0000789629949898,false,0,NaN
2533,F,0.896687992447037,1.0000027561452094,false,0,NaN
2534,F,0.8966900642709189,1.00000043514783,true,0,NaN
2535,F,0.896690078467859,1.0000000090297392,true,0,NaN
2536,F,0.8966900642713671,1.0000004351478877,true,0,NaN
2537,F,0.8966900784683087,1.0000000090297494,true,0,NaN
2538,F,0.8966900887950937,1.0000001925788933,true,0,NaN
2539,F,0.8966900950895632,1.0000000026332416,true,0,NaN
2540,F,0.8966901089311733,1.0000000539405585,true,0,NaN
2541,F,0.8966901107090492,0.9999999999209058,true,0,NaN
2542,F,0.8966900916070781,1.0000000078114195,true,0,NaN
2543,F,0.8966900918838008,0.9999999993818668,true,0,NaN
2544,F,0.8964093648898772,1.0185611090774587,false,0,NaN
2545,F,0.8942192219872839,1.2564440804530939,false,0,NaN
2546,F,0.8966900918739705,0.9999999993818552,true,0,NaN
2547,F,0.8966779169975178,1.0010402758438963,false,0,NaN
2548,F,0.896696971832239,1.001338910660616,false,0,NaN
2549,F,0.8966840044357441,1.0005447922384785,false,0,NaN
2550,F,0.8966870481548573,1.0005444847687073,false,0,NaN
2551,F,0.8966885700144139,1.000544463034433,false,0,NaN
2552,F,0.896689826950997,1.0000001585607736,true,0,NaN
2553,F,0.8966898321742466,0.9999999996722122,true,0,NaN
2554,F,0.8966579755476899,1.0022671868798279,false,0,NaN
2555,F,0.8967370769191265,1.0000067511107251,false,0,NaN
2556,F,0.8966898321577991,0.9999999996720613,true,0,NaN
2557,F,0.8966579755605889,1.0022671864751524,false,0,NaN
2558,F,0.8967370769180457,1.0000067511080202,false,0,NaN
2559,F,0.896673903859194,1.001142091621924,false,0,NaN
2560,F,0.8966818680084966,1.0006207133617366,false,0,NaN
2561,F,0.8966858500831478,1.0005458541194263,false,0,NaN
2562,F,0.8966897725428756,1.0000007074327406,true,0,NaN
2563,F,0.896689795297318,1.0000000568201235,true,0,NaN
2564,F,0.8966897725592988,1.0000007074408686,true,0,NaN
2565,F,0.8966897953139976,1.000000056821397,true,0,NaN
2566,F,0.896689772567515,1.0000007074449366,true,0,NaN
2567,F,0.896689795322342,1.0000000568220373,true,0,NaN
2568,F,0.8966897725716324,1.000000707446974,true,0,NaN
2569,F,0.8966897953265237,1.0000000568223577,true,0,NaN
2570,F,0.8966897725737099,1.0000007074480033,true,0,NaN
2571,F,0.8966897953286337,1.0000000568225187,true,0,NaN
2572,F,0.8966897725747898,1.0000007074485358,true,0,NaN
2573,F,0.8966897953297304,1.000000056822605,true,0,NaN
2574,F,0.8966897725754636,1.0000007074488706,true,0,NaN
2575,F,0.8966897953304147,1.000000056822656,true,0,NaN
2576,F,0.8966898151235552,1.0000000354523895,true,0,NaN
2577,F,0.8966898162831691,0.9999999997729475,true,0,NaN
2578,F,0.8966473920569349,1.0026668946567967,false,0,NaN
2579,F,0.8967404348259369,0.9999920554268965,true,0,NaN
2580,F,0.8966898162828235,0.9999999997729438,true,0,NaN
2581,F,0.8966473920578266,1.0026668946396424,false,0,NaN
2582,F,0.8967404348262367,0.9999920554267792,true,0,NaN
2583,F,0.896668604170325,1.001537132528289,false,0,NaN
2584,F,0.8966792102265743,1.0005772739000804,false,0,NaN
2585,F,0.8966845132546989,1.0005454685995252,false,0,NaN
2586,F,0.8966897561456182,1.0000003379015558,true,0,NaN
2587,F,0.8966897672074793,1.0000000082019604,true,0,NaN
2588,F,0.8966897862208384,1.0000000684559796,true,0,NaN
2589,F,0.8966897884783471,1.0000000000285378,true,0,NaN
2590,F,0.896649217258436,1.0026711493878102,false,0,NaN
2591,F,0.8967424236005213,0.9999919952831676,true,0,NaN
2592,F,0.8966897884780166,1.000000000028533,true,0,NaN
2593,F,0.8966492172611615,1.002671149345339,false,0,NaN
2594,F,0.8967424236017816,0.9999919952825481,true,0,NaN
2595,F,0.8966695028695891,1.001538551195703,false,0,NaN
2596,F,0.8966796456738029,1.0005775980857858,false,0,NaN
2597,F,0.8966847170759097,1.000545438324187,false,0,NaN
2598,F,0.8966897284158897,1.0000003026209263,true,0,NaN
2599,F,0.8966897383262052,1.000000004402139,true,0,NaN
2600,F,0.8966897584577481,1.0000000867549241,true,0,NaN
2601,F,0.8966897613135579,1.0000000002572353,true,0,NaN
2602,F,0.8966698303460814,1.0008863847946474,false,0,NaN
2603,F,0.8967008290935333,1.0000017375465895,false,0,NaN
2604,F,0.8966897613133955,1.0000000002572336,true,0,NaN
2605,F,0.8966698303462288,1.0008863847903582,false,0,NaN
2606,F,0.8967008290935314,1.000001737546572,false,0,NaN
2607,F,0.8966797958298122,1.0007392495165655,false,0,NaN
2608,F,0.8966847785716038,1.0006216965357275,false,0,NaN
2609,F,0.8966872699424997,1.000527563935206,false,0,NaN
2610,F,0.8966897016681291,1.0000004349775329,true,0,NaN
2611,F,0.8966897159150402,1.000000014740313,true,0,NaN
2612,F,0.8966897315053061,1.0000000835772997,true,0,NaN
2613,F,0.896689734259432,1.0000000003616112,true,0,NaN
2614,F,0.8966715870110663,1.0008851699787875,false,0,NaN
2615,F,0.8967025421445285,1.000001740578115,false,0,NaN
2616,F,0.8966897342592838,1.0000000003616094,true,0,NaN
2617,F,0.8966715870111839,1.0008851699751462,false,0,NaN
2618,F,0.8967025421445192,1.0000017405781016,false,0,NaN
2619,F,0.8966806606352339,1.000738893791042,false,0,NaN
2620,F,0.8966851974472588,1.000180283338082,false,0,NaN
2621,F,0.8966874658532713,1.0000051287408414,false,0,NaN
2622,F,0.8966896756896743,1.0000004154835065,true,0,NaN
2623,F,0.8966896893266356,1.0000000089495642,true,0,NaN
2624,F,0.8966897049907627,1.0000001168449046,true,0,NaN
2625,F,0.896689708840725,1.000000000946785,true,0,NaN
2626,F,0.8966897196413077,1.0000000310013448,true,0,NaN
2627,F,0.8966897206780006,0.9999999996041518,true,0,NaN
2628,F,0.8966717981459783,1.0008850923240629,false,0,NaN
2629,F,0.896702751116244,1.000001745191171,false,0,NaN
2630,F,0.8966897206778542,0.9999999996041465,true,0,NaN
2631,F,0.8966717981460918,1.0008850923205084,false,0,NaN
2632,F,0.8967027511162338,1.0000017451911551,false,0,NaN
2633,F,0.896680759411973,1.0007337196213155,false,0,NaN
2634,F,0.8966852400449136,1.0000989226551207,false,0,NaN
2635,F,0.8966874803613839,1.0000040642757497,false,0,NaN
2636,F,0.8966896663165062,1.0000002452944223,true,0,NaN
2637,F,0.8966896744376666,1.0000000044057469,true,0,NaN
2638,F,0.8966896935010811,1.0000000398275868,true,0,NaN
2639,F,0.8966896948371696,0.9999999995903438,true,0,NaN
2640,F,0.8966721876891942,1.0004482297295818,false,0,NaN
2641,F,0.896687868061096,1.0000007976147232,true,0,NaN
2642,F,0.8966896948368837,0.99999999959034,true,0,NaN
2643,F,0.8966721876894022,1.0004482297174662,false,0,NaN
2644,F,0.8966878680608807,1.0000007976147285,true,0,NaN
2645,F,0.8966809412631429,1.000205408099942,false,0,NaN
2646,F,0.8966853180500133,1.0000813572992917,false,0,NaN
2647,F,0.8966875064434484,1.0000033484767774,false,0,NaN
2648,F,0.8966895965488321,1.000002579069924,false,0,NaN
2649,F,0.8966896824673173,1.0000003024506312,true,0,NaN
2650,F,0.8966896456965623,1.000000360737912,true,0,NaN
2651,F,0.8966896577322021,1.0000000077269924,true,0,NaN
2652,F,0.8966896702704273,1.0000000727686826,true,0,NaN
2653,F,0.8966896727150836,0.9999999999733707,true,0,NaN
2654,F,0.8966722714909067,1.0003583324745966,false,0,NaN
2655,F,0.8966848090231081,1.0000003253258294,true,0,NaN
2656,F,0.8966896727149415,0.9999999999733676,true,0,NaN
2657,F,0.8966722714910091,1.0003583324712269,false,0,NaN
2658,F,0.8966848090230918,1.0000003253258498,true,0,NaN
2659,F,0.8966809721029753,1.000202488495368,false,0,NaN
2660,F,0.8966853224089584,1.0000810492460808,false,0,NaN
2661,F,0.89668749756195,1.0000032948380648,false,0,NaN
2662,F,0.8966896447388427,1.0000001396693181,true,0,NaN
2663,F,0.8966896494689253,1.0000000007592877,true,0,NaN
2664,F,0.8966896525167994,1.000000066673106,true,0,NaN
2665,F,0.8966896547859083,0.9999999997926979,true,0,NaN
2666,F,0.8966896152219254,1.0000004515282348,true,0,NaN
2667,F,0.8966896304823089,1.0000000064978738,true,0,NaN
2668,F,0.8966896350110856,1.0000001330906507,true,0,NaN
2669,F,0.8966896395242204,1.0000000007196699,true,0,NaN
2670,F,0.8966896449056657,1.0000000359815153,true,0,NaN
2671,F,0.8966896461413734,0.9999999995797129,true,0,NaN
2672,F,0.8966719401874373,1.0003605380772103,false,0,NaN
2673,F,0.8966845545282486,1.0000003321315343,true,0,NaN
2674,F,0.8966896461412334,0.9999999995797102,true,0,NaN
2675,F,0.8966719401875358,1.0003605380739324,false,0,NaN
2676,F,0.8966845545282326,1.0000003321315258,true,0,NaN
2677,F,0.8966807931643846,1.0002029017525826,false,0,NaN
2678,F,0.896685219652809,1.0000811591924854,false,0,NaN
2679,F,0.8966874328970211,1.0000033239736235,false,0,NaN
2680,F,0.8966896086156527,1.0000002412994191,true,0,NaN
2681,F,0.8966896168008472,1.0000000019710413,true,0,NaN
2682,F,0.8966896273820264,1.000000052698332,true,0,NaN
2683,F,0.8966896291863388,0.9999999996049576,true,0,NaN
2684,F,0.8966895874049884,1.0000003797807573,true,0,NaN
2685,F,0.8966896001923528,1.0000000080954,true,0,NaN
2686,F,0.8966896078242592,1.0000002457230044,true,0,NaN
2687,F,0.8966896161053477,1.0000000042005852,true,0,NaN
2688,F,0.8966896185092835,1.0000000685027257,true,0,NaN
2689,F,0.8966896208332121,1.0000000001728784,true,0,NaN
2690,F,0.8966896238517957,1.0000000177331563,true,0,NaN
2691,F,0.8966896244691339,0.999999999484861,true,0,NaN
2692,F,0.896687582389457,1.000030619412239,false,0,NaN
2693,F,0.8966854987893483,1.0004658627154492,false,0,NaN
2694,F,0.8966896244691258,0.9999999994848608,true,0,NaN
2695,F,0.8966616875129301,1.0024508093285731,false,0,NaN
2696,F,0.896508122295877,1.0066496610220126,false,0,NaN
2697,F,0.8966756559910279,1.0008996772304999,false,0,NaN
2698,F,0.8966826402300768,1.0008986182346384,false,0,NaN
2699,F,0.8966861323496014,1.0004138022183244,false,0,NaN
2700,F,0.8966896061676595,1.0000000104026834,true,0,NaN
2701,F,0.8966896065374368,0.9999999994937315,true,0,NaN
2702,F,0.8966853535669339,1.0004894160996414,false,0,NaN
2703,F,0.8966846968484663,1.0011337206951756,false,0,NaN
2704,F,0.8966896065372352,0.999999999493718,true,0,NaN
2705,F,0.8966891880072198,1.0000116322874646,false,0,NaN
2706,F,0.8966890421892763,1.000441125850129,false,0,NaN
2707,F,0.8966893972722274,1.000001041484324,false,0,NaN
2708,F,0.8966895019047313,1.0000001310651145,true,0,NaN
2709,F,0.8966895542209833,1.0000000065529513,true,0,NaN
2710,F,0.8966894647315528,1.0000078995892425,false,0,NaN
2711,F,0.8966897320387555,1.0000011326519553,false,0,NaN
2712,F,0.8966894754194429,1.0000061245351766,false,0,NaN
2713,F,0.8966896826660795,1.0000006987434638,true,0,NaN
2714,F,0.8966895409784892,1.0000008878494544,true,0,NaN
2715,F,0.8966895710371119,1.0000000217065876,true,0,NaN
2716,F,0.8966895737580123,1.0000001747745804,true,0,NaN
2717,F,0.8966895796890995,1.000000001017879,true,0,NaN
2718,F,0.8966895901477738,1.000000038751941,true,0,NaN
2719,F,0.8966895914764116,0.9999999996303097,true,0,NaN
2720,F,0.8966887353030529,0.9999998648262101,true,0,NaN
2721,F,0.8959333061071665,1.0351716607218289,false,0,NaN
2722,F,0.8971178039391987,1.0013197792669026,false,0,NaN
2723,F,0.8963110207051097,1.0111562591483947,false,0,NaN
2724,F,0.8964998780040813,1.0070875879240766,false,0,NaN
2725,F,0.8965943066535671,1.0049170402621632,false,0,NaN
2726,F,0.8959333061071665,1.0351716607218284,false,0,NaN
2727,F,0.8971168816790627,1.0031165326841742,false,0,NaN
2728,F,0.8963109738256492,1.0111566263704759,false,0,NaN
2729,F,0.8966864139805846,1.0006022791260654,false,0,NaN
2730,F,0.8964998076849742,1.007088064333081,false,0,NaN
2731,F,0.8967383348516046,1.0006114623243048,false,0,NaN
2732,F,0.896594224614804,1.0049175318468877,false,0,NaN
2733,F,0.8967597102730026,1.0005986808656966,false,0,NaN
2734,F,0.8966414330800534,1.0033745276212076,false,0,NaN
2735,F,0.8967549945889393,1.0005706005500254,false,0,NaN
2736,F,0.8966650373133472,1.001961067242691,false,0,NaN
2737,F,0.8967310341339023,1.0005616550608798,false,0,NaN
2738,F,0.8966768394313324,1.0003984090708755,false,0,NaN
2739,F,0.896690250973748,1.0004362024754845,false,0,NaN
2740,F,0.8966856910291887,0.9999967307437743,true,0,NaN
2741,F,0.8961374423338481,1.0224719858068059,false,0,NaN
2742,F,0.8968978141071858,1.0015969824015574,false,0,NaN
2743,F,0.896666561317672,1.0019487480899507,false,0,NaN
2744,F,0.8966761261734303,1.0003985696514357,false,0,NaN
2745,F,0.8966809086013096,1.0003979579898301,false,0,NaN
2746,F,0.8966665404524446,1.0019471741835446,false,0,NaN
2747,F,0.896724276336655,1.0003898337661525,false,0,NaN
2748,F,0.8966761049310416,1.0003981608517505,false,0,NaN
2749,F,0.8966879869220509,1.0000757692895843,false,0,NaN
2750,F,0.8966808871703676,1.0003979044746991,false,0,NaN
2751,F,0.8966927623433935,1.0000762101143479,false,0,NaN
2752,F,0.896683278290086,0.9999968867639071,true,0,NaN
2753,F,0.8940526274263405,1.2860174909913957,false,0,NaN
2754,F,0.9000458640355831,1.8628311943476417,false,0,NaN
2755,F,0.8966149281217722,1.0040837800562077,false,0,NaN
2756,F,0.8966491032059292,1.0026282395177764,false,0,NaN
2757,F,0.8966661907480076,1.0019500874271183,false,0,NaN
2758,F,0.8966149012188837,1.004077390054448,false,0,NaN
2759,F,0.8967479399916604,1.0007495642605329,false,0,NaN
2760,F,0.8966490759445929,1.002627017382386,false,0,NaN
2761,F,0.8967348278176606,1.000574209927184,false,0,NaN
2762,F,0.8966661633080154,1.0019498673817264,false,0,NaN
2763,F,0.8967298379138195,1.000627523741722,false,0,NaN
2764,F,0.8966747069908628,1.000789192677255,false,0,NaN
2765,F,0.8967005391230961,1.0005458426926255,false,0,NaN
2766,F,0.8966789788345586,1.000398192305881,false,0,NaN
2767,F,0.8966920628962345,1.0000806760321348,false,0,NaN
2768,F,0.8966811147609509,1.0003981948776874,false,0,NaN
2769,F,0.8966941989833161,1.000121662950226,false,0,NaN
2770,F,0.8966821827332357,1.000398208713272,false,0,NaN
2771,F,0.8966952674451175,1.0001497321172803,false,0,NaN
2772,F,0.8966829837760862,1.0001725307226523,false,0,NaN
2773,F,0.8966887104838019,1.0002340101897096,false,0,NaN
2774,F,0.8966832180801928,0.9999971856448943,true,0,NaN
2775,F,0.8957657294858841,1.0395980097787247,false,0,NaN
2776,F,0.8961989103013851,1.0912491629958665,false,0,NaN
2777,F,0.8966831223832268,0.9999971913561407,true,0,NaN
2778,F,0.8966605488993921,1.0007495967276236,false,0,NaN
2779,F,0.8966867623108996,1.00000107343193,false,0,NaN
2780,F,0.8966718356413094,1.0005113832166928,false,0,NaN
2781,F,0.8966774790122681,1.0004327064586995,false,0,NaN
2782,F,0.8966803006977474,1.000399770350831,false,0,NaN
2783,F,0.8966830994230996,0.9999972796376561,true,0,NaN
2784,F,0.8966760542675157,1.000399834095835,false,0,NaN
2785,F,0.8966895672166789,0.999998722054308,true,0,NaN
2786,F,0.8966795457073744,1.0003978351229916,false,0,NaN
2787,F,0.8966929915550127,0.9999986221701792,true,0,NaN
2788,F,0.8966812920408269,1.0003971797414013,false,0,NaN
2789,F,0.8966947158886146,1.000342931592304,false,0,NaN
2790,F,0.8966821664383859,1.000397364857035,false,0,NaN
2791,F,0.8966826061296292,1.000404333379385,false,0,NaN
2792,F,0.8966828312240659,1.0004328316103686,false,0,NaN
2793,F,0.8966829558772823,1.0000853375971732,false,0,NaN
2794,F,0.8966830632730288,0.999997539429361,true,0,NaN
2795,F,0.8966660088104087,1.0007512367274676,false,0,NaN
2796,F,0.8966922787592267,0.9999846477415397,true,0,NaN
2797,F,0.896683062578392,0.9999975395206439,true,0,NaN
2798,F,0.8966662658658042,1.0007506517301081,false,0,NaN
2799,F,0.8966925164559943,0.9999941621998949,true,0,NaN
2800,F,0.8966746642220982,1.0003123896694959,false,0,NaN
2801,F,0.896678863400245,1.0000393745131022,false,0,NaN
2802,F,0.8966809629893185,1.0000013622958064,false,0,NaN
2803,F,0.8966830451421441,0.9999977219809193,true,0,NaN
2804,F,0.8966825285755794,1.000321280295223,false,0,NaN
2805,F,0.8966936559927973,1.000909130743123,false,0,NaN
2806,F,0.8966827733167855,1.0000323563692286,false,0,NaN
2807,F,0.8966839644198151,1.0000427442363709,false,0,NaN
2808,F,0.8966828997161043,1.0000059627827151,false,0,NaN
2809,F,0.8966831831235629,0.9999998958686058,true,0,NaN
2810,F,0.896682965497983,1.0000006504667098,true,0,NaN
2811,F,0.8966830662108427,0.9999980253811682,true,0,NaN
2812,F,0.8966830000336196,1.0000008086023076,true,0,NaN
2813,F,0.8966831061848832,0.999998047583844,true,0,NaN
2814,F,0.89668301801193,1.000000847392189,true,0,NaN
2815,F,0.8966831254972074,0.9999980550486864,true,0,NaN
2816,F,0.8966830280743104,1.000000674615701,true,0,NaN
2817,F,0.8966831296176727,0.9999980289655367,true,0,NaN
2818,F,0.8966830396035952,0.9999979434670547,true,0,NaN
2819,F,0.8966571890211884,1.0009960820582966,false,0,NaN
2820,F,0.8966921733102242,0.9999896681773378,true,0,NaN
2821,F,0.896683039204947,0.9999979434961639,true,0,NaN
2822,F,0.8966582632979943,1.0008309408884264,false,0,NaN
2823,F,0.8966874168809599,1.0000013892888602,false,0,NaN
2824,F,0.8966706512514706,1.0005634069668854,false,0,NaN
2825,F,0.8966768452282088,1.0001144412583876,false,0,NaN
2826,F,0.8966799422165779,1.00000424670873,false,0,NaN
2827,F,0.8966830283441922,0.9999981079574083,true,0,NaN
2828,F,0.8966589491838683,1.000824147626195,false,0,NaN
2829,F,0.8966878605335845,1.0000012065089694,false,0,NaN
2830,F,0.896683022747933,0.9999981083481843,true,0,NaN
2831,F,0.8966384496559465,1.0013663359808591,false,0,NaN
2832,F,0.896686728849554,0.9999871932683764,true,0,NaN
2833,F,0.8966607362019398,1.0010681926001699,false,0,NaN
2834,F,0.8966718794749364,1.0007284590067824,false,0,NaN
2835,F,0.8966774511114347,1.0001337851947343,false,0,NaN
2836,F,0.8966830013664233,0.9999981149001579,true,0,NaN
2837,F,0.8966578547230908,1.0002484186591767,false,0,NaN
2838,F,0.896640959807484,1.0013127945650744,false,0,NaN
2839,F,0.8966829183692717,0.9999981226523136,true,0,NaN
2840,F,0.896623771776015,1.0011570962649372,false,0,NaN
2841,F,0.8966646736859075,1.00000203061379,false,0,NaN
2842,F,0.8966533450726434,1.0004035665752251,false,0,NaN
2843,F,0.8966681317209576,1.000105081044456,false,0,NaN
2844,F,0.8966755250451146,1.0000928484136364,false,0,NaN
2845,F,0.8966825355610207,0.9999981662490364,true,0,NaN
2846,F,0.8966027138659718,1.0012230938958142,false,0,NaN
2847,F,0.8966459691654719,1.0000012539508447,false,0,NaN
2848,F,0.896678943225862,1.0000169559907286,false,0,NaN
2849,F,0.8966807393934413,1.000014269791617,false,0,NaN
2850,F,0.8966816374772311,0.9999983396237216,true,0,NaN
2851,F,0.8966588490829912,1.00028235688357,false,0,NaN
2852,F,0.8966687118362121,1.00001854703146,false,0,NaN
2853,F,0.8966702432801111,1.0002281714860566,false,0,NaN
2854,F,0.8966759403786712,1.0000970957746957,false,0,NaN
2855,F,0.896678788927951,1.0000415285475655,false,0,NaN
2856,F,0.8966810961812031,1.0000135268701653,false,0,NaN
2857,F,0.8966816173179502,0.9999984325952997,true,0,NaN
2858,F,0.896680944568292,0.9999909671315904,true,0,NaN
2859,F,0.896678817130231,1.0003919925433473,false,0,NaN
2860,F,0.896690785353538,1.0003609468408354,false,0,NaN
2861,F,0.8966798808492615,1.0000487539568552,false,0,NaN
2862,F,0.8966804127087767,1.0000081069592293,false,0,NaN
2863,F,0.8966806786385343,0.9999976617094584,true,0,NaN
2864,F,0.8966631606746565,1.0003834081511873,false,0,NaN
2865,F,0.8966765334121991,0.9999993852067421,true,0,NaN
2866,F,0.8966727538325583,1.0003701100113658,false,0,NaN
2867,F,0.896685777454427,1.000013157444864,false,0,NaN
2868,F,0.8966746436223787,1.0000385482857894,false,0,NaN
2869,F,0.8966755885172889,1.000003655645618,false,0,NaN
2870,F,0.896676060964744,1.0000004356618064,true,0,NaN
2871,F,0.8966727538325583,1.000370110011366,false,0,NaN
2872,F,0.8966803511709254,0.9998298608627691,true,0,NaN
2873,F,0.896674628791234,1.0000369566270888,false,0,NaN
2874,F,0.8966753960230754,0.999993852295437,true,0,NaN
2875,F,0.8966691131078265,1.0011218473704317,false,0,NaN
2876,F,0.8967057472817618,1.0016925139099389,false,0,NaN
2877,F,0.896672254565451,1.0002076175320422,false,0,NaN
2878,F,0.8966738252942632,0.9999375988227669,true,0,NaN
2879,F,0.8966673073326797,1.0000554443670038,false,0,NaN
2880,F,0.8966692323077421,1.000000306083992,true,0,NaN
2881,F,0.8966705663134715,0.9999792507031208,true,0,NaN
2882,F,0.8966721958038674,0.9999557928328793,true,0,NaN
2883,F,0.8966730105490652,0.9999460345622774,true,0,NaN
2884,F,0.896670901542542,0.9999736006117728,true,0,NaN
2885,F,0.8966581066857627,1.0009643686680527,false,0,NaN
2886,F,0.8966835861725652,1.000221416119648,false,0,NaN
2887,F,0.8966645041141524,1.0006878422869558,false,0,NaN
2888,F,0.8966677028283472,1.0003742032175145,false,0,NaN
2889,F,0.8966693021854446,1.0000304816838326,false,0,NaN
2890,F,0.8966581066857627,1.0009643686680527,false,0,NaN
2891,F,0.8966907132382007,0.9999944512246774,true,0,NaN
2892,F,0.896664491720221,1.0007823540832559,false,0,NaN
2893,F,0.8966913888748448,1.0000996468324992,false,0,NaN
2894,F,0.8966676842374502,1.0003780983518769,false,0,NaN
2895,F,0.896681136905481,1.0004627359746778,false,0,NaN
2896,F,0.8966692804960651,1.0000411018003295,false,0,NaN
2897,F,0.8966714515022326,1.0000327800281614,false,0,NaN
2898,F,0.896670078625373,0.9999800606289702,true,0,NaN
2899,F,0.8966289795778832,1.001416159575454,false,0,NaN
2900,F,0.8966789703120512,1.000137080463173,false,0,NaN
2901,F,0.8966522904133618,1.0006631573007412,false,0,NaN
2902,F,0.8966611845193674,1.0002770441232554,false,0,NaN
2903,F,0.8966656315723702,1.0000063682315723,false,0,NaN
2904,F,0.8966520372181762,1.0006703250496511,false,0,NaN
2905,F,0.8966552491933019,1.0001683559449739,false,0,NaN
2906,F,0.8966608348280194,1.0001899416721494,false,0,NaN
2907,F,0.8966618035297959,1.0000879136194132,false,0,NaN
2908,F,0.8966652336329508,1.000014433109673,false,0,NaN
2909,F,0.8966653854764727,1.000011944761978,false,0,NaN
2910,F,0.8966674330354362,1.000002645134329,false,0,NaN
2911,F,0.8966675343931155,1.000001067543726,false,0,NaN
2912,F,0.8966685327367182,0.9999993203601125,true,0,NaN
2913,F,0.896653563311218,1.0006866690596854,false,0,NaN
2914,F,0.8966777400327806,1.0000003021632677,true,0,NaN
2915,F,0.8966636294067,1.000114038146963,false,0,NaN
2916,F,0.8966660810717091,1.0000033803285484,false,0,NaN
2917,F,0.8966673069042137,0.9999997612980774,true,0,NaN
2918,F,0.8966017751342877,1.0117011911761584,false,0,NaN
2919,F,0.8966345410192507,1.0048781769149573,false,0,NaN
2920,F,0.8966509239617322,1.001612003689352,false,0,NaN
2921,F,0.8966591154329729,1.0004644801519125,false,0,NaN
2922,F,0.8966520097038344,1.0014621569012743,false,0,NaN
2923,F,0.8967019063253284,1.000036151514238,false,0,NaN
2924,F,0.8966596553317887,1.0003948838091288,false,0,NaN
2925,F,0.8966731369572423,1.0003818203213923,false,0,NaN
2926,F,0.896663478145767,1.0001177889299648,false,0,NaN
2927,F,0.8966675053194426,1.0000494937319657,false,0,NaN
2928,F,0.8966653895527584,1.0000158598695033,false,0,NaN
2929,F,0.8966659388974546,1.0000000864335712,true,0,NaN
2930,F,0.8966663452562588,1.0000037987218557,false,0,NaN
2931,F,0.8966664830463082,0.9999997887152973,true,0,NaN
2932,F,0.8966524934069896,1.0006221330934573,false,0,NaN
2933,F,0.8966744799747702,0.9999992239081716,true,0,NaN
2934,F,0.8966660518033762,1.0000000172781052,true,0,NaN
2935,F,0.8966662674248422,0.9999998434698174,true,0,NaN
2936,F,0.896652898848482,1.000612041255897,false,0,NaN
2937,F,0.8966745041311418,0.999999608223246,true,0,NaN
2938,F,0.8966595831366622,1.0004220185820933,false,0,NaN
2939,F,0.8966629252807522,1.0000271799158762,false,0,NaN
2940,F,0.8966645963527972,1.000003903951011,false,0,NaN
2941,F,0.8966660904331571,0.9999998741810123,true,0,NaN
2942,F,0.8966522293443896,1.0002900724021657,false,0,NaN
2943,F,0.8966624664736462,0.9999935587775135,true,0,NaN
2944,F,0.8966424361630332,1.0004339011026055,false,0,NaN
2945,F,0.8966577320686152,0.9999997424630691,true,0,NaN
2946,F,0.8796111176478848,NaN,false,-300,NaN
2947,F,0.888134410178169,2.968991470516233,false,0,NaN
2948,F,0.9512608364573268,6.475472226719212,false,0,NaN
2949,F,0.8923960564440221,1.3809551192726661,false,0,NaN
2950,F,0.9046095932777874,1.1078035272308806,false,0,NaN
2951,F,0.8945268795783706,1.1248632443682476,false,0,NaN
2952,F,0.8985300392978703,1.016792165560247,false,0,NaN
2953,F,0.8955922911483889,1.0504315369211632,false,0,NaN
2954,F,0.8972091495155816,1.005794856621685,false,0,NaN
2955,F,0.8961249969390861,1.019701519996465,false,0,NaN
2956,F,0.8967566423713752,1.002920502035867,false,0,NaN
2957,F,0.8963913498458107,1.0081311529727301,false,0,NaN
2958,F,0.8966520460761747,1.0008584378167733,false,0,NaN
2959,F,0.8965911146054868,1.0025493323276833,false,0,NaN
2960,F,0.8966728561052598,1.00018247932557,false,0,NaN
2961,F,0.8966493801499842,1.000829170914115,false,0,NaN
2962,F,0.8966759727938708,1.0000857456859082,false,0,NaN
2963,F,0.8966571963344251,1.0000052256916276,false,0,NaN
2964,F,0.8966573730640988,0.9999999531568388,true,0,NaN
2965,F,0.8966540414151398,1.0009517675971105,false,0,NaN
2966,F,0.8966860702177827,0.9999944365659483,true,0,NaN
2967,F,0.8966557070024961,1.000397715804045,false,0,NaN
2968,F,0.8966690918186819,0.9999974301424847,true,0,NaN
2969,F,0.8966565397967362,1.0003938173841942,false,0,NaN
2970,F,0.8966569561949801,1.0003419530326798,false,0,NaN
2971,F,0.8966571643963499,1.000000919319633,true,0,NaN
2972,F,0.8966571969079784,0.9999999784911001,true,0,NaN
2973,F,0.8966567492026198,1.0000061871721655,false,0,NaN
2974,F,0.8966569782070075,0.9999997008520681,true,0,NaN
2975,F,0.8966568391338062,1.0000011777562898,false,0,NaN
2976,F,0.8966568907600215,0.9999997159635378,true,0,NaN
2977,F,0.8962967884294278,1.0218517010278119,false,0,NaN
2978,F,0.8968180210398995,1.0050664307047141,false,0,NaN
2979,F,0.8964768242097426,1.0090212687775926,false,0,NaN
2980,F,0.8966920141574726,1.0022413157255423,false,0,NaN
2981,F,0.8965668421026181,1.0039820128277008,false,0,NaN
2982,F,0.8966618313214041,1.0004824259373395,false,0,NaN
2983,F,0.8966118510544918,1.0026495325052405,false,0,NaN
2984,F,0.8966750567902289,1.000299210156619,false,0,NaN
2985,F,0.8966343555413009,1.0017438377922405,false,0,NaN
2986,F,0.8966759578566549,1.0003568041034958,false,0,NaN
2987,F,0.8966456078064499,1.0012470958365376,false,0,NaN
2988,F,0.8966753613993405,0.9998432720800076,true,0,NaN
2989,F,0.896651233982514,1.0006898878175756,false,0,NaN
2990,F,0.8966676965636523,0.9998114908529293,true,0,NaN
2991,F,0.896655453919057,0.9999200314167352,true,0,NaN
2992,F,0.8966091637829874,1.0013507773349897,false,0,NaN
2993,F,0.896655315000222,0.9999207050917377,true,0,NaN
2994,F,0.8966553844596395,0.9999202638415381,true,0,NaN
2995,F,0.8966554191893482,0.9999201199331039,true,0,NaN
2996,F,0.8966542185430469,0.9999411023837986,true,0,NaN
2997,F,0.896497383887129,0.9982211933498354,true,0,NaN
2998,F,0.8963106163910628,1.00526409006465,false,0,NaN
2999,F,0.8964698759086521,1.0007340542467393,false,0,NaN
3000,F,0.896493463801209,0.9987685702219229,true,0,NaN
3001,F,0.8964954238441689,0.9982398167385393,true,0,NaN
3002,F,0.896496403865649,0.9982304941368959,true,0,NaN
3003,F,0.8953525919669281,1.0652567638739745,false,0,NaN
3004,F,0.8971979910521477,1.0186517505690753,false,0,NaN
3005,F,0.8959244979162885,1.0229808529758138,false,0,NaN
3006,F,0.8962104508909687,1.0166622758257202,false,0,NaN
3007,F,0.8963534273783089,1.006129612945551,false,0,NaN
3008,F,0.8964849076492091,0.9993412520653978,true,0,NaN
3009,F,0.8957472836660798,1.044870505969674,false,0,NaN
3010,F,0.8971215640457788,1.0152018196460775,false,0,NaN
3011,F,0.8961160740526933,1.0217623266068083,false,0,NaN
3012,F,0.8967928442419373,1.0062620044967543,false,0,NaN
3013,F,0.8963004692778108,1.0098708878420406,false,0,NaN
3014,F,0.8966183016163234,1.0026290580099249,false,0,NaN
3015,F,0.8963926669539911,1.0027089152481068,false,0,NaN
3016,F,0.896494318220297,0.9998910628161521,true,0,NaN
3017,F,0.896438765919325,1.000350773050641,false,0,NaN
3018,F,0.8964692377398493,0.9993499366919976,true,0,NaN
3019,F,0.8963437114532374,1.0098782263665873,false,0,NaN
3020,F,0.8966662137222491,1.0005624344503594,false,0,NaN
3021,F,0.8964064745965433,1.0035565638819213,false,0,NaN
3022,F,0.8965353318532879,1.000438691300222,false,0,NaN
3023,F,0.8964378561681964,1.0021138810686605,false,0,NaN
3024,F,0.8965225212369164,0.99935989763169,true,0,NaN
3025,F,0.8964535469540228,1.000746319842222,false,0,NaN
3026,F,0.8964963209249293,0.9998510678780718,true,0,NaN
3027,F,0.8964613923469361,0.999844041690172,true,0,NaN
3028,F,0.8964378530080827,1.0018686417698004,false,0,NaN
3029,F,0.8964783441047022,1.0006624774594937,false,0,NaN
3030,F,0.8964613648840378,0.9998442227406383,true,0,NaN
3031,F,0.8937196057866712,1.2116868404388683,false,0,NaN
3032,F,0.8989396307448333,1.0128663035998915,false,0,NaN
3033,F,0.8950904853353545,1.0878063470810828,false,0,NaN
3034,F,0.8957759251096962,1.044760895841622,false,0,NaN
3035,F,0.896118644996867,1.0247592013872389,false,0,NaN
3036,F,0.8964300814819369,1.0021135907564194,false,0,NaN
3037,F,0.8964996155239738,0.9999769256281463,true,0,NaN
3038,F,0.8964457231830874,1.0012450356970715,false,0,NaN
3039,F,0.8964886444666947,1.0003143543771533,false,0,NaN
3040,F,0.8964535440336626,1.000745739944595,false,0,NaN
3041,F,0.8964811667622389,1.000344144988064,false,0,NaN
3042,F,0.8964574544589502,1.0007571655512253,false,0,NaN
3043,F,0.8964594096715941,0.9998442790041366,true,0,NaN
3044,F,0.8964457473580674,1.0012442546613158,false,0,NaN
3045,F,0.8964886632248005,1.0003140510238102,false,0,NaN
3046,F,0.8964525785148307,1.0007453686184808,false,0,NaN
3047,F,0.8964802011680896,1.000343981242723,false,0,NaN
3048,F,0.8964559940932124,1.000745755896351,false,0,NaN
3049,F,0.8964577018824033,1.0007570945951334,false,0,NaN
3050,F,0.8964585557769986,0.9998483575811958,true,0,NaN
3051,F,0.8964494826904597,1.0006537909263202,false,0,NaN
3052,F,0.8964579913652755,0.9999819167685883,true,0,NaN
3053,F,0.8964571483973154,1.000000135878986,true,0,NaN
3054,F,0.8964569939253753,1.0000291649926292,false,0,NaN
3055,F,0.8964579909887888,0.9999819248045929,true,0,NaN
3056,F,0.8964566751609705,1.000526465705494,false,0,NaN
3057,F,0.8964721249165299,1.000061417005668,false,0,NaN
3058,F,0.8964573330748796,0.9999967720534939,true,0,NaN
3059,F,0.8964576620318342,0.999986465483868,true,0,NaN
3060,F,0.8964578265103115,0.999984175881213,true,0,NaN
3061,F,0.8964545980190858,1.0005084631584658,false,0,NaN
3062,F,0.8964707235347333,0.9999823022083912,true,0,NaN
3063,F,0.8964545971714274,1.0005084543351828,false,0,NaN
3064,F,0.8964707226860049,0.999982293510611,true,0,NaN
3065,F,0.8964549960360405,1.0005084582730692,false,0,NaN
3066,F,0.8964711218739048,0.9999822592492555,true,0,NaN
3067,F,0.8964564935123829,1.0005085397164328,false,0,NaN
3068,F,0.8964572422505859,1.0005085874857564,false,0,NaN
3069,F,0.8964576166196873,0.9999984517571577,true,0,NaN
3070,F,0.8964523529234997,1.0001391202875856,false,0,NaN
3071,F,0.8964567229505992,1.0000109939328088,false,0,NaN
3072,F,0.8964576153500566,0.9999984521002041,true,0,NaN
3073,F,0.8964568615464186,1.0000054528661984,false,0,NaN
3074,F,0.8964568780128449,0.9999997424273951,true,0,NaN
3075,F,0.8964567201393872,1.000000456601083,true,0,NaN
3076,F,0.8964566888562764,0.9999997258985274,true,0,NaN
3077,F,0.8964564834534519,1.0000002850608005,true,0,NaN
3078,F,0.89645636211546,0.9999997244656144,true,0,NaN
3079,F,0.8964559870130734,0.9999999500996124,true,0,NaN
3080,F,0.8964558731786378,0.9999998231284832,true,0,NaN
3081,F,0.8964558386635744,0.9999997237572491,true,0,NaN
3082,F,0.8964557488198039,0.9999997198113086,true,0,NaN
3083,F,0.8964555181047374,0.9999997205268318,true,0,NaN
3084,F,0.8964549087651477,0.9999997342278159,true,0,NaN
3085,F,0.8964533803606833,0.9999997930570383,true,0,NaN
3086,F,0.8964495869276179,1.0003712887650467,false,0,NaN
3087,F,0.8964586036759804,1.000001474467033,false,0,NaN
3088,F,0.8964514836441506,1.0003712380221117,false,0,NaN
3089,F,0.896452432002417,1.0000234459955393,false,0,NaN
3090,F,0.8964529061815502,0.9999997893010663,true,0,NaN
3091,F,0.8964435144119892,1.0003699838781595,false,0,NaN
3092,F,0.8964470018859929,1.0003878757777123,false,0,NaN
3093,F,0.8964482102967697,1.0003711941213096,false,0,NaN
3094,F,0.8964505582391599,1.0003711585725956,false,0,NaN
3095,F,0.896451732210355,1.0003712239624716,false,0,NaN
3096,F,0.8964487014399539,1.000373058418623,false,0,NaN
3097,F,0.8964610698039938,1.0000026986631825,false,0,NaN
3098,F,0.8964498170610098,1.0003743894165946,false,0,NaN
3099,F,0.8964622291638917,1.0000040778649406,false,0,NaN
3100,F,0.896450374881659,1.0003753127110637,false,0,NaN
3101,F,0.8964628173954259,1.0000049821172168,false,0,NaN
3102,F,0.8964506538122297,1.0003758523072128,false,0,NaN
3103,F,0.8964631141140923,1.0000055003638857,false,0,NaN
3104,F,0.8964507933180325,1.0003761436415108,false,0,NaN
3105,F,0.8964632632274838,1.0000057779291096,false,0,NaN
3106,F,0.8964508631521756,1.0003762951192927,false,0,NaN
3107,F,0.8964633380579171,1.0000059217235848,false,0,NaN
3108,F,0.8964508982334061,1.000376372669483,false,0,NaN
3109,F,0.8964633756972529,1.0000059952129108,false,0,NaN
3110,F,0.8964509258901965,1.0003764345024775,false,0,NaN
3111,F,0.8964634053937959,1.0000060537490862,false,0,NaN
3112,F,0.8964525145176939,0.9999982197530582,true,0,NaN
3113,F,0.8964515123578148,0.9998435343464072,true,0,NaN
3114,F,0.8964431387660775,1.0003654556037433,false,0,NaN
3115,F,0.8964518467830453,0.9998877342495148,true,0,NaN
3116,F,0.8964473255619462,0.9999351598724714,true,0,NaN
3117,F,0.8964302623822972,0.9999052555927718,true,0,NaN
3118,F,0.895747048754313,1.0673903972668137,false,0,NaN
3119,F,0.8960886555683051,1.010733158995728,false,0,NaN
3120,F,0.8962594589753011,1.0039940838416406,false,0,NaN
3121,F,0.8963448606787991,0.9995421120768311,true,0,NaN
3122,F,0.8962324256058347,0.9967686367498495,true,0,NaN
3123,F,0.8911205625823856,NaN,false,-300,NaN
3124,F,0.8936764940941102,NaN,false,-300,NaN
3125,F,0.8949544598499725,1.524813371842165,false,0,NaN
3126,F,0.8955934427279035,1.1095193083179078,false,0,NaN
3127,F,0.8944473605081239,2.939614350677699,false,0,NaN
3128,F,0.953848836813715,NaN,false,-300,NaN
3129,F,0.8953398902697898,1.2231998622086189,false,0,NaN
3130,F,0.9022497341794206,1.2326466804225173,false,0,NaN
3131,F,0.8957861551506228,1.0566931424422483,false,0,NaN
3132,F,0.8976107876724135,1.0269406075006278,false,0,NaN
3133,F,0.8960092875910394,1.0172034096095661,false,0,NaN
3134,F,0.896630137774272,1.0043710611213776,false,0,NaN
3135,F,0.8961208538112478,1.0033165079016952,false,0,NaN
3136,F,0.8963190205484903,0.9993223008772688,true,0,NaN
3137,F,0.8961766369213525,0.9995864858807968,true,0,NaN
3138,F,0.8961482766309748,1.0005028169873613,false,0,NaN
3139,F,0.8961728618634291,0.9998072945748169,true,0,NaN
3140,F,0.8961586187497531,1.000451932008568,false,0,NaN
3141,F,0.8961744894297854,1.0009284932577711,false,0,NaN
3142,F,0.8961657403065911,1.0006309939813562,false,0,NaN
3143,F,0.8961693010850101,1.0002598887357608,false,0,NaN
3144,F,0.8961710814742196,0.999833565105263,true,0,NaN
3145,F,0.8961586187210978,1.0004519320110987,false,0,NaN
3146,F,0.8961733697723446,1.000018602254506,false,0,NaN
3147,F,0.8961657391673264,1.0006309936937539,false,0,NaN
3148,F,0.8961894449258863,1.000672974873109,false,0,NaN
3149,F,0.8961692993904407,1.0002598486916447,false,0,NaN
3150,F,0.8961824780393393,0.9998557379613819,true,0,NaN
3151,F,0.8961710795019978,0.9998335657120936,true,0,NaN
3152,F,0.8961607560308407,1.000714128575119,false,0,NaN
3153,F,0.8961860232473727,1.0000011989228812,false,0,NaN
3154,F,0.8961659177664193,1.000395525939324,false,0,NaN
3155,F,0.8961684986342086,1.0003625817090764,false,0,NaN
3156,F,0.8961697890681032,1.0001995565381465,false,0,NaN
3157,F,0.8961620445415859,1.0006896231625078,false,0,NaN
3158,F,0.8961852620532572,1.0006441369059904,false,0,NaN
3159,F,0.896166561001282,1.0003850721355447,false,0,NaN
3160,F,0.8961822011574452,1.0002752018535834,false,0,NaN
3161,F,0.8961688192311301,1.0002143494587443,false,0,NaN
3162,F,0.8961800684315464,0.9998703090689468,true,0,NaN
3163,F,0.8961699483460541,1.000197183299624,false,0,NaN
3164,F,0.8961812285602792,0.9998520011117085,true,0,NaN
3165,F,0.8961705129035162,1.0000067221929583,false,0,NaN
3166,F,0.8961758705228796,0.9998410792045259,true,0,NaN
3167,F,0.8961707951822472,0.9998292309604403,true,0,NaN
3168,F,0.8961621313046164,1.0011067296322045,false,0,NaN
3169,F,0.8961691365426959,1.0003727034128722,false,0,NaN
3170,F,0.8961699658624716,1.0002062372603593,false,0,NaN
3171,F,0.8961703805223593,1.0001956375120342,false,0,NaN
3172,F,0.896169134750041,1.0003727044068755,false,0,NaN
3173,F,0.8961857638186492,1.000147320993598,false,0,NaN
3174,F,0.8961699638641946,1.0002062382485033,false,0,NaN
3175,F,0.8961817045083892,0.9998465296587143,true,0,NaN
3176,F,0.8961703784212713,1.000195638414976,false,0,NaN
3177,F,0.8961820387569933,0.9998382768825271,true,0,NaN
3178,F,0.8961705856998097,1.0001903622386341,false,0,NaN
3179,F,0.8961822066539453,0.9998339509085001,true,0,NaN
3180,F,0.8961706893390788,1.0000031184633862,false,0,NaN
3181,F,0.8961762824711715,0.9998316045210415,true,0,NaN
3182,F,0.8961707411587135,0.9998670155420231,true,0,NaN
3183,F,0.8961522325886158,1.0003263383848968,false,0,NaN
3184,F,0.8961634044489503,1.0000019125110233,false,0,NaN
3185,F,0.8961699443953256,0.9998748640088567,true,0,NaN
3186,F,0.8961626651590108,1.0000235836416345,false,0,NaN
3187,F,0.8961629501101253,1.0000010270192135,false,0,NaN
3188,F,0.8961663047771682,0.9999496077585419,true,0,NaN
3189,F,0.8961628944873041,1.00000778924533,false,0,NaN
3190,F,0.896162369007922,1.0000070022983358,false,0,NaN
3191,F,0.8961645996322362,0.999976802515891,true,0,NaN
3192,F,0.8961654522047022,0.9999626896007305,true,0,NaN
3193,F,0.8961658784909352,0.999956014016734,true,0,NaN
3194,F,0.8961629571646256,1.0000065599513934,false,0,NaN
3195,F,0.8961629654202672,1.0000039004602908,false,0,NaN
3196,F,0.8961644656704444,0.9999782709757981,true,0,NaN
3197,F,0.8961619264456753,1.0000091976900596,false,0,NaN
3198,F,0.8961614112362678,1.0000082220864228,false,0,NaN
3199,F,0.8961631960580598,0.9999914150092705,true,0,NaN
3200,F,0.8961622143699602,1.0000021602199123,false,0,NaN
3201,F,0.8961618882660854,1.0000026631642531,false,0,NaN
3202,F,0.8961627052140101,0.9999962064902462,true,0,NaN
3203,F,0.89616144627603,1.0000053397365583,false,0,NaN
3204,F,0.8961611198303181,1.0000044554814091,false,0,NaN
3205,F,0.89616207574502,0.9999994842907592,true,0,NaN
3206,F,0.8961604118704843,1.0000075445964707,false,0,NaN
3207,F,0.8961590906683166,1.0006808529244218,false,0,NaN
3208,F,0.8961612438077522,1.0000017661066245,false,0,NaN
3209,F,0.8961616597763861,1.0000001248235437,true,0,NaN
3210,F,0.8961618677607031,0.9999996657201515,true,0,NaN
3211,F,0.8961570120861231,1.0000242834995576,false,0,NaN
3212,F,0.8961578862288226,0.9999998731006005,true,0,NaN
3213,F,0.8961521430368077,1.0012360455320601,false,0,NaN
3214,F,0.8961970311687687,0.9995118935750563,true,0,NaN
3215,F,0.8961550146328152,1.0000086216548887,false,0,NaN
3216,F,0.8961564504308189,1.0000028859068142,false,0,NaN
3217,F,0.8961571683298207,1.000000617823002,true,0,NaN
3218,F,0.8961557282223226,1.0000037144054545,false,0,NaN
3219,F,0.8961558557125069,0.9999998173546821,true,0,NaN
3220,F,0.8961484453499773,1.00173132828067,false,0,NaN
3221,F,0.8962118587312841,0.9999966661913863,true,0,NaN
3222,F,0.8961521505312421,1.0012762991687727,false,0,NaN
3223,F,0.8961540031218744,1.0007159938749883,false,0,NaN
3224,F,0.8961549294171907,1.000125876392949,false,0,NaN
3225,F,0.8961484452923348,1.001731329862728,false,0,NaN
3226,F,0.8962050520923758,1.0009884841346006,false,0,NaN
3227,F,0.8961521491803126,1.001276299505766,false,0,NaN
3228,F,0.8961938797254267,1.0008660784361736,false,0,NaN
3229,F,0.8961540011243015,1.0007159942838244,false,0,NaN
3230,F,0.8961774142177332,1.0013989997248474,false,0,NaN
3231,F,0.896154927096296,1.0001230896766924,false,0,NaN
3232,F,0.8961589572085843,0.9998784433061619,true,0,NaN
3233,F,0.8961553900822932,0.9999996425809956,true,0,NaN
3234,F,0.8961042323215092,1.0058143695321202,false,0,NaN
3235,F,0.8963260353043595,0.9987125588407595,true,0,NaN
3236,F,0.8961298112019012,1.0027186816980185,false,0,NaN
3237,F,0.8961426006420972,1.0022760391074557,false,0,NaN
3238,F,0.8961489953621952,1.0016306837096887,false,0,NaN
3239,F,0.8961422874642786,1.0022832562885102,false,0,NaN
3240,F,0.8962169139492644,1.0009169528507276,false,0,NaN
3241,F,0.8961488372347446,1.0016327586392635,false,0,NaN
3242,F,0.8962022062898721,1.0008945767663482,false,0,NaN
3243,F,0.8961521121199777,1.0012629424932775,false,0,NaN
3244,F,0.8961933960157316,1.0008627705794562,false,0,NaN
3245,F,0.8961537495625944,1.0009389393498282,false,0,NaN
3246,F,0.8961844453005018,1.0011708981495457,false,0,NaN
3247,F,0.8961545682839029,1.0007105615381837,false,0,NaN
3248,F,0.8961778007906267,1.0013973811564048,false,0,NaN
3249,F,0.8961549776445575,0.999999917814288,true,0,NaN
3250,F,0.8961431796608661,1.002210371190745,false,0,NaN
3251,F,0.8962233671613253,1.0000079332351508,false,0,NaN
3252,F,0.8961490786527119,1.0016095105751346,false,0,NaN
3253,F,0.8961520281486347,1.0012458793637582,false,0,NaN
3254,F,0.8961535028965961,1.0011851738931516,false,0,NaN
3255,F,0.8961548105901413,1.0007097393212778,false,0,NaN
3256,F,0.8961780023622209,1.000692744983527,false,0,NaN
3257,F,0.8961548929861087,1.0005566648101187,false,0,NaN
3258,F,0.8961730833852073,1.0005532266498514,false,0,NaN
3259,F,0.8961549341840924,0.999999994598417,true,0,NaN
3260,F,0.8961542401633241,1.000021822085083,false,0,NaN
3261,F,0.8961550297201046,0.9999996354090649,true,0,NaN
3262,F,0.8961545871737083,1.0000013218003692,false,0,NaN
3263,F,0.8961547606789003,1.0000001812434411,true,0,NaN
3264,F,0.8961548474314964,1.0000000194677017,true,0,NaN
3265,F,0.8961549317550227,0.9999999945580677,true,0,NaN
3266,F,0.8959036851811276,1.0211937179551314,false,0,NaN
3267,F,0.8955592163913803,1.0129761493665035,false,0,NaN
3268,F,0.8958836363973094,1.0089602851971535,false,0,NaN
3269,F,0.8959072482088202,1.0068750880030146,false,0,NaN
3270,F,0.8961393400154845,1.0004693047970687,false,0,NaN
3271,F,0.8961009764455247,1.005919912704229,false,0,NaN
3272,F,0.8958690227474255,1.0362735563313155,false,0,NaN
3273,F,0.8970729462113585,1.006040773643419,false,0,NaN
3274,F,0.8972738405925843,1.001521504418001,false,0,NaN
3275,F,0.8972517058632855,1.0030686848332746,false,0,NaN
3276,F,0.8945725644040005,1.2534360620777698,false,0,NaN
3277,F,0.9040557695371894,1.0982634099257518,false,0,NaN
3278,F,0.9105548787427856,0.9076384931200262,true,0,NaN
3279,F,0.8989900919013656,1.5639167639934604,false,0,NaN
3280,F,0.9047724853220755,1.1721382761952293,false,0,NaN
3281,F,0.9076636820324306,1.0296812140659177,false,0,NaN
3282,F,0.9091092803876081,0.9764744797760201,true,0,NaN
3283,F,0.9042839397127055,1.0371021690849445,false,0,NaN
3284,F,0.9057207059394354,1.0523538982586538,false,0,NaN
3285,F,0.9066966100501568,0.9964770820962072,true,0,NaN
3286,F,0.9053582513974896,1.0544429684888421,false,0,NaN
3287,F,0.9088202199862064,0.9812608556698923,true,0,NaN
3288,F,0.906489826034493,0.9905788019261161,true,0,NaN
3289,F,0.9052608414325388,1.004711531549865,false,0,NaN
3290,F,0.9056955943682827,0.9968883899697184,true,0,NaN
3291,F,0.9012317458585565,1.0350166841731048,false,0,NaN
3292,F,0.9030873347396359,1.006377295136861,false,0,NaN
3293,F,0.9034636701134197,1.0080220887477371,false,0,NaN
3294,F,0.9045796322408511,1.0018385795882805,false,0,NaN
3295,F,0.905137613304567,0.9983319714959682,true,0,NaN
3296,F,0.9029720849439618,1.0542019562766805,false,0,NaN
3297,F,0.9065123637198989,1.030549266738357,false,0,NaN
3298,F,0.9040548491242644,1.0194070735368184,false,0,NaN
3299,F,0.9045962312144157,1.008792007013214,false,0,NaN
3300,F,0.9048669222594913,1.003931978985375,false,0,NaN
3301,F,0.9047406394961984,1.0063164247888383,false,0,NaN
3302,F,0.9047414518478333,1.0063117837827924,false,0,NaN
3303,F,0.9049391597638027,1.0023500210743375,false,0,NaN
3304,F,0.9049396255710783,1.0023469009235495,false,0,NaN
3305,F,0.9050384199972975,1.0003009805754322,false,0,NaN
3306,F,0.905038706500385,1.0002989638188415,false,0,NaN
3307,F,0.905088050313432,0.9984375035881884,true,0,NaN
3308,F,0.9031342692505138,1.0583110482583942,false,0,NaN
3309,F,0.906487514386822,1.0271925980537313,false,0,NaN
3310,F,0.9050544910313271,1.0001537604081023,false,0,NaN
3311,F,0.9050712706723796,0.9986097981230919,true,0,NaN
3312,F,0.9032545091971282,1.05478493934992,false,0,NaN
3313,F,0.9065359094972042,1.0286303308482072,false,0,NaN
3314,F,0.9041628899347539,1.0195794901011945,false,0,NaN
3315,F,0.9046170803035668,1.008273838430205,false,0,NaN
3316,F,0.9048441754879731,1.0048874428144727,false,0,NaN
3317,F,0.9050341693539562,1.0000302240938492,false,0,NaN
3318,F,0.9050842115949135,0.9991623301917719,true,0,NaN
3319,F,0.9050522399557381,1.0001692150918058,false,0,NaN
3320,F,0.9051076490233215,0.9985818865471855,true,0,NaN
3321,F,0.9050612753442986,0.9986160473982509,true,0,NaN
3322,F,0.9041304691172732,1.017326338835996,false,0,NaN
3323,F,0.904808821368881,1.0304008026711642,false,0,NaN
3324,F,0.9045958859775171,1.0072570593718446,false,0,NaN
3325,F,0.9049091855249508,1.005536180818076,false,0,NaN
3326,F,0.9048285944083398,1.0036973241115088,false,0,NaN
3327,F,0.90501283903734,1.0019271414124131,false,0,NaN
3328,F,0.904944948625153,1.0007503949445906,false,0,NaN
3329,F,0.9050223549505886,1.0015288659744024,false,0,NaN
3330,F,0.9050031257363632,1.000200272297973,false,0,NaN
3331,F,0.9050605879031844,0.9995875662288528,true,0,NaN
3332,F,0.9050322142975754,1.0001690709178879,false,0,NaN
3333,F,0.9050467585893959,1.0000824427455544,false,0,NaN
3334,F,0.9050576668867631,0.9986154853629883,true,0,NaN
3335,F,0.9040996092599093,1.0168793664940527,false,0,NaN
3336,F,0.9048960487171632,1.0067738863262368,false,0,NaN
3337,F,0.9050574577578807,0.998615786390917,true,0,NaN
3338,F,0.9038647261351287,1.0219775166165235,false,0,NaN
3339,F,0.9048902121617293,1.0105898339947599,false,0,NaN
3340,F,0.9044610919465047,1.0087070358263657,false,0,NaN
3341,F,0.9047592748521927,1.0058035811517065,false,0,NaN
3342,F,0.9049083663050367,1.003390718860512,false,0,NaN
3343,F,0.9050429767185947,1.000162229443356,false,0,NaN
3344,F,0.9050502208337142,0.9991395627501274,true,0,NaN
3345,F,0.9050538428942984,0.998615893375139,true,0,NaN
3346,F,0.9043279943821899,1.0023964987376093,false,0,NaN
3347,F,0.9045322412833879,0.9998358625161259,true,0,NaN
3348,F,0.8726502786468409,NaN,false,-300,NaN
3349,F,0.8885909463743706,NaN,false,-300,NaN
3350,F,0.8965612837403961,NaN,false,-300,NaN
3351,F,0.9005464594279571,NaN,false,-300,NaN
3352,F,0.9025390612810493,1.3851805656006397,false,0,NaN
3353,F,0.9035353876919613,1.0814463579096474,false,0,NaN
3354,F,0.9040335608614872,1.0230502117690277,false,0,NaN
3355,F,0.9055110249317506,1.026424990994789,false,0,NaN
3356,F,0.904407212974362,1.0034090662252428,false,0,NaN
3357,F,0.9046346275112273,1.000990843692161,false,0,NaN
3358,F,0.9045163917323142,1.000235185531212,false,0,NaN
3359,F,0.9045418064211537,0.9998506700023678,true,0,NaN
3360,F,0.9045312286995719,0.999835942730746,true,0,NaN
3361,F,0.9045240965650928,1.0003932131555513,false,0,NaN
3362,F,0.9045276490131957,1.0003241708390704,false,0,NaN
3363,F,0.9045294300559799,0.999844842762134,true,0,NaN
3364,F,0.904519972011267,0.9999633393982282,true,0,NaN
3365,F,0.9045202551376991,0.9999611623367138,true,0,NaN
3366,F,0.9045247010336235,0.9998997773990913,true,0,NaN
3367,F,0.9045248322900743,0.9998987551035696,true,0,NaN
3368,F,0.9045270655448017,0.9998682103399625,true,0,NaN
3369,F,0.9045271213774342,0.9998675810130772,true,0,NaN
3370,F,0.9045282478003908,0.9998534644999246,true,0,NaN
3371,F,0.9045422456512786,0.9997365742472034,true,0,NaN
3372,F,0.9045282480849492,0.9998534606270278,true,0,NaN
3373,F,0.9045420503461928,0.999663408340769,true,0,NaN
3374,F,0.9045357279435513,0.9997361179721054,true,0,NaN
3375,F,0.9044544416995769,0.9991860206981199,true,0,NaN
3376,F,0.904303580962706,0.9989434449358349,true,0,NaN
3377,F,0.9037444345049815,1.0085679685666575,false,0,NaN
3378,F,0.9043543505613928,1.0000462266752939,false,0,NaN
3379,F,0.9040240077338438,1.003795424885773,false,0,NaN
3380,F,0.9041637943482749,1.0008515167072347,false,0,NaN
3381,F,0.9042336876554905,0.9997801957660645,true,0,NaN
3382,F,0.9042299025340774,0.9997472384702881,true,0,NaN
3383,F,0.9042079732507711,0.9998120725390178,true,0,NaN
3384,F,0.9041644074201592,0.9989920116899415,true,0,NaN
3385,F,0.9041040645914855,0.9993897452823507,true,0,NaN
3386,F,0.9040747620603972,0.9998763763537397,true,0,NaN
3387,F,0.9040894133259413,0.999686249849206,true,0,NaN
3388,F,0.9040763730220871,0.9995714709808095,true,0,NaN
3389,F,0.9040218199199557,0.9997939576620527,true,0,NaN
3390,F,0.9039353465535166,1.000470854568396,false,0,NaN
3391,F,0.9039884500928682,0.9997286489214876,true,0,NaN
3392,F,0.9039286824466267,0.9986116491408116,true,0,NaN
3393,F,0.9037749833875317,1.0003216731069449,false,0,NaN
3394,F,0.9037965066732205,1.0000083495985443,false,0,NaN
3395,F,0.9037108471341814,0.9965345075616485,true,0,NaN
3396,F,0.9022142126070268,0.965085317802179,true,0,NaN
3397,F,0.9002059500923739,1.0391247286027077,false,0,NaN
3398,F,0.9009309021801437,1.0204645054401016,false,0,NaN
3399,F,0.9012100813497004,0.9979952521688711,true,0,NaN
3400,F,0.9017121469783635,0.9830756778439523,true,0,NaN
3401,F,0.9019631797926952,0.9730982549139765,true,0,NaN
3402,F,0.9002058814732335,1.0391259999606175,false,0,NaN
3403,F,0.9022099915222295,1.0065141264384638,false,0,NaN
3404,F,0.9012100035409484,0.997995770372263,true,0,NaN
3405,F,0.9011406980553199,0.9975422817390279,true,0,NaN
3406,F,0.9009347680500941,1.005915975675665,false,0,NaN
3407,F,0.9012460635797281,1.0040108168089672,false,0,NaN
3408,F,0.9010377330527071,1.0005620918504892,false,0,NaN
3409,F,0.9010892155540134,0.9988455306889849,true,0,NaN
3410,F,0.9009991158345683,1.0078786725376174,false,0,NaN
3411,F,0.901414131773739,1.004995302843081,false,0,NaN
3412,F,0.9010441656942909,1.0023835122225397,false,0,NaN
3413,F,0.9010666906241521,0.9998325554584638,true,0,NaN
3414,F,0.9010779530890828,0.9998158436605514,true,0,NaN
3415,F,0.9010374100536412,1.0025155311799965,false,0,NaN
3416,F,0.9012026803853075,0.9999924889899937,true,0,NaN
3417,F,0.901063309769013,1.0008662330434221,false,0,NaN
3418,F,0.9011554068051811,0.9990734816563666,true,0,NaN
3419,F,0.9010762596266992,0.9998326274747885,true,0,NaN
3420,F,0.901121123290303,0.9989563006261734,true,0,NaN
3421,F,0.9010827345555427,0.9988955070618716,true,0,NaN
3422,F,0.9009867017917434,1.0093457887740773,false,0,NaN
3423,F,0.901495394925648,1.0028763346619272,false,0,NaN
3424,F,0.901038122920358,1.0031347708898835,false,0,NaN
3425,F,0.9010604287379503,1.0014591363058338,false,0,NaN
3426,F,0.9010715816467465,0.999341168873102,true,0,NaN
3427,F,0.9010227788112158,1.0084770052206462,false,0,NaN
3428,F,0.9014817341334472,1.0015879477482457,false,0,NaN
3429,F,0.9010471802289812,1.0036691695512072,false,0,NaN
3430,F,0.9010593809378639,1.0020868660757631,false,0,NaN
3431,F,0.9010654812923051,1.0008857368158428,false,0,NaN
3432,F,0.9010537807685528,1.0028517107470214,false,0,NaN
3433,F,0.9012277213244714,0.999468296769826,true,0,NaN
3434,F,0.9010626785716189,1.001400226784269,false,0,NaN
3435,F,0.9011651707824015,0.999396569557774,true,0,NaN
3436,F,0.9010671274731523,1.000800396955461,false,0,NaN
3437,F,0.901140328966789,0.9993523787010579,true,0,NaN
3438,F,0.9010693519239196,1.0007653671744718,false,0,NaN
3439,F,0.9011414423101499,0.9993571740880919,true,0,NaN
3440,F,0.9010704641493044,1.0002577755461919,false,0,NaN
3441,F,0.9011169586121648,0.999848366030549,true,0,NaN
3442,F,0.9010710202619991,0.9997663451436546,true,0,NaN
3443,F,0.9010925748729763,0.9993445357037495,true,0,NaN
3444,F,0.9010712983183511,0.9997646257416914,true,0,NaN
3445,F,0.9010928499183442,0.9993427961012366,true,0,NaN
3446,F,0.9010715068606476,0.9993466749159592,true,0,NaN
3447,F,0.9010717669806865,0.9993436142886911,true,0,NaN
3448,F,0.9010715676858201,0.9993412338378737,true,0,NaN
3449,F,0.9010705464986668,0.9997614280631503,true,0,NaN
3450,F,0.9010710574277612,0.9997621913421473,true,0,NaN
3451,F,0.9010713128923159,0.9997512418916645,true,0,NaN
3452,F,0.9010714406246082,0.9993555902816784,true,0,NaN
3453,F,0.9010721776405262,0.9993574216340669,true,0,NaN
3454,F,0.9010715044907845,0.999341860934043,true,0,NaN
3455,F,0.9010712286964829,0.9993468243744174,true,0,NaN
3456,F,0.9010418886839202,0.9997445423073185,true,0,NaN
3457,F,0.8732124604667169,NaN,false,-300,NaN
3458,F,0.8871271659450605,2.1127088470357043,false,0,NaN
3459,F,0.8940845186845685,1.2306367534558684,false,0,NaN
3460,F,0.899657258861097,1.4699963896059929,false,0,NaN
3461,F,0.8975631950549949,1.0797891286431147,false,0,NaN
3462,F,0.8994951255441178,1.0612926122068356,false,0,NaN
3463,F,0.8993025332415531,1.0368159617268273,false,0,NaN
3464,F,0.9001972771533323,1.0180611642429873,false,0,NaN
3465,F,0.9001722023375219,1.017252649796029,false,0,NaN
3466,F,0.9005947724191219,1.0075855557128943,false,0,NaN
3467,F,0.900607036890886,1.0083194679958625,false,0,NaN
3468,F,0.9008139985549641,1.0027037691202816,false,0,NaN
3469,F,0.9009331628435658,1.0028504813525236,false,0,NaN
3470,F,0.9010081267910454,1.000426168596762,false,0,NaN
3471,F,0.9010282833022272,1.0004080321042497,false,0,NaN
3472,F,0.9010442970781287,1.0000755420951073,false,0,NaN
3473,F,0.9010410295134463,0.9997576407604418,true,0,NaN
3474,F,0.9010413456535373,0.9997510356061001,true,0,NaN
3475,F,0.9010411326022914,1.0000911659122327,false,0,NaN
3476,F,0.9010412391279143,0.9997547052401995,true,0,NaN
3477,F,0.9010414243284002,0.9997524986502657,true,0,NaN
3478,F,0.9010412923907258,0.9997512168464454,true,0,NaN
3479,F,0.9010461592984962,1.0001387734223244,false,0,NaN
3480,F,0.9010729118270564,0.9996202616770404,true,0,NaN
3481,F,0.9010412924557648,0.9997512151647394,true,0,NaN
3482,F,0.9010461593058264,1.0001387730751516,false,0,NaN
3483,F,0.9010729118129877,0.9996202713603686,true,0,NaN
3484,F,0.9010437258807956,0.9996913360124033,true,0,NaN
3485,F,0.8948426221986905,1.187119042410006,false,0,NaN
3486,F,0.9033570806956399,0.9079598757845276,true,0,NaN
3487,F,0.897943245149839,1.0004965147974092,false,0,NaN
3488,F,0.8955924477366946,1.0860127991170048,false,0,NaN
3489,F,0.8967345844546651,1.0611766925233586,false,0,NaN
3490,F,0.897808034644029,1.0054756005751257,false,0,NaN
3491,F,0.897875639896934,1.0039874182062203,false,0,NaN
3492,F,0.8979094425233866,1.0019168878143878,false,0,NaN
3493,F,0.8978167259800062,1.0046967050210986,false,0,NaN
3494,F,0.8978738333131691,0.9997469737572966,true,0,NaN
3495,F,0.8900149843097304,1.489645808557999,false,0,NaN
3496,F,0.9006352323019053,1.4324315709576758,false,0,NaN
3497,F,0.8960662202219835,1.048303185744052,false,0,NaN
3498,F,0.8969700267675763,1.0209480443076755,false,0,NaN
3499,F,0.8974219300403726,1.0101435894015154,false,0,NaN
3500,F,0.896067416640372,1.04824846624597,false,0,NaN
3501,F,0.8966792531789777,1.0358617953365996,false,0,NaN
3502,F,0.8969714018968933,1.020853744582847,false,0,NaN
3503,F,0.8972387892671021,1.0101482501698007,false,0,NaN
3504,F,0.8974233945507039,1.0100280845138532,false,0,NaN
3505,F,0.8975545381734693,1.002325080169353,false,0,NaN
3506,F,0.8976493909287089,1.0050708764569058,false,0,NaN
3507,F,0.8977181213713705,1.002120114810617,false,0,NaN
3508,F,0.8977623892199111,1.002117091250328,false,0,NaN
3509,F,0.8977939593126342,1.0004827652187118,false,0,NaN
3510,F,0.8978188885699134,1.0004046775912727,false,0,NaN
3511,F,0.8978289275376368,0.9996224979631294,true,0,NaN
3512,F,0.8948393420756021,1.079657418275133,false,0,NaN
3513,F,0.896981881526948,1.0256157696668726,false,0,NaN
3514,F,0.897738530214957,1.0020130328171897,false,0,NaN
3515,F,0.8977837288762969,1.0012756439525006,false,0,NaN
3516,F,0.8978063282069668,1.0012358685182141,false,0,NaN
3517,F,0.897738111950685,1.0019984667381456,false,0,NaN
3518,F,0.8977690963843064,0.999809381289983,true,0,NaN
3519,F,0.8945928974808052,1.099054256149016,false,0,NaN
3520,F,0.8968330799745391,1.050694988247982,false,0,NaN
3521,F,0.897701956161202,1.0021458895433333,false,0,NaN
3522,F,0.8977355262727541,1.0001937847443862,false,0,NaN
3523,F,0.8977523113285303,0.9998078314907348,true,0,NaN
3524,F,0.8970656026290766,1.0148522814076255,false,0,NaN
3525,F,0.8970686518442088,1.009611168744106,false,0,NaN
3526,F,0.8974089569788035,1.0060941589465295,false,0,NaN
3527,F,0.8975806341536668,1.0034109722370612,false,0,NaN
3528,F,0.8976664727410986,1.0021135353084694,false,0,NaN
3529,F,0.8976479011821326,1.0023294797133289,false,0,NaN
3530,F,0.8976849081162829,1.001133639006906,false,0,NaN
3531,F,0.8976511508162552,1.0023271124354647,false,0,NaN
3532,F,0.8976880778212982,1.0011347534374622,false,0,NaN
3533,F,0.8976528279214471,1.0023261190941406,false,0,NaN
3534,F,0.8976897170175807,1.0011351903440142,false,0,NaN
3535,F,0.8976538165412667,1.0023255563757076,false,0,NaN
3536,F,0.8976906836249976,1.0011354507131927,false,0,NaN
3537,F,0.8976907268982344,1.0022659593903922,false,0,NaN
3538,F,0.8977267152393166,1.0005258020712446,false,0,NaN
3539,F,0.8977215298166928,1.0002079784042075,false,0,NaN
3540,F,0.8977274060974808,1.001271404110304,false,0,NaN
3541,F,0.8977369312833939,1.0001950781561262,false,0,NaN
3542,F,0.8977426188090031,0.9998115042277328,true,0,NaN
3543,F,0.8976757037818853,1.0025642638484789,false,0,NaN
3544,F,0.8977146862031588,0.9994260540400951,true,0,NaN
3545,F,0.8976913435818871,1.0000209367603665,false,0,NaN
3546,F,0.8976878038103632,0.9994941651530378,true,0,NaN
3547,F,0.8976420489472484,1.0007304753077484,false,0,NaN
3548,F,0.8976401124798754,1.0001643250676586,false,0,NaN
3549,F,0.8976649263788058,0.9994697689882798,true,0,NaN
3550,F,0.8975597733970312,1.0011691156908178,false,0,NaN
3551,F,0.8975232572846786,1.0019529217079417,false,0,NaN
3552,F,0.8976123498879185,1.0011069466831648,false,0,NaN
3553,F,0.8976386381333622,1.0006861832526055,false,0,NaN
3554,F,0.897651782256084,1.0000829776353866,false,0,NaN
3555,F,0.8975595227022998,1.0011696997496902,false,0,NaN
3556,F,0.897590675197602,1.0001774411023505,false,0,NaN
3557,F,0.8976062371040758,1.0011075816182968,false,0,NaN
3558,F,0.8976360638367887,0.9994807038531488,true,0,NaN
3559,F,0.8976063958940025,1.0001036746287366,false,0,NaN
3560,F,0.8975984553210605,1.000037133845528,false,0,NaN
3561,F,0.8976212298653956,0.9994488143256678,true,0,NaN
3562,F,0.8976119559850023,0.9994302680252274,true,0,NaN
3563,F,0.8975880079354096,1.0006904425844707,false,0,NaN
3564,F,0.897599981960206,1.0001045486307503,false,0,NaN
3565,F,0.8976059689726041,1.0001051347798247,false,0,NaN
3566,F,0.8976089624788032,0.9994304054534197,true,0,NaN
3567,F,0.897574427210587,1.0000712545324937,false,0,NaN
3568,F,0.8975916948446951,1.0000865019104994,false,0,NaN
3569,F,0.8976003286617491,1.000093904091022,false,0,NaN
3570,F,0.8976046455702762,1.0000992069212227,false,0,NaN
3571,F,0.8976025098468118,1.0000900903887682,false,0,NaN
3572,F,0.8976161236964494,0.9994116577204304,true,0,NaN
3573,F,0.8976057524919361,1.000096946735636,false,0,NaN
3574,F,0.8976073738950202,1.0001004166196383,false,0,NaN
3575,F,0.8976081847576763,0.9996744825913262,true,0,NaN
3576,F,0.8976085905117939,0.9994369100186413,true,0,NaN
3577,F,0.8975995009051873,0.9994480223369282,true,0,NaN
3578,F,0.897596106398484,0.9994386476377691,true,0,NaN
3579,F,0.8975886525537033,0.9994330606980807,true,0,NaN
3580,F,0.8975711273670588,0.9994414849778984,true,0,NaN
3581,F,0.8975333839335506,1.000391702987282,false,0,NaN
3582,F,0.8975296808065322,0.9994503646823072,true,0,NaN
3583,F,0.8974602029153302,1.0012509392491216,false,0,NaN
3584,F,0.8974587319912636,1.0002904191403907,false,0,NaN
3585,F,0.8974949418609312,1.0006460273092894,false,0,NaN
3586,F,0.8975123113337317,1.0004625443844724,false,0,NaN
3587,F,0.8975209960701319,0.9994469143434915,true,0,NaN
3588,F,0.8974968285493161,1.0006425648802493,false,0,NaN
3589,F,0.8975151798291994,1.0000109415991778,false,0,NaN
3590,F,0.8975089123097241,1.0004609297422564,false,0,NaN
3591,F,0.897514954189928,1.000461292096737,false,0,NaN
3592,F,0.89751797513003,1.000462263339006,false,0,NaN
3593,F,0.8975163617861989,1.0004412160052025,false,0,NaN
3594,F,0.8975366845574243,0.9998442901565209,true,0,NaN
3595,F,0.8975190197968025,1.0004393189549163,false,0,NaN
3596,F,0.8975393383032315,0.9998431615183674,true,0,NaN
3597,F,0.8975203488443535,1.0001135353962443,false,0,NaN
3598,F,0.8975341731370942,0.9995578835968332,true,0,NaN
3599,F,0.897474539113885,1.0007981087039353,false,0,NaN
3600,F,0.8974745772747718,1.0008172597824483,false,0,NaN
3601,F,0.8975043561254895,0.9999072539257726,true,0,NaN
3602,F,0.8975043668753802,0.9999126246293739,true,0,NaN
3603,F,0.8975192646312918,0.9994679967699238,true,0,NaN
3604,F,0.8975250914774734,0.9992580833230011,true,0,NaN
3605,F,0.8968126964397747,1.0075846150510226,false,0,NaN
3606,F,0.8970926758607666,0.9988602322386612,true,0,NaN
3607,F,0.8965624586169494,1.0109593659429656,false,0,NaN
3608,F,0.8968844797859482,1.0039009425274794,false,0,NaN
3609,F,0.8968275672388579,1.001499009236033,false,0,NaN
3610,F,0.8969601215498123,0.9992693465355477,true,0,NaN
3611,F,0.8968060854267663,1.0001843825987788,false,0,NaN
3612,F,0.8968314165317863,0.9993885549044316,true,0,NaN
3613,F,0.8967598950251936,0.9986753000116912,true,0,NaN
3614,F,0.8966662177688984,1.000494293493406,false,0,NaN
3615,F,0.8967020206278513,0.9994364735904675,true,0,NaN
3616,F,0.8966935644566423,0.9994511995113461,true,0,NaN
3617,F,0.896693264689763,0.9994062165215519,true,0,NaN
3618,F,0.8966854815923463,0.9994267622499313,true,0,NaN
3619,F,0.896669339381258,1.0003258349016346,false,0,NaN
3620,F,0.8966774104868022,0.9996252039051767,true,0,NaN
3621,F,0.8966814460395742,0.9995506769248175,true,0,NaN
3622,F,0.8966834638159603,0.9995729397293502,true,0,NaN
3623,F,0.896669339381258,1.0003258349016342,false,0,NaN
3624,F,0.896698309992031,0.9993738592177501,true,0,NaN
3625,F,0.8966774069545422,0.999634180186692,true,0,NaN
3626,F,0.8966845672463283,0.9998012497557202,true,0,NaN
3627,F,0.8966814407411846,0.9995507953045345,true,0,NaN
3628,F,0.896685635768879,0.9999014980347416,true,0,NaN
3629,F,0.8966834576345065,0.9995729510454405,true,0,NaN
3630,F,0.8966881016835049,0.9999135681374737,true,0,NaN
3631,F,0.8966844660811688,0.9994233378570218,true,0,NaN
3632,F,0.8958719166951614,1.087293772019295,false,0,NaN
3633,F,0.8988261902070036,1.0237928074744729,false,0,NaN
3634,F,0.8966631791378924,1.0008316517217857,false,0,NaN
3635,F,0.8966738226095307,1.0000587316892244,false,0,NaN
3636,F,0.8966791443453497,0.9995735668950713,true,0,NaN
3637,F,0.8966631802647067,1.000831424591056,false,0,NaN
3638,F,0.8967059389877287,0.9993433612801922,true,0,NaN
3639,F,0.8966738237515182,1.0000598489595203,false,0,NaN
3640,F,0.8966931563881184,0.9998883277591852,true,0,NaN
3641,F,0.8966791454949485,0.9995763543462254,true,0,NaN
3642,F,0.8966837987449092,0.9999016207140057,true,0,NaN
3643,F,0.8966818063667129,0.9996289333346731,true,0,NaN
3644,F,0.8966880555644091,0.9998047692109986,true,0,NaN
3645,F,0.8966831368026935,0.999576654824643,true,0,NaN
3646,F,0.8966877986777477,0.9999172637112637,true,0,NaN
3647,F,0.8966838020208806,0.9996474950113049,true,0,NaN
3648,F,0.896690614495779,0.9999165590813309,true,0,NaN
3649,F,0.8966841346303679,0.9994235009871313,true,0,NaN
3650,F,0.8966707598298106,1.0001883792437367,false,0,NaN
3651,F,0.896696590088584,0.9994551246279922,true,0,NaN
3652,F,0.8966840625873579,0.9994234917335375,true,0,NaN
3653,F,0.8966712827695752,0.9999273533164597,true,0,NaN
3654,F,0.8966776726784665,0.999622985621583,true,0,NaN
3655,F,0.8966808676329122,0.999652721407813,true,0,NaN
3656,F,0.896682465110135,0.999628853383074,true,0,NaN
3657,F,0.896683920826882,0.9994231246779455,true,0,NaN
3658,F,0.8966092776470447,1.0039378907334813,false,0,NaN
3659,F,0.8967449440144036,0.999103733742103,true,0,NaN
3660,F,0.8966466001527359,1.001631970121021,false,0,NaN
3661,F,0.8967129757429136,0.9993914045682726,true,0,NaN
3662,F,0.8966652614055857,1.0002993299190999,false,0,NaN
3663,F,0.8966915923934466,0.9994336163337763,true,0,NaN
3664,F,0.8966745920320188,0.9998748599763432,true,0,NaN
3665,F,0.8966881680910048,0.9994281138096646,true,0,NaN
3666,F,0.8966792573452518,0.9998614177660394,true,0,NaN
3667,F,0.8966924294773524,0.9994277662396628,true,0,NaN
3668,F,0.8966815900019013,0.9999242304393644,true,0,NaN
3669,F,0.896682756330292,0.9999210090594315,true,0,NaN
3670,F,0.8966836310770467,0.9996096738973158,true,0,NaN
3671,F,0.896683886216288,0.9994231455601152,true,0,NaN
3672,F,0.8966720891451879,1.000333046653607,false,0,NaN
3673,F,0.8967028162043048,0.9994273912171879,true,0,NaN
3674,F,0.8966838852510338,0.9994231454535172,true,0,NaN
3675,F,0.8966710803477853,0.9998922773757837,true,0,NaN
3676,F,0.8966774827994096,0.9996180057552363,true,0,NaN
3677,F,0.8966806840252217,0.9996504533148781,true,0,NaN
3678,F,0.8966822846381277,0.9996319091171983,true,0,NaN
3679,F,0.8966837621032011,0.9994320497665506,true,0,NaN
3680,F,0.8966840406090564,0.9994347649612805,true,0,NaN
3681,F,0.8966838249485471,0.9994238527782617,true,0,NaN
3682,F,0.8966711088552219,0.9998855830325247,true,0,NaN
3683,F,0.8966838230483337,0.999423852529091,true,0,NaN
3684,F,0.8966720810398578,0.9998530724421589,true,0,NaN
3685,F,0.8966779520440958,0.9996103483528331,true,0,NaN
3686,F,0.8966808875462148,0.9996490799290232,true,0,NaN
3687,F,0.8966823552972742,0.9995873971892969,true,0,NaN
3688,F,0.8966838085371421,0.9994239196075827,true,0,NaN
3689,F,0.8966825148195742,0.9994400562600244,true,0,NaN
3690,F,0.8966703060446626,0.9998500841550112,true,0,NaN
3691,F,0.8966824901636489,0.9994400162157808,true,0,NaN
3692,F,0.8966651463883335,1.000066859152167,false,0,NaN
3693,F,0.8966869638555393,0.9993543919999606,true,0,NaN
3694,F,0.8966738182759912,0.999670814618269,true,0,NaN
3695,F,0.89667815421982,0.9996790991986871,true,0,NaN
3696,F,0.8966803221917344,0.9995524732052529,true,0,NaN
3697,F,0.8966824202514716,0.9994399492338988,true,0,NaN
3698,F,0.8966547407690186,1.0011745477623353,false,0,NaN
3699,F,0.8967071850693081,0.9998061915536791,true,0,NaN
3700,F,0.8966684973950836,1.0003285408096652,false,0,NaN
3701,F,0.8966953633475842,0.9994413598226114,true,0,NaN
3702,F,0.8966754588695902,0.9998923234064033,true,0,NaN
3703,F,0.8966891361356578,0.9994130059065264,true,0,NaN
3704,F,0.8966789396068436,0.9999347260126775,true,0,NaN
3705,F,0.8966938988809482,0.9994384837678625,true,0,NaN
3706,F,0.8966806799754705,0.9999348437222756,true,0,NaN
3707,F,0.8966815501597841,0.9999336958798987,true,0,NaN
3708,F,0.8966819852519413,0.9994399608813564,true,0,NaN
3709,F,0.8966789791509867,0.9999334202665868,true,0,NaN
3710,F,0.8966939430096091,0.9994375702923495,true,0,NaN
3711,F,0.8966804824245703,0.9999341680891939,true,0,NaN
3712,F,0.8966812340613677,0.9999345533510119,true,0,NaN
3713,F,0.8966816098797774,0.9999197630576769,true,0,NaN
3714,F,0.8966817977890046,0.9994469017140218,true,0,NaN
3715,F,0.8966820087055369,0.9994484142256537,true,0,NaN
3716,F,0.8966818917436628,0.999440190965514,true,0,NaN
3717,F,0.8966823723942138,0.999423596017448,true,0,NaN
3718,F,0.8966818339138171,0.9994283973954249,true,0,NaN
3719,F,0.8966492142364314,1.0005841161626214,false,0,NaN
3720,F,0.8966884120326873,0.9994240074625631,true,0,NaN
3721,F,0.8966655240751242,1.0000976281281044,false,0,NaN
3722,F,0.8966736789944707,0.9995211307532078,true,0,NaN
3723,F,0.8964144342020072,1.0494741859769774,false,0,NaN
3724,F,0.8965440565982389,1.0134277390267572,false,0,NaN
3725,F,0.8966088677963548,1.0049266536583272,false,0,NaN
3726,F,0.8966412733954128,1.0020848444980426,false,0,NaN
3727,F,0.896561116735784,1.0102176980020194,false,0,NaN
3728,F,0.8968881932437256,1.0018258760120156,false,0,NaN
3729,F,0.8966173837780813,1.00438832921383,false,0,NaN
3730,F,0.8967662403194762,1.0000687234584225,false,0,NaN
3731,F,0.8966455172994242,1.001954328318727,false,0,NaN
3732,F,0.8967199333091943,1.0005379735805215,false,0,NaN
3733,F,0.8966595840604845,1.0003093838984374,false,0,NaN
3734,F,0.8966837198524549,1.0008584206584508,false,0,NaN
3735,F,0.896666617441792,0.9998184718245177,true,0,NaN
3736,F,0.8966757316444193,1.0000145579288848,false,0,NaN
3737,F,0.8966701341340007,0.9997907220721288,true,0,NaN
3738,F,0.8966783814808845,1.0000181913380677,false,0,NaN
3739,F,0.8966718924832147,0.9994512259068329,true,0,NaN
3740,F,0.8964632067473973,1.0060038713538775,false,0,NaN
3741,F,0.896466656277191,1.0058772108154406,false,0,NaN
3742,F,0.896567549615306,1.0024164829664368,false,0,NaN
3743,F,0.8965691106249591,1.0028317050663917,false,0,NaN
3744,F,0.8966197210492604,1.000881300285208,false,0,NaN
3745,F,0.8966204738878452,1.00083846771244,false,0,NaN
3746,F,0.8966458067662375,1.000196863356051,false,0,NaN
3747,F,0.8966461992945178,1.0001013023616214,false,0,NaN
3748,F,0.8966588496247261,0.9998134798363086,true,0,NaN
3749,F,0.896659040327209,0.9998051202613484,true,0,NaN
3750,F,0.8966653710539704,0.9996212858654316,true,0,NaN
3751,F,0.8966654605791742,0.9996178259505131,true,0,NaN
3752,F,0.8966686317685925,0.999525294397219,true,0,NaN
3753,F,0.8966680260488176,0.9997711485127565,true,0,NaN
3754,F,0.896668631556861,0.9995252557552343,true,0,NaN
3755,F,0.8966703150561982,0.9997671636862643,true,0,NaN
3756,F,0.8966694733065296,0.9998183289411856,true,0,NaN
3757,F,0.8966690524316954,0.9994590647004524,true,0,NaN
3758,F,0.8918866839396942,1.168920249793544,false,0,NaN
3759,F,0.8919243083060228,1.1666589544184158,false,0,NaN
3760,F,0.8942778681856948,1.0774789866491175,false,0,NaN
3761,F,0.8942951904425217,1.07812106705679,false,0,NaN
3762,F,0.8954734603086951,1.0373195639828747,false,0,NaN
3763,F,0.895481866229641,1.0373933822147972,false,0,NaN
3764,F,0.8960712563701952,1.0184152762774978,false,0,NaN
3765,F,0.8960754650948272,1.0184280347007717,false,0,NaN
3766,F,0.8963701544009453,1.0091889559681013,false,0,NaN
3767,F,0.8963723146655458,1.009232202529459,false,0,NaN
3768,F,0.8965196034163203,1.0047489144290298,false,0,NaN
3769,F,0.8965207778872999,1.0046543862230732,false,0,NaN
3770,F,0.8965943279240078,1.002166870187421,false,0,NaN
3771,F,0.8965949291204713,1.0024963817595818,false,0,NaN
3772,F,0.8966503713047735,0.9999741459414657,true,0,NaN
3773,F,0.896650485664922,1.0004187079175633,false,0,NaN
3774,F,0.8966667172908301,0.9994653419055394,true,0,NaN
3775,F,0.8966833126672349,0.9994571482209456,true,0,NaN
3776,F,0.8966667180686462,0.9994652799007008,true,0,NaN
3777,F,0.8966939581651739,0.9994250852375229,true,0,NaN
3778,F,0.8966803381169101,0.9991701447770758,true,0,NaN
3779,F,0.8966735280927781,0.999249176770188,true,0,NaN
3780,F,0.8966701230807121,0.999349056856514,true,0,NaN
3781,F,0.896652771982369,1.0003129508310518,false,0,NaN
3782,F,0.8966614475315406,0.9996001149863322,true,0,NaN
3783,F,0.8966657853061264,0.9994729404235527,true,0,NaN
3784,F,0.8966679851188478,0.9997997919356849,true,0,NaN
3785,F,0.896666885212487,0.9998702662170176,true,0,NaN
3786,F,0.8966663352593067,0.9999055952527753,true,0,NaN
3787,F,0.8966660602827166,0.9999140447403206,true,0,NaN
3788,F,0.8966679850894167,0.9997997918520726,true,0,NaN
3789,F,0.8966831944521747,0.9993335706318893,true,0,NaN
3790,F,0.8966668648040634,0.9998702898714035,true,0,NaN
3791,F,0.8966820654100309,0.9994040486727735,true,0,NaN
3792,F,0.8966663046613862,0.9999056158667652,true,0,NaN
3793,F,0.8966815033886569,0.9994392890768234,true,0,NaN
3794,F,0.8966660245900463,0.999922587721117,true,0,NaN
3795,F,0.8966811999367721,0.9994576089617666,true,0,NaN
3796,F,0.8966658845543737,0.9994820756223045,true,0,NaN
3797,F,0.8966664693944083,0.9994914216654401,true,0,NaN
3798,F,0.8966658145365322,0.9994691055307482,true,0,NaN
3799,F,0.8966672943304016,0.9994226063261236,true,0,NaN
3800,F,0.8950662899558611,1.0402910856046759,false,0,NaN
3801,F,0.896368653696271,0.9938491873512174,true,0,NaN
3802,F,0.8961810196317409,1.0000065557642654,false,0,NaN
3803,F,0.8961945291417432,0.9992920230441822,true,0,NaN
3804,F,0.8961898352080273,0.9993498779185417,true,0,NaN
3805,F,0.8961827723745949,0.999352210115954,true,0,NaN
3806,F,0.8961409126953012,1.0008025874271296,false,0,NaN
3807,F,0.8961739544955644,0.9999742691364155,true,0,NaN
3808,F,0.8961618656997263,1.0006151983052445,false,0,NaN
3809,F,0.8961906444712875,0.9996940265288441,true,0,NaN
3810,F,0.8961723422120916,0.9993575275197556,true,0,NaN
3811,F,0.8961715900333593,0.9993510166574114,true,0,NaN
3812,F,0.8961692314362572,0.9993522217810022,true,0,NaN
3813,F,0.8961662644199094,0.9998421588666967,true,0,NaN
3814,F,0.8961677479280833,0.9995904520760166,true,0,NaN
3815,F,0.8961684896821702,0.9993534969655739,true,0,NaN
3816,F,0.8961439375874884,1.0011604682757587,false,0,NaN
3817,F,0.8961825724581028,0.9995909237983939,true,0,NaN
3818,F,0.8961562404317436,1.0010070667021633,false,0,NaN
3819,F,0.8961915998210874,0.9994169679795942,true,0,NaN
3820,F,0.8961623918834765,1.0006336024854925,false,0,NaN
3821,F,0.896165467668556,1.0003238857925039,false,0,NaN
3822,F,0.8961670056795418,1.0003157844893287,false,0,NaN
3823,F,0.8961677749220865,0.9998961385146806,true,0,NaN
3824,F,0.8961681600187454,0.9994452092859774,true,0,NaN
3825,F,0.8961684522938124,0.9993506374877188,true,0,NaN
3826,F,0.8961681711347704,0.9993252329450031,true,0,NaN
3827,F,0.8961622436369533,0.9995055842465482,true,0,NaN
3828,F,0.8961652073858618,0.9993969478195666,true,0,NaN
3829,F,0.8961662629695872,0.9993598180481205,true,0,NaN
3830,F,0.895432496702438,1.038004101937526,false,0,NaN
3831,F,0.8965294868348562,1.0050531064842523,false,0,NaN
3832,F,0.8957993798360125,1.0089332379193678,false,0,NaN
3833,F,0.8959828214028,1.0017601347938658,false,0,NaN
3834,F,0.8960745421861935,1.0000682411975637,false,0,NaN
3835,F,0.8956106626925259,1.021449725460715,false,0,NaN
3836,F,0.8962116814016202,1.0032707844732545,false,0,NaN
3837,F,0.8958884446734708,1.0048559726385615,false,0,NaN
3838,F,0.8960382026783741,1.0002116515450277,false,0,NaN
3839,F,0.8960273356641716,1.0007378445340047,false,0,NaN
3840,F,0.896064992734527,1.0001584098880492,false,0,NaN
3841,F,0.8960967811599786,0.9997005008554161,true,0,NaN
3842,F,0.8958180260082406,1.0104143003074828,false,0,NaN
3843,F,0.8961197729101028,0.9995966683938601,true,0,NaN
3844,F,0.8959574035841096,1.0028893747484946,false,0,NaN
3845,F,0.8960270923720441,1.000922647506331,false,0,NaN
3846,F,0.8960619367660113,1.0004891422690023,false,0,NaN
3847,F,0.8960876838593946,0.9997571476413676,true,0,NaN
3848,F,0.89596002701879,1.0018889552680081,false,0,NaN
3849,F,0.8960168435646607,0.9999734802137068,true,0,NaN
3850,F,0.8960007521700339,1.0010433503905132,false,0,NaN
3851,F,0.8960317227419755,1.0000007955328218,true,0,NaN
3852,F,0.8960087978673473,1.0004465982826982,false,0,NaN
3853,F,0.8960128207160041,1.0000524430970814,false,0,NaN
3854,F,0.8960148321403324,1.000005201075068,false,0,NaN
3855,F,0.8960007529673041,1.0010433235184628,false,0,NaN
3856,F,0.8960016348032426,1.0004092864603757,false,0,NaN
3857,F,0.8960085236030141,1.000420937314783,false,0,NaN
3858,F,0.8960088906201036,1.0001670606836288,false,0,NaN
3859,F,0.8960124089208713,1.0000666299987733,false,0,NaN
3860,F,0.8960124821003116,1.000068036373363,false,0,NaN
3861,F,0.8960143515798047,1.000021398340035,false,0,NaN
3862,F,0.896014389304455,1.0000219895894924,false,0,NaN
3863,F,0.8960153229092807,0.99999999285915,true,0,NaN
3864,F,0.8960153439291884,0.9999993803239993,true,0,NaN
3865,F,0.8916222401578154,NaN,false,-300,NaN
3866,F,0.8938187892473168,NaN,false,-300,NaN
3867,F,0.894917063792076,1.218801239724821,false,0,NaN
3868,F,0.9007428944911279,1.271708623774547,false,0,NaN
3869,F,0.8954662010644725,1.0520653445282993,false,0,NaN
3870,F,0.8968525123758467,1.0223972136993227,false,0,NaN
3871,F,0.8957407697007044,1.0168053976000004,false,0,NaN
3872,F,0.8961882476684118,1.0031371443152537,false,0,NaN
3873,F,0.8958780540188878,1.0066943959323171,false,0,NaN
3874,F,0.8960563158836102,1.00065331898658,false,0,NaN
3875,F,0.8959466961781143,1.0025926996483145,false,0,NaN
3876,F,0.8960157460453019,1.000836358870194,false,0,NaN
3877,F,0.8959981777984779,1.0013084629334226,false,0,NaN
3878,F,0.8960330335061691,1.0000137516916092,false,0,NaN
3879,F,0.8960131932808363,1.0011710201780213,false,0,NaN
3880,F,0.8960152044542912,0.999999612779155,true,0,NaN
3881,F,0.8960091011235721,1.0013168665739767,false,0,NaN
3882,F,0.8960482124457154,0.9999978639091687,true,0,NaN
3883,F,0.8960121527889316,1.00071838022512,false,0,NaN
3884,F,0.8960316738020108,1.0003611048786516,false,0,NaN
3885,F,0.8960413755667026,1.0000108251176614,false,0,NaN
3886,F,0.8952592163578628,1.0896680968349197,false,0,NaN
3887,F,0.8891140526616991,1.463843647611918,false,0,NaN
3888,F,0.8881621648055313,1.3667536174764117,false,0,NaN
3889,F,0.8935552503990593,1.0897263163501407,false,0,NaN
3890,F,0.895795488714267,1.0095619023787465,false,0,NaN
3891,F,0.8959667813147805,1.002800558080368,false,0,NaN
3892,F,0.8959706758539386,1.0023190273490101,false,0,NaN
3893,F,0.8959795982108198,1.00146285148539,false,0,NaN
3894,F,0.8960171711889688,1.0003785273545756,false,0,NaN
3895,F,0.8959720011928143,1.0025079138858914,false,0,NaN
3896,F,0.8960369553417626,0.9999358664864533,true,0,NaN
3897,F,0.8956991298837479,1.0191438549043177,false,0,NaN
3898,F,0.8961711849142029,1.0107142878137092,false,0,NaN
3899,F,0.8958655267900218,1.0053658691106382,false,0,NaN
3900,F,0.8959989745804439,1.0017126073395226,false,0,NaN
3901,F,0.8959508471739193,1.0022448185834891,false,0,NaN
3902,F,0.8960075920288634,1.000525326236783,false,0,NaN
3903,F,0.8960139374698091,0.9998823092896552,true,0,NaN
3904,F,0.8960052768056846,1.0007574304259463,false,0,NaN
3905,F,0.8960229773862411,1.0000267033047954,false,0,NaN
3906,F,0.8960096071377469,1.0002909567107467,false,0,NaN
3907,F,0.8960117723037779,1.0000135884479893,false,0,NaN
3908,F,0.8960128548867935,0.9998969519936938,true,0,NaN
3909,F,0.8959955374130076,1.0007584773110296,false,0,NaN
3910,F,0.8912321942930529,1.2868124274389672,false,0,NaN
3911,F,0.8991258532219464,1.1135247637255903,false,0,NaN
3912,F,0.904595571017089,0.906918276824795,true,0,NaN
3913,F,0.8986208300089352,1.1168937871088853,false,0,NaN
3914,F,0.9059158374615809,0.870274436270345,true,0,NaN
3915,F,0.9016082005130122,0.9967110803403733,true,0,NaN
3916,F,0.9012801967384856,1.010333708969729,false,0,NaN
3917,F,0.901766062992331,1.0147380397893846,false,0,NaN
3918,F,0.9015231298654083,1.0124119039787278,false,0,NaN
3919,F,0.9014016633019469,1.0096548889730574,false,0,NaN
3920,F,0.9019129406393324,0.9995997398086784,true,0,NaN
3921,F,0.9043235649602746,0.9630054184042854,true,0,NaN
3922,F,0.9029751897067605,0.981798181086039,true,0,NaN
3923,F,0.9025019374453628,0.9829936564638748,true,0,NaN
3924,F,0.9020742536414221,0.9734403940064663,true,0,NaN
3925,F,0.901278742395674,0.984858202676654,true,0,NaN
3926,F,0.9010729956091883,0.9921545344596718,true,0,NaN
3927,F,0.9011758690024311,0.9877797572979019,true,0,NaN
3928,F,0.9012273056990525,0.985789698140929,true,0,NaN
3929,F,0.9011428856900222,0.9848971230081331,true,0,NaN
3930,F,0.9010639772951408,0.9868154720033991,true,0,NaN
3931,F,0.9011034314925814,0.9853751961021252,true,0,NaN
3932,F,0.9010641658491577,0.9859228067559177,true,0,NaN
3933,F,0.9007340169625004,1.0187546427432412,false,0,NaN
3934,F,0.9025181071793105,0.9901812032689644,true,0,NaN
3935,F,0.9009015925551516,1.0021644981577376,false,0,NaN
3936,F,0.9017868430214663,0.987857464765401,true,0,NaN
3937,F,0.9009853922421295,0.9918978386629373,true,0,NaN
3938,F,0.9013144083713668,0.9881969881352346,true,0,NaN
3939,F,0.9010272209561825,0.9879809375447001,true,0,NaN
3940,F,0.9009755178663077,0.9932770617829605,true,0,NaN
3941,F,0.9012628552245805,0.9891913617995858,true,0,NaN
3942,F,0.9010013490495683,0.9905914473543188,true,0,NaN
3943,F,0.901142981165453,0.9876682272897381,true,0,NaN
3944,F,0.9010142648752623,0.9879806481099573,true,0,NaN
3945,F,0.8990089933282679,1.210562299199838,false,0,NaN
3946,F,0.9009460959531295,0.99687772638307,true,0,NaN
3947,F,0.9009801804141958,0.9935562767782758,true,0,NaN
3948,F,0.900997222644729,0.9911993862540853,true,0,NaN
3949,F,0.9009461042834287,0.9968774867958334,true,0,NaN
3950,F,0.9014324972346566,0.9898087167717512,true,0,NaN
3951,F,0.9009801888911578,0.9935560386248777,true,0,NaN
3952,F,0.9012845481569941,0.989535542840711,true,0,NaN
3953,F,0.900997231195154,0.9911991302908614,true,0,NaN
3954,F,0.901172794283675,0.9886670223971987,true,0,NaN
3955,F,0.9010057523474152,0.9899221087443186,true,0,NaN
3956,F,0.9011115684615048,0.9886890010960262,true,0,NaN
3957,F,0.901010012924072,0.9894687795025553,true,0,NaN
3958,F,0.901012143213453,0.9883980745958676,true,0,NaN
3959,F,0.9010349198351308,0.9885668641731705,true,0,NaN
3960,F,0.9010132083602485,0.9879793982678493,true,0,NaN
3961,F,0.9010010307486729,0.9896347159844643,true,0,NaN
3962,F,0.9010908919608,0.9882868752537891,true,0,NaN
3963,F,0.9010071195143443,0.98950847976556,true,0,NaN
3964,F,0.9010101638977221,0.9890226398265974,true,0,NaN
3965,F,0.9010116860904952,0.9879858265550249,true,0,NaN
3966,F,0.9010039136936603,0.9881216692253048,true,0,NaN
3967,F,0.9011133165089973,0.9862581125524827,true,0,NaN
3968,F,0.9005266355881756,1.040433520394408,false,0,NaN
3969,F,0.9031175519235018,1.0373222841296847,false,0,NaN
3970,F,0.9008199760485864,1.0076088163266754,false,0,NaN
3971,F,0.9009666462787919,0.9925651882566782,true,0,NaN
3972,F,0.9010399813938945,0.9874874447551435,true,0,NaN
3973,F,0.9005266355881756,1.0404335203944077,false,0,NaN
3974,F,0.9036343400228081,0.9932383121651026,true,0,NaN
3975,F,0.9008199698592809,1.007608941893477,false,0,NaN
3976,F,0.9020600705984895,0.9898112483968898,true,0,NaN
3977,F,0.900966636994852,0.9925652732620941,true,0,NaN
3978,F,0.901347786135763,0.9876121097992738,true,0,NaN
3979,F,0.9010399705626742,0.9874874989342901,true,0,NaN
3980,F,0.9011253102376232,0.98685600929426,true,0,NaN
3981,F,0.9010766373466587,0.9855815543210565,true,0,NaN
3982,F,0.8962344189488071,1.0879269371902731,false,0,NaN
3983,F,0.8962362729431393,1.087629145059053,false,0,NaN
3984,F,0.898655012647308,1.0330944093834065,false,0,NaN
3985,F,0.898655873365458,1.0329604457414179,false,0,NaN
3986,F,0.8998654686533787,1.0086819790892554,false,0,NaN
3987,F,0.8998658871323341,1.0089191334782148,false,0,NaN
3988,F,0.9004709354178428,0.9972549779565754,true,0,NaN
3989,F,0.9004711468886379,0.9972427911903253,true,0,NaN
3990,F,0.9007737349847275,0.9908709138489972,true,0,NaN
3991,F,0.9007738308076637,0.9908651623973223,true,0,NaN
3992,F,0.9009251671921968,0.9881449540951429,true,0,NaN
3993,F,0.9009252136316969,0.988142078524127,true,0,NaN
3994,F,0.9010008925419528,0.9867916435936649,true,0,NaN
3995,F,0.901047804518174,0.9858012174523882,true,0,NaN
3996,F,0.9008065679397428,1.0051211168204697,false,0,NaN
3997,F,0.9018346781018751,0.9850376751291624,true,0,NaN
3998,F,0.9009271862289584,0.9950853811487564,true,0,NaN
3999,F,0.9009874953735661,0.9904201214042271,true,0,NaN
4000,F,0.9010176499458701,0.9877399356126163,true,0,NaN
4001,F,0.9008065679397428,1.00512111682047,false,0,NaN
4002,F,0.901842886424829,0.9898901072564422,true,0,NaN
4003,F,0.900928187106542,0.9950664107390726,true,0,NaN
4004,F,0.9014260205472693,0.9887057857071415,true,0,NaN
4005,F,0.9009889968039305,0.9903918228947571,true,0,NaN
4006,F,0.9012366446329219,0.9867464489864328,true,0,NaN
4007,F,0.9010194018806061,0.9877073333196571,true,0,NaN
4008,F,0.9011232008815668,0.986558367810567,true,0,NaN
4009,F,0.9010346048749368,0.9874008744697325,true,0,NaN
4010,F,0.9011224341924025,0.9866316807011863,true,0,NaN
4011,F,0.9010422072843273,0.9873923612533626,true,0,NaN
4012,F,0.9011298695822592,0.9867372978238276,true,0,NaN
4013,F,0.9010460103153907,0.9867210058819273,true,0,NaN
4014,F,0.901097551496193,0.9858832490727447,true,0,NaN
4015,F,0.9010488755535518,0.9857649020063084,true,0,NaN
4016,F,0.9010355892918592,0.988272760610503,true,0,NaN
4017,F,0.9011711310066804,0.9860143069449947,true,0,NaN
4018,F,0.9010422169749656,0.9872554684583821,true,0,NaN
4019,F,0.9010455352927716,0.9872175150277769,true,0,NaN
4020,F,0.9010472012719614,0.986252046416943,true,0,NaN
4021,F,0.9010480370956119,0.9862359552878286,true,0,NaN
4022,F,0.901048456044548,0.9857673835954902,true,0,NaN
4023,F,0.901046745083327,0.985796663870677,true,0,NaN
4024,F,0.9010459885024686,0.9858061020272701,true,0,NaN
4025,F,0.9010459294039951,0.985803154524176,true,0,NaN
4026,F,0.9010458922441216,0.9858036418071549,true,0,NaN
4027,F,0.9010458160322418,0.9858045654373186,true,0,NaN
4028,F,0.9010456489991839,0.9858064430208053,true,0,NaN
4029,F,0.9010453561465315,0.9858089576236658,true,0,NaN
4030,F,0.9010448956823655,0.9858123873165854,true,0,NaN
4031,F,0.9010438524282474,0.9858164027618244,true,0,NaN
4032,F,0.9010422694136437,0.9858158380899155,true,0,NaN
4033,F,0.9010394455240792,0.9857007882852572,true,0,NaN
4034,F,0.9010299733824636,0.9858939681705154,true,0,NaN
4035,F,0.9010347094532714,0.9857304705241554,true,0,NaN
4036,F,0.9007140589476693,0.9964297452868424,true,0,NaN
4037,F,0.9008743842004703,0.9906161085195893,true,0,NaN
4038,F,0.9009545468268708,0.9884680971006244,true,0,NaN
4039,F,0.9009946281400711,0.9875137231831255,true,0,NaN
4040,F,0.9010312111757135,0.985598273375865,true,0,NaN
4041,F,0.9000150818779235,1.0033316454171457,false,0,NaN
4042,F,0.9001494990961935,0.9994499836507065,true,0,NaN
4043,F,0.9005231428058652,0.9951400312664177,true,0,NaN
4044,F,0.9005954666028518,0.9933966065068264,true,0,NaN
4045,F,0.900777173279603,0.9907207113563399,true,0,NaN
4046,F,0.9008159990285807,0.989706918986796,true,0,NaN
4047,F,0.9009041885360058,0.9881930274344437,true,0,NaN
4048,F,0.9009238555141308,0.9880726557840593,true,0,NaN
4049,F,0.900967696203275,0.9870310785238009,true,0,NaN
4050,F,0.9009785558650053,0.986862419910771,true,0,NaN
4051,F,0.9009994501150456,0.9864532373948532,true,0,NaN
4052,F,0.9010059298605697,0.9863517174332797,true,0,NaN
4053,F,0.9010153272272062,0.9861650884710013,true,0,NaN
4054,F,0.9010196228615333,0.9860975026793957,true,0,NaN
4055,F,0.9010272361555637,0.9856840487145392,true,0,NaN
4056,F,0.9010278862804857,0.985875204177198,true,0,NaN
4057,F,0.9010307139798653,0.9856026018574707,true,0,NaN
4058,F,0.9010266164113157,0.985675140129995,true,0,NaN
4059,F,0.901024554534403,0.9857106947452947,true,0,NaN
4060,F,0.9009000550390905,0.9870455585443498,true,0,NaN
4061,F,0.9009403419991642,0.9863156058867592,true,0,NaN
4062,F,0.8968630455622025,1.1094818596608398,false,0,NaN
4063,F,0.8984508282261001,1.08322871669721,false,0,NaN
4064,F,0.8989017440603636,1.0385948006311496,false,0,NaN
4065,F,0.8995757377532347,1.0250578843118534,false,0,NaN
4066,F,0.8999210936051317,1.0101269740057388,false,0,NaN
4067,F,0.9002280996593469,1.0029397560871158,false,0,NaN
4068,F,0.9004307689688925,0.9983894475775512,true,0,NaN
4069,F,0.9005864560650977,0.9945996202241005,true,0,NaN
4070,F,0.9006856078335383,0.9926326706122532,true,0,NaN
4071,F,0.9007670787934455,0.9905616189160886,true,0,NaN
4072,F,0.9008130296314881,0.9899652216215195,true,0,NaN
4073,F,0.9008601112318322,0.9888745810307926,true,0,NaN
4074,F,0.9008767452624857,0.9889022058246217,true,0,NaN
4075,F,0.9009101212311573,0.9880180456698111,true,0,NaN
4076,F,0.9009244787077155,0.9876039948002698,true,0,NaN
4077,F,0.9009411189392709,0.98693316993293,true,0,NaN
4078,F,0.9009383988399363,0.9863487566638633,true,0,NaN
4079,F,0.9009700305603633,0.9857707260918497,true,0,NaN
4080,F,0.9009844402150216,0.9854639331211958,true,0,NaN
4081,F,0.9009594389168855,0.9859179768384075,true,0,NaN
4082,F,0.9009719395659535,0.9856890316098654,true,0,NaN
4083,F,0.9009768644336077,0.9855977941437373,true,0,NaN
4084,F,0.9009697732972268,0.9857204441243312,true,0,NaN
4085,F,0.9009717255623589,0.9856847068207857,true,0,NaN
4086,F,0.9009592951116062,0.9875297953254377,true,0,NaN
4087,F,0.9010580403666575,0.9857578744812698,true,0,NaN
4088,F,0.9009655099563325,0.9874201255821833,true,0,NaN
4089,F,0.9010583806676593,0.9845669280672525,true,0,NaN
4090,F,0.9009686174356932,0.9874486549842051,true,0,NaN
4091,F,0.9010630105020705,0.9842419101966554,true,0,NaN
4092,F,0.9009701712893868,0.9868378472345596,true,0,NaN
4093,F,0.9009709484444068,0.9862214436065243,true,0,NaN
4094,F,0.9009713374794392,0.9857401963928035,true,0,NaN
4095,F,0.9009743320580345,0.9856318951321836,true,0,NaN
4096,F,0.900960705243847,0.98613158795768,true,0,NaN
4097,F,0.9009638643451371,0.98610376134746,true,0,NaN
4098,F,0.9009674965079337,0.985908546991558,true,0,NaN
4099,F,0.9009692454973985,0.9859873964106439,true,0,NaN
4100,F,0.9009708938993779,0.9856941853462665,true,0,NaN
4101,F,0.9009712877709584,0.9857111955753229,true,0,NaN
4102,F,0.9009725961299377,0.9856604000054331,true,0,NaN
4103,F,0.900975364190975,0.9856336569103342,true,0,NaN
4104,F,0.9009726272381664,0.9856597777038711,true,0,NaN
4105,F,0.9009829827717876,0.9857119948126112,true,0,NaN
4106,F,0.900977805004977,0.9856366415109007,true,0,NaN
4107,F,0.9009752161215717,0.9856378996233318,true,0,NaN
4108,F,0.900973921679869,0.985640865971691,true,0,NaN
4109,F,0.9009726771198716,0.9856585343858385,true,0,NaN
4110,F,0.9009978217370842,0.9863736825218199,true,0,NaN
4111,F,0.900972976664413,0.9856498689419602,true,0,NaN
4112,F,0.9009994584861304,0.9863860207644207,true,0,NaN
4113,F,0.9009862175752718,0.9864584114036358,true,0,NaN
4114,F,0.9009795971198423,0.9860724890361423,true,0,NaN
4115,F,0.9009762868921277,0.9860653008743978,true,0,NaN
4116,F,0.9009735042476711,0.9856579333124067,true,0,NaN
4117,F,0.9009748317524237,0.9858821406414238,true,0,NaN
4118,F,0.9009731781227924,0.9856479296485855,true,0,NaN
4119,F,0.9009735309104648,0.9856479673326387,true,0,NaN
4120,F,0.9009730150087187,0.9856493516404087,true,0,NaN
4121,F,0.90098170217943,0.9857330604704725,true,0,NaN
4122,F,0.9009731904972885,0.9856450506299946,true,0,NaN
4123,F,0.9009860642987128,0.9853958824013033,true,0,NaN
4124,F,0.9007003078947378,0.9908308215221501,true,0,NaN
4125,F,0.9009446928474352,0.9882046628019884,true,0,NaN
4126,F,0.9008429502647279,0.9882362819485953,true,0,NaN
4127,F,0.9009706699892609,0.9865956420758549,true,0,NaN
4128,F,0.9009142721293458,0.9874501348744631,true,0,NaN
4129,F,0.9010066401941931,0.986131564459664,true,0,NaN
4130,F,0.9009499344210138,0.9861633026878553,true,0,NaN
4131,F,0.9009844417330001,0.9859627423243259,true,0,NaN
4132,F,0.9009677682864727,0.9860081555071684,true,0,NaN
4133,F,0.9009952986302029,0.9864613483512834,true,0,NaN
4134,F,0.9009766906657224,0.9859918871340343,true,0,NaN
4135,F,0.9010034889127215,0.9863743078868418,true,0,NaN
4136,F,0.9009811628069644,0.9859226075163003,true,0,NaN
4137,F,0.9010048458012743,0.9864650981456188,true,0,NaN
4138,F,0.9009845892998468,0.9854461977492449,true,0,NaN
4139,F,0.9009868518267772,0.9857552289175094,true,0,NaN
4140,F,0.9009857840102622,0.9853991770840435,true,0,NaN
4141,F,0.9009852329735825,0.9854110645034748,true,0,NaN
4142,F,0.900985777305699,0.9854017016835279,true,0,NaN
4143,F,0.9009855032126698,0.9854048121183717,true,0,NaN
4144,F,0.9009857612494336,0.9854003469076819,true,0,NaN
4145,F,0.9009856394211042,0.9854016601547878,true,0,NaN
4146,F,0.9009905299102897,0.9853174218342331,true,0,NaN
4147,F,0.9009856448224413,0.9854015319467423,true,0,NaN
4148,F,0.9009903529715212,0.9859773949821565,true,0,NaN
4149,F,0.9009879988969812,0.9852453743895607,true,0,NaN
4150,F,0.9012702545005578,0.9814056549775341,true,0,NaN
4151,F,0.9011291266987694,0.9824707523095755,true,0,NaN
4152,F,0.9010585627978753,0.9835167856034593,true,0,NaN
4153,F,0.9009874915480528,0.9848098795148756,true,0,NaN
4154,F,0.9009661542321226,0.9839020315848288,true,0,NaN
4155,F,0.9008661451609907,0.985702942697873,true,0,NaN
4156,F,0.9008572109835407,0.9855609705323677,true,0,NaN
4157,F,0.9008519598409988,0.9856300560063778,true,0,NaN
4158,F,0.9008531287165967,0.9854351850633318,true,0,NaN
4159,F,0.9008583465281627,0.984788525642363,true,0,NaN
4160,F,0.9008371286990512,0.9851740888654585,true,0,NaN
4161,F,0.9008351390574344,0.9852072131386358,true,0,NaN
4162,F,0.9008285717204194,0.9864059701066324,true,0,NaN
4163,F,0.9008898721855859,0.9857248057244615,true,0,NaN
4164,F,0.9008318240481281,0.9858756359122366,true,0,NaN
4165,F,0.9008660044104212,0.9859820719850846,true,0,NaN
4166,F,0.9008334505308319,0.985228007589122,true,0,NaN
4167,F,0.9008346990986285,0.986045575989089,true,0,NaN
4168,F,0.9008337593641358,0.9852465572213239,true,0,NaN
4169,F,0.9008336049474839,0.9852228404462576,true,0,NaN
4170,F,0.9008329496232822,0.9852250485595763,true,0,NaN
4171,F,0.9008295089546317,0.9852675315179413,true,0,NaN
4172,F,0.9014624641170629,1.1061591963773272,false,0,NaN
4173,F,0.9008298881657195,0.9852512184643558,true,0,NaN
4174,F,0.900881538609112,0.9890735671401261,true,0,NaN
4175,F,0.9008557133874158,0.9872855114647474,true,0,NaN
4176,F,0.9008428007765676,0.9861121152585312,true,0,NaN
4177,F,0.9008363444711436,0.9855097637658943,true,0,NaN
4178,F,0.9008252920277154,0.9853375595768784,true,0,NaN
4179,F,0.9008253440914815,0.9853383765143341,true,0,NaN
4180,F,0.9008247850047219,0.985333715664017,true,0,NaN
4181,F,0.9008199965990368,0.9854542952148245,true,0,NaN
4182,F,0.9008223989720718,0.985236437043689,true,0,NaN
4183,F,0.9007782545615962,0.9869077244223347,true,0,NaN
4184,F,0.900800326766834,0.9861631504809855,true,0,NaN
4185,F,0.900811362869453,0.9859084335119871,true,0,NaN
4186,F,0.9008168809207624,0.985504224414912,true,0,NaN
4187,F,0.9008184624390488,0.9852791283000255,true,0,NaN
4188,F,0.9008050137442836,0.9857156172360543,true,0,NaN
4189,F,0.9008283116540873,0.9855415936469066,true,0,NaN
4190,F,0.9008118271379953,0.9853643481437614,true,0,NaN
4191,F,0.9007235811525693,0.9886753976007309,true,0,NaN
4192,F,0.9008076990087868,0.9858805812239857,true,0,NaN
4193,F,0.900809763073391,0.9854026825499052,true,0,NaN
4194,F,0.9008107951056932,0.9853740956353237,true,0,NaN
4195,F,0.9007635391992066,0.9864764930084232,true,0,NaN
4196,F,0.9007871671524499,0.9859359283727444,true,0,NaN
4197,F,0.9007989811290715,0.9862025039540525,true,0,NaN
4198,F,0.9008048881173824,0.9859012792844929,true,0,NaN
4199,F,0.9008092630400076,0.9853958165564619,true,0,NaN
4200,F,0.9007965829661018,0.9861932872174167,true,0,NaN
4201,F,0.9008076178056896,0.9854164821053845,true,0,NaN
4202,F,0.9007955486979338,0.9857083491607687,true,0,NaN
4203,F,0.9008015832518117,0.9855060905769495,true,0,NaN
4204,F,0.9007966178721486,0.9856877795760116,true,0,NaN
4205,F,0.90080112629067,0.9856015356250465,true,0,NaN
4206,F,0.9004384341110169,0.9916046313949415,true,0,NaN
4207,F,0.9004696642589546,0.9911793699257904,true,0,NaN
4208,F,0.9006197554250712,0.9885646107170689,true,0,NaN
4209,F,0.9006351704274557,0.9884094414550085,true,0,NaN
4210,F,0.9007104161131928,0.9872488334663706,true,0,NaN
4211,F,0.9007189856280823,0.9866207220564523,true,0,NaN
4212,F,0.9006414132589486,0.9881057772997908,true,0,NaN
4213,F,0.9006836982007523,0.9870645056741824,true,0,NaN
4214,F,0.9006596634593078,0.9911569399040985,true,0,NaN
4215,F,0.9008689456300814,0.9888377283942831,true,0,NaN
4216,F,0.9006716788830866,0.9893879634073408,true,0,NaN
4217,F,0.9007904955414191,0.9876903036720754,true,0,NaN
4218,F,0.9006776866350896,0.9891057496637408,true,0,NaN
4219,F,0.9006806905913226,0.9876909534177095,true,0,NaN
4220,F,0.9006821927299398,0.9875388078734418,true,0,NaN
4221,F,0.90068294412055,0.9870645101975607,true,0,NaN
4222,F,0.9006776269110557,0.9893881495928087,true,0,NaN
4223,F,0.9006802855151604,0.9880159188990204,true,0,NaN
4224,F,0.9006816148199656,0.9875386201952474,true,0,NaN
4225,F,0.9006822794778739,0.9875386816715285,true,0,NaN
4226,F,0.9006826118178404,0.9870644911826069,true,0,NaN
4227,F,0.9006924093195898,0.9868802392934427,true,0,NaN
4228,F,0.9007202402456516,0.9863576679046692,true,0,NaN
4229,F,0.9007541388307565,0.9857225026881874,true,0,NaN
4230,F,0.9007767947108175,0.9852985049875713,true,0,NaN
4231,F,0.9007845400338764,0.9851528107655352,true,0,NaN
4232,F,0.9007851548071913,0.9851408659580138,true,0,NaN
4233,F,0.9007855096788433,0.985133231666098,true,0,NaN
4234,F,0.9007852567382373,0.9851350767325029,true,0,NaN
4235,F,0.9007853966030414,0.9851322640869375,true,0,NaN
4236,F,0.90078542690602,0.985131282281054,true,0,NaN
4237,F,0.9007854314948047,0.9851299709158503,true,0,NaN
4238,F,0.9007852600209173,0.9851303341501941,true,0,NaN
4239,F,0.9007848882706907,0.9851300524219898,true,0,NaN
4240,F,0.9007839117577238,0.9854464767336912,true,0,NaN
4241,F,0.9007844000142072,0.9851116561507053,true,0,NaN
4242,F,0.9007754658705601,0.9851520128816197,true,0,NaN
4243,F,0.9007575041420736,0.9854693458709961,true,0,NaN
4244,F,0.9007575680585036,0.985468087078925,true,0,NaN
4245,F,0.90075772694585,0.9854649778741598,true,0,NaN
4246,F,0.9007577765227643,0.9854640102750791,true,0,NaN
4247,F,0.9007578995671914,0.9854616162387978,true,0,NaN
4248,F,0.9007582014731044,0.9854557781934616,true,0,NaN
4249,F,0.9007582953680734,0.9854539675096993,true,0,NaN
4250,F,0.9007585269601386,0.9854495156863575,true,0,NaN
4251,F,0.9007585990197292,0.9854481326833532,true,0,NaN
4252,F,0.900758777271386,0.9854447180171616,true,0,NaN
4253,F,0.9007588327921331,0.9854436554919909,true,0,NaN
4254,F,0.900758970427894,0.985441024623913,true,0,NaN
4255,F,0.9007590133333839,0.9854402050421894,true,0,NaN
4256,F,0.9007591198874407,0.9854381712599352,true,0,NaN
4257,F,0.9007593819205723,0.9854331785270014,true,0,NaN
4258,F,0.9007594633914885,0.9854316275654613,true,0,NaN
4259,F,0.9007596646397503,0.9854278004445186,true,0,NaN
4260,F,0.9007597272363693,0.9854266106908773,true,0,NaN
4261,F,0.9007598853842315,0.9854236089374273,true,0,NaN
4262,F,0.9007602629862437,0.9854164467828314,true,0,NaN
4263,F,0.9007611501486218,0.9853996584145652,true,0,NaN
4264,F,0.9007630682955687,0.9853634618111584,true,0,NaN
4265,F,0.9007665625318072,0.9852976479678613,true,0,NaN
4266,F,0.9007711943988809,0.9852103397748934,true,0,NaN
4267,F,0.9007748310414708,0.9851411055256172,true,0,NaN
4268,F,0.9007733283031968,0.985636656676441,true,0,NaN
4269,F,0.9007740796723338,0.9853736833009177,true,0,NaN
4270,F,0.9007744553569023,0.9851477059041487,true,0,NaN
4271,F,0.9007754997774196,0.9851251532810891,true,0,NaN
4272,F,0.9007755615655656,0.9852620997585152,true,0,NaN
4273,F,0.9007755306714926,0.9851227641489195,true,0,NaN
4274,F,0.9007738889267713,0.9851356425362168,true,0,NaN
4275,F,0.9007731552769414,0.9848395205502052,true,0,NaN
4276,F,0.9007570180857541,0.9850733108432446,true,0,NaN
4277,F,0.9007466996534432,0.9851503009359988,true,0,NaN
4278,F,0.9006906919325495,0.9843566297813694,true,0,NaN
4279,F,0.9006497320035718,0.9841502250260675,true,0,NaN
4280,F,0.899276302246555,1.0118946535240878,false,0,NaN
4281,F,0.9005391437716805,0.9863798830794338,true,0,NaN
4282,F,0.8999630171250633,0.9975430323732487,true,0,NaN
4283,F,0.9003063745643176,0.9904620987821368,true,0,NaN
4284,F,0.9004780532839447,0.9870661658891765,true,0,NaN
4285,F,0.9005996078581101,0.9844494308386982,true,0,NaN
4286,F,0.9005868841895186,0.9839396711791889,true,0,NaN
4287,F,0.9005630551303302,0.9841112544544333,true,0,NaN
4288,F,0.9005281800742113,0.9839463800352016,true,0,NaN
4289,F,0.8998540968869013,0.9971791890110548,true,0,NaN
4290,F,0.9001476033533954,0.9965178709758519,true,0,NaN
4291,F,0.900182986012301,0.9901664806719689,true,0,NaN
4292,F,0.9003209532443535,0.9900493788035148,true,0,NaN
4293,F,0.9003487829800411,0.9872490395253832,true,0,NaN
4294,F,0.9004220382146311,0.9885067798139585,true,0,NaN
4295,F,0.9004333963630973,0.9855297999926613,true,0,NaN
4296,F,0.900396280929492,0.9858449060683355,true,0,NaN
4297,F,0.900429643632914,1.558948502414922,false,0,NaN
4298,F,0.9003964048937756,0.9857768257336093,true,0,NaN
4299,F,0.9019325392646398,0.9736588042049076,true,0,NaN
4300,F,0.9011644720792077,0.9752394236598183,true,0,NaN
4301,F,0.9007804384864916,0.9785645708749913,true,0,NaN
4302,F,0.9005884216901336,0.9819174317720579,true,0,NaN
4303,F,0.9003732093095913,0.9861645591137327,true,0,NaN
4304,F,0.9004360838491823,0.9851401840581974,true,0,NaN
4305,F,0.9003761798402821,0.9860706731602876,true,0,NaN
4306,F,0.9004474941910758,0.9839014683938231,true,0,NaN
4307,F,0.9002877176069243,0.9861520254494764,true,0,NaN
4308,F,0.9003784644565519,0.9847846067786674,true,0,NaN
4309,F,0.9003330910317381,0.9853168017258517,true,0,NaN
4310,F,0.900388869810978,0.9844434789210467,true,0,NaN
4311,F,0.900360980421358,0.9850018012281477,true,0,NaN
4312,F,0.9003470357265481,0.9850987615626343,true,0,NaN
4313,F,0.9003400633791431,0.9852396320124485,true,0,NaN
4314,F,0.900388869810978,0.9844434789210467,true,0,NaN
4315,F,0.9004007351464359,0.9848018200069454,true,0,NaN
4316,F,0.9003609800018384,0.9850018015714845,true,0,NaN
4317,F,0.900372628573717,0.985365639156143,true,0,NaN
4318,F,0.9003470350972687,0.9850987617496432,true,0,NaN
4319,F,0.9003500150901462,0.9850599805474208,true,0,NaN
4320,F,0.9003400626449837,0.9852396321245142,true,0,NaN
4321,F,0.90034304904039,0.985199574867269,true,0,NaN
4322,F,0.9003365764188409,0.9852464571764326,true,0,NaN
4323,F,0.9002774153261874,0.988899685076573,true,0,NaN
4324,F,0.9004499451818561,0.9867184918188238,true,0,NaN
4325,F,0.900306961587801,0.9858062669078884,true,0,NaN
4326,F,0.9003336587361007,0.9851115314374609,true,0,NaN
4327,F,0.8998890718404136,1.0033660395008495,false,0,NaN
4328,F,0.9004511115194092,1.0110778404029106,false,0,NaN
4329,F,0.9001113652882571,0.9906468107378449,true,0,NaN
4330,F,0.900281810807369,0.9900613768342579,true,0,NaN
4331,F,0.900222512012179,0.987511267684345,true,0,NaN
4332,F,0.9002964093388375,0.985785448806539,true,0,NaN
4333,F,0.9003808941646778,0.9840832441389123,true,0,NaN
4334,F,0.9003474670367242,0.9847008852381625,true,0,NaN
4335,F,0.9003778034148361,0.9840881586958199,true,0,NaN
4336,F,0.9003770112991455,0.9837659026746668,true,0,NaN
4337,F,0.9003594191523165,0.9840725595393105,true,0,NaN
4338,F,0.9003576468339883,0.9838168879860403,true,0,NaN
4339,F,0.900219131408484,0.9866362634212421,true,0,NaN
4340,F,0.9002883891212361,0.9852078193885884,true,0,NaN
4341,F,0.9003230179776123,0.9843922801718457,true,0,NaN
4342,F,0.9003421240077643,0.9839760380188776,true,0,NaN
4343,F,0.9003214761437187,0.9831272171841543,true,0,NaN
4344,F,0.9000865768738463,0.983044767993029,true,0,NaN
4345,F,0.8999811549275043,0.9859311713985949,true,0,NaN
4346,F,0.9000996332041308,0.9845058491624077,true,0,NaN
4347,F,0.9000403940658175,0.9850402603060933,true,0,NaN
4348,F,0.9000107744966609,0.9856108620997911,true,0,NaN
4349,F,0.8999959647120827,0.985796545412681,true,0,NaN
4350,F,0.9000996332041308,0.9845058491624079,true,0,NaN
4351,F,0.9001560808085017,0.9832786815300784,true,0,NaN
4352,F,0.9000403933662721,0.985040262903932,true,0,NaN
4353,F,0.9000604411702999,0.9846021296632359,true,0,NaN
4354,F,0.9000107734473426,0.9856108637481935,true,0,NaN
4355,F,0.9000265376767016,0.985265834947498,true,0,NaN
4356,F,0.8999959634878777,0.9857965463195497,true,0,NaN
4357,F,0.9000050165759981,0.9855983114469784,true,0,NaN
4358,F,0.8999885585081447,0.9859610681553738,true,0,NaN
4359,F,0.8999975439283566,0.9857642383607349,true,0,NaN
4360,F,0.8999848560182774,0.9858474099569302,true,0,NaN
4361,F,0.9001028630779763,0.9835488574830569,true,0,NaN
4362,F,0.9001170228741703,0.983286563043901,true,0,NaN
4363,F,0.9001099429760733,0.983487762551823,true,0,NaN
4364,F,0.9001064030270248,0.983567015125118,true,0,NaN
4365,F,0.9001046330525005,0.9835070314295422,true,0,NaN
4366,F,0.9001138372923915,0.9833469593286754,true,0,NaN
4367,F,0.900109235172446,0.9834611395674536,true,0,NaN
4368,F,0.9001069341124732,0.9835358713008423,true,0,NaN
4369,F,0.9001057835824869,0.9835734350890454,true,0,NaN
4370,F,0.9001071156860954,0.9835300265996466,true,0,NaN
4371,F,0.9001118935448036,0.9834225295992641,true,0,NaN
4372,F,0.9001058738553327,0.9835702934940556,true,0,NaN
4373,F,0.9001105796981133,0.9834641471377337,true,0,NaN
4374,F,0.9001052529399225,0.9835912945836546,true,0,NaN
4375,F,0.9001099615682813,0.9834849441333385,true,0,NaN
4376,F,0.9001049424821594,0.9834978323599802,true,0,NaN
4377,F,0.9001132632132359,0.9831487909455843,true,0,NaN
4378,F,0.9001158997624682,0.9832082545125046,true,0,NaN
4379,F,0.9001145814878521,0.9832287578462082,true,0,NaN
4380,F,0.900113922350544,0.9832545596849095,true,0,NaN
4381,F,0.90011359278189,0.9832639131050491,true,0,NaN
4382,F,0.9001158997624682,0.9832082545125044,true,0,NaN
4383,F,0.9001222699291308,0.9830682798358219,true,0,NaN
4384,F,0.9001145810632564,0.9832287592671725,true,0,NaN
4385,F,0.900120052195172,0.9831079282462992,true,0,NaN
4386,F,0.90011392171365,0.9832545607836638,true,0,NaN
4387,F,0.9001196509027038,0.9831277218547545,true,0,NaN
4388,F,0.900113592038846,0.9832639139144733,true,0,NaN
4389,F,0.9001192888191867,0.9831376899996909,true,0,NaN
4390,F,0.9001134272014425,0.9832678991165406,true,0,NaN
4391,F,0.9001190763164494,0.9831426809055315,true,0,NaN
4392,F,0.9001133447827376,0.9832708502902743,true,0,NaN
4393,F,0.9001190136855982,0.983145135578619,true,0,NaN
4394,F,0.9001133035733789,0.983148023363019,true,0,NaN
4395,F,0.9001133258968376,0.9831475327333864,true,0,NaN
4396,F,0.9001132726663165,0.983148476636069,true,0,NaN
4397,F,0.900111607041082,0.9831373102863414,true,0,NaN
4398,F,0.9001020827728882,0.9864414483854219,true,0,NaN
4399,F,0.9001104820674155,0.9837420333666848,true,0,NaN
4400,F,0.9001110445542487,0.9831411351335094,true,0,NaN
4401,F,0.9001119990291914,0.983934246808377,true,0,NaN
4402,F,0.90011152179172,0.9838114523519873,true,0,NaN
4403,F,0.9001112831729844,0.9833784957506724,true,0,NaN
4404,F,0.9001111638636166,0.9832681524417775,true,0,NaN
4405,F,0.9001107685090878,0.9832694543262087,true,0,NaN
4406,F,0.9001135336173224,0.9832137131714968,true,0,NaN
4407,F,0.9001107453030065,0.9831472811344059,true,0,NaN
4408,F,0.9001093740671724,0.9840594014834034,true,0,NaN
4409,F,0.9001106317595899,0.9831492157061122,true,0,NaN
4410,F,0.9001094012817252,0.9831763186747402,true,0,NaN
4411,F,0.9001100165206576,0.9831604566671236,true,0,NaN
4412,F,0.9001105598627245,0.9831479611418379,true,0,NaN
4413,F,0.9001074475922983,0.9843832294598869,true,0,NaN
4414,F,0.9001631087861344,0.983751494882034,true,0,NaN
4415,F,0.9001089489608165,0.9843837675654951,true,0,NaN
4416,F,0.9001646342924421,0.9837038958315617,true,0,NaN
4417,F,0.9001097048526017,0.9838442856412158,true,0,NaN
4418,F,0.9001410863519529,0.9836819713329252,true,0,NaN
4419,F,0.9001100938935908,0.9835998777391397,true,0,NaN
4420,F,0.9001103026096334,0.9831742711964355,true,0,NaN
4421,F,0.9001114997702678,0.9833616920661726,true,0,NaN
4422,F,0.9001104108173253,0.9831515453307194,true,0,NaN
4423,F,0.9001090044828064,0.9831831561515526,true,0,NaN
4424,F,0.9001092461999658,0.9831805098512661,true,0,NaN
4425,F,0.9001096369145043,0.9831667855512858,true,0,NaN
4426,F,0.9001096615431655,0.983165782632464,true,0,NaN
4427,F,0.9001097536245034,0.9831631155686485,true,0,NaN
4428,F,0.9001096228563159,0.983165464415387,true,0,NaN
4429,F,0.9001097217567805,0.9831632689591245,true,0,NaN
4430,F,0.9001096835519506,0.9831638029823139,true,0,NaN
4431,F,0.9001096445590546,0.9831643175403525,true,0,NaN
4432,F,0.9001095799626099,0.9831650633749975,true,0,NaN
4433,F,0.9001094497989371,0.98316632206285,true,0,NaN
4434,F,0.9001093961553049,0.9831669259388707,true,0,NaN
4435,F,0.9001092932718675,0.9831677501416197,true,0,NaN
4436,F,0.9001092669311941,0.9831678922265297,true,0,NaN
4437,F,0.9001093185096058,0.9831657194363377,true,0,NaN
4438,F,0.9001093695668059,0.9831630962929769,true,0,NaN
4439,F,0.9001096859275176,0.9831561702375681,true,0,NaN
4440,F,0.9001092857716843,0.9831644406357365,true,0,NaN
4441,F,0.9001093338955103,0.983163392483012,true,0,NaN
4442,F,0.9001093949513833,0.9831620563690284,true,0,NaN
4443,F,0.9001093817637124,0.9831623055553833,true,0,NaN
4444,F,0.9001094019444106,0.9831618332418297,true,0,NaN
4445,F,0.9001094064075033,0.9831616305708796,true,0,NaN
4446,F,0.9001082668799966,0.9831854038729559,true,0,NaN
4447,F,0.9001090736363215,0.9831676386637184,true,0,NaN
4448,F,0.9001092542447711,0.9831621742656963,true,0,NaN
4449,F,0.9001080845583512,0.9831827580716472,true,0,NaN
4450,F,0.9001084298218228,0.9831669180341076,true,0,NaN
4451,F,0.9000990670189474,0.9863131886031422,true,0,NaN
4452,F,0.900246218089699,0.9837121620911038,true,0,NaN
4453,F,0.9001037783314908,0.9859004958039679,true,0,NaN
4454,F,0.9001061339911128,0.9847856363881897,true,0,NaN
4455,F,0.9001073118276246,0.9842556660000256,true,0,NaN
4456,F,0.9001079007592827,0.9842666938047634,true,0,NaN
4457,F,0.9001081952519215,0.9842720422950184,true,0,NaN
4458,F,0.9001083425519032,0.9838787077959459,true,0,NaN
4459,F,0.9001084534065233,0.983167814482222,true,0,NaN
4460,F,0.9001082459130755,0.9831714141788391,true,0,NaN
4461,F,0.9001082167975442,0.9831687943788725,true,0,NaN
4462,F,0.9001028259368757,0.9849023191178168,true,0,NaN
4463,F,0.9001055213672099,0.9842793178770578,true,0,NaN
4464,F,0.900106869082377,0.9842792825888842,true,0,NaN
4465,F,0.9001075429399606,0.9842802335737056,true,0,NaN
4466,F,0.9001078798687524,0.9842502561526102,true,0,NaN
4467,F,0.9001080483331483,0.9831842248101995,true,0,NaN
4468,F,0.900108733533046,0.9832359625894028,true,0,NaN
4469,F,0.9001081325653462,0.9831693687002228,true,0,NaN
4470,F,0.9001082853104059,0.9831658088671625,true,0,NaN
4471,F,0.9001083254417804,0.9831643223849768,true,0,NaN
4472,F,0.9001082503077041,0.9831643793468073,true,0,NaN
4473,F,0.9001079778190479,0.9831663625365894,true,0,NaN
4474,F,0.8999799540070201,0.986223239824575,true,0,NaN
4475,F,0.900043965913034,0.9848179109285644,true,0,NaN
4476,F,0.9000759718660409,0.9835314343539562,true,0,NaN
4477,F,0.900009880555903,0.9855223536459541,true,0,NaN
4478,F,0.900042926210972,0.9841773234599577,true,0,NaN
4479,F,0.9000261067724147,0.9882889699541462,true,0,NaN
4480,F,0.9000345164916934,0.9869862508779411,true,0,NaN
4481,F,0.9000387213513327,0.98529096373293,true,0,NaN
4482,F,0.9000408237811524,0.984388219534386,true,0,NaN
4483,F,0.9000356163482175,0.9854351387723757,true,0,NaN
4484,F,0.9000385059013815,0.9853629841818247,true,0,NaN
4485,F,0.9000387415798252,0.9850123692240038,true,0,NaN
4486,F,0.9000405466241258,0.9849714202827365,true,0,NaN
4487,F,0.9000403041992485,0.9844121488731806,true,0,NaN
4488,F,0.9000408874195485,0.9843976606628502,true,0,NaN
4489,F,0.9000410855161992,0.9844572941129905,true,0,NaN
4490,F,0.9000416612276809,0.9844435868010432,true,0,NaN
4491,F,0.900041476189154,0.9839909804592533,true,0,NaN
4492,F,0.9000752804342315,0.9836777036178032,true,0,NaN
4493,F,0.9000497897903645,0.983790579282287,true,0,NaN
4494,F,0.9000257326956697,0.9871092017067289,true,0,NaN
4495,F,0.9000377612430172,0.9856360197789952,true,0,NaN
4496,F,0.9000437755166908,0.9851649544629797,true,0,NaN
4497,F,0.9000467826535277,0.9842202496338185,true,0,NaN
4498,F,0.9000349199231863,0.9866628984588887,true,0,NaN
4499,F,0.9001337371664666,0.9861932516248695,true,0,NaN
4500,F,0.9000423636617783,0.9851424739322696,true,0,NaN
4501,F,0.9000891758812097,0.9852350944378154,true,0,NaN
4502,F,0.9000460855310896,0.9842077964695404,true,0,NaN
4503,F,0.9000614902938323,0.9849687809300278,true,0,NaN
4504,F,0.9000479464657759,0.9842433341531946,true,0,NaN
4505,F,0.9000632266486059,0.9850081474237498,true,0,NaN
4506,F,0.9000488769331806,0.984261887842853,true,0,NaN
4507,F,0.9000641191406573,0.9850279901108019,true,0,NaN
4508,F,0.9000493421670059,0.9842716331492949,true,0,NaN
4509,F,0.9000645798997005,0.9850382077164044,true,0,NaN
4510,F,0.9000495747841645,0.9837881573367196,true,0,NaN
4511,F,0.9000239848438923,0.9874487630273137,true,0,NaN
4512,F,0.9000490762461726,0.984266720321937,true,0,NaN
4513,F,0.9000493255151686,0.9842716366663139,true,0,NaN
4514,F,0.9000494501496665,0.9842741341409226,true,0,NaN
4515,F,0.9000490382495527,0.9842669900610558,true,0,NaN
4516,F,0.9000673445894527,0.9849682325112661,true,0,NaN
4517,F,0.9000492871426408,0.9842718981728356,true,0,NaN
4518,F,0.9000675950871136,0.9849732551793945,true,0,NaN
4519,F,0.9000494115915586,0.9842743914360527,true,0,NaN
4520,F,0.9000494738207662,0.9837886482709448,true,0,NaN
4521,F,0.9000745577130648,0.9832663307510185,true,0,NaN
4522,F,0.90007697400014,0.9832136689132723,true,0,NaN
4523,F,0.9000762796499714,0.9833062048135033,true,0,NaN
4524,F,0.9000766268250557,0.9833306604709785,true,0,NaN
4525,F,0.9000768004125979,0.983207466552388,true,0,NaN
4526,F,0.9000699634916906,0.9833038109364468,true,0,NaN
4527,F,0.900063199861073,0.9832625767777167,true,0,NaN
4528,F,0.8998439804162963,1.0494110037124802,false,0,NaN
4529,F,0.9028490123175603,1.0403732866554432,false,0,NaN
4530,F,0.8999533722341219,0.9991848799862976,true,0,NaN
4531,F,0.9006767292194949,0.9909291151281128,true,0,NaN
4532,F,0.9000080713876412,0.9874437979104475,true,0,NaN
4533,F,0.9001980391851133,0.9860840155589542,true,0,NaN
4534,F,0.9000354274569842,0.9842811958342728,true,0,NaN
4535,F,0.900081714067979,0.9840586443862822,true,0,NaN
4536,F,0.9000491185038592,0.9835059121918684,true,0,NaN
4537,F,0.9000586641551467,0.9818089025156806,true,0,NaN
4538,F,0.8999940864313735,0.9831539595415335,true,0,NaN
4539,F,0.8944104137455366,1.1248703007039556,false,0,NaN
4540,F,0.894425641404906,1.1253393263725018,false,0,NaN
4541,F,0.897202250088455,1.0478803278985556,false,0,NaN
4542,F,0.8972092052370412,1.0480616596143428,false,0,NaN
4543,F,0.8985981682599142,1.014130758445472,false,0,NaN
4544,F,0.8986014969080446,1.0139535014027066,false,0,NaN
4545,F,0.8992961273456439,0.9982747693910036,true,0,NaN
4546,F,0.8992977521830599,0.9982306041878448,true,0,NaN
4547,F,0.8996451068885086,0.9906012766955123,true,0,NaN
4548,F,0.8996459071592748,0.9905789117294369,true,0,NaN
4549,F,0.899819596659941,0.9868267897928633,true,0,NaN
4550,F,0.8998199913353213,0.9868155732295926,true,0,NaN
4551,F,0.8999068415456573,0.9849549401654694,true,0,NaN
4552,F,0.8999070350769565,0.9849493946859063,true,0,NaN
4553,F,0.8999722752099444,0.9835577492310137,true,0,NaN
4554,F,0.8999974017918438,0.9830274898805933,true,0,NaN
4555,F,0.8999954228690898,0.9830517665332706,true,0,NaN
4556,F,0.8999776473175481,0.9855176262875902,true,0,NaN
4557,F,0.9000849263249293,0.9843120300695225,true,0,NaN
4558,F,0.8999865139868958,0.9847119644186844,true,0,NaN
4559,F,0.9000587411228893,0.9844999777634962,true,0,NaN
4560,F,0.8999909473910128,0.9841618608585532,true,0,NaN
4561,F,0.9000392417261317,0.9835904012690772,true,0,NaN
4562,F,0.8999931642319766,0.9836049712156418,true,0,NaN
4563,F,0.9000172312513522,0.983605681971131,true,0,NaN
4564,F,0.8999942729304216,0.9836022448404604,true,0,NaN
4565,F,0.8999948278367933,0.9831256892282983,true,0,NaN
4566,F,0.8999980439155311,0.9835285573019388,true,0,NaN
4567,F,0.8999951064141763,0.9830546193150552,true,0,NaN
4568,F,0.8999969614722325,0.9830184831333647,true,0,NaN
4569,F,0.8999952872651154,0.9830499570650892,true,0,NaN
4570,F,0.8999960678903964,0.9830356078145519,true,0,NaN
4571,F,0.8999956775777559,0.9830419841601675,true,0,NaN
4572,F,0.8999954824214357,0.983045370878792,true,0,NaN
4573,F,0.8999961681357305,0.9830261635746335,true,0,NaN
4574,F,0.8999825807203728,0.9851688453680416,true,0,NaN
4575,F,0.8999893744280517,0.9841626083558239,true,0,NaN
4576,F,0.899992771281891,0.983580420498802,true,0,NaN
4577,F,0.8999944697088108,0.9835793212580669,true,0,NaN
4578,F,0.8999879078212358,0.9847646359463145,true,0,NaN
4579,F,0.9000674654481371,0.982821923820761,true,0,NaN
4580,F,0.899992035704048,0.9835807376705726,true,0,NaN
4581,F,0.9000175391107768,0.9830290941529654,true,0,NaN
4582,F,0.8999940996484717,0.9835784608903053,true,0,NaN
4583,F,0.9000193336832053,0.9830378317344992,true,0,NaN
4584,F,0.8999951316267187,0.9830244375393535,true,0,NaN
4585,F,0.8999462905746842,0.9873630384081963,true,0,NaN
4586,F,0.8999874840798439,0.9841400511929784,true,0,NaN
4587,F,0.8999913078532813,0.9835898089710083,true,0,NaN
4588,F,0.89999321974,0.9835842772872984,true,0,NaN
4589,F,0.8999874685824646,0.9841405778756586,true,0,NaN
4590,F,0.9000357749829886,0.9831428244719147,true,0,NaN
4591,F,0.8999912909250541,0.9835902637919391,true,0,NaN
4592,F,0.9000157915866637,0.9830804926269247,true,0,NaN
4593,F,0.8999932021088658,0.9835846229618237,true,0,NaN
4594,F,0.9000176813523119,0.9830752296590607,true,0,NaN
4595,F,0.8999941577258067,0.9835821614028728,true,0,NaN
4596,F,0.899994635584359,0.9835737179983395,true,0,NaN
4597,F,0.8999948746138907,0.9830339800760759,true,0,NaN
4598,F,0.8999919168659024,0.9830915496705164,true,0,NaN
4599,F,0.899994012383071,0.983046203512638,true,0,NaN
4600,F,0.8999959089237975,0.9836933587615861,true,0,NaN
4601,F,0.8999949606534343,0.9835555644434419,true,0,NaN
4602,F,0.8999944865182526,0.9830559124791942,true,0,NaN
4603,F,0.8999942494506618,0.9830345168520016,true,0,NaN
4604,F,0.899993473712989,0.9831929303219317,true,0,NaN
4605,F,0.8999938615818254,0.9830477458225246,true,0,NaN
4606,F,0.8999930534117784,0.983057463187288,true,0,NaN
4607,F,0.8999937554543705,0.9830419695511589,true,0,NaN
4608,F,0.8999934518206383,0.9831658323622147,true,0,NaN
4609,F,0.8999936036375045,0.9830302272210959,true,0,NaN
4610,F,0.8999930663289942,0.9830281688673335,true,0,NaN
4611,F,0.8999910009293258,0.9830331263925415,true,0,NaN
4612,F,0.8999868570224122,0.9829263026430468,true,0,NaN
4613,F,0.8998431940354128,1.0103309133366412,false,0,NaN
4614,F,0.8999622593230809,0.9852754366002889,true,0,NaN
4615,F,0.8999745581727465,0.9840309929185528,true,0,NaN
4616,F,0.8999807075975794,0.9831856567887154,true,0,NaN
4617,F,0.8999622584899997,0.9852754340989952,true,0,NaN
4618,F,0.9000657099703704,0.9845773061280012,true,0,NaN
4619,F,0.8999745572536134,0.9840309898320021,true,0,NaN
4620,F,0.9000231576691017,0.9840277456422634,true,0,NaN
4621,F,0.8999807066354222,0.9831856548456072,true,0,NaN
4622,F,0.8999919027668545,0.9834808260341472,true,0,NaN
4623,F,0.8999837813263305,0.9830538824389385,true,0,NaN
4624,F,0.8999892856366412,0.9834725532994683,true,0,NaN
4625,F,0.8999853186717925,0.9829408194153816,true,0,NaN
4626,F,0.8999780308810955,0.9830926985429277,true,0,NaN
4627,F,0.8999791792989104,0.9830634105126511,true,0,NaN
4628,F,0.8999796294477778,0.9830412283797594,true,0,NaN
4629,F,0.8999566058785807,0.9847944191607727,true,0,NaN
4630,F,0.8999681176631792,0.9833373915366905,true,0,NaN
4631,F,0.8999738735554785,0.9832485690244268,true,0,NaN
4632,F,0.8999767515016281,0.9831149025267681,true,0,NaN
4633,F,0.8999762785440539,0.9831287682285216,true,0,NaN
4634,F,0.8999778814958634,0.9830389351790823,true,0,NaN
4635,F,0.8999712456020357,0.9832962674261497,true,0,NaN
4636,F,0.8999745635489496,0.983174487295981,true,0,NaN
4637,F,0.8999762225224065,0.983177437451689,true,0,NaN
4638,F,0.899977052009135,0.9830534643377016,true,0,NaN
4639,F,0.8999739188396132,0.9830422458996472,true,0,NaN
4640,F,0.8999717809974613,0.983086777754409,true,0,NaN
4641,F,0.8999623243955808,0.9852910656947815,true,0,NaN
4642,F,0.90005688313416,0.9856987519845816,true,0,NaN
4643,F,0.899967032819852,0.9846356896011471,true,0,NaN
4644,F,0.9000334767199399,0.9841046557997988,true,0,NaN
4645,F,0.8999693871488976,0.9836998674450396,true,0,NaN
4646,F,0.8999956871519055,0.9837022937223001,true,0,NaN
4647,F,0.8999705645473419,0.9832388054002655,true,0,NaN
4648,F,0.8999770863973645,0.9841364697422108,true,0,NaN
4649,F,0.8999711537152223,0.9832021614138344,true,0,NaN
4650,F,0.8999761034531624,0.9836314177468849,true,0,NaN
4651,F,0.8999714491362989,0.983089263273679,true,0,NaN
4652,F,0.8999704764722732,0.9831202190056098,true,0,NaN
4653,F,0.8999709628042861,0.9831034620288063,true,0,NaN
4654,F,0.8999712059702925,0.983095128925362,true,0,NaN
4655,F,0.8999713275532957,0.9830911358827378,true,0,NaN
4656,F,0.8999717785101526,0.9830781040951311,true,0,NaN
4657,F,0.8999705035444302,0.9833375064270626,true,0,NaN
4658,F,0.8999711410272915,0.9830810622376435,true,0,NaN
4659,F,0.8999500822379,0.9840545802777968,true,0,NaN
4660,F,0.8999672905162394,0.9842205774632529,true,0,NaN
4661,F,0.8999606276777533,0.9838505723956693,true,0,NaN
4662,F,0.8999742357483543,0.9839762486299627,true,0,NaN
4663,F,0.8999659004456748,0.983696689769809,true,0,NaN
4664,F,0.8999685369256326,0.9831626270226608,true,0,NaN
4665,F,0.9004209269341976,0.97468170344408,true,0,NaN
4666,F,0.8999685549973058,0.9831611672567431,true,0,NaN
4667,F,0.9001157246218411,0.9811372013278833,true,0,NaN
4668,F,0.9000421398095735,0.9814043791639645,true,0,NaN
4669,F,0.8998902173999352,0.9846651880357571,true,0,NaN
4670,F,0.8999661786047544,0.9829784502480053,true,0,NaN
4671,F,0.899959488897368,0.9831111198412026,true,0,NaN
4672,F,0.8998335163044147,0.9896820897774742,true,0,NaN
4673,F,0.8998965026008913,0.9871177600899782,true,0,NaN
4674,F,0.8999279957491296,0.9849579712964165,true,0,NaN
4675,F,0.8999437423232488,0.9844004936578273,true,0,NaN
4676,F,0.8999414612225598,0.9845205633812479,true,0,NaN
4677,F,0.8999838484321453,0.9846608579446617,true,0,NaN
4678,F,0.8999504688351229,0.9830181897449914,true,0,NaN
4679,F,0.8999434978367674,0.9838761619247052,true,0,NaN
4680,F,0.8999469833359451,0.9830817535744468,true,0,NaN
4681,F,0.8999351243393157,0.9859419766767064,true,0,NaN
4682,F,0.8999410538376305,0.9846023579190832,true,0,NaN
4683,F,0.8999440185867877,0.9845139280347601,true,0,NaN
4684,F,0.8999455009613665,0.9843975311869001,true,0,NaN
4685,F,0.8999377235056646,0.9858508275212707,true,0,NaN
4686,F,0.9000641616713986,0.9832159571779466,true,0,NaN
4687,F,0.899942352822752,0.9845375531316021,true,0,NaN
4688,F,0.9000088432149693,0.9836337454199301,true,0,NaN
4689,F,0.8999446674813005,0.9845103819891142,true,0,NaN
4690,F,0.9000100796132112,0.9831132613390783,true,0,NaN
4691,F,0.8999458248105844,0.9843907954147356,true,0,NaN
4692,F,0.9000058318384291,0.9831186376383853,true,0,NaN
4693,F,0.8999464034752453,0.9838157080935552,true,0,NaN
4694,F,0.8999800533888095,0.9836799838056652,true,0,NaN
4695,F,0.8999466928076142,0.9831616510534561,true,0,NaN
4696,F,0.8999503393747385,0.9832579420679397,true,0,NaN
4697,F,0.899946837473875,0.9830825043825326,true,0,NaN
4698,F,0.899946773306652,0.9830764362246787,true,0,NaN
4699,F,0.8999446263790574,0.9832625770140981,true,0,NaN
4700,F,0.8999518619970531,0.9831260466463154,true,0,NaN
4701,F,0.8999456945648157,0.9831089075258381,true,0,NaN
4702,F,0.8999469572921065,0.9830850531544894,true,0,NaN
4703,F,0.8999462286685714,0.983091087911442,true,0,NaN
4704,F,0.8999467984757619,0.9830802940054598,true,0,NaN
4705,F,0.8999464957479875,0.9830829403666186,true,0,NaN
4706,F,0.8999467487189952,0.9830780822120477,true,0,NaN
4707,F,0.8999466293061059,0.9830791756035409,true,0,NaN
4708,F,0.8999481754951904,0.9830428020011369,true,0,NaN
4709,F,0.8999480813684648,0.9830441107424587,true,0,NaN
4710,F,0.8999466261249266,0.9831895131082544,true,0,NaN
4711,F,0.8999473537466957,0.9830584958399765,true,0,NaN
4712,F,0.8999473125748667,0.9832152870487109,true,0,NaN
4713,F,0.8999473331607811,0.983167400396582,true,0,NaN
4714,F,0.8999473434537384,0.9831658224921761,true,0,NaN
4715,F,0.8999473486002171,0.9830589248859454,true,0,NaN
4716,F,0.8999473125748667,0.9832152870487109,true,0,NaN
4717,F,0.8999532809329626,0.9830419317313959,true,0,NaN
4718,F,0.8999473288305329,0.983167195508038,true,0,NaN
4719,F,0.8999514008519405,0.9830827987341021,true,0,NaN
4720,F,0.8999473369583684,0.9831658016733379,true,0,NaN
4721,F,0.899951273960709,0.9830886243339076,true,0,NaN
4722,F,0.899947341022291,0.9830589384499773,true,0,NaN
4723,F,0.8999473994033145,0.9830574265259708,true,0,NaN
4724,F,0.8999473430542619,0.9830579684928545,true,0,NaN
4725,F,0.8999443985672656,0.9831461188636357,true,0,NaN
4726,F,0.8999478239335865,0.9830791866570034,true,0,NaN
4727,F,0.8999458720632972,0.9831018988770035,true,0,NaN
4728,F,0.8999475803770852,0.9830689895002592,true,0,NaN
4729,F,0.8999466088116487,0.9830789899674318,true,0,NaN
4730,F,0.8999474275851024,0.9830632327411722,true,0,NaN
4731,F,0.8999469771864955,0.9830675421922361,true,0,NaN
4732,F,0.8999473514490848,0.9830603360188696,true,0,NaN
4733,F,0.8999471613752613,0.9830618990445278,true,0,NaN
4734,F,0.8999472212392635,0.9831602248096352,true,0,NaN
4735,F,0.8999471617806757,0.9830618226335316,true,0,NaN
4736,F,0.8999460910962366,0.9837267994591952,true,0,NaN
4737,F,0.8999466264384561,0.9831789174082073,true,0,NaN
4738,F,0.8999468941095659,0.983168315503473,true,0,NaN
4739,F,0.8999470279451208,0.9831698708584182,true,0,NaN
4740,F,0.8999471500506899,0.9830617862613056,true,0,NaN
4741,F,0.899946077177336,0.9837318521660896,true,0,NaN
4742,F,0.8999471120345002,0.9831703617556049,true,0,NaN
4743,F,0.899947131042595,0.983160266959379,true,0,NaN
4744,F,0.8999471405466425,0.9830619867702252,true,0,NaN
4745,F,0.899946844904931,0.9835784743574917,true,0,NaN
4746,F,0.8999469927257867,0.9830684667617711,true,0,NaN
4747,F,0.8999470666362146,0.9830626374235901,true,0,NaN
4748,F,0.8999471383227692,0.9830610572392372,true,0,NaN
4749,F,0.8999471438655555,0.9830609002844114,true,0,NaN
4750,F,0.8999471999738964,0.9830594894307054,true,0,NaN
4751,F,0.8999464552260372,0.9831087127840336,true,0,NaN
4752,F,0.8999487334052959,0.9830610859011362,true,0,NaN
4753,F,0.8999468254479321,0.9830838231650219,true,0,NaN
4754,F,0.8999479516762247,0.9830602846809747,true,0,NaN
4755,F,0.8999470107995331,0.983071385773342,true,0,NaN
4756,F,0.8999475613955487,0.9830598792280152,true,0,NaN
4757,F,0.899947103962188,0.9830651404924434,true,0,NaN
4758,F,0.8999473655116168,0.9830596746865934,true,0,NaN
4759,F,0.8999471511684269,0.9830619734747236,true,0,NaN
4760,F,0.8999472661402915,0.9830595699871033,true,0,NaN
4761,F,0.8999471750775225,0.9830604531433527,true,0,NaN
4762,F,0.8999472196840307,0.9830595181151678,true,0,NaN
4763,F,0.8999471871813665,0.9830598114646991,true,0,NaN
4764,F,0.899947202088475,0.9830594968705376,true,0,NaN
4765,F,0.8999471964259619,0.9830595171292469,true,0,NaN
4766,F,0.899946917892309,0.9830642093646894,true,0,NaN
4767,F,0.8999466028141944,0.9830607762151741,true,0,NaN
4768,F,0.8999461493546239,0.9830679405961101,true,0,NaN
4769,F,0.8999448837479891,0.9828527062742699,true,0,NaN
4770,F,0.8999153595960938,0.9832972079707333,true,0,NaN
4771,F,0.899823246438322,0.9848063058020832,true,0,NaN
4772,F,0.8998984987860272,0.9833517043019105,true,0,NaN
4773,F,0.8998608726121746,0.9839952542685481,true,0,NaN
4774,F,0.899902488988529,0.9833248824170578,true,0,NaN
4775,F,0.8998816808003518,0.9837074707382953,true,0,NaN
4776,F,0.8998712767062632,0.9839545051711043,true,0,NaN
4777,F,0.8998660746592189,0.983879376016744,true,0,NaN
4778,F,0.8999026096447693,0.9833208350114215,true,0,NaN
4779,F,0.8998843421519941,0.9836485388091494,true,0,NaN
4780,F,0.8998752084056064,0.9838626284937902,true,0,NaN
4781,F,0.8998706415324127,0.9839688128480711,true,0,NaN
4782,F,0.8998766819901343,0.983818338997526,true,0,NaN
4783,F,0.8998845817046516,0.983661783004486,true,0,NaN
4784,F,0.899871401539492,0.9839518173813139,true,0,NaN
4785,F,0.8998800094323961,0.9838135888974976,true,0,NaN
4786,F,0.8998687613141236,0.9839199723169976,true,0,NaN
4787,F,0.8998732856029341,0.9838195541627486,true,0,NaN
4788,F,0.8998674412013454,0.9838493908249075,true,0,NaN
4789,F,0.8999005186564052,0.983146538927342,true,0,NaN
4790,F,0.8999123626388164,0.9828917389499836,true,0,NaN
4791,F,0.8999051378967137,0.9830440150051665,true,0,NaN
4792,F,0.8998699015863143,0.9845109177284598,true,0,NaN
4793,F,0.8998875197415139,0.9840618943442736,true,0,NaN
4794,F,0.8998963288191139,0.9838800925329084,true,0,NaN
4795,F,0.8999007333579138,0.9831765499836125,true,0,NaN
4796,F,0.8998902506718309,0.9840059667834378,true,0,NaN
4797,F,0.8999200829968114,0.9833437163262909,true,0,NaN
4798,F,0.8998976921669931,0.9837944601061689,true,0,NaN
4799,F,0.8999247553809662,0.9832543669167478,true,0,NaN
4800,F,0.8999014129145827,0.9831231797587502,true,0,NaN
4801,F,0.8999015989213343,0.9831198502819015,true,0,NaN
4802,F,0.8999032732883945,0.9830816163884262,true,0,NaN
4803,F,0.8998955789206788,0.9838917483144595,true,0,NaN
4804,F,0.8998994550771678,0.9837832998062612,true,0,NaN
4805,F,0.8999013641827812,0.9832091695025328,true,0,NaN
4806,F,0.8999023187355878,0.9831012917356907,true,0,NaN
4807,F,0.8998998871284347,0.9831517338752438,true,0,NaN
4808,F,0.8998837567504127,0.98419525799399,true,0,NaN
4809,F,0.8999321149543879,0.9836759241344648,true,0,NaN
4810,F,0.8998918215083845,0.983981533839889,true,0,NaN
4811,F,0.8999302720030609,0.9831604600535704,true,0,NaN
4812,F,0.8998958538880925,0.9833449519783964,true,0,NaN
4813,F,0.8999048086160013,0.9831532512817983,true,0,NaN
4814,F,0.8998978700793903,0.9833253991300048,true,0,NaN
4815,F,0.8999059174561705,0.9831528638129378,true,0,NaN
4816,F,0.899898878177927,0.9832224317996406,true,0,NaN
4817,F,0.8999021543454249,0.9831515186688498,true,0,NaN
4818,F,0.8998993822329712,0.9832561280681358,true,0,NaN
4819,F,0.8999042191812672,0.9831523553101118,true,0,NaN
4820,F,0.899899634272046,0.9832497525773687,true,0,NaN
4821,F,0.8999041756604267,0.9831478488697081,true,0,NaN
4822,F,0.899899823382328,0.9831521460024757,true,0,NaN
4823,F,0.8998981333176145,0.9832204237716549,true,0,NaN
4824,F,0.8998997793182125,0.983152892375136,true,0,NaN
4825,F,0.8998571031392363,0.9857252571746649,true,0,NaN
4826,F,0.8998784412287244,0.9845004199958662,true,0,NaN
4827,F,0.8998891102734685,0.9838550262792793,true,0,NaN
4828,F,0.8998944447958405,0.9831927517094446,true,0,NaN
4829,F,0.8995968515251246,1.0035203951773102,false,0,NaN
4830,F,0.9005278333086961,0.9721154604858513,true,0,NaN
4831,F,0.8997456481604825,0.9910748815923894,true,0,NaN
4832,F,0.8998200464781615,0.9865933649775734,true,0,NaN
4833,F,0.899857245637001,0.9857810427625029,true,0,NaN
4834,F,0.8998811613940672,0.9838424117357956,true,0,NaN
4835,F,0.899898956919802,0.9834960624462769,true,0,NaN
4836,F,0.8998877911715516,0.9838217897970861,true,0,NaN
4837,F,0.899907556004134,0.9834366425713991,true,0,NaN
4838,F,0.89989110606044,0.983780676090082,true,0,NaN
4839,F,0.8999107551973934,0.9828442095680966,true,0,NaN
4840,F,0.8995613643974391,1.0112448211237801,false,0,NaN
4841,F,0.9010003378992069,0.9662338336102264,true,0,NaN
4842,F,0.8999071678087716,0.9834420150281896,true,0,NaN
4843,F,0.8999089615030825,0.9828754521384105,true,0,NaN
4844,F,0.8998913757046274,0.9832485863262616,true,0,NaN
4845,F,0.8998973927743407,0.9831196219458561,true,0,NaN
4846,F,0.8998249409151856,0.9943715577870983,true,0,NaN
4847,F,0.9003310942806585,0.987595397511965,true,0,NaN
4848,F,0.8998609497520585,0.9918187650371639,true,0,NaN
4849,F,0.9002522633676496,0.9842071755546264,true,0,NaN
4850,F,0.8998789613762619,0.9885474069070453,true,0,NaN
4851,F,0.9001231182412393,0.9847459220065906,true,0,NaN
4852,F,0.8998879755171757,0.9857997707026701,true,0,NaN
4853,F,0.9000085361933725,0.9845930360923676,true,0,NaN
4854,F,0.8998925010321158,0.9852805887664938,true,0,NaN
4855,F,0.8998948018608007,0.984238046203117,true,0,NaN
4856,F,0.8998959958567564,0.9836713779687689,true,0,NaN
4857,F,0.8998969880900851,0.9831196237885361,true,0,NaN
4858,F,0.8998962872932927,0.98423266997998,true,0,NaN
4859,F,0.899896783928512,0.9834293668049713,true,0,NaN
4860,F,0.8998968860092986,0.9831165855704636,true,0,NaN
4861,F,0.8998945337188217,0.9837314457454672,true,0,NaN
4862,F,0.8998957098640602,0.9831368140239272,true,0,NaN
4863,F,0.8998950121357097,0.9831542835749895,true,0,NaN
4864,F,0.899895360999885,0.9831443164504343,true,0,NaN
4865,F,0.8998955354319725,0.983139543441981,true,0,NaN
4866,F,0.899894547321796,0.9847760631207354,true,0,NaN
4867,F,0.8998950413768843,0.9842252224162215,true,0,NaN
4868,F,0.8998952884044283,0.9837033373984846,true,0,NaN
4869,F,0.8998954119182004,0.9837021482911057,true,0,NaN
4870,F,0.899895472761942,0.983140893910823,true,0,NaN
4871,F,0.8998955798207554,0.983138941561927,true,0,NaN
4872,F,0.8998955034487786,0.9831390670650164,true,0,NaN
4873,F,0.8998911971857239,0.9852485578083172,true,0,NaN
4874,F,0.8998950274903791,0.9837082361420594,true,0,NaN
4875,F,0.8998952654695788,0.9837065734242623,true,0,NaN
4876,F,0.8998953844591787,0.9837006849922235,true,0,NaN
4877,F,0.8998950252985627,0.9837082274759866,true,0,NaN
4878,F,0.8999212756603235,0.9842119742949667,true,0,NaN
4879,F,0.8998952631419187,0.9837065493542856,true,0,NaN
4880,F,0.8998953820641289,0.9837011916246821,true,0,NaN
4881,F,0.8998954415262985,0.9831416917556078,true,0,NaN
4882,F,0.8998955567889506,0.9831396140301933,true,0,NaN
4883,F,0.8998954712595125,0.9831391546828108,true,0,NaN
4884,F,0.8998962976668954,0.9836823551520779,true,0,NaN
4885,F,0.8998955079775155,0.9831382763152722,true,0,NaN
4886,F,0.8998964222315629,0.9831185991586698,true,0,NaN
4887,F,0.8998964240584201,0.9831182247197716,true,0,NaN
4888,F,0.8998962747849547,0.983120404585475,true,0,NaN
4889,F,0.8998973423312986,0.9830965556045048,true,0,NaN
4890,F,0.8998968247756127,0.983106060146282,true,0,NaN
4891,F,0.8998985334188282,0.9836257264730093,true,0,NaN
4892,F,0.8998976790972205,0.983088477585709,true,0,NaN
4893,F,0.8998962147324053,0.9831078516105961,true,0,NaN
4894,F,0.8998973859409293,0.9830814778531357,true,0,NaN
4895,F,0.8999043202759227,0.983114131954465,true,0,NaN
4896,F,0.899900853108426,0.9829014080361389,true,0,NaN
4897,F,0.8998938943180809,0.9830360745095629,true,0,NaN
4898,F,0.8998940496701471,0.983021445758069,true,0,NaN
4899,F,0.8998939567849521,0.9830137916602527,true,0,NaN
4900,F,0.8998521570269291,0.983904445621567,true,0,NaN
4901,F,0.8998730569059407,0.9834558976548521,true,0,NaN
4902,F,0.8998835068454464,0.9832340179988452,true,0,NaN
4903,F,0.8998866370547092,0.9831667552737803,true,0,NaN
4904,F,0.8998894592341441,0.9831013905959642,true,0,NaN
4905,F,0.8998894349757678,0.9831288680725065,true,0,NaN
4906,F,0.899889447104956,0.9830990805040912,true,0,NaN
4907,F,0.899889417058677,0.9832723313206045,true,0,NaN
4908,F,0.8998894320818165,0.983190367037524,true,0,NaN
4909,F,0.8998894395933862,0.9831933381700592,true,0,NaN
4910,F,0.8998894433491711,0.9830977418492708,true,0,NaN
4911,F,0.8998898212913593,0.983090160387038,true,0,NaN
4912,F,0.8998896323202652,0.983093797309746,true,0,NaN
4913,F,0.8998895378347181,0.9830956435851423,true,0,NaN
4914,F,0.8998899396606397,0.9830868101736635,true,0,NaN
4915,F,0.8998947512309641,0.9829930525531116,true,0,NaN
4916,F,0.8998923454458019,0.9830337989170431,true,0,NaN
4917,F,0.899893710246725,0.9830031497889732,true,0,NaN
4918,F,0.9000093482839815,0.9810845162429499,true,0,NaN
4919,F,0.8999515292653533,0.9818211302728972,true,0,NaN
4920,F,0.8999226197560392,0.982487778407596,true,0,NaN
4921,F,0.899908165001382,0.9827638184008884,true,0,NaN
4922,F,0.8998964011742655,0.9829423297427538,true,0,NaN
4923,F,0.8999041864974906,0.9827661167762989,true,0,NaN
4924,F,0.8998676443293825,0.9835270913419517,true,0,NaN
4925,F,0.8998787640063295,0.9831523136438858,true,0,NaN
4926,F,0.8998819150880033,0.983065341033259,true,0,NaN
4927,F,0.8998832826403911,0.9830351095910065,true,0,NaN
4928,F,0.8998837225863348,0.9830251927125361,true,0,NaN
4929,F,0.8998833511389709,0.9830316252778887,true,0,NaN
4930,F,0.899882550170183,0.9830377855662393,true,0,NaN
4931,F,0.8998723601097235,0.9850586829851631,true,0,NaN
4932,F,0.8998774551399532,0.9844350335597432,true,0,NaN
4933,F,0.8998800026550682,0.9838773559730568,true,0,NaN
4934,F,0.8998812764126256,0.9830431773088806,true,0,NaN
4935,F,0.8998728930036649,0.9850179042111681,true,0,NaN
4936,F,0.8998770847081452,0.9844338198721283,true,0,NaN
4937,F,0.8998791805603854,0.9844150131069557,true,0,NaN
4938,F,0.8998802284865055,0.9838565810236969,true,0,NaN
4939,F,0.8998791070193443,0.9844150219617106,true,0,NaN
4940,F,0.8999395547496758,0.9841450143633036,true,0,NaN
4941,F,0.899880230852,0.9838769765593548,true,0,NaN
4942,F,0.8999170343777597,0.9846724067761999,true,0,NaN
4943,F,0.899880792769123,0.9830594521657028,true,0,NaN
4944,F,0.8998744620232876,0.9844729151690542,true,0,NaN
4945,F,0.8998793266839562,0.9844131694707461,true,0,NaN
4946,F,0.8998800597265396,0.9839559869273315,true,0,NaN
4947,F,0.8998804262478313,0.9830783067070665,true,0,NaN
4948,F,0.899879326203827,0.9844131763835493,true,0,NaN
4949,F,0.8999402089804641,0.9841590044344783,true,0,NaN
4950,F,0.8998800591740636,0.9839585228300369,true,0,NaN
4951,F,0.8999205811495551,0.9840742308801069,true,0,NaN
4952,F,0.8998804256591858,0.9830785611981817,true,0,NaN
4953,F,0.8998811601765685,0.9830798034253841,true,0,NaN
4954,F,0.8998806089017549,0.9830643155062377,true,0,NaN
4955,F,0.899880763344901,0.9830611396175513,true,0,NaN
4956,F,0.8998807005230557,0.9830620791632683,true,0,NaN
4957,F,0.8998807866073745,0.9830602164069769,true,0,NaN
4958,F,0.8998807463337383,0.9830602329406328,true,0,NaN
4959,F,0.8998813169192468,0.983610325531833,true,0,NaN
4960,F,0.8998807712141472,0.9830593023567127,true,0,NaN
4961,F,0.8998822881164934,0.9830260555453062,true,0,NaN
4962,F,0.8998812524357206,0.9830477721645645,true,0,NaN
4963,F,0.8998819101114887,0.9830333445338162,true,0,NaN
4964,F,0.8998817891096731,0.9830357434979672,true,0,NaN
4965,F,0.8998803107919643,0.98306160861258,true,0,NaN
4966,F,0.899881311390607,0.9830357414414448,true,0,NaN
4967,F,0.899880812768162,0.9830549020502239,true,0,NaN
4968,F,0.8998810620793845,0.98305248276304,true,0,NaN
4969,F,0.8998811867349957,0.9830404317220104,true,0,NaN
4970,F,0.8998812490628014,0.9830360785661412,true,0,NaN
4971,F,0.8998806048441542,0.9830471757327276,true,0,NaN
4972,F,0.8998795086910737,0.9830649819087948,true,0,NaN
4973,F,0.8998796017251102,0.9830628830163631,true,0,NaN
4974,F,0.8998796411120961,0.9830610811547528,true,0,NaN
4975,F,0.899879052012829,0.9843844109442161,true,0,NaN
4976,F,0.8998793465624625,0.983108447578398,true,0,NaN
4977,F,0.8998794938372793,0.9830612655743538,true,0,NaN
4978,F,0.8998786639318545,0.9843835451444521,true,0,NaN
4979,F,0.8998790788845669,0.9843822738868754,true,0,NaN
4980,F,0.8998792863609231,0.9838473821184662,true,0,NaN
4981,F,0.8998793900991011,0.983111863547092,true,0,NaN
4982,F,0.8998793365894343,0.9837967915023695,true,0,NaN
4983,F,0.8998794181624561,0.9830712503428619,true,0,NaN
4984,F,0.8998798903618753,0.983069425281571,true,0,NaN
4985,F,0.8998794589492595,0.9830613469296591,true,0,NaN
4986,F,0.8998797452634145,0.9830547732883809,true,0,NaN
4987,F,0.8998797596528848,0.9830544006104647,true,0,NaN
4988,F,0.899879732495028,0.9830547538062029,true,0,NaN
4989,F,0.8998795661482298,0.9830606610338675,true,0,NaN
4990,F,0.899879835960085,0.9830548075430456,true,0,NaN
4991,F,0.8998796433644694,0.9830575589476358,true,0,NaN
4992,F,0.8998797714933272,0.9830547791314209,true,0,NaN
4993,F,0.8998796822469507,0.9830560107324625,true,0,NaN
4994,F,0.8998797396632501,0.9830547645843386,true,0,NaN
4995,F,0.8998797020591591,0.9830552522150946,true,0,NaN
4996,F,0.8998796348632888,0.9830551107352918,true,0,NaN
4997,F,0.8998743228579049,0.9843289699568287,true,0,NaN
4998,F,0.8998769788605969,0.9836633394169041,true,0,NaN
4999,F,0.8998783068619428,0.9836162994296423,true,0,NaN
5000,F,0.8998789708626158,0.9836121070554323,true,0,NaN
5001,F,0.8998794598348904,0.9830557130257681,true,0,NaN
5002,F,0.8998771838076465,0.9836040791450433,true,0,NaN
5003,F,0.8998791677915281,0.9835912579500359,true,0,NaN
5004,F,0.8998793138132092,0.9830661544455216,true,0,NaN
5005,F,0.8998793868240498,0.9830562097882749,true,0,NaN
5006,F,0.8998796167517936,0.983047255412958,true,0,NaN
5007,F,0.89987963460729,0.9830467557746932,true,0,NaN
5008,F,0.8998796561782725,0.9830462381512399,true,0,NaN
5009,F,0.8998793541786482,0.9830558767741705,true,0,NaN
5010,F,0.8998797964645611,0.9830447997065205,true,0,NaN
5011,F,0.8998795050026428,0.9830471360934929,true,0,NaN
5012,F,0.8998806022291127,0.9835811433144359,true,0,NaN
5013,F,0.8998795215090821,0.9830464852702577,true,0,NaN
5014,F,0.8998797088332567,0.9841192176129454,true,0,NaN
5015,F,0.8998796151711694,0.9835974339683149,true,0,NaN
5016,F,0.8998795683401258,0.9836050210427709,true,0,NaN
5017,F,0.899879544924604,0.9830422846054705,true,0,NaN
5018,F,0.8998790808880893,0.9836011510767682,true,0,NaN
5019,F,0.8998793129063466,0.983604760112525,true,0,NaN
5020,F,0.8998794289154753,0.983606821882289,true,0,NaN
5021,F,0.8998794869200396,0.9835052872791807,true,0,NaN
5022,F,0.8998791721441125,0.9836025546775108,true,0,NaN
5023,F,0.899896006540919,0.9827318217080929,true,0,NaN
5024,F,0.8998793536397527,0.9836055939066376,true,0,NaN
5025,F,0.8998961983643785,0.9827343765586516,true,0,NaN
5026,F,0.8998794443878695,0.983607354079361,true,0,NaN
5027,F,0.8998794897625212,0.9831692503073082,true,0,NaN
5028,F,0.8998832908398318,0.9829681109790351,true,0,NaN
5029,F,0.8998795124510339,0.983044139870825,true,0,NaN
5030,F,0.8998793544470244,0.9830444601009399,true,0,NaN
5031,F,0.8998796908427324,0.9830372530764236,true,0,NaN
5032,F,0.8998799948362822,0.9830302539825613,true,0,NaN
5033,F,0.8998757521672879,0.984242956310202,true,0,NaN
5034,F,0.8999247201667552,0.9827523310787434,true,0,NaN
5035,F,0.8998778708516608,0.983665201237019,true,0,NaN
5036,F,0.8999035095161548,0.9831622900790264,true,0,NaN
5037,F,0.8998789301966355,0.9836208689450098,true,0,NaN
5038,F,0.8998794598746993,0.983609026440791,true,0,NaN
5039,F,0.8998797247248853,0.9835595517355686,true,0,NaN
5040,F,0.8998798571722948,0.9830506422843274,true,0,NaN
5041,F,0.8998806804531032,0.9830183189857168,true,0,NaN
5042,F,0.8998799234406982,0.9830323992389803,true,0,NaN
5043,F,0.8998800100805904,0.9830303343185488,true,0,NaN
5044,F,0.8998799734611437,0.9830303987611024,true,0,NaN
5045,F,0.899879824334763,0.9830357673635636,true,0,NaN
5046,F,0.8998800662166788,0.9830308406712398,true,0,NaN
5047,F,0.8998798985081706,0.9830326607188656,true,0,NaN
5048,F,0.8998800004246127,0.983030572039213,true,0,NaN
5049,F,0.8998799355976107,0.9830312420802133,true,0,NaN
5050,F,0.8998799735981944,0.9830304534664976,true,0,NaN
5051,F,0.8998799541478067,0.9830306772371613,true,0,NaN
5052,F,0.8998767026044817,0.9830956144170715,true,0,NaN
5053,F,0.8998763002906695,0.9830973662640097,true,0,NaN
5054,F,0.8998773764240171,0.9830730792214992,true,0,NaN
5055,F,0.8998786982952943,0.9830322368828726,true,0,NaN
5056,F,0.8998749989463103,0.9830874563703129,true,0,NaN
5057,F,0.8997996542409404,0.9831853618160015,true,0,NaN
5058,F,0.8997855942754333,0.9834694617989017,true,0,NaN
5059,F,0.8998004257654089,0.9831400082275583,true,0,NaN
5060,F,0.8998039135690109,0.9832002438145485,true,0,NaN
5061,F,0.8998021696672098,0.9830921453472816,true,0,NaN
5062,F,0.8997977277558397,0.9833496243905142,true,0,NaN
5063,F,0.8997999487115248,0.9833106504671049,true,0,NaN
5064,F,0.8998010591893673,0.9832606411795344,true,0,NaN
5065,F,0.8998016144282885,0.9832508449550406,true,0,NaN
5066,F,0.8997991982515318,0.9833230004491619,true,0,NaN
5067,F,0.8998075714397104,0.9831346802000843,true,0,NaN
5068,F,0.8998006832136223,0.983401458829804,true,0,NaN
5069,F,0.8998134918872877,0.9831139657587944,true,0,NaN
5070,F,0.8998014256946684,0.9832551841958237,true,0,NaN
5071,F,0.8998082027829999,0.9831028955410939,true,0,NaN
5072,F,0.8998017969351932,0.9832465013014138,true,0,NaN
5073,F,0.8998084245096537,0.9830976014009593,true,0,NaN
5074,F,0.8998019825554593,0.9830948236684778,true,0,NaN
5075,F,0.8997926748877118,0.9861872067787245,true,0,NaN
5076,F,0.8997973291209099,0.984574191758433,true,0,NaN
5077,F,0.8997996562375121,0.9835799615584284,true,0,NaN
5078,F,0.8998008197958194,0.9830948341961164,true,0,NaN
5079,F,0.8990328499330346,1.0576653025186518,false,0,NaN
5080,F,0.9025173726438319,1.0044511445717315,false,0,NaN
5081,F,0.899800069221539,0.9835797857982819,true,0,NaN
5082,F,0.8998004445086792,0.9831473168702728,true,0,NaN
5083,F,0.8998006321522493,0.9830947477769959,true,0,NaN
5084,F,0.8997878901824253,0.9863935488083297,true,0,NaN
5085,F,0.8997942611673373,0.9848121779198564,true,0,NaN
5086,F,0.8997974466597933,0.9842899558148683,true,0,NaN
5087,F,0.8997990394060212,0.9837403699053364,true,0,NaN
5088,F,0.8998004998023483,0.983096897363434,true,0,NaN
5089,F,0.8997967168416747,0.983363669883121,true,0,NaN
5090,F,0.8998004145303963,0.98323171039468,true,0,NaN
5091,F,0.8998004571663724,0.983103744895348,true,0,NaN
5092,F,0.8998004784843603,0.9830976241176403,true,0,NaN
5093,F,0.8998003686131508,0.9832320961148023,true,0,NaN
5094,F,0.8998033484427259,0.9831728246262935,true,0,NaN
5095,F,0.8998004107270541,0.9831040925235105,true,0,NaN
5096,F,0.8998005544118449,0.9831006958260268,true,0,NaN
5097,F,0.8998004317952054,0.9830979646118647,true,0,NaN
5098,F,0.8997966947224337,0.9831754424828025,true,0,NaN
5099,F,0.8997970419718505,0.9831676415119642,true,0,NaN
5100,F,0.899795414849066,0.9836264477338076,true,0,NaN
5101,F,0.8997962284104583,0.9831874596391648,true,0,NaN
5102,F,0.8997966351911544,0.9831747397751294,true,0,NaN
5103,F,0.8997966285146639,0.9831744087132244,true,0,NaN
5104,F,0.8997932695696267,0.9832590810679203,true,0,NaN
5105,F,0.8997964188127506,0.9826809961271349,true,0,NaN
5106,F,0.8997707100099576,0.9837405072489065,true,0,NaN
5107,F,0.8997962756947672,0.9826839703237836,true,0,NaN
5108,F,0.8997935918323348,0.9838421828512144,true,0,NaN
5109,F,0.8997949019639224,0.9832090403422417,true,0,NaN
5110,F,0.8997955653973698,0.9832082248506983,true,0,NaN
5111,F,0.8997959089366938,0.9832047881257308,true,0,NaN
5112,F,0.8997960874062142,0.9826846483932087,true,0,NaN
5113,F,0.8997712777517105,0.9832079423274827,true,0,NaN
5114,F,0.8997729811599086,0.9831712178125894,true,0,NaN
5115,F,0.8997716076170891,0.9838441662583062,true,0,NaN
5116,F,0.8997722943884988,0.9833972696970411,true,0,NaN
5117,F,0.8997726377742037,0.983179369488448,true,0,NaN
5118,F,0.8997728094670561,0.9831737673478012,true,0,NaN
5119,F,0.8997736632285831,0.983156086449356,true,0,NaN
5120,F,0.8997732363478196,0.9831642958989535,true,0,NaN
5121,F,0.8997737117418582,0.983153877586565,true,0,NaN
5122,F,0.8997661771502273,0.984312255150112,true,0,NaN
5123,F,0.8998156720110707,0.983266895338019,true,0,NaN
5124,F,0.8997699194085561,0.9842548133850233,true,0,NaN
5125,F,0.8998169587425143,0.9827388990700275,true,0,NaN
5126,F,0.8997717909418429,0.9836940377593063,true,0,NaN
5127,F,0.8997948704351914,0.982680750794164,true,0,NaN
5128,F,0.8997884374106877,0.9842703290067218,true,0,NaN
5129,F,0.8998589724195575,0.984689543163126,true,0,NaN
5130,F,0.8997916382159248,0.9837857636319304,true,0,NaN
5131,F,0.899840671829228,0.9832172078211462,true,0,NaN
5132,F,0.8997932387344134,0.9837536466862317,true,0,NaN
5133,F,0.8997940392255448,0.9837508824859159,true,0,NaN
5134,F,0.899794439936064,0.9826842368533741,true,0,NaN
5135,F,0.8997243253754754,0.9841841934407234,true,0,NaN
5136,F,0.8997942978613791,0.982687052990074,true,0,NaN
5137,F,0.8997290330074739,0.9845981488098777,true,0,NaN
5138,F,0.8997616654344265,0.983547261213147,true,0,NaN
5139,F,0.8997779816479028,0.983048556221915,true,0,NaN
5140,F,0.899786139754641,0.9828625996609339,true,0,NaN
5141,F,0.899752026322482,0.9835790896680214,true,0,NaN
5142,F,0.8997722222292793,0.9831515814601833,true,0,NaN
5143,F,0.8996548832541282,0.9902196552884632,true,0,NaN
5144,F,0.8999831683995294,0.9839985813043682,true,0,NaN
5145,F,0.8997135529146183,0.9858089409687788,true,0,NaN
5146,F,0.8998369961590016,0.9831843356063596,true,0,NaN
5147,F,0.8997428877471286,0.985262200800267,true,0,NaN
5148,F,0.8998409237764917,0.9826071878853705,true,0,NaN
5149,F,0.8997575551679146,0.984861402293676,true,0,NaN
5150,F,0.8998369707693875,0.9826303032896316,true,0,NaN
5151,F,0.899764888887369,0.9839372913193405,true,0,NaN
5152,F,0.899801390529513,0.9834105321075728,true,0,NaN
5153,F,0.8997685557652194,0.9836941300865105,true,0,NaN
5154,F,0.89979376423542,0.9831503537340883,true,0,NaN
5155,F,0.8997703892403927,0.9836867418372406,true,0,NaN
5156,F,0.8997952533618238,0.9831545030183908,true,0,NaN
5157,F,0.8997717646006526,0.9831666684187084,true,0,NaN
5158,F,0.8997679048009765,0.9847089560014005,true,0,NaN
5159,F,0.8997717617241512,0.9831637040872245,true,0,NaN
5160,F,0.8997773210302331,0.9837958986594513,true,0,NaN
5161,F,0.8997745413771921,0.9831017286595116,true,0,NaN
5162,F,0.8997401990987998,0.9837650476927781,true,0,NaN
5163,F,0.8997349537816551,0.9844184546247184,true,0,NaN
5164,F,0.899763908601184,0.9847992244367693,true,0,NaN
5165,F,0.8997375724173913,0.9843946421468618,true,0,NaN
5166,F,0.8997654623146418,0.984316547561559,true,0,NaN
5167,F,0.8997388817897555,0.9838666753999092,true,0,NaN
5168,F,0.8997433872581244,0.983944159082267,true,0,NaN
5169,F,0.8997395365849696,0.9838665012530449,true,0,NaN
5170,F,0.8997440317241816,0.9837760687901295,true,0,NaN
5171,F,0.8997398641030122,0.9838666591873545,true,0,NaN
5172,F,0.8997443649278644,0.9837715786559631,true,0,NaN
5173,F,0.8997400279721266,0.9838665155511086,true,0,NaN
5174,F,0.8997445217825774,0.9837699616518247,true,0,NaN
5175,F,0.8997401101385316,0.9837844608081402,true,0,NaN
5176,F,0.8997409701085883,0.9837662515825853,true,0,NaN
5177,F,0.8997401724168114,0.9837650794036232,true,0,NaN
5178,F,0.8997400994123105,0.9837650590639093,true,0,NaN
5179,F,0.8997390617811644,0.9848483016479258,true,0,NaN
5180,F,0.8997395806393376,0.9843471867540602,true,0,NaN
5181,F,0.8997398400694353,0.9837652835549372,true,0,NaN
5182,F,0.8997564198405587,0.9839285943582392,true,0,NaN
5183,F,0.8997398617213065,0.9837648186063849,true,0,NaN
5184,F,0.8997620794751411,0.9837032589619492,true,0,NaN
5185,F,0.8997509705982237,0.9835294960818323,true,0,NaN
5186,F,0.8997653797013991,0.9832223008966732,true,0,NaN
5187,F,0.8997683000734775,0.9831589616912394,true,0,NaN
5188,F,0.8997688937571158,0.9831449505288014,true,0,NaN
5189,F,0.8997690127571789,0.9831404438031023,true,0,NaN
5190,F,0.8997716381536119,0.9837032807689535,true,0,NaN
5191,F,0.8997703254553954,0.9835793252899775,true,0,NaN
5192,F,0.8997696691062872,0.9831468805790403,true,0,NaN
5193,F,0.899769340931733,0.9831310742162386,true,0,NaN
5194,F,0.8997698168885971,0.9831184321119398,true,0,NaN
5195,F,0.899762543679042,0.9861698250877453,true,0,NaN
5196,F,0.899903504857738,0.9831559594102935,true,0,NaN
5197,F,0.8997661795141316,0.9847586215344805,true,0,NaN
5198,F,0.8998419490594076,0.9831535575582533,true,0,NaN
5199,F,0.8997679974325944,0.984273064819378,true,0,NaN
5200,F,0.8997689063936614,0.9842805726334746,true,0,NaN
5201,F,0.8997693608778664,0.9842680116999408,true,0,NaN
5202,F,0.8997695881273123,0.9833784452353037,true,0,NaN
5203,F,0.8997697017667264,0.9831288505533259,true,0,NaN
5204,F,0.899770183094694,0.9831189919174812,true,0,NaN
5205,F,0.8997697870995088,0.9831186402951254,true,0,NaN
5206,F,0.8997691953564142,0.9831392201802461,true,0,NaN
5207,F,0.8997700853906183,0.9831209986192045,true,0,NaN
5208,F,0.8997694904912659,0.9831285133129618,true,0,NaN
5209,F,0.8997699174816113,0.9831197666775691,true,0,NaN
5210,F,0.8997696380657378,0.9831231703035155,true,0,NaN
5211,F,0.8997698339848724,0.983119154667027,true,0,NaN
5212,F,0.8997697118670718,0.9831205313402375,true,0,NaN
5213,F,0.8997697936576222,0.9831188474430301,true,0,NaN
5214,F,0.8997697487959819,0.9831193252153959,true,0,NaN
5215,F,0.8997698829971786,0.9831165941188925,true,0,NaN
5216,F,0.8997697502052243,0.9831192656701528,true,0,NaN
5217,F,0.8997696331612831,0.9831750366431299,true,0,NaN
5218,F,0.8997696916832537,0.9831189916770757,true,0,NaN
5219,F,0.8997697309654542,0.9831158310770111,true,0,NaN
5220,F,0.8997671879600203,0.9831391243153063,true,0,NaN
5221,F,0.899764115956154,0.9840223502314983,true,0,NaN
5222,F,0.8997656712119725,0.9831590157117194,true,0,NaN
5223,F,0.899762068613061,0.9845293519589422,true,0,NaN
5224,F,0.8997638699125167,0.984003570034841,true,0,NaN
5225,F,0.8997647705622446,0.9833011752856304,true,0,NaN
5226,F,0.8997652208871085,0.9831579591417051,true,0,NaN
5227,F,0.8997595319199415,0.984551342260149,true,0,NaN
5228,F,0.8997623764035251,0.9845519154572445,true,0,NaN
5229,F,0.8997637986453167,0.9840146483915259,true,0,NaN
5230,F,0.8997645097662127,0.9840156647979651,true,0,NaN
5231,F,0.8997635573016128,0.9840143503926265,true,0,NaN
5232,F,0.8998015674632549,0.9837099013054533,true,0,NaN
5233,F,0.8997643880772469,0.9840154783758076,true,0,NaN
5234,F,0.8997648034651311,0.983157244411284,true,0,NaN
5235,F,0.8997417812319968,0.9859916686086521,true,0,NaN
5236,F,0.8997614373275817,0.9845680706783315,true,0,NaN
5237,F,0.8997631203963564,0.9840225227162159,true,0,NaN
5238,F,0.8997639619307438,0.984019259547351,true,0,NaN
5239,F,0.8997614355761018,0.9845680684103632,true,0,NaN
5240,F,0.8998235251016538,0.9840686228839144,true,0,NaN
5241,F,0.8997631184949328,0.9840225209662823,true,0,NaN
5242,F,0.8998012624022425,0.9837150637004776,true,0,NaN
5243,F,0.8997639599543942,0.9840192579423748,true,0,NaN
5244,F,0.8997643806842164,0.9840176827967039,true,0,NaN
5245,F,0.8997645910493105,0.9831647001847482,true,0,NaN
5246,F,0.8997648870765148,0.9831614905735103,true,0,NaN
5247,F,0.8997646962322237,0.9831576418274847,true,0,NaN
5248,F,0.899763625959719,0.9840009766776275,true,0,NaN
5249,F,0.8997644086176739,0.9840122223987094,true,0,NaN
5250,F,0.8997645524249488,0.9840143626656849,true,0,NaN
5251,F,0.8997646243285863,0.983316541722653,true,0,NaN
5252,F,0.8997644071256199,0.984012219677644,true,0,NaN
5253,F,0.8997645506589059,0.9840143595000719,true,0,NaN
5254,F,0.8997646224256365,0.9833230434474638,true,0,NaN
5255,F,0.8997646583091768,0.9831576710376709,true,0,NaN
5256,F,0.8997657108383051,0.9831353100378243,true,0,NaN
5257,F,0.8997657568809103,0.9831340711967852,true,0,NaN
5258,F,0.8997655903125901,0.9835092472642257,true,0,NaN
5259,F,0.8997656735967502,0.983138539157831,true,0,NaN
5260,F,0.8997657152388302,0.9831345108214958,true,0,NaN
5261,F,0.8997657151131081,0.9831342749276394,true,0,NaN
5262,F,0.8997655071209267,0.9836169772918402,true,0,NaN
5263,F,0.8997656109428833,0.9831495240671503,true,0,NaN
5264,F,0.8997663151728679,0.9831478604007591,true,0,NaN
5265,F,0.8997656628574852,0.9831355097362434,true,0,NaN
5266,F,0.8997657198984913,0.9831343607993731,true,0,NaN
5267,F,0.8997656888220377,0.9831344752915362,true,0,NaN
5268,F,0.8997659325890746,0.9831289290296684,true,0,NaN
5269,F,0.8997652248859384,0.9834420100967888,true,0,NaN
5270,F,0.8997791304193955,0.9828737473794703,true,0,NaN
5271,F,0.8997655729924218,0.9831511280110993,true,0,NaN
5272,F,0.8997665593074392,0.9831239872014158,true,0,NaN
5273,F,0.8997657471094209,0.9831349873788172,true,0,NaN
5274,F,0.899766016376295,0.9831289841800585,true,0,NaN
5275,F,0.8997658342958456,0.9831311779893158,true,0,NaN
5276,F,0.899765934277124,0.9831290384998201,true,0,NaN
5277,F,0.8997658781482467,0.9831298246470369,true,0,NaN
5278,F,0.8997660144131208,0.9831240799523037,true,0,NaN
5279,F,0.899766503789323,0.9830964185494299,true,0,NaN
5280,F,0.8997654427313824,0.9831218299577248,true,0,NaN
5281,F,0.8997659732603527,0.9831050360003063,true,0,NaN
5282,F,0.8997658605674056,0.983309739223173,true,0,NaN
5283,F,0.8997659169138791,0.9831058556355785,true,0,NaN
5284,F,0.8997657031497907,0.9831096648214773,true,0,NaN
5285,F,0.8997658152272632,0.9831069414823643,true,0,NaN
5286,F,0.8997657512341897,0.9831082490938954,true,0,NaN
5287,F,0.8997653948615695,0.983628629738957,true,0,NaN
5288,F,0.8997655706800998,0.9836167819116831,true,0,NaN
5289,F,0.8997656586465319,0.9831258458266642,true,0,NaN
5290,F,0.8997664608378428,0.9831067203705122,true,0,NaN
5291,F,0.8997657027447366,0.9831091496432827,true,0,NaN
5292,F,0.8997655132645141,0.9831127809610998,true,0,NaN
5293,F,0.8997522828782979,0.9841605490563173,true,0,NaN
5294,F,0.8997654930046378,0.9831131244139953,true,0,NaN
5295,F,0.8997645717487667,0.9831308966037012,true,0,NaN
5296,F,0.8997644292704408,0.9836594726257424,true,0,NaN
5297,F,0.8997645005096037,0.9832523715803713,true,0,NaN
5298,F,0.8997645361291852,0.983134134882968,true,0,NaN
5299,F,0.8997645539389759,0.9831310470929413,true,0,NaN
5300,F,0.899764731790331,0.9831270522298643,true,0,NaN
5301,F,0.8997605301087065,0.9832268718853217,true,0,NaN
5302,F,0.8997649765657155,0.9831320566273293,true,0,NaN
5303,F,0.8997626305983806,0.9831756063274216,true,0,NaN
5304,F,0.8997647934559344,0.9831295022706562,true,0,NaN
5305,F,0.8997636808439987,0.9831494017394741,true,0,NaN
5306,F,0.8997646764390124,0.9831281801903848,true,0,NaN
5307,F,0.8997647539055059,0.9831257030581495,true,0,NaN
5308,F,0.8997549902499541,0.9869483012051523,true,0,NaN
5309,F,0.89975987207773,0.9857072889464802,true,0,NaN
5310,F,0.8997623129916179,0.9851966545083742,true,0,NaN
5311,F,0.899763533448562,0.9851809774612272,true,0,NaN
5312,F,0.899764173814709,0.9840550209711634,true,0,NaN
5313,F,0.8997644633029059,0.9831315566395986,true,0,NaN
5314,F,0.8997646675844678,0.9831275073138689,true,0,NaN
5315,F,0.8997645654436869,0.9831293559081743,true,0,NaN
5316,F,0.899764674937676,0.983126732220366,true,0,NaN
5317,F,0.8997646181035617,0.9831457459017868,true,0,NaN
5318,F,0.8997646465206188,0.9831265261011645,true,0,NaN
5319,F,0.8997646488272373,0.9831258651255808,true,0,NaN
5320,F,0.899762864241573,0.9831783404347721,true,0,NaN
5321,F,0.8997652010440172,0.9831299055319367,true,0,NaN
5322,F,0.8997637564459126,0.983150085815946,true,0,NaN
5323,F,0.8997648350522417,0.9831276954141133,true,0,NaN
5324,F,0.8997642025483616,0.9831389376797236,true,0,NaN
5325,F,0.899764784688942,0.9831268710436761,true,0,NaN
5326,F,0.8997644256001449,0.9831318865248352,true,0,NaN
5327,F,0.8997646937481864,0.9831263267071152,true,0,NaN
5328,F,0.8997645371271541,0.9831284231805251,true,0,NaN
5329,F,0.8997646510495346,0.9831260550346508,true,0,NaN
5330,F,0.899764592892894,0.9831268195064964,true,0,NaN
5331,F,0.8997642256832371,0.9831332947636061,true,0,NaN
5332,F,0.8997642743317692,0.983132129139328,true,0,NaN
5333,F,0.8997639700852943,0.9834555072961145,true,0,NaN
5334,F,0.8997640944509298,0.9831417912405066,true,0,NaN
5335,F,0.8997645006591418,0.9831442270959657,true,0,NaN
5336,F,0.8997641586394176,0.9831335472364505,true,0,NaN
5337,F,0.8997625761870015,0.9831665124265551,true,0,NaN
5338,F,0.8997627769258318,0.9831579542532541,true,0,NaN
5339,F,0.8997631976810041,0.9831489824097572,true,0,NaN
5340,F,0.8997626470717053,0.9831534000230433,true,0,NaN
5341,F,0.8997628153723936,0.9831476133824784,true,0,NaN
5342,F,0.8997564308343544,0.9849156490260086,true,0,NaN
5343,F,0.899759623103374,0.9840322196248326,true,0,NaN
5344,F,0.8997612192378838,0.9834026329737009,true,0,NaN
5345,F,0.8997620173051387,0.9831621233505422,true,0,NaN
5346,F,0.8997709779509488,0.9865647722284723,true,0,NaN
5347,F,0.8997664976280438,0.985019318937159,true,0,NaN
5348,F,0.8997642574665913,0.9846620549418131,true,0,NaN
5349,F,0.899763137385865,0.9845706451559844,true,0,NaN
5350,F,0.899762498414848,0.9832996725763823,true,0,NaN
5351,F,0.8997673678703952,0.9831282934077513,true,0,NaN
5352,F,0.8997622464805449,0.9832412993440859,true,0,NaN
5353,F,0.8997649946228783,0.9831795765825091,true,0,NaN
5354,F,0.8997621205132885,0.9831588912793091,true,0,NaN
5355,F,0.8997527948320085,0.984467849238805,true,0,NaN
5356,F,0.8997617983998394,0.9831656360381325,true,0,NaN
5357,F,0.8997627534210919,0.9831449307738813,true,0,NaN
5358,F,0.8997630376269662,0.9831384248380455,true,0,NaN
5359,F,0.8997481283499063,0.9835938208834307,true,0,NaN
5360,F,0.8997657151963152,0.9832553755959171,true,0,NaN
5361,F,0.8997555829884362,0.9833642601829555,true,0,NaN
5362,F,0.8997643044949845,0.9831976311000601,true,0,NaN
5363,F,0.8997593103077012,0.9832492632781101,true,0,NaN
5364,F,0.8997635907833006,0.9831674563080587,true,0,NaN
5365,F,0.8997611739673337,0.9831918662394333,true,0,NaN
5366,F,0.8997632378429709,0.9831524140594853,true,0,NaN
5367,F,0.89976210579715,0.9831631984651361,true,0,NaN
5368,F,0.8997630625598501,0.9831449055917422,true,0,NaN
5369,F,0.8997625717120581,0.9831489673474472,true,0,NaN
5370,F,0.8997629788861449,0.9831411256835383,true,0,NaN
5371,F,0.8997628046695121,0.9831425254479266,true,0,NaN
5372,F,0.8997636760506226,0.9832062745979173,true,0,NaN
5373,F,0.8997628126211549,0.9831423205866546,true,0,NaN
5374,F,0.8997630508928314,0.9832135388622055,true,0,NaN
5375,F,0.8997629317569931,0.9831392014942932,true,0,NaN
5376,F,0.8997626209411558,0.9831452871423446,true,0,NaN
5377,F,0.8997570742218853,0.9862172278825785,true,0,NaN
5378,F,0.899759844568254,0.9857557672822141,true,0,NaN
5379,F,0.8997612297949459,0.9852219096688664,true,0,NaN
5380,F,0.8997619225153433,0.9850931341849749,true,0,NaN
5381,F,0.8997622690899345,0.9842275847790882,true,0,NaN
5382,F,0.8997624426782159,0.9832910382418341,true,0,NaN
5383,F,0.899762529815834,0.983147941570454,true,0,NaN
5384,F,0.899762647419667,0.9831461407752607,true,0,NaN
5385,F,0.8997625971399749,0.9831453315759265,true,0,NaN
5386,F,0.8997625795522796,0.9831453844883538,true,0,NaN
5387,F,0.8997624860642441,0.9831659449566129,true,0,NaN
5388,F,0.8997634401467549,0.9831712898189617,true,0,NaN
5389,F,0.8997625328082618,0.9831467709054863,true,0,NaN
5390,F,0.8997625971599734,0.9831454746727183,true,0,NaN
5391,F,0.8997625561802707,0.9831456186487808,true,0,NaN
5392,F,0.899762591605158,0.9831448229045443,true,0,NaN
5393,F,0.8997627446752378,0.9831415379221609,true,0,NaN
5394,F,0.8997627532806483,0.9831412008300106,true,0,NaN
5395,F,0.8997624083497046,0.9831582725671915,true,0,NaN
5396,F,0.899763198660486,0.9831418560335659,true,0,NaN
5397,F,0.899762580785752,0.9831492111297078,true,0,NaN
5398,F,0.89976295161478,0.9831414996909178,true,0,NaN
5399,F,0.8997626670038242,0.9831448007440069,true,0,NaN
5400,F,0.899762833661687,0.9831413332850536,true,0,NaN
5401,F,0.8997627101129576,0.9831426681216046,true,0,NaN
5402,F,0.8997627780442189,0.983141251672682,true,0,NaN
5403,F,0.8997627316677188,0.983141721036785,true,0,NaN
5404,F,0.899762755754168,0.9831412156364675,true,0,NaN
5405,F,0.8997627424454883,0.9831413621564682,true,0,NaN
5406,F,0.8997627231380306,0.9831415480264746,true,0,NaN
5407,F,0.899762411872539,0.9831470560377457,true,0,NaN
5408,F,0.899760826157705,0.9831776345087537,true,0,NaN
5409,F,0.8997264822145246,0.9911593690549938,true,0,NaN
5410,F,0.8997436541706911,0.9890123186646628,true,0,NaN
5411,F,0.8997522401487923,0.9878367339820082,true,0,NaN
5412,F,0.8997565331378784,0.9855926200262497,true,0,NaN
5413,F,0.8997586796324927,0.9851096063346461,true,0,NaN
5414,F,0.8997597528799423,0.9851134343100642,true,0,NaN
5415,F,0.8997602895039519,0.9851121375067878,true,0,NaN
5416,F,0.899760691973953,0.9831835086626648,true,0,NaN
5417,F,0.8997609552788612,0.9831814898085495,true,0,NaN
5418,F,0.8997608093784438,0.9831776463582884,true,0,NaN
5419,F,0.8997607789569968,0.9831777180913353,true,0,NaN
5420,F,0.8997607565431779,0.9831778631883761,true,0,NaN
5421,F,0.8997606108768048,0.9831807959964964,true,0,NaN
5422,F,0.8997607123598059,0.9831764477190011,true,0,NaN
5423,F,0.8997597424422329,0.9834875708257866,true,0,NaN
5424,F,0.8997602274010194,0.9831907688546893,true,0,NaN
5425,F,0.8997587531292585,0.9832198607774462,true,0,NaN
5426,F,0.8997593730760045,0.9832027376458388,true,0,NaN
5427,F,0.8997600222476221,0.9831887753039694,true,0,NaN
5428,F,0.8997611273720859,0.9832186792431421,true,0,NaN
5429,F,0.899760574809854,0.9831736432895041,true,0,NaN
5430,F,0.899760768930562,0.9831686189239205,true,0,NaN
5431,F,0.8997442028799136,0.983622590451422,true,0,NaN
5432,F,0.8997585284812971,0.9833617974580717,true,0,NaN
5433,F,0.8997524859052378,0.9833945294991275,true,0,NaN
5434,F,0.899759614786364,0.9832646989812908,true,0,NaN
5435,F,0.8997566274178999,0.9832802490194292,true,0,NaN
5436,F,0.8997601500518976,0.983216555154551,true,0,NaN
5437,F,0.8997586981742309,0.9832231882507456,true,0,NaN
5438,F,0.899760420191785,0.9831920381877287,true,0,NaN
5439,F,0.8997597335523965,0.9831946809331467,true,0,NaN
5440,F,0.8997605559894281,0.9831797976072119,true,0,NaN
5441,F,0.8997602512414793,0.9831804730760687,true,0,NaN
5442,F,0.8997606253331817,0.983173675462674,true,0,NaN
5443,F,0.8997605100860206,0.983173525545404,true,0,NaN
5444,F,0.899761177596092,0.9831567844450442,true,0,NaN
5445,F,0.8997231905629677,0.9861240133740535,true,0,NaN
5446,F,0.8998297667143188,0.9863903958584257,true,0,NaN
5447,F,0.8997421706320311,0.9849209640617523,true,0,NaN
5448,F,0.8998055350105477,0.9855265921225064,true,0,NaN
5449,F,0.8997516607269559,0.9847372327230995,true,0,NaN
5450,F,0.8997564058952111,0.9846457946893001,true,0,NaN
5451,F,0.8997587787209781,0.9845990151924603,true,0,NaN
5452,F,0.8997599656175717,0.9833379696067948,true,0,NaN
5453,F,0.8997605600367538,0.9831694797368843,true,0,NaN
5454,F,0.899762020924684,0.9831325682371721,true,0,NaN
5455,F,0.8997321461307592,0.9888994444656601,true,0,NaN
5456,F,0.899989152820777,0.9842127561481496,true,0,NaN
5457,F,0.8997470600599144,0.9879130016724448,true,0,NaN
5458,F,0.8999601009625728,0.9841706084594329,true,0,NaN
5459,F,0.8997545170434499,0.9863168056479739,true,0,NaN
5460,F,0.899758245573134,0.9852214816357273,true,0,NaN
5461,F,0.8997601099138156,0.9852077943633263,true,0,NaN
5462,F,0.8997610422358896,0.9850583962293171,true,0,NaN
5463,F,0.8997615087008258,0.9837170086163987,true,0,NaN
5464,F,0.8997618607178337,0.9831332572404448,true,0,NaN
5465,F,0.8997614585768237,0.9831431079714393,true,0,NaN
5466,F,0.8997617184013214,0.9831359250028571,true,0,NaN
5467,F,0.8997614190422523,0.9831427816508934,true,0,NaN
5468,F,0.8997615687217868,0.9831389732265615,true,0,NaN
5469,F,0.8997613455476,0.9831434710859265,true,0,NaN
5470,F,0.8997560616629398,0.9834394618973472,true,0,NaN
5471,F,0.8997691395014266,0.9831959112863703,true,0,NaN
5472,F,0.8997587028795119,0.9832373613534084,true,0,NaN
5473,F,0.8997628515898438,0.9831525665355125,true,0,NaN
5474,F,0.8997600234904038,0.9831898182446581,true,0,NaN
5475,F,0.8997620714290171,0.9831479346844902,true,0,NaN
5476,F,0.8997606838010614,0.9831661549895878,true,0,NaN
5477,F,0.899761686138165,0.9831456514716463,true,0,NaN
5478,F,0.8997610139668145,0.9831543462594221,true,0,NaN
5479,F,0.8997614945146994,0.983144514377029,true,0,NaN
5480,F,0.8997611790705452,0.9831484568560733,true,0,NaN
5481,F,0.89976139938478,0.9831439472625568,true,0,NaN
5482,F,0.8997612616641649,0.9831455566375271,true,0,NaN
5483,F,0.8997613538266968,0.9831436635154438,true,0,NaN
5484,F,0.8997613239060045,0.9831437074343752,true,0,NaN
5485,F,0.8997647264250395,0.9839006074121868,true,0,NaN
5486,F,0.8997613260091163,0.9831436393442822,true,0,NaN
5487,F,0.8997611617101322,0.9836753810549385,true,0,NaN
5488,F,0.8997612438596242,0.9832665962579512,true,0,NaN
5489,F,0.8997612849343702,0.9831462499777394,true,0,NaN
5490,F,0.8997613054717433,0.9831425474053517,true,0,NaN
5491,F,0.8997613074521623,0.9831491217412281,true,0,NaN
5492,F,0.8997613064619527,0.983141640002202,true,0,NaN
5493,F,0.8997613131601984,0.9831405629361483,true,0,NaN
5494,F,0.8997613327429701,0.9831400315930771,true,0,NaN
5495,F,0.899760376734571,0.9831630223602936,true,0,NaN
5496,F,0.8997613484871646,0.9831429509227667,true,0,NaN
5497,F,0.8997608545621242,0.9831507445688358,true,0,NaN
5498,F,0.8997613073789871,0.9831413844281784,true,0,NaN
5499,F,0.8997610934835991,0.9831446883968741,true,0,NaN
5500,F,0.8997614193708786,0.9831372961625531,true,0,NaN
5501,F,0.8997611468076087,0.9833160999119571,true,0,NaN
5502,F,0.8997612830892436,0.9831411419547927,true,0,NaN
5503,F,0.8997613512300612,0.9831375025328697,true,0,NaN
5504,F,0.8997613383648507,0.9831370643361675,true,0,NaN
5505,F,0.8997595956278596,0.9831899780917204,true,0,NaN
5506,F,0.8997617331471552,0.9831482221753969,true,0,NaN
5507,F,0.8997604669087843,0.9831626694359585,true,0,NaN
5508,F,0.8997615012684151,0.9831424580949136,true,0,NaN
5509,F,0.8997609025525132,0.9831490462408834,true,0,NaN
5510,F,0.8997613865896444,0.983139581483654,true,0,NaN
5511,F,0.8997611203809109,0.9831422884802598,true,0,NaN
5512,F,0.8997613314310557,0.9831381440692066,true,0,NaN
5513,F,0.8997612293081799,0.9831390769122333,true,0,NaN
5514,F,0.8997612927157019,0.9831351477017445,true,0,NaN
5515,F,0.899752681766786,0.9846974427503585,true,0,NaN
5516,F,0.8997569845630665,0.9846157824845115,true,0,NaN
5517,F,0.8997591359854785,0.9841113750909294,true,0,NaN
5518,F,0.8997602117452327,0.983700868994765,true,0,NaN
5519,F,0.8997607497222447,0.9831821290525782,true,0,NaN
5520,F,0.8997626159401446,0.983467796815296,true,0,NaN
5521,F,0.899761018905328,0.983140776948875,true,0,NaN
5522,F,0.899761144613002,0.9831300994028458,true,0,NaN
5523,F,0.8997587070157491,0.9833425639440552,true,0,NaN
5524,F,0.8997682209229001,0.9850509130543629,true,0,NaN
5525,F,0.8997599114935201,0.9832582429694154,true,0,NaN
5526,F,0.8997656495027807,0.9841938394992159,true,0,NaN
5527,F,0.8997605145700652,0.9832188801804354,true,0,NaN
5528,F,0.8997644898896457,0.9835346032146934,true,0,NaN
5529,F,0.8997608162611239,0.9831451955466055,true,0,NaN
5530,F,0.8997614923218759,0.9831309273637626,true,0,NaN
5531,F,0.8997609675680242,0.98313046333165,true,0,NaN
5532,F,0.899761417289336,0.983124264256501,true,0,NaN
5533,F,0.89976119242868,0.9831239571956257,true,0,NaN
5534,F,0.8997598357526517,0.9832387759219811,true,0,NaN
5535,F,0.8997605140906659,0.9832130952712232,true,0,NaN
5536,F,0.8997608532596729,0.9831380161499426,true,0,NaN
5537,F,0.8997610228441765,0.9831270586110216,true,0,NaN
5538,F,0.8997597382325014,0.9831516128872523,true,0,NaN
5539,F,0.8997438457534315,0.983885887212516,true,0,NaN
5540,F,0.8997517919929664,0.9834479931184739,true,0,NaN
5541,F,0.8997557651127339,0.98329784053428,true,0,NaN
5542,F,0.8997577516726177,0.9831990759854584,true,0,NaN
5543,F,0.8997565710932491,0.9832608730537779,true,0,NaN
5544,F,0.8997595808088193,0.98314611924981,true,0,NaN
5545,F,0.8996454504997341,0.9856120994300961,true,0,NaN
5546,F,0.8996589409430803,0.9853707229092169,true,0,NaN
5547,F,0.8997025155148163,0.9843714674265522,true,0,NaN
5548,F,0.8997092189448699,0.9842496108465228,true,0,NaN
5549,F,0.8997310480229045,0.9837540346561203,true,0,NaN
5550,F,0.8997343737139474,0.9836926340281928,true,0,NaN
5551,F,0.899745314278043,0.9834460371206792,true,0,NaN
5552,F,0.8997469550307813,0.983415511029349,true,0,NaN
5553,F,0.8997524474078012,0.9832922423730884,true,0,NaN
5554,F,0.8997574031242258,0.9831855199089514,true,0,NaN
5555,F,0.8998917735573719,0.9827970577934456,true,0,NaN
5556,F,0.8998245883407988,0.9836990022582978,true,0,NaN
5557,F,0.8997909957325123,0.9844339373587178,true,0,NaN
5558,F,0.8997741994283691,0.9846589314941252,true,0,NaN
5559,F,0.89976684724357,0.9842418279799166,true,0,NaN
5560,F,0.8998257787013696,0.983614153498832,true,0,NaN
5561,F,0.8997621229488106,0.9832750085835873,true,0,NaN
5562,F,0.8997712592861249,0.9847841863434136,true,0,NaN
5563,F,0.899759760801403,0.9831369888838722,true,0,NaN
5564,F,0.8997600062394223,0.9831333795033287,true,0,NaN
5565,F,0.8997585797276431,0.9831593758159067,true,0,NaN
5566,F,0.8997568696604519,0.9831931250636676,true,0,NaN
5567,F,0.8997438576701257,0.9849591123229497,true,0,NaN
5568,F,0.8998253785080407,0.983812725624844,true,0,NaN
5569,F,0.89975035803168,0.9844248060113022,true,0,NaN
5570,F,0.8998072124352852,0.9832233504086265,true,0,NaN
5571,F,0.8997536082427159,0.9840714685494482,true,0,NaN
5572,F,0.8997941515128987,0.9832227528335653,true,0,NaN
5573,F,0.8997552334087561,0.983831412119156,true,0,NaN
5574,F,0.8997846953943723,0.983209006097812,true,0,NaN
5575,F,0.8997560461128603,0.9838225842042084,true,0,NaN
5576,F,0.8997564527073969,0.9833332148323448,true,0,NaN
5577,F,0.8997629189930463,0.9835506999472016,true,0,NaN
5578,F,0.8997566564651021,0.9831957002165873,true,0,NaN
5579,F,0.8997578965880059,0.9831685439672673,true,0,NaN
5580,F,0.8997453865420082,0.983367881967132,true,0,NaN
5581,F,0.8997119769847871,0.9839668480049348,true,0,NaN
5582,F,0.8997390495769668,0.9833924096876479,true,0,NaN
5583,F,0.899757176999953,0.9823157783682016,true,0,NaN
5584,F,0.8996963207971894,0.9828049931264285,true,0,NaN
5585,F,0.8996101497884804,0.9845425317546236,true,0,NaN
5586,F,0.8996703246955482,0.9833993569317447,true,0,NaN
5587,F,0.8996402372420143,0.9840424520476408,true,0,NaN
5588,F,0.8996251935152474,0.9842305754037394,true,0,NaN
5589,F,0.8996646156781382,0.9836631984878866,true,0,NaN
5590,F,0.8996449045966928,0.9838049174261442,true,0,NaN
5591,F,0.8996556975295545,0.9835758308436517,true,0,NaN
5592,F,0.8991982215011796,1.0418171072435718,false,0,NaN
5593,F,0.8998420389246111,1.0208089226305288,false,0,NaN
5594,F,0.8994269438784039,1.0040508329887117,false,0,NaN
5595,F,0.8996532895286328,0.99321610014907,true,0,NaN
5596,F,0.8995413050747765,0.9912687268128866,true,0,NaN
5597,F,0.8996263515423304,0.9876842591957063,true,0,NaN
5598,F,0.8995984856884833,0.9887363680608307,true,0,NaN
5599,F,0.8996555339837019,0.9841761393053221,true,0,NaN
5600,F,0.8996270760263779,0.9853612754535374,true,0,NaN
5601,F,0.8996468147231013,0.9839980096827942,true,0,NaN
5602,F,0.8996413712601393,0.9846980111333952,true,0,NaN
5603,F,0.8996537768839549,0.9834075405946123,true,0,NaN
5604,F,0.8992487536787528,0.9923508282769536,true,0,NaN
5605,F,0.8992506209548081,0.992300530615028,true,0,NaN
5606,F,0.899451029553621,0.9877411233336725,true,0,NaN
5607,F,0.8994519343758463,0.9877123078530039,true,0,NaN
5608,F,0.899552226950929,0.985559031996981,true,0,NaN
5609,F,0.8995526761689359,0.9855434255765402,true,0,NaN
5610,F,0.8996028783585749,0.984453830504438,true,0,NaN
5611,F,0.899603096819731,0.9844462749647969,true,0,NaN
5612,F,0.8996282620410496,0.9839107118001085,true,0,NaN
5613,F,0.8996206283326761,0.9854565607515267,true,0,NaN
5614,F,0.8996244449181572,0.9849563536069125,true,0,NaN
5615,F,0.899626353211659,0.9844525422592051,true,0,NaN
5616,F,0.8996273073599319,0.9844487288473347,true,0,NaN
5617,F,0.8996277844371128,0.9839122474618482,true,0,NaN
5618,F,0.8996300340337416,0.9838637156638144,true,0,NaN
5619,F,0.8996333133621153,0.9837930202257988,true,0,NaN
5620,F,0.8996347338548555,0.9837625093735445,true,0,NaN
5621,F,0.8996379122440963,0.9836942402315753,true,0,NaN
5622,F,0.8995685731623931,0.9955803564531801,true,0,NaN
5623,F,0.9001011531877553,0.9877804563968005,true,0,NaN
5624,F,0.8996032430512858,0.9900630825723639,true,0,NaN
5625,F,0.8998886097068474,0.985054401782985,true,0,NaN
5626,F,0.8996205779957324,0.9894903500439346,true,0,NaN
5627,F,0.899629245467956,0.9872174328154365,true,0,NaN
5628,F,0.8996335792040686,0.9853327475648646,true,0,NaN
5629,F,0.8996357460721266,0.9842181057000502,true,0,NaN
5630,F,0.8996368295061589,0.9842240335851032,true,0,NaN
5631,F,0.8996376420817062,0.9841118907988129,true,0,NaN
5632,F,0.8996378790831456,0.9836944000107447,true,0,NaN
5633,F,0.8996382925097146,0.983685506915592,true,0,NaN
5634,F,0.8996412277814767,0.9836233386361265,true,0,NaN
5635,F,0.8996440129422898,0.9835630174315695,true,0,NaN
5636,F,0.8996494814578065,0.9834454918564831,true,0,NaN
5637,F,0.8996496964431638,0.9834408680390009,true,0,NaN
5638,F,0.8996502210053338,0.9834295906027697,true,0,NaN
5639,F,0.899651460391688,0.9834029555028536,true,0,NaN
5640,F,0.8996541596556638,0.9833449618041181,true,0,NaN
5641,F,0.8996590922851532,0.9832389518836426,true,0,NaN
5642,F,0.8996655239098159,0.983100409170156,true,0,NaN
5643,F,0.8996705598309961,0.9829909332131563,true,0,NaN
5644,F,0.8996723115419096,0.9829508205330088,true,0,NaN
5645,F,0.8996723550991162,0.9829440113558993,true,0,NaN
5646,F,0.8996720813068364,0.9829379454484068,true,0,NaN
5647,F,0.8996703671018756,0.9829693632848112,true,0,NaN
5648,F,0.899670758299389,0.9829518647516352,true,0,NaN
5649,F,0.8996702011130864,0.98302229305072,true,0,NaN
5650,F,0.8996704797062377,0.9829581792683855,true,0,NaN
5651,F,0.8996694631524416,0.9829711088725452,true,0,NaN
5652,F,0.8996708633143156,0.9829389008512393,true,0,NaN
5653,F,0.8996707452699408,0.9829366662789218,true,0,NaN
5654,F,0.8996706073998504,0.9829375643596443,true,0,NaN
5655,F,0.8996703144495288,0.9829488723502859,true,0,NaN
5656,F,0.8996704609246896,0.9829385920163033,true,0,NaN
5657,F,0.8996699867068159,0.9835175897323236,true,0,NaN
5658,F,0.8996702238157527,0.9833887462663313,true,0,NaN
5659,F,0.8996703423702211,0.9829442350290976,true,0,NaN
5660,F,0.8996704016474554,0.9829392888911218,true,0,NaN
5661,F,0.8996704145099209,0.9829382471473564,true,0,NaN
5662,F,0.8996699906047619,0.9829450830875822,true,0,NaN
5663,F,0.8996699643588935,0.9829439175067528,true,0,NaN
5664,F,0.8996691894635147,0.9829592893095244,true,0,NaN
5665,F,0.899639178605005,0.9825231483469509,true,0,NaN
5666,F,0.8989847882560231,0.9995617049062643,true,0,NaN
5667,F,0.8993119834305141,0.9896521682053478,true,0,NaN
5668,F,0.8994755810177595,0.9859192646858769,true,0,NaN
5669,F,0.8995573798113823,0.9839455341733002,true,0,NaN
5670,F,0.8995921075348695,0.9829290537481725,true,0,NaN
5671,F,0.8995664384371898,0.9837966101966492,true,0,NaN
5672,F,0.8995792729860296,0.98296815559281,true,0,NaN
5673,F,0.8995292603780991,0.9862547001895892,true,0,NaN
5674,F,0.8995542666820644,0.9844442535816028,true,0,NaN
5675,F,0.8995667698340469,0.984215488497473,true,0,NaN
5676,F,0.8995730214100383,0.984132434189704,true,0,NaN
5677,F,0.8995726507630128,0.9841290885206608,true,0,NaN
5678,F,0.8996272139442075,0.9834077577397057,true,0,NaN
5679,F,0.8995759600781723,0.9836029120111492,true,0,NaN
5680,F,0.8996056474423042,0.9829671261375009,true,0,NaN
5681,F,0.8995776147357835,0.9831965457238329,true,0,NaN
5682,F,0.8995885149808309,0.98295188481019,true,0,NaN
5683,F,0.8995784420646517,0.9832069911096633,true,0,NaN
5684,F,0.8995894154665979,0.9829529846950401,true,0,NaN
5685,F,0.8995788557292111,0.9829638315722948,true,0,NaN
5686,F,0.8995591489947129,0.9864982615744087,true,0,NaN
5687,F,0.8997157908240726,0.9834060775293529,true,0,NaN
5688,F,0.8995690039577084,0.985892741598435,true,0,NaN
5689,F,0.8995739314392237,0.9839354913859526,true,0,NaN
5690,F,0.8996169963914143,0.9839275358940808,true,0,NaN
5691,F,0.8995763951800164,0.9834624430034994,true,0,NaN
5692,F,0.8995984956738241,0.982965529342616,true,0,NaN
5693,F,0.8995776270504828,0.9829641026858864,true,0,NaN
5694,F,0.8995202532941542,0.9886434650098025,true,0,NaN
5695,F,0.8995772712352942,0.9829638703820122,true,0,NaN
5696,F,0.8995339981765853,0.9850162419014793,true,0,NaN
5697,F,0.8995556347059398,0.9842692874801777,true,0,NaN
5698,F,0.899566452970617,0.9842630775019275,true,0,NaN
5699,F,0.8995718621029556,0.9836031927914578,true,0,NaN
5700,F,0.8995766826288019,0.9832084772618395,true,0,NaN
5701,F,0.8995847362308925,0.9830445039389036,true,0,NaN
5702,F,0.8995769523737662,0.9830758476019509,true,0,NaN
5703,F,0.8995806434144232,0.9831342663350047,true,0,NaN
5704,F,0.8995770872697226,0.982963522261805,true,0,NaN
5705,F,0.8995724477835951,0.9833044084919478,true,0,NaN
5706,F,0.8995873947989349,0.9829827252918784,true,0,NaN
5707,F,0.8995747668755225,0.9832566523024879,true,0,NaN
5708,F,0.8995876192547413,0.9829796267500677,true,0,NaN
5709,F,0.8995759264246902,0.9830505391742167,true,0,NaN
5710,F,0.8995797418912302,0.9830417954314802,true,0,NaN
5711,F,0.8995765062056822,0.982975129296331,true,0,NaN
5712,F,0.8995758230440652,0.98298561695547,true,0,NaN
5713,F,0.8995750545401064,0.9834823375753948,true,0,NaN
5714,F,0.899575436457014,0.9829856886104933,true,0,NaN
5715,F,0.8995771562665542,0.9837962519102648,true,0,NaN
5716,F,0.8995754620653115,0.9829838507839351,true,0,NaN
5717,F,0.899580363907914,0.9828515810661898,true,0,NaN
5718,F,0.8989498288386976,0.9935582250819357,true,0,NaN
5719,F,0.8990168688830927,0.9921494042655609,true,0,NaN
5720,F,0.8992650956261451,0.9866583126037628,true,0,NaN
5721,F,0.8994556911478099,0.9824253295159899,true,0,NaN
5722,F,0.8993134278609187,0.9969634560427424,true,0,NaN
5723,F,0.8999544427431178,0.9878684928586988,true,0,NaN
5724,F,0.8993835553401404,0.9917940999195911,true,0,NaN
5725,F,0.8997969051968965,0.9838592440053848,true,0,NaN
5726,F,0.8994189794812986,0.9865566729035345,true,0,NaN
5727,F,0.8996016739136024,0.9853138944408991,true,0,NaN
5728,F,0.8994372024977985,0.9856037668259732,true,0,NaN
5729,F,0.8995779286440735,0.9827699626011309,true,0,NaN
5730,F,0.8994467731468276,0.9849265070027695,true,0,NaN
5731,F,0.8994516244126353,0.9840319141975977,true,0,NaN
5732,F,0.8994540408265695,0.9835471085539026,true,0,NaN
5733,F,0.8994558601598296,0.9824084336668838,true,0,NaN
5734,F,0.8994428069245579,0.9837802691918778,true,0,NaN
5735,F,0.8994553185370133,0.9824182117906969,true,0,NaN
5736,F,0.8994418088632631,0.9845594519925278,true,0,NaN
5737,F,0.8994485637001381,0.983648725491686,true,0,NaN
5738,F,0.8994519411185757,0.9836020976349388,true,0,NaN
5739,F,0.8994536298277945,0.9833985415677017,true,0,NaN
5740,F,0.8994538939978697,0.9830633222823634,true,0,NaN
5741,F,0.8994814734755343,0.9829522174560761,true,0,NaN
5742,F,0.8994546084016986,0.9824326515043629,true,0,NaN
5743,F,0.8994481130538466,0.9819821988948869,true,0,NaN
5744,F,0.8992109972848863,0.9868873884338765,true,0,NaN
5745,F,0.8993295551693664,0.9843414323900057,true,0,NaN
5746,F,0.8994079318154422,0.9822460692843592,true,0,NaN
5747,F,0.899396974878135,0.9824799376911926,true,0,NaN
5748,F,0.899396652878962,0.9824754791345671,true,0,NaN
5749,F,0.8993967873736606,0.9824690920924929,true,0,NaN
5750,F,0.8993883287072998,0.9851000240025478,true,0,NaN
5751,F,0.8993925580404802,0.9850635841794793,true,0,NaN
5752,F,0.8993946727070704,0.9842650733597219,true,0,NaN
5753,F,0.8993957300403654,0.9833229678358448,true,0,NaN
5754,F,0.8993947701363832,0.9842642202834915,true,0,NaN
5755,F,0.89947014786583,0.9839001266887133,true,0,NaN
5756,F,0.8993957731346185,0.9832168727999157,true,0,NaN
5757,F,0.8994271166074309,0.98350941843885,true,0,NaN
5758,F,0.8993962746350057,0.982483083539011,true,0,NaN
5759,F,0.89939669964158,0.9824852595850087,true,0,NaN
5760,F,0.8993965253877388,0.9824715511927187,true,0,NaN
5761,F,0.899396363335464,0.9824902283671503,true,0,NaN
5762,F,0.8993964443616015,0.9824731914820223,true,0,NaN
5763,F,0.899396404854331,0.9824721141328249,true,0,NaN
5764,F,0.8993947323875741,0.9830703001856077,true,0,NaN
5765,F,0.8994204712457691,0.982500778596933,true,0,NaN
5766,F,0.8993955619964826,0.9830587636696251,true,0,NaN
5767,F,0.8993959769258463,0.9824928792547817,true,0,NaN
5768,F,0.8993968705384636,0.9824755097495032,true,0,NaN
5769,F,0.899396184641007,0.9824722034028299,true,0,NaN
5770,F,0.89938908274173,0.984179668257452,true,0,NaN
5771,F,0.8993960564433107,0.982472916263709,true,0,NaN
5772,F,0.8993906947426625,0.9828703326912287,true,0,NaN
5773,F,0.8993933755929866,0.9827874069711013,true,0,NaN
5774,F,0.8993947160181486,0.9827596150357868,true,0,NaN
5775,F,0.8993953862307297,0.9824789082896982,true,0,NaN
5776,F,0.8993935256032657,0.9828291827091487,true,0,NaN
5777,F,0.8993944559169976,0.9827633350870638,true,0,NaN
5778,F,0.8993949210738637,0.9827542813889254,true,0,NaN
5779,F,0.8993951536522967,0.982535445353742,true,0,NaN
5780,F,0.8993943565390129,0.9827656055524805,true,0,NaN
5781,F,0.8994053027492239,0.9825482617818437,true,0,NaN
5782,F,0.8993948617910056,0.9827550054383875,true,0,NaN
5783,F,0.8994054690696086,0.9825473565151797,true,0,NaN
5784,F,0.8993951144174714,0.9825913088127607,true,0,NaN
5785,F,0.8993994261003014,0.9824957178861978,true,0,NaN
5786,F,0.8993952407316435,0.9824802378591434,true,0,NaN
5787,F,0.899395280961712,0.9825683007132151,true,0,NaN
5788,F,0.8993952608466776,0.9824810063461776,true,0,NaN
5789,F,0.8993952507891606,0.9824791376748737,true,0,NaN
5790,F,0.8993954377621117,0.982473759157442,true,0,NaN
5791,F,0.8993942500861345,0.9829768042294518,true,0,NaN
5792,F,0.899415069198436,0.9820601583692081,true,0,NaN
5793,F,0.8993947829312678,0.9825081120840138,true,0,NaN
5794,F,0.899396204762741,0.9824537568130226,true,0,NaN
5795,F,0.8993954791123402,0.9842466325580386,true,0,NaN
5796,F,0.8993958310595395,0.9832232881263618,true,0,NaN
5797,F,0.8993960074699134,0.983022255102532,true,0,NaN
5798,F,0.8993960965681059,0.9829033169835723,true,0,NaN
5799,F,0.8993961429519688,0.9824781548815098,true,0,NaN
5800,F,0.8993972259795824,0.9824676804268136,true,0,NaN
5801,F,0.8993961677904421,0.9824577152570103,true,0,NaN
5802,F,0.8993963435112369,0.9824541237862519,true,0,NaN
5803,F,0.8993961831546109,0.982454632400696,true,0,NaN
5804,F,0.899396222027546,0.9824537803954666,true,0,NaN
5805,F,0.8993961980263175,0.9824537836419167,true,0,NaN
5806,F,0.8993961428705551,0.9824540350434856,true,0,NaN
5807,F,0.8993933301530807,0.9838831677578371,true,0,NaN
5808,F,0.8993961289251745,0.982454167299562,true,0,NaN
5809,F,0.8993863490173734,0.9850217075378866,true,0,NaN
5810,F,0.8993912389712739,0.9839819903802772,true,0,NaN
5811,F,0.8993936839482243,0.9832596527407953,true,0,NaN
5812,F,0.8993949064366994,0.9824633834959583,true,0,NaN
5813,F,0.8993878571815963,0.9838489950847598,true,0,NaN
5814,F,0.8993913818091478,0.9832520097216879,true,0,NaN
5815,F,0.8993931441229236,0.9832351524501595,true,0,NaN
5816,F,0.8993940252798115,0.983229247655888,true,0,NaN
5817,F,0.8993927860230141,0.98323794086403,true,0,NaN
5818,F,0.8994268835644474,0.9826182980430546,true,0,NaN
5819,F,0.8993938452850184,0.9832302852805144,true,0,NaN
5820,F,0.8994279303669201,0.9826051036923376,true,0,NaN
5821,F,0.899394374916156,0.9832273165344179,true,0,NaN
5822,F,0.8993946397319958,0.9824674754332527,true,0,NaN
5823,F,0.8993934348322784,0.9824946224725692,true,0,NaN
5824,F,0.8993940372821371,0.9824797458213667,true,0,NaN
5825,F,0.8993942243251869,0.9824752026182614,true,0,NaN
5826,F,0.8993931322353804,0.9832471052680467,true,0,NaN
5827,F,0.8993936782802836,0.9827497404487147,true,0,NaN
5828,F,0.8993939513027353,0.982481488958721,true,0,NaN
5829,F,0.8993940878139611,0.9824771386657108,true,0,NaN
5830,F,0.8987857740285149,0.9961367426827219,true,0,NaN
5831,F,0.8987732802518369,0.9963936352905491,true,0,NaN
5832,F,0.8987734195339715,0.9963881004013224,true,0,NaN
5833,F,0.8987732204057806,0.9963864212711521,true,0,NaN
5834,F,0.8987730834078844,0.9963901379406885,true,0,NaN
5835,F,0.8987731519068325,0.9963874180856954,true,0,NaN
5836,F,0.8987731558855039,0.9963869741081436,true,0,NaN
5837,F,0.8987731700023317,0.9963866306229225,true,0,NaN
5838,F,0.8987726494606778,0.9963944943461325,true,0,NaN
5839,F,0.8987721402804681,0.9969725047599333,true,0,NaN
5840,F,0.8987970406749157,0.9964830845818451,true,0,NaN
5841,F,0.8987723888319405,0.9969678515171053,true,0,NaN
5842,F,0.8987725131296908,0.9966197713406858,true,0,NaN
5843,F,0.8987725753226623,0.9963994582664953,true,0,NaN
5844,F,0.8987727891692574,0.9963952856106951,true,0,NaN
5845,F,0.8987726065078923,0.9963952052391787,true,0,NaN
5846,F,0.898772859700543,0.9963880144466375,true,0,NaN
5847,F,0.8987697624408673,0.9964140746261773,true,0,NaN
5848,F,0.898769638967361,0.9963612285704069,true,0,NaN
5849,F,0.8987678835784662,0.9963916509449808,true,0,NaN
5850,F,0.8987672997360779,0.996220442184367,true,0,NaN
5851,F,0.8987596286039076,0.9960659747750925,true,0,NaN
5852,F,0.8986916265446798,1.1874918599569932,false,0,NaN
5853,F,0.8987256176789918,1.0395002761918746,false,0,NaN
5854,F,0.9004976563392045,1.0180085324337238,false,0,NaN
5855,F,0.8987426132500622,1.0080017551576426,false,0,NaN
5856,F,0.8992295462309055,1.0016268733845137,false,0,NaN
5857,F,0.8987511110434261,0.9999132393749218,true,0,NaN
5858,F,0.8989080546139395,0.9992102604809637,true,0,NaN
5859,F,0.8987553599557654,0.9973130763810685,true,0,NaN
5860,F,0.8988062288438373,0.9966156564474138,true,0,NaN
5861,F,0.898757484443251,0.9962303005357117,true,0,NaN
5862,F,0.8987641822038704,0.9971213654767271,true,0,NaN
5863,F,0.8987585467496336,0.996107386165917,true,0,NaN
5864,F,0.8987602329432274,0.9960664152411598,true,0,NaN
5865,F,0.8987593439186452,0.9960687645403618,true,0,NaN
5866,F,0.8987439482855716,0.9960410855870583,true,0,NaN
5867,F,0.8987292207098065,0.996377784664671,true,0,NaN
5868,F,0.8987294955943799,0.9963713028460043,true,0,NaN
5869,F,0.8987188397494908,0.9994025054680624,true,0,NaN
5870,F,0.8988425973326859,0.9982687293917093,true,0,NaN
5871,F,0.8987241084022214,0.9989897499064136,true,0,NaN
5872,F,0.8988310139545023,0.9974506762971311,true,0,NaN
5873,F,0.8987267430295001,0.997515440992332,true,0,NaN
5874,F,0.8987734557340497,0.99783841370625,true,0,NaN
5875,F,0.8987280609455686,0.9975127199422669,true,0,NaN
5876,F,0.8987287211133045,0.9975107471577755,true,0,NaN
5877,F,0.8987290536561683,0.9965368355461123,true,0,NaN
5878,F,0.8987358120005943,0.9973481103300138,true,0,NaN
5879,F,0.8987292251924085,0.996372939528277,true,0,NaN
5880,F,0.8987291857180983,0.9963755045064844,true,0,NaN
5881,F,0.898729210044804,0.9963731672438946,true,0,NaN
5882,F,0.8987293393462146,0.9963695456859466,true,0,NaN
5883,F,0.8987291446886239,0.996374311761433,true,0,NaN
5884,F,0.8987292420174192,0.9963702443277548,true,0,NaN
5885,F,0.8987292126411305,0.9963698785036814,true,0,NaN
5886,F,0.8987211395929948,0.9965980585653134,true,0,NaN
5887,F,0.8987273294015684,0.9964773647153115,true,0,NaN
5888,F,0.8987251750011063,0.9964826260775889,true,0,NaN
5889,F,0.8987282334891857,0.9964229797712496,true,0,NaN
5890,F,0.898727192746722,0.9964249431353457,true,0,NaN
5891,F,0.8987286864779118,0.9963958102415076,true,0,NaN
5892,F,0.8987282017026647,0.9963961079630157,true,0,NaN
5893,F,0.8987289132262735,0.9963822302048108,true,0,NaN
5894,F,0.8987287063470257,0.9963816993841677,true,0,NaN
5895,F,0.89872902701118,0.9963754347215922,true,0,NaN
5896,F,0.8987289590029494,0.9963746440134056,true,0,NaN
5897,F,0.8987287883727813,0.996369550033785,true,0,NaN
5898,F,0.89862497260805,1.00475619619954,false,0,NaN
5899,F,0.8989881248498898,0.9966196055131938,true,0,NaN
5900,F,0.8986768804904156,1.003543589827322,false,0,NaN
5901,F,0.8987028344315985,1.000800101655703,false,0,NaN
5902,F,0.8987158114021898,0.998449082854706,true,0,NaN
5903,F,0.8987236029603826,0.9981466005528826,true,0,NaN
5904,F,0.8987984823710694,0.9974858199211583,true,0,NaN
5905,F,0.8987261945604267,0.9974159319201668,true,0,NaN
5906,F,0.8987702895111209,0.9975006386683408,true,0,NaN
5907,F,0.8987274903605336,0.9972970397991939,true,0,NaN
5908,F,0.8987665824273051,0.9976213593655278,true,0,NaN
5909,F,0.8987281382607566,0.9963707108309855,true,0,NaN
5910,F,0.8986261798194166,1.0047344504159932,false,0,NaN
5911,F,0.8989884171443578,0.9966189417683236,true,0,NaN
5912,F,0.8987274962593191,0.9972969881303219,true,0,NaN
5913,F,0.8987278172600379,0.9963719902928072,true,0,NaN
5914,F,0.8987268752918025,0.9963962001902505,true,0,NaN
5915,F,0.8987273462759202,0.9963827762434982,true,0,NaN
5916,F,0.8987275817679791,0.9963771848549089,true,0,NaN
5917,F,0.8987278826122359,0.9963684229982979,true,0,NaN
5918,F,0.8987157319362886,0.9978049972481186,true,0,NaN
5919,F,0.8987771654112752,0.9963614395322561,true,0,NaN
5920,F,0.8987217959747901,0.9978521308505189,true,0,NaN
5921,F,0.8987852449000683,0.9963599218758121,true,0,NaN
5922,F,0.8987248280341618,0.9973074194985129,true,0,NaN
5923,F,0.8987649830337983,0.9969694419232654,true,0,NaN
5924,F,0.898726344144099,0.9974199486880458,true,0,NaN
5925,F,0.8987713112644484,0.9963863082098608,true,0,NaN
5926,F,0.8987271023596445,0.9974160601484803,true,0,NaN
5927,F,0.8987274817891677,0.9973672227744775,true,0,NaN
5928,F,0.89872767215225,0.9969000922060773,true,0,NaN
5929,F,0.8987278193175056,0.9963722520212644,true,0,NaN
5930,F,0.8987279830616446,0.996369478570149,true,0,NaN
5931,F,0.8987278727590504,0.9963684368959873,true,0,NaN
5932,F,0.8987278549065606,0.9963685768707345,true,0,NaN
5933,F,0.8987279976019175,0.9963652506906917,true,0,NaN
5934,F,0.8987277220755963,0.9967931909918785,true,0,NaN
5935,F,0.8987278598387569,0.9963818350622758,true,0,NaN
5936,F,0.8987279287203371,0.9963676254715221,true,0,NaN
5937,F,0.8987279631611274,0.9963660209018474,true,0,NaN
5938,F,0.8987278185854694,0.9963691178765326,true,0,NaN
5939,F,0.8987265040791088,0.9974793661736202,true,0,NaN
5940,F,0.8987744766695352,0.9970492381622711,true,0,NaN
5941,F,0.8987271591801066,0.9964204481994625,true,0,NaN
5942,F,0.8987293771334447,0.996414830046875,true,0,NaN
5943,F,0.8987274867429451,0.9963759304023544,true,0,NaN
5944,F,0.8987274677439341,0.9963811163604501,true,0,NaN
5945,F,0.898727485955563,0.9963747050082961,true,0,NaN
5946,F,0.8987279337259689,0.9965738659177205,true,0,NaN
5947,F,0.8987277098407659,0.9963645574217962,true,0,NaN
5948,F,0.8987247260463085,0.997467783351385,true,0,NaN
5949,F,0.8987262179435371,0.9965643042369364,true,0,NaN
5950,F,0.8987269638921516,0.9965971640854085,true,0,NaN
5951,F,0.8987273368664587,0.9964631266053589,true,0,NaN
5952,F,0.8987247260463085,0.9974677833513848,true,0,NaN
5953,F,0.8987717442244567,0.9953119349855595,true,0,NaN
5954,F,0.898726217030567,0.9965591766455066,true,0,NaN
5955,F,0.8987345878959564,0.9962316402146024,true,0,NaN
5956,F,0.8987269625227005,0.9965964873516863,true,0,NaN
5957,F,0.8987368564932914,0.9963662573401354,true,0,NaN
5958,F,0.8987273352687754,0.9964629467630277,true,0,NaN
5959,F,0.8987315369641061,0.9963665299708905,true,0,NaN
5960,F,0.8987275216418295,0.9965816958516933,true,0,NaN
5961,F,0.8987367440989272,0.9963753722498835,true,0,NaN
5962,F,0.8987276148283896,0.9963658041991789,true,0,NaN
5963,F,0.8987261861676955,0.9963949414919454,true,0,NaN
5964,F,0.8987265931804139,0.9962553286114973,true,0,NaN
5965,F,0.8987208769244526,0.9963131219887034,true,0,NaN
5966,F,0.8987168323401391,0.9962826048032537,true,0,NaN
5967,F,0.8987131383246746,0.9963668773113278,true,0,NaN
5968,F,0.8987130771134244,0.9963679080652519,true,0,NaN
5969,F,0.8987130448882136,0.9963685588406118,true,0,NaN
5970,F,0.8987130476971403,0.9963681433991699,true,0,NaN
5971,F,0.8987130705542605,0.9963675602458212,true,0,NaN
5972,F,0.898712992641969,0.9963680310709574,true,0,NaN
5973,F,0.898706862512014,0.9967768036545414,true,0,NaN
5974,F,0.8987196990961156,0.9965234461250141,true,0,NaN
5975,F,0.8987099275769915,0.996462023660133,true,0,NaN
5976,F,0.898712879220113,0.9964099077386307,true,0,NaN
5977,F,0.8987114601094802,0.9964139466623141,true,0,NaN
5978,F,0.8987129019941532,0.9963854766356005,true,0,NaN
5979,F,0.8987122263757247,0.9963899234469145,true,0,NaN
5980,F,0.8987129138611152,0.996376347641604,true,0,NaN
5981,F,0.8987126095088468,0.99637793226991,true,0,NaN
5982,F,0.8987129204361731,0.9963717788688387,true,0,NaN
5983,F,0.898712801075408,0.9963720767553486,true,0,NaN
5984,F,0.8987127751802961,0.9963672332912786,true,0,NaN
5985,F,0.8987064269275173,0.9981954630748451,true,0,NaN
5986,F,0.8987096010539067,0.9970877347226568,true,0,NaN
5987,F,0.8987111881171015,0.9967309294585582,true,0,NaN
5988,F,0.8987119816486988,0.9967180762686187,true,0,NaN
5989,F,0.8987110415664038,0.9967369548505056,true,0,NaN
5990,F,0.898726902856736,0.9979708251630486,true,0,NaN
5991,F,0.8987119105994653,0.9967167682043898,true,0,NaN
5992,F,0.8987268795974712,0.9975916883064343,true,0,NaN
5993,F,0.8987123451159987,0.9965954814121841,true,0,NaN
5994,F,0.8987221170319968,0.9972739476569619,true,0,NaN
5995,F,0.8987125623742707,0.996388573443102,true,0,NaN
5996,F,0.898713486339044,0.9963660493489882,true,0,NaN
5997,F,0.8987126710034171,0.9963670602123251,true,0,NaN
5998,F,0.898706572354736,0.9981785488977264,true,0,NaN
5999,F,0.8987119262187077,0.996716380871281,true,0,NaN
6000,F,0.8987122986110624,0.9966232965432251,true,0,NaN
6001,F,0.8987124848072398,0.9965893321874941,true,0,NaN
6002,F,0.8987119264928098,0.9967163760700453,true,0,NaN
6003,F,0.8987269581009029,0.9971824124317442,true,0,NaN
6004,F,0.8987122989042358,0.9966227418184413,true,0,NaN
6005,F,0.8987232954964133,0.9968988994802517,true,0,NaN
6006,F,0.8987124851099583,0.9965893093062463,true,0,NaN
6007,F,0.8987220391117168,0.9969010782516287,true,0,NaN
6008,F,0.8987125782128382,0.9963725009144474,true,0,NaN
6009,F,0.8987128162388337,0.9963668832424454,true,0,NaN
6010,F,0.8987126247643159,0.9963670419706235,true,0,NaN
6011,F,0.8987113995308637,0.9968326471267536,true,0,NaN
6012,F,0.8987125716686294,0.9963666911514004,true,0,NaN
6013,F,0.8987116065271683,0.996591476942827,true,0,NaN
6014,F,0.8987120890978989,0.9965840681031132,true,0,NaN
6015,F,0.8987123303832641,0.9965635031381237,true,0,NaN
6016,F,0.8987124510259468,0.9963687300679277,true,0,NaN
6017,F,0.8987118868897773,0.9963777618191967,true,0,NaN
6018,F,0.8987086527366928,0.9966045003941667,true,0,NaN
6019,F,0.8987180866780298,0.9963958371430205,true,0,NaN
6020,F,0.8987102543276027,0.996650316605269,true,0,NaN
6021,F,0.8987215943903807,0.9963992647059213,true,0,NaN
6022,F,0.8987110551370981,0.9966183040129885,true,0,NaN
6023,F,0.8987210632231133,0.9963968316875671,true,0,NaN
6024,F,0.8987114555699312,0.99660857870839,true,0,NaN
6025,F,0.8987210589952893,0.9963961487413584,true,0,NaN
6026,F,0.8987116558425529,0.9964614281749353,true,0,NaN
6027,F,0.8987151368900455,0.9963609941547266,true,0,NaN
6028,F,0.8987117560551509,0.9963815280632503,true,0,NaN
6029,F,0.8987119127614067,0.996378019919898,true,0,NaN
6030,F,0.89871180636574,0.9963793152418816,true,0,NaN
6031,F,0.8987099414641201,0.9971681243541105,true,0,NaN
6032,F,0.8987118032503894,0.9963792164778458,true,0,NaN
6033,F,0.8987123997738419,0.996362894655629,true,0,NaN
6034,F,0.8987122712099812,0.9963626579829159,true,0,NaN
6035,F,0.8987123881567156,0.9963587485357158,true,0,NaN
6036,F,0.898712355923914,0.9963630214749022,true,0,NaN
6037,F,0.8987123720403148,0.9963570654757771,true,0,NaN
6038,F,0.89871234530611,0.9963572713518026,true,0,NaN
6039,F,0.8987119343174401,0.9966037828455944,true,0,NaN
6040,F,0.8987225237622607,0.9963599767767961,true,0,NaN
6041,F,0.8987121237839809,0.9963653941750883,true,0,NaN
6042,F,0.8987124727159183,0.9963574109102862,true,0,NaN
6043,F,0.8987122189460841,0.996361549739515,true,0,NaN
6044,F,0.8987124027329902,0.9963573679572055,true,0,NaN
6045,F,0.8987122674203992,0.9963601097095597,true,0,NaN
6046,F,0.8987123893482517,0.9963573340094404,true,0,NaN
6047,F,0.8987122938194464,0.9963593330939842,true,0,NaN
6048,F,0.898712382386391,0.9963573159819096,true,0,NaN
6049,F,0.8987123142818253,0.9963585142551136,true,0,NaN
6050,F,0.8987123676738,0.9963572984687786,true,0,NaN
6051,F,0.8987123285806977,0.9963578106990255,true,0,NaN
6052,F,0.8987123517497333,0.9963572814409692,true,0,NaN
6053,F,0.8987123405523831,0.9963573273895868,true,0,NaN
6054,F,0.8987121387591861,0.9963939085226096,true,0,NaN
6055,F,0.8987123395947676,0.99635733358397,true,0,NaN
6056,F,0.8987079209118148,0.996762504219129,true,0,NaN
6057,F,0.8987101302532912,0.9967155598996348,true,0,NaN
6058,F,0.8987112349240294,0.996671946634218,true,0,NaN
6059,F,0.8987117872593985,0.9965919225070617,true,0,NaN
6060,F,0.8987123364394598,0.9963573329070272,true,0,NaN
6061,F,0.8986981618991106,0.9977267771127795,true,0,NaN
6062,F,0.8987123142335893,0.9963573307323798,true,0,NaN
6063,F,0.898700907873265,0.9977539608244295,true,0,NaN
6064,F,0.8987066110534272,0.9968476322370594,true,0,NaN
6065,F,0.8987094626435083,0.9967506181212394,true,0,NaN
6066,F,0.8987108884385487,0.9967043627982753,true,0,NaN
6067,F,0.8987122657308666,0.9963573440490983,true,0,NaN
6068,F,0.8987118613255315,0.9963635528141079,true,0,NaN
6069,F,0.8987106930663513,0.9966674824500136,true,0,NaN
6070,F,0.8987118072303022,0.9963635773458565,true,0,NaN
6071,F,0.8987110086475264,0.9965899921948602,true,0,NaN
6072,F,0.8987114079389144,0.9965950587899652,true,0,NaN
6073,F,0.8987116075846082,0.9965954404436771,true,0,NaN
6074,F,0.8987117074074552,0.9963754650888735,true,0,NaN
6075,F,0.8987117048866936,0.9963751646988203,true,0,NaN
6076,F,0.8987121862716323,0.9963631596169779,true,0,NaN
6077,F,0.8987117505469868,0.9963640185269577,true,0,NaN
6078,F,0.898711316374276,0.9965287898301073,true,0,NaN
6079,F,0.8987116455692573,0.9963649217363753,true,0,NaN
6080,F,0.8987116742373835,0.9965816642476273,true,0,NaN
6081,F,0.8987116599033204,0.9963779361709816,true,0,NaN
6082,F,0.8987116527362888,0.9963644662659539,true,0,NaN
6083,F,0.8987118381053859,0.9963596280123407,true,0,NaN
6084,F,0.8986857556856499,1.002864007616978,false,0,NaN
6085,F,0.8986987968740213,1.0013106483021146,false,0,NaN
6086,F,0.8987053174682115,0.999607848714351,true,0,NaN
6087,F,0.8987085777653155,0.998515726065141,true,0,NaN
6088,F,0.8987102079138857,0.9985205164178531,true,0,NaN
6089,F,0.8987110229882069,0.9980996544597934,true,0,NaN
6090,F,0.8987114305254398,0.9969201646545721,true,0,NaN
6091,F,0.8987117361788705,0.996365326101305,true,0,NaN
6092,F,0.8987119731247919,0.9963626316522335,true,0,NaN
6093,F,0.8987118253330175,0.9963596502362173,true,0,NaN
6094,F,0.8987111670175313,0.9972573721947313,true,0,NaN
6095,F,0.8987118094599011,0.9963596465396073,true,0,NaN
6096,F,0.8987064773092535,0.99850096759987,true,0,NaN
6097,F,0.8987091433845773,0.9973925934359733,true,0,NaN
6098,F,0.8987104764222392,0.9974852772767002,true,0,NaN
6099,F,0.8987111429410701,0.9969650336162165,true,0,NaN
6100,F,0.8987117860284503,0.9963597061059148,true,0,NaN
6101,F,0.8987033375649561,0.9989514090823572,true,0,NaN
6102,F,0.8987115704998864,0.996360214046574,true,0,NaN
6103,F,0.8987088398445464,0.9973872005738069,true,0,NaN
6104,F,0.8987102051722164,0.9974828842816346,true,0,NaN
6105,F,0.8987108878360514,0.9974829658498214,true,0,NaN
6106,F,0.8987112291679689,0.9969375684717924,true,0,NaN
6107,F,0.8987111937807385,0.996971294270202,true,0,NaN
6108,F,0.8987113758055136,0.9963946682721416,true,0,NaN
6109,F,0.8987128281126581,0.9964847183494917,true,0,NaN
6110,F,0.8987114668424163,0.9963619036066801,true,0,NaN
6111,F,0.8987113937667371,0.996363257399683,true,0,NaN
6112,F,0.8987115084307349,0.9963602569189345,true,0,NaN
6113,F,0.8987111966309731,0.9972059721138526,true,0,NaN
6114,F,0.898711352530854,0.9964711894440083,true,0,NaN
6115,F,0.8987114304807945,0.9963664350053903,true,0,NaN
6116,F,0.8987114694557646,0.9963613524993542,true,0,NaN
6117,F,0.8987111966309731,0.9972059721138526,true,0,NaN
6118,F,0.8987470984402892,0.9976717145241579,true,0,NaN
6119,F,0.8987113519231985,0.996473084160273,true,0,NaN
6120,F,0.8987161065795664,0.9968771004115253,true,0,NaN
6121,F,0.8987114295693215,0.9963666401642448,true,0,NaN
6122,F,0.8987116773861834,0.9963623276302623,true,0,NaN
6123,F,0.8987114683924032,0.996361408313467,true,0,NaN
6124,F,0.8987115054601942,0.9963605836583301,true,0,NaN
6125,F,0.8987114878039849,0.9963605903658352,true,0,NaN
6126,F,0.8987114950675811,0.9963603542978807,true,0,NaN
6127,F,0.898711497473006,0.9963602845501169,true,0,NaN
6128,F,0.8987114662383278,0.9963614026833695,true,0,NaN
6129,F,0.8987115145815627,0.9963602652106285,true,0,NaN
6130,F,0.8987114798832889,0.9963606039972553,true,0,NaN
6131,F,0.898711038758253,0.996381289406516,true,0,NaN
6132,F,0.8987114759167167,0.9963606772207705,true,0,NaN
6133,F,0.898711426615498,0.9963617092437731,true,0,NaN
6134,F,0.8987114025821391,0.9963618504241909,true,0,NaN
6135,F,0.8987114503791767,0.9963606602231038,true,0,NaN
6136,F,0.8987114011800659,0.9963622441429357,true,0,NaN
6137,F,0.8987114257796213,0.9963610223900768,true,0,NaN
6138,F,0.8987114280297709,0.9963608740900696,true,0,NaN
6139,F,0.8987110585686534,0.9964175164382977,true,0,NaN
6140,F,0.8987112432992121,0.996372061108678,true,0,NaN
6141,F,0.8987113356644915,0.996362744795375,true,0,NaN
6142,F,0.8987112694705895,0.9963628501913206,true,0,NaN
6143,F,0.8987108012616459,0.9962713005285696,true,0,NaN
6144,F,0.8987072427219348,0.9963526726836226,true,0,NaN
6145,F,0.8987057061339246,0.9963822565327558,true,0,NaN
6146,F,0.898695198739584,0.9990832268911329,true,0,NaN
6147,F,0.8988084754841038,0.9972671738190653,true,0,NaN
6148,F,0.8987004421456615,0.9987615469094387,true,0,NaN
6149,F,0.8988002274187975,0.9970130032832085,true,0,NaN
6150,F,0.898703063856998,0.9974299062308092,true,0,NaN
6151,F,0.8987470013669897,0.9976268135049755,true,0,NaN
6152,F,0.8987043747292628,0.9966918558865192,true,0,NaN
6153,F,0.8987173591147664,0.9975535978638704,true,0,NaN
6154,F,0.8987050301985917,0.9964067407759816,true,0,NaN
6155,F,0.898706057112835,0.9963932549829376,true,0,NaN
6156,F,0.8987053579996787,0.9963864578289182,true,0,NaN
6157,F,0.8987058701808374,0.9963685507909018,true,0,NaN
6158,F,0.8986842505526071,1.0002120293780048,false,0,NaN
6159,F,0.8988471841428043,0.9964833381283379,true,0,NaN
6160,F,0.8986950384134386,0.9984391992585572,true,0,NaN
6161,F,0.89878281775434,0.9967137634005617,true,0,NaN
6162,F,0.8987004323659208,0.9982614401002594,true,0,NaN
6163,F,0.8987806758654255,0.9964220941574896,true,0,NaN
6164,F,0.8987031293862966,0.9975190579152973,true,0,NaN
6165,F,0.8987519017358636,0.9963974316622036,true,0,NaN
6166,F,0.8987044779847664,0.9971303720526388,true,0,NaN
6167,F,0.8987367731224873,0.9967563451764802,true,0,NaN
6168,F,0.8987051524606662,0.9964991315190888,true,0,NaN
6169,F,0.8987106880648874,0.9968397081163966,true,0,NaN
6170,F,0.8987054900527582,0.99638178559492,true,0,NaN
6171,F,0.8987060511199926,0.9963715118515482,true,0,NaN
6172,F,0.898705745804188,0.9963703757823564,true,0,NaN
6173,F,0.898703922980426,0.9974929619424404,true,0,NaN
6174,F,0.8987056882746568,0.9963702821168104,true,0,NaN
6175,F,0.8987054521459807,0.9963707119573396,true,0,NaN
6176,F,0.8987049303970367,0.9963735332522803,true,0,NaN
6177,F,0.8987046417555217,0.9963779547190595,true,0,NaN
6178,F,0.8987048186403829,0.9963727468010847,true,0,NaN
6179,F,0.8987039288023965,0.9963816698654617,true,0,NaN
6180,F,0.898701280275039,0.9962370763495787,true,0,NaN
6181,F,0.8986897817666267,0.996238953335463,true,0,NaN
6182,F,0.898681309448858,0.9967043222756967,true,0,NaN
6183,F,0.8986855456077424,0.9966134006846737,true,0,NaN
6184,F,0.8986876636871846,0.9965798192533228,true,0,NaN
6185,F,0.8986887227269056,0.9964526894353564,true,0,NaN
6186,F,0.898681309448858,0.9967043222756969,true,0,NaN
6187,F,0.8986952172884657,0.9979595066876711,true,0,NaN
6188,F,0.8986855450413826,0.9966134019486482,true,0,NaN
6189,F,0.8986983953468121,0.9978724538606695,true,0,NaN
6190,F,0.898687662837645,0.9965798199262387,true,0,NaN
6191,F,0.8987004784226315,0.9978240244728981,true,0,NaN
6192,F,0.8986887217357763,0.9964527025188011,true,0,NaN
6193,F,0.8986969311628913,0.9972878524837944,true,0,NaN
6194,F,0.8986892511848423,0.9963564582441866,true,0,NaN
6195,F,0.8986937980444856,0.9962798426557785,true,0,NaN
6196,F,0.898689515909376,0.9963486966632097,true,0,NaN
6197,F,0.8986939101989223,0.9962574741304321,true,0,NaN
6198,F,0.8986896482716442,0.9962427038419941,true,0,NaN
6199,F,0.8986897191379906,0.9962409603077735,true,0,NaN
6200,F,0.8986897475433545,0.9962394688939015,true,0,NaN
6201,F,0.8986873015968849,0.9982977192517307,true,0,NaN
6202,F,0.8986885246509794,0.9983014474340132,true,0,NaN
6203,F,0.898689136178027,0.9977918476034093,true,0,NaN
6204,F,0.8986894419415516,0.9967122682101506,true,0,NaN
6205,F,0.8986895948233153,0.9962450956781816,true,0,NaN
6206,F,0.8986898290707772,0.9962415404413395,true,0,NaN
6207,F,0.8986896712642002,0.9962399493736256,true,0,NaN
6208,F,0.8986823715777719,0.996496564915167,true,0,NaN
6209,F,0.8986896695216859,0.9962399821671212,true,0,NaN
6210,F,0.8986767477441736,0.996550128385994,true,0,NaN
6211,F,0.8986832086329298,0.996423413047118,true,0,NaN
6212,F,0.8986864390773078,0.9962810821297827,true,0,NaN
6213,F,0.8986153280979304,1.0035959468582465,false,0,NaN
6214,F,0.8989263129933767,0.9984982873307984,true,0,NaN
6215,F,0.8986505415571053,0.9993551706421595,true,0,NaN
6216,F,0.8987812335177315,0.9972650825640634,true,0,NaN
6217,F,0.898668257539046,0.9986574423244936,true,0,NaN
6218,F,0.8987692864875207,0.9963045799592232,true,0,NaN
6219,F,0.8986772726875477,0.9984287150423377,true,0,NaN
6220,F,0.8987685776729256,0.9962832545781656,true,0,NaN
6221,F,0.8986818096245764,0.9979447140711527,true,0,NaN
6222,F,0.8987525377383784,0.9967941785093806,true,0,NaN
6223,F,0.8986840793138245,0.9968921601196741,true,0,NaN
6224,F,0.8987100588402849,0.9978380719983471,true,0,NaN
6225,F,0.8986852165665971,0.9967904573592712,true,0,NaN
6226,F,0.8987068722951085,0.9978319536562691,true,0,NaN
6227,F,0.8986860820741992,0.9967780147973354,true,0,NaN
6228,F,0.8986863785952842,0.9962833806935711,true,0,NaN
6229,F,0.8986864763172515,0.9962813808985911,true,0,NaN
6230,F,0.8986864352953345,0.9962810852981618,true,0,NaN
6231,F,0.8986864283928492,0.9962810944635411,true,0,NaN
6232,F,0.8986864228008701,0.9962810883268842,true,0,NaN
6233,F,0.8986855875309602,0.9963002551308385,true,0,NaN
6234,F,0.8986842950919856,0.9963298858861694,true,0,NaN
6235,F,0.8986839810357345,0.996337080523184,true,0,NaN
6236,F,0.8986835240545519,0.9963475243856061,true,0,NaN
6237,F,0.8986834086543825,0.9963501579848459,true,0,NaN
6238,F,0.8986832232325633,0.9963543727597786,true,0,NaN
6239,F,0.8986832161783266,0.9963545330597099,true,0,NaN
6240,F,0.8986831994303789,0.9963549134076609,true,0,NaN
6241,F,0.8986831626467771,0.9963557473553051,true,0,NaN
6242,F,0.8986830942298091,0.9963572910530983,true,0,NaN
6243,F,0.8986830016471379,0.9963593468000886,true,0,NaN
6244,F,0.8986829238432533,0.9963609549260714,true,0,NaN
6245,F,0.8986828775478176,0.99636157201532,true,0,NaN
6246,F,0.8986828250822908,0.9963616736045483,true,0,NaN
6247,F,0.898682707368583,0.9963616818929409,true,0,NaN
6248,F,0.8986826717547836,0.9963616682207199,true,0,NaN
6249,F,0.8986825823350444,0.9963616770429445,true,0,NaN
6250,F,0.8986825541870462,0.9963616886307548,true,0,NaN
6251,F,0.898682486016678,0.9963616874031008,true,0,NaN
6252,F,0.8986824654560124,0.9963616733568855,true,0,NaN
6253,F,0.898682413080856,0.9963616721558219,true,0,NaN
6254,F,0.8986822849810987,0.9963616722776587,true,0,NaN
6255,F,0.898681978058031,0.99636174666797,true,0,NaN
6256,F,0.8986812837863448,0.996362126821281,true,0,NaN
6257,F,0.898679805804253,0.9963676734589726,true,0,NaN
6258,F,0.8986713526764,0.9968322416683562,true,0,NaN
6259,F,0.8986755792403265,0.9969830810058485,true,0,NaN
6260,F,0.8986776925222897,0.9962946096572447,true,0,NaN
6261,F,0.8986676140071613,0.9975671606449642,true,0,NaN
6262,F,0.8986726532647255,0.9969992256129036,true,0,NaN
6263,F,0.8986751728935076,0.9969940127233771,true,0,NaN
6264,F,0.8986764327078987,0.9963510073354591,true,0,NaN
6265,F,0.8986766678907623,0.99630126335814,true,0,NaN
6266,F,0.898661027218526,0.997473880598185,true,0,NaN
6267,F,0.8986688475546442,0.9975372343879799,true,0,NaN
6268,F,0.8986727577227032,0.996996743264946,true,0,NaN
6269,F,0.8986747128067327,0.9969914989695383,true,0,NaN
6270,F,0.8986648180613894,0.997557205264702,true,0,NaN
6271,F,0.8987170569097479,0.9966850154180388,true,0,NaN
6272,F,0.8986707444051153,0.9975237243093216,true,0,NaN
6273,F,0.8987225076715999,0.9966175024508193,true,0,NaN
6274,F,0.898673707576979,0.9969954811127894,true,0,NaN
6275,F,0.8987031702880643,0.9963124063151804,true,0,NaN
6276,F,0.8986751891629121,0.9969894968348062,true,0,NaN
6277,F,0.8987046358927281,0.9963239318865406,true,0,NaN
6278,F,0.8986759299558814,0.9969865053242041,true,0,NaN
6279,F,0.8987053687221677,0.9963214732477385,true,0,NaN
6280,F,0.8986763003523714,0.9969850252443339,true,0,NaN
6281,F,0.8987057358130256,0.9963199448934139,true,0,NaN
6282,F,0.8986764855506274,0.9963302229367512,true,0,NaN
6283,F,0.8986777075401851,0.9963135113218587,true,0,NaN
6284,F,0.898676624449395,0.9963013880630204,true,0,NaN
6285,F,0.8986715768285636,0.997046513756268,true,0,NaN
6286,F,0.8986765920553145,0.9963017496044132,true,0,NaN
6287,F,0.8986759228168235,0.9970291493848012,true,0,NaN
6288,F,0.8986762539562564,0.9969853350131769,true,0,NaN
6289,F,0.8986764215683068,0.9963118418745385,true,0,NaN
6290,F,0.8986768581543026,0.9963025432565066,true,0,NaN
6291,F,0.8986765070401641,0.9963026249752425,true,0,NaN
6292,F,0.898673236382979,0.996366599428685,true,0,NaN
6293,F,0.8986725159264709,0.9963367634896648,true,0,NaN
6294,F,0.8986589944922613,0.9977396817943199,true,0,NaN
6295,F,0.8987194100461959,0.9963655019570503,true,0,NaN
6296,F,0.8986657544842104,0.997595237026865,true,0,NaN
6297,F,0.898719949625549,0.9962092896473491,true,0,NaN
6298,F,0.8986691344869074,0.9970046714519986,true,0,NaN
6299,F,0.8986978974006009,0.9963453723154503,true,0,NaN
6300,F,0.8986708245017014,0.9969226946760508,true,0,NaN
6301,F,0.8986960571487547,0.9960040430749086,true,0,NaN
6302,F,0.898671669535991,0.9964580682219815,true,0,NaN
6303,F,0.8986768934263554,0.9963348318567408,true,0,NaN
6304,F,0.8986720921069361,0.9964413870849379,true,0,NaN
6305,F,0.8986765976367876,0.9963380137922543,true,0,NaN
6306,F,0.8986723035001292,0.9963479157082372,true,0,NaN
6307,F,0.8986727837617925,0.9963377311960947,true,0,NaN
6308,F,0.898672462448787,0.9963375362921563,true,0,NaN
6309,F,0.898671366762949,0.996360372214242,true,0,NaN
6310,F,0.8986711697932149,0.9963599599791554,true,0,NaN
6311,F,0.8986709439434005,0.9963702078024586,true,0,NaN
6312,F,0.8986710568683077,0.996364173016976,true,0,NaN
6313,F,0.8986707048977598,0.9963669358152506,true,0,NaN
6314,F,0.8986706194421844,0.9963599511839049,true,0,NaN
6315,F,0.8986697168819693,0.9963632286855388,true,0,NaN
6316,F,0.8986679690536165,0.9962090393938862,true,0,NaN
6317,F,0.8986593281585105,0.9963263939644937,true,0,NaN
6318,F,0.8967893258682124,1.047168556730838,false,0,NaN
6319,F,0.8979708082806108,1.021127759122351,false,0,NaN
6320,F,0.8977243160266474,1.0206065965820834,false,0,NaN
6321,F,0.8982885455387455,1.0086822986642925,false,0,NaN
6322,F,0.8981918111082747,1.0082420207349019,false,0,NaN
6323,F,0.8984687095342485,1.002022920849338,false,0,NaN
6324,F,0.8984255586539078,1.0022896202723965,false,0,NaN
6325,F,0.8985641336522568,0.9995223983999211,true,0,NaN
6326,F,0.8985424324363636,0.9995436745011183,true,0,NaN
6327,F,0.8986171963646424,0.9982635788083418,true,0,NaN
6328,F,0.8986008693468696,0.9979323831743707,true,0,NaN
6329,F,0.8986381897059064,0.9970740573586563,true,0,NaN
6330,F,0.898630087840679,0.997048675380183,true,0,NaN
6331,F,0.8986468724104849,0.996851838969939,true,0,NaN
6332,F,0.8986520019809415,0.9965277761021674,true,0,NaN
6333,F,0.8986566817468994,0.9964205654198987,true,0,NaN
6334,F,0.8986583964000249,0.9963456271621767,true,0,NaN
6335,F,0.8986577763927495,0.996354267961934,true,0,NaN
6336,F,0.8986571904913473,0.9963624188885727,true,0,NaN
6337,F,0.8986532734386092,0.9963120774391278,true,0,NaN
6338,F,0.8986500964528782,0.9963448949961689,true,0,NaN
6339,F,0.8984816154307655,1.0088899162243274,false,0,NaN
6340,F,0.8990225663268148,0.9958937162020027,true,0,NaN
6341,F,0.8985658559418219,0.999072937365092,true,0,NaN
6342,F,0.89860797619735,0.9951627415880937,true,0,NaN
6343,F,0.8984865503184173,0.9984895558249962,true,0,NaN
6344,F,0.8985472632578836,0.9966047548624625,true,0,NaN
6345,F,0.8985374844860072,0.9974073773281328,true,0,NaN
6346,F,0.8985423738719455,0.9971918984748573,true,0,NaN
6347,F,0.8985448185649145,0.9968661859506571,true,0,NaN
6348,F,0.898546040911399,0.9966667746488276,true,0,NaN
6349,F,0.8985374844860072,0.9974073773281328,true,0,NaN
6350,F,0.898578372308043,0.999171110030057,true,0,NaN
6351,F,0.8985423640752535,0.9971919243817934,true,0,NaN
6352,F,0.8985698693832019,0.9988346523626339,true,0,NaN
6353,F,0.8985448038698786,0.9968662069687878,true,0,NaN
6354,F,0.8985573356918911,0.9978803252203201,true,0,NaN
6355,F,0.8985460237671951,0.9966667859566887,true,0,NaN
6356,F,0.8985496797179352,0.9965775270455418,true,0,NaN
6357,F,0.8985466337158613,0.9966818736349939,true,0,NaN
6358,F,0.8985502133105698,0.9965933296805427,true,0,NaN
6359,F,0.8985469386902103,0.9965963989829482,true,0,NaN
6360,F,0.898528544292565,0.9984205861980284,true,0,NaN
6361,F,0.8985457868048545,0.9966738546196714,true,0,NaN
6362,F,0.8985463627475324,0.9966816008028452,true,0,NaN
6363,F,0.8985466507188714,0.996592201814809,true,0,NaN
6364,F,0.8985120821282326,0.9987663158759457,true,0,NaN
6365,F,0.898529366423552,0.9977093764900458,true,0,NaN
6366,F,0.8985380085712117,0.9967432474086092,true,0,NaN
6367,F,0.8984793929064379,0.998341685228284,true,0,NaN
6368,F,0.8985087007388248,0.997694800217993,true,0,NaN
6369,F,0.8985233546550182,0.9970797693136914,true,0,NaN
6370,F,0.898530681613115,0.9969854240482693,true,0,NaN
6371,F,0.8984801034220551,0.9981484528827783,true,0,NaN
6372,F,0.898480124587002,0.9981537683796203,true,0,NaN
6373,F,0.8984802563146619,0.9980885914103365,true,0,NaN
6374,F,0.8984802757729135,0.9980935188476311,true,0,NaN
6375,F,0.8984803330491797,0.9978823708926007,true,0,NaN
6376,F,0.8984803492175422,0.9978865212201132,true,0,NaN
6377,F,0.8984803720126342,0.9978883901491591,true,0,NaN
6378,F,0.898480388039898,0.9978925111000809,true,0,NaN
6379,F,0.8984803928799859,0.997893687873035,true,0,NaN
6380,F,0.8984804088603291,0.997897800607927,true,0,NaN
6381,F,0.8984869864368825,0.9977441939631718,true,0,NaN
6382,F,0.8984870002619851,0.9977476638408279,true,0,NaN
6383,F,0.898512497504047,0.9971542136656641,true,0,NaN
6384,F,0.898532480991527,0.9970553038714853,true,0,NaN
6385,F,0.8985125396539665,0.9971524728757126,true,0,NaN
6386,F,0.8985171238213453,0.997605615865909,true,0,NaN
6387,F,0.8985148317376559,0.99704435085208,true,0,NaN
6388,F,0.8984437590049997,0.9989160246130228,true,0,NaN
6389,F,0.8984792953713278,0.9977393671851311,true,0,NaN
6390,F,0.8984970635544919,0.9973061330936474,true,0,NaN
6391,F,0.8985256802782152,0.996646562093997,true,0,NaN
6392,F,0.8985353860035222,0.9965121216371059,true,0,NaN
6393,F,0.8985305331408687,0.9964937444047657,true,0,NaN
6394,F,0.8985205969121025,0.9967754434560894,true,0,NaN
6395,F,0.8985255650264856,0.9960179151574072,true,0,NaN
6396,F,0.8985075871861606,0.9962913708972018,true,0,NaN
6397,F,0.89846820128672,0.9971030295910431,true,0,NaN
6398,F,0.8976255030618213,1.0167830218930944,false,0,NaN
6399,F,0.8976273535500492,1.0169708366255172,false,0,NaN
6400,F,0.8980468521742706,1.0070638195641382,false,0,NaN
6401,F,0.8980477887763674,1.0065821062100968,false,0,NaN
6402,F,0.8982575267304953,1.0020193875848016,false,0,NaN
6403,F,0.8982579890102833,1.0020620710761827,false,0,NaN
6404,F,0.8983628640086077,0.9995219575871557,true,0,NaN
6405,F,0.8983630914578147,0.9995425827609964,true,0,NaN
6406,F,0.8984155326476638,0.9982793967185888,true,0,NaN
6407,F,0.8984156432602399,0.998289335882818,true,0,NaN
6408,F,0.898441866967192,0.9976596556517877,true,0,NaN
6409,F,0.8984419193061959,0.997664330995183,true,0,NaN
6410,F,0.8984550341269559,0.9973505475782694,true,0,NaN
6411,F,0.8984550574008665,0.9973522475296315,true,0,NaN
6412,F,0.898464909496779,0.9971356481962528,true,0,NaN
6413,F,0.8993996322325125,0.975666107497729,true,0,NaN
6414,F,0.8984649190903463,0.9971354215007205,true,0,NaN
6415,F,0.8996638538234368,0.969147574117103,true,0,NaN
6416,F,0.8990643864568916,0.982822292057296,true,0,NaN
6417,F,0.8987646527736189,0.9899097778090712,true,0,NaN
6418,F,0.8986147859319826,0.9934751919464916,true,0,NaN
6419,F,0.8984584172899623,0.997274661524592,true,0,NaN
6420,F,0.8984585773840196,0.9972759369483368,true,0,NaN
6421,F,0.8984616681901545,0.9971965256001311,true,0,NaN
6422,F,0.8984617384459596,0.9971968837582539,true,0,NaN
6423,F,0.8984632936402506,0.9971589989504587,true,0,NaN
6424,F,0.8984944329261529,0.9956632049357506,true,0,NaN
6425,F,0.8983882251094377,0.9945236886021387,true,0,NaN
6426,F,0.8982994234265437,0.995464106834667,true,0,NaN
6427,F,0.8982518011135389,0.996374876225493,true,0,NaN
6428,F,0.898238733839311,0.996774761702813,true,0,NaN
6429,F,0.898245267476425,0.9964978990737126,true,0,NaN
6430,F,0.8982510555065591,0.9964839902247711,true,0,NaN
6431,F,0.8982481614914921,0.9966178232053442,true,0,NaN
6432,F,0.8982467144839585,0.9964398533124282,true,0,NaN
6433,F,0.8982517986243245,0.9964654108189921,true,0,NaN
6434,F,0.8982492565541416,0.9965570281816379,true,0,NaN
6435,F,0.89824798551905,0.996666957453969,true,0,NaN
6436,F,0.8982473500015042,0.9966296372002859,true,0,NaN
6437,F,0.8982501916825519,0.996577398465811,true,0,NaN
6438,F,0.8982601949942458,0.9973929253833683,true,0,NaN
6439,F,0.8982484519601066,0.9966106825349592,true,0,NaN
6440,F,0.898257459161176,0.9974444385131478,true,0,NaN
6441,F,0.8982475820988839,0.9966797788889477,true,0,NaN
6442,F,0.8982581499851426,0.9974732850188692,true,0,NaN
6443,F,0.8982471471682724,0.9965102701538124,true,0,NaN
6444,F,0.8982504865194139,0.9964521103998777,true,0,NaN
6445,F,0.8982469297029663,0.9965060034034244,true,0,NaN
6446,F,0.8982498137850681,0.9963831059555827,true,0,NaN
6447,F,0.8982468209703125,0.9964361956281657,true,0,NaN
6448,F,0.8982508963235807,0.9965489914836664,true,0,NaN
6449,F,0.8982473780749519,0.9966817100822803,true,0,NaN
6450,F,0.8982470995226323,0.9966930211478588,true,0,NaN
6451,F,0.8982469602464723,0.9965152161267004,true,0,NaN
6452,F,0.8982473585553253,0.9966817411536824,true,0,NaN
6453,F,0.898257934579828,0.9974748166817086,true,0,NaN
6454,F,0.8982470784575488,0.9966930274396337,true,0,NaN
6455,F,0.898257630626702,0.997303313206704,true,0,NaN
6456,F,0.8982469384086313,0.9965152219838902,true,0,NaN
6457,F,0.8982502753272918,0.9964827733621437,true,0,NaN
6458,F,0.8982468683841142,0.9965181110216297,true,0,NaN
6459,F,0.8982502019879562,0.9964791171396588,true,0,NaN
6460,F,0.8982468333717385,0.9964351735520771,true,0,NaN
6461,F,0.8982516512877692,0.9962930997849293,true,0,NaN
6462,F,0.898252322248539,0.9962722992610508,true,0,NaN
6463,F,0.8979448989661186,1.0030458906437427,false,0,NaN
6464,F,0.8981070704816916,0.9972989808198774,true,0,NaN
6465,F,0.897910104062254,1.0004332968438634,false,0,NaN
6466,F,0.8980135379258393,0.9976826637293369,true,0,NaN
6467,F,0.8979248866872552,1.0008016759976537,false,0,NaN
6468,F,0.8981253357187295,0.9960254342445185,true,0,NaN
6469,F,0.8980120611289715,0.9976543890710706,true,0,NaN
6470,F,0.8978985238774737,1.0026757909235648,false,0,NaN
6471,F,0.897828101899307,1.0264446139268568,false,0,NaN
6472,F,0.8979552925032226,1.0012733718491014,false,0,NaN
6473,F,0.897983676816097,1.0001756890242595,false,0,NaN
6474,F,0.8979978689725342,0.9993053862195288,true,0,NaN
6475,F,0.8980081148893505,0.9978844087759687,true,0,NaN
6476,F,0.8980185601222446,0.9975970449646111,true,0,NaN
6477,F,0.8980100354914534,0.9975890944362928,true,0,NaN
6478,F,0.8980515426395955,0.9977729188610968,true,0,NaN
6479,F,0.898016042766076,0.9973864261857368,true,0,NaN
6480,F,0.898028405664491,0.9982817327729486,true,0,NaN
6481,F,0.8980222242152835,0.9988807200097778,true,0,NaN
6482,F,0.8980191334906797,0.998514846610335,true,0,NaN
6483,F,0.898017588128378,0.9982847541034207,true,0,NaN
6484,F,0.8980206857319146,0.9985058118934381,true,0,NaN
6485,F,0.8980784681091317,0.9977873968995754,true,0,NaN
6486,F,0.8980184421933842,0.998209067177431,true,0,NaN
6487,F,0.8980570707774747,0.9979984766028668,true,0,NaN
6488,F,0.8980173204241171,0.9977888826584049,true,0,NaN
6489,F,0.8980363870679454,0.9981248323433883,true,0,NaN
6490,F,0.8980167595394799,0.9973260916061741,true,0,NaN
6491,F,0.8960058981696492,1.2145775239309597,false,0,NaN
6492,F,0.9040244373577622,1.2396370302568815,false,0,NaN
6493,F,0.8970113302716678,1.0804695126271988,false,0,NaN
6494,F,0.9000800825684224,1.0435452534813914,false,0,NaN
6495,F,0.8975140463226783,1.034902405131712,false,0,NaN
6496,F,0.8989009589028163,1.0101227881143284,false,0,NaN
6497,F,0.897765404348186,1.009487622314083,false,0,NaN
6498,F,0.8982142817948976,1.0046239514099362,false,0,NaN
6499,F,0.8978910833609445,1.0026707795249923,false,0,NaN
6500,F,0.8980883558016157,0.9991252043774144,true,0,NaN
6501,F,0.8979539228673332,1.0013657869898531,false,0,NaN
6502,F,0.8981030276543063,0.9979215928940287,true,0,NaN
6503,F,0.8979853426205465,1.0003028773192901,false,0,NaN
6504,F,0.8980952157507076,0.997339263184998,true,0,NaN
6505,F,0.8980089074355888,0.9992123056956969,true,0,NaN
6506,F,0.8980157805080108,0.9981687924082602,true,0,NaN
6507,F,0.898016701032805,0.9973260850634716,true,0,NaN
6508,F,0.8980165937652864,0.9973267487543089,true,0,NaN
6509,F,0.8980312174326779,0.9969720434726304,true,0,NaN
6510,F,0.8980450816293328,0.9966361211592614,true,0,NaN
6511,F,0.8980570478531801,0.9963460396454609,true,0,NaN
6512,F,0.8980596919390361,0.9962819149910249,true,0,NaN
6513,F,0.8980603593144658,0.996265572448912,true,0,NaN
6514,F,0.8970133707698605,1.0803548266045957,false,0,NaN
6515,F,0.9005624647774286,0.9973849073078659,true,0,NaN
6516,F,0.8975368650421632,1.0317102171069448,false,0,NaN
6517,F,0.8977986121783145,1.0136042593107744,false,0,NaN
6518,F,0.8979294857463902,1.0026305597786498,false,0,NaN
6519,F,0.8980031126207453,0.9989262256129954,true,0,NaN
6520,F,0.8981069668280185,0.9963235493326105,true,0,NaN
6521,F,0.8980317198825817,0.9983758465852745,true,0,NaN
6522,F,0.8981141029931804,0.9963022850245955,true,0,NaN
6523,F,0.8980460235244102,0.9983697299897385,true,0,NaN
6524,F,0.8981281780453888,0.9963031996430697,true,0,NaN
6525,F,0.8980531753671452,0.9978360805304899,true,0,NaN
6526,F,0.8981144966764653,0.9962908964279787,true,0,NaN
6527,F,0.8980567513321556,0.9973160173747694,true,0,NaN
6528,F,0.898097767393955,0.9968022211284736,true,0,NaN
6529,F,0.8980585394019556,0.9967839828182911,true,0,NaN
6530,F,0.8980787814661824,0.9968058702800888,true,0,NaN
6531,F,0.8980594336115199,0.9967846226957379,true,0,NaN
6532,F,0.8980601054982681,0.9963193036638431,true,0,NaN
6533,F,0.8980622035494187,0.9966811502179327,true,0,NaN
6534,F,0.8980603174699201,0.9962656087549712,true,0,NaN
6535,F,0.8969561740060195,1.0867692645880842,false,0,NaN
6536,F,0.9007801846813294,0.9958146012899723,true,0,NaN
6537,F,0.8980602613561212,0.9962656129682688,true,0,NaN
6538,F,0.8980455220692858,0.9978017353868663,true,0,NaN
6539,F,0.8980528917127035,0.9978034618217642,true,0,NaN
6540,F,0.8980565765344123,0.9967708062376515,true,0,NaN
6541,F,0.8980584189452667,0.9967737176462372,true,0,NaN
6542,F,0.8980600985758426,0.9962676977819689,true,0,NaN
6543,F,0.8980505810118021,0.9967593574267467,true,0,NaN
6544,F,0.8980600855874331,0.9962675724729018,true,0,NaN
6545,F,0.8980581472619735,0.9963231969921411,true,0,NaN
6546,F,0.8980592777778027,0.9963040603562315,true,0,NaN
6547,F,0.8980590740730077,0.9962957158317465,true,0,NaN
6548,F,0.8980596460619009,0.9962860272465766,true,0,NaN
6549,F,0.8980595793588528,0.9962800886000155,true,0,NaN
6550,F,0.8980598337402034,0.9962757091175407,true,0,NaN
6551,F,0.8980598324746976,0.9962725500723247,true,0,NaN
6552,F,0.898045366549018,0.9968003144936811,true,0,NaN
6553,F,0.8980598280617461,0.9962725190719572,true,0,NaN
6554,F,0.8980205905228292,0.9978174424054848,true,0,NaN
6555,F,0.8980402092922877,0.9968576446570311,true,0,NaN
6556,F,0.898050018677017,0.9967938631922636,true,0,NaN
6557,F,0.8980549233693815,0.996785176743297,true,0,NaN
6558,F,0.8980597860868411,0.9962725265739937,true,0,NaN
6559,F,0.8980203835559651,0.9978215027109802,true,0,NaN
6560,F,0.8980597622860514,0.996272471054607,true,0,NaN
6561,F,0.8980595272835051,0.9962851898604813,true,0,NaN
6562,F,0.8980600384252675,0.9962853522201832,true,0,NaN
6563,F,0.8980596388223022,0.9962792338141787,true,0,NaN
6564,F,0.8980599117783836,0.9962756786410257,true,0,NaN
6565,F,0.8980597003530671,0.996274371359722,true,0,NaN
6566,F,0.898058575494858,0.9965637081663054,true,0,NaN
6567,F,0.8980597002065847,0.9962743394089355,true,0,NaN
6568,F,0.898053342033142,0.9966701836877955,true,0,NaN
6569,F,0.8980565211198633,0.9966830490359991,true,0,NaN
6570,F,0.898058110663224,0.9967334876130428,true,0,NaN
6571,F,0.8980589054349043,0.9967626990353095,true,0,NaN
6572,F,0.8980593078688035,0.9962827076490602,true,0,NaN
6573,F,0.897922976385538,1.008067342740857,false,0,NaN
6574,F,0.8984099790531659,0.9964933810465946,true,0,NaN
6575,F,0.8980592541059222,0.9962826639074239,true,0,NaN
6576,F,0.898044782719837,0.9972463957857628,true,0,NaN
6577,F,0.8980520184128796,0.9967521177513919,true,0,NaN
6578,F,0.8980556362594009,0.9967756648616835,true,0,NaN
6579,F,0.8980574451826616,0.9967884604855388,true,0,NaN
6580,F,0.8980592150638899,0.9962825749475739,true,0,NaN
6581,F,0.8980213422674597,0.9978572574424817,true,0,NaN
6582,F,0.8980591227584861,0.9962823355793192,true,0,NaN
6583,F,0.8979769359396762,1.001488589826051,false,0,NaN
6584,F,0.8981252397887712,1.0051697110684128,false,0,NaN
6585,F,0.8980180293490811,0.9973724769805241,true,0,NaN
6586,F,0.8980385760537836,0.9973349497040194,true,0,NaN
6587,F,0.8980488494061348,0.9967904213290288,true,0,NaN
6588,F,0.898058661631502,0.9962940343193417,true,0,NaN
6589,F,0.8978603493875824,1.0139421669970423,false,0,NaN
6590,F,0.8983705849353067,1.0167264463708514,false,0,NaN
6591,F,0.8980582239490223,0.9967213848835083,true,0,NaN
6592,F,0.8980584427902621,0.9962939727443169,true,0,NaN
6593,F,0.8976245575838774,1.0354672896351467,false,0,NaN
6594,F,0.8987205444347618,1.06494200738482,false,0,NaN
6595,F,0.8978415001870698,1.017694066278393,false,0,NaN
6596,F,0.897949971488666,1.0095603602666747,false,0,NaN
6597,F,0.898004207139464,0.9996574587224226,true,0,NaN
6598,F,0.8980561401669149,0.9968497116976371,true,0,NaN
6599,F,0.8980567716985632,0.996341995667712,true,0,NaN
6600,F,0.898056365798093,0.9963305392361272,true,0,NaN
6601,F,0.8979923441278461,1.0002228466778598,false,0,NaN
6602,F,0.8981581350921604,0.9962700143742688,true,0,NaN
6603,F,0.8980561529373232,0.9968489303566473,true,0,NaN
6604,F,0.8980562593677082,0.9967591020396864,true,0,NaN
6605,F,0.8980563125829005,0.996334716402787,true,0,NaN
6606,F,0.8980561481841958,0.9968489304223382,true,0,NaN
6607,F,0.8980562546091401,0.9967844698066572,true,0,NaN
6608,F,0.8980563078253502,0.9963361669365282,true,0,NaN
6609,F,0.8980565377539784,0.9963339143474432,true,0,NaN
6610,F,0.8980563344409358,0.9963307594383003,true,0,NaN
6611,F,0.8980347119093135,0.9967052176486048,true,0,NaN
6612,F,0.8980481913522206,0.9962991670864462,true,0,NaN
6613,F,0.8980519970379359,0.9961560619213591,true,0,NaN
6614,F,0.8979727550557545,1.0067174487079813,false,0,NaN
6615,F,0.8983986392810501,0.997880995576392,true,0,NaN
6616,F,0.8980123548083665,1.0003753410780574,false,0,NaN
6617,F,0.8981824952337981,0.996170804383078,true,0,NaN
6618,F,0.8980321546895466,0.9985649018036726,true,0,NaN
6619,F,0.8981292901994555,0.9959306977996212,true,0,NaN
6620,F,0.8980420546398847,0.9971172915712402,true,0,NaN
6621,F,0.8980808157103327,0.9964027590565844,true,0,NaN
6622,F,0.8980470046345503,0.9968632157401831,true,0,NaN
6623,F,0.8980755203887963,0.9964583917624058,true,0,NaN
6624,F,0.8980494796708774,0.9967075535651883,true,0,NaN
6625,F,0.8980717184894901,0.99645973266896,true,0,NaN
6626,F,0.8980507172670403,0.9967034437325842,true,0,NaN
6627,F,0.8980727904384475,0.9964603194688765,true,0,NaN
6628,F,0.8980516460111503,0.9961986159816039,true,0,NaN
6629,F,0.8980533619899999,0.9963735163445006,true,0,NaN
6630,F,0.8980519216046018,0.9961562513724735,true,0,NaN
6631,F,0.8980507521996882,0.9961837398226936,true,0,NaN
6632,F,0.8980510974125726,0.9961680056641865,true,0,NaN
6633,F,0.8980268970487039,0.9983812978165636,true,0,NaN
6634,F,0.8980389972306382,0.9975668340146975,true,0,NaN
6635,F,0.8980450473216054,0.9974098291416601,true,0,NaN
6636,F,0.8980480723670891,0.9967572900274385,true,0,NaN
6637,F,0.8980395294555097,0.9975579006455736,true,0,NaN
6638,F,0.8980937570561706,0.9969761794954302,true,0,NaN
6639,F,0.8980453126493155,0.9974062459948585,true,0,NaN
6640,F,0.8980936691450009,0.9969814757438772,true,0,NaN
6641,F,0.8980482042462384,0.9967547339179949,true,0,NaN
6642,F,0.8980711171589387,0.9969598257121395,true,0,NaN
6643,F,0.8980496500447401,0.996271372915163,true,0,NaN
6644,F,0.8980536791522141,0.9971319370306442,true,0,NaN
6645,F,0.8980503729440712,0.9962115989318523,true,0,NaN
6646,F,0.8980520723009336,0.9961717644366934,true,0,NaN
6647,F,0.8980507343938974,0.9962118387327041,true,0,NaN
6648,F,0.8980524467679788,0.9961701629672813,true,0,NaN
6649,F,0.8980509151191315,0.9961704099222507,true,0,NaN
6650,F,0.8980490927622079,0.9962136322227224,true,0,NaN
6651,F,0.8980507410464502,0.9961725668787207,true,0,NaN
6652,F,0.8979708284500777,1.002631293454867,false,0,NaN
6653,F,0.8982251216526852,0.9968342953281029,true,0,NaN
6654,F,0.898010772885843,0.9988021718038941,true,0,NaN
6655,F,0.8981143058737013,0.9961372602840429,true,0,NaN
6656,F,0.8980307451122729,0.9985392208881201,true,0,NaN
6657,F,0.8981239249780515,0.9960924121451314,true,0,NaN
6658,F,0.8980407312425827,0.9972770821942047,true,0,NaN
6659,F,0.8980842182113568,0.9966824575679478,true,0,NaN
6660,F,0.8980457243419274,0.9972368388516694,true,0,NaN
6661,F,0.8980876267920744,0.9969892104975013,true,0,NaN
6662,F,0.8980482209599838,0.997232880542413,true,0,NaN
6663,F,0.8980899675327476,0.9964635259824587,true,0,NaN
6664,F,0.8980494694058129,0.997160950571538,true,0,NaN
6665,F,0.8980504067008214,0.9961730788784016,true,0,NaN
6666,F,0.8980466518739822,0.9974659364603861,true,0,NaN
6667,F,0.8980485286363249,0.9974788043311379,true,0,NaN
6668,F,0.8980494670183071,0.9974867024498425,true,0,NaN
6669,F,0.8980499362109202,0.9974570833255187,true,0,NaN
6670,F,0.8980501708104708,0.9967342623858904,true,0,NaN
6671,F,0.8980502881167347,0.9962052348102962,true,0,NaN
6672,F,0.8980515759290603,0.9965054184828184,true,0,NaN
6673,F,0.8980503467828506,0.9961739861131796,true,0,NaN
6674,F,0.8980500901468799,0.9961803830071848,true,0,NaN
6675,F,0.8980503447852209,0.9961740222609488,true,0,NaN
6676,F,0.8980501788728998,0.996178099187974,true,0,NaN
6677,F,0.8980502618290604,0.996175736595458,true,0,NaN
6678,F,0.898049595829077,0.9961961836014473,true,0,NaN
6679,F,0.8980499288290686,0.9961782173090862,true,0,NaN
6680,F,0.8980477469310851,0.9963616954068809,true,0,NaN
6681,F,0.8980488378800769,0.9962243845854021,true,0,NaN
6682,F,0.8980493833545727,0.996221675582232,true,0,NaN
6683,F,0.8980496560918207,0.9961977472761625,true,0,NaN
6684,F,0.8980490759511407,0.9962217715705852,true,0,NaN
6685,F,0.8980510148030632,0.9961752164645037,true,0,NaN
6686,F,0.8980495013615374,0.996220556453528,true,0,NaN
6687,F,0.8980513039120823,0.9961746373491029,true,0,NaN
6688,F,0.8980497140667656,0.9961843903531105,true,0,NaN
6689,F,0.8980500077143496,0.9961762021101801,true,0,NaN
6690,F,0.898048971550408,0.9962405736031497,true,0,NaN
6691,F,0.8980497575005346,0.9961767795572294,true,0,NaN
6692,F,0.898049625254174,0.9961798096890991,true,0,NaN
6693,F,0.8980493995697415,0.996180793803183,true,0,NaN
6694,F,0.8979712289372134,0.998402325329394,true,0,NaN
6695,F,0.8980234289739761,0.997327369307662,true,0,NaN
6696,F,0.8980103142534774,0.9972805692466568,true,0,NaN
6697,F,0.8980361560320204,0.9967386638014071,true,0,NaN
6698,F,0.8980298569116094,0.9967267248789001,true,0,NaN
6699,F,0.8980426848314621,0.9964557921345224,true,0,NaN
6700,F,0.8980396282406755,0.996451278938244,true,0,NaN
6701,F,0.89804598391851,0.9963168691840271,true,0,NaN
6702,F,0.8980445139052085,0.9963140076261261,true,0,NaN
6703,F,0.8980476440746592,0.9962476849222088,true,0,NaN
6704,F,0.898046956737475,0.9962454850871671,true,0,NaN
6705,F,0.8980484768106493,0.9962132468770769,true,0,NaN
6706,F,0.8980481781536083,0.9962112551952729,true,0,NaN
6707,F,0.8980488939159244,0.9961960649339198,true,0,NaN
6708,F,0.8980490942157082,0.9961860893551993,true,0,NaN
6709,F,0.8980495527256105,0.9961741376023759,true,0,NaN
6710,F,0.898047962087433,0.9962279445889124,true,0,NaN
6711,F,0.8980487574065218,0.996177374949732,true,0,NaN
6712,F,0.8980485371727631,0.9961749832913418,true,0,NaN
6713,F,0.897930125450216,0.999301415715226,true,0,NaN
6714,F,0.8979440143158194,0.9992286731718515,true,0,NaN
6715,F,0.8979893313114896,0.997729026154406,true,0,NaN
6716,F,0.8979962349931461,0.9976908076831262,true,0,NaN
6717,F,0.8980189342421263,0.9969464562778456,true,0,NaN
6718,F,0.8980223614348691,0.9969263609578324,true,0,NaN
6719,F,0.8980337357074447,0.9965556285588846,true,0,NaN
6720,F,0.8980354266868547,0.9965458825501742,true,0,NaN
6721,F,0.898041136440104,0.9963604026191526,true,0,NaN
6722,F,0.8980419601476511,0.9963556244128922,true,0,NaN
6723,F,0.8980448368064335,0.9962628370086787,true,0,NaN
6724,F,0.8980479276382901,0.9961686896178286,true,0,NaN
6725,F,0.8980450907516276,0.9962067233167394,true,0,NaN
6726,F,0.89804608020322,0.9961821931507191,true,0,NaN
6727,F,0.8980461010020923,0.9961813874741201,true,0,NaN
6728,F,0.8980461780360021,0.9961792518151951,true,0,NaN
6729,F,0.8980461563790647,0.9961799082682289,true,0,NaN
6730,F,0.8980461672075334,0.9961793350807459,true,0,NaN
6731,F,0.898046173242268,0.9961791392147546,true,0,NaN
6732,F,0.8980460795269761,0.996182786538615,true,0,NaN
6733,F,0.8980461263846221,0.996178902359189,true,0,NaN
6734,F,0.8980458679881821,0.9966997345286291,true,0,NaN
6735,F,0.8980671737604388,0.996681112205482,true,0,NaN
6736,F,0.8980459874527802,0.9966518203659753,true,0,NaN
6737,F,0.8980460473042406,0.9962067958132386,true,0,NaN
6738,F,0.8980471883469098,0.9962579389057108,true,0,NaN
6739,F,0.898046077472539,0.9961815948152771,true,0,NaN
6740,F,0.8980461876136083,0.9961793287991486,true,0,NaN
6741,F,0.8980460930793241,0.9961796440824072,true,0,NaN
6742,F,0.8980252596969555,1.0714290480830655,false,0,NaN
6743,F,0.8980460883504328,0.9961797131503336,true,0,NaN
6744,F,0.898046047300206,0.9961801872728548,true,0,NaN
6745,F,0.8980460921181639,0.996178977276712,true,0,NaN
6746,F,0.8980460878983798,0.9961790098674854,true,0,NaN
6747,F,0.8980460905661759,0.9961789142044508,true,0,NaN
6748,F,0.8980460413604191,0.9962122416435414,true,0,NaN
6749,F,0.8980474152211148,0.9961659327626419,true,0,NaN
6750,F,0.8980460631799931,0.9961819380572106,true,0,NaN
6751,F,0.8980461878328498,0.9961787839692707,true,0,NaN
6752,F,0.8980460744887446,0.9961795951909197,true,0,NaN
6753,F,0.898046102561313,0.9961789089400154,true,0,NaN
6754,F,0.8980460811504732,0.9961791466273948,true,0,NaN
6755,F,0.8980460907318049,0.9961789143643978,true,0,NaN
6756,F,0.8980460851482956,0.9961790083560437,true,0,NaN
6757,F,0.8980460723942932,0.9961791908466568,true,0,NaN
6758,F,0.8980457971717434,0.9969622419776216,true,0,NaN
6759,F,0.8980459341703322,0.9969616821818581,true,0,NaN
6760,F,0.8980460026948592,0.9962968654244253,true,0,NaN
6761,F,0.8980460370023029,0.9961853339636204,true,0,NaN
6762,F,0.8980462904961188,0.9961799632788135,true,0,NaN
6763,F,0.8980460542201478,0.9961800998940674,true,0,NaN
6764,F,0.8980460917319064,0.9961792140867958,true,0,NaN
6765,F,0.8980460629544336,0.9961794169444096,true,0,NaN
6766,F,0.8980457623068233,0.9961907129198944,true,0,NaN
6767,F,0.8980460615806161,0.9961794270490213,true,0,NaN
6768,F,0.8980458657457551,0.9961828604114255,true,0,NaN
6769,F,0.898045783076465,0.9961846063659529,true,0,NaN
6770,F,0.8980459656327168,0.9961796829868264,true,0,NaN
6771,F,0.8980457505759802,0.9962443148700665,true,0,NaN
6772,F,0.8980458581043484,0.9962030793605144,true,0,NaN
6773,F,0.8980459118685327,0.9961803402102,true,0,NaN
6774,F,0.898045916325104,0.9961801120688244,true,0,NaN
6775,F,0.8980459306277457,0.9961796362530252,true,0,NaN
6776,F,0.898045907547874,0.9961803080559889,true,0,NaN
6777,F,0.8980459190878098,0.9961797088539193,true,0,NaN
6778,F,0.8980459205703862,0.9961795441817476,true,0,NaN
6779,F,0.8980458680882377,0.9961807744699449,true,0,NaN
6780,F,0.898045894329312,0.9961796829346485,true,0,NaN
6781,F,0.8980459049759827,0.9961791406617855,true,0,NaN
6782,F,0.8980458109512773,0.9961800628154461,true,0,NaN
6783,F,0.8980458414961194,0.9961790962219987,true,0,NaN
6784,F,0.8980455071413455,0.996682911784749,true,0,NaN
6785,F,0.8980619549709752,0.9965137481588526,true,0,NaN
6786,F,0.8980456466668347,0.996330601392394,true,0,NaN
6787,F,0.8980505927850898,0.9965534981508759,true,0,NaN
6788,F,0.8980457164831043,0.9961901790411513,true,0,NaN
6789,F,0.8980460782990803,0.9961854877040682,true,0,NaN
6790,F,0.8980457514990131,0.9961817917307716,true,0,NaN
6791,F,0.8980458394985454,0.9961797332265276,true,0,NaN
6792,F,0.8980457692285252,0.9961804303009674,true,0,NaN
6793,F,0.8980457634593668,0.9961798702229986,true,0,NaN
6794,F,0.8980457942292955,0.9961789817151875,true,0,NaN
6795,F,0.8980455956005561,0.996183591650834,true,0,NaN
6796,F,0.8980455918682971,0.9961819062329468,true,0,NaN
6797,F,0.8980159254252238,0.9973858516586726,true,0,NaN
6798,F,0.8980612580705037,0.9963649695031719,true,0,NaN
6799,F,0.8980307586467605,0.9967801240944256,true,0,NaN
6800,F,0.8980532835876993,0.996272695345542,true,0,NaN
6801,F,0.8980381752575288,0.9964798460146852,true,0,NaN
6802,F,0.898049393705943,0.9962264845709812,true,0,NaN
6803,F,0.8980418835629129,0.996330002855938,true,0,NaN
6804,F,0.8980474599058991,0.9962043593905379,true,0,NaN
6805,F,0.8980437377156051,0.9962552363263955,true,0,NaN
6806,F,0.89804649884398,0.9961930217567291,true,0,NaN
6807,F,0.8980446647919511,0.9962178921143547,true,0,NaN
6808,F,0.898046019783476,0.9961873605041854,true,0,NaN
6809,F,0.8980451283301241,0.9961992303136312,true,0,NaN
6810,F,0.89804578064125,0.9961845315914034,true,0,NaN
6811,F,0.8980454759837538,0.9961853088700245,true,0,NaN
6812,F,0.898045604105057,0.996182405942577,true,0,NaN
6813,F,0.8980455773827293,0.9961820237310209,true,0,NaN
6814,F,0.8980456887131054,0.996179028414031,true,0,NaN
6815,F,0.8980456086283276,0.996179481204943,true,0,NaN
6816,F,0.8980453679547306,0.996179872504267,true,0,NaN
6817,F,0.8980432126626666,0.9960754365856967,true,0,NaN
6818,F,0.897653042036022,1.0039096454918823,false,0,NaN
6819,F,0.8977781062478267,1.0012197644901675,false,0,NaN
6820,F,0.897848040107976,1.0004932057076261,false,0,NaN
6821,F,0.8979185646138794,0.997924125408169,true,0,NaN
6822,F,0.8978391247826566,1.002934243206735,false,0,NaN
6823,F,0.8980270055099008,0.9985477056365897,true,0,NaN
6824,F,0.8978788446982681,1.0007970222297686,false,0,NaN
6825,F,0.8979865788298503,0.9989630328510084,true,0,NaN
6826,F,0.8978987046560737,0.9988760190550806,true,0,NaN
6827,F,0.8979344011212509,0.9986517372799585,true,0,NaN
6828,F,0.8979086346349766,0.9977738572467038,true,0,NaN
6829,F,0.8970448457400609,1.074453700527436,false,0,NaN
6830,F,0.9000984595296977,1.0142352978637752,false,0,NaN
6831,F,0.8979077999381464,0.997772039765613,true,0,NaN
6832,F,0.8978882420794505,1.0003867470885361,false,0,NaN
6833,F,0.8979865276899135,0.9981715095852948,true,0,NaN
6834,F,0.8978980210437231,0.9988703531145088,true,0,NaN
6835,F,0.8979393062320474,0.9987664220309795,true,0,NaN
6836,F,0.8979029105258594,0.9982997869401602,true,0,NaN
6837,F,0.897922748389616,0.9977727998078431,true,0,NaN
6838,F,0.8979053552669275,0.9977722134439437,true,0,NaN
6839,F,0.897888344141947,1.0003834238242861,false,0,NaN
6840,F,0.8979866136101752,0.998169084472575,true,0,NaN
6841,F,0.8978968530613881,0.9992195059712686,true,0,NaN
6842,F,0.8979513229633704,0.9989366340161743,true,0,NaN
6843,F,0.8979011075212867,0.9982993195932675,true,0,NaN
6844,F,0.897920949862774,0.9977914728109242,true,0,NaN
6845,F,0.8979032347515922,0.99829924250193,true,0,NaN
6846,F,0.8979042983674571,0.9982985967111837,true,0,NaN
6847,F,0.8979048301768139,0.997772044121298,true,0,NaN
6848,F,0.8979011170167523,0.9982990640380258,true,0,NaN
6849,F,0.8979209589515555,0.9977911363500105,true,0,NaN
6850,F,0.897902973779612,0.9982991051676541,true,0,NaN
6851,F,0.8979039021610442,0.9982992050764715,true,0,NaN
6852,F,0.8979043663517651,0.9982843043369427,true,0,NaN
6853,F,0.8979045984471352,0.9977740337082678,true,0,NaN
6854,F,0.8979355509033597,0.9970189487852714,true,0,NaN
6855,F,0.8979507592338288,0.9966487729394058,true,0,NaN
6856,F,0.8979644949646093,0.9963145460478555,true,0,NaN
6857,F,0.89796994624887,0.9961813962832494,true,0,NaN
6858,F,0.8979706215596037,0.9961646424567024,true,0,NaN
6859,F,0.8979708975153556,0.9961570959523796,true,0,NaN
6860,F,0.897970870354569,0.9961556357147973,true,0,NaN
6861,F,0.8979706539112285,0.9961555724502201,true,0,NaN
6862,F,0.8979701067414887,0.9961556803440826,true,0,NaN
6863,F,0.8979689601356098,0.9961557843619732,true,0,NaN
6864,F,0.8979688917160527,0.9961560796997786,true,0,NaN
6865,F,0.8979687541884058,0.9961560867798017,true,0,NaN
6866,F,0.8979684106759788,0.9961561317449225,true,0,NaN
6867,F,0.897967555826872,0.9961562943163692,true,0,NaN
6868,F,0.8979654479165164,0.9968963139997671,true,0,NaN
6869,F,0.8979665018716942,0.9967264025923788,true,0,NaN
6870,F,0.8979670288492831,0.9967246556921072,true,0,NaN
6871,F,0.8979672923380776,0.9961570174172094,true,0,NaN
6872,F,0.8979656395228248,0.9966533337349831,true,0,NaN
6873,F,0.8979664659304513,0.9961574344138494,true,0,NaN
6874,F,0.8979663482275074,0.9961771113472606,true,0,NaN
6875,F,0.8979626784074608,0.9962402703137891,true,0,NaN
6876,F,0.8979654615724655,0.9966515888445684,true,0,NaN
6877,F,0.8979640699899631,0.9966933567780071,true,0,NaN
6878,F,0.897963374198712,0.9962272905831047,true,0,NaN
6879,F,0.8979630263030864,0.9962298463980993,true,0,NaN
6880,F,0.8979650277483054,0.9966507208183794,true,0,NaN
6881,F,0.8979640270256959,0.9966876726481713,true,0,NaN
6882,F,0.8979635266643912,0.9967061751204584,true,0,NaN
6883,F,0.8979632764837389,0.9964553500257498,true,0,NaN
6884,F,0.8979635970373854,0.9967035421723098,true,0,NaN
6885,F,0.8979835463890657,0.9972942967585272,true,0,NaN
6886,F,0.8979633111940437,0.9966607834715376,true,0,NaN
6887,F,0.8979811141071019,0.9973321184155737,true,0,NaN
6888,F,0.8979631682723722,0.9962282610115286,true,0,NaN
6889,F,0.8979633155745672,0.9962256780249032,true,0,NaN
6890,F,0.8979630968115352,0.9962273656791811,true,0,NaN
6891,F,0.897965731323727,0.9961579346092945,true,0,NaN
6892,F,0.8979627609066331,0.996462527853997,true,0,NaN
6893,F,0.8979642461151801,0.9962104425527933,true,0,NaN
6894,F,0.8979649887194535,0.9961697348418483,true,0,NaN
6895,F,0.8979454765011666,0.9973438102511475,true,0,NaN
6896,F,0.8979552326103101,0.9957270372066819,true,0,NaN
6897,F,0.897914594912063,0.9968842404118616,true,0,NaN
6898,F,0.8979349137611865,0.9963976213882098,true,0,NaN
6899,F,0.8979450731857483,0.9960219874475096,true,0,NaN
6900,F,0.8979501528980292,0.9957829102600964,true,0,NaN
6901,F,0.8979108693444946,0.9967176618372356,true,0,NaN
6902,F,0.8908133487706712,1.2115158342216263,false,0,NaN
6903,F,0.8910349588992409,1.1936899497216182,false,0,NaN
6904,F,0.8943621090575828,1.0902897810118126,false,0,NaN
6905,F,0.8944586488007078,1.0862505319019935,false,0,NaN
6906,F,0.8961364892010387,1.0408144040624716,false,0,NaN
6907,F,0.8961819844962374,1.0383150138758102,false,0,NaN
6908,F,0.8970236792727667,1.020021891963365,false,0,NaN
6909,F,0.8970477225936786,1.0168001145716337,false,0,NaN
6910,F,0.8974672743086306,1.0083434069137958,false,0,NaN
6911,F,0.8974792687630966,1.007950896202713,false,0,NaN
6912,F,0.8976890718265627,1.0024716307763786,false,0,NaN
6913,F,0.8976950082827849,1.0026991483235204,false,0,NaN
6914,F,0.8977999705855286,0.9995103126719803,true,0,NaN
6915,F,0.8978028518063891,0.9996856942601593,true,0,NaN
6916,F,0.897883144654753,0.9974025867478346,true,0,NaN
6917,F,0.8978838513024944,0.9974097737552502,true,0,NaN
6918,F,0.8979074037582769,0.9967905952188558,true,0,NaN
6919,F,0.8979074790049495,0.9967909347068523,true,0,NaN
6920,F,0.897910652745356,0.9967186299705917,true,0,NaN
6921,F,0.8982334644035833,0.9889284055827622,true,0,NaN
6922,F,0.8979106541306718,0.9967185950714257,true,0,NaN
6923,F,0.8982320736963522,0.988967307066763,true,0,NaN
6924,F,0.898071363913512,0.9928178984534354,true,0,NaN
6925,F,0.897991009022092,0.9947606627471794,true,0,NaN
6926,F,0.8979508315763819,0.995736649865406,true,0,NaN
6927,F,0.8978545886567567,0.9978775520065288,true,0,NaN
6928,F,0.8979027101165693,0.9968749072740172,true,0,NaN
6929,F,0.8979267708464757,0.9963021460654113,true,0,NaN
6930,F,0.8975195581639489,NaN,false,-300,NaN
6931,F,0.897723154881397,2.513354861498052,false,0,NaN
6932,F,0.897824953276701,1.1503107341246257,false,0,NaN
6933,F,0.8978758525475129,1.032634469696813,false,0,NaN
6934,F,0.8993377941384737,1.0024496078423308,false,0,NaN
6935,F,0.8979013023292408,1.0077203551839786,false,0,NaN
6936,F,0.898360752372038,0.9971242621868006,true,0,NaN
6937,F,0.8979140275127633,1.0006432772752012,false,0,NaN
6938,F,0.8980887087055275,0.9968724343407573,true,0,NaN
6939,F,0.8979203906899593,0.9985374411807596,true,0,NaN
6940,F,0.8980103358401822,0.9968083571769795,true,0,NaN
6941,F,0.8979251658953468,0.9969247491077837,true,0,NaN
6942,F,0.897950218500838,0.9972728415037599,true,0,NaN
6943,F,0.897926562016243,0.9963084257477035,true,0,NaN
6944,F,0.8979268147711903,0.996302996632668,true,0,NaN
6945,F,0.8979267519479087,0.9963024038365121,true,0,NaN
6946,F,0.8979299927806135,0.9962280390771702,true,0,NaN
6947,F,0.8979267531659665,0.996302345450243,true,0,NaN
6948,F,0.8979088877703626,0.9957078901617701,true,0,NaN
6949,F,0.8978845069512221,0.9963928122663961,true,0,NaN
6950,F,0.8978966973607924,0.99603329528479,true,0,NaN
6951,F,0.8979027925655775,0.995817783948625,true,0,NaN
6952,F,0.8978852743041389,0.996201166103182,true,0,NaN
6953,F,0.8978746205592162,0.9968653726658989,true,0,NaN
6954,F,0.8978799474316775,0.9963544534664927,true,0,NaN
6955,F,0.8978826108679082,0.9961974009300968,true,0,NaN
6956,F,0.897858561117988,0.996669781662986,true,0,NaN
6957,F,0.8978760853665261,0.9961532645047888,true,0,NaN
6958,F,0.8978619604710074,0.9954010430634643,true,0,NaN
6959,F,0.8978295018022387,0.996175045307183,true,0,NaN
6960,F,0.897807357337486,0.9956177064943493,true,0,NaN
6961,F,0.8977876670504994,0.9958968963800687,true,0,NaN
6962,F,0.8977789096875884,0.9961063738482233,true,0,NaN
6963,F,0.8977789465691011,0.9959911132626301,true,0,NaN
6964,F,0.8977744838105607,0.9960999487983662,true,0,NaN
6965,F,0.8977731326503051,0.9963169952956701,true,0,NaN
6966,F,0.8977738082304328,0.9960821711484833,true,0,NaN
6967,F,0.8975294671251342,1.0021003580949333,false,0,NaN
6968,F,0.8975312189349888,1.0020543981275833,false,0,NaN
6969,F,0.8976515800101945,0.9990602267307759,true,0,NaN
6970,F,0.8976524468805679,0.9990372275034227,true,0,NaN
6971,F,0.8977126515977994,0.9975465553137556,true,0,NaN
6972,F,0.8977130778596838,0.9975351922441887,true,0,NaN
6973,F,0.8977432079486021,0.9967914324623444,true,0,NaN
6974,F,0.897743414404821,0.9967859207600596,true,0,NaN
6975,F,0.8977585043095265,0.996414572808117,true,0,NaN
6976,F,0.8977716933165278,0.9960879320373053,true,0,NaN
6977,F,0.8976005176225449,NaN,false,-300,NaN
6978,F,0.897686078165171,1.378594027295076,false,0,NaN
6979,F,0.8977288584369159,1.070123144026947,false,0,NaN
6980,F,0.9005326467089347,1.014198283649978,false,0,NaN
6981,F,0.8977502485736519,1.016109764671838,false,0,NaN
6982,F,0.8985084940440968,0.99919987584528,true,0,NaN
6983,F,0.8977609436437473,1.0025128053287193,false,0,NaN
6984,F,0.8980042589782671,0.9974417985619901,true,0,NaN
6985,F,0.8977662911822495,0.9982887803334789,true,0,NaN
6986,F,0.8978496388843668,0.9970362109694166,true,0,NaN
6987,F,0.8977689649584097,0.9974235738236668,true,0,NaN
6988,F,0.8978195467610257,0.9970484996782326,true,0,NaN
6989,F,0.8977709703388979,0.9961343220275978,true,0,NaN
6990,F,0.8977727270736313,0.9965167092747248,true,0,NaN
6991,F,0.8977715557433901,0.9960883010850149,true,0,NaN
6992,F,0.897769514564377,0.9971289779815276,true,0,NaN
6993,F,0.8977713106073579,0.9960910504455549,true,0,NaN
6994,F,0.8977704897780635,0.9961114919502767,true,0,NaN
6995,F,0.8977709001927107,0.9960996705534759,true,0,NaN
6996,F,0.8977705797356019,0.9961061693223041,true,0,NaN
6997,F,0.8977655643200187,0.9968486939060847,true,0,NaN
6998,F,0.8977680720278104,0.9966108802690865,true,0,NaN
6999,F,0.8977693258817061,0.9961505912500442,true,0,NaN
7000,F,0.897769952808654,0.9961151198145105,true,0,NaN
7001,F,0.8977699162314705,0.9961253390002444,true,0,NaN
7002,F,0.8977699345200623,0.9961148250171227,true,0,NaN
7003,F,0.8977699620509286,0.9961128054448318,true,0,NaN
7004,F,0.897770051398891,0.9961104274204838,true,0,NaN
7005,F,0.8977699396458957,0.9961111138985149,true,0,NaN
7006,F,0.89774092176919,0.9969729576655493,true,0,NaN
7007,F,0.8977574900277856,0.9966614912069933,true,0,NaN
7008,F,0.8977554307075428,0.9965403393869655,true,0,NaN
7009,F,0.8977636822253985,0.9963850680365971,true,0,NaN
7010,F,0.8977626851767193,0.996324369840946,true,0,NaN
7011,F,0.8977667848525346,0.9962471874232275,true,0,NaN
7012,F,0.8977663124113074,0.9962164699392073,true,0,NaN
7013,F,0.8977683377976653,0.9961783297895808,true,0,NaN
7014,F,0.8977681260286016,0.9961625412343973,true,0,NaN
7015,F,0.897769114678664,0.9961439216211302,true,0,NaN
7016,F,0.8977690328372486,0.9961355836977656,true,0,NaN
7017,F,0.8977695032501897,0.996126722314423,true,0,NaN
7018,F,0.8977694862415722,0.9961221240055933,true,0,NaN
7019,F,0.89776986143442,0.9961089321815676,true,0,NaN
7020,F,0.8977656972980961,0.9966230640428505,true,0,NaN
7021,F,0.8977677793662581,0.9967854429204603,true,0,NaN
7022,F,0.897768820400339,0.9963000345578087,true,0,NaN
7023,F,0.8977693409173795,0.996024233143318,true,0,NaN
7024,F,0.8977649134656586,0.9964349691252969,true,0,NaN
7025,F,0.897767127191519,0.9963228154145876,true,0,NaN
7026,F,0.8977682340544493,0.9962959942092119,true,0,NaN
7027,F,0.8977687874859144,0.9962844507796471,true,0,NaN
7028,F,0.897768693086834,0.9962860442462514,true,0,NaN
7029,F,0.8977782160719563,0.9960565615956029,true,0,NaN
7030,F,0.8977690127022583,0.9962797340864741,true,0,NaN
7031,F,0.8977785325318907,0.996050695477036,true,0,NaN
7032,F,0.8977691725100039,0.9961174686073399,true,0,NaN
7033,F,0.8977726142863128,0.9960422681048925,true,0,NaN
7034,F,0.8977692524139435,0.996026174478356,true,0,NaN
7035,F,0.8977656488931193,0.9961116840667126,true,0,NaN
7036,F,0.8977653350967738,0.9961163465006708,true,0,NaN
7037,F,0.8977648306022448,0.9961195148543249,true,0,NaN
7038,F,0.8977497371174231,0.9997908931296385,true,0,NaN
7039,F,0.8977572838598339,0.9971408695731552,true,0,NaN
7040,F,0.8977610572310394,0.9966384821435559,true,0,NaN
7041,F,0.897762943916642,0.9964035246171493,true,0,NaN
7042,F,0.8977599376849642,0.9967492051295875,true,0,NaN
7043,F,0.897783183251539,0.997127295893031,true,0,NaN
7044,F,0.8977623801918126,0.9964307519002398,true,0,NaN
7045,F,0.8977738677997649,0.9966292601598187,true,0,NaN
7046,F,0.8977636014452646,0.9963804201159839,true,0,NaN
7047,F,0.897773289788013,0.9966277242991785,true,0,NaN
7048,F,0.8977642120720458,0.996208364136888,true,0,NaN
7049,F,0.8977674975865213,0.9964884918928038,true,0,NaN
7050,F,0.8977645173855471,0.9961230465994197,true,0,NaN
7051,F,0.8977638302713377,0.9961282383882505,true,0,NaN
7052,F,0.8977631139526134,0.9959166550922115,true,0,NaN
7053,F,0.8977343638654107,1.0070917599379594,false,0,NaN
7054,F,0.8981573284333708,0.9984996937907198,true,0,NaN
7055,F,0.8977487274311999,0.998887613339558,true,0,NaN
7056,F,0.89786117228827,0.9978902671933382,true,0,NaN
7057,F,0.897755909214204,0.9970739278448906,true,0,NaN
7058,F,0.8977997091148957,0.996933293255837,true,0,NaN
7059,F,0.897759500050199,0.9960820225499237,true,0,NaN
7060,F,0.8977657578768048,0.9964266343176789,true,0,NaN
7061,F,0.8977612954974782,0.995959000162332,true,0,NaN
7062,F,0.8977536670583658,0.9961312199891029,true,0,NaN
7063,F,0.8977538576234215,0.9961278297466442,true,0,NaN
7064,F,0.8977537623408937,0.996125616504665,true,0,NaN
7065,F,0.8977543750534591,0.9961101481658571,true,0,NaN
7066,F,0.8977212566681605,0.9990368732266439,true,0,NaN
7067,F,0.8978374164555242,0.9971108178606922,true,0,NaN
7068,F,0.8977378149163183,0.9989028372705916,true,0,NaN
7069,F,0.8978486546648311,0.9961039798402344,true,0,NaN
7070,F,0.8977460940421959,0.998160604407333,true,0,NaN
7071,F,0.8978274750598119,0.9965964622293532,true,0,NaN
7072,F,0.8977502336087316,0.9978424572363659,true,0,NaN
7073,F,0.8978189875663496,0.996764356843161,true,0,NaN
7074,F,0.897752303399194,0.9973381726121504,true,0,NaN
7075,F,0.8977533383088141,0.9973449922767545,true,0,NaN
7076,F,0.897753855792406,0.9966120185861057,true,0,NaN
7077,F,0.8977542439565706,0.996118118971214,true,0,NaN
7078,F,0.8977545603132259,0.9961114586444472,true,0,NaN
7079,F,0.897754357308136,0.9961101886261232,true,0,NaN
7080,F,0.8977541763514169,0.9961140324830896,true,0,NaN
7081,F,0.8977512952423449,0.9969622330513473,true,0,NaN
7082,F,0.8977541617911262,0.9961139259930767,true,0,NaN
7083,F,0.8969348526275263,1.0658879121376006,false,0,NaN
7084,F,0.8998516794833983,0.9879482269248079,true,0,NaN
7085,F,0.8973445072093262,1.0297694316506993,false,0,NaN
7086,F,0.8975493345002262,1.0143409008156279,false,0,NaN
7087,F,0.8976517481456762,1.0062943168501106,false,0,NaN
7088,F,0.897754013959443,0.9961139560688831,true,0,NaN
7089,F,0.8962621815821438,1.1440137964811958,false,0,NaN
7090,F,0.9027320631149032,0.9523465831844049,true,0,NaN
7091,F,0.8977530170120884,0.9968496235783958,true,0,NaN
7092,F,0.8977535154857657,0.9961142693911347,true,0,NaN
7093,F,0.897747550546821,0.9988459959322656,true,0,NaN
7094,F,0.8977505330162934,0.9978610542890204,true,0,NaN
7095,F,0.8977520242510295,0.9973481279472973,true,0,NaN
7096,F,0.8977527698683976,0.9971437006787085,true,0,NaN
7097,F,0.8977519264526257,0.9973517250740195,true,0,NaN
7098,F,0.8977527168680708,0.9971481569230767,true,0,NaN
7099,F,0.8977531120932615,0.9965900493939956,true,0,NaN
7100,F,0.8977533097408066,0.9961185894763824,true,0,NaN
7101,F,0.8977518049276418,0.9968612563577536,true,0,NaN
7102,F,0.8977532539374393,0.996119264236257,true,0,NaN
7103,F,0.8977526021325013,0.9966247350674488,true,0,NaN
7104,F,0.8977529280349703,0.9966152564249297,true,0,NaN
7105,F,0.8977530909862048,0.9962347434943492,true,0,NaN
7106,F,0.8977531724618221,0.9961189020492542,true,0,NaN
7107,F,0.8977531941067121,0.9961171676404766,true,0,NaN
7108,F,0.8977534690155141,0.9961091268767843,true,0,NaN
7109,F,0.8977518474884335,0.9971952306422373,true,0,NaN
7110,F,0.8977526582519738,0.9966105735670829,true,0,NaN
7111,F,0.897753063633744,0.9966022990449003,true,0,NaN
7112,F,0.897753266324629,0.996109592521463,true,0,NaN
7113,F,0.8977431890831391,0.9978560248514187,true,0,NaN
7114,F,0.8978102896507149,0.9960864372548583,true,0,NaN
7115,F,0.8977482300184231,0.9976967371580109,true,0,NaN
7116,F,0.8977507504967678,0.9971485285807615,true,0,NaN
7117,F,0.8977520107573463,0.9971216571046494,true,0,NaN
7118,F,0.8977526409304544,0.9961194090567642,true,0,NaN
7119,F,0.8977512558988385,0.9971112140040754,true,0,NaN
7120,F,0.8977526065663068,0.9961214910708509,true,0,NaN
7121,F,0.8977526237483806,0.9961193400477838,true,0,NaN
7122,F,0.897752990011084,0.996338187335054,true,0,NaN
7123,F,0.8977528068797324,0.9961173711348102,true,0,NaN
7124,F,0.8977527153140564,0.9961169124256031,true,0,NaN
7125,F,0.8977530033011571,0.9961108794322252,true,0,NaN
7126,F,0.8977528593076068,0.996113221547966,true,0,NaN
7127,F,0.8977529983494827,0.9961094252628168,true,0,NaN
7128,F,0.8977473763336643,0.9981355429082749,true,0,NaN
7129,F,0.897826990806013,0.9962932875185203,true,0,NaN
7130,F,0.89775017797089,0.9974563395006746,true,0,NaN
7131,F,0.8978031037381693,0.997072818217877,true,0,NaN
7132,F,0.897751578827991,0.9974033294200039,true,0,NaN
7133,F,0.8977522793335365,0.9973543064698467,true,0,NaN
7134,F,0.8977526297404477,0.9966103453024475,true,0,NaN
7135,F,0.8977528052533722,0.9965993995725012,true,0,NaN
7136,F,0.8977528936385111,0.9962872469781912,true,0,NaN
7137,F,0.8977529649776146,0.9961116541631068,true,0,NaN
7138,F,0.8977530525606527,0.9961099428922956,true,0,NaN
7139,F,0.8977529918667904,0.9961094392879329,true,0,NaN
7140,F,0.8977529508222928,0.9961111365437669,true,0,NaN
7141,F,0.8977530181685428,0.9961096639308634,true,0,NaN
7142,F,0.8977529709552877,0.9961096977911219,true,0,NaN
7143,F,0.8977529190401375,0.996110815270344,true,0,NaN
7144,F,0.8977527880679437,0.9961736389885025,true,0,NaN
7145,F,0.8977529172681714,0.996110793689617,true,0,NaN
7146,F,0.8977376317716327,0.998795918939773,true,0,NaN
7147,F,0.897745274519902,0.9982498903025476,true,0,NaN
7148,F,0.8977490958940367,0.9980198124552889,true,0,NaN
7149,F,0.8977510065811041,0.9969568703233087,true,0,NaN
7150,F,0.8977529003405311,0.996110801418369,true,0,NaN
7151,F,0.8977353540713421,0.9988319354655125,true,0,NaN
7152,F,0.8977528829541784,0.996110798154378,true,0,NaN
7153,F,0.8977475584479169,0.997596265581636,true,0,NaN
7154,F,0.8977502207010477,0.9974108229379877,true,0,NaN
7155,F,0.897751551827613,0.9968631476358284,true,0,NaN
7156,F,0.8977522173908957,0.9966177627508469,true,0,NaN
7157,F,0.8977527861356234,0.9961146769535895,true,0,NaN
7158,F,0.8977529391147778,0.9961123927761776,true,0,NaN
7159,F,0.8977528035222132,0.9961141938418722,true,0,NaN
7160,F,0.8977529372998249,0.99611198882016,true,0,NaN
7161,F,0.8977528128944438,0.996114093972773,true,0,NaN
7162,F,0.8977529426160037,0.9961119132499647,true,0,NaN
7163,F,0.8977528290109122,0.9961125705356011,true,0,NaN
7164,F,0.8977528989078445,0.9961111077996169,true,0,NaN
7165,F,0.8977528561871132,0.9961110202173451,true,0,NaN
7166,F,0.8977478356220827,0.9975410587286933,true,0,NaN
7167,F,0.8977528520180647,0.9961110186817604,true,0,NaN
7168,F,0.8977522904104835,0.9966163322910675,true,0,NaN
7169,F,0.8977525712142741,0.9966168870666315,true,0,NaN
7170,F,0.8977527116161694,0.9963348310211021,true,0,NaN
7171,F,0.897752781817117,0.9961125068042044,true,0,NaN
7172,F,0.8977526447770775,0.9961151508579046,true,0,NaN
7173,F,0.897752860142389,0.9961094600532059,true,0,NaN
7174,F,0.8977526770568249,0.9963778825822165,true,0,NaN
7175,F,0.897752768599607,0.996113691184443,true,0,NaN
7176,F,0.897752814370998,0.99610963545808,true,0,NaN
7177,F,0.8977528171799388,0.9961092525133894,true,0,NaN
7178,F,0.8977497242988404,0.9962500829225492,true,0,NaN
7179,F,0.8977551321977006,0.9961237532940255,true,0,NaN
7180,F,0.897751270705997,0.996179064998789,true,0,NaN
7181,F,0.8977539515111503,0.996116439234176,true,0,NaN
7182,F,0.897752043910875,0.9961436016391078,true,0,NaN
7183,F,0.8977533629202887,0.9961127881243982,true,0,NaN
7184,F,0.8977524305159136,0.9961258813934437,true,0,NaN
7185,F,0.8977530690665272,0.996110963979168,true,0,NaN
7186,F,0.8977526238236322,0.9961170304502018,true,0,NaN
7187,F,0.8977529224973398,0.9961100510292391,true,0,NaN
7188,F,0.8977527204878926,0.9961126472915343,true,0,NaN
7189,F,0.8977528508479548,0.996109593604062,true,0,NaN
7190,F,0.8977527688330464,0.9961105682860205,true,0,NaN
7191,F,0.8977528193590943,0.9961093720966043,true,0,NaN
7192,F,0.8977528050932158,0.9961093833992464,true,0,NaN
7193,F,0.897752585134521,0.9961135113863424,true,0,NaN
7194,F,0.8977499306311396,0.9961792831674102,true,0,NaN
7195,F,0.8977512578828304,0.9961441182978701,true,0,NaN
7196,F,0.8977526621605517,0.9961090048594925,true,0,NaN
7197,F,0.8977525432679452,0.9961102669316464,true,0,NaN
7198,F,0.8977340247467653,0.9972679113552967,true,0,NaN
7199,F,0.8977785429194199,0.9951911432845539,true,0,NaN
7200,F,0.8977221775448079,0.9970598897782911,true,0,NaN
7201,F,0.8977780333667682,0.9952006776192903,true,0,NaN
7202,F,0.8977348942612974,0.998878829190273,true,0,NaN
7203,F,0.8978599120495504,0.9955924894241375,true,0,NaN
7204,F,0.8977563234967904,0.996084916396403,true,0,NaN
7205,F,0.8977863777966408,0.9962981045415621,true,0,NaN
7206,F,0.8977670446790544,0.9960422730722742,true,0,NaN
7207,F,0.897795649892876,0.9952804095081228,true,0,NaN
7208,F,0.8977724184700389,0.9960236106729515,true,0,NaN
7209,F,0.8978003895287426,0.995277709382909,true,0,NaN
7210,F,0.8977751323484731,0.9955034097039273,true,0,NaN
7211,F,0.8977854220342819,0.995739901191835,true,0,NaN
7212,F,0.8977765417153873,0.9954968175478333,true,0,NaN
7213,F,0.8977772692079306,0.9949822728043745,true,0,NaN
7214,F,0.8977596703668237,0.9953930915119437,true,0,NaN
7215,F,0.8977307302760758,0.9966265734964245,true,0,NaN
7216,F,0.8977595077230418,0.9953970900625868,true,0,NaN
7217,F,0.8977305142644544,0.9961112816393234,true,0,NaN
7218,F,0.8977309897587691,0.9960982261408969,true,0,NaN
7219,F,0.8977299111030548,0.9964607554906783,true,0,NaN
7220,F,0.8977304504309119,0.9960995086334219,true,0,NaN
7221,F,0.8977292969321022,0.9969675832960415,true,0,NaN
7222,F,0.897729873681507,0.9964580856219911,true,0,NaN
7223,F,0.8977301620562095,0.9963002912949753,true,0,NaN
7224,F,0.8977303062435608,0.996102385800302,true,0,NaN
7225,F,0.8977300241540542,0.9961081659960433,true,0,NaN
7226,F,0.8977304813909349,0.9960962685047315,true,0,NaN
7227,F,0.8977080821499412,0.9988349441235325,true,0,NaN
7228,F,0.8978111905582373,0.9967508661477436,true,0,NaN
7229,F,0.8977192754206217,0.9979752674680527,true,0,NaN
7230,F,0.8977900181694215,0.9971527926125475,true,0,NaN
7231,F,0.897724872084467,0.9974642764637074,true,0,NaN
7232,F,0.8977763767313769,0.9953832008045557,true,0,NaN
7233,F,0.8977276704734026,0.9974767385989078,true,0,NaN
7234,F,0.8977796442579365,0.9952930391654865,true,0,NaN
7235,F,0.8977290697819166,0.997029436234871,true,0,NaN
7236,F,0.8977297696450612,0.9969602078020096,true,0,NaN
7237,F,0.897730119411888,0.996182508445095,true,0,NaN
7238,F,0.8977333674056105,0.9960106144136884,true,0,NaN
7239,F,0.8977277465021929,0.9974842020484616,true,0,NaN
7240,F,0.8977331254973923,0.9960156122016705,true,0,NaN
7241,F,0.8977250479369278,0.9970114491713491,true,0,NaN
7242,F,0.89772908671716,0.9968213215045265,true,0,NaN
7243,F,0.8977311061072761,0.996783475641011,true,0,NaN
7244,F,0.8977321158023343,0.9966440684953453,true,0,NaN
7245,F,0.8977324237901855,0.9965405060398924,true,0,NaN
7246,F,0.8977469774842209,0.9957363942453333,true,0,NaN
7247,F,0.8977327335279782,0.9960517532747093,true,0,NaN
7248,F,0.897733655167216,0.9960211850489193,true,0,NaN
7249,F,0.897732888398814,0.9960210876858537,true,0,NaN
7250,F,0.8977287646814219,0.996352291180655,true,0,NaN
7251,F,0.8977327929189621,0.9960229244458154,true,0,NaN
7252,F,0.89772929083673,0.9961022031371989,true,0,NaN
7253,F,0.8977290225226946,0.9962244609141266,true,0,NaN
7254,F,0.8977291566797123,0.9962234299950292,true,0,NaN
7255,F,0.8977292237582212,0.9962239255531341,true,0,NaN
7256,F,0.8977292572974755,0.9961017757880261,true,0,NaN
7257,F,0.8977293181654804,0.9961184357653475,true,0,NaN
7258,F,0.897729287731478,0.9961002213738956,true,0,NaN
7259,F,0.8977293062816444,0.9960995080180185,true,0,NaN
7260,F,0.8977294202501146,0.9960961368342371,true,0,NaN
7261,F,0.8977293820962635,0.9960961106491593,true,0,NaN
7262,F,0.8977290433459821,0.9961890404163424,true,0,NaN
7263,F,0.8977292127211228,0.9961010399486316,true,0,NaN
7264,F,0.8977292974086932,0.9960967484394201,true,0,NaN
7265,F,0.8977292048657391,0.9960970407803215,true,0,NaN
7266,F,0.8977172821359414,0.9968838327266323,true,0,NaN
7267,F,0.897742116276384,0.9962847965170858,true,0,NaN
7268,F,0.8977232246265513,0.9967492149840248,true,0,NaN
7269,F,0.8977438096743465,0.9962510825406582,true,0,NaN
7270,F,0.8977261961040551,0.9966860706885858,true,0,NaN
7271,F,0.8977447880546081,0.9962344444876514,true,0,NaN
7272,F,0.8977276823075229,0.9966505506670912,true,0,NaN
7273,F,0.89772842634124,0.9961210773418594,true,0,NaN
7274,F,0.8977291850312021,0.9961046617991901,true,0,NaN
7275,F,0.8977288001207764,0.9961040717697051,true,0,NaN
7276,F,0.8977287030206056,0.9960986547322221,true,0,NaN
7277,F,0.8977279169529172,0.9961078579505291,true,0,NaN
7278,F,0.8977278935113848,0.9961067694593642,true,0,NaN
7279,F,0.897727402376791,0.9961146534709194,true,0,NaN
7280,F,0.8977279485173237,0.9960999809041317,true,0,NaN
7281,F,0.897724798518827,0.9976720759078515,true,0,NaN
7282,F,0.8977263735180754,0.9962842912982928,true,0,NaN
7283,F,0.8977271610176996,0.9961085546844147,true,0,NaN
7284,F,0.897726842396364,0.996105037783083,true,0,NaN
7285,F,0.8977091976645952,0.9984803140486597,true,0,NaN
7286,F,0.8977422966227748,0.9968770455237559,true,0,NaN
7287,F,0.897717978269568,0.9981282879329169,true,0,NaN
7288,F,0.8977461717836842,0.9965695504725315,true,0,NaN
7289,F,0.8977223686305152,0.9971121295597456,true,0,NaN
7290,F,0.8977364022174544,0.9968226563479916,true,0,NaN
7291,F,0.8977245639279239,0.9970804416633322,true,0,NaN
7292,F,0.8977381559392549,0.9963649391576218,true,0,NaN
7293,F,0.8977256618106074,0.9966082866907099,true,0,NaN
7294,F,0.8977326744594014,0.9959794019257585,true,0,NaN
7295,F,0.8977262112207824,0.996105652275734,true,0,NaN
7296,F,0.8977212703455452,0.9973172228822914,true,0,NaN
7297,F,0.8977261658222537,0.9961054317125531,true,0,NaN
7298,F,0.8977219755860797,0.9968043823858187,true,0,NaN
7299,F,0.8977240707041667,0.9961777228220612,true,0,NaN
7300,F,0.8977251182632102,0.9961107997626529,true,0,NaN
7301,F,0.8977245408229346,0.9961089081237015,true,0,NaN
7302,F,0.8977248301513968,0.9960999257257629,true,0,NaN
7303,F,0.8977250235756522,0.9960949559812275,true,0,NaN
7304,F,0.8977249263658159,0.9960968318325352,true,0,NaN
7305,F,0.8977249839009733,0.9960951572609424,true,0,NaN
7306,F,0.89772210234877,0.9962624736685982,true,0,NaN
7307,F,0.8977286989946288,0.9961074603647609,true,0,NaN
7308,F,0.8977235408378256,0.9961770425910208,true,0,NaN
7309,F,0.8977267692635974,0.9961010750171723,true,0,NaN
7310,F,0.897724260089439,0.9961353733355449,true,0,NaN
7311,F,0.8977258456558573,0.996098057794446,true,0,NaN
7312,F,0.8977246197294181,0.9961147681746345,true,0,NaN
7313,F,0.897725392913102,0.9960965702311461,true,0,NaN
7314,F,0.8977247995777624,0.9961045263574864,true,0,NaN
7315,F,0.8977251689657284,0.9960958304170641,true,0,NaN
7316,F,0.8977248895587224,0.9960994620859528,true,0,NaN
7317,F,0.8977250592817966,0.99609545650373,true,0,NaN
7318,F,0.8977249346634097,0.9960970406149531,true,0,NaN
7319,F,0.8977250089170973,0.9960952735837064,true,0,NaN
7320,F,0.8977249691316656,0.9960954790632378,true,0,NaN
7321,F,0.8977249797343159,0.9960951444745341,true,0,NaN
7322,F,0.8977249703580864,0.9960953437571856,true,0,NaN
7323,F,0.897724970460751,0.9960953319233551,true,0,NaN
7324,F,0.8977249632065034,0.9960953994395589,true,0,NaN
7325,F,0.8977249375236289,0.9960959887671011,true,0,NaN
7326,F,0.8977249285012717,0.9960961832404736,true,0,NaN
7327,F,0.8977249318604079,0.9960960501687549,true,0,NaN
7328,F,0.8977249524288644,0.9960954371079904,true,0,NaN
7329,F,0.8977249749013413,0.9960947700847742,true,0,NaN
7330,F,0.8977249902204082,0.9960942299941307,true,0,NaN
7331,F,0.8977244973108734,0.9962195076397716,true,0,NaN
7332,F,0.8977247437656408,0.9960945302231137,true,0,NaN
7333,F,0.8976175474665956,0.9985279629179339,true,0,NaN
7334,F,0.8976892265093595,0.9969518911614021,true,0,NaN
7335,F,0.8976711452768869,0.9979468338795887,true,0,NaN
7336,F,0.8977257063175913,0.9958903873403021,true,0,NaN
7337,F,0.8528023035169194,NaN,false,-300,NaN
7338,F,0.8977254415759194,0.9958826083483341,true,0,NaN
7339,F,0.8975458286455098,1.3274319069016782,false,0,NaN
7340,F,0.8976356351107145,1.1039065650494533,false,0,NaN
7341,F,0.897680538343317,1.0364422765607302,false,0,NaN
7342,F,0.8977029899596182,1.0134105712188086,false,0,NaN
7343,F,0.8977214751750159,0.9959187883605449,true,0,NaN
7344,F,0.8967087660723798,1.0276982939958166,false,0,NaN
7345,F,0.8969915696320824,1.0232817565615193,false,0,NaN
7346,F,0.8972151077253744,1.012412130991616,false,0,NaN
7347,F,0.8973618807457749,1.0092023383166233,false,0,NaN
7348,F,0.8974682785527075,1.0046000210443375,false,0,NaN
7349,F,0.8975455321487964,1.0028305484485431,false,0,NaN
7350,F,0.8975948639680458,1.000536064141376,false,0,NaN
7351,F,0.8976359527102429,0.9999524381004641,true,0,NaN
7352,F,0.8976581566790583,0.9970313806514066,true,0,NaN
7353,F,0.8948291314587896,1.369250565937602,false,0,NaN
7354,F,0.9050378042896688,6.785091109346345,false,0,NaN
7355,F,0.8976503804613405,0.9985823785185164,true,0,NaN
7356,F,0.8976542685701994,0.9980505259135528,true,0,NaN
7357,F,0.8976562126246289,0.998060941430814,true,0,NaN
7358,F,0.8976503778999687,0.9985823766501205,true,0,NaN
7359,F,0.897707951494729,0.9980059242505415,true,0,NaN
7360,F,0.8976542660053396,0.9980505219412981,true,0,NaN
7361,F,0.8976920639661868,0.9975620509096229,true,0,NaN
7362,F,0.8976562100580878,0.9980609344223366,true,0,NaN
7363,F,0.8976943406533457,0.997554351113003,true,0,NaN
7364,F,0.8976571820845877,0.9975571433347498,true,0,NaN
7365,F,0.8976766536893234,0.9975308533887933,true,0,NaN
7366,F,0.8976576680980889,0.9975575881942648,true,0,NaN
7367,F,0.8976579111053424,0.997033335052235,true,0,NaN
7368,F,0.897712162730533,0.995656580412147,true,0,NaN
7369,F,0.894117861172251,NaN,false,-300,NaN
7370,F,0.8959149379253507,1.5397714080948792,false,0,NaN
7371,F,0.9161483937824945,1.9902982465181793,false,0,NaN
7372,F,0.8968134763031718,1.1450904352616216,false,0,NaN
7373,F,0.9023702523523488,1.0829046257077688,false,0,NaN
7374,F,0.8972627454946248,1.0400449128475306,false,0,NaN
7375,F,0.8989133165259523,1.0125470030189996,false,0,NaN
7376,F,0.8974873800954363,1.0090171117057543,false,0,NaN
7377,F,0.8979841728617285,0.9991850716259836,true,0,NaN
7378,F,0.897599697406012,1.0029729446268476,false,0,NaN
7379,F,0.8978717481263762,0.9962308984428133,true,0,NaN
7380,F,0.8976558560816397,1.0005303721207315,false,0,NaN
7381,F,0.8978370858176171,0.9957214547801023,true,0,NaN
7382,F,0.8976979752307411,0.9980621324975562,true,0,NaN
7383,F,0.8977874270209972,0.9956596119755365,true,0,NaN
7384,F,0.897710261454669,0.9962150844771323,true,0,NaN
7385,F,0.8977310300074601,0.9966968620078468,true,0,NaN
7386,F,0.8977119364414298,0.9956565844550961,true,0,NaN
7387,F,0.8976908963974964,0.9971266945040731,true,0,NaN
7388,F,0.8977118945767342,0.9956574579739059,true,0,NaN
7389,F,0.8976878312515335,0.9977373902081679,true,0,NaN
7390,F,0.8976998629141338,0.9969619183177154,true,0,NaN
7391,F,0.8977058787454341,0.996331236088091,true,0,NaN
7392,F,0.8977088866610841,0.9962441194801888,true,0,NaN
7393,F,0.8977118025062856,0.9956592012401325,true,0,NaN
7394,F,0.8976791450787235,0.9992577642178808,true,0,NaN
7395,F,0.8978131129380623,0.9963808739562086,true,0,NaN
7396,F,0.897695473766301,0.9982028220492655,true,0,NaN
7397,F,0.8977901681101941,0.9956707637209437,true,0,NaN
7398,F,0.8977036381104732,0.9977304454363853,true,0,NaN
7399,F,0.897707720283326,0.9972236194012459,true,0,NaN
7400,F,0.897709761371286,0.9966748104338716,true,0,NaN
7401,F,0.8977107819183333,0.9961863371234484,true,0,NaN
7402,F,0.8977112921979915,0.9961841185684658,true,0,NaN
7403,F,0.8977116749405222,0.9956593698157006,true,0,NaN
7404,F,0.8977115777056779,0.995662166287337,true,0,NaN
7405,F,0.8977110190420785,0.9956755833559096,true,0,NaN
7406,F,0.8977097549478673,0.9957062751859778,true,0,NaN
7407,F,0.8977070992877557,0.9957713823923594,true,0,NaN
7408,F,0.8977026396778081,0.9958811620639653,true,0,NaN
7409,F,0.8976978036522664,0.9960002989181698,true,0,NaN
7410,F,0.8976951420720002,0.9960652255233502,true,0,NaN
7411,F,0.8976943869562535,0.9960820127664449,true,0,NaN
7412,F,0.8976941611473971,0.9960829340413755,true,0,NaN
7413,F,0.8976936975934623,0.9960827740168714,true,0,NaN
7414,F,0.8976925041883843,0.9960833579156284,true,0,NaN
7415,F,0.8976897438611432,0.9971214989635776,true,0,NaN
7416,F,0.8976911240247638,0.9966149265101417,true,0,NaN
7417,F,0.8976918141065741,0.9966142885455116,true,0,NaN
7418,F,0.8976921591474791,0.996611145583427,true,0,NaN
7419,F,0.8976899706090812,0.9971214204705083,true,0,NaN
7420,F,0.8976912360030891,0.9966142843318219,true,0,NaN
7421,F,0.8976918687459096,0.9966142189074341,true,0,NaN
7422,F,0.897692185209011,0.9966036783598301,true,0,NaN
7423,F,0.8976923436244103,0.996089875714088,true,0,NaN
7424,F,0.8976908370976187,0.9961162721419592,true,0,NaN
7425,F,0.8976620934452597,0.9984193084694825,true,0,NaN
7426,F,0.8977513029765535,0.9971389955605766,true,0,NaN
7427,F,0.8976764603256121,0.998310764360796,true,0,NaN
7428,F,0.8977614650766472,0.9971336101044627,true,0,NaN
7429,F,0.8976836437706115,0.9976587525761593,true,0,NaN
7430,F,0.8977433924622488,0.9971349821001535,true,0,NaN
7431,F,0.8976872355027575,0.9976522490341585,true,0,NaN
7432,F,0.897689031388124,0.997154690429063,true,0,NaN
7433,F,0.8976899293693973,0.9968762131542265,true,0,NaN
7434,F,0.8976903784372435,0.9963971967770052,true,0,NaN
7435,F,0.8976907157812865,0.9961165180046522,true,0,NaN
7436,F,0.8976900679193638,0.9974311029268751,true,0,NaN
7437,F,0.8976903914606629,0.9961685266026638,true,0,NaN
7438,F,0.8976924598720875,0.9961626870337527,true,0,NaN
7439,F,0.8976905532426196,0.9961205396786621,true,0,NaN
7440,F,0.8976907131900488,0.9961167997627228,true,0,NaN
7441,F,0.8976906341562262,0.9961172077274746,true,0,NaN
7442,F,0.8976910527813257,0.9961065093553861,true,0,NaN
7443,F,0.897691507898949,0.9960949969029228,true,0,NaN
7444,F,0.8976918176168919,0.996087025552364,true,0,NaN
7445,F,0.8976918779460739,0.9960848997512683,true,0,NaN
7446,F,0.8976918547906872,0.9960840979535227,true,0,NaN
7447,F,0.8976917117661323,0.9960842059925531,true,0,NaN
7448,F,0.8976913352296425,0.9965868315337374,true,0,NaN
7449,F,0.8976915234978874,0.9960835924007969,true,0,NaN
7450,F,0.8976912646304618,0.996568918229731,true,0,NaN
7451,F,0.8976913940641745,0.9960870431332439,true,0,NaN
7452,F,0.897691458781031,0.9960839858831062,true,0,NaN
7453,F,0.8976914265665806,0.9961594297585427,true,0,NaN
7454,F,0.8976914426738057,0.996085843335724,true,0,NaN
7455,F,0.8976914507274184,0.9960840566446209,true,0,NaN
7456,F,0.8976914427922846,0.996083360322776,true,0,NaN
7457,F,0.8976914802850849,0.9960823930854261,true,0,NaN
7458,F,0.8976913718042052,0.9961107665998241,true,0,NaN
7459,F,0.897691426044645,0.9960859814701203,true,0,NaN
7460,F,0.897691453164865,0.9960828159247124,true,0,NaN
7461,F,0.8976914081444278,0.9960839030603386,true,0,NaN
7462,F,0.8976914076477032,0.9960838412379761,true,0,NaN
7463,F,0.8976913662641343,0.9960840901829477,true,0,NaN
7464,F,0.8976911009901345,0.9960851105788925,true,0,NaN
7465,F,0.8976887530010375,0.9954707125455141,true,0,NaN
7466,F,0.8976646096383569,0.9960640644896219,true,0,NaN
7467,F,0.8976639001663375,0.996070005818782,true,0,NaN
7468,F,0.8976629669201759,0.9958233566816703,true,0,NaN
7469,F,0.8976407508617135,0.9969381545608107,true,0,NaN
7470,F,0.8976518588909447,0.9963534953007118,true,0,NaN
7471,F,0.8976574129055602,0.9963391107924688,true,0,NaN
7472,F,0.8976601899128681,0.9962389681127606,true,0,NaN
7473,F,0.8976599680281243,0.9962418919245821,true,0,NaN
7474,F,0.897675235033165,0.9964614711689846,true,0,NaN
7475,F,0.8976614663041,0.9961525892873397,true,0,NaN
7476,F,0.8976738416166704,0.9963760494823818,true,0,NaN
7477,F,0.8976622154420929,0.9960798181292957,true,0,NaN
7478,F,0.897672033426537,0.9961054215647602,true,0,NaN
7479,F,0.8976625900110993,0.9958571533453928,true,0,NaN
7480,F,0.8976637663462204,0.995822602339541,true,0,NaN
7481,F,0.8976627772956225,0.9958253897520905,true,0,NaN
7482,F,0.897641682092282,0.999330366301972,true,0,NaN
7483,F,0.8977803780319397,0.9965205465931185,true,0,NaN
7484,F,0.897652229991912,0.9982823015412,true,0,NaN
7485,F,0.897749453150313,0.9958279588796383,true,0,NaN
7486,F,0.897657503941727,0.9978345203382053,true,0,NaN
7487,F,0.8976601409166352,0.9978654865745724,true,0,NaN
7488,F,0.89766145940409,0.9968510135276526,true,0,NaN
7489,F,0.8976621186478193,0.996845318023171,true,0,NaN
7490,F,0.8976624482696876,0.9964198193433693,true,0,NaN
7491,F,0.8976626954861139,0.9958292311080259,true,0,NaN
7492,F,0.8976628480859274,0.9958258572828712,true,0,NaN
7493,F,0.8976627675911649,0.995825394622138,true,0,NaN
7494,F,0.8976408780223868,0.997964993324253,true,0,NaN
7495,F,0.8976627669654316,0.9958254016593826,true,0,NaN
7496,F,0.897640878324743,0.9979649992984939,true,0,NaN
7497,F,0.8976518226450874,0.9964574566433466,true,0,NaN
7498,F,0.8976572948052595,0.9963484601865543,true,0,NaN
7499,F,0.8976600308853455,0.9962408490521499,true,0,NaN
7500,F,0.8976627596260227,0.9958254013769596,true,0,NaN
7501,F,0.8976626300727781,0.9958271499919419,true,0,NaN
7502,F,0.8976610331377568,0.9958720542920592,true,0,NaN
7503,F,0.8976618721550909,0.9958562561387404,true,0,NaN
7504,F,0.8976618316052675,0.9958480849117559,true,0,NaN
7505,F,0.8976615972040867,0.9958497803217123,true,0,NaN
7506,F,0.8976383025624874,0.996815241104735,true,0,NaN
7507,F,0.8976615804333132,0.9958499824433666,true,0,NaN
7508,F,0.8976596260307357,0.9959184227128647,true,0,NaN
7509,F,0.8976617919951255,0.9958711030857544,true,0,NaN
7510,F,0.8976605961393411,0.9958835936582247,true,0,NaN
7511,F,0.8976616598522424,0.9958603534257523,true,0,NaN
7512,F,0.8976610830159701,0.9958661143054343,true,0,NaN
7513,F,0.8976615935515655,0.9958549593037399,true,0,NaN
7514,F,0.8976613286930284,0.9958573130456184,true,0,NaN
7515,F,0.8976615606910064,0.9958522332256085,true,0,NaN
7516,F,0.8976614542592786,0.9958529494729251,true,0,NaN
7517,F,0.8976367269820856,0.9973113844119766,true,0,NaN
7518,F,0.8976614518746874,0.9958529721094671,true,0,NaN
7519,F,0.8976503829990888,0.9967542708132313,true,0,NaN
7520,F,0.8976559174368881,0.9960185982861351,true,0,NaN
7521,F,0.8976586846557878,0.9959142998668483,true,0,NaN
7522,F,0.8976513567574493,0.9963270131339439,true,0,NaN
7523,F,0.8976550207066185,0.9960975280853228,true,0,NaN
7524,F,0.8976568526812032,0.9960549529541354,true,0,NaN
7525,F,0.8976577686684954,0.995935266051055,true,0,NaN
7526,F,0.8974449317255497,1.0028958774374337,false,0,NaN
7527,F,0.8976141324756565,0.99845752517267,true,0,NaN
7528,F,0.8975512972289286,0.9997532220799263,true,0,NaN
7529,F,0.8976441052300643,0.9978192436626669,true,0,NaN
7530,F,0.897604480304323,0.9977964719625751,true,0,NaN
7531,F,0.8976497230581233,0.9969470218667181,true,0,NaN
7532,F,0.8976310724894648,0.9969938678162398,true,0,NaN
7533,F,0.8976568052699699,0.9964224532619594,true,0,NaN
7534,F,0.8976443698772008,0.9963596232368006,true,0,NaN
7535,F,0.8976546852899732,0.996114155407521,true,0,NaN
7536,F,0.8976510211636087,0.9961376912752754,true,0,NaN
7537,F,0.8976559417849702,0.9960307038312849,true,0,NaN
7538,F,0.897654352009653,0.9960369364131921,true,0,NaN
7539,F,0.8976568234477801,0.99598410821641,true,0,NaN
7540,F,0.8976568799433087,0.9959610479221404,true,0,NaN
7541,F,0.8976575066581632,0.9959476626167576,true,0,NaN
7542,F,0.8976576451081374,0.9959372693954874,true,0,NaN
7543,F,0.8976524618509379,0.996063265683837,true,0,NaN
7544,F,0.8976520479735554,0.9960678200776423,true,0,NaN
7545,F,0.8976520238656666,0.9960677536443121,true,0,NaN
7546,F,0.8976519492807498,0.9960687952958936,true,0,NaN
7547,F,0.8976518896013912,0.9960688710827594,true,0,NaN
7548,F,0.8976517580149557,0.9960688396001592,true,0,NaN
7549,F,0.8976514114307309,0.9960974804234001,true,0,NaN
7550,F,0.8976515847228432,0.9960690524612507,true,0,NaN
7551,F,0.8976508186488152,0.9965985302174784,true,0,NaN
7552,F,0.8976512016858292,0.9965981809297157,true,0,NaN
7553,F,0.8976513932043362,0.9962020959896446,true,0,NaN
7554,F,0.8976514889635897,0.9960696517865347,true,0,NaN
7555,F,0.8976516334141031,0.9960656146043652,true,0,NaN
7556,F,0.8976516341465122,0.9960643146923744,true,0,NaN
7557,F,0.8976516890413306,0.996075448585245,true,0,NaN
7558,F,0.8976516615939214,0.9960640723247944,true,0,NaN
7559,F,0.8976516478702168,0.996063929589858,true,0,NaN
7560,F,0.8976517378514263,0.9960612983956001,true,0,NaN
7561,F,0.8976516089363161,0.9960636377178071,true,0,NaN
7562,F,0.8976516452993151,0.9960625064108275,true,0,NaN
7563,F,0.8976516113912054,0.996063385831958,true,0,NaN
7564,F,0.8976516283452602,0.9960627130986426,true,0,NaN
7565,F,0.8976516287351964,0.9960625541956873,true,0,NaN
7566,F,0.8976515782482699,0.9960643320587034,true,0,NaN
7567,F,0.8976516034917332,0.9960627693028381,true,0,NaN
7568,F,0.8976516075693486,0.9960624987182766,true,0,NaN
7569,F,0.8976511337765807,0.9971013439045747,true,0,NaN
7570,F,0.8976513641477987,0.996231236379713,true,0,NaN
7571,F,0.8976577451377324,0.9962154648760122,true,0,NaN
7572,F,0.8976514794433135,0.996074290396208,true,0,NaN
7573,F,0.8976519253587923,0.9960631880845245,true,0,NaN
7574,F,0.8976515373127352,0.9960654158415495,true,0,NaN
7575,F,0.8976516476273747,0.996062665944895,true,0,NaN
7576,F,0.8976515667062918,0.9960635271057697,true,0,NaN
7577,F,0.8976516055962248,0.9960625502889611,true,0,NaN
7578,F,0.8976515824448901,0.9960628761658655,true,0,NaN
7579,F,0.8976515251061732,0.9960625694169258,true,0,NaN
7580,F,0.8976513470525539,0.9962169226449039,true,0,NaN
7581,F,0.8976514360793636,0.9960634931673193,true,0,NaN
7582,F,0.8976512989439226,0.9960663494629753,true,0,NaN
7583,F,0.8976513617410168,0.9960645827110935,true,0,NaN
7584,F,0.897650687107813,0.9962298613084473,true,0,NaN
7585,F,0.8976510244244149,0.9962168396378407,true,0,NaN
7586,F,0.8976511930827158,0.9962138993398775,true,0,NaN
7587,F,0.8976512774118663,0.9962097934831958,true,0,NaN
7588,F,0.8976508133133984,0.9962240453521313,true,0,NaN
7589,F,0.8976562133794206,0.9960814387941574,true,0,NaN
7590,F,0.8976510867491669,0.9962154140188422,true,0,NaN
7591,F,0.8976562160200698,0.9960870514619362,true,0,NaN
7592,F,0.8976512234670564,0.9962135417662252,true,0,NaN
7593,F,0.8976563008224667,0.9960880394519926,true,0,NaN
7594,F,0.8976512918260113,0.9961565096869499,true,0,NaN
7595,F,0.8976544266405532,0.9960847382789542,true,0,NaN
7596,F,0.8976513260055092,0.9960648793196522,true,0,NaN
7597,F,0.8976511773610134,0.9960682879131216,true,0,NaN
7598,F,0.8976511957975777,0.9960676984586873,true,0,NaN
7599,F,0.8976510995772637,0.9960713082429081,true,0,NaN
7600,F,0.8976511476874207,0.9960687440318703,true,0,NaN
7601,F,0.8976511270404305,0.9960691099580893,true,0,NaN
7602,F,0.8976504220896412,0.9961049457250669,true,0,NaN
7603,F,0.8976518207109532,0.9960709595840211,true,0,NaN
7604,F,0.8976507741129082,0.9960863868778801,true,0,NaN
7605,F,0.8976514484078136,0.9960700018271654,true,0,NaN
7606,F,0.8976509501302533,0.9960771224022686,true,0,NaN
7607,F,0.8976512628453506,0.9960695212860113,true,0,NaN
7608,F,0.8976510381503524,0.9960725565725668,true,0,NaN
7609,F,0.8976511726673441,0.996069280453816,true,0,NaN
7610,F,0.8976510821832809,0.9960704273632572,true,0,NaN
7611,F,0.8976511336000932,0.9960691669760308,true,0,NaN
7612,F,0.8976511042457124,0.9960695538254295,true,0,NaN
7613,F,0.8976510877452099,0.9960698594895969,true,0,NaN
7614,F,0.8976510735909551,0.9960701209858573,true,0,NaN
7615,F,0.8976510763614183,0.9960700385533902,true,0,NaN
7616,F,0.8976510245624888,0.996070921399182,true,0,NaN
7617,F,0.8976509655855159,0.9960711609159164,true,0,NaN
7618,F,0.8976505046138561,0.9960720957161546,true,0,NaN
7619,F,0.8976502525403224,0.99631205629539,true,0,NaN
7620,F,0.8976503785770893,0.9961187382547548,true,0,NaN
7621,F,0.8976504415954727,0.996072215282513,true,0,NaN
7622,F,0.8976502566731911,0.9963110820617959,true,0,NaN
7623,F,0.8976503491343318,0.9963105153599735,true,0,NaN
7624,F,0.8976503953649023,0.9960726120348133,true,0,NaN
7625,F,0.8976500623498254,0.9960806188260376,true,0,NaN
7626,F,0.8976504358793501,0.9960711151473959,true,0,NaN
7627,F,0.8976476123247308,0.9976903883512562,true,0,NaN
7628,F,0.8976490241020404,0.9969374324306444,true,0,NaN
7629,F,0.8976497299906953,0.9963167829279778,true,0,NaN
7630,F,0.8976500829350227,0.9963103133263981,true,0,NaN
7631,F,0.8976486235229493,0.9972103155446603,true,0,NaN
7632,F,0.897694169155021,0.9966348863180645,true,0,NaN
7633,F,0.8976495287457295,0.9963319138478612,true,0,NaN
7634,F,0.8976599965420612,0.997077496656111,true,0,NaN
7635,F,0.8976499813571314,0.9963113413921717,true,0,NaN
7636,F,0.8976595916000522,0.9965639413489207,true,0,NaN
7637,F,0.8976502076628562,0.996277591992482,true,0,NaN
7638,F,0.8976584541764294,0.9963296890743145,true,0,NaN
7639,F,0.8976503208157661,0.9960709584273726,true,0,NaN
7640,F,0.8976497046308086,0.9963196526588324,true,0,NaN
7641,F,0.8976596135111464,0.996074411836826,true,0,NaN
7642,F,0.8976500004067843,0.9963142685921647,true,0,NaN
7643,F,0.8976596948330645,0.9960672806018324,true,0,NaN
7644,F,0.8976501486486906,0.9961786101769915,true,0,NaN
7645,F,0.8976544396987387,0.996067794538006,true,0,NaN
7646,F,0.8976502230973699,0.9960761436485325,true,0,NaN
7647,F,0.8976504328292374,0.9960705823799698,true,0,NaN
7648,F,0.89765026143906,0.9960708318058273,true,0,NaN
7649,F,0.8976492212926558,0.9971404660856746,true,0,NaN
7650,F,0.8976497370065671,0.9966036370397083,true,0,NaN
7651,F,0.897649995610143,0.9963001325977543,true,0,NaN
7652,F,0.8976501256696264,0.9960815028667785,true,0,NaN
7653,F,0.897650548199805,0.9960736984826156,true,0,NaN
7654,F,0.8976501911974412,0.9960724518446956,true,0,NaN
7655,F,0.8976502146799601,0.9960707623593951,true,0,NaN
7656,F,0.8976502111094562,0.9960701956916619,true,0,NaN
7657,F,0.8976501385704181,0.9960705942978684,true,0,NaN
7658,F,0.897650016028897,0.9960704052518843,true,0,NaN
7659,F,0.8976496500418771,0.9960819724605915,true,0,NaN
7660,F,0.8976498330353871,0.9960755419368429,true,0,NaN
7661,F,0.8976499245321421,0.9960725947292655,true,0,NaN
7662,F,0.8976499771379688,0.9960708895109353,true,0,NaN
7663,F,0.8976499192449938,0.9960742251770784,true,0,NaN
7664,F,0.8976499481914813,0.9960713063945745,true,0,NaN
7665,F,0.8976499717352168,0.9960705324335548,true,0,NaN
7666,F,0.8976499520869397,0.9960709541492252,true,0,NaN
7667,F,0.8976499583875769,0.9960707550923755,true,0,NaN
7668,F,0.8976499251862142,0.9961636668670377,true,0,NaN
7669,F,0.8976499417868955,0.9960728577157099,true,0,NaN
7670,F,0.8976499500872362,0.9960708585957306,true,0,NaN
7671,F,0.8976499427481469,0.9960709600181347,true,0,NaN
7672,F,0.8976497810128948,0.9966087340963768,true,0,NaN
7673,F,0.8976498614743877,0.9963083399506184,true,0,NaN
7674,F,0.8976499017231027,0.9960814027430782,true,0,NaN
7675,F,0.8976503212227416,0.9960710058492348,true,0,NaN
7676,F,0.897649921883538,0.9960726701524094,true,0,NaN
7677,F,0.8976499905823131,0.9960709663972028,true,0,NaN
7678,F,0.8976499320278131,0.9960714067594791,true,0,NaN
7679,F,0.8976499499741735,0.9960709612904529,true,0,NaN
7680,F,0.8976499371573228,0.9960711168454603,true,0,NaN
7681,F,0.8976499434573655,0.9960709603404277,true,0,NaN
7682,F,0.8976499397795509,0.9960710199202574,true,0,NaN
7683,F,0.8976499351587184,0.9960710692164683,true,0,NaN
7684,F,0.897649898805832,0.9960716626952614,true,0,NaN
7685,F,0.897649750125079,0.9961830549016558,true,0,NaN
7686,F,0.8976498244654555,0.9960902804479089,true,0,NaN
7687,F,0.8976498616356438,0.9960730457319809,true,0,NaN
7688,F,0.8976498802207379,0.9960719822775328,true,0,NaN
7689,F,0.8976498823420197,0.9960718319702236,true,0,NaN
7690,F,0.8976495207601434,0.9967111672364901,true,0,NaN
7691,F,0.8976496891103939,0.9962209056656933,true,0,NaN
7692,F,0.8976556295469263,0.9961633801362069,true,0,NaN
7693,F,0.8976497767989382,0.9960842968662739,true,0,NaN
7694,F,0.8976502735138816,0.9960725494132686,true,0,NaN
7695,F,0.8976498258026528,0.9960768033883106,true,0,NaN
7696,F,0.8976500239094124,0.9960720091709587,true,0,NaN
7697,F,0.8976498527479979,0.9960729182054224,true,0,NaN
7698,F,0.8976498960338138,0.9960718491329336,true,0,NaN
7699,F,0.8976498669388235,0.9960721491898817,true,0,NaN
7700,F,0.8976498240844171,0.9960725150565868,true,0,NaN
7701,F,0.8976494003802526,0.9962400562370067,true,0,NaN
7702,F,0.8976496122323349,0.9960741470201864,true,0,NaN
7703,F,0.8976495752916965,0.9960821808144833,true,0,NaN
7704,F,0.8976495937620157,0.9960730909861177,true,0,NaN
7705,F,0.8976491508145867,0.9962415137573305,true,0,NaN
7706,F,0.8976493722883012,0.9962324252752478,true,0,NaN
7707,F,0.8976494830251585,0.9962296516343472,true,0,NaN
7708,F,0.8976495383935871,0.9960910113707437,true,0,NaN
7709,F,0.8976494377704973,0.9962303572428953,true,0,NaN
7710,F,0.8976549907420059,0.9961002558132671,true,0,NaN
7711,F,0.8976495113806153,0.9962184184262844,true,0,NaN
7712,F,0.8976546422017934,0.9960991088917379,true,0,NaN
7713,F,0.8976495481857194,0.9960734712026879,true,0,NaN
7714,F,0.8976495218569179,0.996073808389803,true,0,NaN
7715,F,0.8976495898685456,0.9960719331285666,true,0,NaN
7716,F,0.8976494157341429,0.9962503841003506,true,0,NaN
7717,F,0.8976495028013443,0.9962063324261415,true,0,NaN
7718,F,0.8976495463349449,0.9960734941031542,true,0,NaN
7719,F,0.8976495681017452,0.996072027624831,true,0,NaN
7720,F,0.8976495531478649,0.9960740048325739,true,0,NaN
7721,F,0.897649560624805,0.9960722334151436,true,0,NaN
7722,F,0.8976495643632751,0.9960720612621714,true,0,NaN
7723,F,0.8976495642172451,0.996072004293025,true,0,NaN
7724,F,0.8976495129602844,0.9961232927655808,true,0,NaN
7725,F,0.8976515675090906,0.9960774304673262,true,0,NaN
7726,F,0.8976495372944475,0.9960734526730435,true,0,NaN
7727,F,0.8976495953150265,0.9960720205078243,true,0,NaN
7728,F,0.8976495496260343,0.9960724133087706,true,0,NaN
7729,F,0.8976495660108781,0.9960720075228817,true,0,NaN
7730,F,0.8976495560016633,0.996072146737294,true,0,NaN
7731,F,0.8976495453353234,0.996072191345663,true,0,NaN
7732,F,0.8976495486054142,0.9960720734335421,true,0,NaN
7733,F,0.8976495515088336,0.9960719777590091,true,0,NaN
7734,F,0.8976495460337313,0.9960720627023689,true,0,NaN
7735,F,0.8976495477483737,0.9960719968233661,true,0,NaN
7736,F,0.8976494462860781,0.9962285115323647,true,0,NaN
7737,F,0.8976494963814902,0.9960786868619079,true,0,NaN
7738,F,0.897649763116781,0.9960727380763361,true,0,NaN
7739,F,0.897649521452388,0.9960729844428837,true,0,NaN
7740,F,0.89764956082959,0.9960720212616917,true,0,NaN
7741,F,0.897649534031999,0.996072234187093,true,0,NaN
7742,F,0.8976495376278066,0.9960719166599454,true,0,NaN
7743,F,0.8976494203882591,0.9960766417596747,true,0,NaN
7744,F,0.8976494790080328,0.9960731691954527,true,0,NaN
7745,F,0.8976493543718322,0.9960760791627379,true,0,NaN
7746,F,0.8976495171858209,0.9960717900888698,true,0,NaN
7747,F,0.8976485303399685,0.9960966328341933,true,0,NaN
7748,F,0.8976479665557342,0.9961036870146047,true,0,NaN
7749,F,0.8976490548528647,0.9960742172005417,true,0,NaN
7750,F,0.8976489645582291,0.9960744695838744,true,0,NaN
7751,F,0.8976484003680407,0.996704858046679,true,0,NaN
7752,F,0.8976486824631349,0.9966110125830728,true,0,NaN
7753,F,0.897648823510682,0.9961144009645522,true,0,NaN
7754,F,0.8976488940344555,0.9960769449661299,true,0,NaN
7755,F,0.8976488331859065,0.9960966101270342,true,0,NaN
7756,F,0.8976495914287679,0.9960624530192793,true,0,NaN
7757,F,0.8976488954180676,0.9960762508106428,true,0,NaN
7758,F,0.8976489789016342,0.9960739139347042,true,0,NaN
7759,F,0.897648896571071,0.9960750317118244,true,0,NaN
7760,F,0.8976489713140464,0.9960731397169527,true,0,NaN
7761,F,0.897648904436053,0.9960744198335987,true,0,NaN
7762,F,0.8976489169102607,0.9960738477501604,true,0,NaN
7763,F,0.8976441421955362,0.9977070645513987,true,0,NaN
7764,F,0.8976465292772956,0.9976403920125438,true,0,NaN
7765,F,0.8976477228184987,0.9971546759010891,true,0,NaN
7766,F,0.8976483195897468,0.9969930812273892,true,0,NaN
7767,F,0.8976486179766642,0.9961251866639986,true,0,NaN
7768,F,0.8976505634105778,0.9962264906642937,true,0,NaN
7769,F,0.8976487671727095,0.9960797121669566,true,0,NaN
7770,F,0.8976489894002231,0.9960748396196099,true,0,NaN
7771,F,0.8976488417759063,0.9960754997019108,true,0,NaN
7772,F,0.8976489019308661,0.9960735457571712,true,0,NaN
7773,F,0.8976412522993613,0.9966586654191544,true,0,NaN
7774,F,0.8976641813043342,0.9961077103368654,true,0,NaN
7775,F,0.8976450765469747,0.9964765317704792,true,0,NaN
7776,F,0.8976608682837818,0.9960971301057415,true,0,NaN
7777,F,0.897646988672468,0.9963862767714777,true,0,NaN
7778,F,0.8976592435879233,0.9960954204377603,true,0,NaN
7779,F,0.8976479447385879,0.9962165700258495,true,0,NaN
7780,F,0.8976535493976223,0.996084155685765,true,0,NaN
7781,F,0.8976484227783947,0.9961004709276253,true,0,NaN
7782,F,0.8976494778933036,0.9960778765476208,true,0,NaN
7783,F,0.8976486618117935,0.9960832792887505,true,0,NaN
7784,F,0.8976490432400644,0.9960741300518612,true,0,NaN
7785,F,0.8976487813521277,0.9960778464626341,true,0,NaN
7786,F,0.8976489498842526,0.9960737856367039,true,0,NaN
7787,F,0.8976488710966706,0.9960741785267214,true,0,NaN
7788,F,0.8976488908421887,0.9960734132810184,true,0,NaN
7789,F,0.8976488129344732,0.9960818936474155,true,0,NaN
7790,F,0.897648851888331,0.9960738093219381,true,0,NaN
7791,F,0.8976461678941705,0.9967447531634066,true,0,NaN
7792,F,0.897672863032638,0.996555717444202,true,0,NaN
7793,F,0.897647509488368,0.9967075543911429,true,0,NaN
7794,F,0.8976727245636985,0.9960729127177946,true,0,NaN
7795,F,0.8976481802873134,0.9966895408725699,true,0,NaN
7796,F,0.8976485156904798,0.9966623707760979,true,0,NaN
7797,F,0.8976486833994507,0.9961846917529652,true,0,NaN
7798,F,0.8976487672647517,0.9960782245227652,true,0,NaN
7799,F,0.897648942935368,0.9960744118787855,true,0,NaN
7800,F,0.8976488092057857,0.9960746523453341,true,0,NaN
7801,F,0.8976486246739174,0.9960836370493988,true,0,NaN
7802,F,0.8976488079336202,0.9960746545147953,true,0,NaN
7803,F,0.8976488025282896,0.9960783435726336,true,0,NaN
7804,F,0.8976488052309549,0.9960744820743522,true,0,NaN
7805,F,0.8976488086106934,0.9960741250199606,true,0,NaN
7806,F,0.8976481563852011,0.9977314171832308,true,0,NaN
7807,F,0.8976484811073543,0.9975465032061243,true,0,NaN
7808,F,0.8976486434797868,0.9966730052606859,true,0,NaN
7809,F,0.897648724688729,0.9960991719681118,true,0,NaN
7810,F,0.8976497171105492,0.9961119787638378,true,0,NaN
7811,F,0.8976487653387635,0.9960765932756367,true,0,NaN
7812,F,0.8976488631377404,0.9960744544910412,true,0,NaN
7813,F,0.8976487857558125,0.9960746705967668,true,0,NaN
7814,F,0.8976486931450344,0.9960790530741916,true,0,NaN
7815,F,0.897648783970405,0.9960746615730355,true,0,NaN
7816,F,0.8976487380909043,0.9960746294362084,true,0,NaN
7817,F,0.8976475582650612,0.9961100473300912,true,0,NaN
7818,F,0.8976481481779827,0.9960885178492817,true,0,NaN
7819,F,0.8976486330478286,0.9960742812187294,true,0,NaN
7820,F,0.8976484178083983,0.9961184488779612,true,0,NaN
7821,F,0.8976485254281135,0.9960744245255352,true,0,NaN
7822,F,0.8976485085135184,0.9960739384162147,true,0,NaN
7823,F,0.8976485268992621,0.9960733278444048,true,0,NaN
7824,F,0.8976468106619775,0.9971265301843676,true,0,NaN
7825,F,0.8976476447817323,0.9971159908130018,true,0,NaN
7826,F,0.897648062232225,0.9965852146986414,true,0,NaN
7827,F,0.8976482717451649,0.9963705243044623,true,0,NaN
7828,F,0.8976483781310993,0.9960776056505778,true,0,NaN
7829,F,0.8976485121659191,0.9960744669528433,true,0,NaN
7830,F,0.8976484345261687,0.9960743963817522,true,0,NaN
7831,F,0.8976480172988941,0.9969097125167548,true,0,NaN
7832,F,0.8976482247877404,0.9961062361030145,true,0,NaN
7833,F,0.8976494468325925,0.9962053794014499,true,0,NaN
7834,F,0.8976483285471011,0.996076427643838,true,0,NaN
7835,F,0.8976482939118569,0.9960757290731311,true,0,NaN
7836,F,0.8976483839050272,0.9960733317180569,true,0,NaN
7837,F,0.897648371144136,0.9960737466081959,true,0,NaN
7838,F,0.8976483775245816,0.9960732721946558,true,0,NaN
7839,F,0.8976483849957029,0.9960729800848098,true,0,NaN
7840,F,0.8976483715945458,0.9960730731704591,true,0,NaN
7841,F,0.8976483683427077,0.9960731201286023,true,0,NaN
7842,F,0.8976483707758903,0.9960730325948065,true,0,NaN
7843,F,0.897648329492508,0.9961072768240244,true,0,NaN
7844,F,0.897649708448784,0.9960739058049931,true,0,NaN
7845,F,0.8976483501319854,0.9960757251624489,true,0,NaN
7846,F,0.8976484585575122,0.9960730401272049,true,0,NaN
7847,F,0.8976483604517539,0.996073582868861,true,0,NaN
7848,F,0.8976483826105967,0.9960730332408043,true,0,NaN
7849,F,0.8976483656116975,0.9960731729181597,true,0,NaN
7850,F,0.897648371262408,0.9960730326861805,true,0,NaN
7851,F,0.8976483681915858,0.9960730692001375,true,0,NaN
7852,F,0.8976483619070842,0.9960730674916737,true,0,NaN
7853,F,0.8976481721370665,0.997625489105145,true,0,NaN
7854,F,0.8976482667509901,0.9973445218899426,true,0,NaN
7855,F,0.897648314063055,0.9961397117005308,true,0,NaN
7856,F,0.8976483377293034,0.9960771630525698,true,0,NaN
7857,F,0.8976485010938158,0.9960739566033989,true,0,NaN
7858,F,0.89764834958205,0.9960736654386717,true,0,NaN
7859,F,0.8976483734332009,0.9960730944758462,true,0,NaN
7860,F,0.8976483555421603,0.9960731875475813,true,0,NaN
7861,F,0.8976483573994447,0.9960736677266575,true,0,NaN
7862,F,0.8976483556656168,0.9960731766009331,true,0,NaN
7863,F,0.8976483606617405,0.9960730253340443,true,0,NaN
7864,F,0.8976481957782274,0.9966319995638102,true,0,NaN
7865,F,0.8976482782192778,0.9965644213373714,true,0,NaN
7866,F,0.8976483194398032,0.9961074773696196,true,0,NaN
7867,F,0.8976497051357801,0.9960820950815473,true,0,NaN
7868,F,0.897648340050066,0.9960753965032887,true,0,NaN
7869,F,0.8976484354212307,0.9960730732117603,true,0,NaN
7870,F,0.8976483503551976,0.9960734178906322,true,0,NaN
7871,F,0.8976483661444016,0.9960730273630662,true,0,NaN
7872,F,0.8976483555077639,0.9960731129452158,true,0,NaN
7873,F,0.8976483865166031,0.9960716008495436,true,0,NaN
7874,F,0.8976482144822904,0.9960731124062479,true,0,NaN
7875,F,0.8976434570634582,0.997295265033665,true,0,NaN
7876,F,0.8976458357728743,0.9969653334132136,true,0,NaN
7877,F,0.8976470251275823,0.9962538121640707,true,0,NaN
7878,F,0.8976476198049363,0.9960761480053221,true,0,NaN
7879,F,0.8976456222796405,0.9963062146560426,true,0,NaN
7880,F,0.8976466210422884,0.9962404018826895,true,0,NaN
7881,F,0.8976471204236124,0.9962300189700147,true,0,NaN
7882,F,0.8976473701142744,0.9962294887287273,true,0,NaN
7883,F,0.8976465596971593,0.9962403818587229,true,0,NaN
7884,F,0.8976489703038585,0.9961888092729977,true,0,NaN
7885,F,0.8976470776007109,0.9962297712346672,true,0,NaN
7886,F,0.8976493306155514,0.9961873482006944,true,0,NaN
7887,F,0.8976473365525817,0.99622937384134,true,0,NaN
7888,F,0.8976495826823919,0.9961886988297596,true,0,NaN
7889,F,0.8976474660287068,0.996229419406385,true,0,NaN
7890,F,0.8976497122949274,0.9961893317501854,true,0,NaN
7891,F,0.8976475307671488,0.9961359865423097,true,0,NaN
7892,F,0.8976484077880138,0.9961194612099045,true,0,NaN
7893,F,0.8976475631371288,0.9960763230994598,true,0,NaN
7894,F,0.8976473436765766,0.9960769582912546,true,0,NaN
7895,F,0.8976116733137927,0.9979495121748188,true,0,NaN
7896,F,0.8976643050466402,0.9963242872740968,true,0,NaN
7897,F,0.8976294892925356,0.9968257652012703,true,0,NaN
7898,F,0.8976505359894289,0.9963332958762934,true,0,NaN
7899,F,0.8976383973264438,0.9964828026763779,true,0,NaN
7900,F,0.8976498043768526,0.996145977185646,true,0,NaN
7901,F,0.897642851432475,0.9962208262573559,true,0,NaN
7902,F,0.8976468951366285,0.9961304977743735,true,0,NaN
7903,F,0.897645078663676,0.996145283603679,true,0,NaN
7904,F,0.8976469990880167,0.9961045805859985,true,0,NaN
7905,F,0.8976461926358973,0.9961107494051042,true,0,NaN
7906,F,0.8976471424054207,0.9960906548864803,true,0,NaN
7907,F,0.8976467503372542,0.9960936490513086,true,0,NaN
7908,F,0.8976472194660323,0.9960836726228405,true,0,NaN
7909,F,0.8976471738156171,0.9960807544817306,true,0,NaN
7910,F,0.897647411874502,0.9960744086159512,true,0,NaN
7911,F,0.8976473710421553,0.9960745911411438,true,0,NaN
7912,F,0.89764376447989,0.9986085322616869,true,0,NaN
7913,F,0.8976455662952286,0.9981320074219056,true,0,NaN
7914,F,0.897646467230003,0.99762952110557,true,0,NaN
7915,F,0.8976469177516146,0.9971155572083502,true,0,NaN
7916,F,0.8976471431209838,0.9965754665928064,true,0,NaN
7917,F,0.8976472560237152,0.9960946563822803,true,0,NaN
7918,F,0.8976480273058234,0.9961450481104684,true,0,NaN
7919,F,0.8976473128841345,0.9960760748170046,true,0,NaN
7920,F,0.8976473699154367,0.9960748195525685,true,0,NaN
7921,F,0.8976473562908023,0.9960746416574708,true,0,NaN
7922,F,0.8976472848687791,0.9960822647622694,true,0,NaN
7923,F,0.8976475846589099,0.9960781534991844,true,0,NaN
7924,F,0.8976473189212659,0.9960756808445254,true,0,NaN
7925,F,0.8976473597892713,0.9960747179158683,true,0,NaN
7926,F,0.8976473374279869,0.9960748231328501,true,0,NaN
7927,F,0.897647206354846,0.9960797597800316,true,0,NaN
7928,F,0.8976474006850143,0.9960750313523621,true,0,NaN
7929,F,0.8976472718914164,0.9960768644353801,true,0,NaN
7930,F,0.8976473522470655,0.996074905250416,true,0,NaN
7931,F,0.8976473046597017,0.9960755551780295,true,0,NaN
7932,F,0.897647262993752,0.9960760298680909,true,0,NaN
7933,F,0.8976473049811173,0.9960748678219244,true,0,NaN
7934,F,0.8976473306275877,0.9960740826993953,true,0,NaN
7935,F,0.8976473195190694,0.9960739965468994,true,0,NaN
7936,F,0.8976471602581719,0.9961290912326944,true,0,NaN
7937,F,0.8976472398886207,0.9960740417697282,true,0,NaN
7938,F,0.8976467311787829,0.996847944086759,true,0,NaN
7939,F,0.897646983481422,0.9965628827213256,true,0,NaN
7940,F,0.8976471100113645,0.9960907484532978,true,0,NaN
7941,F,0.8976477728303783,0.9960834372443407,true,0,NaN
7942,F,0.8976471733757666,0.9960760853313585,true,0,NaN
7943,F,0.8976472544525612,0.996074152660238,true,0,NaN
7944,F,0.8976472052596078,0.9960745349332341,true,0,NaN
7945,F,0.8976468082376532,0.9966131345717104,true,0,NaN
7946,F,0.897647201760238,0.9960745805444032,true,0,NaN
7947,F,0.8976472255761779,0.9960737090268145,true,0,NaN
7948,F,0.8976470942943482,0.9960776332656454,true,0,NaN
7949,F,0.897647159935263,0.9960740145403322,true,0,NaN
7950,F,0.8976471404745296,0.9960738976353349,true,0,NaN
7951,F,0.8976381931674488,0.9963628149221754,true,0,NaN
7952,F,0.8976455610272529,0.9962131309820141,true,0,NaN
7953,F,0.8976426668125804,0.9962170522393757,true,0,NaN
7954,F,0.8976463174877412,0.9961428531179871,true,0,NaN
7955,F,0.8976449036351678,0.9961442314471335,true,0,NaN
7956,F,0.897646697262091,0.9961077683545656,true,0,NaN
7957,F,0.8976460220465045,0.9961078363029479,true,0,NaN
7958,F,0.8976468875382535,0.9960902394504547,true,0,NaN
7959,F,0.8976465812522587,0.996089648718516,true,0,NaN
7960,F,0.8976469829311193,0.996081476244658,true,0,NaN
7961,F,0.8976468608553076,0.9960806298476851,true,0,NaN
7962,F,0.8976470184063683,0.996073208577922,true,0,NaN
7963,F,0.8976392218196197,0.9976565333308842,true,0,NaN
7964,F,0.897643120112994,0.9975516613328119,true,0,NaN
7965,F,0.8976450692596811,0.9970982459448197,true,0,NaN
7966,F,0.8976460438330247,0.9962463641477569,true,0,NaN
7967,F,0.8976446593083851,0.9973306059584632,true,0,NaN
7968,F,0.8976927441353528,0.9971476958955261,true,0,NaN
7969,F,0.8976458379765566,0.9963026303740187,true,0,NaN
7970,F,0.8976545860200601,0.9975499637922983,true,0,NaN
7971,F,0.8976464273106584,0.9961500995407366,true,0,NaN
7972,F,0.8976493533139467,0.9968779059240565,true,0,NaN
7973,F,0.8976467219777414,0.9960853360183544,true,0,NaN
7974,F,0.8976471775646163,0.9960745228060064,true,0,NaN
7975,F,0.8976468693113472,0.9960848969969073,true,0,NaN
7976,F,0.897647313322298,0.9960737382197172,true,0,NaN
7977,F,0.8976469429782786,0.9960733349432198,true,0,NaN
7978,F,0.8976458766927274,0.9963187169282852,true,0,NaN
7979,F,0.8976468391561543,0.9960735903742532,true,0,NaN
7980,F,0.8976460738278501,0.9962325241910945,true,0,NaN
7981,F,0.8976464564920023,0.9961858196772676,true,0,NaN
7982,F,0.8976466478240782,0.9960748920059243,true,0,NaN
7983,F,0.8976462184036986,0.9962089925144054,true,0,NaN
7984,F,0.8976464331138884,0.9961821330840713,true,0,NaN
7985,F,0.8976465404689833,0.9961808627554813,true,0,NaN
7986,F,0.8976465941465308,0.9961340599143576,true,0,NaN
7987,F,0.8976463282242095,0.9962041514399433,true,0,NaN
7988,F,0.8976510862824589,0.9960848082496135,true,0,NaN
7989,F,0.8976464876959047,0.9961812672635573,true,0,NaN
7990,F,0.897650401370314,0.9960850543842319,true,0,NaN
7991,F,0.8976465674317546,0.9961803816181883,true,0,NaN
7992,F,0.8976504469891153,0.996085712990286,true,0,NaN
7993,F,0.8976466072996842,0.9960824240201306,true,0,NaN
7994,F,0.8976468849703209,0.9960752196658459,true,0,NaN
7995,F,0.8976466272336581,0.9960750319398796,true,0,NaN
7996,F,0.8976466048782702,0.9960750833950361,true,0,NaN
7997,F,0.8976411421502447,0.9963394804199244,true,0,NaN
7998,F,0.8976513541195972,0.9961020372079906,true,0,NaN
7999,F,0.8976438735142575,0.9962035647632906,true,0,NaN
8000,F,0.8976488359304795,0.9960854045573042,true,0,NaN
8001,F,0.8976452391962638,0.9961386532545093,true,0,NaN
8002,F,0.8976476944948988,0.9960801742423648,true,0,NaN
8003,F,0.897645922037267,0.9961062773394576,true,0,NaN
8004,F,0.8976471268607688,0.9960775800560434,true,0,NaN
8005,F,0.8976462634577685,0.9960901113212202,true,0,NaN
8006,F,0.897646843891072,0.9960762849464116,true,0,NaN
8007,F,0.8976464341680194,0.996082048052694,true,0,NaN
8008,F,0.8976467031686709,0.9960756379708544,true,0,NaN
8009,F,0.8976465195231448,0.9960780633813797,true,0,NaN
8010,F,0.8976466346213353,0.9960753143506811,true,0,NaN
8011,F,0.8976465835394889,0.9960754456939802,true,0,NaN
8012,F,0.8976466143642051,0.9960743740459074,true,0,NaN
8013,F,0.8976466086167629,0.99607450716623,true,0,NaN
8014,F,0.8976466087943106,0.9960743982608258,true,0,NaN
8015,F,0.8976466145711883,0.9960742459549351,true,0,NaN
8016,F,0.897646570078801,0.996078836235632,true,0,NaN
8017,F,0.8976465923249947,0.9960746670157256,true,0,NaN
8018,F,0.8976465876512639,0.9960745296955575,true,0,NaN
8019,F,0.8976458400362052,0.9962908997199876,true,0,NaN
8020,F,0.8976544520150228,0.9960884784474184,true,0,NaN
8021,F,0.8976462137339338,0.9962409220937763,true,0,NaN
8022,F,0.8976528364957956,0.9960778827863609,true,0,NaN
8023,F,0.8976464005851632,0.9962278194919111,true,0,NaN
8024,F,0.8976464940155084,0.9960944082210512,true,0,NaN
8025,F,0.8976472852227181,0.9960794591989665,true,0,NaN
8026,F,0.8976465407398247,0.9960767282283352,true,0,NaN
8027,F,0.8976466282466222,0.9960745999288553,true,0,NaN
8028,F,0.897646564108341,0.9960751336633572,true,0,NaN
8029,F,0.8976465881478489,0.9960745401772575,true,0,NaN
8030,F,0.8976465757996092,0.9960747106127411,true,0,NaN
8031,F,0.8976465924909566,0.9960742871379225,true,0,NaN
8032,F,0.8976463204673085,0.9981989244305395,true,0,NaN
8033,F,0.8976464563268897,0.9977097732545599,true,0,NaN
8034,F,0.8976465242592245,0.9976317689317743,true,0,NaN
8035,F,0.8976465582304822,0.9970251748887802,true,0,NaN
8036,F,0.897646575226305,0.9961200704129408,true,0,NaN
8037,F,0.8976465837447118,0.996077917943108,true,0,NaN
8038,F,0.897646729675064,0.9960743530565863,true,0,NaN
8039,F,0.8976465880457929,0.9960748420876954,true,0,NaN
8040,F,0.8976466103505376,0.9960742899622305,true,0,NaN
8041,F,0.8976465913331377,0.9960743113349403,true,0,NaN
8042,F,0.8976465915546066,0.9960742971294374,true,0,NaN
8043,F,0.8976465700329203,0.9960760847720698,true,0,NaN
8044,F,0.8976466418983586,0.9960743139253398,true,0,NaN
8045,F,0.897646580767374,0.9960749234982748,true,0,NaN
8046,F,0.8976466059482268,0.996074301792583,true,0,NaN
8047,F,0.8976465861348965,0.9960744901240066,true,0,NaN
8048,F,0.8976465938935667,0.9960742980879669,true,0,NaN
8049,F,0.897646588819228,0.9960743518792216,true,0,NaN
8050,F,0.8976465874280293,0.9960743118917647,true,0,NaN
8051,F,0.8976465749095297,0.9960743963178009,true,0,NaN
8052,F,0.897646409273631,0.9960800822974291,true,0,NaN
8053,F,0.897646636175344,0.9960745051774917,true,0,NaN
8054,F,0.8976464853788879,0.9960773907722766,true,0,NaN
8055,F,0.8976466048740424,0.9960744504835763,true,0,NaN
8056,F,0.897646525012376,0.9960760136880145,true,0,NaN
8057,F,0.8976465895543294,0.9960744267014225,true,0,NaN
8058,F,0.8976465475223956,0.9960752880454398,true,0,NaN
8059,F,0.8976465831072203,0.9960744130993721,true,0,NaN
8060,F,0.8976465610419171,0.996074716192763,true,0,NaN
8061,F,0.897646524567158,0.9960744208442942,true,0,NaN
8062,F,0.8976458348704978,0.9960726612415545,true,0,NaN
8063,F,0.8975774205314542,0.9983874031300906,true,0,NaN
8064,F,0.8976220144344746,0.9976114323028366,true,0,NaN
8065,F,0.897611621819752,0.9973099504114208,true,0,NaN
8066,F,0.89763545839296,0.9968929092805803,true,0,NaN
8067,F,0.8976287226907919,0.9967574634469871,true,0,NaN
8068,F,0.8976419155015438,0.9965251464096575,true,0,NaN
8069,F,0.8976372735801467,0.9964830031604864,true,0,NaN
8070,F,0.8976451788628668,0.9963493983990681,true,0,NaN
8071,F,0.8976415499329153,0.9962130952212671,true,0,NaN
8072,F,0.8976442554187816,0.9961802173390013,true,0,NaN
8073,F,0.8976436893250874,0.9961368256329914,true,0,NaN
8074,F,0.8976449254649552,0.9961154847932081,true,0,NaN
8075,F,0.897644759641253,0.9961029070728528,true,0,NaN
8076,F,0.8976453423337094,0.996092672693581,true,0,NaN
8077,F,0.8976455650075962,0.9960780352174219,true,0,NaN
8078,F,0.8976382724141158,0.996245022693897,true,0,NaN
8079,F,0.8976208169710316,0.9966681628941754,true,0,NaN
8080,F,0.8976295446925736,0.9964241475793514,true,0,NaN
8081,F,0.897637960072664,0.9962420151639929,true,0,NaN
8082,F,0.8976337523826188,0.9962679807374092,true,0,NaN
8083,F,0.8976399904463719,0.9961917687534825,true,0,NaN
8084,F,0.8976368714144953,0.9961763743252158,true,0,NaN
8085,F,0.8976405304694296,0.9961779701958247,true,0,NaN
8086,F,0.8976387009419625,0.9961294999213387,true,0,NaN
8087,F,0.8976389144059655,0.9961248603089764,true,0,NaN
8088,F,0.897638807673964,0.9961259701523543,true,0,NaN
8089,F,0.8976407548343102,0.9960772971600422,true,0,NaN
8090,F,0.8976404606165722,0.9960865623155742,true,0,NaN
8091,F,0.8976406077254412,0.9960768974368108,true,0,NaN
8092,F,0.897640576494732,0.9960796079653349,true,0,NaN
8093,F,0.8976405921100865,0.9960787257001633,true,0,NaN
8094,F,0.8976405999177639,0.9960766478388466,true,0,NaN
8095,F,0.8976406071530305,0.9960759564959448,true,0,NaN
8096,F,0.8976387342707887,0.9967457213133738,true,0,NaN
8097,F,0.897662359981538,0.9956875393887541,true,0,NaN
8098,F,0.89763965618166,0.9967204897811552,true,0,NaN
8099,F,0.8976401173110539,0.9963012311204045,true,0,NaN
8100,F,0.8976480637898709,0.995907891085096,true,0,NaN
8101,F,0.8976403480856363,0.9960878705440452,true,0,NaN
8102,F,0.8976407683522134,0.9960746936163469,true,0,NaN
8103,F,0.8976404637432631,0.9960788754866716,true,0,NaN
8104,F,0.897639834018533,0.996089474399576,true,0,NaN
8105,F,0.8976403240451031,0.9960747505685049,true,0,NaN
8106,F,0.8976403315282098,0.9960724745721252,true,0,NaN
8107,F,0.8976392107732143,0.9960862674060154,true,0,NaN
8108,F,0.8976395847336778,0.9960759260017414,true,0,NaN
8109,F,0.8976390069690919,0.9960792524034189,true,0,NaN
8110,F,0.8976321676917924,0.9978834656471668,true,0,NaN
8111,F,0.8976355873304422,0.9969859692788146,true,0,NaN
8112,F,0.897637297149767,0.9970493767413513,true,0,NaN
8113,F,0.8976381520594295,0.9965714975385269,true,0,NaN
8114,F,0.897636984785605,0.9971000619219731,true,0,NaN
8115,F,0.8976750523129928,0.9975952035904726,true,0,NaN
8116,F,0.8976379953078746,0.9965715292327284,true,0,NaN
8117,F,0.8976563527132896,0.9971371148724211,true,0,NaN
8118,F,0.8976385005690127,0.9965713694687471,true,0,NaN
8119,F,0.8976568568065602,0.9971369101981826,true,0,NaN
8120,F,0.8976387531995885,0.9961076251648373,true,0,NaN
8121,F,0.8976398093991503,0.9964137208738755,true,0,NaN
8122,F,0.8976388795148897,0.9960795325584049,true,0,NaN
8123,F,0.8976386967388258,0.9963470902806076,true,0,NaN
8124,F,0.8976387881268578,0.99608783817691,true,0,NaN
8125,F,0.8976388338208737,0.9960798332711354,true,0,NaN
8126,F,0.8976388107003977,0.9960782385458032,true,0,NaN
8127,F,0.8976320580086682,0.9977964248535254,true,0,NaN
8128,F,0.8976996600808381,0.9961132548349493,true,0,NaN
8129,F,0.8976354228322281,0.9976789992009444,true,0,NaN
8130,F,0.8976984047473512,0.9961041554666975,true,0,NaN
8131,F,0.8976371053086777,0.9971474415544668,true,0,NaN
8132,F,0.8976791730843,0.9965938905637636,true,0,NaN
8133,F,0.8976379466762854,0.9966104731734703,true,0,NaN
8134,F,0.8976588874396008,0.9966134871980318,true,0,NaN
8135,F,0.8976383676192037,0.9961187881390602,true,0,NaN
8136,F,0.8976399630478785,0.996186400398119,true,0,NaN
8137,F,0.8976385786117022,0.996079392485061,true,0,NaN
8138,F,0.8976356315908686,0.9985796778222229,true,0,NaN
8139,F,0.8976371050651103,0.9981132875810333,true,0,NaN
8140,F,0.8976378418023654,0.9976201536979313,true,0,NaN
8141,F,0.8976382101712614,0.9970859250885847,true,0,NaN
8142,F,0.8976383943562465,0.9965880520202505,true,0,NaN
8143,F,0.897638486449813,0.9960957080567548,true,0,NaN
8144,F,0.8976391260928062,0.9961091846063068,true,0,NaN
8145,F,0.8976385324987445,0.9960804742868645,true,0,NaN
8146,F,0.8976385205854758,0.9966004986155771,true,0,NaN
8147,F,0.897638532443972,0.9960804539150292,true,0,NaN
8148,F,0.8976386323078426,0.9960765710523808,true,0,NaN
8149,F,0.8976386556910444,0.9960758217189914,true,0,NaN
8150,F,0.8976383254059815,0.9960872539686497,true,0,NaN
8151,F,0.897638490548513,0.9960771522754565,true,0,NaN
8152,F,0.8976384466837437,0.996076271815967,true,0,NaN
8153,F,0.8976192552978088,0.9966408679548092,true,0,NaN
8154,F,0.8976283749033502,0.9964799244824427,true,0,NaN
8155,F,0.8976288506031905,0.9963566683853264,true,0,NaN
8156,F,0.8976333796924811,0.9962766256291284,true,0,NaN
8157,F,0.8976336482576518,0.9962147193710239,true,0,NaN
8158,F,0.897635884524097,0.9961751698472658,true,0,NaN
8159,F,0.8976360470884234,0.996143782457302,true,0,NaN
8160,F,0.897637137550664,0.9961244902671403,true,0,NaN
8161,F,0.897637246510891,0.996108323485451,true,0,NaN
8162,F,0.8976377642242335,0.996099162343515,true,0,NaN
8163,F,0.8976378462362894,0.9960906193294771,true,0,NaN
8164,F,0.8976380065983256,0.9960909049933081,true,0,NaN
8165,F,0.8976378470074357,0.9960905458578535,true,0,NaN
8166,F,0.897566771223851,1.0001091360416179,false,0,NaN
8167,F,0.8977273568452344,0.9961831652103361,true,0,NaN
8168,F,0.8976023091156433,0.9982537747442454,true,0,NaN
8169,F,0.8976200780615394,0.9976233810398931,true,0,NaN
8170,F,0.8976289625344875,0.9977850782368786,true,0,NaN
8171,F,0.8976378149065365,0.996090558660396,true,0,NaN
8172,F,0.8975668641347757,1.000106200716543,false,0,NaN
8173,F,0.8977276230444499,0.9961766722096567,true,0,NaN
8174,F,0.8976375934614165,0.9960906635633118,true,0,NaN
8175,F,0.8976283084287477,0.9976887986426423,true,0,NaN
8176,F,0.8976329509450821,0.9972598210122015,true,0,NaN
8177,F,0.8976352722032493,0.997007186823482,true,0,NaN
8178,F,0.8976364328323329,0.9965043673546322,true,0,NaN
8179,F,0.8976372062107143,0.9965069779411951,true,0,NaN
8180,F,0.8976528744778928,0.9971111729578508,true,0,NaN
8181,F,0.8976374002648775,0.9961054882232494,true,0,NaN
8182,F,0.8976379639302746,0.9961265682540603,true,0,NaN
8183,F,0.8976374972919595,0.9960909614562086,true,0,NaN
8184,F,0.8976379196214338,0.9959675874272347,true,0,NaN
8185,F,0.8976333240571144,0.996080063831649,true,0,NaN
8186,F,0.8976335110803129,0.9960751493813472,true,0,NaN
8187,F,0.897633445446405,0.9960750334114016,true,0,NaN
8188,F,0.897628495830667,0.9972041006605219,true,0,NaN
8189,F,0.8976668994665313,0.9953141451700975,true,0,NaN
8190,F,0.8976308893999029,0.9966961968305925,true,0,NaN
8191,F,0.8976520173989218,0.9956458076602617,true,0,NaN
8192,F,0.8976320874881074,0.9966305219852141,true,0,NaN
8193,F,0.8976326891645052,0.9962500346970514,true,0,NaN
8194,F,0.8976386415874114,0.9959537797030432,true,0,NaN
8195,F,0.8976329954791039,0.9960959051809353,true,0,NaN
8196,F,0.8976337054073811,0.9960707457034059,true,0,NaN
8197,F,0.8976331617429639,0.9960834672921948,true,0,NaN
8198,F,0.8976334486126548,0.9960757400242609,true,0,NaN
8199,F,0.897633274409768,0.9960786803800472,true,0,NaN
8200,F,0.8976334478591316,0.9960753609493557,true,0,NaN
8201,F,0.8976332760136067,0.9960786288920676,true,0,NaN
8202,F,0.8976331920419031,0.9960978677001229,true,0,NaN
8203,F,0.8976332340277549,0.9960767896070504,true,0,NaN
8204,F,0.8976333477385106,0.9960728547731096,true,0,NaN
8205,F,0.8976326524575637,0.9967819104177658,true,0,NaN
8206,F,0.8976330000980371,0.9961092880085256,true,0,NaN
8207,F,0.8976331739182739,0.9960757439045737,true,0,NaN
8208,F,0.8976329376508805,0.9960748404694851,true,0,NaN
8209,F,0.8976316748582185,0.9961073067689947,true,0,NaN
8210,F,0.8976323062545495,0.9960840228890934,true,0,NaN
8211,F,0.8976315420262099,0.9960896826138544,true,0,NaN
8212,F,0.8976227088992207,0.9956968431847671,true,0,NaN
8213,F,0.8976019942697416,0.9962413854650759,true,0,NaN
8214,F,0.8976123515844812,0.9964182207453722,true,0,NaN
8215,F,0.897617530241851,0.9957385682936288,true,0,NaN
8216,F,0.8975552912920806,1.0666032006891508,false,0,NaN
8217,F,0.9002110940951535,1.0289703446117655,false,0,NaN
8218,F,0.8975864070165563,1.0122616766963093,false,0,NaN
8219,F,0.8982056235195902,1.0005761380498956,false,0,NaN
8220,F,0.897601964878849,0.999306532175854,true,0,NaN
8221,F,0.8977356653602425,0.9979209504550524,true,0,NaN
8222,F,0.8976097438101046,0.9964845804676539,true,0,NaN
8223,F,0.8976376927120518,0.99723340069265,true,0,NaN
8224,F,0.8976136332759512,0.9960480083921077,true,0,NaN
8225,F,0.8976252253820143,0.9967238944619957,true,0,NaN
8226,F,0.8976155780093119,0.9958165420288696,true,0,NaN
8227,F,0.8976184977412863,0.995802259518738,true,0,NaN
8228,F,0.8976165503768672,0.9957580680522039,true,0,NaN
8229,F,0.897600108120209,0.9963185382580768,true,0,NaN
8230,F,0.8976164089997444,0.9957611976842272,true,0,NaN
8231,F,0.8976006772929245,0.9964691214661732,true,0,NaN
8232,F,0.8976085431463344,0.9965025454604522,true,0,NaN
8233,F,0.8976124760730394,0.9958871063990623,true,0,NaN
8234,F,0.8976144425363919,0.9958029982807609,true,0,NaN
8235,F,0.8976007320487408,0.9963835669922484,true,0,NaN
8236,F,0.8976075872925663,0.9964367006526116,true,0,NaN
8237,F,0.8976110149144791,0.9965643611760784,true,0,NaN
8238,F,0.8976127287254355,0.9958867728621992,true,0,NaN
8239,F,0.8976105616529526,0.9965753166471489,true,0,NaN
8240,F,0.8976363069704861,0.9973413478081963,true,0,NaN
8241,F,0.8976125015485873,0.996575998498357,true,0,NaN
8242,F,0.8976399265948207,0.9966763570037199,true,0,NaN
8243,F,0.8976134714964048,0.9958626510536454,true,0,NaN
8244,F,0.8976148885062817,0.9958252649438194,true,0,NaN
8245,F,0.8976139564703136,0.9958140118617256,true,0,NaN
8246,F,0.8976017074886375,0.9964183668215034,true,0,NaN
8247,F,0.897612997099035,0.995874342611705,true,0,NaN
8248,F,0.8976134767846743,0.9958608772526564,true,0,NaN
8249,F,0.8976137166274939,0.9958207108600727,true,0,NaN
8250,F,0.8976027583492857,0.9960881492656826,true,0,NaN
8251,F,0.897601803776969,0.9963619614519064,true,0,NaN
8252,F,0.8976022810631273,0.9965786749476131,true,0,NaN
8253,F,0.8976025197062065,0.9966488904305708,true,0,NaN
8254,F,0.8976026390277462,0.9968255583857147,true,0,NaN
8255,F,0.897601803776969,0.9963619614519064,true,0,NaN
8256,F,0.8976119949770343,0.9970884454415787,true,0,NaN
8257,F,0.8976022805393717,0.9965786746486851,true,0,NaN
8258,F,0.8976206627021801,0.9970865363186525,true,0,NaN
8259,F,0.8976025189205732,0.9966488901121359,true,0,NaN
8260,F,0.8976235634851734,0.9970854988544279,true,0,NaN
8261,F,0.897602638111174,0.9968255583475069,true,0,NaN
8262,F,0.8976303327395563,0.9975706249588522,true,0,NaN
8263,F,0.8976026977064746,0.9966417345511053,true,0,NaN
8264,F,0.8976234915580574,0.996575031801132,true,0,NaN
8265,F,0.8976027275041253,0.9960896588605329,true,0,NaN
8266,F,0.8976027812003624,0.9960882298843906,true,0,NaN
8267,F,0.8976027424029513,0.9960886487040642,true,0,NaN
8268,F,0.8976027596564565,0.9960881896402172,true,0,NaN
8269,F,0.897602753577076,0.9960881595393953,true,0,NaN
8270,F,0.8975991535157897,0.9980639450209768,true,0,NaN
8271,F,0.8976009535508369,0.9970893463612653,true,0,NaN
8272,F,0.8976018535684097,0.9970859334630382,true,0,NaN
8273,F,0.8976023035772944,0.9968268875539467,true,0,NaN
8274,F,0.8976025285819335,0.9961183740183462,true,0,NaN
8275,F,0.8976036638893218,0.996441784363931,true,0,NaN
8276,F,0.8976026410845164,0.996088496544174,true,0,NaN
8277,F,0.8976022014707526,0.9970809894379867,true,0,NaN
8278,F,0.8976024212776345,0.9967970617374486,true,0,NaN
8279,F,0.8976025311810755,0.9961053198279053,true,0,NaN
8280,F,0.8976031969422917,0.9961060815670977,true,0,NaN
8281,F,0.8976025861327959,0.9960897062133938,true,0,NaN
8282,F,0.8976023566629341,0.9960949558075972,true,0,NaN
8283,F,0.8976013159666707,0.9968927678223098,true,0,NaN
8284,F,0.8976023558611882,0.9960949541943676,true,0,NaN
8285,F,0.8976014112552768,0.9963749574279563,true,0,NaN
8286,F,0.8976018835582324,0.9965830569484182,true,0,NaN
8287,F,0.8976021197097104,0.9966555916916235,true,0,NaN
8288,F,0.8976022377854492,0.9968317054286129,true,0,NaN
8289,F,0.8976023504342616,0.9960949536060852,true,0,NaN
8290,F,0.8976013998187994,0.9963744452290992,true,0,NaN
8291,F,0.8976023401174151,0.9960960570564539,true,0,NaN
8292,F,0.8976023452758384,0.9960949447315048,true,0,NaN
8293,F,0.8976022955472918,0.9968918861604696,true,0,NaN
8294,F,0.8976023204115651,0.9967918910835781,true,0,NaN
8295,F,0.8976023328437017,0.9961366033796991,true,0,NaN
8296,F,0.89760233905977,0.9960956895326527,true,0,NaN
8297,F,0.8976023302479607,0.9960961133905423,true,0,NaN
8298,F,0.8976023866608851,0.9960946725423777,true,0,NaN
8299,F,0.8976023312091979,0.9960953407176137,true,0,NaN
8300,F,0.8976024198629622,0.9961025527973063,true,0,NaN
8301,F,0.8976023341650987,0.9960951118187166,true,0,NaN
8302,F,0.8976025347622751,0.9960895982830023,true,0,NaN
8303,F,0.8976025535081685,0.9960888366063217,true,0,NaN
8304,F,0.8976025750574169,0.9960882340119377,true,0,NaN
8305,F,0.8976025792118226,0.9960881050195669,true,0,NaN
8306,F,0.897602561510527,0.9960882991649577,true,0,NaN
8307,F,0.8976021372392582,0.9961123649579114,true,0,NaN
8308,F,0.8976030831814031,0.9960897746687256,true,0,NaN
8309,F,0.8976023493432563,0.9960995274940451,true,0,NaN
8310,F,0.8976027906898054,0.9960889948292406,true,0,NaN
8311,F,0.8976024553953253,0.9960933517323765,true,0,NaN
8312,F,0.8976026539943255,0.9960886130304091,true,0,NaN
8313,F,0.8976025084214999,0.9960903556230178,true,0,NaN
8314,F,0.8976025892539178,0.9960884205608116,true,0,NaN
8315,F,0.8976025349348671,0.9960890220061364,true,0,NaN
8316,F,0.8976025633474264,0.9960883338904832,true,0,NaN
8317,F,0.8976025481921107,0.9960885213274641,true,0,NaN
8318,F,0.8976023359871103,0.996089159131803,true,0,NaN
8319,F,0.8976009470517698,0.996106868539238,true,0,NaN
8320,F,0.8976004816362779,0.9960872287695982,true,0,NaN
8321,F,0.8975955259762758,0.9966957128747405,true,0,NaN
8322,F,0.8975980038062769,0.9966504501796238,true,0,NaN
8323,F,0.8975992427212773,0.9966526673985527,true,0,NaN
8324,F,0.8975998621787776,0.9966552386963716,true,0,NaN
8325,F,0.8975955259762758,0.9966957128747402,true,0,NaN
8326,F,0.8976180270128529,0.9971326508156209,true,0,NaN
8327,F,0.8975980110148276,0.9966502579682625,true,0,NaN
8328,F,0.897618894095452,0.996622565087657,true,0,NaN
8329,F,0.8975992535341387,0.9966523790728996,true,0,NaN
8330,F,0.8976202518572167,0.9970856508588481,true,0,NaN
8331,F,0.8975998747938645,0.9966549022896517,true,0,NaN
8332,F,0.8976209851406989,0.9970524757469759,true,0,NaN
8333,F,0.8976001854238681,0.9966524903850537,true,0,NaN
8334,F,0.8976003407391512,0.9966138889783289,true,0,NaN
8335,F,0.8976004183973553,0.9960876557414986,true,0,NaN
8336,F,0.8976000187213439,0.9966184153434544,true,0,NaN
8337,F,0.8976002185593496,0.996617791953517,true,0,NaN
8338,F,0.8976003184783524,0.9964326902470798,true,0,NaN
8339,F,0.8976003684378538,0.9960905492057714,true,0,NaN
8340,F,0.8976000187213439,0.9966184153434542,true,0,NaN
8341,F,0.8976147837813616,0.9972227960648359,true,0,NaN
8342,F,0.8976002185092427,0.9966177922866284,true,0,NaN
8343,F,0.8976003184031921,0.996432754074419,true,0,NaN
8344,F,0.8976003683501669,0.9960905506377777,true,0,NaN
8345,F,0.8976004452863351,0.9960885716221991,true,0,NaN
8346,F,0.8976003933236544,0.9960878686893332,true,0,NaN
8347,F,0.897600236418069,0.9960900650634895,true,0,NaN
8348,F,0.8976001763275898,0.9960902130959477,true,0,NaN
8349,F,0.8975935276368152,0.9962915327050942,true,0,NaN
8350,F,0.8976009378664065,0.9961124747284458,true,0,NaN
8351,F,0.8975968519541112,0.9961902707306751,true,0,NaN
8352,F,0.8976005349043366,0.9961012939963837,true,0,NaN
8353,F,0.8975985141127883,0.9961396794408625,true,0,NaN
8354,F,0.8976003348845062,0.996095693068148,true,0,NaN
8355,F,0.8975993451921854,0.9961143949374232,true,0,NaN
8356,F,0.8976002352847428,0.9960928920592637,true,0,NaN
8357,F,0.8975997607320008,0.996101763420479,true,0,NaN
8358,F,0.8976001858801017,0.9960914912193308,true,0,NaN
8359,F,0.8975999685021423,0.9960954651834444,true,0,NaN
8360,F,0.8976001618229413,0.9960907917052632,true,0,NaN
8361,F,0.8976000723876806,0.9960923709509593,true,0,NaN
8362,F,0.8976000177897986,0.9960898004303275,true,0,NaN
8363,F,0.8975963251341342,0.9985981675175467,true,0,NaN
8364,F,0.8975981714619664,0.9971718147674142,true,0,NaN
8365,F,0.8975990946258825,0.9970906895998184,true,0,NaN
8366,F,0.8975995562078406,0.9970817320632742,true,0,NaN
8367,F,0.8975963251341342,0.9985981675175465,true,0,NaN
8368,F,0.897598173194897,0.9971721236525181,true,0,NaN
8369,F,0.8976393848962324,0.9975135114892693,true,0,NaN
8370,F,0.8975990972252966,0.9970906278887962,true,0,NaN
8371,F,0.8975995592405329,0.9970817524154274,true,0,NaN
8372,F,0.8975997902482241,0.9960970593899614,true,0,NaN
8373,F,0.897598555781311,0.9961244484025782,true,0,NaN
8374,F,0.8975999339827594,0.9960893435997642,true,0,NaN
8375,F,0.8975970343394063,0.9979334650646534,true,0,NaN
8376,F,0.8975984841610829,0.9970941713497122,true,0,NaN
8377,F,0.8975992090719211,0.9970203325155165,true,0,NaN
8378,F,0.8975995715273403,0.9965681106145277,true,0,NaN
8379,F,0.8975970343394063,0.9979334650646534,true,0,NaN
8380,F,0.8976685504837828,0.9967222052387482,true,0,NaN
8381,F,0.897598484320752,0.9970941747831915,true,0,NaN
8382,F,0.8976374403070606,0.9975773148852938,true,0,NaN
8383,F,0.8975992093114249,0.997020465613998,true,0,NaN
8384,F,0.8976352500487381,0.9976563316730358,true,0,NaN
8385,F,0.8975995718067614,0.996568114007576,true,0,NaN
8386,F,0.8976181026800439,0.9971346270951456,true,0,NaN
8387,F,0.8975997530544298,0.9962129057354471,true,0,NaN
8388,F,0.8976045439777791,0.9972366564012654,true,0,NaN
8389,F,0.8975998436782644,0.9960892203926133,true,0,NaN
8390,F,0.8975995365580952,0.996579002695358,true,0,NaN
8391,F,0.8975997044140888,0.9965616324791855,true,0,NaN
8392,F,0.8975997740461765,0.9961420601241492,true,0,NaN
8393,F,0.8975998088622205,0.9960906438865463,true,0,NaN
8394,F,0.8975997042162267,0.9960925175085592,true,0,NaN
8395,F,0.8975998333047039,0.9960892373741825,true,0,NaN
8396,F,0.8975998188511797,0.9960896300160373,true,0,NaN
8397,F,0.8975998260779419,0.9960892889101086,true,0,NaN
8398,F,0.897599827985964,0.9960892250528297,true,0,NaN
8399,F,0.8975997851146835,0.9960925211850606,true,0,NaN
8400,F,0.8975999182880066,0.9960892441185144,true,0,NaN
8401,F,0.8975998060171738,0.9960907412283484,true,0,NaN
8402,F,0.8975998672750999,0.9960892337082352,true,0,NaN
8403,F,0.8975998165805459,0.9960899030401671,true,0,NaN
8404,F,0.8975998439732373,0.9960892286178343,true,0,NaN
8405,F,0.8975998220352749,0.9960895281327667,true,0,NaN
8406,F,0.8975998342806137,0.9960892264836773,true,0,NaN
8407,F,0.8975998248838529,0.9960893429215664,true,0,NaN
8408,F,0.8975998296461136,0.9960892254860123,true,0,NaN
8409,F,0.8975998263861804,0.9960892619484871,true,0,NaN
8410,F,0.8975998098400295,0.9960893278870848,true,0,NaN
8411,F,0.897599775318935,0.9960897929049254,true,0,NaN
8412,F,0.8975997778406462,0.9960895028265248,true,0,NaN
8413,F,0.8975979643887453,0.9962139481408815,true,0,NaN
8414,F,0.8976028504100368,0.9960947717533827,true,0,NaN
8415,F,0.8975988710890763,0.9961394098885382,true,0,NaN
8416,F,0.8976008305625731,0.9960893688489785,true,0,NaN
8417,F,0.8975993244392501,0.9961102094042745,true,0,NaN
8418,F,0.8976001374313435,0.9960904668922401,true,0,NaN
8419,F,0.8975995511143534,0.9960991625774089,true,0,NaN
8420,F,0.897599930380585,0.9960899911299358,true,0,NaN
8421,F,0.8975996644519381,0.9960938477615189,true,0,NaN
8422,F,0.8975998350452337,0.9960897231599795,true,0,NaN
8423,F,0.8975997211207962,0.9960912790602761,true,0,NaN
8424,F,0.8975997908604426,0.9960895885467792,true,0,NaN
8425,F,0.8975997494553573,0.9960901322859238,true,0,NaN
8426,F,0.8975997753672743,0.9960892737114554,true,0,NaN
8427,F,0.8975997508948267,0.9960896796259571,true,0,NaN
8428,F,0.8975997575687139,0.9960893834777532,true,0,NaN
8429,F,0.8975992445044357,0.9961214023183659,true,0,NaN
8430,F,0.8976005245583721,0.9960895314492653,true,0,NaN
8431,F,0.8975995009008311,0.9961040149311733,true,0,NaN
8432,F,0.8976000858396174,0.9960896693936638,true,0,NaN
8433,F,0.8975996291007594,0.9960961447079644,true,0,NaN
8434,F,0.8975998994025649,0.9960895149935061,true,0,NaN
8435,F,0.8975996932041854,0.9960923410978232,true,0,NaN
8436,F,0.8975998114446492,0.9960894402572306,true,0,NaN
8437,F,0.8975997252628252,0.9960905444253451,true,0,NaN
8438,F,0.8975997716755953,0.9960894037414589,true,0,NaN
8439,F,0.8975997413060249,0.9960897908350654,true,0,NaN
8440,F,0.8975997575915837,0.9960893889654108,true,0,NaN
8441,F,0.8975997493555968,0.9960895189544853,true,0,NaN
8442,F,0.8975997558179675,0.9960892502020988,true,0,NaN
8443,F,0.8975994109850275,0.9960952947289832,true,0,NaN
8444,F,0.8975995429498024,0.9960907815085722,true,0,NaN
8445,F,0.8975971444987951,0.996697006764391,true,0,NaN
8446,F,0.8976184473070306,0.9956897462275734,true,0,NaN
8447,F,0.8975983237370837,0.9966423506825006,true,0,NaN
8448,F,0.8976177059008323,0.9956758401447958,true,0,NaN
8449,F,0.8975989133710853,0.996299953093795,true,0,NaN
8450,F,0.8976062636733443,0.9959345736363958,true,0,NaN
8451,F,0.8975992082178071,0.9961027346359335,true,0,NaN
8452,F,0.8975996282587299,0.9960888651399903,true,0,NaN
8453,F,0.8975993557006627,0.9960945511955454,true,0,NaN
8454,F,0.8975991197500555,0.996095602564246,true,0,NaN
8455,F,0.8975990937008664,0.9960885197957552,true,0,NaN
8456,F,0.8975989563260142,0.9960880310735647,true,0,NaN
8457,F,0.8975984741418147,0.9960970133820669,true,0,NaN
8458,F,0.8974758994582791,0.9998383365581455,true,0,NaN
8459,F,0.8975543884581626,0.9963632420290401,true,0,NaN
8460,F,0.8975566440020698,0.9975296305594314,true,0,NaN
8461,F,0.8975544990484121,0.996347637482794,true,0,NaN
8462,F,0.8972192235778453,1.0202976940217037,false,0,NaN
8463,F,0.898170529553557,0.9978893504179452,true,0,NaN
8464,F,0.8973868613131287,1.0049318468973345,false,0,NaN
8465,F,0.8974706801807704,1.0010032161313576,false,0,NaN
8466,F,0.8975125896145912,0.9982808024838234,true,0,NaN
8467,F,0.8975295329416413,0.9982887211067564,true,0,NaN
8468,F,0.897602284199509,0.996328144945574,true,0,NaN
8469,F,0.8975420167133352,0.9982643538690592,true,0,NaN
8470,F,0.8976133704432308,0.9963578804237365,true,0,NaN
8471,F,0.8975482585991825,0.9973396251979998,true,0,NaN
8472,F,0.897585179372698,0.9968163267745331,true,0,NaN
8473,F,0.8975513795421068,0.9963444624513327,true,0,NaN
8474,F,0.8972934096965066,1.015727173277399,false,0,NaN
8475,F,0.8980745640446649,0.9966328677093895,true,0,NaN
8476,F,0.8975311428077646,0.998281578574542,true,0,NaN
8477,F,0.8975412611749357,0.9982799106220728,true,0,NaN
8478,F,0.8975463203585213,0.9978103890560375,true,0,NaN
8479,F,0.8975311504263913,0.9982813725069725,true,0,NaN
8480,F,0.897603704995696,0.9963253933800488,true,0,NaN
8481,F,0.897541269117833,0.9982796956100453,true,0,NaN
8482,F,0.8976133514933073,0.9963348427743826,true,0,NaN
8483,F,0.8975463284635657,0.997810169822053,true,0,NaN
8484,F,0.8976008186866048,0.9963400056041588,true,0,NaN
8485,F,0.8975488581364557,0.9973390432069752,true,0,NaN
8486,F,0.8975857994505881,0.9963420218804819,true,0,NaN
8487,F,0.897550122972948,0.9968343502512605,true,0,NaN
8488,F,0.897568323638274,0.9968490689725699,true,0,NaN
8489,F,0.8975507553912887,0.9968352104882126,true,0,NaN
8490,F,0.8975689622811978,0.9968497213173324,true,0,NaN
8491,F,0.8975510716006483,0.9968356067370655,true,0,NaN
8492,F,0.8975513087589923,0.9963446698701294,true,0,NaN
8493,F,0.8975613898923068,0.9960789273851316,true,0,NaN
8494,F,0.8975609710191198,0.996202129122962,true,0,NaN
8495,F,0.8975611804557133,0.9960939184336657,true,0,NaN
8496,F,0.8975612851740101,0.9960770556303753,true,0,NaN
8497,F,0.8975612271433023,0.9960853710530371,true,0,NaN
8498,F,0.8975612561586562,0.9960874671980324,true,0,NaN
8499,F,0.8975612706663332,0.9960893250114994,true,0,NaN
8500,F,0.8975612779201716,0.9960758550713674,true,0,NaN
8501,F,0.8975613895505851,0.9960724278994744,true,0,NaN
8502,F,0.897561518209371,0.9960689868647347,true,0,NaN
8503,F,0.8975611359075948,0.9960863200700674,true,0,NaN
8504,F,0.8975613270584829,0.9960837750843367,true,0,NaN
8505,F,0.897561422633927,0.9960834285961169,true,0,NaN
8506,F,0.897561470421649,0.9960833982308815,true,0,NaN
8507,F,0.8975611359075948,0.9960863200700678,true,0,NaN
8508,F,0.8975618348165555,0.9960704762500335,true,0,NaN
8509,F,0.8975613272088135,0.9960837713045175,true,0,NaN
8510,F,0.8975619172074535,0.9960691692668158,true,0,NaN
8511,F,0.8975614228594229,0.9960834226963485,true,0,NaN
8512,F,0.8975619947790605,0.9960690323619417,true,0,NaN
8513,F,0.8975614706847276,0.9960833912608886,true,0,NaN
8514,F,0.8975620391785541,0.9960690119513798,true,0,NaN
8515,F,0.8975614945973799,0.9960689598674342,true,0,NaN
8516,F,0.8975576166148703,0.9964591173707819,true,0,NaN
8517,F,0.8975614543053496,0.9960834196681633,true,0,NaN
8518,F,0.8975614744513647,0.9960832645075391,true,0,NaN
8519,F,0.8975614845243723,0.9960690017737408,true,0,NaN
8520,F,0.8975614663383585,0.9960692991050689,true,0,NaN
8521,F,0.8975608718105043,0.9960696167319825,true,0,NaN
8522,F,0.8975476744500246,0.9965938147661819,true,0,NaN
8523,F,0.8975605823923318,0.996573724489291,true,0,NaN
8524,F,0.897560727101418,0.9960727169809828,true,0,NaN
8525,F,0.8975599608138317,0.9960917894065563,true,0,NaN
8526,F,0.8975603439576249,0.9960804875225178,true,0,NaN
8527,F,0.8975608279868134,0.996068107294532,true,0,NaN
8528,F,0.8975606891134195,0.9960720286611565,true,0,NaN
8529,F,0.8975607585501164,0.9960692404030269,true,0,NaN
8530,F,0.897560746054014,0.9960694661540876,true,0,NaN
8531,F,0.8975600856673767,0.9960982125471632,true,0,NaN
8532,F,0.897561213952158,0.9960706960469898,true,0,NaN
8533,F,0.8975604158469914,0.9960835274676958,true,0,NaN
8534,F,0.8975609677482032,0.9960700930510807,true,0,NaN
8535,F,0.8975605809369916,0.9960760453173507,true,0,NaN
8536,F,0.8975608391668033,0.9960697585983141,true,0,NaN
8537,F,0.8975606634823775,0.9960723428477845,true,0,NaN
8538,F,0.8975607763917312,0.9960695913370281,true,0,NaN
8539,F,0.8975607047558419,0.9960705826990172,true,0,NaN
8540,F,0.8975607485800268,0.9960695101393684,true,0,NaN
8541,F,0.8975607253941175,0.9960698405052542,true,0,NaN
8542,F,0.8975606825240146,0.996069787223951,true,0,NaN
8543,F,0.8975597505297271,0.9960827428066044,true,0,NaN
8544,F,0.8975596766273678,0.9960787508733095,true,0,NaN
8545,F,0.8975513279124723,0.9982132136914214,true,0,NaN
8546,F,0.8976155718310388,0.9962709529883323,true,0,NaN
8547,F,0.8975554746455492,0.997144406224851,true,0,NaN
8548,F,0.897587549168549,0.9959216110249686,true,0,NaN
8549,F,0.8975575480340106,0.9961988524997423,true,0,NaN
8550,F,0.8975611629553858,0.9959956147814625,true,0,NaN
8551,F,0.8975338633749287,0.9995852557017871,true,0,NaN
8552,F,0.8976634131762181,0.9970875437563615,true,0,NaN
8553,F,0.8975475120459397,0.9980337525361233,true,0,NaN
8554,F,0.8976210682265019,0.9964857814047584,true,0,NaN
8555,F,0.8975543363845511,0.9970197905927927,true,0,NaN
8556,F,0.8975912987832277,0.997027196622893,true,0,NaN
8557,F,0.8975577485600683,0.9970141560856218,true,0,NaN
8558,F,0.8975594546602503,0.9969997680684831,true,0,NaN
8559,F,0.8975603077351896,0.9965017987371791,true,0,NaN
8560,F,0.8975607343223685,0.995995839019084,true,0,NaN
8561,F,0.8975599591960471,0.9965343193422228,true,0,NaN
8562,F,0.897560350964477,0.9965058517280299,true,0,NaN
8563,F,0.897560546852434,0.9960118353329206,true,0,NaN
8564,F,0.8975611528833862,0.9960444280357815,true,0,NaN
8565,F,0.897560644803898,0.9959962889829641,true,0,NaN
8566,F,0.8975605284369117,0.9959995704944834,true,0,NaN
8567,F,0.8975606526501817,0.9959964571387389,true,0,NaN
8568,F,0.8975605864640008,0.9959975387832721,true,0,NaN
8569,F,0.8975592857019161,0.9960295555584135,true,0,NaN
8570,F,0.8975581975079249,0.9960560161299578,true,0,NaN
8571,F,0.8975577752378427,0.9960659667348787,true,0,NaN
8572,F,0.8975576841044746,0.996066909229538,true,0,NaN
8573,F,0.8975576349402957,0.9960653682952353,true,0,NaN
8574,F,0.8975573384459427,0.996066361155227,true,0,NaN
8575,F,0.897552962799867,0.9971007118081485,true,0,NaN
8576,F,0.8975551506229048,0.9965724057196106,true,0,NaN
8577,F,0.8975562445344237,0.9965612883090909,true,0,NaN
8578,F,0.8975567914901832,0.9965599508330295,true,0,NaN
8579,F,0.8975565175852829,0.9965601202018295,true,0,NaN
8580,F,0.8975756845075231,0.9960756380241352,true,0,NaN
8581,F,0.8975569304874053,0.9965598303985351,true,0,NaN
8582,F,0.8975761063390417,0.9960753022815712,true,0,NaN
8583,F,0.8975571369385017,0.9965339727981474,true,0,NaN
8584,F,0.8975572401641204,0.9960750313854931,true,0,NaN
8585,F,0.897557577236905,0.9960709905350723,true,0,NaN
8586,F,0.8975572917770707,0.9960666883105538,true,0,NaN
8587,F,0.897557001267662,0.9960705665404369,true,0,NaN
8588,F,0.8975565478965524,0.9960989180233477,true,0,NaN
8589,F,0.8975567745821073,0.9960702180810443,true,0,NaN
8590,F,0.8975567168706198,0.996065177229028,true,0,NaN
8591,F,0.8975420520262328,0.9986889261493094,true,0,NaN
8592,F,0.8976244529949041,0.9954557060702799,true,0,NaN
8593,F,0.8975493623530979,0.9968777970852251,true,0,NaN
8594,F,0.8975748833674042,0.9961093959868725,true,0,NaN
8595,F,0.8975530175718488,0.9966467243523981,true,0,NaN
8596,F,0.8975712815365454,0.9962266856575831,true,0,NaN
8597,F,0.8975548452918756,0.9966143870300143,true,0,NaN
8598,F,0.8975720936609761,0.9962285577398386,true,0,NaN
8599,F,0.8975557593733091,0.9960767095795274,true,0,NaN
8600,F,0.8975443862940026,0.996456837120711,true,0,NaN
8601,F,0.8975546871797728,0.9962447262088352,true,0,NaN
8602,F,0.8975500726036312,0.9962655605711603,true,0,NaN
8603,F,0.8975551901823913,0.9961601260714386,true,0,NaN
8604,F,0.8975529157586425,0.9961700604438125,true,0,NaN
8605,F,0.8975554454274441,0.9961179293685587,true,0,NaN
8606,F,0.8975543373365421,0.9961223449078279,true,0,NaN
8607,F,0.8975555739860028,0.996096856833568,true,0,NaN
8608,F,0.89755504812628,0.9960984959412722,true,0,NaN
8609,F,0.8975556385045733,0.9960863269283551,true,0,NaN
8610,F,0.8975554035227249,0.9960865855648852,true,0,NaN
8611,F,0.8975556711477058,0.9960810598591776,true,0,NaN
8612,F,0.8975555812240996,0.9960807476913082,true,0,NaN
8613,F,0.8975551474559543,0.9965879152455864,true,0,NaN
8614,F,0.8975555805047453,0.9960807171158159,true,0,NaN
8615,F,0.8974750709138302,1.0033528389249884,false,0,NaN
8616,F,0.8977644066490077,0.9961907140150121,true,0,NaN
8617,F,0.8975153257092877,1.00049624457416,false,0,NaN
8618,F,0.8975354531070164,0.9992572299475786,true,0,NaN
8619,F,0.8975455168058809,0.9985778710284565,true,0,NaN
8620,F,0.8975555454791257,0.9960807086233449,true,0,NaN
8621,F,0.8975545705725753,0.9975979493053114,true,0,NaN
8622,F,0.8975550580357864,0.9976010350803505,true,0,NaN
8623,F,0.897555301767392,0.9969893305419233,true,0,NaN
8624,F,0.8975554236331947,0.9961159629269932,true,0,NaN
8625,F,0.8975554845660962,0.9960823818784287,true,0,NaN
8626,F,0.8975555488731157,0.996081029181824,true,0,NaN
8627,F,0.897555515032547,0.9960809278840633,true,0,NaN
8628,F,0.8973275514266745,1.0226895421521172,false,0,NaN
8629,F,0.8983889881130549,0.9969437711538487,true,0,NaN
8630,F,0.8975555001761348,0.9960809302286133,true,0,NaN
8631,F,0.8975547588400073,0.9966033039904915,true,0,NaN
8632,F,0.897555129508071,0.9966035396302746,true,0,NaN
8633,F,0.8975553148421029,0.9966045025113824,true,0,NaN
8634,F,0.8975554075091189,0.9965294252326685,true,0,NaN
8635,F,0.8975554956995431,0.9960808883537536,true,0,NaN
8636,F,0.897555410849085,0.9963312825564483,true,0,NaN
8637,F,0.8975554533275344,0.9960827615119356,true,0,NaN
8638,F,0.8975555285060097,0.9960809833810268,true,0,NaN
8639,F,0.8975554745667871,0.9960810326454178,true,0,NaN
8640,F,0.8975553887371922,0.9960854024728735,true,0,NaN
8641,F,0.8975555607513517,0.9960812907963355,true,0,NaN
8642,F,0.897555431506879,0.9960828069886513,true,0,NaN
8643,F,0.8975555013523653,0.9960811309709692,true,0,NaN
8644,F,0.8975554530283489,0.9960816483107765,true,0,NaN
8645,F,0.8975554772635864,0.996081059933331,true,0,NaN
8646,F,0.8975554637966484,0.9960812196193423,true,0,NaN
8647,F,0.8975554555279953,0.9960813392944688,true,0,NaN
8648,F,0.8975556601186552,0.996076230412787,true,0,NaN
8649,F,0.8975532079925157,0.9966065625613787,true,0,NaN
8650,F,0.8975745636844081,0.9960790050597067,true,0,NaN
8651,F,0.8975544339145399,0.9965617136764643,true,0,NaN
8652,F,0.897573983573655,0.9960784416648323,true,0,NaN
8653,F,0.8975550468757126,0.9965912597796215,true,0,NaN
8654,F,0.8975757862873786,0.9960785550827262,true,0,NaN
8655,F,0.8975553533566205,0.9965797727813616,true,0,NaN
8656,F,0.89757563019527,0.9960007256541877,true,0,NaN
8657,F,0.8975555065977171,0.9961164690248944,true,0,NaN
8658,F,0.8975571269460606,0.9960709071297617,true,0,NaN
8659,F,0.8975555832195511,0.9960790672631396,true,0,NaN
8660,F,0.89755569745748,0.99607620842264,true,0,NaN
8661,F,0.8975556215330397,0.996076780991147,true,0,NaN
8662,F,0.897555337764979,0.9960782161560087,true,0,NaN
8663,F,0.8975556164268402,0.9960710774890217,true,0,NaN
8664,F,0.8975555316963213,0.9960735120055336,true,0,NaN
8665,F,0.8975555740615807,0.9960711763562025,true,0,NaN
8666,F,0.8975555678085272,0.9960708098611587,true,0,NaN
8667,F,0.897555570437441,0.9960706923613882,true,0,NaN
8668,F,0.897554418818771,0.9961136000768966,true,0,NaN
8669,F,0.8975558693689996,0.9960814459994104,true,0,NaN
8670,F,0.897554994628106,0.9960913622977877,true,0,NaN
8671,F,0.8975556934020182,0.9960758722743431,true,0,NaN
8672,F,0.8975552825327735,0.9960802525219713,true,0,NaN
8673,F,0.8975556057266262,0.996073083838666,true,0,NaN
8674,F,0.8975554264851073,0.9960747607754206,true,0,NaN
8675,F,0.8975555640234834,0.9960716847227241,true,0,NaN
8676,F,0.8975554984612741,0.9960722070530796,true,0,NaN
8677,F,0.8975555251912533,0.9960712222765965,true,0,NaN
8678,F,0.8975555196379638,0.9960713349792351,true,0,NaN
8679,F,0.8975555164548077,0.9960713439147539,true,0,NaN
8680,F,0.8975555210341584,0.9960712249063085,true,0,NaN
8681,F,0.8975554614758916,0.996758819306559,true,0,NaN
8682,F,0.8975554909515308,0.9962329504854769,true,0,NaN
8683,F,0.8975555057214544,0.9960767183284944,true,0,NaN
8684,F,0.8975557266575679,0.99607125681644,true,0,NaN
8685,F,0.8975555131718658,0.9960719221187723,true,0,NaN
8686,F,0.8975555412126449,0.9960712266668814,true,0,NaN
8687,F,0.897555516949862,0.9960713371861446,true,0,NaN
8688,F,0.897555521465616,0.9960712250868957,true,0,NaN
8689,F,0.8975555188715671,0.9960712486922113,true,0,NaN
8690,F,0.897555512480222,0.9960713599295773,true,0,NaN
8691,F,0.8975554455161531,0.9960808717871487,true,0,NaN
8692,F,0.8975558283623577,0.9960718666530779,true,0,NaN
8693,F,0.8975554783767885,0.9960724096804453,true,0,NaN
8694,F,0.8975555206288477,0.9960713657929544,true,0,NaN
8695,F,0.8975554948583666,0.9960716233240433,true,0,NaN
8696,F,0.8975554375359203,0.9960717072509468,true,0,NaN
8697,F,0.8975549263676131,0.9961071043029949,true,0,NaN
8698,F,0.8975551819517668,0.996106078308351,true,0,NaN
8699,F,0.8975553097438435,0.996097846033556,true,0,NaN
8700,F,0.8975553736398819,0.9960718789495605,true,0,NaN
8701,F,0.8975530777283123,0.9961743364182595,true,0,NaN
8702,F,0.897554225684097,0.9961611071148012,true,0,NaN
8703,F,0.8975547996619895,0.9961557377906437,true,0,NaN
8704,F,0.8975550866509358,0.9961057203021574,true,0,NaN
8705,F,0.8975552492657313,0.9961056250083504,true,0,NaN
8706,F,0.8975565651570949,0.9960728662324866,true,0,NaN
8707,F,0.8975553111667756,0.9961005891786219,true,0,NaN
8708,F,0.8975564338879083,0.9960727060785305,true,0,NaN
8709,F,0.897555342117323,0.9960720542813568,true,0,NaN
8710,F,0.8975552950628817,0.9960728768761755,true,0,NaN
8711,F,0.8975548778410685,0.9971656298920406,true,0,NaN
8712,F,0.8975550830046587,0.9967407060891399,true,0,NaN
8713,F,0.8975551857369712,0.9961203193875721,true,0,NaN
8714,F,0.8975570466649586,0.9963502889124798,true,0,NaN
8715,F,0.897555237408085,0.9961072198913694,true,0,NaN
8716,F,0.897556584508941,0.9960899871725687,true,0,NaN
8717,F,0.8975552637115007,0.9960995900553573,true,0,NaN
8718,F,0.8975563115325487,0.9960756338356371,true,0,NaN
8719,F,0.8975552769859688,0.9960744955097746,true,0,NaN
8720,F,0.8975553404769897,0.9960729014541426,true,0,NaN
8721,F,0.8975552837912214,0.9960730880695163,true,0,NaN
8722,F,0.8975552766177244,0.9960728799856573,true,0,NaN
8723,F,0.8975538077445716,0.9968963962079476,true,0,NaN
8724,F,0.8975545416270991,0.9966029957030507,true,0,NaN
8725,F,0.8975549086105421,0.9960952100507978,true,0,NaN
8726,F,0.8975557925277133,0.9960784144563194,true,0,NaN
8727,F,0.8975550921812645,0.9960796780871974,true,0,NaN
8728,F,0.8975553612795631,0.9960731267458189,true,0,NaN
8729,F,0.8975551840952816,0.9960757322766918,true,0,NaN
8730,F,0.8975552970015367,0.996072950878224,true,0,NaN
8731,F,0.8975552301540903,0.9960740047626115,true,0,NaN
8732,F,0.8975552205373039,0.9960726518134849,true,0,NaN
8733,F,0.8975525426333907,0.9966026640303749,true,0,NaN
8734,F,0.8975538815853473,0.9965885702317898,true,0,NaN
8735,F,0.8975545510613255,0.9961115514709997,true,0,NaN
8736,F,0.8975548857993148,0.9960738591916981,true,0,NaN
8737,F,0.8975539651095755,0.9961062994511299,true,0,NaN
8738,F,0.8975544254544451,0.9960841681266579,true,0,NaN
8739,F,0.8974403884136227,0.9993004541494951,true,0,NaN
8740,F,0.8974704549212452,0.9984025885058109,true,0,NaN
8741,F,0.8974974069340339,0.9976854474554538,true,0,NaN
8742,F,0.8975123760255582,0.9974788172312239,true,0,NaN
8743,F,0.8975259161942395,0.9968817213889715,true,0,NaN
8744,F,0.8975333718880534,0.9967780024083519,true,0,NaN
8745,F,0.8975401708243423,0.9964806067165072,true,0,NaN
8746,F,0.8975438768150409,0.9964290400001877,true,0,NaN
8747,F,0.8975472981393937,0.9962802668619238,true,0,NaN
8748,F,0.8975491313115715,0.9962547269670003,true,0,NaN
8749,F,0.8975508617969193,0.9961801512492785,true,0,NaN
8750,F,0.8975517590675749,0.996167642508944,true,0,NaN
8751,F,0.8975526436256822,0.9961301081473395,true,0,NaN
8752,F,0.8975530730830342,0.9961241181244146,true,0,NaN
8753,F,0.8975539799972544,0.9960928104019333,true,0,NaN
8754,F,0.8975192782627921,1.0001152463784564,false,0,NaN
8755,F,0.8976803035459721,0.9955185917730871,true,0,NaN
8756,F,0.8975539761144125,0.9960928142570541,true,0,NaN
8757,F,0.8975519302780606,0.9960098444170237,true,0,NaN
8758,F,0.8975461068400691,0.9962832846546408,true,0,NaN
8759,F,0.8975490185590648,0.9964150539555034,true,0,NaN
8760,F,0.8975504744185627,0.9965239817487499,true,0,NaN
8761,F,0.8975512023483116,0.996572549834348,true,0,NaN
8762,F,0.8975474556660262,0.9963033560579138,true,0,NaN
8763,F,0.8975558643772755,0.9961078875041516,true,0,NaN
8764,F,0.8975496911225523,0.9965475197644703,true,0,NaN
8765,F,0.8975675889455512,0.9961297601867998,true,0,NaN
8766,F,0.897550808850816,0.9965171802567486,true,0,NaN
8767,F,0.8975681120824497,0.9961127165235469,true,0,NaN
8768,F,0.897551367714949,0.9966221804486711,true,0,NaN
8769,F,0.8975725830676792,0.9961259068074118,true,0,NaN
8770,F,0.8975516471470181,0.9959429469424743,true,0,NaN
8771,F,0.8975447188436612,0.9967252670894334,true,0,NaN
8772,F,0.8975500014377914,0.9965368079127903,true,0,NaN
8773,F,0.8975508242924047,0.9966203766948071,true,0,NaN
8774,F,0.8975512357197114,0.9966259399308149,true,0,NaN
8775,F,0.8975500006502534,0.9965368080631424,true,0,NaN
8776,F,0.8975713816900142,0.9960170353001871,true,0,NaN
8777,F,0.8975508233821942,0.9966203940553421,true,0,NaN
8778,F,0.8975759707953567,0.9960221340940743,true,0,NaN
8779,F,0.8975512347481649,0.9966259405714096,true,0,NaN
8780,F,0.8975768882423846,0.9960025197085257,true,0,NaN
8781,F,0.8975514404311506,0.9959468437019415,true,0,NaN
8782,F,0.89753955442129,0.9974996532159227,true,0,NaN
8783,F,0.8975509513821419,0.9965765032677262,true,0,NaN
8784,F,0.8975511959066462,0.9966253284409582,true,0,NaN
8785,F,0.8975513181688984,0.9966234921430672,true,0,NaN
8786,F,0.8975509510414824,0.9965764847900009,true,0,NaN
8787,F,0.8975747688303176,0.9959951490015825,true,0,NaN
8788,F,0.8975511955586782,0.9966253148398884,true,0,NaN
8789,F,0.8975769992947755,0.9959959423798456,true,0,NaN
8790,F,0.8975513178172767,0.9966234807227783,true,0,NaN
8791,F,0.8975771115786703,0.995994389636413,true,0,NaN
8792,F,0.8975513789465771,0.9965826154159533,true,0,NaN
8793,F,0.8975514095112296,0.9959474811836565,true,0,NaN
8794,F,0.897545731176287,0.9959692171652729,true,0,NaN
8795,F,0.8975414445660048,0.996135698642823,true,0,NaN
8796,F,0.8975435878711459,0.9960828004181616,true,0,NaN
8797,F,0.8975446595237164,0.9960012926256262,true,0,NaN
8798,F,0.8975451953500018,0.9959823808294439,true,0,NaN
8799,F,0.897544972535445,0.9966611844437242,true,0,NaN
8800,F,0.8975713129174385,0.9968560511406828,true,0,NaN
8801,F,0.897545075797562,0.9961222602260609,true,0,NaN
8802,F,0.8975505035474604,0.9968654538906552,true,0,NaN
8803,F,0.8975451274100714,0.9959827767905357,true,0,NaN
8804,F,0.8975413431057647,0.9961806272845848,true,0,NaN
8805,F,0.8975449670762513,0.9959866704251809,true,0,NaN
8806,F,0.8975412006462613,0.9961941474604805,true,0,NaN
8807,F,0.8975430838612564,0.9961464270931091,true,0,NaN
8808,F,0.8975440254687538,0.9960694490781044,true,0,NaN
8809,F,0.8975444962725025,0.9960580506099157,true,0,NaN
8810,F,0.897544631298787,0.9959948923056021,true,0,NaN
8811,F,0.897541035412709,0.9960830132858938,true,0,NaN
8812,F,0.897541432936065,0.9973490887518505,true,0,NaN
8813,F,0.897541234174387,0.9973313879821369,true,0,NaN
8814,F,0.897541134793548,0.9967425818642711,true,0,NaN
8815,F,0.8975410851031285,0.9960884949121998,true,0,NaN
8816,F,0.897541432936065,0.9973490887518505,true,0,NaN
8817,F,0.8975922720466675,0.9961116374510334,true,0,NaN
8818,F,0.8975412338936981,0.9973313927354412,true,0,NaN
8819,F,0.8975908927075081,0.9961224417518805,true,0,NaN
8820,F,0.8975411343725146,0.9967426525046478,true,0,NaN
8821,F,0.8975673601895369,0.9965849139179657,true,0,NaN
8822,F,0.8975410846119227,0.9960885223615206,true,0,NaN
8823,F,0.8975414224285879,0.9960804619933914,true,0,NaN
8824,F,0.8975410597316267,0.9960817724511032,true,0,NaN
8825,F,0.8975412468483586,0.9966243308675602,true,0,NaN
8826,F,0.8975411281008642,0.9960800579652378,true,0,NaN
8827,F,0.8975410939162454,0.9960805296659405,true,0,NaN
8828,F,0.897541391519925,0.9960730382834179,true,0,NaN
8829,F,0.8975413934177218,0.9960729864692417,true,0,NaN
8830,F,0.8975413442781689,0.9961093791242048,true,0,NaN
8831,F,0.8975428029222936,0.9961000479383643,true,0,NaN
8832,F,0.8975413685614756,0.9960750266729995,true,0,NaN
8833,F,0.8975414503395327,0.9960730628484556,true,0,NaN
8834,F,0.8975413807185575,0.996073346600178,true,0,NaN
8835,F,0.8975413951582226,0.9960729899721092,true,0,NaN
8836,F,0.8975413868283031,0.996073086972617,true,0,NaN
8837,F,0.8975413630243413,0.9960734101871016,true,0,NaN
8838,F,0.8975396507130626,0.99764111181066,true,0,NaN
8839,F,0.897540506684337,0.9976009859772142,true,0,NaN
8840,F,0.8975409346733632,0.9976105738067509,true,0,NaN
8841,F,0.8975411486746543,0.9976067810383945,true,0,NaN
8842,F,0.8975412556847703,0.996422894848456,true,0,NaN
8843,F,0.8975413091953157,0.9960835779293337,true,0,NaN
8844,F,0.8975417090005356,0.99608362406414,true,0,NaN
8845,F,0.8975413359608396,0.9960744300897035,true,0,NaN
8846,F,0.8975413760646832,0.9960735146260816,true,0,NaN
8847,F,0.8975413561075454,0.9960734481899771,true,0,NaN
8848,F,0.897541329011985,0.9960795528107476,true,0,NaN
8849,F,0.8975415731380081,0.9960750791228797,true,0,NaN
8850,F,0.897541342553863,0.9960742308113721,true,0,NaN
8851,F,0.8975413738513246,0.9960734845065061,true,0,NaN
8852,F,0.8975413493248637,0.9960735962741516,true,0,NaN
8853,F,0.8975413387506902,0.9960738369989697,true,0,NaN
8854,F,0.897541338870308,0.9960735462543028,true,0,NaN
8855,F,0.8975413332531794,0.9960736137731796,true,0,NaN
8856,F,0.8975412684040275,0.9961878177708248,true,0,NaN
8857,F,0.8975458689813929,0.9960823261456163,true,0,NaN
8858,F,0.8975412996664549,0.996077799757223,true,0,NaN
8859,F,0.8975414682947552,0.9960736420091746,true,0,NaN
8860,F,0.8975413154380559,0.9960744762891344,true,0,NaN
8861,F,0.8975413501838863,0.9960736156252699,true,0,NaN
8862,F,0.8975413236219209,0.9960739187405636,true,0,NaN
8863,F,0.8975413359073451,0.9960736141386748,true,0,NaN
8864,F,0.8975413280743274,0.996073793782385,true,0,NaN
8865,F,0.8975413353258621,0.9960736139319334,true,0,NaN
8866,F,0.8975413304902956,0.9960736801820878,true,0,NaN
8867,F,0.8975410007254446,0.997206818523929,true,0,NaN
8868,F,0.8975413298446764,0.9960736720714186,true,0,NaN
8869,F,0.8975412881079807,0.9960816552499313,true,0,NaN
8870,F,0.8975413089763286,0.9960737261022423,true,0,NaN
8871,F,0.897541222836476,0.9961340972353705,true,0,NaN
8872,F,0.8975412659064023,0.9961338460927847,true,0,NaN
8873,F,0.8975412874413654,0.996124724515585,true,0,NaN
8874,F,0.897541298208847,0.9960741687918463,true,0,NaN
8875,F,0.8975412766116485,0.9961337945294894,true,0,NaN
8876,F,0.8975436881961465,0.9960740645591927,true,0,NaN
8877,F,0.8975412926947561,0.9960839660963376,true,0,NaN
8878,F,0.8975417050831828,0.9960735339293324,true,0,NaN
8879,F,0.8975413007363137,0.9960737944380225,true,0,NaN
8880,F,0.8975413016884225,0.9960736226777319,true,0,NaN
8881,F,0.8975408871910234,0.9976954846831659,true,0,NaN
8882,F,0.8975410941503448,0.9974753049089764,true,0,NaN
8883,F,0.8975411976373157,0.9971125001369968,true,0,NaN
8884,F,0.8975412493954303,0.9966807913918141,true,0,NaN
8885,F,0.897541275303819,0.9960924808034453,true,0,NaN
8886,F,0.8975420323258307,0.996082327212156,true,0,NaN
8887,F,0.8975412883055357,0.996075468792143,true,0,NaN
8888,F,0.8975413624142804,0.996073708209116,true,0,NaN
8889,F,0.8975412948263092,0.9960739346255384,true,0,NaN
8890,F,0.8975413073489228,0.9960736265784147,true,0,NaN
8891,F,0.8975412998008295,0.9960736381479535,true,0,NaN
8892,F,0.8975412870007479,0.9960741256685322,true,0,NaN
8893,F,0.8975413065887987,0.9960736418791666,true,0,NaN
8894,F,0.8975412933970806,0.9960737855803129,true,0,NaN
8895,F,0.8975412993849201,0.9960792018466416,true,0,NaN
8896,F,0.8975412934685869,0.9960737773134678,true,0,NaN
8897,F,0.8975413011633572,0.9960734638220857,true,0,NaN
8898,F,0.8975411559391069,0.9962821685355933,true,0,NaN
8899,F,0.8975495553856827,0.9960883612198211,true,0,NaN
8900,F,0.8975412282805212,0.9960870211049706,true,0,NaN
8901,F,0.8975417739022667,0.9960733100800221,true,0,NaN
8902,F,0.8975412644528528,0.9960766071382997,true,0,NaN
8903,F,0.8975413909579123,0.9960734606946767,true,0,NaN
8904,F,0.8975412825422686,0.9960745314453158,true,0,NaN
8905,F,0.8975413255096207,0.9960734652738764,true,0,NaN
8906,F,0.8975412915934868,0.9960738357385084,true,0,NaN
8907,F,0.8975413065615996,0.9960734644913464,true,0,NaN
8908,F,0.8975412961321994,0.9960735870675632,true,0,NaN
8909,F,0.8975412587443579,0.9960737814532516,true,0,NaN
8910,F,0.8975410839202665,0.9960810629237007,true,0,NaN
8911,F,0.8975411713323123,0.9960741119401065,true,0,NaN
8912,F,0.8975395178283477,0.9962456765289467,true,0,NaN
8913,F,0.89754034458033,0.9960921227567107,true,0,NaN
8914,F,0.8972114541764508,1.004333778915382,false,0,NaN
8915,F,0.897535858225791,0.9962050973255336,true,0,NaN
8916,F,0.8973758993783904,1.000187751891641,false,0,NaN
8917,F,0.8974581219793603,0.9980854274682887,true,0,NaN
8918,F,0.8974992332798452,0.9970641533717175,true,0,NaN
8919,F,0.8974807202285582,0.997524735333818,true,0,NaN
8920,F,0.8974809984394355,0.9975176839909456,true,0,NaN
8921,F,0.897510520883467,0.9967834279437993,true,0,NaN
8922,F,0.8975106552052544,0.9967800081537819,true,0,NaN
8923,F,0.89752542121139,0.9964131419644607,true,0,NaN
8924,F,0.8975389585306018,0.9960711855316126,true,0,NaN
8925,F,0.8975388059186421,0.9960748415893553,true,0,NaN
8926,F,0.8975388136992865,0.9960746106492095,true,0,NaN
8927,F,0.8975388124881702,0.9960745611884302,true,0,NaN
8928,F,0.8975388189727579,0.9960743868658168,true,0,NaN
8929,F,0.8975388168249615,0.996074416409083,true,0,NaN
8930,F,0.8975388016808471,0.9960749889293073,true,0,NaN
8931,F,0.8975388246869148,0.9960744215759301,true,0,NaN
8932,F,0.8975388081558912,0.9960746871102163,true,0,NaN
8933,F,0.8975388190337282,0.9960744184989406,true,0,NaN
8934,F,0.8975388115108135,0.9960745680366333,true,0,NaN
8935,F,0.8975388176038142,0.9960744173553716,true,0,NaN
8936,F,0.8975388133179739,0.99607449360179,true,0,NaN
8937,F,0.8975387806500039,0.9960763696667698,true,0,NaN
8938,F,0.8975388126697484,0.9960744979173886,true,0,NaN
8939,F,0.8975380627691008,0.997083979211993,true,0,NaN
8940,F,0.8975384377194247,0.9969218162158259,true,0,NaN
8941,F,0.8975386251945865,0.996809551158706,true,0,NaN
8942,F,0.8975387189321675,0.9965862201602995,true,0,NaN
8943,F,0.8975388113759889,0.9960745028384438,true,0,NaN
8944,F,0.8975380335003819,0.9970957269383157,true,0,NaN
8945,F,0.8975388025648825,0.9960745377752601,true,0,NaN
8946,F,0.8975387045010009,0.9971646350266908,true,0,NaN
8947,F,0.8975387511218555,0.9969313920287051,true,0,NaN
8948,F,0.8975387746135571,0.9962504191263718,true,0,NaN
8949,F,0.8975387867120714,0.9960822456206913,true,0,NaN
8950,F,0.8975390968452021,0.9960757014183607,true,0,NaN
8951,F,0.8975387936053637,0.9960755246566809,true,0,NaN
8952,F,0.8975388333502553,0.9960745636720872,true,0,NaN
8953,F,0.8975387975732981,0.9960747861095928,true,0,NaN
8954,F,0.8975388076059719,0.9960745395378383,true,0,NaN
8955,F,0.8975387998799332,0.9960746066859026,true,0,NaN
8956,F,0.8975379752358946,0.9971077507756754,true,0,NaN
8957,F,0.8975387993456102,0.9960746084839728,true,0,NaN
8958,F,0.8975381920808765,0.9970269146750708,true,0,NaN
8959,F,0.8975384957132434,0.9969194648847839,true,0,NaN
8960,F,0.8975386475294268,0.996809248873154,true,0,NaN
8961,F,0.8975387234375185,0.996455447426075,true,0,NaN
8962,F,0.8975387975618101,0.9960746144299003,true,0,NaN
8963,F,0.8975387499685238,0.9960749982517818,true,0,NaN
8964,F,0.8975381045077945,0.9970493152776774,true,0,NaN
8965,F,0.8975387421210398,0.9960750189649111,true,0,NaN
8966,F,0.8975385924804021,0.9967563817608307,true,0,NaN
8967,F,0.897538667300721,0.9961553247092567,true,0,NaN
8968,F,0.8975387047108804,0.996074717022864,true,0,NaN
8969,F,0.8975386170892379,0.9967539139648397,true,0,NaN
8970,F,0.8975386609000592,0.996311077998284,true,0,NaN
8971,F,0.8975386828054698,0.9960895025148834,true,0,NaN
8972,F,0.8975386937581751,0.9960772529953653,true,0,NaN
8973,F,0.89753864793777,0.9966081615557688,true,0,NaN
8974,F,0.8975581365201455,0.9971005680341936,true,0,NaN
8975,F,0.8975386759333714,0.996110466343416,true,0,NaN
8976,F,0.8975399868148369,0.9960475129438535,true,0,NaN
8977,F,0.8975386899311736,0.9960790945870507,true,0,NaN
8978,F,0.897538852558586,0.9960733315858886,true,0,NaN
8979,F,0.8975386969300777,0.9960758042963119,true,0,NaN
8980,F,0.8975387380248874,0.9960745747204205,true,0,NaN
8981,F,0.8975387004295358,0.9960750572821133,true,0,NaN
8982,F,0.8975387135510963,0.9960746848232672,true,0,NaN
8983,F,0.897538702179277,0.9960748212030447,true,0,NaN
8984,F,0.8975387063320573,0.9960747056508066,true,0,NaN
8985,F,0.8975387030541718,0.996074745099929,true,0,NaN
8986,F,0.8975386648062887,0.9960726430260001,true,0,NaN
8987,F,0.8975377791180443,0.9960763401211404,true,0,NaN
8988,F,0.8975340634201864,0.9957796040162749,true,0,NaN
8989,F,0.897521431604001,0.9960699406945246,true,0,NaN
8990,F,0.8975194811756737,0.9959995054768463,true,0,NaN
8991,F,0.8975103899911531,0.9952154956170782,true,0,NaN
8992,F,0.8974583034061585,0.9957952386093089,true,0,NaN
8993,F,0.8974434898430672,0.9955255180863275,true,0,NaN
8994,F,0.8974060484619496,0.994388988490758,true,0,NaN
8995,F,0.897334871143861,0.9963241821534468,true,0,NaN
8996,F,0.8973476625639539,0.9962063326861319,true,0,NaN
8997,F,0.8973412668539075,0.9962937075968851,true,0,NaN
8998,F,0.8973380689988842,0.9962541365328756,true,0,NaN
8999,F,0.8973364700713726,0.996282681447061,true,0,NaN
9000,F,0.8970526228526169,1.0097553525530978,false,0,NaN
9001,F,0.8975335016555995,1.0026388697648108,false,0,NaN
9002,F,0.8971945474987756,1.0053973036521728,false,0,NaN
9003,F,0.8975198744620854,0.9975805245139765,true,0,NaN
9004,F,0.897265509821857,1.0016416707371831,false,0,NaN
9005,F,0.8974567880830325,0.9967464174333508,true,0,NaN
9006,F,0.8973009909834021,0.9997229728942196,true,0,NaN
9007,F,0.8974237857428358,0.9972888590038671,true,0,NaN
9008,F,0.8973187315641832,0.9972196613662203,true,0,NaN
9009,F,0.897352176996206,0.9962861478991468,true,0,NaN
9010,F,0.8973276018545908,0.997295461983675,true,0,NaN
9011,F,0.8973637525943114,0.9962877313354965,true,0,NaN
9012,F,0.8973320369998289,0.9968175332240798,true,0,NaN
9013,F,0.8973511292675433,0.9967607494088278,true,0,NaN
9014,F,0.8973353633589974,0.9968178000305372,true,0,NaN
9015,F,0.8973363335495675,0.996282742480802,true,0,NaN
9016,F,0.8973476036780459,0.9966375924289809,true,0,NaN
9017,F,0.8973363364966019,0.9962826603597691,true,0,NaN
9018,F,0.897348096203916,0.9963354726067116,true,0,NaN
9019,F,0.897342216350259,0.9961334426733944,true,0,NaN
9020,F,0.8973466011750652,0.9962016422026966,true,0,NaN
9021,F,0.8973444087626621,0.996105824360138,true,0,NaN
9022,F,0.8973433125564606,0.9961124095842718,true,0,NaN
9023,F,0.8973427644533598,0.9961212911540053,true,0,NaN
9024,F,0.8973466011750652,0.9962016422026966,true,0,NaN
9025,F,0.8973475450571662,0.9959994292930675,true,0,NaN
9026,F,0.8973473099115681,0.9959919513987195,true,0,NaN
9027,F,0.8972093004324497,1.004909525133873,false,0,NaN
9028,F,0.8975583153176016,0.9960687342980055,true,0,NaN
9029,F,0.8972783051720089,0.9999680911588875,true,0,NaN
9030,F,0.8973128075417884,0.9979756086796909,true,0,NaN
9031,F,0.8973300587266783,0.9967491019879824,true,0,NaN
9032,F,0.8973429075920019,0.9964497061392971,true,0,NaN
9033,F,0.8973592470056068,0.9964684307506395,true,0,NaN
9034,F,0.8973451089901755,0.996449943721692,true,0,NaN
9035,F,0.8973614721376544,0.9959923012300066,true,0,NaN
9036,F,0.8973462096892653,0.996022983823397,true,0,NaN
9037,F,0.8973473134804423,0.9963311450172243,true,0,NaN
9038,F,0.897346760038816,0.9959920352970526,true,0,NaN
9039,F,0.8972101826056051,1.0048865591958298,false,0,NaN
9040,F,0.8975583428834251,0.996067386596015,true,0,NaN
9041,F,0.8973429275773978,0.996449201508896,true,0,NaN
9042,F,0.8973448438081069,0.9964466088984532,true,0,NaN
9043,F,0.8973458019234614,0.9965285050090149,true,0,NaN
9044,F,0.8973429229947717,0.9964491748681517,true,0,NaN
9045,F,0.8973592552428099,0.9964682551518931,true,0,NaN
9046,F,0.8973448391593635,0.9964465812615247,true,0,NaN
9047,F,0.8973610919881005,0.9959921972440446,true,0,NaN
9048,F,0.8973457972417125,0.996528562727448,true,0,NaN
9049,F,0.8973649903504304,0.9959127853519878,true,0,NaN
9050,F,0.897346276282993,0.9960034531672688,true,0,NaN
9051,F,0.8973436417482277,0.9960601599100876,true,0,NaN
9052,F,0.8973463135334463,0.9959914138745598,true,0,NaN
9053,F,0.8973372833748928,0.9968178022359527,true,0,NaN
9054,F,0.8973417984541695,0.9968946399497425,true,0,NaN
9055,F,0.897344055993808,0.9959054532474108,true,0,NaN
9056,F,0.8973392162275184,0.9964550156497358,true,0,NaN
9057,F,0.8973416361106632,0.9964175341494166,true,0,NaN
9058,F,0.8973428460522356,0.9962211965635415,true,0,NaN
9059,F,0.8973434510230217,0.9959146065536019,true,0,NaN
9060,F,0.8973394477667567,0.9964575535424385,true,0,NaN
9061,F,0.8973414493948892,0.9964222883208088,true,0,NaN
9062,F,0.8973424502089554,0.9963176677486727,true,0,NaN
9063,F,0.8973429506159886,0.9959328554775372,true,0,NaN
9064,F,0.8973390965352563,0.9960165574452894,true,0,NaN
9065,F,0.8970421151254735,1.0065276813272137,false,0,NaN
9066,F,0.8972309443898686,1.0013950737876376,false,0,NaN
9067,F,0.8971905584285915,1.0014240127251843,false,0,NaN
9068,F,0.8972877017504841,0.9990632919021167,true,0,NaN
9069,F,0.8972647800903562,0.9991642191006151,true,0,NaN
9070,F,0.8973213268085846,0.9980640182580864,true,0,NaN
9071,F,0.8973018909416495,0.9975935594553806,true,0,NaN
9072,F,0.8973302212698239,0.9970405553220514,true,0,NaN
9073,F,0.8973204464081186,0.9968148321448067,true,0,NaN
9074,F,0.8973347871521579,0.9961126814235471,true,0,NaN
9075,F,0.8972788474396663,0.9974968480549163,true,0,NaN
9076,F,0.8972789593792329,0.9975101659933326,true,0,NaN
9077,F,0.8973068151693073,0.9967772085068081,true,0,NaN
9078,F,0.8973068689106112,0.9967835791173796,true,0,NaN
9079,F,0.8973208002000883,0.9964177927597302,true,0,NaN
9080,F,0.8973183200766746,0.9964258278391473,true,0,NaN
9081,F,0.8974483382332886,0.9951557493030289,true,0,NaN
9082,F,0.8973183660991645,0.9964246030338718,true,0,NaN
9083,F,0.8974556901437291,0.9941436279913746,true,0,NaN
9084,F,0.8973870281214468,0.9955013277461486,true,0,NaN
9085,F,0.8973526971103056,0.9957236559514765,true,0,NaN
9086,F,0.897335531604735,0.9960027728446225,true,0,NaN
9087,F,0.8973102112934082,0.9966605718752789,true,0,NaN
9088,F,0.8973228714490716,0.9963083444674065,true,0,NaN
9089,F,0.8973373497789695,0.9959079390919632,true,0,NaN
9090,F,0.8973238357014018,0.9976623012680157,true,0,NaN
9091,F,0.8973305927401857,0.9968545593561489,true,0,NaN
9092,F,0.8973339712595776,0.9963397186328619,true,0,NaN
9093,F,0.8973356605192736,0.9963732732177013,true,0,NaN
9094,F,0.8973238357014018,0.9976623012680159,true,0,NaN
9095,F,0.897331164991958,0.9972417983433983,true,0,NaN
9096,F,0.8973305680250974,0.9968492523887658,true,0,NaN
9097,F,0.897334509747995,0.996754896752219,true,0,NaN
9098,F,0.8973339341870226,0.9963385788516789,true,0,NaN
9099,F,0.8973357321594161,0.9963511851921644,true,0,NaN
9100,F,0.8973356172681403,0.9963724997751202,true,0,NaN
9101,F,0.8973375930767603,0.9963465628348991,true,0,NaN
9102,F,0.8973364588090091,0.9959116285355861,true,0,NaN
9103,F,0.8973173853084353,0.9974313142659292,true,0,NaN
9104,F,0.8973329828496194,0.9963946646095398,true,0,NaN
9105,F,0.8973347208293142,0.9963812411584295,true,0,NaN
9106,F,0.8973355898191617,0.9963746231817662,true,0,NaN
9107,F,0.8973329361365405,0.9963950412801518,true,0,NaN
9108,F,0.897334523119795,0.9963817368175291,true,0,NaN
9109,F,0.8973346689113542,0.9963815013190808,true,0,NaN
9110,F,0.8973362541125183,0.996367523418682,true,0,NaN
9111,F,0.8973355352988996,0.9963748037208072,true,0,NaN
9112,F,0.8973371198601418,0.9963600887789945,true,0,NaN
9113,F,0.8973359684929497,0.9963714698985968,true,0,NaN
9114,F,0.8973375527861984,0.995900362939135,true,0,NaN
9115,F,0.8973361850905296,0.9959261671069966,true,0,NaN
9116,F,0.8973362301208354,0.9959134398962988,true,0,NaN
9117,F,0.8973313431397969,0.9960289614748097,true,0,NaN
9118,F,0.8970571744024158,1.0087726892037179,false,0,NaN
9119,F,0.8973278251026298,1.0022085609981843,false,0,NaN
9120,F,0.8971941949843999,1.0031358592645807,false,0,NaN
9121,F,0.8973451308079966,0.999057202640284,true,0,NaN
9122,F,0.8972627052955884,1.0007493074828415,false,0,NaN
9123,F,0.8973629554869476,0.9982410217431568,true,0,NaN
9124,F,0.8972969604915757,0.9988974537980709,true,0,NaN
9125,F,0.8973578811507011,0.9962102948166367,true,0,NaN
9126,F,0.8973140881703563,0.9971528324108448,true,0,NaN
9127,F,0.8973379568263673,0.9966669945526461,true,0,NaN
9128,F,0.8973226521713271,0.9970455268177761,true,0,NaN
9129,F,0.8973442418193264,0.9966605726629023,true,0,NaN
9130,F,0.897326934495027,0.996536784351351,true,0,NaN
9131,F,0.8973377195545301,0.9963162530307007,true,0,NaN
9132,F,0.8973301485052289,0.9964958908806072,true,0,NaN
9133,F,0.8973311129329045,0.9960311146019986,true,0,NaN
9134,F,0.8973306114311967,0.9960513655838152,true,0,NaN
9135,F,0.8973313848915795,0.9960864099797564,true,0,NaN
9136,F,0.8973308345781723,0.9960371744671302,true,0,NaN
9137,F,0.897253646703012,0.9983467430427809,true,0,NaN
9138,F,0.8973308228338378,0.9960373945976507,true,0,NaN
9139,F,0.8973384462447356,0.9958341528060274,true,0,NaN
9140,F,0.897329801915543,0.9960344984270111,true,0,NaN
9141,F,0.8973240267843029,0.9965668494334115,true,0,NaN
9142,F,0.897326914349923,0.9965205347031438,true,0,NaN
9143,F,0.897328358132733,0.9959707005888031,true,0,NaN
9144,F,0.8973134300998062,0.9975448226340885,true,0,NaN
9145,F,0.8973208941162697,0.9964932875173893,true,0,NaN
9146,F,0.8973246261245014,0.9965476310367349,true,0,NaN
9147,F,0.8973264921286171,0.9965202291120089,true,0,NaN
9148,F,0.8973253110909439,0.9965323128407285,true,0,NaN
9149,F,0.897344546855398,0.9969258122653158,true,0,NaN
9150,F,0.8973268336823761,0.9965170723700838,true,0,NaN
9151,F,0.8973459612987619,0.9969144395351208,true,0,NaN
9152,F,0.8973275949780934,0.9965104228742321,true,0,NaN
9153,F,0.8973467032819963,0.9969086618730577,true,0,NaN
9154,F,0.8973279756259546,0.9959845380853994,true,0,NaN
9155,F,0.8973283617374845,0.9959937310329542,true,0,NaN
9156,F,0.8973281659498903,0.9959722433378145,true,0,NaN
9157,F,0.8973272146787598,0.9965064777039341,true,0,NaN
9158,F,0.8973463446779619,0.9969037950956722,true,0,NaN
9159,F,0.8973276695649568,0.9965058756246729,true,0,NaN
9160,F,0.89732790875668,0.9964914818163858,true,0,NaN
9161,F,0.8973280296518474,0.9959725032260662,true,0,NaN
9162,F,0.8973261763485886,0.9974294512025854,true,0,NaN
9163,F,0.8973271012903026,0.9974336161071947,true,0,NaN
9164,F,0.8973275637726247,0.9970148326859218,true,0,NaN
9165,F,0.8973277950367212,0.995990261997384,true,0,NaN
9166,F,0.8973284567686907,0.9960057987051968,true,0,NaN
9167,F,0.8973279107146802,0.9959739774520143,true,0,NaN
9168,F,0.8973275368725405,0.9959832206324571,true,0,NaN
9169,F,0.8973273129026729,0.9959857055342739,true,0,NaN
9170,F,0.8973272892575715,0.995990768394518,true,0,NaN
9171,F,0.8973273010801222,0.9959860201273206,true,0,NaN
9172,F,0.8973273069913975,0.9959856373675411,true,0,NaN
9173,F,0.8973274104230892,0.9959820481088999,true,0,NaN
9174,F,0.8973248619731894,0.9960453329627013,true,0,NaN
9175,F,0.8973255658620845,0.9960263787019146,true,0,NaN
9176,F,0.8973260489821231,0.9960134823605217,true,0,NaN
9177,F,0.897324936361916,0.9960385958230955,true,0,NaN
9178,F,0.8973261703071682,0.9960022958820037,true,0,NaN
9179,F,0.8973262242613166,0.9959970922419744,true,0,NaN
9180,F,0.8973200898584425,0.9962567338150421,true,0,NaN
9181,F,0.8973239218027731,0.9961921800661878,true,0,NaN
9182,F,0.8973231006621157,0.99600923527157,true,0,NaN
9183,F,0.8972056571306589,1.002937364339073,false,0,NaN
9184,F,0.8975159837634213,0.9914616346547696,true,0,NaN
9185,F,0.8973163402916379,0.9960976798887047,true,0,NaN
9186,F,0.8973174372615008,0.996201273469239,true,0,NaN
9187,F,0.8973168887765693,0.9962244071512303,true,0,NaN
9188,F,0.8973166145341036,0.9960750124477945,true,0,NaN
9189,F,0.8973168063199485,0.9960781684298433,true,0,NaN
9190,F,0.897316710427026,0.9960757301649138,true,0,NaN
9191,F,0.8973166624805649,0.9960746151362737,true,0,NaN
9192,F,0.8973166385073342,0.9960742137833607,true,0,NaN
9193,F,0.8973211922691534,0.9959804623256847,true,0,NaN
9194,F,0.8973189153882438,0.9960136946297934,true,0,NaN
9195,F,0.8973201299242749,0.9960042339066701,true,0,NaN
9196,F,0.8973195226562594,0.9960159308322157,true,0,NaN
9197,F,0.8973192190222516,0.9960054395979282,true,0,NaN
9198,F,0.8973183511599302,0.9960258968747236,true,0,NaN
9199,F,0.8972664503066003,1.0000301174652748,false,0,NaN
9200,F,0.8974115784854171,0.996567029060306,true,0,NaN
9201,F,0.897292375917247,0.9992877825929888,true,0,NaN
9202,F,0.8974105986167049,0.9965334354893207,true,0,NaN
9203,F,0.8973053388235888,0.9980437435047327,true,0,NaN
9204,F,0.8973784729015407,0.9961057135765083,true,0,NaN
9205,F,0.8973118204788103,0.9971532846632704,true,0,NaN
9206,F,0.8973526810792164,0.996477178092645,true,0,NaN
9207,F,0.8973150617106326,0.9965018734657164,true,0,NaN
9208,F,0.8973323128329237,0.9965534397551021,true,0,NaN
9209,F,0.8973166831358502,0.9964998047338209,true,0,NaN
9210,F,0.8973338592363116,0.9965536758494808,true,0,NaN
9211,F,0.8973174954741803,0.99602760722621,true,0,NaN
9212,F,0.8973188939351471,0.9960058177122145,true,0,NaN
9213,F,0.8973175998817263,0.9960247333108144,true,0,NaN
9214,F,0.8973195221026806,0.995975494682013,true,0,NaN
9215,F,0.8973194512368701,0.9959759118508708,true,0,NaN
9216,F,0.8969800194591508,1.0104201733190987,false,0,NaN
9217,F,0.897423411023187,0.9982648071428448,true,0,NaN
9218,F,0.8971497314429869,1.0023745723367108,false,0,NaN
9219,F,0.8973461496040882,0.997347519932489,true,0,NaN
9220,F,0.8972345874364827,0.9981876201070959,true,0,NaN
9221,F,0.8973024800189613,0.9973023189613714,true,0,NaN
9222,F,0.8972770154363857,0.9977363928335549,true,0,NaN
9223,F,0.8973310564542456,0.9955780795637295,true,0,NaN
9224,F,0.8972963373532156,0.9984814994426892,true,0,NaN
9225,F,0.8974008146059446,0.9966175446667086,true,0,NaN
9226,F,0.8973136959897452,0.9975021219809374,true,0,NaN
9227,F,0.8973829311439585,0.9960749335101813,true,0,NaN
9228,F,0.8973223753099142,0.9965554557938622,true,0,NaN
9229,F,0.8973575454258861,0.9965233161655491,true,0,NaN
9230,F,0.8973267149738072,0.9960283549892466,true,0,NaN
9231,F,0.8973429177801415,0.9961049392543933,true,0,NaN
9232,F,0.8973288848133707,0.9956116198296766,true,0,NaN
9233,F,0.8968928735312037,1.0178038804870042,false,0,NaN
9234,F,0.8975021851831942,0.9871791526579045,true,0,NaN
9235,F,0.8973288837706455,0.9956107789138273,true,0,NaN
9236,F,0.8972818164864881,0.9969246326743967,true,0,NaN
9237,F,0.8973053501285667,0.9962651161171465,true,0,NaN
9238,F,0.8973171169496061,0.9959198151484612,true,0,NaN
9239,F,0.8973517828647363,0.994912237753787,true,0,NaN
9240,F,0.8945445507629156,NaN,false,-300,NaN
9241,F,0.8959480784950489,NaN,false,-300,NaN
9242,F,0.8966498423690024,1.2416486442350014,false,0,NaN
9243,F,0.9056199995092449,1.1397407863322884,false,0,NaN
9244,F,0.8970007243217527,1.0639006312911987,false,0,NaN
9245,F,0.8995087711503102,1.0178705165874944,false,0,NaN
9246,F,0.8971761653296753,1.0186180775004356,false,0,NaN
9247,F,0.8980379673623967,1.002117892517898,false,0,NaN
9248,F,0.8972638858967312,1.0044152912219515,false,0,NaN
9249,F,0.8976093552008529,0.9955506068293136,true,0,NaN
9250,F,0.8973077463064495,0.9990491330151102,true,0,NaN
9251,F,0.8974581354278559,0.9969456208317878,true,0,NaN
9252,F,0.8973406424971432,0.996384220125474,true,0,NaN
9253,F,0.8973941549291624,0.9953900908523873,true,0,NaN
9254,F,0.8973502460396352,0.9953726959521431,true,0,NaN
9255,F,0.8973669860936533,0.9958862128885292,true,0,NaN
9256,F,0.8973516137872796,0.9949122383942056,true,0,NaN
9257,F,0.8973504281146489,0.995372085602705,true,0,NaN
9258,F,0.8973510201917724,0.9953711850553009,true,0,NaN
9259,F,0.8973513162786564,0.99491233513086,true,0,NaN
9260,F,0.8973494626472612,0.996339072657998,true,0,NaN
9261,F,0.8973503912581593,0.995370501450811,true,0,NaN
9262,F,0.8973508555639844,0.995370135874703,true,0,NaN
9263,F,0.8973510877176492,0.9953176580890529,true,0,NaN
9264,F,0.8973512037959862,0.9949241225281996,true,0,NaN
9265,F,0.8973516453016375,0.9949385398607843,true,0,NaN
9266,F,0.8973512618381643,0.9949130124494426,true,0,NaN
9267,F,0.8973510663919598,0.9949185274338117,true,0,NaN
9268,F,0.8973492079201753,0.9949652522458513,true,0,NaN
9269,F,0.8973300515584074,0.9954481632979716,true,0,NaN
9270,F,0.897312415970652,0.9958937337774658,true,0,NaN
9271,F,0.8973089674921955,0.9959790984582495,true,0,NaN
9272,F,0.8973087910648445,0.9959834035456264,true,0,NaN
9273,F,0.897308666336186,0.9959862936550171,true,0,NaN
9274,F,0.8973085595242752,0.9959882925346004,true,0,NaN
9275,F,0.8973084460165077,0.9959894065046583,true,0,NaN
9276,F,0.8973082895349898,0.9959889554573719,true,0,NaN
9277,F,0.8973078463816002,0.9968670719685518,true,0,NaN
9278,F,0.897308067958295,0.9959894392219085,true,0,NaN
9279,F,0.8973080317436514,0.9963626399857929,true,0,NaN
9280,F,0.8973080498509731,0.9959945159553223,true,0,NaN
9281,F,0.897308058904634,0.9959886487720081,true,0,NaN
9282,F,0.8973081195117795,0.995986309003957,true,0,NaN
9283,F,0.8973079941260566,0.9959875617488795,true,0,NaN
9284,F,0.8973078954701851,0.9959866701720044,true,0,NaN
9285,F,0.8973076483171977,0.995986998443371,true,0,NaN
9286,F,0.8973024593546085,0.9961880697646692,true,0,NaN
9287,F,0.8973088691822999,0.9960442313208174,true,0,NaN
9288,F,0.897305059572912,0.9960865498708524,true,0,NaN
9289,F,0.8973082386540195,0.9960152064238161,true,0,NaN
9290,F,0.8973063596859552,0.9960358231350813,true,0,NaN
9291,F,0.8973079244506642,0.9960007064553608,true,0,NaN
9292,F,0.8973070097502598,0.9960104678430735,true,0,NaN
9293,F,0.8973077912498156,0.9959867826583249,true,0,NaN
9294,F,0.8973049550171488,0.9974281766291597,true,0,NaN
9295,F,0.8973063731334823,0.9974255823781182,true,0,NaN
9296,F,0.8973070821916489,0.9974212077661184,true,0,NaN
9297,F,0.8973074367207323,0.9960260780436876,true,0,NaN
9298,F,0.8973049550070925,0.997428176629455,true,0,NaN
9299,F,0.8973570302516155,0.9959956346980482,true,0,NaN
9300,F,0.8973063718198891,0.9974255794745455,true,0,NaN
9301,F,0.8973584569584862,0.9959899057378204,true,0,NaN
9302,F,0.8973070802263485,0.9974214792630327,true,0,NaN
9303,F,0.8973074344297005,0.9960295399024718,true,0,NaN
9304,F,0.897308959505357,0.9968830009200054,true,0,NaN
9305,F,0.897307611531621,0.9959872545057863,true,0,NaN
9306,F,0.8973067257941172,0.9974206272876077,true,0,NaN
9307,F,0.8973071686628691,0.997367315023382,true,0,NaN
9308,F,0.897307390097245,0.9962734221832884,true,0,NaN
9309,F,0.897307500814433,0.9959912265098877,true,0,NaN
9310,F,0.8973067836815116,0.9959992688906116,true,0,NaN
9311,F,0.8973071120572413,0.9959821570695452,true,0,NaN
9312,F,0.8973056222120307,0.9959758061490392,true,0,NaN
9313,F,0.8972996408811629,0.9960717449020332,true,0,NaN
9314,F,0.8973002326083968,0.9960408576442381,true,0,NaN
9315,F,0.897146156128835,1.092987565497731,false,0,NaN
9316,F,0.9006587176091673,1.0516990771230357,false,0,NaN
9317,F,0.8972231903421738,1.02125283481578,false,0,NaN
9318,F,0.8981366692002587,1.0050497361644695,false,0,NaN
9319,F,0.8972617074488867,1.003138289118611,false,0,NaN
9320,F,0.8975188618598534,0.9987469851646333,true,0,NaN
9321,F,0.8972809660023299,0.9979213663940713,true,0,NaN
9322,F,0.8973491010421426,0.9970110675076043,true,0,NaN
9323,F,0.8972905952792251,0.9968639282867325,true,0,NaN
9324,F,0.8973204170199535,0.996967294513081,true,0,NaN
9325,F,0.8972954099180199,0.9966116020325428,true,0,NaN
9326,F,0.8973160892217809,0.9969610867680891,true,0,NaN
9327,F,0.8972978172381118,0.996643221989698,true,0,NaN
9328,F,0.8973196420907916,0.9969619718839958,true,0,NaN
9329,F,0.8972996227330419,0.9965570321202505,true,0,NaN
9330,F,0.8973001493859852,0.9960408630937114,true,0,NaN
9331,F,0.8973013233552123,0.9965124608995785,true,0,NaN
9332,F,0.8973001660000156,0.9960402042223548,true,0,NaN
9333,F,0.8973018248954678,0.9959975057418604,true,0,NaN
9334,F,0.8973013524393596,0.9960015332902702,true,0,NaN
9335,F,0.8973002497060933,0.9965725675814195,true,0,NaN
9336,F,0.8973008010727265,0.9965104206887593,true,0,NaN
9337,F,0.897301076756043,0.9965093407327852,true,0,NaN
9338,F,0.8973012145977013,0.9960221061790436,true,0,NaN
9339,F,0.8973011788508469,0.9960921676792595,true,0,NaN
9340,F,0.8973045924723322,0.9964217134956352,true,0,NaN
9341,F,0.8973012654413978,0.9960028285397884,true,0,NaN
9342,F,0.8973014344550169,0.9959851026413848,true,0,NaN
9343,F,0.8972801201331648,0.9984397232770025,true,0,NaN
9344,F,0.8973738590205009,0.9959866075685272,true,0,NaN
9345,F,0.8972907594806937,0.9975638489457513,true,0,NaN
9346,F,0.8973510497890456,0.9964581661111677,true,0,NaN
9347,F,0.8972960792062827,0.9974997201014382,true,0,NaN
9348,F,0.8973539204587222,0.9959132793424992,true,0,NaN
9349,F,0.8972987391727354,0.9974842439463717,true,0,NaN
9350,F,0.8973559893806738,0.9959143515836302,true,0,NaN
9351,F,0.8973000693633487,0.9965431215859365,true,0,NaN
9352,F,0.8973213793672575,0.996855242029698,true,0,NaN
9353,F,0.897300734873996,0.9964546942778714,true,0,NaN
9354,F,0.8973186679509777,0.9969460549565661,true,0,NaN
9355,F,0.8973010684645687,0.9961222147260151,true,0,NaN
9356,F,0.8973063045938083,0.996407945756695,true,0,NaN
9357,F,0.8973013247463809,0.9959867243351541,true,0,NaN
9358,F,0.8972999707975917,0.9960123421985456,true,0,NaN
9359,F,0.8973004996017615,0.9959854799105877,true,0,NaN
9360,F,0.8972989532041675,0.9960248455148071,true,0,NaN
9361,F,0.8972997264029645,0.9959964004281173,true,0,NaN
9362,F,0.8972846427248214,0.9969607698704105,true,0,NaN
9363,F,0.8972921845638929,0.9963999584619798,true,0,NaN
9364,F,0.8972959554834288,0.9960122194222525,true,0,NaN
9365,F,0.8972935710114082,0.9960679116304575,true,0,NaN
9366,F,0.8972956703707343,0.995996900977832,true,0,NaN
9367,F,0.8970588718214082,1.0128705914254958,false,0,NaN
9368,F,0.8976812084494915,0.9990611870015665,true,0,NaN
9369,F,0.8971772708987086,1.0062200423148853,false,0,NaN
9370,F,0.8975543211655205,0.9971631079504071,true,0,NaN
9371,F,0.8972364704373744,1.0013614823470922,false,0,NaN
9372,F,0.8974343270802191,0.9975417512917544,true,0,NaN
9373,F,0.8972660702067389,0.999916817610598,true,0,NaN
9374,F,0.8974106444956246,0.9959982640934709,true,0,NaN
9375,F,0.897280870091484,0.9979215047168752,true,0,NaN
9376,F,0.8973518532927722,0.9964807806096487,true,0,NaN
9377,F,0.8972882700339825,0.9974299072116253,true,0,NaN
9378,F,0.8973411220948941,0.9964861234131226,true,0,NaN
9379,F,0.8972919700054834,0.9974356666506178,true,0,NaN
9380,F,0.8972947449858717,0.9969767815194597,true,0,NaN
9381,F,0.8972955543733653,0.9959997342709198,true,0,NaN
9382,F,0.8972938786919287,0.996043937267814,true,0,NaN
9383,F,0.8972955509487431,0.995999790023,true,0,NaN
9384,F,0.8972942807838197,0.9960302368518181,true,0,NaN
9385,F,0.8972950053052645,0.9960119009820753,true,0,NaN
9386,F,0.897295063195565,0.9960205455114365,true,0,NaN
9387,F,0.8972950342504147,0.9960163883816964,true,0,NaN
9388,F,0.8972950197778397,0.9960105918672857,true,0,NaN
9389,F,0.8972940117105735,0.9960365664373803,true,0,NaN
9390,F,0.8972945157442066,0.996027716256947,true,0,NaN
9391,F,0.8972947677610231,0.9960142830936564,true,0,NaN
9392,F,0.8972947669949222,0.9960137869800731,true,0,NaN
9393,F,0.8972949876628297,0.9960071963065661,true,0,NaN
9394,F,0.8972948620216922,0.9960165117064772,true,0,NaN
9395,F,0.8972949248422609,0.9960152056905412,true,0,NaN
9396,F,0.8972949562525453,0.996007482876663,true,0,NaN
9397,F,0.8972944730787975,0.9960381510404469,true,0,NaN
9398,F,0.8972956661066273,0.99600771571583,true,0,NaN
9399,F,0.8972947104581162,0.9960224690393051,true,0,NaN
9400,F,0.8972952934377025,0.9960075957537826,true,0,NaN
9401,F,0.8972948293048756,0.9960148220365944,true,0,NaN
9402,F,0.8972951148069997,0.9960075379386816,true,0,NaN
9403,F,0.8972948890461437,0.9960110319384096,true,0,NaN
9404,F,0.8972950271089365,0.9960075095123604,true,0,NaN
9405,F,0.8972949193307571,0.9960088479306682,true,0,NaN
9406,F,0.8972949724332246,0.9960074930545931,true,0,NaN
9407,F,0.8972949346402603,0.9960078286540196,true,0,NaN
9408,F,0.8972947574120176,0.9960172307655599,true,0,NaN
9409,F,0.8972949309684661,0.9960078353527422,true,0,NaN
9410,F,0.8972948506868429,0.9960147748974699,true,0,NaN
9411,F,0.8972948908276546,0.9960148759538956,true,0,NaN
9412,F,0.8972949108980603,0.9960135600010378,true,0,NaN
9413,F,0.8972949209332632,0.9960080436608252,true,0,NaN
9414,F,0.8972948899290057,0.9960079006444948,true,0,NaN
9415,F,0.8972945045000865,0.9962681068805038,true,0,NaN
9416,F,0.8973044221313581,0.997189845141633,true,0,NaN
9417,F,0.8972946918653958,0.9960191816971149,true,0,NaN
9418,F,0.897295121842708,0.9960231557470319,true,0,NaN
9419,F,0.8972947856179623,0.9960095686969838,true,0,NaN
9420,F,0.8972940787315037,0.9968809444646418,true,0,NaN
9421,F,0.897294777041188,0.9960090299534757,true,0,NaN
9422,F,0.8972945656532317,0.9964683433416315,true,0,NaN
9423,F,0.8972946713472099,0.9960046958530137,true,0,NaN
9424,F,0.8972934557203134,0.996472787489987,true,0,NaN
9425,F,0.8972940635337616,0.9964709567221538,true,0,NaN
9426,F,0.8972943674404857,0.9964708450585497,true,0,NaN
9427,F,0.8972945193938479,0.9961670572257559,true,0,NaN
9428,F,0.8972934557203134,0.996472787489987,true,0,NaN
9429,F,0.8973051071556505,0.9962242566714472,true,0,NaN
9430,F,0.8972940625119212,0.9964709452856139,true,0,NaN
9431,F,0.8973056301149602,0.9957590509644336,true,0,NaN
9432,F,0.8972943659077267,0.9964708379215517,true,0,NaN
9433,F,0.8973059117165734,0.9957597803641979,true,0,NaN
9434,F,0.8972945176056327,0.996165627771048,true,0,NaN
9435,F,0.8972985066681087,0.9959185650571837,true,0,NaN
9436,F,0.8972945934545924,0.9960051063509543,true,0,NaN
9437,F,0.8972943388381912,0.9960112582368482,true,0,NaN
9438,F,0.8972945150431807,0.9960061425672302,true,0,NaN
9439,F,0.8972944628354916,0.9960072534345049,true,0,NaN
9440,F,0.8972944818372763,0.9960065627953182,true,0,NaN
9441,F,0.8972944953469447,0.9960061716802133,true,0,NaN
9442,F,0.8972944046440539,0.996147235243026,true,0,NaN
9443,F,0.8972944499954992,0.9960094421476503,true,0,NaN
9444,F,0.897294472671222,0.9960065515999504,true,0,NaN
9445,F,0.8972944652883064,0.9960061551984146,true,0,NaN
9446,F,0.8972933558346405,0.9965195011971861,true,0,NaN
9447,F,0.8972939105614735,0.9965140778383127,true,0,NaN
9448,F,0.8972941879248899,0.9964355143047773,true,0,NaN
9449,F,0.8972943266065981,0.9960209151254663,true,0,NaN
9450,F,0.8972943546211674,0.9960122996262019,true,0,NaN
9451,F,0.8972945319875949,0.9960061582309789,true,0,NaN
9452,F,0.8972944097446963,0.9960072704847412,true,0,NaN
9453,F,0.8972943546394679,0.9960080405289135,true,0,NaN
9454,F,0.8972943333547694,0.9960081669490557,true,0,NaN
9455,F,0.8972942463876442,0.9960106332591919,true,0,NaN
9456,F,0.8972943433584982,0.9960080676031622,true,0,NaN
9457,F,0.8972942875839378,0.9960084946737404,true,0,NaN
9458,F,0.8972905017299129,0.9966430977630311,true,0,NaN
9459,F,0.8973151455966508,0.9960274498783792,true,0,NaN
9460,F,0.8972923946534139,0.9965643830090439,true,0,NaN
9461,F,0.8973139817275163,0.9960254091571791,true,0,NaN
9462,F,0.8972933411151653,0.9965214668696776,true,0,NaN
9463,F,0.8972938143460428,0.996405309672108,true,0,NaN
9464,F,0.8972940509614852,0.996021450093534,true,0,NaN
9465,F,0.8972945540684311,0.9960101013675389,true,0,NaN
9466,F,0.8972941692692136,0.9960127062925443,true,0,NaN
9467,F,0.8972943328226225,0.9960086430865267,true,0,NaN
9468,F,0.8972942284230923,0.9960101615241785,true,0,NaN
9469,F,0.8972942931535196,0.9960085439965595,true,0,NaN
9470,F,0.8972942727886026,0.9960086733477828,true,0,NaN
9471,F,0.8972939847481007,0.9960110802341114,true,0,NaN
9472,F,0.897292932606898,0.9960197103121547,true,0,NaN
9473,F,0.8972930912464647,0.9960149699829827,true,0,NaN
9474,F,0.8972931786255811,0.9960104743585243,true,0,NaN
9475,F,0.8972928115821739,0.996019670558331,true,0,NaN
9476,F,0.8972931337360875,0.9960103641764921,true,0,NaN
9477,F,0.8972917424997655,0.9969851429181769,true,0,NaN
9478,F,0.8972924381179266,0.9965109739769711,true,0,NaN
9479,F,0.897292785927007,0.9962134846858379,true,0,NaN
9480,F,0.8972929598315473,0.9960135351934913,true,0,NaN
9481,F,0.8972927360212065,0.9960175988783491,true,0,NaN
9482,F,0.897292994982549,0.996010190408331,true,0,NaN
9483,F,0.8972920518743889,0.9969743843386023,true,0,NaN
9484,F,0.897292523428469,0.9960481705058737,true,0,NaN
9485,F,0.897292759205509,0.9960121698859783,true,0,NaN
9486,F,0.8972926794680137,0.996011001949777,true,0,NaN
9487,F,0.8972906293270219,0.9965094139341834,true,0,NaN
9488,F,0.8973041439123944,0.9961857262631989,true,0,NaN
9489,F,0.8972916181896169,0.9964909719561217,true,0,NaN
9490,F,0.8973046327017794,0.9961969212843605,true,0,NaN
9491,F,0.8972921128654308,0.9964910357217209,true,0,NaN
9492,F,0.8973051290992339,0.9957235387698266,true,0,NaN
9493,F,0.8972923606944969,0.9960124171925661,true,0,NaN
9494,F,0.8972794091940467,0.9964429428831247,true,0,NaN
9495,F,0.8972899093445401,0.9962116143000721,true,0,NaN
9496,F,0.8972858830640519,0.9962257049146013,true,0,NaN
9497,F,0.897291084968313,0.9961110612190165,true,0,NaN
9498,F,0.89728912001443,0.9961173943374277,true,0,NaN
9499,F,0.897291680317272,0.9960609583493685,true,0,NaN
9500,F,0.8972907385203713,0.9960633186791444,true,0,NaN
9501,F,0.897291979964596,0.9960359480295037,true,0,NaN
9502,F,0.897291547834857,0.9960363874985901,true,0,NaN
9503,F,0.8972921324508096,0.9960234061033686,true,0,NaN
9504,F,0.8972919526152114,0.9960231363952128,true,0,NaN
9505,F,0.897292214048118,0.9960170940382141,true,0,NaN
9506,F,0.8972921552522695,0.9960167886468365,true,0,NaN
9507,F,0.8972914760885299,0.9964914821128786,true,0,NaN
9508,F,0.8972921528177388,0.9960167469204522,true,0,NaN
9509,F,0.8972918479714161,0.996066567308903,true,0,NaN
9510,F,0.8972920003945775,0.9960618883144254,true,0,NaN
9511,F,0.8972920766061581,0.9960164202868891,true,0,NaN
9512,F,0.8972920187054257,0.9960956059946541,true,0,NaN
9513,F,0.897292047655792,0.9960609047983309,true,0,NaN
9514,F,0.897292062130975,0.9960157180857838,true,0,NaN
9515,F,0.8972920949474783,0.996059089143714,true,0,NaN
9516,F,0.8972920785392267,0.9960594394684311,true,0,NaN
9517,F,0.8972920703351008,0.9960598384837467,true,0,NaN
9518,F,0.8972920662330379,0.996060084558107,true,0,NaN
9519,F,0.8972920871543738,0.9960591782835221,true,0,NaN
9520,F,0.8972938520095898,0.9960178760901216,true,0,NaN
9521,F,0.8972920746390923,0.996059611140201,true,0,NaN
9522,F,0.8972938170491458,0.9960173676638804,true,0,NaN
9523,F,0.8972920683814515,0.9960599540917692,true,0,NaN
9524,F,0.8972938044783663,0.9960173296554156,true,0,NaN
9525,F,0.8972920652526312,0.9960535836905594,true,0,NaN
9526,F,0.8972935443505066,0.9960198704669485,true,0,NaN
9527,F,0.897292063688221,0.9960155970614697,true,0,NaN
9528,F,0.8972921747796071,0.9960565184175308,true,0,NaN
9529,F,0.897292119233914,0.9960165879840872,true,0,NaN
9530,F,0.8972920914610675,0.9960148677725338,true,0,NaN
9531,F,0.8972921745458936,0.9960125797695282,true,0,NaN
9532,F,0.8972921866296741,0.9960122533672798,true,0,NaN
9533,F,0.897292213228338,0.9960118808169891,true,0,NaN
9534,F,0.8972921999290061,0.9960118090219057,true,0,NaN
9535,F,0.8972921954705578,0.9960118650529136,true,0,NaN
9536,F,0.8972921879027722,0.9960119476137137,true,0,NaN
9537,F,0.8972921571127452,0.9960125459133344,true,0,NaN
9538,F,0.8972919153572718,0.9960154050531856,true,0,NaN
9539,F,0.8972641929718402,0.9965814342184873,true,0,NaN
9540,F,0.8972835908174212,0.9964460958825796,true,0,NaN
9541,F,0.8972644359659018,0.9965736762308687,true,0,NaN
9542,F,0.8969622515463141,1.0214882706797577,false,0,NaN
9543,F,0.8978865303625039,1.0034049269140461,false,0,NaN
9544,F,0.897113343756108,1.0081339865060461,false,0,NaN
9545,F,0.8971888898610049,1.0037011262024367,false,0,NaN
9546,F,0.8972266629134533,1.000420480320139,false,0,NaN
9547,F,0.8972593731743047,0.9970417717157255,true,0,NaN
9548,F,0.8972770716146009,0.9965588038168948,true,0,NaN
9549,F,0.897261904452057,0.9970494759638541,true,0,NaN
9550,F,0.8972796060079427,0.9965661885699026,true,0,NaN
9551,F,0.8972631700909331,0.9965699125398716,true,0,NaN
9552,F,0.8966834965414174,1.043847651300558,false,0,NaN
9553,F,0.8985999470887432,0.9970221711699505,true,0,NaN
9554,F,0.8972379304621971,0.9985123788472619,true,0,NaN
9555,F,0.8972505502765651,0.9980343311129654,true,0,NaN
9556,F,0.8972568601837492,0.9970471839359142,true,0,NaN
9557,F,0.8972379320721374,0.9985123349338378,true,0,NaN
9558,F,0.8973099385964571,0.9975366593472468,true,0,NaN
9559,F,0.8972505519231507,0.9980344453887894,true,0,NaN
9560,F,0.8973046276739571,0.9970018325417057,true,0,NaN
9561,F,0.8972568618486578,0.9970471383503406,true,0,NaN
9562,F,0.8972745577729022,0.9965909734723069,true,0,NaN
9563,F,0.8972600168114125,0.9970500364821714,true,0,NaN
9564,F,0.8972777127899463,0.9965671327448123,true,0,NaN
9565,F,0.8972615942927921,0.9970516677393951,true,0,NaN
9566,F,0.897279296972608,0.9965684488038447,true,0,NaN
9567,F,0.8972623830334864,0.9970525289093328,true,0,NaN
9568,F,0.8972800907322394,0.9965691068240898,true,0,NaN
9569,F,0.8972627774038424,0.9965976779239502,true,0,NaN
9570,F,0.8972638094739838,0.9968607134511734,true,0,NaN
9571,F,0.8972630731816716,0.9965697761631667,true,0,NaN
9572,F,0.8972606825184851,0.9970529226758836,true,0,NaN
9573,F,0.8972618778490157,0.99705308416703,true,0,NaN
9574,F,0.8972624755144025,0.996805873477272,true,0,NaN
9575,F,0.8972627743473388,0.9965697831015503,true,0,NaN
9576,F,0.8972622102040582,0.9970527866361855,true,0,NaN
9577,F,0.8972624924123495,0.9965915228194433,true,0,NaN
9578,F,0.8972632901189614,0.996723493089601,true,0,NaN
9579,F,0.8972626335164956,0.9965701012737682,true,0,NaN
9580,F,0.8972823780778446,0.9960769935987684,true,0,NaN
9581,F,0.8972838441156533,0.9960308975621441,true,0,NaN
9582,F,0.8972844411385444,0.9960089451589398,true,0,NaN
9583,F,0.8972837896911557,0.9960084418917102,true,0,NaN
9584,F,0.8972835851459551,0.9964798502365435,true,0,NaN
9585,F,0.8972836874185554,0.9960177693817045,true,0,NaN
9586,F,0.8972837385548555,0.9960085674498209,true,0,NaN
9587,F,0.8972837466843913,0.9960108489722849,true,0,NaN
9588,F,0.8972837426196234,0.9960083166190378,true,0,NaN
9589,F,0.8972810315420637,0.996440067411935,true,0,NaN
9590,F,0.8972823870808436,0.9960046363154597,true,0,NaN
9591,F,0.897281117241198,0.9960289462080057,true,0,NaN
9592,F,0.8972810813173442,0.9958952967549322,true,0,NaN
9593,F,0.8972745348014053,0.9965747407318761,true,0,NaN
9594,F,0.8972778080593747,0.9965521236384498,true,0,NaN
9595,F,0.8972794446883594,0.9964130417384085,true,0,NaN
9596,F,0.8972802630028518,0.9959095515792195,true,0,NaN
9597,F,0.8972756873907755,0.9964346295870037,true,0,NaN
9598,F,0.8972779751968136,0.9964441702491615,true,0,NaN
9599,F,0.8972791190998327,0.9964212828976996,true,0,NaN
9600,F,0.8972796910513422,0.9964096384159487,true,0,NaN
9601,F,0.8972789710297221,0.9964243502255314,true,0,NaN
9602,F,0.8972977472646781,0.995944889606987,true,0,NaN
9603,F,0.8972796168714312,0.9964111257894398,true,0,NaN
9604,F,0.8972983851196751,0.9959318364277541,true,0,NaN
9605,F,0.8972799397922858,0.9959473793832931,true,0,NaN
9606,F,0.8972811429519099,0.9959622865665314,true,0,NaN
9607,F,0.8972801012527132,0.9959128443122036,true,0,NaN
9608,F,0.8972763609532662,0.9964920825947615,true,0,NaN
9609,F,0.8972799672191114,0.9959161280846651,true,0,NaN
9610,F,0.8972764126087324,0.9960051734648605,true,0,NaN
9611,F,0.8972763902716403,0.9960051094032563,true,0,NaN
9612,F,0.8972745005568888,0.99697763059983,true,0,NaN
9613,F,0.8972754444875833,0.9969702158568868,true,0,NaN
9614,F,0.8972759165329031,0.9960340589476699,true,0,NaN
9615,F,0.8972770437878187,0.9960014162848705,true,0,NaN
9616,F,0.8972761526765842,0.9960071354901987,true,0,NaN
9617,F,0.8972671815066328,0.9962827068903034,true,0,NaN
9618,F,0.897273868494418,0.9961381711708873,true,0,NaN
9619,F,0.8972716668535563,0.9961437620564925,true,0,NaN
9620,F,0.897274982220377,0.9960718778159189,true,0,NaN
9621,F,0.8972739095279265,0.9960743395339373,true,0,NaN
9622,F,0.8972755402949811,0.9960389773159296,true,0,NaN
9623,F,0.8972750308669284,0.9960396409763592,true,0,NaN
9624,F,0.8972758196423629,0.9960225359155681,true,0,NaN
9625,F,0.8972755915400629,0.9960222968740082,true,0,NaN
9626,F,0.8972759594452967,0.996014316756655,true,0,NaN
9627,F,0.8972758718838979,0.9960136694452848,true,0,NaN
9628,F,0.8972745552132829,0.9964857998020975,true,0,NaN
9629,F,0.8972758657602421,0.9960136259208553,true,0,NaN
9630,F,0.8972439486038829,0.9990780501839281,true,0,NaN
9631,F,0.8972599071820625,0.9978774294594844,true,0,NaN
9632,F,0.8972678864711523,0.9974773007268242,true,0,NaN
9633,F,0.8972718761156973,0.9969894891198694,true,0,NaN
9634,F,0.8972757899199457,0.9960136322597961,true,0,NaN
9635,F,0.8972322633181438,0.9996321120107298,true,0,NaN
9636,F,0.8972752645588487,0.99649523446228,true,0,NaN
9637,F,0.8972755272393972,0.9960153751201751,true,0,NaN
9638,F,0.8972747076559363,0.9960393033589456,true,0,NaN
9639,F,0.8972751174476667,0.9960264824817724,true,0,NaN
9640,F,0.8972753223435319,0.9960200876509161,true,0,NaN
9641,F,0.8972759073436493,0.9960045420009914,true,0,NaN
9642,F,0.8972753956200396,0.9972973485407592,true,0,NaN
9643,F,0.8972756514818444,0.9964988336589334,true,0,NaN
9644,F,0.8972757794127468,0.9960145636317175,true,0,NaN
9645,F,0.8972758433781981,0.9960049029047626,true,0,NaN
9646,F,0.8972758422376579,0.996004979918491,true,0,NaN
9647,F,0.8972758428079279,0.9960047936018822,true,0,NaN
9648,F,0.897275848969862,0.996004525427697,true,0,NaN
9649,F,0.8972758389198322,0.9960046568186008,true,0,NaN
9650,F,0.8972758206801608,0.9960056933901441,true,0,NaN
9651,F,0.8972758616554612,0.9960046630205809,true,0,NaN
9652,F,0.897275828863529,0.9960051297283483,true,0,NaN
9653,F,0.8972758475574981,0.996004659512073,true,0,NaN
9654,F,0.8972758330220911,0.9960048914974706,true,0,NaN
9655,F,0.8972758422988929,0.9960046579586824,true,0,NaN
9656,F,0.8972758352517761,0.9960047892468727,true,0,NaN
9657,F,0.8972758404866583,0.9960046573489527,true,0,NaN
9658,F,0.8972758367428153,0.9960047140126741,true,0,NaN
9659,F,0.8972758390037139,0.9960046569981922,true,0,NaN
9660,F,0.8972758376803809,0.9960046760143179,true,0,NaN
9661,F,0.8972757979563168,0.9960055308407549,true,0,NaN
9662,F,0.897275804852578,0.9960048457335585,true,0,NaN
9663,F,0.8972754952052014,0.9960110053131077,true,0,NaN
9664,F,0.8972757220505585,0.996003882781826,true,0,NaN
9665,F,0.8972753760350649,0.9960074498776231,true,0,NaN
9666,F,0.897275563761489,0.9960025618091058,true,0,NaN
9667,F,0.8972752580105466,0.9960054883949514,true,0,NaN
9668,F,0.8972693521751935,0.9961531352205809,true,0,NaN
9669,F,0.89727230509287,0.9960746661343746,true,0,NaN
9670,F,0.8972752303367268,0.99600031117511,true,0,NaN
9671,F,0.8972015618767676,1.0334590500156229,false,0,NaN
9672,F,0.8986520158539792,0.9999611863757938,true,0,NaN
9673,F,0.8972383756849319,1.0074098123956197,false,0,NaN
9674,F,0.8976801674685745,0.9971798400382574,true,0,NaN
9675,F,0.8972567825919426,0.9996394497695118,true,0,NaN
9676,F,0.8973976951906981,0.9969532670845266,true,0,NaN
9677,F,0.897265986051305,0.9975947021731505,true,0,NaN
9678,F,0.8973277231424419,0.9960009307595228,true,0,NaN
9679,F,0.8972705877927003,0.9971381915562687,true,0,NaN
9680,F,0.897314648118392,0.9959983865705475,true,0,NaN
9681,F,0.8972728886868266,0.9970241578271329,true,0,NaN
9682,F,0.897312533443963,0.9959976318144629,true,0,NaN
9683,F,0.8972740391807514,0.996565509325205,true,0,NaN
9684,F,0.8972959244329397,0.9964243134078316,true,0,NaN
9685,F,0.8972749023796114,0.9960346223240414,true,0,NaN
9686,F,0.8972762309578962,0.9961568485280682,true,0,NaN
9687,F,0.8972751577857969,0.9960004859603743,true,0,NaN
9688,F,0.8972745522135664,0.9964817458152804,true,0,NaN
9689,F,0.8972748522342225,0.996480127174069,true,0,NaN
9690,F,0.8972750022846838,0.9960145858100674,true,0,NaN
9691,F,0.8972755359287697,0.9960344366898707,true,0,NaN
9692,F,0.8972750773900791,0.9960008308447872,true,0,NaN
9693,F,0.8972750428101195,0.9960017301958528,true,0,NaN
9694,F,0.8972750601000993,0.9960011749807188,true,0,NaN
9695,F,0.8972750747791952,0.9960007206692582,true,0,NaN
9696,F,0.8972738253630205,0.9967116828614682,true,0,NaN
9697,F,0.8972744500626639,0.9964837837792286,true,0,NaN
9698,F,0.8972747624124877,0.9964792015900997,true,0,NaN
9699,F,0.8972749185874035,0.9960849649337529,true,0,NaN
9700,F,0.8972749966748693,0.9960042861707237,true,0,NaN
9701,F,0.897275135270201,0.9960010975165151,true,0,NaN
9702,F,0.897275035718618,0.9960013360962476,true,0,NaN
9703,F,0.8972750563315011,0.9960006795077223,true,0,NaN
9704,F,0.8972750538563047,0.9960004249382826,true,0,NaN
9705,F,0.8972750224078405,0.9960007612580992,true,0,NaN
9706,F,0.8972749795277419,0.9960010962378288,true,0,NaN
9707,F,0.897274925922022,0.996001461906691,true,0,NaN
9708,F,0.8972748380237845,0.9960019640361084,true,0,NaN
