idx,kind,gamma_focal_prime,Delta,feasible,inner_status,gravity_value
1,F,0.9609650007465946,0.0010029941762691214,true,0,-6.992571199895687e-18
2,G+,0.9709650007465946,0.03207193229632861,true,0,-6.992571199895687e-18
3,G-,0.9509650007465946,0.024374253441225062,true,0,-6.992571199895687e-18
4,G+,0.9609650007465946,0.0013265059957249415,true,0,-4.39440693035531e-18
5,G-,0.9609650007465946,0.0020000616932650526,true,0,-6.10202535201998e-18
6,G+,0.9609650007465946,0.0011525829706142215,true,0,-6.965998958219366e-18
7,G-,0.9609650007465946,0.001173459482672628,true,0,-5.4667506415792544e-18
8,G+,0.9609650007465946,0.0015227530518565834,true,0,-4.689174395999807e-18
9,G-,0.9609650007465946,0.002078733352478511,true,0,-6.323524467726979e-18
10,G+,0.9609650007465946,0.000979792429483933,true,0,-5.1088792213643125e-18
11,G-,0.9609650007465946,0.0010562166040006596,true,0,-5.188923834879844e-18
12,G+,0.9609650007465946,0.0011660556389156598,true,0,-6.7923572040322344e-18
13,G-,0.9609650007465946,0.0008946614335546499,true,0,-5.409999434113216e-18
14,G+,0.9609650007465946,0.0010702700489887693,true,0,-6.083390627180385e-18
15,G-,0.9609650007465946,0.0011101255110521472,true,0,-6.325642050095115e-18
16,G+,0.9609650007465946,0.001090238802953586,true,0,-7.960415638295915e-18
17,G-,0.9609650007465946,0.0009622411978362941,true,0,-6.635656108790189e-18
18,G+,0.9609650007465946,0.0010749335243080715,true,0,-7.041384890524999e-18
19,G-,0.9609650007465946,0.0009421915513053454,true,0,-6.7559347873002995e-18
20,G+,0.9609650007465946,0.001670980186316868,true,0,-4.6887508795261795e-18
21,G-,0.9609650007465946,0.0016182171402580284,true,0,-5.8932317305217946e-18
22,G+,0.9609650007465946,0.0011721264855404612,true,0,-7.962109704190423e-18
23,G-,0.9609650007465946,0.0010435636299544926,true,0,-7.218414776501147e-18
24,G+,0.9609650007465946,0.0018705946411003262,true,0,-5.193158999616115e-18
25,G-,0.9609650007465946,0.0016727510087268407,true,0,-5.570088661144279e-18
26,G+,0.9609650007465946,0.001025807417278245,true,0,-6.43194468497553e-18
27,G-,0.9609650007465946,0.0010024350729592611,true,0,-5.5683945952497704e-18
28,G+,0.9609650007465946,0.0009952467365300433,true,0,-4.0200183676689094e-18
29,G-,0.9609650007465946,0.0009951219649436773,true,0,-3.9590319954666e-18
30,G+,0.9609650007465946,0.0009629505049907558,true,0,-6.5755167695351335e-18
31,G-,0.9609650007465946,0.0010306100881371835,true,0,-7.116770822830631e-18
32,G+,0.9609650007465946,0.0010337473074853454,true,0,-7.22921444657864e-18
33,G-,0.9609650007465946,0.0009446879596790265,true,0,-5.275109437262969e-18
34,F,0.8533077873854227,NaN,false,-300,NaN
35,F,0.9071363940660087,1.2974857877248935,false,0,-5.263462734238222e-18
36,F,0.9340506974063016,0.2016848167527981,true,0,-7.311482521580714e-18
37,G+,0.9440506974063017,0.07282931748689628,true,0,-1.1106931279108827e-17
38,G-,0.9240506974063016,0.4274235794628957,true,0,-1.1106931279108827e-17
39,G+,0.9340506974063016,0.20321126871565823,true,0,-8.507598922222193e-18
40,G-,0.9340506974063016,0.20155938809011772,true,0,-6.422203806082105e-18
41,G+,0.9340506974063016,0.2015905042576807,true,0,-8.186573435212813e-18
42,G-,0.9340506974063016,0.20179537730406616,true,0,-9.120850776034306e-18
43,G+,0.9340506974063016,0.2030937628808795,true,0,-9.958142844395182e-18
44,G-,0.9340506974063016,0.20226033220033285,true,0,-9.171672752869564e-18
45,G+,0.9340506974063016,0.2022932665865559,true,0,-7.375115871743193e-18
46,G-,0.9340506974063016,0.20092620819134344,true,0,-7.897735200199096e-18
47,G+,0.9340506974063016,0.2010159475744865,true,0,-7.991755857344324e-18
48,G-,0.9340506974063016,0.20167454169124227,true,0,-8.944667923005412e-18
49,G+,0.9340506974063016,0.20506510446024065,true,0,-7.472524660677438e-18
50,G-,0.9340506974063016,0.1981852820682676,true,0,-7.989214758502561e-18
51,G+,0.9340506974063016,0.2010860919973159,true,0,-9.066640667410031e-18
52,G-,0.9340506974063016,0.20284552160120595,true,0,-1.0572665247628177e-17
53,G+,0.9340506974063016,0.20114921290782692,true,0,-6.580598967218659e-18
54,G-,0.9340506974063016,0.20216863042118738,true,0,-8.38308507897581e-18
55,G+,0.9340506974063016,0.20210622644109816,true,0,-1.0244016464093508e-17
56,G-,0.9340506974063016,0.20279476107524175,true,0,-8.880716935487712e-18
57,G+,0.9340506974063016,0.20161519569562456,true,0,-9.507944832929521e-18
58,G-,0.9340506974063016,0.20234670079733189,true,0,-1.0428669646594946e-17
59,G+,0.9340506974063016,0.20319320414779435,true,0,-6.5272358915416384e-18
60,G-,0.9340506974063016,0.20252021106228835,true,0,-7.970580033662966e-18
61,G+,0.9340506974063016,0.20229386181651748,true,0,-1.0255345529763035e-17
62,G-,0.9340506974063016,0.20114918009752747,true,0,-8.045118933021345e-18
63,G+,0.9340506974063016,0.20263409273221109,true,0,-6.143106449961813e-18
64,G-,0.9340506974063016,0.20081611581323616,true,0,-7.534358065827002e-18
65,G+,0.9340506974063016,0.20109027248074027,true,0,-6.583140066060422e-18
66,G-,0.9340506974063016,0.20191022908923456,true,0,-8.529621778850804e-18
67,G+,0.9340506974063016,0.20237439117000922,true,0,-1.0544924918605598e-17
68,G-,0.9340506974063016,0.20109902894248577,true,0,-6.877695773468105e-18
69,F,0.9254611940242147,0.37658047944088335,true,0,-4.0115480381963664e-18
70,G+,0.9354611940242147,0.17186645288926206,true,0,-4.0115480381963664e-18
71,G-,0.9154611940242147,0.7288402593453416,true,0,-4.0115480381963664e-18
72,G+,0.9254611940242147,0.37701516872763036,true,0,-6.62210358163412e-18
73,G-,0.9254611940242147,0.3775225543223003,true,0,-8.033260471759784e-18
74,G+,0.9254611940242147,0.37625235721643296,true,0,-3.8794108984246956e-18
75,G-,0.9254611940242147,0.3769825503586006,true,0,-3.3237572850258745e-18
76,G+,0.9254611940242147,0.3765060858992744,true,0,-7.768986192216443e-18
77,G-,0.9254611940242147,0.37839282194600665,true,0,-5.658180087658726e-18
78,G+,0.9254611940242147,0.37753109628414677,true,0,-6.278208205048874e-18
79,G-,0.9254611940242147,0.37515196400901124,true,0,-4.695950659577841e-18
80,G+,0.9254611940242147,0.3756987220433247,true,0,-3.967502324939143e-18
81,G-,0.9254611940242147,0.3777636574073989,true,0,-3.4423418976414766e-18
82,G+,0.9254611940242147,0.381619320735169,true,0,-4.587530442329291e-18
83,G-,0.9254611940242147,0.3720411583718955,true,0,-5.288873722655851e-18
84,G+,0.9254611940242147,0.3747712103005461,true,0,-5.6446275605026575e-18
85,G-,0.9254611940242147,0.37800112481657727,true,0,-4.695950659577841e-18
86,G+,0.9254611940242147,0.3759873446055644,true,0,-3.271241242296108e-18
87,G-,0.9254611940242147,0.3769476588646092,true,0,-6.254491282525754e-18
88,G+,0.9254611940242147,0.3773894822386638,true,0,-3.3271454168148917e-18
89,G-,0.9254611940242147,0.376662162968892,true,0,-4.868745380817718e-18
90,G+,0.9254611940242147,0.37697760677015435,true,0,-6.376464026930373e-18
91,G-,0.9254611940242147,0.37614685622575855,true,0,-4.989024059327829e-18
92,G+,0.9254611940242147,0.3791557145026827,true,0,-5.55653613398821e-18
93,G-,0.9254611940242147,0.37611573662737785,true,0,-3.0357660829594124e-18
94,G+,0.9254611940242147,0.3776652704377736,true,0,-3.266159044612582e-18
95,G-,0.9254611940242147,0.37507979230374777,true,0,-1.9956096237311316e-18
96,G+,0.9254611940242147,0.3776006269989205,true,0,-5.553148002199193e-18
97,G-,0.9254611940242147,0.37545562284915623,true,0,-4.701032857261367e-18
98,G+,0.9254611940242147,0.375831981915798,true,0,-3.2763234399796337e-18
99,G-,0.9254611940242147,0.3771923796566202,true,0,-6.247715018947719e-18
100,G+,0.9254611940242147,0.37776716279414213,true,0,-3.042542346537447e-18
101,G-,0.9254611940242147,0.3753336554705974,true,0,-5.861467994999758e-18
102,F,0.9034928155296551,1.5284398566056017,false,0,-8.917562868693274e-18
103,F,0.9178355719531988,0.60160827442204,true,0,-4.621411760219463e-18
104,G+,0.9278355719531988,0.3038734887394272,true,0,-4.621411760219463e-18
105,G-,0.9078355719531987,1.154144692513494,false,0,-4.621411760219463e-18
106,G+,0.9178355719531988,0.6033863964705323,true,0,-2.778268066994105e-18
107,G-,0.9178355719531988,0.6012598599643347,true,0,-3.4287893704854078e-18
108,G+,0.9178355719531988,0.6016726505533252,true,0,-6.057979638762756e-18
109,G-,0.9178355719531988,0.6016246216270815,true,0,-6.830473686658678e-18
110,G+,0.9178355719531988,0.6021748394671618,true,0,-4.865357249028701e-18
111,G-,0.9178355719531988,0.6019206565947419,true,0,-6.837249950236712e-18
112,G+,0.9178355719531988,0.6036359629300206,true,0,-7.657177843178875e-18
113,G-,0.9178355719531988,0.5983590889382635,true,0,-4.6010829694853594e-18
114,G+,0.9178355719531988,0.5998497626127827,true,0,-6.057979638762756e-18
115,G-,0.9178355719531988,0.6037168285326143,true,0,-6.9253413767511596e-18
116,G+,0.9178355719531988,0.6068719598019201,true,0,-6.044427111606687e-18
117,G-,0.9178355719531988,0.5953844102261515,true,0,-5.990217002982412e-18
118,G+,0.9178355719531988,0.5990442558580612,true,0,-7.745269269693322e-18
119,G-,0.9178355719531988,0.6040273902394659,true,0,-4.262269790583639e-18
120,G+,0.9178355719531988,0.5997454800791582,true,0,-5.9631119486702744e-18
121,G-,0.9178355719531988,0.6021111959974905,true,0,-4.851804721872632e-18
122,G+,0.9178355719531988,0.6017707924341289,true,0,-4.994106257011355e-18
123,G-,0.9178355719531988,0.6034256527340441,true,0,-6.830473686658678e-18
124,G+,0.9178355719531988,0.6015511073003046,true,0,-7.582638943820497e-18
125,G-,0.9178355719531988,0.6019815328238672,true,0,-4.4181238528784306e-18
126,G+,0.9178355719531988,0.6034636659998691,true,0,-6.7220534694101275e-18
127,G-,0.9178355719531988,0.6027876546358552,true,0,-6.1663998560113065e-18
128,G+,0.9178355719531988,0.6044316129528239,true,0,-4.255493527005605e-18
129,G-,0.9178355719531988,0.6003692797134205,true,0,-7.182839392716467e-18
130,G+,0.9178355719531988,0.6036129689797608,true,0,-6.938893903907228e-18
131,G-,0.9178355719531988,0.5999048485915156,true,0,-3.747273758653025e-18
132,G+,0.9178355719531988,0.6011580714173258,true,0,-9.981436250444675e-18
133,G-,0.9178355719531988,0.6029999052115003,true,0,-5.366800753803247e-18
134,G+,0.9178355719531988,0.6039032381154323,true,0,-4.241940999849536e-18
135,G-,0.9178355719531988,0.6001320167557251,true,0,-6.905012586017056e-18
136,F,0.9096313029920152,0.9525553059844892,true,0,-7.928228386300251e-18
137,G+,0.9196313029920152,0.49843073566667206,true,0,-7.928228386300251e-18
138,G-,0.8996313029920152,2.1213297048626183,false,0,-7.928228386300251e-18
139,G+,0.9096313029920152,0.9543834819457621,true,0,-6.329030181884132e-18
140,G-,0.9096313029920152,0.9531938495402033,true,0,-7.874018277675976e-18
141,G+,0.9096313029920152,0.9524330918802209,true,0,-5.868244258577793e-18
142,G-,0.9096313029920152,0.953073046068832,true,0,-8.17217387510949e-18
143,G+,0.9096313029920152,0.9530480056699087,true,0,-8.592302216947623e-18
144,G-,0.9096313029920152,0.9554801366790403,true,0,-8.185726402265558e-18
145,G+,0.9096313029920152,0.9575302340831229,true,0,-7.955333440612389e-18
146,G-,0.9096313029920152,0.9497685732568062,true,0,-7.386127300057499e-18
147,G+,0.9096313029920152,0.9490643025758614,true,0,-5.976664475826343e-18
148,G-,0.9096313029920152,0.9559887465977585,true,0,-8.253489038045903e-18
149,G+,0.9096313029920152,0.9618111964389353,true,0,-6.600080725005508e-18
150,G-,0.9096313029920152,0.9435351671546486,true,0,-8.809142651444724e-18
151,G+,0.9096313029920152,0.9485687082796337,true,0,-7.196391919872536e-18
152,G-,0.9096313029920152,0.9570564035009819,true,0,-6.5865281978494394e-18
153,G+,0.9096313029920152,0.9494252559748981,true,0,-1.0042422622646985e-17
154,G-,0.9096313029920152,0.9559513844495411,true,0,-7.399679827213568e-18
155,G+,0.9096313029920152,0.9539849711514521,true,0,-9.432558900623889e-18
156,G-,0.9096313029920152,0.952636643186603,true,0,-8.72782748850831e-18
157,G+,0.9096313029920152,0.9533855936400036,true,0,-7.087971702623985e-18
158,G-,0.9096313029920152,0.9518977022643671,true,0,-6.613633252161577e-18
159,G+,0.9096313029920152,0.9557332717335753,true,0,-8.009543549236664e-18
160,G-,0.9096313029920152,0.9520615462940402,true,0,-1.088267930632325e-17
161,G+,0.9096313029920152,0.9552748435013403,true,0,-9.446111427779957e-18
162,G-,0.9096313029920152,0.9506630429133974,true,0,-9.581636699340645e-18
163,G+,0.9096313029920152,0.9554513179965284,true,0,-8.334804200982315e-18
164,G-,0.9096313029920152,0.9498417978007639,true,0,-7.115076756936123e-18
165,G+,0.9096313029920152,0.9523429681649118,true,0,-6.179952383167375e-18
166,G-,0.9096313029920152,0.9541342877858473,true,0,-7.304812137121086e-18
167,G+,0.9096313029920152,0.9556564855465153,true,0,-4.4858864886587746e-18
168,G-,0.9096313029920152,0.9501391371308182,true,0,-9.825582188149884e-18
169,F,0.908677361785851,0.9827382707459362,true,0,-1.2874900798265365e-18
170,G+,0.918677361785851,0.5135372794145533,true,0,-1.2874900798265365e-18
171,G-,0.898677361785851,2.2551502917082247,false,0,-1.2874900798265365e-18
172,G+,0.908677361785851,0.9857577387260829,true,0,-3.848917712323541e-18
173,G-,0.908677361785851,0.9821179771045938,true,0,-6.613633252161577e-18
174,G+,0.908677361785851,0.9834174335506984,true,0,-5.000882520589389e-18
175,G-,0.908677361785851,0.9828925859818773,true,0,-3.2390539903004445e-18
176,G+,0.908677361785851,0.9846487831199049,true,0,-3.0357660829594124e-18
177,G-,0.908677361785851,0.9835917270638147,true,0,-3.2255014631443757e-18
178,G+,0.908677361785851,0.9859017552863495,true,0,-2.7511630126819675e-18
179,G-,0.908677361785851,0.980291052612578,true,0,-5.000882520589389e-18
180,G+,0.908677361785851,0.9788400236518288,true,0,-5.027987574901527e-18
181,G-,0.908677361785851,0.9872262343016939,true,0,-3.2390539903004445e-18
182,G+,0.908677361785851,0.9918717519866691,true,0,-3.3610267347050637e-18
183,G-,0.908677361785851,0.9745924661915533,true,0,-6.152847328855238e-18
184,G+,0.908677361785851,0.9795009248272961,true,0,-1.043544591017298e-18
185,G-,0.908677361785851,0.9865950866587082,true,0,-4.255493527005605e-18
186,G+,0.908677361785851,0.980611474508895,true,0,-5.000882520589389e-18
187,G-,0.908677361785851,0.9862407080700213,true,0,-2.1277467635028025e-18
188,G+,0.908677361785851,0.9831691580758385,true,0,-3.604972223514302e-18
189,G-,0.908677361785851,0.9845100369112951,true,0,-3.754050022231059e-18
190,G+,0.908677361785851,0.9837022989978667,true,0,-1.748276003132876e-18
191,G-,0.908677361785851,0.9825488444369321,true,0,-4.933119884809045e-18
192,G+,0.908677361785851,0.9848906467082741,true,0,-4.87890977618477e-18
193,G-,0.908677361785851,0.9832489162881235,true,0,-4.729831977468013e-18
194,G+,0.908677361785851,0.9853464209362969,true,0,-2.710505431213761e-18
195,G-,0.908677361785851,0.9807780172477409,true,0,-1.8566962203814263e-18
196,G+,0.908677361785851,0.9859098103515829,true,0,-2.425902360936316e-18
197,G-,0.908677361785851,0.9804179125902328,true,0,-5.421010862427522e-18
198,G+,0.908677361785851,0.9825812649097816,true,0,-4.323256162785949e-18
199,G-,0.908677361785851,0.9842872468173416,true,0,-1.4501204056993622e-18
200,G+,0.908677361785851,0.9859788577733005,true,0,-1.5856456772600502e-18
201,G-,0.908677361785851,0.9802168009710962,true,0,-2.710505431213761e-18
202,F,0.9056037963864164,1.0120892022853982,false,0,-7.914675859144182e-18
203,F,0.9058806206721166,0.9952010936145043,true,0,-6.993104012531504e-18
204,G+,0.9158806206721166,0.5439663885847392,true,0,-6.993104012531504e-18
205,G-,0.8958806206721166,2.3198185412473027,false,0,-6.993104012531504e-18
206,G+,0.9058806206721166,0.9820787880103703,true,0,-6.938893903907228e-18
207,G-,0.9058806206721166,1.010511797857364,false,0,-5.2583805365546965e-18
208,G+,0.9058806206721166,0.9914516640008677,true,0,-4.933119884809045e-18
209,G-,0.9058806206721166,0.9987757668290983,true,0,-6.1257422745431e-18
210,G+,0.9058806206721166,0.9827069539576124,true,0,-6.613633252161577e-18
211,G-,0.9058806206721166,1.008750833844068,false,0,-3.5236570605778894e-18
212,G+,0.9058806206721166,0.9965138047523854,true,0,-6.667843360785852e-18
213,G-,0.9058806206721166,0.9932763077474783,true,0,-5.692061405548898e-18
214,G+,0.9058806206721166,0.9915838391221174,true,0,-4.228388472693467e-18
215,G-,0.9058806206721166,0.9985311238996758,true,0,-6.396792817664476e-18
216,G+,0.9058806206721166,1.0014805130272202,false,0,-7.101524229780054e-18
217,G-,0.9058806206721166,0.9899271286095999,true,0,-4.4994390158148434e-18
218,G+,0.9058806206721166,0.991847671686742,true,0,-3.3068166260807885e-18
219,G-,0.9058806206721166,0.9989360781644966,true,0,-4.824699667560495e-18
220,G+,0.9058806206721166,0.9927847091748979,true,0,-5.421010862427522e-18
221,G-,0.9058806206721166,0.9976872376234938,true,0,-7.914675859144182e-18
222,G+,0.9058806206721166,1.0096370736547609,false,0,-6.1257422745431e-18
223,G-,0.9058806206721166,0.9840207650390578,true,0,-4.065758146820642e-18
224,G+,0.9058806206721166,1.0008575799218953,false,0,-3.74049749507499e-18
225,G-,0.9058806206721166,0.9896171765554831,true,0,-5.2583805365546965e-18
226,G+,0.9058806206721166,1.0124371142959125,false,0,-8.023096076392733e-18
227,G-,0.9058806206721166,0.981412442546375,true,0,-5.2583805365546965e-18
228,G+,0.9058806206721166,0.9983560185217959,true,0,-6.938893903907228e-18
229,G-,0.9058806206721166,0.991197977197632,true,0,-8.348356728138384e-18
230,G+,0.9058806206721166,0.997780709317034,true,0,-5.908901840045999e-18
231,G-,0.9058806206721166,0.9920124080751145,true,0,-4.87890977618477e-18
232,G+,0.9058806206721166,0.9943022467189192,true,0,-5.421010862427522e-18
233,G-,0.9058806206721166,0.9949664129076701,true,0,-8.348356728138384e-18
234,G+,0.9058806206721166,0.9978064616666672,true,0,-6.613633252161577e-18
235,G-,0.9058806206721166,0.9915115507109828,true,0,-7.968885967768458e-18
236,F,0.8806148783604157,NaN,false,-300,NaN
237,F,0.8932477495162662,1.3692331835774587,false,0,-6.938893903907228e-18
238,F,0.8995641850941913,0.9528193398033631,true,0,-7.047314121155779e-18
239,G+,0.9095641850941913,0.5909123303709501,true,0,-7.047314121155779e-18
240,G-,0.8895641850941913,2.1863930235280256,false,0,-7.047314121155779e-18
241,G+,0.8995641850941913,0.9527833887843016,true,0,-3.577867169202165e-18
242,G-,0.8995641850941913,0.9542900141111588,true,0,-7.806255641895632e-18
243,G+,0.8995641850941913,0.9556829242936178,true,0,-6.396792817664476e-18
244,G-,0.8995641850941913,0.9509417543715992,true,0,-8.890457814381136e-18
245,G+,0.8995641850941913,0.9555685764098725,true,0,-6.179952383167375e-18
246,G-,0.8995641850941913,0.9528227517706963,true,0,-5.9631119486702744e-18
247,G+,0.8995641850941913,0.9557236268793174,true,0,-6.288372600415926e-18
248,G-,0.8995641850941913,0.9483857024713329,true,0,-8.239936510889834e-18
249,G+,0.8995641850941913,0.9507512860230374,true,0,-6.830473686658678e-18
250,G-,0.8995641850941913,0.9537127270835312,true,0,-8.565197162635485e-18
251,G+,0.8995641850941913,0.9503249164406545,true,0,-6.938893903907228e-18
252,G-,0.8995641850941913,0.9538475048112887,true,0,-5.637851296924623e-18
253,G+,0.8995641850941913,0.9506417073387289,true,0,-9.324138683375338e-18
254,G-,0.8995641850941913,0.9545417913453449,true,0,-4.7704895589362195e-18
255,G+,0.8995641850941913,0.9506314378815803,true,0,-6.613633252161577e-18
256,G-,0.8995641850941913,0.954906177557514,true,0,-7.37257477290143e-18
257,G+,0.8995641850941913,0.952802123760282,true,0,-6.613633252161577e-18
258,G-,0.8995641850941913,0.9547580610953869,true,0,-6.071532165918825e-18
259,G+,0.8995641850941913,0.9534690748236363,true,0,-9.432558900623889e-18
260,G-,0.8995641850941913,0.9525530943841934,true,0,-5.095750210681871e-18
261,G+,0.8995641850941913,0.9522762893881027,true,0,-6.179952383167375e-18
262,G-,0.8995641850941913,0.9563515027131813,true,0,-8.023096076392733e-18
263,G+,0.8995641850941913,0.9550120262403032,true,0,-9.324138683375338e-18
264,G-,0.8995641850941913,0.9507908380167179,true,0,-8.565197162635485e-18
265,G+,0.8995641850941913,0.9557029739559137,true,0,-8.890457814381136e-18
266,G-,0.8995641850941913,0.9500852766365675,true,0,-9.215718466126788e-18
267,G+,0.8995641850941913,0.9536830007980084,true,0,-5.637851296924623e-18
268,G-,0.8995641850941913,0.9521020575104969,true,0,-6.7220534694101275e-18
269,G+,0.8995641850941913,0.9555734475351388,true,0,-8.565197162635485e-18
270,G-,0.8995641850941913,0.9502011686047585,true,0,-8.565197162635485e-18
271,F,0.8915624896639318,1.461004857823001,false,0,-5.149960319306146e-18
272,F,0.8978804419311035,0.9770993988211889,true,0,-3.577867169202165e-18
273,G+,0.9078804419311035,0.6817167285753487,true,0,-3.577867169202165e-18
274,G-,0.8878804419311035,1.7185103498886933,false,0,-3.577867169202165e-18
275,G+,0.8978804419311035,0.973009819842811,true,0,-3.0899761915836876e-18
276,G-,0.8978804419311035,0.9844996034567305,true,0,-4.391018798566293e-18
277,G+,0.8978804419311035,0.9725010454050238,true,0,-2.1141942363467336e-18
278,G-,0.8978804419311035,0.9818864465995691,true,0,-2.5478751053409354e-18
279,G+,0.8978804419311035,0.9713632437877265,true,0,-3.7947076036992655e-18
280,G-,0.8978804419311035,0.9858160951443178,true,0,-3.5236570605778894e-18
281,G+,0.8978804419311035,0.9750261025461254,true,0,-1.8973538018496328e-18
282,G-,0.8978804419311035,0.9790909492992539,true,0,-2.0599841277224584e-18
283,G+,0.8978804419311035,0.9821925744354778,true,0,-1.463672932855431e-18
284,G-,0.8978804419311035,0.9731711315306402,true,0,-2.439454888092385e-18
285,G+,0.8978804419311035,0.9864960742158464,true,0,-5.854691731421724e-18
286,G-,0.8978804419311035,0.9707786056432104,true,0,-4.445228907190568e-18
287,G+,0.8978804419311035,0.9786107672761688,true,0,-3.848917712323541e-18
288,G-,0.8978804419311035,0.9761942479182234,true,0,-4.445228907190568e-18
289,G+,0.8978804419311035,0.9790980598049249,true,0,-3.3068166260807885e-18
290,G-,0.8978804419311035,0.9762220175749506,true,0,-3.198396408832238e-18
291,G+,0.8978804419311035,0.9847759893431087,true,0,-4.0115480381963664e-18
292,G-,0.8978804419311035,0.9738410517433079,true,0,-3.577867169202165e-18
293,G+,0.8978804419311035,0.9774797877787786,true,0,-4.228388472693467e-18
294,G-,0.8978804419311035,0.9768970359295847,true,0,-4.7704895589362195e-18
295,G+,0.8978804419311035,0.9844734770650508,true,0,-3.144186300207963e-18
296,G-,0.8978804419311035,0.9714478330252806,true,0,-3.74049749507499e-18
297,G+,0.8978804419311035,0.97604033765054,true,0,-4.9873299934333204e-18
298,G-,0.8978804419311035,0.9808218638081229,true,0,-5.149960319306146e-18
299,G+,0.8978804419311035,0.9755420997199316,true,0,-5.149960319306146e-18
300,G-,0.8978804419311035,0.9785477840241024,true,0,-3.5236570605778894e-18
301,G+,0.8978804419311035,0.9759433572688792,true,0,-3.686287386450715e-18
302,G-,0.8978804419311035,0.9783631135125,true,0,-3.469446951953614e-18
303,G+,0.8978804419311035,0.9760414988233007,true,0,-5.7462715141731735e-18
304,G-,0.8978804419311035,0.9779934848738333,true,0,-6.667843360785852e-18
305,F,0.8938570106853552,1.102383779429772,false,0,-5.5294310796760726e-18
306,F,0.8954206698056929,1.0312410329078343,false,0,-5.5294310796760726e-18
307,F,0.8958687263082293,1.003935421880605,false,0,-6.1257422745431e-18
308,F,0.8968745841196665,0.9836004521224442,true,0,-6.396792817664476e-18
309,G+,0.9068745841196665,0.6868532655328342,true,0,-6.396792817664476e-18
310,G-,0.8868745841196665,1.7809780033967528,false,0,-6.396792817664476e-18
311,G+,0.8968745841196665,0.9807405777236077,true,0,-5.312590645178972e-18
312,G-,0.8968745841196665,0.9885051711751638,true,0,-4.065758146820642e-18
313,G+,0.8968745841196665,0.9800806506996282,true,0,-6.1257422745431e-18
314,G-,0.8968745841196665,0.9872494398020346,true,0,-6.559423143537302e-18
315,G+,0.8968745841196665,0.9776932531577528,true,0,-4.391018798566293e-18
316,G-,0.8968745841196665,0.9921007243584938,true,0,-5.2583805365546965e-18
317,G+,0.8968745841196665,0.981932815860212,true,0,-2.710505431213761e-18
318,G-,0.8968745841196665,0.9855117343272629,true,0,-4.445228907190568e-18
319,G+,0.8968745841196665,0.9862766284022622,true,0,-6.451002926288751e-18
320,G-,0.8968745841196665,0.9814586548183944,true,0,-6.776263578034403e-18
321,G+,0.8968745841196665,0.9855491096888293,true,0,-6.071532165918825e-18
322,G-,0.8968745841196665,0.9789945741438553,true,0,-3.903127820947816e-18
323,G+,0.8968745841196665,0.9869881528025982,true,0,-5.7462715141731735e-18
324,G-,0.8968745841196665,0.980574624782862,true,0,-3.903127820947816e-18
325,G+,0.8968745841196665,0.9832753914680383,true,0,-5.204170427930421e-18
326,G-,0.8968745841196665,0.9803386380681227,true,0,-3.63207727782644e-18
327,G+,0.8968745841196665,0.9919135555630317,true,0,-3.74049749507499e-18
328,G-,0.8968745841196665,0.9802947657513403,true,0,-5.312590645178972e-18
329,G+,0.8968745841196665,0.9844384314887841,true,0,-6.288372600415926e-18
330,G-,0.8968745841196665,0.9831022997645255,true,0,-3.469446951953614e-18
331,G+,0.8968745841196665,0.9914324890848306,true,0,-4.445228907190568e-18
332,G-,0.8968745841196665,0.9781729161776683,true,0,-4.716279450311944e-18
333,G+,0.8968745841196665,0.9828914766458552,true,0,-5.908901840045999e-18
334,G-,0.8968745841196665,0.9865857426695709,true,0,-5.692061405548898e-18
335,G+,0.8968745841196665,0.9823840011226307,true,0,-5.312590645178972e-18
336,G-,0.8968745841196665,0.9850382325459667,true,0,-3.957337929572091e-18
337,G+,0.8968745841196665,0.9826373547753045,true,0,-4.0115480381963664e-18
338,G-,0.8968745841196665,0.98471904957631,true,0,-3.3610267347050637e-18
339,G+,0.8968745841196665,0.9828484866219589,true,0,-4.445228907190568e-18
340,G-,0.8968745841196665,0.9845295628627253,true,0,-3.577867169202165e-18
341,F,0.8930871233379997,1.1219269452194451,false,0,-7.047314121155779e-18
342,F,0.8945216779186923,1.0812371364290532,false,0,-6.396792817664476e-18
343,F,0.8949808537288331,1.0082394448162768,false,0,-2.168404344971009e-18
344,F,0.8959277189242497,0.9798605960174153,true,0,-4.553649124439119e-18
345,G+,0.9059277189242497,0.6701940146077886,true,0,-4.553649124439119e-18
346,G-,0.8859277189242497,1.9659092177099304,false,0,-4.553649124439119e-18
347,G+,0.8959277189242497,0.9791784482522343,true,0,-4.228388472693467e-18
348,G-,0.8959277189242497,0.9828874517255691,true,0,-5.041540102057596e-18
349,G+,0.8959277189242497,0.9777271882202795,true,0,-5.637851296924623e-18
350,G-,0.8959277189242497,0.9819934202713493,true,0,-6.5052130349130266e-18
351,G+,0.8959277189242497,0.9771665974542685,true,0,-5.583641188300348e-18
352,G-,0.8959277189242497,0.9850062979866763,true,0,-4.065758146820642e-18
353,G+,0.8959277189242497,0.9787551118698877,true,0,-2.656295322589486e-18
354,G-,0.8959277189242497,0.9840165886963728,true,0,-4.716279450311944e-18
355,G+,0.8959277189242497,0.9821883473561285,true,0,-6.288372600415926e-18
356,G-,0.8959277189242497,0.9794463370911638,true,0,-7.15573433840433e-18
357,G+,0.8959277189242497,0.9819125481332073,true,0,-7.047314121155779e-18
358,G-,0.8959277189242497,0.9760065980414461,true,0,-4.9873299934333204e-18
359,G+,0.8959277189242497,0.9794368015046261,true,0,-5.204170427930421e-18
360,G-,0.8959277189242497,0.9792715632833233,true,0,-6.451002926288751e-18
361,G+,0.8959277189242497,0.9795660759427698,true,0,-5.583641188300348e-18
362,G-,0.8959277189242497,0.9774322119255735,true,0,-7.26415455565288e-18
363,G+,0.8959277189242497,0.9835229767713896,true,0,-5.4752209710517974e-18
364,G-,0.8959277189242497,0.9780317891594673,true,0,-5.041540102057596e-18
365,G+,0.8959277189242497,0.9804958867781222,true,0,-4.445228907190568e-18
366,G-,0.8959277189242497,0.9794940094914083,true,0,-5.312590645178972e-18
367,G+,0.8959277189242497,0.9860597430006253,true,0,-4.933119884809045e-18
368,G-,0.8959277189242497,0.9760807445384434,true,0,-7.697835424647081e-18
369,G+,0.8959277189242497,0.9793424259525305,true,0,-6.776263578034403e-18
370,G-,0.8959277189242497,0.9803198826946918,true,0,-5.095750210681871e-18
371,G+,0.8959277189242497,0.9789721063528212,true,0,-4.2825985813177425e-18
372,G-,0.8959277189242497,0.9838099470753595,true,0,-4.662069341687669e-18
373,G+,0.8959277189242497,0.9791517653813524,true,0,-5.2583805365546965e-18
374,G-,0.8959277189242497,0.9806055646711676,true,0,-6.884683795282953e-18
375,G+,0.8959277189242497,0.9824941350814786,true,0,-3.415236843329339e-18
376,G-,0.8959277189242497,0.980325731474612,true,0,-6.559423143537302e-18
377,F,0.8935892490835655,1.0747602714158018,false,0,-5.5294310796760726e-18
378,F,0.8947491793186063,1.0179185800984054,false,0,-3.3610267347050637e-18
379,F,0.8947584840039076,1.0016688205034807,false,0,-5.421010862427522e-18
380,F,0.8953431014640787,0.984407501878376,true,0,-4.9873299934333204e-18
381,G+,0.9053431014640787,0.6671720128654998,true,0,-4.9873299934333204e-18
382,G-,0.8853431014640787,2.1258185367192737,false,0,-4.9873299934333204e-18
383,G+,0.8953431014640787,0.9845211635587265,true,0,-6.179952383167375e-18
384,G-,0.8953431014640787,0.9864649274678553,true,0,-4.87890977618477e-18
385,G+,0.8953431014640787,0.9837487741876864,true,0,-3.469446951953614e-18
386,G-,0.8953431014640787,0.9853277227703591,true,0,-5.204170427930421e-18
387,G+,0.8953431014640787,0.9829019822271374,true,0,-4.553649124439119e-18
388,G-,0.8953431014640787,0.9877268638038569,true,0,-3.686287386450715e-18
389,G+,0.8953431014640787,0.9839443006899256,true,0,-4.662069341687669e-18
390,G-,0.8953431014640787,0.9848567437388157,true,0,-2.3852447794681098e-18
391,G+,0.8953431014640787,0.9851984253355812,true,0,-4.553649124439119e-18
392,G-,0.8953431014640787,0.9839875708108757,true,0,-5.637851296924623e-18
393,G+,0.8953431014640787,0.9859599705532557,true,0,-6.7220534694101275e-18
394,G-,0.8953431014640787,0.983578579005381,true,0,-5.312590645178972e-18
395,G+,0.8953431014640787,0.9852873503482911,true,0,-5.095750210681871e-18
396,G-,0.8953431014640787,0.9839030052901402,true,0,-2.927345865710862e-18
397,G+,0.8953431014640787,0.9844602930332937,true,0,-6.071532165918825e-18
398,G-,0.8953431014640787,0.9842645722405758,true,0,-6.5052130349130266e-18
399,G+,0.8953431014640787,0.9867997193666226,true,0,-4.553649124439119e-18
400,G-,0.8953431014640787,0.9837427378530365,true,0,-3.7947076036992655e-18
401,G+,0.8953431014640787,0.9850001739800629,true,0,-5.421010862427522e-18
402,G-,0.8953431014640787,0.9841539883413195,true,0,-3.7947076036992655e-18
403,G+,0.8953431014640787,0.9886811063612099,true,0,-6.288372600415926e-18
404,G-,0.8953431014640787,0.9825543471048149,true,0,-5.204170427930421e-18
405,G+,0.8953431014640787,0.9841783546447304,true,0,-5.854691731421724e-18
406,G-,0.8953431014640787,0.9846759895722393,true,0,-3.686287386450715e-18
407,G+,0.8953431014640787,0.9840631615245611,true,0,-4.336808689942018e-18
408,G-,0.8953431014640787,0.9847903812709615,true,0,-2.4936649967166602e-18
409,G+,0.8953431014640787,0.9840683768205744,true,0,-5.312590645178972e-18
410,G-,0.8953431014640787,0.984831745438273,true,0,-6.5052130349130266e-18
411,G+,0.8953431014640787,0.9843803936508951,true,0,-5.7462715141731735e-18
412,G-,0.8953431014640787,0.9844583572593523,true,0,-3.686287386450715e-18
413,F,0.8949851796203329,0.9916573158912638,true,0,-4.119968255444917e-18
414,G+,0.9049851796203329,0.6728111106956476,true,0,-4.119968255444917e-18
415,G-,0.8849851796203329,2.215801578148103,false,0,-4.119968255444917e-18
416,G+,0.8949851796203329,0.9937129737568596,true,0,-3.2526065174565133e-18
417,G-,0.8949851796203329,0.9919863867395229,true,0,-3.577867169202165e-18
418,G+,0.8949851796203329,0.9921719564470739,true,0,-4.119968255444917e-18
419,G-,0.8949851796203329,0.9916251755606454,true,0,-4.7704895589362195e-18
420,G+,0.8949851796203329,0.9929411716569385,true,0,-7.047314121155779e-18
421,G-,0.8949851796203329,0.9930491494020954,true,0,-4.87890977618477e-18
422,G+,0.8949851796203329,0.9915809079298523,true,0,-5.637851296924623e-18
423,G-,0.8949851796203329,0.9916927488479942,true,0,-4.7704895589362195e-18
424,G+,0.8949851796203329,0.9926724330728586,true,0,-4.553649124439119e-18
425,G-,0.8949851796203329,0.9920816642455244,true,0,-4.9873299934333204e-18
426,G+,0.8949851796203329,0.9935293413143093,true,0,-4.553649124439119e-18
427,G-,0.8949851796203329,0.9924995215229244,true,0,-4.7704895589362195e-18
428,G+,0.8949851796203329,0.9939794067190365,true,0,-4.228388472693467e-18
429,G-,0.8949851796203329,0.9920355775510944,true,0,-3.686287386450715e-18
430,G+,0.8949851796203329,0.9904335192028471,true,0,-4.9873299934333204e-18
431,G-,0.8949851796203329,0.9914999763727215,true,0,-4.445228907190568e-18
432,G+,0.8949851796203329,0.9923982320653667,true,0,-6.396792817664476e-18
433,G-,0.8949851796203329,0.9931399606334124,true,0,-4.445228907190568e-18
434,G+,0.8949851796203329,0.9917302166294516,true,0,-4.0115480381963664e-18
435,G-,0.8949851796203329,0.9919218606372139,true,0,-3.903127820947816e-18
436,G+,0.8949851796203329,0.9931197799541753,true,0,-7.047314121155779e-18
437,G-,0.8949851796203329,0.9924497318185627,true,0,-5.637851296924623e-18
438,G+,0.8949851796203329,0.9913511469241898,true,0,-4.87890977618477e-18
439,G-,0.8949851796203329,0.9917484061999884,true,0,-3.7947076036992655e-18
440,G+,0.8949851796203329,0.9915084581338549,true,0,-5.312590645178972e-18
441,G-,0.8949851796203329,0.9917891561154625,true,0,-3.144186300207963e-18
442,G+,0.8949851796203329,0.9915326079871163,true,0,-4.87890977618477e-18
443,G-,0.8949851796203329,0.991846731833061,true,0,-4.0115480381963664e-18
444,G+,0.8949851796203329,0.9918595822954355,true,0,-4.553649124439119e-18
445,G-,0.8949851796203329,0.9914290443712663,true,0,-3.2526065174565133e-18
446,F,0.8947482554321737,0.9989685944918465,true,0,1.0842021724855044e-19
447,G+,0.9047482554321737,0.6858475687750699,true,0,-3.3610267347050637e-18
448,G-,0.8847482554321737,2.260509305941965,false,0,-3.3610267347050637e-18
449,G+,0.8947482554321737,1.0020335492085721,false,0,-1.734723475976807e-18
450,G-,0.8947482554321737,0.998305606710244,true,0,-2.3852447794681098e-18
451,G+,0.8947482554321737,1.0007334814523605,false,0,-2.8189256484623115e-18
452,G-,0.8947482554321737,0.9982743683119482,true,0,-2.4936649967166602e-18
453,G+,0.8947482554321737,1.0032216614933203,false,0,-4.119968255444917e-18
454,G-,0.8947482554321737,0.9980147104631522,true,0,-5.7462715141731735e-18
455,G+,0.8947482554321737,0.9996566095748587,true,0,-2.8189256484623115e-18
456,G-,0.8947482554321737,0.9985998459479546,true,0,4.336808689942018e-19
457,G+,0.8947482554321737,0.998229992399542,true,0,-2.6020852139652106e-18
458,G-,0.8947482554321737,0.9991266008941297,true,0,-2.0599841277224584e-18
459,G+,0.8947482554321737,0.9969688497037821,true,0,-2.927345865710862e-18
460,G-,0.8947482554321737,0.9996386693192306,true,0,-2.2768245622195593e-18
461,G+,0.8947482554321737,0.9997382098156146,true,0,-5.421010862427522e-18
462,G-,0.8947482554321737,0.9994862702526338,true,0,-1.6263032587282567e-18
463,G+,0.8947482554321737,0.9979418380525715,true,0,-4.0115480381963664e-18
464,G-,0.8947482554321737,0.998901554117586,true,0,-1.6263032587282567e-18
465,G+,0.8947482554321737,0.9989282247464052,true,0,-4.228388472693467e-18
466,G-,0.8947482554321737,1.001685950613289,false,0,-5.204170427930421e-18
467,G+,0.8947482554321737,0.9989248539212698,true,0,-5.312590645178972e-18
468,G-,0.8947482554321737,1.000052478494811,false,0,-5.421010862427522e-19
469,G+,0.8947482554321737,0.9985493914135527,true,0,9.75781955236954e-19
470,G-,0.8947482554321737,1.0033651421845553,false,0,-1.0842021724855044e-18
471,G+,0.8947482554321737,0.9988104032464356,true,0,-3.3610267347050637e-18
472,G-,0.8947482554321737,0.9996286973883156,true,0,-4.553649124439119e-18
473,G+,0.8947482554321737,0.9992160053551953,true,0,-2.2768245622195593e-18
474,G-,0.8947482554321737,0.9993573995259984,true,0,-4.553649124439119e-18
475,G+,0.8947482554321737,0.9991715229079515,true,0,-3.469446951953614e-18
476,G-,0.8947482554321737,0.9994040365536405,true,0,-1.0842021724855044e-18
477,G+,0.8947482554321737,1.0000201857019957,false,0,-3.469446951953614e-18
478,G-,0.8947482554321737,0.9985947912156069,true,0,-4.119968255444917e-18
479,F,0.8946735614909943,0.9980024228412557,true,0,-4.119968255444917e-18
480,G+,0.9046735614909943,0.6814392973183075,true,0,-4.119968255444917e-18
481,G-,0.8846735614909943,2.2943323146124386,false,0,-4.119968255444917e-18
482,G+,0.8946735614909943,1.0023488394278297,false,0,-2.3852447794681098e-18
483,G-,0.8946735614909943,0.999310918806593,true,0,-2.710505431213761e-18
484,G+,0.8946735614909943,0.9987805842689198,true,0,-1.4094628242311558e-18
485,G-,0.8946735614909943,0.9978460395432693,true,0,-4.553649124439119e-18
486,G+,0.8946735614909943,1.000131700002746,false,0,-3.903127820947816e-18
487,G-,0.8946735614909943,0.9991543530586618,true,0,-1.8431436932253575e-18
488,G+,0.8946735614909943,0.9986836554444198,true,0,-4.228388472693467e-18
489,G-,0.8946735614909943,1.0009249099826814,false,0,-4.119968255444917e-18
490,G+,0.8946735614909943,0.9980995455653097,true,0,-2.0599841277224584e-18
491,G-,0.8946735614909943,0.9968536095545653,true,0,-4.553649124439119e-18
492,G+,0.8946735614909943,0.9995677519113646,true,0,-1.6263032587282567e-18
493,G-,0.8946735614909943,0.999662677870499,true,0,-4.228388472693467e-18
494,G+,0.8946735614909943,0.9985733766808899,true,0,-1.951563910473908e-18
495,G-,0.8946735614909943,0.9985451820660998,true,0,-8.673617379884035e-19
496,G+,0.8946735614909943,0.9989433306398392,true,0,-2.168404344971009e-18
497,G-,0.8946735614909943,0.99718098735046,true,0,-3.0357660829594124e-18
498,G+,0.8946735614909943,0.9990331591744711,true,0,-4.0115480381963664e-18
499,G-,0.8946735614909943,0.9988716987070799,true,0,-9.75781955236954e-19
500,G+,0.8946735614909943,0.9984615154169889,true,0,-1.951563910473908e-18
501,G-,0.8946735614909943,0.9980759821367635,true,0,-5.421010862427522e-19
502,G+,0.8946735614909943,1.002442574843919,false,0,-2.4936649967166602e-18
503,G-,0.8946735614909943,0.9998631518084609,true,0,-4.119968255444917e-18
504,G+,0.8946735614909943,0.9979239148238184,true,0,-9.75781955236954e-19
505,G-,0.8946735614909943,1.001107670650676,false,0,-3.3610267347050637e-18
506,G+,0.8946735614909943,0.9981953550937332,true,0,-4.336808689942018e-19
507,G-,0.8946735614909943,1.0008772684027092,false,0,-4.0115480381963664e-18
508,G+,0.8946735614909943,0.9980113569795434,true,0,-1.5178830414797062e-18
509,G-,0.8946735614909943,0.9980393351155115,true,0,-3.3610267347050637e-18
510,G+,0.8946735614909943,1.0013108042072472,false,0,-7.589415207398531e-19
511,G-,0.8946735614909943,0.9977400013726274,true,0,-3.7947076036992655e-18
512,F,0.894499978061411,1.008974897331105,false,0,-3.686287386450715e-18
513,F,0.8946113506673878,1.0045737919856121,false,0,-4.119968255444917e-18
514,F,0.8945867697762027,0.9995524437237338,true,0,-3.469446951953614e-18
515,F,0.8945020282757039,1.0034303159795108,false,0,-6.5052130349130266e-18
516,F,0.8945683968672995,1.00067325671257,false,0,-6.071532165918825e-18
517,G+,0.9045683968672995,0.6798550045198549,true,0,-6.071532165918825e-18
518,G-,0.8845683968672995,2.363507456938261,false,0,-6.071532165918825e-18
519,G+,0.8945683968672995,1.000516917043327,false,0,-4.553649124439119e-18
520,G-,0.8945683968672995,1.0025029926822324,false,0,-6.288372600415926e-18
521,G+,0.8945683968672995,1.000772500018192,false,0,-4.662069341687669e-18
522,G-,0.8945683968672995,1.001150704641057,false,0,-5.312590645178972e-18
523,G+,0.8945683968672995,1.0014835171643814,false,0,-6.396792817664476e-18
524,G-,0.8945683968672995,1.0033231425177067,false,0,-5.204170427930421e-18
525,G+,0.8945683968672995,1.0008270336318474,false,0,-3.577867169202165e-18
526,G-,0.8945683968672995,1.0002618149549465,false,0,-4.445228907190568e-18
527,G+,0.8945683968672995,1.0022485196986157,false,0,-4.662069341687669e-18
528,G-,0.8945683968672995,0.9998226230847813,true,0,-5.312590645178972e-18
529,G+,0.8945683968672995,1.0001073811152783,false,0,-5.9631119486702744e-18
530,G-,0.8945683968672995,1.0023508364133809,false,0,-5.5294310796760726e-18
531,G+,0.8945683968672995,1.0002463510934008,false,0,-5.7462715141731735e-18
532,G-,0.8945683968672995,1.0016459462846146,false,0,-8.023096076392733e-18
533,G+,0.8945683968672995,1.0016108091480311,false,0,-7.697835424647081e-18
534,G-,0.8945683968672995,0.9994558996621093,true,0,-6.5052130349130266e-18
535,G+,0.8945683968672995,1.0024683293262444,false,0,-5.9631119486702744e-18
536,G-,0.8945683968672995,1.0006307746107297,false,0,-4.336808689942018e-18
537,G+,0.8945683968672995,1.0015908541326266,false,0,-5.9631119486702744e-18
538,G-,0.8945683968672995,1.0003975139896135,false,0,-4.119968255444917e-18
539,G+,0.8945683968672995,1.0031724255194583,false,0,-7.589415207398531e-18
540,G-,0.8945683968672995,1.0013271656209517,false,0,-5.7462715141731735e-18
541,G+,0.8945683968672995,1.000602679244311,false,0,-8.239936510889834e-18
542,G-,0.8945683968672995,1.0007223995525978,false,0,-4.662069341687669e-18
543,G+,0.8945683968672995,1.0007683157847538,false,0,-6.071532165918825e-18
544,G-,0.8945683968672995,1.0005325689381448,false,0,-6.396792817664476e-18
545,G+,0.8945683968672995,1.0006081417363601,false,0,-7.806255641895632e-18
546,G-,0.8945683968672995,1.0007367325442669,false,0,-6.288372600415926e-18
547,G+,0.8945683968672995,1.0009223421117037,false,0,-4.119968255444917e-18
548,G-,0.8945683968672995,1.0003668323887502,false,0,-4.662069341687669e-18
549,F,0.8944440479323795,1.0110328268696596,false,0,-7.426784881525705e-18
550,F,0.8945993351757354,1.0087657756368886,false,0,-4.87890977618477e-18
551,F,0.8945062223998396,1.0039185883215727,false,0,-6.396792817664476e-18
552,F,0.8945373096335695,1.0021643728365037,false,0,-6.5052130349130266e-18
553,F,0.8945528532504345,1.0008723740510763,false,0,-4.662069341687669e-18
554,G+,0.9045528532504346,0.6786589172261066,true,0,-4.662069341687669e-18
555,G-,0.8845528532504345,2.3870589054276348,false,0,-4.662069341687669e-18
556,G+,0.8945528532504345,1.0018024517239899,false,0,-3.7947076036992655e-18
557,G-,0.8945528532504345,1.0026450230684414,false,0,-7.26415455565288e-18
558,G+,0.8945528532504345,1.0010909137172865,false,0,-3.0357660829594124e-18
559,G-,0.8945528532504345,1.0012364572976884,false,0,-7.15573433840433e-18
560,G+,0.8945528532504345,1.0021068866943366,false,0,-6.5052130349130266e-18
561,G-,0.8945528532504345,1.0029898156885093,false,0,-5.9631119486702744e-18
562,G+,0.8945528532504345,1.0015633779231705,false,0,-3.0357660829594124e-18
563,G-,0.8945528532504345,1.0009116234956434,false,0,-3.7947076036992655e-18
564,G+,0.8945528532504345,1.001701097494106,false,0,-2.6020852139652106e-18
565,G-,0.8945528532504345,1.0015900920175447,false,0,-6.7220534694101275e-18
566,G+,0.8945528532504345,1.002650357201407,false,0,-5.637851296924623e-18
567,G-,0.8945528532504345,1.001402079079719,false,0,-7.48099499014998e-18
568,G+,0.8945528532504345,1.0006339604820718,false,0,-3.3610267347050637e-18
569,G-,0.8945528532504345,1.002453021547912,false,0,-6.288372600415926e-18
570,G+,0.8945528532504345,1.0014337422617166,false,0,-5.312590645178972e-18
571,G-,0.8945528532504345,0.9996240127056603,true,0,-7.37257477290143e-18
572,G+,0.8945528532504345,1.0021720844069708,false,0,-7.37257477290143e-18
573,G-,0.8945528532504345,1.0012718009046682,false,0,-6.5052130349130266e-18
574,G+,0.8945528532504345,1.0017156053451592,false,0,-3.469446951953614e-18
575,G-,0.8945528532504345,1.0007074381313337,false,0,-5.5294310796760726e-18
576,G+,0.8945528532504345,1.0028572316225894,false,0,-7.697835424647081e-18
577,G-,0.8945528532504345,1.002032734107787,false,0,-3.144186300207963e-18
578,G+,0.8945528532504345,1.0008209237721895,false,0,-3.7947076036992655e-18
579,G-,0.8945528532504345,1.0009697033382954,false,0,-4.119968255444917e-18
580,G+,0.8945528532504345,1.000911057034418,false,0,-3.686287386450715e-18
581,G-,0.8945528532504345,1.0008791839067954,false,0,-3.7947076036992655e-18
582,G+,0.8945528532504345,1.0008641486878462,false,0,-5.421010862427522e-18
583,G-,0.8945528532504345,1.0009771870732356,false,0,-8.023096076392733e-18
584,G+,0.8945528532504345,1.0011790731258927,false,0,-4.662069341687669e-18
585,G-,0.8945528532504345,1.0006045080044956,false,0,-3.3610267347050637e-18
586,F,0.8945415859513334,1.0010320261488304,false,0,-4.336808689942018e-18
587,G+,0.9045415859513334,0.6798059002801063,true,0,-4.336808689942018e-18
588,G-,0.8845415859513334,2.377289360776289,false,0,-4.336808689942018e-18
589,G+,0.8945415859513334,1.0034773160043544,false,0,-5.421010862427522e-18
590,G-,0.8945415859513334,1.001025288221969,false,0,-4.553649124439119e-18
591,G+,0.8945415859513334,1.0016719285827052,false,0,-5.637851296924623e-18
592,G-,0.8945415859513334,1.0009180410686394,false,0,-7.697835424647081e-18
593,G+,0.8945415859513334,1.0034644684410732,false,0,-7.26415455565288e-18
594,G-,0.8945415859513334,1.0015609729983956,false,0,-4.7704895589362195e-18
595,G+,0.8945415859513334,1.0012784279328308,false,0,-4.7704895589362195e-18
596,G-,0.8945415859513334,1.0010290678766296,false,0,-4.228388472693467e-18
597,G+,0.8945415859513334,1.0014263032303634,false,0,-5.637851296924623e-18
598,G-,0.8945415859513334,1.0014292095761093,false,0,-8.023096076392733e-18
599,G+,0.8945415859513334,1.0000896328345907,false,0,-4.87890977618477e-18
600,G-,0.8945415859513334,1.0006409978389403,false,0,-7.589415207398531e-18
601,G+,0.8945415859513334,1.000617630805015,false,0,-5.854691731421724e-18
602,G-,0.8945415859513334,1.0010425075510119,false,0,-5.204170427930421e-18
603,G+,0.8945415859513334,1.0011867747230374,false,0,-4.445228907190568e-18
604,G-,0.8945415859513334,0.9991159159598941,true,0,-4.87890977618477e-18
605,G+,0.8945415859513334,1.0013397228040501,false,0,-6.613633252161577e-18
606,G-,0.8945415859513334,1.0026654084894189,false,0,-4.7704895589362195e-18
607,G+,0.8945415859513334,1.0011771036363581,false,0,-5.9631119486702744e-18
608,G-,0.8945415859513334,1.001363580400746,false,0,-5.7462715141731735e-18
609,G+,0.8945415859513334,1.0016660912627926,false,0,-4.7704895589362195e-18
610,G-,0.8945415859513334,1.003499283956539,false,0,-4.553649124439119e-18
611,G+,0.8945415859513334,1.0007613865149383,false,0,-6.7220534694101275e-18
612,G-,0.8945415859513334,1.0013389405200581,false,0,-4.553649124439119e-18
613,G+,0.8945415859513334,1.0009662981801588,false,0,-5.421010862427522e-18
614,G-,0.8945415859513334,1.001125127898264,false,0,-5.5294310796760726e-18
615,G+,0.8945415859513334,1.001000752623908,false,0,-4.9873299934333204e-18
616,G-,0.8945415859513334,1.0011083803264005,false,0,-6.071532165918825e-18
617,G+,0.8945415859513334,1.0012530312139596,false,0,-6.7220534694101275e-18
618,G-,0.8945415859513334,1.0008380481466232,false,0,-4.0115480381963664e-18
619,F,0.8945369167893894,0.9994611233416361,true,0,-5.637851296924623e-18
620,G+,0.9045369167893894,0.6784858675867341,true,0,-5.637851296924623e-18
621,G-,0.8845369167893894,2.3793958508386295,false,0,-5.637851296924623e-18
622,G+,0.8945369167893894,1.0012199576887513,false,0,-4.87890977618477e-18
623,G-,0.8945369167893894,1.0000712295952694,false,0,-7.37257477290143e-18
624,G+,0.8945369167893894,0.9997205005992178,true,0,-2.927345865710862e-18
625,G-,0.8945369167893894,0.999621860477907,true,0,-5.421010862427522e-18
626,G+,0.8945369167893894,1.0009177031588905,false,0,-3.903127820947816e-18
627,G-,0.8945369167893894,1.000664788742897,false,0,-5.095750210681871e-18
628,G+,0.8945369167893894,0.9996545526615838,true,0,-6.938893903907228e-18
629,G-,0.8945369167893894,0.9994689160148149,true,0,-5.204170427930421e-18
630,G+,0.8945369167893894,1.000167520712085,false,0,-3.0357660829594124e-18
631,G-,0.8945369167893894,1.000305472399538,false,0,-5.095750210681871e-18
632,G+,0.8945369167893894,1.0002925550240553,false,0,-3.577867169202165e-18
633,G-,0.8945369167893894,1.0014610703828177,false,0,-5.095750210681871e-18
634,G+,0.8945369167893894,0.999629926089176,true,0,-1.3010426069826053e-18
635,G-,0.8945369167893894,0.999546666356809,true,0,-4.9873299934333204e-18
636,G+,0.8945369167893894,1.0008083782391295,false,0,-3.144186300207963e-18
637,G-,0.8945369167893894,0.9989886435971922,true,0,-2.710505431213761e-18
638,G+,0.8945369167893894,1.000776901459213,false,0,-4.119968255444917e-18
639,G-,0.8945369167893894,1.0004178133522945,false,0,-4.87890977618477e-18
640,G+,0.8945369167893894,0.9997701147537996,true,0,-8.673617379884035e-19
641,G-,0.8945369167893894,0.9993737623991167,true,0,-4.9873299934333204e-18
642,G+,0.8945369167893894,1.0009759626793184,false,0,-4.7704895589362195e-18
643,G-,0.8945369167893894,1.000427767453774,false,0,-5.637851296924623e-18
644,G+,0.8945369167893894,0.999326129028849,true,0,-3.7947076036992655e-18
645,G-,0.8945369167893894,0.999603618107671,true,0,-4.0115480381963664e-18
646,G+,0.8945369167893894,0.9994186728923965,true,0,-4.0115480381963664e-18
647,G-,0.8945369167893894,0.9994839499553028,true,0,-3.144186300207963e-18
648,G+,0.8945369167893894,0.9994487278169437,true,0,-3.144186300207963e-18
649,G-,0.8945369167893894,0.9994771983728712,true,0,-2.710505431213761e-18
650,G+,0.8945369167893894,0.9997076229432172,true,0,-3.577867169202165e-18
651,G-,0.8945369167893894,0.999214868864254,true,0,-3.3610267347050637e-18
652,F,0.8944974650005745,1.0021615486017144,false,0,-4.7704895589362195e-18
653,F,0.8945251631186142,1.000660047137478,false,0,-8.673617379884035e-18
654,F,0.8945171908949819,0.9997610789712461,true,0,-3.2526065174565133e-18
655,G+,0.904517190894982,0.6788913734740589,true,0,-3.2526065174565133e-18
656,G-,0.8845171908949819,2.3888418960186932,false,0,-3.2526065174565133e-18
657,G+,0.8945171908949819,1.0016888790866965,false,0,-4.0115480381963664e-18
658,G-,0.8945171908949819,1.000011144547424,false,0,-2.0599841277224584e-18
659,G+,0.8945171908949819,1.0001081721213096,false,0,-5.204170427930421e-18
660,G-,0.8945171908949819,0.9998042417253681,true,0,-5.854691731421724e-18
661,G+,0.8945171908949819,1.001340461502,false,0,-5.204170427930421e-18
662,G-,0.8945171908949819,1.0011457993830088,false,0,-1.8431436932253575e-18
663,G+,0.8945171908949819,0.9999858803084969,true,0,-7.047314121155779e-18
664,G-,0.8945171908949819,0.9997888020418957,true,0,-5.5294310796760726e-18
665,G+,0.8945171908949819,1.0004970893868583,false,0,-4.87890977618477e-18
666,G-,0.8945171908949819,1.0006197871070293,false,0,-5.637851296924623e-18
667,G+,0.8945171908949819,1.0026706718145704,false,0,-2.6020852139652106e-18
668,G-,0.8945171908949819,1.0016419611995604,false,0,-6.071532165918825e-18
669,G+,0.8945171908949819,1.0018431974053688,false,0,-2.3852447794681098e-18
670,G-,0.8945171908949819,1.000236891876391,false,0,-2.8189256484623115e-18
671,G+,0.8945171908949819,0.9991587045238493,true,0,-3.0357660829594124e-18
672,G-,0.8945171908949819,1.0007991075211335,false,0,-4.553649124439119e-18
673,G+,0.8945171908949819,1.0008936011088712,false,0,-5.7462715141731735e-18
674,G-,0.8945171908949819,1.0012530082090763,false,0,-2.6020852139652106e-18
675,G+,0.8945171908949819,0.9999966945406483,true,0,-2.927345865710862e-18
676,G-,0.8945171908949819,0.9998518261856354,true,0,-3.0357660829594124e-18
677,G+,0.8945171908949819,1.0011355603409817,false,0,-3.903127820947816e-18
678,G-,0.8945171908949819,1.0006880560615126,false,0,-2.710505431213761e-18
679,G+,0.8945171908949819,0.999570361492871,true,0,-2.710505431213761e-18
680,G-,0.8945171908949819,0.9999977674508198,true,0,-5.854691731421724e-18
681,G+,0.8945171908949819,0.9997256321230322,true,0,-7.697835424647081e-18
682,G-,0.8945171908949819,0.9998286079172579,true,0,-6.7220534694101275e-18
683,G+,0.8945171908949819,0.9997456748812518,true,0,-4.119968255444917e-18
684,G-,0.8945171908949819,0.999792818467313,true,0,-5.204170427930421e-18
685,G+,0.8945171908949819,0.9999835551242207,true,0,-3.0357660829594124e-18
686,G-,0.8945171908949819,0.9995593614688802,true,0,-2.710505431213761e-18
687,F,0.8945020524877304,0.9994944966386048,true,0,-6.071532165918825e-18
688,G+,0.9045020524877304,0.6784701742248177,true,0,-6.071532165918825e-18
689,G-,0.8845020524877304,2.396081886171495,false,0,-6.071532165918825e-18
690,G+,0.8945020524877304,1.0011602744073185,false,0,-2.710505431213761e-18
691,G-,0.8945020524877304,1.0000925855092277,false,0,-2.927345865710862e-18
692,G+,0.8945020524877304,0.9997464748951734,true,0,-3.903127820947816e-18
693,G-,0.8945020524877304,0.9996697524668196,true,0,-2.4936649967166602e-18
694,G+,0.8945020524877304,1.0009087600044753,false,0,-5.312590645178972e-18
695,G-,0.8945020524877304,1.000642331740592,false,0,-3.7947076036992655e-18
696,G+,0.8945020524877304,0.9994657633024133,true,0,-4.119968255444917e-18
697,G-,0.8945020524877304,0.9995032053017058,true,0,-2.8189256484623115e-18
698,G+,0.8945020524877304,0.9998614416774473,true,0,-3.3610267347050637e-18
699,G-,0.8945020524877304,0.9999012930021488,true,0,-2.2768245622195593e-18
700,G+,0.8945020524877304,1.0023787489593188,false,0,-7.806255641895632e-18
701,G-,0.8945020524877304,1.0005007362202734,false,0,-3.3610267347050637e-18
702,G+,0.8945020524877304,1.0001236622449463,false,0,-3.7947076036992655e-18
703,G-,0.8945020524877304,0.9999370830706557,true,0,-5.854691731421724e-18
704,G+,0.8945020524877304,0.9999303462461376,true,0,-5.421010862427522e-18
705,G-,0.8945020524877304,1.0008164363248362,false,0,-2.710505431213761e-18
706,G+,0.8945020524877304,1.0007738806331117,false,0,-5.312590645178972e-18
707,G-,0.8945020524877304,1.0006961589709042,false,0,-4.553649124439119e-18
708,G+,0.8945020524877304,0.9997625675986925,true,0,-4.336808689942018e-18
709,G-,0.8945020524877304,0.9995268359047165,true,0,-6.396792817664476e-18
710,G+,0.8945020524877304,1.0009689663949453,false,0,-4.0115480381963664e-18
711,G-,0.8945020524877304,1.0004657977430105,false,0,-5.637851296924623e-18
712,G+,0.8945020524877304,0.9993348627832702,true,0,-3.469446951953614e-18
713,G-,0.8945020524877304,0.9997022112172247,true,0,-4.7704895589362195e-18
714,G+,0.8945020524877304,0.999445415032151,true,0,-3.686287386450715e-18
715,G-,0.8945020524877304,0.9995539547859373,true,0,-3.686287386450715e-18
716,G+,0.8945020524877304,0.9994848344292199,true,0,-2.3852447794681098e-18
717,G-,0.8945020524877304,0.9995192727433719,true,0,-3.7947076036992655e-18
718,G+,0.8945020524877304,0.9997241040904333,true,0,-4.336808689942018e-18
719,G-,0.8945020524877304,0.9992847264686087,true,0,-5.5294310796760726e-18
720,F,0.894471039784175,1.0005117196677011,false,0,-5.637851296924623e-18
721,G+,0.904471039784175,0.6814932543003656,true,0,-5.637851296924623e-18
722,G-,0.884471039784175,2.39235843457383,false,0,-5.637851296924623e-18
723,G+,0.894471039784175,1.001720381670737,false,0,-3.577867169202165e-18
724,G-,0.894471039784175,1.0016734031252588,false,0,-3.2526065174565133e-18
725,G+,0.894471039784175,1.0008567085330142,false,0,-6.7220534694101275e-18
726,G-,0.894471039784175,1.0007934573311714,false,0,-2.2768245622195593e-18
727,G+,0.894471039784175,1.0019006817800566,false,0,-6.505213034913027e-19
728,G-,0.894471039784175,1.001964789054939,false,0,-3.7947076036992655e-18
729,G+,0.894471039784175,1.0004888495385245,false,0,-4.119968255444917e-18
730,G-,0.894471039784175,1.0005806830596968,false,0,-2.710505431213761e-18
731,G+,0.894471039784175,1.0011841321390085,false,0,-6.288372600415926e-18
732,G-,0.894471039784175,1.0011933240197979,false,0,-1.8431436932253575e-18
733,G+,0.894471039784175,1.0018405486525377,false,0,-2.927345865710862e-18
734,G-,0.894471039784175,1.003221267112766,false,0,-3.2526065174565133e-18
735,G+,0.894471039784175,1.0026297287080836,false,0,-5.312590645178972e-18
736,G-,0.894471039784175,1.000974959349282,false,0,-6.613633252161577e-18
737,G+,0.894471039784175,1.001094698054175,false,0,-2.6020852139652106e-18
738,G-,0.894471039784175,1.000101190815206,false,0,-2.6020852139652106e-18
739,G+,0.894471039784175,1.002080310968931,false,0,-1.1926223897340549e-18
740,G-,0.894471039784175,1.001385665608226,false,0,-2.927345865710862e-18
741,G+,0.894471039784175,1.0008927590994094,false,0,-4.662069341687669e-18
742,G-,0.894471039784175,1.000515348621112,false,0,-6.288372600415926e-18
743,G+,0.894471039784175,1.0019044776684918,false,0,-6.396792817664476e-18
744,G-,0.894471039784175,1.001591727176141,false,0,-2.2768245622195593e-18
745,G+,0.894471039784175,1.0003286520424997,false,0,-2.710505431213761e-18
746,G-,0.894471039784175,1.000690095940803,false,0,-3.577867169202165e-18
747,G+,0.894471039784175,1.0004487801305268,false,0,-4.445228907190568e-18
748,G-,0.894471039784175,1.000566894194488,false,0,-3.469446951953614e-18
749,G+,0.894471039784175,1.0004874175513894,false,0,-3.469446951953614e-18
750,G-,0.894471039784175,1.00047397810192,false,0,-2.168404344971009e-18
751,G+,0.894471039784175,1.0007454495868753,false,0,-4.7704895589362195e-18
752,G-,0.894471039784175,1.0002587253886233,false,0,-3.3610267347050637e-18
753,F,0.8944567436570624,1.0014708911189676,false,0,-4.662069341687669e-18
754,G+,0.9044567436570624,0.683693686070075,true,0,-4.662069341687669e-18
755,G-,0.8844567436570624,2.3991628766445583,false,0,-4.662069341687669e-18
756,G+,0.8944567436570624,1.0026216294520582,false,0,-2.2768245622195593e-18
757,G-,0.8944567436570624,1.0026166344393126,false,0,-9.75781955236954e-19
758,G+,0.8944567436570624,1.0019891071039568,false,0,-2.4936649967166602e-18
759,G-,0.8944567436570624,1.001390590278966,false,0,-4.7704895589362195e-18
760,G+,0.8944567436570624,1.0028061246328088,false,0,-3.686287386450715e-18
761,G-,0.8944567436570624,1.0026839431896815,false,0,-2.0599841277224584e-18
762,G+,0.8944567436570624,1.0011997846762049,false,0,-1.5178830414797062e-18
763,G-,0.8944567436570624,1.001622346836112,false,0,-4.662069341687669e-18
764,G+,0.8944567436570624,1.0009914608990356,false,0,-2.2768245622195593e-18
765,G-,0.8944567436570624,1.0012874554538742,false,0,-4.553649124439119e-18
766,G+,0.8944567436570624,1.0007159667770105,false,0,-1.4094628242311558e-18
767,G-,0.8944567436570624,1.0015836956977737,false,0,-2.168404344971009e-18
768,G+,0.8944567436570624,1.0015976554633343,false,0,-2.2768245622195593e-18
769,G-,0.8944567436570624,1.0020578538818175,false,0,-4.9873299934333204e-18
770,G+,0.8944567436570624,1.0020268485644817,false,0,-3.469446951953614e-18
771,G-,0.8944567436570624,1.0001842472308222,false,0,-2.3852447794681098e-18
772,G+,0.8944567436570624,1.0033115557730796,false,0,-4.662069341687669e-18
773,G-,0.8944567436570624,1.0025304217975097,false,0,-2.3852447794681098e-18
774,G+,0.8944567436570624,1.0018804816592068,false,0,-2.6020852139652106e-18
775,G-,0.8944567436570624,1.0015742680481121,false,0,-5.637851296924623e-18
776,G+,0.8944567436570624,1.0029191868085603,false,0,-4.445228907190568e-18
777,G-,0.8944567436570624,1.0025060044757197,false,0,-1.5178830414797062e-18
778,G+,0.8944567436570624,1.001353930539855,false,0,-4.228388472693467e-18
779,G-,0.8944567436570624,1.0016926825647574,false,0,-2.168404344971009e-18
780,G+,0.8944567436570624,1.0011742411308968,false,0,-1.1926223897340549e-18
781,G-,0.8944567436570624,1.0016356626210898,false,0,-2.4936649967166602e-18
782,G+,0.8944567436570624,1.0014387497805508,false,0,-3.469446951953614e-18
783,G-,0.8944567436570624,1.0014982784862465,false,0,-2.2768245622195593e-18
784,G+,0.8944567436570624,1.001693051977906,false,0,-3.469446951953614e-18
785,G-,0.8944567436570624,1.0010949753976837,false,0,-2.3852447794681098e-18
786,F,0.8944512945104363,1.000421005963768,false,0,-6.667843360785852e-18
787,F,0.8941747159158292,1.0342598962160703,false,0,-4.580754178751256e-18
788,G+,0.9041747159158292,0.7333909409592722,true,0,-4.580754178751256e-18
789,G-,0.8841747159158292,2.305209718121814,false,0,-4.580754178751256e-18
790,G+,0.8941747159158292,1.0372632033284197,false,0,-4.526544070126981e-18
791,G-,0.8941747159158292,1.031127533920037,false,0,-4.2825985813177425e-18
792,G+,0.8941747159158292,1.0345666853928681,false,0,-2.9544509200229996e-18
793,G-,0.8941747159158292,1.0346202885520634,false,0,-2.656295322589486e-18
794,G+,0.8941747159158292,1.0359691832263196,false,0,-2.4665599424045226e-18
795,G-,0.8941747159158292,1.0330409213690293,false,0,-3.74049749507499e-18
796,G+,0.8941747159158292,1.030956758196273,false,0,-4.824699667560495e-18
797,G-,0.8941747159158292,1.0355587030237507,false,0,-3.2526065174565133e-18
798,G+,0.8941747159158292,1.0338873201043115,false,0,-4.174178364069192e-18
799,G-,0.8941747159158292,1.0348772150687011,false,0,-3.6591823321385775e-18
800,G+,0.8941747159158292,1.0354018939885543,false,0,-4.445228907190568e-18
801,G-,0.8941747159158292,1.0314239067130653,false,0,-1.7618285302889447e-18
802,G+,0.8941747159158292,1.031132745858687,false,0,-2.7376104855258987e-18
803,G-,0.8941747159158292,1.0364908900369345,false,0,-1.4094628242311558e-18
804,G+,0.8941747159158292,1.0308990359197092,false,0,-3.821812658011403e-18
805,G-,0.8941747159158292,1.0341592471893084,false,0,-3.63207727782644e-18
806,G+,0.8941747159158292,1.0351243526293563,false,0,-2.6291902682773483e-18
807,G-,0.8941747159158292,1.0322606726681192,false,0,-3.848917712323541e-18
808,G+,0.8941747159158292,1.0321272193240827,false,0,-3.06287113727155e-18
809,G-,0.8941747159158292,1.035056452758275,false,0,-1.6263032587282567e-18
810,G+,0.8941747159158292,1.0378412003981108,false,0,-3.06287113727155e-18
811,G-,0.8941747159158292,1.0309519730330678,false,0,-6.559423143537302e-18
812,G+,0.8941747159158292,1.0318249206793044,false,0,-3.415236843329339e-18
813,G-,0.8941747159158292,1.035176433351655,false,0,-2.1955093992831465e-18
814,G+,0.8941747159158292,1.0333677201127132,false,0,-4.607859233063394e-18
815,G-,0.8941747159158292,1.0331694336457309,false,0,-3.1712913545201005e-18
816,G+,0.8941747159158292,1.0320955921415524,false,0,-4.038653092508504e-18
817,G-,0.8941747159158292,1.034428184873383,false,0,-3.279711571768651e-18
818,G+,0.8941747159158292,1.0312988994141543,false,0,-3.957337929572091e-18
819,G-,0.8941747159158292,1.035170440981679,false,0,-3.2255014631443757e-18
820,F,0.8940598424072375,1.0578433831307628,false,0,-6.884683795282953e-18
821,G+,0.9040598424072375,0.7064266237551704,true,0,-6.884683795282953e-18
822,G-,0.8840598424072375,2.681935833513691,false,0,-6.884683795282953e-18
823,G+,0.8940598424072375,1.0625264170108357,false,0,-6.342582709040201e-18
824,G-,0.8940598424072375,1.054296443063447,false,0,-8.61940727125976e-18
825,G+,0.8940598424072375,1.0574030895467303,false,0,-7.047314121155779e-18
826,G-,0.8940598424072375,1.058123174710207,false,0,-6.884683795282953e-18
827,G+,0.8940598424072375,1.0597050845837772,false,0,-8.077306185017008e-18
828,G-,0.8940598424072375,1.0579579981318792,false,0,-4.228388472693467e-18
829,G+,0.8940598424072375,1.0573674620170381,false,0,-3.577867169202165e-18
830,G-,0.8940598424072375,1.0583006639516148,false,0,-6.1257422745431e-18
831,G+,0.8940598424072375,1.0575288124778515,false,0,-6.830473686658678e-18
832,G-,0.8940598424072375,1.0573652057210239,false,0,-7.101524229780054e-18
833,G+,0.8940598424072375,1.0611700775641881,false,0,-2.8189256484623115e-18
834,G-,0.8940598424072375,1.0574279232247046,false,0,-9.053088140253962e-18
835,G+,0.8940598424072375,1.0607186672770215,false,0,-8.944667923005412e-18
836,G-,0.8940598424072375,1.0582045865828849,false,0,-6.179952383167375e-18
837,G+,0.8940598424072375,1.058846649330727,false,0,-5.4752209710517974e-18
838,G-,0.8940598424072375,1.0575015314198448,false,0,-5.908901840045999e-18
839,G+,0.8940598424072375,1.0571054875269068,false,0,-8.890457814381136e-18
840,G-,0.8940598424072375,1.0604913508462617,false,0,-4.228388472693467e-18
841,G+,0.8940598424072375,1.0574055298966296,false,0,-8.456776945386935e-18
842,G-,0.8940598424072375,1.058672751641024,false,0,-5.204170427930421e-18
843,G+,0.8940598424072375,1.059312091603579,false,0,-7.806255641895632e-18
844,G-,0.8940598424072375,1.0592554219437331,false,0,-8.023096076392733e-18
845,G+,0.8940598424072375,1.057034801121065,false,0,-3.903127820947816e-18
846,G-,0.8940598424072375,1.058679957966671,false,0,-5.2583805365546965e-18
847,G+,0.8940598424072375,1.0571492820831634,false,0,-4.7704895589362195e-18
848,G-,0.8940598424072375,1.0585723334282773,false,0,-6.179952383167375e-18
849,G+,0.8940598424072375,1.0571475496600755,false,0,-5.041540102057596e-18
850,G-,0.8940598424072375,1.0585401654977882,false,0,-5.366800753803247e-18
851,G+,0.8940598424072375,1.0578400276167972,false,0,-5.583641188300348e-18
852,G-,0.8940598424072375,1.058187146587235,false,0,-6.1257422745431e-18
853,F,0.8937536287574522,1.091436552747369,false,0,-5.068645156369733e-18
854,G+,0.9037536287574522,0.7976168870298833,true,0,-9.486769009248164e-18
855,G-,0.8837536287574522,2.1127009548075835,false,0,-9.486769009248164e-18
856,G+,0.8937536287574522,1.098528388018509,false,0,-6.965998958219366e-18
857,G-,0.8937536287574522,1.0866904055603042,false,0,-6.139294801699169e-18
858,G+,0.8937536287574522,1.0927440689598877,false,0,-7.277707082808949e-18
859,G-,0.8937536287574522,1.0906533298543388,false,0,-4.797594613248357e-18
860,G+,0.8937536287574522,1.0957052969406957,false,0,-7.304812137121086e-18
861,G-,0.8937536287574522,1.089544354204358,false,0,-8.565197162635485e-18
862,G+,0.8937536287574522,1.0902469519569673,false,0,-4.7027269231558755e-18
863,G-,0.8937536287574522,1.092778467623786,false,0,-7.020209066843641e-18
864,G+,0.8937536287574522,1.0913447012170854,false,0,-7.399679827213568e-18
865,G-,0.8937536287574522,1.0915591406233753,false,0,-4.784042086092288e-18
866,G+,0.8937536287574522,1.0904155195820588,false,0,-6.247715018947719e-18
867,G-,0.8937536287574522,1.0941047287772385,false,0,-6.179952383167375e-18
868,G+,0.8937536287574522,1.0900736319623772,false,0,-8.443224418230866e-18
869,G-,0.8937536287574522,1.0947805068110479,false,0,-7.020209066843641e-18
870,G+,0.8937536287574522,1.0911981108786526,false,0,-6.559423143537302e-18
871,G-,0.8937536287574522,1.0919383136859668,false,0,-4.919567357652976e-18
872,G+,0.8937536287574522,1.090086668481339,false,0,-7.250602028496811e-18
873,G-,0.8937536287574522,1.0979748269633305,false,0,-8.700722434196173e-18
874,G+,0.8937536287574522,1.091430250509847,false,0,-8.348356728138384e-18
875,G-,0.8937536287574522,1.0928814201196102,false,0,-7.386127300057499e-18
876,G+,0.8937536287574522,1.0952705077166014,false,0,-5.624298769768554e-18
877,G-,0.8937536287574522,1.0917338323112626,false,0,-9.839134715305953e-18
878,G+,0.8937536287574522,1.0920506954728328,false,0,-9.41900637346782e-18
879,G-,0.8937536287574522,1.0927003573744023,false,0,-5.0550926292136644e-18
880,G+,0.8937536287574522,1.0899951055621155,false,0,-6.057979638762756e-18
881,G-,0.8937536287574522,1.0930178196930596,false,0,-6.952446431063297e-18
882,G+,0.8937536287574522,1.0923608540576593,false,0,-6.491660507756958e-18
883,G-,0.8937536287574522,1.0912710594193358,false,0,-5.10930273783794e-18
884,G+,0.8937536287574522,1.0905984419439092,false,0,-7.995991022080595e-18
885,G-,0.8937536287574522,1.092714735392608,false,0,-4.851804721872632e-18
886,F,0.8936596405736356,1.0804470285813288,false,0,-5.7462715141731735e-18
887,G+,0.9036596405736356,0.7367477643203766,true,0,-5.7462715141731735e-18
888,G-,0.8836596405736356,2.653716363320295,false,0,-5.7462715141731735e-18
889,G+,0.8936596405736356,1.0999873461959875,false,0,-6.884683795282953e-18
890,G-,0.8936596405736356,1.0745643334980592,false,0,-5.421010862427522e-18
891,G+,0.8936596405736356,1.0813462579444182,false,0,-3.0357660829594124e-18
892,G-,0.8936596405736356,1.0801347564833597,false,0,-6.0173220572945496e-18
893,G+,0.8936596405736356,1.0958274169211288,false,0,-4.228388472693467e-18
894,G-,0.8936596405736356,1.0792069737367092,false,0,-5.204170427930421e-18
895,G+,0.8936596405736356,1.0798466355111538,false,0,-5.5294310796760726e-18
896,G-,0.8936596405736356,1.0966312062412822,false,0,-5.421010862427522e-18
897,G+,0.8936596405736356,1.0801225806859522,false,0,-3.3610267347050637e-18
898,G-,0.8936596405736356,1.081333991728546,false,0,-6.776263578034403e-18
899,G+,0.8936596405736356,1.09756901215805,false,0,-5.366800753803247e-18
900,G-,0.8936596405736356,1.0793086469500932,false,0,-3.415236843329339e-18
901,G+,0.8936596405736356,1.0796182761820161,false,0,-6.884683795282953e-18
902,G-,0.8936596405736356,1.0930978980253585,false,0,-4.445228907190568e-18
903,G+,0.8936596405736356,1.079784726005956,false,0,-6.5052130349130266e-18
904,G-,0.8936596405736356,1.0806803746355413,false,0,-4.174178364069192e-18
905,G+,0.8936596405736356,1.0896846307104355,false,0,-4.87890977618477e-18
906,G-,0.8936596405736356,1.0839378274802194,false,0,-6.0173220572945496e-18
907,G+,0.8936596405736356,1.0797704301408002,false,0,-6.2341624917916505e-18
908,G-,0.8936596405736356,1.093418122613267,false,0,-3.74049749507499e-18
909,G+,0.8936596405736356,1.0933687470853304,false,0,-7.101524229780054e-18
910,G-,0.8936596405736356,1.0815078565588636,false,0,-6.559423143537302e-18
911,G+,0.8936596405736356,1.0800251532808893,false,0,-4.553649124439119e-18
912,G-,0.8936596405736356,1.0932860731221203,false,0,-5.637851296924623e-18
913,G+,0.8936596405736356,1.0794821627753368,false,0,-3.74049749507499e-18
914,G-,0.8936596405736356,1.0970175683181944,false,0,-5.908901840045999e-18
915,G+,0.8936596405736356,1.0802351435406115,false,0,-5.9631119486702744e-18
916,G-,0.8936596405736356,1.0808027549165085,false,0,-3.5236570605778894e-18
917,G+,0.8936596405736356,1.0954698188988292,false,0,-5.637851296924623e-18
918,G-,0.8936596405736356,1.0811679086115338,false,0,-7.643625316022806e-18
919,F,0.8926646447724143,1.333874493917658,false,0,-3.3610267347050637e-18
920,F,0.894734868746703,1.044556331330819,false,0,-3.686287386450715e-18
921,G+,0.9047348687467031,0.7785557439468022,true,0,-3.686287386450715e-18
922,G-,0.884734868746703,2.081026883442767,false,0,-3.686287386450715e-18
923,G+,0.894734868746703,1.029082717992969,false,0,-3.686287386450715e-18
924,G-,0.894734868746703,1.0648306625439143,false,0,-3.686287386450715e-18
925,G+,0.894734868746703,1.0416366703257336,false,0,-4.0115480381963664e-18
926,G-,0.894734868746703,1.0472815404757185,false,0,-2.3852447794681098e-18
927,G+,0.894734868746703,1.0333147028561456,false,0,-4.9873299934333204e-18
928,G-,0.894734868746703,1.0588507505389642,false,0,-2.3852447794681098e-18
929,G+,0.894734868746703,1.0440809792197026,false,0,-5.312590645178972e-18
930,G-,0.894734868746703,1.0450840393227288,false,0,-4.9873299934333204e-18
931,G+,0.894734868746703,1.0471243391760445,false,0,-4.0115480381963664e-18
932,G-,0.894734868746703,1.0426429274280153,false,0,-1.951563910473908e-18
933,G+,0.894734868746703,1.03818748739715,false,0,-5.5294310796760726e-18
934,G-,0.894734868746703,1.051490938548299,false,0,-4.119968255444917e-18
935,G+,0.894734868746703,1.0445617197885295,false,0,-3.577867169202165e-18
936,G-,0.894734868746703,1.0457601767612161,false,0,-3.2526065174565133e-18
937,G+,0.894734868746703,1.0444031965268579,false,0,-3.686287386450715e-18
938,G-,0.894734868746703,1.043081289560413,false,0,-5.7462715141731735e-18
939,G+,0.894734868746703,1.0656923394534583,false,0,-5.637851296924623e-18
940,G-,0.894734868746703,1.031911611962354,false,0,-2.3852447794681098e-18
941,G+,0.894734868746703,1.0499583127720085,false,0,-4.119968255444917e-18
942,G-,0.894734868746703,1.0392786420322913,false,0,-3.577867169202165e-18
943,G+,0.894734868746703,1.05742805678017,false,0,-4.7704895589362195e-18
944,G-,0.894734868746703,1.037222659125467,false,0,-7.48099499014998e-18
945,G+,0.894734868746703,1.0469767376583556,false,0,-5.095750210681871e-18
946,G-,0.894734868746703,1.0423633658683669,false,0,-4.0115480381963664e-18
947,G+,0.894734868746703,1.045518429160981,false,0,-5.421010862427522e-18
948,G-,0.894734868746703,1.0436795490378563,false,0,-2.2768245622195593e-18
949,G+,0.894734868746703,1.046350696366145,false,0,-3.0357660829594124e-18
950,G-,0.894734868746703,1.042465825982419,false,0,-4.87890977618477e-18
951,G+,0.894734868746703,1.0456932236679486,false,0,-4.445228907190568e-18
952,G-,0.894734868746703,1.0434266556722782,false,0,-1.951563910473908e-18
953,F,0.8906701695371076,NaN,false,-300,NaN
954,F,0.8927025191419053,1.631438731489312,false,0,-8.348356728138384e-18
955,F,0.8937186939443043,1.1873972050300325,false,0,-2.168404344971009e-19
956,G+,0.9037186939443043,0.8808291685459779,true,0,-2.168404344971009e-19
957,G-,0.8837186939443042,2.235736587306384,false,0,-2.168404344971009e-19
958,G+,0.8937186939443043,1.159795046513161,false,0,5.963111948670274e-19
959,G-,0.8937186939443043,1.2210243962595957,false,0,-1.6263032587282567e-19
960,G+,0.8937186939443043,1.1750335590504974,false,0,-1.1926223897340549e-18
961,G-,0.8937186939443043,1.2004798504812535,false,0,-8.131516293641283e-19
962,G+,0.8937186939443043,1.1578242095458104,false,0,-4.553649124439119e-18
963,G-,0.8937186939443043,1.2203347207367612,false,0,-3.3068166260807885e-18
964,G+,0.8937186939443043,1.1838550535067325,false,0,-4.607859233063394e-18
965,G-,0.8937186939443043,1.1907798951493145,false,0,-1.8431436932253575e-18
966,G+,0.8937186939443043,1.1919939521955905,false,0,-8.673617379884035e-19
967,G-,0.8937186939443043,1.1873042230145356,false,0,-8.673617379884035e-19
968,G+,0.8937186939443043,1.1895889430990685,false,0,-1.4094628242311558e-18
969,G-,0.8937186939443043,1.1916693706960815,false,0,-9.75781955236954e-19
970,G+,0.8937186939443043,1.1884765890686948,false,0,-0.0
971,G-,0.8937186939443043,1.1881022391443465,false,0,3.7947076036992655e-19
972,G+,0.8937186939443043,1.184917733161102,false,0,-7.047314121155779e-19
973,G-,0.8937186939443043,1.1884389957321728,false,0,-1.3010426069826053e-18
974,G+,0.8937186939443043,1.2158784745247753,false,0,-4.87890977618477e-18
975,G-,0.8937186939443043,1.1572359672048553,false,0,-3.63207727782644e-18
976,G+,0.8937186939443043,1.2001924344895736,false,0,-9.75781955236954e-19
977,G-,0.8937186939443043,1.175274298400849,false,0,-3.903127820947816e-18
978,G+,0.8937186939443043,1.2187012371060955,false,0,1.734723475976807e-18
979,G-,0.8937186939443043,1.1537196569382988,false,0,-3.848917712323541e-18
980,G+,0.8937186939443043,1.1902522487794074,false,0,-2.2768245622195593e-18
981,G-,0.8937186939443043,1.1845884840456895,false,0,-4.553649124439119e-18
982,G+,0.8937186939443043,1.1867960802638697,false,0,-4.662069341687669e-18
983,G-,0.8937186939443043,1.1877628981591928,false,0,-1.0842021724855044e-19
984,G+,0.8937186939443043,1.189105999189886,false,0,-2.168404344971009e-19
985,G-,0.8937186939443043,1.186329665533479,false,0,-8.131516293641283e-19
986,G+,0.8937186939443043,1.1869755981617895,false,0,-2.9815559743351372e-18
987,G-,0.8937186939443043,1.1877308188986728,false,0,-4.2825985813177425e-18
988,F,0.8850534534895249,NaN,false,-300,NaN
989,F,0.8893860737169146,3.5023314789021387,false,0,-8.131516293641283e-18
990,F,0.8915523838306094,1.5257313985505134,false,0,-5.421010862427522e-18
991,G+,0.9015523838306094,1.0856998143835912,false,0,-5.421010862427522e-18
992,G-,0.8815523838306094,3.52206527726518,false,0,-5.421010862427522e-18
993,G+,0.8915523838306094,1.5292921475761614,false,0,-7.26415455565288e-18
994,G-,0.8915523838306094,1.522049699494519,false,0,-3.2526065174565133e-18
995,G+,0.8915523838306094,1.5216554241033349,false,0,-6.396792817664476e-18
996,G-,0.8915523838306094,1.5295476772529293,false,0,-3.3610267347050637e-18
997,G+,0.8915523838306094,1.517694949644159,false,0,-4.7704895589362195e-18
998,G-,0.8915523838306094,1.5334200526054147,false,0,-2.3852447794681098e-18
999,G+,0.8915523838306094,1.525649386993123,false,0,-3.469446951953614e-18
1000,G-,0.8915523838306094,1.5261648933404484,false,0,-5.421010862427522e-18
1001,G+,0.8915523838306094,1.528036067198434,false,0,-5.7462715141731735e-18
1002,G-,0.8915523838306094,1.5255044057974216,false,0,-3.686287386450715e-18
1003,G+,0.8915523838306094,1.52380746855323,false,0,-4.9873299934333204e-18
1004,G-,0.8915523838306094,1.5274366185992103,false,0,-4.336808689942018e-18
1005,G+,0.8915523838306094,1.5235803750582317,false,0,-4.228388472693467e-18
1006,G-,0.8915523838306094,1.5256220217210126,false,0,-5.637851296924623e-18
1007,G+,0.8915523838306094,1.5224276202142712,false,0,-7.26415455565288e-18
1008,G-,0.8915523838306094,1.5290541028756284,false,0,-2.4936649967166602e-18
1009,G+,0.8915523838306094,1.5266600561381745,false,0,-4.336808689942018e-18
1010,G-,0.8915523838306094,1.538100286263372,false,0,-3.0357660829594124e-18
1011,G+,0.8915523838306094,1.5336646770046274,false,0,-3.577867169202165e-18
1012,G-,0.8915523838306094,1.5195210203770264,false,0,-5.204170427930421e-18
1013,G+,0.8915523838306094,1.5442823484148736,false,0,-2.3852447794681098e-18
1014,G-,0.8915523838306094,1.5142413149219096,false,0,-4.662069341687669e-18
1015,G+,0.8915523838306094,1.5338026441582726,false,0,-3.686287386450715e-18
1016,G-,0.8915523838306094,1.524929980145545,false,0,-5.204170427930421e-18
1017,G+,0.8915523838306094,1.5260485231761445,false,0,-3.686287386450715e-18
1018,G-,0.8915523838306094,1.5257569120815242,false,0,-2.6020852139652106e-18
1019,G+,0.8915523838306094,1.5267765220119753,false,0,-3.3610267347050637e-18
1020,G-,0.8915523838306094,1.524934806635247,false,0,-2.168404344971009e-18
1021,G+,0.8915523838306094,1.5258984243834863,false,0,-4.553649124439119e-18
1022,G-,0.8915523838306094,1.5259221301497252,false,0,-5.204170427930421e-18
1023,F,0.8913190936489082,2.186131545708343,false,0,-1.3552527156068805e-19
1024,F,0.8914357387397588,1.487453979982293,false,0,1.0842021724855044e-19
1025,G+,0.9014357387397588,1.0502351611036376,false,0,-4.174178364069192e-18
1026,G-,0.8814357387397588,4.447640366279103,false,0,-4.174178364069192e-18
1027,G+,0.8914357387397588,1.495942195633185,false,0,-3.7947076036992655e-19
1028,G-,0.8914357387397588,1.4815931093625225,false,0,-1.6805133673525319e-18
1029,G+,0.8914357387397588,1.4860084386879566,false,0,-2.8189256484623115e-18
1030,G-,0.8914357387397588,1.4905944769670303,false,0,-2.927345865710862e-18
1031,G+,0.8914357387397588,1.491799442681577,false,0,-9.215718466126788e-19
1032,G-,0.8914357387397588,1.4862244348678915,false,0,-1.6263032587282567e-19
1033,G+,0.8914357387397588,1.4861301963578017,false,0,-2.3310346708438345e-18
1034,G-,0.8914357387397588,1.4886870691801817,false,0,-2.8731357570865868e-18
1035,G+,0.8914357387397588,1.4966764575187081,false,0,-3.415236843329339e-18
1036,G-,0.8914357387397588,1.4787486563934176,false,0,-2.927345865710862e-18
1037,G+,0.8914357387397588,1.4902255088278062,false,0,-1.6805133673525319e-18
1038,G-,0.8914357387397588,1.4816553134685355,false,0,-3.686287386450715e-18
1039,G+,0.8914357387397588,1.491709573580183,false,0,-4.336808689942018e-18
1040,G-,0.8914357387397588,1.4839182111502809,false,0,-2.0057740190981832e-18
1041,G+,0.8914357387397588,1.485334906941584,false,0,-3.686287386450715e-18
1042,G-,0.8914357387397588,1.48850896773164,false,0,-2.6020852139652106e-18
1043,G+,0.8914357387397588,1.479807026131583,false,0,-8.131516293641283e-19
1044,G-,0.8914357387397588,1.5048767713868645,false,0,-2.710505431213761e-18
1045,G+,0.8914357387397588,1.484296963258941,false,0,-3.3068166260807885e-18
1046,G-,0.8914357387397588,1.491353631970004,false,0,-1.7889335846010823e-18
1047,G+,0.8914357387397588,1.490730688726484,false,0,-2.2768245622195593e-18
1048,G-,0.8914357387397588,1.4909591694230955,false,0,-4.4994390158148434e-18
1049,G+,0.8914357387397588,1.4903918726260839,false,0,-1.3010426069826053e-18
1050,G-,0.8914357387397588,1.4885961723809358,false,0,-2.8189256484623115e-18
1051,G+,0.8914357387397588,1.4859599118029254,false,0,-4.336808689942018e-19
1052,G-,0.8914357387397588,1.4888360295872747,false,0,-9.75781955236954e-19
1053,G+,0.8914357387397588,1.486927452275811,false,0,-2.656295322589486e-18
1054,G-,0.8914357387397588,1.4873398874137633,false,0,-3.2526065174565133e-18
1055,G+,0.8914357387397588,1.4860035848921564,false,0,-4.119968255444917e-18
1056,G-,0.8914357387397588,1.4887768416591876,false,0,-1.734723475976807e-18
1057,F,0.890687320785853,1.6549196454594535,false,0,-3.469446951953614e-18
1058,F,0.8933442437685566,1.627094476475258,false,0,-6.532318089225164e-18
1059,F,0.8910615297628058,1.4636798357123726,false,0,-8.782037597132586e-18
1060,G+,0.9010615297628058,0.9587974919290619,true,0,-8.782037597132586e-18
1061,G-,0.8810615297628058,NaN,false,-300,NaN
1062,G0,0.8910615297628058,1.463679835712373,false,0,-8.782037597132586e-18
1063,G+,0.8910615297628058,1.4756335872327302,false,0,-7.047314121155779e-18
1064,G-,0.8910615297628058,1.4525894327901017,false,0,-8.023096076392733e-18
1065,G+,0.8910615297628058,1.461655754500946,false,0,-6.396792817664476e-18
1066,G-,0.8910615297628058,1.4637698200249822,false,0,-7.047314121155779e-18
1067,G+,0.8910615297628058,1.4725754156395445,false,0,-8.565197162635485e-18
1068,G-,0.8910615297628058,1.457156968162291,false,0,-4.7704895589362195e-18
1069,G+,0.8910615297628058,1.464693046522635,false,0,-5.204170427930421e-18
1070,G-,0.8910615297628058,1.462898485759196,false,0,-6.7220534694101275e-18
1071,G+,0.8910615297628058,1.4632560843914286,false,0,-7.589415207398531e-18
1072,G-,0.8910615297628058,1.464361142911391,false,0,-6.613633252161577e-18
1073,G+,0.8910615297628058,1.4713945922580818,false,0,-7.37257477290143e-18
1074,G-,0.8910615297628058,1.4606740085046412,false,0,-7.15573433840433e-18
1075,G+,0.8910615297628058,1.4695043427214998,false,0,-7.15573433840433e-18
1076,G-,0.8910615297628058,1.4603647762891074,false,0,-6.938893903907228e-18
1077,G+,0.8910615297628058,1.4619531826468974,false,0,-7.806255641895632e-18
1078,G-,0.8910615297628058,1.4672855588679696,false,0,-8.456776945386935e-18
1079,G+,0.8910615297628058,1.4560711768414327,false,0,-7.589415207398531e-18
1080,G-,0.8910615297628058,1.474225267020465,false,0,-3.7947076036992655e-18
1081,G+,0.8910615297628058,1.46190534309423,false,0,-6.7220534694101275e-18
1082,G-,0.8910615297628058,1.4657701602174933,false,0,-6.5052130349130266e-18
1083,G+,0.8910615297628058,1.4582152856986237,false,0,-8.456776945386935e-18
1084,G-,0.8910615297628058,1.4741280285636327,false,0,-9.107298248878237e-18
1085,G+,0.8910615297628058,1.464043430442533,false,0,-3.686287386450715e-18
1086,G-,0.8910615297628058,1.4641295800363334,false,0,-7.26415455565288e-18
1087,G+,0.8910615297628058,1.464139182118894,false,0,-4.9873299934333204e-18
1088,G-,0.8910615297628058,1.4634404143016473,false,0,-7.37257477290143e-18
1089,G+,0.8910615297628058,1.4638989682522991,false,0,-7.047314121155779e-18
1090,G-,0.8910615297628058,1.4636257013349234,false,0,-8.782037597132586e-18
1091,G+,0.8910615297628058,1.4639407069582175,false,0,-6.7220534694101275e-18
1092,G-,0.8910615297628058,1.463626297679981,false,0,-7.806255641895632e-18
1093,F,0.8883275850243075,NaN,false,-300,NaN
1094,F,0.8896945573935566,2.7245056729926813,false,0,-6.938893903907228e-18
1095,F,0.8903780435781813,1.5973151485827368,false,0,-6.071532165918825e-18
1096,F,0.8907197866704936,1.4944399417595449,false,0,-8.023096076392733e-18
1097,G+,0.9007197866704936,0.9511584873919913,true,0,-8.023096076392733e-18
1098,G-,0.8807197866704936,NaN,false,-300,NaN
1099,G0,0.8907197866704936,1.4944399417595449,false,0,-8.023096076392733e-18
1100,G+,0.8907197866704936,1.5055796739448277,false,0,-8.673617379884035e-18
1101,G-,0.8907197866704936,1.4889088021863586,false,0,-6.396792817664476e-18
1102,G+,0.8907197866704936,1.493393412345744,false,0,-5.7462715141731735e-18
1103,G-,0.8907197866704936,1.4989780292565464,false,0,-4.87890977618477e-18
1104,G+,0.8907197866704936,1.499546256938629,false,0,-7.48099499014998e-18
1105,G-,0.8907197866704936,1.4942873318819583,false,0,-9.215718466126788e-18
1106,G+,0.8907197866704936,1.4953683284447907,false,0,-8.131516293641283e-18
1107,G-,0.8907197866704936,1.4950981149857754,false,0,-5.204170427930421e-18
1108,G+,0.8907197866704936,1.4932389146863552,false,0,-5.421010862427522e-18
1109,G-,0.8907197866704936,1.4963943643870943,false,0,-5.5294310796760726e-18
1110,G+,0.8907197866704936,1.499277124544532,false,0,-8.131516293641283e-18
1111,G-,0.8907197866704936,1.4911847678724197,false,0,-6.5052130349130266e-18
1112,G+,0.8907197866704936,1.4947510189308495,false,0,-8.348356728138384e-18
1113,G-,0.8907197866704936,1.4971937005682232,false,0,-8.673617379884035e-18
1114,G+,0.8907197866704936,1.4904026572490445,false,0,-5.421010862427522e-18
1115,G-,0.8907197866704936,1.5019468810468235,false,0,-7.48099499014998e-18
1116,G+,0.8907197866704936,1.4941752511991093,false,0,-7.806255641895632e-18
1117,G-,0.8907197866704936,1.4968061618442223,false,0,-8.239936510889834e-18
1118,G+,0.8907197866704936,1.4951395064110418,false,0,-9.64939933512099e-18
1119,G-,0.8907197866704936,1.495285033366084,false,0,-8.239936510889834e-18
1120,G+,0.8907197866704936,1.4976480739739262,false,0,-5.9631119486702744e-18
1121,G-,0.8907197866704936,1.4952141012589188,false,0,-4.87890977618477e-18
1122,G+,0.8907197866704936,1.4961308844423469,false,0,-8.239936510889834e-18
1123,G-,0.8907197866704936,1.4946231541110344,false,0,-6.7220534694101275e-18
1124,G+,0.8907197866704936,1.4969678918158147,false,0,-9.540979117872439e-18
1125,G-,0.8907197866704936,1.493544457607101,false,0,-7.806255641895632e-18
1126,G+,0.8907197866704936,1.495172603276541,false,0,-5.7462715141731735e-18
1127,G-,0.8907197866704936,1.4948861632409498,false,0,-7.15573433840433e-18
1128,G+,0.8907197866704936,1.4952337013517076,false,0,-3.7947076036992655e-18
1129,G-,0.8907197866704936,1.4951762266259974,false,0,-7.047314121155779e-18
1130,F,0.8767667154545596,NaN,false,-300,NaN
1131,F,0.8837432510625266,NaN,false,-300,NaN
1132,F,0.8872315188665101,NaN,false,-300,NaN
1133,F,0.8889756527685019,1.714281662995393,false,0,-4.553649124439119e-18
1134,G+,0.8989756527685019,1.0495466033663137,false,0,-4.553649124439119e-18
1135,G-,0.8789756527685019,NaN,false,-300,NaN
1136,G0,0.8889756527685019,1.714281662995393,false,0,-4.553649124439119e-18
1137,G+,0.8889756527685019,1.7008856623209578,false,0,-6.288372600415926e-18
1138,G-,0.8889756527685019,1.7320615478901054,false,0,-6.071532165918825e-18
1139,G+,0.8889756527685019,1.7082520078090284,false,0,-6.5052130349130266e-18
1140,G-,0.8889756527685019,1.7208433648920314,false,0,-8.023096076392733e-18
1141,G+,0.8889756527685019,1.6980004037904355,false,0,-4.119968255444917e-18
1142,G-,0.8889756527685019,1.7348550186379008,false,0,-6.7220534694101275e-18
1143,G+,0.8889756527685019,1.7172076699572987,false,0,-5.421010862427522e-18
1144,G-,0.8889756527685019,1.7118403863414358,false,0,-5.854691731421724e-18
1145,G+,0.8889756527685019,1.7273585032562495,false,0,-6.938893903907228e-18
1146,G-,0.8889756527685019,1.7167203132787574,false,0,-7.589415207398531e-18
1147,G+,0.8889756527685019,1.7175752549220606,false,0,-4.336808689942018e-18
1148,G-,0.8889756527685019,1.711388080320662,false,0,-4.336808689942018e-18
1149,G+,0.8889756527685019,1.713999139727662,false,0,-5.204170427930421e-18
1150,G-,0.8889756527685019,1.7163828699477155,false,0,-3.903127820947816e-18
1151,G+,0.8889756527685019,1.7084272974502719,false,0,-5.854691731421724e-18
1152,G-,0.8889756527685019,1.7366775490262845,false,0,-7.806255641895632e-18
1153,G+,0.8889756527685019,1.731728211695227,false,0,-4.7704895589362195e-18
1154,G-,0.8889756527685019,1.722283933653404,false,0,-5.854691731421724e-18
1155,G+,0.8889756527685019,1.723141124995731,false,0,-6.288372600415926e-18
1156,G-,0.8889756527685019,1.7057801207566219,false,0,-4.119968255444917e-18
1157,G+,0.8889756527685019,1.735635693330174,false,0,-7.15573433840433e-18
1158,G-,0.8889756527685019,1.6954836796885135,false,0,-4.553649124439119e-18
1159,G+,0.8889756527685019,1.7421251785282936,false,0,-4.336808689942018e-18
1160,G-,0.8889756527685019,1.7097589642933166,false,0,-5.854691731421724e-18
1161,G+,0.8889756527685019,1.718041425257117,false,0,-7.15573433840433e-18
1162,G-,0.8889756527685019,1.7106789878883921,false,0,-6.7220534694101275e-18
1163,G+,0.8889756527685019,1.7146392992901363,false,0,-5.854691731421724e-18
1164,G-,0.8889756527685019,1.7137163538995666,false,0,-7.15573433840433e-18
1165,G+,0.8889756527685019,1.7172001110127182,false,0,-2.3852447794681098e-18
1166,G-,0.8889756527685019,1.7111807983538874,false,0,-6.288372600415926e-18
1167,F,0.8529478406455323,NaN,false,-300,NaN
1168,F,0.8709617467070171,NaN,false,-300,NaN
1169,F,0.8799686997377595,NaN,false,-300,NaN
1170,F,0.8844721762531307,NaN,false,-300,NaN
1171,F,0.8884619265351901,NaN,false,-300,NaN
1172,F,0.8910351726234149,NaN,false,-300,NaN
1173,F,0.8925247000096942,1.6076059701996654,false,0,-4.9873299934333204e-18
1174,G+,0.9025247000096942,1.1315543363364993,false,0,-4.9873299934333204e-18
1175,G-,0.8825247000096942,3.5548891033060546,false,0,-4.9873299934333204e-18
1176,G+,0.8925247000096942,1.5348506454411606,false,0,-6.7220534694101275e-18
1177,G-,0.8925247000096942,1.699729571296046,false,0,-5.637851296924623e-18
1178,G+,0.8925247000096942,1.5888839057208741,false,0,-5.854691731421724e-18
1179,G-,0.8925247000096942,1.6298953951279704,false,0,-5.854691731421724e-18
1180,G+,0.8925247000096942,1.552746051482341,false,0,-7.589415207398531e-18
1181,G-,0.8925247000096942,1.672951606916893,false,0,-6.7220534694101275e-18
1182,G+,0.8925247000096942,1.6078726017509941,false,0,-6.938893903907228e-18
1183,G-,0.8925247000096942,1.6017688618870138,false,0,-7.37257477290143e-18
1184,G+,0.8925247000096942,1.6083580886181894,false,0,-5.854691731421724e-18
1185,G-,0.8925247000096942,1.5996754309278243,false,0,-5.637851296924623e-18
1186,G+,0.8925247000096942,1.6003453665871157,false,0,-6.7220534694101275e-18
1187,G-,0.8925247000096942,1.609472174297279,false,0,-3.903127820947816e-18
1188,G+,0.8925247000096942,1.608388242076734,false,0,-4.7704895589362195e-18
1189,G-,0.8925247000096942,1.6082640251867368,false,0,-6.071532165918825e-18
1190,G+,0.8925247000096942,1.6056956515723713,false,0,-6.938893903907228e-18
1191,G-,0.8925247000096942,1.609987661280027,false,0,-7.15573433840433e-18
1192,G+,0.8925247000096942,1.7216616465859567,false,0,-6.7220534694101275e-18
1193,G-,0.8925247000096942,1.539812416612476,false,0,-6.5052130349130266e-18
1194,G+,0.8925247000096942,1.6351792434765597,false,0,-3.903127820947816e-18
1195,G-,0.8925247000096942,1.58808314167823,false,0,-6.288372600415926e-18
1196,G+,0.8925247000096942,1.6676538208393727,false,0,-5.637851296924623e-18
1197,G-,0.8925247000096942,1.552721988651633,false,0,-8.023096076392733e-18
1198,G+,0.8925247000096942,1.6163845953673275,false,0,-8.456776945386935e-18
1199,G-,0.8925247000096942,1.642293996282226,false,0,-4.553649124439119e-18
1200,G+,0.8925247000096942,1.6168873281239375,false,0,-4.9873299934333204e-18
1201,G-,0.8925247000096942,1.6042094302380785,false,0,-5.854691731421724e-18
1202,G+,0.8925247000096942,1.6082700148204414,false,0,-6.071532165918825e-18
1203,G-,0.8925247000096942,1.6071051166208206,false,0,-3.686287386450715e-18
1204,G+,0.8925247000096942,1.610382846458862,false,0,-5.421010862427522e-18
1205,G-,0.8925247000096942,1.610500750502191,false,0,-4.336808689942018e-18
1206,F,0.8774583911726256,NaN,false,-300,NaN
1207,F,0.8849915455911599,2.3772976352242408,false,0,-4.119968255444917e-18
1208,F,0.8887581228004271,1.6537925612328068,false,0,-8.456776945386935e-18
1209,G+,0.8987581228004271,1.0878330607298856,false,0,-8.456776945386935e-18
1210,G-,0.8787581228004271,NaN,false,-300,NaN
1211,G0,0.8887581228004271,1.6537925612328044,false,0,-8.456776945386935e-18
1212,G+,0.8887581228004271,1.610653790594144,false,0,-8.673617379884035e-18
1213,G-,0.8887581228004271,1.7146817703155381,false,0,-9.324138683375338e-18
1214,G+,0.8887581228004271,1.644569284699695,false,0,-8.456776945386935e-18
1215,G-,0.8887581228004271,1.664798958597011,false,0,-8.239936510889834e-18
1216,G+,0.8887581228004271,1.6183500994015607,false,0,-8.023096076392733e-18
1217,G-,0.8887581228004271,1.6989376398183489,false,0,-8.673617379884035e-18
1218,G+,0.8887581228004271,1.6546055271315532,false,0,-8.673617379884035e-18
1219,G-,0.8887581228004271,1.6532395316976718,false,0,-6.071532165918825e-18
1220,G+,0.8887581228004271,1.6497496079939415,false,0,-8.890457814381136e-18
1221,G-,0.8887581228004271,1.6587607129078878,false,0,-8.890457814381136e-18
1222,G+,0.8887581228004271,1.6530310102357144,false,0,-9.324138683375338e-18
1223,G-,0.8887581228004271,1.6560040688977506,false,0,-6.938893903907228e-18
1224,G+,0.8887581228004271,1.6516748177026948,false,0,-9.324138683375338e-18
1225,G-,0.8887581228004271,1.655836539283873,false,0,-9.107298248878237e-18
1226,G+,0.8887581228004271,1.6488997133373129,false,0,-7.806255641895632e-18
1227,G-,0.8887581228004271,1.658824658552755,false,0,-7.15573433840433e-18
1228,G+,0.8887581228004271,1.7099151550876588,false,0,-8.023096076392733e-18
1229,G-,0.8887581228004271,1.6151731221562478,false,0,-7.37257477290143e-18
1230,G+,0.8887581228004271,1.6714821295364088,false,0,-7.806255641895632e-18
1231,G-,0.8887581228004271,1.6373706724864248,false,0,-8.023096076392733e-18
1232,G+,0.8887581228004271,1.7075135227778724,false,0,-5.637851296924623e-18
1233,G-,0.8887581228004271,1.6190007699841917,false,0,-3.903127820947816e-18
1234,G+,0.8887581228004271,1.661243914516605,false,0,-8.456776945386935e-18
1235,G-,0.8887581228004271,1.6465798626482409,false,0,-7.15573433840433e-18
1236,G+,0.8887581228004271,1.6576916485332323,false,0,-6.288372600415926e-18
1237,G-,0.8887581228004271,1.6500428670146237,false,0,-6.071532165918825e-18
1238,G+,0.8887581228004271,1.6548776383852504,false,0,-7.37257477290143e-18
1239,G-,0.8887581228004271,1.6527641381740756,false,0,-8.023096076392733e-18
1240,G+,0.8887581228004271,1.6572092735710562,false,0,-8.890457814381136e-18
1241,G-,0.8887581228004271,1.650507756362374,false,0,-7.15573433840433e-18
1242,F,0.8751951969179983,NaN,false,-300,NaN
1243,F,0.8819766598592127,NaN,false,-300,NaN
1244,F,0.8853673913298199,2.1177864990844024,false,0,-5.854691731421724e-18
1245,F,0.8870627570651235,1.7776599050631108,false,0,-6.288372600415926e-18
1246,G+,0.8970627570651235,1.049839347869785,false,0,-6.288372600415926e-18
1247,G-,0.8770627570651235,NaN,false,-300,NaN
1248,G0,0.8870627570651235,1.7776599050631083,false,0,-6.288372600415926e-18
1249,G+,0.8870627570651235,1.75995614003915,false,0,-6.071532165918825e-18
1250,G-,0.8870627570651235,1.8020005833344293,false,0,-5.421010862427522e-18
1251,G+,0.8870627570651235,1.7738878449438797,false,0,-3.903127820947816e-18
1252,G-,0.8870627570651235,1.781568769485017,false,0,-6.938893903907228e-18
1253,G+,0.8870627570651235,1.7609898684868839,false,0,-6.7220534694101275e-18
1254,G-,0.8870627570651235,1.7988851391195164,false,0,-5.204170427930421e-18
1255,G+,0.8870627570651235,1.780728236007958,false,0,-4.336808689942018e-18
1256,G-,0.8870627570651235,1.7746167467504628,false,0,-6.5052130349130266e-18
1257,G+,0.8870627570651235,1.7708981771981198,false,0,-3.469446951953614e-18
1258,G-,0.8870627570651235,1.783419979665483,false,0,-6.071532165918825e-18
1259,G+,0.8870627570651235,1.7825462242396366,false,0,-6.288372600415926e-18
1260,G-,0.8870627570651235,1.7709071928453781,false,0,-5.637851296924623e-18
1261,G+,0.8870627570651235,1.7728191908568711,false,0,-6.288372600415926e-18
1262,G-,0.8870627570651235,1.7807653180398892,false,0,-6.7220534694101275e-18
1263,G+,0.8870627570651235,1.7707390328552874,false,0,-3.903127820947816e-18
1264,G-,0.8870627570651235,1.7848631548731921,false,0,-4.7704895589362195e-18
1265,G+,0.8870627570651235,1.7933543240325698,false,0,-6.938893903907228e-18
1266,G-,0.8870627570651235,1.7627267385054268,false,0,-5.204170427930421e-18
1267,G+,0.8870627570651235,1.7850655966973805,false,0,-6.288372600415926e-18
1268,G-,0.8870627570651235,1.7683971910890546,false,0,-7.15573433840433e-18
1269,G+,0.8870627570651235,1.799671875641381,false,0,-6.288372600415926e-18
1270,G-,0.8870627570651235,1.7596616044381364,false,0,-2.8189256484623115e-18
1271,G+,0.8870627570651235,1.7833863969884833,false,0,-7.15573433840433e-18
1272,G-,0.8870627570651235,1.7697289243830334,false,0,-7.15573433840433e-18
1273,G+,0.8870627570651235,1.7822283259601048,false,0,-4.336808689942018e-18
1274,G-,0.8870627570651235,1.773164294170423,false,0,-7.37257477290143e-18
1275,G+,0.8870627570651235,1.778597269411647,false,0,-3.686287386450715e-18
1276,G-,0.8870627570651235,1.7765997815104595,false,0,-4.9873299934333204e-18
1277,G+,0.8870627570651235,1.781691373733123,false,0,-7.15573433840433e-18
1278,G-,0.8870627570651235,1.7736824205052906,false,0,-7.589415207398531e-18
1279,F,0.8867257449445215,1.7210713173166097,false,0,-4.9873299934333204e-18
1280,G+,0.8967257449445215,1.2222456434587379,false,0,-2.168404344971009e-19
1281,G-,0.8767257449445215,NaN,false,-300,NaN
1282,G0,0.8867257449445215,1.7210713173166081,false,0,-2.168404344971009e-19
1283,G+,0.8867257449445215,1.769243572872126,false,0,-2.168404344971009e-18
1284,G-,0.8867257449445215,1.6830425768842119,false,0,-5.637851296924623e-18
1285,G+,0.8867257449445215,1.7435531673727882,false,0,-1.951563910473908e-18
1286,G-,0.8867257449445215,1.7015446768049145,false,0,-4.336808689942018e-18
1287,G+,0.8867257449445215,1.8429659542191044,false,0,-3.0357660829594124e-18
1288,G-,0.8867257449445215,1.6425563190800798,false,0,-3.903127820947816e-18
1289,G+,0.8867257449445215,1.7293614573572536,false,0,-1.951563910473908e-18
1290,G-,0.8867257449445215,1.712957336272848,false,0,-3.0357660829594124e-18
1291,G+,0.8867257449445215,1.7244718869952367,false,0,-1.951563910473908e-18
1292,G-,0.8867257449445215,1.7179419692161633,false,0,-4.119968255444917e-18
1293,G+,0.8867257449445215,1.7179317042597306,false,0,-1.734723475976807e-18
1294,G-,0.8867257449445215,1.7215828021580846,false,0,-3.903127820947816e-18
1295,G+,0.8867257449445215,1.7221172025439095,false,0,-3.469446951953614e-18
1296,G-,0.8867257449445215,1.7152459119219148,false,0,-2.3852447794681098e-18
1297,G+,0.8867257449445215,1.7189122080599282,false,0,-2.8189256484623115e-18
1298,G-,0.8867257449445215,1.7229807747760197,false,0,2.168404344971009e-19
1299,G+,0.8867257449445215,1.67098882946672,false,0,-2.168404344971009e-18
1300,G-,0.8867257449445215,1.7798892513617104,false,0,-2.6020852139652106e-18
1301,G+,0.8867257449445215,1.699406861869115,false,0,-3.2526065174565133e-18
1302,G-,0.8867257449445215,1.7442525197949859,false,0,-3.2526065174565133e-18
1303,G+,0.8867257449445215,1.6380808006508278,false,0,-3.2526065174565133e-18
1304,G-,0.8867257449445215,1.8287341725223825,false,0,-3.2526065174565133e-18
1305,G+,0.8867257449445215,1.7156344981517753,false,0,-1.951563910473908e-18
1306,G-,0.8867257449445215,1.7269279714258778,false,0,-6.071532165918825e-18
1307,G+,0.8867257449445215,1.7237167974309804,false,0,-2.8189256484623115e-18
1308,G-,0.8867257449445215,1.7185235781949684,false,0,-2.6020852139652106e-18
1309,G+,0.8867257449445215,1.7226078662907243,false,0,-3.0357660829594124e-18
1310,G-,0.8867257449445215,1.7194970282253772,false,0,-1.3010426069826053e-18
1311,G+,0.8867257449445215,1.7234972274013804,false,0,-1.3010426069826053e-18
1312,G-,0.8867257449445215,1.718904628608189,false,0,-1.734723475976807e-18
1313,F,0.8529365911064124,NaN,false,-300,NaN
1314,F,0.8698311680254669,NaN,false,-300,NaN
1315,F,0.8782784564849943,3.682238215915516,false,0,-5.421010862427522e-18
1316,F,0.8825021007147579,2.08490878125668,false,0,-8.673617379884035e-18
1317,F,0.8694201624056506,NaN,false,-300,NaN
1318,F,0.8780056016884519,4.37201158619732,false,0,-2.2768245622195593e-18
1319,F,0.8787302415817266,NaN,false,-300,NaN
1320,F,0.8823451582873097,2.017726379849311,false,0,-2.6020852139652106e-18
1321,F,0.8846186781969986,1.655381769807836,false,0,-3.144186300207963e-18
1322,G+,0.8946186781969986,1.0567346423921027,false,0,-3.144186300207963e-18
1323,G-,0.8746186781969986,NaN,false,-300,NaN
1324,G0,0.8846186781969986,1.655381769807837,false,0,-3.144186300207963e-18
1325,G+,0.8846186781969986,1.6661950255927551,false,0,-3.903127820947816e-18
1326,G-,0.8846186781969986,1.6483019229688436,false,0,-5.854691731421724e-18
1327,G+,0.8846186781969986,1.6582523981546122,false,0,-8.023096076392733e-18
1328,G-,0.8846186781969986,1.6527856293613696,false,0,-4.445228907190568e-18
1329,G+,0.8846186781969986,1.6661548499871892,false,0,-3.144186300207963e-18
1330,G-,0.8846186781969986,1.6483621084207667,false,0,-5.095750210681871e-18
1331,G+,0.8846186781969986,1.6584341755252332,false,0,-9.215718466126788e-18
1332,G-,0.8846186781969986,1.6523409588387687,false,0,-3.686287386450715e-18
1333,G+,0.8846186781969986,1.6523490150702809,false,0,-7.806255641895632e-18
1334,G-,0.8846186781969986,1.6589339112032233,false,0,-5.095750210681871e-18
1335,G+,0.8846186781969986,1.6559615696798775,false,0,-4.662069341687669e-18
1336,G-,0.8846186781969986,1.6548707257647195,false,0,-6.396792817664476e-18
1337,G+,0.8846186781969986,1.6572790132698618,false,0,-3.7947076036992655e-18
1338,G-,0.8846186781969986,1.654019273970102,false,0,-5.5294310796760726e-18
1339,G+,0.8846186781969986,1.6510016378486747,false,0,-4.7704895589362195e-18
1340,G-,0.8846186781969986,1.6589937571180033,false,0,-7.914675859144182e-18
1341,G+,0.8846186781969986,1.6471323994012192,false,0,-3.3610267347050637e-18
1342,G-,0.8846186781969986,1.6657239873331195,false,0,-6.179952383167375e-18
1343,G+,0.8846186781969986,1.654534212825423,false,0,-4.0115480381963664e-18
1344,G-,0.8846186781969986,1.6574062308707007,false,0,-5.095750210681871e-18
1345,G+,0.8846186781969986,1.6453809868897213,false,0,-5.5294310796760726e-18
1346,G-,0.8846186781969986,1.66949824934479,false,0,-2.168404344971009e-18
1347,G+,0.8846186781969986,1.6561385685232166,false,0,-4.336808689942018e-18
1348,G-,0.8846186781969986,1.6546351930340917,false,0,-6.613633252161577e-18
1349,G+,0.8846186781969986,1.657786126244882,false,0,-3.686287386450715e-18
1350,G-,0.8846186781969986,1.652966458456337,false,0,-4.119968255444917e-18
1351,G+,0.8846186781969986,1.6570270431972198,false,0,-5.7462715141731735e-18
1352,G-,0.8846186781969986,1.653779095668227,false,0,-4.228388472693467e-18
1353,G+,0.8846186781969986,1.65747720142637,false,0,-5.312590645178972e-18
1354,G-,0.8846186781969986,1.6532613484998921,false,0,-4.553649124439119e-18
1355,F,0.889492958102501,1.5559238992217233,false,0,-4.0115480381963664e-18
1356,G+,0.899492958102501,1.2671996302542978,false,0,-4.0115480381963664e-18
1357,G-,0.8794929581025009,3.094191267958247,false,0,-4.0115480381963664e-18
1358,G+,0.889492958102501,1.5302547346050903,false,0,-4.445228907190568e-18
1359,G-,0.889492958102501,1.58669933007439,false,0,-4.445228907190568e-18
1360,G+,0.889492958102501,1.5457334182488183,false,0,-4.7704895589362195e-18
1361,G-,0.889492958102501,1.5668699347596715,false,0,-2.2768245622195593e-18
1362,G+,0.889492958102501,1.5431546965659606,false,0,-4.553649124439119e-18
1363,G-,0.889492958102501,1.5730249913880137,false,0,-2.4936649967166602e-18
1364,G+,0.889492958102501,1.5521038181506075,false,0,-6.179952383167375e-18
1365,G-,0.889492958102501,1.5592633515456487,false,0,-4.662069341687669e-18
1366,G+,0.889492958102501,1.5772580994880814,false,0,-4.662069341687669e-18
1367,G-,0.889492958102501,1.5395552114230697,false,0,-1.8431436932253575e-18
1368,G+,0.889492958102501,1.5634028709465915,false,0,-4.7704895589362195e-18
1369,G-,0.889492958102501,1.5528359713127713,false,0,-3.469446951953614e-18
1370,G+,0.889492958102501,1.5739563909936856,false,0,-4.662069341687669e-18
1371,G-,0.889492958102501,1.5355934957234691,false,0,-5.312590645178972e-18
1372,G+,0.889492958102501,1.5650784556834008,false,0,-3.469446951953614e-18
1373,G-,0.889492958102501,1.552973833969562,false,0,-5.312590645178972e-18
1374,G+,0.889492958102501,1.5616139228349166,false,0,-3.686287386450715e-18
1375,G-,0.889492958102501,1.552401369774113,false,0,-2.927345865710862e-18
1376,G+,0.889492958102501,1.555115511802586,false,0,-4.336808689942018e-18
1377,G-,0.889492958102501,1.557507112723675,false,0,-1.951563910473908e-18
1378,G+,0.889492958102501,1.5594862471669897,false,0,-2.2768245622195593e-18
1379,G-,0.889492958102501,1.5533673801433459,false,0,-3.686287386450715e-18
1380,G+,0.889492958102501,1.5541171157506417,false,0,-1.1926223897340549e-18
1381,G-,0.889492958102501,1.557237188265538,false,0,-4.662069341687669e-18
1382,G+,0.889492958102501,1.5540982045009089,false,0,-5.312590645178972e-18
1383,G-,0.889492958102501,1.557243462495964,false,0,-2.2768245622195593e-18
1384,G+,0.889492958102501,1.5555586381915667,false,0,-2.710505431213761e-18
1385,G-,0.889492958102501,1.5552495471236565,false,0,-9.75781955236954e-19
1386,G+,0.889492958102501,1.5543245435645734,false,0,-4.87890977618477e-18
1387,G-,0.889492958102501,1.5569861633244995,false,0,-2.3852447794681098e-18
