diffPreStep = diff = 1.4854166091639391
diffPreStep = diff = 1.7072681224306052e-7
diffPreStep = diff = 1.7072621538716248e-7
diffPreStep = diff = 1.7072524549632817e-7
diffPreStep = diff = 1.707242773818507e-7
diffPreStep = diff = 1.7072330749101639e-7
diffPreStep = diff = 1.707223393765389e-7
diffPreStep = diff = 1.7072137126206144e-7
diffPreStep = diff = 1.707203995948703e-7
diffPreStep = diff = 1.7071943148039281e-7
diffPreStep = diff = 1.707184615895585e-7
diffPreStep = diff = 1.707174970277947e-7
diffPreStep = diff = 1.7071653068967407e-7
diffPreStep = diff = 1.7071555902248292e-7
diffPreStep = diff = 1.7071458735529177e-7
diffPreStep = diff = 1.7071361746445746e-7
diffPreStep = diff = 1.7071265290269366e-7
diffPreStep = diff = 1.707116812355025e-7
diffPreStep = diff = 1.7071071312102504e-7
diffPreStep = diff = 1.7070974323019072e-7
diffPreStep = diff = 1.707087733393564e-7
diffPreStep = diff = 1.707078034485221e-7
diffPreStep = diff = 1.707068388867583e-7
diffPreStep = diff = 1.7070586721956715e-7
diffPreStep = diff = 1.7070489910508968e-7
diffPreStep = diff = 1.707039256615417e-7
diffPreStep = diff = 1.7070295754706422e-7
diffPreStep = diff = 1.7070199120894358e-7
diffPreStep = diff = 1.7070101954175243e-7
diffPreStep = diff = 1.7070005142727496e-7
diffPreStep = diff = 1.7069908331279748e-7
diffPreStep = diff = 1.7069811697467685e-7
diffPreStep = diff = 1.7069714886019938e-7
diffPreStep = diff = 1.7069617541665139e-7
diffPreStep = diff = 1.706952108548876e-7
diffPreStep = diff = 1.706942374113396e-7
diffPreStep = diff = 1.706932728495758e-7
diffPreStep = diff = 1.7069230118238465e-7
diffPreStep = diff = 1.7069133484426402e-7
diffPreStep = diff = 1.706903649534297e-7
diffPreStep = diff = 1.7068939683895223e-7
diffPreStep = diff = 1.7068842872447476e-7
diffPreStep = diff = 1.7068745528092677e-7
diffPreStep = diff = 1.7068649071916298e-7
diffPreStep = diff = 1.706855226046855e-7
diffPreStep = diff = 1.706845527138512e-7
diffPreStep = diff = 1.7068358282301688e-7
diffPreStep = diff = 1.706826147085394e-7
diffPreStep = diff = 1.7068164659406193e-7
diffPreStep = diff = 1.7068067670322762e-7
diffPreStep = diff = 1.7067971214146382e-7
diffPreStep = diff = 1.7067873869791583e-7
diffPreStep = diff = 1.7067777058343836e-7
diffPreStep = diff = 1.7067680246896089e-7
diffPreStep = diff = 1.7067583435448341e-7
diffPreStep = diff = 1.7067486268729226e-7
diffPreStep = diff = 1.7067389634917163e-7
diffPreStep = diff = 1.70672930011051e-7
diffPreStep = diff = 1.7067195834385984e-7
diffPreStep = diff = 1.7067099022938237e-7
diffPreStep = diff = 1.7067002389126174e-7
diffPreStep = diff = 1.706690486713569e-7
diffPreStep = diff = 1.7066808588594995e-7
diffPreStep = diff = 1.7066711599511564e-7
diffPreStep = diff = 1.7066614432792448e-7
diffPreStep = diff = 1.7066517798980385e-7
diffPreStep = diff = 1.7066420809896954e-7
diffPreStep = diff = 1.7066323998449207e-7
diffPreStep = diff = 1.7066227009365775e-7
diffPreStep = diff = 1.7066130375553712e-7
diffPreStep = diff = 1.706603338647028e-7
diffPreStep = diff = 1.7065936752658217e-7
diffPreStep = diff = 1.7065839763574786e-7
diffPreStep = diff = 1.706574295212704e-7
diffPreStep = diff = 1.7065645963043607e-7
diffPreStep = diff = 1.7065548973960176e-7
diffPreStep = diff = 1.7065452517783797e-7
diffPreStep = diff = 1.7065355173428998e-7
diffPreStep = diff = 1.706525836198125e-7
diffPreStep = diff = 1.7065161728169187e-7
diffPreStep = diff = 1.706506491672144e-7
diffPreStep = diff = 1.7064967750002324e-7
diffPreStep = diff = 1.7064870760918893e-7
diffPreStep = diff = 1.7064773949471146e-7
diffPreStep = diff = 1.7064677315659083e-7
diffPreStep = diff = 1.7064580504211335e-7
diffPreStep = diff = 1.7064483515127904e-7
diffPreStep = diff = 1.7064387058951525e-7
diffPreStep = diff = 1.7064289536961041e-7
diffPreStep = diff = 1.7064192903148978e-7
diffPreStep = diff = 1.7064095736429863e-7
diffPreStep = diff = 1.7063998924982116e-7
diffPreStep = diff = 1.7063902291170052e-7
diffPreStep = diff = 1.706380530208662e-7
diffPreStep = diff = 1.706370831300319e-7
diffPreStep = diff = 1.7063611679191126e-7
diffPreStep = diff = 1.7063514690107695e-7
diffPreStep = diff = 1.7063418056295632e-7
diffPreStep = diff = 1.7063321422483568e-7
diffPreStep = diff = 1.7063224433400137e-7
diffPreStep = diff = 1.7063127444316706e-7
diffPreStep = diff = 1.7063030988140326e-7
diffPreStep = diff = 1.7062933999056895e-7
diffPreStep = diff = 1.7062837187609148e-7
diffPreStep = diff = 1.7062740198525717e-7
diffPreStep = diff = 1.7062643564713653e-7
diffPreStep = diff = 1.7062546575630222e-7
diffPreStep = diff = 1.706244958654679e-7
diffPreStep = diff = 1.706235259746336e-7
diffPreStep = diff = 1.7062255786015612e-7
diffPreStep = diff = 1.7062158974567865e-7
diffPreStep = diff = 1.7062062163120117e-7
diffPreStep = diff = 1.706196535167237e-7
diffPreStep = diff = 1.706186836258894e-7
diffPreStep = diff = 1.7061771728776876e-7
diffPreStep = diff = 1.7061674739693444e-7
diffPreStep = diff = 1.706157810588138e-7
diffPreStep = diff = 1.706148111679795e-7
diffPreStep = diff = 1.7061384127714518e-7
diffPreStep = diff = 1.706128767153814e-7
diffPreStep = diff = 1.7061190504819024e-7
diffPreStep = diff = 1.706109387100696e-7
diffPreStep = diff = 1.706099652665216e-7
diffPreStep = diff = 1.7060900070475782e-7
diffPreStep = diff = 1.7060803259028035e-7
diffPreStep = diff = 1.7060706447580287e-7
diffPreStep = diff = 1.7060609458496856e-7
diffPreStep = diff = 1.7060512469413425e-7
diffPreStep = diff = 1.7060416013237045e-7
diffPreStep = diff = 1.706031884651793e-7
diffPreStep = diff = 1.7060222035070183e-7
diffPreStep = diff = 1.7060125223622435e-7
diffPreStep = diff = 1.7060028412174688e-7
diffPreStep = diff = 1.705993195599831e-7
diffPreStep = diff = 1.7059834966914877e-7
diffPreStep = diff = 1.705973815546713e-7
diffPreStep = diff = 1.7059641344019383e-7
diffPreStep = diff = 1.7059544354935952e-7
diffPreStep = diff = 1.705944736585252e-7
diffPreStep = diff = 1.7059350732040457e-7
diffPreStep = diff = 1.705925392059271e-7
diffPreStep = diff = 1.7059156931509278e-7
diffPreStep = diff = 1.7059060830604267e-7
diffPreStep = diff = 1.7058963663885152e-7
diffPreStep = diff = 1.7058866319530352e-7
diffPreStep = diff = 1.7058769863353973e-7
diffPreStep = diff = 1.705867322954191e-7
diffPreStep = diff = 1.7058576240458478e-7
diffPreStep = diff = 1.705847942901073e-7
diffPreStep = diff = 1.7058382262291616e-7
diffPreStep = diff = 1.7058285806115236e-7
diffPreStep = diff = 1.705818863939612e-7
diffPreStep = diff = 1.7058092005584058e-7
diffPreStep = diff = 1.7057994838864943e-7
diffPreStep = diff = 1.7057898382688563e-7
diffPreStep = diff = 1.7057801571240816e-7
diffPreStep = diff = 1.7057704937428753e-7
diffPreStep = diff = 1.7057607948345321e-7
diffPreStep = diff = 1.7057511136897574e-7
diffPreStep = diff = 1.7057414325449827e-7
diffPreStep = diff = 1.705731751400208e-7
diffPreStep = diff = 1.7057220524918648e-7
diffPreStep = diff = 1.705712406874227e-7
diffPreStep = diff = 1.7057027079658837e-7
diffPreStep = diff = 1.7056930445846774e-7
diffPreStep = diff = 1.7056833456763343e-7
diffPreStep = diff = 1.705673682295128e-7
diffPreStep = diff = 1.7056640011503532e-7
diffPreStep = diff = 1.7056543200055785e-7
diffPreStep = diff = 1.7056445678065302e-7
diffPreStep = diff = 1.7056349399524606e-7
diffPreStep = diff = 1.705625258807686e-7
diffPreStep = diff = 1.7056155421357744e-7
diffPreStep = diff = 1.705605878754568e-7
diffPreStep = diff = 1.70559623313693e-7
diffPreStep = diff = 1.7055865519921554e-7
diffPreStep = diff = 1.7055768353202438e-7
diffPreStep = diff = 1.7055671364119007e-7
diffPreStep = diff = 1.7055574907942628e-7
diffPreStep = diff = 1.705547809649488e-7
diffPreStep = diff = 1.7055381285047133e-7
diffPreStep = diff = 1.7055284473599386e-7
diffPreStep = diff = 1.7055187839787322e-7
diffPreStep = diff = 1.7055090495432523e-7
diffPreStep = diff = 1.7054994039256144e-7
diffPreStep = diff = 1.7054897583079764e-7
diffPreStep = diff = 1.7054800238724965e-7
diffPreStep = diff = 1.7054703782548586e-7
diffPreStep = diff = 1.705460661582947e-7
diffPreStep = diff = 1.705451015965309e-7
diffPreStep = diff = 1.7054412815298292e-7
diffPreStep = diff = 1.705431671439328e-7
diffPreStep = diff = 1.7054219902945533e-7
diffPreStep = diff = 1.7054122736226418e-7
diffPreStep = diff = 1.705402592477867e-7
diffPreStep = diff = 1.7053929113330923e-7
diffPreStep = diff = 1.705383247951886e-7
diffPreStep = diff = 1.705373549043543e-7
diffPreStep = diff = 1.7053638501351998e-7
diffPreStep = diff = 1.705354168990425e-7
-9999999999999999999 = -9999999999999999999
κ = 0.0203135174923732
κ_upper = 0.0203135174923732
κ_lower = 0.0203135174923732
θ_initial = [0.11432339572008998, 2.5, 0.29580417865615743, 0.3925447846533658, 0.45465685915845505, 0.47862991260650284, 0.5343741462438772, 0.15789491038498696, 0.3051122332232121, 0.49122557759796903, 0.3639632204625862, 0.467466660621516, 0.3250308807177549, 0.4028070171619334, 0.263027569102244, 0.3340373761583556, 0.6375298037106498, 0.5070178144327654, 0.48592188547590986, 0.6055595367531774, 0.1920355143861329, 0.1581151783216713, 0.3877407813915086, 1.0, 1.0, 1.0, 1.0, 1.0, 1.0, 1.0, 1.0, 1.0, 1.0, 1.0, 1.0, 1.0, 1.0, 1.0, 1.0, 1.0, 1.0, 1.0, 1.0, 1.0, 1.0, 1.0, 1.0, 1.0, 1.0, 1.0, 1.0, 1.0, 1.0, 1.0, 1.0, 1.0, 1.0, 1.0, 1.0, 1.0, 1.0, 1.0, 1.0, 1.0, 1.0, 1.0, 1.0, 1.0, 1.0, 1.0, 1.0, 1.0, 1.0, 1.0, 1.0, 1.0, 1.0, 1.0, 1.0, 1.0, 1.0, 1.0, 1.0, 1.0, 1.0, 1.0, 1.0, 1.0, 1.0, 1.0, 1.0, 1.0, 1.0, 1.0, 1.0, 1.0, 1.0, 1.0, 1.0, 1.0, 1.0, 1.0, 1.0, 1.0, 1.0, 1.0, 1.0, 1.0, 1.0, 1.0, 1.0, 1.0, 1.0, 1.0, 1.0, 1.0, 1.0, 1.0, 1.0, 1.0, 1.0, 1.0, 1.0, 1.0, 1.0, 1.0, 1.0, 1.0, 1.0, 1.0, 1.0, 1.0, 1.0, 1.0, 1.0, 1.0, 1.0, 1.0, 1.0, 1.0, 1.0, 1.0, 1.0, 1.0, 1.0, 1.0, 1.0, 1.0, 1.0, 1.0, 1.0, 1.0, 1.0, 1.0, 1.0, 1.0, 1.0, 1.0, 1.0, 1.0, 1.0, 1.0, 1.0, 1.0, 1.0, 1.0, 1.0, 1.0, 1.0, 1.0, 1.0, 1.0, 1.0, 1.0, 1.0, 1.0, 1.0, 1.0, 1.0, 1.0, 1.0, 1.0, 1.0, 1.0, 1.0, 1.0, 1.0, 1.0, 1.0, 1.0, 1.0, 1.0, 1.0, 1.0, 1.0, 1.0, 1.0, 1.0, 1.0, 1.0, 1.0, 1.0, 1.0, 1.0, 1.0, 1.0, 1.0, 1.0, 1.0, 1.0, 1.0, 1.0, 1.0, 1.0, 1.0, 1.0, 1.0, 1.0, 1.0, 1.0, 1.0, 1.0, 1.0, 1.0, 1.0, 1.0, 1.0, 1.0, 1.0, 1.0, 1.0, 1.0, 1.0, 1.0, 1.0, 1.0, 1.0, 1.0, 1.0, 1.0, 1.0, 1.0, 1.0, 1.0, 1.0, 1.0, 1.0, 1.0, 1.0, 1.0, 1.0, 1.0, 1.0, 1.0, 1.0, 1.0, 1.0, 1.0, 1.0, 1.0, 1.0, 1.0, 1.0, 1.0, 1.0, 1.0, 1.0, 1.0, 1.0, 1.0, 1.0, 1.0, 1.0, 1.0, 1.0, 1.0, 1.0, 1.0, 1.0, 1.0, 1.0, 1.0, 1.0, 1.0, 1.0, 1.0, 1.0, 1.0, 1.0, 1.0, 1.0, 1.0, 1.0, 1.0, 1.0, 1.0, 1.0, 1.0, 1.0, 1.0, 1.0, 1.0, 1.0, 1.0, 1.0, 1.0, 1.0, 1.0, 1.0, 1.0, 1.0, 1.0, 1.0, 1.0, 1.0, 1.0, 1.0, 1.0, 1.0, 1.0, 1.0, 1.0, 1.0, 1.0, 1.0, 1.0, 1.0, 1.0, 1.0, 1.0, 1.0, 1.0, 1.0, 1.0, 1.0, 1.0, 1.0, 1.0, 1.0, 1.0, 1.0, 1.0, 1.0, 1.0, 1.0, 1.0, 1.0, 1.0, 1.0, 1.0, 1.0, 1.0, 1.0, 1.0, 1.0, 1.0, 1.0, 1.0, 1.0, 1.0, 1.0, 1.0, 1.0, 1.0, 1.0, 1.0, 1.0, 1.0, 1.0, 1.0, 1.0, 1.0, 1.0, 1.0, 1.0, 1.0, 1.0, 1.0, 1.0, 1.0, 1.0, 1.0, 1.0, 1.0, 1.0, 1.0, 1.0, 1.0, 1.0, 1.0, 1.0, 1.0, 1.0, 1.0, 1.0, 1.0, 1.0, 1.0, 1.0, 1.0, 1.0, 1.0, 1.0, 1.0, 1.0, 1.0, 1.0, 1.0, 1.0, 1.0, 1.0, 1.0, 1.0, 1.0, 1.0, 1.0, 1.0, 1.0, 1.0, 1.0, 1.0, 1.0, 1.0]
θ_initial_upper = [0.11432339572008998, 2.5, 0.29580417865615743, 0.3925447846533658, 0.45465685915845505, 0.47862991260650284, 0.5343741462438772, 0.15789491038498696, 0.3051122332232121, 0.49122557759796903, 0.3639632204625862, 0.467466660621516, 0.3250308807177549, 0.4028070171619334, 0.263027569102244, 0.3340373761583556, 0.6375298037106498, 0.5070178144327654, 0.48592188547590986, 0.6055595367531774, 0.1920355143861329, 0.1581151783216713, 0.3877407813915086, 1.0, 1.0, 1.0, 1.0, 1.0, 1.0, 1.0, 1.0, 1.0, 1.0, 1.0, 1.0, 1.0, 1.0, 1.0, 1.0, 1.0, 1.0, 1.0, 1.0, 1.0, 1.0, 1.0, 1.0, 1.0, 1.0, 1.0, 1.0, 1.0, 1.0, 1.0, 1.0, 1.0, 1.0, 1.0, 1.0, 1.0, 1.0, 1.0, 1.0, 1.0, 1.0, 1.0, 1.0, 1.0, 1.0, 1.0, 1.0, 1.0, 1.0, 1.0, 1.0, 1.0, 1.0, 1.0, 1.0, 1.0, 1.0, 1.0, 1.0, 1.0, 1.0, 1.0, 1.0, 1.0, 1.0, 1.0, 1.0, 1.0, 1.0, 1.0, 1.0, 1.0, 1.0, 1.0, 1.0, 1.0, 1.0, 1.0, 1.0, 1.0, 1.0, 1.0, 1.0, 1.0, 1.0, 1.0, 1.0, 1.0, 1.0, 1.0, 1.0, 1.0, 1.0, 1.0, 1.0, 1.0, 1.0, 1.0, 1.0, 1.0, 1.0, 1.0, 1.0, 1.0, 1.0, 1.0, 1.0, 1.0, 1.0, 1.0, 1.0, 1.0, 1.0, 1.0, 1.0, 1.0, 1.0, 1.0, 1.0, 1.0, 1.0, 1.0, 1.0, 1.0, 1.0, 1.0, 1.0, 1.0, 1.0, 1.0, 1.0, 1.0, 1.0, 1.0, 1.0, 1.0, 1.0, 1.0, 1.0, 1.0, 1.0, 1.0, 1.0, 1.0, 1.0, 1.0, 1.0, 1.0, 1.0, 1.0, 1.0, 1.0, 1.0, 1.0, 1.0, 1.0, 1.0, 1.0, 1.0, 1.0, 1.0, 1.0, 1.0, 1.0, 1.0, 1.0, 1.0, 1.0, 1.0, 1.0, 1.0, 1.0, 1.0, 1.0, 1.0, 1.0, 1.0, 1.0, 1.0, 1.0, 1.0, 1.0, 1.0, 1.0, 1.0, 1.0, 1.0, 1.0, 1.0, 1.0, 1.0, 1.0, 1.0, 1.0, 1.0, 1.0, 1.0, 1.0, 1.0, 1.0, 1.0, 1.0, 1.0, 1.0, 1.0, 1.0, 1.0, 1.0, 1.0, 1.0, 1.0, 1.0, 1.0, 1.0, 1.0, 1.0, 1.0, 1.0, 1.0, 1.0, 1.0, 1.0, 1.0, 1.0, 1.0, 1.0, 1.0, 1.0, 1.0, 1.0, 1.0, 1.0, 1.0, 1.0, 1.0, 1.0, 1.0, 1.0, 1.0, 1.0, 1.0, 1.0, 1.0, 1.0, 1.0, 1.0, 1.0, 1.0, 1.0, 1.0, 1.0, 1.0, 1.0, 1.0, 1.0, 1.0, 1.0, 1.0, 1.0, 1.0, 1.0, 1.0, 1.0, 1.0, 1.0, 1.0, 1.0, 1.0, 1.0, 1.0, 1.0, 1.0, 1.0, 1.0, 1.0, 1.0, 1.0, 1.0, 1.0, 1.0, 1.0, 1.0, 1.0, 1.0, 1.0, 1.0, 1.0, 1.0, 1.0, 1.0, 1.0, 1.0, 1.0, 1.0, 1.0, 1.0, 1.0, 1.0, 1.0, 1.0, 1.0, 1.0, 1.0, 1.0, 1.0, 1.0, 1.0, 1.0, 1.0, 1.0, 1.0, 1.0, 1.0, 1.0, 1.0, 1.0, 1.0, 1.0, 1.0, 1.0, 1.0, 1.0, 1.0, 1.0, 1.0, 1.0, 1.0, 1.0, 1.0, 1.0, 1.0, 1.0, 1.0, 1.0, 1.0, 1.0, 1.0, 1.0, 1.0, 1.0, 1.0, 1.0, 1.0, 1.0, 1.0, 1.0, 1.0, 1.0, 1.0, 1.0, 1.0, 1.0, 1.0, 1.0, 1.0, 1.0, 1.0, 1.0, 1.0, 1.0, 1.0, 1.0, 1.0, 1.0, 1.0, 1.0, 1.0, 1.0, 1.0, 1.0, 1.0, 1.0, 1.0, 1.0, 1.0, 1.0, 1.0, 1.0, 1.0, 1.0, 1.0, 1.0, 1.0, 1.0, 1.0, 1.0, 1.0, 1.0, 1.0, 1.0, 1.0, 1.0, 1.0, 1.0, 1.0, 1.0, 1.0, 1.0, 1.0]
θ_initial_lower = [0.11432339572008998, 2.5, 0.29580417865615743, 0.3925447846533658, 0.45465685915845505, 0.47862991260650284, 0.5343741462438772, 0.15789491038498696, 0.3051122332232121, 0.49122557759796903, 0.3639632204625862, 0.467466660621516, 0.3250308807177549, 0.4028070171619334, 0.263027569102244, 0.3340373761583556, 0.6375298037106498, 0.5070178144327654, 0.48592188547590986, 0.6055595367531774, 0.1920355143861329, 0.1581151783216713, 0.3877407813915086, 1.0, 1.0, 1.0, 1.0, 1.0, 1.0, 1.0, 1.0, 1.0, 1.0, 1.0, 1.0, 1.0, 1.0, 1.0, 1.0, 1.0, 1.0, 1.0, 1.0, 1.0, 1.0, 1.0, 1.0, 1.0, 1.0, 1.0, 1.0, 1.0, 1.0, 1.0, 1.0, 1.0, 1.0, 1.0, 1.0, 1.0, 1.0, 1.0, 1.0, 1.0, 1.0, 1.0, 1.0, 1.0, 1.0, 1.0, 1.0, 1.0, 1.0, 1.0, 1.0, 1.0, 1.0, 1.0, 1.0, 1.0, 1.0, 1.0, 1.0, 1.0, 1.0, 1.0, 1.0, 1.0, 1.0, 1.0, 1.0, 1.0, 1.0, 1.0, 1.0, 1.0, 1.0, 1.0, 1.0, 1.0, 1.0, 1.0, 1.0, 1.0, 1.0, 1.0, 1.0, 1.0, 1.0, 1.0, 1.0, 1.0, 1.0, 1.0, 1.0, 1.0, 1.0, 1.0, 1.0, 1.0, 1.0, 1.0, 1.0, 1.0, 1.0, 1.0, 1.0, 1.0, 1.0, 1.0, 1.0, 1.0, 1.0, 1.0, 1.0, 1.0, 1.0, 1.0, 1.0, 1.0, 1.0, 1.0, 1.0, 1.0, 1.0, 1.0, 1.0, 1.0, 1.0, 1.0, 1.0, 1.0, 1.0, 1.0, 1.0, 1.0, 1.0, 1.0, 1.0, 1.0, 1.0, 1.0, 1.0, 1.0, 1.0, 1.0, 1.0, 1.0, 1.0, 1.0, 1.0, 1.0, 1.0, 1.0, 1.0, 1.0, 1.0, 1.0, 1.0, 1.0, 1.0, 1.0, 1.0, 1.0, 1.0, 1.0, 1.0, 1.0, 1.0, 1.0, 1.0, 1.0, 1.0, 1.0, 1.0, 1.0, 1.0, 1.0, 1.0, 1.0, 1.0, 1.0, 1.0, 1.0, 1.0, 1.0, 1.0, 1.0, 1.0, 1.0, 1.0, 1.0, 1.0, 1.0, 1.0, 1.0, 1.0, 1.0, 1.0, 1.0, 1.0, 1.0, 1.0, 1.0, 1.0, 1.0, 1.0, 1.0, 1.0, 1.0, 1.0, 1.0, 1.0, 1.0, 1.0, 1.0, 1.0, 1.0, 1.0, 1.0, 1.0, 1.0, 1.0, 1.0, 1.0, 1.0, 1.0, 1.0, 1.0, 1.0, 1.0, 1.0, 1.0, 1.0, 1.0, 1.0, 1.0, 1.0, 1.0, 1.0, 1.0, 1.0, 1.0, 1.0, 1.0, 1.0, 1.0, 1.0, 1.0, 1.0, 1.0, 1.0, 1.0, 1.0, 1.0, 1.0, 1.0, 1.0, 1.0, 1.0, 1.0, 1.0, 1.0, 1.0, 1.0, 1.0, 1.0, 1.0, 1.0, 1.0, 1.0, 1.0, 1.0, 1.0, 1.0, 1.0, 1.0, 1.0, 1.0, 1.0, 1.0, 1.0, 1.0, 1.0, 1.0, 1.0, 1.0, 1.0, 1.0, 1.0, 1.0, 1.0, 1.0, 1.0, 1.0, 1.0, 1.0, 1.0, 1.0, 1.0, 1.0, 1.0, 1.0, 1.0, 1.0, 1.0, 1.0, 1.0, 1.0, 1.0, 1.0, 1.0, 1.0, 1.0, 1.0, 1.0, 1.0, 1.0, 1.0, 1.0, 1.0, 1.0, 1.0, 1.0, 1.0, 1.0, 1.0, 1.0, 1.0, 1.0, 1.0, 1.0, 1.0, 1.0, 1.0, 1.0, 1.0, 1.0, 1.0, 1.0, 1.0, 1.0, 1.0, 1.0, 1.0, 1.0, 1.0, 1.0, 1.0, 1.0, 1.0, 1.0, 1.0, 1.0, 1.0, 1.0, 1.0, 1.0, 1.0, 1.0, 1.0, 1.0, 1.0, 1.0, 1.0, 1.0, 1.0, 1.0, 1.0, 1.0, 1.0, 1.0, 1.0, 1.0, 1.0, 1.0, 1.0, 1.0, 1.0, 1.0, 1.0, 1.0, 1.0, 1.0, 1.0, 1.0, 1.0, 1.0, 1.0, 1.0, 1.0, 1.0, 1.0, 1.0, 1.0, 1.0, 1.0, 1.0, 1.0, 1.0, 1.0, 1.0, 1.0]
numMoments = 402
numMomentInnerSimple = 401
inequality_index = Int64[]
PMM = [0.00028473820007717644 -0.00017650414100142312 -2.2652267728527908e-5 7.368528877392191e-5 -3.428336988264602e-6 0.00035265766860629574 -4.859274651879531e-5 1.8732514820842074e-5 5.181467521623881e-5 0.00044468294901139845 0.00027747410850325124 -0.00012268891305077464 0.00025450242749521776 0.0002263432820754478 -0.000133193106114673 0.00020631525513262875 5.002133229187544e-5 -0.00021018844125866368 -9.50016892621951e-6 0.0002904696304508847 -3.3842977508731354e-5 0.0036104576669761163 0.00035234793223537216 0.0003586879413276034 0.00011927557873373899 0.00032864574730987275 0.0010904629406710022 0.00017186595887568127 0.0006477331253964009 0.0002614491703356615 8.259564906626173e-5 0.0006159806293206297 8.995801045506828e-5 0.0004969140283678779 0.0009115552414970951 0.000319025417770338 -1.7613601236754328e-5 0.0004991334883931553 6.163828300793594e-5 -0.00013128365636137275 -2.8847849916975577e-5 2.83228612985296e-5 0.0023491416403361104 6.612689953460715e-6 0.000114937470807771 5.569248521560604e-5 0.00022742195533263034 -0.0002186746205940774 5.862883859758996e-5 -3.15697093313634e-5 -3.331929500416873e-5 -0.00018550537227875687 -0.00020883759032204306 -7.899490854749848e-5 8.496258969157812e-5 -2.4350745423912367e-5 6.0178588379764885e-5 0.000116426127251125 -6.048354413805773e-5 -0.00024311553566693468 -0.00010870034540415748 0.00012828910241685846 -7.265372403403074e-5 -0.0015055768741523631 -5.345502000358238e-5 -0.00014531294478489114 0.00019669609742189008 -5.012192519709979e-5 -0.0001575316948158434 -0.00023214122810462037 -3.9364018064361575e-5 -0.0002318294509850512 -0.00022457397981146842 9.50107519188627e-5 0.00032778650472080903 -0.00024675191348968653 -0.00018611080024498876 -0.00019419641942126692 -0.0007752045714919075 -0.00024100041045053424 -9.859488574074229e-5 -0.0007748616459163897 -9.414635742219295e-5 1.1850144594621704e-5 8.733636401600933e-5 -6.178795438861071e-5 -0.0003431131979745083 -0.0003829541359089133 -0.00012151603399334993 -0.00014637275121460726 -0.00023698102300269452 -0.00036006781073007107 -7.490477674558189e-5 -0.0001067949177366257 -0.0002572861442901433 -0.0005495921352908332 0.00016060124069525435 -0.00027386979791712787 4.714806435027965e-5 -0.0005976378343202937 0.0005896223161805652 0.0009278007445848112 0.0005421035790321349 -0.00019209108048916915 0.0004577532172960212 0.0001364576790440042 0.0020576817317001597 0.00027380947837233504 0.0008371392155371366 0.0010968697933855802 0.000671472284800117 0.0007266098479352457 0.0005953746639090608 0.00011174034044940631 -0.0001692267622660415 0.0005086471445179238 0.0016908885828566156 0.001961783644745229 0.002320982626899003 0.0010017475424998988 -0.00019211014031581523 -0.002334257722482326 -0.0020471161610093854 -0.0006671513715662132 -0.0020044373770241775 -0.0008453686276482564 -0.004773300876392466 -0.0023132413750600734 -0.0017064206379661282 -0.0004508297513213458 -0.00047091572624392467 -0.003333192878390372 -0.001005599311067214 -0.0009802234758600108 -0.0014667637981111519 -0.0028708557053365347 -0.002635231139842859 -0.001035765003231981 -0.0007657970315276582 -0.002136150367591679 -0.00011711933425181424 0.0009911985099999494 -8.063048483818027e-5 -4.202634566144147e-5 0.00022428259277410776 1.9959365893594492e-5 -0.0007335872496931236 -0.0013301375004830338 -0.00028649629704476277 -1.21577154230608e-5 -9.463920114248624e-5 0.0002356191850584078 -0.00011082695098680546 -9.659646083280396e-5 -0.00022787934680317256 0.00017956938366776772 -0.0006536195304228299 0.00026533075243282084 -4.8971107518004797e-5 -0.0004983222635190274 7.389279502641104e-5 0.00039045054873748024 -0.00018878099839464717 -0.00013571555452129028 4.2442629383615986e-6 -0.00019619477007081905 -4.941284666213761e-5 0.00011663435251686858 0.004811894512430893 -0.00013297842695607852 0.00016855747347095887 -0.00014193885999561564 -0.000163367649533755 -0.00041934752522049886 -0.0006570090927517642 0.0005933817643528354 -0.000179530325224785 0.0005393331722316311 -0.0005887034590830531 0.00029238698666050043 2.5130434648416422e-5 0.0005525634190148279 0.00041901251969957343 0.0004245897832031856 0.0005966168047261426 0.00015753213192883946 0.0003227790199778297 0.00032879811873152 0.0003612442036441999 0.0002633954909111807 7.485054718128134e-5 0.0003887179356201178 0.00013603680310814533 0.000497917919102602 0.0003120786887168097 0.00016190388374411646 0.0006443208052103767 0.00038974002852815615 0.0005830755629459732 0.0004914200748209721 9.12898077535609e-5 -5.0769069311477356e-5 0.00022369281331453453 0.0002545011490277122 0.00022927853608926277 -0.00013650524091850193 8.776922611530119e-5 0.0004199514481132634 -0.00018455980915155023 9.516430484530862e-5 0.0014744411664155417 -0.00020138068049751538 0.00011092386659285815 8.263452371366153e-5 -0.00018296596852070653 0.0003151512458281726 -0.00028575517815819594 0.0008849486122951827 0.0003978626981567511 0.0005306746933544744 -3.316715163329765e-5 0.0005969858827360091 -0.00038557812898190835 -4.0819953725273625e-5 0.00066503314248046 -7.488759081776844e-5 -0.00023654004359032835 0.001653359342320859 -3.827355088112108e-5 -0.0002964750832528645 -0.00025988046149180493 0.0037070846048814273 -1.51990979003499e-5 -0.00026873131500547605 -0.0003462857927198937 -6.89645558823184e-5 -9.061304514197488e-6 -9.12009371054027e-5 -0.0003794573485523145 -0.00043365073009067243 3.020431773421928e-7 9.186689258312155e-5 5.320890497377202e-5 -0.000238023397549131 0.0003420912236432321 5.229065504125465e-5 -6.7526515452504656e-6 3.616248958780795e-5 0.00033253050295054443 -0.00021039705813093707 -3.0447656632496933e-5 0.0003233934760391868 0.0028663348698517977 0.0006959053848537067 -0.0004301701645871698 0.0007059684732296593 0.0011924514807410797 2.898350583115237e-5 0.0003542419249661274 0.00037192901927981056 -6.923163005213038e-5 -8.643986993671478e-5 0.00019600396573322203 0.00020044179390258418 0.0001912017155259887 0.0006904396852034264 0.0002511747639808517 0.0001600766128097273 7.761099969631427e-5 0.0001522106004266918 -3.8442341416476066e-5 0.0002496884514869289 0.00032093416967892357 0.0018539439294198168 0.00030375413434143716 -0.00018320461196207627 -0.00015953367693778762 -1.2679738158040487e-5 -7.087510263483909e-5 -7.269265081479386e-5 -0.00011839818059142731 -0.00025868327468658804 -6.858559931349095e-5 9.239754359307355e-5 -0.000334092356489557 -0.00017446051200447948 3.9712770270091615e-5 -0.00013973851371002066 -0.00010353808030799343 -0.00010999052192668863 3.4513805911211364e-6 4.518723114807589e-5 -9.056330282979834e-5 -0.0001598328153960574 0.004528428512214921 1.4309585227606147e-5 -3.460086653639472e-5 -0.0001288008493075072 5.5159770093196946e-5 -0.00016351796433122906 -3.0609491317688795e-5 0.00046301035422139297 0.0011238106311941233 0.0001823419597873039 0.00037736318206056023 5.1137443995037135e-5 -1.0348943754803353e-5 0.0005122102270396648 0.0008806990618603457 0.00010871043277890457 -9.477721011176176e-6 -0.0006461103773757877 -1.9387635802670887e-5 0.00013287613474876033 0.0002899019343961147 -0.0020080467070214764 0.0004805779793594877 0.0003051647822149149 -7.828679314077738e-5 0.0002490758944845608 1.4366420687627069e-5 0.00018507598476778447 0.00015042738982397655 0.0002779874242480319 5.449641349980241e-5 0.0002478401541955982 -0.00014373318509834353 0.00041050469047150404 -1.950752469538565e-5 0.00035888964864621393 0.00031944012877945633 0.0001851238510338874 0.000328068944330457 7.014994576690322e-5 0.00016388515832783756 0.0009551230376698941 0.0007612690396930704 -0.0003565911272531702 4.373044280455594e-5 4.2091959544490496e-5 -5.0611244274166555e-5 -0.00010354255371490149 -0.00017022800938721355 -0.00025774006074688214 -9.825871179104686e-5 -0.00011068809377451538 0.000260017965490118 4.031765666833023e-5 -0.0004306874500126394 -0.00010067361855247392 -9.77088609318405e-5 9.746831027525342e-5 -5.093411597461124e-5 -0.0001975898259869804 1.0383694198608163e-5 -0.0003326747780642767 -3.9529476958132603e-5 -0.0018378179354241989 5.1366251936923566e-6 0.00042184412379756323 8.774330234850295e-5 -0.0005955010836454992 -0.0010951967922173654 0.002447759832687439 -0.001921898718690425 0.0006525921785594151 -0.000673036396655084 -9.341161737611094e-5 -0.0006345271835989798 0.0004050191025282025 0.0002812130255965659 0.0003083328124036122 0.00018148354769842982 -5.6855068047681277e-5 0.0010161933939127426 -1.060601353208792e-5 -0.0004435270055415922 0.0006006706587892825 -0.000486654790359154 -0.0005236784593879054 -0.0004223519674013669 -0.0025595668812451243 -0.0009436530479715122 -0.0007393798621712198 -0.0012117096673004428 -0.0006122299835680006 -0.0004302339860329861 -0.001045463572108327 -0.0019289949191474175 -0.0003742372631788732 -0.0007556890101507759 0.0011922959957464312 -0.001337535233673534 -0.0011819721134724624 -0.0005877932728975614 0.0001498063818455084 -0.00015045373940326286 -0.000398029845002816 -0.0002923972176291703 0.0014435731504655717 0.0017090852720923401 -3.8630123405658523e-16]
moments_with_var = [1, 2, 3, 4, 5, 6, 7, 8, 9, 10, 11, 12, 13, 14, 15, 16, 17, 18, 19, 20, 21, 22, 23, 24, 25, 26, 27, 28, 29, 30, 31, 32, 33, 34, 35, 36, 37, 38, 39, 40, 41, 42, 43, 44, 45, 46, 47, 48, 49, 50, 51, 52, 53, 54, 55, 56, 57, 58, 59, 60, 61, 62, 63, 64, 65, 66, 67, 68, 69, 70, 71, 72, 73, 74, 75, 76, 77, 78, 79, 80, 81, 82, 83, 84, 85, 86, 87, 88, 89, 90, 91, 92, 93, 94, 95, 96, 97, 98, 99, 100, 101, 102, 103, 104, 105, 106, 107, 108, 109, 110, 111, 112, 113, 114, 115, 116, 117, 118, 119, 120, 121, 122, 123, 124, 125, 126, 127, 128, 129, 130, 131, 132, 133, 134, 135, 136, 137, 138, 139, 140, 141, 142, 143, 144, 145, 146, 147, 148, 149, 150, 151, 152, 153, 154, 155, 156, 157, 158, 159, 160, 161, 162, 163, 164, 165, 166, 167, 168, 169, 170, 171, 172, 173, 174, 175, 176, 177, 178, 179, 180, 181, 182, 183, 184, 185, 186, 187, 188, 189, 190, 191, 192, 193, 194, 195, 196, 197, 198, 199, 200, 201, 202, 203, 204, 205, 206, 207, 208, 209, 210, 211, 212, 213, 214, 215, 216, 217, 218, 219, 220, 221, 222, 223, 224, 225, 226, 227, 228, 229, 230, 231, 232, 233, 234, 235, 236, 237, 238, 239, 240, 241, 242, 243, 244, 245, 246, 247, 248, 249, 250, 251, 252, 253, 254, 255, 256, 257, 258, 259, 260, 261, 262, 263, 264, 265, 266, 267, 268, 269, 270, 271, 272, 273, 274, 275, 276, 277, 278, 279, 280, 281, 282, 283, 284, 285, 286, 287, 288, 289, 290, 291, 292, 293, 294, 295, 296, 297, 298, 299, 300, 301, 302, 303, 304, 305, 306, 307, 308, 309, 310, 311, 312, 313, 314, 315, 316, 317, 318, 319, 320, 321, 322, 323, 324, 325, 326, 327, 328, 329, 330, 331, 332, 333, 334, 335, 336, 337, 338, 339, 340, 341, 342, 343, 344, 345, 346, 347, 348, 349, 350, 351, 352, 353, 354, 355, 356, 357, 358, 359, 360, 361, 362, 363, 364, 365, 366, 367, 368, 369, 370, 371, 372, 373, 374, 375, 376, 377, 378, 379, 380, 381, 382, 383, 384, 385, 386, 387, 388, 389, 390, 391, 392, 393, 394, 395, 396, 397, 398, 399, 400, 401]
moments_without_var = Int64[]
δ_star_initial = -0.0025908618751121983
val = 0.0025908618751121983
δ_star_initial_low = -0.0025908618751121983
val = 0.0025908618751121983
δ_star_initial_up = -0.0025908618751121983
δ_star_initial = -0.0025908618751121983
δ_grid = [1]
δ_grid_filtered = [1]
>>> [cplus] matched trajectory start: g=0.9877618976237339 ||zfree||=315.4691125394215 delta=0.1 maxtime=600.0
[matched_cplus] cm_gradient_backend=cplus (EXPERIMENTAL -- overnight task 2026-07-22, opt-in)
WARNING:  Option 'par_blasnumthreads' deprecated, please use 'blas_numthreads'.
WARNING:  Option 'par_concurrent_evals' deprecated, please use 'concurrent_evals'.
WARNING:  Option 'par_lsnumthreads' deprecated, please use 'linsolver_numthreads'.
WARNING:  Option 'par_conicnumthreads' deprecated, please use 'conic_numthreads'.
WARNING:  Option 'par_msnumthreads' deprecated, please use 'ms_numthreads'.
WARNING:  Option 'par_numthreads' deprecated, please use 'numthreads'.

=======================================
           Academic License
       (NOT FOR COMMERCIAL USE)
         Artelys Knitro 13.0.1
=======================================

diffPreStep = diff = 1.4854166091639391
diffPreStep = diff = 1.7072681224306052e-7
diffPreStep = diff = 1.7072621538716248e-7
diffPreStep = diff = 1.7072524549632817e-7
diffPreStep = diff = 1.707242773818507e-7
diffPreStep = diff = 1.7072330749101639e-7
diffPreStep = diff = 1.707223393765389e-7
diffPreStep = diff = 1.7072137126206144e-7
diffPreStep = diff = 1.707203995948703e-7
diffPreStep = diff = 1.7071943148039281e-7
diffPreStep = diff = 1.707184615895585e-7
diffPreStep = diff = 1.707174970277947e-7
diffPreStep = diff = 1.7071653068967407e-7
diffPreStep = diff = 1.7071555902248292e-7
diffPreStep = diff = 1.7071458735529177e-7
diffPreStep = diff = 1.7071361746445746e-7
diffPreStep = diff = 1.7071265290269366e-7
diffPreStep = diff = 1.707116812355025e-7
diffPreStep = diff = 1.7071071312102504e-7
diffPreStep = diff = 1.7070974323019072e-7
diffPreStep = diff = 1.707087733393564e-7
diffPreStep = diff = 1.707078034485221e-7
diffPreStep = diff = 1.707068388867583e-7
diffPreStep = diff = 1.7070586721956715e-7
diffPreStep = diff = 1.7070489910508968e-7
diffPreStep = diff = 1.707039256615417e-7
diffPreStep = diff = 1.7070295754706422e-7
diffPreStep = diff = 1.7070199120894358e-7
diffPreStep = diff = 1.7070101954175243e-7
diffPreStep = diff = 1.7070005142727496e-7
diffPreStep = diff = 1.7069908331279748e-7
diffPreStep = diff = 1.7069811697467685e-7
diffPreStep = diff = 1.7069714886019938e-7
diffPreStep = diff = 1.7069617541665139e-7
diffPreStep = diff = 1.706952108548876e-7
diffPreStep = diff = 1.706942374113396e-7
diffPreStep = diff = 1.706932728495758e-7
diffPreStep = diff = 1.7069230118238465e-7
diffPreStep = diff = 1.7069133484426402e-7
diffPreStep = diff = 1.706903649534297e-7
diffPreStep = diff = 1.7068939683895223e-7
diffPreStep = diff = 1.7068842872447476e-7
diffPreStep = diff = 1.7068745528092677e-7
diffPreStep = diff = 1.7068649071916298e-7
diffPreStep = diff = 1.706855226046855e-7
diffPreStep = diff = 1.706845527138512e-7
diffPreStep = diff = 1.7068358282301688e-7
diffPreStep = diff = 1.706826147085394e-7
diffPreStep = diff = 1.7068164659406193e-7
diffPreStep = diff = 1.7068067670322762e-7
diffPreStep = diff = 1.7067971214146382e-7
diffPreStep = diff = 1.7067873869791583e-7
diffPreStep = diff = 1.7067777058343836e-7
diffPreStep = diff = 1.7067680246896089e-7
diffPreStep = diff = 1.7067583435448341e-7
diffPreStep = diff = 1.7067486268729226e-7
diffPreStep = diff = 1.7067389634917163e-7
diffPreStep = diff = 1.70672930011051e-7
diffPreStep = diff = 1.7067195834385984e-7
diffPreStep = diff = 1.7067099022938237e-7
diffPreStep = diff = 1.7067002389126174e-7
diffPreStep = diff = 1.706690486713569e-7
diffPreStep = diff = 1.7066808588594995e-7
diffPreStep = diff = 1.7066711599511564e-7
diffPreStep = diff = 1.7066614432792448e-7
diffPreStep = diff = 1.7066517798980385e-7
diffPreStep = diff = 1.7066420809896954e-7
diffPreStep = diff = 1.7066323998449207e-7
diffPreStep = diff = 1.7066227009365775e-7
diffPreStep = diff = 1.7066130375553712e-7
diffPreStep = diff = 1.706603338647028e-7
diffPreStep = diff = 1.7065936752658217e-7
diffPreStep = diff = 1.7065839763574786e-7
diffPreStep = diff = 1.706574295212704e-7
diffPreStep = diff = 1.7065645963043607e-7
diffPreStep = diff = 1.7065548973960176e-7
diffPreStep = diff = 1.7065452517783797e-7
diffPreStep = diff = 1.7065355173428998e-7
diffPreStep = diff = 1.706525836198125e-7
diffPreStep = diff = 1.7065161728169187e-7
diffPreStep = diff = 1.706506491672144e-7
diffPreStep = diff = 1.7064967750002324e-7
diffPreStep = diff = 1.7064870760918893e-7
diffPreStep = diff = 1.7064773949471146e-7
diffPreStep = diff = 1.7064677315659083e-7
diffPreStep = diff = 1.7064580504211335e-7
diffPreStep = diff = 1.7064483515127904e-7
diffPreStep = diff = 1.7064387058951525e-7
diffPreStep = diff = 1.7064289536961041e-7
diffPreStep = diff = 1.7064192903148978e-7
diffPreStep = diff = 1.7064095736429863e-7
diffPreStep = diff = 1.7063998924982116e-7
diffPreStep = diff = 1.7063902291170052e-7
diffPreStep = diff = 1.706380530208662e-7
diffPreStep = diff = 1.706370831300319e-7
diffPreStep = diff = 1.7063611679191126e-7
diffPreStep = diff = 1.7063514690107695e-7
diffPreStep = diff = 1.7063418056295632e-7
diffPreStep = diff = 1.7063321422483568e-7
diffPreStep = diff = 1.7063224433400137e-7
diffPreStep = diff = 1.7063127444316706e-7
diffPreStep = diff = 1.7063030988140326e-7
diffPreStep = diff = 1.7062933999056895e-7
diffPreStep = diff = 1.7062837187609148e-7
diffPreStep = diff = 1.7062740198525717e-7
diffPreStep = diff = 1.7062643564713653e-7
diffPreStep = diff = 1.7062546575630222e-7
diffPreStep = diff = 1.706244958654679e-7
diffPreStep = diff = 1.706235259746336e-7
diffPreStep = diff = 1.7062255786015612e-7
diffPreStep = diff = 1.7062158974567865e-7
diffPreStep = diff = 1.7062062163120117e-7
diffPreStep = diff = 1.706196535167237e-7
diffPreStep = diff = 1.706186836258894e-7
diffPreStep = diff = 1.7061771728776876e-7
diffPreStep = diff = 1.7061674739693444e-7
diffPreStep = diff = 1.706157810588138e-7
diffPreStep = diff = 1.706148111679795e-7
diffPreStep = diff = 1.7061384127714518e-7
diffPreStep = diff = 1.706128767153814e-7
diffPreStep = diff = 1.7061190504819024e-7
diffPreStep = diff = 1.706109387100696e-7
diffPreStep = diff = 1.706099652665216e-7
diffPreStep = diff = 1.7060900070475782e-7
diffPreStep = diff = 1.7060803259028035e-7
diffPreStep = diff = 1.7060706447580287e-7
diffPreStep = diff = 1.7060609458496856e-7
diffPreStep = diff = 1.7060512469413425e-7
diffPreStep = diff = 1.7060416013237045e-7
diffPreStep = diff = 1.706031884651793e-7
diffPreStep = diff = 1.7060222035070183e-7
diffPreStep = diff = 1.7060125223622435e-7
diffPreStep = diff = 1.7060028412174688e-7
diffPreStep = diff = 1.705993195599831e-7
diffPreStep = diff = 1.7059834966914877e-7
diffPreStep = diff = 1.705973815546713e-7
diffPreStep = diff = 1.7059641344019383e-7
diffPreStep = diff = 1.7059544354935952e-7
diffPreStep = diff = 1.705944736585252e-7
diffPreStep = diff = 1.7059350732040457e-7
diffPreStep = diff = 1.705925392059271e-7
diffPreStep = diff = 1.7059156931509278e-7
diffPreStep = diff = 1.7059060830604267e-7
diffPreStep = diff = 1.7058963663885152e-7
diffPreStep = diff = 1.7058866319530352e-7
diffPreStep = diff = 1.7058769863353973e-7
diffPreStep = diff = 1.705867322954191e-7
diffPreStep = diff = 1.7058576240458478e-7
diffPreStep = diff = 1.705847942901073e-7
diffPreStep = diff = 1.7058382262291616e-7
diffPreStep = diff = 1.7058285806115236e-7
diffPreStep = diff = 1.705818863939612e-7
diffPreStep = diff = 1.7058092005584058e-7
diffPreStep = diff = 1.7057994838864943e-7
diffPreStep = diff = 1.7057898382688563e-7
diffPreStep = diff = 1.7057801571240816e-7
diffPreStep = diff = 1.7057704937428753e-7
diffPreStep = diff = 1.7057607948345321e-7
diffPreStep = diff = 1.7057511136897574e-7
diffPreStep = diff = 1.7057414325449827e-7
diffPreStep = diff = 1.705731751400208e-7
diffPreStep = diff = 1.7057220524918648e-7
diffPreStep = diff = 1.705712406874227e-7
diffPreStep = diff = 1.7057027079658837e-7
diffPreStep = diff = 1.7056930445846774e-7
diffPreStep = diff = 1.7056833456763343e-7
diffPreStep = diff = 1.705673682295128e-7
diffPreStep = diff = 1.7056640011503532e-7
diffPreStep = diff = 1.7056543200055785e-7
diffPreStep = diff = 1.7056445678065302e-7
diffPreStep = diff = 1.7056349399524606e-7
diffPreStep = diff = 1.705625258807686e-7
diffPreStep = diff = 1.7056155421357744e-7
diffPreStep = diff = 1.705605878754568e-7
diffPreStep = diff = 1.70559623313693e-7
diffPreStep = diff = 1.7055865519921554e-7
diffPreStep = diff = 1.7055768353202438e-7
diffPreStep = diff = 1.7055671364119007e-7
diffPreStep = diff = 1.7055574907942628e-7
diffPreStep = diff = 1.705547809649488e-7
diffPreStep = diff = 1.7055381285047133e-7
diffPreStep = diff = 1.7055284473599386e-7
diffPreStep = diff = 1.7055187839787322e-7
diffPreStep = diff = 1.7055090495432523e-7
diffPreStep = diff = 1.7054994039256144e-7
diffPreStep = diff = 1.7054897583079764e-7
diffPreStep = diff = 1.7054800238724965e-7
diffPreStep = diff = 1.7054703782548586e-7
diffPreStep = diff = 1.705460661582947e-7
diffPreStep = diff = 1.705451015965309e-7
diffPreStep = diff = 1.7054412815298292e-7
diffPreStep = diff = 1.705431671439328e-7
diffPreStep = diff = 1.7054219902945533e-7
diffPreStep = diff = 1.7054122736226418e-7
diffPreStep = diff = 1.705402592477867e-7
diffPreStep = diff = 1.7053929113330923e-7
diffPreStep = diff = 1.705383247951886e-7
diffPreStep = diff = 1.705373549043543e-7
diffPreStep = diff = 1.7053638501351998e-7
diffPreStep = diff = 1.705354168990425e-7
-9999999999999999999 = -9999999999999999999
κ = 0.0203135174923732
κ_upper = 0.0203135174923732
κ_lower = 0.0203135174923732
θ_initial = [0.11432339572008998, 2.5, 0.29580417865615743, 0.3925447846533658, 0.45465685915845505, 0.47862991260650284, 0.5343741462438772, 0.15789491038498696, 0.3051122332232121, 0.49122557759796903, 0.3639632204625862, 0.467466660621516, 0.3250308807177549, 0.4028070171619334, 0.263027569102244, 0.3340373761583556, 0.6375298037106498, 0.5070178144327654, 0.48592188547590986, 0.6055595367531774, 0.1920355143861329, 0.1581151783216713, 0.3877407813915086, 1.0, 1.0, 1.0, 1.0, 1.0, 1.0, 1.0, 1.0, 1.0, 1.0, 1.0, 1.0, 1.0, 1.0, 1.0, 1.0, 1.0, 1.0, 1.0, 1.0, 1.0, 1.0, 1.0, 1.0, 1.0, 1.0, 1.0, 1.0, 1.0, 1.0, 1.0, 1.0, 1.0, 1.0, 1.0, 1.0, 1.0, 1.0, 1.0, 1.0, 1.0, 1.0, 1.0, 1.0, 1.0, 1.0, 1.0, 1.0, 1.0, 1.0, 1.0, 1.0, 1.0, 1.0, 1.0, 1.0, 1.0, 1.0, 1.0, 1.0, 1.0, 1.0, 1.0, 1.0, 1.0, 1.0, 1.0, 1.0, 1.0, 1.0, 1.0, 1.0, 1.0, 1.0, 1.0, 1.0, 1.0, 1.0, 1.0, 1.0, 1.0, 1.0, 1.0, 1.0, 1.0, 1.0, 1.0, 1.0, 1.0, 1.0, 1.0, 1.0, 1.0, 1.0, 1.0, 1.0, 1.0, 1.0, 1.0, 1.0, 1.0, 1.0, 1.0, 1.0, 1.0, 1.0, 1.0, 1.0, 1.0, 1.0, 1.0, 1.0, 1.0, 1.0, 1.0, 1.0, 1.0, 1.0, 1.0, 1.0, 1.0, 1.0, 1.0, 1.0, 1.0, 1.0, 1.0, 1.0, 1.0, 1.0, 1.0, 1.0, 1.0, 1.0, 1.0, 1.0, 1.0, 1.0, 1.0, 1.0, 1.0, 1.0, 1.0, 1.0, 1.0, 1.0, 1.0, 1.0, 1.0, 1.0, 1.0, 1.0, 1.0, 1.0, 1.0, 1.0, 1.0, 1.0, 1.0, 1.0, 1.0, 1.0, 1.0, 1.0, 1.0, 1.0, 1.0, 1.0, 1.0, 1.0, 1.0, 1.0, 1.0, 1.0, 1.0, 1.0, 1.0, 1.0, 1.0, 1.0, 1.0, 1.0, 1.0, 1.0, 1.0, 1.0, 1.0, 1.0, 1.0, 1.0, 1.0, 1.0, 1.0, 1.0, 1.0, 1.0, 1.0, 1.0, 1.0, 1.0, 1.0, 1.0, 1.0, 1.0, 1.0, 1.0, 1.0, 1.0, 1.0, 1.0, 1.0, 1.0, 1.0, 1.0, 1.0, 1.0, 1.0, 1.0, 1.0, 1.0, 1.0, 1.0, 1.0, 1.0, 1.0, 1.0, 1.0, 1.0, 1.0, 1.0, 1.0, 1.0, 1.0, 1.0, 1.0, 1.0, 1.0, 1.0, 1.0, 1.0, 1.0, 1.0, 1.0, 1.0, 1.0, 1.0, 1.0, 1.0, 1.0, 1.0, 1.0, 1.0, 1.0, 1.0, 1.0, 1.0, 1.0, 1.0, 1.0, 1.0, 1.0, 1.0, 1.0, 1.0, 1.0, 1.0, 1.0, 1.0, 1.0, 1.0, 1.0, 1.0, 1.0, 1.0, 1.0, 1.0, 1.0, 1.0, 1.0, 1.0, 1.0, 1.0, 1.0, 1.0, 1.0, 1.0, 1.0, 1.0, 1.0, 1.0, 1.0, 1.0, 1.0, 1.0, 1.0, 1.0, 1.0, 1.0, 1.0, 1.0, 1.0, 1.0, 1.0, 1.0, 1.0, 1.0, 1.0, 1.0, 1.0, 1.0, 1.0, 1.0, 1.0, 1.0, 1.0, 1.0, 1.0, 1.0, 1.0, 1.0, 1.0, 1.0, 1.0, 1.0, 1.0, 1.0, 1.0, 1.0, 1.0, 1.0, 1.0, 1.0, 1.0, 1.0, 1.0, 1.0, 1.0, 1.0, 1.0, 1.0, 1.0, 1.0, 1.0, 1.0, 1.0, 1.0, 1.0, 1.0, 1.0, 1.0, 1.0, 1.0, 1.0, 1.0, 1.0, 1.0, 1.0, 1.0, 1.0, 1.0, 1.0, 1.0, 1.0, 1.0, 1.0, 1.0, 1.0, 1.0, 1.0, 1.0, 1.0, 1.0, 1.0, 1.0, 1.0, 1.0, 1.0, 1.0, 1.0, 1.0, 1.0, 1.0, 1.0, 1.0, 1.0, 1.0, 1.0, 1.0, 1.0, 1.0, 1.0, 1.0, 1.0, 1.0, 1.0, 1.0, 1.0, 1.0, 1.0, 1.0]
θ_initial_upper = [0.11432339572008998, 2.5, 0.29580417865615743, 0.3925447846533658, 0.45465685915845505, 0.47862991260650284, 0.5343741462438772, 0.15789491038498696, 0.3051122332232121, 0.49122557759796903, 0.3639632204625862, 0.467466660621516, 0.3250308807177549, 0.4028070171619334, 0.263027569102244, 0.3340373761583556, 0.6375298037106498, 0.5070178144327654, 0.48592188547590986, 0.6055595367531774, 0.1920355143861329, 0.1581151783216713, 0.3877407813915086, 1.0, 1.0, 1.0, 1.0, 1.0, 1.0, 1.0, 1.0, 1.0, 1.0, 1.0, 1.0, 1.0, 1.0, 1.0, 1.0, 1.0, 1.0, 1.0, 1.0, 1.0, 1.0, 1.0, 1.0, 1.0, 1.0, 1.0, 1.0, 1.0, 1.0, 1.0, 1.0, 1.0, 1.0, 1.0, 1.0, 1.0, 1.0, 1.0, 1.0, 1.0, 1.0, 1.0, 1.0, 1.0, 1.0, 1.0, 1.0, 1.0, 1.0, 1.0, 1.0, 1.0, 1.0, 1.0, 1.0, 1.0, 1.0, 1.0, 1.0, 1.0, 1.0, 1.0, 1.0, 1.0, 1.0, 1.0, 1.0, 1.0, 1.0, 1.0, 1.0, 1.0, 1.0, 1.0, 1.0, 1.0, 1.0, 1.0, 1.0, 1.0, 1.0, 1.0, 1.0, 1.0, 1.0, 1.0, 1.0, 1.0, 1.0, 1.0, 1.0, 1.0, 1.0, 1.0, 1.0, 1.0, 1.0, 1.0, 1.0, 1.0, 1.0, 1.0, 1.0, 1.0, 1.0, 1.0, 1.0, 1.0, 1.0, 1.0, 1.0, 1.0, 1.0, 1.0, 1.0, 1.0, 1.0, 1.0, 1.0, 1.0, 1.0, 1.0, 1.0, 1.0, 1.0, 1.0, 1.0, 1.0, 1.0, 1.0, 1.0, 1.0, 1.0, 1.0, 1.0, 1.0, 1.0, 1.0, 1.0, 1.0, 1.0, 1.0, 1.0, 1.0, 1.0, 1.0, 1.0, 1.0, 1.0, 1.0, 1.0, 1.0, 1.0, 1.0, 1.0, 1.0, 1.0, 1.0, 1.0, 1.0, 1.0, 1.0, 1.0, 1.0, 1.0, 1.0, 1.0, 1.0, 1.0, 1.0, 1.0, 1.0, 1.0, 1.0, 1.0, 1.0, 1.0, 1.0, 1.0, 1.0, 1.0, 1.0, 1.0, 1.0, 1.0, 1.0, 1.0, 1.0, 1.0, 1.0, 1.0, 1.0, 1.0, 1.0, 1.0, 1.0, 1.0, 1.0, 1.0, 1.0, 1.0, 1.0, 1.0, 1.0, 1.0, 1.0, 1.0, 1.0, 1.0, 1.0, 1.0, 1.0, 1.0, 1.0, 1.0, 1.0, 1.0, 1.0, 1.0, 1.0, 1.0, 1.0, 1.0, 1.0, 1.0, 1.0, 1.0, 1.0, 1.0, 1.0, 1.0, 1.0, 1.0, 1.0, 1.0, 1.0, 1.0, 1.0, 1.0, 1.0, 1.0, 1.0, 1.0, 1.0, 1.0, 1.0, 1.0, 1.0, 1.0, 1.0, 1.0, 1.0, 1.0, 1.0, 1.0, 1.0, 1.0, 1.0, 1.0, 1.0, 1.0, 1.0, 1.0, 1.0, 1.0, 1.0, 1.0, 1.0, 1.0, 1.0, 1.0, 1.0, 1.0, 1.0, 1.0, 1.0, 1.0, 1.0, 1.0, 1.0, 1.0, 1.0, 1.0, 1.0, 1.0, 1.0, 1.0, 1.0, 1.0, 1.0, 1.0, 1.0, 1.0, 1.0, 1.0, 1.0, 1.0, 1.0, 1.0, 1.0, 1.0, 1.0, 1.0, 1.0, 1.0, 1.0, 1.0, 1.0, 1.0, 1.0, 1.0, 1.0, 1.0, 1.0, 1.0, 1.0, 1.0, 1.0, 1.0, 1.0, 1.0, 1.0, 1.0, 1.0, 1.0, 1.0, 1.0, 1.0, 1.0, 1.0, 1.0, 1.0, 1.0, 1.0, 1.0, 1.0, 1.0, 1.0, 1.0, 1.0, 1.0, 1.0, 1.0, 1.0, 1.0, 1.0, 1.0, 1.0, 1.0, 1.0, 1.0, 1.0, 1.0, 1.0, 1.0, 1.0, 1.0, 1.0, 1.0, 1.0, 1.0, 1.0, 1.0, 1.0, 1.0, 1.0, 1.0, 1.0, 1.0, 1.0, 1.0, 1.0, 1.0, 1.0, 1.0, 1.0, 1.0, 1.0, 1.0, 1.0, 1.0, 1.0, 1.0, 1.0, 1.0, 1.0, 1.0, 1.0, 1.0, 1.0, 1.0, 1.0, 1.0, 1.0, 1.0, 1.0, 1.0, 1.0, 1.0]
θ_initial_lower = [0.11432339572008998, 2.5, 0.29580417865615743, 0.3925447846533658, 0.45465685915845505, 0.47862991260650284, 0.5343741462438772, 0.15789491038498696, 0.3051122332232121, 0.49122557759796903, 0.3639632204625862, 0.467466660621516, 0.3250308807177549, 0.4028070171619334, 0.263027569102244, 0.3340373761583556, 0.6375298037106498, 0.5070178144327654, 0.48592188547590986, 0.6055595367531774, 0.1920355143861329, 0.1581151783216713, 0.3877407813915086, 1.0, 1.0, 1.0, 1.0, 1.0, 1.0, 1.0, 1.0, 1.0, 1.0, 1.0, 1.0, 1.0, 1.0, 1.0, 1.0, 1.0, 1.0, 1.0, 1.0, 1.0, 1.0, 1.0, 1.0, 1.0, 1.0, 1.0, 1.0, 1.0, 1.0, 1.0, 1.0, 1.0, 1.0, 1.0, 1.0, 1.0, 1.0, 1.0, 1.0, 1.0, 1.0, 1.0, 1.0, 1.0, 1.0, 1.0, 1.0, 1.0, 1.0, 1.0, 1.0, 1.0, 1.0, 1.0, 1.0, 1.0, 1.0, 1.0, 1.0, 1.0, 1.0, 1.0, 1.0, 1.0, 1.0, 1.0, 1.0, 1.0, 1.0, 1.0, 1.0, 1.0, 1.0, 1.0, 1.0, 1.0, 1.0, 1.0, 1.0, 1.0, 1.0, 1.0, 1.0, 1.0, 1.0, 1.0, 1.0, 1.0, 1.0, 1.0, 1.0, 1.0, 1.0, 1.0, 1.0, 1.0, 1.0, 1.0, 1.0, 1.0, 1.0, 1.0, 1.0, 1.0, 1.0, 1.0, 1.0, 1.0, 1.0, 1.0, 1.0, 1.0, 1.0, 1.0, 1.0, 1.0, 1.0, 1.0, 1.0, 1.0, 1.0, 1.0, 1.0, 1.0, 1.0, 1.0, 1.0, 1.0, 1.0, 1.0, 1.0, 1.0, 1.0, 1.0, 1.0, 1.0, 1.0, 1.0, 1.0, 1.0, 1.0, 1.0, 1.0, 1.0, 1.0, 1.0, 1.0, 1.0, 1.0, 1.0, 1.0, 1.0, 1.0, 1.0, 1.0, 1.0, 1.0, 1.0, 1.0, 1.0, 1.0, 1.0, 1.0, 1.0, 1.0, 1.0, 1.0, 1.0, 1.0, 1.0, 1.0, 1.0, 1.0, 1.0, 1.0, 1.0, 1.0, 1.0, 1.0, 1.0, 1.0, 1.0, 1.0, 1.0, 1.0, 1.0, 1.0, 1.0, 1.0, 1.0, 1.0, 1.0, 1.0, 1.0, 1.0, 1.0, 1.0, 1.0, 1.0, 1.0, 1.0, 1.0, 1.0, 1.0, 1.0, 1.0, 1.0, 1.0, 1.0, 1.0, 1.0, 1.0, 1.0, 1.0, 1.0, 1.0, 1.0, 1.0, 1.0, 1.0, 1.0, 1.0, 1.0, 1.0, 1.0, 1.0, 1.0, 1.0, 1.0, 1.0, 1.0, 1.0, 1.0, 1.0, 1.0, 1.0, 1.0, 1.0, 1.0, 1.0, 1.0, 1.0, 1.0, 1.0, 1.0, 1.0, 1.0, 1.0, 1.0, 1.0, 1.0, 1.0, 1.0, 1.0, 1.0, 1.0, 1.0, 1.0, 1.0, 1.0, 1.0, 1.0, 1.0, 1.0, 1.0, 1.0, 1.0, 1.0, 1.0, 1.0, 1.0, 1.0, 1.0, 1.0, 1.0, 1.0, 1.0, 1.0, 1.0, 1.0, 1.0, 1.0, 1.0, 1.0, 1.0, 1.0, 1.0, 1.0, 1.0, 1.0, 1.0, 1.0, 1.0, 1.0, 1.0, 1.0, 1.0, 1.0, 1.0, 1.0, 1.0, 1.0, 1.0, 1.0, 1.0, 1.0, 1.0, 1.0, 1.0, 1.0, 1.0, 1.0, 1.0, 1.0, 1.0, 1.0, 1.0, 1.0, 1.0, 1.0, 1.0, 1.0, 1.0, 1.0, 1.0, 1.0, 1.0, 1.0, 1.0, 1.0, 1.0, 1.0, 1.0, 1.0, 1.0, 1.0, 1.0, 1.0, 1.0, 1.0, 1.0, 1.0, 1.0, 1.0, 1.0, 1.0, 1.0, 1.0, 1.0, 1.0, 1.0, 1.0, 1.0, 1.0, 1.0, 1.0, 1.0, 1.0, 1.0, 1.0, 1.0, 1.0, 1.0, 1.0, 1.0, 1.0, 1.0, 1.0, 1.0, 1.0, 1.0, 1.0, 1.0, 1.0, 1.0, 1.0, 1.0, 1.0, 1.0, 1.0, 1.0, 1.0, 1.0, 1.0, 1.0, 1.0, 1.0, 1.0, 1.0, 1.0, 1.0, 1.0, 1.0, 1.0, 1.0, 1.0, 1.0, 1.0, 1.0]
numMoments = 402
numMomentInnerSimple = 401
inequality_index = Int64[]
PMM = [0.00028473820007717644 -0.00017650414100142312 -2.2652267728527908e-5 7.368528877392191e-5 -3.428336988264602e-6 0.00035265766860629574 -4.859274651879531e-5 1.8732514820842074e-5 5.181467521623881e-5 0.00044468294901139845 0.00027747410850325124 -0.00012268891305077464 0.00025450242749521776 0.0002263432820754478 -0.000133193106114673 0.00020631525513262875 5.002133229187544e-5 -0.00021018844125866368 -9.50016892621951e-6 0.0002904696304508847 -3.3842977508731354e-5 0.0036104576669761163 0.00035234793223537216 0.0003586879413276034 0.00011927557873373899 0.00032864574730987275 0.0010904629406710022 0.00017186595887568127 0.0006477331253964009 0.0002614491703356615 8.259564906626173e-5 0.0006159806293206297 8.995801045506828e-5 0.0004969140283678779 0.0009115552414970951 0.000319025417770338 -1.7613601236754328e-5 0.0004991334883931553 6.163828300793594e-5 -0.00013128365636137275 -2.8847849916975577e-5 2.83228612985296e-5 0.0023491416403361104 6.612689953460715e-6 0.000114937470807771 5.569248521560604e-5 0.00022742195533263034 -0.0002186746205940774 5.862883859758996e-5 -3.15697093313634e-5 -3.331929500416873e-5 -0.00018550537227875687 -0.00020883759032204306 -7.899490854749848e-5 8.496258969157812e-5 -2.4350745423912367e-5 6.0178588379764885e-5 0.000116426127251125 -6.048354413805773e-5 -0.00024311553566693468 -0.00010870034540415748 0.00012828910241685846 -7.265372403403074e-5 -0.0015055768741523631 -5.345502000358238e-5 -0.00014531294478489114 0.00019669609742189008 -5.012192519709979e-5 -0.0001575316948158434 -0.00023214122810462037 -3.9364018064361575e-5 -0.0002318294509850512 -0.00022457397981146842 9.50107519188627e-5 0.00032778650472080903 -0.00024675191348968653 -0.00018611080024498876 -0.00019419641942126692 -0.0007752045714919075 -0.00024100041045053424 -9.859488574074229e-5 -0.0007748616459163897 -9.414635742219295e-5 1.1850144594621704e-5 8.733636401600933e-5 -6.178795438861071e-5 -0.0003431131979745083 -0.0003829541359089133 -0.00012151603399334993 -0.00014637275121460726 -0.00023698102300269452 -0.00036006781073007107 -7.490477674558189e-5 -0.0001067949177366257 -0.0002572861442901433 -0.0005495921352908332 0.00016060124069525435 -0.00027386979791712787 4.714806435027965e-5 -0.0005976378343202937 0.0005896223161805652 0.0009278007445848112 0.0005421035790321349 -0.00019209108048916915 0.0004577532172960212 0.0001364576790440042 0.0020576817317001597 0.00027380947837233504 0.0008371392155371366 0.0010968697933855802 0.000671472284800117 0.0007266098479352457 0.0005953746639090608 0.00011174034044940631 -0.0001692267622660415 0.0005086471445179238 0.0016908885828566156 0.001961783644745229 0.002320982626899003 0.0010017475424998988 -0.00019211014031581523 -0.002334257722482326 -0.0020471161610093854 -0.0006671513715662132 -0.0020044373770241775 -0.0008453686276482564 -0.004773300876392466 -0.0023132413750600734 -0.0017064206379661282 -0.0004508297513213458 -0.00047091572624392467 -0.003333192878390372 -0.001005599311067214 -0.0009802234758600108 -0.0014667637981111519 -0.0028708557053365347 -0.002635231139842859 -0.001035765003231981 -0.0007657970315276582 -0.002136150367591679 -0.00011711933425181424 0.0009911985099999494 -8.063048483818027e-5 -4.202634566144147e-5 0.00022428259277410776 1.9959365893594492e-5 -0.0007335872496931236 -0.0013301375004830338 -0.00028649629704476277 -1.21577154230608e-5 -9.463920114248624e-5 0.0002356191850584078 -0.00011082695098680546 -9.659646083280396e-5 -0.00022787934680317256 0.00017956938366776772 -0.0006536195304228299 0.00026533075243282084 -4.8971107518004797e-5 -0.0004983222635190274 7.389279502641104e-5 0.00039045054873748024 -0.00018878099839464717 -0.00013571555452129028 4.2442629383615986e-6 -0.00019619477007081905 -4.941284666213761e-5 0.00011663435251686858 0.004811894512430893 -0.00013297842695607852 0.00016855747347095887 -0.00014193885999561564 -0.000163367649533755 -0.00041934752522049886 -0.0006570090927517642 0.0005933817643528354 -0.000179530325224785 0.0005393331722316311 -0.0005887034590830531 0.00029238698666050043 2.5130434648416422e-5 0.0005525634190148279 0.00041901251969957343 0.0004245897832031856 0.0005966168047261426 0.00015753213192883946 0.0003227790199778297 0.00032879811873152 0.0003612442036441999 0.0002633954909111807 7.485054718128134e-5 0.0003887179356201178 0.00013603680310814533 0.000497917919102602 0.0003120786887168097 0.00016190388374411646 0.0006443208052103767 0.00038974002852815615 0.0005830755629459732 0.0004914200748209721 9.12898077535609e-5 -5.0769069311477356e-5 0.00022369281331453453 0.0002545011490277122 0.00022927853608926277 -0.00013650524091850193 8.776922611530119e-5 0.0004199514481132634 -0.00018455980915155023 9.516430484530862e-5 0.0014744411664155417 -0.00020138068049751538 0.00011092386659285815 8.263452371366153e-5 -0.00018296596852070653 0.0003151512458281726 -0.00028575517815819594 0.0008849486122951827 0.0003978626981567511 0.0005306746933544744 -3.316715163329765e-5 0.0005969858827360091 -0.00038557812898190835 -4.0819953725273625e-5 0.00066503314248046 -7.488759081776844e-5 -0.00023654004359032835 0.001653359342320859 -3.827355088112108e-5 -0.0002964750832528645 -0.00025988046149180493 0.0037070846048814273 -1.51990979003499e-5 -0.00026873131500547605 -0.0003462857927198937 -6.89645558823184e-5 -9.061304514197488e-6 -9.12009371054027e-5 -0.0003794573485523145 -0.00043365073009067243 3.020431773421928e-7 9.186689258312155e-5 5.320890497377202e-5 -0.000238023397549131 0.0003420912236432321 5.229065504125465e-5 -6.7526515452504656e-6 3.616248958780795e-5 0.00033253050295054443 -0.00021039705813093707 -3.0447656632496933e-5 0.0003233934760391868 0.0028663348698517977 0.0006959053848537067 -0.0004301701645871698 0.0007059684732296593 0.0011924514807410797 2.898350583115237e-5 0.0003542419249661274 0.00037192901927981056 -6.923163005213038e-5 -8.643986993671478e-5 0.00019600396573322203 0.00020044179390258418 0.0001912017155259887 0.0006904396852034264 0.0002511747639808517 0.0001600766128097273 7.761099969631427e-5 0.0001522106004266918 -3.8442341416476066e-5 0.0002496884514869289 0.00032093416967892357 0.0018539439294198168 0.00030375413434143716 -0.00018320461196207627 -0.00015953367693778762 -1.2679738158040487e-5 -7.087510263483909e-5 -7.269265081479386e-5 -0.00011839818059142731 -0.00025868327468658804 -6.858559931349095e-5 9.239754359307355e-5 -0.000334092356489557 -0.00017446051200447948 3.9712770270091615e-5 -0.00013973851371002066 -0.00010353808030799343 -0.00010999052192668863 3.4513805911211364e-6 4.518723114807589e-5 -9.056330282979834e-5 -0.0001598328153960574 0.004528428512214921 1.4309585227606147e-5 -3.460086653639472e-5 -0.0001288008493075072 5.5159770093196946e-5 -0.00016351796433122906 -3.0609491317688795e-5 0.00046301035422139297 0.0011238106311941233 0.0001823419597873039 0.00037736318206056023 5.1137443995037135e-5 -1.0348943754803353e-5 0.0005122102270396648 0.0008806990618603457 0.00010871043277890457 -9.477721011176176e-6 -0.0006461103773757877 -1.9387635802670887e-5 0.00013287613474876033 0.0002899019343961147 -0.0020080467070214764 0.0004805779793594877 0.0003051647822149149 -7.828679314077738e-5 0.0002490758944845608 1.4366420687627069e-5 0.00018507598476778447 0.00015042738982397655 0.0002779874242480319 5.449641349980241e-5 0.0002478401541955982 -0.00014373318509834353 0.00041050469047150404 -1.950752469538565e-5 0.00035888964864621393 0.00031944012877945633 0.0001851238510338874 0.000328068944330457 7.014994576690322e-5 0.00016388515832783756 0.0009551230376698941 0.0007612690396930704 -0.0003565911272531702 4.373044280455594e-5 4.2091959544490496e-5 -5.0611244274166555e-5 -0.00010354255371490149 -0.00017022800938721355 -0.00025774006074688214 -9.825871179104686e-5 -0.00011068809377451538 0.000260017965490118 4.031765666833023e-5 -0.0004306874500126394 -0.00010067361855247392 -9.77088609318405e-5 9.746831027525342e-5 -5.093411597461124e-5 -0.0001975898259869804 1.0383694198608163e-5 -0.0003326747780642767 -3.9529476958132603e-5 -0.0018378179354241989 5.1366251936923566e-6 0.00042184412379756323 8.774330234850295e-5 -0.0005955010836454992 -0.0010951967922173654 0.002447759832687439 -0.001921898718690425 0.0006525921785594151 -0.000673036396655084 -9.341161737611094e-5 -0.0006345271835989798 0.0004050191025282025 0.0002812130255965659 0.0003083328124036122 0.00018148354769842982 -5.6855068047681277e-5 0.0010161933939127426 -1.060601353208792e-5 -0.0004435270055415922 0.0006006706587892825 -0.000486654790359154 -0.0005236784593879054 -0.0004223519674013669 -0.0025595668812451243 -0.0009436530479715122 -0.0007393798621712198 -0.0012117096673004428 -0.0006122299835680006 -0.0004302339860329861 -0.001045463572108327 -0.0019289949191474175 -0.0003742372631788732 -0.0007556890101507759 0.0011922959957464312 -0.001337535233673534 -0.0011819721134724624 -0.0005877932728975614 0.0001498063818455084 -0.00015045373940326286 -0.000398029845002816 -0.0002923972176291703 0.0014435731504655717 0.0017090852720923401 -3.8630123405658523e-16]
moments_with_var = [1, 2, 3, 4, 5, 6, 7, 8, 9, 10, 11, 12, 13, 14, 15, 16, 17, 18, 19, 20, 21, 22, 23, 24, 25, 26, 27, 28, 29, 30, 31, 32, 33, 34, 35, 36, 37, 38, 39, 40, 41, 42, 43, 44, 45, 46, 47, 48, 49, 50, 51, 52, 53, 54, 55, 56, 57, 58, 59, 60, 61, 62, 63, 64, 65, 66, 67, 68, 69, 70, 71, 72, 73, 74, 75, 76, 77, 78, 79, 80, 81, 82, 83, 84, 85, 86, 87, 88, 89, 90, 91, 92, 93, 94, 95, 96, 97, 98, 99, 100, 101, 102, 103, 104, 105, 106, 107, 108, 109, 110, 111, 112, 113, 114, 115, 116, 117, 118, 119, 120, 121, 122, 123, 124, 125, 126, 127, 128, 129, 130, 131, 132, 133, 134, 135, 136, 137, 138, 139, 140, 141, 142, 143, 144, 145, 146, 147, 148, 149, 150, 151, 152, 153, 154, 155, 156, 157, 158, 159, 160, 161, 162, 163, 164, 165, 166, 167, 168, 169, 170, 171, 172, 173, 174, 175, 176, 177, 178, 179, 180, 181, 182, 183, 184, 185, 186, 187, 188, 189, 190, 191, 192, 193, 194, 195, 196, 197, 198, 199, 200, 201, 202, 203, 204, 205, 206, 207, 208, 209, 210, 211, 212, 213, 214, 215, 216, 217, 218, 219, 220, 221, 222, 223, 224, 225, 226, 227, 228, 229, 230, 231, 232, 233, 234, 235, 236, 237, 238, 239, 240, 241, 242, 243, 244, 245, 246, 247, 248, 249, 250, 251, 252, 253, 254, 255, 256, 257, 258, 259, 260, 261, 262, 263, 264, 265, 266, 267, 268, 269, 270, 271, 272, 273, 274, 275, 276, 277, 278, 279, 280, 281, 282, 283, 284, 285, 286, 287, 288, 289, 290, 291, 292, 293, 294, 295, 296, 297, 298, 299, 300, 301, 302, 303, 304, 305, 306, 307, 308, 309, 310, 311, 312, 313, 314, 315, 316, 317, 318, 319, 320, 321, 322, 323, 324, 325, 326, 327, 328, 329, 330, 331, 332, 333, 334, 335, 336, 337, 338, 339, 340, 341, 342, 343, 344, 345, 346, 347, 348, 349, 350, 351, 352, 353, 354, 355, 356, 357, 358, 359, 360, 361, 362, 363, 364, 365, 366, 367, 368, 369, 370, 371, 372, 373, 374, 375, 376, 377, 378, 379, 380, 381, 382, 383, 384, 385, 386, 387, 388, 389, 390, 391, 392, 393, 394, 395, 396, 397, 398, 399, 400, 401]
moments_without_var = Int64[]
δ_star_initial = -0.0025908618751121983
val = 0.0025908618751121983
δ_star_initial_low = -0.0025908618751121983
val = 0.0025908618751121983
δ_star_initial_up = -0.0025908618751121983
δ_star_initial = -0.0025908618751121983
δ_grid = [1]
δ_grid_filtered = [1]
  eval 1 t=23.7s gp=0.9877618976237339 Delta=0.008788046666750201 feasible=true verified=true
Knitro presolve eliminated 0 variables and 0 constraints.

bar_conic_enable:        0
hessopt:                 3
honorbnds:               1
maxit:                   1000000
maxtime_real:            600
numthreads:              1
outlev:                  3
restarts:                0
WARNING: Option ms_maxsolves was set, but option ms_enable='no'.
WARNING: Option ms_startptrange was set, but option ms_enable='no'.

Problem Characteristics                                 (   Presolved)
-----------------------
Objective goal:  Minimize
Objective type:  general
Number of variables:                                400 (         400)
    bounded below only:                               0 (           0)
    bounded above only:                               0 (           0)
    bounded below and above:                        400 (         400)
    fixed:                                            0 (           0)
    free:                                             0 (           0)
Number of constraints:                                1 (           1)
    linear equalities:                                0 (           0)
    quadratic equalities:                             0 (           0)
    gen. nonlinear equalities:                        0 (           0)
    linear one-sided inequalities:                    0 (           0)
    quadratic one-sided inequalities:                 0 (           0)
    gen. nonlinear one-sided inequalities:            1 (           1)
    linear two-sided inequalities:                    0 (           0)
    quadratic two-sided inequalities:                 0 (           0)
    gen. nonlinear two-sided inequalities:            0 (           0)
Number of nonzeros in Jacobian:                     400 (         400)
Number of nonzeros in Hessian:                        0 (       80200)

Knitro using the Interior-Point/Barrier Direct algorithm.

  Iter      Objective      FeasError   OptError    ||Step||    CGits 
--------  --------------  ----------  ----------  ----------  -------
       0    9.877619e-01   0.000e+00
  eval 2 t=102.3s gp=0.9738875464892962 Delta=0.753586302050357 feasible=false verified=true
  eval 3 t=125.3s gp=0.980824722056515 Delta=0.14336202672575055 feasible=false verified=true
       1    9.862712e-01   0.000e+00   3.619e-01   6.546e-02        1
       2    9.837334e-01   0.000e+00   5.000e-01   6.538e-02        0

EXIT: Time limit reached. Current point is feasible.

Final Statistics
----------------
Final objective value               =   9.83733445033279e-01
Final feasibility error (abs / rel) =   0.00e+00 / 0.00e+00
Final optimality error  (abs / rel) =   5.00e-01 / 5.00e-01
# of iterations                     =          2 
# of CG iterations                  =          1 
# of function evaluations           =         13
# of gradient evaluations           =          3
Total program time (secs)           =     653.01086 (   678.621 CPU time)
Time spent in evaluations (secs)    =     623.46588

===============================================================================

>>> [cplus] trajectory finished: wall=685.6s
>>> [cplus] result: (knitro_status = -401, wall = 653.1371028423309, n_eval = 9, n_grad = 3, best = (gp = 0.983733445033279, w = [0.983733445033279, 17.758124612115957, 17.7580682599597, 17.757596998269214, 17.758003751208264, 17.757802193882835, 17.75661001156469, 17.756922316430998, 17.757952423484276, 17.75715751495691, 17.75822684887475, 17.757194460287547, 17.757304525097762, 17.75801452905196, 17.758018906500308, 17.75788114322108, 17.757843568760038, 17.757487336142912, 17.7575092881496, 17.757296670787806, 17.758713866482484, 13.632607585872227, 13.613663862701841, 13.632365969844104, 13.63212258674541, 13.632994423166124, 13.63233748606706, 13.632098510868797, 13.631139436357614, 13.632131673077634, 13.632199227913794, 13.632635073024046, 13.6323735107009, 13.632442487493865, 13.632669595756463, 13.632800187307817, 13.632322289528984, 13.632607586328577, 13.632482075828195, 13.632659893824059, 13.633892326825599, 11.491072503237348, 11.491056358151635, 11.495012328944675, 11.490983624078055, 11.490751628836268, 11.491295295154107, 11.4922249381819, 11.490807994157556, 11.49102778840605, 11.491169573005234, 11.490851558581394, 11.491203239739873, 11.491101471857199, 11.490820919919683, 11.49082817741283, 11.490104365428918, 11.49108525532559, 11.491199967703658, 11.492277780763867, 11.491697711378327, 10.741835246180296, 10.74176677766738, 10.74171453466547, 10.748460783972455, 10.741537781016245, 10.743302913927923, 10.741183977508854, 10.74170776945373, 10.741781897714873, 10.741761331173407, 10.741537105293125, 10.741639959261322, 10.742539430747449, 10.741646908058451, 10.74144811092757, 10.741814118939946, 10.741725476030703, 10.741933738754396, 10.739780947417394, 10.741856018112614, 9.135756656780405, 9.135947963852901, 9.135449327089182, 9.135631250097534, 9.131718357833318, 9.136174372986284, 9.134871361292213, 9.135448042735064, 9.136041173474503, 9.135573739944968, 9.135706492806303, 9.13614304489088, 9.135359980111934, 9.13560817750483, 9.136111144744099, 9.135832243188222, 9.136073123604689, 9.135705827530701, 9.137923853708056, 9.135921584584867, 26.909285301647227, 26.909329198294056, 26.909309186152576, 26.90949923257094, 26.909308217148958, 26.90662987521088, 26.91003251637261, 26.909319693391332, 26.909570083228566, 26.91029323035248, 26.909593971440096, 26.90931281538479, 26.90959832946274, 26.90874494559586, 26.909606259316444, 26.90935827361899, 26.909258850021367, 26.909528806605337, 26.908363759151385, 26.9100157246711, 17.30577215479126, 17.304780849745697, 17.305460095235293, 17.30514363214922, 17.305628614178, 17.30435239477188, 17.301372017525484, 17.306588519564293, 17.305862968175397, 17.305892494339712, 17.305852887154845, 17.306437720414518, 17.30607279294517, 17.305534467564947, 17.305174595746696, 17.306463674599435, 17.306297491861642, 17.305574355001138, 17.306356932811088, 17.304635373048566, 10.362815596421587, 10.363224535211716, 10.363526506608787, 10.363203140081245, 10.363342184256688, 10.36387008576361, 10.363141743269265, 10.361993528302389, 10.363133862919891, 10.363312297254106, 10.362901831573595, 10.362021415403218, 10.363303367305065, 10.363010618723106, 10.363119810210954, 10.36300321222204, 10.36302259996329, 10.363095328320599, 10.363049943809225, 10.363564735937581, 14.734669411896958, 14.733707816692446, 14.734514646794773, 14.734594281463991, 14.734221302352585, 14.734411345679716, 14.734156907223973, 14.73480561280731, 14.733692977725138, 14.734501474538055, 14.735131203329608, 14.734468333155782, 14.734295612646896, 14.73448742749207, 14.734712284476503, 14.733719877465266, 14.73505894432713, 14.735234891611515, 14.734941442145034, 14.735765735520173, 11.085558241015278, 11.085798268709011, 11.08584258580322, 11.086101746745317, 11.08600083938856, 11.084960067761422, 11.085784503437631, 11.085793565193242, 11.085941578186523, 11.087427461162834, 11.085962237567687, 11.08615730422816, 11.086481575695007, 11.085850019013606, 11.086854145731097, 11.085818626995309, 11.085547909190748, 11.085990171061637, 11.085378160167544, 11.084832881117848, 16.383570368943943, 16.383978696372786, 16.38385761052513, 16.38369433364627, 16.384164575703473, 16.38383236604886, 16.383536926779186, 16.383981715872157, 16.383444278144125, 16.384103349830404, 16.382925530661016, 16.384250204610815, 16.38407792273059, 16.384148471951665, 16.383552689886603, 16.383940914230312, 16.383269841121763, 16.383827343587377, 16.38321601964645, 16.384175034296625, 13.256304340477444, 13.255854807957695, 13.256533915264276, 13.256464521410463, 13.256245390506656, 13.256297710035081, 13.257315455466074, 13.255852439644954, 13.256302973308468, 13.25623402818852, 13.25654303861678, 13.25871642892679, 13.256016344142337, 13.255971624431492, 13.25586526863931, 13.257541072713174, 13.25616865181176, 13.256107014665476, 13.255976744716309, 13.25289028183804, 19.469715091915226, 19.469700932028168, 19.469927334974756, 19.469767687039393, 19.4694702796571, 19.469900742285333, 19.470214621571564, 19.469666823586483, 19.46951586850972, 19.46968666910161, 19.469331822577324, 19.469288506394374, 19.475796733465227, 19.469164609453845, 19.46959092581458, 19.469692822455894, 19.469318110791555, 19.469568026686485, 19.46889287157465, 19.471073741769693, 15.98564536767489, 15.984837642177439, 15.985077181207192, 15.985290413318237, 15.987062034833057, 15.985560476037373, 15.985397773199903, 15.986033877533563, 15.984788134705111, 15.985436528203776, 15.985503623695298, 15.984750794932406, 15.983565473758302, 15.98567605464301, 15.985376128711287, 15.9855929819256, 15.985584482650111, 15.985469340089308, 15.987114691119682, 6.562634755552805, 6.56198484711266, 6.562381622367908, 6.561889377670883, 6.562656141898443, 6.563688350198612, 6.561971980283014, 6.5625418267298885, 6.562992920138926, 6.562708060302403, 6.5628728973936115, 6.562656992472863, 6.563178614348744, 6.562605756310528, 6.565281844506777, 6.562416568172001, 6.562634005199208, 6.562297616664924, 6.562302577913393, 6.561926864679074, 9.90173647877921, 9.901970196135094, 9.901986343969714, 9.9021138617725, 9.90238845014867, 9.902372632999212, 9.903195870043062, 9.901561864438895, 9.902322950824798, 9.902295379527132, 9.90177004050521, 9.901859454247695, 9.901568692632361, 9.902446208259043, 9.90175059272149, 9.899274634982559, 9.900708820231763, 9.902259064851522, 9.90202347786416, 9.901518946069594, 10.521276499166905, 10.522106848794223, 10.521392577773284, 10.52138489497151, 10.520953297990832, 10.521078056894865, 10.522222951701776, 10.522058849339496, 10.521456231846448, 10.521275432437376, 10.521905785819982, 10.521389528222285, 10.52042083771684, 10.521699713215034, 10.521388345262318, 10.521197528164873, 10.522088954770325, 10.521391711239422, 10.52188396145174, 10.520693645758575, 7.312919064107269, 7.312505456371123, 7.312400707416482, 7.312701856905208, 7.31264178302644, 7.311467352551058, 7.311115134266538, 7.312076675165256, 7.311883401078463, 7.312624244903654, 7.312105710081782, 7.312932942680637, 7.312790208388872, 7.312819803533588, 7.312662486265255, 7.312513025538539, 7.3133569464385, 7.311883329067581, 7.312003063705218, 7.3119968720876685, 24.055666863785067, 24.056090862293004, 24.05580277941682, 24.056582849516776, 24.055375529702182, 24.05440189385966, 24.055378678089337, 24.055384865204726, 24.056218645485387, 24.055274471146436, 24.05547955142437, 24.055727493063454, 24.05545984523744, 24.05594871710543, 24.05559293024788, 24.055788735178965, 24.05588151721047, 24.05552930663235, 24.05502267334477, 24.055505143549738, 26.888920521854526, 26.889911052268623, 26.88939864689156, 26.889232176679492, 26.889620162211084, 26.888811530057865, 26.889957040863628, 26.889576633091497, 26.888626972461093, 26.88867789519289, 26.88878361728315, 26.88976926803693, 26.889045559430585, 26.889652591739296, 26.88906398534597, 26.889262271791967, 26.889175485970426, 26.88865788389249, 26.889370644715168, 26.882066182790723], Delta = 0.032822416253677544, n_eval = 9, t = 652.2264628410339), kappa = 0.02696365735474271, xsol = [0.983733445033279, 17.758124612115957, 17.7580682599597, 17.757596998269214, 17.758003751208264, 17.757802193882835, 17.75661001156469, 17.756922316430998, 17.757952423484276, 17.75715751495691, 17.75822684887475, 17.757194460287547, 17.757304525097762, 17.75801452905196, 17.758018906500308, 17.75788114322108, 17.757843568760038, 17.757487336142912, 17.7575092881496, 17.757296670787806, 17.758713866482484, 13.632607585872227, 13.613663862701841, 13.632365969844104, 13.63212258674541, 13.632994423166124, 13.63233748606706, 13.632098510868797, 13.631139436357614, 13.632131673077634, 13.632199227913794, 13.632635073024046, 13.6323735107009, 13.632442487493865, 13.632669595756463, 13.632800187307817, 13.632322289528984, 13.632607586328577, 13.632482075828195, 13.632659893824059, 13.633892326825599, 11.491072503237348, 11.491056358151635, 11.495012328944675, 11.490983624078055, 11.490751628836268, 11.491295295154107, 11.4922249381819, 11.490807994157556, 11.49102778840605, 11.491169573005234, 11.490851558581394, 11.491203239739873, 11.491101471857199, 11.490820919919683, 11.49082817741283, 11.490104365428918, 11.49108525532559, 11.491199967703658, 11.492277780763867, 11.491697711378327, 10.741835246180296, 10.74176677766738, 10.74171453466547, 10.748460783972455, 10.741537781016245, 10.743302913927923, 10.741183977508854, 10.74170776945373, 10.741781897714873, 10.741761331173407, 10.741537105293125, 10.741639959261322, 10.742539430747449, 10.741646908058451, 10.74144811092757, 10.741814118939946, 10.741725476030703, 10.741933738754396, 10.739780947417394, 10.741856018112614, 9.135756656780405, 9.135947963852901, 9.135449327089182, 9.135631250097534, 9.131718357833318, 9.136174372986284, 9.134871361292213, 9.135448042735064, 9.136041173474503, 9.135573739944968, 9.135706492806303, 9.13614304489088, 9.135359980111934, 9.13560817750483, 9.136111144744099, 9.135832243188222, 9.136073123604689, 9.135705827530701, 9.137923853708056, 9.135921584584867, 26.909285301647227, 26.909329198294056, 26.909309186152576, 26.90949923257094, 26.909308217148958, 26.90662987521088, 26.91003251637261, 26.909319693391332, 26.909570083228566, 26.91029323035248, 26.909593971440096, 26.90931281538479, 26.90959832946274, 26.90874494559586, 26.909606259316444, 26.90935827361899, 26.909258850021367, 26.909528806605337, 26.908363759151385, 26.9100157246711, 17.30577215479126, 17.304780849745697, 17.305460095235293, 17.30514363214922, 17.305628614178, 17.30435239477188, 17.301372017525484, 17.306588519564293, 17.305862968175397, 17.305892494339712, 17.305852887154845, 17.306437720414518, 17.30607279294517, 17.305534467564947, 17.305174595746696, 17.306463674599435, 17.306297491861642, 17.305574355001138, 17.306356932811088, 17.304635373048566, 10.362815596421587, 10.363224535211716, 10.363526506608787, 10.363203140081245, 10.363342184256688, 10.36387008576361, 10.363141743269265, 10.361993528302389, 10.363133862919891, 10.363312297254106, 10.362901831573595, 10.362021415403218, 10.363303367305065, 10.363010618723106, 10.363119810210954, 10.36300321222204, 10.36302259996329, 10.363095328320599, 10.363049943809225, 10.363564735937581, 14.734669411896958, 14.733707816692446, 14.734514646794773, 14.734594281463991, 14.734221302352585, 14.734411345679716, 14.734156907223973, 14.73480561280731, 14.733692977725138, 14.734501474538055, 14.735131203329608, 14.734468333155782, 14.734295612646896, 14.73448742749207, 14.734712284476503, 14.733719877465266, 14.73505894432713, 14.735234891611515, 14.734941442145034, 14.735765735520173, 11.085558241015278, 11.085798268709011, 11.08584258580322, 11.086101746745317, 11.08600083938856, 11.084960067761422, 11.085784503437631, 11.085793565193242, 11.085941578186523, 11.087427461162834, 11.085962237567687, 11.08615730422816, 11.086481575695007, 11.085850019013606, 11.086854145731097, 11.085818626995309, 11.085547909190748, 11.085990171061637, 11.085378160167544, 11.084832881117848, 16.383570368943943, 16.383978696372786, 16.38385761052513, 16.38369433364627, 16.384164575703473, 16.38383236604886, 16.383536926779186, 16.383981715872157, 16.383444278144125, 16.384103349830404, 16.382925530661016, 16.384250204610815, 16.38407792273059, 16.384148471951665, 16.383552689886603, 16.383940914230312, 16.383269841121763, 16.383827343587377, 16.38321601964645, 16.384175034296625, 13.256304340477444, 13.255854807957695, 13.256533915264276, 13.256464521410463, 13.256245390506656, 13.256297710035081, 13.257315455466074, 13.255852439644954, 13.256302973308468, 13.25623402818852, 13.25654303861678, 13.25871642892679, 13.256016344142337, 13.255971624431492, 13.25586526863931, 13.257541072713174, 13.25616865181176, 13.256107014665476, 13.255976744716309, 13.25289028183804, 19.469715091915226, 19.469700932028168, 19.469927334974756, 19.469767687039393, 19.4694702796571, 19.469900742285333, 19.470214621571564, 19.469666823586483, 19.46951586850972, 19.46968666910161, 19.469331822577324, 19.469288506394374, 19.475796733465227, 19.469164609453845, 19.46959092581458, 19.469692822455894, 19.469318110791555, 19.469568026686485, 19.46889287157465, 19.471073741769693, 15.98564536767489, 15.984837642177439, 15.985077181207192, 15.985290413318237, 15.987062034833057, 15.985560476037373, 15.985397773199903, 15.986033877533563, 15.984788134705111, 15.985436528203776, 15.985503623695298, 15.984750794932406, 15.983565473758302, 15.98567605464301, 15.985376128711287, 15.9855929819256, 15.985584482650111, 15.985469340089308, 15.987114691119682, 6.562634755552805, 6.56198484711266, 6.562381622367908, 6.561889377670883, 6.562656141898443, 6.563688350198612, 6.561971980283014, 6.5625418267298885, 6.562992920138926, 6.562708060302403, 6.5628728973936115, 6.562656992472863, 6.563178614348744, 6.562605756310528, 6.565281844506777, 6.562416568172001, 6.562634005199208, 6.562297616664924, 6.562302577913393, 6.561926864679074, 9.90173647877921, 9.901970196135094, 9.901986343969714, 9.9021138617725, 9.90238845014867, 9.902372632999212, 9.903195870043062, 9.901561864438895, 9.902322950824798, 9.902295379527132, 9.90177004050521, 9.901859454247695, 9.901568692632361, 9.902446208259043, 9.90175059272149, 9.899274634982559, 9.900708820231763, 9.902259064851522, 9.90202347786416, 9.901518946069594, 10.521276499166905, 10.522106848794223, 10.521392577773284, 10.52138489497151, 10.520953297990832, 10.521078056894865, 10.522222951701776, 10.522058849339496, 10.521456231846448, 10.521275432437376, 10.521905785819982, 10.521389528222285, 10.52042083771684, 10.521699713215034, 10.521388345262318, 10.521197528164873, 10.522088954770325, 10.521391711239422, 10.52188396145174, 10.520693645758575, 7.312919064107269, 7.312505456371123, 7.312400707416482, 7.312701856905208, 7.31264178302644, 7.311467352551058, 7.311115134266538, 7.312076675165256, 7.311883401078463, 7.312624244903654, 7.312105710081782, 7.312932942680637, 7.312790208388872, 7.312819803533588, 7.312662486265255, 7.312513025538539, 7.3133569464385, 7.311883329067581, 7.312003063705218, 7.3119968720876685, 24.055666863785067, 24.056090862293004, 24.05580277941682, 24.056582849516776, 24.055375529702182, 24.05440189385966, 24.055378678089337, 24.055384865204726, 24.056218645485387, 24.055274471146436, 24.05547955142437, 24.055727493063454, 24.05545984523744, 24.05594871710543, 24.05559293024788, 24.055788735178965, 24.05588151721047, 24.05552930663235, 24.05502267334477, 24.055505143549738, 26.888920521854526, 26.889911052268623, 26.88939864689156, 26.889232176679492, 26.889620162211084, 26.888811530057865, 26.889957040863628, 26.889576633091497, 26.888626972461093, 26.88867789519289, 26.88878361728315, 26.88976926803693, 26.889045559430585, 26.889652591739296, 26.88906398534597, 26.889262271791967, 26.889175485970426, 26.88865788389249, 26.889370644715168, 26.882066182790723], trace = NamedTuple[(idx = 1, t = 23.705617904663086, gp = 0.9877618976237339, Delta = 0.008788046666750201, feasible = true, verified = true), (idx = 2, t = 102.2822048664093, gp = 0.9738875464892962, Delta = 0.753586302050357, feasible = false, verified = true), (idx = 3, t = 125.33232092857361, gp = 0.980824722056515, Delta = 0.14336202672575055, feasible = false, verified = true), (idx = 4, t = 518.2589988708496, gp = 0.9740077273236664, Delta = 4.571222746057661, feasible = false, verified = false), (idx = 5, t = 554.8891129493713, gp = 0.9809253025926655, Delta = 0.3886064295068743, feasible = false, verified = true), (idx = 6, t = 578.4174468517303, gp = 0.9844262209538247, Delta = 0.10638959014468452, feasible = false, verified = true), (idx = 7, t = 595.9095599651337, gp = 0.9862712065142578, Delta = 0.043326015892360625, feasible = true, verified = true), (idx = 8, t = 625.1262249946594, gp = 0.9801298855175152, Delta = 0.15074676887684524, feasible = false, verified = true), (idx = 9, t = 652.2296850681305, gp = 0.983733445033279, Delta = 0.032822416253677544, feasible = true, verified = true)], final_checkpoint = CMCheckpoint(2, "matched_traj_cplus", "matched_cplus", :cm_upper, true, 0.1, 80000, 20260719, :pseudorandom, "fb009073ce939d1df21001d2c8ec32f54133da2fd5afc9b8150cf2726bc77ad7", "6d5a0545f86fe02f9c8de5dbc905d29b9f44d0fd13c21c829c71d3a05b77f90f", 50, [0.015625, 0.03125, 0.046875, 0.0625, 0.078125, 0.09375, 0.109375, 0.125, 0.140625, 0.15625, 0.171875, 0.1875, 0.203125, 0.21875, 0.234375, 0.25, 0.265625, 0.28125, 0.296875, 0.3125, 0.328125, 0.34375, 0.359375, 0.375, 0.390625, 0.40625, 0.421875, 0.4375, 0.453125, 0.46875, 0.484375, 0.5, 0.515625, 0.53125, 0.546875, 0.5625, 0.578125, 0.59375, 0.625, 0.65625, 0.6875, 0.71875, 0.75, 0.78125, 0.8125, 0.84375, 0.875, 0.90625, 0.9375, 0.96875], :orthonormal, :equal, :cumulative, :structured, 0.983733445033279, [17.758124612115957, 17.7580682599597, 17.757596998269214, 17.758003751208264, 17.757802193882835, 17.75661001156469, 17.756922316430998, 17.757952423484276, 17.75715751495691, 17.75822684887475, 17.757194460287547, 17.757304525097762, 17.75801452905196, 17.758018906500308, 17.75788114322108, 17.757843568760038, 17.757487336142912, 17.7575092881496, 17.757296670787806, 17.758713866482484, 13.632607585872227, 13.613663862701841, 13.632365969844104, 13.63212258674541, 13.632994423166124, 13.63233748606706, 13.632098510868797, 13.631139436357614, 13.632131673077634, 13.632199227913794, 13.632635073024046, 13.6323735107009, 13.632442487493865, 13.632669595756463, 13.632800187307817, 13.632322289528984, 13.632607586328577, 13.632482075828195, 13.632659893824059, 13.633892326825599, 11.491072503237348, 11.491056358151635, 11.495012328944675, 11.490983624078055, 11.490751628836268, 11.491295295154107, 11.4922249381819, 11.490807994157556, 11.49102778840605, 11.491169573005234, 11.490851558581394, 11.491203239739873, 11.491101471857199, 11.490820919919683, 11.49082817741283, 11.490104365428918, 11.49108525532559, 11.491199967703658, 11.492277780763867, 11.491697711378327, 10.741835246180296, 10.74176677766738, 10.74171453466547, 10.748460783972455, 10.741537781016245, 10.743302913927923, 10.741183977508854, 10.74170776945373, 10.741781897714873, 10.741761331173407, 10.741537105293125, 10.741639959261322, 10.742539430747449, 10.741646908058451, 10.74144811092757, 10.741814118939946, 10.741725476030703, 10.741933738754396, 10.739780947417394, 10.741856018112614, 9.135756656780405, 9.135947963852901, 9.135449327089182, 9.135631250097534, 9.131718357833318, 9.136174372986284, 9.134871361292213, 9.135448042735064, 9.136041173474503, 9.135573739944968, 9.135706492806303, 9.13614304489088, 9.135359980111934, 9.13560817750483, 9.136111144744099, 9.135832243188222, 9.136073123604689, 9.135705827530701, 9.137923853708056, 9.135921584584867, 26.909285301647227, 26.909329198294056, 26.909309186152576, 26.90949923257094, 26.909308217148958, 26.90662987521088, 26.91003251637261, 26.909319693391332, 26.909570083228566, 26.91029323035248, 26.909593971440096, 26.90931281538479, 26.90959832946274, 26.90874494559586, 26.909606259316444, 26.90935827361899, 26.909258850021367, 26.909528806605337, 26.908363759151385, 26.9100157246711, 17.30577215479126, 17.304780849745697, 17.305460095235293, 17.30514363214922, 17.305628614178, 17.30435239477188, 17.301372017525484, 17.306588519564293, 17.305862968175397, 17.305892494339712, 17.305852887154845, 17.306437720414518, 17.30607279294517, 17.305534467564947, 17.305174595746696, 17.306463674599435, 17.306297491861642, 17.305574355001138, 17.306356932811088, 17.304635373048566, 10.362815596421587, 10.363224535211716, 10.363526506608787, 10.363203140081245, 10.363342184256688, 10.36387008576361, 10.363141743269265, 10.361993528302389, 10.363133862919891, 10.363312297254106, 10.362901831573595, 10.362021415403218, 10.363303367305065, 10.363010618723106, 10.363119810210954, 10.36300321222204, 10.36302259996329, 10.363095328320599, 10.363049943809225, 10.363564735937581, 14.734669411896958, 14.733707816692446, 14.734514646794773, 14.734594281463991, 14.734221302352585, 14.734411345679716, 14.734156907223973, 14.73480561280731, 14.733692977725138, 14.734501474538055, 14.735131203329608, 14.734468333155782, 14.734295612646896, 14.73448742749207, 14.734712284476503, 14.733719877465266, 14.73505894432713, 14.735234891611515, 14.734941442145034, 14.735765735520173, 11.085558241015278, 11.085798268709011, 11.08584258580322, 11.086101746745317, 11.08600083938856, 11.084960067761422, 11.085784503437631, 11.085793565193242, 11.085941578186523, 11.087427461162834, 11.085962237567687, 11.08615730422816, 11.086481575695007, 11.085850019013606, 11.086854145731097, 11.085818626995309, 11.085547909190748, 11.085990171061637, 11.085378160167544, 11.084832881117848, 16.383570368943943, 16.383978696372786, 16.38385761052513, 16.38369433364627, 16.384164575703473, 16.38383236604886, 16.383536926779186, 16.383981715872157, 16.383444278144125, 16.384103349830404, 16.382925530661016, 16.384250204610815, 16.38407792273059, 16.384148471951665, 16.383552689886603, 16.383940914230312, 16.383269841121763, 16.383827343587377, 16.38321601964645, 16.384175034296625, 13.256304340477444, 13.255854807957695, 13.256533915264276, 13.256464521410463, 13.256245390506656, 13.256297710035081, 13.257315455466074, 13.255852439644954, 13.256302973308468, 13.25623402818852, 13.25654303861678, 13.25871642892679, 13.256016344142337, 13.255971624431492, 13.25586526863931, 13.257541072713174, 13.25616865181176, 13.256107014665476, 13.255976744716309, 13.25289028183804, 19.469715091915226, 19.469700932028168, 19.469927334974756, 19.469767687039393, 19.4694702796571, 19.469900742285333, 19.470214621571564, 19.469666823586483, 19.46951586850972, 19.46968666910161, 19.469331822577324, 19.469288506394374, 19.475796733465227, 19.469164609453845, 19.46959092581458, 19.469692822455894, 19.469318110791555, 19.469568026686485, 19.46889287157465, 19.471073741769693, 15.98564536767489, 15.984837642177439, 15.985077181207192, 15.985290413318237, 15.987062034833057, 15.985560476037373, 15.985397773199903, 15.986033877533563, 15.984788134705111, 15.985436528203776, 15.985503623695298, 15.984750794932406, 15.983565473758302, 15.98567605464301, 15.985376128711287, 15.9855929819256, 15.985584482650111, 15.985469340089308, 15.987114691119682, 6.562634755552805, 6.56198484711266, 6.562381622367908, 6.561889377670883, 6.562656141898443, 6.563688350198612, 6.561971980283014, 6.5625418267298885, 6.562992920138926, 6.562708060302403, 6.5628728973936115, 6.562656992472863, 6.563178614348744, 6.562605756310528, 6.565281844506777, 6.562416568172001, 6.562634005199208, 6.562297616664924, 6.562302577913393, 6.561926864679074, 9.90173647877921, 9.901970196135094, 9.901986343969714, 9.9021138617725, 9.90238845014867, 9.902372632999212, 9.903195870043062, 9.901561864438895, 9.902322950824798, 9.902295379527132, 9.90177004050521, 9.901859454247695, 9.901568692632361, 9.902446208259043, 9.90175059272149, 9.899274634982559, 9.900708820231763, 9.902259064851522, 9.90202347786416, 9.901518946069594, 10.521276499166905, 10.522106848794223, 10.521392577773284, 10.52138489497151, 10.520953297990832, 10.521078056894865, 10.522222951701776, 10.522058849339496, 10.521456231846448, 10.521275432437376, 10.521905785819982, 10.521389528222285, 10.52042083771684, 10.521699713215034, 10.521388345262318, 10.521197528164873, 10.522088954770325, 10.521391711239422, 10.52188396145174, 10.520693645758575, 7.312919064107269, 7.312505456371123, 7.312400707416482, 7.312701856905208, 7.31264178302644, 7.311467352551058, 7.311115134266538, 7.312076675165256, 7.311883401078463, 7.312624244903654, 7.312105710081782, 7.312932942680637, 7.312790208388872, 7.312819803533588, 7.312662486265255, 7.312513025538539, 7.3133569464385, 7.311883329067581, 7.312003063705218, 7.3119968720876685, 24.055666863785067, 24.056090862293004, 24.05580277941682, 24.056582849516776, 24.055375529702182, 24.05440189385966, 24.055378678089337, 24.055384865204726, 24.056218645485387, 24.055274471146436, 24.05547955142437, 24.055727493063454, 24.05545984523744, 24.05594871710543, 24.05559293024788, 24.055788735178965, 24.05588151721047, 24.05552930663235, 24.05502267334477, 24.055505143549738, 26.888920521854526, 26.889911052268623, 26.88939864689156, 26.889232176679492, 26.889620162211084, 26.888811530057865, 26.889957040863628, 26.889576633091497, 26.888626972461093, 26.88867789519289, 26.88878361728315, 26.88976926803693, 26.889045559430585, 26.889652591739296, 26.88906398534597, 26.889262271791967, 26.889175485970426, 26.88865788389249, 26.889370644715168, 26.882066182790723], [17.758124612115957 13.632607585872227 11.491072503237348 10.741835246180296 9.135756656780405 26.909285301647227 17.30577215479126 10.362815596421587 14.734669411896958 11.085558241015278 16.383570368943943 13.256304340477444 19.469715091915226 15.98564536767489 6.562634755552805 9.90173647877921 10.521276499166905 7.312919064107269 24.055666863785067 26.888920521854526; 17.7580682599597 13.613663862701841 11.491056358151635 10.74176677766738 9.135947963852901 26.909329198294056 17.304780849745697 10.363224535211716 14.733707816692446 11.085798268709011 16.383978696372786 13.255854807957695 19.469700932028168 15.984837642177439 6.56198484711266 9.901970196135094 10.522106848794223 7.312505456371123 24.056090862293004 26.889911052268623; 17.757596998269214 13.632365969844104 11.495012328944675 10.74171453466547 9.135449327089182 26.909309186152576 17.305460095235293 10.363526506608787 14.734514646794773 11.08584258580322 16.38385761052513 13.256533915264276 19.469927334974756 15.986397713972334 6.562381622367908 9.901986343969714 10.521392577773284 7.312400707416482 24.05580277941682 26.88939864689156; 17.758003751208264 13.63212258674541 11.490983624078055 10.748460783972455 9.135631250097534 26.90949923257094 17.30514363214922 10.363203140081245 14.734594281463991 11.086101746745317 16.38369433364627 13.256464521410463 19.469767687039393 15.985077181207192 6.561889377670883 9.9021138617725 10.52138489497151 7.312701856905208 24.056582849516776 26.889232176679492; 17.757802193882835 13.632994423166124 11.490751628836268 10.741537781016245 9.131718357833318 26.909308217148958 17.305628614178 10.363342184256688 14.734221302352585 11.08600083938856 16.384164575703473 13.256245390506656 19.4694702796571 15.985290413318237 6.562656141898443 9.90238845014867 10.520953297990832 7.31264178302644 24.055375529702182 26.889620162211084; 17.75661001156469 13.63233748606706 11.491295295154107 10.743302913927923 9.136174372986284 26.90662987521088 17.30435239477188 10.36387008576361 14.734411345679716 11.084960067761422 16.38383236604886 13.256297710035081 19.469900742285333 15.987062034833057 6.563688350198612 9.902372632999212 10.521078056894865 7.311467352551058 24.05440189385966 26.888811530057865; 17.756922316430998 13.632098510868797 11.4922249381819 10.741183977508854 9.134871361292213 26.91003251637261 17.301372017525484 10.363141743269265 14.734156907223973 11.085784503437631 16.383536926779186 13.257315455466074 19.470214621571564 15.985560476037373 6.561971980283014 9.903195870043062 10.522222951701776 7.311115134266538 24.055378678089337 26.889957040863628; 17.757952423484276 13.631139436357614 11.490807994157556 10.74170776945373 9.135448042735064 26.909319693391332 17.306588519564293 10.361993528302389 14.73480561280731 11.085793565193242 16.383981715872157 13.255852439644954 19.469666823586483 15.985397773199903 6.5625418267298885 9.901561864438895 10.522058849339496 7.312076675165256 24.055384865204726 26.889576633091497; 17.75715751495691 13.632131673077634 11.49102778840605 10.741781897714873 9.136041173474503 26.909570083228566 17.305862968175397 10.363133862919891 14.733692977725138 11.085941578186523 16.383444278144125 13.256302973308468 19.46951586850972 15.986033877533563 6.562992920138926 9.902322950824798 10.521456231846448 7.311883401078463 24.056218645485387 26.888626972461093; 17.75822684887475 13.632199227913794 11.491169573005234 10.741761331173407 9.135573739944968 26.91029323035248 17.305892494339712 10.363312297254106 14.734501474538055 11.087427461162834 16.384103349830404 13.25623402818852 19.46968666910161 15.984788134705111 6.562708060302403 9.902295379527132 10.521275432437376 7.312624244903654 24.055274471146436 26.88867789519289; 17.757194460287547 13.632635073024046 11.490851558581394 10.741537105293125 9.135706492806303 26.909593971440096 17.305852887154845 10.362901831573595 14.735131203329608 11.085962237567687 16.382925530661016 13.25654303861678 19.469331822577324 15.985436528203776 6.5628728973936115 9.90177004050521 10.521905785819982 7.312105710081782 24.05547955142437 26.88878361728315; 17.757304525097762 13.6323735107009 11.491203239739873 10.741639959261322 9.13614304489088 26.90931281538479 17.306437720414518 10.362021415403218 14.734468333155782 11.08615730422816 16.384250204610815 13.25871642892679 19.469288506394374 15.985503623695298 6.562656992472863 9.901859454247695 10.521389528222285 7.312932942680637 24.055727493063454 26.88976926803693; 17.75801452905196 13.632442487493865 11.491101471857199 10.742539430747449 9.135359980111934 26.90959832946274 17.30607279294517 10.363303367305065 14.734295612646896 11.086481575695007 16.38407792273059 13.256016344142337 19.475796733465227 15.984750794932406 6.563178614348744 9.901568692632361 10.52042083771684 7.312790208388872 24.05545984523744 26.889045559430585; 17.758018906500308 13.632669595756463 11.490820919919683 10.741646908058451 9.13560817750483 26.90874494559586 17.305534467564947 10.363010618723106 14.73448742749207 11.085850019013606 16.384148471951665 13.255971624431492 19.469164609453845 15.983565473758302 6.562605756310528 9.902446208259043 10.521699713215034 7.312819803533588 24.05594871710543 26.889652591739296; 17.75788114322108 13.632800187307817 11.49082817741283 10.74144811092757 9.136111144744099 26.909606259316444 17.305174595746696 10.363119810210954 14.734712284476503 11.086854145731097 16.383552689886603 13.25586526863931 19.46959092581458 15.98567605464301 6.565281844506777 9.90175059272149 10.521388345262318 7.312662486265255 24.05559293024788 26.88906398534597; 17.757843568760038 13.632322289528984 11.490104365428918 10.741814118939946 9.135832243188222 26.90935827361899 17.306463674599435 10.36300321222204 14.733719877465266 11.085818626995309 16.383940914230312 13.257541072713174 19.469692822455894 15.985376128711287 6.562416568172001 9.899274634982559 10.521197528164873 7.312513025538539 24.055788735178965 26.889262271791967; 17.757487336142912 13.632607586328577 11.49108525532559 10.741725476030703 9.136073123604689 26.909258850021367 17.306297491861642 10.36302259996329 14.73505894432713 11.085547909190748 16.383269841121763 13.25616865181176 19.469318110791555 15.9855929819256 6.562634005199208 9.900708820231763 10.522088954770325 7.3133569464385 24.05588151721047 26.889175485970426; 17.7575092881496 13.632482075828195 11.491199967703658 10.741933738754396 9.135705827530701 26.909528806605337 17.305574355001138 10.363095328320599 14.735234891611515 11.085990171061637 16.383827343587377 13.256107014665476 19.469568026686485 15.985584482650111 6.562297616664924 9.902259064851522 10.521391711239422 7.311883329067581 24.05552930663235 26.88865788389249; 17.757296670787806 13.632659893824059 11.492277780763867 10.739780947417394 9.137923853708056 26.908363759151385 17.306356932811088 10.363049943809225 14.734941442145034 11.085378160167544 16.38321601964645 13.255976744716309 19.46889287157465 15.985469340089308 6.562302577913393 9.90202347786416 10.52188396145174 7.312003063705218 24.05502267334477 26.889370644715168; 17.758713866482484 13.633892326825599 11.491697711378327 10.741856018112614 9.135921584584867 26.9100157246711 17.304635373048566 10.363564735937581 14.735765735520173 11.084832881117848 16.384175034296625 13.25289028183804 19.471073741769693 15.987114691119682 6.561926864679074 9.901518946069594 10.520693645758575 7.3119968720876685 24.055505143549738 26.882066182790723], [NaN, NaN, NaN, NaN, NaN, NaN, NaN, NaN, NaN, NaN, NaN, NaN, NaN, NaN, NaN, NaN, NaN, NaN, NaN, NaN, NaN, NaN, NaN, NaN, NaN, NaN, NaN, NaN, NaN, NaN, NaN, NaN, NaN, NaN, NaN, NaN, NaN, NaN, NaN, NaN, NaN, NaN, NaN, NaN, NaN, NaN, NaN, NaN, NaN, NaN, NaN, NaN, NaN, NaN, NaN, NaN, NaN, NaN, NaN, NaN, NaN, NaN, NaN, NaN, NaN, NaN, NaN, NaN, NaN, NaN, NaN, NaN, NaN, NaN, NaN, NaN, NaN, NaN, NaN, NaN, NaN, NaN, NaN, NaN, NaN, NaN, NaN, NaN, NaN, NaN, NaN, NaN, NaN, NaN, NaN, NaN, NaN, NaN, NaN, NaN, NaN, NaN, NaN, NaN, NaN, NaN, NaN, NaN, NaN, NaN, NaN, NaN, NaN, NaN, NaN, NaN, NaN, NaN, NaN, NaN, NaN, NaN, NaN, NaN, NaN, NaN, NaN, NaN, NaN, NaN, NaN, NaN, NaN, NaN, NaN, NaN, NaN, NaN, NaN, NaN, NaN, NaN, NaN, NaN, NaN, NaN, NaN, NaN, NaN, NaN, NaN, NaN, NaN, NaN, NaN, NaN, NaN, NaN, NaN, NaN, NaN, NaN, NaN, NaN, NaN, NaN, NaN, NaN, NaN, NaN, NaN, NaN, NaN, NaN, NaN, NaN, NaN, NaN, NaN, NaN, NaN, NaN, NaN, NaN, NaN, NaN, NaN, NaN, NaN, NaN, NaN, NaN, NaN, NaN, NaN, NaN, NaN, NaN, NaN, NaN, NaN, NaN, NaN, NaN, NaN, NaN, NaN, NaN, NaN, NaN, NaN, NaN, NaN, NaN, NaN, NaN, NaN, NaN, NaN, NaN, NaN, NaN, NaN, NaN, NaN, NaN, NaN, NaN, NaN, NaN, NaN, NaN, NaN, NaN, NaN, NaN, NaN, NaN, NaN, NaN, NaN, NaN, NaN, NaN, NaN, NaN, NaN, NaN, NaN, NaN, NaN, NaN, NaN, NaN, NaN, NaN, NaN, NaN, NaN, NaN, NaN, NaN, NaN, NaN, NaN, NaN, NaN, NaN, NaN, NaN, NaN, NaN, NaN, NaN, NaN, NaN, NaN, NaN, NaN, NaN, NaN, NaN, NaN, NaN, NaN, NaN, NaN, NaN, NaN, NaN, NaN, NaN, NaN, NaN, NaN, NaN, NaN, NaN, NaN, NaN, NaN, NaN, NaN, NaN, NaN, NaN, NaN, NaN, NaN, NaN, NaN, NaN, NaN, NaN, NaN, NaN, NaN, NaN, NaN, NaN, NaN, NaN, NaN, NaN, NaN, NaN, NaN, NaN, NaN, NaN, NaN, NaN, NaN, NaN, NaN, NaN, NaN, NaN, NaN, NaN, NaN, NaN, NaN, NaN, NaN, NaN, NaN, NaN, NaN, NaN, NaN, NaN, NaN, NaN, NaN, NaN, NaN, NaN, NaN, NaN, NaN, NaN, NaN, NaN, NaN, NaN, NaN, NaN, NaN, NaN, NaN, NaN, NaN, NaN, NaN, NaN, NaN, NaN, NaN, NaN, NaN, NaN, NaN, NaN, NaN, NaN, NaN, NaN, NaN, NaN, NaN, NaN, NaN, NaN, NaN, NaN, NaN, NaN, NaN, NaN, NaN, NaN], Dict(56 => 0.1, 35 => 0.1, 60 => 0.1, 220 => 0.1, 308 => 0.1, 67 => 0.1, 215 => 0.1, 319 => 0.1, 73 => 0.1, 251 => 0.1, 115 => 0.1, 112 => 0.1, 185 => 0.1, 348 => 0.1, 365 => 0.1, 333 => 0.1, 86 => 0.04, 168 => 0.1, 364 => 0.1, 207 => 0.1, 263 => 0.1, 242 => 0.1, 183 => 0.1, 376 => 0.1, 224 => 0.1, 177 => 0.1, 12 => 0.1, 75 => 0.1, 111 => 0.1, 23 => 0.08, 264 => 0.1, 41 => 0.1, 68 => 0.1, 82 => 0.1, 130 => 0.1, 125 => 0.1, 77 => 0.1, 172 => 0.1, 339 => 0.1, 71 => 0.1, 66 => 0.1, 103 => 0.1, 280 => 0.08, 208 => 0.1, 59 => 0.1, 336 => 0.1, 211 => 0.1, 358 => 0.08, 343 => 0.1, 366 => 0.1, 26 => 0.1, 127 => 0.1, 116 => 0.1, 100 => 0.1, 79 => 0.1, 279 => 0.1, 230 => 0.1, 195 => 0.1, 374 => 0.1, 141 => 0.1, 278 => 0.1, 388 => 0.1, 135 => 0.1, 389 => 0.1, 138 => 0.1, 222 => 0.1, 107 => 0.1, 46 => 0.1, 276 => 0.1, 295 => 0.04, 57 => 0.1, 381 => 0.1, 152 => 0.1, 247 => 0.1, 170 => 0.08, 397 => 0.1, 129 => 0.1, 238 => 0.1, 250 => 0.1, 78 => 0.1, 133 => 0.1, 258 => 0.1, 72 => 0.1, 184 => 0.1, 252 => 0.1, 137 => 0.1, 154 => 0.1, 22 => 0.1, 313 => 0.1, 391 => 0.1, 237 => 0.1, 206 => 0.1, 288 => 0.1, 270 => 0.1, 354 => 0.1, 299 => 0.08, 33 => 0.1, 345 => 0.1, 40 => 0.1, 400 => 0.08, 231 => 0.1, 113 => 0.1, 245 => 0.1, 254 => 0.08, 283 => 0.1, 309 => 0.1, 165 => 0.1, 142 => 0.1, 5 => 0.1, 55 => 0.1, 114 => 0.1, 265 => 0.1, 325 => 0.1, 136 => 0.1, 117 => 0.1, 45 => 0.1, 145 => 0.1, 282 => 0.1, 337 => 0.08, 342 => 0.1, 275 => 0.1, 393 => 0.1, 363 => 0.1, 378 => 0.1, 351 => 0.1, 158 => 0.1, 218 => 0.1, 176 => 0.1, 28 => 0.1, 148 => 0.1, 92 => 0.1, 36 => 0.1, 118 => 0.1, 162 => 0.1, 84 => 0.1, 7 => 0.1, 203 => 0.1, 95 => 0.1, 25 => 0.1, 353 => 0.1, 292 => 0.1, 232 => 0.1, 93 => 0.1, 296 => 0.1, 304 => 0.1, 18 => 0.1, 240 => 0.1, 147 => 0.1, 157 => 0.1, 16 => 0.1, 392 => 0.1, 370 => 0.1, 341 => 0.1, 287 => 0.1, 349 => 0.1, 19 => 0.1, 44 => 0.08, 266 => 0.1, 31 => 0.1, 217 => 0.1, 368 => 0.1, 146 => 0.1, 74 => 0.1, 61 => 0.1, 29 => 0.1, 390 => 0.1, 380 => 0.1, 212 => 0.08, 303 => 0.1, 228 => 0.1, 159 => 0.1, 193 => 0.1, 226 => 0.1, 360 => 0.1, 101 => 0.1, 105 => 0.1, 223 => 0.1, 399 => 0.1, 285 => 0.1, 17 => 0.1, 271 => 0.1, 335 => 0.1, 166 => 0.1, 89 => 0.1, 214 => 0.1, 331 => 0.1, 80 => 0.08, 198 => 0.1, 51 => 0.1, 274 => 0.04, 246 => 0.1, 143 => 0.1, 48 => 0.1, 15 => 0.1, 330 => 0.1, 97 => 0.1, 284 => 0.1, 134 => 0.1, 110 => 0.1, 30 => 0.1, 6 => 0.1, 234 => 0.1, 219 => 0.1, 367 => 0.1, 272 => 0.1, 182 => 0.1, 253 => 0.1, 153 => 0.1, 186 => 0.1, 164 => 0.1, 64 => 0.1, 267 => 0.1, 394 => 0.1, 90 => 0.1, 139 => 0.1, 4 => 0.1, 13 => 0.1, 359 => 0.1, 104 => 0.1, 316 => 0.04, 328 => 0.1, 52 => 0.1, 179 => 0.1, 369 => 0.1, 356 => 0.1, 302 => 0.1, 43 => 0.1, 11 => 0.1, 69 => 0.1, 171 => 0.1, 300 => 0.1, 85 => 0.1, 119 => 0.1, 39 => 0.1, 216 => 0.1, 126 => 0.1, 108 => 0.1, 382 => 0.1, 156 => 0.1, 2 => 0.08, 27 => 0.1, 10 => 0.1, 307 => 0.1, 261 => 0.1, 124 => 0.1, 144 => 0.1, 273 => 0.1, 257 => 0.1, 352 => 0.1, 312 => 0.1, 290 => 0.1, 81 => 0.1, 20 => 0.1, 200 => 0.1, 340 => 0.1, 187 => 0.1, 213 => 0.1, 329 => 0.1, 398 => 0.1, 9 => 0.1, 344 => 0.1, 189 => 0.1, 346 => 0.1, 227 => 0.1, 294 => 0.1, 109 => 0.1, 161 => 0.1, 383 => 0.1, 395 => 0.1, 249 => 0.1, 372 => 0.1, 241 => 0.1, 88 => 0.1, 209 => 0.1, 236 => 0.1, 120 => 0.1, 323 => 0.1, 260 => 0.1, 297 => 0.1, 24 => 0.1, 8 => 0.1, 37 => 0.1, 83 => 0.1, 190 => 0.1, 201 => 0.1, 99 => 0.1, 121 => 0.1, 311 => 0.1, 281 => 0.1, 14 => 0.1, 386 => 0.1, 314 => 0.1, 357 => 0.1, 334 => 0.1, 174 => 0.1, 322 => 0.1, 269 => 0.1, 315 => 0.1, 123 => 0.1, 305 => 0.1, 268 => 0.1, 32 => 0.1, 197 => 0.1, 233 => 0.08, 196 => 0.1, 262 => 0.1, 320 => 0.08, 324 => 0.1, 210 => 0.1, 151 => 0.1, 239 => 0.1, 54 => 0.1, 63 => 0.1, 191 => 0.08, 91 => 0.1, 327 => 0.1, 205 => 0.1, 62 => 0.1, 244 => 0.1, 150 => 0.1, 122 => 0.1, 58 => 0.1, 199 => 0.1, 173 => 0.1, 256 => 0.1, 277 => 0.1, 188 => 0.1, 361 => 0.1, 98 => 0.1, 355 => 0.1, 235 => 0.1, 204 => 0.1, 385 => 0.1, 377 => 0.1, 384 => 0.1, 310 => 0.1, 321 => 0.1, 371 => 0.1, 76 => 0.1, 34 => 0.1, 318 => 0.1, 243 => 0.1, 50 => 0.1, 194 => 0.1, 167 => 0.1, 87 => 0.1, 42 => 0.1, 132 => 0.1, 317 => 0.1, 202 => 0.1, 140 => 0.1, 248 => 0.1, 169 => 0.1, 301 => 0.1, 180 => 0.1, 255 => 0.1, 160 => 0.1, 289 => 0.1, 49 => 0.1, 291 => 0.1, 106 => 0.1, 94 => 0.1, 225 => 0.1, 102 => 0.1, 128 => 0.08, 259 => 0.1, 379 => 0.1, 347 => 0.1, 332 => 0.1, 21 => 0.1, 396 => 0.1, 229 => 0.1, 38 => 0.1, 163 => 0.1, 70 => 0.1, 350 => 0.1, 131 => 0.1, 375 => 0.1, 192 => 0.1, 326 => 0.1, 221 => 0.1, 373 => 0.1, 53 => 0.1, 362 => 0.1, 47 => 0.1, 175 => 0.1, 338 => 0.1, 286 => 0.1, 3 => 0.1, 178 => 0.1, 387 => 0.1, 306 => 0.1, 96 => 0.1, 149 => 0.08, 181 => 0.1, 155 => 0.1, 65 => 0.04, 293 => 0.1, 298 => 0.1), (gp = 0.983733445033279, w = [0.983733445033279, 17.758124612115957, 17.7580682599597, 17.757596998269214, 17.758003751208264, 17.757802193882835, 17.75661001156469, 17.756922316430998, 17.757952423484276, 17.75715751495691, 17.75822684887475, 17.757194460287547, 17.757304525097762, 17.75801452905196, 17.758018906500308, 17.75788114322108, 17.757843568760038, 17.757487336142912, 17.7575092881496, 17.757296670787806, 17.758713866482484, 13.632607585872227, 13.613663862701841, 13.632365969844104, 13.63212258674541, 13.632994423166124, 13.63233748606706, 13.632098510868797, 13.631139436357614, 13.632131673077634, 13.632199227913794, 13.632635073024046, 13.6323735107009, 13.632442487493865, 13.632669595756463, 13.632800187307817, 13.632322289528984, 13.632607586328577, 13.632482075828195, 13.632659893824059, 13.633892326825599, 11.491072503237348, 11.491056358151635, 11.495012328944675, 11.490983624078055, 11.490751628836268, 11.491295295154107, 11.4922249381819, 11.490807994157556, 11.49102778840605, 11.491169573005234, 11.490851558581394, 11.491203239739873, 11.491101471857199, 11.490820919919683, 11.49082817741283, 11.490104365428918, 11.49108525532559, 11.491199967703658, 11.492277780763867, 11.491697711378327, 10.741835246180296, 10.74176677766738, 10.74171453466547, 10.748460783972455, 10.741537781016245, 10.743302913927923, 10.741183977508854, 10.74170776945373, 10.741781897714873, 10.741761331173407, 10.741537105293125, 10.741639959261322, 10.742539430747449, 10.741646908058451, 10.74144811092757, 10.741814118939946, 10.741725476030703, 10.741933738754396, 10.739780947417394, 10.741856018112614, 9.135756656780405, 9.135947963852901, 9.135449327089182, 9.135631250097534, 9.131718357833318, 9.136174372986284, 9.134871361292213, 9.135448042735064, 9.136041173474503, 9.135573739944968, 9.135706492806303, 9.13614304489088, 9.135359980111934, 9.13560817750483, 9.136111144744099, 9.135832243188222, 9.136073123604689, 9.135705827530701, 9.137923853708056, 9.135921584584867, 26.909285301647227, 26.909329198294056, 26.909309186152576, 26.90949923257094, 26.909308217148958, 26.90662987521088, 26.91003251637261, 26.909319693391332, 26.909570083228566, 26.91029323035248, 26.909593971440096, 26.90931281538479, 26.90959832946274, 26.90874494559586, 26.909606259316444, 26.90935827361899, 26.909258850021367, 26.909528806605337, 26.908363759151385, 26.9100157246711, 17.30577215479126, 17.304780849745697, 17.305460095235293, 17.30514363214922, 17.305628614178, 17.30435239477188, 17.301372017525484, 17.306588519564293, 17.305862968175397, 17.305892494339712, 17.305852887154845, 17.306437720414518, 17.30607279294517, 17.305534467564947, 17.305174595746696, 17.306463674599435, 17.306297491861642, 17.305574355001138, 17.306356932811088, 17.304635373048566, 10.362815596421587, 10.363224535211716, 10.363526506608787, 10.363203140081245, 10.363342184256688, 10.36387008576361, 10.363141743269265, 10.361993528302389, 10.363133862919891, 10.363312297254106, 10.362901831573595, 10.362021415403218, 10.363303367305065, 10.363010618723106, 10.363119810210954, 10.36300321222204, 10.36302259996329, 10.363095328320599, 10.363049943809225, 10.363564735937581, 14.734669411896958, 14.733707816692446, 14.734514646794773, 14.734594281463991, 14.734221302352585, 14.734411345679716, 14.734156907223973, 14.73480561280731, 14.733692977725138, 14.734501474538055, 14.735131203329608, 14.734468333155782, 14.734295612646896, 14.73448742749207, 14.734712284476503, 14.733719877465266, 14.73505894432713, 14.735234891611515, 14.734941442145034, 14.735765735520173, 11.085558241015278, 11.085798268709011, 11.08584258580322, 11.086101746745317, 11.08600083938856, 11.084960067761422, 11.085784503437631, 11.085793565193242, 11.085941578186523, 11.087427461162834, 11.085962237567687, 11.08615730422816, 11.086481575695007, 11.085850019013606, 11.086854145731097, 11.085818626995309, 11.085547909190748, 11.085990171061637, 11.085378160167544, 11.084832881117848, 16.383570368943943, 16.383978696372786, 16.38385761052513, 16.38369433364627, 16.384164575703473, 16.38383236604886, 16.383536926779186, 16.383981715872157, 16.383444278144125, 16.384103349830404, 16.382925530661016, 16.384250204610815, 16.38407792273059, 16.384148471951665, 16.383552689886603, 16.383940914230312, 16.383269841121763, 16.383827343587377, 16.38321601964645, 16.384175034296625, 13.256304340477444, 13.255854807957695, 13.256533915264276, 13.256464521410463, 13.256245390506656, 13.256297710035081, 13.257315455466074, 13.255852439644954, 13.256302973308468, 13.25623402818852, 13.25654303861678, 13.25871642892679, 13.256016344142337, 13.255971624431492, 13.25586526863931, 13.257541072713174, 13.25616865181176, 13.256107014665476, 13.255976744716309, 13.25289028183804, 19.469715091915226, 19.469700932028168, 19.469927334974756, 19.469767687039393, 19.4694702796571, 19.469900742285333, 19.470214621571564, 19.469666823586483, 19.46951586850972, 19.46968666910161, 19.469331822577324, 19.469288506394374, 19.475796733465227, 19.469164609453845, 19.46959092581458, 19.469692822455894, 19.469318110791555, 19.469568026686485, 19.46889287157465, 19.471073741769693, 15.98564536767489, 15.984837642177439, 15.985077181207192, 15.985290413318237, 15.987062034833057, 15.985560476037373, 15.985397773199903, 15.986033877533563, 15.984788134705111, 15.985436528203776, 15.985503623695298, 15.984750794932406, 15.983565473758302, 15.98567605464301, 15.985376128711287, 15.9855929819256, 15.985584482650111, 15.985469340089308, 15.987114691119682, 6.562634755552805, 6.56198484711266, 6.562381622367908, 6.561889377670883, 6.562656141898443, 6.563688350198612, 6.561971980283014, 6.5625418267298885, 6.562992920138926, 6.562708060302403, 6.5628728973936115, 6.562656992472863, 6.563178614348744, 6.562605756310528, 6.565281844506777, 6.562416568172001, 6.562634005199208, 6.562297616664924, 6.562302577913393, 6.561926864679074, 9.90173647877921, 9.901970196135094, 9.901986343969714, 9.9021138617725, 9.90238845014867, 9.902372632999212, 9.903195870043062, 9.901561864438895, 9.902322950824798, 9.902295379527132, 9.90177004050521, 9.901859454247695, 9.901568692632361, 9.902446208259043, 9.90175059272149, 9.899274634982559, 9.900708820231763, 9.902259064851522, 9.90202347786416, 9.901518946069594, 10.521276499166905, 10.522106848794223, 10.521392577773284, 10.52138489497151, 10.520953297990832, 10.521078056894865, 10.522222951701776, 10.522058849339496, 10.521456231846448, 10.521275432437376, 10.521905785819982, 10.521389528222285, 10.52042083771684, 10.521699713215034, 10.521388345262318, 10.521197528164873, 10.522088954770325, 10.521391711239422, 10.52188396145174, 10.520693645758575, 7.312919064107269, 7.312505456371123, 7.312400707416482, 7.312701856905208, 7.31264178302644, 7.311467352551058, 7.311115134266538, 7.312076675165256, 7.311883401078463, 7.312624244903654, 7.312105710081782, 7.312932942680637, 7.312790208388872, 7.312819803533588, 7.312662486265255, 7.312513025538539, 7.3133569464385, 7.311883329067581, 7.312003063705218, 7.3119968720876685, 24.055666863785067, 24.056090862293004, 24.05580277941682, 24.056582849516776, 24.055375529702182, 24.05440189385966, 24.055378678089337, 24.055384865204726, 24.056218645485387, 24.055274471146436, 24.05547955142437, 24.055727493063454, 24.05545984523744, 24.05594871710543, 24.05559293024788, 24.055788735178965, 24.05588151721047, 24.05552930663235, 24.05502267334477, 24.055505143549738, 26.888920521854526, 26.889911052268623, 26.88939864689156, 26.889232176679492, 26.889620162211084, 26.888811530057865, 26.889957040863628, 26.889576633091497, 26.888626972461093, 26.88867789519289, 26.88878361728315, 26.88976926803693, 26.889045559430585, 26.889652591739296, 26.88906398534597, 26.889262271791967, 26.889175485970426, 26.88865788389249, 26.889370644715168, 26.882066182790723], Delta = 0.032822416253677544, n_eval = 9, t = 652.2264628410339), 9, 3, 655.9435188770294, -55.94351887702942, :stage_complete, "unknown"), ckpt_path = "/bbkinghome/edav/gravity_robustness/gravity-perf-fullA-cm-cplus-statecache-overnight/results/cm_cplus_followup/matched_trajectory_long600/cplus/matched_cplus_latest.jls")
>>> [cplus] independent cold re-verify of best: Delta_dual=0.03282241625367746 (self-reported 0.032822416253677544) |diff|=8.326672684688674e-17 inner_status=0
>>> [cplus] DONE. summary=(backend = :cplus, wall = 685.592826128006, n_eval = 9, n_grad = 3, knitro_status = -401, kappa = 0.02696365735474271, best_delta = 0.032822416253677544, best_g = 0.983733445033279)
