WARNING:  Option 'mip_integral_gap_abs' deprecated, please use 'mip_opt_gap_abs'.
WARNING:  Option 'mip_integral_gap_rel' deprecated, please use 'mip_opt_gap_rel'.
WARNING:  Option 'mip_integral_gap_abs' deprecated, please use 'mip_opt_gap_abs'.
WARNING:  Option 'mip_integral_gap_rel' deprecated, please use 'mip_opt_gap_rel'.
WARNING:  Option 'mip_integral_gap_abs' deprecated, please use 'mip_opt_gap_abs'.
WARNING:  Option 'mip_integral_gap_rel' deprecated, please use 'mip_opt_gap_rel'.
[PARALLEL_INVERSION=true] julia threads=9, BLAS threads set to 1
diffTheory = diff = 0.5266127343523106
diffPreStep = diff = 0.057916191800821304
κ = 0.1903992002131849
κ_upper = 0.1903992002131849
κ_lower = 0.1903992002131849
θ_initial = [0.16666666666666666, 2.5, 1.0251192790461112, 1.119075564051579, 1.1106484041932259, 0.9485391014472084, 1.0077853842712898, 1.1474257060916715, 1.042028763973495, 1.0002260838376718, 1.0267267813260041, 1.0304188733515185, 0.9858752631969155, 1.0, 1.0, 1.0, 1.0, 1.0, 1.0, 1.0, 1.0, 1.0, 1.0, 1.0, 1.0, 1.0, 1.0, 1.0, 1.0, 1.0, 1.0, 1.0, 1.0, 1.0, 1.0, 1.0, 1.0, 1.0, 1.0, 1.0, 1.0, 1.0, 1.0, 1.0, 1.0, 1.0, 1.0, 1.0, 1.0, 1.0, 1.0, 1.0, 1.0, 1.0, 1.0, 1.0, 1.0, 1.0, 1.0, 1.0, 1.0, 1.0, 1.0, 1.0, 1.0, 1.0, 1.0, 1.0, 1.0, 1.0, 1.0, 1.0, 1.0, 1.0, 1.0, 1.0, 1.0, 1.0, 1.0, 1.0, 1.0, 1.0, 1.0, 1.0, 1.0, 1.0, 1.0, 1.0, 1.0, 1.0, 1.0, 1.0, 1.0, 1.0, 1.0, 1.0, 1.0, 1.0, 1.0, 1.0, 1.0, 1.0, 1.0, 1.0, 1.0, 1.0, 1.0, 1.0, 1.0, 1.0, 1.0, 1.0, 1.0]
θ_initial_upper = [0.16666666666666666, 2.5, 1.0251192790461112, 1.119075564051579, 1.1106484041932259, 0.9485391014472084, 1.0077853842712898, 1.1474257060916715, 1.042028763973495, 1.0002260838376718, 1.0267267813260041, 1.0304188733515185, 0.9858752631969155, 1.0, 1.0, 1.0, 1.0, 1.0, 1.0, 1.0, 1.0, 1.0, 1.0, 1.0, 1.0, 1.0, 1.0, 1.0, 1.0, 1.0, 1.0, 1.0, 1.0, 1.0, 1.0, 1.0, 1.0, 1.0, 1.0, 1.0, 1.0, 1.0, 1.0, 1.0, 1.0, 1.0, 1.0, 1.0, 1.0, 1.0, 1.0, 1.0, 1.0, 1.0, 1.0, 1.0, 1.0, 1.0, 1.0, 1.0, 1.0, 1.0, 1.0, 1.0, 1.0, 1.0, 1.0, 1.0, 1.0, 1.0, 1.0, 1.0, 1.0, 1.0, 1.0, 1.0, 1.0, 1.0, 1.0, 1.0, 1.0, 1.0, 1.0, 1.0, 1.0, 1.0, 1.0, 1.0, 1.0, 1.0, 1.0, 1.0, 1.0, 1.0, 1.0, 1.0, 1.0, 1.0, 1.0, 1.0, 1.0, 1.0, 1.0, 1.0, 1.0, 1.0, 1.0, 1.0, 1.0, 1.0, 1.0, 1.0, 1.0]
θ_initial_lower = [0.16666666666666666, 2.5, 1.0251192790461112, 1.119075564051579, 1.1106484041932259, 0.9485391014472084, 1.0077853842712898, 1.1474257060916715, 1.042028763973495, 1.0002260838376718, 1.0267267813260041, 1.0304188733515185, 0.9858752631969155, 1.0, 1.0, 1.0, 1.0, 1.0, 1.0, 1.0, 1.0, 1.0, 1.0, 1.0, 1.0, 1.0, 1.0, 1.0, 1.0, 1.0, 1.0, 1.0, 1.0, 1.0, 1.0, 1.0, 1.0, 1.0, 1.0, 1.0, 1.0, 1.0, 1.0, 1.0, 1.0, 1.0, 1.0, 1.0, 1.0, 1.0, 1.0, 1.0, 1.0, 1.0, 1.0, 1.0, 1.0, 1.0, 1.0, 1.0, 1.0, 1.0, 1.0, 1.0, 1.0, 1.0, 1.0, 1.0, 1.0, 1.0, 1.0, 1.0, 1.0, 1.0, 1.0, 1.0, 1.0, 1.0, 1.0, 1.0, 1.0, 1.0, 1.0, 1.0, 1.0, 1.0, 1.0, 1.0, 1.0, 1.0, 1.0, 1.0, 1.0, 1.0, 1.0, 1.0, 1.0, 1.0, 1.0, 1.0, 1.0, 1.0, 1.0, 1.0, 1.0, 1.0, 1.0, 1.0, 1.0, 1.0, 1.0, 1.0, 1.0]
numMoments = 102
numMomentInnerSimple = 101
inequality_index = Int64[]
PMM = [-0.009853880998667552 -0.0019849035966354226 -0.00501261468304523 -0.004400319442796806 -0.00308790569230393 -0.006454572559465355 -0.006770188984177524 -0.001173034277690251 -0.008496975744539469 -0.005865788774480087 -0.0006789632639353242 -0.0074835561556690616 0.0014945975508838059 -0.001699407953794355 0.0010802486750238567 9.052624864479775e-5 0.0014398004509788068 -0.0042979393601814105 -0.00023380736633402577 0.0021786523971636996 0.0029020069333772465 0.0034059846490361134 0.006500367346622861 0.0008107825148975482 0.0038238416294828314 0.004032147846747069 0.0017267139544759824 0.0034704898002962344 0.0031418713429646893 0.005962377921928385 1.1398497224027082e-5 0.004899252279767259 0.0017010380559743976 -0.0014275655165059433 0.0016485062658132704 -0.0001703673461563453 0.001806094968125386 0.000340057223440521 0.0025875355801568112 0.0010831887111133027 -0.0054396371051942975 -0.0005017552104653363 -0.00722251999689926 0.0012789027601286525 -0.010719938727202727 -0.007236939033325793 -0.006504271926924076 0.0011655349133724011 -0.0037613618772693903 -0.00693053463871183 0.002798908898014055 -0.002127594818635502 -0.0025385175431696626 -0.0011702945266337272 -0.0016602037405965282 0.0005818339922702615 -0.0005696882570826384 -0.000339840921018379 0.0006131008046141432 -0.0009514140746455886 0.007601555178904102 0.005193509347712122 0.004996822358344498 0.005355593966368616 0.004996732385525906 0.005959806236633459 0.011152899149332563 0.0036331515969480364 0.004224202402098838 0.0017550890066645054 0.007251895981867223 0.011384118063363353 0.0067450378523873835 0.011152915304560697 0.006216011134128326 0.006714626727584615 0.008210867529670028 0.01120817784878781 0.010070574410249595 0.007285069993266665 -0.009111355729906553 -0.009023119914350588 -0.007266301265886101 -0.00620429691384407 -0.004860164658862112 -0.01016813442969274 -0.012871149470186055 -0.006556508820408352 -0.009253194251144368 -0.00960969810637395 0.004366041344802958 0.0029044649139371823 0.0018724436890160344 0.0030935636494510213 0.0024556748043491864 0.006685344711130332 0.004474639537540785 0.0019641953800333635 0.0017469843217955982 0.006542482980083609 0.00161278807726872 -1.0942578621588224e-16]
moments_with_var = [1, 2, 3, 4, 5, 6, 7, 8, 9, 10, 11, 12, 13, 14, 15, 16, 17, 18, 19, 20, 21, 22, 23, 24, 25, 26, 27, 28, 29, 30, 31, 32, 33, 34, 35, 36, 37, 38, 39, 40, 41, 42, 43, 44, 45, 46, 47, 48, 49, 50, 51, 52, 53, 54, 55, 56, 57, 58, 59, 60, 61, 62, 63, 64, 65, 66, 67, 68, 69, 70, 71, 72, 73, 74, 75, 76, 77, 78, 79, 80, 81, 82, 83, 84, 85, 86, 87, 88, 89, 90, 91, 92, 93, 94, 95, 96, 97, 98, 99, 100, 101]
moments_without_var = Int64[]
δ_star_initial = -0.0070547150355884875
val = 0.0070547150355884875
δ_star_initial_low = -0.0070547150355884875
val = 0.0070547150355884875
δ_star_initial_up = -0.0070547150355884875
δ_star_initial = -0.0070547150355884875
δ_grid = [1]
δ_grid_filtered = [1]
point estimate γ'_focal(F*) = 0.880973  ->  kappa point estimate = 0.190399

=== [PRODUCTION: profiled/sequential, cached, free-only ForwardDiff] D=10 W=8000 ρ=0.002 MU_FIXED(removed)=true DELTA_GRID=[0.1, 1.0, 10.0] GRAVITY_SEED=true ===
point estimate kappa = 0.190399

----- lower bound: gamma'_focal MAXIMIZED, delta=0.1 (warm-started) -----
WARNING:  Option 'mip_integral_gap_abs' deprecated, please use 'mip_opt_gap_abs'.
WARNING:  Option 'mip_integral_gap_rel' deprecated, please use 'mip_opt_gap_rel'.
WARNING:  Option 'mip_integral_gap_abs' deprecated, please use 'mip_opt_gap_abs'.
WARNING:  Option 'mip_integral_gap_rel' deprecated, please use 'mip_opt_gap_rel'.
WARNING:  Option 'mip_integral_gap_abs' deprecated, please use 'mip_opt_gap_abs'.
WARNING:  Option 'mip_integral_gap_rel' deprecated, please use 'mip_opt_gap_rel'.
WARNING:  Option 'mip_integral_gap_abs' deprecated, please use 'mip_opt_gap_abs'.
WARNING:  Option 'mip_integral_gap_rel' deprecated, please use 'mip_opt_gap_rel'.
WARNING:  Option 'mip_integral_gap_abs' deprecated, please use 'mip_opt_gap_abs'.
WARNING:  Option 'mip_integral_gap_rel' deprecated, please use 'mip_opt_gap_rel'.
WARNING:  Option 'mip_integral_gap_abs' deprecated, please use 'mip_opt_gap_abs'.
WARNING:  Option 'mip_integral_gap_rel' deprecated, please use 'mip_opt_gap_rel'.
WARNING:  Option 'mip_integral_gap_abs' deprecated, please use 'mip_opt_gap_abs'.
WARNING:  Option 'mip_integral_gap_rel' deprecated, please use 'mip_opt_gap_rel'.
WARNING:  Option 'mip_integral_gap_abs' deprecated, please use 'mip_opt_gap_abs'.
WARNING:  Option 'mip_integral_gap_rel' deprecated, please use 'mip_opt_gap_rel'.
WARNING:  Option 'mip_integral_gap_abs' deprecated, please use 'mip_opt_gap_abs'.
WARNING:  Option 'mip_integral_gap_rel' deprecated, please use 'mip_opt_gap_rel'.
WARNING:  Option 'mip_integral_gap_abs' deprecated, please use 'mip_opt_gap_abs'.
WARNING:  Option 'mip_integral_gap_rel' deprecated, please use 'mip_opt_gap_rel'.
WARNING:  Option 'mip_integral_gap_abs' deprecated, please use 'mip_opt_gap_abs'.
WARNING:  Option 'mip_integral_gap_rel' deprecated, please use 'mip_opt_gap_rel'.
WARNING:  Option 'mip_integral_gap_abs' deprecated, please use 'mip_opt_gap_abs'.
WARNING:  Option 'mip_integral_gap_rel' deprecated, please use 'mip_opt_gap_rel'.
WARNING:  Option 'mip_integral_gap_abs' deprecated, please use 'mip_opt_gap_abs'.
WARNING:  Option 'mip_integral_gap_rel' deprecated, please use 'mip_opt_gap_rel'.
WARNING:  Option 'mip_integral_gap_abs' deprecated, please use 'mip_opt_gap_abs'.
WARNING:  Option 'mip_integral_gap_rel' deprecated, please use 'mip_opt_gap_rel'.
WARNING:  Option 'mip_integral_gap_abs' deprecated, please use 'mip_opt_gap_abs'.
WARNING:  Option 'mip_integral_gap_rel' deprecated, please use 'mip_opt_gap_rel'.
WARNING:  Option 'mip_integral_gap_abs' deprecated, please use 'mip_opt_gap_abs'.
WARNING:  Option 'mip_integral_gap_rel' deprecated, please use 'mip_opt_gap_rel'.
WARNING:  Option 'mip_integral_gap_abs' deprecated, please use 'mip_opt_gap_abs'.
WARNING:  Option 'mip_integral_gap_rel' deprecated, please use 'mip_opt_gap_rel'.
WARNING:  Option 'mip_integral_gap_abs' deprecated, please use 'mip_opt_gap_abs'.
WARNING:  Option 'mip_integral_gap_rel' deprecated, please use 'mip_opt_gap_rel'.
WARNING:  Option 'mip_integral_gap_abs' deprecated, please use 'mip_opt_gap_abs'.
WARNING:  Option 'mip_integral_gap_rel' deprecated, please use 'mip_opt_gap_rel'.
WARNING:  Option 'mip_integral_gap_abs' deprecated, please use 'mip_opt_gap_abs'.
WARNING:  Option 'mip_integral_gap_rel' deprecated, please use 'mip_opt_gap_rel'.
    [θ-eval 10, gravity-feasible 4] seqR_mean=1.34e-04 ok=false seq_time=1.10s
WARNING:  Option 'mip_integral_gap_abs' deprecated, please use 'mip_opt_gap_abs'.
WARNING:  Option 'mip_integral_gap_rel' deprecated, please use 'mip_opt_gap_rel'.
WARNING:  Option 'mip_integral_gap_abs' deprecated, please use 'mip_opt_gap_abs'.
WARNING:  Option 'mip_integral_gap_rel' deprecated, please use 'mip_opt_gap_rel'.
WARNING:  Option 'mip_integral_gap_abs' deprecated, please use 'mip_opt_gap_abs'.
WARNING:  Option 'mip_integral_gap_rel' deprecated, please use 'mip_opt_gap_rel'.
WARNING:  Option 'mip_integral_gap_abs' deprecated, please use 'mip_opt_gap_abs'.
WARNING:  Option 'mip_integral_gap_rel' deprecated, please use 'mip_opt_gap_rel'.
WARNING:  Option 'mip_integral_gap_abs' deprecated, please use 'mip_opt_gap_abs'.
WARNING:  Option 'mip_integral_gap_rel' deprecated, please use 'mip_opt_gap_rel'.
WARNING:  Option 'mip_integral_gap_abs' deprecated, please use 'mip_opt_gap_abs'.
WARNING:  Option 'mip_integral_gap_rel' deprecated, please use 'mip_opt_gap_rel'.
WARNING:  Option 'mip_integral_gap_abs' deprecated, please use 'mip_opt_gap_abs'.
WARNING:  Option 'mip_integral_gap_rel' deprecated, please use 'mip_opt_gap_rel'.
WARNING:  Option 'mip_integral_gap_abs' deprecated, please use 'mip_opt_gap_abs'.
WARNING:  Option 'mip_integral_gap_rel' deprecated, please use 'mip_opt_gap_rel'.
WARNING:  Option 'mip_integral_gap_abs' deprecated, please use 'mip_opt_gap_abs'.
WARNING:  Option 'mip_integral_gap_rel' deprecated, please use 'mip_opt_gap_rel'.
WARNING:  Option 'mip_integral_gap_abs' deprecated, please use 'mip_opt_gap_abs'.
WARNING:  Option 'mip_integral_gap_rel' deprecated, please use 'mip_opt_gap_rel'.
WARNING:  Option 'mip_integral_gap_abs' deprecated, please use 'mip_opt_gap_abs'.
WARNING:  Option 'mip_integral_gap_rel' deprecated, please use 'mip_opt_gap_rel'.
WARNING:  Option 'mip_integral_gap_abs' deprecated, please use 'mip_opt_gap_abs'.
WARNING:  Option 'mip_integral_gap_rel' deprecated, please use 'mip_opt_gap_rel'.
WARNING:  Option 'mip_integral_gap_abs' deprecated, please use 'mip_opt_gap_abs'.
WARNING:  Option 'mip_integral_gap_rel' deprecated, please use 'mip_opt_gap_rel'.
WARNING:  Option 'mip_integral_gap_abs' deprecated, please use 'mip_opt_gap_abs'.
WARNING:  Option 'mip_integral_gap_rel' deprecated, please use 'mip_opt_gap_rel'.
WARNING:  Option 'mip_integral_gap_abs' deprecated, please use 'mip_opt_gap_abs'.
WARNING:  Option 'mip_integral_gap_rel' deprecated, please use 'mip_opt_gap_rel'.
WARNING:  Option 'mip_integral_gap_abs' deprecated, please use 'mip_opt_gap_abs'.
WARNING:  Option 'mip_integral_gap_rel' deprecated, please use 'mip_opt_gap_rel'.
WARNING:  Option 'mip_integral_gap_abs' deprecated, please use 'mip_opt_gap_abs'.
WARNING:  Option 'mip_integral_gap_rel' deprecated, please use 'mip_opt_gap_rel'.
WARNING:  Option 'mip_integral_gap_abs' deprecated, please use 'mip_opt_gap_abs'.
WARNING:  Option 'mip_integral_gap_rel' deprecated, please use 'mip_opt_gap_rel'.
WARNING:  Option 'mip_integral_gap_abs' deprecated, please use 'mip_opt_gap_abs'.
WARNING:  Option 'mip_integral_gap_rel' deprecated, please use 'mip_opt_gap_rel'.
WARNING:  Option 'mip_integral_gap_abs' deprecated, please use 'mip_opt_gap_abs'.
WARNING:  Option 'mip_integral_gap_rel' deprecated, please use 'mip_opt_gap_rel'.
    [θ-eval 20, gravity-feasible 6] seqR_mean=1.77e-04 ok=false seq_time=2.49s
WARNING:  Option 'mip_integral_gap_abs' deprecated, please use 'mip_opt_gap_abs'.
WARNING:  Option 'mip_integral_gap_rel' deprecated, please use 'mip_opt_gap_rel'.
WARNING:  Option 'mip_integral_gap_abs' deprecated, please use 'mip_opt_gap_abs'.
WARNING:  Option 'mip_integral_gap_rel' deprecated, please use 'mip_opt_gap_rel'.
WARNING:  Option 'mip_integral_gap_abs' deprecated, please use 'mip_opt_gap_abs'.
WARNING:  Option 'mip_integral_gap_rel' deprecated, please use 'mip_opt_gap_rel'.
WARNING:  Option 'mip_integral_gap_abs' deprecated, please use 'mip_opt_gap_abs'.
WARNING:  Option 'mip_integral_gap_rel' deprecated, please use 'mip_opt_gap_rel'.
WARNING:  Option 'mip_integral_gap_abs' deprecated, please use 'mip_opt_gap_abs'.
WARNING:  Option 'mip_integral_gap_rel' deprecated, please use 'mip_opt_gap_rel'.
WARNING:  Option 'mip_integral_gap_abs' deprecated, please use 'mip_opt_gap_abs'.
WARNING:  Option 'mip_integral_gap_rel' deprecated, please use 'mip_opt_gap_rel'.
WARNING:  Option 'mip_integral_gap_abs' deprecated, please use 'mip_opt_gap_abs'.
WARNING:  Option 'mip_integral_gap_rel' deprecated, please use 'mip_opt_gap_rel'.
WARNING:  Option 'mip_integral_gap_abs' deprecated, please use 'mip_opt_gap_abs'.
WARNING:  Option 'mip_integral_gap_rel' deprecated, please use 'mip_opt_gap_rel'.
WARNING:  Option 'mip_integral_gap_abs' deprecated, please use 'mip_opt_gap_abs'.
WARNING:  Option 'mip_integral_gap_rel' deprecated, please use 'mip_opt_gap_rel'.
WARNING:  Option 'mip_integral_gap_abs' deprecated, please use 'mip_opt_gap_abs'.
WARNING:  Option 'mip_integral_gap_rel' deprecated, please use 'mip_opt_gap_rel'.
WARNING:  Option 'mip_integral_gap_abs' deprecated, please use 'mip_opt_gap_abs'.
WARNING:  Option 'mip_integral_gap_rel' deprecated, please use 'mip_opt_gap_rel'.
WARNING:  Option 'mip_integral_gap_abs' deprecated, please use 'mip_opt_gap_abs'.
WARNING:  Option 'mip_integral_gap_rel' deprecated, please use 'mip_opt_gap_rel'.
WARNING:  Option 'mip_integral_gap_abs' deprecated, please use 'mip_opt_gap_abs'.
WARNING:  Option 'mip_integral_gap_rel' deprecated, please use 'mip_opt_gap_rel'.
WARNING:  Option 'mip_integral_gap_abs' deprecated, please use 'mip_opt_gap_abs'.
WARNING:  Option 'mip_integral_gap_rel' deprecated, please use 'mip_opt_gap_rel'.
WARNING:  Option 'mip_integral_gap_abs' deprecated, please use 'mip_opt_gap_abs'.
WARNING:  Option 'mip_integral_gap_rel' deprecated, please use 'mip_opt_gap_rel'.
WARNING:  Option 'mip_integral_gap_abs' deprecated, please use 'mip_opt_gap_abs'.
WARNING:  Option 'mip_integral_gap_rel' deprecated, please use 'mip_opt_gap_rel'.
WARNING:  Option 'mip_integral_gap_abs' deprecated, please use 'mip_opt_gap_abs'.
WARNING:  Option 'mip_integral_gap_rel' deprecated, please use 'mip_opt_gap_rel'.
WARNING:  Option 'mip_integral_gap_abs' deprecated, please use 'mip_opt_gap_abs'.
WARNING:  Option 'mip_integral_gap_rel' deprecated, please use 'mip_opt_gap_rel'.
WARNING:  Option 'mip_integral_gap_abs' deprecated, please use 'mip_opt_gap_abs'.
WARNING:  Option 'mip_integral_gap_rel' deprecated, please use 'mip_opt_gap_rel'.
WARNING:  Option 'mip_integral_gap_abs' deprecated, please use 'mip_opt_gap_abs'.
WARNING:  Option 'mip_integral_gap_rel' deprecated, please use 'mip_opt_gap_rel'.
    [θ-eval 30, gravity-feasible 8] seqR_mean=-3.96e-05 ok=true seq_time=1.96s
WARNING:  Option 'mip_integral_gap_abs' deprecated, please use 'mip_opt_gap_abs'.
WARNING:  Option 'mip_integral_gap_rel' deprecated, please use 'mip_opt_gap_rel'.
WARNING:  Option 'mip_integral_gap_abs' deprecated, please use 'mip_opt_gap_abs'.
WARNING:  Option 'mip_integral_gap_rel' deprecated, please use 'mip_opt_gap_rel'.
WARNING:  Option 'mip_integral_gap_abs' deprecated, please use 'mip_opt_gap_abs'.
WARNING:  Option 'mip_integral_gap_rel' deprecated, please use 'mip_opt_gap_rel'.
WARNING:  Option 'mip_integral_gap_abs' deprecated, please use 'mip_opt_gap_abs'.
WARNING:  Option 'mip_integral_gap_rel' deprecated, please use 'mip_opt_gap_rel'.
WARNING:  Option 'mip_integral_gap_abs' deprecated, please use 'mip_opt_gap_abs'.
WARNING:  Option 'mip_integral_gap_rel' deprecated, please use 'mip_opt_gap_rel'.
WARNING:  Option 'mip_integral_gap_abs' deprecated, please use 'mip_opt_gap_abs'.
WARNING:  Option 'mip_integral_gap_rel' deprecated, please use 'mip_opt_gap_rel'.
WARNING:  Option 'mip_integral_gap_abs' deprecated, please use 'mip_opt_gap_abs'.
WARNING:  Option 'mip_integral_gap_rel' deprecated, please use 'mip_opt_gap_rel'.
WARNING:  Option 'mip_integral_gap_abs' deprecated, please use 'mip_opt_gap_abs'.
WARNING:  Option 'mip_integral_gap_rel' deprecated, please use 'mip_opt_gap_rel'.
WARNING:  Option 'mip_integral_gap_abs' deprecated, please use 'mip_opt_gap_abs'.
WARNING:  Option 'mip_integral_gap_rel' deprecated, please use 'mip_opt_gap_rel'.
WARNING:  Option 'mip_integral_gap_abs' deprecated, please use 'mip_opt_gap_abs'.
WARNING:  Option 'mip_integral_gap_rel' deprecated, please use 'mip_opt_gap_rel'.
WARNING:  Option 'mip_integral_gap_abs' deprecated, please use 'mip_opt_gap_abs'.
WARNING:  Option 'mip_integral_gap_rel' deprecated, please use 'mip_opt_gap_rel'.
WARNING:  Option 'mip_integral_gap_abs' deprecated, please use 'mip_opt_gap_abs'.
WARNING:  Option 'mip_integral_gap_rel' deprecated, please use 'mip_opt_gap_rel'.
WARNING:  Option 'mip_integral_gap_abs' deprecated, please use 'mip_opt_gap_abs'.
WARNING:  Option 'mip_integral_gap_rel' deprecated, please use 'mip_opt_gap_rel'.
WARNING:  Option 'mip_integral_gap_abs' deprecated, please use 'mip_opt_gap_abs'.
WARNING:  Option 'mip_integral_gap_rel' deprecated, please use 'mip_opt_gap_rel'.
WARNING:  Option 'mip_integral_gap_abs' deprecated, please use 'mip_opt_gap_abs'.
WARNING:  Option 'mip_integral_gap_rel' deprecated, please use 'mip_opt_gap_rel'.
WARNING:  Option 'mip_integral_gap_abs' deprecated, please use 'mip_opt_gap_abs'.
WARNING:  Option 'mip_integral_gap_rel' deprecated, please use 'mip_opt_gap_rel'.
WARNING:  Option 'mip_integral_gap_abs' deprecated, please use 'mip_opt_gap_abs'.
WARNING:  Option 'mip_integral_gap_rel' deprecated, please use 'mip_opt_gap_rel'.
WARNING:  Option 'mip_integral_gap_abs' deprecated, please use 'mip_opt_gap_abs'.
WARNING:  Option 'mip_integral_gap_rel' deprecated, please use 'mip_opt_gap_rel'.
WARNING:  Option 'mip_integral_gap_abs' deprecated, please use 'mip_opt_gap_abs'.
WARNING:  Option 'mip_integral_gap_rel' deprecated, please use 'mip_opt_gap_rel'.
WARNING:  Option 'mip_integral_gap_abs' deprecated, please use 'mip_opt_gap_abs'.
WARNING:  Option 'mip_integral_gap_rel' deprecated, please use 'mip_opt_gap_rel'.
    [θ-eval 40, gravity-feasible 10] seqR_mean=6.60e-05 ok=true seq_time=1.99s
WARNING:  Option 'mip_integral_gap_abs' deprecated, please use 'mip_opt_gap_abs'.
WARNING:  Option 'mip_integral_gap_rel' deprecated, please use 'mip_opt_gap_rel'.
WARNING:  Option 'mip_integral_gap_abs' deprecated, please use 'mip_opt_gap_abs'.
WARNING:  Option 'mip_integral_gap_rel' deprecated, please use 'mip_opt_gap_rel'.
WARNING:  Option 'mip_integral_gap_abs' deprecated, please use 'mip_opt_gap_abs'.
WARNING:  Option 'mip_integral_gap_rel' deprecated, please use 'mip_opt_gap_rel'.
WARNING:  Option 'mip_integral_gap_abs' deprecated, please use 'mip_opt_gap_abs'.
WARNING:  Option 'mip_integral_gap_rel' deprecated, please use 'mip_opt_gap_rel'.
WARNING:  Option 'mip_integral_gap_abs' deprecated, please use 'mip_opt_gap_abs'.
WARNING:  Option 'mip_integral_gap_rel' deprecated, please use 'mip_opt_gap_rel'.
WARNING:  Option 'mip_integral_gap_abs' deprecated, please use 'mip_opt_gap_abs'.
WARNING:  Option 'mip_integral_gap_rel' deprecated, please use 'mip_opt_gap_rel'.
WARNING:  Option 'mip_integral_gap_abs' deprecated, please use 'mip_opt_gap_abs'.
WARNING:  Option 'mip_integral_gap_rel' deprecated, please use 'mip_opt_gap_rel'.
WARNING:  Option 'mip_integral_gap_abs' deprecated, please use 'mip_opt_gap_abs'.
WARNING:  Option 'mip_integral_gap_rel' deprecated, please use 'mip_opt_gap_rel'.
WARNING:  Option 'mip_integral_gap_abs' deprecated, please use 'mip_opt_gap_abs'.
WARNING:  Option 'mip_integral_gap_rel' deprecated, please use 'mip_opt_gap_rel'.
WARNING:  Option 'mip_integral_gap_abs' deprecated, please use 'mip_opt_gap_abs'.
WARNING:  Option 'mip_integral_gap_rel' deprecated, please use 'mip_opt_gap_rel'.
WARNING:  Option 'mip_integral_gap_abs' deprecated, please use 'mip_opt_gap_abs'.
WARNING:  Option 'mip_integral_gap_rel' deprecated, please use 'mip_opt_gap_rel'.
WARNING:  Option 'mip_integral_gap_abs' deprecated, please use 'mip_opt_gap_abs'.
WARNING:  Option 'mip_integral_gap_rel' deprecated, please use 'mip_opt_gap_rel'.
WARNING:  Option 'mip_integral_gap_abs' deprecated, please use 'mip_opt_gap_abs'.
WARNING:  Option 'mip_integral_gap_rel' deprecated, please use 'mip_opt_gap_rel'.
WARNING:  Option 'mip_integral_gap_abs' deprecated, please use 'mip_opt_gap_abs'.
WARNING:  Option 'mip_integral_gap_rel' deprecated, please use 'mip_opt_gap_rel'.
WARNING:  Option 'mip_integral_gap_abs' deprecated, please use 'mip_opt_gap_abs'.
WARNING:  Option 'mip_integral_gap_rel' deprecated, please use 'mip_opt_gap_rel'.
WARNING:  Option 'mip_integral_gap_abs' deprecated, please use 'mip_opt_gap_abs'.
WARNING:  Option 'mip_integral_gap_rel' deprecated, please use 'mip_opt_gap_rel'.
WARNING:  Option 'mip_integral_gap_abs' deprecated, please use 'mip_opt_gap_abs'.
WARNING:  Option 'mip_integral_gap_rel' deprecated, please use 'mip_opt_gap_rel'.
WARNING:  Option 'mip_integral_gap_abs' deprecated, please use 'mip_opt_gap_abs'.
WARNING:  Option 'mip_integral_gap_rel' deprecated, please use 'mip_opt_gap_rel'.
WARNING:  Option 'mip_integral_gap_abs' deprecated, please use 'mip_opt_gap_abs'.
WARNING:  Option 'mip_integral_gap_rel' deprecated, please use 'mip_opt_gap_rel'.
WARNING:  Option 'mip_integral_gap_abs' deprecated, please use 'mip_opt_gap_abs'.
WARNING:  Option 'mip_integral_gap_rel' deprecated, please use 'mip_opt_gap_rel'.
    [θ-eval 50, gravity-feasible 11] seqR_mean=3.01e-06 ok=false seq_time=1.53s
WARNING:  Option 'mip_integral_gap_abs' deprecated, please use 'mip_opt_gap_abs'.
WARNING:  Option 'mip_integral_gap_rel' deprecated, please use 'mip_opt_gap_rel'.
WARNING:  Option 'mip_integral_gap_abs' deprecated, please use 'mip_opt_gap_abs'.
WARNING:  Option 'mip_integral_gap_rel' deprecated, please use 'mip_opt_gap_rel'.
WARNING:  Option 'mip_integral_gap_abs' deprecated, please use 'mip_opt_gap_abs'.
WARNING:  Option 'mip_integral_gap_rel' deprecated, please use 'mip_opt_gap_rel'.
WARNING:  Option 'mip_integral_gap_abs' deprecated, please use 'mip_opt_gap_abs'.
WARNING:  Option 'mip_integral_gap_rel' deprecated, please use 'mip_opt_gap_rel'.
WARNING:  Option 'mip_integral_gap_abs' deprecated, please use 'mip_opt_gap_abs'.
WARNING:  Option 'mip_integral_gap_rel' deprecated, please use 'mip_opt_gap_rel'.
WARNING:  Option 'mip_integral_gap_abs' deprecated, please use 'mip_opt_gap_abs'.
WARNING:  Option 'mip_integral_gap_rel' deprecated, please use 'mip_opt_gap_rel'.
WARNING:  Option 'mip_integral_gap_abs' deprecated, please use 'mip_opt_gap_abs'.
WARNING:  Option 'mip_integral_gap_rel' deprecated, please use 'mip_opt_gap_rel'.
WARNING:  Option 'mip_integral_gap_abs' deprecated, please use 'mip_opt_gap_abs'.
WARNING:  Option 'mip_integral_gap_rel' deprecated, please use 'mip_opt_gap_rel'.
WARNING:  Option 'mip_integral_gap_abs' deprecated, please use 'mip_opt_gap_abs'.
WARNING:  Option 'mip_integral_gap_rel' deprecated, please use 'mip_opt_gap_rel'.
WARNING:  Option 'mip_integral_gap_abs' deprecated, please use 'mip_opt_gap_abs'.
WARNING:  Option 'mip_integral_gap_rel' deprecated, please use 'mip_opt_gap_rel'.
WARNING:  Option 'mip_integral_gap_abs' deprecated, please use 'mip_opt_gap_abs'.
WARNING:  Option 'mip_integral_gap_rel' deprecated, please use 'mip_opt_gap_rel'.
WARNING:  Option 'mip_integral_gap_abs' deprecated, please use 'mip_opt_gap_abs'.
WARNING:  Option 'mip_integral_gap_rel' deprecated, please use 'mip_opt_gap_rel'.
WARNING:  Option 'mip_integral_gap_abs' deprecated, please use 'mip_opt_gap_abs'.
WARNING:  Option 'mip_integral_gap_rel' deprecated, please use 'mip_opt_gap_rel'.
WARNING:  Option 'mip_integral_gap_abs' deprecated, please use 'mip_opt_gap_abs'.
WARNING:  Option 'mip_integral_gap_rel' deprecated, please use 'mip_opt_gap_rel'.
WARNING:  Option 'mip_integral_gap_abs' deprecated, please use 'mip_opt_gap_abs'.
WARNING:  Option 'mip_integral_gap_rel' deprecated, please use 'mip_opt_gap_rel'.
WARNING:  Option 'mip_integral_gap_abs' deprecated, please use 'mip_opt_gap_abs'.
WARNING:  Option 'mip_integral_gap_rel' deprecated, please use 'mip_opt_gap_rel'.
WARNING:  Option 'mip_integral_gap_abs' deprecated, please use 'mip_opt_gap_abs'.
WARNING:  Option 'mip_integral_gap_rel' deprecated, please use 'mip_opt_gap_rel'.
WARNING:  Option 'mip_integral_gap_abs' deprecated, please use 'mip_opt_gap_abs'.
WARNING:  Option 'mip_integral_gap_rel' deprecated, please use 'mip_opt_gap_rel'.
WARNING:  Option 'mip_integral_gap_abs' deprecated, please use 'mip_opt_gap_abs'.
WARNING:  Option 'mip_integral_gap_rel' deprecated, please use 'mip_opt_gap_rel'.
WARNING:  Option 'mip_integral_gap_abs' deprecated, please use 'mip_opt_gap_abs'.
WARNING:  Option 'mip_integral_gap_rel' deprecated, please use 'mip_opt_gap_rel'.
    [θ-eval 60, gravity-feasible 13] seqR_mean=-6.08e-05 ok=true seq_time=2.78s
WARNING:  Option 'mip_integral_gap_abs' deprecated, please use 'mip_opt_gap_abs'.
WARNING:  Option 'mip_integral_gap_rel' deprecated, please use 'mip_opt_gap_rel'.
WARNING:  Option 'mip_integral_gap_abs' deprecated, please use 'mip_opt_gap_abs'.
WARNING:  Option 'mip_integral_gap_rel' deprecated, please use 'mip_opt_gap_rel'.
WARNING:  Option 'mip_integral_gap_abs' deprecated, please use 'mip_opt_gap_abs'.
WARNING:  Option 'mip_integral_gap_rel' deprecated, please use 'mip_opt_gap_rel'.
WARNING:  Option 'mip_integral_gap_abs' deprecated, please use 'mip_opt_gap_abs'.
WARNING:  Option 'mip_integral_gap_rel' deprecated, please use 'mip_opt_gap_rel'.
WARNING:  Option 'mip_integral_gap_abs' deprecated, please use 'mip_opt_gap_abs'.
WARNING:  Option 'mip_integral_gap_rel' deprecated, please use 'mip_opt_gap_rel'.
WARNING:  Option 'mip_integral_gap_abs' deprecated, please use 'mip_opt_gap_abs'.
WARNING:  Option 'mip_integral_gap_rel' deprecated, please use 'mip_opt_gap_rel'.
WARNING:  Option 'mip_integral_gap_abs' deprecated, please use 'mip_opt_gap_abs'.
WARNING:  Option 'mip_integral_gap_rel' deprecated, please use 'mip_opt_gap_rel'.
WARNING:  Option 'mip_integral_gap_abs' deprecated, please use 'mip_opt_gap_abs'.
WARNING:  Option 'mip_integral_gap_rel' deprecated, please use 'mip_opt_gap_rel'.
WARNING:  Option 'mip_integral_gap_abs' deprecated, please use 'mip_opt_gap_abs'.
WARNING:  Option 'mip_integral_gap_rel' deprecated, please use 'mip_opt_gap_rel'.
WARNING:  Option 'mip_integral_gap_abs' deprecated, please use 'mip_opt_gap_abs'.
WARNING:  Option 'mip_integral_gap_rel' deprecated, please use 'mip_opt_gap_rel'.
WARNING:  Option 'mip_integral_gap_abs' deprecated, please use 'mip_opt_gap_abs'.
WARNING:  Option 'mip_integral_gap_rel' deprecated, please use 'mip_opt_gap_rel'.
WARNING:  Option 'mip_integral_gap_abs' deprecated, please use 'mip_opt_gap_abs'.
WARNING:  Option 'mip_integral_gap_rel' deprecated, please use 'mip_opt_gap_rel'.
WARNING:  Option 'mip_integral_gap_abs' deprecated, please use 'mip_opt_gap_abs'.
WARNING:  Option 'mip_integral_gap_rel' deprecated, please use 'mip_opt_gap_rel'.
WARNING:  Option 'mip_integral_gap_abs' deprecated, please use 'mip_opt_gap_abs'.
WARNING:  Option 'mip_integral_gap_rel' deprecated, please use 'mip_opt_gap_rel'.
WARNING:  Option 'mip_integral_gap_abs' deprecated, please use 'mip_opt_gap_abs'.
WARNING:  Option 'mip_integral_gap_rel' deprecated, please use 'mip_opt_gap_rel'.
WARNING:  Option 'mip_integral_gap_abs' deprecated, please use 'mip_opt_gap_abs'.
WARNING:  Option 'mip_integral_gap_rel' deprecated, please use 'mip_opt_gap_rel'.
WARNING:  Option 'mip_integral_gap_abs' deprecated, please use 'mip_opt_gap_abs'.
WARNING:  Option 'mip_integral_gap_rel' deprecated, please use 'mip_opt_gap_rel'.
WARNING:  Option 'mip_integral_gap_abs' deprecated, please use 'mip_opt_gap_abs'.
WARNING:  Option 'mip_integral_gap_rel' deprecated, please use 'mip_opt_gap_rel'.
WARNING:  Option 'mip_integral_gap_abs' deprecated, please use 'mip_opt_gap_abs'.
WARNING:  Option 'mip_integral_gap_rel' deprecated, please use 'mip_opt_gap_rel'.
WARNING:  Option 'mip_integral_gap_abs' deprecated, please use 'mip_opt_gap_abs'.
WARNING:  Option 'mip_integral_gap_rel' deprecated, please use 'mip_opt_gap_rel'.
WARNING:  Option 'mip_integral_gap_abs' deprecated, please use 'mip_opt_gap_abs'.
WARNING:  Option 'mip_integral_gap_rel' deprecated, please use 'mip_opt_gap_rel'.
WARNING:  Option 'mip_integral_gap_abs' deprecated, please use 'mip_opt_gap_abs'.
WARNING:  Option 'mip_integral_gap_rel' deprecated, please use 'mip_opt_gap_rel'.
    [θ-eval 70, gravity-feasible 14] seqR_mean=8.58e-11 ok=false seq_time=0.75s
WARNING:  Option 'mip_integral_gap_abs' deprecated, please use 'mip_opt_gap_abs'.
WARNING:  Option 'mip_integral_gap_rel' deprecated, please use 'mip_opt_gap_rel'.
WARNING:  Option 'mip_integral_gap_abs' deprecated, please use 'mip_opt_gap_abs'.
WARNING:  Option 'mip_integral_gap_rel' deprecated, please use 'mip_opt_gap_rel'.
WARNING:  Option 'mip_integral_gap_abs' deprecated, please use 'mip_opt_gap_abs'.
WARNING:  Option 'mip_integral_gap_rel' deprecated, please use 'mip_opt_gap_rel'.
WARNING:  Option 'mip_integral_gap_abs' deprecated, please use 'mip_opt_gap_abs'.
WARNING:  Option 'mip_integral_gap_rel' deprecated, please use 'mip_opt_gap_rel'.
WARNING:  Option 'mip_integral_gap_abs' deprecated, please use 'mip_opt_gap_abs'.
WARNING:  Option 'mip_integral_gap_rel' deprecated, please use 'mip_opt_gap_rel'.
WARNING:  Option 'mip_integral_gap_abs' deprecated, please use 'mip_opt_gap_abs'.
WARNING:  Option 'mip_integral_gap_rel' deprecated, please use 'mip_opt_gap_rel'.
WARNING:  Option 'mip_integral_gap_abs' deprecated, please use 'mip_opt_gap_abs'.
WARNING:  Option 'mip_integral_gap_rel' deprecated, please use 'mip_opt_gap_rel'.
WARNING:  Option 'mip_integral_gap_abs' deprecated, please use 'mip_opt_gap_abs'.
WARNING:  Option 'mip_integral_gap_rel' deprecated, please use 'mip_opt_gap_rel'.
WARNING:  Option 'mip_integral_gap_abs' deprecated, please use 'mip_opt_gap_abs'.
WARNING:  Option 'mip_integral_gap_rel' deprecated, please use 'mip_opt_gap_rel'.
WARNING:  Option 'mip_integral_gap_abs' deprecated, please use 'mip_opt_gap_abs'.
WARNING:  Option 'mip_integral_gap_rel' deprecated, please use 'mip_opt_gap_rel'.
WARNING:  Option 'mip_integral_gap_abs' deprecated, please use 'mip_opt_gap_abs'.
WARNING:  Option 'mip_integral_gap_rel' deprecated, please use 'mip_opt_gap_rel'.
WARNING:  Option 'mip_integral_gap_abs' deprecated, please use 'mip_opt_gap_abs'.
WARNING:  Option 'mip_integral_gap_rel' deprecated, please use 'mip_opt_gap_rel'.
WARNING:  Option 'mip_integral_gap_abs' deprecated, please use 'mip_opt_gap_abs'.
WARNING:  Option 'mip_integral_gap_rel' deprecated, please use 'mip_opt_gap_rel'.
WARNING:  Option 'mip_integral_gap_abs' deprecated, please use 'mip_opt_gap_abs'.
WARNING:  Option 'mip_integral_gap_rel' deprecated, please use 'mip_opt_gap_rel'.
WARNING:  Option 'mip_integral_gap_abs' deprecated, please use 'mip_opt_gap_abs'.
WARNING:  Option 'mip_integral_gap_rel' deprecated, please use 'mip_opt_gap_rel'.
WARNING:  Option 'mip_integral_gap_abs' deprecated, please use 'mip_opt_gap_abs'.
WARNING:  Option 'mip_integral_gap_rel' deprecated, please use 'mip_opt_gap_rel'.
WARNING:  Option 'mip_integral_gap_abs' deprecated, please use 'mip_opt_gap_abs'.
WARNING:  Option 'mip_integral_gap_rel' deprecated, please use 'mip_opt_gap_rel'.
WARNING:  Option 'mip_integral_gap_abs' deprecated, please use 'mip_opt_gap_abs'.
WARNING:  Option 'mip_integral_gap_rel' deprecated, please use 'mip_opt_gap_rel'.
WARNING:  Option 'mip_integral_gap_abs' deprecated, please use 'mip_opt_gap_abs'.
WARNING:  Option 'mip_integral_gap_rel' deprecated, please use 'mip_opt_gap_rel'.
WARNING:  Option 'mip_integral_gap_abs' deprecated, please use 'mip_opt_gap_abs'.
WARNING:  Option 'mip_integral_gap_rel' deprecated, please use 'mip_opt_gap_rel'.
    [θ-eval 80, gravity-feasible 18] seqR_mean=-2.76e-06 ok=true seq_time=2.29s
WARNING:  Option 'mip_integral_gap_abs' deprecated, please use 'mip_opt_gap_abs'.
WARNING:  Option 'mip_integral_gap_rel' deprecated, please use 'mip_opt_gap_rel'.
WARNING:  Option 'mip_integral_gap_abs' deprecated, please use 'mip_opt_gap_abs'.
WARNING:  Option 'mip_integral_gap_rel' deprecated, please use 'mip_opt_gap_rel'.
WARNING:  Option 'mip_integral_gap_abs' deprecated, please use 'mip_opt_gap_abs'.
WARNING:  Option 'mip_integral_gap_rel' deprecated, please use 'mip_opt_gap_rel'.
WARNING:  Option 'mip_integral_gap_abs' deprecated, please use 'mip_opt_gap_abs'.
WARNING:  Option 'mip_integral_gap_rel' deprecated, please use 'mip_opt_gap_rel'.
WARNING:  Option 'mip_integral_gap_abs' deprecated, please use 'mip_opt_gap_abs'.
WARNING:  Option 'mip_integral_gap_rel' deprecated, please use 'mip_opt_gap_rel'.
WARNING:  Option 'mip_integral_gap_abs' deprecated, please use 'mip_opt_gap_abs'.
WARNING:  Option 'mip_integral_gap_rel' deprecated, please use 'mip_opt_gap_rel'.
WARNING:  Option 'mip_integral_gap_abs' deprecated, please use 'mip_opt_gap_abs'.
WARNING:  Option 'mip_integral_gap_rel' deprecated, please use 'mip_opt_gap_rel'.
WARNING:  Option 'mip_integral_gap_abs' deprecated, please use 'mip_opt_gap_abs'.
WARNING:  Option 'mip_integral_gap_rel' deprecated, please use 'mip_opt_gap_rel'.
WARNING:  Option 'mip_integral_gap_abs' deprecated, please use 'mip_opt_gap_abs'.
WARNING:  Option 'mip_integral_gap_rel' deprecated, please use 'mip_opt_gap_rel'.
WARNING:  Option 'mip_integral_gap_abs' deprecated, please use 'mip_opt_gap_abs'.
WARNING:  Option 'mip_integral_gap_rel' deprecated, please use 'mip_opt_gap_rel'.
WARNING:  Option 'mip_integral_gap_abs' deprecated, please use 'mip_opt_gap_abs'.
WARNING:  Option 'mip_integral_gap_rel' deprecated, please use 'mip_opt_gap_rel'.
WARNING:  Option 'mip_integral_gap_abs' deprecated, please use 'mip_opt_gap_abs'.
WARNING:  Option 'mip_integral_gap_rel' deprecated, please use 'mip_opt_gap_rel'.
WARNING:  Option 'mip_integral_gap_abs' deprecated, please use 'mip_opt_gap_abs'.
WARNING:  Option 'mip_integral_gap_rel' deprecated, please use 'mip_opt_gap_rel'.
WARNING:  Option 'mip_integral_gap_abs' deprecated, please use 'mip_opt_gap_abs'.
WARNING:  Option 'mip_integral_gap_rel' deprecated, please use 'mip_opt_gap_rel'.
WARNING:  Option 'mip_integral_gap_abs' deprecated, please use 'mip_opt_gap_abs'.
WARNING:  Option 'mip_integral_gap_rel' deprecated, please use 'mip_opt_gap_rel'.
WARNING:  Option 'mip_integral_gap_abs' deprecated, please use 'mip_opt_gap_abs'.
WARNING:  Option 'mip_integral_gap_rel' deprecated, please use 'mip_opt_gap_rel'.
WARNING:  Option 'mip_integral_gap_abs' deprecated, please use 'mip_opt_gap_abs'.
WARNING:  Option 'mip_integral_gap_rel' deprecated, please use 'mip_opt_gap_rel'.
WARNING:  Option 'mip_integral_gap_abs' deprecated, please use 'mip_opt_gap_abs'.
WARNING:  Option 'mip_integral_gap_rel' deprecated, please use 'mip_opt_gap_rel'.
WARNING:  Option 'mip_integral_gap_abs' deprecated, please use 'mip_opt_gap_abs'.
WARNING:  Option 'mip_integral_gap_rel' deprecated, please use 'mip_opt_gap_rel'.
WARNING:  Option 'mip_integral_gap_abs' deprecated, please use 'mip_opt_gap_abs'.
WARNING:  Option 'mip_integral_gap_rel' deprecated, please use 'mip_opt_gap_rel'.
    [θ-eval 90, gravity-feasible 24] seqR_mean=-8.07e-05 ok=false seq_time=1.77s
WARNING:  Option 'mip_integral_gap_abs' deprecated, please use 'mip_opt_gap_abs'.
WARNING:  Option 'mip_integral_gap_rel' deprecated, please use 'mip_opt_gap_rel'.
WARNING:  Option 'mip_integral_gap_abs' deprecated, please use 'mip_opt_gap_abs'.
WARNING:  Option 'mip_integral_gap_rel' deprecated, please use 'mip_opt_gap_rel'.
WARNING:  Option 'mip_integral_gap_abs' deprecated, please use 'mip_opt_gap_abs'.
WARNING:  Option 'mip_integral_gap_rel' deprecated, please use 'mip_opt_gap_rel'.
WARNING:  Option 'mip_integral_gap_abs' deprecated, please use 'mip_opt_gap_abs'.
WARNING:  Option 'mip_integral_gap_rel' deprecated, please use 'mip_opt_gap_rel'.
WARNING:  Option 'mip_integral_gap_abs' deprecated, please use 'mip_opt_gap_abs'.
WARNING:  Option 'mip_integral_gap_rel' deprecated, please use 'mip_opt_gap_rel'.
WARNING:  Option 'mip_integral_gap_abs' deprecated, please use 'mip_opt_gap_abs'.
WARNING:  Option 'mip_integral_gap_rel' deprecated, please use 'mip_opt_gap_rel'.
WARNING:  Option 'mip_integral_gap_abs' deprecated, please use 'mip_opt_gap_abs'.
WARNING:  Option 'mip_integral_gap_rel' deprecated, please use 'mip_opt_gap_rel'.
WARNING:  Option 'mip_integral_gap_abs' deprecated, please use 'mip_opt_gap_abs'.
WARNING:  Option 'mip_integral_gap_rel' deprecated, please use 'mip_opt_gap_rel'.
WARNING:  Option 'mip_integral_gap_abs' deprecated, please use 'mip_opt_gap_abs'.
WARNING:  Option 'mip_integral_gap_rel' deprecated, please use 'mip_opt_gap_rel'.
WARNING:  Option 'mip_integral_gap_abs' deprecated, please use 'mip_opt_gap_abs'.
WARNING:  Option 'mip_integral_gap_rel' deprecated, please use 'mip_opt_gap_rel'.
WARNING:  Option 'mip_integral_gap_abs' deprecated, please use 'mip_opt_gap_abs'.
WARNING:  Option 'mip_integral_gap_rel' deprecated, please use 'mip_opt_gap_rel'.
WARNING:  Option 'mip_integral_gap_abs' deprecated, please use 'mip_opt_gap_abs'.
WARNING:  Option 'mip_integral_gap_rel' deprecated, please use 'mip_opt_gap_rel'.
WARNING:  Option 'mip_integral_gap_abs' deprecated, please use 'mip_opt_gap_abs'.
WARNING:  Option 'mip_integral_gap_rel' deprecated, please use 'mip_opt_gap_rel'.
WARNING:  Option 'mip_integral_gap_abs' deprecated, please use 'mip_opt_gap_abs'.
WARNING:  Option 'mip_integral_gap_rel' deprecated, please use 'mip_opt_gap_rel'.
WARNING:  Option 'mip_integral_gap_abs' deprecated, please use 'mip_opt_gap_abs'.
WARNING:  Option 'mip_integral_gap_rel' deprecated, please use 'mip_opt_gap_rel'.
WARNING:  Option 'mip_integral_gap_abs' deprecated, please use 'mip_opt_gap_abs'.
WARNING:  Option 'mip_integral_gap_rel' deprecated, please use 'mip_opt_gap_rel'.
WARNING:  Option 'mip_integral_gap_abs' deprecated, please use 'mip_opt_gap_abs'.
WARNING:  Option 'mip_integral_gap_rel' deprecated, please use 'mip_opt_gap_rel'.
WARNING:  Option 'mip_integral_gap_abs' deprecated, please use 'mip_opt_gap_abs'.
WARNING:  Option 'mip_integral_gap_rel' deprecated, please use 'mip_opt_gap_rel'.
WARNING:  Option 'mip_integral_gap_abs' deprecated, please use 'mip_opt_gap_abs'.
WARNING:  Option 'mip_integral_gap_rel' deprecated, please use 'mip_opt_gap_rel'.
WARNING:  Option 'mip_integral_gap_abs' deprecated, please use 'mip_opt_gap_abs'.
WARNING:  Option 'mip_integral_gap_rel' deprecated, please use 'mip_opt_gap_rel'.
    [θ-eval 100, gravity-feasible 32] seqR_mean=4.30e-10 ok=true seq_time=0.61s
WARNING:  Option 'mip_integral_gap_abs' deprecated, please use 'mip_opt_gap_abs'.
WARNING:  Option 'mip_integral_gap_rel' deprecated, please use 'mip_opt_gap_rel'.
WARNING:  Option 'mip_integral_gap_abs' deprecated, please use 'mip_opt_gap_abs'.
WARNING:  Option 'mip_integral_gap_rel' deprecated, please use 'mip_opt_gap_rel'.
WARNING:  Option 'mip_integral_gap_abs' deprecated, please use 'mip_opt_gap_abs'.
WARNING:  Option 'mip_integral_gap_rel' deprecated, please use 'mip_opt_gap_rel'.
WARNING:  Option 'mip_integral_gap_abs' deprecated, please use 'mip_opt_gap_abs'.
WARNING:  Option 'mip_integral_gap_rel' deprecated, please use 'mip_opt_gap_rel'.
WARNING:  Option 'mip_integral_gap_abs' deprecated, please use 'mip_opt_gap_abs'.
WARNING:  Option 'mip_integral_gap_rel' deprecated, please use 'mip_opt_gap_rel'.
WARNING:  Option 'mip_integral_gap_abs' deprecated, please use 'mip_opt_gap_abs'.
WARNING:  Option 'mip_integral_gap_rel' deprecated, please use 'mip_opt_gap_rel'.
WARNING:  Option 'mip_integral_gap_abs' deprecated, please use 'mip_opt_gap_abs'.
WARNING:  Option 'mip_integral_gap_rel' deprecated, please use 'mip_opt_gap_rel'.
WARNING:  Option 'mip_integral_gap_abs' deprecated, please use 'mip_opt_gap_abs'.
WARNING:  Option 'mip_integral_gap_rel' deprecated, please use 'mip_opt_gap_rel'.
WARNING:  Option 'mip_integral_gap_abs' deprecated, please use 'mip_opt_gap_abs'.
WARNING:  Option 'mip_integral_gap_rel' deprecated, please use 'mip_opt_gap_rel'.
WARNING:  Option 'mip_integral_gap_abs' deprecated, please use 'mip_opt_gap_abs'.
WARNING:  Option 'mip_integral_gap_rel' deprecated, please use 'mip_opt_gap_rel'.
WARNING:  Option 'mip_integral_gap_abs' deprecated, please use 'mip_opt_gap_abs'.
WARNING:  Option 'mip_integral_gap_rel' deprecated, please use 'mip_opt_gap_rel'.
WARNING:  Option 'mip_integral_gap_abs' deprecated, please use 'mip_opt_gap_abs'.
WARNING:  Option 'mip_integral_gap_rel' deprecated, please use 'mip_opt_gap_rel'.
WARNING:  Option 'mip_integral_gap_abs' deprecated, please use 'mip_opt_gap_abs'.
WARNING:  Option 'mip_integral_gap_rel' deprecated, please use 'mip_opt_gap_rel'.
WARNING:  Option 'mip_integral_gap_abs' deprecated, please use 'mip_opt_gap_abs'.
WARNING:  Option 'mip_integral_gap_rel' deprecated, please use 'mip_opt_gap_rel'.
WARNING:  Option 'mip_integral_gap_abs' deprecated, please use 'mip_opt_gap_abs'.
WARNING:  Option 'mip_integral_gap_rel' deprecated, please use 'mip_opt_gap_rel'.
WARNING:  Option 'mip_integral_gap_abs' deprecated, please use 'mip_opt_gap_abs'.
WARNING:  Option 'mip_integral_gap_rel' deprecated, please use 'mip_opt_gap_rel'.
WARNING:  Option 'mip_integral_gap_abs' deprecated, please use 'mip_opt_gap_abs'.
WARNING:  Option 'mip_integral_gap_rel' deprecated, please use 'mip_opt_gap_rel'.
WARNING:  Option 'mip_integral_gap_abs' deprecated, please use 'mip_opt_gap_abs'.
WARNING:  Option 'mip_integral_gap_rel' deprecated, please use 'mip_opt_gap_rel'.
WARNING:  Option 'mip_integral_gap_abs' deprecated, please use 'mip_opt_gap_abs'.
WARNING:  Option 'mip_integral_gap_rel' deprecated, please use 'mip_opt_gap_rel'.
WARNING:  Option 'mip_integral_gap_abs' deprecated, please use 'mip_opt_gap_abs'.
WARNING:  Option 'mip_integral_gap_rel' deprecated, please use 'mip_opt_gap_rel'.
    [θ-eval 110, gravity-feasible 41] seqR_mean=4.59e-11 ok=true seq_time=0.90s
WARNING:  Option 'mip_integral_gap_abs' deprecated, please use 'mip_opt_gap_abs'.
WARNING:  Option 'mip_integral_gap_rel' deprecated, please use 'mip_opt_gap_rel'.
WARNING:  Option 'mip_integral_gap_abs' deprecated, please use 'mip_opt_gap_abs'.
WARNING:  Option 'mip_integral_gap_rel' deprecated, please use 'mip_opt_gap_rel'.
WARNING:  Option 'mip_integral_gap_abs' deprecated, please use 'mip_opt_gap_abs'.
WARNING:  Option 'mip_integral_gap_rel' deprecated, please use 'mip_opt_gap_rel'.
WARNING:  Option 'mip_integral_gap_abs' deprecated, please use 'mip_opt_gap_abs'.
WARNING:  Option 'mip_integral_gap_rel' deprecated, please use 'mip_opt_gap_rel'.
WARNING:  Option 'mip_integral_gap_abs' deprecated, please use 'mip_opt_gap_abs'.
WARNING:  Option 'mip_integral_gap_rel' deprecated, please use 'mip_opt_gap_rel'.
WARNING:  Option 'mip_integral_gap_abs' deprecated, please use 'mip_opt_gap_abs'.
WARNING:  Option 'mip_integral_gap_rel' deprecated, please use 'mip_opt_gap_rel'.
WARNING:  Option 'mip_integral_gap_abs' deprecated, please use 'mip_opt_gap_abs'.
WARNING:  Option 'mip_integral_gap_rel' deprecated, please use 'mip_opt_gap_rel'.
WARNING:  Option 'mip_integral_gap_abs' deprecated, please use 'mip_opt_gap_abs'.
WARNING:  Option 'mip_integral_gap_rel' deprecated, please use 'mip_opt_gap_rel'.
WARNING:  Option 'mip_integral_gap_abs' deprecated, please use 'mip_opt_gap_abs'.
WARNING:  Option 'mip_integral_gap_rel' deprecated, please use 'mip_opt_gap_rel'.
WARNING:  Option 'mip_integral_gap_abs' deprecated, please use 'mip_opt_gap_abs'.
WARNING:  Option 'mip_integral_gap_rel' deprecated, please use 'mip_opt_gap_rel'.
WARNING:  Option 'mip_integral_gap_abs' deprecated, please use 'mip_opt_gap_abs'.
WARNING:  Option 'mip_integral_gap_rel' deprecated, please use 'mip_opt_gap_rel'.
WARNING:  Option 'mip_integral_gap_abs' deprecated, please use 'mip_opt_gap_abs'.
WARNING:  Option 'mip_integral_gap_rel' deprecated, please use 'mip_opt_gap_rel'.
WARNING:  Option 'mip_integral_gap_abs' deprecated, please use 'mip_opt_gap_abs'.
WARNING:  Option 'mip_integral_gap_rel' deprecated, please use 'mip_opt_gap_rel'.
WARNING:  Option 'mip_integral_gap_abs' deprecated, please use 'mip_opt_gap_abs'.
WARNING:  Option 'mip_integral_gap_rel' deprecated, please use 'mip_opt_gap_rel'.
WARNING:  Option 'mip_integral_gap_abs' deprecated, please use 'mip_opt_gap_abs'.
WARNING:  Option 'mip_integral_gap_rel' deprecated, please use 'mip_opt_gap_rel'.
WARNING:  Option 'mip_integral_gap_abs' deprecated, please use 'mip_opt_gap_abs'.
WARNING:  Option 'mip_integral_gap_rel' deprecated, please use 'mip_opt_gap_rel'.
WARNING:  Option 'mip_integral_gap_abs' deprecated, please use 'mip_opt_gap_abs'.
WARNING:  Option 'mip_integral_gap_rel' deprecated, please use 'mip_opt_gap_rel'.
WARNING:  Option 'mip_integral_gap_abs' deprecated, please use 'mip_opt_gap_abs'.
WARNING:  Option 'mip_integral_gap_rel' deprecated, please use 'mip_opt_gap_rel'.
WARNING:  Option 'mip_integral_gap_abs' deprecated, please use 'mip_opt_gap_abs'.
WARNING:  Option 'mip_integral_gap_rel' deprecated, please use 'mip_opt_gap_rel'.
WARNING:  Option 'mip_integral_gap_abs' deprecated, please use 'mip_opt_gap_abs'.
WARNING:  Option 'mip_integral_gap_rel' deprecated, please use 'mip_opt_gap_rel'.
    [θ-eval 120, gravity-feasible 50] seqR_mean=-5.77e-09 ok=true seq_time=1.69s
WARNING:  Option 'mip_integral_gap_abs' deprecated, please use 'mip_opt_gap_abs'.
WARNING:  Option 'mip_integral_gap_rel' deprecated, please use 'mip_opt_gap_rel'.
WARNING:  Option 'mip_integral_gap_abs' deprecated, please use 'mip_opt_gap_abs'.
WARNING:  Option 'mip_integral_gap_rel' deprecated, please use 'mip_opt_gap_rel'.
WARNING:  Option 'mip_integral_gap_abs' deprecated, please use 'mip_opt_gap_abs'.
WARNING:  Option 'mip_integral_gap_rel' deprecated, please use 'mip_opt_gap_rel'.
WARNING:  Option 'mip_integral_gap_abs' deprecated, please use 'mip_opt_gap_abs'.
WARNING:  Option 'mip_integral_gap_rel' deprecated, please use 'mip_opt_gap_rel'.
WARNING:  Option 'mip_integral_gap_abs' deprecated, please use 'mip_opt_gap_abs'.
WARNING:  Option 'mip_integral_gap_rel' deprecated, please use 'mip_opt_gap_rel'.
WARNING:  Option 'mip_integral_gap_abs' deprecated, please use 'mip_opt_gap_abs'.
WARNING:  Option 'mip_integral_gap_rel' deprecated, please use 'mip_opt_gap_rel'.
WARNING:  Option 'mip_integral_gap_abs' deprecated, please use 'mip_opt_gap_abs'.
WARNING:  Option 'mip_integral_gap_rel' deprecated, please use 'mip_opt_gap_rel'.
WARNING:  Option 'mip_integral_gap_abs' deprecated, please use 'mip_opt_gap_abs'.
WARNING:  Option 'mip_integral_gap_rel' deprecated, please use 'mip_opt_gap_rel'.
WARNING:  Option 'mip_integral_gap_abs' deprecated, please use 'mip_opt_gap_abs'.
WARNING:  Option 'mip_integral_gap_rel' deprecated, please use 'mip_opt_gap_rel'.
WARNING:  Option 'mip_integral_gap_abs' deprecated, please use 'mip_opt_gap_abs'.
WARNING:  Option 'mip_integral_gap_rel' deprecated, please use 'mip_opt_gap_rel'.
WARNING:  Option 'mip_integral_gap_abs' deprecated, please use 'mip_opt_gap_abs'.
WARNING:  Option 'mip_integral_gap_rel' deprecated, please use 'mip_opt_gap_rel'.
WARNING:  Option 'mip_integral_gap_abs' deprecated, please use 'mip_opt_gap_abs'.
WARNING:  Option 'mip_integral_gap_rel' deprecated, please use 'mip_opt_gap_rel'.
WARNING:  Option 'mip_integral_gap_abs' deprecated, please use 'mip_opt_gap_abs'.
WARNING:  Option 'mip_integral_gap_rel' deprecated, please use 'mip_opt_gap_rel'.
WARNING:  Option 'mip_integral_gap_abs' deprecated, please use 'mip_opt_gap_abs'.
WARNING:  Option 'mip_integral_gap_rel' deprecated, please use 'mip_opt_gap_rel'.
WARNING:  Option 'mip_integral_gap_abs' deprecated, please use 'mip_opt_gap_abs'.
WARNING:  Option 'mip_integral_gap_rel' deprecated, please use 'mip_opt_gap_rel'.
WARNING:  Option 'mip_integral_gap_abs' deprecated, please use 'mip_opt_gap_abs'.
WARNING:  Option 'mip_integral_gap_rel' deprecated, please use 'mip_opt_gap_rel'.
WARNING:  Option 'mip_integral_gap_abs' deprecated, please use 'mip_opt_gap_abs'.
WARNING:  Option 'mip_integral_gap_rel' deprecated, please use 'mip_opt_gap_rel'.
WARNING:  Option 'mip_integral_gap_abs' deprecated, please use 'mip_opt_gap_abs'.
WARNING:  Option 'mip_integral_gap_rel' deprecated, please use 'mip_opt_gap_rel'.
WARNING:  Option 'mip_integral_gap_abs' deprecated, please use 'mip_opt_gap_abs'.
WARNING:  Option 'mip_integral_gap_rel' deprecated, please use 'mip_opt_gap_rel'.
WARNING:  Option 'mip_integral_gap_abs' deprecated, please use 'mip_opt_gap_abs'.
WARNING:  Option 'mip_integral_gap_rel' deprecated, please use 'mip_opt_gap_rel'.
    [θ-eval 130, gravity-feasible 58] seqR_mean=2.21e-07 ok=true seq_time=2.36s
WARNING:  Option 'mip_integral_gap_abs' deprecated, please use 'mip_opt_gap_abs'.
WARNING:  Option 'mip_integral_gap_rel' deprecated, please use 'mip_opt_gap_rel'.
WARNING:  Option 'mip_integral_gap_abs' deprecated, please use 'mip_opt_gap_abs'.
WARNING:  Option 'mip_integral_gap_rel' deprecated, please use 'mip_opt_gap_rel'.
WARNING:  Option 'mip_integral_gap_abs' deprecated, please use 'mip_opt_gap_abs'.
WARNING:  Option 'mip_integral_gap_rel' deprecated, please use 'mip_opt_gap_rel'.
WARNING:  Option 'mip_integral_gap_abs' deprecated, please use 'mip_opt_gap_abs'.
WARNING:  Option 'mip_integral_gap_rel' deprecated, please use 'mip_opt_gap_rel'.
WARNING:  Option 'mip_integral_gap_abs' deprecated, please use 'mip_opt_gap_abs'.
WARNING:  Option 'mip_integral_gap_rel' deprecated, please use 'mip_opt_gap_rel'.
WARNING:  Option 'mip_integral_gap_abs' deprecated, please use 'mip_opt_gap_abs'.
WARNING:  Option 'mip_integral_gap_rel' deprecated, please use 'mip_opt_gap_rel'.
WARNING:  Option 'mip_integral_gap_abs' deprecated, please use 'mip_opt_gap_abs'.
WARNING:  Option 'mip_integral_gap_rel' deprecated, please use 'mip_opt_gap_rel'.
WARNING:  Option 'mip_integral_gap_abs' deprecated, please use 'mip_opt_gap_abs'.
WARNING:  Option 'mip_integral_gap_rel' deprecated, please use 'mip_opt_gap_rel'.
WARNING:  Option 'mip_integral_gap_abs' deprecated, please use 'mip_opt_gap_abs'.
WARNING:  Option 'mip_integral_gap_rel' deprecated, please use 'mip_opt_gap_rel'.
WARNING:  Option 'mip_integral_gap_abs' deprecated, please use 'mip_opt_gap_abs'.
WARNING:  Option 'mip_integral_gap_rel' deprecated, please use 'mip_opt_gap_rel'.
WARNING:  Option 'mip_integral_gap_abs' deprecated, please use 'mip_opt_gap_abs'.
WARNING:  Option 'mip_integral_gap_rel' deprecated, please use 'mip_opt_gap_rel'.
WARNING:  Option 'mip_integral_gap_abs' deprecated, please use 'mip_opt_gap_abs'.
WARNING:  Option 'mip_integral_gap_rel' deprecated, please use 'mip_opt_gap_rel'.
WARNING:  Option 'mip_integral_gap_abs' deprecated, please use 'mip_opt_gap_abs'.
WARNING:  Option 'mip_integral_gap_rel' deprecated, please use 'mip_opt_gap_rel'.
WARNING:  Option 'mip_integral_gap_abs' deprecated, please use 'mip_opt_gap_abs'.
WARNING:  Option 'mip_integral_gap_rel' deprecated, please use 'mip_opt_gap_rel'.
WARNING:  Option 'mip_integral_gap_abs' deprecated, please use 'mip_opt_gap_abs'.
WARNING:  Option 'mip_integral_gap_rel' deprecated, please use 'mip_opt_gap_rel'.
WARNING:  Option 'mip_integral_gap_abs' deprecated, please use 'mip_opt_gap_abs'.
WARNING:  Option 'mip_integral_gap_rel' deprecated, please use 'mip_opt_gap_rel'.
WARNING:  Option 'mip_integral_gap_abs' deprecated, please use 'mip_opt_gap_abs'.
WARNING:  Option 'mip_integral_gap_rel' deprecated, please use 'mip_opt_gap_rel'.
WARNING:  Option 'mip_integral_gap_abs' deprecated, please use 'mip_opt_gap_abs'.
WARNING:  Option 'mip_integral_gap_rel' deprecated, please use 'mip_opt_gap_rel'.
WARNING:  Option 'mip_integral_gap_abs' deprecated, please use 'mip_opt_gap_abs'.
WARNING:  Option 'mip_integral_gap_rel' deprecated, please use 'mip_opt_gap_rel'.
WARNING:  Option 'mip_integral_gap_abs' deprecated, please use 'mip_opt_gap_abs'.
WARNING:  Option 'mip_integral_gap_rel' deprecated, please use 'mip_opt_gap_rel'.
    [θ-eval 140, gravity-feasible 68] seqR_mean=-1.76e-11 ok=true seq_time=1.51s
WARNING:  Option 'mip_integral_gap_abs' deprecated, please use 'mip_opt_gap_abs'.
WARNING:  Option 'mip_integral_gap_rel' deprecated, please use 'mip_opt_gap_rel'.
WARNING:  Option 'mip_integral_gap_abs' deprecated, please use 'mip_opt_gap_abs'.
WARNING:  Option 'mip_integral_gap_rel' deprecated, please use 'mip_opt_gap_rel'.
WARNING:  Option 'mip_integral_gap_abs' deprecated, please use 'mip_opt_gap_abs'.
WARNING:  Option 'mip_integral_gap_rel' deprecated, please use 'mip_opt_gap_rel'.
WARNING:  Option 'mip_integral_gap_abs' deprecated, please use 'mip_opt_gap_abs'.
WARNING:  Option 'mip_integral_gap_rel' deprecated, please use 'mip_opt_gap_rel'.
WARNING:  Option 'mip_integral_gap_abs' deprecated, please use 'mip_opt_gap_abs'.
WARNING:  Option 'mip_integral_gap_rel' deprecated, please use 'mip_opt_gap_rel'.
WARNING:  Option 'mip_integral_gap_abs' deprecated, please use 'mip_opt_gap_abs'.
WARNING:  Option 'mip_integral_gap_rel' deprecated, please use 'mip_opt_gap_rel'.
WARNING:  Option 'mip_integral_gap_abs' deprecated, please use 'mip_opt_gap_abs'.
WARNING:  Option 'mip_integral_gap_rel' deprecated, please use 'mip_opt_gap_rel'.
WARNING:  Option 'mip_integral_gap_abs' deprecated, please use 'mip_opt_gap_abs'.
WARNING:  Option 'mip_integral_gap_rel' deprecated, please use 'mip_opt_gap_rel'.
WARNING:  Option 'mip_integral_gap_abs' deprecated, please use 'mip_opt_gap_abs'.
WARNING:  Option 'mip_integral_gap_rel' deprecated, please use 'mip_opt_gap_rel'.
WARNING:  Option 'mip_integral_gap_abs' deprecated, please use 'mip_opt_gap_abs'.
WARNING:  Option 'mip_integral_gap_rel' deprecated, please use 'mip_opt_gap_rel'.
WARNING:  Option 'mip_integral_gap_abs' deprecated, please use 'mip_opt_gap_abs'.
WARNING:  Option 'mip_integral_gap_rel' deprecated, please use 'mip_opt_gap_rel'.
WARNING:  Option 'mip_integral_gap_abs' deprecated, please use 'mip_opt_gap_abs'.
WARNING:  Option 'mip_integral_gap_rel' deprecated, please use 'mip_opt_gap_rel'.
WARNING:  Option 'mip_integral_gap_abs' deprecated, please use 'mip_opt_gap_abs'.
WARNING:  Option 'mip_integral_gap_rel' deprecated, please use 'mip_opt_gap_rel'.
WARNING:  Option 'mip_integral_gap_abs' deprecated, please use 'mip_opt_gap_abs'.
WARNING:  Option 'mip_integral_gap_rel' deprecated, please use 'mip_opt_gap_rel'.
WARNING:  Option 'mip_integral_gap_abs' deprecated, please use 'mip_opt_gap_abs'.
WARNING:  Option 'mip_integral_gap_rel' deprecated, please use 'mip_opt_gap_rel'.
WARNING:  Option 'mip_integral_gap_abs' deprecated, please use 'mip_opt_gap_abs'.
WARNING:  Option 'mip_integral_gap_rel' deprecated, please use 'mip_opt_gap_rel'.
WARNING:  Option 'mip_integral_gap_abs' deprecated, please use 'mip_opt_gap_abs'.
WARNING:  Option 'mip_integral_gap_rel' deprecated, please use 'mip_opt_gap_rel'.
WARNING:  Option 'mip_integral_gap_abs' deprecated, please use 'mip_opt_gap_abs'.
WARNING:  Option 'mip_integral_gap_rel' deprecated, please use 'mip_opt_gap_rel'.
WARNING:  Option 'mip_integral_gap_abs' deprecated, please use 'mip_opt_gap_abs'.
WARNING:  Option 'mip_integral_gap_rel' deprecated, please use 'mip_opt_gap_rel'.
WARNING:  Option 'mip_integral_gap_abs' deprecated, please use 'mip_opt_gap_abs'.
WARNING:  Option 'mip_integral_gap_rel' deprecated, please use 'mip_opt_gap_rel'.
    [θ-eval 150, gravity-feasible 77] seqR_mean=-3.29e-09 ok=true seq_time=1.61s
WARNING:  Option 'mip_integral_gap_abs' deprecated, please use 'mip_opt_gap_abs'.
WARNING:  Option 'mip_integral_gap_rel' deprecated, please use 'mip_opt_gap_rel'.
WARNING:  Option 'mip_integral_gap_abs' deprecated, please use 'mip_opt_gap_abs'.
WARNING:  Option 'mip_integral_gap_rel' deprecated, please use 'mip_opt_gap_rel'.
WARNING:  Option 'mip_integral_gap_abs' deprecated, please use 'mip_opt_gap_abs'.
WARNING:  Option 'mip_integral_gap_rel' deprecated, please use 'mip_opt_gap_rel'.
WARNING:  Option 'mip_integral_gap_abs' deprecated, please use 'mip_opt_gap_abs'.
WARNING:  Option 'mip_integral_gap_rel' deprecated, please use 'mip_opt_gap_rel'.
WARNING:  Option 'mip_integral_gap_abs' deprecated, please use 'mip_opt_gap_abs'.
WARNING:  Option 'mip_integral_gap_rel' deprecated, please use 'mip_opt_gap_rel'.
WARNING:  Option 'mip_integral_gap_abs' deprecated, please use 'mip_opt_gap_abs'.
WARNING:  Option 'mip_integral_gap_rel' deprecated, please use 'mip_opt_gap_rel'.
WARNING:  Option 'mip_integral_gap_abs' deprecated, please use 'mip_opt_gap_abs'.
WARNING:  Option 'mip_integral_gap_rel' deprecated, please use 'mip_opt_gap_rel'.
WARNING:  Option 'mip_integral_gap_abs' deprecated, please use 'mip_opt_gap_abs'.
WARNING:  Option 'mip_integral_gap_rel' deprecated, please use 'mip_opt_gap_rel'.
---- lower bound cache stats ----
total callback invocations : 153
unique free-x points       : 153
inner solves                : 153  (warm=0 cold=153)
gradient computations      : 153
cache hits / misses         : 0 / 153
inner-solve time (s)       : 282.938
gradient time (s)          : 13.164
inner solves / unique x     : 1.0
WARNING:  Option 'mip_integral_gap_abs' deprecated, please use 'mip_opt_gap_abs'.
WARNING:  Option 'mip_integral_gap_rel' deprecated, please use 'mip_opt_gap_rel'.
WARNING:  Option 'mip_integral_gap_abs' deprecated, please use 'mip_opt_gap_abs'.
WARNING:  Option 'mip_integral_gap_rel' deprecated, please use 'mip_opt_gap_rel'.
  KNITRO:        gamma'_lower = 0.911876 -> kappa = 0.142516  (status -400)  exact R_mean(θ*) = -6.906e-05  gravity-feasible=true  wall 303.7s
  seq timing:    dest_inversion=356.86s (n=1422, nonconverged=0)  influence_fn=124.73s  gravity_residual=1.10s
  best-feasible: gamma'_lower = 0.923578 -> kappa = 0.124097  exact R_mean = -2.951e-06  gravity-feasible=true

----- lower bound: gamma'_focal MAXIMIZED, delta=1 (warm-started) -----
WARNING:  Option 'mip_integral_gap_abs' deprecated, please use 'mip_opt_gap_abs'.
WARNING:  Option 'mip_integral_gap_rel' deprecated, please use 'mip_opt_gap_rel'.
WARNING:  Option 'mip_integral_gap_abs' deprecated, please use 'mip_opt_gap_abs'.
WARNING:  Option 'mip_integral_gap_rel' deprecated, please use 'mip_opt_gap_rel'.
WARNING:  Option 'mip_integral_gap_abs' deprecated, please use 'mip_opt_gap_abs'.
WARNING:  Option 'mip_integral_gap_rel' deprecated, please use 'mip_opt_gap_rel'.
WARNING:  Option 'mip_integral_gap_abs' deprecated, please use 'mip_opt_gap_abs'.
WARNING:  Option 'mip_integral_gap_rel' deprecated, please use 'mip_opt_gap_rel'.
WARNING:  Option 'mip_integral_gap_abs' deprecated, please use 'mip_opt_gap_abs'.
WARNING:  Option 'mip_integral_gap_rel' deprecated, please use 'mip_opt_gap_rel'.
WARNING:  Option 'mip_integral_gap_abs' deprecated, please use 'mip_opt_gap_abs'.
WARNING:  Option 'mip_integral_gap_rel' deprecated, please use 'mip_opt_gap_rel'.
WARNING:  Option 'mip_integral_gap_abs' deprecated, please use 'mip_opt_gap_abs'.
WARNING:  Option 'mip_integral_gap_rel' deprecated, please use 'mip_opt_gap_rel'.
WARNING:  Option 'mip_integral_gap_abs' deprecated, please use 'mip_opt_gap_abs'.
WARNING:  Option 'mip_integral_gap_rel' deprecated, please use 'mip_opt_gap_rel'.
WARNING:  Option 'mip_integral_gap_abs' deprecated, please use 'mip_opt_gap_abs'.
WARNING:  Option 'mip_integral_gap_rel' deprecated, please use 'mip_opt_gap_rel'.
WARNING:  Option 'mip_integral_gap_abs' deprecated, please use 'mip_opt_gap_abs'.
WARNING:  Option 'mip_integral_gap_rel' deprecated, please use 'mip_opt_gap_rel'.
WARNING:  Option 'mip_integral_gap_abs' deprecated, please use 'mip_opt_gap_abs'.
WARNING:  Option 'mip_integral_gap_rel' deprecated, please use 'mip_opt_gap_rel'.
WARNING:  Option 'mip_integral_gap_abs' deprecated, please use 'mip_opt_gap_abs'.
WARNING:  Option 'mip_integral_gap_rel' deprecated, please use 'mip_opt_gap_rel'.
WARNING:  Option 'mip_integral_gap_abs' deprecated, please use 'mip_opt_gap_abs'.
WARNING:  Option 'mip_integral_gap_rel' deprecated, please use 'mip_opt_gap_rel'.
WARNING:  Option 'mip_integral_gap_abs' deprecated, please use 'mip_opt_gap_abs'.
WARNING:  Option 'mip_integral_gap_rel' deprecated, please use 'mip_opt_gap_rel'.
WARNING:  Option 'mip_integral_gap_abs' deprecated, please use 'mip_opt_gap_abs'.
WARNING:  Option 'mip_integral_gap_rel' deprecated, please use 'mip_opt_gap_rel'.
WARNING:  Option 'mip_integral_gap_abs' deprecated, please use 'mip_opt_gap_abs'.
WARNING:  Option 'mip_integral_gap_rel' deprecated, please use 'mip_opt_gap_rel'.
WARNING:  Option 'mip_integral_gap_abs' deprecated, please use 'mip_opt_gap_abs'.
WARNING:  Option 'mip_integral_gap_rel' deprecated, please use 'mip_opt_gap_rel'.
WARNING:  Option 'mip_integral_gap_abs' deprecated, please use 'mip_opt_gap_abs'.
WARNING:  Option 'mip_integral_gap_rel' deprecated, please use 'mip_opt_gap_rel'.
WARNING:  Option 'mip_integral_gap_abs' deprecated, please use 'mip_opt_gap_abs'.
WARNING:  Option 'mip_integral_gap_rel' deprecated, please use 'mip_opt_gap_rel'.
WARNING:  Option 'mip_integral_gap_abs' deprecated, please use 'mip_opt_gap_abs'.
WARNING:  Option 'mip_integral_gap_rel' deprecated, please use 'mip_opt_gap_rel'.
WARNING:  Option 'mip_integral_gap_abs' deprecated, please use 'mip_opt_gap_abs'.
WARNING:  Option 'mip_integral_gap_rel' deprecated, please use 'mip_opt_gap_rel'.
WARNING:  Option 'mip_integral_gap_abs' deprecated, please use 'mip_opt_gap_abs'.
WARNING:  Option 'mip_integral_gap_rel' deprecated, please use 'mip_opt_gap_rel'.
WARNING:  Option 'mip_integral_gap_abs' deprecated, please use 'mip_opt_gap_abs'.
WARNING:  Option 'mip_integral_gap_rel' deprecated, please use 'mip_opt_gap_rel'.
WARNING:  Option 'mip_integral_gap_abs' deprecated, please use 'mip_opt_gap_abs'.
WARNING:  Option 'mip_integral_gap_rel' deprecated, please use 'mip_opt_gap_rel'.
WARNING:  Option 'mip_integral_gap_abs' deprecated, please use 'mip_opt_gap_abs'.
WARNING:  Option 'mip_integral_gap_rel' deprecated, please use 'mip_opt_gap_rel'.
WARNING:  Option 'mip_integral_gap_abs' deprecated, please use 'mip_opt_gap_abs'.
WARNING:  Option 'mip_integral_gap_rel' deprecated, please use 'mip_opt_gap_rel'.
    [θ-eval 10, gravity-feasible 4] seqR_mean=-1.19e-05 ok=false seq_time=1.72s
WARNING:  Option 'mip_integral_gap_abs' deprecated, please use 'mip_opt_gap_abs'.
WARNING:  Option 'mip_integral_gap_rel' deprecated, please use 'mip_opt_gap_rel'.
WARNING:  Option 'mip_integral_gap_abs' deprecated, please use 'mip_opt_gap_abs'.
WARNING:  Option 'mip_integral_gap_rel' deprecated, please use 'mip_opt_gap_rel'.
WARNING:  Option 'mip_integral_gap_abs' deprecated, please use 'mip_opt_gap_abs'.
WARNING:  Option 'mip_integral_gap_rel' deprecated, please use 'mip_opt_gap_rel'.
WARNING:  Option 'mip_integral_gap_abs' deprecated, please use 'mip_opt_gap_abs'.
WARNING:  Option 'mip_integral_gap_rel' deprecated, please use 'mip_opt_gap_rel'.
WARNING:  Option 'mip_integral_gap_abs' deprecated, please use 'mip_opt_gap_abs'.
WARNING:  Option 'mip_integral_gap_rel' deprecated, please use 'mip_opt_gap_rel'.
WARNING:  Option 'mip_integral_gap_abs' deprecated, please use 'mip_opt_gap_abs'.
WARNING:  Option 'mip_integral_gap_rel' deprecated, please use 'mip_opt_gap_rel'.
WARNING:  Option 'mip_integral_gap_abs' deprecated, please use 'mip_opt_gap_abs'.
WARNING:  Option 'mip_integral_gap_rel' deprecated, please use 'mip_opt_gap_rel'.
WARNING:  Option 'mip_integral_gap_abs' deprecated, please use 'mip_opt_gap_abs'.
WARNING:  Option 'mip_integral_gap_rel' deprecated, please use 'mip_opt_gap_rel'.
WARNING:  Option 'mip_integral_gap_abs' deprecated, please use 'mip_opt_gap_abs'.
WARNING:  Option 'mip_integral_gap_rel' deprecated, please use 'mip_opt_gap_rel'.
WARNING:  Option 'mip_integral_gap_abs' deprecated, please use 'mip_opt_gap_abs'.
WARNING:  Option 'mip_integral_gap_rel' deprecated, please use 'mip_opt_gap_rel'.
WARNING:  Option 'mip_integral_gap_abs' deprecated, please use 'mip_opt_gap_abs'.
WARNING:  Option 'mip_integral_gap_rel' deprecated, please use 'mip_opt_gap_rel'.
WARNING:  Option 'mip_integral_gap_abs' deprecated, please use 'mip_opt_gap_abs'.
WARNING:  Option 'mip_integral_gap_rel' deprecated, please use 'mip_opt_gap_rel'.
WARNING:  Option 'mip_integral_gap_abs' deprecated, please use 'mip_opt_gap_abs'.
WARNING:  Option 'mip_integral_gap_rel' deprecated, please use 'mip_opt_gap_rel'.
WARNING:  Option 'mip_integral_gap_abs' deprecated, please use 'mip_opt_gap_abs'.
WARNING:  Option 'mip_integral_gap_rel' deprecated, please use 'mip_opt_gap_rel'.
WARNING:  Option 'mip_integral_gap_abs' deprecated, please use 'mip_opt_gap_abs'.
WARNING:  Option 'mip_integral_gap_rel' deprecated, please use 'mip_opt_gap_rel'.
WARNING:  Option 'mip_integral_gap_abs' deprecated, please use 'mip_opt_gap_abs'.
WARNING:  Option 'mip_integral_gap_rel' deprecated, please use 'mip_opt_gap_rel'.
WARNING:  Option 'mip_integral_gap_abs' deprecated, please use 'mip_opt_gap_abs'.
WARNING:  Option 'mip_integral_gap_rel' deprecated, please use 'mip_opt_gap_rel'.
WARNING:  Option 'mip_integral_gap_abs' deprecated, please use 'mip_opt_gap_abs'.
WARNING:  Option 'mip_integral_gap_rel' deprecated, please use 'mip_opt_gap_rel'.
WARNING:  Option 'mip_integral_gap_abs' deprecated, please use 'mip_opt_gap_abs'.
WARNING:  Option 'mip_integral_gap_rel' deprecated, please use 'mip_opt_gap_rel'.
WARNING:  Option 'mip_integral_gap_abs' deprecated, please use 'mip_opt_gap_abs'.
WARNING:  Option 'mip_integral_gap_rel' deprecated, please use 'mip_opt_gap_rel'.
WARNING:  Option 'mip_integral_gap_abs' deprecated, please use 'mip_opt_gap_abs'.
WARNING:  Option 'mip_integral_gap_rel' deprecated, please use 'mip_opt_gap_rel'.
WARNING:  Option 'mip_integral_gap_abs' deprecated, please use 'mip_opt_gap_abs'.
WARNING:  Option 'mip_integral_gap_rel' deprecated, please use 'mip_opt_gap_rel'.
WARNING:  Option 'mip_integral_gap_abs' deprecated, please use 'mip_opt_gap_abs'.
WARNING:  Option 'mip_integral_gap_rel' deprecated, please use 'mip_opt_gap_rel'.
WARNING:  Option 'mip_integral_gap_abs' deprecated, please use 'mip_opt_gap_abs'.
WARNING:  Option 'mip_integral_gap_rel' deprecated, please use 'mip_opt_gap_rel'.
WARNING:  Option 'mip_integral_gap_abs' deprecated, please use 'mip_opt_gap_abs'.
WARNING:  Option 'mip_integral_gap_rel' deprecated, please use 'mip_opt_gap_rel'.
    [θ-eval 20, gravity-feasible 6] seqR_mean=-5.29e-05 ok=true seq_time=3.37s
WARNING:  Option 'mip_integral_gap_abs' deprecated, please use 'mip_opt_gap_abs'.
WARNING:  Option 'mip_integral_gap_rel' deprecated, please use 'mip_opt_gap_rel'.
WARNING:  Option 'mip_integral_gap_abs' deprecated, please use 'mip_opt_gap_abs'.
WARNING:  Option 'mip_integral_gap_rel' deprecated, please use 'mip_opt_gap_rel'.
WARNING:  Option 'mip_integral_gap_abs' deprecated, please use 'mip_opt_gap_abs'.
WARNING:  Option 'mip_integral_gap_rel' deprecated, please use 'mip_opt_gap_rel'.
WARNING:  Option 'mip_integral_gap_abs' deprecated, please use 'mip_opt_gap_abs'.
WARNING:  Option 'mip_integral_gap_rel' deprecated, please use 'mip_opt_gap_rel'.
WARNING:  Option 'mip_integral_gap_abs' deprecated, please use 'mip_opt_gap_abs'.
WARNING:  Option 'mip_integral_gap_rel' deprecated, please use 'mip_opt_gap_rel'.
WARNING:  Option 'mip_integral_gap_abs' deprecated, please use 'mip_opt_gap_abs'.
WARNING:  Option 'mip_integral_gap_rel' deprecated, please use 'mip_opt_gap_rel'.
WARNING:  Option 'mip_integral_gap_abs' deprecated, please use 'mip_opt_gap_abs'.
WARNING:  Option 'mip_integral_gap_rel' deprecated, please use 'mip_opt_gap_rel'.
WARNING:  Option 'mip_integral_gap_abs' deprecated, please use 'mip_opt_gap_abs'.
WARNING:  Option 'mip_integral_gap_rel' deprecated, please use 'mip_opt_gap_rel'.
WARNING:  Option 'mip_integral_gap_abs' deprecated, please use 'mip_opt_gap_abs'.
WARNING:  Option 'mip_integral_gap_rel' deprecated, please use 'mip_opt_gap_rel'.
WARNING:  Option 'mip_integral_gap_abs' deprecated, please use 'mip_opt_gap_abs'.
WARNING:  Option 'mip_integral_gap_rel' deprecated, please use 'mip_opt_gap_rel'.
WARNING:  Option 'mip_integral_gap_abs' deprecated, please use 'mip_opt_gap_abs'.
WARNING:  Option 'mip_integral_gap_rel' deprecated, please use 'mip_opt_gap_rel'.
WARNING:  Option 'mip_integral_gap_abs' deprecated, please use 'mip_opt_gap_abs'.
WARNING:  Option 'mip_integral_gap_rel' deprecated, please use 'mip_opt_gap_rel'.
WARNING:  Option 'mip_integral_gap_abs' deprecated, please use 'mip_opt_gap_abs'.
WARNING:  Option 'mip_integral_gap_rel' deprecated, please use 'mip_opt_gap_rel'.
WARNING:  Option 'mip_integral_gap_abs' deprecated, please use 'mip_opt_gap_abs'.
WARNING:  Option 'mip_integral_gap_rel' deprecated, please use 'mip_opt_gap_rel'.
WARNING:  Option 'mip_integral_gap_abs' deprecated, please use 'mip_opt_gap_abs'.
WARNING:  Option 'mip_integral_gap_rel' deprecated, please use 'mip_opt_gap_rel'.
WARNING:  Option 'mip_integral_gap_abs' deprecated, please use 'mip_opt_gap_abs'.
WARNING:  Option 'mip_integral_gap_rel' deprecated, please use 'mip_opt_gap_rel'.
WARNING:  Option 'mip_integral_gap_abs' deprecated, please use 'mip_opt_gap_abs'.
WARNING:  Option 'mip_integral_gap_rel' deprecated, please use 'mip_opt_gap_rel'.
WARNING:  Option 'mip_integral_gap_abs' deprecated, please use 'mip_opt_gap_abs'.
WARNING:  Option 'mip_integral_gap_rel' deprecated, please use 'mip_opt_gap_rel'.
WARNING:  Option 'mip_integral_gap_abs' deprecated, please use 'mip_opt_gap_abs'.
WARNING:  Option 'mip_integral_gap_rel' deprecated, please use 'mip_opt_gap_rel'.
WARNING:  Option 'mip_integral_gap_abs' deprecated, please use 'mip_opt_gap_abs'.
WARNING:  Option 'mip_integral_gap_rel' deprecated, please use 'mip_opt_gap_rel'.
WARNING:  Option 'mip_integral_gap_abs' deprecated, please use 'mip_opt_gap_abs'.
WARNING:  Option 'mip_integral_gap_rel' deprecated, please use 'mip_opt_gap_rel'.
WARNING:  Option 'mip_integral_gap_abs' deprecated, please use 'mip_opt_gap_abs'.
WARNING:  Option 'mip_integral_gap_rel' deprecated, please use 'mip_opt_gap_rel'.
WARNING:  Option 'mip_integral_gap_abs' deprecated, please use 'mip_opt_gap_abs'.
WARNING:  Option 'mip_integral_gap_rel' deprecated, please use 'mip_opt_gap_rel'.
WARNING:  Option 'mip_integral_gap_abs' deprecated, please use 'mip_opt_gap_abs'.
WARNING:  Option 'mip_integral_gap_rel' deprecated, please use 'mip_opt_gap_rel'.
WARNING:  Option 'mip_integral_gap_abs' deprecated, please use 'mip_opt_gap_abs'.
WARNING:  Option 'mip_integral_gap_rel' deprecated, please use 'mip_opt_gap_rel'.
    [θ-eval 30, gravity-feasible 7] seqR_mean=1.09e-05 ok=false seq_time=1.49s
WARNING:  Option 'mip_integral_gap_abs' deprecated, please use 'mip_opt_gap_abs'.
WARNING:  Option 'mip_integral_gap_rel' deprecated, please use 'mip_opt_gap_rel'.
WARNING:  Option 'mip_integral_gap_abs' deprecated, please use 'mip_opt_gap_abs'.
WARNING:  Option 'mip_integral_gap_rel' deprecated, please use 'mip_opt_gap_rel'.
WARNING:  Option 'mip_integral_gap_abs' deprecated, please use 'mip_opt_gap_abs'.
WARNING:  Option 'mip_integral_gap_rel' deprecated, please use 'mip_opt_gap_rel'.
WARNING:  Option 'mip_integral_gap_abs' deprecated, please use 'mip_opt_gap_abs'.
WARNING:  Option 'mip_integral_gap_rel' deprecated, please use 'mip_opt_gap_rel'.
WARNING:  Option 'mip_integral_gap_abs' deprecated, please use 'mip_opt_gap_abs'.
WARNING:  Option 'mip_integral_gap_rel' deprecated, please use 'mip_opt_gap_rel'.
WARNING:  Option 'mip_integral_gap_abs' deprecated, please use 'mip_opt_gap_abs'.
WARNING:  Option 'mip_integral_gap_rel' deprecated, please use 'mip_opt_gap_rel'.
WARNING:  Option 'mip_integral_gap_abs' deprecated, please use 'mip_opt_gap_abs'.
WARNING:  Option 'mip_integral_gap_rel' deprecated, please use 'mip_opt_gap_rel'.
WARNING:  Option 'mip_integral_gap_abs' deprecated, please use 'mip_opt_gap_abs'.
WARNING:  Option 'mip_integral_gap_rel' deprecated, please use 'mip_opt_gap_rel'.
WARNING:  Option 'mip_integral_gap_abs' deprecated, please use 'mip_opt_gap_abs'.
WARNING:  Option 'mip_integral_gap_rel' deprecated, please use 'mip_opt_gap_rel'.
WARNING:  Option 'mip_integral_gap_abs' deprecated, please use 'mip_opt_gap_abs'.
WARNING:  Option 'mip_integral_gap_rel' deprecated, please use 'mip_opt_gap_rel'.
WARNING:  Option 'mip_integral_gap_abs' deprecated, please use 'mip_opt_gap_abs'.
WARNING:  Option 'mip_integral_gap_rel' deprecated, please use 'mip_opt_gap_rel'.
WARNING:  Option 'mip_integral_gap_abs' deprecated, please use 'mip_opt_gap_abs'.
WARNING:  Option 'mip_integral_gap_rel' deprecated, please use 'mip_opt_gap_rel'.
WARNING:  Option 'mip_integral_gap_abs' deprecated, please use 'mip_opt_gap_abs'.
WARNING:  Option 'mip_integral_gap_rel' deprecated, please use 'mip_opt_gap_rel'.
WARNING:  Option 'mip_integral_gap_abs' deprecated, please use 'mip_opt_gap_abs'.
WARNING:  Option 'mip_integral_gap_rel' deprecated, please use 'mip_opt_gap_rel'.
WARNING:  Option 'mip_integral_gap_abs' deprecated, please use 'mip_opt_gap_abs'.
WARNING:  Option 'mip_integral_gap_rel' deprecated, please use 'mip_opt_gap_rel'.
WARNING:  Option 'mip_integral_gap_abs' deprecated, please use 'mip_opt_gap_abs'.
WARNING:  Option 'mip_integral_gap_rel' deprecated, please use 'mip_opt_gap_rel'.
WARNING:  Option 'mip_integral_gap_abs' deprecated, please use 'mip_opt_gap_abs'.
WARNING:  Option 'mip_integral_gap_rel' deprecated, please use 'mip_opt_gap_rel'.
WARNING:  Option 'mip_integral_gap_abs' deprecated, please use 'mip_opt_gap_abs'.
WARNING:  Option 'mip_integral_gap_rel' deprecated, please use 'mip_opt_gap_rel'.
WARNING:  Option 'mip_integral_gap_abs' deprecated, please use 'mip_opt_gap_abs'.
WARNING:  Option 'mip_integral_gap_rel' deprecated, please use 'mip_opt_gap_rel'.
WARNING:  Option 'mip_integral_gap_abs' deprecated, please use 'mip_opt_gap_abs'.
WARNING:  Option 'mip_integral_gap_rel' deprecated, please use 'mip_opt_gap_rel'.
WARNING:  Option 'mip_integral_gap_abs' deprecated, please use 'mip_opt_gap_abs'.
WARNING:  Option 'mip_integral_gap_rel' deprecated, please use 'mip_opt_gap_rel'.
    [θ-eval 40, gravity-feasible 9] seqR_mean=-6.79e-07 ok=true seq_time=1.05s
WARNING:  Option 'mip_integral_gap_abs' deprecated, please use 'mip_opt_gap_abs'.
WARNING:  Option 'mip_integral_gap_rel' deprecated, please use 'mip_opt_gap_rel'.
WARNING:  Option 'mip_integral_gap_abs' deprecated, please use 'mip_opt_gap_abs'.
WARNING:  Option 'mip_integral_gap_rel' deprecated, please use 'mip_opt_gap_rel'.
WARNING:  Option 'mip_integral_gap_abs' deprecated, please use 'mip_opt_gap_abs'.
WARNING:  Option 'mip_integral_gap_rel' deprecated, please use 'mip_opt_gap_rel'.
WARNING:  Option 'mip_integral_gap_abs' deprecated, please use 'mip_opt_gap_abs'.
WARNING:  Option 'mip_integral_gap_rel' deprecated, please use 'mip_opt_gap_rel'.
WARNING:  Option 'mip_integral_gap_abs' deprecated, please use 'mip_opt_gap_abs'.
WARNING:  Option 'mip_integral_gap_rel' deprecated, please use 'mip_opt_gap_rel'.
WARNING:  Option 'mip_integral_gap_abs' deprecated, please use 'mip_opt_gap_abs'.
WARNING:  Option 'mip_integral_gap_rel' deprecated, please use 'mip_opt_gap_rel'.
WARNING:  Option 'mip_integral_gap_abs' deprecated, please use 'mip_opt_gap_abs'.
WARNING:  Option 'mip_integral_gap_rel' deprecated, please use 'mip_opt_gap_rel'.
WARNING:  Option 'mip_integral_gap_abs' deprecated, please use 'mip_opt_gap_abs'.
WARNING:  Option 'mip_integral_gap_rel' deprecated, please use 'mip_opt_gap_rel'.
WARNING:  Option 'mip_integral_gap_abs' deprecated, please use 'mip_opt_gap_abs'.
WARNING:  Option 'mip_integral_gap_rel' deprecated, please use 'mip_opt_gap_rel'.
WARNING:  Option 'mip_integral_gap_abs' deprecated, please use 'mip_opt_gap_abs'.
WARNING:  Option 'mip_integral_gap_rel' deprecated, please use 'mip_opt_gap_rel'.
WARNING:  Option 'mip_integral_gap_abs' deprecated, please use 'mip_opt_gap_abs'.
WARNING:  Option 'mip_integral_gap_rel' deprecated, please use 'mip_opt_gap_rel'.
WARNING:  Option 'mip_integral_gap_abs' deprecated, please use 'mip_opt_gap_abs'.
WARNING:  Option 'mip_integral_gap_rel' deprecated, please use 'mip_opt_gap_rel'.
WARNING:  Option 'mip_integral_gap_abs' deprecated, please use 'mip_opt_gap_abs'.
WARNING:  Option 'mip_integral_gap_rel' deprecated, please use 'mip_opt_gap_rel'.
WARNING:  Option 'mip_integral_gap_abs' deprecated, please use 'mip_opt_gap_abs'.
WARNING:  Option 'mip_integral_gap_rel' deprecated, please use 'mip_opt_gap_rel'.
WARNING:  Option 'mip_integral_gap_abs' deprecated, please use 'mip_opt_gap_abs'.
WARNING:  Option 'mip_integral_gap_rel' deprecated, please use 'mip_opt_gap_rel'.
WARNING:  Option 'mip_integral_gap_abs' deprecated, please use 'mip_opt_gap_abs'.
WARNING:  Option 'mip_integral_gap_rel' deprecated, please use 'mip_opt_gap_rel'.
WARNING:  Option 'mip_integral_gap_abs' deprecated, please use 'mip_opt_gap_abs'.
WARNING:  Option 'mip_integral_gap_rel' deprecated, please use 'mip_opt_gap_rel'.
WARNING:  Option 'mip_integral_gap_abs' deprecated, please use 'mip_opt_gap_abs'.
WARNING:  Option 'mip_integral_gap_rel' deprecated, please use 'mip_opt_gap_rel'.
WARNING:  Option 'mip_integral_gap_abs' deprecated, please use 'mip_opt_gap_abs'.
WARNING:  Option 'mip_integral_gap_rel' deprecated, please use 'mip_opt_gap_rel'.
WARNING:  Option 'mip_integral_gap_abs' deprecated, please use 'mip_opt_gap_abs'.
WARNING:  Option 'mip_integral_gap_rel' deprecated, please use 'mip_opt_gap_rel'.
WARNING:  Option 'mip_integral_gap_abs' deprecated, please use 'mip_opt_gap_abs'.
WARNING:  Option 'mip_integral_gap_rel' deprecated, please use 'mip_opt_gap_rel'.
WARNING:  Option 'mip_integral_gap_abs' deprecated, please use 'mip_opt_gap_abs'.
WARNING:  Option 'mip_integral_gap_rel' deprecated, please use 'mip_opt_gap_rel'.
WARNING:  Option 'mip_integral_gap_abs' deprecated, please use 'mip_opt_gap_abs'.
WARNING:  Option 'mip_integral_gap_rel' deprecated, please use 'mip_opt_gap_rel'.
WARNING:  Option 'mip_integral_gap_abs' deprecated, please use 'mip_opt_gap_abs'.
WARNING:  Option 'mip_integral_gap_rel' deprecated, please use 'mip_opt_gap_rel'.
WARNING:  Option 'mip_integral_gap_abs' deprecated, please use 'mip_opt_gap_abs'.
WARNING:  Option 'mip_integral_gap_rel' deprecated, please use 'mip_opt_gap_rel'.
WARNING:  Option 'mip_integral_gap_abs' deprecated, please use 'mip_opt_gap_abs'.
WARNING:  Option 'mip_integral_gap_rel' deprecated, please use 'mip_opt_gap_rel'.
WARNING:  Option 'mip_integral_gap_abs' deprecated, please use 'mip_opt_gap_abs'.
WARNING:  Option 'mip_integral_gap_rel' deprecated, please use 'mip_opt_gap_rel'.
WARNING:  Option 'mip_integral_gap_abs' deprecated, please use 'mip_opt_gap_abs'.
WARNING:  Option 'mip_integral_gap_rel' deprecated, please use 'mip_opt_gap_rel'.
    [θ-eval 50, gravity-feasible 10] seqR_mean=2.08e-05 ok=false seq_time=12.29s
WARNING:  Option 'mip_integral_gap_abs' deprecated, please use 'mip_opt_gap_abs'.
WARNING:  Option 'mip_integral_gap_rel' deprecated, please use 'mip_opt_gap_rel'.
WARNING:  Option 'mip_integral_gap_abs' deprecated, please use 'mip_opt_gap_abs'.
WARNING:  Option 'mip_integral_gap_rel' deprecated, please use 'mip_opt_gap_rel'.
WARNING:  Option 'mip_integral_gap_abs' deprecated, please use 'mip_opt_gap_abs'.
WARNING:  Option 'mip_integral_gap_rel' deprecated, please use 'mip_opt_gap_rel'.
WARNING:  Option 'mip_integral_gap_abs' deprecated, please use 'mip_opt_gap_abs'.
WARNING:  Option 'mip_integral_gap_rel' deprecated, please use 'mip_opt_gap_rel'.
WARNING:  Option 'mip_integral_gap_abs' deprecated, please use 'mip_opt_gap_abs'.
WARNING:  Option 'mip_integral_gap_rel' deprecated, please use 'mip_opt_gap_rel'.
WARNING:  Option 'mip_integral_gap_abs' deprecated, please use 'mip_opt_gap_abs'.
WARNING:  Option 'mip_integral_gap_rel' deprecated, please use 'mip_opt_gap_rel'.
WARNING:  Option 'mip_integral_gap_abs' deprecated, please use 'mip_opt_gap_abs'.
WARNING:  Option 'mip_integral_gap_rel' deprecated, please use 'mip_opt_gap_rel'.
WARNING:  Option 'mip_integral_gap_abs' deprecated, please use 'mip_opt_gap_abs'.
WARNING:  Option 'mip_integral_gap_rel' deprecated, please use 'mip_opt_gap_rel'.
WARNING:  Option 'mip_integral_gap_abs' deprecated, please use 'mip_opt_gap_abs'.
WARNING:  Option 'mip_integral_gap_rel' deprecated, please use 'mip_opt_gap_rel'.
WARNING:  Option 'mip_integral_gap_abs' deprecated, please use 'mip_opt_gap_abs'.
WARNING:  Option 'mip_integral_gap_rel' deprecated, please use 'mip_opt_gap_rel'.
WARNING:  Option 'mip_integral_gap_abs' deprecated, please use 'mip_opt_gap_abs'.
WARNING:  Option 'mip_integral_gap_rel' deprecated, please use 'mip_opt_gap_rel'.
WARNING:  Option 'mip_integral_gap_abs' deprecated, please use 'mip_opt_gap_abs'.
WARNING:  Option 'mip_integral_gap_rel' deprecated, please use 'mip_opt_gap_rel'.
WARNING:  Option 'mip_integral_gap_abs' deprecated, please use 'mip_opt_gap_abs'.
WARNING:  Option 'mip_integral_gap_rel' deprecated, please use 'mip_opt_gap_rel'.
WARNING:  Option 'mip_integral_gap_abs' deprecated, please use 'mip_opt_gap_abs'.
WARNING:  Option 'mip_integral_gap_rel' deprecated, please use 'mip_opt_gap_rel'.
WARNING:  Option 'mip_integral_gap_abs' deprecated, please use 'mip_opt_gap_abs'.
WARNING:  Option 'mip_integral_gap_rel' deprecated, please use 'mip_opt_gap_rel'.
WARNING:  Option 'mip_integral_gap_abs' deprecated, please use 'mip_opt_gap_abs'.
WARNING:  Option 'mip_integral_gap_rel' deprecated, please use 'mip_opt_gap_rel'.
WARNING:  Option 'mip_integral_gap_abs' deprecated, please use 'mip_opt_gap_abs'.
WARNING:  Option 'mip_integral_gap_rel' deprecated, please use 'mip_opt_gap_rel'.
WARNING:  Option 'mip_integral_gap_abs' deprecated, please use 'mip_opt_gap_abs'.
WARNING:  Option 'mip_integral_gap_rel' deprecated, please use 'mip_opt_gap_rel'.
WARNING:  Option 'mip_integral_gap_abs' deprecated, please use 'mip_opt_gap_abs'.
WARNING:  Option 'mip_integral_gap_rel' deprecated, please use 'mip_opt_gap_rel'.
WARNING:  Option 'mip_integral_gap_abs' deprecated, please use 'mip_opt_gap_abs'.
WARNING:  Option 'mip_integral_gap_rel' deprecated, please use 'mip_opt_gap_rel'.
WARNING:  Option 'mip_integral_gap_abs' deprecated, please use 'mip_opt_gap_abs'.
WARNING:  Option 'mip_integral_gap_rel' deprecated, please use 'mip_opt_gap_rel'.
    [θ-eval 60, gravity-feasible 11] seqR_mean=-1.21e-04 ok=false seq_time=1.60s
WARNING:  Option 'mip_integral_gap_abs' deprecated, please use 'mip_opt_gap_abs'.
WARNING:  Option 'mip_integral_gap_rel' deprecated, please use 'mip_opt_gap_rel'.
WARNING:  Option 'mip_integral_gap_abs' deprecated, please use 'mip_opt_gap_abs'.
WARNING:  Option 'mip_integral_gap_rel' deprecated, please use 'mip_opt_gap_rel'.
WARNING:  Option 'mip_integral_gap_abs' deprecated, please use 'mip_opt_gap_abs'.
WARNING:  Option 'mip_integral_gap_rel' deprecated, please use 'mip_opt_gap_rel'.
WARNING:  Option 'mip_integral_gap_abs' deprecated, please use 'mip_opt_gap_abs'.
WARNING:  Option 'mip_integral_gap_rel' deprecated, please use 'mip_opt_gap_rel'.
WARNING:  Option 'mip_integral_gap_abs' deprecated, please use 'mip_opt_gap_abs'.
WARNING:  Option 'mip_integral_gap_rel' deprecated, please use 'mip_opt_gap_rel'.
WARNING:  Option 'mip_integral_gap_abs' deprecated, please use 'mip_opt_gap_abs'.
WARNING:  Option 'mip_integral_gap_rel' deprecated, please use 'mip_opt_gap_rel'.
WARNING:  Option 'mip_integral_gap_abs' deprecated, please use 'mip_opt_gap_abs'.
WARNING:  Option 'mip_integral_gap_rel' deprecated, please use 'mip_opt_gap_rel'.
WARNING:  Option 'mip_integral_gap_abs' deprecated, please use 'mip_opt_gap_abs'.
WARNING:  Option 'mip_integral_gap_rel' deprecated, please use 'mip_opt_gap_rel'.
WARNING:  Option 'mip_integral_gap_abs' deprecated, please use 'mip_opt_gap_abs'.
WARNING:  Option 'mip_integral_gap_rel' deprecated, please use 'mip_opt_gap_rel'.
WARNING:  Option 'mip_integral_gap_abs' deprecated, please use 'mip_opt_gap_abs'.
WARNING:  Option 'mip_integral_gap_rel' deprecated, please use 'mip_opt_gap_rel'.
WARNING:  Option 'mip_integral_gap_abs' deprecated, please use 'mip_opt_gap_abs'.
WARNING:  Option 'mip_integral_gap_rel' deprecated, please use 'mip_opt_gap_rel'.
WARNING:  Option 'mip_integral_gap_abs' deprecated, please use 'mip_opt_gap_abs'.
WARNING:  Option 'mip_integral_gap_rel' deprecated, please use 'mip_opt_gap_rel'.
WARNING:  Option 'mip_integral_gap_abs' deprecated, please use 'mip_opt_gap_abs'.
WARNING:  Option 'mip_integral_gap_rel' deprecated, please use 'mip_opt_gap_rel'.
WARNING:  Option 'mip_integral_gap_abs' deprecated, please use 'mip_opt_gap_abs'.
WARNING:  Option 'mip_integral_gap_rel' deprecated, please use 'mip_opt_gap_rel'.
WARNING:  Option 'mip_integral_gap_abs' deprecated, please use 'mip_opt_gap_abs'.
WARNING:  Option 'mip_integral_gap_rel' deprecated, please use 'mip_opt_gap_rel'.
WARNING:  Option 'mip_integral_gap_abs' deprecated, please use 'mip_opt_gap_abs'.
WARNING:  Option 'mip_integral_gap_rel' deprecated, please use 'mip_opt_gap_rel'.
WARNING:  Option 'mip_integral_gap_abs' deprecated, please use 'mip_opt_gap_abs'.
WARNING:  Option 'mip_integral_gap_rel' deprecated, please use 'mip_opt_gap_rel'.
WARNING:  Option 'mip_integral_gap_abs' deprecated, please use 'mip_opt_gap_abs'.
WARNING:  Option 'mip_integral_gap_rel' deprecated, please use 'mip_opt_gap_rel'.
WARNING:  Option 'mip_integral_gap_abs' deprecated, please use 'mip_opt_gap_abs'.
WARNING:  Option 'mip_integral_gap_rel' deprecated, please use 'mip_opt_gap_rel'.
WARNING:  Option 'mip_integral_gap_abs' deprecated, please use 'mip_opt_gap_abs'.
WARNING:  Option 'mip_integral_gap_rel' deprecated, please use 'mip_opt_gap_rel'.
WARNING:  Option 'mip_integral_gap_abs' deprecated, please use 'mip_opt_gap_abs'.
WARNING:  Option 'mip_integral_gap_rel' deprecated, please use 'mip_opt_gap_rel'.
    [θ-eval 70, gravity-feasible 12] seqR_mean=1.12e-03 ok=false seq_time=16.15s
WARNING:  Option 'mip_integral_gap_abs' deprecated, please use 'mip_opt_gap_abs'.
WARNING:  Option 'mip_integral_gap_rel' deprecated, please use 'mip_opt_gap_rel'.
WARNING:  Option 'mip_integral_gap_abs' deprecated, please use 'mip_opt_gap_abs'.
WARNING:  Option 'mip_integral_gap_rel' deprecated, please use 'mip_opt_gap_rel'.
WARNING:  Option 'mip_integral_gap_abs' deprecated, please use 'mip_opt_gap_abs'.
WARNING:  Option 'mip_integral_gap_rel' deprecated, please use 'mip_opt_gap_rel'.
WARNING:  Option 'mip_integral_gap_abs' deprecated, please use 'mip_opt_gap_abs'.
WARNING:  Option 'mip_integral_gap_rel' deprecated, please use 'mip_opt_gap_rel'.
WARNING:  Option 'mip_integral_gap_abs' deprecated, please use 'mip_opt_gap_abs'.
WARNING:  Option 'mip_integral_gap_rel' deprecated, please use 'mip_opt_gap_rel'.
WARNING:  Option 'mip_integral_gap_abs' deprecated, please use 'mip_opt_gap_abs'.
WARNING:  Option 'mip_integral_gap_rel' deprecated, please use 'mip_opt_gap_rel'.
WARNING:  Option 'mip_integral_gap_abs' deprecated, please use 'mip_opt_gap_abs'.
WARNING:  Option 'mip_integral_gap_rel' deprecated, please use 'mip_opt_gap_rel'.
WARNING:  Option 'mip_integral_gap_abs' deprecated, please use 'mip_opt_gap_abs'.
WARNING:  Option 'mip_integral_gap_rel' deprecated, please use 'mip_opt_gap_rel'.
WARNING:  Option 'mip_integral_gap_abs' deprecated, please use 'mip_opt_gap_abs'.
WARNING:  Option 'mip_integral_gap_rel' deprecated, please use 'mip_opt_gap_rel'.
WARNING:  Option 'mip_integral_gap_abs' deprecated, please use 'mip_opt_gap_abs'.
WARNING:  Option 'mip_integral_gap_rel' deprecated, please use 'mip_opt_gap_rel'.
WARNING:  Option 'mip_integral_gap_abs' deprecated, please use 'mip_opt_gap_abs'.
WARNING:  Option 'mip_integral_gap_rel' deprecated, please use 'mip_opt_gap_rel'.
WARNING:  Option 'mip_integral_gap_abs' deprecated, please use 'mip_opt_gap_abs'.
WARNING:  Option 'mip_integral_gap_rel' deprecated, please use 'mip_opt_gap_rel'.
WARNING:  Option 'mip_integral_gap_abs' deprecated, please use 'mip_opt_gap_abs'.
WARNING:  Option 'mip_integral_gap_rel' deprecated, please use 'mip_opt_gap_rel'.
WARNING:  Option 'mip_integral_gap_abs' deprecated, please use 'mip_opt_gap_abs'.
WARNING:  Option 'mip_integral_gap_rel' deprecated, please use 'mip_opt_gap_rel'.
WARNING:  Option 'mip_integral_gap_abs' deprecated, please use 'mip_opt_gap_abs'.
WARNING:  Option 'mip_integral_gap_rel' deprecated, please use 'mip_opt_gap_rel'.
WARNING:  Option 'mip_integral_gap_abs' deprecated, please use 'mip_opt_gap_abs'.
WARNING:  Option 'mip_integral_gap_rel' deprecated, please use 'mip_opt_gap_rel'.
WARNING:  Option 'mip_integral_gap_abs' deprecated, please use 'mip_opt_gap_abs'.
WARNING:  Option 'mip_integral_gap_rel' deprecated, please use 'mip_opt_gap_rel'.
WARNING:  Option 'mip_integral_gap_abs' deprecated, please use 'mip_opt_gap_abs'.
WARNING:  Option 'mip_integral_gap_rel' deprecated, please use 'mip_opt_gap_rel'.
WARNING:  Option 'mip_integral_gap_abs' deprecated, please use 'mip_opt_gap_abs'.
WARNING:  Option 'mip_integral_gap_rel' deprecated, please use 'mip_opt_gap_rel'.
WARNING:  Option 'mip_integral_gap_abs' deprecated, please use 'mip_opt_gap_abs'.
WARNING:  Option 'mip_integral_gap_rel' deprecated, please use 'mip_opt_gap_rel'.
WARNING:  Option 'mip_integral_gap_abs' deprecated, please use 'mip_opt_gap_abs'.
WARNING:  Option 'mip_integral_gap_rel' deprecated, please use 'mip_opt_gap_rel'.
WARNING:  Option 'mip_integral_gap_abs' deprecated, please use 'mip_opt_gap_abs'.
WARNING:  Option 'mip_integral_gap_rel' deprecated, please use 'mip_opt_gap_rel'.
WARNING:  Option 'mip_integral_gap_abs' deprecated, please use 'mip_opt_gap_abs'.
WARNING:  Option 'mip_integral_gap_rel' deprecated, please use 'mip_opt_gap_rel'.
    [θ-eval 80, gravity-feasible 13] seqR_mean=-2.10e-04 ok=false seq_time=2.35s
WARNING:  Option 'mip_integral_gap_abs' deprecated, please use 'mip_opt_gap_abs'.
WARNING:  Option 'mip_integral_gap_rel' deprecated, please use 'mip_opt_gap_rel'.
WARNING:  Option 'mip_integral_gap_abs' deprecated, please use 'mip_opt_gap_abs'.
WARNING:  Option 'mip_integral_gap_rel' deprecated, please use 'mip_opt_gap_rel'.
WARNING:  Option 'mip_integral_gap_abs' deprecated, please use 'mip_opt_gap_abs'.
WARNING:  Option 'mip_integral_gap_rel' deprecated, please use 'mip_opt_gap_rel'.
WARNING:  Option 'mip_integral_gap_abs' deprecated, please use 'mip_opt_gap_abs'.
WARNING:  Option 'mip_integral_gap_rel' deprecated, please use 'mip_opt_gap_rel'.
WARNING:  Option 'mip_integral_gap_abs' deprecated, please use 'mip_opt_gap_abs'.
WARNING:  Option 'mip_integral_gap_rel' deprecated, please use 'mip_opt_gap_rel'.
WARNING:  Option 'mip_integral_gap_abs' deprecated, please use 'mip_opt_gap_abs'.
WARNING:  Option 'mip_integral_gap_rel' deprecated, please use 'mip_opt_gap_rel'.
WARNING:  Option 'mip_integral_gap_abs' deprecated, please use 'mip_opt_gap_abs'.
WARNING:  Option 'mip_integral_gap_rel' deprecated, please use 'mip_opt_gap_rel'.
WARNING:  Option 'mip_integral_gap_abs' deprecated, please use 'mip_opt_gap_abs'.
WARNING:  Option 'mip_integral_gap_rel' deprecated, please use 'mip_opt_gap_rel'.
WARNING:  Option 'mip_integral_gap_abs' deprecated, please use 'mip_opt_gap_abs'.
WARNING:  Option 'mip_integral_gap_rel' deprecated, please use 'mip_opt_gap_rel'.
WARNING:  Option 'mip_integral_gap_abs' deprecated, please use 'mip_opt_gap_abs'.
WARNING:  Option 'mip_integral_gap_rel' deprecated, please use 'mip_opt_gap_rel'.
WARNING:  Option 'mip_integral_gap_abs' deprecated, please use 'mip_opt_gap_abs'.
WARNING:  Option 'mip_integral_gap_rel' deprecated, please use 'mip_opt_gap_rel'.
WARNING:  Option 'mip_integral_gap_abs' deprecated, please use 'mip_opt_gap_abs'.
WARNING:  Option 'mip_integral_gap_rel' deprecated, please use 'mip_opt_gap_rel'.
WARNING:  Option 'mip_integral_gap_abs' deprecated, please use 'mip_opt_gap_abs'.
WARNING:  Option 'mip_integral_gap_rel' deprecated, please use 'mip_opt_gap_rel'.
WARNING:  Option 'mip_integral_gap_abs' deprecated, please use 'mip_opt_gap_abs'.
WARNING:  Option 'mip_integral_gap_rel' deprecated, please use 'mip_opt_gap_rel'.
WARNING:  Option 'mip_integral_gap_abs' deprecated, please use 'mip_opt_gap_abs'.
WARNING:  Option 'mip_integral_gap_rel' deprecated, please use 'mip_opt_gap_rel'.
WARNING:  Option 'mip_integral_gap_abs' deprecated, please use 'mip_opt_gap_abs'.
WARNING:  Option 'mip_integral_gap_rel' deprecated, please use 'mip_opt_gap_rel'.
WARNING:  Option 'mip_integral_gap_abs' deprecated, please use 'mip_opt_gap_abs'.
WARNING:  Option 'mip_integral_gap_rel' deprecated, please use 'mip_opt_gap_rel'.
WARNING:  Option 'mip_integral_gap_abs' deprecated, please use 'mip_opt_gap_abs'.
WARNING:  Option 'mip_integral_gap_rel' deprecated, please use 'mip_opt_gap_rel'.
WARNING:  Option 'mip_integral_gap_abs' deprecated, please use 'mip_opt_gap_abs'.
WARNING:  Option 'mip_integral_gap_rel' deprecated, please use 'mip_opt_gap_rel'.
WARNING:  Option 'mip_integral_gap_abs' deprecated, please use 'mip_opt_gap_abs'.
WARNING:  Option 'mip_integral_gap_rel' deprecated, please use 'mip_opt_gap_rel'.
WARNING:  Option 'mip_integral_gap_abs' deprecated, please use 'mip_opt_gap_abs'.
WARNING:  Option 'mip_integral_gap_rel' deprecated, please use 'mip_opt_gap_rel'.
    [θ-eval 90, gravity-feasible 14] seqR_mean=-3.68e-05 ok=false seq_time=1.23s
WARNING:  Option 'mip_integral_gap_abs' deprecated, please use 'mip_opt_gap_abs'.
WARNING:  Option 'mip_integral_gap_rel' deprecated, please use 'mip_opt_gap_rel'.
WARNING:  Option 'mip_integral_gap_abs' deprecated, please use 'mip_opt_gap_abs'.
WARNING:  Option 'mip_integral_gap_rel' deprecated, please use 'mip_opt_gap_rel'.
WARNING:  Option 'mip_integral_gap_abs' deprecated, please use 'mip_opt_gap_abs'.
WARNING:  Option 'mip_integral_gap_rel' deprecated, please use 'mip_opt_gap_rel'.
WARNING:  Option 'mip_integral_gap_abs' deprecated, please use 'mip_opt_gap_abs'.
WARNING:  Option 'mip_integral_gap_rel' deprecated, please use 'mip_opt_gap_rel'.
WARNING:  Option 'mip_integral_gap_abs' deprecated, please use 'mip_opt_gap_abs'.
WARNING:  Option 'mip_integral_gap_rel' deprecated, please use 'mip_opt_gap_rel'.
WARNING:  Option 'mip_integral_gap_abs' deprecated, please use 'mip_opt_gap_abs'.
WARNING:  Option 'mip_integral_gap_rel' deprecated, please use 'mip_opt_gap_rel'.
WARNING:  Option 'mip_integral_gap_abs' deprecated, please use 'mip_opt_gap_abs'.
WARNING:  Option 'mip_integral_gap_rel' deprecated, please use 'mip_opt_gap_rel'.
WARNING:  Option 'mip_integral_gap_abs' deprecated, please use 'mip_opt_gap_abs'.
WARNING:  Option 'mip_integral_gap_rel' deprecated, please use 'mip_opt_gap_rel'.
WARNING:  Option 'mip_integral_gap_abs' deprecated, please use 'mip_opt_gap_abs'.
WARNING:  Option 'mip_integral_gap_rel' deprecated, please use 'mip_opt_gap_rel'.
WARNING:  Option 'mip_integral_gap_abs' deprecated, please use 'mip_opt_gap_abs'.
WARNING:  Option 'mip_integral_gap_rel' deprecated, please use 'mip_opt_gap_rel'.
WARNING:  Option 'mip_integral_gap_abs' deprecated, please use 'mip_opt_gap_abs'.
WARNING:  Option 'mip_integral_gap_rel' deprecated, please use 'mip_opt_gap_rel'.
WARNING:  Option 'mip_integral_gap_abs' deprecated, please use 'mip_opt_gap_abs'.
WARNING:  Option 'mip_integral_gap_rel' deprecated, please use 'mip_opt_gap_rel'.
WARNING:  Option 'mip_integral_gap_abs' deprecated, please use 'mip_opt_gap_abs'.
WARNING:  Option 'mip_integral_gap_rel' deprecated, please use 'mip_opt_gap_rel'.
WARNING:  Option 'mip_integral_gap_abs' deprecated, please use 'mip_opt_gap_abs'.
WARNING:  Option 'mip_integral_gap_rel' deprecated, please use 'mip_opt_gap_rel'.
WARNING:  Option 'mip_integral_gap_abs' deprecated, please use 'mip_opt_gap_abs'.
WARNING:  Option 'mip_integral_gap_rel' deprecated, please use 'mip_opt_gap_rel'.
WARNING:  Option 'mip_integral_gap_abs' deprecated, please use 'mip_opt_gap_abs'.
WARNING:  Option 'mip_integral_gap_rel' deprecated, please use 'mip_opt_gap_rel'.
WARNING:  Option 'mip_integral_gap_abs' deprecated, please use 'mip_opt_gap_abs'.
WARNING:  Option 'mip_integral_gap_rel' deprecated, please use 'mip_opt_gap_rel'.
WARNING:  Option 'mip_integral_gap_abs' deprecated, please use 'mip_opt_gap_abs'.
WARNING:  Option 'mip_integral_gap_rel' deprecated, please use 'mip_opt_gap_rel'.
WARNING:  Option 'mip_integral_gap_abs' deprecated, please use 'mip_opt_gap_abs'.
WARNING:  Option 'mip_integral_gap_rel' deprecated, please use 'mip_opt_gap_rel'.
WARNING:  Option 'mip_integral_gap_abs' deprecated, please use 'mip_opt_gap_abs'.
WARNING:  Option 'mip_integral_gap_rel' deprecated, please use 'mip_opt_gap_rel'.
    [θ-eval 100, gravity-feasible 14] seqR_mean=2.73e-07 ok=false seq_time=1.71s
WARNING:  Option 'mip_integral_gap_abs' deprecated, please use 'mip_opt_gap_abs'.
WARNING:  Option 'mip_integral_gap_rel' deprecated, please use 'mip_opt_gap_rel'.
WARNING:  Option 'mip_integral_gap_abs' deprecated, please use 'mip_opt_gap_abs'.
WARNING:  Option 'mip_integral_gap_rel' deprecated, please use 'mip_opt_gap_rel'.
WARNING:  Option 'mip_integral_gap_abs' deprecated, please use 'mip_opt_gap_abs'.
WARNING:  Option 'mip_integral_gap_rel' deprecated, please use 'mip_opt_gap_rel'.
WARNING:  Option 'mip_integral_gap_abs' deprecated, please use 'mip_opt_gap_abs'.
WARNING:  Option 'mip_integral_gap_rel' deprecated, please use 'mip_opt_gap_rel'.
WARNING:  Option 'mip_integral_gap_abs' deprecated, please use 'mip_opt_gap_abs'.
WARNING:  Option 'mip_integral_gap_rel' deprecated, please use 'mip_opt_gap_rel'.
WARNING:  Option 'mip_integral_gap_abs' deprecated, please use 'mip_opt_gap_abs'.
WARNING:  Option 'mip_integral_gap_rel' deprecated, please use 'mip_opt_gap_rel'.
WARNING:  Option 'mip_integral_gap_abs' deprecated, please use 'mip_opt_gap_abs'.
WARNING:  Option 'mip_integral_gap_rel' deprecated, please use 'mip_opt_gap_rel'.
WARNING:  Option 'mip_integral_gap_abs' deprecated, please use 'mip_opt_gap_abs'.
WARNING:  Option 'mip_integral_gap_rel' deprecated, please use 'mip_opt_gap_rel'.
WARNING:  Option 'mip_integral_gap_abs' deprecated, please use 'mip_opt_gap_abs'.
WARNING:  Option 'mip_integral_gap_rel' deprecated, please use 'mip_opt_gap_rel'.
WARNING:  Option 'mip_integral_gap_abs' deprecated, please use 'mip_opt_gap_abs'.
WARNING:  Option 'mip_integral_gap_rel' deprecated, please use 'mip_opt_gap_rel'.
WARNING:  Option 'mip_integral_gap_abs' deprecated, please use 'mip_opt_gap_abs'.
WARNING:  Option 'mip_integral_gap_rel' deprecated, please use 'mip_opt_gap_rel'.
WARNING:  Option 'mip_integral_gap_abs' deprecated, please use 'mip_opt_gap_abs'.
WARNING:  Option 'mip_integral_gap_rel' deprecated, please use 'mip_opt_gap_rel'.
WARNING:  Option 'mip_integral_gap_abs' deprecated, please use 'mip_opt_gap_abs'.
WARNING:  Option 'mip_integral_gap_rel' deprecated, please use 'mip_opt_gap_rel'.
WARNING:  Option 'mip_integral_gap_abs' deprecated, please use 'mip_opt_gap_abs'.
WARNING:  Option 'mip_integral_gap_rel' deprecated, please use 'mip_opt_gap_rel'.
WARNING:  Option 'mip_integral_gap_abs' deprecated, please use 'mip_opt_gap_abs'.
WARNING:  Option 'mip_integral_gap_rel' deprecated, please use 'mip_opt_gap_rel'.
WARNING:  Option 'mip_integral_gap_abs' deprecated, please use 'mip_opt_gap_abs'.
WARNING:  Option 'mip_integral_gap_rel' deprecated, please use 'mip_opt_gap_rel'.
WARNING:  Option 'mip_integral_gap_abs' deprecated, please use 'mip_opt_gap_abs'.
WARNING:  Option 'mip_integral_gap_rel' deprecated, please use 'mip_opt_gap_rel'.
WARNING:  Option 'mip_integral_gap_abs' deprecated, please use 'mip_opt_gap_abs'.
WARNING:  Option 'mip_integral_gap_rel' deprecated, please use 'mip_opt_gap_rel'.
WARNING:  Option 'mip_integral_gap_abs' deprecated, please use 'mip_opt_gap_abs'.
WARNING:  Option 'mip_integral_gap_rel' deprecated, please use 'mip_opt_gap_rel'.
WARNING:  Option 'mip_integral_gap_abs' deprecated, please use 'mip_opt_gap_abs'.
WARNING:  Option 'mip_integral_gap_rel' deprecated, please use 'mip_opt_gap_rel'.
WARNING:  Option 'mip_integral_gap_abs' deprecated, please use 'mip_opt_gap_abs'.
WARNING:  Option 'mip_integral_gap_rel' deprecated, please use 'mip_opt_gap_rel'.
WARNING:  Option 'mip_integral_gap_abs' deprecated, please use 'mip_opt_gap_abs'.
WARNING:  Option 'mip_integral_gap_rel' deprecated, please use 'mip_opt_gap_rel'.
    [θ-eval 110, gravity-feasible 15] seqR_mean=1.09e-05 ok=false seq_time=1.23s
WARNING:  Option 'mip_integral_gap_abs' deprecated, please use 'mip_opt_gap_abs'.
WARNING:  Option 'mip_integral_gap_rel' deprecated, please use 'mip_opt_gap_rel'.
WARNING:  Option 'mip_integral_gap_abs' deprecated, please use 'mip_opt_gap_abs'.
WARNING:  Option 'mip_integral_gap_rel' deprecated, please use 'mip_opt_gap_rel'.
WARNING:  Option 'mip_integral_gap_abs' deprecated, please use 'mip_opt_gap_abs'.
WARNING:  Option 'mip_integral_gap_rel' deprecated, please use 'mip_opt_gap_rel'.
WARNING:  Option 'mip_integral_gap_abs' deprecated, please use 'mip_opt_gap_abs'.
WARNING:  Option 'mip_integral_gap_rel' deprecated, please use 'mip_opt_gap_rel'.
WARNING:  Option 'mip_integral_gap_abs' deprecated, please use 'mip_opt_gap_abs'.
WARNING:  Option 'mip_integral_gap_rel' deprecated, please use 'mip_opt_gap_rel'.
WARNING:  Option 'mip_integral_gap_abs' deprecated, please use 'mip_opt_gap_abs'.
WARNING:  Option 'mip_integral_gap_rel' deprecated, please use 'mip_opt_gap_rel'.
WARNING:  Option 'mip_integral_gap_abs' deprecated, please use 'mip_opt_gap_abs'.
WARNING:  Option 'mip_integral_gap_rel' deprecated, please use 'mip_opt_gap_rel'.
WARNING:  Option 'mip_integral_gap_abs' deprecated, please use 'mip_opt_gap_abs'.
WARNING:  Option 'mip_integral_gap_rel' deprecated, please use 'mip_opt_gap_rel'.
WARNING:  Option 'mip_integral_gap_abs' deprecated, please use 'mip_opt_gap_abs'.
WARNING:  Option 'mip_integral_gap_rel' deprecated, please use 'mip_opt_gap_rel'.
WARNING:  Option 'mip_integral_gap_abs' deprecated, please use 'mip_opt_gap_abs'.
WARNING:  Option 'mip_integral_gap_rel' deprecated, please use 'mip_opt_gap_rel'.
WARNING:  Option 'mip_integral_gap_abs' deprecated, please use 'mip_opt_gap_abs'.
WARNING:  Option 'mip_integral_gap_rel' deprecated, please use 'mip_opt_gap_rel'.
WARNING:  Option 'mip_integral_gap_abs' deprecated, please use 'mip_opt_gap_abs'.
WARNING:  Option 'mip_integral_gap_rel' deprecated, please use 'mip_opt_gap_rel'.
WARNING:  Option 'mip_integral_gap_abs' deprecated, please use 'mip_opt_gap_abs'.
WARNING:  Option 'mip_integral_gap_rel' deprecated, please use 'mip_opt_gap_rel'.
WARNING:  Option 'mip_integral_gap_abs' deprecated, please use 'mip_opt_gap_abs'.
WARNING:  Option 'mip_integral_gap_rel' deprecated, please use 'mip_opt_gap_rel'.
WARNING:  Option 'mip_integral_gap_abs' deprecated, please use 'mip_opt_gap_abs'.
WARNING:  Option 'mip_integral_gap_rel' deprecated, please use 'mip_opt_gap_rel'.
WARNING:  Option 'mip_integral_gap_abs' deprecated, please use 'mip_opt_gap_abs'.
WARNING:  Option 'mip_integral_gap_rel' deprecated, please use 'mip_opt_gap_rel'.
WARNING:  Option 'mip_integral_gap_abs' deprecated, please use 'mip_opt_gap_abs'.
WARNING:  Option 'mip_integral_gap_rel' deprecated, please use 'mip_opt_gap_rel'.
WARNING:  Option 'mip_integral_gap_abs' deprecated, please use 'mip_opt_gap_abs'.
WARNING:  Option 'mip_integral_gap_rel' deprecated, please use 'mip_opt_gap_rel'.
WARNING:  Option 'mip_integral_gap_abs' deprecated, please use 'mip_opt_gap_abs'.
WARNING:  Option 'mip_integral_gap_rel' deprecated, please use 'mip_opt_gap_rel'.
WARNING:  Option 'mip_integral_gap_abs' deprecated, please use 'mip_opt_gap_abs'.
WARNING:  Option 'mip_integral_gap_rel' deprecated, please use 'mip_opt_gap_rel'.
WARNING:  Option 'mip_integral_gap_abs' deprecated, please use 'mip_opt_gap_abs'.
WARNING:  Option 'mip_integral_gap_rel' deprecated, please use 'mip_opt_gap_rel'.
    [θ-eval 120, gravity-feasible 16] seqR_mean=1.09e-04 ok=false seq_time=3.95s
WARNING:  Option 'mip_integral_gap_abs' deprecated, please use 'mip_opt_gap_abs'.
WARNING:  Option 'mip_integral_gap_rel' deprecated, please use 'mip_opt_gap_rel'.
WARNING:  Option 'mip_integral_gap_abs' deprecated, please use 'mip_opt_gap_abs'.
WARNING:  Option 'mip_integral_gap_rel' deprecated, please use 'mip_opt_gap_rel'.
WARNING:  Option 'mip_integral_gap_abs' deprecated, please use 'mip_opt_gap_abs'.
WARNING:  Option 'mip_integral_gap_rel' deprecated, please use 'mip_opt_gap_rel'.
WARNING:  Option 'mip_integral_gap_abs' deprecated, please use 'mip_opt_gap_abs'.
WARNING:  Option 'mip_integral_gap_rel' deprecated, please use 'mip_opt_gap_rel'.
WARNING:  Option 'mip_integral_gap_abs' deprecated, please use 'mip_opt_gap_abs'.
WARNING:  Option 'mip_integral_gap_rel' deprecated, please use 'mip_opt_gap_rel'.
WARNING:  Option 'mip_integral_gap_abs' deprecated, please use 'mip_opt_gap_abs'.
WARNING:  Option 'mip_integral_gap_rel' deprecated, please use 'mip_opt_gap_rel'.
WARNING:  Option 'mip_integral_gap_abs' deprecated, please use 'mip_opt_gap_abs'.
WARNING:  Option 'mip_integral_gap_rel' deprecated, please use 'mip_opt_gap_rel'.
WARNING:  Option 'mip_integral_gap_abs' deprecated, please use 'mip_opt_gap_abs'.
WARNING:  Option 'mip_integral_gap_rel' deprecated, please use 'mip_opt_gap_rel'.
WARNING:  Option 'mip_integral_gap_abs' deprecated, please use 'mip_opt_gap_abs'.
WARNING:  Option 'mip_integral_gap_rel' deprecated, please use 'mip_opt_gap_rel'.
WARNING:  Option 'mip_integral_gap_abs' deprecated, please use 'mip_opt_gap_abs'.
WARNING:  Option 'mip_integral_gap_rel' deprecated, please use 'mip_opt_gap_rel'.
WARNING:  Option 'mip_integral_gap_abs' deprecated, please use 'mip_opt_gap_abs'.
WARNING:  Option 'mip_integral_gap_rel' deprecated, please use 'mip_opt_gap_rel'.
WARNING:  Option 'mip_integral_gap_abs' deprecated, please use 'mip_opt_gap_abs'.
WARNING:  Option 'mip_integral_gap_rel' deprecated, please use 'mip_opt_gap_rel'.
WARNING:  Option 'mip_integral_gap_abs' deprecated, please use 'mip_opt_gap_abs'.
WARNING:  Option 'mip_integral_gap_rel' deprecated, please use 'mip_opt_gap_rel'.
WARNING:  Option 'mip_integral_gap_abs' deprecated, please use 'mip_opt_gap_abs'.
WARNING:  Option 'mip_integral_gap_rel' deprecated, please use 'mip_opt_gap_rel'.
WARNING:  Option 'mip_integral_gap_abs' deprecated, please use 'mip_opt_gap_abs'.
WARNING:  Option 'mip_integral_gap_rel' deprecated, please use 'mip_opt_gap_rel'.
WARNING:  Option 'mip_integral_gap_abs' deprecated, please use 'mip_opt_gap_abs'.
WARNING:  Option 'mip_integral_gap_rel' deprecated, please use 'mip_opt_gap_rel'.
WARNING:  Option 'mip_integral_gap_abs' deprecated, please use 'mip_opt_gap_abs'.
WARNING:  Option 'mip_integral_gap_rel' deprecated, please use 'mip_opt_gap_rel'.
WARNING:  Option 'mip_integral_gap_abs' deprecated, please use 'mip_opt_gap_abs'.
WARNING:  Option 'mip_integral_gap_rel' deprecated, please use 'mip_opt_gap_rel'.
WARNING:  Option 'mip_integral_gap_abs' deprecated, please use 'mip_opt_gap_abs'.
WARNING:  Option 'mip_integral_gap_rel' deprecated, please use 'mip_opt_gap_rel'.
WARNING:  Option 'mip_integral_gap_abs' deprecated, please use 'mip_opt_gap_abs'.
WARNING:  Option 'mip_integral_gap_rel' deprecated, please use 'mip_opt_gap_rel'.
    [θ-eval 130, gravity-feasible 16] seqR_mean=-7.99e-07 ok=false seq_time=1.75s
WARNING:  Option 'mip_integral_gap_abs' deprecated, please use 'mip_opt_gap_abs'.
WARNING:  Option 'mip_integral_gap_rel' deprecated, please use 'mip_opt_gap_rel'.
WARNING:  Option 'mip_integral_gap_abs' deprecated, please use 'mip_opt_gap_abs'.
WARNING:  Option 'mip_integral_gap_rel' deprecated, please use 'mip_opt_gap_rel'.
WARNING:  Option 'mip_integral_gap_abs' deprecated, please use 'mip_opt_gap_abs'.
WARNING:  Option 'mip_integral_gap_rel' deprecated, please use 'mip_opt_gap_rel'.
WARNING:  Option 'mip_integral_gap_abs' deprecated, please use 'mip_opt_gap_abs'.
WARNING:  Option 'mip_integral_gap_rel' deprecated, please use 'mip_opt_gap_rel'.
WARNING:  Option 'mip_integral_gap_abs' deprecated, please use 'mip_opt_gap_abs'.
WARNING:  Option 'mip_integral_gap_rel' deprecated, please use 'mip_opt_gap_rel'.
WARNING:  Option 'mip_integral_gap_abs' deprecated, please use 'mip_opt_gap_abs'.
WARNING:  Option 'mip_integral_gap_rel' deprecated, please use 'mip_opt_gap_rel'.
WARNING:  Option 'mip_integral_gap_abs' deprecated, please use 'mip_opt_gap_abs'.
WARNING:  Option 'mip_integral_gap_rel' deprecated, please use 'mip_opt_gap_rel'.
WARNING:  Option 'mip_integral_gap_abs' deprecated, please use 'mip_opt_gap_abs'.
WARNING:  Option 'mip_integral_gap_rel' deprecated, please use 'mip_opt_gap_rel'.
WARNING:  Option 'mip_integral_gap_abs' deprecated, please use 'mip_opt_gap_abs'.
WARNING:  Option 'mip_integral_gap_rel' deprecated, please use 'mip_opt_gap_rel'.
WARNING:  Option 'mip_integral_gap_abs' deprecated, please use 'mip_opt_gap_abs'.
WARNING:  Option 'mip_integral_gap_rel' deprecated, please use 'mip_opt_gap_rel'.
WARNING:  Option 'mip_integral_gap_abs' deprecated, please use 'mip_opt_gap_abs'.
WARNING:  Option 'mip_integral_gap_rel' deprecated, please use 'mip_opt_gap_rel'.
WARNING:  Option 'mip_integral_gap_abs' deprecated, please use 'mip_opt_gap_abs'.
WARNING:  Option 'mip_integral_gap_rel' deprecated, please use 'mip_opt_gap_rel'.
WARNING:  Option 'mip_integral_gap_abs' deprecated, please use 'mip_opt_gap_abs'.
WARNING:  Option 'mip_integral_gap_rel' deprecated, please use 'mip_opt_gap_rel'.
WARNING:  Option 'mip_integral_gap_abs' deprecated, please use 'mip_opt_gap_abs'.
WARNING:  Option 'mip_integral_gap_rel' deprecated, please use 'mip_opt_gap_rel'.
WARNING:  Option 'mip_integral_gap_abs' deprecated, please use 'mip_opt_gap_abs'.
WARNING:  Option 'mip_integral_gap_rel' deprecated, please use 'mip_opt_gap_rel'.
WARNING:  Option 'mip_integral_gap_abs' deprecated, please use 'mip_opt_gap_abs'.
WARNING:  Option 'mip_integral_gap_rel' deprecated, please use 'mip_opt_gap_rel'.
WARNING:  Option 'mip_integral_gap_abs' deprecated, please use 'mip_opt_gap_abs'.
WARNING:  Option 'mip_integral_gap_rel' deprecated, please use 'mip_opt_gap_rel'.
WARNING:  Option 'mip_integral_gap_abs' deprecated, please use 'mip_opt_gap_abs'.
WARNING:  Option 'mip_integral_gap_rel' deprecated, please use 'mip_opt_gap_rel'.
WARNING:  Option 'mip_integral_gap_abs' deprecated, please use 'mip_opt_gap_abs'.
WARNING:  Option 'mip_integral_gap_rel' deprecated, please use 'mip_opt_gap_rel'.
WARNING:  Option 'mip_integral_gap_abs' deprecated, please use 'mip_opt_gap_abs'.
WARNING:  Option 'mip_integral_gap_rel' deprecated, please use 'mip_opt_gap_rel'.
WARNING:  Option 'mip_integral_gap_abs' deprecated, please use 'mip_opt_gap_abs'.
WARNING:  Option 'mip_integral_gap_rel' deprecated, please use 'mip_opt_gap_rel'.
    [θ-eval 140, gravity-feasible 17] seqR_mean=-7.25e-05 ok=false seq_time=1.27s
WARNING:  Option 'mip_integral_gap_abs' deprecated, please use 'mip_opt_gap_abs'.
WARNING:  Option 'mip_integral_gap_rel' deprecated, please use 'mip_opt_gap_rel'.
WARNING:  Option 'mip_integral_gap_abs' deprecated, please use 'mip_opt_gap_abs'.
WARNING:  Option 'mip_integral_gap_rel' deprecated, please use 'mip_opt_gap_rel'.
WARNING:  Option 'mip_integral_gap_abs' deprecated, please use 'mip_opt_gap_abs'.
WARNING:  Option 'mip_integral_gap_rel' deprecated, please use 'mip_opt_gap_rel'.
WARNING:  Option 'mip_integral_gap_abs' deprecated, please use 'mip_opt_gap_abs'.
WARNING:  Option 'mip_integral_gap_rel' deprecated, please use 'mip_opt_gap_rel'.
WARNING:  Option 'mip_integral_gap_abs' deprecated, please use 'mip_opt_gap_abs'.
WARNING:  Option 'mip_integral_gap_rel' deprecated, please use 'mip_opt_gap_rel'.
WARNING:  Option 'mip_integral_gap_abs' deprecated, please use 'mip_opt_gap_abs'.
WARNING:  Option 'mip_integral_gap_rel' deprecated, please use 'mip_opt_gap_rel'.
WARNING:  Option 'mip_integral_gap_abs' deprecated, please use 'mip_opt_gap_abs'.
WARNING:  Option 'mip_integral_gap_rel' deprecated, please use 'mip_opt_gap_rel'.
WARNING:  Option 'mip_integral_gap_abs' deprecated, please use 'mip_opt_gap_abs'.
WARNING:  Option 'mip_integral_gap_rel' deprecated, please use 'mip_opt_gap_rel'.
WARNING:  Option 'mip_integral_gap_abs' deprecated, please use 'mip_opt_gap_abs'.
WARNING:  Option 'mip_integral_gap_rel' deprecated, please use 'mip_opt_gap_rel'.
WARNING:  Option 'mip_integral_gap_abs' deprecated, please use 'mip_opt_gap_abs'.
WARNING:  Option 'mip_integral_gap_rel' deprecated, please use 'mip_opt_gap_rel'.
WARNING:  Option 'mip_integral_gap_abs' deprecated, please use 'mip_opt_gap_abs'.
WARNING:  Option 'mip_integral_gap_rel' deprecated, please use 'mip_opt_gap_rel'.
WARNING:  Option 'mip_integral_gap_abs' deprecated, please use 'mip_opt_gap_abs'.
WARNING:  Option 'mip_integral_gap_rel' deprecated, please use 'mip_opt_gap_rel'.
WARNING:  Option 'mip_integral_gap_abs' deprecated, please use 'mip_opt_gap_abs'.
WARNING:  Option 'mip_integral_gap_rel' deprecated, please use 'mip_opt_gap_rel'.
WARNING:  Option 'mip_integral_gap_abs' deprecated, please use 'mip_opt_gap_abs'.
WARNING:  Option 'mip_integral_gap_rel' deprecated, please use 'mip_opt_gap_rel'.
WARNING:  Option 'mip_integral_gap_abs' deprecated, please use 'mip_opt_gap_abs'.
WARNING:  Option 'mip_integral_gap_rel' deprecated, please use 'mip_opt_gap_rel'.
WARNING:  Option 'mip_integral_gap_abs' deprecated, please use 'mip_opt_gap_abs'.
WARNING:  Option 'mip_integral_gap_rel' deprecated, please use 'mip_opt_gap_rel'.
WARNING:  Option 'mip_integral_gap_abs' deprecated, please use 'mip_opt_gap_abs'.
WARNING:  Option 'mip_integral_gap_rel' deprecated, please use 'mip_opt_gap_rel'.
WARNING:  Option 'mip_integral_gap_abs' deprecated, please use 'mip_opt_gap_abs'.
WARNING:  Option 'mip_integral_gap_rel' deprecated, please use 'mip_opt_gap_rel'.
WARNING:  Option 'mip_integral_gap_abs' deprecated, please use 'mip_opt_gap_abs'.
WARNING:  Option 'mip_integral_gap_rel' deprecated, please use 'mip_opt_gap_rel'.
WARNING:  Option 'mip_integral_gap_abs' deprecated, please use 'mip_opt_gap_abs'.
WARNING:  Option 'mip_integral_gap_rel' deprecated, please use 'mip_opt_gap_rel'.
    [θ-eval 150, gravity-feasible 17] seqR_mean=2.63e-07 ok=false seq_time=2.14s
WARNING:  Option 'mip_integral_gap_abs' deprecated, please use 'mip_opt_gap_abs'.
WARNING:  Option 'mip_integral_gap_rel' deprecated, please use 'mip_opt_gap_rel'.
WARNING:  Option 'mip_integral_gap_abs' deprecated, please use 'mip_opt_gap_abs'.
WARNING:  Option 'mip_integral_gap_rel' deprecated, please use 'mip_opt_gap_rel'.
WARNING:  Option 'mip_integral_gap_abs' deprecated, please use 'mip_opt_gap_abs'.
WARNING:  Option 'mip_integral_gap_rel' deprecated, please use 'mip_opt_gap_rel'.
WARNING:  Option 'mip_integral_gap_abs' deprecated, please use 'mip_opt_gap_abs'.
WARNING:  Option 'mip_integral_gap_rel' deprecated, please use 'mip_opt_gap_rel'.
WARNING:  Option 'mip_integral_gap_abs' deprecated, please use 'mip_opt_gap_abs'.
WARNING:  Option 'mip_integral_gap_rel' deprecated, please use 'mip_opt_gap_rel'.
WARNING:  Option 'mip_integral_gap_abs' deprecated, please use 'mip_opt_gap_abs'.
WARNING:  Option 'mip_integral_gap_rel' deprecated, please use 'mip_opt_gap_rel'.
WARNING:  Option 'mip_integral_gap_abs' deprecated, please use 'mip_opt_gap_abs'.
WARNING:  Option 'mip_integral_gap_rel' deprecated, please use 'mip_opt_gap_rel'.
WARNING:  Option 'mip_integral_gap_abs' deprecated, please use 'mip_opt_gap_abs'.
WARNING:  Option 'mip_integral_gap_rel' deprecated, please use 'mip_opt_gap_rel'.
WARNING:  Option 'mip_integral_gap_abs' deprecated, please use 'mip_opt_gap_abs'.
WARNING:  Option 'mip_integral_gap_rel' deprecated, please use 'mip_opt_gap_rel'.
WARNING:  Option 'mip_integral_gap_abs' deprecated, please use 'mip_opt_gap_abs'.
WARNING:  Option 'mip_integral_gap_rel' deprecated, please use 'mip_opt_gap_rel'.
WARNING:  Option 'mip_integral_gap_abs' deprecated, please use 'mip_opt_gap_abs'.
WARNING:  Option 'mip_integral_gap_rel' deprecated, please use 'mip_opt_gap_rel'.
WARNING:  Option 'mip_integral_gap_abs' deprecated, please use 'mip_opt_gap_abs'.
WARNING:  Option 'mip_integral_gap_rel' deprecated, please use 'mip_opt_gap_rel'.
WARNING:  Option 'mip_integral_gap_abs' deprecated, please use 'mip_opt_gap_abs'.
WARNING:  Option 'mip_integral_gap_rel' deprecated, please use 'mip_opt_gap_rel'.
WARNING:  Option 'mip_integral_gap_abs' deprecated, please use 'mip_opt_gap_abs'.
WARNING:  Option 'mip_integral_gap_rel' deprecated, please use 'mip_opt_gap_rel'.
WARNING:  Option 'mip_integral_gap_abs' deprecated, please use 'mip_opt_gap_abs'.
WARNING:  Option 'mip_integral_gap_rel' deprecated, please use 'mip_opt_gap_rel'.
WARNING:  Option 'mip_integral_gap_abs' deprecated, please use 'mip_opt_gap_abs'.
WARNING:  Option 'mip_integral_gap_rel' deprecated, please use 'mip_opt_gap_rel'.
WARNING:  Option 'mip_integral_gap_abs' deprecated, please use 'mip_opt_gap_abs'.
WARNING:  Option 'mip_integral_gap_rel' deprecated, please use 'mip_opt_gap_rel'.
WARNING:  Option 'mip_integral_gap_abs' deprecated, please use 'mip_opt_gap_abs'.
WARNING:  Option 'mip_integral_gap_rel' deprecated, please use 'mip_opt_gap_rel'.
WARNING:  Option 'mip_integral_gap_abs' deprecated, please use 'mip_opt_gap_abs'.
WARNING:  Option 'mip_integral_gap_rel' deprecated, please use 'mip_opt_gap_rel'.
WARNING:  Option 'mip_integral_gap_abs' deprecated, please use 'mip_opt_gap_abs'.
WARNING:  Option 'mip_integral_gap_rel' deprecated, please use 'mip_opt_gap_rel'.
WARNING:  Option 'mip_integral_gap_abs' deprecated, please use 'mip_opt_gap_abs'.
WARNING:  Option 'mip_integral_gap_rel' deprecated, please use 'mip_opt_gap_rel'.
WARNING:  Option 'mip_integral_gap_abs' deprecated, please use 'mip_opt_gap_abs'.
WARNING:  Option 'mip_integral_gap_rel' deprecated, please use 'mip_opt_gap_rel'.
WARNING:  Option 'mip_integral_gap_abs' deprecated, please use 'mip_opt_gap_abs'.
WARNING:  Option 'mip_integral_gap_rel' deprecated, please use 'mip_opt_gap_rel'.
WARNING:  Option 'mip_integral_gap_abs' deprecated, please use 'mip_opt_gap_abs'.
WARNING:  Option 'mip_integral_gap_rel' deprecated, please use 'mip_opt_gap_rel'.
WARNING:  Option 'mip_integral_gap_abs' deprecated, please use 'mip_opt_gap_abs'.
WARNING:  Option 'mip_integral_gap_rel' deprecated, please use 'mip_opt_gap_rel'.
WARNING:  Option 'mip_integral_gap_abs' deprecated, please use 'mip_opt_gap_abs'.
WARNING:  Option 'mip_integral_gap_rel' deprecated, please use 'mip_opt_gap_rel'.
    [θ-eval 160, gravity-feasible 22] seqR_mean=7.93e-06 ok=true seq_time=1.17s
WARNING:  Option 'mip_integral_gap_abs' deprecated, please use 'mip_opt_gap_abs'.
WARNING:  Option 'mip_integral_gap_rel' deprecated, please use 'mip_opt_gap_rel'.
WARNING:  Option 'mip_integral_gap_abs' deprecated, please use 'mip_opt_gap_abs'.
WARNING:  Option 'mip_integral_gap_rel' deprecated, please use 'mip_opt_gap_rel'.
WARNING:  Option 'mip_integral_gap_abs' deprecated, please use 'mip_opt_gap_abs'.
WARNING:  Option 'mip_integral_gap_rel' deprecated, please use 'mip_opt_gap_rel'.
WARNING:  Option 'mip_integral_gap_abs' deprecated, please use 'mip_opt_gap_abs'.
WARNING:  Option 'mip_integral_gap_rel' deprecated, please use 'mip_opt_gap_rel'.
WARNING:  Option 'mip_integral_gap_abs' deprecated, please use 'mip_opt_gap_abs'.
WARNING:  Option 'mip_integral_gap_rel' deprecated, please use 'mip_opt_gap_rel'.
WARNING:  Option 'mip_integral_gap_abs' deprecated, please use 'mip_opt_gap_abs'.
WARNING:  Option 'mip_integral_gap_rel' deprecated, please use 'mip_opt_gap_rel'.
WARNING:  Option 'mip_integral_gap_abs' deprecated, please use 'mip_opt_gap_abs'.
WARNING:  Option 'mip_integral_gap_rel' deprecated, please use 'mip_opt_gap_rel'.
WARNING:  Option 'mip_integral_gap_abs' deprecated, please use 'mip_opt_gap_abs'.
WARNING:  Option 'mip_integral_gap_rel' deprecated, please use 'mip_opt_gap_rel'.
WARNING:  Option 'mip_integral_gap_abs' deprecated, please use 'mip_opt_gap_abs'.
WARNING:  Option 'mip_integral_gap_rel' deprecated, please use 'mip_opt_gap_rel'.
WARNING:  Option 'mip_integral_gap_abs' deprecated, please use 'mip_opt_gap_abs'.
WARNING:  Option 'mip_integral_gap_rel' deprecated, please use 'mip_opt_gap_rel'.
WARNING:  Option 'mip_integral_gap_abs' deprecated, please use 'mip_opt_gap_abs'.
WARNING:  Option 'mip_integral_gap_rel' deprecated, please use 'mip_opt_gap_rel'.
WARNING:  Option 'mip_integral_gap_abs' deprecated, please use 'mip_opt_gap_abs'.
WARNING:  Option 'mip_integral_gap_rel' deprecated, please use 'mip_opt_gap_rel'.
WARNING:  Option 'mip_integral_gap_abs' deprecated, please use 'mip_opt_gap_abs'.
WARNING:  Option 'mip_integral_gap_rel' deprecated, please use 'mip_opt_gap_rel'.
WARNING:  Option 'mip_integral_gap_abs' deprecated, please use 'mip_opt_gap_abs'.
WARNING:  Option 'mip_integral_gap_rel' deprecated, please use 'mip_opt_gap_rel'.
WARNING:  Option 'mip_integral_gap_abs' deprecated, please use 'mip_opt_gap_abs'.
WARNING:  Option 'mip_integral_gap_rel' deprecated, please use 'mip_opt_gap_rel'.
WARNING:  Option 'mip_integral_gap_abs' deprecated, please use 'mip_opt_gap_abs'.
WARNING:  Option 'mip_integral_gap_rel' deprecated, please use 'mip_opt_gap_rel'.
WARNING:  Option 'mip_integral_gap_abs' deprecated, please use 'mip_opt_gap_abs'.
WARNING:  Option 'mip_integral_gap_rel' deprecated, please use 'mip_opt_gap_rel'.
WARNING:  Option 'mip_integral_gap_abs' deprecated, please use 'mip_opt_gap_abs'.
WARNING:  Option 'mip_integral_gap_rel' deprecated, please use 'mip_opt_gap_rel'.
WARNING:  Option 'mip_integral_gap_abs' deprecated, please use 'mip_opt_gap_abs'.
WARNING:  Option 'mip_integral_gap_rel' deprecated, please use 'mip_opt_gap_rel'.
WARNING:  Option 'mip_integral_gap_abs' deprecated, please use 'mip_opt_gap_abs'.
WARNING:  Option 'mip_integral_gap_rel' deprecated, please use 'mip_opt_gap_rel'.
    [θ-eval 170, gravity-feasible 32] seqR_mean=1.06e-05 ok=true seq_time=2.47s
WARNING:  Option 'mip_integral_gap_abs' deprecated, please use 'mip_opt_gap_abs'.
WARNING:  Option 'mip_integral_gap_rel' deprecated, please use 'mip_opt_gap_rel'.
WARNING:  Option 'mip_integral_gap_abs' deprecated, please use 'mip_opt_gap_abs'.
WARNING:  Option 'mip_integral_gap_rel' deprecated, please use 'mip_opt_gap_rel'.
WARNING:  Option 'mip_integral_gap_abs' deprecated, please use 'mip_opt_gap_abs'.
WARNING:  Option 'mip_integral_gap_rel' deprecated, please use 'mip_opt_gap_rel'.
WARNING:  Option 'mip_integral_gap_abs' deprecated, please use 'mip_opt_gap_abs'.
WARNING:  Option 'mip_integral_gap_rel' deprecated, please use 'mip_opt_gap_rel'.
WARNING:  Option 'mip_integral_gap_abs' deprecated, please use 'mip_opt_gap_abs'.
WARNING:  Option 'mip_integral_gap_rel' deprecated, please use 'mip_opt_gap_rel'.
WARNING:  Option 'mip_integral_gap_abs' deprecated, please use 'mip_opt_gap_abs'.
WARNING:  Option 'mip_integral_gap_rel' deprecated, please use 'mip_opt_gap_rel'.
WARNING:  Option 'mip_integral_gap_abs' deprecated, please use 'mip_opt_gap_abs'.
WARNING:  Option 'mip_integral_gap_rel' deprecated, please use 'mip_opt_gap_rel'.
WARNING:  Option 'mip_integral_gap_abs' deprecated, please use 'mip_opt_gap_abs'.
WARNING:  Option 'mip_integral_gap_rel' deprecated, please use 'mip_opt_gap_rel'.
WARNING:  Option 'mip_integral_gap_abs' deprecated, please use 'mip_opt_gap_abs'.
WARNING:  Option 'mip_integral_gap_rel' deprecated, please use 'mip_opt_gap_rel'.
WARNING:  Option 'mip_integral_gap_abs' deprecated, please use 'mip_opt_gap_abs'.
WARNING:  Option 'mip_integral_gap_rel' deprecated, please use 'mip_opt_gap_rel'.
WARNING:  Option 'mip_integral_gap_abs' deprecated, please use 'mip_opt_gap_abs'.
WARNING:  Option 'mip_integral_gap_rel' deprecated, please use 'mip_opt_gap_rel'.
WARNING:  Option 'mip_integral_gap_abs' deprecated, please use 'mip_opt_gap_abs'.
WARNING:  Option 'mip_integral_gap_rel' deprecated, please use 'mip_opt_gap_rel'.
WARNING:  Option 'mip_integral_gap_abs' deprecated, please use 'mip_opt_gap_abs'.
WARNING:  Option 'mip_integral_gap_rel' deprecated, please use 'mip_opt_gap_rel'.
WARNING:  Option 'mip_integral_gap_abs' deprecated, please use 'mip_opt_gap_abs'.
WARNING:  Option 'mip_integral_gap_rel' deprecated, please use 'mip_opt_gap_rel'.
WARNING:  Option 'mip_integral_gap_abs' deprecated, please use 'mip_opt_gap_abs'.
WARNING:  Option 'mip_integral_gap_rel' deprecated, please use 'mip_opt_gap_rel'.
WARNING:  Option 'mip_integral_gap_abs' deprecated, please use 'mip_opt_gap_abs'.
WARNING:  Option 'mip_integral_gap_rel' deprecated, please use 'mip_opt_gap_rel'.
WARNING:  Option 'mip_integral_gap_abs' deprecated, please use 'mip_opt_gap_abs'.
WARNING:  Option 'mip_integral_gap_rel' deprecated, please use 'mip_opt_gap_rel'.
WARNING:  Option 'mip_integral_gap_abs' deprecated, please use 'mip_opt_gap_abs'.
WARNING:  Option 'mip_integral_gap_rel' deprecated, please use 'mip_opt_gap_rel'.
WARNING:  Option 'mip_integral_gap_abs' deprecated, please use 'mip_opt_gap_abs'.
WARNING:  Option 'mip_integral_gap_rel' deprecated, please use 'mip_opt_gap_rel'.
WARNING:  Option 'mip_integral_gap_abs' deprecated, please use 'mip_opt_gap_abs'.
WARNING:  Option 'mip_integral_gap_rel' deprecated, please use 'mip_opt_gap_rel'.
    [θ-eval 180, gravity-feasible 42] seqR_mean=1.18e-05 ok=true seq_time=1.01s
WARNING:  Option 'mip_integral_gap_abs' deprecated, please use 'mip_opt_gap_abs'.
WARNING:  Option 'mip_integral_gap_rel' deprecated, please use 'mip_opt_gap_rel'.
WARNING:  Option 'mip_integral_gap_abs' deprecated, please use 'mip_opt_gap_abs'.
WARNING:  Option 'mip_integral_gap_rel' deprecated, please use 'mip_opt_gap_rel'.
WARNING:  Option 'mip_integral_gap_abs' deprecated, please use 'mip_opt_gap_abs'.
WARNING:  Option 'mip_integral_gap_rel' deprecated, please use 'mip_opt_gap_rel'.
WARNING:  Option 'mip_integral_gap_abs' deprecated, please use 'mip_opt_gap_abs'.
WARNING:  Option 'mip_integral_gap_rel' deprecated, please use 'mip_opt_gap_rel'.
WARNING:  Option 'mip_integral_gap_abs' deprecated, please use 'mip_opt_gap_abs'.
WARNING:  Option 'mip_integral_gap_rel' deprecated, please use 'mip_opt_gap_rel'.
WARNING:  Option 'mip_integral_gap_abs' deprecated, please use 'mip_opt_gap_abs'.
WARNING:  Option 'mip_integral_gap_rel' deprecated, please use 'mip_opt_gap_rel'.
WARNING:  Option 'mip_integral_gap_abs' deprecated, please use 'mip_opt_gap_abs'.
WARNING:  Option 'mip_integral_gap_rel' deprecated, please use 'mip_opt_gap_rel'.
WARNING:  Option 'mip_integral_gap_abs' deprecated, please use 'mip_opt_gap_abs'.
WARNING:  Option 'mip_integral_gap_rel' deprecated, please use 'mip_opt_gap_rel'.
WARNING:  Option 'mip_integral_gap_abs' deprecated, please use 'mip_opt_gap_abs'.
WARNING:  Option 'mip_integral_gap_rel' deprecated, please use 'mip_opt_gap_rel'.
WARNING:  Option 'mip_integral_gap_abs' deprecated, please use 'mip_opt_gap_abs'.
WARNING:  Option 'mip_integral_gap_rel' deprecated, please use 'mip_opt_gap_rel'.
WARNING:  Option 'mip_integral_gap_abs' deprecated, please use 'mip_opt_gap_abs'.
WARNING:  Option 'mip_integral_gap_rel' deprecated, please use 'mip_opt_gap_rel'.
WARNING:  Option 'mip_integral_gap_abs' deprecated, please use 'mip_opt_gap_abs'.
WARNING:  Option 'mip_integral_gap_rel' deprecated, please use 'mip_opt_gap_rel'.
WARNING:  Option 'mip_integral_gap_abs' deprecated, please use 'mip_opt_gap_abs'.
WARNING:  Option 'mip_integral_gap_rel' deprecated, please use 'mip_opt_gap_rel'.
WARNING:  Option 'mip_integral_gap_abs' deprecated, please use 'mip_opt_gap_abs'.
WARNING:  Option 'mip_integral_gap_rel' deprecated, please use 'mip_opt_gap_rel'.
WARNING:  Option 'mip_integral_gap_abs' deprecated, please use 'mip_opt_gap_abs'.
WARNING:  Option 'mip_integral_gap_rel' deprecated, please use 'mip_opt_gap_rel'.
WARNING:  Option 'mip_integral_gap_abs' deprecated, please use 'mip_opt_gap_abs'.
WARNING:  Option 'mip_integral_gap_rel' deprecated, please use 'mip_opt_gap_rel'.
WARNING:  Option 'mip_integral_gap_abs' deprecated, please use 'mip_opt_gap_abs'.
WARNING:  Option 'mip_integral_gap_rel' deprecated, please use 'mip_opt_gap_rel'.
WARNING:  Option 'mip_integral_gap_abs' deprecated, please use 'mip_opt_gap_abs'.
WARNING:  Option 'mip_integral_gap_rel' deprecated, please use 'mip_opt_gap_rel'.
WARNING:  Option 'mip_integral_gap_abs' deprecated, please use 'mip_opt_gap_abs'.
WARNING:  Option 'mip_integral_gap_rel' deprecated, please use 'mip_opt_gap_rel'.
WARNING:  Option 'mip_integral_gap_abs' deprecated, please use 'mip_opt_gap_abs'.
WARNING:  Option 'mip_integral_gap_rel' deprecated, please use 'mip_opt_gap_rel'.
WARNING:  Option 'mip_integral_gap_abs' deprecated, please use 'mip_opt_gap_abs'.
WARNING:  Option 'mip_integral_gap_rel' deprecated, please use 'mip_opt_gap_rel'.
    [θ-eval 190, gravity-feasible 52] seqR_mean=9.67e-06 ok=true seq_time=2.59s
WARNING:  Option 'mip_integral_gap_abs' deprecated, please use 'mip_opt_gap_abs'.
WARNING:  Option 'mip_integral_gap_rel' deprecated, please use 'mip_opt_gap_rel'.
WARNING:  Option 'mip_integral_gap_abs' deprecated, please use 'mip_opt_gap_abs'.
WARNING:  Option 'mip_integral_gap_rel' deprecated, please use 'mip_opt_gap_rel'.
WARNING:  Option 'mip_integral_gap_abs' deprecated, please use 'mip_opt_gap_abs'.
WARNING:  Option 'mip_integral_gap_rel' deprecated, please use 'mip_opt_gap_rel'.
WARNING:  Option 'mip_integral_gap_abs' deprecated, please use 'mip_opt_gap_abs'.
WARNING:  Option 'mip_integral_gap_rel' deprecated, please use 'mip_opt_gap_rel'.
WARNING:  Option 'mip_integral_gap_abs' deprecated, please use 'mip_opt_gap_abs'.
WARNING:  Option 'mip_integral_gap_rel' deprecated, please use 'mip_opt_gap_rel'.
WARNING:  Option 'mip_integral_gap_abs' deprecated, please use 'mip_opt_gap_abs'.
WARNING:  Option 'mip_integral_gap_rel' deprecated, please use 'mip_opt_gap_rel'.
WARNING:  Option 'mip_integral_gap_abs' deprecated, please use 'mip_opt_gap_abs'.
WARNING:  Option 'mip_integral_gap_rel' deprecated, please use 'mip_opt_gap_rel'.
WARNING:  Option 'mip_integral_gap_abs' deprecated, please use 'mip_opt_gap_abs'.
WARNING:  Option 'mip_integral_gap_rel' deprecated, please use 'mip_opt_gap_rel'.
WARNING:  Option 'mip_integral_gap_abs' deprecated, please use 'mip_opt_gap_abs'.
WARNING:  Option 'mip_integral_gap_rel' deprecated, please use 'mip_opt_gap_rel'.
WARNING:  Option 'mip_integral_gap_abs' deprecated, please use 'mip_opt_gap_abs'.
WARNING:  Option 'mip_integral_gap_rel' deprecated, please use 'mip_opt_gap_rel'.
WARNING:  Option 'mip_integral_gap_abs' deprecated, please use 'mip_opt_gap_abs'.
WARNING:  Option 'mip_integral_gap_rel' deprecated, please use 'mip_opt_gap_rel'.
WARNING:  Option 'mip_integral_gap_abs' deprecated, please use 'mip_opt_gap_abs'.
WARNING:  Option 'mip_integral_gap_rel' deprecated, please use 'mip_opt_gap_rel'.
WARNING:  Option 'mip_integral_gap_abs' deprecated, please use 'mip_opt_gap_abs'.
WARNING:  Option 'mip_integral_gap_rel' deprecated, please use 'mip_opt_gap_rel'.
WARNING:  Option 'mip_integral_gap_abs' deprecated, please use 'mip_opt_gap_abs'.
WARNING:  Option 'mip_integral_gap_rel' deprecated, please use 'mip_opt_gap_rel'.
WARNING:  Option 'mip_integral_gap_abs' deprecated, please use 'mip_opt_gap_abs'.
WARNING:  Option 'mip_integral_gap_rel' deprecated, please use 'mip_opt_gap_rel'.
WARNING:  Option 'mip_integral_gap_abs' deprecated, please use 'mip_opt_gap_abs'.
WARNING:  Option 'mip_integral_gap_rel' deprecated, please use 'mip_opt_gap_rel'.
WARNING:  Option 'mip_integral_gap_abs' deprecated, please use 'mip_opt_gap_abs'.
WARNING:  Option 'mip_integral_gap_rel' deprecated, please use 'mip_opt_gap_rel'.
WARNING:  Option 'mip_integral_gap_abs' deprecated, please use 'mip_opt_gap_abs'.
WARNING:  Option 'mip_integral_gap_rel' deprecated, please use 'mip_opt_gap_rel'.
WARNING:  Option 'mip_integral_gap_abs' deprecated, please use 'mip_opt_gap_abs'.
WARNING:  Option 'mip_integral_gap_rel' deprecated, please use 'mip_opt_gap_rel'.
WARNING:  Option 'mip_integral_gap_abs' deprecated, please use 'mip_opt_gap_abs'.
WARNING:  Option 'mip_integral_gap_rel' deprecated, please use 'mip_opt_gap_rel'.
    [θ-eval 200, gravity-feasible 62] seqR_mean=2.44e-05 ok=true seq_time=1.27s
WARNING:  Option 'mip_integral_gap_abs' deprecated, please use 'mip_opt_gap_abs'.
WARNING:  Option 'mip_integral_gap_rel' deprecated, please use 'mip_opt_gap_rel'.
WARNING:  Option 'mip_integral_gap_abs' deprecated, please use 'mip_opt_gap_abs'.
WARNING:  Option 'mip_integral_gap_rel' deprecated, please use 'mip_opt_gap_rel'.
WARNING:  Option 'mip_integral_gap_abs' deprecated, please use 'mip_opt_gap_abs'.
WARNING:  Option 'mip_integral_gap_rel' deprecated, please use 'mip_opt_gap_rel'.
WARNING:  Option 'mip_integral_gap_abs' deprecated, please use 'mip_opt_gap_abs'.
WARNING:  Option 'mip_integral_gap_rel' deprecated, please use 'mip_opt_gap_rel'.
WARNING:  Option 'mip_integral_gap_abs' deprecated, please use 'mip_opt_gap_abs'.
WARNING:  Option 'mip_integral_gap_rel' deprecated, please use 'mip_opt_gap_rel'.
WARNING:  Option 'mip_integral_gap_abs' deprecated, please use 'mip_opt_gap_abs'.
WARNING:  Option 'mip_integral_gap_rel' deprecated, please use 'mip_opt_gap_rel'.
WARNING:  Option 'mip_integral_gap_abs' deprecated, please use 'mip_opt_gap_abs'.
WARNING:  Option 'mip_integral_gap_rel' deprecated, please use 'mip_opt_gap_rel'.
WARNING:  Option 'mip_integral_gap_abs' deprecated, please use 'mip_opt_gap_abs'.
WARNING:  Option 'mip_integral_gap_rel' deprecated, please use 'mip_opt_gap_rel'.
WARNING:  Option 'mip_integral_gap_abs' deprecated, please use 'mip_opt_gap_abs'.
WARNING:  Option 'mip_integral_gap_rel' deprecated, please use 'mip_opt_gap_rel'.
WARNING:  Option 'mip_integral_gap_abs' deprecated, please use 'mip_opt_gap_abs'.
WARNING:  Option 'mip_integral_gap_rel' deprecated, please use 'mip_opt_gap_rel'.
WARNING:  Option 'mip_integral_gap_abs' deprecated, please use 'mip_opt_gap_abs'.
WARNING:  Option 'mip_integral_gap_rel' deprecated, please use 'mip_opt_gap_rel'.
WARNING:  Option 'mip_integral_gap_abs' deprecated, please use 'mip_opt_gap_abs'.
WARNING:  Option 'mip_integral_gap_rel' deprecated, please use 'mip_opt_gap_rel'.
WARNING:  Option 'mip_integral_gap_abs' deprecated, please use 'mip_opt_gap_abs'.
WARNING:  Option 'mip_integral_gap_rel' deprecated, please use 'mip_opt_gap_rel'.
WARNING:  Option 'mip_integral_gap_abs' deprecated, please use 'mip_opt_gap_abs'.
WARNING:  Option 'mip_integral_gap_rel' deprecated, please use 'mip_opt_gap_rel'.
WARNING:  Option 'mip_integral_gap_abs' deprecated, please use 'mip_opt_gap_abs'.
WARNING:  Option 'mip_integral_gap_rel' deprecated, please use 'mip_opt_gap_rel'.
WARNING:  Option 'mip_integral_gap_abs' deprecated, please use 'mip_opt_gap_abs'.
WARNING:  Option 'mip_integral_gap_rel' deprecated, please use 'mip_opt_gap_rel'.
WARNING:  Option 'mip_integral_gap_abs' deprecated, please use 'mip_opt_gap_abs'.
WARNING:  Option 'mip_integral_gap_rel' deprecated, please use 'mip_opt_gap_rel'.
WARNING:  Option 'mip_integral_gap_abs' deprecated, please use 'mip_opt_gap_abs'.
WARNING:  Option 'mip_integral_gap_rel' deprecated, please use 'mip_opt_gap_rel'.
WARNING:  Option 'mip_integral_gap_abs' deprecated, please use 'mip_opt_gap_abs'.
WARNING:  Option 'mip_integral_gap_rel' deprecated, please use 'mip_opt_gap_rel'.
WARNING:  Option 'mip_integral_gap_abs' deprecated, please use 'mip_opt_gap_abs'.
WARNING:  Option 'mip_integral_gap_rel' deprecated, please use 'mip_opt_gap_rel'.
    [θ-eval 210, gravity-feasible 72] seqR_mean=3.70e-07 ok=true seq_time=1.30s
WARNING:  Option 'mip_integral_gap_abs' deprecated, please use 'mip_opt_gap_abs'.
WARNING:  Option 'mip_integral_gap_rel' deprecated, please use 'mip_opt_gap_rel'.
WARNING:  Option 'mip_integral_gap_abs' deprecated, please use 'mip_opt_gap_abs'.
WARNING:  Option 'mip_integral_gap_rel' deprecated, please use 'mip_opt_gap_rel'.
WARNING:  Option 'mip_integral_gap_abs' deprecated, please use 'mip_opt_gap_abs'.
WARNING:  Option 'mip_integral_gap_rel' deprecated, please use 'mip_opt_gap_rel'.
WARNING:  Option 'mip_integral_gap_abs' deprecated, please use 'mip_opt_gap_abs'.
WARNING:  Option 'mip_integral_gap_rel' deprecated, please use 'mip_opt_gap_rel'.
WARNING:  Option 'mip_integral_gap_abs' deprecated, please use 'mip_opt_gap_abs'.
WARNING:  Option 'mip_integral_gap_rel' deprecated, please use 'mip_opt_gap_rel'.
WARNING:  Option 'mip_integral_gap_abs' deprecated, please use 'mip_opt_gap_abs'.
WARNING:  Option 'mip_integral_gap_rel' deprecated, please use 'mip_opt_gap_rel'.
---- lower bound cache stats ----
total callback invocations : 212
unique free-x points       : 211
inner solves                : 212  (warm=0 cold=212)
gradient computations      : 212
cache hits / misses         : 0 / 212
inner-solve time (s)       : 569.429
gradient time (s)          : 13.686
inner solves / unique x     : 1.005
WARNING:  Option 'mip_integral_gap_abs' deprecated, please use 'mip_opt_gap_abs'.
WARNING:  Option 'mip_integral_gap_rel' deprecated, please use 'mip_opt_gap_rel'.
  KNITRO:        gamma'_lower = 0.942549 -> kappa = 0.093906  (status -102)  exact R_mean(θ*) = 4.236e-04  gravity-feasible=true  wall 584.6s
  seq timing:    dest_inversion=1573.68s (n=3303, nonconverged=0)  influence_fn=199.65s  gravity_residual=0.01s
  best-feasible: gamma'_lower = 0.977265 -> kappa = 0.037604  exact R_mean = 6.977e-05  gravity-feasible=true

----- lower bound: gamma'_focal MAXIMIZED, delta=10 (warm-started) -----
WARNING:  Option 'mip_integral_gap_abs' deprecated, please use 'mip_opt_gap_abs'.
WARNING:  Option 'mip_integral_gap_rel' deprecated, please use 'mip_opt_gap_rel'.
WARNING:  Option 'mip_integral_gap_abs' deprecated, please use 'mip_opt_gap_abs'.
WARNING:  Option 'mip_integral_gap_rel' deprecated, please use 'mip_opt_gap_rel'.
WARNING:  Option 'mip_integral_gap_abs' deprecated, please use 'mip_opt_gap_abs'.
WARNING:  Option 'mip_integral_gap_rel' deprecated, please use 'mip_opt_gap_rel'.
WARNING:  Option 'mip_integral_gap_abs' deprecated, please use 'mip_opt_gap_abs'.
WARNING:  Option 'mip_integral_gap_rel' deprecated, please use 'mip_opt_gap_rel'.
WARNING:  Option 'mip_integral_gap_abs' deprecated, please use 'mip_opt_gap_abs'.
WARNING:  Option 'mip_integral_gap_rel' deprecated, please use 'mip_opt_gap_rel'.
WARNING:  Option 'mip_integral_gap_abs' deprecated, please use 'mip_opt_gap_abs'.
WARNING:  Option 'mip_integral_gap_rel' deprecated, please use 'mip_opt_gap_rel'.
WARNING:  Option 'mip_integral_gap_abs' deprecated, please use 'mip_opt_gap_abs'.
WARNING:  Option 'mip_integral_gap_rel' deprecated, please use 'mip_opt_gap_rel'.
WARNING:  Option 'mip_integral_gap_abs' deprecated, please use 'mip_opt_gap_abs'.
WARNING:  Option 'mip_integral_gap_rel' deprecated, please use 'mip_opt_gap_rel'.
WARNING:  Option 'mip_integral_gap_abs' deprecated, please use 'mip_opt_gap_abs'.
WARNING:  Option 'mip_integral_gap_rel' deprecated, please use 'mip_opt_gap_rel'.
WARNING:  Option 'mip_integral_gap_abs' deprecated, please use 'mip_opt_gap_abs'.
WARNING:  Option 'mip_integral_gap_rel' deprecated, please use 'mip_opt_gap_rel'.
WARNING:  Option 'mip_integral_gap_abs' deprecated, please use 'mip_opt_gap_abs'.
WARNING:  Option 'mip_integral_gap_rel' deprecated, please use 'mip_opt_gap_rel'.
WARNING:  Option 'mip_integral_gap_abs' deprecated, please use 'mip_opt_gap_abs'.
WARNING:  Option 'mip_integral_gap_rel' deprecated, please use 'mip_opt_gap_rel'.
WARNING:  Option 'mip_integral_gap_abs' deprecated, please use 'mip_opt_gap_abs'.
WARNING:  Option 'mip_integral_gap_rel' deprecated, please use 'mip_opt_gap_rel'.
WARNING:  Option 'mip_integral_gap_abs' deprecated, please use 'mip_opt_gap_abs'.
WARNING:  Option 'mip_integral_gap_rel' deprecated, please use 'mip_opt_gap_rel'.
WARNING:  Option 'mip_integral_gap_abs' deprecated, please use 'mip_opt_gap_abs'.
WARNING:  Option 'mip_integral_gap_rel' deprecated, please use 'mip_opt_gap_rel'.
WARNING:  Option 'mip_integral_gap_abs' deprecated, please use 'mip_opt_gap_abs'.
WARNING:  Option 'mip_integral_gap_rel' deprecated, please use 'mip_opt_gap_rel'.
WARNING:  Option 'mip_integral_gap_abs' deprecated, please use 'mip_opt_gap_abs'.
WARNING:  Option 'mip_integral_gap_rel' deprecated, please use 'mip_opt_gap_rel'.
WARNING:  Option 'mip_integral_gap_abs' deprecated, please use 'mip_opt_gap_abs'.
WARNING:  Option 'mip_integral_gap_rel' deprecated, please use 'mip_opt_gap_rel'.
WARNING:  Option 'mip_integral_gap_abs' deprecated, please use 'mip_opt_gap_abs'.
WARNING:  Option 'mip_integral_gap_rel' deprecated, please use 'mip_opt_gap_rel'.
WARNING:  Option 'mip_integral_gap_abs' deprecated, please use 'mip_opt_gap_abs'.
WARNING:  Option 'mip_integral_gap_rel' deprecated, please use 'mip_opt_gap_rel'.
WARNING:  Option 'mip_integral_gap_abs' deprecated, please use 'mip_opt_gap_abs'.
WARNING:  Option 'mip_integral_gap_rel' deprecated, please use 'mip_opt_gap_rel'.
WARNING:  Option 'mip_integral_gap_abs' deprecated, please use 'mip_opt_gap_abs'.
WARNING:  Option 'mip_integral_gap_rel' deprecated, please use 'mip_opt_gap_rel'.
WARNING:  Option 'mip_integral_gap_abs' deprecated, please use 'mip_opt_gap_abs'.
WARNING:  Option 'mip_integral_gap_rel' deprecated, please use 'mip_opt_gap_rel'.
WARNING:  Option 'mip_integral_gap_abs' deprecated, please use 'mip_opt_gap_abs'.
WARNING:  Option 'mip_integral_gap_rel' deprecated, please use 'mip_opt_gap_rel'.
WARNING:  Option 'mip_integral_gap_abs' deprecated, please use 'mip_opt_gap_abs'.
WARNING:  Option 'mip_integral_gap_rel' deprecated, please use 'mip_opt_gap_rel'.
WARNING:  Option 'mip_integral_gap_abs' deprecated, please use 'mip_opt_gap_abs'.
WARNING:  Option 'mip_integral_gap_rel' deprecated, please use 'mip_opt_gap_rel'.
WARNING:  Option 'mip_integral_gap_abs' deprecated, please use 'mip_opt_gap_abs'.
WARNING:  Option 'mip_integral_gap_rel' deprecated, please use 'mip_opt_gap_rel'.
WARNING:  Option 'mip_integral_gap_abs' deprecated, please use 'mip_opt_gap_abs'.
WARNING:  Option 'mip_integral_gap_rel' deprecated, please use 'mip_opt_gap_rel'.
WARNING:  Option 'mip_integral_gap_abs' deprecated, please use 'mip_opt_gap_abs'.
WARNING:  Option 'mip_integral_gap_rel' deprecated, please use 'mip_opt_gap_rel'.
WARNING:  Option 'mip_integral_gap_abs' deprecated, please use 'mip_opt_gap_abs'.
WARNING:  Option 'mip_integral_gap_rel' deprecated, please use 'mip_opt_gap_rel'.
WARNING:  Option 'mip_integral_gap_abs' deprecated, please use 'mip_opt_gap_abs'.
WARNING:  Option 'mip_integral_gap_rel' deprecated, please use 'mip_opt_gap_rel'.
WARNING:  Option 'mip_integral_gap_abs' deprecated, please use 'mip_opt_gap_abs'.
WARNING:  Option 'mip_integral_gap_rel' deprecated, please use 'mip_opt_gap_rel'.
WARNING:  Option 'mip_integral_gap_abs' deprecated, please use 'mip_opt_gap_abs'.
WARNING:  Option 'mip_integral_gap_rel' deprecated, please use 'mip_opt_gap_rel'.
WARNING:  Option 'mip_integral_gap_abs' deprecated, please use 'mip_opt_gap_abs'.
WARNING:  Option 'mip_integral_gap_rel' deprecated, please use 'mip_opt_gap_rel'.
WARNING:  Option 'mip_integral_gap_abs' deprecated, please use 'mip_opt_gap_abs'.
WARNING:  Option 'mip_integral_gap_rel' deprecated, please use 'mip_opt_gap_rel'.
WARNING:  Option 'mip_integral_gap_abs' deprecated, please use 'mip_opt_gap_abs'.
WARNING:  Option 'mip_integral_gap_rel' deprecated, please use 'mip_opt_gap_rel'.
WARNING:  Option 'mip_integral_gap_abs' deprecated, please use 'mip_opt_gap_abs'.
WARNING:  Option 'mip_integral_gap_rel' deprecated, please use 'mip_opt_gap_rel'.
WARNING:  Option 'mip_integral_gap_abs' deprecated, please use 'mip_opt_gap_abs'.
WARNING:  Option 'mip_integral_gap_rel' deprecated, please use 'mip_opt_gap_rel'.
WARNING:  Option 'mip_integral_gap_abs' deprecated, please use 'mip_opt_gap_abs'.
WARNING:  Option 'mip_integral_gap_rel' deprecated, please use 'mip_opt_gap_rel'.
WARNING:  Option 'mip_integral_gap_abs' deprecated, please use 'mip_opt_gap_abs'.
WARNING:  Option 'mip_integral_gap_rel' deprecated, please use 'mip_opt_gap_rel'.
WARNING:  Option 'mip_integral_gap_abs' deprecated, please use 'mip_opt_gap_abs'.
WARNING:  Option 'mip_integral_gap_rel' deprecated, please use 'mip_opt_gap_rel'.
WARNING:  Option 'mip_integral_gap_abs' deprecated, please use 'mip_opt_gap_abs'.
WARNING:  Option 'mip_integral_gap_rel' deprecated, please use 'mip_opt_gap_rel'.
WARNING:  Option 'mip_integral_gap_abs' deprecated, please use 'mip_opt_gap_abs'.
WARNING:  Option 'mip_integral_gap_rel' deprecated, please use 'mip_opt_gap_rel'.
WARNING:  Option 'mip_integral_gap_abs' deprecated, please use 'mip_opt_gap_abs'.
WARNING:  Option 'mip_integral_gap_rel' deprecated, please use 'mip_opt_gap_rel'.
WARNING:  Option 'mip_integral_gap_abs' deprecated, please use 'mip_opt_gap_abs'.
WARNING:  Option 'mip_integral_gap_rel' deprecated, please use 'mip_opt_gap_rel'.
WARNING:  Option 'mip_integral_gap_abs' deprecated, please use 'mip_opt_gap_abs'.
WARNING:  Option 'mip_integral_gap_rel' deprecated, please use 'mip_opt_gap_rel'.
WARNING:  Option 'mip_integral_gap_abs' deprecated, please use 'mip_opt_gap_abs'.
WARNING:  Option 'mip_integral_gap_rel' deprecated, please use 'mip_opt_gap_rel'.
WARNING:  Option 'mip_integral_gap_abs' deprecated, please use 'mip_opt_gap_abs'.
WARNING:  Option 'mip_integral_gap_rel' deprecated, please use 'mip_opt_gap_rel'.
WARNING:  Option 'mip_integral_gap_abs' deprecated, please use 'mip_opt_gap_abs'.
WARNING:  Option 'mip_integral_gap_rel' deprecated, please use 'mip_opt_gap_rel'.
WARNING:  Option 'mip_integral_gap_abs' deprecated, please use 'mip_opt_gap_abs'.
WARNING:  Option 'mip_integral_gap_rel' deprecated, please use 'mip_opt_gap_rel'.
WARNING:  Option 'mip_integral_gap_abs' deprecated, please use 'mip_opt_gap_abs'.
WARNING:  Option 'mip_integral_gap_rel' deprecated, please use 'mip_opt_gap_rel'.
WARNING:  Option 'mip_integral_gap_abs' deprecated, please use 'mip_opt_gap_abs'.
WARNING:  Option 'mip_integral_gap_rel' deprecated, please use 'mip_opt_gap_rel'.
WARNING:  Option 'mip_integral_gap_abs' deprecated, please use 'mip_opt_gap_abs'.
WARNING:  Option 'mip_integral_gap_rel' deprecated, please use 'mip_opt_gap_rel'.
WARNING:  Option 'mip_integral_gap_abs' deprecated, please use 'mip_opt_gap_abs'.
WARNING:  Option 'mip_integral_gap_rel' deprecated, please use 'mip_opt_gap_rel'.
WARNING:  Option 'mip_integral_gap_abs' deprecated, please use 'mip_opt_gap_abs'.
WARNING:  Option 'mip_integral_gap_rel' deprecated, please use 'mip_opt_gap_rel'.
WARNING:  Option 'mip_integral_gap_abs' deprecated, please use 'mip_opt_gap_abs'.
WARNING:  Option 'mip_integral_gap_rel' deprecated, please use 'mip_opt_gap_rel'.
WARNING:  Option 'mip_integral_gap_abs' deprecated, please use 'mip_opt_gap_abs'.
WARNING:  Option 'mip_integral_gap_rel' deprecated, please use 'mip_opt_gap_rel'.
WARNING:  Option 'mip_integral_gap_abs' deprecated, please use 'mip_opt_gap_abs'.
WARNING:  Option 'mip_integral_gap_rel' deprecated, please use 'mip_opt_gap_rel'.
WARNING:  Option 'mip_integral_gap_abs' deprecated, please use 'mip_opt_gap_abs'.
WARNING:  Option 'mip_integral_gap_rel' deprecated, please use 'mip_opt_gap_rel'.
WARNING:  Option 'mip_integral_gap_abs' deprecated, please use 'mip_opt_gap_abs'.
WARNING:  Option 'mip_integral_gap_rel' deprecated, please use 'mip_opt_gap_rel'.
WARNING:  Option 'mip_integral_gap_abs' deprecated, please use 'mip_opt_gap_abs'.
WARNING:  Option 'mip_integral_gap_rel' deprecated, please use 'mip_opt_gap_rel'.
WARNING:  Option 'mip_integral_gap_abs' deprecated, please use 'mip_opt_gap_abs'.
WARNING:  Option 'mip_integral_gap_rel' deprecated, please use 'mip_opt_gap_rel'.
WARNING:  Option 'mip_integral_gap_abs' deprecated, please use 'mip_opt_gap_abs'.
WARNING:  Option 'mip_integral_gap_rel' deprecated, please use 'mip_opt_gap_rel'.
WARNING:  Option 'mip_integral_gap_abs' deprecated, please use 'mip_opt_gap_abs'.
WARNING:  Option 'mip_integral_gap_rel' deprecated, please use 'mip_opt_gap_rel'.
WARNING:  Option 'mip_integral_gap_abs' deprecated, please use 'mip_opt_gap_abs'.
WARNING:  Option 'mip_integral_gap_rel' deprecated, please use 'mip_opt_gap_rel'.
WARNING:  Option 'mip_integral_gap_abs' deprecated, please use 'mip_opt_gap_abs'.
WARNING:  Option 'mip_integral_gap_rel' deprecated, please use 'mip_opt_gap_rel'.
WARNING:  Option 'mip_integral_gap_abs' deprecated, please use 'mip_opt_gap_abs'.
WARNING:  Option 'mip_integral_gap_rel' deprecated, please use 'mip_opt_gap_rel'.
WARNING:  Option 'mip_integral_gap_abs' deprecated, please use 'mip_opt_gap_abs'.
WARNING:  Option 'mip_integral_gap_rel' deprecated, please use 'mip_opt_gap_rel'.
WARNING:  Option 'mip_integral_gap_abs' deprecated, please use 'mip_opt_gap_abs'.
WARNING:  Option 'mip_integral_gap_rel' deprecated, please use 'mip_opt_gap_rel'.
WARNING:  Option 'mip_integral_gap_abs' deprecated, please use 'mip_opt_gap_abs'.
WARNING:  Option 'mip_integral_gap_rel' deprecated, please use 'mip_opt_gap_rel'.
WARNING:  Option 'mip_integral_gap_abs' deprecated, please use 'mip_opt_gap_abs'.
WARNING:  Option 'mip_integral_gap_rel' deprecated, please use 'mip_opt_gap_rel'.
WARNING:  Option 'mip_integral_gap_abs' deprecated, please use 'mip_opt_gap_abs'.
WARNING:  Option 'mip_integral_gap_rel' deprecated, please use 'mip_opt_gap_rel'.
WARNING:  Option 'mip_integral_gap_abs' deprecated, please use 'mip_opt_gap_abs'.
WARNING:  Option 'mip_integral_gap_rel' deprecated, please use 'mip_opt_gap_rel'.
WARNING:  Option 'mip_integral_gap_abs' deprecated, please use 'mip_opt_gap_abs'.
WARNING:  Option 'mip_integral_gap_rel' deprecated, please use 'mip_opt_gap_rel'.
WARNING:  Option 'mip_integral_gap_abs' deprecated, please use 'mip_opt_gap_abs'.
WARNING:  Option 'mip_integral_gap_rel' deprecated, please use 'mip_opt_gap_rel'.
WARNING:  Option 'mip_integral_gap_abs' deprecated, please use 'mip_opt_gap_abs'.
WARNING:  Option 'mip_integral_gap_rel' deprecated, please use 'mip_opt_gap_rel'.
WARNING:  Option 'mip_integral_gap_abs' deprecated, please use 'mip_opt_gap_abs'.
WARNING:  Option 'mip_integral_gap_rel' deprecated, please use 'mip_opt_gap_rel'.
WARNING:  Option 'mip_integral_gap_abs' deprecated, please use 'mip_opt_gap_abs'.
WARNING:  Option 'mip_integral_gap_rel' deprecated, please use 'mip_opt_gap_rel'.
WARNING:  Option 'mip_integral_gap_abs' deprecated, please use 'mip_opt_gap_abs'.
WARNING:  Option 'mip_integral_gap_rel' deprecated, please use 'mip_opt_gap_rel'.
WARNING:  Option 'mip_integral_gap_abs' deprecated, please use 'mip_opt_gap_abs'.
WARNING:  Option 'mip_integral_gap_rel' deprecated, please use 'mip_opt_gap_rel'.
WARNING:  Option 'mip_integral_gap_abs' deprecated, please use 'mip_opt_gap_abs'.
WARNING:  Option 'mip_integral_gap_rel' deprecated, please use 'mip_opt_gap_rel'.
WARNING:  Option 'mip_integral_gap_abs' deprecated, please use 'mip_opt_gap_abs'.
WARNING:  Option 'mip_integral_gap_rel' deprecated, please use 'mip_opt_gap_rel'.
WARNING:  Option 'mip_integral_gap_abs' deprecated, please use 'mip_opt_gap_abs'.
WARNING:  Option 'mip_integral_gap_rel' deprecated, please use 'mip_opt_gap_rel'.
WARNING:  Option 'mip_integral_gap_abs' deprecated, please use 'mip_opt_gap_abs'.
WARNING:  Option 'mip_integral_gap_rel' deprecated, please use 'mip_opt_gap_rel'.
WARNING:  Option 'mip_integral_gap_abs' deprecated, please use 'mip_opt_gap_abs'.
WARNING:  Option 'mip_integral_gap_rel' deprecated, please use 'mip_opt_gap_rel'.
WARNING:  Option 'mip_integral_gap_abs' deprecated, please use 'mip_opt_gap_abs'.
WARNING:  Option 'mip_integral_gap_rel' deprecated, please use 'mip_opt_gap_rel'.
WARNING:  Option 'mip_integral_gap_abs' deprecated, please use 'mip_opt_gap_abs'.
WARNING:  Option 'mip_integral_gap_rel' deprecated, please use 'mip_opt_gap_rel'.
WARNING:  Option 'mip_integral_gap_abs' deprecated, please use 'mip_opt_gap_abs'.
WARNING:  Option 'mip_integral_gap_rel' deprecated, please use 'mip_opt_gap_rel'.
WARNING:  Option 'mip_integral_gap_abs' deprecated, please use 'mip_opt_gap_abs'.
WARNING:  Option 'mip_integral_gap_rel' deprecated, please use 'mip_opt_gap_rel'.
WARNING:  Option 'mip_integral_gap_abs' deprecated, please use 'mip_opt_gap_abs'.
WARNING:  Option 'mip_integral_gap_rel' deprecated, please use 'mip_opt_gap_rel'.
WARNING:  Option 'mip_integral_gap_abs' deprecated, please use 'mip_opt_gap_abs'.
WARNING:  Option 'mip_integral_gap_rel' deprecated, please use 'mip_opt_gap_rel'.
WARNING:  Option 'mip_integral_gap_abs' deprecated, please use 'mip_opt_gap_abs'.
WARNING:  Option 'mip_integral_gap_rel' deprecated, please use 'mip_opt_gap_rel'.
WARNING:  Option 'mip_integral_gap_abs' deprecated, please use 'mip_opt_gap_abs'.
WARNING:  Option 'mip_integral_gap_rel' deprecated, please use 'mip_opt_gap_rel'.
WARNING:  Option 'mip_integral_gap_abs' deprecated, please use 'mip_opt_gap_abs'.
WARNING:  Option 'mip_integral_gap_rel' deprecated, please use 'mip_opt_gap_rel'.
WARNING:  Option 'mip_integral_gap_abs' deprecated, please use 'mip_opt_gap_abs'.
WARNING:  Option 'mip_integral_gap_rel' deprecated, please use 'mip_opt_gap_rel'.
WARNING:  Option 'mip_integral_gap_abs' deprecated, please use 'mip_opt_gap_abs'.
WARNING:  Option 'mip_integral_gap_rel' deprecated, please use 'mip_opt_gap_rel'.
WARNING:  Option 'mip_integral_gap_abs' deprecated, please use 'mip_opt_gap_abs'.
WARNING:  Option 'mip_integral_gap_rel' deprecated, please use 'mip_opt_gap_rel'.
WARNING:  Option 'mip_integral_gap_abs' deprecated, please use 'mip_opt_gap_abs'.
WARNING:  Option 'mip_integral_gap_rel' deprecated, please use 'mip_opt_gap_rel'.
WARNING:  Option 'mip_integral_gap_abs' deprecated, please use 'mip_opt_gap_abs'.
WARNING:  Option 'mip_integral_gap_rel' deprecated, please use 'mip_opt_gap_rel'.
WARNING:  Option 'mip_integral_gap_abs' deprecated, please use 'mip_opt_gap_abs'.
WARNING:  Option 'mip_integral_gap_rel' deprecated, please use 'mip_opt_gap_rel'.
    [θ-eval 10, gravity-feasible 5] seqR_mean=5.64e-04 ok=false seq_time=68.37s
WARNING:  Option 'mip_integral_gap_abs' deprecated, please use 'mip_opt_gap_abs'.
WARNING:  Option 'mip_integral_gap_rel' deprecated, please use 'mip_opt_gap_rel'.
WARNING:  Option 'mip_integral_gap_abs' deprecated, please use 'mip_opt_gap_abs'.
WARNING:  Option 'mip_integral_gap_rel' deprecated, please use 'mip_opt_gap_rel'.
WARNING:  Option 'mip_integral_gap_abs' deprecated, please use 'mip_opt_gap_abs'.
WARNING:  Option 'mip_integral_gap_rel' deprecated, please use 'mip_opt_gap_rel'.
WARNING:  Option 'mip_integral_gap_abs' deprecated, please use 'mip_opt_gap_abs'.
WARNING:  Option 'mip_integral_gap_rel' deprecated, please use 'mip_opt_gap_rel'.
WARNING:  Option 'mip_integral_gap_abs' deprecated, please use 'mip_opt_gap_abs'.
WARNING:  Option 'mip_integral_gap_rel' deprecated, please use 'mip_opt_gap_rel'.
WARNING:  Option 'mip_integral_gap_abs' deprecated, please use 'mip_opt_gap_abs'.
WARNING:  Option 'mip_integral_gap_rel' deprecated, please use 'mip_opt_gap_rel'.
WARNING:  Option 'mip_integral_gap_abs' deprecated, please use 'mip_opt_gap_abs'.
WARNING:  Option 'mip_integral_gap_rel' deprecated, please use 'mip_opt_gap_rel'.
WARNING:  Option 'mip_integral_gap_abs' deprecated, please use 'mip_opt_gap_abs'.
WARNING:  Option 'mip_integral_gap_rel' deprecated, please use 'mip_opt_gap_rel'.
WARNING:  Option 'mip_integral_gap_abs' deprecated, please use 'mip_opt_gap_abs'.
WARNING:  Option 'mip_integral_gap_rel' deprecated, please use 'mip_opt_gap_rel'.
WARNING:  Option 'mip_integral_gap_abs' deprecated, please use 'mip_opt_gap_abs'.
WARNING:  Option 'mip_integral_gap_rel' deprecated, please use 'mip_opt_gap_rel'.
WARNING:  Option 'mip_integral_gap_abs' deprecated, please use 'mip_opt_gap_abs'.
WARNING:  Option 'mip_integral_gap_rel' deprecated, please use 'mip_opt_gap_rel'.
WARNING:  Option 'mip_integral_gap_abs' deprecated, please use 'mip_opt_gap_abs'.
WARNING:  Option 'mip_integral_gap_rel' deprecated, please use 'mip_opt_gap_rel'.
WARNING:  Option 'mip_integral_gap_abs' deprecated, please use 'mip_opt_gap_abs'.
WARNING:  Option 'mip_integral_gap_rel' deprecated, please use 'mip_opt_gap_rel'.
WARNING:  Option 'mip_integral_gap_abs' deprecated, please use 'mip_opt_gap_abs'.
WARNING:  Option 'mip_integral_gap_rel' deprecated, please use 'mip_opt_gap_rel'.
WARNING:  Option 'mip_integral_gap_abs' deprecated, please use 'mip_opt_gap_abs'.
WARNING:  Option 'mip_integral_gap_rel' deprecated, please use 'mip_opt_gap_rel'.
WARNING:  Option 'mip_integral_gap_abs' deprecated, please use 'mip_opt_gap_abs'.
WARNING:  Option 'mip_integral_gap_rel' deprecated, please use 'mip_opt_gap_rel'.
WARNING:  Option 'mip_integral_gap_abs' deprecated, please use 'mip_opt_gap_abs'.
WARNING:  Option 'mip_integral_gap_rel' deprecated, please use 'mip_opt_gap_rel'.
WARNING:  Option 'mip_integral_gap_abs' deprecated, please use 'mip_opt_gap_abs'.
WARNING:  Option 'mip_integral_gap_rel' deprecated, please use 'mip_opt_gap_rel'.
WARNING:  Option 'mip_integral_gap_abs' deprecated, please use 'mip_opt_gap_abs'.
WARNING:  Option 'mip_integral_gap_rel' deprecated, please use 'mip_opt_gap_rel'.
WARNING:  Option 'mip_integral_gap_abs' deprecated, please use 'mip_opt_gap_abs'.
WARNING:  Option 'mip_integral_gap_rel' deprecated, please use 'mip_opt_gap_rel'.
WARNING:  Option 'mip_integral_gap_abs' deprecated, please use 'mip_opt_gap_abs'.
WARNING:  Option 'mip_integral_gap_rel' deprecated, please use 'mip_opt_gap_rel'.
WARNING:  Option 'mip_integral_gap_abs' deprecated, please use 'mip_opt_gap_abs'.
WARNING:  Option 'mip_integral_gap_rel' deprecated, please use 'mip_opt_gap_rel'.
WARNING:  Option 'mip_integral_gap_abs' deprecated, please use 'mip_opt_gap_abs'.
WARNING:  Option 'mip_integral_gap_rel' deprecated, please use 'mip_opt_gap_rel'.
WARNING:  Option 'mip_integral_gap_abs' deprecated, please use 'mip_opt_gap_abs'.
WARNING:  Option 'mip_integral_gap_rel' deprecated, please use 'mip_opt_gap_rel'.
WARNING:  Option 'mip_integral_gap_abs' deprecated, please use 'mip_opt_gap_abs'.
WARNING:  Option 'mip_integral_gap_rel' deprecated, please use 'mip_opt_gap_rel'.
WARNING:  Option 'mip_integral_gap_abs' deprecated, please use 'mip_opt_gap_abs'.
WARNING:  Option 'mip_integral_gap_rel' deprecated, please use 'mip_opt_gap_rel'.
WARNING:  Option 'mip_integral_gap_abs' deprecated, please use 'mip_opt_gap_abs'.
WARNING:  Option 'mip_integral_gap_rel' deprecated, please use 'mip_opt_gap_rel'.
WARNING:  Option 'mip_integral_gap_abs' deprecated, please use 'mip_opt_gap_abs'.
WARNING:  Option 'mip_integral_gap_rel' deprecated, please use 'mip_opt_gap_rel'.
WARNING:  Option 'mip_integral_gap_abs' deprecated, please use 'mip_opt_gap_abs'.
WARNING:  Option 'mip_integral_gap_rel' deprecated, please use 'mip_opt_gap_rel'.
WARNING:  Option 'mip_integral_gap_abs' deprecated, please use 'mip_opt_gap_abs'.
WARNING:  Option 'mip_integral_gap_rel' deprecated, please use 'mip_opt_gap_rel'.
WARNING:  Option 'mip_integral_gap_abs' deprecated, please use 'mip_opt_gap_abs'.
WARNING:  Option 'mip_integral_gap_rel' deprecated, please use 'mip_opt_gap_rel'.
WARNING:  Option 'mip_integral_gap_abs' deprecated, please use 'mip_opt_gap_abs'.
WARNING:  Option 'mip_integral_gap_rel' deprecated, please use 'mip_opt_gap_rel'.
WARNING:  Option 'mip_integral_gap_abs' deprecated, please use 'mip_opt_gap_abs'.
WARNING:  Option 'mip_integral_gap_rel' deprecated, please use 'mip_opt_gap_rel'.
WARNING:  Option 'mip_integral_gap_abs' deprecated, please use 'mip_opt_gap_abs'.
WARNING:  Option 'mip_integral_gap_rel' deprecated, please use 'mip_opt_gap_rel'.
WARNING:  Option 'mip_integral_gap_abs' deprecated, please use 'mip_opt_gap_abs'.
WARNING:  Option 'mip_integral_gap_rel' deprecated, please use 'mip_opt_gap_rel'.
WARNING:  Option 'mip_integral_gap_abs' deprecated, please use 'mip_opt_gap_abs'.
WARNING:  Option 'mip_integral_gap_rel' deprecated, please use 'mip_opt_gap_rel'.
WARNING:  Option 'mip_integral_gap_abs' deprecated, please use 'mip_opt_gap_abs'.
WARNING:  Option 'mip_integral_gap_rel' deprecated, please use 'mip_opt_gap_rel'.
WARNING:  Option 'mip_integral_gap_abs' deprecated, please use 'mip_opt_gap_abs'.
WARNING:  Option 'mip_integral_gap_rel' deprecated, please use 'mip_opt_gap_rel'.
WARNING:  Option 'mip_integral_gap_abs' deprecated, please use 'mip_opt_gap_abs'.
WARNING:  Option 'mip_integral_gap_rel' deprecated, please use 'mip_opt_gap_rel'.
WARNING:  Option 'mip_integral_gap_abs' deprecated, please use 'mip_opt_gap_abs'.
WARNING:  Option 'mip_integral_gap_rel' deprecated, please use 'mip_opt_gap_rel'.
WARNING:  Option 'mip_integral_gap_abs' deprecated, please use 'mip_opt_gap_abs'.
WARNING:  Option 'mip_integral_gap_rel' deprecated, please use 'mip_opt_gap_rel'.
WARNING:  Option 'mip_integral_gap_abs' deprecated, please use 'mip_opt_gap_abs'.
WARNING:  Option 'mip_integral_gap_rel' deprecated, please use 'mip_opt_gap_rel'.
WARNING:  Option 'mip_integral_gap_abs' deprecated, please use 'mip_opt_gap_abs'.
WARNING:  Option 'mip_integral_gap_rel' deprecated, please use 'mip_opt_gap_rel'.
WARNING:  Option 'mip_integral_gap_abs' deprecated, please use 'mip_opt_gap_abs'.
WARNING:  Option 'mip_integral_gap_rel' deprecated, please use 'mip_opt_gap_rel'.
WARNING:  Option 'mip_integral_gap_abs' deprecated, please use 'mip_opt_gap_abs'.
WARNING:  Option 'mip_integral_gap_rel' deprecated, please use 'mip_opt_gap_rel'.
WARNING:  Option 'mip_integral_gap_abs' deprecated, please use 'mip_opt_gap_abs'.
WARNING:  Option 'mip_integral_gap_rel' deprecated, please use 'mip_opt_gap_rel'.
WARNING:  Option 'mip_integral_gap_abs' deprecated, please use 'mip_opt_gap_abs'.
WARNING:  Option 'mip_integral_gap_rel' deprecated, please use 'mip_opt_gap_rel'.
WARNING:  Option 'mip_integral_gap_abs' deprecated, please use 'mip_opt_gap_abs'.
WARNING:  Option 'mip_integral_gap_rel' deprecated, please use 'mip_opt_gap_rel'.
WARNING:  Option 'mip_integral_gap_abs' deprecated, please use 'mip_opt_gap_abs'.
WARNING:  Option 'mip_integral_gap_rel' deprecated, please use 'mip_opt_gap_rel'.
WARNING:  Option 'mip_integral_gap_abs' deprecated, please use 'mip_opt_gap_abs'.
WARNING:  Option 'mip_integral_gap_rel' deprecated, please use 'mip_opt_gap_rel'.
WARNING:  Option 'mip_integral_gap_abs' deprecated, please use 'mip_opt_gap_abs'.
WARNING:  Option 'mip_integral_gap_rel' deprecated, please use 'mip_opt_gap_rel'.
WARNING:  Option 'mip_integral_gap_abs' deprecated, please use 'mip_opt_gap_abs'.
WARNING:  Option 'mip_integral_gap_rel' deprecated, please use 'mip_opt_gap_rel'.
WARNING:  Option 'mip_integral_gap_abs' deprecated, please use 'mip_opt_gap_abs'.
WARNING:  Option 'mip_integral_gap_rel' deprecated, please use 'mip_opt_gap_rel'.
WARNING:  Option 'mip_integral_gap_abs' deprecated, please use 'mip_opt_gap_abs'.
WARNING:  Option 'mip_integral_gap_rel' deprecated, please use 'mip_opt_gap_rel'.
WARNING:  Option 'mip_integral_gap_abs' deprecated, please use 'mip_opt_gap_abs'.
WARNING:  Option 'mip_integral_gap_rel' deprecated, please use 'mip_opt_gap_rel'.
WARNING:  Option 'mip_integral_gap_abs' deprecated, please use 'mip_opt_gap_abs'.
WARNING:  Option 'mip_integral_gap_rel' deprecated, please use 'mip_opt_gap_rel'.
WARNING:  Option 'mip_integral_gap_abs' deprecated, please use 'mip_opt_gap_abs'.
WARNING:  Option 'mip_integral_gap_rel' deprecated, please use 'mip_opt_gap_rel'.
WARNING:  Option 'mip_integral_gap_abs' deprecated, please use 'mip_opt_gap_abs'.
WARNING:  Option 'mip_integral_gap_rel' deprecated, please use 'mip_opt_gap_rel'.
WARNING:  Option 'mip_integral_gap_abs' deprecated, please use 'mip_opt_gap_abs'.
WARNING:  Option 'mip_integral_gap_rel' deprecated, please use 'mip_opt_gap_rel'.
WARNING:  Option 'mip_integral_gap_abs' deprecated, please use 'mip_opt_gap_abs'.
WARNING:  Option 'mip_integral_gap_rel' deprecated, please use 'mip_opt_gap_rel'.
WARNING:  Option 'mip_integral_gap_abs' deprecated, please use 'mip_opt_gap_abs'.
WARNING:  Option 'mip_integral_gap_rel' deprecated, please use 'mip_opt_gap_rel'.
WARNING:  Option 'mip_integral_gap_abs' deprecated, please use 'mip_opt_gap_abs'.
WARNING:  Option 'mip_integral_gap_rel' deprecated, please use 'mip_opt_gap_rel'.
WARNING:  Option 'mip_integral_gap_abs' deprecated, please use 'mip_opt_gap_abs'.
WARNING:  Option 'mip_integral_gap_rel' deprecated, please use 'mip_opt_gap_rel'.
WARNING:  Option 'mip_integral_gap_abs' deprecated, please use 'mip_opt_gap_abs'.
WARNING:  Option 'mip_integral_gap_rel' deprecated, please use 'mip_opt_gap_rel'.
WARNING:  Option 'mip_integral_gap_abs' deprecated, please use 'mip_opt_gap_abs'.
WARNING:  Option 'mip_integral_gap_rel' deprecated, please use 'mip_opt_gap_rel'.
WARNING:  Option 'mip_integral_gap_abs' deprecated, please use 'mip_opt_gap_abs'.
WARNING:  Option 'mip_integral_gap_rel' deprecated, please use 'mip_opt_gap_rel'.
WARNING:  Option 'mip_integral_gap_abs' deprecated, please use 'mip_opt_gap_abs'.
WARNING:  Option 'mip_integral_gap_rel' deprecated, please use 'mip_opt_gap_rel'.
WARNING:  Option 'mip_integral_gap_abs' deprecated, please use 'mip_opt_gap_abs'.
WARNING:  Option 'mip_integral_gap_rel' deprecated, please use 'mip_opt_gap_rel'.
WARNING:  Option 'mip_integral_gap_abs' deprecated, please use 'mip_opt_gap_abs'.
WARNING:  Option 'mip_integral_gap_rel' deprecated, please use 'mip_opt_gap_rel'.
WARNING:  Option 'mip_integral_gap_abs' deprecated, please use 'mip_opt_gap_abs'.
WARNING:  Option 'mip_integral_gap_rel' deprecated, please use 'mip_opt_gap_rel'.
WARNING:  Option 'mip_integral_gap_abs' deprecated, please use 'mip_opt_gap_abs'.
WARNING:  Option 'mip_integral_gap_rel' deprecated, please use 'mip_opt_gap_rel'.
WARNING:  Option 'mip_integral_gap_abs' deprecated, please use 'mip_opt_gap_abs'.
WARNING:  Option 'mip_integral_gap_rel' deprecated, please use 'mip_opt_gap_rel'.
WARNING:  Option 'mip_integral_gap_abs' deprecated, please use 'mip_opt_gap_abs'.
WARNING:  Option 'mip_integral_gap_rel' deprecated, please use 'mip_opt_gap_rel'.
WARNING:  Option 'mip_integral_gap_abs' deprecated, please use 'mip_opt_gap_abs'.
WARNING:  Option 'mip_integral_gap_rel' deprecated, please use 'mip_opt_gap_rel'.
WARNING:  Option 'mip_integral_gap_abs' deprecated, please use 'mip_opt_gap_abs'.
WARNING:  Option 'mip_integral_gap_rel' deprecated, please use 'mip_opt_gap_rel'.
WARNING:  Option 'mip_integral_gap_abs' deprecated, please use 'mip_opt_gap_abs'.
WARNING:  Option 'mip_integral_gap_rel' deprecated, please use 'mip_opt_gap_rel'.
WARNING:  Option 'mip_integral_gap_abs' deprecated, please use 'mip_opt_gap_abs'.
WARNING:  Option 'mip_integral_gap_rel' deprecated, please use 'mip_opt_gap_rel'.
WARNING:  Option 'mip_integral_gap_abs' deprecated, please use 'mip_opt_gap_abs'.
WARNING:  Option 'mip_integral_gap_rel' deprecated, please use 'mip_opt_gap_rel'.
WARNING:  Option 'mip_integral_gap_abs' deprecated, please use 'mip_opt_gap_abs'.
WARNING:  Option 'mip_integral_gap_rel' deprecated, please use 'mip_opt_gap_rel'.
WARNING:  Option 'mip_integral_gap_abs' deprecated, please use 'mip_opt_gap_abs'.
WARNING:  Option 'mip_integral_gap_rel' deprecated, please use 'mip_opt_gap_rel'.
WARNING:  Option 'mip_integral_gap_abs' deprecated, please use 'mip_opt_gap_abs'.
WARNING:  Option 'mip_integral_gap_rel' deprecated, please use 'mip_opt_gap_rel'.
WARNING:  Option 'mip_integral_gap_abs' deprecated, please use 'mip_opt_gap_abs'.
WARNING:  Option 'mip_integral_gap_rel' deprecated, please use 'mip_opt_gap_rel'.
WARNING:  Option 'mip_integral_gap_abs' deprecated, please use 'mip_opt_gap_abs'.
WARNING:  Option 'mip_integral_gap_rel' deprecated, please use 'mip_opt_gap_rel'.
WARNING:  Option 'mip_integral_gap_abs' deprecated, please use 'mip_opt_gap_abs'.
WARNING:  Option 'mip_integral_gap_rel' deprecated, please use 'mip_opt_gap_rel'.
WARNING:  Option 'mip_integral_gap_abs' deprecated, please use 'mip_opt_gap_abs'.
WARNING:  Option 'mip_integral_gap_rel' deprecated, please use 'mip_opt_gap_rel'.
WARNING:  Option 'mip_integral_gap_abs' deprecated, please use 'mip_opt_gap_abs'.
WARNING:  Option 'mip_integral_gap_rel' deprecated, please use 'mip_opt_gap_rel'.
WARNING:  Option 'mip_integral_gap_abs' deprecated, please use 'mip_opt_gap_abs'.
WARNING:  Option 'mip_integral_gap_rel' deprecated, please use 'mip_opt_gap_rel'.
WARNING:  Option 'mip_integral_gap_abs' deprecated, please use 'mip_opt_gap_abs'.
WARNING:  Option 'mip_integral_gap_rel' deprecated, please use 'mip_opt_gap_rel'.
WARNING:  Option 'mip_integral_gap_abs' deprecated, please use 'mip_opt_gap_abs'.
WARNING:  Option 'mip_integral_gap_rel' deprecated, please use 'mip_opt_gap_rel'.
WARNING:  Option 'mip_integral_gap_abs' deprecated, please use 'mip_opt_gap_abs'.
WARNING:  Option 'mip_integral_gap_rel' deprecated, please use 'mip_opt_gap_rel'.
WARNING:  Option 'mip_integral_gap_abs' deprecated, please use 'mip_opt_gap_abs'.
WARNING:  Option 'mip_integral_gap_rel' deprecated, please use 'mip_opt_gap_rel'.
WARNING:  Option 'mip_integral_gap_abs' deprecated, please use 'mip_opt_gap_abs'.
WARNING:  Option 'mip_integral_gap_rel' deprecated, please use 'mip_opt_gap_rel'.
WARNING:  Option 'mip_integral_gap_abs' deprecated, please use 'mip_opt_gap_abs'.
WARNING:  Option 'mip_integral_gap_rel' deprecated, please use 'mip_opt_gap_rel'.
WARNING:  Option 'mip_integral_gap_abs' deprecated, please use 'mip_opt_gap_abs'.
WARNING:  Option 'mip_integral_gap_rel' deprecated, please use 'mip_opt_gap_rel'.
WARNING:  Option 'mip_integral_gap_abs' deprecated, please use 'mip_opt_gap_abs'.
WARNING:  Option 'mip_integral_gap_rel' deprecated, please use 'mip_opt_gap_rel'.
WARNING:  Option 'mip_integral_gap_abs' deprecated, please use 'mip_opt_gap_abs'.
WARNING:  Option 'mip_integral_gap_rel' deprecated, please use 'mip_opt_gap_rel'.
WARNING:  Option 'mip_integral_gap_abs' deprecated, please use 'mip_opt_gap_abs'.
WARNING:  Option 'mip_integral_gap_rel' deprecated, please use 'mip_opt_gap_rel'.
WARNING:  Option 'mip_integral_gap_abs' deprecated, please use 'mip_opt_gap_abs'.
WARNING:  Option 'mip_integral_gap_rel' deprecated, please use 'mip_opt_gap_rel'.
WARNING:  Option 'mip_integral_gap_abs' deprecated, please use 'mip_opt_gap_abs'.
WARNING:  Option 'mip_integral_gap_rel' deprecated, please use 'mip_opt_gap_rel'.
WARNING:  Option 'mip_integral_gap_abs' deprecated, please use 'mip_opt_gap_abs'.
WARNING:  Option 'mip_integral_gap_rel' deprecated, please use 'mip_opt_gap_rel'.
WARNING:  Option 'mip_integral_gap_abs' deprecated, please use 'mip_opt_gap_abs'.
WARNING:  Option 'mip_integral_gap_rel' deprecated, please use 'mip_opt_gap_rel'.
WARNING:  Option 'mip_integral_gap_abs' deprecated, please use 'mip_opt_gap_abs'.
WARNING:  Option 'mip_integral_gap_rel' deprecated, please use 'mip_opt_gap_rel'.
WARNING:  Option 'mip_integral_gap_abs' deprecated, please use 'mip_opt_gap_abs'.
WARNING:  Option 'mip_integral_gap_rel' deprecated, please use 'mip_opt_gap_rel'.
WARNING:  Option 'mip_integral_gap_abs' deprecated, please use 'mip_opt_gap_abs'.
WARNING:  Option 'mip_integral_gap_rel' deprecated, please use 'mip_opt_gap_rel'.
WARNING:  Option 'mip_integral_gap_abs' deprecated, please use 'mip_opt_gap_abs'.
WARNING:  Option 'mip_integral_gap_rel' deprecated, please use 'mip_opt_gap_rel'.
WARNING:  Option 'mip_integral_gap_abs' deprecated, please use 'mip_opt_gap_abs'.
WARNING:  Option 'mip_integral_gap_rel' deprecated, please use 'mip_opt_gap_rel'.
WARNING:  Option 'mip_integral_gap_abs' deprecated, please use 'mip_opt_gap_abs'.
WARNING:  Option 'mip_integral_gap_rel' deprecated, please use 'mip_opt_gap_rel'.
WARNING:  Option 'mip_integral_gap_abs' deprecated, please use 'mip_opt_gap_abs'.
WARNING:  Option 'mip_integral_gap_rel' deprecated, please use 'mip_opt_gap_rel'.
WARNING:  Option 'mip_integral_gap_abs' deprecated, please use 'mip_opt_gap_abs'.
WARNING:  Option 'mip_integral_gap_rel' deprecated, please use 'mip_opt_gap_rel'.
WARNING:  Option 'mip_integral_gap_abs' deprecated, please use 'mip_opt_gap_abs'.
WARNING:  Option 'mip_integral_gap_rel' deprecated, please use 'mip_opt_gap_rel'.
WARNING:  Option 'mip_integral_gap_abs' deprecated, please use 'mip_opt_gap_abs'.
WARNING:  Option 'mip_integral_gap_rel' deprecated, please use 'mip_opt_gap_rel'.
WARNING:  Option 'mip_integral_gap_abs' deprecated, please use 'mip_opt_gap_abs'.
WARNING:  Option 'mip_integral_gap_rel' deprecated, please use 'mip_opt_gap_rel'.
WARNING:  Option 'mip_integral_gap_abs' deprecated, please use 'mip_opt_gap_abs'.
WARNING:  Option 'mip_integral_gap_rel' deprecated, please use 'mip_opt_gap_rel'.
WARNING:  Option 'mip_integral_gap_abs' deprecated, please use 'mip_opt_gap_abs'.
WARNING:  Option 'mip_integral_gap_rel' deprecated, please use 'mip_opt_gap_rel'.
WARNING:  Option 'mip_integral_gap_abs' deprecated, please use 'mip_opt_gap_abs'.
WARNING:  Option 'mip_integral_gap_rel' deprecated, please use 'mip_opt_gap_rel'.
WARNING:  Option 'mip_integral_gap_abs' deprecated, please use 'mip_opt_gap_abs'.
WARNING:  Option 'mip_integral_gap_rel' deprecated, please use 'mip_opt_gap_rel'.
WARNING:  Option 'mip_integral_gap_abs' deprecated, please use 'mip_opt_gap_abs'.
WARNING:  Option 'mip_integral_gap_rel' deprecated, please use 'mip_opt_gap_rel'.
WARNING:  Option 'mip_integral_gap_abs' deprecated, please use 'mip_opt_gap_abs'.
WARNING:  Option 'mip_integral_gap_rel' deprecated, please use 'mip_opt_gap_rel'.
WARNING:  Option 'mip_integral_gap_abs' deprecated, please use 'mip_opt_gap_abs'.
WARNING:  Option 'mip_integral_gap_rel' deprecated, please use 'mip_opt_gap_rel'.
WARNING:  Option 'mip_integral_gap_abs' deprecated, please use 'mip_opt_gap_abs'.
WARNING:  Option 'mip_integral_gap_rel' deprecated, please use 'mip_opt_gap_rel'.
WARNING:  Option 'mip_integral_gap_abs' deprecated, please use 'mip_opt_gap_abs'.
WARNING:  Option 'mip_integral_gap_rel' deprecated, please use 'mip_opt_gap_rel'.
WARNING:  Option 'mip_integral_gap_abs' deprecated, please use 'mip_opt_gap_abs'.
WARNING:  Option 'mip_integral_gap_rel' deprecated, please use 'mip_opt_gap_rel'.
WARNING:  Option 'mip_integral_gap_abs' deprecated, please use 'mip_opt_gap_abs'.
WARNING:  Option 'mip_integral_gap_rel' deprecated, please use 'mip_opt_gap_rel'.
    [θ-eval 20, gravity-feasible 6] seqR_mean=4.76e-04 ok=false seq_time=35.44s
WARNING:  Option 'mip_integral_gap_abs' deprecated, please use 'mip_opt_gap_abs'.
WARNING:  Option 'mip_integral_gap_rel' deprecated, please use 'mip_opt_gap_rel'.
WARNING:  Option 'mip_integral_gap_abs' deprecated, please use 'mip_opt_gap_abs'.
WARNING:  Option 'mip_integral_gap_rel' deprecated, please use 'mip_opt_gap_rel'.
WARNING:  Option 'mip_integral_gap_abs' deprecated, please use 'mip_opt_gap_abs'.
WARNING:  Option 'mip_integral_gap_rel' deprecated, please use 'mip_opt_gap_rel'.
WARNING:  Option 'mip_integral_gap_abs' deprecated, please use 'mip_opt_gap_abs'.
WARNING:  Option 'mip_integral_gap_rel' deprecated, please use 'mip_opt_gap_rel'.
WARNING:  Option 'mip_integral_gap_abs' deprecated, please use 'mip_opt_gap_abs'.
WARNING:  Option 'mip_integral_gap_rel' deprecated, please use 'mip_opt_gap_rel'.
WARNING:  Option 'mip_integral_gap_abs' deprecated, please use 'mip_opt_gap_abs'.
WARNING:  Option 'mip_integral_gap_rel' deprecated, please use 'mip_opt_gap_rel'.
WARNING:  Option 'mip_integral_gap_abs' deprecated, please use 'mip_opt_gap_abs'.
WARNING:  Option 'mip_integral_gap_rel' deprecated, please use 'mip_opt_gap_rel'.
WARNING:  Option 'mip_integral_gap_abs' deprecated, please use 'mip_opt_gap_abs'.
WARNING:  Option 'mip_integral_gap_rel' deprecated, please use 'mip_opt_gap_rel'.
WARNING:  Option 'mip_integral_gap_abs' deprecated, please use 'mip_opt_gap_abs'.
WARNING:  Option 'mip_integral_gap_rel' deprecated, please use 'mip_opt_gap_rel'.
WARNING:  Option 'mip_integral_gap_abs' deprecated, please use 'mip_opt_gap_abs'.
WARNING:  Option 'mip_integral_gap_rel' deprecated, please use 'mip_opt_gap_rel'.
WARNING:  Option 'mip_integral_gap_abs' deprecated, please use 'mip_opt_gap_abs'.
WARNING:  Option 'mip_integral_gap_rel' deprecated, please use 'mip_opt_gap_rel'.
WARNING:  Option 'mip_integral_gap_abs' deprecated, please use 'mip_opt_gap_abs'.
WARNING:  Option 'mip_integral_gap_rel' deprecated, please use 'mip_opt_gap_rel'.
WARNING:  Option 'mip_integral_gap_abs' deprecated, please use 'mip_opt_gap_abs'.
WARNING:  Option 'mip_integral_gap_rel' deprecated, please use 'mip_opt_gap_rel'.
WARNING:  Option 'mip_integral_gap_abs' deprecated, please use 'mip_opt_gap_abs'.
WARNING:  Option 'mip_integral_gap_rel' deprecated, please use 'mip_opt_gap_rel'.
WARNING:  Option 'mip_integral_gap_abs' deprecated, please use 'mip_opt_gap_abs'.
WARNING:  Option 'mip_integral_gap_rel' deprecated, please use 'mip_opt_gap_rel'.
WARNING:  Option 'mip_integral_gap_abs' deprecated, please use 'mip_opt_gap_abs'.
WARNING:  Option 'mip_integral_gap_rel' deprecated, please use 'mip_opt_gap_rel'.
WARNING:  Option 'mip_integral_gap_abs' deprecated, please use 'mip_opt_gap_abs'.
WARNING:  Option 'mip_integral_gap_rel' deprecated, please use 'mip_opt_gap_rel'.
WARNING:  Option 'mip_integral_gap_abs' deprecated, please use 'mip_opt_gap_abs'.
WARNING:  Option 'mip_integral_gap_rel' deprecated, please use 'mip_opt_gap_rel'.
WARNING:  Option 'mip_integral_gap_abs' deprecated, please use 'mip_opt_gap_abs'.
WARNING:  Option 'mip_integral_gap_rel' deprecated, please use 'mip_opt_gap_rel'.
WARNING:  Option 'mip_integral_gap_abs' deprecated, please use 'mip_opt_gap_abs'.
WARNING:  Option 'mip_integral_gap_rel' deprecated, please use 'mip_opt_gap_rel'.
WARNING:  Option 'mip_integral_gap_abs' deprecated, please use 'mip_opt_gap_abs'.
WARNING:  Option 'mip_integral_gap_rel' deprecated, please use 'mip_opt_gap_rel'.
WARNING:  Option 'mip_integral_gap_abs' deprecated, please use 'mip_opt_gap_abs'.
WARNING:  Option 'mip_integral_gap_rel' deprecated, please use 'mip_opt_gap_rel'.
WARNING:  Option 'mip_integral_gap_abs' deprecated, please use 'mip_opt_gap_abs'.
WARNING:  Option 'mip_integral_gap_rel' deprecated, please use 'mip_opt_gap_rel'.
WARNING:  Option 'mip_integral_gap_abs' deprecated, please use 'mip_opt_gap_abs'.
WARNING:  Option 'mip_integral_gap_rel' deprecated, please use 'mip_opt_gap_rel'.
WARNING:  Option 'mip_integral_gap_abs' deprecated, please use 'mip_opt_gap_abs'.
WARNING:  Option 'mip_integral_gap_rel' deprecated, please use 'mip_opt_gap_rel'.
WARNING:  Option 'mip_integral_gap_abs' deprecated, please use 'mip_opt_gap_abs'.
WARNING:  Option 'mip_integral_gap_rel' deprecated, please use 'mip_opt_gap_rel'.
WARNING:  Option 'mip_integral_gap_abs' deprecated, please use 'mip_opt_gap_abs'.
WARNING:  Option 'mip_integral_gap_rel' deprecated, please use 'mip_opt_gap_rel'.
WARNING:  Option 'mip_integral_gap_abs' deprecated, please use 'mip_opt_gap_abs'.
WARNING:  Option 'mip_integral_gap_rel' deprecated, please use 'mip_opt_gap_rel'.
WARNING:  Option 'mip_integral_gap_abs' deprecated, please use 'mip_opt_gap_abs'.
WARNING:  Option 'mip_integral_gap_rel' deprecated, please use 'mip_opt_gap_rel'.
WARNING:  Option 'mip_integral_gap_abs' deprecated, please use 'mip_opt_gap_abs'.
WARNING:  Option 'mip_integral_gap_rel' deprecated, please use 'mip_opt_gap_rel'.
WARNING:  Option 'mip_integral_gap_abs' deprecated, please use 'mip_opt_gap_abs'.
WARNING:  Option 'mip_integral_gap_rel' deprecated, please use 'mip_opt_gap_rel'.
WARNING:  Option 'mip_integral_gap_abs' deprecated, please use 'mip_opt_gap_abs'.
WARNING:  Option 'mip_integral_gap_rel' deprecated, please use 'mip_opt_gap_rel'.
WARNING:  Option 'mip_integral_gap_abs' deprecated, please use 'mip_opt_gap_abs'.
WARNING:  Option 'mip_integral_gap_rel' deprecated, please use 'mip_opt_gap_rel'.
WARNING:  Option 'mip_integral_gap_abs' deprecated, please use 'mip_opt_gap_abs'.
WARNING:  Option 'mip_integral_gap_rel' deprecated, please use 'mip_opt_gap_rel'.
WARNING:  Option 'mip_integral_gap_abs' deprecated, please use 'mip_opt_gap_abs'.
WARNING:  Option 'mip_integral_gap_rel' deprecated, please use 'mip_opt_gap_rel'.
WARNING:  Option 'mip_integral_gap_abs' deprecated, please use 'mip_opt_gap_abs'.
WARNING:  Option 'mip_integral_gap_rel' deprecated, please use 'mip_opt_gap_rel'.
WARNING:  Option 'mip_integral_gap_abs' deprecated, please use 'mip_opt_gap_abs'.
WARNING:  Option 'mip_integral_gap_rel' deprecated, please use 'mip_opt_gap_rel'.
WARNING:  Option 'mip_integral_gap_abs' deprecated, please use 'mip_opt_gap_abs'.
WARNING:  Option 'mip_integral_gap_rel' deprecated, please use 'mip_opt_gap_rel'.
WARNING:  Option 'mip_integral_gap_abs' deprecated, please use 'mip_opt_gap_abs'.
WARNING:  Option 'mip_integral_gap_rel' deprecated, please use 'mip_opt_gap_rel'.
WARNING:  Option 'mip_integral_gap_abs' deprecated, please use 'mip_opt_gap_abs'.
WARNING:  Option 'mip_integral_gap_rel' deprecated, please use 'mip_opt_gap_rel'.
WARNING:  Option 'mip_integral_gap_abs' deprecated, please use 'mip_opt_gap_abs'.
WARNING:  Option 'mip_integral_gap_rel' deprecated, please use 'mip_opt_gap_rel'.
WARNING:  Option 'mip_integral_gap_abs' deprecated, please use 'mip_opt_gap_abs'.
WARNING:  Option 'mip_integral_gap_rel' deprecated, please use 'mip_opt_gap_rel'.
WARNING:  Option 'mip_integral_gap_abs' deprecated, please use 'mip_opt_gap_abs'.
WARNING:  Option 'mip_integral_gap_rel' deprecated, please use 'mip_opt_gap_rel'.
WARNING:  Option 'mip_integral_gap_abs' deprecated, please use 'mip_opt_gap_abs'.
WARNING:  Option 'mip_integral_gap_rel' deprecated, please use 'mip_opt_gap_rel'.
WARNING:  Option 'mip_integral_gap_abs' deprecated, please use 'mip_opt_gap_abs'.
WARNING:  Option 'mip_integral_gap_rel' deprecated, please use 'mip_opt_gap_rel'.
WARNING:  Option 'mip_integral_gap_abs' deprecated, please use 'mip_opt_gap_abs'.
WARNING:  Option 'mip_integral_gap_rel' deprecated, please use 'mip_opt_gap_rel'.
WARNING:  Option 'mip_integral_gap_abs' deprecated, please use 'mip_opt_gap_abs'.
WARNING:  Option 'mip_integral_gap_rel' deprecated, please use 'mip_opt_gap_rel'.
WARNING:  Option 'mip_integral_gap_abs' deprecated, please use 'mip_opt_gap_abs'.
WARNING:  Option 'mip_integral_gap_rel' deprecated, please use 'mip_opt_gap_rel'.
WARNING:  Option 'mip_integral_gap_abs' deprecated, please use 'mip_opt_gap_abs'.
WARNING:  Option 'mip_integral_gap_rel' deprecated, please use 'mip_opt_gap_rel'.
WARNING:  Option 'mip_integral_gap_abs' deprecated, please use 'mip_opt_gap_abs'.
WARNING:  Option 'mip_integral_gap_rel' deprecated, please use 'mip_opt_gap_rel'.
WARNING:  Option 'mip_integral_gap_abs' deprecated, please use 'mip_opt_gap_abs'.
WARNING:  Option 'mip_integral_gap_rel' deprecated, please use 'mip_opt_gap_rel'.
WARNING:  Option 'mip_integral_gap_abs' deprecated, please use 'mip_opt_gap_abs'.
WARNING:  Option 'mip_integral_gap_rel' deprecated, please use 'mip_opt_gap_rel'.
WARNING:  Option 'mip_integral_gap_abs' deprecated, please use 'mip_opt_gap_abs'.
WARNING:  Option 'mip_integral_gap_rel' deprecated, please use 'mip_opt_gap_rel'.
WARNING:  Option 'mip_integral_gap_abs' deprecated, please use 'mip_opt_gap_abs'.
WARNING:  Option 'mip_integral_gap_rel' deprecated, please use 'mip_opt_gap_rel'.
WARNING:  Option 'mip_integral_gap_abs' deprecated, please use 'mip_opt_gap_abs'.
WARNING:  Option 'mip_integral_gap_rel' deprecated, please use 'mip_opt_gap_rel'.
WARNING:  Option 'mip_integral_gap_abs' deprecated, please use 'mip_opt_gap_abs'.
WARNING:  Option 'mip_integral_gap_rel' deprecated, please use 'mip_opt_gap_rel'.
WARNING:  Option 'mip_integral_gap_abs' deprecated, please use 'mip_opt_gap_abs'.
WARNING:  Option 'mip_integral_gap_rel' deprecated, please use 'mip_opt_gap_rel'.
WARNING:  Option 'mip_integral_gap_abs' deprecated, please use 'mip_opt_gap_abs'.
WARNING:  Option 'mip_integral_gap_rel' deprecated, please use 'mip_opt_gap_rel'.
WARNING:  Option 'mip_integral_gap_abs' deprecated, please use 'mip_opt_gap_abs'.
WARNING:  Option 'mip_integral_gap_rel' deprecated, please use 'mip_opt_gap_rel'.
WARNING:  Option 'mip_integral_gap_abs' deprecated, please use 'mip_opt_gap_abs'.
WARNING:  Option 'mip_integral_gap_rel' deprecated, please use 'mip_opt_gap_rel'.
WARNING:  Option 'mip_integral_gap_abs' deprecated, please use 'mip_opt_gap_abs'.
WARNING:  Option 'mip_integral_gap_rel' deprecated, please use 'mip_opt_gap_rel'.
WARNING:  Option 'mip_integral_gap_abs' deprecated, please use 'mip_opt_gap_abs'.
WARNING:  Option 'mip_integral_gap_rel' deprecated, please use 'mip_opt_gap_rel'.
WARNING:  Option 'mip_integral_gap_abs' deprecated, please use 'mip_opt_gap_abs'.
WARNING:  Option 'mip_integral_gap_rel' deprecated, please use 'mip_opt_gap_rel'.
WARNING:  Option 'mip_integral_gap_abs' deprecated, please use 'mip_opt_gap_abs'.
WARNING:  Option 'mip_integral_gap_rel' deprecated, please use 'mip_opt_gap_rel'.
WARNING:  Option 'mip_integral_gap_abs' deprecated, please use 'mip_opt_gap_abs'.
WARNING:  Option 'mip_integral_gap_rel' deprecated, please use 'mip_opt_gap_rel'.
WARNING:  Option 'mip_integral_gap_abs' deprecated, please use 'mip_opt_gap_abs'.
WARNING:  Option 'mip_integral_gap_rel' deprecated, please use 'mip_opt_gap_rel'.
WARNING:  Option 'mip_integral_gap_abs' deprecated, please use 'mip_opt_gap_abs'.
WARNING:  Option 'mip_integral_gap_rel' deprecated, please use 'mip_opt_gap_rel'.
WARNING:  Option 'mip_integral_gap_abs' deprecated, please use 'mip_opt_gap_abs'.
WARNING:  Option 'mip_integral_gap_rel' deprecated, please use 'mip_opt_gap_rel'.
WARNING:  Option 'mip_integral_gap_abs' deprecated, please use 'mip_opt_gap_abs'.
WARNING:  Option 'mip_integral_gap_rel' deprecated, please use 'mip_opt_gap_rel'.
WARNING:  Option 'mip_integral_gap_abs' deprecated, please use 'mip_opt_gap_abs'.
WARNING:  Option 'mip_integral_gap_rel' deprecated, please use 'mip_opt_gap_rel'.
WARNING:  Option 'mip_integral_gap_abs' deprecated, please use 'mip_opt_gap_abs'.
WARNING:  Option 'mip_integral_gap_rel' deprecated, please use 'mip_opt_gap_rel'.
WARNING:  Option 'mip_integral_gap_abs' deprecated, please use 'mip_opt_gap_abs'.
WARNING:  Option 'mip_integral_gap_rel' deprecated, please use 'mip_opt_gap_rel'.
WARNING:  Option 'mip_integral_gap_abs' deprecated, please use 'mip_opt_gap_abs'.
WARNING:  Option 'mip_integral_gap_rel' deprecated, please use 'mip_opt_gap_rel'.
WARNING:  Option 'mip_integral_gap_abs' deprecated, please use 'mip_opt_gap_abs'.
WARNING:  Option 'mip_integral_gap_rel' deprecated, please use 'mip_opt_gap_rel'.
WARNING:  Option 'mip_integral_gap_abs' deprecated, please use 'mip_opt_gap_abs'.
WARNING:  Option 'mip_integral_gap_rel' deprecated, please use 'mip_opt_gap_rel'.
WARNING:  Option 'mip_integral_gap_abs' deprecated, please use 'mip_opt_gap_abs'.
WARNING:  Option 'mip_integral_gap_rel' deprecated, please use 'mip_opt_gap_rel'.
WARNING:  Option 'mip_integral_gap_abs' deprecated, please use 'mip_opt_gap_abs'.
WARNING:  Option 'mip_integral_gap_rel' deprecated, please use 'mip_opt_gap_rel'.
WARNING:  Option 'mip_integral_gap_abs' deprecated, please use 'mip_opt_gap_abs'.
WARNING:  Option 'mip_integral_gap_rel' deprecated, please use 'mip_opt_gap_rel'.
WARNING:  Option 'mip_integral_gap_abs' deprecated, please use 'mip_opt_gap_abs'.
WARNING:  Option 'mip_integral_gap_rel' deprecated, please use 'mip_opt_gap_rel'.
WARNING:  Option 'mip_integral_gap_abs' deprecated, please use 'mip_opt_gap_abs'.
WARNING:  Option 'mip_integral_gap_rel' deprecated, please use 'mip_opt_gap_rel'.
WARNING:  Option 'mip_integral_gap_abs' deprecated, please use 'mip_opt_gap_abs'.
WARNING:  Option 'mip_integral_gap_rel' deprecated, please use 'mip_opt_gap_rel'.
WARNING:  Option 'mip_integral_gap_abs' deprecated, please use 'mip_opt_gap_abs'.
WARNING:  Option 'mip_integral_gap_rel' deprecated, please use 'mip_opt_gap_rel'.
WARNING:  Option 'mip_integral_gap_abs' deprecated, please use 'mip_opt_gap_abs'.
WARNING:  Option 'mip_integral_gap_rel' deprecated, please use 'mip_opt_gap_rel'.
WARNING:  Option 'mip_integral_gap_abs' deprecated, please use 'mip_opt_gap_abs'.
WARNING:  Option 'mip_integral_gap_rel' deprecated, please use 'mip_opt_gap_rel'.
WARNING:  Option 'mip_integral_gap_abs' deprecated, please use 'mip_opt_gap_abs'.
WARNING:  Option 'mip_integral_gap_rel' deprecated, please use 'mip_opt_gap_rel'.
WARNING:  Option 'mip_integral_gap_abs' deprecated, please use 'mip_opt_gap_abs'.
WARNING:  Option 'mip_integral_gap_rel' deprecated, please use 'mip_opt_gap_rel'.
WARNING:  Option 'mip_integral_gap_abs' deprecated, please use 'mip_opt_gap_abs'.
WARNING:  Option 'mip_integral_gap_rel' deprecated, please use 'mip_opt_gap_rel'.
WARNING:  Option 'mip_integral_gap_abs' deprecated, please use 'mip_opt_gap_abs'.
WARNING:  Option 'mip_integral_gap_rel' deprecated, please use 'mip_opt_gap_rel'.
WARNING:  Option 'mip_integral_gap_abs' deprecated, please use 'mip_opt_gap_abs'.
WARNING:  Option 'mip_integral_gap_rel' deprecated, please use 'mip_opt_gap_rel'.
WARNING:  Option 'mip_integral_gap_abs' deprecated, please use 'mip_opt_gap_abs'.
WARNING:  Option 'mip_integral_gap_rel' deprecated, please use 'mip_opt_gap_rel'.
WARNING:  Option 'mip_integral_gap_abs' deprecated, please use 'mip_opt_gap_abs'.
WARNING:  Option 'mip_integral_gap_rel' deprecated, please use 'mip_opt_gap_rel'.
WARNING:  Option 'mip_integral_gap_abs' deprecated, please use 'mip_opt_gap_abs'.
WARNING:  Option 'mip_integral_gap_rel' deprecated, please use 'mip_opt_gap_rel'.
WARNING:  Option 'mip_integral_gap_abs' deprecated, please use 'mip_opt_gap_abs'.
WARNING:  Option 'mip_integral_gap_rel' deprecated, please use 'mip_opt_gap_rel'.
WARNING:  Option 'mip_integral_gap_abs' deprecated, please use 'mip_opt_gap_abs'.
WARNING:  Option 'mip_integral_gap_rel' deprecated, please use 'mip_opt_gap_rel'.
WARNING:  Option 'mip_integral_gap_abs' deprecated, please use 'mip_opt_gap_abs'.
WARNING:  Option 'mip_integral_gap_rel' deprecated, please use 'mip_opt_gap_rel'.
WARNING:  Option 'mip_integral_gap_abs' deprecated, please use 'mip_opt_gap_abs'.
WARNING:  Option 'mip_integral_gap_rel' deprecated, please use 'mip_opt_gap_rel'.
WARNING:  Option 'mip_integral_gap_abs' deprecated, please use 'mip_opt_gap_abs'.
WARNING:  Option 'mip_integral_gap_rel' deprecated, please use 'mip_opt_gap_rel'.
WARNING:  Option 'mip_integral_gap_abs' deprecated, please use 'mip_opt_gap_abs'.
WARNING:  Option 'mip_integral_gap_rel' deprecated, please use 'mip_opt_gap_rel'.
    [θ-eval 30, gravity-feasible 7] seqR_mean=3.37e-04 ok=false seq_time=24.09s
WARNING:  Option 'mip_integral_gap_abs' deprecated, please use 'mip_opt_gap_abs'.
WARNING:  Option 'mip_integral_gap_rel' deprecated, please use 'mip_opt_gap_rel'.
WARNING:  Option 'mip_integral_gap_abs' deprecated, please use 'mip_opt_gap_abs'.
WARNING:  Option 'mip_integral_gap_rel' deprecated, please use 'mip_opt_gap_rel'.
WARNING:  Option 'mip_integral_gap_abs' deprecated, please use 'mip_opt_gap_abs'.
WARNING:  Option 'mip_integral_gap_rel' deprecated, please use 'mip_opt_gap_rel'.
WARNING:  Option 'mip_integral_gap_abs' deprecated, please use 'mip_opt_gap_abs'.
WARNING:  Option 'mip_integral_gap_rel' deprecated, please use 'mip_opt_gap_rel'.
WARNING:  Option 'mip_integral_gap_abs' deprecated, please use 'mip_opt_gap_abs'.
WARNING:  Option 'mip_integral_gap_rel' deprecated, please use 'mip_opt_gap_rel'.
WARNING:  Option 'mip_integral_gap_abs' deprecated, please use 'mip_opt_gap_abs'.
WARNING:  Option 'mip_integral_gap_rel' deprecated, please use 'mip_opt_gap_rel'.
WARNING:  Option 'mip_integral_gap_abs' deprecated, please use 'mip_opt_gap_abs'.
WARNING:  Option 'mip_integral_gap_rel' deprecated, please use 'mip_opt_gap_rel'.
WARNING:  Option 'mip_integral_gap_abs' deprecated, please use 'mip_opt_gap_abs'.
WARNING:  Option 'mip_integral_gap_rel' deprecated, please use 'mip_opt_gap_rel'.
WARNING:  Option 'mip_integral_gap_abs' deprecated, please use 'mip_opt_gap_abs'.
WARNING:  Option 'mip_integral_gap_rel' deprecated, please use 'mip_opt_gap_rel'.
WARNING:  Option 'mip_integral_gap_abs' deprecated, please use 'mip_opt_gap_abs'.
WARNING:  Option 'mip_integral_gap_rel' deprecated, please use 'mip_opt_gap_rel'.
WARNING:  Option 'mip_integral_gap_abs' deprecated, please use 'mip_opt_gap_abs'.
WARNING:  Option 'mip_integral_gap_rel' deprecated, please use 'mip_opt_gap_rel'.
WARNING:  Option 'mip_integral_gap_abs' deprecated, please use 'mip_opt_gap_abs'.
WARNING:  Option 'mip_integral_gap_rel' deprecated, please use 'mip_opt_gap_rel'.
WARNING:  Option 'mip_integral_gap_abs' deprecated, please use 'mip_opt_gap_abs'.
WARNING:  Option 'mip_integral_gap_rel' deprecated, please use 'mip_opt_gap_rel'.
WARNING:  Option 'mip_integral_gap_abs' deprecated, please use 'mip_opt_gap_abs'.
WARNING:  Option 'mip_integral_gap_rel' deprecated, please use 'mip_opt_gap_rel'.
WARNING:  Option 'mip_integral_gap_abs' deprecated, please use 'mip_opt_gap_abs'.
WARNING:  Option 'mip_integral_gap_rel' deprecated, please use 'mip_opt_gap_rel'.
WARNING:  Option 'mip_integral_gap_abs' deprecated, please use 'mip_opt_gap_abs'.
WARNING:  Option 'mip_integral_gap_rel' deprecated, please use 'mip_opt_gap_rel'.
WARNING:  Option 'mip_integral_gap_abs' deprecated, please use 'mip_opt_gap_abs'.
WARNING:  Option 'mip_integral_gap_rel' deprecated, please use 'mip_opt_gap_rel'.
WARNING:  Option 'mip_integral_gap_abs' deprecated, please use 'mip_opt_gap_abs'.
WARNING:  Option 'mip_integral_gap_rel' deprecated, please use 'mip_opt_gap_rel'.
WARNING:  Option 'mip_integral_gap_abs' deprecated, please use 'mip_opt_gap_abs'.
WARNING:  Option 'mip_integral_gap_rel' deprecated, please use 'mip_opt_gap_rel'.
WARNING:  Option 'mip_integral_gap_abs' deprecated, please use 'mip_opt_gap_abs'.
WARNING:  Option 'mip_integral_gap_rel' deprecated, please use 'mip_opt_gap_rel'.
WARNING:  Option 'mip_integral_gap_abs' deprecated, please use 'mip_opt_gap_abs'.
WARNING:  Option 'mip_integral_gap_rel' deprecated, please use 'mip_opt_gap_rel'.
WARNING:  Option 'mip_integral_gap_abs' deprecated, please use 'mip_opt_gap_abs'.
WARNING:  Option 'mip_integral_gap_rel' deprecated, please use 'mip_opt_gap_rel'.
WARNING:  Option 'mip_integral_gap_abs' deprecated, please use 'mip_opt_gap_abs'.
WARNING:  Option 'mip_integral_gap_rel' deprecated, please use 'mip_opt_gap_rel'.
WARNING:  Option 'mip_integral_gap_abs' deprecated, please use 'mip_opt_gap_abs'.
WARNING:  Option 'mip_integral_gap_rel' deprecated, please use 'mip_opt_gap_rel'.
WARNING:  Option 'mip_integral_gap_abs' deprecated, please use 'mip_opt_gap_abs'.
WARNING:  Option 'mip_integral_gap_rel' deprecated, please use 'mip_opt_gap_rel'.
WARNING:  Option 'mip_integral_gap_abs' deprecated, please use 'mip_opt_gap_abs'.
WARNING:  Option 'mip_integral_gap_rel' deprecated, please use 'mip_opt_gap_rel'.
WARNING:  Option 'mip_integral_gap_abs' deprecated, please use 'mip_opt_gap_abs'.
WARNING:  Option 'mip_integral_gap_rel' deprecated, please use 'mip_opt_gap_rel'.
WARNING:  Option 'mip_integral_gap_abs' deprecated, please use 'mip_opt_gap_abs'.
WARNING:  Option 'mip_integral_gap_rel' deprecated, please use 'mip_opt_gap_rel'.
WARNING:  Option 'mip_integral_gap_abs' deprecated, please use 'mip_opt_gap_abs'.
WARNING:  Option 'mip_integral_gap_rel' deprecated, please use 'mip_opt_gap_rel'.
WARNING:  Option 'mip_integral_gap_abs' deprecated, please use 'mip_opt_gap_abs'.
WARNING:  Option 'mip_integral_gap_rel' deprecated, please use 'mip_opt_gap_rel'.
WARNING:  Option 'mip_integral_gap_abs' deprecated, please use 'mip_opt_gap_abs'.
WARNING:  Option 'mip_integral_gap_rel' deprecated, please use 'mip_opt_gap_rel'.
WARNING:  Option 'mip_integral_gap_abs' deprecated, please use 'mip_opt_gap_abs'.
WARNING:  Option 'mip_integral_gap_rel' deprecated, please use 'mip_opt_gap_rel'.
WARNING:  Option 'mip_integral_gap_abs' deprecated, please use 'mip_opt_gap_abs'.
WARNING:  Option 'mip_integral_gap_rel' deprecated, please use 'mip_opt_gap_rel'.
WARNING:  Option 'mip_integral_gap_abs' deprecated, please use 'mip_opt_gap_abs'.
WARNING:  Option 'mip_integral_gap_rel' deprecated, please use 'mip_opt_gap_rel'.
WARNING:  Option 'mip_integral_gap_abs' deprecated, please use 'mip_opt_gap_abs'.
WARNING:  Option 'mip_integral_gap_rel' deprecated, please use 'mip_opt_gap_rel'.
WARNING:  Option 'mip_integral_gap_abs' deprecated, please use 'mip_opt_gap_abs'.
WARNING:  Option 'mip_integral_gap_rel' deprecated, please use 'mip_opt_gap_rel'.
WARNING:  Option 'mip_integral_gap_abs' deprecated, please use 'mip_opt_gap_abs'.
WARNING:  Option 'mip_integral_gap_rel' deprecated, please use 'mip_opt_gap_rel'.
WARNING:  Option 'mip_integral_gap_abs' deprecated, please use 'mip_opt_gap_abs'.
WARNING:  Option 'mip_integral_gap_rel' deprecated, please use 'mip_opt_gap_rel'.
WARNING:  Option 'mip_integral_gap_abs' deprecated, please use 'mip_opt_gap_abs'.
WARNING:  Option 'mip_integral_gap_rel' deprecated, please use 'mip_opt_gap_rel'.
WARNING:  Option 'mip_integral_gap_abs' deprecated, please use 'mip_opt_gap_abs'.
WARNING:  Option 'mip_integral_gap_rel' deprecated, please use 'mip_opt_gap_rel'.
WARNING:  Option 'mip_integral_gap_abs' deprecated, please use 'mip_opt_gap_abs'.
WARNING:  Option 'mip_integral_gap_rel' deprecated, please use 'mip_opt_gap_rel'.
WARNING:  Option 'mip_integral_gap_abs' deprecated, please use 'mip_opt_gap_abs'.
WARNING:  Option 'mip_integral_gap_rel' deprecated, please use 'mip_opt_gap_rel'.
WARNING:  Option 'mip_integral_gap_abs' deprecated, please use 'mip_opt_gap_abs'.
WARNING:  Option 'mip_integral_gap_rel' deprecated, please use 'mip_opt_gap_rel'.
WARNING:  Option 'mip_integral_gap_abs' deprecated, please use 'mip_opt_gap_abs'.
WARNING:  Option 'mip_integral_gap_rel' deprecated, please use 'mip_opt_gap_rel'.
WARNING:  Option 'mip_integral_gap_abs' deprecated, please use 'mip_opt_gap_abs'.
WARNING:  Option 'mip_integral_gap_rel' deprecated, please use 'mip_opt_gap_rel'.
WARNING:  Option 'mip_integral_gap_abs' deprecated, please use 'mip_opt_gap_abs'.
WARNING:  Option 'mip_integral_gap_rel' deprecated, please use 'mip_opt_gap_rel'.
WARNING:  Option 'mip_integral_gap_abs' deprecated, please use 'mip_opt_gap_abs'.
WARNING:  Option 'mip_integral_gap_rel' deprecated, please use 'mip_opt_gap_rel'.
WARNING:  Option 'mip_integral_gap_abs' deprecated, please use 'mip_opt_gap_abs'.
WARNING:  Option 'mip_integral_gap_rel' deprecated, please use 'mip_opt_gap_rel'.
WARNING:  Option 'mip_integral_gap_abs' deprecated, please use 'mip_opt_gap_abs'.
WARNING:  Option 'mip_integral_gap_rel' deprecated, please use 'mip_opt_gap_rel'.
WARNING:  Option 'mip_integral_gap_abs' deprecated, please use 'mip_opt_gap_abs'.
WARNING:  Option 'mip_integral_gap_rel' deprecated, please use 'mip_opt_gap_rel'.
WARNING:  Option 'mip_integral_gap_abs' deprecated, please use 'mip_opt_gap_abs'.
WARNING:  Option 'mip_integral_gap_rel' deprecated, please use 'mip_opt_gap_rel'.
WARNING:  Option 'mip_integral_gap_abs' deprecated, please use 'mip_opt_gap_abs'.
WARNING:  Option 'mip_integral_gap_rel' deprecated, please use 'mip_opt_gap_rel'.
WARNING:  Option 'mip_integral_gap_abs' deprecated, please use 'mip_opt_gap_abs'.
WARNING:  Option 'mip_integral_gap_rel' deprecated, please use 'mip_opt_gap_rel'.
WARNING:  Option 'mip_integral_gap_abs' deprecated, please use 'mip_opt_gap_abs'.
WARNING:  Option 'mip_integral_gap_rel' deprecated, please use 'mip_opt_gap_rel'.
WARNING:  Option 'mip_integral_gap_abs' deprecated, please use 'mip_opt_gap_abs'.
WARNING:  Option 'mip_integral_gap_rel' deprecated, please use 'mip_opt_gap_rel'.
WARNING:  Option 'mip_integral_gap_abs' deprecated, please use 'mip_opt_gap_abs'.
WARNING:  Option 'mip_integral_gap_rel' deprecated, please use 'mip_opt_gap_rel'.
WARNING:  Option 'mip_integral_gap_abs' deprecated, please use 'mip_opt_gap_abs'.
WARNING:  Option 'mip_integral_gap_rel' deprecated, please use 'mip_opt_gap_rel'.
WARNING:  Option 'mip_integral_gap_abs' deprecated, please use 'mip_opt_gap_abs'.
WARNING:  Option 'mip_integral_gap_rel' deprecated, please use 'mip_opt_gap_rel'.
WARNING:  Option 'mip_integral_gap_abs' deprecated, please use 'mip_opt_gap_abs'.
WARNING:  Option 'mip_integral_gap_rel' deprecated, please use 'mip_opt_gap_rel'.
WARNING:  Option 'mip_integral_gap_abs' deprecated, please use 'mip_opt_gap_abs'.
WARNING:  Option 'mip_integral_gap_rel' deprecated, please use 'mip_opt_gap_rel'.
WARNING:  Option 'mip_integral_gap_abs' deprecated, please use 'mip_opt_gap_abs'.
WARNING:  Option 'mip_integral_gap_rel' deprecated, please use 'mip_opt_gap_rel'.
WARNING:  Option 'mip_integral_gap_abs' deprecated, please use 'mip_opt_gap_abs'.
WARNING:  Option 'mip_integral_gap_rel' deprecated, please use 'mip_opt_gap_rel'.
WARNING:  Option 'mip_integral_gap_abs' deprecated, please use 'mip_opt_gap_abs'.
WARNING:  Option 'mip_integral_gap_rel' deprecated, please use 'mip_opt_gap_rel'.
WARNING:  Option 'mip_integral_gap_abs' deprecated, please use 'mip_opt_gap_abs'.
WARNING:  Option 'mip_integral_gap_rel' deprecated, please use 'mip_opt_gap_rel'.
WARNING:  Option 'mip_integral_gap_abs' deprecated, please use 'mip_opt_gap_abs'.
WARNING:  Option 'mip_integral_gap_rel' deprecated, please use 'mip_opt_gap_rel'.
WARNING:  Option 'mip_integral_gap_abs' deprecated, please use 'mip_opt_gap_abs'.
WARNING:  Option 'mip_integral_gap_rel' deprecated, please use 'mip_opt_gap_rel'.
WARNING:  Option 'mip_integral_gap_abs' deprecated, please use 'mip_opt_gap_abs'.
WARNING:  Option 'mip_integral_gap_rel' deprecated, please use 'mip_opt_gap_rel'.
WARNING:  Option 'mip_integral_gap_abs' deprecated, please use 'mip_opt_gap_abs'.
WARNING:  Option 'mip_integral_gap_rel' deprecated, please use 'mip_opt_gap_rel'.
WARNING:  Option 'mip_integral_gap_abs' deprecated, please use 'mip_opt_gap_abs'.
WARNING:  Option 'mip_integral_gap_rel' deprecated, please use 'mip_opt_gap_rel'.
WARNING:  Option 'mip_integral_gap_abs' deprecated, please use 'mip_opt_gap_abs'.
WARNING:  Option 'mip_integral_gap_rel' deprecated, please use 'mip_opt_gap_rel'.
WARNING:  Option 'mip_integral_gap_abs' deprecated, please use 'mip_opt_gap_abs'.
WARNING:  Option 'mip_integral_gap_rel' deprecated, please use 'mip_opt_gap_rel'.
WARNING:  Option 'mip_integral_gap_abs' deprecated, please use 'mip_opt_gap_abs'.
WARNING:  Option 'mip_integral_gap_rel' deprecated, please use 'mip_opt_gap_rel'.
WARNING:  Option 'mip_integral_gap_abs' deprecated, please use 'mip_opt_gap_abs'.
WARNING:  Option 'mip_integral_gap_rel' deprecated, please use 'mip_opt_gap_rel'.
WARNING:  Option 'mip_integral_gap_abs' deprecated, please use 'mip_opt_gap_abs'.
WARNING:  Option 'mip_integral_gap_rel' deprecated, please use 'mip_opt_gap_rel'.
WARNING:  Option 'mip_integral_gap_abs' deprecated, please use 'mip_opt_gap_abs'.
WARNING:  Option 'mip_integral_gap_rel' deprecated, please use 'mip_opt_gap_rel'.
WARNING:  Option 'mip_integral_gap_abs' deprecated, please use 'mip_opt_gap_abs'.
WARNING:  Option 'mip_integral_gap_rel' deprecated, please use 'mip_opt_gap_rel'.
WARNING:  Option 'mip_integral_gap_abs' deprecated, please use 'mip_opt_gap_abs'.
WARNING:  Option 'mip_integral_gap_rel' deprecated, please use 'mip_opt_gap_rel'.
WARNING:  Option 'mip_integral_gap_abs' deprecated, please use 'mip_opt_gap_abs'.
WARNING:  Option 'mip_integral_gap_rel' deprecated, please use 'mip_opt_gap_rel'.
WARNING:  Option 'mip_integral_gap_abs' deprecated, please use 'mip_opt_gap_abs'.
WARNING:  Option 'mip_integral_gap_rel' deprecated, please use 'mip_opt_gap_rel'.
WARNING:  Option 'mip_integral_gap_abs' deprecated, please use 'mip_opt_gap_abs'.
WARNING:  Option 'mip_integral_gap_rel' deprecated, please use 'mip_opt_gap_rel'.
WARNING:  Option 'mip_integral_gap_abs' deprecated, please use 'mip_opt_gap_abs'.
WARNING:  Option 'mip_integral_gap_rel' deprecated, please use 'mip_opt_gap_rel'.
WARNING:  Option 'mip_integral_gap_abs' deprecated, please use 'mip_opt_gap_abs'.
WARNING:  Option 'mip_integral_gap_rel' deprecated, please use 'mip_opt_gap_rel'.
WARNING:  Option 'mip_integral_gap_abs' deprecated, please use 'mip_opt_gap_abs'.
WARNING:  Option 'mip_integral_gap_rel' deprecated, please use 'mip_opt_gap_rel'.
WARNING:  Option 'mip_integral_gap_abs' deprecated, please use 'mip_opt_gap_abs'.
WARNING:  Option 'mip_integral_gap_rel' deprecated, please use 'mip_opt_gap_rel'.
WARNING:  Option 'mip_integral_gap_abs' deprecated, please use 'mip_opt_gap_abs'.
WARNING:  Option 'mip_integral_gap_rel' deprecated, please use 'mip_opt_gap_rel'.
WARNING:  Option 'mip_integral_gap_abs' deprecated, please use 'mip_opt_gap_abs'.
WARNING:  Option 'mip_integral_gap_rel' deprecated, please use 'mip_opt_gap_rel'.
WARNING:  Option 'mip_integral_gap_abs' deprecated, please use 'mip_opt_gap_abs'.
WARNING:  Option 'mip_integral_gap_rel' deprecated, please use 'mip_opt_gap_rel'.
WARNING:  Option 'mip_integral_gap_abs' deprecated, please use 'mip_opt_gap_abs'.
WARNING:  Option 'mip_integral_gap_rel' deprecated, please use 'mip_opt_gap_rel'.
WARNING:  Option 'mip_integral_gap_abs' deprecated, please use 'mip_opt_gap_abs'.
WARNING:  Option 'mip_integral_gap_rel' deprecated, please use 'mip_opt_gap_rel'.
WARNING:  Option 'mip_integral_gap_abs' deprecated, please use 'mip_opt_gap_abs'.
WARNING:  Option 'mip_integral_gap_rel' deprecated, please use 'mip_opt_gap_rel'.
WARNING:  Option 'mip_integral_gap_abs' deprecated, please use 'mip_opt_gap_abs'.
WARNING:  Option 'mip_integral_gap_rel' deprecated, please use 'mip_opt_gap_rel'.
WARNING:  Option 'mip_integral_gap_abs' deprecated, please use 'mip_opt_gap_abs'.
WARNING:  Option 'mip_integral_gap_rel' deprecated, please use 'mip_opt_gap_rel'.
WARNING:  Option 'mip_integral_gap_abs' deprecated, please use 'mip_opt_gap_abs'.
WARNING:  Option 'mip_integral_gap_rel' deprecated, please use 'mip_opt_gap_rel'.
WARNING:  Option 'mip_integral_gap_abs' deprecated, please use 'mip_opt_gap_abs'.
WARNING:  Option 'mip_integral_gap_rel' deprecated, please use 'mip_opt_gap_rel'.
WARNING:  Option 'mip_integral_gap_abs' deprecated, please use 'mip_opt_gap_abs'.
WARNING:  Option 'mip_integral_gap_rel' deprecated, please use 'mip_opt_gap_rel'.
    [θ-eval 40, gravity-feasible 8] seqR_mean=4.96e-04 ok=false seq_time=12.92s
WARNING:  Option 'mip_integral_gap_abs' deprecated, please use 'mip_opt_gap_abs'.
WARNING:  Option 'mip_integral_gap_rel' deprecated, please use 'mip_opt_gap_rel'.
WARNING:  Option 'mip_integral_gap_abs' deprecated, please use 'mip_opt_gap_abs'.
WARNING:  Option 'mip_integral_gap_rel' deprecated, please use 'mip_opt_gap_rel'.
WARNING:  Option 'mip_integral_gap_abs' deprecated, please use 'mip_opt_gap_abs'.
WARNING:  Option 'mip_integral_gap_rel' deprecated, please use 'mip_opt_gap_rel'.
WARNING:  Option 'mip_integral_gap_abs' deprecated, please use 'mip_opt_gap_abs'.
WARNING:  Option 'mip_integral_gap_rel' deprecated, please use 'mip_opt_gap_rel'.
WARNING:  Option 'mip_integral_gap_abs' deprecated, please use 'mip_opt_gap_abs'.
WARNING:  Option 'mip_integral_gap_rel' deprecated, please use 'mip_opt_gap_rel'.
WARNING:  Option 'mip_integral_gap_abs' deprecated, please use 'mip_opt_gap_abs'.
WARNING:  Option 'mip_integral_gap_rel' deprecated, please use 'mip_opt_gap_rel'.
WARNING:  Option 'mip_integral_gap_abs' deprecated, please use 'mip_opt_gap_abs'.
WARNING:  Option 'mip_integral_gap_rel' deprecated, please use 'mip_opt_gap_rel'.
WARNING:  Option 'mip_integral_gap_abs' deprecated, please use 'mip_opt_gap_abs'.
WARNING:  Option 'mip_integral_gap_rel' deprecated, please use 'mip_opt_gap_rel'.
WARNING:  Option 'mip_integral_gap_abs' deprecated, please use 'mip_opt_gap_abs'.
WARNING:  Option 'mip_integral_gap_rel' deprecated, please use 'mip_opt_gap_rel'.
WARNING:  Option 'mip_integral_gap_abs' deprecated, please use 'mip_opt_gap_abs'.
WARNING:  Option 'mip_integral_gap_rel' deprecated, please use 'mip_opt_gap_rel'.
WARNING:  Option 'mip_integral_gap_abs' deprecated, please use 'mip_opt_gap_abs'.
WARNING:  Option 'mip_integral_gap_rel' deprecated, please use 'mip_opt_gap_rel'.
WARNING:  Option 'mip_integral_gap_abs' deprecated, please use 'mip_opt_gap_abs'.
WARNING:  Option 'mip_integral_gap_rel' deprecated, please use 'mip_opt_gap_rel'.
WARNING:  Option 'mip_integral_gap_abs' deprecated, please use 'mip_opt_gap_abs'.
WARNING:  Option 'mip_integral_gap_rel' deprecated, please use 'mip_opt_gap_rel'.
WARNING:  Option 'mip_integral_gap_abs' deprecated, please use 'mip_opt_gap_abs'.
WARNING:  Option 'mip_integral_gap_rel' deprecated, please use 'mip_opt_gap_rel'.
WARNING:  Option 'mip_integral_gap_abs' deprecated, please use 'mip_opt_gap_abs'.
WARNING:  Option 'mip_integral_gap_rel' deprecated, please use 'mip_opt_gap_rel'.
WARNING:  Option 'mip_integral_gap_abs' deprecated, please use 'mip_opt_gap_abs'.
WARNING:  Option 'mip_integral_gap_rel' deprecated, please use 'mip_opt_gap_rel'.
WARNING:  Option 'mip_integral_gap_abs' deprecated, please use 'mip_opt_gap_abs'.
WARNING:  Option 'mip_integral_gap_rel' deprecated, please use 'mip_opt_gap_rel'.
WARNING:  Option 'mip_integral_gap_abs' deprecated, please use 'mip_opt_gap_abs'.
WARNING:  Option 'mip_integral_gap_rel' deprecated, please use 'mip_opt_gap_rel'.
WARNING:  Option 'mip_integral_gap_abs' deprecated, please use 'mip_opt_gap_abs'.
WARNING:  Option 'mip_integral_gap_rel' deprecated, please use 'mip_opt_gap_rel'.
WARNING:  Option 'mip_integral_gap_abs' deprecated, please use 'mip_opt_gap_abs'.
WARNING:  Option 'mip_integral_gap_rel' deprecated, please use 'mip_opt_gap_rel'.
WARNING:  Option 'mip_integral_gap_abs' deprecated, please use 'mip_opt_gap_abs'.
WARNING:  Option 'mip_integral_gap_rel' deprecated, please use 'mip_opt_gap_rel'.
WARNING:  Option 'mip_integral_gap_abs' deprecated, please use 'mip_opt_gap_abs'.
WARNING:  Option 'mip_integral_gap_rel' deprecated, please use 'mip_opt_gap_rel'.
WARNING:  Option 'mip_integral_gap_abs' deprecated, please use 'mip_opt_gap_abs'.
WARNING:  Option 'mip_integral_gap_rel' deprecated, please use 'mip_opt_gap_rel'.
WARNING:  Option 'mip_integral_gap_abs' deprecated, please use 'mip_opt_gap_abs'.
WARNING:  Option 'mip_integral_gap_rel' deprecated, please use 'mip_opt_gap_rel'.
WARNING:  Option 'mip_integral_gap_abs' deprecated, please use 'mip_opt_gap_abs'.
WARNING:  Option 'mip_integral_gap_rel' deprecated, please use 'mip_opt_gap_rel'.
WARNING:  Option 'mip_integral_gap_abs' deprecated, please use 'mip_opt_gap_abs'.
WARNING:  Option 'mip_integral_gap_rel' deprecated, please use 'mip_opt_gap_rel'.
WARNING:  Option 'mip_integral_gap_abs' deprecated, please use 'mip_opt_gap_abs'.
WARNING:  Option 'mip_integral_gap_rel' deprecated, please use 'mip_opt_gap_rel'.
WARNING:  Option 'mip_integral_gap_abs' deprecated, please use 'mip_opt_gap_abs'.
WARNING:  Option 'mip_integral_gap_rel' deprecated, please use 'mip_opt_gap_rel'.
WARNING:  Option 'mip_integral_gap_abs' deprecated, please use 'mip_opt_gap_abs'.
WARNING:  Option 'mip_integral_gap_rel' deprecated, please use 'mip_opt_gap_rel'.
WARNING:  Option 'mip_integral_gap_abs' deprecated, please use 'mip_opt_gap_abs'.
WARNING:  Option 'mip_integral_gap_rel' deprecated, please use 'mip_opt_gap_rel'.
WARNING:  Option 'mip_integral_gap_abs' deprecated, please use 'mip_opt_gap_abs'.
WARNING:  Option 'mip_integral_gap_rel' deprecated, please use 'mip_opt_gap_rel'.
WARNING:  Option 'mip_integral_gap_abs' deprecated, please use 'mip_opt_gap_abs'.
WARNING:  Option 'mip_integral_gap_rel' deprecated, please use 'mip_opt_gap_rel'.
WARNING:  Option 'mip_integral_gap_abs' deprecated, please use 'mip_opt_gap_abs'.
WARNING:  Option 'mip_integral_gap_rel' deprecated, please use 'mip_opt_gap_rel'.
WARNING:  Option 'mip_integral_gap_abs' deprecated, please use 'mip_opt_gap_abs'.
WARNING:  Option 'mip_integral_gap_rel' deprecated, please use 'mip_opt_gap_rel'.
WARNING:  Option 'mip_integral_gap_abs' deprecated, please use 'mip_opt_gap_abs'.
WARNING:  Option 'mip_integral_gap_rel' deprecated, please use 'mip_opt_gap_rel'.
WARNING:  Option 'mip_integral_gap_abs' deprecated, please use 'mip_opt_gap_abs'.
WARNING:  Option 'mip_integral_gap_rel' deprecated, please use 'mip_opt_gap_rel'.
WARNING:  Option 'mip_integral_gap_abs' deprecated, please use 'mip_opt_gap_abs'.
WARNING:  Option 'mip_integral_gap_rel' deprecated, please use 'mip_opt_gap_rel'.
WARNING:  Option 'mip_integral_gap_abs' deprecated, please use 'mip_opt_gap_abs'.
WARNING:  Option 'mip_integral_gap_rel' deprecated, please use 'mip_opt_gap_rel'.
WARNING:  Option 'mip_integral_gap_abs' deprecated, please use 'mip_opt_gap_abs'.
WARNING:  Option 'mip_integral_gap_rel' deprecated, please use 'mip_opt_gap_rel'.
WARNING:  Option 'mip_integral_gap_abs' deprecated, please use 'mip_opt_gap_abs'.
WARNING:  Option 'mip_integral_gap_rel' deprecated, please use 'mip_opt_gap_rel'.
WARNING:  Option 'mip_integral_gap_abs' deprecated, please use 'mip_opt_gap_abs'.
WARNING:  Option 'mip_integral_gap_rel' deprecated, please use 'mip_opt_gap_rel'.
WARNING:  Option 'mip_integral_gap_abs' deprecated, please use 'mip_opt_gap_abs'.
WARNING:  Option 'mip_integral_gap_rel' deprecated, please use 'mip_opt_gap_rel'.
WARNING:  Option 'mip_integral_gap_abs' deprecated, please use 'mip_opt_gap_abs'.
WARNING:  Option 'mip_integral_gap_rel' deprecated, please use 'mip_opt_gap_rel'.
WARNING:  Option 'mip_integral_gap_abs' deprecated, please use 'mip_opt_gap_abs'.
WARNING:  Option 'mip_integral_gap_rel' deprecated, please use 'mip_opt_gap_rel'.
WARNING:  Option 'mip_integral_gap_abs' deprecated, please use 'mip_opt_gap_abs'.
WARNING:  Option 'mip_integral_gap_rel' deprecated, please use 'mip_opt_gap_rel'.
WARNING:  Option 'mip_integral_gap_abs' deprecated, please use 'mip_opt_gap_abs'.
WARNING:  Option 'mip_integral_gap_rel' deprecated, please use 'mip_opt_gap_rel'.
WARNING:  Option 'mip_integral_gap_abs' deprecated, please use 'mip_opt_gap_abs'.
WARNING:  Option 'mip_integral_gap_rel' deprecated, please use 'mip_opt_gap_rel'.
WARNING:  Option 'mip_integral_gap_abs' deprecated, please use 'mip_opt_gap_abs'.
WARNING:  Option 'mip_integral_gap_rel' deprecated, please use 'mip_opt_gap_rel'.
WARNING:  Option 'mip_integral_gap_abs' deprecated, please use 'mip_opt_gap_abs'.
WARNING:  Option 'mip_integral_gap_rel' deprecated, please use 'mip_opt_gap_rel'.
WARNING:  Option 'mip_integral_gap_abs' deprecated, please use 'mip_opt_gap_abs'.
WARNING:  Option 'mip_integral_gap_rel' deprecated, please use 'mip_opt_gap_rel'.
WARNING:  Option 'mip_integral_gap_abs' deprecated, please use 'mip_opt_gap_abs'.
WARNING:  Option 'mip_integral_gap_rel' deprecated, please use 'mip_opt_gap_rel'.
WARNING:  Option 'mip_integral_gap_abs' deprecated, please use 'mip_opt_gap_abs'.
WARNING:  Option 'mip_integral_gap_rel' deprecated, please use 'mip_opt_gap_rel'.
WARNING:  Option 'mip_integral_gap_abs' deprecated, please use 'mip_opt_gap_abs'.
WARNING:  Option 'mip_integral_gap_rel' deprecated, please use 'mip_opt_gap_rel'.
WARNING:  Option 'mip_integral_gap_abs' deprecated, please use 'mip_opt_gap_abs'.
WARNING:  Option 'mip_integral_gap_rel' deprecated, please use 'mip_opt_gap_rel'.
WARNING:  Option 'mip_integral_gap_abs' deprecated, please use 'mip_opt_gap_abs'.
WARNING:  Option 'mip_integral_gap_rel' deprecated, please use 'mip_opt_gap_rel'.
WARNING:  Option 'mip_integral_gap_abs' deprecated, please use 'mip_opt_gap_abs'.
WARNING:  Option 'mip_integral_gap_rel' deprecated, please use 'mip_opt_gap_rel'.
WARNING:  Option 'mip_integral_gap_abs' deprecated, please use 'mip_opt_gap_abs'.
WARNING:  Option 'mip_integral_gap_rel' deprecated, please use 'mip_opt_gap_rel'.
WARNING:  Option 'mip_integral_gap_abs' deprecated, please use 'mip_opt_gap_abs'.
WARNING:  Option 'mip_integral_gap_rel' deprecated, please use 'mip_opt_gap_rel'.
WARNING:  Option 'mip_integral_gap_abs' deprecated, please use 'mip_opt_gap_abs'.
WARNING:  Option 'mip_integral_gap_rel' deprecated, please use 'mip_opt_gap_rel'.
WARNING:  Option 'mip_integral_gap_abs' deprecated, please use 'mip_opt_gap_abs'.
WARNING:  Option 'mip_integral_gap_rel' deprecated, please use 'mip_opt_gap_rel'.
WARNING:  Option 'mip_integral_gap_abs' deprecated, please use 'mip_opt_gap_abs'.
WARNING:  Option 'mip_integral_gap_rel' deprecated, please use 'mip_opt_gap_rel'.
WARNING:  Option 'mip_integral_gap_abs' deprecated, please use 'mip_opt_gap_abs'.
WARNING:  Option 'mip_integral_gap_rel' deprecated, please use 'mip_opt_gap_rel'.
WARNING:  Option 'mip_integral_gap_abs' deprecated, please use 'mip_opt_gap_abs'.
WARNING:  Option 'mip_integral_gap_rel' deprecated, please use 'mip_opt_gap_rel'.
WARNING:  Option 'mip_integral_gap_abs' deprecated, please use 'mip_opt_gap_abs'.
WARNING:  Option 'mip_integral_gap_rel' deprecated, please use 'mip_opt_gap_rel'.
WARNING:  Option 'mip_integral_gap_abs' deprecated, please use 'mip_opt_gap_abs'.
WARNING:  Option 'mip_integral_gap_rel' deprecated, please use 'mip_opt_gap_rel'.
WARNING:  Option 'mip_integral_gap_abs' deprecated, please use 'mip_opt_gap_abs'.
WARNING:  Option 'mip_integral_gap_rel' deprecated, please use 'mip_opt_gap_rel'.
WARNING:  Option 'mip_integral_gap_abs' deprecated, please use 'mip_opt_gap_abs'.
WARNING:  Option 'mip_integral_gap_rel' deprecated, please use 'mip_opt_gap_rel'.
WARNING:  Option 'mip_integral_gap_abs' deprecated, please use 'mip_opt_gap_abs'.
WARNING:  Option 'mip_integral_gap_rel' deprecated, please use 'mip_opt_gap_rel'.
WARNING:  Option 'mip_integral_gap_abs' deprecated, please use 'mip_opt_gap_abs'.
WARNING:  Option 'mip_integral_gap_rel' deprecated, please use 'mip_opt_gap_rel'.
WARNING:  Option 'mip_integral_gap_abs' deprecated, please use 'mip_opt_gap_abs'.
WARNING:  Option 'mip_integral_gap_rel' deprecated, please use 'mip_opt_gap_rel'.
WARNING:  Option 'mip_integral_gap_abs' deprecated, please use 'mip_opt_gap_abs'.
WARNING:  Option 'mip_integral_gap_rel' deprecated, please use 'mip_opt_gap_rel'.
WARNING:  Option 'mip_integral_gap_abs' deprecated, please use 'mip_opt_gap_abs'.
WARNING:  Option 'mip_integral_gap_rel' deprecated, please use 'mip_opt_gap_rel'.
WARNING:  Option 'mip_integral_gap_abs' deprecated, please use 'mip_opt_gap_abs'.
WARNING:  Option 'mip_integral_gap_rel' deprecated, please use 'mip_opt_gap_rel'.
WARNING:  Option 'mip_integral_gap_abs' deprecated, please use 'mip_opt_gap_abs'.
WARNING:  Option 'mip_integral_gap_rel' deprecated, please use 'mip_opt_gap_rel'.
WARNING:  Option 'mip_integral_gap_abs' deprecated, please use 'mip_opt_gap_abs'.
WARNING:  Option 'mip_integral_gap_rel' deprecated, please use 'mip_opt_gap_rel'.
WARNING:  Option 'mip_integral_gap_abs' deprecated, please use 'mip_opt_gap_abs'.
WARNING:  Option 'mip_integral_gap_rel' deprecated, please use 'mip_opt_gap_rel'.
WARNING:  Option 'mip_integral_gap_abs' deprecated, please use 'mip_opt_gap_abs'.
WARNING:  Option 'mip_integral_gap_rel' deprecated, please use 'mip_opt_gap_rel'.
WARNING:  Option 'mip_integral_gap_abs' deprecated, please use 'mip_opt_gap_abs'.
WARNING:  Option 'mip_integral_gap_rel' deprecated, please use 'mip_opt_gap_rel'.
WARNING:  Option 'mip_integral_gap_abs' deprecated, please use 'mip_opt_gap_abs'.
WARNING:  Option 'mip_integral_gap_rel' deprecated, please use 'mip_opt_gap_rel'.
WARNING:  Option 'mip_integral_gap_abs' deprecated, please use 'mip_opt_gap_abs'.
WARNING:  Option 'mip_integral_gap_rel' deprecated, please use 'mip_opt_gap_rel'.
WARNING:  Option 'mip_integral_gap_abs' deprecated, please use 'mip_opt_gap_abs'.
WARNING:  Option 'mip_integral_gap_rel' deprecated, please use 'mip_opt_gap_rel'.
WARNING:  Option 'mip_integral_gap_abs' deprecated, please use 'mip_opt_gap_abs'.
WARNING:  Option 'mip_integral_gap_rel' deprecated, please use 'mip_opt_gap_rel'.
WARNING:  Option 'mip_integral_gap_abs' deprecated, please use 'mip_opt_gap_abs'.
WARNING:  Option 'mip_integral_gap_rel' deprecated, please use 'mip_opt_gap_rel'.
WARNING:  Option 'mip_integral_gap_abs' deprecated, please use 'mip_opt_gap_abs'.
WARNING:  Option 'mip_integral_gap_rel' deprecated, please use 'mip_opt_gap_rel'.
WARNING:  Option 'mip_integral_gap_abs' deprecated, please use 'mip_opt_gap_abs'.
WARNING:  Option 'mip_integral_gap_rel' deprecated, please use 'mip_opt_gap_rel'.
WARNING:  Option 'mip_integral_gap_abs' deprecated, please use 'mip_opt_gap_abs'.
WARNING:  Option 'mip_integral_gap_rel' deprecated, please use 'mip_opt_gap_rel'.
WARNING:  Option 'mip_integral_gap_abs' deprecated, please use 'mip_opt_gap_abs'.
WARNING:  Option 'mip_integral_gap_rel' deprecated, please use 'mip_opt_gap_rel'.
WARNING:  Option 'mip_integral_gap_abs' deprecated, please use 'mip_opt_gap_abs'.
WARNING:  Option 'mip_integral_gap_rel' deprecated, please use 'mip_opt_gap_rel'.
WARNING:  Option 'mip_integral_gap_abs' deprecated, please use 'mip_opt_gap_abs'.
WARNING:  Option 'mip_integral_gap_rel' deprecated, please use 'mip_opt_gap_rel'.
WARNING:  Option 'mip_integral_gap_abs' deprecated, please use 'mip_opt_gap_abs'.
WARNING:  Option 'mip_integral_gap_rel' deprecated, please use 'mip_opt_gap_rel'.
WARNING:  Option 'mip_integral_gap_abs' deprecated, please use 'mip_opt_gap_abs'.
WARNING:  Option 'mip_integral_gap_rel' deprecated, please use 'mip_opt_gap_rel'.
WARNING:  Option 'mip_integral_gap_abs' deprecated, please use 'mip_opt_gap_abs'.
WARNING:  Option 'mip_integral_gap_rel' deprecated, please use 'mip_opt_gap_rel'.
WARNING:  Option 'mip_integral_gap_abs' deprecated, please use 'mip_opt_gap_abs'.
WARNING:  Option 'mip_integral_gap_rel' deprecated, please use 'mip_opt_gap_rel'.
WARNING:  Option 'mip_integral_gap_abs' deprecated, please use 'mip_opt_gap_abs'.
WARNING:  Option 'mip_integral_gap_rel' deprecated, please use 'mip_opt_gap_rel'.
WARNING:  Option 'mip_integral_gap_abs' deprecated, please use 'mip_opt_gap_abs'.
WARNING:  Option 'mip_integral_gap_rel' deprecated, please use 'mip_opt_gap_rel'.
WARNING:  Option 'mip_integral_gap_abs' deprecated, please use 'mip_opt_gap_abs'.
WARNING:  Option 'mip_integral_gap_rel' deprecated, please use 'mip_opt_gap_rel'.
WARNING:  Option 'mip_integral_gap_abs' deprecated, please use 'mip_opt_gap_abs'.
WARNING:  Option 'mip_integral_gap_rel' deprecated, please use 'mip_opt_gap_rel'.
WARNING:  Option 'mip_integral_gap_abs' deprecated, please use 'mip_opt_gap_abs'.
WARNING:  Option 'mip_integral_gap_rel' deprecated, please use 'mip_opt_gap_rel'.
WARNING:  Option 'mip_integral_gap_abs' deprecated, please use 'mip_opt_gap_abs'.
WARNING:  Option 'mip_integral_gap_rel' deprecated, please use 'mip_opt_gap_rel'.
WARNING:  Option 'mip_integral_gap_abs' deprecated, please use 'mip_opt_gap_abs'.
WARNING:  Option 'mip_integral_gap_rel' deprecated, please use 'mip_opt_gap_rel'.
WARNING:  Option 'mip_integral_gap_abs' deprecated, please use 'mip_opt_gap_abs'.
WARNING:  Option 'mip_integral_gap_rel' deprecated, please use 'mip_opt_gap_rel'.
WARNING:  Option 'mip_integral_gap_abs' deprecated, please use 'mip_opt_gap_abs'.
WARNING:  Option 'mip_integral_gap_rel' deprecated, please use 'mip_opt_gap_rel'.
WARNING:  Option 'mip_integral_gap_abs' deprecated, please use 'mip_opt_gap_abs'.
WARNING:  Option 'mip_integral_gap_rel' deprecated, please use 'mip_opt_gap_rel'.
WARNING:  Option 'mip_integral_gap_abs' deprecated, please use 'mip_opt_gap_abs'.
WARNING:  Option 'mip_integral_gap_rel' deprecated, please use 'mip_opt_gap_rel'.
WARNING:  Option 'mip_integral_gap_abs' deprecated, please use 'mip_opt_gap_abs'.
WARNING:  Option 'mip_integral_gap_rel' deprecated, please use 'mip_opt_gap_rel'.
WARNING:  Option 'mip_integral_gap_abs' deprecated, please use 'mip_opt_gap_abs'.
WARNING:  Option 'mip_integral_gap_rel' deprecated, please use 'mip_opt_gap_rel'.
WARNING:  Option 'mip_integral_gap_abs' deprecated, please use 'mip_opt_gap_abs'.
WARNING:  Option 'mip_integral_gap_rel' deprecated, please use 'mip_opt_gap_rel'.
WARNING:  Option 'mip_integral_gap_abs' deprecated, please use 'mip_opt_gap_abs'.
WARNING:  Option 'mip_integral_gap_rel' deprecated, please use 'mip_opt_gap_rel'.
WARNING:  Option 'mip_integral_gap_abs' deprecated, please use 'mip_opt_gap_abs'.
WARNING:  Option 'mip_integral_gap_rel' deprecated, please use 'mip_opt_gap_rel'.
WARNING:  Option 'mip_integral_gap_abs' deprecated, please use 'mip_opt_gap_abs'.
WARNING:  Option 'mip_integral_gap_rel' deprecated, please use 'mip_opt_gap_rel'.
WARNING:  Option 'mip_integral_gap_abs' deprecated, please use 'mip_opt_gap_abs'.
WARNING:  Option 'mip_integral_gap_rel' deprecated, please use 'mip_opt_gap_rel'.
WARNING:  Option 'mip_integral_gap_abs' deprecated, please use 'mip_opt_gap_abs'.
WARNING:  Option 'mip_integral_gap_rel' deprecated, please use 'mip_opt_gap_rel'.
WARNING:  Option 'mip_integral_gap_abs' deprecated, please use 'mip_opt_gap_abs'.
WARNING:  Option 'mip_integral_gap_rel' deprecated, please use 'mip_opt_gap_rel'.
WARNING:  Option 'mip_integral_gap_abs' deprecated, please use 'mip_opt_gap_abs'.
WARNING:  Option 'mip_integral_gap_rel' deprecated, please use 'mip_opt_gap_rel'.
WARNING:  Option 'mip_integral_gap_abs' deprecated, please use 'mip_opt_gap_abs'.
WARNING:  Option 'mip_integral_gap_rel' deprecated, please use 'mip_opt_gap_rel'.
WARNING:  Option 'mip_integral_gap_abs' deprecated, please use 'mip_opt_gap_abs'.
WARNING:  Option 'mip_integral_gap_rel' deprecated, please use 'mip_opt_gap_rel'.
WARNING:  Option 'mip_integral_gap_abs' deprecated, please use 'mip_opt_gap_abs'.
WARNING:  Option 'mip_integral_gap_rel' deprecated, please use 'mip_opt_gap_rel'.
WARNING:  Option 'mip_integral_gap_abs' deprecated, please use 'mip_opt_gap_abs'.
WARNING:  Option 'mip_integral_gap_rel' deprecated, please use 'mip_opt_gap_rel'.
WARNING:  Option 'mip_integral_gap_abs' deprecated, please use 'mip_opt_gap_abs'.
WARNING:  Option 'mip_integral_gap_rel' deprecated, please use 'mip_opt_gap_rel'.
    [θ-eval 50, gravity-feasible 10] seqR_mean=2.22e-03 ok=false seq_time=13.72s
WARNING:  Option 'mip_integral_gap_abs' deprecated, please use 'mip_opt_gap_abs'.
WARNING:  Option 'mip_integral_gap_rel' deprecated, please use 'mip_opt_gap_rel'.
WARNING:  Option 'mip_integral_gap_abs' deprecated, please use 'mip_opt_gap_abs'.
WARNING:  Option 'mip_integral_gap_rel' deprecated, please use 'mip_opt_gap_rel'.
WARNING:  Option 'mip_integral_gap_abs' deprecated, please use 'mip_opt_gap_abs'.
WARNING:  Option 'mip_integral_gap_rel' deprecated, please use 'mip_opt_gap_rel'.
WARNING:  Option 'mip_integral_gap_abs' deprecated, please use 'mip_opt_gap_abs'.
WARNING:  Option 'mip_integral_gap_rel' deprecated, please use 'mip_opt_gap_rel'.
WARNING:  Option 'mip_integral_gap_abs' deprecated, please use 'mip_opt_gap_abs'.
WARNING:  Option 'mip_integral_gap_rel' deprecated, please use 'mip_opt_gap_rel'.
WARNING:  Option 'mip_integral_gap_abs' deprecated, please use 'mip_opt_gap_abs'.
WARNING:  Option 'mip_integral_gap_rel' deprecated, please use 'mip_opt_gap_rel'.
WARNING:  Option 'mip_integral_gap_abs' deprecated, please use 'mip_opt_gap_abs'.
WARNING:  Option 'mip_integral_gap_rel' deprecated, please use 'mip_opt_gap_rel'.
WARNING:  Option 'mip_integral_gap_abs' deprecated, please use 'mip_opt_gap_abs'.
WARNING:  Option 'mip_integral_gap_rel' deprecated, please use 'mip_opt_gap_rel'.
WARNING:  Option 'mip_integral_gap_abs' deprecated, please use 'mip_opt_gap_abs'.
WARNING:  Option 'mip_integral_gap_rel' deprecated, please use 'mip_opt_gap_rel'.
WARNING:  Option 'mip_integral_gap_abs' deprecated, please use 'mip_opt_gap_abs'.
WARNING:  Option 'mip_integral_gap_rel' deprecated, please use 'mip_opt_gap_rel'.
WARNING:  Option 'mip_integral_gap_abs' deprecated, please use 'mip_opt_gap_abs'.
WARNING:  Option 'mip_integral_gap_rel' deprecated, please use 'mip_opt_gap_rel'.
WARNING:  Option 'mip_integral_gap_abs' deprecated, please use 'mip_opt_gap_abs'.
WARNING:  Option 'mip_integral_gap_rel' deprecated, please use 'mip_opt_gap_rel'.
WARNING:  Option 'mip_integral_gap_abs' deprecated, please use 'mip_opt_gap_abs'.
WARNING:  Option 'mip_integral_gap_rel' deprecated, please use 'mip_opt_gap_rel'.
WARNING:  Option 'mip_integral_gap_abs' deprecated, please use 'mip_opt_gap_abs'.
WARNING:  Option 'mip_integral_gap_rel' deprecated, please use 'mip_opt_gap_rel'.
WARNING:  Option 'mip_integral_gap_abs' deprecated, please use 'mip_opt_gap_abs'.
WARNING:  Option 'mip_integral_gap_rel' deprecated, please use 'mip_opt_gap_rel'.
WARNING:  Option 'mip_integral_gap_abs' deprecated, please use 'mip_opt_gap_abs'.
WARNING:  Option 'mip_integral_gap_rel' deprecated, please use 'mip_opt_gap_rel'.
WARNING:  Option 'mip_integral_gap_abs' deprecated, please use 'mip_opt_gap_abs'.
WARNING:  Option 'mip_integral_gap_rel' deprecated, please use 'mip_opt_gap_rel'.
WARNING:  Option 'mip_integral_gap_abs' deprecated, please use 'mip_opt_gap_abs'.
WARNING:  Option 'mip_integral_gap_rel' deprecated, please use 'mip_opt_gap_rel'.
WARNING:  Option 'mip_integral_gap_abs' deprecated, please use 'mip_opt_gap_abs'.
WARNING:  Option 'mip_integral_gap_rel' deprecated, please use 'mip_opt_gap_rel'.
WARNING:  Option 'mip_integral_gap_abs' deprecated, please use 'mip_opt_gap_abs'.
WARNING:  Option 'mip_integral_gap_rel' deprecated, please use 'mip_opt_gap_rel'.
WARNING:  Option 'mip_integral_gap_abs' deprecated, please use 'mip_opt_gap_abs'.
WARNING:  Option 'mip_integral_gap_rel' deprecated, please use 'mip_opt_gap_rel'.
WARNING:  Option 'mip_integral_gap_abs' deprecated, please use 'mip_opt_gap_abs'.
WARNING:  Option 'mip_integral_gap_rel' deprecated, please use 'mip_opt_gap_rel'.
WARNING:  Option 'mip_integral_gap_abs' deprecated, please use 'mip_opt_gap_abs'.
WARNING:  Option 'mip_integral_gap_rel' deprecated, please use 'mip_opt_gap_rel'.
WARNING:  Option 'mip_integral_gap_abs' deprecated, please use 'mip_opt_gap_abs'.
WARNING:  Option 'mip_integral_gap_rel' deprecated, please use 'mip_opt_gap_rel'.
WARNING:  Option 'mip_integral_gap_abs' deprecated, please use 'mip_opt_gap_abs'.
WARNING:  Option 'mip_integral_gap_rel' deprecated, please use 'mip_opt_gap_rel'.
WARNING:  Option 'mip_integral_gap_abs' deprecated, please use 'mip_opt_gap_abs'.
WARNING:  Option 'mip_integral_gap_rel' deprecated, please use 'mip_opt_gap_rel'.
WARNING:  Option 'mip_integral_gap_abs' deprecated, please use 'mip_opt_gap_abs'.
WARNING:  Option 'mip_integral_gap_rel' deprecated, please use 'mip_opt_gap_rel'.
WARNING:  Option 'mip_integral_gap_abs' deprecated, please use 'mip_opt_gap_abs'.
WARNING:  Option 'mip_integral_gap_rel' deprecated, please use 'mip_opt_gap_rel'.
WARNING:  Option 'mip_integral_gap_abs' deprecated, please use 'mip_opt_gap_abs'.
WARNING:  Option 'mip_integral_gap_rel' deprecated, please use 'mip_opt_gap_rel'.
WARNING:  Option 'mip_integral_gap_abs' deprecated, please use 'mip_opt_gap_abs'.
WARNING:  Option 'mip_integral_gap_rel' deprecated, please use 'mip_opt_gap_rel'.
WARNING:  Option 'mip_integral_gap_abs' deprecated, please use 'mip_opt_gap_abs'.
WARNING:  Option 'mip_integral_gap_rel' deprecated, please use 'mip_opt_gap_rel'.
WARNING:  Option 'mip_integral_gap_abs' deprecated, please use 'mip_opt_gap_abs'.
WARNING:  Option 'mip_integral_gap_rel' deprecated, please use 'mip_opt_gap_rel'.
WARNING:  Option 'mip_integral_gap_abs' deprecated, please use 'mip_opt_gap_abs'.
WARNING:  Option 'mip_integral_gap_rel' deprecated, please use 'mip_opt_gap_rel'.
WARNING:  Option 'mip_integral_gap_abs' deprecated, please use 'mip_opt_gap_abs'.
WARNING:  Option 'mip_integral_gap_rel' deprecated, please use 'mip_opt_gap_rel'.
WARNING:  Option 'mip_integral_gap_abs' deprecated, please use 'mip_opt_gap_abs'.
WARNING:  Option 'mip_integral_gap_rel' deprecated, please use 'mip_opt_gap_rel'.
WARNING:  Option 'mip_integral_gap_abs' deprecated, please use 'mip_opt_gap_abs'.
WARNING:  Option 'mip_integral_gap_rel' deprecated, please use 'mip_opt_gap_rel'.
WARNING:  Option 'mip_integral_gap_abs' deprecated, please use 'mip_opt_gap_abs'.
WARNING:  Option 'mip_integral_gap_rel' deprecated, please use 'mip_opt_gap_rel'.
WARNING:  Option 'mip_integral_gap_abs' deprecated, please use 'mip_opt_gap_abs'.
WARNING:  Option 'mip_integral_gap_rel' deprecated, please use 'mip_opt_gap_rel'.
WARNING:  Option 'mip_integral_gap_abs' deprecated, please use 'mip_opt_gap_abs'.
WARNING:  Option 'mip_integral_gap_rel' deprecated, please use 'mip_opt_gap_rel'.
WARNING:  Option 'mip_integral_gap_abs' deprecated, please use 'mip_opt_gap_abs'.
WARNING:  Option 'mip_integral_gap_rel' deprecated, please use 'mip_opt_gap_rel'.
WARNING:  Option 'mip_integral_gap_abs' deprecated, please use 'mip_opt_gap_abs'.
WARNING:  Option 'mip_integral_gap_rel' deprecated, please use 'mip_opt_gap_rel'.
WARNING:  Option 'mip_integral_gap_abs' deprecated, please use 'mip_opt_gap_abs'.
WARNING:  Option 'mip_integral_gap_rel' deprecated, please use 'mip_opt_gap_rel'.
WARNING:  Option 'mip_integral_gap_abs' deprecated, please use 'mip_opt_gap_abs'.
WARNING:  Option 'mip_integral_gap_rel' deprecated, please use 'mip_opt_gap_rel'.
WARNING:  Option 'mip_integral_gap_abs' deprecated, please use 'mip_opt_gap_abs'.
WARNING:  Option 'mip_integral_gap_rel' deprecated, please use 'mip_opt_gap_rel'.
WARNING:  Option 'mip_integral_gap_abs' deprecated, please use 'mip_opt_gap_abs'.
WARNING:  Option 'mip_integral_gap_rel' deprecated, please use 'mip_opt_gap_rel'.
WARNING:  Option 'mip_integral_gap_abs' deprecated, please use 'mip_opt_gap_abs'.
WARNING:  Option 'mip_integral_gap_rel' deprecated, please use 'mip_opt_gap_rel'.
WARNING:  Option 'mip_integral_gap_abs' deprecated, please use 'mip_opt_gap_abs'.
WARNING:  Option 'mip_integral_gap_rel' deprecated, please use 'mip_opt_gap_rel'.
WARNING:  Option 'mip_integral_gap_abs' deprecated, please use 'mip_opt_gap_abs'.
WARNING:  Option 'mip_integral_gap_rel' deprecated, please use 'mip_opt_gap_rel'.
WARNING:  Option 'mip_integral_gap_abs' deprecated, please use 'mip_opt_gap_abs'.
WARNING:  Option 'mip_integral_gap_rel' deprecated, please use 'mip_opt_gap_rel'.
WARNING:  Option 'mip_integral_gap_abs' deprecated, please use 'mip_opt_gap_abs'.
WARNING:  Option 'mip_integral_gap_rel' deprecated, please use 'mip_opt_gap_rel'.
WARNING:  Option 'mip_integral_gap_abs' deprecated, please use 'mip_opt_gap_abs'.
WARNING:  Option 'mip_integral_gap_rel' deprecated, please use 'mip_opt_gap_rel'.
WARNING:  Option 'mip_integral_gap_abs' deprecated, please use 'mip_opt_gap_abs'.
WARNING:  Option 'mip_integral_gap_rel' deprecated, please use 'mip_opt_gap_rel'.
WARNING:  Option 'mip_integral_gap_abs' deprecated, please use 'mip_opt_gap_abs'.
WARNING:  Option 'mip_integral_gap_rel' deprecated, please use 'mip_opt_gap_rel'.
WARNING:  Option 'mip_integral_gap_abs' deprecated, please use 'mip_opt_gap_abs'.
WARNING:  Option 'mip_integral_gap_rel' deprecated, please use 'mip_opt_gap_rel'.
WARNING:  Option 'mip_integral_gap_abs' deprecated, please use 'mip_opt_gap_abs'.
WARNING:  Option 'mip_integral_gap_rel' deprecated, please use 'mip_opt_gap_rel'.
WARNING:  Option 'mip_integral_gap_abs' deprecated, please use 'mip_opt_gap_abs'.
WARNING:  Option 'mip_integral_gap_rel' deprecated, please use 'mip_opt_gap_rel'.
WARNING:  Option 'mip_integral_gap_abs' deprecated, please use 'mip_opt_gap_abs'.
WARNING:  Option 'mip_integral_gap_rel' deprecated, please use 'mip_opt_gap_rel'.
WARNING:  Option 'mip_integral_gap_abs' deprecated, please use 'mip_opt_gap_abs'.
WARNING:  Option 'mip_integral_gap_rel' deprecated, please use 'mip_opt_gap_rel'.
WARNING:  Option 'mip_integral_gap_abs' deprecated, please use 'mip_opt_gap_abs'.
WARNING:  Option 'mip_integral_gap_rel' deprecated, please use 'mip_opt_gap_rel'.
WARNING:  Option 'mip_integral_gap_abs' deprecated, please use 'mip_opt_gap_abs'.
WARNING:  Option 'mip_integral_gap_rel' deprecated, please use 'mip_opt_gap_rel'.
WARNING:  Option 'mip_integral_gap_abs' deprecated, please use 'mip_opt_gap_abs'.
WARNING:  Option 'mip_integral_gap_rel' deprecated, please use 'mip_opt_gap_rel'.
WARNING:  Option 'mip_integral_gap_abs' deprecated, please use 'mip_opt_gap_abs'.
WARNING:  Option 'mip_integral_gap_rel' deprecated, please use 'mip_opt_gap_rel'.
WARNING:  Option 'mip_integral_gap_abs' deprecated, please use 'mip_opt_gap_abs'.
WARNING:  Option 'mip_integral_gap_rel' deprecated, please use 'mip_opt_gap_rel'.
WARNING:  Option 'mip_integral_gap_abs' deprecated, please use 'mip_opt_gap_abs'.
WARNING:  Option 'mip_integral_gap_rel' deprecated, please use 'mip_opt_gap_rel'.
WARNING:  Option 'mip_integral_gap_abs' deprecated, please use 'mip_opt_gap_abs'.
WARNING:  Option 'mip_integral_gap_rel' deprecated, please use 'mip_opt_gap_rel'.
WARNING:  Option 'mip_integral_gap_abs' deprecated, please use 'mip_opt_gap_abs'.
WARNING:  Option 'mip_integral_gap_rel' deprecated, please use 'mip_opt_gap_rel'.
WARNING:  Option 'mip_integral_gap_abs' deprecated, please use 'mip_opt_gap_abs'.
WARNING:  Option 'mip_integral_gap_rel' deprecated, please use 'mip_opt_gap_rel'.
WARNING:  Option 'mip_integral_gap_abs' deprecated, please use 'mip_opt_gap_abs'.
WARNING:  Option 'mip_integral_gap_rel' deprecated, please use 'mip_opt_gap_rel'.
WARNING:  Option 'mip_integral_gap_abs' deprecated, please use 'mip_opt_gap_abs'.
WARNING:  Option 'mip_integral_gap_rel' deprecated, please use 'mip_opt_gap_rel'.
WARNING:  Option 'mip_integral_gap_abs' deprecated, please use 'mip_opt_gap_abs'.
WARNING:  Option 'mip_integral_gap_rel' deprecated, please use 'mip_opt_gap_rel'.
WARNING:  Option 'mip_integral_gap_abs' deprecated, please use 'mip_opt_gap_abs'.
WARNING:  Option 'mip_integral_gap_rel' deprecated, please use 'mip_opt_gap_rel'.
WARNING:  Option 'mip_integral_gap_abs' deprecated, please use 'mip_opt_gap_abs'.
WARNING:  Option 'mip_integral_gap_rel' deprecated, please use 'mip_opt_gap_rel'.
WARNING:  Option 'mip_integral_gap_abs' deprecated, please use 'mip_opt_gap_abs'.
WARNING:  Option 'mip_integral_gap_rel' deprecated, please use 'mip_opt_gap_rel'.
WARNING:  Option 'mip_integral_gap_abs' deprecated, please use 'mip_opt_gap_abs'.
WARNING:  Option 'mip_integral_gap_rel' deprecated, please use 'mip_opt_gap_rel'.
WARNING:  Option 'mip_integral_gap_abs' deprecated, please use 'mip_opt_gap_abs'.
WARNING:  Option 'mip_integral_gap_rel' deprecated, please use 'mip_opt_gap_rel'.
WARNING:  Option 'mip_integral_gap_abs' deprecated, please use 'mip_opt_gap_abs'.
WARNING:  Option 'mip_integral_gap_rel' deprecated, please use 'mip_opt_gap_rel'.
WARNING:  Option 'mip_integral_gap_abs' deprecated, please use 'mip_opt_gap_abs'.
WARNING:  Option 'mip_integral_gap_rel' deprecated, please use 'mip_opt_gap_rel'.
WARNING:  Option 'mip_integral_gap_abs' deprecated, please use 'mip_opt_gap_abs'.
WARNING:  Option 'mip_integral_gap_rel' deprecated, please use 'mip_opt_gap_rel'.
WARNING:  Option 'mip_integral_gap_abs' deprecated, please use 'mip_opt_gap_abs'.
WARNING:  Option 'mip_integral_gap_rel' deprecated, please use 'mip_opt_gap_rel'.
WARNING:  Option 'mip_integral_gap_abs' deprecated, please use 'mip_opt_gap_abs'.
WARNING:  Option 'mip_integral_gap_rel' deprecated, please use 'mip_opt_gap_rel'.
WARNING:  Option 'mip_integral_gap_abs' deprecated, please use 'mip_opt_gap_abs'.
WARNING:  Option 'mip_integral_gap_rel' deprecated, please use 'mip_opt_gap_rel'.
WARNING:  Option 'mip_integral_gap_abs' deprecated, please use 'mip_opt_gap_abs'.
WARNING:  Option 'mip_integral_gap_rel' deprecated, please use 'mip_opt_gap_rel'.
WARNING:  Option 'mip_integral_gap_abs' deprecated, please use 'mip_opt_gap_abs'.
WARNING:  Option 'mip_integral_gap_rel' deprecated, please use 'mip_opt_gap_rel'.
WARNING:  Option 'mip_integral_gap_abs' deprecated, please use 'mip_opt_gap_abs'.
WARNING:  Option 'mip_integral_gap_rel' deprecated, please use 'mip_opt_gap_rel'.
WARNING:  Option 'mip_integral_gap_abs' deprecated, please use 'mip_opt_gap_abs'.
WARNING:  Option 'mip_integral_gap_rel' deprecated, please use 'mip_opt_gap_rel'.
WARNING:  Option 'mip_integral_gap_abs' deprecated, please use 'mip_opt_gap_abs'.
WARNING:  Option 'mip_integral_gap_rel' deprecated, please use 'mip_opt_gap_rel'.
WARNING:  Option 'mip_integral_gap_abs' deprecated, please use 'mip_opt_gap_abs'.
WARNING:  Option 'mip_integral_gap_rel' deprecated, please use 'mip_opt_gap_rel'.
WARNING:  Option 'mip_integral_gap_abs' deprecated, please use 'mip_opt_gap_abs'.
WARNING:  Option 'mip_integral_gap_rel' deprecated, please use 'mip_opt_gap_rel'.
WARNING:  Option 'mip_integral_gap_abs' deprecated, please use 'mip_opt_gap_abs'.
WARNING:  Option 'mip_integral_gap_rel' deprecated, please use 'mip_opt_gap_rel'.
WARNING:  Option 'mip_integral_gap_abs' deprecated, please use 'mip_opt_gap_abs'.
WARNING:  Option 'mip_integral_gap_rel' deprecated, please use 'mip_opt_gap_rel'.
WARNING:  Option 'mip_integral_gap_abs' deprecated, please use 'mip_opt_gap_abs'.
WARNING:  Option 'mip_integral_gap_rel' deprecated, please use 'mip_opt_gap_rel'.
WARNING:  Option 'mip_integral_gap_abs' deprecated, please use 'mip_opt_gap_abs'.
WARNING:  Option 'mip_integral_gap_rel' deprecated, please use 'mip_opt_gap_rel'.
WARNING:  Option 'mip_integral_gap_abs' deprecated, please use 'mip_opt_gap_abs'.
WARNING:  Option 'mip_integral_gap_rel' deprecated, please use 'mip_opt_gap_rel'.
WARNING:  Option 'mip_integral_gap_abs' deprecated, please use 'mip_opt_gap_abs'.
WARNING:  Option 'mip_integral_gap_rel' deprecated, please use 'mip_opt_gap_rel'.
WARNING:  Option 'mip_integral_gap_abs' deprecated, please use 'mip_opt_gap_abs'.
WARNING:  Option 'mip_integral_gap_rel' deprecated, please use 'mip_opt_gap_rel'.
WARNING:  Option 'mip_integral_gap_abs' deprecated, please use 'mip_opt_gap_abs'.
WARNING:  Option 'mip_integral_gap_rel' deprecated, please use 'mip_opt_gap_rel'.
WARNING:  Option 'mip_integral_gap_abs' deprecated, please use 'mip_opt_gap_abs'.
WARNING:  Option 'mip_integral_gap_rel' deprecated, please use 'mip_opt_gap_rel'.
WARNING:  Option 'mip_integral_gap_abs' deprecated, please use 'mip_opt_gap_abs'.
WARNING:  Option 'mip_integral_gap_rel' deprecated, please use 'mip_opt_gap_rel'.
WARNING:  Option 'mip_integral_gap_abs' deprecated, please use 'mip_opt_gap_abs'.
WARNING:  Option 'mip_integral_gap_rel' deprecated, please use 'mip_opt_gap_rel'.
WARNING:  Option 'mip_integral_gap_abs' deprecated, please use 'mip_opt_gap_abs'.
WARNING:  Option 'mip_integral_gap_rel' deprecated, please use 'mip_opt_gap_rel'.
WARNING:  Option 'mip_integral_gap_abs' deprecated, please use 'mip_opt_gap_abs'.
WARNING:  Option 'mip_integral_gap_rel' deprecated, please use 'mip_opt_gap_rel'.
WARNING:  Option 'mip_integral_gap_abs' deprecated, please use 'mip_opt_gap_abs'.
WARNING:  Option 'mip_integral_gap_rel' deprecated, please use 'mip_opt_gap_rel'.
WARNING:  Option 'mip_integral_gap_abs' deprecated, please use 'mip_opt_gap_abs'.
WARNING:  Option 'mip_integral_gap_rel' deprecated, please use 'mip_opt_gap_rel'.
WARNING:  Option 'mip_integral_gap_abs' deprecated, please use 'mip_opt_gap_abs'.
WARNING:  Option 'mip_integral_gap_rel' deprecated, please use 'mip_opt_gap_rel'.
WARNING:  Option 'mip_integral_gap_abs' deprecated, please use 'mip_opt_gap_abs'.
WARNING:  Option 'mip_integral_gap_rel' deprecated, please use 'mip_opt_gap_rel'.
WARNING:  Option 'mip_integral_gap_abs' deprecated, please use 'mip_opt_gap_abs'.
WARNING:  Option 'mip_integral_gap_rel' deprecated, please use 'mip_opt_gap_rel'.
WARNING:  Option 'mip_integral_gap_abs' deprecated, please use 'mip_opt_gap_abs'.
WARNING:  Option 'mip_integral_gap_rel' deprecated, please use 'mip_opt_gap_rel'.
WARNING:  Option 'mip_integral_gap_abs' deprecated, please use 'mip_opt_gap_abs'.
WARNING:  Option 'mip_integral_gap_rel' deprecated, please use 'mip_opt_gap_rel'.
WARNING:  Option 'mip_integral_gap_abs' deprecated, please use 'mip_opt_gap_abs'.
WARNING:  Option 'mip_integral_gap_rel' deprecated, please use 'mip_opt_gap_rel'.
WARNING:  Option 'mip_integral_gap_abs' deprecated, please use 'mip_opt_gap_abs'.
WARNING:  Option 'mip_integral_gap_rel' deprecated, please use 'mip_opt_gap_rel'.
WARNING:  Option 'mip_integral_gap_abs' deprecated, please use 'mip_opt_gap_abs'.
WARNING:  Option 'mip_integral_gap_rel' deprecated, please use 'mip_opt_gap_rel'.
WARNING:  Option 'mip_integral_gap_abs' deprecated, please use 'mip_opt_gap_abs'.
WARNING:  Option 'mip_integral_gap_rel' deprecated, please use 'mip_opt_gap_rel'.
WARNING:  Option 'mip_integral_gap_abs' deprecated, please use 'mip_opt_gap_abs'.
WARNING:  Option 'mip_integral_gap_rel' deprecated, please use 'mip_opt_gap_rel'.
WARNING:  Option 'mip_integral_gap_abs' deprecated, please use 'mip_opt_gap_abs'.
WARNING:  Option 'mip_integral_gap_rel' deprecated, please use 'mip_opt_gap_rel'.
WARNING:  Option 'mip_integral_gap_abs' deprecated, please use 'mip_opt_gap_abs'.
WARNING:  Option 'mip_integral_gap_rel' deprecated, please use 'mip_opt_gap_rel'.
    [θ-eval 60, gravity-feasible 11] seqR_mean=2.71e-04 ok=false seq_time=19.11s
WARNING:  Option 'mip_integral_gap_abs' deprecated, please use 'mip_opt_gap_abs'.
WARNING:  Option 'mip_integral_gap_rel' deprecated, please use 'mip_opt_gap_rel'.
WARNING:  Option 'mip_integral_gap_abs' deprecated, please use 'mip_opt_gap_abs'.
WARNING:  Option 'mip_integral_gap_rel' deprecated, please use 'mip_opt_gap_rel'.
WARNING:  Option 'mip_integral_gap_abs' deprecated, please use 'mip_opt_gap_abs'.
WARNING:  Option 'mip_integral_gap_rel' deprecated, please use 'mip_opt_gap_rel'.
WARNING:  Option 'mip_integral_gap_abs' deprecated, please use 'mip_opt_gap_abs'.
WARNING:  Option 'mip_integral_gap_rel' deprecated, please use 'mip_opt_gap_rel'.
WARNING:  Option 'mip_integral_gap_abs' deprecated, please use 'mip_opt_gap_abs'.
WARNING:  Option 'mip_integral_gap_rel' deprecated, please use 'mip_opt_gap_rel'.
WARNING:  Option 'mip_integral_gap_abs' deprecated, please use 'mip_opt_gap_abs'.
WARNING:  Option 'mip_integral_gap_rel' deprecated, please use 'mip_opt_gap_rel'.
WARNING:  Option 'mip_integral_gap_abs' deprecated, please use 'mip_opt_gap_abs'.
WARNING:  Option 'mip_integral_gap_rel' deprecated, please use 'mip_opt_gap_rel'.
WARNING:  Option 'mip_integral_gap_abs' deprecated, please use 'mip_opt_gap_abs'.
WARNING:  Option 'mip_integral_gap_rel' deprecated, please use 'mip_opt_gap_rel'.
WARNING:  Option 'mip_integral_gap_abs' deprecated, please use 'mip_opt_gap_abs'.
WARNING:  Option 'mip_integral_gap_rel' deprecated, please use 'mip_opt_gap_rel'.
WARNING:  Option 'mip_integral_gap_abs' deprecated, please use 'mip_opt_gap_abs'.
WARNING:  Option 'mip_integral_gap_rel' deprecated, please use 'mip_opt_gap_rel'.
WARNING:  Option 'mip_integral_gap_abs' deprecated, please use 'mip_opt_gap_abs'.
WARNING:  Option 'mip_integral_gap_rel' deprecated, please use 'mip_opt_gap_rel'.
WARNING:  Option 'mip_integral_gap_abs' deprecated, please use 'mip_opt_gap_abs'.
WARNING:  Option 'mip_integral_gap_rel' deprecated, please use 'mip_opt_gap_rel'.
WARNING:  Option 'mip_integral_gap_abs' deprecated, please use 'mip_opt_gap_abs'.
WARNING:  Option 'mip_integral_gap_rel' deprecated, please use 'mip_opt_gap_rel'.
WARNING:  Option 'mip_integral_gap_abs' deprecated, please use 'mip_opt_gap_abs'.
WARNING:  Option 'mip_integral_gap_rel' deprecated, please use 'mip_opt_gap_rel'.
WARNING:  Option 'mip_integral_gap_abs' deprecated, please use 'mip_opt_gap_abs'.
WARNING:  Option 'mip_integral_gap_rel' deprecated, please use 'mip_opt_gap_rel'.
WARNING:  Option 'mip_integral_gap_abs' deprecated, please use 'mip_opt_gap_abs'.
WARNING:  Option 'mip_integral_gap_rel' deprecated, please use 'mip_opt_gap_rel'.
WARNING:  Option 'mip_integral_gap_abs' deprecated, please use 'mip_opt_gap_abs'.
WARNING:  Option 'mip_integral_gap_rel' deprecated, please use 'mip_opt_gap_rel'.
WARNING:  Option 'mip_integral_gap_abs' deprecated, please use 'mip_opt_gap_abs'.
WARNING:  Option 'mip_integral_gap_rel' deprecated, please use 'mip_opt_gap_rel'.
WARNING:  Option 'mip_integral_gap_abs' deprecated, please use 'mip_opt_gap_abs'.
WARNING:  Option 'mip_integral_gap_rel' deprecated, please use 'mip_opt_gap_rel'.
WARNING:  Option 'mip_integral_gap_abs' deprecated, please use 'mip_opt_gap_abs'.
WARNING:  Option 'mip_integral_gap_rel' deprecated, please use 'mip_opt_gap_rel'.
WARNING:  Option 'mip_integral_gap_abs' deprecated, please use 'mip_opt_gap_abs'.
WARNING:  Option 'mip_integral_gap_rel' deprecated, please use 'mip_opt_gap_rel'.
WARNING:  Option 'mip_integral_gap_abs' deprecated, please use 'mip_opt_gap_abs'.
WARNING:  Option 'mip_integral_gap_rel' deprecated, please use 'mip_opt_gap_rel'.
WARNING:  Option 'mip_integral_gap_abs' deprecated, please use 'mip_opt_gap_abs'.
WARNING:  Option 'mip_integral_gap_rel' deprecated, please use 'mip_opt_gap_rel'.
WARNING:  Option 'mip_integral_gap_abs' deprecated, please use 'mip_opt_gap_abs'.
WARNING:  Option 'mip_integral_gap_rel' deprecated, please use 'mip_opt_gap_rel'.
WARNING:  Option 'mip_integral_gap_abs' deprecated, please use 'mip_opt_gap_abs'.
WARNING:  Option 'mip_integral_gap_rel' deprecated, please use 'mip_opt_gap_rel'.
WARNING:  Option 'mip_integral_gap_abs' deprecated, please use 'mip_opt_gap_abs'.
WARNING:  Option 'mip_integral_gap_rel' deprecated, please use 'mip_opt_gap_rel'.
WARNING:  Option 'mip_integral_gap_abs' deprecated, please use 'mip_opt_gap_abs'.
WARNING:  Option 'mip_integral_gap_rel' deprecated, please use 'mip_opt_gap_rel'.
WARNING:  Option 'mip_integral_gap_abs' deprecated, please use 'mip_opt_gap_abs'.
WARNING:  Option 'mip_integral_gap_rel' deprecated, please use 'mip_opt_gap_rel'.
WARNING:  Option 'mip_integral_gap_abs' deprecated, please use 'mip_opt_gap_abs'.
WARNING:  Option 'mip_integral_gap_rel' deprecated, please use 'mip_opt_gap_rel'.
WARNING:  Option 'mip_integral_gap_abs' deprecated, please use 'mip_opt_gap_abs'.
WARNING:  Option 'mip_integral_gap_rel' deprecated, please use 'mip_opt_gap_rel'.
WARNING:  Option 'mip_integral_gap_abs' deprecated, please use 'mip_opt_gap_abs'.
WARNING:  Option 'mip_integral_gap_rel' deprecated, please use 'mip_opt_gap_rel'.
WARNING:  Option 'mip_integral_gap_abs' deprecated, please use 'mip_opt_gap_abs'.
WARNING:  Option 'mip_integral_gap_rel' deprecated, please use 'mip_opt_gap_rel'.
WARNING:  Option 'mip_integral_gap_abs' deprecated, please use 'mip_opt_gap_abs'.
WARNING:  Option 'mip_integral_gap_rel' deprecated, please use 'mip_opt_gap_rel'.
WARNING:  Option 'mip_integral_gap_abs' deprecated, please use 'mip_opt_gap_abs'.
WARNING:  Option 'mip_integral_gap_rel' deprecated, please use 'mip_opt_gap_rel'.
WARNING:  Option 'mip_integral_gap_abs' deprecated, please use 'mip_opt_gap_abs'.
WARNING:  Option 'mip_integral_gap_rel' deprecated, please use 'mip_opt_gap_rel'.
WARNING:  Option 'mip_integral_gap_abs' deprecated, please use 'mip_opt_gap_abs'.
WARNING:  Option 'mip_integral_gap_rel' deprecated, please use 'mip_opt_gap_rel'.
WARNING:  Option 'mip_integral_gap_abs' deprecated, please use 'mip_opt_gap_abs'.
WARNING:  Option 'mip_integral_gap_rel' deprecated, please use 'mip_opt_gap_rel'.
WARNING:  Option 'mip_integral_gap_abs' deprecated, please use 'mip_opt_gap_abs'.
WARNING:  Option 'mip_integral_gap_rel' deprecated, please use 'mip_opt_gap_rel'.
WARNING:  Option 'mip_integral_gap_abs' deprecated, please use 'mip_opt_gap_abs'.
WARNING:  Option 'mip_integral_gap_rel' deprecated, please use 'mip_opt_gap_rel'.
WARNING:  Option 'mip_integral_gap_abs' deprecated, please use 'mip_opt_gap_abs'.
WARNING:  Option 'mip_integral_gap_rel' deprecated, please use 'mip_opt_gap_rel'.
WARNING:  Option 'mip_integral_gap_abs' deprecated, please use 'mip_opt_gap_abs'.
WARNING:  Option 'mip_integral_gap_rel' deprecated, please use 'mip_opt_gap_rel'.
WARNING:  Option 'mip_integral_gap_abs' deprecated, please use 'mip_opt_gap_abs'.
WARNING:  Option 'mip_integral_gap_rel' deprecated, please use 'mip_opt_gap_rel'.
WARNING:  Option 'mip_integral_gap_abs' deprecated, please use 'mip_opt_gap_abs'.
WARNING:  Option 'mip_integral_gap_rel' deprecated, please use 'mip_opt_gap_rel'.
WARNING:  Option 'mip_integral_gap_abs' deprecated, please use 'mip_opt_gap_abs'.
WARNING:  Option 'mip_integral_gap_rel' deprecated, please use 'mip_opt_gap_rel'.
WARNING:  Option 'mip_integral_gap_abs' deprecated, please use 'mip_opt_gap_abs'.
WARNING:  Option 'mip_integral_gap_rel' deprecated, please use 'mip_opt_gap_rel'.
WARNING:  Option 'mip_integral_gap_abs' deprecated, please use 'mip_opt_gap_abs'.
WARNING:  Option 'mip_integral_gap_rel' deprecated, please use 'mip_opt_gap_rel'.
WARNING:  Option 'mip_integral_gap_abs' deprecated, please use 'mip_opt_gap_abs'.
WARNING:  Option 'mip_integral_gap_rel' deprecated, please use 'mip_opt_gap_rel'.
WARNING:  Option 'mip_integral_gap_abs' deprecated, please use 'mip_opt_gap_abs'.
WARNING:  Option 'mip_integral_gap_rel' deprecated, please use 'mip_opt_gap_rel'.
WARNING:  Option 'mip_integral_gap_abs' deprecated, please use 'mip_opt_gap_abs'.
WARNING:  Option 'mip_integral_gap_rel' deprecated, please use 'mip_opt_gap_rel'.
WARNING:  Option 'mip_integral_gap_abs' deprecated, please use 'mip_opt_gap_abs'.
WARNING:  Option 'mip_integral_gap_rel' deprecated, please use 'mip_opt_gap_rel'.
WARNING:  Option 'mip_integral_gap_abs' deprecated, please use 'mip_opt_gap_abs'.
WARNING:  Option 'mip_integral_gap_rel' deprecated, please use 'mip_opt_gap_rel'.
WARNING:  Option 'mip_integral_gap_abs' deprecated, please use 'mip_opt_gap_abs'.
WARNING:  Option 'mip_integral_gap_rel' deprecated, please use 'mip_opt_gap_rel'.
WARNING:  Option 'mip_integral_gap_abs' deprecated, please use 'mip_opt_gap_abs'.
WARNING:  Option 'mip_integral_gap_rel' deprecated, please use 'mip_opt_gap_rel'.
WARNING:  Option 'mip_integral_gap_abs' deprecated, please use 'mip_opt_gap_abs'.
WARNING:  Option 'mip_integral_gap_rel' deprecated, please use 'mip_opt_gap_rel'.
WARNING:  Option 'mip_integral_gap_abs' deprecated, please use 'mip_opt_gap_abs'.
WARNING:  Option 'mip_integral_gap_rel' deprecated, please use 'mip_opt_gap_rel'.
WARNING:  Option 'mip_integral_gap_abs' deprecated, please use 'mip_opt_gap_abs'.
WARNING:  Option 'mip_integral_gap_rel' deprecated, please use 'mip_opt_gap_rel'.
WARNING:  Option 'mip_integral_gap_abs' deprecated, please use 'mip_opt_gap_abs'.
WARNING:  Option 'mip_integral_gap_rel' deprecated, please use 'mip_opt_gap_rel'.
WARNING:  Option 'mip_integral_gap_abs' deprecated, please use 'mip_opt_gap_abs'.
WARNING:  Option 'mip_integral_gap_rel' deprecated, please use 'mip_opt_gap_rel'.
WARNING:  Option 'mip_integral_gap_abs' deprecated, please use 'mip_opt_gap_abs'.
WARNING:  Option 'mip_integral_gap_rel' deprecated, please use 'mip_opt_gap_rel'.
WARNING:  Option 'mip_integral_gap_abs' deprecated, please use 'mip_opt_gap_abs'.
WARNING:  Option 'mip_integral_gap_rel' deprecated, please use 'mip_opt_gap_rel'.
WARNING:  Option 'mip_integral_gap_abs' deprecated, please use 'mip_opt_gap_abs'.
WARNING:  Option 'mip_integral_gap_rel' deprecated, please use 'mip_opt_gap_rel'.
WARNING:  Option 'mip_integral_gap_abs' deprecated, please use 'mip_opt_gap_abs'.
WARNING:  Option 'mip_integral_gap_rel' deprecated, please use 'mip_opt_gap_rel'.
WARNING:  Option 'mip_integral_gap_abs' deprecated, please use 'mip_opt_gap_abs'.
WARNING:  Option 'mip_integral_gap_rel' deprecated, please use 'mip_opt_gap_rel'.
WARNING:  Option 'mip_integral_gap_abs' deprecated, please use 'mip_opt_gap_abs'.
WARNING:  Option 'mip_integral_gap_rel' deprecated, please use 'mip_opt_gap_rel'.
WARNING:  Option 'mip_integral_gap_abs' deprecated, please use 'mip_opt_gap_abs'.
WARNING:  Option 'mip_integral_gap_rel' deprecated, please use 'mip_opt_gap_rel'.
WARNING:  Option 'mip_integral_gap_abs' deprecated, please use 'mip_opt_gap_abs'.
WARNING:  Option 'mip_integral_gap_rel' deprecated, please use 'mip_opt_gap_rel'.
WARNING:  Option 'mip_integral_gap_abs' deprecated, please use 'mip_opt_gap_abs'.
WARNING:  Option 'mip_integral_gap_rel' deprecated, please use 'mip_opt_gap_rel'.
WARNING:  Option 'mip_integral_gap_abs' deprecated, please use 'mip_opt_gap_abs'.
WARNING:  Option 'mip_integral_gap_rel' deprecated, please use 'mip_opt_gap_rel'.
WARNING:  Option 'mip_integral_gap_abs' deprecated, please use 'mip_opt_gap_abs'.
WARNING:  Option 'mip_integral_gap_rel' deprecated, please use 'mip_opt_gap_rel'.
WARNING:  Option 'mip_integral_gap_abs' deprecated, please use 'mip_opt_gap_abs'.
WARNING:  Option 'mip_integral_gap_rel' deprecated, please use 'mip_opt_gap_rel'.
WARNING:  Option 'mip_integral_gap_abs' deprecated, please use 'mip_opt_gap_abs'.
WARNING:  Option 'mip_integral_gap_rel' deprecated, please use 'mip_opt_gap_rel'.
WARNING:  Option 'mip_integral_gap_abs' deprecated, please use 'mip_opt_gap_abs'.
WARNING:  Option 'mip_integral_gap_rel' deprecated, please use 'mip_opt_gap_rel'.
WARNING:  Option 'mip_integral_gap_abs' deprecated, please use 'mip_opt_gap_abs'.
WARNING:  Option 'mip_integral_gap_rel' deprecated, please use 'mip_opt_gap_rel'.
WARNING:  Option 'mip_integral_gap_abs' deprecated, please use 'mip_opt_gap_abs'.
WARNING:  Option 'mip_integral_gap_rel' deprecated, please use 'mip_opt_gap_rel'.
WARNING:  Option 'mip_integral_gap_abs' deprecated, please use 'mip_opt_gap_abs'.
WARNING:  Option 'mip_integral_gap_rel' deprecated, please use 'mip_opt_gap_rel'.
WARNING:  Option 'mip_integral_gap_abs' deprecated, please use 'mip_opt_gap_abs'.
WARNING:  Option 'mip_integral_gap_rel' deprecated, please use 'mip_opt_gap_rel'.
WARNING:  Option 'mip_integral_gap_abs' deprecated, please use 'mip_opt_gap_abs'.
WARNING:  Option 'mip_integral_gap_rel' deprecated, please use 'mip_opt_gap_rel'.
WARNING:  Option 'mip_integral_gap_abs' deprecated, please use 'mip_opt_gap_abs'.
WARNING:  Option 'mip_integral_gap_rel' deprecated, please use 'mip_opt_gap_rel'.
WARNING:  Option 'mip_integral_gap_abs' deprecated, please use 'mip_opt_gap_abs'.
WARNING:  Option 'mip_integral_gap_rel' deprecated, please use 'mip_opt_gap_rel'.
WARNING:  Option 'mip_integral_gap_abs' deprecated, please use 'mip_opt_gap_abs'.
WARNING:  Option 'mip_integral_gap_rel' deprecated, please use 'mip_opt_gap_rel'.
WARNING:  Option 'mip_integral_gap_abs' deprecated, please use 'mip_opt_gap_abs'.
WARNING:  Option 'mip_integral_gap_rel' deprecated, please use 'mip_opt_gap_rel'.
WARNING:  Option 'mip_integral_gap_abs' deprecated, please use 'mip_opt_gap_abs'.
WARNING:  Option 'mip_integral_gap_rel' deprecated, please use 'mip_opt_gap_rel'.
WARNING:  Option 'mip_integral_gap_abs' deprecated, please use 'mip_opt_gap_abs'.
WARNING:  Option 'mip_integral_gap_rel' deprecated, please use 'mip_opt_gap_rel'.
WARNING:  Option 'mip_integral_gap_abs' deprecated, please use 'mip_opt_gap_abs'.
WARNING:  Option 'mip_integral_gap_rel' deprecated, please use 'mip_opt_gap_rel'.
WARNING:  Option 'mip_integral_gap_abs' deprecated, please use 'mip_opt_gap_abs'.
WARNING:  Option 'mip_integral_gap_rel' deprecated, please use 'mip_opt_gap_rel'.
WARNING:  Option 'mip_integral_gap_abs' deprecated, please use 'mip_opt_gap_abs'.
WARNING:  Option 'mip_integral_gap_rel' deprecated, please use 'mip_opt_gap_rel'.
WARNING:  Option 'mip_integral_gap_abs' deprecated, please use 'mip_opt_gap_abs'.
WARNING:  Option 'mip_integral_gap_rel' deprecated, please use 'mip_opt_gap_rel'.
WARNING:  Option 'mip_integral_gap_abs' deprecated, please use 'mip_opt_gap_abs'.
WARNING:  Option 'mip_integral_gap_rel' deprecated, please use 'mip_opt_gap_rel'.
WARNING:  Option 'mip_integral_gap_abs' deprecated, please use 'mip_opt_gap_abs'.
WARNING:  Option 'mip_integral_gap_rel' deprecated, please use 'mip_opt_gap_rel'.
WARNING:  Option 'mip_integral_gap_abs' deprecated, please use 'mip_opt_gap_abs'.
WARNING:  Option 'mip_integral_gap_rel' deprecated, please use 'mip_opt_gap_rel'.
WARNING:  Option 'mip_integral_gap_abs' deprecated, please use 'mip_opt_gap_abs'.
WARNING:  Option 'mip_integral_gap_rel' deprecated, please use 'mip_opt_gap_rel'.
WARNING:  Option 'mip_integral_gap_abs' deprecated, please use 'mip_opt_gap_abs'.
WARNING:  Option 'mip_integral_gap_rel' deprecated, please use 'mip_opt_gap_rel'.
WARNING:  Option 'mip_integral_gap_abs' deprecated, please use 'mip_opt_gap_abs'.
WARNING:  Option 'mip_integral_gap_rel' deprecated, please use 'mip_opt_gap_rel'.
WARNING:  Option 'mip_integral_gap_abs' deprecated, please use 'mip_opt_gap_abs'.
WARNING:  Option 'mip_integral_gap_rel' deprecated, please use 'mip_opt_gap_rel'.
WARNING:  Option 'mip_integral_gap_abs' deprecated, please use 'mip_opt_gap_abs'.
WARNING:  Option 'mip_integral_gap_rel' deprecated, please use 'mip_opt_gap_rel'.
WARNING:  Option 'mip_integral_gap_abs' deprecated, please use 'mip_opt_gap_abs'.
WARNING:  Option 'mip_integral_gap_rel' deprecated, please use 'mip_opt_gap_rel'.
WARNING:  Option 'mip_integral_gap_abs' deprecated, please use 'mip_opt_gap_abs'.
WARNING:  Option 'mip_integral_gap_rel' deprecated, please use 'mip_opt_gap_rel'.
WARNING:  Option 'mip_integral_gap_abs' deprecated, please use 'mip_opt_gap_abs'.
WARNING:  Option 'mip_integral_gap_rel' deprecated, please use 'mip_opt_gap_rel'.
WARNING:  Option 'mip_integral_gap_abs' deprecated, please use 'mip_opt_gap_abs'.
WARNING:  Option 'mip_integral_gap_rel' deprecated, please use 'mip_opt_gap_rel'.
WARNING:  Option 'mip_integral_gap_abs' deprecated, please use 'mip_opt_gap_abs'.
WARNING:  Option 'mip_integral_gap_rel' deprecated, please use 'mip_opt_gap_rel'.
WARNING:  Option 'mip_integral_gap_abs' deprecated, please use 'mip_opt_gap_abs'.
WARNING:  Option 'mip_integral_gap_rel' deprecated, please use 'mip_opt_gap_rel'.
WARNING:  Option 'mip_integral_gap_abs' deprecated, please use 'mip_opt_gap_abs'.
WARNING:  Option 'mip_integral_gap_rel' deprecated, please use 'mip_opt_gap_rel'.
WARNING:  Option 'mip_integral_gap_abs' deprecated, please use 'mip_opt_gap_abs'.
WARNING:  Option 'mip_integral_gap_rel' deprecated, please use 'mip_opt_gap_rel'.
WARNING:  Option 'mip_integral_gap_abs' deprecated, please use 'mip_opt_gap_abs'.
WARNING:  Option 'mip_integral_gap_rel' deprecated, please use 'mip_opt_gap_rel'.
WARNING:  Option 'mip_integral_gap_abs' deprecated, please use 'mip_opt_gap_abs'.
WARNING:  Option 'mip_integral_gap_rel' deprecated, please use 'mip_opt_gap_rel'.
WARNING:  Option 'mip_integral_gap_abs' deprecated, please use 'mip_opt_gap_abs'.
WARNING:  Option 'mip_integral_gap_rel' deprecated, please use 'mip_opt_gap_rel'.
WARNING:  Option 'mip_integral_gap_abs' deprecated, please use 'mip_opt_gap_abs'.
WARNING:  Option 'mip_integral_gap_rel' deprecated, please use 'mip_opt_gap_rel'.
WARNING:  Option 'mip_integral_gap_abs' deprecated, please use 'mip_opt_gap_abs'.
WARNING:  Option 'mip_integral_gap_rel' deprecated, please use 'mip_opt_gap_rel'.
WARNING:  Option 'mip_integral_gap_abs' deprecated, please use 'mip_opt_gap_abs'.
WARNING:  Option 'mip_integral_gap_rel' deprecated, please use 'mip_opt_gap_rel'.
WARNING:  Option 'mip_integral_gap_abs' deprecated, please use 'mip_opt_gap_abs'.
WARNING:  Option 'mip_integral_gap_rel' deprecated, please use 'mip_opt_gap_rel'.
WARNING:  Option 'mip_integral_gap_abs' deprecated, please use 'mip_opt_gap_abs'.
WARNING:  Option 'mip_integral_gap_rel' deprecated, please use 'mip_opt_gap_rel'.
WARNING:  Option 'mip_integral_gap_abs' deprecated, please use 'mip_opt_gap_abs'.
WARNING:  Option 'mip_integral_gap_rel' deprecated, please use 'mip_opt_gap_rel'.
WARNING:  Option 'mip_integral_gap_abs' deprecated, please use 'mip_opt_gap_abs'.
WARNING:  Option 'mip_integral_gap_rel' deprecated, please use 'mip_opt_gap_rel'.
WARNING:  Option 'mip_integral_gap_abs' deprecated, please use 'mip_opt_gap_abs'.
WARNING:  Option 'mip_integral_gap_rel' deprecated, please use 'mip_opt_gap_rel'.
WARNING:  Option 'mip_integral_gap_abs' deprecated, please use 'mip_opt_gap_abs'.
WARNING:  Option 'mip_integral_gap_rel' deprecated, please use 'mip_opt_gap_rel'.
WARNING:  Option 'mip_integral_gap_abs' deprecated, please use 'mip_opt_gap_abs'.
WARNING:  Option 'mip_integral_gap_rel' deprecated, please use 'mip_opt_gap_rel'.
WARNING:  Option 'mip_integral_gap_abs' deprecated, please use 'mip_opt_gap_abs'.
WARNING:  Option 'mip_integral_gap_rel' deprecated, please use 'mip_opt_gap_rel'.
WARNING:  Option 'mip_integral_gap_abs' deprecated, please use 'mip_opt_gap_abs'.
WARNING:  Option 'mip_integral_gap_rel' deprecated, please use 'mip_opt_gap_rel'.
WARNING:  Option 'mip_integral_gap_abs' deprecated, please use 'mip_opt_gap_abs'.
WARNING:  Option 'mip_integral_gap_rel' deprecated, please use 'mip_opt_gap_rel'.
WARNING:  Option 'mip_integral_gap_abs' deprecated, please use 'mip_opt_gap_abs'.
WARNING:  Option 'mip_integral_gap_rel' deprecated, please use 'mip_opt_gap_rel'.
WARNING:  Option 'mip_integral_gap_abs' deprecated, please use 'mip_opt_gap_abs'.
WARNING:  Option 'mip_integral_gap_rel' deprecated, please use 'mip_opt_gap_rel'.
WARNING:  Option 'mip_integral_gap_abs' deprecated, please use 'mip_opt_gap_abs'.
WARNING:  Option 'mip_integral_gap_rel' deprecated, please use 'mip_opt_gap_rel'.
WARNING:  Option 'mip_integral_gap_abs' deprecated, please use 'mip_opt_gap_abs'.
WARNING:  Option 'mip_integral_gap_rel' deprecated, please use 'mip_opt_gap_rel'.
WARNING:  Option 'mip_integral_gap_abs' deprecated, please use 'mip_opt_gap_abs'.
WARNING:  Option 'mip_integral_gap_rel' deprecated, please use 'mip_opt_gap_rel'.
WARNING:  Option 'mip_integral_gap_abs' deprecated, please use 'mip_opt_gap_abs'.
WARNING:  Option 'mip_integral_gap_rel' deprecated, please use 'mip_opt_gap_rel'.
WARNING:  Option 'mip_integral_gap_abs' deprecated, please use 'mip_opt_gap_abs'.
WARNING:  Option 'mip_integral_gap_rel' deprecated, please use 'mip_opt_gap_rel'.
WARNING:  Option 'mip_integral_gap_abs' deprecated, please use 'mip_opt_gap_abs'.
WARNING:  Option 'mip_integral_gap_rel' deprecated, please use 'mip_opt_gap_rel'.
WARNING:  Option 'mip_integral_gap_abs' deprecated, please use 'mip_opt_gap_abs'.
WARNING:  Option 'mip_integral_gap_rel' deprecated, please use 'mip_opt_gap_rel'.
WARNING:  Option 'mip_integral_gap_abs' deprecated, please use 'mip_opt_gap_abs'.
WARNING:  Option 'mip_integral_gap_rel' deprecated, please use 'mip_opt_gap_rel'.
WARNING:  Option 'mip_integral_gap_abs' deprecated, please use 'mip_opt_gap_abs'.
WARNING:  Option 'mip_integral_gap_rel' deprecated, please use 'mip_opt_gap_rel'.
WARNING:  Option 'mip_integral_gap_abs' deprecated, please use 'mip_opt_gap_abs'.
WARNING:  Option 'mip_integral_gap_rel' deprecated, please use 'mip_opt_gap_rel'.
WARNING:  Option 'mip_integral_gap_abs' deprecated, please use 'mip_opt_gap_abs'.
WARNING:  Option 'mip_integral_gap_rel' deprecated, please use 'mip_opt_gap_rel'.
WARNING:  Option 'mip_integral_gap_abs' deprecated, please use 'mip_opt_gap_abs'.
WARNING:  Option 'mip_integral_gap_rel' deprecated, please use 'mip_opt_gap_rel'.
    [θ-eval 70, gravity-feasible 13] seqR_mean=2.21e-03 ok=false seq_time=7.31s
WARNING:  Option 'mip_integral_gap_abs' deprecated, please use 'mip_opt_gap_abs'.
WARNING:  Option 'mip_integral_gap_rel' deprecated, please use 'mip_opt_gap_rel'.
WARNING:  Option 'mip_integral_gap_abs' deprecated, please use 'mip_opt_gap_abs'.
WARNING:  Option 'mip_integral_gap_rel' deprecated, please use 'mip_opt_gap_rel'.
WARNING:  Option 'mip_integral_gap_abs' deprecated, please use 'mip_opt_gap_abs'.
WARNING:  Option 'mip_integral_gap_rel' deprecated, please use 'mip_opt_gap_rel'.
WARNING:  Option 'mip_integral_gap_abs' deprecated, please use 'mip_opt_gap_abs'.
WARNING:  Option 'mip_integral_gap_rel' deprecated, please use 'mip_opt_gap_rel'.
WARNING:  Option 'mip_integral_gap_abs' deprecated, please use 'mip_opt_gap_abs'.
WARNING:  Option 'mip_integral_gap_rel' deprecated, please use 'mip_opt_gap_rel'.
WARNING:  Option 'mip_integral_gap_abs' deprecated, please use 'mip_opt_gap_abs'.
WARNING:  Option 'mip_integral_gap_rel' deprecated, please use 'mip_opt_gap_rel'.
WARNING:  Option 'mip_integral_gap_abs' deprecated, please use 'mip_opt_gap_abs'.
WARNING:  Option 'mip_integral_gap_rel' deprecated, please use 'mip_opt_gap_rel'.
WARNING:  Option 'mip_integral_gap_abs' deprecated, please use 'mip_opt_gap_abs'.
WARNING:  Option 'mip_integral_gap_rel' deprecated, please use 'mip_opt_gap_rel'.
WARNING:  Option 'mip_integral_gap_abs' deprecated, please use 'mip_opt_gap_abs'.
WARNING:  Option 'mip_integral_gap_rel' deprecated, please use 'mip_opt_gap_rel'.
WARNING:  Option 'mip_integral_gap_abs' deprecated, please use 'mip_opt_gap_abs'.
WARNING:  Option 'mip_integral_gap_rel' deprecated, please use 'mip_opt_gap_rel'.
WARNING:  Option 'mip_integral_gap_abs' deprecated, please use 'mip_opt_gap_abs'.
WARNING:  Option 'mip_integral_gap_rel' deprecated, please use 'mip_opt_gap_rel'.
WARNING:  Option 'mip_integral_gap_abs' deprecated, please use 'mip_opt_gap_abs'.
WARNING:  Option 'mip_integral_gap_rel' deprecated, please use 'mip_opt_gap_rel'.
WARNING:  Option 'mip_integral_gap_abs' deprecated, please use 'mip_opt_gap_abs'.
WARNING:  Option 'mip_integral_gap_rel' deprecated, please use 'mip_opt_gap_rel'.
WARNING:  Option 'mip_integral_gap_abs' deprecated, please use 'mip_opt_gap_abs'.
WARNING:  Option 'mip_integral_gap_rel' deprecated, please use 'mip_opt_gap_rel'.
WARNING:  Option 'mip_integral_gap_abs' deprecated, please use 'mip_opt_gap_abs'.
WARNING:  Option 'mip_integral_gap_rel' deprecated, please use 'mip_opt_gap_rel'.
WARNING:  Option 'mip_integral_gap_abs' deprecated, please use 'mip_opt_gap_abs'.
WARNING:  Option 'mip_integral_gap_rel' deprecated, please use 'mip_opt_gap_rel'.
WARNING:  Option 'mip_integral_gap_abs' deprecated, please use 'mip_opt_gap_abs'.
WARNING:  Option 'mip_integral_gap_rel' deprecated, please use 'mip_opt_gap_rel'.
WARNING:  Option 'mip_integral_gap_abs' deprecated, please use 'mip_opt_gap_abs'.
WARNING:  Option 'mip_integral_gap_rel' deprecated, please use 'mip_opt_gap_rel'.
WARNING:  Option 'mip_integral_gap_abs' deprecated, please use 'mip_opt_gap_abs'.
WARNING:  Option 'mip_integral_gap_rel' deprecated, please use 'mip_opt_gap_rel'.
WARNING:  Option 'mip_integral_gap_abs' deprecated, please use 'mip_opt_gap_abs'.
WARNING:  Option 'mip_integral_gap_rel' deprecated, please use 'mip_opt_gap_rel'.
WARNING:  Option 'mip_integral_gap_abs' deprecated, please use 'mip_opt_gap_abs'.
WARNING:  Option 'mip_integral_gap_rel' deprecated, please use 'mip_opt_gap_rel'.
WARNING:  Option 'mip_integral_gap_abs' deprecated, please use 'mip_opt_gap_abs'.
WARNING:  Option 'mip_integral_gap_rel' deprecated, please use 'mip_opt_gap_rel'.
WARNING:  Option 'mip_integral_gap_abs' deprecated, please use 'mip_opt_gap_abs'.
WARNING:  Option 'mip_integral_gap_rel' deprecated, please use 'mip_opt_gap_rel'.
WARNING:  Option 'mip_integral_gap_abs' deprecated, please use 'mip_opt_gap_abs'.
WARNING:  Option 'mip_integral_gap_rel' deprecated, please use 'mip_opt_gap_rel'.
WARNING:  Option 'mip_integral_gap_abs' deprecated, please use 'mip_opt_gap_abs'.
WARNING:  Option 'mip_integral_gap_rel' deprecated, please use 'mip_opt_gap_rel'.
WARNING:  Option 'mip_integral_gap_abs' deprecated, please use 'mip_opt_gap_abs'.
WARNING:  Option 'mip_integral_gap_rel' deprecated, please use 'mip_opt_gap_rel'.
WARNING:  Option 'mip_integral_gap_abs' deprecated, please use 'mip_opt_gap_abs'.
WARNING:  Option 'mip_integral_gap_rel' deprecated, please use 'mip_opt_gap_rel'.
WARNING:  Option 'mip_integral_gap_abs' deprecated, please use 'mip_opt_gap_abs'.
WARNING:  Option 'mip_integral_gap_rel' deprecated, please use 'mip_opt_gap_rel'.
WARNING:  Option 'mip_integral_gap_abs' deprecated, please use 'mip_opt_gap_abs'.
WARNING:  Option 'mip_integral_gap_rel' deprecated, please use 'mip_opt_gap_rel'.
WARNING:  Option 'mip_integral_gap_abs' deprecated, please use 'mip_opt_gap_abs'.
WARNING:  Option 'mip_integral_gap_rel' deprecated, please use 'mip_opt_gap_rel'.
WARNING:  Option 'mip_integral_gap_abs' deprecated, please use 'mip_opt_gap_abs'.
WARNING:  Option 'mip_integral_gap_rel' deprecated, please use 'mip_opt_gap_rel'.
WARNING:  Option 'mip_integral_gap_abs' deprecated, please use 'mip_opt_gap_abs'.
WARNING:  Option 'mip_integral_gap_rel' deprecated, please use 'mip_opt_gap_rel'.
WARNING:  Option 'mip_integral_gap_abs' deprecated, please use 'mip_opt_gap_abs'.
WARNING:  Option 'mip_integral_gap_rel' deprecated, please use 'mip_opt_gap_rel'.
WARNING:  Option 'mip_integral_gap_abs' deprecated, please use 'mip_opt_gap_abs'.
WARNING:  Option 'mip_integral_gap_rel' deprecated, please use 'mip_opt_gap_rel'.
WARNING:  Option 'mip_integral_gap_abs' deprecated, please use 'mip_opt_gap_abs'.
WARNING:  Option 'mip_integral_gap_rel' deprecated, please use 'mip_opt_gap_rel'.
WARNING:  Option 'mip_integral_gap_abs' deprecated, please use 'mip_opt_gap_abs'.
WARNING:  Option 'mip_integral_gap_rel' deprecated, please use 'mip_opt_gap_rel'.
WARNING:  Option 'mip_integral_gap_abs' deprecated, please use 'mip_opt_gap_abs'.
WARNING:  Option 'mip_integral_gap_rel' deprecated, please use 'mip_opt_gap_rel'.
WARNING:  Option 'mip_integral_gap_abs' deprecated, please use 'mip_opt_gap_abs'.
WARNING:  Option 'mip_integral_gap_rel' deprecated, please use 'mip_opt_gap_rel'.
WARNING:  Option 'mip_integral_gap_abs' deprecated, please use 'mip_opt_gap_abs'.
WARNING:  Option 'mip_integral_gap_rel' deprecated, please use 'mip_opt_gap_rel'.
WARNING:  Option 'mip_integral_gap_abs' deprecated, please use 'mip_opt_gap_abs'.
WARNING:  Option 'mip_integral_gap_rel' deprecated, please use 'mip_opt_gap_rel'.
WARNING:  Option 'mip_integral_gap_abs' deprecated, please use 'mip_opt_gap_abs'.
WARNING:  Option 'mip_integral_gap_rel' deprecated, please use 'mip_opt_gap_rel'.
WARNING:  Option 'mip_integral_gap_abs' deprecated, please use 'mip_opt_gap_abs'.
WARNING:  Option 'mip_integral_gap_rel' deprecated, please use 'mip_opt_gap_rel'.
WARNING:  Option 'mip_integral_gap_abs' deprecated, please use 'mip_opt_gap_abs'.
WARNING:  Option 'mip_integral_gap_rel' deprecated, please use 'mip_opt_gap_rel'.
WARNING:  Option 'mip_integral_gap_abs' deprecated, please use 'mip_opt_gap_abs'.
WARNING:  Option 'mip_integral_gap_rel' deprecated, please use 'mip_opt_gap_rel'.
WARNING:  Option 'mip_integral_gap_abs' deprecated, please use 'mip_opt_gap_abs'.
WARNING:  Option 'mip_integral_gap_rel' deprecated, please use 'mip_opt_gap_rel'.
WARNING:  Option 'mip_integral_gap_abs' deprecated, please use 'mip_opt_gap_abs'.
WARNING:  Option 'mip_integral_gap_rel' deprecated, please use 'mip_opt_gap_rel'.
WARNING:  Option 'mip_integral_gap_abs' deprecated, please use 'mip_opt_gap_abs'.
WARNING:  Option 'mip_integral_gap_rel' deprecated, please use 'mip_opt_gap_rel'.
WARNING:  Option 'mip_integral_gap_abs' deprecated, please use 'mip_opt_gap_abs'.
WARNING:  Option 'mip_integral_gap_rel' deprecated, please use 'mip_opt_gap_rel'.
WARNING:  Option 'mip_integral_gap_abs' deprecated, please use 'mip_opt_gap_abs'.
WARNING:  Option 'mip_integral_gap_rel' deprecated, please use 'mip_opt_gap_rel'.
WARNING:  Option 'mip_integral_gap_abs' deprecated, please use 'mip_opt_gap_abs'.
WARNING:  Option 'mip_integral_gap_rel' deprecated, please use 'mip_opt_gap_rel'.
WARNING:  Option 'mip_integral_gap_abs' deprecated, please use 'mip_opt_gap_abs'.
WARNING:  Option 'mip_integral_gap_rel' deprecated, please use 'mip_opt_gap_rel'.
WARNING:  Option 'mip_integral_gap_abs' deprecated, please use 'mip_opt_gap_abs'.
WARNING:  Option 'mip_integral_gap_rel' deprecated, please use 'mip_opt_gap_rel'.
WARNING:  Option 'mip_integral_gap_abs' deprecated, please use 'mip_opt_gap_abs'.
WARNING:  Option 'mip_integral_gap_rel' deprecated, please use 'mip_opt_gap_rel'.
WARNING:  Option 'mip_integral_gap_abs' deprecated, please use 'mip_opt_gap_abs'.
WARNING:  Option 'mip_integral_gap_rel' deprecated, please use 'mip_opt_gap_rel'.
WARNING:  Option 'mip_integral_gap_abs' deprecated, please use 'mip_opt_gap_abs'.
WARNING:  Option 'mip_integral_gap_rel' deprecated, please use 'mip_opt_gap_rel'.
WARNING:  Option 'mip_integral_gap_abs' deprecated, please use 'mip_opt_gap_abs'.
WARNING:  Option 'mip_integral_gap_rel' deprecated, please use 'mip_opt_gap_rel'.
WARNING:  Option 'mip_integral_gap_abs' deprecated, please use 'mip_opt_gap_abs'.
WARNING:  Option 'mip_integral_gap_rel' deprecated, please use 'mip_opt_gap_rel'.
WARNING:  Option 'mip_integral_gap_abs' deprecated, please use 'mip_opt_gap_abs'.
WARNING:  Option 'mip_integral_gap_rel' deprecated, please use 'mip_opt_gap_rel'.
WARNING:  Option 'mip_integral_gap_abs' deprecated, please use 'mip_opt_gap_abs'.
WARNING:  Option 'mip_integral_gap_rel' deprecated, please use 'mip_opt_gap_rel'.
WARNING:  Option 'mip_integral_gap_abs' deprecated, please use 'mip_opt_gap_abs'.
WARNING:  Option 'mip_integral_gap_rel' deprecated, please use 'mip_opt_gap_rel'.
WARNING:  Option 'mip_integral_gap_abs' deprecated, please use 'mip_opt_gap_abs'.
WARNING:  Option 'mip_integral_gap_rel' deprecated, please use 'mip_opt_gap_rel'.
WARNING:  Option 'mip_integral_gap_abs' deprecated, please use 'mip_opt_gap_abs'.
WARNING:  Option 'mip_integral_gap_rel' deprecated, please use 'mip_opt_gap_rel'.
WARNING:  Option 'mip_integral_gap_abs' deprecated, please use 'mip_opt_gap_abs'.
WARNING:  Option 'mip_integral_gap_rel' deprecated, please use 'mip_opt_gap_rel'.
WARNING:  Option 'mip_integral_gap_abs' deprecated, please use 'mip_opt_gap_abs'.
WARNING:  Option 'mip_integral_gap_rel' deprecated, please use 'mip_opt_gap_rel'.
WARNING:  Option 'mip_integral_gap_abs' deprecated, please use 'mip_opt_gap_abs'.
WARNING:  Option 'mip_integral_gap_rel' deprecated, please use 'mip_opt_gap_rel'.
WARNING:  Option 'mip_integral_gap_abs' deprecated, please use 'mip_opt_gap_abs'.
WARNING:  Option 'mip_integral_gap_rel' deprecated, please use 'mip_opt_gap_rel'.
WARNING:  Option 'mip_integral_gap_abs' deprecated, please use 'mip_opt_gap_abs'.
WARNING:  Option 'mip_integral_gap_rel' deprecated, please use 'mip_opt_gap_rel'.
WARNING:  Option 'mip_integral_gap_abs' deprecated, please use 'mip_opt_gap_abs'.
WARNING:  Option 'mip_integral_gap_rel' deprecated, please use 'mip_opt_gap_rel'.
WARNING:  Option 'mip_integral_gap_abs' deprecated, please use 'mip_opt_gap_abs'.
WARNING:  Option 'mip_integral_gap_rel' deprecated, please use 'mip_opt_gap_rel'.
WARNING:  Option 'mip_integral_gap_abs' deprecated, please use 'mip_opt_gap_abs'.
WARNING:  Option 'mip_integral_gap_rel' deprecated, please use 'mip_opt_gap_rel'.
WARNING:  Option 'mip_integral_gap_abs' deprecated, please use 'mip_opt_gap_abs'.
WARNING:  Option 'mip_integral_gap_rel' deprecated, please use 'mip_opt_gap_rel'.
WARNING:  Option 'mip_integral_gap_abs' deprecated, please use 'mip_opt_gap_abs'.
WARNING:  Option 'mip_integral_gap_rel' deprecated, please use 'mip_opt_gap_rel'.
WARNING:  Option 'mip_integral_gap_abs' deprecated, please use 'mip_opt_gap_abs'.
WARNING:  Option 'mip_integral_gap_rel' deprecated, please use 'mip_opt_gap_rel'.
WARNING:  Option 'mip_integral_gap_abs' deprecated, please use 'mip_opt_gap_abs'.
WARNING:  Option 'mip_integral_gap_rel' deprecated, please use 'mip_opt_gap_rel'.
WARNING:  Option 'mip_integral_gap_abs' deprecated, please use 'mip_opt_gap_abs'.
WARNING:  Option 'mip_integral_gap_rel' deprecated, please use 'mip_opt_gap_rel'.
WARNING:  Option 'mip_integral_gap_abs' deprecated, please use 'mip_opt_gap_abs'.
WARNING:  Option 'mip_integral_gap_rel' deprecated, please use 'mip_opt_gap_rel'.
WARNING:  Option 'mip_integral_gap_abs' deprecated, please use 'mip_opt_gap_abs'.
WARNING:  Option 'mip_integral_gap_rel' deprecated, please use 'mip_opt_gap_rel'.
WARNING:  Option 'mip_integral_gap_abs' deprecated, please use 'mip_opt_gap_abs'.
WARNING:  Option 'mip_integral_gap_rel' deprecated, please use 'mip_opt_gap_rel'.
WARNING:  Option 'mip_integral_gap_abs' deprecated, please use 'mip_opt_gap_abs'.
WARNING:  Option 'mip_integral_gap_rel' deprecated, please use 'mip_opt_gap_rel'.
WARNING:  Option 'mip_integral_gap_abs' deprecated, please use 'mip_opt_gap_abs'.
WARNING:  Option 'mip_integral_gap_rel' deprecated, please use 'mip_opt_gap_rel'.
WARNING:  Option 'mip_integral_gap_abs' deprecated, please use 'mip_opt_gap_abs'.
WARNING:  Option 'mip_integral_gap_rel' deprecated, please use 'mip_opt_gap_rel'.
WARNING:  Option 'mip_integral_gap_abs' deprecated, please use 'mip_opt_gap_abs'.
WARNING:  Option 'mip_integral_gap_rel' deprecated, please use 'mip_opt_gap_rel'.
WARNING:  Option 'mip_integral_gap_abs' deprecated, please use 'mip_opt_gap_abs'.
WARNING:  Option 'mip_integral_gap_rel' deprecated, please use 'mip_opt_gap_rel'.
WARNING:  Option 'mip_integral_gap_abs' deprecated, please use 'mip_opt_gap_abs'.
WARNING:  Option 'mip_integral_gap_rel' deprecated, please use 'mip_opt_gap_rel'.
WARNING:  Option 'mip_integral_gap_abs' deprecated, please use 'mip_opt_gap_abs'.
WARNING:  Option 'mip_integral_gap_rel' deprecated, please use 'mip_opt_gap_rel'.
WARNING:  Option 'mip_integral_gap_abs' deprecated, please use 'mip_opt_gap_abs'.
WARNING:  Option 'mip_integral_gap_rel' deprecated, please use 'mip_opt_gap_rel'.
WARNING:  Option 'mip_integral_gap_abs' deprecated, please use 'mip_opt_gap_abs'.
WARNING:  Option 'mip_integral_gap_rel' deprecated, please use 'mip_opt_gap_rel'.
WARNING:  Option 'mip_integral_gap_abs' deprecated, please use 'mip_opt_gap_abs'.
WARNING:  Option 'mip_integral_gap_rel' deprecated, please use 'mip_opt_gap_rel'.
WARNING:  Option 'mip_integral_gap_abs' deprecated, please use 'mip_opt_gap_abs'.
WARNING:  Option 'mip_integral_gap_rel' deprecated, please use 'mip_opt_gap_rel'.
WARNING:  Option 'mip_integral_gap_abs' deprecated, please use 'mip_opt_gap_abs'.
WARNING:  Option 'mip_integral_gap_rel' deprecated, please use 'mip_opt_gap_rel'.
WARNING:  Option 'mip_integral_gap_abs' deprecated, please use 'mip_opt_gap_abs'.
WARNING:  Option 'mip_integral_gap_rel' deprecated, please use 'mip_opt_gap_rel'.
WARNING:  Option 'mip_integral_gap_abs' deprecated, please use 'mip_opt_gap_abs'.
WARNING:  Option 'mip_integral_gap_rel' deprecated, please use 'mip_opt_gap_rel'.
WARNING:  Option 'mip_integral_gap_abs' deprecated, please use 'mip_opt_gap_abs'.
WARNING:  Option 'mip_integral_gap_rel' deprecated, please use 'mip_opt_gap_rel'.
WARNING:  Option 'mip_integral_gap_abs' deprecated, please use 'mip_opt_gap_abs'.
WARNING:  Option 'mip_integral_gap_rel' deprecated, please use 'mip_opt_gap_rel'.
WARNING:  Option 'mip_integral_gap_abs' deprecated, please use 'mip_opt_gap_abs'.
WARNING:  Option 'mip_integral_gap_rel' deprecated, please use 'mip_opt_gap_rel'.
WARNING:  Option 'mip_integral_gap_abs' deprecated, please use 'mip_opt_gap_abs'.
WARNING:  Option 'mip_integral_gap_rel' deprecated, please use 'mip_opt_gap_rel'.
WARNING:  Option 'mip_integral_gap_abs' deprecated, please use 'mip_opt_gap_abs'.
WARNING:  Option 'mip_integral_gap_rel' deprecated, please use 'mip_opt_gap_rel'.
WARNING:  Option 'mip_integral_gap_abs' deprecated, please use 'mip_opt_gap_abs'.
WARNING:  Option 'mip_integral_gap_rel' deprecated, please use 'mip_opt_gap_rel'.
WARNING:  Option 'mip_integral_gap_abs' deprecated, please use 'mip_opt_gap_abs'.
WARNING:  Option 'mip_integral_gap_rel' deprecated, please use 'mip_opt_gap_rel'.
WARNING:  Option 'mip_integral_gap_abs' deprecated, please use 'mip_opt_gap_abs'.
WARNING:  Option 'mip_integral_gap_rel' deprecated, please use 'mip_opt_gap_rel'.
WARNING:  Option 'mip_integral_gap_abs' deprecated, please use 'mip_opt_gap_abs'.
WARNING:  Option 'mip_integral_gap_rel' deprecated, please use 'mip_opt_gap_rel'.
WARNING:  Option 'mip_integral_gap_abs' deprecated, please use 'mip_opt_gap_abs'.
WARNING:  Option 'mip_integral_gap_rel' deprecated, please use 'mip_opt_gap_rel'.
WARNING:  Option 'mip_integral_gap_abs' deprecated, please use 'mip_opt_gap_abs'.
WARNING:  Option 'mip_integral_gap_rel' deprecated, please use 'mip_opt_gap_rel'.
WARNING:  Option 'mip_integral_gap_abs' deprecated, please use 'mip_opt_gap_abs'.
WARNING:  Option 'mip_integral_gap_rel' deprecated, please use 'mip_opt_gap_rel'.
WARNING:  Option 'mip_integral_gap_abs' deprecated, please use 'mip_opt_gap_abs'.
WARNING:  Option 'mip_integral_gap_rel' deprecated, please use 'mip_opt_gap_rel'.
WARNING:  Option 'mip_integral_gap_abs' deprecated, please use 'mip_opt_gap_abs'.
WARNING:  Option 'mip_integral_gap_rel' deprecated, please use 'mip_opt_gap_rel'.
WARNING:  Option 'mip_integral_gap_abs' deprecated, please use 'mip_opt_gap_abs'.
WARNING:  Option 'mip_integral_gap_rel' deprecated, please use 'mip_opt_gap_rel'.
WARNING:  Option 'mip_integral_gap_abs' deprecated, please use 'mip_opt_gap_abs'.
WARNING:  Option 'mip_integral_gap_rel' deprecated, please use 'mip_opt_gap_rel'.
WARNING:  Option 'mip_integral_gap_abs' deprecated, please use 'mip_opt_gap_abs'.
WARNING:  Option 'mip_integral_gap_rel' deprecated, please use 'mip_opt_gap_rel'.
WARNING:  Option 'mip_integral_gap_abs' deprecated, please use 'mip_opt_gap_abs'.
WARNING:  Option 'mip_integral_gap_rel' deprecated, please use 'mip_opt_gap_rel'.
WARNING:  Option 'mip_integral_gap_abs' deprecated, please use 'mip_opt_gap_abs'.
WARNING:  Option 'mip_integral_gap_rel' deprecated, please use 'mip_opt_gap_rel'.
WARNING:  Option 'mip_integral_gap_abs' deprecated, please use 'mip_opt_gap_abs'.
WARNING:  Option 'mip_integral_gap_rel' deprecated, please use 'mip_opt_gap_rel'.
WARNING:  Option 'mip_integral_gap_abs' deprecated, please use 'mip_opt_gap_abs'.
WARNING:  Option 'mip_integral_gap_rel' deprecated, please use 'mip_opt_gap_rel'.
WARNING:  Option 'mip_integral_gap_abs' deprecated, please use 'mip_opt_gap_abs'.
WARNING:  Option 'mip_integral_gap_rel' deprecated, please use 'mip_opt_gap_rel'.
WARNING:  Option 'mip_integral_gap_abs' deprecated, please use 'mip_opt_gap_abs'.
WARNING:  Option 'mip_integral_gap_rel' deprecated, please use 'mip_opt_gap_rel'.
WARNING:  Option 'mip_integral_gap_abs' deprecated, please use 'mip_opt_gap_abs'.
WARNING:  Option 'mip_integral_gap_rel' deprecated, please use 'mip_opt_gap_rel'.
WARNING:  Option 'mip_integral_gap_abs' deprecated, please use 'mip_opt_gap_abs'.
WARNING:  Option 'mip_integral_gap_rel' deprecated, please use 'mip_opt_gap_rel'.
WARNING:  Option 'mip_integral_gap_abs' deprecated, please use 'mip_opt_gap_abs'.
WARNING:  Option 'mip_integral_gap_rel' deprecated, please use 'mip_opt_gap_rel'.
    [θ-eval 80, gravity-feasible 14] seqR_mean=4.04e-04 ok=false seq_time=18.08s
WARNING:  Option 'mip_integral_gap_abs' deprecated, please use 'mip_opt_gap_abs'.
WARNING:  Option 'mip_integral_gap_rel' deprecated, please use 'mip_opt_gap_rel'.
WARNING:  Option 'mip_integral_gap_abs' deprecated, please use 'mip_opt_gap_abs'.
WARNING:  Option 'mip_integral_gap_rel' deprecated, please use 'mip_opt_gap_rel'.
WARNING:  Option 'mip_integral_gap_abs' deprecated, please use 'mip_opt_gap_abs'.
WARNING:  Option 'mip_integral_gap_rel' deprecated, please use 'mip_opt_gap_rel'.
WARNING:  Option 'mip_integral_gap_abs' deprecated, please use 'mip_opt_gap_abs'.
WARNING:  Option 'mip_integral_gap_rel' deprecated, please use 'mip_opt_gap_rel'.
WARNING:  Option 'mip_integral_gap_abs' deprecated, please use 'mip_opt_gap_abs'.
WARNING:  Option 'mip_integral_gap_rel' deprecated, please use 'mip_opt_gap_rel'.
WARNING:  Option 'mip_integral_gap_abs' deprecated, please use 'mip_opt_gap_abs'.
WARNING:  Option 'mip_integral_gap_rel' deprecated, please use 'mip_opt_gap_rel'.
WARNING:  Option 'mip_integral_gap_abs' deprecated, please use 'mip_opt_gap_abs'.
WARNING:  Option 'mip_integral_gap_rel' deprecated, please use 'mip_opt_gap_rel'.
WARNING:  Option 'mip_integral_gap_abs' deprecated, please use 'mip_opt_gap_abs'.
WARNING:  Option 'mip_integral_gap_rel' deprecated, please use 'mip_opt_gap_rel'.
WARNING:  Option 'mip_integral_gap_abs' deprecated, please use 'mip_opt_gap_abs'.
WARNING:  Option 'mip_integral_gap_rel' deprecated, please use 'mip_opt_gap_rel'.
WARNING:  Option 'mip_integral_gap_abs' deprecated, please use 'mip_opt_gap_abs'.
WARNING:  Option 'mip_integral_gap_rel' deprecated, please use 'mip_opt_gap_rel'.
WARNING:  Option 'mip_integral_gap_abs' deprecated, please use 'mip_opt_gap_abs'.
WARNING:  Option 'mip_integral_gap_rel' deprecated, please use 'mip_opt_gap_rel'.
WARNING:  Option 'mip_integral_gap_abs' deprecated, please use 'mip_opt_gap_abs'.
WARNING:  Option 'mip_integral_gap_rel' deprecated, please use 'mip_opt_gap_rel'.
WARNING:  Option 'mip_integral_gap_abs' deprecated, please use 'mip_opt_gap_abs'.
WARNING:  Option 'mip_integral_gap_rel' deprecated, please use 'mip_opt_gap_rel'.
WARNING:  Option 'mip_integral_gap_abs' deprecated, please use 'mip_opt_gap_abs'.
WARNING:  Option 'mip_integral_gap_rel' deprecated, please use 'mip_opt_gap_rel'.
WARNING:  Option 'mip_integral_gap_abs' deprecated, please use 'mip_opt_gap_abs'.
WARNING:  Option 'mip_integral_gap_rel' deprecated, please use 'mip_opt_gap_rel'.
WARNING:  Option 'mip_integral_gap_abs' deprecated, please use 'mip_opt_gap_abs'.
WARNING:  Option 'mip_integral_gap_rel' deprecated, please use 'mip_opt_gap_rel'.
WARNING:  Option 'mip_integral_gap_abs' deprecated, please use 'mip_opt_gap_abs'.
WARNING:  Option 'mip_integral_gap_rel' deprecated, please use 'mip_opt_gap_rel'.
WARNING:  Option 'mip_integral_gap_abs' deprecated, please use 'mip_opt_gap_abs'.
WARNING:  Option 'mip_integral_gap_rel' deprecated, please use 'mip_opt_gap_rel'.
WARNING:  Option 'mip_integral_gap_abs' deprecated, please use 'mip_opt_gap_abs'.
WARNING:  Option 'mip_integral_gap_rel' deprecated, please use 'mip_opt_gap_rel'.
WARNING:  Option 'mip_integral_gap_abs' deprecated, please use 'mip_opt_gap_abs'.
WARNING:  Option 'mip_integral_gap_rel' deprecated, please use 'mip_opt_gap_rel'.
WARNING:  Option 'mip_integral_gap_abs' deprecated, please use 'mip_opt_gap_abs'.
WARNING:  Option 'mip_integral_gap_rel' deprecated, please use 'mip_opt_gap_rel'.
WARNING:  Option 'mip_integral_gap_abs' deprecated, please use 'mip_opt_gap_abs'.
WARNING:  Option 'mip_integral_gap_rel' deprecated, please use 'mip_opt_gap_rel'.
WARNING:  Option 'mip_integral_gap_abs' deprecated, please use 'mip_opt_gap_abs'.
WARNING:  Option 'mip_integral_gap_rel' deprecated, please use 'mip_opt_gap_rel'.
WARNING:  Option 'mip_integral_gap_abs' deprecated, please use 'mip_opt_gap_abs'.
WARNING:  Option 'mip_integral_gap_rel' deprecated, please use 'mip_opt_gap_rel'.
WARNING:  Option 'mip_integral_gap_abs' deprecated, please use 'mip_opt_gap_abs'.
WARNING:  Option 'mip_integral_gap_rel' deprecated, please use 'mip_opt_gap_rel'.
WARNING:  Option 'mip_integral_gap_abs' deprecated, please use 'mip_opt_gap_abs'.
WARNING:  Option 'mip_integral_gap_rel' deprecated, please use 'mip_opt_gap_rel'.
WARNING:  Option 'mip_integral_gap_abs' deprecated, please use 'mip_opt_gap_abs'.
WARNING:  Option 'mip_integral_gap_rel' deprecated, please use 'mip_opt_gap_rel'.
WARNING:  Option 'mip_integral_gap_abs' deprecated, please use 'mip_opt_gap_abs'.
WARNING:  Option 'mip_integral_gap_rel' deprecated, please use 'mip_opt_gap_rel'.
WARNING:  Option 'mip_integral_gap_abs' deprecated, please use 'mip_opt_gap_abs'.
WARNING:  Option 'mip_integral_gap_rel' deprecated, please use 'mip_opt_gap_rel'.
WARNING:  Option 'mip_integral_gap_abs' deprecated, please use 'mip_opt_gap_abs'.
WARNING:  Option 'mip_integral_gap_rel' deprecated, please use 'mip_opt_gap_rel'.
WARNING:  Option 'mip_integral_gap_abs' deprecated, please use 'mip_opt_gap_abs'.
WARNING:  Option 'mip_integral_gap_rel' deprecated, please use 'mip_opt_gap_rel'.
WARNING:  Option 'mip_integral_gap_abs' deprecated, please use 'mip_opt_gap_abs'.
WARNING:  Option 'mip_integral_gap_rel' deprecated, please use 'mip_opt_gap_rel'.
WARNING:  Option 'mip_integral_gap_abs' deprecated, please use 'mip_opt_gap_abs'.
WARNING:  Option 'mip_integral_gap_rel' deprecated, please use 'mip_opt_gap_rel'.
WARNING:  Option 'mip_integral_gap_abs' deprecated, please use 'mip_opt_gap_abs'.
WARNING:  Option 'mip_integral_gap_rel' deprecated, please use 'mip_opt_gap_rel'.
WARNING:  Option 'mip_integral_gap_abs' deprecated, please use 'mip_opt_gap_abs'.
WARNING:  Option 'mip_integral_gap_rel' deprecated, please use 'mip_opt_gap_rel'.
WARNING:  Option 'mip_integral_gap_abs' deprecated, please use 'mip_opt_gap_abs'.
WARNING:  Option 'mip_integral_gap_rel' deprecated, please use 'mip_opt_gap_rel'.
WARNING:  Option 'mip_integral_gap_abs' deprecated, please use 'mip_opt_gap_abs'.
WARNING:  Option 'mip_integral_gap_rel' deprecated, please use 'mip_opt_gap_rel'.
WARNING:  Option 'mip_integral_gap_abs' deprecated, please use 'mip_opt_gap_abs'.
WARNING:  Option 'mip_integral_gap_rel' deprecated, please use 'mip_opt_gap_rel'.
WARNING:  Option 'mip_integral_gap_abs' deprecated, please use 'mip_opt_gap_abs'.
WARNING:  Option 'mip_integral_gap_rel' deprecated, please use 'mip_opt_gap_rel'.
WARNING:  Option 'mip_integral_gap_abs' deprecated, please use 'mip_opt_gap_abs'.
WARNING:  Option 'mip_integral_gap_rel' deprecated, please use 'mip_opt_gap_rel'.
WARNING:  Option 'mip_integral_gap_abs' deprecated, please use 'mip_opt_gap_abs'.
WARNING:  Option 'mip_integral_gap_rel' deprecated, please use 'mip_opt_gap_rel'.
WARNING:  Option 'mip_integral_gap_abs' deprecated, please use 'mip_opt_gap_abs'.
WARNING:  Option 'mip_integral_gap_rel' deprecated, please use 'mip_opt_gap_rel'.
WARNING:  Option 'mip_integral_gap_abs' deprecated, please use 'mip_opt_gap_abs'.
WARNING:  Option 'mip_integral_gap_rel' deprecated, please use 'mip_opt_gap_rel'.
WARNING:  Option 'mip_integral_gap_abs' deprecated, please use 'mip_opt_gap_abs'.
WARNING:  Option 'mip_integral_gap_rel' deprecated, please use 'mip_opt_gap_rel'.
WARNING:  Option 'mip_integral_gap_abs' deprecated, please use 'mip_opt_gap_abs'.
WARNING:  Option 'mip_integral_gap_rel' deprecated, please use 'mip_opt_gap_rel'.
WARNING:  Option 'mip_integral_gap_abs' deprecated, please use 'mip_opt_gap_abs'.
WARNING:  Option 'mip_integral_gap_rel' deprecated, please use 'mip_opt_gap_rel'.
WARNING:  Option 'mip_integral_gap_abs' deprecated, please use 'mip_opt_gap_abs'.
WARNING:  Option 'mip_integral_gap_rel' deprecated, please use 'mip_opt_gap_rel'.
WARNING:  Option 'mip_integral_gap_abs' deprecated, please use 'mip_opt_gap_abs'.
WARNING:  Option 'mip_integral_gap_rel' deprecated, please use 'mip_opt_gap_rel'.
WARNING:  Option 'mip_integral_gap_abs' deprecated, please use 'mip_opt_gap_abs'.
WARNING:  Option 'mip_integral_gap_rel' deprecated, please use 'mip_opt_gap_rel'.
WARNING:  Option 'mip_integral_gap_abs' deprecated, please use 'mip_opt_gap_abs'.
WARNING:  Option 'mip_integral_gap_rel' deprecated, please use 'mip_opt_gap_rel'.
WARNING:  Option 'mip_integral_gap_abs' deprecated, please use 'mip_opt_gap_abs'.
WARNING:  Option 'mip_integral_gap_rel' deprecated, please use 'mip_opt_gap_rel'.
WARNING:  Option 'mip_integral_gap_abs' deprecated, please use 'mip_opt_gap_abs'.
WARNING:  Option 'mip_integral_gap_rel' deprecated, please use 'mip_opt_gap_rel'.
WARNING:  Option 'mip_integral_gap_abs' deprecated, please use 'mip_opt_gap_abs'.
WARNING:  Option 'mip_integral_gap_rel' deprecated, please use 'mip_opt_gap_rel'.
WARNING:  Option 'mip_integral_gap_abs' deprecated, please use 'mip_opt_gap_abs'.
WARNING:  Option 'mip_integral_gap_rel' deprecated, please use 'mip_opt_gap_rel'.
WARNING:  Option 'mip_integral_gap_abs' deprecated, please use 'mip_opt_gap_abs'.
WARNING:  Option 'mip_integral_gap_rel' deprecated, please use 'mip_opt_gap_rel'.
WARNING:  Option 'mip_integral_gap_abs' deprecated, please use 'mip_opt_gap_abs'.
WARNING:  Option 'mip_integral_gap_rel' deprecated, please use 'mip_opt_gap_rel'.
WARNING:  Option 'mip_integral_gap_abs' deprecated, please use 'mip_opt_gap_abs'.
WARNING:  Option 'mip_integral_gap_rel' deprecated, please use 'mip_opt_gap_rel'.
WARNING:  Option 'mip_integral_gap_abs' deprecated, please use 'mip_opt_gap_abs'.
WARNING:  Option 'mip_integral_gap_rel' deprecated, please use 'mip_opt_gap_rel'.
WARNING:  Option 'mip_integral_gap_abs' deprecated, please use 'mip_opt_gap_abs'.
WARNING:  Option 'mip_integral_gap_rel' deprecated, please use 'mip_opt_gap_rel'.
WARNING:  Option 'mip_integral_gap_abs' deprecated, please use 'mip_opt_gap_abs'.
WARNING:  Option 'mip_integral_gap_rel' deprecated, please use 'mip_opt_gap_rel'.
WARNING:  Option 'mip_integral_gap_abs' deprecated, please use 'mip_opt_gap_abs'.
WARNING:  Option 'mip_integral_gap_rel' deprecated, please use 'mip_opt_gap_rel'.
WARNING:  Option 'mip_integral_gap_abs' deprecated, please use 'mip_opt_gap_abs'.
WARNING:  Option 'mip_integral_gap_rel' deprecated, please use 'mip_opt_gap_rel'.
WARNING:  Option 'mip_integral_gap_abs' deprecated, please use 'mip_opt_gap_abs'.
WARNING:  Option 'mip_integral_gap_rel' deprecated, please use 'mip_opt_gap_rel'.
WARNING:  Option 'mip_integral_gap_abs' deprecated, please use 'mip_opt_gap_abs'.
WARNING:  Option 'mip_integral_gap_rel' deprecated, please use 'mip_opt_gap_rel'.
WARNING:  Option 'mip_integral_gap_abs' deprecated, please use 'mip_opt_gap_abs'.
WARNING:  Option 'mip_integral_gap_rel' deprecated, please use 'mip_opt_gap_rel'.
WARNING:  Option 'mip_integral_gap_abs' deprecated, please use 'mip_opt_gap_abs'.
WARNING:  Option 'mip_integral_gap_rel' deprecated, please use 'mip_opt_gap_rel'.
WARNING:  Option 'mip_integral_gap_abs' deprecated, please use 'mip_opt_gap_abs'.
WARNING:  Option 'mip_integral_gap_rel' deprecated, please use 'mip_opt_gap_rel'.
WARNING:  Option 'mip_integral_gap_abs' deprecated, please use 'mip_opt_gap_abs'.
WARNING:  Option 'mip_integral_gap_rel' deprecated, please use 'mip_opt_gap_rel'.
WARNING:  Option 'mip_integral_gap_abs' deprecated, please use 'mip_opt_gap_abs'.
WARNING:  Option 'mip_integral_gap_rel' deprecated, please use 'mip_opt_gap_rel'.
WARNING:  Option 'mip_integral_gap_abs' deprecated, please use 'mip_opt_gap_abs'.
WARNING:  Option 'mip_integral_gap_rel' deprecated, please use 'mip_opt_gap_rel'.
WARNING:  Option 'mip_integral_gap_abs' deprecated, please use 'mip_opt_gap_abs'.
WARNING:  Option 'mip_integral_gap_rel' deprecated, please use 'mip_opt_gap_rel'.
WARNING:  Option 'mip_integral_gap_abs' deprecated, please use 'mip_opt_gap_abs'.
WARNING:  Option 'mip_integral_gap_rel' deprecated, please use 'mip_opt_gap_rel'.
WARNING:  Option 'mip_integral_gap_abs' deprecated, please use 'mip_opt_gap_abs'.
WARNING:  Option 'mip_integral_gap_rel' deprecated, please use 'mip_opt_gap_rel'.
WARNING:  Option 'mip_integral_gap_abs' deprecated, please use 'mip_opt_gap_abs'.
WARNING:  Option 'mip_integral_gap_rel' deprecated, please use 'mip_opt_gap_rel'.
WARNING:  Option 'mip_integral_gap_abs' deprecated, please use 'mip_opt_gap_abs'.
WARNING:  Option 'mip_integral_gap_rel' deprecated, please use 'mip_opt_gap_rel'.
WARNING:  Option 'mip_integral_gap_abs' deprecated, please use 'mip_opt_gap_abs'.
WARNING:  Option 'mip_integral_gap_rel' deprecated, please use 'mip_opt_gap_rel'.
WARNING:  Option 'mip_integral_gap_abs' deprecated, please use 'mip_opt_gap_abs'.
WARNING:  Option 'mip_integral_gap_rel' deprecated, please use 'mip_opt_gap_rel'.
WARNING:  Option 'mip_integral_gap_abs' deprecated, please use 'mip_opt_gap_abs'.
WARNING:  Option 'mip_integral_gap_rel' deprecated, please use 'mip_opt_gap_rel'.
WARNING:  Option 'mip_integral_gap_abs' deprecated, please use 'mip_opt_gap_abs'.
WARNING:  Option 'mip_integral_gap_rel' deprecated, please use 'mip_opt_gap_rel'.
WARNING:  Option 'mip_integral_gap_abs' deprecated, please use 'mip_opt_gap_abs'.
WARNING:  Option 'mip_integral_gap_rel' deprecated, please use 'mip_opt_gap_rel'.
WARNING:  Option 'mip_integral_gap_abs' deprecated, please use 'mip_opt_gap_abs'.
WARNING:  Option 'mip_integral_gap_rel' deprecated, please use 'mip_opt_gap_rel'.
WARNING:  Option 'mip_integral_gap_abs' deprecated, please use 'mip_opt_gap_abs'.
WARNING:  Option 'mip_integral_gap_rel' deprecated, please use 'mip_opt_gap_rel'.
WARNING:  Option 'mip_integral_gap_abs' deprecated, please use 'mip_opt_gap_abs'.
WARNING:  Option 'mip_integral_gap_rel' deprecated, please use 'mip_opt_gap_rel'.
WARNING:  Option 'mip_integral_gap_abs' deprecated, please use 'mip_opt_gap_abs'.
WARNING:  Option 'mip_integral_gap_rel' deprecated, please use 'mip_opt_gap_rel'.
WARNING:  Option 'mip_integral_gap_abs' deprecated, please use 'mip_opt_gap_abs'.
WARNING:  Option 'mip_integral_gap_rel' deprecated, please use 'mip_opt_gap_rel'.
WARNING:  Option 'mip_integral_gap_abs' deprecated, please use 'mip_opt_gap_abs'.
WARNING:  Option 'mip_integral_gap_rel' deprecated, please use 'mip_opt_gap_rel'.
WARNING:  Option 'mip_integral_gap_abs' deprecated, please use 'mip_opt_gap_abs'.
WARNING:  Option 'mip_integral_gap_rel' deprecated, please use 'mip_opt_gap_rel'.
WARNING:  Option 'mip_integral_gap_abs' deprecated, please use 'mip_opt_gap_abs'.
WARNING:  Option 'mip_integral_gap_rel' deprecated, please use 'mip_opt_gap_rel'.
WARNING:  Option 'mip_integral_gap_abs' deprecated, please use 'mip_opt_gap_abs'.
WARNING:  Option 'mip_integral_gap_rel' deprecated, please use 'mip_opt_gap_rel'.
WARNING:  Option 'mip_integral_gap_abs' deprecated, please use 'mip_opt_gap_abs'.
WARNING:  Option 'mip_integral_gap_rel' deprecated, please use 'mip_opt_gap_rel'.
WARNING:  Option 'mip_integral_gap_abs' deprecated, please use 'mip_opt_gap_abs'.
WARNING:  Option 'mip_integral_gap_rel' deprecated, please use 'mip_opt_gap_rel'.
WARNING:  Option 'mip_integral_gap_abs' deprecated, please use 'mip_opt_gap_abs'.
WARNING:  Option 'mip_integral_gap_rel' deprecated, please use 'mip_opt_gap_rel'.
WARNING:  Option 'mip_integral_gap_abs' deprecated, please use 'mip_opt_gap_abs'.
WARNING:  Option 'mip_integral_gap_rel' deprecated, please use 'mip_opt_gap_rel'.
WARNING:  Option 'mip_integral_gap_abs' deprecated, please use 'mip_opt_gap_abs'.
WARNING:  Option 'mip_integral_gap_rel' deprecated, please use 'mip_opt_gap_rel'.
WARNING:  Option 'mip_integral_gap_abs' deprecated, please use 'mip_opt_gap_abs'.
WARNING:  Option 'mip_integral_gap_rel' deprecated, please use 'mip_opt_gap_rel'.
WARNING:  Option 'mip_integral_gap_abs' deprecated, please use 'mip_opt_gap_abs'.
WARNING:  Option 'mip_integral_gap_rel' deprecated, please use 'mip_opt_gap_rel'.
WARNING:  Option 'mip_integral_gap_abs' deprecated, please use 'mip_opt_gap_abs'.
WARNING:  Option 'mip_integral_gap_rel' deprecated, please use 'mip_opt_gap_rel'.
WARNING:  Option 'mip_integral_gap_abs' deprecated, please use 'mip_opt_gap_abs'.
WARNING:  Option 'mip_integral_gap_rel' deprecated, please use 'mip_opt_gap_rel'.
WARNING:  Option 'mip_integral_gap_abs' deprecated, please use 'mip_opt_gap_abs'.
WARNING:  Option 'mip_integral_gap_rel' deprecated, please use 'mip_opt_gap_rel'.
WARNING:  Option 'mip_integral_gap_abs' deprecated, please use 'mip_opt_gap_abs'.
WARNING:  Option 'mip_integral_gap_rel' deprecated, please use 'mip_opt_gap_rel'.
WARNING:  Option 'mip_integral_gap_abs' deprecated, please use 'mip_opt_gap_abs'.
WARNING:  Option 'mip_integral_gap_rel' deprecated, please use 'mip_opt_gap_rel'.
WARNING:  Option 'mip_integral_gap_abs' deprecated, please use 'mip_opt_gap_abs'.
WARNING:  Option 'mip_integral_gap_rel' deprecated, please use 'mip_opt_gap_rel'.
    [θ-eval 90, gravity-feasible 16] seqR_mean=4.85e-04 ok=false seq_time=13.84s
WARNING:  Option 'mip_integral_gap_abs' deprecated, please use 'mip_opt_gap_abs'.
WARNING:  Option 'mip_integral_gap_rel' deprecated, please use 'mip_opt_gap_rel'.
WARNING:  Option 'mip_integral_gap_abs' deprecated, please use 'mip_opt_gap_abs'.
WARNING:  Option 'mip_integral_gap_rel' deprecated, please use 'mip_opt_gap_rel'.
WARNING:  Option 'mip_integral_gap_abs' deprecated, please use 'mip_opt_gap_abs'.
WARNING:  Option 'mip_integral_gap_rel' deprecated, please use 'mip_opt_gap_rel'.
WARNING:  Option 'mip_integral_gap_abs' deprecated, please use 'mip_opt_gap_abs'.
WARNING:  Option 'mip_integral_gap_rel' deprecated, please use 'mip_opt_gap_rel'.
WARNING:  Option 'mip_integral_gap_abs' deprecated, please use 'mip_opt_gap_abs'.
WARNING:  Option 'mip_integral_gap_rel' deprecated, please use 'mip_opt_gap_rel'.
WARNING:  Option 'mip_integral_gap_abs' deprecated, please use 'mip_opt_gap_abs'.
WARNING:  Option 'mip_integral_gap_rel' deprecated, please use 'mip_opt_gap_rel'.
WARNING:  Option 'mip_integral_gap_abs' deprecated, please use 'mip_opt_gap_abs'.
WARNING:  Option 'mip_integral_gap_rel' deprecated, please use 'mip_opt_gap_rel'.
WARNING:  Option 'mip_integral_gap_abs' deprecated, please use 'mip_opt_gap_abs'.
WARNING:  Option 'mip_integral_gap_rel' deprecated, please use 'mip_opt_gap_rel'.
WARNING:  Option 'mip_integral_gap_abs' deprecated, please use 'mip_opt_gap_abs'.
WARNING:  Option 'mip_integral_gap_rel' deprecated, please use 'mip_opt_gap_rel'.
WARNING:  Option 'mip_integral_gap_abs' deprecated, please use 'mip_opt_gap_abs'.
WARNING:  Option 'mip_integral_gap_rel' deprecated, please use 'mip_opt_gap_rel'.
WARNING:  Option 'mip_integral_gap_abs' deprecated, please use 'mip_opt_gap_abs'.
WARNING:  Option 'mip_integral_gap_rel' deprecated, please use 'mip_opt_gap_rel'.
WARNING:  Option 'mip_integral_gap_abs' deprecated, please use 'mip_opt_gap_abs'.
WARNING:  Option 'mip_integral_gap_rel' deprecated, please use 'mip_opt_gap_rel'.
WARNING:  Option 'mip_integral_gap_abs' deprecated, please use 'mip_opt_gap_abs'.
WARNING:  Option 'mip_integral_gap_rel' deprecated, please use 'mip_opt_gap_rel'.
WARNING:  Option 'mip_integral_gap_abs' deprecated, please use 'mip_opt_gap_abs'.
WARNING:  Option 'mip_integral_gap_rel' deprecated, please use 'mip_opt_gap_rel'.
WARNING:  Option 'mip_integral_gap_abs' deprecated, please use 'mip_opt_gap_abs'.
WARNING:  Option 'mip_integral_gap_rel' deprecated, please use 'mip_opt_gap_rel'.
WARNING:  Option 'mip_integral_gap_abs' deprecated, please use 'mip_opt_gap_abs'.
WARNING:  Option 'mip_integral_gap_rel' deprecated, please use 'mip_opt_gap_rel'.
WARNING:  Option 'mip_integral_gap_abs' deprecated, please use 'mip_opt_gap_abs'.
WARNING:  Option 'mip_integral_gap_rel' deprecated, please use 'mip_opt_gap_rel'.
WARNING:  Option 'mip_integral_gap_abs' deprecated, please use 'mip_opt_gap_abs'.
WARNING:  Option 'mip_integral_gap_rel' deprecated, please use 'mip_opt_gap_rel'.
WARNING:  Option 'mip_integral_gap_abs' deprecated, please use 'mip_opt_gap_abs'.
WARNING:  Option 'mip_integral_gap_rel' deprecated, please use 'mip_opt_gap_rel'.
WARNING:  Option 'mip_integral_gap_abs' deprecated, please use 'mip_opt_gap_abs'.
WARNING:  Option 'mip_integral_gap_rel' deprecated, please use 'mip_opt_gap_rel'.
WARNING:  Option 'mip_integral_gap_abs' deprecated, please use 'mip_opt_gap_abs'.
WARNING:  Option 'mip_integral_gap_rel' deprecated, please use 'mip_opt_gap_rel'.
WARNING:  Option 'mip_integral_gap_abs' deprecated, please use 'mip_opt_gap_abs'.
WARNING:  Option 'mip_integral_gap_rel' deprecated, please use 'mip_opt_gap_rel'.
WARNING:  Option 'mip_integral_gap_abs' deprecated, please use 'mip_opt_gap_abs'.
WARNING:  Option 'mip_integral_gap_rel' deprecated, please use 'mip_opt_gap_rel'.
WARNING:  Option 'mip_integral_gap_abs' deprecated, please use 'mip_opt_gap_abs'.
WARNING:  Option 'mip_integral_gap_rel' deprecated, please use 'mip_opt_gap_rel'.
WARNING:  Option 'mip_integral_gap_abs' deprecated, please use 'mip_opt_gap_abs'.
WARNING:  Option 'mip_integral_gap_rel' deprecated, please use 'mip_opt_gap_rel'.
WARNING:  Option 'mip_integral_gap_abs' deprecated, please use 'mip_opt_gap_abs'.
WARNING:  Option 'mip_integral_gap_rel' deprecated, please use 'mip_opt_gap_rel'.
WARNING:  Option 'mip_integral_gap_abs' deprecated, please use 'mip_opt_gap_abs'.
WARNING:  Option 'mip_integral_gap_rel' deprecated, please use 'mip_opt_gap_rel'.
WARNING:  Option 'mip_integral_gap_abs' deprecated, please use 'mip_opt_gap_abs'.
WARNING:  Option 'mip_integral_gap_rel' deprecated, please use 'mip_opt_gap_rel'.
WARNING:  Option 'mip_integral_gap_abs' deprecated, please use 'mip_opt_gap_abs'.
WARNING:  Option 'mip_integral_gap_rel' deprecated, please use 'mip_opt_gap_rel'.
WARNING:  Option 'mip_integral_gap_abs' deprecated, please use 'mip_opt_gap_abs'.
WARNING:  Option 'mip_integral_gap_rel' deprecated, please use 'mip_opt_gap_rel'.
WARNING:  Option 'mip_integral_gap_abs' deprecated, please use 'mip_opt_gap_abs'.
WARNING:  Option 'mip_integral_gap_rel' deprecated, please use 'mip_opt_gap_rel'.
WARNING:  Option 'mip_integral_gap_abs' deprecated, please use 'mip_opt_gap_abs'.
WARNING:  Option 'mip_integral_gap_rel' deprecated, please use 'mip_opt_gap_rel'.
WARNING:  Option 'mip_integral_gap_abs' deprecated, please use 'mip_opt_gap_abs'.
WARNING:  Option 'mip_integral_gap_rel' deprecated, please use 'mip_opt_gap_rel'.
WARNING:  Option 'mip_integral_gap_abs' deprecated, please use 'mip_opt_gap_abs'.
WARNING:  Option 'mip_integral_gap_rel' deprecated, please use 'mip_opt_gap_rel'.
WARNING:  Option 'mip_integral_gap_abs' deprecated, please use 'mip_opt_gap_abs'.
WARNING:  Option 'mip_integral_gap_rel' deprecated, please use 'mip_opt_gap_rel'.
WARNING:  Option 'mip_integral_gap_abs' deprecated, please use 'mip_opt_gap_abs'.
WARNING:  Option 'mip_integral_gap_rel' deprecated, please use 'mip_opt_gap_rel'.
WARNING:  Option 'mip_integral_gap_abs' deprecated, please use 'mip_opt_gap_abs'.
WARNING:  Option 'mip_integral_gap_rel' deprecated, please use 'mip_opt_gap_rel'.
WARNING:  Option 'mip_integral_gap_abs' deprecated, please use 'mip_opt_gap_abs'.
WARNING:  Option 'mip_integral_gap_rel' deprecated, please use 'mip_opt_gap_rel'.
WARNING:  Option 'mip_integral_gap_abs' deprecated, please use 'mip_opt_gap_abs'.
WARNING:  Option 'mip_integral_gap_rel' deprecated, please use 'mip_opt_gap_rel'.
WARNING:  Option 'mip_integral_gap_abs' deprecated, please use 'mip_opt_gap_abs'.
WARNING:  Option 'mip_integral_gap_rel' deprecated, please use 'mip_opt_gap_rel'.
WARNING:  Option 'mip_integral_gap_abs' deprecated, please use 'mip_opt_gap_abs'.
WARNING:  Option 'mip_integral_gap_rel' deprecated, please use 'mip_opt_gap_rel'.
WARNING:  Option 'mip_integral_gap_abs' deprecated, please use 'mip_opt_gap_abs'.
WARNING:  Option 'mip_integral_gap_rel' deprecated, please use 'mip_opt_gap_rel'.
WARNING:  Option 'mip_integral_gap_abs' deprecated, please use 'mip_opt_gap_abs'.
WARNING:  Option 'mip_integral_gap_rel' deprecated, please use 'mip_opt_gap_rel'.
WARNING:  Option 'mip_integral_gap_abs' deprecated, please use 'mip_opt_gap_abs'.
WARNING:  Option 'mip_integral_gap_rel' deprecated, please use 'mip_opt_gap_rel'.
WARNING:  Option 'mip_integral_gap_abs' deprecated, please use 'mip_opt_gap_abs'.
WARNING:  Option 'mip_integral_gap_rel' deprecated, please use 'mip_opt_gap_rel'.
WARNING:  Option 'mip_integral_gap_abs' deprecated, please use 'mip_opt_gap_abs'.
WARNING:  Option 'mip_integral_gap_rel' deprecated, please use 'mip_opt_gap_rel'.
WARNING:  Option 'mip_integral_gap_abs' deprecated, please use 'mip_opt_gap_abs'.
WARNING:  Option 'mip_integral_gap_rel' deprecated, please use 'mip_opt_gap_rel'.
WARNING:  Option 'mip_integral_gap_abs' deprecated, please use 'mip_opt_gap_abs'.
WARNING:  Option 'mip_integral_gap_rel' deprecated, please use 'mip_opt_gap_rel'.
WARNING:  Option 'mip_integral_gap_abs' deprecated, please use 'mip_opt_gap_abs'.
WARNING:  Option 'mip_integral_gap_rel' deprecated, please use 'mip_opt_gap_rel'.
WARNING:  Option 'mip_integral_gap_abs' deprecated, please use 'mip_opt_gap_abs'.
WARNING:  Option 'mip_integral_gap_rel' deprecated, please use 'mip_opt_gap_rel'.
WARNING:  Option 'mip_integral_gap_abs' deprecated, please use 'mip_opt_gap_abs'.
WARNING:  Option 'mip_integral_gap_rel' deprecated, please use 'mip_opt_gap_rel'.
WARNING:  Option 'mip_integral_gap_abs' deprecated, please use 'mip_opt_gap_abs'.
WARNING:  Option 'mip_integral_gap_rel' deprecated, please use 'mip_opt_gap_rel'.
WARNING:  Option 'mip_integral_gap_abs' deprecated, please use 'mip_opt_gap_abs'.
WARNING:  Option 'mip_integral_gap_rel' deprecated, please use 'mip_opt_gap_rel'.
WARNING:  Option 'mip_integral_gap_abs' deprecated, please use 'mip_opt_gap_abs'.
WARNING:  Option 'mip_integral_gap_rel' deprecated, please use 'mip_opt_gap_rel'.
WARNING:  Option 'mip_integral_gap_abs' deprecated, please use 'mip_opt_gap_abs'.
WARNING:  Option 'mip_integral_gap_rel' deprecated, please use 'mip_opt_gap_rel'.
WARNING:  Option 'mip_integral_gap_abs' deprecated, please use 'mip_opt_gap_abs'.
WARNING:  Option 'mip_integral_gap_rel' deprecated, please use 'mip_opt_gap_rel'.
WARNING:  Option 'mip_integral_gap_abs' deprecated, please use 'mip_opt_gap_abs'.
WARNING:  Option 'mip_integral_gap_rel' deprecated, please use 'mip_opt_gap_rel'.
WARNING:  Option 'mip_integral_gap_abs' deprecated, please use 'mip_opt_gap_abs'.
WARNING:  Option 'mip_integral_gap_rel' deprecated, please use 'mip_opt_gap_rel'.
WARNING:  Option 'mip_integral_gap_abs' deprecated, please use 'mip_opt_gap_abs'.
WARNING:  Option 'mip_integral_gap_rel' deprecated, please use 'mip_opt_gap_rel'.
WARNING:  Option 'mip_integral_gap_abs' deprecated, please use 'mip_opt_gap_abs'.
WARNING:  Option 'mip_integral_gap_rel' deprecated, please use 'mip_opt_gap_rel'.
WARNING:  Option 'mip_integral_gap_abs' deprecated, please use 'mip_opt_gap_abs'.
WARNING:  Option 'mip_integral_gap_rel' deprecated, please use 'mip_opt_gap_rel'.
WARNING:  Option 'mip_integral_gap_abs' deprecated, please use 'mip_opt_gap_abs'.
WARNING:  Option 'mip_integral_gap_rel' deprecated, please use 'mip_opt_gap_rel'.
WARNING:  Option 'mip_integral_gap_abs' deprecated, please use 'mip_opt_gap_abs'.
WARNING:  Option 'mip_integral_gap_rel' deprecated, please use 'mip_opt_gap_rel'.
WARNING:  Option 'mip_integral_gap_abs' deprecated, please use 'mip_opt_gap_abs'.
WARNING:  Option 'mip_integral_gap_rel' deprecated, please use 'mip_opt_gap_rel'.
WARNING:  Option 'mip_integral_gap_abs' deprecated, please use 'mip_opt_gap_abs'.
WARNING:  Option 'mip_integral_gap_rel' deprecated, please use 'mip_opt_gap_rel'.
WARNING:  Option 'mip_integral_gap_abs' deprecated, please use 'mip_opt_gap_abs'.
WARNING:  Option 'mip_integral_gap_rel' deprecated, please use 'mip_opt_gap_rel'.
WARNING:  Option 'mip_integral_gap_abs' deprecated, please use 'mip_opt_gap_abs'.
WARNING:  Option 'mip_integral_gap_rel' deprecated, please use 'mip_opt_gap_rel'.
WARNING:  Option 'mip_integral_gap_abs' deprecated, please use 'mip_opt_gap_abs'.
WARNING:  Option 'mip_integral_gap_rel' deprecated, please use 'mip_opt_gap_rel'.
WARNING:  Option 'mip_integral_gap_abs' deprecated, please use 'mip_opt_gap_abs'.
WARNING:  Option 'mip_integral_gap_rel' deprecated, please use 'mip_opt_gap_rel'.
WARNING:  Option 'mip_integral_gap_abs' deprecated, please use 'mip_opt_gap_abs'.
WARNING:  Option 'mip_integral_gap_rel' deprecated, please use 'mip_opt_gap_rel'.
WARNING:  Option 'mip_integral_gap_abs' deprecated, please use 'mip_opt_gap_abs'.
WARNING:  Option 'mip_integral_gap_rel' deprecated, please use 'mip_opt_gap_rel'.
WARNING:  Option 'mip_integral_gap_abs' deprecated, please use 'mip_opt_gap_abs'.
WARNING:  Option 'mip_integral_gap_rel' deprecated, please use 'mip_opt_gap_rel'.
WARNING:  Option 'mip_integral_gap_abs' deprecated, please use 'mip_opt_gap_abs'.
WARNING:  Option 'mip_integral_gap_rel' deprecated, please use 'mip_opt_gap_rel'.
WARNING:  Option 'mip_integral_gap_abs' deprecated, please use 'mip_opt_gap_abs'.
WARNING:  Option 'mip_integral_gap_rel' deprecated, please use 'mip_opt_gap_rel'.
WARNING:  Option 'mip_integral_gap_abs' deprecated, please use 'mip_opt_gap_abs'.
WARNING:  Option 'mip_integral_gap_rel' deprecated, please use 'mip_opt_gap_rel'.
WARNING:  Option 'mip_integral_gap_abs' deprecated, please use 'mip_opt_gap_abs'.
WARNING:  Option 'mip_integral_gap_rel' deprecated, please use 'mip_opt_gap_rel'.
WARNING:  Option 'mip_integral_gap_abs' deprecated, please use 'mip_opt_gap_abs'.
WARNING:  Option 'mip_integral_gap_rel' deprecated, please use 'mip_opt_gap_rel'.
WARNING:  Option 'mip_integral_gap_abs' deprecated, please use 'mip_opt_gap_abs'.
WARNING:  Option 'mip_integral_gap_rel' deprecated, please use 'mip_opt_gap_rel'.
WARNING:  Option 'mip_integral_gap_abs' deprecated, please use 'mip_opt_gap_abs'.
WARNING:  Option 'mip_integral_gap_rel' deprecated, please use 'mip_opt_gap_rel'.
WARNING:  Option 'mip_integral_gap_abs' deprecated, please use 'mip_opt_gap_abs'.
WARNING:  Option 'mip_integral_gap_rel' deprecated, please use 'mip_opt_gap_rel'.
WARNING:  Option 'mip_integral_gap_abs' deprecated, please use 'mip_opt_gap_abs'.
WARNING:  Option 'mip_integral_gap_rel' deprecated, please use 'mip_opt_gap_rel'.
WARNING:  Option 'mip_integral_gap_abs' deprecated, please use 'mip_opt_gap_abs'.
WARNING:  Option 'mip_integral_gap_rel' deprecated, please use 'mip_opt_gap_rel'.
WARNING:  Option 'mip_integral_gap_abs' deprecated, please use 'mip_opt_gap_abs'.
WARNING:  Option 'mip_integral_gap_rel' deprecated, please use 'mip_opt_gap_rel'.
WARNING:  Option 'mip_integral_gap_abs' deprecated, please use 'mip_opt_gap_abs'.
WARNING:  Option 'mip_integral_gap_rel' deprecated, please use 'mip_opt_gap_rel'.
WARNING:  Option 'mip_integral_gap_abs' deprecated, please use 'mip_opt_gap_abs'.
WARNING:  Option 'mip_integral_gap_rel' deprecated, please use 'mip_opt_gap_rel'.
WARNING:  Option 'mip_integral_gap_abs' deprecated, please use 'mip_opt_gap_abs'.
WARNING:  Option 'mip_integral_gap_rel' deprecated, please use 'mip_opt_gap_rel'.
WARNING:  Option 'mip_integral_gap_abs' deprecated, please use 'mip_opt_gap_abs'.
WARNING:  Option 'mip_integral_gap_rel' deprecated, please use 'mip_opt_gap_rel'.
WARNING:  Option 'mip_integral_gap_abs' deprecated, please use 'mip_opt_gap_abs'.
WARNING:  Option 'mip_integral_gap_rel' deprecated, please use 'mip_opt_gap_rel'.
WARNING:  Option 'mip_integral_gap_abs' deprecated, please use 'mip_opt_gap_abs'.
WARNING:  Option 'mip_integral_gap_rel' deprecated, please use 'mip_opt_gap_rel'.
WARNING:  Option 'mip_integral_gap_abs' deprecated, please use 'mip_opt_gap_abs'.
WARNING:  Option 'mip_integral_gap_rel' deprecated, please use 'mip_opt_gap_rel'.
WARNING:  Option 'mip_integral_gap_abs' deprecated, please use 'mip_opt_gap_abs'.
WARNING:  Option 'mip_integral_gap_rel' deprecated, please use 'mip_opt_gap_rel'.
WARNING:  Option 'mip_integral_gap_abs' deprecated, please use 'mip_opt_gap_abs'.
WARNING:  Option 'mip_integral_gap_rel' deprecated, please use 'mip_opt_gap_rel'.
WARNING:  Option 'mip_integral_gap_abs' deprecated, please use 'mip_opt_gap_abs'.
WARNING:  Option 'mip_integral_gap_rel' deprecated, please use 'mip_opt_gap_rel'.
WARNING:  Option 'mip_integral_gap_abs' deprecated, please use 'mip_opt_gap_abs'.
WARNING:  Option 'mip_integral_gap_rel' deprecated, please use 'mip_opt_gap_rel'.
WARNING:  Option 'mip_integral_gap_abs' deprecated, please use 'mip_opt_gap_abs'.
WARNING:  Option 'mip_integral_gap_rel' deprecated, please use 'mip_opt_gap_rel'.
WARNING:  Option 'mip_integral_gap_abs' deprecated, please use 'mip_opt_gap_abs'.
WARNING:  Option 'mip_integral_gap_rel' deprecated, please use 'mip_opt_gap_rel'.
WARNING:  Option 'mip_integral_gap_abs' deprecated, please use 'mip_opt_gap_abs'.
WARNING:  Option 'mip_integral_gap_rel' deprecated, please use 'mip_opt_gap_rel'.
WARNING:  Option 'mip_integral_gap_abs' deprecated, please use 'mip_opt_gap_abs'.
WARNING:  Option 'mip_integral_gap_rel' deprecated, please use 'mip_opt_gap_rel'.
WARNING:  Option 'mip_integral_gap_abs' deprecated, please use 'mip_opt_gap_abs'.
WARNING:  Option 'mip_integral_gap_rel' deprecated, please use 'mip_opt_gap_rel'.
WARNING:  Option 'mip_integral_gap_abs' deprecated, please use 'mip_opt_gap_abs'.
WARNING:  Option 'mip_integral_gap_rel' deprecated, please use 'mip_opt_gap_rel'.
WARNING:  Option 'mip_integral_gap_abs' deprecated, please use 'mip_opt_gap_abs'.
WARNING:  Option 'mip_integral_gap_rel' deprecated, please use 'mip_opt_gap_rel'.
WARNING:  Option 'mip_integral_gap_abs' deprecated, please use 'mip_opt_gap_abs'.
WARNING:  Option 'mip_integral_gap_rel' deprecated, please use 'mip_opt_gap_rel'.
WARNING:  Option 'mip_integral_gap_abs' deprecated, please use 'mip_opt_gap_abs'.
WARNING:  Option 'mip_integral_gap_rel' deprecated, please use 'mip_opt_gap_rel'.
WARNING:  Option 'mip_integral_gap_abs' deprecated, please use 'mip_opt_gap_abs'.
WARNING:  Option 'mip_integral_gap_rel' deprecated, please use 'mip_opt_gap_rel'.
WARNING:  Option 'mip_integral_gap_abs' deprecated, please use 'mip_opt_gap_abs'.
WARNING:  Option 'mip_integral_gap_rel' deprecated, please use 'mip_opt_gap_rel'.
WARNING:  Option 'mip_integral_gap_abs' deprecated, please use 'mip_opt_gap_abs'.
WARNING:  Option 'mip_integral_gap_rel' deprecated, please use 'mip_opt_gap_rel'.
WARNING:  Option 'mip_integral_gap_abs' deprecated, please use 'mip_opt_gap_abs'.
WARNING:  Option 'mip_integral_gap_rel' deprecated, please use 'mip_opt_gap_rel'.
WARNING:  Option 'mip_integral_gap_abs' deprecated, please use 'mip_opt_gap_abs'.
WARNING:  Option 'mip_integral_gap_rel' deprecated, please use 'mip_opt_gap_rel'.
WARNING:  Option 'mip_integral_gap_abs' deprecated, please use 'mip_opt_gap_abs'.
WARNING:  Option 'mip_integral_gap_rel' deprecated, please use 'mip_opt_gap_rel'.
WARNING:  Option 'mip_integral_gap_abs' deprecated, please use 'mip_opt_gap_abs'.
WARNING:  Option 'mip_integral_gap_rel' deprecated, please use 'mip_opt_gap_rel'.
WARNING:  Option 'mip_integral_gap_abs' deprecated, please use 'mip_opt_gap_abs'.
WARNING:  Option 'mip_integral_gap_rel' deprecated, please use 'mip_opt_gap_rel'.
WARNING:  Option 'mip_integral_gap_abs' deprecated, please use 'mip_opt_gap_abs'.
WARNING:  Option 'mip_integral_gap_rel' deprecated, please use 'mip_opt_gap_rel'.
WARNING:  Option 'mip_integral_gap_abs' deprecated, please use 'mip_opt_gap_abs'.
WARNING:  Option 'mip_integral_gap_rel' deprecated, please use 'mip_opt_gap_rel'.
WARNING:  Option 'mip_integral_gap_abs' deprecated, please use 'mip_opt_gap_abs'.
WARNING:  Option 'mip_integral_gap_rel' deprecated, please use 'mip_opt_gap_rel'.
WARNING:  Option 'mip_integral_gap_abs' deprecated, please use 'mip_opt_gap_abs'.
WARNING:  Option 'mip_integral_gap_rel' deprecated, please use 'mip_opt_gap_rel'.
WARNING:  Option 'mip_integral_gap_abs' deprecated, please use 'mip_opt_gap_abs'.
WARNING:  Option 'mip_integral_gap_rel' deprecated, please use 'mip_opt_gap_rel'.
WARNING:  Option 'mip_integral_gap_abs' deprecated, please use 'mip_opt_gap_abs'.
WARNING:  Option 'mip_integral_gap_rel' deprecated, please use 'mip_opt_gap_rel'.
WARNING:  Option 'mip_integral_gap_abs' deprecated, please use 'mip_opt_gap_abs'.
WARNING:  Option 'mip_integral_gap_rel' deprecated, please use 'mip_opt_gap_rel'.
WARNING:  Option 'mip_integral_gap_abs' deprecated, please use 'mip_opt_gap_abs'.
WARNING:  Option 'mip_integral_gap_rel' deprecated, please use 'mip_opt_gap_rel'.
WARNING:  Option 'mip_integral_gap_abs' deprecated, please use 'mip_opt_gap_abs'.
WARNING:  Option 'mip_integral_gap_rel' deprecated, please use 'mip_opt_gap_rel'.
WARNING:  Option 'mip_integral_gap_abs' deprecated, please use 'mip_opt_gap_abs'.
WARNING:  Option 'mip_integral_gap_rel' deprecated, please use 'mip_opt_gap_rel'.
WARNING:  Option 'mip_integral_gap_abs' deprecated, please use 'mip_opt_gap_abs'.
WARNING:  Option 'mip_integral_gap_rel' deprecated, please use 'mip_opt_gap_rel'.
WARNING:  Option 'mip_integral_gap_abs' deprecated, please use 'mip_opt_gap_abs'.
WARNING:  Option 'mip_integral_gap_rel' deprecated, please use 'mip_opt_gap_rel'.
WARNING:  Option 'mip_integral_gap_abs' deprecated, please use 'mip_opt_gap_abs'.
WARNING:  Option 'mip_integral_gap_rel' deprecated, please use 'mip_opt_gap_rel'.
WARNING:  Option 'mip_integral_gap_abs' deprecated, please use 'mip_opt_gap_abs'.
WARNING:  Option 'mip_integral_gap_rel' deprecated, please use 'mip_opt_gap_rel'.
WARNING:  Option 'mip_integral_gap_abs' deprecated, please use 'mip_opt_gap_abs'.
WARNING:  Option 'mip_integral_gap_rel' deprecated, please use 'mip_opt_gap_rel'.
WARNING:  Option 'mip_integral_gap_abs' deprecated, please use 'mip_opt_gap_abs'.
WARNING:  Option 'mip_integral_gap_rel' deprecated, please use 'mip_opt_gap_rel'.
WARNING:  Option 'mip_integral_gap_abs' deprecated, please use 'mip_opt_gap_abs'.
WARNING:  Option 'mip_integral_gap_rel' deprecated, please use 'mip_opt_gap_rel'.
WARNING:  Option 'mip_integral_gap_abs' deprecated, please use 'mip_opt_gap_abs'.
WARNING:  Option 'mip_integral_gap_rel' deprecated, please use 'mip_opt_gap_rel'.
WARNING:  Option 'mip_integral_gap_abs' deprecated, please use 'mip_opt_gap_abs'.
WARNING:  Option 'mip_integral_gap_rel' deprecated, please use 'mip_opt_gap_rel'.
WARNING:  Option 'mip_integral_gap_abs' deprecated, please use 'mip_opt_gap_abs'.
WARNING:  Option 'mip_integral_gap_rel' deprecated, please use 'mip_opt_gap_rel'.
WARNING:  Option 'mip_integral_gap_abs' deprecated, please use 'mip_opt_gap_abs'.
WARNING:  Option 'mip_integral_gap_rel' deprecated, please use 'mip_opt_gap_rel'.
WARNING:  Option 'mip_integral_gap_abs' deprecated, please use 'mip_opt_gap_abs'.
WARNING:  Option 'mip_integral_gap_rel' deprecated, please use 'mip_opt_gap_rel'.
WARNING:  Option 'mip_integral_gap_abs' deprecated, please use 'mip_opt_gap_abs'.
WARNING:  Option 'mip_integral_gap_rel' deprecated, please use 'mip_opt_gap_rel'.
WARNING:  Option 'mip_integral_gap_abs' deprecated, please use 'mip_opt_gap_abs'.
WARNING:  Option 'mip_integral_gap_rel' deprecated, please use 'mip_opt_gap_rel'.
WARNING:  Option 'mip_integral_gap_abs' deprecated, please use 'mip_opt_gap_abs'.
WARNING:  Option 'mip_integral_gap_rel' deprecated, please use 'mip_opt_gap_rel'.
WARNING:  Option 'mip_integral_gap_abs' deprecated, please use 'mip_opt_gap_abs'.
WARNING:  Option 'mip_integral_gap_rel' deprecated, please use 'mip_opt_gap_rel'.
WARNING:  Option 'mip_integral_gap_abs' deprecated, please use 'mip_opt_gap_abs'.
WARNING:  Option 'mip_integral_gap_rel' deprecated, please use 'mip_opt_gap_rel'.
WARNING:  Option 'mip_integral_gap_abs' deprecated, please use 'mip_opt_gap_abs'.
WARNING:  Option 'mip_integral_gap_rel' deprecated, please use 'mip_opt_gap_rel'.
WARNING:  Option 'mip_integral_gap_abs' deprecated, please use 'mip_opt_gap_abs'.
WARNING:  Option 'mip_integral_gap_rel' deprecated, please use 'mip_opt_gap_rel'.
WARNING:  Option 'mip_integral_gap_abs' deprecated, please use 'mip_opt_gap_abs'.
WARNING:  Option 'mip_integral_gap_rel' deprecated, please use 'mip_opt_gap_rel'.
WARNING:  Option 'mip_integral_gap_abs' deprecated, please use 'mip_opt_gap_abs'.
WARNING:  Option 'mip_integral_gap_rel' deprecated, please use 'mip_opt_gap_rel'.
WARNING:  Option 'mip_integral_gap_abs' deprecated, please use 'mip_opt_gap_abs'.
WARNING:  Option 'mip_integral_gap_rel' deprecated, please use 'mip_opt_gap_rel'.
    [θ-eval 100, gravity-feasible 16] seqR_mean=3.10e-04 ok=false seq_time=5.02s
WARNING:  Option 'mip_integral_gap_abs' deprecated, please use 'mip_opt_gap_abs'.
WARNING:  Option 'mip_integral_gap_rel' deprecated, please use 'mip_opt_gap_rel'.
WARNING:  Option 'mip_integral_gap_abs' deprecated, please use 'mip_opt_gap_abs'.
WARNING:  Option 'mip_integral_gap_rel' deprecated, please use 'mip_opt_gap_rel'.
WARNING:  Option 'mip_integral_gap_abs' deprecated, please use 'mip_opt_gap_abs'.
WARNING:  Option 'mip_integral_gap_rel' deprecated, please use 'mip_opt_gap_rel'.
WARNING:  Option 'mip_integral_gap_abs' deprecated, please use 'mip_opt_gap_abs'.
WARNING:  Option 'mip_integral_gap_rel' deprecated, please use 'mip_opt_gap_rel'.
WARNING:  Option 'mip_integral_gap_abs' deprecated, please use 'mip_opt_gap_abs'.
WARNING:  Option 'mip_integral_gap_rel' deprecated, please use 'mip_opt_gap_rel'.
WARNING:  Option 'mip_integral_gap_abs' deprecated, please use 'mip_opt_gap_abs'.
WARNING:  Option 'mip_integral_gap_rel' deprecated, please use 'mip_opt_gap_rel'.
WARNING:  Option 'mip_integral_gap_abs' deprecated, please use 'mip_opt_gap_abs'.
WARNING:  Option 'mip_integral_gap_rel' deprecated, please use 'mip_opt_gap_rel'.
WARNING:  Option 'mip_integral_gap_abs' deprecated, please use 'mip_opt_gap_abs'.
WARNING:  Option 'mip_integral_gap_rel' deprecated, please use 'mip_opt_gap_rel'.
WARNING:  Option 'mip_integral_gap_abs' deprecated, please use 'mip_opt_gap_abs'.
WARNING:  Option 'mip_integral_gap_rel' deprecated, please use 'mip_opt_gap_rel'.
WARNING:  Option 'mip_integral_gap_abs' deprecated, please use 'mip_opt_gap_abs'.
WARNING:  Option 'mip_integral_gap_rel' deprecated, please use 'mip_opt_gap_rel'.
WARNING:  Option 'mip_integral_gap_abs' deprecated, please use 'mip_opt_gap_abs'.
WARNING:  Option 'mip_integral_gap_rel' deprecated, please use 'mip_opt_gap_rel'.
WARNING:  Option 'mip_integral_gap_abs' deprecated, please use 'mip_opt_gap_abs'.
WARNING:  Option 'mip_integral_gap_rel' deprecated, please use 'mip_opt_gap_rel'.
WARNING:  Option 'mip_integral_gap_abs' deprecated, please use 'mip_opt_gap_abs'.
WARNING:  Option 'mip_integral_gap_rel' deprecated, please use 'mip_opt_gap_rel'.
WARNING:  Option 'mip_integral_gap_abs' deprecated, please use 'mip_opt_gap_abs'.
WARNING:  Option 'mip_integral_gap_rel' deprecated, please use 'mip_opt_gap_rel'.
WARNING:  Option 'mip_integral_gap_abs' deprecated, please use 'mip_opt_gap_abs'.
WARNING:  Option 'mip_integral_gap_rel' deprecated, please use 'mip_opt_gap_rel'.
WARNING:  Option 'mip_integral_gap_abs' deprecated, please use 'mip_opt_gap_abs'.
WARNING:  Option 'mip_integral_gap_rel' deprecated, please use 'mip_opt_gap_rel'.
WARNING:  Option 'mip_integral_gap_abs' deprecated, please use 'mip_opt_gap_abs'.
WARNING:  Option 'mip_integral_gap_rel' deprecated, please use 'mip_opt_gap_rel'.
WARNING:  Option 'mip_integral_gap_abs' deprecated, please use 'mip_opt_gap_abs'.
WARNING:  Option 'mip_integral_gap_rel' deprecated, please use 'mip_opt_gap_rel'.
WARNING:  Option 'mip_integral_gap_abs' deprecated, please use 'mip_opt_gap_abs'.
WARNING:  Option 'mip_integral_gap_rel' deprecated, please use 'mip_opt_gap_rel'.
WARNING:  Option 'mip_integral_gap_abs' deprecated, please use 'mip_opt_gap_abs'.
WARNING:  Option 'mip_integral_gap_rel' deprecated, please use 'mip_opt_gap_rel'.
WARNING:  Option 'mip_integral_gap_abs' deprecated, please use 'mip_opt_gap_abs'.
WARNING:  Option 'mip_integral_gap_rel' deprecated, please use 'mip_opt_gap_rel'.
WARNING:  Option 'mip_integral_gap_abs' deprecated, please use 'mip_opt_gap_abs'.
WARNING:  Option 'mip_integral_gap_rel' deprecated, please use 'mip_opt_gap_rel'.
WARNING:  Option 'mip_integral_gap_abs' deprecated, please use 'mip_opt_gap_abs'.
WARNING:  Option 'mip_integral_gap_rel' deprecated, please use 'mip_opt_gap_rel'.
WARNING:  Option 'mip_integral_gap_abs' deprecated, please use 'mip_opt_gap_abs'.
WARNING:  Option 'mip_integral_gap_rel' deprecated, please use 'mip_opt_gap_rel'.
WARNING:  Option 'mip_integral_gap_abs' deprecated, please use 'mip_opt_gap_abs'.
WARNING:  Option 'mip_integral_gap_rel' deprecated, please use 'mip_opt_gap_rel'.
WARNING:  Option 'mip_integral_gap_abs' deprecated, please use 'mip_opt_gap_abs'.
WARNING:  Option 'mip_integral_gap_rel' deprecated, please use 'mip_opt_gap_rel'.
WARNING:  Option 'mip_integral_gap_abs' deprecated, please use 'mip_opt_gap_abs'.
WARNING:  Option 'mip_integral_gap_rel' deprecated, please use 'mip_opt_gap_rel'.
WARNING:  Option 'mip_integral_gap_abs' deprecated, please use 'mip_opt_gap_abs'.
WARNING:  Option 'mip_integral_gap_rel' deprecated, please use 'mip_opt_gap_rel'.
WARNING:  Option 'mip_integral_gap_abs' deprecated, please use 'mip_opt_gap_abs'.
WARNING:  Option 'mip_integral_gap_rel' deprecated, please use 'mip_opt_gap_rel'.
WARNING:  Option 'mip_integral_gap_abs' deprecated, please use 'mip_opt_gap_abs'.
WARNING:  Option 'mip_integral_gap_rel' deprecated, please use 'mip_opt_gap_rel'.
WARNING:  Option 'mip_integral_gap_abs' deprecated, please use 'mip_opt_gap_abs'.
WARNING:  Option 'mip_integral_gap_rel' deprecated, please use 'mip_opt_gap_rel'.
WARNING:  Option 'mip_integral_gap_abs' deprecated, please use 'mip_opt_gap_abs'.
WARNING:  Option 'mip_integral_gap_rel' deprecated, please use 'mip_opt_gap_rel'.
WARNING:  Option 'mip_integral_gap_abs' deprecated, please use 'mip_opt_gap_abs'.
WARNING:  Option 'mip_integral_gap_rel' deprecated, please use 'mip_opt_gap_rel'.
WARNING:  Option 'mip_integral_gap_abs' deprecated, please use 'mip_opt_gap_abs'.
WARNING:  Option 'mip_integral_gap_rel' deprecated, please use 'mip_opt_gap_rel'.
WARNING:  Option 'mip_integral_gap_abs' deprecated, please use 'mip_opt_gap_abs'.
WARNING:  Option 'mip_integral_gap_rel' deprecated, please use 'mip_opt_gap_rel'.
WARNING:  Option 'mip_integral_gap_abs' deprecated, please use 'mip_opt_gap_abs'.
WARNING:  Option 'mip_integral_gap_rel' deprecated, please use 'mip_opt_gap_rel'.
WARNING:  Option 'mip_integral_gap_abs' deprecated, please use 'mip_opt_gap_abs'.
WARNING:  Option 'mip_integral_gap_rel' deprecated, please use 'mip_opt_gap_rel'.
WARNING:  Option 'mip_integral_gap_abs' deprecated, please use 'mip_opt_gap_abs'.
WARNING:  Option 'mip_integral_gap_rel' deprecated, please use 'mip_opt_gap_rel'.
WARNING:  Option 'mip_integral_gap_abs' deprecated, please use 'mip_opt_gap_abs'.
WARNING:  Option 'mip_integral_gap_rel' deprecated, please use 'mip_opt_gap_rel'.
WARNING:  Option 'mip_integral_gap_abs' deprecated, please use 'mip_opt_gap_abs'.
WARNING:  Option 'mip_integral_gap_rel' deprecated, please use 'mip_opt_gap_rel'.
WARNING:  Option 'mip_integral_gap_abs' deprecated, please use 'mip_opt_gap_abs'.
WARNING:  Option 'mip_integral_gap_rel' deprecated, please use 'mip_opt_gap_rel'.
WARNING:  Option 'mip_integral_gap_abs' deprecated, please use 'mip_opt_gap_abs'.
WARNING:  Option 'mip_integral_gap_rel' deprecated, please use 'mip_opt_gap_rel'.
WARNING:  Option 'mip_integral_gap_abs' deprecated, please use 'mip_opt_gap_abs'.
WARNING:  Option 'mip_integral_gap_rel' deprecated, please use 'mip_opt_gap_rel'.
WARNING:  Option 'mip_integral_gap_abs' deprecated, please use 'mip_opt_gap_abs'.
WARNING:  Option 'mip_integral_gap_rel' deprecated, please use 'mip_opt_gap_rel'.
WARNING:  Option 'mip_integral_gap_abs' deprecated, please use 'mip_opt_gap_abs'.
WARNING:  Option 'mip_integral_gap_rel' deprecated, please use 'mip_opt_gap_rel'.
WARNING:  Option 'mip_integral_gap_abs' deprecated, please use 'mip_opt_gap_abs'.
WARNING:  Option 'mip_integral_gap_rel' deprecated, please use 'mip_opt_gap_rel'.
WARNING:  Option 'mip_integral_gap_abs' deprecated, please use 'mip_opt_gap_abs'.
WARNING:  Option 'mip_integral_gap_rel' deprecated, please use 'mip_opt_gap_rel'.
WARNING:  Option 'mip_integral_gap_abs' deprecated, please use 'mip_opt_gap_abs'.
WARNING:  Option 'mip_integral_gap_rel' deprecated, please use 'mip_opt_gap_rel'.
WARNING:  Option 'mip_integral_gap_abs' deprecated, please use 'mip_opt_gap_abs'.
WARNING:  Option 'mip_integral_gap_rel' deprecated, please use 'mip_opt_gap_rel'.
WARNING:  Option 'mip_integral_gap_abs' deprecated, please use 'mip_opt_gap_abs'.
WARNING:  Option 'mip_integral_gap_rel' deprecated, please use 'mip_opt_gap_rel'.
WARNING:  Option 'mip_integral_gap_abs' deprecated, please use 'mip_opt_gap_abs'.
WARNING:  Option 'mip_integral_gap_rel' deprecated, please use 'mip_opt_gap_rel'.
WARNING:  Option 'mip_integral_gap_abs' deprecated, please use 'mip_opt_gap_abs'.
WARNING:  Option 'mip_integral_gap_rel' deprecated, please use 'mip_opt_gap_rel'.
WARNING:  Option 'mip_integral_gap_abs' deprecated, please use 'mip_opt_gap_abs'.
WARNING:  Option 'mip_integral_gap_rel' deprecated, please use 'mip_opt_gap_rel'.
WARNING:  Option 'mip_integral_gap_abs' deprecated, please use 'mip_opt_gap_abs'.
WARNING:  Option 'mip_integral_gap_rel' deprecated, please use 'mip_opt_gap_rel'.
WARNING:  Option 'mip_integral_gap_abs' deprecated, please use 'mip_opt_gap_abs'.
WARNING:  Option 'mip_integral_gap_rel' deprecated, please use 'mip_opt_gap_rel'.
WARNING:  Option 'mip_integral_gap_abs' deprecated, please use 'mip_opt_gap_abs'.
WARNING:  Option 'mip_integral_gap_rel' deprecated, please use 'mip_opt_gap_rel'.
WARNING:  Option 'mip_integral_gap_abs' deprecated, please use 'mip_opt_gap_abs'.
WARNING:  Option 'mip_integral_gap_rel' deprecated, please use 'mip_opt_gap_rel'.
WARNING:  Option 'mip_integral_gap_abs' deprecated, please use 'mip_opt_gap_abs'.
WARNING:  Option 'mip_integral_gap_rel' deprecated, please use 'mip_opt_gap_rel'.
WARNING:  Option 'mip_integral_gap_abs' deprecated, please use 'mip_opt_gap_abs'.
WARNING:  Option 'mip_integral_gap_rel' deprecated, please use 'mip_opt_gap_rel'.
WARNING:  Option 'mip_integral_gap_abs' deprecated, please use 'mip_opt_gap_abs'.
WARNING:  Option 'mip_integral_gap_rel' deprecated, please use 'mip_opt_gap_rel'.
WARNING:  Option 'mip_integral_gap_abs' deprecated, please use 'mip_opt_gap_abs'.
WARNING:  Option 'mip_integral_gap_rel' deprecated, please use 'mip_opt_gap_rel'.
WARNING:  Option 'mip_integral_gap_abs' deprecated, please use 'mip_opt_gap_abs'.
WARNING:  Option 'mip_integral_gap_rel' deprecated, please use 'mip_opt_gap_rel'.
WARNING:  Option 'mip_integral_gap_abs' deprecated, please use 'mip_opt_gap_abs'.
WARNING:  Option 'mip_integral_gap_rel' deprecated, please use 'mip_opt_gap_rel'.
WARNING:  Option 'mip_integral_gap_abs' deprecated, please use 'mip_opt_gap_abs'.
WARNING:  Option 'mip_integral_gap_rel' deprecated, please use 'mip_opt_gap_rel'.
WARNING:  Option 'mip_integral_gap_abs' deprecated, please use 'mip_opt_gap_abs'.
WARNING:  Option 'mip_integral_gap_rel' deprecated, please use 'mip_opt_gap_rel'.
WARNING:  Option 'mip_integral_gap_abs' deprecated, please use 'mip_opt_gap_abs'.
WARNING:  Option 'mip_integral_gap_rel' deprecated, please use 'mip_opt_gap_rel'.
WARNING:  Option 'mip_integral_gap_abs' deprecated, please use 'mip_opt_gap_abs'.
WARNING:  Option 'mip_integral_gap_rel' deprecated, please use 'mip_opt_gap_rel'.
WARNING:  Option 'mip_integral_gap_abs' deprecated, please use 'mip_opt_gap_abs'.
WARNING:  Option 'mip_integral_gap_rel' deprecated, please use 'mip_opt_gap_rel'.
WARNING:  Option 'mip_integral_gap_abs' deprecated, please use 'mip_opt_gap_abs'.
WARNING:  Option 'mip_integral_gap_rel' deprecated, please use 'mip_opt_gap_rel'.
WARNING:  Option 'mip_integral_gap_abs' deprecated, please use 'mip_opt_gap_abs'.
WARNING:  Option 'mip_integral_gap_rel' deprecated, please use 'mip_opt_gap_rel'.
WARNING:  Option 'mip_integral_gap_abs' deprecated, please use 'mip_opt_gap_abs'.
WARNING:  Option 'mip_integral_gap_rel' deprecated, please use 'mip_opt_gap_rel'.
WARNING:  Option 'mip_integral_gap_abs' deprecated, please use 'mip_opt_gap_abs'.
WARNING:  Option 'mip_integral_gap_rel' deprecated, please use 'mip_opt_gap_rel'.
WARNING:  Option 'mip_integral_gap_abs' deprecated, please use 'mip_opt_gap_abs'.
WARNING:  Option 'mip_integral_gap_rel' deprecated, please use 'mip_opt_gap_rel'.
WARNING:  Option 'mip_integral_gap_abs' deprecated, please use 'mip_opt_gap_abs'.
WARNING:  Option 'mip_integral_gap_rel' deprecated, please use 'mip_opt_gap_rel'.
WARNING:  Option 'mip_integral_gap_abs' deprecated, please use 'mip_opt_gap_abs'.
WARNING:  Option 'mip_integral_gap_rel' deprecated, please use 'mip_opt_gap_rel'.
WARNING:  Option 'mip_integral_gap_abs' deprecated, please use 'mip_opt_gap_abs'.
WARNING:  Option 'mip_integral_gap_rel' deprecated, please use 'mip_opt_gap_rel'.
WARNING:  Option 'mip_integral_gap_abs' deprecated, please use 'mip_opt_gap_abs'.
WARNING:  Option 'mip_integral_gap_rel' deprecated, please use 'mip_opt_gap_rel'.
WARNING:  Option 'mip_integral_gap_abs' deprecated, please use 'mip_opt_gap_abs'.
WARNING:  Option 'mip_integral_gap_rel' deprecated, please use 'mip_opt_gap_rel'.
WARNING:  Option 'mip_integral_gap_abs' deprecated, please use 'mip_opt_gap_abs'.
WARNING:  Option 'mip_integral_gap_rel' deprecated, please use 'mip_opt_gap_rel'.
WARNING:  Option 'mip_integral_gap_abs' deprecated, please use 'mip_opt_gap_abs'.
WARNING:  Option 'mip_integral_gap_rel' deprecated, please use 'mip_opt_gap_rel'.
WARNING:  Option 'mip_integral_gap_abs' deprecated, please use 'mip_opt_gap_abs'.
WARNING:  Option 'mip_integral_gap_rel' deprecated, please use 'mip_opt_gap_rel'.
WARNING:  Option 'mip_integral_gap_abs' deprecated, please use 'mip_opt_gap_abs'.
WARNING:  Option 'mip_integral_gap_rel' deprecated, please use 'mip_opt_gap_rel'.
WARNING:  Option 'mip_integral_gap_abs' deprecated, please use 'mip_opt_gap_abs'.
WARNING:  Option 'mip_integral_gap_rel' deprecated, please use 'mip_opt_gap_rel'.
WARNING:  Option 'mip_integral_gap_abs' deprecated, please use 'mip_opt_gap_abs'.
WARNING:  Option 'mip_integral_gap_rel' deprecated, please use 'mip_opt_gap_rel'.
WARNING:  Option 'mip_integral_gap_abs' deprecated, please use 'mip_opt_gap_abs'.
WARNING:  Option 'mip_integral_gap_rel' deprecated, please use 'mip_opt_gap_rel'.
WARNING:  Option 'mip_integral_gap_abs' deprecated, please use 'mip_opt_gap_abs'.
WARNING:  Option 'mip_integral_gap_rel' deprecated, please use 'mip_opt_gap_rel'.
WARNING:  Option 'mip_integral_gap_abs' deprecated, please use 'mip_opt_gap_abs'.
WARNING:  Option 'mip_integral_gap_rel' deprecated, please use 'mip_opt_gap_rel'.
WARNING:  Option 'mip_integral_gap_abs' deprecated, please use 'mip_opt_gap_abs'.
WARNING:  Option 'mip_integral_gap_rel' deprecated, please use 'mip_opt_gap_rel'.
WARNING:  Option 'mip_integral_gap_abs' deprecated, please use 'mip_opt_gap_abs'.
WARNING:  Option 'mip_integral_gap_rel' deprecated, please use 'mip_opt_gap_rel'.
WARNING:  Option 'mip_integral_gap_abs' deprecated, please use 'mip_opt_gap_abs'.
WARNING:  Option 'mip_integral_gap_rel' deprecated, please use 'mip_opt_gap_rel'.
WARNING:  Option 'mip_integral_gap_abs' deprecated, please use 'mip_opt_gap_abs'.
WARNING:  Option 'mip_integral_gap_rel' deprecated, please use 'mip_opt_gap_rel'.
WARNING:  Option 'mip_integral_gap_abs' deprecated, please use 'mip_opt_gap_abs'.
WARNING:  Option 'mip_integral_gap_rel' deprecated, please use 'mip_opt_gap_rel'.
WARNING:  Option 'mip_integral_gap_abs' deprecated, please use 'mip_opt_gap_abs'.
WARNING:  Option 'mip_integral_gap_rel' deprecated, please use 'mip_opt_gap_rel'.
WARNING:  Option 'mip_integral_gap_abs' deprecated, please use 'mip_opt_gap_abs'.
WARNING:  Option 'mip_integral_gap_rel' deprecated, please use 'mip_opt_gap_rel'.
WARNING:  Option 'mip_integral_gap_abs' deprecated, please use 'mip_opt_gap_abs'.
WARNING:  Option 'mip_integral_gap_rel' deprecated, please use 'mip_opt_gap_rel'.
WARNING:  Option 'mip_integral_gap_abs' deprecated, please use 'mip_opt_gap_abs'.
WARNING:  Option 'mip_integral_gap_rel' deprecated, please use 'mip_opt_gap_rel'.
WARNING:  Option 'mip_integral_gap_abs' deprecated, please use 'mip_opt_gap_abs'.
WARNING:  Option 'mip_integral_gap_rel' deprecated, please use 'mip_opt_gap_rel'.
WARNING:  Option 'mip_integral_gap_abs' deprecated, please use 'mip_opt_gap_abs'.
WARNING:  Option 'mip_integral_gap_rel' deprecated, please use 'mip_opt_gap_rel'.
WARNING:  Option 'mip_integral_gap_abs' deprecated, please use 'mip_opt_gap_abs'.
WARNING:  Option 'mip_integral_gap_rel' deprecated, please use 'mip_opt_gap_rel'.
WARNING:  Option 'mip_integral_gap_abs' deprecated, please use 'mip_opt_gap_abs'.
WARNING:  Option 'mip_integral_gap_rel' deprecated, please use 'mip_opt_gap_rel'.
WARNING:  Option 'mip_integral_gap_abs' deprecated, please use 'mip_opt_gap_abs'.
WARNING:  Option 'mip_integral_gap_rel' deprecated, please use 'mip_opt_gap_rel'.
WARNING:  Option 'mip_integral_gap_abs' deprecated, please use 'mip_opt_gap_abs'.
WARNING:  Option 'mip_integral_gap_rel' deprecated, please use 'mip_opt_gap_rel'.
WARNING:  Option 'mip_integral_gap_abs' deprecated, please use 'mip_opt_gap_abs'.
WARNING:  Option 'mip_integral_gap_rel' deprecated, please use 'mip_opt_gap_rel'.
WARNING:  Option 'mip_integral_gap_abs' deprecated, please use 'mip_opt_gap_abs'.
WARNING:  Option 'mip_integral_gap_rel' deprecated, please use 'mip_opt_gap_rel'.
WARNING:  Option 'mip_integral_gap_abs' deprecated, please use 'mip_opt_gap_abs'.
WARNING:  Option 'mip_integral_gap_rel' deprecated, please use 'mip_opt_gap_rel'.
WARNING:  Option 'mip_integral_gap_abs' deprecated, please use 'mip_opt_gap_abs'.
WARNING:  Option 'mip_integral_gap_rel' deprecated, please use 'mip_opt_gap_rel'.
WARNING:  Option 'mip_integral_gap_abs' deprecated, please use 'mip_opt_gap_abs'.
WARNING:  Option 'mip_integral_gap_rel' deprecated, please use 'mip_opt_gap_rel'.
WARNING:  Option 'mip_integral_gap_abs' deprecated, please use 'mip_opt_gap_abs'.
WARNING:  Option 'mip_integral_gap_rel' deprecated, please use 'mip_opt_gap_rel'.
WARNING:  Option 'mip_integral_gap_abs' deprecated, please use 'mip_opt_gap_abs'.
WARNING:  Option 'mip_integral_gap_rel' deprecated, please use 'mip_opt_gap_rel'.
WARNING:  Option 'mip_integral_gap_abs' deprecated, please use 'mip_opt_gap_abs'.
WARNING:  Option 'mip_integral_gap_rel' deprecated, please use 'mip_opt_gap_rel'.
WARNING:  Option 'mip_integral_gap_abs' deprecated, please use 'mip_opt_gap_abs'.
WARNING:  Option 'mip_integral_gap_rel' deprecated, please use 'mip_opt_gap_rel'.
WARNING:  Option 'mip_integral_gap_abs' deprecated, please use 'mip_opt_gap_abs'.
WARNING:  Option 'mip_integral_gap_rel' deprecated, please use 'mip_opt_gap_rel'.
WARNING:  Option 'mip_integral_gap_abs' deprecated, please use 'mip_opt_gap_abs'.
WARNING:  Option 'mip_integral_gap_rel' deprecated, please use 'mip_opt_gap_rel'.
WARNING:  Option 'mip_integral_gap_abs' deprecated, please use 'mip_opt_gap_abs'.
WARNING:  Option 'mip_integral_gap_rel' deprecated, please use 'mip_opt_gap_rel'.
WARNING:  Option 'mip_integral_gap_abs' deprecated, please use 'mip_opt_gap_abs'.
WARNING:  Option 'mip_integral_gap_rel' deprecated, please use 'mip_opt_gap_rel'.
WARNING:  Option 'mip_integral_gap_abs' deprecated, please use 'mip_opt_gap_abs'.
WARNING:  Option 'mip_integral_gap_rel' deprecated, please use 'mip_opt_gap_rel'.
WARNING:  Option 'mip_integral_gap_abs' deprecated, please use 'mip_opt_gap_abs'.
WARNING:  Option 'mip_integral_gap_rel' deprecated, please use 'mip_opt_gap_rel'.
WARNING:  Option 'mip_integral_gap_abs' deprecated, please use 'mip_opt_gap_abs'.
WARNING:  Option 'mip_integral_gap_rel' deprecated, please use 'mip_opt_gap_rel'.
WARNING:  Option 'mip_integral_gap_abs' deprecated, please use 'mip_opt_gap_abs'.
WARNING:  Option 'mip_integral_gap_rel' deprecated, please use 'mip_opt_gap_rel'.
WARNING:  Option 'mip_integral_gap_abs' deprecated, please use 'mip_opt_gap_abs'.
WARNING:  Option 'mip_integral_gap_rel' deprecated, please use 'mip_opt_gap_rel'.
WARNING:  Option 'mip_integral_gap_abs' deprecated, please use 'mip_opt_gap_abs'.
WARNING:  Option 'mip_integral_gap_rel' deprecated, please use 'mip_opt_gap_rel'.
WARNING:  Option 'mip_integral_gap_abs' deprecated, please use 'mip_opt_gap_abs'.
WARNING:  Option 'mip_integral_gap_rel' deprecated, please use 'mip_opt_gap_rel'.
WARNING:  Option 'mip_integral_gap_abs' deprecated, please use 'mip_opt_gap_abs'.
WARNING:  Option 'mip_integral_gap_rel' deprecated, please use 'mip_opt_gap_rel'.
WARNING:  Option 'mip_integral_gap_abs' deprecated, please use 'mip_opt_gap_abs'.
WARNING:  Option 'mip_integral_gap_rel' deprecated, please use 'mip_opt_gap_rel'.
WARNING:  Option 'mip_integral_gap_abs' deprecated, please use 'mip_opt_gap_abs'.
WARNING:  Option 'mip_integral_gap_rel' deprecated, please use 'mip_opt_gap_rel'.
WARNING:  Option 'mip_integral_gap_abs' deprecated, please use 'mip_opt_gap_abs'.
WARNING:  Option 'mip_integral_gap_rel' deprecated, please use 'mip_opt_gap_rel'.
WARNING:  Option 'mip_integral_gap_abs' deprecated, please use 'mip_opt_gap_abs'.
WARNING:  Option 'mip_integral_gap_rel' deprecated, please use 'mip_opt_gap_rel'.
WARNING:  Option 'mip_integral_gap_abs' deprecated, please use 'mip_opt_gap_abs'.
WARNING:  Option 'mip_integral_gap_rel' deprecated, please use 'mip_opt_gap_rel'.
WARNING:  Option 'mip_integral_gap_abs' deprecated, please use 'mip_opt_gap_abs'.
WARNING:  Option 'mip_integral_gap_rel' deprecated, please use 'mip_opt_gap_rel'.
WARNING:  Option 'mip_integral_gap_abs' deprecated, please use 'mip_opt_gap_abs'.
WARNING:  Option 'mip_integral_gap_rel' deprecated, please use 'mip_opt_gap_rel'.
WARNING:  Option 'mip_integral_gap_abs' deprecated, please use 'mip_opt_gap_abs'.
WARNING:  Option 'mip_integral_gap_rel' deprecated, please use 'mip_opt_gap_rel'.
WARNING:  Option 'mip_integral_gap_abs' deprecated, please use 'mip_opt_gap_abs'.
WARNING:  Option 'mip_integral_gap_rel' deprecated, please use 'mip_opt_gap_rel'.
WARNING:  Option 'mip_integral_gap_abs' deprecated, please use 'mip_opt_gap_abs'.
WARNING:  Option 'mip_integral_gap_rel' deprecated, please use 'mip_opt_gap_rel'.
WARNING:  Option 'mip_integral_gap_abs' deprecated, please use 'mip_opt_gap_abs'.
WARNING:  Option 'mip_integral_gap_rel' deprecated, please use 'mip_opt_gap_rel'.
WARNING:  Option 'mip_integral_gap_abs' deprecated, please use 'mip_opt_gap_abs'.
WARNING:  Option 'mip_integral_gap_rel' deprecated, please use 'mip_opt_gap_rel'.
WARNING:  Option 'mip_integral_gap_abs' deprecated, please use 'mip_opt_gap_abs'.
WARNING:  Option 'mip_integral_gap_rel' deprecated, please use 'mip_opt_gap_rel'.
WARNING:  Option 'mip_integral_gap_abs' deprecated, please use 'mip_opt_gap_abs'.
WARNING:  Option 'mip_integral_gap_rel' deprecated, please use 'mip_opt_gap_rel'.
WARNING:  Option 'mip_integral_gap_abs' deprecated, please use 'mip_opt_gap_abs'.
WARNING:  Option 'mip_integral_gap_rel' deprecated, please use 'mip_opt_gap_rel'.
WARNING:  Option 'mip_integral_gap_abs' deprecated, please use 'mip_opt_gap_abs'.
WARNING:  Option 'mip_integral_gap_rel' deprecated, please use 'mip_opt_gap_rel'.
WARNING:  Option 'mip_integral_gap_abs' deprecated, please use 'mip_opt_gap_abs'.
WARNING:  Option 'mip_integral_gap_rel' deprecated, please use 'mip_opt_gap_rel'.
WARNING:  Option 'mip_integral_gap_abs' deprecated, please use 'mip_opt_gap_abs'.
WARNING:  Option 'mip_integral_gap_rel' deprecated, please use 'mip_opt_gap_rel'.
WARNING:  Option 'mip_integral_gap_abs' deprecated, please use 'mip_opt_gap_abs'.
WARNING:  Option 'mip_integral_gap_rel' deprecated, please use 'mip_opt_gap_rel'.
    [θ-eval 110, gravity-feasible 17] seqR_mean=4.83e-04 ok=false seq_time=7.42s
WARNING:  Option 'mip_integral_gap_abs' deprecated, please use 'mip_opt_gap_abs'.
WARNING:  Option 'mip_integral_gap_rel' deprecated, please use 'mip_opt_gap_rel'.
WARNING:  Option 'mip_integral_gap_abs' deprecated, please use 'mip_opt_gap_abs'.
WARNING:  Option 'mip_integral_gap_rel' deprecated, please use 'mip_opt_gap_rel'.
WARNING:  Option 'mip_integral_gap_abs' deprecated, please use 'mip_opt_gap_abs'.
WARNING:  Option 'mip_integral_gap_rel' deprecated, please use 'mip_opt_gap_rel'.
WARNING:  Option 'mip_integral_gap_abs' deprecated, please use 'mip_opt_gap_abs'.
WARNING:  Option 'mip_integral_gap_rel' deprecated, please use 'mip_opt_gap_rel'.
WARNING:  Option 'mip_integral_gap_abs' deprecated, please use 'mip_opt_gap_abs'.
WARNING:  Option 'mip_integral_gap_rel' deprecated, please use 'mip_opt_gap_rel'.
WARNING:  Option 'mip_integral_gap_abs' deprecated, please use 'mip_opt_gap_abs'.
WARNING:  Option 'mip_integral_gap_rel' deprecated, please use 'mip_opt_gap_rel'.
WARNING:  Option 'mip_integral_gap_abs' deprecated, please use 'mip_opt_gap_abs'.
WARNING:  Option 'mip_integral_gap_rel' deprecated, please use 'mip_opt_gap_rel'.
WARNING:  Option 'mip_integral_gap_abs' deprecated, please use 'mip_opt_gap_abs'.
WARNING:  Option 'mip_integral_gap_rel' deprecated, please use 'mip_opt_gap_rel'.
WARNING:  Option 'mip_integral_gap_abs' deprecated, please use 'mip_opt_gap_abs'.
WARNING:  Option 'mip_integral_gap_rel' deprecated, please use 'mip_opt_gap_rel'.
WARNING:  Option 'mip_integral_gap_abs' deprecated, please use 'mip_opt_gap_abs'.
WARNING:  Option 'mip_integral_gap_rel' deprecated, please use 'mip_opt_gap_rel'.
WARNING:  Option 'mip_integral_gap_abs' deprecated, please use 'mip_opt_gap_abs'.
WARNING:  Option 'mip_integral_gap_rel' deprecated, please use 'mip_opt_gap_rel'.
WARNING:  Option 'mip_integral_gap_abs' deprecated, please use 'mip_opt_gap_abs'.
WARNING:  Option 'mip_integral_gap_rel' deprecated, please use 'mip_opt_gap_rel'.
WARNING:  Option 'mip_integral_gap_abs' deprecated, please use 'mip_opt_gap_abs'.
WARNING:  Option 'mip_integral_gap_rel' deprecated, please use 'mip_opt_gap_rel'.
WARNING:  Option 'mip_integral_gap_abs' deprecated, please use 'mip_opt_gap_abs'.
WARNING:  Option 'mip_integral_gap_rel' deprecated, please use 'mip_opt_gap_rel'.
WARNING:  Option 'mip_integral_gap_abs' deprecated, please use 'mip_opt_gap_abs'.
WARNING:  Option 'mip_integral_gap_rel' deprecated, please use 'mip_opt_gap_rel'.
WARNING:  Option 'mip_integral_gap_abs' deprecated, please use 'mip_opt_gap_abs'.
WARNING:  Option 'mip_integral_gap_rel' deprecated, please use 'mip_opt_gap_rel'.
WARNING:  Option 'mip_integral_gap_abs' deprecated, please use 'mip_opt_gap_abs'.
WARNING:  Option 'mip_integral_gap_rel' deprecated, please use 'mip_opt_gap_rel'.
WARNING:  Option 'mip_integral_gap_abs' deprecated, please use 'mip_opt_gap_abs'.
WARNING:  Option 'mip_integral_gap_rel' deprecated, please use 'mip_opt_gap_rel'.
WARNING:  Option 'mip_integral_gap_abs' deprecated, please use 'mip_opt_gap_abs'.
WARNING:  Option 'mip_integral_gap_rel' deprecated, please use 'mip_opt_gap_rel'.
WARNING:  Option 'mip_integral_gap_abs' deprecated, please use 'mip_opt_gap_abs'.
WARNING:  Option 'mip_integral_gap_rel' deprecated, please use 'mip_opt_gap_rel'.
WARNING:  Option 'mip_integral_gap_abs' deprecated, please use 'mip_opt_gap_abs'.
WARNING:  Option 'mip_integral_gap_rel' deprecated, please use 'mip_opt_gap_rel'.
WARNING:  Option 'mip_integral_gap_abs' deprecated, please use 'mip_opt_gap_abs'.
WARNING:  Option 'mip_integral_gap_rel' deprecated, please use 'mip_opt_gap_rel'.
WARNING:  Option 'mip_integral_gap_abs' deprecated, please use 'mip_opt_gap_abs'.
WARNING:  Option 'mip_integral_gap_rel' deprecated, please use 'mip_opt_gap_rel'.
WARNING:  Option 'mip_integral_gap_abs' deprecated, please use 'mip_opt_gap_abs'.
WARNING:  Option 'mip_integral_gap_rel' deprecated, please use 'mip_opt_gap_rel'.
WARNING:  Option 'mip_integral_gap_abs' deprecated, please use 'mip_opt_gap_abs'.
WARNING:  Option 'mip_integral_gap_rel' deprecated, please use 'mip_opt_gap_rel'.
WARNING:  Option 'mip_integral_gap_abs' deprecated, please use 'mip_opt_gap_abs'.
WARNING:  Option 'mip_integral_gap_rel' deprecated, please use 'mip_opt_gap_rel'.
WARNING:  Option 'mip_integral_gap_abs' deprecated, please use 'mip_opt_gap_abs'.
WARNING:  Option 'mip_integral_gap_rel' deprecated, please use 'mip_opt_gap_rel'.
WARNING:  Option 'mip_integral_gap_abs' deprecated, please use 'mip_opt_gap_abs'.
WARNING:  Option 'mip_integral_gap_rel' deprecated, please use 'mip_opt_gap_rel'.
WARNING:  Option 'mip_integral_gap_abs' deprecated, please use 'mip_opt_gap_abs'.
WARNING:  Option 'mip_integral_gap_rel' deprecated, please use 'mip_opt_gap_rel'.
WARNING:  Option 'mip_integral_gap_abs' deprecated, please use 'mip_opt_gap_abs'.
WARNING:  Option 'mip_integral_gap_rel' deprecated, please use 'mip_opt_gap_rel'.
WARNING:  Option 'mip_integral_gap_abs' deprecated, please use 'mip_opt_gap_abs'.
WARNING:  Option 'mip_integral_gap_rel' deprecated, please use 'mip_opt_gap_rel'.
WARNING:  Option 'mip_integral_gap_abs' deprecated, please use 'mip_opt_gap_abs'.
WARNING:  Option 'mip_integral_gap_rel' deprecated, please use 'mip_opt_gap_rel'.
WARNING:  Option 'mip_integral_gap_abs' deprecated, please use 'mip_opt_gap_abs'.
WARNING:  Option 'mip_integral_gap_rel' deprecated, please use 'mip_opt_gap_rel'.
WARNING:  Option 'mip_integral_gap_abs' deprecated, please use 'mip_opt_gap_abs'.
WARNING:  Option 'mip_integral_gap_rel' deprecated, please use 'mip_opt_gap_rel'.
WARNING:  Option 'mip_integral_gap_abs' deprecated, please use 'mip_opt_gap_abs'.
WARNING:  Option 'mip_integral_gap_rel' deprecated, please use 'mip_opt_gap_rel'.
WARNING:  Option 'mip_integral_gap_abs' deprecated, please use 'mip_opt_gap_abs'.
WARNING:  Option 'mip_integral_gap_rel' deprecated, please use 'mip_opt_gap_rel'.
WARNING:  Option 'mip_integral_gap_abs' deprecated, please use 'mip_opt_gap_abs'.
WARNING:  Option 'mip_integral_gap_rel' deprecated, please use 'mip_opt_gap_rel'.
WARNING:  Option 'mip_integral_gap_abs' deprecated, please use 'mip_opt_gap_abs'.
WARNING:  Option 'mip_integral_gap_rel' deprecated, please use 'mip_opt_gap_rel'.
WARNING:  Option 'mip_integral_gap_abs' deprecated, please use 'mip_opt_gap_abs'.
WARNING:  Option 'mip_integral_gap_rel' deprecated, please use 'mip_opt_gap_rel'.
WARNING:  Option 'mip_integral_gap_abs' deprecated, please use 'mip_opt_gap_abs'.
WARNING:  Option 'mip_integral_gap_rel' deprecated, please use 'mip_opt_gap_rel'.
WARNING:  Option 'mip_integral_gap_abs' deprecated, please use 'mip_opt_gap_abs'.
WARNING:  Option 'mip_integral_gap_rel' deprecated, please use 'mip_opt_gap_rel'.
WARNING:  Option 'mip_integral_gap_abs' deprecated, please use 'mip_opt_gap_abs'.
WARNING:  Option 'mip_integral_gap_rel' deprecated, please use 'mip_opt_gap_rel'.
WARNING:  Option 'mip_integral_gap_abs' deprecated, please use 'mip_opt_gap_abs'.
WARNING:  Option 'mip_integral_gap_rel' deprecated, please use 'mip_opt_gap_rel'.
WARNING:  Option 'mip_integral_gap_abs' deprecated, please use 'mip_opt_gap_abs'.
WARNING:  Option 'mip_integral_gap_rel' deprecated, please use 'mip_opt_gap_rel'.
WARNING:  Option 'mip_integral_gap_abs' deprecated, please use 'mip_opt_gap_abs'.
WARNING:  Option 'mip_integral_gap_rel' deprecated, please use 'mip_opt_gap_rel'.
WARNING:  Option 'mip_integral_gap_abs' deprecated, please use 'mip_opt_gap_abs'.
WARNING:  Option 'mip_integral_gap_rel' deprecated, please use 'mip_opt_gap_rel'.
WARNING:  Option 'mip_integral_gap_abs' deprecated, please use 'mip_opt_gap_abs'.
WARNING:  Option 'mip_integral_gap_rel' deprecated, please use 'mip_opt_gap_rel'.
WARNING:  Option 'mip_integral_gap_abs' deprecated, please use 'mip_opt_gap_abs'.
WARNING:  Option 'mip_integral_gap_rel' deprecated, please use 'mip_opt_gap_rel'.
WARNING:  Option 'mip_integral_gap_abs' deprecated, please use 'mip_opt_gap_abs'.
WARNING:  Option 'mip_integral_gap_rel' deprecated, please use 'mip_opt_gap_rel'.
WARNING:  Option 'mip_integral_gap_abs' deprecated, please use 'mip_opt_gap_abs'.
WARNING:  Option 'mip_integral_gap_rel' deprecated, please use 'mip_opt_gap_rel'.
WARNING:  Option 'mip_integral_gap_abs' deprecated, please use 'mip_opt_gap_abs'.
WARNING:  Option 'mip_integral_gap_rel' deprecated, please use 'mip_opt_gap_rel'.
WARNING:  Option 'mip_integral_gap_abs' deprecated, please use 'mip_opt_gap_abs'.
WARNING:  Option 'mip_integral_gap_rel' deprecated, please use 'mip_opt_gap_rel'.
WARNING:  Option 'mip_integral_gap_abs' deprecated, please use 'mip_opt_gap_abs'.
WARNING:  Option 'mip_integral_gap_rel' deprecated, please use 'mip_opt_gap_rel'.
WARNING:  Option 'mip_integral_gap_abs' deprecated, please use 'mip_opt_gap_abs'.
WARNING:  Option 'mip_integral_gap_rel' deprecated, please use 'mip_opt_gap_rel'.
WARNING:  Option 'mip_integral_gap_abs' deprecated, please use 'mip_opt_gap_abs'.
WARNING:  Option 'mip_integral_gap_rel' deprecated, please use 'mip_opt_gap_rel'.
WARNING:  Option 'mip_integral_gap_abs' deprecated, please use 'mip_opt_gap_abs'.
WARNING:  Option 'mip_integral_gap_rel' deprecated, please use 'mip_opt_gap_rel'.
WARNING:  Option 'mip_integral_gap_abs' deprecated, please use 'mip_opt_gap_abs'.
WARNING:  Option 'mip_integral_gap_rel' deprecated, please use 'mip_opt_gap_rel'.
WARNING:  Option 'mip_integral_gap_abs' deprecated, please use 'mip_opt_gap_abs'.
WARNING:  Option 'mip_integral_gap_rel' deprecated, please use 'mip_opt_gap_rel'.
WARNING:  Option 'mip_integral_gap_abs' deprecated, please use 'mip_opt_gap_abs'.
WARNING:  Option 'mip_integral_gap_rel' deprecated, please use 'mip_opt_gap_rel'.
WARNING:  Option 'mip_integral_gap_abs' deprecated, please use 'mip_opt_gap_abs'.
WARNING:  Option 'mip_integral_gap_rel' deprecated, please use 'mip_opt_gap_rel'.
WARNING:  Option 'mip_integral_gap_abs' deprecated, please use 'mip_opt_gap_abs'.
WARNING:  Option 'mip_integral_gap_rel' deprecated, please use 'mip_opt_gap_rel'.
WARNING:  Option 'mip_integral_gap_abs' deprecated, please use 'mip_opt_gap_abs'.
WARNING:  Option 'mip_integral_gap_rel' deprecated, please use 'mip_opt_gap_rel'.
WARNING:  Option 'mip_integral_gap_abs' deprecated, please use 'mip_opt_gap_abs'.
WARNING:  Option 'mip_integral_gap_rel' deprecated, please use 'mip_opt_gap_rel'.
WARNING:  Option 'mip_integral_gap_abs' deprecated, please use 'mip_opt_gap_abs'.
WARNING:  Option 'mip_integral_gap_rel' deprecated, please use 'mip_opt_gap_rel'.
WARNING:  Option 'mip_integral_gap_abs' deprecated, please use 'mip_opt_gap_abs'.
WARNING:  Option 'mip_integral_gap_rel' deprecated, please use 'mip_opt_gap_rel'.
WARNING:  Option 'mip_integral_gap_abs' deprecated, please use 'mip_opt_gap_abs'.
WARNING:  Option 'mip_integral_gap_rel' deprecated, please use 'mip_opt_gap_rel'.
WARNING:  Option 'mip_integral_gap_abs' deprecated, please use 'mip_opt_gap_abs'.
WARNING:  Option 'mip_integral_gap_rel' deprecated, please use 'mip_opt_gap_rel'.
WARNING:  Option 'mip_integral_gap_abs' deprecated, please use 'mip_opt_gap_abs'.
WARNING:  Option 'mip_integral_gap_rel' deprecated, please use 'mip_opt_gap_rel'.
WARNING:  Option 'mip_integral_gap_abs' deprecated, please use 'mip_opt_gap_abs'.
WARNING:  Option 'mip_integral_gap_rel' deprecated, please use 'mip_opt_gap_rel'.
WARNING:  Option 'mip_integral_gap_abs' deprecated, please use 'mip_opt_gap_abs'.
WARNING:  Option 'mip_integral_gap_rel' deprecated, please use 'mip_opt_gap_rel'.
WARNING:  Option 'mip_integral_gap_abs' deprecated, please use 'mip_opt_gap_abs'.
WARNING:  Option 'mip_integral_gap_rel' deprecated, please use 'mip_opt_gap_rel'.
WARNING:  Option 'mip_integral_gap_abs' deprecated, please use 'mip_opt_gap_abs'.
WARNING:  Option 'mip_integral_gap_rel' deprecated, please use 'mip_opt_gap_rel'.
WARNING:  Option 'mip_integral_gap_abs' deprecated, please use 'mip_opt_gap_abs'.
WARNING:  Option 'mip_integral_gap_rel' deprecated, please use 'mip_opt_gap_rel'.
WARNING:  Option 'mip_integral_gap_abs' deprecated, please use 'mip_opt_gap_abs'.
WARNING:  Option 'mip_integral_gap_rel' deprecated, please use 'mip_opt_gap_rel'.
WARNING:  Option 'mip_integral_gap_abs' deprecated, please use 'mip_opt_gap_abs'.
WARNING:  Option 'mip_integral_gap_rel' deprecated, please use 'mip_opt_gap_rel'.
WARNING:  Option 'mip_integral_gap_abs' deprecated, please use 'mip_opt_gap_abs'.
WARNING:  Option 'mip_integral_gap_rel' deprecated, please use 'mip_opt_gap_rel'.
WARNING:  Option 'mip_integral_gap_abs' deprecated, please use 'mip_opt_gap_abs'.
WARNING:  Option 'mip_integral_gap_rel' deprecated, please use 'mip_opt_gap_rel'.
WARNING:  Option 'mip_integral_gap_abs' deprecated, please use 'mip_opt_gap_abs'.
WARNING:  Option 'mip_integral_gap_rel' deprecated, please use 'mip_opt_gap_rel'.
WARNING:  Option 'mip_integral_gap_abs' deprecated, please use 'mip_opt_gap_abs'.
WARNING:  Option 'mip_integral_gap_rel' deprecated, please use 'mip_opt_gap_rel'.
WARNING:  Option 'mip_integral_gap_abs' deprecated, please use 'mip_opt_gap_abs'.
WARNING:  Option 'mip_integral_gap_rel' deprecated, please use 'mip_opt_gap_rel'.
WARNING:  Option 'mip_integral_gap_abs' deprecated, please use 'mip_opt_gap_abs'.
WARNING:  Option 'mip_integral_gap_rel' deprecated, please use 'mip_opt_gap_rel'.
WARNING:  Option 'mip_integral_gap_abs' deprecated, please use 'mip_opt_gap_abs'.
WARNING:  Option 'mip_integral_gap_rel' deprecated, please use 'mip_opt_gap_rel'.
WARNING:  Option 'mip_integral_gap_abs' deprecated, please use 'mip_opt_gap_abs'.
WARNING:  Option 'mip_integral_gap_rel' deprecated, please use 'mip_opt_gap_rel'.
WARNING:  Option 'mip_integral_gap_abs' deprecated, please use 'mip_opt_gap_abs'.
WARNING:  Option 'mip_integral_gap_rel' deprecated, please use 'mip_opt_gap_rel'.
WARNING:  Option 'mip_integral_gap_abs' deprecated, please use 'mip_opt_gap_abs'.
WARNING:  Option 'mip_integral_gap_rel' deprecated, please use 'mip_opt_gap_rel'.
WARNING:  Option 'mip_integral_gap_abs' deprecated, please use 'mip_opt_gap_abs'.
WARNING:  Option 'mip_integral_gap_rel' deprecated, please use 'mip_opt_gap_rel'.
WARNING:  Option 'mip_integral_gap_abs' deprecated, please use 'mip_opt_gap_abs'.
WARNING:  Option 'mip_integral_gap_rel' deprecated, please use 'mip_opt_gap_rel'.
WARNING:  Option 'mip_integral_gap_abs' deprecated, please use 'mip_opt_gap_abs'.
WARNING:  Option 'mip_integral_gap_rel' deprecated, please use 'mip_opt_gap_rel'.
WARNING:  Option 'mip_integral_gap_abs' deprecated, please use 'mip_opt_gap_abs'.
WARNING:  Option 'mip_integral_gap_rel' deprecated, please use 'mip_opt_gap_rel'.
WARNING:  Option 'mip_integral_gap_abs' deprecated, please use 'mip_opt_gap_abs'.
WARNING:  Option 'mip_integral_gap_rel' deprecated, please use 'mip_opt_gap_rel'.
WARNING:  Option 'mip_integral_gap_abs' deprecated, please use 'mip_opt_gap_abs'.
WARNING:  Option 'mip_integral_gap_rel' deprecated, please use 'mip_opt_gap_rel'.
WARNING:  Option 'mip_integral_gap_abs' deprecated, please use 'mip_opt_gap_abs'.
WARNING:  Option 'mip_integral_gap_rel' deprecated, please use 'mip_opt_gap_rel'.
WARNING:  Option 'mip_integral_gap_abs' deprecated, please use 'mip_opt_gap_abs'.
WARNING:  Option 'mip_integral_gap_rel' deprecated, please use 'mip_opt_gap_rel'.
WARNING:  Option 'mip_integral_gap_abs' deprecated, please use 'mip_opt_gap_abs'.
WARNING:  Option 'mip_integral_gap_rel' deprecated, please use 'mip_opt_gap_rel'.
WARNING:  Option 'mip_integral_gap_abs' deprecated, please use 'mip_opt_gap_abs'.
WARNING:  Option 'mip_integral_gap_rel' deprecated, please use 'mip_opt_gap_rel'.
WARNING:  Option 'mip_integral_gap_abs' deprecated, please use 'mip_opt_gap_abs'.
WARNING:  Option 'mip_integral_gap_rel' deprecated, please use 'mip_opt_gap_rel'.
WARNING:  Option 'mip_integral_gap_abs' deprecated, please use 'mip_opt_gap_abs'.
WARNING:  Option 'mip_integral_gap_rel' deprecated, please use 'mip_opt_gap_rel'.
    [θ-eval 120, gravity-feasible 17] seqR_mean=4.67e-04 ok=false seq_time=12.18s
WARNING:  Option 'mip_integral_gap_abs' deprecated, please use 'mip_opt_gap_abs'.
WARNING:  Option 'mip_integral_gap_rel' deprecated, please use 'mip_opt_gap_rel'.
WARNING:  Option 'mip_integral_gap_abs' deprecated, please use 'mip_opt_gap_abs'.
WARNING:  Option 'mip_integral_gap_rel' deprecated, please use 'mip_opt_gap_rel'.
WARNING:  Option 'mip_integral_gap_abs' deprecated, please use 'mip_opt_gap_abs'.
WARNING:  Option 'mip_integral_gap_rel' deprecated, please use 'mip_opt_gap_rel'.
WARNING:  Option 'mip_integral_gap_abs' deprecated, please use 'mip_opt_gap_abs'.
WARNING:  Option 'mip_integral_gap_rel' deprecated, please use 'mip_opt_gap_rel'.
WARNING:  Option 'mip_integral_gap_abs' deprecated, please use 'mip_opt_gap_abs'.
WARNING:  Option 'mip_integral_gap_rel' deprecated, please use 'mip_opt_gap_rel'.
WARNING:  Option 'mip_integral_gap_abs' deprecated, please use 'mip_opt_gap_abs'.
WARNING:  Option 'mip_integral_gap_rel' deprecated, please use 'mip_opt_gap_rel'.
WARNING:  Option 'mip_integral_gap_abs' deprecated, please use 'mip_opt_gap_abs'.
WARNING:  Option 'mip_integral_gap_rel' deprecated, please use 'mip_opt_gap_rel'.
WARNING:  Option 'mip_integral_gap_abs' deprecated, please use 'mip_opt_gap_abs'.
WARNING:  Option 'mip_integral_gap_rel' deprecated, please use 'mip_opt_gap_rel'.
WARNING:  Option 'mip_integral_gap_abs' deprecated, please use 'mip_opt_gap_abs'.
WARNING:  Option 'mip_integral_gap_rel' deprecated, please use 'mip_opt_gap_rel'.
WARNING:  Option 'mip_integral_gap_abs' deprecated, please use 'mip_opt_gap_abs'.
WARNING:  Option 'mip_integral_gap_rel' deprecated, please use 'mip_opt_gap_rel'.
WARNING:  Option 'mip_integral_gap_abs' deprecated, please use 'mip_opt_gap_abs'.
WARNING:  Option 'mip_integral_gap_rel' deprecated, please use 'mip_opt_gap_rel'.
WARNING:  Option 'mip_integral_gap_abs' deprecated, please use 'mip_opt_gap_abs'.
WARNING:  Option 'mip_integral_gap_rel' deprecated, please use 'mip_opt_gap_rel'.
WARNING:  Option 'mip_integral_gap_abs' deprecated, please use 'mip_opt_gap_abs'.
WARNING:  Option 'mip_integral_gap_rel' deprecated, please use 'mip_opt_gap_rel'.
WARNING:  Option 'mip_integral_gap_abs' deprecated, please use 'mip_opt_gap_abs'.
WARNING:  Option 'mip_integral_gap_rel' deprecated, please use 'mip_opt_gap_rel'.
WARNING:  Option 'mip_integral_gap_abs' deprecated, please use 'mip_opt_gap_abs'.
WARNING:  Option 'mip_integral_gap_rel' deprecated, please use 'mip_opt_gap_rel'.
WARNING:  Option 'mip_integral_gap_abs' deprecated, please use 'mip_opt_gap_abs'.
WARNING:  Option 'mip_integral_gap_rel' deprecated, please use 'mip_opt_gap_rel'.
WARNING:  Option 'mip_integral_gap_abs' deprecated, please use 'mip_opt_gap_abs'.
WARNING:  Option 'mip_integral_gap_rel' deprecated, please use 'mip_opt_gap_rel'.
WARNING:  Option 'mip_integral_gap_abs' deprecated, please use 'mip_opt_gap_abs'.
WARNING:  Option 'mip_integral_gap_rel' deprecated, please use 'mip_opt_gap_rel'.
WARNING:  Option 'mip_integral_gap_abs' deprecated, please use 'mip_opt_gap_abs'.
WARNING:  Option 'mip_integral_gap_rel' deprecated, please use 'mip_opt_gap_rel'.
WARNING:  Option 'mip_integral_gap_abs' deprecated, please use 'mip_opt_gap_abs'.
WARNING:  Option 'mip_integral_gap_rel' deprecated, please use 'mip_opt_gap_rel'.
WARNING:  Option 'mip_integral_gap_abs' deprecated, please use 'mip_opt_gap_abs'.
WARNING:  Option 'mip_integral_gap_rel' deprecated, please use 'mip_opt_gap_rel'.
WARNING:  Option 'mip_integral_gap_abs' deprecated, please use 'mip_opt_gap_abs'.
WARNING:  Option 'mip_integral_gap_rel' deprecated, please use 'mip_opt_gap_rel'.
WARNING:  Option 'mip_integral_gap_abs' deprecated, please use 'mip_opt_gap_abs'.
WARNING:  Option 'mip_integral_gap_rel' deprecated, please use 'mip_opt_gap_rel'.
WARNING:  Option 'mip_integral_gap_abs' deprecated, please use 'mip_opt_gap_abs'.
WARNING:  Option 'mip_integral_gap_rel' deprecated, please use 'mip_opt_gap_rel'.
WARNING:  Option 'mip_integral_gap_abs' deprecated, please use 'mip_opt_gap_abs'.
WARNING:  Option 'mip_integral_gap_rel' deprecated, please use 'mip_opt_gap_rel'.
WARNING:  Option 'mip_integral_gap_abs' deprecated, please use 'mip_opt_gap_abs'.
WARNING:  Option 'mip_integral_gap_rel' deprecated, please use 'mip_opt_gap_rel'.
WARNING:  Option 'mip_integral_gap_abs' deprecated, please use 'mip_opt_gap_abs'.
WARNING:  Option 'mip_integral_gap_rel' deprecated, please use 'mip_opt_gap_rel'.
WARNING:  Option 'mip_integral_gap_abs' deprecated, please use 'mip_opt_gap_abs'.
WARNING:  Option 'mip_integral_gap_rel' deprecated, please use 'mip_opt_gap_rel'.
WARNING:  Option 'mip_integral_gap_abs' deprecated, please use 'mip_opt_gap_abs'.
WARNING:  Option 'mip_integral_gap_rel' deprecated, please use 'mip_opt_gap_rel'.
WARNING:  Option 'mip_integral_gap_abs' deprecated, please use 'mip_opt_gap_abs'.
WARNING:  Option 'mip_integral_gap_rel' deprecated, please use 'mip_opt_gap_rel'.
WARNING:  Option 'mip_integral_gap_abs' deprecated, please use 'mip_opt_gap_abs'.
WARNING:  Option 'mip_integral_gap_rel' deprecated, please use 'mip_opt_gap_rel'.
WARNING:  Option 'mip_integral_gap_abs' deprecated, please use 'mip_opt_gap_abs'.
WARNING:  Option 'mip_integral_gap_rel' deprecated, please use 'mip_opt_gap_rel'.
WARNING:  Option 'mip_integral_gap_abs' deprecated, please use 'mip_opt_gap_abs'.
WARNING:  Option 'mip_integral_gap_rel' deprecated, please use 'mip_opt_gap_rel'.
WARNING:  Option 'mip_integral_gap_abs' deprecated, please use 'mip_opt_gap_abs'.
WARNING:  Option 'mip_integral_gap_rel' deprecated, please use 'mip_opt_gap_rel'.
WARNING:  Option 'mip_integral_gap_abs' deprecated, please use 'mip_opt_gap_abs'.
WARNING:  Option 'mip_integral_gap_rel' deprecated, please use 'mip_opt_gap_rel'.
WARNING:  Option 'mip_integral_gap_abs' deprecated, please use 'mip_opt_gap_abs'.
WARNING:  Option 'mip_integral_gap_rel' deprecated, please use 'mip_opt_gap_rel'.
WARNING:  Option 'mip_integral_gap_abs' deprecated, please use 'mip_opt_gap_abs'.
WARNING:  Option 'mip_integral_gap_rel' deprecated, please use 'mip_opt_gap_rel'.
WARNING:  Option 'mip_integral_gap_abs' deprecated, please use 'mip_opt_gap_abs'.
WARNING:  Option 'mip_integral_gap_rel' deprecated, please use 'mip_opt_gap_rel'.
WARNING:  Option 'mip_integral_gap_abs' deprecated, please use 'mip_opt_gap_abs'.
WARNING:  Option 'mip_integral_gap_rel' deprecated, please use 'mip_opt_gap_rel'.
WARNING:  Option 'mip_integral_gap_abs' deprecated, please use 'mip_opt_gap_abs'.
WARNING:  Option 'mip_integral_gap_rel' deprecated, please use 'mip_opt_gap_rel'.
WARNING:  Option 'mip_integral_gap_abs' deprecated, please use 'mip_opt_gap_abs'.
WARNING:  Option 'mip_integral_gap_rel' deprecated, please use 'mip_opt_gap_rel'.
WARNING:  Option 'mip_integral_gap_abs' deprecated, please use 'mip_opt_gap_abs'.
WARNING:  Option 'mip_integral_gap_rel' deprecated, please use 'mip_opt_gap_rel'.
WARNING:  Option 'mip_integral_gap_abs' deprecated, please use 'mip_opt_gap_abs'.
WARNING:  Option 'mip_integral_gap_rel' deprecated, please use 'mip_opt_gap_rel'.
WARNING:  Option 'mip_integral_gap_abs' deprecated, please use 'mip_opt_gap_abs'.
WARNING:  Option 'mip_integral_gap_rel' deprecated, please use 'mip_opt_gap_rel'.
WARNING:  Option 'mip_integral_gap_abs' deprecated, please use 'mip_opt_gap_abs'.
WARNING:  Option 'mip_integral_gap_rel' deprecated, please use 'mip_opt_gap_rel'.
WARNING:  Option 'mip_integral_gap_abs' deprecated, please use 'mip_opt_gap_abs'.
WARNING:  Option 'mip_integral_gap_rel' deprecated, please use 'mip_opt_gap_rel'.
WARNING:  Option 'mip_integral_gap_abs' deprecated, please use 'mip_opt_gap_abs'.
WARNING:  Option 'mip_integral_gap_rel' deprecated, please use 'mip_opt_gap_rel'.
WARNING:  Option 'mip_integral_gap_abs' deprecated, please use 'mip_opt_gap_abs'.
WARNING:  Option 'mip_integral_gap_rel' deprecated, please use 'mip_opt_gap_rel'.
WARNING:  Option 'mip_integral_gap_abs' deprecated, please use 'mip_opt_gap_abs'.
WARNING:  Option 'mip_integral_gap_rel' deprecated, please use 'mip_opt_gap_rel'.
WARNING:  Option 'mip_integral_gap_abs' deprecated, please use 'mip_opt_gap_abs'.
WARNING:  Option 'mip_integral_gap_rel' deprecated, please use 'mip_opt_gap_rel'.
WARNING:  Option 'mip_integral_gap_abs' deprecated, please use 'mip_opt_gap_abs'.
WARNING:  Option 'mip_integral_gap_rel' deprecated, please use 'mip_opt_gap_rel'.
WARNING:  Option 'mip_integral_gap_abs' deprecated, please use 'mip_opt_gap_abs'.
WARNING:  Option 'mip_integral_gap_rel' deprecated, please use 'mip_opt_gap_rel'.
WARNING:  Option 'mip_integral_gap_abs' deprecated, please use 'mip_opt_gap_abs'.
WARNING:  Option 'mip_integral_gap_rel' deprecated, please use 'mip_opt_gap_rel'.
WARNING:  Option 'mip_integral_gap_abs' deprecated, please use 'mip_opt_gap_abs'.
WARNING:  Option 'mip_integral_gap_rel' deprecated, please use 'mip_opt_gap_rel'.
WARNING:  Option 'mip_integral_gap_abs' deprecated, please use 'mip_opt_gap_abs'.
WARNING:  Option 'mip_integral_gap_rel' deprecated, please use 'mip_opt_gap_rel'.
WARNING:  Option 'mip_integral_gap_abs' deprecated, please use 'mip_opt_gap_abs'.
WARNING:  Option 'mip_integral_gap_rel' deprecated, please use 'mip_opt_gap_rel'.
WARNING:  Option 'mip_integral_gap_abs' deprecated, please use 'mip_opt_gap_abs'.
WARNING:  Option 'mip_integral_gap_rel' deprecated, please use 'mip_opt_gap_rel'.
WARNING:  Option 'mip_integral_gap_abs' deprecated, please use 'mip_opt_gap_abs'.
WARNING:  Option 'mip_integral_gap_rel' deprecated, please use 'mip_opt_gap_rel'.
WARNING:  Option 'mip_integral_gap_abs' deprecated, please use 'mip_opt_gap_abs'.
WARNING:  Option 'mip_integral_gap_rel' deprecated, please use 'mip_opt_gap_rel'.
WARNING:  Option 'mip_integral_gap_abs' deprecated, please use 'mip_opt_gap_abs'.
WARNING:  Option 'mip_integral_gap_rel' deprecated, please use 'mip_opt_gap_rel'.
WARNING:  Option 'mip_integral_gap_abs' deprecated, please use 'mip_opt_gap_abs'.
WARNING:  Option 'mip_integral_gap_rel' deprecated, please use 'mip_opt_gap_rel'.
WARNING:  Option 'mip_integral_gap_abs' deprecated, please use 'mip_opt_gap_abs'.
WARNING:  Option 'mip_integral_gap_rel' deprecated, please use 'mip_opt_gap_rel'.
WARNING:  Option 'mip_integral_gap_abs' deprecated, please use 'mip_opt_gap_abs'.
WARNING:  Option 'mip_integral_gap_rel' deprecated, please use 'mip_opt_gap_rel'.
WARNING:  Option 'mip_integral_gap_abs' deprecated, please use 'mip_opt_gap_abs'.
WARNING:  Option 'mip_integral_gap_rel' deprecated, please use 'mip_opt_gap_rel'.
WARNING:  Option 'mip_integral_gap_abs' deprecated, please use 'mip_opt_gap_abs'.
WARNING:  Option 'mip_integral_gap_rel' deprecated, please use 'mip_opt_gap_rel'.
WARNING:  Option 'mip_integral_gap_abs' deprecated, please use 'mip_opt_gap_abs'.
WARNING:  Option 'mip_integral_gap_rel' deprecated, please use 'mip_opt_gap_rel'.
WARNING:  Option 'mip_integral_gap_abs' deprecated, please use 'mip_opt_gap_abs'.
WARNING:  Option 'mip_integral_gap_rel' deprecated, please use 'mip_opt_gap_rel'.
WARNING:  Option 'mip_integral_gap_abs' deprecated, please use 'mip_opt_gap_abs'.
WARNING:  Option 'mip_integral_gap_rel' deprecated, please use 'mip_opt_gap_rel'.
WARNING:  Option 'mip_integral_gap_abs' deprecated, please use 'mip_opt_gap_abs'.
WARNING:  Option 'mip_integral_gap_rel' deprecated, please use 'mip_opt_gap_rel'.
WARNING:  Option 'mip_integral_gap_abs' deprecated, please use 'mip_opt_gap_abs'.
WARNING:  Option 'mip_integral_gap_rel' deprecated, please use 'mip_opt_gap_rel'.
WARNING:  Option 'mip_integral_gap_abs' deprecated, please use 'mip_opt_gap_abs'.
WARNING:  Option 'mip_integral_gap_rel' deprecated, please use 'mip_opt_gap_rel'.
WARNING:  Option 'mip_integral_gap_abs' deprecated, please use 'mip_opt_gap_abs'.
WARNING:  Option 'mip_integral_gap_rel' deprecated, please use 'mip_opt_gap_rel'.
WARNING:  Option 'mip_integral_gap_abs' deprecated, please use 'mip_opt_gap_abs'.
WARNING:  Option 'mip_integral_gap_rel' deprecated, please use 'mip_opt_gap_rel'.
WARNING:  Option 'mip_integral_gap_abs' deprecated, please use 'mip_opt_gap_abs'.
WARNING:  Option 'mip_integral_gap_rel' deprecated, please use 'mip_opt_gap_rel'.
    [θ-eval 130, gravity-feasible 17] seqR_mean=3.08e-04 ok=false seq_time=5.85s
WARNING:  Option 'mip_integral_gap_abs' deprecated, please use 'mip_opt_gap_abs'.
WARNING:  Option 'mip_integral_gap_rel' deprecated, please use 'mip_opt_gap_rel'.
WARNING:  Option 'mip_integral_gap_abs' deprecated, please use 'mip_opt_gap_abs'.
WARNING:  Option 'mip_integral_gap_rel' deprecated, please use 'mip_opt_gap_rel'.
WARNING:  Option 'mip_integral_gap_abs' deprecated, please use 'mip_opt_gap_abs'.
WARNING:  Option 'mip_integral_gap_rel' deprecated, please use 'mip_opt_gap_rel'.
WARNING:  Option 'mip_integral_gap_abs' deprecated, please use 'mip_opt_gap_abs'.
WARNING:  Option 'mip_integral_gap_rel' deprecated, please use 'mip_opt_gap_rel'.
WARNING:  Option 'mip_integral_gap_abs' deprecated, please use 'mip_opt_gap_abs'.
WARNING:  Option 'mip_integral_gap_rel' deprecated, please use 'mip_opt_gap_rel'.
WARNING:  Option 'mip_integral_gap_abs' deprecated, please use 'mip_opt_gap_abs'.
WARNING:  Option 'mip_integral_gap_rel' deprecated, please use 'mip_opt_gap_rel'.
WARNING:  Option 'mip_integral_gap_abs' deprecated, please use 'mip_opt_gap_abs'.
WARNING:  Option 'mip_integral_gap_rel' deprecated, please use 'mip_opt_gap_rel'.
WARNING:  Option 'mip_integral_gap_abs' deprecated, please use 'mip_opt_gap_abs'.
WARNING:  Option 'mip_integral_gap_rel' deprecated, please use 'mip_opt_gap_rel'.
WARNING:  Option 'mip_integral_gap_abs' deprecated, please use 'mip_opt_gap_abs'.
WARNING:  Option 'mip_integral_gap_rel' deprecated, please use 'mip_opt_gap_rel'.
WARNING:  Option 'mip_integral_gap_abs' deprecated, please use 'mip_opt_gap_abs'.
WARNING:  Option 'mip_integral_gap_rel' deprecated, please use 'mip_opt_gap_rel'.
WARNING:  Option 'mip_integral_gap_abs' deprecated, please use 'mip_opt_gap_abs'.
WARNING:  Option 'mip_integral_gap_rel' deprecated, please use 'mip_opt_gap_rel'.
WARNING:  Option 'mip_integral_gap_abs' deprecated, please use 'mip_opt_gap_abs'.
WARNING:  Option 'mip_integral_gap_rel' deprecated, please use 'mip_opt_gap_rel'.
WARNING:  Option 'mip_integral_gap_abs' deprecated, please use 'mip_opt_gap_abs'.
WARNING:  Option 'mip_integral_gap_rel' deprecated, please use 'mip_opt_gap_rel'.
WARNING:  Option 'mip_integral_gap_abs' deprecated, please use 'mip_opt_gap_abs'.
WARNING:  Option 'mip_integral_gap_rel' deprecated, please use 'mip_opt_gap_rel'.
WARNING:  Option 'mip_integral_gap_abs' deprecated, please use 'mip_opt_gap_abs'.
WARNING:  Option 'mip_integral_gap_rel' deprecated, please use 'mip_opt_gap_rel'.
WARNING:  Option 'mip_integral_gap_abs' deprecated, please use 'mip_opt_gap_abs'.
WARNING:  Option 'mip_integral_gap_rel' deprecated, please use 'mip_opt_gap_rel'.
WARNING:  Option 'mip_integral_gap_abs' deprecated, please use 'mip_opt_gap_abs'.
WARNING:  Option 'mip_integral_gap_rel' deprecated, please use 'mip_opt_gap_rel'.
WARNING:  Option 'mip_integral_gap_abs' deprecated, please use 'mip_opt_gap_abs'.
WARNING:  Option 'mip_integral_gap_rel' deprecated, please use 'mip_opt_gap_rel'.
WARNING:  Option 'mip_integral_gap_abs' deprecated, please use 'mip_opt_gap_abs'.
WARNING:  Option 'mip_integral_gap_rel' deprecated, please use 'mip_opt_gap_rel'.
WARNING:  Option 'mip_integral_gap_abs' deprecated, please use 'mip_opt_gap_abs'.
WARNING:  Option 'mip_integral_gap_rel' deprecated, please use 'mip_opt_gap_rel'.
WARNING:  Option 'mip_integral_gap_abs' deprecated, please use 'mip_opt_gap_abs'.
WARNING:  Option 'mip_integral_gap_rel' deprecated, please use 'mip_opt_gap_rel'.
WARNING:  Option 'mip_integral_gap_abs' deprecated, please use 'mip_opt_gap_abs'.
WARNING:  Option 'mip_integral_gap_rel' deprecated, please use 'mip_opt_gap_rel'.
WARNING:  Option 'mip_integral_gap_abs' deprecated, please use 'mip_opt_gap_abs'.
WARNING:  Option 'mip_integral_gap_rel' deprecated, please use 'mip_opt_gap_rel'.
WARNING:  Option 'mip_integral_gap_abs' deprecated, please use 'mip_opt_gap_abs'.
WARNING:  Option 'mip_integral_gap_rel' deprecated, please use 'mip_opt_gap_rel'.
WARNING:  Option 'mip_integral_gap_abs' deprecated, please use 'mip_opt_gap_abs'.
WARNING:  Option 'mip_integral_gap_rel' deprecated, please use 'mip_opt_gap_rel'.
WARNING:  Option 'mip_integral_gap_abs' deprecated, please use 'mip_opt_gap_abs'.
WARNING:  Option 'mip_integral_gap_rel' deprecated, please use 'mip_opt_gap_rel'.
WARNING:  Option 'mip_integral_gap_abs' deprecated, please use 'mip_opt_gap_abs'.
WARNING:  Option 'mip_integral_gap_rel' deprecated, please use 'mip_opt_gap_rel'.
WARNING:  Option 'mip_integral_gap_abs' deprecated, please use 'mip_opt_gap_abs'.
WARNING:  Option 'mip_integral_gap_rel' deprecated, please use 'mip_opt_gap_rel'.
WARNING:  Option 'mip_integral_gap_abs' deprecated, please use 'mip_opt_gap_abs'.
WARNING:  Option 'mip_integral_gap_rel' deprecated, please use 'mip_opt_gap_rel'.
WARNING:  Option 'mip_integral_gap_abs' deprecated, please use 'mip_opt_gap_abs'.
WARNING:  Option 'mip_integral_gap_rel' deprecated, please use 'mip_opt_gap_rel'.
WARNING:  Option 'mip_integral_gap_abs' deprecated, please use 'mip_opt_gap_abs'.
WARNING:  Option 'mip_integral_gap_rel' deprecated, please use 'mip_opt_gap_rel'.
WARNING:  Option 'mip_integral_gap_abs' deprecated, please use 'mip_opt_gap_abs'.
WARNING:  Option 'mip_integral_gap_rel' deprecated, please use 'mip_opt_gap_rel'.
WARNING:  Option 'mip_integral_gap_abs' deprecated, please use 'mip_opt_gap_abs'.
WARNING:  Option 'mip_integral_gap_rel' deprecated, please use 'mip_opt_gap_rel'.
WARNING:  Option 'mip_integral_gap_abs' deprecated, please use 'mip_opt_gap_abs'.
WARNING:  Option 'mip_integral_gap_rel' deprecated, please use 'mip_opt_gap_rel'.
WARNING:  Option 'mip_integral_gap_abs' deprecated, please use 'mip_opt_gap_abs'.
WARNING:  Option 'mip_integral_gap_rel' deprecated, please use 'mip_opt_gap_rel'.
WARNING:  Option 'mip_integral_gap_abs' deprecated, please use 'mip_opt_gap_abs'.
WARNING:  Option 'mip_integral_gap_rel' deprecated, please use 'mip_opt_gap_rel'.
WARNING:  Option 'mip_integral_gap_abs' deprecated, please use 'mip_opt_gap_abs'.
WARNING:  Option 'mip_integral_gap_rel' deprecated, please use 'mip_opt_gap_rel'.
WARNING:  Option 'mip_integral_gap_abs' deprecated, please use 'mip_opt_gap_abs'.
WARNING:  Option 'mip_integral_gap_rel' deprecated, please use 'mip_opt_gap_rel'.
WARNING:  Option 'mip_integral_gap_abs' deprecated, please use 'mip_opt_gap_abs'.
WARNING:  Option 'mip_integral_gap_rel' deprecated, please use 'mip_opt_gap_rel'.
WARNING:  Option 'mip_integral_gap_abs' deprecated, please use 'mip_opt_gap_abs'.
WARNING:  Option 'mip_integral_gap_rel' deprecated, please use 'mip_opt_gap_rel'.
WARNING:  Option 'mip_integral_gap_abs' deprecated, please use 'mip_opt_gap_abs'.
WARNING:  Option 'mip_integral_gap_rel' deprecated, please use 'mip_opt_gap_rel'.
WARNING:  Option 'mip_integral_gap_abs' deprecated, please use 'mip_opt_gap_abs'.
WARNING:  Option 'mip_integral_gap_rel' deprecated, please use 'mip_opt_gap_rel'.
WARNING:  Option 'mip_integral_gap_abs' deprecated, please use 'mip_opt_gap_abs'.
WARNING:  Option 'mip_integral_gap_rel' deprecated, please use 'mip_opt_gap_rel'.
WARNING:  Option 'mip_integral_gap_abs' deprecated, please use 'mip_opt_gap_abs'.
WARNING:  Option 'mip_integral_gap_rel' deprecated, please use 'mip_opt_gap_rel'.
WARNING:  Option 'mip_integral_gap_abs' deprecated, please use 'mip_opt_gap_abs'.
WARNING:  Option 'mip_integral_gap_rel' deprecated, please use 'mip_opt_gap_rel'.
WARNING:  Option 'mip_integral_gap_abs' deprecated, please use 'mip_opt_gap_abs'.
WARNING:  Option 'mip_integral_gap_rel' deprecated, please use 'mip_opt_gap_rel'.
WARNING:  Option 'mip_integral_gap_abs' deprecated, please use 'mip_opt_gap_abs'.
WARNING:  Option 'mip_integral_gap_rel' deprecated, please use 'mip_opt_gap_rel'.
WARNING:  Option 'mip_integral_gap_abs' deprecated, please use 'mip_opt_gap_abs'.
WARNING:  Option 'mip_integral_gap_rel' deprecated, please use 'mip_opt_gap_rel'.
WARNING:  Option 'mip_integral_gap_abs' deprecated, please use 'mip_opt_gap_abs'.
WARNING:  Option 'mip_integral_gap_rel' deprecated, please use 'mip_opt_gap_rel'.
WARNING:  Option 'mip_integral_gap_abs' deprecated, please use 'mip_opt_gap_abs'.
WARNING:  Option 'mip_integral_gap_rel' deprecated, please use 'mip_opt_gap_rel'.
WARNING:  Option 'mip_integral_gap_abs' deprecated, please use 'mip_opt_gap_abs'.
WARNING:  Option 'mip_integral_gap_rel' deprecated, please use 'mip_opt_gap_rel'.
WARNING:  Option 'mip_integral_gap_abs' deprecated, please use 'mip_opt_gap_abs'.
WARNING:  Option 'mip_integral_gap_rel' deprecated, please use 'mip_opt_gap_rel'.
WARNING:  Option 'mip_integral_gap_abs' deprecated, please use 'mip_opt_gap_abs'.
WARNING:  Option 'mip_integral_gap_rel' deprecated, please use 'mip_opt_gap_rel'.
WARNING:  Option 'mip_integral_gap_abs' deprecated, please use 'mip_opt_gap_abs'.
WARNING:  Option 'mip_integral_gap_rel' deprecated, please use 'mip_opt_gap_rel'.
WARNING:  Option 'mip_integral_gap_abs' deprecated, please use 'mip_opt_gap_abs'.
WARNING:  Option 'mip_integral_gap_rel' deprecated, please use 'mip_opt_gap_rel'.
WARNING:  Option 'mip_integral_gap_abs' deprecated, please use 'mip_opt_gap_abs'.
WARNING:  Option 'mip_integral_gap_rel' deprecated, please use 'mip_opt_gap_rel'.
WARNING:  Option 'mip_integral_gap_abs' deprecated, please use 'mip_opt_gap_abs'.
WARNING:  Option 'mip_integral_gap_rel' deprecated, please use 'mip_opt_gap_rel'.
WARNING:  Option 'mip_integral_gap_abs' deprecated, please use 'mip_opt_gap_abs'.
WARNING:  Option 'mip_integral_gap_rel' deprecated, please use 'mip_opt_gap_rel'.
WARNING:  Option 'mip_integral_gap_abs' deprecated, please use 'mip_opt_gap_abs'.
WARNING:  Option 'mip_integral_gap_rel' deprecated, please use 'mip_opt_gap_rel'.
WARNING:  Option 'mip_integral_gap_abs' deprecated, please use 'mip_opt_gap_abs'.
WARNING:  Option 'mip_integral_gap_rel' deprecated, please use 'mip_opt_gap_rel'.
WARNING:  Option 'mip_integral_gap_abs' deprecated, please use 'mip_opt_gap_abs'.
WARNING:  Option 'mip_integral_gap_rel' deprecated, please use 'mip_opt_gap_rel'.
WARNING:  Option 'mip_integral_gap_abs' deprecated, please use 'mip_opt_gap_abs'.
WARNING:  Option 'mip_integral_gap_rel' deprecated, please use 'mip_opt_gap_rel'.
WARNING:  Option 'mip_integral_gap_abs' deprecated, please use 'mip_opt_gap_abs'.
WARNING:  Option 'mip_integral_gap_rel' deprecated, please use 'mip_opt_gap_rel'.
WARNING:  Option 'mip_integral_gap_abs' deprecated, please use 'mip_opt_gap_abs'.
WARNING:  Option 'mip_integral_gap_rel' deprecated, please use 'mip_opt_gap_rel'.
WARNING:  Option 'mip_integral_gap_abs' deprecated, please use 'mip_opt_gap_abs'.
WARNING:  Option 'mip_integral_gap_rel' deprecated, please use 'mip_opt_gap_rel'.
WARNING:  Option 'mip_integral_gap_abs' deprecated, please use 'mip_opt_gap_abs'.
WARNING:  Option 'mip_integral_gap_rel' deprecated, please use 'mip_opt_gap_rel'.
WARNING:  Option 'mip_integral_gap_abs' deprecated, please use 'mip_opt_gap_abs'.
WARNING:  Option 'mip_integral_gap_rel' deprecated, please use 'mip_opt_gap_rel'.
WARNING:  Option 'mip_integral_gap_abs' deprecated, please use 'mip_opt_gap_abs'.
WARNING:  Option 'mip_integral_gap_rel' deprecated, please use 'mip_opt_gap_rel'.
WARNING:  Option 'mip_integral_gap_abs' deprecated, please use 'mip_opt_gap_abs'.
WARNING:  Option 'mip_integral_gap_rel' deprecated, please use 'mip_opt_gap_rel'.
WARNING:  Option 'mip_integral_gap_abs' deprecated, please use 'mip_opt_gap_abs'.
WARNING:  Option 'mip_integral_gap_rel' deprecated, please use 'mip_opt_gap_rel'.
WARNING:  Option 'mip_integral_gap_abs' deprecated, please use 'mip_opt_gap_abs'.
WARNING:  Option 'mip_integral_gap_rel' deprecated, please use 'mip_opt_gap_rel'.
WARNING:  Option 'mip_integral_gap_abs' deprecated, please use 'mip_opt_gap_abs'.
WARNING:  Option 'mip_integral_gap_rel' deprecated, please use 'mip_opt_gap_rel'.
WARNING:  Option 'mip_integral_gap_abs' deprecated, please use 'mip_opt_gap_abs'.
WARNING:  Option 'mip_integral_gap_rel' deprecated, please use 'mip_opt_gap_rel'.
WARNING:  Option 'mip_integral_gap_abs' deprecated, please use 'mip_opt_gap_abs'.
WARNING:  Option 'mip_integral_gap_rel' deprecated, please use 'mip_opt_gap_rel'.
WARNING:  Option 'mip_integral_gap_abs' deprecated, please use 'mip_opt_gap_abs'.
WARNING:  Option 'mip_integral_gap_rel' deprecated, please use 'mip_opt_gap_rel'.
WARNING:  Option 'mip_integral_gap_abs' deprecated, please use 'mip_opt_gap_abs'.
WARNING:  Option 'mip_integral_gap_rel' deprecated, please use 'mip_opt_gap_rel'.
WARNING:  Option 'mip_integral_gap_abs' deprecated, please use 'mip_opt_gap_abs'.
WARNING:  Option 'mip_integral_gap_rel' deprecated, please use 'mip_opt_gap_rel'.
WARNING:  Option 'mip_integral_gap_abs' deprecated, please use 'mip_opt_gap_abs'.
WARNING:  Option 'mip_integral_gap_rel' deprecated, please use 'mip_opt_gap_rel'.
WARNING:  Option 'mip_integral_gap_abs' deprecated, please use 'mip_opt_gap_abs'.
WARNING:  Option 'mip_integral_gap_rel' deprecated, please use 'mip_opt_gap_rel'.
WARNING:  Option 'mip_integral_gap_abs' deprecated, please use 'mip_opt_gap_abs'.
WARNING:  Option 'mip_integral_gap_rel' deprecated, please use 'mip_opt_gap_rel'.
WARNING:  Option 'mip_integral_gap_abs' deprecated, please use 'mip_opt_gap_abs'.
WARNING:  Option 'mip_integral_gap_rel' deprecated, please use 'mip_opt_gap_rel'.
WARNING:  Option 'mip_integral_gap_abs' deprecated, please use 'mip_opt_gap_abs'.
WARNING:  Option 'mip_integral_gap_rel' deprecated, please use 'mip_opt_gap_rel'.
WARNING:  Option 'mip_integral_gap_abs' deprecated, please use 'mip_opt_gap_abs'.
WARNING:  Option 'mip_integral_gap_rel' deprecated, please use 'mip_opt_gap_rel'.
WARNING:  Option 'mip_integral_gap_abs' deprecated, please use 'mip_opt_gap_abs'.
WARNING:  Option 'mip_integral_gap_rel' deprecated, please use 'mip_opt_gap_rel'.
WARNING:  Option 'mip_integral_gap_abs' deprecated, please use 'mip_opt_gap_abs'.
WARNING:  Option 'mip_integral_gap_rel' deprecated, please use 'mip_opt_gap_rel'.
WARNING:  Option 'mip_integral_gap_abs' deprecated, please use 'mip_opt_gap_abs'.
WARNING:  Option 'mip_integral_gap_rel' deprecated, please use 'mip_opt_gap_rel'.
WARNING:  Option 'mip_integral_gap_abs' deprecated, please use 'mip_opt_gap_abs'.
WARNING:  Option 'mip_integral_gap_rel' deprecated, please use 'mip_opt_gap_rel'.
WARNING:  Option 'mip_integral_gap_abs' deprecated, please use 'mip_opt_gap_abs'.
WARNING:  Option 'mip_integral_gap_rel' deprecated, please use 'mip_opt_gap_rel'.
WARNING:  Option 'mip_integral_gap_abs' deprecated, please use 'mip_opt_gap_abs'.
WARNING:  Option 'mip_integral_gap_rel' deprecated, please use 'mip_opt_gap_rel'.
WARNING:  Option 'mip_integral_gap_abs' deprecated, please use 'mip_opt_gap_abs'.
WARNING:  Option 'mip_integral_gap_rel' deprecated, please use 'mip_opt_gap_rel'.
WARNING:  Option 'mip_integral_gap_abs' deprecated, please use 'mip_opt_gap_abs'.
WARNING:  Option 'mip_integral_gap_rel' deprecated, please use 'mip_opt_gap_rel'.
WARNING:  Option 'mip_integral_gap_abs' deprecated, please use 'mip_opt_gap_abs'.
WARNING:  Option 'mip_integral_gap_rel' deprecated, please use 'mip_opt_gap_rel'.
WARNING:  Option 'mip_integral_gap_abs' deprecated, please use 'mip_opt_gap_abs'.
WARNING:  Option 'mip_integral_gap_rel' deprecated, please use 'mip_opt_gap_rel'.
WARNING:  Option 'mip_integral_gap_abs' deprecated, please use 'mip_opt_gap_abs'.
WARNING:  Option 'mip_integral_gap_rel' deprecated, please use 'mip_opt_gap_rel'.
WARNING:  Option 'mip_integral_gap_abs' deprecated, please use 'mip_opt_gap_abs'.
WARNING:  Option 'mip_integral_gap_rel' deprecated, please use 'mip_opt_gap_rel'.
WARNING:  Option 'mip_integral_gap_abs' deprecated, please use 'mip_opt_gap_abs'.
WARNING:  Option 'mip_integral_gap_rel' deprecated, please use 'mip_opt_gap_rel'.
WARNING:  Option 'mip_integral_gap_abs' deprecated, please use 'mip_opt_gap_abs'.
WARNING:  Option 'mip_integral_gap_rel' deprecated, please use 'mip_opt_gap_rel'.
WARNING:  Option 'mip_integral_gap_abs' deprecated, please use 'mip_opt_gap_abs'.
WARNING:  Option 'mip_integral_gap_rel' deprecated, please use 'mip_opt_gap_rel'.
WARNING:  Option 'mip_integral_gap_abs' deprecated, please use 'mip_opt_gap_abs'.
WARNING:  Option 'mip_integral_gap_rel' deprecated, please use 'mip_opt_gap_rel'.
    [θ-eval 140, gravity-feasible 17] seqR_mean=3.54e-04 ok=false seq_time=5.86s
WARNING:  Option 'mip_integral_gap_abs' deprecated, please use 'mip_opt_gap_abs'.
WARNING:  Option 'mip_integral_gap_rel' deprecated, please use 'mip_opt_gap_rel'.
WARNING:  Option 'mip_integral_gap_abs' deprecated, please use 'mip_opt_gap_abs'.
WARNING:  Option 'mip_integral_gap_rel' deprecated, please use 'mip_opt_gap_rel'.
WARNING:  Option 'mip_integral_gap_abs' deprecated, please use 'mip_opt_gap_abs'.
WARNING:  Option 'mip_integral_gap_rel' deprecated, please use 'mip_opt_gap_rel'.
WARNING:  Option 'mip_integral_gap_abs' deprecated, please use 'mip_opt_gap_abs'.
WARNING:  Option 'mip_integral_gap_rel' deprecated, please use 'mip_opt_gap_rel'.
WARNING:  Option 'mip_integral_gap_abs' deprecated, please use 'mip_opt_gap_abs'.
WARNING:  Option 'mip_integral_gap_rel' deprecated, please use 'mip_opt_gap_rel'.
WARNING:  Option 'mip_integral_gap_abs' deprecated, please use 'mip_opt_gap_abs'.
WARNING:  Option 'mip_integral_gap_rel' deprecated, please use 'mip_opt_gap_rel'.
WARNING:  Option 'mip_integral_gap_abs' deprecated, please use 'mip_opt_gap_abs'.
WARNING:  Option 'mip_integral_gap_rel' deprecated, please use 'mip_opt_gap_rel'.
WARNING:  Option 'mip_integral_gap_abs' deprecated, please use 'mip_opt_gap_abs'.
WARNING:  Option 'mip_integral_gap_rel' deprecated, please use 'mip_opt_gap_rel'.
WARNING:  Option 'mip_integral_gap_abs' deprecated, please use 'mip_opt_gap_abs'.
WARNING:  Option 'mip_integral_gap_rel' deprecated, please use 'mip_opt_gap_rel'.
WARNING:  Option 'mip_integral_gap_abs' deprecated, please use 'mip_opt_gap_abs'.
WARNING:  Option 'mip_integral_gap_rel' deprecated, please use 'mip_opt_gap_rel'.
WARNING:  Option 'mip_integral_gap_abs' deprecated, please use 'mip_opt_gap_abs'.
WARNING:  Option 'mip_integral_gap_rel' deprecated, please use 'mip_opt_gap_rel'.
WARNING:  Option 'mip_integral_gap_abs' deprecated, please use 'mip_opt_gap_abs'.
WARNING:  Option 'mip_integral_gap_rel' deprecated, please use 'mip_opt_gap_rel'.
WARNING:  Option 'mip_integral_gap_abs' deprecated, please use 'mip_opt_gap_abs'.
WARNING:  Option 'mip_integral_gap_rel' deprecated, please use 'mip_opt_gap_rel'.
WARNING:  Option 'mip_integral_gap_abs' deprecated, please use 'mip_opt_gap_abs'.
WARNING:  Option 'mip_integral_gap_rel' deprecated, please use 'mip_opt_gap_rel'.
WARNING:  Option 'mip_integral_gap_abs' deprecated, please use 'mip_opt_gap_abs'.
WARNING:  Option 'mip_integral_gap_rel' deprecated, please use 'mip_opt_gap_rel'.
WARNING:  Option 'mip_integral_gap_abs' deprecated, please use 'mip_opt_gap_abs'.
WARNING:  Option 'mip_integral_gap_rel' deprecated, please use 'mip_opt_gap_rel'.
WARNING:  Option 'mip_integral_gap_abs' deprecated, please use 'mip_opt_gap_abs'.
WARNING:  Option 'mip_integral_gap_rel' deprecated, please use 'mip_opt_gap_rel'.
WARNING:  Option 'mip_integral_gap_abs' deprecated, please use 'mip_opt_gap_abs'.
WARNING:  Option 'mip_integral_gap_rel' deprecated, please use 'mip_opt_gap_rel'.
WARNING:  Option 'mip_integral_gap_abs' deprecated, please use 'mip_opt_gap_abs'.
WARNING:  Option 'mip_integral_gap_rel' deprecated, please use 'mip_opt_gap_rel'.
WARNING:  Option 'mip_integral_gap_abs' deprecated, please use 'mip_opt_gap_abs'.
WARNING:  Option 'mip_integral_gap_rel' deprecated, please use 'mip_opt_gap_rel'.
WARNING:  Option 'mip_integral_gap_abs' deprecated, please use 'mip_opt_gap_abs'.
WARNING:  Option 'mip_integral_gap_rel' deprecated, please use 'mip_opt_gap_rel'.
WARNING:  Option 'mip_integral_gap_abs' deprecated, please use 'mip_opt_gap_abs'.
WARNING:  Option 'mip_integral_gap_rel' deprecated, please use 'mip_opt_gap_rel'.
WARNING:  Option 'mip_integral_gap_abs' deprecated, please use 'mip_opt_gap_abs'.
WARNING:  Option 'mip_integral_gap_rel' deprecated, please use 'mip_opt_gap_rel'.
WARNING:  Option 'mip_integral_gap_abs' deprecated, please use 'mip_opt_gap_abs'.
WARNING:  Option 'mip_integral_gap_rel' deprecated, please use 'mip_opt_gap_rel'.
WARNING:  Option 'mip_integral_gap_abs' deprecated, please use 'mip_opt_gap_abs'.
WARNING:  Option 'mip_integral_gap_rel' deprecated, please use 'mip_opt_gap_rel'.
WARNING:  Option 'mip_integral_gap_abs' deprecated, please use 'mip_opt_gap_abs'.
WARNING:  Option 'mip_integral_gap_rel' deprecated, please use 'mip_opt_gap_rel'.
WARNING:  Option 'mip_integral_gap_abs' deprecated, please use 'mip_opt_gap_abs'.
WARNING:  Option 'mip_integral_gap_rel' deprecated, please use 'mip_opt_gap_rel'.
WARNING:  Option 'mip_integral_gap_abs' deprecated, please use 'mip_opt_gap_abs'.
WARNING:  Option 'mip_integral_gap_rel' deprecated, please use 'mip_opt_gap_rel'.
WARNING:  Option 'mip_integral_gap_abs' deprecated, please use 'mip_opt_gap_abs'.
WARNING:  Option 'mip_integral_gap_rel' deprecated, please use 'mip_opt_gap_rel'.
WARNING:  Option 'mip_integral_gap_abs' deprecated, please use 'mip_opt_gap_abs'.
WARNING:  Option 'mip_integral_gap_rel' deprecated, please use 'mip_opt_gap_rel'.
WARNING:  Option 'mip_integral_gap_abs' deprecated, please use 'mip_opt_gap_abs'.
WARNING:  Option 'mip_integral_gap_rel' deprecated, please use 'mip_opt_gap_rel'.
WARNING:  Option 'mip_integral_gap_abs' deprecated, please use 'mip_opt_gap_abs'.
WARNING:  Option 'mip_integral_gap_rel' deprecated, please use 'mip_opt_gap_rel'.
WARNING:  Option 'mip_integral_gap_abs' deprecated, please use 'mip_opt_gap_abs'.
WARNING:  Option 'mip_integral_gap_rel' deprecated, please use 'mip_opt_gap_rel'.
WARNING:  Option 'mip_integral_gap_abs' deprecated, please use 'mip_opt_gap_abs'.
WARNING:  Option 'mip_integral_gap_rel' deprecated, please use 'mip_opt_gap_rel'.
WARNING:  Option 'mip_integral_gap_abs' deprecated, please use 'mip_opt_gap_abs'.
WARNING:  Option 'mip_integral_gap_rel' deprecated, please use 'mip_opt_gap_rel'.
WARNING:  Option 'mip_integral_gap_abs' deprecated, please use 'mip_opt_gap_abs'.
WARNING:  Option 'mip_integral_gap_rel' deprecated, please use 'mip_opt_gap_rel'.
WARNING:  Option 'mip_integral_gap_abs' deprecated, please use 'mip_opt_gap_abs'.
WARNING:  Option 'mip_integral_gap_rel' deprecated, please use 'mip_opt_gap_rel'.
WARNING:  Option 'mip_integral_gap_abs' deprecated, please use 'mip_opt_gap_abs'.
WARNING:  Option 'mip_integral_gap_rel' deprecated, please use 'mip_opt_gap_rel'.
WARNING:  Option 'mip_integral_gap_abs' deprecated, please use 'mip_opt_gap_abs'.
WARNING:  Option 'mip_integral_gap_rel' deprecated, please use 'mip_opt_gap_rel'.
WARNING:  Option 'mip_integral_gap_abs' deprecated, please use 'mip_opt_gap_abs'.
WARNING:  Option 'mip_integral_gap_rel' deprecated, please use 'mip_opt_gap_rel'.
WARNING:  Option 'mip_integral_gap_abs' deprecated, please use 'mip_opt_gap_abs'.
WARNING:  Option 'mip_integral_gap_rel' deprecated, please use 'mip_opt_gap_rel'.
WARNING:  Option 'mip_integral_gap_abs' deprecated, please use 'mip_opt_gap_abs'.
WARNING:  Option 'mip_integral_gap_rel' deprecated, please use 'mip_opt_gap_rel'.
WARNING:  Option 'mip_integral_gap_abs' deprecated, please use 'mip_opt_gap_abs'.
WARNING:  Option 'mip_integral_gap_rel' deprecated, please use 'mip_opt_gap_rel'.
WARNING:  Option 'mip_integral_gap_abs' deprecated, please use 'mip_opt_gap_abs'.
WARNING:  Option 'mip_integral_gap_rel' deprecated, please use 'mip_opt_gap_rel'.
WARNING:  Option 'mip_integral_gap_abs' deprecated, please use 'mip_opt_gap_abs'.
WARNING:  Option 'mip_integral_gap_rel' deprecated, please use 'mip_opt_gap_rel'.
WARNING:  Option 'mip_integral_gap_abs' deprecated, please use 'mip_opt_gap_abs'.
WARNING:  Option 'mip_integral_gap_rel' deprecated, please use 'mip_opt_gap_rel'.
WARNING:  Option 'mip_integral_gap_abs' deprecated, please use 'mip_opt_gap_abs'.
WARNING:  Option 'mip_integral_gap_rel' deprecated, please use 'mip_opt_gap_rel'.
WARNING:  Option 'mip_integral_gap_abs' deprecated, please use 'mip_opt_gap_abs'.
WARNING:  Option 'mip_integral_gap_rel' deprecated, please use 'mip_opt_gap_rel'.
WARNING:  Option 'mip_integral_gap_abs' deprecated, please use 'mip_opt_gap_abs'.
WARNING:  Option 'mip_integral_gap_rel' deprecated, please use 'mip_opt_gap_rel'.
WARNING:  Option 'mip_integral_gap_abs' deprecated, please use 'mip_opt_gap_abs'.
WARNING:  Option 'mip_integral_gap_rel' deprecated, please use 'mip_opt_gap_rel'.
WARNING:  Option 'mip_integral_gap_abs' deprecated, please use 'mip_opt_gap_abs'.
WARNING:  Option 'mip_integral_gap_rel' deprecated, please use 'mip_opt_gap_rel'.
WARNING:  Option 'mip_integral_gap_abs' deprecated, please use 'mip_opt_gap_abs'.
WARNING:  Option 'mip_integral_gap_rel' deprecated, please use 'mip_opt_gap_rel'.
WARNING:  Option 'mip_integral_gap_abs' deprecated, please use 'mip_opt_gap_abs'.
WARNING:  Option 'mip_integral_gap_rel' deprecated, please use 'mip_opt_gap_rel'.
WARNING:  Option 'mip_integral_gap_abs' deprecated, please use 'mip_opt_gap_abs'.
WARNING:  Option 'mip_integral_gap_rel' deprecated, please use 'mip_opt_gap_rel'.
WARNING:  Option 'mip_integral_gap_abs' deprecated, please use 'mip_opt_gap_abs'.
WARNING:  Option 'mip_integral_gap_rel' deprecated, please use 'mip_opt_gap_rel'.
WARNING:  Option 'mip_integral_gap_abs' deprecated, please use 'mip_opt_gap_abs'.
WARNING:  Option 'mip_integral_gap_rel' deprecated, please use 'mip_opt_gap_rel'.
WARNING:  Option 'mip_integral_gap_abs' deprecated, please use 'mip_opt_gap_abs'.
WARNING:  Option 'mip_integral_gap_rel' deprecated, please use 'mip_opt_gap_rel'.
WARNING:  Option 'mip_integral_gap_abs' deprecated, please use 'mip_opt_gap_abs'.
WARNING:  Option 'mip_integral_gap_rel' deprecated, please use 'mip_opt_gap_rel'.
WARNING:  Option 'mip_integral_gap_abs' deprecated, please use 'mip_opt_gap_abs'.
WARNING:  Option 'mip_integral_gap_rel' deprecated, please use 'mip_opt_gap_rel'.
WARNING:  Option 'mip_integral_gap_abs' deprecated, please use 'mip_opt_gap_abs'.
WARNING:  Option 'mip_integral_gap_rel' deprecated, please use 'mip_opt_gap_rel'.
WARNING:  Option 'mip_integral_gap_abs' deprecated, please use 'mip_opt_gap_abs'.
WARNING:  Option 'mip_integral_gap_rel' deprecated, please use 'mip_opt_gap_rel'.
WARNING:  Option 'mip_integral_gap_abs' deprecated, please use 'mip_opt_gap_abs'.
WARNING:  Option 'mip_integral_gap_rel' deprecated, please use 'mip_opt_gap_rel'.
WARNING:  Option 'mip_integral_gap_abs' deprecated, please use 'mip_opt_gap_abs'.
WARNING:  Option 'mip_integral_gap_rel' deprecated, please use 'mip_opt_gap_rel'.
WARNING:  Option 'mip_integral_gap_abs' deprecated, please use 'mip_opt_gap_abs'.
WARNING:  Option 'mip_integral_gap_rel' deprecated, please use 'mip_opt_gap_rel'.
WARNING:  Option 'mip_integral_gap_abs' deprecated, please use 'mip_opt_gap_abs'.
WARNING:  Option 'mip_integral_gap_rel' deprecated, please use 'mip_opt_gap_rel'.
WARNING:  Option 'mip_integral_gap_abs' deprecated, please use 'mip_opt_gap_abs'.
WARNING:  Option 'mip_integral_gap_rel' deprecated, please use 'mip_opt_gap_rel'.
WARNING:  Option 'mip_integral_gap_abs' deprecated, please use 'mip_opt_gap_abs'.
WARNING:  Option 'mip_integral_gap_rel' deprecated, please use 'mip_opt_gap_rel'.
WARNING:  Option 'mip_integral_gap_abs' deprecated, please use 'mip_opt_gap_abs'.
WARNING:  Option 'mip_integral_gap_rel' deprecated, please use 'mip_opt_gap_rel'.
WARNING:  Option 'mip_integral_gap_abs' deprecated, please use 'mip_opt_gap_abs'.
WARNING:  Option 'mip_integral_gap_rel' deprecated, please use 'mip_opt_gap_rel'.
WARNING:  Option 'mip_integral_gap_abs' deprecated, please use 'mip_opt_gap_abs'.
WARNING:  Option 'mip_integral_gap_rel' deprecated, please use 'mip_opt_gap_rel'.
WARNING:  Option 'mip_integral_gap_abs' deprecated, please use 'mip_opt_gap_abs'.
WARNING:  Option 'mip_integral_gap_rel' deprecated, please use 'mip_opt_gap_rel'.
WARNING:  Option 'mip_integral_gap_abs' deprecated, please use 'mip_opt_gap_abs'.
WARNING:  Option 'mip_integral_gap_rel' deprecated, please use 'mip_opt_gap_rel'.
WARNING:  Option 'mip_integral_gap_abs' deprecated, please use 'mip_opt_gap_abs'.
WARNING:  Option 'mip_integral_gap_rel' deprecated, please use 'mip_opt_gap_rel'.
WARNING:  Option 'mip_integral_gap_abs' deprecated, please use 'mip_opt_gap_abs'.
WARNING:  Option 'mip_integral_gap_rel' deprecated, please use 'mip_opt_gap_rel'.
WARNING:  Option 'mip_integral_gap_abs' deprecated, please use 'mip_opt_gap_abs'.
WARNING:  Option 'mip_integral_gap_rel' deprecated, please use 'mip_opt_gap_rel'.
WARNING:  Option 'mip_integral_gap_abs' deprecated, please use 'mip_opt_gap_abs'.
WARNING:  Option 'mip_integral_gap_rel' deprecated, please use 'mip_opt_gap_rel'.
WARNING:  Option 'mip_integral_gap_abs' deprecated, please use 'mip_opt_gap_abs'.
WARNING:  Option 'mip_integral_gap_rel' deprecated, please use 'mip_opt_gap_rel'.
WARNING:  Option 'mip_integral_gap_abs' deprecated, please use 'mip_opt_gap_abs'.
WARNING:  Option 'mip_integral_gap_rel' deprecated, please use 'mip_opt_gap_rel'.
WARNING:  Option 'mip_integral_gap_abs' deprecated, please use 'mip_opt_gap_abs'.
WARNING:  Option 'mip_integral_gap_rel' deprecated, please use 'mip_opt_gap_rel'.
    [θ-eval 150, gravity-feasible 17] seqR_mean=8.26e-04 ok=false seq_time=39.96s
WARNING:  Option 'mip_integral_gap_abs' deprecated, please use 'mip_opt_gap_abs'.
WARNING:  Option 'mip_integral_gap_rel' deprecated, please use 'mip_opt_gap_rel'.
WARNING:  Option 'mip_integral_gap_abs' deprecated, please use 'mip_opt_gap_abs'.
WARNING:  Option 'mip_integral_gap_rel' deprecated, please use 'mip_opt_gap_rel'.
WARNING:  Option 'mip_integral_gap_abs' deprecated, please use 'mip_opt_gap_abs'.
WARNING:  Option 'mip_integral_gap_rel' deprecated, please use 'mip_opt_gap_rel'.
WARNING:  Option 'mip_integral_gap_abs' deprecated, please use 'mip_opt_gap_abs'.
WARNING:  Option 'mip_integral_gap_rel' deprecated, please use 'mip_opt_gap_rel'.
WARNING:  Option 'mip_integral_gap_abs' deprecated, please use 'mip_opt_gap_abs'.
WARNING:  Option 'mip_integral_gap_rel' deprecated, please use 'mip_opt_gap_rel'.
WARNING:  Option 'mip_integral_gap_abs' deprecated, please use 'mip_opt_gap_abs'.
WARNING:  Option 'mip_integral_gap_rel' deprecated, please use 'mip_opt_gap_rel'.
WARNING:  Option 'mip_integral_gap_abs' deprecated, please use 'mip_opt_gap_abs'.
WARNING:  Option 'mip_integral_gap_rel' deprecated, please use 'mip_opt_gap_rel'.
WARNING:  Option 'mip_integral_gap_abs' deprecated, please use 'mip_opt_gap_abs'.
WARNING:  Option 'mip_integral_gap_rel' deprecated, please use 'mip_opt_gap_rel'.
WARNING:  Option 'mip_integral_gap_abs' deprecated, please use 'mip_opt_gap_abs'.
WARNING:  Option 'mip_integral_gap_rel' deprecated, please use 'mip_opt_gap_rel'.
WARNING:  Option 'mip_integral_gap_abs' deprecated, please use 'mip_opt_gap_abs'.
WARNING:  Option 'mip_integral_gap_rel' deprecated, please use 'mip_opt_gap_rel'.
WARNING:  Option 'mip_integral_gap_abs' deprecated, please use 'mip_opt_gap_abs'.
WARNING:  Option 'mip_integral_gap_rel' deprecated, please use 'mip_opt_gap_rel'.
WARNING:  Option 'mip_integral_gap_abs' deprecated, please use 'mip_opt_gap_abs'.
WARNING:  Option 'mip_integral_gap_rel' deprecated, please use 'mip_opt_gap_rel'.
WARNING:  Option 'mip_integral_gap_abs' deprecated, please use 'mip_opt_gap_abs'.
WARNING:  Option 'mip_integral_gap_rel' deprecated, please use 'mip_opt_gap_rel'.
WARNING:  Option 'mip_integral_gap_abs' deprecated, please use 'mip_opt_gap_abs'.
WARNING:  Option 'mip_integral_gap_rel' deprecated, please use 'mip_opt_gap_rel'.
WARNING:  Option 'mip_integral_gap_abs' deprecated, please use 'mip_opt_gap_abs'.
WARNING:  Option 'mip_integral_gap_rel' deprecated, please use 'mip_opt_gap_rel'.
WARNING:  Option 'mip_integral_gap_abs' deprecated, please use 'mip_opt_gap_abs'.
WARNING:  Option 'mip_integral_gap_rel' deprecated, please use 'mip_opt_gap_rel'.
WARNING:  Option 'mip_integral_gap_abs' deprecated, please use 'mip_opt_gap_abs'.
WARNING:  Option 'mip_integral_gap_rel' deprecated, please use 'mip_opt_gap_rel'.
WARNING:  Option 'mip_integral_gap_abs' deprecated, please use 'mip_opt_gap_abs'.
WARNING:  Option 'mip_integral_gap_rel' deprecated, please use 'mip_opt_gap_rel'.
WARNING:  Option 'mip_integral_gap_abs' deprecated, please use 'mip_opt_gap_abs'.
WARNING:  Option 'mip_integral_gap_rel' deprecated, please use 'mip_opt_gap_rel'.
WARNING:  Option 'mip_integral_gap_abs' deprecated, please use 'mip_opt_gap_abs'.
WARNING:  Option 'mip_integral_gap_rel' deprecated, please use 'mip_opt_gap_rel'.
WARNING:  Option 'mip_integral_gap_abs' deprecated, please use 'mip_opt_gap_abs'.
WARNING:  Option 'mip_integral_gap_rel' deprecated, please use 'mip_opt_gap_rel'.
WARNING:  Option 'mip_integral_gap_abs' deprecated, please use 'mip_opt_gap_abs'.
WARNING:  Option 'mip_integral_gap_rel' deprecated, please use 'mip_opt_gap_rel'.
WARNING:  Option 'mip_integral_gap_abs' deprecated, please use 'mip_opt_gap_abs'.
WARNING:  Option 'mip_integral_gap_rel' deprecated, please use 'mip_opt_gap_rel'.
WARNING:  Option 'mip_integral_gap_abs' deprecated, please use 'mip_opt_gap_abs'.
WARNING:  Option 'mip_integral_gap_rel' deprecated, please use 'mip_opt_gap_rel'.
WARNING:  Option 'mip_integral_gap_abs' deprecated, please use 'mip_opt_gap_abs'.
WARNING:  Option 'mip_integral_gap_rel' deprecated, please use 'mip_opt_gap_rel'.
WARNING:  Option 'mip_integral_gap_abs' deprecated, please use 'mip_opt_gap_abs'.
WARNING:  Option 'mip_integral_gap_rel' deprecated, please use 'mip_opt_gap_rel'.
WARNING:  Option 'mip_integral_gap_abs' deprecated, please use 'mip_opt_gap_abs'.
WARNING:  Option 'mip_integral_gap_rel' deprecated, please use 'mip_opt_gap_rel'.
WARNING:  Option 'mip_integral_gap_abs' deprecated, please use 'mip_opt_gap_abs'.
WARNING:  Option 'mip_integral_gap_rel' deprecated, please use 'mip_opt_gap_rel'.
WARNING:  Option 'mip_integral_gap_abs' deprecated, please use 'mip_opt_gap_abs'.
WARNING:  Option 'mip_integral_gap_rel' deprecated, please use 'mip_opt_gap_rel'.
WARNING:  Option 'mip_integral_gap_abs' deprecated, please use 'mip_opt_gap_abs'.
WARNING:  Option 'mip_integral_gap_rel' deprecated, please use 'mip_opt_gap_rel'.
WARNING:  Option 'mip_integral_gap_abs' deprecated, please use 'mip_opt_gap_abs'.
WARNING:  Option 'mip_integral_gap_rel' deprecated, please use 'mip_opt_gap_rel'.
WARNING:  Option 'mip_integral_gap_abs' deprecated, please use 'mip_opt_gap_abs'.
WARNING:  Option 'mip_integral_gap_rel' deprecated, please use 'mip_opt_gap_rel'.
WARNING:  Option 'mip_integral_gap_abs' deprecated, please use 'mip_opt_gap_abs'.
WARNING:  Option 'mip_integral_gap_rel' deprecated, please use 'mip_opt_gap_rel'.
WARNING:  Option 'mip_integral_gap_abs' deprecated, please use 'mip_opt_gap_abs'.
WARNING:  Option 'mip_integral_gap_rel' deprecated, please use 'mip_opt_gap_rel'.
WARNING:  Option 'mip_integral_gap_abs' deprecated, please use 'mip_opt_gap_abs'.
WARNING:  Option 'mip_integral_gap_rel' deprecated, please use 'mip_opt_gap_rel'.
WARNING:  Option 'mip_integral_gap_abs' deprecated, please use 'mip_opt_gap_abs'.
WARNING:  Option 'mip_integral_gap_rel' deprecated, please use 'mip_opt_gap_rel'.
WARNING:  Option 'mip_integral_gap_abs' deprecated, please use 'mip_opt_gap_abs'.
WARNING:  Option 'mip_integral_gap_rel' deprecated, please use 'mip_opt_gap_rel'.
WARNING:  Option 'mip_integral_gap_abs' deprecated, please use 'mip_opt_gap_abs'.
WARNING:  Option 'mip_integral_gap_rel' deprecated, please use 'mip_opt_gap_rel'.
WARNING:  Option 'mip_integral_gap_abs' deprecated, please use 'mip_opt_gap_abs'.
WARNING:  Option 'mip_integral_gap_rel' deprecated, please use 'mip_opt_gap_rel'.
WARNING:  Option 'mip_integral_gap_abs' deprecated, please use 'mip_opt_gap_abs'.
WARNING:  Option 'mip_integral_gap_rel' deprecated, please use 'mip_opt_gap_rel'.
WARNING:  Option 'mip_integral_gap_abs' deprecated, please use 'mip_opt_gap_abs'.
WARNING:  Option 'mip_integral_gap_rel' deprecated, please use 'mip_opt_gap_rel'.
WARNING:  Option 'mip_integral_gap_abs' deprecated, please use 'mip_opt_gap_abs'.
WARNING:  Option 'mip_integral_gap_rel' deprecated, please use 'mip_opt_gap_rel'.
WARNING:  Option 'mip_integral_gap_abs' deprecated, please use 'mip_opt_gap_abs'.
WARNING:  Option 'mip_integral_gap_rel' deprecated, please use 'mip_opt_gap_rel'.
WARNING:  Option 'mip_integral_gap_abs' deprecated, please use 'mip_opt_gap_abs'.
WARNING:  Option 'mip_integral_gap_rel' deprecated, please use 'mip_opt_gap_rel'.
WARNING:  Option 'mip_integral_gap_abs' deprecated, please use 'mip_opt_gap_abs'.
WARNING:  Option 'mip_integral_gap_rel' deprecated, please use 'mip_opt_gap_rel'.
WARNING:  Option 'mip_integral_gap_abs' deprecated, please use 'mip_opt_gap_abs'.
WARNING:  Option 'mip_integral_gap_rel' deprecated, please use 'mip_opt_gap_rel'.
WARNING:  Option 'mip_integral_gap_abs' deprecated, please use 'mip_opt_gap_abs'.
WARNING:  Option 'mip_integral_gap_rel' deprecated, please use 'mip_opt_gap_rel'.
WARNING:  Option 'mip_integral_gap_abs' deprecated, please use 'mip_opt_gap_abs'.
WARNING:  Option 'mip_integral_gap_rel' deprecated, please use 'mip_opt_gap_rel'.
WARNING:  Option 'mip_integral_gap_abs' deprecated, please use 'mip_opt_gap_abs'.
WARNING:  Option 'mip_integral_gap_rel' deprecated, please use 'mip_opt_gap_rel'.
WARNING:  Option 'mip_integral_gap_abs' deprecated, please use 'mip_opt_gap_abs'.
WARNING:  Option 'mip_integral_gap_rel' deprecated, please use 'mip_opt_gap_rel'.
WARNING:  Option 'mip_integral_gap_abs' deprecated, please use 'mip_opt_gap_abs'.
WARNING:  Option 'mip_integral_gap_rel' deprecated, please use 'mip_opt_gap_rel'.
WARNING:  Option 'mip_integral_gap_abs' deprecated, please use 'mip_opt_gap_abs'.
WARNING:  Option 'mip_integral_gap_rel' deprecated, please use 'mip_opt_gap_rel'.
WARNING:  Option 'mip_integral_gap_abs' deprecated, please use 'mip_opt_gap_abs'.
WARNING:  Option 'mip_integral_gap_rel' deprecated, please use 'mip_opt_gap_rel'.
WARNING:  Option 'mip_integral_gap_abs' deprecated, please use 'mip_opt_gap_abs'.
WARNING:  Option 'mip_integral_gap_rel' deprecated, please use 'mip_opt_gap_rel'.
WARNING:  Option 'mip_integral_gap_abs' deprecated, please use 'mip_opt_gap_abs'.
WARNING:  Option 'mip_integral_gap_rel' deprecated, please use 'mip_opt_gap_rel'.
WARNING:  Option 'mip_integral_gap_abs' deprecated, please use 'mip_opt_gap_abs'.
WARNING:  Option 'mip_integral_gap_rel' deprecated, please use 'mip_opt_gap_rel'.
WARNING:  Option 'mip_integral_gap_abs' deprecated, please use 'mip_opt_gap_abs'.
WARNING:  Option 'mip_integral_gap_rel' deprecated, please use 'mip_opt_gap_rel'.
WARNING:  Option 'mip_integral_gap_abs' deprecated, please use 'mip_opt_gap_abs'.
WARNING:  Option 'mip_integral_gap_rel' deprecated, please use 'mip_opt_gap_rel'.
WARNING:  Option 'mip_integral_gap_abs' deprecated, please use 'mip_opt_gap_abs'.
WARNING:  Option 'mip_integral_gap_rel' deprecated, please use 'mip_opt_gap_rel'.
WARNING:  Option 'mip_integral_gap_abs' deprecated, please use 'mip_opt_gap_abs'.
WARNING:  Option 'mip_integral_gap_rel' deprecated, please use 'mip_opt_gap_rel'.
WARNING:  Option 'mip_integral_gap_abs' deprecated, please use 'mip_opt_gap_abs'.
WARNING:  Option 'mip_integral_gap_rel' deprecated, please use 'mip_opt_gap_rel'.
WARNING:  Option 'mip_integral_gap_abs' deprecated, please use 'mip_opt_gap_abs'.
WARNING:  Option 'mip_integral_gap_rel' deprecated, please use 'mip_opt_gap_rel'.
WARNING:  Option 'mip_integral_gap_abs' deprecated, please use 'mip_opt_gap_abs'.
WARNING:  Option 'mip_integral_gap_rel' deprecated, please use 'mip_opt_gap_rel'.
WARNING:  Option 'mip_integral_gap_abs' deprecated, please use 'mip_opt_gap_abs'.
WARNING:  Option 'mip_integral_gap_rel' deprecated, please use 'mip_opt_gap_rel'.
WARNING:  Option 'mip_integral_gap_abs' deprecated, please use 'mip_opt_gap_abs'.
WARNING:  Option 'mip_integral_gap_rel' deprecated, please use 'mip_opt_gap_rel'.
WARNING:  Option 'mip_integral_gap_abs' deprecated, please use 'mip_opt_gap_abs'.
WARNING:  Option 'mip_integral_gap_rel' deprecated, please use 'mip_opt_gap_rel'.
WARNING:  Option 'mip_integral_gap_abs' deprecated, please use 'mip_opt_gap_abs'.
WARNING:  Option 'mip_integral_gap_rel' deprecated, please use 'mip_opt_gap_rel'.
WARNING:  Option 'mip_integral_gap_abs' deprecated, please use 'mip_opt_gap_abs'.
WARNING:  Option 'mip_integral_gap_rel' deprecated, please use 'mip_opt_gap_rel'.
WARNING:  Option 'mip_integral_gap_abs' deprecated, please use 'mip_opt_gap_abs'.
WARNING:  Option 'mip_integral_gap_rel' deprecated, please use 'mip_opt_gap_rel'.
WARNING:  Option 'mip_integral_gap_abs' deprecated, please use 'mip_opt_gap_abs'.
WARNING:  Option 'mip_integral_gap_rel' deprecated, please use 'mip_opt_gap_rel'.
WARNING:  Option 'mip_integral_gap_abs' deprecated, please use 'mip_opt_gap_abs'.
WARNING:  Option 'mip_integral_gap_rel' deprecated, please use 'mip_opt_gap_rel'.
WARNING:  Option 'mip_integral_gap_abs' deprecated, please use 'mip_opt_gap_abs'.
WARNING:  Option 'mip_integral_gap_rel' deprecated, please use 'mip_opt_gap_rel'.
WARNING:  Option 'mip_integral_gap_abs' deprecated, please use 'mip_opt_gap_abs'.
WARNING:  Option 'mip_integral_gap_rel' deprecated, please use 'mip_opt_gap_rel'.
WARNING:  Option 'mip_integral_gap_abs' deprecated, please use 'mip_opt_gap_abs'.
WARNING:  Option 'mip_integral_gap_rel' deprecated, please use 'mip_opt_gap_rel'.
WARNING:  Option 'mip_integral_gap_abs' deprecated, please use 'mip_opt_gap_abs'.
WARNING:  Option 'mip_integral_gap_rel' deprecated, please use 'mip_opt_gap_rel'.
WARNING:  Option 'mip_integral_gap_abs' deprecated, please use 'mip_opt_gap_abs'.
WARNING:  Option 'mip_integral_gap_rel' deprecated, please use 'mip_opt_gap_rel'.
WARNING:  Option 'mip_integral_gap_abs' deprecated, please use 'mip_opt_gap_abs'.
WARNING:  Option 'mip_integral_gap_rel' deprecated, please use 'mip_opt_gap_rel'.
WARNING:  Option 'mip_integral_gap_abs' deprecated, please use 'mip_opt_gap_abs'.
WARNING:  Option 'mip_integral_gap_rel' deprecated, please use 'mip_opt_gap_rel'.
WARNING:  Option 'mip_integral_gap_abs' deprecated, please use 'mip_opt_gap_abs'.
WARNING:  Option 'mip_integral_gap_rel' deprecated, please use 'mip_opt_gap_rel'.
WARNING:  Option 'mip_integral_gap_abs' deprecated, please use 'mip_opt_gap_abs'.
WARNING:  Option 'mip_integral_gap_rel' deprecated, please use 'mip_opt_gap_rel'.
WARNING:  Option 'mip_integral_gap_abs' deprecated, please use 'mip_opt_gap_abs'.
WARNING:  Option 'mip_integral_gap_rel' deprecated, please use 'mip_opt_gap_rel'.
WARNING:  Option 'mip_integral_gap_abs' deprecated, please use 'mip_opt_gap_abs'.
WARNING:  Option 'mip_integral_gap_rel' deprecated, please use 'mip_opt_gap_rel'.
WARNING:  Option 'mip_integral_gap_abs' deprecated, please use 'mip_opt_gap_abs'.
WARNING:  Option 'mip_integral_gap_rel' deprecated, please use 'mip_opt_gap_rel'.
WARNING:  Option 'mip_integral_gap_abs' deprecated, please use 'mip_opt_gap_abs'.
WARNING:  Option 'mip_integral_gap_rel' deprecated, please use 'mip_opt_gap_rel'.
    [θ-eval 160, gravity-feasible 17] seqR_mean=3.11e-04 ok=false seq_time=5.02s
WARNING:  Option 'mip_integral_gap_abs' deprecated, please use 'mip_opt_gap_abs'.
WARNING:  Option 'mip_integral_gap_rel' deprecated, please use 'mip_opt_gap_rel'.
WARNING:  Option 'mip_integral_gap_abs' deprecated, please use 'mip_opt_gap_abs'.
WARNING:  Option 'mip_integral_gap_rel' deprecated, please use 'mip_opt_gap_rel'.
WARNING:  Option 'mip_integral_gap_abs' deprecated, please use 'mip_opt_gap_abs'.
WARNING:  Option 'mip_integral_gap_rel' deprecated, please use 'mip_opt_gap_rel'.
WARNING:  Option 'mip_integral_gap_abs' deprecated, please use 'mip_opt_gap_abs'.
WARNING:  Option 'mip_integral_gap_rel' deprecated, please use 'mip_opt_gap_rel'.
WARNING:  Option 'mip_integral_gap_abs' deprecated, please use 'mip_opt_gap_abs'.
WARNING:  Option 'mip_integral_gap_rel' deprecated, please use 'mip_opt_gap_rel'.
WARNING:  Option 'mip_integral_gap_abs' deprecated, please use 'mip_opt_gap_abs'.
WARNING:  Option 'mip_integral_gap_rel' deprecated, please use 'mip_opt_gap_rel'.
WARNING:  Option 'mip_integral_gap_abs' deprecated, please use 'mip_opt_gap_abs'.
WARNING:  Option 'mip_integral_gap_rel' deprecated, please use 'mip_opt_gap_rel'.
WARNING:  Option 'mip_integral_gap_abs' deprecated, please use 'mip_opt_gap_abs'.
WARNING:  Option 'mip_integral_gap_rel' deprecated, please use 'mip_opt_gap_rel'.
WARNING:  Option 'mip_integral_gap_abs' deprecated, please use 'mip_opt_gap_abs'.
WARNING:  Option 'mip_integral_gap_rel' deprecated, please use 'mip_opt_gap_rel'.
WARNING:  Option 'mip_integral_gap_abs' deprecated, please use 'mip_opt_gap_abs'.
WARNING:  Option 'mip_integral_gap_rel' deprecated, please use 'mip_opt_gap_rel'.
WARNING:  Option 'mip_integral_gap_abs' deprecated, please use 'mip_opt_gap_abs'.
WARNING:  Option 'mip_integral_gap_rel' deprecated, please use 'mip_opt_gap_rel'.
WARNING:  Option 'mip_integral_gap_abs' deprecated, please use 'mip_opt_gap_abs'.
WARNING:  Option 'mip_integral_gap_rel' deprecated, please use 'mip_opt_gap_rel'.
WARNING:  Option 'mip_integral_gap_abs' deprecated, please use 'mip_opt_gap_abs'.
WARNING:  Option 'mip_integral_gap_rel' deprecated, please use 'mip_opt_gap_rel'.
WARNING:  Option 'mip_integral_gap_abs' deprecated, please use 'mip_opt_gap_abs'.
WARNING:  Option 'mip_integral_gap_rel' deprecated, please use 'mip_opt_gap_rel'.
WARNING:  Option 'mip_integral_gap_abs' deprecated, please use 'mip_opt_gap_abs'.
WARNING:  Option 'mip_integral_gap_rel' deprecated, please use 'mip_opt_gap_rel'.
WARNING:  Option 'mip_integral_gap_abs' deprecated, please use 'mip_opt_gap_abs'.
WARNING:  Option 'mip_integral_gap_rel' deprecated, please use 'mip_opt_gap_rel'.
WARNING:  Option 'mip_integral_gap_abs' deprecated, please use 'mip_opt_gap_abs'.
WARNING:  Option 'mip_integral_gap_rel' deprecated, please use 'mip_opt_gap_rel'.
WARNING:  Option 'mip_integral_gap_abs' deprecated, please use 'mip_opt_gap_abs'.
WARNING:  Option 'mip_integral_gap_rel' deprecated, please use 'mip_opt_gap_rel'.
WARNING:  Option 'mip_integral_gap_abs' deprecated, please use 'mip_opt_gap_abs'.
WARNING:  Option 'mip_integral_gap_rel' deprecated, please use 'mip_opt_gap_rel'.
WARNING:  Option 'mip_integral_gap_abs' deprecated, please use 'mip_opt_gap_abs'.
WARNING:  Option 'mip_integral_gap_rel' deprecated, please use 'mip_opt_gap_rel'.
WARNING:  Option 'mip_integral_gap_abs' deprecated, please use 'mip_opt_gap_abs'.
WARNING:  Option 'mip_integral_gap_rel' deprecated, please use 'mip_opt_gap_rel'.
WARNING:  Option 'mip_integral_gap_abs' deprecated, please use 'mip_opt_gap_abs'.
WARNING:  Option 'mip_integral_gap_rel' deprecated, please use 'mip_opt_gap_rel'.
WARNING:  Option 'mip_integral_gap_abs' deprecated, please use 'mip_opt_gap_abs'.
WARNING:  Option 'mip_integral_gap_rel' deprecated, please use 'mip_opt_gap_rel'.
WARNING:  Option 'mip_integral_gap_abs' deprecated, please use 'mip_opt_gap_abs'.
WARNING:  Option 'mip_integral_gap_rel' deprecated, please use 'mip_opt_gap_rel'.
WARNING:  Option 'mip_integral_gap_abs' deprecated, please use 'mip_opt_gap_abs'.
WARNING:  Option 'mip_integral_gap_rel' deprecated, please use 'mip_opt_gap_rel'.
WARNING:  Option 'mip_integral_gap_abs' deprecated, please use 'mip_opt_gap_abs'.
WARNING:  Option 'mip_integral_gap_rel' deprecated, please use 'mip_opt_gap_rel'.
WARNING:  Option 'mip_integral_gap_abs' deprecated, please use 'mip_opt_gap_abs'.
WARNING:  Option 'mip_integral_gap_rel' deprecated, please use 'mip_opt_gap_rel'.
WARNING:  Option 'mip_integral_gap_abs' deprecated, please use 'mip_opt_gap_abs'.
WARNING:  Option 'mip_integral_gap_rel' deprecated, please use 'mip_opt_gap_rel'.
WARNING:  Option 'mip_integral_gap_abs' deprecated, please use 'mip_opt_gap_abs'.
WARNING:  Option 'mip_integral_gap_rel' deprecated, please use 'mip_opt_gap_rel'.
WARNING:  Option 'mip_integral_gap_abs' deprecated, please use 'mip_opt_gap_abs'.
WARNING:  Option 'mip_integral_gap_rel' deprecated, please use 'mip_opt_gap_rel'.
WARNING:  Option 'mip_integral_gap_abs' deprecated, please use 'mip_opt_gap_abs'.
WARNING:  Option 'mip_integral_gap_rel' deprecated, please use 'mip_opt_gap_rel'.
WARNING:  Option 'mip_integral_gap_abs' deprecated, please use 'mip_opt_gap_abs'.
WARNING:  Option 'mip_integral_gap_rel' deprecated, please use 'mip_opt_gap_rel'.
WARNING:  Option 'mip_integral_gap_abs' deprecated, please use 'mip_opt_gap_abs'.
WARNING:  Option 'mip_integral_gap_rel' deprecated, please use 'mip_opt_gap_rel'.
WARNING:  Option 'mip_integral_gap_abs' deprecated, please use 'mip_opt_gap_abs'.
WARNING:  Option 'mip_integral_gap_rel' deprecated, please use 'mip_opt_gap_rel'.
WARNING:  Option 'mip_integral_gap_abs' deprecated, please use 'mip_opt_gap_abs'.
WARNING:  Option 'mip_integral_gap_rel' deprecated, please use 'mip_opt_gap_rel'.
WARNING:  Option 'mip_integral_gap_abs' deprecated, please use 'mip_opt_gap_abs'.
WARNING:  Option 'mip_integral_gap_rel' deprecated, please use 'mip_opt_gap_rel'.
WARNING:  Option 'mip_integral_gap_abs' deprecated, please use 'mip_opt_gap_abs'.
WARNING:  Option 'mip_integral_gap_rel' deprecated, please use 'mip_opt_gap_rel'.
WARNING:  Option 'mip_integral_gap_abs' deprecated, please use 'mip_opt_gap_abs'.
WARNING:  Option 'mip_integral_gap_rel' deprecated, please use 'mip_opt_gap_rel'.
WARNING:  Option 'mip_integral_gap_abs' deprecated, please use 'mip_opt_gap_abs'.
WARNING:  Option 'mip_integral_gap_rel' deprecated, please use 'mip_opt_gap_rel'.
WARNING:  Option 'mip_integral_gap_abs' deprecated, please use 'mip_opt_gap_abs'.
WARNING:  Option 'mip_integral_gap_rel' deprecated, please use 'mip_opt_gap_rel'.
WARNING:  Option 'mip_integral_gap_abs' deprecated, please use 'mip_opt_gap_abs'.
WARNING:  Option 'mip_integral_gap_rel' deprecated, please use 'mip_opt_gap_rel'.
WARNING:  Option 'mip_integral_gap_abs' deprecated, please use 'mip_opt_gap_abs'.
WARNING:  Option 'mip_integral_gap_rel' deprecated, please use 'mip_opt_gap_rel'.
WARNING:  Option 'mip_integral_gap_abs' deprecated, please use 'mip_opt_gap_abs'.
WARNING:  Option 'mip_integral_gap_rel' deprecated, please use 'mip_opt_gap_rel'.
WARNING:  Option 'mip_integral_gap_abs' deprecated, please use 'mip_opt_gap_abs'.
WARNING:  Option 'mip_integral_gap_rel' deprecated, please use 'mip_opt_gap_rel'.
WARNING:  Option 'mip_integral_gap_abs' deprecated, please use 'mip_opt_gap_abs'.
WARNING:  Option 'mip_integral_gap_rel' deprecated, please use 'mip_opt_gap_rel'.
WARNING:  Option 'mip_integral_gap_abs' deprecated, please use 'mip_opt_gap_abs'.
WARNING:  Option 'mip_integral_gap_rel' deprecated, please use 'mip_opt_gap_rel'.
WARNING:  Option 'mip_integral_gap_abs' deprecated, please use 'mip_opt_gap_abs'.
WARNING:  Option 'mip_integral_gap_rel' deprecated, please use 'mip_opt_gap_rel'.
WARNING:  Option 'mip_integral_gap_abs' deprecated, please use 'mip_opt_gap_abs'.
WARNING:  Option 'mip_integral_gap_rel' deprecated, please use 'mip_opt_gap_rel'.
WARNING:  Option 'mip_integral_gap_abs' deprecated, please use 'mip_opt_gap_abs'.
WARNING:  Option 'mip_integral_gap_rel' deprecated, please use 'mip_opt_gap_rel'.
WARNING:  Option 'mip_integral_gap_abs' deprecated, please use 'mip_opt_gap_abs'.
WARNING:  Option 'mip_integral_gap_rel' deprecated, please use 'mip_opt_gap_rel'.
WARNING:  Option 'mip_integral_gap_abs' deprecated, please use 'mip_opt_gap_abs'.
WARNING:  Option 'mip_integral_gap_rel' deprecated, please use 'mip_opt_gap_rel'.
WARNING:  Option 'mip_integral_gap_abs' deprecated, please use 'mip_opt_gap_abs'.
WARNING:  Option 'mip_integral_gap_rel' deprecated, please use 'mip_opt_gap_rel'.
WARNING:  Option 'mip_integral_gap_abs' deprecated, please use 'mip_opt_gap_abs'.
WARNING:  Option 'mip_integral_gap_rel' deprecated, please use 'mip_opt_gap_rel'.
WARNING:  Option 'mip_integral_gap_abs' deprecated, please use 'mip_opt_gap_abs'.
WARNING:  Option 'mip_integral_gap_rel' deprecated, please use 'mip_opt_gap_rel'.
WARNING:  Option 'mip_integral_gap_abs' deprecated, please use 'mip_opt_gap_abs'.
WARNING:  Option 'mip_integral_gap_rel' deprecated, please use 'mip_opt_gap_rel'.
WARNING:  Option 'mip_integral_gap_abs' deprecated, please use 'mip_opt_gap_abs'.
WARNING:  Option 'mip_integral_gap_rel' deprecated, please use 'mip_opt_gap_rel'.
WARNING:  Option 'mip_integral_gap_abs' deprecated, please use 'mip_opt_gap_abs'.
WARNING:  Option 'mip_integral_gap_rel' deprecated, please use 'mip_opt_gap_rel'.
WARNING:  Option 'mip_integral_gap_abs' deprecated, please use 'mip_opt_gap_abs'.
WARNING:  Option 'mip_integral_gap_rel' deprecated, please use 'mip_opt_gap_rel'.
WARNING:  Option 'mip_integral_gap_abs' deprecated, please use 'mip_opt_gap_abs'.
WARNING:  Option 'mip_integral_gap_rel' deprecated, please use 'mip_opt_gap_rel'.
WARNING:  Option 'mip_integral_gap_abs' deprecated, please use 'mip_opt_gap_abs'.
WARNING:  Option 'mip_integral_gap_rel' deprecated, please use 'mip_opt_gap_rel'.
WARNING:  Option 'mip_integral_gap_abs' deprecated, please use 'mip_opt_gap_abs'.
WARNING:  Option 'mip_integral_gap_rel' deprecated, please use 'mip_opt_gap_rel'.
WARNING:  Option 'mip_integral_gap_abs' deprecated, please use 'mip_opt_gap_abs'.
WARNING:  Option 'mip_integral_gap_rel' deprecated, please use 'mip_opt_gap_rel'.
WARNING:  Option 'mip_integral_gap_abs' deprecated, please use 'mip_opt_gap_abs'.
WARNING:  Option 'mip_integral_gap_rel' deprecated, please use 'mip_opt_gap_rel'.
WARNING:  Option 'mip_integral_gap_abs' deprecated, please use 'mip_opt_gap_abs'.
WARNING:  Option 'mip_integral_gap_rel' deprecated, please use 'mip_opt_gap_rel'.
WARNING:  Option 'mip_integral_gap_abs' deprecated, please use 'mip_opt_gap_abs'.
WARNING:  Option 'mip_integral_gap_rel' deprecated, please use 'mip_opt_gap_rel'.
WARNING:  Option 'mip_integral_gap_abs' deprecated, please use 'mip_opt_gap_abs'.
WARNING:  Option 'mip_integral_gap_rel' deprecated, please use 'mip_opt_gap_rel'.
WARNING:  Option 'mip_integral_gap_abs' deprecated, please use 'mip_opt_gap_abs'.
WARNING:  Option 'mip_integral_gap_rel' deprecated, please use 'mip_opt_gap_rel'.
WARNING:  Option 'mip_integral_gap_abs' deprecated, please use 'mip_opt_gap_abs'.
WARNING:  Option 'mip_integral_gap_rel' deprecated, please use 'mip_opt_gap_rel'.
WARNING:  Option 'mip_integral_gap_abs' deprecated, please use 'mip_opt_gap_abs'.
WARNING:  Option 'mip_integral_gap_rel' deprecated, please use 'mip_opt_gap_rel'.
WARNING:  Option 'mip_integral_gap_abs' deprecated, please use 'mip_opt_gap_abs'.
WARNING:  Option 'mip_integral_gap_rel' deprecated, please use 'mip_opt_gap_rel'.
WARNING:  Option 'mip_integral_gap_abs' deprecated, please use 'mip_opt_gap_abs'.
WARNING:  Option 'mip_integral_gap_rel' deprecated, please use 'mip_opt_gap_rel'.
WARNING:  Option 'mip_integral_gap_abs' deprecated, please use 'mip_opt_gap_abs'.
WARNING:  Option 'mip_integral_gap_rel' deprecated, please use 'mip_opt_gap_rel'.
WARNING:  Option 'mip_integral_gap_abs' deprecated, please use 'mip_opt_gap_abs'.
WARNING:  Option 'mip_integral_gap_rel' deprecated, please use 'mip_opt_gap_rel'.
WARNING:  Option 'mip_integral_gap_abs' deprecated, please use 'mip_opt_gap_abs'.
WARNING:  Option 'mip_integral_gap_rel' deprecated, please use 'mip_opt_gap_rel'.
    [θ-eval 170, gravity-feasible 17] seqR_mean=4.55e-04 ok=false seq_time=9.38s
WARNING:  Option 'mip_integral_gap_abs' deprecated, please use 'mip_opt_gap_abs'.
WARNING:  Option 'mip_integral_gap_rel' deprecated, please use 'mip_opt_gap_rel'.
WARNING:  Option 'mip_integral_gap_abs' deprecated, please use 'mip_opt_gap_abs'.
WARNING:  Option 'mip_integral_gap_rel' deprecated, please use 'mip_opt_gap_rel'.
WARNING:  Option 'mip_integral_gap_abs' deprecated, please use 'mip_opt_gap_abs'.
WARNING:  Option 'mip_integral_gap_rel' deprecated, please use 'mip_opt_gap_rel'.
WARNING:  Option 'mip_integral_gap_abs' deprecated, please use 'mip_opt_gap_abs'.
WARNING:  Option 'mip_integral_gap_rel' deprecated, please use 'mip_opt_gap_rel'.
WARNING:  Option 'mip_integral_gap_abs' deprecated, please use 'mip_opt_gap_abs'.
WARNING:  Option 'mip_integral_gap_rel' deprecated, please use 'mip_opt_gap_rel'.
WARNING:  Option 'mip_integral_gap_abs' deprecated, please use 'mip_opt_gap_abs'.
WARNING:  Option 'mip_integral_gap_rel' deprecated, please use 'mip_opt_gap_rel'.
WARNING:  Option 'mip_integral_gap_abs' deprecated, please use 'mip_opt_gap_abs'.
WARNING:  Option 'mip_integral_gap_rel' deprecated, please use 'mip_opt_gap_rel'.
WARNING:  Option 'mip_integral_gap_abs' deprecated, please use 'mip_opt_gap_abs'.
WARNING:  Option 'mip_integral_gap_rel' deprecated, please use 'mip_opt_gap_rel'.
WARNING:  Option 'mip_integral_gap_abs' deprecated, please use 'mip_opt_gap_abs'.
WARNING:  Option 'mip_integral_gap_rel' deprecated, please use 'mip_opt_gap_rel'.
WARNING:  Option 'mip_integral_gap_abs' deprecated, please use 'mip_opt_gap_abs'.
WARNING:  Option 'mip_integral_gap_rel' deprecated, please use 'mip_opt_gap_rel'.
WARNING:  Option 'mip_integral_gap_abs' deprecated, please use 'mip_opt_gap_abs'.
WARNING:  Option 'mip_integral_gap_rel' deprecated, please use 'mip_opt_gap_rel'.
WARNING:  Option 'mip_integral_gap_abs' deprecated, please use 'mip_opt_gap_abs'.
WARNING:  Option 'mip_integral_gap_rel' deprecated, please use 'mip_opt_gap_rel'.
WARNING:  Option 'mip_integral_gap_abs' deprecated, please use 'mip_opt_gap_abs'.
WARNING:  Option 'mip_integral_gap_rel' deprecated, please use 'mip_opt_gap_rel'.
WARNING:  Option 'mip_integral_gap_abs' deprecated, please use 'mip_opt_gap_abs'.
WARNING:  Option 'mip_integral_gap_rel' deprecated, please use 'mip_opt_gap_rel'.
WARNING:  Option 'mip_integral_gap_abs' deprecated, please use 'mip_opt_gap_abs'.
WARNING:  Option 'mip_integral_gap_rel' deprecated, please use 'mip_opt_gap_rel'.
WARNING:  Option 'mip_integral_gap_abs' deprecated, please use 'mip_opt_gap_abs'.
WARNING:  Option 'mip_integral_gap_rel' deprecated, please use 'mip_opt_gap_rel'.
WARNING:  Option 'mip_integral_gap_abs' deprecated, please use 'mip_opt_gap_abs'.
WARNING:  Option 'mip_integral_gap_rel' deprecated, please use 'mip_opt_gap_rel'.
WARNING:  Option 'mip_integral_gap_abs' deprecated, please use 'mip_opt_gap_abs'.
WARNING:  Option 'mip_integral_gap_rel' deprecated, please use 'mip_opt_gap_rel'.
WARNING:  Option 'mip_integral_gap_abs' deprecated, please use 'mip_opt_gap_abs'.
WARNING:  Option 'mip_integral_gap_rel' deprecated, please use 'mip_opt_gap_rel'.
WARNING:  Option 'mip_integral_gap_abs' deprecated, please use 'mip_opt_gap_abs'.
WARNING:  Option 'mip_integral_gap_rel' deprecated, please use 'mip_opt_gap_rel'.
WARNING:  Option 'mip_integral_gap_abs' deprecated, please use 'mip_opt_gap_abs'.
WARNING:  Option 'mip_integral_gap_rel' deprecated, please use 'mip_opt_gap_rel'.
WARNING:  Option 'mip_integral_gap_abs' deprecated, please use 'mip_opt_gap_abs'.
WARNING:  Option 'mip_integral_gap_rel' deprecated, please use 'mip_opt_gap_rel'.
WARNING:  Option 'mip_integral_gap_abs' deprecated, please use 'mip_opt_gap_abs'.
WARNING:  Option 'mip_integral_gap_rel' deprecated, please use 'mip_opt_gap_rel'.
WARNING:  Option 'mip_integral_gap_abs' deprecated, please use 'mip_opt_gap_abs'.
WARNING:  Option 'mip_integral_gap_rel' deprecated, please use 'mip_opt_gap_rel'.
WARNING:  Option 'mip_integral_gap_abs' deprecated, please use 'mip_opt_gap_abs'.
WARNING:  Option 'mip_integral_gap_rel' deprecated, please use 'mip_opt_gap_rel'.
WARNING:  Option 'mip_integral_gap_abs' deprecated, please use 'mip_opt_gap_abs'.
WARNING:  Option 'mip_integral_gap_rel' deprecated, please use 'mip_opt_gap_rel'.
WARNING:  Option 'mip_integral_gap_abs' deprecated, please use 'mip_opt_gap_abs'.
WARNING:  Option 'mip_integral_gap_rel' deprecated, please use 'mip_opt_gap_rel'.
WARNING:  Option 'mip_integral_gap_abs' deprecated, please use 'mip_opt_gap_abs'.
WARNING:  Option 'mip_integral_gap_rel' deprecated, please use 'mip_opt_gap_rel'.
WARNING:  Option 'mip_integral_gap_abs' deprecated, please use 'mip_opt_gap_abs'.
WARNING:  Option 'mip_integral_gap_rel' deprecated, please use 'mip_opt_gap_rel'.
WARNING:  Option 'mip_integral_gap_abs' deprecated, please use 'mip_opt_gap_abs'.
WARNING:  Option 'mip_integral_gap_rel' deprecated, please use 'mip_opt_gap_rel'.
WARNING:  Option 'mip_integral_gap_abs' deprecated, please use 'mip_opt_gap_abs'.
WARNING:  Option 'mip_integral_gap_rel' deprecated, please use 'mip_opt_gap_rel'.
WARNING:  Option 'mip_integral_gap_abs' deprecated, please use 'mip_opt_gap_abs'.
WARNING:  Option 'mip_integral_gap_rel' deprecated, please use 'mip_opt_gap_rel'.
WARNING:  Option 'mip_integral_gap_abs' deprecated, please use 'mip_opt_gap_abs'.
WARNING:  Option 'mip_integral_gap_rel' deprecated, please use 'mip_opt_gap_rel'.
WARNING:  Option 'mip_integral_gap_abs' deprecated, please use 'mip_opt_gap_abs'.
WARNING:  Option 'mip_integral_gap_rel' deprecated, please use 'mip_opt_gap_rel'.
WARNING:  Option 'mip_integral_gap_abs' deprecated, please use 'mip_opt_gap_abs'.
WARNING:  Option 'mip_integral_gap_rel' deprecated, please use 'mip_opt_gap_rel'.
WARNING:  Option 'mip_integral_gap_abs' deprecated, please use 'mip_opt_gap_abs'.
WARNING:  Option 'mip_integral_gap_rel' deprecated, please use 'mip_opt_gap_rel'.
WARNING:  Option 'mip_integral_gap_abs' deprecated, please use 'mip_opt_gap_abs'.
WARNING:  Option 'mip_integral_gap_rel' deprecated, please use 'mip_opt_gap_rel'.
WARNING:  Option 'mip_integral_gap_abs' deprecated, please use 'mip_opt_gap_abs'.
WARNING:  Option 'mip_integral_gap_rel' deprecated, please use 'mip_opt_gap_rel'.
WARNING:  Option 'mip_integral_gap_abs' deprecated, please use 'mip_opt_gap_abs'.
WARNING:  Option 'mip_integral_gap_rel' deprecated, please use 'mip_opt_gap_rel'.
WARNING:  Option 'mip_integral_gap_abs' deprecated, please use 'mip_opt_gap_abs'.
WARNING:  Option 'mip_integral_gap_rel' deprecated, please use 'mip_opt_gap_rel'.
WARNING:  Option 'mip_integral_gap_abs' deprecated, please use 'mip_opt_gap_abs'.
WARNING:  Option 'mip_integral_gap_rel' deprecated, please use 'mip_opt_gap_rel'.
WARNING:  Option 'mip_integral_gap_abs' deprecated, please use 'mip_opt_gap_abs'.
WARNING:  Option 'mip_integral_gap_rel' deprecated, please use 'mip_opt_gap_rel'.
WARNING:  Option 'mip_integral_gap_abs' deprecated, please use 'mip_opt_gap_abs'.
WARNING:  Option 'mip_integral_gap_rel' deprecated, please use 'mip_opt_gap_rel'.
WARNING:  Option 'mip_integral_gap_abs' deprecated, please use 'mip_opt_gap_abs'.
WARNING:  Option 'mip_integral_gap_rel' deprecated, please use 'mip_opt_gap_rel'.
WARNING:  Option 'mip_integral_gap_abs' deprecated, please use 'mip_opt_gap_abs'.
WARNING:  Option 'mip_integral_gap_rel' deprecated, please use 'mip_opt_gap_rel'.
WARNING:  Option 'mip_integral_gap_abs' deprecated, please use 'mip_opt_gap_abs'.
WARNING:  Option 'mip_integral_gap_rel' deprecated, please use 'mip_opt_gap_rel'.
WARNING:  Option 'mip_integral_gap_abs' deprecated, please use 'mip_opt_gap_abs'.
WARNING:  Option 'mip_integral_gap_rel' deprecated, please use 'mip_opt_gap_rel'.
WARNING:  Option 'mip_integral_gap_abs' deprecated, please use 'mip_opt_gap_abs'.
WARNING:  Option 'mip_integral_gap_rel' deprecated, please use 'mip_opt_gap_rel'.
WARNING:  Option 'mip_integral_gap_abs' deprecated, please use 'mip_opt_gap_abs'.
WARNING:  Option 'mip_integral_gap_rel' deprecated, please use 'mip_opt_gap_rel'.
WARNING:  Option 'mip_integral_gap_abs' deprecated, please use 'mip_opt_gap_abs'.
WARNING:  Option 'mip_integral_gap_rel' deprecated, please use 'mip_opt_gap_rel'.
WARNING:  Option 'mip_integral_gap_abs' deprecated, please use 'mip_opt_gap_abs'.
WARNING:  Option 'mip_integral_gap_rel' deprecated, please use 'mip_opt_gap_rel'.
WARNING:  Option 'mip_integral_gap_abs' deprecated, please use 'mip_opt_gap_abs'.
WARNING:  Option 'mip_integral_gap_rel' deprecated, please use 'mip_opt_gap_rel'.
WARNING:  Option 'mip_integral_gap_abs' deprecated, please use 'mip_opt_gap_abs'.
WARNING:  Option 'mip_integral_gap_rel' deprecated, please use 'mip_opt_gap_rel'.
WARNING:  Option 'mip_integral_gap_abs' deprecated, please use 'mip_opt_gap_abs'.
WARNING:  Option 'mip_integral_gap_rel' deprecated, please use 'mip_opt_gap_rel'.
WARNING:  Option 'mip_integral_gap_abs' deprecated, please use 'mip_opt_gap_abs'.
WARNING:  Option 'mip_integral_gap_rel' deprecated, please use 'mip_opt_gap_rel'.
WARNING:  Option 'mip_integral_gap_abs' deprecated, please use 'mip_opt_gap_abs'.
WARNING:  Option 'mip_integral_gap_rel' deprecated, please use 'mip_opt_gap_rel'.
WARNING:  Option 'mip_integral_gap_abs' deprecated, please use 'mip_opt_gap_abs'.
WARNING:  Option 'mip_integral_gap_rel' deprecated, please use 'mip_opt_gap_rel'.
WARNING:  Option 'mip_integral_gap_abs' deprecated, please use 'mip_opt_gap_abs'.
WARNING:  Option 'mip_integral_gap_rel' deprecated, please use 'mip_opt_gap_rel'.
WARNING:  Option 'mip_integral_gap_abs' deprecated, please use 'mip_opt_gap_abs'.
WARNING:  Option 'mip_integral_gap_rel' deprecated, please use 'mip_opt_gap_rel'.
WARNING:  Option 'mip_integral_gap_abs' deprecated, please use 'mip_opt_gap_abs'.
WARNING:  Option 'mip_integral_gap_rel' deprecated, please use 'mip_opt_gap_rel'.
WARNING:  Option 'mip_integral_gap_abs' deprecated, please use 'mip_opt_gap_abs'.
WARNING:  Option 'mip_integral_gap_rel' deprecated, please use 'mip_opt_gap_rel'.
WARNING:  Option 'mip_integral_gap_abs' deprecated, please use 'mip_opt_gap_abs'.
WARNING:  Option 'mip_integral_gap_rel' deprecated, please use 'mip_opt_gap_rel'.
WARNING:  Option 'mip_integral_gap_abs' deprecated, please use 'mip_opt_gap_abs'.
WARNING:  Option 'mip_integral_gap_rel' deprecated, please use 'mip_opt_gap_rel'.
WARNING:  Option 'mip_integral_gap_abs' deprecated, please use 'mip_opt_gap_abs'.
WARNING:  Option 'mip_integral_gap_rel' deprecated, please use 'mip_opt_gap_rel'.
WARNING:  Option 'mip_integral_gap_abs' deprecated, please use 'mip_opt_gap_abs'.
WARNING:  Option 'mip_integral_gap_rel' deprecated, please use 'mip_opt_gap_rel'.
WARNING:  Option 'mip_integral_gap_abs' deprecated, please use 'mip_opt_gap_abs'.
WARNING:  Option 'mip_integral_gap_rel' deprecated, please use 'mip_opt_gap_rel'.
WARNING:  Option 'mip_integral_gap_abs' deprecated, please use 'mip_opt_gap_abs'.
WARNING:  Option 'mip_integral_gap_rel' deprecated, please use 'mip_opt_gap_rel'.
WARNING:  Option 'mip_integral_gap_abs' deprecated, please use 'mip_opt_gap_abs'.
WARNING:  Option 'mip_integral_gap_rel' deprecated, please use 'mip_opt_gap_rel'.
WARNING:  Option 'mip_integral_gap_abs' deprecated, please use 'mip_opt_gap_abs'.
WARNING:  Option 'mip_integral_gap_rel' deprecated, please use 'mip_opt_gap_rel'.
WARNING:  Option 'mip_integral_gap_abs' deprecated, please use 'mip_opt_gap_abs'.
WARNING:  Option 'mip_integral_gap_rel' deprecated, please use 'mip_opt_gap_rel'.
WARNING:  Option 'mip_integral_gap_abs' deprecated, please use 'mip_opt_gap_abs'.
WARNING:  Option 'mip_integral_gap_rel' deprecated, please use 'mip_opt_gap_rel'.
WARNING:  Option 'mip_integral_gap_abs' deprecated, please use 'mip_opt_gap_abs'.
WARNING:  Option 'mip_integral_gap_rel' deprecated, please use 'mip_opt_gap_rel'.
WARNING:  Option 'mip_integral_gap_abs' deprecated, please use 'mip_opt_gap_abs'.
WARNING:  Option 'mip_integral_gap_rel' deprecated, please use 'mip_opt_gap_rel'.
WARNING:  Option 'mip_integral_gap_abs' deprecated, please use 'mip_opt_gap_abs'.
WARNING:  Option 'mip_integral_gap_rel' deprecated, please use 'mip_opt_gap_rel'.
WARNING:  Option 'mip_integral_gap_abs' deprecated, please use 'mip_opt_gap_abs'.
WARNING:  Option 'mip_integral_gap_rel' deprecated, please use 'mip_opt_gap_rel'.
WARNING:  Option 'mip_integral_gap_abs' deprecated, please use 'mip_opt_gap_abs'.
WARNING:  Option 'mip_integral_gap_rel' deprecated, please use 'mip_opt_gap_rel'.
WARNING:  Option 'mip_integral_gap_abs' deprecated, please use 'mip_opt_gap_abs'.
WARNING:  Option 'mip_integral_gap_rel' deprecated, please use 'mip_opt_gap_rel'.
WARNING:  Option 'mip_integral_gap_abs' deprecated, please use 'mip_opt_gap_abs'.
WARNING:  Option 'mip_integral_gap_rel' deprecated, please use 'mip_opt_gap_rel'.
WARNING:  Option 'mip_integral_gap_abs' deprecated, please use 'mip_opt_gap_abs'.
WARNING:  Option 'mip_integral_gap_rel' deprecated, please use 'mip_opt_gap_rel'.
WARNING:  Option 'mip_integral_gap_abs' deprecated, please use 'mip_opt_gap_abs'.
WARNING:  Option 'mip_integral_gap_rel' deprecated, please use 'mip_opt_gap_rel'.
    [θ-eval 180, gravity-feasible 17] seqR_mean=3.08e-04 ok=false seq_time=5.56s
WARNING:  Option 'mip_integral_gap_abs' deprecated, please use 'mip_opt_gap_abs'.
WARNING:  Option 'mip_integral_gap_rel' deprecated, please use 'mip_opt_gap_rel'.
WARNING:  Option 'mip_integral_gap_abs' deprecated, please use 'mip_opt_gap_abs'.
WARNING:  Option 'mip_integral_gap_rel' deprecated, please use 'mip_opt_gap_rel'.
WARNING:  Option 'mip_integral_gap_abs' deprecated, please use 'mip_opt_gap_abs'.
WARNING:  Option 'mip_integral_gap_rel' deprecated, please use 'mip_opt_gap_rel'.
WARNING:  Option 'mip_integral_gap_abs' deprecated, please use 'mip_opt_gap_abs'.
WARNING:  Option 'mip_integral_gap_rel' deprecated, please use 'mip_opt_gap_rel'.
WARNING:  Option 'mip_integral_gap_abs' deprecated, please use 'mip_opt_gap_abs'.
WARNING:  Option 'mip_integral_gap_rel' deprecated, please use 'mip_opt_gap_rel'.
WARNING:  Option 'mip_integral_gap_abs' deprecated, please use 'mip_opt_gap_abs'.
WARNING:  Option 'mip_integral_gap_rel' deprecated, please use 'mip_opt_gap_rel'.
WARNING:  Option 'mip_integral_gap_abs' deprecated, please use 'mip_opt_gap_abs'.
WARNING:  Option 'mip_integral_gap_rel' deprecated, please use 'mip_opt_gap_rel'.
WARNING:  Option 'mip_integral_gap_abs' deprecated, please use 'mip_opt_gap_abs'.
WARNING:  Option 'mip_integral_gap_rel' deprecated, please use 'mip_opt_gap_rel'.
WARNING:  Option 'mip_integral_gap_abs' deprecated, please use 'mip_opt_gap_abs'.
WARNING:  Option 'mip_integral_gap_rel' deprecated, please use 'mip_opt_gap_rel'.
WARNING:  Option 'mip_integral_gap_abs' deprecated, please use 'mip_opt_gap_abs'.
WARNING:  Option 'mip_integral_gap_rel' deprecated, please use 'mip_opt_gap_rel'.
WARNING:  Option 'mip_integral_gap_abs' deprecated, please use 'mip_opt_gap_abs'.
WARNING:  Option 'mip_integral_gap_rel' deprecated, please use 'mip_opt_gap_rel'.
WARNING:  Option 'mip_integral_gap_abs' deprecated, please use 'mip_opt_gap_abs'.
WARNING:  Option 'mip_integral_gap_rel' deprecated, please use 'mip_opt_gap_rel'.
WARNING:  Option 'mip_integral_gap_abs' deprecated, please use 'mip_opt_gap_abs'.
WARNING:  Option 'mip_integral_gap_rel' deprecated, please use 'mip_opt_gap_rel'.
WARNING:  Option 'mip_integral_gap_abs' deprecated, please use 'mip_opt_gap_abs'.
WARNING:  Option 'mip_integral_gap_rel' deprecated, please use 'mip_opt_gap_rel'.
WARNING:  Option 'mip_integral_gap_abs' deprecated, please use 'mip_opt_gap_abs'.
WARNING:  Option 'mip_integral_gap_rel' deprecated, please use 'mip_opt_gap_rel'.
WARNING:  Option 'mip_integral_gap_abs' deprecated, please use 'mip_opt_gap_abs'.
WARNING:  Option 'mip_integral_gap_rel' deprecated, please use 'mip_opt_gap_rel'.
WARNING:  Option 'mip_integral_gap_abs' deprecated, please use 'mip_opt_gap_abs'.
WARNING:  Option 'mip_integral_gap_rel' deprecated, please use 'mip_opt_gap_rel'.
WARNING:  Option 'mip_integral_gap_abs' deprecated, please use 'mip_opt_gap_abs'.
WARNING:  Option 'mip_integral_gap_rel' deprecated, please use 'mip_opt_gap_rel'.
WARNING:  Option 'mip_integral_gap_abs' deprecated, please use 'mip_opt_gap_abs'.
WARNING:  Option 'mip_integral_gap_rel' deprecated, please use 'mip_opt_gap_rel'.
WARNING:  Option 'mip_integral_gap_abs' deprecated, please use 'mip_opt_gap_abs'.
WARNING:  Option 'mip_integral_gap_rel' deprecated, please use 'mip_opt_gap_rel'.
WARNING:  Option 'mip_integral_gap_abs' deprecated, please use 'mip_opt_gap_abs'.
WARNING:  Option 'mip_integral_gap_rel' deprecated, please use 'mip_opt_gap_rel'.
WARNING:  Option 'mip_integral_gap_abs' deprecated, please use 'mip_opt_gap_abs'.
WARNING:  Option 'mip_integral_gap_rel' deprecated, please use 'mip_opt_gap_rel'.
WARNING:  Option 'mip_integral_gap_abs' deprecated, please use 'mip_opt_gap_abs'.
WARNING:  Option 'mip_integral_gap_rel' deprecated, please use 'mip_opt_gap_rel'.
WARNING:  Option 'mip_integral_gap_abs' deprecated, please use 'mip_opt_gap_abs'.
WARNING:  Option 'mip_integral_gap_rel' deprecated, please use 'mip_opt_gap_rel'.
WARNING:  Option 'mip_integral_gap_abs' deprecated, please use 'mip_opt_gap_abs'.
WARNING:  Option 'mip_integral_gap_rel' deprecated, please use 'mip_opt_gap_rel'.
WARNING:  Option 'mip_integral_gap_abs' deprecated, please use 'mip_opt_gap_abs'.
WARNING:  Option 'mip_integral_gap_rel' deprecated, please use 'mip_opt_gap_rel'.
WARNING:  Option 'mip_integral_gap_abs' deprecated, please use 'mip_opt_gap_abs'.
WARNING:  Option 'mip_integral_gap_rel' deprecated, please use 'mip_opt_gap_rel'.
WARNING:  Option 'mip_integral_gap_abs' deprecated, please use 'mip_opt_gap_abs'.
WARNING:  Option 'mip_integral_gap_rel' deprecated, please use 'mip_opt_gap_rel'.
WARNING:  Option 'mip_integral_gap_abs' deprecated, please use 'mip_opt_gap_abs'.
WARNING:  Option 'mip_integral_gap_rel' deprecated, please use 'mip_opt_gap_rel'.
WARNING:  Option 'mip_integral_gap_abs' deprecated, please use 'mip_opt_gap_abs'.
WARNING:  Option 'mip_integral_gap_rel' deprecated, please use 'mip_opt_gap_rel'.
WARNING:  Option 'mip_integral_gap_abs' deprecated, please use 'mip_opt_gap_abs'.
WARNING:  Option 'mip_integral_gap_rel' deprecated, please use 'mip_opt_gap_rel'.
WARNING:  Option 'mip_integral_gap_abs' deprecated, please use 'mip_opt_gap_abs'.
WARNING:  Option 'mip_integral_gap_rel' deprecated, please use 'mip_opt_gap_rel'.
WARNING:  Option 'mip_integral_gap_abs' deprecated, please use 'mip_opt_gap_abs'.
WARNING:  Option 'mip_integral_gap_rel' deprecated, please use 'mip_opt_gap_rel'.
WARNING:  Option 'mip_integral_gap_abs' deprecated, please use 'mip_opt_gap_abs'.
WARNING:  Option 'mip_integral_gap_rel' deprecated, please use 'mip_opt_gap_rel'.
WARNING:  Option 'mip_integral_gap_abs' deprecated, please use 'mip_opt_gap_abs'.
WARNING:  Option 'mip_integral_gap_rel' deprecated, please use 'mip_opt_gap_rel'.
WARNING:  Option 'mip_integral_gap_abs' deprecated, please use 'mip_opt_gap_abs'.
WARNING:  Option 'mip_integral_gap_rel' deprecated, please use 'mip_opt_gap_rel'.
WARNING:  Option 'mip_integral_gap_abs' deprecated, please use 'mip_opt_gap_abs'.
WARNING:  Option 'mip_integral_gap_rel' deprecated, please use 'mip_opt_gap_rel'.
WARNING:  Option 'mip_integral_gap_abs' deprecated, please use 'mip_opt_gap_abs'.
WARNING:  Option 'mip_integral_gap_rel' deprecated, please use 'mip_opt_gap_rel'.
WARNING:  Option 'mip_integral_gap_abs' deprecated, please use 'mip_opt_gap_abs'.
WARNING:  Option 'mip_integral_gap_rel' deprecated, please use 'mip_opt_gap_rel'.
WARNING:  Option 'mip_integral_gap_abs' deprecated, please use 'mip_opt_gap_abs'.
WARNING:  Option 'mip_integral_gap_rel' deprecated, please use 'mip_opt_gap_rel'.
WARNING:  Option 'mip_integral_gap_abs' deprecated, please use 'mip_opt_gap_abs'.
WARNING:  Option 'mip_integral_gap_rel' deprecated, please use 'mip_opt_gap_rel'.
WARNING:  Option 'mip_integral_gap_abs' deprecated, please use 'mip_opt_gap_abs'.
WARNING:  Option 'mip_integral_gap_rel' deprecated, please use 'mip_opt_gap_rel'.
WARNING:  Option 'mip_integral_gap_abs' deprecated, please use 'mip_opt_gap_abs'.
WARNING:  Option 'mip_integral_gap_rel' deprecated, please use 'mip_opt_gap_rel'.
WARNING:  Option 'mip_integral_gap_abs' deprecated, please use 'mip_opt_gap_abs'.
WARNING:  Option 'mip_integral_gap_rel' deprecated, please use 'mip_opt_gap_rel'.
WARNING:  Option 'mip_integral_gap_abs' deprecated, please use 'mip_opt_gap_abs'.
WARNING:  Option 'mip_integral_gap_rel' deprecated, please use 'mip_opt_gap_rel'.
WARNING:  Option 'mip_integral_gap_abs' deprecated, please use 'mip_opt_gap_abs'.
WARNING:  Option 'mip_integral_gap_rel' deprecated, please use 'mip_opt_gap_rel'.
WARNING:  Option 'mip_integral_gap_abs' deprecated, please use 'mip_opt_gap_abs'.
WARNING:  Option 'mip_integral_gap_rel' deprecated, please use 'mip_opt_gap_rel'.
WARNING:  Option 'mip_integral_gap_abs' deprecated, please use 'mip_opt_gap_abs'.
WARNING:  Option 'mip_integral_gap_rel' deprecated, please use 'mip_opt_gap_rel'.
WARNING:  Option 'mip_integral_gap_abs' deprecated, please use 'mip_opt_gap_abs'.
WARNING:  Option 'mip_integral_gap_rel' deprecated, please use 'mip_opt_gap_rel'.
WARNING:  Option 'mip_integral_gap_abs' deprecated, please use 'mip_opt_gap_abs'.
WARNING:  Option 'mip_integral_gap_rel' deprecated, please use 'mip_opt_gap_rel'.
WARNING:  Option 'mip_integral_gap_abs' deprecated, please use 'mip_opt_gap_abs'.
WARNING:  Option 'mip_integral_gap_rel' deprecated, please use 'mip_opt_gap_rel'.
WARNING:  Option 'mip_integral_gap_abs' deprecated, please use 'mip_opt_gap_abs'.
WARNING:  Option 'mip_integral_gap_rel' deprecated, please use 'mip_opt_gap_rel'.
WARNING:  Option 'mip_integral_gap_abs' deprecated, please use 'mip_opt_gap_abs'.
WARNING:  Option 'mip_integral_gap_rel' deprecated, please use 'mip_opt_gap_rel'.
WARNING:  Option 'mip_integral_gap_abs' deprecated, please use 'mip_opt_gap_abs'.
WARNING:  Option 'mip_integral_gap_rel' deprecated, please use 'mip_opt_gap_rel'.
WARNING:  Option 'mip_integral_gap_abs' deprecated, please use 'mip_opt_gap_abs'.
WARNING:  Option 'mip_integral_gap_rel' deprecated, please use 'mip_opt_gap_rel'.
WARNING:  Option 'mip_integral_gap_abs' deprecated, please use 'mip_opt_gap_abs'.
WARNING:  Option 'mip_integral_gap_rel' deprecated, please use 'mip_opt_gap_rel'.
WARNING:  Option 'mip_integral_gap_abs' deprecated, please use 'mip_opt_gap_abs'.
WARNING:  Option 'mip_integral_gap_rel' deprecated, please use 'mip_opt_gap_rel'.
WARNING:  Option 'mip_integral_gap_abs' deprecated, please use 'mip_opt_gap_abs'.
WARNING:  Option 'mip_integral_gap_rel' deprecated, please use 'mip_opt_gap_rel'.
WARNING:  Option 'mip_integral_gap_abs' deprecated, please use 'mip_opt_gap_abs'.
WARNING:  Option 'mip_integral_gap_rel' deprecated, please use 'mip_opt_gap_rel'.
WARNING:  Option 'mip_integral_gap_abs' deprecated, please use 'mip_opt_gap_abs'.
WARNING:  Option 'mip_integral_gap_rel' deprecated, please use 'mip_opt_gap_rel'.
WARNING:  Option 'mip_integral_gap_abs' deprecated, please use 'mip_opt_gap_abs'.
WARNING:  Option 'mip_integral_gap_rel' deprecated, please use 'mip_opt_gap_rel'.
WARNING:  Option 'mip_integral_gap_abs' deprecated, please use 'mip_opt_gap_abs'.
WARNING:  Option 'mip_integral_gap_rel' deprecated, please use 'mip_opt_gap_rel'.
WARNING:  Option 'mip_integral_gap_abs' deprecated, please use 'mip_opt_gap_abs'.
WARNING:  Option 'mip_integral_gap_rel' deprecated, please use 'mip_opt_gap_rel'.
WARNING:  Option 'mip_integral_gap_abs' deprecated, please use 'mip_opt_gap_abs'.
WARNING:  Option 'mip_integral_gap_rel' deprecated, please use 'mip_opt_gap_rel'.
WARNING:  Option 'mip_integral_gap_abs' deprecated, please use 'mip_opt_gap_abs'.
WARNING:  Option 'mip_integral_gap_rel' deprecated, please use 'mip_opt_gap_rel'.
WARNING:  Option 'mip_integral_gap_abs' deprecated, please use 'mip_opt_gap_abs'.
WARNING:  Option 'mip_integral_gap_rel' deprecated, please use 'mip_opt_gap_rel'.
WARNING:  Option 'mip_integral_gap_abs' deprecated, please use 'mip_opt_gap_abs'.
WARNING:  Option 'mip_integral_gap_rel' deprecated, please use 'mip_opt_gap_rel'.
WARNING:  Option 'mip_integral_gap_abs' deprecated, please use 'mip_opt_gap_abs'.
WARNING:  Option 'mip_integral_gap_rel' deprecated, please use 'mip_opt_gap_rel'.
WARNING:  Option 'mip_integral_gap_abs' deprecated, please use 'mip_opt_gap_abs'.
WARNING:  Option 'mip_integral_gap_rel' deprecated, please use 'mip_opt_gap_rel'.
WARNING:  Option 'mip_integral_gap_abs' deprecated, please use 'mip_opt_gap_abs'.
WARNING:  Option 'mip_integral_gap_rel' deprecated, please use 'mip_opt_gap_rel'.
WARNING:  Option 'mip_integral_gap_abs' deprecated, please use 'mip_opt_gap_abs'.
WARNING:  Option 'mip_integral_gap_rel' deprecated, please use 'mip_opt_gap_rel'.
WARNING:  Option 'mip_integral_gap_abs' deprecated, please use 'mip_opt_gap_abs'.
WARNING:  Option 'mip_integral_gap_rel' deprecated, please use 'mip_opt_gap_rel'.
WARNING:  Option 'mip_integral_gap_abs' deprecated, please use 'mip_opt_gap_abs'.
WARNING:  Option 'mip_integral_gap_rel' deprecated, please use 'mip_opt_gap_rel'.
WARNING:  Option 'mip_integral_gap_abs' deprecated, please use 'mip_opt_gap_abs'.
WARNING:  Option 'mip_integral_gap_rel' deprecated, please use 'mip_opt_gap_rel'.
WARNING:  Option 'mip_integral_gap_abs' deprecated, please use 'mip_opt_gap_abs'.
WARNING:  Option 'mip_integral_gap_rel' deprecated, please use 'mip_opt_gap_rel'.
WARNING:  Option 'mip_integral_gap_abs' deprecated, please use 'mip_opt_gap_abs'.
WARNING:  Option 'mip_integral_gap_rel' deprecated, please use 'mip_opt_gap_rel'.
WARNING:  Option 'mip_integral_gap_abs' deprecated, please use 'mip_opt_gap_abs'.
WARNING:  Option 'mip_integral_gap_rel' deprecated, please use 'mip_opt_gap_rel'.
WARNING:  Option 'mip_integral_gap_abs' deprecated, please use 'mip_opt_gap_abs'.
WARNING:  Option 'mip_integral_gap_rel' deprecated, please use 'mip_opt_gap_rel'.
WARNING:  Option 'mip_integral_gap_abs' deprecated, please use 'mip_opt_gap_abs'.
WARNING:  Option 'mip_integral_gap_rel' deprecated, please use 'mip_opt_gap_rel'.
WARNING:  Option 'mip_integral_gap_abs' deprecated, please use 'mip_opt_gap_abs'.
WARNING:  Option 'mip_integral_gap_rel' deprecated, please use 'mip_opt_gap_rel'.
WARNING:  Option 'mip_integral_gap_abs' deprecated, please use 'mip_opt_gap_abs'.
WARNING:  Option 'mip_integral_gap_rel' deprecated, please use 'mip_opt_gap_rel'.
WARNING:  Option 'mip_integral_gap_abs' deprecated, please use 'mip_opt_gap_abs'.
WARNING:  Option 'mip_integral_gap_rel' deprecated, please use 'mip_opt_gap_rel'.
WARNING:  Option 'mip_integral_gap_abs' deprecated, please use 'mip_opt_gap_abs'.
WARNING:  Option 'mip_integral_gap_rel' deprecated, please use 'mip_opt_gap_rel'.
WARNING:  Option 'mip_integral_gap_abs' deprecated, please use 'mip_opt_gap_abs'.
WARNING:  Option 'mip_integral_gap_rel' deprecated, please use 'mip_opt_gap_rel'.
---- lower bound cache stats ----
total callback invocations : 189
unique free-x points       : 188
inner solves                : 189  (warm=0 cold=189)
gradient computations      : 189
cache hits / misses         : 0 / 189
inner-solve time (s)       : 2920.201
gradient time (s)          : 6.15
inner solves / unique x     : 1.005
WARNING:  Option 'mip_integral_gap_abs' deprecated, please use 'mip_opt_gap_abs'.
WARNING:  Option 'mip_integral_gap_rel' deprecated, please use 'mip_opt_gap_rel'.
WARNING:  Option 'mip_integral_gap_abs' deprecated, please use 'mip_opt_gap_abs'.
WARNING:  Option 'mip_integral_gap_rel' deprecated, please use 'mip_opt_gap_rel'.
WARNING:  Option 'mip_integral_gap_abs' deprecated, please use 'mip_opt_gap_abs'.
WARNING:  Option 'mip_integral_gap_rel' deprecated, please use 'mip_opt_gap_rel'.
WARNING:  Option 'mip_integral_gap_abs' deprecated, please use 'mip_opt_gap_abs'.
WARNING:  Option 'mip_integral_gap_rel' deprecated, please use 'mip_opt_gap_rel'.
WARNING:  Option 'mip_integral_gap_abs' deprecated, please use 'mip_opt_gap_abs'.
WARNING:  Option 'mip_integral_gap_rel' deprecated, please use 'mip_opt_gap_rel'.
WARNING:  Option 'mip_integral_gap_abs' deprecated, please use 'mip_opt_gap_abs'.
WARNING:  Option 'mip_integral_gap_rel' deprecated, please use 'mip_opt_gap_rel'.
WARNING:  Option 'mip_integral_gap_abs' deprecated, please use 'mip_opt_gap_abs'.
WARNING:  Option 'mip_integral_gap_rel' deprecated, please use 'mip_opt_gap_rel'.
WARNING:  Option 'mip_integral_gap_abs' deprecated, please use 'mip_opt_gap_abs'.
WARNING:  Option 'mip_integral_gap_rel' deprecated, please use 'mip_opt_gap_rel'.
WARNING:  Option 'mip_integral_gap_abs' deprecated, please use 'mip_opt_gap_abs'.
WARNING:  Option 'mip_integral_gap_rel' deprecated, please use 'mip_opt_gap_rel'.
WARNING:  Option 'mip_integral_gap_abs' deprecated, please use 'mip_opt_gap_abs'.
WARNING:  Option 'mip_integral_gap_rel' deprecated, please use 'mip_opt_gap_rel'.
WARNING:  Option 'mip_integral_gap_abs' deprecated, please use 'mip_opt_gap_abs'.
WARNING:  Option 'mip_integral_gap_rel' deprecated, please use 'mip_opt_gap_rel'.
WARNING:  Option 'mip_integral_gap_abs' deprecated, please use 'mip_opt_gap_abs'.
WARNING:  Option 'mip_integral_gap_rel' deprecated, please use 'mip_opt_gap_rel'.
WARNING:  Option 'mip_integral_gap_abs' deprecated, please use 'mip_opt_gap_abs'.
WARNING:  Option 'mip_integral_gap_rel' deprecated, please use 'mip_opt_gap_rel'.
WARNING:  Option 'mip_integral_gap_abs' deprecated, please use 'mip_opt_gap_abs'.
WARNING:  Option 'mip_integral_gap_rel' deprecated, please use 'mip_opt_gap_rel'.
WARNING:  Option 'mip_integral_gap_abs' deprecated, please use 'mip_opt_gap_abs'.
WARNING:  Option 'mip_integral_gap_rel' deprecated, please use 'mip_opt_gap_rel'.
WARNING:  Option 'mip_integral_gap_abs' deprecated, please use 'mip_opt_gap_abs'.
WARNING:  Option 'mip_integral_gap_rel' deprecated, please use 'mip_opt_gap_rel'.
WARNING:  Option 'mip_integral_gap_abs' deprecated, please use 'mip_opt_gap_abs'.
WARNING:  Option 'mip_integral_gap_rel' deprecated, please use 'mip_opt_gap_rel'.
WARNING:  Option 'mip_integral_gap_abs' deprecated, please use 'mip_opt_gap_abs'.
WARNING:  Option 'mip_integral_gap_rel' deprecated, please use 'mip_opt_gap_rel'.
  KNITRO:        gamma'_lower = 0.989005 -> kappa = 0.018258  (status -102)  exact R_mean(θ*) = 4.991e-04  gravity-feasible=true  wall 2941.9s
  seq timing:    dest_inversion=11253.71s (n=48654, nonconverged=0)  influence_fn=621.21s  gravity_residual=0.10s
  best-feasible: gamma'_lower = 0.989005 -> kappa = 0.018258  exact R_mean = 2.396e-04  gravity-feasible=false

----- upper bound: gamma'_focal MINIMIZED, delta=0.1 (warm-started) -----
WARNING:  Option 'mip_integral_gap_abs' deprecated, please use 'mip_opt_gap_abs'.
WARNING:  Option 'mip_integral_gap_rel' deprecated, please use 'mip_opt_gap_rel'.
WARNING:  Option 'mip_integral_gap_abs' deprecated, please use 'mip_opt_gap_abs'.
WARNING:  Option 'mip_integral_gap_rel' deprecated, please use 'mip_opt_gap_rel'.
WARNING:  Option 'mip_integral_gap_abs' deprecated, please use 'mip_opt_gap_abs'.
WARNING:  Option 'mip_integral_gap_rel' deprecated, please use 'mip_opt_gap_rel'.
WARNING:  Option 'mip_integral_gap_abs' deprecated, please use 'mip_opt_gap_abs'.
WARNING:  Option 'mip_integral_gap_rel' deprecated, please use 'mip_opt_gap_rel'.
WARNING:  Option 'mip_integral_gap_abs' deprecated, please use 'mip_opt_gap_abs'.
WARNING:  Option 'mip_integral_gap_rel' deprecated, please use 'mip_opt_gap_rel'.
WARNING:  Option 'mip_integral_gap_abs' deprecated, please use 'mip_opt_gap_abs'.
WARNING:  Option 'mip_integral_gap_rel' deprecated, please use 'mip_opt_gap_rel'.
WARNING:  Option 'mip_integral_gap_abs' deprecated, please use 'mip_opt_gap_abs'.
WARNING:  Option 'mip_integral_gap_rel' deprecated, please use 'mip_opt_gap_rel'.
WARNING:  Option 'mip_integral_gap_abs' deprecated, please use 'mip_opt_gap_abs'.
WARNING:  Option 'mip_integral_gap_rel' deprecated, please use 'mip_opt_gap_rel'.
WARNING:  Option 'mip_integral_gap_abs' deprecated, please use 'mip_opt_gap_abs'.
WARNING:  Option 'mip_integral_gap_rel' deprecated, please use 'mip_opt_gap_rel'.
WARNING:  Option 'mip_integral_gap_abs' deprecated, please use 'mip_opt_gap_abs'.
WARNING:  Option 'mip_integral_gap_rel' deprecated, please use 'mip_opt_gap_rel'.
WARNING:  Option 'mip_integral_gap_abs' deprecated, please use 'mip_opt_gap_abs'.
WARNING:  Option 'mip_integral_gap_rel' deprecated, please use 'mip_opt_gap_rel'.
WARNING:  Option 'mip_integral_gap_abs' deprecated, please use 'mip_opt_gap_abs'.
WARNING:  Option 'mip_integral_gap_rel' deprecated, please use 'mip_opt_gap_rel'.
WARNING:  Option 'mip_integral_gap_abs' deprecated, please use 'mip_opt_gap_abs'.
WARNING:  Option 'mip_integral_gap_rel' deprecated, please use 'mip_opt_gap_rel'.
WARNING:  Option 'mip_integral_gap_abs' deprecated, please use 'mip_opt_gap_abs'.
WARNING:  Option 'mip_integral_gap_rel' deprecated, please use 'mip_opt_gap_rel'.
WARNING:  Option 'mip_integral_gap_abs' deprecated, please use 'mip_opt_gap_abs'.
WARNING:  Option 'mip_integral_gap_rel' deprecated, please use 'mip_opt_gap_rel'.
WARNING:  Option 'mip_integral_gap_abs' deprecated, please use 'mip_opt_gap_abs'.
WARNING:  Option 'mip_integral_gap_rel' deprecated, please use 'mip_opt_gap_rel'.
WARNING:  Option 'mip_integral_gap_abs' deprecated, please use 'mip_opt_gap_abs'.
WARNING:  Option 'mip_integral_gap_rel' deprecated, please use 'mip_opt_gap_rel'.
WARNING:  Option 'mip_integral_gap_abs' deprecated, please use 'mip_opt_gap_abs'.
WARNING:  Option 'mip_integral_gap_rel' deprecated, please use 'mip_opt_gap_rel'.
WARNING:  Option 'mip_integral_gap_abs' deprecated, please use 'mip_opt_gap_abs'.
WARNING:  Option 'mip_integral_gap_rel' deprecated, please use 'mip_opt_gap_rel'.
WARNING:  Option 'mip_integral_gap_abs' deprecated, please use 'mip_opt_gap_abs'.
WARNING:  Option 'mip_integral_gap_rel' deprecated, please use 'mip_opt_gap_rel'.
WARNING:  Option 'mip_integral_gap_abs' deprecated, please use 'mip_opt_gap_abs'.
WARNING:  Option 'mip_integral_gap_rel' deprecated, please use 'mip_opt_gap_rel'.
WARNING:  Option 'mip_integral_gap_abs' deprecated, please use 'mip_opt_gap_abs'.
WARNING:  Option 'mip_integral_gap_rel' deprecated, please use 'mip_opt_gap_rel'.
WARNING:  Option 'mip_integral_gap_abs' deprecated, please use 'mip_opt_gap_abs'.
WARNING:  Option 'mip_integral_gap_rel' deprecated, please use 'mip_opt_gap_rel'.
WARNING:  Option 'mip_integral_gap_abs' deprecated, please use 'mip_opt_gap_abs'.
WARNING:  Option 'mip_integral_gap_rel' deprecated, please use 'mip_opt_gap_rel'.
WARNING:  Option 'mip_integral_gap_abs' deprecated, please use 'mip_opt_gap_abs'.
WARNING:  Option 'mip_integral_gap_rel' deprecated, please use 'mip_opt_gap_rel'.
WARNING:  Option 'mip_integral_gap_abs' deprecated, please use 'mip_opt_gap_abs'.
WARNING:  Option 'mip_integral_gap_rel' deprecated, please use 'mip_opt_gap_rel'.
WARNING:  Option 'mip_integral_gap_abs' deprecated, please use 'mip_opt_gap_abs'.
WARNING:  Option 'mip_integral_gap_rel' deprecated, please use 'mip_opt_gap_rel'.
WARNING:  Option 'mip_integral_gap_abs' deprecated, please use 'mip_opt_gap_abs'.
WARNING:  Option 'mip_integral_gap_rel' deprecated, please use 'mip_opt_gap_rel'.
WARNING:  Option 'mip_integral_gap_abs' deprecated, please use 'mip_opt_gap_abs'.
WARNING:  Option 'mip_integral_gap_rel' deprecated, please use 'mip_opt_gap_rel'.
WARNING:  Option 'mip_integral_gap_abs' deprecated, please use 'mip_opt_gap_abs'.
WARNING:  Option 'mip_integral_gap_rel' deprecated, please use 'mip_opt_gap_rel'.
WARNING:  Option 'mip_integral_gap_abs' deprecated, please use 'mip_opt_gap_abs'.
WARNING:  Option 'mip_integral_gap_rel' deprecated, please use 'mip_opt_gap_rel'.
    [θ-eval 10, gravity-feasible 4] seqR_mean=4.69e-04 ok=true seq_time=0.53s
WARNING:  Option 'mip_integral_gap_abs' deprecated, please use 'mip_opt_gap_abs'.
WARNING:  Option 'mip_integral_gap_rel' deprecated, please use 'mip_opt_gap_rel'.
WARNING:  Option 'mip_integral_gap_abs' deprecated, please use 'mip_opt_gap_abs'.
WARNING:  Option 'mip_integral_gap_rel' deprecated, please use 'mip_opt_gap_rel'.
WARNING:  Option 'mip_integral_gap_abs' deprecated, please use 'mip_opt_gap_abs'.
WARNING:  Option 'mip_integral_gap_rel' deprecated, please use 'mip_opt_gap_rel'.
WARNING:  Option 'mip_integral_gap_abs' deprecated, please use 'mip_opt_gap_abs'.
WARNING:  Option 'mip_integral_gap_rel' deprecated, please use 'mip_opt_gap_rel'.
WARNING:  Option 'mip_integral_gap_abs' deprecated, please use 'mip_opt_gap_abs'.
WARNING:  Option 'mip_integral_gap_rel' deprecated, please use 'mip_opt_gap_rel'.
WARNING:  Option 'mip_integral_gap_abs' deprecated, please use 'mip_opt_gap_abs'.
WARNING:  Option 'mip_integral_gap_rel' deprecated, please use 'mip_opt_gap_rel'.
WARNING:  Option 'mip_integral_gap_abs' deprecated, please use 'mip_opt_gap_abs'.
WARNING:  Option 'mip_integral_gap_rel' deprecated, please use 'mip_opt_gap_rel'.
WARNING:  Option 'mip_integral_gap_abs' deprecated, please use 'mip_opt_gap_abs'.
WARNING:  Option 'mip_integral_gap_rel' deprecated, please use 'mip_opt_gap_rel'.
WARNING:  Option 'mip_integral_gap_abs' deprecated, please use 'mip_opt_gap_abs'.
WARNING:  Option 'mip_integral_gap_rel' deprecated, please use 'mip_opt_gap_rel'.
WARNING:  Option 'mip_integral_gap_abs' deprecated, please use 'mip_opt_gap_abs'.
WARNING:  Option 'mip_integral_gap_rel' deprecated, please use 'mip_opt_gap_rel'.
WARNING:  Option 'mip_integral_gap_abs' deprecated, please use 'mip_opt_gap_abs'.
WARNING:  Option 'mip_integral_gap_rel' deprecated, please use 'mip_opt_gap_rel'.
WARNING:  Option 'mip_integral_gap_abs' deprecated, please use 'mip_opt_gap_abs'.
WARNING:  Option 'mip_integral_gap_rel' deprecated, please use 'mip_opt_gap_rel'.
WARNING:  Option 'mip_integral_gap_abs' deprecated, please use 'mip_opt_gap_abs'.
WARNING:  Option 'mip_integral_gap_rel' deprecated, please use 'mip_opt_gap_rel'.
WARNING:  Option 'mip_integral_gap_abs' deprecated, please use 'mip_opt_gap_abs'.
WARNING:  Option 'mip_integral_gap_rel' deprecated, please use 'mip_opt_gap_rel'.
WARNING:  Option 'mip_integral_gap_abs' deprecated, please use 'mip_opt_gap_abs'.
WARNING:  Option 'mip_integral_gap_rel' deprecated, please use 'mip_opt_gap_rel'.
WARNING:  Option 'mip_integral_gap_abs' deprecated, please use 'mip_opt_gap_abs'.
WARNING:  Option 'mip_integral_gap_rel' deprecated, please use 'mip_opt_gap_rel'.
WARNING:  Option 'mip_integral_gap_abs' deprecated, please use 'mip_opt_gap_abs'.
WARNING:  Option 'mip_integral_gap_rel' deprecated, please use 'mip_opt_gap_rel'.
WARNING:  Option 'mip_integral_gap_abs' deprecated, please use 'mip_opt_gap_abs'.
WARNING:  Option 'mip_integral_gap_rel' deprecated, please use 'mip_opt_gap_rel'.
WARNING:  Option 'mip_integral_gap_abs' deprecated, please use 'mip_opt_gap_abs'.
WARNING:  Option 'mip_integral_gap_rel' deprecated, please use 'mip_opt_gap_rel'.
WARNING:  Option 'mip_integral_gap_abs' deprecated, please use 'mip_opt_gap_abs'.
WARNING:  Option 'mip_integral_gap_rel' deprecated, please use 'mip_opt_gap_rel'.
    [θ-eval 20, gravity-feasible 9] seqR_mean=1.75e-04 ok=true seq_time=0.46s
WARNING:  Option 'mip_integral_gap_abs' deprecated, please use 'mip_opt_gap_abs'.
WARNING:  Option 'mip_integral_gap_rel' deprecated, please use 'mip_opt_gap_rel'.
WARNING:  Option 'mip_integral_gap_abs' deprecated, please use 'mip_opt_gap_abs'.
WARNING:  Option 'mip_integral_gap_rel' deprecated, please use 'mip_opt_gap_rel'.
WARNING:  Option 'mip_integral_gap_abs' deprecated, please use 'mip_opt_gap_abs'.
WARNING:  Option 'mip_integral_gap_rel' deprecated, please use 'mip_opt_gap_rel'.
WARNING:  Option 'mip_integral_gap_abs' deprecated, please use 'mip_opt_gap_abs'.
WARNING:  Option 'mip_integral_gap_rel' deprecated, please use 'mip_opt_gap_rel'.
WARNING:  Option 'mip_integral_gap_abs' deprecated, please use 'mip_opt_gap_abs'.
WARNING:  Option 'mip_integral_gap_rel' deprecated, please use 'mip_opt_gap_rel'.
WARNING:  Option 'mip_integral_gap_abs' deprecated, please use 'mip_opt_gap_abs'.
WARNING:  Option 'mip_integral_gap_rel' deprecated, please use 'mip_opt_gap_rel'.
WARNING:  Option 'mip_integral_gap_abs' deprecated, please use 'mip_opt_gap_abs'.
WARNING:  Option 'mip_integral_gap_rel' deprecated, please use 'mip_opt_gap_rel'.
WARNING:  Option 'mip_integral_gap_abs' deprecated, please use 'mip_opt_gap_abs'.
WARNING:  Option 'mip_integral_gap_rel' deprecated, please use 'mip_opt_gap_rel'.
WARNING:  Option 'mip_integral_gap_abs' deprecated, please use 'mip_opt_gap_abs'.
WARNING:  Option 'mip_integral_gap_rel' deprecated, please use 'mip_opt_gap_rel'.
WARNING:  Option 'mip_integral_gap_abs' deprecated, please use 'mip_opt_gap_abs'.
WARNING:  Option 'mip_integral_gap_rel' deprecated, please use 'mip_opt_gap_rel'.
WARNING:  Option 'mip_integral_gap_abs' deprecated, please use 'mip_opt_gap_abs'.
WARNING:  Option 'mip_integral_gap_rel' deprecated, please use 'mip_opt_gap_rel'.
WARNING:  Option 'mip_integral_gap_abs' deprecated, please use 'mip_opt_gap_abs'.
WARNING:  Option 'mip_integral_gap_rel' deprecated, please use 'mip_opt_gap_rel'.
WARNING:  Option 'mip_integral_gap_abs' deprecated, please use 'mip_opt_gap_abs'.
WARNING:  Option 'mip_integral_gap_rel' deprecated, please use 'mip_opt_gap_rel'.
WARNING:  Option 'mip_integral_gap_abs' deprecated, please use 'mip_opt_gap_abs'.
WARNING:  Option 'mip_integral_gap_rel' deprecated, please use 'mip_opt_gap_rel'.
WARNING:  Option 'mip_integral_gap_abs' deprecated, please use 'mip_opt_gap_abs'.
WARNING:  Option 'mip_integral_gap_rel' deprecated, please use 'mip_opt_gap_rel'.
WARNING:  Option 'mip_integral_gap_abs' deprecated, please use 'mip_opt_gap_abs'.
WARNING:  Option 'mip_integral_gap_rel' deprecated, please use 'mip_opt_gap_rel'.
WARNING:  Option 'mip_integral_gap_abs' deprecated, please use 'mip_opt_gap_abs'.
WARNING:  Option 'mip_integral_gap_rel' deprecated, please use 'mip_opt_gap_rel'.
WARNING:  Option 'mip_integral_gap_abs' deprecated, please use 'mip_opt_gap_abs'.
WARNING:  Option 'mip_integral_gap_rel' deprecated, please use 'mip_opt_gap_rel'.
WARNING:  Option 'mip_integral_gap_abs' deprecated, please use 'mip_opt_gap_abs'.
WARNING:  Option 'mip_integral_gap_rel' deprecated, please use 'mip_opt_gap_rel'.
WARNING:  Option 'mip_integral_gap_abs' deprecated, please use 'mip_opt_gap_abs'.
WARNING:  Option 'mip_integral_gap_rel' deprecated, please use 'mip_opt_gap_rel'.
WARNING:  Option 'mip_integral_gap_abs' deprecated, please use 'mip_opt_gap_abs'.
WARNING:  Option 'mip_integral_gap_rel' deprecated, please use 'mip_opt_gap_rel'.
WARNING:  Option 'mip_integral_gap_abs' deprecated, please use 'mip_opt_gap_abs'.
WARNING:  Option 'mip_integral_gap_rel' deprecated, please use 'mip_opt_gap_rel'.
WARNING:  Option 'mip_integral_gap_abs' deprecated, please use 'mip_opt_gap_abs'.
WARNING:  Option 'mip_integral_gap_rel' deprecated, please use 'mip_opt_gap_rel'.
    [θ-eval 30, gravity-feasible 12] seqR_mean=2.23e-05 ok=true seq_time=1.09s
WARNING:  Option 'mip_integral_gap_abs' deprecated, please use 'mip_opt_gap_abs'.
WARNING:  Option 'mip_integral_gap_rel' deprecated, please use 'mip_opt_gap_rel'.
WARNING:  Option 'mip_integral_gap_abs' deprecated, please use 'mip_opt_gap_abs'.
WARNING:  Option 'mip_integral_gap_rel' deprecated, please use 'mip_opt_gap_rel'.
WARNING:  Option 'mip_integral_gap_abs' deprecated, please use 'mip_opt_gap_abs'.
WARNING:  Option 'mip_integral_gap_rel' deprecated, please use 'mip_opt_gap_rel'.
WARNING:  Option 'mip_integral_gap_abs' deprecated, please use 'mip_opt_gap_abs'.
WARNING:  Option 'mip_integral_gap_rel' deprecated, please use 'mip_opt_gap_rel'.
WARNING:  Option 'mip_integral_gap_abs' deprecated, please use 'mip_opt_gap_abs'.
WARNING:  Option 'mip_integral_gap_rel' deprecated, please use 'mip_opt_gap_rel'.
WARNING:  Option 'mip_integral_gap_abs' deprecated, please use 'mip_opt_gap_abs'.
WARNING:  Option 'mip_integral_gap_rel' deprecated, please use 'mip_opt_gap_rel'.
WARNING:  Option 'mip_integral_gap_abs' deprecated, please use 'mip_opt_gap_abs'.
WARNING:  Option 'mip_integral_gap_rel' deprecated, please use 'mip_opt_gap_rel'.
WARNING:  Option 'mip_integral_gap_abs' deprecated, please use 'mip_opt_gap_abs'.
WARNING:  Option 'mip_integral_gap_rel' deprecated, please use 'mip_opt_gap_rel'.
WARNING:  Option 'mip_integral_gap_abs' deprecated, please use 'mip_opt_gap_abs'.
WARNING:  Option 'mip_integral_gap_rel' deprecated, please use 'mip_opt_gap_rel'.
WARNING:  Option 'mip_integral_gap_abs' deprecated, please use 'mip_opt_gap_abs'.
WARNING:  Option 'mip_integral_gap_rel' deprecated, please use 'mip_opt_gap_rel'.
WARNING:  Option 'mip_integral_gap_abs' deprecated, please use 'mip_opt_gap_abs'.
WARNING:  Option 'mip_integral_gap_rel' deprecated, please use 'mip_opt_gap_rel'.
WARNING:  Option 'mip_integral_gap_abs' deprecated, please use 'mip_opt_gap_abs'.
WARNING:  Option 'mip_integral_gap_rel' deprecated, please use 'mip_opt_gap_rel'.
WARNING:  Option 'mip_integral_gap_abs' deprecated, please use 'mip_opt_gap_abs'.
WARNING:  Option 'mip_integral_gap_rel' deprecated, please use 'mip_opt_gap_rel'.
WARNING:  Option 'mip_integral_gap_abs' deprecated, please use 'mip_opt_gap_abs'.
WARNING:  Option 'mip_integral_gap_rel' deprecated, please use 'mip_opt_gap_rel'.
WARNING:  Option 'mip_integral_gap_abs' deprecated, please use 'mip_opt_gap_abs'.
WARNING:  Option 'mip_integral_gap_rel' deprecated, please use 'mip_opt_gap_rel'.
WARNING:  Option 'mip_integral_gap_abs' deprecated, please use 'mip_opt_gap_abs'.
WARNING:  Option 'mip_integral_gap_rel' deprecated, please use 'mip_opt_gap_rel'.
WARNING:  Option 'mip_integral_gap_abs' deprecated, please use 'mip_opt_gap_abs'.
WARNING:  Option 'mip_integral_gap_rel' deprecated, please use 'mip_opt_gap_rel'.
WARNING:  Option 'mip_integral_gap_abs' deprecated, please use 'mip_opt_gap_abs'.
WARNING:  Option 'mip_integral_gap_rel' deprecated, please use 'mip_opt_gap_rel'.
WARNING:  Option 'mip_integral_gap_abs' deprecated, please use 'mip_opt_gap_abs'.
WARNING:  Option 'mip_integral_gap_rel' deprecated, please use 'mip_opt_gap_rel'.
WARNING:  Option 'mip_integral_gap_abs' deprecated, please use 'mip_opt_gap_abs'.
WARNING:  Option 'mip_integral_gap_rel' deprecated, please use 'mip_opt_gap_rel'.
WARNING:  Option 'mip_integral_gap_abs' deprecated, please use 'mip_opt_gap_abs'.
WARNING:  Option 'mip_integral_gap_rel' deprecated, please use 'mip_opt_gap_rel'.
WARNING:  Option 'mip_integral_gap_abs' deprecated, please use 'mip_opt_gap_abs'.
WARNING:  Option 'mip_integral_gap_rel' deprecated, please use 'mip_opt_gap_rel'.
WARNING:  Option 'mip_integral_gap_abs' deprecated, please use 'mip_opt_gap_abs'.
WARNING:  Option 'mip_integral_gap_rel' deprecated, please use 'mip_opt_gap_rel'.
WARNING:  Option 'mip_integral_gap_abs' deprecated, please use 'mip_opt_gap_abs'.
WARNING:  Option 'mip_integral_gap_rel' deprecated, please use 'mip_opt_gap_rel'.
WARNING:  Option 'mip_integral_gap_abs' deprecated, please use 'mip_opt_gap_abs'.
WARNING:  Option 'mip_integral_gap_rel' deprecated, please use 'mip_opt_gap_rel'.
WARNING:  Option 'mip_integral_gap_abs' deprecated, please use 'mip_opt_gap_abs'.
WARNING:  Option 'mip_integral_gap_rel' deprecated, please use 'mip_opt_gap_rel'.
WARNING:  Option 'mip_integral_gap_abs' deprecated, please use 'mip_opt_gap_abs'.
WARNING:  Option 'mip_integral_gap_rel' deprecated, please use 'mip_opt_gap_rel'.
WARNING:  Option 'mip_integral_gap_abs' deprecated, please use 'mip_opt_gap_abs'.
WARNING:  Option 'mip_integral_gap_rel' deprecated, please use 'mip_opt_gap_rel'.
WARNING:  Option 'mip_integral_gap_abs' deprecated, please use 'mip_opt_gap_abs'.
WARNING:  Option 'mip_integral_gap_rel' deprecated, please use 'mip_opt_gap_rel'.
WARNING:  Option 'mip_integral_gap_abs' deprecated, please use 'mip_opt_gap_abs'.
WARNING:  Option 'mip_integral_gap_rel' deprecated, please use 'mip_opt_gap_rel'.
WARNING:  Option 'mip_integral_gap_abs' deprecated, please use 'mip_opt_gap_abs'.
WARNING:  Option 'mip_integral_gap_rel' deprecated, please use 'mip_opt_gap_rel'.
    [θ-eval 40, gravity-feasible 18] seqR_mean=4.11e-04 ok=false seq_time=0.35s
WARNING:  Option 'mip_integral_gap_abs' deprecated, please use 'mip_opt_gap_abs'.
WARNING:  Option 'mip_integral_gap_rel' deprecated, please use 'mip_opt_gap_rel'.
WARNING:  Option 'mip_integral_gap_abs' deprecated, please use 'mip_opt_gap_abs'.
WARNING:  Option 'mip_integral_gap_rel' deprecated, please use 'mip_opt_gap_rel'.
WARNING:  Option 'mip_integral_gap_abs' deprecated, please use 'mip_opt_gap_abs'.
WARNING:  Option 'mip_integral_gap_rel' deprecated, please use 'mip_opt_gap_rel'.
WARNING:  Option 'mip_integral_gap_abs' deprecated, please use 'mip_opt_gap_abs'.
WARNING:  Option 'mip_integral_gap_rel' deprecated, please use 'mip_opt_gap_rel'.
WARNING:  Option 'mip_integral_gap_abs' deprecated, please use 'mip_opt_gap_abs'.
WARNING:  Option 'mip_integral_gap_rel' deprecated, please use 'mip_opt_gap_rel'.
WARNING:  Option 'mip_integral_gap_abs' deprecated, please use 'mip_opt_gap_abs'.
WARNING:  Option 'mip_integral_gap_rel' deprecated, please use 'mip_opt_gap_rel'.
WARNING:  Option 'mip_integral_gap_abs' deprecated, please use 'mip_opt_gap_abs'.
WARNING:  Option 'mip_integral_gap_rel' deprecated, please use 'mip_opt_gap_rel'.
WARNING:  Option 'mip_integral_gap_abs' deprecated, please use 'mip_opt_gap_abs'.
WARNING:  Option 'mip_integral_gap_rel' deprecated, please use 'mip_opt_gap_rel'.
WARNING:  Option 'mip_integral_gap_abs' deprecated, please use 'mip_opt_gap_abs'.
WARNING:  Option 'mip_integral_gap_rel' deprecated, please use 'mip_opt_gap_rel'.
WARNING:  Option 'mip_integral_gap_abs' deprecated, please use 'mip_opt_gap_abs'.
WARNING:  Option 'mip_integral_gap_rel' deprecated, please use 'mip_opt_gap_rel'.
WARNING:  Option 'mip_integral_gap_abs' deprecated, please use 'mip_opt_gap_abs'.
WARNING:  Option 'mip_integral_gap_rel' deprecated, please use 'mip_opt_gap_rel'.
WARNING:  Option 'mip_integral_gap_abs' deprecated, please use 'mip_opt_gap_abs'.
WARNING:  Option 'mip_integral_gap_rel' deprecated, please use 'mip_opt_gap_rel'.
WARNING:  Option 'mip_integral_gap_abs' deprecated, please use 'mip_opt_gap_abs'.
WARNING:  Option 'mip_integral_gap_rel' deprecated, please use 'mip_opt_gap_rel'.
WARNING:  Option 'mip_integral_gap_abs' deprecated, please use 'mip_opt_gap_abs'.
WARNING:  Option 'mip_integral_gap_rel' deprecated, please use 'mip_opt_gap_rel'.
WARNING:  Option 'mip_integral_gap_abs' deprecated, please use 'mip_opt_gap_abs'.
WARNING:  Option 'mip_integral_gap_rel' deprecated, please use 'mip_opt_gap_rel'.
WARNING:  Option 'mip_integral_gap_abs' deprecated, please use 'mip_opt_gap_abs'.
WARNING:  Option 'mip_integral_gap_rel' deprecated, please use 'mip_opt_gap_rel'.
WARNING:  Option 'mip_integral_gap_abs' deprecated, please use 'mip_opt_gap_abs'.
WARNING:  Option 'mip_integral_gap_rel' deprecated, please use 'mip_opt_gap_rel'.
WARNING:  Option 'mip_integral_gap_abs' deprecated, please use 'mip_opt_gap_abs'.
WARNING:  Option 'mip_integral_gap_rel' deprecated, please use 'mip_opt_gap_rel'.
WARNING:  Option 'mip_integral_gap_abs' deprecated, please use 'mip_opt_gap_abs'.
WARNING:  Option 'mip_integral_gap_rel' deprecated, please use 'mip_opt_gap_rel'.
WARNING:  Option 'mip_integral_gap_abs' deprecated, please use 'mip_opt_gap_abs'.
WARNING:  Option 'mip_integral_gap_rel' deprecated, please use 'mip_opt_gap_rel'.
    [θ-eval 50, gravity-feasible 28] seqR_mean=1.13e-04 ok=true seq_time=0.47s
WARNING:  Option 'mip_integral_gap_abs' deprecated, please use 'mip_opt_gap_abs'.
WARNING:  Option 'mip_integral_gap_rel' deprecated, please use 'mip_opt_gap_rel'.
WARNING:  Option 'mip_integral_gap_abs' deprecated, please use 'mip_opt_gap_abs'.
WARNING:  Option 'mip_integral_gap_rel' deprecated, please use 'mip_opt_gap_rel'.
WARNING:  Option 'mip_integral_gap_abs' deprecated, please use 'mip_opt_gap_abs'.
WARNING:  Option 'mip_integral_gap_rel' deprecated, please use 'mip_opt_gap_rel'.
WARNING:  Option 'mip_integral_gap_abs' deprecated, please use 'mip_opt_gap_abs'.
WARNING:  Option 'mip_integral_gap_rel' deprecated, please use 'mip_opt_gap_rel'.
WARNING:  Option 'mip_integral_gap_abs' deprecated, please use 'mip_opt_gap_abs'.
WARNING:  Option 'mip_integral_gap_rel' deprecated, please use 'mip_opt_gap_rel'.
WARNING:  Option 'mip_integral_gap_abs' deprecated, please use 'mip_opt_gap_abs'.
WARNING:  Option 'mip_integral_gap_rel' deprecated, please use 'mip_opt_gap_rel'.
WARNING:  Option 'mip_integral_gap_abs' deprecated, please use 'mip_opt_gap_abs'.
WARNING:  Option 'mip_integral_gap_rel' deprecated, please use 'mip_opt_gap_rel'.
WARNING:  Option 'mip_integral_gap_abs' deprecated, please use 'mip_opt_gap_abs'.
WARNING:  Option 'mip_integral_gap_rel' deprecated, please use 'mip_opt_gap_rel'.
WARNING:  Option 'mip_integral_gap_abs' deprecated, please use 'mip_opt_gap_abs'.
WARNING:  Option 'mip_integral_gap_rel' deprecated, please use 'mip_opt_gap_rel'.
WARNING:  Option 'mip_integral_gap_abs' deprecated, please use 'mip_opt_gap_abs'.
WARNING:  Option 'mip_integral_gap_rel' deprecated, please use 'mip_opt_gap_rel'.
WARNING:  Option 'mip_integral_gap_abs' deprecated, please use 'mip_opt_gap_abs'.
WARNING:  Option 'mip_integral_gap_rel' deprecated, please use 'mip_opt_gap_rel'.
WARNING:  Option 'mip_integral_gap_abs' deprecated, please use 'mip_opt_gap_abs'.
WARNING:  Option 'mip_integral_gap_rel' deprecated, please use 'mip_opt_gap_rel'.
WARNING:  Option 'mip_integral_gap_abs' deprecated, please use 'mip_opt_gap_abs'.
WARNING:  Option 'mip_integral_gap_rel' deprecated, please use 'mip_opt_gap_rel'.
WARNING:  Option 'mip_integral_gap_abs' deprecated, please use 'mip_opt_gap_abs'.
WARNING:  Option 'mip_integral_gap_rel' deprecated, please use 'mip_opt_gap_rel'.
WARNING:  Option 'mip_integral_gap_abs' deprecated, please use 'mip_opt_gap_abs'.
WARNING:  Option 'mip_integral_gap_rel' deprecated, please use 'mip_opt_gap_rel'.
WARNING:  Option 'mip_integral_gap_abs' deprecated, please use 'mip_opt_gap_abs'.
WARNING:  Option 'mip_integral_gap_rel' deprecated, please use 'mip_opt_gap_rel'.
WARNING:  Option 'mip_integral_gap_abs' deprecated, please use 'mip_opt_gap_abs'.
WARNING:  Option 'mip_integral_gap_rel' deprecated, please use 'mip_opt_gap_rel'.
WARNING:  Option 'mip_integral_gap_abs' deprecated, please use 'mip_opt_gap_abs'.
WARNING:  Option 'mip_integral_gap_rel' deprecated, please use 'mip_opt_gap_rel'.
WARNING:  Option 'mip_integral_gap_abs' deprecated, please use 'mip_opt_gap_abs'.
WARNING:  Option 'mip_integral_gap_rel' deprecated, please use 'mip_opt_gap_rel'.
WARNING:  Option 'mip_integral_gap_abs' deprecated, please use 'mip_opt_gap_abs'.
WARNING:  Option 'mip_integral_gap_rel' deprecated, please use 'mip_opt_gap_rel'.
WARNING:  Option 'mip_integral_gap_abs' deprecated, please use 'mip_opt_gap_abs'.
WARNING:  Option 'mip_integral_gap_rel' deprecated, please use 'mip_opt_gap_rel'.
WARNING:  Option 'mip_integral_gap_abs' deprecated, please use 'mip_opt_gap_abs'.
WARNING:  Option 'mip_integral_gap_rel' deprecated, please use 'mip_opt_gap_rel'.
WARNING:  Option 'mip_integral_gap_abs' deprecated, please use 'mip_opt_gap_abs'.
WARNING:  Option 'mip_integral_gap_rel' deprecated, please use 'mip_opt_gap_rel'.
WARNING:  Option 'mip_integral_gap_abs' deprecated, please use 'mip_opt_gap_abs'.
WARNING:  Option 'mip_integral_gap_rel' deprecated, please use 'mip_opt_gap_rel'.
WARNING:  Option 'mip_integral_gap_abs' deprecated, please use 'mip_opt_gap_abs'.
WARNING:  Option 'mip_integral_gap_rel' deprecated, please use 'mip_opt_gap_rel'.
WARNING:  Option 'mip_integral_gap_abs' deprecated, please use 'mip_opt_gap_abs'.
WARNING:  Option 'mip_integral_gap_rel' deprecated, please use 'mip_opt_gap_rel'.
WARNING:  Option 'mip_integral_gap_abs' deprecated, please use 'mip_opt_gap_abs'.
WARNING:  Option 'mip_integral_gap_rel' deprecated, please use 'mip_opt_gap_rel'.
WARNING:  Option 'mip_integral_gap_abs' deprecated, please use 'mip_opt_gap_abs'.
WARNING:  Option 'mip_integral_gap_rel' deprecated, please use 'mip_opt_gap_rel'.
WARNING:  Option 'mip_integral_gap_abs' deprecated, please use 'mip_opt_gap_abs'.
WARNING:  Option 'mip_integral_gap_rel' deprecated, please use 'mip_opt_gap_rel'.
    [θ-eval 60, gravity-feasible 32] seqR_mean=3.62e-04 ok=false seq_time=0.35s
WARNING:  Option 'mip_integral_gap_abs' deprecated, please use 'mip_opt_gap_abs'.
WARNING:  Option 'mip_integral_gap_rel' deprecated, please use 'mip_opt_gap_rel'.
WARNING:  Option 'mip_integral_gap_abs' deprecated, please use 'mip_opt_gap_abs'.
WARNING:  Option 'mip_integral_gap_rel' deprecated, please use 'mip_opt_gap_rel'.
WARNING:  Option 'mip_integral_gap_abs' deprecated, please use 'mip_opt_gap_abs'.
WARNING:  Option 'mip_integral_gap_rel' deprecated, please use 'mip_opt_gap_rel'.
WARNING:  Option 'mip_integral_gap_abs' deprecated, please use 'mip_opt_gap_abs'.
WARNING:  Option 'mip_integral_gap_rel' deprecated, please use 'mip_opt_gap_rel'.
WARNING:  Option 'mip_integral_gap_abs' deprecated, please use 'mip_opt_gap_abs'.
WARNING:  Option 'mip_integral_gap_rel' deprecated, please use 'mip_opt_gap_rel'.
WARNING:  Option 'mip_integral_gap_abs' deprecated, please use 'mip_opt_gap_abs'.
WARNING:  Option 'mip_integral_gap_rel' deprecated, please use 'mip_opt_gap_rel'.
WARNING:  Option 'mip_integral_gap_abs' deprecated, please use 'mip_opt_gap_abs'.
WARNING:  Option 'mip_integral_gap_rel' deprecated, please use 'mip_opt_gap_rel'.
WARNING:  Option 'mip_integral_gap_abs' deprecated, please use 'mip_opt_gap_abs'.
WARNING:  Option 'mip_integral_gap_rel' deprecated, please use 'mip_opt_gap_rel'.
WARNING:  Option 'mip_integral_gap_abs' deprecated, please use 'mip_opt_gap_abs'.
WARNING:  Option 'mip_integral_gap_rel' deprecated, please use 'mip_opt_gap_rel'.
WARNING:  Option 'mip_integral_gap_abs' deprecated, please use 'mip_opt_gap_abs'.
WARNING:  Option 'mip_integral_gap_rel' deprecated, please use 'mip_opt_gap_rel'.
WARNING:  Option 'mip_integral_gap_abs' deprecated, please use 'mip_opt_gap_abs'.
WARNING:  Option 'mip_integral_gap_rel' deprecated, please use 'mip_opt_gap_rel'.
WARNING:  Option 'mip_integral_gap_abs' deprecated, please use 'mip_opt_gap_abs'.
WARNING:  Option 'mip_integral_gap_rel' deprecated, please use 'mip_opt_gap_rel'.
WARNING:  Option 'mip_integral_gap_abs' deprecated, please use 'mip_opt_gap_abs'.
WARNING:  Option 'mip_integral_gap_rel' deprecated, please use 'mip_opt_gap_rel'.
WARNING:  Option 'mip_integral_gap_abs' deprecated, please use 'mip_opt_gap_abs'.
WARNING:  Option 'mip_integral_gap_rel' deprecated, please use 'mip_opt_gap_rel'.
WARNING:  Option 'mip_integral_gap_abs' deprecated, please use 'mip_opt_gap_abs'.
WARNING:  Option 'mip_integral_gap_rel' deprecated, please use 'mip_opt_gap_rel'.
WARNING:  Option 'mip_integral_gap_abs' deprecated, please use 'mip_opt_gap_abs'.
WARNING:  Option 'mip_integral_gap_rel' deprecated, please use 'mip_opt_gap_rel'.
WARNING:  Option 'mip_integral_gap_abs' deprecated, please use 'mip_opt_gap_abs'.
WARNING:  Option 'mip_integral_gap_rel' deprecated, please use 'mip_opt_gap_rel'.
WARNING:  Option 'mip_integral_gap_abs' deprecated, please use 'mip_opt_gap_abs'.
WARNING:  Option 'mip_integral_gap_rel' deprecated, please use 'mip_opt_gap_rel'.
WARNING:  Option 'mip_integral_gap_abs' deprecated, please use 'mip_opt_gap_abs'.
WARNING:  Option 'mip_integral_gap_rel' deprecated, please use 'mip_opt_gap_rel'.
WARNING:  Option 'mip_integral_gap_abs' deprecated, please use 'mip_opt_gap_abs'.
WARNING:  Option 'mip_integral_gap_rel' deprecated, please use 'mip_opt_gap_rel'.
WARNING:  Option 'mip_integral_gap_abs' deprecated, please use 'mip_opt_gap_abs'.
WARNING:  Option 'mip_integral_gap_rel' deprecated, please use 'mip_opt_gap_rel'.
WARNING:  Option 'mip_integral_gap_abs' deprecated, please use 'mip_opt_gap_abs'.
WARNING:  Option 'mip_integral_gap_rel' deprecated, please use 'mip_opt_gap_rel'.
WARNING:  Option 'mip_integral_gap_abs' deprecated, please use 'mip_opt_gap_abs'.
WARNING:  Option 'mip_integral_gap_rel' deprecated, please use 'mip_opt_gap_rel'.
    [θ-eval 70, gravity-feasible 36] seqR_mean=7.45e-05 ok=false seq_time=0.28s
WARNING:  Option 'mip_integral_gap_abs' deprecated, please use 'mip_opt_gap_abs'.
WARNING:  Option 'mip_integral_gap_rel' deprecated, please use 'mip_opt_gap_rel'.
WARNING:  Option 'mip_integral_gap_abs' deprecated, please use 'mip_opt_gap_abs'.
WARNING:  Option 'mip_integral_gap_rel' deprecated, please use 'mip_opt_gap_rel'.
WARNING:  Option 'mip_integral_gap_abs' deprecated, please use 'mip_opt_gap_abs'.
WARNING:  Option 'mip_integral_gap_rel' deprecated, please use 'mip_opt_gap_rel'.
WARNING:  Option 'mip_integral_gap_abs' deprecated, please use 'mip_opt_gap_abs'.
WARNING:  Option 'mip_integral_gap_rel' deprecated, please use 'mip_opt_gap_rel'.
WARNING:  Option 'mip_integral_gap_abs' deprecated, please use 'mip_opt_gap_abs'.
WARNING:  Option 'mip_integral_gap_rel' deprecated, please use 'mip_opt_gap_rel'.
WARNING:  Option 'mip_integral_gap_abs' deprecated, please use 'mip_opt_gap_abs'.
WARNING:  Option 'mip_integral_gap_rel' deprecated, please use 'mip_opt_gap_rel'.
WARNING:  Option 'mip_integral_gap_abs' deprecated, please use 'mip_opt_gap_abs'.
WARNING:  Option 'mip_integral_gap_rel' deprecated, please use 'mip_opt_gap_rel'.
WARNING:  Option 'mip_integral_gap_abs' deprecated, please use 'mip_opt_gap_abs'.
WARNING:  Option 'mip_integral_gap_rel' deprecated, please use 'mip_opt_gap_rel'.
WARNING:  Option 'mip_integral_gap_abs' deprecated, please use 'mip_opt_gap_abs'.
WARNING:  Option 'mip_integral_gap_rel' deprecated, please use 'mip_opt_gap_rel'.
WARNING:  Option 'mip_integral_gap_abs' deprecated, please use 'mip_opt_gap_abs'.
WARNING:  Option 'mip_integral_gap_rel' deprecated, please use 'mip_opt_gap_rel'.
WARNING:  Option 'mip_integral_gap_abs' deprecated, please use 'mip_opt_gap_abs'.
WARNING:  Option 'mip_integral_gap_rel' deprecated, please use 'mip_opt_gap_rel'.
WARNING:  Option 'mip_integral_gap_abs' deprecated, please use 'mip_opt_gap_abs'.
WARNING:  Option 'mip_integral_gap_rel' deprecated, please use 'mip_opt_gap_rel'.
WARNING:  Option 'mip_integral_gap_abs' deprecated, please use 'mip_opt_gap_abs'.
WARNING:  Option 'mip_integral_gap_rel' deprecated, please use 'mip_opt_gap_rel'.
WARNING:  Option 'mip_integral_gap_abs' deprecated, please use 'mip_opt_gap_abs'.
WARNING:  Option 'mip_integral_gap_rel' deprecated, please use 'mip_opt_gap_rel'.
WARNING:  Option 'mip_integral_gap_abs' deprecated, please use 'mip_opt_gap_abs'.
WARNING:  Option 'mip_integral_gap_rel' deprecated, please use 'mip_opt_gap_rel'.
WARNING:  Option 'mip_integral_gap_abs' deprecated, please use 'mip_opt_gap_abs'.
WARNING:  Option 'mip_integral_gap_rel' deprecated, please use 'mip_opt_gap_rel'.
WARNING:  Option 'mip_integral_gap_abs' deprecated, please use 'mip_opt_gap_abs'.
WARNING:  Option 'mip_integral_gap_rel' deprecated, please use 'mip_opt_gap_rel'.
WARNING:  Option 'mip_integral_gap_abs' deprecated, please use 'mip_opt_gap_abs'.
WARNING:  Option 'mip_integral_gap_rel' deprecated, please use 'mip_opt_gap_rel'.
WARNING:  Option 'mip_integral_gap_abs' deprecated, please use 'mip_opt_gap_abs'.
WARNING:  Option 'mip_integral_gap_rel' deprecated, please use 'mip_opt_gap_rel'.
WARNING:  Option 'mip_integral_gap_abs' deprecated, please use 'mip_opt_gap_abs'.
WARNING:  Option 'mip_integral_gap_rel' deprecated, please use 'mip_opt_gap_rel'.
WARNING:  Option 'mip_integral_gap_abs' deprecated, please use 'mip_opt_gap_abs'.
WARNING:  Option 'mip_integral_gap_rel' deprecated, please use 'mip_opt_gap_rel'.
WARNING:  Option 'mip_integral_gap_abs' deprecated, please use 'mip_opt_gap_abs'.
WARNING:  Option 'mip_integral_gap_rel' deprecated, please use 'mip_opt_gap_rel'.
    [θ-eval 80, gravity-feasible 36] seqR_mean=1.32e-04 ok=false seq_time=0.35s
WARNING:  Option 'mip_integral_gap_abs' deprecated, please use 'mip_opt_gap_abs'.
WARNING:  Option 'mip_integral_gap_rel' deprecated, please use 'mip_opt_gap_rel'.
WARNING:  Option 'mip_integral_gap_abs' deprecated, please use 'mip_opt_gap_abs'.
WARNING:  Option 'mip_integral_gap_rel' deprecated, please use 'mip_opt_gap_rel'.
WARNING:  Option 'mip_integral_gap_abs' deprecated, please use 'mip_opt_gap_abs'.
WARNING:  Option 'mip_integral_gap_rel' deprecated, please use 'mip_opt_gap_rel'.
WARNING:  Option 'mip_integral_gap_abs' deprecated, please use 'mip_opt_gap_abs'.
WARNING:  Option 'mip_integral_gap_rel' deprecated, please use 'mip_opt_gap_rel'.
WARNING:  Option 'mip_integral_gap_abs' deprecated, please use 'mip_opt_gap_abs'.
WARNING:  Option 'mip_integral_gap_rel' deprecated, please use 'mip_opt_gap_rel'.
WARNING:  Option 'mip_integral_gap_abs' deprecated, please use 'mip_opt_gap_abs'.
WARNING:  Option 'mip_integral_gap_rel' deprecated, please use 'mip_opt_gap_rel'.
WARNING:  Option 'mip_integral_gap_abs' deprecated, please use 'mip_opt_gap_abs'.
WARNING:  Option 'mip_integral_gap_rel' deprecated, please use 'mip_opt_gap_rel'.
WARNING:  Option 'mip_integral_gap_abs' deprecated, please use 'mip_opt_gap_abs'.
WARNING:  Option 'mip_integral_gap_rel' deprecated, please use 'mip_opt_gap_rel'.
WARNING:  Option 'mip_integral_gap_abs' deprecated, please use 'mip_opt_gap_abs'.
WARNING:  Option 'mip_integral_gap_rel' deprecated, please use 'mip_opt_gap_rel'.
WARNING:  Option 'mip_integral_gap_abs' deprecated, please use 'mip_opt_gap_abs'.
WARNING:  Option 'mip_integral_gap_rel' deprecated, please use 'mip_opt_gap_rel'.
WARNING:  Option 'mip_integral_gap_abs' deprecated, please use 'mip_opt_gap_abs'.
WARNING:  Option 'mip_integral_gap_rel' deprecated, please use 'mip_opt_gap_rel'.
WARNING:  Option 'mip_integral_gap_abs' deprecated, please use 'mip_opt_gap_abs'.
WARNING:  Option 'mip_integral_gap_rel' deprecated, please use 'mip_opt_gap_rel'.
WARNING:  Option 'mip_integral_gap_abs' deprecated, please use 'mip_opt_gap_abs'.
WARNING:  Option 'mip_integral_gap_rel' deprecated, please use 'mip_opt_gap_rel'.
WARNING:  Option 'mip_integral_gap_abs' deprecated, please use 'mip_opt_gap_abs'.
WARNING:  Option 'mip_integral_gap_rel' deprecated, please use 'mip_opt_gap_rel'.
WARNING:  Option 'mip_integral_gap_abs' deprecated, please use 'mip_opt_gap_abs'.
WARNING:  Option 'mip_integral_gap_rel' deprecated, please use 'mip_opt_gap_rel'.
WARNING:  Option 'mip_integral_gap_abs' deprecated, please use 'mip_opt_gap_abs'.
WARNING:  Option 'mip_integral_gap_rel' deprecated, please use 'mip_opt_gap_rel'.
WARNING:  Option 'mip_integral_gap_abs' deprecated, please use 'mip_opt_gap_abs'.
WARNING:  Option 'mip_integral_gap_rel' deprecated, please use 'mip_opt_gap_rel'.
WARNING:  Option 'mip_integral_gap_abs' deprecated, please use 'mip_opt_gap_abs'.
WARNING:  Option 'mip_integral_gap_rel' deprecated, please use 'mip_opt_gap_rel'.
WARNING:  Option 'mip_integral_gap_abs' deprecated, please use 'mip_opt_gap_abs'.
WARNING:  Option 'mip_integral_gap_rel' deprecated, please use 'mip_opt_gap_rel'.
WARNING:  Option 'mip_integral_gap_abs' deprecated, please use 'mip_opt_gap_abs'.
WARNING:  Option 'mip_integral_gap_rel' deprecated, please use 'mip_opt_gap_rel'.
WARNING:  Option 'mip_integral_gap_abs' deprecated, please use 'mip_opt_gap_abs'.
WARNING:  Option 'mip_integral_gap_rel' deprecated, please use 'mip_opt_gap_rel'.
    [θ-eval 90, gravity-feasible 38] seqR_mean=1.72e-04 ok=true seq_time=0.53s
WARNING:  Option 'mip_integral_gap_abs' deprecated, please use 'mip_opt_gap_abs'.
WARNING:  Option 'mip_integral_gap_rel' deprecated, please use 'mip_opt_gap_rel'.
WARNING:  Option 'mip_integral_gap_abs' deprecated, please use 'mip_opt_gap_abs'.
WARNING:  Option 'mip_integral_gap_rel' deprecated, please use 'mip_opt_gap_rel'.
WARNING:  Option 'mip_integral_gap_abs' deprecated, please use 'mip_opt_gap_abs'.
WARNING:  Option 'mip_integral_gap_rel' deprecated, please use 'mip_opt_gap_rel'.
WARNING:  Option 'mip_integral_gap_abs' deprecated, please use 'mip_opt_gap_abs'.
WARNING:  Option 'mip_integral_gap_rel' deprecated, please use 'mip_opt_gap_rel'.
WARNING:  Option 'mip_integral_gap_abs' deprecated, please use 'mip_opt_gap_abs'.
WARNING:  Option 'mip_integral_gap_rel' deprecated, please use 'mip_opt_gap_rel'.
WARNING:  Option 'mip_integral_gap_abs' deprecated, please use 'mip_opt_gap_abs'.
WARNING:  Option 'mip_integral_gap_rel' deprecated, please use 'mip_opt_gap_rel'.
WARNING:  Option 'mip_integral_gap_abs' deprecated, please use 'mip_opt_gap_abs'.
WARNING:  Option 'mip_integral_gap_rel' deprecated, please use 'mip_opt_gap_rel'.
WARNING:  Option 'mip_integral_gap_abs' deprecated, please use 'mip_opt_gap_abs'.
WARNING:  Option 'mip_integral_gap_rel' deprecated, please use 'mip_opt_gap_rel'.
WARNING:  Option 'mip_integral_gap_abs' deprecated, please use 'mip_opt_gap_abs'.
WARNING:  Option 'mip_integral_gap_rel' deprecated, please use 'mip_opt_gap_rel'.
WARNING:  Option 'mip_integral_gap_abs' deprecated, please use 'mip_opt_gap_abs'.
WARNING:  Option 'mip_integral_gap_rel' deprecated, please use 'mip_opt_gap_rel'.
WARNING:  Option 'mip_integral_gap_abs' deprecated, please use 'mip_opt_gap_abs'.
WARNING:  Option 'mip_integral_gap_rel' deprecated, please use 'mip_opt_gap_rel'.
WARNING:  Option 'mip_integral_gap_abs' deprecated, please use 'mip_opt_gap_abs'.
WARNING:  Option 'mip_integral_gap_rel' deprecated, please use 'mip_opt_gap_rel'.
WARNING:  Option 'mip_integral_gap_abs' deprecated, please use 'mip_opt_gap_abs'.
WARNING:  Option 'mip_integral_gap_rel' deprecated, please use 'mip_opt_gap_rel'.
WARNING:  Option 'mip_integral_gap_abs' deprecated, please use 'mip_opt_gap_abs'.
WARNING:  Option 'mip_integral_gap_rel' deprecated, please use 'mip_opt_gap_rel'.
WARNING:  Option 'mip_integral_gap_abs' deprecated, please use 'mip_opt_gap_abs'.
WARNING:  Option 'mip_integral_gap_rel' deprecated, please use 'mip_opt_gap_rel'.
WARNING:  Option 'mip_integral_gap_abs' deprecated, please use 'mip_opt_gap_abs'.
WARNING:  Option 'mip_integral_gap_rel' deprecated, please use 'mip_opt_gap_rel'.
WARNING:  Option 'mip_integral_gap_abs' deprecated, please use 'mip_opt_gap_abs'.
WARNING:  Option 'mip_integral_gap_rel' deprecated, please use 'mip_opt_gap_rel'.
WARNING:  Option 'mip_integral_gap_abs' deprecated, please use 'mip_opt_gap_abs'.
WARNING:  Option 'mip_integral_gap_rel' deprecated, please use 'mip_opt_gap_rel'.
WARNING:  Option 'mip_integral_gap_abs' deprecated, please use 'mip_opt_gap_abs'.
WARNING:  Option 'mip_integral_gap_rel' deprecated, please use 'mip_opt_gap_rel'.
WARNING:  Option 'mip_integral_gap_abs' deprecated, please use 'mip_opt_gap_abs'.
WARNING:  Option 'mip_integral_gap_rel' deprecated, please use 'mip_opt_gap_rel'.
WARNING:  Option 'mip_integral_gap_abs' deprecated, please use 'mip_opt_gap_abs'.
WARNING:  Option 'mip_integral_gap_rel' deprecated, please use 'mip_opt_gap_rel'.
    [θ-eval 100, gravity-feasible 43] seqR_mean=5.75e-05 ok=false seq_time=0.32s
WARNING:  Option 'mip_integral_gap_abs' deprecated, please use 'mip_opt_gap_abs'.
WARNING:  Option 'mip_integral_gap_rel' deprecated, please use 'mip_opt_gap_rel'.
WARNING:  Option 'mip_integral_gap_abs' deprecated, please use 'mip_opt_gap_abs'.
WARNING:  Option 'mip_integral_gap_rel' deprecated, please use 'mip_opt_gap_rel'.
WARNING:  Option 'mip_integral_gap_abs' deprecated, please use 'mip_opt_gap_abs'.
WARNING:  Option 'mip_integral_gap_rel' deprecated, please use 'mip_opt_gap_rel'.
WARNING:  Option 'mip_integral_gap_abs' deprecated, please use 'mip_opt_gap_abs'.
WARNING:  Option 'mip_integral_gap_rel' deprecated, please use 'mip_opt_gap_rel'.
WARNING:  Option 'mip_integral_gap_abs' deprecated, please use 'mip_opt_gap_abs'.
WARNING:  Option 'mip_integral_gap_rel' deprecated, please use 'mip_opt_gap_rel'.
WARNING:  Option 'mip_integral_gap_abs' deprecated, please use 'mip_opt_gap_abs'.
WARNING:  Option 'mip_integral_gap_rel' deprecated, please use 'mip_opt_gap_rel'.
WARNING:  Option 'mip_integral_gap_abs' deprecated, please use 'mip_opt_gap_abs'.
WARNING:  Option 'mip_integral_gap_rel' deprecated, please use 'mip_opt_gap_rel'.
WARNING:  Option 'mip_integral_gap_abs' deprecated, please use 'mip_opt_gap_abs'.
WARNING:  Option 'mip_integral_gap_rel' deprecated, please use 'mip_opt_gap_rel'.
WARNING:  Option 'mip_integral_gap_abs' deprecated, please use 'mip_opt_gap_abs'.
WARNING:  Option 'mip_integral_gap_rel' deprecated, please use 'mip_opt_gap_rel'.
WARNING:  Option 'mip_integral_gap_abs' deprecated, please use 'mip_opt_gap_abs'.
WARNING:  Option 'mip_integral_gap_rel' deprecated, please use 'mip_opt_gap_rel'.
WARNING:  Option 'mip_integral_gap_abs' deprecated, please use 'mip_opt_gap_abs'.
WARNING:  Option 'mip_integral_gap_rel' deprecated, please use 'mip_opt_gap_rel'.
WARNING:  Option 'mip_integral_gap_abs' deprecated, please use 'mip_opt_gap_abs'.
WARNING:  Option 'mip_integral_gap_rel' deprecated, please use 'mip_opt_gap_rel'.
WARNING:  Option 'mip_integral_gap_abs' deprecated, please use 'mip_opt_gap_abs'.
WARNING:  Option 'mip_integral_gap_rel' deprecated, please use 'mip_opt_gap_rel'.
WARNING:  Option 'mip_integral_gap_abs' deprecated, please use 'mip_opt_gap_abs'.
WARNING:  Option 'mip_integral_gap_rel' deprecated, please use 'mip_opt_gap_rel'.
WARNING:  Option 'mip_integral_gap_abs' deprecated, please use 'mip_opt_gap_abs'.
WARNING:  Option 'mip_integral_gap_rel' deprecated, please use 'mip_opt_gap_rel'.
WARNING:  Option 'mip_integral_gap_abs' deprecated, please use 'mip_opt_gap_abs'.
WARNING:  Option 'mip_integral_gap_rel' deprecated, please use 'mip_opt_gap_rel'.
WARNING:  Option 'mip_integral_gap_abs' deprecated, please use 'mip_opt_gap_abs'.
WARNING:  Option 'mip_integral_gap_rel' deprecated, please use 'mip_opt_gap_rel'.
WARNING:  Option 'mip_integral_gap_abs' deprecated, please use 'mip_opt_gap_abs'.
WARNING:  Option 'mip_integral_gap_rel' deprecated, please use 'mip_opt_gap_rel'.
WARNING:  Option 'mip_integral_gap_abs' deprecated, please use 'mip_opt_gap_abs'.
WARNING:  Option 'mip_integral_gap_rel' deprecated, please use 'mip_opt_gap_rel'.
WARNING:  Option 'mip_integral_gap_abs' deprecated, please use 'mip_opt_gap_abs'.
WARNING:  Option 'mip_integral_gap_rel' deprecated, please use 'mip_opt_gap_rel'.
WARNING:  Option 'mip_integral_gap_abs' deprecated, please use 'mip_opt_gap_abs'.
WARNING:  Option 'mip_integral_gap_rel' deprecated, please use 'mip_opt_gap_rel'.
WARNING:  Option 'mip_integral_gap_abs' deprecated, please use 'mip_opt_gap_abs'.
WARNING:  Option 'mip_integral_gap_rel' deprecated, please use 'mip_opt_gap_rel'.
WARNING:  Option 'mip_integral_gap_abs' deprecated, please use 'mip_opt_gap_abs'.
WARNING:  Option 'mip_integral_gap_rel' deprecated, please use 'mip_opt_gap_rel'.
    [θ-eval 110, gravity-feasible 44] seqR_mean=3.54e-05 ok=false seq_time=2.88s
WARNING:  Option 'mip_integral_gap_abs' deprecated, please use 'mip_opt_gap_abs'.
WARNING:  Option 'mip_integral_gap_rel' deprecated, please use 'mip_opt_gap_rel'.
WARNING:  Option 'mip_integral_gap_abs' deprecated, please use 'mip_opt_gap_abs'.
WARNING:  Option 'mip_integral_gap_rel' deprecated, please use 'mip_opt_gap_rel'.
WARNING:  Option 'mip_integral_gap_abs' deprecated, please use 'mip_opt_gap_abs'.
WARNING:  Option 'mip_integral_gap_rel' deprecated, please use 'mip_opt_gap_rel'.
WARNING:  Option 'mip_integral_gap_abs' deprecated, please use 'mip_opt_gap_abs'.
WARNING:  Option 'mip_integral_gap_rel' deprecated, please use 'mip_opt_gap_rel'.
WARNING:  Option 'mip_integral_gap_abs' deprecated, please use 'mip_opt_gap_abs'.
WARNING:  Option 'mip_integral_gap_rel' deprecated, please use 'mip_opt_gap_rel'.
WARNING:  Option 'mip_integral_gap_abs' deprecated, please use 'mip_opt_gap_abs'.
WARNING:  Option 'mip_integral_gap_rel' deprecated, please use 'mip_opt_gap_rel'.
WARNING:  Option 'mip_integral_gap_abs' deprecated, please use 'mip_opt_gap_abs'.
WARNING:  Option 'mip_integral_gap_rel' deprecated, please use 'mip_opt_gap_rel'.
WARNING:  Option 'mip_integral_gap_abs' deprecated, please use 'mip_opt_gap_abs'.
WARNING:  Option 'mip_integral_gap_rel' deprecated, please use 'mip_opt_gap_rel'.
WARNING:  Option 'mip_integral_gap_abs' deprecated, please use 'mip_opt_gap_abs'.
WARNING:  Option 'mip_integral_gap_rel' deprecated, please use 'mip_opt_gap_rel'.
WARNING:  Option 'mip_integral_gap_abs' deprecated, please use 'mip_opt_gap_abs'.
WARNING:  Option 'mip_integral_gap_rel' deprecated, please use 'mip_opt_gap_rel'.
WARNING:  Option 'mip_integral_gap_abs' deprecated, please use 'mip_opt_gap_abs'.
WARNING:  Option 'mip_integral_gap_rel' deprecated, please use 'mip_opt_gap_rel'.
WARNING:  Option 'mip_integral_gap_abs' deprecated, please use 'mip_opt_gap_abs'.
WARNING:  Option 'mip_integral_gap_rel' deprecated, please use 'mip_opt_gap_rel'.
WARNING:  Option 'mip_integral_gap_abs' deprecated, please use 'mip_opt_gap_abs'.
WARNING:  Option 'mip_integral_gap_rel' deprecated, please use 'mip_opt_gap_rel'.
WARNING:  Option 'mip_integral_gap_abs' deprecated, please use 'mip_opt_gap_abs'.
WARNING:  Option 'mip_integral_gap_rel' deprecated, please use 'mip_opt_gap_rel'.
WARNING:  Option 'mip_integral_gap_abs' deprecated, please use 'mip_opt_gap_abs'.
WARNING:  Option 'mip_integral_gap_rel' deprecated, please use 'mip_opt_gap_rel'.
WARNING:  Option 'mip_integral_gap_abs' deprecated, please use 'mip_opt_gap_abs'.
WARNING:  Option 'mip_integral_gap_rel' deprecated, please use 'mip_opt_gap_rel'.
WARNING:  Option 'mip_integral_gap_abs' deprecated, please use 'mip_opt_gap_abs'.
WARNING:  Option 'mip_integral_gap_rel' deprecated, please use 'mip_opt_gap_rel'.
WARNING:  Option 'mip_integral_gap_abs' deprecated, please use 'mip_opt_gap_abs'.
WARNING:  Option 'mip_integral_gap_rel' deprecated, please use 'mip_opt_gap_rel'.
WARNING:  Option 'mip_integral_gap_abs' deprecated, please use 'mip_opt_gap_abs'.
WARNING:  Option 'mip_integral_gap_rel' deprecated, please use 'mip_opt_gap_rel'.
WARNING:  Option 'mip_integral_gap_abs' deprecated, please use 'mip_opt_gap_abs'.
WARNING:  Option 'mip_integral_gap_rel' deprecated, please use 'mip_opt_gap_rel'.
    [θ-eval 120, gravity-feasible 47] seqR_mean=9.16e-05 ok=true seq_time=0.81s
WARNING:  Option 'mip_integral_gap_abs' deprecated, please use 'mip_opt_gap_abs'.
WARNING:  Option 'mip_integral_gap_rel' deprecated, please use 'mip_opt_gap_rel'.
WARNING:  Option 'mip_integral_gap_abs' deprecated, please use 'mip_opt_gap_abs'.
WARNING:  Option 'mip_integral_gap_rel' deprecated, please use 'mip_opt_gap_rel'.
WARNING:  Option 'mip_integral_gap_abs' deprecated, please use 'mip_opt_gap_abs'.
WARNING:  Option 'mip_integral_gap_rel' deprecated, please use 'mip_opt_gap_rel'.
WARNING:  Option 'mip_integral_gap_abs' deprecated, please use 'mip_opt_gap_abs'.
WARNING:  Option 'mip_integral_gap_rel' deprecated, please use 'mip_opt_gap_rel'.
WARNING:  Option 'mip_integral_gap_abs' deprecated, please use 'mip_opt_gap_abs'.
WARNING:  Option 'mip_integral_gap_rel' deprecated, please use 'mip_opt_gap_rel'.
WARNING:  Option 'mip_integral_gap_abs' deprecated, please use 'mip_opt_gap_abs'.
WARNING:  Option 'mip_integral_gap_rel' deprecated, please use 'mip_opt_gap_rel'.
WARNING:  Option 'mip_integral_gap_abs' deprecated, please use 'mip_opt_gap_abs'.
WARNING:  Option 'mip_integral_gap_rel' deprecated, please use 'mip_opt_gap_rel'.
WARNING:  Option 'mip_integral_gap_abs' deprecated, please use 'mip_opt_gap_abs'.
WARNING:  Option 'mip_integral_gap_rel' deprecated, please use 'mip_opt_gap_rel'.
WARNING:  Option 'mip_integral_gap_abs' deprecated, please use 'mip_opt_gap_abs'.
WARNING:  Option 'mip_integral_gap_rel' deprecated, please use 'mip_opt_gap_rel'.
WARNING:  Option 'mip_integral_gap_abs' deprecated, please use 'mip_opt_gap_abs'.
WARNING:  Option 'mip_integral_gap_rel' deprecated, please use 'mip_opt_gap_rel'.
WARNING:  Option 'mip_integral_gap_abs' deprecated, please use 'mip_opt_gap_abs'.
WARNING:  Option 'mip_integral_gap_rel' deprecated, please use 'mip_opt_gap_rel'.
WARNING:  Option 'mip_integral_gap_abs' deprecated, please use 'mip_opt_gap_abs'.
WARNING:  Option 'mip_integral_gap_rel' deprecated, please use 'mip_opt_gap_rel'.
WARNING:  Option 'mip_integral_gap_abs' deprecated, please use 'mip_opt_gap_abs'.
WARNING:  Option 'mip_integral_gap_rel' deprecated, please use 'mip_opt_gap_rel'.
WARNING:  Option 'mip_integral_gap_abs' deprecated, please use 'mip_opt_gap_abs'.
WARNING:  Option 'mip_integral_gap_rel' deprecated, please use 'mip_opt_gap_rel'.
WARNING:  Option 'mip_integral_gap_abs' deprecated, please use 'mip_opt_gap_abs'.
WARNING:  Option 'mip_integral_gap_rel' deprecated, please use 'mip_opt_gap_rel'.
WARNING:  Option 'mip_integral_gap_abs' deprecated, please use 'mip_opt_gap_abs'.
WARNING:  Option 'mip_integral_gap_rel' deprecated, please use 'mip_opt_gap_rel'.
WARNING:  Option 'mip_integral_gap_abs' deprecated, please use 'mip_opt_gap_abs'.
WARNING:  Option 'mip_integral_gap_rel' deprecated, please use 'mip_opt_gap_rel'.
WARNING:  Option 'mip_integral_gap_abs' deprecated, please use 'mip_opt_gap_abs'.
WARNING:  Option 'mip_integral_gap_rel' deprecated, please use 'mip_opt_gap_rel'.
WARNING:  Option 'mip_integral_gap_abs' deprecated, please use 'mip_opt_gap_abs'.
WARNING:  Option 'mip_integral_gap_rel' deprecated, please use 'mip_opt_gap_rel'.
WARNING:  Option 'mip_integral_gap_abs' deprecated, please use 'mip_opt_gap_abs'.
WARNING:  Option 'mip_integral_gap_rel' deprecated, please use 'mip_opt_gap_rel'.
WARNING:  Option 'mip_integral_gap_abs' deprecated, please use 'mip_opt_gap_abs'.
WARNING:  Option 'mip_integral_gap_rel' deprecated, please use 'mip_opt_gap_rel'.
WARNING:  Option 'mip_integral_gap_abs' deprecated, please use 'mip_opt_gap_abs'.
WARNING:  Option 'mip_integral_gap_rel' deprecated, please use 'mip_opt_gap_rel'.
WARNING:  Option 'mip_integral_gap_abs' deprecated, please use 'mip_opt_gap_abs'.
WARNING:  Option 'mip_integral_gap_rel' deprecated, please use 'mip_opt_gap_rel'.
    [θ-eval 130, gravity-feasible 51] seqR_mean=3.34e-04 ok=false seq_time=0.79s
WARNING:  Option 'mip_integral_gap_abs' deprecated, please use 'mip_opt_gap_abs'.
WARNING:  Option 'mip_integral_gap_rel' deprecated, please use 'mip_opt_gap_rel'.
WARNING:  Option 'mip_integral_gap_abs' deprecated, please use 'mip_opt_gap_abs'.
WARNING:  Option 'mip_integral_gap_rel' deprecated, please use 'mip_opt_gap_rel'.
WARNING:  Option 'mip_integral_gap_abs' deprecated, please use 'mip_opt_gap_abs'.
WARNING:  Option 'mip_integral_gap_rel' deprecated, please use 'mip_opt_gap_rel'.
WARNING:  Option 'mip_integral_gap_abs' deprecated, please use 'mip_opt_gap_abs'.
WARNING:  Option 'mip_integral_gap_rel' deprecated, please use 'mip_opt_gap_rel'.
WARNING:  Option 'mip_integral_gap_abs' deprecated, please use 'mip_opt_gap_abs'.
WARNING:  Option 'mip_integral_gap_rel' deprecated, please use 'mip_opt_gap_rel'.
WARNING:  Option 'mip_integral_gap_abs' deprecated, please use 'mip_opt_gap_abs'.
WARNING:  Option 'mip_integral_gap_rel' deprecated, please use 'mip_opt_gap_rel'.
WARNING:  Option 'mip_integral_gap_abs' deprecated, please use 'mip_opt_gap_abs'.
WARNING:  Option 'mip_integral_gap_rel' deprecated, please use 'mip_opt_gap_rel'.
WARNING:  Option 'mip_integral_gap_abs' deprecated, please use 'mip_opt_gap_abs'.
WARNING:  Option 'mip_integral_gap_rel' deprecated, please use 'mip_opt_gap_rel'.
WARNING:  Option 'mip_integral_gap_abs' deprecated, please use 'mip_opt_gap_abs'.
WARNING:  Option 'mip_integral_gap_rel' deprecated, please use 'mip_opt_gap_rel'.
WARNING:  Option 'mip_integral_gap_abs' deprecated, please use 'mip_opt_gap_abs'.
WARNING:  Option 'mip_integral_gap_rel' deprecated, please use 'mip_opt_gap_rel'.
WARNING:  Option 'mip_integral_gap_abs' deprecated, please use 'mip_opt_gap_abs'.
WARNING:  Option 'mip_integral_gap_rel' deprecated, please use 'mip_opt_gap_rel'.
WARNING:  Option 'mip_integral_gap_abs' deprecated, please use 'mip_opt_gap_abs'.
WARNING:  Option 'mip_integral_gap_rel' deprecated, please use 'mip_opt_gap_rel'.
WARNING:  Option 'mip_integral_gap_abs' deprecated, please use 'mip_opt_gap_abs'.
WARNING:  Option 'mip_integral_gap_rel' deprecated, please use 'mip_opt_gap_rel'.
WARNING:  Option 'mip_integral_gap_abs' deprecated, please use 'mip_opt_gap_abs'.
WARNING:  Option 'mip_integral_gap_rel' deprecated, please use 'mip_opt_gap_rel'.
WARNING:  Option 'mip_integral_gap_abs' deprecated, please use 'mip_opt_gap_abs'.
WARNING:  Option 'mip_integral_gap_rel' deprecated, please use 'mip_opt_gap_rel'.
WARNING:  Option 'mip_integral_gap_abs' deprecated, please use 'mip_opt_gap_abs'.
WARNING:  Option 'mip_integral_gap_rel' deprecated, please use 'mip_opt_gap_rel'.
WARNING:  Option 'mip_integral_gap_abs' deprecated, please use 'mip_opt_gap_abs'.
WARNING:  Option 'mip_integral_gap_rel' deprecated, please use 'mip_opt_gap_rel'.
WARNING:  Option 'mip_integral_gap_abs' deprecated, please use 'mip_opt_gap_abs'.
WARNING:  Option 'mip_integral_gap_rel' deprecated, please use 'mip_opt_gap_rel'.
WARNING:  Option 'mip_integral_gap_abs' deprecated, please use 'mip_opt_gap_abs'.
WARNING:  Option 'mip_integral_gap_rel' deprecated, please use 'mip_opt_gap_rel'.
WARNING:  Option 'mip_integral_gap_abs' deprecated, please use 'mip_opt_gap_abs'.
WARNING:  Option 'mip_integral_gap_rel' deprecated, please use 'mip_opt_gap_rel'.
    [θ-eval 140, gravity-feasible 52] seqR_mean=1.02e-04 ok=false seq_time=0.75s
WARNING:  Option 'mip_integral_gap_abs' deprecated, please use 'mip_opt_gap_abs'.
WARNING:  Option 'mip_integral_gap_rel' deprecated, please use 'mip_opt_gap_rel'.
WARNING:  Option 'mip_integral_gap_abs' deprecated, please use 'mip_opt_gap_abs'.
WARNING:  Option 'mip_integral_gap_rel' deprecated, please use 'mip_opt_gap_rel'.
WARNING:  Option 'mip_integral_gap_abs' deprecated, please use 'mip_opt_gap_abs'.
WARNING:  Option 'mip_integral_gap_rel' deprecated, please use 'mip_opt_gap_rel'.
WARNING:  Option 'mip_integral_gap_abs' deprecated, please use 'mip_opt_gap_abs'.
WARNING:  Option 'mip_integral_gap_rel' deprecated, please use 'mip_opt_gap_rel'.
WARNING:  Option 'mip_integral_gap_abs' deprecated, please use 'mip_opt_gap_abs'.
WARNING:  Option 'mip_integral_gap_rel' deprecated, please use 'mip_opt_gap_rel'.
WARNING:  Option 'mip_integral_gap_abs' deprecated, please use 'mip_opt_gap_abs'.
WARNING:  Option 'mip_integral_gap_rel' deprecated, please use 'mip_opt_gap_rel'.
WARNING:  Option 'mip_integral_gap_abs' deprecated, please use 'mip_opt_gap_abs'.
WARNING:  Option 'mip_integral_gap_rel' deprecated, please use 'mip_opt_gap_rel'.
WARNING:  Option 'mip_integral_gap_abs' deprecated, please use 'mip_opt_gap_abs'.
WARNING:  Option 'mip_integral_gap_rel' deprecated, please use 'mip_opt_gap_rel'.
WARNING:  Option 'mip_integral_gap_abs' deprecated, please use 'mip_opt_gap_abs'.
WARNING:  Option 'mip_integral_gap_rel' deprecated, please use 'mip_opt_gap_rel'.
WARNING:  Option 'mip_integral_gap_abs' deprecated, please use 'mip_opt_gap_abs'.
WARNING:  Option 'mip_integral_gap_rel' deprecated, please use 'mip_opt_gap_rel'.
WARNING:  Option 'mip_integral_gap_abs' deprecated, please use 'mip_opt_gap_abs'.
WARNING:  Option 'mip_integral_gap_rel' deprecated, please use 'mip_opt_gap_rel'.
WARNING:  Option 'mip_integral_gap_abs' deprecated, please use 'mip_opt_gap_abs'.
WARNING:  Option 'mip_integral_gap_rel' deprecated, please use 'mip_opt_gap_rel'.
WARNING:  Option 'mip_integral_gap_abs' deprecated, please use 'mip_opt_gap_abs'.
WARNING:  Option 'mip_integral_gap_rel' deprecated, please use 'mip_opt_gap_rel'.
WARNING:  Option 'mip_integral_gap_abs' deprecated, please use 'mip_opt_gap_abs'.
WARNING:  Option 'mip_integral_gap_rel' deprecated, please use 'mip_opt_gap_rel'.
WARNING:  Option 'mip_integral_gap_abs' deprecated, please use 'mip_opt_gap_abs'.
WARNING:  Option 'mip_integral_gap_rel' deprecated, please use 'mip_opt_gap_rel'.
WARNING:  Option 'mip_integral_gap_abs' deprecated, please use 'mip_opt_gap_abs'.
WARNING:  Option 'mip_integral_gap_rel' deprecated, please use 'mip_opt_gap_rel'.
WARNING:  Option 'mip_integral_gap_abs' deprecated, please use 'mip_opt_gap_abs'.
WARNING:  Option 'mip_integral_gap_rel' deprecated, please use 'mip_opt_gap_rel'.
WARNING:  Option 'mip_integral_gap_abs' deprecated, please use 'mip_opt_gap_abs'.
WARNING:  Option 'mip_integral_gap_rel' deprecated, please use 'mip_opt_gap_rel'.
WARNING:  Option 'mip_integral_gap_abs' deprecated, please use 'mip_opt_gap_abs'.
WARNING:  Option 'mip_integral_gap_rel' deprecated, please use 'mip_opt_gap_rel'.
WARNING:  Option 'mip_integral_gap_abs' deprecated, please use 'mip_opt_gap_abs'.
WARNING:  Option 'mip_integral_gap_rel' deprecated, please use 'mip_opt_gap_rel'.
    [θ-eval 150, gravity-feasible 53] seqR_mean=8.00e-05 ok=false seq_time=0.58s
WARNING:  Option 'mip_integral_gap_abs' deprecated, please use 'mip_opt_gap_abs'.
WARNING:  Option 'mip_integral_gap_rel' deprecated, please use 'mip_opt_gap_rel'.
WARNING:  Option 'mip_integral_gap_abs' deprecated, please use 'mip_opt_gap_abs'.
WARNING:  Option 'mip_integral_gap_rel' deprecated, please use 'mip_opt_gap_rel'.
WARNING:  Option 'mip_integral_gap_abs' deprecated, please use 'mip_opt_gap_abs'.
WARNING:  Option 'mip_integral_gap_rel' deprecated, please use 'mip_opt_gap_rel'.
WARNING:  Option 'mip_integral_gap_abs' deprecated, please use 'mip_opt_gap_abs'.
WARNING:  Option 'mip_integral_gap_rel' deprecated, please use 'mip_opt_gap_rel'.
WARNING:  Option 'mip_integral_gap_abs' deprecated, please use 'mip_opt_gap_abs'.
WARNING:  Option 'mip_integral_gap_rel' deprecated, please use 'mip_opt_gap_rel'.
WARNING:  Option 'mip_integral_gap_abs' deprecated, please use 'mip_opt_gap_abs'.
WARNING:  Option 'mip_integral_gap_rel' deprecated, please use 'mip_opt_gap_rel'.
WARNING:  Option 'mip_integral_gap_abs' deprecated, please use 'mip_opt_gap_abs'.
WARNING:  Option 'mip_integral_gap_rel' deprecated, please use 'mip_opt_gap_rel'.
WARNING:  Option 'mip_integral_gap_abs' deprecated, please use 'mip_opt_gap_abs'.
WARNING:  Option 'mip_integral_gap_rel' deprecated, please use 'mip_opt_gap_rel'.
WARNING:  Option 'mip_integral_gap_abs' deprecated, please use 'mip_opt_gap_abs'.
WARNING:  Option 'mip_integral_gap_rel' deprecated, please use 'mip_opt_gap_rel'.
WARNING:  Option 'mip_integral_gap_abs' deprecated, please use 'mip_opt_gap_abs'.
WARNING:  Option 'mip_integral_gap_rel' deprecated, please use 'mip_opt_gap_rel'.
WARNING:  Option 'mip_integral_gap_abs' deprecated, please use 'mip_opt_gap_abs'.
WARNING:  Option 'mip_integral_gap_rel' deprecated, please use 'mip_opt_gap_rel'.
WARNING:  Option 'mip_integral_gap_abs' deprecated, please use 'mip_opt_gap_abs'.
WARNING:  Option 'mip_integral_gap_rel' deprecated, please use 'mip_opt_gap_rel'.
WARNING:  Option 'mip_integral_gap_abs' deprecated, please use 'mip_opt_gap_abs'.
WARNING:  Option 'mip_integral_gap_rel' deprecated, please use 'mip_opt_gap_rel'.
WARNING:  Option 'mip_integral_gap_abs' deprecated, please use 'mip_opt_gap_abs'.
WARNING:  Option 'mip_integral_gap_rel' deprecated, please use 'mip_opt_gap_rel'.
WARNING:  Option 'mip_integral_gap_abs' deprecated, please use 'mip_opt_gap_abs'.
WARNING:  Option 'mip_integral_gap_rel' deprecated, please use 'mip_opt_gap_rel'.
WARNING:  Option 'mip_integral_gap_abs' deprecated, please use 'mip_opt_gap_abs'.
WARNING:  Option 'mip_integral_gap_rel' deprecated, please use 'mip_opt_gap_rel'.
WARNING:  Option 'mip_integral_gap_abs' deprecated, please use 'mip_opt_gap_abs'.
WARNING:  Option 'mip_integral_gap_rel' deprecated, please use 'mip_opt_gap_rel'.
WARNING:  Option 'mip_integral_gap_abs' deprecated, please use 'mip_opt_gap_abs'.
WARNING:  Option 'mip_integral_gap_rel' deprecated, please use 'mip_opt_gap_rel'.
WARNING:  Option 'mip_integral_gap_abs' deprecated, please use 'mip_opt_gap_abs'.
WARNING:  Option 'mip_integral_gap_rel' deprecated, please use 'mip_opt_gap_rel'.
WARNING:  Option 'mip_integral_gap_abs' deprecated, please use 'mip_opt_gap_abs'.
WARNING:  Option 'mip_integral_gap_rel' deprecated, please use 'mip_opt_gap_rel'.
WARNING:  Option 'mip_integral_gap_abs' deprecated, please use 'mip_opt_gap_abs'.
WARNING:  Option 'mip_integral_gap_rel' deprecated, please use 'mip_opt_gap_rel'.
WARNING:  Option 'mip_integral_gap_abs' deprecated, please use 'mip_opt_gap_abs'.
WARNING:  Option 'mip_integral_gap_rel' deprecated, please use 'mip_opt_gap_rel'.
WARNING:  Option 'mip_integral_gap_abs' deprecated, please use 'mip_opt_gap_abs'.
WARNING:  Option 'mip_integral_gap_rel' deprecated, please use 'mip_opt_gap_rel'.
WARNING:  Option 'mip_integral_gap_abs' deprecated, please use 'mip_opt_gap_abs'.
WARNING:  Option 'mip_integral_gap_rel' deprecated, please use 'mip_opt_gap_rel'.
    [θ-eval 160, gravity-feasible 53] seqR_mean=2.77e-04 ok=false seq_time=0.82s
WARNING:  Option 'mip_integral_gap_abs' deprecated, please use 'mip_opt_gap_abs'.
WARNING:  Option 'mip_integral_gap_rel' deprecated, please use 'mip_opt_gap_rel'.
WARNING:  Option 'mip_integral_gap_abs' deprecated, please use 'mip_opt_gap_abs'.
WARNING:  Option 'mip_integral_gap_rel' deprecated, please use 'mip_opt_gap_rel'.
WARNING:  Option 'mip_integral_gap_abs' deprecated, please use 'mip_opt_gap_abs'.
WARNING:  Option 'mip_integral_gap_rel' deprecated, please use 'mip_opt_gap_rel'.
WARNING:  Option 'mip_integral_gap_abs' deprecated, please use 'mip_opt_gap_abs'.
WARNING:  Option 'mip_integral_gap_rel' deprecated, please use 'mip_opt_gap_rel'.
WARNING:  Option 'mip_integral_gap_abs' deprecated, please use 'mip_opt_gap_abs'.
WARNING:  Option 'mip_integral_gap_rel' deprecated, please use 'mip_opt_gap_rel'.
WARNING:  Option 'mip_integral_gap_abs' deprecated, please use 'mip_opt_gap_abs'.
WARNING:  Option 'mip_integral_gap_rel' deprecated, please use 'mip_opt_gap_rel'.
WARNING:  Option 'mip_integral_gap_abs' deprecated, please use 'mip_opt_gap_abs'.
WARNING:  Option 'mip_integral_gap_rel' deprecated, please use 'mip_opt_gap_rel'.
WARNING:  Option 'mip_integral_gap_abs' deprecated, please use 'mip_opt_gap_abs'.
WARNING:  Option 'mip_integral_gap_rel' deprecated, please use 'mip_opt_gap_rel'.
WARNING:  Option 'mip_integral_gap_abs' deprecated, please use 'mip_opt_gap_abs'.
WARNING:  Option 'mip_integral_gap_rel' deprecated, please use 'mip_opt_gap_rel'.
WARNING:  Option 'mip_integral_gap_abs' deprecated, please use 'mip_opt_gap_abs'.
WARNING:  Option 'mip_integral_gap_rel' deprecated, please use 'mip_opt_gap_rel'.
WARNING:  Option 'mip_integral_gap_abs' deprecated, please use 'mip_opt_gap_abs'.
WARNING:  Option 'mip_integral_gap_rel' deprecated, please use 'mip_opt_gap_rel'.
WARNING:  Option 'mip_integral_gap_abs' deprecated, please use 'mip_opt_gap_abs'.
WARNING:  Option 'mip_integral_gap_rel' deprecated, please use 'mip_opt_gap_rel'.
WARNING:  Option 'mip_integral_gap_abs' deprecated, please use 'mip_opt_gap_abs'.
WARNING:  Option 'mip_integral_gap_rel' deprecated, please use 'mip_opt_gap_rel'.
WARNING:  Option 'mip_integral_gap_abs' deprecated, please use 'mip_opt_gap_abs'.
WARNING:  Option 'mip_integral_gap_rel' deprecated, please use 'mip_opt_gap_rel'.
WARNING:  Option 'mip_integral_gap_abs' deprecated, please use 'mip_opt_gap_abs'.
WARNING:  Option 'mip_integral_gap_rel' deprecated, please use 'mip_opt_gap_rel'.
WARNING:  Option 'mip_integral_gap_abs' deprecated, please use 'mip_opt_gap_abs'.
WARNING:  Option 'mip_integral_gap_rel' deprecated, please use 'mip_opt_gap_rel'.
---- upper bound cache stats ----
total callback invocations : 166
unique free-x points       : 165
inner solves                : 166  (warm=0 cold=166)
gradient computations      : 166
cache hits / misses         : 0 / 166
inner-solve time (s)       : 106.92
gradient time (s)          : 3.126
inner solves / unique x     : 1.006
WARNING:  Option 'mip_integral_gap_abs' deprecated, please use 'mip_opt_gap_abs'.
WARNING:  Option 'mip_integral_gap_rel' deprecated, please use 'mip_opt_gap_rel'.
WARNING:  Option 'mip_integral_gap_abs' deprecated, please use 'mip_opt_gap_abs'.
WARNING:  Option 'mip_integral_gap_rel' deprecated, please use 'mip_opt_gap_rel'.
  KNITRO:        gamma'_upper = 0.865305 -> kappa = 0.214255  (status -102)  exact R_mean(θ*) = 2.356e-04  gravity-feasible=false  wall 111.5s
  seq timing:    dest_inversion=174.41s (n=2115, nonconverged=0)  influence_fn=57.08s  gravity_residual=0.00s
  best-feasible: gamma'_upper = 0.865114 -> kappa = 0.214543  exact R_mean = 2.395e-04  gravity-feasible=false

----- upper bound: gamma'_focal MINIMIZED, delta=1 (warm-started) -----
WARNING:  Option 'mip_integral_gap_abs' deprecated, please use 'mip_opt_gap_abs'.
WARNING:  Option 'mip_integral_gap_rel' deprecated, please use 'mip_opt_gap_rel'.
WARNING:  Option 'mip_integral_gap_abs' deprecated, please use 'mip_opt_gap_abs'.
WARNING:  Option 'mip_integral_gap_rel' deprecated, please use 'mip_opt_gap_rel'.
WARNING:  Option 'mip_integral_gap_abs' deprecated, please use 'mip_opt_gap_abs'.
WARNING:  Option 'mip_integral_gap_rel' deprecated, please use 'mip_opt_gap_rel'.
WARNING:  Option 'mip_integral_gap_abs' deprecated, please use 'mip_opt_gap_abs'.
WARNING:  Option 'mip_integral_gap_rel' deprecated, please use 'mip_opt_gap_rel'.
WARNING:  Option 'mip_integral_gap_abs' deprecated, please use 'mip_opt_gap_abs'.
WARNING:  Option 'mip_integral_gap_rel' deprecated, please use 'mip_opt_gap_rel'.
WARNING:  Option 'mip_integral_gap_abs' deprecated, please use 'mip_opt_gap_abs'.
WARNING:  Option 'mip_integral_gap_rel' deprecated, please use 'mip_opt_gap_rel'.
WARNING:  Option 'mip_integral_gap_abs' deprecated, please use 'mip_opt_gap_abs'.
WARNING:  Option 'mip_integral_gap_rel' deprecated, please use 'mip_opt_gap_rel'.
WARNING:  Option 'mip_integral_gap_abs' deprecated, please use 'mip_opt_gap_abs'.
WARNING:  Option 'mip_integral_gap_rel' deprecated, please use 'mip_opt_gap_rel'.
WARNING:  Option 'mip_integral_gap_abs' deprecated, please use 'mip_opt_gap_abs'.
WARNING:  Option 'mip_integral_gap_rel' deprecated, please use 'mip_opt_gap_rel'.
WARNING:  Option 'mip_integral_gap_abs' deprecated, please use 'mip_opt_gap_abs'.
WARNING:  Option 'mip_integral_gap_rel' deprecated, please use 'mip_opt_gap_rel'.
WARNING:  Option 'mip_integral_gap_abs' deprecated, please use 'mip_opt_gap_abs'.
WARNING:  Option 'mip_integral_gap_rel' deprecated, please use 'mip_opt_gap_rel'.
WARNING:  Option 'mip_integral_gap_abs' deprecated, please use 'mip_opt_gap_abs'.
WARNING:  Option 'mip_integral_gap_rel' deprecated, please use 'mip_opt_gap_rel'.
WARNING:  Option 'mip_integral_gap_abs' deprecated, please use 'mip_opt_gap_abs'.
WARNING:  Option 'mip_integral_gap_rel' deprecated, please use 'mip_opt_gap_rel'.
WARNING:  Option 'mip_integral_gap_abs' deprecated, please use 'mip_opt_gap_abs'.
WARNING:  Option 'mip_integral_gap_rel' deprecated, please use 'mip_opt_gap_rel'.
WARNING:  Option 'mip_integral_gap_abs' deprecated, please use 'mip_opt_gap_abs'.
WARNING:  Option 'mip_integral_gap_rel' deprecated, please use 'mip_opt_gap_rel'.
WARNING:  Option 'mip_integral_gap_abs' deprecated, please use 'mip_opt_gap_abs'.
WARNING:  Option 'mip_integral_gap_rel' deprecated, please use 'mip_opt_gap_rel'.
WARNING:  Option 'mip_integral_gap_abs' deprecated, please use 'mip_opt_gap_abs'.
WARNING:  Option 'mip_integral_gap_rel' deprecated, please use 'mip_opt_gap_rel'.
WARNING:  Option 'mip_integral_gap_abs' deprecated, please use 'mip_opt_gap_abs'.
WARNING:  Option 'mip_integral_gap_rel' deprecated, please use 'mip_opt_gap_rel'.
WARNING:  Option 'mip_integral_gap_abs' deprecated, please use 'mip_opt_gap_abs'.
WARNING:  Option 'mip_integral_gap_rel' deprecated, please use 'mip_opt_gap_rel'.
WARNING:  Option 'mip_integral_gap_abs' deprecated, please use 'mip_opt_gap_abs'.
WARNING:  Option 'mip_integral_gap_rel' deprecated, please use 'mip_opt_gap_rel'.
WARNING:  Option 'mip_integral_gap_abs' deprecated, please use 'mip_opt_gap_abs'.
WARNING:  Option 'mip_integral_gap_rel' deprecated, please use 'mip_opt_gap_rel'.
WARNING:  Option 'mip_integral_gap_abs' deprecated, please use 'mip_opt_gap_abs'.
WARNING:  Option 'mip_integral_gap_rel' deprecated, please use 'mip_opt_gap_rel'.
WARNING:  Option 'mip_integral_gap_abs' deprecated, please use 'mip_opt_gap_abs'.
WARNING:  Option 'mip_integral_gap_rel' deprecated, please use 'mip_opt_gap_rel'.
WARNING:  Option 'mip_integral_gap_abs' deprecated, please use 'mip_opt_gap_abs'.
WARNING:  Option 'mip_integral_gap_rel' deprecated, please use 'mip_opt_gap_rel'.
WARNING:  Option 'mip_integral_gap_abs' deprecated, please use 'mip_opt_gap_abs'.
WARNING:  Option 'mip_integral_gap_rel' deprecated, please use 'mip_opt_gap_rel'.
WARNING:  Option 'mip_integral_gap_abs' deprecated, please use 'mip_opt_gap_abs'.
WARNING:  Option 'mip_integral_gap_rel' deprecated, please use 'mip_opt_gap_rel'.
WARNING:  Option 'mip_integral_gap_abs' deprecated, please use 'mip_opt_gap_abs'.
WARNING:  Option 'mip_integral_gap_rel' deprecated, please use 'mip_opt_gap_rel'.
WARNING:  Option 'mip_integral_gap_abs' deprecated, please use 'mip_opt_gap_abs'.
WARNING:  Option 'mip_integral_gap_rel' deprecated, please use 'mip_opt_gap_rel'.
    [θ-eval 10, gravity-feasible 5] seqR_mean=4.58e-04 ok=false seq_time=0.35s
WARNING:  Option 'mip_integral_gap_abs' deprecated, please use 'mip_opt_gap_abs'.
WARNING:  Option 'mip_integral_gap_rel' deprecated, please use 'mip_opt_gap_rel'.
WARNING:  Option 'mip_integral_gap_abs' deprecated, please use 'mip_opt_gap_abs'.
WARNING:  Option 'mip_integral_gap_rel' deprecated, please use 'mip_opt_gap_rel'.
WARNING:  Option 'mip_integral_gap_abs' deprecated, please use 'mip_opt_gap_abs'.
WARNING:  Option 'mip_integral_gap_rel' deprecated, please use 'mip_opt_gap_rel'.
WARNING:  Option 'mip_integral_gap_abs' deprecated, please use 'mip_opt_gap_abs'.
WARNING:  Option 'mip_integral_gap_rel' deprecated, please use 'mip_opt_gap_rel'.
WARNING:  Option 'mip_integral_gap_abs' deprecated, please use 'mip_opt_gap_abs'.
WARNING:  Option 'mip_integral_gap_rel' deprecated, please use 'mip_opt_gap_rel'.
WARNING:  Option 'mip_integral_gap_abs' deprecated, please use 'mip_opt_gap_abs'.
WARNING:  Option 'mip_integral_gap_rel' deprecated, please use 'mip_opt_gap_rel'.
WARNING:  Option 'mip_integral_gap_abs' deprecated, please use 'mip_opt_gap_abs'.
WARNING:  Option 'mip_integral_gap_rel' deprecated, please use 'mip_opt_gap_rel'.
WARNING:  Option 'mip_integral_gap_abs' deprecated, please use 'mip_opt_gap_abs'.
WARNING:  Option 'mip_integral_gap_rel' deprecated, please use 'mip_opt_gap_rel'.
WARNING:  Option 'mip_integral_gap_abs' deprecated, please use 'mip_opt_gap_abs'.
WARNING:  Option 'mip_integral_gap_rel' deprecated, please use 'mip_opt_gap_rel'.
WARNING:  Option 'mip_integral_gap_abs' deprecated, please use 'mip_opt_gap_abs'.
WARNING:  Option 'mip_integral_gap_rel' deprecated, please use 'mip_opt_gap_rel'.
WARNING:  Option 'mip_integral_gap_abs' deprecated, please use 'mip_opt_gap_abs'.
WARNING:  Option 'mip_integral_gap_rel' deprecated, please use 'mip_opt_gap_rel'.
WARNING:  Option 'mip_integral_gap_abs' deprecated, please use 'mip_opt_gap_abs'.
WARNING:  Option 'mip_integral_gap_rel' deprecated, please use 'mip_opt_gap_rel'.
WARNING:  Option 'mip_integral_gap_abs' deprecated, please use 'mip_opt_gap_abs'.
WARNING:  Option 'mip_integral_gap_rel' deprecated, please use 'mip_opt_gap_rel'.
WARNING:  Option 'mip_integral_gap_abs' deprecated, please use 'mip_opt_gap_abs'.
WARNING:  Option 'mip_integral_gap_rel' deprecated, please use 'mip_opt_gap_rel'.
WARNING:  Option 'mip_integral_gap_abs' deprecated, please use 'mip_opt_gap_abs'.
WARNING:  Option 'mip_integral_gap_rel' deprecated, please use 'mip_opt_gap_rel'.
WARNING:  Option 'mip_integral_gap_abs' deprecated, please use 'mip_opt_gap_abs'.
WARNING:  Option 'mip_integral_gap_rel' deprecated, please use 'mip_opt_gap_rel'.
WARNING:  Option 'mip_integral_gap_abs' deprecated, please use 'mip_opt_gap_abs'.
WARNING:  Option 'mip_integral_gap_rel' deprecated, please use 'mip_opt_gap_rel'.
WARNING:  Option 'mip_integral_gap_abs' deprecated, please use 'mip_opt_gap_abs'.
WARNING:  Option 'mip_integral_gap_rel' deprecated, please use 'mip_opt_gap_rel'.
WARNING:  Option 'mip_integral_gap_abs' deprecated, please use 'mip_opt_gap_abs'.
WARNING:  Option 'mip_integral_gap_rel' deprecated, please use 'mip_opt_gap_rel'.
WARNING:  Option 'mip_integral_gap_abs' deprecated, please use 'mip_opt_gap_abs'.
WARNING:  Option 'mip_integral_gap_rel' deprecated, please use 'mip_opt_gap_rel'.
WARNING:  Option 'mip_integral_gap_abs' deprecated, please use 'mip_opt_gap_abs'.
WARNING:  Option 'mip_integral_gap_rel' deprecated, please use 'mip_opt_gap_rel'.
WARNING:  Option 'mip_integral_gap_abs' deprecated, please use 'mip_opt_gap_abs'.
WARNING:  Option 'mip_integral_gap_rel' deprecated, please use 'mip_opt_gap_rel'.
    [θ-eval 20, gravity-feasible 7] seqR_mean=3.37e-05 ok=false seq_time=0.37s
WARNING:  Option 'mip_integral_gap_abs' deprecated, please use 'mip_opt_gap_abs'.
WARNING:  Option 'mip_integral_gap_rel' deprecated, please use 'mip_opt_gap_rel'.
WARNING:  Option 'mip_integral_gap_abs' deprecated, please use 'mip_opt_gap_abs'.
WARNING:  Option 'mip_integral_gap_rel' deprecated, please use 'mip_opt_gap_rel'.
WARNING:  Option 'mip_integral_gap_abs' deprecated, please use 'mip_opt_gap_abs'.
WARNING:  Option 'mip_integral_gap_rel' deprecated, please use 'mip_opt_gap_rel'.
WARNING:  Option 'mip_integral_gap_abs' deprecated, please use 'mip_opt_gap_abs'.
WARNING:  Option 'mip_integral_gap_rel' deprecated, please use 'mip_opt_gap_rel'.
WARNING:  Option 'mip_integral_gap_abs' deprecated, please use 'mip_opt_gap_abs'.
WARNING:  Option 'mip_integral_gap_rel' deprecated, please use 'mip_opt_gap_rel'.
WARNING:  Option 'mip_integral_gap_abs' deprecated, please use 'mip_opt_gap_abs'.
WARNING:  Option 'mip_integral_gap_rel' deprecated, please use 'mip_opt_gap_rel'.
WARNING:  Option 'mip_integral_gap_abs' deprecated, please use 'mip_opt_gap_abs'.
WARNING:  Option 'mip_integral_gap_rel' deprecated, please use 'mip_opt_gap_rel'.
WARNING:  Option 'mip_integral_gap_abs' deprecated, please use 'mip_opt_gap_abs'.
WARNING:  Option 'mip_integral_gap_rel' deprecated, please use 'mip_opt_gap_rel'.
WARNING:  Option 'mip_integral_gap_abs' deprecated, please use 'mip_opt_gap_abs'.
WARNING:  Option 'mip_integral_gap_rel' deprecated, please use 'mip_opt_gap_rel'.
WARNING:  Option 'mip_integral_gap_abs' deprecated, please use 'mip_opt_gap_abs'.
WARNING:  Option 'mip_integral_gap_rel' deprecated, please use 'mip_opt_gap_rel'.
WARNING:  Option 'mip_integral_gap_abs' deprecated, please use 'mip_opt_gap_abs'.
WARNING:  Option 'mip_integral_gap_rel' deprecated, please use 'mip_opt_gap_rel'.
WARNING:  Option 'mip_integral_gap_abs' deprecated, please use 'mip_opt_gap_abs'.
WARNING:  Option 'mip_integral_gap_rel' deprecated, please use 'mip_opt_gap_rel'.
WARNING:  Option 'mip_integral_gap_abs' deprecated, please use 'mip_opt_gap_abs'.
WARNING:  Option 'mip_integral_gap_rel' deprecated, please use 'mip_opt_gap_rel'.
WARNING:  Option 'mip_integral_gap_abs' deprecated, please use 'mip_opt_gap_abs'.
WARNING:  Option 'mip_integral_gap_rel' deprecated, please use 'mip_opt_gap_rel'.
WARNING:  Option 'mip_integral_gap_abs' deprecated, please use 'mip_opt_gap_abs'.
WARNING:  Option 'mip_integral_gap_rel' deprecated, please use 'mip_opt_gap_rel'.
WARNING:  Option 'mip_integral_gap_abs' deprecated, please use 'mip_opt_gap_abs'.
WARNING:  Option 'mip_integral_gap_rel' deprecated, please use 'mip_opt_gap_rel'.
WARNING:  Option 'mip_integral_gap_abs' deprecated, please use 'mip_opt_gap_abs'.
WARNING:  Option 'mip_integral_gap_rel' deprecated, please use 'mip_opt_gap_rel'.
WARNING:  Option 'mip_integral_gap_abs' deprecated, please use 'mip_opt_gap_abs'.
WARNING:  Option 'mip_integral_gap_rel' deprecated, please use 'mip_opt_gap_rel'.
WARNING:  Option 'mip_integral_gap_abs' deprecated, please use 'mip_opt_gap_abs'.
WARNING:  Option 'mip_integral_gap_rel' deprecated, please use 'mip_opt_gap_rel'.
WARNING:  Option 'mip_integral_gap_abs' deprecated, please use 'mip_opt_gap_abs'.
WARNING:  Option 'mip_integral_gap_rel' deprecated, please use 'mip_opt_gap_rel'.
WARNING:  Option 'mip_integral_gap_abs' deprecated, please use 'mip_opt_gap_abs'.
WARNING:  Option 'mip_integral_gap_rel' deprecated, please use 'mip_opt_gap_rel'.
WARNING:  Option 'mip_integral_gap_abs' deprecated, please use 'mip_opt_gap_abs'.
WARNING:  Option 'mip_integral_gap_rel' deprecated, please use 'mip_opt_gap_rel'.
    [θ-eval 30, gravity-feasible 9] seqR_mean=3.18e-04 ok=false seq_time=0.36s
WARNING:  Option 'mip_integral_gap_abs' deprecated, please use 'mip_opt_gap_abs'.
WARNING:  Option 'mip_integral_gap_rel' deprecated, please use 'mip_opt_gap_rel'.
WARNING:  Option 'mip_integral_gap_abs' deprecated, please use 'mip_opt_gap_abs'.
WARNING:  Option 'mip_integral_gap_rel' deprecated, please use 'mip_opt_gap_rel'.
WARNING:  Option 'mip_integral_gap_abs' deprecated, please use 'mip_opt_gap_abs'.
WARNING:  Option 'mip_integral_gap_rel' deprecated, please use 'mip_opt_gap_rel'.
WARNING:  Option 'mip_integral_gap_abs' deprecated, please use 'mip_opt_gap_abs'.
WARNING:  Option 'mip_integral_gap_rel' deprecated, please use 'mip_opt_gap_rel'.
WARNING:  Option 'mip_integral_gap_abs' deprecated, please use 'mip_opt_gap_abs'.
WARNING:  Option 'mip_integral_gap_rel' deprecated, please use 'mip_opt_gap_rel'.
WARNING:  Option 'mip_integral_gap_abs' deprecated, please use 'mip_opt_gap_abs'.
WARNING:  Option 'mip_integral_gap_rel' deprecated, please use 'mip_opt_gap_rel'.
WARNING:  Option 'mip_integral_gap_abs' deprecated, please use 'mip_opt_gap_abs'.
WARNING:  Option 'mip_integral_gap_rel' deprecated, please use 'mip_opt_gap_rel'.
WARNING:  Option 'mip_integral_gap_abs' deprecated, please use 'mip_opt_gap_abs'.
WARNING:  Option 'mip_integral_gap_rel' deprecated, please use 'mip_opt_gap_rel'.
WARNING:  Option 'mip_integral_gap_abs' deprecated, please use 'mip_opt_gap_abs'.
WARNING:  Option 'mip_integral_gap_rel' deprecated, please use 'mip_opt_gap_rel'.
WARNING:  Option 'mip_integral_gap_abs' deprecated, please use 'mip_opt_gap_abs'.
WARNING:  Option 'mip_integral_gap_rel' deprecated, please use 'mip_opt_gap_rel'.
WARNING:  Option 'mip_integral_gap_abs' deprecated, please use 'mip_opt_gap_abs'.
WARNING:  Option 'mip_integral_gap_rel' deprecated, please use 'mip_opt_gap_rel'.
WARNING:  Option 'mip_integral_gap_abs' deprecated, please use 'mip_opt_gap_abs'.
WARNING:  Option 'mip_integral_gap_rel' deprecated, please use 'mip_opt_gap_rel'.
WARNING:  Option 'mip_integral_gap_abs' deprecated, please use 'mip_opt_gap_abs'.
WARNING:  Option 'mip_integral_gap_rel' deprecated, please use 'mip_opt_gap_rel'.
WARNING:  Option 'mip_integral_gap_abs' deprecated, please use 'mip_opt_gap_abs'.
WARNING:  Option 'mip_integral_gap_rel' deprecated, please use 'mip_opt_gap_rel'.
WARNING:  Option 'mip_integral_gap_abs' deprecated, please use 'mip_opt_gap_abs'.
WARNING:  Option 'mip_integral_gap_rel' deprecated, please use 'mip_opt_gap_rel'.
WARNING:  Option 'mip_integral_gap_abs' deprecated, please use 'mip_opt_gap_abs'.
WARNING:  Option 'mip_integral_gap_rel' deprecated, please use 'mip_opt_gap_rel'.
WARNING:  Option 'mip_integral_gap_abs' deprecated, please use 'mip_opt_gap_abs'.
WARNING:  Option 'mip_integral_gap_rel' deprecated, please use 'mip_opt_gap_rel'.
WARNING:  Option 'mip_integral_gap_abs' deprecated, please use 'mip_opt_gap_abs'.
WARNING:  Option 'mip_integral_gap_rel' deprecated, please use 'mip_opt_gap_rel'.
WARNING:  Option 'mip_integral_gap_abs' deprecated, please use 'mip_opt_gap_abs'.
WARNING:  Option 'mip_integral_gap_rel' deprecated, please use 'mip_opt_gap_rel'.
WARNING:  Option 'mip_integral_gap_abs' deprecated, please use 'mip_opt_gap_abs'.
WARNING:  Option 'mip_integral_gap_rel' deprecated, please use 'mip_opt_gap_rel'.
WARNING:  Option 'mip_integral_gap_abs' deprecated, please use 'mip_opt_gap_abs'.
WARNING:  Option 'mip_integral_gap_rel' deprecated, please use 'mip_opt_gap_rel'.
WARNING:  Option 'mip_integral_gap_abs' deprecated, please use 'mip_opt_gap_abs'.
WARNING:  Option 'mip_integral_gap_rel' deprecated, please use 'mip_opt_gap_rel'.
WARNING:  Option 'mip_integral_gap_abs' deprecated, please use 'mip_opt_gap_abs'.
WARNING:  Option 'mip_integral_gap_rel' deprecated, please use 'mip_opt_gap_rel'.
WARNING:  Option 'mip_integral_gap_abs' deprecated, please use 'mip_opt_gap_abs'.
WARNING:  Option 'mip_integral_gap_rel' deprecated, please use 'mip_opt_gap_rel'.
WARNING:  Option 'mip_integral_gap_abs' deprecated, please use 'mip_opt_gap_abs'.
WARNING:  Option 'mip_integral_gap_rel' deprecated, please use 'mip_opt_gap_rel'.
WARNING:  Option 'mip_integral_gap_abs' deprecated, please use 'mip_opt_gap_abs'.
WARNING:  Option 'mip_integral_gap_rel' deprecated, please use 'mip_opt_gap_rel'.
WARNING:  Option 'mip_integral_gap_abs' deprecated, please use 'mip_opt_gap_abs'.
WARNING:  Option 'mip_integral_gap_rel' deprecated, please use 'mip_opt_gap_rel'.
    [θ-eval 40, gravity-feasible 12] seqR_mean=5.77e-05 ok=false seq_time=0.43s
WARNING:  Option 'mip_integral_gap_abs' deprecated, please use 'mip_opt_gap_abs'.
WARNING:  Option 'mip_integral_gap_rel' deprecated, please use 'mip_opt_gap_rel'.
WARNING:  Option 'mip_integral_gap_abs' deprecated, please use 'mip_opt_gap_abs'.
WARNING:  Option 'mip_integral_gap_rel' deprecated, please use 'mip_opt_gap_rel'.
WARNING:  Option 'mip_integral_gap_abs' deprecated, please use 'mip_opt_gap_abs'.
WARNING:  Option 'mip_integral_gap_rel' deprecated, please use 'mip_opt_gap_rel'.
WARNING:  Option 'mip_integral_gap_abs' deprecated, please use 'mip_opt_gap_abs'.
WARNING:  Option 'mip_integral_gap_rel' deprecated, please use 'mip_opt_gap_rel'.
WARNING:  Option 'mip_integral_gap_abs' deprecated, please use 'mip_opt_gap_abs'.
WARNING:  Option 'mip_integral_gap_rel' deprecated, please use 'mip_opt_gap_rel'.
WARNING:  Option 'mip_integral_gap_abs' deprecated, please use 'mip_opt_gap_abs'.
WARNING:  Option 'mip_integral_gap_rel' deprecated, please use 'mip_opt_gap_rel'.
WARNING:  Option 'mip_integral_gap_abs' deprecated, please use 'mip_opt_gap_abs'.
WARNING:  Option 'mip_integral_gap_rel' deprecated, please use 'mip_opt_gap_rel'.
WARNING:  Option 'mip_integral_gap_abs' deprecated, please use 'mip_opt_gap_abs'.
WARNING:  Option 'mip_integral_gap_rel' deprecated, please use 'mip_opt_gap_rel'.
WARNING:  Option 'mip_integral_gap_abs' deprecated, please use 'mip_opt_gap_abs'.
WARNING:  Option 'mip_integral_gap_rel' deprecated, please use 'mip_opt_gap_rel'.
WARNING:  Option 'mip_integral_gap_abs' deprecated, please use 'mip_opt_gap_abs'.
WARNING:  Option 'mip_integral_gap_rel' deprecated, please use 'mip_opt_gap_rel'.
WARNING:  Option 'mip_integral_gap_abs' deprecated, please use 'mip_opt_gap_abs'.
WARNING:  Option 'mip_integral_gap_rel' deprecated, please use 'mip_opt_gap_rel'.
WARNING:  Option 'mip_integral_gap_abs' deprecated, please use 'mip_opt_gap_abs'.
WARNING:  Option 'mip_integral_gap_rel' deprecated, please use 'mip_opt_gap_rel'.
WARNING:  Option 'mip_integral_gap_abs' deprecated, please use 'mip_opt_gap_abs'.
WARNING:  Option 'mip_integral_gap_rel' deprecated, please use 'mip_opt_gap_rel'.
WARNING:  Option 'mip_integral_gap_abs' deprecated, please use 'mip_opt_gap_abs'.
WARNING:  Option 'mip_integral_gap_rel' deprecated, please use 'mip_opt_gap_rel'.
WARNING:  Option 'mip_integral_gap_abs' deprecated, please use 'mip_opt_gap_abs'.
WARNING:  Option 'mip_integral_gap_rel' deprecated, please use 'mip_opt_gap_rel'.
WARNING:  Option 'mip_integral_gap_abs' deprecated, please use 'mip_opt_gap_abs'.
WARNING:  Option 'mip_integral_gap_rel' deprecated, please use 'mip_opt_gap_rel'.
WARNING:  Option 'mip_integral_gap_abs' deprecated, please use 'mip_opt_gap_abs'.
WARNING:  Option 'mip_integral_gap_rel' deprecated, please use 'mip_opt_gap_rel'.
WARNING:  Option 'mip_integral_gap_abs' deprecated, please use 'mip_opt_gap_abs'.
WARNING:  Option 'mip_integral_gap_rel' deprecated, please use 'mip_opt_gap_rel'.
WARNING:  Option 'mip_integral_gap_abs' deprecated, please use 'mip_opt_gap_abs'.
WARNING:  Option 'mip_integral_gap_rel' deprecated, please use 'mip_opt_gap_rel'.
WARNING:  Option 'mip_integral_gap_abs' deprecated, please use 'mip_opt_gap_abs'.
WARNING:  Option 'mip_integral_gap_rel' deprecated, please use 'mip_opt_gap_rel'.
WARNING:  Option 'mip_integral_gap_abs' deprecated, please use 'mip_opt_gap_abs'.
WARNING:  Option 'mip_integral_gap_rel' deprecated, please use 'mip_opt_gap_rel'.
WARNING:  Option 'mip_integral_gap_abs' deprecated, please use 'mip_opt_gap_abs'.
WARNING:  Option 'mip_integral_gap_rel' deprecated, please use 'mip_opt_gap_rel'.
WARNING:  Option 'mip_integral_gap_abs' deprecated, please use 'mip_opt_gap_abs'.
WARNING:  Option 'mip_integral_gap_rel' deprecated, please use 'mip_opt_gap_rel'.
WARNING:  Option 'mip_integral_gap_abs' deprecated, please use 'mip_opt_gap_abs'.
WARNING:  Option 'mip_integral_gap_rel' deprecated, please use 'mip_opt_gap_rel'.
    [θ-eval 50, gravity-feasible 15] seqR_mean=4.80e-05 ok=true seq_time=0.66s
WARNING:  Option 'mip_integral_gap_abs' deprecated, please use 'mip_opt_gap_abs'.
WARNING:  Option 'mip_integral_gap_rel' deprecated, please use 'mip_opt_gap_rel'.
WARNING:  Option 'mip_integral_gap_abs' deprecated, please use 'mip_opt_gap_abs'.
WARNING:  Option 'mip_integral_gap_rel' deprecated, please use 'mip_opt_gap_rel'.
WARNING:  Option 'mip_integral_gap_abs' deprecated, please use 'mip_opt_gap_abs'.
WARNING:  Option 'mip_integral_gap_rel' deprecated, please use 'mip_opt_gap_rel'.
WARNING:  Option 'mip_integral_gap_abs' deprecated, please use 'mip_opt_gap_abs'.
WARNING:  Option 'mip_integral_gap_rel' deprecated, please use 'mip_opt_gap_rel'.
WARNING:  Option 'mip_integral_gap_abs' deprecated, please use 'mip_opt_gap_abs'.
WARNING:  Option 'mip_integral_gap_rel' deprecated, please use 'mip_opt_gap_rel'.
WARNING:  Option 'mip_integral_gap_abs' deprecated, please use 'mip_opt_gap_abs'.
WARNING:  Option 'mip_integral_gap_rel' deprecated, please use 'mip_opt_gap_rel'.
WARNING:  Option 'mip_integral_gap_abs' deprecated, please use 'mip_opt_gap_abs'.
WARNING:  Option 'mip_integral_gap_rel' deprecated, please use 'mip_opt_gap_rel'.
WARNING:  Option 'mip_integral_gap_abs' deprecated, please use 'mip_opt_gap_abs'.
WARNING:  Option 'mip_integral_gap_rel' deprecated, please use 'mip_opt_gap_rel'.
WARNING:  Option 'mip_integral_gap_abs' deprecated, please use 'mip_opt_gap_abs'.
WARNING:  Option 'mip_integral_gap_rel' deprecated, please use 'mip_opt_gap_rel'.
WARNING:  Option 'mip_integral_gap_abs' deprecated, please use 'mip_opt_gap_abs'.
WARNING:  Option 'mip_integral_gap_rel' deprecated, please use 'mip_opt_gap_rel'.
WARNING:  Option 'mip_integral_gap_abs' deprecated, please use 'mip_opt_gap_abs'.
WARNING:  Option 'mip_integral_gap_rel' deprecated, please use 'mip_opt_gap_rel'.
WARNING:  Option 'mip_integral_gap_abs' deprecated, please use 'mip_opt_gap_abs'.
WARNING:  Option 'mip_integral_gap_rel' deprecated, please use 'mip_opt_gap_rel'.
WARNING:  Option 'mip_integral_gap_abs' deprecated, please use 'mip_opt_gap_abs'.
WARNING:  Option 'mip_integral_gap_rel' deprecated, please use 'mip_opt_gap_rel'.
WARNING:  Option 'mip_integral_gap_abs' deprecated, please use 'mip_opt_gap_abs'.
WARNING:  Option 'mip_integral_gap_rel' deprecated, please use 'mip_opt_gap_rel'.
WARNING:  Option 'mip_integral_gap_abs' deprecated, please use 'mip_opt_gap_abs'.
WARNING:  Option 'mip_integral_gap_rel' deprecated, please use 'mip_opt_gap_rel'.
WARNING:  Option 'mip_integral_gap_abs' deprecated, please use 'mip_opt_gap_abs'.
WARNING:  Option 'mip_integral_gap_rel' deprecated, please use 'mip_opt_gap_rel'.
WARNING:  Option 'mip_integral_gap_abs' deprecated, please use 'mip_opt_gap_abs'.
WARNING:  Option 'mip_integral_gap_rel' deprecated, please use 'mip_opt_gap_rel'.
WARNING:  Option 'mip_integral_gap_abs' deprecated, please use 'mip_opt_gap_abs'.
WARNING:  Option 'mip_integral_gap_rel' deprecated, please use 'mip_opt_gap_rel'.
WARNING:  Option 'mip_integral_gap_abs' deprecated, please use 'mip_opt_gap_abs'.
WARNING:  Option 'mip_integral_gap_rel' deprecated, please use 'mip_opt_gap_rel'.
WARNING:  Option 'mip_integral_gap_abs' deprecated, please use 'mip_opt_gap_abs'.
WARNING:  Option 'mip_integral_gap_rel' deprecated, please use 'mip_opt_gap_rel'.
WARNING:  Option 'mip_integral_gap_abs' deprecated, please use 'mip_opt_gap_abs'.
WARNING:  Option 'mip_integral_gap_rel' deprecated, please use 'mip_opt_gap_rel'.
WARNING:  Option 'mip_integral_gap_abs' deprecated, please use 'mip_opt_gap_abs'.
WARNING:  Option 'mip_integral_gap_rel' deprecated, please use 'mip_opt_gap_rel'.
WARNING:  Option 'mip_integral_gap_abs' deprecated, please use 'mip_opt_gap_abs'.
WARNING:  Option 'mip_integral_gap_rel' deprecated, please use 'mip_opt_gap_rel'.
WARNING:  Option 'mip_integral_gap_abs' deprecated, please use 'mip_opt_gap_abs'.
WARNING:  Option 'mip_integral_gap_rel' deprecated, please use 'mip_opt_gap_rel'.
WARNING:  Option 'mip_integral_gap_abs' deprecated, please use 'mip_opt_gap_abs'.
WARNING:  Option 'mip_integral_gap_rel' deprecated, please use 'mip_opt_gap_rel'.
WARNING:  Option 'mip_integral_gap_abs' deprecated, please use 'mip_opt_gap_abs'.
WARNING:  Option 'mip_integral_gap_rel' deprecated, please use 'mip_opt_gap_rel'.
WARNING:  Option 'mip_integral_gap_abs' deprecated, please use 'mip_opt_gap_abs'.
WARNING:  Option 'mip_integral_gap_rel' deprecated, please use 'mip_opt_gap_rel'.
WARNING:  Option 'mip_integral_gap_abs' deprecated, please use 'mip_opt_gap_abs'.
WARNING:  Option 'mip_integral_gap_rel' deprecated, please use 'mip_opt_gap_rel'.
WARNING:  Option 'mip_integral_gap_abs' deprecated, please use 'mip_opt_gap_abs'.
WARNING:  Option 'mip_integral_gap_rel' deprecated, please use 'mip_opt_gap_rel'.
WARNING:  Option 'mip_integral_gap_abs' deprecated, please use 'mip_opt_gap_abs'.
WARNING:  Option 'mip_integral_gap_rel' deprecated, please use 'mip_opt_gap_rel'.
WARNING:  Option 'mip_integral_gap_abs' deprecated, please use 'mip_opt_gap_abs'.
WARNING:  Option 'mip_integral_gap_rel' deprecated, please use 'mip_opt_gap_rel'.
WARNING:  Option 'mip_integral_gap_abs' deprecated, please use 'mip_opt_gap_abs'.
WARNING:  Option 'mip_integral_gap_rel' deprecated, please use 'mip_opt_gap_rel'.
WARNING:  Option 'mip_integral_gap_abs' deprecated, please use 'mip_opt_gap_abs'.
WARNING:  Option 'mip_integral_gap_rel' deprecated, please use 'mip_opt_gap_rel'.
WARNING:  Option 'mip_integral_gap_abs' deprecated, please use 'mip_opt_gap_abs'.
WARNING:  Option 'mip_integral_gap_rel' deprecated, please use 'mip_opt_gap_rel'.
WARNING:  Option 'mip_integral_gap_abs' deprecated, please use 'mip_opt_gap_abs'.
WARNING:  Option 'mip_integral_gap_rel' deprecated, please use 'mip_opt_gap_rel'.
WARNING:  Option 'mip_integral_gap_abs' deprecated, please use 'mip_opt_gap_abs'.
WARNING:  Option 'mip_integral_gap_rel' deprecated, please use 'mip_opt_gap_rel'.
WARNING:  Option 'mip_integral_gap_abs' deprecated, please use 'mip_opt_gap_abs'.
WARNING:  Option 'mip_integral_gap_rel' deprecated, please use 'mip_opt_gap_rel'.
WARNING:  Option 'mip_integral_gap_abs' deprecated, please use 'mip_opt_gap_abs'.
WARNING:  Option 'mip_integral_gap_rel' deprecated, please use 'mip_opt_gap_rel'.
WARNING:  Option 'mip_integral_gap_abs' deprecated, please use 'mip_opt_gap_abs'.
WARNING:  Option 'mip_integral_gap_rel' deprecated, please use 'mip_opt_gap_rel'.
WARNING:  Option 'mip_integral_gap_abs' deprecated, please use 'mip_opt_gap_abs'.
WARNING:  Option 'mip_integral_gap_rel' deprecated, please use 'mip_opt_gap_rel'.
WARNING:  Option 'mip_integral_gap_abs' deprecated, please use 'mip_opt_gap_abs'.
WARNING:  Option 'mip_integral_gap_rel' deprecated, please use 'mip_opt_gap_rel'.
WARNING:  Option 'mip_integral_gap_abs' deprecated, please use 'mip_opt_gap_abs'.
WARNING:  Option 'mip_integral_gap_rel' deprecated, please use 'mip_opt_gap_rel'.
WARNING:  Option 'mip_integral_gap_abs' deprecated, please use 'mip_opt_gap_abs'.
WARNING:  Option 'mip_integral_gap_rel' deprecated, please use 'mip_opt_gap_rel'.
WARNING:  Option 'mip_integral_gap_abs' deprecated, please use 'mip_opt_gap_abs'.
WARNING:  Option 'mip_integral_gap_rel' deprecated, please use 'mip_opt_gap_rel'.
WARNING:  Option 'mip_integral_gap_abs' deprecated, please use 'mip_opt_gap_abs'.
WARNING:  Option 'mip_integral_gap_rel' deprecated, please use 'mip_opt_gap_rel'.
WARNING:  Option 'mip_integral_gap_abs' deprecated, please use 'mip_opt_gap_abs'.
WARNING:  Option 'mip_integral_gap_rel' deprecated, please use 'mip_opt_gap_rel'.
WARNING:  Option 'mip_integral_gap_abs' deprecated, please use 'mip_opt_gap_abs'.
WARNING:  Option 'mip_integral_gap_rel' deprecated, please use 'mip_opt_gap_rel'.
WARNING:  Option 'mip_integral_gap_abs' deprecated, please use 'mip_opt_gap_abs'.
WARNING:  Option 'mip_integral_gap_rel' deprecated, please use 'mip_opt_gap_rel'.
    [θ-eval 60, gravity-feasible 17] seqR_mean=-5.01e-04 ok=false seq_time=20.50s
WARNING:  Option 'mip_integral_gap_abs' deprecated, please use 'mip_opt_gap_abs'.
WARNING:  Option 'mip_integral_gap_rel' deprecated, please use 'mip_opt_gap_rel'.
WARNING:  Option 'mip_integral_gap_abs' deprecated, please use 'mip_opt_gap_abs'.
WARNING:  Option 'mip_integral_gap_rel' deprecated, please use 'mip_opt_gap_rel'.
WARNING:  Option 'mip_integral_gap_abs' deprecated, please use 'mip_opt_gap_abs'.
WARNING:  Option 'mip_integral_gap_rel' deprecated, please use 'mip_opt_gap_rel'.
WARNING:  Option 'mip_integral_gap_abs' deprecated, please use 'mip_opt_gap_abs'.
WARNING:  Option 'mip_integral_gap_rel' deprecated, please use 'mip_opt_gap_rel'.
WARNING:  Option 'mip_integral_gap_abs' deprecated, please use 'mip_opt_gap_abs'.
WARNING:  Option 'mip_integral_gap_rel' deprecated, please use 'mip_opt_gap_rel'.
WARNING:  Option 'mip_integral_gap_abs' deprecated, please use 'mip_opt_gap_abs'.
WARNING:  Option 'mip_integral_gap_rel' deprecated, please use 'mip_opt_gap_rel'.
WARNING:  Option 'mip_integral_gap_abs' deprecated, please use 'mip_opt_gap_abs'.
WARNING:  Option 'mip_integral_gap_rel' deprecated, please use 'mip_opt_gap_rel'.
WARNING:  Option 'mip_integral_gap_abs' deprecated, please use 'mip_opt_gap_abs'.
WARNING:  Option 'mip_integral_gap_rel' deprecated, please use 'mip_opt_gap_rel'.
WARNING:  Option 'mip_integral_gap_abs' deprecated, please use 'mip_opt_gap_abs'.
WARNING:  Option 'mip_integral_gap_rel' deprecated, please use 'mip_opt_gap_rel'.
WARNING:  Option 'mip_integral_gap_abs' deprecated, please use 'mip_opt_gap_abs'.
WARNING:  Option 'mip_integral_gap_rel' deprecated, please use 'mip_opt_gap_rel'.
WARNING:  Option 'mip_integral_gap_abs' deprecated, please use 'mip_opt_gap_abs'.
WARNING:  Option 'mip_integral_gap_rel' deprecated, please use 'mip_opt_gap_rel'.
WARNING:  Option 'mip_integral_gap_abs' deprecated, please use 'mip_opt_gap_abs'.
WARNING:  Option 'mip_integral_gap_rel' deprecated, please use 'mip_opt_gap_rel'.
WARNING:  Option 'mip_integral_gap_abs' deprecated, please use 'mip_opt_gap_abs'.
WARNING:  Option 'mip_integral_gap_rel' deprecated, please use 'mip_opt_gap_rel'.
WARNING:  Option 'mip_integral_gap_abs' deprecated, please use 'mip_opt_gap_abs'.
WARNING:  Option 'mip_integral_gap_rel' deprecated, please use 'mip_opt_gap_rel'.
WARNING:  Option 'mip_integral_gap_abs' deprecated, please use 'mip_opt_gap_abs'.
WARNING:  Option 'mip_integral_gap_rel' deprecated, please use 'mip_opt_gap_rel'.
WARNING:  Option 'mip_integral_gap_abs' deprecated, please use 'mip_opt_gap_abs'.
WARNING:  Option 'mip_integral_gap_rel' deprecated, please use 'mip_opt_gap_rel'.
WARNING:  Option 'mip_integral_gap_abs' deprecated, please use 'mip_opt_gap_abs'.
WARNING:  Option 'mip_integral_gap_rel' deprecated, please use 'mip_opt_gap_rel'.
WARNING:  Option 'mip_integral_gap_abs' deprecated, please use 'mip_opt_gap_abs'.
WARNING:  Option 'mip_integral_gap_rel' deprecated, please use 'mip_opt_gap_rel'.
WARNING:  Option 'mip_integral_gap_abs' deprecated, please use 'mip_opt_gap_abs'.
WARNING:  Option 'mip_integral_gap_rel' deprecated, please use 'mip_opt_gap_rel'.
WARNING:  Option 'mip_integral_gap_abs' deprecated, please use 'mip_opt_gap_abs'.
WARNING:  Option 'mip_integral_gap_rel' deprecated, please use 'mip_opt_gap_rel'.
    [θ-eval 70, gravity-feasible 19] seqR_mean=-8.30e-05 ok=false seq_time=0.54s
WARNING:  Option 'mip_integral_gap_abs' deprecated, please use 'mip_opt_gap_abs'.
WARNING:  Option 'mip_integral_gap_rel' deprecated, please use 'mip_opt_gap_rel'.
WARNING:  Option 'mip_integral_gap_abs' deprecated, please use 'mip_opt_gap_abs'.
WARNING:  Option 'mip_integral_gap_rel' deprecated, please use 'mip_opt_gap_rel'.
WARNING:  Option 'mip_integral_gap_abs' deprecated, please use 'mip_opt_gap_abs'.
WARNING:  Option 'mip_integral_gap_rel' deprecated, please use 'mip_opt_gap_rel'.
WARNING:  Option 'mip_integral_gap_abs' deprecated, please use 'mip_opt_gap_abs'.
WARNING:  Option 'mip_integral_gap_rel' deprecated, please use 'mip_opt_gap_rel'.
WARNING:  Option 'mip_integral_gap_abs' deprecated, please use 'mip_opt_gap_abs'.
WARNING:  Option 'mip_integral_gap_rel' deprecated, please use 'mip_opt_gap_rel'.
WARNING:  Option 'mip_integral_gap_abs' deprecated, please use 'mip_opt_gap_abs'.
WARNING:  Option 'mip_integral_gap_rel' deprecated, please use 'mip_opt_gap_rel'.
WARNING:  Option 'mip_integral_gap_abs' deprecated, please use 'mip_opt_gap_abs'.
WARNING:  Option 'mip_integral_gap_rel' deprecated, please use 'mip_opt_gap_rel'.
WARNING:  Option 'mip_integral_gap_abs' deprecated, please use 'mip_opt_gap_abs'.
WARNING:  Option 'mip_integral_gap_rel' deprecated, please use 'mip_opt_gap_rel'.
WARNING:  Option 'mip_integral_gap_abs' deprecated, please use 'mip_opt_gap_abs'.
WARNING:  Option 'mip_integral_gap_rel' deprecated, please use 'mip_opt_gap_rel'.
WARNING:  Option 'mip_integral_gap_abs' deprecated, please use 'mip_opt_gap_abs'.
WARNING:  Option 'mip_integral_gap_rel' deprecated, please use 'mip_opt_gap_rel'.
WARNING:  Option 'mip_integral_gap_abs' deprecated, please use 'mip_opt_gap_abs'.
WARNING:  Option 'mip_integral_gap_rel' deprecated, please use 'mip_opt_gap_rel'.
WARNING:  Option 'mip_integral_gap_abs' deprecated, please use 'mip_opt_gap_abs'.
WARNING:  Option 'mip_integral_gap_rel' deprecated, please use 'mip_opt_gap_rel'.
WARNING:  Option 'mip_integral_gap_abs' deprecated, please use 'mip_opt_gap_abs'.
WARNING:  Option 'mip_integral_gap_rel' deprecated, please use 'mip_opt_gap_rel'.
WARNING:  Option 'mip_integral_gap_abs' deprecated, please use 'mip_opt_gap_abs'.
WARNING:  Option 'mip_integral_gap_rel' deprecated, please use 'mip_opt_gap_rel'.
WARNING:  Option 'mip_integral_gap_abs' deprecated, please use 'mip_opt_gap_abs'.
WARNING:  Option 'mip_integral_gap_rel' deprecated, please use 'mip_opt_gap_rel'.
WARNING:  Option 'mip_integral_gap_abs' deprecated, please use 'mip_opt_gap_abs'.
WARNING:  Option 'mip_integral_gap_rel' deprecated, please use 'mip_opt_gap_rel'.
WARNING:  Option 'mip_integral_gap_abs' deprecated, please use 'mip_opt_gap_abs'.
WARNING:  Option 'mip_integral_gap_rel' deprecated, please use 'mip_opt_gap_rel'.
WARNING:  Option 'mip_integral_gap_abs' deprecated, please use 'mip_opt_gap_abs'.
WARNING:  Option 'mip_integral_gap_rel' deprecated, please use 'mip_opt_gap_rel'.
WARNING:  Option 'mip_integral_gap_abs' deprecated, please use 'mip_opt_gap_abs'.
WARNING:  Option 'mip_integral_gap_rel' deprecated, please use 'mip_opt_gap_rel'.
WARNING:  Option 'mip_integral_gap_abs' deprecated, please use 'mip_opt_gap_abs'.
WARNING:  Option 'mip_integral_gap_rel' deprecated, please use 'mip_opt_gap_rel'.
WARNING:  Option 'mip_integral_gap_abs' deprecated, please use 'mip_opt_gap_abs'.
WARNING:  Option 'mip_integral_gap_rel' deprecated, please use 'mip_opt_gap_rel'.
WARNING:  Option 'mip_integral_gap_abs' deprecated, please use 'mip_opt_gap_abs'.
WARNING:  Option 'mip_integral_gap_rel' deprecated, please use 'mip_opt_gap_rel'.
WARNING:  Option 'mip_integral_gap_abs' deprecated, please use 'mip_opt_gap_abs'.
WARNING:  Option 'mip_integral_gap_rel' deprecated, please use 'mip_opt_gap_rel'.
WARNING:  Option 'mip_integral_gap_abs' deprecated, please use 'mip_opt_gap_abs'.
WARNING:  Option 'mip_integral_gap_rel' deprecated, please use 'mip_opt_gap_rel'.
WARNING:  Option 'mip_integral_gap_abs' deprecated, please use 'mip_opt_gap_abs'.
WARNING:  Option 'mip_integral_gap_rel' deprecated, please use 'mip_opt_gap_rel'.
WARNING:  Option 'mip_integral_gap_abs' deprecated, please use 'mip_opt_gap_abs'.
WARNING:  Option 'mip_integral_gap_rel' deprecated, please use 'mip_opt_gap_rel'.
WARNING:  Option 'mip_integral_gap_abs' deprecated, please use 'mip_opt_gap_abs'.
WARNING:  Option 'mip_integral_gap_rel' deprecated, please use 'mip_opt_gap_rel'.
WARNING:  Option 'mip_integral_gap_abs' deprecated, please use 'mip_opt_gap_abs'.
WARNING:  Option 'mip_integral_gap_rel' deprecated, please use 'mip_opt_gap_rel'.
WARNING:  Option 'mip_integral_gap_abs' deprecated, please use 'mip_opt_gap_abs'.
WARNING:  Option 'mip_integral_gap_rel' deprecated, please use 'mip_opt_gap_rel'.
WARNING:  Option 'mip_integral_gap_abs' deprecated, please use 'mip_opt_gap_abs'.
WARNING:  Option 'mip_integral_gap_rel' deprecated, please use 'mip_opt_gap_rel'.
WARNING:  Option 'mip_integral_gap_abs' deprecated, please use 'mip_opt_gap_abs'.
WARNING:  Option 'mip_integral_gap_rel' deprecated, please use 'mip_opt_gap_rel'.
    [θ-eval 80, gravity-feasible 21] seqR_mean=-1.91e-04 ok=true seq_time=0.50s
WARNING:  Option 'mip_integral_gap_abs' deprecated, please use 'mip_opt_gap_abs'.
WARNING:  Option 'mip_integral_gap_rel' deprecated, please use 'mip_opt_gap_rel'.
WARNING:  Option 'mip_integral_gap_abs' deprecated, please use 'mip_opt_gap_abs'.
WARNING:  Option 'mip_integral_gap_rel' deprecated, please use 'mip_opt_gap_rel'.
WARNING:  Option 'mip_integral_gap_abs' deprecated, please use 'mip_opt_gap_abs'.
WARNING:  Option 'mip_integral_gap_rel' deprecated, please use 'mip_opt_gap_rel'.
WARNING:  Option 'mip_integral_gap_abs' deprecated, please use 'mip_opt_gap_abs'.
WARNING:  Option 'mip_integral_gap_rel' deprecated, please use 'mip_opt_gap_rel'.
WARNING:  Option 'mip_integral_gap_abs' deprecated, please use 'mip_opt_gap_abs'.
WARNING:  Option 'mip_integral_gap_rel' deprecated, please use 'mip_opt_gap_rel'.
WARNING:  Option 'mip_integral_gap_abs' deprecated, please use 'mip_opt_gap_abs'.
WARNING:  Option 'mip_integral_gap_rel' deprecated, please use 'mip_opt_gap_rel'.
WARNING:  Option 'mip_integral_gap_abs' deprecated, please use 'mip_opt_gap_abs'.
WARNING:  Option 'mip_integral_gap_rel' deprecated, please use 'mip_opt_gap_rel'.
WARNING:  Option 'mip_integral_gap_abs' deprecated, please use 'mip_opt_gap_abs'.
WARNING:  Option 'mip_integral_gap_rel' deprecated, please use 'mip_opt_gap_rel'.
WARNING:  Option 'mip_integral_gap_abs' deprecated, please use 'mip_opt_gap_abs'.
WARNING:  Option 'mip_integral_gap_rel' deprecated, please use 'mip_opt_gap_rel'.
WARNING:  Option 'mip_integral_gap_abs' deprecated, please use 'mip_opt_gap_abs'.
WARNING:  Option 'mip_integral_gap_rel' deprecated, please use 'mip_opt_gap_rel'.
WARNING:  Option 'mip_integral_gap_abs' deprecated, please use 'mip_opt_gap_abs'.
WARNING:  Option 'mip_integral_gap_rel' deprecated, please use 'mip_opt_gap_rel'.
WARNING:  Option 'mip_integral_gap_abs' deprecated, please use 'mip_opt_gap_abs'.
WARNING:  Option 'mip_integral_gap_rel' deprecated, please use 'mip_opt_gap_rel'.
WARNING:  Option 'mip_integral_gap_abs' deprecated, please use 'mip_opt_gap_abs'.
WARNING:  Option 'mip_integral_gap_rel' deprecated, please use 'mip_opt_gap_rel'.
WARNING:  Option 'mip_integral_gap_abs' deprecated, please use 'mip_opt_gap_abs'.
WARNING:  Option 'mip_integral_gap_rel' deprecated, please use 'mip_opt_gap_rel'.
WARNING:  Option 'mip_integral_gap_abs' deprecated, please use 'mip_opt_gap_abs'.
WARNING:  Option 'mip_integral_gap_rel' deprecated, please use 'mip_opt_gap_rel'.
WARNING:  Option 'mip_integral_gap_abs' deprecated, please use 'mip_opt_gap_abs'.
WARNING:  Option 'mip_integral_gap_rel' deprecated, please use 'mip_opt_gap_rel'.
WARNING:  Option 'mip_integral_gap_abs' deprecated, please use 'mip_opt_gap_abs'.
WARNING:  Option 'mip_integral_gap_rel' deprecated, please use 'mip_opt_gap_rel'.
WARNING:  Option 'mip_integral_gap_abs' deprecated, please use 'mip_opt_gap_abs'.
WARNING:  Option 'mip_integral_gap_rel' deprecated, please use 'mip_opt_gap_rel'.
WARNING:  Option 'mip_integral_gap_abs' deprecated, please use 'mip_opt_gap_abs'.
WARNING:  Option 'mip_integral_gap_rel' deprecated, please use 'mip_opt_gap_rel'.
WARNING:  Option 'mip_integral_gap_abs' deprecated, please use 'mip_opt_gap_abs'.
WARNING:  Option 'mip_integral_gap_rel' deprecated, please use 'mip_opt_gap_rel'.
WARNING:  Option 'mip_integral_gap_abs' deprecated, please use 'mip_opt_gap_abs'.
WARNING:  Option 'mip_integral_gap_rel' deprecated, please use 'mip_opt_gap_rel'.
WARNING:  Option 'mip_integral_gap_abs' deprecated, please use 'mip_opt_gap_abs'.
WARNING:  Option 'mip_integral_gap_rel' deprecated, please use 'mip_opt_gap_rel'.
WARNING:  Option 'mip_integral_gap_abs' deprecated, please use 'mip_opt_gap_abs'.
WARNING:  Option 'mip_integral_gap_rel' deprecated, please use 'mip_opt_gap_rel'.
    [θ-eval 90, gravity-feasible 21] seqR_mean=-2.85e-04 ok=false seq_time=1.78s
WARNING:  Option 'mip_integral_gap_abs' deprecated, please use 'mip_opt_gap_abs'.
WARNING:  Option 'mip_integral_gap_rel' deprecated, please use 'mip_opt_gap_rel'.
WARNING:  Option 'mip_integral_gap_abs' deprecated, please use 'mip_opt_gap_abs'.
WARNING:  Option 'mip_integral_gap_rel' deprecated, please use 'mip_opt_gap_rel'.
WARNING:  Option 'mip_integral_gap_abs' deprecated, please use 'mip_opt_gap_abs'.
WARNING:  Option 'mip_integral_gap_rel' deprecated, please use 'mip_opt_gap_rel'.
WARNING:  Option 'mip_integral_gap_abs' deprecated, please use 'mip_opt_gap_abs'.
WARNING:  Option 'mip_integral_gap_rel' deprecated, please use 'mip_opt_gap_rel'.
WARNING:  Option 'mip_integral_gap_abs' deprecated, please use 'mip_opt_gap_abs'.
WARNING:  Option 'mip_integral_gap_rel' deprecated, please use 'mip_opt_gap_rel'.
WARNING:  Option 'mip_integral_gap_abs' deprecated, please use 'mip_opt_gap_abs'.
WARNING:  Option 'mip_integral_gap_rel' deprecated, please use 'mip_opt_gap_rel'.
WARNING:  Option 'mip_integral_gap_abs' deprecated, please use 'mip_opt_gap_abs'.
WARNING:  Option 'mip_integral_gap_rel' deprecated, please use 'mip_opt_gap_rel'.
WARNING:  Option 'mip_integral_gap_abs' deprecated, please use 'mip_opt_gap_abs'.
WARNING:  Option 'mip_integral_gap_rel' deprecated, please use 'mip_opt_gap_rel'.
WARNING:  Option 'mip_integral_gap_abs' deprecated, please use 'mip_opt_gap_abs'.
WARNING:  Option 'mip_integral_gap_rel' deprecated, please use 'mip_opt_gap_rel'.
WARNING:  Option 'mip_integral_gap_abs' deprecated, please use 'mip_opt_gap_abs'.
WARNING:  Option 'mip_integral_gap_rel' deprecated, please use 'mip_opt_gap_rel'.
WARNING:  Option 'mip_integral_gap_abs' deprecated, please use 'mip_opt_gap_abs'.
WARNING:  Option 'mip_integral_gap_rel' deprecated, please use 'mip_opt_gap_rel'.
WARNING:  Option 'mip_integral_gap_abs' deprecated, please use 'mip_opt_gap_abs'.
WARNING:  Option 'mip_integral_gap_rel' deprecated, please use 'mip_opt_gap_rel'.
WARNING:  Option 'mip_integral_gap_abs' deprecated, please use 'mip_opt_gap_abs'.
WARNING:  Option 'mip_integral_gap_rel' deprecated, please use 'mip_opt_gap_rel'.
WARNING:  Option 'mip_integral_gap_abs' deprecated, please use 'mip_opt_gap_abs'.
WARNING:  Option 'mip_integral_gap_rel' deprecated, please use 'mip_opt_gap_rel'.
WARNING:  Option 'mip_integral_gap_abs' deprecated, please use 'mip_opt_gap_abs'.
WARNING:  Option 'mip_integral_gap_rel' deprecated, please use 'mip_opt_gap_rel'.
WARNING:  Option 'mip_integral_gap_abs' deprecated, please use 'mip_opt_gap_abs'.
WARNING:  Option 'mip_integral_gap_rel' deprecated, please use 'mip_opt_gap_rel'.
WARNING:  Option 'mip_integral_gap_abs' deprecated, please use 'mip_opt_gap_abs'.
WARNING:  Option 'mip_integral_gap_rel' deprecated, please use 'mip_opt_gap_rel'.
WARNING:  Option 'mip_integral_gap_abs' deprecated, please use 'mip_opt_gap_abs'.
WARNING:  Option 'mip_integral_gap_rel' deprecated, please use 'mip_opt_gap_rel'.
WARNING:  Option 'mip_integral_gap_abs' deprecated, please use 'mip_opt_gap_abs'.
WARNING:  Option 'mip_integral_gap_rel' deprecated, please use 'mip_opt_gap_rel'.
WARNING:  Option 'mip_integral_gap_abs' deprecated, please use 'mip_opt_gap_abs'.
WARNING:  Option 'mip_integral_gap_rel' deprecated, please use 'mip_opt_gap_rel'.
    [θ-eval 100, gravity-feasible 22] seqR_mean=-8.53e-05 ok=false seq_time=0.42s
WARNING:  Option 'mip_integral_gap_abs' deprecated, please use 'mip_opt_gap_abs'.
WARNING:  Option 'mip_integral_gap_rel' deprecated, please use 'mip_opt_gap_rel'.
WARNING:  Option 'mip_integral_gap_abs' deprecated, please use 'mip_opt_gap_abs'.
WARNING:  Option 'mip_integral_gap_rel' deprecated, please use 'mip_opt_gap_rel'.
WARNING:  Option 'mip_integral_gap_abs' deprecated, please use 'mip_opt_gap_abs'.
WARNING:  Option 'mip_integral_gap_rel' deprecated, please use 'mip_opt_gap_rel'.
WARNING:  Option 'mip_integral_gap_abs' deprecated, please use 'mip_opt_gap_abs'.
WARNING:  Option 'mip_integral_gap_rel' deprecated, please use 'mip_opt_gap_rel'.
WARNING:  Option 'mip_integral_gap_abs' deprecated, please use 'mip_opt_gap_abs'.
WARNING:  Option 'mip_integral_gap_rel' deprecated, please use 'mip_opt_gap_rel'.
WARNING:  Option 'mip_integral_gap_abs' deprecated, please use 'mip_opt_gap_abs'.
WARNING:  Option 'mip_integral_gap_rel' deprecated, please use 'mip_opt_gap_rel'.
WARNING:  Option 'mip_integral_gap_abs' deprecated, please use 'mip_opt_gap_abs'.
WARNING:  Option 'mip_integral_gap_rel' deprecated, please use 'mip_opt_gap_rel'.
WARNING:  Option 'mip_integral_gap_abs' deprecated, please use 'mip_opt_gap_abs'.
WARNING:  Option 'mip_integral_gap_rel' deprecated, please use 'mip_opt_gap_rel'.
WARNING:  Option 'mip_integral_gap_abs' deprecated, please use 'mip_opt_gap_abs'.
WARNING:  Option 'mip_integral_gap_rel' deprecated, please use 'mip_opt_gap_rel'.
WARNING:  Option 'mip_integral_gap_abs' deprecated, please use 'mip_opt_gap_abs'.
WARNING:  Option 'mip_integral_gap_rel' deprecated, please use 'mip_opt_gap_rel'.
WARNING:  Option 'mip_integral_gap_abs' deprecated, please use 'mip_opt_gap_abs'.
WARNING:  Option 'mip_integral_gap_rel' deprecated, please use 'mip_opt_gap_rel'.
WARNING:  Option 'mip_integral_gap_abs' deprecated, please use 'mip_opt_gap_abs'.
WARNING:  Option 'mip_integral_gap_rel' deprecated, please use 'mip_opt_gap_rel'.
WARNING:  Option 'mip_integral_gap_abs' deprecated, please use 'mip_opt_gap_abs'.
WARNING:  Option 'mip_integral_gap_rel' deprecated, please use 'mip_opt_gap_rel'.
WARNING:  Option 'mip_integral_gap_abs' deprecated, please use 'mip_opt_gap_abs'.
WARNING:  Option 'mip_integral_gap_rel' deprecated, please use 'mip_opt_gap_rel'.
WARNING:  Option 'mip_integral_gap_abs' deprecated, please use 'mip_opt_gap_abs'.
WARNING:  Option 'mip_integral_gap_rel' deprecated, please use 'mip_opt_gap_rel'.
WARNING:  Option 'mip_integral_gap_abs' deprecated, please use 'mip_opt_gap_abs'.
WARNING:  Option 'mip_integral_gap_rel' deprecated, please use 'mip_opt_gap_rel'.
WARNING:  Option 'mip_integral_gap_abs' deprecated, please use 'mip_opt_gap_abs'.
WARNING:  Option 'mip_integral_gap_rel' deprecated, please use 'mip_opt_gap_rel'.
WARNING:  Option 'mip_integral_gap_abs' deprecated, please use 'mip_opt_gap_abs'.
WARNING:  Option 'mip_integral_gap_rel' deprecated, please use 'mip_opt_gap_rel'.
WARNING:  Option 'mip_integral_gap_abs' deprecated, please use 'mip_opt_gap_abs'.
WARNING:  Option 'mip_integral_gap_rel' deprecated, please use 'mip_opt_gap_rel'.
WARNING:  Option 'mip_integral_gap_abs' deprecated, please use 'mip_opt_gap_abs'.
WARNING:  Option 'mip_integral_gap_rel' deprecated, please use 'mip_opt_gap_rel'.
    [θ-eval 110, gravity-feasible 23] seqR_mean=1.51e-06 ok=false seq_time=0.32s
WARNING:  Option 'mip_integral_gap_abs' deprecated, please use 'mip_opt_gap_abs'.
WARNING:  Option 'mip_integral_gap_rel' deprecated, please use 'mip_opt_gap_rel'.
WARNING:  Option 'mip_integral_gap_abs' deprecated, please use 'mip_opt_gap_abs'.
WARNING:  Option 'mip_integral_gap_rel' deprecated, please use 'mip_opt_gap_rel'.
WARNING:  Option 'mip_integral_gap_abs' deprecated, please use 'mip_opt_gap_abs'.
WARNING:  Option 'mip_integral_gap_rel' deprecated, please use 'mip_opt_gap_rel'.
WARNING:  Option 'mip_integral_gap_abs' deprecated, please use 'mip_opt_gap_abs'.
WARNING:  Option 'mip_integral_gap_rel' deprecated, please use 'mip_opt_gap_rel'.
WARNING:  Option 'mip_integral_gap_abs' deprecated, please use 'mip_opt_gap_abs'.
WARNING:  Option 'mip_integral_gap_rel' deprecated, please use 'mip_opt_gap_rel'.
WARNING:  Option 'mip_integral_gap_abs' deprecated, please use 'mip_opt_gap_abs'.
WARNING:  Option 'mip_integral_gap_rel' deprecated, please use 'mip_opt_gap_rel'.
WARNING:  Option 'mip_integral_gap_abs' deprecated, please use 'mip_opt_gap_abs'.
WARNING:  Option 'mip_integral_gap_rel' deprecated, please use 'mip_opt_gap_rel'.
WARNING:  Option 'mip_integral_gap_abs' deprecated, please use 'mip_opt_gap_abs'.
WARNING:  Option 'mip_integral_gap_rel' deprecated, please use 'mip_opt_gap_rel'.
WARNING:  Option 'mip_integral_gap_abs' deprecated, please use 'mip_opt_gap_abs'.
WARNING:  Option 'mip_integral_gap_rel' deprecated, please use 'mip_opt_gap_rel'.
WARNING:  Option 'mip_integral_gap_abs' deprecated, please use 'mip_opt_gap_abs'.
WARNING:  Option 'mip_integral_gap_rel' deprecated, please use 'mip_opt_gap_rel'.
WARNING:  Option 'mip_integral_gap_abs' deprecated, please use 'mip_opt_gap_abs'.
WARNING:  Option 'mip_integral_gap_rel' deprecated, please use 'mip_opt_gap_rel'.
WARNING:  Option 'mip_integral_gap_abs' deprecated, please use 'mip_opt_gap_abs'.
WARNING:  Option 'mip_integral_gap_rel' deprecated, please use 'mip_opt_gap_rel'.
WARNING:  Option 'mip_integral_gap_abs' deprecated, please use 'mip_opt_gap_abs'.
WARNING:  Option 'mip_integral_gap_rel' deprecated, please use 'mip_opt_gap_rel'.
WARNING:  Option 'mip_integral_gap_abs' deprecated, please use 'mip_opt_gap_abs'.
WARNING:  Option 'mip_integral_gap_rel' deprecated, please use 'mip_opt_gap_rel'.
WARNING:  Option 'mip_integral_gap_abs' deprecated, please use 'mip_opt_gap_abs'.
WARNING:  Option 'mip_integral_gap_rel' deprecated, please use 'mip_opt_gap_rel'.
WARNING:  Option 'mip_integral_gap_abs' deprecated, please use 'mip_opt_gap_abs'.
WARNING:  Option 'mip_integral_gap_rel' deprecated, please use 'mip_opt_gap_rel'.
WARNING:  Option 'mip_integral_gap_abs' deprecated, please use 'mip_opt_gap_abs'.
WARNING:  Option 'mip_integral_gap_rel' deprecated, please use 'mip_opt_gap_rel'.
WARNING:  Option 'mip_integral_gap_abs' deprecated, please use 'mip_opt_gap_abs'.
WARNING:  Option 'mip_integral_gap_rel' deprecated, please use 'mip_opt_gap_rel'.
WARNING:  Option 'mip_integral_gap_abs' deprecated, please use 'mip_opt_gap_abs'.
WARNING:  Option 'mip_integral_gap_rel' deprecated, please use 'mip_opt_gap_rel'.
WARNING:  Option 'mip_integral_gap_abs' deprecated, please use 'mip_opt_gap_abs'.
WARNING:  Option 'mip_integral_gap_rel' deprecated, please use 'mip_opt_gap_rel'.
    [θ-eval 120, gravity-feasible 25] seqR_mean=-2.81e-05 ok=false seq_time=0.54s
WARNING:  Option 'mip_integral_gap_abs' deprecated, please use 'mip_opt_gap_abs'.
WARNING:  Option 'mip_integral_gap_rel' deprecated, please use 'mip_opt_gap_rel'.
WARNING:  Option 'mip_integral_gap_abs' deprecated, please use 'mip_opt_gap_abs'.
WARNING:  Option 'mip_integral_gap_rel' deprecated, please use 'mip_opt_gap_rel'.
WARNING:  Option 'mip_integral_gap_abs' deprecated, please use 'mip_opt_gap_abs'.
WARNING:  Option 'mip_integral_gap_rel' deprecated, please use 'mip_opt_gap_rel'.
WARNING:  Option 'mip_integral_gap_abs' deprecated, please use 'mip_opt_gap_abs'.
WARNING:  Option 'mip_integral_gap_rel' deprecated, please use 'mip_opt_gap_rel'.
WARNING:  Option 'mip_integral_gap_abs' deprecated, please use 'mip_opt_gap_abs'.
WARNING:  Option 'mip_integral_gap_rel' deprecated, please use 'mip_opt_gap_rel'.
WARNING:  Option 'mip_integral_gap_abs' deprecated, please use 'mip_opt_gap_abs'.
WARNING:  Option 'mip_integral_gap_rel' deprecated, please use 'mip_opt_gap_rel'.
WARNING:  Option 'mip_integral_gap_abs' deprecated, please use 'mip_opt_gap_abs'.
WARNING:  Option 'mip_integral_gap_rel' deprecated, please use 'mip_opt_gap_rel'.
WARNING:  Option 'mip_integral_gap_abs' deprecated, please use 'mip_opt_gap_abs'.
WARNING:  Option 'mip_integral_gap_rel' deprecated, please use 'mip_opt_gap_rel'.
WARNING:  Option 'mip_integral_gap_abs' deprecated, please use 'mip_opt_gap_abs'.
WARNING:  Option 'mip_integral_gap_rel' deprecated, please use 'mip_opt_gap_rel'.
WARNING:  Option 'mip_integral_gap_abs' deprecated, please use 'mip_opt_gap_abs'.
WARNING:  Option 'mip_integral_gap_rel' deprecated, please use 'mip_opt_gap_rel'.
WARNING:  Option 'mip_integral_gap_abs' deprecated, please use 'mip_opt_gap_abs'.
WARNING:  Option 'mip_integral_gap_rel' deprecated, please use 'mip_opt_gap_rel'.
WARNING:  Option 'mip_integral_gap_abs' deprecated, please use 'mip_opt_gap_abs'.
WARNING:  Option 'mip_integral_gap_rel' deprecated, please use 'mip_opt_gap_rel'.
WARNING:  Option 'mip_integral_gap_abs' deprecated, please use 'mip_opt_gap_abs'.
WARNING:  Option 'mip_integral_gap_rel' deprecated, please use 'mip_opt_gap_rel'.
---- upper bound cache stats ----
total callback invocations : 125
unique free-x points       : 125
inner solves                : 125  (warm=0 cold=125)
gradient computations      : 125
cache hits / misses         : 0 / 125
inner-solve time (s)       : 112.511
gradient time (s)          : 2.038
inner solves / unique x     : 1.0
WARNING:  Option 'mip_integral_gap_abs' deprecated, please use 'mip_opt_gap_abs'.
WARNING:  Option 'mip_integral_gap_rel' deprecated, please use 'mip_opt_gap_rel'.
WARNING:  Option 'mip_integral_gap_abs' deprecated, please use 'mip_opt_gap_abs'.
WARNING:  Option 'mip_integral_gap_rel' deprecated, please use 'mip_opt_gap_rel'.
  KNITRO:        gamma'_upper = 0.743978 -> kappa = 0.389151  (status -400)  exact R_mean(θ*) = -1.035e-04  gravity-feasible=true  wall 115.4s
  seq timing:    dest_inversion=302.42s (n=2475, nonconverged=0)  influence_fn=44.55s  gravity_residual=0.01s
  best-feasible: gamma'_upper = 0.740000 -> kappa = 0.394585  exact R_mean = -3.360e-04  gravity-feasible=true

----- upper bound: gamma'_focal MINIMIZED, delta=10 (warm-started) -----
WARNING:  Option 'mip_integral_gap_abs' deprecated, please use 'mip_opt_gap_abs'.
WARNING:  Option 'mip_integral_gap_rel' deprecated, please use 'mip_opt_gap_rel'.
WARNING:  Option 'mip_integral_gap_abs' deprecated, please use 'mip_opt_gap_abs'.
WARNING:  Option 'mip_integral_gap_rel' deprecated, please use 'mip_opt_gap_rel'.
WARNING:  Option 'mip_integral_gap_abs' deprecated, please use 'mip_opt_gap_abs'.
WARNING:  Option 'mip_integral_gap_rel' deprecated, please use 'mip_opt_gap_rel'.
WARNING:  Option 'mip_integral_gap_abs' deprecated, please use 'mip_opt_gap_abs'.
WARNING:  Option 'mip_integral_gap_rel' deprecated, please use 'mip_opt_gap_rel'.
WARNING:  Option 'mip_integral_gap_abs' deprecated, please use 'mip_opt_gap_abs'.
WARNING:  Option 'mip_integral_gap_rel' deprecated, please use 'mip_opt_gap_rel'.
WARNING:  Option 'mip_integral_gap_abs' deprecated, please use 'mip_opt_gap_abs'.
WARNING:  Option 'mip_integral_gap_rel' deprecated, please use 'mip_opt_gap_rel'.
WARNING:  Option 'mip_integral_gap_abs' deprecated, please use 'mip_opt_gap_abs'.
WARNING:  Option 'mip_integral_gap_rel' deprecated, please use 'mip_opt_gap_rel'.
WARNING:  Option 'mip_integral_gap_abs' deprecated, please use 'mip_opt_gap_abs'.
WARNING:  Option 'mip_integral_gap_rel' deprecated, please use 'mip_opt_gap_rel'.
WARNING:  Option 'mip_integral_gap_abs' deprecated, please use 'mip_opt_gap_abs'.
WARNING:  Option 'mip_integral_gap_rel' deprecated, please use 'mip_opt_gap_rel'.
WARNING:  Option 'mip_integral_gap_abs' deprecated, please use 'mip_opt_gap_abs'.
WARNING:  Option 'mip_integral_gap_rel' deprecated, please use 'mip_opt_gap_rel'.
WARNING:  Option 'mip_integral_gap_abs' deprecated, please use 'mip_opt_gap_abs'.
WARNING:  Option 'mip_integral_gap_rel' deprecated, please use 'mip_opt_gap_rel'.
WARNING:  Option 'mip_integral_gap_abs' deprecated, please use 'mip_opt_gap_abs'.
WARNING:  Option 'mip_integral_gap_rel' deprecated, please use 'mip_opt_gap_rel'.
WARNING:  Option 'mip_integral_gap_abs' deprecated, please use 'mip_opt_gap_abs'.
WARNING:  Option 'mip_integral_gap_rel' deprecated, please use 'mip_opt_gap_rel'.
WARNING:  Option 'mip_integral_gap_abs' deprecated, please use 'mip_opt_gap_abs'.
WARNING:  Option 'mip_integral_gap_rel' deprecated, please use 'mip_opt_gap_rel'.
WARNING:  Option 'mip_integral_gap_abs' deprecated, please use 'mip_opt_gap_abs'.
WARNING:  Option 'mip_integral_gap_rel' deprecated, please use 'mip_opt_gap_rel'.
WARNING:  Option 'mip_integral_gap_abs' deprecated, please use 'mip_opt_gap_abs'.
WARNING:  Option 'mip_integral_gap_rel' deprecated, please use 'mip_opt_gap_rel'.
WARNING:  Option 'mip_integral_gap_abs' deprecated, please use 'mip_opt_gap_abs'.
WARNING:  Option 'mip_integral_gap_rel' deprecated, please use 'mip_opt_gap_rel'.
WARNING:  Option 'mip_integral_gap_abs' deprecated, please use 'mip_opt_gap_abs'.
WARNING:  Option 'mip_integral_gap_rel' deprecated, please use 'mip_opt_gap_rel'.
WARNING:  Option 'mip_integral_gap_abs' deprecated, please use 'mip_opt_gap_abs'.
WARNING:  Option 'mip_integral_gap_rel' deprecated, please use 'mip_opt_gap_rel'.
WARNING:  Option 'mip_integral_gap_abs' deprecated, please use 'mip_opt_gap_abs'.
WARNING:  Option 'mip_integral_gap_rel' deprecated, please use 'mip_opt_gap_rel'.
WARNING:  Option 'mip_integral_gap_abs' deprecated, please use 'mip_opt_gap_abs'.
WARNING:  Option 'mip_integral_gap_rel' deprecated, please use 'mip_opt_gap_rel'.
WARNING:  Option 'mip_integral_gap_abs' deprecated, please use 'mip_opt_gap_abs'.
WARNING:  Option 'mip_integral_gap_rel' deprecated, please use 'mip_opt_gap_rel'.
WARNING:  Option 'mip_integral_gap_abs' deprecated, please use 'mip_opt_gap_abs'.
WARNING:  Option 'mip_integral_gap_rel' deprecated, please use 'mip_opt_gap_rel'.
WARNING:  Option 'mip_integral_gap_abs' deprecated, please use 'mip_opt_gap_abs'.
WARNING:  Option 'mip_integral_gap_rel' deprecated, please use 'mip_opt_gap_rel'.
WARNING:  Option 'mip_integral_gap_abs' deprecated, please use 'mip_opt_gap_abs'.
WARNING:  Option 'mip_integral_gap_rel' deprecated, please use 'mip_opt_gap_rel'.
WARNING:  Option 'mip_integral_gap_abs' deprecated, please use 'mip_opt_gap_abs'.
WARNING:  Option 'mip_integral_gap_rel' deprecated, please use 'mip_opt_gap_rel'.
WARNING:  Option 'mip_integral_gap_abs' deprecated, please use 'mip_opt_gap_abs'.
WARNING:  Option 'mip_integral_gap_rel' deprecated, please use 'mip_opt_gap_rel'.
WARNING:  Option 'mip_integral_gap_abs' deprecated, please use 'mip_opt_gap_abs'.
WARNING:  Option 'mip_integral_gap_rel' deprecated, please use 'mip_opt_gap_rel'.
WARNING:  Option 'mip_integral_gap_abs' deprecated, please use 'mip_opt_gap_abs'.
WARNING:  Option 'mip_integral_gap_rel' deprecated, please use 'mip_opt_gap_rel'.
WARNING:  Option 'mip_integral_gap_abs' deprecated, please use 'mip_opt_gap_abs'.
WARNING:  Option 'mip_integral_gap_rel' deprecated, please use 'mip_opt_gap_rel'.
WARNING:  Option 'mip_integral_gap_abs' deprecated, please use 'mip_opt_gap_abs'.
WARNING:  Option 'mip_integral_gap_rel' deprecated, please use 'mip_opt_gap_rel'.
WARNING:  Option 'mip_integral_gap_abs' deprecated, please use 'mip_opt_gap_abs'.
WARNING:  Option 'mip_integral_gap_rel' deprecated, please use 'mip_opt_gap_rel'.
WARNING:  Option 'mip_integral_gap_abs' deprecated, please use 'mip_opt_gap_abs'.
WARNING:  Option 'mip_integral_gap_rel' deprecated, please use 'mip_opt_gap_rel'.
WARNING:  Option 'mip_integral_gap_abs' deprecated, please use 'mip_opt_gap_abs'.
WARNING:  Option 'mip_integral_gap_rel' deprecated, please use 'mip_opt_gap_rel'.
WARNING:  Option 'mip_integral_gap_abs' deprecated, please use 'mip_opt_gap_abs'.
WARNING:  Option 'mip_integral_gap_rel' deprecated, please use 'mip_opt_gap_rel'.
WARNING:  Option 'mip_integral_gap_abs' deprecated, please use 'mip_opt_gap_abs'.
WARNING:  Option 'mip_integral_gap_rel' deprecated, please use 'mip_opt_gap_rel'.
WARNING:  Option 'mip_integral_gap_abs' deprecated, please use 'mip_opt_gap_abs'.
WARNING:  Option 'mip_integral_gap_rel' deprecated, please use 'mip_opt_gap_rel'.
WARNING:  Option 'mip_integral_gap_abs' deprecated, please use 'mip_opt_gap_abs'.
WARNING:  Option 'mip_integral_gap_rel' deprecated, please use 'mip_opt_gap_rel'.
WARNING:  Option 'mip_integral_gap_abs' deprecated, please use 'mip_opt_gap_abs'.
WARNING:  Option 'mip_integral_gap_rel' deprecated, please use 'mip_opt_gap_rel'.
WARNING:  Option 'mip_integral_gap_abs' deprecated, please use 'mip_opt_gap_abs'.
WARNING:  Option 'mip_integral_gap_rel' deprecated, please use 'mip_opt_gap_rel'.
WARNING:  Option 'mip_integral_gap_abs' deprecated, please use 'mip_opt_gap_abs'.
WARNING:  Option 'mip_integral_gap_rel' deprecated, please use 'mip_opt_gap_rel'.
WARNING:  Option 'mip_integral_gap_abs' deprecated, please use 'mip_opt_gap_abs'.
WARNING:  Option 'mip_integral_gap_rel' deprecated, please use 'mip_opt_gap_rel'.
WARNING:  Option 'mip_integral_gap_abs' deprecated, please use 'mip_opt_gap_abs'.
WARNING:  Option 'mip_integral_gap_rel' deprecated, please use 'mip_opt_gap_rel'.
WARNING:  Option 'mip_integral_gap_abs' deprecated, please use 'mip_opt_gap_abs'.
WARNING:  Option 'mip_integral_gap_rel' deprecated, please use 'mip_opt_gap_rel'.
WARNING:  Option 'mip_integral_gap_abs' deprecated, please use 'mip_opt_gap_abs'.
WARNING:  Option 'mip_integral_gap_rel' deprecated, please use 'mip_opt_gap_rel'.
WARNING:  Option 'mip_integral_gap_abs' deprecated, please use 'mip_opt_gap_abs'.
WARNING:  Option 'mip_integral_gap_rel' deprecated, please use 'mip_opt_gap_rel'.
WARNING:  Option 'mip_integral_gap_abs' deprecated, please use 'mip_opt_gap_abs'.
WARNING:  Option 'mip_integral_gap_rel' deprecated, please use 'mip_opt_gap_rel'.
WARNING:  Option 'mip_integral_gap_abs' deprecated, please use 'mip_opt_gap_abs'.
WARNING:  Option 'mip_integral_gap_rel' deprecated, please use 'mip_opt_gap_rel'.
WARNING:  Option 'mip_integral_gap_abs' deprecated, please use 'mip_opt_gap_abs'.
WARNING:  Option 'mip_integral_gap_rel' deprecated, please use 'mip_opt_gap_rel'.
WARNING:  Option 'mip_integral_gap_abs' deprecated, please use 'mip_opt_gap_abs'.
WARNING:  Option 'mip_integral_gap_rel' deprecated, please use 'mip_opt_gap_rel'.
WARNING:  Option 'mip_integral_gap_abs' deprecated, please use 'mip_opt_gap_abs'.
WARNING:  Option 'mip_integral_gap_rel' deprecated, please use 'mip_opt_gap_rel'.
WARNING:  Option 'mip_integral_gap_abs' deprecated, please use 'mip_opt_gap_abs'.
WARNING:  Option 'mip_integral_gap_rel' deprecated, please use 'mip_opt_gap_rel'.
WARNING:  Option 'mip_integral_gap_abs' deprecated, please use 'mip_opt_gap_abs'.
WARNING:  Option 'mip_integral_gap_rel' deprecated, please use 'mip_opt_gap_rel'.
WARNING:  Option 'mip_integral_gap_abs' deprecated, please use 'mip_opt_gap_abs'.
WARNING:  Option 'mip_integral_gap_rel' deprecated, please use 'mip_opt_gap_rel'.
WARNING:  Option 'mip_integral_gap_abs' deprecated, please use 'mip_opt_gap_abs'.
WARNING:  Option 'mip_integral_gap_rel' deprecated, please use 'mip_opt_gap_rel'.
WARNING:  Option 'mip_integral_gap_abs' deprecated, please use 'mip_opt_gap_abs'.
WARNING:  Option 'mip_integral_gap_rel' deprecated, please use 'mip_opt_gap_rel'.
WARNING:  Option 'mip_integral_gap_abs' deprecated, please use 'mip_opt_gap_abs'.
WARNING:  Option 'mip_integral_gap_rel' deprecated, please use 'mip_opt_gap_rel'.
WARNING:  Option 'mip_integral_gap_abs' deprecated, please use 'mip_opt_gap_abs'.
WARNING:  Option 'mip_integral_gap_rel' deprecated, please use 'mip_opt_gap_rel'.
WARNING:  Option 'mip_integral_gap_abs' deprecated, please use 'mip_opt_gap_abs'.
WARNING:  Option 'mip_integral_gap_rel' deprecated, please use 'mip_opt_gap_rel'.
WARNING:  Option 'mip_integral_gap_abs' deprecated, please use 'mip_opt_gap_abs'.
WARNING:  Option 'mip_integral_gap_rel' deprecated, please use 'mip_opt_gap_rel'.
WARNING:  Option 'mip_integral_gap_abs' deprecated, please use 'mip_opt_gap_abs'.
WARNING:  Option 'mip_integral_gap_rel' deprecated, please use 'mip_opt_gap_rel'.
WARNING:  Option 'mip_integral_gap_abs' deprecated, please use 'mip_opt_gap_abs'.
WARNING:  Option 'mip_integral_gap_rel' deprecated, please use 'mip_opt_gap_rel'.
WARNING:  Option 'mip_integral_gap_abs' deprecated, please use 'mip_opt_gap_abs'.
WARNING:  Option 'mip_integral_gap_rel' deprecated, please use 'mip_opt_gap_rel'.
WARNING:  Option 'mip_integral_gap_abs' deprecated, please use 'mip_opt_gap_abs'.
WARNING:  Option 'mip_integral_gap_rel' deprecated, please use 'mip_opt_gap_rel'.
WARNING:  Option 'mip_integral_gap_abs' deprecated, please use 'mip_opt_gap_abs'.
WARNING:  Option 'mip_integral_gap_rel' deprecated, please use 'mip_opt_gap_rel'.
WARNING:  Option 'mip_integral_gap_abs' deprecated, please use 'mip_opt_gap_abs'.
WARNING:  Option 'mip_integral_gap_rel' deprecated, please use 'mip_opt_gap_rel'.
WARNING:  Option 'mip_integral_gap_abs' deprecated, please use 'mip_opt_gap_abs'.
WARNING:  Option 'mip_integral_gap_rel' deprecated, please use 'mip_opt_gap_rel'.
WARNING:  Option 'mip_integral_gap_abs' deprecated, please use 'mip_opt_gap_abs'.
WARNING:  Option 'mip_integral_gap_rel' deprecated, please use 'mip_opt_gap_rel'.
WARNING:  Option 'mip_integral_gap_abs' deprecated, please use 'mip_opt_gap_abs'.
WARNING:  Option 'mip_integral_gap_rel' deprecated, please use 'mip_opt_gap_rel'.
WARNING:  Option 'mip_integral_gap_abs' deprecated, please use 'mip_opt_gap_abs'.
WARNING:  Option 'mip_integral_gap_rel' deprecated, please use 'mip_opt_gap_rel'.
WARNING:  Option 'mip_integral_gap_abs' deprecated, please use 'mip_opt_gap_abs'.
WARNING:  Option 'mip_integral_gap_rel' deprecated, please use 'mip_opt_gap_rel'.
WARNING:  Option 'mip_integral_gap_abs' deprecated, please use 'mip_opt_gap_abs'.
WARNING:  Option 'mip_integral_gap_rel' deprecated, please use 'mip_opt_gap_rel'.
WARNING:  Option 'mip_integral_gap_abs' deprecated, please use 'mip_opt_gap_abs'.
WARNING:  Option 'mip_integral_gap_rel' deprecated, please use 'mip_opt_gap_rel'.
WARNING:  Option 'mip_integral_gap_abs' deprecated, please use 'mip_opt_gap_abs'.
WARNING:  Option 'mip_integral_gap_rel' deprecated, please use 'mip_opt_gap_rel'.
WARNING:  Option 'mip_integral_gap_abs' deprecated, please use 'mip_opt_gap_abs'.
WARNING:  Option 'mip_integral_gap_rel' deprecated, please use 'mip_opt_gap_rel'.
WARNING:  Option 'mip_integral_gap_abs' deprecated, please use 'mip_opt_gap_abs'.
WARNING:  Option 'mip_integral_gap_rel' deprecated, please use 'mip_opt_gap_rel'.
WARNING:  Option 'mip_integral_gap_abs' deprecated, please use 'mip_opt_gap_abs'.
WARNING:  Option 'mip_integral_gap_rel' deprecated, please use 'mip_opt_gap_rel'.
WARNING:  Option 'mip_integral_gap_abs' deprecated, please use 'mip_opt_gap_abs'.
WARNING:  Option 'mip_integral_gap_rel' deprecated, please use 'mip_opt_gap_rel'.
WARNING:  Option 'mip_integral_gap_abs' deprecated, please use 'mip_opt_gap_abs'.
WARNING:  Option 'mip_integral_gap_rel' deprecated, please use 'mip_opt_gap_rel'.
WARNING:  Option 'mip_integral_gap_abs' deprecated, please use 'mip_opt_gap_abs'.
WARNING:  Option 'mip_integral_gap_rel' deprecated, please use 'mip_opt_gap_rel'.
WARNING:  Option 'mip_integral_gap_abs' deprecated, please use 'mip_opt_gap_abs'.
WARNING:  Option 'mip_integral_gap_rel' deprecated, please use 'mip_opt_gap_rel'.
WARNING:  Option 'mip_integral_gap_abs' deprecated, please use 'mip_opt_gap_abs'.
WARNING:  Option 'mip_integral_gap_rel' deprecated, please use 'mip_opt_gap_rel'.
WARNING:  Option 'mip_integral_gap_abs' deprecated, please use 'mip_opt_gap_abs'.
WARNING:  Option 'mip_integral_gap_rel' deprecated, please use 'mip_opt_gap_rel'.
    [θ-eval 10, gravity-feasible 5] seqR_mean=1.54e-04 ok=false seq_time=3.49s
WARNING:  Option 'mip_integral_gap_abs' deprecated, please use 'mip_opt_gap_abs'.
WARNING:  Option 'mip_integral_gap_rel' deprecated, please use 'mip_opt_gap_rel'.
WARNING:  Option 'mip_integral_gap_abs' deprecated, please use 'mip_opt_gap_abs'.
WARNING:  Option 'mip_integral_gap_rel' deprecated, please use 'mip_opt_gap_rel'.
WARNING:  Option 'mip_integral_gap_abs' deprecated, please use 'mip_opt_gap_abs'.
WARNING:  Option 'mip_integral_gap_rel' deprecated, please use 'mip_opt_gap_rel'.
WARNING:  Option 'mip_integral_gap_abs' deprecated, please use 'mip_opt_gap_abs'.
WARNING:  Option 'mip_integral_gap_rel' deprecated, please use 'mip_opt_gap_rel'.
WARNING:  Option 'mip_integral_gap_abs' deprecated, please use 'mip_opt_gap_abs'.
WARNING:  Option 'mip_integral_gap_rel' deprecated, please use 'mip_opt_gap_rel'.
WARNING:  Option 'mip_integral_gap_abs' deprecated, please use 'mip_opt_gap_abs'.
WARNING:  Option 'mip_integral_gap_rel' deprecated, please use 'mip_opt_gap_rel'.
WARNING:  Option 'mip_integral_gap_abs' deprecated, please use 'mip_opt_gap_abs'.
WARNING:  Option 'mip_integral_gap_rel' deprecated, please use 'mip_opt_gap_rel'.
WARNING:  Option 'mip_integral_gap_abs' deprecated, please use 'mip_opt_gap_abs'.
WARNING:  Option 'mip_integral_gap_rel' deprecated, please use 'mip_opt_gap_rel'.
WARNING:  Option 'mip_integral_gap_abs' deprecated, please use 'mip_opt_gap_abs'.
WARNING:  Option 'mip_integral_gap_rel' deprecated, please use 'mip_opt_gap_rel'.
WARNING:  Option 'mip_integral_gap_abs' deprecated, please use 'mip_opt_gap_abs'.
WARNING:  Option 'mip_integral_gap_rel' deprecated, please use 'mip_opt_gap_rel'.
WARNING:  Option 'mip_integral_gap_abs' deprecated, please use 'mip_opt_gap_abs'.
WARNING:  Option 'mip_integral_gap_rel' deprecated, please use 'mip_opt_gap_rel'.
WARNING:  Option 'mip_integral_gap_abs' deprecated, please use 'mip_opt_gap_abs'.
WARNING:  Option 'mip_integral_gap_rel' deprecated, please use 'mip_opt_gap_rel'.
WARNING:  Option 'mip_integral_gap_abs' deprecated, please use 'mip_opt_gap_abs'.
WARNING:  Option 'mip_integral_gap_rel' deprecated, please use 'mip_opt_gap_rel'.
WARNING:  Option 'mip_integral_gap_abs' deprecated, please use 'mip_opt_gap_abs'.
WARNING:  Option 'mip_integral_gap_rel' deprecated, please use 'mip_opt_gap_rel'.
WARNING:  Option 'mip_integral_gap_abs' deprecated, please use 'mip_opt_gap_abs'.
WARNING:  Option 'mip_integral_gap_rel' deprecated, please use 'mip_opt_gap_rel'.
WARNING:  Option 'mip_integral_gap_abs' deprecated, please use 'mip_opt_gap_abs'.
WARNING:  Option 'mip_integral_gap_rel' deprecated, please use 'mip_opt_gap_rel'.
WARNING:  Option 'mip_integral_gap_abs' deprecated, please use 'mip_opt_gap_abs'.
WARNING:  Option 'mip_integral_gap_rel' deprecated, please use 'mip_opt_gap_rel'.
WARNING:  Option 'mip_integral_gap_abs' deprecated, please use 'mip_opt_gap_abs'.
WARNING:  Option 'mip_integral_gap_rel' deprecated, please use 'mip_opt_gap_rel'.
WARNING:  Option 'mip_integral_gap_abs' deprecated, please use 'mip_opt_gap_abs'.
WARNING:  Option 'mip_integral_gap_rel' deprecated, please use 'mip_opt_gap_rel'.
WARNING:  Option 'mip_integral_gap_abs' deprecated, please use 'mip_opt_gap_abs'.
WARNING:  Option 'mip_integral_gap_rel' deprecated, please use 'mip_opt_gap_rel'.
WARNING:  Option 'mip_integral_gap_abs' deprecated, please use 'mip_opt_gap_abs'.
WARNING:  Option 'mip_integral_gap_rel' deprecated, please use 'mip_opt_gap_rel'.
WARNING:  Option 'mip_integral_gap_abs' deprecated, please use 'mip_opt_gap_abs'.
WARNING:  Option 'mip_integral_gap_rel' deprecated, please use 'mip_opt_gap_rel'.
WARNING:  Option 'mip_integral_gap_abs' deprecated, please use 'mip_opt_gap_abs'.
WARNING:  Option 'mip_integral_gap_rel' deprecated, please use 'mip_opt_gap_rel'.
WARNING:  Option 'mip_integral_gap_abs' deprecated, please use 'mip_opt_gap_abs'.
WARNING:  Option 'mip_integral_gap_rel' deprecated, please use 'mip_opt_gap_rel'.
WARNING:  Option 'mip_integral_gap_abs' deprecated, please use 'mip_opt_gap_abs'.
WARNING:  Option 'mip_integral_gap_rel' deprecated, please use 'mip_opt_gap_rel'.
WARNING:  Option 'mip_integral_gap_abs' deprecated, please use 'mip_opt_gap_abs'.
WARNING:  Option 'mip_integral_gap_rel' deprecated, please use 'mip_opt_gap_rel'.
WARNING:  Option 'mip_integral_gap_abs' deprecated, please use 'mip_opt_gap_abs'.
WARNING:  Option 'mip_integral_gap_rel' deprecated, please use 'mip_opt_gap_rel'.
WARNING:  Option 'mip_integral_gap_abs' deprecated, please use 'mip_opt_gap_abs'.
WARNING:  Option 'mip_integral_gap_rel' deprecated, please use 'mip_opt_gap_rel'.
WARNING:  Option 'mip_integral_gap_abs' deprecated, please use 'mip_opt_gap_abs'.
WARNING:  Option 'mip_integral_gap_rel' deprecated, please use 'mip_opt_gap_rel'.
WARNING:  Option 'mip_integral_gap_abs' deprecated, please use 'mip_opt_gap_abs'.
WARNING:  Option 'mip_integral_gap_rel' deprecated, please use 'mip_opt_gap_rel'.
WARNING:  Option 'mip_integral_gap_abs' deprecated, please use 'mip_opt_gap_abs'.
WARNING:  Option 'mip_integral_gap_rel' deprecated, please use 'mip_opt_gap_rel'.
WARNING:  Option 'mip_integral_gap_abs' deprecated, please use 'mip_opt_gap_abs'.
WARNING:  Option 'mip_integral_gap_rel' deprecated, please use 'mip_opt_gap_rel'.
WARNING:  Option 'mip_integral_gap_abs' deprecated, please use 'mip_opt_gap_abs'.
WARNING:  Option 'mip_integral_gap_rel' deprecated, please use 'mip_opt_gap_rel'.
WARNING:  Option 'mip_integral_gap_abs' deprecated, please use 'mip_opt_gap_abs'.
WARNING:  Option 'mip_integral_gap_rel' deprecated, please use 'mip_opt_gap_rel'.
WARNING:  Option 'mip_integral_gap_abs' deprecated, please use 'mip_opt_gap_abs'.
WARNING:  Option 'mip_integral_gap_rel' deprecated, please use 'mip_opt_gap_rel'.
WARNING:  Option 'mip_integral_gap_abs' deprecated, please use 'mip_opt_gap_abs'.
WARNING:  Option 'mip_integral_gap_rel' deprecated, please use 'mip_opt_gap_rel'.
WARNING:  Option 'mip_integral_gap_abs' deprecated, please use 'mip_opt_gap_abs'.
WARNING:  Option 'mip_integral_gap_rel' deprecated, please use 'mip_opt_gap_rel'.
WARNING:  Option 'mip_integral_gap_abs' deprecated, please use 'mip_opt_gap_abs'.
WARNING:  Option 'mip_integral_gap_rel' deprecated, please use 'mip_opt_gap_rel'.
WARNING:  Option 'mip_integral_gap_abs' deprecated, please use 'mip_opt_gap_abs'.
WARNING:  Option 'mip_integral_gap_rel' deprecated, please use 'mip_opt_gap_rel'.
WARNING:  Option 'mip_integral_gap_abs' deprecated, please use 'mip_opt_gap_abs'.
WARNING:  Option 'mip_integral_gap_rel' deprecated, please use 'mip_opt_gap_rel'.
WARNING:  Option 'mip_integral_gap_abs' deprecated, please use 'mip_opt_gap_abs'.
WARNING:  Option 'mip_integral_gap_rel' deprecated, please use 'mip_opt_gap_rel'.
WARNING:  Option 'mip_integral_gap_abs' deprecated, please use 'mip_opt_gap_abs'.
WARNING:  Option 'mip_integral_gap_rel' deprecated, please use 'mip_opt_gap_rel'.
WARNING:  Option 'mip_integral_gap_abs' deprecated, please use 'mip_opt_gap_abs'.
WARNING:  Option 'mip_integral_gap_rel' deprecated, please use 'mip_opt_gap_rel'.
WARNING:  Option 'mip_integral_gap_abs' deprecated, please use 'mip_opt_gap_abs'.
WARNING:  Option 'mip_integral_gap_rel' deprecated, please use 'mip_opt_gap_rel'.
WARNING:  Option 'mip_integral_gap_abs' deprecated, please use 'mip_opt_gap_abs'.
WARNING:  Option 'mip_integral_gap_rel' deprecated, please use 'mip_opt_gap_rel'.
WARNING:  Option 'mip_integral_gap_abs' deprecated, please use 'mip_opt_gap_abs'.
WARNING:  Option 'mip_integral_gap_rel' deprecated, please use 'mip_opt_gap_rel'.
WARNING:  Option 'mip_integral_gap_abs' deprecated, please use 'mip_opt_gap_abs'.
WARNING:  Option 'mip_integral_gap_rel' deprecated, please use 'mip_opt_gap_rel'.
WARNING:  Option 'mip_integral_gap_abs' deprecated, please use 'mip_opt_gap_abs'.
WARNING:  Option 'mip_integral_gap_rel' deprecated, please use 'mip_opt_gap_rel'.
WARNING:  Option 'mip_integral_gap_abs' deprecated, please use 'mip_opt_gap_abs'.
WARNING:  Option 'mip_integral_gap_rel' deprecated, please use 'mip_opt_gap_rel'.
WARNING:  Option 'mip_integral_gap_abs' deprecated, please use 'mip_opt_gap_abs'.
WARNING:  Option 'mip_integral_gap_rel' deprecated, please use 'mip_opt_gap_rel'.
WARNING:  Option 'mip_integral_gap_abs' deprecated, please use 'mip_opt_gap_abs'.
WARNING:  Option 'mip_integral_gap_rel' deprecated, please use 'mip_opt_gap_rel'.
WARNING:  Option 'mip_integral_gap_abs' deprecated, please use 'mip_opt_gap_abs'.
WARNING:  Option 'mip_integral_gap_rel' deprecated, please use 'mip_opt_gap_rel'.
WARNING:  Option 'mip_integral_gap_abs' deprecated, please use 'mip_opt_gap_abs'.
WARNING:  Option 'mip_integral_gap_rel' deprecated, please use 'mip_opt_gap_rel'.
WARNING:  Option 'mip_integral_gap_abs' deprecated, please use 'mip_opt_gap_abs'.
WARNING:  Option 'mip_integral_gap_rel' deprecated, please use 'mip_opt_gap_rel'.
WARNING:  Option 'mip_integral_gap_abs' deprecated, please use 'mip_opt_gap_abs'.
WARNING:  Option 'mip_integral_gap_rel' deprecated, please use 'mip_opt_gap_rel'.
WARNING:  Option 'mip_integral_gap_abs' deprecated, please use 'mip_opt_gap_abs'.
WARNING:  Option 'mip_integral_gap_rel' deprecated, please use 'mip_opt_gap_rel'.
WARNING:  Option 'mip_integral_gap_abs' deprecated, please use 'mip_opt_gap_abs'.
WARNING:  Option 'mip_integral_gap_rel' deprecated, please use 'mip_opt_gap_rel'.
WARNING:  Option 'mip_integral_gap_abs' deprecated, please use 'mip_opt_gap_abs'.
WARNING:  Option 'mip_integral_gap_rel' deprecated, please use 'mip_opt_gap_rel'.
WARNING:  Option 'mip_integral_gap_abs' deprecated, please use 'mip_opt_gap_abs'.
WARNING:  Option 'mip_integral_gap_rel' deprecated, please use 'mip_opt_gap_rel'.
WARNING:  Option 'mip_integral_gap_abs' deprecated, please use 'mip_opt_gap_abs'.
WARNING:  Option 'mip_integral_gap_rel' deprecated, please use 'mip_opt_gap_rel'.
WARNING:  Option 'mip_integral_gap_abs' deprecated, please use 'mip_opt_gap_abs'.
WARNING:  Option 'mip_integral_gap_rel' deprecated, please use 'mip_opt_gap_rel'.
WARNING:  Option 'mip_integral_gap_abs' deprecated, please use 'mip_opt_gap_abs'.
WARNING:  Option 'mip_integral_gap_rel' deprecated, please use 'mip_opt_gap_rel'.
WARNING:  Option 'mip_integral_gap_abs' deprecated, please use 'mip_opt_gap_abs'.
WARNING:  Option 'mip_integral_gap_rel' deprecated, please use 'mip_opt_gap_rel'.
WARNING:  Option 'mip_integral_gap_abs' deprecated, please use 'mip_opt_gap_abs'.
WARNING:  Option 'mip_integral_gap_rel' deprecated, please use 'mip_opt_gap_rel'.
WARNING:  Option 'mip_integral_gap_abs' deprecated, please use 'mip_opt_gap_abs'.
WARNING:  Option 'mip_integral_gap_rel' deprecated, please use 'mip_opt_gap_rel'.
WARNING:  Option 'mip_integral_gap_abs' deprecated, please use 'mip_opt_gap_abs'.
WARNING:  Option 'mip_integral_gap_rel' deprecated, please use 'mip_opt_gap_rel'.
WARNING:  Option 'mip_integral_gap_abs' deprecated, please use 'mip_opt_gap_abs'.
WARNING:  Option 'mip_integral_gap_rel' deprecated, please use 'mip_opt_gap_rel'.
WARNING:  Option 'mip_integral_gap_abs' deprecated, please use 'mip_opt_gap_abs'.
WARNING:  Option 'mip_integral_gap_rel' deprecated, please use 'mip_opt_gap_rel'.
WARNING:  Option 'mip_integral_gap_abs' deprecated, please use 'mip_opt_gap_abs'.
WARNING:  Option 'mip_integral_gap_rel' deprecated, please use 'mip_opt_gap_rel'.
WARNING:  Option 'mip_integral_gap_abs' deprecated, please use 'mip_opt_gap_abs'.
WARNING:  Option 'mip_integral_gap_rel' deprecated, please use 'mip_opt_gap_rel'.
WARNING:  Option 'mip_integral_gap_abs' deprecated, please use 'mip_opt_gap_abs'.
WARNING:  Option 'mip_integral_gap_rel' deprecated, please use 'mip_opt_gap_rel'.
WARNING:  Option 'mip_integral_gap_abs' deprecated, please use 'mip_opt_gap_abs'.
WARNING:  Option 'mip_integral_gap_rel' deprecated, please use 'mip_opt_gap_rel'.
WARNING:  Option 'mip_integral_gap_abs' deprecated, please use 'mip_opt_gap_abs'.
WARNING:  Option 'mip_integral_gap_rel' deprecated, please use 'mip_opt_gap_rel'.
WARNING:  Option 'mip_integral_gap_abs' deprecated, please use 'mip_opt_gap_abs'.
WARNING:  Option 'mip_integral_gap_rel' deprecated, please use 'mip_opt_gap_rel'.
WARNING:  Option 'mip_integral_gap_abs' deprecated, please use 'mip_opt_gap_abs'.
WARNING:  Option 'mip_integral_gap_rel' deprecated, please use 'mip_opt_gap_rel'.
WARNING:  Option 'mip_integral_gap_abs' deprecated, please use 'mip_opt_gap_abs'.
WARNING:  Option 'mip_integral_gap_rel' deprecated, please use 'mip_opt_gap_rel'.
WARNING:  Option 'mip_integral_gap_abs' deprecated, please use 'mip_opt_gap_abs'.
WARNING:  Option 'mip_integral_gap_rel' deprecated, please use 'mip_opt_gap_rel'.
WARNING:  Option 'mip_integral_gap_abs' deprecated, please use 'mip_opt_gap_abs'.
WARNING:  Option 'mip_integral_gap_rel' deprecated, please use 'mip_opt_gap_rel'.
WARNING:  Option 'mip_integral_gap_abs' deprecated, please use 'mip_opt_gap_abs'.
WARNING:  Option 'mip_integral_gap_rel' deprecated, please use 'mip_opt_gap_rel'.
WARNING:  Option 'mip_integral_gap_abs' deprecated, please use 'mip_opt_gap_abs'.
WARNING:  Option 'mip_integral_gap_rel' deprecated, please use 'mip_opt_gap_rel'.
WARNING:  Option 'mip_integral_gap_abs' deprecated, please use 'mip_opt_gap_abs'.
WARNING:  Option 'mip_integral_gap_rel' deprecated, please use 'mip_opt_gap_rel'.
WARNING:  Option 'mip_integral_gap_abs' deprecated, please use 'mip_opt_gap_abs'.
WARNING:  Option 'mip_integral_gap_rel' deprecated, please use 'mip_opt_gap_rel'.
WARNING:  Option 'mip_integral_gap_abs' deprecated, please use 'mip_opt_gap_abs'.
WARNING:  Option 'mip_integral_gap_rel' deprecated, please use 'mip_opt_gap_rel'.
WARNING:  Option 'mip_integral_gap_abs' deprecated, please use 'mip_opt_gap_abs'.
WARNING:  Option 'mip_integral_gap_rel' deprecated, please use 'mip_opt_gap_rel'.
WARNING:  Option 'mip_integral_gap_abs' deprecated, please use 'mip_opt_gap_abs'.
WARNING:  Option 'mip_integral_gap_rel' deprecated, please use 'mip_opt_gap_rel'.
WARNING:  Option 'mip_integral_gap_abs' deprecated, please use 'mip_opt_gap_abs'.
WARNING:  Option 'mip_integral_gap_rel' deprecated, please use 'mip_opt_gap_rel'.
WARNING:  Option 'mip_integral_gap_abs' deprecated, please use 'mip_opt_gap_abs'.
WARNING:  Option 'mip_integral_gap_rel' deprecated, please use 'mip_opt_gap_rel'.
WARNING:  Option 'mip_integral_gap_abs' deprecated, please use 'mip_opt_gap_abs'.
WARNING:  Option 'mip_integral_gap_rel' deprecated, please use 'mip_opt_gap_rel'.
WARNING:  Option 'mip_integral_gap_abs' deprecated, please use 'mip_opt_gap_abs'.
WARNING:  Option 'mip_integral_gap_rel' deprecated, please use 'mip_opt_gap_rel'.
WARNING:  Option 'mip_integral_gap_abs' deprecated, please use 'mip_opt_gap_abs'.
WARNING:  Option 'mip_integral_gap_rel' deprecated, please use 'mip_opt_gap_rel'.
WARNING:  Option 'mip_integral_gap_abs' deprecated, please use 'mip_opt_gap_abs'.
WARNING:  Option 'mip_integral_gap_rel' deprecated, please use 'mip_opt_gap_rel'.
WARNING:  Option 'mip_integral_gap_abs' deprecated, please use 'mip_opt_gap_abs'.
WARNING:  Option 'mip_integral_gap_rel' deprecated, please use 'mip_opt_gap_rel'.
WARNING:  Option 'mip_integral_gap_abs' deprecated, please use 'mip_opt_gap_abs'.
WARNING:  Option 'mip_integral_gap_rel' deprecated, please use 'mip_opt_gap_rel'.
WARNING:  Option 'mip_integral_gap_abs' deprecated, please use 'mip_opt_gap_abs'.
WARNING:  Option 'mip_integral_gap_rel' deprecated, please use 'mip_opt_gap_rel'.
WARNING:  Option 'mip_integral_gap_abs' deprecated, please use 'mip_opt_gap_abs'.
WARNING:  Option 'mip_integral_gap_rel' deprecated, please use 'mip_opt_gap_rel'.
WARNING:  Option 'mip_integral_gap_abs' deprecated, please use 'mip_opt_gap_abs'.
WARNING:  Option 'mip_integral_gap_rel' deprecated, please use 'mip_opt_gap_rel'.
WARNING:  Option 'mip_integral_gap_abs' deprecated, please use 'mip_opt_gap_abs'.
WARNING:  Option 'mip_integral_gap_rel' deprecated, please use 'mip_opt_gap_rel'.
WARNING:  Option 'mip_integral_gap_abs' deprecated, please use 'mip_opt_gap_abs'.
WARNING:  Option 'mip_integral_gap_rel' deprecated, please use 'mip_opt_gap_rel'.
WARNING:  Option 'mip_integral_gap_abs' deprecated, please use 'mip_opt_gap_abs'.
WARNING:  Option 'mip_integral_gap_rel' deprecated, please use 'mip_opt_gap_rel'.
WARNING:  Option 'mip_integral_gap_abs' deprecated, please use 'mip_opt_gap_abs'.
WARNING:  Option 'mip_integral_gap_rel' deprecated, please use 'mip_opt_gap_rel'.
WARNING:  Option 'mip_integral_gap_abs' deprecated, please use 'mip_opt_gap_abs'.
WARNING:  Option 'mip_integral_gap_rel' deprecated, please use 'mip_opt_gap_rel'.
WARNING:  Option 'mip_integral_gap_abs' deprecated, please use 'mip_opt_gap_abs'.
WARNING:  Option 'mip_integral_gap_rel' deprecated, please use 'mip_opt_gap_rel'.
WARNING:  Option 'mip_integral_gap_abs' deprecated, please use 'mip_opt_gap_abs'.
WARNING:  Option 'mip_integral_gap_rel' deprecated, please use 'mip_opt_gap_rel'.
WARNING:  Option 'mip_integral_gap_abs' deprecated, please use 'mip_opt_gap_abs'.
WARNING:  Option 'mip_integral_gap_rel' deprecated, please use 'mip_opt_gap_rel'.
WARNING:  Option 'mip_integral_gap_abs' deprecated, please use 'mip_opt_gap_abs'.
WARNING:  Option 'mip_integral_gap_rel' deprecated, please use 'mip_opt_gap_rel'.
WARNING:  Option 'mip_integral_gap_abs' deprecated, please use 'mip_opt_gap_abs'.
WARNING:  Option 'mip_integral_gap_rel' deprecated, please use 'mip_opt_gap_rel'.
WARNING:  Option 'mip_integral_gap_abs' deprecated, please use 'mip_opt_gap_abs'.
WARNING:  Option 'mip_integral_gap_rel' deprecated, please use 'mip_opt_gap_rel'.
WARNING:  Option 'mip_integral_gap_abs' deprecated, please use 'mip_opt_gap_abs'.
WARNING:  Option 'mip_integral_gap_rel' deprecated, please use 'mip_opt_gap_rel'.
    [θ-eval 20, gravity-feasible 8] seqR_mean=3.81e-04 ok=true seq_time=10.85s
WARNING:  Option 'mip_integral_gap_abs' deprecated, please use 'mip_opt_gap_abs'.
WARNING:  Option 'mip_integral_gap_rel' deprecated, please use 'mip_opt_gap_rel'.
WARNING:  Option 'mip_integral_gap_abs' deprecated, please use 'mip_opt_gap_abs'.
WARNING:  Option 'mip_integral_gap_rel' deprecated, please use 'mip_opt_gap_rel'.
WARNING:  Option 'mip_integral_gap_abs' deprecated, please use 'mip_opt_gap_abs'.
WARNING:  Option 'mip_integral_gap_rel' deprecated, please use 'mip_opt_gap_rel'.
WARNING:  Option 'mip_integral_gap_abs' deprecated, please use 'mip_opt_gap_abs'.
WARNING:  Option 'mip_integral_gap_rel' deprecated, please use 'mip_opt_gap_rel'.
WARNING:  Option 'mip_integral_gap_abs' deprecated, please use 'mip_opt_gap_abs'.
WARNING:  Option 'mip_integral_gap_rel' deprecated, please use 'mip_opt_gap_rel'.
WARNING:  Option 'mip_integral_gap_abs' deprecated, please use 'mip_opt_gap_abs'.
WARNING:  Option 'mip_integral_gap_rel' deprecated, please use 'mip_opt_gap_rel'.
WARNING:  Option 'mip_integral_gap_abs' deprecated, please use 'mip_opt_gap_abs'.
WARNING:  Option 'mip_integral_gap_rel' deprecated, please use 'mip_opt_gap_rel'.
WARNING:  Option 'mip_integral_gap_abs' deprecated, please use 'mip_opt_gap_abs'.
WARNING:  Option 'mip_integral_gap_rel' deprecated, please use 'mip_opt_gap_rel'.
WARNING:  Option 'mip_integral_gap_abs' deprecated, please use 'mip_opt_gap_abs'.
WARNING:  Option 'mip_integral_gap_rel' deprecated, please use 'mip_opt_gap_rel'.
WARNING:  Option 'mip_integral_gap_abs' deprecated, please use 'mip_opt_gap_abs'.
WARNING:  Option 'mip_integral_gap_rel' deprecated, please use 'mip_opt_gap_rel'.
WARNING:  Option 'mip_integral_gap_abs' deprecated, please use 'mip_opt_gap_abs'.
WARNING:  Option 'mip_integral_gap_rel' deprecated, please use 'mip_opt_gap_rel'.
WARNING:  Option 'mip_integral_gap_abs' deprecated, please use 'mip_opt_gap_abs'.
WARNING:  Option 'mip_integral_gap_rel' deprecated, please use 'mip_opt_gap_rel'.
WARNING:  Option 'mip_integral_gap_abs' deprecated, please use 'mip_opt_gap_abs'.
WARNING:  Option 'mip_integral_gap_rel' deprecated, please use 'mip_opt_gap_rel'.
WARNING:  Option 'mip_integral_gap_abs' deprecated, please use 'mip_opt_gap_abs'.
WARNING:  Option 'mip_integral_gap_rel' deprecated, please use 'mip_opt_gap_rel'.
WARNING:  Option 'mip_integral_gap_abs' deprecated, please use 'mip_opt_gap_abs'.
WARNING:  Option 'mip_integral_gap_rel' deprecated, please use 'mip_opt_gap_rel'.
WARNING:  Option 'mip_integral_gap_abs' deprecated, please use 'mip_opt_gap_abs'.
WARNING:  Option 'mip_integral_gap_rel' deprecated, please use 'mip_opt_gap_rel'.
WARNING:  Option 'mip_integral_gap_abs' deprecated, please use 'mip_opt_gap_abs'.
WARNING:  Option 'mip_integral_gap_rel' deprecated, please use 'mip_opt_gap_rel'.
WARNING:  Option 'mip_integral_gap_abs' deprecated, please use 'mip_opt_gap_abs'.
WARNING:  Option 'mip_integral_gap_rel' deprecated, please use 'mip_opt_gap_rel'.
WARNING:  Option 'mip_integral_gap_abs' deprecated, please use 'mip_opt_gap_abs'.
WARNING:  Option 'mip_integral_gap_rel' deprecated, please use 'mip_opt_gap_rel'.
WARNING:  Option 'mip_integral_gap_abs' deprecated, please use 'mip_opt_gap_abs'.
WARNING:  Option 'mip_integral_gap_rel' deprecated, please use 'mip_opt_gap_rel'.
WARNING:  Option 'mip_integral_gap_abs' deprecated, please use 'mip_opt_gap_abs'.
WARNING:  Option 'mip_integral_gap_rel' deprecated, please use 'mip_opt_gap_rel'.
WARNING:  Option 'mip_integral_gap_abs' deprecated, please use 'mip_opt_gap_abs'.
WARNING:  Option 'mip_integral_gap_rel' deprecated, please use 'mip_opt_gap_rel'.
WARNING:  Option 'mip_integral_gap_abs' deprecated, please use 'mip_opt_gap_abs'.
WARNING:  Option 'mip_integral_gap_rel' deprecated, please use 'mip_opt_gap_rel'.
WARNING:  Option 'mip_integral_gap_abs' deprecated, please use 'mip_opt_gap_abs'.
WARNING:  Option 'mip_integral_gap_rel' deprecated, please use 'mip_opt_gap_rel'.
WARNING:  Option 'mip_integral_gap_abs' deprecated, please use 'mip_opt_gap_abs'.
WARNING:  Option 'mip_integral_gap_rel' deprecated, please use 'mip_opt_gap_rel'.
WARNING:  Option 'mip_integral_gap_abs' deprecated, please use 'mip_opt_gap_abs'.
WARNING:  Option 'mip_integral_gap_rel' deprecated, please use 'mip_opt_gap_rel'.
WARNING:  Option 'mip_integral_gap_abs' deprecated, please use 'mip_opt_gap_abs'.
WARNING:  Option 'mip_integral_gap_rel' deprecated, please use 'mip_opt_gap_rel'.
WARNING:  Option 'mip_integral_gap_abs' deprecated, please use 'mip_opt_gap_abs'.
WARNING:  Option 'mip_integral_gap_rel' deprecated, please use 'mip_opt_gap_rel'.
WARNING:  Option 'mip_integral_gap_abs' deprecated, please use 'mip_opt_gap_abs'.
WARNING:  Option 'mip_integral_gap_rel' deprecated, please use 'mip_opt_gap_rel'.
WARNING:  Option 'mip_integral_gap_abs' deprecated, please use 'mip_opt_gap_abs'.
WARNING:  Option 'mip_integral_gap_rel' deprecated, please use 'mip_opt_gap_rel'.
WARNING:  Option 'mip_integral_gap_abs' deprecated, please use 'mip_opt_gap_abs'.
WARNING:  Option 'mip_integral_gap_rel' deprecated, please use 'mip_opt_gap_rel'.
WARNING:  Option 'mip_integral_gap_abs' deprecated, please use 'mip_opt_gap_abs'.
WARNING:  Option 'mip_integral_gap_rel' deprecated, please use 'mip_opt_gap_rel'.
WARNING:  Option 'mip_integral_gap_abs' deprecated, please use 'mip_opt_gap_abs'.
WARNING:  Option 'mip_integral_gap_rel' deprecated, please use 'mip_opt_gap_rel'.
WARNING:  Option 'mip_integral_gap_abs' deprecated, please use 'mip_opt_gap_abs'.
WARNING:  Option 'mip_integral_gap_rel' deprecated, please use 'mip_opt_gap_rel'.
WARNING:  Option 'mip_integral_gap_abs' deprecated, please use 'mip_opt_gap_abs'.
WARNING:  Option 'mip_integral_gap_rel' deprecated, please use 'mip_opt_gap_rel'.
WARNING:  Option 'mip_integral_gap_abs' deprecated, please use 'mip_opt_gap_abs'.
WARNING:  Option 'mip_integral_gap_rel' deprecated, please use 'mip_opt_gap_rel'.
WARNING:  Option 'mip_integral_gap_abs' deprecated, please use 'mip_opt_gap_abs'.
WARNING:  Option 'mip_integral_gap_rel' deprecated, please use 'mip_opt_gap_rel'.
WARNING:  Option 'mip_integral_gap_abs' deprecated, please use 'mip_opt_gap_abs'.
WARNING:  Option 'mip_integral_gap_rel' deprecated, please use 'mip_opt_gap_rel'.
WARNING:  Option 'mip_integral_gap_abs' deprecated, please use 'mip_opt_gap_abs'.
WARNING:  Option 'mip_integral_gap_rel' deprecated, please use 'mip_opt_gap_rel'.
WARNING:  Option 'mip_integral_gap_abs' deprecated, please use 'mip_opt_gap_abs'.
WARNING:  Option 'mip_integral_gap_rel' deprecated, please use 'mip_opt_gap_rel'.
WARNING:  Option 'mip_integral_gap_abs' deprecated, please use 'mip_opt_gap_abs'.
WARNING:  Option 'mip_integral_gap_rel' deprecated, please use 'mip_opt_gap_rel'.
WARNING:  Option 'mip_integral_gap_abs' deprecated, please use 'mip_opt_gap_abs'.
WARNING:  Option 'mip_integral_gap_rel' deprecated, please use 'mip_opt_gap_rel'.
WARNING:  Option 'mip_integral_gap_abs' deprecated, please use 'mip_opt_gap_abs'.
WARNING:  Option 'mip_integral_gap_rel' deprecated, please use 'mip_opt_gap_rel'.
WARNING:  Option 'mip_integral_gap_abs' deprecated, please use 'mip_opt_gap_abs'.
WARNING:  Option 'mip_integral_gap_rel' deprecated, please use 'mip_opt_gap_rel'.
WARNING:  Option 'mip_integral_gap_abs' deprecated, please use 'mip_opt_gap_abs'.
WARNING:  Option 'mip_integral_gap_rel' deprecated, please use 'mip_opt_gap_rel'.
WARNING:  Option 'mip_integral_gap_abs' deprecated, please use 'mip_opt_gap_abs'.
WARNING:  Option 'mip_integral_gap_rel' deprecated, please use 'mip_opt_gap_rel'.
WARNING:  Option 'mip_integral_gap_abs' deprecated, please use 'mip_opt_gap_abs'.
WARNING:  Option 'mip_integral_gap_rel' deprecated, please use 'mip_opt_gap_rel'.
WARNING:  Option 'mip_integral_gap_abs' deprecated, please use 'mip_opt_gap_abs'.
WARNING:  Option 'mip_integral_gap_rel' deprecated, please use 'mip_opt_gap_rel'.
WARNING:  Option 'mip_integral_gap_abs' deprecated, please use 'mip_opt_gap_abs'.
WARNING:  Option 'mip_integral_gap_rel' deprecated, please use 'mip_opt_gap_rel'.
WARNING:  Option 'mip_integral_gap_abs' deprecated, please use 'mip_opt_gap_abs'.
WARNING:  Option 'mip_integral_gap_rel' deprecated, please use 'mip_opt_gap_rel'.
WARNING:  Option 'mip_integral_gap_abs' deprecated, please use 'mip_opt_gap_abs'.
WARNING:  Option 'mip_integral_gap_rel' deprecated, please use 'mip_opt_gap_rel'.
WARNING:  Option 'mip_integral_gap_abs' deprecated, please use 'mip_opt_gap_abs'.
WARNING:  Option 'mip_integral_gap_rel' deprecated, please use 'mip_opt_gap_rel'.
WARNING:  Option 'mip_integral_gap_abs' deprecated, please use 'mip_opt_gap_abs'.
WARNING:  Option 'mip_integral_gap_rel' deprecated, please use 'mip_opt_gap_rel'.
WARNING:  Option 'mip_integral_gap_abs' deprecated, please use 'mip_opt_gap_abs'.
WARNING:  Option 'mip_integral_gap_rel' deprecated, please use 'mip_opt_gap_rel'.
WARNING:  Option 'mip_integral_gap_abs' deprecated, please use 'mip_opt_gap_abs'.
WARNING:  Option 'mip_integral_gap_rel' deprecated, please use 'mip_opt_gap_rel'.
WARNING:  Option 'mip_integral_gap_abs' deprecated, please use 'mip_opt_gap_abs'.
WARNING:  Option 'mip_integral_gap_rel' deprecated, please use 'mip_opt_gap_rel'.
WARNING:  Option 'mip_integral_gap_abs' deprecated, please use 'mip_opt_gap_abs'.
WARNING:  Option 'mip_integral_gap_rel' deprecated, please use 'mip_opt_gap_rel'.
WARNING:  Option 'mip_integral_gap_abs' deprecated, please use 'mip_opt_gap_abs'.
WARNING:  Option 'mip_integral_gap_rel' deprecated, please use 'mip_opt_gap_rel'.
WARNING:  Option 'mip_integral_gap_abs' deprecated, please use 'mip_opt_gap_abs'.
WARNING:  Option 'mip_integral_gap_rel' deprecated, please use 'mip_opt_gap_rel'.
WARNING:  Option 'mip_integral_gap_abs' deprecated, please use 'mip_opt_gap_abs'.
WARNING:  Option 'mip_integral_gap_rel' deprecated, please use 'mip_opt_gap_rel'.
WARNING:  Option 'mip_integral_gap_abs' deprecated, please use 'mip_opt_gap_abs'.
WARNING:  Option 'mip_integral_gap_rel' deprecated, please use 'mip_opt_gap_rel'.
WARNING:  Option 'mip_integral_gap_abs' deprecated, please use 'mip_opt_gap_abs'.
WARNING:  Option 'mip_integral_gap_rel' deprecated, please use 'mip_opt_gap_rel'.
WARNING:  Option 'mip_integral_gap_abs' deprecated, please use 'mip_opt_gap_abs'.
WARNING:  Option 'mip_integral_gap_rel' deprecated, please use 'mip_opt_gap_rel'.
WARNING:  Option 'mip_integral_gap_abs' deprecated, please use 'mip_opt_gap_abs'.
WARNING:  Option 'mip_integral_gap_rel' deprecated, please use 'mip_opt_gap_rel'.
WARNING:  Option 'mip_integral_gap_abs' deprecated, please use 'mip_opt_gap_abs'.
WARNING:  Option 'mip_integral_gap_rel' deprecated, please use 'mip_opt_gap_rel'.
WARNING:  Option 'mip_integral_gap_abs' deprecated, please use 'mip_opt_gap_abs'.
WARNING:  Option 'mip_integral_gap_rel' deprecated, please use 'mip_opt_gap_rel'.
WARNING:  Option 'mip_integral_gap_abs' deprecated, please use 'mip_opt_gap_abs'.
WARNING:  Option 'mip_integral_gap_rel' deprecated, please use 'mip_opt_gap_rel'.
WARNING:  Option 'mip_integral_gap_abs' deprecated, please use 'mip_opt_gap_abs'.
WARNING:  Option 'mip_integral_gap_rel' deprecated, please use 'mip_opt_gap_rel'.
WARNING:  Option 'mip_integral_gap_abs' deprecated, please use 'mip_opt_gap_abs'.
WARNING:  Option 'mip_integral_gap_rel' deprecated, please use 'mip_opt_gap_rel'.
WARNING:  Option 'mip_integral_gap_abs' deprecated, please use 'mip_opt_gap_abs'.
WARNING:  Option 'mip_integral_gap_rel' deprecated, please use 'mip_opt_gap_rel'.
WARNING:  Option 'mip_integral_gap_abs' deprecated, please use 'mip_opt_gap_abs'.
WARNING:  Option 'mip_integral_gap_rel' deprecated, please use 'mip_opt_gap_rel'.
WARNING:  Option 'mip_integral_gap_abs' deprecated, please use 'mip_opt_gap_abs'.
WARNING:  Option 'mip_integral_gap_rel' deprecated, please use 'mip_opt_gap_rel'.
WARNING:  Option 'mip_integral_gap_abs' deprecated, please use 'mip_opt_gap_abs'.
WARNING:  Option 'mip_integral_gap_rel' deprecated, please use 'mip_opt_gap_rel'.
WARNING:  Option 'mip_integral_gap_abs' deprecated, please use 'mip_opt_gap_abs'.
WARNING:  Option 'mip_integral_gap_rel' deprecated, please use 'mip_opt_gap_rel'.
WARNING:  Option 'mip_integral_gap_abs' deprecated, please use 'mip_opt_gap_abs'.
WARNING:  Option 'mip_integral_gap_rel' deprecated, please use 'mip_opt_gap_rel'.
WARNING:  Option 'mip_integral_gap_abs' deprecated, please use 'mip_opt_gap_abs'.
WARNING:  Option 'mip_integral_gap_rel' deprecated, please use 'mip_opt_gap_rel'.
WARNING:  Option 'mip_integral_gap_abs' deprecated, please use 'mip_opt_gap_abs'.
WARNING:  Option 'mip_integral_gap_rel' deprecated, please use 'mip_opt_gap_rel'.
WARNING:  Option 'mip_integral_gap_abs' deprecated, please use 'mip_opt_gap_abs'.
WARNING:  Option 'mip_integral_gap_rel' deprecated, please use 'mip_opt_gap_rel'.
WARNING:  Option 'mip_integral_gap_abs' deprecated, please use 'mip_opt_gap_abs'.
WARNING:  Option 'mip_integral_gap_rel' deprecated, please use 'mip_opt_gap_rel'.
WARNING:  Option 'mip_integral_gap_abs' deprecated, please use 'mip_opt_gap_abs'.
WARNING:  Option 'mip_integral_gap_rel' deprecated, please use 'mip_opt_gap_rel'.
WARNING:  Option 'mip_integral_gap_abs' deprecated, please use 'mip_opt_gap_abs'.
WARNING:  Option 'mip_integral_gap_rel' deprecated, please use 'mip_opt_gap_rel'.
WARNING:  Option 'mip_integral_gap_abs' deprecated, please use 'mip_opt_gap_abs'.
WARNING:  Option 'mip_integral_gap_rel' deprecated, please use 'mip_opt_gap_rel'.
WARNING:  Option 'mip_integral_gap_abs' deprecated, please use 'mip_opt_gap_abs'.
WARNING:  Option 'mip_integral_gap_rel' deprecated, please use 'mip_opt_gap_rel'.
WARNING:  Option 'mip_integral_gap_abs' deprecated, please use 'mip_opt_gap_abs'.
WARNING:  Option 'mip_integral_gap_rel' deprecated, please use 'mip_opt_gap_rel'.
WARNING:  Option 'mip_integral_gap_abs' deprecated, please use 'mip_opt_gap_abs'.
WARNING:  Option 'mip_integral_gap_rel' deprecated, please use 'mip_opt_gap_rel'.
WARNING:  Option 'mip_integral_gap_abs' deprecated, please use 'mip_opt_gap_abs'.
WARNING:  Option 'mip_integral_gap_rel' deprecated, please use 'mip_opt_gap_rel'.
WARNING:  Option 'mip_integral_gap_abs' deprecated, please use 'mip_opt_gap_abs'.
WARNING:  Option 'mip_integral_gap_rel' deprecated, please use 'mip_opt_gap_rel'.
WARNING:  Option 'mip_integral_gap_abs' deprecated, please use 'mip_opt_gap_abs'.
WARNING:  Option 'mip_integral_gap_rel' deprecated, please use 'mip_opt_gap_rel'.
WARNING:  Option 'mip_integral_gap_abs' deprecated, please use 'mip_opt_gap_abs'.
WARNING:  Option 'mip_integral_gap_rel' deprecated, please use 'mip_opt_gap_rel'.
WARNING:  Option 'mip_integral_gap_abs' deprecated, please use 'mip_opt_gap_abs'.
WARNING:  Option 'mip_integral_gap_rel' deprecated, please use 'mip_opt_gap_rel'.
WARNING:  Option 'mip_integral_gap_abs' deprecated, please use 'mip_opt_gap_abs'.
WARNING:  Option 'mip_integral_gap_rel' deprecated, please use 'mip_opt_gap_rel'.
WARNING:  Option 'mip_integral_gap_abs' deprecated, please use 'mip_opt_gap_abs'.
WARNING:  Option 'mip_integral_gap_rel' deprecated, please use 'mip_opt_gap_rel'.
WARNING:  Option 'mip_integral_gap_abs' deprecated, please use 'mip_opt_gap_abs'.
WARNING:  Option 'mip_integral_gap_rel' deprecated, please use 'mip_opt_gap_rel'.
WARNING:  Option 'mip_integral_gap_abs' deprecated, please use 'mip_opt_gap_abs'.
WARNING:  Option 'mip_integral_gap_rel' deprecated, please use 'mip_opt_gap_rel'.
WARNING:  Option 'mip_integral_gap_abs' deprecated, please use 'mip_opt_gap_abs'.
WARNING:  Option 'mip_integral_gap_rel' deprecated, please use 'mip_opt_gap_rel'.
WARNING:  Option 'mip_integral_gap_abs' deprecated, please use 'mip_opt_gap_abs'.
WARNING:  Option 'mip_integral_gap_rel' deprecated, please use 'mip_opt_gap_rel'.
WARNING:  Option 'mip_integral_gap_abs' deprecated, please use 'mip_opt_gap_abs'.
WARNING:  Option 'mip_integral_gap_rel' deprecated, please use 'mip_opt_gap_rel'.
WARNING:  Option 'mip_integral_gap_abs' deprecated, please use 'mip_opt_gap_abs'.
WARNING:  Option 'mip_integral_gap_rel' deprecated, please use 'mip_opt_gap_rel'.
WARNING:  Option 'mip_integral_gap_abs' deprecated, please use 'mip_opt_gap_abs'.
WARNING:  Option 'mip_integral_gap_rel' deprecated, please use 'mip_opt_gap_rel'.
WARNING:  Option 'mip_integral_gap_abs' deprecated, please use 'mip_opt_gap_abs'.
WARNING:  Option 'mip_integral_gap_rel' deprecated, please use 'mip_opt_gap_rel'.
WARNING:  Option 'mip_integral_gap_abs' deprecated, please use 'mip_opt_gap_abs'.
WARNING:  Option 'mip_integral_gap_rel' deprecated, please use 'mip_opt_gap_rel'.
WARNING:  Option 'mip_integral_gap_abs' deprecated, please use 'mip_opt_gap_abs'.
WARNING:  Option 'mip_integral_gap_rel' deprecated, please use 'mip_opt_gap_rel'.
WARNING:  Option 'mip_integral_gap_abs' deprecated, please use 'mip_opt_gap_abs'.
WARNING:  Option 'mip_integral_gap_rel' deprecated, please use 'mip_opt_gap_rel'.
WARNING:  Option 'mip_integral_gap_abs' deprecated, please use 'mip_opt_gap_abs'.
WARNING:  Option 'mip_integral_gap_rel' deprecated, please use 'mip_opt_gap_rel'.
WARNING:  Option 'mip_integral_gap_abs' deprecated, please use 'mip_opt_gap_abs'.
WARNING:  Option 'mip_integral_gap_rel' deprecated, please use 'mip_opt_gap_rel'.
WARNING:  Option 'mip_integral_gap_abs' deprecated, please use 'mip_opt_gap_abs'.
WARNING:  Option 'mip_integral_gap_rel' deprecated, please use 'mip_opt_gap_rel'.
WARNING:  Option 'mip_integral_gap_abs' deprecated, please use 'mip_opt_gap_abs'.
WARNING:  Option 'mip_integral_gap_rel' deprecated, please use 'mip_opt_gap_rel'.
WARNING:  Option 'mip_integral_gap_abs' deprecated, please use 'mip_opt_gap_abs'.
WARNING:  Option 'mip_integral_gap_rel' deprecated, please use 'mip_opt_gap_rel'.
WARNING:  Option 'mip_integral_gap_abs' deprecated, please use 'mip_opt_gap_abs'.
WARNING:  Option 'mip_integral_gap_rel' deprecated, please use 'mip_opt_gap_rel'.
WARNING:  Option 'mip_integral_gap_abs' deprecated, please use 'mip_opt_gap_abs'.
WARNING:  Option 'mip_integral_gap_rel' deprecated, please use 'mip_opt_gap_rel'.
WARNING:  Option 'mip_integral_gap_abs' deprecated, please use 'mip_opt_gap_abs'.
WARNING:  Option 'mip_integral_gap_rel' deprecated, please use 'mip_opt_gap_rel'.
WARNING:  Option 'mip_integral_gap_abs' deprecated, please use 'mip_opt_gap_abs'.
WARNING:  Option 'mip_integral_gap_rel' deprecated, please use 'mip_opt_gap_rel'.
WARNING:  Option 'mip_integral_gap_abs' deprecated, please use 'mip_opt_gap_abs'.
WARNING:  Option 'mip_integral_gap_rel' deprecated, please use 'mip_opt_gap_rel'.
WARNING:  Option 'mip_integral_gap_abs' deprecated, please use 'mip_opt_gap_abs'.
WARNING:  Option 'mip_integral_gap_rel' deprecated, please use 'mip_opt_gap_rel'.
WARNING:  Option 'mip_integral_gap_abs' deprecated, please use 'mip_opt_gap_abs'.
WARNING:  Option 'mip_integral_gap_rel' deprecated, please use 'mip_opt_gap_rel'.
WARNING:  Option 'mip_integral_gap_abs' deprecated, please use 'mip_opt_gap_abs'.
WARNING:  Option 'mip_integral_gap_rel' deprecated, please use 'mip_opt_gap_rel'.
WARNING:  Option 'mip_integral_gap_abs' deprecated, please use 'mip_opt_gap_abs'.
WARNING:  Option 'mip_integral_gap_rel' deprecated, please use 'mip_opt_gap_rel'.
WARNING:  Option 'mip_integral_gap_abs' deprecated, please use 'mip_opt_gap_abs'.
WARNING:  Option 'mip_integral_gap_rel' deprecated, please use 'mip_opt_gap_rel'.
WARNING:  Option 'mip_integral_gap_abs' deprecated, please use 'mip_opt_gap_abs'.
WARNING:  Option 'mip_integral_gap_rel' deprecated, please use 'mip_opt_gap_rel'.
    [θ-eval 30, gravity-feasible 9] seqR_mean=-2.70e-04 ok=false seq_time=0.70s
WARNING:  Option 'mip_integral_gap_abs' deprecated, please use 'mip_opt_gap_abs'.
WARNING:  Option 'mip_integral_gap_rel' deprecated, please use 'mip_opt_gap_rel'.
WARNING:  Option 'mip_integral_gap_abs' deprecated, please use 'mip_opt_gap_abs'.
WARNING:  Option 'mip_integral_gap_rel' deprecated, please use 'mip_opt_gap_rel'.
WARNING:  Option 'mip_integral_gap_abs' deprecated, please use 'mip_opt_gap_abs'.
WARNING:  Option 'mip_integral_gap_rel' deprecated, please use 'mip_opt_gap_rel'.
WARNING:  Option 'mip_integral_gap_abs' deprecated, please use 'mip_opt_gap_abs'.
WARNING:  Option 'mip_integral_gap_rel' deprecated, please use 'mip_opt_gap_rel'.
WARNING:  Option 'mip_integral_gap_abs' deprecated, please use 'mip_opt_gap_abs'.
WARNING:  Option 'mip_integral_gap_rel' deprecated, please use 'mip_opt_gap_rel'.
WARNING:  Option 'mip_integral_gap_abs' deprecated, please use 'mip_opt_gap_abs'.
WARNING:  Option 'mip_integral_gap_rel' deprecated, please use 'mip_opt_gap_rel'.
WARNING:  Option 'mip_integral_gap_abs' deprecated, please use 'mip_opt_gap_abs'.
WARNING:  Option 'mip_integral_gap_rel' deprecated, please use 'mip_opt_gap_rel'.
WARNING:  Option 'mip_integral_gap_abs' deprecated, please use 'mip_opt_gap_abs'.
WARNING:  Option 'mip_integral_gap_rel' deprecated, please use 'mip_opt_gap_rel'.
WARNING:  Option 'mip_integral_gap_abs' deprecated, please use 'mip_opt_gap_abs'.
WARNING:  Option 'mip_integral_gap_rel' deprecated, please use 'mip_opt_gap_rel'.
WARNING:  Option 'mip_integral_gap_abs' deprecated, please use 'mip_opt_gap_abs'.
WARNING:  Option 'mip_integral_gap_rel' deprecated, please use 'mip_opt_gap_rel'.
WARNING:  Option 'mip_integral_gap_abs' deprecated, please use 'mip_opt_gap_abs'.
WARNING:  Option 'mip_integral_gap_rel' deprecated, please use 'mip_opt_gap_rel'.
WARNING:  Option 'mip_integral_gap_abs' deprecated, please use 'mip_opt_gap_abs'.
WARNING:  Option 'mip_integral_gap_rel' deprecated, please use 'mip_opt_gap_rel'.
WARNING:  Option 'mip_integral_gap_abs' deprecated, please use 'mip_opt_gap_abs'.
WARNING:  Option 'mip_integral_gap_rel' deprecated, please use 'mip_opt_gap_rel'.
WARNING:  Option 'mip_integral_gap_abs' deprecated, please use 'mip_opt_gap_abs'.
WARNING:  Option 'mip_integral_gap_rel' deprecated, please use 'mip_opt_gap_rel'.
WARNING:  Option 'mip_integral_gap_abs' deprecated, please use 'mip_opt_gap_abs'.
WARNING:  Option 'mip_integral_gap_rel' deprecated, please use 'mip_opt_gap_rel'.
WARNING:  Option 'mip_integral_gap_abs' deprecated, please use 'mip_opt_gap_abs'.
WARNING:  Option 'mip_integral_gap_rel' deprecated, please use 'mip_opt_gap_rel'.
WARNING:  Option 'mip_integral_gap_abs' deprecated, please use 'mip_opt_gap_abs'.
WARNING:  Option 'mip_integral_gap_rel' deprecated, please use 'mip_opt_gap_rel'.
WARNING:  Option 'mip_integral_gap_abs' deprecated, please use 'mip_opt_gap_abs'.
WARNING:  Option 'mip_integral_gap_rel' deprecated, please use 'mip_opt_gap_rel'.
WARNING:  Option 'mip_integral_gap_abs' deprecated, please use 'mip_opt_gap_abs'.
WARNING:  Option 'mip_integral_gap_rel' deprecated, please use 'mip_opt_gap_rel'.
WARNING:  Option 'mip_integral_gap_abs' deprecated, please use 'mip_opt_gap_abs'.
WARNING:  Option 'mip_integral_gap_rel' deprecated, please use 'mip_opt_gap_rel'.
WARNING:  Option 'mip_integral_gap_abs' deprecated, please use 'mip_opt_gap_abs'.
WARNING:  Option 'mip_integral_gap_rel' deprecated, please use 'mip_opt_gap_rel'.
WARNING:  Option 'mip_integral_gap_abs' deprecated, please use 'mip_opt_gap_abs'.
WARNING:  Option 'mip_integral_gap_rel' deprecated, please use 'mip_opt_gap_rel'.
WARNING:  Option 'mip_integral_gap_abs' deprecated, please use 'mip_opt_gap_abs'.
WARNING:  Option 'mip_integral_gap_rel' deprecated, please use 'mip_opt_gap_rel'.
WARNING:  Option 'mip_integral_gap_abs' deprecated, please use 'mip_opt_gap_abs'.
WARNING:  Option 'mip_integral_gap_rel' deprecated, please use 'mip_opt_gap_rel'.
WARNING:  Option 'mip_integral_gap_abs' deprecated, please use 'mip_opt_gap_abs'.
WARNING:  Option 'mip_integral_gap_rel' deprecated, please use 'mip_opt_gap_rel'.
WARNING:  Option 'mip_integral_gap_abs' deprecated, please use 'mip_opt_gap_abs'.
WARNING:  Option 'mip_integral_gap_rel' deprecated, please use 'mip_opt_gap_rel'.
WARNING:  Option 'mip_integral_gap_abs' deprecated, please use 'mip_opt_gap_abs'.
WARNING:  Option 'mip_integral_gap_rel' deprecated, please use 'mip_opt_gap_rel'.
WARNING:  Option 'mip_integral_gap_abs' deprecated, please use 'mip_opt_gap_abs'.
WARNING:  Option 'mip_integral_gap_rel' deprecated, please use 'mip_opt_gap_rel'.
WARNING:  Option 'mip_integral_gap_abs' deprecated, please use 'mip_opt_gap_abs'.
WARNING:  Option 'mip_integral_gap_rel' deprecated, please use 'mip_opt_gap_rel'.
WARNING:  Option 'mip_integral_gap_abs' deprecated, please use 'mip_opt_gap_abs'.
WARNING:  Option 'mip_integral_gap_rel' deprecated, please use 'mip_opt_gap_rel'.
WARNING:  Option 'mip_integral_gap_abs' deprecated, please use 'mip_opt_gap_abs'.
WARNING:  Option 'mip_integral_gap_rel' deprecated, please use 'mip_opt_gap_rel'.
WARNING:  Option 'mip_integral_gap_abs' deprecated, please use 'mip_opt_gap_abs'.
WARNING:  Option 'mip_integral_gap_rel' deprecated, please use 'mip_opt_gap_rel'.
WARNING:  Option 'mip_integral_gap_abs' deprecated, please use 'mip_opt_gap_abs'.
WARNING:  Option 'mip_integral_gap_rel' deprecated, please use 'mip_opt_gap_rel'.
WARNING:  Option 'mip_integral_gap_abs' deprecated, please use 'mip_opt_gap_abs'.
WARNING:  Option 'mip_integral_gap_rel' deprecated, please use 'mip_opt_gap_rel'.
WARNING:  Option 'mip_integral_gap_abs' deprecated, please use 'mip_opt_gap_abs'.
WARNING:  Option 'mip_integral_gap_rel' deprecated, please use 'mip_opt_gap_rel'.
WARNING:  Option 'mip_integral_gap_abs' deprecated, please use 'mip_opt_gap_abs'.
WARNING:  Option 'mip_integral_gap_rel' deprecated, please use 'mip_opt_gap_rel'.
WARNING:  Option 'mip_integral_gap_abs' deprecated, please use 'mip_opt_gap_abs'.
WARNING:  Option 'mip_integral_gap_rel' deprecated, please use 'mip_opt_gap_rel'.
WARNING:  Option 'mip_integral_gap_abs' deprecated, please use 'mip_opt_gap_abs'.
WARNING:  Option 'mip_integral_gap_rel' deprecated, please use 'mip_opt_gap_rel'.
WARNING:  Option 'mip_integral_gap_abs' deprecated, please use 'mip_opt_gap_abs'.
WARNING:  Option 'mip_integral_gap_rel' deprecated, please use 'mip_opt_gap_rel'.
WARNING:  Option 'mip_integral_gap_abs' deprecated, please use 'mip_opt_gap_abs'.
WARNING:  Option 'mip_integral_gap_rel' deprecated, please use 'mip_opt_gap_rel'.
WARNING:  Option 'mip_integral_gap_abs' deprecated, please use 'mip_opt_gap_abs'.
WARNING:  Option 'mip_integral_gap_rel' deprecated, please use 'mip_opt_gap_rel'.
WARNING:  Option 'mip_integral_gap_abs' deprecated, please use 'mip_opt_gap_abs'.
WARNING:  Option 'mip_integral_gap_rel' deprecated, please use 'mip_opt_gap_rel'.
WARNING:  Option 'mip_integral_gap_abs' deprecated, please use 'mip_opt_gap_abs'.
WARNING:  Option 'mip_integral_gap_rel' deprecated, please use 'mip_opt_gap_rel'.
WARNING:  Option 'mip_integral_gap_abs' deprecated, please use 'mip_opt_gap_abs'.
WARNING:  Option 'mip_integral_gap_rel' deprecated, please use 'mip_opt_gap_rel'.
WARNING:  Option 'mip_integral_gap_abs' deprecated, please use 'mip_opt_gap_abs'.
WARNING:  Option 'mip_integral_gap_rel' deprecated, please use 'mip_opt_gap_rel'.
WARNING:  Option 'mip_integral_gap_abs' deprecated, please use 'mip_opt_gap_abs'.
WARNING:  Option 'mip_integral_gap_rel' deprecated, please use 'mip_opt_gap_rel'.
WARNING:  Option 'mip_integral_gap_abs' deprecated, please use 'mip_opt_gap_abs'.
WARNING:  Option 'mip_integral_gap_rel' deprecated, please use 'mip_opt_gap_rel'.
WARNING:  Option 'mip_integral_gap_abs' deprecated, please use 'mip_opt_gap_abs'.
WARNING:  Option 'mip_integral_gap_rel' deprecated, please use 'mip_opt_gap_rel'.
WARNING:  Option 'mip_integral_gap_abs' deprecated, please use 'mip_opt_gap_abs'.
WARNING:  Option 'mip_integral_gap_rel' deprecated, please use 'mip_opt_gap_rel'.
WARNING:  Option 'mip_integral_gap_abs' deprecated, please use 'mip_opt_gap_abs'.
WARNING:  Option 'mip_integral_gap_rel' deprecated, please use 'mip_opt_gap_rel'.
WARNING:  Option 'mip_integral_gap_abs' deprecated, please use 'mip_opt_gap_abs'.
WARNING:  Option 'mip_integral_gap_rel' deprecated, please use 'mip_opt_gap_rel'.
WARNING:  Option 'mip_integral_gap_abs' deprecated, please use 'mip_opt_gap_abs'.
WARNING:  Option 'mip_integral_gap_rel' deprecated, please use 'mip_opt_gap_rel'.
WARNING:  Option 'mip_integral_gap_abs' deprecated, please use 'mip_opt_gap_abs'.
WARNING:  Option 'mip_integral_gap_rel' deprecated, please use 'mip_opt_gap_rel'.
WARNING:  Option 'mip_integral_gap_abs' deprecated, please use 'mip_opt_gap_abs'.
WARNING:  Option 'mip_integral_gap_rel' deprecated, please use 'mip_opt_gap_rel'.
WARNING:  Option 'mip_integral_gap_abs' deprecated, please use 'mip_opt_gap_abs'.
WARNING:  Option 'mip_integral_gap_rel' deprecated, please use 'mip_opt_gap_rel'.
    [θ-eval 40, gravity-feasible 9] seqR_mean=-1.33e-04 ok=false seq_time=1.13s
WARNING:  Option 'mip_integral_gap_abs' deprecated, please use 'mip_opt_gap_abs'.
WARNING:  Option 'mip_integral_gap_rel' deprecated, please use 'mip_opt_gap_rel'.
WARNING:  Option 'mip_integral_gap_abs' deprecated, please use 'mip_opt_gap_abs'.
WARNING:  Option 'mip_integral_gap_rel' deprecated, please use 'mip_opt_gap_rel'.
WARNING:  Option 'mip_integral_gap_abs' deprecated, please use 'mip_opt_gap_abs'.
WARNING:  Option 'mip_integral_gap_rel' deprecated, please use 'mip_opt_gap_rel'.
WARNING:  Option 'mip_integral_gap_abs' deprecated, please use 'mip_opt_gap_abs'.
WARNING:  Option 'mip_integral_gap_rel' deprecated, please use 'mip_opt_gap_rel'.
WARNING:  Option 'mip_integral_gap_abs' deprecated, please use 'mip_opt_gap_abs'.
WARNING:  Option 'mip_integral_gap_rel' deprecated, please use 'mip_opt_gap_rel'.
WARNING:  Option 'mip_integral_gap_abs' deprecated, please use 'mip_opt_gap_abs'.
WARNING:  Option 'mip_integral_gap_rel' deprecated, please use 'mip_opt_gap_rel'.
WARNING:  Option 'mip_integral_gap_abs' deprecated, please use 'mip_opt_gap_abs'.
WARNING:  Option 'mip_integral_gap_rel' deprecated, please use 'mip_opt_gap_rel'.
WARNING:  Option 'mip_integral_gap_abs' deprecated, please use 'mip_opt_gap_abs'.
WARNING:  Option 'mip_integral_gap_rel' deprecated, please use 'mip_opt_gap_rel'.
WARNING:  Option 'mip_integral_gap_abs' deprecated, please use 'mip_opt_gap_abs'.
WARNING:  Option 'mip_integral_gap_rel' deprecated, please use 'mip_opt_gap_rel'.
WARNING:  Option 'mip_integral_gap_abs' deprecated, please use 'mip_opt_gap_abs'.
WARNING:  Option 'mip_integral_gap_rel' deprecated, please use 'mip_opt_gap_rel'.
WARNING:  Option 'mip_integral_gap_abs' deprecated, please use 'mip_opt_gap_abs'.
WARNING:  Option 'mip_integral_gap_rel' deprecated, please use 'mip_opt_gap_rel'.
WARNING:  Option 'mip_integral_gap_abs' deprecated, please use 'mip_opt_gap_abs'.
WARNING:  Option 'mip_integral_gap_rel' deprecated, please use 'mip_opt_gap_rel'.
WARNING:  Option 'mip_integral_gap_abs' deprecated, please use 'mip_opt_gap_abs'.
WARNING:  Option 'mip_integral_gap_rel' deprecated, please use 'mip_opt_gap_rel'.
WARNING:  Option 'mip_integral_gap_abs' deprecated, please use 'mip_opt_gap_abs'.
WARNING:  Option 'mip_integral_gap_rel' deprecated, please use 'mip_opt_gap_rel'.
WARNING:  Option 'mip_integral_gap_abs' deprecated, please use 'mip_opt_gap_abs'.
WARNING:  Option 'mip_integral_gap_rel' deprecated, please use 'mip_opt_gap_rel'.
WARNING:  Option 'mip_integral_gap_abs' deprecated, please use 'mip_opt_gap_abs'.
WARNING:  Option 'mip_integral_gap_rel' deprecated, please use 'mip_opt_gap_rel'.
WARNING:  Option 'mip_integral_gap_abs' deprecated, please use 'mip_opt_gap_abs'.
WARNING:  Option 'mip_integral_gap_rel' deprecated, please use 'mip_opt_gap_rel'.
WARNING:  Option 'mip_integral_gap_abs' deprecated, please use 'mip_opt_gap_abs'.
WARNING:  Option 'mip_integral_gap_rel' deprecated, please use 'mip_opt_gap_rel'.
WARNING:  Option 'mip_integral_gap_abs' deprecated, please use 'mip_opt_gap_abs'.
WARNING:  Option 'mip_integral_gap_rel' deprecated, please use 'mip_opt_gap_rel'.
WARNING:  Option 'mip_integral_gap_abs' deprecated, please use 'mip_opt_gap_abs'.
WARNING:  Option 'mip_integral_gap_rel' deprecated, please use 'mip_opt_gap_rel'.
WARNING:  Option 'mip_integral_gap_abs' deprecated, please use 'mip_opt_gap_abs'.
WARNING:  Option 'mip_integral_gap_rel' deprecated, please use 'mip_opt_gap_rel'.
WARNING:  Option 'mip_integral_gap_abs' deprecated, please use 'mip_opt_gap_abs'.
WARNING:  Option 'mip_integral_gap_rel' deprecated, please use 'mip_opt_gap_rel'.
WARNING:  Option 'mip_integral_gap_abs' deprecated, please use 'mip_opt_gap_abs'.
WARNING:  Option 'mip_integral_gap_rel' deprecated, please use 'mip_opt_gap_rel'.
WARNING:  Option 'mip_integral_gap_abs' deprecated, please use 'mip_opt_gap_abs'.
WARNING:  Option 'mip_integral_gap_rel' deprecated, please use 'mip_opt_gap_rel'.
WARNING:  Option 'mip_integral_gap_abs' deprecated, please use 'mip_opt_gap_abs'.
WARNING:  Option 'mip_integral_gap_rel' deprecated, please use 'mip_opt_gap_rel'.
WARNING:  Option 'mip_integral_gap_abs' deprecated, please use 'mip_opt_gap_abs'.
WARNING:  Option 'mip_integral_gap_rel' deprecated, please use 'mip_opt_gap_rel'.
WARNING:  Option 'mip_integral_gap_abs' deprecated, please use 'mip_opt_gap_abs'.
WARNING:  Option 'mip_integral_gap_rel' deprecated, please use 'mip_opt_gap_rel'.
WARNING:  Option 'mip_integral_gap_abs' deprecated, please use 'mip_opt_gap_abs'.
WARNING:  Option 'mip_integral_gap_rel' deprecated, please use 'mip_opt_gap_rel'.
WARNING:  Option 'mip_integral_gap_abs' deprecated, please use 'mip_opt_gap_abs'.
WARNING:  Option 'mip_integral_gap_rel' deprecated, please use 'mip_opt_gap_rel'.
WARNING:  Option 'mip_integral_gap_abs' deprecated, please use 'mip_opt_gap_abs'.
WARNING:  Option 'mip_integral_gap_rel' deprecated, please use 'mip_opt_gap_rel'.
WARNING:  Option 'mip_integral_gap_abs' deprecated, please use 'mip_opt_gap_abs'.
WARNING:  Option 'mip_integral_gap_rel' deprecated, please use 'mip_opt_gap_rel'.
WARNING:  Option 'mip_integral_gap_abs' deprecated, please use 'mip_opt_gap_abs'.
WARNING:  Option 'mip_integral_gap_rel' deprecated, please use 'mip_opt_gap_rel'.
WARNING:  Option 'mip_integral_gap_abs' deprecated, please use 'mip_opt_gap_abs'.
WARNING:  Option 'mip_integral_gap_rel' deprecated, please use 'mip_opt_gap_rel'.
WARNING:  Option 'mip_integral_gap_abs' deprecated, please use 'mip_opt_gap_abs'.
WARNING:  Option 'mip_integral_gap_rel' deprecated, please use 'mip_opt_gap_rel'.
WARNING:  Option 'mip_integral_gap_abs' deprecated, please use 'mip_opt_gap_abs'.
WARNING:  Option 'mip_integral_gap_rel' deprecated, please use 'mip_opt_gap_rel'.
WARNING:  Option 'mip_integral_gap_abs' deprecated, please use 'mip_opt_gap_abs'.
WARNING:  Option 'mip_integral_gap_rel' deprecated, please use 'mip_opt_gap_rel'.
WARNING:  Option 'mip_integral_gap_abs' deprecated, please use 'mip_opt_gap_abs'.
WARNING:  Option 'mip_integral_gap_rel' deprecated, please use 'mip_opt_gap_rel'.
WARNING:  Option 'mip_integral_gap_abs' deprecated, please use 'mip_opt_gap_abs'.
WARNING:  Option 'mip_integral_gap_rel' deprecated, please use 'mip_opt_gap_rel'.
WARNING:  Option 'mip_integral_gap_abs' deprecated, please use 'mip_opt_gap_abs'.
WARNING:  Option 'mip_integral_gap_rel' deprecated, please use 'mip_opt_gap_rel'.
WARNING:  Option 'mip_integral_gap_abs' deprecated, please use 'mip_opt_gap_abs'.
WARNING:  Option 'mip_integral_gap_rel' deprecated, please use 'mip_opt_gap_rel'.
WARNING:  Option 'mip_integral_gap_abs' deprecated, please use 'mip_opt_gap_abs'.
WARNING:  Option 'mip_integral_gap_rel' deprecated, please use 'mip_opt_gap_rel'.
WARNING:  Option 'mip_integral_gap_abs' deprecated, please use 'mip_opt_gap_abs'.
WARNING:  Option 'mip_integral_gap_rel' deprecated, please use 'mip_opt_gap_rel'.
WARNING:  Option 'mip_integral_gap_abs' deprecated, please use 'mip_opt_gap_abs'.
WARNING:  Option 'mip_integral_gap_rel' deprecated, please use 'mip_opt_gap_rel'.
WARNING:  Option 'mip_integral_gap_abs' deprecated, please use 'mip_opt_gap_abs'.
WARNING:  Option 'mip_integral_gap_rel' deprecated, please use 'mip_opt_gap_rel'.
WARNING:  Option 'mip_integral_gap_abs' deprecated, please use 'mip_opt_gap_abs'.
WARNING:  Option 'mip_integral_gap_rel' deprecated, please use 'mip_opt_gap_rel'.
WARNING:  Option 'mip_integral_gap_abs' deprecated, please use 'mip_opt_gap_abs'.
WARNING:  Option 'mip_integral_gap_rel' deprecated, please use 'mip_opt_gap_rel'.
WARNING:  Option 'mip_integral_gap_abs' deprecated, please use 'mip_opt_gap_abs'.
WARNING:  Option 'mip_integral_gap_rel' deprecated, please use 'mip_opt_gap_rel'.
WARNING:  Option 'mip_integral_gap_abs' deprecated, please use 'mip_opt_gap_abs'.
WARNING:  Option 'mip_integral_gap_rel' deprecated, please use 'mip_opt_gap_rel'.
WARNING:  Option 'mip_integral_gap_abs' deprecated, please use 'mip_opt_gap_abs'.
WARNING:  Option 'mip_integral_gap_rel' deprecated, please use 'mip_opt_gap_rel'.
WARNING:  Option 'mip_integral_gap_abs' deprecated, please use 'mip_opt_gap_abs'.
WARNING:  Option 'mip_integral_gap_rel' deprecated, please use 'mip_opt_gap_rel'.
WARNING:  Option 'mip_integral_gap_abs' deprecated, please use 'mip_opt_gap_abs'.
WARNING:  Option 'mip_integral_gap_rel' deprecated, please use 'mip_opt_gap_rel'.
WARNING:  Option 'mip_integral_gap_abs' deprecated, please use 'mip_opt_gap_abs'.
WARNING:  Option 'mip_integral_gap_rel' deprecated, please use 'mip_opt_gap_rel'.
WARNING:  Option 'mip_integral_gap_abs' deprecated, please use 'mip_opt_gap_abs'.
WARNING:  Option 'mip_integral_gap_rel' deprecated, please use 'mip_opt_gap_rel'.
WARNING:  Option 'mip_integral_gap_abs' deprecated, please use 'mip_opt_gap_abs'.
WARNING:  Option 'mip_integral_gap_rel' deprecated, please use 'mip_opt_gap_rel'.
WARNING:  Option 'mip_integral_gap_abs' deprecated, please use 'mip_opt_gap_abs'.
WARNING:  Option 'mip_integral_gap_rel' deprecated, please use 'mip_opt_gap_rel'.
WARNING:  Option 'mip_integral_gap_abs' deprecated, please use 'mip_opt_gap_abs'.
WARNING:  Option 'mip_integral_gap_rel' deprecated, please use 'mip_opt_gap_rel'.
WARNING:  Option 'mip_integral_gap_abs' deprecated, please use 'mip_opt_gap_abs'.
WARNING:  Option 'mip_integral_gap_rel' deprecated, please use 'mip_opt_gap_rel'.
WARNING:  Option 'mip_integral_gap_abs' deprecated, please use 'mip_opt_gap_abs'.
WARNING:  Option 'mip_integral_gap_rel' deprecated, please use 'mip_opt_gap_rel'.
WARNING:  Option 'mip_integral_gap_abs' deprecated, please use 'mip_opt_gap_abs'.
WARNING:  Option 'mip_integral_gap_rel' deprecated, please use 'mip_opt_gap_rel'.
WARNING:  Option 'mip_integral_gap_abs' deprecated, please use 'mip_opt_gap_abs'.
WARNING:  Option 'mip_integral_gap_rel' deprecated, please use 'mip_opt_gap_rel'.
WARNING:  Option 'mip_integral_gap_abs' deprecated, please use 'mip_opt_gap_abs'.
WARNING:  Option 'mip_integral_gap_rel' deprecated, please use 'mip_opt_gap_rel'.
WARNING:  Option 'mip_integral_gap_abs' deprecated, please use 'mip_opt_gap_abs'.
WARNING:  Option 'mip_integral_gap_rel' deprecated, please use 'mip_opt_gap_rel'.
WARNING:  Option 'mip_integral_gap_abs' deprecated, please use 'mip_opt_gap_abs'.
WARNING:  Option 'mip_integral_gap_rel' deprecated, please use 'mip_opt_gap_rel'.
WARNING:  Option 'mip_integral_gap_abs' deprecated, please use 'mip_opt_gap_abs'.
WARNING:  Option 'mip_integral_gap_rel' deprecated, please use 'mip_opt_gap_rel'.
WARNING:  Option 'mip_integral_gap_abs' deprecated, please use 'mip_opt_gap_abs'.
WARNING:  Option 'mip_integral_gap_rel' deprecated, please use 'mip_opt_gap_rel'.
WARNING:  Option 'mip_integral_gap_abs' deprecated, please use 'mip_opt_gap_abs'.
WARNING:  Option 'mip_integral_gap_rel' deprecated, please use 'mip_opt_gap_rel'.
WARNING:  Option 'mip_integral_gap_abs' deprecated, please use 'mip_opt_gap_abs'.
WARNING:  Option 'mip_integral_gap_rel' deprecated, please use 'mip_opt_gap_rel'.
WARNING:  Option 'mip_integral_gap_abs' deprecated, please use 'mip_opt_gap_abs'.
WARNING:  Option 'mip_integral_gap_rel' deprecated, please use 'mip_opt_gap_rel'.
WARNING:  Option 'mip_integral_gap_abs' deprecated, please use 'mip_opt_gap_abs'.
WARNING:  Option 'mip_integral_gap_rel' deprecated, please use 'mip_opt_gap_rel'.
WARNING:  Option 'mip_integral_gap_abs' deprecated, please use 'mip_opt_gap_abs'.
WARNING:  Option 'mip_integral_gap_rel' deprecated, please use 'mip_opt_gap_rel'.
WARNING:  Option 'mip_integral_gap_abs' deprecated, please use 'mip_opt_gap_abs'.
WARNING:  Option 'mip_integral_gap_rel' deprecated, please use 'mip_opt_gap_rel'.
WARNING:  Option 'mip_integral_gap_abs' deprecated, please use 'mip_opt_gap_abs'.
WARNING:  Option 'mip_integral_gap_rel' deprecated, please use 'mip_opt_gap_rel'.
WARNING:  Option 'mip_integral_gap_abs' deprecated, please use 'mip_opt_gap_abs'.
WARNING:  Option 'mip_integral_gap_rel' deprecated, please use 'mip_opt_gap_rel'.
WARNING:  Option 'mip_integral_gap_abs' deprecated, please use 'mip_opt_gap_abs'.
WARNING:  Option 'mip_integral_gap_rel' deprecated, please use 'mip_opt_gap_rel'.
WARNING:  Option 'mip_integral_gap_abs' deprecated, please use 'mip_opt_gap_abs'.
WARNING:  Option 'mip_integral_gap_rel' deprecated, please use 'mip_opt_gap_rel'.
WARNING:  Option 'mip_integral_gap_abs' deprecated, please use 'mip_opt_gap_abs'.
WARNING:  Option 'mip_integral_gap_rel' deprecated, please use 'mip_opt_gap_rel'.
WARNING:  Option 'mip_integral_gap_abs' deprecated, please use 'mip_opt_gap_abs'.
WARNING:  Option 'mip_integral_gap_rel' deprecated, please use 'mip_opt_gap_rel'.
WARNING:  Option 'mip_integral_gap_abs' deprecated, please use 'mip_opt_gap_abs'.
WARNING:  Option 'mip_integral_gap_rel' deprecated, please use 'mip_opt_gap_rel'.
WARNING:  Option 'mip_integral_gap_abs' deprecated, please use 'mip_opt_gap_abs'.
WARNING:  Option 'mip_integral_gap_rel' deprecated, please use 'mip_opt_gap_rel'.
WARNING:  Option 'mip_integral_gap_abs' deprecated, please use 'mip_opt_gap_abs'.
WARNING:  Option 'mip_integral_gap_rel' deprecated, please use 'mip_opt_gap_rel'.
WARNING:  Option 'mip_integral_gap_abs' deprecated, please use 'mip_opt_gap_abs'.
WARNING:  Option 'mip_integral_gap_rel' deprecated, please use 'mip_opt_gap_rel'.
WARNING:  Option 'mip_integral_gap_abs' deprecated, please use 'mip_opt_gap_abs'.
WARNING:  Option 'mip_integral_gap_rel' deprecated, please use 'mip_opt_gap_rel'.
WARNING:  Option 'mip_integral_gap_abs' deprecated, please use 'mip_opt_gap_abs'.
WARNING:  Option 'mip_integral_gap_rel' deprecated, please use 'mip_opt_gap_rel'.
WARNING:  Option 'mip_integral_gap_abs' deprecated, please use 'mip_opt_gap_abs'.
WARNING:  Option 'mip_integral_gap_rel' deprecated, please use 'mip_opt_gap_rel'.
    [θ-eval 50, gravity-feasible 10] seqR_mean=1.88e-04 ok=false seq_time=17.75s
WARNING:  Option 'mip_integral_gap_abs' deprecated, please use 'mip_opt_gap_abs'.
WARNING:  Option 'mip_integral_gap_rel' deprecated, please use 'mip_opt_gap_rel'.
WARNING:  Option 'mip_integral_gap_abs' deprecated, please use 'mip_opt_gap_abs'.
WARNING:  Option 'mip_integral_gap_rel' deprecated, please use 'mip_opt_gap_rel'.
WARNING:  Option 'mip_integral_gap_abs' deprecated, please use 'mip_opt_gap_abs'.
WARNING:  Option 'mip_integral_gap_rel' deprecated, please use 'mip_opt_gap_rel'.
WARNING:  Option 'mip_integral_gap_abs' deprecated, please use 'mip_opt_gap_abs'.
WARNING:  Option 'mip_integral_gap_rel' deprecated, please use 'mip_opt_gap_rel'.
WARNING:  Option 'mip_integral_gap_abs' deprecated, please use 'mip_opt_gap_abs'.
WARNING:  Option 'mip_integral_gap_rel' deprecated, please use 'mip_opt_gap_rel'.
WARNING:  Option 'mip_integral_gap_abs' deprecated, please use 'mip_opt_gap_abs'.
WARNING:  Option 'mip_integral_gap_rel' deprecated, please use 'mip_opt_gap_rel'.
WARNING:  Option 'mip_integral_gap_abs' deprecated, please use 'mip_opt_gap_abs'.
WARNING:  Option 'mip_integral_gap_rel' deprecated, please use 'mip_opt_gap_rel'.
WARNING:  Option 'mip_integral_gap_abs' deprecated, please use 'mip_opt_gap_abs'.
WARNING:  Option 'mip_integral_gap_rel' deprecated, please use 'mip_opt_gap_rel'.
WARNING:  Option 'mip_integral_gap_abs' deprecated, please use 'mip_opt_gap_abs'.
WARNING:  Option 'mip_integral_gap_rel' deprecated, please use 'mip_opt_gap_rel'.
WARNING:  Option 'mip_integral_gap_abs' deprecated, please use 'mip_opt_gap_abs'.
WARNING:  Option 'mip_integral_gap_rel' deprecated, please use 'mip_opt_gap_rel'.
WARNING:  Option 'mip_integral_gap_abs' deprecated, please use 'mip_opt_gap_abs'.
WARNING:  Option 'mip_integral_gap_rel' deprecated, please use 'mip_opt_gap_rel'.
WARNING:  Option 'mip_integral_gap_abs' deprecated, please use 'mip_opt_gap_abs'.
WARNING:  Option 'mip_integral_gap_rel' deprecated, please use 'mip_opt_gap_rel'.
WARNING:  Option 'mip_integral_gap_abs' deprecated, please use 'mip_opt_gap_abs'.
WARNING:  Option 'mip_integral_gap_rel' deprecated, please use 'mip_opt_gap_rel'.
WARNING:  Option 'mip_integral_gap_abs' deprecated, please use 'mip_opt_gap_abs'.
WARNING:  Option 'mip_integral_gap_rel' deprecated, please use 'mip_opt_gap_rel'.
WARNING:  Option 'mip_integral_gap_abs' deprecated, please use 'mip_opt_gap_abs'.
WARNING:  Option 'mip_integral_gap_rel' deprecated, please use 'mip_opt_gap_rel'.
WARNING:  Option 'mip_integral_gap_abs' deprecated, please use 'mip_opt_gap_abs'.
WARNING:  Option 'mip_integral_gap_rel' deprecated, please use 'mip_opt_gap_rel'.
WARNING:  Option 'mip_integral_gap_abs' deprecated, please use 'mip_opt_gap_abs'.
WARNING:  Option 'mip_integral_gap_rel' deprecated, please use 'mip_opt_gap_rel'.
WARNING:  Option 'mip_integral_gap_abs' deprecated, please use 'mip_opt_gap_abs'.
WARNING:  Option 'mip_integral_gap_rel' deprecated, please use 'mip_opt_gap_rel'.
WARNING:  Option 'mip_integral_gap_abs' deprecated, please use 'mip_opt_gap_abs'.
WARNING:  Option 'mip_integral_gap_rel' deprecated, please use 'mip_opt_gap_rel'.
WARNING:  Option 'mip_integral_gap_abs' deprecated, please use 'mip_opt_gap_abs'.
WARNING:  Option 'mip_integral_gap_rel' deprecated, please use 'mip_opt_gap_rel'.
WARNING:  Option 'mip_integral_gap_abs' deprecated, please use 'mip_opt_gap_abs'.
WARNING:  Option 'mip_integral_gap_rel' deprecated, please use 'mip_opt_gap_rel'.
WARNING:  Option 'mip_integral_gap_abs' deprecated, please use 'mip_opt_gap_abs'.
WARNING:  Option 'mip_integral_gap_rel' deprecated, please use 'mip_opt_gap_rel'.
WARNING:  Option 'mip_integral_gap_abs' deprecated, please use 'mip_opt_gap_abs'.
WARNING:  Option 'mip_integral_gap_rel' deprecated, please use 'mip_opt_gap_rel'.
WARNING:  Option 'mip_integral_gap_abs' deprecated, please use 'mip_opt_gap_abs'.
WARNING:  Option 'mip_integral_gap_rel' deprecated, please use 'mip_opt_gap_rel'.
WARNING:  Option 'mip_integral_gap_abs' deprecated, please use 'mip_opt_gap_abs'.
WARNING:  Option 'mip_integral_gap_rel' deprecated, please use 'mip_opt_gap_rel'.
WARNING:  Option 'mip_integral_gap_abs' deprecated, please use 'mip_opt_gap_abs'.
WARNING:  Option 'mip_integral_gap_rel' deprecated, please use 'mip_opt_gap_rel'.
WARNING:  Option 'mip_integral_gap_abs' deprecated, please use 'mip_opt_gap_abs'.
WARNING:  Option 'mip_integral_gap_rel' deprecated, please use 'mip_opt_gap_rel'.
WARNING:  Option 'mip_integral_gap_abs' deprecated, please use 'mip_opt_gap_abs'.
WARNING:  Option 'mip_integral_gap_rel' deprecated, please use 'mip_opt_gap_rel'.
WARNING:  Option 'mip_integral_gap_abs' deprecated, please use 'mip_opt_gap_abs'.
WARNING:  Option 'mip_integral_gap_rel' deprecated, please use 'mip_opt_gap_rel'.
WARNING:  Option 'mip_integral_gap_abs' deprecated, please use 'mip_opt_gap_abs'.
WARNING:  Option 'mip_integral_gap_rel' deprecated, please use 'mip_opt_gap_rel'.
WARNING:  Option 'mip_integral_gap_abs' deprecated, please use 'mip_opt_gap_abs'.
WARNING:  Option 'mip_integral_gap_rel' deprecated, please use 'mip_opt_gap_rel'.
WARNING:  Option 'mip_integral_gap_abs' deprecated, please use 'mip_opt_gap_abs'.
WARNING:  Option 'mip_integral_gap_rel' deprecated, please use 'mip_opt_gap_rel'.
WARNING:  Option 'mip_integral_gap_abs' deprecated, please use 'mip_opt_gap_abs'.
WARNING:  Option 'mip_integral_gap_rel' deprecated, please use 'mip_opt_gap_rel'.
WARNING:  Option 'mip_integral_gap_abs' deprecated, please use 'mip_opt_gap_abs'.
WARNING:  Option 'mip_integral_gap_rel' deprecated, please use 'mip_opt_gap_rel'.
WARNING:  Option 'mip_integral_gap_abs' deprecated, please use 'mip_opt_gap_abs'.
WARNING:  Option 'mip_integral_gap_rel' deprecated, please use 'mip_opt_gap_rel'.
WARNING:  Option 'mip_integral_gap_abs' deprecated, please use 'mip_opt_gap_abs'.
WARNING:  Option 'mip_integral_gap_rel' deprecated, please use 'mip_opt_gap_rel'.
WARNING:  Option 'mip_integral_gap_abs' deprecated, please use 'mip_opt_gap_abs'.
WARNING:  Option 'mip_integral_gap_rel' deprecated, please use 'mip_opt_gap_rel'.
WARNING:  Option 'mip_integral_gap_abs' deprecated, please use 'mip_opt_gap_abs'.
WARNING:  Option 'mip_integral_gap_rel' deprecated, please use 'mip_opt_gap_rel'.
WARNING:  Option 'mip_integral_gap_abs' deprecated, please use 'mip_opt_gap_abs'.
WARNING:  Option 'mip_integral_gap_rel' deprecated, please use 'mip_opt_gap_rel'.
WARNING:  Option 'mip_integral_gap_abs' deprecated, please use 'mip_opt_gap_abs'.
WARNING:  Option 'mip_integral_gap_rel' deprecated, please use 'mip_opt_gap_rel'.
WARNING:  Option 'mip_integral_gap_abs' deprecated, please use 'mip_opt_gap_abs'.
WARNING:  Option 'mip_integral_gap_rel' deprecated, please use 'mip_opt_gap_rel'.
WARNING:  Option 'mip_integral_gap_abs' deprecated, please use 'mip_opt_gap_abs'.
WARNING:  Option 'mip_integral_gap_rel' deprecated, please use 'mip_opt_gap_rel'.
WARNING:  Option 'mip_integral_gap_abs' deprecated, please use 'mip_opt_gap_abs'.
WARNING:  Option 'mip_integral_gap_rel' deprecated, please use 'mip_opt_gap_rel'.
WARNING:  Option 'mip_integral_gap_abs' deprecated, please use 'mip_opt_gap_abs'.
WARNING:  Option 'mip_integral_gap_rel' deprecated, please use 'mip_opt_gap_rel'.
WARNING:  Option 'mip_integral_gap_abs' deprecated, please use 'mip_opt_gap_abs'.
WARNING:  Option 'mip_integral_gap_rel' deprecated, please use 'mip_opt_gap_rel'.
WARNING:  Option 'mip_integral_gap_abs' deprecated, please use 'mip_opt_gap_abs'.
WARNING:  Option 'mip_integral_gap_rel' deprecated, please use 'mip_opt_gap_rel'.
WARNING:  Option 'mip_integral_gap_abs' deprecated, please use 'mip_opt_gap_abs'.
WARNING:  Option 'mip_integral_gap_rel' deprecated, please use 'mip_opt_gap_rel'.
WARNING:  Option 'mip_integral_gap_abs' deprecated, please use 'mip_opt_gap_abs'.
WARNING:  Option 'mip_integral_gap_rel' deprecated, please use 'mip_opt_gap_rel'.
WARNING:  Option 'mip_integral_gap_abs' deprecated, please use 'mip_opt_gap_abs'.
WARNING:  Option 'mip_integral_gap_rel' deprecated, please use 'mip_opt_gap_rel'.
WARNING:  Option 'mip_integral_gap_abs' deprecated, please use 'mip_opt_gap_abs'.
WARNING:  Option 'mip_integral_gap_rel' deprecated, please use 'mip_opt_gap_rel'.
WARNING:  Option 'mip_integral_gap_abs' deprecated, please use 'mip_opt_gap_abs'.
WARNING:  Option 'mip_integral_gap_rel' deprecated, please use 'mip_opt_gap_rel'.
WARNING:  Option 'mip_integral_gap_abs' deprecated, please use 'mip_opt_gap_abs'.
WARNING:  Option 'mip_integral_gap_rel' deprecated, please use 'mip_opt_gap_rel'.
WARNING:  Option 'mip_integral_gap_abs' deprecated, please use 'mip_opt_gap_abs'.
WARNING:  Option 'mip_integral_gap_rel' deprecated, please use 'mip_opt_gap_rel'.
WARNING:  Option 'mip_integral_gap_abs' deprecated, please use 'mip_opt_gap_abs'.
WARNING:  Option 'mip_integral_gap_rel' deprecated, please use 'mip_opt_gap_rel'.
WARNING:  Option 'mip_integral_gap_abs' deprecated, please use 'mip_opt_gap_abs'.
WARNING:  Option 'mip_integral_gap_rel' deprecated, please use 'mip_opt_gap_rel'.
WARNING:  Option 'mip_integral_gap_abs' deprecated, please use 'mip_opt_gap_abs'.
WARNING:  Option 'mip_integral_gap_rel' deprecated, please use 'mip_opt_gap_rel'.
WARNING:  Option 'mip_integral_gap_abs' deprecated, please use 'mip_opt_gap_abs'.
WARNING:  Option 'mip_integral_gap_rel' deprecated, please use 'mip_opt_gap_rel'.
WARNING:  Option 'mip_integral_gap_abs' deprecated, please use 'mip_opt_gap_abs'.
WARNING:  Option 'mip_integral_gap_rel' deprecated, please use 'mip_opt_gap_rel'.
WARNING:  Option 'mip_integral_gap_abs' deprecated, please use 'mip_opt_gap_abs'.
WARNING:  Option 'mip_integral_gap_rel' deprecated, please use 'mip_opt_gap_rel'.
WARNING:  Option 'mip_integral_gap_abs' deprecated, please use 'mip_opt_gap_abs'.
WARNING:  Option 'mip_integral_gap_rel' deprecated, please use 'mip_opt_gap_rel'.
WARNING:  Option 'mip_integral_gap_abs' deprecated, please use 'mip_opt_gap_abs'.
WARNING:  Option 'mip_integral_gap_rel' deprecated, please use 'mip_opt_gap_rel'.
WARNING:  Option 'mip_integral_gap_abs' deprecated, please use 'mip_opt_gap_abs'.
WARNING:  Option 'mip_integral_gap_rel' deprecated, please use 'mip_opt_gap_rel'.
WARNING:  Option 'mip_integral_gap_abs' deprecated, please use 'mip_opt_gap_abs'.
WARNING:  Option 'mip_integral_gap_rel' deprecated, please use 'mip_opt_gap_rel'.
WARNING:  Option 'mip_integral_gap_abs' deprecated, please use 'mip_opt_gap_abs'.
WARNING:  Option 'mip_integral_gap_rel' deprecated, please use 'mip_opt_gap_rel'.
WARNING:  Option 'mip_integral_gap_abs' deprecated, please use 'mip_opt_gap_abs'.
WARNING:  Option 'mip_integral_gap_rel' deprecated, please use 'mip_opt_gap_rel'.
WARNING:  Option 'mip_integral_gap_abs' deprecated, please use 'mip_opt_gap_abs'.
WARNING:  Option 'mip_integral_gap_rel' deprecated, please use 'mip_opt_gap_rel'.
WARNING:  Option 'mip_integral_gap_abs' deprecated, please use 'mip_opt_gap_abs'.
WARNING:  Option 'mip_integral_gap_rel' deprecated, please use 'mip_opt_gap_rel'.
WARNING:  Option 'mip_integral_gap_abs' deprecated, please use 'mip_opt_gap_abs'.
WARNING:  Option 'mip_integral_gap_rel' deprecated, please use 'mip_opt_gap_rel'.
WARNING:  Option 'mip_integral_gap_abs' deprecated, please use 'mip_opt_gap_abs'.
WARNING:  Option 'mip_integral_gap_rel' deprecated, please use 'mip_opt_gap_rel'.
WARNING:  Option 'mip_integral_gap_abs' deprecated, please use 'mip_opt_gap_abs'.
WARNING:  Option 'mip_integral_gap_rel' deprecated, please use 'mip_opt_gap_rel'.
WARNING:  Option 'mip_integral_gap_abs' deprecated, please use 'mip_opt_gap_abs'.
WARNING:  Option 'mip_integral_gap_rel' deprecated, please use 'mip_opt_gap_rel'.
    [θ-eval 60, gravity-feasible 11] seqR_mean=5.43e-04 ok=false seq_time=24.97s
WARNING:  Option 'mip_integral_gap_abs' deprecated, please use 'mip_opt_gap_abs'.
WARNING:  Option 'mip_integral_gap_rel' deprecated, please use 'mip_opt_gap_rel'.
WARNING:  Option 'mip_integral_gap_abs' deprecated, please use 'mip_opt_gap_abs'.
WARNING:  Option 'mip_integral_gap_rel' deprecated, please use 'mip_opt_gap_rel'.
WARNING:  Option 'mip_integral_gap_abs' deprecated, please use 'mip_opt_gap_abs'.
WARNING:  Option 'mip_integral_gap_rel' deprecated, please use 'mip_opt_gap_rel'.
WARNING:  Option 'mip_integral_gap_abs' deprecated, please use 'mip_opt_gap_abs'.
WARNING:  Option 'mip_integral_gap_rel' deprecated, please use 'mip_opt_gap_rel'.
WARNING:  Option 'mip_integral_gap_abs' deprecated, please use 'mip_opt_gap_abs'.
WARNING:  Option 'mip_integral_gap_rel' deprecated, please use 'mip_opt_gap_rel'.
WARNING:  Option 'mip_integral_gap_abs' deprecated, please use 'mip_opt_gap_abs'.
WARNING:  Option 'mip_integral_gap_rel' deprecated, please use 'mip_opt_gap_rel'.
WARNING:  Option 'mip_integral_gap_abs' deprecated, please use 'mip_opt_gap_abs'.
WARNING:  Option 'mip_integral_gap_rel' deprecated, please use 'mip_opt_gap_rel'.
WARNING:  Option 'mip_integral_gap_abs' deprecated, please use 'mip_opt_gap_abs'.
WARNING:  Option 'mip_integral_gap_rel' deprecated, please use 'mip_opt_gap_rel'.
WARNING:  Option 'mip_integral_gap_abs' deprecated, please use 'mip_opt_gap_abs'.
WARNING:  Option 'mip_integral_gap_rel' deprecated, please use 'mip_opt_gap_rel'.
WARNING:  Option 'mip_integral_gap_abs' deprecated, please use 'mip_opt_gap_abs'.
WARNING:  Option 'mip_integral_gap_rel' deprecated, please use 'mip_opt_gap_rel'.
WARNING:  Option 'mip_integral_gap_abs' deprecated, please use 'mip_opt_gap_abs'.
WARNING:  Option 'mip_integral_gap_rel' deprecated, please use 'mip_opt_gap_rel'.
WARNING:  Option 'mip_integral_gap_abs' deprecated, please use 'mip_opt_gap_abs'.
WARNING:  Option 'mip_integral_gap_rel' deprecated, please use 'mip_opt_gap_rel'.
WARNING:  Option 'mip_integral_gap_abs' deprecated, please use 'mip_opt_gap_abs'.
WARNING:  Option 'mip_integral_gap_rel' deprecated, please use 'mip_opt_gap_rel'.
WARNING:  Option 'mip_integral_gap_abs' deprecated, please use 'mip_opt_gap_abs'.
WARNING:  Option 'mip_integral_gap_rel' deprecated, please use 'mip_opt_gap_rel'.
WARNING:  Option 'mip_integral_gap_abs' deprecated, please use 'mip_opt_gap_abs'.
WARNING:  Option 'mip_integral_gap_rel' deprecated, please use 'mip_opt_gap_rel'.
WARNING:  Option 'mip_integral_gap_abs' deprecated, please use 'mip_opt_gap_abs'.
WARNING:  Option 'mip_integral_gap_rel' deprecated, please use 'mip_opt_gap_rel'.
WARNING:  Option 'mip_integral_gap_abs' deprecated, please use 'mip_opt_gap_abs'.
WARNING:  Option 'mip_integral_gap_rel' deprecated, please use 'mip_opt_gap_rel'.
WARNING:  Option 'mip_integral_gap_abs' deprecated, please use 'mip_opt_gap_abs'.
WARNING:  Option 'mip_integral_gap_rel' deprecated, please use 'mip_opt_gap_rel'.
WARNING:  Option 'mip_integral_gap_abs' deprecated, please use 'mip_opt_gap_abs'.
WARNING:  Option 'mip_integral_gap_rel' deprecated, please use 'mip_opt_gap_rel'.
WARNING:  Option 'mip_integral_gap_abs' deprecated, please use 'mip_opt_gap_abs'.
WARNING:  Option 'mip_integral_gap_rel' deprecated, please use 'mip_opt_gap_rel'.
WARNING:  Option 'mip_integral_gap_abs' deprecated, please use 'mip_opt_gap_abs'.
WARNING:  Option 'mip_integral_gap_rel' deprecated, please use 'mip_opt_gap_rel'.
WARNING:  Option 'mip_integral_gap_abs' deprecated, please use 'mip_opt_gap_abs'.
WARNING:  Option 'mip_integral_gap_rel' deprecated, please use 'mip_opt_gap_rel'.
WARNING:  Option 'mip_integral_gap_abs' deprecated, please use 'mip_opt_gap_abs'.
WARNING:  Option 'mip_integral_gap_rel' deprecated, please use 'mip_opt_gap_rel'.
WARNING:  Option 'mip_integral_gap_abs' deprecated, please use 'mip_opt_gap_abs'.
WARNING:  Option 'mip_integral_gap_rel' deprecated, please use 'mip_opt_gap_rel'.
WARNING:  Option 'mip_integral_gap_abs' deprecated, please use 'mip_opt_gap_abs'.
WARNING:  Option 'mip_integral_gap_rel' deprecated, please use 'mip_opt_gap_rel'.
WARNING:  Option 'mip_integral_gap_abs' deprecated, please use 'mip_opt_gap_abs'.
WARNING:  Option 'mip_integral_gap_rel' deprecated, please use 'mip_opt_gap_rel'.
WARNING:  Option 'mip_integral_gap_abs' deprecated, please use 'mip_opt_gap_abs'.
WARNING:  Option 'mip_integral_gap_rel' deprecated, please use 'mip_opt_gap_rel'.
WARNING:  Option 'mip_integral_gap_abs' deprecated, please use 'mip_opt_gap_abs'.
WARNING:  Option 'mip_integral_gap_rel' deprecated, please use 'mip_opt_gap_rel'.
WARNING:  Option 'mip_integral_gap_abs' deprecated, please use 'mip_opt_gap_abs'.
WARNING:  Option 'mip_integral_gap_rel' deprecated, please use 'mip_opt_gap_rel'.
WARNING:  Option 'mip_integral_gap_abs' deprecated, please use 'mip_opt_gap_abs'.
WARNING:  Option 'mip_integral_gap_rel' deprecated, please use 'mip_opt_gap_rel'.
WARNING:  Option 'mip_integral_gap_abs' deprecated, please use 'mip_opt_gap_abs'.
WARNING:  Option 'mip_integral_gap_rel' deprecated, please use 'mip_opt_gap_rel'.
WARNING:  Option 'mip_integral_gap_abs' deprecated, please use 'mip_opt_gap_abs'.
WARNING:  Option 'mip_integral_gap_rel' deprecated, please use 'mip_opt_gap_rel'.
WARNING:  Option 'mip_integral_gap_abs' deprecated, please use 'mip_opt_gap_abs'.
WARNING:  Option 'mip_integral_gap_rel' deprecated, please use 'mip_opt_gap_rel'.
WARNING:  Option 'mip_integral_gap_abs' deprecated, please use 'mip_opt_gap_abs'.
WARNING:  Option 'mip_integral_gap_rel' deprecated, please use 'mip_opt_gap_rel'.
WARNING:  Option 'mip_integral_gap_abs' deprecated, please use 'mip_opt_gap_abs'.
WARNING:  Option 'mip_integral_gap_rel' deprecated, please use 'mip_opt_gap_rel'.
WARNING:  Option 'mip_integral_gap_abs' deprecated, please use 'mip_opt_gap_abs'.
WARNING:  Option 'mip_integral_gap_rel' deprecated, please use 'mip_opt_gap_rel'.
WARNING:  Option 'mip_integral_gap_abs' deprecated, please use 'mip_opt_gap_abs'.
WARNING:  Option 'mip_integral_gap_rel' deprecated, please use 'mip_opt_gap_rel'.
WARNING:  Option 'mip_integral_gap_abs' deprecated, please use 'mip_opt_gap_abs'.
WARNING:  Option 'mip_integral_gap_rel' deprecated, please use 'mip_opt_gap_rel'.
WARNING:  Option 'mip_integral_gap_abs' deprecated, please use 'mip_opt_gap_abs'.
WARNING:  Option 'mip_integral_gap_rel' deprecated, please use 'mip_opt_gap_rel'.
WARNING:  Option 'mip_integral_gap_abs' deprecated, please use 'mip_opt_gap_abs'.
WARNING:  Option 'mip_integral_gap_rel' deprecated, please use 'mip_opt_gap_rel'.
WARNING:  Option 'mip_integral_gap_abs' deprecated, please use 'mip_opt_gap_abs'.
WARNING:  Option 'mip_integral_gap_rel' deprecated, please use 'mip_opt_gap_rel'.
WARNING:  Option 'mip_integral_gap_abs' deprecated, please use 'mip_opt_gap_abs'.
WARNING:  Option 'mip_integral_gap_rel' deprecated, please use 'mip_opt_gap_rel'.
WARNING:  Option 'mip_integral_gap_abs' deprecated, please use 'mip_opt_gap_abs'.
WARNING:  Option 'mip_integral_gap_rel' deprecated, please use 'mip_opt_gap_rel'.
WARNING:  Option 'mip_integral_gap_abs' deprecated, please use 'mip_opt_gap_abs'.
WARNING:  Option 'mip_integral_gap_rel' deprecated, please use 'mip_opt_gap_rel'.
WARNING:  Option 'mip_integral_gap_abs' deprecated, please use 'mip_opt_gap_abs'.
WARNING:  Option 'mip_integral_gap_rel' deprecated, please use 'mip_opt_gap_rel'.
WARNING:  Option 'mip_integral_gap_abs' deprecated, please use 'mip_opt_gap_abs'.
WARNING:  Option 'mip_integral_gap_rel' deprecated, please use 'mip_opt_gap_rel'.
WARNING:  Option 'mip_integral_gap_abs' deprecated, please use 'mip_opt_gap_abs'.
WARNING:  Option 'mip_integral_gap_rel' deprecated, please use 'mip_opt_gap_rel'.
WARNING:  Option 'mip_integral_gap_abs' deprecated, please use 'mip_opt_gap_abs'.
WARNING:  Option 'mip_integral_gap_rel' deprecated, please use 'mip_opt_gap_rel'.
WARNING:  Option 'mip_integral_gap_abs' deprecated, please use 'mip_opt_gap_abs'.
WARNING:  Option 'mip_integral_gap_rel' deprecated, please use 'mip_opt_gap_rel'.
WARNING:  Option 'mip_integral_gap_abs' deprecated, please use 'mip_opt_gap_abs'.
WARNING:  Option 'mip_integral_gap_rel' deprecated, please use 'mip_opt_gap_rel'.
WARNING:  Option 'mip_integral_gap_abs' deprecated, please use 'mip_opt_gap_abs'.
WARNING:  Option 'mip_integral_gap_rel' deprecated, please use 'mip_opt_gap_rel'.
WARNING:  Option 'mip_integral_gap_abs' deprecated, please use 'mip_opt_gap_abs'.
WARNING:  Option 'mip_integral_gap_rel' deprecated, please use 'mip_opt_gap_rel'.
WARNING:  Option 'mip_integral_gap_abs' deprecated, please use 'mip_opt_gap_abs'.
WARNING:  Option 'mip_integral_gap_rel' deprecated, please use 'mip_opt_gap_rel'.
WARNING:  Option 'mip_integral_gap_abs' deprecated, please use 'mip_opt_gap_abs'.
WARNING:  Option 'mip_integral_gap_rel' deprecated, please use 'mip_opt_gap_rel'.
WARNING:  Option 'mip_integral_gap_abs' deprecated, please use 'mip_opt_gap_abs'.
WARNING:  Option 'mip_integral_gap_rel' deprecated, please use 'mip_opt_gap_rel'.
WARNING:  Option 'mip_integral_gap_abs' deprecated, please use 'mip_opt_gap_abs'.
WARNING:  Option 'mip_integral_gap_rel' deprecated, please use 'mip_opt_gap_rel'.
WARNING:  Option 'mip_integral_gap_abs' deprecated, please use 'mip_opt_gap_abs'.
WARNING:  Option 'mip_integral_gap_rel' deprecated, please use 'mip_opt_gap_rel'.
WARNING:  Option 'mip_integral_gap_abs' deprecated, please use 'mip_opt_gap_abs'.
WARNING:  Option 'mip_integral_gap_rel' deprecated, please use 'mip_opt_gap_rel'.
WARNING:  Option 'mip_integral_gap_abs' deprecated, please use 'mip_opt_gap_abs'.
WARNING:  Option 'mip_integral_gap_rel' deprecated, please use 'mip_opt_gap_rel'.
WARNING:  Option 'mip_integral_gap_abs' deprecated, please use 'mip_opt_gap_abs'.
WARNING:  Option 'mip_integral_gap_rel' deprecated, please use 'mip_opt_gap_rel'.
WARNING:  Option 'mip_integral_gap_abs' deprecated, please use 'mip_opt_gap_abs'.
WARNING:  Option 'mip_integral_gap_rel' deprecated, please use 'mip_opt_gap_rel'.
WARNING:  Option 'mip_integral_gap_abs' deprecated, please use 'mip_opt_gap_abs'.
WARNING:  Option 'mip_integral_gap_rel' deprecated, please use 'mip_opt_gap_rel'.
WARNING:  Option 'mip_integral_gap_abs' deprecated, please use 'mip_opt_gap_abs'.
WARNING:  Option 'mip_integral_gap_rel' deprecated, please use 'mip_opt_gap_rel'.
WARNING:  Option 'mip_integral_gap_abs' deprecated, please use 'mip_opt_gap_abs'.
WARNING:  Option 'mip_integral_gap_rel' deprecated, please use 'mip_opt_gap_rel'.
WARNING:  Option 'mip_integral_gap_abs' deprecated, please use 'mip_opt_gap_abs'.
WARNING:  Option 'mip_integral_gap_rel' deprecated, please use 'mip_opt_gap_rel'.
WARNING:  Option 'mip_integral_gap_abs' deprecated, please use 'mip_opt_gap_abs'.
WARNING:  Option 'mip_integral_gap_rel' deprecated, please use 'mip_opt_gap_rel'.
WARNING:  Option 'mip_integral_gap_abs' deprecated, please use 'mip_opt_gap_abs'.
WARNING:  Option 'mip_integral_gap_rel' deprecated, please use 'mip_opt_gap_rel'.
WARNING:  Option 'mip_integral_gap_abs' deprecated, please use 'mip_opt_gap_abs'.
WARNING:  Option 'mip_integral_gap_rel' deprecated, please use 'mip_opt_gap_rel'.
WARNING:  Option 'mip_integral_gap_abs' deprecated, please use 'mip_opt_gap_abs'.
WARNING:  Option 'mip_integral_gap_rel' deprecated, please use 'mip_opt_gap_rel'.
WARNING:  Option 'mip_integral_gap_abs' deprecated, please use 'mip_opt_gap_abs'.
WARNING:  Option 'mip_integral_gap_rel' deprecated, please use 'mip_opt_gap_rel'.
WARNING:  Option 'mip_integral_gap_abs' deprecated, please use 'mip_opt_gap_abs'.
WARNING:  Option 'mip_integral_gap_rel' deprecated, please use 'mip_opt_gap_rel'.
WARNING:  Option 'mip_integral_gap_abs' deprecated, please use 'mip_opt_gap_abs'.
WARNING:  Option 'mip_integral_gap_rel' deprecated, please use 'mip_opt_gap_rel'.
WARNING:  Option 'mip_integral_gap_abs' deprecated, please use 'mip_opt_gap_abs'.
WARNING:  Option 'mip_integral_gap_rel' deprecated, please use 'mip_opt_gap_rel'.
WARNING:  Option 'mip_integral_gap_abs' deprecated, please use 'mip_opt_gap_abs'.
WARNING:  Option 'mip_integral_gap_rel' deprecated, please use 'mip_opt_gap_rel'.
WARNING:  Option 'mip_integral_gap_abs' deprecated, please use 'mip_opt_gap_abs'.
WARNING:  Option 'mip_integral_gap_rel' deprecated, please use 'mip_opt_gap_rel'.
WARNING:  Option 'mip_integral_gap_abs' deprecated, please use 'mip_opt_gap_abs'.
WARNING:  Option 'mip_integral_gap_rel' deprecated, please use 'mip_opt_gap_rel'.
WARNING:  Option 'mip_integral_gap_abs' deprecated, please use 'mip_opt_gap_abs'.
WARNING:  Option 'mip_integral_gap_rel' deprecated, please use 'mip_opt_gap_rel'.
WARNING:  Option 'mip_integral_gap_abs' deprecated, please use 'mip_opt_gap_abs'.
WARNING:  Option 'mip_integral_gap_rel' deprecated, please use 'mip_opt_gap_rel'.
WARNING:  Option 'mip_integral_gap_abs' deprecated, please use 'mip_opt_gap_abs'.
WARNING:  Option 'mip_integral_gap_rel' deprecated, please use 'mip_opt_gap_rel'.
WARNING:  Option 'mip_integral_gap_abs' deprecated, please use 'mip_opt_gap_abs'.
WARNING:  Option 'mip_integral_gap_rel' deprecated, please use 'mip_opt_gap_rel'.
WARNING:  Option 'mip_integral_gap_abs' deprecated, please use 'mip_opt_gap_abs'.
WARNING:  Option 'mip_integral_gap_rel' deprecated, please use 'mip_opt_gap_rel'.
WARNING:  Option 'mip_integral_gap_abs' deprecated, please use 'mip_opt_gap_abs'.
WARNING:  Option 'mip_integral_gap_rel' deprecated, please use 'mip_opt_gap_rel'.
WARNING:  Option 'mip_integral_gap_abs' deprecated, please use 'mip_opt_gap_abs'.
WARNING:  Option 'mip_integral_gap_rel' deprecated, please use 'mip_opt_gap_rel'.
WARNING:  Option 'mip_integral_gap_abs' deprecated, please use 'mip_opt_gap_abs'.
WARNING:  Option 'mip_integral_gap_rel' deprecated, please use 'mip_opt_gap_rel'.
WARNING:  Option 'mip_integral_gap_abs' deprecated, please use 'mip_opt_gap_abs'.
WARNING:  Option 'mip_integral_gap_rel' deprecated, please use 'mip_opt_gap_rel'.
WARNING:  Option 'mip_integral_gap_abs' deprecated, please use 'mip_opt_gap_abs'.
WARNING:  Option 'mip_integral_gap_rel' deprecated, please use 'mip_opt_gap_rel'.
WARNING:  Option 'mip_integral_gap_abs' deprecated, please use 'mip_opt_gap_abs'.
WARNING:  Option 'mip_integral_gap_rel' deprecated, please use 'mip_opt_gap_rel'.
WARNING:  Option 'mip_integral_gap_abs' deprecated, please use 'mip_opt_gap_abs'.
WARNING:  Option 'mip_integral_gap_rel' deprecated, please use 'mip_opt_gap_rel'.
WARNING:  Option 'mip_integral_gap_abs' deprecated, please use 'mip_opt_gap_abs'.
WARNING:  Option 'mip_integral_gap_rel' deprecated, please use 'mip_opt_gap_rel'.
WARNING:  Option 'mip_integral_gap_abs' deprecated, please use 'mip_opt_gap_abs'.
WARNING:  Option 'mip_integral_gap_rel' deprecated, please use 'mip_opt_gap_rel'.
WARNING:  Option 'mip_integral_gap_abs' deprecated, please use 'mip_opt_gap_abs'.
WARNING:  Option 'mip_integral_gap_rel' deprecated, please use 'mip_opt_gap_rel'.
WARNING:  Option 'mip_integral_gap_abs' deprecated, please use 'mip_opt_gap_abs'.
WARNING:  Option 'mip_integral_gap_rel' deprecated, please use 'mip_opt_gap_rel'.
WARNING:  Option 'mip_integral_gap_abs' deprecated, please use 'mip_opt_gap_abs'.
WARNING:  Option 'mip_integral_gap_rel' deprecated, please use 'mip_opt_gap_rel'.
WARNING:  Option 'mip_integral_gap_abs' deprecated, please use 'mip_opt_gap_abs'.
WARNING:  Option 'mip_integral_gap_rel' deprecated, please use 'mip_opt_gap_rel'.
WARNING:  Option 'mip_integral_gap_abs' deprecated, please use 'mip_opt_gap_abs'.
WARNING:  Option 'mip_integral_gap_rel' deprecated, please use 'mip_opt_gap_rel'.
WARNING:  Option 'mip_integral_gap_abs' deprecated, please use 'mip_opt_gap_abs'.
WARNING:  Option 'mip_integral_gap_rel' deprecated, please use 'mip_opt_gap_rel'.
WARNING:  Option 'mip_integral_gap_abs' deprecated, please use 'mip_opt_gap_abs'.
WARNING:  Option 'mip_integral_gap_rel' deprecated, please use 'mip_opt_gap_rel'.
WARNING:  Option 'mip_integral_gap_abs' deprecated, please use 'mip_opt_gap_abs'.
WARNING:  Option 'mip_integral_gap_rel' deprecated, please use 'mip_opt_gap_rel'.
WARNING:  Option 'mip_integral_gap_abs' deprecated, please use 'mip_opt_gap_abs'.
WARNING:  Option 'mip_integral_gap_rel' deprecated, please use 'mip_opt_gap_rel'.
WARNING:  Option 'mip_integral_gap_abs' deprecated, please use 'mip_opt_gap_abs'.
WARNING:  Option 'mip_integral_gap_rel' deprecated, please use 'mip_opt_gap_rel'.
WARNING:  Option 'mip_integral_gap_abs' deprecated, please use 'mip_opt_gap_abs'.
WARNING:  Option 'mip_integral_gap_rel' deprecated, please use 'mip_opt_gap_rel'.
WARNING:  Option 'mip_integral_gap_abs' deprecated, please use 'mip_opt_gap_abs'.
WARNING:  Option 'mip_integral_gap_rel' deprecated, please use 'mip_opt_gap_rel'.
WARNING:  Option 'mip_integral_gap_abs' deprecated, please use 'mip_opt_gap_abs'.
WARNING:  Option 'mip_integral_gap_rel' deprecated, please use 'mip_opt_gap_rel'.
WARNING:  Option 'mip_integral_gap_abs' deprecated, please use 'mip_opt_gap_abs'.
WARNING:  Option 'mip_integral_gap_rel' deprecated, please use 'mip_opt_gap_rel'.
WARNING:  Option 'mip_integral_gap_abs' deprecated, please use 'mip_opt_gap_abs'.
WARNING:  Option 'mip_integral_gap_rel' deprecated, please use 'mip_opt_gap_rel'.
WARNING:  Option 'mip_integral_gap_abs' deprecated, please use 'mip_opt_gap_abs'.
WARNING:  Option 'mip_integral_gap_rel' deprecated, please use 'mip_opt_gap_rel'.
WARNING:  Option 'mip_integral_gap_abs' deprecated, please use 'mip_opt_gap_abs'.
WARNING:  Option 'mip_integral_gap_rel' deprecated, please use 'mip_opt_gap_rel'.
WARNING:  Option 'mip_integral_gap_abs' deprecated, please use 'mip_opt_gap_abs'.
WARNING:  Option 'mip_integral_gap_rel' deprecated, please use 'mip_opt_gap_rel'.
WARNING:  Option 'mip_integral_gap_abs' deprecated, please use 'mip_opt_gap_abs'.
WARNING:  Option 'mip_integral_gap_rel' deprecated, please use 'mip_opt_gap_rel'.
WARNING:  Option 'mip_integral_gap_abs' deprecated, please use 'mip_opt_gap_abs'.
WARNING:  Option 'mip_integral_gap_rel' deprecated, please use 'mip_opt_gap_rel'.
WARNING:  Option 'mip_integral_gap_abs' deprecated, please use 'mip_opt_gap_abs'.
WARNING:  Option 'mip_integral_gap_rel' deprecated, please use 'mip_opt_gap_rel'.
WARNING:  Option 'mip_integral_gap_abs' deprecated, please use 'mip_opt_gap_abs'.
WARNING:  Option 'mip_integral_gap_rel' deprecated, please use 'mip_opt_gap_rel'.
WARNING:  Option 'mip_integral_gap_abs' deprecated, please use 'mip_opt_gap_abs'.
WARNING:  Option 'mip_integral_gap_rel' deprecated, please use 'mip_opt_gap_rel'.
WARNING:  Option 'mip_integral_gap_abs' deprecated, please use 'mip_opt_gap_abs'.
WARNING:  Option 'mip_integral_gap_rel' deprecated, please use 'mip_opt_gap_rel'.
WARNING:  Option 'mip_integral_gap_abs' deprecated, please use 'mip_opt_gap_abs'.
WARNING:  Option 'mip_integral_gap_rel' deprecated, please use 'mip_opt_gap_rel'.
WARNING:  Option 'mip_integral_gap_abs' deprecated, please use 'mip_opt_gap_abs'.
WARNING:  Option 'mip_integral_gap_rel' deprecated, please use 'mip_opt_gap_rel'.
WARNING:  Option 'mip_integral_gap_abs' deprecated, please use 'mip_opt_gap_abs'.
WARNING:  Option 'mip_integral_gap_rel' deprecated, please use 'mip_opt_gap_rel'.
WARNING:  Option 'mip_integral_gap_abs' deprecated, please use 'mip_opt_gap_abs'.
WARNING:  Option 'mip_integral_gap_rel' deprecated, please use 'mip_opt_gap_rel'.
WARNING:  Option 'mip_integral_gap_abs' deprecated, please use 'mip_opt_gap_abs'.
WARNING:  Option 'mip_integral_gap_rel' deprecated, please use 'mip_opt_gap_rel'.
WARNING:  Option 'mip_integral_gap_abs' deprecated, please use 'mip_opt_gap_abs'.
WARNING:  Option 'mip_integral_gap_rel' deprecated, please use 'mip_opt_gap_rel'.
WARNING:  Option 'mip_integral_gap_abs' deprecated, please use 'mip_opt_gap_abs'.
WARNING:  Option 'mip_integral_gap_rel' deprecated, please use 'mip_opt_gap_rel'.
WARNING:  Option 'mip_integral_gap_abs' deprecated, please use 'mip_opt_gap_abs'.
WARNING:  Option 'mip_integral_gap_rel' deprecated, please use 'mip_opt_gap_rel'.
WARNING:  Option 'mip_integral_gap_abs' deprecated, please use 'mip_opt_gap_abs'.
WARNING:  Option 'mip_integral_gap_rel' deprecated, please use 'mip_opt_gap_rel'.
WARNING:  Option 'mip_integral_gap_abs' deprecated, please use 'mip_opt_gap_abs'.
WARNING:  Option 'mip_integral_gap_rel' deprecated, please use 'mip_opt_gap_rel'.
WARNING:  Option 'mip_integral_gap_abs' deprecated, please use 'mip_opt_gap_abs'.
WARNING:  Option 'mip_integral_gap_rel' deprecated, please use 'mip_opt_gap_rel'.
WARNING:  Option 'mip_integral_gap_abs' deprecated, please use 'mip_opt_gap_abs'.
WARNING:  Option 'mip_integral_gap_rel' deprecated, please use 'mip_opt_gap_rel'.
WARNING:  Option 'mip_integral_gap_abs' deprecated, please use 'mip_opt_gap_abs'.
WARNING:  Option 'mip_integral_gap_rel' deprecated, please use 'mip_opt_gap_rel'.
WARNING:  Option 'mip_integral_gap_abs' deprecated, please use 'mip_opt_gap_abs'.
WARNING:  Option 'mip_integral_gap_rel' deprecated, please use 'mip_opt_gap_rel'.
WARNING:  Option 'mip_integral_gap_abs' deprecated, please use 'mip_opt_gap_abs'.
WARNING:  Option 'mip_integral_gap_rel' deprecated, please use 'mip_opt_gap_rel'.
WARNING:  Option 'mip_integral_gap_abs' deprecated, please use 'mip_opt_gap_abs'.
WARNING:  Option 'mip_integral_gap_rel' deprecated, please use 'mip_opt_gap_rel'.
WARNING:  Option 'mip_integral_gap_abs' deprecated, please use 'mip_opt_gap_abs'.
WARNING:  Option 'mip_integral_gap_rel' deprecated, please use 'mip_opt_gap_rel'.
    [θ-eval 70, gravity-feasible 12] seqR_mean=4.88e-04 ok=false seq_time=14.43s
WARNING:  Option 'mip_integral_gap_abs' deprecated, please use 'mip_opt_gap_abs'.
WARNING:  Option 'mip_integral_gap_rel' deprecated, please use 'mip_opt_gap_rel'.
WARNING:  Option 'mip_integral_gap_abs' deprecated, please use 'mip_opt_gap_abs'.
WARNING:  Option 'mip_integral_gap_rel' deprecated, please use 'mip_opt_gap_rel'.
WARNING:  Option 'mip_integral_gap_abs' deprecated, please use 'mip_opt_gap_abs'.
WARNING:  Option 'mip_integral_gap_rel' deprecated, please use 'mip_opt_gap_rel'.
WARNING:  Option 'mip_integral_gap_abs' deprecated, please use 'mip_opt_gap_abs'.
WARNING:  Option 'mip_integral_gap_rel' deprecated, please use 'mip_opt_gap_rel'.
WARNING:  Option 'mip_integral_gap_abs' deprecated, please use 'mip_opt_gap_abs'.
WARNING:  Option 'mip_integral_gap_rel' deprecated, please use 'mip_opt_gap_rel'.
WARNING:  Option 'mip_integral_gap_abs' deprecated, please use 'mip_opt_gap_abs'.
WARNING:  Option 'mip_integral_gap_rel' deprecated, please use 'mip_opt_gap_rel'.
WARNING:  Option 'mip_integral_gap_abs' deprecated, please use 'mip_opt_gap_abs'.
WARNING:  Option 'mip_integral_gap_rel' deprecated, please use 'mip_opt_gap_rel'.
WARNING:  Option 'mip_integral_gap_abs' deprecated, please use 'mip_opt_gap_abs'.
WARNING:  Option 'mip_integral_gap_rel' deprecated, please use 'mip_opt_gap_rel'.
WARNING:  Option 'mip_integral_gap_abs' deprecated, please use 'mip_opt_gap_abs'.
WARNING:  Option 'mip_integral_gap_rel' deprecated, please use 'mip_opt_gap_rel'.
WARNING:  Option 'mip_integral_gap_abs' deprecated, please use 'mip_opt_gap_abs'.
WARNING:  Option 'mip_integral_gap_rel' deprecated, please use 'mip_opt_gap_rel'.
WARNING:  Option 'mip_integral_gap_abs' deprecated, please use 'mip_opt_gap_abs'.
WARNING:  Option 'mip_integral_gap_rel' deprecated, please use 'mip_opt_gap_rel'.
WARNING:  Option 'mip_integral_gap_abs' deprecated, please use 'mip_opt_gap_abs'.
WARNING:  Option 'mip_integral_gap_rel' deprecated, please use 'mip_opt_gap_rel'.
WARNING:  Option 'mip_integral_gap_abs' deprecated, please use 'mip_opt_gap_abs'.
WARNING:  Option 'mip_integral_gap_rel' deprecated, please use 'mip_opt_gap_rel'.
WARNING:  Option 'mip_integral_gap_abs' deprecated, please use 'mip_opt_gap_abs'.
WARNING:  Option 'mip_integral_gap_rel' deprecated, please use 'mip_opt_gap_rel'.
WARNING:  Option 'mip_integral_gap_abs' deprecated, please use 'mip_opt_gap_abs'.
WARNING:  Option 'mip_integral_gap_rel' deprecated, please use 'mip_opt_gap_rel'.
WARNING:  Option 'mip_integral_gap_abs' deprecated, please use 'mip_opt_gap_abs'.
WARNING:  Option 'mip_integral_gap_rel' deprecated, please use 'mip_opt_gap_rel'.
WARNING:  Option 'mip_integral_gap_abs' deprecated, please use 'mip_opt_gap_abs'.
WARNING:  Option 'mip_integral_gap_rel' deprecated, please use 'mip_opt_gap_rel'.
WARNING:  Option 'mip_integral_gap_abs' deprecated, please use 'mip_opt_gap_abs'.
WARNING:  Option 'mip_integral_gap_rel' deprecated, please use 'mip_opt_gap_rel'.
WARNING:  Option 'mip_integral_gap_abs' deprecated, please use 'mip_opt_gap_abs'.
WARNING:  Option 'mip_integral_gap_rel' deprecated, please use 'mip_opt_gap_rel'.
WARNING:  Option 'mip_integral_gap_abs' deprecated, please use 'mip_opt_gap_abs'.
WARNING:  Option 'mip_integral_gap_rel' deprecated, please use 'mip_opt_gap_rel'.
WARNING:  Option 'mip_integral_gap_abs' deprecated, please use 'mip_opt_gap_abs'.
WARNING:  Option 'mip_integral_gap_rel' deprecated, please use 'mip_opt_gap_rel'.
WARNING:  Option 'mip_integral_gap_abs' deprecated, please use 'mip_opt_gap_abs'.
WARNING:  Option 'mip_integral_gap_rel' deprecated, please use 'mip_opt_gap_rel'.
WARNING:  Option 'mip_integral_gap_abs' deprecated, please use 'mip_opt_gap_abs'.
WARNING:  Option 'mip_integral_gap_rel' deprecated, please use 'mip_opt_gap_rel'.
WARNING:  Option 'mip_integral_gap_abs' deprecated, please use 'mip_opt_gap_abs'.
WARNING:  Option 'mip_integral_gap_rel' deprecated, please use 'mip_opt_gap_rel'.
WARNING:  Option 'mip_integral_gap_abs' deprecated, please use 'mip_opt_gap_abs'.
WARNING:  Option 'mip_integral_gap_rel' deprecated, please use 'mip_opt_gap_rel'.
WARNING:  Option 'mip_integral_gap_abs' deprecated, please use 'mip_opt_gap_abs'.
WARNING:  Option 'mip_integral_gap_rel' deprecated, please use 'mip_opt_gap_rel'.
WARNING:  Option 'mip_integral_gap_abs' deprecated, please use 'mip_opt_gap_abs'.
WARNING:  Option 'mip_integral_gap_rel' deprecated, please use 'mip_opt_gap_rel'.
WARNING:  Option 'mip_integral_gap_abs' deprecated, please use 'mip_opt_gap_abs'.
WARNING:  Option 'mip_integral_gap_rel' deprecated, please use 'mip_opt_gap_rel'.
WARNING:  Option 'mip_integral_gap_abs' deprecated, please use 'mip_opt_gap_abs'.
WARNING:  Option 'mip_integral_gap_rel' deprecated, please use 'mip_opt_gap_rel'.
WARNING:  Option 'mip_integral_gap_abs' deprecated, please use 'mip_opt_gap_abs'.
WARNING:  Option 'mip_integral_gap_rel' deprecated, please use 'mip_opt_gap_rel'.
WARNING:  Option 'mip_integral_gap_abs' deprecated, please use 'mip_opt_gap_abs'.
WARNING:  Option 'mip_integral_gap_rel' deprecated, please use 'mip_opt_gap_rel'.
WARNING:  Option 'mip_integral_gap_abs' deprecated, please use 'mip_opt_gap_abs'.
WARNING:  Option 'mip_integral_gap_rel' deprecated, please use 'mip_opt_gap_rel'.
WARNING:  Option 'mip_integral_gap_abs' deprecated, please use 'mip_opt_gap_abs'.
WARNING:  Option 'mip_integral_gap_rel' deprecated, please use 'mip_opt_gap_rel'.
WARNING:  Option 'mip_integral_gap_abs' deprecated, please use 'mip_opt_gap_abs'.
WARNING:  Option 'mip_integral_gap_rel' deprecated, please use 'mip_opt_gap_rel'.
WARNING:  Option 'mip_integral_gap_abs' deprecated, please use 'mip_opt_gap_abs'.
WARNING:  Option 'mip_integral_gap_rel' deprecated, please use 'mip_opt_gap_rel'.
WARNING:  Option 'mip_integral_gap_abs' deprecated, please use 'mip_opt_gap_abs'.
WARNING:  Option 'mip_integral_gap_rel' deprecated, please use 'mip_opt_gap_rel'.
WARNING:  Option 'mip_integral_gap_abs' deprecated, please use 'mip_opt_gap_abs'.
WARNING:  Option 'mip_integral_gap_rel' deprecated, please use 'mip_opt_gap_rel'.
WARNING:  Option 'mip_integral_gap_abs' deprecated, please use 'mip_opt_gap_abs'.
WARNING:  Option 'mip_integral_gap_rel' deprecated, please use 'mip_opt_gap_rel'.
WARNING:  Option 'mip_integral_gap_abs' deprecated, please use 'mip_opt_gap_abs'.
WARNING:  Option 'mip_integral_gap_rel' deprecated, please use 'mip_opt_gap_rel'.
WARNING:  Option 'mip_integral_gap_abs' deprecated, please use 'mip_opt_gap_abs'.
WARNING:  Option 'mip_integral_gap_rel' deprecated, please use 'mip_opt_gap_rel'.
WARNING:  Option 'mip_integral_gap_abs' deprecated, please use 'mip_opt_gap_abs'.
WARNING:  Option 'mip_integral_gap_rel' deprecated, please use 'mip_opt_gap_rel'.
WARNING:  Option 'mip_integral_gap_abs' deprecated, please use 'mip_opt_gap_abs'.
WARNING:  Option 'mip_integral_gap_rel' deprecated, please use 'mip_opt_gap_rel'.
WARNING:  Option 'mip_integral_gap_abs' deprecated, please use 'mip_opt_gap_abs'.
WARNING:  Option 'mip_integral_gap_rel' deprecated, please use 'mip_opt_gap_rel'.
WARNING:  Option 'mip_integral_gap_abs' deprecated, please use 'mip_opt_gap_abs'.
WARNING:  Option 'mip_integral_gap_rel' deprecated, please use 'mip_opt_gap_rel'.
WARNING:  Option 'mip_integral_gap_abs' deprecated, please use 'mip_opt_gap_abs'.
WARNING:  Option 'mip_integral_gap_rel' deprecated, please use 'mip_opt_gap_rel'.
WARNING:  Option 'mip_integral_gap_abs' deprecated, please use 'mip_opt_gap_abs'.
WARNING:  Option 'mip_integral_gap_rel' deprecated, please use 'mip_opt_gap_rel'.
WARNING:  Option 'mip_integral_gap_abs' deprecated, please use 'mip_opt_gap_abs'.
WARNING:  Option 'mip_integral_gap_rel' deprecated, please use 'mip_opt_gap_rel'.
WARNING:  Option 'mip_integral_gap_abs' deprecated, please use 'mip_opt_gap_abs'.
WARNING:  Option 'mip_integral_gap_rel' deprecated, please use 'mip_opt_gap_rel'.
WARNING:  Option 'mip_integral_gap_abs' deprecated, please use 'mip_opt_gap_abs'.
WARNING:  Option 'mip_integral_gap_rel' deprecated, please use 'mip_opt_gap_rel'.
WARNING:  Option 'mip_integral_gap_abs' deprecated, please use 'mip_opt_gap_abs'.
WARNING:  Option 'mip_integral_gap_rel' deprecated, please use 'mip_opt_gap_rel'.
WARNING:  Option 'mip_integral_gap_abs' deprecated, please use 'mip_opt_gap_abs'.
WARNING:  Option 'mip_integral_gap_rel' deprecated, please use 'mip_opt_gap_rel'.
WARNING:  Option 'mip_integral_gap_abs' deprecated, please use 'mip_opt_gap_abs'.
WARNING:  Option 'mip_integral_gap_rel' deprecated, please use 'mip_opt_gap_rel'.
WARNING:  Option 'mip_integral_gap_abs' deprecated, please use 'mip_opt_gap_abs'.
WARNING:  Option 'mip_integral_gap_rel' deprecated, please use 'mip_opt_gap_rel'.
WARNING:  Option 'mip_integral_gap_abs' deprecated, please use 'mip_opt_gap_abs'.
WARNING:  Option 'mip_integral_gap_rel' deprecated, please use 'mip_opt_gap_rel'.
WARNING:  Option 'mip_integral_gap_abs' deprecated, please use 'mip_opt_gap_abs'.
WARNING:  Option 'mip_integral_gap_rel' deprecated, please use 'mip_opt_gap_rel'.
WARNING:  Option 'mip_integral_gap_abs' deprecated, please use 'mip_opt_gap_abs'.
WARNING:  Option 'mip_integral_gap_rel' deprecated, please use 'mip_opt_gap_rel'.
WARNING:  Option 'mip_integral_gap_abs' deprecated, please use 'mip_opt_gap_abs'.
WARNING:  Option 'mip_integral_gap_rel' deprecated, please use 'mip_opt_gap_rel'.
WARNING:  Option 'mip_integral_gap_abs' deprecated, please use 'mip_opt_gap_abs'.
WARNING:  Option 'mip_integral_gap_rel' deprecated, please use 'mip_opt_gap_rel'.
WARNING:  Option 'mip_integral_gap_abs' deprecated, please use 'mip_opt_gap_abs'.
WARNING:  Option 'mip_integral_gap_rel' deprecated, please use 'mip_opt_gap_rel'.
WARNING:  Option 'mip_integral_gap_abs' deprecated, please use 'mip_opt_gap_abs'.
WARNING:  Option 'mip_integral_gap_rel' deprecated, please use 'mip_opt_gap_rel'.
WARNING:  Option 'mip_integral_gap_abs' deprecated, please use 'mip_opt_gap_abs'.
WARNING:  Option 'mip_integral_gap_rel' deprecated, please use 'mip_opt_gap_rel'.
WARNING:  Option 'mip_integral_gap_abs' deprecated, please use 'mip_opt_gap_abs'.
WARNING:  Option 'mip_integral_gap_rel' deprecated, please use 'mip_opt_gap_rel'.
WARNING:  Option 'mip_integral_gap_abs' deprecated, please use 'mip_opt_gap_abs'.
WARNING:  Option 'mip_integral_gap_rel' deprecated, please use 'mip_opt_gap_rel'.
WARNING:  Option 'mip_integral_gap_abs' deprecated, please use 'mip_opt_gap_abs'.
WARNING:  Option 'mip_integral_gap_rel' deprecated, please use 'mip_opt_gap_rel'.
WARNING:  Option 'mip_integral_gap_abs' deprecated, please use 'mip_opt_gap_abs'.
WARNING:  Option 'mip_integral_gap_rel' deprecated, please use 'mip_opt_gap_rel'.
WARNING:  Option 'mip_integral_gap_abs' deprecated, please use 'mip_opt_gap_abs'.
WARNING:  Option 'mip_integral_gap_rel' deprecated, please use 'mip_opt_gap_rel'.
WARNING:  Option 'mip_integral_gap_abs' deprecated, please use 'mip_opt_gap_abs'.
WARNING:  Option 'mip_integral_gap_rel' deprecated, please use 'mip_opt_gap_rel'.
WARNING:  Option 'mip_integral_gap_abs' deprecated, please use 'mip_opt_gap_abs'.
WARNING:  Option 'mip_integral_gap_rel' deprecated, please use 'mip_opt_gap_rel'.
WARNING:  Option 'mip_integral_gap_abs' deprecated, please use 'mip_opt_gap_abs'.
WARNING:  Option 'mip_integral_gap_rel' deprecated, please use 'mip_opt_gap_rel'.
WARNING:  Option 'mip_integral_gap_abs' deprecated, please use 'mip_opt_gap_abs'.
WARNING:  Option 'mip_integral_gap_rel' deprecated, please use 'mip_opt_gap_rel'.
WARNING:  Option 'mip_integral_gap_abs' deprecated, please use 'mip_opt_gap_abs'.
WARNING:  Option 'mip_integral_gap_rel' deprecated, please use 'mip_opt_gap_rel'.
WARNING:  Option 'mip_integral_gap_abs' deprecated, please use 'mip_opt_gap_abs'.
WARNING:  Option 'mip_integral_gap_rel' deprecated, please use 'mip_opt_gap_rel'.
WARNING:  Option 'mip_integral_gap_abs' deprecated, please use 'mip_opt_gap_abs'.
WARNING:  Option 'mip_integral_gap_rel' deprecated, please use 'mip_opt_gap_rel'.
WARNING:  Option 'mip_integral_gap_abs' deprecated, please use 'mip_opt_gap_abs'.
WARNING:  Option 'mip_integral_gap_rel' deprecated, please use 'mip_opt_gap_rel'.
WARNING:  Option 'mip_integral_gap_abs' deprecated, please use 'mip_opt_gap_abs'.
WARNING:  Option 'mip_integral_gap_rel' deprecated, please use 'mip_opt_gap_rel'.
WARNING:  Option 'mip_integral_gap_abs' deprecated, please use 'mip_opt_gap_abs'.
WARNING:  Option 'mip_integral_gap_rel' deprecated, please use 'mip_opt_gap_rel'.
WARNING:  Option 'mip_integral_gap_abs' deprecated, please use 'mip_opt_gap_abs'.
WARNING:  Option 'mip_integral_gap_rel' deprecated, please use 'mip_opt_gap_rel'.
WARNING:  Option 'mip_integral_gap_abs' deprecated, please use 'mip_opt_gap_abs'.
WARNING:  Option 'mip_integral_gap_rel' deprecated, please use 'mip_opt_gap_rel'.
WARNING:  Option 'mip_integral_gap_abs' deprecated, please use 'mip_opt_gap_abs'.
WARNING:  Option 'mip_integral_gap_rel' deprecated, please use 'mip_opt_gap_rel'.
WARNING:  Option 'mip_integral_gap_abs' deprecated, please use 'mip_opt_gap_abs'.
WARNING:  Option 'mip_integral_gap_rel' deprecated, please use 'mip_opt_gap_rel'.
WARNING:  Option 'mip_integral_gap_abs' deprecated, please use 'mip_opt_gap_abs'.
WARNING:  Option 'mip_integral_gap_rel' deprecated, please use 'mip_opt_gap_rel'.
WARNING:  Option 'mip_integral_gap_abs' deprecated, please use 'mip_opt_gap_abs'.
WARNING:  Option 'mip_integral_gap_rel' deprecated, please use 'mip_opt_gap_rel'.
WARNING:  Option 'mip_integral_gap_abs' deprecated, please use 'mip_opt_gap_abs'.
WARNING:  Option 'mip_integral_gap_rel' deprecated, please use 'mip_opt_gap_rel'.
WARNING:  Option 'mip_integral_gap_abs' deprecated, please use 'mip_opt_gap_abs'.
WARNING:  Option 'mip_integral_gap_rel' deprecated, please use 'mip_opt_gap_rel'.
WARNING:  Option 'mip_integral_gap_abs' deprecated, please use 'mip_opt_gap_abs'.
WARNING:  Option 'mip_integral_gap_rel' deprecated, please use 'mip_opt_gap_rel'.
WARNING:  Option 'mip_integral_gap_abs' deprecated, please use 'mip_opt_gap_abs'.
WARNING:  Option 'mip_integral_gap_rel' deprecated, please use 'mip_opt_gap_rel'.
WARNING:  Option 'mip_integral_gap_abs' deprecated, please use 'mip_opt_gap_abs'.
WARNING:  Option 'mip_integral_gap_rel' deprecated, please use 'mip_opt_gap_rel'.
WARNING:  Option 'mip_integral_gap_abs' deprecated, please use 'mip_opt_gap_abs'.
WARNING:  Option 'mip_integral_gap_rel' deprecated, please use 'mip_opt_gap_rel'.
WARNING:  Option 'mip_integral_gap_abs' deprecated, please use 'mip_opt_gap_abs'.
WARNING:  Option 'mip_integral_gap_rel' deprecated, please use 'mip_opt_gap_rel'.
WARNING:  Option 'mip_integral_gap_abs' deprecated, please use 'mip_opt_gap_abs'.
WARNING:  Option 'mip_integral_gap_rel' deprecated, please use 'mip_opt_gap_rel'.
WARNING:  Option 'mip_integral_gap_abs' deprecated, please use 'mip_opt_gap_abs'.
WARNING:  Option 'mip_integral_gap_rel' deprecated, please use 'mip_opt_gap_rel'.
WARNING:  Option 'mip_integral_gap_abs' deprecated, please use 'mip_opt_gap_abs'.
WARNING:  Option 'mip_integral_gap_rel' deprecated, please use 'mip_opt_gap_rel'.
WARNING:  Option 'mip_integral_gap_abs' deprecated, please use 'mip_opt_gap_abs'.
WARNING:  Option 'mip_integral_gap_rel' deprecated, please use 'mip_opt_gap_rel'.
WARNING:  Option 'mip_integral_gap_abs' deprecated, please use 'mip_opt_gap_abs'.
WARNING:  Option 'mip_integral_gap_rel' deprecated, please use 'mip_opt_gap_rel'.
WARNING:  Option 'mip_integral_gap_abs' deprecated, please use 'mip_opt_gap_abs'.
WARNING:  Option 'mip_integral_gap_rel' deprecated, please use 'mip_opt_gap_rel'.
WARNING:  Option 'mip_integral_gap_abs' deprecated, please use 'mip_opt_gap_abs'.
WARNING:  Option 'mip_integral_gap_rel' deprecated, please use 'mip_opt_gap_rel'.
WARNING:  Option 'mip_integral_gap_abs' deprecated, please use 'mip_opt_gap_abs'.
WARNING:  Option 'mip_integral_gap_rel' deprecated, please use 'mip_opt_gap_rel'.
WARNING:  Option 'mip_integral_gap_abs' deprecated, please use 'mip_opt_gap_abs'.
WARNING:  Option 'mip_integral_gap_rel' deprecated, please use 'mip_opt_gap_rel'.
WARNING:  Option 'mip_integral_gap_abs' deprecated, please use 'mip_opt_gap_abs'.
WARNING:  Option 'mip_integral_gap_rel' deprecated, please use 'mip_opt_gap_rel'.
WARNING:  Option 'mip_integral_gap_abs' deprecated, please use 'mip_opt_gap_abs'.
WARNING:  Option 'mip_integral_gap_rel' deprecated, please use 'mip_opt_gap_rel'.
WARNING:  Option 'mip_integral_gap_abs' deprecated, please use 'mip_opt_gap_abs'.
WARNING:  Option 'mip_integral_gap_rel' deprecated, please use 'mip_opt_gap_rel'.
WARNING:  Option 'mip_integral_gap_abs' deprecated, please use 'mip_opt_gap_abs'.
WARNING:  Option 'mip_integral_gap_rel' deprecated, please use 'mip_opt_gap_rel'.
WARNING:  Option 'mip_integral_gap_abs' deprecated, please use 'mip_opt_gap_abs'.
WARNING:  Option 'mip_integral_gap_rel' deprecated, please use 'mip_opt_gap_rel'.
WARNING:  Option 'mip_integral_gap_abs' deprecated, please use 'mip_opt_gap_abs'.
WARNING:  Option 'mip_integral_gap_rel' deprecated, please use 'mip_opt_gap_rel'.
WARNING:  Option 'mip_integral_gap_abs' deprecated, please use 'mip_opt_gap_abs'.
WARNING:  Option 'mip_integral_gap_rel' deprecated, please use 'mip_opt_gap_rel'.
WARNING:  Option 'mip_integral_gap_abs' deprecated, please use 'mip_opt_gap_abs'.
WARNING:  Option 'mip_integral_gap_rel' deprecated, please use 'mip_opt_gap_rel'.
WARNING:  Option 'mip_integral_gap_abs' deprecated, please use 'mip_opt_gap_abs'.
WARNING:  Option 'mip_integral_gap_rel' deprecated, please use 'mip_opt_gap_rel'.
WARNING:  Option 'mip_integral_gap_abs' deprecated, please use 'mip_opt_gap_abs'.
WARNING:  Option 'mip_integral_gap_rel' deprecated, please use 'mip_opt_gap_rel'.
WARNING:  Option 'mip_integral_gap_abs' deprecated, please use 'mip_opt_gap_abs'.
WARNING:  Option 'mip_integral_gap_rel' deprecated, please use 'mip_opt_gap_rel'.
    [θ-eval 80, gravity-feasible 12] seqR_mean=3.55e-04 ok=false seq_time=2.57s
WARNING:  Option 'mip_integral_gap_abs' deprecated, please use 'mip_opt_gap_abs'.
WARNING:  Option 'mip_integral_gap_rel' deprecated, please use 'mip_opt_gap_rel'.
WARNING:  Option 'mip_integral_gap_abs' deprecated, please use 'mip_opt_gap_abs'.
WARNING:  Option 'mip_integral_gap_rel' deprecated, please use 'mip_opt_gap_rel'.
WARNING:  Option 'mip_integral_gap_abs' deprecated, please use 'mip_opt_gap_abs'.
WARNING:  Option 'mip_integral_gap_rel' deprecated, please use 'mip_opt_gap_rel'.
WARNING:  Option 'mip_integral_gap_abs' deprecated, please use 'mip_opt_gap_abs'.
WARNING:  Option 'mip_integral_gap_rel' deprecated, please use 'mip_opt_gap_rel'.
WARNING:  Option 'mip_integral_gap_abs' deprecated, please use 'mip_opt_gap_abs'.
WARNING:  Option 'mip_integral_gap_rel' deprecated, please use 'mip_opt_gap_rel'.
WARNING:  Option 'mip_integral_gap_abs' deprecated, please use 'mip_opt_gap_abs'.
WARNING:  Option 'mip_integral_gap_rel' deprecated, please use 'mip_opt_gap_rel'.
WARNING:  Option 'mip_integral_gap_abs' deprecated, please use 'mip_opt_gap_abs'.
WARNING:  Option 'mip_integral_gap_rel' deprecated, please use 'mip_opt_gap_rel'.
WARNING:  Option 'mip_integral_gap_abs' deprecated, please use 'mip_opt_gap_abs'.
WARNING:  Option 'mip_integral_gap_rel' deprecated, please use 'mip_opt_gap_rel'.
WARNING:  Option 'mip_integral_gap_abs' deprecated, please use 'mip_opt_gap_abs'.
WARNING:  Option 'mip_integral_gap_rel' deprecated, please use 'mip_opt_gap_rel'.
WARNING:  Option 'mip_integral_gap_abs' deprecated, please use 'mip_opt_gap_abs'.
WARNING:  Option 'mip_integral_gap_rel' deprecated, please use 'mip_opt_gap_rel'.
WARNING:  Option 'mip_integral_gap_abs' deprecated, please use 'mip_opt_gap_abs'.
WARNING:  Option 'mip_integral_gap_rel' deprecated, please use 'mip_opt_gap_rel'.
WARNING:  Option 'mip_integral_gap_abs' deprecated, please use 'mip_opt_gap_abs'.
WARNING:  Option 'mip_integral_gap_rel' deprecated, please use 'mip_opt_gap_rel'.
WARNING:  Option 'mip_integral_gap_abs' deprecated, please use 'mip_opt_gap_abs'.
WARNING:  Option 'mip_integral_gap_rel' deprecated, please use 'mip_opt_gap_rel'.
WARNING:  Option 'mip_integral_gap_abs' deprecated, please use 'mip_opt_gap_abs'.
WARNING:  Option 'mip_integral_gap_rel' deprecated, please use 'mip_opt_gap_rel'.
WARNING:  Option 'mip_integral_gap_abs' deprecated, please use 'mip_opt_gap_abs'.
WARNING:  Option 'mip_integral_gap_rel' deprecated, please use 'mip_opt_gap_rel'.
WARNING:  Option 'mip_integral_gap_abs' deprecated, please use 'mip_opt_gap_abs'.
WARNING:  Option 'mip_integral_gap_rel' deprecated, please use 'mip_opt_gap_rel'.
WARNING:  Option 'mip_integral_gap_abs' deprecated, please use 'mip_opt_gap_abs'.
WARNING:  Option 'mip_integral_gap_rel' deprecated, please use 'mip_opt_gap_rel'.
WARNING:  Option 'mip_integral_gap_abs' deprecated, please use 'mip_opt_gap_abs'.
WARNING:  Option 'mip_integral_gap_rel' deprecated, please use 'mip_opt_gap_rel'.
WARNING:  Option 'mip_integral_gap_abs' deprecated, please use 'mip_opt_gap_abs'.
WARNING:  Option 'mip_integral_gap_rel' deprecated, please use 'mip_opt_gap_rel'.
WARNING:  Option 'mip_integral_gap_abs' deprecated, please use 'mip_opt_gap_abs'.
WARNING:  Option 'mip_integral_gap_rel' deprecated, please use 'mip_opt_gap_rel'.
WARNING:  Option 'mip_integral_gap_abs' deprecated, please use 'mip_opt_gap_abs'.
WARNING:  Option 'mip_integral_gap_rel' deprecated, please use 'mip_opt_gap_rel'.
WARNING:  Option 'mip_integral_gap_abs' deprecated, please use 'mip_opt_gap_abs'.
WARNING:  Option 'mip_integral_gap_rel' deprecated, please use 'mip_opt_gap_rel'.
WARNING:  Option 'mip_integral_gap_abs' deprecated, please use 'mip_opt_gap_abs'.
WARNING:  Option 'mip_integral_gap_rel' deprecated, please use 'mip_opt_gap_rel'.
WARNING:  Option 'mip_integral_gap_abs' deprecated, please use 'mip_opt_gap_abs'.
WARNING:  Option 'mip_integral_gap_rel' deprecated, please use 'mip_opt_gap_rel'.
WARNING:  Option 'mip_integral_gap_abs' deprecated, please use 'mip_opt_gap_abs'.
WARNING:  Option 'mip_integral_gap_rel' deprecated, please use 'mip_opt_gap_rel'.
WARNING:  Option 'mip_integral_gap_abs' deprecated, please use 'mip_opt_gap_abs'.
WARNING:  Option 'mip_integral_gap_rel' deprecated, please use 'mip_opt_gap_rel'.
WARNING:  Option 'mip_integral_gap_abs' deprecated, please use 'mip_opt_gap_abs'.
WARNING:  Option 'mip_integral_gap_rel' deprecated, please use 'mip_opt_gap_rel'.
WARNING:  Option 'mip_integral_gap_abs' deprecated, please use 'mip_opt_gap_abs'.
WARNING:  Option 'mip_integral_gap_rel' deprecated, please use 'mip_opt_gap_rel'.
WARNING:  Option 'mip_integral_gap_abs' deprecated, please use 'mip_opt_gap_abs'.
WARNING:  Option 'mip_integral_gap_rel' deprecated, please use 'mip_opt_gap_rel'.
WARNING:  Option 'mip_integral_gap_abs' deprecated, please use 'mip_opt_gap_abs'.
WARNING:  Option 'mip_integral_gap_rel' deprecated, please use 'mip_opt_gap_rel'.
WARNING:  Option 'mip_integral_gap_abs' deprecated, please use 'mip_opt_gap_abs'.
WARNING:  Option 'mip_integral_gap_rel' deprecated, please use 'mip_opt_gap_rel'.
WARNING:  Option 'mip_integral_gap_abs' deprecated, please use 'mip_opt_gap_abs'.
WARNING:  Option 'mip_integral_gap_rel' deprecated, please use 'mip_opt_gap_rel'.
WARNING:  Option 'mip_integral_gap_abs' deprecated, please use 'mip_opt_gap_abs'.
WARNING:  Option 'mip_integral_gap_rel' deprecated, please use 'mip_opt_gap_rel'.
WARNING:  Option 'mip_integral_gap_abs' deprecated, please use 'mip_opt_gap_abs'.
WARNING:  Option 'mip_integral_gap_rel' deprecated, please use 'mip_opt_gap_rel'.
WARNING:  Option 'mip_integral_gap_abs' deprecated, please use 'mip_opt_gap_abs'.
WARNING:  Option 'mip_integral_gap_rel' deprecated, please use 'mip_opt_gap_rel'.
WARNING:  Option 'mip_integral_gap_abs' deprecated, please use 'mip_opt_gap_abs'.
WARNING:  Option 'mip_integral_gap_rel' deprecated, please use 'mip_opt_gap_rel'.
WARNING:  Option 'mip_integral_gap_abs' deprecated, please use 'mip_opt_gap_abs'.
WARNING:  Option 'mip_integral_gap_rel' deprecated, please use 'mip_opt_gap_rel'.
WARNING:  Option 'mip_integral_gap_abs' deprecated, please use 'mip_opt_gap_abs'.
WARNING:  Option 'mip_integral_gap_rel' deprecated, please use 'mip_opt_gap_rel'.
WARNING:  Option 'mip_integral_gap_abs' deprecated, please use 'mip_opt_gap_abs'.
WARNING:  Option 'mip_integral_gap_rel' deprecated, please use 'mip_opt_gap_rel'.
WARNING:  Option 'mip_integral_gap_abs' deprecated, please use 'mip_opt_gap_abs'.
WARNING:  Option 'mip_integral_gap_rel' deprecated, please use 'mip_opt_gap_rel'.
WARNING:  Option 'mip_integral_gap_abs' deprecated, please use 'mip_opt_gap_abs'.
WARNING:  Option 'mip_integral_gap_rel' deprecated, please use 'mip_opt_gap_rel'.
WARNING:  Option 'mip_integral_gap_abs' deprecated, please use 'mip_opt_gap_abs'.
WARNING:  Option 'mip_integral_gap_rel' deprecated, please use 'mip_opt_gap_rel'.
WARNING:  Option 'mip_integral_gap_abs' deprecated, please use 'mip_opt_gap_abs'.
WARNING:  Option 'mip_integral_gap_rel' deprecated, please use 'mip_opt_gap_rel'.
WARNING:  Option 'mip_integral_gap_abs' deprecated, please use 'mip_opt_gap_abs'.
WARNING:  Option 'mip_integral_gap_rel' deprecated, please use 'mip_opt_gap_rel'.
WARNING:  Option 'mip_integral_gap_abs' deprecated, please use 'mip_opt_gap_abs'.
WARNING:  Option 'mip_integral_gap_rel' deprecated, please use 'mip_opt_gap_rel'.
WARNING:  Option 'mip_integral_gap_abs' deprecated, please use 'mip_opt_gap_abs'.
WARNING:  Option 'mip_integral_gap_rel' deprecated, please use 'mip_opt_gap_rel'.
WARNING:  Option 'mip_integral_gap_abs' deprecated, please use 'mip_opt_gap_abs'.
WARNING:  Option 'mip_integral_gap_rel' deprecated, please use 'mip_opt_gap_rel'.
WARNING:  Option 'mip_integral_gap_abs' deprecated, please use 'mip_opt_gap_abs'.
WARNING:  Option 'mip_integral_gap_rel' deprecated, please use 'mip_opt_gap_rel'.
WARNING:  Option 'mip_integral_gap_abs' deprecated, please use 'mip_opt_gap_abs'.
WARNING:  Option 'mip_integral_gap_rel' deprecated, please use 'mip_opt_gap_rel'.
WARNING:  Option 'mip_integral_gap_abs' deprecated, please use 'mip_opt_gap_abs'.
WARNING:  Option 'mip_integral_gap_rel' deprecated, please use 'mip_opt_gap_rel'.
WARNING:  Option 'mip_integral_gap_abs' deprecated, please use 'mip_opt_gap_abs'.
WARNING:  Option 'mip_integral_gap_rel' deprecated, please use 'mip_opt_gap_rel'.
WARNING:  Option 'mip_integral_gap_abs' deprecated, please use 'mip_opt_gap_abs'.
WARNING:  Option 'mip_integral_gap_rel' deprecated, please use 'mip_opt_gap_rel'.
WARNING:  Option 'mip_integral_gap_abs' deprecated, please use 'mip_opt_gap_abs'.
WARNING:  Option 'mip_integral_gap_rel' deprecated, please use 'mip_opt_gap_rel'.
WARNING:  Option 'mip_integral_gap_abs' deprecated, please use 'mip_opt_gap_abs'.
WARNING:  Option 'mip_integral_gap_rel' deprecated, please use 'mip_opt_gap_rel'.
WARNING:  Option 'mip_integral_gap_abs' deprecated, please use 'mip_opt_gap_abs'.
WARNING:  Option 'mip_integral_gap_rel' deprecated, please use 'mip_opt_gap_rel'.
WARNING:  Option 'mip_integral_gap_abs' deprecated, please use 'mip_opt_gap_abs'.
WARNING:  Option 'mip_integral_gap_rel' deprecated, please use 'mip_opt_gap_rel'.
WARNING:  Option 'mip_integral_gap_abs' deprecated, please use 'mip_opt_gap_abs'.
WARNING:  Option 'mip_integral_gap_rel' deprecated, please use 'mip_opt_gap_rel'.
WARNING:  Option 'mip_integral_gap_abs' deprecated, please use 'mip_opt_gap_abs'.
WARNING:  Option 'mip_integral_gap_rel' deprecated, please use 'mip_opt_gap_rel'.
WARNING:  Option 'mip_integral_gap_abs' deprecated, please use 'mip_opt_gap_abs'.
WARNING:  Option 'mip_integral_gap_rel' deprecated, please use 'mip_opt_gap_rel'.
WARNING:  Option 'mip_integral_gap_abs' deprecated, please use 'mip_opt_gap_abs'.
WARNING:  Option 'mip_integral_gap_rel' deprecated, please use 'mip_opt_gap_rel'.
WARNING:  Option 'mip_integral_gap_abs' deprecated, please use 'mip_opt_gap_abs'.
WARNING:  Option 'mip_integral_gap_rel' deprecated, please use 'mip_opt_gap_rel'.
WARNING:  Option 'mip_integral_gap_abs' deprecated, please use 'mip_opt_gap_abs'.
WARNING:  Option 'mip_integral_gap_rel' deprecated, please use 'mip_opt_gap_rel'.
WARNING:  Option 'mip_integral_gap_abs' deprecated, please use 'mip_opt_gap_abs'.
WARNING:  Option 'mip_integral_gap_rel' deprecated, please use 'mip_opt_gap_rel'.
WARNING:  Option 'mip_integral_gap_abs' deprecated, please use 'mip_opt_gap_abs'.
WARNING:  Option 'mip_integral_gap_rel' deprecated, please use 'mip_opt_gap_rel'.
WARNING:  Option 'mip_integral_gap_abs' deprecated, please use 'mip_opt_gap_abs'.
WARNING:  Option 'mip_integral_gap_rel' deprecated, please use 'mip_opt_gap_rel'.
WARNING:  Option 'mip_integral_gap_abs' deprecated, please use 'mip_opt_gap_abs'.
WARNING:  Option 'mip_integral_gap_rel' deprecated, please use 'mip_opt_gap_rel'.
WARNING:  Option 'mip_integral_gap_abs' deprecated, please use 'mip_opt_gap_abs'.
WARNING:  Option 'mip_integral_gap_rel' deprecated, please use 'mip_opt_gap_rel'.
WARNING:  Option 'mip_integral_gap_abs' deprecated, please use 'mip_opt_gap_abs'.
WARNING:  Option 'mip_integral_gap_rel' deprecated, please use 'mip_opt_gap_rel'.
WARNING:  Option 'mip_integral_gap_abs' deprecated, please use 'mip_opt_gap_abs'.
WARNING:  Option 'mip_integral_gap_rel' deprecated, please use 'mip_opt_gap_rel'.
WARNING:  Option 'mip_integral_gap_abs' deprecated, please use 'mip_opt_gap_abs'.
WARNING:  Option 'mip_integral_gap_rel' deprecated, please use 'mip_opt_gap_rel'.
WARNING:  Option 'mip_integral_gap_abs' deprecated, please use 'mip_opt_gap_abs'.
WARNING:  Option 'mip_integral_gap_rel' deprecated, please use 'mip_opt_gap_rel'.
WARNING:  Option 'mip_integral_gap_abs' deprecated, please use 'mip_opt_gap_abs'.
WARNING:  Option 'mip_integral_gap_rel' deprecated, please use 'mip_opt_gap_rel'.
WARNING:  Option 'mip_integral_gap_abs' deprecated, please use 'mip_opt_gap_abs'.
WARNING:  Option 'mip_integral_gap_rel' deprecated, please use 'mip_opt_gap_rel'.
WARNING:  Option 'mip_integral_gap_abs' deprecated, please use 'mip_opt_gap_abs'.
WARNING:  Option 'mip_integral_gap_rel' deprecated, please use 'mip_opt_gap_rel'.
WARNING:  Option 'mip_integral_gap_abs' deprecated, please use 'mip_opt_gap_abs'.
WARNING:  Option 'mip_integral_gap_rel' deprecated, please use 'mip_opt_gap_rel'.
WARNING:  Option 'mip_integral_gap_abs' deprecated, please use 'mip_opt_gap_abs'.
WARNING:  Option 'mip_integral_gap_rel' deprecated, please use 'mip_opt_gap_rel'.
WARNING:  Option 'mip_integral_gap_abs' deprecated, please use 'mip_opt_gap_abs'.
WARNING:  Option 'mip_integral_gap_rel' deprecated, please use 'mip_opt_gap_rel'.
WARNING:  Option 'mip_integral_gap_abs' deprecated, please use 'mip_opt_gap_abs'.
WARNING:  Option 'mip_integral_gap_rel' deprecated, please use 'mip_opt_gap_rel'.
WARNING:  Option 'mip_integral_gap_abs' deprecated, please use 'mip_opt_gap_abs'.
WARNING:  Option 'mip_integral_gap_rel' deprecated, please use 'mip_opt_gap_rel'.
WARNING:  Option 'mip_integral_gap_abs' deprecated, please use 'mip_opt_gap_abs'.
WARNING:  Option 'mip_integral_gap_rel' deprecated, please use 'mip_opt_gap_rel'.
WARNING:  Option 'mip_integral_gap_abs' deprecated, please use 'mip_opt_gap_abs'.
WARNING:  Option 'mip_integral_gap_rel' deprecated, please use 'mip_opt_gap_rel'.
WARNING:  Option 'mip_integral_gap_abs' deprecated, please use 'mip_opt_gap_abs'.
WARNING:  Option 'mip_integral_gap_rel' deprecated, please use 'mip_opt_gap_rel'.
WARNING:  Option 'mip_integral_gap_abs' deprecated, please use 'mip_opt_gap_abs'.
WARNING:  Option 'mip_integral_gap_rel' deprecated, please use 'mip_opt_gap_rel'.
WARNING:  Option 'mip_integral_gap_abs' deprecated, please use 'mip_opt_gap_abs'.
WARNING:  Option 'mip_integral_gap_rel' deprecated, please use 'mip_opt_gap_rel'.
WARNING:  Option 'mip_integral_gap_abs' deprecated, please use 'mip_opt_gap_abs'.
WARNING:  Option 'mip_integral_gap_rel' deprecated, please use 'mip_opt_gap_rel'.
WARNING:  Option 'mip_integral_gap_abs' deprecated, please use 'mip_opt_gap_abs'.
WARNING:  Option 'mip_integral_gap_rel' deprecated, please use 'mip_opt_gap_rel'.
WARNING:  Option 'mip_integral_gap_abs' deprecated, please use 'mip_opt_gap_abs'.
WARNING:  Option 'mip_integral_gap_rel' deprecated, please use 'mip_opt_gap_rel'.
WARNING:  Option 'mip_integral_gap_abs' deprecated, please use 'mip_opt_gap_abs'.
WARNING:  Option 'mip_integral_gap_rel' deprecated, please use 'mip_opt_gap_rel'.
WARNING:  Option 'mip_integral_gap_abs' deprecated, please use 'mip_opt_gap_abs'.
WARNING:  Option 'mip_integral_gap_rel' deprecated, please use 'mip_opt_gap_rel'.
WARNING:  Option 'mip_integral_gap_abs' deprecated, please use 'mip_opt_gap_abs'.
WARNING:  Option 'mip_integral_gap_rel' deprecated, please use 'mip_opt_gap_rel'.
WARNING:  Option 'mip_integral_gap_abs' deprecated, please use 'mip_opt_gap_abs'.
WARNING:  Option 'mip_integral_gap_rel' deprecated, please use 'mip_opt_gap_rel'.
WARNING:  Option 'mip_integral_gap_abs' deprecated, please use 'mip_opt_gap_abs'.
WARNING:  Option 'mip_integral_gap_rel' deprecated, please use 'mip_opt_gap_rel'.
WARNING:  Option 'mip_integral_gap_abs' deprecated, please use 'mip_opt_gap_abs'.
WARNING:  Option 'mip_integral_gap_rel' deprecated, please use 'mip_opt_gap_rel'.
WARNING:  Option 'mip_integral_gap_abs' deprecated, please use 'mip_opt_gap_abs'.
WARNING:  Option 'mip_integral_gap_rel' deprecated, please use 'mip_opt_gap_rel'.
WARNING:  Option 'mip_integral_gap_abs' deprecated, please use 'mip_opt_gap_abs'.
WARNING:  Option 'mip_integral_gap_rel' deprecated, please use 'mip_opt_gap_rel'.
WARNING:  Option 'mip_integral_gap_abs' deprecated, please use 'mip_opt_gap_abs'.
WARNING:  Option 'mip_integral_gap_rel' deprecated, please use 'mip_opt_gap_rel'.
WARNING:  Option 'mip_integral_gap_abs' deprecated, please use 'mip_opt_gap_abs'.
WARNING:  Option 'mip_integral_gap_rel' deprecated, please use 'mip_opt_gap_rel'.
WARNING:  Option 'mip_integral_gap_abs' deprecated, please use 'mip_opt_gap_abs'.
WARNING:  Option 'mip_integral_gap_rel' deprecated, please use 'mip_opt_gap_rel'.
WARNING:  Option 'mip_integral_gap_abs' deprecated, please use 'mip_opt_gap_abs'.
WARNING:  Option 'mip_integral_gap_rel' deprecated, please use 'mip_opt_gap_rel'.
WARNING:  Option 'mip_integral_gap_abs' deprecated, please use 'mip_opt_gap_abs'.
WARNING:  Option 'mip_integral_gap_rel' deprecated, please use 'mip_opt_gap_rel'.
WARNING:  Option 'mip_integral_gap_abs' deprecated, please use 'mip_opt_gap_abs'.
WARNING:  Option 'mip_integral_gap_rel' deprecated, please use 'mip_opt_gap_rel'.
WARNING:  Option 'mip_integral_gap_abs' deprecated, please use 'mip_opt_gap_abs'.
WARNING:  Option 'mip_integral_gap_rel' deprecated, please use 'mip_opt_gap_rel'.
WARNING:  Option 'mip_integral_gap_abs' deprecated, please use 'mip_opt_gap_abs'.
WARNING:  Option 'mip_integral_gap_rel' deprecated, please use 'mip_opt_gap_rel'.
WARNING:  Option 'mip_integral_gap_abs' deprecated, please use 'mip_opt_gap_abs'.
WARNING:  Option 'mip_integral_gap_rel' deprecated, please use 'mip_opt_gap_rel'.
WARNING:  Option 'mip_integral_gap_abs' deprecated, please use 'mip_opt_gap_abs'.
WARNING:  Option 'mip_integral_gap_rel' deprecated, please use 'mip_opt_gap_rel'.
WARNING:  Option 'mip_integral_gap_abs' deprecated, please use 'mip_opt_gap_abs'.
WARNING:  Option 'mip_integral_gap_rel' deprecated, please use 'mip_opt_gap_rel'.
WARNING:  Option 'mip_integral_gap_abs' deprecated, please use 'mip_opt_gap_abs'.
WARNING:  Option 'mip_integral_gap_rel' deprecated, please use 'mip_opt_gap_rel'.
WARNING:  Option 'mip_integral_gap_abs' deprecated, please use 'mip_opt_gap_abs'.
WARNING:  Option 'mip_integral_gap_rel' deprecated, please use 'mip_opt_gap_rel'.
WARNING:  Option 'mip_integral_gap_abs' deprecated, please use 'mip_opt_gap_abs'.
WARNING:  Option 'mip_integral_gap_rel' deprecated, please use 'mip_opt_gap_rel'.
WARNING:  Option 'mip_integral_gap_abs' deprecated, please use 'mip_opt_gap_abs'.
WARNING:  Option 'mip_integral_gap_rel' deprecated, please use 'mip_opt_gap_rel'.
WARNING:  Option 'mip_integral_gap_abs' deprecated, please use 'mip_opt_gap_abs'.
WARNING:  Option 'mip_integral_gap_rel' deprecated, please use 'mip_opt_gap_rel'.
WARNING:  Option 'mip_integral_gap_abs' deprecated, please use 'mip_opt_gap_abs'.
WARNING:  Option 'mip_integral_gap_rel' deprecated, please use 'mip_opt_gap_rel'.
WARNING:  Option 'mip_integral_gap_abs' deprecated, please use 'mip_opt_gap_abs'.
WARNING:  Option 'mip_integral_gap_rel' deprecated, please use 'mip_opt_gap_rel'.
    [θ-eval 90, gravity-feasible 12] seqR_mean=4.37e-04 ok=false seq_time=16.81s
WARNING:  Option 'mip_integral_gap_abs' deprecated, please use 'mip_opt_gap_abs'.
WARNING:  Option 'mip_integral_gap_rel' deprecated, please use 'mip_opt_gap_rel'.
WARNING:  Option 'mip_integral_gap_abs' deprecated, please use 'mip_opt_gap_abs'.
WARNING:  Option 'mip_integral_gap_rel' deprecated, please use 'mip_opt_gap_rel'.
WARNING:  Option 'mip_integral_gap_abs' deprecated, please use 'mip_opt_gap_abs'.
WARNING:  Option 'mip_integral_gap_rel' deprecated, please use 'mip_opt_gap_rel'.
WARNING:  Option 'mip_integral_gap_abs' deprecated, please use 'mip_opt_gap_abs'.
WARNING:  Option 'mip_integral_gap_rel' deprecated, please use 'mip_opt_gap_rel'.
WARNING:  Option 'mip_integral_gap_abs' deprecated, please use 'mip_opt_gap_abs'.
WARNING:  Option 'mip_integral_gap_rel' deprecated, please use 'mip_opt_gap_rel'.
WARNING:  Option 'mip_integral_gap_abs' deprecated, please use 'mip_opt_gap_abs'.
WARNING:  Option 'mip_integral_gap_rel' deprecated, please use 'mip_opt_gap_rel'.
WARNING:  Option 'mip_integral_gap_abs' deprecated, please use 'mip_opt_gap_abs'.
WARNING:  Option 'mip_integral_gap_rel' deprecated, please use 'mip_opt_gap_rel'.
WARNING:  Option 'mip_integral_gap_abs' deprecated, please use 'mip_opt_gap_abs'.
WARNING:  Option 'mip_integral_gap_rel' deprecated, please use 'mip_opt_gap_rel'.
WARNING:  Option 'mip_integral_gap_abs' deprecated, please use 'mip_opt_gap_abs'.
WARNING:  Option 'mip_integral_gap_rel' deprecated, please use 'mip_opt_gap_rel'.
WARNING:  Option 'mip_integral_gap_abs' deprecated, please use 'mip_opt_gap_abs'.
WARNING:  Option 'mip_integral_gap_rel' deprecated, please use 'mip_opt_gap_rel'.
WARNING:  Option 'mip_integral_gap_abs' deprecated, please use 'mip_opt_gap_abs'.
WARNING:  Option 'mip_integral_gap_rel' deprecated, please use 'mip_opt_gap_rel'.
WARNING:  Option 'mip_integral_gap_abs' deprecated, please use 'mip_opt_gap_abs'.
WARNING:  Option 'mip_integral_gap_rel' deprecated, please use 'mip_opt_gap_rel'.
WARNING:  Option 'mip_integral_gap_abs' deprecated, please use 'mip_opt_gap_abs'.
WARNING:  Option 'mip_integral_gap_rel' deprecated, please use 'mip_opt_gap_rel'.
WARNING:  Option 'mip_integral_gap_abs' deprecated, please use 'mip_opt_gap_abs'.
WARNING:  Option 'mip_integral_gap_rel' deprecated, please use 'mip_opt_gap_rel'.
WARNING:  Option 'mip_integral_gap_abs' deprecated, please use 'mip_opt_gap_abs'.
WARNING:  Option 'mip_integral_gap_rel' deprecated, please use 'mip_opt_gap_rel'.
WARNING:  Option 'mip_integral_gap_abs' deprecated, please use 'mip_opt_gap_abs'.
WARNING:  Option 'mip_integral_gap_rel' deprecated, please use 'mip_opt_gap_rel'.
WARNING:  Option 'mip_integral_gap_abs' deprecated, please use 'mip_opt_gap_abs'.
WARNING:  Option 'mip_integral_gap_rel' deprecated, please use 'mip_opt_gap_rel'.
WARNING:  Option 'mip_integral_gap_abs' deprecated, please use 'mip_opt_gap_abs'.
WARNING:  Option 'mip_integral_gap_rel' deprecated, please use 'mip_opt_gap_rel'.
WARNING:  Option 'mip_integral_gap_abs' deprecated, please use 'mip_opt_gap_abs'.
WARNING:  Option 'mip_integral_gap_rel' deprecated, please use 'mip_opt_gap_rel'.
WARNING:  Option 'mip_integral_gap_abs' deprecated, please use 'mip_opt_gap_abs'.
WARNING:  Option 'mip_integral_gap_rel' deprecated, please use 'mip_opt_gap_rel'.
WARNING:  Option 'mip_integral_gap_abs' deprecated, please use 'mip_opt_gap_abs'.
WARNING:  Option 'mip_integral_gap_rel' deprecated, please use 'mip_opt_gap_rel'.
WARNING:  Option 'mip_integral_gap_abs' deprecated, please use 'mip_opt_gap_abs'.
WARNING:  Option 'mip_integral_gap_rel' deprecated, please use 'mip_opt_gap_rel'.
WARNING:  Option 'mip_integral_gap_abs' deprecated, please use 'mip_opt_gap_abs'.
WARNING:  Option 'mip_integral_gap_rel' deprecated, please use 'mip_opt_gap_rel'.
WARNING:  Option 'mip_integral_gap_abs' deprecated, please use 'mip_opt_gap_abs'.
WARNING:  Option 'mip_integral_gap_rel' deprecated, please use 'mip_opt_gap_rel'.
WARNING:  Option 'mip_integral_gap_abs' deprecated, please use 'mip_opt_gap_abs'.
WARNING:  Option 'mip_integral_gap_rel' deprecated, please use 'mip_opt_gap_rel'.
WARNING:  Option 'mip_integral_gap_abs' deprecated, please use 'mip_opt_gap_abs'.
WARNING:  Option 'mip_integral_gap_rel' deprecated, please use 'mip_opt_gap_rel'.
WARNING:  Option 'mip_integral_gap_abs' deprecated, please use 'mip_opt_gap_abs'.
WARNING:  Option 'mip_integral_gap_rel' deprecated, please use 'mip_opt_gap_rel'.
WARNING:  Option 'mip_integral_gap_abs' deprecated, please use 'mip_opt_gap_abs'.
WARNING:  Option 'mip_integral_gap_rel' deprecated, please use 'mip_opt_gap_rel'.
WARNING:  Option 'mip_integral_gap_abs' deprecated, please use 'mip_opt_gap_abs'.
WARNING:  Option 'mip_integral_gap_rel' deprecated, please use 'mip_opt_gap_rel'.
WARNING:  Option 'mip_integral_gap_abs' deprecated, please use 'mip_opt_gap_abs'.
WARNING:  Option 'mip_integral_gap_rel' deprecated, please use 'mip_opt_gap_rel'.
WARNING:  Option 'mip_integral_gap_abs' deprecated, please use 'mip_opt_gap_abs'.
WARNING:  Option 'mip_integral_gap_rel' deprecated, please use 'mip_opt_gap_rel'.
WARNING:  Option 'mip_integral_gap_abs' deprecated, please use 'mip_opt_gap_abs'.
WARNING:  Option 'mip_integral_gap_rel' deprecated, please use 'mip_opt_gap_rel'.
WARNING:  Option 'mip_integral_gap_abs' deprecated, please use 'mip_opt_gap_abs'.
WARNING:  Option 'mip_integral_gap_rel' deprecated, please use 'mip_opt_gap_rel'.
WARNING:  Option 'mip_integral_gap_abs' deprecated, please use 'mip_opt_gap_abs'.
WARNING:  Option 'mip_integral_gap_rel' deprecated, please use 'mip_opt_gap_rel'.
WARNING:  Option 'mip_integral_gap_abs' deprecated, please use 'mip_opt_gap_abs'.
WARNING:  Option 'mip_integral_gap_rel' deprecated, please use 'mip_opt_gap_rel'.
WARNING:  Option 'mip_integral_gap_abs' deprecated, please use 'mip_opt_gap_abs'.
WARNING:  Option 'mip_integral_gap_rel' deprecated, please use 'mip_opt_gap_rel'.
WARNING:  Option 'mip_integral_gap_abs' deprecated, please use 'mip_opt_gap_abs'.
WARNING:  Option 'mip_integral_gap_rel' deprecated, please use 'mip_opt_gap_rel'.
WARNING:  Option 'mip_integral_gap_abs' deprecated, please use 'mip_opt_gap_abs'.
WARNING:  Option 'mip_integral_gap_rel' deprecated, please use 'mip_opt_gap_rel'.
WARNING:  Option 'mip_integral_gap_abs' deprecated, please use 'mip_opt_gap_abs'.
WARNING:  Option 'mip_integral_gap_rel' deprecated, please use 'mip_opt_gap_rel'.
WARNING:  Option 'mip_integral_gap_abs' deprecated, please use 'mip_opt_gap_abs'.
WARNING:  Option 'mip_integral_gap_rel' deprecated, please use 'mip_opt_gap_rel'.
WARNING:  Option 'mip_integral_gap_abs' deprecated, please use 'mip_opt_gap_abs'.
WARNING:  Option 'mip_integral_gap_rel' deprecated, please use 'mip_opt_gap_rel'.
WARNING:  Option 'mip_integral_gap_abs' deprecated, please use 'mip_opt_gap_abs'.
WARNING:  Option 'mip_integral_gap_rel' deprecated, please use 'mip_opt_gap_rel'.
WARNING:  Option 'mip_integral_gap_abs' deprecated, please use 'mip_opt_gap_abs'.
WARNING:  Option 'mip_integral_gap_rel' deprecated, please use 'mip_opt_gap_rel'.
WARNING:  Option 'mip_integral_gap_abs' deprecated, please use 'mip_opt_gap_abs'.
WARNING:  Option 'mip_integral_gap_rel' deprecated, please use 'mip_opt_gap_rel'.
WARNING:  Option 'mip_integral_gap_abs' deprecated, please use 'mip_opt_gap_abs'.
WARNING:  Option 'mip_integral_gap_rel' deprecated, please use 'mip_opt_gap_rel'.
WARNING:  Option 'mip_integral_gap_abs' deprecated, please use 'mip_opt_gap_abs'.
WARNING:  Option 'mip_integral_gap_rel' deprecated, please use 'mip_opt_gap_rel'.
WARNING:  Option 'mip_integral_gap_abs' deprecated, please use 'mip_opt_gap_abs'.
WARNING:  Option 'mip_integral_gap_rel' deprecated, please use 'mip_opt_gap_rel'.
WARNING:  Option 'mip_integral_gap_abs' deprecated, please use 'mip_opt_gap_abs'.
WARNING:  Option 'mip_integral_gap_rel' deprecated, please use 'mip_opt_gap_rel'.
WARNING:  Option 'mip_integral_gap_abs' deprecated, please use 'mip_opt_gap_abs'.
WARNING:  Option 'mip_integral_gap_rel' deprecated, please use 'mip_opt_gap_rel'.
WARNING:  Option 'mip_integral_gap_abs' deprecated, please use 'mip_opt_gap_abs'.
WARNING:  Option 'mip_integral_gap_rel' deprecated, please use 'mip_opt_gap_rel'.
WARNING:  Option 'mip_integral_gap_abs' deprecated, please use 'mip_opt_gap_abs'.
WARNING:  Option 'mip_integral_gap_rel' deprecated, please use 'mip_opt_gap_rel'.
WARNING:  Option 'mip_integral_gap_abs' deprecated, please use 'mip_opt_gap_abs'.
WARNING:  Option 'mip_integral_gap_rel' deprecated, please use 'mip_opt_gap_rel'.
WARNING:  Option 'mip_integral_gap_abs' deprecated, please use 'mip_opt_gap_abs'.
WARNING:  Option 'mip_integral_gap_rel' deprecated, please use 'mip_opt_gap_rel'.
WARNING:  Option 'mip_integral_gap_abs' deprecated, please use 'mip_opt_gap_abs'.
WARNING:  Option 'mip_integral_gap_rel' deprecated, please use 'mip_opt_gap_rel'.
WARNING:  Option 'mip_integral_gap_abs' deprecated, please use 'mip_opt_gap_abs'.
WARNING:  Option 'mip_integral_gap_rel' deprecated, please use 'mip_opt_gap_rel'.
WARNING:  Option 'mip_integral_gap_abs' deprecated, please use 'mip_opt_gap_abs'.
WARNING:  Option 'mip_integral_gap_rel' deprecated, please use 'mip_opt_gap_rel'.
WARNING:  Option 'mip_integral_gap_abs' deprecated, please use 'mip_opt_gap_abs'.
WARNING:  Option 'mip_integral_gap_rel' deprecated, please use 'mip_opt_gap_rel'.
WARNING:  Option 'mip_integral_gap_abs' deprecated, please use 'mip_opt_gap_abs'.
WARNING:  Option 'mip_integral_gap_rel' deprecated, please use 'mip_opt_gap_rel'.
WARNING:  Option 'mip_integral_gap_abs' deprecated, please use 'mip_opt_gap_abs'.
WARNING:  Option 'mip_integral_gap_rel' deprecated, please use 'mip_opt_gap_rel'.
WARNING:  Option 'mip_integral_gap_abs' deprecated, please use 'mip_opt_gap_abs'.
WARNING:  Option 'mip_integral_gap_rel' deprecated, please use 'mip_opt_gap_rel'.
WARNING:  Option 'mip_integral_gap_abs' deprecated, please use 'mip_opt_gap_abs'.
WARNING:  Option 'mip_integral_gap_rel' deprecated, please use 'mip_opt_gap_rel'.
WARNING:  Option 'mip_integral_gap_abs' deprecated, please use 'mip_opt_gap_abs'.
WARNING:  Option 'mip_integral_gap_rel' deprecated, please use 'mip_opt_gap_rel'.
WARNING:  Option 'mip_integral_gap_abs' deprecated, please use 'mip_opt_gap_abs'.
WARNING:  Option 'mip_integral_gap_rel' deprecated, please use 'mip_opt_gap_rel'.
WARNING:  Option 'mip_integral_gap_abs' deprecated, please use 'mip_opt_gap_abs'.
WARNING:  Option 'mip_integral_gap_rel' deprecated, please use 'mip_opt_gap_rel'.
WARNING:  Option 'mip_integral_gap_abs' deprecated, please use 'mip_opt_gap_abs'.
WARNING:  Option 'mip_integral_gap_rel' deprecated, please use 'mip_opt_gap_rel'.
WARNING:  Option 'mip_integral_gap_abs' deprecated, please use 'mip_opt_gap_abs'.
WARNING:  Option 'mip_integral_gap_rel' deprecated, please use 'mip_opt_gap_rel'.
WARNING:  Option 'mip_integral_gap_abs' deprecated, please use 'mip_opt_gap_abs'.
WARNING:  Option 'mip_integral_gap_rel' deprecated, please use 'mip_opt_gap_rel'.
WARNING:  Option 'mip_integral_gap_abs' deprecated, please use 'mip_opt_gap_abs'.
WARNING:  Option 'mip_integral_gap_rel' deprecated, please use 'mip_opt_gap_rel'.
WARNING:  Option 'mip_integral_gap_abs' deprecated, please use 'mip_opt_gap_abs'.
WARNING:  Option 'mip_integral_gap_rel' deprecated, please use 'mip_opt_gap_rel'.
WARNING:  Option 'mip_integral_gap_abs' deprecated, please use 'mip_opt_gap_abs'.
WARNING:  Option 'mip_integral_gap_rel' deprecated, please use 'mip_opt_gap_rel'.
WARNING:  Option 'mip_integral_gap_abs' deprecated, please use 'mip_opt_gap_abs'.
WARNING:  Option 'mip_integral_gap_rel' deprecated, please use 'mip_opt_gap_rel'.
WARNING:  Option 'mip_integral_gap_abs' deprecated, please use 'mip_opt_gap_abs'.
WARNING:  Option 'mip_integral_gap_rel' deprecated, please use 'mip_opt_gap_rel'.
WARNING:  Option 'mip_integral_gap_abs' deprecated, please use 'mip_opt_gap_abs'.
WARNING:  Option 'mip_integral_gap_rel' deprecated, please use 'mip_opt_gap_rel'.
WARNING:  Option 'mip_integral_gap_abs' deprecated, please use 'mip_opt_gap_abs'.
WARNING:  Option 'mip_integral_gap_rel' deprecated, please use 'mip_opt_gap_rel'.
WARNING:  Option 'mip_integral_gap_abs' deprecated, please use 'mip_opt_gap_abs'.
WARNING:  Option 'mip_integral_gap_rel' deprecated, please use 'mip_opt_gap_rel'.
WARNING:  Option 'mip_integral_gap_abs' deprecated, please use 'mip_opt_gap_abs'.
WARNING:  Option 'mip_integral_gap_rel' deprecated, please use 'mip_opt_gap_rel'.
WARNING:  Option 'mip_integral_gap_abs' deprecated, please use 'mip_opt_gap_abs'.
WARNING:  Option 'mip_integral_gap_rel' deprecated, please use 'mip_opt_gap_rel'.
WARNING:  Option 'mip_integral_gap_abs' deprecated, please use 'mip_opt_gap_abs'.
WARNING:  Option 'mip_integral_gap_rel' deprecated, please use 'mip_opt_gap_rel'.
WARNING:  Option 'mip_integral_gap_abs' deprecated, please use 'mip_opt_gap_abs'.
WARNING:  Option 'mip_integral_gap_rel' deprecated, please use 'mip_opt_gap_rel'.
WARNING:  Option 'mip_integral_gap_abs' deprecated, please use 'mip_opt_gap_abs'.
WARNING:  Option 'mip_integral_gap_rel' deprecated, please use 'mip_opt_gap_rel'.
WARNING:  Option 'mip_integral_gap_abs' deprecated, please use 'mip_opt_gap_abs'.
WARNING:  Option 'mip_integral_gap_rel' deprecated, please use 'mip_opt_gap_rel'.
WARNING:  Option 'mip_integral_gap_abs' deprecated, please use 'mip_opt_gap_abs'.
WARNING:  Option 'mip_integral_gap_rel' deprecated, please use 'mip_opt_gap_rel'.
WARNING:  Option 'mip_integral_gap_abs' deprecated, please use 'mip_opt_gap_abs'.
WARNING:  Option 'mip_integral_gap_rel' deprecated, please use 'mip_opt_gap_rel'.
WARNING:  Option 'mip_integral_gap_abs' deprecated, please use 'mip_opt_gap_abs'.
WARNING:  Option 'mip_integral_gap_rel' deprecated, please use 'mip_opt_gap_rel'.
WARNING:  Option 'mip_integral_gap_abs' deprecated, please use 'mip_opt_gap_abs'.
WARNING:  Option 'mip_integral_gap_rel' deprecated, please use 'mip_opt_gap_rel'.
WARNING:  Option 'mip_integral_gap_abs' deprecated, please use 'mip_opt_gap_abs'.
WARNING:  Option 'mip_integral_gap_rel' deprecated, please use 'mip_opt_gap_rel'.
WARNING:  Option 'mip_integral_gap_abs' deprecated, please use 'mip_opt_gap_abs'.
WARNING:  Option 'mip_integral_gap_rel' deprecated, please use 'mip_opt_gap_rel'.
WARNING:  Option 'mip_integral_gap_abs' deprecated, please use 'mip_opt_gap_abs'.
WARNING:  Option 'mip_integral_gap_rel' deprecated, please use 'mip_opt_gap_rel'.
WARNING:  Option 'mip_integral_gap_abs' deprecated, please use 'mip_opt_gap_abs'.
WARNING:  Option 'mip_integral_gap_rel' deprecated, please use 'mip_opt_gap_rel'.
WARNING:  Option 'mip_integral_gap_abs' deprecated, please use 'mip_opt_gap_abs'.
WARNING:  Option 'mip_integral_gap_rel' deprecated, please use 'mip_opt_gap_rel'.
WARNING:  Option 'mip_integral_gap_abs' deprecated, please use 'mip_opt_gap_abs'.
WARNING:  Option 'mip_integral_gap_rel' deprecated, please use 'mip_opt_gap_rel'.
WARNING:  Option 'mip_integral_gap_abs' deprecated, please use 'mip_opt_gap_abs'.
WARNING:  Option 'mip_integral_gap_rel' deprecated, please use 'mip_opt_gap_rel'.
WARNING:  Option 'mip_integral_gap_abs' deprecated, please use 'mip_opt_gap_abs'.
WARNING:  Option 'mip_integral_gap_rel' deprecated, please use 'mip_opt_gap_rel'.
WARNING:  Option 'mip_integral_gap_abs' deprecated, please use 'mip_opt_gap_abs'.
WARNING:  Option 'mip_integral_gap_rel' deprecated, please use 'mip_opt_gap_rel'.
WARNING:  Option 'mip_integral_gap_abs' deprecated, please use 'mip_opt_gap_abs'.
WARNING:  Option 'mip_integral_gap_rel' deprecated, please use 'mip_opt_gap_rel'.
WARNING:  Option 'mip_integral_gap_abs' deprecated, please use 'mip_opt_gap_abs'.
WARNING:  Option 'mip_integral_gap_rel' deprecated, please use 'mip_opt_gap_rel'.
WARNING:  Option 'mip_integral_gap_abs' deprecated, please use 'mip_opt_gap_abs'.
WARNING:  Option 'mip_integral_gap_rel' deprecated, please use 'mip_opt_gap_rel'.
WARNING:  Option 'mip_integral_gap_abs' deprecated, please use 'mip_opt_gap_abs'.
WARNING:  Option 'mip_integral_gap_rel' deprecated, please use 'mip_opt_gap_rel'.
WARNING:  Option 'mip_integral_gap_abs' deprecated, please use 'mip_opt_gap_abs'.
WARNING:  Option 'mip_integral_gap_rel' deprecated, please use 'mip_opt_gap_rel'.
WARNING:  Option 'mip_integral_gap_abs' deprecated, please use 'mip_opt_gap_abs'.
WARNING:  Option 'mip_integral_gap_rel' deprecated, please use 'mip_opt_gap_rel'.
WARNING:  Option 'mip_integral_gap_abs' deprecated, please use 'mip_opt_gap_abs'.
WARNING:  Option 'mip_integral_gap_rel' deprecated, please use 'mip_opt_gap_rel'.
WARNING:  Option 'mip_integral_gap_abs' deprecated, please use 'mip_opt_gap_abs'.
WARNING:  Option 'mip_integral_gap_rel' deprecated, please use 'mip_opt_gap_rel'.
WARNING:  Option 'mip_integral_gap_abs' deprecated, please use 'mip_opt_gap_abs'.
WARNING:  Option 'mip_integral_gap_rel' deprecated, please use 'mip_opt_gap_rel'.
WARNING:  Option 'mip_integral_gap_abs' deprecated, please use 'mip_opt_gap_abs'.
WARNING:  Option 'mip_integral_gap_rel' deprecated, please use 'mip_opt_gap_rel'.
WARNING:  Option 'mip_integral_gap_abs' deprecated, please use 'mip_opt_gap_abs'.
WARNING:  Option 'mip_integral_gap_rel' deprecated, please use 'mip_opt_gap_rel'.
WARNING:  Option 'mip_integral_gap_abs' deprecated, please use 'mip_opt_gap_abs'.
WARNING:  Option 'mip_integral_gap_rel' deprecated, please use 'mip_opt_gap_rel'.
WARNING:  Option 'mip_integral_gap_abs' deprecated, please use 'mip_opt_gap_abs'.
WARNING:  Option 'mip_integral_gap_rel' deprecated, please use 'mip_opt_gap_rel'.
WARNING:  Option 'mip_integral_gap_abs' deprecated, please use 'mip_opt_gap_abs'.
WARNING:  Option 'mip_integral_gap_rel' deprecated, please use 'mip_opt_gap_rel'.
WARNING:  Option 'mip_integral_gap_abs' deprecated, please use 'mip_opt_gap_abs'.
WARNING:  Option 'mip_integral_gap_rel' deprecated, please use 'mip_opt_gap_rel'.
WARNING:  Option 'mip_integral_gap_abs' deprecated, please use 'mip_opt_gap_abs'.
WARNING:  Option 'mip_integral_gap_rel' deprecated, please use 'mip_opt_gap_rel'.
WARNING:  Option 'mip_integral_gap_abs' deprecated, please use 'mip_opt_gap_abs'.
WARNING:  Option 'mip_integral_gap_rel' deprecated, please use 'mip_opt_gap_rel'.
WARNING:  Option 'mip_integral_gap_abs' deprecated, please use 'mip_opt_gap_abs'.
WARNING:  Option 'mip_integral_gap_rel' deprecated, please use 'mip_opt_gap_rel'.
WARNING:  Option 'mip_integral_gap_abs' deprecated, please use 'mip_opt_gap_abs'.
WARNING:  Option 'mip_integral_gap_rel' deprecated, please use 'mip_opt_gap_rel'.
WARNING:  Option 'mip_integral_gap_abs' deprecated, please use 'mip_opt_gap_abs'.
WARNING:  Option 'mip_integral_gap_rel' deprecated, please use 'mip_opt_gap_rel'.
WARNING:  Option 'mip_integral_gap_abs' deprecated, please use 'mip_opt_gap_abs'.
WARNING:  Option 'mip_integral_gap_rel' deprecated, please use 'mip_opt_gap_rel'.
WARNING:  Option 'mip_integral_gap_abs' deprecated, please use 'mip_opt_gap_abs'.
WARNING:  Option 'mip_integral_gap_rel' deprecated, please use 'mip_opt_gap_rel'.
WARNING:  Option 'mip_integral_gap_abs' deprecated, please use 'mip_opt_gap_abs'.
WARNING:  Option 'mip_integral_gap_rel' deprecated, please use 'mip_opt_gap_rel'.
WARNING:  Option 'mip_integral_gap_abs' deprecated, please use 'mip_opt_gap_abs'.
WARNING:  Option 'mip_integral_gap_rel' deprecated, please use 'mip_opt_gap_rel'.
WARNING:  Option 'mip_integral_gap_abs' deprecated, please use 'mip_opt_gap_abs'.
WARNING:  Option 'mip_integral_gap_rel' deprecated, please use 'mip_opt_gap_rel'.
WARNING:  Option 'mip_integral_gap_abs' deprecated, please use 'mip_opt_gap_abs'.
WARNING:  Option 'mip_integral_gap_rel' deprecated, please use 'mip_opt_gap_rel'.
WARNING:  Option 'mip_integral_gap_abs' deprecated, please use 'mip_opt_gap_abs'.
WARNING:  Option 'mip_integral_gap_rel' deprecated, please use 'mip_opt_gap_rel'.
WARNING:  Option 'mip_integral_gap_abs' deprecated, please use 'mip_opt_gap_abs'.
WARNING:  Option 'mip_integral_gap_rel' deprecated, please use 'mip_opt_gap_rel'.
    [θ-eval 100, gravity-feasible 14] seqR_mean=4.95e-04 ok=true seq_time=4.70s
WARNING:  Option 'mip_integral_gap_abs' deprecated, please use 'mip_opt_gap_abs'.
WARNING:  Option 'mip_integral_gap_rel' deprecated, please use 'mip_opt_gap_rel'.
WARNING:  Option 'mip_integral_gap_abs' deprecated, please use 'mip_opt_gap_abs'.
WARNING:  Option 'mip_integral_gap_rel' deprecated, please use 'mip_opt_gap_rel'.
WARNING:  Option 'mip_integral_gap_abs' deprecated, please use 'mip_opt_gap_abs'.
WARNING:  Option 'mip_integral_gap_rel' deprecated, please use 'mip_opt_gap_rel'.
WARNING:  Option 'mip_integral_gap_abs' deprecated, please use 'mip_opt_gap_abs'.
WARNING:  Option 'mip_integral_gap_rel' deprecated, please use 'mip_opt_gap_rel'.
WARNING:  Option 'mip_integral_gap_abs' deprecated, please use 'mip_opt_gap_abs'.
WARNING:  Option 'mip_integral_gap_rel' deprecated, please use 'mip_opt_gap_rel'.
WARNING:  Option 'mip_integral_gap_abs' deprecated, please use 'mip_opt_gap_abs'.
WARNING:  Option 'mip_integral_gap_rel' deprecated, please use 'mip_opt_gap_rel'.
WARNING:  Option 'mip_integral_gap_abs' deprecated, please use 'mip_opt_gap_abs'.
WARNING:  Option 'mip_integral_gap_rel' deprecated, please use 'mip_opt_gap_rel'.
WARNING:  Option 'mip_integral_gap_abs' deprecated, please use 'mip_opt_gap_abs'.
WARNING:  Option 'mip_integral_gap_rel' deprecated, please use 'mip_opt_gap_rel'.
WARNING:  Option 'mip_integral_gap_abs' deprecated, please use 'mip_opt_gap_abs'.
WARNING:  Option 'mip_integral_gap_rel' deprecated, please use 'mip_opt_gap_rel'.
WARNING:  Option 'mip_integral_gap_abs' deprecated, please use 'mip_opt_gap_abs'.
WARNING:  Option 'mip_integral_gap_rel' deprecated, please use 'mip_opt_gap_rel'.
WARNING:  Option 'mip_integral_gap_abs' deprecated, please use 'mip_opt_gap_abs'.
WARNING:  Option 'mip_integral_gap_rel' deprecated, please use 'mip_opt_gap_rel'.
WARNING:  Option 'mip_integral_gap_abs' deprecated, please use 'mip_opt_gap_abs'.
WARNING:  Option 'mip_integral_gap_rel' deprecated, please use 'mip_opt_gap_rel'.
WARNING:  Option 'mip_integral_gap_abs' deprecated, please use 'mip_opt_gap_abs'.
WARNING:  Option 'mip_integral_gap_rel' deprecated, please use 'mip_opt_gap_rel'.
WARNING:  Option 'mip_integral_gap_abs' deprecated, please use 'mip_opt_gap_abs'.
WARNING:  Option 'mip_integral_gap_rel' deprecated, please use 'mip_opt_gap_rel'.
WARNING:  Option 'mip_integral_gap_abs' deprecated, please use 'mip_opt_gap_abs'.
WARNING:  Option 'mip_integral_gap_rel' deprecated, please use 'mip_opt_gap_rel'.
WARNING:  Option 'mip_integral_gap_abs' deprecated, please use 'mip_opt_gap_abs'.
WARNING:  Option 'mip_integral_gap_rel' deprecated, please use 'mip_opt_gap_rel'.
WARNING:  Option 'mip_integral_gap_abs' deprecated, please use 'mip_opt_gap_abs'.
WARNING:  Option 'mip_integral_gap_rel' deprecated, please use 'mip_opt_gap_rel'.
WARNING:  Option 'mip_integral_gap_abs' deprecated, please use 'mip_opt_gap_abs'.
WARNING:  Option 'mip_integral_gap_rel' deprecated, please use 'mip_opt_gap_rel'.
WARNING:  Option 'mip_integral_gap_abs' deprecated, please use 'mip_opt_gap_abs'.
WARNING:  Option 'mip_integral_gap_rel' deprecated, please use 'mip_opt_gap_rel'.
WARNING:  Option 'mip_integral_gap_abs' deprecated, please use 'mip_opt_gap_abs'.
WARNING:  Option 'mip_integral_gap_rel' deprecated, please use 'mip_opt_gap_rel'.
WARNING:  Option 'mip_integral_gap_abs' deprecated, please use 'mip_opt_gap_abs'.
WARNING:  Option 'mip_integral_gap_rel' deprecated, please use 'mip_opt_gap_rel'.
WARNING:  Option 'mip_integral_gap_abs' deprecated, please use 'mip_opt_gap_abs'.
WARNING:  Option 'mip_integral_gap_rel' deprecated, please use 'mip_opt_gap_rel'.
WARNING:  Option 'mip_integral_gap_abs' deprecated, please use 'mip_opt_gap_abs'.
WARNING:  Option 'mip_integral_gap_rel' deprecated, please use 'mip_opt_gap_rel'.
WARNING:  Option 'mip_integral_gap_abs' deprecated, please use 'mip_opt_gap_abs'.
WARNING:  Option 'mip_integral_gap_rel' deprecated, please use 'mip_opt_gap_rel'.
WARNING:  Option 'mip_integral_gap_abs' deprecated, please use 'mip_opt_gap_abs'.
WARNING:  Option 'mip_integral_gap_rel' deprecated, please use 'mip_opt_gap_rel'.
WARNING:  Option 'mip_integral_gap_abs' deprecated, please use 'mip_opt_gap_abs'.
WARNING:  Option 'mip_integral_gap_rel' deprecated, please use 'mip_opt_gap_rel'.
WARNING:  Option 'mip_integral_gap_abs' deprecated, please use 'mip_opt_gap_abs'.
WARNING:  Option 'mip_integral_gap_rel' deprecated, please use 'mip_opt_gap_rel'.
WARNING:  Option 'mip_integral_gap_abs' deprecated, please use 'mip_opt_gap_abs'.
WARNING:  Option 'mip_integral_gap_rel' deprecated, please use 'mip_opt_gap_rel'.
WARNING:  Option 'mip_integral_gap_abs' deprecated, please use 'mip_opt_gap_abs'.
WARNING:  Option 'mip_integral_gap_rel' deprecated, please use 'mip_opt_gap_rel'.
WARNING:  Option 'mip_integral_gap_abs' deprecated, please use 'mip_opt_gap_abs'.
WARNING:  Option 'mip_integral_gap_rel' deprecated, please use 'mip_opt_gap_rel'.
WARNING:  Option 'mip_integral_gap_abs' deprecated, please use 'mip_opt_gap_abs'.
WARNING:  Option 'mip_integral_gap_rel' deprecated, please use 'mip_opt_gap_rel'.
WARNING:  Option 'mip_integral_gap_abs' deprecated, please use 'mip_opt_gap_abs'.
WARNING:  Option 'mip_integral_gap_rel' deprecated, please use 'mip_opt_gap_rel'.
WARNING:  Option 'mip_integral_gap_abs' deprecated, please use 'mip_opt_gap_abs'.
WARNING:  Option 'mip_integral_gap_rel' deprecated, please use 'mip_opt_gap_rel'.
WARNING:  Option 'mip_integral_gap_abs' deprecated, please use 'mip_opt_gap_abs'.
WARNING:  Option 'mip_integral_gap_rel' deprecated, please use 'mip_opt_gap_rel'.
WARNING:  Option 'mip_integral_gap_abs' deprecated, please use 'mip_opt_gap_abs'.
WARNING:  Option 'mip_integral_gap_rel' deprecated, please use 'mip_opt_gap_rel'.
WARNING:  Option 'mip_integral_gap_abs' deprecated, please use 'mip_opt_gap_abs'.
WARNING:  Option 'mip_integral_gap_rel' deprecated, please use 'mip_opt_gap_rel'.
WARNING:  Option 'mip_integral_gap_abs' deprecated, please use 'mip_opt_gap_abs'.
WARNING:  Option 'mip_integral_gap_rel' deprecated, please use 'mip_opt_gap_rel'.
WARNING:  Option 'mip_integral_gap_abs' deprecated, please use 'mip_opt_gap_abs'.
WARNING:  Option 'mip_integral_gap_rel' deprecated, please use 'mip_opt_gap_rel'.
WARNING:  Option 'mip_integral_gap_abs' deprecated, please use 'mip_opt_gap_abs'.
WARNING:  Option 'mip_integral_gap_rel' deprecated, please use 'mip_opt_gap_rel'.
WARNING:  Option 'mip_integral_gap_abs' deprecated, please use 'mip_opt_gap_abs'.
WARNING:  Option 'mip_integral_gap_rel' deprecated, please use 'mip_opt_gap_rel'.
WARNING:  Option 'mip_integral_gap_abs' deprecated, please use 'mip_opt_gap_abs'.
WARNING:  Option 'mip_integral_gap_rel' deprecated, please use 'mip_opt_gap_rel'.
WARNING:  Option 'mip_integral_gap_abs' deprecated, please use 'mip_opt_gap_abs'.
WARNING:  Option 'mip_integral_gap_rel' deprecated, please use 'mip_opt_gap_rel'.
WARNING:  Option 'mip_integral_gap_abs' deprecated, please use 'mip_opt_gap_abs'.
WARNING:  Option 'mip_integral_gap_rel' deprecated, please use 'mip_opt_gap_rel'.
WARNING:  Option 'mip_integral_gap_abs' deprecated, please use 'mip_opt_gap_abs'.
WARNING:  Option 'mip_integral_gap_rel' deprecated, please use 'mip_opt_gap_rel'.
WARNING:  Option 'mip_integral_gap_abs' deprecated, please use 'mip_opt_gap_abs'.
WARNING:  Option 'mip_integral_gap_rel' deprecated, please use 'mip_opt_gap_rel'.
WARNING:  Option 'mip_integral_gap_abs' deprecated, please use 'mip_opt_gap_abs'.
WARNING:  Option 'mip_integral_gap_rel' deprecated, please use 'mip_opt_gap_rel'.
WARNING:  Option 'mip_integral_gap_abs' deprecated, please use 'mip_opt_gap_abs'.
WARNING:  Option 'mip_integral_gap_rel' deprecated, please use 'mip_opt_gap_rel'.
WARNING:  Option 'mip_integral_gap_abs' deprecated, please use 'mip_opt_gap_abs'.
WARNING:  Option 'mip_integral_gap_rel' deprecated, please use 'mip_opt_gap_rel'.
WARNING:  Option 'mip_integral_gap_abs' deprecated, please use 'mip_opt_gap_abs'.
WARNING:  Option 'mip_integral_gap_rel' deprecated, please use 'mip_opt_gap_rel'.
WARNING:  Option 'mip_integral_gap_abs' deprecated, please use 'mip_opt_gap_abs'.
WARNING:  Option 'mip_integral_gap_rel' deprecated, please use 'mip_opt_gap_rel'.
WARNING:  Option 'mip_integral_gap_abs' deprecated, please use 'mip_opt_gap_abs'.
WARNING:  Option 'mip_integral_gap_rel' deprecated, please use 'mip_opt_gap_rel'.
WARNING:  Option 'mip_integral_gap_abs' deprecated, please use 'mip_opt_gap_abs'.
WARNING:  Option 'mip_integral_gap_rel' deprecated, please use 'mip_opt_gap_rel'.
WARNING:  Option 'mip_integral_gap_abs' deprecated, please use 'mip_opt_gap_abs'.
WARNING:  Option 'mip_integral_gap_rel' deprecated, please use 'mip_opt_gap_rel'.
WARNING:  Option 'mip_integral_gap_abs' deprecated, please use 'mip_opt_gap_abs'.
WARNING:  Option 'mip_integral_gap_rel' deprecated, please use 'mip_opt_gap_rel'.
WARNING:  Option 'mip_integral_gap_abs' deprecated, please use 'mip_opt_gap_abs'.
WARNING:  Option 'mip_integral_gap_rel' deprecated, please use 'mip_opt_gap_rel'.
WARNING:  Option 'mip_integral_gap_abs' deprecated, please use 'mip_opt_gap_abs'.
WARNING:  Option 'mip_integral_gap_rel' deprecated, please use 'mip_opt_gap_rel'.
WARNING:  Option 'mip_integral_gap_abs' deprecated, please use 'mip_opt_gap_abs'.
WARNING:  Option 'mip_integral_gap_rel' deprecated, please use 'mip_opt_gap_rel'.
WARNING:  Option 'mip_integral_gap_abs' deprecated, please use 'mip_opt_gap_abs'.
WARNING:  Option 'mip_integral_gap_rel' deprecated, please use 'mip_opt_gap_rel'.
WARNING:  Option 'mip_integral_gap_abs' deprecated, please use 'mip_opt_gap_abs'.
WARNING:  Option 'mip_integral_gap_rel' deprecated, please use 'mip_opt_gap_rel'.
WARNING:  Option 'mip_integral_gap_abs' deprecated, please use 'mip_opt_gap_abs'.
WARNING:  Option 'mip_integral_gap_rel' deprecated, please use 'mip_opt_gap_rel'.
WARNING:  Option 'mip_integral_gap_abs' deprecated, please use 'mip_opt_gap_abs'.
WARNING:  Option 'mip_integral_gap_rel' deprecated, please use 'mip_opt_gap_rel'.
WARNING:  Option 'mip_integral_gap_abs' deprecated, please use 'mip_opt_gap_abs'.
WARNING:  Option 'mip_integral_gap_rel' deprecated, please use 'mip_opt_gap_rel'.
WARNING:  Option 'mip_integral_gap_abs' deprecated, please use 'mip_opt_gap_abs'.
WARNING:  Option 'mip_integral_gap_rel' deprecated, please use 'mip_opt_gap_rel'.
WARNING:  Option 'mip_integral_gap_abs' deprecated, please use 'mip_opt_gap_abs'.
WARNING:  Option 'mip_integral_gap_rel' deprecated, please use 'mip_opt_gap_rel'.
WARNING:  Option 'mip_integral_gap_abs' deprecated, please use 'mip_opt_gap_abs'.
WARNING:  Option 'mip_integral_gap_rel' deprecated, please use 'mip_opt_gap_rel'.
WARNING:  Option 'mip_integral_gap_abs' deprecated, please use 'mip_opt_gap_abs'.
WARNING:  Option 'mip_integral_gap_rel' deprecated, please use 'mip_opt_gap_rel'.
WARNING:  Option 'mip_integral_gap_abs' deprecated, please use 'mip_opt_gap_abs'.
WARNING:  Option 'mip_integral_gap_rel' deprecated, please use 'mip_opt_gap_rel'.
WARNING:  Option 'mip_integral_gap_abs' deprecated, please use 'mip_opt_gap_abs'.
WARNING:  Option 'mip_integral_gap_rel' deprecated, please use 'mip_opt_gap_rel'.
WARNING:  Option 'mip_integral_gap_abs' deprecated, please use 'mip_opt_gap_abs'.
WARNING:  Option 'mip_integral_gap_rel' deprecated, please use 'mip_opt_gap_rel'.
WARNING:  Option 'mip_integral_gap_abs' deprecated, please use 'mip_opt_gap_abs'.
WARNING:  Option 'mip_integral_gap_rel' deprecated, please use 'mip_opt_gap_rel'.
WARNING:  Option 'mip_integral_gap_abs' deprecated, please use 'mip_opt_gap_abs'.
WARNING:  Option 'mip_integral_gap_rel' deprecated, please use 'mip_opt_gap_rel'.
WARNING:  Option 'mip_integral_gap_abs' deprecated, please use 'mip_opt_gap_abs'.
WARNING:  Option 'mip_integral_gap_rel' deprecated, please use 'mip_opt_gap_rel'.
WARNING:  Option 'mip_integral_gap_abs' deprecated, please use 'mip_opt_gap_abs'.
WARNING:  Option 'mip_integral_gap_rel' deprecated, please use 'mip_opt_gap_rel'.
WARNING:  Option 'mip_integral_gap_abs' deprecated, please use 'mip_opt_gap_abs'.
WARNING:  Option 'mip_integral_gap_rel' deprecated, please use 'mip_opt_gap_rel'.
WARNING:  Option 'mip_integral_gap_abs' deprecated, please use 'mip_opt_gap_abs'.
WARNING:  Option 'mip_integral_gap_rel' deprecated, please use 'mip_opt_gap_rel'.
WARNING:  Option 'mip_integral_gap_abs' deprecated, please use 'mip_opt_gap_abs'.
WARNING:  Option 'mip_integral_gap_rel' deprecated, please use 'mip_opt_gap_rel'.
WARNING:  Option 'mip_integral_gap_abs' deprecated, please use 'mip_opt_gap_abs'.
WARNING:  Option 'mip_integral_gap_rel' deprecated, please use 'mip_opt_gap_rel'.
WARNING:  Option 'mip_integral_gap_abs' deprecated, please use 'mip_opt_gap_abs'.
WARNING:  Option 'mip_integral_gap_rel' deprecated, please use 'mip_opt_gap_rel'.
WARNING:  Option 'mip_integral_gap_abs' deprecated, please use 'mip_opt_gap_abs'.
WARNING:  Option 'mip_integral_gap_rel' deprecated, please use 'mip_opt_gap_rel'.
WARNING:  Option 'mip_integral_gap_abs' deprecated, please use 'mip_opt_gap_abs'.
WARNING:  Option 'mip_integral_gap_rel' deprecated, please use 'mip_opt_gap_rel'.
WARNING:  Option 'mip_integral_gap_abs' deprecated, please use 'mip_opt_gap_abs'.
WARNING:  Option 'mip_integral_gap_rel' deprecated, please use 'mip_opt_gap_rel'.
WARNING:  Option 'mip_integral_gap_abs' deprecated, please use 'mip_opt_gap_abs'.
WARNING:  Option 'mip_integral_gap_rel' deprecated, please use 'mip_opt_gap_rel'.
WARNING:  Option 'mip_integral_gap_abs' deprecated, please use 'mip_opt_gap_abs'.
WARNING:  Option 'mip_integral_gap_rel' deprecated, please use 'mip_opt_gap_rel'.
WARNING:  Option 'mip_integral_gap_abs' deprecated, please use 'mip_opt_gap_abs'.
WARNING:  Option 'mip_integral_gap_rel' deprecated, please use 'mip_opt_gap_rel'.
WARNING:  Option 'mip_integral_gap_abs' deprecated, please use 'mip_opt_gap_abs'.
WARNING:  Option 'mip_integral_gap_rel' deprecated, please use 'mip_opt_gap_rel'.
WARNING:  Option 'mip_integral_gap_abs' deprecated, please use 'mip_opt_gap_abs'.
WARNING:  Option 'mip_integral_gap_rel' deprecated, please use 'mip_opt_gap_rel'.
WARNING:  Option 'mip_integral_gap_abs' deprecated, please use 'mip_opt_gap_abs'.
WARNING:  Option 'mip_integral_gap_rel' deprecated, please use 'mip_opt_gap_rel'.
WARNING:  Option 'mip_integral_gap_abs' deprecated, please use 'mip_opt_gap_abs'.
WARNING:  Option 'mip_integral_gap_rel' deprecated, please use 'mip_opt_gap_rel'.
WARNING:  Option 'mip_integral_gap_abs' deprecated, please use 'mip_opt_gap_abs'.
WARNING:  Option 'mip_integral_gap_rel' deprecated, please use 'mip_opt_gap_rel'.
WARNING:  Option 'mip_integral_gap_abs' deprecated, please use 'mip_opt_gap_abs'.
WARNING:  Option 'mip_integral_gap_rel' deprecated, please use 'mip_opt_gap_rel'.
WARNING:  Option 'mip_integral_gap_abs' deprecated, please use 'mip_opt_gap_abs'.
WARNING:  Option 'mip_integral_gap_rel' deprecated, please use 'mip_opt_gap_rel'.
    [θ-eval 110, gravity-feasible 17] seqR_mean=4.67e-04 ok=false seq_time=6.72s
WARNING:  Option 'mip_integral_gap_abs' deprecated, please use 'mip_opt_gap_abs'.
WARNING:  Option 'mip_integral_gap_rel' deprecated, please use 'mip_opt_gap_rel'.
WARNING:  Option 'mip_integral_gap_abs' deprecated, please use 'mip_opt_gap_abs'.
WARNING:  Option 'mip_integral_gap_rel' deprecated, please use 'mip_opt_gap_rel'.
WARNING:  Option 'mip_integral_gap_abs' deprecated, please use 'mip_opt_gap_abs'.
WARNING:  Option 'mip_integral_gap_rel' deprecated, please use 'mip_opt_gap_rel'.
WARNING:  Option 'mip_integral_gap_abs' deprecated, please use 'mip_opt_gap_abs'.
WARNING:  Option 'mip_integral_gap_rel' deprecated, please use 'mip_opt_gap_rel'.
WARNING:  Option 'mip_integral_gap_abs' deprecated, please use 'mip_opt_gap_abs'.
WARNING:  Option 'mip_integral_gap_rel' deprecated, please use 'mip_opt_gap_rel'.
WARNING:  Option 'mip_integral_gap_abs' deprecated, please use 'mip_opt_gap_abs'.
WARNING:  Option 'mip_integral_gap_rel' deprecated, please use 'mip_opt_gap_rel'.
WARNING:  Option 'mip_integral_gap_abs' deprecated, please use 'mip_opt_gap_abs'.
WARNING:  Option 'mip_integral_gap_rel' deprecated, please use 'mip_opt_gap_rel'.
WARNING:  Option 'mip_integral_gap_abs' deprecated, please use 'mip_opt_gap_abs'.
WARNING:  Option 'mip_integral_gap_rel' deprecated, please use 'mip_opt_gap_rel'.
WARNING:  Option 'mip_integral_gap_abs' deprecated, please use 'mip_opt_gap_abs'.
WARNING:  Option 'mip_integral_gap_rel' deprecated, please use 'mip_opt_gap_rel'.
WARNING:  Option 'mip_integral_gap_abs' deprecated, please use 'mip_opt_gap_abs'.
WARNING:  Option 'mip_integral_gap_rel' deprecated, please use 'mip_opt_gap_rel'.
WARNING:  Option 'mip_integral_gap_abs' deprecated, please use 'mip_opt_gap_abs'.
WARNING:  Option 'mip_integral_gap_rel' deprecated, please use 'mip_opt_gap_rel'.
WARNING:  Option 'mip_integral_gap_abs' deprecated, please use 'mip_opt_gap_abs'.
WARNING:  Option 'mip_integral_gap_rel' deprecated, please use 'mip_opt_gap_rel'.
WARNING:  Option 'mip_integral_gap_abs' deprecated, please use 'mip_opt_gap_abs'.
WARNING:  Option 'mip_integral_gap_rel' deprecated, please use 'mip_opt_gap_rel'.
WARNING:  Option 'mip_integral_gap_abs' deprecated, please use 'mip_opt_gap_abs'.
WARNING:  Option 'mip_integral_gap_rel' deprecated, please use 'mip_opt_gap_rel'.
WARNING:  Option 'mip_integral_gap_abs' deprecated, please use 'mip_opt_gap_abs'.
WARNING:  Option 'mip_integral_gap_rel' deprecated, please use 'mip_opt_gap_rel'.
WARNING:  Option 'mip_integral_gap_abs' deprecated, please use 'mip_opt_gap_abs'.
WARNING:  Option 'mip_integral_gap_rel' deprecated, please use 'mip_opt_gap_rel'.
WARNING:  Option 'mip_integral_gap_abs' deprecated, please use 'mip_opt_gap_abs'.
WARNING:  Option 'mip_integral_gap_rel' deprecated, please use 'mip_opt_gap_rel'.
WARNING:  Option 'mip_integral_gap_abs' deprecated, please use 'mip_opt_gap_abs'.
WARNING:  Option 'mip_integral_gap_rel' deprecated, please use 'mip_opt_gap_rel'.
WARNING:  Option 'mip_integral_gap_abs' deprecated, please use 'mip_opt_gap_abs'.
WARNING:  Option 'mip_integral_gap_rel' deprecated, please use 'mip_opt_gap_rel'.
WARNING:  Option 'mip_integral_gap_abs' deprecated, please use 'mip_opt_gap_abs'.
WARNING:  Option 'mip_integral_gap_rel' deprecated, please use 'mip_opt_gap_rel'.
WARNING:  Option 'mip_integral_gap_abs' deprecated, please use 'mip_opt_gap_abs'.
WARNING:  Option 'mip_integral_gap_rel' deprecated, please use 'mip_opt_gap_rel'.
WARNING:  Option 'mip_integral_gap_abs' deprecated, please use 'mip_opt_gap_abs'.
WARNING:  Option 'mip_integral_gap_rel' deprecated, please use 'mip_opt_gap_rel'.
WARNING:  Option 'mip_integral_gap_abs' deprecated, please use 'mip_opt_gap_abs'.
WARNING:  Option 'mip_integral_gap_rel' deprecated, please use 'mip_opt_gap_rel'.
WARNING:  Option 'mip_integral_gap_abs' deprecated, please use 'mip_opt_gap_abs'.
WARNING:  Option 'mip_integral_gap_rel' deprecated, please use 'mip_opt_gap_rel'.
WARNING:  Option 'mip_integral_gap_abs' deprecated, please use 'mip_opt_gap_abs'.
WARNING:  Option 'mip_integral_gap_rel' deprecated, please use 'mip_opt_gap_rel'.
WARNING:  Option 'mip_integral_gap_abs' deprecated, please use 'mip_opt_gap_abs'.
WARNING:  Option 'mip_integral_gap_rel' deprecated, please use 'mip_opt_gap_rel'.
WARNING:  Option 'mip_integral_gap_abs' deprecated, please use 'mip_opt_gap_abs'.
WARNING:  Option 'mip_integral_gap_rel' deprecated, please use 'mip_opt_gap_rel'.
WARNING:  Option 'mip_integral_gap_abs' deprecated, please use 'mip_opt_gap_abs'.
WARNING:  Option 'mip_integral_gap_rel' deprecated, please use 'mip_opt_gap_rel'.
WARNING:  Option 'mip_integral_gap_abs' deprecated, please use 'mip_opt_gap_abs'.
WARNING:  Option 'mip_integral_gap_rel' deprecated, please use 'mip_opt_gap_rel'.
WARNING:  Option 'mip_integral_gap_abs' deprecated, please use 'mip_opt_gap_abs'.
WARNING:  Option 'mip_integral_gap_rel' deprecated, please use 'mip_opt_gap_rel'.
WARNING:  Option 'mip_integral_gap_abs' deprecated, please use 'mip_opt_gap_abs'.
WARNING:  Option 'mip_integral_gap_rel' deprecated, please use 'mip_opt_gap_rel'.
WARNING:  Option 'mip_integral_gap_abs' deprecated, please use 'mip_opt_gap_abs'.
WARNING:  Option 'mip_integral_gap_rel' deprecated, please use 'mip_opt_gap_rel'.
WARNING:  Option 'mip_integral_gap_abs' deprecated, please use 'mip_opt_gap_abs'.
WARNING:  Option 'mip_integral_gap_rel' deprecated, please use 'mip_opt_gap_rel'.
WARNING:  Option 'mip_integral_gap_abs' deprecated, please use 'mip_opt_gap_abs'.
WARNING:  Option 'mip_integral_gap_rel' deprecated, please use 'mip_opt_gap_rel'.
WARNING:  Option 'mip_integral_gap_abs' deprecated, please use 'mip_opt_gap_abs'.
WARNING:  Option 'mip_integral_gap_rel' deprecated, please use 'mip_opt_gap_rel'.
WARNING:  Option 'mip_integral_gap_abs' deprecated, please use 'mip_opt_gap_abs'.
WARNING:  Option 'mip_integral_gap_rel' deprecated, please use 'mip_opt_gap_rel'.
WARNING:  Option 'mip_integral_gap_abs' deprecated, please use 'mip_opt_gap_abs'.
WARNING:  Option 'mip_integral_gap_rel' deprecated, please use 'mip_opt_gap_rel'.
WARNING:  Option 'mip_integral_gap_abs' deprecated, please use 'mip_opt_gap_abs'.
WARNING:  Option 'mip_integral_gap_rel' deprecated, please use 'mip_opt_gap_rel'.
WARNING:  Option 'mip_integral_gap_abs' deprecated, please use 'mip_opt_gap_abs'.
WARNING:  Option 'mip_integral_gap_rel' deprecated, please use 'mip_opt_gap_rel'.
WARNING:  Option 'mip_integral_gap_abs' deprecated, please use 'mip_opt_gap_abs'.
WARNING:  Option 'mip_integral_gap_rel' deprecated, please use 'mip_opt_gap_rel'.
WARNING:  Option 'mip_integral_gap_abs' deprecated, please use 'mip_opt_gap_abs'.
WARNING:  Option 'mip_integral_gap_rel' deprecated, please use 'mip_opt_gap_rel'.
WARNING:  Option 'mip_integral_gap_abs' deprecated, please use 'mip_opt_gap_abs'.
WARNING:  Option 'mip_integral_gap_rel' deprecated, please use 'mip_opt_gap_rel'.
WARNING:  Option 'mip_integral_gap_abs' deprecated, please use 'mip_opt_gap_abs'.
WARNING:  Option 'mip_integral_gap_rel' deprecated, please use 'mip_opt_gap_rel'.
WARNING:  Option 'mip_integral_gap_abs' deprecated, please use 'mip_opt_gap_abs'.
WARNING:  Option 'mip_integral_gap_rel' deprecated, please use 'mip_opt_gap_rel'.
WARNING:  Option 'mip_integral_gap_abs' deprecated, please use 'mip_opt_gap_abs'.
WARNING:  Option 'mip_integral_gap_rel' deprecated, please use 'mip_opt_gap_rel'.
WARNING:  Option 'mip_integral_gap_abs' deprecated, please use 'mip_opt_gap_abs'.
WARNING:  Option 'mip_integral_gap_rel' deprecated, please use 'mip_opt_gap_rel'.
WARNING:  Option 'mip_integral_gap_abs' deprecated, please use 'mip_opt_gap_abs'.
WARNING:  Option 'mip_integral_gap_rel' deprecated, please use 'mip_opt_gap_rel'.
WARNING:  Option 'mip_integral_gap_abs' deprecated, please use 'mip_opt_gap_abs'.
WARNING:  Option 'mip_integral_gap_rel' deprecated, please use 'mip_opt_gap_rel'.
WARNING:  Option 'mip_integral_gap_abs' deprecated, please use 'mip_opt_gap_abs'.
WARNING:  Option 'mip_integral_gap_rel' deprecated, please use 'mip_opt_gap_rel'.
WARNING:  Option 'mip_integral_gap_abs' deprecated, please use 'mip_opt_gap_abs'.
WARNING:  Option 'mip_integral_gap_rel' deprecated, please use 'mip_opt_gap_rel'.
WARNING:  Option 'mip_integral_gap_abs' deprecated, please use 'mip_opt_gap_abs'.
WARNING:  Option 'mip_integral_gap_rel' deprecated, please use 'mip_opt_gap_rel'.
WARNING:  Option 'mip_integral_gap_abs' deprecated, please use 'mip_opt_gap_abs'.
WARNING:  Option 'mip_integral_gap_rel' deprecated, please use 'mip_opt_gap_rel'.
WARNING:  Option 'mip_integral_gap_abs' deprecated, please use 'mip_opt_gap_abs'.
WARNING:  Option 'mip_integral_gap_rel' deprecated, please use 'mip_opt_gap_rel'.
WARNING:  Option 'mip_integral_gap_abs' deprecated, please use 'mip_opt_gap_abs'.
WARNING:  Option 'mip_integral_gap_rel' deprecated, please use 'mip_opt_gap_rel'.
WARNING:  Option 'mip_integral_gap_abs' deprecated, please use 'mip_opt_gap_abs'.
WARNING:  Option 'mip_integral_gap_rel' deprecated, please use 'mip_opt_gap_rel'.
WARNING:  Option 'mip_integral_gap_abs' deprecated, please use 'mip_opt_gap_abs'.
WARNING:  Option 'mip_integral_gap_rel' deprecated, please use 'mip_opt_gap_rel'.
WARNING:  Option 'mip_integral_gap_abs' deprecated, please use 'mip_opt_gap_abs'.
WARNING:  Option 'mip_integral_gap_rel' deprecated, please use 'mip_opt_gap_rel'.
WARNING:  Option 'mip_integral_gap_abs' deprecated, please use 'mip_opt_gap_abs'.
WARNING:  Option 'mip_integral_gap_rel' deprecated, please use 'mip_opt_gap_rel'.
WARNING:  Option 'mip_integral_gap_abs' deprecated, please use 'mip_opt_gap_abs'.
WARNING:  Option 'mip_integral_gap_rel' deprecated, please use 'mip_opt_gap_rel'.
WARNING:  Option 'mip_integral_gap_abs' deprecated, please use 'mip_opt_gap_abs'.
WARNING:  Option 'mip_integral_gap_rel' deprecated, please use 'mip_opt_gap_rel'.
WARNING:  Option 'mip_integral_gap_abs' deprecated, please use 'mip_opt_gap_abs'.
WARNING:  Option 'mip_integral_gap_rel' deprecated, please use 'mip_opt_gap_rel'.
WARNING:  Option 'mip_integral_gap_abs' deprecated, please use 'mip_opt_gap_abs'.
WARNING:  Option 'mip_integral_gap_rel' deprecated, please use 'mip_opt_gap_rel'.
WARNING:  Option 'mip_integral_gap_abs' deprecated, please use 'mip_opt_gap_abs'.
WARNING:  Option 'mip_integral_gap_rel' deprecated, please use 'mip_opt_gap_rel'.
WARNING:  Option 'mip_integral_gap_abs' deprecated, please use 'mip_opt_gap_abs'.
WARNING:  Option 'mip_integral_gap_rel' deprecated, please use 'mip_opt_gap_rel'.
WARNING:  Option 'mip_integral_gap_abs' deprecated, please use 'mip_opt_gap_abs'.
WARNING:  Option 'mip_integral_gap_rel' deprecated, please use 'mip_opt_gap_rel'.
WARNING:  Option 'mip_integral_gap_abs' deprecated, please use 'mip_opt_gap_abs'.
WARNING:  Option 'mip_integral_gap_rel' deprecated, please use 'mip_opt_gap_rel'.
WARNING:  Option 'mip_integral_gap_abs' deprecated, please use 'mip_opt_gap_abs'.
WARNING:  Option 'mip_integral_gap_rel' deprecated, please use 'mip_opt_gap_rel'.
WARNING:  Option 'mip_integral_gap_abs' deprecated, please use 'mip_opt_gap_abs'.
WARNING:  Option 'mip_integral_gap_rel' deprecated, please use 'mip_opt_gap_rel'.
WARNING:  Option 'mip_integral_gap_abs' deprecated, please use 'mip_opt_gap_abs'.
WARNING:  Option 'mip_integral_gap_rel' deprecated, please use 'mip_opt_gap_rel'.
WARNING:  Option 'mip_integral_gap_abs' deprecated, please use 'mip_opt_gap_abs'.
WARNING:  Option 'mip_integral_gap_rel' deprecated, please use 'mip_opt_gap_rel'.
WARNING:  Option 'mip_integral_gap_abs' deprecated, please use 'mip_opt_gap_abs'.
WARNING:  Option 'mip_integral_gap_rel' deprecated, please use 'mip_opt_gap_rel'.
    [θ-eval 120, gravity-feasible 23] seqR_mean=4.25e-04 ok=true seq_time=0.91s
WARNING:  Option 'mip_integral_gap_abs' deprecated, please use 'mip_opt_gap_abs'.
WARNING:  Option 'mip_integral_gap_rel' deprecated, please use 'mip_opt_gap_rel'.
WARNING:  Option 'mip_integral_gap_abs' deprecated, please use 'mip_opt_gap_abs'.
WARNING:  Option 'mip_integral_gap_rel' deprecated, please use 'mip_opt_gap_rel'.
WARNING:  Option 'mip_integral_gap_abs' deprecated, please use 'mip_opt_gap_abs'.
WARNING:  Option 'mip_integral_gap_rel' deprecated, please use 'mip_opt_gap_rel'.
WARNING:  Option 'mip_integral_gap_abs' deprecated, please use 'mip_opt_gap_abs'.
WARNING:  Option 'mip_integral_gap_rel' deprecated, please use 'mip_opt_gap_rel'.
WARNING:  Option 'mip_integral_gap_abs' deprecated, please use 'mip_opt_gap_abs'.
WARNING:  Option 'mip_integral_gap_rel' deprecated, please use 'mip_opt_gap_rel'.
WARNING:  Option 'mip_integral_gap_abs' deprecated, please use 'mip_opt_gap_abs'.
WARNING:  Option 'mip_integral_gap_rel' deprecated, please use 'mip_opt_gap_rel'.
WARNING:  Option 'mip_integral_gap_abs' deprecated, please use 'mip_opt_gap_abs'.
WARNING:  Option 'mip_integral_gap_rel' deprecated, please use 'mip_opt_gap_rel'.
WARNING:  Option 'mip_integral_gap_abs' deprecated, please use 'mip_opt_gap_abs'.
WARNING:  Option 'mip_integral_gap_rel' deprecated, please use 'mip_opt_gap_rel'.
WARNING:  Option 'mip_integral_gap_abs' deprecated, please use 'mip_opt_gap_abs'.
WARNING:  Option 'mip_integral_gap_rel' deprecated, please use 'mip_opt_gap_rel'.
WARNING:  Option 'mip_integral_gap_abs' deprecated, please use 'mip_opt_gap_abs'.
WARNING:  Option 'mip_integral_gap_rel' deprecated, please use 'mip_opt_gap_rel'.
WARNING:  Option 'mip_integral_gap_abs' deprecated, please use 'mip_opt_gap_abs'.
WARNING:  Option 'mip_integral_gap_rel' deprecated, please use 'mip_opt_gap_rel'.
WARNING:  Option 'mip_integral_gap_abs' deprecated, please use 'mip_opt_gap_abs'.
WARNING:  Option 'mip_integral_gap_rel' deprecated, please use 'mip_opt_gap_rel'.
WARNING:  Option 'mip_integral_gap_abs' deprecated, please use 'mip_opt_gap_abs'.
WARNING:  Option 'mip_integral_gap_rel' deprecated, please use 'mip_opt_gap_rel'.
WARNING:  Option 'mip_integral_gap_abs' deprecated, please use 'mip_opt_gap_abs'.
WARNING:  Option 'mip_integral_gap_rel' deprecated, please use 'mip_opt_gap_rel'.
WARNING:  Option 'mip_integral_gap_abs' deprecated, please use 'mip_opt_gap_abs'.
WARNING:  Option 'mip_integral_gap_rel' deprecated, please use 'mip_opt_gap_rel'.
WARNING:  Option 'mip_integral_gap_abs' deprecated, please use 'mip_opt_gap_abs'.
WARNING:  Option 'mip_integral_gap_rel' deprecated, please use 'mip_opt_gap_rel'.
WARNING:  Option 'mip_integral_gap_abs' deprecated, please use 'mip_opt_gap_abs'.
WARNING:  Option 'mip_integral_gap_rel' deprecated, please use 'mip_opt_gap_rel'.
WARNING:  Option 'mip_integral_gap_abs' deprecated, please use 'mip_opt_gap_abs'.
WARNING:  Option 'mip_integral_gap_rel' deprecated, please use 'mip_opt_gap_rel'.
WARNING:  Option 'mip_integral_gap_abs' deprecated, please use 'mip_opt_gap_abs'.
WARNING:  Option 'mip_integral_gap_rel' deprecated, please use 'mip_opt_gap_rel'.
WARNING:  Option 'mip_integral_gap_abs' deprecated, please use 'mip_opt_gap_abs'.
WARNING:  Option 'mip_integral_gap_rel' deprecated, please use 'mip_opt_gap_rel'.
WARNING:  Option 'mip_integral_gap_abs' deprecated, please use 'mip_opt_gap_abs'.
WARNING:  Option 'mip_integral_gap_rel' deprecated, please use 'mip_opt_gap_rel'.
WARNING:  Option 'mip_integral_gap_abs' deprecated, please use 'mip_opt_gap_abs'.
WARNING:  Option 'mip_integral_gap_rel' deprecated, please use 'mip_opt_gap_rel'.
WARNING:  Option 'mip_integral_gap_abs' deprecated, please use 'mip_opt_gap_abs'.
WARNING:  Option 'mip_integral_gap_rel' deprecated, please use 'mip_opt_gap_rel'.
WARNING:  Option 'mip_integral_gap_abs' deprecated, please use 'mip_opt_gap_abs'.
WARNING:  Option 'mip_integral_gap_rel' deprecated, please use 'mip_opt_gap_rel'.
WARNING:  Option 'mip_integral_gap_abs' deprecated, please use 'mip_opt_gap_abs'.
WARNING:  Option 'mip_integral_gap_rel' deprecated, please use 'mip_opt_gap_rel'.
WARNING:  Option 'mip_integral_gap_abs' deprecated, please use 'mip_opt_gap_abs'.
WARNING:  Option 'mip_integral_gap_rel' deprecated, please use 'mip_opt_gap_rel'.
WARNING:  Option 'mip_integral_gap_abs' deprecated, please use 'mip_opt_gap_abs'.
WARNING:  Option 'mip_integral_gap_rel' deprecated, please use 'mip_opt_gap_rel'.
WARNING:  Option 'mip_integral_gap_abs' deprecated, please use 'mip_opt_gap_abs'.
WARNING:  Option 'mip_integral_gap_rel' deprecated, please use 'mip_opt_gap_rel'.
WARNING:  Option 'mip_integral_gap_abs' deprecated, please use 'mip_opt_gap_abs'.
WARNING:  Option 'mip_integral_gap_rel' deprecated, please use 'mip_opt_gap_rel'.
WARNING:  Option 'mip_integral_gap_abs' deprecated, please use 'mip_opt_gap_abs'.
WARNING:  Option 'mip_integral_gap_rel' deprecated, please use 'mip_opt_gap_rel'.
WARNING:  Option 'mip_integral_gap_abs' deprecated, please use 'mip_opt_gap_abs'.
WARNING:  Option 'mip_integral_gap_rel' deprecated, please use 'mip_opt_gap_rel'.
WARNING:  Option 'mip_integral_gap_abs' deprecated, please use 'mip_opt_gap_abs'.
WARNING:  Option 'mip_integral_gap_rel' deprecated, please use 'mip_opt_gap_rel'.
WARNING:  Option 'mip_integral_gap_abs' deprecated, please use 'mip_opt_gap_abs'.
WARNING:  Option 'mip_integral_gap_rel' deprecated, please use 'mip_opt_gap_rel'.
WARNING:  Option 'mip_integral_gap_abs' deprecated, please use 'mip_opt_gap_abs'.
WARNING:  Option 'mip_integral_gap_rel' deprecated, please use 'mip_opt_gap_rel'.
WARNING:  Option 'mip_integral_gap_abs' deprecated, please use 'mip_opt_gap_abs'.
WARNING:  Option 'mip_integral_gap_rel' deprecated, please use 'mip_opt_gap_rel'.
WARNING:  Option 'mip_integral_gap_abs' deprecated, please use 'mip_opt_gap_abs'.
WARNING:  Option 'mip_integral_gap_rel' deprecated, please use 'mip_opt_gap_rel'.
WARNING:  Option 'mip_integral_gap_abs' deprecated, please use 'mip_opt_gap_abs'.
WARNING:  Option 'mip_integral_gap_rel' deprecated, please use 'mip_opt_gap_rel'.
WARNING:  Option 'mip_integral_gap_abs' deprecated, please use 'mip_opt_gap_abs'.
WARNING:  Option 'mip_integral_gap_rel' deprecated, please use 'mip_opt_gap_rel'.
WARNING:  Option 'mip_integral_gap_abs' deprecated, please use 'mip_opt_gap_abs'.
WARNING:  Option 'mip_integral_gap_rel' deprecated, please use 'mip_opt_gap_rel'.
WARNING:  Option 'mip_integral_gap_abs' deprecated, please use 'mip_opt_gap_abs'.
WARNING:  Option 'mip_integral_gap_rel' deprecated, please use 'mip_opt_gap_rel'.
WARNING:  Option 'mip_integral_gap_abs' deprecated, please use 'mip_opt_gap_abs'.
WARNING:  Option 'mip_integral_gap_rel' deprecated, please use 'mip_opt_gap_rel'.
WARNING:  Option 'mip_integral_gap_abs' deprecated, please use 'mip_opt_gap_abs'.
WARNING:  Option 'mip_integral_gap_rel' deprecated, please use 'mip_opt_gap_rel'.
WARNING:  Option 'mip_integral_gap_abs' deprecated, please use 'mip_opt_gap_abs'.
WARNING:  Option 'mip_integral_gap_rel' deprecated, please use 'mip_opt_gap_rel'.
WARNING:  Option 'mip_integral_gap_abs' deprecated, please use 'mip_opt_gap_abs'.
WARNING:  Option 'mip_integral_gap_rel' deprecated, please use 'mip_opt_gap_rel'.
WARNING:  Option 'mip_integral_gap_abs' deprecated, please use 'mip_opt_gap_abs'.
WARNING:  Option 'mip_integral_gap_rel' deprecated, please use 'mip_opt_gap_rel'.
WARNING:  Option 'mip_integral_gap_abs' deprecated, please use 'mip_opt_gap_abs'.
WARNING:  Option 'mip_integral_gap_rel' deprecated, please use 'mip_opt_gap_rel'.
WARNING:  Option 'mip_integral_gap_abs' deprecated, please use 'mip_opt_gap_abs'.
WARNING:  Option 'mip_integral_gap_rel' deprecated, please use 'mip_opt_gap_rel'.
WARNING:  Option 'mip_integral_gap_abs' deprecated, please use 'mip_opt_gap_abs'.
WARNING:  Option 'mip_integral_gap_rel' deprecated, please use 'mip_opt_gap_rel'.
WARNING:  Option 'mip_integral_gap_abs' deprecated, please use 'mip_opt_gap_abs'.
WARNING:  Option 'mip_integral_gap_rel' deprecated, please use 'mip_opt_gap_rel'.
WARNING:  Option 'mip_integral_gap_abs' deprecated, please use 'mip_opt_gap_abs'.
WARNING:  Option 'mip_integral_gap_rel' deprecated, please use 'mip_opt_gap_rel'.
WARNING:  Option 'mip_integral_gap_abs' deprecated, please use 'mip_opt_gap_abs'.
WARNING:  Option 'mip_integral_gap_rel' deprecated, please use 'mip_opt_gap_rel'.
WARNING:  Option 'mip_integral_gap_abs' deprecated, please use 'mip_opt_gap_abs'.
WARNING:  Option 'mip_integral_gap_rel' deprecated, please use 'mip_opt_gap_rel'.
WARNING:  Option 'mip_integral_gap_abs' deprecated, please use 'mip_opt_gap_abs'.
WARNING:  Option 'mip_integral_gap_rel' deprecated, please use 'mip_opt_gap_rel'.
WARNING:  Option 'mip_integral_gap_abs' deprecated, please use 'mip_opt_gap_abs'.
WARNING:  Option 'mip_integral_gap_rel' deprecated, please use 'mip_opt_gap_rel'.
WARNING:  Option 'mip_integral_gap_abs' deprecated, please use 'mip_opt_gap_abs'.
WARNING:  Option 'mip_integral_gap_rel' deprecated, please use 'mip_opt_gap_rel'.
WARNING:  Option 'mip_integral_gap_abs' deprecated, please use 'mip_opt_gap_abs'.
WARNING:  Option 'mip_integral_gap_rel' deprecated, please use 'mip_opt_gap_rel'.
WARNING:  Option 'mip_integral_gap_abs' deprecated, please use 'mip_opt_gap_abs'.
WARNING:  Option 'mip_integral_gap_rel' deprecated, please use 'mip_opt_gap_rel'.
WARNING:  Option 'mip_integral_gap_abs' deprecated, please use 'mip_opt_gap_abs'.
WARNING:  Option 'mip_integral_gap_rel' deprecated, please use 'mip_opt_gap_rel'.
WARNING:  Option 'mip_integral_gap_abs' deprecated, please use 'mip_opt_gap_abs'.
WARNING:  Option 'mip_integral_gap_rel' deprecated, please use 'mip_opt_gap_rel'.
WARNING:  Option 'mip_integral_gap_abs' deprecated, please use 'mip_opt_gap_abs'.
WARNING:  Option 'mip_integral_gap_rel' deprecated, please use 'mip_opt_gap_rel'.
WARNING:  Option 'mip_integral_gap_abs' deprecated, please use 'mip_opt_gap_abs'.
WARNING:  Option 'mip_integral_gap_rel' deprecated, please use 'mip_opt_gap_rel'.
WARNING:  Option 'mip_integral_gap_abs' deprecated, please use 'mip_opt_gap_abs'.
WARNING:  Option 'mip_integral_gap_rel' deprecated, please use 'mip_opt_gap_rel'.
WARNING:  Option 'mip_integral_gap_abs' deprecated, please use 'mip_opt_gap_abs'.
WARNING:  Option 'mip_integral_gap_rel' deprecated, please use 'mip_opt_gap_rel'.
WARNING:  Option 'mip_integral_gap_abs' deprecated, please use 'mip_opt_gap_abs'.
WARNING:  Option 'mip_integral_gap_rel' deprecated, please use 'mip_opt_gap_rel'.
WARNING:  Option 'mip_integral_gap_abs' deprecated, please use 'mip_opt_gap_abs'.
WARNING:  Option 'mip_integral_gap_rel' deprecated, please use 'mip_opt_gap_rel'.
WARNING:  Option 'mip_integral_gap_abs' deprecated, please use 'mip_opt_gap_abs'.
WARNING:  Option 'mip_integral_gap_rel' deprecated, please use 'mip_opt_gap_rel'.
WARNING:  Option 'mip_integral_gap_abs' deprecated, please use 'mip_opt_gap_abs'.
WARNING:  Option 'mip_integral_gap_rel' deprecated, please use 'mip_opt_gap_rel'.
WARNING:  Option 'mip_integral_gap_abs' deprecated, please use 'mip_opt_gap_abs'.
WARNING:  Option 'mip_integral_gap_rel' deprecated, please use 'mip_opt_gap_rel'.
WARNING:  Option 'mip_integral_gap_abs' deprecated, please use 'mip_opt_gap_abs'.
WARNING:  Option 'mip_integral_gap_rel' deprecated, please use 'mip_opt_gap_rel'.
WARNING:  Option 'mip_integral_gap_abs' deprecated, please use 'mip_opt_gap_abs'.
WARNING:  Option 'mip_integral_gap_rel' deprecated, please use 'mip_opt_gap_rel'.
WARNING:  Option 'mip_integral_gap_abs' deprecated, please use 'mip_opt_gap_abs'.
WARNING:  Option 'mip_integral_gap_rel' deprecated, please use 'mip_opt_gap_rel'.
WARNING:  Option 'mip_integral_gap_abs' deprecated, please use 'mip_opt_gap_abs'.
WARNING:  Option 'mip_integral_gap_rel' deprecated, please use 'mip_opt_gap_rel'.
WARNING:  Option 'mip_integral_gap_abs' deprecated, please use 'mip_opt_gap_abs'.
WARNING:  Option 'mip_integral_gap_rel' deprecated, please use 'mip_opt_gap_rel'.
WARNING:  Option 'mip_integral_gap_abs' deprecated, please use 'mip_opt_gap_abs'.
WARNING:  Option 'mip_integral_gap_rel' deprecated, please use 'mip_opt_gap_rel'.
WARNING:  Option 'mip_integral_gap_abs' deprecated, please use 'mip_opt_gap_abs'.
WARNING:  Option 'mip_integral_gap_rel' deprecated, please use 'mip_opt_gap_rel'.
WARNING:  Option 'mip_integral_gap_abs' deprecated, please use 'mip_opt_gap_abs'.
WARNING:  Option 'mip_integral_gap_rel' deprecated, please use 'mip_opt_gap_rel'.
WARNING:  Option 'mip_integral_gap_abs' deprecated, please use 'mip_opt_gap_abs'.
WARNING:  Option 'mip_integral_gap_rel' deprecated, please use 'mip_opt_gap_rel'.
WARNING:  Option 'mip_integral_gap_abs' deprecated, please use 'mip_opt_gap_abs'.
WARNING:  Option 'mip_integral_gap_rel' deprecated, please use 'mip_opt_gap_rel'.
WARNING:  Option 'mip_integral_gap_abs' deprecated, please use 'mip_opt_gap_abs'.
WARNING:  Option 'mip_integral_gap_rel' deprecated, please use 'mip_opt_gap_rel'.
WARNING:  Option 'mip_integral_gap_abs' deprecated, please use 'mip_opt_gap_abs'.
WARNING:  Option 'mip_integral_gap_rel' deprecated, please use 'mip_opt_gap_rel'.
WARNING:  Option 'mip_integral_gap_abs' deprecated, please use 'mip_opt_gap_abs'.
WARNING:  Option 'mip_integral_gap_rel' deprecated, please use 'mip_opt_gap_rel'.
WARNING:  Option 'mip_integral_gap_abs' deprecated, please use 'mip_opt_gap_abs'.
WARNING:  Option 'mip_integral_gap_rel' deprecated, please use 'mip_opt_gap_rel'.
WARNING:  Option 'mip_integral_gap_abs' deprecated, please use 'mip_opt_gap_abs'.
WARNING:  Option 'mip_integral_gap_rel' deprecated, please use 'mip_opt_gap_rel'.
WARNING:  Option 'mip_integral_gap_abs' deprecated, please use 'mip_opt_gap_abs'.
WARNING:  Option 'mip_integral_gap_rel' deprecated, please use 'mip_opt_gap_rel'.
WARNING:  Option 'mip_integral_gap_abs' deprecated, please use 'mip_opt_gap_abs'.
WARNING:  Option 'mip_integral_gap_rel' deprecated, please use 'mip_opt_gap_rel'.
WARNING:  Option 'mip_integral_gap_abs' deprecated, please use 'mip_opt_gap_abs'.
WARNING:  Option 'mip_integral_gap_rel' deprecated, please use 'mip_opt_gap_rel'.
    [θ-eval 130, gravity-feasible 25] seqR_mean=2.04e-03 ok=false seq_time=4.36s
WARNING:  Option 'mip_integral_gap_abs' deprecated, please use 'mip_opt_gap_abs'.
WARNING:  Option 'mip_integral_gap_rel' deprecated, please use 'mip_opt_gap_rel'.
WARNING:  Option 'mip_integral_gap_abs' deprecated, please use 'mip_opt_gap_abs'.
WARNING:  Option 'mip_integral_gap_rel' deprecated, please use 'mip_opt_gap_rel'.
WARNING:  Option 'mip_integral_gap_abs' deprecated, please use 'mip_opt_gap_abs'.
WARNING:  Option 'mip_integral_gap_rel' deprecated, please use 'mip_opt_gap_rel'.
WARNING:  Option 'mip_integral_gap_abs' deprecated, please use 'mip_opt_gap_abs'.
WARNING:  Option 'mip_integral_gap_rel' deprecated, please use 'mip_opt_gap_rel'.
WARNING:  Option 'mip_integral_gap_abs' deprecated, please use 'mip_opt_gap_abs'.
WARNING:  Option 'mip_integral_gap_rel' deprecated, please use 'mip_opt_gap_rel'.
WARNING:  Option 'mip_integral_gap_abs' deprecated, please use 'mip_opt_gap_abs'.
WARNING:  Option 'mip_integral_gap_rel' deprecated, please use 'mip_opt_gap_rel'.
WARNING:  Option 'mip_integral_gap_abs' deprecated, please use 'mip_opt_gap_abs'.
WARNING:  Option 'mip_integral_gap_rel' deprecated, please use 'mip_opt_gap_rel'.
WARNING:  Option 'mip_integral_gap_abs' deprecated, please use 'mip_opt_gap_abs'.
WARNING:  Option 'mip_integral_gap_rel' deprecated, please use 'mip_opt_gap_rel'.
WARNING:  Option 'mip_integral_gap_abs' deprecated, please use 'mip_opt_gap_abs'.
WARNING:  Option 'mip_integral_gap_rel' deprecated, please use 'mip_opt_gap_rel'.
WARNING:  Option 'mip_integral_gap_abs' deprecated, please use 'mip_opt_gap_abs'.
WARNING:  Option 'mip_integral_gap_rel' deprecated, please use 'mip_opt_gap_rel'.
WARNING:  Option 'mip_integral_gap_abs' deprecated, please use 'mip_opt_gap_abs'.
WARNING:  Option 'mip_integral_gap_rel' deprecated, please use 'mip_opt_gap_rel'.
WARNING:  Option 'mip_integral_gap_abs' deprecated, please use 'mip_opt_gap_abs'.
WARNING:  Option 'mip_integral_gap_rel' deprecated, please use 'mip_opt_gap_rel'.
WARNING:  Option 'mip_integral_gap_abs' deprecated, please use 'mip_opt_gap_abs'.
WARNING:  Option 'mip_integral_gap_rel' deprecated, please use 'mip_opt_gap_rel'.
WARNING:  Option 'mip_integral_gap_abs' deprecated, please use 'mip_opt_gap_abs'.
WARNING:  Option 'mip_integral_gap_rel' deprecated, please use 'mip_opt_gap_rel'.
WARNING:  Option 'mip_integral_gap_abs' deprecated, please use 'mip_opt_gap_abs'.
WARNING:  Option 'mip_integral_gap_rel' deprecated, please use 'mip_opt_gap_rel'.
WARNING:  Option 'mip_integral_gap_abs' deprecated, please use 'mip_opt_gap_abs'.
WARNING:  Option 'mip_integral_gap_rel' deprecated, please use 'mip_opt_gap_rel'.
WARNING:  Option 'mip_integral_gap_abs' deprecated, please use 'mip_opt_gap_abs'.
WARNING:  Option 'mip_integral_gap_rel' deprecated, please use 'mip_opt_gap_rel'.
WARNING:  Option 'mip_integral_gap_abs' deprecated, please use 'mip_opt_gap_abs'.
WARNING:  Option 'mip_integral_gap_rel' deprecated, please use 'mip_opt_gap_rel'.
WARNING:  Option 'mip_integral_gap_abs' deprecated, please use 'mip_opt_gap_abs'.
WARNING:  Option 'mip_integral_gap_rel' deprecated, please use 'mip_opt_gap_rel'.
WARNING:  Option 'mip_integral_gap_abs' deprecated, please use 'mip_opt_gap_abs'.
WARNING:  Option 'mip_integral_gap_rel' deprecated, please use 'mip_opt_gap_rel'.
WARNING:  Option 'mip_integral_gap_abs' deprecated, please use 'mip_opt_gap_abs'.
WARNING:  Option 'mip_integral_gap_rel' deprecated, please use 'mip_opt_gap_rel'.
WARNING:  Option 'mip_integral_gap_abs' deprecated, please use 'mip_opt_gap_abs'.
WARNING:  Option 'mip_integral_gap_rel' deprecated, please use 'mip_opt_gap_rel'.
WARNING:  Option 'mip_integral_gap_abs' deprecated, please use 'mip_opt_gap_abs'.
WARNING:  Option 'mip_integral_gap_rel' deprecated, please use 'mip_opt_gap_rel'.
WARNING:  Option 'mip_integral_gap_abs' deprecated, please use 'mip_opt_gap_abs'.
WARNING:  Option 'mip_integral_gap_rel' deprecated, please use 'mip_opt_gap_rel'.
WARNING:  Option 'mip_integral_gap_abs' deprecated, please use 'mip_opt_gap_abs'.
WARNING:  Option 'mip_integral_gap_rel' deprecated, please use 'mip_opt_gap_rel'.
WARNING:  Option 'mip_integral_gap_abs' deprecated, please use 'mip_opt_gap_abs'.
WARNING:  Option 'mip_integral_gap_rel' deprecated, please use 'mip_opt_gap_rel'.
WARNING:  Option 'mip_integral_gap_abs' deprecated, please use 'mip_opt_gap_abs'.
WARNING:  Option 'mip_integral_gap_rel' deprecated, please use 'mip_opt_gap_rel'.
WARNING:  Option 'mip_integral_gap_abs' deprecated, please use 'mip_opt_gap_abs'.
WARNING:  Option 'mip_integral_gap_rel' deprecated, please use 'mip_opt_gap_rel'.
WARNING:  Option 'mip_integral_gap_abs' deprecated, please use 'mip_opt_gap_abs'.
WARNING:  Option 'mip_integral_gap_rel' deprecated, please use 'mip_opt_gap_rel'.
WARNING:  Option 'mip_integral_gap_abs' deprecated, please use 'mip_opt_gap_abs'.
WARNING:  Option 'mip_integral_gap_rel' deprecated, please use 'mip_opt_gap_rel'.
WARNING:  Option 'mip_integral_gap_abs' deprecated, please use 'mip_opt_gap_abs'.
WARNING:  Option 'mip_integral_gap_rel' deprecated, please use 'mip_opt_gap_rel'.
WARNING:  Option 'mip_integral_gap_abs' deprecated, please use 'mip_opt_gap_abs'.
WARNING:  Option 'mip_integral_gap_rel' deprecated, please use 'mip_opt_gap_rel'.
WARNING:  Option 'mip_integral_gap_abs' deprecated, please use 'mip_opt_gap_abs'.
WARNING:  Option 'mip_integral_gap_rel' deprecated, please use 'mip_opt_gap_rel'.
WARNING:  Option 'mip_integral_gap_abs' deprecated, please use 'mip_opt_gap_abs'.
WARNING:  Option 'mip_integral_gap_rel' deprecated, please use 'mip_opt_gap_rel'.
WARNING:  Option 'mip_integral_gap_abs' deprecated, please use 'mip_opt_gap_abs'.
WARNING:  Option 'mip_integral_gap_rel' deprecated, please use 'mip_opt_gap_rel'.
WARNING:  Option 'mip_integral_gap_abs' deprecated, please use 'mip_opt_gap_abs'.
WARNING:  Option 'mip_integral_gap_rel' deprecated, please use 'mip_opt_gap_rel'.
WARNING:  Option 'mip_integral_gap_abs' deprecated, please use 'mip_opt_gap_abs'.
WARNING:  Option 'mip_integral_gap_rel' deprecated, please use 'mip_opt_gap_rel'.
WARNING:  Option 'mip_integral_gap_abs' deprecated, please use 'mip_opt_gap_abs'.
WARNING:  Option 'mip_integral_gap_rel' deprecated, please use 'mip_opt_gap_rel'.
WARNING:  Option 'mip_integral_gap_abs' deprecated, please use 'mip_opt_gap_abs'.
WARNING:  Option 'mip_integral_gap_rel' deprecated, please use 'mip_opt_gap_rel'.
WARNING:  Option 'mip_integral_gap_abs' deprecated, please use 'mip_opt_gap_abs'.
WARNING:  Option 'mip_integral_gap_rel' deprecated, please use 'mip_opt_gap_rel'.
WARNING:  Option 'mip_integral_gap_abs' deprecated, please use 'mip_opt_gap_abs'.
WARNING:  Option 'mip_integral_gap_rel' deprecated, please use 'mip_opt_gap_rel'.
WARNING:  Option 'mip_integral_gap_abs' deprecated, please use 'mip_opt_gap_abs'.
WARNING:  Option 'mip_integral_gap_rel' deprecated, please use 'mip_opt_gap_rel'.
WARNING:  Option 'mip_integral_gap_abs' deprecated, please use 'mip_opt_gap_abs'.
WARNING:  Option 'mip_integral_gap_rel' deprecated, please use 'mip_opt_gap_rel'.
WARNING:  Option 'mip_integral_gap_abs' deprecated, please use 'mip_opt_gap_abs'.
WARNING:  Option 'mip_integral_gap_rel' deprecated, please use 'mip_opt_gap_rel'.
WARNING:  Option 'mip_integral_gap_abs' deprecated, please use 'mip_opt_gap_abs'.
WARNING:  Option 'mip_integral_gap_rel' deprecated, please use 'mip_opt_gap_rel'.
WARNING:  Option 'mip_integral_gap_abs' deprecated, please use 'mip_opt_gap_abs'.
WARNING:  Option 'mip_integral_gap_rel' deprecated, please use 'mip_opt_gap_rel'.
WARNING:  Option 'mip_integral_gap_abs' deprecated, please use 'mip_opt_gap_abs'.
WARNING:  Option 'mip_integral_gap_rel' deprecated, please use 'mip_opt_gap_rel'.
WARNING:  Option 'mip_integral_gap_abs' deprecated, please use 'mip_opt_gap_abs'.
WARNING:  Option 'mip_integral_gap_rel' deprecated, please use 'mip_opt_gap_rel'.
WARNING:  Option 'mip_integral_gap_abs' deprecated, please use 'mip_opt_gap_abs'.
WARNING:  Option 'mip_integral_gap_rel' deprecated, please use 'mip_opt_gap_rel'.
WARNING:  Option 'mip_integral_gap_abs' deprecated, please use 'mip_opt_gap_abs'.
WARNING:  Option 'mip_integral_gap_rel' deprecated, please use 'mip_opt_gap_rel'.
WARNING:  Option 'mip_integral_gap_abs' deprecated, please use 'mip_opt_gap_abs'.
WARNING:  Option 'mip_integral_gap_rel' deprecated, please use 'mip_opt_gap_rel'.
WARNING:  Option 'mip_integral_gap_abs' deprecated, please use 'mip_opt_gap_abs'.
WARNING:  Option 'mip_integral_gap_rel' deprecated, please use 'mip_opt_gap_rel'.
    [θ-eval 140, gravity-feasible 29] seqR_mean=-3.56e-04 ok=true seq_time=0.54s
WARNING:  Option 'mip_integral_gap_abs' deprecated, please use 'mip_opt_gap_abs'.
WARNING:  Option 'mip_integral_gap_rel' deprecated, please use 'mip_opt_gap_rel'.
WARNING:  Option 'mip_integral_gap_abs' deprecated, please use 'mip_opt_gap_abs'.
WARNING:  Option 'mip_integral_gap_rel' deprecated, please use 'mip_opt_gap_rel'.
WARNING:  Option 'mip_integral_gap_abs' deprecated, please use 'mip_opt_gap_abs'.
WARNING:  Option 'mip_integral_gap_rel' deprecated, please use 'mip_opt_gap_rel'.
---- upper bound cache stats ----
total callback invocations : 140
unique free-x points       : 140
inner solves                : 140  (warm=0 cold=140)
gradient computations      : 140
cache hits / misses         : 0 / 140
inner-solve time (s)       : 999.073
gradient time (s)          : 2.828
inner solves / unique x     : 1.0
WARNING:  Option 'mip_integral_gap_abs' deprecated, please use 'mip_opt_gap_abs'.
WARNING:  Option 'mip_integral_gap_rel' deprecated, please use 'mip_opt_gap_rel'.
WARNING:  Option 'mip_integral_gap_abs' deprecated, please use 'mip_opt_gap_abs'.
WARNING:  Option 'mip_integral_gap_rel' deprecated, please use 'mip_opt_gap_rel'.
  KNITRO:        gamma'_upper = 0.682159 -> kappa = 0.471382  (status -400)  exact R_mean(θ*) = 4.611e-04  gravity-feasible=true  wall 1002.9s
  seq timing:    dest_inversion=4274.13s (n=30123, nonconverged=0)  influence_fn=231.40s  gravity_residual=0.06s
  best-feasible: gamma'_upper = 0.682159 -> kappa = 0.471382  exact R_mean = 4.611e-04  gravity-feasible=true

=== TOTAL across this process run: dest_inversion=17990.0s (n=88569, nonconverged=0)  influence_fn=1285.0s  gravity_residual=1.3s ===
PRODUCTION_RUN DONE  D=10
